timestamp,host,gpu_name,matrix_size,mode,batches,seconds_target,seconds_gpu,seconds_wall,energy_j,avg_power_w,below_target,workload,impl,dtype,N,passes_kernel,passes_e2e,seconds_kernel,energy_kernel_j,avg_power_w_kernel,avg_power_w_e2e,bytes_total,bw_gb_s,time_mode,energy_mode,includes_transfer,device_name,driver_version,pcie_gen_current,pcie_width_current,pcie_rx_kbs,pcie_tx_kbs,clocks_sm_mhz,clocks_mem_mhz,temp_c,throttle_reasons,notes,kWh_e2e,energy_per_pass_j,kWh_per_pass,seconds_per_pass,gb_per_s_kernel,j_per_gb_kernel,M,K,flops_per_pass,joule_per_gflop,gflops,flops_per_watt
2025-10-13T13:04:10,rock-ms7a95,NVIDIA GeForce RTX 3090,0,kernel,0,1.1,0.8757,0.8757,260.03,296.9,1,stream_triad,cuda,fp32,0,54871,54871,0.8757,260.03,296.9,296.9,690436964352,788.42,kernel,kernel,0,NVIDIA GeForce RTX 3090,13000,0,0,0,0,1965,9501,55,36,sweep;repeats=50;passes=54871;grid=2624;block=256;dtype=fp32,7.22305555555555e-05,0.00473893313407811,1.316370315021697e-09,1.59592498769842e-05,788.4400643508051,0.3766165680947391,0,0,,,,
2025-10-13T13:04:11,rock-ms7a95,NVIDIA GeForce RTX 3090,0,kernel,1,1.1,0.8721,0.8721,289.162,331.6,1,stream_triad,cuda,fp32,0,54871,54871,0.8721,289.162,331.6,331.6,690436964352,791.67,kernel,kernel,0,NVIDIA GeForce RTX 3090,13000,0,0,0,0,1965,9501,56,0,sweep;repeats=50;passes=54871;grid=2624;block=256;dtype=fp32,8.03227777777778e-05,0.005269851105319749,1.463847529255486e-09,1.5893641449946238e-05,791.6947188992089,0.41881013753571106,0,0,,,,
2025-10-13T13:04:12,rock-ms7a95,NVIDIA GeForce RTX 3090,0,kernel,2,1.1,0.8721,0.8721,291.106,333.8,1,stream_triad,cuda,fp32,0,54871,54871,0.8721,291.106,333.8,333.8,690436964352,791.7,kernel,kernel,0,NVIDIA GeForce RTX 3090,13000,0,0,0,0,1965,9501,56,0,sweep;repeats=50;passes=54871;grid=2624;block=256;dtype=fp32,8.08627777777778e-05,0.005305279655920249,1.4736887933111803e-09,1.5893641449946238e-05,791.6947188992089,0.4216257457669774,0,0,,,,
2025-10-13T13:04:13,rock-ms7a95,NVIDIA GeForce RTX 3090,0,kernel,3,1.1,0.8722,0.8722,254.085,291.3,1,stream_triad,cuda,fp32,0,54871,54871,0.8722,254.085,291.3,291.3,690436964352,791.57,kernel,kernel,0,NVIDIA GeForce RTX 3090,13000,0,0,0,0,1965,9501,56,0,sweep;repeats=50;passes=54871;grid=2624;block=256;dtype=fp32,7.05791666666667e-05,0.004630588106650143,1.2862744740694842e-09,1.589546390625285e-05,791.6039490392112,0.36800607893070725,0,0,,,,
2025-10-13T13:04:13,rock-ms7a95,NVIDIA GeForce RTX 3090,0,kernel,4,1.1,0.872,0.872,287.464,329.7,1,stream_triad,cuda,fp32,0,54871,54871,0.872,287.464,329.7,329.7,690436964352,791.83,kernel,kernel,0,NVIDIA GeForce RTX 3090,13000,0,0,0,0,1965,9501,56,0,sweep;repeats=50;passes=54871;grid=2624;block=256;dtype=fp32,7.98511111111111e-05,0.005238905797233511,1.455251610342642e-09,1.5891818993639627e-05,791.7855095779817,0.41635082540778406,0,0,,,,
2025-10-13T13:04:14,rock-ms7a95,NVIDIA GeForce RTX 3090,0,kernel,5,1.1,0.8721,0.8721,289.069,331.5,1,stream_triad,cuda,fp32,0,54871,54871,0.8721,289.069,331.5,331.5,690436964352,791.72,kernel,kernel,0,NVIDIA GeForce RTX 3090,13000,0,0,0,0,1965,9501,56,0,sweep;repeats=50;passes=54871;grid=2624;block=256;dtype=fp32,8.02969444444445e-05,0.005268156220954603,1.4633767280429453e-09,1.5893641449946238e-05,791.6947188992089,0.4186754402283512,0,0,,,,
2025-10-13T13:04:15,rock-ms7a95,NVIDIA GeForce RTX 3090,0,kernel,6,1.1,0.872,0.872,290.685,333.4,1,stream_triad,cuda,fp32,0,54871,54871,0.872,290.685,333.4,333.4,690436964352,791.81,kernel,kernel,0,NVIDIA GeForce RTX 3090,13000,0,0,0,0,1965,9501,57,0,sweep;repeats=50;passes=54871;grid=2624;block=256;dtype=fp32,8.07458333333333e-05,0.0052976071148694215,1.4715575319081727e-09,1.5891818993639627e-05,791.7855095779817,0.42101598698849846,0,0,,,,
2025-10-13T13:04:16,rock-ms7a95,NVIDIA GeForce RTX 3090,0,kernel,7,1.1,0.872,0.872,259.53,297.6,1,stream_triad,cuda,fp32,0,54871,54871,0.872,259.53,297.6,297.6,690436964352,791.76,kernel,kernel,0,NVIDIA GeForce RTX 3090,13000,0,0,0,0,1965,9501,57,0,sweep;repeats=50;passes=54871;grid=2624;block=256;dtype=fp32,7.20916666666667e-05,0.00472982085254506,1.313839125706961e-09,1.5891818993639627e-05,791.7855095779817,0.37589238902291133,0,0,,,,
2025-10-13T13:04:17,rock-ms7a95,NVIDIA GeForce RTX 3090,0,kernel,8,1.1,0.8723,0.8723,260.598,298.7,1,stream_triad,cuda,fp32,0,54871,54871,0.8723,260.598,298.7,298.7,690436964352,791.5,kernel,kernel,0,NVIDIA GeForce RTX 3090,13000,0,0,0,0,1965,9501,57,0,sweep;repeats=50;passes=54871;grid=2624;block=256;dtype=fp32,7.23883333333333e-05,0.004749284685899656,1.3192457460832378e-09,1.5897286362559456e-05,791.5131999908289,0.3774392355203355,0,0,,,,
2025-10-13T13:04:18,rock-ms7a95,NVIDIA GeForce RTX 3090,0,kernel,9,1.1,0.8722,0.8722,286.668,328.7,1,stream_triad,cuda,fp32,0,54871,54871,0.8722,286.668,328.7,328.7,690436964352,791.62,kernel,kernel,0,NVIDIA GeForce RTX 3090,13000,0,0,0,0,1965,9501,57,0,sweep;repeats=50;passes=54871;grid=2624;block=256;dtype=fp32,7.963e-05,0.005224399045032895,1.451221956953582e-09,1.589546390625285e-05,791.6039490392112,0.41519793232543434,0,0,,,,
2025-10-13T13:04:19,rock-ms7a95,NVIDIA GeForce RTX 3090,0,kernel,10,1.1,0.8721,0.8721,288.619,330.9,1,stream_triad,cuda,fp32,0,54871,54871,0.8721,288.619,330.9,330.9,690436964352,791.69,kernel,kernel,0,NVIDIA GeForce RTX 3090,13000,0,0,0,0,1965,9501,57,0,sweep;repeats=50;passes=54871;grid=2624;block=256;dtype=fp32,8.01719444444445e-05,0.005259955167574858,1.4610986576596828e-09,1.5893641449946238e-05,791.6947188992089,0.41802367906370624,0,0,,,,
2025-10-13T13:04:20,rock-ms7a95,NVIDIA GeForce RTX 3090,0,kernel,11,1.1,0.872,0.872,290.145,332.7,1,stream_triad,cuda,fp32,0,54871,54871,0.872,290.145,332.7,332.7,690436964352,791.75,kernel,kernel,0,NVIDIA GeForce RTX 3090,13000,0,0,0,0,1965,9501,57,0,sweep;repeats=50;passes=54871;grid=2624;block=256;dtype=fp32,8.05958333333333e-05,0.005287765850813727,1.4688238474482573e-09,1.5891818993639627e-05,791.7855095779817,0.42023387359092446,0,0,,,,
2025-10-13T13:04:20,rock-ms7a95,NVIDIA GeForce RTX 3090,0,kernel,12,1.1,0.8721,0.8721,260.347,298.5,1,stream_triad,cuda,fp32,0,54871,54871,0.8721,260.347,298.5,298.5,690436964352,791.73,kernel,kernel,0,NVIDIA GeForce RTX 3090,13000,0,0,0,0,1965,9501,57,0,sweep;repeats=50;passes=54871;grid=2624;block=256;dtype=fp32,7.23186111111111e-05,0.004744710320570064,1.3179750890472398e-09,1.5893641449946238e-05,791.6947188992089,0.3770756976262779,0,0,,,,
2025-10-13T13:04:21,rock-ms7a95,NVIDIA GeForce RTX 3090,0,kernel,13,1.1,0.872,0.872,293.212,336.2,1,stream_triad,cuda,fp32,0,54871,54871,0.872,293.212,336.2,336.2,690436964352,791.77,kernel,kernel,0,NVIDIA GeForce RTX 3090,13000,0,0,0,0,1965,9501,57,0,sweep;repeats=50;passes=54871;grid=2624;block=256;dtype=fp32,8.14477777777778e-05,0.005343660585737457,1.4843501627048492e-09,1.5891818993639627e-05,791.7855095779817,0.4246759880175159,0,0,,,,
2025-10-13T13:04:22,rock-ms7a95,NVIDIA GeForce RTX 3090,0,kernel,14,1.1,0.872,0.872,286.966,329.1,1,stream_triad,cuda,fp32,0,54871,54871,0.872,286.966,329.1,329.1,690436964352,791.79,kernel,kernel,0,NVIDIA GeForce RTX 3090,13000,0,0,0,0,1965,9501,57,0,sweep;repeats=50;passes=54871;grid=2624;block=256;dtype=fp32,7.97127777777778e-05,0.005229829964826594,1.4527305457851649e-09,1.5891818993639627e-05,791.7855095779817,0.41562954305224364,0,0,,,,
2025-10-13T13:04:23,rock-ms7a95,NVIDIA GeForce RTX 3090,0,kernel,15,1.1,0.872,0.872,289.047,331.5,1,stream_triad,cuda,fp32,0,54871,54871,0.872,289.047,331.5,331.5,690436964352,791.75,kernel,kernel,0,NVIDIA GeForce RTX 3090,13000,0,0,0,0,1965,9501,57,0,sweep;repeats=50;passes=54871;grid=2624;block=256;dtype=fp32,8.02908333333333e-05,0.005267755280567149,1.463265355713097e-09,1.5891818993639627e-05,791.7855095779817,0.41864357634919075,0,0,,,,
2025-10-13T13:04:24,rock-ms7a95,NVIDIA GeForce RTX 3090,0,kernel,16,1.1,0.8719,0.8719,259.346,297.4,1,stream_triad,cuda,fp32,0,54871,54871,0.8719,259.346,297.4,297.4,690436964352,791.86,kernel,kernel,0,NVIDIA GeForce RTX 3090,13000,0,0,0,0,1965,9501,57,0,sweep;repeats=50;passes=54871;grid=2624;block=256;dtype=fp32,7.20405555555556e-05,0.004726467532940898,1.3129076480391382e-09,1.5889996537333017e-05,791.876321082693,0.3756258911244788,0,0,,,,
2025-10-13T13:04:25,rock-ms7a95,NVIDIA GeForce RTX 3090,0,kernel,17,1.1,0.8722,0.8722,292.331,335.2,1,stream_triad,cuda,fp32,0,54871,54871,0.8722,292.331,335.2,335.2,690436964352,791.63,kernel,kernel,0,NVIDIA GeForce RTX 3090,13000,0,0,0,0,1965,9501,57,0,sweep;repeats=50;passes=54871;grid=2624;block=256;dtype=fp32,8.12030555555556e-05,0.005327604745676223,1.479890207132284e-09,1.589546390625285e-05,791.6039490392112,0.4233999844929554,0,0,,,,
2025-10-13T13:04:26,rock-ms7a95,NVIDIA GeForce RTX 3090,0,kernel,18,1.1,0.8721,0.8721,293.876,337.0,1,stream_triad,cuda,fp32,0,54871,54871,0.8721,293.876,337.0,337.0,690436964352,791.67,kernel,kernel,0,NVIDIA GeForce RTX 3090,13000,0,0,0,0,1965,9501,58,0,sweep;repeats=50;passes=54871;grid=2624;block=256;dtype=fp32,8.16322222222222e-05,0.005355761695613347,1.4877115821148186e-09,1.5893641449946238e-05,791.6947188992089,0.42563769782490307,0,0,,,,
2025-10-13T13:04:27,rock-ms7a95,NVIDIA GeForce RTX 3090,0,kernel,19,1.1,0.8721,0.8721,287.968,330.2,1,stream_triad,cuda,fp32,0,54871,54871,0.8721,287.968,330.2,330.2,690436964352,791.7,kernel,kernel,0,NVIDIA GeForce RTX 3090,13000,0,0,0,0,1965,9501,58,0,sweep;repeats=50;passes=54871;grid=2624;block=256;dtype=fp32,7.99911111111111e-05,0.0052480909770188265,1.4578030491718963e-09,1.5893641449946238e-05,791.6947188992089,0.4170807979121865,0,0,,,,
2025-10-13T13:04:28,rock-ms7a95,NVIDIA GeForce RTX 3090,0,kernel,20,1.1,0.872,0.872,258.398,296.3,1,stream_triad,cuda,fp32,0,54871,54871,0.872,258.398,296.3,296.3,690436964352,791.76,kernel,kernel,0,NVIDIA GeForce RTX 3090,13000,0,0,0,0,1965,9501,58,0,sweep;repeats=50;passes=54871;grid=2624;block=256;dtype=fp32,7.17772222222222e-05,0.004709190647154235,1.3081085130983987e-09,1.5891818993639627e-05,791.7855095779817,0.3742528476042934,0,0,,,,
2025-10-13T13:04:28,rock-ms7a95,NVIDIA GeForce RTX 3090,0,kernel,21,1.1,0.872,0.872,291.421,334.2,1,stream_triad,cuda,fp32,0,54871,54871,0.872,291.421,334.2,334.2,690436964352,791.78,kernel,kernel,0,NVIDIA GeForce RTX 3090,13000,0,0,0,0,1965,9501,58,0,sweep;repeats=50;passes=54871;grid=2624;block=256;dtype=fp32,8.09502777777778e-05,0.005311020393286071,1.4752834425794642e-09,1.5891818993639627e-05,791.7855095779817,0.4220819785822289,0,0,,,,
2025-10-13T13:04:29,rock-ms7a95,NVIDIA GeForce RTX 3090,0,kernel,22,1.1,0.8721,0.8721,292.914,335.9,1,stream_triad,cuda,fp32,0,54871,54871,0.8721,292.914,335.9,335.9,690436964352,791.71,kernel,kernel,0,NVIDIA GeForce RTX 3090,13000,0,0,0,0,1965,9501,58,0,sweep;repeats=50;passes=54871;grid=2624;block=256;dtype=fp32,8.1365e-05,0.005338229665943758,1.4828415738732662e-09,1.5893641449946238e-05,791.6947188992089,0.4242443772907065,0,0,,,,
2025-10-13T13:04:30,rock-ms7a95,NVIDIA GeForce RTX 3090,0,kernel,23,1.1,0.8721,0.8721,294.459,337.6,1,stream_triad,cuda,fp32,0,54871,54871,0.8721,294.459,337.6,337.6,690436964352,791.67,kernel,kernel,0,NVIDIA GeForce RTX 3090,13000,0,0,0,0,1965,9501,58,0,sweep;repeats=50;passes=54871;grid=2624;block=256;dtype=fp32,8.17941666666667e-05,0.005366386615880884,1.4906629488558012e-09,1.5893641449946238e-05,791.6947188992089,0.4264820906226543,0,0,,,,
2025-10-13T13:04:31,rock-ms7a95,NVIDIA GeForce RTX 3090,0,kernel,24,1.1,0.8721,0.8721,256.673,294.3,1,stream_triad,cuda,fp32,0,54871,54871,0.8721,256.673,294.3,294.3,690436964352,791.73,kernel,kernel,0,NVIDIA GeForce RTX 3090,13000,0,0,0,0,1965,9501,58,0,sweep;repeats=50;passes=54871;grid=2624;block=256;dtype=fp32,7.12980555555556e-05,0.0046777532758652115,1.2993759099625588e-09,1.5893641449946238e-05,791.6947188992089,0.37175442980648765,0,0,,,,
2025-10-13T13:04:32,rock-ms7a95,NVIDIA GeForce RTX 3090,0,kernel,25,1.1,0.8722,0.8722,290.251,332.8,1,stream_triad,cuda,fp32,0,54871,54871,0.8722,290.251,332.8,332.8,690436964352,791.59,kernel,kernel,0,NVIDIA GeForce RTX 3090,13000,0,0,0,0,1965,9501,58,0,sweep;repeats=50;passes=54871;grid=2624;block=256;dtype=fp32,8.06252777777778e-05,0.005289697654498733,1.4693604595829814e-09,1.589546390625285e-05,791.6039490392112,0.42038739955415194,0,0,,,,
2025-10-13T13:04:33,rock-ms7a95,NVIDIA GeForce RTX 3090,0,kernel,26,1.1,0.872,0.872,291.882,334.7,1,stream_triad,cuda,fp32,0,54871,54871,0.872,291.882,334.7,334.7,690436964352,791.79,kernel,kernel,0,NVIDIA GeForce RTX 3090,13000,0,0,0,0,1965,9501,58,0,sweep;repeats=50;passes=54871;grid=2624;block=256;dtype=fp32,8.10783333333333e-05,0.0053194219168595435,1.477617199127651e-09,1.5891818993639627e-05,791.7855095779817,0.42274967168645405,0,0,,,,
2025-10-13T13:04:34,rock-ms7a95,NVIDIA GeForce RTX 3090,0,kernel,27,1.1,0.8721,0.8721,293.491,336.6,1,stream_triad,cuda,fp32,0,54871,54871,0.8721,293.491,336.6,336.6,690436964352,791.74,kernel,kernel,0,NVIDIA GeForce RTX 3090,13000,0,0,0,0,1965,9501,58,0,sweep;repeats=50;passes=54871;grid=2624;block=256;dtype=fp32,8.15252777777778e-05,0.005348745238832899,1.485762566342472e-09,1.5893641449946238e-05,791.6947188992089,0.42508007993959573,0,0,,,,
2025-10-13T13:04:35,rock-ms7a95,NVIDIA GeForce RTX 3090,0,kernel,28,1.1,0.8721,0.8721,261.887,300.3,1,stream_triad,cuda,fp32,0,54871,54871,0.8721,261.887,300.3,300.3,690436964352,791.73,kernel,kernel,0,NVIDIA GeForce RTX 3090,13000,0,0,0,0,1965,9501,58,0,sweep;repeats=50;passes=54871;grid=2624;block=256;dtype=fp32,7.27463888888889e-05,0.004772776147691859,1.3257711521366276e-09,1.5893641449946238e-05,791.6947188992089,0.3793061691675074,0,0,,,,
2025-10-13T13:04:35,rock-ms7a95,NVIDIA GeForce RTX 3090,0,kernel,29,1.1,0.8722,0.8722,288.764,331.1,1,stream_triad,cuda,fp32,0,54871,54871,0.8722,288.764,331.1,331.1,690436964352,791.6,kernel,kernel,0,NVIDIA GeForce RTX 3090,13000,0,0,0,0,1965,9501,58,0,sweep;repeats=50;passes=54871;grid=2624;block=256;dtype=fp32,8.02122222222222e-05,0.005262597729219443,1.4618327025609563e-09,1.589546390625285e-05,791.6039490392112,0.4182336909945362,0,0,,,,
2025-10-13T13:04:36,rock-ms7a95,NVIDIA GeForce RTX 3090,0,kernel,30,1.1,0.8721,0.8721,290.633,333.2,1,stream_triad,cuda,fp32,0,54871,54871,0.8721,290.633,333.2,333.2,690436964352,791.66,kernel,kernel,0,NVIDIA GeForce RTX 3090,13000,0,0,0,0,1965,9501,58,0,sweep;repeats=50;passes=54871;grid=2624;block=256;dtype=fp32,8.07313888888889e-05,0.005296659437589984,1.4712942882194398e-09,1.5893641449946238e-05,791.6947188992089,0.4209406723650283,0,0,,,,
2025-10-13T13:04:37,rock-ms7a95,NVIDIA GeForce RTX 3090,0,kernel,31,1.1,0.8722,0.8722,292.056,334.9,1,stream_triad,cuda,fp32,0,54871,54871,0.8722,292.056,334.9,334.9,690436964352,791.64,kernel,kernel,0,NVIDIA GeForce RTX 3090,13000,0,0,0,0,1965,9501,59,0,sweep;repeats=50;passes=54871;grid=2624;block=256;dtype=fp32,8.11266666666667e-05,0.005322592990833044,1.4784980530091789e-09,1.589546390625285e-05,791.6039490392112,0.4230016860034501,0,0,,,,
2025-10-13T13:04:38,rock-ms7a95,NVIDIA GeForce RTX 3090,0,kernel,32,1.1,0.8721,0.8721,293.692,336.8,1,stream_triad,cuda,fp32,0,54871,54871,0.8721,293.692,336.8,336.8,690436964352,791.71,kernel,kernel,0,NVIDIA GeForce RTX 3090,13000,0,0,0,0,1965,9501,59,0,sweep;repeats=50;passes=54871;grid=2624;block=256;dtype=fp32,8.15811111111111e-05,0.005352408376009185,1.486780104446996e-09,1.5893641449946238e-05,791.6947188992089,0.42537119992647054,0,0,,,,
2025-10-13T13:04:39,rock-ms7a95,NVIDIA GeForce RTX 3090,0,kernel,33,1.1,0.8722,0.8722,263.303,301.9,1,stream_triad,cuda,fp32,0,54871,54871,0.8722,263.303,301.9,301.9,690436964352,791.63,kernel,kernel,0,NVIDIA GeForce RTX 3090,13000,0,0,0,0,1965,9501,59,0,sweep;repeats=50;passes=54871;grid=2624;block=256;dtype=fp32,7.31397222222222e-05,0.004798582128993457,1.3329394802759604e-09,1.589546390625285e-05,791.6039490392112,0.3813570442989236,0,0,,,,
2025-10-13T13:04:40,rock-ms7a95,NVIDIA GeForce RTX 3090,0,kernel,34,1.1,0.8721,0.8721,288.865,331.2,1,stream_triad,cuda,fp32,0,54871,54871,0.8721,288.865,331.2,331.2,690436964352,791.66,kernel,kernel,0,NVIDIA GeForce RTX 3090,13000,0,0,0,0,1965,9501,59,0,sweep;repeats=50;passes=54871;grid=2624;block=256;dtype=fp32,8.02402777777778e-05,0.005264438410089119,1.462344002802533e-09,1.5893641449946238e-05,791.6947188992089,0.41837997516704545,0,0,,,,
2025-10-13T13:04:41,rock-ms7a95,NVIDIA GeForce RTX 3090,0,kernel,35,1.1,0.872,0.872,290.774,333.4,1,stream_triad,cuda,fp32,0,54871,54871,0.872,290.774,333.4,333.4,690436964352,791.74,kernel,kernel,0,NVIDIA GeForce RTX 3090,13000,0,0,0,0,1965,9501,59,0,sweep;repeats=50;passes=54871;grid=2624;block=256;dtype=fp32,8.07705555555556e-05,0.005299229100982304,1.4720080836061955e-09,1.5891818993639627e-05,791.7855095779817,0.42114489086328377,0,0,,,,
2025-10-13T13:04:42,rock-ms7a95,NVIDIA GeForce RTX 3090,0,kernel,36,1.1,0.872,0.872,292.454,335.4,1,stream_triad,cuda,fp32,0,54871,54871,0.872,292.454,335.4,335.4,690436964352,791.75,kernel,kernel,0,NVIDIA GeForce RTX 3090,13000,0,0,0,0,1965,9501,59,0,sweep;repeats=50;passes=54871;grid=2624;block=256;dtype=fp32,8.12372222222222e-05,0.005329846366933353,1.4805128797037092e-09,1.5891818993639627e-05,791.7855095779817,0.423578132544625,0,0,,,,
2025-10-13T13:04:42,rock-ms7a95,NVIDIA GeForce RTX 3090,0,kernel,37,1.1,0.872,0.872,262.197,300.7,1,stream_triad,cuda,fp32,0,54871,54871,0.872,262.197,300.7,300.7,690436964352,791.76,kernel,kernel,0,NVIDIA GeForce RTX 3090,13000,0,0,0,0,1965,9501,59,0,sweep;repeats=50;passes=54871;grid=2624;block=256;dtype=fp32,7.28325e-05,0.00477842576224235,1.3273404895117639e-09,1.5891818993639627e-05,791.7855095779817,0.37975516019204064,0,0,,,,
2025-10-13T13:04:43,rock-ms7a95,NVIDIA GeForce RTX 3090,0,kernel,38,1.1,0.872,0.872,295.523,338.9,1,stream_triad,cuda,fp32,0,54871,54871,0.872,295.523,338.9,338.9,690436964352,791.77,kernel,kernel,0,NVIDIA GeForce RTX 3090,13000,0,0,0,0,1965,9501,59,0,sweep;repeats=50;passes=54871;grid=2624;block=256;dtype=fp32,8.20897222222222e-05,0.005385777550983215,1.4960493197175597e-09,1.5891818993639627e-05,791.7855095779817,0.42802314368750377,0,0,,,,
2025-10-13T13:04:44,rock-ms7a95,NVIDIA GeForce RTX 3090,0,kernel,39,1.1,0.8722,0.8722,289.327,331.7,1,stream_triad,cuda,fp32,0,54871,54871,0.8722,289.327,331.7,331.7,690436964352,791.64,kernel,kernel,0,NVIDIA GeForce RTX 3090,13000,0,0,0,0,1965,9501,59,0,sweep;repeats=50;passes=54871;grid=2624;block=256;dtype=fp32,8.03686111111111e-05,0.005272858158225657,1.464682821729349e-09,1.589546390625285e-05,791.6039490392112,0.41904911662941424,0,0,,,,
2025-10-13T13:04:45,rock-ms7a95,NVIDIA GeForce RTX 3090,0,kernel,40,1.1,0.8721,0.8721,291.166,333.9,1,stream_triad,cuda,fp32,0,54871,54871,0.8721,291.166,333.9,333.9,690436964352,791.71,kernel,kernel,0,NVIDIA GeForce RTX 3090,13000,0,0,0,0,1965,9501,59,0,sweep;repeats=50;passes=54871;grid=2624;block=256;dtype=fp32,8.08794444444445e-05,0.005306373129704215,1.4739925360289486e-09,1.5893641449946238e-05,791.6947188992089,0.4217126472555967,0,0,,,,
2025-10-13T13:04:46,rock-ms7a95,NVIDIA GeForce RTX 3090,0,kernel,41,1.1,0.8722,0.8722,260.99,299.2,1,stream_triad,cuda,fp32,0,54871,54871,0.8722,260.99,299.2,299.2,690436964352,791.58,kernel,kernel,0,NVIDIA GeForce RTX 3090,13000,0,0,0,0,1965,9501,59,0,sweep;repeats=50;passes=54871;grid=2624;block=256;dtype=fp32,7.24972222222222e-05,0.004756428714621567,1.3212301985059907e-09,1.589546390625285e-05,791.6039490392112,0.3780069919126484,0,0,,,,
2025-10-13T13:04:47,rock-ms7a95,NVIDIA GeForce RTX 3090,0,kernel,42,1.1,0.8724,0.8724,293.936,336.9,1,stream_triad,cuda,fp32,0,54871,54871,0.8724,293.936,336.9,336.9,690436964352,791.44,kernel,kernel,0,NVIDIA GeForce RTX 3090,13000,0,0,0,0,1965,9501,59,0,sweep;repeats=50;passes=54871;grid=2624;block=256;dtype=fp32,8.16488888888889e-05,0.005356855169397314,1.488015324832587e-09,1.5899108818866066e-05,791.4224717469051,0.4257245993135224,0,0,,,,
2025-10-13T13:04:48,rock-ms7a95,NVIDIA GeForce RTX 3090,0,kernel,43,1.1,0.8722,0.8722,295.292,338.6,1,stream_triad,cuda,fp32,0,54871,54871,0.8722,295.292,338.6,338.6,690436964352,791.64,kernel,kernel,0,NVIDIA GeForce RTX 3090,13000,0,0,0,0,1965,9501,59,0,sweep;repeats=50;passes=54871;grid=2624;block=256;dtype=fp32,8.20255555555556e-05,0.005381567676914945,1.4948799102541516e-09,1.589546390625285e-05,791.6039490392112,0.4276885729563193,0,0,,,,
2025-10-13T13:04:49,rock-ms7a95,NVIDIA GeForce RTX 3090,0,kernel,44,1.1,0.8722,0.8722,295.558,338.9,1,stream_triad,cuda,fp32,0,54871,54871,0.8722,295.558,338.9,338.9,690436964352,791.64,kernel,kernel,0,NVIDIA GeForce RTX 3090,13000,0,0,0,0,1965,9501,59,0,sweep;repeats=50;passes=54871;grid=2624;block=256;dtype=fp32,8.20994444444444e-05,0.005386415410690529,1.4962265029695913e-09,1.589546390625285e-05,791.6039490392112,0.42807383622253165,0,0,,,,
2025-10-13T13:04:49,rock-ms7a95,NVIDIA GeForce RTX 3090,0,kernel,45,1.1,0.8722,0.8722,257.876,295.7,1,stream_triad,cuda,fp32,0,54871,54871,0.8722,257.876,295.7,295.7,690436964352,791.64,kernel,kernel,0,NVIDIA GeForce RTX 3090,13000,0,0,0,0,1965,9501,59,0,sweep;repeats=50;passes=54871;grid=2624;block=256;dtype=fp32,7.16322222222222e-05,0.0046996774252337295,1.3054659514538138e-09,1.589546390625285e-05,791.6039490392112,0.37349680465330515,0,0,,,,
2025-10-13T13:04:50,rock-ms7a95,NVIDIA GeForce RTX 3090,0,kernel,46,1.1,0.8723,0.8723,291.762,334.5,1,stream_triad,cuda,fp32,0,54871,54871,0.8723,291.762,334.5,334.5,690436964352,791.55,kernel,kernel,0,NVIDIA GeForce RTX 3090,13000,0,0,0,0,1965,9501,59,0,sweep;repeats=50;passes=54871;grid=2624;block=256;dtype=fp32,8.1045e-05,0.005317234969291611,1.4770097136921143e-09,1.5897286362559456e-05,791.5131999908289,0.42257586870921543,0,0,,,,
2025-10-13T13:04:51,rock-ms7a95,NVIDIA GeForce RTX 3090,0,kernel,47,1.1,0.8721,0.8721,293.189,336.2,1,stream_triad,cuda,fp32,0,54871,54871,0.8721,293.189,336.2,336.2,690436964352,791.69,kernel,kernel,0,NVIDIA GeForce RTX 3090,13000,0,0,0,0,1965,9501,60,0,sweep;repeats=50;passes=54871;grid=2624;block=256;dtype=fp32,8.14413888888889e-05,0.005343241420786937,1.4842337279963713e-09,1.5893641449946238e-05,791.6947188992089,0.4246426757802118,0,0,,,,
2025-10-13T13:04:52,rock-ms7a95,NVIDIA GeForce RTX 3090,0,kernel,48,1.1,0.8721,0.8721,294.644,337.8,1,stream_triad,cuda,fp32,0,54871,54871,0.8721,294.644,337.8,337.8,690436964352,791.67,kernel,kernel,0,NVIDIA GeForce RTX 3090,13000,0,0,0,0,1965,9501,60,0,sweep;repeats=50;passes=54871;grid=2624;block=256;dtype=fp32,8.18455555555556e-05,0.005369758160048113,1.4915994889022537e-09,1.5893641449946238e-05,791.6947188992089,0.4267500368792306,0,0,,,,
2025-10-13T13:04:53,rock-ms7a95,NVIDIA GeForce RTX 3090,0,kernel,49,1.1,0.8722,0.8722,262.765,301.3,1,stream_triad,cuda,fp32,0,54871,54871,0.8722,262.765,301.3,301.3,690436964352,791.63,kernel,kernel,0,NVIDIA GeForce RTX 3090,13000,0,0,0,0,1965,9501,60,0,sweep;repeats=50;passes=54871;grid=2624;block=256;dtype=fp32,7.29902777777778e-05,0.004788777314063895,1.3302159205733042e-09,1.589546390625285e-05,791.6039490392112,0.3805778276176369,0,0,,,,
2025-10-13T13:04:54,rock-ms7a95,NVIDIA GeForce RTX 3090,0,kernel,0,1.1,1.0811,1.0811,363.36,336.1,1,stream_triad,cuda,fp32,0,17121,17121,1.0811,363.36,336.1,336.1,861728145408,797.06,kernel,kernel,0,NVIDIA GeForce RTX 3090,13000,0,0,0,0,1965,9501,60,0,sweep;repeats=50;passes=17121;grid=2624;block=256;dtype=fp32,0.0001009333333333,0.02122305940073594,5.895294277982205e-09,6.314467612873079e-05,797.0845855221535,0.42166430554262674,0,0,,,,
2025-10-13T13:04:55,rock-ms7a95,NVIDIA GeForce RTX 3090,0,kernel,1,1.1,1.0811,1.0811,340.967,315.4,1,stream_triad,cuda,fp32,0,17121,17121,1.0811,340.967,315.4,315.4,861728145408,797.08,kernel,kernel,0,NVIDIA GeForce RTX 3090,13000,0,0,0,0,1950,9501,60,0,sweep;repeats=50;passes=17121;grid=2624;block=256;dtype=fp32,9.47130555555556e-05,0.0199151334618305,5.531981517175138e-09,6.314467612873079e-05,797.0845855221535,0.39567815188230077,0,0,,,,
2025-10-13T13:04:56,rock-ms7a95,NVIDIA GeForce RTX 3090,0,kernel,2,1.1,1.0812,1.0812,361.527,334.4,1,stream_triad,cuda,fp32,0,17121,17121,1.0812,361.527,334.4,334.4,861728145408,797.03,kernel,kernel,0,NVIDIA GeForce RTX 3090,13000,0,0,0,0,1950,9501,60,0,sweep;repeats=50;passes=17121;grid=2624;block=256;dtype=fp32,0.0001004241666666,0.02111599789731908,5.865554971477523e-09,6.315051690905904e-05,797.0108633074362,0.41953718458253303,0,0,,,,
2025-10-13T13:04:57,rock-ms7a95,NVIDIA GeForce RTX 3090,0,kernel,3,1.1,1.0813,1.0813,373.259,345.2,1,stream_triad,cuda,fp32,0,17121,17121,1.0813,373.259,345.2,345.2,861728145408,796.92,kernel,kernel,0,NVIDIA GeForce RTX 3090,13000,0,0,0,0,1950,9501,60,0,sweep;repeats=50;passes=17121;grid=2624;block=256;dtype=fp32,0.0001036830555555,0.02180123824542959,6.055899512619331e-09,6.31563576893873e-05,796.9371547285675,0.4331516870941637,0,0,,,,
2025-10-13T13:04:58,rock-ms7a95,NVIDIA GeForce RTX 3090,0,kernel,4,1.1,1.0813,1.0813,372.109,344.1,1,stream_triad,cuda,fp32,0,17121,17121,1.0813,372.109,344.1,344.1,861728145408,796.97,kernel,kernel,0,NVIDIA GeForce RTX 3090,13000,0,0,0,0,1950,9501,60,0,sweep;repeats=50;passes=17121;grid=2624;block=256;dtype=fp32,0.0001033636111111,0.021734069271654693,6.037241464348526e-09,6.31563576893873e-05,796.9371547285675,0.4318171594869036,0,0,,,,
2025-10-13T13:04:59,rock-ms7a95,NVIDIA GeForce RTX 3090,0,kernel,5,1.1,1.0813,1.0813,370.856,343.0,1,stream_triad,cuda,fp32,0,17121,17121,1.0813,370.856,343.0,343.0,861728145408,796.95,kernel,kernel,0,NVIDIA GeForce RTX 3090,13000,0,0,0,0,1950,9501,60,0,sweep;repeats=50;passes=17121;grid=2624;block=256;dtype=fp32,0.0001030155555555,0.021660884294141695,6.016912303928249e-09,6.31563576893873e-05,796.9371547285675,0.43036310462438454,0,0,,,,
2025-10-13T13:05:01,rock-ms7a95,NVIDIA GeForce RTX 3090,0,kernel,6,1.1,1.0813,1.0813,369.486,341.7,1,stream_triad,cuda,fp32,0,17121,17121,1.0813,369.486,341.7,341.7,861728145408,796.93,kernel,kernel,0,NVIDIA GeForce RTX 3090,13000,0,0,0,0,1950,9501,60,0,sweep;repeats=50;passes=17121;grid=2624;block=256;dtype=fp32,0.000102635,0.021580865603644646,5.994684889901291e-09,6.31563576893873e-05,796.9371547285675,0.4287732760835617,0,0,,,,
2025-10-13T13:05:02,rock-ms7a95,NVIDIA GeForce RTX 3090,0,kernel,7,1.1,1.0813,1.0813,373.94,345.8,1,stream_triad,cuda,fp32,0,17121,17121,1.0813,373.94,345.8,345.8,861728145408,796.92,kernel,kernel,0,NVIDIA GeForce RTX 3090,13000,0,0,0,0,1950,9501,60,0,sweep;repeats=50;passes=17121;grid=2624;block=256;dtype=fp32,0.0001038722222222,0.021841013959464986,6.066948322073607e-09,6.31563576893873e-05,796.9371547285675,0.4339419595294194,0,0,,,,
2025-10-13T13:05:03,rock-ms7a95,NVIDIA GeForce RTX 3090,0,kernel,8,1.1,1.0813,1.0813,339.958,314.4,1,stream_triad,cuda,fp32,0,17121,17121,1.0813,339.958,314.4,314.4,861728145408,796.97,kernel,kernel,0,NVIDIA GeForce RTX 3090,13000,0,0,0,0,1950,9501,60,0,sweep;repeats=50;passes=17121;grid=2624;block=256;dtype=fp32,9.44327777777778e-05,0.019856199988318442,5.515611107866234e-09,6.31563576893873e-05,796.9371547285675,0.3945072489642787,0,0,,,,
2025-10-13T13:05:04,rock-ms7a95,NVIDIA GeForce RTX 3090,0,kernel,9,1.1,1.0812,1.0812,371.423,343.5,1,stream_triad,cuda,fp32,0,17121,17121,1.0812,371.423,343.5,343.5,861728145408,797.05,kernel,kernel,0,NVIDIA GeForce RTX 3090,13000,0,0,0,0,1950,9501,60,0,sweep;repeats=50;passes=17121;grid=2624;block=256;dtype=fp32,0.0001031730555555,0.021694001518602884,6.026111532945245e-09,6.315051690905904e-05,797.0108633074362,0.43102108475770323,0,0,,,,
2025-10-13T13:05:05,rock-ms7a95,NVIDIA GeForce RTX 3090,0,kernel,10,1.1,1.0812,1.0812,370.049,342.3,1,stream_triad,cuda,fp32,0,17121,17121,1.0812,370.049,342.3,342.3,861728145408,797.0,kernel,kernel,0,NVIDIA GeForce RTX 3090,13000,0,0,0,0,1950,9501,60,0,sweep;repeats=50;passes=17121;grid=2624;block=256;dtype=fp32,0.0001027913888888,0.021613749196892705,6.0038192213590845e-09,6.315051690905904e-05,797.0108633074362,0.42942661438172464,0,0,,,,
2025-10-13T13:05:06,rock-ms7a95,NVIDIA GeForce RTX 3090,0,kernel,11,1.1,1.0813,1.0813,374.467,346.3,1,stream_triad,cuda,fp32,0,17121,17121,1.0813,374.467,346.3,346.3,861728145408,796.96,kernel,kernel,0,NVIDIA GeForce RTX 3090,13000,0,0,0,0,1950,9501,61,0,sweep;repeats=50;passes=17121;grid=2624;block=256;dtype=fp32,0.0001040186111111,0.021871794871794872,6.075498575498576e-09,6.31563576893873e-05,796.9371547285675,0.4345535213111812,0,0,,,,
2025-10-13T13:05:07,rock-ms7a95,NVIDIA GeForce RTX 3090,0,kernel,12,1.1,1.0812,1.0812,373.271,345.2,1,stream_triad,cuda,fp32,0,17121,17121,1.0812,373.271,345.2,345.2,861728145408,797.01,kernel,kernel,0,NVIDIA GeForce RTX 3090,13000,0,0,0,0,1950,9501,61,0,sweep;repeats=50;passes=17121;grid=2624;block=256;dtype=fp32,0.0001036863888888,0.02180193913906898,6.0560942052969396e-09,6.315051690905904e-05,797.0108633074362,0.43316561259963077,0,0,,,,
2025-10-13T13:05:08,rock-ms7a95,NVIDIA GeForce RTX 3090,0,kernel,13,1.1,1.0812,1.0812,371.743,343.8,1,stream_triad,cuda,fp32,0,17121,17121,1.0812,371.743,343.8,343.8,861728145408,797.0,kernel,kernel,0,NVIDIA GeForce RTX 3090,13000,0,0,0,0,1950,9501,61,0,sweep;repeats=50;passes=17121;grid=2624;block=256;dtype=fp32,0.0001032619444444,0.02171269201565329,6.0313033376814694e-09,6.315051690905904e-05,797.0108633074362,0.4313924315701582,0,0,,,,
2025-10-13T13:05:09,rock-ms7a95,NVIDIA GeForce RTX 3090,0,kernel,14,1.1,1.0812,1.0812,337.609,312.3,1,stream_triad,cuda,fp32,0,17121,17121,1.0812,337.609,312.3,312.3,861728145408,797.03,kernel,kernel,0,NVIDIA GeForce RTX 3090,13000,0,0,0,0,1950,9501,61,0,sweep;repeats=50;passes=17121;grid=2624;block=256;dtype=fp32,9.37802777777778e-05,0.019719000058407803,5.47750001622439e-09,6.315051690905904e-05,797.0108633074362,0.3917813312691013,0,0,,,,
2025-10-13T13:05:10,rock-ms7a95,NVIDIA GeForce RTX 3090,0,kernel,15,1.1,1.0812,1.0812,341.791,316.1,1,stream_triad,cuda,fp32,0,17121,17121,1.0812,341.791,316.1,316.1,861728145408,796.98,kernel,kernel,0,NVIDIA GeForce RTX 3090,13000,0,0,0,0,1950,9501,61,0,sweep;repeats=50;passes=17121;grid=2624;block=256;dtype=fp32,9.49419444444444e-05,0.019963261491735294,5.545350414370915e-09,6.315051690905904e-05,797.0108633074362,0.39663436992437234,0,0,,,,
2025-10-13T13:05:11,rock-ms7a95,NVIDIA GeForce RTX 3090,0,kernel,16,1.1,1.0812,1.0812,373.606,345.6,1,stream_triad,cuda,fp32,0,17121,17121,1.0812,373.606,345.6,345.6,861728145408,797.03,kernel,kernel,0,NVIDIA GeForce RTX 3090,13000,0,0,0,0,1950,9501,61,0,sweep;repeats=50;passes=17121;grid=2624;block=256;dtype=fp32,0.0001037794444444,0.021821505753168623,6.061529375880173e-09,6.315051690905904e-05,797.0108633074362,0.4335543662939195,0,0,,,,
2025-10-13T13:05:12,rock-ms7a95,NVIDIA GeForce RTX 3090,0,kernel,17,1.1,1.0812,1.0812,372.421,344.5,1,stream_triad,cuda,fp32,0,17121,17121,1.0812,372.421,344.5,344.5,861728145408,797.01,kernel,kernel,0,NVIDIA GeForce RTX 3090,13000,0,0,0,0,1950,9501,61,0,sweep;repeats=50;passes=17121;grid=2624;block=256;dtype=fp32,0.0001034502777777,0.021752292506278838,6.0423034739663435e-09,6.315051690905904e-05,797.0108633074362,0.4321792226290472,0,0,,,,
2025-10-13T13:05:14,rock-ms7a95,NVIDIA GeForce RTX 3090,0,kernel,18,1.1,1.0812,1.0812,370.75,342.9,1,stream_triad,cuda,fp32,0,17121,17121,1.0812,370.75,342.9,342.9,861728145408,797.02,kernel,kernel,0,NVIDIA GeForce RTX 3090,13000,0,0,0,0,1950,9501,61,0,sweep;repeats=50;passes=17121;grid=2624;block=256;dtype=fp32,0.0001029861111111,0.02165469306699375,6.015192518609375e-09,6.315051690905904e-05,797.0108633074362,0.43024009599275886,0,0,,,,
2025-10-13T13:05:15,rock-ms7a95,NVIDIA GeForce RTX 3090,0,kernel,19,1.1,1.0812,1.0812,375.415,347.2,1,stream_triad,cuda,fp32,0,17121,17121,1.0812,375.415,347.2,347.2,861728145408,796.97,kernel,kernel,0,NVIDIA GeForce RTX 3090,13000,0,0,0,0,1950,9501,61,0,sweep;repeats=50;passes=17121;grid=2624;block=256;dtype=fp32,0.0001042819444444,0.0219271654693067,6.090879297029638e-09,6.315051690905904e-05,797.0108633074362,0.43565363624307907,0,0,,,,
2025-10-13T13:05:16,rock-ms7a95,NVIDIA GeForce RTX 3090,0,kernel,20,1.1,1.0813,1.0813,374.123,346.0,1,stream_triad,cuda,fp32,0,17121,17121,1.0813,374.123,346.0,346.0,861728145408,796.96,kernel,kernel,0,NVIDIA GeForce RTX 3090,13000,0,0,0,0,1950,9501,61,0,sweep;repeats=50;passes=17121;grid=2624;block=256;dtype=fp32,0.0001039230555555,0.021851702587465684,6.0699173854071345e-09,6.31563576893873e-05,796.9371547285675,0.4341543234877921,0,0,,,,
2025-10-13T13:05:17,rock-ms7a95,NVIDIA GeForce RTX 3090,0,kernel,21,1.1,1.0812,1.0812,340.019,314.5,1,stream_triad,cuda,fp32,0,17121,17121,1.0812,340.019,314.5,314.5,861728145408,797.0,kernel,kernel,0,NVIDIA GeForce RTX 3090,13000,0,0,0,0,1950,9501,61,0,sweep;repeats=50;passes=17121;grid=2624;block=256;dtype=fp32,9.44497222222222e-05,0.019859762864318672,5.516600795644075e-09,6.315051690905904e-05,797.0108633074362,0.3945780369504029,0,0,,,,
2025-10-13T13:05:18,rock-ms7a95,NVIDIA GeForce RTX 3090,0,kernel,22,1.1,1.0812,1.0812,369.964,342.2,1,stream_triad,cuda,fp32,0,17121,17121,1.0812,369.964,342.2,342.2,861728145408,797.03,kernel,kernel,0,NVIDIA GeForce RTX 3090,13000,0,0,0,0,1950,9501,61,0,sweep;repeats=50;passes=17121;grid=2624;block=256;dtype=fp32,0.0001027677777777,0.02160878453361369,6.002440148226025e-09,6.315051690905904e-05,797.0108633074362,0.4293279753846663,0,0,,,,
2025-10-13T13:05:19,rock-ms7a95,NVIDIA GeForce RTX 3090,0,kernel,23,1.1,1.0814,1.0814,374.859,346.6,1,stream_triad,cuda,fp32,0,17121,17121,1.0814,374.859,346.6,346.6,861728145408,796.86,kernel,kernel,0,NVIDIA GeForce RTX 3090,13000,0,0,0,0,1950,9501,61,0,sweep;repeats=50;passes=17121;grid=2624;block=256;dtype=fp32,0.0001041275,0.021894690730681617,6.08185853630045e-09,6.316219846971555e-05,796.8634597817644,0.4350084211564385,0,0,,,,
2025-10-13T13:05:20,rock-ms7a95,NVIDIA GeForce RTX 3090,0,kernel,24,1.1,1.0812,1.0812,373.685,345.6,1,stream_triad,cuda,fp32,0,17121,17121,1.0812,373.685,345.6,345.6,861728145408,797.01,kernel,kernel,0,NVIDIA GeForce RTX 3090,13000,0,0,0,0,1950,9501,61,0,sweep;repeats=50;passes=17121;grid=2624;block=256;dtype=fp32,0.0001038013888888,0.021826119969627942,6.062811102674428e-09,6.315051690905904e-05,797.0108633074362,0.43364604253824435,0,0,,,,
2025-10-13T13:05:21,rock-ms7a95,NVIDIA GeForce RTX 3090,0,kernel,25,1.1,1.0813,1.0813,372.368,344.4,1,stream_triad,cuda,fp32,0,17121,17121,1.0813,372.368,344.4,344.4,861728145408,796.94,kernel,kernel,0,NVIDIA GeForce RTX 3090,13000,0,0,0,0,1950,9501,61,0,sweep;repeats=50;passes=17121;grid=2624;block=256;dtype=fp32,0.0001034355555555,0.021749196892704867,6.041443581306908e-09,6.31563576893873e-05,796.9371547285675,0.4321177183132343,0,0,,,,
2025-10-13T13:05:22,rock-ms7a95,NVIDIA GeForce RTX 3090,0,kernel,26,1.1,1.0814,1.0814,376.566,348.2,1,stream_triad,cuda,fp32,0,17121,17121,1.0814,376.566,348.2,348.2,861728145408,796.9,kernel,kernel,0,NVIDIA GeForce RTX 3090,13000,0,0,0,0,1950,9501,61,0,sweep;repeats=50;passes=17121;grid=2624;block=256;dtype=fp32,0.0001046016666666,0.021994392850884878,6.109553569690244e-09,6.316219846971555e-05,796.8634597817644,0.436989324309128,0,0,,,,
2025-10-13T13:05:23,rock-ms7a95,NVIDIA GeForce RTX 3090,0,kernel,27,1.1,1.0812,1.0812,375.028,346.9,1,stream_triad,cuda,fp32,0,17121,17121,1.0812,375.028,346.9,346.9,861728145408,797.0,kernel,kernel,0,NVIDIA GeForce RTX 3090,13000,0,0,0,0,1950,9501,61,0,sweep;repeats=50;passes=17121;grid=2624;block=256;dtype=fp32,0.0001041744444444,0.021904561649436365,6.0846004581767684e-09,6.315051690905904e-05,797.0108633074362,0.43520453869176634,0,0,,,,
2025-10-13T13:05:24,rock-ms7a95,NVIDIA GeForce RTX 3090,0,kernel,28,1.1,1.0812,1.0812,340.677,315.1,1,stream_triad,cuda,fp32,0,17121,17121,1.0812,340.677,315.1,315.1,861728145408,796.99,kernel,kernel,0,NVIDIA GeForce RTX 3090,13000,0,0,0,0,1950,9501,61,0,sweep;repeats=50;passes=17121;grid=2624;block=256;dtype=fp32,9.46325e-05,0.01989819519887857,5.527276444132936e-09,6.315051690905904e-05,797.0108633074362,0.3953416188335135,0,0,,,,
2025-10-13T13:05:25,rock-ms7a95,NVIDIA GeForce RTX 3090,0,kernel,29,1.1,1.0812,1.0812,372.24,344.3,1,stream_triad,cuda,fp32,0,17121,17121,1.0812,372.24,344.3,344.3,861728145408,796.99,kernel,kernel,0,NVIDIA GeForce RTX 3090,13000,0,0,0,0,1950,9501,61,0,sweep;repeats=50;passes=17121;grid=2624;block=256;dtype=fp32,0.0001034,0.021741720693884702,6.039366859412418e-09,6.315051690905904e-05,797.0108633074362,0.43196917958825237,0,0,,,,
2025-10-13T13:05:27,rock-ms7a95,NVIDIA GeForce RTX 3090,0,kernel,30,1.1,1.0812,1.0812,376.832,348.5,1,stream_triad,cuda,fp32,0,17121,17121,1.0812,376.832,348.5,348.5,861728145408,797.0,kernel,kernel,0,NVIDIA GeForce RTX 3090,13000,0,0,0,0,1950,9501,61,0,sweep;repeats=50;passes=17121;grid=2624;block=256;dtype=fp32,0.0001046755555555,0.022009929326558028,6.11386925737723e-09,6.315051690905904e-05,797.0108633074362,0.43729800634698124,0,0,,,,
2025-10-13T13:05:28,rock-ms7a95,NVIDIA GeForce RTX 3090,0,kernel,31,1.1,1.0812,1.0812,375.518,347.3,1,stream_triad,cuda,fp32,0,17121,17121,1.0812,375.518,347.3,347.3,861728145408,797.0,kernel,kernel,0,NVIDIA GeForce RTX 3090,13000,0,0,0,0,1950,9501,61,0,sweep;repeats=50;passes=17121;grid=2624;block=256;dtype=fp32,0.0001043105555555,0.021933181473044797,6.09255040917911e-09,6.315051690905904e-05,797.0108633074362,0.435773163498338,0,0,,,,
2025-10-13T13:05:29,rock-ms7a95,NVIDIA GeForce RTX 3090,0,kernel,32,1.1,1.0813,1.0813,374.271,346.1,1,stream_triad,cuda,fp32,0,17121,17121,1.0813,374.271,346.1,346.1,861728145408,796.97,kernel,kernel,0,NVIDIA GeForce RTX 3090,13000,0,0,0,0,1950,9501,62,0,sweep;repeats=50;passes=17121;grid=2624;block=256;dtype=fp32,0.0001039641666666,0.021860346942351498,6.072318595097638e-09,6.31563576893873e-05,796.9371547285675,0.43432607138855256,0,0,,,,
2025-10-13T13:05:30,rock-ms7a95,NVIDIA GeForce RTX 3090,0,kernel,33,1.1,1.0813,1.0813,372.499,344.5,1,stream_triad,cuda,fp32,0,17121,17121,1.0813,372.499,344.5,344.5,861728145408,796.93,kernel,kernel,0,NVIDIA GeForce RTX 3090,13000,0,0,0,0,1950,9501,62,0,sweep;repeats=50;passes=17121;grid=2624;block=256;dtype=fp32,0.0001034719444444,0.021756848314934876,6.0435689763707985e-09,6.31563576893873e-05,796.9371547285675,0.4322697384145831,0,0,,,,
2025-10-13T13:05:31,rock-ms7a95,NVIDIA GeForce RTX 3090,0,kernel,34,1.1,1.0812,1.0812,377.456,349.1,1,stream_triad,cuda,fp32,0,17121,17121,1.0812,377.456,349.1,349.1,861728145408,796.99,kernel,kernel,0,NVIDIA GeForce RTX 3090,13000,0,0,0,0,1950,9501,62,0,sweep;repeats=50;passes=17121;grid=2624;block=256;dtype=fp32,0.0001048488888888,0.02204637579580632,6.123993276612866e-09,6.315051690905904e-05,797.0108633074362,0.4380221326312685,0,0,,,,
2025-10-13T13:05:32,rock-ms7a95,NVIDIA GeForce RTX 3090,0,kernel,35,1.1,1.0811,1.0811,343.081,317.3,1,stream_triad,cuda,fp32,0,17121,17121,1.0811,343.081,317.3,317.3,861728145408,797.06,kernel,kernel,0,NVIDIA GeForce RTX 3090,13000,0,0,0,0,1950,9501,62,0,sweep;repeats=50;passes=17121;grid=2624;block=256;dtype=fp32,9.53002777777778e-05,0.020038607557969747,5.5662798772138185e-09,6.314467612873079e-05,797.0845855221535,0.39813136176208147,0,0,,,,
2025-10-13T13:05:33,rock-ms7a95,NVIDIA GeForce RTX 3090,0,kernel,36,1.1,1.0811,1.0811,374.48,346.4,1,stream_triad,cuda,fp32,0,17121,17121,1.0811,374.48,346.4,346.4,861728145408,797.1,kernel,kernel,0,NVIDIA GeForce RTX 3090,13000,0,0,0,0,1950,9501,62,0,sweep;repeats=50;passes=17121;grid=2624;block=256;dtype=fp32,0.0001040222222222,0.021872554173237545,6.075709492565985e-09,6.314467612873079e-05,797.0845855221535,0.4345686072754372,0,0,,,,
2025-10-13T13:05:34,rock-ms7a95,NVIDIA GeForce RTX 3090,0,kernel,37,1.1,1.0812,1.0812,372.865,344.9,1,stream_triad,cuda,fp32,0,17121,17121,1.0812,372.865,344.9,344.9,861728145408,797.02,kernel,kernel,0,NVIDIA GeForce RTX 3090,13000,0,0,0,0,1950,9501,62,0,sweep;repeats=50;passes=17121;grid=2624;block=256;dtype=fp32,0.0001035736111111,0.02177822557093628,6.049507103037855e-09,6.315051690905904e-05,797.0108633074362,0.43269446633132846,0,0,,,,
2025-10-13T13:05:35,rock-ms7a95,NVIDIA GeForce RTX 3090,0,kernel,38,1.1,1.0813,1.0813,377.266,348.9,1,stream_triad,cuda,fp32,0,17121,17121,1.0813,377.266,348.9,348.9,861728145408,796.94,kernel,kernel,0,NVIDIA GeForce RTX 3090,13000,0,0,0,0,1950,9501,62,0,sweep;repeats=50;passes=17121;grid=2624;block=256;dtype=fp32,0.0001047961111111,0.02203527831318264,6.1209106425507335e-09,6.31563576893873e-05,796.9371547285675,0.43780164546137335,0,0,,,,
2025-10-13T13:05:36,rock-ms7a95,NVIDIA GeForce RTX 3090,0,kernel,39,1.1,1.0813,1.0813,376.235,348.0,1,stream_triad,cuda,fp32,0,17121,17121,1.0813,376.235,348.0,348.0,861728145408,796.95,kernel,kernel,0,NVIDIA GeForce RTX 3090,13000,0,0,0,0,1950,9501,62,0,sweep;repeats=50;passes=17121;grid=2624;block=256;dtype=fp32,0.0001045097222222,0.021975059867998366,6.1041832966662125e-09,6.31563576893873e-05,796.9371547285675,0.43660521244999495,0,0,,,,
2025-10-13T13:05:37,rock-ms7a95,NVIDIA GeForce RTX 3090,0,kernel,40,1.1,1.0812,1.0812,374.806,346.6,1,stream_triad,cuda,fp32,0,17121,17121,1.0812,374.806,346.6,346.6,861728145408,796.99,kernel,kernel,0,NVIDIA GeForce RTX 3090,13000,0,0,0,0,1950,9501,62,0,sweep;repeats=50;passes=17121;grid=2624;block=256;dtype=fp32,0.0001041127777777,0.021891595117107646,6.080998643641013e-09,6.315051690905904e-05,797.0108633074362,0.4349469168406257,0,0,,,,
2025-10-13T13:05:38,rock-ms7a95,NVIDIA GeForce RTX 3090,0,kernel,41,1.1,1.0812,1.0812,339.665,314.2,1,stream_triad,cuda,fp32,0,17121,17121,1.0812,339.665,314.2,314.2,861728145408,797.02,kernel,kernel,0,NVIDIA GeForce RTX 3090,13000,0,0,0,0,1950,9501,62,0,sweep;repeats=50;passes=17121;grid=2624;block=256;dtype=fp32,9.43513888888889e-05,0.019839086501956663,5.510857361654629e-09,6.315051690905904e-05,797.0108633074362,0.3941672345391246,0,0,,,,
2025-10-13T13:05:40,rock-ms7a95,NVIDIA GeForce RTX 3090,0,kernel,42,1.1,1.0811,1.0811,344.395,318.6,1,stream_triad,cuda,fp32,0,17121,17121,1.0811,344.395,318.6,318.6,861728145408,797.08,kernel,kernel,0,NVIDIA GeForce RTX 3090,13000,0,0,0,0,1950,9501,62,0,sweep;repeats=50;passes=17121;grid=2624;block=256;dtype=fp32,9.56652777777778e-05,0.020115355411482974,5.587598725411938e-09,6.314467612873079e-05,797.0845855221535,0.3996562046107247,0,0,,,,
2025-10-13T13:05:41,rock-ms7a95,NVIDIA GeForce RTX 3090,0,kernel,43,1.1,1.0812,1.0812,376.735,348.5,1,stream_triad,cuda,fp32,0,17121,17121,1.0812,376.735,348.5,348.5,861728145408,797.04,kernel,kernel,0,NVIDIA GeForce RTX 3090,13000,0,0,0,0,1950,9501,62,0,sweep;repeats=50;passes=17121;grid=2624;block=256;dtype=fp32,0.0001046486111111,0.022004263769639626,6.112295491566563e-09,6.315051690905904e-05,797.0108633074362,0.43718544184445585,0,0,,,,
2025-10-13T13:05:42,rock-ms7a95,NVIDIA GeForce RTX 3090,0,kernel,44,1.1,1.0812,1.0812,375.192,347.0,1,stream_triad,cuda,fp32,0,17121,17121,1.0812,375.192,347.0,347.0,861728145408,797.02,kernel,kernel,0,NVIDIA GeForce RTX 3090,13000,0,0,0,0,1950,9501,62,0,sweep;repeats=50;passes=17121;grid=2624;block=256;dtype=fp32,0.00010422,0.0219141405291747,6.087261258104083e-09,6.315051690905904e-05,797.0108633074362,0.43539485393314953,0,0,,,,
2025-10-13T13:05:43,rock-ms7a95,NVIDIA GeForce RTX 3090,0,kernel,45,1.1,1.0812,1.0812,373.939,345.9,1,stream_triad,cuda,fp32,0,17121,17121,1.0812,373.939,345.9,345.9,861728145408,797.01,kernel,kernel,0,NVIDIA GeForce RTX 3090,13000,0,0,0,0,1950,9501,62,0,sweep;repeats=50;passes=17121;grid=2624;block=256;dtype=fp32,0.0001038719444444,0.021840955551661705,6.066932097683807e-09,6.315051690905904e-05,797.0108633074362,0.4339407990706305,0,0,,,,
2025-10-13T13:05:44,rock-ms7a95,NVIDIA GeForce RTX 3090,0,kernel,46,1.1,1.0812,1.0812,377.917,349.5,1,stream_triad,cuda,fp32,0,17121,17121,1.0812,377.917,349.5,349.5,861728145408,796.99,kernel,kernel,0,NVIDIA GeForce RTX 3090,13000,0,0,0,0,1950,9501,62,0,sweep;repeats=50;passes=17121;grid=2624;block=256;dtype=fp32,0.0001049769444444,0.02207330179311956,6.131472720310989e-09,6.315051690905904e-05,797.0108633074362,0.4385571041329614,0,0,,,,
2025-10-13T13:05:45,rock-ms7a95,NVIDIA GeForce RTX 3090,0,kernel,47,1.1,1.0812,1.0812,376.591,348.3,1,stream_triad,cuda,fp32,0,17121,17121,1.0812,376.591,348.3,348.3,861728145408,797.01,kernel,kernel,0,NVIDIA GeForce RTX 3090,13000,0,0,0,0,1950,9501,62,0,sweep;repeats=50;passes=17121;grid=2624;block=256;dtype=fp32,0.0001046086111111,0.02199585304596694,6.109959179435262e-09,6.315051690905904e-05,797.0108633074362,0.43701833577885113,0,0,,,,
2025-10-13T13:05:46,rock-ms7a95,NVIDIA GeForce RTX 3090,0,kernel,48,1.1,1.0811,1.0811,342.232,316.5,1,stream_triad,cuda,fp32,0,17121,17121,1.0811,342.232,316.5,316.5,861728145408,797.05,kernel,kernel,0,NVIDIA GeForce RTX 3090,13000,0,0,0,0,1950,9501,62,0,sweep;repeats=50;passes=17121;grid=2624;block=256;dtype=fp32,9.50644444444445e-05,0.019989019332982888,5.552505370273024e-09,6.314467612873079e-05,797.0845855221535,0.3971461322502869,0,0,,,,
2025-10-13T13:05:47,rock-ms7a95,NVIDIA GeForce RTX 3090,0,kernel,49,1.1,1.0812,1.0812,374.061,346.0,1,stream_triad,cuda,fp32,0,17121,17121,1.0812,374.061,346.0,346.0,861728145408,797.0,kernel,kernel,0,NVIDIA GeForce RTX 3090,13000,0,0,0,0,1950,9501,62,0,sweep;repeats=50;passes=17121;grid=2624;block=256;dtype=fp32,0.0001039058333333,0.021848081303662167,6.068911473239491e-09,6.315051690905904e-05,797.0108633074362,0.43408237504287894,0,0,,,,
2025-10-13T13:05:48,rock-ms7a95,NVIDIA GeForce RTX 3090,0,kernel,0,1.1,1.1203,1.1203,397.389,354.7,0,stream_triad,cuda,fp32,0,4586,4586,1.1203,397.389,354.7,354.7,923283750912,824.13,kernel,kernel,0,NVIDIA GeForce RTX 3090,13000,0,0,0,0,1950,9501,62,4,sweep;repeats=50;passes=4586;grid=2624;block=256;dtype=fp32,0.0001103858333333,0.08665263846489316,2.407017735135921e-08,0.00024428696031399914,824.1397401695974,0.43040831121252554,0,0,,,,
2025-10-13T13:05:50,rock-ms7a95,NVIDIA GeForce RTX 3090,0,kernel,1,1.1,1.1203,1.1203,376.599,336.2,0,stream_triad,cuda,fp32,0,4586,4586,1.1203,376.599,336.2,336.2,923283750912,824.17,kernel,kernel,0,NVIDIA GeForce RTX 3090,13000,0,0,0,0,1950,9501,62,4,sweep;repeats=50;passes=4586;grid=2624;block=256;dtype=fp32,0.0001046108333333,0.0821192760575665,2.2810910015990694e-08,0.00024428696031399914,824.1397401695974,0.40789085655195767,0,0,,,,
2025-10-13T13:05:51,rock-ms7a95,NVIDIA GeForce RTX 3090,0,kernel,2,1.1,1.1204,1.1204,374.008,333.8,0,stream_triad,cuda,fp32,0,4586,4586,1.1204,374.008,333.8,333.8,923283750912,824.05,kernel,kernel,0,NVIDIA GeForce RTX 3090,13000,0,0,0,0,1950,9501,62,4,sweep;repeats=50;passes=4586;grid=2624;block=256;dtype=fp32,0.0001038911111111,0.08155429568251199,2.2653971022919996e-08,0.0002443087658089839,824.066182534809,0.4050845686719417,0,0,,,,
2025-10-13T13:05:52,rock-ms7a95,NVIDIA GeForce RTX 3090,0,kernel,3,1.1,1.1204,1.1204,378.449,337.8,0,stream_triad,cuda,fp32,0,4586,4586,1.1204,378.449,337.8,337.8,923283750912,824.05,kernel,kernel,0,NVIDIA GeForce RTX 3090,13000,0,0,0,0,1950,9501,62,4,sweep;repeats=50;passes=4586;grid=2624;block=256;dtype=fp32,0.0001051247222222,0.08252267771478412,2.292296603188448e-08,0.0002443087658089839,824.066182534809,0.409894574258646,0,0,,,,
2025-10-13T13:05:53,rock-ms7a95,NVIDIA GeForce RTX 3090,0,kernel,4,1.1,1.1203,1.1203,412.563,368.3,0,stream_triad,cuda,fp32,0,4586,4586,1.1203,412.563,368.3,368.3,923283750912,824.15,kernel,kernel,0,NVIDIA GeForce RTX 3090,13000,0,0,0,0,1950,9501,62,4,sweep;repeats=50;passes=4586;grid=2624;block=256;dtype=fp32,0.0001146008333333,0.08996140427387701,2.4989278964965836e-08,0.00024428696031399914,824.1397401695974,0.44684312876997895,0,0,,,,
2025-10-13T13:05:54,rock-ms7a95,NVIDIA GeForce RTX 3090,0,kernel,5,1.1,1.1203,1.1203,377.598,337.1,0,stream_triad,cuda,fp32,0,4586,4586,1.1203,377.598,337.1,337.1,923283750912,824.17,kernel,kernel,0,NVIDIA GeForce RTX 3090,13000,0,0,0,0,1950,9501,62,4,sweep;repeats=50;passes=4586;grid=2624;block=256;dtype=fp32,0.0001048883333333,0.08233711295246403,2.287142026457334e-08,0.00024428696031399914,824.1397401695974,0.4089728641135694,0,0,,,,
2025-10-13T13:05:55,rock-ms7a95,NVIDIA GeForce RTX 3090,0,kernel,6,1.1,1.1203,1.1203,375.051,334.8,0,stream_triad,cuda,fp32,0,4586,4586,1.1203,375.051,334.8,334.8,923283750912,824.12,kernel,kernel,0,NVIDIA GeForce RTX 3090,13000,0,0,0,0,1950,9501,62,4,sweep;repeats=50;passes=4586;grid=2624;block=256;dtype=fp32,0.0001041808333333,0.0817817269952028,2.2717146387556333e-08,0.00024428696031399914,824.1397401695974,0.40621423222225306,0,0,,,,
2025-10-13T13:05:56,rock-ms7a95,NVIDIA GeForce RTX 3090,0,kernel,7,1.1,1.1202,1.1202,378.509,337.9,0,stream_triad,cuda,fp32,0,4586,4586,1.1202,378.509,337.9,337.9,923283750912,824.18,kernel,kernel,0,NVIDIA GeForce RTX 3090,13000,0,0,0,0,1950,9501,62,4,sweep;repeats=50;passes=4586;grid=2624;block=256;dtype=fp32,0.0001051413888888,0.08253576101177497,2.29266002810486e-08,0.0002442651548190144,824.2133109373325,0.40995955969778186,0,0,,,,
2025-10-13T13:05:57,rock-ms7a95,NVIDIA GeForce RTX 3090,0,kernel,8,1.1,1.1203,1.1203,412.48,368.2,0,stream_triad,cuda,fp32,0,4586,4586,1.1203,412.48,368.2,368.2,923283750912,824.12,kernel,kernel,0,NVIDIA GeForce RTX 3090,13000,0,0,0,0,1950,9501,62,4,sweep;repeats=50;passes=4586;grid=2624;block=256;dtype=fp32,0.0001145777777777,0.08994330571303968,2.498425158695547e-08,0.00024428696031399914,824.1397401695974,0.44675323224584107,0,0,,,,
2025-10-13T13:05:59,rock-ms7a95,NVIDIA GeForce RTX 3090,0,kernel,9,1.1,1.1203,1.1203,378.133,337.5,0,stream_triad,cuda,fp32,0,4586,4586,1.1203,378.133,337.5,337.5,923283750912,824.1,kernel,kernel,0,NVIDIA GeForce RTX 3090,13000,0,0,0,0,1950,9501,62,4,sweep;repeats=50;passes=4586;grid=2624;block=256;dtype=fp32,0.0001050369444444,0.08245377235063235,2.290382565295343e-08,0.00024428696031399914,824.1397401695974,0.4095523176125306,0,0,,,,
2025-10-13T13:06:00,rock-ms7a95,NVIDIA GeForce RTX 3090,0,kernel,10,1.1,1.1206,1.1206,375.245,334.9,0,stream_triad,cuda,fp32,0,4586,4586,1.1206,375.245,334.9,334.9,923283750912,823.95,kernel,kernel,0,NVIDIA GeForce RTX 3090,13000,0,0,0,0,1950,9501,62,4,sweep;repeats=50;passes=4586;grid=2624;block=256;dtype=fp32,0.0001042347222222,0.08182402965547318,2.2728897126520327e-08,0.00024435237679895335,823.9191066500089,0.4064243518087923,0,0,,,,
2025-10-13T13:06:01,rock-ms7a95,NVIDIA GeForce RTX 3090,0,kernel,11,1.1,1.1204,1.1204,378.67,338.0,0,stream_triad,cuda,fp32,0,4586,4586,1.1204,378.67,338.0,338.0,923283750912,824.08,kernel,kernel,0,NVIDIA GeForce RTX 3090,13000,0,0,0,0,1950,9501,62,4,sweep;repeats=50;passes=4586;grid=2624;block=256;dtype=fp32,0.0001051861111111,0.0825708678587004,2.2936352182972332e-08,0.0002443087658089839,824.066182534809,0.41013393729279635,0,0,,,,
2025-10-13T13:06:02,rock-ms7a95,NVIDIA GeForce RTX 3090,0,kernel,12,1.1,1.1203,1.1203,413.0,368.6,0,stream_triad,cuda,fp32,0,4586,4586,1.1203,413.0,368.6,368.6,923283750912,824.12,kernel,kernel,0,NVIDIA GeForce RTX 3090,13000,0,0,0,0,1950,9501,63,4,sweep;repeats=50;passes=4586;grid=2624;block=256;dtype=fp32,0.0001147222222222,0.09005669428696031,2.501574841304453e-08,0.00024428696031399914,824.1397401695974,0.44731643938501836,0,0,,,,
2025-10-13T13:06:03,rock-ms7a95,NVIDIA GeForce RTX 3090,0,kernel,13,1.1,1.1205,1.1205,377.84,337.2,0,stream_triad,cuda,fp32,0,4586,4586,1.1205,377.84,337.2,337.2,923283750912,824.03,kernel,kernel,0,NVIDIA GeForce RTX 3090,13000,0,0,0,0,1950,9501,63,4,sweep;repeats=50;passes=4586;grid=2624;block=256;dtype=fp32,0.0001049555555555,0.08238988225032708,2.2886078402868632e-08,0.0002443305713039686,823.9926380294511,0.40923497205141723,0,0,,,,
2025-10-13T13:06:04,rock-ms7a95,NVIDIA GeForce RTX 3090,0,kernel,14,1.1,1.1202,1.1202,375.246,335.0,0,stream_triad,cuda,fp32,0,4586,4586,1.1202,375.246,335.0,335.0,923283750912,824.21,kernel,kernel,0,NVIDIA GeForce RTX 3090,13000,0,0,0,0,1950,9501,63,4,sweep;repeats=50;passes=4586;grid=2624;block=256;dtype=fp32,0.000104235,0.08182424771042303,2.272895769733973e-08,0.0002442651548190144,824.2133109373325,0.4064254348994445,0,0,,,,
2025-10-13T13:06:05,rock-ms7a95,NVIDIA GeForce RTX 3090,0,kernel,15,1.1,1.1205,1.1205,372.977,332.9,0,stream_triad,cuda,fp32,0,4586,4586,1.1205,372.977,332.9,332.9,923283750912,824.01,kernel,kernel,0,NVIDIA GeForce RTX 3090,13000,0,0,0,0,1950,9501,63,4,sweep;repeats=50;passes=4586;grid=2624;block=256;dtype=fp32,0.0001036047222222,0.08132948102921936,2.2591522508116488e-08,0.0002443305713039686,823.9926380294511,0.40396790220945755,0,0,,,,
2025-10-13T13:06:06,rock-ms7a95,NVIDIA GeForce RTX 3090,0,kernel,16,1.1,1.1204,1.1204,413.108,368.7,0,stream_triad,cuda,fp32,0,4586,4586,1.1204,413.108,368.7,368.7,923283750912,824.09,kernel,kernel,0,NVIDIA GeForce RTX 3090,13000,0,0,0,0,1950,9501,63,4,sweep;repeats=50;passes=4586;grid=2624;block=256;dtype=fp32,0.0001147522222222,0.09008024422154383,2.5022290061539952e-08,0.0002443087658089839,824.066182534809,0.44743341317546287,0,0,,,,
2025-10-13T13:06:08,rock-ms7a95,NVIDIA GeForce RTX 3090,0,kernel,17,1.1,1.1203,1.1203,378.168,337.6,0,stream_triad,cuda,fp32,0,4586,4586,1.1203,378.168,337.6,337.6,923283750912,824.13,kernel,kernel,0,NVIDIA GeForce RTX 3090,13000,0,0,0,0,1950,9501,63,4,sweep;repeats=50;passes=4586;grid=2624;block=256;dtype=fp32,0.0001050466666666,0.08246140427387702,2.2905945631632504e-08,0.00024428696031399914,824.1397401695974,0.40959022578535986,0,0,,,,
2025-10-13T13:06:09,rock-ms7a95,NVIDIA GeForce RTX 3090,0,kernel,18,1.1,1.1203,1.1203,375.74,335.4,0,stream_triad,cuda,fp32,0,4586,4586,1.1203,375.74,335.4,335.4,923283750912,824.15,kernel,kernel,0,NVIDIA GeForce RTX 3090,13000,0,0,0,0,1950,9501,63,4,sweep;repeats=50;passes=4586;grid=2624;block=256;dtype=fp32,0.0001043722222222,0.08193196685564763,2.275887968212434e-08,0.00024428696031399914,824.1397401695974,0.40696048168166293,0,0,,,,
2025-10-13T13:06:10,rock-ms7a95,NVIDIA GeForce RTX 3090,0,kernel,19,1.1,1.1203,1.1203,374.411,334.2,0,stream_triad,cuda,fp32,0,4586,4586,1.1203,374.411,334.2,334.2,923283750912,824.12,kernel,kernel,0,NVIDIA GeForce RTX 3090,13000,0,0,0,0,1950,9501,63,4,sweep;repeats=50;passes=4586;grid=2624;block=256;dtype=fp32,0.0001040030555555,0.08164217182730048,2.2678381063139022e-08,0.00024428696031399914,824.1397401695974,0.4055210542048041,0,0,,,,
2025-10-13T13:06:11,rock-ms7a95,NVIDIA GeForce RTX 3090,0,kernel,20,1.1,1.1204,1.1204,412.742,368.4,0,stream_triad,cuda,fp32,0,4586,4586,1.1204,412.742,368.4,368.4,923283750912,824.08,kernel,kernel,0,NVIDIA GeForce RTX 3090,13000,0,0,0,0,1950,9501,63,4,sweep;repeats=50;passes=4586;grid=2624;block=256;dtype=fp32,0.0001146505555555,0.0900004361098997,2.5000121141638806e-08,0.0002443087658089839,824.066182534809,0.44703700199673424,0,0,,,,
2025-10-13T13:06:12,rock-ms7a95,NVIDIA GeForce RTX 3090,0,kernel,21,1.1,1.1204,1.1204,378.212,337.6,0,stream_triad,cuda,fp32,0,4586,4586,1.1204,378.212,337.6,337.6,923283750912,824.1,kernel,kernel,0,NVIDIA GeForce RTX 3090,13000,0,0,0,0,1950,9501,63,4,sweep;repeats=50;passes=4586;grid=2624;block=256;dtype=fp32,0.0001050588888888,0.0824709986916703,2.290861074768619e-08,0.0002443087658089839,824.066182534809,0.40963788177405946,0,0,,,,
2025-10-13T13:06:13,rock-ms7a95,NVIDIA GeForce RTX 3090,0,kernel,22,1.1,1.1204,1.1204,375.572,335.2,0,stream_triad,cuda,fp32,0,4586,4586,1.1204,375.572,335.2,335.2,923283750912,824.08,kernel,kernel,0,NVIDIA GeForce RTX 3090,13000,0,0,0,0,1950,9501,63,4,sweep;repeats=50;passes=4586;grid=2624;block=256;dtype=fp32,0.0001043255555555,0.08189533362407327,2.2748703784464796e-08,0.0002443087658089839,824.066182534809,0.40677852245208257,0,0,,,,
2025-10-13T13:06:14,rock-ms7a95,NVIDIA GeForce RTX 3090,0,kernel,23,1.1,1.1204,1.1204,374.379,334.1,0,stream_triad,cuda,fp32,0,4586,4586,1.1204,374.379,334.1,334.1,923283750912,824.07,kernel,kernel,0,NVIDIA GeForce RTX 3090,13000,0,0,0,0,1950,9501,63,4,sweep;repeats=50;passes=4586;grid=2624;block=256;dtype=fp32,0.0001039941666666,0.08163519406890536,2.2676442796918156e-08,0.0002443087658089839,824.066182534809,0.4054863953039317,0,0,,,,
2025-10-13T13:06:15,rock-ms7a95,NVIDIA GeForce RTX 3090,0,kernel,24,1.1,1.1204,1.1204,412.585,368.2,0,stream_triad,cuda,fp32,0,4586,4586,1.1204,412.585,368.2,368.2,923283750912,824.05,kernel,kernel,0,NVIDIA GeForce RTX 3090,13000,0,0,0,0,1950,9501,63,4,sweep;repeats=50;passes=4586;grid=2624;block=256;dtype=fp32,0.0001146069444444,0.08996620148277365,2.4990611522992682e-08,0.0002443087658089839,824.066182534809,0.44686695676432875,0,0,,,,
2025-10-13T13:06:17,rock-ms7a95,NVIDIA GeForce RTX 3090,0,kernel,25,1.1,1.1203,1.1203,379.074,338.4,0,stream_triad,cuda,fp32,0,4586,4586,1.1203,379.074,338.4,338.4,923283750912,824.15,kernel,kernel,0,NVIDIA GeForce RTX 3090,13000,0,0,0,0,1950,9501,63,4,sweep;repeats=50;passes=4586;grid=2624;block=256;dtype=fp32,0.0001052983333333,0.08265896205843873,2.296082279401076e-08,0.00024428696031399914,824.1397401695974,0.41057150591631103,0,0,,,,
2025-10-13T13:06:18,rock-ms7a95,NVIDIA GeForce RTX 3090,0,kernel,26,1.1,1.1204,1.1204,376.323,335.9,0,stream_triad,cuda,fp32,0,4586,4586,1.1204,376.323,335.9,335.9,923283750912,824.1,kernel,kernel,0,NVIDIA GeForce RTX 3090,13000,0,0,0,0,1950,9501,63,4,sweep;repeats=50;passes=4586;grid=2624;block=256;dtype=fp32,0.0001045341666666,0.08205909289140863,2.279419246983573e-08,0.0002443087658089839,824.066182534809,0.4075919235319328,0,0,,,,
2025-10-13T13:06:19,rock-ms7a95,NVIDIA GeForce RTX 3090,0,kernel,27,1.1,1.1202,1.1202,375.117,334.9,0,stream_triad,cuda,fp32,0,4586,4586,1.1202,375.117,334.9,334.9,923283750912,824.2,kernel,kernel,0,NVIDIA GeForce RTX 3090,13000,0,0,0,0,1950,9501,63,4,sweep;repeats=50;passes=4586;grid=2624;block=256;dtype=fp32,0.0001041991666666,0.08179611862189272,2.2721144061636865e-08,0.0002442651548190144,824.2133109373325,0.4062857162053025,0,0,,,,
2025-10-13T13:06:20,rock-ms7a95,NVIDIA GeForce RTX 3090,0,kernel,28,1.1,1.1203,1.1203,413.443,369.0,0,stream_triad,cuda,fp32,0,4586,4586,1.1203,413.443,369.0,369.0,923283750912,824.11,kernel,kernel,0,NVIDIA GeForce RTX 3090,13000,0,0,0,0,1950,9501,63,4,sweep;repeats=50;passes=4586;grid=2624;block=256;dtype=fp32,0.0001148452777777,0.0901532926297427,2.5042581286039638e-08,0.00024428696031399914,824.1397401695974,0.44779624854397126,0,0,,,,
2025-10-13T13:06:21,rock-ms7a95,NVIDIA GeForce RTX 3090,0,kernel,29,1.1,1.1203,1.1203,379.57,338.8,0,stream_triad,cuda,fp32,0,4586,4586,1.1203,379.57,338.8,338.8,923283750912,824.16,kernel,kernel,0,NVIDIA GeForce RTX 3090,13000,0,0,0,0,1950,9501,63,4,sweep;repeats=50;passes=4586;grid=2624;block=256;dtype=fp32,0.0001054361111111,0.08276711731356301,2.299086592043417e-08,0.00024428696031399914,824.1397401695974,0.4111087188798339,0,0,,,,
2025-10-13T13:06:22,rock-ms7a95,NVIDIA GeForce RTX 3090,0,kernel,30,1.1,1.1204,1.1204,376.46,336.0,0,stream_triad,cuda,fp32,0,4586,4586,1.1204,376.46,336.0,336.0,923283750912,824.09,kernel,kernel,0,NVIDIA GeForce RTX 3090,13000,0,0,0,0,1950,9501,63,4,sweep;repeats=50;passes=4586;grid=2624;block=256;dtype=fp32,0.0001045722222222,0.08208896641953772,2.2802490672093812e-08,0.0002443087658089839,824.066182534809,0.407740306951293,0,0,,,,
2025-10-13T13:06:23,rock-ms7a95,NVIDIA GeForce RTX 3090,0,kernel,31,1.1,1.1202,1.1202,375.636,335.3,0,stream_triad,cuda,fp32,0,4586,4586,1.1202,375.636,335.3,335.3,923283750912,824.23,kernel,kernel,0,NVIDIA GeForce RTX 3090,13000,0,0,0,0,1950,9501,63,4,sweep;repeats=50;passes=4586;grid=2624;block=256;dtype=fp32,0.0001043433333333,0.0819092891408635,2.275258031690653e-08,0.0002442651548190144,824.2133109373325,0.40684784025382753,0,0,,,,
2025-10-13T13:06:24,rock-ms7a95,NVIDIA GeForce RTX 3090,0,kernel,32,1.1,1.1204,1.1204,413.619,369.2,0,stream_triad,cuda,fp32,0,4586,4586,1.1204,413.619,369.2,369.2,923283750912,824.09,kernel,kernel,0,NVIDIA GeForce RTX 3090,13000,0,0,0,0,1950,9501,63,4,sweep;repeats=50;passes=4586;grid=2624;block=256;dtype=fp32,0.0001148941666666,0.09019167030091584,2.5053241750254397e-08,0.0002443087658089839,824.066182534809,0.4479868724987698,0,0,,,,
2025-10-13T13:06:26,rock-ms7a95,NVIDIA GeForce RTX 3090,0,kernel,33,1.1,1.1203,1.1203,379.043,338.3,0,stream_triad,cuda,fp32,0,4586,4586,1.1203,379.043,338.3,338.3,923283750912,824.13,kernel,kernel,0,NVIDIA GeForce RTX 3090,13000,0,0,0,0,1950,9501,63,4,sweep;repeats=50;passes=4586;grid=2624;block=256;dtype=fp32,0.0001052897222222,0.08265220235499346,2.2958945098609296e-08,0.00024428696031399914,824.1397401695974,0.4105379301060908,0,0,,,,
2025-10-13T13:06:27,rock-ms7a95,NVIDIA GeForce RTX 3090,0,kernel,34,1.1,1.1203,1.1203,376.846,336.4,0,stream_triad,cuda,fp32,0,4586,4586,1.1203,376.846,336.4,336.4,923283750912,824.15,kernel,kernel,0,NVIDIA GeForce RTX 3090,13000,0,0,0,0,1950,9501,63,4,sweep;repeats=50;passes=4586;grid=2624;block=256;dtype=fp32,0.0001046794444444,0.0821731356301788,2.2825871008383003e-08,0.00024428696031399914,824.1397401695974,0.40815837994306686,0,0,,,,
2025-10-13T13:06:28,rock-ms7a95,NVIDIA GeForce RTX 3090,0,kernel,35,1.1,1.1204,1.1204,375.24,334.9,0,stream_triad,cuda,fp32,0,4586,4586,1.1204,375.24,334.9,334.9,923283750912,824.08,kernel,kernel,0,NVIDIA GeForce RTX 3090,13000,0,0,0,0,1950,9501,63,4,sweep;repeats=50;passes=4586;grid=2624;block=256;dtype=fp32,0.0001042333333333,0.08182293938072395,2.272859427242332e-08,0.0002443087658089839,824.066182534809,0.40641893635553095,0,0,,,,
2025-10-13T13:06:29,rock-ms7a95,NVIDIA GeForce RTX 3090,0,kernel,36,1.1,1.1204,1.1204,407.585,363.8,0,stream_triad,cuda,fp32,0,4586,4586,1.1204,407.585,363.8,363.8,923283750912,824.07,kernel,kernel,0,NVIDIA GeForce RTX 3090,13000,0,0,0,0,1950,9501,63,4,sweep;repeats=50;passes=4586;grid=2624;block=256;dtype=fp32,0.0001132180555555,0.08887592673353685,2.468775742598246e-08,0.0002443087658089839,824.066182534809,0.44145150350300894,0,0,,,,
2025-10-13T13:06:30,rock-ms7a95,NVIDIA GeForce RTX 3090,0,kernel,37,1.1,1.1203,1.1203,379.817,339.0,0,stream_triad,cuda,fp32,0,4586,4586,1.1203,379.817,339.0,339.0,923283750912,824.12,kernel,kernel,0,NVIDIA GeForce RTX 3090,13000,0,0,0,0,1950,9501,63,4,sweep;repeats=50;passes=4586;grid=2624;block=256;dtype=fp32,0.0001055047222222,0.08282097688617532,2.3005826912826478e-08,0.00024428696031399914,824.1397401695974,0.4113762422709431,0,0,,,,
2025-10-13T13:06:31,rock-ms7a95,NVIDIA GeForce RTX 3090,0,kernel,38,1.1,1.1204,1.1204,376.814,336.3,0,stream_triad,cuda,fp32,0,4586,4586,1.1204,376.814,336.3,336.3,923283750912,824.07,kernel,kernel,0,NVIDIA GeForce RTX 3090,13000,0,0,0,0,1950,9501,63,4,sweep;repeats=50;passes=4586;grid=2624;block=256;dtype=fp32,0.0001046705555555,0.08216615787178369,2.2823932742162137e-08,0.0002443087658089839,824.066182534809,0.40812372104219447,0,0,,,,
2025-10-13T13:06:32,rock-ms7a95,NVIDIA GeForce RTX 3090,0,kernel,39,1.1,1.1204,1.1204,375.44,335.1,0,stream_triad,cuda,fp32,0,4586,4586,1.1204,375.44,335.1,335.1,923283750912,824.05,kernel,kernel,0,NVIDIA GeForce RTX 3090,13000,0,0,0,0,1950,9501,63,4,sweep;repeats=50;passes=4586;grid=2624;block=256;dtype=fp32,0.0001042888888888,0.08186655037069342,2.2740708436303728e-08,0.0002443087658089839,824.066182534809,0.40663555448598376,0,0,,,,
2025-10-13T13:06:33,rock-ms7a95,NVIDIA GeForce RTX 3090,0,kernel,40,1.1,1.1203,1.1203,407.852,364.1,0,stream_triad,cuda,fp32,0,4586,4586,1.1203,407.852,364.1,364.1,923283750912,824.17,kernel,kernel,0,NVIDIA GeForce RTX 3090,13000,0,0,0,0,1950,9501,63,4,sweep;repeats=50;passes=4586;grid=2624;block=256;dtype=fp32,0.0001132922222222,0.08893414740514609,2.4703929834762803e-08,0.00024428696031399914,824.1397401695974,0.44174068870716343,0,0,,,,
2025-10-13T13:06:35,rock-ms7a95,NVIDIA GeForce RTX 3090,0,kernel,41,1.1,1.1202,1.1202,380.4,339.6,0,stream_triad,cuda,fp32,0,4586,4586,1.1202,380.4,339.6,339.6,923283750912,824.23,kernel,kernel,0,NVIDIA GeForce RTX 3090,13000,0,0,0,0,1950,9501,63,4,sweep;repeats=50;passes=4586;grid=2624;block=256;dtype=fp32,0.0001056666666666,0.08294810292193633,2.304113970053787e-08,0.0002442651548190144,824.2133109373325,0.41200768412121297,0,0,,,,
2025-10-13T13:06:36,rock-ms7a95,NVIDIA GeForce RTX 3090,0,kernel,42,1.1,1.1202,1.1202,377.863,337.3,0,stream_triad,cuda,fp32,0,4586,4586,1.1202,377.863,337.3,337.3,923283750912,824.22,kernel,kernel,0,NVIDIA GeForce RTX 3090,13000,0,0,0,0,1950,9501,63,4,sweep;repeats=50;passes=4586;grid=2624;block=256;dtype=fp32,0.0001049619444444,0.08239489751417357,2.288747153171488e-08,0.0002442651548190144,824.2133109373325,0.4092598831364193,0,0,,,,
2025-10-13T13:06:37,rock-ms7a95,NVIDIA GeForce RTX 3090,0,kernel,43,1.1,1.1202,1.1202,376.373,336.0,0,stream_triad,cuda,fp32,0,4586,4586,1.1202,376.373,336.0,336.0,923283750912,824.2,kernel,kernel,0,NVIDIA GeForce RTX 3090,13000,0,0,0,0,1950,9501,63,4,sweep;repeats=50;passes=4586;grid=2624;block=256;dtype=fp32,0.0001045480555555,0.082069995638901,2.279722101080583e-08,0.0002442651548190144,824.2133109373325,0.407646078064546,0,0,,,,
2025-10-13T13:06:38,rock-ms7a95,NVIDIA GeForce RTX 3090,0,kernel,44,1.1,1.1203,1.1203,375.041,334.8,0,stream_triad,cuda,fp32,0,4586,4586,1.1203,375.041,334.8,334.8,923283750912,824.12,kernel,kernel,0,NVIDIA GeForce RTX 3090,13000,0,0,0,0,1950,9501,63,4,sweep;repeats=50;passes=4586;grid=2624;block=256;dtype=fp32,0.0001041780555555,0.08177954644570432,2.271654067936231e-08,0.00024428696031399914,824.1397401695974,0.4062034013157304,0,0,,,,
2025-10-13T13:06:39,rock-ms7a95,NVIDIA GeForce RTX 3090,0,kernel,45,1.1,1.1204,1.1204,380.607,339.7,0,stream_triad,cuda,fp32,0,4586,4586,1.1204,380.607,339.7,339.7,923283750912,824.04,kernel,kernel,0,NVIDIA GeForce RTX 3090,13000,0,0,0,0,1950,9501,63,4,sweep;repeats=50;passes=4586;grid=2624;block=256;dtype=fp32,0.0001057241666666,0.08299324029655474,2.3053677860154092e-08,0.0002443087658089839,824.066182534809,0.41223188388623166,0,0,,,,
2025-10-13T13:06:40,rock-ms7a95,NVIDIA GeForce RTX 3090,0,kernel,46,1.1,1.1203,1.1203,377.851,337.3,0,stream_triad,cuda,fp32,0,4586,4586,1.1203,377.851,337.3,337.3,923283750912,824.14,kernel,kernel,0,NVIDIA GeForce RTX 3090,13000,0,0,0,0,1950,9501,63,4,sweep;repeats=50;passes=4586;grid=2624;block=256;dtype=fp32,0.0001049586111111,0.0823922808547754,2.2886744681882056e-08,0.00024428696031399914,824.1397401695974,0.40924688604859216,0,0,,,,
2025-10-13T13:06:41,rock-ms7a95,NVIDIA GeForce RTX 3090,0,kernel,47,1.1,1.1203,1.1203,377.59,337.1,0,stream_triad,cuda,fp32,0,4586,4586,1.1203,377.59,337.1,337.1,923283750912,824.17,kernel,kernel,0,NVIDIA GeForce RTX 3090,13000,0,0,0,0,1950,9501,63,4,sweep;repeats=50;passes=4586;grid=2624;block=256;dtype=fp32,0.0001048861111111,0.08233536851286524,2.2870935698018123e-08,0.00024428696031399914,824.1397401695974,0.40896419938835127,0,0,,,,
2025-10-13T13:06:42,rock-ms7a95,NVIDIA GeForce RTX 3090,0,kernel,48,1.1,1.1204,1.1204,375.525,335.2,0,stream_triad,cuda,fp32,0,4586,4586,1.1204,375.525,335.2,335.2,923283750912,824.04,kernel,kernel,0,NVIDIA GeForce RTX 3090,13000,0,0,0,0,1950,9501,63,4,sweep;repeats=50;passes=4586;grid=2624;block=256;dtype=fp32,0.0001043125,0.08188508504143044,2.27458569559529e-08,0.0002443087658089839,824.066182534809,0.40672761719142614,0,0,,,,
2025-10-13T13:06:43,rock-ms7a95,NVIDIA GeForce RTX 3090,0,kernel,49,1.1,1.1202,1.1202,407.94,364.2,0,stream_triad,cuda,fp32,0,4586,4586,1.1202,407.94,364.2,364.2,923283750912,824.21,kernel,kernel,0,NVIDIA GeForce RTX 3090,13000,0,0,0,0,1950,9501,63,4,sweep;repeats=50;passes=4586;grid=2624;block=256;dtype=fp32,0.0001133166666666,0.08895333624073266,2.4709260066870184e-08,0.0002442651548190144,824.2133109373325,0.4418360006845627,0,0,,,,
2025-10-13T13:06:45,rock-ms7a95,NVIDIA GeForce RTX 3090,0,kernel,0,1.1,1.1036,1.1036,372.006,337.1,0,stream_triad,cuda,fp32,0,1119,1119,1.1036,372.006,337.1,337.1,901137825792,816.53,kernel,kernel,0,NVIDIA GeForce RTX 3090,13000,0,0,0,0,1950,9501,63,4,sweep;repeats=50;passes=1119;grid=2624;block=256;dtype=fp32,0.000103335,0.3324450402144772,9.234584450402144e-08,0.000986237712243074,816.543879840522,0.41281809436092426,0,0,,,,
2025-10-13T13:06:46,rock-ms7a95,NVIDIA GeForce RTX 3090,0,kernel,1,1.1,1.1035,1.1035,376.796,341.5,0,stream_triad,cuda,fp32,0,1119,1119,1.1035,376.796,341.5,341.5,901137825792,816.64,kernel,kernel,0,NVIDIA GeForce RTX 3090,13000,0,0,0,0,1950,9501,63,4,sweep;repeats=50;passes=1119;grid=2624;block=256;dtype=fp32,0.0001046655555555,0.3367256478999106,9.353490219441962e-08,0.000986148346738159,816.6178756610785,0.4181335964549465,0,0,,,,
2025-10-13T13:06:47,rock-ms7a95,NVIDIA GeForce RTX 3090,0,kernel,2,1.1,1.1035,1.1035,380.137,344.5,0,stream_triad,cuda,fp32,0,1119,1119,1.1035,380.137,344.5,344.5,901137825792,816.61,kernel,kernel,0,NVIDIA GeForce RTX 3090,13000,0,0,0,0,1950,9501,63,4,sweep;repeats=50;passes=1119;grid=2624;block=256;dtype=fp32,0.0001055936111111,0.33971134941912423,9.43642637275345e-08,0.000986148346738159,816.6178756610785,0.421841131422823,0,0,,,,
2025-10-13T13:06:48,rock-ms7a95,NVIDIA GeForce RTX 3090,0,kernel,3,1.1,1.1036,1.1036,377.866,342.4,0,stream_triad,cuda,fp32,0,1119,1119,1.1036,377.866,342.4,342.4,901137825792,816.53,kernel,kernel,0,NVIDIA GeForce RTX 3090,13000,0,0,0,0,1950,9501,63,4,sweep;repeats=50;passes=1119;grid=2624;block=256;dtype=fp32,0.0001049627777777,0.33768185880250223,9.38005163340284e-08,0.000986237712243074,816.543879840522,0.4193209841878492,0,0,,,,
2025-10-13T13:06:49,rock-ms7a95,NVIDIA GeForce RTX 3090,0,kernel,4,1.1,1.1035,1.1035,373.778,338.7,0,stream_triad,cuda,fp32,0,1119,1119,1.1035,373.778,338.7,338.7,901137825792,816.62,kernel,kernel,0,NVIDIA GeForce RTX 3090,13000,0,0,0,0,1950,9501,63,4,sweep;repeats=50;passes=1119;grid=2624;block=256;dtype=fp32,0.0001038272222222,0.33402859696157283,9.278572137821468e-08,0.000986148346738159,816.6178756610785,0.41478449722326405,0,0,,,,
2025-10-13T13:06:51,rock-ms7a95,NVIDIA GeForce RTX 3090,0,kernel,5,1.1,1.1035,1.1035,377.904,342.5,0,stream_triad,cuda,fp32,0,1119,1119,1.1035,377.904,342.5,342.5,901137825792,816.64,kernel,kernel,0,NVIDIA GeForce RTX 3090,13000,0,0,0,0,1950,9501,63,4,sweep;repeats=50;passes=1119;grid=2624;block=256;dtype=fp32,0.0001049733333333,0.33771581769437,9.380994935954721e-08,0.000986148346738159,816.6178756610785,0.41936315309798966,0,0,,,,
2025-10-13T13:06:52,rock-ms7a95,NVIDIA GeForce RTX 3090,0,kernel,6,1.1,1.1035,1.1035,410.851,372.3,0,stream_triad,cuda,fp32,0,1119,1119,1.1035,410.851,372.3,372.3,901137825792,816.59,kernel,kernel,0,NVIDIA GeForce RTX 3090,13000,0,0,0,0,1950,9501,63,4,sweep;repeats=50;passes=1119;grid=2624;block=256;dtype=fp32,0.0001141252777777,0.36715907059874886,1.0198863072187468e-07,0.000986148346738159,816.6178756610785,0.45592470789793743,0,0,,,,
2025-10-13T13:06:53,rock-ms7a95,NVIDIA GeForce RTX 3090,0,kernel,7,1.1,1.1036,1.1036,382.101,346.2,0,stream_triad,cuda,fp32,0,1119,1119,1.1036,382.101,346.2,346.2,901137825792,816.54,kernel,kernel,0,NVIDIA GeForce RTX 3090,13000,0,0,0,0,1950,9501,63,4,sweep;repeats=50;passes=1119;grid=2624;block=256;dtype=fp32,0.0001061391666666,0.3414664879356568,9.485180220434911e-08,0.000986237712243074,816.543879840522,0.42402059825218824,0,0,,,,
2025-10-13T13:06:54,rock-ms7a95,NVIDIA GeForce RTX 3090,0,kernel,8,1.1,1.1036,1.1036,379.909,344.2,0,stream_triad,cuda,fp32,0,1119,1119,1.1036,379.909,344.2,344.2,901137825792,816.52,kernel,kernel,0,NVIDIA GeForce RTX 3090,13000,0,0,0,0,1950,9501,63,4,sweep;repeats=50;passes=1119;grid=2624;block=256;dtype=fp32,0.0001055302777777,0.33950759606791775,9.43076655744216e-08,0.000986237712243074,816.543879840522,0.42158811796198015,0,0,,,,
2025-10-13T13:06:55,rock-ms7a95,NVIDIA GeForce RTX 3090,0,kernel,9,1.1,1.1036,1.1036,375.591,340.3,0,stream_triad,cuda,fp32,0,1119,1119,1.1036,375.591,340.3,340.3,901137825792,816.53,kernel,kernel,0,NVIDIA GeForce RTX 3090,13000,0,0,0,0,1950,9501,63,4,sweep;repeats=50;passes=1119;grid=2624;block=256;dtype=fp32,0.0001043308333333,0.33564879356568367,9.323577599046769e-08,0.000986237712243074,816.543879840522,0.41679639812022906,0,0,,,,
2025-10-13T13:06:56,rock-ms7a95,NVIDIA GeForce RTX 3090,0,kernel,10,1.1,1.1037,1.1037,378.716,343.1,0,stream_triad,cuda,fp32,0,1119,1119,1.1037,378.716,343.1,343.1,901137825792,816.49,kernel,kernel,0,NVIDIA GeForce RTX 3090,13000,0,0,0,0,1950,9501,63,4,sweep;repeats=50;passes=1119;grid=2624;block=256;dtype=fp32,0.0001051988888888,0.3384414655942806,9.401151822063351e-08,0.0009863270777479892,816.4698974286491,0.42026423612520175,0,0,,,,
2025-10-13T13:06:57,rock-ms7a95,NVIDIA GeForce RTX 3090,0,kernel,11,1.1,1.1037,1.1037,374.306,339.1,0,stream_triad,cuda,fp32,0,1119,1119,1.1037,374.306,339.1,339.1,901137825792,816.5,kernel,kernel,0,NVIDIA GeForce RTX 3090,13000,0,0,0,0,1950,9501,63,4,sweep;repeats=50;passes=1119;grid=2624;block=256;dtype=fp32,0.0001039738888888,0.33450044682752456,9.291679078542349e-08,0.0009863270777479892,816.4698974286491,0.4153704231325842,0,0,,,,
2025-10-13T13:06:58,rock-ms7a95,NVIDIA GeForce RTX 3090,0,kernel,12,1.1,1.1036,1.1036,378.135,342.6,0,stream_triad,cuda,fp32,0,1119,1119,1.1036,378.135,342.6,342.6,901137825792,816.56,kernel,kernel,0,NVIDIA GeForce RTX 3090,13000,0,0,0,0,1950,9501,63,4,sweep;repeats=50;passes=1119;grid=2624;block=256;dtype=fp32,0.0001050375,0.33792225201072384,9.386729222520106e-08,0.000986237712243074,816.543879840522,0.41961949568331725,0,0,,,,
2025-10-13T13:06:59,rock-ms7a95,NVIDIA GeForce RTX 3090,0,kernel,13,1.1,1.1037,1.1037,375.729,340.4,0,stream_triad,cuda,fp32,0,1119,1119,1.1037,375.729,340.4,340.4,901137825792,816.44,kernel,kernel,0,NVIDIA GeForce RTX 3090,13000,0,0,0,0,1950,9501,63,4,sweep;repeats=50;passes=1119;grid=2624;block=256;dtype=fp32,0.0001043691666666,0.3357721179624665,9.32700327673518e-08,0.0009863270777479892,816.4698974286491,0.4169495378465286,0,0,,,,
2025-10-13T13:07:01,rock-ms7a95,NVIDIA GeForce RTX 3090,0,kernel,14,1.1,1.1034,1.1034,380.456,344.8,0,stream_triad,cuda,fp32,0,1119,1119,1.1034,380.456,344.8,344.8,901137825792,816.66,kernel,kernel,0,NVIDIA GeForce RTX 3090,13000,0,0,0,0,1950,9501,63,4,sweep;repeats=50;passes=1119;grid=2624;block=256;dtype=fp32,0.0001056822222222,0.3399964253798034,9.444345149438984e-08,0.000986058981233244,816.6918848939641,0.42219512832637063,0,0,,,,
2025-10-13T13:07:02,rock-ms7a95,NVIDIA GeForce RTX 3090,0,kernel,15,1.1,1.1036,1.1036,377.822,342.4,0,stream_triad,cuda,fp32,0,1119,1119,1.1036,377.822,342.4,342.4,901137825792,816.54,kernel,kernel,0,NVIDIA GeForce RTX 3090,13000,0,0,0,0,1950,9501,63,4,sweep;repeats=50;passes=1119;grid=2624;block=256;dtype=fp32,0.0001049505555555,0.3376425379803396,9.378959388342766e-08,0.000986237712243074,816.543879840522,0.41927215702873916,0,0,,,,
2025-10-13T13:07:03,rock-ms7a95,NVIDIA GeForce RTX 3090,0,kernel,16,1.1,1.1037,1.1037,374.736,339.5,0,stream_triad,cuda,fp32,0,1119,1119,1.1037,374.736,339.5,339.5,901137825792,816.5,kernel,kernel,0,NVIDIA GeForce RTX 3090,13000,0,0,0,0,1950,9501,63,4,sweep;repeats=50;passes=1119;grid=2624;block=256;dtype=fp32,0.0001040933333333,0.33488471849865953,9.302353291629431e-08,0.0009863270777479892,816.4698974286491,0.41584759764206847,0,0,,,,
2025-10-13T13:07:04,rock-ms7a95,NVIDIA GeForce RTX 3090,0,kernel,17,1.1,1.1036,1.1036,378.218,342.7,0,stream_triad,cuda,fp32,0,1119,1119,1.1036,378.218,342.7,342.7,901137825792,816.57,kernel,kernel,0,NVIDIA GeForce RTX 3090,13000,0,0,0,0,1950,9501,63,4,sweep;repeats=50;passes=1119;grid=2624;block=256;dtype=fp32,0.0001050605555555,0.3379964253798034,9.388789593883428e-08,0.000986237712243074,816.543879840522,0.41971160146072933,0,0,,,,
2025-10-13T13:07:05,rock-ms7a95,NVIDIA GeForce RTX 3090,0,kernel,18,1.1,1.1038,1.1038,410.859,372.2,0,stream_triad,cuda,fp32,0,1119,1119,1.1038,410.859,372.2,372.2,901137825792,816.41,kernel,kernel,0,NVIDIA GeForce RTX 3090,13000,0,0,0,0,1950,9501,63,4,sweep;repeats=50;passes=1119;grid=2624;block=256;dtype=fp32,0.0001141275,0.36716621983914205,1.019906166219839e-07,0.0009864164432529044,816.3959284218157,0.45593358556323016,0,0,,,,
2025-10-13T13:07:06,rock-ms7a95,NVIDIA GeForce RTX 3090,0,kernel,19,1.1,1.1036,1.1036,381.22,345.4,0,stream_triad,cuda,fp32,0,1119,1119,1.1036,381.22,345.4,345.4,901137825792,816.54,kernel,kernel,0,NVIDIA GeForce RTX 3090,13000,0,0,0,0,1950,9501,63,4,sweep;repeats=50;passes=1119;grid=2624;block=256;dtype=fp32,0.0001058944444444,0.3406791778373548,9.463310495482078e-08,0.000986237712243074,816.543879840522,0.42304294536182635,0,0,,,,
2025-10-13T13:07:07,rock-ms7a95,NVIDIA GeForce RTX 3090,0,kernel,20,1.1,1.1036,1.1036,378.718,343.2,0,stream_triad,cuda,fp32,0,1119,1119,1.1036,378.718,343.2,343.2,901137825792,816.51,kernel,kernel,0,NVIDIA GeForce RTX 3090,13000,0,0,0,0,1950,9501,63,4,sweep;repeats=50;passes=1119;grid=2624;block=256;dtype=fp32,0.0001051994444444,0.33844325290437893,9.401201469566082e-08,0.000986237712243074,816.543879840522,0.420266455541525,0,0,,,,
2025-10-13T13:07:08,rock-ms7a95,NVIDIA GeForce RTX 3090,0,kernel,21,1.1,1.1035,1.1035,380.797,345.1,0,stream_triad,cuda,fp32,0,1119,1119,1.1035,380.797,345.1,345.1,901137825792,816.61,kernel,kernel,0,NVIDIA GeForce RTX 3090,13000,0,0,0,0,1950,9501,63,4,sweep;repeats=50;passes=1119;grid=2624;block=256;dtype=fp32,0.0001057769444444,0.34030116175156394,9.452810048654554e-08,0.000986148346738159,816.6178756610785,0.42257353880947324,0,0,,,,
2025-10-13T13:07:09,rock-ms7a95,NVIDIA GeForce RTX 3090,0,kernel,22,1.1,1.1035,1.1035,378.286,342.8,0,stream_triad,cuda,fp32,0,1119,1119,1.1035,378.286,342.8,342.8,901137825792,816.59,kernel,kernel,0,NVIDIA GeForce RTX 3090,13000,0,0,0,0,1950,9501,63,4,sweep;repeats=50;passes=1119;grid=2624;block=256;dtype=fp32,0.0001050794444444,0.33805719392314565,9.390477608976268e-08,0.000986148346738159,816.6178756610785,0.4197870616157175,0,0,,,,
2025-10-13T13:07:11,rock-ms7a95,NVIDIA GeForce RTX 3090,0,kernel,23,1.1,1.1035,1.1035,374.348,339.2,0,stream_triad,cuda,fp32,0,1119,1119,1.1035,374.348,339.2,339.2,901137825792,816.58,kernel,kernel,0,NVIDIA GeForce RTX 3090,13000,0,0,0,0,1950,9501,63,4,sweep;repeats=50;passes=1119;grid=2624;block=256;dtype=fp32,0.0001039855555555,0.3345379803395889,9.292721676099692e-08,0.000986148346738159,816.6178756610785,0.4154170308753711,0,0,,,,
2025-10-13T13:07:12,rock-ms7a95,NVIDIA GeForce RTX 3090,0,kernel,24,1.1,1.1037,1.1037,378.279,342.7,0,stream_triad,cuda,fp32,0,1119,1119,1.1037,378.279,342.7,342.7,901137825792,816.44,kernel,kernel,0,NVIDIA GeForce RTX 3090,13000,0,0,0,0,1950,9501,63,4,sweep;repeats=50;passes=1119;grid=2624;block=256;dtype=fp32,0.0001050775,0.3380509383378016,9.39030384271671e-08,0.0009863270777479892,816.4698974286491,0.41977929365858635,0,0,,,,
2025-10-13T13:07:13,rock-ms7a95,NVIDIA GeForce RTX 3090,0,kernel,25,1.1,1.1036,1.1036,376.12,340.8,0,stream_triad,cuda,fp32,0,1119,1119,1.1036,376.12,340.8,340.8,901137825792,816.55,kernel,kernel,0,NVIDIA GeForce RTX 3090,13000,0,0,0,0,1950,9501,63,4,sweep;repeats=50;passes=1119;grid=2624;block=256;dtype=fp32,0.0001044777777777,0.3361215370866845,9.336709363519014e-08,0.000986237712243074,816.543879840522,0.4173834337377108,0,0,,,,
2025-10-13T13:07:14,rock-ms7a95,NVIDIA GeForce RTX 3090,0,kernel,26,1.1,1.1036,1.1036,380.143,344.5,0,stream_triad,cuda,fp32,0,1119,1119,1.1036,380.143,344.5,344.5,901137825792,816.54,kernel,kernel,0,NVIDIA GeForce RTX 3090,13000,0,0,0,0,1950,9501,63,4,sweep;repeats=50;passes=1119;grid=2624;block=256;dtype=fp32,0.0001055952777777,0.3397167113494191,9.436575315261641e-08,0.000986237712243074,816.543879840522,0.4218477896717925,0,0,,,,
2025-10-13T13:07:15,rock-ms7a95,NVIDIA GeForce RTX 3090,0,kernel,27,1.1,1.1036,1.1036,377.788,342.3,0,stream_triad,cuda,fp32,0,1119,1119,1.1036,377.788,342.3,342.3,901137825792,816.57,kernel,kernel,0,NVIDIA GeForce RTX 3090,13000,0,0,0,0,1950,9501,63,4,sweep;repeats=50;passes=1119;grid=2624;block=256;dtype=fp32,0.0001049411111111,0.3376121537086685,9.378115380796347e-08,0.000986237712243074,816.543879840522,0.4192344269512451,0,0,,,,
2025-10-13T13:07:16,rock-ms7a95,NVIDIA GeForce RTX 3090,0,kernel,28,1.1,1.1036,1.1036,373.958,338.9,0,stream_triad,cuda,fp32,0,1119,1119,1.1036,373.958,338.9,338.9,901137825792,816.55,kernel,kernel,0,NVIDIA GeForce RTX 3090,13000,0,0,0,0,1950,9501,63,4,sweep;repeats=50;passes=1119;grid=2624;block=256;dtype=fp32,0.0001038772222222,0.33418945487042007,9.283040413067224e-08,0.000986237712243074,816.543879840522,0.4149842446923505,0,0,,,,
2025-10-13T13:07:17,rock-ms7a95,NVIDIA GeForce RTX 3090,0,kernel,29,1.1,1.1035,1.1035,378.679,343.2,0,stream_triad,cuda,fp32,0,1119,1119,1.1035,378.679,343.2,343.2,901137825792,816.6,kernel,kernel,0,NVIDIA GeForce RTX 3090,13000,0,0,0,0,1950,9501,63,4,sweep;repeats=50;passes=1119;grid=2624;block=256;dtype=fp32,0.0001051886111111,0.338408400357462,9.400233343262834e-08,0.000986148346738159,816.6178756610785,0.42022317692322286,0,0,,,,
2025-10-13T13:07:18,rock-ms7a95,NVIDIA GeForce RTX 3090,0,kernel,30,1.1,1.1035,1.1035,411.009,372.4,0,stream_triad,cuda,fp32,0,1119,1119,1.1035,411.009,372.4,372.4,901137825792,816.59,kernel,kernel,0,NVIDIA GeForce RTX 3090,13000,0,0,0,0,1950,9501,63,4,sweep;repeats=50;passes=1119;grid=2624;block=256;dtype=fp32,0.0001141691666666,0.3673002680965148,1.0202785224903188e-07,0.000986148346738159,816.6178756610785,0.4561000417874689,0,0,,,,
2025-10-13T13:07:19,rock-ms7a95,NVIDIA GeForce RTX 3090,0,kernel,31,1.1,1.1035,1.1035,381.634,345.9,0,stream_triad,cuda,fp32,0,1119,1119,1.1035,381.634,345.9,345.9,901137825792,816.65,kernel,kernel,0,NVIDIA GeForce RTX 3090,13000,0,0,0,0,1950,9501,63,4,sweep;repeats=50;passes=1119;grid=2624;block=256;dtype=fp32,0.0001060094444444,0.34104915102770333,9.473587528547315e-08,0.000986148346738159,816.6178756610785,0.42350236454072515,0,0,,,,
2025-10-13T13:07:20,rock-ms7a95,NVIDIA GeForce RTX 3090,0,kernel,32,1.1,1.1036,1.1036,378.947,343.4,0,stream_triad,cuda,fp32,0,1119,1119,1.1036,378.947,343.4,343.4,901137825792,816.54,kernel,kernel,0,NVIDIA GeForce RTX 3090,13000,0,0,0,0,1950,9501,63,4,sweep;repeats=50;passes=1119;grid=2624;block=256;dtype=fp32,0.0001052630555555,0.3386478999106345,9.406886108628736e-08,0.000986237712243074,816.543879840522,0.42052057871052934,0,0,,,,
2025-10-13T13:07:22,rock-ms7a95,NVIDIA GeForce RTX 3090,0,kernel,33,1.1,1.1035,1.1035,380.416,344.7,0,stream_triad,cuda,fp32,0,1119,1119,1.1035,380.416,344.7,344.7,901137825792,816.59,kernel,kernel,0,NVIDIA GeForce RTX 3090,13000,0,0,0,0,1950,9501,63,4,sweep;repeats=50;passes=1119;grid=2624;block=256;dtype=fp32,0.0001056711111111,0.33996067917783734,9.443352199384371e-08,0.000986148346738159,816.6178756610785,0.42215073999990693,0,0,,,,
2025-10-13T13:07:23,rock-ms7a95,NVIDIA GeForce RTX 3090,0,kernel,34,1.1,1.1034,1.1034,378.301,342.8,0,stream_triad,cuda,fp32,0,1119,1119,1.1034,378.301,342.8,342.8,901137825792,816.65,kernel,kernel,0,NVIDIA GeForce RTX 3090,13000,0,0,0,0,1950,9501,63,4,sweep;repeats=50;passes=1119;grid=2624;block=256;dtype=fp32,0.0001050836111111,0.3380705987488829,9.390849965246747e-08,0.000986058981233244,816.6918848939641,0.41980370723814137,0,0,,,,
2025-10-13T13:07:24,rock-ms7a95,NVIDIA GeForce RTX 3090,0,kernel,35,1.1,1.1036,1.1036,374.574,339.4,0,stream_triad,cuda,fp32,0,1119,1119,1.1036,374.574,339.4,339.4,901137825792,816.51,kernel,kernel,0,NVIDIA GeForce RTX 3090,13000,0,0,0,0,1950,9501,63,4,sweep;repeats=50;passes=1119;grid=2624;block=256;dtype=fp32,0.0001040483333333,0.33473994638069704,9.298331843908251e-08,0.000986237712243074,816.543879840522,0.41566782491989074,0,0,,,,
2025-10-13T13:07:25,rock-ms7a95,NVIDIA GeForce RTX 3090,0,kernel,36,1.1,1.1036,1.1036,378.739,343.2,0,stream_triad,cuda,fp32,0,1119,1119,1.1036,378.739,343.2,343.2,901137825792,816.58,kernel,kernel,0,NVIDIA GeForce RTX 3090,13000,0,0,0,0,1950,9501,63,4,sweep;repeats=50;passes=1119;grid=2624;block=256;dtype=fp32,0.0001052052777777,0.33846201966041106,9.401722768344752e-08,0.000986237712243074,816.543879840522,0.42028975941291835,0,0,,,,
2025-10-13T13:07:26,rock-ms7a95,NVIDIA GeForce RTX 3090,0,kernel,37,1.1,1.1036,1.1036,376.217,340.9,0,stream_triad,cuda,fp32,0,1119,1119,1.1036,376.217,340.9,340.9,901137825792,816.51,kernel,kernel,0,NVIDIA GeForce RTX 3090,13000,0,0,0,0,1950,9501,63,4,sweep;repeats=50;passes=1119;grid=2624;block=256;dtype=fp32,0.0001045047222222,0.3362082216264522,9.33911726740145e-08,0.000986237712243074,816.543879840522,0.41749107542938513,0,0,,,,
2025-10-13T13:07:27,rock-ms7a95,NVIDIA GeForce RTX 3090,0,kernel,38,1.1,1.1035,1.1035,380.467,344.8,0,stream_triad,cuda,fp32,0,1119,1119,1.1035,380.467,344.8,344.8,901137825792,816.64,kernel,kernel,0,NVIDIA GeForce RTX 3090,13000,0,0,0,0,1950,9501,63,4,sweep;repeats=50;passes=1119;grid=2624;block=256;dtype=fp32,0.0001056852777777,0.34000625558534403,9.444618210704001e-08,0.000986148346738159,816.6178756610785,0.42220733511614805,0,0,,,,
2025-10-13T13:07:28,rock-ms7a95,NVIDIA GeForce RTX 3090,0,kernel,39,1.1,1.1035,1.1035,378.156,342.7,0,stream_triad,cuda,fp32,0,1119,1119,1.1035,378.156,342.7,342.7,901137825792,816.64,kernel,kernel,0,NVIDIA GeForce RTX 3090,13000,0,0,0,0,1950,9501,63,4,sweep;repeats=50;passes=1119;grid=2624;block=256;dtype=fp32,0.0001050433333333,0.33794101876675603,9.387250521298779e-08,0.000986148346738159,816.6178756610785,0.4196427995547107,0,0,,,,
2025-10-13T13:07:29,rock-ms7a95,NVIDIA GeForce RTX 3090,0,kernel,40,1.1,1.1035,1.1035,374.898,339.7,0,stream_triad,cuda,fp32,0,1119,1119,1.1035,374.898,339.7,339.7,901137825792,816.64,kernel,kernel,0,NVIDIA GeForce RTX 3090,13000,0,0,0,0,1950,9501,63,4,sweep;repeats=50;passes=1119;grid=2624;block=256;dtype=fp32,0.0001041383333333,0.335029490616622,9.306374739350611e-08,0.000986148346738159,816.6178756610785,0.4160273703642463,0,0,,,,
2025-10-13T13:07:30,rock-ms7a95,NVIDIA GeForce RTX 3090,0,kernel,41,1.1,1.1035,1.1035,379.807,344.2,0,stream_triad,cuda,fp32,0,1119,1119,1.1035,379.807,344.2,344.2,901137825792,816.65,kernel,kernel,0,NVIDIA GeForce RTX 3090,13000,0,0,0,0,1950,9501,63,4,sweep;repeats=50;passes=1119;grid=2624;block=256;dtype=fp32,0.0001055019444444,0.3394164432529044,9.4282345348029e-08,0.000986148346738159,816.6178756610785,0.42147492772949785,0,0,,,,
2025-10-13T13:07:32,rock-ms7a95,NVIDIA GeForce RTX 3090,0,kernel,42,1.1,1.1033,1.1033,411.965,373.4,0,stream_triad,cuda,fp32,0,1119,1119,1.1033,411.965,373.4,373.4,901137825792,816.73,kernel,kernel,0,NVIDIA GeForce RTX 3090,13000,0,0,0,0,1950,9501,64,4,sweep;repeats=50;passes=1119;grid=2624;block=256;dtype=fp32,0.0001144347222222,0.3681546023235031,1.022651673120842e-07,0.0009859696157283287,816.7659075428261,0.4571609227899501,0,0,,,,
2025-10-13T13:07:33,rock-ms7a95,NVIDIA GeForce RTX 3090,0,kernel,43,1.1,1.1035,1.1035,382.366,346.5,0,stream_triad,cuda,fp32,0,1119,1119,1.1035,382.366,346.5,346.5,901137825792,816.6,kernel,kernel,0,NVIDIA GeForce RTX 3090,13000,0,0,0,0,1950,9501,64,4,sweep;repeats=50;passes=1119;grid=2624;block=256;dtype=fp32,0.0001062127777777,0.34170330652368186,9.491758514546718e-08,0.000986148346738159,816.6178756610785,0.4243146709150099,0,0,,,,
2025-10-13T13:07:34,rock-ms7a95,NVIDIA GeForce RTX 3090,0,kernel,44,1.1,1.1035,1.1035,380.362,344.7,0,stream_triad,cuda,fp32,0,1119,1119,1.1035,380.362,344.7,344.7,901137825792,816.58,kernel,kernel,0,NVIDIA GeForce RTX 3090,13000,0,0,0,0,1950,9501,63,4,sweep;repeats=50;passes=1119;grid=2624;block=256;dtype=fp32,0.0001056561111111,0.3399124218051832,9.442011716810646e-08,0.000986148346738159,816.6178756610785,0.42209081575918106,0,0,,,,
2025-10-13T13:07:35,rock-ms7a95,NVIDIA GeForce RTX 3090,0,kernel,45,1.1,1.1035,1.1035,376.796,341.4,0,stream_triad,cuda,fp32,0,1119,1119,1.1035,376.796,341.4,341.4,901137825792,816.58,kernel,kernel,0,NVIDIA GeForce RTX 3090,13000,0,0,0,0,1950,9501,63,4,sweep;repeats=50;passes=1119;grid=2624;block=256;dtype=fp32,0.0001046655555555,0.3367256478999106,9.353490219441962e-08,0.000986148346738159,816.6178756610785,0.4181335964549465,0,0,,,,
2025-10-13T13:07:36,rock-ms7a95,NVIDIA GeForce RTX 3090,0,kernel,46,1.1,1.1035,1.1035,379.425,343.8,0,stream_triad,cuda,fp32,0,1119,1119,1.1035,379.425,343.8,343.8,901137825792,816.6,kernel,kernel,0,NVIDIA GeForce RTX 3090,13000,0,0,0,0,1950,9501,64,4,sweep;repeats=50;passes=1119;grid=2624;block=256;dtype=fp32,0.0001053958333333,0.3390750670241287,9.418751861781353e-08,0.000986148346738159,816.6178756610785,0.42105101921177,0,0,,,,
2025-10-13T13:07:37,rock-ms7a95,NVIDIA GeForce RTX 3090,0,kernel,47,1.1,1.1035,1.1035,377.08,341.7,0,stream_triad,cuda,fp32,0,1119,1119,1.1035,377.08,341.7,341.7,901137825792,816.59,kernel,kernel,0,NVIDIA GeForce RTX 3090,13000,0,0,0,0,1950,9501,63,4,sweep;repeats=50;passes=1119;grid=2624;block=256;dtype=fp32,0.0001047444444444,0.3369794459338695,9.36054016482971e-08,0.000986148346738159,816.6178756610785,0.4184487535728384,0,0,,,,
2025-10-13T13:07:38,rock-ms7a95,NVIDIA GeForce RTX 3090,0,kernel,48,1.1,1.1035,1.1035,381.379,345.6,0,stream_triad,cuda,fp32,0,1119,1119,1.1035,381.379,345.6,345.6,901137825792,816.59,kernel,kernel,0,NVIDIA GeForce RTX 3090,13000,0,0,0,0,1950,9501,63,4,sweep;repeats=50;passes=1119;grid=2624;block=256;dtype=fp32,0.0001059386111111,0.3408212689901698,9.46725747194916e-08,0.000986148346738159,816.6178756610785,0.4232193889595194,0,0,,,,
2025-10-13T13:07:39,rock-ms7a95,NVIDIA GeForce RTX 3090,0,kernel,49,1.1,1.1035,1.1035,378.941,343.4,0,stream_triad,cuda,fp32,0,1119,1119,1.1035,378.941,343.4,343.4,901137825792,816.6,kernel,kernel,0,NVIDIA GeForce RTX 3090,13000,0,0,0,0,1950,9501,63,4,sweep;repeats=50;passes=1119;grid=2624;block=256;dtype=fp32,0.0001052613888888,0.33864253798033955,9.406737166120543e-08,0.000986148346738159,816.6178756610785,0.4205139204615598,0,0,,,,
2025-10-13T13:07:41,rock-ms7a95,NVIDIA GeForce RTX 3090,0,kernel,0,1.1,1.1276,1.1276,376.408,333.8,0,stream_triad,cuda,fp32,0,567,567,1.1276,376.408,333.8,333.8,913217421312,809.87,kernel,kernel,0,NVIDIA GeForce RTX 3090,13000,0,0,0,0,1950,9501,63,4,sweep;repeats=50;passes=567;grid=2624;block=256;dtype=fp32,0.0001045577777777,0.6638589065255732,1.8440525181265924e-07,0.0019887125220458554,809.8771029726854,0.4121778573378754,0,0,,,,
2025-10-13T13:07:42,rock-ms7a95,NVIDIA GeForce RTX 3090,0,kernel,1,1.1,1.1276,1.1276,374.878,332.5,0,stream_triad,cuda,fp32,0,567,567,1.1276,374.878,332.5,332.5,913217421312,809.89,kernel,kernel,0,NVIDIA GeForce RTX 3090,13000,0,0,0,0,1950,9501,63,4,sweep;repeats=50;passes=567;grid=2624;block=256;dtype=fp32,0.0001041327777777,0.6611604938271605,1.836556927297668e-07,0.0019887125220458554,809.8771029726854,0.4105024622301015,0,0,,,,
2025-10-13T13:07:44,rock-ms7a95,NVIDIA GeForce RTX 3090,0,kernel,2,1.1,1.1274,1.1274,412.85,366.2,0,stream_triad,cuda,fp32,0,567,567,1.1274,412.85,366.2,366.2,913217421312,810.01,kernel,kernel,0,NVIDIA GeForce RTX 3090,13000,0,0,0,0,1950,9501,63,4,sweep;repeats=50;passes=567;grid=2624;block=256;dtype=fp32,0.0001146805555555,0.7281305114638449,2.0225847540662358e-07,0.0019883597883597883,810.0207746248004,0.4520829217283954,0,0,,,,
2025-10-13T13:07:45,rock-ms7a95,NVIDIA GeForce RTX 3090,0,kernel,3,1.1,1.1278,1.1278,380.668,337.5,0,stream_triad,cuda,fp32,0,567,567,1.1278,380.668,337.5,337.5,913217421312,809.71,kernel,kernel,0,NVIDIA GeForce RTX 3090,13000,0,0,0,0,1950,9501,63,4,sweep;repeats=50;passes=567;grid=2624;block=256;dtype=fp32,0.0001057411111111,0.6713721340388007,1.864922594552224e-07,0.001989065255731922,809.7334822769996,0.41684268293206933,0,0,,,,
2025-10-13T13:07:46,rock-ms7a95,NVIDIA GeForce RTX 3090,0,kernel,4,1.1,1.1278,1.1278,376.663,334.0,0,stream_triad,cuda,fp32,0,567,567,1.1278,376.663,334.0,334.0,913217421312,809.7,kernel,kernel,0,NVIDIA GeForce RTX 3090,13000,0,0,0,0,1950,9501,63,4,sweep;repeats=50;passes=567;grid=2624;block=256;dtype=fp32,0.0001046286111111,0.6643086419753087,1.8453017832647464e-07,0.001989065255731922,809.7334822769996,0.41245708985583773,0,0,,,,
2025-10-13T13:07:47,rock-ms7a95,NVIDIA GeForce RTX 3090,0,kernel,5,1.1,1.1276,1.1276,414.466,367.6,0,stream_triad,cuda,fp32,0,567,567,1.1276,414.466,367.6,367.6,913217421312,809.86,kernel,kernel,0,NVIDIA GeForce RTX 3090,13000,0,0,0,0,1950,9501,63,4,sweep;repeats=50;passes=567;grid=2624;block=256;dtype=fp32,0.0001151294444444,0.7309805996472664,2.030501665686851e-07,0.0019887125220458554,809.8771029726854,0.4538524893716389,0,0,,,,
2025-10-13T13:07:48,rock-ms7a95,NVIDIA GeForce RTX 3090,0,kernel,6,1.1,1.1277,1.1277,381.268,338.1,0,stream_triad,cuda,fp32,0,567,567,1.1277,381.268,338.1,338.1,913217421312,809.84,kernel,kernel,0,NVIDIA GeForce RTX 3090,13000,0,0,0,0,1950,9501,63,4,sweep;repeats=50;passes=567;grid=2624;block=256;dtype=fp32,0.0001059077777777,0.6724303350970017,1.8678620419361158e-07,0.0019888888888888886,809.8052862569833,0.41749970062139236,0,0,,,,
2025-10-13T13:07:49,rock-ms7a95,NVIDIA GeForce RTX 3090,0,kernel,7,1.1,1.1277,1.1277,377.396,334.7,0,stream_triad,cuda,fp32,0,567,567,1.1277,377.396,334.7,334.7,913217421312,809.81,kernel,kernel,0,NVIDIA GeForce RTX 3090,13000,0,0,0,0,1950,9501,63,4,sweep;repeats=50;passes=567;grid=2624;block=256;dtype=fp32,0.0001048322222222,0.6656014109347443,1.8488928081520676e-07,0.0019888888888888886,809.8052862569833,0.4132597464662941,0,0,,,,
2025-10-13T13:07:50,rock-ms7a95,NVIDIA GeForce RTX 3090,0,kernel,8,1.1,1.1277,1.1277,414.871,367.9,0,stream_triad,cuda,fp32,0,567,567,1.1277,414.871,367.9,367.9,913217421312,809.78,kernel,kernel,0,NVIDIA GeForce RTX 3090,13000,0,0,0,0,1950,9501,63,4,sweep;repeats=50;passes=567;grid=2624;block=256;dtype=fp32,0.0001152419444444,0.731694885361552,2.032485792670978e-07,0.0019888888888888886,809.8052862569833,0.45429597631193197,0,0,,,,
2025-10-13T13:07:52,rock-ms7a95,NVIDIA GeForce RTX 3090,0,kernel,9,1.1,1.1278,1.1278,375.95,333.3,0,stream_triad,cuda,fp32,0,567,567,1.1278,375.95,333.3,333.3,913217421312,809.73,kernel,kernel,0,NVIDIA GeForce RTX 3090,13000,0,0,0,0,1950,9501,63,4,sweep;repeats=50;passes=567;grid=2624;block=256;dtype=fp32,0.0001044305555555,0.6630511463844797,1.841808739956888e-07,0.001989065255731922,809.7334822769996,0.41167633383502544,0,0,,,,
2025-10-13T13:07:53,rock-ms7a95,NVIDIA GeForce RTX 3090,0,kernel,10,1.1,1.1276,1.1276,377.167,334.5,0,stream_triad,cuda,fp32,0,567,567,1.1276,377.167,334.5,334.5,913217421312,809.88,kernel,kernel,0,NVIDIA GeForce RTX 3090,13000,0,0,0,0,1950,9501,63,4,sweep;repeats=50;passes=567;grid=2624;block=256;dtype=fp32,0.0001047686111111,0.6651975308641975,1.8477709190672153e-07,0.0019887125220458554,809.8771029726854,0.4130089847148691,0,0,,,,
2025-10-13T13:07:54,rock-ms7a95,NVIDIA GeForce RTX 3090,0,kernel,11,1.1,1.1276,1.1276,414.589,367.7,0,stream_triad,cuda,fp32,0,567,567,1.1276,414.589,367.7,367.7,913217421312,809.89,kernel,kernel,0,NVIDIA GeForce RTX 3090,13000,0,0,0,0,1950,9501,63,4,sweep;repeats=50;passes=567;grid=2624;block=256;dtype=fp32,0.0001151636111111,0.7311975308641975,2.0311042524005486e-07,0.0019887125220458554,809.8771029726854,0.45398717799795013,0,0,,,,
2025-10-13T13:07:55,rock-ms7a95,NVIDIA GeForce RTX 3090,0,kernel,12,1.1,1.1277,1.1277,375.94,333.4,0,stream_triad,cuda,fp32,0,567,567,1.1277,375.94,333.4,333.4,913217421312,809.78,kernel,kernel,0,NVIDIA GeForce RTX 3090,13000,0,0,0,0,1950,9501,63,4,sweep;repeats=50;passes=567;grid=2624;block=256;dtype=fp32,0.0001044277777777,0.6630335097001764,1.8417597491671565e-07,0.0019888888888888886,809.8052862569833,0.4116653835402034,0,0,,,,
2025-10-13T13:07:56,rock-ms7a95,NVIDIA GeForce RTX 3090,0,kernel,13,1.1,1.1277,1.1277,377.672,334.9,0,stream_triad,cuda,fp32,0,567,567,1.1277,377.672,334.9,334.9,913217421312,809.82,kernel,kernel,0,NVIDIA GeForce RTX 3090,13000,0,0,0,0,1950,9501,64,4,sweep;repeats=50;passes=567;grid=2624;block=256;dtype=fp32,0.0001049088888888,0.6660881834215168,1.8502449539486577e-07,0.0019888888888888886,809.8052862569833,0.41356197460338273,0,0,,,,
2025-10-13T13:07:57,rock-ms7a95,NVIDIA GeForce RTX 3090,0,kernel,14,1.1,1.1277,1.1277,415.013,368.0,0,stream_triad,cuda,fp32,0,567,567,1.1277,415.013,368.0,368.0,913217421312,809.78,kernel,kernel,0,NVIDIA GeForce RTX 3090,13000,0,0,0,0,1950,9501,64,4,sweep;repeats=50;passes=567;grid=2624;block=256;dtype=fp32,0.0001152813888888,0.7319453262786596,2.0331814618851655e-07,0.0019888888888888886,809.8052862569833,0.4544514704984051,0,0,,,,
2025-10-13T13:07:58,rock-ms7a95,NVIDIA GeForce RTX 3090,0,kernel,15,1.1,1.1276,1.1276,377.772,335.0,0,stream_triad,cuda,fp32,0,567,567,1.1276,377.772,335.0,335.0,913217421312,809.87,kernel,kernel,0,NVIDIA GeForce RTX 3090,13000,0,0,0,0,1950,9501,63,4,sweep;repeats=50;passes=567;grid=2624;block=256;dtype=fp32,0.0001049366666666,0.6662645502645502,1.8507348618459727e-07,0.0019887125220458554,809.8771029726854,0.4136714775516032,0,0,,,,
2025-10-13T13:07:59,rock-ms7a95,NVIDIA GeForce RTX 3090,0,kernel,16,1.1,1.1276,1.1276,379.13,336.2,0,stream_triad,cuda,fp32,0,567,567,1.1276,379.13,336.2,336.2,913217421312,809.89,kernel,kernel,0,NVIDIA GeForce RTX 3090,13000,0,0,0,0,1950,9501,63,4,sweep;repeats=50;passes=567;grid=2624;block=256;dtype=fp32,0.0001053138888888,0.6686596119929453,1.857387811091515e-07,0.0019887125220458554,809.8771029726854,0.4151585275884378,0,0,,,,
2025-10-13T13:08:01,rock-ms7a95,NVIDIA GeForce RTX 3090,0,kernel,17,1.1,1.1277,1.1277,415.667,368.6,0,stream_triad,cuda,fp32,0,567,567,1.1277,415.667,368.6,368.6,913217421312,809.83,kernel,kernel,0,NVIDIA GeForce RTX 3090,13000,0,0,0,0,1950,9501,64,4,sweep;repeats=50;passes=567;grid=2624;block=256;dtype=fp32,0.0001154630555555,0.7330987654320987,2.0363854595336076e-07,0.0019888888888888886,809.8052862569833,0.4551676197797673,0,0,,,,
2025-10-13T13:08:02,rock-ms7a95,NVIDIA GeForce RTX 3090,0,kernel,18,1.1,1.1277,1.1277,378.891,336.0,0,stream_triad,cuda,fp32,0,567,567,1.1277,378.891,336.0,336.0,913217421312,809.83,kernel,kernel,0,NVIDIA GeForce RTX 3090,13000,0,0,0,0,1950,9501,64,4,sweep;repeats=50;passes=567;grid=2624;block=256;dtype=fp32,0.0001052475,0.6682380952380953,1.8562169312169314e-07,0.0019888888888888886,809.8052862569833,0.41489681554219077,0,0,,,,
2025-10-13T13:08:03,rock-ms7a95,NVIDIA GeForce RTX 3090,0,kernel,19,1.1,1.1276,1.1276,379.732,336.8,0,stream_triad,cuda,fp32,0,567,567,1.1276,379.732,336.8,336.8,913217421312,809.88,kernel,kernel,0,NVIDIA GeForce RTX 3090,13000,0,0,0,0,1950,9501,63,4,sweep;repeats=50;passes=567;grid=2624;block=256;dtype=fp32,0.0001054811111111,0.6697213403880071,1.8603370566333532e-07,0.0019887125220458554,809.8771029726854,0.41581773533672534,0,0,,,,
2025-10-13T13:08:04,rock-ms7a95,NVIDIA GeForce RTX 3090,0,kernel,20,1.1,1.1275,1.1275,409.599,363.3,0,stream_triad,cuda,fp32,0,567,567,1.1275,409.599,363.3,363.3,913217421312,809.92,kernel,kernel,0,NVIDIA GeForce RTX 3090,13000,0,0,0,0,1950,9501,63,4,sweep;repeats=50;passes=567;grid=2624;block=256;dtype=fp32,0.0001137775,0.7223968253968254,2.006657848324515e-07,0.001988536155202822,809.9489324274945,0.44852298088174647,0,0,,,,
2025-10-13T13:08:05,rock-ms7a95,NVIDIA GeForce RTX 3090,0,kernel,21,1.1,1.1276,1.1276,379.284,336.4,0,stream_triad,cuda,fp32,0,567,567,1.1276,379.284,336.4,336.4,913217421312,809.85,kernel,kernel,0,NVIDIA GeForce RTX 3090,13000,0,0,0,0,1950,9501,64,4,sweep;repeats=50;passes=567;grid=2624;block=256;dtype=fp32,0.0001053566666666,0.6689312169312169,1.8581422692533804e-07,0.0019887125220458554,809.8771029726854,0.41532716212869736,0,0,,,,
2025-10-13T13:08:06,rock-ms7a95,NVIDIA GeForce RTX 3090,0,kernel,22,1.1,1.1277,1.1277,380.903,337.8,0,stream_triad,cuda,fp32,0,567,567,1.1277,380.903,337.8,337.8,913217421312,809.79,kernel,kernel,0,NVIDIA GeForce RTX 3090,13000,0,0,0,0,1950,9501,64,4,sweep;repeats=50;passes=567;grid=2624;block=256;dtype=fp32,0.0001058063888888,0.6717865961199295,1.8660738781109154e-07,0.0019888888888888886,809.8052862569833,0.41710001486038756,0,0,,,,
2025-10-13T13:08:07,rock-ms7a95,NVIDIA GeForce RTX 3090,0,kernel,23,1.1,1.1278,1.1278,411.948,365.3,0,stream_triad,cuda,fp32,0,567,567,1.1278,411.948,365.3,365.3,913217421312,809.76,kernel,kernel,0,NVIDIA GeForce RTX 3090,13000,0,0,0,0,1950,9501,64,4,sweep;repeats=50;passes=567;grid=2624;block=256;dtype=fp32,0.00011443,0.7265396825396825,2.0181657848324513e-07,0.001989065255731922,809.7334822769996,0.4510952051354463,0,0,,,,
2025-10-13T13:08:08,rock-ms7a95,NVIDIA GeForce RTX 3090,0,kernel,24,1.1,1.1277,1.1277,381.165,338.0,0,stream_triad,cuda,fp32,0,567,567,1.1277,381.165,338.0,338.0,913217421312,809.83,kernel,kernel,0,NVIDIA GeForce RTX 3090,13000,0,0,0,0,1950,9501,64,4,sweep;repeats=50;passes=567;grid=2624;block=256;dtype=fp32,0.0001058791666666,0.6722486772486773,1.8673574368018814e-07,0.0019888888888888886,809.8052862569833,0.4173869125847253,0,0,,,,
2025-10-13T13:08:10,rock-ms7a95,NVIDIA GeForce RTX 3090,0,kernel,25,1.1,1.1275,1.1275,381.293,338.2,0,stream_triad,cuda,fp32,0,567,567,1.1275,381.293,338.2,338.2,913217421312,809.91,kernel,kernel,0,NVIDIA GeForce RTX 3090,13000,0,0,0,0,1950,9501,64,4,sweep;repeats=50;passes=567;grid=2624;block=256;dtype=fp32,0.0001059147222222,0.6724744268077602,1.8679845189104449e-07,0.001988536155202822,809.9489324274945,0.41752707635844755,0,0,,,,
2025-10-13T13:08:11,rock-ms7a95,NVIDIA GeForce RTX 3090,0,kernel,26,1.1,1.1277,1.1277,413.014,366.2,0,stream_triad,cuda,fp32,0,567,567,1.1277,413.014,366.2,366.2,913217421312,809.81,kernel,kernel,0,NVIDIA GeForce RTX 3090,13000,0,0,0,0,1950,9501,64,4,sweep;repeats=50;passes=567;grid=2624;block=256;dtype=fp32,0.0001147261111111,0.7284197530864198,2.0233882030178329e-07,0.0019888888888888886,809.8052862569833,0.45226250656347705,0,0,,,,
2025-10-13T13:08:12,rock-ms7a95,NVIDIA GeForce RTX 3090,0,kernel,27,1.1,1.1277,1.1277,382.01,338.8,0,stream_triad,cuda,fp32,0,567,567,1.1277,382.01,338.8,338.8,913217421312,809.83,kernel,kernel,0,NVIDIA GeForce RTX 3090,13000,0,0,0,0,1950,9501,64,4,sweep;repeats=50;passes=567;grid=2624;block=256;dtype=fp32,0.0001061138888888,0.6737389770723103,1.8714971585341953e-07,0.0019888888888888886,809.8052862569833,0.41831221249718864,0,0,,,,
2025-10-13T13:08:13,rock-ms7a95,NVIDIA GeForce RTX 3090,0,kernel,28,1.1,1.1278,1.1278,375.155,332.7,0,stream_triad,cuda,fp32,0,567,567,1.1278,375.155,332.7,332.7,913217421312,809.76,kernel,kernel,0,NVIDIA GeForce RTX 3090,13000,0,0,0,0,1950,9501,64,4,sweep;repeats=50;passes=567;grid=2624;block=256;dtype=fp32,0.0001042097222222,0.6616490299823633,1.8379139721732313e-07,0.001989065255731922,809.7334822769996,0.4108057853966723,0,0,,,,
2025-10-13T13:08:14,rock-ms7a95,NVIDIA GeForce RTX 3090,0,kernel,29,1.1,1.1276,1.1276,412.515,365.8,0,stream_triad,cuda,fp32,0,567,567,1.1276,412.515,365.8,365.8,913217421312,809.84,kernel,kernel,0,NVIDIA GeForce RTX 3090,13000,0,0,0,0,1935,9501,64,4,sweep;repeats=50;passes=567;grid=2624;block=256;dtype=fp32,0.0001145875,0.7275396825396825,2.0209435626102292e-07,0.0019887125220458554,809.8771029726854,0.45171608685185666,0,0,,,,
2025-10-13T13:08:15,rock-ms7a95,NVIDIA GeForce RTX 3090,0,kernel,30,1.1,1.1276,1.1276,381.834,338.6,0,stream_triad,cuda,fp32,0,567,567,1.1276,381.834,338.6,338.6,913217421312,809.86,kernel,kernel,0,NVIDIA GeForce RTX 3090,13000,0,0,0,0,1935,9501,63,4,sweep;repeats=50;passes=567;grid=2624;block=256;dtype=fp32,0.000106065,0.6734285714285715,1.8706349206349208e-07,0.0019887125220458554,809.8771029726854,0.41811948730832055,0,0,,,,
2025-10-13T13:08:16,rock-ms7a95,NVIDIA GeForce RTX 3090,0,kernel,31,1.1,1.1277,1.1277,375.012,332.5,0,stream_triad,cuda,fp32,0,567,567,1.1277,375.012,332.5,332.5,913217421312,809.81,kernel,kernel,0,NVIDIA GeForce RTX 3090,13000,0,0,0,0,1950,9501,64,4,sweep;repeats=50;passes=567;grid=2624;block=256;dtype=fp32,0.00010417,0.6613968253968254,1.8372134038800708e-07,0.0019888888888888886,809.8052862569833,0.410649196180717,0,0,,,,
2025-10-13T13:08:18,rock-ms7a95,NVIDIA GeForce RTX 3090,0,kernel,32,1.1,1.1277,1.1277,412.756,366.0,0,stream_triad,cuda,fp32,0,567,567,1.1277,412.756,366.0,366.0,913217421312,809.8,kernel,kernel,0,NVIDIA GeForce RTX 3090,13000,0,0,0,0,1950,9501,64,4,sweep;repeats=50;passes=567;grid=2624;block=256;dtype=fp32,0.0001146544444444,0.7279647266313932,2.022124240642759e-07,0.0019888888888888886,809.8052862569833,0.4519799889570681,0,0,,,,
2025-10-13T13:08:19,rock-ms7a95,NVIDIA GeForce RTX 3090,0,kernel,33,1.1,1.1275,1.1275,382.094,338.9,0,stream_triad,cuda,fp32,0,567,567,1.1275,382.094,338.9,338.9,913217421312,809.92,kernel,kernel,0,NVIDIA GeForce RTX 3090,13000,0,0,0,0,1950,9501,64,4,sweep;repeats=50;passes=567;grid=2624;block=256;dtype=fp32,0.0001061372222222,0.6738871252204586,1.8719086811679406e-07,0.001988536155202822,809.9489324274945,0.41840419497369385,0,0,,,,
2025-10-13T13:08:20,rock-ms7a95,NVIDIA GeForce RTX 3090,0,kernel,34,1.1,1.1275,1.1275,376.929,334.3,0,stream_triad,cuda,fp32,0,567,567,1.1275,376.929,334.3,334.3,913217421312,809.97,kernel,kernel,0,NVIDIA GeForce RTX 3090,13000,0,0,0,0,1950,9501,64,4,sweep;repeats=50;passes=567;grid=2624;block=256;dtype=fp32,0.0001047025,0.6647777777777777,1.8466049382716047e-07,0.001988536155202822,809.9489324274945,0.41274836769810425,0,0,,,,
2025-10-13T13:08:21,rock-ms7a95,NVIDIA GeForce RTX 3090,0,kernel,35,1.1,1.1274,1.1274,380.021,337.1,0,stream_triad,cuda,fp32,0,567,567,1.1274,380.021,337.1,337.1,913217421312,810.01,kernel,kernel,0,NVIDIA GeForce RTX 3090,13000,0,0,0,0,1950,9501,64,4,sweep;repeats=50;passes=567;grid=2624;block=256;dtype=fp32,0.0001055613888888,0.6702310405643739,1.8617528904565942e-07,0.0019883597883597883,810.0207746248004,0.4161341988570826,0,0,,,,
2025-10-13T13:08:22,rock-ms7a95,NVIDIA GeForce RTX 3090,0,kernel,36,1.1,1.1277,1.1277,382.565,339.2,0,stream_triad,cuda,fp32,0,567,567,1.1277,382.565,339.2,339.2,913217421312,809.79,kernel,kernel,0,NVIDIA GeForce RTX 3090,13000,0,0,0,0,1950,9501,64,4,sweep;repeats=50;passes=567;grid=2624;block=256;dtype=fp32,0.0001062680555555,0.6747178130511464,1.8742161473642955e-07,0.0019888888888888886,809.8052862569833,0.41891995385981246,0,0,,,,
2025-10-13T13:08:23,rock-ms7a95,NVIDIA GeForce RTX 3090,0,kernel,37,1.1,1.1278,1.1278,377.519,334.7,0,stream_triad,cuda,fp32,0,567,567,1.1278,377.519,334.7,334.7,913217421312,809.75,kernel,kernel,0,NVIDIA GeForce RTX 3090,13000,0,0,0,0,1950,9501,64,4,sweep;repeats=50;passes=567;grid=2624;block=256;dtype=fp32,0.0001048663888888,0.6658183421516755,1.849495394865765e-07,0.001989065255731922,809.7334822769996,0.4133944350926053,0,0,,,,
2025-10-13T13:08:24,rock-ms7a95,NVIDIA GeForce RTX 3090,0,kernel,38,1.1,1.1277,1.1277,380.75,337.6,0,stream_triad,cuda,fp32,0,567,567,1.1277,380.75,337.6,337.6,913217421312,809.79,kernel,kernel,0,NVIDIA GeForce RTX 3090,13000,0,0,0,0,1950,9501,64,4,sweep;repeats=50;passes=567;grid=2624;block=256;dtype=fp32,0.0001057638888888,0.6715167548500882,1.8653243190280228e-07,0.0019888888888888886,809.8052862569833,0.41693247534961014,0,0,,,,
2025-10-13T13:08:25,rock-ms7a95,NVIDIA GeForce RTX 3090,0,kernel,39,1.1,1.1277,1.1277,409.965,363.6,0,stream_triad,cuda,fp32,0,567,567,1.1277,409.965,363.6,363.6,913217421312,809.83,kernel,kernel,0,NVIDIA GeForce RTX 3090,13000,0,0,0,0,1950,9501,64,4,sweep;repeats=50;passes=567;grid=2624;block=256;dtype=fp32,0.0001138791666666,0.723042328042328,2.008450911228689e-07,0.0019888888888888886,809.8052862569833,0.4489237616722335,0,0,,,,
2025-10-13T13:08:27,rock-ms7a95,NVIDIA GeForce RTX 3090,0,kernel,40,1.1,1.1276,1.1276,377.736,335.0,0,stream_triad,cuda,fp32,0,567,567,1.1276,377.736,335.0,335.0,913217421312,809.9,kernel,kernel,0,NVIDIA GeForce RTX 3090,13000,0,0,0,0,1950,9501,64,4,sweep;repeats=50;passes=567;grid=2624;block=256;dtype=fp32,0.0001049266666666,0.6662010582010582,1.8505584950029394e-07,0.0019887125220458554,809.8771029726854,0.4136320564902438,0,0,,,,
2025-10-13T13:08:28,rock-ms7a95,NVIDIA GeForce RTX 3090,0,kernel,41,1.1,1.1275,1.1275,380.167,337.2,0,stream_triad,cuda,fp32,0,567,567,1.1275,380.167,337.2,337.2,913217421312,809.94,kernel,kernel,0,NVIDIA GeForce RTX 3090,13000,0,0,0,0,1950,9501,64,4,sweep;repeats=50;passes=567;grid=2624;block=256;dtype=fp32,0.0001056019444444,0.6704885361552028,1.8624681559866743e-07,0.001988536155202822,809.9489324274945,0.41629407316148453,0,0,,,,
2025-10-13T13:08:29,rock-ms7a95,NVIDIA GeForce RTX 3090,0,kernel,42,1.1,1.1277,1.1277,410.229,363.8,0,stream_triad,cuda,fp32,0,567,567,1.1277,410.229,363.8,363.8,913217421312,809.79,kernel,kernel,0,NVIDIA GeForce RTX 3090,13000,0,0,0,0,1950,9501,64,4,sweep;repeats=50;passes=567;grid=2624;block=256;dtype=fp32,0.0001139525,0.7235079365079364,2.0097442680776013e-07,0.0019888888888888886,809.8052862569833,0.4492128494555357,0,0,,,,
2025-10-13T13:08:30,rock-ms7a95,NVIDIA GeForce RTX 3090,0,kernel,43,1.1,1.1275,1.1275,378.184,335.4,0,stream_triad,cuda,fp32,0,567,567,1.1275,378.184,335.4,335.4,913217421312,809.95,kernel,kernel,0,NVIDIA GeForce RTX 3090,13000,0,0,0,0,1950,9501,64,4,sweep;repeats=50;passes=567;grid=2624;block=256;dtype=fp32,0.0001050511111111,0.6669911816578483,1.852753282382912e-07,0.001988536155202822,809.9489324274945,0.41412262969827174,0,0,,,,
2025-10-13T13:08:31,rock-ms7a95,NVIDIA GeForce RTX 3090,0,kernel,44,1.1,1.1275,1.1275,380.775,337.7,0,stream_triad,cuda,fp32,0,567,567,1.1275,380.775,337.7,337.7,913217421312,809.93,kernel,kernel,0,NVIDIA GeForce RTX 3090,13000,0,0,0,0,1950,9501,64,4,sweep;repeats=50;passes=567;grid=2624;block=256;dtype=fp32,0.0001057708333333,0.6715608465608465,1.8654467960023514e-07,0.001988536155202822,809.9489324274945,0.4169598510866652,0,0,,,,
2025-10-13T13:08:32,rock-ms7a95,NVIDIA GeForce RTX 3090,0,kernel,45,1.1,1.1277,1.1277,411.76,365.1,0,stream_triad,cuda,fp32,0,567,567,1.1277,411.76,365.1,365.1,913217421312,809.79,kernel,kernel,0,NVIDIA GeForce RTX 3090,13000,0,0,0,0,1950,9501,64,4,sweep;repeats=50;passes=567;grid=2624;block=256;dtype=fp32,0.0001143777777777,0.7262081128747795,2.0172447579854986e-07,0.0019888888888888886,809.8052862569833,0.45088933959279176,0,0,,,,
2025-10-13T13:08:33,rock-ms7a95,NVIDIA GeForce RTX 3090,0,kernel,46,1.1,1.1277,1.1277,379.78,336.8,0,stream_triad,cuda,fp32,0,567,567,1.1277,379.78,336.8,336.8,913217421312,809.81,kernel,kernel,0,NVIDIA GeForce RTX 3090,13000,0,0,0,0,1950,9501,64,4,sweep;repeats=50;passes=567;grid=2624;block=256;dtype=fp32,0.0001054944444444,0.6698059964726631,1.8605722124240642e-07,0.0019888888888888886,809.8052862569833,0.4158702967518711,0,0,,,,
2025-10-13T13:08:35,rock-ms7a95,NVIDIA GeForce RTX 3090,0,kernel,47,1.1,1.1278,1.1278,381.333,338.1,0,stream_triad,cuda,fp32,0,567,567,1.1278,381.333,338.1,338.1,913217421312,809.76,kernel,kernel,0,NVIDIA GeForce RTX 3090,13000,0,0,0,0,1950,9501,64,4,sweep;repeats=50;passes=567;grid=2624;block=256;dtype=fp32,0.0001059258333333,0.6725449735449736,1.868180482069371e-07,0.001989065255731922,809.7334822769996,0.41757087753773575,0,0,,,,
2025-10-13T13:08:36,rock-ms7a95,NVIDIA GeForce RTX 3090,0,kernel,48,1.1,1.1275,1.1275,412.681,366.0,0,stream_triad,cuda,fp32,0,567,567,1.1275,412.681,366.0,366.0,913217421312,809.93,kernel,kernel,0,NVIDIA GeForce RTX 3090,13000,0,0,0,0,1950,9501,64,4,sweep;repeats=50;passes=567;grid=2624;block=256;dtype=fp32,0.0001146336111111,0.7278324514991181,2.0217568097197727e-07,0.001988536155202822,809.9489324274945,0.4518978617459027,0,0,,,,
2025-10-13T13:08:37,rock-ms7a95,NVIDIA GeForce RTX 3090,0,kernel,49,1.1,1.1274,1.1274,380.126,337.2,0,stream_triad,cuda,fp32,0,567,567,1.1274,380.126,337.2,337.2,913217421312,810.01,kernel,kernel,0,NVIDIA GeForce RTX 3090,13000,0,0,0,0,1950,9501,64,4,sweep;repeats=50;passes=567;grid=2624;block=256;dtype=fp32,0.0001055905555555,0.6704162257495591,1.8622672937487753e-07,0.0019883597883597883,810.0207746248004,0.41624917695271413,0,0,,,,
2025-10-13T13:08:40,rock-ms7a95,NVIDIA GeForce RTX 3090,0,kernel,0,1.1,1.1276,1.1276,401.239,355.8,0,stream_triad,cuda,fp32,0,280,280,1.1276,401.239,355.8,355.8,901943132160,799.89,kernel,kernel,0,NVIDIA GeForce RTX 3090,13000,0,0,0,0,1950,9501,63,4,sweep;repeats=50;passes=280;grid=2624;block=256;dtype=fp32,0.0001114552777777,1.4329964285714285,3.980545634920635e-07,0.004027142857142857,799.8786202199361,0.4448606410906428,0,0,,,,
2025-10-13T13:08:41,rock-ms7a95,NVIDIA GeForce RTX 3090,0,kernel,1,1.1,1.1278,1.1278,381.26,338.1,0,stream_triad,cuda,fp32,0,280,280,1.1278,381.26,338.1,338.1,901943132160,799.76,kernel,kernel,0,NVIDIA GeForce RTX 3090,13000,0,0,0,0,1950,9501,63,4,sweep;repeats=50;passes=280;grid=2624;block=256;dtype=fp32,0.0001059055555555,1.3616428571428572,3.78234126984127e-07,0.004027857142857143,799.7367726192588,0.42270957714035395,0,0,,,,
2025-10-13T13:08:42,rock-ms7a95,NVIDIA GeForce RTX 3090,0,kernel,2,1.1,1.1277,1.1277,374.765,332.3,0,stream_triad,cuda,fp32,0,280,280,1.1277,374.765,332.3,332.3,901943132160,799.78,kernel,kernel,0,NVIDIA GeForce RTX 3090,13000,0,0,0,0,1950,9501,63,4,sweep;repeats=50;passes=280;grid=2624;block=256;dtype=fp32,0.0001041013888888,1.3384464285714286,3.7179067460317463e-07,0.0040275,799.8076901303539,0.415508457947345,0,0,,,,
2025-10-13T13:08:43,rock-ms7a95,NVIDIA GeForce RTX 3090,0,kernel,3,1.1,1.1276,1.1276,412.766,366.0,0,stream_triad,cuda,fp32,0,280,280,1.1276,412.766,366.0,366.0,901943132160,799.86,kernel,kernel,0,NVIDIA GeForce RTX 3090,13000,0,0,0,0,1950,9501,63,4,sweep;repeats=50;passes=280;grid=2624;block=256;dtype=fp32,0.0001146572222222,1.4741642857142858,4.0949007936507937e-07,0.004027142857142857,799.8786202199361,0.45764082599253886,0,0,,,,
2025-10-13T13:08:44,rock-ms7a95,NVIDIA GeForce RTX 3090,0,kernel,4,1.1,1.1277,1.1277,381.897,338.7,0,stream_triad,cuda,fp32,0,280,280,1.1277,381.897,338.7,338.7,901943132160,799.84,kernel,kernel,0,NVIDIA GeForce RTX 3090,13000,0,0,0,0,1935,9501,63,4,sweep;repeats=50;passes=280;grid=2624;block=256;dtype=fp32,0.0001060825,1.3639178571428572,3.7886607142857145e-07,0.0040275,799.8076901303539,0.42341583009277073,0,0,,,,
2025-10-13T13:08:45,rock-ms7a95,NVIDIA GeForce RTX 3090,0,kernel,5,1.1,1.1277,1.1277,374.932,332.5,0,stream_triad,cuda,fp32,0,280,280,1.1277,374.932,332.5,332.5,901943132160,799.83,kernel,kernel,0,NVIDIA GeForce RTX 3090,13000,0,0,0,0,1935,9501,63,4,sweep;repeats=50;passes=280;grid=2624;block=256;dtype=fp32,0.0001041477777777,1.3390428571428572,3.7195634920634924e-07,0.0040275,799.8076901303539,0.41569361374491737,0,0,,,,
2025-10-13T13:08:46,rock-ms7a95,NVIDIA GeForce RTX 3090,0,kernel,6,1.1,1.1276,1.1276,412.97,366.2,0,stream_triad,cuda,fp32,0,280,280,1.1276,412.97,366.2,366.2,901943132160,799.87,kernel,kernel,0,NVIDIA GeForce RTX 3090,13000,0,0,0,0,1950,9501,63,4,sweep;repeats=50;passes=280;grid=2624;block=256;dtype=fp32,0.0001147138888888,1.4748928571428572,4.0969246031746037e-07,0.004027142857142857,799.8786202199361,0.4578670043320883,0,0,,,,
2025-10-13T13:08:48,rock-ms7a95,NVIDIA GeForce RTX 3090,0,kernel,7,1.1,1.1282,1.1282,381.799,338.4,0,stream_triad,cuda,fp32,0,280,280,1.1282,381.799,338.4,338.4,901943132160,799.46,kernel,kernel,0,NVIDIA GeForce RTX 3090,13000,0,0,0,0,1950,9501,63,4,sweep;repeats=50;passes=280;grid=2624;block=256;dtype=fp32,0.0001060552777777,1.363567857142857,3.787688492063492e-07,0.004029285714285714,799.4532282928558,0.4233071757923989,0,0,,,,
2025-10-13T13:08:49,rock-ms7a95,NVIDIA GeForce RTX 3090,0,kernel,8,1.1,1.1279,1.1279,374.92,332.4,0,stream_triad,cuda,fp32,0,280,280,1.1279,374.92,332.4,332.4,901943132160,799.65,kernel,kernel,0,NVIDIA GeForce RTX 3090,13000,0,0,0,0,1950,9501,63,4,sweep;repeats=50;passes=280;grid=2624;block=256;dtype=fp32,0.0001041444444444,1.339,3.7194444444444444e-07,0.004028214285714285,799.6658676833054,0.4156803091367086,0,0,,,,
2025-10-13T13:08:50,rock-ms7a95,NVIDIA GeForce RTX 3090,0,kernel,9,1.1,1.1276,1.1276,412.856,366.1,0,stream_triad,cuda,fp32,0,280,280,1.1276,412.856,366.1,366.1,901943132160,799.87,kernel,kernel,0,NVIDIA GeForce RTX 3090,13000,0,0,0,0,1950,9501,63,4,sweep;repeats=50;passes=280;grid=2624;block=256;dtype=fp32,0.0001146822222222,1.4744857142857142,4.0957936507936505e-07,0.004027142857142857,799.8786202199361,0.45774061055410475,0,0,,,,
2025-10-13T13:08:51,rock-ms7a95,NVIDIA GeForce RTX 3090,0,kernel,10,1.1,1.1276,1.1276,380.872,337.8,0,stream_triad,cuda,fp32,0,280,280,1.1276,380.872,337.8,337.8,901943132160,799.89,kernel,kernel,0,NVIDIA GeForce RTX 3090,13000,0,0,0,0,1950,9501,63,4,sweep;repeats=50;passes=280;grid=2624;block=256;dtype=fp32,0.0001057977777777,1.3602571428571428,3.778492063492063e-07,0.004027142857142857,799.8786202199361,0.4222793948082697,0,0,,,,
2025-10-13T13:08:52,rock-ms7a95,NVIDIA GeForce RTX 3090,0,kernel,11,1.1,1.1278,1.1278,381.065,337.9,0,stream_triad,cuda,fp32,0,280,280,1.1278,381.065,337.9,337.9,901943132160,799.7,kernel,kernel,0,NVIDIA GeForce RTX 3090,13000,0,0,0,0,1950,9501,63,4,sweep;repeats=50;passes=280;grid=2624;block=256;dtype=fp32,0.0001058513888888,1.3609464285714286,3.780406746031746e-07,0.004027857142857143,799.7367726192588,0.42249337725696107,0,0,,,,
2025-10-13T13:08:53,rock-ms7a95,NVIDIA GeForce RTX 3090,0,kernel,12,1.1,1.1277,1.1277,411.648,365.0,0,stream_triad,cuda,fp32,0,280,280,1.1277,411.648,365.0,365.0,901943132160,799.82,kernel,kernel,0,NVIDIA GeForce RTX 3090,13000,0,0,0,0,1950,9501,64,4,sweep;repeats=50;passes=280;grid=2624;block=256;dtype=fp32,0.0001143466666666,1.4701714285714287,4.083809523809524e-07,0.0040275,799.8076901303539,0.45640127999441965,0,0,,,,
2025-10-13T13:08:54,rock-ms7a95,NVIDIA GeForce RTX 3090,0,kernel,13,1.1,1.1277,1.1277,380.899,337.8,0,stream_triad,cuda,fp32,0,280,280,1.1277,380.899,337.8,337.8,901943132160,799.83,kernel,kernel,0,NVIDIA GeForce RTX 3090,13000,0,0,0,0,1950,9501,63,4,sweep;repeats=50;passes=280;grid=2624;block=256;dtype=fp32,0.0001058052777777,1.3603535714285715,3.7787599206349207e-07,0.0040275,799.8076901303539,0.42230933017673944,0,0,,,,
2025-10-13T13:08:56,rock-ms7a95,NVIDIA GeForce RTX 3090,0,kernel,14,1.1,1.1275,1.1275,380.978,337.9,0,stream_triad,cuda,fp32,0,280,280,1.1275,380.978,337.9,337.9,901943132160,799.95,kernel,kernel,0,NVIDIA GeForce RTX 3090,13000,0,0,0,0,1950,9501,63,4,sweep;repeats=50;passes=280;grid=2624;block=256;dtype=fp32,0.0001058272222222,1.3606357142857144,3.779543650793651e-07,0.0040267857142857145,799.9495628913526,0.42239691884744734,0,0,,,,
2025-10-13T13:08:57,rock-ms7a95,NVIDIA GeForce RTX 3090,0,kernel,15,1.1,1.1276,1.1276,412.643,365.9,0,stream_triad,cuda,fp32,0,280,280,1.1276,412.643,365.9,365.9,901943132160,799.86,kernel,kernel,0,NVIDIA GeForce RTX 3090,13000,0,0,0,0,1950,9501,64,4,sweep;repeats=50;passes=280;grid=2624;block=256;dtype=fp32,0.0001146230555555,1.473725,4.093680555555555e-07,0.004027142857142857,799.8786202199361,0.45750445375839865,0,0,,,,
2025-10-13T13:08:58,rock-ms7a95,NVIDIA GeForce RTX 3090,0,kernel,16,1.1,1.1275,1.1275,381.246,338.1,0,stream_triad,cuda,fp32,0,280,280,1.1275,381.246,338.1,338.1,901943132160,799.94,kernel,kernel,0,NVIDIA GeForce RTX 3090,13000,0,0,0,0,1935,9501,64,4,sweep;repeats=50;passes=280;grid=2624;block=256;dtype=fp32,0.0001059016666666,1.361592857142857,3.782202380952381e-07,0.0040267857142857145,799.9495628913526,0.4226940550974437,0,0,,,,
2025-10-13T13:08:59,rock-ms7a95,NVIDIA GeForce RTX 3090,0,kernel,17,1.1,1.1274,1.1274,380.821,337.8,0,stream_triad,cuda,fp32,0,280,280,1.1274,380.821,337.8,337.8,901943132160,800.01,kernel,kernel,0,NVIDIA GeForce RTX 3090,13000,0,0,0,0,1950,9501,64,4,sweep;repeats=50;passes=280;grid=2624;block=256;dtype=fp32,0.0001057836111111,1.3600750000000001,3.7779861111111113e-07,0.004026428571428571,800.0205181479511,0.42222285022338235,0,0,,,,
2025-10-13T13:09:00,rock-ms7a95,NVIDIA GeForce RTX 3090,0,kernel,18,1.1,1.1275,1.1275,411.452,364.9,0,stream_triad,cuda,fp32,0,280,280,1.1275,411.452,364.9,364.9,901943132160,799.95,kernel,kernel,0,NVIDIA GeForce RTX 3090,13000,0,0,0,0,1950,9501,64,4,sweep;repeats=50;passes=280;grid=2624;block=256;dtype=fp32,0.0001142922222222,1.4694714285714285,4.0818650793650794e-07,0.0040267857142857145,799.9495628913526,0.456183971393676,0,0,,,,
2025-10-13T13:09:01,rock-ms7a95,NVIDIA GeForce RTX 3090,0,kernel,19,1.1,1.1276,1.1276,381.646,338.5,0,stream_triad,cuda,fp32,0,280,280,1.1276,381.646,338.5,338.5,901943132160,799.86,kernel,kernel,0,NVIDIA GeForce RTX 3090,13000,0,0,0,0,1950,9501,64,4,sweep;repeats=50;passes=280;grid=2624;block=256;dtype=fp32,0.0001060127777777,1.3630214285714286,3.786170634920635e-07,0.004027142857142857,799.8786202199361,0.4231375420377368,0,0,,,,
2025-10-13T13:09:02,rock-ms7a95,NVIDIA GeForce RTX 3090,0,kernel,20,1.1,1.1277,1.1277,379.884,336.9,0,stream_triad,cuda,fp32,0,280,280,1.1277,379.884,336.9,336.9,901943132160,799.82,kernel,kernel,0,NVIDIA GeForce RTX 3090,13000,0,0,0,0,1935,9501,64,4,sweep;repeats=50;passes=280;grid=2624;block=256;dtype=fp32,0.0001055233333333,1.3567285714285715,3.768690476190476e-07,0.0040275,799.8076901303539,0.42118398206574575,0,0,,,,
2025-10-13T13:09:03,rock-ms7a95,NVIDIA GeForce RTX 3090,0,kernel,21,1.1,1.1276,1.1276,409.719,363.3,0,stream_triad,cuda,fp32,0,280,280,1.1276,409.719,363.3,363.3,901943132160,799.85,kernel,kernel,0,NVIDIA GeForce RTX 3090,13000,0,0,0,0,1950,9501,64,4,sweep;repeats=50;passes=280;grid=2624;block=256;dtype=fp32,0.0001138108333333,1.4632821428571428,4.0646726190476187e-07,0.004027142857142857,799.8786202199361,0.4542625642248562,0,0,,,,
2025-10-13T13:09:05,rock-ms7a95,NVIDIA GeForce RTX 3090,0,kernel,22,1.1,1.1276,1.1276,379.486,336.5,0,stream_triad,cuda,fp32,0,280,280,1.1276,379.486,336.5,336.5,901943132160,799.85,kernel,kernel,0,NVIDIA GeForce RTX 3090,13000,0,0,0,0,1950,9501,64,4,sweep;repeats=50;passes=280;grid=2624;block=256;dtype=fp32,0.0001054127777777,1.3553071428571428,3.764742063492063e-07,0.004027142857142857,799.8786202199361,0.4207427125601541,0,0,,,,
2025-10-13T13:09:06,rock-ms7a95,NVIDIA GeForce RTX 3090,0,kernel,23,1.1,1.1278,1.1278,379.97,336.9,0,stream_triad,cuda,fp32,0,280,280,1.1278,379.97,336.9,336.9,901943132160,799.75,kernel,kernel,0,NVIDIA GeForce RTX 3090,13000,0,0,0,0,1935,9501,63,4,sweep;repeats=50;passes=280;grid=2624;block=256;dtype=fp32,0.0001055472222222,1.3570357142857143,3.769543650793651e-07,0.004027857142857143,799.7367726192588,0.4212793317579088,0,0,,,,
2025-10-13T13:09:07,rock-ms7a95,NVIDIA GeForce RTX 3090,0,kernel,24,1.1,1.1277,1.1277,409.808,363.4,0,stream_triad,cuda,fp32,0,280,280,1.1277,409.808,363.4,363.4,901943132160,799.84,kernel,kernel,0,NVIDIA GeForce RTX 3090,13000,0,0,0,0,1950,9501,64,4,sweep;repeats=50;passes=280;grid=2624;block=256;dtype=fp32,0.0001138355555555,1.4636,4.0655555555555555e-07,0.0040275,799.8076901303539,0.4543612400690714,0,0,,,,
2025-10-13T13:09:08,rock-ms7a95,NVIDIA GeForce RTX 3090,0,kernel,25,1.1,1.1275,1.1275,379.289,336.4,0,stream_triad,cuda,fp32,0,280,280,1.1275,379.289,336.4,336.4,901943132160,799.98,kernel,kernel,0,NVIDIA GeForce RTX 3090,13000,0,0,0,0,1950,9501,64,4,sweep;repeats=50;passes=280;grid=2624;block=256;dtype=fp32,0.0001053580555555,1.3546035714285714,3.762787698412698e-07,0.0040267857142857145,799.9495628913526,0.4205242952420598,0,0,,,,
2025-10-13T13:09:09,rock-ms7a95,NVIDIA GeForce RTX 3090,0,kernel,26,1.1,1.1275,1.1275,380.536,337.5,0,stream_triad,cuda,fp32,0,280,280,1.1275,380.536,337.5,337.5,901943132160,799.94,kernel,kernel,0,NVIDIA GeForce RTX 3090,13000,0,0,0,0,1950,9501,64,4,sweep;repeats=50;passes=280;grid=2624;block=256;dtype=fp32,0.0001057044444444,1.359057142857143,3.7751587301587305e-07,0.0040267857142857145,799.9495628913526,0.4219068657784235,0,0,,,,
2025-10-13T13:09:10,rock-ms7a95,NVIDIA GeForce RTX 3090,0,kernel,27,1.1,1.1276,1.1276,409.748,363.4,0,stream_triad,cuda,fp32,0,280,280,1.1276,409.748,363.4,363.4,901943132160,799.86,kernel,kernel,0,NVIDIA GeForce RTX 3090,13000,0,0,0,0,1935,9501,63,4,sweep;repeats=50;passes=280;grid=2624;block=256;dtype=fp32,0.0001138188888888,1.4633857142857143,4.0649603174603173e-07,0.004027142857142857,799.8786202199361,0.4542947170280275,0,0,,,,
2025-10-13T13:09:11,rock-ms7a95,NVIDIA GeForce RTX 3090,0,kernel,28,1.1,1.1274,1.1274,379.907,337.0,0,stream_triad,cuda,fp32,0,280,280,1.1274,379.907,337.0,337.0,901943132160,799.99,kernel,kernel,0,NVIDIA GeForce RTX 3090,13000,0,0,0,0,1950,9501,64,4,sweep;repeats=50;passes=280;grid=2624;block=256;dtype=fp32,0.0001055297222222,1.3568107142857142,3.7689186507936505e-07,0.004026428571428571,800.0205181479511,0.4212094825648126,0,0,,,,
2025-10-13T13:09:13,rock-ms7a95,NVIDIA GeForce RTX 3090,0,kernel,29,1.1,1.1274,1.1274,380.592,337.6,0,stream_triad,cuda,fp32,0,280,280,1.1274,380.592,337.6,337.6,901943132160,800.03,kernel,kernel,0,NVIDIA GeForce RTX 3090,13000,0,0,0,0,1950,9501,64,4,sweep;repeats=50;passes=280;grid=2624;block=256;dtype=fp32,0.00010572,1.3592571428571427,3.7757142857142855e-07,0.004026428571428571,800.0205181479511,0.4219689539500645,0,0,,,,
2025-10-13T13:09:14,rock-ms7a95,NVIDIA GeForce RTX 3090,0,kernel,30,1.1,1.1275,1.1275,410.693,364.3,0,stream_triad,cuda,fp32,0,280,280,1.1275,410.693,364.3,364.3,901943132160,799.96,kernel,kernel,0,NVIDIA GeForce RTX 3090,13000,0,0,0,0,1950,9501,64,4,sweep;repeats=50;passes=280;grid=2624;block=256;dtype=fp32,0.0001140813888888,1.4667607142857142,4.074335317460317e-07,0.0040267857142857145,799.9495628913526,0.4553424549244699,0,0,,,,
2025-10-13T13:09:15,rock-ms7a95,NVIDIA GeForce RTX 3090,0,kernel,31,1.1,1.1276,1.1276,379.689,336.7,0,stream_triad,cuda,fp32,0,280,280,1.1276,379.689,336.7,336.7,901943132160,799.85,kernel,kernel,0,NVIDIA GeForce RTX 3090,13000,0,0,0,0,1950,9501,64,4,sweep;repeats=50;passes=280;grid=2624;block=256;dtype=fp32,0.0001054691666666,1.356032142857143,3.7667559523809526e-07,0.004027142857142857,799.8786202199361,0.4209677821823529,0,0,,,,
2025-10-13T13:09:16,rock-ms7a95,NVIDIA GeForce RTX 3090,0,kernel,32,1.1,1.1277,1.1277,381.037,337.9,0,stream_triad,cuda,fp32,0,280,280,1.1277,381.037,337.9,337.9,901943132160,799.84,kernel,kernel,0,NVIDIA GeForce RTX 3090,13000,0,0,0,0,1950,9501,64,4,sweep;repeats=50;passes=280;grid=2624;block=256;dtype=fp32,0.0001058436111111,1.3608464285714286,3.780128968253968e-07,0.0040275,799.8076901303539,0.42246233317114057,0,0,,,,
2025-10-13T13:09:17,rock-ms7a95,NVIDIA GeForce RTX 3090,0,kernel,33,1.1,1.1276,1.1276,410.57,364.1,0,stream_triad,cuda,fp32,0,280,280,1.1276,410.57,364.1,364.1,901943132160,799.85,kernel,kernel,0,NVIDIA GeForce RTX 3090,13000,0,0,0,0,1950,9501,64,4,sweep;repeats=50;passes=280;grid=2624;block=256;dtype=fp32,0.0001140472222222,1.4663214285714286,4.073115079365079e-07,0.004027142857142857,799.8786202199361,0.45520608269032975,0,0,,,,
2025-10-13T13:09:18,rock-ms7a95,NVIDIA GeForce RTX 3090,0,kernel,34,1.1,1.1275,1.1275,379.887,336.9,0,stream_triad,cuda,fp32,0,280,280,1.1275,379.887,336.9,336.9,901943132160,799.93,kernel,kernel,0,NVIDIA GeForce RTX 3090,13000,0,0,0,0,1950,9501,64,4,sweep;repeats=50;passes=280;grid=2624;block=256;dtype=fp32,0.0001055241666666,1.3567392857142857,3.7687202380952383e-07,0.0040267857142857145,799.9495628913526,0.421187308217798,0,0,,,,
2025-10-13T13:09:19,rock-ms7a95,NVIDIA GeForce RTX 3090,0,kernel,35,1.1,1.1276,1.1276,380.776,337.7,0,stream_triad,cuda,fp32,0,280,280,1.1276,380.776,337.7,337.7,901943132160,799.88,kernel,kernel,0,NVIDIA GeForce RTX 3090,13000,0,0,0,0,1950,9501,64,4,sweep;repeats=50;passes=280;grid=2624;block=256;dtype=fp32,0.0001057711111111,1.3599142857142859,3.7775396825396827e-07,0.004027142857142857,799.8786202199361,0.42217295794259935,0,0,,,,
2025-10-13T13:09:20,rock-ms7a95,NVIDIA GeForce RTX 3090,0,kernel,36,1.1,1.1276,1.1276,410.811,364.3,0,stream_triad,cuda,fp32,0,280,280,1.1276,410.811,364.3,364.3,901943132160,799.88,kernel,kernel,0,NVIDIA GeForce RTX 3090,13000,0,0,0,0,1950,9501,64,4,sweep;repeats=50;passes=280;grid=2624;block=256;dtype=fp32,0.0001141141666666,1.4671821428571428,4.075505952380952e-07,0.004027142857142857,799.8786202199361,0.45547328357185635,0,0,,,,
2025-10-13T13:09:22,rock-ms7a95,NVIDIA GeForce RTX 3090,0,kernel,37,1.1,1.1276,1.1276,379.61,336.7,0,stream_triad,cuda,fp32,0,280,280,1.1276,379.61,336.7,336.7,901943132160,799.87,kernel,kernel,0,NVIDIA GeForce RTX 3090,13000,0,0,0,0,1950,9501,64,4,sweep;repeats=50;passes=280;grid=2624;block=256;dtype=fp32,0.0001054472222222,1.35575,3.765972222222222e-07,0.004027142857142857,799.8786202199361,0.420880193511645,0,0,,,,
2025-10-13T13:09:23,rock-ms7a95,NVIDIA GeForce RTX 3090,0,kernel,38,1.1,1.1276,1.1276,380.405,337.4,0,stream_triad,cuda,fp32,0,280,280,1.1276,380.405,337.4,337.4,901943132160,799.9,kernel,kernel,0,NVIDIA GeForce RTX 3090,13000,0,0,0,0,1950,9501,64,4,sweep;repeats=50;passes=280;grid=2624;block=256;dtype=fp32,0.0001056680555555,1.3585892857142856,3.7738591269841267e-07,0.004027142857142857,799.8786202199361,0.4217616238054775,0,0,,,,
2025-10-13T13:09:24,rock-ms7a95,NVIDIA GeForce RTX 3090,0,kernel,39,1.1,1.1276,1.1276,410.091,363.7,0,stream_triad,cuda,fp32,0,280,280,1.1276,410.091,363.7,363.7,901943132160,799.85,kernel,kernel,0,NVIDIA GeForce RTX 3090,13000,0,0,0,0,1935,9501,64,4,sweep;repeats=50;passes=280;grid=2624;block=256;dtype=fp32,0.0001139141666666,1.4646107142857143,4.0683630952380953e-07,0.004027142857142857,799.8786202199361,0.45467500707932884,0,0,,,,
2025-10-13T13:09:25,rock-ms7a95,NVIDIA GeForce RTX 3090,0,kernel,40,1.1,1.1276,1.1276,378.935,336.1,0,stream_triad,cuda,fp32,0,280,280,1.1276,378.935,336.1,336.1,901943132160,799.9,kernel,kernel,0,NVIDIA GeForce RTX 3090,13000,0,0,0,0,1950,9501,64,4,sweep;repeats=50;passes=280;grid=2624;block=256;dtype=fp32,0.0001052597222222,1.3533392857142856,3.7592757936507936e-07,0.004027142857142857,799.8786202199361,0.4201318092999004,0,0,,,,
2025-10-13T13:09:26,rock-ms7a95,NVIDIA GeForce RTX 3090,0,kernel,41,1.1,1.1275,1.1275,379.79,336.8,0,stream_triad,cuda,fp32,0,280,280,1.1275,379.79,336.8,336.8,901943132160,799.93,kernel,kernel,0,NVIDIA GeForce RTX 3090,13000,0,0,0,0,1950,9501,64,4,sweep;repeats=50;passes=280;grid=2624;block=256;dtype=fp32,0.0001054972222222,1.3563928571428572,3.767757936507937e-07,0.0040267857142857145,799.9495628913526,0.4210797626347769,0,0,,,,
2025-10-13T13:09:27,rock-ms7a95,NVIDIA GeForce RTX 3090,0,kernel,42,1.1,1.1278,1.1278,415.136,368.1,0,stream_triad,cuda,fp32,0,280,280,1.1278,415.136,368.1,368.1,901943132160,799.71,kernel,kernel,0,NVIDIA GeForce RTX 3090,13000,0,0,0,0,1950,9501,64,4,sweep;repeats=50;passes=280;grid=2624;block=256;dtype=fp32,0.0001153155555555,1.4826285714285714,4.1184126984126985e-07,0.004027857142857143,799.7367726192588,0.46026848611377535,0,0,,,,
2025-10-13T13:09:28,rock-ms7a95,NVIDIA GeForce RTX 3090,0,kernel,43,1.1,1.1276,1.1276,377.003,334.3,0,stream_triad,cuda,fp32,0,280,280,1.1276,377.003,334.3,334.3,901943132160,799.85,kernel,kernel,0,NVIDIA GeForce RTX 3090,13000,0,0,0,0,1950,9501,64,4,sweep;repeats=50;passes=280;grid=2624;block=256;dtype=fp32,0.0001047230555555,1.3464392857142857,3.740109126984127e-07,0.004027142857142857,799.8786202199361,0.4179897673782848,0,0,,,,
2025-10-13T13:09:30,rock-ms7a95,NVIDIA GeForce RTX 3090,0,kernel,44,1.1,1.1276,1.1276,377.921,335.1,0,stream_triad,cuda,fp32,0,280,280,1.1276,377.921,335.1,335.1,901943132160,799.85,kernel,kernel,0,NVIDIA GeForce RTX 3090,13000,0,0,0,0,1950,9501,64,4,sweep;repeats=50;passes=280;grid=2624;block=256;dtype=fp32,0.0001049780555555,1.3497178571428572,3.74921626984127e-07,0.004027142857142857,799.8786202199361,0.4190075699062574,0,0,,,,
2025-10-13T13:09:31,rock-ms7a95,NVIDIA GeForce RTX 3090,0,kernel,45,1.1,1.1275,1.1275,414.921,368.0,0,stream_triad,cuda,fp32,0,280,280,1.1275,414.921,368.0,368.0,901943132160,799.92,kernel,kernel,0,NVIDIA GeForce RTX 3090,13000,0,0,0,0,1935,9501,64,4,sweep;repeats=50;passes=280;grid=2624;block=256;dtype=fp32,0.0001152558333333,1.4818607142857143,4.116279761904762e-07,0.0040267857142857145,799.9495628913526,0.4600301118833678,0,0,,,,
2025-10-13T13:09:32,rock-ms7a95,NVIDIA GeForce RTX 3090,0,kernel,46,1.1,1.1275,1.1275,376.84,334.2,0,stream_triad,cuda,fp32,0,280,280,1.1275,376.84,334.2,334.2,901943132160,799.96,kernel,kernel,0,NVIDIA GeForce RTX 3090,13000,0,0,0,0,1935,9501,64,4,sweep;repeats=50;passes=280;grid=2624;block=256;dtype=fp32,0.0001046777777777,1.3458571428571429,3.7384920634920633e-07,0.0040267857142857145,799.9495628913526,0.41780904645011535,0,0,,,,
2025-10-13T13:09:33,rock-ms7a95,NVIDIA GeForce RTX 3090,0,kernel,47,1.1,1.1275,1.1275,377.891,335.1,0,stream_triad,cuda,fp32,0,280,280,1.1275,377.891,335.1,335.1,901943132160,799.92,kernel,kernel,0,NVIDIA GeForce RTX 3090,13000,0,0,0,0,1950,9501,64,4,sweep;repeats=50;passes=280;grid=2624;block=256;dtype=fp32,0.0001049697222222,1.3496107142857143,3.748918650793651e-07,0.0040267857142857145,799.9495628913526,0.41897430838573546,0,0,,,,
2025-10-13T13:09:34,rock-ms7a95,NVIDIA GeForce RTX 3090,0,kernel,48,1.1,1.1275,1.1275,414.868,368.0,0,stream_triad,cuda,fp32,0,280,280,1.1275,414.868,368.0,368.0,901943132160,799.96,kernel,kernel,0,NVIDIA GeForce RTX 3090,13000,0,0,0,0,1950,9501,64,4,sweep;repeats=50;passes=280;grid=2624;block=256;dtype=fp32,0.0001152411111111,1.4816714285714285,4.115753968253968e-07,0.0040267857142857145,799.9495628913526,0.45997134986377897,0,0,,,,
2025-10-13T13:09:35,rock-ms7a95,NVIDIA GeForce RTX 3090,0,kernel,49,1.1,1.1277,1.1277,377.122,334.4,0,stream_triad,cuda,fp32,0,280,280,1.1277,377.122,334.4,334.4,901943132160,799.83,kernel,kernel,0,NVIDIA GeForce RTX 3090,13000,0,0,0,0,1935,9501,63,4,sweep;repeats=50;passes=280;grid=2624;block=256;dtype=fp32,0.0001047561111111,1.3468642857142858,3.741289682539683e-07,0.0040275,799.8076901303539,0.418121704743022,0,0,,,,
2025-10-13T13:09:40,rock-ms7a95,NVIDIA GeForce RTX 3090,0,kernel,0,1.1,1.1273,1.1273,397.203,352.4,0,stream_triad,cuda,fp32,0,135,135,1.1273,397.203,352.4,352.4,869730877440,771.53,kernel,kernel,0,NVIDIA GeForce RTX 3090,13000,0,0,0,0,1950,9501,62,4,sweep;repeats=50;passes=135;grid=2624;block=256;dtype=fp32,0.0001103341666666,2.9422444444444444,8.172901234567901e-07,0.00835037037037037,771.5167900647565,0.456696445191348,0,0,,,,
2025-10-13T13:09:41,rock-ms7a95,NVIDIA GeForce RTX 3090,0,kernel,1,1.1,1.1269,1.1269,377.819,335.3,0,stream_triad,cuda,fp32,0,135,135,1.1269,377.819,335.3,335.3,869730877440,771.78,kernel,kernel,0,NVIDIA GeForce RTX 3090,13000,0,0,0,0,1950,9501,63,4,sweep;repeats=50;passes=135;grid=2624;block=256;dtype=fp32,0.0001049497222222,2.798659259259259,7.774053497942386e-07,0.008347407407407408,771.7906446357263,0.43440909113413023,0,0,,,,
2025-10-13T13:09:42,rock-ms7a95,NVIDIA GeForce RTX 3090,0,kernel,2,1.1,1.1273,1.1273,379.883,337.0,0,stream_triad,cuda,fp32,0,135,135,1.1273,379.883,337.0,337.0,869730877440,771.53,kernel,kernel,0,NVIDIA GeForce RTX 3090,13000,0,0,0,0,1950,9501,63,4,sweep;repeats=50;passes=135;grid=2624;block=256;dtype=fp32,0.0001055230555555,2.813948148148148,7.816522633744856e-07,0.00835037037037037,771.5167900647565,0.4367822390279652,0,0,,,,
2025-10-13T13:09:43,rock-ms7a95,NVIDIA GeForce RTX 3090,0,kernel,3,1.1,1.1268,1.1268,410.11,364.0,0,stream_triad,cuda,fp32,0,135,135,1.1268,410.11,364.0,364.0,869730877440,771.86,kernel,kernel,0,NVIDIA GeForce RTX 3090,13000,0,0,0,0,1950,9501,63,4,sweep;repeats=50;passes=135;grid=2624;block=256;dtype=fp32,0.0001139194444444,3.037851851851852,8.438477366255145e-07,0.008346666666666667,771.859138658147,0.471536667994511,0,0,,,,
2025-10-13T13:09:44,rock-ms7a95,NVIDIA GeForce RTX 3090,0,kernel,4,1.1,1.127,1.127,377.382,334.8,0,stream_triad,cuda,fp32,0,135,135,1.127,377.382,334.8,334.8,869730877440,771.7,kernel,kernel,0,NVIDIA GeForce RTX 3090,13000,0,0,0,0,1950,9501,63,4,sweep;repeats=50;passes=135;grid=2624;block=256;dtype=fp32,0.0001048283333333,2.7954222222222223,7.765061728395062e-07,0.008348148148148148,771.7221627684117,0.4339066368562204,0,0,,,,
2025-10-13T13:09:45,rock-ms7a95,NVIDIA GeForce RTX 3090,0,kernel,5,1.1,1.1268,1.1268,379.002,336.3,0,stream_triad,cuda,fp32,0,135,135,1.1268,379.002,336.3,336.3,869730877440,771.83,kernel,kernel,0,NVIDIA GeForce RTX 3090,13000,0,0,0,0,1950,9501,63,4,sweep;repeats=50;passes=135;grid=2624;block=256;dtype=fp32,0.0001052783333333,2.8074222222222223,7.798395061728395e-07,0.008346666666666667,771.859138658147,0.43576928200545134,0,0,,,,
2025-10-13T13:09:47,rock-ms7a95,NVIDIA GeForce RTX 3090,0,kernel,6,1.1,1.1269,1.1269,381.453,338.5,0,stream_triad,cuda,fp32,0,135,135,1.1269,381.453,338.5,338.5,869730877440,771.78,kernel,kernel,0,NVIDIA GeForce RTX 3090,13000,0,0,0,0,1950,9501,63,0,sweep;repeats=50;passes=135;grid=2624;block=256;dtype=fp32,0.0001059591666666,2.8255777777777777,7.848827160493827e-07,0.008347407407407408,771.7906446357263,0.4385873951293804,0,0,,,,
2025-10-13T13:09:48,rock-ms7a95,NVIDIA GeForce RTX 3090,0,kernel,7,1.1,1.1268,1.1268,374.987,332.8,0,stream_triad,cuda,fp32,0,135,135,1.1268,374.987,332.8,332.8,869730877440,771.84,kernel,kernel,0,NVIDIA GeForce RTX 3090,13000,0,0,0,0,1950,9501,63,4,sweep;repeats=50;passes=135;grid=2624;block=256;dtype=fp32,0.0001041630555555,2.7776814814814816,7.715781893004116e-07,0.008346666666666667,771.859138658147,0.43115291146584506,0,0,,,,
2025-10-13T13:09:49,rock-ms7a95,NVIDIA GeForce RTX 3090,0,kernel,8,1.1,1.1269,1.1269,412.409,366.0,0,stream_triad,cuda,fp32,0,135,135,1.1269,412.409,366.0,366.0,869730877440,771.77,kernel,kernel,0,NVIDIA GeForce RTX 3090,13000,0,0,0,0,1950,9501,63,4,sweep;repeats=50;passes=135;grid=2624;block=256;dtype=fp32,0.0001145580555555,3.0548814814814813,8.485781893004114e-07,0.008347407407407408,771.7906446357263,0.4741800144130801,0,0,,,,
2025-10-13T13:09:50,rock-ms7a95,NVIDIA GeForce RTX 3090,0,kernel,9,1.1,1.127,1.127,381.28,338.3,0,stream_triad,cuda,fp32,0,135,135,1.127,381.28,338.3,338.3,869730877440,771.75,kernel,kernel,0,NVIDIA GeForce RTX 3090,13000,0,0,0,0,1950,9501,63,4,sweep;repeats=50;passes=135;grid=2624;block=256;dtype=fp32,0.0001059111111111,2.8242962962962963,7.845267489711934e-07,0.008348148148148148,771.7221627684117,0.43838848302393785,0,0,,,,
2025-10-13T13:09:51,rock-ms7a95,NVIDIA GeForce RTX 3090,0,kernel,10,1.1,1.1272,1.1272,374.377,332.1,0,stream_triad,cuda,fp32,0,135,135,1.1272,374.377,332.1,332.1,869730877440,771.56,kernel,kernel,0,NVIDIA GeForce RTX 3090,13000,0,0,0,0,1950,9501,63,4,sweep;repeats=50;passes=135;grid=2624;block=256;dtype=fp32,0.0001039936111111,2.773162962962963,7.703230452674896e-07,0.008349629629629629,771.5852354861604,0.4304515450824926,0,0,,,,
2025-10-13T13:09:52,rock-ms7a95,NVIDIA GeForce RTX 3090,0,kernel,11,1.1,1.1268,1.1268,411.744,365.4,0,stream_triad,cuda,fp32,0,135,135,1.1268,411.744,365.4,365.4,869730877440,771.88,kernel,kernel,0,NVIDIA GeForce RTX 3090,13000,0,0,0,0,1950,9501,63,4,sweep;repeats=50;passes=135;grid=2624;block=256;dtype=fp32,0.0001143733333333,3.049955555555556,8.4720987654321e-07,0.008346666666666667,771.859138658147,0.4734154100771304,0,0,,,,
2025-10-13T13:09:53,rock-ms7a95,NVIDIA GeForce RTX 3090,0,kernel,12,1.1,1.1267,1.1267,380.588,337.8,0,stream_triad,cuda,fp32,0,135,135,1.1267,380.588,337.8,337.8,869730877440,771.9,kernel,kernel,0,NVIDIA GeForce RTX 3090,13000,0,0,0,0,1950,9501,63,4,sweep;repeats=50;passes=135;grid=2624;block=256;dtype=fp32,0.0001057188888888,2.8191703703703705,7.831028806584362e-07,0.008345925925925927,771.92764483891,0.43759283460216764,0,0,,,,
2025-10-13T13:09:54,rock-ms7a95,NVIDIA GeForce RTX 3090,0,kernel,13,1.1,1.1268,1.1268,379.831,337.1,0,stream_triad,cuda,fp32,0,135,135,1.1268,379.831,337.1,337.1,869730877440,771.84,kernel,kernel,0,NVIDIA GeForce RTX 3090,13000,0,0,0,0,1950,9501,63,4,sweep;repeats=50;passes=135;grid=2624;block=256;dtype=fp32,0.0001055086111111,2.8135629629629633,7.81545267489712e-07,0.008346666666666667,771.859138658147,0.4367224504182369,0,0,,,,
2025-10-13T13:09:56,rock-ms7a95,NVIDIA GeForce RTX 3090,0,kernel,14,1.1,1.1269,1.1269,409.964,363.8,0,stream_triad,cuda,fp32,0,135,135,1.1269,409.964,363.8,363.8,869730877440,771.76,kernel,kernel,0,NVIDIA GeForce RTX 3090,13000,0,0,0,0,1950,9501,63,4,sweep;repeats=50;passes=135;grid=2624;block=256;dtype=fp32,0.0001138788888888,3.0367703703703706,8.435473251028807e-07,0.008347407407407408,771.7906446357263,0.47136879997488895,0,0,,,,
2025-10-13T13:09:57,rock-ms7a95,NVIDIA GeForce RTX 3090,0,kernel,15,1.1,1.1271,1.1271,378.891,336.2,0,stream_triad,cuda,fp32,0,135,135,1.1271,378.891,336.2,336.2,869730877440,771.68,kernel,kernel,0,NVIDIA GeForce RTX 3090,13000,0,0,0,0,1950,9501,63,4,sweep;repeats=50;passes=135;grid=2624;block=256;dtype=fp32,0.0001052475,2.8066,7.796111111111111e-07,0.008348888888888888,771.6536930529678,0.43564165631930035,0,0,,,,
2025-10-13T13:09:58,rock-ms7a95,NVIDIA GeForce RTX 3090,0,kernel,16,1.1,1.127,1.127,379.039,336.3,0,stream_triad,cuda,fp32,0,135,135,1.127,379.039,336.3,336.3,869730877440,771.73,kernel,kernel,0,NVIDIA GeForce RTX 3090,13000,0,0,0,0,1950,9501,63,4,sweep;repeats=50;passes=135;grid=2624;block=256;dtype=fp32,0.0001052886111111,2.8076962962962964,7.799156378600824e-07,0.008348148148148148,771.7221627684117,0.435811823900835,0,0,,,,
2025-10-13T13:09:59,rock-ms7a95,NVIDIA GeForce RTX 3090,0,kernel,17,1.1,1.1271,1.1271,414.583,367.8,0,stream_triad,cuda,fp32,0,135,135,1.1271,414.583,367.8,367.8,869730877440,771.67,kernel,kernel,0,NVIDIA GeForce RTX 3090,13000,0,0,0,0,1950,9501,63,4,sweep;repeats=50;passes=135;grid=2624;block=256;dtype=fp32,0.0001151619444444,3.0709851851851853,8.530514403292182e-07,0.008348888888888888,771.6536930529678,0.47667963821210985,0,0,,,,
2025-10-13T13:10:00,rock-ms7a95,NVIDIA GeForce RTX 3090,0,kernel,18,1.1,1.1272,1.1272,376.749,334.2,0,stream_triad,cuda,fp32,0,135,135,1.1272,376.749,334.2,334.2,869730877440,771.61,kernel,kernel,0,NVIDIA GeForce RTX 3090,13000,0,0,0,0,1950,9501,63,4,sweep;repeats=50;passes=135;grid=2624;block=256;dtype=fp32,0.0001046525,2.7907333333333333,7.752037037037037e-07,0.008349629629629629,771.5852354861604,0.4331788255108728,0,0,,,,
2025-10-13T13:10:01,rock-ms7a95,NVIDIA GeForce RTX 3090,0,kernel,19,1.1,1.1272,1.1272,377.052,334.5,0,stream_triad,cuda,fp32,0,135,135,1.1272,377.052,334.5,334.5,869730877440,771.59,kernel,kernel,0,NVIDIA GeForce RTX 3090,13000,0,0,0,0,1950,9501,63,4,sweep;repeats=50;passes=135;grid=2624;block=256;dtype=fp32,0.0001047366666666,2.792977777777778,7.758271604938272e-07,0.008349629629629629,771.5852354861604,0.43352720914063636,0,0,,,,
2025-10-13T13:10:02,rock-ms7a95,NVIDIA GeForce RTX 3090,0,kernel,20,1.1,1.1271,1.1271,414.024,367.3,0,stream_triad,cuda,fp32,0,135,135,1.1271,414.024,367.3,367.3,869730877440,771.64,kernel,kernel,0,NVIDIA GeForce RTX 3090,13000,0,0,0,0,1950,9501,63,4,sweep;repeats=50;passes=135;grid=2624;block=256;dtype=fp32,0.0001150066666666,3.0668444444444445,8.519012345679013e-07,0.008348888888888888,771.6536930529678,0.4760369106575295,0,0,,,,
2025-10-13T13:10:04,rock-ms7a95,NVIDIA GeForce RTX 3090,0,kernel,21,1.1,1.127,1.127,379.95,337.1,0,stream_triad,cuda,fp32,0,135,135,1.127,379.95,337.1,337.1,869730877440,771.75,kernel,kernel,0,NVIDIA GeForce RTX 3090,13000,0,0,0,0,1950,9501,63,4,sweep;repeats=50;passes=135;grid=2624;block=256;dtype=fp32,0.0001055416666666,2.8144444444444443,7.817901234567901e-07,0.008348148148148148,771.7221627684117,0.43685927435203836,0,0,,,,
2025-10-13T13:10:05,rock-ms7a95,NVIDIA GeForce RTX 3090,0,kernel,22,1.1,1.1267,1.1267,374.92,332.8,0,stream_triad,cuda,fp32,0,135,135,1.1267,374.92,332.8,332.8,869730877440,771.94,kernel,kernel,0,NVIDIA GeForce RTX 3090,13000,0,0,0,0,1950,9501,63,4,sweep;repeats=50;passes=135;grid=2624;block=256;dtype=fp32,0.0001041444444444,2.777185185185185,7.71440329218107e-07,0.008345925925925927,771.92764483891,0.4310758761417719,0,0,,,,
2025-10-13T13:10:06,rock-ms7a95,NVIDIA GeForce RTX 3090,0,kernel,23,1.1,1.1269,1.1269,412.562,366.1,0,stream_triad,cuda,fp32,0,135,135,1.1269,412.562,366.1,366.1,869730877440,771.76,kernel,kernel,0,NVIDIA GeForce RTX 3090,13000,0,0,0,0,1950,9501,63,4,sweep;repeats=50;passes=135;grid=2624;block=256;dtype=fp32,0.0001146005555555,3.056014814814815,8.488930041152264e-07,0.008347407407407408,771.7906446357263,0.47435593089939637,0,0,,,,
2025-10-13T13:10:07,rock-ms7a95,NVIDIA GeForce RTX 3090,0,kernel,24,1.1,1.127,1.127,379.696,336.9,0,stream_triad,cuda,fp32,0,135,135,1.127,379.696,336.9,336.9,869730877440,771.71,kernel,kernel,0,NVIDIA GeForce RTX 3090,13000,0,0,0,0,1950,9501,63,4,sweep;repeats=50;passes=135;grid=2624;block=256;dtype=fp32,0.0001054711111111,2.8125629629629634,7.812674897119343e-07,0.008348148148148148,771.7221627684117,0.4365672299891343,0,0,,,,
2025-10-13T13:10:08,rock-ms7a95,NVIDIA GeForce RTX 3090,0,kernel,25,1.1,1.1271,1.1271,374.758,332.5,0,stream_triad,cuda,fp32,0,135,135,1.1271,374.758,332.5,332.5,869730877440,771.66,kernel,kernel,0,NVIDIA GeForce RTX 3090,13000,0,0,0,0,1950,9501,63,4,sweep;repeats=50;passes=135;grid=2624;block=256;dtype=fp32,0.0001040994444444,2.775985185185185,7.711069958847735e-07,0.008348888888888888,771.6536930529678,0.43088961162684875,0,0,,,,
2025-10-13T13:10:09,rock-ms7a95,NVIDIA GeForce RTX 3090,0,kernel,26,1.1,1.1274,1.1274,411.596,365.1,0,stream_triad,cuda,fp32,0,135,135,1.1274,411.596,365.1,365.1,869730877440,771.42,kernel,kernel,0,NVIDIA GeForce RTX 3090,13000,0,0,0,0,1950,9501,63,4,sweep;repeats=50;passes=135;grid=2624;block=256;dtype=fp32,0.0001143322222222,3.048859259259259,8.469053497942387e-07,0.008351111111111111,771.4483567855243,0.4732452424955957,0,0,,,,
2025-10-13T13:10:10,rock-ms7a95,NVIDIA GeForce RTX 3090,0,kernel,27,1.1,1.1274,1.1274,378.849,336.0,0,stream_triad,cuda,fp32,0,135,135,1.1274,378.849,336.0,336.0,869730877440,771.43,kernel,kernel,0,NVIDIA GeForce RTX 3090,13000,0,0,0,0,1950,9501,63,4,sweep;repeats=50;passes=135;grid=2624;block=256;dtype=fp32,0.0001052358333333,2.8062888888888886,7.795246913580246e-07,0.008351111111111111,771.4483567855243,0.4355933655191351,0,0,,,,
2025-10-13T13:10:12,rock-ms7a95,NVIDIA GeForce RTX 3090,0,kernel,28,1.1,1.127,1.127,379.757,337.0,0,stream_triad,cuda,fp32,0,135,135,1.127,379.757,337.0,337.0,869730877440,771.7,kernel,kernel,0,NVIDIA GeForce RTX 3090,13000,0,0,0,0,1950,9501,63,4,sweep;repeats=50;passes=135;grid=2624;block=256;dtype=fp32,0.0001054880555555,2.8130148148148146,7.813930041152263e-07,0.008348148148148148,771.7221627684117,0.4366373666274695,0,0,,,,
2025-10-13T13:10:13,rock-ms7a95,NVIDIA GeForce RTX 3090,0,kernel,29,1.1,1.1272,1.1272,410.169,363.9,0,stream_triad,cuda,fp32,0,135,135,1.1272,410.169,363.9,363.9,869730877440,771.58,kernel,kernel,0,NVIDIA GeForce RTX 3090,13000,0,0,0,0,1950,9501,63,4,sweep;repeats=50;passes=135;grid=2624;block=256;dtype=fp32,0.0001139358333333,3.038288888888889,8.439691358024691e-07,0.008349629629629629,771.5852354861604,0.4716045050709336,0,0,,,,
2025-10-13T13:10:14,rock-ms7a95,NVIDIA GeForce RTX 3090,0,kernel,30,1.1,1.1271,1.1271,376.845,334.4,0,stream_triad,cuda,fp32,0,135,135,1.1271,376.845,334.4,334.4,869730877440,771.67,kernel,kernel,0,NVIDIA GeForce RTX 3090,13000,0,0,0,0,1950,9501,63,4,sweep;repeats=50;passes=135;grid=2624;block=256;dtype=fp32,0.0001046791666666,2.7914444444444446,7.754012345679012e-07,0.008348888888888888,771.6536930529678,0.43328920448267905,0,0,,,,
2025-10-13T13:10:15,rock-ms7a95,NVIDIA GeForce RTX 3090,0,kernel,31,1.1,1.1276,1.1276,379.223,336.3,0,stream_triad,cuda,fp32,0,135,135,1.1276,379.223,336.3,336.3,869730877440,771.35,kernel,kernel,0,NVIDIA GeForce RTX 3090,13000,0,0,0,0,1950,9501,63,4,sweep;repeats=50;passes=135;grid=2624;block=256;dtype=fp32,0.0001053397222222,2.8090592592592594,7.802942386831277e-07,0.008352592592592592,771.3115266406527,0.4360233835967971,0,0,,,,
2025-10-13T13:10:16,rock-ms7a95,NVIDIA GeForce RTX 3090,0,kernel,32,1.1,1.1273,1.1273,381.211,338.2,0,stream_triad,cuda,fp32,0,135,135,1.1273,381.211,338.2,338.2,869730877440,771.5,kernel,kernel,0,NVIDIA GeForce RTX 3090,13000,0,0,0,0,1950,9501,63,4,sweep;repeats=50;passes=135;grid=2624;block=256;dtype=fp32,0.0001058919444444,2.8237851851851854,7.843847736625515e-07,0.00835037037037037,771.5167900647565,0.4383091481379521,0,0,,,,
2025-10-13T13:10:17,rock-ms7a95,NVIDIA GeForce RTX 3090,0,kernel,33,1.1,1.1273,1.1273,374.908,332.6,0,stream_triad,cuda,fp32,0,135,135,1.1273,374.908,332.6,332.6,869730877440,771.5,kernel,kernel,0,NVIDIA GeForce RTX 3090,13000,0,0,0,0,1950,9501,63,4,sweep;repeats=50;passes=135;grid=2624;block=256;dtype=fp32,0.0001041411111111,2.7770962962962966,7.714156378600823e-07,0.00835037037037037,771.5167900647565,0.4310620787702961,0,0,,,,
2025-10-13T13:10:18,rock-ms7a95,NVIDIA GeForce RTX 3090,0,kernel,34,1.1,1.1267,1.1267,412.128,365.8,0,stream_triad,cuda,fp32,0,135,135,1.1267,412.128,365.8,365.8,869730877440,771.91,kernel,kernel,0,NVIDIA GeForce RTX 3090,13000,0,0,0,0,1950,9501,63,4,sweep;repeats=50;passes=135;grid=2624;block=256;dtype=fp32,0.00011448,3.0528,8.48e-07,0.008345925925925927,771.92764483891,0.47385692596435547,0,0,,,,
2025-10-13T13:10:19,rock-ms7a95,NVIDIA GeForce RTX 3090,0,kernel,35,1.1,1.1272,1.1272,381.022,338.0,0,stream_triad,cuda,fp32,0,135,135,1.1272,381.022,338.0,338.0,869730877440,771.62,kernel,kernel,0,NVIDIA GeForce RTX 3090,13000,0,0,0,0,1950,9501,63,4,sweep;repeats=50;passes=135;grid=2624;block=256;dtype=fp32,0.0001058394444444,2.822385185185185,7.839958847736626e-07,0.008349629629629629,771.5852354861604,0.4380918395372085,0,0,,,,
2025-10-13T13:10:21,rock-ms7a95,NVIDIA GeForce RTX 3090,0,kernel,36,1.1,1.1267,1.1267,375.271,333.1,0,stream_triad,cuda,fp32,0,135,135,1.1267,375.271,333.1,333.1,869730877440,771.96,kernel,kernel,0,NVIDIA GeForce RTX 3090,13000,0,0,0,0,1950,9501,63,4,sweep;repeats=50;passes=135;grid=2624;block=256;dtype=fp32,0.0001042419444444,2.7797851851851854,7.721625514403292e-07,0.008345925925925927,771.92764483891,0.4314794492574386,0,0,,,,
2025-10-13T13:10:22,rock-ms7a95,NVIDIA GeForce RTX 3090,0,kernel,37,1.1,1.1269,1.1269,411.987,365.6,0,stream_triad,cuda,fp32,0,135,135,1.1269,411.987,365.6,365.6,869730877440,771.81,kernel,kernel,0,NVIDIA GeForce RTX 3090,13000,0,0,0,0,1950,9501,63,4,sweep;repeats=50;passes=135;grid=2624;block=256;dtype=fp32,0.0001144408333333,3.0517555555555558,8.477098765432099e-07,0.008347407407407408,771.7906446357263,0.47369480684951504,0,0,,,,
2025-10-13T13:10:23,rock-ms7a95,NVIDIA GeForce RTX 3090,0,kernel,38,1.1,1.1272,1.1272,380.684,337.7,0,stream_triad,cuda,fp32,0,135,135,1.1272,380.684,337.7,337.7,869730877440,771.61,kernel,kernel,0,NVIDIA GeForce RTX 3090,13000,0,0,0,0,1950,9501,63,4,sweep;repeats=50;passes=135;grid=2624;block=256;dtype=fp32,0.0001057455555555,2.819881481481482,7.833004115226338e-07,0.008349629629629629,771.5852354861604,0.4377032135739739,0,0,,,,
2025-10-13T13:10:24,rock-ms7a95,NVIDIA GeForce RTX 3090,0,kernel,39,1.1,1.127,1.127,374.847,332.6,0,stream_triad,cuda,fp32,0,135,135,1.127,374.847,332.6,332.6,869730877440,771.73,kernel,kernel,0,NVIDIA GeForce RTX 3090,13000,0,0,0,0,1950,9501,63,4,sweep;repeats=50;passes=135;grid=2624;block=256;dtype=fp32,0.0001041241666666,2.7766444444444445,7.712901234567901e-07,0.008348148148148148,771.7221627684117,0.43099194213196085,0,0,,,,
2025-10-13T13:10:25,rock-ms7a95,NVIDIA GeForce RTX 3090,0,kernel,40,1.1,1.1271,1.1271,411.915,365.5,0,stream_triad,cuda,fp32,0,135,135,1.1271,411.915,365.5,365.5,869730877440,771.66,kernel,kernel,0,NVIDIA GeForce RTX 3090,13000,0,0,0,0,1950,9501,64,4,sweep;repeats=50;passes=135;grid=2624;block=256;dtype=fp32,0.0001144208333333,3.0512222222222225,8.475617283950618e-07,0.008348888888888888,771.6536930529678,0.4736120226206603,0,0,,,,
2025-10-13T13:10:26,rock-ms7a95,NVIDIA GeForce RTX 3090,0,kernel,41,1.1,1.1271,1.1271,380.709,337.8,0,stream_triad,cuda,fp32,0,135,135,1.1271,380.709,337.8,337.8,869730877440,771.65,kernel,kernel,0,NVIDIA GeForce RTX 3090,13000,0,0,0,0,1950,9501,63,4,sweep;repeats=50;passes=135;grid=2624;block=256;dtype=fp32,0.0001057525,2.8200666666666665,7.833518518518519e-07,0.008348888888888888,771.6536930529678,0.43773195809788173,0,0,,,,
2025-10-13T13:10:27,rock-ms7a95,NVIDIA GeForce RTX 3090,0,kernel,42,1.1,1.127,1.127,379.711,336.9,0,stream_triad,cuda,fp32,0,135,135,1.127,379.711,336.9,336.9,869730877440,771.69,kernel,kernel,0,NVIDIA GeForce RTX 3090,13000,0,0,0,0,1950,9501,63,4,sweep;repeats=50;passes=135;grid=2624;block=256;dtype=fp32,0.0001054752777777,2.8126740740740743,7.812983539094651e-07,0.008348148148148148,771.7221627684117,0.436584476703479,0,0,,,,
2025-10-13T13:10:29,rock-ms7a95,NVIDIA GeForce RTX 3090,0,kernel,43,1.1,1.1263,1.1263,410.31,364.3,0,stream_triad,cuda,fp32,0,135,135,1.1263,410.31,364.3,364.3,869730877440,772.2,kernel,kernel,0,NVIDIA GeForce RTX 3090,13000,0,0,0,0,1950,9501,64,4,sweep;repeats=50;passes=135;grid=2624;block=256;dtype=fp32,0.000113975,3.0393333333333334,8.442592592592592e-07,0.008342962962962963,772.2017912101571,0.4717666241857741,0,0,,,,
2025-10-13T13:10:30,rock-ms7a95,NVIDIA GeForce RTX 3090,0,kernel,44,1.1,1.1271,1.1271,379.172,336.4,0,stream_triad,cuda,fp32,0,135,135,1.1271,379.172,336.4,336.4,869730877440,771.64,kernel,kernel,0,NVIDIA GeForce RTX 3090,13000,0,0,0,0,1950,9501,64,4,sweep;repeats=50;passes=135;grid=2624;block=256;dtype=fp32,0.0001053255555555,2.808681481481482,7.801893004115227e-07,0.008348888888888888,771.6536930529678,0.435964744768025,0,0,,,,
2025-10-13T13:10:31,rock-ms7a95,NVIDIA GeForce RTX 3090,0,kernel,45,1.1,1.1275,1.1275,379.68,336.7,0,stream_triad,cuda,fp32,0,135,135,1.1275,379.68,336.7,336.7,869730877440,771.35,kernel,kernel,0,NVIDIA GeForce RTX 3090,13000,0,0,0,0,1950,9501,64,4,sweep;repeats=50;passes=135;grid=2624;block=256;dtype=fp32,0.0001054666666666,2.8124444444444445,7.812345679012345e-07,0.008351851851851852,771.3799356452329,0.4365488334938332,0,0,,,,
2025-10-13T13:10:32,rock-ms7a95,NVIDIA GeForce RTX 3090,0,kernel,46,1.1,1.1271,1.1271,409.324,363.2,0,stream_triad,cuda,fp32,0,135,135,1.1271,409.324,363.2,363.2,869730877440,771.68,kernel,kernel,0,NVIDIA GeForce RTX 3090,13000,0,0,0,0,1950,9501,64,4,sweep;repeats=50;passes=135;grid=2624;block=256;dtype=fp32,0.0001137011111111,3.03202962962963,8.422304526748972e-07,0.008348888888888888,771.6536930529678,0.4706329401628471,0,0,,,,
2025-10-13T13:10:33,rock-ms7a95,NVIDIA GeForce RTX 3090,0,kernel,47,1.1,1.1272,1.1272,378.378,335.7,0,stream_triad,cuda,fp32,0,135,135,1.1272,378.378,335.7,335.7,869730877440,771.56,kernel,kernel,0,NVIDIA GeForce RTX 3090,13000,0,0,0,0,1950,9501,64,4,sweep;repeats=50;passes=135;grid=2624;block=256;dtype=fp32,0.000105105,2.8028,7.785555555555555e-07,0.008349629629629629,771.5852354861604,0.4350518186887105,0,0,,,,
2025-10-13T13:10:34,rock-ms7a95,NVIDIA GeForce RTX 3090,0,kernel,48,1.1,1.1271,1.1271,379.602,336.8,0,stream_triad,cuda,fp32,0,135,135,1.1271,379.602,336.8,336.8,869730877440,771.63,kernel,kernel,0,NVIDIA GeForce RTX 3090,13000,0,0,0,0,1950,9501,64,4,sweep;repeats=50;passes=135;grid=2624;block=256;dtype=fp32,0.000105445,2.8118666666666665,7.81074074074074e-07,0.008348888888888888,771.6536930529678,0.43645915057924056,0,0,,,,
2025-10-13T13:10:35,rock-ms7a95,NVIDIA GeForce RTX 3090,0,kernel,49,1.1,1.1272,1.1272,409.342,363.2,0,stream_triad,cuda,fp32,0,135,135,1.1272,409.342,363.2,363.2,869730877440,771.59,kernel,kernel,0,NVIDIA GeForce RTX 3090,13000,0,0,0,0,1950,9501,64,4,sweep;repeats=50;passes=135;grid=2624;block=256;dtype=fp32,0.0001137061111111,3.0321629629629627,8.422674897119341e-07,0.008349629629629629,771.5852354861604,0.47065363622006073,0,0,,,,
