"timestamp","host","gpu_name","matrix_size","mode","batches","seconds_target","seconds_gpu","seconds_wall","energy_j","avg_power_w","below_target","workload","impl","dtype","N","passes_kernel","passes_e2e","seconds_kernel","energy_kernel_j","avg_power_w_kernel","avg_power_w_e2e","bytes_total","bw_gb_s","time_mode","energy_mode","includes_transfer","device_name","driver_version","pcie_gen_current","pcie_width_current","pcie_rx_kbs","pcie_tx_kbs","clocks_sm_mhz","clocks_mem_mhz","temp_c","throttle_reasons","notes","energy_batch_j","kWh_batch","seconds_batch","M","K","flops_batch","joule_per_gflop","gflops","flops_per_watt","kWh_e2e","market_area","de_price_eur_kwh_run","de_eur_job","de_price_sync","de_eur_job_sync","fr_price_eur_kwh_run","fr_eur_job","fr_price_sync","fr_eur_job_sync","pl_price_eur_kwh_run","pl_eur_job","pl_price_sync","pl_eur_job_sync","price_eur_kwh_run","eur_job","price_sync","eur_job_sync","de_price_eur_kwh_batch","de_eur_batch","de_eur_batch_sync","de_eur_job_from_batches","fr_price_eur_kwh_batch","fr_eur_batch","fr_eur_batch_sync","fr_eur_job_from_batches","pl_price_eur_kwh_batch","pl_eur_batch","pl_eur_batch_sync","pl_eur_job_from_batches","price_eur_kwh_batch","eur_batch","eur_batch_sync","eur_job_from_batches","de_ci_g_per_kwh","de_co2_job_kg","fr_ci_g_per_kwh","fr_co2_job_kg","pl_ci_g_per_kwh","pl_co2_job_kg","de_co2_batch_kg","de_co2_job_from_batches_kg","fr_co2_batch_kg","fr_co2_job_from_batches_kg","pl_co2_batch_kg","pl_co2_job_from_batches_kg"
"2024-09-12 22:06:26+02:00","rock-tobefilledbyoem","AMD Ryzen Threadripper 3970X 32-Core Processor","0","kernel","7548","1.0","0.6581","0,6581","36,867","56.0","1","reduction","openblas","fp32","0","7548","498","0.6581","36.867","56.0","55.3","60384000000","91.76","kernel","kernel","0","AMD Ryzen Threadripper 3970X 32-Core Processor","","","","0","0","","","39.5","0","OPENBLAS_NUM_THREADS=1; e2e_host_memcpy=1; e2e_bw=mixed","0.004884340222575516","1,3567611729376435e-09","8.718865924748278e-05","0","0","","","","","1,0240833333333332e-05","DE","0,09947","1,0186556916666666e-06","0,0783099722222222","8,019593738657404e-07","0,09353","9,578251416666666e-07","0,0518570416666666","5,310593208680548e-07","0,10116","1,0359627e-06","0,0950131388888888","9,73013719837962e-07","0,09947","1,0186556916666666e-06","0,0783099722222222","8,019593738657404e-07","0,09947","1,3495703387210738e-10","1,0624792976493648e-10","1,0186556916666668e-06","0,09353","1,2689787250485778e-10","7,035762067674281e-11","9,578251416666668e-07","0,10116","1,3724996025437202e-10","1,28910137763376e-10","1,0359627e-06","0,09947","1,3495703387210738e-10","1,0624792976493648e-10","1,0186556916666668e-06","489,82","5,016164983333332e-06","22,25","2,2785854166666663e-07","875,38","8,964620683333332e-06","6,645687577283165e-10","5,016164983333333e-06","3,018793609786257e-11","2,2785854166666666e-07","1,1876815955661544e-09","8,964620683333334e-06"
"2024-09-12 22:06:26+02:00","rock-tobefilledbyoem","AMD Ryzen Threadripper 3970X 32-Core Processor","0","e2e","498","1.0","0.6581","0,1018","5,636","55.3","1","reduction","openblas","fp32","0","7548","498","0.6581","36.867","56.0","55.3","1992000000","19.56","e2e","e2e","0","AMD Ryzen Threadripper 3970X 32-Core Processor","","","","0","0","","","39.5","0","OPENBLAS_NUM_THREADS=1; e2e_host_memcpy=1; e2e_bw=mixed","0.01131726907630522","3,1436858545292277e-09","0.00020441767068273093","0","0","0.0","","0.0","0.0","1,5655555555555557e-06","DE","0,09947","1,557258111111111e-07","0,0783099722222222","1,225986120679012e-07","0,09353","1,464264111111111e-07","0,0518570416666666","8,118507967592582e-08","0,10116","1,583716e-07","0,0950131388888888","1,4874834743827146e-07","0,09947","1,557258111111111e-07","0,0783099722222222","1,225986120679012e-07","0,09947","3,127024319500223e-10","2,461819519435767e-10","1,557258111111111e-07","0,09353","2,9402893797411867e-10","1,6302224834523254e-10","1,464264111111111e-07","0,10116","3,180152610441767e-10","2,9869146071942056e-10","1,583716e-07","0,09947","3,127024319500223e-10","2,461819519435767e-10","1,557258111111111e-07","489,82","7,668404222222224e-07","22,25","3,483361111111111e-08","875,38","1,3704560222222222e-06","1,5398402052655063e-09","7,668404222222222e-07","6,994701026327531e-11","3,4833611111111106e-08","2,7519197233377955e-09","1,3704560222222222e-06"
"2024-09-12 22:06:32+02:00","rock-tobefilledbyoem","AMD Ryzen Threadripper 3970X 32-Core Processor","0","kernel","5009","1.0","0.8087","0,8087","44,825","55.4","1","reduction","openblas","fp32","0","5009","642","0.8087","44.825","55.4","54.9","60108000000","74.33","kernel","kernel","0","AMD Ryzen Threadripper 3970X 32-Core Processor","","","","0","0","","","38.8","0","OPENBLAS_NUM_THREADS=1; e2e_host_memcpy=1; e2e_bw=mixed","0.008948891994410062","2,485803331780573e-09","0.00016144939109602715","0","0","","","","","1,245138888888889e-05","DE","0,09947","1,238539652777778e-06","0,0783099722222222","9,750679180169753e-07","0,09353","1,164578402777778e-06","0,0518570416666666","6,456921924189808e-07","0,10116","1,2595825000000002e-06","0,0950131388888888","1,183045541859567e-06","0,09947","1,238539652777778e-06","0,0783099722222222","9,750679180169753e-07","0,09947","2,472628574122136e-10","1,9466318986164406e-10","1,2385396527777778e-06","0,09353","2,3249718562143696e-10","1,2890640695128384e-10","1,164578402777778e-06","0,10116","2,5146386504292274e-10","2,3618397721293006e-10","1,2595825e-06","0,09947","2,472628574122136e-10","1,9466318986164406e-10","1,2385396527777778e-06","489,82","6,098939305555556e-06","22,25","2,770434027777778e-07","875,38","1,0899696805555557e-05","1,2175961879727602e-09","6,098939305555556e-06","5,5309124132117745e-11","2,770434027777778e-07","2,176022520574078e-09","1,0899696805555557e-05"
"2024-09-12 22:06:32+02:00","rock-tobefilledbyoem","AMD Ryzen Threadripper 3970X 32-Core Processor","0","e2e","642","1.0","0.8087","0,3835","21,051","54.9","1","reduction","openblas","fp32","0","5009","642","0.8087","44.825","55.4","54.9","3852000000","10.04","e2e","e2e","0","AMD Ryzen Threadripper 3970X 32-Core Processor","","","","0","0","","","38.8","0","OPENBLAS_NUM_THREADS=1; e2e_host_memcpy=1; e2e_bw=mixed","0.03278971962616822","9,108255451713396e-09","0.0005973520249221184","0","0","0.0","","0.0","0.0","5,8475e-06","DE","0,09947","5,81650825e-07","0,0783099722222222","4,579175625694443e-07","0,09353","5,469166749999999e-07","0,0518570416666666","3,0323405114583295e-07","0,10116","5,915331e-07","0,0950131388888888","5,555893296527772e-07","0,09947","5,81650825e-07","0,0783099722222222","4,579175625694443e-07","0,09947","9,059981697819315e-10","7,1326723141658e-10","5,81650825e-07","0,09353","8,518951323987538e-10","4,723271824701449e-10","5,46916675e-07","0,10116","9,213911214953272e-10","8,654039402691234e-10","5,915331000000001e-07","0,09947","9,059981697819315e-10","7,1326723141658e-10","5,81650825e-07","489,82","2,86422245e-06","22,25","1,30106875e-07","875,38","5,11878455e-06","4,461405685358255e-09","2,86422245e-06","2,0265868380062307e-10","1,30106875e-07","7,973184657320872e-09","5,11878455e-06"
"2024-09-12 22:06:40+02:00","rock-tobefilledbyoem","AMD Ryzen Threadripper 3970X 32-Core Processor","0","kernel","2665","1.0","0.9823","0,9823","54,592","55.6","1","reduction","openblas","fp32","0","2665","468","0.9823","54.592","55.6","55.8","42640000000","43.41","kernel","kernel","0","AMD Ryzen Threadripper 3970X 32-Core Processor","","","","0","0","","","37.6","0","OPENBLAS_NUM_THREADS=1; e2e_host_memcpy=1; e2e_bw=mixed","0.020484803001876172","5,690223056076714e-09","0.00036859287054409005","0","0","","","","","1,5164444444444444e-05","DE","0,09947","1,5084072888888889e-06","0,0783099722222222","1,1875272232098762e-06","0,09353","1,418330488888889e-06","0,0518570416666666","7,863832274074065e-07","0,10116","1,5340352e-06","0,0950131388888888","1,4408214661728383e-06","0,09947","1,5084072888888889e-06","0,0783099722222222","1,1875272232098762e-06","0,09947","5,660064873879507e-10","4,4560120945961584e-10","1,508407288888889e-06","0,09353","5,322065624348551e-10","2,950781341115972e-10","1,4183304888888888e-06","0,10116","5,756229643527203e-10","5,406459535357742e-10","1,5340351999999998e-06","0,09947","5,660064873879507e-10","4,4560120945961584e-10","1,508407288888889e-06","489,82","7,427848177777778e-06","22,25","3,374088888888889e-07","875,38","1,3274651377777778e-05","2,787185057327496e-09","7,427848177777777e-06","1,266074629977069e-10","3,374088888888889e-07","4,981107458828434e-09","1,3274651377777776e-05"
"2024-09-12 22:06:40+02:00","rock-tobefilledbyoem","AMD Ryzen Threadripper 3970X 32-Core Processor","0","e2e","468","1.0","0.9823","0,5306","29,597","55.8","1","reduction","openblas","fp32","0","2665","468","0.9823","54.592","55.6","55.8","3744000000","7.06","e2e","e2e","0","AMD Ryzen Threadripper 3970X 32-Core Processor","","","","0","0","","","37.6","0","OPENBLAS_NUM_THREADS=1; e2e_host_memcpy=1; e2e_bw=mixed","0.06324145299145299","1,7567070275403608e-08","0.0011337606837606836","0","0","0.0","","0.0","0.0","8,22138888888889e-06","DE","0,09947","8,177815527777779e-07","0,0783099722222222","6,438167355169752e-07","0,09353","7,689465027777779e-07","0,0518570416666666","4,26336906168981e-07","0,10116","8,316757000000001e-07","0,0950131388888888","7,811399643595673e-07","0,09947","8,177815527777779e-07","0,0783099722222222","6,438167355169752e-07","0,09947","1,7473964802943971e-09","1,375676785292682e-09","8,177815527777778e-07","0,09353","1,6430480828584992e-09","9,109762952328651e-10","7,689465027777777e-07","0,10116","1,777084829059829e-09","1,6691024879477931e-09","8,316757e-07","0,09947","1,7473964802943971e-09","1,375676785292682e-09","8,177815527777778e-07","489,82","4,027000705555556e-06","22,25","1,829259027777778e-07","875,38","7,196839405555556e-06","8,604702362298196e-09","4,027000705555555e-06","3,908673136277303e-10","1,8292590277777778e-07","1,537786197768281e-08","7,1968394055555545e-06"
"2024-09-12 22:06:48+02:00","rock-tobefilledbyoem","AMD Ryzen Threadripper 3970X 32-Core Processor","0","kernel","998","1.0","0.9863","0,9863","55,781","56.6","1","reduction","openblas","fp32","0","998","262","0.9863","55.781","56.6","56.8","23952000000","24.29","kernel","kernel","0","AMD Ryzen Threadripper 3970X 32-Core Processor","","","","0","0","","","37.4","0","OPENBLAS_NUM_THREADS=1; e2e_host_memcpy=1; e2e_bw=mixed","0.05589278557114229","1,5525773769761748e-08","0.0009882765531062125","0","0","","","","","1,549472222222222e-05","DE","0,09947","1,5412600194444442e-06","0,0783099722222222","1,2133912668132712e-06","0,09353","1,4492213694444445e-06","0,0518570416666666","8,035104558912026e-07","0,10116","1,5674460999999995e-06","0,0950131388888888","1,4722021945447516e-06","0,09947","1,5412600194444442e-06","0,0783099722222222","1,2133912668132712e-06","0,09947","1,544348716878201e-09","1,2158229126385486e-09","1,5412600194444448e-06","0,09353","1,452125620685816e-09","8,051206972857742e-10","1,449221369444445e-06","0,10116","1,5705872745490983e-09","1,4751524995438395e-09","1,5674461000000004e-06","0,09947","1,544348716878201e-09","1,2158229126385486e-09","1,5412600194444448e-06","489,82","7,589624838888888e-06","22,25","3,4475756944444443e-07","875,38","1,3563769938888887e-05","7,6048345079047e-09","7,58962483888889e-06","3,4544846637719887e-10","3,447575694444445e-07","1,3590951842574038e-08","1,356376993888889e-05"
"2024-09-12 22:06:48+02:00","rock-tobefilledbyoem","AMD Ryzen Threadripper 3970X 32-Core Processor","0","e2e","262","1.0","0.9863","0,5776","32,805","56.8","1","reduction","openblas","fp32","0","998","262","0.9863","55.781","56.6","56.8","3144000000","5.44","e2e","e2e","0","AMD Ryzen Threadripper 3970X 32-Core Processor","","","","0","0","","","37.4","0","OPENBLAS_NUM_THREADS=1; e2e_host_memcpy=1; e2e_bw=mixed","0.12520992366412215","3,478053435114504e-08","0.0022045801526717557","0","0","0.0","","0.0","0.0","9,1125e-06","DE","0,09947","9,06420375e-07","0,0783099722222222","7,135996218749998e-07","0,09353","8,52292125e-07","0,0518570416666666","4,725472921874994e-07","0,10116","9,218205e-07","0,0950131388888888","8,658072281249992e-07","0,09947","9,06420375e-07","0,0783099722222222","7,135996218749998e-07","0,09947","3,459619751908397e-09","2,723662678912213e-09","9,06420375e-07","0,09353","3,2530233778625957e-09","1,8036156190362574e-09","8,522921250000001e-07","0,10116","3,518398854961832e-09","3,304607740935112e-09","9,218205e-07","0,09947","3,459619751908397e-09","2,723662678912213e-09","9,06420375e-07","489,82","4,46348475e-06","22,25","2,02753125e-07","875,38","7,97690025e-06","1,7036201335877865e-08","4,4634847500000005e-06","7,738668893129771e-10","2,02753125e-07","3,0446184160305345e-08","7,97690025e-06"
"2024-09-12 22:06:56+02:00","rock-tobefilledbyoem","AMD Ryzen Threadripper 3970X 32-Core Processor","0","kernel","695","1.0","1.0422","1,0422","58,984","56.6","0","reduction","openblas","fp32","0","695","229","1.0422","58.984","56.6","57.4","22240000000","21.34","kernel","kernel","0","AMD Ryzen Threadripper 3970X 32-Core Processor","","","","0","0","","","37.2","0","OPENBLAS_NUM_THREADS=1; e2e_host_memcpy=1; e2e_bw=mixed","0.08486906474820144","2,3574740207833732e-08","0.0014995683453237411","0","0","","","","","1,6384444444444444e-05","DE","0,09947","1,6297606888888888e-06","0,0783099722222222","1,2830653893209871e-06","0,09353","1,5324370888888889e-06","0,0518570416666666","8,496488182407397e-07","0,10116","1,6574504e-06","0,0950131388888888","1,5567374956172825e-06","0,09947","1,6297606888888888e-06","0,0783099722222222","1,2830653893209871e-06","0,09947","2,344979408473221e-09","1,8461372508215638e-09","1,6297606888888886e-06","0,09353","2,2049454516386888e-09","1,222516285238474e-09","1,5324370888888889e-06","0,10116","2,38482071942446e-09","2,239910065636377e-09","1,6574503999999997e-06","0,09947","2,344979408473221e-09","1,8461372508215638e-09","1,6297606888888886e-06","489,82","8,025428577777778e-06","22,25","3,6455388888888886e-07","875,38","1,4342614977777777e-05","1,1547379248601119e-08","8,025428577777778e-06","5,245379696243005e-10","3,6455388888888886e-07","2,0636856083133493e-08","1,4342614977777777e-05"
"2024-09-12 22:06:56+02:00","rock-tobefilledbyoem","AMD Ryzen Threadripper 3970X 32-Core Processor","0","e2e","229","1.0","1.0422","0,6038","34,648","57.4","0","reduction","openblas","fp32","0","695","229","1.0422","58.984","56.6","57.4","3664000000","6.07","e2e","e2e","0","AMD Ryzen Threadripper 3970X 32-Core Processor","","","","0","0","","","37.2","0","OPENBLAS_NUM_THREADS=1; e2e_host_memcpy=1; e2e_bw=mixed","0.15130131004366815","4,202814167879671e-08","0.0026366812227074238","0","0","0.0","","0.0","0.0","9,624444444444445e-06","DE","0,09947","9,57343488888889e-07","0,0783099722222222","7,536899770987652e-07","0,09353","9,00174288888889e-07","0,0518570416666666","4,990952165740734e-07","0,10116","9,736088e-07","0,0950131388888888","9,144486767283944e-07","0,09947","9,57343488888889e-07","0,0783099722222222","7,536899770987652e-07","0,09947","4,180539252789909e-09","3,2912226074181894e-09","9,573434888888892e-07","0,09353","3,9308920912178575e-09","2,1794550942099284e-09","9,001742888888892e-07","0,10116","4,251566812227075e-09","3,993225662569409e-09","9,736088000000002e-07","0,09947","4,180539252789909e-09","3,2912226074181894e-09","9,573434888888892e-07","489,82","4,714245377777777e-06","22,25","2,141438888888889e-07","875,38","8,425046177777778e-06","2,0586224357108206e-08","4,714245377777779e-06","9,35126152353227e-10","2,1414388888888898e-07","3,679059466278506e-08","8,42504617777778e-06"
"2024-09-12 22:07:04+02:00","rock-tobefilledbyoem","AMD Ryzen Threadripper 3970X 32-Core Processor","0","kernel","457","1.0","1.0434","1,0434","59,056","56.6","0","reduction","openblas","fp32","0","457","131","1.0434","59.056","56.6","57.5","21936000000","21.02","kernel","kernel","0","AMD Ryzen Threadripper 3970X 32-Core Processor","","","","0","0","","","37.2","0","OPENBLAS_NUM_THREADS=1; e2e_host_memcpy=1; e2e_bw=mixed","0.1292253829321663","3,5895939703379524e-08","0.0022831509846827137","0","0","","","","","1,6404444444444444e-05","DE","0,09947","1,6317500888888889e-06","0,0783099722222222","1,2846315887654317e-06","0,09353","1,5343076888888889e-06","0,0518570416666666","8,50685959074073e-07","0,10116","1,6594736e-06","0,0950131388888888","1,5586377583950604e-06","0,09947","1,6317500888888889e-06","0,0783099722222222","1,2846315887654317e-06","0,09947","3,570569122295161e-09","2,811010041062213e-09","1,6317500888888886e-06","0,09353","3,357347240457087e-09","1,861457240862304e-09","1,5343076888888889e-06","0,10116","3,6312332603938725e-09","3,4105859045843767e-09","1,6594735999999997e-06","0,09947","3,570569122295161e-09","2,811010041062213e-09","1,6317500888888886e-06","489,82","8,035224977777778e-06","22,25","3,6499888888888886e-07","875,38","1,4360122577777777e-05","1,758254918550936e-08","8,035224977777776e-06","7,986846584001944e-10","3,6499888888888886e-07","3,142258769754437e-08","1,4360122577777777e-05"
"2024-09-12 22:07:04+02:00","rock-tobefilledbyoem","AMD Ryzen Threadripper 3970X 32-Core Processor","0","e2e","131","1.0","1.0434","0,5173","29,739","57.5","0","reduction","openblas","fp32","0","457","131","1.0434","59.056","56.6","57.5","3144000000","6.08","e2e","e2e","0","AMD Ryzen Threadripper 3970X 32-Core Processor","","","","0","0","","","37.2","0","OPENBLAS_NUM_THREADS=1; e2e_host_memcpy=1; e2e_bw=mixed","0.22701526717557252","6,305979643765905e-08","0.003948854961832061","0","0","0.0","","0.0","0.0","8,260833333333334e-06","DE","0,09947","8,217050916666668e-07","0,0783099722222222","6,469056288657406e-07","0,09353","7,726357416666668e-07","0,0518570416666666","4,2838237836805516e-07","0,10116","8,356659000000001e-07","0,0950131388888888","7,848877048379624e-07","0,09947","8,217050916666668e-07","0,0783099722222222","6,469056288657406e-07","0,09947","6,272557951653946e-09","4,938210907372067e-09","8,217050916666669e-07","0,09353","5,897982760814251e-09","3,2700944913591998e-09","7,726357416666669e-07","0,10116","6,379129007633589e-09","5,991509197236355e-09","8,356659000000002e-07","0,09947","6,272557951653946e-09","4,938210907372067e-09","8,217050916666669e-07","489,82","4,046321383333334e-06","22,25","1,8380354166666668e-07","875,38","7,231368283333334e-06","3,088794949109416e-08","4,0463213833333344e-06","1,4030804707379139e-09","1,8380354166666673e-07","5,520128460559798e-08","7,231368283333336e-06"
"2024-09-12 22:07:12+02:00","rock-tobefilledbyoem","AMD Ryzen Threadripper 3970X 32-Core Processor","0","kernel","346","1.0","1.0638","1,0638","60,225","56.6","0","reduction","openblas","fp32","0","346","113","1.0638","60.225","56.6","57.4","22144000000","20.82","kernel","kernel","0","AMD Ryzen Threadripper 3970X 32-Core Processor","","","","0","0","","","37.2","0","OPENBLAS_NUM_THREADS=1; e2e_host_memcpy=1; e2e_bw=mixed","0.1740606936416185","4,835019267822736e-08","0.0030745664739884396","0","0","","","","","1,6729166666666666e-05","DE","0,09947","1,6640502083333332e-06","0,0783099722222222","1,3100605769675923e-06","0,09353","1,5646789583333332e-06","0,0518570416666666","8,675250928819433e-07","0,10116","1,6923225e-06","0,0950131388888888","1,589490635995369e-06","0,09947","1,6640502083333332e-06","0,0783099722222222","1,3100605769675923e-06","0,09947","4,809393665703276e-09","3,786302245571076e-09","1,6640502083333336e-06","0,09353","4,522193521194605e-09","2,507297956306195e-09","1,5646789583333334e-06","0,10116","4,891105491329481e-09","4,593903572240951e-09","1,6923225e-06","0,09947","4,809393665703276e-09","3,786302245571076e-09","1,6640502083333336e-06","489,82","8,194280416666666e-06","22,25","3,722239583333333e-07","875,38","1,4644377916666666e-05","2,3682891377649328e-08","8,194280416666668e-06","1,0757917870905586e-09","3,722239583333333e-07","4,2324791666666664e-08","1,4644377916666666e-05"
"2024-09-12 22:07:12+02:00","rock-tobefilledbyoem","AMD Ryzen Threadripper 3970X 32-Core Processor","0","e2e","113","1.0","1.0638","0,5984","34,362","57.4","0","reduction","openblas","fp32","0","346","113","1.0638","60.225","56.6","57.4","3616000000","6.04","e2e","e2e","0","AMD Ryzen Threadripper 3970X 32-Core Processor","","","","0","0","","","37.2","0","OPENBLAS_NUM_THREADS=1; e2e_host_memcpy=1; e2e_bw=mixed","0.3040884955752213","8,446902654867258e-08","0.005295575221238938","0","0","0.0","","0.0","0.0","9,545e-06","DE","0,09947","9,494411500000002e-07","0,0783099722222222","7,47468684861111e-07","0,09353","8,927438500000001e-07","0,0518570416666666","4,949754627083327e-07","0,10116","9,655722e-07","0,0950131388888888","9,069004106944436e-07","0,09947","9,494411500000002e-07","0,0783099722222222","7,47468684861111e-07","0,09947","8,402134070796462e-09","6,6147671226647e-09","9,494411500000004e-07","0,09353","7,900388053097346e-09","4,380313829277281e-09","8,927438500000002e-07","0,10116","8,544886725663719e-09","8,025667351278265e-09","9,655722000000005e-07","0,09947","8,402134070796462e-09","6,6147671226647e-09","9,494411500000004e-07","489,82","4,675331899999999e-06","22,25","2,1237625e-07","875,38","8,355502099999999e-06","4,1374618584070803e-08","4,675331900000001e-06","1,879435840707965e-09","2,1237625000000003e-07","7,394249646017701e-08","8,355502100000002e-06"
"2024-09-12 22:07:20+02:00","rock-tobefilledbyoem","AMD Ryzen Threadripper 3970X 32-Core Processor","0","kernel","232","1.0","1.0604","1,0604","60,011","56.6","0","reduction","openblas","fp32","0","232","66","1.0604","60.011","56.6","57.4","22272000000","21.0","kernel","kernel","0","AMD Ryzen Threadripper 3970X 32-Core Processor","","","","0","0","","","37.2","0","OPENBLAS_NUM_THREADS=1; e2e_host_memcpy=1; e2e_bw=mixed","0.2586681034482759","7,185225095785443e-08","0.004570689655172414","0","0","","","","","1,6669722222222222e-05","DE","0,09947","1,6581372694444444e-06","0,0783099722222222","1,3054054841743825e-06","0,09353","1,5591191194444444e-06","0,0518570416666666","8,64442479849536e-07","0,10116","1,6863091e-06","0,0950131388888888","1,5838426327391962e-06","0,09947","1,6581372694444444e-06","0,0783099722222222","1,3054054841743825e-06","0,09947","7,1471434027777805e-09","5,626747776613719e-09","1,658137269444445e-06","0,09353","6,720341032088124e-09","3,726045171765243e-09","1,559119119444445e-06","0,10116","7,268573706896554e-09","6,826907899737917e-09","1,6863091000000005e-06","0,09947","7,1471434027777805e-09","5,626747776613719e-09","1,658137269444445e-06","489,82","8,165163338888888e-06","22,25","3,7090131944444447e-07","875,38","1,4592341438888888e-05","3,5194669564176256e-08","8,165163338888892e-06","1,598712583812261e-09","3,709013194444446e-07","6,28980234434866e-08","1,4592341438888891e-05"
"2024-09-12 22:07:20+02:00","rock-tobefilledbyoem","AMD Ryzen Threadripper 3970X 32-Core Processor","0","e2e","66","1.0","1.0604","0,5212","29,908","57.4","0","reduction","openblas","fp32","0","232","66","1.0604","60.011","56.6","57.4","3168000000","6.08","e2e","e2e","0","AMD Ryzen Threadripper 3970X 32-Core Processor","","","","0","0","","","37.2","0","OPENBLAS_NUM_THREADS=1; e2e_host_memcpy=1; e2e_bw=mixed","0.4531515151515152","1,2587542087542088e-07","0.007896969696969697","0","0","0.0","","0.0","0.0","8,307777777777777e-06","DE","0,09947","8,263746555555556e-07","0,0783099722222222","6,505818470061726e-07","0,09353","7,770264555555555e-07","0,0518570416666666","4,308167783796291e-07","0,10116","8,404147999999999e-07","0,0950131388888888","7,893480438580239e-07","0,09947","8,263746555555556e-07","0,0783099722222222","6,505818470061726e-07","0,09947","1,2520828114478116e-08","9,857300712214738e-09","8,263746555555557e-07","0,09353","1,1773128114478116e-08","6,527526945145896e-09","7,770264555555556e-07","0,10116","1,2733557575757576e-08","1,1959818846333698e-08","8,404148e-07","0,09947","1,2520828114478116e-08","9,857300712214738e-09","8,263746555555557e-07","489,82","4,0693157111111105e-06","22,25","1,8484805555555557e-07","875,38","7,272462511111111e-06","6,165629865319866e-08","4,069315711111111e-06","2,800728114478115e-09","1,8484805555555557e-07","1,1018882592592592e-07","7,272462511111111e-06"
"2024-09-12 22:07:29+02:00","rock-tobefilledbyoem","AMD Ryzen Threadripper 3970X 32-Core Processor","0","kernel","175","1.0","1.0743","1,0743","60,777","56.6","0","reduction","openblas","fp32","0","175","57","1.0743","60.777","56.6","57.3","22400000000","20.85","kernel","kernel","0","AMD Ryzen Threadripper 3970X 32-Core Processor","","","","0","0","","","37.2","0","OPENBLAS_NUM_THREADS=1; e2e_host_memcpy=1; e2e_bw=mixed","0.34729714285714286","9,64714285714286e-08","0.006138857142857143","0","0","","","","","1,68825e-05","DE","0,09947","1,679302275e-06","0,0783099722222222","1,3220681060416663e-06","0,09353","1,579020225e-06","0,0518570416666666","8,75476505937499e-07","0,10116","1,7078337e-06","0,0950131388888888","1,6040593172916654e-06","0,09947","1,679302275e-06","0,0783099722222222","1,3220681060416663e-06","0,09947","9,596013000000005e-09","7,554674891666666e-09","1,6793022750000005e-06","0,09353","9,022972714285716e-09","5,0027228910714244e-09","1,5790202250000002e-06","0,10116","9,759049714285716e-09","9,16605324166666e-09","1,7078337000000005e-06","0,09947","9,596013000000005e-09","7,554674891666666e-09","1,6793022750000005e-06","489,82","8,26938615e-06","22,25","3,7563562499999995e-07","875,38","1,4778602849999999e-05","4,7253635142857156e-08","8,269386150000002e-06","2,1464892857142863e-09","3,756356250000001e-07","8,444915914285717e-08","1,4778602850000005e-05"
"2024-09-12 22:07:29+02:00","rock-tobefilledbyoem","AMD Ryzen Threadripper 3970X 32-Core Processor","0","e2e","57","1.0","1.0743","0,6046","34,655","57.3","0","reduction","openblas","fp32","0","175","57","1.0743","60.777","56.6","57.3","3648000000","6.03","e2e","e2e","0","AMD Ryzen Threadripper 3970X 32-Core Processor","","","","0","0","","","37.2","0","OPENBLAS_NUM_THREADS=1; e2e_host_memcpy=1; e2e_bw=mixed","0.6079824561403508","1,688840155945419e-07","0.01060701754385965","0","0","0.0","","0.0","0.0","9,62638888888889e-06","DE","0,09947","9,575369027777778e-07","0,0783099722222222","7,538422464891973e-07","0,09353","9,003561527777778e-07","0,0518570416666666","4,991960497106476e-07","0,10116","9,738055e-07","0,0950131388888888","9,14633424498456e-07","0,09947","9,575369027777778e-07","0,0783099722222222","7,538422464891973e-07","0,09947","1,6798893031189086e-08","1,3225302569985917e-08","9,575369027777778e-07","0,09353","1,5795721978557505e-08","8,757825433520131e-09","9,003561527777778e-07","0,10116","1,7084307017543857e-08","1,6046200429797472e-08","9,738055e-07","0,09947","1,6798893031189086e-08","1,3225302569985917e-08","9,575369027777778e-07","489,82","4,715197805555555e-06","22,25","2,1418715277777777e-07","875,38","8,426748305555557e-06","8,272276851851852e-08","4,715197805555556e-06","3,7576693469785575e-09","2,1418715277777777e-07","1,4783768957115007e-07","8,426748305555553e-06"
"2024-09-12 22:07:37+02:00","rock-tobefilledbyoem","AMD Ryzen Threadripper 3970X 32-Core Processor","0","kernel","114","1.0","1.0749","1,0749","61,081","56.8","0","reduction","openblas","fp32","0","114","33","1.0749","61.081","56.8","57.4","21888000000","20.36","kernel","kernel","0","AMD Ryzen Threadripper 3970X 32-Core Processor","","","","0","0","","","37.2","0","OPENBLAS_NUM_THREADS=1; e2e_host_memcpy=1; e2e_bw=mixed","0.5357982456140351","1,4883284600389865e-07","0.009428947368421052","0","0","","","","","1,6966944444444444e-05","DE","0,09947","1,6877019638888888e-06","0,0783099722222222","1,3286809481404315e-06","0,09353","1,586918313888889e-06","0,0518570416666666","8,798555450115729e-07","0,10116","1,7163761e-06","0,0950131388888888","1,6120826490200603e-06","0,09947","1,6877019638888888e-06","0,0783099722222222","1,3286809481404315e-06","0,09947","1,4804403192007798e-08","1,1655096036319578e-08","1,687701963888889e-06","0,09353","1,3920336086744642e-08","7,718031096592745e-09","1,586918313888889e-06","0,10116","1,5055930701754386e-08","1,414107586859702e-08","1,7163761e-06","0,09947","1,4804403192007798e-08","1,1655096036319578e-08","1,687701963888889e-06","489,82","8,310748727777777e-06","22,25","3,775145138888889e-07","875,38","1,4852523827777778e-05","7,290130462962964e-08","8,310748727777779e-06","3,311530823586745e-09","3,7751451388888893e-07","1,302852967348928e-07","1,4852523827777778e-05"
"2024-09-12 22:07:37+02:00","rock-tobefilledbyoem","AMD Ryzen Threadripper 3970X 32-Core Processor","0","e2e","33","1.0","1.0749","0,5333","30,613","57.4","0","reduction","openblas","fp32","0","114","33","1.0749","61.081","56.8","57.4","3168000000","5.94","e2e","e2e","0","AMD Ryzen Threadripper 3970X 32-Core Processor","","","","0","0","","","37.2","0","OPENBLAS_NUM_THREADS=1; e2e_host_memcpy=1; e2e_bw=mixed","0.9276666666666666","2,576851851851852e-07","0.01616060606060606","0","0","0.0","","0.0","0.0","8,503611111111112e-06","DE","0,09947","8,458541972222223e-07","0,0783099722222222","6,659175498996913e-07","0,09353","7,953427472222223e-07","0,0518570416666666","4,40972115706018e-07","0,10116","8,602253e-07","0,0950131388888888","8,079547835570981e-07","0,09947","8,458541972222223e-07","0,0783099722222222","6,659175498996913e-07","0,09947","2,5631945370370374e-08","2,0179319693930042e-08","8,458541972222224e-07","0,09353","2,4101295370370374e-08","1,3362791385030848e-08","7,953427472222224e-07","0,10116","2,6067433333333336e-08","2,4483478289609037e-08","8,602253000000001e-07","0,09947","2,5631945370370374e-08","2,0179319693930042e-08","8,458541972222224e-07","489,82","4,165238794444445e-06","22,25","1,8920534722222224e-07","875,38","7,443891094444445e-06","1,2621935740740741e-07","4,165238794444444e-06","5,7334953703703705e-09","1,8920534722222224e-07","2,255724574074074e-07","7,443891094444444e-06"
"2024-09-12 22:07:45+02:00","rock-tobefilledbyoem","AMD Ryzen Threadripper 3970X 32-Core Processor","0","kernel","85","1.0","1.0515","1,0515","59,583","56.7","0","reduction","openblas","fp32","0","85","28","1.0515","59.583","56.7","57.4","21760000000","20.7","kernel","kernel","0","AMD Ryzen Threadripper 3970X 32-Core Processor","","","","0","0","","","37.2","0","OPENBLAS_NUM_THREADS=1; e2e_host_memcpy=1; e2e_bw=mixed","0.7009764705882353","1,947156862745098e-07","0.01237058823529412","0","0","","","","","1,6550833333333334e-05","DE","0,09947","1,6463113916666668e-06","0,0783099722222222","1,296095298587963e-06","0,09353","1,5479994416666668e-06","0,0518570416666666","8,582772537847213e-07","0,10116","1,6742823000000002e-06","0,0950131388888888","1,5725466262268506e-06","0,09947","1,6463113916666668e-06","0,0783099722222222","1,296095298587963e-06","0,09947","1,9368369313725493e-08","1,5248179983387798e-08","1,6463113916666663e-06","0,09353","1,8211758137254903e-08","1,0097379456290838e-08","1,5479994416666668e-06","0,10116","1,969743882352941e-08","1,85005485438453e-08","1,6742823e-06","0,09947","1,9368369313725493e-08","1,5248179983387798e-08","1,6463113916666663e-06","489,82","8,106929183333334e-06","22,25","3,682560416666667e-07","875,38","1,4488268483333335e-05","9,537563745098039e-08","8,106929183333334e-06","4,332424019607843e-09","3,682560416666667e-07","1,704502174509804e-07","1,4488268483333333e-05"
"2024-09-12 22:07:45+02:00","rock-tobefilledbyoem","AMD Ryzen Threadripper 3970X 32-Core Processor","0","e2e","28","1.0","1.0515","0,5927","34,042","57.4","0","reduction","openblas","fp32","0","85","28","1.0515","59.583","56.7","57.4","3584000000","6.05","e2e","e2e","0","AMD Ryzen Threadripper 3970X 32-Core Processor","","","","0","0","","","37.2","0","OPENBLAS_NUM_THREADS=1; e2e_host_memcpy=1; e2e_bw=mixed","1.2157857142857142","3,37718253968254e-07","0.021167857142857145","0","0","0.0","","0.0","0.0","9,456111111111111e-06","DE","0,09947","9,405993722222224e-07","0,0783099722222222","7,405077984413579e-07","0,09353","8,844300722222223e-07","0,0518570416666666","4,903659478935179e-07","0,10116","9,565802e-07","0,0950131388888888","8,984547983487646e-07","0,09947","9,405993722222224e-07","0,0783099722222222","7,405077984413579e-07","0,09947","3,3592834722222234e-08","2,644670708719136e-08","9,405993722222224e-07","0,09353","3,15867882936508e-08","1,751306956762564e-08","8,844300722222225e-07","0,10116","3,4163578571428575e-08","3,2087671369598744e-08","9,565802e-07","0,09947","3,3592834722222234e-08","2,644670708719136e-08","9,405993722222224e-07","489,82","4,6317923444444446e-06","22,25","2,103984722222222e-07","875,38","8,277690544444445e-06","1,6542115515873018e-07","4,631792344444445e-06","7,514231150793652e-09","2,1039847222222226e-07","2,956318051587302e-07","8,277690544444447e-06"
"2024-09-12 22:07:53+02:00","rock-tobefilledbyoem","AMD Ryzen Threadripper 3970X 32-Core Processor","0","kernel","58","1.0","1.067","1,067","60,461","56.7","0","reduction","openblas","fp32","0","58","17","1.067","60.461","56.7","57.5","22272000000","20.87","kernel","kernel","0","AMD Ryzen Threadripper 3970X 32-Core Processor","","","","0","0","","","37.2","0","OPENBLAS_NUM_THREADS=1; e2e_host_memcpy=1; e2e_bw=mixed","1.0424310344827585","2,895641762452107e-07","0.01839655172413793","0","0","","","","","1,679472222222222e-05","DE","0,09947","1,6705710194444445e-06","0,0783099722222222","1,3151942307021602e-06","0,09353","1,5708103694444444e-06","0,0518570416666666","8,709246100578693e-07","0,10116","1,6989541e-06","0,0950131388888888","1,595719275100307e-06","0,09947","1,6705710194444445e-06","0,0783099722222222","1,3151942307021602e-06","0,09947","2,8802948611111114e-08","2,2675762598313105e-08","1,6705710194444445e-06","0,09353","2,708293740421456e-08","1,5015941552721885e-08","1,5708103694444442e-06","0,10116","2,9292312068965517e-08","2,7512401294832883e-08","1,6989541e-06","0,09947","2,8802948611111114e-08","2,2675762598313105e-08","1,6705710194444445e-06","489,82","8,226390838888889e-06","22,25","3,7368256944444443e-07","875,38","1,4701763938888889e-05","1,4183432480842909e-07","8,226390838888887e-06","6,442802921455938e-09","3,736825694444444e-07","2,5347868860153254e-07","1,4701763938888887e-05"
"2024-09-12 22:07:53+02:00","rock-tobefilledbyoem","AMD Ryzen Threadripper 3970X 32-Core Processor","0","e2e","17","1.0","1.067","0,5368","30,849","57.5","0","reduction","openblas","fp32","0","58","17","1.067","60.461","56.7","57.5","3264000000","6.08","e2e","e2e","0","AMD Ryzen Threadripper 3970X 32-Core Processor","","","","0","0","","","37.2","0","OPENBLAS_NUM_THREADS=1; e2e_host_memcpy=1; e2e_bw=mixed","1.8146470588235295","5,040686274509804e-07","0.031576470588235296","0","0","0.0","","0.0","0.0","8,569166666666667e-06","DE","0,09947","8,523750083333335e-07","0,0783099722222222","6,710512036342592e-07","0,09353","8,014741583333334e-07","0,0518570416666666","4,4437163288194393e-07","0,10116","8,668569e-07","0,0950131388888888","8,141834226620364e-07","0,09947","8,523750083333335e-07","0,0783099722222222","6,710512036342592e-07","0,09947","5,0139706372549035e-08","3,947360021377995e-08","8,523750083333335e-07","0,09353","4,71455387254902e-08","2,6139507816584938e-08","8,014741583333334e-07","0,10116","5,099158235294118e-08","4,7893142509531554e-08","8,668569e-07","0,09947","5,0139706372549035e-08","3,947360021377995e-08","8,523750083333335e-07","489,82","4,197349216666667e-06","22,25","1,9066395833333335e-07","875,38","7,5012771166666675e-06","2,4690289509803923e-07","4,197349216666667e-06","1,1215526960784314e-08","1,9066395833333335e-07","4,412515950980392e-07","7,501277116666667e-06"
"2024-09-12 22:08:02+02:00","rock-tobefilledbyoem","AMD Ryzen Threadripper 3970X 32-Core Processor","0","kernel","43","1.0","1.0518","1,0518","59,596","56.7","0","reduction","openblas","fp32","0","43","15","1.0518","59.596","56.7","57.3","22016000000","20.93","kernel","kernel","0","AMD Ryzen Threadripper 3970X 32-Core Processor","","","","0","0","","","37.1","0","OPENBLAS_NUM_THREADS=1; e2e_host_memcpy=1; e2e_bw=mixed","1.385953488372093","3,849870801033593e-07","0.02446046511627907","0","0","","","","","1,6554444444444444e-05","DE","0,09947","1,646670588888889e-06","0,0783099722222222","1,2963780845987652e-06","0,09353","1,548337188888889e-06","0,0518570416666666","8,58464515324073e-07","0,10116","1,6746476e-06","0,0950131388888888","1,5728897292283937e-06","0,09947","1,646670588888889e-06","0,0783099722222222","1,2963780845987652e-06","0,09947","3,8294664857881155e-08","3,0148327548808497e-08","1,6466705888888894e-06","0,09353","3,6007841602067194e-08","1,9964291054048216e-08","1,5483371888888894e-06","0,10116","3,8945293023255825e-08","3,657883091228823e-08","1,6746476e-06","0,09947","3,8294664857881155e-08","3,0148327548808497e-08","1,6466705888888894e-06","489,82","8,108697977777778e-06","22,25","3,683363888888889e-07","875,38","1,4491429577777778e-05","1,8857437157622744e-07","8,10869797777778e-06","8,565962532299745e-09","3,6833638888888903e-07","3,370099901808787e-07","1,4491429577777783e-05"
"2024-09-12 22:08:02+02:00","rock-tobefilledbyoem","AMD Ryzen Threadripper 3970X 32-Core Processor","0","e2e","15","1.0","1.0518","0,6331","36,302","57.3","0","reduction","openblas","fp32","0","43","15","1.0518","59.596","56.7","57.3","3840000000","6.07","e2e","e2e","0","AMD Ryzen Threadripper 3970X 32-Core Processor","","","","0","0","","","37.1","0","OPENBLAS_NUM_THREADS=1; e2e_host_memcpy=1; e2e_bw=mixed","2.4201333333333332","6,722592592592592e-07","0.04220666666666666","0","0","0.0","","0.0","0.0","1,008388888888889e-05","DE","0,09947","1,003044427777778e-06","0,0783099722222222","7,89669058780864e-07","0,09353","9,43146127777778e-07","0,0518570416666666","5,229206462731475e-07","0,10116","1,0200862e-06","0,0950131388888888","9,581019355401227e-07","0,09947","1,003044427777778e-06","0,0783099722222222","7,89669058780864e-07","0,09947","6,686962851851851e-08","5,2644603918724276e-08","1,0030444277777775e-06","0,09353","6,287640851851852e-08","3,486137641820983e-08","9,431461277777778e-07","0,10116","6,800574666666666e-08","6,38734623693415e-08","1,0200862e-06","0,09947","6,686962851851851e-08","5,2644603918724276e-08","1,0030444277777775e-06","489,82","4,9392904555555554e-06","22,25","2,243665277777778e-07","875,38","8,827234655555556e-06","3,2928603037037035e-07","4,9392904555555554e-06","1,4957768518518517e-08","2,2436652777777775e-07","5,884823103703703e-07","8,827234655555554e-06"
"2024-09-12 22:08:10+02:00","rock-tobefilledbyoem","AMD Ryzen Threadripper 3970X 32-Core Processor","0","kernel","29","1.0","1.068","1,068","60,491","56.6","0","reduction","openblas","fp32","0","29","9","1.068","60.491","56.6","57.4","22272000000","20.85","kernel","kernel","0","AMD Ryzen Threadripper 3970X 32-Core Processor","","","","0","0","","","37.2","0","OPENBLAS_NUM_THREADS=1; e2e_host_memcpy=1; e2e_bw=mixed","2.085896551724138","5,794157088122606e-07","0.03682758620689655","0","0","","","","","1,6803055555555556e-05","DE","0,09947","1,6713999361111112e-06","0,0783099722222222","1,3158468138040122e-06","0,09353","1,5715897861111112e-06","0,0518570416666666","8,713567520717583e-07","0,10116","1,6997971e-06","0,0950131388888888","1,596511051257715e-06","0,09947","1,6713999361111112e-06","0,0783099722222222","1,3158468138040122e-06","0,09947","5,763448055555556e-08","4,537402806220731e-08","1,6713999361111112e-06","0,09353","5,4192751245210735e-08","3,0046784554198565e-08","1,5715897861111114e-06","0,10116","5,861369310344828e-08","5,505210521578328e-08","1,6997971e-06","0,09947","5,763448055555556e-08","4,537402806220731e-08","1,6713999361111112e-06","489,82","8,230472672222224e-06","22,25","3,7386798611111113e-07","875,38","1,4709058772222223e-05","2,838094024904215e-07","8,230472672222224e-06","1,2891999521072797e-08","3,7386798611111113e-07","5,072089231800766e-07","1,4709058772222223e-05"
"2024-09-12 22:08:10+02:00","rock-tobefilledbyoem","AMD Ryzen Threadripper 3970X 32-Core Processor","0","e2e","9","1.0","1.068","0,5696","32,674","57.4","0","reduction","openblas","fp32","0","29","9","1.068","60.491","56.6","57.4","3456000000","6.07","e2e","e2e","0","AMD Ryzen Threadripper 3970X 32-Core Processor","","","","0","0","","","37.2","0","OPENBLAS_NUM_THREADS=1; e2e_host_memcpy=1; e2e_bw=mixed","3.6304444444444446","1,0084567901234569e-06","0.0632888888888889","0","0","0.0","","0.0","0.0","9,076111111111112e-06","DE","0,09947","9,028007722222224e-07","0,0783099722222222","7,107500089969135e-07","0,09353","8,488886722222223e-07","0,0518570416666666","4,706602720601847e-07","0,10116","9,181394e-07","0,0950131388888888","8,623498055709869e-07","0,09947","9,028007722222224e-07","0,0783099722222222","7,107500089969135e-07","0,09947","1,0031119691358026e-07","7,897222322187929e-08","9,028007722222224e-07","0,09353","9,432096358024692e-08","5,2295585784464963e-08","8,488886722222223e-07","0,10116","1,020154888888889e-07","9,5816645063443e-08","9,181394e-07","0,09947","1,0031119691358026e-07","7,897222322187929e-08","9,028007722222224e-07","489,82","4,445660744444445e-06","22,25","2,0194347222222223e-07","875,38","7,945046144444446e-06","4,939623049382716e-07","4,4456607444444445e-06","2,243816358024692e-08","2,0194347222222226e-07","8,827829049382717e-07","7,945046144444446e-06"
"2024-09-12 22:08:19+02:00","rock-tobefilledbyoem","AMD Ryzen Threadripper 3970X 32-Core Processor","0","kernel","21","1.0","1.0446","1,0446","59,152","56.6","0","reduction","openblas","fp32","0","21","7","1.0446","59.152","56.6","57.3","21504000000","20.59","kernel","kernel","0","AMD Ryzen Threadripper 3970X 32-Core Processor","","","","0","0","","","37.2","0","OPENBLAS_NUM_THREADS=1; e2e_host_memcpy=1; e2e_bw=mixed","2.816761904761905","7,824338624338625e-07","0.049742857142857144","0","0","","","","","1,643111111111111e-05","DE","0,09947","1,6344026222222222e-06","0,0783099722222222","1,2867198546913575e-06","0,09353","1,5368018222222224e-06","0,0518570416666666","8,520688135185175e-07","0,10116","1,6621712e-06","0,0950131388888888","1,5611714420987642e-06","0,09947","1,6344026222222222e-06","0,0783099722222222","1,2867198546913575e-06","0,09947","7,78286962962963e-08","6,12723740329218e-08","1,6344026222222224e-06","0,09353","7,318103915343918e-08","4,0574705405643694e-08","1,5368018222222226e-06","0,10116","7,915100952380954e-08","7,43414972427983e-08","1,6621712e-06","0,09947","7,78286962962963e-08","6,12723740329218e-08","1,6344026222222224e-06","489,82","8,048286844444446e-06","22,25","3,655922222222222e-07","875,38","1,4383466044444445e-05","3,832517544973545e-07","8,048286844444444e-06","1,7409153439153443e-08","3,655922222222223e-07","6,849269544973545e-07","1,4383466044444445e-05"
"2024-09-12 22:08:19+02:00","rock-tobefilledbyoem","AMD Ryzen Threadripper 3970X 32-Core Processor","0","e2e","7","1.0","1.0446","0,6032","34,566","57.3","0","reduction","openblas","fp32","0","21","7","1.0446","59.152","56.6","57.3","3584000000","5.94","e2e","e2e","0","AMD Ryzen Threadripper 3970X 32-Core Processor","","","","0","0","","","37.2","0","OPENBLAS_NUM_THREADS=1; e2e_host_memcpy=1; e2e_bw=mixed","4.938000000000001","1,3716666666666667e-06","0.08617142857142857","0","0","0.0","","0.0","0.0","9,601666666666668e-06","DE","0,09947","9,550777833333337e-07","0,0783099722222222","7,519062499537037e-07","0,09353","8,980438833333335e-07","0,0518570416666666","4,979140284027773e-07","0,10116","9,713046e-07","0,0950131388888888","9,122844885648142e-07","0,09947","9,550777833333337e-07","0,0783099722222222","7,519062499537037e-07","0,09947","1,3643968333333336e-07","1,074151785648148e-07","9,550777833333333e-07","0,09353","1,2829198333333334e-07","7,113057548611104e-08","8,980438833333334e-07","0,10116","1,3875780000000002e-07","1,3032635550925917e-07","9,713046e-07","0,09947","1,3643968333333336e-07","1,074151785648148e-07","9,550777833333333e-07","489,82","4,703088366666668e-06","22,25","2,1363708333333338e-07","875,38","8,405106966666668e-06","6,718697666666667e-07","4,703088366666667e-06","3,051958333333333e-08","2,1363708333333333e-07","1,2007295666666667e-06","8,405106966666666e-06"
"2024-09-12 22:08:28+02:00","rock-tobefilledbyoem","AMD Ryzen Threadripper 3970X 32-Core Processor","0","kernel","17","1.0","1.0377","1,0377","58,748","56.6","0","reduction","openblas","fp32","0","17","7","1.0377","58.748","56.6","57.3","21760000000","20.97","kernel","kernel","0","AMD Ryzen Threadripper 3970X 32-Core Processor","","","","0","0","","","37.2","0","OPENBLAS_NUM_THREADS=1; e2e_host_memcpy=1; e2e_bw=mixed","3.455764705882353","9,599346405228758e-07","0.06104117647058824","0","0","","","","","1,631888888888889e-05","DE","0,09947","1,6232398777777775e-06","0,0783099722222222","1,2779317355864194e-06","0,09353","1,5263056777777777e-06","0,0518570416666666","8,462493010648137e-07","0,10116","1,6508188e-06","0,0950131388888888","1,5505088565123444e-06","0,09947","1,6232398777777775e-06","0,0783099722222222","1,2779317355864194e-06","0,09947","9,548469869281047e-08","7,517245503449526e-08","1,6232398777777775e-06","0,09353","8,978268692810459e-08","4,97793706508714e-08","1,526305677777778e-06","0,10116","9,710698823529413e-08","9,120640332425556e-08","1,6508188e-06","0,09947","9,548469869281047e-08","7,517245503449526e-08","1,6232398777777775e-06","489,82","7,993318155555555e-06","22,25","3,630952777777777e-07","875,38","1,4285228955555556e-05","4,70195185620915e-07","7,993318155555555e-06","2,1358545751633986e-08","3,6309527777777777e-07","8,40307585620915e-07","1,4285228955555554e-05"
"2024-09-12 22:08:28+02:00","rock-tobefilledbyoem","AMD Ryzen Threadripper 3970X 32-Core Processor","0","e2e","7","1.0","1.0377","0,7379","42,314","57.3","0","reduction","openblas","fp32","0","17","7","1.0377","58.748","56.6","57.3","4480000000","6.07","e2e","e2e","0","AMD Ryzen Threadripper 3970X 32-Core Processor","","","","0","0","","","37.2","0","OPENBLAS_NUM_THREADS=1; e2e_host_memcpy=1; e2e_bw=mixed","6.0448571428571425","1,679126984126984e-06","0.10541428571428571","0","0","0.0","","0.0","0.0","1,1753888888888889e-05","DE","0,09947","1,1691593277777775e-06","0,0783099722222222","9,204467123919752e-07","0,09353","1,0993412277777778e-06","0,0518570416666666","6,095219058564807e-07","0,10116","1,1890234e-06","0,0950131388888888","1,1167738774845668e-06","0,09947","1,1691593277777775e-06","0,0783099722222222","9,204467123919752e-07","0,09947","1,6702276111111114e-07","1,3149238748456785e-07","1,1691593277777775e-06","0,09353","1,570487468253968e-07","8,707455797949725e-08","1,0993412277777778e-06","0,10116","1,698604857142857e-07","1,5953912535493813e-07","1,1890234e-06","0,09947","1,6702276111111114e-07","1,3149238748456785e-07","1,1691593277777775e-06","489,82","5,7572898555555554e-06","22,25","2,6152402777777776e-07","875,38","1,0289119255555556e-05","8,224699793650794e-07","5,7572898555555554e-06","3,736057539682539e-08","2,6152402777777776e-07","1,4698741793650794e-06","1,0289119255555556e-05"
"2024-09-12 22:08:38+02:00","rock-tobefilledbyoem","AMD Ryzen Threadripper 3970X 32-Core Processor","0","kernel","15","1.0","1.0986","1,0986","62,138","56.6","0","reduction","openblas","fp32","0","15","6","1.0986","62.138","56.6","57.3","23040000000","20.97","kernel","kernel","0","AMD Ryzen Threadripper 3970X 32-Core Processor","","","","0","0","","","37.2","0","OPENBLAS_NUM_THREADS=1; e2e_host_memcpy=1; e2e_bw=mixed","4.142533333333334","1,1507037037037038e-06","0.07324","0","0","","","","","1,7260555555555556e-05","DE","0,09947","1,7169074611111111e-06","0,0783099722222222","1,3516736260956789e-06","0,09353","1,6143797611111111e-06","0,0518570416666666","8,950813486342582e-07","0,10116","1,7460778e-06","0,0950131388888888","1,6399795622993814e-06","0,09947","1,7169074611111111e-06","0,0783099722222222","1,3516736260956789e-06","0,09947","1,1446049740740741e-07","9,011157507304525e-08","1,7169074611111111e-06","0,09353","1,0762531740740741e-07","5,967208990895055e-08","1,6143797611111111e-06","0,10116","1,1640518666666669e-07","1,0933197081995877e-07","1,7460778000000005e-06","0,09947","1,1446049740740741e-07","9,011157507304525e-08","1,7169074611111111e-06","489,82","8,454565322222222e-06","22,25","3,840473611111111e-07","875,38","1,5109545122222222e-05","5,636376881481481e-07","8,454565322222222e-06","2,560315740740741e-08","3,8404736111111115e-07","1,0073030081481482e-06","1,5109545122222222e-05"
"2024-09-12 22:08:38+02:00","rock-tobefilledbyoem","AMD Ryzen Threadripper 3970X 32-Core Processor","0","e2e","6","1.0","1.0986","0,7582","43,459","57.3","0","reduction","openblas","fp32","0","15","6","1.0986","62.138","56.6","57.3","4608000000","6.08","e2e","e2e","0","AMD Ryzen Threadripper 3970X 32-Core Processor","","","","0","0","","","37.2","0","OPENBLAS_NUM_THREADS=1; e2e_host_memcpy=1; e2e_bw=mixed","7.243166666666667","2,0119907407407407e-06","0.12636666666666665","0","0","0.0","","0.0","0.0","1,2071944444444446e-05","DE","0,09947","1,2007963138888892e-06","0,0783099722222222","9,453536341126542e-07","0,09353","1,129088963888889e-06","0,0518570416666666","6,260153260532401e-07","0,10116","1,2211979e-06","0,0950131388888888","1,1469933341589497e-06","0,09947","1,2007963138888892e-06","0,0783099722222222","9,453536341126542e-07","0,09947","2,001327189814815e-07","1,5755893901877568e-07","1,2007963138888887e-06","0,09353","1,881814939814815e-07","1,0433588767554e-07","1,1290889638888889e-06","0,10116","2,0353298333333334e-07","1,911655556931583e-07","1,2211979e-06","0,09947","2,001327189814815e-07","1,5755893901877568e-07","1,2007963138888887e-06","489,82","5,913079827777779e-06","22,25","2,686007638888889e-07","875,38","1,0567538727777778e-05","9,855133046296296e-07","5,913079827777778e-06","4,4766793981481484e-08","2,686007638888889e-07","1,7612564546296296e-06","1,0567538727777778e-05"
"2024-09-12 22:08:47+02:00","rock-tobefilledbyoem","AMD Ryzen Threadripper 3970X 32-Core Processor","0","kernel","11","1.0","1.0685","1,0685","60,553","56.7","0","reduction","openblas","fp32","0","11","4","1.0685","60.553","56.7","57.3","22528000000","21.08","kernel","kernel","0","AMD Ryzen Threadripper 3970X 32-Core Processor","","","","0","0","","","37.2","0","OPENBLAS_NUM_THREADS=1; e2e_host_memcpy=1; e2e_bw=mixed","5.504818181818181","1,5291161616161614e-06","0.09713636363636363","0","0","","","","","1,6820277777777778e-05","DE","0,09947","1,6731130305555555e-06","0,0783099722222222","1,3171954855478392e-06","0,09353","1,5732005805555556e-06","0,0518570416666666","8,722498455671285e-07","0,10116","1,7015393e-06","0,0950131388888888","1,59814738864969e-06","0,09947","1,6731130305555555e-06","0,0783099722222222","1,3171954855478392e-06","0,09947","1,5210118459595957e-07","1,1974504414071265e-07","1,673113030555555e-06","0,09353","1,430182345959596e-07","7,92954405061026e-08","1,5732005805555554e-06","0,10116","1,546853909090909e-07","1,452861262408809e-07","1,7015392999999998e-06","0,09947","1,5210118459595957e-07","1,1974504414071265e-07","1,673113030555555e-06","489,82","8,238908461111111e-06","22,25","3,7425118055555557e-07","875,38","1,472413476111111e-05","7,489916782828282e-07","8,23890846111111e-06","3,402283459595959e-08","3,7425118055555546e-07","1,3385577055555553e-06","1,4724134761111109e-05"
"2024-09-12 22:08:47+02:00","rock-tobefilledbyoem","AMD Ryzen Threadripper 3970X 32-Core Processor","0","e2e","4","1.0","1.0685","0,6706","38,458","57.3","0","reduction","openblas","fp32","0","11","4","1.0685","60.553","56.7","57.3","4096000000","6.11","e2e","e2e","0","AMD Ryzen Threadripper 3970X 32-Core Processor","","","","0","0","","","37.2","0","OPENBLAS_NUM_THREADS=1; e2e_host_memcpy=1; e2e_bw=mixed","9.6145","2,6706944444444444e-06","0.16765","0","0","0.0","","0.0","0.0","1,0682777777777778e-05","DE","0,09947","1,0626159055555556e-06","0,0783099722222222","8,365680310339504e-07","0,09353","9,991602055555556e-07","0,0518570416666666","5,539772523379623e-07","0,10116","1,0806698e-06","0,0950131388888888","1,015004248719135e-06","0,09947","1,0626159055555556e-06","0,0783099722222222","8,365680310339504e-07","0,09947","2,656539763888889e-07","2,091420077584876e-07","1,0626159055555556e-06","0,09353","2,497900513888889e-07","1,384943130844906e-07","9,991602055555556e-07","0,10116","2,7016745e-07","2,5375106217978374e-07","1,0806698e-06","0,09947","2,656539763888889e-07","2,091420077584876e-07","1,0626159055555556e-06","489,82","5,232638211111111e-06","22,25","2,3769180555555556e-07","875,38","9,35149001111111e-06","1,3081595527777777e-06","5,232638211111111e-06","5,942295138888889e-08","2,3769180555555556e-07","2,3378725027777775e-06","9,35149001111111e-06"
"2024-09-12 22:08:58+02:00","rock-tobefilledbyoem","AMD Ryzen Threadripper 3970X 32-Core Processor","0","kernel","8","1.0","1.1655","1,1655","66,034","56.7","0","reduction","openblas","fp32","0","8","3","1.1655","66.034","56.7","57.6","24576000000","21.09","kernel","kernel","0","AMD Ryzen Threadripper 3970X 32-Core Processor","","","","0","0","","","37.2","0","OPENBLAS_NUM_THREADS=1; e2e_host_memcpy=1; e2e_bw=mixed","8.25425","2,2928472222222224e-06","0.1456875","0","0","","","","","1,834277777777778e-05","DE","0,09947","1,824556105555556e-06","0,0783099722222222","1,4364224182561723e-06","0,09353","1,7156000055555556e-06","0,0518570416666666","9,512021915046286e-07","0,10116","1,8555554e-06","0,0950131388888888","1,7428048926080234e-06","0,09947","1,824556105555556e-06","0,0783099722222222","1,4364224182561723e-06","0,09947","2,280695131944445e-07","1,7955280228202157e-07","1,824556105555556e-06","0,09353","2,1445000069444445e-07","1,1890027393807857e-07","1,7156000055555556e-06","0,10116","2,31944425e-07","2,178506115760029e-07","1,8555554e-06","0,09947","2,280695131944445e-07","1,7955280228202157e-07","1,824556105555556e-06","489,82","8,98465941111111e-06","22,25","4,0812680555555556e-07","875,38","1,6056900811111112e-05","1,1230824263888888e-06","8,98465941111111e-06","5,1015850694444445e-08","4,0812680555555556e-07","2,007112601388889e-06","1,6056900811111112e-05"
"2024-09-12 22:08:58+02:00","rock-tobefilledbyoem","AMD Ryzen Threadripper 3970X 32-Core Processor","0","e2e","3","1.0","1.1655","0,7517","43,325","57.6","0","reduction","openblas","fp32","0","8","3","1.1655","66.034","56.7","57.6","4608000000","6.13","e2e","e2e","0","AMD Ryzen Threadripper 3970X 32-Core Processor","","","","0","0","","","37.2","0","OPENBLAS_NUM_THREADS=1; e2e_host_memcpy=1; e2e_bw=mixed","14.441666666666668","4,011574074074074e-06","0.25056666666666666","0","0","0.0","","0.0","0.0","1,2034722222222225e-05","DE","0,09947","1,1970938194444446e-06","0,0783099722222222","9,424387629243826e-07","0,09353","1,1256075694444444e-06","0,0518570416666666","6,240850917245363e-07","0,10116","1,2174325e-06","0,0950131388888888","1,1434567339891966e-06","0,09947","1,1970938194444446e-06","0,0783099722222222","9,424387629243826e-07","0,09947","3,990312731481482e-07","3,141462543081275e-07","1,1970938194444446e-06","0,09353","3,752025231481482e-07","2,080283639081788e-07","1,1256075694444446e-06","0,10116","4,058108333333334e-07","3,811522446630655e-07","1,2174325e-06","0,09947","3,990312731481482e-07","3,141462543081275e-07","1,1970938194444446e-06","489,82","5,89484763888889e-06","22,25","2,677725694444445e-07","875,38","1,053495513888889e-05","1,9649492129629628e-06","5,894847638888888e-06","8,925752314814815e-08","2,6777256944444446e-07","3,5116517129629633e-06","1,053495513888889e-05"
"2024-09-12 21:39:34+02:00","rock-tobefilledbyoem","AMD Ryzen Threadripper 3970X 32-Core Processor","0","kernel","1658","1.0","0.1472","0,1472","8,419","57.2","1","reduction","openblas","fp32","0","1658","482","0.1472","8.419","57.2","55.9","13264000000","90.09","kernel","kernel","0","AMD Ryzen Threadripper 3970X 32-Core Processor","","","","0","0","","","44.5","0","OPENBLAS_NUM_THREADS=1; e2e_host_memcpy=1; e2e_bw=mixed","0.0050778045838359475","1,410501273287763e-09","8.87816646562123e-05","0","0","","","","","2,3386111111111118e-06","DE","0,125","2,923263888888889e-07","0,0783099722222222","1,8313657114969133e-07","0,09889","2,3126525277777785e-07","0,0518570416666666","1,212734538310184e-07","0,12545","2,9337876388888893e-07","0,0950131388888888","2,221987823070986e-07","0,125","2,923263888888889e-07","0,0783099722222222","1,8313657114969133e-07","0,125","1,7631265916097038e-10","1,1045631553057378e-10","2,923263888888889e-07","0,09889","1,3948447091542688e-10","7,314442329976982e-11","2,312652527777778e-07","0,12545","1,7694738473394987e-10","1,340161533818447e-10","2,933787638888889e-07","0,125","1,7631265916097038e-10","1,1045631553057378e-10","2,923263888888889e-07","483,51","1,1307418583333336e-06","21,25","4,969548611111113e-08","866,89","2,0273185861111116e-06","6,819914706473663e-10","1,1307418583333333e-06","2,997315205736497e-11","4,9695486111111114e-08","1,2227494488004289e-09","2,027318586111111e-06"
"2024-09-12 21:39:34+02:00","rock-tobefilledbyoem","AMD Ryzen Threadripper 3970X 32-Core Processor","0","e2e","482","1.0","0.1472","0,1085","6,067","55.9","1","reduction","openblas","fp32","0","1658","482","0.1472","8.419","57.2","55.9","1928000000","17.76","e2e","e2e","0","AMD Ryzen Threadripper 3970X 32-Core Processor","","","","0","0","","","44.5","0","OPENBLAS_NUM_THREADS=1; e2e_host_memcpy=1; e2e_bw=mixed","0.012587136929460582","3,496426924850161e-09","0.00022510373443983403","0","0","0.0","","0.0","0.0","1,6852777777777778e-06","DE","0,125","2,1065972222222225e-07","0,0783099722222222","1,3197405596450618e-07","0,09889","1,6665711944444445e-07","0,0518570416666666","8,739351994212953e-08","0,12545","2,1141809722222225e-07","0,0950131388888888","1,601235315663579e-07","0,125","2,1065972222222225e-07","0,0783099722222222","1,3197405596450618e-07","0,125","4,3705336560627004e-10","2,7380509536204587e-10","2,106597222222222e-07","0,09889","3,4576165859843246e-10","1,8131435672640977e-10","1,6665711944444445e-07","0,12545","4,386267577224528e-10","3,3220649702563874e-10","2,1141809722222225e-07","0,125","4,3705336560627004e-10","2,7380509536204587e-10","2,106597222222222e-07","483,51","8,148486583333333e-07","21,25","3,581215277777778e-08","866,89","1,460950452777778e-06","1,6905573824343015e-09","8,148486583333333e-07","7,429907215306593e-11","3,581215277777778e-08","3,0310175368833563e-09","1,4609504527777777e-06"
"2024-09-12 21:39:41+02:00","rock-tobefilledbyoem","AMD Ryzen Threadripper 3970X 32-Core Processor","0","kernel","5135","1.0","0.9697","0,9697","54,071","55.8","1","reduction","openblas","fp32","0","5135","557","0.9697","54.071","55.8","55.9","61620000000","63.55","kernel","kernel","0","AMD Ryzen Threadripper 3970X 32-Core Processor","","","","0","0","","","43.0","0","OPENBLAS_NUM_THREADS=1; e2e_host_memcpy=1; e2e_bw=mixed","0.010529892891918208","2,924970247755058e-09","0.0001888412852969815","0","0","","","","","1,5019722222222222e-05","DE","0,125","1,8774652777777776e-06","0,0783099722222222","1,1761940300077158e-06","0,09889","1,4853003305555557e-06","0,0518570416666666","7,788783610995361e-07","0,12545","1,8842241527777777e-06","0,0950131388888888","1,4270709535725295e-06","0,125","1,8774652777777776e-06","0,0783099722222222","1,1761940300077158e-06","0,125","3,656212809693823e-10","2,29054338852525e-10","1,8774652777777776e-06","0,09889","2,892503078004977e-10","1,5168030401159418e-10","1,4853003305555557e-06","0,12545","3,66937517580872e-10","2,7791060439581883e-10","1,8842241527777777e-06","0,125","3,656212809693823e-10","2,29054338852525e-10","1,8774652777777776e-06","483,51","7,262185891666667e-06","21,25","3,1916909722222224e-07","866,89","1,3020446997222223e-05","1,414252364492048e-09","7,262185891666667e-06","6,215561776479499e-11","3,191690972222223e-07","2,535627458076382e-09","1,3020446997222222e-05"
"2024-09-12 21:39:41+02:00","rock-tobefilledbyoem","AMD Ryzen Threadripper 3970X 32-Core Processor","0","e2e","557","1.0","0.9697","0,3613","20,208","55.9","1","reduction","openblas","fp32","0","5135","557","0.9697","54.071","55.8","55.9","3342000000","9.25","e2e","e2e","0","AMD Ryzen Threadripper 3970X 32-Core Processor","","","","0","0","","","43.0","0","OPENBLAS_NUM_THREADS=1; e2e_host_memcpy=1; e2e_bw=mixed","0.03628007181328546","1,0077797725912626e-08","0.0006486535008976661","0","0","0.0","","0.0","0.0","5,613333333333333e-06","DE","0,125","7,016666666666666e-07","0,0783099722222222","4,395799774074073e-07","0,09889","5,551025333333333e-07","0,0518570416666666","2,910908605555552e-07","0,12545","7,041926666666666e-07","0,0950131388888888","5,333404196296292e-07","0,125","7,016666666666666e-07","0,0783099722222222","4,395799774074073e-07","0,125","1,2597247157390783e-09","7,891920599773918e-10","7,016666666666666e-07","0,09889","9,965934171154995e-10","5,22604776580889e-10","5,551025333333334e-07","0,12545","1,264259724715739e-09","9,57523195026264e-10","7,041926666666666e-07","0,125","1,2597247157390783e-09","7,891920599773918e-10","7,016666666666666e-07","483,51","2,7141027999999996e-06","21,25","1,192833333333333e-07","866,89","4,866142533333333e-06","4,872715978456014e-09","2,7141027999999996e-06","2,141532016756433e-10","1,192833333333333e-07","8,736342070616397e-09","4,866142533333333e-06"
"2024-09-12 21:39:48+02:00","rock-tobefilledbyoem","AMD Ryzen Threadripper 3970X 32-Core Processor","0","kernel","2483","1.0","0.99","0,99","55,459","56.0","1","reduction","openblas","fp32","0","2483","245","0.99","55.459","56.0","56.3","39728000000","40.13","kernel","kernel","0","AMD Ryzen Threadripper 3970X 32-Core Processor","","","","0","0","","","41.2","0","OPENBLAS_NUM_THREADS=1; e2e_host_memcpy=1; e2e_bw=mixed","0.02233548127265405","6,204300353515014e-09","0.00039871123640757147","0","0","","","","","1,540527777777778e-05","DE","0,125","1,9256597222222223e-06","0,0783099722222222","1,2063868748533948e-06","0,09889","1,5234279194444446e-06","0,0518570416666666","7,988721316087954e-07","0,12545","1,9325920972222224e-06","0,0950131388888888","1,4637037971219124e-06","0,125","1,9256597222222223e-06","0,0783099722222222","1,2063868748533948e-06","0,125","7,755375441893768e-10","4,85858588342084e-10","1,9256597222222223e-06","0,09889","6,135432619590997e-10","3,2173666194474244e-10","1,5234279194444448e-06","0,12545","7,783294793484586e-10","5,89490051196904e-10","1,9325920972222224e-06","0,125","7,755375441893768e-10","4,85858588342084e-10","1,9256597222222223e-06","483,51","7,448605858333334e-06","21,25","3,273621527777778e-07","866,89","1,3354681252777778e-05","2,9998412639280442e-09","7,448605858333334e-06","1,3184138251219405e-10","3,2736215277777785e-07","5,37844593345863e-09","1,335468125277778e-05"
"2024-09-12 21:39:48+02:00","rock-tobefilledbyoem","AMD Ryzen Threadripper 3970X 32-Core Processor","0","e2e","245","1.0","0.99","0,2904","16,358","56.3","1","reduction","openblas","fp32","0","2483","245","0.99","55.459","56.0","56.3","1960000000","6.75","e2e","e2e","0","AMD Ryzen Threadripper 3970X 32-Core Processor","","","","0","0","","","41.2","0","OPENBLAS_NUM_THREADS=1; e2e_host_memcpy=1; e2e_bw=mixed","0.06676734693877551","1,8546485260770973e-08","0.0011853061224489795","0","0","0.0","","0.0","0.0","4,543888888888889e-06","DE","0,125","5,679861111111112e-07","0,0783099722222222","3,55831812669753e-07","0,09889","4,4934517222222237e-07","0,0518570416666666","2,3563263543981453e-07","0,12545","5,700308611111112e-07","0,0950131388888888","4,3172914609567866e-07","0,125","5,679861111111112e-07","0,0783099722222222","3,55831812669753e-07","0,125","2,3183106575963716e-09","1,4523747455908282e-09","5,67986111111111e-07","0,09889","1,8340619274376415e-09","9,617658589380182e-10","4,493451722222222e-07","0,12545","2,3266565759637192e-09","1,7621597799823615e-09","5,700308611111111e-07","0,125","2,3183106575963716e-09","1,4523747455908282e-09","5,67986111111111e-07","483,51","2,1970157166666667e-06","21,25","9,65576388888889e-08","866,89","3,939051838888888e-06","8,967411088435372e-09","2,1970157166666663e-06","3,9411281179138313e-10","9,655763888888886e-08","1,6077762607709747e-08","3,939051838888888e-06"
"2024-09-12 21:39:55+02:00","rock-tobefilledbyoem","AMD Ryzen Threadripper 3970X 32-Core Processor","0","kernel","965","1.0","0.9778","0,9778","55,441","56.7","1","reduction","openblas","fp32","0","965","259","0.9778","55.441","56.7","56.9","23160000000","23.69","kernel","kernel","0","AMD Ryzen Threadripper 3970X 32-Core Processor","","","","0","0","","","40.5","0","OPENBLAS_NUM_THREADS=1; e2e_host_memcpy=1; e2e_bw=mixed","0.05745181347150259","1,5958837075417387e-08","0.0010132642487046632","0","0","","","","","1,5400277777777778e-05","DE","0,125","1,9250347222222222e-06","0,0783099722222222","1,2059953249922836e-06","0,09889","1,5229334694444446e-06","0,0518570416666666","7,98612846400462e-07","0,12545","1,9319648472222224e-06","0,0950131388888888","1,4632287314274678e-06","0,125","1,9250347222222222e-06","0,0783099722222222","1,2059953249922836e-06","0,125","1,994854634427173e-09","1,2497360880749055e-09","1,9250347222222222e-06","0,09889","1,5781693983880255e-09","8,275780791714631e-10","1,5229334694444446e-06","0,12545","2,0020361111111113e-09","1,51629920355178e-09","1,9319648472222224e-06","0,125","1,994854634427173e-09","1,2497360880749055e-09","1,9250347222222222e-06","483,51","7,446188308333333e-06","21,25","3,272559027777778e-07","866,89","1,3350346802777777e-05","7,71625731433506e-09","7,446188308333333e-06","3,3912528785261944e-10","3,272559027777778e-07","1,3834556272308578e-08","1,3350346802777777e-05"
"2024-09-12 21:39:55+02:00","rock-tobefilledbyoem","AMD Ryzen Threadripper 3970X 32-Core Processor","0","e2e","259","1.0","0.9778","0,574","32,676","56.9","1","reduction","openblas","fp32","0","965","259","0.9778","55.441","56.7","56.9","3108000000","5.41","e2e","e2e","0","AMD Ryzen Threadripper 3970X 32-Core Processor","","","","0","0","","","40.5","0","OPENBLAS_NUM_THREADS=1; e2e_host_memcpy=1; e2e_bw=mixed","0.12616216216216217","3,5045045045045045e-08","0.002216216216216216","0","0","0.0","","0.0","0.0","9,076666666666667e-06","DE","0,125","1,1345833333333334e-06","0,0783099722222222","7,107935145370369e-07","0,09889","8,975915666666668e-07","0,0518570416666666","4,706890815277772e-07","0,12545","1,1386678333333334e-06","0,0950131388888888","8,624025906481475e-07","0,125","1,1345833333333334e-06","0,0783099722222222","7,107935145370369e-07","0,125","4,3806306306306314e-09","2,7443765040040034e-09","1,1345833333333334e-06","0,09889","3,4656045045045046e-09","1,8173323611111086e-09","8,975915666666667e-07","0,12545","4,396400900900901e-09","3,329739732232229e-09","1,1386678333333334e-06","0,125","4,3806306306306314e-09","2,7443765040040034e-09","1,1345833333333334e-06","483,51","4,3886591e-06","21,25","1,928791666666667e-07","866,89","7,868471566666666e-06","1,6944629729729728e-08","4,3886590999999995e-06","7,447072072072071e-10","1,9287916666666666e-07","3,03801990990991e-08","7,868471566666668e-06"
"2024-09-12 21:40:04+02:00","rock-tobefilledbyoem","AMD Ryzen Threadripper 3970X 32-Core Processor","0","kernel","689","1.0","1.0402","1,0402","59,065","56.8","0","reduction","openblas","fp32","0","689","224","1.0402","59.065","56.8","57.6","22048000000","21.2","kernel","kernel","0","AMD Ryzen Threadripper 3970X 32-Core Processor","","","","0","0","","","40.2","0","OPENBLAS_NUM_THREADS=1; e2e_host_memcpy=1; e2e_bw=mixed","0.08572568940493469","2,3812691501370743e-08","0.001509724238026125","0","0","","","","","1,6406944444444443e-05","DE","0,125","2,0508680555555558e-06","0,0783099722222222","1,2848273636959873e-06","0,09889","1,622482736111111e-06","0,0518570416666666","8,508156016782396e-07","0,12545","2,058251180555556e-06","0,0950131388888888","1,5588752912422824e-06","0,125","2,0508680555555558e-06","0,0783099722222222","1,2848273636959873e-06","0,125","2,976586437671343e-09","1,8647712100086893e-09","2,0508680555555558e-06","0,09889","2,354837062570553e-09","1,2348557353820602e-09","1,622482736111111e-06","0,12545","2,9873021488469603e-09","2,2625185649380006e-09","2,058251180555556e-06","0,125","2,976586437671343e-09","1,8647712100086893e-09","2,0508680555555558e-06","483,51","7,932921708333332e-06","21,25","3,486475694444444e-07","866,89","1,4223016069444443e-05","1,1513674467827768e-08","7,932921708333332e-06","5,060196944041283e-10","3,486475694444444e-07","2,0642984135623282e-08","1,4223016069444441e-05"
"2024-09-12 21:40:04+02:00","rock-tobefilledbyoem","AMD Ryzen Threadripper 3970X 32-Core Processor","0","e2e","224","1.0","1.0402","0,5966","34,374","57.6","0","reduction","openblas","fp32","0","689","224","1.0402","59.065","56.8","57.6","3584000000","6.01","e2e","e2e","0","AMD Ryzen Threadripper 3970X 32-Core Processor","","","","0","0","","","40.2","0","OPENBLAS_NUM_THREADS=1; e2e_host_memcpy=1; e2e_bw=mixed","0.15345535714285716","4,26264880952381e-08","0.0026633928571428572","0","0","0.0","","0.0","0.0","9,548333333333336e-06","DE","0,125","1,1935416666666669e-06","0,0783099722222222","7,477297181018518e-07","0,09889","9,442346833333336e-07","0,0518570416666666","4,951483195138884e-07","0,12545","1,1978384166666668e-06","0,0950131388888888","9,072171211574068e-07","0,125","1,1935416666666669e-06","0,0783099722222222","7,477297181018518e-07","0,125","5,328311011904762e-09","3,338079098668981e-09","1,1935416666666669e-06","0,09889","4,2153334077380956e-09","2,21048356925843e-09","9,442346833333334e-07","0,12545","5,3474929315476195e-09","4,050076433738423e-09","1,1978384166666668e-06","0,125","5,328311011904762e-09","3,338079098668981e-09","1,1935416666666669e-06","483,51","4,6167146500000015e-06","21,25","2,029020833333334e-07","866,89","8,277354683333336e-06","2,0610333258928573e-08","4,616714650000001e-06","9,058128720238096e-10","2,0290208333333336e-07","3,695247626488095e-08","8,277354683333333e-06"
"2024-09-12 21:40:12+02:00","rock-tobefilledbyoem","AMD Ryzen Threadripper 3970X 32-Core Processor","0","kernel","462","1.0","1.1092","1,1092","63,005","56.8","0","reduction","openblas","fp32","0","462","122","1.1092","63.005","56.8","57.5","22176000000","19.99","kernel","kernel","0","AMD Ryzen Threadripper 3970X 32-Core Processor","","","","0","0","","","39.9","0","OPENBLAS_NUM_THREADS=1; e2e_host_memcpy=1; e2e_bw=mixed","0.13637445887445887","3,788179413179413e-08","0.0024008658008658006","0","0","","","","","1,750138888888889e-05","DE","0,125","2,187673611111111e-06","0,0783099722222222","1,3705332777391971e-06","0,09889","1,7307123472222225e-06","0,0518570416666666","9,075702528356472e-07","0,12545","2,195549236111111e-06","0,0950131388888888","1,6628618932484554e-06","0,125","2,187673611111111e-06","0,0783099722222222","1,3705332777391971e-06","0,125","4,7352242664742674e-09","2,966522246188738e-09","2,187673611111111e-06","0,09889","3,746130621693122e-09","1,964437776700535e-09","1,7307123472222225e-06","0,12545","4,7522710738335745e-09","3,599268167204449e-09","2,1955492361111115e-06","0,125","4,7352242664742674e-09","2,966522246188738e-09","2,187673611111111e-06","483,51","8,462096541666667e-06","21,25","3,719045138888889e-07","866,89","1,5171779013888888e-05","1,831622628066378e-08","8,462096541666667e-06","8,049881253006254e-10","3,719045138888889e-07","3,2839348514911016e-08","1,517177901388889e-05"
"2024-09-12 21:40:12+02:00","rock-tobefilledbyoem","AMD Ryzen Threadripper 3970X 32-Core Processor","0","e2e","122","1.0","1.1092","0,4983","28,64","57.5","0","reduction","openblas","fp32","0","462","122","1.1092","63.005","56.8","57.5","2928000000","5.88","e2e","e2e","0","AMD Ryzen Threadripper 3970X 32-Core Processor","","","","0","0","","","39.9","0","OPENBLAS_NUM_THREADS=1; e2e_host_memcpy=1; e2e_bw=mixed","0.23475409836065575","6,520947176684882e-08","0.004084426229508197","0","0","0.0","","0.0","0.0","7,955555555555557e-06","DE","0,125","9,944444444444446e-07","0,0783099722222222","6,229993345679012e-07","0,09889","7,867248888888891e-07","0,0518570416666666","4,1255157592592556e-07","0,12545","9,980244444444447e-07","0,0950131388888888","7,55882304938271e-07","0,125","9,944444444444446e-07","0,0783099722222222","6,229993345679012e-07","0,125","8,151183970856103e-09","5,106551922687715e-09","9,944444444444446e-07","0,09889","6,4485646630236805e-09","3,381570294474799e-09","7,867248888888891e-07","0,12545","8,180528233151186e-09","6,1957565978546805e-09","9,980244444444447e-07","0,125","8,151183970856103e-09","5,106551922687715e-09","9,944444444444446e-07","483,51","3,846590666666667e-06","21,25","1,6905555555555557e-07","866,89","6,896591555555556e-06","3,1529431693989075e-08","3,846590666666667e-06","1,3857012750455376e-09","1,690555555555556e-07","5,652943897996358e-08","6,896591555555557e-06"
"2024-09-12 21:40:20+02:00","rock-tobefilledbyoem","AMD Ryzen Threadripper 3970X 32-Core Processor","0","kernel","327","1.0","1.0653","1,0653","60,375","56.7","0","reduction","openblas","fp32","0","327","108","1.0653","60.375","56.7","57.4","20928000000","19.64","kernel","kernel","0","AMD Ryzen Threadripper 3970X 32-Core Processor","","","","0","0","","","39.8","0","OPENBLAS_NUM_THREADS=1; e2e_host_memcpy=1; e2e_bw=mixed","0.18463302752293578","5,128695208970438e-08","0.003257798165137614","0","0","","","","","1,6770833333333332e-05","DE","0,125","2,0963541666666665e-06","0,0783099722222222","1,3133234924768517e-06","0,09889","1,6584677083333334e-06","0,0518570416666666","8,696858029513878e-07","0,12545","2,1039010416666668e-06","0,0950131388888888","1,593449516782406e-06","0,125","2,0963541666666665e-06","0,0783099722222222","1,3133234924768517e-06","0,125","6,410869011213048e-09","4,0162797935071914e-09","2,0963541666666665e-06","0,09889","5,071766692150866e-09","2,6595896114721334e-09","1,6584677083333334e-06","0,12545","6,433948139653415e-09","4,872934302086868e-09","2,1039010416666668e-06","0,125","6,410869011213048e-09","4,0162797935071914e-09","2,0963541666666665e-06","483,51","8,108865625e-06","21,25","3,5638020833333333e-07","866,89","1,4538467708333333e-05","2,4797754204892968e-08","8,108865625e-06","1,089847731906218e-09","3,563802083333333e-07","4,4460145897043836e-08","1,4538467708333335e-05"
"2024-09-12 21:40:20+02:00","rock-tobefilledbyoem","AMD Ryzen Threadripper 3970X 32-Core Processor","0","e2e","108","1.0","1.0653","0,5998","34,417","57.4","0","reduction","openblas","fp32","0","327","108","1.0653","60.375","56.7","57.4","3456000000","5.76","e2e","e2e","0","AMD Ryzen Threadripper 3970X 32-Core Processor","","","","0","0","","","39.8","0","OPENBLAS_NUM_THREADS=1; e2e_host_memcpy=1; e2e_bw=mixed","0.3186759259259259","8,852109053497944e-08","0.005553703703703704","0","0","0.0","","0.0","0.0","9,560277777777778e-06","DE","0,125","1,1950347222222222e-06","0,0783099722222222","7,48665087214506e-07","0,09889","9,454158694444444e-07","0,0518570416666666","4,95767723067129e-07","0,12545","1,1993368472222223e-06","0,0950131388888888","9,083520003163572e-07","0,125","1,1950347222222222e-06","0,0783099722222222","7,48665087214506e-07","0,125","1,1065136316872429e-08","6,932084140875056e-09","1,1950347222222222e-06","0,09889","8,753850643004116e-09","4,590441880251195e-09","9,454158694444446e-07","0,12545","1,1104970807613172e-08","8,410666669595901e-09","1,1993368472222223e-06","0,125","1,1065136316872429e-08","6,932084140875056e-09","1,1950347222222222e-06","483,51","4,622489908333333e-06","21,25","2,0315590277777777e-07","866,89","8,287709202777778e-06","4,280083248456791e-08","4,622489908333334e-06","1,8810731738683133e-09","2,0315590277777782e-07","7,673804817386833e-08","8,28770920277778e-06"
"2024-09-12 21:40:28+02:00","rock-tobefilledbyoem","AMD Ryzen Threadripper 3970X 32-Core Processor","0","kernel","226","1.0","1.0521","1,0521","59,732","56.8","0","reduction","openblas","fp32","0","226","62","1.0521","59.732","56.8","57.4","21696000000","20.62","kernel","kernel","0","AMD Ryzen Threadripper 3970X 32-Core Processor","","","","0","0","","","39.8","0","OPENBLAS_NUM_THREADS=1; e2e_host_memcpy=1; e2e_bw=mixed","0.2643008849557522","7,341691248770894e-08","0.004655309734513275","0","0","","","","","1,659222222222222e-05","DE","0,125","2,0740277777777777e-06","0,0783099722222222","1,29933646132716e-06","0,09889","1,6408048555555555e-06","0,0518570416666666","8,604235591203693e-07","0,12545","2,0814942777777776e-06","0,0950131388888888","1,5764791144753071e-06","0,125","2,0740277777777777e-06","0,0783099722222222","1,29933646132716e-06","0,125","9,177114060963618e-09","5,749276377553806e-09","2,0740277777777777e-06","0,09889","7,260198475909538e-09","3,807183889913138e-09","1,6408048555555555e-06","0,12545","9,210151671583088e-09","6,9755713029880855e-09","2,081494277777778e-06","0,125","9,177114060963618e-09","5,749276377553806e-09","2,0740277777777777e-06","483,51","8,022505366666667e-06","21,25","3,525847222222222e-07","866,89","1,4383631522222221e-05","3,549781135693215e-08","8,022505366666665e-06","1,5601093903638152e-09","3,5258472222222224e-07","6,364438726647001e-08","1,4383631522222223e-05"
"2024-09-12 21:40:28+02:00","rock-tobefilledbyoem","AMD Ryzen Threadripper 3970X 32-Core Processor","0","e2e","62","1.0","1.0521","0,4983","28,611","57.4","0","reduction","openblas","fp32","0","226","62","1.0521","59.732","56.8","57.4","2976000000","5.97","e2e","e2e","0","AMD Ryzen Threadripper 3970X 32-Core Processor","","","","0","0","","","39.8","0","OPENBLAS_NUM_THREADS=1; e2e_host_memcpy=1; e2e_bw=mixed","0.4614677419354839","1,2818548387096778e-07","0.008037096774193548","0","0","0.0","","0.0","0.0","7,9475e-06","DE","0,125","9,934375e-07","0,0783099722222222","6,223685042361109e-07","0,09889","7,85928275e-07","0,0518570416666666","4,1213383864583284e-07","0,12545","9,97013875e-07","0,0950131388888888","7,551169213194438e-07","0,125","9,934375e-07","0,0783099722222222","6,223685042361109e-07","0,125","1,6023185483870973e-08","1,00382016812276e-08","9,934375000000004e-07","0,09889","1,2676262500000005e-08","6,647319978158596e-09","7,859282750000003e-07","0,12545","1,608086895161291e-08","1,2179305182571676e-08","9,970138750000004e-07","0,125","1,6023185483870973e-08","1,00382016812276e-08","9,934375000000004e-07","483,51","3,842695725e-06","21,25","1,68884375e-07","866,89","6,889608275e-06","6,197896330645162e-08","3,842695725000001e-06","2,7239415322580653e-09","1,6888437500000006e-07","1,1112271411290326e-07","6,889608275000002e-06"
"2024-09-12 21:40:36+02:00","rock-tobefilledbyoem","AMD Ryzen Threadripper 3970X 32-Core Processor","0","kernel","170","1.0","1.0502","1,0502","59,578","56.7","0","reduction","openblas","fp32","0","170","53","1.0502","59.578","56.7","57.4","21760000000","20.72","kernel","kernel","0","AMD Ryzen Threadripper 3970X 32-Core Processor","","","","0","0","","","39.8","0","OPENBLAS_NUM_THREADS=1; e2e_host_memcpy=1; e2e_bw=mixed","0.35045882352941177","9,734967320261438e-08","0.00617764705882353","0","0","","","","","1,6549444444444447e-05","DE","0,125","2,068680555555556e-06","0,0783099722222222","1,295986534737654e-06","0,09889","1,6365745611111115e-06","0,0518570416666666","8,582052301157399e-07","0,12545","2,076127805555556e-06","0,0950131388888888","1,5724146635339496e-06","0,125","2,068680555555556e-06","0,0783099722222222","1,295986534737654e-06","0,125","1,2168709150326798e-08","7,623450204339142e-09","2,068680555555556e-06","0,09889","9,626909183006535e-09","5,048266059504351e-09","1,6365745611111111e-06","0,12545","1,2212516503267977e-08","9,249498020787938e-09","2,076127805555556e-06","0,125","1,2168709150326798e-08","7,623450204339142e-09","2,068680555555556e-06","483,51","8,001821883333335e-06","21,25","3,516756944444445e-07","866,89","1,4346547894444447e-05","4,706954049019608e-08","8,001821883333335e-06","2,068680555555556e-09","3,516756944444445e-07","8,439145820261438e-08","1,4346547894444445e-05"
"2024-09-12 21:40:36+02:00","rock-tobefilledbyoem","AMD Ryzen Threadripper 3970X 32-Core Processor","0","e2e","53","1.0","1.0502","0,5754","32,999","57.4","0","reduction","openblas","fp32","0","170","53","1.0502","59.578","56.7","57.4","3392000000","5.9","e2e","e2e","0","AMD Ryzen Threadripper 3970X 32-Core Processor","","","","0","0","","","39.8","0","OPENBLAS_NUM_THREADS=1; e2e_host_memcpy=1; e2e_bw=mixed","0.622622641509434","1,7295073375262057e-07","0.010856603773584906","0","0","0.0","","0.0","0.0","9,16638888888889e-06","DE","0,125","1,1457986111111113e-06","0,0783099722222222","7,178196592669752e-07","0,09889","9,064641972222224e-07","0,0518570416666666","4,75341810543981e-07","0,12545","1,1499234861111113e-06","0,0950131388888888","8,709273806095673e-07","0,125","1,1457986111111113e-06","0,0783099722222222","7,178196592669752e-07","0,125","2,161884171907757e-08","1,3543767155980664e-08","1,1457986111111113e-06","0,09889","1,7103098060796653e-08","8,968713406490207e-09","9,064641972222224e-07","0,12545","2,1696669549266253e-08","1,6432592086972967e-08","1,1499234861111115e-06","0,125","2,161884171907757e-08","1,3543767155980664e-08","1,1457986111111113e-06","483,51","4,432040691666668e-06","21,25","1,9478576388888892e-07","866,89","7,94625086388889e-06","8,362340927672956e-08","4,432040691666667e-06","3,675203092243187e-09","1,9478576388888892e-07","1,4992926158280924e-07","7,94625086388889e-06"
"2024-09-12 21:40:44+02:00","rock-tobefilledbyoem","AMD Ryzen Threadripper 3970X 32-Core Processor","0","kernel","114","1.0","1.049","1,049","59,478","56.7","0","reduction","openblas","fp32","0","114","32","1.049","59.478","56.7","57.5","21888000000","20.87","kernel","kernel","0","AMD Ryzen Threadripper 3970X 32-Core Processor","","","","0","0","","","39.8","0","OPENBLAS_NUM_THREADS=1; e2e_host_memcpy=1; e2e_bw=mixed","0.5217368421052632","1,4492690058479532e-07","0.009201754385964912","0","0","","","","","1,6521666666666668e-05","DE","0,125","2,065208333333333e-06","0,0783099722222222","1,2938112577314812e-06","0,09889","1,633827616666667e-06","0,0518570416666666","8,567647567361101e-07","0,12545","2,0726430833333337e-06","0,0950131388888888","1,5697754096759247e-06","0,125","2,065208333333333e-06","0,0783099722222222","1,2938112577314812e-06","0,125","1,8115862573099416e-08","1,134922155904808e-08","2,065208333333333e-06","0,09889","1,4331821198830413e-08","7,51548032224658e-09","1,633827616666667e-06","0,12545","1,8181079678362573e-08","1,376995973399934e-08","2,0726430833333333e-06","0,125","1,8115862573099416e-08","1,134922155904808e-08","2,065208333333333e-06","483,51","7,988391049999999e-06","21,25","3,5108541666666665e-07","866,89","1,4322467616666667e-05","7,007360570175439e-08","7,98839105e-06","3,079696637426901e-09","3,510854166666667e-07","1,256356808479532e-07","1,4322467616666664e-05"
"2024-09-12 21:40:44+02:00","rock-tobefilledbyoem","AMD Ryzen Threadripper 3970X 32-Core Processor","0","e2e","32","1.0","1.049","0,5123","29,44","57.5","0","reduction","openblas","fp32","0","114","32","1.049","59.478","56.7","57.5","3072000000","6.0","e2e","e2e","0","AMD Ryzen Threadripper 3970X 32-Core Processor","","","","0","0","","","39.8","0","OPENBLAS_NUM_THREADS=1; e2e_host_memcpy=1; e2e_bw=mixed","0.92","2,555555555555556e-07","0.016009375","0","0","0.0","","0.0","0.0","8,177777777777779e-06","DE","0,125","1,0222222222222223e-06","0,0783099722222222","6,404015506172839e-07","0,09889","8,087004444444445e-07","0,0518570416666666","4,240753629629625e-07","0,12545","1,0259022222222225e-06","0,0950131388888888","7,769963358024685e-07","0,125","1,0222222222222223e-06","0,0783099722222222","6,404015506172839e-07","0,125","3,1944444444444455e-08","2,001254845679012e-08","1,0222222222222223e-06","0,09889","2,527188888888889e-08","1,325235509259258e-08","8,087004444444445e-07","0,12545","3,205944444444445e-08","2,428113549382714e-08","1,0259022222222225e-06","0,125","3,1944444444444455e-08","2,001254845679012e-08","1,0222222222222223e-06","483,51","3,954037333333333e-06","21,25","1,737777777777778e-07","866,89","7,0892337777777785e-06","1,2356366666666666e-07","3,954037333333333e-06","5,4305555555555565e-09","1,737777777777778e-07","2,2153855555555558e-07","7,0892337777777785e-06"
"2024-09-12 21:40:52+02:00","rock-tobefilledbyoem","AMD Ryzen Threadripper 3970X 32-Core Processor","0","kernel","86","1.0","1.0623","1,0623","60,251","56.7","0","reduction","openblas","fp32","0","86","28","1.0623","60.251","56.7","57.3","22016000000","20.73","kernel","kernel","0","AMD Ryzen Threadripper 3970X 32-Core Processor","","","","0","0","","","39.5","0","OPENBLAS_NUM_THREADS=1; e2e_host_memcpy=1; e2e_bw=mixed","0.700593023255814","1,94609173126615e-07","0.01235232558139535","0","0","","","","","1,673638888888889e-05","DE","0,125","2,092048611111111e-06","0,0783099722222222","1,3106261489891972e-06","0,09889","1,6550614972222223e-06","0,0518570416666666","8,678996159606471e-07","0,12545","2,099579986111111e-06","0,0950131388888888","1,5901768419984551e-06","0,125","2,092048611111111e-06","0,0783099722222222","1,3106261489891972e-06","0,125","2,4326146640826875e-08","1,523983894173485e-08","2,092048611111111e-06","0,09889","1,924490113049096e-08","1,0091855999542411e-08","1,6550614972222223e-06","0,12545","2,4413720768733853e-08","1,8490428395330883e-08","2,0995799861111115e-06","0,125","2,4326146640826875e-08","1,523983894173485e-08","2,092048611111111e-06","483,51","8,092211391666666e-06","21,25","3,556482638888889e-07","866,89","1,450860816388889e-05","9,409548129844962e-08","8,092211391666666e-06","4,135444928940569e-09","3,556482638888889e-07","1,6870474609173127e-07","1,4508608163888889e-05"
"2024-09-12 21:40:52+02:00","rock-tobefilledbyoem","AMD Ryzen Threadripper 3970X 32-Core Processor","0","e2e","28","1.0","1.0623","0,5975","34,266","57.3","0","reduction","openblas","fp32","0","86","28","1.0623","60.251","56.7","57.3","3584000000","6.0","e2e","e2e","0","AMD Ryzen Threadripper 3970X 32-Core Processor","","","","0","0","","","39.5","0","OPENBLAS_NUM_THREADS=1; e2e_host_memcpy=1; e2e_bw=mixed","1.2237857142857143","3,399404761904762e-07","0.021339285714285717","0","0","0.0","","0.0","0.0","9,518333333333332e-06","DE","0,125","1,1897916666666669e-06","0,0783099722222222","7,45380418935185e-07","0,09889","9,412679833333334e-07","0,0518570416666666","4,935926082638882e-07","0,12545","1,1940749166666668e-06","0,0950131388888888","9,0436672699074e-07","0,125","1,1897916666666669e-06","0,0783099722222222","7,45380418935185e-07","0,125","4,2492559523809526e-08","2,6620729247685183e-08","1,1897916666666669e-06","0,09889","3,361671369047619e-08","1,762830743799601e-08","9,412679833333334e-07","0,12545","4,2645532738095246e-08","3,2298811678240714e-08","1,1940749166666668e-06","0,125","4,2492559523809526e-08","2,6620729247685183e-08","1,1897916666666669e-06","483,51","4,602209349999999e-06","21,25","2,0226458333333331e-07","866,89","8,251347983333332e-06","1,6436461964285714e-07","4,60220935e-06","7,223735119047619e-09","2,0226458333333334e-07","2,946909994047619e-07","8,251347983333334e-06"
"2024-09-12 21:41:01+02:00","rock-tobefilledbyoem","AMD Ryzen Threadripper 3970X 32-Core Processor","0","kernel","58","1.0","1.0724","1,0724","60,817","56.7","0","reduction","openblas","fp32","0","58","17","1.0724","60.817","56.7","57.4","22272000000","20.77","kernel","kernel","0","AMD Ryzen Threadripper 3970X 32-Core Processor","","","","0","0","","","39.2","0","OPENBLAS_NUM_THREADS=1; e2e_host_memcpy=1; e2e_bw=mixed","1.0485689655172414","2,912691570881226e-07","0.018489655172413792","0","0","","","","","1,6893611111111113e-05","DE","0,125","2,111701388888889e-06","0,0783099722222222","1,3229382168441357e-06","0,09889","1,670609202777778e-06","0,0518570416666666","8,760526952893509e-07","0,12545","2,119303513888889e-06","0,0950131388888888","1,6051150188348752e-06","0,125","2,111701388888889e-06","0,0783099722222222","1,3229382168441357e-06","0,125","3,6408644636015326e-08","2,280927960076096e-08","2,111701388888889e-06","0,09889","2,8803606944444447e-08","1,5104356815333634e-08","1,670609202777778e-06","0,12545","3,653971575670498e-08","2,767439687646337e-08","2,119303513888889e-06","0,125","3,6408644636015326e-08","2,280927960076096e-08","2,111701388888889e-06","483,51","8,168229908333335e-06","21,25","3,5898923611111113e-07","866,89","1,4644902536111111e-05","1,4083155014367816e-07","8,168229908333333e-06","6,189469588122605e-09","3,5898923611111113e-07","2,524983195881226e-07","1,4644902536111111e-05"
"2024-09-12 21:41:01+02:00","rock-tobefilledbyoem","AMD Ryzen Threadripper 3970X 32-Core Processor","0","e2e","17","1.0","1.0724","0,5455","31,3","57.4","0","reduction","openblas","fp32","0","58","17","1.0724","60.817","56.7","57.4","3264000000","5.98","e2e","e2e","0","AMD Ryzen Threadripper 3970X 32-Core Processor","","","","0","0","","","39.2","0","OPENBLAS_NUM_THREADS=1; e2e_host_memcpy=1; e2e_bw=mixed","1.8411764705882354","5,114379084967321e-07","0.03208823529411765","0","0","0.0","","0.0","0.0","8,694444444444445e-06","DE","0,125","1,0868055555555556e-06","0,0783099722222222","6,808617029320987e-07","0,09889","8,597936111111113e-07","0,0518570416666666","4,508681678240736e-07","0,12545","1,0907180555555555e-06","0,0950131388888888","8,260864575617277e-07","0,125","1,0868055555555556e-06","0,0783099722222222","6,808617029320987e-07","0,125","6,392973856209152e-08","4,0050688407770514e-08","1,0868055555555556e-06","0,09889","5,057609477124184e-08","2,6521656930827856e-08","8,597936111111112e-07","0,12545","6,415988562091503e-08","4,859332103304281e-08","1,0907180555555555e-06","0,125","6,392973856209152e-08","4,0050688407770514e-08","1,0868055555555556e-06","483,51","4,203850833333333e-06","21,25","1,8475694444444446e-07","866,89","7,537126944444445e-06","2,472853431372549e-07","4,203850833333333e-06","1,0868055555555556e-08","1,8475694444444443e-07","4,4336040849673206e-07","7,537126944444445e-06"
"2024-09-12 21:41:09+02:00","rock-tobefilledbyoem","AMD Ryzen Threadripper 3970X 32-Core Processor","0","kernel","44","1.0","1.0974","1,0974","62,273","56.7","0","reduction","openblas","fp32","0","44","14","1.0974","62.273","56.7","57.2","22528000000","20.53","kernel","kernel","0","AMD Ryzen Threadripper 3970X 32-Core Processor","","","","0","0","","","39.1","0","OPENBLAS_NUM_THREADS=1; e2e_host_memcpy=1; e2e_bw=mixed","1.4152954545454546","3,931376262626263e-07","0.02494090909090909","0","0","","","","","1,7298055555555557e-05","DE","0,125","2,1622569444444447e-06","0,0783099722222222","1,3546102500540122e-06","0,09889","1,7106047138888891e-06","0,0518570416666666","8,970259876967583e-07","0,12545","2,1700410694444447e-06","0,0950131388888888","1,643542555007715e-06","0,125","2,1622569444444447e-06","0,0783099722222222","1,3546102500540122e-06","0,125","4,914220328282829e-08","3,0786596592136646e-08","2,1622569444444447e-06","0,09889","3,887737986111112e-08","2,038695426583541e-08","1,7106047138888891e-06","0,12545","4,9319115214646474e-08","3,735323988653897e-08","2,1700410694444447e-06","0,125","4,914220328282829e-08","3,0786596592136646e-08","2,1622569444444447e-06","483,51","8,363782841666667e-06","21,25","3,675836805555556e-07","866,89","1,4995511380555558e-05","1,9008597367424244e-07","8,363782841666667e-06","8,354174558080807e-09","3,675836805555555e-07","3,408070768308081e-07","1,4995511380555556e-05"
"2024-09-12 21:41:09+02:00","rock-tobefilledbyoem","AMD Ryzen Threadripper 3970X 32-Core Processor","0","e2e","14","1.0","1.0974","0,615","35,185","57.2","0","reduction","openblas","fp32","0","44","14","1.0974","62.273","56.7","57.2","3584000000","5.83","e2e","e2e","0","AMD Ryzen Threadripper 3970X 32-Core Processor","","","","0","0","","","39.1","0","OPENBLAS_NUM_THREADS=1; e2e_host_memcpy=1; e2e_bw=mixed","2.513214285714286","6,981150793650795e-07","0.04392857142857143","0","0","0.0","","0.0","0.0","9,773611111111111e-06","DE","0,125","1,221701388888889e-06","0,0783099722222222","7,653712146219134e-07","0,09889","9,66512402777778e-07","0,0518570416666666","5,068305586226846e-07","0,12545","1,226099513888889e-06","0,0950131388888888","9,286214699459868e-07","0,125","1,221701388888889e-06","0,0783099722222222","7,653712146219134e-07","0,125","8,726438492063493e-08","5,466937247299382e-08","1,2217013888888891e-06","0,09889","6,90366001984127e-08","3,6202182758763194e-08","9,66512402777778e-07","0,12545","8,757853670634922e-08","6,633010499614193e-08","1,2260995138888891e-06","0,125","8,726438492063493e-08","5,466937247299382e-08","1,2217013888888891e-06","483,51","4,725638708333334e-06","21,25","2,0768923611111112e-07","866,89","8,47264573611111e-06","3,3754562202380957e-07","4,725638708333334e-06","1,4834945436507938e-08","2,0768923611111115e-07","6,051889811507938e-07","8,472645736111114e-06"
"2024-09-12 21:41:18+02:00","rock-tobefilledbyoem","AMD Ryzen Threadripper 3970X 32-Core Processor","0","kernel","28","1.0","1.0416","1,0416","59,021","56.7","0","reduction","openblas","fp32","0","28","9","1.0416","59.021","56.7","57.3","21504000000","20.65","kernel","kernel","0","AMD Ryzen Threadripper 3970X 32-Core Processor","","","","0","0","","","39.0","0","OPENBLAS_NUM_THREADS=1; e2e_host_memcpy=1; e2e_bw=mixed","2.1078928571428572","5,855257936507936e-07","0.037200000000000004","0","0","","","","","1,6394722222222222e-05","DE","0,125","2,0493402777777777e-06","0,0783099722222222","1,2838702418132711e-06","0,09889","1,6212740805555556e-06","0,0518570416666666","8,501817933912026e-07","0,12545","2,056717902777778e-06","0,0950131388888888","1,5577140195447515e-06","0,125","2,0493402777777777e-06","0,0783099722222222","1,2838702418132711e-06","0,125","7,31907242063492e-08","4,5852508636188264e-08","2,0493402777777777e-06","0,09889","5,790264573412698e-08","3,0363635478257234e-08","1,6212740805555556e-06","0,12545","7,345421081349208e-08","5,56326435551697e-08","2,056717902777778e-06","0,125","7,31907242063492e-08","4,5852508636188264e-08","2,0493402777777777e-06","483,51","7,927012141666667e-06","21,25","3,483878472222222e-07","866,89","1,4212420747222221e-05","2,831075764880952e-07","7,927012141666665e-06","1,2442423115079364e-08","3,483878472222222e-07","5,075864552579365e-07","1,4212420747222221e-05"
"2024-09-12 21:41:18+02:00","rock-tobefilledbyoem","AMD Ryzen Threadripper 3970X 32-Core Processor","0","e2e","9","1.0","1.0416","0,5769","33,047","57.3","0","reduction","openblas","fp32","0","28","9","1.0416","59.021","56.7","57.3","3456000000","5.99","e2e","e2e","0","AMD Ryzen Threadripper 3970X 32-Core Processor","","","","0","0","","","39.0","0","OPENBLAS_NUM_THREADS=1; e2e_host_memcpy=1; e2e_bw=mixed","3.6718888888888888","1,0199691358024692e-06","0.06409999999999999","0","0","0.0","","0.0","0.0","9,17972222222222e-06","DE","0,125","1,1474652777777776e-06","0,0783099722222222","7,18863792229938e-07","0,09889","9,077827305555554e-07","0,0518570416666666","4,76033237766203e-07","0,12545","1,1515961527777776e-06","0,0950131388888888","8,721942224614189e-07","0,125","1,1474652777777776e-06","0,0783099722222222","7,18863792229938e-07","0,125","1,2749614197530865e-07","7,987375469221536e-08","1,1474652777777778e-06","0,09889","1,0086474783950619e-07","5,289258197402257e-08","9,077827305555556e-07","0,12545","1,2795512808641978e-07","9,69104691623799e-08","1,151596152777778e-06","0,125","1,2749614197530865e-07","7,987375469221536e-08","1,1474652777777778e-06","483,51","4,438487491666666e-06","21,25","1,9506909722222218e-07","866,89","7,95780939722222e-06","4,931652768518519e-07","4,438487491666667e-06","2,1674344135802473e-08","1,9506909722222226e-07","8,842010441358025e-07","7,957809397222223e-06"
"2024-09-12 21:41:26+02:00","rock-tobefilledbyoem","AMD Ryzen Threadripper 3970X 32-Core Processor","0","kernel","22","1.0","1.0814","1,0814","61,28","56.7","0","reduction","openblas","fp32","0","22","7","1.0814","61.28","56.7","57.2","22528000000","20.83","kernel","kernel","0","AMD Ryzen Threadripper 3970X 32-Core Processor","","","","0","0","","","39.0","0","OPENBLAS_NUM_THREADS=1; e2e_host_memcpy=1; e2e_bw=mixed","2.7854545454545456","7,737373737373738e-07","0.04915454545454545","0","0","","","","","1,7022222222222222e-05","DE","0,125","2,1277777777777778e-06","0,0783099722222222","1,3330097493827158e-06","0,09889","1,6833275555555555e-06","0,0518570416666666","8,82722087037036e-07","0,12545","2,135437777777778e-06","0,0950131388888888","1,6173347641975294e-06","0,125","2,1277777777777778e-06","0,0783099722222222","1,3330097493827158e-06","0,125","9,671717171717172e-08","6,05913522446689e-08","2,1277777777777778e-06","0,09889","7,651488888888889e-08","4,012373122895618e-08","1,6833275555555555e-06","0,12545","9,706535353535354e-08","7,351521655443318e-08","2,135437777777778e-06","0,125","9,671717171717172e-08","6,05913522446689e-08","2,1277777777777778e-06","483,51","8,230414666666666e-06","21,25","3,617222222222222e-07","866,89","1,4756394222222223e-05","3,741097575757576e-07","8,230414666666666e-06","1,6441919191919193e-08","3,6172222222222227e-07","6,707451919191919e-07","1,4756394222222223e-05"
"2024-09-12 21:41:26+02:00","rock-tobefilledbyoem","AMD Ryzen Threadripper 3970X 32-Core Processor","0","e2e","7","1.0","1.0814","0,5962","34,118","57.2","0","reduction","openblas","fp32","0","22","7","1.0814","61.28","56.7","57.2","3584000000","6.01","e2e","e2e","0","AMD Ryzen Threadripper 3970X 32-Core Processor","","","","0","0","","","39.0","0","OPENBLAS_NUM_THREADS=1; e2e_host_memcpy=1; e2e_bw=mixed","4.8740000000000006","1,353888888888889e-06","0.08517142857142856","0","0","0.0","","0.0","0.0","9,477222222222222e-06","DE","0,125","1,1846527777777778e-06","0,0783099722222222","7,421610089660492e-07","0,09889","9,372025055555556e-07","0,0518570416666666","4,914607076620365e-07","0,12545","1,188917527777778e-06","0,0950131388888888","9,004606312808634e-07","0,125","1,1846527777777778e-06","0,0783099722222222","7,421610089660492e-07","0,125","1,6923611111111113e-07","1,0602300128086421e-07","1,184652777777778e-06","0,09889","1,3388607222222225e-07","7,020867252314808e-08","9,372025055555558e-07","0,12545","1,6984536111111114e-07","1,2863723304012338e-07","1,188917527777778e-06","0,125","1,6923611111111113e-07","1,0602300128086421e-07","1,184652777777778e-06","483,51","4,582331716666666e-06","21,25","2,0139097222222223e-07","866,89","8,215709172222223e-06","6,546188166666667e-07","4,582331716666667e-06","2,877013888888889e-08","2,0139097222222223e-07","1,173672738888889e-06","8,215709172222223e-06"
"2024-09-12 21:41:36+02:00","rock-tobefilledbyoem","AMD Ryzen Threadripper 3970X 32-Core Processor","0","kernel","18","1.0","1.1146","1,1146","63,036","56.6","0","reduction","openblas","fp32","0","18","7","1.1146","63.036","56.6","57.3","23040000000","20.67","kernel","kernel","0","AMD Ryzen Threadripper 3970X 32-Core Processor","","","","0","0","","","38.8","0","OPENBLAS_NUM_THREADS=1; e2e_host_memcpy=1; e2e_bw=mixed","3.5020000000000002","9,727777777777778e-07","0.061922222222222226","0","0","","","","","1,751e-05","DE","0,125","2,18875e-06","0,0783099722222222","1,3712076136111109e-06","0,09889","1,7315639000000002e-06","0,0518570416666666","9,080167995833322e-07","0,12545","2,1966295e-06","0,0950131388888888","1,663680061944443e-06","0,125","2,18875e-06","0,0783099722222222","1,3712076136111109e-06","0,125","1,2159722222222226e-07","7,617820075617284e-08","2,18875e-06","0,09889","9,619799444444445e-08","5,044537775462957e-08","1,7315639000000002e-06","0,12545","1,2203497222222224e-07","9,242667010802463e-08","2,1966295e-06","0,125","1,2159722222222226e-07","7,617820075617284e-08","2,18875e-06","483,51","8,4662601e-06","21,25","3,7208750000000003e-07","866,89","1,51792439e-05","4,7034778333333333e-07","8,4662601e-06","2,067152777777778e-08","3,7208750000000003e-07","8,432913277777779e-07","1,51792439e-05"
"2024-09-12 21:41:36+02:00","rock-tobefilledbyoem","AMD Ryzen Threadripper 3970X 32-Core Processor","0","e2e","7","1.0","1.1146","0,7504","42,98","57.3","0","reduction","openblas","fp32","0","18","7","1.1146","63.036","56.6","57.3","4480000000","5.97","e2e","e2e","0","AMD Ryzen Threadripper 3970X 32-Core Processor","","","","0","0","","","38.8","0","OPENBLAS_NUM_THREADS=1; e2e_host_memcpy=1; e2e_bw=mixed","6.14","1,7055555555555554e-06","0.10719999999999999","0","0","0.0","","0.0","0.0","1,1938888888888888e-05","DE","0,125","1,492361111111111e-06","0,0783099722222222","9,349340572530862e-07","0,09889","1,1806367222222225e-06","0,0518570416666666","6,19115458564814e-07","0,12545","1,4977336111111112e-06","0,0950131388888888","1,1343513081790112e-06","0,125","1,492361111111111e-06","0,0783099722222222","9,349340572530862e-07","0,125","2,1319444444444445e-07","1,335620081790123e-07","1,492361111111111e-06","0,09889","1,686623888888889e-07","8,844506550925916e-08","1,1806367222222225e-06","0,12545","2,1396194444444446e-07","1,620501868827159e-07","1,497733611111111e-06","0,125","2,1319444444444445e-07","1,335620081790123e-07","1,492361111111111e-06","483,51","5,772572166666666e-06","21,25","2,537013888888889e-07","866,89","1,0349703388888888e-05","8,246531666666666e-07","5,772572166666666e-06","3,624305555555555e-08","2,537013888888889e-07","1,4785290555555555e-06","1,034970338888889e-05"
"2024-09-12 21:41:46+02:00","rock-tobefilledbyoem","AMD Ryzen Threadripper 3970X 32-Core Processor","0","kernel","15","1.0","1.1135","1,1135","63,016","56.6","0","reduction","openblas","fp32","0","15","6","1.1135","63.016","56.6","57.2","23040000000","20.69","kernel","kernel","0","AMD Ryzen Threadripper 3970X 32-Core Processor","","","","0","0","","","38.8","0","OPENBLAS_NUM_THREADS=1; e2e_host_memcpy=1; e2e_bw=mixed","4.201066666666667","1,166962962962963e-06","0.07423333333333333","0","0","","","","","1,7504444444444444e-05","DE","0,125","2,1880555555555555e-06","0,0783099722222222","1,3707725582098762e-06","0,09889","1,731014511111111e-06","0,0518570416666666","9,077287049074062e-07","0,12545","2,1959325555555554e-06","0,0950131388888888","1,663152211172838e-06","0,125","2,1880555555555555e-06","0,0783099722222222","1,3707725582098762e-06","0,125","1,4587037037037038e-07","9,138483721399177e-08","2,188055555555556e-06","0,09889","1,1540096740740744e-07","6,05152469938271e-08","1,7310145111111115e-06","0,12545","1,4639550370370373e-07","1,1087681407818924e-07","2,195932555555556e-06","0,125","1,4587037037037038e-07","9,138483721399177e-08","2,188055555555556e-06","483,51","8,463573933333332e-06","21,25","3,7196944444444444e-07","866,89","1,5174427844444444e-05","5,642382622222222e-07","8,463573933333334e-06","2,4797962962962968e-08","3,719694444444445e-07","1,011628522962963e-06","1,5174427844444446e-05"
"2024-09-12 21:41:46+02:00","rock-tobefilledbyoem","AMD Ryzen Threadripper 3970X 32-Core Processor","0","e2e","6","1.0","1.1135","0,7761","44,391","57.2","0","reduction","openblas","fp32","0","15","6","1.1135","63.016","56.6","57.2","4608000000","5.94","e2e","e2e","0","AMD Ryzen Threadripper 3970X 32-Core Processor","","","","0","0","","","38.8","0","OPENBLAS_NUM_THREADS=1; e2e_host_memcpy=1; e2e_bw=mixed","7.398499999999999","2,0551388888888887e-06","0.12935","0","0","0.0","","0.0","0.0","1,2330833333333332e-05","DE","0,125","1,5413541666666663e-06","0,0783099722222222","9,65627215810185e-07","0,09889","1,2193961083333333e-06","0,0518570416666666","6,394405379513881e-07","0,12545","1,546903041666667e-06","0,0950131388888888","1,1715911801157396e-06","0,125","1,5413541666666663e-06","0,0783099722222222","9,65627215810185e-07","0,125","2,568923611111111e-07","1,609378693016975e-07","1,5413541666666663e-06","0,09889","2,0323268472222221e-07","1,0657342299189801e-07","1,2193961083333333e-06","0,12545","2,578171736111111e-07","1,952651966859566e-07","1,546903041666667e-06","0,125","2,568923611111111e-07","1,609378693016975e-07","1,5413541666666663e-06","483,51","5,962081225e-06","21,25","2,620302083333333e-07","866,89","1,0689476108333331e-05","9,936802041666665e-07","5,962081224999999e-06","4,367170138888888e-08","2,620302083333333e-07","1,7815793513888887e-06","1,0689476108333333e-05"
"2024-09-12 21:41:56+02:00","rock-tobefilledbyoem","AMD Ryzen Threadripper 3970X 32-Core Processor","0","kernel","11","1.0","1.0962","1,0962","61,989","56.5","0","reduction","openblas","fp32","0","11","4","1.0962","61.989","56.5","57.2","22528000000","20.55","kernel","kernel","0","AMD Ryzen Threadripper 3970X 32-Core Processor","","","","0","0","","","38.5","0","OPENBLAS_NUM_THREADS=1; e2e_host_memcpy=1; e2e_bw=mixed","5.635363636363636","1,565378787878788e-06","0.09965454545454545","0","0","","","","","1,7219166666666666e-05","DE","0,125","2,152395833333333e-06","0,0783099722222222","1,3484324633564812e-06","0,09889","1,7028033916666668e-06","0,0518570416666666","8,929350432986099e-07","0,12545","2,1601444583333333e-06","0,0950131388888888","1,6360470740509244e-06","0,125","2,152395833333333e-06","0,0783099722222222","1,3484324633564812e-06","0,125","1,956723484848485e-07","1,2258476939604377e-07","2,1523958333333337e-06","0,09889","1,5480030833333337e-07","8,117591302714637e-08","1,702803391666667e-06","0,12545","1,9637676893939402e-07","1,487315521864477e-07","2,1601444583333337e-06","0,125","1,956723484848485e-07","1,2258476939604377e-07","2,1523958333333337e-06","483,51","8,325639274999999e-06","21,25","3,6590729166666664e-07","866,89","1,4927123391666667e-05","7,568762977272729e-07","8,325639275e-06","3,326429924242425e-08","3,6590729166666675e-07","1,3570112174242426e-06","1,4927123391666669e-05"
"2024-09-12 21:41:56+02:00","rock-tobefilledbyoem","AMD Ryzen Threadripper 3970X 32-Core Processor","0","e2e","4","1.0","1.0962","0,6919","39,553","57.2","0","reduction","openblas","fp32","0","11","4","1.0962","61.989","56.5","57.2","4096000000","5.92","e2e","e2e","0","AMD Ryzen Threadripper 3970X 32-Core Processor","","","","0","0","","","38.5","0","OPENBLAS_NUM_THREADS=1; e2e_host_memcpy=1; e2e_bw=mixed","9.88825","2,746736111111111e-06","0.172975","0","0","0.0","","0.0","0.0","1,0986944444444444e-05","DE","0,125","1,3733680555555557e-06","0,0783099722222222","8,603873142515429e-07","0,09889","1,086498936111111e-06","0,0518570416666666","5,697504358449067e-07","0,12545","1,3783121805555555e-06","0,0950131388888888","1,0439040784645053e-06","0,125","1,3733680555555557e-06","0,0783099722222222","8,603873142515429e-07","0,125","3,433420138888889e-07","2,1509682856288573e-07","1,3733680555555557e-06","0,09889","2,7162473402777777e-07","1,424376089612267e-07","1,086498936111111e-06","0,12545","3,445780451388889e-07","2,609760196161263e-07","1,3783121805555555e-06","0,125","3,433420138888889e-07","2,1509682856288573e-07","1,3733680555555557e-06","483,51","5,312297508333333e-06","21,25","2,3347256944444442e-07","866,89","9,524472269444443e-06","1,3280743770833332e-06","5,312297508333333e-06","5,8368142361111105e-08","2,3347256944444442e-07","2,381118067361111e-06","9,524472269444443e-06"
"2024-09-12 21:42:06+02:00","rock-tobefilledbyoem","AMD Ryzen Threadripper 3970X 32-Core Processor","0","kernel","8","1.0","1.1821","1,1821","66,82","56.5","0","reduction","openblas","fp32","0","8","3","1.1821","66.82","56.5","57.2","24576000000","20.79","kernel","kernel","0","AMD Ryzen Threadripper 3970X 32-Core Processor","","","","0","0","","","38.6","0","OPENBLAS_NUM_THREADS=1; e2e_host_memcpy=1; e2e_bw=mixed","8.3525","2,3201388888888887e-06","0.1477625","0","0","","","","","1,856111111111111e-05","DE","0,125","2,3201388888888887e-06","0,0783099722222222","1,4535200955246908e-06","0,09889","1,8355082777777775e-06","0,0518570416666666","9,625243122685173e-07","0,12545","2,328491388888889e-06","0,0950131388888888","1,763549427932097e-06","0,125","2,3201388888888887e-06","0,0783099722222222","1,4535200955246908e-06","0,125","2,900173611111111e-07","1,8169001194058638e-07","2,3201388888888887e-06","0,09889","2,2943853472222227e-07","1,2031553903356466e-07","1,8355082777777775e-06","0,12545","2,910614236111111e-07","2,2044367849151213e-07","2,328491388888889e-06","0,125","2,900173611111111e-07","1,8169001194058638e-07","2,3201388888888887e-06","483,51","8,974482833333332e-06","21,25","3,9442361111111106e-07","866,89","1,609044161111111e-05","1,1218103541666665e-06","8,974482833333332e-06","4,930295138888888e-08","3,9442361111111106e-07","2,0113052013888887e-06","1,609044161111111e-05"
"2024-09-12 21:42:06+02:00","rock-tobefilledbyoem","AMD Ryzen Threadripper 3970X 32-Core Processor","0","e2e","3","1.0","1.1821","0,7732","44,237","57.2","0","reduction","openblas","fp32","0","8","3","1.1821","66.82","56.5","57.2","4608000000","5.96","e2e","e2e","0","AMD Ryzen Threadripper 3970X 32-Core Processor","","","","0","0","","","38.6","0","OPENBLAS_NUM_THREADS=1; e2e_host_memcpy=1; e2e_bw=mixed","14.745666666666667","4,096018518518519e-06","0.2577333333333333","0","0","0.0","","0.0","0.0","1,2288055555555556e-05","DE","0,125","1,5360069444444443e-06","0,0783099722222222","9,622772892206787e-07","0,09889","1,215165813888889e-06","0,0518570416666666","6,372222089467585e-07","0,12545","1,5415365694444443e-06","0,0950131388888888","1,1675267291743818e-06","0,125","1,5360069444444443e-06","0,0783099722222222","9,622772892206787e-07","0,125","5,120023148148148e-07","3,2075909640689295e-07","1,5360069444444443e-06","0,09889","4,050552712962964e-07","2,1240740298225287e-07","1,215165813888889e-06","0,12545","5,138455231481482e-07","3,891755763914606e-07","1,5415365694444443e-06","0,125","5,120023148148148e-07","3,2075909640689295e-07","1,5360069444444443e-06","483,51","5,941397741666666e-06","21,25","2,6112118055555556e-07","866,89","1,0652392480555555e-05","1,980465913888889e-06","5,941397741666667e-06","8,704039351851852e-08","2,6112118055555556e-07","3,5507974935185185e-06","1,0652392480555555e-05"
"2024-09-12 21:42:30+02:00","rock-tobefilledbyoem","AMD Ryzen Threadripper 3970X 32-Core Processor","0","kernel","1284","1.0","0.1159","0,1159","6,48","55.9","1","reduction","openblas","fp32","0","1284","388","0.1159","6.48","55.9","54.8","10272000000","88.65","kernel","kernel","0","AMD Ryzen Threadripper 3970X 32-Core Processor","","","","0","0","","","39.2","0","OPENBLAS_NUM_THREADS=1; e2e_host_memcpy=1; e2e_bw=mixed","0.0050467289719626175","1,4018691588785044e-09","9.026479750778816e-05","0","0","","","","","1,8e-06","DE","0,125","2,2500000000000002e-07","0,0783099722222222","1,4095795e-07","0,09889","1,7800200000000006e-07","0,0518570416666666","9,33426749999999e-08","0,12545","2,2581000000000006e-07","0,0950131388888888","1,7102364999999985e-07","0,125","2,2500000000000002e-07","0,0783099722222222","1,4095795e-07","0,125","1,7523364485981308e-10","1,0978033489096569e-10","2,25e-07","0,09889","1,3863084112149534e-10","7,269678738317748e-11","1,78002e-07","0,12545","1,758644859813084e-10","1,331959890965731e-10","2,2581e-07","0,125","1,7523364485981308e-10","1,0978033489096569e-10","2,25e-07","483,51","8,703179999999999e-07","21,25","3,825e-08","866,89","1,560402e-06","6,778177570093457e-10","8,703179999999998e-07","2,978971962616822e-11","3,8249999999999995e-08","1,2152663551401867e-09","1,5604019999999998e-06"
"2024-09-12 21:42:30+02:00","rock-tobefilledbyoem","AMD Ryzen Threadripper 3970X 32-Core Processor","0","e2e","388","1.0","0.1159","0,0942","5,163","54.8","1","reduction","openblas","fp32","0","1284","388","0.1159","6.48","55.9","54.8","1552000000","16.47","e2e","e2e","0","AMD Ryzen Threadripper 3970X 32-Core Processor","","","","0","0","","","39.2","0","OPENBLAS_NUM_THREADS=1; e2e_host_memcpy=1; e2e_bw=mixed","0.013306701030927836","3,696305841924399e-09","0.0002427835051546392","0","0","0.0","","0.0","0.0","1,4341666666666668e-06","DE","0,125","1,7927083333333337e-07","0,0783099722222222","1,1230955182870369e-07","0,09889","1,4182474166666668e-07","0,0518570416666666","7,437164059027769e-08","0,12545","1,7991620833333337e-07","0,0950131388888888","1,362646766898147e-07","0,125","1,7927083333333337e-07","0,0783099722222222","1,1230955182870369e-07","0,125","4,620382302405499e-10","2,894576078059373e-10","1,7927083333333337e-07","0,09889","3,6552768470790376e-10","1,9167948605741676e-10","1,4182474166666668e-07","0,12545","4,637015678694159e-10","3,51197620334574e-10","1,7991620833333337e-07","0,125","4,620382302405499e-10","2,894576078059373e-10","1,7927083333333337e-07","483,51","6,93433925e-07","21,25","3,047604166666667e-08","866,89","1,2432647416666667e-06","1,7872008376288661e-09","6,93433925e-07","7,854649914089348e-11","3,047604166666667e-08","3,204290571305842e-09","1,2432647416666667e-06"
"2024-09-12 21:42:37+02:00","rock-tobefilledbyoem","AMD Ryzen Threadripper 3970X 32-Core Processor","0","kernel","4852","1.0","0.9489","0,9489","52,944","55.8","1","reduction","openblas","fp32","0","4852","569","0.9489","52.944","55.8","55.5","58224000000","61.36","kernel","kernel","0","AMD Ryzen Threadripper 3970X 32-Core Processor","","","","0","0","","","38.6","0","OPENBLAS_NUM_THREADS=1; e2e_host_memcpy=1; e2e_bw=mixed","0.01091178895300907","3,031052486946964e-09","0.00019556883759274527","0","0","","","","","1,4706666666666668e-05","DE","0,125","1,8383333333333332e-06","0,0783099722222222","1,151678658148148e-06","0,09889","1,4543422666666668e-06","0,0518570416666666","7,626442261111102e-07","0,12545","1,8449513333333336e-06","0,0950131388888888","1,3973265625925914e-06","0,125","1,8383333333333332e-06","0,0783099722222222","1,151678658148148e-06","0,125","3,7888156086837044e-10","2,373616360569143e-10","1,8383333333333337e-06","0,09889","2,997407804341853e-10","1,5718141510946214e-10","1,454342266666667e-06","0,12545","3,8024553448749664e-10","2,8798981092180365e-10","1,8449513333333336e-06","0,125","3,7888156086837044e-10","2,373616360569143e-10","1,8383333333333337e-06","483,51","7,1108204e-06","21,25","3,125166666666667e-07","866,89","1,2749062266666667e-05","1,4655441879637265e-09","7,110820400000001e-06","6,4409865347623e-11","3,125166666666668e-07","2,627589090409454e-09","1,274906226666667e-05"
"2024-09-12 21:42:37+02:00","rock-tobefilledbyoem","AMD Ryzen Threadripper 3970X 32-Core Processor","0","e2e","569","1.0","0.9489","0,4157","23,075","55.5","1","reduction","openblas","fp32","0","4852","569","0.9489","52.944","55.8","55.5","3414000000","8.21","e2e","e2e","0","AMD Ryzen Threadripper 3970X 32-Core Processor","","","","0","0","","","38.6","0","OPENBLAS_NUM_THREADS=1; e2e_host_memcpy=1; e2e_bw=mixed","0.04055360281195079","1,1264889669986332e-08","0.0007305799648506152","0","0","0.0","","0.0","0.0","6,409722222222222e-06","DE","0,125","8,012152777777777e-07","0,0783099722222222","5,019451691743826e-07","0,09889","6,338574305555555e-07","0,0518570416666666","3,323892323495366e-07","0,12545","8,040996527777778e-07","0,0950131388888888","6,09007827739197e-07","0,125","8,012152777777777e-07","0,0783099722222222","5,019451691743826e-07","0,125","1,4081112087482915e-09","8,821531971430274e-10","8,012152777777778e-07","0,09889","1,1139849394649484e-09","5,841638529868834e-10","6,338574305555556e-07","0,12545","1,4131804090997852e-09","1,07031252678242e-09","8,040996527777779e-07","0,125","1,4081112087482915e-09","8,821531971430274e-10","8,012152777777778e-07","483,51","3,0991647916666664e-06","21,25","1,362065972222222e-07","866,89","5,556524097222222e-06","5,446686804335091e-09","3,099164791666667e-06","2,3937890548720957e-10","1,3620659722222226e-07","9,765420206014452e-09","5,556524097222223e-06"
"2024-09-12 21:42:45+02:00","rock-tobefilledbyoem","AMD Ryzen Threadripper 3970X 32-Core Processor","0","kernel","2420","1.0","1.0012","1,0012","56,259","56.2","0","reduction","openblas","fp32","0","2420","457","1.0012","56.259","56.2","56.4","38720000000","38.67","kernel","kernel","0","AMD Ryzen Threadripper 3970X 32-Core Processor","","","","0","0","","","38.4","0","OPENBLAS_NUM_THREADS=1; e2e_host_memcpy=1; e2e_bw=mixed","0.023247520661157026","6,457644628099174e-09","0.00041371900826446285","0","0","","","","","1,56275e-05","DE","0,125","1,9534375e-06","0,0783099722222222","1,2237890909027775e-06","0,09889","1,545403475e-06","0,0518570416666666","8,103959186458323e-07","0,12545","1,960469875e-06","0,0950131388888888","1,4848178279861098e-06","0,125","1,9534375e-06","0,0783099722222222","1,2237890909027775e-06","0,125","8,072055785123966e-10","5,056979714474286e-10","1,9534375000000003e-06","0,09889","6,385964772727274e-10","3,3487434654786464e-10","1,5454034750000005e-06","0,12545","8,101115185950413e-10","6,135610859446734e-10","1,960469875e-06","0,125","8,072055785123966e-10","5,056979714474286e-10","1,9534375000000003e-06","483,51","7,556052525e-06","21,25","3,32084375e-07","866,89","1,3547323475e-05","3,1223357541322317e-09","7,556052525000001e-06","1,3722494834710745e-10","3,3208437500000003e-07","5,598067551652893e-09","1,3547323475000001e-05"
"2024-09-12 21:42:45+02:00","rock-tobefilledbyoem","AMD Ryzen Threadripper 3970X 32-Core Processor","0","e2e","457","1.0","1.0012","0,5744","32,411","56.4","0","reduction","openblas","fp32","0","2420","457","1.0012","56.259","56.2","56.4","3656000000","6.37","e2e","e2e","0","AMD Ryzen Threadripper 3970X 32-Core Processor","","","","0","0","","","38.4","0","OPENBLAS_NUM_THREADS=1; e2e_host_memcpy=1; e2e_bw=mixed","0.07092122538293216","1,9700340384147825e-08","0.0012568927789934354","0","0","0.0","","0.0","0.0","9,003055555555556e-06","DE","0,125","1,1253819444444443e-06","0,0783099722222222","7,050290304706789e-07","0,09889","8,90312163888889e-07","0,0518570416666666","4,6687182707175873e-07","0,12545","1,1294333194444443e-06","0,0950131388888888","8,55408567924382e-07","0,125","1,1253819444444443e-06","0,0783099722222222","7,050290304706789e-07","0,125","2,462542548018478e-09","1,5427331082509383e-09","1,1253819444444443e-06","0,09889","1,948166660588378e-09","1,0216013721482683e-09","8,903121638888889e-07","0,12545","2,4714077011913447e-09","1,871791177077422e-09","1,1294333194444443e-06","0,125","2,462542548018478e-09","1,5427331082509383e-09","1,1253819444444443e-06","483,51","4,3530673916666665e-06","21,25","1,9131493055555557e-07","866,89","7,804658830555556e-06","9,525311579139315e-09","4,353067391666667e-06","4,186322331631413e-10","1,9131493055555557e-07","1,7078028075613908e-08","7,804658830555556e-06"
"2024-09-12 21:42:53+02:00","rock-tobefilledbyoem","AMD Ryzen Threadripper 3970X 32-Core Processor","0","kernel","937","1.0","1.0016","1,0016","57,011","56.9","0","reduction","openblas","fp32","0","937","253","1.0016","57.011","56.9","57.0","22488000000","22.45","kernel","kernel","0","AMD Ryzen Threadripper 3970X 32-Core Processor","","","","0","0","","","38.1","0","OPENBLAS_NUM_THREADS=1; e2e_host_memcpy=1; e2e_bw=mixed","0.06084418356456777","1,6901162101268826e-08","0.0010689434364994665","0","0","","","","","1,583638888888889e-05","DE","0,125","1,9795486111111118e-06","0,0783099722222222","1,2401471739891974e-06","0,09889","1,5660604972222226e-06","0,0518570416666666","8,212282784606473e-07","0,12545","1,9866749861111117e-06","0,0950131388888888","1,5046650169984557e-06","0,125","1,9795486111111118e-06","0,0783099722222222","1,2401471739891974e-06","0,125","2,1126452626586033e-09","1,3235295346736363e-09","1,9795486111111118e-06","0,09889","1,671355920194474e-09","8,76444267300584e-10","1,5660604972222224e-06","0,12545","2,120250785604174e-09","1,6058324621114786e-09","1,9866749861111117e-06","0,125","2,1126452626586033e-09","1,3235295346736363e-09","1,9795486111111118e-06","483,51","7,657052391666666e-06","21,25","3,365232638888889e-07","866,89","1,372840716388889e-05","8,17188088758449e-09","7,657052391666666e-06","3,5914969465196255e-10","3,365232638888889e-07","1,4651448413968934e-08","1,3728407163888891e-05"
"2024-09-12 21:42:53+02:00","rock-tobefilledbyoem","AMD Ryzen Threadripper 3970X 32-Core Processor","0","e2e","253","1.0","1.0016","0,583","33,247","57.0","0","reduction","openblas","fp32","0","937","253","1.0016","57.011","56.9","57.0","3036000000","5.21","e2e","e2e","0","AMD Ryzen Threadripper 3970X 32-Core Processor","","","","0","0","","","38.1","0","OPENBLAS_NUM_THREADS=1; e2e_host_memcpy=1; e2e_bw=mixed","0.1314110671936759","3,650307422046553e-08","0.002304347826086956","0","0","0.0","","0.0","0.0","9,235277777777778e-06","DE","0,125","1,1544097222222225e-06","0,0783099722222222","7,232143462422838e-07","0,09889","9,132766194444444e-07","0,0518570416666666","4,789141845254624e-07","0,12545","1,1585655972222223e-06","0,0950131388888888","8,774727301774685e-07","0,125","1,1544097222222225e-06","0,0783099722222222","7,232143462422838e-07","0,125","4,562884277558192e-09","2,8585547282303716e-09","1,1544097222222225e-06","0,09889","3,6097890096618363e-09","1,892941440812105e-09","9,132766194444446e-07","0,12545","4,5793106609574024e-09","3,468271660780508e-09","1,1585655972222223e-06","0,125","4,562884277558192e-09","2,8585547282303716e-09","1,1544097222222225e-06","483,51","4,465349158333334e-06","21,25","1,9624965277777777e-07","866,89","8,005969952777778e-06","1,7649601416337288e-08","4,465349158333334e-06","7,756903271848925e-10","1,962496527777778e-07","3,164415001097936e-08","8,005969952777777e-06"
"2024-09-12 21:43:01+02:00","rock-tobefilledbyoem","AMD Ryzen Threadripper 3970X 32-Core Processor","0","kernel","668","1.0","1.0508","1,0508","59,909","57.0","0","reduction","openblas","fp32","0","668","223","1.0508","59.909","57.0","57.8","21376000000","20.34","kernel","kernel","0","AMD Ryzen Threadripper 3970X 32-Core Processor","","","","0","0","","","38.1","0","OPENBLAS_NUM_THREADS=1; e2e_host_memcpy=1; e2e_bw=mixed","0.08968413173652695","2,491225881570193e-08","0.0015730538922155688","0","0","","","","","1,6641388888888887e-05","DE","0,125","2,080173611111111e-06","0,0783099722222222","1,303186701628086e-06","0,09889","1,645666947222222e-06","0,0518570416666666","8,629731970023137e-07","0,12545","2,087662236111111e-06","0,0950131388888888","1,581150593804011e-06","0,125","2,080173611111111e-06","0,0783099722222222","1,303186701628086e-06","0,125","3,114032351962741e-09","1,9508782958504283e-09","2,0801736111111118e-06","0,09889","2,463573274284764e-09","1,2918760434166375e-09","1,6456669472222223e-06","0,12545","3,1252428684298073e-09","2,3669919068922323e-09","2,0876622361111114e-06","0,125","3,114032351962741e-09","1,9508782958504283e-09","2,0801736111111118e-06","483,51","8,046277941666666e-06","21,25","3,5362951388888887e-07","866,89","1,4426253613888888e-05","1,204532625998004e-08","8,046277941666666e-06","5,293854998336661e-10","3,536295138888889e-07","2,1596188044743848e-08","1,442625361388889e-05"
"2024-09-12 21:43:01+02:00","rock-tobefilledbyoem","AMD Ryzen Threadripper 3970X 32-Core Processor","0","e2e","223","1.0","1.0508","0,602","34,815","57.8","0","reduction","openblas","fp32","0","668","223","1.0508","59.909","57.0","57.8","3568000000","5.93","e2e","e2e","0","AMD Ryzen Threadripper 3970X 32-Core Processor","","","","0","0","","","38.1","0","OPENBLAS_NUM_THREADS=1; e2e_host_memcpy=1; e2e_bw=mixed","0.15612107623318386","4,3366965620328846e-08","0.002699551569506726","0","0","0.0","","0.0","0.0","9,670833333333332e-06","DE","0,125","1,2088541666666663e-06","0,0783099722222222","7,573226896990738e-07","0,09889","9,563487083333332e-07","0,0518570416666666","5,015008071180548e-07","0,12545","1,213206041666667e-06","0,0950131388888888","9,188562306712954e-07","0,125","1,2088541666666663e-06","0,0783099722222222","7,573226896990738e-07","0,125","5,420870702541106e-09","3,396065873090017e-09","1,2088541666666663e-06","0,09889","4,2885592301943205e-09","2,2488825431302913e-09","9,563487083333332e-07","0,12545","5,440385837070254e-09","4,120431527673971e-09","1,213206041666667e-06","0,125","5,420870702541106e-09","3,396065873090017e-09","1,2088541666666663e-06","483,51","4,675944624999999e-06","21,25","2,055052083333333e-07","866,89","8,383548708333332e-06","2,0968361547085202e-08","4,675944625e-06","9,21548019431988e-10","2,0550520833333333e-07","3,759438882660687e-08","8,383548708333332e-06"
"2024-09-12 21:43:09+02:00","rock-tobefilledbyoem","AMD Ryzen Threadripper 3970X 32-Core Processor","0","kernel","441","1.0","1.0513","1,0513","59,837","56.9","0","reduction","openblas","fp32","0","441","129","1.0513","59.837","56.9","57.6","21168000000","20.14","kernel","kernel","0","AMD Ryzen Threadripper 3970X 32-Core Processor","","","","0","0","","","38.1","0","OPENBLAS_NUM_THREADS=1; e2e_host_memcpy=1; e2e_bw=mixed","0.13568480725623583","3,7690224237843285e-08","0.0023839002267573694","0","0","","","","","1,662138888888889e-05","DE","0,125","2,077673611111112e-06","0,0783099722222222","1,3016205021836418e-06","0,09889","1,6436891472222224e-06","0,0518570416666666","8,619360561689805e-07","0,12545","2,0851532361111114e-06","0,0950131388888888","1,5792503310262337e-06","0,125","2,077673611111112e-06","0,0783099722222222","1,3016205021836418e-06","0,125","4,711278029730411e-09","2,951520413114834e-09","2,077673611111111e-06","0,09889","3,727186274880323e-09","1,9545035287278467e-09","1,6436891472222224e-06","0,12545","4,728238630637441e-09","3,5810665102635673e-09","2,0851532361111114e-06","0,125","4,711278029730411e-09","2,951520413114834e-09","2,077673611111111e-06","483,51","8,036607741666666e-06","21,25","3,5320451388888895e-07","866,89","1,440891581388889e-05","1,8223600321239607e-08","8,036607741666668e-06","8,009172650541699e-10","3,532045138888889e-07","3,267327848954396e-08","1,4408915813888888e-05"
"2024-09-12 21:43:09+02:00","rock-tobefilledbyoem","AMD Ryzen Threadripper 3970X 32-Core Processor","0","e2e","129","1.0","1.0513","0,5262","30,313","57.6","0","reduction","openblas","fp32","0","441","129","1.0513","59.837","56.9","57.6","3096000000","5.88","e2e","e2e","0","AMD Ryzen Threadripper 3970X 32-Core Processor","","","","0","0","","","38.1","0","OPENBLAS_NUM_THREADS=1; e2e_host_memcpy=1; e2e_bw=mixed","0.234984496124031","6,527347114556418e-08","0.00407906976744186","0","0","0.0","","0.0","0.0","8,420277777777777e-06","DE","0,125","1,052534722222222e-06","0,0783099722222222","6,593917188811726e-07","0,09889","8,326812694444444e-07","0,0518570416666666","4,3665069556712907e-07","0,12545","1,0563238472222222e-06","0,0950131388888888","8,000370219830239e-07","0,125","1,052534722222222e-06","0,0783099722222222","6,593917188811726e-07","0,125","8,159183893195522e-09","5,1115637122571545e-09","1,0525347222222223e-06","0,09889","6,454893561584842e-09","3,384889112923482e-09","8,326812694444447e-07","0,12545","8,188556955211026e-09","6,201837379713365e-09","1,0563238472222224e-06","0,125","8,159183893195522e-09","5,1115637122571545e-09","1,0525347222222223e-06","483,51","4,071288508333333e-06","21,25","1,7893090277777778e-07","866,89","7,299454602777777e-06","3,156037603359174e-08","4,071288508333334e-06","1,3870612618432388e-09","1,789309027777778e-07","5,658491940137813e-08","7,299454602777778e-06"
"2024-09-12 21:43:18+02:00","rock-tobefilledbyoem","AMD Ryzen Threadripper 3970X 32-Core Processor","0","kernel","335","1.0","1.0601","1,0601","60,253","56.8","0","reduction","openblas","fp32","0","335","113","1.0601","60.253","56.8","57.5","21440000000","20.23","kernel","kernel","0","AMD Ryzen Threadripper 3970X 32-Core Processor","","","","0","0","","","38.1","0","OPENBLAS_NUM_THREADS=1; e2e_host_memcpy=1; e2e_bw=mixed","0.17985970149253733","4,996102819237148e-08","0.0031644776119402985","0","0","","","","","1,6736944444444445e-05","DE","0,125","2,092118055555556e-06","0,0783099722222222","1,3106696545293209e-06","0,09889","1,6551164361111112e-06","0,0518570416666666","8,679284254282397e-07","0,12545","2,099649680555556e-06","0,0950131388888888","1,590229627075616e-06","0,125","2,092118055555556e-06","0,0783099722222222","1,3106696545293209e-06","0,125","6,245128524046435e-09","3,912446729938271e-09","2,092118055555556e-06","0,09889","4,940646077943616e-09","2,590831120681313e-09","1,6551164361111114e-06","0,12545","6,267610986733003e-09","4,746954110673481e-09","2,099649680555556e-06","0,125","6,245128524046435e-09","3,912446729938271e-09","2,092118055555556e-06","483,51","8,092480008333333e-06","21,25","3,556600694444444e-07","866,89","1,4509089769444444e-05","2,4156656741293532e-08","8,092480008333333e-06","1,061671849087894e-09","3,556600694444445e-07","4,331071572968491e-08","1,4509089769444446e-05"
"2024-09-12 21:43:18+02:00","rock-tobefilledbyoem","AMD Ryzen Threadripper 3970X 32-Core Processor","0","e2e","113","1.0","1.0601","0,6086","35,008","57.5","0","reduction","openblas","fp32","0","335","113","1.0601","60.253","56.8","57.5","3616000000","5.94","e2e","e2e","0","AMD Ryzen Threadripper 3970X 32-Core Processor","","","","0","0","","","38.1","0","OPENBLAS_NUM_THREADS=1; e2e_host_memcpy=1; e2e_bw=mixed","0.3098053097345133","8,605703048180927e-08","0.005385840707964602","0","0","0.0","","0.0","0.0","9,724444444444444e-06","DE","0,125","1,2155555555555557e-06","0,0783099722222222","7,615209743209876e-07","0,09889","9,616503111111111e-07","0,0518570416666666","5,042809207407402e-07","0,12545","1,2199315555555555e-06","0,0950131388888888","9,239499906172832e-07","0,125","1,2155555555555557e-06","0,0783099722222222","7,615209743209876e-07","0,125","1,075712881022616e-08","6,739123666557413e-09","1,215555555555556e-06","0,09889","8,510179744346121e-09","4,4626630154047815e-09","9,616503111111116e-07","0,12545","1,0795854473942971e-08","8,176548589533481e-09","1,219931555555556e-06","0,125","1,075712881022616e-08","6,739123666557413e-09","1,215555555555556e-06","483,51","4,7018661333333326e-06","21,25","2,0664444444444444e-07","866,89","8,430023644444444e-06","4,16094348082596e-08","4,701866133333335e-06","1,828711897738447e-09","2,0664444444444452e-07","7,460197915437563e-08","8,430023644444447e-06"
"2024-09-12 21:43:26+02:00","rock-tobefilledbyoem","AMD Ryzen Threadripper 3970X 32-Core Processor","0","kernel","226","1.0","1.079","1,079","61,359","56.9","0","reduction","openblas","fp32","0","226","66","1.079","61.359","56.9","57.5","21696000000","20.11","kernel","kernel","0","AMD Ryzen Threadripper 3970X 32-Core Processor","","","","0","0","","","38.0","0","OPENBLAS_NUM_THREADS=1; e2e_host_memcpy=1; e2e_bw=mixed","0.2715","7,541666666666669e-08","0.004774336283185841","0","0","","","","","1,704416666666667e-05","DE","0,125","2,1305208333333336e-06","0,0783099722222222","1,3347282182175924e-06","0,09889","1,685497641666667e-06","0,0518570416666666","8,838600610069434e-07","0,12545","2,1381907083333336e-06","0,0950131388888888","1,6194197747453691e-06","0,125","2,1305208333333336e-06","0,0783099722222222","1,3347282182175924e-06","0,125","9,427083333333336e-09","5,9058770717592596e-09","2,130520833333334e-06","0,09889","7,457954166666671e-09","3,910885225694441e-09","1,6854976416666673e-06","0,12545","9,461020833333337e-09","7,165574224537033e-09","2,138190708333334e-06","0,125","9,427083333333336e-09","5,9058770717592596e-09","2,130520833333334e-06","483,51","8,241025025e-06","21,25","3,621885416666667e-07","866,89","1,4775417641666669e-05","3,6464712500000005e-08","8,241025025e-06","1,6026041666666673e-09","3,621885416666668e-07","6,537795416666669e-08","1,477541764166667e-05"
"2024-09-12 21:43:26+02:00","rock-tobefilledbyoem","AMD Ryzen Threadripper 3970X 32-Core Processor","0","e2e","66","1.0","1.079","0,5386","30,949","57.5","0","reduction","openblas","fp32","0","226","66","1.079","61.359","56.9","57.5","3168000000","5.88","e2e","e2e","0","AMD Ryzen Threadripper 3970X 32-Core Processor","","","","0","0","","","38.0","0","OPENBLAS_NUM_THREADS=1; e2e_host_memcpy=1; e2e_bw=mixed","0.46892424242424247","1,30256734006734e-07","0.008160606060606061","0","0","0.0","","0.0","0.0","8,596944444444445e-06","DE","0,125","1,0746180555555556e-06","0,0783099722222222","6,73226480640432e-07","0,09889","8,501518361111112e-07","0,0518570416666666","4,458121062615735e-07","0,12545","1,0784866805555557e-06","0,0950131388888888","8,16822676520061e-07","0,125","1,0746180555555556e-06","0,0783099722222222","6,73226480640432e-07","0,125","1,628209175084175e-08","1,0200401221824726e-08","1,0746180555555556e-06","0,09889","1,2881088425925926e-08","6,754728882751114e-09","8,501518361111112e-07","0,12545","1,634070728114478e-08","1,2376101159394864e-08","1,0784866805555557e-06","0,125","1,628209175084175e-08","1,0200401221824726e-08","1,0746180555555556e-06","483,51","4,156708608333334e-06","21,25","1,8268506944444444e-07","866,89","7,452605169444445e-06","6,298043345959596e-08","4,156708608333333e-06","2,7679555976430976e-09","1,8268506944444444e-07","1,1291826014309764e-07","7,452605169444444e-06"
"2024-09-12 21:43:34+02:00","rock-tobefilledbyoem","AMD Ryzen Threadripper 3970X 32-Core Processor","0","kernel","171","1.0","1.0612","1,0612","60,404","56.9","0","reduction","openblas","fp32","0","171","56","1.0612","60.404","56.9","57.5","21888000000","20.62","kernel","kernel","0","AMD Ryzen Threadripper 3970X 32-Core Processor","","","","0","0","","","38.0","0","OPENBLAS_NUM_THREADS=1; e2e_host_memcpy=1; e2e_bw=mixed","0.35323976608187135","9,81221572449643e-08","0.0062058479532163735","0","0","","","","","1,677888888888889e-05","DE","0,125","2,0973611111111118e-06","0,0783099722222222","1,3139543228086418e-06","0,09889","1,6592643222222226e-06","0,0518570416666666","8,701035402314805e-07","0,12545","2,1049116111111115e-06","0,0950131388888888","1,5942149004012331e-06","0,125","2,0973611111111118e-06","0,0783099722222222","1,3139543228086418e-06","0,125","1,2265269655620537e-08","7,683943408237673e-09","2,097361111111112e-06","0,09889","9,70330012995452e-09","5,088324796675326e-09","1,659264322222223e-06","0,12545","1,2309424626380773e-08","9,322894154393181e-09","2,104911611111112e-06","0,125","1,2265269655620537e-08","7,683943408237673e-09","2,097361111111112e-06","483,51","8,112760566666667e-06","21,25","3,5655138888888893e-07","866,89","1,454545098888889e-05","4,744304424951268e-08","8,112760566666668e-06","2,0850958414554915e-09","3,5655138888888903e-07","8,506111689408709e-08","1,4545450988888892e-05"
"2024-09-12 21:43:34+02:00","rock-tobefilledbyoem","AMD Ryzen Threadripper 3970X 32-Core Processor","0","e2e","56","1.0","1.0612","0,5961","34,299","57.5","0","reduction","openblas","fp32","0","171","56","1.0612","60.404","56.9","57.5","3584000000","6.01","e2e","e2e","0","AMD Ryzen Threadripper 3970X 32-Core Processor","","","","0","0","","","38.0","0","OPENBLAS_NUM_THREADS=1; e2e_host_memcpy=1; e2e_bw=mixed","0.6124821428571429","1,701339285714286e-07","0.010644642857142856","0","0","0.0","","0.0","0.0","9,5275e-06","DE","0,125","1,1909375e-06","0,0783099722222222","7,460982603472221e-07","0,09889","9,42174475e-07","0,0518570416666666","4,94067964479166e-07","0,12545","1,195224875e-06","0,0950131388888888","9,05237680763888e-07","0,125","1,1909375e-06","0,0783099722222222","7,460982603472221e-07","0,125","2,1266741071428576e-08","1,332318322048611e-08","1,1909375000000002e-06","0,09889","1,6824544196428575e-08","8,822642222842253e-09","9,421744750000002e-07","0,12545","2,1343301339285722e-08","1,6164958585069432e-08","1,195224875e-06","0,125","2,1266741071428576e-08","1,332318322048611e-08","1,1909375000000002e-06","483,51","4,606641525e-06","21,25","2,0245937499999998e-07","866,89","8,259294475e-06","8,226145580357144e-08","4,606641525000001e-06","3,6153459821428575e-09","2,02459375e-07","1,4748740133928575e-07","8,259294475000001e-06"
"2024-09-12 21:43:43+02:00","rock-tobefilledbyoem","AMD Ryzen Threadripper 3970X 32-Core Processor","0","kernel","111","1.0","1.059","1,059","60,161","56.8","0","reduction","openblas","fp32","0","111","33","1.059","60.161","56.8","57.7","21312000000","20.12","kernel","kernel","0","AMD Ryzen Threadripper 3970X 32-Core Processor","","","","0","0","","","37.9","0","OPENBLAS_NUM_THREADS=1; e2e_host_memcpy=1; e2e_bw=mixed","0.541990990990991","1,5055305305305305e-07","0.00954054054054054","0","0","","","","","1,671138888888889e-05","DE","0,125","2,088923611111111e-06","0,0783099722222222","1,3086683996836417e-06","0,09889","1,6525892472222222e-06","0,0518570416666666","8,666031899189804e-07","0,12545","2,096443736111111e-06","0,0950131388888888","1,5878015135262331e-06","0,125","2,088923611111111e-06","0,0783099722222222","1,3086683996836417e-06","0,125","1,8819131631631632e-08","1,178980540255533e-08","2,088923611111111e-06","0,09889","1,4888191416416416e-08","7,80723594521604e-09","1,6525892472222224e-06","0,12545","1,8886880505505508e-08","1,4304518139875977e-08","2,0964437361111114e-06","0,125","1,8819131631631632e-08","1,178980540255533e-08","2,088923611111111e-06","483,51","8,080123641666665e-06","21,25","3,5511701388888885e-07","866,89","1,4486935913888888e-05","7,279390668168169e-08","8,080123641666667e-06","3,199252377377377e-09","3,5511701388888885e-07","1,3051293616116115e-07","1,4486935913888888e-05"
"2024-09-12 21:43:43+02:00","rock-tobefilledbyoem","AMD Ryzen Threadripper 3970X 32-Core Processor","0","e2e","33","1.0","1.059","0,5433","31,335","57.7","0","reduction","openblas","fp32","0","111","33","1.059","60.161","56.8","57.7","3168000000","5.83","e2e","e2e","0","AMD Ryzen Threadripper 3970X 32-Core Processor","","","","0","0","","","37.9","0","OPENBLAS_NUM_THREADS=1; e2e_host_memcpy=1; e2e_bw=mixed","0.9495454545454546","2,637626262626263e-07","0.016463636363636364","0","0","0.0","","0.0","0.0","8,704166666666667e-06","DE","0,125","1,0880208333333334e-06","0,0783099722222222","6,816230498842591e-07","0,09889","8,607550416666668e-07","0,0518570416666666","4,513723335069439e-07","0,12545","1,0919377083333334e-06","0,0950131388888888","8,270101964120363e-07","0,125","1,0880208333333334e-06","0,0783099722222222","6,816230498842591e-07","0,125","3,2970328282828293e-08","2,065524393588664e-08","1,0880208333333334e-06","0,09889","2,608348611111112e-08","1,3677949500210422e-08","8,607550416666669e-07","0,12545","3,308902146464647e-08","2,5060915042788986e-08","1,0919377083333336e-06","0,125","3,2970328282828293e-08","2,065524393588664e-08","1,0880208333333334e-06","483,51","4,208551625e-06","21,25","1,8496354166666667e-07","866,89","7,5455550416666675e-06","1,2753186742424243e-07","4,208551625e-06","5,604955808080809e-09","1,849635416666667e-07","2,286531830808081e-07","7,5455550416666675e-06"
"2024-09-12 21:43:51+02:00","rock-tobefilledbyoem","AMD Ryzen Threadripper 3970X 32-Core Processor","0","kernel","85","1.0","1.0669","1,0669","60,593","56.8","0","reduction","openblas","fp32","0","85","28","1.0669","60.593","56.8","57.5","21760000000","20.4","kernel","kernel","0","AMD Ryzen Threadripper 3970X 32-Core Processor","","","","0","0","","","37.9","0","OPENBLAS_NUM_THREADS=1; e2e_host_memcpy=1; e2e_bw=mixed","0.7128588235294118","1,980163398692811e-07","0.012551764705882353","0","0","","","","","1,683138888888889e-05","DE","0,125","2,1039236111111117e-06","0,0783099722222222","1,3180655963503083e-06","0,09889","1,6644560472222225e-06","0,0518570416666666","8,728260349189805e-07","0,12545","2,1114977361111115e-06","0,0950131388888888","1,5992030901929e-06","0,125","2,1039236111111117e-06","0,0783099722222222","1,3180655963503083e-06","0,125","2,4752042483660133e-08","1,550665407470951e-08","2,1039236111111117e-06","0,09889","1,9581835849673205e-08","1,0268541587282125e-08","1,6644560472222225e-06","0,12545","2,484114983660131e-08","1,881415400226941e-08","2,1114977361111115e-06","0,125","2,4752042483660133e-08","1,550665407470951e-08","2,1039236111111117e-06","483,51","8,138144841666666e-06","21,25","3,5766701388888894e-07","866,89","1,459096271388889e-05","9,57428804901961e-08","8,138144841666668e-06","4,207847222222223e-09","3,57667013888889e-07","1,7165838486928107e-07","1,4590962713888891e-05"
"2024-09-12 21:43:51+02:00","rock-tobefilledbyoem","AMD Ryzen Threadripper 3970X 32-Core Processor","0","e2e","28","1.0","1.0669","0,5997","34,495","57.5","0","reduction","openblas","fp32","0","85","28","1.0669","60.593","56.8","57.5","3584000000","5.98","e2e","e2e","0","AMD Ryzen Threadripper 3970X 32-Core Processor","","","","0","0","","","37.9","0","OPENBLAS_NUM_THREADS=1; e2e_host_memcpy=1; e2e_bw=mixed","1.2319642857142856","3,422123015873016e-07","0.021417857142857145","0","0","0.0","","0.0","0.0","9,581944444444445e-06","DE","0,125","1,1977430555555556e-06","0,0783099722222222","7,503618032793208e-07","0,09889","9,475584861111113e-07","0,0518570416666666","4,968912923032402e-07","0,12545","1,2020549305555557e-06","0,0950131388888888","9,104106183256164e-07","0,125","1,1977430555555556e-06","0,0783099722222222","7,503618032793208e-07","0,125","4,27765376984127e-08","2,679863583140432e-08","1,1977430555555556e-06","0,09889","3,3841374503968264e-08","1,7746117582258577e-08","9,475584861111113e-07","0,12545","4,2930533234126996e-08","3,251466494020059e-08","1,2020549305555557e-06","0,125","4,27765376984127e-08","2,679863583140432e-08","1,1977430555555556e-06","483,51","4,632965958333333e-06","21,25","2,0361631944444444e-07","866,89","8,306491819444443e-06","1,6546306994047618e-07","4,632965958333333e-06","7,272011408730159e-09","2,0361631944444447e-07","2,9666042212301587e-07","8,306491819444445e-06"
"2024-09-12 21:43:59+02:00","rock-tobefilledbyoem","AMD Ryzen Threadripper 3970X 32-Core Processor","0","kernel","58","1.0","1.0706","1,0706","60,806","56.8","0","reduction","openblas","fp32","0","58","17","1.0706","60.806","56.8","57.4","22272000000","20.8","kernel","kernel","0","AMD Ryzen Threadripper 3970X 32-Core Processor","","","","0","0","","","37.9","0","OPENBLAS_NUM_THREADS=1; e2e_host_memcpy=1; e2e_bw=mixed","1.0483793103448276","2,9121647509578546e-07","0.018458620689655172","0","0","","","","","1,6890555555555555e-05","DE","0,125","2,1113194444444444e-06","0,0783099722222222","1,3226989363734564e-06","0,09889","1,670307038888889e-06","0,0518570416666666","8,758942432175915e-07","0,12545","2,1189201944444445e-06","0,0950131388888888","1,6048247009104923e-06","0,125","2,1113194444444444e-06","0,0783099722222222","1,3226989363734564e-06","0,125","3,640205938697318e-08","2,2805154075404426e-08","2,1113194444444444e-06","0,09889","2,8798397222222225e-08","1,5101624883061925e-08","1,6703070388888891e-06","0,12545","3,6533106800766295e-08","2,766939139500849e-08","2,118920194444445e-06","0,125","3,640205938697318e-08","2,2805154075404426e-08","2,1113194444444444e-06","483,51","8,166752516666665e-06","21,25","3,589243055555555e-07","866,89","1,4642253705555553e-05","1,4080607787356322e-07","8,166752516666667e-06","6,188350095785441e-09","3,5892430555555556e-07","2,5245265009578544e-07","1,4642253705555555e-05"
"2024-09-12 21:43:59+02:00","rock-tobefilledbyoem","AMD Ryzen Threadripper 3970X 32-Core Processor","0","e2e","17","1.0","1.0706","0,552","31,701","57.4","0","reduction","openblas","fp32","0","58","17","1.0706","60.806","56.8","57.4","3264000000","5.91","e2e","e2e","0","AMD Ryzen Threadripper 3970X 32-Core Processor","","","","0","0","","","37.9","0","OPENBLAS_NUM_THREADS=1; e2e_host_memcpy=1; e2e_bw=mixed","1.8647647058823529","5,179901960784314e-07","0.03247058823529412","0","0","0.0","","0.0","0.0","8,805833333333333e-06","DE","0,125","1,1007291666666666e-06","0,0783099722222222","6,895845637268516e-07","0,09889","8,708088583333333e-07","0,0518570416666666","4,5664446607638834e-07","0,12545","1,1046917916666668e-06","0,0950131388888888","8,366698655324066e-07","0,125","1,1007291666666666e-06","0,0783099722222222","6,895845637268516e-07","0,125","6,474877450980394e-08","4,0563797866285394e-08","1,1007291666666666e-06","0,09889","5,1224050490196084e-08","2,6861439180964026e-08","8,708088583333334e-07","0,12545","6,498187009803923e-08","4,921587444308275e-08","1,1046917916666668e-06","0,125","6,474877450980394e-08","4,0563797866285394e-08","1,1007291666666666e-06","483,51","4,257708475e-06","21,25","1,871239583333333e-07","866,89","7,633688858333332e-06","2,504534397058824e-07","4,257708475e-06","1,1007291666666667e-08","1,8712395833333333e-07","4,4904052107843137e-07","7,633688858333334e-06"
"2024-09-12 21:44:08+02:00","rock-tobefilledbyoem","AMD Ryzen Threadripper 3970X 32-Core Processor","0","kernel","42","1.0","1.0315","1,0315","58,536","56.8","0","reduction","openblas","fp32","0","42","14","1.0315","58.536","56.8","57.4","21504000000","20.85","kernel","kernel","0","AMD Ryzen Threadripper 3970X 32-Core Processor","","","","0","0","","","37.9","0","OPENBLAS_NUM_THREADS=1; e2e_host_memcpy=1; e2e_bw=mixed","1.3937142857142857","3,8714285714285713e-07","0.024559523809523812","0","0","","","","","1,626e-05","DE","0,125","2,0325e-06","0,0783099722222222","1,273320148333333e-06","0,09889","1,6079514000000002e-06","0,0518570416666666","8,43195497499999e-07","0,12545","2,039817e-06","0,0950131388888888","1,544913638333332e-06","0,125","2,0325e-06","0,0783099722222222","1,273320148333333e-06","0,125","4,839285714285714e-08","3,031714638888888e-08","2,0325e-06","0,09889","3,8284557142857145e-08","2,00760832738095e-08","1,6079514e-06","0,12545","4,8567071428571434e-08","3,678365805555553e-08","2,039817e-06","0,125","4,839285714285714e-08","3,031714638888888e-08","2,0325e-06","483,51","7,8618726e-06","21,25","3,45525e-07","866,89","1,4095631399999999e-05","1,8718744285714285e-07","7,8618726e-06","8,226785714285715e-09","3,45525e-07","3,356102714285714e-07","1,4095631399999999e-05"
"2024-09-12 21:44:08+02:00","rock-tobefilledbyoem","AMD Ryzen Threadripper 3970X 32-Core Processor","0","e2e","14","1.0","1.0315","0,5964","34,208","57.4","0","reduction","openblas","fp32","0","42","14","1.0315","58.536","56.8","57.4","3584000000","6.01","e2e","e2e","0","AMD Ryzen Threadripper 3970X 32-Core Processor","","","","0","0","","","37.9","0","OPENBLAS_NUM_THREADS=1; e2e_host_memcpy=1; e2e_bw=mixed","2.4434285714285715","6,787301587301588e-07","0.042600000000000006","0","0","0.0","","0.0","0.0","9,50222222222222e-06","DE","0,125","1,1877777777777777e-06","0,0783099722222222","7,441187582716047e-07","0,09889","9,396747555555556e-07","0,0518570416666666","4,92757133703703e-07","0,12545","1,1920537777777778e-06","0,0950131388888888","9,028359597530856e-07","0,125","1,1877777777777777e-06","0,0783099722222222","7,441187582716047e-07","0,125","8,484126984126986e-08","5,31513398765432e-08","1,187777777777778e-06","0,09889","6,71196253968254e-08","3,5196938121693085e-08","9,396747555555556e-07","0,12545","8,514669841269842e-08","6,448828283950614e-08","1,192053777777778e-06","0,125","8,484126984126986e-08","5,31513398765432e-08","1,187777777777778e-06","483,51","4,5944194666666654e-06","21,25","2,0192222222222218e-07","866,89","8,237381422222219e-06","3,2817281904761904e-07","4,594419466666666e-06","1,4423015873015874e-08","2,0192222222222223e-07","5,883843873015873e-07","8,237381422222222e-06"
"2024-09-12 21:44:16+02:00","rock-tobefilledbyoem","AMD Ryzen Threadripper 3970X 32-Core Processor","0","kernel","29","1.0","1.0684","1,0684","60,636","56.8","0","reduction","openblas","fp32","0","29","9","1.0684","60.636","56.8","57.4","22272000000","20.85","kernel","kernel","0","AMD Ryzen Threadripper 3970X 32-Core Processor","","","","0","0","","","38.0","0","OPENBLAS_NUM_THREADS=1; e2e_host_memcpy=1; e2e_bw=mixed","2.0908965517241382","5,808045977011495e-07","0.03684137931034483","0","0","","","","","1,6843333333333335e-05","DE","0,125","2,105416666666667e-06","0,0783099722222222","1,3190009654629628e-06","0,09889","1,6656372333333336e-06","0,0518570416666666","8,734454384722212e-07","0,12545","2,112996166666667e-06","0,0950131388888888","1,6003379693518506e-06","0,125","2,105416666666667e-06","0,0783099722222222","1,3190009654629628e-06","0,125","7,26005747126437e-08","4,5482791912515966e-08","2,105416666666667e-06","0,09889","5,743576666666668e-08","3,0118808223180044e-08","1,6656372333333336e-06","0,12545","7,286193678160922e-08","5,51840679086845e-08","2,1129961666666672e-06","0,125","7,26005747126437e-08","4,5482791912515966e-08","2,105416666666667e-06","483,51","8,1439201e-06","21,25","3,579208333333334e-07","866,89","1,4601317233333335e-05","2,8082483103448276e-07","8,1439201e-06","1,2342097701149427e-08","3,579208333333334e-07","5,034936977011495e-07","1,4601317233333333e-05"
"2024-09-12 21:44:16+02:00","rock-tobefilledbyoem","AMD Ryzen Threadripper 3970X 32-Core Processor","0","e2e","9","1.0","1.0684","0,5748","32,98","57.4","0","reduction","openblas","fp32","0","29","9","1.0684","60.636","56.8","57.4","3456000000","6.01","e2e","e2e","0","AMD Ryzen Threadripper 3970X 32-Core Processor","","","","0","0","","","38.0","0","OPENBLAS_NUM_THREADS=1; e2e_host_memcpy=1; e2e_bw=mixed","3.664444444444444","1,0179012345679011e-06","0.06386666666666667","0","0","0.0","","0.0","0.0","9,16111111111111e-06","DE","0,125","1,1451388888888887e-06","0,0783099722222222","7,174063566358022e-07","0,09889","9,059422777777778e-07","0,0518570416666666","4,750681206018512e-07","0,12545","1,1492613888888887e-06","0,0950131388888888","8,704259223765423e-07","0,125","1,1451388888888887e-06","0,0783099722222222","7,174063566358022e-07","0,125","1,2723765432098764e-07","7,971181740397802e-08","1,1451388888888887e-06","0,09889","1,0066025308641977e-07","5,278534673353903e-08","9,059422777777778e-07","0,12545","1,2769570987654324e-07","9,671399137517139e-08","1,149261388888889e-06","0,125","1,2723765432098764e-07","7,971181740397802e-08","1,1451388888888887e-06","483,51","4,429488833333332e-06","21,25","1,946736111111111e-07","866,89","7,94167561111111e-06","4,921654259259259e-07","4,429488833333333e-06","2,16304012345679e-08","1,946736111111111e-07","8,824084012345678e-07","7,94167561111111e-06"
"2024-09-12 21:44:25+02:00","rock-tobefilledbyoem","AMD Ryzen Threadripper 3970X 32-Core Processor","0","kernel","22","1.0","1.0701","1,0701","60,719","56.7","0","reduction","openblas","fp32","0","22","8","1.0701","60.719","56.7","57.4","22528000000","21.05","kernel","kernel","0","AMD Ryzen Threadripper 3970X 32-Core Processor","","","","0","0","","","38.0","0","OPENBLAS_NUM_THREADS=1; e2e_host_memcpy=1; e2e_bw=mixed","2.7599545454545455","7,666540404040405e-07","0.048640909090909096","0","0","","","","","1,686638888888889e-05","DE","0,125","2,108298611111111e-06","0,0783099722222222","1,3208064453780862e-06","0,09889","1,6679171972222224e-06","0,0518570416666666","8,746410313773138e-07","0,12545","2,115888486111111e-06","0,0950131388888888","1,602528550054011e-06","0,125","2,108298611111111e-06","0,0783099722222222","1,3208064453780862e-06","0,125","9,583175505050507e-08","6,003665660809483e-08","2,108298611111111e-06","0,09889","7,581441805555558e-08","3,975641051715063e-08","1,6679171972222224e-06","0,12545","9,617674936868688e-08","7,284220682063686e-08","2,1158884861111115e-06","0,125","9,583175505050507e-08","6,003665660809483e-08","2,108298611111111e-06","483,51","8,155067691666666e-06","21,25","3,5841076388888893e-07","866,89","1,462130386388889e-05","3,706848950757576e-07","8,155067691666668e-06","1,629139835858586e-08","3,5841076388888893e-07","6,646047210858586e-07","1,462130386388889e-05"
"2024-09-12 21:44:25+02:00","rock-tobefilledbyoem","AMD Ryzen Threadripper 3970X 32-Core Processor","0","e2e","8","1.0","1.0701","0,6784","38,905","57.4","0","reduction","openblas","fp32","0","22","8","1.0701","60.719","56.7","57.4","4096000000","6.04","e2e","e2e","0","AMD Ryzen Threadripper 3970X 32-Core Processor","","","","0","0","","","38.0","0","OPENBLAS_NUM_THREADS=1; e2e_host_memcpy=1; e2e_bw=mixed","4.863125","1,3508680555555557e-06","0.0848","0","0","0.0","","0.0","0.0","1,0806944444444444e-05","DE","0,125","1,3508680555555557e-06","0,0783099722222222","8,46291519251543e-07","0,09889","1,0686987361111111e-06","0,0518570416666666","5,604161683449068e-07","0,12545","1,3557311805555558e-06","0,0950131388888888","1,0268017134645057e-06","0,125","1,3508680555555557e-06","0,0783099722222222","8,46291519251543e-07","0,125","1,688585069444445e-07","1,057864399064429e-07","1,3508680555555557e-06","0,09889","1,3358734201388892e-07","7,005202104311335e-08","1,0686987361111111e-06","0,12545","1,694663975694445e-07","1,283502141830632e-07","1,3557311805555558e-06","0,125","1,688585069444445e-07","1,057864399064429e-07","1,3508680555555557e-06","483,51","5,225265708333332e-06","21,25","2,2964756944444443e-07","866,89","9,368432069444444e-06","6,531582135416666e-07","5,225265708333333e-06","2,8705946180555556e-08","2,2964756944444445e-07","1,1710540086805555e-06","9,368432069444444e-06"
"2024-09-12 21:44:35+02:00","rock-tobefilledbyoem","AMD Ryzen Threadripper 3970X 32-Core Processor","0","kernel","18","1.0","1.1074","1,1074","62,825","56.7","0","reduction","openblas","fp32","0","18","7","1.1074","62.825","56.7","57.4","23040000000","20.81","kernel","kernel","0","AMD Ryzen Threadripper 3970X 32-Core Processor","","","","0","0","","","38.0","0","OPENBLAS_NUM_THREADS=1; e2e_host_memcpy=1; e2e_bw=mixed","3.490277777777778","9,695216049382715e-07","0.06152222222222222","0","0","","","","","1,7451388888888888e-05","DE","0,125","2,181423611111111e-06","0,0783099722222222","1,366617779128086e-06","0,09889","1,7257678472222225e-06","0,0518570416666666","9,049774007523136e-07","0,12545","2,189276736111111e-06","0,0950131388888888","1,6581112363040109e-06","0,125","2,181423611111111e-06","0,0783099722222222","1,366617779128086e-06","0,125","1,2119020061728394e-07","7,592320995156033e-08","2,181423611111111e-06","0,09889","9,587599151234569e-08","5,0276522264017424e-08","1,7257678472222225e-06","0,12545","1,216264853395062e-07","9,211729090577837e-08","2,189276736111111e-06","0,125","1,2119020061728394e-07","7,592320995156033e-08","2,181423611111111e-06","483,51","8,437921041666665e-06","21,25","3,7084201388888887e-07","866,89","1,5128434513888887e-05","4,687733912037037e-07","8,437921041666667e-06","2,060233410493827e-08","3,708420138888888e-07","8,404685841049382e-07","1,5128434513888887e-05"
"2024-09-12 21:44:35+02:00","rock-tobefilledbyoem","AMD Ryzen Threadripper 3970X 32-Core Processor","0","e2e","7","1.0","1.1074","0,7442","42,718","57.4","0","reduction","openblas","fp32","0","18","7","1.1074","62.825","56.7","57.4","4480000000","6.02","e2e","e2e","0","AMD Ryzen Threadripper 3970X 32-Core Processor","","","","0","0","","","38.0","0","OPENBLAS_NUM_THREADS=1; e2e_host_memcpy=1; e2e_bw=mixed","6.102571428571429","1,6951587301587305e-06","0.10631428571428571","0","0","0.0","","0.0","0.0","1,1866111111111112e-05","DE","0,125","1,483263888888889e-06","0,0783099722222222","9,292348314969134e-07","0,09889","1,173439727777778e-06","0,0518570416666666","6,153414183101845e-07","0,12545","1,4886036388888892e-06","0,0950131388888888","1,1274364630709869e-06","0,125","1,483263888888889e-06","0,0783099722222222","9,292348314969134e-07","0,125","2,118948412698413e-07","1,3274783307098768e-07","1,4832638888888892e-06","0,09889","1,6763424682539686e-07","8,790591690145495e-08","1,173439727777778e-06","0,12545","2,1265766269841277e-07","1,6106235186728386e-07","1,4886036388888892e-06","0,125","2,118948412698413e-07","1,3274783307098768e-07","1,4832638888888892e-06","483,51","5,737383383333334e-06","21,25","2,5215486111111113e-07","866,89","1,0286613061111111e-05","8,196261976190477e-07","5,737383383333334e-06","3,602212301587302e-08","2,5215486111111113e-07","1,4695161515873018e-06","1,0286613061111113e-05"
"2024-09-12 21:44:45+02:00","rock-tobefilledbyoem","AMD Ryzen Threadripper 3970X 32-Core Processor","0","kernel","15","1.0","1.1095","1,1095","62,899","56.7","0","reduction","openblas","fp32","0","15","6","1.1095","62.899","56.7","57.4","23040000000","20.77","kernel","kernel","0","AMD Ryzen Threadripper 3970X 32-Core Processor","","","","0","0","","","37.8","0","OPENBLAS_NUM_THREADS=1; e2e_host_memcpy=1; e2e_bw=mixed","4.193266666666667","1,1647962962962963e-06","0.07396666666666667","0","0","","","","","1,7471944444444444e-05","DE","0,125","2,1839930555555554e-06","0,0783099722222222","1,368227484112654e-06","0,09889","1,727800586111111e-06","0,0518570416666666","9,060433510532396e-07","0,12545","2,1918554305555554e-06","0,0950131388888888","1,6600642841589492e-06","0,125","2,1839930555555554e-06","0,0783099722222222","1,368227484112654e-06","0,125","1,4559953703703704e-07","9,121516560751028e-08","2,1839930555555554e-06","0,09889","1,1518670574074077e-07","6,040289007021597e-08","1,7278005861111112e-06","0,12545","1,4612369537037037e-07","1,1067095227726329e-07","2,1918554305555554e-06","0,125","1,4559953703703704e-07","9,121516560751028e-08","2,1839930555555554e-06","483,51","8,447859858333333e-06","21,25","3,712788194444444e-07","866,89","1,5146253919444443e-05","5,631906572222222e-07","8,447859858333333e-06","2,4751921296296297e-08","3,7127881944444446e-07","1,0097502612962963e-06","1,5146253919444445e-05"
"2024-09-12 21:44:45+02:00","rock-tobefilledbyoem","AMD Ryzen Threadripper 3970X 32-Core Processor","0","e2e","6","1.0","1.1095","0,7637","43,867","57.4","0","reduction","openblas","fp32","0","15","6","1.1095","62.899","56.7","57.4","4608000000","6.03","e2e","e2e","0","AMD Ryzen Threadripper 3970X 32-Core Processor","","","","0","0","","","37.8","0","OPENBLAS_NUM_THREADS=1; e2e_host_memcpy=1; e2e_bw=mixed","7.311166666666666","2,0308796296296293e-06","0.12728333333333333","0","0","0.0","","0.0","0.0","1,2185277777777776e-05","DE","0,125","1,5231597222222222e-06","0,0783099722222222","9,542287642978393e-07","0,09889","1,2050021194444444e-06","0,0518570416666666","6,318924574421289e-07","0,12545","1,5286430972222225e-06","0,0950131388888888","1,1577614898996904e-06","0,125","1,5231597222222222e-06","0,0783099722222222","9,542287642978393e-07","0,125","2,538599537037037e-07","1,590381273829732e-07","1,523159722222222e-06","0,09889","2,0083368657407405e-07","1,0531540957368812e-07","1,2050021194444442e-06","0,12545","2,54773849537037e-07","1,9296024831661501e-07","1,528643097222222e-06","0,125","2,538599537037037e-07","1,590381273829732e-07","1,523159722222222e-06","483,51","5,891703658333332e-06","21,25","2,5893715277777774e-07","866,89","1,0563295452777776e-05","9,81950609722222e-07","5,891703658333332e-06","4,315619212962962e-08","2,589371527777777e-07","1,760549242129629e-06","1,0563295452777775e-05"
"2024-09-12 21:44:54+02:00","rock-tobefilledbyoem","AMD Ryzen Threadripper 3970X 32-Core Processor","0","kernel","11","1.0","1.0747","1,0747","61,005","56.8","0","reduction","openblas","fp32","0","11","4","1.0747","61.005","56.8","57.5","22528000000","20.96","kernel","kernel","0","AMD Ryzen Threadripper 3970X 32-Core Processor","","","","0","0","","","37.8","0","OPENBLAS_NUM_THREADS=1; e2e_host_memcpy=1; e2e_bw=mixed","5.545909090909091","1,540530303030303e-06","0.0977","0","0","","","","","1,6945833333333333e-05","DE","0,125","2,118229166666666e-06","0,0783099722222222","1,3270277376157403e-06","0,09889","1,6757734583333337e-06","0,0518570416666666","8,787607852430544e-07","0,12545","2,125854791666667e-06","0,0950131388888888","1,6100768160879616e-06","0,125","2,118229166666666e-06","0,0783099722222222","1,3270277376157403e-06","0,125","1,925662878787879e-07","1,2063888523779458e-07","2,118229166666666e-06","0,09889","1,523430416666667e-07","7,988734411300495e-08","1,6757734583333337e-06","0,12545","1,9325952651515157e-07","1,4637061964436017e-07","2,125854791666667e-06","0,125","1,925662878787879e-07","1,2063888523779458e-07","2,118229166666666e-06","483,51","8,193479875e-06","21,25","3,6009895833333333e-07","866,89","1,4690173458333332e-05","7,448618068181818e-07","8,193479875e-06","3,273626893939394e-08","3,6009895833333333e-07","1,3354703143939394e-06","1,4690173458333334e-05"
"2024-09-12 21:44:54+02:00","rock-tobefilledbyoem","AMD Ryzen Threadripper 3970X 32-Core Processor","0","e2e","4","1.0","1.0747","0,6757","38,83","57.5","0","reduction","openblas","fp32","0","11","4","1.0747","61.005","56.8","57.5","4096000000","6.06","e2e","e2e","0","AMD Ryzen Threadripper 3970X 32-Core Processor","","","","0","0","","","37.8","0","OPENBLAS_NUM_THREADS=1; e2e_host_memcpy=1; e2e_bw=mixed","9.7075","2,6965277777777776e-06","0.168925","0","0","0.0","","0.0","0.0","1,078611111111111e-05","DE","0,125","1,3482638888888888e-06","0,0783099722222222","8,446600614969134e-07","0,09889","1,0666385277777778e-06","0,0518570416666666","5,593358133101845e-07","0,12545","1,353117638888889e-06","0,0950131388888888","1,0248222730709868e-06","0,125","1,3482638888888888e-06","0,0783099722222222","8,446600614969134e-07","0,125","3,370659722222222e-07","2,1116501537422837e-07","1,3482638888888888e-06","0,09889","2,6665963194444445e-07","1,3983395332754613e-07","1,0666385277777778e-06","0,12545","3,382794097222223e-07","2,562055682677467e-07","1,353117638888889e-06","0,125","3,370659722222222e-07","2,1116501537422837e-07","1,3482638888888888e-06","483,51","5,215192583333332e-06","21,25","2,292048611111111e-07","866,89","9,350371861111111e-06","1,303798145833333e-06","5,215192583333332e-06","5,7301215277777775e-08","2,292048611111111e-07","2,3375929652777778e-06","9,350371861111111e-06"
"2024-09-12 21:45:05+02:00","rock-tobefilledbyoem","AMD Ryzen Threadripper 3970X 32-Core Processor","0","kernel","8","1.0","1.168","1,168","66,326","56.8","0","reduction","openblas","fp32","0","8","3","1.168","66.326","56.8","57.5","24576000000","21.04","kernel","kernel","0","AMD Ryzen Threadripper 3970X 32-Core Processor","","","","0","0","","","38.0","0","OPENBLAS_NUM_THREADS=1; e2e_host_memcpy=1; e2e_bw=mixed","8.29075","2,3029861111111107e-06","0.146","0","0","","","","","1,842388888888889e-05","DE","0,125","2,3029861111111107e-06","0,0783099722222222","1,442774227114197e-06","0,09889","1,821938372222222e-06","0,0518570416666666","9,554083737731469e-07","0,12545","2,311276861111111e-06","0,0950131388888888","1,750511513873455e-06","0,125","2,3029861111111107e-06","0,0783099722222222","1,442774227114197e-06","0,125","2,8787326388888884e-07","1,8034677838927465e-07","2,3029861111111107e-06","0,09889","2,2774229652777775e-07","1,1942604672164336e-07","1,821938372222222e-06","0,12545","2,889096076388889e-07","2,188139392341819e-07","2,311276861111111e-06","0,125","2,8787326388888884e-07","1,8034677838927465e-07","2,3029861111111107e-06","483,51","8,908134516666665e-06","21,25","3,9150763888888887e-07","866,89","1,597148503888889e-05","1,1135168145833332e-06","8,908134516666665e-06","4,89384548611111e-08","3,915076388888888e-07","1,9964356298611107e-06","1,5971485038888885e-05"
"2024-09-12 21:45:05+02:00","rock-tobefilledbyoem","AMD Ryzen Threadripper 3970X 32-Core Processor","0","e2e","3","1.0","1.168","0,7554","43,411","57.5","0","reduction","openblas","fp32","0","8","3","1.168","66.326","56.8","57.5","4608000000","6.1","e2e","e2e","0","AMD Ryzen Threadripper 3970X 32-Core Processor","","","","0","0","","","38.0","0","OPENBLAS_NUM_THREADS=1; e2e_host_memcpy=1; e2e_bw=mixed","14.470333333333334","4,019537037037037e-06","0.25179999999999997","0","0","0.0","","0.0","0.0","1,2058611111111112e-05","DE","0,125","1,507326388888889e-06","0,0783099722222222","9,443095011496912e-07","0,09889","1,192476052777778e-06","0,0518570416666666","6,253238988310178e-07","0,12545","1,512752763888889e-06","0,0950131388888888","1,1457264923070978e-06","0,125","1,507326388888889e-06","0,0783099722222222","9,443095011496912e-07","0,125","5,024421296296296e-07","3,147698337165637e-07","1,507326388888889e-06","0,09889","3,974920175925926e-07","2,084412996103393e-07","1,1924760527777778e-06","0,12545","5,042509212962963e-07","3,819088307690326e-07","1,5127527638888889e-06","0,125","5,024421296296296e-07","3,147698337165637e-07","1,507326388888889e-06","483,51","5,8304590583333336e-06","21,25","2,5624548611111115e-07","866,89","1,0453489386111111e-05","1,943486352777778e-06","5,8304590583333336e-06","8,541516203703704e-08","2,562454861111111e-07","3,4844964620370373e-06","1,0453489386111111e-05"
"2024-09-12 21:45:29+02:00","rock-tobefilledbyoem","AMD Ryzen Threadripper 3970X 32-Core Processor","0","kernel","1710","1.0","0.1625","0,1625","9,101","56.0","1","reduction","openblas","fp32","0","1710","267","0.1625","9.101","56.0","55.4","13680000000","84.2","kernel","kernel","0","AMD Ryzen Threadripper 3970X 32-Core Processor","","","","0","0","","","39.2","0","OPENBLAS_NUM_THREADS=1; e2e_host_memcpy=1; e2e_bw=mixed","0.005322222222222223","1,478395061728395e-09","9.502923976608188e-05","0","0","","","","","2,528055555555556e-06","DE","0,125","3,1600694444444445e-07","0,0783099722222222","1,979719603317901e-07","0,09889","2,499994138888889e-07","0,0518570416666666","1,3109748228009246e-07","0,12545","3,171445694444445e-07","0,0950131388888888","2,4019849361882695e-07","0,125","3,1600694444444445e-07","0,0783099722222222","1,979719603317901e-07","0,125","1,8479938271604935e-10","1,1577307621742109e-10","3,1600694444444445e-07","0,09889","1,46198487654321e-10","7,666519431584352e-11","2,499994138888889e-07","0,12545","1,854646604938272e-10","1,4046695533264734e-10","3,171445694444445e-07","0,125","1,8479938271604935e-10","1,1577307621742109e-10","3,1600694444444445e-07","483,51","1,2223401416666668e-06","21,25","5,372118055555556e-08","866,89","2,191546080555556e-06","7,148187962962963e-10","1,2223401416666666e-06","3,14158950617284e-11","5,372118055555556e-08","1,2816058950617285e-09","2,1915460805555558e-06"
"2024-09-12 21:45:29+02:00","rock-tobefilledbyoem","AMD Ryzen Threadripper 3970X 32-Core Processor","0","e2e","267","1.0","0.1625","0,0635","3,521","55.4","1","reduction","openblas","fp32","0","1710","267","0.1625","9.101","56.0","55.4","1068000000","16.81","e2e","e2e","0","AMD Ryzen Threadripper 3970X 32-Core Processor","","","","0","0","","","39.2","0","OPENBLAS_NUM_THREADS=1; e2e_host_memcpy=1; e2e_bw=mixed","0.013187265917602995","3,6631294215563877e-09","0.00023782771535580524","0","0","0.0","","0.0","0.0","9,780555555555556e-07","DE","0,125","1,2225694444444445e-07","0,0783099722222222","7,659150338734566e-08","0,09889","9,67199138888889e-08","0,0518570416666666","5,07190676967592e-08","0,12545","1,2269706944444445e-07","0,0950131388888888","9,29281283410493e-08","0,125","1,2225694444444445e-07","0,0783099722222222","7,659150338734566e-08","0,125","4,5789117769454847e-10","2,868595632484856e-10","1,2225694444444445e-07","0,09889","3,6224686849771115e-10","1,8995905504404195e-10","9,671991388888889e-08","0,12545","4,5953958593424886e-10","3,48045424498312e-10","1,2269706944444445e-07","0,125","4,5789117769454847e-10","2,868595632484856e-10","1,2225694444444445e-07","483,51","4,728996416666667e-07","21,25","2,0783680555555556e-08","866,89","8,478665805555556e-07","1,771159706616729e-09","4,728996416666666e-07","7,784150020807324e-11","2,0783680555555553e-08","3,175530264253017e-09","8,478665805555555e-07"
"2024-09-12 21:45:36+02:00","rock-tobefilledbyoem","AMD Ryzen Threadripper 3970X 32-Core Processor","0","kernel","5287","1.0","0.9797","0,9797","54,205","55.3","1","reduction","openblas","fp32","0","5287","634","0.9797","54.205","55.3","54.8","63444000000","64.76","kernel","kernel","0","AMD Ryzen Threadripper 3970X 32-Core Processor","","","","0","0","","","38.6","0","OPENBLAS_NUM_THREADS=1; e2e_host_memcpy=1; e2e_bw=mixed","0.010252506147153395","2,8479183742092763e-09","0.00018530357480612823","0","0","","","","","1,5056944444444444e-05","DE","0,125","1,8821180555555557e-06","0,0783099722222222","1,1791089011959874e-06","0,09889","1,4889812361111112e-06","0,0518570416666666","7,808085954282398e-07","0,12545","1,8888936805555555e-06","0,0950131388888888","1,4306075537422826e-06","0,125","1,8821180555555557e-06","0,0783099722222222","1,1791089011959874e-06","0,125","3,5598979677615953e-10","2,2302040877548464e-10","1,8821180555555557e-06","0,09889","2,8163064802555533e-10","1,4768462179463586e-10","1,488981236111111e-06","0,12545","3,5727136004455366e-10","2,705896640329644e-10","1,8888936805555555e-06","0,125","3,5598979677615953e-10","2,2302040877548464e-10","1,8821180555555557e-06","483,51","7,280183208333333e-06","21,25","3,1996006944444443e-07","866,89","1,3052714569444443e-05","1,3769970131139272e-09","7,280183208333333e-06","6,051826545194711e-11","3,199600694444444e-07","2,4688319594182795e-09","1,3052714569444444e-05"
"2024-09-12 21:45:36+02:00","rock-tobefilledbyoem","AMD Ryzen Threadripper 3970X 32-Core Processor","0","e2e","634","1.0","0.9797","0,4062","22,247","54.8","1","reduction","openblas","fp32","0","5287","634","0.9797","54.205","55.3","54.8","3804000000","9.36","e2e","e2e","0","AMD Ryzen Threadripper 3970X 32-Core Processor","","","","0","0","","","38.6","0","OPENBLAS_NUM_THREADS=1; e2e_host_memcpy=1; e2e_bw=mixed","0.03508990536277602","9,74719593410445e-09","0.0006406940063091482","0","0","0.0","","0.0","0.0","6,179722222222222e-06","DE","0,125","7,724652777777778e-07","0,0783099722222222","4,839338755632715e-07","0,09889","6,111127305555556e-07","0,0518570416666666","3,2046211276620333e-07","0,12545","7,752461527777779e-07","0,0950131388888888","5,871548057947526e-07","0,125","7,724652777777778e-07","0,0783099722222222","4,839338755632715e-07","0,125","1,2183994917630563e-09","7,633026428442767e-10","7,724652777777777e-07","0,09889","9,63900205923589e-10","5,054607456880178e-10","6,111127305555556e-07","0,12545","1,2227857299334034e-09","9,261116810642783e-10","7,752461527777778e-07","0,125","1,2183994917630563e-09","7,633026428442767e-10","7,724652777777777e-07","483,51","2,9879574916666663e-06","21,25","1,313190972222222e-07","866,89","5,357139397222222e-06","4,7128667060988435e-09","2,9879574916666667e-06","2,0712791359971958e-10","1,313190972222222e-07","8,449746683315808e-09","5,357139397222222e-06"
"2024-09-12 21:45:43+02:00","rock-tobefilledbyoem","AMD Ryzen Threadripper 3970X 32-Core Processor","0","kernel","2515","1.0","0.9844","0,9844","54,344","55.2","1","reduction","openblas","fp32","0","2515","470","0.9844","54.344","55.2","55.4","40240000000","40.88","kernel","kernel","0","AMD Ryzen Threadripper 3970X 32-Core Processor","","","","0","0","","","38.0","0","OPENBLAS_NUM_THREADS=1; e2e_host_memcpy=1; e2e_bw=mixed","0.021607952286282307","6,002208968411752e-09","0.00039141153081510935","0","0","","","","","1,5095555555555556e-05","DE","0,125","1,8869444444444445e-06","0,0783099722222222","1,1821325362345675e-06","0,09889","1,492799488888889e-06","0,0518570416666666","7,82810853425925e-07","0,12545","1,8937374444444448e-06","0,0950131388888888","1,4342761166049371e-06","0,125","1,8869444444444445e-06","0,0783099722222222","1,1821325362345675e-06","0,125","7,50276121051469e-10","4,700328175882973e-10","1,8869444444444445e-06","0,09889","5,93558444886238e-10","3,112568005669682e-10","1,4927994888888888e-06","0,12545","7,529771150872542e-10","5,702887143558398e-10","1,8937374444444448e-06","0,125","7,50276121051469e-10","4,700328175882973e-10","1,8869444444444445e-06","483,51","7,298852066666667e-06","21,25","3,2078055555555556e-07","866,89","1,3086186155555556e-05","2,9021280583167663e-09","7,2988520666666675e-06","1,2754694057874974e-10","3,207805555555556e-07","5,203254932626463e-09","1,3086186155555555e-05"
"2024-09-12 21:45:43+02:00","rock-tobefilledbyoem","AMD Ryzen Threadripper 3970X 32-Core Processor","0","e2e","470","1.0","0.9844","0,5626","31,178","55.4","1","reduction","openblas","fp32","0","2515","470","0.9844","54.344","55.2","55.4","3760000000","6.68","e2e","e2e","0","AMD Ryzen Threadripper 3970X 32-Core Processor","","","","0","0","","","38.0","0","OPENBLAS_NUM_THREADS=1; e2e_host_memcpy=1; e2e_bw=mixed","0.06633617021276596","1,8426713947990544e-08","0.0011970212765957447","0","0","0.0","","0.0","0.0","8,660555555555556e-06","DE","0,125","1,0825694444444445e-06","0,0783099722222222","6,782078649845678e-07","0,09889","8,56442338888889e-07","0,0518570416666666","4,491107903009254e-07","0,12545","1,0864666944444443e-06","0,0950131388888888","8,228665678549376e-07","0,125","1,0825694444444445e-06","0,0783099722222222","6,782078649845678e-07","0,125","2,303339243498818e-09","1,442995457413974e-09","1,0825694444444445e-06","0,09889","1,822217742316785e-09","9,55554872980692e-10","8,56442338888889e-07","0,12545","2,3116312647754142e-09","1,7507799316062503e-09","1,0864666944444443e-06","0,125","2,303339243498818e-09","1,442995457413974e-09","1,0825694444444445e-06","483,51","4,187465216666667e-06","21,25","1,8403680555555555e-07","866,89","7,507749005555555e-06","8,909500460992908e-09","4,187465216666667e-06","3,9156767139479907e-10","1,8403680555555557e-07","1,597393405437352e-08","7,5077490055555544e-06"
"2024-09-12 21:45:52+02:00","rock-tobefilledbyoem","AMD Ryzen Threadripper 3970X 32-Core Processor","0","kernel","1015","1.0","1.0344","1,0344","58,218","56.3","0","reduction","openblas","fp32","0","1015","256","1.0344","58.218","56.3","56.6","24360000000","23.55","kernel","kernel","0","AMD Ryzen Threadripper 3970X 32-Core Processor","","","","0","0","","","37.8","0","OPENBLAS_NUM_THREADS=1; e2e_host_memcpy=1; e2e_bw=mixed","0.0573576354679803","1,5932676518883417e-08","0.001019113300492611","0","0","","","","","1,6171666666666666e-05","DE","0,125","2,0214583333333333e-06","0,0783099722222222","1,2664027674537033e-06","0,09889","1,599216116666667e-06","0,0518570416666666","8,386147921527768e-07","0,12545","2,028735583333333e-06","0,0950131388888888","1,5365208110648135e-06","0,125","2,0214583333333333e-06","0,0783099722222222","1,2664027674537033e-06","0,125","1,991584564860427e-09","1,2476874556194123e-09","2,0214583333333337e-06","0,09889","1,5755823809523811e-09","8,26221470101258e-10","1,599216116666667e-06","0,12545","1,998754269293925e-09","1,5138136069604075e-09","2,028735583333334e-06","0,125","1,991584564860427e-09","1,2476874556194123e-09","2,0214583333333337e-06","483,51","7,81916255e-06","21,25","3,4364791666666665e-07","866,89","1,4019056116666666e-05","7,703608423645322e-09","7,819162550000001e-06","3,3856937602627265e-10","3,4364791666666675e-07","1,3811877947454845e-08","1,4019056116666666e-05"
"2024-09-12 21:45:52+02:00","rock-tobefilledbyoem","AMD Ryzen Threadripper 3970X 32-Core Processor","0","e2e","256","1.0","1.0344","0,5911","33,437","56.6","0","reduction","openblas","fp32","0","1015","256","1.0344","58.218","56.3","56.6","3072000000","5.2","e2e","e2e","0","AMD Ryzen Threadripper 3970X 32-Core Processor","","","","0","0","","","37.8","0","OPENBLAS_NUM_THREADS=1; e2e_host_memcpy=1; e2e_bw=mixed","0.13061328125","3,6281467013888884e-08","0.002308984375","0","0","0.0","","0.0","0.0","9,288055555555554e-06","DE","0,125","1,1610069444444443e-06","0,0783099722222222","7,273473725540121e-07","0,09889","9,184958138888888e-07","0,0518570416666666","4,816510839467586e-07","0,12545","1,1651865694444445e-06","0,0950131388888888","8,824873125077152e-07","0,125","1,1610069444444443e-06","0,0783099722222222","7,273473725540121e-07","0,125","4,5351833767361105e-09","2,8412006740391084e-09","1,161006944444444e-06","0,09889","3,5878742730034714e-09","1,8814495466670252e-09","9,184958138888888e-07","0,12545","4,5515100368923605e-09","3,4472160644832613e-09","1,165186569444444e-06","0,125","4,5351833767361105e-09","2,8412006740391084e-09","1,161006944444444e-06","483,51","4,490867741666666e-06","21,25","1,9737118055555554e-07","866,89","8,051722480555555e-06","1,7542452115885414e-08","4,490867741666666e-06","7,709811740451388e-10","1,9737118055555554e-07","3,145204093967014e-08","8,051722480555555e-06"
"2024-09-12 21:46:00+02:00","rock-tobefilledbyoem","AMD Ryzen Threadripper 3970X 32-Core Processor","0","kernel","604","1.0","1.0287","1,0287","58,516","56.9","0","reduction","openblas","fp32","0","604","218","1.0287","58.516","56.9","57.8","19328000000","18.79","kernel","kernel","0","AMD Ryzen Threadripper 3970X 32-Core Processor","","","","0","0","","","37.6","0","OPENBLAS_NUM_THREADS=1; e2e_host_memcpy=1; e2e_bw=mixed","0.09688079470198675","2,6911331861662988e-08","0.0017031456953642383","0","0","","","","","1,6254444444444444e-05","DE","0,125","2,0318055555555555e-06","0,0783099722222222","1,2728850929320984e-06","0,09889","1,607402011111111e-06","0,0518570416666666","8,42907402824073e-07","0,12545","2,0391200555555555e-06","0,0950131388888888","1,544385787561727e-06","0,125","2,0318055555555555e-06","0,0783099722222222","1,2728850929320984e-06","0,125","3,363916482707873e-09","2,1074256505498322e-09","2,0318055555555555e-06","0,09889","2,661261607799853e-09","1,39554205765575e-09","1,607402011111111e-06","0,12545","3,3760265820456222e-09","2,556930111857164e-09","2,0391200555555555e-06","0,125","3,363916482707873e-09","2,1074256505498322e-09","2,0318055555555555e-06","483,51","7,859186433333334e-06","21,25","3,4540694444444443e-07","866,89","1,4090815344444444e-05","1,301189806843267e-08","7,859186433333332e-06","5,718658020603385e-10","3,4540694444444443e-07","2,332916447755703e-08","1,4090815344444445e-05"
"2024-09-12 21:46:00+02:00","rock-tobefilledbyoem","AMD Ryzen Threadripper 3970X 32-Core Processor","0","e2e","218","1.0","1.0287","0,6075","35,09","57.8","0","reduction","openblas","fp32","0","604","218","1.0287","58.516","56.9","57.8","3488000000","5.74","e2e","e2e","0","AMD Ryzen Threadripper 3970X 32-Core Processor","","","","0","0","","","37.6","0","OPENBLAS_NUM_THREADS=1; e2e_host_memcpy=1; e2e_bw=mixed","0.1609633027522936","4,471202854230378e-08","0.002786697247706422","0","0","0.0","","0.0","0.0","9,747222222222223e-06","DE","0,125","1,218402777777778e-06","0,0783099722222222","7,633047014660492e-07","0,09889","9,639028055555557e-07","0,0518570416666666","5,054621089120364e-07","0,12545","1,222789027777778e-06","0,0950131388888888","9,261141787808636e-07","0,125","1,218402777777778e-06","0,0783099722222222","7,633047014660492e-07","0,125","5,589003567787973e-09","3,501397713147015e-09","1,218402777777778e-06","0,09889","4,421572502548422e-09","2,3186335271194334e-09","9,63902805555556e-07","0,12545","5,609123980632011e-09","4,24823017789387e-09","1,222789027777778e-06","0,125","5,589003567787973e-09","3,501397713147015e-09","1,218402777777778e-06","483,51","4,712879416666667e-06","21,25","2,0712847222222224e-07","866,89","8,449769472222222e-06","2,1618712920489296e-08","4,712879416666667e-06","9,501306065239554e-10","2,0712847222222226e-07","3,876041042303772e-08","8,449769472222222e-06"
"2024-09-12 21:46:08+02:00","rock-tobefilledbyoem","AMD Ryzen Threadripper 3970X 32-Core Processor","0","kernel","423","1.0","1.0669","1,0669","60,623","56.8","0","reduction","openblas","fp32","0","423","128","1.0669","60.623","56.8","57.7","20304000000","19.03","kernel","kernel","0","AMD Ryzen Threadripper 3970X 32-Core Processor","","","","0","0","","","37.6","0","OPENBLAS_NUM_THREADS=1; e2e_host_memcpy=1; e2e_bw=mixed","0.14331678486997634","3,981021801943787e-08","0.002522222222222222","0","0","","","","","1,6839722222222222e-05","DE","0,125","2,1049652777777777e-06","0,0783099722222222","1,31871817945216e-06","0,09889","1,6652801305555557e-06","0,0518570416666666","8,732581769328693e-07","0,12545","2,1125431527777778e-06","0,0950131388888888","1,5999948663503071e-06","0,125","2,1049652777777777e-06","0,0783099722222222","1,31871817945216e-06","0,125","4,976277252429734e-09","3,117537067262789e-09","2,1049652777777773e-06","0,09889","3,9368324599422125e-09","2,064440134593071e-09","1,6652801305555557e-06","0,12545","4,994191850538481e-09","3,782493773877794e-09","2,1125431527777774e-06","0,125","4,976277252429734e-09","3,117537067262789e-09","2,1049652777777773e-06","483,51","8,142174091666666e-06","21,25","3,578440972222222e-07","866,89","1,4598186797222221e-05","1,9248638514578405e-08","8,142174091666665e-06","8,459671329130547e-10","3,5784409722222213e-07","3,4511079898870496e-08","1,459818679722222e-05"
"2024-09-12 21:46:08+02:00","rock-tobefilledbyoem","AMD Ryzen Threadripper 3970X 32-Core Processor","0","e2e","128","1.0","1.0669","0,5284","30,483","57.7","0","reduction","openblas","fp32","0","423","128","1.0669","60.623","56.8","57.7","3072000000","5.81","e2e","e2e","0","AMD Ryzen Threadripper 3970X 32-Core Processor","","","","0","0","","","37.6","0","OPENBLAS_NUM_THREADS=1; e2e_host_memcpy=1; e2e_bw=mixed","0.2381484375","6,615234375e-08","0.004128125","0","0","0.0","","0.0","0.0","8,4675e-06","DE","0,125","1,0584375e-06","0,0783099722222222","6,630896897916665e-07","0,09889","8,37351075e-07","0,0518570416666666","4,3909950031249946e-07","0,12545","1,062247875e-06","0,0950131388888888","8,04523753541666e-07","0,125","1,0584375e-06","0,0783099722222222","6,630896897916665e-07","0,125","8,26904296875e-09","5,180388201497394e-09","1,0584375e-06","0,09889","6,5418052734375e-09","3,430464846191402e-09","8,37351075e-07","0,12545","8,2988115234375e-09","6,285341824544265e-09","1,062247875e-06","0,125","8,26904296875e-09","5,180388201497394e-09","1,0584375e-06","483,51","4,094120925e-06","21,25","1,7993437499999999e-07","866,89","7,340391075e-06","3,19853197265625e-08","4,094120925e-06","1,4057373046874999e-09","1,7993437499999999e-07","5,73468052734375e-08","7,340391075e-06"
"2024-09-12 21:46:17+02:00","rock-tobefilledbyoem","AMD Ryzen Threadripper 3970X 32-Core Processor","0","kernel","318","1.0","1.0429","1,0429","59,198","56.8","0","reduction","openblas","fp32","0","318","111","1.0429","59.198","56.8","57.5","20352000000","19.51","kernel","kernel","0","AMD Ryzen Threadripper 3970X 32-Core Processor","","","","0","0","","","37.6","0","OPENBLAS_NUM_THREADS=1; e2e_host_memcpy=1; e2e_bw=mixed","0.18615723270440251","5,17103424178896e-08","0.0032795597484276727","0","0","","","","","1,6443888888888888e-05","DE","0,125","2,055486111111111e-06","0,0783099722222222","1,2877204821141971e-06","0,09889","1,6261361722222222e-06","0,0518570416666666","8,52731431273147e-07","0,12545","2,0628858611111117e-06","0,0950131388888888","1,5623854988734553e-06","0,125","2,055486111111111e-06","0,0783099722222222","1,2877204821141971e-06","0,125","6,463792802236199e-09","4,049435478346533e-09","2,0554861111111114e-06","0,09889","5,113635761705102e-09","2,6815453813620983e-09","1,6261361722222224e-06","0,12545","6,48706245632425e-09","4,913161946142942e-09","2,062885861111112e-06","0,125","6,463792802236199e-09","4,049435478346533e-09","2,0554861111111114e-06","483,51","7,950784716666665e-06","21,25","3,494326388888889e-07","866,89","1,4255042838888888e-05","2,5002467662473803e-08","7,95078471666667e-06","1,0988447763801541e-09","3,4943263888888904e-07","4,482717873864432e-08","1,4255042838888895e-05"
"2024-09-12 21:46:17+02:00","rock-tobefilledbyoem","AMD Ryzen Threadripper 3970X 32-Core Processor","0","e2e","111","1.0","1.0429","0,6042","34,754","57.5","0","reduction","openblas","fp32","0","318","111","1.0429","59.198","56.8","57.5","3552000000","5.88","e2e","e2e","0","AMD Ryzen Threadripper 3970X 32-Core Processor","","","","0","0","","","37.6","0","OPENBLAS_NUM_THREADS=1; e2e_host_memcpy=1; e2e_bw=mixed","0.31309909909909905","8,697197197197195e-08","0.005443243243243243","0","0","0.0","","0.0","0.0","9,653888888888889e-06","DE","0,125","1,206736111111111e-06","0,0783099722222222","7,559957707253084e-07","0,09889","9,54673072222222e-07","0,0518570416666666","5,006221183564808e-07","0,12545","1,2110803611111112e-06","0,0950131388888888","9,172462858179004e-07","0,125","1,206736111111111e-06","0,0783099722222222","7,559957707253084e-07","0,125","1,0871496496496494e-08","6,810772709237012e-09","1,2067361111111109e-06","0,09889","8,600658308308307e-09","4,510109174382711e-09","9,54673072222222e-07","0,12545","1,0910633883883885e-08","8,263480052413515e-09","1,211080361111111e-06","0,125","1,0871496496496494e-08","6,810772709237012e-09","1,2067361111111109e-06","483,51","4,667751816666666e-06","21,25","2,051451388888889e-07","866,89","8,368859738888888e-06","4,205181816816816e-08","4,667751816666666e-06","1,8481544044044039e-09","2,0514513888888881e-07","7,539513278278277e-08","8,368859738888888e-06"
"2024-09-12 21:46:24+02:00","rock-tobefilledbyoem","AMD Ryzen Threadripper 3970X 32-Core Processor","0","kernel","216","1.0","1.0387","1,0387","58,921","56.7","0","reduction","openblas","fp32","0","216","64","1.0387","58.921","56.7","57.5","20736000000","19.96","kernel","kernel","0","AMD Ryzen Threadripper 3970X 32-Core Processor","","","","0","0","","","37.6","0","OPENBLAS_NUM_THREADS=1; e2e_host_memcpy=1; e2e_bw=mixed","0.2727824074074074","7,577289094650206e-08","0.004808796296296296","0","0","","","","","1,6366944444444443e-05","DE","0,125","2,045868055555556e-06","0,0783099722222222","1,2816949648070984e-06","0,09889","1,618527136111111e-06","0,0518570416666666","8,48741320011573e-07","0,12545","2,0532331805555555e-06","0,0950131388888888","1,5550747656867269e-06","0,125","2,045868055555556e-06","0,0783099722222222","1,2816949648070984e-06","0,125","9,471611368312758e-09","5,933772985218049e-09","2,045868055555556e-06","0,09889","7,493181185699589e-09","3,929357963016542e-09","1,618527136111111e-06","0,12545","9,505709169238684e-09","7,199420211512626e-09","2,053233180555556e-06","0,125","9,471611368312758e-09","5,933772985218049e-09","2,045868055555556e-06","483,51","7,913581308333331e-06","21,25","3,477975694444444e-07","866,89","1,4188340469444442e-05","3,6636950501543206e-08","7,913581308333333e-06","1,6101739326131688e-09","3,4779756944444443e-07","6,568676143261318e-08","1,4188340469444445e-05"
"2024-09-12 21:46:24+02:00","rock-tobefilledbyoem","AMD Ryzen Threadripper 3970X 32-Core Processor","0","e2e","64","1.0","1.0387","0,5169","29,72","57.5","0","reduction","openblas","fp32","0","216","64","1.0387","58.921","56.7","57.5","3072000000","5.94","e2e","e2e","0","AMD Ryzen Threadripper 3970X 32-Core Processor","","","","0","0","","","37.6","0","OPENBLAS_NUM_THREADS=1; e2e_host_memcpy=1; e2e_bw=mixed","0.464375","1,2899305555555558e-07","0.0080765625","0","0","0.0","","0.0","0.0","8,255555555555555e-06","DE","0,125","1,0319444444444444e-06","0,0783099722222222","6,464923262345678e-07","0,09889","8,163918888888889e-07","0,0518570416666666","4,281086884259254e-07","0,12545","1,0356594444444445e-06","0,0950131388888888","7,843862466049376e-07","0,125","1,0319444444444444e-06","0,0783099722222222","6,464923262345678e-07","0,125","1,6124131944444447e-08","1,0101442597415125e-08","1,0319444444444446e-06","0,09889","1,2756123263888892e-08","6,6891982566550865e-09","8,163918888888891e-07","0,12545","1,6182178819444448e-08","1,2256035103202152e-08","1,035659444444445e-06","0,125","1,6124131944444447e-08","1,0101442597415125e-08","1,0319444444444446e-06","483,51","3,9916436666666664e-06","21,25","1,7543055555555555e-07","866,89","7,1566585555555555e-06","6,236943229166668e-08","3,991643666666667e-06","2,7411024305555563e-09","1,754305555555556e-07","1,1182278993055558e-07","7,156658555555557e-06"
"2024-09-12 21:46:33+02:00","rock-tobefilledbyoem","AMD Ryzen Threadripper 3970X 32-Core Processor","0","kernel","165","1.0","1.0428","1,0428","59,125","56.7","0","reduction","openblas","fp32","0","165","56","1.0428","59.125","56.7","57.5","21120000000","20.25","kernel","kernel","0","AMD Ryzen Threadripper 3970X 32-Core Processor","","","","0","0","","","37.6","0","OPENBLAS_NUM_THREADS=1; e2e_host_memcpy=1; e2e_bw=mixed","0.35833333333333334","9,953703703703705e-08","0.00632","0","0","","","","","1,6423611111111112e-05","DE","0,125","2,052951388888889e-06","0,0783099722222222","1,286132529899691e-06","0,09889","1,624130902777778e-06","0,0518570416666666","8,516798857060175e-07","0,12545","2,060342013888889e-06","0,0950131388888888","1,5604588435570974e-06","0,125","2,052951388888889e-06","0,0783099722222222","1,286132529899691e-06","0,125","1,2442129629629632e-08","7,794742605452674e-09","2,052951388888889e-06","0,09889","9,843217592592592e-09","5,1616962770061675e-09","1,624130902777778e-06","0,12545","1,2486921296296298e-08","9,457326324588471e-09","2,0603420138888893e-06","0,125","1,2442129629629632e-08","7,794742605452674e-09","2,052951388888889e-06","483,51","7,940980208333333e-06","21,25","3,4900173611111115e-07","866,89","1,4237464236111112e-05","4,812715277777778e-08","7,940980208333333e-06","2,1151620370370373e-09","3,4900173611111115e-07","8,628766203703705e-08","1,4237464236111114e-05"
"2024-09-12 21:46:33+02:00","rock-tobefilledbyoem","AMD Ryzen Threadripper 3970X 32-Core Processor","0","e2e","56","1.0","1.0428","0,6007","34,533","57.5","0","reduction","openblas","fp32","0","165","56","1.0428","59.125","56.7","57.5","3584000000","5.97","e2e","e2e","0","AMD Ryzen Threadripper 3970X 32-Core Processor","","","","0","0","","","37.6","0","OPENBLAS_NUM_THREADS=1; e2e_host_memcpy=1; e2e_bw=mixed","0.6166607142857143","1,712946428571429e-07","0.010726785714285715","0","0","0.0","","0.0","0.0","9,5925e-06","DE","0,125","1,1990625e-06","0,0783099722222222","7,511884085416665e-07","0,09889","9,48602325e-07","0,0518570416666666","4,974386721874994e-07","0,12545","1,203379125e-06","0,0950131388888888","9,114135347916658e-07","0,125","1,1990625e-06","0,0783099722222222","7,511884085416665e-07","0,125","2,141183035714286e-08","1,3414078723958332e-08","1,1990625000000002e-06","0,09889","1,693932723214286e-08","8,882833431919633e-09","9,486023250000002e-07","0,12545","2,1488912946428577e-08","1,627524169270832e-08","1,2033791250000004e-06","0,125","2,141183035714286e-08","1,3414078723958332e-08","1,1990625000000002e-06","483,51","4,638069675e-06","21,25","2,03840625e-07","866,89","8,315642325000001e-06","8,282267276785715e-08","4,638069675000001e-06","3,6400111607142865e-09","2,0384062500000005e-07","1,4849361294642859e-07","8,315642325000001e-06"
"2024-09-12 21:46:41+02:00","rock-tobefilledbyoem","AMD Ryzen Threadripper 3970X 32-Core Processor","0","kernel","113","1.0","1.0915","1,0915","62,008","56.8","0","reduction","openblas","fp32","0","113","33","1.0915","62.008","56.8","57.6","21696000000","19.88","kernel","kernel","0","AMD Ryzen Threadripper 3970X 32-Core Processor","","","","0","0","","","37.6","0","OPENBLAS_NUM_THREADS=1; e2e_host_memcpy=1; e2e_bw=mixed","0.5487433628318584","1,5242871189773846e-07","0.00965929203539823","0","0","","","","","1,7224444444444446e-05","DE","0,125","2,153055555555556e-06","0,0783099722222222","1,3488457659876542e-06","0,09889","1,7033253111111111e-06","0,0518570416666666","8,932087332407398e-07","0,12545","2,160806555555556e-06","0,0950131388888888","1,6365485322839494e-06","0,125","2,153055555555556e-06","0,0783099722222222","1,3488457659876542e-06","0,125","1,9053588987217308e-08","1,193668819458101e-08","2,153055555555556e-06","0,09889","1,5073675319567358e-08","7,904502064077343e-09","1,7033253111111115e-06","0,12545","1,912218190757129e-08","1,4482730374194244e-08","2,160806555555556e-06","0,125","1,9053588987217308e-08","1,193668819458101e-08","2,153055555555556e-06","483,51","8,328191133333335e-06","21,25","3,6601944444444447e-07","866,89","1,4931698644444446e-05","7,370080648967553e-08","8,328191133333335e-06","3,2391101278269423e-09","3,6601944444444447e-07","1,321389260570305e-07","1,4931698644444446e-05"
"2024-09-12 21:46:41+02:00","rock-tobefilledbyoem","AMD Ryzen Threadripper 3970X 32-Core Processor","0","e2e","33","1.0","1.0915","0,533","30,695","57.6","0","reduction","openblas","fp32","0","113","33","1.0915","62.008","56.8","57.6","3168000000","5.94","e2e","e2e","0","AMD Ryzen Threadripper 3970X 32-Core Processor","","","","0","0","","","37.6","0","OPENBLAS_NUM_THREADS=1; e2e_host_memcpy=1; e2e_bw=mixed","0.9301515151515152","2,583754208754209e-07","0.016151515151515153","0","0","0.0","","0.0","0.0","8,52638888888889e-06","DE","0,125","1,0657986111111112e-06","0,0783099722222222","6,67701277044753e-07","0,09889","8,431745972222224e-07","0,0518570416666666","4,421533038773143e-07","0,12545","1,0696354861111111e-06","0,0950131388888888","8,101189717206784e-07","0,125","1,0657986111111112e-06","0,0783099722222222","6,67701277044753e-07","0,125","3,2296927609427614e-08","2,0233372031659186e-08","1,0657986111111112e-06","0,09889","2,5550745370370374e-08","1,3398584965979224e-08","8,431745972222224e-07","0,12545","3,2413196548821555e-08","2,4549059749111468e-08","1,0696354861111111e-06","0,125","3,2296927609427614e-08","2,0233372031659186e-08","1,0657986111111112e-06","483,51","4,1225942916666665e-06","21,25","1,811857638888889e-07","866,89","7,3914412638888894e-06","1,2492709974747477e-07","4,122594291666667e-06","5,490477693602694e-09","1,811857638888889e-07","2,2398306860269362e-07","7,3914412638888894e-06"
"2024-09-12 21:46:50+02:00","rock-tobefilledbyoem","AMD Ryzen Threadripper 3970X 32-Core Processor","0","kernel","84","1.0","1.0665","1,0665","60,585","56.8","0","reduction","openblas","fp32","0","84","28","1.0665","60.585","56.8","57.5","21504000000","20.16","kernel","kernel","0","AMD Ryzen Threadripper 3970X 32-Core Processor","","","","0","0","","","37.6","0","OPENBLAS_NUM_THREADS=1; e2e_host_memcpy=1; e2e_bw=mixed","0.7212500000000001","2,003472222222223e-07","0.012696428571428572","0","0","","","","","1,6829166666666668e-05","DE","0,125","2,103645833333333e-06","0,0783099722222222","1,3178915741898146e-06","0,09889","1,664236291666667e-06","0,0518570416666666","8,727107970486101e-07","0,12545","2,111218958333333e-06","0,0950131388888888","1,598991949884258e-06","0,125","2,103645833333333e-06","0,0783099722222222","1,3178915741898146e-06","0,125","2,5043402777777784e-08","1,5689185407021604e-08","2,103645833333334e-06","0,09889","1,981233680555556e-08","1,0389414250578694e-08","1,6642362916666672e-06","0,12545","2,5133559027777784e-08","1,9035618451003076e-08","2,111218958333334e-06","0,125","2,5043402777777784e-08","1,5689185407021604e-08","2,103645833333334e-06","483,51","8,137070375000002e-06","21,25","3,576197916666667e-07","866,89","1,4589036291666668e-05","9,68698854166667e-08","8,137070375000004e-06","4,257378472222224e-09","3,5761979166666684e-07","1,7367900347222228e-07","1,4589036291666672e-05"
"2024-09-12 21:46:50+02:00","rock-tobefilledbyoem","AMD Ryzen Threadripper 3970X 32-Core Processor","0","e2e","28","1.0","1.0665","0,5997","34,5","57.5","0","reduction","openblas","fp32","0","84","28","1.0665","60.585","56.8","57.5","3584000000","5.98","e2e","e2e","0","AMD Ryzen Threadripper 3970X 32-Core Processor","","","","0","0","","","37.6","0","OPENBLAS_NUM_THREADS=1; e2e_host_memcpy=1; e2e_bw=mixed","1.2321428571428572","3,422619047619048e-07","0.021417857142857145","0","0","0.0","","0.0","0.0","9,583333333333334e-06","DE","0,125","1,1979166666666667e-06","0,0783099722222222","7,504705671296295e-07","0,09889","9,476958333333334e-07","0,0518570416666666","4,969633159722216e-07","0,12545","1,2022291666666668e-06","0,0950131388888888","9,105425810185176e-07","0,125","1,1979166666666667e-06","0,0783099722222222","7,504705671296295e-07","0,125","4,27827380952381e-08","2,6802520254629626e-08","1,1979166666666667e-06","0,09889","3,3846279761904763e-08","1,7748689856150773e-08","9,476958333333334e-07","0,12545","4,2936755952380963e-08","3,251937789351849e-08","1,2022291666666668e-06","0,125","4,27827380952381e-08","2,6802520254629626e-08","1,1979166666666667e-06","483,51","4,6336375e-06","21,25","2,0364583333333335e-07","866,89","8,307695833333333e-06","1,6548705357142855e-07","4,633637499999999e-06","7,273065476190477e-09","2,0364583333333338e-07","2,967034226190476e-07","8,307695833333333e-06"
"2024-09-12 21:46:58+02:00","rock-tobefilledbyoem","AMD Ryzen Threadripper 3970X 32-Core Processor","0","kernel","56","1.0","1.0511","1,0511","59,647","56.7","0","reduction","openblas","fp32","0","56","17","1.0511","59.647","56.7","57.5","21504000000","20.46","kernel","kernel","0","AMD Ryzen Threadripper 3970X 32-Core Processor","","","","0","0","","","37.8","0","OPENBLAS_NUM_THREADS=1; e2e_host_memcpy=1; e2e_bw=mixed","1.0651249999999999","2,958680555555555e-07","0.018769642857142856","0","0","","","","","1,656861111111111e-05","DE","0,125","2,071076388888889e-06","0,0783099722222222","1,2974874758719131e-06","0,09889","1,638469952777778e-06","0,0518570416666666","8,591991567476841e-07","0,12545","2,078532263888889e-06","0,0950131388888888","1,5742357486959864e-06","0,125","2,071076388888889e-06","0,0783099722222222","1,2974874758719131e-06","0,125","3,6983506944444446e-08","2,3169419211998452e-08","2,0710763888888885e-06","0,09889","2,9258392013888887e-08","1,5342842084780073e-08","1,6384699527777778e-06","0,12545","3,7116647569444445e-08","2,8111352655285466e-08","2,078532263888889e-06","0,125","3,6983506944444446e-08","2,3169419211998452e-08","2,0710763888888885e-06","483,51","8,011089158333333e-06","21,25","3,520829861111111e-07","866,89","1,4363163286111111e-05","1,4305516354166665e-07","8,011089158333333e-06","6,287196180555555e-09","3,520829861111111e-07","2,564850586805555e-07","1,4363163286111108e-05"
"2024-09-12 21:46:58+02:00","rock-tobefilledbyoem","AMD Ryzen Threadripper 3970X 32-Core Processor","0","e2e","17","1.0","1.0511","0,5441","31,265","57.5","0","reduction","openblas","fp32","0","56","17","1.0511","59.647","56.7","57.5","3264000000","6.0","e2e","e2e","0","AMD Ryzen Threadripper 3970X 32-Core Processor","","","","0","0","","","37.8","0","OPENBLAS_NUM_THREADS=1; e2e_host_memcpy=1; e2e_bw=mixed","1.8391176470588235","5,108660130718954e-07","0.032005882352941176","0","0","0.0","","0.0","0.0","8,684722222222223e-06","DE","0,125","1,085590277777778e-06","0,0783099722222222","6,801003559799382e-07","0,09889","8,588321805555557e-07","0,0518570416666666","4,503640021412032e-07","0,12545","1,089498402777778e-06","0,0950131388888888","8,251627187114191e-07","0,125","1,085590277777778e-06","0,0783099722222222","6,801003559799382e-07","0,125","6,385825163398694e-08","4,0005903292937543e-08","1,085590277777778e-06","0,09889","5,0519540032679746e-08","2,6492000125953128e-08","8,588321805555556e-07","0,12545","6,408814133986929e-08","4,853898345361288e-08","1,089498402777778e-06","0,125","6,385825163398694e-08","4,0005903292937543e-08","1,085590277777778e-06","483,51","4,199150041666667e-06","21,25","1,8455034722222223e-07","866,89","7,528698847222223e-06","2,4700882598039216e-07","4,1991500416666665e-06","1,0855902777777778e-08","1,8455034722222223e-07","4,428646380718954e-07","7,528698847222222e-06"
"2024-09-12 21:47:06+02:00","rock-tobefilledbyoem","AMD Ryzen Threadripper 3970X 32-Core Processor","0","kernel","43","1.0","1.0678","1,0678","60,591","56.7","0","reduction","openblas","fp32","0","43","14","1.0678","60.591","56.7","57.4","22016000000","20.62","kernel","kernel","0","AMD Ryzen Threadripper 3970X 32-Core Processor","","","","0","0","","","37.8","0","OPENBLAS_NUM_THREADS=1; e2e_host_memcpy=1; e2e_bw=mixed","1.4090930232558139","3,914147286821705e-07","0.024832558139534885","0","0","","","","","1,6830833333333335e-05","DE","0,125","2,103854166666667e-06","0,0783099722222222","1,3180220908101851e-06","0,09889","1,6644011083333336e-06","0,0518570416666666","8,727972254513879e-07","0,12545","2,111428041666667e-06","0,0950131388888888","1,5991503051157396e-06","0,125","2,103854166666667e-06","0,0783099722222222","1,3180220908101851e-06","0,125","4,8926841085271314e-08","3,0651676530469416e-08","2,1038541666666664e-06","0,09889","3,870700251937984e-08","2,0297609894218322e-08","1,6644011083333332e-06","0,12545","4,910297771317829e-08","3,71895419794358e-08","2,1114280416666664e-06","0,125","4,8926841085271314e-08","3,0651676530469416e-08","2,1038541666666664e-06","483,51","8,137876225e-06","21,25","3,576552083333334e-07","866,89","1,4590481108333334e-05","1,8925293546511626e-07","8,137876225e-06","8,317562984496122e-09","3,5765520833333327e-07","3,3931351414728683e-07","1,4590481108333334e-05"
"2024-09-12 21:47:06+02:00","rock-tobefilledbyoem","AMD Ryzen Threadripper 3970X 32-Core Processor","0","e2e","14","1.0","1.0678","0,5958","34,196","57.4","0","reduction","openblas","fp32","0","43","14","1.0678","60.591","56.7","57.4","3584000000","6.02","e2e","e2e","0","AMD Ryzen Threadripper 3970X 32-Core Processor","","","","0","0","","","37.8","0","OPENBLAS_NUM_THREADS=1; e2e_host_memcpy=1; e2e_bw=mixed","2.4425714285714286","6,784920634920635e-07","0.042557142857142856","0","0","0.0","","0.0","0.0","9,498888888888888e-06","DE","0,125","1,187361111111111e-06","0,0783099722222222","7,438577250308639e-07","0,09889","9,39345122222222e-07","0,0518570416666666","4,925842768981474e-07","0,12545","1,191635611111111e-06","0,0950131388888888","9,025192492901224e-07","0,125","1,187361111111111e-06","0,0783099722222222","7,438577250308639e-07","0,125","8,481150793650795e-08","5,3132694645061725e-08","1,1873611111111112e-06","0,09889","6,709608015873017e-08","3,5184591207010543e-08","9,393451222222224e-07","0,12545","8,511682936507937e-08","6,44656606635802e-08","1,1916356111111113e-06","0,125","8,481150793650795e-08","5,3132694645061725e-08","1,1873611111111112e-06","483,51","4,592807766666666e-06","21,25","2,0185138888888885e-07","866,89","8,234491788888888e-06","3,280576976190476e-07","4,5928077666666665e-06","1,441795634920635e-08","2,018513888888889e-07","5,881779849206349e-07","8,234491788888888e-06"
"2024-09-12 21:47:15+02:00","rock-tobefilledbyoem","AMD Ryzen Threadripper 3970X 32-Core Processor","0","kernel","29","1.0","1.1074","1,1074","62,738","56.7","0","reduction","openblas","fp32","0","29","9","1.1074","62.738","56.7","57.4","22272000000","20.11","kernel","kernel","0","AMD Ryzen Threadripper 3970X 32-Core Processor","","","","0","0","","","37.8","0","OPENBLAS_NUM_THREADS=1; e2e_host_memcpy=1; e2e_bw=mixed","2.1633793103448276","6,009386973180076e-07","0.03818620689655172","0","0","","","","","1,7427222222222223e-05","DE","0,125","2,178402777777778e-06","0,0783099722222222","1,3647252881327155e-06","0,09889","1,7233780055555556e-06","0,0518570416666666","9,03724188912036e-07","0,12545","2,1862450277777777e-06","0,0950131388888888","1,6558150854475295e-06","0,125","2,178402777777778e-06","0,0783099722222222","1,3647252881327155e-06","0,125","7,511733716475095e-08","4,7059492694231575e-08","2,178402777777778e-06","0,09889","5,942682777777779e-08","3,1162903065932275e-08","1,7233780055555556e-06","0,12545","7,538775957854407e-08","5,7097071911983776e-08","2,1862450277777777e-06","0,125","7,511733716475095e-08","4,7059492694231575e-08","2,178402777777778e-06","483,51","8,426236216666667e-06","21,25","3,7032847222222224e-07","866,89","1,5107484672222222e-05","2,9055986954022986e-07","8,426236216666667e-06","1,2769947318007663e-08","3,7032847222222224e-07","5,209477473180077e-07","1,5107484672222222e-05"
"2024-09-12 21:47:15+02:00","rock-tobefilledbyoem","AMD Ryzen Threadripper 3970X 32-Core Processor","0","e2e","9","1.0","1.1074","0,5865","33,686","57.4","0","reduction","openblas","fp32","0","29","9","1.1074","62.738","56.7","57.4","3456000000","5.89","e2e","e2e","0","AMD Ryzen Threadripper 3970X 32-Core Processor","","","","0","0","","","37.8","0","OPENBLAS_NUM_THREADS=1; e2e_host_memcpy=1; e2e_bw=mixed","3.742888888888889","1,0396913580246914e-06","0.06516666666666666","0","0","0.0","","0.0","0.0","9,357222222222222e-06","DE","0,125","1,1696527777777775e-06","0,0783099722222222","7,327638122993825e-07","0,09889","9,253357055555556e-07","0,0518570416666666","4,852378626620364e-07","0,12545","1,173863527777778e-06","0,0950131388888888","8,890590546141967e-07","0,125","1,1696527777777775e-06","0,0783099722222222","7,327638122993825e-07","0,125","1,2996141975308642e-07","8,141820136659808e-08","1,1696527777777775e-06","0,09889","1,0281507839506175e-07","5,3915318073559616e-08","9,253357055555556e-07","0,12545","1,3042928086419753e-07","9,878433940157745e-08","1,173863527777778e-06","0,125","1,2996141975308642e-07","8,141820136659808e-08","1,1696527777777775e-06","483,51","4,524310516666666e-06","21,25","1,988409722222222e-07","866,89","8,111682372222221e-06","5,027011685185185e-07","4,524310516666666e-06","2,2093441358024693e-08","1,9884097222222225e-07","9,012980413580247e-07","8,111682372222221e-06"
"2024-09-12 21:47:24+02:00","rock-tobefilledbyoem","AMD Ryzen Threadripper 3970X 32-Core Processor","0","kernel","22","1.0","1.0807","1,0807","61,286","56.7","0","reduction","openblas","fp32","0","22","8","1.0807","61.286","56.7","57.4","22528000000","20.84","kernel","kernel","0","AMD Ryzen Threadripper 3970X 32-Core Processor","","","","0","0","","","37.8","0","OPENBLAS_NUM_THREADS=1; e2e_host_memcpy=1; e2e_bw=mixed","2.785727272727273","7,738131313131313e-07","0.04912272727272727","0","0","","","","","1,702388888888889e-05","DE","0,125","2,127986111111111e-06","0,0783099722222222","1,333140266003086e-06","0,09889","1,6834923722222224e-06","0,0518570416666666","8,828085154398137e-07","0,12545","2,1356468611111112e-06","0,0950131388888888","1,617493119429011e-06","0,125","2,127986111111111e-06","0,0783099722222222","1,333140266003086e-06","0,125","9,672664141414143e-08","6,05972848183221e-08","2,127986111111111e-06","0,09889","7,652238055555556e-08","4,0127659792718807e-08","1,6834923722222224e-06","0,12545","9,707485732323235e-08","7,35224145195005e-08","2,1356468611111112e-06","0,125","9,672664141414143e-08","6,05972848183221e-08","2,127986111111111e-06","483,51","8,231220516666667e-06","21,25","3,617576388888889e-07","866,89","1,4757839038888888e-05","3,7414638712121213e-07","8,231220516666667e-06","1,644352904040404e-08","3,617576388888889e-07","6,708108654040404e-07","1,4757839038888888e-05"
"2024-09-12 21:47:24+02:00","rock-tobefilledbyoem","AMD Ryzen Threadripper 3970X 32-Core Processor","0","e2e","8","1.0","1.0807","0,6785","38,932","57.4","0","reduction","openblas","fp32","0","22","8","1.0807","61.286","56.7","57.4","4096000000","6.04","e2e","e2e","0","AMD Ryzen Threadripper 3970X 32-Core Processor","","","","0","0","","","37.8","0","OPENBLAS_NUM_THREADS=1; e2e_host_memcpy=1; e2e_bw=mixed","4.8665","1,3518055555555556e-06","0.0848125","0","0","0.0","","0.0","0.0","1,0814444444444443e-05","DE","0,125","1,3518055555555556e-06","0,0783099722222222","8,468788440432097e-07","0,09889","1,0694404111111113e-06","0,0518570416666666","5,608050961574067e-07","0,12545","1,3566720555555556e-06","0,0950131388888888","1,027514312006172e-06","0,125","1,3518055555555556e-06","0,0783099722222222","8,468788440432097e-07","0,125","1,6897569444444445e-07","1,0585985550540121e-07","1,3518055555555556e-06","0,09889","1,336800513888889e-07","7,010063701967584e-08","1,0694404111111113e-06","0,12545","1,6958400694444445e-07","1,284392890007715e-07","1,3566720555555556e-06","0,125","1,6897569444444445e-07","1,0585985550540121e-07","1,3518055555555556e-06","483,51","5,228892033333332e-06","21,25","2,2980694444444443e-07","866,89","9,374933744444444e-06","6,536115041666666e-07","5,228892033333333e-06","2,8725868055555557e-08","2,2980694444444446e-07","1,1718667180555558e-06","9,374933744444446e-06"
"2024-09-12 21:47:34+02:00","rock-tobefilledbyoem","AMD Ryzen Threadripper 3970X 32-Core Processor","0","kernel","18","1.0","1.1017","1,1017","62,466","56.7","0","reduction","openblas","fp32","0","18","7","1.1017","62.466","56.7","57.4","23040000000","20.91","kernel","kernel","0","AMD Ryzen Threadripper 3970X 32-Core Processor","","","","0","0","","","37.8","0","OPENBLAS_NUM_THREADS=1; e2e_host_memcpy=1; e2e_bw=mixed","3.4703333333333335","9,639814814814815e-07","0.06120555555555555","0","0","","","","","1,735166666666667e-05","DE","0,125","2,1689583333333336e-06","0,0783099722222222","1,3588085346759258e-06","0,09889","1,715906316666667e-06","0,0518570416666666","8,998061013194435e-07","0,12545","2,176766583333334e-06","0,0950131388888888","1,6486363149537026e-06","0,125","2,1689583333333336e-06","0,0783099722222222","1,3588085346759258e-06","0,125","1,204976851851852e-07","7,548936303755143e-08","2,1689583333333336e-06","0,09889","9,532812870370373e-08","4,998922785108019e-08","1,7159063166666668e-06","0,12545","1,209314768518519e-07","9,15909063863168e-08","2,176766583333334e-06","0,125","1,204976851851852e-07","7,548936303755143e-08","2,1689583333333336e-06","483,51","8,38970435e-06","21,25","3,6872291666666673e-07","866,89","1,5041986316666668e-05","4,6609468611111115e-07","8,38970435e-06","2,0484606481481484e-08","3,6872291666666673e-07","8,356659064814816e-07","1,5041986316666668e-05"
"2024-09-12 21:47:34+02:00","rock-tobefilledbyoem","AMD Ryzen Threadripper 3970X 32-Core Processor","0","e2e","7","1.0","1.1017","0,7414","42,541","57.4","0","reduction","openblas","fp32","0","18","7","1.1017","62.466","56.7","57.4","4480000000","6.04","e2e","e2e","0","AMD Ryzen Threadripper 3970X 32-Core Processor","","","","0","0","","","37.8","0","OPENBLAS_NUM_THREADS=1; e2e_host_memcpy=1; e2e_bw=mixed","6.077285714285714","1,6881349206349205e-06","0.10591428571428571","0","0","0.0","","0.0","0.0","1,1816944444444444e-05","DE","0,125","1,4771180555555555e-06","0,0783099722222222","9,253845911959874e-07","0,09889","1,1685776361111111e-06","0,0518570416666666","6,1279178042824e-07","0,12545","1,4824356805555556e-06","0,0950131388888888","1,122764983742283e-06","0,125","1,4771180555555555e-06","0,0783099722222222","9,253845911959874e-07","0,125","2,1101686507936506e-07","1,3219779874228394e-07","1,4771180555555551e-06","0,09889","1,669396623015873e-07","8,754168291832e-08","1,1685776361111111e-06","0,12545","2,117765257936508e-07","1,60394997677469e-07","1,4824356805555556e-06","0,125","2,1101686507936506e-07","1,3219779874228394e-07","1,4771180555555551e-06","483,51","5,713610808333334e-06","21,25","2,511100694444444e-07","866,89","1,0243990969444444e-05","8,162301154761904e-07","5,713610808333333e-06","3,587286706349206e-08","2,5111006944444445e-07","1,463427281349206e-06","1,0243990969444443e-05"
"2024-09-12 21:47:44+02:00","rock-tobefilledbyoem","AMD Ryzen Threadripper 3970X 32-Core Processor","0","kernel","15","1.0","1.0991","1,0991","62,263","56.7","0","reduction","openblas","fp32","0","15","6","1.0991","62.263","56.7","57.3","23040000000","20.96","kernel","kernel","0","AMD Ryzen Threadripper 3970X 32-Core Processor","","","","0","0","","","37.6","0","OPENBLAS_NUM_THREADS=1; e2e_host_memcpy=1; e2e_bw=mixed","4.1508666666666665","1,1530185185185185e-06","0.07327333333333333","0","0","","","","","1,7295277777777776e-05","DE","0,125","2,161909722222222e-06","0,0783099722222222","1,3543927223533946e-06","0,09889","1,7103300194444444e-06","0,0518570416666666","8,968819403587951e-07","0,12545","2,169692597222222e-06","0,0950131388888888","1,643278629621912e-06","0,125","2,161909722222222e-06","0,0783099722222222","1,3543927223533946e-06","0,125","1,441273148148148e-07","9,029284815689299e-08","2,161909722222222e-06","0,09889","1,140220012962963e-07","5,979212935725301e-08","1,7103300194444444e-06","0,12545","1,4464617314814818e-07","1,095519086414608e-07","2,1696925972222224e-06","0,125","1,441273148148148e-07","9,029284815689299e-08","2,161909722222222e-06","483,51","8,362439758333332e-06","21,25","3,675246527777777e-07","866,89","1,4993103352777776e-05","5,574959838888889e-07","8,362439758333332e-06","2,4501643518518516e-08","3,6752465277777777e-07","9,995402235185184e-07","1,4993103352777776e-05"
"2024-09-12 21:47:44+02:00","rock-tobefilledbyoem","AMD Ryzen Threadripper 3970X 32-Core Processor","0","e2e","6","1.0","1.0991","0,7619","43,694","57.3","0","reduction","openblas","fp32","0","15","6","1.0991","62.263","56.7","57.3","4608000000","6.05","e2e","e2e","0","AMD Ryzen Threadripper 3970X 32-Core Processor","","","","0","0","","","37.6","0","OPENBLAS_NUM_THREADS=1; e2e_host_memcpy=1; e2e_bw=mixed","7.282333333333334","2,0228703703703707e-06","0.12698333333333334","0","0","0.0","","0.0","0.0","1,2137222222222222e-05","DE","0,125","1,5171527777777778e-06","0,0783099722222222","9,504655350771604e-07","0,09889","1,2002499055555556e-06","0,0518570416666666","6,294004384953696e-07","0,12545","1,522614527777778e-06","0,0950131388888888","1,1531955807253076e-06","0,125","1,5171527777777778e-06","0,0783099722222222","9,504655350771604e-07","0,125","2,528587962962964e-07","1,5841092251286006e-07","1,517152777777778e-06","0,09889","2,00041650925926e-07","1,0490007308256163e-07","1,2002499055555558e-06","0,12545","2,53769087962963e-07","1,9219926345421802e-07","1,5226145277777782e-06","0,125","2,528587962962964e-07","1,5841092251286006e-07","1,517152777777778e-06","483,51","5,868468316666667e-06","21,25","2,5791597222222224e-07","866,89","1,0521636572222221e-05","9,780780527777778e-07","5,868468316666667e-06","4,298599537037038e-08","2,579159722222223e-07","1,7536060953703707e-06","1,0521636572222224e-05"
"2024-09-12 21:47:53+02:00","rock-tobefilledbyoem","AMD Ryzen Threadripper 3970X 32-Core Processor","0","kernel","11","1.0","1.0712","1,0712","60,746","56.7","0","reduction","openblas","fp32","0","11","4","1.0712","60.746","56.7","57.3","22528000000","21.03","kernel","kernel","0","AMD Ryzen Threadripper 3970X 32-Core Processor","","","","0","0","","","37.8","0","OPENBLAS_NUM_THREADS=1; e2e_host_memcpy=1; e2e_bw=mixed","5.522363636363637","1,533989898989899e-06","0.09738181818181818","0","0","","","","","1,687388888888889e-05","DE","0,125","2,109236111111111e-06","0,0783099722222222","1,3213937701697528e-06","0,09889","1,6686588722222224e-06","0,0518570416666666","8,750299591898138e-07","0,12545","2,116829361111111e-06","0,0950131388888888","1,6032411485956775e-06","0,125","2,109236111111111e-06","0,0783099722222222","1,3213937701697528e-06","0,125","1,9174873737373738e-07","1,2012670637906844e-07","2,109236111111111e-06","0,09889","1,5169626111111117e-07","7,954817810816489e-08","1,6686588722222226e-06","0,12545","1,9243903282828284e-07","1,457491953268798e-07","2,116829361111111e-06","0,125","1,9174873737373738e-07","1,2012670637906844e-07","2,109236111111111e-06","483,51","8,158694016666668e-06","21,25","3,585701388888889e-07","866,89","1,462780553888889e-05","7,416994560606061e-07","8,158694016666668e-06","3,259728535353536e-08","3,5857013888888896e-07","1,3298005035353536e-06","1,462780553888889e-05"
"2024-09-12 21:47:53+02:00","rock-tobefilledbyoem","AMD Ryzen Threadripper 3970X 32-Core Processor","0","e2e","4","1.0","1.0712","0,6765","38,761","57.3","0","reduction","openblas","fp32","0","11","4","1.0712","60.746","56.7","57.3","4096000000","6.05","e2e","e2e","0","AMD Ryzen Threadripper 3970X 32-Core Processor","","","","0","0","","","37.8","0","OPENBLAS_NUM_THREADS=1; e2e_host_memcpy=1; e2e_bw=mixed","9.69025","2,6917361111111115e-06","0.169125","0","0","0.0","","0.0","0.0","1,0766944444444446e-05","DE","0,125","1,3458680555555555e-06","0,0783099722222222","8,431591203626543e-07","0,09889","1,0647431361111114e-06","0,0518570416666666","5,583418866782402e-07","0,12545","1,3507131805555558e-06","0,0950131388888888","1,02300118790895e-06","0,125","1,3458680555555555e-06","0,0783099722222222","8,431591203626543e-07","0,125","3,3646701388888893e-07","2,1078978009066362e-07","1,3458680555555555e-06","0,09889","2,6618578402777785e-07","1,3958547166956004e-07","1,0647431361111114e-06","0,12545","3,3767829513888894e-07","2,557502969772375e-07","1,3507131805555558e-06","0,125","3,3646701388888893e-07","2,1078978009066362e-07","1,3458680555555555e-06","483,51","5,205925308333334e-06","21,25","2,2879756944444447e-07","866,89","9,333756469444445e-06","1,3014813270833335e-06","5,205925308333334e-06","5,719939236111112e-08","2,2879756944444447e-07","2,333439117361111e-06","9,333756469444445e-06"
"2024-09-12 21:48:04+02:00","rock-tobefilledbyoem","AMD Ryzen Threadripper 3970X 32-Core Processor","0","kernel","8","1.0","1.1701","1,1701","66,261","56.6","0","reduction","openblas","fp32","0","8","3","1.1701","66.261","56.6","57.3","24576000000","21.0","kernel","kernel","0","AMD Ryzen Threadripper 3970X 32-Core Processor","","","","0","0","","","37.8","0","OPENBLAS_NUM_THREADS=1; e2e_host_memcpy=1; e2e_bw=mixed","8.282625","2,3007291666666666e-06","0.1462625","0","0","","","","","1,8405833333333333e-05","DE","0,125","2,3007291666666666e-06","0,0783099722222222","1,4413602970601848e-06","0,09889","1,8201528583333331e-06","0,0518570416666666","9,544720660763878e-07","0,12545","2,3090117916666665e-06","0,0950131388888888","1,7487959988657392e-06","0,125","2,3007291666666666e-06","0,0783099722222222","1,4413602970601848e-06","0,125","2,875911458333333e-07","1,801700371325231e-07","2,3007291666666666e-06","0,09889","2,275191072916667e-07","1,193090082595485e-07","1,8201528583333331e-06","0,12545","2,886264739583333e-07","2,185994998582174e-07","2,3090117916666665e-06","0,125","2,875911458333333e-07","1,801700371325231e-07","2,3007291666666666e-06","483,51","8,899404475e-06","21,25","3,9112395833333333e-07","866,89","1,595583285833333e-05","1,112425559375e-06","8,899404475e-06","4,889049479166667e-08","3,9112395833333333e-07","1,9944791072916663e-06","1,595583285833333e-05"
"2024-09-12 21:48:04+02:00","rock-tobefilledbyoem","AMD Ryzen Threadripper 3970X 32-Core Processor","0","e2e","3","1.0","1.1701","0,7611","43,638","57.3","0","reduction","openblas","fp32","0","8","3","1.1701","66.261","56.6","57.3","4608000000","6.05","e2e","e2e","0","AMD Ryzen Threadripper 3970X 32-Core Processor","","","","0","0","","","37.8","0","OPENBLAS_NUM_THREADS=1; e2e_host_memcpy=1; e2e_bw=mixed","14.546","4,040555555555555e-06","0.2537","0","0","0.0","","0.0","0.0","1,2121666666666666e-05","DE","0,125","1,5152083333333333e-06","0,0783099722222222","9,492473799537036e-07","0,09889","1,1987116166666669e-06","0,0518570416666666","6,285937734027769e-07","0,12545","1,5206630833333334e-06","0,0950131388888888","1,151717598564814e-06","0,125","1,5152083333333333e-06","0,0783099722222222","9,492473799537036e-07","0,125","5,050694444444444e-07","3,164157933179011e-07","1,5152083333333333e-06","0,09889","3,995705388888889e-07","2,0953125780092567e-07","1,1987116166666669e-06","0,12545","5,068876944444444e-07","3,839058661882712e-07","1,5206630833333334e-06","0,125","5,050694444444444e-07","3,164157933179011e-07","1,5152083333333333e-06","483,51","5,8609470499999994e-06","21,25","2,5758541666666666e-07","866,89","1,0508151616666665e-05","1,9536490166666663e-06","5,8609470499999994e-06","8,586180555555554e-08","2,575854166666666e-07","3,502717205555555e-06","1,0508151616666665e-05"
"2024-09-12 21:48:30+02:00","rock-tobefilledbyoem","AMD Ryzen Threadripper 3970X 32-Core Processor","0","kernel","5554","1.0","0.4876","0,4876","27,36","56.1","1","reduction","openblas","fp32","0","5554","480","0.4876","27.36","56.1","55.2","44432000000","91.13","kernel","kernel","0","AMD Ryzen Threadripper 3970X 32-Core Processor","","","","0","0","","","39.5","0","OPENBLAS_NUM_THREADS=1; e2e_host_memcpy=1; e2e_bw=mixed","0.004926179330212459","1,3683831472812382e-09","8.779258192293841e-05","0","0","","","","","7,6e-06","DE","0,125","9,5e-07","0,0783099722222222","5,951557888888887e-07","0,09889","7,515640000000001e-07","0,0518570416666666","3,941135166666662e-07","0,12545","9,5342e-07","0,0950131388888888","7,22099855555555e-07","0,125","9,5e-07","0,0783099722222222","5,951557888888887e-07","0,125","1,7104789341015478e-10","1,0715804625295078e-10","9,499999999999998e-07","0,09889","1,3531940943464168e-10","7,096030188452755e-11","7,515639999999999e-07","0,12545","1,7166366582643136e-10","1,300143780258471e-10","9,534199999999998e-07","0,125","1,7104789341015478e-10","1,0715804625295078e-10","9,499999999999998e-07","483,51","3,674676e-06","21,25","1,6149999999999998e-07","866,89","6,588364e-06","6,616269355419515e-10","3,6746759999999986e-06","2,9078141879726312e-11","1,6149999999999993e-07","1,1862376665466326e-09","6,588363999999998e-06"
"2024-09-12 21:48:30+02:00","rock-tobefilledbyoem","AMD Ryzen Threadripper 3970X 32-Core Processor","0","e2e","480","1.0","0.4876","0,101","5,578","55.2","1","reduction","openblas","fp32","0","5554","480","0.4876","27.36","56.1","55.2","1920000000","19.0","e2e","e2e","0","AMD Ryzen Threadripper 3970X 32-Core Processor","","","","0","0","","","39.5","0","OPENBLAS_NUM_THREADS=1; e2e_host_memcpy=1; e2e_bw=mixed","0.011620833333333334","3,2280092592592593e-09","0.00021041666666666667","0","0","0.0","","0.0","0.0","1,5494444444444446e-06","DE","0,125","1,9368055555555562e-07","0,0783099722222222","1,2133695140432096e-07","0,09889","1,5322456111111113e-07","0,0518570416666666","8,034960511574064e-08","0,12545","1,9437780555555562e-07","0,0950131388888888","1,4721758020061716e-07","0,125","1,9368055555555562e-07","0,0783099722222222","1,2133695140432096e-07","0,125","4,0350115740740736e-10","2,5278531542566867e-10","1,9368055555555557e-07","0,09889","3,1921783564814816e-10","1,67395010657793e-10","1,532245611111111e-07","0,12545","4,0495376157407407e-10","3,067032920846191e-10","1,9437780555555557e-07","0,125","4,0350115740740736e-10","2,5278531542566867e-10","1,9368055555555557e-07","483,51","7,491718833333333e-07","21,25","3,292569444444445e-08","866,89","1,3431978944444444e-06","1,5607747569444443e-09","7,491718833333332e-07","6,859519675925926e-11","3,292569444444444e-08","2,7983289467592593e-09","1,3431978944444444e-06"
"2024-09-12 21:48:34+02:00","rock-tobefilledbyoem","AMD Ryzen Threadripper 3970X 32-Core Processor","0","kernel","2871","1.0","0.4696","0,4696","25,669","54.7","1","reduction","openblas","fp32","0","2871","630","0.4696","25.669","54.7","54.8","34452000000","73.37","kernel","kernel","0","AMD Ryzen Threadripper 3970X 32-Core Processor","","","","0","0","","","38.4","0","OPENBLAS_NUM_THREADS=1; e2e_host_memcpy=1; e2e_bw=mixed","0.008940787182166492","2,4835519950462477e-09","0.00016356670149773598","0","0","","","","","7,130277777777778e-06","DE","0,125","8,912847222222223e-07","0,0783099722222222","5,583718547145061e-07","0,09889","7,051131694444445e-07","0,0518570416666666","3,697551118171292e-07","0,12545","8,944933472222224e-07","0,0950131388888888","6,774700728163575e-07","0,125","8,912847222222223e-07","0,0783099722222222","5,583718547145061e-07","0,125","3,1044399938078097e-10","1,9448688774451617e-10","8,912847222222222e-07","0,09889","2,4559845679012344e-10","1,2878965928844622e-10","7,051131694444444e-07","0,12545","3,1156159777855177e-10","2,35970070643106e-10","8,944933472222221e-07","0,125","3,1044399938078097e-10","1,9448688774451617e-10","8,912847222222222e-07","483,51","3,4475606083333334e-06","21,25","1,5151840277777778e-07","866,89","6,181166502777778e-06","1,2008222251248113e-09","3,4475606083333334e-06","5,277547989473277e-11","1,5151840277777778e-07","2,1529663889856418e-09","6,181166502777778e-06"
"2024-09-12 21:48:34+02:00","rock-tobefilledbyoem","AMD Ryzen Threadripper 3970X 32-Core Processor","0","e2e","630","1.0","0.4696","0,3977","21,81","54.8","1","reduction","openblas","fp32","0","2871","630","0.4696","25.669","54.7","54.8","3780000000","9.5","e2e","e2e","0","AMD Ryzen Threadripper 3970X 32-Core Processor","","","","0","0","","","38.4","0","OPENBLAS_NUM_THREADS=1; e2e_host_memcpy=1; e2e_bw=mixed","0.03461904761904762","9,616402116402115e-09","0.0006312698412698413","0","0","0.0","","0.0","0.0","6,058333333333333e-06","DE","0,125","7,572916666666666e-07","0,0783099722222222","4,744279150462961e-07","0,09889","5,991085833333333e-07","0,0518570416666666","3,141672440972219e-07","0,12545","7,600179166666666e-07","0,0950131388888888","5,756212664351847e-07","0,125","7,572916666666666e-07","0,0783099722222222","4,744279150462961e-07","0,125","1,2020502645502642e-09","7,530601826131685e-10","7,572916666666666e-07","0,09889","9,509660052910052e-10","4,986781652336853e-10","5,991085833333333e-07","0,12545","1,2063776455026455e-09","9,136845498971183e-10","7,600179166666666e-07","0,125","1,2020502645502642e-09","7,530601826131685e-10","7,572916666666666e-07","483,51","2,9292647499999995e-06","21,25","1,2873958333333332e-07","866,89","5,251908583333333e-06","4,649626587301587e-09","2,92926475e-06","2,0434854497354496e-10","1,2873958333333332e-07","8,33636283068783e-09","5,251908583333334e-06"
"2024-09-12 21:48:41+02:00","rock-tobefilledbyoem","AMD Ryzen Threadripper 3970X 32-Core Processor","0","kernel","2418","1.0","0.9427","0,9427","51,855","55.0","1","reduction","openblas","fp32","0","2418","458","0.9427","51.855","55.0","55.7","38688000000","41.04","kernel","kernel","0","AMD Ryzen Threadripper 3970X 32-Core Processor","","","","0","0","","","37.4","0","OPENBLAS_NUM_THREADS=1; e2e_host_memcpy=1; e2e_bw=mixed","0.021445409429280395","5,957058174800109e-09","0.00038986765922249795","0","0","","","","","1,4404166666666663e-05","DE","0,125","1,8005208333333331e-06","0,0783099722222222","1,1279898915509256e-06","0,09889","1,4244280416666666e-06","0,0518570416666666","7,469574710069434e-07","0,12545","1,8070027083333328e-06","0,0950131388888888","1,3685850880787023e-06","0,125","1,8005208333333331e-06","0,0783099722222222","1,1279898915509256e-06","0,125","7,446322718500137e-10","4,664970601947583e-10","1,8005208333333331e-06","0,09889","5,890934829059829e-10","3,0891541398136616e-10","1,4244280416666666e-06","0,12545","7,473129480286736e-10","5,659987957314731e-10","1,807002708333333e-06","0,125","7,446322718500137e-10","4,664970601947583e-10","1,8005208333333331e-06","483,51","6,964558624999998e-06","21,25","3,060885416666666e-07","866,89","1,2486828041666664e-05","2,880297198097601e-09","6,964558624999999e-06","1,2658748621450231e-10","3,060885416666666e-07","5,164114161152467e-09","1,2486828041666664e-05"
"2024-09-12 21:48:41+02:00","rock-tobefilledbyoem","AMD Ryzen Threadripper 3970X 32-Core Processor","0","e2e","458","1.0","0.9427","0,5477","30,505","55.7","1","reduction","openblas","fp32","0","2418","458","0.9427","51.855","55.0","55.7","3664000000","6.69","e2e","e2e","0","AMD Ryzen Threadripper 3970X 32-Core Processor","","","","0","0","","","37.4","0","OPENBLAS_NUM_THREADS=1; e2e_host_memcpy=1; e2e_bw=mixed","0.06660480349344979","1,850133430373605e-08","0.0011958515283842794","0","0","0.0","","0.0","0.0","8,47361111111111e-06","DE","0,125","1,0592013888888888e-06","0,0783099722222222","6,635682507330244e-07","0,09889","8,379554027777777e-07","0,0518570416666666","4,3941640445601806e-07","0,12545","1,063014513888889e-06","0,0950131388888888","8,051043893904313e-07","0,125","1,0592013888888888e-06","0,0783099722222222","6,635682507330244e-07","0,125","2,3126667879670064e-09","1,448838975399617e-09","1,059201388888889e-06","0,09889","1,829596949296458e-09","9,594244638777683e-10","8,379554027777778e-07","0,12545","2,3209923884036878e-09","1,757869845830636e-09","1,063014513888889e-06","0,125","2,3126667879670064e-09","1,448838975399617e-09","1,059201388888889e-06","483,51","4,0970757083333326e-06","21,25","1,8006423611111108e-07","866,89","7,34568873611111e-06","8,945580149199417e-09","4,097075708333333e-06","3,9315335395439106e-10","1,800642361111111e-07","1,6038621694565747e-08","7,345688736111112e-06"
"2024-09-12 21:48:49+02:00","rock-tobefilledbyoem","AMD Ryzen Threadripper 3970X 32-Core Processor","0","kernel","982","1.0","1.0096","1,0096","56,702","56.2","0","reduction","openblas","fp32","0","982","264","1.0096","56.702","56.2","56.6","23568000000","23.34","kernel","kernel","0","AMD Ryzen Threadripper 3970X 32-Core Processor","","","","0","0","","","37.0","0","OPENBLAS_NUM_THREADS=1; e2e_host_memcpy=1; e2e_bw=mixed","0.057741344195519344","1,6039262276533152e-08","0.0010281059063136457","0","0","","","","","1,5750555555555556e-05","DE","0,125","1,9688194444444445e-06","0,0783099722222222","1,2334255680401232e-06","0,09889","1,557572438888889e-06","0,0518570416666666","8,167772157175916e-07","0,12545","1,9759071944444446e-06","0,0950131388888888","1,4965097225771592e-06","0,125","1,9688194444444445e-06","0,0783099722222222","1,2334255680401232e-06","0,125","2,004907784566644e-09","1,2560341833402474e-09","1,9688194444444445e-06","0,09889","1,5861226465263635e-09","8,317486921767736e-10","1,557572438888889e-06","0,12545","2,012125452591084e-09","1,523940654355559e-09","1,9759071944444446e-06","0,125","2,004907784566644e-09","1,2560341833402474e-09","1,9688194444444445e-06","483,51","7,615551116666666e-06","21,25","3,346993055555556e-07","866,89","1,3653999105555556e-05","7,755143703326545e-09","7,615551116666667e-06","3,4083432337632943e-10","3,346993055555555e-07","1,3904276074903824e-08","1,3653999105555554e-05"
"2024-09-12 21:48:49+02:00","rock-tobefilledbyoem","AMD Ryzen Threadripper 3970X 32-Core Processor","0","e2e","264","1.0","1.0096","0,5914","33,455","56.6","0","reduction","openblas","fp32","0","982","264","1.0096","56.702","56.2","56.6","3168000000","5.36","e2e","e2e","0","AMD Ryzen Threadripper 3970X 32-Core Processor","","","","0","0","","","37.0","0","OPENBLAS_NUM_THREADS=1; e2e_host_memcpy=1; e2e_bw=mixed","0.12672348484848484","3,520096801346801e-08","0.0022401515151515153","0","0","0.0","","0.0","0.0","9,293055555555555e-06","DE","0,125","1,1616319444444444e-06","0,0783099722222222","7,277389224151233e-07","0,09889","9,189902638888888e-07","0,0518570416666666","4,81910369155092e-07","0,12545","1,1658138194444445e-06","0,0950131388888888","8,829623782021597e-07","0,125","1,1616319444444444e-06","0,0783099722222222","7,277389224151233e-07","0,125","4,400121001683501e-09","2,756586827330012e-09","1,1616319444444444e-06","0,09889","3,4810237268518522e-09","1,825418064981409e-09","9,189902638888888e-07","0,12545","4,415961437289562e-09","3,3445544628869683e-09","1,1658138194444445e-06","0,125","4,400121001683501e-09","2,756586827330012e-09","1,1616319444444444e-06","483,51","4,4932852916666665e-06","21,25","1,9747743055555556e-07","866,89","8,056056930555555e-06","1,702002004419192e-08","4,4932852916666665e-06","7,480205702861952e-10","1,9747743055555553e-07","3,051536716119529e-08","8,056056930555556e-06"
"2024-09-12 21:48:58+02:00","rock-tobefilledbyoem","AMD Ryzen Threadripper 3970X 32-Core Processor","0","kernel","678","1.0","1.0388","1,0388","58,788","56.6","0","reduction","openblas","fp32","0","678","227","1.0388","58.788","56.6","57.6","21696000000","20.89","kernel","kernel","0","AMD Ryzen Threadripper 3970X 32-Core Processor","","","","0","0","","","37.0","0","OPENBLAS_NUM_THREADS=1; e2e_host_memcpy=1; e2e_bw=mixed","0.08670796460176991","2,4085545722713864e-08","0.0015321533923303833","0","0","","","","","1,6329999999999998e-05","DE","0,125","2,04125e-06","0,0783099722222222","1,2788018463888884e-06","0,09889","1,6148737e-06","0,0518570416666666","8,468254904166655e-07","0,12545","2,0485985e-06","0,0950131388888888","1,551564558055554e-06","0,125","2,04125e-06","0,0783099722222222","1,2788018463888884e-06","0,125","3,010693215339233e-09","1,8861384165027853e-09","2,04125e-06","0,09889","2,3818196165191743e-09","1,2490051481071764e-09","1,6148737e-06","0,12545","3,021531710914454e-09","2,288443300966894e-09","2,0485985e-06","0,125","3,010693215339233e-09","1,8861384165027853e-09","2,04125e-06","483,51","7,895718299999999e-06","21,25","3,4701249999999995e-07","866,89","1,4156313699999997e-05","1,1645602212389382e-08","7,8957183e-06","5,118178466076697e-10","3,4701250000000005e-07","2,087951873156342e-08","1,41563137e-05"
"2024-09-12 21:48:58+02:00","rock-tobefilledbyoem","AMD Ryzen Threadripper 3970X 32-Core Processor","0","e2e","227","1.0","1.0388","0,6034","34,743","57.6","0","reduction","openblas","fp32","0","678","227","1.0388","58.788","56.6","57.6","3632000000","6.02","e2e","e2e","0","AMD Ryzen Threadripper 3970X 32-Core Processor","","","","0","0","","","37.0","0","OPENBLAS_NUM_THREADS=1; e2e_host_memcpy=1; e2e_bw=mixed","0.15305286343612337","4,251468428781205e-08","0.002658149779735683","0","0","0.0","","0.0","0.0","9,650833333333334e-06","DE","0,125","1,2063541666666668e-06","0,0783099722222222","7,557564902546295e-07","0,09889","9,543709083333336e-07","0,0518570416666666","5,004636662847217e-07","0,12545","1,2106970416666669e-06","0,0950131388888888","9,169559678935178e-07","0,125","1,2063541666666668e-06","0,0783099722222222","7,557564902546295e-07","0,125","5,314335535976507e-09","3,3293237456151083e-09","1,206354166666667e-06","0,09889","4,204277129221734e-09","2,2046857545582462e-09","9,543709083333336e-07","0,12545","5,333467143906022e-09","4,039453603055146e-09","1,210697041666667e-06","0,125","5,314335535976507e-09","3,3293237456151083e-09","1,206354166666667e-06","483,51","4,666274425e-06","21,25","2,0508020833333335e-07","866,89","8,366210908333335e-06","2,0556275000000004e-08","4,666274425000001e-06","9,03437041116006e-10","2,0508020833333337e-07","3,6855554662261385e-08","8,366210908333334e-06"
"2024-09-12 21:49:06+02:00","rock-tobefilledbyoem","AMD Ryzen Threadripper 3970X 32-Core Processor","0","kernel","456","1.0","1.0619","1,0619","60,157","56.6","0","reduction","openblas","fp32","0","456","131","1.0619","60.157","56.6","57.4","21888000000","20.61","kernel","kernel","0","AMD Ryzen Threadripper 3970X 32-Core Processor","","","","0","0","","","37.2","0","OPENBLAS_NUM_THREADS=1; e2e_host_memcpy=1; e2e_bw=mixed","0.13192324561403507","3,664534600389864e-08","0.0023287280701754388","0","0","","","","","1,6710277777777777e-05","DE","0,125","2,088784722222222e-06","0,0783099722222222","1,3085813886033948e-06","0,09889","1,6524793694444444e-06","0,0518570416666666","8,665455709837952e-07","0,12545","2,0963043472222224e-06","0,0950131388888888","1,587695943371912e-06","0,125","2,088784722222222e-06","0,0783099722222222","1,3085813886033948e-06","0,125","4,580668250487329e-09","2,8696960276390235e-09","2,088784722222222e-06","0,09889","3,623858266325536e-09","1,9003192346135862e-09","1,6524793694444444e-06","0,12545","4,5971586561890835e-09","3,481789349499807e-09","2,096304347222222e-06","0,125","4,580668250487329e-09","2,8696960276390235e-09","2,088784722222222e-06","483,51","8,079586408333332e-06","21,25","3,550934027777778e-07","866,89","1,4485972702777776e-05","1,771839124634503e-08","8,079586408333333e-06","7,78713602582846e-10","3,550934027777778e-07","3,176748399731969e-08","1,4485972702777778e-05"
"2024-09-12 21:49:06+02:00","rock-tobefilledbyoem","AMD Ryzen Threadripper 3970X 32-Core Processor","0","e2e","131","1.0","1.0619","0,5252","30,14","57.4","0","reduction","openblas","fp32","0","456","131","1.0619","60.157","56.6","57.4","3144000000","5.99","e2e","e2e","0","AMD Ryzen Threadripper 3970X 32-Core Processor","","","","0","0","","","37.2","0","OPENBLAS_NUM_THREADS=1; e2e_host_memcpy=1; e2e_bw=mixed","0.2300763358778626","6,391009329940628e-08","0.004009160305343511","0","0","0.0","","0.0","0.0","8,372222222222222e-06","DE","0,125","1,0465277777777778e-06","0,0783099722222222","6,556284896604937e-07","0,09889","8,279290555555556e-07","0,0518570416666666","4,341586766203698e-07","0,12545","1,050295277777778e-06","0,0950131388888888","7,954711128086413e-07","0,125","1,0465277777777778e-06","0,0783099722222222","6,556284896604937e-07","0,125","7,988761662425785e-09","5,004797630996135e-09","1,046527777777778e-06","0,09889","6,320069126378288e-09","3,3141883711478613e-09","8,279290555555557e-07","0,12545","8,017521204410518e-09","6,072298571058331e-09","1,050295277777778e-06","0,125","7,988761662425785e-09","5,004797630996135e-09","1,046527777777778e-06","483,51","4,048053166666667e-06","21,25","1,779097222222222e-07","866,89","7,257795722222222e-06","3,090116921119593e-08","4,048053166666667e-06","1,3580894826123836e-09","1,7790972222222225e-07","5,540302078032231e-08","7,257795722222222e-06"
"2024-09-12 21:49:14+02:00","rock-tobefilledbyoem","AMD Ryzen Threadripper 3970X 32-Core Processor","0","kernel","347","1.0","1.0784","1,0784","61,13","56.7","0","reduction","openblas","fp32","0","347","112","1.0784","61.13","56.7","57.3","22208000000","20.59","kernel","kernel","0","AMD Ryzen Threadripper 3970X 32-Core Processor","","","","0","0","","","37.2","0","OPENBLAS_NUM_THREADS=1; e2e_host_memcpy=1; e2e_bw=mixed","0.1761671469740634","4,89353186039065e-08","0.0031077809798270893","0","0","","","","","1,6980555555555556e-05","DE","0,125","2,1225694444444445e-06","0,0783099722222222","1,3297468338734565e-06","0,09889","1,679207138888889e-06","0,0518570416666666","8,805613769675915e-07","0,12545","2,1302106944444445e-06","0,0950131388888888","1,6133758834104924e-06","0,125","2,1225694444444445e-06","0,0783099722222222","1,3297468338734565e-06","0,125","6,116914825488313e-09","3,832123440557512e-09","2,1225694444444445e-06","0,09889","4,839213656740314e-09","2,537640855814385e-09","1,679207138888889e-06","0,12545","6,138935718860071e-09","4,649498223084993e-09","2,1302106944444445e-06","0,125","6,116914825488313e-09","3,832123440557512e-09","2,1225694444444445e-06","483,51","8,210268416666666e-06","21,25","3,6083680555555557e-07","866,89","1,4720273805555555e-05","2,3660715898174832e-08","8,210268416666666e-06","1,0398755203330132e-09","3,6083680555555557e-07","4,242153834454051e-08","1,4720273805555558e-05"
"2024-09-12 21:49:14+02:00","rock-tobefilledbyoem","AMD Ryzen Threadripper 3970X 32-Core Processor","0","e2e","112","1.0","1.0784","0,6109","35,004","57.3","0","reduction","openblas","fp32","0","347","112","1.0784","61.13","56.7","57.3","3584000000","5.87","e2e","e2e","0","AMD Ryzen Threadripper 3970X 32-Core Processor","","","","0","0","","","37.2","0","OPENBLAS_NUM_THREADS=1; e2e_host_memcpy=1; e2e_bw=mixed","0.31253571428571425","8,681547619047618e-08","0.005454464285714286","0","0","0.0","","0.0","0.0","9,723333333333332e-06","DE","0,125","1,2154166666666663e-06","0,0783099722222222","7,614339632407405e-07","0,09889","9,615404333333334e-07","0,0518570416666666","5,042233018055549e-07","0,12545","1,2197921666666663e-06","0,0950131388888888","9,23844420462962e-07","0,125","1,2154166666666663e-06","0,0783099722222222","7,614339632407405e-07","0,125","1,0851934523809525e-08","6,798517528935183e-09","1,2154166666666663e-06","0,09889","8,585182440476191e-09","4,5019937661210256e-09","9,615404333333334e-07","0,12545","1,0891001488095238e-08","8,248610896990733e-09","1,2197921666666667e-06","0,125","1,0851934523809525e-08","6,798517528935183e-09","1,2154166666666663e-06","483,51","4,7013289e-06","21,25","2,066208333333333e-07","866,89","8,429060433333332e-06","4,197615089285714e-08","4,7013289e-06","1,8448288690476188e-09","2,066208333333333e-07","7,52594681547619e-08","8,429060433333332e-06"
"2024-09-12 21:49:22+02:00","rock-tobefilledbyoem","AMD Ryzen Threadripper 3970X 32-Core Processor","0","kernel","229","1.0","1.0518","1,0518","59,597","56.7","0","reduction","openblas","fp32","0","229","66","1.0518","59.597","56.7","57.4","21984000000","20.9","kernel","kernel","0","AMD Ryzen Threadripper 3970X 32-Core Processor","","","","0","0","","","37.2","0","OPENBLAS_NUM_THREADS=1; e2e_host_memcpy=1; e2e_bw=mixed","0.26024890829694325","7,229136341581758e-08","0.0045930131004366815","0","0","","","","","1,6554722222222224e-05","DE","0,125","2,069340277777778e-06","0,0783099722222222","1,296399837368827e-06","0,09889","1,637096480555556e-06","0,0518570416666666","8,584789200578694e-07","0,12545","2,076789902777778e-06","0,0950131388888888","1,572916121766974e-06","0,125","2,069340277777778e-06","0,0783099722222222","1,296399837368827e-06","0,125","9,036420426977198e-09","5,661134660999245e-09","2,0693402777777784e-06","0,09889","7,148892928190201e-09","3,7488162447941904e-09","1,637096480555556e-06","0,12545","9,068951540514317e-09","6,868629352694211e-09","2,0767899027777784e-06","0,125","9,036420426977198e-09","5,661134660999245e-09","2,0693402777777784e-06","483,51","8,004373741666667e-06","21,25","3,517878472222223e-07","866,89","1,4351123147222222e-05","3,495359712518196e-08","8,004373741666669e-06","1,5361914725861237e-09","3,5178784722222235e-07","6,266866003153811e-08","1,4351123147222227e-05"
"2024-09-12 21:49:22+02:00","rock-tobefilledbyoem","AMD Ryzen Threadripper 3970X 32-Core Processor","0","e2e","66","1.0","1.0518","0,5238","30,071","57.4","0","reduction","openblas","fp32","0","229","66","1.0518","59.597","56.7","57.4","3168000000","6.05","e2e","e2e","0","AMD Ryzen Threadripper 3970X 32-Core Processor","","","","0","0","","","37.2","0","OPENBLAS_NUM_THREADS=1; e2e_host_memcpy=1; e2e_bw=mixed","0.45562121212121215","1,2656144781144782e-07","0.007936363636363637","0","0","0.0","","0.0","0.0","8,353055555555556e-06","DE","0,125","1,0441319444444445e-06","0,0783099722222222","6,541275485262345e-07","0,09889","8,260336638888889e-07","0,0518570416666666","4,331647499884254e-07","0,12545","1,0478908194444443e-06","0,0950131388888888","7,936500276466043e-07","0,125","1,0441319444444445e-06","0,0783099722222222","6,541275485262345e-07","0,125","1,5820180976430978e-08","9,911023462518704e-09","1,0441319444444445e-06","0,09889","1,2515661574074076e-08","6,563102272551901e-09","8,26033663888889e-07","0,12545","1,5877133627946128e-08","1,2025000418887945e-08","1,0478908194444443e-06","0,125","1,5820180976430978e-08","9,911023462518704e-09","1,0441319444444445e-06","483,51","4,0387858916666665e-06","21,25","1,7750243055555554e-07","866,89","7,241180330555556e-06","6,119372563131313e-08","4,0387858916666665e-06","2,689430765993266e-09","1,7750243055555556e-07","1,09714853493266e-07","7,241180330555555e-06"
"2024-09-12 21:49:31+02:00","rock-tobefilledbyoem","AMD Ryzen Threadripper 3970X 32-Core Processor","0","kernel","173","1.0","1.0588","1,0588","60,016","56.7","0","reduction","openblas","fp32","0","173","57","1.0588","60.016","56.7","57.3","22144000000","20.91","kernel","kernel","0","AMD Ryzen Threadripper 3970X 32-Core Processor","","","","0","0","","","37.2","0","OPENBLAS_NUM_THREADS=1; e2e_host_memcpy=1; e2e_bw=mixed","0.34691329479768784","9,636480411046885e-08","0.006120231213872832","0","0","","","","","1,667111111111111e-05","DE","0,125","2,0838888888888887e-06","0,0783099722222222","1,3055142480246909e-06","0,09889","1,6486061777777777e-06","0,0518570416666666","8,645145035185174e-07","0,12545","2,0913908888888886e-06","0,0950131388888888","1,5839745954320972e-06","0,125","2,0838888888888887e-06","0,0783099722222222","1,3055142480246909e-06","0,125","1,2045600513808608e-08","7,5463251330907e-09","2,083888888888889e-06","0,09889","9,529515478484266e-09","4,997193661956748e-09","1,648606177777778e-06","0,12545","1,2088964675658318e-08","9,155922516948541e-09","2,091390888888889e-06","0,125","1,2045600513808608e-08","7,5463251330907e-09","2,083888888888889e-06","483,51","8,060648933333333e-06","21,25","3,542611111111111e-07","866,89","1,445201951111111e-05","4,659334643545279e-08","8,060648933333333e-06","2,047752087347463e-09","3,542611111111111e-07","8,353768503532434e-08","1,4452019511111112e-05"
"2024-09-12 21:49:31+02:00","rock-tobefilledbyoem","AMD Ryzen Threadripper 3970X 32-Core Processor","0","e2e","57","1.0","1.0588","0,6134","35,175","57.3","0","reduction","openblas","fp32","0","173","57","1.0588","60.016","56.7","57.3","3648000000","5.95","e2e","e2e","0","AMD Ryzen Threadripper 3970X 32-Core Processor","","","","0","0","","","37.2","0","OPENBLAS_NUM_THREADS=1; e2e_host_memcpy=1; e2e_bw=mixed","0.6171052631578947","1,7141812865497076e-07","0.010761403508771928","0","0","0.0","","0.0","0.0","9,770833333333331e-06","DE","0,125","1,2213541666666666e-06","0,0783099722222222","7,651536869212961e-07","0,09889","9,662377083333337e-07","0,0518570416666666","5,066865112847216e-07","0,12545","1,2257510416666667e-06","0,0950131388888888","9,283575445601844e-07","0,125","1,2213541666666666e-06","0,0783099722222222","7,651536869212961e-07","0,125","2,1427266081871345e-08","1,3423748893356071e-08","1,2213541666666666e-06","0,09889","1,6951538742690062e-08","8,889237040082835e-09","9,662377083333337e-07","0,12545","2,1504404239766084e-08","1,6286974465968147e-08","1,2257510416666667e-06","0,125","2,1427266081871345e-08","1,3423748893356071e-08","1,2213541666666666e-06","483,51","4,724295624999999e-06","21,25","2,076302083333333e-07","866,89","8,470237708333332e-06","8,288237938596492e-08","4,724295625e-06","3,6426352339181285e-09","2,0763020833333333e-07","1,486006615497076e-07","8,470237708333334e-06"
"2024-09-12 21:49:39+02:00","rock-tobefilledbyoem","AMD Ryzen Threadripper 3970X 32-Core Processor","0","kernel","114","1.0","1.0646","1,0646","60,361","56.7","0","reduction","openblas","fp32","0","114","33","1.0646","60.361","56.7","57.4","21888000000","20.56","kernel","kernel","0","AMD Ryzen Threadripper 3970X 32-Core Processor","","","","0","0","","","37.2","0","OPENBLAS_NUM_THREADS=1; e2e_host_memcpy=1; e2e_bw=mixed","0.5294824561403508","1,470784600389864e-07","0.00933859649122807","0","0","","","","","1,6766944444444443e-05","DE","0,125","2,0958680555555558e-06","0,0783099722222222","1,3130189536959873e-06","0,09889","1,6580831361111111e-06","0,0518570416666666","8,694841366782396e-07","0,12545","2,103413180555556e-06","0,0950131388888888","1,5930800212422824e-06","0,125","2,0958680555555558e-06","0,0783099722222222","1,3130189536959873e-06","0,125","1,8384807504873297e-08","1,151771012014024e-08","2,095868055555556e-06","0,09889","1,4544588913255364e-08","7,627053830510876e-09","1,6580831361111111e-06","0,12545","1,845099281189084e-08","1,3974386151248096e-08","2,103413180555556e-06","0,125","1,8384807504873297e-08","1,151771012014024e-08","2,095868055555556e-06","483,51","8,106985308333331e-06","21,25","3,562975694444444e-07","866,89","1,4535096469444443e-05","7,111390621345032e-08","8,106985308333336e-06","3,125417275828461e-09","3,562975694444446e-07","1,275008462231969e-07","1,4535096469444448e-05"
"2024-09-12 21:49:39+02:00","rock-tobefilledbyoem","AMD Ryzen Threadripper 3970X 32-Core Processor","0","e2e","33","1.0","1.0646","0,5295","30,407","57.4","0","reduction","openblas","fp32","0","114","33","1.0646","60.361","56.7","57.4","3168000000","5.98","e2e","e2e","0","AMD Ryzen Threadripper 3970X 32-Core Processor","","","","0","0","","","37.2","0","OPENBLAS_NUM_THREADS=1; e2e_host_memcpy=1; e2e_bw=mixed","0.9214242424242425","2,5595117845117845e-07","0.016045454545454543","0","0","0.0","","0.0","0.0","8,446388888888889e-06","DE","0,125","1,055798611111111e-06","0,0783099722222222","6,614364792669752e-07","0,09889","8,352633972222222e-07","0,0518570416666666","4,38004740543981e-07","0,12545","1,059599486111111e-06","0,0950131388888888","8,025179206095672e-07","0,125","1,055798611111111e-06","0,0783099722222222","6,614364792669752e-07","0,125","3,1993897306397306e-08","2,004352967475682e-08","1,055798611111111e-06","0,09889","2,5311012037037043e-08","1,3272870925575181e-08","8,352633972222223e-07","0,12545","3,2109075336700335e-08","2,431872486695658e-08","1,059599486111111e-06","0,125","3,1993897306397306e-08","2,004352967475682e-08","1,055798611111111e-06","483,51","4,0839134916666665e-06","21,25","1,7948576388888888e-07","866,89","7,322090063888889e-06","1,237549542929293e-07","4,083913491666667e-06","5,438962542087542e-09","1,794857638888889e-07","2,2188151708754207e-07","7,322090063888888e-06"
"2024-09-12 21:49:47+02:00","rock-tobefilledbyoem","AMD Ryzen Threadripper 3970X 32-Core Processor","0","kernel","86","1.0","1.0853","1,0853","61,567","56.7","0","reduction","openblas","fp32","0","86","28","1.0853","61.567","56.7","57.5","22016000000","20.28","kernel","kernel","0","AMD Ryzen Threadripper 3970X 32-Core Processor","","","","0","0","","","37.2","0","OPENBLAS_NUM_THREADS=1; e2e_host_memcpy=1; e2e_bw=mixed","0.7158953488372093","1,9885981912144706e-07","0.012619767441860464","0","0","","","","","1,7101944444444445e-05","DE","0,125","2,137743055555556e-06","0,0783099722222222","1,339252794390432e-06","0,09889","1,691211286111111e-06","0,0518570416666666","8,86856245636573e-07","0,12545","2,145438930555556e-06","0,0950131388888888","1,6249094227700605e-06","0,125","2,137743055555556e-06","0,0783099722222222","1,339252794390432e-06","0,125","2,4857477390180882e-08","1,557270691151665e-08","2,137743055555556e-06","0,09889","1,96652475129199e-08","1,0312281926006665e-08","1,6912112861111115e-06","0,12545","2,4946964308785533e-08","1,889429561360536e-08","2,145438930555556e-06","0,125","2,4857477390180882e-08","1,557270691151665e-08","2,137743055555556e-06","483,51","8,268961158333334e-06","21,25","3,6341631944444443e-07","866,89","1,4825504619444445e-05","9,615071114341087e-08","8,268961158333334e-06","4,22577115633075e-09","3,634163194444445e-07","1,7238958859819125e-07","1,4825504619444447e-05"
"2024-09-12 21:49:47+02:00","rock-tobefilledbyoem","AMD Ryzen Threadripper 3970X 32-Core Processor","0","e2e","28","1.0","1.0853","0,6032","34,69","57.5","0","reduction","openblas","fp32","0","86","28","1.0853","61.567","56.7","57.5","3584000000","5.94","e2e","e2e","0","AMD Ryzen Threadripper 3970X 32-Core Processor","","","","0","0","","","37.2","0","OPENBLAS_NUM_THREADS=1; e2e_host_memcpy=1; e2e_bw=mixed","1.2389285714285714","3,441468253968254e-07","0.02154285714285714","0","0","0.0","","0.0","0.0","9,63611111111111e-06","DE","0,125","1,2045138888888887e-06","0,0783099722222222","7,546035934413577e-07","0,09889","9,529150277777776e-07","0,0518570416666666","4,997002153935178e-07","0,12545","1,2088501388888888e-06","0,0950131388888888","9,155571633487646e-07","0,125","1,2045138888888887e-06","0,0783099722222222","7,546035934413577e-07","0,125","4,3018353174603175e-08","2,6950128337191357e-08","1,204513888888889e-06","0,09889","3,4032679563492074e-08","1,7846436264054213e-08","9,529150277777778e-07","0,12545","4,3173219246031757e-08","3,269847011959874e-08","1,208850138888889e-06","0,125","4,3018353174603175e-08","2,6950128337191357e-08","1,204513888888889e-06","483,51","4,659156083333332e-06","21,25","2,047673611111111e-07","866,89","8,35344836111111e-06","1,6639843154761904e-07","4,659156083333333e-06","7,31312003968254e-09","2,0476736111111112e-07","2,9833744146825394e-07","8,35344836111111e-06"
"2024-09-12 21:49:55+02:00","rock-tobefilledbyoem","AMD Ryzen Threadripper 3970X 32-Core Processor","0","kernel","57","1.0","1.0746","1,0746","60,912","56.7","0","reduction","openblas","fp32","0","57","17","1.0746","60.912","56.7","57.4","21888000000","20.37","kernel","kernel","0","AMD Ryzen Threadripper 3970X 32-Core Processor","","","","0","0","","","37.2","0","OPENBLAS_NUM_THREADS=1; e2e_host_memcpy=1; e2e_bw=mixed","1.0686315789473684","2,968421052631579e-07","0.018852631578947367","0","0","","","","","1,692e-05","DE","0,125","2,115e-06","0,0783099722222222","1,3250047299999998e-06","0,09889","1,6732188e-06","0,0518570416666666","8,774211449999989e-07","0,12545","2,122614e-06","0,0950131388888888","1,6076223099999986e-06","0,125","2,115e-06","0,0783099722222222","1,3250047299999998e-06","0,125","3,7105263157894745e-08","2,3245697017543857e-08","2,115e-06","0,09889","2,935471578947369e-08","1,5393353421052618e-08","1,6732188e-06","0,12545","3,723884210526316e-08","2,8203900175438573e-08","2,122614e-06","0,125","3,7105263157894745e-08","2,3245697017543857e-08","2,115e-06","483,51","8,1809892e-06","21,25","3,5955e-07","866,89","1,46677788e-05","1,4352612631578946e-07","8,1809892e-06","6,3078947368421055e-09","3,5955e-07","2,5732945263157896e-07","1,4667778800000001e-05"
"2024-09-12 21:49:55+02:00","rock-tobefilledbyoem","AMD Ryzen Threadripper 3970X 32-Core Processor","0","e2e","17","1.0","1.0746","0,5481","31,443","57.4","0","reduction","openblas","fp32","0","57","17","1.0746","60.912","56.7","57.4","3264000000","5.95","e2e","e2e","0","AMD Ryzen Threadripper 3970X 32-Core Processor","","","","0","0","","","37.2","0","OPENBLAS_NUM_THREADS=1; e2e_host_memcpy=1; e2e_bw=mixed","1.8495882352941178","5,137745098039216e-07","0.03224117647058824","0","0","0.0","","0.0","0.0","8,734166666666667e-06","DE","0,125","1,0917708333333331e-06","0,0783099722222222","6,839723490509257e-07","0,09889","8,637217416666667e-07","0,0518570416666666","4,529280447569439e-07","0,12545","1,0957012083333334e-06","0,0950131388888888","8,29860590578703e-07","0,125","1,0917708333333331e-06","0,0783099722222222","6,839723490509257e-07","0,125","6,42218137254902e-08","4,023366759123093e-08","1,0917708333333336e-06","0,09889","5,080716127450981e-08","2,6642826162173173e-08","8,637217416666669e-07","0,12545","6,445301225490197e-08","4,8815328857570774e-08","1,0957012083333336e-06","0,125","6,42218137254902e-08","4,023366759123093e-08","1,0917708333333336e-06","483,51","4,223056925e-06","21,25","1,8560104166666666e-07","866,89","7,571561741666666e-06","2,4841511323529416e-07","4,223056925000001e-06","1,0917708333333336e-08","1,8560104166666672e-07","4,4538598480392165e-07","7,571561741666668e-06"
"2024-09-12 21:50:04+02:00","rock-tobefilledbyoem","AMD Ryzen Threadripper 3970X 32-Core Processor","0","kernel","43","1.0","1.0896","1,0896","61,809","56.7","0","reduction","openblas","fp32","0","43","14","1.0896","61.809","56.7","57.3","22016000000","20.21","kernel","kernel","0","AMD Ryzen Threadripper 3970X 32-Core Processor","","","","0","0","","","37.4","0","OPENBLAS_NUM_THREADS=1; e2e_host_memcpy=1; e2e_bw=mixed","1.4374186046511628","3,992829457364341e-07","0.025339534883720927","0","0","","","","","1,7169166666666665e-05","DE","0,125","2,146145833333333e-06","0,0783099722222222","1,34451696474537e-06","0,09889","1,6978588916666663e-06","0,0518570416666666","8,903421912152766e-07","0,12545","2,1538719583333333e-06","0,0950131388888888","1,63129641710648e-06","0,125","2,146145833333333e-06","0,0783099722222222","1,34451696474537e-06","0,125","4,991036821705426e-08","3,1267836389427216e-08","2,146145833333333e-06","0,09889","3,948509050387597e-08","2,0705632353843645e-08","1,6978588916666667e-06","0,12545","5,009004554263566e-08","3,793712597922047e-08","2,1538719583333333e-06","0,125","4,991036821705426e-08","3,1267836389427216e-08","2,146145833333333e-06","483,51","8,301463774999999e-06","21,25","3,6484479166666664e-07","866,89","1,4883778891666665e-05","1,9305729709302325e-07","8,301463775e-06","8,484762596899226e-09","3,648447916666667e-07","3,461343928294573e-07","1,4883778891666665e-05"
"2024-09-12 21:50:04+02:00","rock-tobefilledbyoem","AMD Ryzen Threadripper 3970X 32-Core Processor","0","e2e","14","1.0","1.0896","0,6067","34,749","57.3","0","reduction","openblas","fp32","0","43","14","1.0896","61.809","56.7","57.3","3584000000","5.91","e2e","e2e","0","AMD Ryzen Threadripper 3970X 32-Core Processor","","","","0","0","","","37.4","0","OPENBLAS_NUM_THREADS=1; e2e_host_memcpy=1; e2e_bw=mixed","2.482071428571429","6,894642857142858e-07","0.04333571428571429","0","0","0.0","","0.0","0.0","9,6525e-06","DE","0,125","1,2065625e-06","0,0783099722222222","7,558870068749999e-07","0,09889","9,545357250000002e-07","0,0518570416666666","5,005500946874994e-07","0,12545","1,2109061250000002e-06","0,0950131388888888","9,171143231249992e-07","0,125","1,2065625e-06","0,0783099722222222","7,558870068749999e-07","0,125","8,618303571428572e-08","5,399192906249999e-08","1,2065625e-06","0,09889","6,818112321428572e-08","3,5753578191964256e-08","9,54535725e-07","0,12545","8,649329464285715e-08","6,550816593749995e-08","1,2109061250000002e-06","0,125","8,618303571428572e-08","5,399192906249999e-08","1,2065625e-06","483,51","4,6670802749999995e-06","21,25","2,0511562499999998e-07","866,89","8,367655724999999e-06","3,333628767857143e-07","4,667080275e-06","1,4651116071428573e-08","2,0511562500000004e-07","5,976896946428572e-07","8,367655725e-06"
"2024-09-12 21:50:13+02:00","rock-tobefilledbyoem","AMD Ryzen Threadripper 3970X 32-Core Processor","0","kernel","29","1.0","1.0719","1,0719","61,071","57.0","0","reduction","openblas","fp32","0","29","9","1.0719","61.071","57.0","57.6","22272000000","20.78","kernel","kernel","0","AMD Ryzen Threadripper 3970X 32-Core Processor","","","","0","0","","","37.5","0","OPENBLAS_NUM_THREADS=1; e2e_host_memcpy=1; e2e_bw=mixed","2.105896551724138","5,849712643678161e-07","0.03696206896551724","0","0","","","","","1,6964166666666666e-05","DE","0,125","2,120520833333333e-06","0,0783099722222222","1,3284634204398144e-06","0,09889","1,677586441666667e-06","0,0518570416666666","8,7971149767361e-07","0,12545","2,128154708333333e-06","0,0950131388888888","1,611818723634258e-06","0,125","2,120520833333333e-06","0,0783099722222222","1,3284634204398144e-06","0,125","7,312140804597702e-08","4,580908346344188e-08","2,120520833333333e-06","0,09889","5,784780833333333e-08","3,033487923012448e-08","1,677586441666667e-06","0,12545","7,338464511494253e-08","5,55799559873882e-08","2,1281547083333336e-06","0,125","7,312140804597702e-08","4,580908346344188e-08","2,120520833333333e-06","483,51","8,202344225e-06","21,25","3,6048854166666667e-07","866,89","1,4706066441666665e-05","2,8283945603448276e-07","8,202344225e-06","1,2430639367816091e-08","3,604885416666666e-07","5,071057393678161e-07","1,4706066441666665e-05"
"2024-09-12 21:50:13+02:00","rock-tobefilledbyoem","AMD Ryzen Threadripper 3970X 32-Core Processor","0","e2e","9","1.0","1.0719","0,5742","33,085","57.6","0","reduction","openblas","fp32","0","29","9","1.0719","61.071","57.0","57.6","3456000000","6.02","e2e","e2e","0","AMD Ryzen Threadripper 3970X 32-Core Processor","","","","0","0","","","37.5","0","OPENBLAS_NUM_THREADS=1; e2e_host_memcpy=1; e2e_bw=mixed","3.676111111111111","1,021141975308642e-06","0.06380000000000001","0","0","0.0","","0.0","0.0","9,190277777777778e-06","DE","0,125","1,1487847222222222e-06","0,0783099722222222","7,196903974922838e-07","0,09889","9,088265694444446e-07","0,0518570416666666","4,765806176504624e-07","0,12545","1,1529203472222225e-06","0,0950131388888888","8,731971389274684e-07","0,125","1,1487847222222222e-06","0,0783099722222222","7,196903974922838e-07","0,125","1,2764274691358025e-07","7,996559972136488e-08","1,1487847222222222e-06","0,09889","1,0098072993827162e-07","5,2953401961162494e-08","9,088265694444446e-07","0,12545","1,2810226080246918e-07","9,702190432527429e-08","1,1529203472222225e-06","0,125","1,2764274691358025e-07","7,996559972136488e-08","1,1487847222222222e-06","483,51","4,443591208333333e-06","21,25","1,952934027777778e-07","866,89","7,966959902777778e-06","4,937323564814815e-07","4,443591208333333e-06","2,1699266975308646e-08","1,9529340277777782e-07","8,852177669753087e-07","7,966959902777778e-06"
"2024-09-12 21:50:21+02:00","rock-tobefilledbyoem","AMD Ryzen Threadripper 3970X 32-Core Processor","0","kernel","22","1.0","1.0949","1,0949","62,44","57.0","0","reduction","openblas","fp32","0","22","7","1.0949","62.44","57.0","57.6","22528000000","20.57","kernel","kernel","0","AMD Ryzen Threadripper 3970X 32-Core Processor","","","","0","0","","","37.6","0","OPENBLAS_NUM_THREADS=1; e2e_host_memcpy=1; e2e_bw=mixed","2.838181818181818","7,883838383838383e-07","0.049768181818181816","0","0","","","","","1,7344444444444445e-05","DE","0,125","2,168055555555556e-06","0,0783099722222222","1,3582429626543206e-06","0,09889","1,7151921111111112e-06","0,0518570416666666","8,994315782407397e-07","0,12545","2,175860555555556e-06","0,0950131388888888","1,647950108950616e-06","0,125","2,168055555555556e-06","0,0783099722222222","1,3582429626543206e-06","0,125","9,85479797979798e-08","6,17383164842873e-08","2,168055555555556e-06","0,09889","7,796327777777778e-08","4,0883253556397256e-08","1,7151921111111112e-06","0,12545","9,890275252525252e-08","7,49068231341189e-08","2,175860555555556e-06","0,125","9,85479797979798e-08","6,17383164842873e-08","2,168055555555556e-06","483,51","8,386212333333334e-06","21,25","3,6856944444444445e-07","866,89","1,5035725444444444e-05","3,8119146969696965e-07","8,386212333333332e-06","1,6753156565656564e-08","3,685694444444444e-07","6,834420656565656e-07","1,5035725444444444e-05"
"2024-09-12 21:50:21+02:00","rock-tobefilledbyoem","AMD Ryzen Threadripper 3970X 32-Core Processor","0","e2e","7","1.0","1.0949","0,5942","34,254","57.6","0","reduction","openblas","fp32","0","22","7","1.0949","62.44","57.0","57.6","3584000000","6.03","e2e","e2e","0","AMD Ryzen Threadripper 3970X 32-Core Processor","","","","0","0","","","37.6","0","OPENBLAS_NUM_THREADS=1; e2e_host_memcpy=1; e2e_bw=mixed","4.893428571428571","1,3592857142857145e-06","0.08488571428571427","0","0","0.0","","0.0","0.0","9,515e-06","DE","0,125","1,189375e-06","0,0783099722222222","7,451193856944443e-07","0,09889","9,4093835e-07","0,0518570416666666","4,934197514583327e-07","0,12545","1,19365675e-06","0,0950131388888888","9,040500165277768e-07","0,125","1,189375e-06","0,0783099722222222","7,451193856944443e-07","0,125","1,699107142857143e-07","1,0644562652777776e-07","1,1893750000000002e-06","0,09889","1,3441976428571432e-07","7,048853592261899e-08","9,409383500000004e-07","0,12545","1,7052239285714288e-07","1,2915000236111105e-07","1,19365675e-06","0,125","1,699107142857143e-07","1,0644562652777776e-07","1,1893750000000002e-06","483,51","4,600597649999999e-06","21,25","2,0219374999999998e-07","866,89","8,24845835e-06","6,572282357142858e-07","4,60059765e-06","2,8884821428571433e-08","2,0219375000000004e-07","1,1783511928571431e-06","8,248458350000001e-06"
"2024-09-12 21:50:31+02:00","rock-tobefilledbyoem","AMD Ryzen Threadripper 3970X 32-Core Processor","0","kernel","18","1.0","1.101","1,101","62,788","57.0","0","reduction","openblas","fp32","0","18","7","1.101","62.788","57.0","57.7","23040000000","20.93","kernel","kernel","0","AMD Ryzen Threadripper 3970X 32-Core Processor","","","","0","0","","","37.8","0","OPENBLAS_NUM_THREADS=1; e2e_host_memcpy=1; e2e_bw=mixed","3.488222222222222","9,689506172839505e-07","0.06116666666666667","0","0","","","","","1,744111111111111e-05","DE","0,125","2,180138888888889e-06","0,0783099722222222","1,3658129266358022e-06","0,09889","1,724751477777778e-06","0,0518570416666666","9,044444256018508e-07","0,12545","2,1879873888888887e-06","0,0950131388888888","1,6571347123765416e-06","0,125","2,180138888888889e-06","0,0783099722222222","1,3658129266358022e-06","0,125","1,211188271604938e-07","7,587849592421122e-08","2,180138888888889e-06","0,09889","9,581952654320989e-08","5,0246912533436156e-08","1,7247514777777777e-06","0,12545","1,215548549382716e-07","9,206303957647452e-08","2,187987388888889e-06","0,125","1,211188271604938e-07","7,587849592421122e-08","2,180138888888889e-06","483,51","8,432951633333333e-06","21,25","3,7062361111111107e-07","866,89","1,5119524811111109e-05","4,684973129629629e-07","8,432951633333333e-06","2,0590200617283948e-08","3,7062361111111107e-07","8,399736006172838e-07","1,5119524811111109e-05"
"2024-09-12 21:50:31+02:00","rock-tobefilledbyoem","AMD Ryzen Threadripper 3970X 32-Core Processor","0","e2e","7","1.0","1.101","0,7425","42,861","57.7","0","reduction","openblas","fp32","0","18","7","1.101","62.788","57.0","57.7","4480000000","6.03","e2e","e2e","0","AMD Ryzen Threadripper 3970X 32-Core Processor","","","","0","0","","","37.8","0","OPENBLAS_NUM_THREADS=1; e2e_host_memcpy=1; e2e_bw=mixed","6.122999999999999","1,700833333333333e-06","0.10607142857142858","0","0","0.0","","0.0","0.0","1,1905833333333332e-05","DE","0,125","1,4882291666666663e-06","0,0783099722222222","9,323454776157404e-07","0,09889","1,1773678583333331e-06","0,0518570416666666","6,174012952430548e-07","0,12545","1,4935867916666666e-06","0,0950131388888888","1,1312105960879618e-06","0,125","1,4882291666666663e-06","0,0783099722222222","9,323454776157404e-07","0,125","2,1260416666666666e-07","1,331922110879629e-07","1,4882291666666663e-06","0,09889","1,6819540833333333e-07","8,82001850347221e-08","1,1773678583333331e-06","0,12545","2,1336954166666666e-07","1,616015137268517e-07","1,4935867916666664e-06","0,125","2,1260416666666666e-07","1,331922110879629e-07","1,4882291666666663e-06","483,51","5,756589475e-06","21,25","2,5299895833333333e-07","866,89","1,0321047858333331e-05","8,223699249999999e-07","5,756589474999999e-06","3,614270833333333e-08","2,529989583333333e-07","1,4744354083333332e-06","1,0321047858333333e-05"
"2024-09-12 21:50:41+02:00","rock-tobefilledbyoem","AMD Ryzen Threadripper 3970X 32-Core Processor","0","kernel","15","1.0","1.104","1,104","62,939","57.0","0","reduction","openblas","fp32","0","15","6","1.104","62.939","57.0","57.7","23040000000","20.87","kernel","kernel","0","AMD Ryzen Threadripper 3970X 32-Core Processor","","","","0","0","","","37.8","0","OPENBLAS_NUM_THREADS=1; e2e_host_memcpy=1; e2e_bw=mixed","4.1959333333333335","1,165537037037037e-06","0.07360000000000001","0","0","","","","","1,7483055555555556e-05","DE","0,125","2,1853819444444445e-06","0,0783099722222222","1,3690975949151233e-06","0,09889","1,728899363888889e-06","0,0518570416666666","9,066195404050916e-07","0,12545","2,193249319444445e-06","0,0950131388888888","1,6611199857021592e-06","0,125","2,1853819444444445e-06","0,0783099722222222","1,3690975949151233e-06","0,125","1,4569212962962966e-07","9,127317299434157e-08","2,1853819444444445e-06","0,09889","1,152599575925926e-07","6,044130269367276e-08","1,728899363888889e-06","0,12545","1,462166212962963e-07","1,1074133238014395e-07","2,1932493194444444e-06","0,125","1,4569212962962966e-07","9,127317299434157e-08","2,1853819444444445e-06","483,51","8,453232191666666e-06","21,25","3,7151493055555553e-07","866,89","1,5155886030555557e-05","5,635488127777778e-07","8,453232191666666e-06","2,4767662037037037e-08","3,715149305555556e-07","1,010392402037037e-06","1,5155886030555555e-05"
"2024-09-12 21:50:41+02:00","rock-tobefilledbyoem","AMD Ryzen Threadripper 3970X 32-Core Processor","0","e2e","6","1.0","1.104","0,7642","44,061","57.7","0","reduction","openblas","fp32","0","15","6","1.104","62.939","57.0","57.7","4608000000","6.03","e2e","e2e","0","AMD Ryzen Threadripper 3970X 32-Core Processor","","","","0","0","","","37.8","0","OPENBLAS_NUM_THREADS=1; e2e_host_memcpy=1; e2e_bw=mixed","7.3435","2,039861111111111e-06","0.12736666666666666","0","0","0.0","","0.0","0.0","1,2239166666666666e-05","DE","0,125","1,5298958333333333e-06","0,0783099722222222","9,584488016898146e-07","0,09889","1,2103311916666666e-06","0,0518570416666666","6,346869757986103e-07","0,12545","1,5354034583333333e-06","0,0950131388888888","1,1628816423842582e-06","0,125","1,5298958333333333e-06","0,0783099722222222","9,584488016898146e-07","0,125","2,549826388888889e-07","1,5974146694830246e-07","1,5298958333333333e-06","0,09889","2,0172186527777778e-07","1,0578116263310173e-07","1,2103311916666666e-06","0,12545","2,559005763888889e-07","1,9381360706404304e-07","1,5354034583333335e-06","0,125","2,549826388888889e-07","1,5974146694830246e-07","1,5298958333333333e-06","483,51","5,917759474999999e-06","21,25","2,6008229166666663e-07","866,89","1,0610011191666666e-05","9,862932458333334e-07","5,917759475000001e-06","4,334704861111111e-08","2,600822916666667e-07","1,768335198611111e-06","1,0610011191666666e-05"
"2024-09-12 21:50:50+02:00","rock-tobefilledbyoem","AMD Ryzen Threadripper 3970X 32-Core Processor","0","kernel","11","1.0","1.0892","1,0892","62,035","57.0","0","reduction","openblas","fp32","0","11","4","1.0892","62.035","57.0","57.7","22528000000","20.68","kernel","kernel","0","AMD Ryzen Threadripper 3970X 32-Core Processor","","","","0","0","","","37.8","0","OPENBLAS_NUM_THREADS=1; e2e_host_memcpy=1; e2e_bw=mixed","5.639545454545455","1,566540404040404e-06","0.09901818181818181","0","0","","","","","1,7231944444444442e-05","DE","0,125","2,1539930555555557e-06","0,0783099722222222","1,3494330907793206e-06","0,09889","1,704066986111111e-06","0,0518570416666666","8,935976610532395e-07","0,12545","2,1617474305555552e-06","0,0950131388888888","1,6372611308256155e-06","0,125","2,1539930555555557e-06","0,0783099722222222","1,3494330907793206e-06","0,125","1,958175505050505e-07","1,226757355253928e-07","2,153993055555556e-06","0,09889","1,5491518055555557e-07","8,123615100483996e-08","1,7040669861111113e-06","0,12545","1,965224936868687e-07","1,488419209841469e-07","2,161747430555556e-06","0,125","1,958175505050505e-07","1,226757355253928e-07","2,153993055555556e-06","483,51","8,331817458333331e-06","21,25","3,661788194444444e-07","866,89","1,4938200319444441e-05","7,574379507575757e-07","8,331817458333333e-06","3,328898358585858e-08","3,661788194444444e-07","1,358018210858586e-06","1,4938200319444446e-05"
"2024-09-12 21:50:50+02:00","rock-tobefilledbyoem","AMD Ryzen Threadripper 3970X 32-Core Processor","0","e2e","4","1.0","1.0892","0,6892","39,763","57.7","0","reduction","openblas","fp32","0","11","4","1.0892","62.035","57.0","57.7","4096000000","5.94","e2e","e2e","0","AMD Ryzen Threadripper 3970X 32-Core Processor","","","","0","0","","","37.8","0","OPENBLAS_NUM_THREADS=1; e2e_host_memcpy=1; e2e_bw=mixed","9.94075","2,7613194444444445e-06","0.1723","0","0","0.0","","0.0","0.0","1,1045277777777778e-05","DE","0,125","1,3806597222222222e-06","0,0783099722222222","8,64955395964506e-07","0,09889","1,0922675194444445e-06","0,0518570416666666","5,72775429942129e-07","0,12545","1,3856300972222224e-06","0,0950131388888888","1,049446511566357e-06","0,125","1,3806597222222222e-06","0,0783099722222222","8,64955395964506e-07","0,125","3,451649305555556e-07","2,162388489911265e-07","1,3806597222222222e-06","0,09889","2,730668798611111e-07","1,4319385748553224e-07","1,0922675194444445e-06","0,12545","3,464075243055556e-07","2,623616278915893e-07","1,3856300972222224e-06","0,125","3,451649305555556e-07","2,162388489911265e-07","1,3806597222222222e-06","483,51","5,340502258333333e-06","21,25","2,3471215277777777e-07","866,89","9,575040852777777e-06","1,3351255645833333e-06","5,340502258333333e-06","5,867803819444444e-08","2,3471215277777777e-07","2,3937602131944443e-06","9,575040852777777e-06"
"2024-09-12 21:51:01+02:00","rock-tobefilledbyoem","AMD Ryzen Threadripper 3970X 32-Core Processor","0","kernel","8","1.0","1.1696","1,1696","66,713","57.0","0","reduction","openblas","fp32","0","8","3","1.1696","66.713","57.0","57.7","24576000000","21.01","kernel","kernel","0","AMD Ryzen Threadripper 3970X 32-Core Processor","","","","0","0","","","38.0","0","OPENBLAS_NUM_THREADS=1; e2e_host_memcpy=1; e2e_bw=mixed","8.339125","2,316423611111111e-06","0.1462","0","0","","","","","1,8531388888888888e-05","DE","0,125","2,316423611111111e-06","0,0783099722222222","1,451192549128086e-06","0,09889","1,8325690472222224e-06","0,0518570416666666","9,609830057523136e-07","0,12545","2,324762736111111e-06","0,0950131388888888","1,7607254263040108e-06","0,125","2,316423611111111e-06","0,0783099722222222","1,451192549128086e-06","0,125","2,895529513888889e-07","1,8139906864101077e-07","2,316423611111111e-06","0,09889","2,2907113090277777e-07","1,201228757190392e-07","1,8325690472222224e-06","0,12545","2,905953420138889e-07","2,2009067828800135e-07","2,324762736111111e-06","0,125","2,895529513888889e-07","1,8139906864101077e-07","2,316423611111111e-06","483,51","8,960111841666668e-06","21,25","3,9379201388888885e-07","866,89","1,606467571388889e-05","1,1200139802083334e-06","8,960111841666668e-06","4,9224001736111106e-08","3,9379201388888885e-07","2,008084464236111e-06","1,606467571388889e-05"
"2024-09-12 21:51:01+02:00","rock-tobefilledbyoem","AMD Ryzen Threadripper 3970X 32-Core Processor","0","e2e","3","1.0","1.1696","0,7605","43,91","57.7","0","reduction","openblas","fp32","0","8","3","1.1696","66.713","57.0","57.7","4608000000","6.06","e2e","e2e","0","AMD Ryzen Threadripper 3970X 32-Core Processor","","","","0","0","","","38.0","0","OPENBLAS_NUM_THREADS=1; e2e_host_memcpy=1; e2e_bw=mixed","14.636666666666665","4,06574074074074e-06","0.2535","0","0","0.0","","0.0","0.0","1,2197222222222222e-05","DE","0,125","1,5246527777777775e-06","0,0783099722222222","9,551641334104935e-07","0,09889","1,2061833055555557e-06","0,0518570416666666","6,325118609953696e-07","0,12545","1,5301415277777778e-06","0,0950131388888888","1,158896369058641e-06","0,125","1,5246527777777775e-06","0,0783099722222222","9,551641334104935e-07","0,125","5,082175925925925e-07","3,183880444701645e-07","1,5246527777777775e-06","0,09889","4,020611018518519e-07","2,108372869984565e-07","1,2061833055555557e-06","0,12545","5,100471759259259e-07","3,8629878968621364e-07","1,5301415277777778e-06","0,125","5,082175925925925e-07","3,183880444701645e-07","1,5246527777777775e-06","483,51","5,897478916666667e-06","21,25","2,5919097222222223e-07","866,89","1,0573649972222222e-05","1,9658263055555553e-06","5,897478916666666e-06","8,639699074074072e-08","2,591909722222222e-07","3,5245499907407402e-06","1,057364997222222e-05"
"2024-09-12 21:51:25+02:00","rock-tobefilledbyoem","AMD Ryzen Threadripper 3970X 32-Core Processor","0","kernel","1388","1.0","0.126","0,126","7,097","56.3","1","reduction","openblas","fp32","0","1388","433","0.126","7.097","56.3","55.9","11104000000","88.13","kernel","kernel","0","AMD Ryzen Threadripper 3970X 32-Core Processor","","","","0","0","","","36.6","0","OPENBLAS_NUM_THREADS=1; e2e_host_memcpy=1; e2e_bw=mixed","0.005113112391930836","1,4203089977585655e-09","9.077809798270893e-05","0","0","","","","","1,971388888888889e-06","DE","0,125","2,464236111111111e-07","0,0783099722222222","1,5437940912808637e-07","0,09889","1,9495064722222224e-07","0,0518570416666666","1,0223039575231469e-07","0,12545","2,473107361111111e-07","0,0950131388888888","1,873078463040122e-07","0,125","2,464236111111111e-07","0,0783099722222222","1,5437940912808637e-07","0,125","1,7753862471982068e-10","1,1122435816144552e-10","2,464236111111111e-07","0,09889","1,4045435678834456e-10","7,365302287630741e-11","1,9495064722222224e-07","0,12545","1,7817776376881204e-10","1,3494801606917303e-10","2,473107361111111e-07","0,125","1,7753862471982068e-10","1,1122435816144552e-10","2,464236111111111e-07","483,51","9,531862416666667e-07","21,25","4,189201388888889e-08","866,89","1,708977313888889e-06","6,867336035062441e-10","9,531862416666667e-07","3,0181566202369516e-11","4,1892013888888885e-08","1,2312516670669229e-09","1,708977313888889e-06"
"2024-09-12 21:51:25+02:00","rock-tobefilledbyoem","AMD Ryzen Threadripper 3970X 32-Core Processor","0","e2e","433","1.0","0.126","0,0861","4,81","55.9","1","reduction","openblas","fp32","0","1388","433","0.126","7.097","56.3","55.9","1732000000","20.12","e2e","e2e","0","AMD Ryzen Threadripper 3970X 32-Core Processor","","","","0","0","","","36.6","0","OPENBLAS_NUM_THREADS=1; e2e_host_memcpy=1; e2e_bw=mixed","0.011108545034642031","3,085706954067231e-09","0.00019884526558891453","0","0","0.0","","0.0","0.0","1,336111111111111e-06","DE","0,125","1,670138888888889e-07","0,0783099722222222","1,0463082399691357e-07","0,09889","1,3212802777777778e-07","0,0518570416666666","6,92867695601851e-08","0,12545","1,676151388888889e-07","0,0950131388888888","1,2694811057098754e-07","0,125","1,670138888888889e-07","0,0783099722222222","1,0463082399691357e-07","0,125","3,857133692584039e-10","2,4164162585892274e-10","1,670138888888889e-07","0,09889","3,051455606877085e-10","1,6001563408818728e-10","1,3212802777777778e-07","0,12545","3,8710193738773415e-10","2,931827033971998e-10","1,676151388888889e-07","0,125","3,857133692584039e-10","2,4164162585892274e-10","1,670138888888889e-07","483,51","6,460230833333333e-07","21,25","2,8392361111111108e-08","866,89","1,158261361111111e-06","1,4919701693610467e-09","6,460230833333332e-07","6,557127277392866e-11","2,839236111111111e-08","2,674968501411342e-09","1,1582613611111111e-06"
"2024-09-12 21:51:31+02:00","rock-tobefilledbyoem","AMD Ryzen Threadripper 3970X 32-Core Processor","0","kernel","6133","1.0","1.0767","1,0767","60,254","56.0","0","reduction","openblas","fp32","0","6133","271","1.0767","60.254","56.0","55.4","73596000000","68.35","kernel","kernel","0","AMD Ryzen Threadripper 3970X 32-Core Processor","","","","0","0","","","39.0","0","OPENBLAS_NUM_THREADS=1; e2e_host_memcpy=1; e2e_bw=mixed","0.009824555682374041","2,7290432451039003e-09","0.00017555845426381867","0","0","","","","","1,673722222222222e-05","DE","0,125","2,0921527777777776e-06","0,0783099722222222","1,3106914072993824e-06","0,09889","1,6551439055555555e-06","0,0518570416666666","8,679428301620359e-07","0,12545","2,0996845277777777e-06","0,0950131388888888","1,590256019614196e-06","0,125","2,0921527777777776e-06","0,0783099722222222","1,3106914072993824e-06","0,125","3,4113040563798754e-10","2,1371130071732958e-10","2,0921527777777776e-06","0,09889","2,6987508650832474e-10","1,41520109271488e-10","1,6551439055555555e-06","0,12545","3,4235847509828433e-10","2,592949648808407e-10","2,0996845277777777e-06","0,125","3,4113040563798754e-10","2,1371130071732958e-10","2,0921527777777776e-06","483,51","8,092614316666667e-06","21,25","3,5566597222222217e-07","866,89","1,450933057222222e-05","1,3195196994401868e-09","8,092614316666665e-06","5,799216895845788e-11","3,5566597222222217e-07","2,36578029874812e-09","1,4509330572222219e-05"
"2024-09-12 21:51:31+02:00","rock-tobefilledbyoem","AMD Ryzen Threadripper 3970X 32-Core Processor","0","e2e","271","1.0","1.0767","0,1714","9,491","55.4","0","reduction","openblas","fp32","0","6133","271","1.0767","60.254","56.0","55.4","1626000000","9.49","e2e","e2e","0","AMD Ryzen Threadripper 3970X 32-Core Processor","","","","0","0","","","39.0","0","OPENBLAS_NUM_THREADS=1; e2e_host_memcpy=1; e2e_bw=mixed","0.035022140221402216","9,728372283722838e-09","0.0006324723247232472","0","0","0.0","","0.0","0.0","2,636388888888889e-06","DE","0,125","3,295486111111111e-07","0,0783099722222222","2,0645554065586413e-07","0,09889","2,607124972222223e-07","0,0518570416666666","1,3671532846064798e-07","0,12545","3,307349861111111e-07","0,0950131388888888","2,5049158366512324e-07","0,125","3,295486111111111e-07","0,0783099722222222","2,0645554065586413e-07","0,125","1,2160465354653548e-09","7,618285633057717e-10","3,295486111111112e-07","0,09889","9,620387351373512e-10","5,044846068658598e-10","2,607124972222223e-07","0,12545","1,22042430299303e-09","9,243231869561743e-10","3,307349861111112e-07","0,125","1,2160465354653548e-09","7,618285633057717e-10","3,295486111111112e-07","483,51","1,2747203916666666e-06","21,25","5,602326388888889e-08","866,89","2,285459163888889e-06","4,703765282902829e-09","1,2747203916666668e-06","2,067279110291103e-10","5,6023263888888894e-08","8,433428649036492e-09","2,2854591638888893e-06"
"2024-09-12 21:51:39+02:00","rock-tobefilledbyoem","AMD Ryzen Threadripper 3970X 32-Core Processor","0","kernel","2577","1.0","0.9574","0,9574","53,695","56.1","1","reduction","openblas","fp32","0","2577","474","0.9574","53.695","56.1","56.2","41232000000","43.07","kernel","kernel","0","AMD Ryzen Threadripper 3970X 32-Core Processor","","","","0","0","","","37.8","0","OPENBLAS_NUM_THREADS=1; e2e_host_memcpy=1; e2e_bw=mixed","0.020836243694218083","5,787845470616134e-09","0.0003715172681412495","0","0","","","","","1,4915277777777778e-05","DE","0,125","1,8644097222222225e-06","0,0783099722222222","1,168014988464506e-06","0,09889","1,4749718194444446e-06","0,0518570416666666","7,734621811921287e-07","0,12545","1,8711215972222223e-06","0,0950131388888888","1,4171473590663569e-06","0,125","1,8644097222222225e-06","0,0783099722222222","1,168014988464506e-06","0,125","7,234806838270168e-10","4,5324601803046405e-10","1,8644097222222225e-06","0,09889","5,723600385892296e-10","3,001405437299684e-10","1,4749718194444446e-06","0,12545","7,26085214288794e-10","5,499213655670768e-10","1,8711215972222223e-06","0,125","7,234806838270168e-10","4,5324601803046405e-10","1,8644097222222225e-06","483,51","7,211685958333334e-06","21,25","3,169496527777778e-07","866,89","1,292990515277778e-05","2,798481163497607e-09","7,211685958333333e-06","1,2299171625059283e-10","3,1694965277777773e-07","5,01742536002242e-09","1,2929905152777776e-05"
"2024-09-12 21:51:39+02:00","rock-tobefilledbyoem","AMD Ryzen Threadripper 3970X 32-Core Processor","0","e2e","474","1.0","0.9574","0,5398","30,323","56.2","1","reduction","openblas","fp32","0","2577","474","0.9574","53.695","56.1","56.2","3792000000","7.03","e2e","e2e","0","AMD Ryzen Threadripper 3970X 32-Core Processor","","","","0","0","","","37.8","0","OPENBLAS_NUM_THREADS=1; e2e_host_memcpy=1; e2e_bw=mixed","0.06397257383966244","1,7770159399906235e-08","0.0011388185654008438","0","0","0.0","","0.0","0.0","8,423055555555555e-06","DE","0,125","1,0528819444444444e-06","0,0783099722222222","6,5960924658179e-07","0,09889","8,329559638888889e-07","0,0518570416666666","4,367947429050921e-07","0,12545","1,0566723194444444e-06","0,0950131388888888","8,003009473688264e-07","0,125","1,0528819444444444e-06","0,0783099722222222","6,5960924658179e-07","0,125","2,2212699249882794e-09","1,391580688991118e-09","1,0528819444444444e-06","0,09889","1,7572910630567275e-09","9,215078964242447e-10","8,329559638888889e-07","0,12545","2,2292664967182364e-09","1,688398623140984e-09","1,0566723194444444e-06","0,125","2,2212699249882794e-09","1,391580688991118e-09","1,0528819444444444e-06","483,51","4,072631591666666e-06","21,25","1,7898993055555554e-07","866,89","7,301862630555555e-06","8,592049771448664e-09","4,072631591666667e-06","3,776158872480075e-10","1,7898993055555557e-07","1,5404773482184714e-08","7,301862630555554e-06"
"2024-09-12 21:51:48+02:00","rock-tobefilledbyoem","AMD Ryzen Threadripper 3970X 32-Core Processor","0","kernel","1036","1.0","1.0582","1,0582","59,694","56.4","0","reduction","openblas","fp32","0","1036","267","1.0582","59.694","56.4","56.7","24864000000","23.5","kernel","kernel","0","AMD Ryzen Threadripper 3970X 32-Core Processor","","","","0","0","","","37.4","0","OPENBLAS_NUM_THREADS=1; e2e_host_memcpy=1; e2e_bw=mixed","0.05761969111969112","1,6005469755469755e-08","0.0010214285714285714","0","0","","","","","1,6581666666666667e-05","DE","0,125","2,072708333333333e-06","0,0783099722222222","1,2985098560648146e-06","0,09889","1,6397610166666668e-06","0,0518570416666666","8,598761792361101e-07","0,12545","2,0801700833333337e-06","0,0950131388888888","1,575476198009258e-06","0,125","2,072708333333333e-06","0,0783099722222222","1,2985098560648146e-06","0,125","2,0006837194337194e-09","1,253387891954454e-09","2,072708333333333e-06","0,09889","1,582780904118404e-09","8,299963120039671e-10","1,6397610166666666e-06","0,12545","2,007886180823681e-09","1,520729920858357e-09","2,0801700833333333e-06","0,125","2,0006837194337194e-09","1,253387891954454e-09","2,072708333333333e-06","483,51","8,01740165e-06","21,25","3,523604166666667e-07","866,89","1,4374481016666668e-05","7,738804681467182e-09","8,01740165e-06","3,401162323037323e-10","3,5236041666666664e-07","1,3874981676319175e-08","1,4374481016666665e-05"
"2024-09-12 21:51:48+02:00","rock-tobefilledbyoem","AMD Ryzen Threadripper 3970X 32-Core Processor","0","e2e","267","1.0","1.0582","0,6005","34,032","56.7","0","reduction","openblas","fp32","0","1036","267","1.0582","59.694","56.4","56.7","3204000000","5.34","e2e","e2e","0","AMD Ryzen Threadripper 3970X 32-Core Processor","","","","0","0","","","37.4","0","OPENBLAS_NUM_THREADS=1; e2e_host_memcpy=1; e2e_bw=mixed","0.12746067415730336","3,540574282147316e-08","0.002249063670411985","0","0","0.0","","0.0","0.0","9,453333333333331e-06","DE","0,125","1,1816666666666666e-06","0,0783099722222222","7,402902707407406e-07","0,09889","9,348401333333332e-07","0,0518570416666666","4,90221900555555e-07","0,12545","1,1859206666666668e-06","0,0950131388888888","8,981908729629622e-07","0,125","1,1816666666666666e-06","0,0783099722222222","7,402902707407406e-07","0,125","4,425717852684145e-09","2,7726227368567067e-09","1,1816666666666669e-06","0,09889","3,501273907615481e-09","1,836037080732416e-09","9,348401333333334e-07","0,12545","4,441650436953809e-09","3,364010760160907e-09","1,185920666666667e-06","0,125","4,425717852684145e-09","2,7726227368567067e-09","1,1816666666666669e-06","483,51","4,570781199999999e-06","21,25","2,008833333333333e-07","866,89","8,195000133333332e-06","1,7119030711610487e-08","4,5707812e-06","7,523720349563047e-10","2,0088333333333336e-07","3,069288439450687e-08","8,195000133333335e-06"
"2024-09-12 21:51:56+02:00","rock-tobefilledbyoem","AMD Ryzen Threadripper 3970X 32-Core Processor","0","kernel","615","1.0","1.0569","1,0569","60,512","57.3","0","reduction","openblas","fp32","0","615","216","1.0569","60.512","57.3","57.9","19680000000","18.62","kernel","kernel","0","AMD Ryzen Threadripper 3970X 32-Core Processor","","","","0","0","","","37.2","0","OPENBLAS_NUM_THREADS=1; e2e_host_memcpy=1; e2e_bw=mixed","0.09839349593495934","2,7331526648599816e-08","0.0017185365853658536","0","0","","","","","1,680888888888889e-05","DE","0,125","2,101111111111111e-06","0,0783099722222222","1,3163036219753084e-06","0,09889","1,6622310222222223e-06","0,0518570416666666","8,716592514814804e-07","0,12545","2,108675111111111e-06","0,0950131388888888","1,5970652945678998e-06","0,125","2,101111111111111e-06","0,0783099722222222","1,3163036219753084e-06","0,125","3,416440831074977e-09","2,140331092642777e-09","2,101111111111111e-06","0,09889","2,7028146702800362e-09","1,4173321162300491e-09","1,662231022222222e-06","0,12545","3,428740018066847e-09","2,59685413750878e-09","2,108675111111111e-06","0,125","3,416440831074977e-09","2,140331092642777e-09","2,101111111111111e-06","483,51","8,127265866666666e-06","21,25","3,571888888888889e-07","866,89","1,4571457688888887e-05","1,3215066449864498e-08","8,127265866666666e-06","5,807949412827461e-10","3,5718888888888884e-07","2,3693427136404693e-08","1,4571457688888886e-05"
"2024-09-12 21:51:56+02:00","rock-tobefilledbyoem","AMD Ryzen Threadripper 3970X 32-Core Processor","0","e2e","216","1.0","1.0569","0,6046","35,028","57.9","0","reduction","openblas","fp32","0","615","216","1.0569","60.512","57.3","57.9","3456000000","5.72","e2e","e2e","0","AMD Ryzen Threadripper 3970X 32-Core Processor","","","","0","0","","","37.2","0","OPENBLAS_NUM_THREADS=1; e2e_host_memcpy=1; e2e_bw=mixed","0.16216666666666665","4,5046296296296294e-08","0.002799074074074074","0","0","0.0","","0.0","0.0","9,73e-06","DE","0,125","1,21625e-06","0,0783099722222222","7,61956029722222e-07","0,09889","9,621997e-07","0,0518570416666666","5,04569015416666e-07","0,12545","1,2206285e-06","0,0950131388888888","9,24477841388888e-07","0,125","1,21625e-06","0,0783099722222222","7,61956029722222e-07","0,125","5,630787037037036e-09","3,527574211676953e-09","1,2162499999999998e-06","0,09889","4,45462824074074e-09","2,335967663966046e-09","9,621996999999998e-07","0,12545","5,6510578703703705e-09","4,2799900064300374e-09","1,2206284999999998e-06","0,125","5,630787037037036e-09","3,527574211676953e-09","1,2162499999999998e-06","483,51","4,704552299999999e-06","21,25","2,067625e-07","866,89","8,4348397e-06","2,178033472222222e-08","4,704552299999999e-06","9,572337962962963e-10","2,067625e-07","3,9050183796296293e-08","8,434839699999999e-06"
"2024-09-12 21:52:04+02:00","rock-tobefilledbyoem","AMD Ryzen Threadripper 3970X 32-Core Processor","0","kernel","423","1.0","1.0605","1,0605","60,561","57.1","0","reduction","openblas","fp32","0","423","129","1.0605","60.561","57.1","57.8","20304000000","19.15","kernel","kernel","0","AMD Ryzen Threadripper 3970X 32-Core Processor","","","","0","0","","","37.2","0","OPENBLAS_NUM_THREADS=1; e2e_host_memcpy=1; e2e_bw=mixed","0.14317021276595746","3,9769503546099295e-08","0.0025070921985815603","0","0","","","","","1,68225e-05","DE","0,125","2,1028125e-06","0,0783099722222222","1,3173695077083331e-06","0,09889","1,663577025e-06","0,0518570416666666","8,72365083437499e-07","0,12545","2,110382625e-06","0,0950131388888888","1,598358528958332e-06","0,125","2,1028125e-06","0,0783099722222222","1,3173695077083331e-06","0,125","4,971187943262412e-09","3,1143487179866033e-09","2,1028125e-06","0,09889","3,932806205673761e-09","2,062328802452716e-09","1,6635770250000005e-06","0,12545","4,989084219858157e-09","3,778625363967688e-09","2,110382625e-06","0,125","4,971187943262412e-09","3,1143487179866033e-09","2,1028125e-06","483,51","8,133846974999999e-06","21,25","3,5747812499999997e-07","866,89","1,4583257025e-05","1,922895265957447e-08","8,133846975e-06","8,451019503546101e-10","3,574781250000001e-07","3,4475784929078015e-08","1,4583257025e-05"
"2024-09-12 21:52:04+02:00","rock-tobefilledbyoem","AMD Ryzen Threadripper 3970X 32-Core Processor","0","e2e","129","1.0","1.0605","0,5319","30,727","57.8","0","reduction","openblas","fp32","0","423","129","1.0605","60.561","57.1","57.8","3096000000","5.82","e2e","e2e","0","AMD Ryzen Threadripper 3970X 32-Core Processor","","","","0","0","","","37.2","0","OPENBLAS_NUM_THREADS=1; e2e_host_memcpy=1; e2e_bw=mixed","0.23819379844961241","6,616494401378123e-08","0.004123255813953489","0","0","0.0","","0.0","0.0","8,535277777777778e-06","DE","0,125","1,0669097222222225e-06","0,0783099722222222","6,683973656867283e-07","0,09889","8,440536194444445e-07","0,0518570416666666","4,426142553587958e-07","0,12545","1,0707505972222223e-06","0,0950131388888888","8,109635329552463e-07","0,125","1,0669097222222225e-06","0,0783099722222222","6,683973656867283e-07","0,125","8,270618001722654e-09","5,181374927804095e-09","1,0669097222222225e-06","0,09889","6,543051313522826e-09","3,431118258595316e-09","8,440536194444446e-07","0,12545","8,300392226528856e-09","6,286539015156948e-09","1,0707505972222223e-06","0,125","8,270618001722654e-09","5,181374927804095e-09","1,0669097222222225e-06","483,51","4,126892158333334e-06","21,25","1,813746527777778e-07","866,89","7,399146952777778e-06","3,199141208010336e-08","4,126892158333334e-06","1,4060050602928512e-09","1,8137465277777782e-07","5,735772831610681e-08","7,399146952777778e-06"
"2024-09-12 21:52:12+02:00","rock-tobefilledbyoem","AMD Ryzen Threadripper 3970X 32-Core Processor","0","kernel","324","1.0","1.0601","1,0601","60,461","57.0","0","reduction","openblas","fp32","0","324","110","1.0601","60.461","57.0","57.7","20736000000","19.56","kernel","kernel","0","AMD Ryzen Threadripper 3970X 32-Core Processor","","","","0","0","","","37.2","0","OPENBLAS_NUM_THREADS=1; e2e_host_memcpy=1; e2e_bw=mixed","0.186608024691358","5,1835562414266114e-08","0.003271913580246914","0","0","","","","","1,679472222222222e-05","DE","0,125","2,0993402777777777e-06","0,0783099722222222","1,3151942307021602e-06","0,09889","1,6608300805555557e-06","0,0518570416666666","8,709246100578693e-07","0,12545","2,1068979027777777e-06","0,0950131388888888","1,595719275100307e-06","0,125","2,0993402777777777e-06","0,0783099722222222","1,3151942307021602e-06","0,125","6,479445301783264e-09","4,059241452784445e-09","2,0993402777777777e-06","0,09889","5,126018767146777e-09","2,688038919931695e-09","1,6608300805555557e-06","0,12545","6,5027713048696845e-09","4,92505949105033e-09","2,1068979027777777e-06","0,125","6,479445301783264e-09","4,059241452784445e-09","2,0993402777777777e-06","483,51","8,120416141666667e-06","21,25","3,568878472222222e-07","866,89","1,4559176747222222e-05","2,506301278292181e-08","8,120416141666667e-06","1,101505701303155e-09","3,568878472222222e-07","4,493573070130315e-08","1,455917674722222e-05"
"2024-09-12 21:52:12+02:00","rock-tobefilledbyoem","AMD Ryzen Threadripper 3970X 32-Core Processor","0","e2e","110","1.0","1.0601","0,5988","34,533","57.7","0","reduction","openblas","fp32","0","324","110","1.0601","60.461","57.0","57.7","3520000000","5.88","e2e","e2e","0","AMD Ryzen Threadripper 3970X 32-Core Processor","","","","0","0","","","37.2","0","OPENBLAS_NUM_THREADS=1; e2e_host_memcpy=1; e2e_bw=mixed","0.3139363636363636","8,720454545454548e-08","0.005443636363636364","0","0","0.0","","0.0","0.0","9,5925e-06","DE","0,125","1,1990625e-06","0,0783099722222222","7,511884085416665e-07","0,09889","9,48602325e-07","0,0518570416666666","4,974386721874994e-07","0,12545","1,203379125e-06","0,0950131388888888","9,114135347916658e-07","0,125","1,1990625e-06","0,0783099722222222","7,511884085416665e-07","0,125","1,0900568181818184e-08","6,828985532196969e-09","1,1990625000000002e-06","0,09889","8,623657500000002e-09","4,5221697471590865e-09","9,486023250000002e-07","0,12545","1,093981022727273e-08","8,285577589015146e-09","1,2033791250000004e-06","0,125","1,0900568181818184e-08","6,828985532196969e-09","1,1990625000000002e-06","483,51","4,638069675e-06","21,25","2,03840625e-07","866,89","8,315642325000001e-06","4,216426977272729e-08","4,638069675000002e-06","1,8530965909090914e-09","2,0384062500000005e-07","7,559674840909094e-08","8,315642325000003e-06"
"2024-09-12 21:52:20+02:00","rock-tobefilledbyoem","AMD Ryzen Threadripper 3970X 32-Core Processor","0","kernel","219","1.0","1.0561","1,0561","60,05","56.9","0","reduction","openblas","fp32","0","219","65","1.0561","60.05","56.9","57.5","21024000000","19.91","kernel","kernel","0","AMD Ryzen Threadripper 3970X 32-Core Processor","","","","0","0","","","37.2","0","OPENBLAS_NUM_THREADS=1; e2e_host_memcpy=1; e2e_bw=mixed","0.2742009132420091","7,616692034500255e-08","0.004822374429223744","0","0","","","","","1,6680555555555555e-05","DE","0,125","2,0850694444444444e-06","0,0783099722222222","1,3062538422067897e-06","0,09889","1,649540138888889e-06","0,0518570416666666","8,650042644675915e-07","0,12545","2,0925756944444443e-06","0,0950131388888888","1,5848719417438258e-06","0,125","2,0850694444444444e-06","0,0783099722222222","1,3062538422067897e-06","0,125","9,52086504312532e-09","5,964629416469361e-09","2,085069444444445e-06","0,09889","7,532146752917303e-09","3,949791161952474e-09","1,6495401388888892e-06","0,12545","9,55514015728057e-09","7,2368581814786585e-09","2,0925756944444448e-06","0,125","9,52086504312532e-09","5,964629416469361e-09","2,085069444444445e-06","483,51","8,065215416666667e-06","21,25","3,5446180555555556e-07","866,89","1,4460206805555554e-05","3,682746765601218e-08","8,065215416666667e-06","1,618547057331304e-09","3,544618055555556e-07","6,602834157787926e-08","1,4460206805555559e-05"
"2024-09-12 21:52:20+02:00","rock-tobefilledbyoem","AMD Ryzen Threadripper 3970X 32-Core Processor","0","e2e","65","1.0","1.0561","0,5279","30,366","57.5","0","reduction","openblas","fp32","0","219","65","1.0561","60.05","56.9","57.5","3120000000","5.91","e2e","e2e","0","AMD Ryzen Threadripper 3970X 32-Core Processor","","","","0","0","","","37.2","0","OPENBLAS_NUM_THREADS=1; e2e_host_memcpy=1; e2e_bw=mixed","0.4671692307692308","1,2976923076923076e-07","0.008121538461538461","0","0","0.0","","0.0","0.0","8,435e-06","DE","0,125","1,054375e-06","0,0783099722222222","6,605446156944442e-07","0,09889","8,341371500000001e-07","0,0518570416666666","4,374141464583328e-07","0,12545","1,05817075e-06","0,0950131388888888","8,01435826527777e-07","0,125","1,054375e-06","0,0783099722222222","6,605446156944442e-07","0,125","1,6221153846153845e-08","1,0162224856837604e-08","1,054375e-06","0,09889","1,283287923076923e-08","6,729448407051274e-09","8,3413715e-07","0,12545","1,627955e-08","1,2329781946581186e-08","1,05817075e-06","0,125","1,6221153846153845e-08","1,0162224856837604e-08","1,054375e-06","483,51","4,07840685e-06","21,25","1,7924375e-07","866,89","7,31221715e-06","6,274472076923076e-08","4,07840685e-06","2,7575961538461538e-09","1,7924375e-07","1,1249564846153846e-07","7,31221715e-06"
"2024-09-12 21:52:29+02:00","rock-tobefilledbyoem","AMD Ryzen Threadripper 3970X 32-Core Processor","0","kernel","166","1.0","1.0615","1,0615","60,289","56.8","0","reduction","openblas","fp32","0","166","56","1.0615","60.289","56.8","57.6","21248000000","20.02","kernel","kernel","0","AMD Ryzen Threadripper 3970X 32-Core Processor","","","","0","0","","","37.2","0","OPENBLAS_NUM_THREADS=1; e2e_host_memcpy=1; e2e_bw=mixed","0.36318674698795184","1,0088520749665328e-07","0.006394578313253013","0","0","","","","","1,6746944444444446e-05","DE","0,125","2,093368055555556e-06","0,0783099722222222","1,3114527542515432e-06","0,09889","1,6561053361111114e-06","0,0518570416666666","8,684469958449064e-07","0,12545","2,100904180555556e-06","0,0950131388888888","1,591179758464505e-06","0,125","2,093368055555556e-06","0,0783099722222222","1,3114527542515432e-06","0,125","1,261065093708166e-08","7,900317796696042e-09","2,093368055555556e-06","0,09889","9,976538169344044e-09","5,2316084087042555e-09","1,6561053361111112e-06","0,12545","1,2656049280455157e-08","9,585420231713884e-09","2,100904180555556e-06","0,125","1,261065093708166e-08","7,900317796696042e-09","2,093368055555556e-06","483,51","8,097315108333334e-06","21,25","3,5587256944444446e-07","866,89","1,4517758669444447e-05","4,877900667670683e-08","8,097315108333334e-06","2,1438106593038823e-09","3,5587256944444446e-07","8,745637752677376e-08","1,4517758669444445e-05"
"2024-09-12 21:52:29+02:00","rock-tobefilledbyoem","AMD Ryzen Threadripper 3970X 32-Core Processor","0","e2e","56","1.0","1.0615","0,6073","34,97","57.6","0","reduction","openblas","fp32","0","166","56","1.0615","60.289","56.8","57.6","3584000000","5.9","e2e","e2e","0","AMD Ryzen Threadripper 3970X 32-Core Processor","","","","0","0","","","37.2","0","OPENBLAS_NUM_THREADS=1; e2e_host_memcpy=1; e2e_bw=mixed","0.6244642857142857","1,7346230158730157e-07","0.010844642857142857","0","0","0.0","","0.0","0.0","9,713888888888888e-06","DE","0,125","1,214236111111111e-06","0,0783099722222222","7,606943690586418e-07","0,09889","9,606064722222222e-07","0,0518570416666666","5,037335408564808e-07","0,12545","1,218607361111111e-06","0,0950131388888888","9,229470741512336e-07","0,125","1,214236111111111e-06","0,0783099722222222","7,606943690586418e-07","0,125","2,1682787698412696e-08","1,3583828018904315e-08","1,214236111111111e-06","0,09889","1,7153687003968252e-08","8,995241801008586e-09","9,606064722222222e-07","0,12545","2,1760845734126985e-08","1,6481197752700602e-08","1,2186073611111112e-06","0,125","2,1682787698412696e-08","1,3583828018904315e-08","1,214236111111111e-06","483,51","4,6967624166666654e-06","21,25","2,0642013888888888e-07","866,89","8,420873138888889e-06","8,387075744047618e-08","4,696762416666666e-06","3,6860739087301584e-09","2,0642013888888886e-07","1,5037273462301587e-07","8,420873138888889e-06"
"2024-09-12 21:52:37+02:00","rock-tobefilledbyoem","AMD Ryzen Threadripper 3970X 32-Core Processor","0","kernel","111","1.0","1.0619","1,0619","60,29","56.8","0","reduction","openblas","fp32","0","111","33","1.0619","60.29","56.8","57.4","21312000000","20.07","kernel","kernel","0","AMD Ryzen Threadripper 3970X 32-Core Processor","","","","0","0","","","37.2","0","OPENBLAS_NUM_THREADS=1; e2e_host_memcpy=1; e2e_bw=mixed","0.5431531531531532","1,508758758758759e-07","0.009566666666666668","0","0","","","","","1,6747222222222222e-05","DE","0,125","2,093402777777778e-06","0,0783099722222222","1,3114745070216049e-06","0,09889","1,6561328055555556e-06","0,0518570416666666","8,684614005787026e-07","0,12545","2,1009390277777777e-06","0,0950131388888888","1,591206151003085e-06","0,125","2,093402777777778e-06","0,0783099722222222","1,3114745070216049e-06","0,125","1,8859484484484488e-08","1,1815085648843287e-08","2,0934027777777782e-06","0,09889","1,492011536536537e-08","7,823976581790115e-09","1,656132805555556e-06","0,12545","1,8927378628628638e-08","1,4335190549577345e-08","2,1009390277777786e-06","0,125","1,8859484484484488e-08","1,1815085648843287e-08","2,0934027777777782e-06","483,51","8,097449416666666e-06","21,25","3,558784722222222e-07","866,89","1,4517999472222221e-05","7,294999474474475e-08","8,097449416666668e-06","3,2061123623623633e-09","3,558784722222223e-07","1,3079278803803805e-07","1,4517999472222223e-05"
"2024-09-12 21:52:37+02:00","rock-tobefilledbyoem","AMD Ryzen Threadripper 3970X 32-Core Processor","0","e2e","33","1.0","1.0619","0,5325","30,574","57.4","0","reduction","openblas","fp32","0","111","33","1.0619","60.29","56.8","57.4","3168000000","5.95","e2e","e2e","0","AMD Ryzen Threadripper 3970X 32-Core Processor","","","","0","0","","","37.2","0","OPENBLAS_NUM_THREADS=1; e2e_host_memcpy=1; e2e_bw=mixed","0.9264848484848486","2,573569023569024e-07","0.016136363636363636","0","0","0.0","","0.0","0.0","8,492777777777778e-06","DE","0,125","1,0615972222222225e-06","0,0783099722222222","6,650691918672839e-07","0,09889","8,398507944444446e-07","0,0518570416666666","4,404103310879625e-07","0,12545","1,0654189722222225e-06","0,0950131388888888","8,069254745524685e-07","0,125","1,0615972222222225e-06","0,0783099722222222","6,650691918672839e-07","0,125","3,21696127946128e-08","2,015361187476618e-08","1,0615972222222225e-06","0,09889","2,545002407407408e-08","1,3345767608726138e-08","8,398507944444447e-07","0,12545","3,228542340067341e-08","2,4452287107650564e-08","1,0654189722222225e-06","0,125","3,21696127946128e-08","2,015361187476618e-08","1,0615972222222225e-06","483,51","4,1063429833333334e-06","21,25","1,8047152777777777e-07","866,89","7,362304127777778e-06","1,244346358585859e-07","4,106342983333335e-06","5,468834175084176e-09","1,8047152777777782e-07","2,2310012508417515e-07","7,3623041277777804e-06"
"2024-09-12 21:52:45+02:00","rock-tobefilledbyoem","AMD Ryzen Threadripper 3970X 32-Core Processor","0","kernel","84","1.0","1.0629","1,0629","60,295","56.7","0","reduction","openblas","fp32","0","84","28","1.0629","60.295","56.7","57.4","21504000000","20.23","kernel","kernel","0","AMD Ryzen Threadripper 3970X 32-Core Processor","","","","0","0","","","37.5","0","OPENBLAS_NUM_THREADS=1; e2e_host_memcpy=1; e2e_bw=mixed","0.7177976190476191","1,9938822751322757e-07","0.012653571428571427","0","0","","","","","1,6748611111111113e-05","DE","0,125","2,093576388888889e-06","0,0783099722222222","1,3115832708719134e-06","0,09889","1,656270152777778e-06","0,0518570416666666","8,685334242476842e-07","0,12545","2,101113263888889e-06","0,0950131388888888","1,5913381136959864e-06","0,125","2,093576388888889e-06","0,0783099722222222","1,3115832708719134e-06","0,125","2,4923528439153443e-08","1,5614086557998973e-08","2,093576388888889e-06","0,09889","1,9717501818783076e-08","1,0339683621996242e-08","1,656270152777778e-06","0,12545","2,50132531415344e-08","1,8944501353523648e-08","2,101113263888889e-06","0,125","2,4923528439153443e-08","1,5614086557998973e-08","2,093576388888889e-06","483,51","8,098120958333335e-06","21,25","3,5590798611111115e-07","866,89","1,4519203486111112e-05","9,640620188492066e-08","8,098120958333335e-06","4,236999834656086e-09","3,559079861111112e-07","1,7284766054894185e-07","1,4519203486111115e-05"
"2024-09-12 21:52:45+02:00","rock-tobefilledbyoem","AMD Ryzen Threadripper 3970X 32-Core Processor","0","e2e","28","1.0","1.0629","0,601","34,511","57.4","0","reduction","openblas","fp32","0","84","28","1.0629","60.295","56.7","57.4","3584000000","5.96","e2e","e2e","0","AMD Ryzen Threadripper 3970X 32-Core Processor","","","","0","0","","","37.5","0","OPENBLAS_NUM_THREADS=1; e2e_host_memcpy=1; e2e_bw=mixed","1.2325357142857143","3,4237103174603173e-07","0.021464285714285714","0","0","0.0","","0.0","0.0","9,58638888888889e-06","DE","0,125","1,1982986111111112e-06","0,0783099722222222","7,507098476003086e-07","0,09889","9,479979972222224e-07","0,0518570416666666","4,971217680439809e-07","0,12545","1,2026124861111114e-06","0,0950131388888888","9,108328989429004e-07","0,125","1,1982986111111112e-06","0,0783099722222222","7,507098476003086e-07","0,125","4,2796378968253966e-08","2,68110659857253e-08","1,198298611111111e-06","0,09889","3,3857071329365085e-08","1,77543488587136e-08","9,479979972222222e-07","0,12545","4,295044593253968e-08","3,252974639081787e-08","1,2026124861111111e-06","0,125","4,2796378968253966e-08","2,68110659857253e-08","1,198298611111111e-06","483,51","4,635114891666666e-06","21,25","2,037107638888889e-07","866,89","8,310344663888889e-06","1,655398175595238e-07","4,635114891666666e-06","7,275384424603174e-09","2,0371076388888887e-07","2,967980237103174e-07","8,310344663888887e-06"
"2024-09-12 21:52:53+02:00","rock-tobefilledbyoem","AMD Ryzen Threadripper 3970X 32-Core Processor","0","kernel","56","1.0","1.0748","1,0748","61,103","56.9","0","reduction","openblas","fp32","0","56","17","1.0748","61.103","56.9","57.6","21504000000","20.01","kernel","kernel","0","AMD Ryzen Threadripper 3970X 32-Core Processor","","","","0","0","","","37.2","0","OPENBLAS_NUM_THREADS=1; e2e_host_memcpy=1; e2e_bw=mixed","1.0911250000000001","3,030902777777779e-07","0.019192857142857143","0","0","","","","","1,6973055555555556e-05","DE","0,125","2,1216319444444445e-06","0,0783099722222222","1,3291595090817898e-06","0,09889","1,678465463888889e-06","0,0518570416666666","8,801724491550916e-07","0,12545","2,1292698194444445e-06","0,0950131388888888","1,612663284868826e-06","0,125","2,1216319444444445e-06","0,0783099722222222","1,3291595090817898e-06","0,125","3,788628472222224e-08","2,37349912336034e-08","2,1216319444444454e-06","0,09889","2,9972597569444455e-08","1,5717365163483783e-08","1,6784654638888894e-06","0,12545","3,8022675347222245e-08","2,8797558658371895e-08","2,1292698194444454e-06","0,125","3,788628472222224e-08","2,37349912336034e-08","2,1216319444444454e-06","483,51","8,206642091666668e-06","21,25","3,606774305555556e-07","866,89","1,4713772130555556e-05","1,4654718020833338e-07","8,20664209166667e-06","6,44066840277778e-09","3,6067743055555564e-07","2,627459309027779e-07","1,4713772130555561e-05"
"2024-09-12 21:52:53+02:00","rock-tobefilledbyoem","AMD Ryzen Threadripper 3970X 32-Core Processor","0","e2e","17","1.0","1.0748","0,5496","31,633","57.6","0","reduction","openblas","fp32","0","56","17","1.0748","61.103","56.9","57.6","3264000000","5.94","e2e","e2e","0","AMD Ryzen Threadripper 3970X 32-Core Processor","","","","0","0","","","37.2","0","OPENBLAS_NUM_THREADS=1; e2e_host_memcpy=1; e2e_bw=mixed","1.8607647058823529","5,168790849673202e-07","0.032329411764705884","0","0","0.0","","0.0","0.0","8,786944444444445e-06","DE","0,125","1,0983680555555556e-06","0,0783099722222222","6,881053753626541e-07","0,09889","8,689409361111111e-07","0,0518570416666666","4,556649441782402e-07","0,12545","1,1023221805555556e-06","0,0950131388888888","8,348751729089499e-07","0,125","1,0983680555555556e-06","0,0783099722222222","6,881053753626541e-07","0,125","6,460988562091504e-08","4,0476786786038486e-08","1,0983680555555556e-06","0,09889","5,11141727124183e-08","2,6803820245778837e-08","8,689409361111111e-07","0,12545","6,484248120915033e-08","4,911030428876176e-08","1,1023221805555554e-06","0,125","6,460988562091504e-08","4,0476786786038486e-08","1,0983680555555556e-06","483,51","4,248575508333333e-06","21,25","1,8672256944444446e-07","866,89","7,617314269444444e-06","2,4991620637254897e-07","4,248575508333333e-06","1,0983680555555554e-08","1,8672256944444443e-07","4,480773099673202e-07","7,617314269444443e-06"
"2024-09-12 21:53:02+02:00","rock-tobefilledbyoem","AMD Ryzen Threadripper 3970X 32-Core Processor","0","kernel","42","1.0","1.0886","1,0886","61,799","56.8","0","reduction","openblas","fp32","0","42","14","1.0886","61.799","56.8","57.4","21504000000","19.75","kernel","kernel","0","AMD Ryzen Threadripper 3970X 32-Core Processor","","","","0","0","","","37.2","0","OPENBLAS_NUM_THREADS=1; e2e_host_memcpy=1; e2e_bw=mixed","1.4714047619047619","4,08723544973545e-07","0.02591904761904762","0","0","","","","","1,716638888888889e-05","DE","0,125","2,1457986111111112e-06","0,0783099722222222","1,344299437044753e-06","0,09889","1,6975841972222225e-06","0,0518570416666666","8,901981438773137e-07","0,12545","2,1535234861111117e-06","0,0950131388888888","1,6310324917206776e-06","0,125","2,1457986111111112e-06","0,0783099722222222","1,344299437044753e-06","0,125","5,1090443121693126e-08","3,20071294534465e-08","2,1457986111111112e-06","0,09889","4,0418671362433874e-08","2,1195193901840804e-08","1,6975841972222225e-06","0,12545","5,1274368716931226e-08","3,883410694573042e-08","2,1535234861111117e-06","0,125","5,1090443121693126e-08","3,20071294534465e-08","2,1457986111111112e-06","483,51","8,300120691666668e-06","21,25","3,647857638888889e-07","866,89","1,4881370863888888e-05","1,9762192123015873e-07","8,300120691666666e-06","8,685375330687832e-09","3,6478576388888893e-07","3,543183539021164e-07","1,488137086388889e-05"
"2024-09-12 21:53:02+02:00","rock-tobefilledbyoem","AMD Ryzen Threadripper 3970X 32-Core Processor","0","e2e","14","1.0","1.0886","0,615","35,276","57.4","0","reduction","openblas","fp32","0","42","14","1.0886","61.799","56.8","57.4","3584000000","5.83","e2e","e2e","0","AMD Ryzen Threadripper 3970X 32-Core Processor","","","","0","0","","","37.2","0","OPENBLAS_NUM_THREADS=1; e2e_host_memcpy=1; e2e_bw=mixed","2.519714285714286","6,99920634920635e-07","0.04392857142857143","0","0","0.0","","0.0","0.0","9,79888888888889e-06","DE","0,125","1,2248611111111112e-06","0,0783099722222222","7,673507166975308e-07","0,09889","9,690121222222224e-07","0,0518570416666666","5,081413893981476e-07","0,12545","1,2292706111111113e-06","0,0950131388888888","9,310231909567894e-07","0,125","1,2248611111111112e-06","0,0783099722222222","7,673507166975308e-07","0,125","8,749007936507937e-08","5,481076547839505e-08","1,2248611111111112e-06","0,09889","6,92151515873016e-08","3,629581352843911e-08","9,690121222222224e-07","0,12545","8,780504365079367e-08","6,650165649691352e-08","1,2292706111111113e-06","0,125","8,749007936507937e-08","5,481076547839505e-08","1,2248611111111112e-06","483,51","4,737860766666667e-06","21,25","2,082263888888889e-07","866,89","8,494558788888889e-06","3,384186261904762e-07","4,737860766666667e-06","1,4873313492063494e-08","2,0822638888888893e-07","6,067541992063492e-07","8,494558788888889e-06"
"2024-09-12 21:53:11+02:00","rock-tobefilledbyoem","AMD Ryzen Threadripper 3970X 32-Core Processor","0","kernel","28","1.0","1.0479","1,0479","59,452","56.7","0","reduction","openblas","fp32","0","28","9","1.0479","59.452","56.7","57.4","21504000000","20.52","kernel","kernel","0","AMD Ryzen Threadripper 3970X 32-Core Processor","","","","0","0","","","37.5","0","OPENBLAS_NUM_THREADS=1; e2e_host_memcpy=1; e2e_bw=mixed","2.123285714285714","5,898015873015872e-07","0.037425","0","0","","","","","1,6514444444444445e-05","DE","0,125","2,064305555555556e-06","0,0783099722222222","1,2932456857098765e-06","0,09889","1,6331134111111112e-06","0,0518570416666666","8,563902336574064e-07","0,12545","2,071737055555556e-06","0,0950131388888888","1,569089203672838e-06","0,125","2,064305555555556e-06","0,0783099722222222","1,2932456857098765e-06","0,125","7,37251984126984e-08","4,618734591820986e-08","2,064305555555555e-06","0,09889","5,832547896825397e-08","3,058536548776451e-08","1,633113411111111e-06","0,12545","7,399060912698412e-08","5,6038900131172784e-08","2,071737055555556e-06","0,125","7,37251984126984e-08","4,618734591820986e-08","2,064305555555555e-06","483,51","7,984899033333333e-06","21,25","3,509319444444444e-07","866,89","1,4316206744444445e-05","2,8517496547619045e-07","7,984899033333333e-06","1,2533283730158729e-08","3,509319444444444e-07","5,11293098015873e-07","1,4316206744444443e-05"
"2024-09-12 21:53:11+02:00","rock-tobefilledbyoem","AMD Ryzen Threadripper 3970X 32-Core Processor","0","e2e","9","1.0","1.0479","0,5765","33,092","57.4","0","reduction","openblas","fp32","0","28","9","1.0479","59.452","56.7","57.4","3456000000","5.99","e2e","e2e","0","AMD Ryzen Threadripper 3970X 32-Core Processor","","","","0","0","","","37.5","0","OPENBLAS_NUM_THREADS=1; e2e_host_memcpy=1; e2e_bw=mixed","3.6768888888888887","1,021358024691358e-06","0.06405555555555556","0","0","0.0","","0.0","0.0","9,192222222222224e-06","DE","0,125","1,1490277777777778e-06","0,0783099722222222","7,19842666882716e-07","0,09889","9,090188555555556e-07","0,0518570416666666","4,766814507870365e-07","0,12545","1,153164277777778e-06","0,0950131388888888","8,733818866975302e-07","0,125","1,1490277777777778e-06","0,0783099722222222","7,19842666882716e-07","0,125","1,2766975308641976e-07","7,9982518542524e-08","1,1490277777777778e-06","0,09889","1,0100209506172841e-07","5,296460564300405e-08","9,090188555555556e-07","0,12545","1,2812936419753088e-07","9,704243185528113e-08","1,153164277777778e-06","0,125","1,2766975308641976e-07","7,9982518542524e-08","1,1490277777777778e-06","483,51","4,4445313666666675e-06","21,25","1,9533472222222226e-07","866,89","7,968645522222224e-06","4,938368185185186e-07","4,4445313666666675e-06","2,170385802469136e-08","1,9533472222222224e-07","8,854050580246914e-07","7,968645522222222e-06"
"2024-09-12 21:53:19+02:00","rock-tobefilledbyoem","AMD Ryzen Threadripper 3970X 32-Core Processor","0","kernel","22","1.0","1.0957","1,0957","62,082","56.7","0","reduction","openblas","fp32","0","22","7","1.0957","62.082","56.7","57.4","22528000000","20.56","kernel","kernel","0","AMD Ryzen Threadripper 3970X 32-Core Processor","","","","0","0","","","37.5","0","OPENBLAS_NUM_THREADS=1; e2e_host_memcpy=1; e2e_bw=mixed","2.821909090909091","7,838636363636365e-07","0.04980454545454545","0","0","","","","","1,7245000000000002e-05","DE","0,125","2,155625e-06","0,0783099722222222","1,3504554709722222e-06","0,09889","1,7053580500000003e-06","0,0518570416666666","8,942746835416656e-07","0,12545","2,1633852500000004e-06","0,0950131388888888","1,6385015801388877e-06","0,125","2,155625e-06","0,0783099722222222","1,3504554709722222e-06","0,125","9,798295454545457e-08","6,138433958964646e-08","2,155625e-06","0,09889","7,751627500000002e-08","4,06488492518939e-08","1,7053580500000003e-06","0,12545","9,83356931818182e-08","7,447734455176764e-08","2,1633852500000004e-06","0,125","9,798295454545457e-08","6,138433958964646e-08","2,155625e-06","483,51","8,33812995e-06","21,25","3,6645625000000007e-07","866,89","1,4949518050000001e-05","3,7900590681818187e-07","8,33812995e-06","1,6657102272727276e-08","3,6645625000000007e-07","6,795235477272729e-07","1,4949518050000003e-05"
"2024-09-12 21:53:19+02:00","rock-tobefilledbyoem","AMD Ryzen Threadripper 3970X 32-Core Processor","0","e2e","7","1.0","1.0957","0,5983","34,344","57.4","0","reduction","openblas","fp32","0","22","7","1.0957","62.082","56.7","57.4","3584000000","5.99","e2e","e2e","0","AMD Ryzen Threadripper 3970X 32-Core Processor","","","","0","0","","","37.5","0","OPENBLAS_NUM_THREADS=1; e2e_host_memcpy=1; e2e_bw=mixed","4.906285714285715","1,362857142857143e-06","0.08547142857142857","0","0","0.0","","0.0","0.0","9,54e-06","DE","0,125","1,1925e-06","0,0783099722222222","7,470771349999999e-07","0,09889","9,434106e-07","0,0518570416666666","4,947161774999994e-07","0,12545","1,196793e-06","0,0950131388888888","9,064253449999992e-07","0,125","1,1925e-06","0,0783099722222222","7,470771349999999e-07","0,125","1,703571428571429e-07","1,06725305e-07","1,1925e-06","0,09889","1,3477294285714288e-07","7,067373964285708e-08","9,434106000000002e-07","0,12545","1,709704285714286e-07","1,294893349999999e-07","1,196793e-06","0,125","1,703571428571429e-07","1,06725305e-07","1,1925e-06","483,51","4,6126854e-06","21,25","2,02725e-07","866,89","8,2701306e-06","6,589550571428572e-07","4,6126854e-06","2,896071428571429e-08","2,0272500000000004e-07","1,1814472285714286e-06","8,2701306e-06"
"2024-09-12 21:53:29+02:00","rock-tobefilledbyoem","AMD Ryzen Threadripper 3970X 32-Core Processor","0","kernel","18","1.0","1.1264","1,1264","63,871","56.7","0","reduction","openblas","fp32","0","18","7","1.1264","63.871","56.7","57.4","23040000000","20.45","kernel","kernel","0","AMD Ryzen Threadripper 3970X 32-Core Processor","","","","0","0","","","37.5","0","OPENBLAS_NUM_THREADS=1; e2e_host_memcpy=1; e2e_bw=mixed","3.548388888888889","9,856635802469137e-07","0.06257777777777779","0","0","","","","","1,7741944444444446e-05","DE","0,125","2,217743055555556e-06","0,0783099722222222","1,389371176612654e-06","0,09889","1,7545008861111114e-06","0,0518570416666666","9,200447523032396e-07","0,12545","2,225726930555556e-06","0,0950131388888888","1,6857178316589493e-06","0,125","2,217743055555556e-06","0,0783099722222222","1,389371176612654e-06","0,125","1,232079475308642e-07","7,718728758959189e-08","2,217743055555556e-06","0,09889","9,74722714506173e-08","5,111359735017998e-08","1,7545008861111114e-06","0,12545","1,2365149614197532e-07","9,365099064771941e-08","2,225726930555556e-06","0,125","1,232079475308642e-07","7,718728758959189e-08","2,217743055555556e-06","483,51","8,578407558333334e-06","21,25","3,7701631944444445e-07","866,89","1,5380314219444445e-05","4,7657819768518525e-07","8,578407558333334e-06","2,0945351080246915e-08","3,7701631944444445e-07","8,544619010802471e-07","1,538031421944445e-05"
"2024-09-12 21:53:29+02:00","rock-tobefilledbyoem","AMD Ryzen Threadripper 3970X 32-Core Processor","0","e2e","7","1.0","1.1264","0,7535","43,25","57.4","0","reduction","openblas","fp32","0","18","7","1.1264","63.871","56.7","57.4","4480000000","5.95","e2e","e2e","0","AMD Ryzen Threadripper 3970X 32-Core Processor","","","","0","0","","","37.5","0","OPENBLAS_NUM_THREADS=1; e2e_host_memcpy=1; e2e_bw=mixed","6.178571428571429","1,7162698412698414e-06","0.10764285714285714","0","0","0.0","","0.0","0.0","1,201388888888889e-05","DE","0,125","1,5017361111111112e-06","0,0783099722222222","9,408073051697528e-07","0,09889","1,1880534722222224e-06","0,0518570416666666","6,230047366898141e-07","0,12545","1,5071423611111112e-06","0,0950131388888888","1,141477293595678e-06","0,125","1,5017361111111112e-06","0,0783099722222222","9,408073051697528e-07","0,125","2,1453373015873017e-07","1,34401043595679e-07","1,5017361111111112e-06","0,09889","1,6972192460317465e-07","8,900067666997343e-08","1,1880534722222224e-06","0,12545","2,153060515873016e-07","1,6306818479938257e-07","1,5071423611111112e-06","0,125","2,1453373015873017e-07","1,34401043595679e-07","1,5017361111111112e-06","483,51","5,808835416666667e-06","21,25","2,552951388888889e-07","866,89","1,0414720138888889e-05","8,29833630952381e-07","5,8088354166666665e-06","3,6470734126984126e-08","2,552951388888889e-07","1,4878171626984127e-06","1,0414720138888889e-05"
"2024-09-12 21:53:39+02:00","rock-tobefilledbyoem","AMD Ryzen Threadripper 3970X 32-Core Processor","0","kernel","14","1.0","1.0596","1,0596","60,103","56.7","0","reduction","openblas","fp32","0","14","6","1.0596","60.103","56.7","57.3","21504000000","20.29","kernel","kernel","0","AMD Ryzen Threadripper 3970X 32-Core Processor","","","","0","0","","","37.5","0","OPENBLAS_NUM_THREADS=1; e2e_host_memcpy=1; e2e_bw=mixed","4.293071428571428","1,1925198412698413e-06","0.07568571428571429","0","0","","","","","1,6695277777777778e-05","DE","0,125","2,0869097222222223e-06","0,0783099722222222","1,3074067390200615e-06","0,09889","1,6509960194444446e-06","0,0518570416666666","8,657677153587952e-07","0,12545","2,0944225972222224e-06","0,0950131388888888","1,586270746288579e-06","0,125","2,0869097222222223e-06","0,0783099722222222","1,3074067390200615e-06","0,125","1,4906498015873016e-07","9,33861956442901e-08","2,0869097222222223e-06","0,09889","1,1792828710317461e-07","6,184055109705681e-08","1,6509960194444446e-06","0,12545","1,496016140873016e-07","1,1330505330632707e-07","2,0944225972222224e-06","0,125","1,4906498015873016e-07","9,33861956442901e-08","2,0869097222222223e-06","483,51","8,072333758333333e-06","21,25","3,5477465277777777e-07","866,89","1,4472969352777778e-05","5,765952684523809e-07","8,072333758333333e-06","2,5341046626984127e-08","3,5477465277777777e-07","1,0337835251984126e-06","1,4472969352777776e-05"
"2024-09-12 21:53:39+02:00","rock-tobefilledbyoem","AMD Ryzen Threadripper 3970X 32-Core Processor","0","e2e","6","1.0","1.0596","0,7815","44,769","57.3","0","reduction","openblas","fp32","0","14","6","1.0596","60.103","56.7","57.3","4608000000","5.9","e2e","e2e","0","AMD Ryzen Threadripper 3970X 32-Core Processor","","","","0","0","","","37.5","0","OPENBLAS_NUM_THREADS=1; e2e_host_memcpy=1; e2e_bw=mixed","7.4615","2,072638888888889e-06","0.13025","0","0","0.0","","0.0","0.0","1,2435833333333332e-05","DE","0,125","1,5544791666666663e-06","0,0783099722222222","9,73849762893518e-07","0,09889","1,2297795583333331e-06","0,0518570416666666","6,44885527326388e-07","0,12545","1,5600752916666663e-06","0,0950131388888888","1,181567559699073e-06","0,125","1,5544791666666663e-06","0,0783099722222222","9,73849762893518e-07","0,125","2,590798611111111e-07","1,623082938155864e-07","1,5544791666666667e-06","0,09889","2,0496325972222227e-07","1,0748092122106469e-07","1,2297795583333335e-06","0,12545","2,600125486111111e-07","1,969279266165122e-07","1,5600752916666668e-06","0,125","2,590798611111111e-07","1,623082938155864e-07","1,5544791666666667e-06","483,51","6,012849775e-06","21,25","2,642614583333333e-07","866,89","1,0780499558333331e-05","1,0021416291666667e-06","6,012849775e-06","4,404357638888889e-08","2,6426145833333336e-07","1,796749926388889e-06","1,0780499558333334e-05"
"2024-09-12 21:53:48+02:00","rock-tobefilledbyoem","AMD Ryzen Threadripper 3970X 32-Core Processor","0","kernel","11","1.0","1.0774","1,0774","61,106","56.7","0","reduction","openblas","fp32","0","11","4","1.0774","61.106","56.7","57.3","22528000000","20.91","kernel","kernel","0","AMD Ryzen Threadripper 3970X 32-Core Processor","","","","0","0","","","37.5","0","OPENBLAS_NUM_THREADS=1; e2e_host_memcpy=1; e2e_bw=mixed","5.555090909090909","1,5430808080808082e-06","0.09794545454545454","0","0","","","","","1,6973888888888888e-05","DE","0,125","2,121736111111111e-06","0,0783099722222222","1,329224767391975e-06","0,09889","1,6785478722222222e-06","0,0518570416666666","8,802156633564804e-07","0,12545","2,129374361111111e-06","0,0950131388888888","1,6127424624845665e-06","0,125","2,121736111111111e-06","0,0783099722222222","1,329224767391975e-06","0,125","1,9288510101010105e-07","1,2083861521745228e-07","2,121736111111111e-06","0,09889","1,5259526111111113e-07","8,001960575968005e-08","1,6785478722222224e-06","0,12545","1,935794873737374e-07","1,466129511349606e-07","2,129374361111111e-06","0,125","1,9288510101010105e-07","1,2083861521745228e-07","2,121736111111111e-06","483,51","8,207045016666665e-06","21,25","3,6069513888888885e-07","866,89","1,4714494538888888e-05","7,460950015151515e-07","8,207045016666667e-06","3,2790467171717174e-08","3,606951388888889e-07","1,3376813217171718e-06","1,471449453888889e-05"
"2024-09-12 21:53:48+02:00","rock-tobefilledbyoem","AMD Ryzen Threadripper 3970X 32-Core Processor","0","e2e","4","1.0","1.0774","0,679","38,933","57.3","0","reduction","openblas","fp32","0","11","4","1.0774","61.106","56.7","57.3","4096000000","6.03","e2e","e2e","0","AMD Ryzen Threadripper 3970X 32-Core Processor","","","","0","0","","","37.5","0","OPENBLAS_NUM_THREADS=1; e2e_host_memcpy=1; e2e_bw=mixed","9.73325","2,703680555555556e-06","0.16975","0","0","0.0","","0.0","0.0","1,0814722222222225e-05","DE","0,125","1,351840277777778e-06","0,0783099722222222","8,469005968132714e-07","0,09889","1,0694678805555556e-06","0,0518570416666666","5,608195008912031e-07","0,12545","1,356706902777778e-06","0,0950131388888888","1,0275407045447525e-06","0,125","1,351840277777778e-06","0,0783099722222222","8,469005968132714e-07","0,125","3,379600694444445e-07","2,117251492033179e-07","1,351840277777778e-06","0,09889","2,6736697013888896e-07","1,402048752228008e-07","1,0694678805555558e-06","0,12545","3,3917672569444454e-07","2,568851761361881e-07","1,3567069027777782e-06","0,125","3,379600694444445e-07","2,117251492033179e-07","1,351840277777778e-06","483,51","5,2290263416666674e-06","21,25","2,298128472222223e-07","866,89","9,375174547222224e-06","1,3072565854166669e-06","5,2290263416666674e-06","5,745321180555557e-08","2,298128472222223e-07","2,343793636805556e-06","9,375174547222224e-06"
"2024-09-12 21:53:59+02:00","rock-tobefilledbyoem","AMD Ryzen Threadripper 3970X 32-Core Processor","0","kernel","8","1.0","1.1726","1,1726","66,467","56.7","0","reduction","openblas","fp32","0","8","3","1.1726","66.467","56.7","57.3","24576000000","20.96","kernel","kernel","0","AMD Ryzen Threadripper 3970X 32-Core Processor","","","","0","0","","","37.5","0","OPENBLAS_NUM_THREADS=1; e2e_host_memcpy=1; e2e_bw=mixed","8.308375","2,307881944444444e-06","0.146575","0","0","","","","","1,8463055555555557e-05","DE","0,125","2,307881944444444e-06","0,0783099722222222","1,4458413676929007e-06","0,09889","1,8258115638888887e-06","0,0518570416666666","9,574394412384247e-07","0,12545","2,316190319444444e-06","0,0950131388888888","1,75423286181327e-06","0,125","2,307881944444444e-06","0,0783099722222222","1,4458413676929007e-06","0,125","2,884852430555555e-07","1,8073017096161256e-07","2,307881944444444e-06","0,09889","2,2822644548611106e-07","1,1967993015480306e-07","1,8258115638888883e-06","0,12545","2,895237899305555e-07","2,192791077266587e-07","2,316190319444444e-06","0,125","2,884852430555555e-07","1,8073017096161256e-07","2,307881944444444e-06","483,51","8,927071991666668e-06","21,25","3,9233993055555556e-07","866,89","1,6005438230555556e-05","1,115883998958333e-06","8,927071991666664e-06","4,9042491319444425e-08","3,923399305555554e-07","2,0006797788194437e-06","1,600543823055555e-05"
"2024-09-12 21:53:59+02:00","rock-tobefilledbyoem","AMD Ryzen Threadripper 3970X 32-Core Processor","0","e2e","3","1.0","1.1726","0,7621","43,708","57.3","0","reduction","openblas","fp32","0","8","3","1.1726","66.467","56.7","57.3","4608000000","6.05","e2e","e2e","0","AMD Ryzen Threadripper 3970X 32-Core Processor","","","","0","0","","","37.5","0","OPENBLAS_NUM_THREADS=1; e2e_host_memcpy=1; e2e_bw=mixed","14.569333333333333","4,0470370370370365e-06","0.25403333333333333","0","0","0.0","","0.0","0.0","1,214111111111111e-05","DE","0,125","1,5176388888888888e-06","0,0783099722222222","9,507700738580244e-07","0,09889","1,200634477777778e-06","0,0518570416666666","6,296021047685177e-07","0,12545","1,523102388888889e-06","0,0950131388888888","1,1535650762654311e-06","0,125","1,5176388888888888e-06","0,0783099722222222","9,507700738580244e-07","0,125","5,058796296296296e-07","3,169233579526748e-07","1,5176388888888888e-06","0,09889","4,002114925925926e-07","2,098673682561726e-07","1,200634477777778e-06","0,12545","5,077007962962962e-07","3,84521692088477e-07","1,5231023888888887e-06","0,125","5,058796296296296e-07","3,169233579526748e-07","1,5176388888888888e-06","483,51","5,870348633333333e-06","21,25","2,579986111111111e-07","866,89","1,052500781111111e-05","1,9567828777777775e-06","5,870348633333333e-06","8,599953703703702e-08","2,579986111111111e-07","3,5083359370370367e-06","1,0525007811111111e-05"
"2024-09-12 21:54:28+02:00","rock-tobefilledbyoem","AMD Ryzen Threadripper 3970X 32-Core Processor","0","kernel","12094","1.0","1.0869","1,0869","60,951","56.1","0","reduction","openblas","fp32","0","12094","497","1.0869","60.951","56.1","55.2","96752000000","89.02","kernel","kernel","0","AMD Ryzen Threadripper 3970X 32-Core Processor","","","","0","0","","","39.9","0","OPENBLAS_NUM_THREADS=1; e2e_host_memcpy=1; e2e_bw=mixed","0.0050397717876633046","1,399936607684251e-09","8.987101041838928e-05","0","0","","","","","1,6930833333333334e-05","DE","0,125","2,1163541666666668e-06","0,0783099722222222","1,3258530880324072e-06","0,09889","1,6742901083333334e-06","0,0518570416666666","8,779829296180545e-07","0,12545","2,123973041666667e-06","0,0950131388888888","1,6086516190046285e-06","0,125","2,1163541666666668e-06","0,0783099722222222","1,3258530880324072e-06","0,125","1,7499207596053138e-10","1,0962899686062567e-10","2,1163541666666663e-06","0,09889","1,384397311338956e-10","7,259657099537409e-11","1,6742901083333332e-06","0,12545","1,7562204743398926e-10","1,330123713415436e-10","2,1239730416666664e-06","0,125","1,7499207596053138e-10","1,0962899686062567e-10","2,1163541666666663e-06","483,51","8,186227225e-06","21,25","3,597802083333334e-07","866,89","1,4677170108333334e-05","6,768833491814122e-10","8,186227225e-06","2,974865291329033e-11","3,5978020833333327e-07","1,2135910458354005e-09","1,4677170108333332e-05"
"2024-09-12 21:54:28+02:00","rock-tobefilledbyoem","AMD Ryzen Threadripper 3970X 32-Core Processor","0","e2e","497","1.0","1.0869","0,1157","6,386","55.2","0","reduction","openblas","fp32","0","12094","497","1.0869","60.951","56.1","55.2","1988000000","17.19","e2e","e2e","0","AMD Ryzen Threadripper 3970X 32-Core Processor","","","","0","0","","","39.9","0","OPENBLAS_NUM_THREADS=1; e2e_host_memcpy=1; e2e_bw=mixed","0.012849094567404427","3,569192935390118e-09","0.00023279678068410461","0","0","0.0","","0.0","0.0","1,7738888888888889e-06","DE","0,125","2,217361111111111e-07","0,0783099722222222","1,389131896141975e-07","0,09889","1,7541987222222225e-07","0,0518570416666666","9,198863002314805e-08","0,12545","2,2253436111111115e-07","0,0950131388888888","1,6854275137345667e-07","0,125","2,217361111111111e-07","0,0783099722222222","1,389131896141975e-07","0,125","4,4614911692376474e-10","2,7950339962615186e-10","2,217361111111111e-07","0,09889","3,5295748938072883e-10","1,8508778676689743e-10","1,7541987222222225e-07","0,12545","4,4775525374469037e-10","3,3912022409146207e-10","2,2253436111111115e-07","0,125","4,4614911692376474e-10","2,7950339962615186e-10","2,217361111111111e-07","483,51","8,576930166666666e-07","21,25","3,769513888888889e-08","866,89","1,537766538888889e-06","1,7257404761904759e-09","8,576930166666665e-07","7,584534987704e-11","3,769513888888888e-08","3,0940976637603393e-09","1,5377665388888887e-06"
"2024-09-12 21:54:35+02:00","rock-tobefilledbyoem","AMD Ryzen Threadripper 3970X 32-Core Processor","0","kernel","6143","1.0","0.9735","0,9735","54,346","55.8","1","reduction","openblas","fp32","0","6143","627","0.9735","54.346","55.8","55.2","73716000000","75.73","kernel","kernel","0","AMD Ryzen Threadripper 3970X 32-Core Processor","","","","0","0","","","39.2","0","OPENBLAS_NUM_THREADS=1; e2e_host_memcpy=1; e2e_bw=mixed","0.008846817515871724","2,4574493099643676e-09","0.00015847305876607522","0","0","","","","","1,509611111111111e-05","DE","0,125","1,8870138888888887e-06","0,0783099722222222","1,182176041774691e-06","0,09889","1,4928544277777775e-06","0,0518570416666666","7,828396628935175e-07","0,12545","1,893807138888889e-06","0,0950131388888888","1,4343289016820975e-06","0,125","1,8870138888888887e-06","0,0783099722222222","1,182176041774691e-06","0,125","3,0718116374554595e-10","1,9244278720082875e-10","1,8870138888888887e-06","0,09889","2,4301716226237627e-10","1,2743605126054328e-10","1,4928544277777775e-06","0,12545","3,0828701593502994e-10","2,334899726000484e-10","1,893807138888889e-06","0,125","3,0718116374554595e-10","1,9244278720082875e-10","1,8870138888888887e-06","483,51","7,299120683333333e-06","21,25","3,2079236111111107e-07","866,89","1,308666776111111e-05","1,1882013158608713e-09","7,299120683333333e-06","5,222079783674281e-11","3,2079236111111107e-07","2,1303382323150106e-09","1,308666776111111e-05"
"2024-09-12 21:54:35+02:00","rock-tobefilledbyoem","AMD Ryzen Threadripper 3970X 32-Core Processor","0","e2e","627","1.0","0.9735","0,3821","21,109","55.2","1","reduction","openblas","fp32","0","6143","627","0.9735","54.346","55.8","55.2","3762000000","9.85","e2e","e2e","0","AMD Ryzen Threadripper 3970X 32-Core Processor","","","","0","0","","","39.2","0","OPENBLAS_NUM_THREADS=1; e2e_host_memcpy=1; e2e_bw=mixed","0.03366666666666667","9,351851851851854e-09","0.0006094098883572568","0","0","0.0","","0.0","0.0","5,863611111111112e-06","DE","0,125","7,329513888888889e-07","0,0783099722222222","4,591792232330247e-07","0,09889","5,798525027777779e-07","0,0518570416666666","3,040695257060182e-07","0,12545","7,35590013888889e-07","0,0950131388888888","5,571200968904316e-07","0,125","7,329513888888889e-07","0,0783099722222222","4,591792232330247e-07","0,125","1,1689814814814815e-09","7,323432587448558e-10","7,32951388888889e-07","0,09889","9,248046296296299e-10","4,849593711419748e-10","5,79852502777778e-07","0,12545","1,173189814814815e-09","8,885487988683121e-10","7,355900138888892e-07","0,125","1,1689814814814815e-09","7,323432587448558e-10","7,32951388888889e-07","483,51","2,835114608333334e-06","21,25","1,2460173611111115e-07","866,89","5,083105836111112e-06","4,5217138888888895e-09","2,8351146083333335e-06","1,987268518518519e-10","1,2460173611111112e-07","8,107026851851853e-09","5,083105836111111e-06"
"2024-09-12 21:54:42+02:00","rock-tobefilledbyoem","AMD Ryzen Threadripper 3970X 32-Core Processor","0","kernel","2595","1.0","0.9725","0,9725","54,197","55.7","1","reduction","openblas","fp32","0","2595","462","0.9725","54.197","55.7","56.0","41520000000","42.69","kernel","kernel","0","AMD Ryzen Threadripper 3970X 32-Core Processor","","","","0","0","","","37.8","0","OPENBLAS_NUM_THREADS=1; e2e_host_memcpy=1; e2e_bw=mixed","0.020885163776493257","5,801434382359238e-09","0.00037475915221579965","0","0","","","","","1,5054722222222225e-05","DE","0,125","1,8818402777777776e-06","0,0783099722222222","1,1789348790354937e-06","0,09889","1,4887614805555556e-06","0,0518570416666666","7,806933575578695e-07","0,12545","1,888614902777778e-06","0,0950131388888888","1,4303964134336407e-06","0,125","1,8818402777777776e-06","0,0783099722222222","1,1789348790354937e-06","0,125","7,251792977949048e-10","4,5431016533159677e-10","1,8818402777777776e-06","0,09889","5,73703846071505e-10","3,0084522449243523e-10","1,488761480555556e-06","0,12545","7,277899432669663e-10","5,51212490725873e-10","1,888614902777778e-06","0,125","7,251792977949048e-10","4,5431016533159677e-10","1,8818402777777776e-06","483,51","7,279108741666667e-06","21,25","3,199128472222223e-07","866,89","1,3050788147222225e-05","2,805051538214515e-09","7,279108741666666e-06","1,2328048062513382e-10","3,1991284722222223e-07","5,0292054517233994e-09","1,3050788147222222e-05"
"2024-09-12 21:54:42+02:00","rock-tobefilledbyoem","AMD Ryzen Threadripper 3970X 32-Core Processor","0","e2e","462","1.0","0.9725","0,5313","29,734","56.0","1","reduction","openblas","fp32","0","2595","462","0.9725","54.197","55.7","56.0","3696000000","6.96","e2e","e2e","0","AMD Ryzen Threadripper 3970X 32-Core Processor","","","","0","0","","","37.8","0","OPENBLAS_NUM_THREADS=1; e2e_host_memcpy=1; e2e_bw=mixed","0.06435930735930737","1,787758537758538e-08","0.00115","0","0","0.0","","0.0","0.0","8,259444444444445e-06","DE","0,125","1,0324305555555556e-06","0,0783099722222222","6,467968650154319e-07","0,09889","8,167764611111113e-07","0,0518570416666666","4,283103546990736e-07","0,12545","1,0361473055555557e-06","0,0950131388888888","7,847557421450611e-07","0,125","1,0324305555555556e-06","0,0783099722222222","6,467968650154319e-07","0,125","2,2346981721981726e-09","1,399993214319117e-09","1,0324305555555558e-06","0,09889","1,7679144179894182e-09","9,270786898248347e-10","8,167764611111113e-07","0,12545","2,242743085618086e-09","1,6986055024784875e-09","1,0361473055555557e-06","0,125","2,2346981721981726e-09","1,399993214319117e-09","1,0324305555555558e-06","483,51","3,993523983333334e-06","21,25","1,7551319444444447e-07","866,89","7,1600297944444445e-06","8,643991305916307e-09","3,993523983333334e-06","3,798986892736893e-10","1,7551319444444447e-07","1,549789998797499e-08","7,160029794444445e-06"
"2024-09-12 21:54:50+02:00","rock-tobefilledbyoem","AMD Ryzen Threadripper 3970X 32-Core Processor","0","kernel","974","1.0","0.9948","0,9948","55,788","56.1","1","reduction","openblas","fp32","0","974","264","0.9948","55.788","56.1","56.4","23376000000","23.5","kernel","kernel","0","AMD Ryzen Threadripper 3970X 32-Core Processor","","","","0","0","","","37.5","0","OPENBLAS_NUM_THREADS=1; e2e_host_memcpy=1; e2e_bw=mixed","0.05727720739219712","1,591033538672142e-08","0.0010213552361396305","0","0","","","","","1,5496666666666667e-05","DE","0,125","1,9370833333333334e-06","0,0783099722222222","1,2135435362037034e-06","0,09889","1,532465366666667e-06","0,0518570416666666","8,036112890277769e-07","0,12545","1,944056833333333e-06","0,0950131388888888","1,4723869423148135e-06","0,125","1,9370833333333334e-06","0,0783099722222222","1,2135435362037034e-06","0,125","1,9887919233401772e-09","1,2459379221803935e-09","1,937083333333333e-06","0,09889","1,5733730663928812e-09","8,250629250798529e-10","1,5324653666666665e-06","0,12545","1,995951574264202e-09","1,5116909058673646e-09","1,944056833333333e-06","0,125","1,9887919233401772e-09","1,2459379221803935e-09","1,937083333333333e-06","483,51","7,4927932999999995e-06","21,25","3,293041666666667e-07","866,89","1,3433905366666667e-05","7,692806262833674e-09","7,492793299999999e-06","3,380946269678302e-10","3,2930416666666664e-07","1,3792510643394932e-08","1,3433905366666664e-05"
"2024-09-12 21:54:50+02:00","rock-tobefilledbyoem","AMD Ryzen Threadripper 3970X 32-Core Processor","0","e2e","264","1.0","0.9948","0,5915","33,369","56.4","1","reduction","openblas","fp32","0","974","264","0.9948","55.788","56.1","56.4","3168000000","5.36","e2e","e2e","0","AMD Ryzen Threadripper 3970X 32-Core Processor","","","","0","0","","","37.5","0","OPENBLAS_NUM_THREADS=1; e2e_host_memcpy=1; e2e_bw=mixed","0.12639772727272727","3,51104797979798e-08","0.0022405303030303032","0","0","0.0","","0.0","0.0","9,269166666666666e-06","DE","0,125","1,1586458333333332e-06","0,0783099722222222","7,258681841898146e-07","0,09889","9,166278916666666e-07","0,0518570416666666","4,806715620486105e-07","0,12545","1,162816958333333e-06","0,0950131388888888","8,806926198842585e-07","0,125","1,1586458333333332e-06","0,0783099722222222","7,258681841898146e-07","0,125","4,388809974747475e-09","2,7495006976886922e-09","1,1586458333333334e-06","0,09889","3,472075347222222e-09","1,8207256138204942e-09","9,166278916666668e-07","0,12545","4,404609690656566e-09","3,335956893500979e-09","1,162816958333333e-06","0,125","4,388809974747475e-09","2,7495006976886922e-09","1,1586458333333334e-06","483,51","4,481734774999999e-06","21,25","1,9696979166666666e-07","866,89","8,035347891666665e-06","1,6976268087121212e-08","4,481734775e-06","7,460976957070708e-10","1,9696979166666668e-07","3,043692383207071e-08","8,035347891666667e-06"
"2024-09-12 21:54:59+02:00","rock-tobefilledbyoem","AMD Ryzen Threadripper 3970X 32-Core Processor","0","kernel","689","1.0","1.0576","1,0576","59,45","56.2","0","reduction","openblas","fp32","0","689","223","1.0576","59.45","56.2","56.9","22048000000","20.85","kernel","kernel","0","AMD Ryzen Threadripper 3970X 32-Core Processor","","","","0","0","","","37.2","0","OPENBLAS_NUM_THREADS=1; e2e_host_memcpy=1; e2e_bw=mixed","0.0862844702467344","2,3967908401870663e-08","0.001534978229317852","0","0","","","","","1,651388888888889e-05","DE","0,125","2,064236111111111e-06","0,0783099722222222","1,2932021801697528e-06","0,09889","1,6330584722222225e-06","0,0518570416666666","8,563614241898137e-07","0,12545","2,0716673611111117e-06","0,0950131388888888","1,5690364185956775e-06","0,125","2,064236111111111e-06","0,0783099722222222","1,2932021801697528e-06","0,125","2,995988550233833e-09","1,8769262411752572e-09","2,0642361111111107e-06","0,09889","2,37018646186099e-09","1,2429048246586552e-09","1,6330584722222225e-06","0,12545","3,0067741090146747e-09","2,2772662098631022e-09","2,071667361111111e-06","0,125","2,995988550233833e-09","1,8769262411752572e-09","2,0642361111111107e-06","483,51","7,984630416666666e-06","21,25","3,509201388888889e-07","866,89","1,431572513888889e-05","1,1588723391388484e-08","7,984630416666666e-06","5,093180535397516e-10","3,509201388888888e-07","2,077754011449766e-08","1,4315725138888888e-05"
"2024-09-12 21:54:59+02:00","rock-tobefilledbyoem","AMD Ryzen Threadripper 3970X 32-Core Processor","0","e2e","223","1.0","1.0576","0,6105","34,769","56.9","0","reduction","openblas","fp32","0","689","223","1.0576","59.45","56.2","56.9","3568000000","5.84","e2e","e2e","0","AMD Ryzen Threadripper 3970X 32-Core Processor","","","","0","0","","","37.2","0","OPENBLAS_NUM_THREADS=1; e2e_host_memcpy=1; e2e_bw=mixed","0.15591479820627802","4,3309666168410566e-08","0.0027376681614349778","0","0","0.0","","0.0","0.0","9,658055555555556e-06","DE","0,125","1,2072569444444445e-06","0,0783099722222222","7,563220622762344e-07","0,09889","9,55085113888889e-07","0,0518570416666666","5,008381893634254e-07","0,12545","1,2116030694444443e-06","0,0950131388888888","9,176421738966042e-07","0,125","1,2072569444444445e-06","0,0783099722222222","7,563220622762344e-07","0,125","5,413708271051321e-09","3,391578754601948e-09","1,2072569444444445e-06","0,09889","4,2828928873941215e-09","2,245911163064688e-09","9,550851138888892e-07","0,12545","5,433197620827106e-09","4,114987326890602e-09","1,2116030694444443e-06","0,125","5,413708271051321e-09","3,391578754601948e-09","1,2072569444444445e-06","483,51","4,669766441666666e-06","21,25","2,0523368055555557e-07","866,89","8,372471780555556e-06","2,094065668908819e-08","4,669766441666667e-06","9,203304060787245e-10","2,0523368055555557e-07","3,754471650473343e-08","8,372471780555556e-06"
"2024-09-12 21:55:07+02:00","rock-tobefilledbyoem","AMD Ryzen Threadripper 3970X 32-Core Processor","0","kernel","384","1.0","1.0314","1,0314","58,229","56.5","0","reduction","openblas","fp32","0","384","127","1.0314","58.229","56.5","57.2","18432000000","17.87","kernel","kernel","0","AMD Ryzen Threadripper 3970X 32-Core Processor","","","","0","0","","","37.0","0","OPENBLAS_NUM_THREADS=1; e2e_host_memcpy=1; e2e_bw=mixed","0.15163802083333333","4,21216724537037e-08","0.0026859375000000004","0","0","","","","","1,617472222222222e-05","DE","0,125","2,0218402777777776e-06","0,0783099722222222","1,2666420479243823e-06","0,09889","1,5995182805555557e-06","0,0518570416666666","8,387732442245359e-07","0,12545","2,0291189027777778e-06","0,0950131388888888","1,536811128989196e-06","0,125","2,0218402777777776e-06","0,0783099722222222","1,2666420479243823e-06","0,125","5,265209056712963e-09","3,298546999803079e-09","2,0218402777777776e-06","0,09889","4,1654121889467605e-09","2,1843053235013957e-09","1,5995182805555557e-06","0,12545","5,2841638093171304e-09","4,002112315076032e-09","2,0291189027777778e-06","0,125","5,265209056712963e-09","3,298546999803079e-09","2,0218402777777776e-06","483,51","7,820639941666666e-06","21,25","3,437128472222222e-07","866,89","1,4021704947222221e-05","2,0366249848090278e-08","7,820639941666668e-06","8,950855396412037e-10","3,437128472222222e-07","3,65148566333912e-08","1,4021704947222221e-05"
"2024-09-12 21:55:07+02:00","rock-tobefilledbyoem","AMD Ryzen Threadripper 3970X 32-Core Processor","0","e2e","127","1.0","1.0314","0,5423","31,038","57.2","0","reduction","openblas","fp32","0","384","127","1.0314","58.229","56.5","57.2","3048000000","5.62","e2e","e2e","0","AMD Ryzen Threadripper 3970X 32-Core Processor","","","","0","0","","","37.0","0","OPENBLAS_NUM_THREADS=1; e2e_host_memcpy=1; e2e_bw=mixed","0.24439370078740158","6,788713910761154e-08","0.0042700787401574805","0","0","0.0","","0.0","0.0","8,621666666666667e-06","DE","0,125","1,0777083333333334e-06","0,0783099722222222","6,751624771759258e-07","0,09889","8,525966166666668e-07","0,0518570416666666","4,4709412756944405e-07","0,12545","1,0815880833333335e-06","0,0950131388888888","8,191716124537031e-07","0,125","1,0777083333333334e-06","0,0783099722222222","6,751624771759258e-07","0,125","8,485892388451443e-09","5,3162399777631954e-09","1,0777083333333332e-06","0,09889","6,713359186351706e-09","3,520426201334204e-09","8,525966166666666e-07","0,12545","8,516441601049871e-09","6,450170176800811e-09","1,0815880833333331e-06","0,125","8,485892388451443e-09","5,3162399777631954e-09","1,0777083333333332e-06","483,51","4,16866205e-06","21,25","1,832104166666667e-07","866,89","7,474036616666667e-06","3,2824110629921256e-08","4,16866205e-06","1,4426017060367454e-09","1,8321041666666666e-07","5,885068202099737e-08","7,474036616666666e-06"
"2024-09-12 21:55:15+02:00","rock-tobefilledbyoem","AMD Ryzen Threadripper 3970X 32-Core Processor","0","kernel","307","1.0","1.0551","1,0551","59,579","56.5","0","reduction","openblas","fp32","0","307","109","1.0551","59.579","56.5","57.2","19648000000","18.62","kernel","kernel","0","AMD Ryzen Threadripper 3970X 32-Core Processor","","","","0","0","","","37.0","0","OPENBLAS_NUM_THREADS=1; e2e_host_memcpy=1; e2e_bw=mixed","0.1940684039087948","5,3907889974665225e-08","0.0034368078175895764","0","0","","","","","1,6549722222222223e-05","DE","0,125","2,068715277777778e-06","0,0783099722222222","1,2960082875077158e-06","0,09889","1,6366020305555557e-06","0,0518570416666666","8,58219634849536e-07","0,12545","2,076162652777778e-06","0,0950131388888888","1,5724410560725296e-06","0,125","2,068715277777778e-06","0,0783099722222222","1,2960082875077158e-06","0,125","6,738486246833153e-09","4,221525366474645e-09","2,068715277777778e-06","0,09889","5,3309512395946445e-09","2,795503696578293e-09","1,636602030555556e-06","0,12545","6,7627447973217526e-09","5,121957837369803e-09","2,076162652777778e-06","0,125","6,738486246833153e-09","4,221525366474645e-09","2,068715277777778e-06","483,51","8,001956191666666e-06","21,25","3,516815972222223e-07","866,89","1,4346788697222221e-05","2,606500388165038e-08","8,001956191666666e-06","1,145542661961636e-09","3,516815972222223e-07","4,673221074013754e-08","1,4346788697222225e-05"
"2024-09-12 21:55:15+02:00","rock-tobefilledbyoem","AMD Ryzen Threadripper 3970X 32-Core Processor","0","e2e","109","1.0","1.0551","0,6069","34,716","57.2","0","reduction","openblas","fp32","0","307","109","1.0551","59.579","56.5","57.2","3488000000","5.75","e2e","e2e","0","AMD Ryzen Threadripper 3970X 32-Core Processor","","","","0","0","","","37.0","0","OPENBLAS_NUM_THREADS=1; e2e_host_memcpy=1; e2e_bw=mixed","0.3184954128440367","8,847094801223242e-08","0.005567889908256881","0","0","0.0","","0.0","0.0","9,643333333333331e-06","DE","0,125","1,2054166666666666e-06","0,0783099722222222","7,551691654629627e-07","0,09889","9,536292333333332e-07","0,0518570416666666","5,000747384722216e-07","0,12545","1,2097561666666669e-06","0,0950131388888888","9,16243369351851e-07","0,125","1,2054166666666666e-06","0,0783099722222222","7,551691654629627e-07","0,125","1,1058868501529053e-08","6,928157481311586e-09","1,2054166666666668e-06","0,09889","8,748892048929665e-09","4,587841637359832e-09","9,536292333333336e-07","0,12545","1,1098680428134558e-08","8,4059024711179e-09","1,2097561666666669e-06","0,125","1,1058868501529053e-08","6,928157481311586e-09","1,2054166666666668e-06","483,51","4,662648099999999e-06","21,25","2,049208333333333e-07","866,89","8,359709233333332e-06","4,27765880733945e-08","4,6626481000000005e-06","1,880007645259939e-09","2,0492083333333337e-07","7,669458012232417e-08","8,359709233333335e-06"
"2024-09-12 21:55:23+02:00","rock-tobefilledbyoem","AMD Ryzen Threadripper 3970X 32-Core Processor","0","kernel","212","1.0","1.1096","1,1096","62,681","56.5","0","reduction","openblas","fp32","0","212","65","1.1096","62.681","56.5","57.2","20352000000","18.34","kernel","kernel","0","AMD Ryzen Threadripper 3970X 32-Core Processor","","","","0","0","","","37.1","0","OPENBLAS_NUM_THREADS=1; e2e_host_memcpy=1; e2e_bw=mixed","0.2956650943396226","8,212919287211739e-08","0.005233962264150943","0","0","","","","","1,741138888888889e-05","DE","0,125","2,176423611111111e-06","0,0783099722222222","1,363485380239197e-06","0,09889","1,7218122472222223e-06","0,0518570416666666","9,02903119085647e-07","0,12545","2,184258736111111e-06","0,0950131388888888","1,6543107107484551e-06","0,125","2,176423611111111e-06","0,0783099722222222","1,363485380239197e-06","0,125","1,0266149109014674e-08","6,431534812449043e-09","2,176423611111111e-06","0,09889","8,121755883123689e-09","4,258976976819089e-09","1,721812247222222e-06","0,12545","1,0303107245807129e-08","7,803352409190827e-09","2,184258736111111e-06","0,125","1,0266149109014674e-08","6,431534812449043e-09","2,176423611111111e-06","483,51","8,418580641666666e-06","21,25","3,6999201388888886e-07","866,89","1,5093758913888888e-05","3,971028604559748e-08","8,418580641666666e-06","1,7452453485324946e-09","3,6999201388888886e-07","7,119697600890984e-08","1,5093758913888886e-05"
"2024-09-12 21:55:23+02:00","rock-tobefilledbyoem","AMD Ryzen Threadripper 3970X 32-Core Processor","0","e2e","65","1.0","1.1096","0,5489","31,398","57.2","0","reduction","openblas","fp32","0","212","65","1.1096","62.681","56.5","57.2","3120000000","5.68","e2e","e2e","0","AMD Ryzen Threadripper 3970X 32-Core Processor","","","","0","0","","","37.1","0","OPENBLAS_NUM_THREADS=1; e2e_host_memcpy=1; e2e_bw=mixed","0.48304615384615385","1,3417948717948717e-07","0.008444615384615385","0","0","0.0","","0.0","0.0","8,721666666666666e-06","DE","0,125","1,090208333333333e-06","0,0783099722222222","6,82993474398148e-07","0,09889","8,624856166666667e-07","0,0518570416666666","4,5227983173611053e-07","0,12545","1,0941330833333334e-06","0,0950131388888888","8,286729263425918e-07","0,125","1,090208333333333e-06","0,0783099722222222","6,82993474398148e-07","0,125","1,6772435897435897e-08","1,050759191381766e-08","1,090208333333333e-06","0,09889","1,3269009487179489e-08","6,958151257478624e-09","8,624856166666667e-07","0,12545","1,6832816666666668e-08","1,2748814251424491e-08","1,0941330833333334e-06","0,125","1,6772435897435897e-08","1,050759191381766e-08","1,090208333333333e-06","483,51","4,21701305e-06","21,25","1,8533541666666666e-07","866,89","7,560725616666667e-06","6,487712384615383e-08","4,217013049999999e-06","2,8513141025641025e-09","1,8533541666666666e-07","1,1631885564102564e-07","7,560725616666667e-06"
"2024-09-12 21:55:32+02:00","rock-tobefilledbyoem","AMD Ryzen Threadripper 3970X 32-Core Processor","0","kernel","154","1.0","1.0488","1,0488","59,142","56.4","0","reduction","openblas","fp32","0","154","55","1.0488","59.142","56.4","57.2","19712000000","18.8","kernel","kernel","0","AMD Ryzen Threadripper 3970X 32-Core Processor","","","","0","0","","","37.0","0","OPENBLAS_NUM_THREADS=1; e2e_host_memcpy=1; e2e_bw=mixed","0.38403896103896107","1,0667748917748921e-07","0.00681038961038961","0","0","","","","","1,6428333333333333e-05","DE","0,125","2,0535416666666667e-06","0,0783099722222222","1,2865023269907404e-06","0,09889","1,6245978833333334e-06","0,0518570416666666","8,519247661805545e-07","0,12545","2,060934416666667e-06","0,0950131388888888","1,5609075167129615e-06","0,125","2,0535416666666667e-06","0,0783099722222222","1,2865023269907404e-06","0,125","1,3334686147186152e-08","8,35391121422559e-09","2,0535416666666675e-06","0,09889","1,0549336904761909e-08","5,5319790011724345e-09","1,624597883333334e-06","0,12545","1,3382691017316022e-08","1,0135763095538717e-08","2,0609344166666674e-06","0,125","1,3334686147186152e-08","8,35391121422559e-09","2,0535416666666675e-06","483,51","7,94326345e-06","21,25","3,4910208333333336e-07","866,89","1,4241557883333334e-05","5,157963279220781e-08","7,943263450000003e-06","2,2668966450216456e-09","3,491020833333334e-07","9,247764859307362e-08","1,4241557883333337e-05"
"2024-09-12 21:55:32+02:00","rock-tobefilledbyoem","AMD Ryzen Threadripper 3970X 32-Core Processor","0","e2e","55","1.0","1.0488","0,6111","34,927","57.2","0","reduction","openblas","fp32","0","154","55","1.0488","59.142","56.4","57.2","3520000000","5.76","e2e","e2e","0","AMD Ryzen Threadripper 3970X 32-Core Processor","","","","0","0","","","37.0","0","OPENBLAS_NUM_THREADS=1; e2e_host_memcpy=1; e2e_bw=mixed","0.6350363636363636","1,763989898989899e-07","0.01111090909090909","0","0","0.0","","0.0","0.0","9,701944444444443e-06","DE","0,125","1,2127430555555556e-06","0,0783099722222222","7,597589999459875e-07","0,09889","9,594252861111111e-07","0,0518570416666666","5,031141373032402e-07","0,12545","1,2171089305555555e-06","0,0950131388888888","9,218121949922832e-07","0,125","1,2127430555555556e-06","0,0783099722222222","7,597589999459875e-07","0,125","2,2049873737373737e-08","1,3813799999017954e-08","1,2127430555555556e-06","0,09889","1,7444096111111113e-08","9,14752976914982e-09","9,594252861111111e-07","0,12545","2,2129253282828285e-08","1,6760221727132423e-08","1,2171089305555555e-06","0,125","2,2049873737373737e-08","1,3813799999017954e-08","1,2127430555555556e-06","483,51","4,690987158333333e-06","21,25","2,0616631944444442e-07","866,89","8,410518619444443e-06","8,52906756060606e-08","4,690987158333333e-06","3,748478535353536e-09","2,0616631944444447e-07","1,5291852035353535e-07","8,410518619444445e-06"
"2024-09-12 21:55:40+02:00","rock-tobefilledbyoem","AMD Ryzen Threadripper 3970X 32-Core Processor","0","kernel","104","1.0","1.0742","1,0742","60,677","56.5","0","reduction","openblas","fp32","0","104","32","1.0742","60.677","56.5","57.2","19968000000","18.59","kernel","kernel","0","AMD Ryzen Threadripper 3970X 32-Core Processor","","","","0","0","","","37.0","0","OPENBLAS_NUM_THREADS=1; e2e_host_memcpy=1; e2e_bw=mixed","0.5834326923076923","1,6206463675213677e-07","0.010328846153846154","0","0","","","","","1,685472222222222e-05","DE","0,125","2,1068402777777776e-06","0,0783099722222222","1,3198928290354934e-06","0,09889","1,6667634805555555e-06","0,0518570416666666","8,740360325578692e-07","0,12545","2,1144249027777778e-06","0,0950131388888888","1,6014200634336405e-06","0,125","2,1068402777777776e-06","0,0783099722222222","1,3198928290354934e-06","0,125","2,0258079594017096e-08","1,2691277202264362e-08","2,106840277777778e-06","0,09889","1,6026571928418805e-08","8,404192620748744e-09","1,6667634805555555e-06","0,12545","2,033100868055556e-08","1,5398269840708082e-08","2,114424902777778e-06","0,125","2,0258079594017096e-08","1,2691277202264362e-08","2,106840277777778e-06","483,51","8,149426741666665e-06","21,25","3,581628472222222e-07","866,89","1,461119014722222e-05","7,835987251602565e-08","8,149426741666668e-06","3,4438735309829063e-09","3,5816284722222225e-07","1,4049221295405983e-07","1,4611190147222223e-05"
"2024-09-12 21:55:40+02:00","rock-tobefilledbyoem","AMD Ryzen Threadripper 3970X 32-Core Processor","0","e2e","32","1.0","1.0742","0,5407","30,948","57.2","0","reduction","openblas","fp32","0","104","32","1.0742","60.677","56.5","57.2","3072000000","5.68","e2e","e2e","0","AMD Ryzen Threadripper 3970X 32-Core Processor","","","","0","0","","","37.0","0","OPENBLAS_NUM_THREADS=1; e2e_host_memcpy=1; e2e_bw=mixed","0.967125","2,6864583333333334e-07","0.016896875","0","0","0.0","","0.0","0.0","8,596666666666667e-06","DE","0,125","1,0745833333333334e-06","0,0783099722222222","6,732047278703703e-07","0,09889","8,501243666666667e-07","0,0518570416666666","4,4579770152777734e-07","0,12545","1,0784518333333333e-06","0,0950131388888888","8,167962839814808e-07","0,125","1,0745833333333334e-06","0,0783099722222222","6,732047278703703e-07","0,125","3,3580729166666674e-08","2,103764774594907e-08","1,0745833333333334e-06","0,09889","2,656638645833333e-08","1,393117817274304e-08","8,501243666666667e-07","0,12545","3,3701619791666666e-08","2,552488387442128e-08","1,0784518333333333e-06","0,125","3,3580729166666674e-08","2,103764774594907e-08","1,0745833333333334e-06","483,51","4,1565743000000005e-06","21,25","1,826791666666667e-07","866,89","7,452364366666667e-06","1,2989294687500002e-07","4,1565743000000005e-06","5,708723958333334e-09","1,826791666666667e-07","2,3288638645833335e-07","7,452364366666667e-06"
"2024-09-12 21:55:48+02:00","rock-tobefilledbyoem","AMD Ryzen Threadripper 3970X 32-Core Processor","0","kernel","80","1.0","1.064","1,064","60,051","56.4","0","reduction","openblas","fp32","0","80","28","1.064","60.051","56.4","57.1","20480000000","19.25","kernel","kernel","0","AMD Ryzen Threadripper 3970X 32-Core Processor","","","","0","0","","","37.2","0","OPENBLAS_NUM_THREADS=1; e2e_host_memcpy=1; e2e_bw=mixed","0.7506375000000001","2,085104166666667e-07","0.013300000000000001","0","0","","","","","1,6680833333333335e-05","DE","0,125","2,085104166666667e-06","0,0783099722222222","1,3062755949768516e-06","0,09889","1,6495676083333336e-06","0,0518570416666666","8,65018669201388e-07","0,12545","2,092610541666667e-06","0,0950131388888888","1,5848983342824062e-06","0,125","2,085104166666667e-06","0,0783099722222222","1,3062755949768516e-06","0,125","2,6063802083333342e-08","1,6328444937210647e-08","2,0851041666666677e-06","0,09889","2,061959510416667e-08","1,081273336501735e-08","1,6495676083333338e-06","0,12545","2,6157631770833344e-08","1,9811229178530082e-08","2,092610541666667e-06","0,125","2,6063802083333342e-08","1,6328444937210647e-08","2,0851041666666677e-06","483,51","8,065349725e-06","21,25","3,5446770833333337e-07","866,89","1,4460447608333335e-05","1,0081687156250001e-07","8,065349725e-06","4,4308463541666675e-09","3,544677083333334e-07","1,807555951041667e-07","1,4460447608333337e-05"
"2024-09-12 21:55:48+02:00","rock-tobefilledbyoem","AMD Ryzen Threadripper 3970X 32-Core Processor","0","e2e","28","1.0","1.064","0,6153","35,149","57.1","0","reduction","openblas","fp32","0","80","28","1.064","60.051","56.4","57.1","3584000000","5.82","e2e","e2e","0","AMD Ryzen Threadripper 3970X 32-Core Processor","","","","0","0","","","37.2","0","OPENBLAS_NUM_THREADS=1; e2e_host_memcpy=1; e2e_bw=mixed","1.2553214285714287","3,487003968253969e-07","0.021974999999999998","0","0","0.0","","0.0","0.0","9,763611111111111e-06","DE","0,125","1,220451388888889e-06","0,0783099722222222","7,645881148996912e-07","0,09889","9,65523502777778e-07","0,0518570416666666","5,063119882060179e-07","0,12545","1,224845013888889e-06","0,0950131388888888","9,27671338557098e-07","0,125","1,220451388888889e-06","0,0783099722222222","7,645881148996912e-07","0,125","4,3587549603174615e-08","2,7306718389274694e-08","1,2204513888888891e-06","0,09889","3,44829822420635e-08","1,8082571007357788e-08","9,65523502777778e-07","0,12545","4,3744464781746043e-08","3,313111923418208e-08","1,2248450138888891e-06","0,125","4,3587549603174615e-08","2,7306718389274694e-08","1,2204513888888891e-06","483,51","4,720803608333333e-06","21,25","2,074767361111111e-07","866,89","8,463976836111111e-06","1,6860012886904765e-07","4,720803608333334e-06","7,409883432539685e-09","2,0747673611111116e-07","3,022848870039683e-07","8,463976836111113e-06"
"2024-09-12 21:55:57+02:00","rock-tobefilledbyoem","AMD Ryzen Threadripper 3970X 32-Core Processor","0","kernel","54","1.0","1.0425","1,0425","58,89","56.5","0","reduction","openblas","fp32","0","54","17","1.0425","58.89","56.5","57.2","20736000000","19.89","kernel","kernel","0","AMD Ryzen Threadripper 3970X 32-Core Processor","","","","0","0","","","37.2","0","OPENBLAS_NUM_THREADS=1; e2e_host_memcpy=1; e2e_bw=mixed","1.0905555555555555","3,029320987654321e-07","0.019305555555555555","0","0","","","","","1,6358333333333332e-05","DE","0,125","2,0447916666666665e-06","0,0783099722222222","1,281020628935185e-06","0,09889","1,6176755833333331e-06","0,0518570416666666","8,482947732638878e-07","0,12545","2,0521529166666665e-06","0,0950131388888888","1,5542565969907393e-06","0,125","2,0447916666666665e-06","0,0783099722222222","1,281020628935185e-06","0,125","3,786651234567901e-08","2,372260423954046e-08","2,0447916666666665e-06","0,09889","2,995695524691358e-08","1,5709162467849775e-08","1,6176755833333331e-06","0,12545","3,8002831790123466e-08","2,8782529573902583e-08","2,052152916666667e-06","0,125","3,786651234567901e-08","2,372260423954046e-08","2,0447916666666665e-06","483,51","7,90941775e-06","21,25","3,476145833333333e-07","866,89","1,4180875583333332e-05","1,4647069907407407e-07","7,90941775e-06","6,4373070987654316e-09","3,4761458333333333e-07","2,626088070987654e-07","1,4180875583333332e-05"
"2024-09-12 21:55:57+02:00","rock-tobefilledbyoem","AMD Ryzen Threadripper 3970X 32-Core Processor","0","e2e","17","1.0","1.0425","0,5508","31,494","57.2","0","reduction","openblas","fp32","0","54","17","1.0425","58.89","56.5","57.2","3264000000","5.93","e2e","e2e","0","AMD Ryzen Threadripper 3970X 32-Core Processor","","","","0","0","","","37.2","0","OPENBLAS_NUM_THREADS=1; e2e_host_memcpy=1; e2e_bw=mixed","1.8525882352941176","5,146078431372549e-07","0.0324","0","0","0.0","","0.0","0.0","8,748333333333334e-06","DE","0,125","1,0935416666666667e-06","0,0783099722222222","6,85081740324074e-07","0,09889","8,651226833333334e-07","0,0518570416666666","4,536626861805551e-07","0,12545","1,0974784166666667e-06","0,0950131388888888","8,312066100462957e-07","0,125","1,0935416666666667e-06","0,0783099722222222","6,85081740324074e-07","0,125","6,432598039215686e-08","4,029892590141611e-08","1,0935416666666667e-06","0,09889","5,0889569607843144e-08","2,6686040363562063e-08","8,651226833333333e-07","0,12545","6,455755392156864e-08","4,889450647331151e-08","1,0974784166666667e-06","0,125","6,432598039215686e-08","4,029892590141611e-08","1,0935416666666667e-06","483,51","4,22990665e-06","21,25","1,8590208333333333e-07","866,89","7,583842683333334e-06","2,488180382352941e-07","4,22990665e-06","1,0935416666666667e-08","1,8590208333333333e-07","4,4610839313725487e-07","7,583842683333333e-06"
"2024-09-12 21:56:05+02:00","rock-tobefilledbyoem","AMD Ryzen Threadripper 3970X 32-Core Processor","0","kernel","42","1.0","1.072","1,072","60,4","56.3","0","reduction","openblas","fp32","0","42","14","1.072","60.4","56.3","57.1","21504000000","20.06","kernel","kernel","0","AMD Ryzen Threadripper 3970X 32-Core Processor","","","","0","0","","","37.2","0","OPENBLAS_NUM_THREADS=1; e2e_host_memcpy=1; e2e_bw=mixed","1.438095238095238","3,994708994708995e-07","0.025523809523809525","0","0","","","","","1,6777777777777776e-05","DE","0,125","2,097222222222222e-06","0,0783099722222222","1,313867311728395e-06","0,09889","1,6591544444444444e-06","0,0518570416666666","8,700459212962952e-07","0,12545","2,104772222222222e-06","0,0950131388888888","1,594109330246912e-06","0,125","2,097222222222222e-06","0,0783099722222222","1,313867311728395e-06","0,125","4,993386243386244e-08","3,1282555041152265e-08","2,0972222222222224e-06","0,09889","3,950367724867725e-08","2,0715379078483223e-08","1,6591544444444446e-06","0,12545","5,011362433862434e-08","3,795498405349791e-08","2,1047722222222225e-06","0,125","4,993386243386244e-08","3,1282555041152265e-08","2,0972222222222224e-06","483,51","8,112223333333333e-06","21,25","3,5652777777777775e-07","866,89","1,4544487777777776e-05","1,9314817460317462e-07","8,112223333333334e-06","8,488756613756615e-09","3,5652777777777785e-07","3,4629732804232806e-07","1,4544487777777779e-05"
"2024-09-12 21:56:05+02:00","rock-tobefilledbyoem","AMD Ryzen Threadripper 3970X 32-Core Processor","0","e2e","14","1.0","1.072","0,6064","34,595","57.1","0","reduction","openblas","fp32","0","42","14","1.072","60.4","56.3","57.1","3584000000","5.91","e2e","e2e","0","AMD Ryzen Threadripper 3970X 32-Core Processor","","","","0","0","","","37.2","0","OPENBLAS_NUM_THREADS=1; e2e_host_memcpy=1; e2e_bw=mixed","2.4710714285714284","6,864087301587301e-07","0.043314285714285715","0","0","0.0","","0.0","0.0","9,609722222222222e-06","DE","0,125","1,2012152777777775e-06","0,0783099722222222","7,525370802854937e-07","0,09889","9,503054305555556e-07","0,0518570416666666","4,983317656828697e-07","0,12545","1,2055396527777778e-06","0,0950131388888888","9,130498721836412e-07","0,125","1,2012152777777775e-06","0,0783099722222222","7,525370802854937e-07","0,125","8,580109126984127e-08","5,3752648591820966e-08","1,2012152777777775e-06","0,09889","6,787895932539683e-08","3,5595126120204976e-08","9,503054305555554e-07","0,12545","8,61099751984127e-08","6,521784801311723e-08","1,2055396527777776e-06","0,125","8,580109126984127e-08","5,3752648591820966e-08","1,2012152777777775e-06","483,51","4,646396791666666e-06","21,25","2,042065972222222e-07","866,89","8,330572097222221e-06","3,3188548511904754e-07","4,646396791666666e-06","1,4586185515873014e-08","2,042065972222222e-07","5,950408640873015e-07","8,330572097222221e-06"
"2024-09-12 21:56:14+02:00","rock-tobefilledbyoem","AMD Ryzen Threadripper 3970X 32-Core Processor","0","kernel","28","1.0","1.0583","1,0583","59,567","56.3","0","reduction","openblas","fp32","0","28","9","1.0583","59.567","56.3","57.3","21504000000","20.32","kernel","kernel","0","AMD Ryzen Threadripper 3970X 32-Core Processor","","","","0","0","","","37.2","0","OPENBLAS_NUM_THREADS=1; e2e_host_memcpy=1; e2e_bw=mixed","2.127392857142857","5,909424603174603e-07","0.03779642857142857","0","0","","","","","1,654638888888889e-05","DE","0,125","2,068298611111111e-06","0,0783099722222222","1,295747254266975e-06","0,09889","1,6362723972222223e-06","0,0518570416666666","8,580467780439804e-07","0,12545","2,0757444861111118e-06","0,0950131388888888","1,5721243456095665e-06","0,125","2,068298611111111e-06","0,0783099722222222","1,295747254266975e-06","0,125","7,386780753968254e-08","4,6276687652391963e-08","2,068298611111111e-06","0,09889","5,8438299900793655e-08","3,0644527787285016e-08","1,6362723972222223e-06","0,12545","7,41337316468254e-08","5,614729805748452e-08","2,0757444861111118e-06","0,125","7,386780753968254e-08","4,6276687652391963e-08","2,068298611111111e-06","483,51","8,000344491666667e-06","21,25","3,516107638888889e-07","866,89","1,4343899063888889e-05","2,8572658898809524e-07","8,000344491666667e-06","1,2557527281746032e-08","3,516107638888889e-07","5,122821094246032e-07","1,4343899063888889e-05"
"2024-09-12 21:56:14+02:00","rock-tobefilledbyoem","AMD Ryzen Threadripper 3970X 32-Core Processor","0","e2e","9","1.0","1.0583","0,5824","33,346","57.3","0","reduction","openblas","fp32","0","28","9","1.0583","59.567","56.3","57.3","3456000000","5.93","e2e","e2e","0","AMD Ryzen Threadripper 3970X 32-Core Processor","","","","0","0","","","37.2","0","OPENBLAS_NUM_THREADS=1; e2e_host_memcpy=1; e2e_bw=mixed","3.7051111111111106","1,0291975308641974e-06","0.06471111111111111","0","0","0.0","","0.0","0.0","9,262777777777778e-06","DE","0,125","1,1578472222222222e-06","0,0783099722222222","7,253678704783949e-07","0,09889","9,159960944444444e-07","0,0518570416666666","4,803402531712957e-07","0,12545","1,1620154722222223e-06","0,0950131388888888","8,800855914969128e-07","0,125","1,1578472222222222e-06","0,0783099722222222","7,253678704783949e-07","0,125","1,286496913580247e-07","8,059643005315498e-08","1,157847222222222e-06","0,09889","1,017773438271605e-07","5,337113924125508e-08","9,159960944444444e-07","0,12545","1,2911283024691356e-07","9,778728794410141e-08","1,162015472222222e-06","0,125","1,286496913580247e-07","8,059643005315498e-08","1,157847222222222e-06","483,51","4,478645683333333e-06","21,25","1,9683402777777778e-07","866,89","8,029809427777778e-06","4,97627298148148e-07","4,478645683333332e-06","2,1870447530864192e-08","1,9683402777777773e-07","8,92201047530864e-07","8,029809427777776e-06"
"2024-09-12 21:56:22+02:00","rock-tobefilledbyoem","AMD Ryzen Threadripper 3970X 32-Core Processor","0","kernel","21","1.0","1.0455","1,0455","58,903","56.3","0","reduction","openblas","fp32","0","21","7","1.0455","58.903","56.3","57.0","21504000000","20.57","kernel","kernel","0","AMD Ryzen Threadripper 3970X 32-Core Processor","","","","0","0","","","37.4","0","OPENBLAS_NUM_THREADS=1; e2e_host_memcpy=1; e2e_bw=mixed","2.804904761904762","7,791402116402117e-07","0.04978571428571429","0","0","","","","","1,6361944444444446e-05","DE","0,125","2,045243055555556e-06","0,0783099722222222","1,2813034149459874e-06","0,09889","1,6180326861111112e-06","0,0518570416666666","8,484820348032398e-07","0,12545","2,052605930555556e-06","0,0950131388888888","1,5545996999922828e-06","0,125","2,045243055555556e-06","0,0783099722222222","1,2813034149459874e-06","0,125","9,739252645502646e-08","6,101444833076131e-08","2,045243055555556e-06","0,09889","7,704917552910055e-08","4,040390641920189e-08","1,6180326861111112e-06","0,12545","9,774313955026457e-08","7,402855714248967e-08","2,0526059305555555e-06","0,125","9,739252645502646e-08","6,101444833076131e-08","2,045243055555556e-06","483,51","7,911163758333334e-06","21,25","3,4769131944444447e-07","866,89","1,4184006019444446e-05","3,7672208373015875e-07","7,911163758333334e-06","1,6556729497354496e-08","3,476913194444444e-07","6,754288580687831e-07","1,4184006019444446e-05"
"2024-09-12 21:56:22+02:00","rock-tobefilledbyoem","AMD Ryzen Threadripper 3970X 32-Core Processor","0","e2e","7","1.0","1.0455","0,5973","34,027","57.0","0","reduction","openblas","fp32","0","21","7","1.0455","58.903","56.3","57.0","3584000000","6.0","e2e","e2e","0","AMD Ryzen Threadripper 3970X 32-Core Processor","","","","0","0","","","37.4","0","OPENBLAS_NUM_THREADS=1; e2e_host_memcpy=1; e2e_bw=mixed","4.861","1,3502777777777778e-06","0.08532857142857143","0","0","0.0","","0.0","0.0","9,451944444444444e-06","DE","0,125","1,1814930555555555e-06","0,0783099722222222","7,401815068904319e-07","0,09889","9,347027861111112e-07","0,0518570416666666","4,901498768865735e-07","0,12545","1,1857464305555556e-06","0,0950131388888888","8,980589102700609e-07","0,125","1,1814930555555555e-06","0,0783099722222222","7,401815068904319e-07","0,125","1,6878472222222225e-07","1,057402152700617e-07","1,1814930555555555e-06","0,09889","1,3352896944444446e-07","7,002141098379623e-08","9,347027861111112e-07","0,12545","1,6939234722222224e-07","1,2829413003858017e-07","1,1857464305555558e-06","0,125","1,6878472222222225e-07","1,057402152700617e-07","1,1814930555555555e-06","483,51","4,5701096583333335e-06","21,25","2,0085381944444442e-07","866,89","8,193796119444444e-06","6,528728083333333e-07","4,570109658333333e-06","2,869340277777778e-08","2,0085381944444447e-07","1,1705423027777778e-06","8,193796119444444e-06"
"2024-09-12 21:56:32+02:00","rock-tobefilledbyoem","AMD Ryzen Threadripper 3970X 32-Core Processor","0","kernel","17","1.0","1.0523","1,0523","59,286","56.3","0","reduction","openblas","fp32","0","17","7","1.0523","59.286","56.3","57.0","21760000000","20.68","kernel","kernel","0","AMD Ryzen Threadripper 3970X 32-Core Processor","","","","0","0","","","37.4","0","OPENBLAS_NUM_THREADS=1; e2e_host_memcpy=1; e2e_bw=mixed","3.4874117647058824","9,687254901960785e-07","0.061900000000000004","0","0","","","","","1,6468333333333333e-05","DE","0,125","2,058541666666666e-06","0,0783099722222222","1,2896347258796293e-06","0,09889","1,6285534833333334e-06","0,0518570416666666","8,539990478472211e-07","0,12545","2,0659524166666666e-06","0,0950131388888888","1,564708042268517e-06","0,125","2,058541666666666e-06","0,0783099722222222","1,2896347258796293e-06","0,125","1,210906862745098e-07","7,586086622821349e-08","2,058541666666666e-06","0,09889","9,57972637254902e-08","5,0235238108660076e-08","1,6285534833333334e-06","0,12545","1,2152661274509806e-07","9,20416495452069e-08","2,065952416666667e-06","0,125","1,210906862745098e-07","7,586086622821349e-08","2,058541666666666e-06","483,51","7,962603849999999e-06","21,25","3,499520833333333e-07","866,89","1,4276233483333333e-05","4,683884617647059e-07","7,96260385e-06","2,0585416666666667e-08","3,499520833333333e-07","8,397784401960785e-07","1,4276233483333335e-05"
"2024-09-12 21:56:32+02:00","rock-tobefilledbyoem","AMD Ryzen Threadripper 3970X 32-Core Processor","0","e2e","7","1.0","1.0523","0,7455","42,503","57.0","0","reduction","openblas","fp32","0","17","7","1.0523","59.286","56.3","57.0","4480000000","6.01","e2e","e2e","0","AMD Ryzen Threadripper 3970X 32-Core Processor","","","","0","0","","","37.4","0","OPENBLAS_NUM_THREADS=1; e2e_host_memcpy=1; e2e_bw=mixed","6.071857142857143","1,686626984126984e-06","0.10650000000000001","0","0","0.0","","0.0","0.0","1,1806388888888889e-05","DE","0,125","1,475798611111111e-06","0,0783099722222222","9,245579859336416e-07","0,09889","1,1675337972222222e-06","0,0518570416666666","6,122444005439807e-07","0,12545","1,481111486111111e-06","0,0950131388888888","1,1217620672762337e-06","0,125","1,475798611111111e-06","0,0783099722222222","9,245579859336416e-07","0,125","2,10828373015873e-07","1,3207971227623453e-07","1,4757986111111109e-06","0,09889","1,6679054246031744e-07","8,746348579199725e-08","1,167533797222222e-06","0,12545","2,1158735515873013e-07","1,6025172389660478e-07","1,481111486111111e-06","0,125","2,10828373015873e-07","1,3207971227623453e-07","1,4757986111111109e-06","483,51","5,708507091666667e-06","21,25","2,508857638888889e-07","866,89","1,023484046388889e-05","8,15501013095238e-07","5,708507091666666e-06","3,5840823412698403e-08","2,5088576388888884e-07","1,462120066269841e-06","1,0234840463888888e-05"
"2024-09-12 21:56:41+02:00","rock-tobefilledbyoem","AMD Ryzen Threadripper 3970X 32-Core Processor","0","kernel","15","1.0","1.1113","1,1113","62,615","56.3","0","reduction","openblas","fp32","0","15","6","1.1113","62.615","56.3","57.0","23040000000","20.73","kernel","kernel","0","AMD Ryzen Threadripper 3970X 32-Core Processor","","","","0","0","","","37.5","0","OPENBLAS_NUM_THREADS=1; e2e_host_memcpy=1; e2e_bw=mixed","4.174333333333333","1,159537037037037e-06","0.07408666666666666","0","0","","","","","1,7393055555555556e-05","DE","0,125","2,1741319444444444e-06","0,0783099722222222","1,3620496974151232e-06","0,09889","1,7199992638888889e-06","0,0518570416666666","9,019524066550916e-07","0,12545","2,1819588194444444e-06","0,0950131388888888","1,6525688032021591e-06","0,125","2,1741319444444444e-06","0,0783099722222222","1,3620496974151232e-06","0,125","1,4494212962962965e-07","9,080331316100821e-08","2,1741319444444444e-06","0,09889","1,146666175925926e-07","6,013016044367277e-08","1,7199992638888889e-06","0,12545","1,454639212962963e-07","1,1017125354681061e-07","2,1819588194444444e-06","0,125","1,4494212962962965e-07","9,080331316100821e-08","2,1741319444444444e-06","483,51","8,409716291666667e-06","21,25","3,6960243055555557e-07","866,89","1,5077865930555555e-05","5,606477527777778e-07","8,409716291666667e-06","2,4640162037037035e-08","3,696024305555555e-07","1,005191062037037e-06","1,5077865930555555e-05"
"2024-09-12 21:56:41+02:00","rock-tobefilledbyoem","AMD Ryzen Threadripper 3970X 32-Core Processor","0","e2e","6","1.0","1.1113","0,7658","43,647","57.0","0","reduction","openblas","fp32","0","15","6","1.1113","62.615","56.3","57.0","4608000000","6.02","e2e","e2e","0","AMD Ryzen Threadripper 3970X 32-Core Processor","","","","0","0","","","37.5","0","OPENBLAS_NUM_THREADS=1; e2e_host_memcpy=1; e2e_bw=mixed","7.2745","2,0206944444444443e-06","0.12763333333333335","0","0","0.0","","0.0","0.0","1,2124166666666666e-05","DE","0,125","1,515520833333333e-06","0,0783099722222222","9,49443154884259e-07","0,09889","1,1989588416666668e-06","0,0518570416666666","6,287234160069437e-07","0,12545","1,5209767083333334e-06","0,0950131388888888","1,151955131412036e-06","0,125","1,515520833333333e-06","0,0783099722222222","9,49443154884259e-07","0,125","2,525868055555556e-07","1,5824052581404318e-07","1,515520833333333e-06","0,09889","1,998264736111111e-07","1,0478723600115729e-07","1,1989588416666666e-06","0,12545","2,534961180555556e-07","1,91992521902006e-07","1,5209767083333334e-06","0,125","2,525868055555556e-07","1,5824052581404318e-07","1,515520833333333e-06","483,51","5,862155825e-06","21,25","2,576385416666667e-07","866,89","1,0510318841666666e-05","9,770259708333334e-07","5,8621558250000005e-06","4,293975694444444e-08","2,576385416666666e-07","1,7517198069444442e-06","1,0510318841666666e-05"
"2024-09-12 21:56:51+02:00","rock-tobefilledbyoem","AMD Ryzen Threadripper 3970X 32-Core Processor","0","kernel","11","1.0","1.1056","1,1056","62,216","56.3","0","reduction","openblas","fp32","0","11","4","1.1056","62.216","56.3","57.1","22528000000","20.38","kernel","kernel","0","AMD Ryzen Threadripper 3970X 32-Core Processor","","","","0","0","","","37.5","0","OPENBLAS_NUM_THREADS=1; e2e_host_memcpy=1; e2e_bw=mixed","5.656","1,571111111111111e-06","0.1005090909090909","0","0","","","","","1,7282222222222223e-05","DE","0,125","2,160277777777778e-06","0,0783099722222222","1,3533703421604935e-06","0,09889","1,7090389555555558e-06","0,0518570416666666","8,962049178703693e-07","0,12545","2,168054777777778e-06","0,0950131388888888","1,6420381803086407e-06","0,125","2,160277777777778e-06","0,0783099722222222","1,3533703421604935e-06","0,125","1,9638888888888889e-07","1,2303366746913576e-07","2,160277777777778e-06","0,09889","1,5536717777777778e-07","8,147317435185177e-08","1,7090389555555556e-06","0,12545","1,970958888888889e-07","1,4927619820987644e-07","2,1680547777777776e-06","0,125","1,9638888888888889e-07","1,2303366746913576e-07","2,160277777777778e-06","483,51","8,356127266666668e-06","21,25","3,6724722222222226e-07","866,89","1,4981785622222222e-05","7,596479333333332e-07","8,356127266666665e-06","3,338611111111111e-08","3,6724722222222226e-07","1,3619805111111112e-06","1,4981785622222222e-05"
"2024-09-12 21:56:51+02:00","rock-tobefilledbyoem","AMD Ryzen Threadripper 3970X 32-Core Processor","0","e2e","4","1.0","1.1056","0,6893","39,361","57.1","0","reduction","openblas","fp32","0","11","4","1.1056","62.216","56.3","57.1","4096000000","5.94","e2e","e2e","0","AMD Ryzen Threadripper 3970X 32-Core Processor","","","","0","0","","","37.5","0","OPENBLAS_NUM_THREADS=1; e2e_host_memcpy=1; e2e_bw=mixed","9.84025","2,7334027777777776e-06","0.172325","0","0","0.0","","0.0","0.0","1,093361111111111e-05","DE","0,125","1,3667013888888888e-06","0,0783099722222222","8,562107823996911e-07","0,09889","1,0812248027777775e-06","0,0518570416666666","5,669847269560178e-07","0,12545","1,3716215138888888e-06","0,0950131388888888","1,0388367110570978e-06","0,125","1,3667013888888888e-06","0,0783099722222222","8,562107823996911e-07","0,125","3,416753472222222e-07","2,140526955999228e-07","1,3667013888888888e-06","0,09889","2,703062006944445e-07","1,4174618173900448e-07","1,0812248027777775e-06","0,12545","3,429053784722222e-07","2,597091777642745e-07","1,3716215138888888e-06","0,125","3,416753472222222e-07","2,140526955999228e-07","1,3667013888888888e-06","483,51","5,2865103083333335e-06","21,25","2,323392361111111e-07","866,89","9,47823813611111e-06","1,3216275770833334e-06","5,2865103083333335e-06","5,808480902777777e-08","2,323392361111111e-07","2,3695595340277777e-06","9,47823813611111e-06"
"2024-09-12 21:57:02+02:00","rock-tobefilledbyoem","AMD Ryzen Threadripper 3970X 32-Core Processor","0","kernel","8","1.0","1.18","1,18","66,443","56.3","0","reduction","openblas","fp32","0","8","3","1.18","66.443","56.3","56.9","24576000000","20.83","kernel","kernel","0","AMD Ryzen Threadripper 3970X 32-Core Processor","","","","0","0","","","37.2","0","OPENBLAS_NUM_THREADS=1; e2e_host_memcpy=1; e2e_bw=mixed","8.305375","2,307048611111111e-06","0.1475","0","0","","","","","1,845638888888889e-05","DE","0,125","2,307048611111111e-06","0,0783099722222222","1,4453193012114194e-06","0,09889","1,8251522972222225e-06","0,0518570416666666","9,570937276273136e-07","0,12545","2,3153539861111117e-06","0,0950131388888888","1,7535994408873442e-06","0,125","2,307048611111111e-06","0,0783099722222222","1,4453193012114194e-06","0,125","2,883810763888889e-07","1,8066491265142745e-07","2,307048611111111e-06","0,09889","2,281440371527778e-07","1,196367159534142e-07","1,8251522972222225e-06","0,12545","2,894192482638889e-07","2,1919993011091805e-07","2,3153539861111117e-06","0,125","2,883810763888889e-07","1,8066491265142745e-07","2,307048611111111e-06","483,51","8,923848591666666e-06","21,25","3,921982638888889e-07","866,89","1,5999658963888888e-05","1,1154810739583333e-06","8,923848591666666e-06","4,902478298611111e-08","3,921982638888889e-07","1,999957370486111e-06","1,5999658963888888e-05"
"2024-09-12 21:57:02+02:00","rock-tobefilledbyoem","AMD Ryzen Threadripper 3970X 32-Core Processor","0","e2e","3","1.0","1.18","0,7654","43,584","56.9","0","reduction","openblas","fp32","0","8","3","1.18","66.443","56.3","56.9","4608000000","6.02","e2e","e2e","0","AMD Ryzen Threadripper 3970X 32-Core Processor","","","","0","0","","","37.2","0","OPENBLAS_NUM_THREADS=1; e2e_host_memcpy=1; e2e_bw=mixed","14.528","4,035555555555556e-06","0.2551333333333333","0","0","0.0","","0.0","0.0","1,2106666666666669e-05","DE","0,125","1,5133333333333334e-06","0,0783099722222222","9,480727303703702e-07","0,09889","1,1972282666666668e-06","0,0518570416666666","6,278159177777771e-07","0,12545","1,5187813333333334e-06","0,0950131388888888","1,1502924014814803e-06","0,125","1,5133333333333334e-06","0,0783099722222222","9,480727303703702e-07","0,125","5,044444444444445e-07","3,160242434567901e-07","1,5133333333333334e-06","0,09889","3,9907608888888897e-07","2,0927197259259238e-07","1,197228266666667e-06","0,12545","5,062604444444445e-07","3,834308004938269e-07","1,5187813333333336e-06","0,125","5,044444444444445e-07","3,160242434567901e-07","1,5133333333333334e-06","483,51","5,8536944e-06","21,25","2,572666666666667e-07","866,89","1,0495148266666668e-05","1,9512314666666667e-06","5,8536943999999996e-06","8,575555555555556e-08","2,5726666666666665e-07","3,498382755555556e-06","1,0495148266666668e-05"
"2024-09-12 21:57:30+02:00","rock-tobefilledbyoem","AMD Ryzen Threadripper 3970X 32-Core Processor","0","kernel","11401","1.0","1.0024","1,0024","56,27","56.1","0","reduction","openblas","fp32","0","11401","489","1.0024","56.27","56.1","55.4","91208000000","90.99","kernel","kernel","0","AMD Ryzen Threadripper 3970X 32-Core Processor","","","","0","0","","","39.9","0","OPENBLAS_NUM_THREADS=1; e2e_host_memcpy=1; e2e_bw=mixed","0.004935531970879748","1,370981103022152e-09","8.792211209543022e-05","0","0","","","","","1,5630555555555557e-05","DE","0,125","1,9538194444444446e-06","0,0783099722222222","1,2240283713734566e-06","0,09889","1,545705638888889e-06","0,0518570416666666","8,105543707175917e-07","0,12545","1,9608531944444445e-06","0,0950131388888888","1,4851081459104926e-06","0,125","1,9538194444444446e-06","0,0783099722222222","1,2240283713734566e-06","0,125","1,71372637877769e-10","1,0736149209485628e-10","1,9538194444444446e-06","0,09889","1,3557632127786062e-10","7,109502418363228e-11","1,5457056388888889e-06","0,12545","1,7198957937412895e-10","1,3026121795548568e-10","1,9608531944444445e-06","0,125","1,71372637877769e-10","1,0736149209485628e-10","1,9538194444444446e-06","483,51","7,557529916666667e-06","21,25","3,321493055555556e-07","866,89","1,3549972305555558e-05","6,628830731222407e-10","7,557529916666666e-06","2,913334843922073e-11","3,3214930555555556e-07","1,1884898083988733e-09","1,3549972305555554e-05"
"2024-09-12 21:57:30+02:00","rock-tobefilledbyoem","AMD Ryzen Threadripper 3970X 32-Core Processor","0","e2e","489","1.0","1.0024","0,1064","5,899","55.4","0","reduction","openblas","fp32","0","11401","489","1.0024","56.27","56.1","55.4","1956000000","18.38","e2e","e2e","0","AMD Ryzen Threadripper 3970X 32-Core Processor","","","","0","0","","","39.9","0","OPENBLAS_NUM_THREADS=1; e2e_host_memcpy=1; e2e_bw=mixed","0.012063394683026585","3,350942967507384e-09","0.00021758691206543967","0","0","0.0","","0.0","0.0","1,638611111111111e-06","DE","0,125","2,048263888888889e-07","0,0783099722222222","1,2831959059413577e-07","0,09889","1,620422527777778e-07","0,0518570416666666","8,497352466435176e-08","0,12545","2,055637638888889e-07","0,0950131388888888","1,556895850848764e-07","0,125","2,048263888888889e-07","0,0783099722222222","1,2831959059413577e-07","0,125","4,18867870938423e-10","2,6241225070375407e-10","2,048263888888889e-07","0,09889","3,3137475005680516e-10","1,7376998908865386e-10","1,6204225277777776e-07","0,12545","4,203757952738013e-10","3,1838360958052425e-10","2,055637638888889e-07","0,125","4,18867870938423e-10","2,6241225070375407e-10","2,048263888888889e-07","483,51","7,922848583333333e-07","21,25","3,482048611111111e-08","866,89","1,4204955861111109e-06","1,6202144342194953e-09","7,922848583333332e-07","7,120753805953191e-11","3,48204861111111e-08","2,9048989491024758e-09","1,4204955861111107e-06"
"2024-09-12 21:57:37+02:00","rock-tobefilledbyoem","AMD Ryzen Threadripper 3970X 32-Core Processor","0","kernel","5504","1.0","0.9553","0,9553","53,107","55.6","1","reduction","openblas","fp32","0","5504","593","0.9553","53.107","55.6","55.2","66048000000","69.13","kernel","kernel","0","AMD Ryzen Threadripper 3970X 32-Core Processor","","","","0","0","","","38.9","0","OPENBLAS_NUM_THREADS=1; e2e_host_memcpy=1; e2e_bw=mixed","0.009648800872093024","2,680222464470284e-09","0.00017356468023255815","0","0","","","","","1,4751944444444444e-05","DE","0,125","1,8439930555555555e-06","0,0783099722222222","1,1552243596682096e-06","0,09889","1,4588197861111111e-06","0,0518570416666666","7,649921977199065e-07","0,12545","1,850631430555556e-06","0,0950131388888888","1,4016285463811717e-06","0,125","1,8439930555555555e-06","0,0783099722222222","1,1552243596682096e-06","0,125","3,3502780805878546e-10","2,098881467420439e-10","1,8439930555555555e-06","0,09889","2,6504719951146637e-10","1,3898840801597135e-10","1,4588197861111111e-06","0,12545","3,3623390816779715e-10","2,5465634926983496e-10","1,850631430555556e-06","0,125","3,3502780805878546e-10","2,098881467420439e-10","1,8439930555555555e-06","483,51","7,132712658333333e-06","21,25","3,1347881944444446e-07","866,89","1,2788313119444444e-05","1,295914363796027e-09","7,132712658333333e-06","5,695472736999354e-11","3,1347881944444446e-07","2,3234580522246447e-09","1,2788313119444444e-05"
"2024-09-12 21:57:37+02:00","rock-tobefilledbyoem","AMD Ryzen Threadripper 3970X 32-Core Processor","0","e2e","593","1.0","0.9553","0,3653","20,162","55.2","1","reduction","openblas","fp32","0","5504","593","0.9553","53.107","55.6","55.2","3558000000","9.74","e2e","e2e","0","AMD Ryzen Threadripper 3970X 32-Core Processor","","","","0","0","","","38.9","0","OPENBLAS_NUM_THREADS=1; e2e_host_memcpy=1; e2e_bw=mixed","0.033999999999999996","9,444444444444444e-09","0.0006160202360876898","0","0","0.0","","0.0","0.0","5,600555555555555e-06","DE","0,125","7,000694444444444e-07","0,0783099722222222","4,3857934998456777e-07","0,09889","5,538389388888889e-07","0,0518570416666666","2,904282428009256e-07","0,12545","7,025896944444445e-07","0,0950131388888888","5,321263628549377e-07","0,125","7,000694444444444e-07","0,0783099722222222","4,3857934998456777e-07","0,125","1,1805555555555552e-09","7,395941820987652e-10","7,000694444444444e-07","0,09889","9,339611111111111e-10","4,897609490740733e-10","5,538389388888889e-07","0,12545","1,1848055555555555e-09","8,973463117283941e-10","7,025896944444444e-07","0,125","1,1805555555555552e-09","7,395941820987652e-10","7,000694444444444e-07","483,51","2,7079246166666665e-06","21,25","1,1901180555555554e-07","866,89","4,855065605555555e-06","4,566483333333333e-09","2,707924616666666e-06","2,0069444444444441e-10","1,1901180555555554e-07","8,187294444444444e-09","4,855065605555555e-06"
"2024-09-12 21:57:40+02:00","rock-tobefilledbyoem","AMD Ryzen Threadripper 3970X 32-Core Processor","0","kernel","875","1.0","0.3343","0,3343","18,554","55.5","1","reduction","openblas","fp32","0","875","285","0.3343","18.554","55.5","55.8","14000000000","41.88","kernel","kernel","0","AMD Ryzen Threadripper 3970X 32-Core Processor","","","","0","0","","","37.8","0","OPENBLAS_NUM_THREADS=1; e2e_host_memcpy=1; e2e_bw=mixed","0.021204571428571427","5,890158730158731e-09","0.00038205714285714283","0","0","","","","","5,1538888888888885e-06","DE","0,125","6,442361111111111e-07","0,0783099722222222","4,036008957253085e-07","0,09889","5,096680722222222e-07","0,0518570416666666","2,672654308564812e-07","0,12545","6,465553611111111e-07","0,0950131388888888","4,896871608179008e-07","0,125","6,442361111111111e-07","0,0783099722222222","4,036008957253085e-07","0,125","7,362698412698412e-10","4,6125816654320977e-10","6,442361111111112e-07","0,09889","5,824777968253969e-10","3,054462066931213e-10","5,096680722222222e-07","0,12545","7,389204126984127e-10","5,596424695061723e-10","6,465553611111112e-07","0,125","7,362698412698412e-10","4,6125816654320977e-10","6,442361111111112e-07","483,51","2,4919568166666667e-06","21,25","1,0952013888888888e-07","866,89","4,467854738888889e-06","2,847950647619048e-09","2,491956816666667e-06","1,2516587301587304e-10","1,0952013888888891e-07","5,106119701587301e-09","4,467854738888889e-06"
"2024-09-12 21:57:40+02:00","rock-tobefilledbyoem","AMD Ryzen Threadripper 3970X 32-Core Processor","0","e2e","285","1.0","0.3343","0,3283","18,302","55.8","1","reduction","openblas","fp32","0","875","285","0.3343","18.554","55.5","55.8","2280000000","6.95","e2e","e2e","0","AMD Ryzen Threadripper 3970X 32-Core Processor","","","","0","0","","","37.8","0","OPENBLAS_NUM_THREADS=1; e2e_host_memcpy=1; e2e_bw=mixed","0.06421754385964912","1,7838206627680312e-08","0.0011519298245614034","0","0","0.0","","0.0","0.0","5,083888888888889e-06","DE","0,125","6,354861111111111e-07","0,0783099722222222","3,98119197669753e-07","0,09889","5,027457722222223e-07","0,0518570416666666","2,636354379398145e-07","0,12545","6,377738611111111e-07","0,0950131388888888","4,830362410956787e-07","0,125","6,354861111111111e-07","0,0783099722222222","3,98119197669753e-07","0,125","2,229775828460039e-09","1,3969094655079051e-09","6,354861111111111e-07","0,09889","1,764020253411306e-09","9,250366243502264e-10","5,027457722222223e-07","0,12545","2,237803021442495e-09","1,6948640038444862e-09","6,377738611111111e-07","0,125","2,229775828460039e-09","1,3969094655079051e-09","6,354861111111111e-07","483,51","2,4581111166666665e-06","21,25","1,0803263888888889e-07","866,89","4,407172438888889e-06","8,624951286549708e-09","2,458111116666667e-06","3,7906189083820665e-10","1,0803263888888889e-07","1,5463762943469785e-08","4,407172438888888e-06"
"2024-09-12 21:57:49+02:00","rock-tobefilledbyoem","AMD Ryzen Threadripper 3970X 32-Core Processor","0","kernel","1049","1.0","1.0948","1,0948","61,779","56.4","0","reduction","openblas","fp32","0","1049","263","1.0948","61.779","56.4","56.5","25176000000","23.0","kernel","kernel","0","AMD Ryzen Threadripper 3970X 32-Core Processor","","","","0","0","","","37.2","0","OPENBLAS_NUM_THREADS=1; e2e_host_memcpy=1; e2e_bw=mixed","0.058893231649189706","1,6359231013663808e-08","0.0010436606291706386","0","0","","","","","1,7160833333333333e-05","DE","0,125","2,1451041666666667e-06","0,0783099722222222","1,3438643816435185e-06","0,09889","1,6970348083333334e-06","0,0518570416666666","8,899100492013878e-07","0,12545","2,1528265416666666e-06","0,0950131388888888","1,6305046409490729e-06","0,125","2,1451041666666667e-06","0,0783099722222222","1,3438643816435185e-06","0,125","2,044903876707976e-09","1,2810909262569287e-09","2,1451041666666667e-06","0,09889","1,617764354941214e-09","8,483413243101885e-10","1,6970348083333336e-06","0,12545","2,052265530664125e-09","1,5543418884166563e-09","2,152826541666667e-06","0,125","2,044903876707976e-09","1,2810909262569287e-09","2,1451041666666667e-06","483,51","8,297434525e-06","21,25","3,6466770833333335e-07","866,89","1,4876554808333333e-05","7,909851787416588e-09","8,297434525e-06","3,476336590403559e-10","3,6466770833333335e-07","1,4181653773435018e-08","1,4876554808333333e-05"
"2024-09-12 21:57:49+02:00","rock-tobefilledbyoem","AMD Ryzen Threadripper 3970X 32-Core Processor","0","e2e","263","1.0","1.0948","0,5968","33,717","56.5","0","reduction","openblas","fp32","0","1049","263","1.0948","61.779","56.4","56.5","3156000000","5.29","e2e","e2e","0","AMD Ryzen Threadripper 3970X 32-Core Processor","","","","0","0","","","37.2","0","OPENBLAS_NUM_THREADS=1; e2e_host_memcpy=1; e2e_bw=mixed","0.12820152091254752","3,561153358681876e-08","0.0022692015209125477","0","0","0.0","","0.0","0.0","9,365833333333333e-06","DE","0,125","1,1707291666666666e-06","0,0783099722222222","7,33438148171296e-07","0,09889","9,261872583333334e-07","0,0518570416666666","4,856844094097216e-07","0,12545","1,1749437916666667e-06","0,0950131388888888","8,898772233101843e-07","0,125","1,1707291666666666e-06","0,0783099722222222","7,33438148171296e-07","0,125","4,451441698352345e-09","2,78873820597451e-09","1,1707291666666668e-06","0,09889","3,5216245564005076e-09","1,8467087810255574e-09","9,261872583333336e-07","0,12545","4,467466888466414e-09","3,3835635867307398e-09","1,174943791666667e-06","0,125","4,451441698352345e-09","2,78873820597451e-09","1,1707291666666668e-06","483,51","4,528474074999999e-06","21,25","1,990239583333333e-07","866,89","8,119147258333333e-06","1,721853260456274e-08","4,528474075000001e-06","7,567450887198987e-10","1,9902395833333335e-07","3,087128235107732e-08","8,119147258333335e-06"
"2024-09-12 21:57:57+02:00","rock-tobefilledbyoem","AMD Ryzen Threadripper 3970X 32-Core Processor","0","kernel","643","1.0","1.0088","1,0088","57,053","56.6","0","reduction","openblas","fp32","0","643","219","1.0088","57.053","56.6","57.3","20576000000","20.4","kernel","kernel","0","AMD Ryzen Threadripper 3970X 32-Core Processor","","","","0","0","","","37.2","0","OPENBLAS_NUM_THREADS=1; e2e_host_memcpy=1; e2e_bw=mixed","0.08872939346811819","2,4647053741143945e-08","0.0015688958009331259","0","0","","","","","1,5848055555555556e-05","DE","0,125","1,9810069444444445e-06","0,0783099722222222","1,24106079033179e-06","0,09889","1,567214213888889e-06","0,0518570416666666","8,218332772800916e-07","0,12545","1,9881385694444447e-06","0,0950131388888888","1,505773503618826e-06","0,125","1,9810069444444445e-06","0,0783099722222222","1,24106079033179e-06","0,125","3,080881717642993e-09","1,9301100938286004e-09","1,9810069444444445e-06","0,09889","2,4373471444617247e-09","1,2781232928150723e-09","1,567214213888889e-06","0,12545","3,091972891826508e-09","2,341793940309216e-09","1,9881385694444447e-06","0,125","3,080881717642993e-09","1,9301100938286004e-09","1,9810069444444445e-06","483,51","7,662693341666666e-06","21,25","3,367711805555556e-07","866,89","1,3738520880555556e-05","1,1917096954380507e-08","7,662693341666666e-06","5,237498919993088e-10","3,367711805555555e-07","2,1366284417660272e-08","1,3738520880555556e-05"
"2024-09-12 21:57:57+02:00","rock-tobefilledbyoem","AMD Ryzen Threadripper 3970X 32-Core Processor","0","e2e","219","1.0","1.0088","0,5896","33,795","57.3","0","reduction","openblas","fp32","0","643","219","1.0088","57.053","56.6","57.3","3504000000","5.94","e2e","e2e","0","AMD Ryzen Threadripper 3970X 32-Core Processor","","","","0","0","","","37.2","0","OPENBLAS_NUM_THREADS=1; e2e_host_memcpy=1; e2e_bw=mixed","0.1543150684931507","4,286529680365297e-08","0.0026922374429223747","0","0","0.0","","0.0","0.0","9,3875e-06","DE","0,125","1,1734375e-06","0,0783099722222222","7,351348642361111e-07","0,09889","9,28329875e-07","0,0518570416666666","4,868079786458328e-07","0,12545","1,1776618750000005e-06","0,0950131388888888","8,919358413194437e-07","0,125","1,1734375e-06","0,0783099722222222","7,351348642361111e-07","0,125","5,358162100456621e-09","3,356780201991374e-09","1,1734375e-06","0,09889","4,238949200913242e-09","2,2228674824010627e-09","9,28329875e-07","0,12545","5,377451484018266e-09","4,072766398718921e-09","1,1776618750000005e-06","0,125","5,358162100456621e-09","3,356780201991374e-09","1,1734375e-06","483,51","4,5389501249999995e-06","21,25","1,9948437499999997e-07","866,89","8,137929875e-06","2,0725799657534245e-08","4,5389501249999995e-06","9,108875570776256e-10","1,9948437500000003e-07","3,715949714611872e-08","8,137929875e-06"
"2024-09-12 21:58:05+02:00","rock-tobefilledbyoem","AMD Ryzen Threadripper 3970X 32-Core Processor","0","kernel","449","1.0","1.0612","1,0612","59,933","56.5","0","reduction","openblas","fp32","0","449","132","1.0612","59.933","56.5","57.1","21552000000","20.31","kernel","kernel","0","AMD Ryzen Threadripper 3970X 32-Core Processor","","","","0","0","","","37.2","0","OPENBLAS_NUM_THREADS=1; e2e_host_memcpy=1; e2e_bw=mixed","0.13348106904231627","3,707807473397674e-08","0.0023634743875278396","0","0","","","","","1,6648055555555555e-05","DE","0,125","2,0810069444444444e-06","0,0783099722222222","1,3037087681095677e-06","0,09889","1,646326213888889e-06","0,0518570416666666","8,633189106134248e-07","0,12545","2,0884985694444443e-06","0,0950131388888888","1,5817840147299369e-06","0,125","2,0810069444444444e-06","0,0783099722222222","1,3037087681095677e-06","0,125","4,6347593417470925e-09","2,903583002471197e-09","2,0810069444444444e-06","0,09889","3,66665081044296e-09","1,9227592663996103e-09","1,6463262138888892e-06","0,12545","4,6514444753773825e-09","3,522904264431931e-09","2,0884985694444447e-06","0,125","4,6347593417470925e-09","2,903583002471197e-09","2,0810069444444444e-06","483,51","8,049501341666666e-06","21,25","3,5377118055555553e-07","866,89","1,4432032880555554e-05","1,7927619914625092e-08","8,049501341666666e-06","7,879090880970058e-10","3,537711805555556e-07","3,2142612206137095e-08","1,4432032880555556e-05"
"2024-09-12 21:58:05+02:00","rock-tobefilledbyoem","AMD Ryzen Threadripper 3970X 32-Core Processor","0","e2e","132","1.0","1.0612","0,5302","30,289","57.1","0","reduction","openblas","fp32","0","449","132","1.0612","59.933","56.5","57.1","3168000000","5.98","e2e","e2e","0","AMD Ryzen Threadripper 3970X 32-Core Processor","","","","0","0","","","37.2","0","OPENBLAS_NUM_THREADS=1; e2e_host_memcpy=1; e2e_bw=mixed","0.22946212121212123","6,373947811447813e-08","0.004016666666666667","0","0","0.0","","0.0","0.0","8,41361111111111e-06","DE","0,125","1,0517013888888888e-06","0,0783099722222222","6,588696523996912e-07","0,09889","8,320220027777778e-07","0,0518570416666666","4,3630498195601805e-07","0,12545","1,0554875138888889e-06","0,0950131388888888","7,99403601057098e-07","0,125","1,0517013888888888e-06","0,0783099722222222","6,588696523996912e-07","0,125","7,967434764309766e-09","4,9914367606037235e-09","1,051701388888889e-06","0,09889","6,303196990740742e-09","3,3053407723940766e-09","8,32022002777778e-07","0,12545","7,996117529461282e-09","6,0560878867961994e-09","1,055487513888889e-06","0,125","7,967434764309766e-09","4,9914367606037235e-09","1,051701388888889e-06","483,51","4,068065108333333e-06","21,25","1,787892361111111e-07","866,89","7,293675336111111e-06","3,0818675063131316e-08","4,068065108333334e-06","1,3544639099326604e-09","1,7878923611111117e-07","5,5255116182659947e-08","7,2936753361111126e-06"
"2024-09-12 21:58:13+02:00","rock-tobefilledbyoem","AMD Ryzen Threadripper 3970X 32-Core Processor","0","kernel","334","1.0","1.0445","1,0445","58,939","56.4","0","reduction","openblas","fp32","0","334","106","1.0445","58.939","56.4","57.0","21376000000","20.47","kernel","kernel","0","AMD Ryzen Threadripper 3970X 32-Core Processor","","","","0","0","","","37.2","0","OPENBLAS_NUM_THREADS=1; e2e_host_memcpy=1; e2e_bw=mixed","0.17646407185628743","4,9017797737857634e-08","0.003127245508982036","0","0","","","","","1,6371944444444444e-05","DE","0,125","2,0464930555555555e-06","0,0783099722222222","1,2820865146682094e-06","0,09889","1,619021586111111e-06","0,0518570416666666","8,490006052199064e-07","0,12545","2,0538604305555555e-06","0,0950131388888888","1,5555498313811714e-06","0,125","2,0464930555555555e-06","0,0783099722222222","1,2820865146682094e-06","0,125","6,127224717232203e-09","3,8385823792461374e-09","2,046493055555556e-06","0,09889","4,847370018296741e-09","2,541917979700319e-09","1,6190215861111117e-06","0,12545","6,1492827262142405e-09","4,657334824494526e-09","2,053860430555556e-06","0,125","6,127224717232203e-09","3,8385823792461374e-09","2,046493055555556e-06","483,51","7,915998858333334e-06","21,25","3,479038194444444e-07","866,89","1,4192674919444443e-05","2,3700595384231544e-08","7,915998858333335e-06","1,0416282019294748e-09","3,4790381944444456e-07","4,2493038680971404e-08","1,419267491944445e-05"
"2024-09-12 21:58:13+02:00","rock-tobefilledbyoem","AMD Ryzen Threadripper 3970X 32-Core Processor","0","e2e","106","1.0","1.0445","0,5665","32,306","57.0","0","reduction","openblas","fp32","0","334","106","1.0445","58.939","56.4","57.0","3392000000","5.99","e2e","e2e","0","AMD Ryzen Threadripper 3970X 32-Core Processor","","","","0","0","","","37.2","0","OPENBLAS_NUM_THREADS=1; e2e_host_memcpy=1; e2e_bw=mixed","0.30477358490566037","8,465932914046124e-08","0.0053443396226415096","0","0","0.0","","0.0","0.0","8,973888888888888e-06","DE","0,125","1,121736111111111e-06","0,0783099722222222","7,027449896141974e-07","0,09889","8,874278722222222e-07","0,0518570416666666","4,6535933002314754e-07","0,12545","1,1257743611111112e-06","0,0950131388888888","8,52637351373456e-07","0,125","1,121736111111111e-06","0,0783099722222222","7,027449896141974e-07","0,125","1,0582416142557654e-08","6,629669713341485e-09","1,1217361111111113e-06","0,09889","8,371961058700212e-09","4,390182358708941e-09","8,874278722222224e-07","0,12545","1,0620512840670864e-08","8,043748597862794e-09","1,1257743611111114e-06","0,125","1,0582416142557654e-08","6,629669713341485e-09","1,1217361111111113e-06","483,51","4,338965016666666e-06","21,25","1,9069513888888887e-07","866,89","7,779374538888888e-06","4,093363223270442e-08","4,338965016666669e-06","1,7990107442348014e-09","1,9069513888888895e-07","7,339032583857445e-08","7,779374538888891e-06"
"2024-09-12 21:58:21+02:00","rock-tobefilledbyoem","AMD Ryzen Threadripper 3970X 32-Core Processor","0","kernel","223","1.0","1.0473","1,0473","58,992","56.3","0","reduction","openblas","fp32","0","223","65","1.0473","58.992","56.3","57.1","21408000000","20.44","kernel","kernel","0","AMD Ryzen Threadripper 3970X 32-Core Processor","","","","0","0","","","37.2","0","OPENBLAS_NUM_THREADS=1; e2e_host_memcpy=1; e2e_bw=mixed","0.2645381165919282","7,348281016442451e-08","0.004696412556053811","0","0","","","","","1,6386666666666667e-05","DE","0,125","2,0483333333333333e-06","0,0783099722222222","1,2832394114814812e-06","0,09889","1,6204774666666668e-06","0,0518570416666666","8,497640561111101e-07","0,12545","2,0557073333333336e-06","0,0950131388888888","1,5569486359259243e-06","0,125","2,0483333333333333e-06","0,0783099722222222","1,2832394114814812e-06","0,125","9,185351270553064e-09","5,754436822786911e-09","2,0483333333333333e-06","0,09889","7,266715097159941e-09","3,810601148480314e-09","1,6204774666666666e-06","0,12545","9,218418535127056e-09","6,981832448098316e-09","2,055707333333333e-06","0,125","9,185351270553064e-09","5,754436822786911e-09","2,0483333333333333e-06","483,51","7,9231172e-06","21,25","3,4821666666666666e-07","866,89","1,4205437466666667e-05","3,5529673542600895e-08","7,9231172e-06","1,5615097159940209e-09","3,4821666666666666e-07","6,370151330343796e-08","1,4205437466666665e-05"
"2024-09-12 21:58:21+02:00","rock-tobefilledbyoem","AMD Ryzen Threadripper 3970X 32-Core Processor","0","e2e","65","1.0","1.0473","0,5217","29,767","57.1","0","reduction","openblas","fp32","0","223","65","1.0473","58.992","56.3","57.1","3120000000","5.98","e2e","e2e","0","AMD Ryzen Threadripper 3970X 32-Core Processor","","","","0","0","","","37.2","0","OPENBLAS_NUM_THREADS=1; e2e_host_memcpy=1; e2e_bw=mixed","0.45795384615384616","1,272094017094017e-07","0.008026153846153848","0","0","0.0","","0.0","0.0","8,268611111111111e-06","DE","0,125","1,033576388888889e-06","0,0783099722222222","6,47514706427469e-07","0,09889","8,176829527777779e-07","0,0518570416666666","4,2878571091435133e-07","0,12545","1,037297263888889e-06","0,0950131388888888","7,856266959182092e-07","0,125","1,033576388888889e-06","0,0783099722222222","6,47514706427469e-07","0,125","1,5901175213675212e-08","9,961764714268753e-09","1,0335763888888887e-06","0,09889","1,2579737735042734e-08","6,5967032448361745e-09","8,176829527777777e-07","0,12545","1,5958419444444445e-08","1,2086564552587832e-08","1,037297263888889e-06","0,125","1,5901175213675212e-08","9,961764714268753e-09","1,0335763888888887e-06","483,51","3,997956158333333e-06","21,25","1,757079861111111e-07","866,89","7,167976286111111e-06","6,150701782051281e-08","3,997956158333333e-06","2,703199786324786e-09","1,7570798611111109e-07","1,1027655824786323e-07","7,16797628611111e-06"
"2024-09-12 21:58:29+02:00","rock-tobefilledbyoem","AMD Ryzen Threadripper 3970X 32-Core Processor","0","kernel","170","1.0","1.0731","1,0731","60,439","56.3","0","reduction","openblas","fp32","0","170","56","1.0731","60.439","56.3","57.0","21760000000","20.28","kernel","kernel","0","AMD Ryzen Threadripper 3970X 32-Core Processor","","","","0","0","","","37.2","0","OPENBLAS_NUM_THREADS=1; e2e_host_memcpy=1; e2e_bw=mixed","0.3555235294117647","9,875653594771244e-08","0.00631235294117647","0","0","","","","","1,6788611111111113e-05","DE","0,125","2,098576388888889e-06","0,0783099722222222","1,3147156697608023e-06","0,09889","1,660225752777778e-06","0,0518570416666666","8,706077059143509e-07","0,12545","2,106131263888889e-06","0,0950131388888888","1,595138639251542e-06","0,125","2,098576388888889e-06","0,0783099722222222","1,3147156697608023e-06","0,125","1,2344566993464054e-08","7,733621586828249e-09","2,098576388888889e-06","0,09889","9,766033839869282e-09","5,121221799496182e-09","1,660225752777778e-06","0,12545","1,2389007434640526e-08","9,383168466185541e-09","2,1061312638888896e-06","0,125","1,2344566993464054e-08","7,733621586828249e-09","2,098576388888889e-06","483,51","8,117461358333334e-06","21,25","3,5675798611111116e-07","866,89","1,4553879086111112e-05","4,774977269607844e-08","8,117461358333336e-06","2,0985763888888895e-09","3,567579861111112e-07","8,561105344771244e-08","1,4553879086111115e-05"
"2024-09-12 21:58:29+02:00","rock-tobefilledbyoem","AMD Ryzen Threadripper 3970X 32-Core Processor","0","e2e","56","1.0","1.0731","0,6012","34,296","57.0","0","reduction","openblas","fp32","0","170","56","1.0731","60.439","56.3","57.0","3584000000","5.96","e2e","e2e","0","AMD Ryzen Threadripper 3970X 32-Core Processor","","","","0","0","","","37.2","0","OPENBLAS_NUM_THREADS=1; e2e_host_memcpy=1; e2e_bw=mixed","0.6124285714285714","1,7011904761904765e-07","0.010735714285714284","0","0","0.0","","0.0","0.0","9,526666666666666e-06","DE","0,125","1,1908333333333333e-06","0,0783099722222222","7,460330020370368e-07","0,09889","9,420920666666668e-07","0,0518570416666666","4,940247502777772e-07","0,12545","1,1951203333333333e-06","0,0950131388888888","9,051585031481472e-07","0,125","1,1908333333333333e-06","0,0783099722222222","7,460330020370368e-07","0,125","2,126488095238096e-08","1,3322017893518518e-08","1,1908333333333335e-06","0,09889","1,6823072619047625e-08","8,821870540674595e-09","9,42092066666667e-07","0,12545","2,134143452380953e-08","1,6163544699074064e-08","1,1951203333333337e-06","0,125","2,126488095238096e-08","1,3322017893518518e-08","1,1908333333333335e-06","483,51","4,6062385999999995e-06","21,25","2,0244166666666664e-07","866,89","8,258572066666666e-06","8,225426071428574e-08","4,606238600000001e-06","3,6150297619047623e-09","2,024416666666667e-07","1,4747450119047622e-07","8,25857206666667e-06"
"2024-09-12 21:58:37+02:00","rock-tobefilledbyoem","AMD Ryzen Threadripper 3970X 32-Core Processor","0","kernel","113","1.0","1.0591","1,0591","59,675","56.3","0","reduction","openblas","fp32","0","113","33","1.0591","59.675","56.3","57.0","21696000000","20.49","kernel","kernel","0","AMD Ryzen Threadripper 3970X 32-Core Processor","","","","0","0","","","37.2","0","OPENBLAS_NUM_THREADS=1; e2e_host_memcpy=1; e2e_bw=mixed","0.5280973451327433","1,466937069813176e-07","0.009372566371681415","0","0","","","","","1,6576388888888887e-05","DE","0,125","2,072048611111111e-06","0,0783099722222222","1,2980965534336417e-06","0,09889","1,6392390972222222e-06","0,0518570416666666","8,596024892939804e-07","0,12545","2,079507986111111e-06","0,0950131388888888","1,574974739776233e-06","0,125","2,072048611111111e-06","0,0783099722222222","1,2980965534336417e-06","0,125","1,83367133726647e-08","1,1487580118881786e-08","2,0720486111111117e-06","0,09889","1,45065406833825e-08","7,607101675167968e-09","1,6392390972222224e-06","0,12545","1,840272554080629e-08","1,3937829555541888e-08","2,0795079861111118e-06","0,125","1,83367133726647e-08","1,1487580118881786e-08","2,0720486111111117e-06","483,51","8,014849791666665e-06","21,25","3,5224826388888886e-07","866,89","1,4369905763888887e-05","7,092787426253687e-08","8,014849791666666e-06","3,117241273352999e-09","3,5224826388888886e-07","1,2716730764503443e-07","1,4369905763888891e-05"
"2024-09-12 21:58:37+02:00","rock-tobefilledbyoem","AMD Ryzen Threadripper 3970X 32-Core Processor","0","e2e","33","1.0","1.0591","0,529","30,161","57.0","0","reduction","openblas","fp32","0","113","33","1.0591","59.675","56.3","57.0","3168000000","5.99","e2e","e2e","0","AMD Ryzen Threadripper 3970X 32-Core Processor","","","","0","0","","","37.2","0","OPENBLAS_NUM_THREADS=1; e2e_host_memcpy=1; e2e_bw=mixed","0.913969696969697","2,538804713804714e-07","0.01603030303030303","0","0","0.0","","0.0","0.0","8,378055555555556e-06","DE","0,125","1,0472569444444443e-06","0,0783099722222222","6,5608529783179e-07","0,09889","8,28505913888889e-07","0,0518570416666666","4,344611760300921e-07","0,12545","1,0510270694444446e-06","0,0950131388888888","7,960253561188265e-07","0,125","1,0472569444444443e-06","0,0783099722222222","6,5608529783179e-07","0,125","3,173505892255892e-08","1,9881372661569396e-08","1,0472569444444443e-06","0,09889","2,5106239814814812e-08","1,3165490182730062e-08","8,285059138888889e-07","0,12545","3,1849305134680135e-08","2,4121980488449288e-08","1,0510270694444446e-06","0,125","3,173505892255892e-08","1,9881372661569396e-08","1,0472569444444443e-06","483,51","4,050873641666667e-06","21,25","1,7803368055555556e-07","866,89","7,262852580555556e-06","1,227537467171717e-07","4,050873641666666e-06","5,3949600168350166e-09","1,7803368055555554e-07","2,2008644183501682e-07","7,262852580555555e-06"
"2024-09-12 21:58:46+02:00","rock-tobefilledbyoem","AMD Ryzen Threadripper 3970X 32-Core Processor","0","kernel","85","1.0","1.0561","1,0561","59,487","56.3","0","reduction","openblas","fp32","0","85","28","1.0561","59.487","56.3","56.9","21760000000","20.6","kernel","kernel","0","AMD Ryzen Threadripper 3970X 32-Core Processor","","","","0","0","","","37.2","0","OPENBLAS_NUM_THREADS=1; e2e_host_memcpy=1; e2e_bw=mixed","0.6998470588235295","1,9440196078431374e-07","0.012424705882352942","0","0","","","","","1,6524166666666667e-05","DE","0,125","2,0655208333333333e-06","0,0783099722222222","1,2940070326620368e-06","0,09889","1,6340748416666669e-06","0,0518570416666666","8,568943993402768e-07","0,12545","2,0729567083333333e-06","0,0950131388888888","1,5700129425231468e-06","0,125","2,0655208333333333e-06","0,0783099722222222","1,2940070326620368e-06","0,125","2,4300245098039218e-08","1,522361214896514e-08","2,0655208333333333e-06","0,09889","1,9224409901960786e-08","1,0081110580473844e-08","1,6340748416666669e-06","0,12545","2,4387725980392162e-08","1,847074050027232e-08","2,0729567083333333e-06","0,125","2,4300245098039218e-08","1,522361214896514e-08","2,0655208333333333e-06","483,51","7,989599825e-06","21,25","3,5113854166666666e-07","866,89","1,4324634841666666e-05","9,399529205882353e-08","7,989599825e-06","4,131041666666667e-09","3,5113854166666666e-07","1,6852511578431373e-07","1,4324634841666668e-05"
"2024-09-12 21:58:46+02:00","rock-tobefilledbyoem","AMD Ryzen Threadripper 3970X 32-Core Processor","0","e2e","28","1.0","1.0561","0,5976","34,025","56.9","0","reduction","openblas","fp32","0","85","28","1.0561","59.487","56.3","56.9","3584000000","6.0","e2e","e2e","0","AMD Ryzen Threadripper 3970X 32-Core Processor","","","","0","0","","","37.2","0","OPENBLAS_NUM_THREADS=1; e2e_host_memcpy=1; e2e_bw=mixed","1.2151785714285714","3,375496031746032e-07","0.021342857142857143","0","0","0.0","","0.0","0.0","9,451388888888888e-06","DE","0,125","1,181423611111111e-06","0,0783099722222222","7,401380013503085e-07","0,09889","9,346478472222222e-07","0,0518570416666666","4,901210674189809e-07","0,12545","1,185676736111111e-06","0,0950131388888888","8,980061251929004e-07","0,125","1,181423611111111e-06","0,0783099722222222","7,401380013503085e-07","0,125","4,21937003968254e-08","2,6433500048225304e-08","1,181423611111111e-06","0,09889","3,3380280257936516e-08","1,7504323836392175e-08","9,346478472222222e-07","0,12545","4,234559771825398e-08","3,207164732831787e-08","1,185676736111111e-06","0,125","4,21937003968254e-08","2,6433500048225304e-08","1,181423611111111e-06","483,51","4,5698410416666666e-06","21,25","2,0084201388888888e-07","866,89","8,193314513888889e-06","1,6320860863095238e-07","4,5698410416666666e-06","7,1729290674603175e-09","2,0084201388888888e-07","2,926183754960318e-07","8,19331451388889e-06"
"2024-09-12 21:58:54+02:00","rock-tobefilledbyoem","AMD Ryzen Threadripper 3970X 32-Core Processor","0","kernel","58","1.0","1.071","1,071","60,282","56.3","0","reduction","openblas","fp32","0","58","17","1.071","60.282","56.3","57.0","22272000000","20.8","kernel","kernel","0","AMD Ryzen Threadripper 3970X 32-Core Processor","","","","0","0","","","37.2","0","OPENBLAS_NUM_THREADS=1; e2e_host_memcpy=1; e2e_bw=mixed","1.039344827586207","2,8870689655172413e-07","0.01846551724137931","0","0","","","","","1,6745e-05","DE","0,125","2,093125e-06","0,0783099722222222","1,3113004848611107e-06","0,09889","1,65591305e-06","0,0518570416666666","8,683461627083322e-07","0,12545","2,10066025e-06","0,0950131388888888","1,5909950106944431e-06","0,125","2,093125e-06","0,0783099722222222","1,3113004848611107e-06","0,125","3,6088362068965523e-08","2,2608629049329497e-08","2,093125e-06","0,09889","2,8550225e-08","1,4971485563936763e-08","1,65591305e-06","0,12545","3,621828017241379e-08","2,7430948460249023e-08","2,10066025e-06","0,125","3,6088362068965523e-08","2,2608629049329497e-08","2,093125e-06","483,51","8,09637495e-06","21,25","3,5583125e-07","866,89","1,451607305e-05","1,3959267155172412e-07","8,096374949999998e-06","6,135021551724138e-09","3,5583125e-07","2,502771215517241e-07","1,4516073049999997e-05"
"2024-09-12 21:58:54+02:00","rock-tobefilledbyoem","AMD Ryzen Threadripper 3970X 32-Core Processor","0","e2e","17","1.0","1.071","0,5421","30,88","57.0","0","reduction","openblas","fp32","0","58","17","1.071","60.282","56.3","57.0","3264000000","6.02","e2e","e2e","0","AMD Ryzen Threadripper 3970X 32-Core Processor","","","","0","0","","","37.2","0","OPENBLAS_NUM_THREADS=1; e2e_host_memcpy=1; e2e_bw=mixed","1.816470588235294","5,045751633986928e-07","0.03188823529411765","0","0","0.0","","0.0","0.0","8,577777777777778e-06","DE","0,125","1,0722222222222225e-06","0,0783099722222222","6,717255395061728e-07","0,09889","8,482564444444445e-07","0,0518570416666666","4,448181796296291e-07","0,12545","1,0760822222222223e-06","0,0950131388888888","8,150015913580241e-07","0,125","1,0722222222222225e-06","0,0783099722222222","6,717255395061728e-07","0,125","6,30718954248366e-08","3,951326702977486e-08","1,0722222222222225e-06","0,09889","4,989743790849673e-08","2,6165775272331123e-08","8,482564444444444e-07","0,12545","6,329895424836603e-08","4,794127007988376e-08","1,0760822222222223e-06","0,125","6,30718954248366e-08","3,951326702977486e-08","1,0722222222222225e-06","483,51","4,147441333333333e-06","21,25","1,8227777777777778e-07","866,89","7,435989777777779e-06","2,4396713725490194e-07","4,147441333333333e-06","1,0722222222222222e-08","1,8227777777777776e-07","4,3741116339869283e-07","7,435989777777778e-06"
"2024-09-12 21:59:02+02:00","rock-tobefilledbyoem","AMD Ryzen Threadripper 3970X 32-Core Processor","0","kernel","42","1.0","1.0279","1,0279","57,867","56.3","0","reduction","openblas","fp32","0","42","14","1.0279","57.867","56.3","56.9","21504000000","20.92","kernel","kernel","0","AMD Ryzen Threadripper 3970X 32-Core Processor","","","","0","0","","","37.2","0","OPENBLAS_NUM_THREADS=1; e2e_host_memcpy=1; e2e_bw=mixed","1.3777857142857142","3,8271825396825394e-07","0.024473809523809526","0","0","","","","","1,6074166666666666e-05","DE","0,125","2,009270833333333e-06","0,0783099722222222","1,2587675451620368e-06","0,09889","1,5895743416666666e-06","0,0518570416666666","8,335587305902767e-07","0,12545","2,0165042083333334e-06","0,0950131388888888","1,5272570300231468e-06","0,125","2,009270833333333e-06","0,0783099722222222","1,2587675451620368e-06","0,125","4,783978174603174e-08","2,9970655837191354e-08","2,009270833333333e-06","0,09889","3,784700813492063e-08","1,9846636442625635e-08","1,5895743416666666e-06","0,12545","4,8012004960317464e-08","3,6363262619598735e-08","2,0165042083333334e-06","0,125","4,783978174603174e-08","2,9970655837191354e-08","2,009270833333333e-06","483,51","7,772020324999999e-06","21,25","3,4157604166666666e-07","866,89","1,3934534341666665e-05","1,8504810297619044e-07","7,772020324999999e-06","8,132762896825396e-09","3,4157604166666666e-07","3,3177462718253964e-07","1,3934534341666665e-05"
"2024-09-12 21:59:02+02:00","rock-tobefilledbyoem","AMD Ryzen Threadripper 3970X 32-Core Processor","0","e2e","14","1.0","1.0279","0,594","33,816","56.9","0","reduction","openblas","fp32","0","42","14","1.0279","57.867","56.3","56.9","3584000000","6.03","e2e","e2e","0","AMD Ryzen Threadripper 3970X 32-Core Processor","","","","0","0","","","37.2","0","OPENBLAS_NUM_THREADS=1; e2e_host_memcpy=1; e2e_bw=mixed","2.4154285714285715","6,709523809523809e-07","0.04242857142857143","0","0","0.0","","0.0","0.0","9,393333333333334e-06","DE","0,125","1,1741666666666667e-06","0,0783099722222222","7,355916724074072e-07","0,09889","9,289067333333334e-07","0,0518570416666666","4,871104780555549e-07","0,12545","1,1783936666666667e-06","0,0950131388888888","8,924900846296289e-07","0,125","1,1741666666666667e-06","0,0783099722222222","7,355916724074072e-07","0,125","8,386904761904763e-08","5,25422623148148e-08","1,1741666666666667e-06","0,09889","6,635048095238095e-08","3,4793605575396784e-08","9,289067333333334e-07","0,12545","8,41709761904762e-08","6,37492917592592e-08","1,1783936666666667e-06","0,125","8,386904761904763e-08","5,25422623148148e-08","1,1741666666666667e-06","483,51","4,5417705999999995e-06","21,25","1,9960833333333334e-07","866,89","8,142986733333333e-06","3,244121857142857e-07","4,5417705999999995e-06","1,4257738095238095e-08","1,9960833333333334e-07","5,816419095238095e-07","8,142986733333333e-06"
"2024-09-12 21:59:11+02:00","rock-tobefilledbyoem","AMD Ryzen Threadripper 3970X 32-Core Processor","0","kernel","29","1.0","1.0615","1,0615","59,718","56.3","0","reduction","openblas","fp32","0","29","9","1.0615","59.718","56.3","56.9","22272000000","20.98","kernel","kernel","0","AMD Ryzen Threadripper 3970X 32-Core Processor","","","","0","0","","","37.2","0","OPENBLAS_NUM_THREADS=1; e2e_host_memcpy=1; e2e_bw=mixed","2.059241379310345","5,720114942528736e-07","0.03660344827586207","0","0","","","","","1,6588333333333335e-05","DE","0,125","2,073541666666667e-06","0,0783099722222222","1,2990319225462962e-06","0,09889","1,6404202833333335e-06","0,0518570416666666","8,602218928472212e-07","0,12545","2,081006416666667e-06","0,0950131388888888","1,576109618935184e-06","0,125","2,073541666666667e-06","0,0783099722222222","1,2990319225462962e-06","0,125","7,15014367816092e-08","4,4794204225734356e-08","2,073541666666667e-06","0,09889","5,656621666666667e-08","2,966282389128349e-08","1,6404202833333335e-06","0,12545","7,1758841954023e-08","5,43486075494891e-08","2,081006416666667e-06","0,125","7,15014367816092e-08","4,4794204225734356e-08","2,073541666666667e-06","483,51","8,02062505e-06","21,25","3,525020833333334e-07","866,89","1,4380260283333335e-05","2,765732775862069e-07","8,02062505e-06","1,2155244252873564e-08","3,5250208333333335e-07","4,958710442528735e-07","1,4380260283333331e-05"
"2024-09-12 21:59:11+02:00","rock-tobefilledbyoem","AMD Ryzen Threadripper 3970X 32-Core Processor","0","e2e","9","1.0","1.0615","0,5718","32,557","56.9","0","reduction","openblas","fp32","0","29","9","1.0615","59.718","56.3","56.9","3456000000","6.04","e2e","e2e","0","AMD Ryzen Threadripper 3970X 32-Core Processor","","","","0","0","","","37.2","0","OPENBLAS_NUM_THREADS=1; e2e_host_memcpy=1; e2e_bw=mixed","3.6174444444444447","1,0048456790123458e-06","0.06353333333333333","0","0","0.0","","0.0","0.0","9,043611111111112e-06","DE","0,125","1,130451388888889e-06","0,0783099722222222","7,082049348996912e-07","0,09889","8,943227027777779e-07","0,0518570416666666","4,6897491820601794e-07","0,12545","1,134521013888889e-06","0,0950131388888888","8,592618785570981e-07","0,125","1,130451388888889e-06","0,0783099722222222","7,082049348996912e-07","0,125","1,2560570987654325e-07","7,86894372110768e-08","1,130451388888889e-06","0,09889","9,93691891975309e-08","5,210832424511312e-08","8,943227027777779e-07","0,12545","1,260578904320988e-07","9,54735420618998e-08","1,1345210138888893e-06","0,125","1,2560570987654325e-07","7,86894372110768e-08","1,130451388888889e-06","483,51","4,372676408333333e-06","21,25","1,9217673611111112e-07","866,89","7,839816036111111e-06","4,858529342592593e-07","4,372676408333334e-06","2,1352970679012348e-08","1,9217673611111114e-07","8,710906706790125e-07","7,839816036111113e-06"
"2024-09-12 21:59:20+02:00","rock-tobefilledbyoem","AMD Ryzen Threadripper 3970X 32-Core Processor","0","kernel","22","1.0","1.0698","1,0698","60,223","56.3","0","reduction","openblas","fp32","0","22","8","1.0698","60.223","56.3","56.9","22528000000","21.06","kernel","kernel","0","AMD Ryzen Threadripper 3970X 32-Core Processor","","","","0","0","","","37.2","0","OPENBLAS_NUM_THREADS=1; e2e_host_memcpy=1; e2e_bw=mixed","2.737409090909091","7,603914141414141e-07","0.048627272727272734","0","0","","","","","1,672861111111111e-05","DE","0,125","2,0910763888888887e-06","0,0783099722222222","1,3100170714274689e-06","0,09889","1,6542923527777778e-06","0,0518570416666666","8,674962834143508e-07","0,12545","2,0986042638888887e-06","0,0950131388888888","1,5894378509182083e-06","0,125","2,0910763888888887e-06","0,0783099722222222","1,3100170714274689e-06","0,125","9,504892676767676e-08","5,95462305194304e-08","2,0910763888888887e-06","0,09889","7,519510694444444e-08","3,9431649246106855e-08","1,6542923527777778e-06","0,12545","9,53911029040404e-08","7,224717504173675e-08","2,098604263888889e-06","0,125","9,504892676767676e-08","5,95462305194304e-08","2,0910763888888887e-06","483,51","8,088450758333333e-06","21,25","3,5548298611111107e-07","866,89","1,450186568611111e-05","3,676568526515151e-07","8,088450758333333e-06","1,615831755050505e-08","3,5548298611111107e-07","6,591757130050504e-07","1,4501865686111109e-05"
"2024-09-12 21:59:20+02:00","rock-tobefilledbyoem","AMD Ryzen Threadripper 3970X 32-Core Processor","0","e2e","8","1.0","1.0698","0,6768","38,54","56.9","0","reduction","openblas","fp32","0","22","8","1.0698","60.223","56.3","56.9","4096000000","6.05","e2e","e2e","0","AMD Ryzen Threadripper 3970X 32-Core Processor","","","","0","0","","","37.2","0","OPENBLAS_NUM_THREADS=1; e2e_host_memcpy=1; e2e_bw=mixed","4.8175","1,3381944444444445e-06","0.0846","0","0","0.0","","0.0","0.0","1,0705555555555556e-05","DE","0,125","1,3381944444444445e-06","0,0783099722222222","8,383517581790122e-07","0,09889","1,058672388888889e-06","0,0518570416666666","5,551584405092586e-07","0,12545","1,3430119444444446e-06","0,0950131388888888","1,017168436882715e-06","0,125","1,3381944444444445e-06","0,0783099722222222","8,383517581790122e-07","0,125","1,6727430555555558e-07","1,0479396977237653e-07","1,3381944444444445e-06","0,09889","1,3233404861111112e-07","6,939480506365732e-08","1,058672388888889e-06","0,12545","1,6787649305555557e-07","1,271460546103394e-07","1,3430119444444446e-06","0,125","1,6727430555555558e-07","1,0479396977237653e-07","1,3381944444444445e-06","483,51","5,176243166666666e-06","21,25","2,2749305555555557e-07","866,89","9,280539055555556e-06","6,470303958333333e-07","5,176243166666666e-06","2,8436631944444446e-08","2,2749305555555557e-07","1,1600673819444446e-06","9,280539055555556e-06"
"2024-09-12 21:59:29+02:00","rock-tobefilledbyoem","AMD Ryzen Threadripper 3970X 32-Core Processor","0","kernel","18","1.0","1.0933","1,0933","61,536","56.3","0","reduction","openblas","fp32","0","18","7","1.0933","61.536","56.3","56.9","23040000000","21.07","kernel","kernel","0","AMD Ryzen Threadripper 3970X 32-Core Processor","","","","0","0","","","37.2","0","OPENBLAS_NUM_THREADS=1; e2e_host_memcpy=1; e2e_bw=mixed","3.4186666666666667","9,496296296296297e-07","0.060738888888888884","0","0","","","","","1,7093333333333335e-05","DE","0,125","2,136666666666667e-06","0,0783099722222222","1,3385784585185184e-06","0,09889","1,6903597333333336e-06","0,0518570416666666","8,864096988888878e-07","0,12545","2,144358666666667e-06","0,0950131388888888","1,624091254074073e-06","0,125","2,136666666666667e-06","0,0783099722222222","1,3385784585185184e-06","0,125","1,187037037037037e-07","7,436546991769545e-08","2,136666666666667e-06","0,09889","9,39088740740741e-08","4,9244983271604886e-08","1,6903597333333334e-06","0,12545","1,1913103703703704e-07","9,022729189300405e-08","2,144358666666667e-06","0,125","1,187037037037037e-07","7,436546991769545e-08","2,136666666666667e-06","483,51","8,2647976e-06","21,25","3,632333333333333e-07","866,89","1,4818039733333336e-05","4,591554222222222e-07","8,2647976e-06","2,017962962962963e-08","3,632333333333333e-07","8,232244296296297e-07","1,4818039733333334e-05"
"2024-09-12 21:59:29+02:00","rock-tobefilledbyoem","AMD Ryzen Threadripper 3970X 32-Core Processor","0","e2e","7","1.0","1.0933","0,739","42,072","56.9","0","reduction","openblas","fp32","0","18","7","1.0933","61.536","56.3","56.9","4480000000","6.06","e2e","e2e","0","AMD Ryzen Threadripper 3970X 32-Core Processor","","","","0","0","","","37.2","0","OPENBLAS_NUM_THREADS=1; e2e_host_memcpy=1; e2e_bw=mixed","6.010285714285715","1,6695238095238096e-06","0.10557142857142857","0","0","0.0","","0.0","0.0","1,1686666666666668e-05","DE","0,125","1,4608333333333337e-06","0,0783099722222222","9,151825420370368e-07","0,09889","1,1556944666666669e-06","0,0518570416666666","6,06035960277777e-07","0,12545","1,4660923333333336e-06","0,0950131388888888","1,1103868831481473e-06","0,125","1,4608333333333337e-06","0,0783099722222222","9,151825420370368e-07","0,125","2,086904761904762e-07","1,307403631481481e-07","1,4608333333333337e-06","0,09889","1,6509920952380957e-07","8,657656575396816e-08","1,1556944666666669e-06","0,12545","2,094417619047619e-07","1,5862669759259245e-07","1,4660923333333334e-06","0,125","2,086904761904762e-07","1,307403631481481e-07","1,4608333333333337e-06","483,51","5,6506202e-06","21,25","2,483416666666667e-07","866,89","1,0131054466666668e-05","8,072314571428571e-07","5,6506202e-06","3,547738095238095e-08","2,4834166666666667e-07","1,4472934952380951e-06","1,0131054466666666e-05"
"2024-09-12 21:59:39+02:00","rock-tobefilledbyoem","AMD Ryzen Threadripper 3970X 32-Core Processor","0","kernel","15","1.0","1.1265","1,1265","63,34","56.2","0","reduction","openblas","fp32","0","15","6","1.1265","63.34","56.2","57.0","23040000000","20.45","kernel","kernel","0","AMD Ryzen Threadripper 3970X 32-Core Processor","","","","0","0","","","37.2","0","OPENBLAS_NUM_THREADS=1; e2e_host_memcpy=1; e2e_bw=mixed","4.222666666666667","1,172962962962963e-06","0.0751","0","0","","","","","1,7594444444444444e-05","DE","0,125","2,199305555555556e-06","0,0783099722222222","1,3778204557098762e-06","0,09889","1,7399146111111113e-06","0,0518570416666666","9,123958386574064e-07","0,12545","2,2072230555555555e-06","0,0950131388888888","1,671703393672838e-06","0,125","2,199305555555556e-06","0,0783099722222222","1,3778204557098762e-06","0,125","1,466203703703704e-07","9,185469704732509e-08","2,199305555555556e-06","0,09889","1,1599430740740744e-07","6,082638924382709e-08","1,7399146111111117e-06","0,12545","1,4714820370370373e-07","1,1144689291152257e-07","2,207223055555556e-06","0,125","1,466203703703704e-07","9,185469704732509e-08","2,199305555555556e-06","483,51","8,507089833333333e-06","21,25","3,738819444444444e-07","866,89","1,5252447944444443e-05","5,671393222222222e-07","8,507089833333333e-06","2,4925462962962967e-08","3,738819444444445e-07","1,0168298629629632e-06","1,5252447944444448e-05"
"2024-09-12 21:59:39+02:00","rock-tobefilledbyoem","AMD Ryzen Threadripper 3970X 32-Core Processor","0","e2e","6","1.0","1.1265","0,7726","44,056","57.0","0","reduction","openblas","fp32","0","15","6","1.1265","63.34","56.2","57.0","4608000000","5.96","e2e","e2e","0","AMD Ryzen Threadripper 3970X 32-Core Processor","","","","0","0","","","37.2","0","OPENBLAS_NUM_THREADS=1; e2e_host_memcpy=1; e2e_bw=mixed","7.342666666666666","2,0396296296296294e-06","0.12876666666666667","0","0","0.0","","0.0","0.0","1,2237777777777775e-05","DE","0,125","1,529722222222222e-06","0,0783099722222222","9,58340037839506e-07","0,09889","1,2101938444444443e-06","0,0518570416666666","6,346149521296288e-07","0,12545","1,535229222222222e-06","0,0950131388888888","1,162749679691357e-06","0,125","1,529722222222222e-06","0,0783099722222222","9,58340037839506e-07","0,125","2,549537037037037e-07","1,5972333963991766e-07","1,529722222222222e-06","0,09889","2,016989740740741e-07","1,0576915868827147e-07","1,2101938444444443e-06","0,12545","2,5587153703703704e-07","1,9379161328189282e-07","1,535229222222222e-06","0,125","2,549537037037037e-07","1,5972333963991766e-07","1,529722222222222e-06","483,51","5,917087933333332e-06","21,25","2,600527777777777e-07","866,89","1,0608807177777775e-05","9,86181322222222e-07","5,917087933333332e-06","4,334212962962962e-08","2,6005277777777775e-07","1,7681345296296295e-06","1,0608807177777777e-05"
"2024-09-12 21:59:49+02:00","rock-tobefilledbyoem","AMD Ryzen Threadripper 3970X 32-Core Processor","0","kernel","11","1.0","1.07","1,07","60,235","56.3","0","reduction","openblas","fp32","0","11","4","1.07","60.235","56.3","56.9","22528000000","21.05","kernel","kernel","0","AMD Ryzen Threadripper 3970X 32-Core Processor","","","","0","0","","","37.2","0","OPENBLAS_NUM_THREADS=1; e2e_host_memcpy=1; e2e_bw=mixed","5.475909090909091","1,5210858585858585e-06","0.09727272727272727","0","0","","","","","1,6731944444444444e-05","DE","0,125","2,0914930555555555e-06","0,0783099722222222","1,3102781046682094e-06","0,09889","1,6546219861111112e-06","0,0518570416666666","8,676691402199063e-07","0,12545","2,099022430555556e-06","0,0950131388888888","1,5897545613811714e-06","0,125","2,0914930555555555e-06","0,0783099722222222","1,3102781046682094e-06","0,125","1,901357323232323e-07","1,1911619133347361e-07","2,0914930555555555e-06","0,09889","1,5042018055555558e-07","7,887901274726421e-08","1,6546219861111112e-06","0,12545","1,9082022095959602e-07","1,4452314194374284e-07","2,099022430555556e-06","0,125","1,901357323232323e-07","1,1911619133347361e-07","2,0914930555555555e-06","483,51","8,090062458333333e-06","21,25","3,555538194444444e-07","866,89","1,4504755319444445e-05","7,354602234848484e-07","8,090062458333333e-06","3,232307449494949e-08","3,555538194444444e-07","1,3186141199494948e-06","1,4504755319444443e-05"
"2024-09-12 21:59:49+02:00","rock-tobefilledbyoem","AMD Ryzen Threadripper 3970X 32-Core Processor","0","e2e","4","1.0","1.07","0,6715","38,242","56.9","0","reduction","openblas","fp32","0","11","4","1.07","60.235","56.3","56.9","4096000000","6.1","e2e","e2e","0","AMD Ryzen Threadripper 3970X 32-Core Processor","","","","0","0","","","37.2","0","OPENBLAS_NUM_THREADS=1; e2e_host_memcpy=1; e2e_bw=mixed","9.5605","2,655694444444444e-06","0.167875","0","0","0.0","","0.0","0.0","1,0622777777777776e-05","DE","0,125","1,327847222222222e-06","0,0783099722222222","8,31869432700617e-07","0,09889","1,0504864944444444e-06","0,0518570416666666","5,508658298379622e-07","0,12545","1,332627472222222e-06","0,0950131388888888","1,0093034603858016e-06","0,125","1,327847222222222e-06","0,0783099722222222","8,31869432700617e-07","0,125","3,319618055555555e-07","2,0796735817515426e-07","1,327847222222222e-06","0,09889","2,626216236111111e-07","1,3771645745949058e-07","1,0504864944444444e-06","0,12545","3,331568680555556e-07","2,523258650964504e-07","1,332627472222222e-06","0,125","3,319618055555555e-07","2,0796735817515426e-07","1,327847222222222e-06","483,51","5,136219283333333e-06","21,25","2,2573402777777775e-07","866,89","9,208779827777777e-06","1,2840548208333332e-06","5,136219283333333e-06","5,643350694444444e-08","2,2573402777777775e-07","2,3021949569444444e-06","9,208779827777777e-06"
"2024-09-12 21:59:59+02:00","rock-tobefilledbyoem","AMD Ryzen Threadripper 3970X 32-Core Processor","0","kernel","8","1.0","1.1668","1,1668","65,668","56.3","0","reduction","openblas","fp32","0","8","3","1.1668","65.668","56.3","57.0","24576000000","21.06","kernel","kernel","0","AMD Ryzen Threadripper 3970X 32-Core Processor","","","","0","0","","","37.0","0","OPENBLAS_NUM_THREADS=1; e2e_host_memcpy=1; e2e_bw=mixed","8.2085","2,280138888888889e-06","0.14585","0","0","","","","","1,8241111111111116e-05","DE","0,1213503565306822","2,213565336849122e-06","0,0783099722222222","1,4284609044135802e-06","0,0981237607130613","1,7898864218070318e-06","0,0518570416666666","9,45930058935184e-07","0,1219776208433321","2,225007334872205e-06","0,0950131388888888","1,733145223487653e-06","0,1213503565306822","2,213565336849122e-06","0,0783099722222222","1,4284609044135802e-06","0,1213503565306822","2,7669566710614026e-07","1,7855761305169755e-07","2,213565336849122e-06","0,0981237607130613","2,2373580272587897e-07","1,1824125736689801e-07","1,7898864218070318e-06","0,1219776208433321","2,781259168590257e-07","2,1664315293595665e-07","2,225007334872205e-06","0,1213503565306822","2,7669566710614026e-07","1,7855761305169755e-07","2,213565336849122e-06","484,412046623243","8,836213966015314e-06","21,39295509084676","3,902312708071459e-07","868,103688721289","1,5835175841930453e-05","1,104526745751914e-06","8,836213966015312e-06","4,8778908850893234e-08","3,9023127080714587e-07","1,9793969802413062e-06","1,583517584193045e-05"
"2024-09-12 21:59:59+02:00","rock-tobefilledbyoem","AMD Ryzen Threadripper 3970X 32-Core Processor","0","e2e","3","1.0","1.1668","0,7553","43,04","57.0","0","reduction","openblas","fp32","0","8","3","1.1668","65.668","56.3","57.0","4608000000","6.1","e2e","e2e","0","AMD Ryzen Threadripper 3970X 32-Core Processor","","","","0","0","","","37.0","0","OPENBLAS_NUM_THREADS=1; e2e_host_memcpy=1; e2e_bw=mixed","14.346666666666666","3,985185185185185e-06","0.25176666666666664","0","0","0.0","","0.0","0.0","1,1955555555555556e-05","DE","0,125","1,4944444444444444e-06","0,0783099722222222","9,3623922345679e-07","0,09889","1,182284888888889e-06","0,0518570416666666","6,199797425925919e-07","0,12545","1,4998244444444443e-06","0,0950131388888888","1,1359348604938262e-06","0,125","1,4944444444444444e-06","0,0783099722222222","9,3623922345679e-07","0,125","4,981481481481481e-07","3,120797411522633e-07","1,4944444444444442e-06","0,09889","3,940949629629629e-07","2,0665991419753058e-07","1,1822848888888888e-06","0,12545","4,999414814814815e-07","3,78644953497942e-07","1,4998244444444443e-06","0,125","4,981481481481481e-07","3,120797411522633e-07","1,4944444444444442e-06","483,51","5,780630666666667e-06","21,25","2,540555555555555e-07","866,89","1,0364151555555555e-05","1,926876888888889e-06","5,780630666666667e-06","8,468518518518518e-08","2,540555555555555e-07","3,454717185185185e-06","1,0364151555555555e-05"
"2024-09-12 22:00:28+02:00","rock-tobefilledbyoem","AMD Ryzen Threadripper 3970X 32-Core Processor","0","kernel","11326","1.0","1.0103","1,0103","56,668","56.1","0","reduction","openblas","fp32","0","11326","482","1.0103","56.668","56.1","55.3","90608000000","89.68","kernel","kernel","0","AMD Ryzen Threadripper 3970X 32-Core Processor","","","","0","0","","","39.5","0","OPENBLAS_NUM_THREADS=1; e2e_host_memcpy=1; e2e_bw=mixed","0.005003355112131379","1,3898208644809387e-09","8.92018364824298e-05","0","0","","","","","1,574111111111111e-05","DE","0,09947","1,565768322222222e-06","0,0783099722222222","1,2326859738580244e-06","0,09353","1,472266122222222e-06","0,0518570416666666","8,162874547685175e-07","0,10116","1,5923708e-06","0,0950131388888888","1,4956123762654306e-06","0,09947","1,565768322222222e-06","0,0783099722222222","1,2326859738580244e-06","0,09947","1,3824548138991897e-10","1,0883683329136716e-10","1,5657683222222222e-06","0,09353","1,2998994545490218e-10","7,207199847859063e-11","1,4722661222222225e-06","0,10116","1,4059427865089175e-10","1,3205124282760295e-10","1,5923708e-06","0,09947","1,3824548138991897e-10","1,0883683329136716e-10","1,5657683222222222e-06","489,82","7,710311044444444e-06","22,25","3,502397222222222e-07","875,38","1,3779453844444444e-05","6,807620558400534e-10","7,710311044444445e-06","3,092351423470089e-11","3,5023972222222226e-07","1,216621388349324e-09","1,3779453844444442e-05"
"2024-09-12 22:00:28+02:00","rock-tobefilledbyoem","AMD Ryzen Threadripper 3970X 32-Core Processor","0","e2e","482","1.0","1.0103","0,1054","5,831","55.3","0","reduction","openblas","fp32","0","11326","482","1.0103","56.668","56.1","55.3","1928000000","18.29","e2e","e2e","0","AMD Ryzen Threadripper 3970X 32-Core Processor","","","","0","0","","","39.5","0","OPENBLAS_NUM_THREADS=1; e2e_host_memcpy=1; e2e_bw=mixed","0.012097510373443985","3,3604195481788847e-09","0.00021867219917012448","0","0","0.0","","0.0","0.0","1,6197222222222223e-06","DE","0,09947","1,611137694444445e-07","0,0783099722222222","1,2684040222993828e-07","0,09353","1,5149261944444445e-07","0,0518570416666666","8,399400276620362e-08","0,10116","1,6385110000000002e-07","0,0950131388888888","1,5389489246141966e-07","0,09947","1,611137694444445e-07","0,0783099722222222","1,2684040222993828e-07","0,09947","3,342609324573537e-10","2,6315436147290096e-10","1,611137694444445e-07","0,09353","3,1430004034117107e-10","1,742614165273934e-10","1,5149261944444445e-07","0,10116","3,39940041493776e-10","3,1928400925605726e-10","1,6385110000000002e-07","0,09947","3,342609324573537e-10","2,6315436147290096e-10","1,611137694444445e-07","489,82","7,933723388888889e-07","22,25","3,603881944444444e-08","875,38","1,4178724388888888e-06","1,6460007030889814e-09","7,93372338888889e-07","7,476933494698018e-11","3,603881944444445e-08","2,941644064084832e-09","1,417872438888889e-06"
"2024-09-12 22:00:34+02:00","rock-tobefilledbyoem","AMD Ryzen Threadripper 3970X 32-Core Processor","0","kernel","5079","1.0","0.8796","0,8796","48,913","55.6","1","reduction","openblas","fp32","0","5079","622","0.8796","48.913","55.6","54.7","60948000000","69.29","kernel","kernel","0","AMD Ryzen Threadripper 3970X 32-Core Processor","","","","0","0","","","38.5","0","OPENBLAS_NUM_THREADS=1; e2e_host_memcpy=1; e2e_bw=mixed","0.009630439062807639","2,67512196189101e-09","0.00017318369757826345","0","0","","","","","1,3586944444444444e-05","DE","0,09947","1,351493363888889e-06","0,0783099722222222","1,0639932420293208e-06","0,09353","1,270786913888889e-06","0,0518570416666666","7,045787441782398e-07","0,10116","1,3744553e-06","0,0950131388888888","1,2909382395756162e-06","0,09947","1,351493363888889e-06","0,0783099722222222","1,0639932420293208e-06","0,09947","2,6609438154929877e-10","2,094887265267416e-10","1,3514933638888887e-06","0,09353","2,502041570956662e-10","1,3872391104119704e-10","1,2707869138888887e-06","0,10116","2,7061533766489463e-10","2,541717345098673e-10","1,3744552999999998e-06","0,09947","2,6609438154929877e-10","2,094887265267416e-10","1,3514933638888887e-06","489,82","6,655157127777778e-06","22,25","3,0230951388888886e-07","875,38","1,1893739427777777e-05","1,3103282393734545e-09","6,6551571277777756e-06","5,952146365207497e-11","3,0230951388888875e-07","2,3417482630001525e-09","1,1893739427777774e-05"
"2024-09-12 22:00:34+02:00","rock-tobefilledbyoem","AMD Ryzen Threadripper 3970X 32-Core Processor","0","e2e","622","1.0","0.8796","0,4071","22,263","54.7","1","reduction","openblas","fp32","0","5079","622","0.8796","48.913","55.6","54.7","3732000000","9.17","e2e","e2e","0","AMD Ryzen Threadripper 3970X 32-Core Processor","","","","0","0","","","38.5","0","OPENBLAS_NUM_THREADS=1; e2e_host_memcpy=1; e2e_bw=mixed","0.03579260450160772","9,942390139335478e-09","0.0006545016077170419","0","0","0.0","","0.0","0.0","6,184166666666668e-06","DE","0,09947","6,151390583333335e-07","0,0783099722222222","4,842819198842592e-07","0,09353","5,784051083333334e-07","0,0518570416666666","3,206925885069441e-07","0,10116","6,255903000000001e-07","0,0950131388888888","5,875770864120366e-07","0,09947","6,151390583333335e-07","0,0783099722222222","4,842819198842592e-07","0,09947","9,889695471597e-10","7,785882956338572e-10","6,151390583333334e-07","0,09353","9,299117497320471e-10","5,155829397217751e-10","5,784051083333333e-07","0,10116","1,005772186495177e-09","9,446576951962003e-10","6,255903000000001e-07","0,09947","9,889695471597e-10","7,785882956338572e-10","6,151390583333334e-07","489,82","3,0291285166666675e-06","22,25","1,3759770833333336e-07","875,38","5,413495816666668e-06","4,869981538049304e-09","3,029128516666667e-06","2,2121818060021437e-10","1,3759770833333334e-07","8,70336948017149e-09","5,413495816666667e-06"
"2024-09-12 22:00:42+02:00","rock-tobefilledbyoem","AMD Ryzen Threadripper 3970X 32-Core Processor","0","kernel","2321","1.0","0.9139","0,9139","50,727","55.5","1","reduction","openblas","fp32","0","2321","461","0.9139","50.727","55.5","55.6","37136000000","40.64","kernel","kernel","0","AMD Ryzen Threadripper 3970X 32-Core Processor","","","","0","0","","","37.5","0","OPENBLAS_NUM_THREADS=1; e2e_host_memcpy=1; e2e_bw=mixed","0.021855665661352865","6,071018239264685e-09","0.00039375269280482553","0","0","","","","","1,4090833333333332e-05","DE","0,09947","1,4016151916666666e-06","0,0783099722222222","1,103452766921296e-06","0,09353","1,3179156416666666e-06","0,0518570416666666","7,307089312847213e-07","0,10116","1,4254287e-06","0,0950131388888888","1,338814304560184e-06","0,09947","1,4016151916666666e-06","0,0783099722222222","1,103452766921296e-06","0,09947","6,038841842596582e-10","4,754212696774219e-10","1,4016151916666666e-06","0,09353","5,678223359184258e-10","3,148250457926417e-10","1,3179156416666666e-06","0,10116","6,141442050840154e-10","5,768264991642326e-10","1,4254287e-06","0,09947","6,038841842596582e-10","4,754212696774219e-10","1,4016151916666666e-06","489,82","6,901971983333333e-06","22,25","3,1352104166666663e-07","875,38","1,2334833683333333e-05","2,973706153956628e-09","6,9019719833333336e-06","1,3508015582363925e-10","3,135210416666667e-07","5,31444794628752e-09","1,2334833683333335e-05"
"2024-09-12 22:00:42+02:00","rock-tobefilledbyoem","AMD Ryzen Threadripper 3970X 32-Core Processor","0","e2e","461","1.0","0.9139","0,554","30,826","55.6","1","reduction","openblas","fp32","0","2321","461","0.9139","50.727","55.5","55.6","3688000000","6.66","e2e","e2e","0","AMD Ryzen Threadripper 3970X 32-Core Processor","","","","0","0","","","37.5","0","OPENBLAS_NUM_THREADS=1; e2e_host_memcpy=1; e2e_bw=mixed","0.06686767895878525","1,8574355266329243e-08","0.0012017353579175706","0","0","0.0","","0.0","0.0","8,562777777777778e-06","DE","0,09947","8,517395055555555e-07","0,0783099722222222","6,705508899228394e-07","0,09353","8,008766055555555e-07","0,0518570416666666","4,440403240046291e-07","0,10116","8,662106e-07","0,0950131388888888","8,135763942746906e-07","0,09947","8,517395055555555e-07","0,0783099722222222","6,705508899228394e-07","0,09947","1,847591118341769e-09","1,4545572449519295e-09","8,517395055555558e-07","0,09353","1,737259448059774e-09","9,632111149775035e-10","8,008766055555558e-07","0,10116","1,878981778741866e-09","1,7648077966913031e-09","8,662106000000002e-07","0,09947","1,847591118341769e-09","1,4545572449519295e-09","8,517395055555558e-07","489,82","4,194219811111112e-06","22,25","1,9052180555555557e-07","875,38","7,495684411111111e-06","9,09809069655339e-09","4,194219811111113e-06","4,132794046758256e-10","1,9052180555555562e-07","1,6259619113039292e-08","7,495684411111113e-06"
"2024-09-12 22:00:50+02:00","rock-tobefilledbyoem","AMD Ryzen Threadripper 3970X 32-Core Processor","0","kernel","889","1.0","0.9809","0,9809","55,248","56.3","1","reduction","openblas","fp32","0","889","255","0.9809","55.248","56.3","56.5","21336000000","21.75","kernel","kernel","0","AMD Ryzen Threadripper 3970X 32-Core Processor","","","","0","0","","","37.2","0","OPENBLAS_NUM_THREADS=1; e2e_host_memcpy=1; e2e_bw=mixed","0.06214623172103487","1,7262842144731907e-08","0.0011033745781777278","0","0","","","","","1,5346666666666667e-05","DE","0,09947","1,5265329333333331e-06","0,0783099722222222","1,2017970403703702e-06","0,09353","1,4353737333333333e-06","0,0518570416666666","7,958327327777768e-07","0,10116","1,5524688e-06","0,0950131388888888","1,4581349714814802e-06","0,09947","1,5265329333333331e-06","0,0783099722222222","1,2017970403703702e-06","0,09947","1,7171349081364826e-09","1,3518526888305623e-09","1,5265329333333331e-06","0,09353","1,6145936257967751e-09","8,951999243844507e-10","1,4353737333333333e-06","0,10116","1,7463091113610795e-09","1,6401968183143756e-09","1,5524688e-06","0,09947","1,7171349081364826e-09","1,3518526888305623e-09","1,5265329333333331e-06","489,82","7,517104266666666e-06","22,25","3,4146333333333336e-07","875,38","1,3434165066666667e-05","8,455685339332582e-09","7,517104266666665e-06","3,8409823772028497e-10","3,4146333333333336e-07","1,5111546756655416e-08","1,3434165066666665e-05"
"2024-09-12 22:00:50+02:00","rock-tobefilledbyoem","AMD Ryzen Threadripper 3970X 32-Core Processor","0","e2e","255","1.0","0.9809","0,5967","33,718","56.5","1","reduction","openblas","fp32","0","889","255","0.9809","55.248","56.3","56.5","3060000000","5.13","e2e","e2e","0","AMD Ryzen Threadripper 3970X 32-Core Processor","","","","0","0","","","37.2","0","OPENBLAS_NUM_THREADS=1; e2e_host_memcpy=1; e2e_bw=mixed","0.13222745098039218","3,672984749455338e-08","0.00234","0","0","0.0","","0.0","0.0","9,366111111111112e-06","DE","0,09947","9,316470722222224e-07","0,0783099722222222","7,33459900941358e-07","0,09353","8,760123722222223e-07","0,0518570416666666","4,85698814143518e-07","0,10116","9,474758e-07","0,0950131388888888","8,899036158487647e-07","0,09947","9,316470722222224e-07","0,0783099722222222","7,33459900941358e-07","0,09947","3,653517930283225e-09","2,8763133370249324e-09","9,316470722222224e-07","0,09353","3,4353426361655782e-09","1,9047012319353646e-09","8,760123722222223e-07","0,10116","3,7155913725490204e-09","3,4898181013677043e-09","9,474758e-07","0,09947","3,653517930283225e-09","2,8763133370249324e-09","9,316470722222224e-07","489,82","4,587708544444445e-06","22,25","2,0839597222222223e-07","875,38","8,198906344444445e-06","1,799101389978214e-08","4,587708544444446e-06","8,172391067538127e-10","2,0839597222222226e-07","3,215257389978214e-08","8,198906344444445e-06"
"2024-09-12 22:00:58+02:00","rock-tobefilledbyoem","AMD Ryzen Threadripper 3970X 32-Core Processor","0","kernel","655","1.0","1.0588","1,0588","59,765","56.4","0","reduction","openblas","fp32","0","655","223","1.0588","59.765","56.4","57.2","20960000000","19.8","kernel","kernel","0","AMD Ryzen Threadripper 3970X 32-Core Processor","","","","0","0","","","37.2","0","OPENBLAS_NUM_THREADS=1; e2e_host_memcpy=1; e2e_bw=mixed","0.09124427480916031","2,5345631891433417e-08","0.0016164885496183206","0","0","","","","","1,6601388888888888e-05","DE","0,09947","1,6513401527777778e-06","0,0783099722222222","1,300054302739197e-06","0,09353","1,5527279027777778e-06","0,0518570416666666","8,60898915335647e-07","0,10116","1,6793965e-06","0,0950131388888888","1,5773500682484554e-06","0,09947","1,6513401527777778e-06","0,0783099722222222","1,300054302739197e-06","0,09947","2,521130004240882e-09","1,98481572937282e-09","1,6513401527777778e-06","0,09353","2,3705769508057675e-09","1,3143494890620563e-09","1,5527279027777778e-06","0,10116","2,5639641221374046e-09","2,4081680431274127e-09","1,6793965e-06","0,09947","2,521130004240882e-09","1,98481572937282e-09","1,6513401527777778e-06","489,82","8,131692305555554e-06","22,25","3,6938090277777777e-07","875,38","1,4532523805555555e-05","1,2414797413061915e-08","8,131692305555555e-06","5,639403095843936e-10","3,693809027777778e-07","2,2187059245122985e-08","1,4532523805555555e-05"
"2024-09-12 22:00:58+02:00","rock-tobefilledbyoem","AMD Ryzen Threadripper 3970X 32-Core Processor","0","e2e","223","1.0","1.0588","0,611","34,973","57.2","0","reduction","openblas","fp32","0","655","223","1.0588","59.765","56.4","57.2","3568000000","5.84","e2e","e2e","0","AMD Ryzen Threadripper 3970X 32-Core Processor","","","","0","0","","","37.2","0","OPENBLAS_NUM_THREADS=1; e2e_host_memcpy=1; e2e_bw=mixed","0.15682959641255606","4,356377678126557e-08","0.0027399103139013454","0","0","0.0","","0.0","0.0","9,71472222222222e-06","DE","0,09947","9,663234194444444e-07","0,0783099722222222","7,607596273688269e-07","0,09353","9,086179694444444e-07","0,0518570416666666","5,037767550578697e-07","0,10116","9,827413e-07","0,0950131388888888","9,230262517669744e-07","0,09947","9,663234194444444e-07","0,0783099722222222","7,607596273688269e-07","0,09947","4,333288876432486e-09","3,4114781496359956e-09","9,663234194444444e-07","0,09353","4,074520042351769e-09","2,2590885877034518e-09","9,086179694444444e-07","0,10116","4,406911659192825e-09","4,139131173842935e-09","9,827412999999998e-07","0,09947","4,333288876432486e-09","3,4114781496359956e-09","9,663234194444444e-07","489,82","4,758465238888888e-06","22,25","2,161525694444444e-07","875,38","8,504073538888888e-06","2,13384091429995e-08","4,758465238888889e-06","9,69294033383159e-10","2,1615256944444445e-07","3,813485891878425e-08","8,504073538888888e-06"
"2024-09-12 22:01:07+02:00","rock-tobefilledbyoem","AMD Ryzen Threadripper 3970X 32-Core Processor","0","kernel","436","1.0","1.0883","1,0883","61,285","56.3","0","reduction","openblas","fp32","0","436","129","1.0883","61.285","56.3","57.0","20928000000","19.23","kernel","kernel","0","AMD Ryzen Threadripper 3970X 32-Core Processor","","","","0","0","","","37.0","0","OPENBLAS_NUM_THREADS=1; e2e_host_memcpy=1; e2e_bw=mixed","0.14056192660550457","3,9044979612640163e-08","0.002496100917431193","0","0","","","","","1,702361111111111e-05","DE","0,09947","1,6933385972222222e-06","0,0783099722222222","1,3331185132330242e-06","0,09353","1,5922183472222222e-06","0,0518570416666666","8,827941107060174e-07","0,10116","1,7221085e-06","0,0950131388888888","1,6174667268904309e-06","0,09947","1,6933385972222222e-06","0,0783099722222222","1,3331185132330242e-06","0,09947","3,8838041220693175e-09","3,0576112688830835e-09","1,6933385972222224e-06","0,09353","3,6518769431702342e-09","2,024757134646829e-09","1,5922183472222224e-06","0,10116","3,949790137614679e-09","3,7097860708496116e-09","1,7221085e-06","0,09947","3,8838041220693175e-09","3,0576112688830835e-09","1,6933385972222224e-06","489,82","8,338505194444445e-06","22,25","3,787753472222222e-07","875,38","1,4902128694444443e-05","1,9125011913863404e-08","8,338505194444445e-06","8,687507963812437e-10","3,7877534722222223e-07","3,4179194253312945e-08","1,4902128694444443e-05"
"2024-09-12 22:01:07+02:00","rock-tobefilledbyoem","AMD Ryzen Threadripper 3970X 32-Core Processor","0","e2e","129","1.0","1.0883","0,5362","30,57","57.0","0","reduction","openblas","fp32","0","436","129","1.0883","61.285","56.3","57.0","3096000000","5.77","e2e","e2e","0","AMD Ryzen Threadripper 3970X 32-Core Processor","","","","0","0","","","37.0","0","OPENBLAS_NUM_THREADS=1; e2e_host_memcpy=1; e2e_bw=mixed","0.2369767441860465","6,582687338501291e-08","0.004156589147286822","0","0","0.0","","0.0","0.0","8,491666666666667e-06","DE","0,09947","8,446660833333333e-07","0,0783099722222222","6,649821807870369e-07","0,09353","7,942255833333334e-07","0,0518570416666666","4,403527121527773e-07","0,10116","8,59017e-07","0,0950131388888888","8,068199043981475e-07","0,09947","8,446660833333333e-07","0,0783099722222222","6,649821807870369e-07","0,09947","6,547799095607234e-09","5,154900626256099e-09","8,446660833333332e-07","0,09353","6,156787467700257e-09","3,413586915913001e-09","7,942255833333332e-07","0,10116","6,659046511627906e-09","6,2544178635515305e-09","8,590169999999999e-07","0,09947","6,547799095607234e-09","5,154900626256099e-09","8,446660833333332e-07","489,82","4,159388166666667e-06","22,25","1,8893958333333334e-07","875,38","7,433435166666667e-06","3,224331912144703e-08","4,159388166666667e-06","1,4646479328165371e-09","1,889395833333333e-07","5,7623528423772604e-08","7,433435166666666e-06"
"2024-09-12 22:01:15+02:00","rock-tobefilledbyoem","AMD Ryzen Threadripper 3970X 32-Core Processor","0","kernel","331","1.0","1.0546","1,0546","59,371","56.3","0","reduction","openblas","fp32","0","331","111","1.0546","59.371","56.3","57.1","21184000000","20.09","kernel","kernel","0","AMD Ryzen Threadripper 3970X 32-Core Processor","","","","0","0","","","37.0","0","OPENBLAS_NUM_THREADS=1; e2e_host_memcpy=1; e2e_bw=mixed","0.17936858006042297","4,9824605572339713e-08","0.0031861027190332324","0","0","","","","","1,6491944444444446e-05","DE","0,09947","1,640453713888889e-06","0,0783099722222222","1,2914837113348763e-06","0,09353","1,5424915638888891e-06","0,0518570416666666","8,552234502199064e-07","0,10116","1,6683251000000002e-06","0,0950131388888888","1,5669514080478382e-06","0,09947","1,640453713888889e-06","0,0783099722222222","1,2914837113348763e-06","0,09947","4,956053516280631e-09","3,901763478353101e-09","1,640453713888889e-06","0,09353","4,660095359180934e-09","2,583756647190049e-09","1,5424915638888891e-06","0,10116","5,0402570996978855e-09","4,7339921693288174e-09","1,6683251000000002e-06","0,09947","4,956053516280631e-09","3,901763478353101e-09","1,640453713888889e-06","489,82","8,078084227777779e-06","22,25","3,669457638888889e-07","875,38","1,4436718327777779e-05","2,440508830144344e-08","8,078084227777779e-06","1,1085974739845586e-09","3,669457638888889e-07","4,361546322591474e-08","1,4436718327777779e-05"
"2024-09-12 22:01:15+02:00","rock-tobefilledbyoem","AMD Ryzen Threadripper 3970X 32-Core Processor","0","e2e","111","1.0","1.0546","0,6033","34,422","57.1","0","reduction","openblas","fp32","0","331","111","1.0546","59.371","56.3","57.1","3552000000","5.89","e2e","e2e","0","AMD Ryzen Threadripper 3970X 32-Core Processor","","","","0","0","","","37.0","0","OPENBLAS_NUM_THREADS=1; e2e_host_memcpy=1; e2e_bw=mixed","0.31010810810810807","8,614114114114115e-08","0.005435135135135135","0","0","0.0","","0.0","0.0","9,561666666666663e-06","DE","0,09947","9,510989833333332e-07","0,0783099722222222","7,487738510648145e-07","0,09353","8,943026833333332e-07","0,0518570416666666","4,958397467361104e-07","0,10116","9,672581999999998e-07","0,0950131388888888","9,084839630092584e-07","0,09947","9,510989833333332e-07","0,0783099722222222","7,487738510648145e-07","0,09947","8,568459309309311e-09","6,7457103699532854e-09","9,510989833333332e-07","0,09353","8,05678093093093e-09","4,4670247453703644e-09","8,943026833333332e-07","0,10116","8,714037837837837e-09","8,184540207290617e-09","9,672581999999998e-07","0,09947","8,568459309309311e-09","6,7457103699532854e-09","9,510989833333332e-07","489,82","4,683495566666665e-06","22,25","2,1274708333333328e-07","875,38","8,370091766666665e-06","4,2193653753753754e-08","4,683495566666667e-06","1,9166403903903904e-09","2,1274708333333333e-07","7,540623213213214e-08","8,370091766666668e-06"
"2024-09-12 22:01:23+02:00","rock-tobefilledbyoem","AMD Ryzen Threadripper 3970X 32-Core Processor","0","kernel","216","1.0","1.0331","1,0331","58,112","56.3","0","reduction","openblas","fp32","0","216","65","1.0331","58.112","56.3","57.0","20736000000","20.07","kernel","kernel","0","AMD Ryzen Threadripper 3970X 32-Core Processor","","","","0","0","","","37.0","0","OPENBLAS_NUM_THREADS=1; e2e_host_memcpy=1; e2e_bw=mixed","0.269037037037037","7,473251028806584e-08","0.00478287037037037","0","0","","","","","1,6142222222222224e-05","DE","0,09947","1,605666844444445e-06","0,0783099722222222","1,2640969738271603e-06","0,09353","1,5097820444444446e-06","0,0518570416666666","8,370878903703694e-07","0,10116","1,6329472000000002e-06","0,0950131388888888","1,5337232019753074e-06","0,09947","1,605666844444445e-06","0,0783099722222222","1,2640969738271603e-06","0,09947","7,433642798353911e-09","5,852300804755371e-09","1,6056668444444445e-06","0,09353","6,9897316872427985e-09","3,875406899862821e-09","1,5097820444444446e-06","0,10116","7,55994074074074e-09","7,100570379515311e-09","1,6329471999999998e-06","0,09947","7,433642798353911e-09","5,852300804755371e-09","1,6056668444444445e-06","489,82","7,90678328888889e-06","22,25","3,591644444444445e-07","875,38","1,413057848888889e-05","3,660547818930041e-08","7,90678328888889e-06","1,662798353909465e-09","3,5916444444444446e-07","6,541934485596707e-08","1,4130578488888887e-05"
"2024-09-12 22:01:23+02:00","rock-tobefilledbyoem","AMD Ryzen Threadripper 3970X 32-Core Processor","0","e2e","65","1.0","1.0331","0,5228","29,814","57.0","0","reduction","openblas","fp32","0","216","65","1.0331","58.112","56.3","57.0","3120000000","5.97","e2e","e2e","0","AMD Ryzen Threadripper 3970X 32-Core Processor","","","","0","0","","","37.0","0","OPENBLAS_NUM_THREADS=1; e2e_host_memcpy=1; e2e_bw=mixed","0.4586769230769231","1,2741025641025641e-07","0.008043076923076924","0","0","0.0","","0.0","0.0","8,281666666666667e-06","DE","0,09947","8,237773833333334e-07","0,0783099722222222","6,485370866203703e-07","0,09353","7,745842833333334e-07","0,0518570416666666","4,294627334027773e-07","0,10116","8,377734e-07","0,0950131388888888","7,868671452314808e-07","0,09947","8,237773833333334e-07","0,0783099722222222","6,485370866203703e-07","0,09947","1,2673498205128206e-08","9,977493640313387e-09","8,237773833333334e-07","0,09353","1,1916681282051282e-08","6,6071189754273425e-09","7,745842833333333e-07","0,10116","1,2888821538461541e-08","1,2105648388176628e-08","8,377734e-07","0,09947","1,2673498205128206e-08","9,977493640313387e-09","8,237773833333334e-07","489,82","4,056525966666667e-06","22,25","1,8426708333333335e-07","875,38","7,249605366666667e-06","6,24080917948718e-08","4,056525966666667e-06","2,8348782051282053e-09","1,8426708333333335e-07","1,1153239025641026e-07","7,249605366666667e-06"
"2024-09-12 22:01:31+02:00","rock-tobefilledbyoem","AMD Ryzen Threadripper 3970X 32-Core Processor","0","kernel","169","1.0","1.0597","1,0597","59,639","56.3","0","reduction","openblas","fp32","0","169","56","1.0597","59.639","56.3","56.9","21632000000","20.41","kernel","kernel","0","AMD Ryzen Threadripper 3970X 32-Core Processor","","","","0","0","","","37.0","0","OPENBLAS_NUM_THREADS=1; e2e_host_memcpy=1; e2e_bw=mixed","0.3528934911242604","9,8025969756739e-08","0.006270414201183432","0","0","","","","","1,656638888888889e-05","DE","0,09947","1,647858702777778e-06","0,0783099722222222","1,2973134537114194e-06","0,09353","1,5494543527777778e-06","0,0518570416666666","8,590839188773138e-07","0,10116","1,6758559e-06","0,0950131388888888","1,5740246083873444e-06","0,09947","1,647858702777778e-06","0,0783099722222222","1,2973134537114194e-06","0,09947","9,750643211702828e-09","7,676410968706625e-09","1,647858702777778e-06","0,09353","9,1683689513478e-09","5,0833367980906154e-09","1,549454352777778e-06","0,10116","9,916307100591717e-09","9,313755079215057e-09","1,6758559e-06","0,09947","9,750643211702828e-09","7,676410968706625e-09","1,647858702777778e-06","489,82","8,114548605555556e-06","22,25","3,6860215277777776e-07","875,38","1,4501885505555555e-05","4,801508050624589e-08","8,114548605555556e-06","2,1810778270874426e-09","3,686021527777778e-07","8,580997340565418e-08","1,4501885505555556e-05"
"2024-09-12 22:01:31+02:00","rock-tobefilledbyoem","AMD Ryzen Threadripper 3970X 32-Core Processor","0","e2e","56","1.0","1.0597","0,5993","34,127","56.9","0","reduction","openblas","fp32","0","169","56","1.0597","59.639","56.3","56.9","3584000000","5.98","e2e","e2e","0","AMD Ryzen Threadripper 3970X 32-Core Processor","","","","0","0","","","37.0","0","OPENBLAS_NUM_THREADS=1; e2e_host_memcpy=1; e2e_bw=mixed","0.6094107142857144","1,69280753968254e-07","0.010701785714285716","0","0","0.0","","0.0","0.0","9,479722222222225e-06","DE","0,09947","9,429479694444444e-07","0,0783099722222222","7,423567838966048e-07","0,09353","8,866384194444445e-07","0,0518570416666666","4,915903502662031e-07","0,10116","9,589687e-07","0,0950131388888888","9,006981641280857e-07","0,09947","9,429479694444444e-07","0,0783099722222222","7,423567838966048e-07","0,09947","1,6838356597222224e-08","1,32563711410108e-08","9,429479694444446e-07","0,09353","1,5832828918650796e-08","8,778399111896486e-09","8,866384194444446e-07","0,10116","1,7124441071428574e-08","1,6083895788001534e-08","9,589687000000002e-07","0,09947","1,6838356597222224e-08","1,32563711410108e-08","9,429479694444446e-07","489,82","4,64335753888889e-06","22,25","2,109238194444445e-07","875,38","8,298359238888891e-06","8,291709890873016e-08","4,643357538888889e-06","3,766496775793651e-09","2,1092381944444446e-07","1,481849864087302e-07","8,298359238888891e-06"
"2024-09-12 22:01:39+02:00","rock-tobefilledbyoem","AMD Ryzen Threadripper 3970X 32-Core Processor","0","kernel","114","1.0","1.0616","1,0616","59,755","56.3","0","reduction","openblas","fp32","0","114","33","1.0616","59.755","56.3","56.9","21888000000","20.62","kernel","kernel","0","AMD Ryzen Threadripper 3970X 32-Core Processor","","","","0","0","","","37.0","0","OPENBLAS_NUM_THREADS=1; e2e_host_memcpy=1; e2e_bw=mixed","0.5241666666666667","1,4560185185185185e-07","0.009312280701754386","0","0","","","","","1,6598611111111113e-05","DE","0,09947","1,6510638472222225e-06","0,0783099722222222","1,2998367750385802e-06","0,09353","1,5524680972222224e-06","0,0518570416666666","8,607548679976843e-07","0,10116","1,6791155000000005e-06","0,0950131388888888","1,5770861428626531e-06","0,09947","1,6510638472222225e-06","0,0783099722222222","1,2998367750385802e-06","0,09947","1,4483016203703704e-08","1,1402076974022633e-08","1,6510638472222225e-06","0,09353","1,3618141203703705e-08","7,5504812982253e-09","1,5524680972222222e-06","0,10116","1,4729083333333333e-08","1,3834088972479412e-08","1,6791155e-06","0,09947","1,4483016203703704e-08","1,1402076974022633e-08","1,6510638472222225e-06","489,82","8,130331694444447e-06","22,25","3,6931909722222225e-07","875,38","1,4530092194444446e-05","7,131869907407408e-08","8,130331694444445e-06","3,2396412037037034e-09","3,693190972222222e-07","1,2745694907407406e-07","1,4530092194444443e-05"
"2024-09-12 22:01:39+02:00","rock-tobefilledbyoem","AMD Ryzen Threadripper 3970X 32-Core Processor","0","e2e","33","1.0","1.0616","0,5265","29,983","56.9","0","reduction","openblas","fp32","0","114","33","1.0616","59.755","56.3","56.9","3168000000","6.02","e2e","e2e","0","AMD Ryzen Threadripper 3970X 32-Core Processor","","","","0","0","","","37.0","0","OPENBLAS_NUM_THREADS=1; e2e_host_memcpy=1; e2e_bw=mixed","0.9085757575757576","2,523821548821549e-07","0.015954545454545454","0","0","0.0","","0.0","0.0","8,32861111111111e-06","DE","0,09947","8,284469472222222e-07","0,0783099722222222","6,522133047608023e-07","0,09353","7,789749972222222e-07","0,0518570416666666","4,318971334143513e-07","0,10116","8,425223e-07","0,0950131388888888","7,913274842515425e-07","0,09947","8,284469472222222e-07","0,0783099722222222","6,522133047608023e-07","0,09947","2,5104452946127953e-08","1,976403953820613e-08","8,284469472222224e-07","0,09353","2,3605302946127953e-08","1,3087791921647012e-08","7,789749972222223e-07","0,10116","2,5530978787878792e-08","2,3979620734895236e-08","8,425223000000001e-07","0,09947","2,5104452946127953e-08","1,976403953820613e-08","8,284469472222224e-07","489,82","4,079520294444444e-06","22,25","1,8531159722222222e-07","875,38","7,2906995944444445e-06","1,2362182710437712e-07","4,079520294444445e-06","5,615502946127947e-09","1,8531159722222225e-07","2,2093029074074077e-07","7,290699594444445e-06"
"2024-09-12 22:01:48+02:00","rock-tobefilledbyoem","AMD Ryzen Threadripper 3970X 32-Core Processor","0","kernel","86","1.0","1.1301","1,1301","63,402","56.1","0","reduction","openblas","fp32","0","86","28","1.1301","63.402","56.1","56.8","22016000000","19.48","kernel","kernel","0","AMD Ryzen Threadripper 3970X 32-Core Processor","","","","0","0","","","36.9","0","OPENBLAS_NUM_THREADS=1; e2e_host_memcpy=1; e2e_bw=mixed","0.7372325581395349","2,047868217054264e-07","0.013140697674418606","0","0","","","","","1,7611666666666666e-05","DE","0,09947","1,7518324833333334e-06","0,0783099722222222","1,3791691274537032e-06","0,09353","1,6472191833333334e-06","0,0518570416666666","9,132889321527768e-07","0,10116","1,7815962e-06","0,0950131388888888","1,6733397310648132e-06","0,09947","1,7518324833333334e-06","0,0783099722222222","1,3791691274537032e-06","0,09947","2,0370145155038763e-08","1,603685031922911e-08","1,7518324833333336e-06","0,09353","1,9153711434108532e-08","1,0619638745962521e-08","1,6472191833333334e-06","0,10116","2,071623488372093e-08","1,9457438733311787e-08","1,7815962000000002e-06","0,09947","2,0370145155038763e-08","1,603685031922911e-08","1,7518324833333336e-06","489,82","8,626546566666665e-06","22,25","3,9185958333333334e-07","875,38","1,5416900766666666e-05","1,0030868100775196e-07","8,626546566666668e-06","4,5565067829457375e-09","3,9185958333333344e-07","1,7926628798449617e-07","1,541690076666667e-05"
"2024-09-12 22:01:48+02:00","rock-tobefilledbyoem","AMD Ryzen Threadripper 3970X 32-Core Processor","0","e2e","28","1.0","1.1301","0,6112","34,701","56.8","0","reduction","openblas","fp32","0","86","28","1.1301","63.402","56.1","56.8","3584000000","5.86","e2e","e2e","0","AMD Ryzen Threadripper 3970X 32-Core Processor","","","","0","0","","","36.9","0","OPENBLAS_NUM_THREADS=1; e2e_host_memcpy=1; e2e_bw=mixed","1.2393214285714287","3,442559523809524e-07","0.021828571428571426","0","0","0.0","","0.0","0.0","9,639166666666667e-06","DE","0,09947","9,588079083333334e-07","0,0783099722222222","7,54842873912037e-07","0,09353","9,015512583333334e-07","0,0518570416666666","4,998586674652772e-07","0,10116","9,750981e-07","0,0950131388888888","9,158474812731474e-07","0,09947","9,588079083333334e-07","0,0783099722222222","7,54842873912037e-07","0,09947","3,4243139583333345e-08","2,6958674068287037e-08","9,588079083333334e-07","0,09353","3,219825922619048e-08","1,7852095266617044e-08","9,015512583333336e-07","0,10116","3,482493214285714e-08","3,2708838616898125e-08","9,750981e-07","0,09947","3,4243139583333345e-08","2,6958674068287037e-08","9,588079083333334e-07","489,82","4,721456616666667e-06","22,25","2,1447145833333336e-07","875,38","8,437933716666667e-06","1,6862345059523812e-07","4,721456616666667e-06","7,659694940476191e-09","2,1447145833333336e-07","3,013547755952381e-07","8,437933716666667e-06"
"2024-09-12 22:01:56+02:00","rock-tobefilledbyoem","AMD Ryzen Threadripper 3970X 32-Core Processor","0","kernel","55","1.0","1.0591","1,0591","59,325","56.0","0","reduction","openblas","fp32","0","55","17","1.0591","59.325","56.0","56.8","21120000000","19.94","kernel","kernel","0","AMD Ryzen Threadripper 3970X 32-Core Processor","","","","0","0","","","37.0","0","OPENBLAS_NUM_THREADS=1; e2e_host_memcpy=1; e2e_bw=mixed","1.0786363636363636","2,996212121212121e-07","0.019256363636363634","0","0","","","","","1,6479166666666666e-05","DE","0,09947","1,6391827083333334e-06","0,0783099722222222","1,2904830839120367e-06","0,09353","1,5412964583333331e-06","0,0518570416666666","8,545608324652767e-07","0,10116","1,6670325e-06","0,0950131388888888","1,5657373512731467e-06","0,09947","1,6391827083333334e-06","0,0783099722222222","1,2904830839120367e-06","0,09947","2,9803321969696975e-08","2,3463328798400665e-08","1,6391827083333332e-06","0,09353","2,8023571969696972e-08","1,5537469681186847e-08","1,5412964583333331e-06","0,10116","3,030968181818181e-08","2,8467951841329942e-08","1,6670324999999996e-06","0,09947","2,9803321969696975e-08","2,3463328798400665e-08","1,6391827083333332e-06","489,82","8,071825416666665e-06","22,25","3,666614583333333e-07","875,38","1,4425532916666666e-05","1,4676046212121212e-07","8,071825416666667e-06","6,666571969696969e-09","3,6666145833333327e-07","2,622824166666666e-07","1,4425532916666664e-05"
"2024-09-12 22:01:56+02:00","rock-tobefilledbyoem","AMD Ryzen Threadripper 3970X 32-Core Processor","0","e2e","17","1.0","1.0591","0,5513","31,305","56.8","0","reduction","openblas","fp32","0","55","17","1.0591","59.325","56.0","56.8","3264000000","5.92","e2e","e2e","0","AMD Ryzen Threadripper 3970X 32-Core Processor","","","","0","0","","","37.0","0","OPENBLAS_NUM_THREADS=1; e2e_host_memcpy=1; e2e_bw=mixed","1.8414705882352942","5,115196078431373e-07","0.03242941176470588","0","0","0.0","","0.0","0.0","8,695833333333334e-06","DE","0,09947","8,649745416666668e-07","0,0783099722222222","6,809704667824073e-07","0,09353","8,133212916666668e-07","0,0518570416666666","4,5094019149305517e-07","0,10116","8,796705000000001e-07","0,0950131388888888","8,262184202546289e-07","0,09947","8,649745416666668e-07","0,0783099722222222","6,809704667824073e-07","0,09947","5,088085539215687e-08","4,0057086281318085e-08","8,649745416666668e-07","0,09353","4,784242892156864e-08","2,652589361723853e-08","8,133212916666668e-07","0,10116","5,1745323529411777e-08","4,860108354438994e-08","8,796705000000001e-07","0,09947","5,088085539215687e-08","4,0057086281318085e-08","8,649745416666668e-07","489,82","4,2593930833333336e-06","22,25","1,9348229166666669e-07","875,38","7,612158583333334e-06","2,505525343137255e-07","4,2593930833333336e-06","1,1381311274509805e-08","1,9348229166666669e-07","4,4777403431372556e-07","7,6121585833333345e-06"
"2024-09-12 22:02:05+02:00","rock-tobefilledbyoem","AMD Ryzen Threadripper 3970X 32-Core Processor","0","kernel","42","1.0","1.0678","1,0678","60,203","56.4","0","reduction","openblas","fp32","0","42","14","1.0678","60.203","56.4","57.0","21504000000","20.14","kernel","kernel","0","AMD Ryzen Threadripper 3970X 32-Core Processor","","","","0","0","","","36.9","0","OPENBLAS_NUM_THREADS=1; e2e_host_memcpy=1; e2e_bw=mixed","1.433404761904762","3,981679894179896e-07","0.025423809523809526","0","0","","","","","1,6723055555555557e-05","DE","0,09947","1,6634423361111111e-06","0,0783099722222222","1,3095820160262344e-06","0,09353","1,5641073861111111e-06","0,0518570416666666","8,672081887384249e-07","0,10116","1,6917043000000002e-06","0,0950131388888888","1,5889100001466036e-06","0,09947","1,6634423361111111e-06","0,0783099722222222","1,3095820160262344e-06","0,09947","3,9605769907407424e-08","3,118052419110083e-08","1,6634423361111115e-06","0,09353","3,7240652050264574e-08","2,0647814017581556e-08","1,5641073861111118e-06","0,10116","4,027867380952383e-08","3,7831190479681055e-08","1,6917043000000006e-06","0,09947","3,9605769907407424e-08","3,118052419110083e-08","1,6634423361111115e-06","489,82","8,191287072222224e-06","22,25","3,7208798611111113e-07","875,38","1,4639028372222223e-05","1,9503064457671967e-07","8,191287072222225e-06","8,85923776455027e-09","3,7208798611111134e-07","3,4854829457671973e-07","1,4639028372222228e-05"
"2024-09-12 22:02:05+02:00","rock-tobefilledbyoem","AMD Ryzen Threadripper 3970X 32-Core Processor","0","e2e","14","1.0","1.0678","0,602","34,297","57.0","0","reduction","openblas","fp32","0","42","14","1.0678","60.203","56.4","57.0","3584000000","5.95","e2e","e2e","0","AMD Ryzen Threadripper 3970X 32-Core Processor","","","","0","0","","","36.9","0","OPENBLAS_NUM_THREADS=1; e2e_host_memcpy=1; e2e_bw=mixed","2.449785714285714","6,804960317460317e-07","0.043","0","0","0.0","","0.0","0.0","9,526944444444444e-06","DE","0,09947","9,476451638888888e-07","0,0783099722222222","7,460547548070985e-07","0,09353","8,910551138888889e-07","0,0518570416666666","4,940391550115734e-07","0,10116","9,637457e-07","0,0950131388888888","9,051848956867276e-07","0,09947","9,476451638888888e-07","0,0783099722222222","7,460547548070985e-07","0,09947","6,768894027777777e-08","5,3289625343364187e-08","9,476451638888888e-07","0,09353","6,364679384920636e-08","3,5288511072255244e-08","8,910551138888888e-07","0,10116","6,883897857142858e-08","6,46560639776234e-08","9,637457e-07","0,09947","6,768894027777777e-08","5,3289625343364187e-08","9,476451638888888e-07","489,82","4,666487927777778e-06","22,25","2,119745138888889e-07","875,38","8,339696627777778e-06","3,3332056626984126e-07","4,666487927777778e-06","1,5141036706349203e-08","2,1197451388888884e-07","5,956926162698413e-07","8,339696627777778e-06"
"2024-09-12 22:02:13+02:00","rock-tobefilledbyoem","AMD Ryzen Threadripper 3970X 32-Core Processor","0","kernel","28","1.0","1.0424","1,0424","58,826","56.4","0","reduction","openblas","fp32","0","28","9","1.0424","58.826","56.4","57.0","21504000000","20.63","kernel","kernel","0","AMD Ryzen Threadripper 3970X 32-Core Processor","","","","0","0","","","37.0","0","OPENBLAS_NUM_THREADS=1; e2e_host_memcpy=1; e2e_bw=mixed","2.1009285714285713","5,835912698412698e-07","0.03722857142857143","0","0","","","","","1,6340555555555555e-05","DE","0,09947","1,6253950611111111e-06","0,0783099722222222","1,2796284516512345e-06","0,09353","1,5283321611111112e-06","0,0518570416666666","8,473728703009248e-07","0,10116","1,6530106e-06","0,0950131388888888","1,5525674745216037e-06","0,09947","1,6253950611111111e-06","0,0783099722222222","1,2796284516512345e-06","0,09947","5,804982361111112e-08","4,570101613040122e-08","1,6253950611111111e-06","0,09353","5,458329146825398e-08","3,0263316796461605e-08","1,5283321611111112e-06","0,10116","5,9036092857142864e-08","5,5448838375771566e-08","1,6530106e-06","0,09947","5,804982361111112e-08","4,570101613040122e-08","1,6253950611111111e-06","489,82","8,003930922222222e-06","22,25","3,6357736111111107e-07","875,38","1,4304195522222223e-05","2,858546757936508e-07","8,003930922222222e-06","1,2984905753968254e-08","3,635773611111111e-07","5,108641257936508e-07","1,4304195522222221e-05"
"2024-09-12 22:02:13+02:00","rock-tobefilledbyoem","AMD Ryzen Threadripper 3970X 32-Core Processor","0","e2e","9","1.0","1.0424","0,5767","32,849","57.0","0","reduction","openblas","fp32","0","28","9","1.0424","58.826","56.4","57.0","3456000000","5.99","e2e","e2e","0","AMD Ryzen Threadripper 3970X 32-Core Processor","","","","0","0","","","37.0","0","OPENBLAS_NUM_THREADS=1; e2e_host_memcpy=1; e2e_bw=mixed","3.6498888888888885","1,013858024691358e-06","0.06407777777777778","0","0","0.0","","0.0","0.0","9,124722222222222e-06","DE","0,09947","9,076361194444444e-07","0,0783099722222222","7,145567437577159e-07","0,09353","8,534352694444444e-07","0,0518570416666666","4,731811004745365e-07","0,10116","9,230569e-07","0,0950131388888888","8,669684998225301e-07","0,09947","9,076361194444444e-07","0,0783099722222222","7,145567437577159e-07","0,09947","1,008484577160494e-07","7,939519375085732e-08","9,076361194444444e-07","0,09353","9,482614104938272e-08","5,2575677830504046e-08","8,534352694444444e-07","0,10116","1,0256187777777777e-07","9,632983331361444e-08","9,230569e-07","0,09947","1,008484577160494e-07","7,939519375085732e-08","9,076361194444444e-07","489,82","4,469471438888889e-06","22,25","2,0302506944444443e-07","875,38","7,987599338888889e-06","4,96607937654321e-07","4,469471438888889e-06","2,2558341049382714e-08","2,0302506944444443e-07","8,87511037654321e-07","7,987599338888889e-06"
"2024-09-12 22:02:22+02:00","rock-tobefilledbyoem","AMD Ryzen Threadripper 3970X 32-Core Processor","0","kernel","22","1.0","1.0891","1,0891","61,312","56.3","0","reduction","openblas","fp32","0","22","7","1.0891","61.312","56.3","56.9","22528000000","20.69","kernel","kernel","0","AMD Ryzen Threadripper 3970X 32-Core Processor","","","","0","0","","","37.0","0","OPENBLAS_NUM_THREADS=1; e2e_host_memcpy=1; e2e_bw=mixed","2.786909090909091","7,741414141414142e-07","0.049504545454545454","0","0","","","","","1,703111111111111e-05","DE","0,09947","1,694084622222222e-06","0,0783099722222222","1,3337058380246908e-06","0,09353","1,592919822222222e-06","0,0518570416666666","8,831830385185173e-07","0,10116","1,7228672e-06","0,0950131388888888","1,6181793254320972e-06","0,09947","1,694084622222222e-06","0,0783099722222222","1,3337058380246908e-06","0,09947","7,700384646464646e-08","6,062299263748598e-08","1,6940846222222222e-06","0,09353","7,240544646464647e-08","4,014468356902352e-08","1,5929198222222224e-06","0,10116","7,831214545454546e-08","7,355360570145897e-08","1,7228672000000005e-06","0,09947","7,700384646464646e-08","6,062299263748598e-08","1,6940846222222222e-06","489,82","8,342178844444444e-06","22,25","3,789422222222222e-07","875,38","1,4908694044444443e-05","3,791899474747475e-07","8,342178844444444e-06","1,7224646464646465e-08","3,789422222222222e-07","6,776679111111111e-07","1,4908694044444444e-05"
"2024-09-12 22:02:22+02:00","rock-tobefilledbyoem","AMD Ryzen Threadripper 3970X 32-Core Processor","0","e2e","7","1.0","1.0891","0,5982","34,031","56.9","0","reduction","openblas","fp32","0","22","7","1.0891","61.312","56.3","56.9","3584000000","5.99","e2e","e2e","0","AMD Ryzen Threadripper 3970X 32-Core Processor","","","","0","0","","","37.0","0","OPENBLAS_NUM_THREADS=1; e2e_host_memcpy=1; e2e_bw=mixed","4.861571428571429","1,350436507936508e-06","0.08545714285714286","0","0","0.0","","0.0","0.0","9,453055555555555e-06","DE","0,09947","9,402954361111112e-07","0,0783099722222222","7,402685179706789e-07","0,09353","8,841442861111111e-07","0,0518570416666666","4,902074958217586e-07","0,10116","9,562711e-07","0,0950131388888888","8,98164480424382e-07","0,09947","9,402954361111112e-07","0,0783099722222222","7,402685179706789e-07","0,09947","1,3432791944444444e-07","1,057526454243827e-07","9,402954361111112e-07","0,09353","1,263063265873016e-07","7,002964226025124e-08","8,841442861111113e-07","0,10116","1,3661015714285718e-07","1,2830921148919746e-07","9,562711e-07","0,09947","1,3432791944444444e-07","1,057526454243827e-07","9,402954361111112e-07","489,82","4,6302956722222216e-06","22,25","2,103304861111111e-07","875,38","8,275015772222222e-06","6,614708103174604e-07","4,630295672222222e-06","3,0047212301587304e-08","2,1033048611111113e-07","1,1821451103174604e-06","8,275015772222222e-06"
"2024-09-12 22:02:31+02:00","rock-tobefilledbyoem","AMD Ryzen Threadripper 3970X 32-Core Processor","0","kernel","17","1.0","1.0481","1,0481","59,005","56.3","0","reduction","openblas","fp32","0","17","7","1.0481","59.005","56.3","56.9","21760000000","20.76","kernel","kernel","0","AMD Ryzen Threadripper 3970X 32-Core Processor","","","","0","0","","","37.0","0","OPENBLAS_NUM_THREADS=1; e2e_host_memcpy=1; e2e_bw=mixed","3.4708823529411768","9,641339869281046e-07","0.06165294117647059","0","0","","","","","1,639027777777778e-05","DE","0,09947","1,630340930555556e-06","0,0783099722222222","1,283522197492284e-06","0,09353","1,5329826805555558e-06","0,0518570416666666","8,49951317650462e-07","0,10116","1,6580405000000002e-06","0,0950131388888888","1,557291738927468e-06","0,09947","1,630340930555556e-06","0,0783099722222222","1,283522197492284e-06","0,09947","9,590240767973857e-08","7,550130573484022e-08","1,6303409305555557e-06","0,09353","9,017545179738565e-08","4,9997136332380114e-08","1,5329826805555556e-06","0,10116","9,753179411764706e-08","9,160539640749813e-08","1,6580405e-06","0,09947","9,590240767973857e-08","7,550130573484022e-08","1,6303409305555557e-06","489,82","8,028285861111112e-06","22,25","3,6468368055555564e-07","875,38","1,4347721361111112e-05","4,7225210947712417e-07","8,02828586111111e-06","2,1451981209150328e-08","3,646836805555556e-07","8,439836094771243e-07","1,4347721361111112e-05"
"2024-09-12 22:02:31+02:00","rock-tobefilledbyoem","AMD Ryzen Threadripper 3970X 32-Core Processor","0","e2e","7","1.0","1.0481","0,7459","42,472","56.9","0","reduction","openblas","fp32","0","17","7","1.0481","59.005","56.3","56.9","4480000000","6.01","e2e","e2e","0","AMD Ryzen Threadripper 3970X 32-Core Processor","","","","0","0","","","37.0","0","OPENBLAS_NUM_THREADS=1; e2e_host_memcpy=1; e2e_bw=mixed","6.067428571428572","1,6853968253968254e-06","0.10655714285714286","0","0","0.0","","0.0","0.0","1,1797777777777778e-05","DE","0,09947","1,1735249555555556e-06","0,0783099722222222","9,238836500617282e-07","0,09353","1,1034461555555557e-06","0,0518570416666666","6,117978537962955e-07","0,10116","1,1934632e-06","0,0950131388888888","1,120943898580246e-06","0,09947","1,1735249555555556e-06","0,0783099722222222","9,238836500617282e-07","0,09947","1,6764642222222226e-07","1,319833785802469e-07","1,1735249555555556e-06","0,09353","1,576351650793651e-07","8,73996933994708e-08","1,1034461555555557e-06","0,10116","1,7049474285714285e-07","1,6013484265432086e-07","1,1934632e-06","0,09947","1,6764642222222226e-07","1,319833785802469e-07","1,1735249555555556e-06","489,82","5,778787511111111e-06","22,25","2,6250055555555555e-07","875,38","1,0327538711111111e-05","8,255410730158731e-07","5,778787511111112e-06","3,7500079365079367e-08","2,6250055555555555e-07","1,475362673015873e-06","1,0327538711111111e-05"
"2024-09-12 22:02:41+02:00","rock-tobefilledbyoem","AMD Ryzen Threadripper 3970X 32-Core Processor","0","kernel","15","1.0","1.1075","1,1075","62,671","56.6","0","reduction","openblas","fp32","0","15","6","1.1075","62.671","56.6","57.2","23040000000","20.8","kernel","kernel","0","AMD Ryzen Threadripper 3970X 32-Core Processor","","","","0","0","","","37.1","0","OPENBLAS_NUM_THREADS=1; e2e_host_memcpy=1; e2e_bw=mixed","4.178066666666667","1,1605740740740742e-06","0.07383333333333333","0","0","","","","","1,740861111111111e-05","DE","0,09947","1,7316345472222222e-06","0,0783099722222222","1,36326785253858e-06","0,09353","1,6282273972222222e-06","0,0518570416666666","9,02759071747684e-07","0,10116","1,7610551e-06","0,0950131388888888","1,6540467853626529e-06","0,09947","1,7316345472222222e-06","0,0783099722222222","1,36326785253858e-06","0,09947","1,1544230314814816e-07","9,0884523502572e-08","1,7316345472222224e-06","0,09353","1,0854849314814817e-07","6,01839381165123e-08","1,6282273972222226e-06","0,10116","1,1740367333333337e-07","1,1026978569084353e-07","1,7610551000000004e-06","0,09947","1,1544230314814816e-07","9,0884523502572e-08","1,7316345472222224e-06","489,82","8,527085894444445e-06","22,25","3,873415972222222e-07","875,38","1,5239149994444444e-05","5,68472392962963e-07","8,527085894444445e-06","2,5822773148148153e-08","3,873415972222223e-07","1,0159433329629631e-06","1,5239149994444446e-05"
"2024-09-12 22:02:41+02:00","rock-tobefilledbyoem","AMD Ryzen Threadripper 3970X 32-Core Processor","0","e2e","6","1.0","1.1075","0,766","43,826","57.2","0","reduction","openblas","fp32","0","15","6","1.1075","62.671","56.6","57.2","4608000000","6.02","e2e","e2e","0","AMD Ryzen Threadripper 3970X 32-Core Processor","","","","0","0","","","37.1","0","OPENBLAS_NUM_THREADS=1; e2e_host_memcpy=1; e2e_bw=mixed","7.304333333333333","2,028981481481481e-06","0.12766666666666668","0","0","0.0","","0.0","0.0","1,2173888888888888e-05","DE","0,09947","1,2109367277777777e-06","0,0783099722222222","9,533369007253085e-07","0,09353","1,1386238277777778e-06","0,0518570416666666","6,313018633564807e-07","0,10116","1,2315106e-06","0,0950131388888888","1,1566793958179e-06","0,09947","1,2109367277777777e-06","0,0783099722222222","9,533369007253085e-07","0,09947","2,018227879629629e-07","1,5888948345421805e-07","1,2109367277777777e-06","0,09353","1,897706379629629e-07","1,052169772260801e-07","1,1386238277777775e-06","0,10116","2,0525176666666661e-07","1,9277989930298333e-07","1,2315105999999997e-06","0,09947","2,018227879629629e-07","1,5888948345421805e-07","1,2109367277777777e-06","489,82","5,963014255555555e-06","22,25","2,708690277777778e-07","875,38","1,0656778855555556e-05","9,93835709259259e-07","5,963014255555554e-06","4,5144837962962955e-08","2,7086902777777774e-07","1,776129809259259e-06","1,0656778855555555e-05"
"2024-09-12 22:02:51+02:00","rock-tobefilledbyoem","AMD Ryzen Threadripper 3970X 32-Core Processor","0","kernel","11","1.0","1.077","1,077","60,982","56.6","0","reduction","openblas","fp32","0","11","4","1.077","60.982","56.6","57.2","22528000000","20.92","kernel","kernel","0","AMD Ryzen Threadripper 3970X 32-Core Processor","","","","0","0","","","37.2","0","OPENBLAS_NUM_THREADS=1; e2e_host_memcpy=1; e2e_bw=mixed","5.543818181818182","1,539949494949495e-06","0.0979090909090909","0","0","","","","","1,6939444444444445e-05","DE","0,09947","1,684966538888889e-06","0,0783099722222222","1,3265274239043207e-06","0,09353","1,584346238888889e-06","0,0518570416666666","8,784294763657397e-07","0,10116","1,7135942e-06","0,0950131388888888","1,609469787700616e-06","0,09947","1,684966538888889e-06","0,0783099722222222","1,3265274239043207e-06","0,09947","1,531787762626263e-07","1,2059340217312006e-07","1,684966538888889e-06","0,09353","1,440314762626263e-07","7,985722512415816e-08","1,5843462388888891e-06","0,10116","1,557812909090909e-07","1,4631543524551053e-07","1,7135942e-06","0,09947","1,531787762626263e-07","1,2059340217312006e-07","1,684966538888889e-06","489,82","8,297278677777778e-06","22,25","3,7690263888888885e-07","875,38","1,4828450877777777e-05","7,542980616161616e-07","8,297278677777778e-06","3,426387626262626e-08","3,7690263888888885e-07","1,348040988888889e-06","1,4828450877777779e-05"
"2024-09-12 22:02:51+02:00","rock-tobefilledbyoem","AMD Ryzen Threadripper 3970X 32-Core Processor","0","e2e","4","1.0","1.077","0,6786","38,846","57.2","0","reduction","openblas","fp32","0","11","4","1.077","60.982","56.6","57.2","4096000000","6.04","e2e","e2e","0","AMD Ryzen Threadripper 3970X 32-Core Processor","","","","0","0","","","37.2","0","OPENBLAS_NUM_THREADS=1; e2e_host_memcpy=1; e2e_bw=mixed","9.7115","2,6976388888888885e-06","0.16965","0","0","0.0","","0.0","0.0","1,0790555555555554e-05","DE","0,09947","1,073336561111111e-06","0,0783099722222222","8,45008105817901e-07","0,09353","1,009240661111111e-06","0,0518570416666666","5,595662890509251e-07","0,10116","1,0915725999999998e-06","0,0950131388888888","1,0252445536882705e-06","0,09947","1,073336561111111e-06","0,0783099722222222","8,45008105817901e-07","0,09947","2,6833414027777774e-07","2,1125202645447527e-07","1,073336561111111e-06","0,09353","2,5231016527777776e-07","1,3989157226273128e-07","1,009240661111111e-06","0,10116","2,7289315e-07","2,563111384220676e-07","1,0915725999999998e-06","0,09947","2,6833414027777774e-07","2,1125202645447527e-07","1,073336561111111e-06","489,82","5,285429922222222e-06","22,25","2,400898611111111e-07","875,38","9,445836522222221e-06","1,3213574805555554e-06","5,285429922222222e-06","6,002246527777777e-08","2,400898611111111e-07","2,3614591305555553e-06","9,445836522222221e-06"
"2024-09-12 22:03:01+02:00","rock-tobefilledbyoem","AMD Ryzen Threadripper 3970X 32-Core Processor","0","kernel","8","1.0","1.1702","1,1702","66,276","56.6","0","reduction","openblas","fp32","0","8","3","1.1702","66.276","56.6","57.3","24576000000","21.0","kernel","kernel","0","AMD Ryzen Threadripper 3970X 32-Core Processor","","","","0","0","","","37.2","0","OPENBLAS_NUM_THREADS=1; e2e_host_memcpy=1; e2e_bw=mixed","8.2845","2,30125e-06","0.146275","0","0","","","","","1,841e-05","DE","0,09947","1,8312427e-06","0,0783099722222222","1,4416865886111107e-06","0,09353","1,7218873e-06","0,0518570416666666","9,546881370833322e-07","0,10116","1,8623556e-06","0,0950131388888888","1,7491918869444427e-06","0,09947","1,8312427e-06","0,0783099722222222","1,4416865886111107e-06","0,09947","2,2890533750000006e-07","1,802108235763889e-07","1,8312427e-06","0,09353","2,1523591250000006e-07","1,1933601713541652e-07","1,7218873000000005e-06","0,10116","2,3279445000000006e-07","2,186489858680554e-07","1,8623556e-06","0,09947","2,2890533750000006e-07","1,802108235763889e-07","1,8312427e-06","489,82","9,0175862e-06","22,25","4,096225e-07","875,38","1,61157458e-05","1,127198275e-06","9,0175862e-06","5,12028125e-08","4,096225e-07","2,014468225e-06","1,61157458e-05"
"2024-09-12 22:03:01+02:00","rock-tobefilledbyoem","AMD Ryzen Threadripper 3970X 32-Core Processor","0","e2e","3","1.0","1.1702","0,7612","43,63","57.3","0","reduction","openblas","fp32","0","8","3","1.1702","66.276","56.6","57.3","4608000000","6.05","e2e","e2e","0","AMD Ryzen Threadripper 3970X 32-Core Processor","","","","0","0","","","37.2","0","OPENBLAS_NUM_THREADS=1; e2e_host_memcpy=1; e2e_bw=mixed","14.543333333333335","4,039814814814816e-06","0.2537333333333333","0","0","0.0","","0.0","0.0","1,2119444444444444e-05","DE","0,09947","1,205521138888889e-06","0,0783099722222222","9,490733577932096e-07","0,09353","1,1335316388888889e-06","0,0518570416666666","6,284785355324066e-07","0,10116","1,226003e-06","0,0950131388888888","1,151506458256172e-06","0,09947","1,205521138888889e-06","0,0783099722222222","9,490733577932096e-07","0,09947","4,018403796296297e-07","3,1635778593107e-07","1,205521138888889e-06","0,09353","3,778438796296297e-07","2,094928451774689e-07","1,133531638888889e-06","0,10116","4,086676666666668e-07","3,838354860853907e-07","1,226003e-06","0,09947","4,018403796296297e-07","3,1635778593107e-07","1,205521138888889e-06","489,82","5,9363462777777764e-06","22,25","2,6965763888888887e-07","875,38","1,0609119277777777e-05","1,978782092592593e-06","5,936346277777779e-06","8,988587962962965e-08","2,696576388888889e-07","3,536373092592593e-06","1,0609119277777779e-05"
"2024-09-12 22:03:25+02:00","rock-tobefilledbyoem","AMD Ryzen Threadripper 3970X 32-Core Processor","0","kernel","1666","1.0","0.1458","0,1458","8,204","56.3","1","reduction","openblas","fp32","0","1666","477","0.1458","8.204","56.3","55.1","13328000000","91.44","kernel","kernel","0","AMD Ryzen Threadripper 3970X 32-Core Processor","","","","0","0","","","38.5","0","OPENBLAS_NUM_THREADS=1; e2e_host_memcpy=1; e2e_bw=mixed","0.00492436974789916","1,367880485527544e-09","8.751500600240097e-05","0","0","","","","","2,278888888888889e-06","DE","0,09947","2,266810777777778e-07","0,0783099722222222","1,784597255864197e-07","0,09353","2,131444777777778e-07","0,0518570416666666","1,1817643606481469e-07","0,10116","2,305324e-07","0,0950131388888888","2,165243865123455e-07","0,09947","2,266810777777778e-07","0,0783099722222222","1,784597255864197e-07","0,09947","1,3606307189542479e-10","1,0711868282498179e-10","2,2668107777777774e-07","0,09353","1,2793786181139118e-10","7,0934235333022e-11","2,131444777777778e-07","0,10116","1,3837478991596638e-10","1,2996661855482922e-10","2,305324e-07","0,09947","1,3606307189542479e-10","1,0711868282498179e-10","2,2668107777777774e-07","489,82","1,1162453555555557e-06","22,25","5,070527777777778e-08","875,38","1,9948937555555554e-06","6,700152194211016e-10","1,1162453555555552e-06","3,043534080298785e-11","5,070527777777776e-08","1,1974152194211014e-09","1,994893755555555e-06"
"2024-09-12 22:03:25+02:00","rock-tobefilledbyoem","AMD Ryzen Threadripper 3970X 32-Core Processor","0","e2e","477","1.0","0.1458","0,1036","5,709","55.1","1","reduction","openblas","fp32","0","1666","477","0.1458","8.204","56.3","55.1","1908000000","18.42","e2e","e2e","0","AMD Ryzen Threadripper 3970X 32-Core Processor","","","","0","0","","","38.5","0","OPENBLAS_NUM_THREADS=1; e2e_host_memcpy=1; e2e_bw=mixed","0.011968553459119496","3,3245981830887487e-09","0.00021719077568134172","0","0","0.0","","0.0","0.0","1,5858333333333331e-06","DE","0,09947","1,577428416666667e-07","0,0783099722222222","1,2418656428240738e-07","0,09353","1,483229916666667e-07","0,0518570416666666","8,223662524305547e-08","0,10116","1,604229e-07","0,0950131388888888","1,5067500275462949e-07","0,09947","1,577428416666667e-07","0,0783099722222222","1,2418656428240738e-07","0,09947","3,3069778127183785e-10","2,6034919136773027e-10","1,5774284166666664e-07","0,09353","3,109496680642907e-10","1,724038265053573e-10","1,483229916666667e-07","0,10116","3,363163522012578e-10","3,158805089195586e-10","1,6042289999999996e-07","0,09947","3,3069778127183785e-10","2,6034919136773027e-10","1,5774284166666664e-07","489,82","7,767728833333332e-07","22,25","3,528479166666666e-08","875,38","1,3882067833333331e-06","1,6284546820405308e-09","7,767728833333332e-07","7,397230957372465e-11","3,528479166666666e-08","2,910286757512229e-09","1,3882067833333331e-06"
"2024-09-12 22:03:32+02:00","rock-tobefilledbyoem","AMD Ryzen Threadripper 3970X 32-Core Processor","0","kernel","5525","1.0","0.956","0,956","53,46","55.9","1","reduction","openblas","fp32","0","5525","617","0.956","53.46","55.9","55.6","66300000000","69.35","kernel","kernel","0","AMD Ryzen Threadripper 3970X 32-Core Processor","","","","0","0","","","38.2","0","OPENBLAS_NUM_THREADS=1; e2e_host_memcpy=1; e2e_bw=mixed","0.00967601809954751","2,6877828054298642e-09","0.0001730316742081448","0","0","","","","","1,485e-05","DE","0,09947","1,4771295e-06","0,0783099722222222","1,1629030874999995e-06","0,09353","1,3889205e-06","0,0518570416666666","7,70077068749999e-07","0,10116","1,502226e-06","0,0950131388888888","1,4109451124999988e-06","0,09947","1,4771295e-06","0,0783099722222222","1,1629030874999995e-06","0,09947","2,673537556561086e-10","2,104801968325791e-10","1,4771295e-06","0,09353","2,5138832579185517e-10","1,3938046493212651e-10","1,3889204999999998e-06","0,10116","2,71896108597285e-10","2,5537468099547483e-10","1,5022259999999997e-06","0,09947","2,673537556561086e-10","2,104801968325791e-10","1,4771295e-06","489,82","7,273827e-06","22,25","3,3041249999999997e-07","875,38","1,2999393e-05","1,316529773755656e-09","7,273826999999999e-06","5,980316742081449e-11","3,304125000000001e-07","2,3528313122171946e-09","1,2999393e-05"
"2024-09-12 22:03:32+02:00","rock-tobefilledbyoem","AMD Ryzen Threadripper 3970X 32-Core Processor","0","e2e","617","1.0","0.956","0,3903","21,688","55.6","1","reduction","openblas","fp32","0","5525","617","0.956","53.46","55.9","55.6","3702000000","9.48","e2e","e2e","0","AMD Ryzen Threadripper 3970X 32-Core Processor","","","","0","0","","","38.2","0","OPENBLAS_NUM_THREADS=1; e2e_host_memcpy=1; e2e_bw=mixed","0.035150729335494325","9,764091482081756e-09","0.0006325769854132901","0","0","0.0","","0.0","0.0","6,024444444444444e-06","DE","0,09947","5,992514888888889e-07","0,0783099722222222","4,7177407709876533e-07","0,09353","5,634662888888889e-07","0,0518570416666666","3,124098665740737e-07","0,10116","6,094328e-07","0,0950131388888888","5,724013767283946e-07","0,09947","5,992514888888889e-07","0,0783099722222222","4,7177407709876533e-07","0,09947","9,712341797226724e-10","7,646257327370586e-10","5,992514888888889e-07","0,09353","9,132354763191065e-10","5,063368988234581e-10","5,634662888888887e-07","0,10116","9,877354943273903e-10","9,277169801108501e-10","6,094327999999998e-07","0,09947","9,712341797226724e-10","7,646257327370586e-10","5,992514888888889e-07","489,82","2,950893377777778e-06","22,25","1,3404388888888887e-07","875,38","5,273678177777777e-06","4,782647289753286e-09","2,9508933777777774e-06","2,1725103547631907e-10","1,3404388888888887e-07","8,547290401584726e-09","5,273678177777776e-06"
"2024-09-12 22:03:40+02:00","rock-tobefilledbyoem","AMD Ryzen Threadripper 3970X 32-Core Processor","0","kernel","2571","1.0","0.9874","0,9874","55,282","56.0","1","reduction","openblas","fp32","0","2571","474","0.9874","55.282","56.0","56.1","41136000000","41.66","kernel","kernel","0","AMD Ryzen Threadripper 3970X 32-Core Processor","","","","0","0","","","37.5","0","OPENBLAS_NUM_THREADS=1; e2e_host_memcpy=1; e2e_bw=mixed","0.02150213924542979","5,9728164570638314e-09","0.0003840528977051731","0","0","","","","","1,535611111111111e-05","DE","0,09947","1,527472372222222e-06","0,0783099722222222","1,2025366345524688e-06","0,09353","1,436257072222222e-06","0,0518570416666666","7,963224937268508e-07","0,10116","1,5534241999999995e-06","0,0950131388888888","1,4590323177932084e-06","0,09947","1,527472372222222e-06","0,0783099722222222","1,2025366345524688e-06","0,09947","5,941160529841394e-10","4,677310908411003e-10","1,5274723722222222e-06","0,09353","5,586375232291801e-10","3,097325918813111e-10","1,4362570722222223e-06","0,10116","6,042101127965772e-10","5,674960395928466e-10","1,5534242e-06","0,09947","5,941160529841394e-10","4,677310908411003e-10","1,5274723722222222e-06","489,82","7,5217303444444436e-06","22,25","3,416734722222222e-07","875,38","1,3442432544444443e-05","2,9256049569990058e-09","7,5217303444444436e-06","1,3289516616967024e-10","3,416734722222222e-07","5,228484070184536e-09","1,3442432544444443e-05"
"2024-09-12 22:03:40+02:00","rock-tobefilledbyoem","AMD Ryzen Threadripper 3970X 32-Core Processor","0","e2e","474","1.0","0.9874","0,5457","30,635","56.1","1","reduction","openblas","fp32","0","2571","474","0.9874","55.282","56.0","56.1","3792000000","6.95","e2e","e2e","0","AMD Ryzen Threadripper 3970X 32-Core Processor","","","","0","0","","","37.5","0","OPENBLAS_NUM_THREADS=1; e2e_host_memcpy=1; e2e_bw=mixed","0.06463080168776372","1,7953000468823256e-08","0.00115126582278481","0","0","0.0","","0.0","0.0","8,509722222222222e-06","DE","0,09947","8,464620694444444e-07","0,0783099722222222","6,663961108410493e-07","0,09353","7,959143194444445e-07","0,0518570416666666","4,412890198495365e-07","0,10116","8,608435e-07","0,0950131388888888","8,085354194058635e-07","0,09947","8,464620694444444e-07","0,0783099722222222","6,663961108410493e-07","0,09947","1,785784956633849e-09","1,405898968019091e-09","8,464620694444446e-07","0,09353","1,6791441338490392e-09","9,309894933534527e-10","7,959143194444446e-07","0,10116","1,8161255274261603e-09","1,7057709270165901e-09","8,608435e-07","0,09947","1,785784956633849e-09","1,405898968019091e-09","8,464620694444446e-07","489,82","4,168232138888889e-06","22,25","1,8934131944444443e-07","875,38","7,449240638888889e-06","8,793738689639007e-09","4,16823213888889e-06","3,994542604313174e-10","1,8934131944444445e-07","1,57156975503985e-08","7,44924063888889e-06"
"2024-09-12 22:03:48+02:00","rock-tobefilledbyoem","AMD Ryzen Threadripper 3970X 32-Core Processor","0","kernel","1022","1.0","1.0087","1,0087","56,921","56.4","0","reduction","openblas","fp32","0","1022","262","1.0087","56.921","56.4","56.7","24528000000","24.32","kernel","kernel","0","AMD Ryzen Threadripper 3970X 32-Core Processor","","","","0","0","","","37.1","0","OPENBLAS_NUM_THREADS=1; e2e_host_memcpy=1; e2e_bw=mixed","0.05569569471624266","1,5471026310067407e-08","0.000986986301369863","0","0","","","","","1,581138888888889e-05","DE","0,09947","1,572758852777778e-06","0,0783099722222222","1,2381894246836418e-06","0,09353","1,478839202777778e-06","0,0518570416666666","8,199318524189805e-07","0,10116","1,5994801e-06","0,0950131388888888","1,5022896885262337e-06","0,09947","1,572758852777778e-06","0,0783099722222222","1,2381894246836418e-06","0,09947","1,538902987062405e-09","1,2115356405906472e-09","1,572758852777778e-06","0,09353","1,4470050907806046e-09","8,022816559872607e-10","1,478839202777778e-06","0,10116","1,5650490215264186e-09","1,4699507715520874e-09","1,5994801e-06","0,09947","1,538902987062405e-09","1,2115356405906472e-09","1,572758852777778e-06","489,82","7,744734505555557e-06","22,25","3,518034027777778e-07","875,38","1,3840973605555556e-05","7,578018107197217e-09","7,744734505555555e-06","3,4423033539899977e-10","3,5180340277777775e-07","1,3543027011306807e-08","1,3840973605555558e-05"
"2024-09-12 22:03:48+02:00","rock-tobefilledbyoem","AMD Ryzen Threadripper 3970X 32-Core Processor","0","e2e","262","1.0","1.0087","0,5752","32,606","56.7","0","reduction","openblas","fp32","0","1022","262","1.0087","56.921","56.4","56.7","3144000000","5.47","e2e","e2e","0","AMD Ryzen Threadripper 3970X 32-Core Processor","","","","0","0","","","37.1","0","OPENBLAS_NUM_THREADS=1; e2e_host_memcpy=1; e2e_bw=mixed","0.12445038167938932","3,456955046649704e-08","0.0021954198473282446","0","0","0.0","","0.0","0.0","9,057222222222225e-06","DE","0,09947","9,009218944444446e-07","0,0783099722222222","7,09270820632716e-07","0,09353","8,471219944444445e-07","0,0518570416666666","4,6968075016203653e-07","0,10116","9,162286e-07","0,0950131388888888","8,605551129475302e-07","0,09947","9,009218944444446e-07","0,0783099722222222","7,09270820632716e-07","0,09947","3,438633184902461e-09","2,707140536766092e-09","9,009218944444448e-07","0,09353","3,233290055131468e-09","1,792674618939071e-09","8,471219944444447e-07","0,10116","3,4970557251908403e-09","3,284561499799734e-09","9,162286000000004e-07","0,09947","3,438633184902461e-09","2,707140536766092e-09","9,009218944444448e-07","489,82","4,43640858888889e-06","22,25","2,0152319444444453e-07","875,38","7,928511188888892e-06","1,693285720949958e-08","4,436408588888891e-06","7,691724978795592e-10","2,0152319444444453e-07","3,026149308736218e-08","7,928511188888892e-06"
"2024-09-12 22:03:56+02:00","rock-tobefilledbyoem","AMD Ryzen Threadripper 3970X 32-Core Processor","0","kernel","701","1.0","1.0537","1,0537","59,544","56.5","0","reduction","openblas","fp32","0","701","218","1.0537","59.544","56.5","57.3","22432000000","21.29","kernel","kernel","0","AMD Ryzen Threadripper 3970X 32-Core Processor","","","","0","0","","","37.1","0","OPENBLAS_NUM_THREADS=1; e2e_host_memcpy=1; e2e_bw=mixed","0.08494151212553494","2,3594864479315266e-08","0.0015031383737517832","0","0","","","","","1,6539999999999997e-05","DE","0,09947","1,6452337999999995e-06","0,0783099722222222","1,295246940555555e-06","0,09353","1,5469862e-06","0,0518570416666666","8,577154691666654e-07","0,10116","1,6731863999999995e-06","0,0950131388888888","1,5715173172222207e-06","0,09947","1,6452337999999995e-06","0,0783099722222222","1,295246940555555e-06","0,09947","2,346981169757489e-09","1,8477131819622758e-09","1,6452338e-06","0,09353","2,206827674750357e-09","1,2235598704232035e-09","1,5469862e-06","0,10116","2,3868564907275323e-09","2,24182213583769e-09","1,6731864e-06","0,09947","2,346981169757489e-09","1,8477131819622758e-09","1,6452338e-06","489,82","8,101622799999998e-06","22,25","3,6801499999999995e-07","875,38","1,4478785199999998e-05","1,1557236519258204e-08","8,1016228e-06","5,249857346647647e-10","3,6801500000000006e-07","2,0654472467902994e-08","1,44787852e-05"
"2024-09-12 22:03:56+02:00","rock-tobefilledbyoem","AMD Ryzen Threadripper 3970X 32-Core Processor","0","e2e","218","1.0","1.0537","0,5782","33,147","57.3","0","reduction","openblas","fp32","0","701","218","1.0537","59.544","56.5","57.3","3488000000","6.03","e2e","e2e","0","AMD Ryzen Threadripper 3970X 32-Core Processor","","","","0","0","","","37.1","0","OPENBLAS_NUM_THREADS=1; e2e_host_memcpy=1; e2e_bw=mixed","0.15205045871559633","4,223623853211009e-08","0.0026522935779816517","0","0","0.0","","0.0","0.0","9,2075e-06","DE","0,09947","9,15870025e-07","0,0783099722222222","7,210390692361109e-07","0,09353","8,611774749999999e-07","0,0518570416666666","4,774737111458327e-07","0,10116","9,314307e-07","0,0950131388888888","8,748334763194436e-07","0,09947","9,15870025e-07","0,0783099722222222","7,210390692361109e-07","0,09947","4,201238646788991e-09","3,3075186662206927e-09","9,15870025e-07","0,09353","3,950355389908257e-09","2,190246381402902e-09","8,611774750000001e-07","0,10116","4,272617889908257e-09","4,0129975977956135e-09","9,314307e-07","0,09947","4,201238646788991e-09","3,3075186662206927e-09","9,15870025e-07","489,82","4,5100176499999995e-06","22,25","2,04866875e-07","875,38","8,06006135e-06","2,0688154357798164e-08","4,5100176499999995e-06","9,397563073394496e-10","2,0486687500000003e-07","3,697275848623853e-08","8,060061349999998e-06"
"2024-09-12 22:04:04+02:00","rock-tobefilledbyoem","AMD Ryzen Threadripper 3970X 32-Core Processor","0","kernel","426","1.0","1.0742","1,0742","60,916","56.7","0","reduction","openblas","fp32","0","426","129","1.0742","60.916","56.7","57.5","20448000000","19.04","kernel","kernel","0","AMD Ryzen Threadripper 3970X 32-Core Processor","","","","0","0","","","37.0","0","OPENBLAS_NUM_THREADS=1; e2e_host_memcpy=1; e2e_bw=mixed","0.14299530516431924","3,9720918101199787e-08","0.0025215962441314556","0","0","","","","","1,6921111111111112e-05","DE","0,09947","1,6831429222222224e-06","0,0783099722222222","1,3250917410802469e-06","0,09353","1,5826315222222224e-06","0,0518570416666666","8,774787639351842e-07","0,10116","1,7117396e-06","0,0950131388888888","1,6077278801543197e-06","0,09947","1,6831429222222224e-06","0,0783099722222222","1,3250917410802469e-06","0,09947","3,951039723526343e-09","3,1105439931461183e-09","1,683142922222222e-06","0,09353","3,715097470005216e-09","2,059809305012169e-09","1,582631522222222e-06","0,10116","4,01816807511737e-09","3,774009108343473e-09","1,7117396e-06","0,09947","3,951039723526343e-09","3,1105439931461183e-09","1,683142922222222e-06","489,82","8,288298644444445e-06","22,25","3,7649472222222225e-07","875,38","1,4812402244444445e-05","1,945610010432968e-08","8,288298644444445e-06","8,837904277516952e-10","3,7649472222222215e-07","3,4770897287428274e-08","1,4812402244444445e-05"
"2024-09-12 22:04:04+02:00","rock-tobefilledbyoem","AMD Ryzen Threadripper 3970X 32-Core Processor","0","e2e","129","1.0","1.0742","0,5338","30,714","57.5","0","reduction","openblas","fp32","0","426","129","1.0742","60.916","56.7","57.5","3096000000","5.8","e2e","e2e","0","AMD Ryzen Threadripper 3970X 32-Core Processor","","","","0","0","","","37.0","0","OPENBLAS_NUM_THREADS=1; e2e_host_memcpy=1; e2e_bw=mixed","0.23809302325581394","6,613695090439277e-08","0.0041379844961240315","0","0","0.0","","0.0","0.0","8,531666666666667e-06","DE","0,09947","8,486448833333334e-07","0,0783099722222222","6,681145796759258e-07","0,09353","7,979667833333333e-07","0,0518570416666666","4,424269938194439e-07","0,10116","8,630633999999999e-07","0,0950131388888888","8,10620429953703e-07","0,09947","8,486448833333334e-07","0,0783099722222222","6,681145796759258e-07","0,09947","6,578642506459949e-09","5,179182788185472e-09","8,486448833333334e-07","0,09353","6,1857890180878556e-09","3,4296666187553794e-09","7,979667833333333e-07","0,10116","6,690413953488372e-09","6,28387930196669e-09","8,630634e-07","0,09947","6,578642506459949e-09","5,179182788185472e-09","8,486448833333334e-07","489,82","4,1789809666666665e-06","22,25","1,8982958333333332e-07","875,38","7,468450366666666e-06","3,239520129198967e-08","4,178980966666667e-06","1,471547157622739e-09","1,8982958333333335e-07","5,789496408268735e-08","7,468450366666668e-06"
"2024-09-12 22:04:13+02:00","rock-tobefilledbyoem","AMD Ryzen Threadripper 3970X 32-Core Processor","0","kernel","318","1.0","1.045","1,045","59,212","56.7","0","reduction","openblas","fp32","0","318","110","1.045","59.212","56.7","57.5","20352000000","19.48","kernel","kernel","0","AMD Ryzen Threadripper 3970X 32-Core Processor","","","","0","0","","","37.0","0","OPENBLAS_NUM_THREADS=1; e2e_host_memcpy=1; e2e_bw=mixed","0.18620125786163524","5,172257162823203e-08","0.0032861635220125785","0","0","","","","","1,6447777777777777e-05","DE","0,09947","1,6360604555555557e-06","0,0783099722222222","1,288025020895061e-06","0,09353","1,5383606555555556e-06","0,0518570416666666","8,529330975462953e-07","0,10116","1,6638572e-06","0,0950131388888888","1,5627549944135788e-06","0,09947","1,6360604555555557e-06","0,0783099722222222","1,288025020895061e-06","0,09947","5,1448441998602394e-09","4,050393147468748e-09","1,636060455555556e-06","0,09353","4,837612124388541e-09","2,682179552032376e-09","1,5383606555555558e-06","0,10116","5,2322553459119515e-09","4,914323881803708e-09","1,6638572000000009e-06","0,09947","5,1448441998602394e-09","4,050393147468748e-09","1,636060455555556e-06","489,82","8,056450511111112e-06","22,25","3,6596305555555556e-07","875,38","1,439805571111111e-05","2,533475003494061e-08","8,056450511111113e-06","1,1508272187281625e-09","3,6596305555555567e-07","4,5276904751921747e-08","1,4398055711111116e-05"
"2024-09-12 22:04:13+02:00","rock-tobefilledbyoem","AMD Ryzen Threadripper 3970X 32-Core Processor","0","e2e","110","1.0","1.045","0,6006","34,525","57.5","0","reduction","openblas","fp32","0","318","110","1.045","59.212","56.7","57.5","3520000000","5.86","e2e","e2e","0","AMD Ryzen Threadripper 3970X 32-Core Processor","","","","0","0","","","37.0","0","OPENBLAS_NUM_THREADS=1; e2e_host_memcpy=1; e2e_bw=mixed","0.31386363636363634","8,718434343434344e-08","0.0054600000000000004","0","0","0.0","","0.0","0.0","9,590277777777776e-06","DE","0,09947","9,539449305555556e-07","0,0783099722222222","7,510143863811726e-07","0,09353","8,969786805555556e-07","0,0518570416666666","4,97323434317129e-07","0,10116","9,701525e-07","0,0950131388888888","9,11202394483024e-07","0,09947","9,539449305555556e-07","0,0783099722222222","7,510143863811726e-07","0,09947","8,672226641414143e-09","6,827403512556115e-09","9,539449305555558e-07","0,09353","8,154351641414142e-09","4,521122130155719e-09","8,969786805555556e-07","0,10116","8,819568181818183e-09","8,283658131663855e-09","9,701525e-07","0,09947","8,672226641414143e-09","6,827403512556115e-09","9,539449305555558e-07","489,82","4,69750986111111e-06","22,25","2,133836805555555e-07","875,38","8,395137361111108e-06","4,2704635101010105e-08","4,697509861111112e-06","1,9398516414141417e-09","2,133836805555556e-07","7,631943055555556e-08","8,395137361111113e-06"
"2024-09-12 22:04:21+02:00","rock-tobefilledbyoem","AMD Ryzen Threadripper 3970X 32-Core Processor","0","kernel","221","1.0","1.059","1,059","60,043","56.7","0","reduction","openblas","fp32","0","221","65","1.059","60.043","56.7","57.4","21216000000","20.03","kernel","kernel","0","AMD Ryzen Threadripper 3970X 32-Core Processor","","","","0","0","","","37.0","0","OPENBLAS_NUM_THREADS=1; e2e_host_memcpy=1; e2e_bw=mixed","0.2716877828054299","7,546882855706385e-08","0.004791855203619909","0","0","","","","","1,6678611111111112e-05","DE","0,09947","1,6590214472222224e-06","0,0783099722222222","1,3061015728163575e-06","0,09353","1,5599504972222225e-06","0,0518570416666666","8,649034313310175e-07","0,10116","1,6872083000000002e-06","0,0950131388888888","1,5846871939737642e-06","0,09947","1,6590214472222224e-06","0,0783099722222222","1,3061015728163575e-06","0,09947","7,506884376571142e-09","5,90996186794732e-09","1,6590214472222224e-06","0,09353","7,058599534942182e-09","3,913590187018179e-09","1,5599504972222225e-06","0,10116","7,634426696832581e-09","7,170530289474046e-09","1,6872083e-06","0,09947","7,506884376571142e-09","5,90996186794732e-09","1,6590214472222224e-06","489,82","8,169517294444446e-06","22,25","3,7109909722222226e-07","875,38","1,4600122594444446e-05","3,696614160382101e-08","8,169517294444443e-06","1,6791814353946709e-09","3,7109909722222226e-07","6,606390314228255e-08","1,4600122594444444e-05"
"2024-09-12 22:04:21+02:00","rock-tobefilledbyoem","AMD Ryzen Threadripper 3970X 32-Core Processor","0","e2e","65","1.0","1.059","0,529","30,355","57.4","0","reduction","openblas","fp32","0","221","65","1.059","60.043","56.7","57.4","3120000000","5.9","e2e","e2e","0","AMD Ryzen Threadripper 3970X 32-Core Processor","","","","0","0","","","37.0","0","OPENBLAS_NUM_THREADS=1; e2e_host_memcpy=1; e2e_bw=mixed","0.467","1,2972222222222228e-07","0.008138461538461539","0","0","0.0","","0.0","0.0","8,431944444444445e-06","DE","0,09947","8,38725513888889e-07","0,0783099722222222","6,603053352237654e-07","0,09353","7,88639763888889e-07","0,0518570416666666","4,372556943865736e-07","0,10116","8,529755000000001e-07","0,0950131388888888","8,011455086033945e-07","0,09947","8,38725513888889e-07","0,0783099722222222","6,603053352237654e-07","0,09947","1,2903469444444448e-08","1,015854361882716e-08","8,387255138888891e-07","0,09353","1,2132919444444448e-08","6,727010682870364e-09","7,886397638888892e-07","0,10116","1,3122700000000005e-08","1,23253155169753e-08","8,529755000000002e-07","0,09947","1,2903469444444448e-08","1,015854361882716e-08","8,387255138888891e-07","489,82","4,1301350277777784e-06","22,25","1,876107638888889e-07","875,38","7,3811555277777786e-06","6,354053888888893e-08","4,13013502777778e-06","2,886319444444446e-09","1,8761076388888899e-07","1,1355623888888894e-07","7,381155527777781e-06"
"2024-09-12 22:04:29+02:00","rock-tobefilledbyoem","AMD Ryzen Threadripper 3970X 32-Core Processor","0","kernel","167","1.0","1.0849","1,0849","61,392","56.6","0","reduction","openblas","fp32","0","167","56","1.0849","61.392","56.6","57.4","21376000000","19.7","kernel","kernel","0","AMD Ryzen Threadripper 3970X 32-Core Processor","","","","0","0","","","37.0","0","OPENBLAS_NUM_THREADS=1; e2e_host_memcpy=1; e2e_bw=mixed","0.36761676646706587","1,0211576846307388e-07","0.0064964071856287425","0","0","","","","","1,7053333333333335e-05","DE","0,09947","1,6962950666666669e-06","0,0783099722222222","1,3354460596296295e-06","0,09353","1,5949982666666668e-06","0,0518570416666666","8,843354172222212e-07","0,10116","1,7251152e-06","0,0950131388888888","1,6202907285185174e-06","0,09947","1,6962950666666669e-06","0,0783099722222222","1,3354460596296295e-06","0,09947","1,0157455489021958e-08","7,996682991794188e-09","1,6962950666666669e-06","0,09353","9,5508878243513e-09","5,295421660013301e-09","1,5949982666666668e-06","0,10116","1,0330031137724552e-08","9,702339691727648e-09","1,7251152000000003e-06","0,09947","1,0157455489021958e-08","7,996682991794188e-09","1,6962950666666669e-06","489,82","8,353063733333335e-06","22,25","3,7943666666666675e-07","875,38","1,4928146933333334e-05","5,001834570858285e-08","8,353063733333336e-06","2,272075848303394e-09","3,794366666666668e-07","8,939010139720561e-08","1,4928146933333337e-05"
"2024-09-12 22:04:29+02:00","rock-tobefilledbyoem","AMD Ryzen Threadripper 3970X 32-Core Processor","0","e2e","56","1.0","1.0849","0,6134","35,231","57.4","0","reduction","openblas","fp32","0","167","56","1.0849","61.392","56.6","57.4","3584000000","5.84","e2e","e2e","0","AMD Ryzen Threadripper 3970X 32-Core Processor","","","","0","0","","","37.0","0","OPENBLAS_NUM_THREADS=1; e2e_host_memcpy=1; e2e_bw=mixed","0.629125","1,7475694444444445e-07","0.010953571428571427","0","0","0.0","","0.0","0.0","9,78638888888889e-06","DE","0,09947","9,734521027777778e-07","0,0783099722222222","7,66371842044753e-07","0,09353","9,15320952777778e-07","0,0518570416666666","5,074931763773142e-07","0,10116","9,899911e-07","0,0950131388888888","9,298355267206784e-07","0,09947","9,734521027777778e-07","0,0783099722222222","7,66371842044753e-07","0,09947","1,738307326388889e-08","1,3685211465084874e-08","9,734521027777778e-07","0,09353","1,6345017013888892e-08","9,062378149594896e-09","9,153209527777778e-07","0,10116","1,7678412500000002e-08","1,6604205834297827e-08","9,899911000000002e-07","0,09947","1,738307326388889e-08","1,3685211465084874e-08","9,734521027777778e-07","489,82","4,7935690055555565e-06","22,25","2,177471527777778e-07","875,38","8,566809105555556e-06","8,559944652777779e-08","4,7935690055555565e-06","3,888342013888889e-09","2,1774715277777778e-07","1,5297873402777778e-07","8,566809105555556e-06"
"2024-09-12 22:04:37+02:00","rock-tobefilledbyoem","AMD Ryzen Threadripper 3970X 32-Core Processor","0","kernel","109","1.0","1.0589","1,0589","59,982","56.6","0","reduction","openblas","fp32","0","109","33","1.0589","59.982","56.6","57.4","20928000000","19.76","kernel","kernel","0","AMD Ryzen Threadripper 3970X 32-Core Processor","","","","0","0","","","37.0","0","OPENBLAS_NUM_THREADS=1; e2e_host_memcpy=1; e2e_bw=mixed","0.5502935779816513","1,5285932721712538e-07","0.009714678899082568","0","0","","","","","1,6661666666666667e-05","DE","0,09947","1,6573359833333333e-06","0,0783099722222222","1,3047746538425922e-06","0,09353","1,5583656833333334e-06","0,0518570416666666","8,640247425694434e-07","0,10116","1,6854942e-06","0,0950131388888888","1,583077249120369e-06","0,09947","1,6573359833333333e-06","0,0783099722222222","1,3047746538425922e-06","0,09947","1,5204917278287463e-08","1,1970409668280665e-08","1,6573359833333337e-06","0,09353","1,4296932874617737e-08","7,926832500637096e-09","1,5583656833333334e-06","0,10116","1,5463249541284405e-08","1,4523644487342837e-08","1,6854942e-06","0,09947","1,5204917278287463e-08","1,1970409668280665e-08","1,6573359833333337e-06","489,82","8,161217566666667e-06","22,25","3,707220833333333e-07","875,38","1,4585289766666667e-05","7,487355565749234e-08","8,161217566666665e-06","3,4011200305810396e-09","3,707220833333333e-07","1,338099978593272e-07","1,4585289766666665e-05"
"2024-09-12 22:04:37+02:00","rock-tobefilledbyoem","AMD Ryzen Threadripper 3970X 32-Core Processor","0","e2e","33","1.0","1.0589","0,5441","31,207","57.4","0","reduction","openblas","fp32","0","109","33","1.0589","59.982","56.6","57.4","3168000000","5.82","e2e","e2e","0","AMD Ryzen Threadripper 3970X 32-Core Processor","","","","0","0","","","37.0","0","OPENBLAS_NUM_THREADS=1; e2e_host_memcpy=1; e2e_bw=mixed","0.9456666666666667","2,626851851851852e-07","0.016487878787878787","0","0","0.0","","0.0","0.0","8,668611111111111e-06","DE","0,09947","8,622667472222222e-07","0,0783099722222222","6,788386953163578e-07","0,09353","8,107751972222222e-07","0,0518570416666666","4,4952852758101794e-07","0,10116","8,769166999999999e-07","0,0950131388888888","8,236319514737647e-07","0,09947","8,622667472222222e-07","0,0783099722222222","6,788386953163578e-07","0,09947","2,6129295370370374e-08","2,0570869555041153e-08","8,622667472222223e-07","0,09353","2,4568945370370373e-08","1,3622076593364184e-08","8,107751972222223e-07","0,10116","2,6573233333333336e-08","2,4958543984053482e-08","8,769167000000001e-07","0,09947","2,6129295370370374e-08","2,0570869555041153e-08","8,622667472222223e-07","489,82","4,246059094444444e-06","22,25","1,9287659722222222e-07","875,38","7,588328794444444e-06","1,286684574074074e-07","4,246059094444444e-06","5,844745370370371e-09","1,9287659722222225e-07","2,2994935740740743e-07","7,588328794444445e-06"
"2024-09-12 22:04:46+02:00","rock-tobefilledbyoem","AMD Ryzen Threadripper 3970X 32-Core Processor","0","kernel","83","1.0","1.0499","1,0499","59,49","56.7","0","reduction","openblas","fp32","0","83","28","1.0499","59.49","56.7","57.4","21248000000","20.24","kernel","kernel","0","AMD Ryzen Threadripper 3970X 32-Core Processor","","","","0","0","","","37.0","0","OPENBLAS_NUM_THREADS=1; e2e_host_memcpy=1; e2e_bw=mixed","0.7167469879518072","1,990963855421687e-07","0.012649397590361447","0","0","","","","","1,6525000000000002e-05","DE","0,09947","1,6437417500000005e-06","0,0783099722222222","1,294072290972222e-06","0,09353","1,5455832500000003e-06","0,0518570416666666","8,569376135416657e-07","0,10116","1,6716690000000002e-06","0,0950131388888888","1,5700921201388878e-06","0,09947","1,6437417500000005e-06","0,0783099722222222","1,294072290972222e-06","0,09947","1,980411746987952e-08","1,5591232421352074e-08","1,6437417500000005e-06","0,09353","1,862148493975904e-08","1,032454956074296e-08","1,5455832500000003e-06","0,10116","2,014059036144579e-08","1,891677253179383e-08","1,6716690000000002e-06","0,09947","1,980411746987952e-08","1,5591232421352074e-08","1,6437417500000005e-06","489,82","8,094275500000001e-06","22,25","3,6768125000000006e-07","875,38","1,4465654500000002e-05","9,752139156626508e-08","8,094275500000001e-06","4,429894578313254e-09","3,676812500000001e-07","1,7428499397590364e-07","1,4465654500000002e-05"
"2024-09-12 22:04:46+02:00","rock-tobefilledbyoem","AMD Ryzen Threadripper 3970X 32-Core Processor","0","e2e","28","1.0","1.0499","0,6014","34,549","57.4","0","reduction","openblas","fp32","0","83","28","1.0499","59.49","56.7","57.4","3584000000","5.96","e2e","e2e","0","AMD Ryzen Threadripper 3970X 32-Core Processor","","","","0","0","","","37.0","0","OPENBLAS_NUM_THREADS=1; e2e_host_memcpy=1; e2e_bw=mixed","1.2338928571428571","3,4274801587301586e-07","0.02147857142857143","0","0","0.0","","0.0","0.0","9,596944444444444e-06","DE","0,09947","9,546080638888887e-07","0,0783099722222222","7,51536452862654e-07","0,09353","8,976022138888888e-07","0,0518570416666666","4,976691479282401e-07","0,10116","9,708268999999998e-07","0,0950131388888888","9,118358154089496e-07","0,09947","9,546080638888887e-07","0,0783099722222222","7,51536452862654e-07","0,09947","3,4093145138888895e-08","2,6840587602237652e-08","9,54608063888889e-07","0,09353","3,2057221924603174e-08","1,777389814029429e-08","8,976022138888888e-07","0,10116","3,4672389285714294e-08","3,256556483603392e-08","9,708269e-07","0,09947","3,4093145138888895e-08","2,6840587602237652e-08","9,54608063888889e-07","489,82","4,700775327777777e-06","22,25","2,1353201388888887e-07","875,38","8,400973227777777e-06","1,6788483313492062e-07","4,700775327777778e-06","7,626143353174604e-09","2,135320138888889e-07","3,000347581349206e-07","8,400973227777777e-06"
"2024-09-12 22:04:54+02:00","rock-tobefilledbyoem","AMD Ryzen Threadripper 3970X 32-Core Processor","0","kernel","56","1.0","1.0462","1,0462","59,258","56.6","0","reduction","openblas","fp32","0","56","17","1.0462","59.258","56.6","57.4","21504000000","20.55","kernel","kernel","0","AMD Ryzen Threadripper 3970X 32-Core Processor","","","","0","0","","","37.0","0","OPENBLAS_NUM_THREADS=1; e2e_host_memcpy=1; e2e_bw=mixed","1.0581785714285714","2,939384920634921e-07","0.01868214285714286","0","0","","","","","1,6460555555555557e-05","DE","0,09947","1,637331461111111e-06","0,0783099722222222","1,2890256483179011e-06","0,09353","1,5395557611111112e-06","0,0518570416666666","8,53595715300925e-07","0,10116","1,6651498000000002e-06","0,0950131388888888","1,5639690511882705e-06","0,09947","1,637331461111111e-06","0,0783099722222222","1,2890256483179011e-06","0,09947","2,9238061805555563e-08","2,301831514853395e-08","1,637331461111111e-06","0,09353","2,7492067162698417e-08","1,524278063037366e-08","1,5395557611111112e-06","0,10116","2,9734817857142864e-08","2,7928018771219117e-08","1,6651498000000002e-06","0,09947","2,9238061805555563e-08","2,301831514853395e-08","1,637331461111111e-06","489,82","8,062709322222222e-06","22,25","3,662473611111112e-07","875,38","1,4409241122222224e-05","1,4397695218253968e-07","8,062709322222222e-06","6,540131448412699e-09","3,6624736111111113e-07","2,5730787718253967e-07","1,4409241122222222e-05"
"2024-09-12 22:04:54+02:00","rock-tobefilledbyoem","AMD Ryzen Threadripper 3970X 32-Core Processor","0","e2e","17","1.0","1.0462","0,5442","31,221","57.4","0","reduction","openblas","fp32","0","56","17","1.0462","59.258","56.6","57.4","3264000000","6.0","e2e","e2e","0","AMD Ryzen Threadripper 3970X 32-Core Processor","","","","0","0","","","37.0","0","OPENBLAS_NUM_THREADS=1; e2e_host_memcpy=1; e2e_bw=mixed","1.836529411764706","5,101470588235294e-07","0.03201176470588235","0","0","0.0","","0.0","0.0","8,6725e-06","DE","0,09947","8,626535750000001e-07","0,0783099722222222","6,791432340972221e-07","0,09353","8,11138925e-07","0,0518570416666666","4,4973019385416613e-07","0,10116","8,773101000000001e-07","0,0950131388888888","8,240014470138882e-07","0,09947","8,626535750000001e-07","0,0783099722222222","6,791432340972221e-07","0,09947","5,074432794117647e-08","3,9949602005718944e-08","8,626535750000001e-07","0,09353","4,77140544117647e-08","2,645471728553918e-08","8,111389249999999e-07","0,10116","5,160647647058824e-08","4,847067335375813e-08","8,773101e-07","0,09947","5,074432794117647e-08","3,9949602005718944e-08","8,626535750000001e-07","489,82","4,24796395e-06","22,25","1,92963125e-07","875,38","7,591733050000001e-06","2,4988023235294117e-07","4,24796395e-06","1,135077205882353e-08","1,92963125e-07","4,4657253235294114e-07","7,591733049999999e-06"
"2024-09-12 22:05:02+02:00","rock-tobefilledbyoem","AMD Ryzen Threadripper 3970X 32-Core Processor","0","kernel","42","1.0","1.0595","1,0595","60,116","56.7","0","reduction","openblas","fp32","0","42","14","1.0595","60.116","56.7","57.3","21504000000","20.3","kernel","kernel","0","AMD Ryzen Threadripper 3970X 32-Core Processor","","","","0","0","","","37.0","0","OPENBLAS_NUM_THREADS=1; e2e_host_memcpy=1; e2e_bw=mixed","1.4313333333333333","3,975925925925926e-07","0.02522619047619048","0","0","","","","","1,6698888888888888e-05","DE","0,09947","1,6610384777777778e-06","0,0783099722222222","1,3076895250308638e-06","0,09353","1,5618470777777776e-06","0,0518570416666666","8,65954976898147e-07","0,10116","1,6892595999999998e-06","0,0950131388888888","1,586613849290122e-06","0,09947","1,6610384777777778e-06","0,0783099722222222","1,3076895250308638e-06","0,09947","3,954853518518519e-08","3,1135464881687245e-08","1,6610384777777778e-06","0,09353","3,718683518518518e-08","2,0617975640432077e-08","1,5618470777777776e-06","0,10116","4,0220466666666666e-08","3,777652022119338e-08","1,6892596e-06","0,09947","3,954853518518519e-08","3,1135464881687245e-08","1,6610384777777778e-06","489,82","8,179449755555556e-06","22,25","3,715502777777778e-07","875,38","1,4617873355555555e-05","1,947488037037037e-07","8,179449755555555e-06","8,846435185185185e-09","3,715502777777778e-07","3,480446037037037e-07","1,4617873355555555e-05"
"2024-09-12 22:05:02+02:00","rock-tobefilledbyoem","AMD Ryzen Threadripper 3970X 32-Core Processor","0","e2e","14","1.0","1.0595","0,6096","34,932","57.3","0","reduction","openblas","fp32","0","42","14","1.0595","60.116","56.7","57.3","3584000000","5.88","e2e","e2e","0","AMD Ryzen Threadripper 3970X 32-Core Processor","","","","0","0","","","37.0","0","OPENBLAS_NUM_THREADS=1; e2e_host_memcpy=1; e2e_bw=mixed","2.495142857142857","6,930952380952381e-07","0.04354285714285715","0","0","0.0","","0.0","0.0","9,703333333333334e-06","DE","0,09947","9,651905666666668e-07","0,0783099722222222","7,598677637962962e-07","0,09353","9,075527666666668e-07","0,0518570416666666","5,031861609722217e-07","0,10116","9,815892e-07","0,0950131388888888","9,219441576851844e-07","0,09947","9,651905666666668e-07","0,0783099722222222","7,598677637962962e-07","0,09947","6,894218333333335e-08","5,427626884259258e-08","9,651905666666668e-07","0,09353","6,482519761904762e-08","3,594186864087297e-08","9,075527666666668e-07","0,10116","7,011351428571428e-08","6,585315412037032e-08","9,815892e-07","0,09947","6,894218333333335e-08","5,427626884259258e-08","9,651905666666668e-07","489,82","4,752886733333334e-06","22,25","2,158991666666667e-07","875,38","8,494103933333333e-06","3,3949190952380954e-07","4,752886733333334e-06","1,5421369047619046e-08","2,1589916666666664e-07","6,067217095238095e-07","8,494103933333333e-06"
"2024-09-12 22:05:11+02:00","rock-tobefilledbyoem","AMD Ryzen Threadripper 3970X 32-Core Processor","0","kernel","29","1.0","1.0683","1,0683","60,485","56.6","0","reduction","openblas","fp32","0","29","9","1.0683","60.485","56.6","57.3","22272000000","20.85","kernel","kernel","0","AMD Ryzen Threadripper 3970X 32-Core Processor","","","","0","0","","","37.2","0","OPENBLAS_NUM_THREADS=1; e2e_host_memcpy=1; e2e_bw=mixed","2.0856896551724136","5,793582375478927e-07","0.03683793103448276","0","0","","","","","1,680138888888889e-05","DE","0,09947","1,6712341527777778e-06","0,0783099722222222","1,3157162971836415e-06","0,09353","1,571433902777778e-06","0,0518570416666666","8,712703236689804e-07","0,10116","1,6996285e-06","0,0950131388888888","1,5963526960262333e-06","0,09947","1,6712341527777778e-06","0,0783099722222222","1,3157162971836415e-06","0,09947","5,7628763888888895e-08","4,536952748909109e-08","1,6712341527777778e-06","0,09353","5,4187375957854415e-08","3,00438042644476e-08","1,571433902777778e-06","0,10116","5,8607879310344834e-08","5,504664469055977e-08","1,6996285e-06","0,09947","5,7628763888888895e-08","4,536952748909109e-08","1,6712341527777778e-06","489,82","8,229656305555555e-06","22,25","3,738309027777778e-07","875,38","1,4707599805555557e-05","2,837812519157088e-07","8,229656305555555e-06","1,2890720785440612e-08","3,7383090277777773e-07","5,071586139846744e-07","1,4707599805555558e-05"
"2024-09-12 22:05:11+02:00","rock-tobefilledbyoem","AMD Ryzen Threadripper 3970X 32-Core Processor","0","e2e","9","1.0","1.0683","0,5744","32,919","57.3","0","reduction","openblas","fp32","0","29","9","1.0683","60.485","56.6","57.3","3456000000","6.02","e2e","e2e","0","AMD Ryzen Threadripper 3970X 32-Core Processor","","","","0","0","","","37.2","0","OPENBLAS_NUM_THREADS=1; e2e_host_memcpy=1; e2e_bw=mixed","3.657666666666666","1,0160185185185184e-06","0.06382222222222222","0","0","0.0","","0.0","0.0","9,144166666666666e-06","DE","0,09947","9,095702583333332e-07","0,0783099722222222","7,160794376620369e-07","0,09353","8,552539083333333e-07","0,0518570416666666","4,7418943184027726e-07","0,10116","9,250239e-07","0,0950131388888888","8,688159775231473e-07","0,09947","9,095702583333332e-07","0,0783099722222222","7,160794376620369e-07","0,09947","1,0106336203703703e-07","7,956438196244853e-08","9,095702583333332e-07","0,09353","9,502821203703704e-08","5,2687714648919686e-08","8,552539083333333e-07","0,10116","1,0278043333333333e-07","9,653510861368305e-08","9,250239e-07","0,09947","1,0106336203703703e-07","7,956438196244853e-08","9,095702583333332e-07","489,82","4,4789957166666665e-06","22,25","2,0345770833333332e-07","875,38","8,004620616666666e-06","4,976661907407406e-07","4,478995716666665e-06","2,2606412037037035e-08","2,0345770833333332e-07","8,894022907407405e-07","8,004620616666665e-06"
"2024-09-12 22:05:20+02:00","rock-tobefilledbyoem","AMD Ryzen Threadripper 3970X 32-Core Processor","0","kernel","22","1.0","1.0898","1,0898","61,951","56.8","0","reduction","openblas","fp32","0","22","7","1.0898","61.951","56.8","57.2","22528000000","20.67","kernel","kernel","0","AMD Ryzen Threadripper 3970X 32-Core Processor","","","","0","0","","","37.1","0","OPENBLAS_NUM_THREADS=1; e2e_host_memcpy=1; e2e_bw=mixed","2.8159545454545456","7,82209595959596e-07","0.04953636363636364","0","0","","","","","1,7208611111111112e-05","DE","0,09947","1,7117405472222223e-06","0,0783099722222222","1,3476058580941355e-06","0,09353","1,6095213972222225e-06","0,0518570416666666","8,923876634143508e-07","0,10116","1,7408231e-06","0,0950131388888888","1,6350441575848752e-06","0,09947","1,7117405472222223e-06","0,0783099722222222","1,3476058580941355e-06","0,09947","7,780638851010102e-08","6,125481173155163e-08","1,711740547222222e-06","0,09353","7,316006351010102e-08","4,0563075609743216e-08","1,609521397222222e-06","0,10116","7,912832272727274e-08","7,432018898113069e-08","1,7408231e-06","0,09947","7,780638851010102e-08","6,125481173155163e-08","1,711740547222222e-06","489,82","8,429121894444445e-06","22,25","3,8289159722222225e-07","875,38","1,5064073994444446e-05","3,831419042929293e-07","8,429121894444445e-06","1,740416351010101e-08","3,828915972222222e-07","6,847306361111111e-07","1,5064073994444444e-05"
"2024-09-12 22:05:20+02:00","rock-tobefilledbyoem","AMD Ryzen Threadripper 3970X 32-Core Processor","0","e2e","7","1.0","1.0898","0,6107","34,939","57.2","0","reduction","openblas","fp32","0","22","7","1.0898","61.951","56.8","57.2","3584000000","5.87","e2e","e2e","0","AMD Ryzen Threadripper 3970X 32-Core Processor","","","","0","0","","","37.1","0","OPENBLAS_NUM_THREADS=1; e2e_host_memcpy=1; e2e_bw=mixed","4.9912857142857145","1,386468253968254e-06","0.08724285714285715","0","0","0.0","","0.0","0.0","9,705277777777776e-06","DE","0,09947","9,653839805555556e-07","0,0783099722222222","7,600200331867282e-07","0,09353","9,077346305555556e-07","0,0518570416666666","5,032869941087956e-07","0,10116","9,817859e-07","0,0950131388888888","9,22128905455246e-07","0,09947","9,653839805555556e-07","0,0783099722222222","7,600200331867282e-07","0,09947","1,3791199722222226e-07","1,085742904552469e-07","9,653839805555556e-07","0,09353","1,296763757936508e-07","7,189814201554226e-08","9,077346305555556e-07","0,10116","1,402551285714286e-07","1,317327007793209e-07","9,817859000000002e-07","0,09947","1,3791199722222226e-07","1,085742904552469e-07","9,653839805555556e-07","489,82","4,75383916111111e-06","22,25","2,159424305555555e-07","875,38","8,495806061111109e-06","6,791198801587303e-07","4,7538391611111114e-06","3,084891865079365e-08","2,1594243055555556e-07","1,21368658015873e-06","8,49580606111111e-06"
"2024-09-12 22:05:29+02:00","rock-tobefilledbyoem","AMD Ryzen Threadripper 3970X 32-Core Processor","0","kernel","17","1.0","1.0542","1,0542","59,756","56.7","0","reduction","openblas","fp32","0","17","7","1.0542","59.756","56.7","57.3","21760000000","20.64","kernel","kernel","0","AMD Ryzen Threadripper 3970X 32-Core Processor","","","","0","0","","","37.2","0","OPENBLAS_NUM_THREADS=1; e2e_host_memcpy=1; e2e_bw=mixed","3.5150588235294116","9,7640522875817e-07","0.062011764705882357","0","0","","","","","1,659888888888889e-05","DE","0,09947","1,651091477777778e-06","0,0783099722222222","1,2998585278086417e-06","0,09353","1,5524940777777778e-06","0,0518570416666666","8,607692727314804e-07","0,10116","1,6791436e-06","0,0950131388888888","1,577112535401233e-06","0,09947","1,651091477777778e-06","0,0783099722222222","1,2998585278086417e-06","0,09947","9,712302810457519e-08","7,646226634168483e-08","1,651091477777778e-06","0,09353","9,132318104575165e-08","5,063348663126356e-08","1,552494077777778e-06","0,10116","9,877315294117649e-08","9,277132561183727e-08","1,6791436e-06","0,09947","9,712302810457519e-08","7,646226634168483e-08","1,651091477777778e-06","489,82","8,130467755555557e-06","22,25","3,693252777777778e-07","875,38","1,4530335355555555e-05","4,782628091503269e-07","8,130467755555557e-06","2,1725016339869283e-08","3,693252777777778e-07","8,547256091503269e-07","1,4530335355555559e-05"
"2024-09-12 22:05:29+02:00","rock-tobefilledbyoem","AMD Ryzen Threadripper 3970X 32-Core Processor","0","e2e","7","1.0","1.0542","0,746","42,756","57.3","0","reduction","openblas","fp32","0","17","7","1.0542","59.756","56.7","57.3","4480000000","6.01","e2e","e2e","0","AMD Ryzen Threadripper 3970X 32-Core Processor","","","","0","0","","","37.2","0","OPENBLAS_NUM_THREADS=1; e2e_host_memcpy=1; e2e_bw=mixed","6.108","1,6966666666666666e-06","0.10657142857142857","0","0","0.0","","0.0","0.0","1,1876666666666666e-05","DE","0,09947","1,1813720333333332e-06","0,0783099722222222","9,30061436759259e-07","0,09353","1,1108246333333332e-06","0,0518570416666666","6,158887981944436e-07","0,10116","1,2014436e-06","0,0950131388888888","1,128439379537036e-06","0,09947","1,1813720333333332e-06","0,0783099722222222","9,30061436759259e-07","0,09947","1,6876743333333333e-07","1,32865919537037e-07","1,1813720333333332e-06","0,09353","1,5868923333333332e-07","8,798411402777768e-08","1,1108246333333332e-06","0,10116","1,716348e-07","1,61205625648148e-07","1,2014436e-06","0,09947","1,6876743333333333e-07","1,32865919537037e-07","1,1813720333333332e-06","489,82","5,817428866666666e-06","22,25","2,642558333333333e-07","875,38","1,0396596466666667e-05","8,310612666666667e-07","5,8174288666666665e-06","3,7750833333333334e-08","2,6425583333333334e-07","1,4852280666666667e-06","1,0396596466666667e-05"
"2024-09-12 22:05:39+02:00","rock-tobefilledbyoem","AMD Ryzen Threadripper 3970X 32-Core Processor","0","kernel","15","1.0","1.1149","1,1149","63,153","56.6","0","reduction","openblas","fp32","0","15","6","1.1149","63.153","56.6","57.3","23040000000","20.67","kernel","kernel","0","AMD Ryzen Threadripper 3970X 32-Core Processor","","","","0","0","","","37.2","0","OPENBLAS_NUM_THREADS=1; e2e_host_memcpy=1; e2e_bw=mixed","4.2101999999999995","1,1694999999999998e-06","0.07432666666666667","0","0","","","","","1,75425e-05","DE","0,09947","1,744952475e-06","0,0783099722222222","1,373752687708333e-06","0,09353","1,640750025e-06","0,0518570416666666","9,097021534374988e-07","0,10116","1,7745993e-06","0,0950131388888888","1,666767988958332e-06","0,09947","1,744952475e-06","0,0783099722222222","1,373752687708333e-06","0,09947","1,1633016500000001e-07","9,158351251388885e-08","1,744952475e-06","0,09353","1,0938333499999999e-07","6,064681022916659e-08","1,6407500249999997e-06","0,10116","1,1830661999999997e-07","1,1111786593055545e-07","1,7745992999999995e-06","0,09947","1,1633016500000001e-07","9,158351251388885e-08","1,744952475e-06","489,82","8,59266735e-06","22,25","3,90320625e-07","875,38","1,535635365e-05","5,728444899999999e-07","8,592667349999999e-06","2,6021374999999996e-08","3,9032062499999995e-07","1,0237569099999998e-06","1,5356353649999998e-05"
"2024-09-12 22:05:39+02:00","rock-tobefilledbyoem","AMD Ryzen Threadripper 3970X 32-Core Processor","0","e2e","6","1.0","1.1149","0,7665","43,901","57.3","0","reduction","openblas","fp32","0","15","6","1.1149","63.153","56.6","57.3","4608000000","6.01","e2e","e2e","0","AMD Ryzen Threadripper 3970X 32-Core Processor","","","","0","0","","","37.2","0","OPENBLAS_NUM_THREADS=1; e2e_host_memcpy=1; e2e_bw=mixed","7.316833333333334","2,032453703703704e-06","0.12775","0","0","0.0","","0.0","0.0","1,2194722222222223e-05","DE","0,09947","1,2130090194444446e-06","0,0783099722222222","9,54968358479938e-07","0,09353","1,1405723694444443e-06","0,0518570416666666","6,32382218391203e-07","0,10116","1,2336181000000002e-06","0,0950131388888888","1,1586588362114188e-06","0,09947","1,2130090194444446e-06","0,0783099722222222","9,54968358479938e-07","0,09947","2,0216816990740746e-07","1,591613930799897e-07","1,2130090194444446e-06","0,09353","1,9009539490740745e-07","1,0539703639853384e-07","1,1405723694444443e-06","0,10116","2,056030166666667e-07","1,931098060352365e-07","1,2336181e-06","0,09947","2,0216816990740746e-07","1,591613930799897e-07","1,2130090194444446e-06","489,82","5,97321883888889e-06","22,25","2,7133256944444447e-07","875,38","1,067501593888889e-05","9,955364731481483e-07","5,97321883888889e-06","4,522209490740741e-08","2,7133256944444447e-07","1,7791693231481484e-06","1,0675015938888891e-05"
"2024-09-12 22:05:48+02:00","rock-tobefilledbyoem","AMD Ryzen Threadripper 3970X 32-Core Processor","0","kernel","11","1.0","1.0835","1,0835","61,388","56.7","0","reduction","openblas","fp32","0","11","4","1.0835","61.388","56.7","57.4","22528000000","20.79","kernel","kernel","0","AMD Ryzen Threadripper 3970X 32-Core Processor","","","","0","0","","","37.2","0","OPENBLAS_NUM_THREADS=1; e2e_host_memcpy=1; e2e_bw=mixed","5.580727272727272","1,55020202020202e-06","0.09849999999999999","0","0","","","","","1,705222222222222e-05","DE","0,09947","1,6961845444444443e-06","0,0783099722222222","1,3353590485493822e-06","0,09353","1,5948943444444443e-06","0,0518570416666666","8,842777982870358e-07","0,10116","1,7250027999999998e-06","0,0950131388888888","1,620185158364196e-06","0,09947","1,6961845444444443e-06","0,0783099722222222","1,3353590485493822e-06","0,09947","1,5419859494949498e-07","1,2139627714085293e-07","1,6961845444444443e-06","0,09353","1,4499039494949493e-07","8,03888907533669e-08","1,594894344444444e-06","0,10116","1,5681843636363634e-07","1,4728955985129056e-07","1,7250027999999998e-06","0,09947","1,5419859494949498e-07","1,2139627714085293e-07","1,6961845444444443e-06","489,82","8,352519488888888e-06","22,25","3,7941194444444437e-07","875,38","1,4927174288888886e-05","7,593199535353535e-07","8,352519488888888e-06","3,449199494949494e-08","3,7941194444444437e-07","1,3570158444444443e-06","1,4927174288888888e-05"
"2024-09-12 22:05:48+02:00","rock-tobefilledbyoem","AMD Ryzen Threadripper 3970X 32-Core Processor","0","e2e","4","1.0","1.0835","0,6783","38,93","57.4","0","reduction","openblas","fp32","0","11","4","1.0835","61.388","56.7","57.4","4096000000","6.04","e2e","e2e","0","AMD Ryzen Threadripper 3970X 32-Core Processor","","","","0","0","","","37.2","0","OPENBLAS_NUM_THREADS=1; e2e_host_memcpy=1; e2e_bw=mixed","9.7325","2,7034722222222223e-06","0.169575","0","0","0.0","","0.0","0.0","1,081388888888889e-05","DE","0,09947","1,075657527777778e-06","0,0783099722222222","8,468353385030863e-07","0,09353","1,0114230277777778e-06","0,0518570416666666","5,607762866898142e-07","0,10116","1,093933e-06","0,0950131388888888","1,0274615269290114e-06","0,09947","1,075657527777778e-06","0,0783099722222222","8,468353385030863e-07","0,09947","2,689143819444445e-07","2,1170883462577162e-07","1,075657527777778e-06","0,09353","2,5285575694444445e-07","1,4019407167245356e-07","1,0114230277777778e-06","0,10116","2,7348325e-07","2,568653817322529e-07","1,093933e-06","0,09947","2,689143819444445e-07","2,1170883462577162e-07","1,075657527777778e-06","489,82","5,296859055555556e-06","22,25","2,406090277777778e-07","875,38","9,466262055555557e-06","1,324214763888889e-06","5,296859055555556e-06","6,015225694444445e-08","2,406090277777778e-07","2,366565513888889e-06","9,466262055555557e-06"
"2024-09-12 22:05:59+02:00","rock-tobefilledbyoem","AMD Ryzen Threadripper 3970X 32-Core Processor","0","kernel","8","1.0","1.1913","1,1913","67,487","56.6","0","reduction","openblas","fp32","0","8","3","1.1913","67.487","56.6","57.3","24576000000","20.63","kernel","kernel","0","AMD Ryzen Threadripper 3970X 32-Core Processor","","","","0","0","","","37.2","0","OPENBLAS_NUM_THREADS=1; e2e_host_memcpy=1; e2e_bw=mixed","8.435875","2,343298611111111e-06","0.1489125","0","0","","","","","1,874638888888889e-05","DE","0,09947","1,8647033027777777e-06","0,0783099722222222","1,468029193155864e-06","0,09353","1,7533497527777777e-06","0,0518570416666666","9,72132269710647e-07","0,10116","1,8963847e-06","0,0950131388888888","1,7811532511651218e-06","0,09947","1,8647033027777777e-06","0,0783099722222222","1,468029193155864e-06","0,09947","2,3308791284722226e-07","1,8350364914448299e-07","1,8647033027777777e-06","0,09353","2,191687190972222e-07","1,2151653371383086e-07","1,7533497527777777e-06","0,10116","2,370480875e-07","2,2264415639564025e-07","1,8963847e-06","0,09947","2,3308791284722226e-07","1,8350364914448299e-07","1,8647033027777777e-06","489,82","9,182356205555555e-06","22,25","4,171071527777778e-07","875,38","1,6410213905555554e-05","1,1477945256944444e-06","9,182356205555555e-06","5,213839409722222e-08","4,171071527777778e-07","2,0512767381944443e-06","1,6410213905555554e-05"
"2024-09-12 22:05:59+02:00","rock-tobefilledbyoem","AMD Ryzen Threadripper 3970X 32-Core Processor","0","e2e","3","1.0","1.1913","0,774","44,373","57.3","0","reduction","openblas","fp32","0","8","3","1.1913","67.487","56.6","57.3","4608000000","5.95","e2e","e2e","0","AMD Ryzen Threadripper 3970X 32-Core Processor","","","","0","0","","","37.2","0","OPENBLAS_NUM_THREADS=1; e2e_host_memcpy=1; e2e_bw=mixed","14.790999999999999","4,108611111111111e-06","0.258","0","0","0.0","","0.0","0.0","1,2325833333333332e-05","DE","0,09947","1,2260506416666666e-06","0,0783099722222222","9,65235665949074e-07","0,09353","1,1528351916666669e-06","0,0518570416666666","6,391812527430548e-07","0,10116","1,2468813e-06","0,0950131388888888","1,1711161144212952e-06","0,09947","1,2260506416666666e-06","0,0783099722222222","9,65235665949074e-07","0,09947","4,0868354722222236e-07","3,217452219830246e-07","1,2260506416666668e-06","0,09353","3,842783972222223e-07","2,1306041758101826e-07","1,1528351916666669e-06","0,10116","4,1562710000000004e-07","3,903720381404318e-07","1,2468813000000002e-06","0,09947","4,0868354722222236e-07","3,217452219830246e-07","1,2260506416666668e-06","489,82","6,037439683333332e-06","22,25","2,7424979166666665e-07","875,38","1,0789787983333333e-05","2,0124798944444445e-06","6,037439683333333e-06","9,141659722222223e-08","2,742497916666667e-07","3,5965959944444446e-06","1,0789787983333334e-05"
