OpenBLAS backend=pthreads | config=OpenBLAS 0.3.30 NO_LAPACKE DYNAMIC_ARCH NO_AFFINITY Zen MAX_THREADS=128
STRIDED_GEMM(ld=2N) | AMD Ryzen Threadripper 3970X 32-Core Processor | session=strided_gemm_amd_20260719_175453_session1 | reps=10 | configs=81 | DRAM-RAPL=no
[OpenBLAS] requested=64 active=64
[STRIDED_GEMM] N=512 threads=64 rep=1 batches=2000 time=1.125 s | package=274.804 J | dram=NA | total=274.804 J | power=244.4 W | runtime=in_range | checksum=OK
[STRIDED_GEMM] N=512 threads=64 rep=2 batches=2000 time=1.147 s | package=277.678 J | dram=NA | total=277.678 J | power=242.0 W | runtime=in_range | checksum=OK
[STRIDED_GEMM] N=512 threads=64 rep=3 batches=2000 time=1.160 s | package=279.665 J | dram=NA | total=279.665 J | power=241.1 W | runtime=in_range | checksum=OK
[STRIDED_GEMM] N=512 threads=64 rep=4 batches=2000 time=1.227 s | package=294.648 J | dram=NA | total=294.648 J | power=240.2 W | runtime=in_range | checksum=OK
[STRIDED_GEMM] N=512 threads=64 rep=5 batches=2000 time=1.223 s | package=293.900 J | dram=NA | total=293.900 J | power=240.2 W | runtime=in_range | checksum=OK
[STRIDED_GEMM] N=512 threads=64 rep=6 batches=2000 time=1.025 s | package=249.553 J | dram=NA | total=249.553 J | power=243.5 W | runtime=in_range | checksum=OK
[STRIDED_GEMM] N=512 threads=64 rep=7 batches=2000 time=1.268 s | package=305.633 J | dram=NA | total=305.633 J | power=241.0 W | runtime=above | checksum=OK
[STRIDED_GEMM] N=512 threads=64 rep=8 batches=2000 time=1.273 s | package=303.351 J | dram=NA | total=303.351 J | power=238.3 W | runtime=above | checksum=OK
[STRIDED_GEMM] N=512 threads=64 rep=9 batches=2000 time=1.232 s | package=297.213 J | dram=NA | total=297.213 J | power=241.2 W | runtime=in_range | checksum=OK
[STRIDED_GEMM] N=512 threads=64 rep=10 batches=2000 time=1.302 s | package=313.471 J | dram=NA | total=313.471 J | power=240.7 W | runtime=above | checksum=OK
[OpenBLAS] requested=16 active=16
[STRIDED_GEMM] N=4096 threads=16 rep=1 batches=13 time=1.086 s | package=307.098 J | dram=NA | total=307.098 J | power=282.8 W | runtime=in_range | checksum=OK
[STRIDED_GEMM] N=4096 threads=16 rep=2 batches=13 time=1.082 s | package=306.704 J | dram=NA | total=306.704 J | power=283.4 W | runtime=in_range | checksum=OK
[STRIDED_GEMM] N=4096 threads=16 rep=3 batches=13 time=1.085 s | package=307.094 J | dram=NA | total=307.094 J | power=283.1 W | runtime=in_range | checksum=OK
[STRIDED_GEMM] N=4096 threads=16 rep=4 batches=13 time=1.084 s | package=307.486 J | dram=NA | total=307.486 J | power=283.6 W | runtime=in_range | checksum=OK
[STRIDED_GEMM] N=4096 threads=16 rep=5 batches=13 time=1.087 s | package=307.649 J | dram=NA | total=307.649 J | power=283.0 W | runtime=in_range | checksum=OK
[STRIDED_GEMM] N=4096 threads=16 rep=6 batches=13 time=1.088 s | package=307.419 J | dram=NA | total=307.419 J | power=282.6 W | runtime=in_range | checksum=OK
[STRIDED_GEMM] N=4096 threads=16 rep=7 batches=13 time=1.086 s | package=307.123 J | dram=NA | total=307.123 J | power=282.7 W | runtime=in_range | checksum=OK
[STRIDED_GEMM] N=4096 threads=16 rep=8 batches=13 time=1.087 s | package=307.190 J | dram=NA | total=307.190 J | power=282.6 W | runtime=in_range | checksum=OK
[STRIDED_GEMM] N=4096 threads=16 rep=9 batches=13 time=1.088 s | package=307.496 J | dram=NA | total=307.496 J | power=282.6 W | runtime=in_range | checksum=OK
[STRIDED_GEMM] N=4096 threads=16 rep=10 batches=13 time=1.090 s | package=307.944 J | dram=NA | total=307.944 J | power=282.6 W | runtime=in_range | checksum=OK
[OpenBLAS] requested=32 active=32
[STRIDED_GEMM] N=256 threads=32 rep=1 batches=12665 time=1.001 s | package=214.161 J | dram=NA | total=214.161 J | power=214.0 W | runtime=in_range | checksum=OK
[STRIDED_GEMM] N=256 threads=32 rep=2 batches=12665 time=1.001 s | package=214.048 J | dram=NA | total=214.048 J | power=213.9 W | runtime=in_range | checksum=OK
[STRIDED_GEMM] N=256 threads=32 rep=3 batches=12665 time=1.001 s | package=214.210 J | dram=NA | total=214.210 J | power=214.0 W | runtime=in_range | checksum=OK
[STRIDED_GEMM] N=256 threads=32 rep=4 batches=12665 time=1.000 s | package=214.051 J | dram=NA | total=214.051 J | power=214.1 W | runtime=in_range | checksum=OK
[STRIDED_GEMM] N=256 threads=32 rep=5 batches=12665 time=1.003 s | package=214.628 J | dram=NA | total=214.628 J | power=214.0 W | runtime=in_range | checksum=OK
[STRIDED_GEMM] N=256 threads=32 rep=6 batches=12665 time=1.000 s | package=214.154 J | dram=NA | total=214.154 J | power=214.1 W | runtime=in_range | checksum=OK
[STRIDED_GEMM] N=256 threads=32 rep=7 batches=12665 time=1.001 s | package=214.408 J | dram=NA | total=214.408 J | power=214.2 W | runtime=in_range | checksum=OK
[STRIDED_GEMM] N=256 threads=32 rep=8 batches=12665 time=1.000 s | package=214.345 J | dram=NA | total=214.345 J | power=214.3 W | runtime=in_range | checksum=OK
[STRIDED_GEMM] N=256 threads=32 rep=9 batches=12665 time=1.002 s | package=214.548 J | dram=NA | total=214.548 J | power=214.2 W | runtime=in_range | checksum=OK
[STRIDED_GEMM] N=256 threads=32 rep=10 batches=12665 time=1.002 s | package=214.879 J | dram=NA | total=214.879 J | power=214.4 W | runtime=in_range | checksum=OK
[OpenBLAS] requested=4 active=4
[STRIDED_GEMM] N=16384 threads=4 rep=1 batches=1 time=19.696 s | package=2466.630 J | dram=NA | total=2466.630 J | power=125.2 W | runtime=above | checksum=OK
[STRIDED_GEMM] N=16384 threads=4 rep=2 batches=1 time=19.926 s | package=2457.673 J | dram=NA | total=2457.673 J | power=123.3 W | runtime=above | checksum=OK
[STRIDED_GEMM] N=16384 threads=4 rep=3 batches=1 time=19.772 s | package=2472.292 J | dram=NA | total=2472.292 J | power=125.0 W | runtime=above | checksum=OK
[STRIDED_GEMM] N=16384 threads=4 rep=4 batches=1 time=19.763 s | package=2472.767 J | dram=NA | total=2472.767 J | power=125.1 W | runtime=above | checksum=OK
[STRIDED_GEMM] N=16384 threads=4 rep=5 batches=1 time=19.776 s | package=2473.398 J | dram=NA | total=2473.398 J | power=125.1 W | runtime=above | checksum=OK
[STRIDED_GEMM] N=16384 threads=4 rep=6 batches=1 time=19.808 s | package=2475.919 J | dram=NA | total=2475.919 J | power=125.0 W | runtime=above | checksum=OK
[STRIDED_GEMM] N=16384 threads=4 rep=7 batches=1 time=19.802 s | package=2475.891 J | dram=NA | total=2475.891 J | power=125.0 W | runtime=above | checksum=OK
[STRIDED_GEMM] N=16384 threads=4 rep=8 batches=1 time=19.777 s | package=2474.176 J | dram=NA | total=2474.176 J | power=125.1 W | runtime=above | checksum=OK
[STRIDED_GEMM] N=16384 threads=4 rep=9 batches=1 time=19.788 s | package=2476.662 J | dram=NA | total=2476.662 J | power=125.2 W | runtime=above | checksum=OK
[STRIDED_GEMM] N=16384 threads=4 rep=10 batches=1 time=19.805 s | package=2475.667 J | dram=NA | total=2475.667 J | power=125.0 W | runtime=above | checksum=OK
[OpenBLAS] requested=32 active=32
[STRIDED_GEMM] N=128 threads=32 rep=1 batches=58369 time=1.018 s | package=121.008 J | dram=NA | total=121.008 J | power=118.9 W | runtime=in_range | checksum=OK
[STRIDED_GEMM] N=128 threads=32 rep=2 batches=58369 time=1.018 s | package=121.266 J | dram=NA | total=121.266 J | power=119.1 W | runtime=in_range | checksum=OK
[STRIDED_GEMM] N=128 threads=32 rep=3 batches=58369 time=1.017 s | package=120.881 J | dram=NA | total=120.881 J | power=118.9 W | runtime=in_range | checksum=OK
[STRIDED_GEMM] N=128 threads=32 rep=4 batches=58369 time=1.012 s | package=120.603 J | dram=NA | total=120.603 J | power=119.1 W | runtime=in_range | checksum=OK
[STRIDED_GEMM] N=128 threads=32 rep=5 batches=58369 time=1.006 s | package=120.324 J | dram=NA | total=120.324 J | power=119.7 W | runtime=in_range | checksum=OK
[STRIDED_GEMM] N=128 threads=32 rep=6 batches=58369 time=1.010 s | package=120.735 J | dram=NA | total=120.735 J | power=119.5 W | runtime=in_range | checksum=OK
[STRIDED_GEMM] N=128 threads=32 rep=7 batches=58369 time=1.013 s | package=121.034 J | dram=NA | total=121.034 J | power=119.4 W | runtime=in_range | checksum=OK
[STRIDED_GEMM] N=128 threads=32 rep=8 batches=58369 time=1.013 s | package=121.063 J | dram=NA | total=121.063 J | power=119.5 W | runtime=in_range | checksum=OK
[STRIDED_GEMM] N=128 threads=32 rep=9 batches=58369 time=1.012 s | package=121.010 J | dram=NA | total=121.010 J | power=119.6 W | runtime=in_range | checksum=OK
[STRIDED_GEMM] N=128 threads=32 rep=10 batches=58369 time=1.014 s | package=121.205 J | dram=NA | total=121.205 J | power=119.6 W | runtime=in_range | checksum=OK
[OpenBLAS] requested=16 active=16
[STRIDED_GEMM] N=1024 threads=16 rep=1 batches=540 time=1.004 s | package=239.197 J | dram=NA | total=239.197 J | power=238.3 W | runtime=in_range | checksum=OK
[STRIDED_GEMM] N=1024 threads=16 rep=2 batches=540 time=1.004 s | package=238.729 J | dram=NA | total=238.729 J | power=237.7 W | runtime=in_range | checksum=OK
[STRIDED_GEMM] N=1024 threads=16 rep=3 batches=540 time=1.005 s | package=238.876 J | dram=NA | total=238.876 J | power=237.7 W | runtime=in_range | checksum=OK
[STRIDED_GEMM] N=1024 threads=16 rep=4 batches=540 time=1.005 s | package=238.995 J | dram=NA | total=238.995 J | power=237.8 W | runtime=in_range | checksum=OK
[STRIDED_GEMM] N=1024 threads=16 rep=5 batches=540 time=1.004 s | package=238.978 J | dram=NA | total=238.978 J | power=237.9 W | runtime=in_range | checksum=OK
[STRIDED_GEMM] N=1024 threads=16 rep=6 batches=540 time=1.005 s | package=239.192 J | dram=NA | total=239.192 J | power=238.1 W | runtime=in_range | checksum=OK
[STRIDED_GEMM] N=1024 threads=16 rep=7 batches=540 time=1.005 s | package=239.359 J | dram=NA | total=239.359 J | power=238.2 W | runtime=in_range | checksum=OK
[STRIDED_GEMM] N=1024 threads=16 rep=8 batches=540 time=1.005 s | package=239.240 J | dram=NA | total=239.240 J | power=238.2 W | runtime=in_range | checksum=OK
[STRIDED_GEMM] N=1024 threads=16 rep=9 batches=540 time=1.005 s | package=239.399 J | dram=NA | total=239.399 J | power=238.3 W | runtime=in_range | checksum=OK
[STRIDED_GEMM] N=1024 threads=16 rep=10 batches=540 time=1.005 s | package=239.495 J | dram=NA | total=239.495 J | power=238.3 W | runtime=in_range | checksum=OK
[OpenBLAS] requested=64 active=64
[STRIDED_GEMM] N=2048 threads=64 rep=1 batches=119 time=1.002 s | package=236.537 J | dram=NA | total=236.537 J | power=236.0 W | runtime=in_range | checksum=OK
[STRIDED_GEMM] N=2048 threads=64 rep=2 batches=119 time=1.003 s | package=236.803 J | dram=NA | total=236.803 J | power=236.0 W | runtime=in_range | checksum=OK
[STRIDED_GEMM] N=2048 threads=64 rep=3 batches=119 time=1.003 s | package=236.764 J | dram=NA | total=236.764 J | power=236.1 W | runtime=in_range | checksum=OK
[STRIDED_GEMM] N=2048 threads=64 rep=4 batches=119 time=1.003 s | package=237.236 J | dram=NA | total=237.236 J | power=236.5 W | runtime=in_range | checksum=OK
[STRIDED_GEMM] N=2048 threads=64 rep=5 batches=119 time=1.004 s | package=237.926 J | dram=NA | total=237.926 J | power=236.9 W | runtime=in_range | checksum=OK
[STRIDED_GEMM] N=2048 threads=64 rep=6 batches=119 time=1.004 s | package=238.128 J | dram=NA | total=238.128 J | power=237.1 W | runtime=in_range | checksum=OK
[STRIDED_GEMM] N=2048 threads=64 rep=7 batches=119 time=1.004 s | package=237.863 J | dram=NA | total=237.863 J | power=236.9 W | runtime=in_range | checksum=OK
[STRIDED_GEMM] N=2048 threads=64 rep=8 batches=119 time=1.006 s | package=238.092 J | dram=NA | total=238.092 J | power=236.6 W | runtime=in_range | checksum=OK
[STRIDED_GEMM] N=2048 threads=64 rep=9 batches=119 time=1.004 s | package=237.791 J | dram=NA | total=237.791 J | power=236.9 W | runtime=in_range | checksum=OK
[STRIDED_GEMM] N=2048 threads=64 rep=10 batches=119 time=1.008 s | package=239.211 J | dram=NA | total=239.211 J | power=237.3 W | runtime=in_range | checksum=OK
[OpenBLAS] requested=20 active=20
[STRIDED_GEMM] N=1024 threads=20 rep=1 batches=552 time=1.001 s | package=256.776 J | dram=NA | total=256.776 J | power=256.6 W | runtime=in_range | checksum=OK
[STRIDED_GEMM] N=1024 threads=20 rep=2 batches=552 time=1.013 s | package=258.456 J | dram=NA | total=258.456 J | power=255.2 W | runtime=in_range | checksum=OK
[STRIDED_GEMM] N=1024 threads=20 rep=3 batches=552 time=1.000 s | package=256.554 J | dram=NA | total=256.554 J | power=256.7 W | runtime=in_range | checksum=OK
[STRIDED_GEMM] N=1024 threads=20 rep=4 batches=552 time=1.001 s | package=256.756 J | dram=NA | total=256.756 J | power=256.5 W | runtime=in_range | checksum=OK
[STRIDED_GEMM] N=1024 threads=20 rep=5 batches=552 time=1.000 s | package=256.915 J | dram=NA | total=256.915 J | power=256.8 W | runtime=in_range | checksum=OK
[STRIDED_GEMM] N=1024 threads=20 rep=6 batches=552 time=1.008 s | package=258.182 J | dram=NA | total=258.182 J | power=256.1 W | runtime=in_range | checksum=OK
[STRIDED_GEMM] N=1024 threads=20 rep=7 batches=552 time=1.025 s | package=262.002 J | dram=NA | total=262.002 J | power=255.7 W | runtime=in_range | checksum=OK
[STRIDED_GEMM] N=1024 threads=20 rep=8 batches=552 time=1.020 s | package=260.007 J | dram=NA | total=260.007 J | power=254.9 W | runtime=in_range | checksum=OK
[STRIDED_GEMM] N=1024 threads=20 rep=9 batches=552 time=1.011 s | package=258.828 J | dram=NA | total=258.828 J | power=256.1 W | runtime=in_range | checksum=OK
[STRIDED_GEMM] N=1024 threads=20 rep=10 batches=552 time=1.010 s | package=258.684 J | dram=NA | total=258.684 J | power=256.2 W | runtime=in_range | checksum=OK
[OpenBLAS] requested=16 active=16
[STRIDED_GEMM] N=64 threads=16 rep=1 batches=161049 time=0.996 s | package=72.264 J | dram=NA | total=72.264 J | power=72.5 W | runtime=in_range | checksum=OK
[STRIDED_GEMM] N=64 threads=16 rep=2 batches=161049 time=0.997 s | package=72.358 J | dram=NA | total=72.358 J | power=72.6 W | runtime=in_range | checksum=OK
[STRIDED_GEMM] N=64 threads=16 rep=3 batches=161049 time=0.993 s | package=72.027 J | dram=NA | total=72.027 J | power=72.5 W | runtime=in_range | checksum=OK
[STRIDED_GEMM] N=64 threads=16 rep=4 batches=161049 time=0.995 s | package=72.076 J | dram=NA | total=72.076 J | power=72.5 W | runtime=in_range | checksum=OK
[STRIDED_GEMM] N=64 threads=16 rep=5 batches=161049 time=0.994 s | package=72.036 J | dram=NA | total=72.036 J | power=72.4 W | runtime=in_range | checksum=OK
[STRIDED_GEMM] N=64 threads=16 rep=6 batches=161049 time=0.994 s | package=71.988 J | dram=NA | total=71.988 J | power=72.4 W | runtime=in_range | checksum=OK
[STRIDED_GEMM] N=64 threads=16 rep=7 batches=161049 time=0.992 s | package=71.814 J | dram=NA | total=71.814 J | power=72.4 W | runtime=in_range | checksum=OK
[STRIDED_GEMM] N=64 threads=16 rep=8 batches=161049 time=0.994 s | package=71.865 J | dram=NA | total=71.865 J | power=72.3 W | runtime=in_range | checksum=OK
[STRIDED_GEMM] N=64 threads=16 rep=9 batches=161049 time=0.994 s | package=71.790 J | dram=NA | total=71.790 J | power=72.2 W | runtime=in_range | checksum=OK
[STRIDED_GEMM] N=64 threads=16 rep=10 batches=161049 time=0.994 s | package=71.809 J | dram=NA | total=71.809 J | power=72.2 W | runtime=in_range | checksum=OK
[OpenBLAS] requested=10 active=10
[STRIDED_GEMM] N=256 threads=10 rep=1 batches=9913 time=1.000 s | package=139.847 J | dram=NA | total=139.847 J | power=139.8 W | runtime=in_range | checksum=OK
[STRIDED_GEMM] N=256 threads=10 rep=2 batches=9913 time=1.001 s | package=140.039 J | dram=NA | total=140.039 J | power=139.9 W | runtime=in_range | checksum=OK
[STRIDED_GEMM] N=256 threads=10 rep=3 batches=9913 time=1.005 s | package=140.279 J | dram=NA | total=140.279 J | power=139.5 W | runtime=in_range | checksum=OK
[STRIDED_GEMM] N=256 threads=10 rep=4 batches=9913 time=1.007 s | package=140.609 J | dram=NA | total=140.609 J | power=139.6 W | runtime=in_range | checksum=OK
[STRIDED_GEMM] N=256 threads=10 rep=5 batches=9913 time=1.011 s | package=140.925 J | dram=NA | total=140.925 J | power=139.4 W | runtime=in_range | checksum=OK
[STRIDED_GEMM] N=256 threads=10 rep=6 batches=9913 time=1.008 s | package=140.548 J | dram=NA | total=140.548 J | power=139.4 W | runtime=in_range | checksum=OK
[STRIDED_GEMM] N=256 threads=10 rep=7 batches=9913 time=1.008 s | package=140.733 J | dram=NA | total=140.733 J | power=139.7 W | runtime=in_range | checksum=OK
[STRIDED_GEMM] N=256 threads=10 rep=8 batches=9913 time=1.007 s | package=140.702 J | dram=NA | total=140.702 J | power=139.7 W | runtime=in_range | checksum=OK
[STRIDED_GEMM] N=256 threads=10 rep=9 batches=9913 time=1.019 s | package=142.411 J | dram=NA | total=142.411 J | power=139.7 W | runtime=in_range | checksum=OK
[STRIDED_GEMM] N=256 threads=10 rep=10 batches=9913 time=1.007 s | package=140.936 J | dram=NA | total=140.936 J | power=139.9 W | runtime=in_range | checksum=OK
[OpenBLAS] requested=64 active=64
[STRIDED_GEMM] N=1024 threads=64 rep=1 batches=566 time=1.003 s | package=287.721 J | dram=NA | total=287.721 J | power=286.8 W | runtime=in_range | checksum=OK
[STRIDED_GEMM] N=1024 threads=64 rep=2 batches=566 time=1.007 s | package=289.793 J | dram=NA | total=289.793 J | power=287.7 W | runtime=in_range | checksum=OK
[STRIDED_GEMM] N=1024 threads=64 rep=3 batches=566 time=1.004 s | package=288.206 J | dram=NA | total=288.206 J | power=287.0 W | runtime=in_range | checksum=OK
[STRIDED_GEMM] N=1024 threads=64 rep=4 batches=566 time=1.008 s | package=289.791 J | dram=NA | total=289.791 J | power=287.6 W | runtime=in_range | checksum=OK
[STRIDED_GEMM] N=1024 threads=64 rep=5 batches=566 time=1.005 s | package=289.232 J | dram=NA | total=289.232 J | power=287.9 W | runtime=in_range | checksum=OK
[STRIDED_GEMM] N=1024 threads=64 rep=6 batches=566 time=1.005 s | package=288.972 J | dram=NA | total=288.972 J | power=287.7 W | runtime=in_range | checksum=OK
[STRIDED_GEMM] N=1024 threads=64 rep=7 batches=566 time=1.007 s | package=289.782 J | dram=NA | total=289.782 J | power=287.6 W | runtime=in_range | checksum=OK
[STRIDED_GEMM] N=1024 threads=64 rep=8 batches=566 time=1.005 s | package=288.494 J | dram=NA | total=288.494 J | power=287.0 W | runtime=in_range | checksum=OK
[STRIDED_GEMM] N=1024 threads=64 rep=9 batches=566 time=1.007 s | package=289.521 J | dram=NA | total=289.521 J | power=287.6 W | runtime=in_range | checksum=OK
[STRIDED_GEMM] N=1024 threads=64 rep=10 batches=566 time=1.015 s | package=292.045 J | dram=NA | total=292.045 J | power=287.8 W | runtime=in_range | checksum=OK
[OpenBLAS] requested=64 active=64
[STRIDED_GEMM] N=8192 threads=64 rep=1 batches=3 time=1.451 s | package=350.338 J | dram=NA | total=350.338 J | power=241.4 W | runtime=above | checksum=OK
[STRIDED_GEMM] N=8192 threads=64 rep=2 batches=3 time=1.454 s | package=351.989 J | dram=NA | total=351.989 J | power=242.1 W | runtime=above | checksum=OK
[STRIDED_GEMM] N=8192 threads=64 rep=3 batches=3 time=1.451 s | package=350.700 J | dram=NA | total=350.700 J | power=241.8 W | runtime=above | checksum=OK
[STRIDED_GEMM] N=8192 threads=64 rep=4 batches=3 time=1.451 s | package=352.319 J | dram=NA | total=352.319 J | power=242.9 W | runtime=above | checksum=OK
[STRIDED_GEMM] N=8192 threads=64 rep=5 batches=3 time=1.451 s | package=350.743 J | dram=NA | total=350.743 J | power=241.7 W | runtime=above | checksum=OK
[STRIDED_GEMM] N=8192 threads=64 rep=6 batches=3 time=1.450 s | package=350.697 J | dram=NA | total=350.697 J | power=241.9 W | runtime=above | checksum=OK
[STRIDED_GEMM] N=8192 threads=64 rep=7 batches=3 time=1.450 s | package=351.332 J | dram=NA | total=351.332 J | power=242.3 W | runtime=above | checksum=OK
[STRIDED_GEMM] N=8192 threads=64 rep=8 batches=3 time=1.451 s | package=351.693 J | dram=NA | total=351.693 J | power=242.4 W | runtime=above | checksum=OK
[STRIDED_GEMM] N=8192 threads=64 rep=9 batches=3 time=1.453 s | package=352.358 J | dram=NA | total=352.358 J | power=242.6 W | runtime=above | checksum=OK
[STRIDED_GEMM] N=8192 threads=64 rep=10 batches=3 time=1.450 s | package=351.663 J | dram=NA | total=351.663 J | power=242.6 W | runtime=above | checksum=OK
[OpenBLAS] requested=20 active=20
[STRIDED_GEMM] N=2048 threads=20 rep=1 batches=82 time=1.011 s | package=277.068 J | dram=NA | total=277.068 J | power=273.9 W | runtime=in_range | checksum=OK
[STRIDED_GEMM] N=2048 threads=20 rep=2 batches=82 time=1.019 s | package=278.528 J | dram=NA | total=278.528 J | power=273.2 W | runtime=in_range | checksum=OK
[STRIDED_GEMM] N=2048 threads=20 rep=3 batches=82 time=1.015 s | package=277.825 J | dram=NA | total=277.825 J | power=273.6 W | runtime=in_range | checksum=OK
[STRIDED_GEMM] N=2048 threads=20 rep=4 batches=82 time=1.014 s | package=277.704 J | dram=NA | total=277.704 J | power=273.8 W | runtime=in_range | checksum=OK
[STRIDED_GEMM] N=2048 threads=20 rep=5 batches=82 time=1.014 s | package=277.422 J | dram=NA | total=277.422 J | power=273.7 W | runtime=in_range | checksum=OK
[STRIDED_GEMM] N=2048 threads=20 rep=6 batches=82 time=1.019 s | package=278.761 J | dram=NA | total=278.761 J | power=273.5 W | runtime=in_range | checksum=OK
[STRIDED_GEMM] N=2048 threads=20 rep=7 batches=82 time=1.010 s | package=277.231 J | dram=NA | total=277.231 J | power=274.6 W | runtime=in_range | checksum=OK
[STRIDED_GEMM] N=2048 threads=20 rep=8 batches=82 time=1.019 s | package=278.843 J | dram=NA | total=278.843 J | power=273.5 W | runtime=in_range | checksum=OK
[STRIDED_GEMM] N=2048 threads=20 rep=9 batches=82 time=1.011 s | package=277.482 J | dram=NA | total=277.482 J | power=274.5 W | runtime=in_range | checksum=OK
[STRIDED_GEMM] N=2048 threads=20 rep=10 batches=82 time=1.013 s | package=277.763 J | dram=NA | total=277.763 J | power=274.3 W | runtime=in_range | checksum=OK
[OpenBLAS] requested=8 active=8
[STRIDED_GEMM] N=1024 threads=8 rep=1 batches=300 time=1.003 s | package=161.681 J | dram=NA | total=161.681 J | power=161.3 W | runtime=in_range | checksum=OK
[STRIDED_GEMM] N=1024 threads=8 rep=2 batches=300 time=1.011 s | package=162.401 J | dram=NA | total=162.401 J | power=160.6 W | runtime=in_range | checksum=OK
[STRIDED_GEMM] N=1024 threads=8 rep=3 batches=300 time=1.001 s | package=161.423 J | dram=NA | total=161.423 J | power=161.3 W | runtime=in_range | checksum=OK
[STRIDED_GEMM] N=1024 threads=8 rep=4 batches=300 time=1.002 s | package=161.483 J | dram=NA | total=161.483 J | power=161.2 W | runtime=in_range | checksum=OK
[STRIDED_GEMM] N=1024 threads=8 rep=5 batches=300 time=1.001 s | package=161.356 J | dram=NA | total=161.356 J | power=161.1 W | runtime=in_range | checksum=OK
[STRIDED_GEMM] N=1024 threads=8 rep=6 batches=300 time=1.010 s | package=162.365 J | dram=NA | total=162.365 J | power=160.7 W | runtime=in_range | checksum=OK
[STRIDED_GEMM] N=1024 threads=8 rep=7 batches=300 time=1.002 s | package=161.336 J | dram=NA | total=161.336 J | power=161.1 W | runtime=in_range | checksum=OK
[STRIDED_GEMM] N=1024 threads=8 rep=8 batches=300 time=1.002 s | package=161.283 J | dram=NA | total=161.283 J | power=161.0 W | runtime=in_range | checksum=OK
[STRIDED_GEMM] N=1024 threads=8 rep=9 batches=300 time=0.999 s | package=161.311 J | dram=NA | total=161.311 J | power=161.4 W | runtime=in_range | checksum=OK
[STRIDED_GEMM] N=1024 threads=8 rep=10 batches=300 time=1.001 s | package=161.314 J | dram=NA | total=161.314 J | power=161.1 W | runtime=in_range | checksum=OK
[OpenBLAS] requested=8 active=8
[STRIDED_GEMM] N=4096 threads=8 rep=1 batches=7 time=1.066 s | package=200.437 J | dram=NA | total=200.437 J | power=188.1 W | runtime=in_range | checksum=OK
[STRIDED_GEMM] N=4096 threads=8 rep=2 batches=7 time=1.069 s | package=200.349 J | dram=NA | total=200.349 J | power=187.4 W | runtime=in_range | checksum=OK
[STRIDED_GEMM] N=4096 threads=8 rep=3 batches=7 time=1.069 s | package=200.238 J | dram=NA | total=200.238 J | power=187.3 W | runtime=in_range | checksum=OK
[STRIDED_GEMM] N=4096 threads=8 rep=4 batches=7 time=1.065 s | package=199.878 J | dram=NA | total=199.878 J | power=187.7 W | runtime=in_range | checksum=OK
[STRIDED_GEMM] N=4096 threads=8 rep=5 batches=7 time=1.062 s | package=199.763 J | dram=NA | total=199.763 J | power=188.1 W | runtime=in_range | checksum=OK
[STRIDED_GEMM] N=4096 threads=8 rep=6 batches=7 time=1.072 s | package=200.576 J | dram=NA | total=200.576 J | power=187.0 W | runtime=in_range | checksum=OK
[STRIDED_GEMM] N=4096 threads=8 rep=7 batches=7 time=1.066 s | package=200.022 J | dram=NA | total=200.022 J | power=187.7 W | runtime=in_range | checksum=OK
[STRIDED_GEMM] N=4096 threads=8 rep=8 batches=7 time=1.058 s | package=199.432 J | dram=NA | total=199.432 J | power=188.5 W | runtime=in_range | checksum=OK
[STRIDED_GEMM] N=4096 threads=8 rep=9 batches=7 time=1.080 s | package=201.637 J | dram=NA | total=201.637 J | power=186.7 W | runtime=in_range | checksum=OK
[STRIDED_GEMM] N=4096 threads=8 rep=10 batches=7 time=1.059 s | package=199.342 J | dram=NA | total=199.342 J | power=188.2 W | runtime=in_range | checksum=OK
[OpenBLAS] requested=4 active=4
[STRIDED_GEMM] N=8192 threads=4 rep=1 batches=1 time=2.358 s | package=302.686 J | dram=NA | total=302.686 J | power=128.3 W | runtime=above | checksum=OK
[STRIDED_GEMM] N=8192 threads=4 rep=2 batches=1 time=2.359 s | package=302.657 J | dram=NA | total=302.657 J | power=128.3 W | runtime=above | checksum=OK
[STRIDED_GEMM] N=8192 threads=4 rep=3 batches=1 time=2.356 s | package=302.506 J | dram=NA | total=302.506 J | power=128.4 W | runtime=above | checksum=OK
[STRIDED_GEMM] N=8192 threads=4 rep=4 batches=1 time=2.359 s | package=302.587 J | dram=NA | total=302.587 J | power=128.3 W | runtime=above | checksum=OK
[STRIDED_GEMM] N=8192 threads=4 rep=5 batches=1 time=2.431 s | package=297.034 J | dram=NA | total=297.034 J | power=122.2 W | runtime=above | checksum=OK
[STRIDED_GEMM] N=8192 threads=4 rep=6 batches=1 time=2.362 s | package=302.473 J | dram=NA | total=302.473 J | power=128.0 W | runtime=above | checksum=OK
[STRIDED_GEMM] N=8192 threads=4 rep=7 batches=1 time=2.358 s | package=302.205 J | dram=NA | total=302.205 J | power=128.2 W | runtime=above | checksum=OK
[STRIDED_GEMM] N=8192 threads=4 rep=8 batches=1 time=2.357 s | package=302.321 J | dram=NA | total=302.321 J | power=128.3 W | runtime=above | checksum=OK
[STRIDED_GEMM] N=8192 threads=4 rep=9 batches=1 time=2.349 s | package=301.261 J | dram=NA | total=301.261 J | power=128.3 W | runtime=above | checksum=OK
[STRIDED_GEMM] N=8192 threads=4 rep=10 batches=1 time=2.366 s | package=302.673 J | dram=NA | total=302.673 J | power=127.9 W | runtime=above | checksum=OK
[OpenBLAS] requested=16 active=16
[STRIDED_GEMM] N=8192 threads=16 rep=1 batches=2 time=1.284 s | package=362.075 J | dram=NA | total=362.075 J | power=282.1 W | runtime=above | checksum=OK
[STRIDED_GEMM] N=8192 threads=16 rep=2 batches=2 time=1.288 s | package=363.307 J | dram=NA | total=363.307 J | power=282.1 W | runtime=above | checksum=OK
[STRIDED_GEMM] N=8192 threads=16 rep=3 batches=2 time=1.287 s | package=363.122 J | dram=NA | total=363.122 J | power=282.2 W | runtime=above | checksum=OK
[STRIDED_GEMM] N=8192 threads=16 rep=4 batches=2 time=1.287 s | package=363.356 J | dram=NA | total=363.356 J | power=282.3 W | runtime=above | checksum=OK
[STRIDED_GEMM] N=8192 threads=16 rep=5 batches=2 time=1.290 s | package=363.895 J | dram=NA | total=363.895 J | power=282.1 W | runtime=above | checksum=OK
[STRIDED_GEMM] N=8192 threads=16 rep=6 batches=2 time=1.287 s | package=363.141 J | dram=NA | total=363.141 J | power=282.2 W | runtime=above | checksum=OK
[STRIDED_GEMM] N=8192 threads=16 rep=7 batches=2 time=1.291 s | package=364.528 J | dram=NA | total=364.528 J | power=282.3 W | runtime=above | checksum=OK
[STRIDED_GEMM] N=8192 threads=16 rep=8 batches=2 time=1.293 s | package=364.902 J | dram=NA | total=364.902 J | power=282.1 W | runtime=above | checksum=OK
[STRIDED_GEMM] N=8192 threads=16 rep=9 batches=2 time=1.289 s | package=363.891 J | dram=NA | total=363.891 J | power=282.3 W | runtime=above | checksum=OK
[STRIDED_GEMM] N=8192 threads=16 rep=10 batches=2 time=1.291 s | package=364.515 J | dram=NA | total=364.515 J | power=282.4 W | runtime=above | checksum=OK
[OpenBLAS] requested=10 active=10
[STRIDED_GEMM] N=1024 threads=10 rep=1 batches=305 time=1.003 s | package=172.233 J | dram=NA | total=172.233 J | power=171.6 W | runtime=in_range | checksum=OK
[STRIDED_GEMM] N=1024 threads=10 rep=2 batches=305 time=1.014 s | package=173.275 J | dram=NA | total=173.275 J | power=170.8 W | runtime=in_range | checksum=OK
[STRIDED_GEMM] N=1024 threads=10 rep=3 batches=305 time=1.006 s | package=172.605 J | dram=NA | total=172.605 J | power=171.6 W | runtime=in_range | checksum=OK
[STRIDED_GEMM] N=1024 threads=10 rep=4 batches=305 time=1.005 s | package=172.178 J | dram=NA | total=172.178 J | power=171.3 W | runtime=in_range | checksum=OK
[STRIDED_GEMM] N=1024 threads=10 rep=5 batches=305 time=1.009 s | package=172.360 J | dram=NA | total=172.360 J | power=170.8 W | runtime=in_range | checksum=OK
[STRIDED_GEMM] N=1024 threads=10 rep=6 batches=305 time=0.998 s | package=170.500 J | dram=NA | total=170.500 J | power=170.8 W | runtime=in_range | checksum=OK
[STRIDED_GEMM] N=1024 threads=10 rep=7 batches=305 time=0.993 s | package=169.906 J | dram=NA | total=169.906 J | power=171.1 W | runtime=in_range | checksum=OK
[STRIDED_GEMM] N=1024 threads=10 rep=8 batches=305 time=0.993 s | package=169.919 J | dram=NA | total=169.919 J | power=171.1 W | runtime=in_range | checksum=OK
[STRIDED_GEMM] N=1024 threads=10 rep=9 batches=305 time=0.994 s | package=170.107 J | dram=NA | total=170.107 J | power=171.1 W | runtime=in_range | checksum=OK
[STRIDED_GEMM] N=1024 threads=10 rep=10 batches=305 time=0.996 s | package=170.130 J | dram=NA | total=170.130 J | power=170.8 W | runtime=in_range | checksum=OK
[OpenBLAS] requested=1 active=1
[STRIDED_GEMM] N=64 threads=1 rep=1 batches=161170 time=1.000 s | package=72.639 J | dram=NA | total=72.639 J | power=72.6 W | runtime=in_range | checksum=OK
[STRIDED_GEMM] N=64 threads=1 rep=2 batches=161170 time=0.999 s | package=72.647 J | dram=NA | total=72.647 J | power=72.7 W | runtime=in_range | checksum=OK
[STRIDED_GEMM] N=64 threads=1 rep=3 batches=161170 time=0.999 s | package=72.472 J | dram=NA | total=72.472 J | power=72.5 W | runtime=in_range | checksum=OK
[STRIDED_GEMM] N=64 threads=1 rep=4 batches=161170 time=0.998 s | package=72.426 J | dram=NA | total=72.426 J | power=72.6 W | runtime=in_range | checksum=OK
[STRIDED_GEMM] N=64 threads=1 rep=5 batches=161170 time=0.998 s | package=72.530 J | dram=NA | total=72.530 J | power=72.7 W | runtime=in_range | checksum=OK
[STRIDED_GEMM] N=64 threads=1 rep=6 batches=161170 time=0.997 s | package=72.442 J | dram=NA | total=72.442 J | power=72.7 W | runtime=in_range | checksum=OK
[STRIDED_GEMM] N=64 threads=1 rep=7 batches=161170 time=0.997 s | package=72.426 J | dram=NA | total=72.426 J | power=72.7 W | runtime=in_range | checksum=OK
[STRIDED_GEMM] N=64 threads=1 rep=8 batches=161170 time=0.995 s | package=72.226 J | dram=NA | total=72.226 J | power=72.6 W | runtime=in_range | checksum=OK
[STRIDED_GEMM] N=64 threads=1 rep=9 batches=161170 time=0.995 s | package=72.273 J | dram=NA | total=72.273 J | power=72.6 W | runtime=in_range | checksum=OK
[STRIDED_GEMM] N=64 threads=1 rep=10 batches=161170 time=0.994 s | package=72.085 J | dram=NA | total=72.085 J | power=72.5 W | runtime=in_range | checksum=OK
[OpenBLAS] requested=4 active=4
[STRIDED_GEMM] N=512 threads=4 rep=1 batches=1658 time=1.002 s | package=125.035 J | dram=NA | total=125.035 J | power=124.8 W | runtime=in_range | checksum=OK
[STRIDED_GEMM] N=512 threads=4 rep=2 batches=1658 time=1.017 s | package=126.509 J | dram=NA | total=126.509 J | power=124.4 W | runtime=in_range | checksum=OK
[STRIDED_GEMM] N=512 threads=4 rep=3 batches=1658 time=1.021 s | package=126.684 J | dram=NA | total=126.684 J | power=124.1 W | runtime=in_range | checksum=OK
[STRIDED_GEMM] N=512 threads=4 rep=4 batches=1658 time=1.009 s | package=125.522 J | dram=NA | total=125.522 J | power=124.4 W | runtime=in_range | checksum=OK
[STRIDED_GEMM] N=512 threads=4 rep=5 batches=1658 time=1.015 s | package=126.005 J | dram=NA | total=126.005 J | power=124.2 W | runtime=in_range | checksum=OK
[STRIDED_GEMM] N=512 threads=4 rep=6 batches=1658 time=1.017 s | package=125.930 J | dram=NA | total=125.930 J | power=123.8 W | runtime=in_range | checksum=OK
[STRIDED_GEMM] N=512 threads=4 rep=7 batches=1658 time=1.013 s | package=125.735 J | dram=NA | total=125.735 J | power=124.1 W | runtime=in_range | checksum=OK
[STRIDED_GEMM] N=512 threads=4 rep=8 batches=1658 time=1.016 s | package=125.863 J | dram=NA | total=125.863 J | power=123.9 W | runtime=in_range | checksum=OK
[STRIDED_GEMM] N=512 threads=4 rep=9 batches=1658 time=1.008 s | package=125.233 J | dram=NA | total=125.233 J | power=124.3 W | runtime=in_range | checksum=OK
[STRIDED_GEMM] N=512 threads=4 rep=10 batches=1658 time=1.011 s | package=125.431 J | dram=NA | total=125.431 J | power=124.1 W | runtime=in_range | checksum=OK
[OpenBLAS] requested=32 active=32
[STRIDED_GEMM] N=512 threads=32 rep=1 batches=2651 time=1.024 s | package=243.171 J | dram=NA | total=243.171 J | power=237.4 W | runtime=in_range | checksum=OK
[STRIDED_GEMM] N=512 threads=32 rep=2 batches=2651 time=1.029 s | package=244.374 J | dram=NA | total=244.374 J | power=237.5 W | runtime=in_range | checksum=OK
[STRIDED_GEMM] N=512 threads=32 rep=3 batches=2651 time=1.023 s | package=243.305 J | dram=NA | total=243.305 J | power=237.8 W | runtime=in_range | checksum=OK
[STRIDED_GEMM] N=512 threads=32 rep=4 batches=2651 time=1.025 s | package=243.824 J | dram=NA | total=243.824 J | power=237.8 W | runtime=in_range | checksum=OK
[STRIDED_GEMM] N=512 threads=32 rep=5 batches=2651 time=1.024 s | package=243.809 J | dram=NA | total=243.809 J | power=238.1 W | runtime=in_range | checksum=OK
[STRIDED_GEMM] N=512 threads=32 rep=6 batches=2651 time=1.024 s | package=244.027 J | dram=NA | total=244.027 J | power=238.3 W | runtime=in_range | checksum=OK
[STRIDED_GEMM] N=512 threads=32 rep=7 batches=2651 time=1.025 s | package=244.494 J | dram=NA | total=244.494 J | power=238.6 W | runtime=in_range | checksum=OK
[STRIDED_GEMM] N=512 threads=32 rep=8 batches=2651 time=1.030 s | package=245.401 J | dram=NA | total=245.401 J | power=238.3 W | runtime=in_range | checksum=OK
[STRIDED_GEMM] N=512 threads=32 rep=9 batches=2651 time=1.023 s | package=244.229 J | dram=NA | total=244.229 J | power=238.7 W | runtime=in_range | checksum=OK
[STRIDED_GEMM] N=512 threads=32 rep=10 batches=2651 time=1.023 s | package=244.246 J | dram=NA | total=244.246 J | power=238.8 W | runtime=in_range | checksum=OK
[OpenBLAS] requested=4 active=4
[STRIDED_GEMM] N=128 threads=4 rep=1 batches=74943 time=0.997 s | package=114.014 J | dram=NA | total=114.014 J | power=114.3 W | runtime=in_range | checksum=OK
[STRIDED_GEMM] N=128 threads=4 rep=2 batches=74943 time=1.011 s | package=115.284 J | dram=NA | total=115.284 J | power=114.1 W | runtime=in_range | checksum=OK
[STRIDED_GEMM] N=128 threads=4 rep=3 batches=74943 time=1.005 s | package=114.393 J | dram=NA | total=114.393 J | power=113.9 W | runtime=in_range | checksum=OK
[STRIDED_GEMM] N=128 threads=4 rep=4 batches=74943 time=1.068 s | package=119.568 J | dram=NA | total=119.568 J | power=112.0 W | runtime=in_range | checksum=OK
[STRIDED_GEMM] N=128 threads=4 rep=5 batches=74943 time=1.062 s | package=119.795 J | dram=NA | total=119.795 J | power=112.8 W | runtime=in_range | checksum=OK
[STRIDED_GEMM] N=128 threads=4 rep=6 batches=74943 time=1.005 s | package=114.184 J | dram=NA | total=114.184 J | power=113.7 W | runtime=in_range | checksum=OK
[STRIDED_GEMM] N=128 threads=4 rep=7 batches=74943 time=1.000 s | package=113.813 J | dram=NA | total=113.813 J | power=113.8 W | runtime=in_range | checksum=OK
[STRIDED_GEMM] N=128 threads=4 rep=8 batches=74943 time=1.001 s | package=113.874 J | dram=NA | total=113.874 J | power=113.8 W | runtime=in_range | checksum=OK
[STRIDED_GEMM] N=128 threads=4 rep=9 batches=74943 time=1.061 s | package=119.569 J | dram=NA | total=119.569 J | power=112.7 W | runtime=in_range | checksum=OK
[STRIDED_GEMM] N=128 threads=4 rep=10 batches=74943 time=1.005 s | package=114.285 J | dram=NA | total=114.285 J | power=113.7 W | runtime=in_range | checksum=OK
[OpenBLAS] requested=1 active=1
[STRIDED_GEMM] N=256 threads=1 rep=1 batches=3506 time=1.001 s | package=75.486 J | dram=NA | total=75.486 J | power=75.4 W | runtime=in_range | checksum=OK
[STRIDED_GEMM] N=256 threads=1 rep=2 batches=3506 time=1.006 s | package=75.780 J | dram=NA | total=75.780 J | power=75.3 W | runtime=in_range | checksum=OK
[STRIDED_GEMM] N=256 threads=1 rep=3 batches=3506 time=1.006 s | package=75.863 J | dram=NA | total=75.863 J | power=75.4 W | runtime=in_range | checksum=OK
[STRIDED_GEMM] N=256 threads=1 rep=4 batches=3506 time=0.999 s | package=75.352 J | dram=NA | total=75.352 J | power=75.4 W | runtime=in_range | checksum=OK
[STRIDED_GEMM] N=256 threads=1 rep=5 batches=3506 time=1.007 s | package=75.909 J | dram=NA | total=75.909 J | power=75.3 W | runtime=in_range | checksum=OK
[STRIDED_GEMM] N=256 threads=1 rep=6 batches=3506 time=1.002 s | package=75.466 J | dram=NA | total=75.466 J | power=75.3 W | runtime=in_range | checksum=OK
[STRIDED_GEMM] N=256 threads=1 rep=7 batches=3506 time=1.004 s | package=75.733 J | dram=NA | total=75.733 J | power=75.4 W | runtime=in_range | checksum=OK
[STRIDED_GEMM] N=256 threads=1 rep=8 batches=3506 time=1.007 s | package=75.869 J | dram=NA | total=75.869 J | power=75.4 W | runtime=in_range | checksum=OK
[STRIDED_GEMM] N=256 threads=1 rep=9 batches=3506 time=0.999 s | package=75.341 J | dram=NA | total=75.341 J | power=75.4 W | runtime=in_range | checksum=OK
[STRIDED_GEMM] N=256 threads=1 rep=10 batches=3506 time=1.007 s | package=75.952 J | dram=NA | total=75.952 J | power=75.4 W | runtime=in_range | checksum=OK
[OpenBLAS] requested=32 active=32
[STRIDED_GEMM] N=16384 threads=32 rep=1 batches=1 time=3.627 s | package=1034.566 J | dram=NA | total=1034.566 J | power=285.3 W | runtime=above | checksum=OK
[STRIDED_GEMM] N=16384 threads=32 rep=2 batches=1 time=3.630 s | package=1035.419 J | dram=NA | total=1035.419 J | power=285.2 W | runtime=above | checksum=OK
[STRIDED_GEMM] N=16384 threads=32 rep=3 batches=1 time=3.630 s | package=1035.247 J | dram=NA | total=1035.247 J | power=285.2 W | runtime=above | checksum=OK
[STRIDED_GEMM] N=16384 threads=32 rep=4 batches=1 time=3.638 s | package=1037.531 J | dram=NA | total=1037.531 J | power=285.2 W | runtime=above | checksum=OK
[STRIDED_GEMM] N=16384 threads=32 rep=5 batches=1 time=3.634 s | package=1036.634 J | dram=NA | total=1036.634 J | power=285.2 W | runtime=above | checksum=OK
[STRIDED_GEMM] N=16384 threads=32 rep=6 batches=1 time=3.629 s | package=1034.929 J | dram=NA | total=1034.929 J | power=285.2 W | runtime=above | checksum=OK
[STRIDED_GEMM] N=16384 threads=32 rep=7 batches=1 time=3.633 s | package=1036.143 J | dram=NA | total=1036.143 J | power=285.2 W | runtime=above | checksum=OK
[STRIDED_GEMM] N=16384 threads=32 rep=8 batches=1 time=3.635 s | package=1036.948 J | dram=NA | total=1036.948 J | power=285.3 W | runtime=above | checksum=OK
[STRIDED_GEMM] N=16384 threads=32 rep=9 batches=1 time=3.635 s | package=1036.874 J | dram=NA | total=1036.874 J | power=285.2 W | runtime=above | checksum=OK
[STRIDED_GEMM] N=16384 threads=32 rep=10 batches=1 time=3.635 s | package=1036.967 J | dram=NA | total=1036.967 J | power=285.3 W | runtime=above | checksum=OK
[OpenBLAS] requested=10 active=10
[STRIDED_GEMM] N=2048 threads=10 rep=1 batches=49 time=1.020 s | package=194.492 J | dram=NA | total=194.492 J | power=190.7 W | runtime=in_range | checksum=OK
[STRIDED_GEMM] N=2048 threads=10 rep=2 batches=49 time=1.023 s | package=194.389 J | dram=NA | total=194.389 J | power=190.1 W | runtime=in_range | checksum=OK
[STRIDED_GEMM] N=2048 threads=10 rep=3 batches=49 time=1.024 s | package=194.445 J | dram=NA | total=194.445 J | power=189.9 W | runtime=in_range | checksum=OK
[STRIDED_GEMM] N=2048 threads=10 rep=4 batches=49 time=1.033 s | package=195.384 J | dram=NA | total=195.384 J | power=189.2 W | runtime=in_range | checksum=OK
[STRIDED_GEMM] N=2048 threads=10 rep=5 batches=49 time=1.026 s | package=194.376 J | dram=NA | total=194.376 J | power=189.5 W | runtime=in_range | checksum=OK
[STRIDED_GEMM] N=2048 threads=10 rep=6 batches=49 time=1.025 s | package=194.481 J | dram=NA | total=194.481 J | power=189.7 W | runtime=in_range | checksum=OK
[STRIDED_GEMM] N=2048 threads=10 rep=7 batches=49 time=1.036 s | package=195.416 J | dram=NA | total=195.416 J | power=188.6 W | runtime=in_range | checksum=OK
[STRIDED_GEMM] N=2048 threads=10 rep=8 batches=49 time=1.033 s | package=194.964 J | dram=NA | total=194.964 J | power=188.8 W | runtime=in_range | checksum=OK
[STRIDED_GEMM] N=2048 threads=10 rep=9 batches=49 time=1.040 s | package=195.849 J | dram=NA | total=195.849 J | power=188.2 W | runtime=in_range | checksum=OK
[STRIDED_GEMM] N=2048 threads=10 rep=10 batches=49 time=1.032 s | package=195.018 J | dram=NA | total=195.018 J | power=188.9 W | runtime=in_range | checksum=OK
[OpenBLAS] requested=2 active=2
[STRIDED_GEMM] N=64 threads=2 rep=1 batches=160224 time=1.000 s | package=73.064 J | dram=NA | total=73.064 J | power=73.1 W | runtime=in_range | checksum=OK
[STRIDED_GEMM] N=64 threads=2 rep=2 batches=160224 time=0.997 s | package=72.883 J | dram=NA | total=72.883 J | power=73.1 W | runtime=in_range | checksum=OK
[STRIDED_GEMM] N=64 threads=2 rep=3 batches=160224 time=0.995 s | package=72.639 J | dram=NA | total=72.639 J | power=73.0 W | runtime=in_range | checksum=OK
[STRIDED_GEMM] N=64 threads=2 rep=4 batches=160224 time=0.995 s | package=72.626 J | dram=NA | total=72.626 J | power=73.0 W | runtime=in_range | checksum=OK
[STRIDED_GEMM] N=64 threads=2 rep=5 batches=160224 time=0.994 s | package=72.617 J | dram=NA | total=72.617 J | power=73.1 W | runtime=in_range | checksum=OK
[STRIDED_GEMM] N=64 threads=2 rep=6 batches=160224 time=0.995 s | package=72.580 J | dram=NA | total=72.580 J | power=72.9 W | runtime=in_range | checksum=OK
[STRIDED_GEMM] N=64 threads=2 rep=7 batches=160224 time=0.995 s | package=72.419 J | dram=NA | total=72.419 J | power=72.8 W | runtime=in_range | checksum=OK
[STRIDED_GEMM] N=64 threads=2 rep=8 batches=160224 time=0.992 s | package=72.327 J | dram=NA | total=72.327 J | power=72.9 W | runtime=in_range | checksum=OK
[STRIDED_GEMM] N=64 threads=2 rep=9 batches=160224 time=0.994 s | package=72.313 J | dram=NA | total=72.313 J | power=72.7 W | runtime=in_range | checksum=OK
[STRIDED_GEMM] N=64 threads=2 rep=10 batches=160224 time=0.994 s | package=72.263 J | dram=NA | total=72.263 J | power=72.7 W | runtime=in_range | checksum=OK
[OpenBLAS] requested=2 active=2
[STRIDED_GEMM] N=256 threads=2 rep=1 batches=6641 time=1.002 s | package=92.941 J | dram=NA | total=92.941 J | power=92.8 W | runtime=in_range | checksum=OK
[STRIDED_GEMM] N=256 threads=2 rep=2 batches=6641 time=1.015 s | package=94.085 J | dram=NA | total=94.085 J | power=92.7 W | runtime=in_range | checksum=OK
[STRIDED_GEMM] N=256 threads=2 rep=3 batches=6641 time=1.015 s | package=94.082 J | dram=NA | total=94.082 J | power=92.7 W | runtime=in_range | checksum=OK
[STRIDED_GEMM] N=256 threads=2 rep=4 batches=6641 time=1.015 s | package=93.787 J | dram=NA | total=93.787 J | power=92.4 W | runtime=in_range | checksum=OK
[STRIDED_GEMM] N=256 threads=2 rep=5 batches=6641 time=1.008 s | package=93.286 J | dram=NA | total=93.286 J | power=92.5 W | runtime=in_range | checksum=OK
[STRIDED_GEMM] N=256 threads=2 rep=6 batches=6641 time=1.018 s | package=95.253 J | dram=NA | total=95.253 J | power=93.5 W | runtime=in_range | checksum=OK
[STRIDED_GEMM] N=256 threads=2 rep=7 batches=6641 time=1.014 s | package=94.913 J | dram=NA | total=94.913 J | power=93.6 W | runtime=in_range | checksum=OK
[STRIDED_GEMM] N=256 threads=2 rep=8 batches=6641 time=1.010 s | package=94.574 J | dram=NA | total=94.574 J | power=93.7 W | runtime=in_range | checksum=OK
[STRIDED_GEMM] N=256 threads=2 rep=9 batches=6641 time=1.010 s | package=94.597 J | dram=NA | total=94.597 J | power=93.7 W | runtime=in_range | checksum=OK
[STRIDED_GEMM] N=256 threads=2 rep=10 batches=6641 time=1.012 s | package=94.642 J | dram=NA | total=94.642 J | power=93.5 W | runtime=in_range | checksum=OK
[OpenBLAS] requested=10 active=10
[STRIDED_GEMM] N=64 threads=10 rep=1 batches=161037 time=0.998 s | package=72.490 J | dram=NA | total=72.490 J | power=72.7 W | runtime=in_range | checksum=OK
[STRIDED_GEMM] N=64 threads=10 rep=2 batches=161037 time=1.000 s | package=72.540 J | dram=NA | total=72.540 J | power=72.6 W | runtime=in_range | checksum=OK
[STRIDED_GEMM] N=64 threads=10 rep=3 batches=161037 time=1.001 s | package=72.562 J | dram=NA | total=72.562 J | power=72.5 W | runtime=in_range | checksum=OK
[STRIDED_GEMM] N=64 threads=10 rep=4 batches=161037 time=1.006 s | package=72.896 J | dram=NA | total=72.896 J | power=72.5 W | runtime=in_range | checksum=OK
[STRIDED_GEMM] N=64 threads=10 rep=5 batches=161037 time=0.999 s | package=72.571 J | dram=NA | total=72.571 J | power=72.6 W | runtime=in_range | checksum=OK
[STRIDED_GEMM] N=64 threads=10 rep=6 batches=161037 time=0.999 s | package=72.462 J | dram=NA | total=72.462 J | power=72.6 W | runtime=in_range | checksum=OK
[STRIDED_GEMM] N=64 threads=10 rep=7 batches=161037 time=0.998 s | package=72.383 J | dram=NA | total=72.383 J | power=72.6 W | runtime=in_range | checksum=OK
[STRIDED_GEMM] N=64 threads=10 rep=8 batches=161037 time=0.999 s | package=72.399 J | dram=NA | total=72.399 J | power=72.5 W | runtime=in_range | checksum=OK
[STRIDED_GEMM] N=64 threads=10 rep=9 batches=161037 time=0.998 s | package=72.429 J | dram=NA | total=72.429 J | power=72.6 W | runtime=in_range | checksum=OK
[STRIDED_GEMM] N=64 threads=10 rep=10 batches=161037 time=0.998 s | package=72.321 J | dram=NA | total=72.321 J | power=72.5 W | runtime=in_range | checksum=OK
[OpenBLAS] requested=1 active=1
[STRIDED_GEMM] N=4096 threads=1 rep=1 batches=1 time=1.071 s | package=82.354 J | dram=NA | total=82.354 J | power=76.9 W | runtime=in_range | checksum=OK
[STRIDED_GEMM] N=4096 threads=1 rep=2 batches=1 time=1.081 s | package=84.055 J | dram=NA | total=84.055 J | power=77.8 W | runtime=in_range | checksum=OK
[STRIDED_GEMM] N=4096 threads=1 rep=3 batches=1 time=1.082 s | package=84.452 J | dram=NA | total=84.452 J | power=78.1 W | runtime=in_range | checksum=OK
[STRIDED_GEMM] N=4096 threads=1 rep=4 batches=1 time=1.081 s | package=84.163 J | dram=NA | total=84.163 J | power=77.9 W | runtime=in_range | checksum=OK
[STRIDED_GEMM] N=4096 threads=1 rep=5 batches=1 time=1.078 s | package=83.961 J | dram=NA | total=83.961 J | power=77.9 W | runtime=in_range | checksum=OK
[STRIDED_GEMM] N=4096 threads=1 rep=6 batches=1 time=1.081 s | package=83.630 J | dram=NA | total=83.630 J | power=77.4 W | runtime=in_range | checksum=OK
[STRIDED_GEMM] N=4096 threads=1 rep=7 batches=1 time=1.082 s | package=84.111 J | dram=NA | total=84.111 J | power=77.7 W | runtime=in_range | checksum=OK
[STRIDED_GEMM] N=4096 threads=1 rep=8 batches=1 time=1.081 s | package=85.427 J | dram=NA | total=85.427 J | power=79.0 W | runtime=in_range | checksum=OK
[STRIDED_GEMM] N=4096 threads=1 rep=9 batches=1 time=1.080 s | package=85.356 J | dram=NA | total=85.356 J | power=79.0 W | runtime=in_range | checksum=OK
[STRIDED_GEMM] N=4096 threads=1 rep=10 batches=1 time=1.081 s | package=85.285 J | dram=NA | total=85.285 J | power=78.9 W | runtime=in_range | checksum=OK
[OpenBLAS] requested=20 active=20
[STRIDED_GEMM] N=256 threads=20 rep=1 batches=10603 time=1.002 s | package=187.877 J | dram=NA | total=187.877 J | power=187.5 W | runtime=in_range | checksum=OK
[STRIDED_GEMM] N=256 threads=20 rep=2 batches=10603 time=1.012 s | package=189.077 J | dram=NA | total=189.077 J | power=186.9 W | runtime=in_range | checksum=OK
[STRIDED_GEMM] N=256 threads=20 rep=3 batches=10603 time=1.006 s | package=188.279 J | dram=NA | total=188.279 J | power=187.1 W | runtime=in_range | checksum=OK
[STRIDED_GEMM] N=256 threads=20 rep=4 batches=10603 time=1.011 s | package=189.194 J | dram=NA | total=189.194 J | power=187.2 W | runtime=in_range | checksum=OK
[STRIDED_GEMM] N=256 threads=20 rep=5 batches=10603 time=1.003 s | package=188.300 J | dram=NA | total=188.300 J | power=187.7 W | runtime=in_range | checksum=OK
[STRIDED_GEMM] N=256 threads=20 rep=6 batches=10603 time=1.011 s | package=189.545 J | dram=NA | total=189.545 J | power=187.5 W | runtime=in_range | checksum=OK
[STRIDED_GEMM] N=256 threads=20 rep=7 batches=10603 time=1.004 s | package=188.624 J | dram=NA | total=188.624 J | power=187.8 W | runtime=in_range | checksum=OK
[STRIDED_GEMM] N=256 threads=20 rep=8 batches=10603 time=1.002 s | package=188.825 J | dram=NA | total=188.825 J | power=188.4 W | runtime=in_range | checksum=OK
[STRIDED_GEMM] N=256 threads=20 rep=9 batches=10603 time=1.002 s | package=188.624 J | dram=NA | total=188.624 J | power=188.2 W | runtime=in_range | checksum=OK
[STRIDED_GEMM] N=256 threads=20 rep=10 batches=10603 time=1.003 s | package=188.639 J | dram=NA | total=188.639 J | power=188.0 W | runtime=in_range | checksum=OK
[OpenBLAS] requested=10 active=10
[STRIDED_GEMM] N=16384 threads=10 rep=1 batches=1 time=8.444 s | package=1769.000 J | dram=NA | total=1769.000 J | power=209.5 W | runtime=above | checksum=OK
[STRIDED_GEMM] N=16384 threads=10 rep=2 batches=1 time=8.449 s | package=1769.977 J | dram=NA | total=1769.977 J | power=209.5 W | runtime=above | checksum=OK
[STRIDED_GEMM] N=16384 threads=10 rep=3 batches=1 time=8.456 s | package=1771.503 J | dram=NA | total=1771.503 J | power=209.5 W | runtime=above | checksum=OK
[STRIDED_GEMM] N=16384 threads=10 rep=4 batches=1 time=8.437 s | package=1770.889 J | dram=NA | total=1770.889 J | power=209.9 W | runtime=above | checksum=OK
[STRIDED_GEMM] N=16384 threads=10 rep=5 batches=1 time=8.444 s | package=1769.468 J | dram=NA | total=1769.468 J | power=209.6 W | runtime=above | checksum=OK
[STRIDED_GEMM] N=16384 threads=10 rep=6 batches=1 time=8.540 s | package=1784.496 J | dram=NA | total=1784.496 J | power=209.0 W | runtime=above | checksum=OK
[STRIDED_GEMM] N=16384 threads=10 rep=7 batches=1 time=8.491 s | package=1774.650 J | dram=NA | total=1774.650 J | power=209.0 W | runtime=above | checksum=OK
[STRIDED_GEMM] N=16384 threads=10 rep=8 batches=1 time=8.494 s | package=1774.478 J | dram=NA | total=1774.478 J | power=208.9 W | runtime=above | checksum=OK
[STRIDED_GEMM] N=16384 threads=10 rep=9 batches=1 time=8.517 s | package=1778.618 J | dram=NA | total=1778.618 J | power=208.8 W | runtime=above | checksum=OK
[STRIDED_GEMM] N=16384 threads=10 rep=10 batches=1 time=8.487 s | package=1776.812 J | dram=NA | total=1776.812 J | power=209.4 W | runtime=above | checksum=OK
[OpenBLAS] requested=16 active=16
[STRIDED_GEMM] N=16384 threads=16 rep=1 batches=1 time=5.283 s | package=1485.964 J | dram=NA | total=1485.964 J | power=281.3 W | runtime=above | checksum=OK
[STRIDED_GEMM] N=16384 threads=16 rep=2 batches=1 time=5.302 s | package=1496.424 J | dram=NA | total=1496.424 J | power=282.2 W | runtime=above | checksum=OK
[STRIDED_GEMM] N=16384 threads=16 rep=3 batches=1 time=5.262 s | package=1493.719 J | dram=NA | total=1493.719 J | power=283.8 W | runtime=above | checksum=OK
[STRIDED_GEMM] N=16384 threads=16 rep=4 batches=1 time=5.294 s | package=1502.334 J | dram=NA | total=1502.334 J | power=283.8 W | runtime=above | checksum=OK
[STRIDED_GEMM] N=16384 threads=16 rep=5 batches=1 time=11.129 s | package=2064.679 J | dram=NA | total=2064.679 J | power=185.5 W | runtime=above | checksum=OK
[STRIDED_GEMM] N=16384 threads=16 rep=6 batches=1 time=5.282 s | package=1497.261 J | dram=NA | total=1497.261 J | power=283.5 W | runtime=above | checksum=OK
[STRIDED_GEMM] N=16384 threads=16 rep=7 batches=1 time=11.044 s | package=2068.192 J | dram=NA | total=2068.192 J | power=187.3 W | runtime=above | checksum=OK
[STRIDED_GEMM] N=16384 threads=16 rep=8 batches=1 time=5.258 s | package=1480.911 J | dram=NA | total=1480.911 J | power=281.6 W | runtime=above | checksum=OK
[STRIDED_GEMM] N=16384 threads=16 rep=9 batches=1 time=5.246 s | package=1481.655 J | dram=NA | total=1481.655 J | power=282.4 W | runtime=above | checksum=OK
[STRIDED_GEMM] N=16384 threads=16 rep=10 batches=1 time=5.112 s | package=1450.678 J | dram=NA | total=1450.678 J | power=283.8 W | runtime=above | checksum=OK
[OpenBLAS] requested=32 active=32
[STRIDED_GEMM] N=8192 threads=32 rep=1 batches=2 time=0.959 s | package=272.811 J | dram=NA | total=272.811 J | power=284.5 W | runtime=in_range | checksum=OK
[STRIDED_GEMM] N=8192 threads=32 rep=2 batches=2 time=0.933 s | package=265.790 J | dram=NA | total=265.790 J | power=284.8 W | runtime=in_range | checksum=OK
[STRIDED_GEMM] N=8192 threads=32 rep=3 batches=2 time=0.933 s | package=265.504 J | dram=NA | total=265.504 J | power=284.6 W | runtime=in_range | checksum=OK
[STRIDED_GEMM] N=8192 threads=32 rep=4 batches=2 time=0.933 s | package=265.855 J | dram=NA | total=265.855 J | power=284.8 W | runtime=in_range | checksum=OK
[STRIDED_GEMM] N=8192 threads=32 rep=5 batches=2 time=0.934 s | package=265.812 J | dram=NA | total=265.812 J | power=284.6 W | runtime=in_range | checksum=OK
[STRIDED_GEMM] N=8192 threads=32 rep=6 batches=2 time=0.934 s | package=265.915 J | dram=NA | total=265.915 J | power=284.6 W | runtime=in_range | checksum=OK
[STRIDED_GEMM] N=8192 threads=32 rep=7 batches=2 time=0.934 s | package=265.668 J | dram=NA | total=265.668 J | power=284.5 W | runtime=in_range | checksum=OK
[STRIDED_GEMM] N=8192 threads=32 rep=8 batches=2 time=0.932 s | package=265.274 J | dram=NA | total=265.274 J | power=284.5 W | runtime=in_range | checksum=OK
[STRIDED_GEMM] N=8192 threads=32 rep=9 batches=2 time=6.887 s | package=993.027 J | dram=NA | total=993.027 J | power=144.2 W | runtime=above | checksum=OK
[STRIDED_GEMM] N=8192 threads=32 rep=10 batches=2 time=0.958 s | package=272.543 J | dram=NA | total=272.543 J | power=284.4 W | runtime=in_range | checksum=OK
[OpenBLAS] requested=4 active=4
[STRIDED_GEMM] N=256 threads=4 rep=1 batches=11532 time=1.002 s | package=121.591 J | dram=NA | total=121.591 J | power=121.3 W | runtime=in_range | checksum=OK
[STRIDED_GEMM] N=256 threads=4 rep=2 batches=11532 time=1.015 s | package=122.337 J | dram=NA | total=122.337 J | power=120.6 W | runtime=in_range | checksum=OK
[STRIDED_GEMM] N=256 threads=4 rep=3 batches=11532 time=1.015 s | package=122.390 J | dram=NA | total=122.390 J | power=120.6 W | runtime=in_range | checksum=OK
[STRIDED_GEMM] N=256 threads=4 rep=4 batches=11532 time=1.012 s | package=121.839 J | dram=NA | total=121.839 J | power=120.4 W | runtime=in_range | checksum=OK
[STRIDED_GEMM] N=256 threads=4 rep=5 batches=11532 time=1.014 s | package=121.951 J | dram=NA | total=121.951 J | power=120.2 W | runtime=in_range | checksum=OK
[STRIDED_GEMM] N=256 threads=4 rep=6 batches=11532 time=1.011 s | package=121.699 J | dram=NA | total=121.699 J | power=120.3 W | runtime=in_range | checksum=OK
[STRIDED_GEMM] N=256 threads=4 rep=7 batches=11532 time=1.016 s | package=121.970 J | dram=NA | total=121.970 J | power=120.1 W | runtime=in_range | checksum=OK
[STRIDED_GEMM] N=256 threads=4 rep=8 batches=11532 time=1.013 s | package=121.699 J | dram=NA | total=121.699 J | power=120.1 W | runtime=in_range | checksum=OK
[STRIDED_GEMM] N=256 threads=4 rep=9 batches=11532 time=1.029 s | package=123.273 J | dram=NA | total=123.273 J | power=119.7 W | runtime=in_range | checksum=OK
[STRIDED_GEMM] N=256 threads=4 rep=10 batches=11532 time=1.015 s | package=121.651 J | dram=NA | total=121.651 J | power=119.9 W | runtime=in_range | checksum=OK
[OpenBLAS] requested=1 active=1
[STRIDED_GEMM] N=2048 threads=1 rep=1 batches=8 time=1.098 s | package=89.003 J | dram=NA | total=89.003 J | power=81.1 W | runtime=in_range | checksum=OK
[STRIDED_GEMM] N=2048 threads=1 rep=2 batches=8 time=1.096 s | package=86.606 J | dram=NA | total=86.606 J | power=79.0 W | runtime=in_range | checksum=OK
[STRIDED_GEMM] N=2048 threads=1 rep=3 batches=8 time=1.098 s | package=84.752 J | dram=NA | total=84.752 J | power=77.2 W | runtime=in_range | checksum=OK
[STRIDED_GEMM] N=2048 threads=1 rep=4 batches=8 time=1.105 s | package=86.780 J | dram=NA | total=86.780 J | power=78.5 W | runtime=in_range | checksum=OK
[STRIDED_GEMM] N=2048 threads=1 rep=5 batches=8 time=1.100 s | package=86.079 J | dram=NA | total=86.079 J | power=78.3 W | runtime=in_range | checksum=OK
[STRIDED_GEMM] N=2048 threads=1 rep=6 batches=8 time=1.101 s | package=85.977 J | dram=NA | total=85.977 J | power=78.1 W | runtime=in_range | checksum=OK
[STRIDED_GEMM] N=2048 threads=1 rep=7 batches=8 time=1.102 s | package=86.000 J | dram=NA | total=86.000 J | power=78.0 W | runtime=in_range | checksum=OK
[STRIDED_GEMM] N=2048 threads=1 rep=8 batches=8 time=1.104 s | package=86.103 J | dram=NA | total=86.103 J | power=78.0 W | runtime=in_range | checksum=OK
[STRIDED_GEMM] N=2048 threads=1 rep=9 batches=8 time=1.100 s | package=85.766 J | dram=NA | total=85.766 J | power=78.0 W | runtime=in_range | checksum=OK
[STRIDED_GEMM] N=2048 threads=1 rep=10 batches=8 time=1.099 s | package=86.998 J | dram=NA | total=86.998 J | power=79.1 W | runtime=in_range | checksum=OK
[OpenBLAS] requested=10 active=10
[STRIDED_GEMM] N=128 threads=10 rep=1 batches=56985 time=1.001 s | package=119.591 J | dram=NA | total=119.591 J | power=119.4 W | runtime=in_range | checksum=OK
[STRIDED_GEMM] N=128 threads=10 rep=2 batches=56985 time=1.014 s | package=120.978 J | dram=NA | total=120.978 J | power=119.4 W | runtime=in_range | checksum=OK
[STRIDED_GEMM] N=128 threads=10 rep=3 batches=56985 time=1.013 s | package=120.848 J | dram=NA | total=120.848 J | power=119.3 W | runtime=in_range | checksum=OK
[STRIDED_GEMM] N=128 threads=10 rep=4 batches=56985 time=1.003 s | package=119.902 J | dram=NA | total=119.902 J | power=119.5 W | runtime=in_range | checksum=OK
[STRIDED_GEMM] N=128 threads=10 rep=5 batches=56985 time=1.002 s | package=119.964 J | dram=NA | total=119.964 J | power=119.7 W | runtime=in_range | checksum=OK
[STRIDED_GEMM] N=128 threads=10 rep=6 batches=56985 time=1.002 s | package=120.020 J | dram=NA | total=120.020 J | power=119.8 W | runtime=in_range | checksum=OK
[STRIDED_GEMM] N=128 threads=10 rep=7 batches=56985 time=1.005 s | package=120.067 J | dram=NA | total=120.067 J | power=119.5 W | runtime=in_range | checksum=OK
[STRIDED_GEMM] N=128 threads=10 rep=8 batches=56985 time=1.016 s | package=121.555 J | dram=NA | total=121.555 J | power=119.6 W | runtime=in_range | checksum=OK
[STRIDED_GEMM] N=128 threads=10 rep=9 batches=56985 time=1.007 s | package=120.211 J | dram=NA | total=120.211 J | power=119.4 W | runtime=in_range | checksum=OK
[STRIDED_GEMM] N=128 threads=10 rep=10 batches=56985 time=1.007 s | package=120.220 J | dram=NA | total=120.220 J | power=119.4 W | runtime=in_range | checksum=OK
[OpenBLAS] requested=8 active=8
[STRIDED_GEMM] N=16384 threads=8 rep=1 batches=1 time=9.948 s | package=1844.459 J | dram=NA | total=1844.459 J | power=185.4 W | runtime=above | checksum=OK
[STRIDED_GEMM] N=16384 threads=8 rep=2 batches=1 time=9.931 s | package=1845.264 J | dram=NA | total=1845.264 J | power=185.8 W | runtime=above | checksum=OK
[STRIDED_GEMM] N=16384 threads=8 rep=3 batches=1 time=9.935 s | package=1845.724 J | dram=NA | total=1845.724 J | power=185.8 W | runtime=above | checksum=OK
[STRIDED_GEMM] N=16384 threads=8 rep=4 batches=1 time=9.968 s | package=1848.824 J | dram=NA | total=1848.824 J | power=185.5 W | runtime=above | checksum=OK
[STRIDED_GEMM] N=16384 threads=8 rep=5 batches=1 time=9.957 s | package=1847.018 J | dram=NA | total=1847.018 J | power=185.5 W | runtime=above | checksum=OK
[STRIDED_GEMM] N=16384 threads=8 rep=6 batches=1 time=9.997 s | package=1849.261 J | dram=NA | total=1849.261 J | power=185.0 W | runtime=above | checksum=OK
[STRIDED_GEMM] N=16384 threads=8 rep=7 batches=1 time=9.930 s | package=1844.444 J | dram=NA | total=1844.444 J | power=185.7 W | runtime=above | checksum=OK
[STRIDED_GEMM] N=16384 threads=8 rep=8 batches=1 time=9.950 s | package=1847.415 J | dram=NA | total=1847.415 J | power=185.7 W | runtime=above | checksum=OK
[STRIDED_GEMM] N=16384 threads=8 rep=9 batches=1 time=9.979 s | package=1848.091 J | dram=NA | total=1848.091 J | power=185.2 W | runtime=above | checksum=OK
[STRIDED_GEMM] N=16384 threads=8 rep=10 batches=1 time=9.980 s | package=1848.676 J | dram=NA | total=1848.676 J | power=185.2 W | runtime=above | checksum=OK
[OpenBLAS] requested=10 active=10
[STRIDED_GEMM] N=512 threads=10 rep=1 batches=1976 time=1.000 s | package=160.364 J | dram=NA | total=160.364 J | power=160.4 W | runtime=in_range | checksum=OK
[STRIDED_GEMM] N=512 threads=10 rep=2 batches=1976 time=1.007 s | package=161.306 J | dram=NA | total=161.306 J | power=160.2 W | runtime=in_range | checksum=OK
[STRIDED_GEMM] N=512 threads=10 rep=3 batches=1976 time=1.001 s | package=160.643 J | dram=NA | total=160.643 J | power=160.5 W | runtime=in_range | checksum=OK
[STRIDED_GEMM] N=512 threads=10 rep=4 batches=1976 time=1.000 s | package=160.617 J | dram=NA | total=160.617 J | power=160.6 W | runtime=in_range | checksum=OK
[STRIDED_GEMM] N=512 threads=10 rep=5 batches=1976 time=1.001 s | package=160.673 J | dram=NA | total=160.673 J | power=160.4 W | runtime=in_range | checksum=OK
[STRIDED_GEMM] N=512 threads=10 rep=6 batches=1976 time=0.997 s | package=160.366 J | dram=NA | total=160.366 J | power=160.8 W | runtime=in_range | checksum=OK
[STRIDED_GEMM] N=512 threads=10 rep=7 batches=1976 time=0.999 s | package=160.426 J | dram=NA | total=160.426 J | power=160.6 W | runtime=in_range | checksum=OK
[STRIDED_GEMM] N=512 threads=10 rep=8 batches=1976 time=1.002 s | package=160.751 J | dram=NA | total=160.751 J | power=160.4 W | runtime=in_range | checksum=OK
[STRIDED_GEMM] N=512 threads=10 rep=9 batches=1976 time=0.995 s | package=159.998 J | dram=NA | total=159.998 J | power=160.7 W | runtime=in_range | checksum=OK
[STRIDED_GEMM] N=512 threads=10 rep=10 batches=1976 time=1.001 s | package=160.610 J | dram=NA | total=160.610 J | power=160.5 W | runtime=in_range | checksum=OK
[OpenBLAS] requested=20 active=20
[STRIDED_GEMM] N=8192 threads=20 rep=1 batches=2 time=1.129 s | package=319.538 J | dram=NA | total=319.538 J | power=283.0 W | runtime=in_range | checksum=OK
[STRIDED_GEMM] N=8192 threads=20 rep=2 batches=2 time=1.128 s | package=319.736 J | dram=NA | total=319.736 J | power=283.4 W | runtime=in_range | checksum=OK
[STRIDED_GEMM] N=8192 threads=20 rep=3 batches=2 time=1.129 s | package=320.016 J | dram=NA | total=320.016 J | power=283.3 W | runtime=in_range | checksum=OK
[STRIDED_GEMM] N=8192 threads=20 rep=4 batches=2 time=1.130 s | package=320.106 J | dram=NA | total=320.106 J | power=283.4 W | runtime=in_range | checksum=OK
[STRIDED_GEMM] N=8192 threads=20 rep=5 batches=2 time=1.133 s | package=320.723 J | dram=NA | total=320.723 J | power=283.0 W | runtime=in_range | checksum=OK
[STRIDED_GEMM] N=8192 threads=20 rep=6 batches=2 time=1.134 s | package=320.937 J | dram=NA | total=320.937 J | power=282.9 W | runtime=in_range | checksum=OK
[STRIDED_GEMM] N=8192 threads=20 rep=7 batches=2 time=1.136 s | package=321.309 J | dram=NA | total=321.309 J | power=282.8 W | runtime=in_range | checksum=OK
[STRIDED_GEMM] N=8192 threads=20 rep=8 batches=2 time=1.125 s | package=319.481 J | dram=NA | total=319.481 J | power=283.9 W | runtime=in_range | checksum=OK
[STRIDED_GEMM] N=8192 threads=20 rep=9 batches=2 time=1.126 s | package=319.560 J | dram=NA | total=319.560 J | power=283.7 W | runtime=in_range | checksum=OK
[STRIDED_GEMM] N=8192 threads=20 rep=10 batches=2 time=1.126 s | package=319.345 J | dram=NA | total=319.345 J | power=283.6 W | runtime=in_range | checksum=OK
[OpenBLAS] requested=64 active=64
[STRIDED_GEMM] N=128 threads=64 rep=1 batches=58366 time=1.002 s | package=121.819 J | dram=NA | total=121.819 J | power=121.6 W | runtime=in_range | checksum=OK
[STRIDED_GEMM] N=128 threads=64 rep=2 batches=58366 time=1.009 s | package=122.130 J | dram=NA | total=122.130 J | power=121.1 W | runtime=in_range | checksum=OK
[STRIDED_GEMM] N=128 threads=64 rep=3 batches=58366 time=1.000 s | package=121.013 J | dram=NA | total=121.013 J | power=121.0 W | runtime=in_range | checksum=OK
[STRIDED_GEMM] N=128 threads=64 rep=4 batches=58366 time=0.999 s | package=120.850 J | dram=NA | total=120.850 J | power=121.0 W | runtime=in_range | checksum=OK
[STRIDED_GEMM] N=128 threads=64 rep=5 batches=58366 time=0.999 s | package=120.798 J | dram=NA | total=120.798 J | power=120.9 W | runtime=in_range | checksum=OK
[STRIDED_GEMM] N=128 threads=64 rep=6 batches=58366 time=1.006 s | package=121.389 J | dram=NA | total=121.389 J | power=120.6 W | runtime=in_range | checksum=OK
[STRIDED_GEMM] N=128 threads=64 rep=7 batches=58366 time=0.998 s | package=120.447 J | dram=NA | total=120.447 J | power=120.7 W | runtime=in_range | checksum=OK
[STRIDED_GEMM] N=128 threads=64 rep=8 batches=58366 time=1.004 s | package=121.582 J | dram=NA | total=121.582 J | power=121.0 W | runtime=in_range | checksum=OK
[STRIDED_GEMM] N=128 threads=64 rep=9 batches=58366 time=0.998 s | package=121.129 J | dram=NA | total=121.129 J | power=121.4 W | runtime=in_range | checksum=OK
[STRIDED_GEMM] N=128 threads=64 rep=10 batches=58366 time=1.005 s | package=121.240 J | dram=NA | total=121.240 J | power=120.7 W | runtime=in_range | checksum=OK
[OpenBLAS] requested=4 active=4
[STRIDED_GEMM] N=4096 threads=4 rep=1 batches=4 time=1.165 s | package=150.314 J | dram=NA | total=150.314 J | power=129.0 W | runtime=in_range | checksum=OK
[STRIDED_GEMM] N=4096 threads=4 rep=2 batches=4 time=1.178 s | package=151.399 J | dram=NA | total=151.399 J | power=128.5 W | runtime=in_range | checksum=OK
[STRIDED_GEMM] N=4096 threads=4 rep=3 batches=4 time=1.176 s | package=151.157 J | dram=NA | total=151.157 J | power=128.5 W | runtime=in_range | checksum=OK
[STRIDED_GEMM] N=4096 threads=4 rep=4 batches=4 time=1.172 s | package=150.998 J | dram=NA | total=150.998 J | power=128.8 W | runtime=in_range | checksum=OK
[STRIDED_GEMM] N=4096 threads=4 rep=5 batches=4 time=1.174 s | package=151.015 J | dram=NA | total=151.015 J | power=128.6 W | runtime=in_range | checksum=OK
[STRIDED_GEMM] N=4096 threads=4 rep=6 batches=4 time=1.186 s | package=152.216 J | dram=NA | total=152.216 J | power=128.4 W | runtime=in_range | checksum=OK
[STRIDED_GEMM] N=4096 threads=4 rep=7 batches=4 time=1.174 s | package=150.956 J | dram=NA | total=150.956 J | power=128.6 W | runtime=in_range | checksum=OK
[STRIDED_GEMM] N=4096 threads=4 rep=8 batches=4 time=1.174 s | package=150.945 J | dram=NA | total=150.945 J | power=128.6 W | runtime=in_range | checksum=OK
[STRIDED_GEMM] N=4096 threads=4 rep=9 batches=4 time=1.174 s | package=151.400 J | dram=NA | total=151.400 J | power=128.9 W | runtime=in_range | checksum=OK
[STRIDED_GEMM] N=4096 threads=4 rep=10 batches=4 time=1.174 s | package=151.209 J | dram=NA | total=151.209 J | power=128.8 W | runtime=in_range | checksum=OK
[OpenBLAS] requested=2 active=2
[STRIDED_GEMM] N=1024 threads=2 rep=1 batches=112 time=0.999 s | package=96.629 J | dram=NA | total=96.629 J | power=96.7 W | runtime=in_range | checksum=OK
[STRIDED_GEMM] N=1024 threads=2 rep=2 batches=112 time=1.006 s | package=97.124 J | dram=NA | total=97.124 J | power=96.6 W | runtime=in_range | checksum=OK
[STRIDED_GEMM] N=1024 threads=2 rep=3 batches=112 time=1.003 s | package=97.018 J | dram=NA | total=97.018 J | power=96.7 W | runtime=in_range | checksum=OK
[STRIDED_GEMM] N=1024 threads=2 rep=4 batches=112 time=1.005 s | package=96.951 J | dram=NA | total=96.951 J | power=96.5 W | runtime=in_range | checksum=OK
[STRIDED_GEMM] N=1024 threads=2 rep=5 batches=112 time=1.003 s | package=97.018 J | dram=NA | total=97.018 J | power=96.8 W | runtime=in_range | checksum=OK
[STRIDED_GEMM] N=1024 threads=2 rep=6 batches=112 time=1.002 s | package=96.665 J | dram=NA | total=96.665 J | power=96.5 W | runtime=in_range | checksum=OK
[STRIDED_GEMM] N=1024 threads=2 rep=7 batches=112 time=1.004 s | package=96.778 J | dram=NA | total=96.778 J | power=96.4 W | runtime=in_range | checksum=OK
[STRIDED_GEMM] N=1024 threads=2 rep=8 batches=112 time=1.002 s | package=96.574 J | dram=NA | total=96.574 J | power=96.4 W | runtime=in_range | checksum=OK
[STRIDED_GEMM] N=1024 threads=2 rep=9 batches=112 time=1.004 s | package=97.097 J | dram=NA | total=97.097 J | power=96.7 W | runtime=in_range | checksum=OK
[STRIDED_GEMM] N=1024 threads=2 rep=10 batches=112 time=1.000 s | package=96.381 J | dram=NA | total=96.381 J | power=96.4 W | runtime=in_range | checksum=OK
[OpenBLAS] requested=32 active=32
[STRIDED_GEMM] N=4096 threads=32 rep=1 batches=20 time=1.051 s | package=301.835 J | dram=NA | total=301.835 J | power=287.1 W | runtime=in_range | checksum=OK
[STRIDED_GEMM] N=4096 threads=32 rep=2 batches=20 time=1.059 s | package=303.926 J | dram=NA | total=303.926 J | power=287.1 W | runtime=in_range | checksum=OK
[STRIDED_GEMM] N=4096 threads=32 rep=3 batches=20 time=1.052 s | package=301.953 J | dram=NA | total=301.953 J | power=287.0 W | runtime=in_range | checksum=OK
[STRIDED_GEMM] N=4096 threads=32 rep=4 batches=20 time=1.053 s | package=302.157 J | dram=NA | total=302.157 J | power=286.9 W | runtime=in_range | checksum=OK
[STRIDED_GEMM] N=4096 threads=32 rep=5 batches=20 time=1.052 s | package=301.967 J | dram=NA | total=301.967 J | power=287.0 W | runtime=in_range | checksum=OK
[STRIDED_GEMM] N=4096 threads=32 rep=6 batches=20 time=1.053 s | package=302.188 J | dram=NA | total=302.188 J | power=287.0 W | runtime=in_range | checksum=OK
[STRIDED_GEMM] N=4096 threads=32 rep=7 batches=20 time=1.053 s | package=302.271 J | dram=NA | total=302.271 J | power=287.0 W | runtime=in_range | checksum=OK
[STRIDED_GEMM] N=4096 threads=32 rep=8 batches=20 time=1.053 s | package=302.151 J | dram=NA | total=302.151 J | power=287.0 W | runtime=in_range | checksum=OK
[STRIDED_GEMM] N=4096 threads=32 rep=9 batches=20 time=1.053 s | package=302.280 J | dram=NA | total=302.280 J | power=287.0 W | runtime=in_range | checksum=OK
[STRIDED_GEMM] N=4096 threads=32 rep=10 batches=20 time=1.059 s | package=304.183 J | dram=NA | total=304.183 J | power=287.1 W | runtime=in_range | checksum=OK
[OpenBLAS] requested=16 active=16
[STRIDED_GEMM] N=2048 threads=16 rep=1 batches=87 time=1.047 s | package=275.777 J | dram=NA | total=275.777 J | power=263.4 W | runtime=in_range | checksum=OK
[STRIDED_GEMM] N=2048 threads=16 rep=2 batches=87 time=1.047 s | package=275.801 J | dram=NA | total=275.801 J | power=263.3 W | runtime=in_range | checksum=OK
[STRIDED_GEMM] N=2048 threads=16 rep=3 batches=87 time=1.049 s | package=275.630 J | dram=NA | total=275.630 J | power=262.7 W | runtime=in_range | checksum=OK
[STRIDED_GEMM] N=2048 threads=16 rep=4 batches=87 time=1.050 s | package=275.672 J | dram=NA | total=275.672 J | power=262.6 W | runtime=in_range | checksum=OK
[STRIDED_GEMM] N=2048 threads=16 rep=5 batches=87 time=1.050 s | package=275.661 J | dram=NA | total=275.661 J | power=262.5 W | runtime=in_range | checksum=OK
[STRIDED_GEMM] N=2048 threads=16 rep=6 batches=87 time=1.050 s | package=275.452 J | dram=NA | total=275.452 J | power=262.3 W | runtime=in_range | checksum=OK
[STRIDED_GEMM] N=2048 threads=16 rep=7 batches=87 time=1.057 s | package=276.404 J | dram=NA | total=276.404 J | power=261.4 W | runtime=in_range | checksum=OK
[STRIDED_GEMM] N=2048 threads=16 rep=8 batches=87 time=1.053 s | package=275.941 J | dram=NA | total=275.941 J | power=262.1 W | runtime=in_range | checksum=OK
[STRIDED_GEMM] N=2048 threads=16 rep=9 batches=87 time=1.055 s | package=276.381 J | dram=NA | total=276.381 J | power=261.9 W | runtime=in_range | checksum=OK
[STRIDED_GEMM] N=2048 threads=16 rep=10 batches=87 time=1.057 s | package=276.591 J | dram=NA | total=276.591 J | power=261.8 W | runtime=in_range | checksum=OK
[OpenBLAS] requested=8 active=8
[STRIDED_GEMM] N=512 threads=8 rep=1 batches=1846 time=1.000 s | package=146.259 J | dram=NA | total=146.259 J | power=146.3 W | runtime=in_range | checksum=OK
[STRIDED_GEMM] N=512 threads=8 rep=2 batches=1846 time=1.008 s | package=147.041 J | dram=NA | total=147.041 J | power=145.8 W | runtime=in_range | checksum=OK
[STRIDED_GEMM] N=512 threads=8 rep=3 batches=1846 time=0.999 s | package=146.092 J | dram=NA | total=146.092 J | power=146.2 W | runtime=in_range | checksum=OK
[STRIDED_GEMM] N=512 threads=8 rep=4 batches=1846 time=1.009 s | package=147.320 J | dram=NA | total=147.320 J | power=146.0 W | runtime=in_range | checksum=OK
[STRIDED_GEMM] N=512 threads=8 rep=5 batches=1846 time=1.001 s | package=146.149 J | dram=NA | total=146.149 J | power=146.0 W | runtime=in_range | checksum=OK
[STRIDED_GEMM] N=512 threads=8 rep=6 batches=1846 time=1.012 s | package=147.204 J | dram=NA | total=147.204 J | power=145.5 W | runtime=in_range | checksum=OK
[STRIDED_GEMM] N=512 threads=8 rep=7 batches=1846 time=1.001 s | package=146.123 J | dram=NA | total=146.123 J | power=145.9 W | runtime=in_range | checksum=OK
[STRIDED_GEMM] N=512 threads=8 rep=8 batches=1846 time=1.009 s | package=146.995 J | dram=NA | total=146.995 J | power=145.6 W | runtime=in_range | checksum=OK
[STRIDED_GEMM] N=512 threads=8 rep=9 batches=1846 time=0.997 s | package=146.033 J | dram=NA | total=146.033 J | power=146.5 W | runtime=in_range | checksum=OK
[STRIDED_GEMM] N=512 threads=8 rep=10 batches=1846 time=0.986 s | package=145.267 J | dram=NA | total=145.267 J | power=147.3 W | runtime=in_range | checksum=OK
[OpenBLAS] requested=20 active=20
[STRIDED_GEMM] N=128 threads=20 rep=1 batches=58154 time=1.006 s | package=121.384 J | dram=NA | total=121.384 J | power=120.6 W | runtime=in_range | checksum=OK
[STRIDED_GEMM] N=128 threads=20 rep=2 batches=58154 time=1.009 s | package=121.507 J | dram=NA | total=121.507 J | power=120.5 W | runtime=in_range | checksum=OK
[STRIDED_GEMM] N=128 threads=20 rep=3 batches=58154 time=1.009 s | package=121.523 J | dram=NA | total=121.523 J | power=120.5 W | runtime=in_range | checksum=OK
[STRIDED_GEMM] N=128 threads=20 rep=4 batches=58154 time=1.013 s | package=121.917 J | dram=NA | total=121.917 J | power=120.3 W | runtime=in_range | checksum=OK
[STRIDED_GEMM] N=128 threads=20 rep=5 batches=58154 time=1.007 s | package=121.335 J | dram=NA | total=121.335 J | power=120.5 W | runtime=in_range | checksum=OK
[STRIDED_GEMM] N=128 threads=20 rep=6 batches=58154 time=1.008 s | package=121.970 J | dram=NA | total=121.970 J | power=121.0 W | runtime=in_range | checksum=OK
[STRIDED_GEMM] N=128 threads=20 rep=7 batches=58154 time=1.002 s | package=120.879 J | dram=NA | total=120.879 J | power=120.6 W | runtime=in_range | checksum=OK
[STRIDED_GEMM] N=128 threads=20 rep=8 batches=58154 time=1.002 s | package=120.873 J | dram=NA | total=120.873 J | power=120.6 W | runtime=in_range | checksum=OK
[STRIDED_GEMM] N=128 threads=20 rep=9 batches=58154 time=1.001 s | package=120.784 J | dram=NA | total=120.784 J | power=120.7 W | runtime=in_range | checksum=OK
[STRIDED_GEMM] N=128 threads=20 rep=10 batches=58154 time=1.014 s | package=122.027 J | dram=NA | total=122.027 J | power=120.3 W | runtime=in_range | checksum=OK
[OpenBLAS] requested=4 active=4
[STRIDED_GEMM] N=64 threads=4 rep=1 batches=161113 time=1.000 s | package=72.847 J | dram=NA | total=72.847 J | power=72.8 W | runtime=in_range | checksum=OK
[STRIDED_GEMM] N=64 threads=4 rep=2 batches=161113 time=1.002 s | package=73.505 J | dram=NA | total=73.505 J | power=73.4 W | runtime=in_range | checksum=OK
[STRIDED_GEMM] N=64 threads=4 rep=3 batches=161113 time=1.002 s | package=72.865 J | dram=NA | total=72.865 J | power=72.8 W | runtime=in_range | checksum=OK
[STRIDED_GEMM] N=64 threads=4 rep=4 batches=161113 time=1.000 s | package=72.726 J | dram=NA | total=72.726 J | power=72.8 W | runtime=in_range | checksum=OK
[STRIDED_GEMM] N=64 threads=4 rep=5 batches=161113 time=0.999 s | package=72.574 J | dram=NA | total=72.574 J | power=72.7 W | runtime=in_range | checksum=OK
[STRIDED_GEMM] N=64 threads=4 rep=6 batches=161113 time=0.998 s | package=72.571 J | dram=NA | total=72.571 J | power=72.7 W | runtime=in_range | checksum=OK
[STRIDED_GEMM] N=64 threads=4 rep=7 batches=161113 time=0.998 s | package=72.541 J | dram=NA | total=72.541 J | power=72.7 W | runtime=in_range | checksum=OK
[STRIDED_GEMM] N=64 threads=4 rep=8 batches=161113 time=0.999 s | package=72.678 J | dram=NA | total=72.678 J | power=72.7 W | runtime=in_range | checksum=OK
[STRIDED_GEMM] N=64 threads=4 rep=9 batches=161113 time=0.998 s | package=72.510 J | dram=NA | total=72.510 J | power=72.6 W | runtime=in_range | checksum=OK
[STRIDED_GEMM] N=64 threads=4 rep=10 batches=161113 time=0.999 s | package=72.541 J | dram=NA | total=72.541 J | power=72.6 W | runtime=in_range | checksum=OK
[OpenBLAS] requested=2 active=2
[STRIDED_GEMM] N=8192 threads=2 rep=1 batches=1 time=4.436 s | package=429.195 J | dram=NA | total=429.195 J | power=96.8 W | runtime=above | checksum=OK
[STRIDED_GEMM] N=8192 threads=2 rep=2 batches=1 time=4.368 s | package=424.048 J | dram=NA | total=424.048 J | power=97.1 W | runtime=above | checksum=OK
[STRIDED_GEMM] N=8192 threads=2 rep=3 batches=1 time=4.363 s | package=423.286 J | dram=NA | total=423.286 J | power=97.0 W | runtime=above | checksum=OK
[STRIDED_GEMM] N=8192 threads=2 rep=4 batches=1 time=4.360 s | package=423.414 J | dram=NA | total=423.414 J | power=97.1 W | runtime=above | checksum=OK
[STRIDED_GEMM] N=8192 threads=2 rep=5 batches=1 time=4.505 s | package=433.580 J | dram=NA | total=433.580 J | power=96.2 W | runtime=above | checksum=OK
[STRIDED_GEMM] N=8192 threads=2 rep=6 batches=1 time=4.385 s | package=425.635 J | dram=NA | total=425.635 J | power=97.1 W | runtime=above | checksum=OK
[STRIDED_GEMM] N=8192 threads=2 rep=7 batches=1 time=4.384 s | package=425.189 J | dram=NA | total=425.189 J | power=97.0 W | runtime=above | checksum=OK
[STRIDED_GEMM] N=8192 threads=2 rep=8 batches=1 time=4.385 s | package=424.858 J | dram=NA | total=424.858 J | power=96.9 W | runtime=above | checksum=OK
[STRIDED_GEMM] N=8192 threads=2 rep=9 batches=1 time=4.383 s | package=424.805 J | dram=NA | total=424.805 J | power=96.9 W | runtime=above | checksum=OK
[STRIDED_GEMM] N=8192 threads=2 rep=10 batches=1 time=4.390 s | package=425.420 J | dram=NA | total=425.420 J | power=96.9 W | runtime=above | checksum=OK
[OpenBLAS] requested=4 active=4
[STRIDED_GEMM] N=2048 threads=4 rep=1 batches=27 time=1.003 s | package=127.822 J | dram=NA | total=127.822 J | power=127.4 W | runtime=in_range | checksum=OK
[STRIDED_GEMM] N=2048 threads=4 rep=2 batches=27 time=1.013 s | package=128.736 J | dram=NA | total=128.736 J | power=127.0 W | runtime=in_range | checksum=OK
[STRIDED_GEMM] N=2048 threads=4 rep=3 batches=27 time=1.007 s | package=128.172 J | dram=NA | total=128.172 J | power=127.3 W | runtime=in_range | checksum=OK
[STRIDED_GEMM] N=2048 threads=4 rep=4 batches=27 time=1.009 s | package=128.569 J | dram=NA | total=128.569 J | power=127.4 W | runtime=in_range | checksum=OK
[STRIDED_GEMM] N=2048 threads=4 rep=5 batches=27 time=1.017 s | package=128.864 J | dram=NA | total=128.864 J | power=126.7 W | runtime=in_range | checksum=OK
[STRIDED_GEMM] N=2048 threads=4 rep=6 batches=27 time=1.009 s | package=128.235 J | dram=NA | total=128.235 J | power=127.1 W | runtime=in_range | checksum=OK
[STRIDED_GEMM] N=2048 threads=4 rep=7 batches=27 time=1.012 s | package=128.316 J | dram=NA | total=128.316 J | power=126.8 W | runtime=in_range | checksum=OK
[STRIDED_GEMM] N=2048 threads=4 rep=8 batches=27 time=1.018 s | package=129.254 J | dram=NA | total=129.254 J | power=127.0 W | runtime=in_range | checksum=OK
[STRIDED_GEMM] N=2048 threads=4 rep=9 batches=27 time=1.019 s | package=128.969 J | dram=NA | total=128.969 J | power=126.6 W | runtime=in_range | checksum=OK
[STRIDED_GEMM] N=2048 threads=4 rep=10 batches=27 time=1.019 s | package=129.088 J | dram=NA | total=129.088 J | power=126.6 W | runtime=in_range | checksum=OK
[OpenBLAS] requested=64 active=64
[STRIDED_GEMM] N=64 threads=64 rep=1 batches=162095 time=1.001 s | package=72.302 J | dram=NA | total=72.302 J | power=72.2 W | runtime=in_range | checksum=OK
[STRIDED_GEMM] N=64 threads=64 rep=2 batches=162095 time=1.001 s | package=72.276 J | dram=NA | total=72.276 J | power=72.2 W | runtime=in_range | checksum=OK
[STRIDED_GEMM] N=64 threads=64 rep=3 batches=162095 time=1.001 s | package=72.271 J | dram=NA | total=72.271 J | power=72.2 W | runtime=in_range | checksum=OK
[STRIDED_GEMM] N=64 threads=64 rep=4 batches=162095 time=1.002 s | package=72.494 J | dram=NA | total=72.494 J | power=72.3 W | runtime=in_range | checksum=OK
[STRIDED_GEMM] N=64 threads=64 rep=5 batches=162095 time=1.001 s | package=72.267 J | dram=NA | total=72.267 J | power=72.2 W | runtime=in_range | checksum=OK
[STRIDED_GEMM] N=64 threads=64 rep=6 batches=162095 time=1.002 s | package=72.337 J | dram=NA | total=72.337 J | power=72.2 W | runtime=in_range | checksum=OK
[STRIDED_GEMM] N=64 threads=64 rep=7 batches=162095 time=1.000 s | package=72.288 J | dram=NA | total=72.288 J | power=72.3 W | runtime=in_range | checksum=OK
[STRIDED_GEMM] N=64 threads=64 rep=8 batches=162095 time=1.000 s | package=72.230 J | dram=NA | total=72.230 J | power=72.2 W | runtime=in_range | checksum=OK
[STRIDED_GEMM] N=64 threads=64 rep=9 batches=162095 time=1.001 s | package=72.266 J | dram=NA | total=72.266 J | power=72.2 W | runtime=in_range | checksum=OK
[STRIDED_GEMM] N=64 threads=64 rep=10 batches=162095 time=1.000 s | package=72.219 J | dram=NA | total=72.219 J | power=72.2 W | runtime=in_range | checksum=OK
[OpenBLAS] requested=8 active=8
[STRIDED_GEMM] N=128 threads=8 rep=1 batches=58888 time=1.005 s | package=120.787 J | dram=NA | total=120.787 J | power=120.2 W | runtime=in_range | checksum=OK
[STRIDED_GEMM] N=128 threads=8 rep=2 batches=58888 time=1.017 s | package=121.734 J | dram=NA | total=121.734 J | power=119.6 W | runtime=in_range | checksum=OK
[STRIDED_GEMM] N=128 threads=8 rep=3 batches=58888 time=1.013 s | package=121.375 J | dram=NA | total=121.375 J | power=119.8 W | runtime=in_range | checksum=OK
[STRIDED_GEMM] N=128 threads=8 rep=4 batches=58888 time=1.003 s | package=120.644 J | dram=NA | total=120.644 J | power=120.2 W | runtime=in_range | checksum=OK
[STRIDED_GEMM] N=128 threads=8 rep=5 batches=58888 time=1.003 s | package=120.560 J | dram=NA | total=120.560 J | power=120.2 W | runtime=in_range | checksum=OK
[STRIDED_GEMM] N=128 threads=8 rep=6 batches=58888 time=1.003 s | package=120.638 J | dram=NA | total=120.638 J | power=120.2 W | runtime=in_range | checksum=OK
[STRIDED_GEMM] N=128 threads=8 rep=7 batches=58888 time=1.009 s | package=121.729 J | dram=NA | total=121.729 J | power=120.6 W | runtime=in_range | checksum=OK
[STRIDED_GEMM] N=128 threads=8 rep=8 batches=58888 time=1.003 s | package=120.526 J | dram=NA | total=120.526 J | power=120.2 W | runtime=in_range | checksum=OK
[STRIDED_GEMM] N=128 threads=8 rep=9 batches=58888 time=1.004 s | package=120.776 J | dram=NA | total=120.776 J | power=120.3 W | runtime=in_range | checksum=OK
[STRIDED_GEMM] N=128 threads=8 rep=10 batches=58888 time=1.004 s | package=120.621 J | dram=NA | total=120.621 J | power=120.1 W | runtime=in_range | checksum=OK
[OpenBLAS] requested=2 active=2
[STRIDED_GEMM] N=128 threads=2 rep=1 batches=42985 time=1.002 s | package=88.469 J | dram=NA | total=88.469 J | power=88.3 W | runtime=in_range | checksum=OK
[STRIDED_GEMM] N=128 threads=2 rep=2 batches=42985 time=1.016 s | package=90.432 J | dram=NA | total=90.432 J | power=89.0 W | runtime=in_range | checksum=OK
[STRIDED_GEMM] N=128 threads=2 rep=3 batches=42985 time=1.007 s | package=89.833 J | dram=NA | total=89.833 J | power=89.2 W | runtime=in_range | checksum=OK
[STRIDED_GEMM] N=128 threads=2 rep=4 batches=42985 time=1.010 s | package=90.033 J | dram=NA | total=90.033 J | power=89.1 W | runtime=in_range | checksum=OK
[STRIDED_GEMM] N=128 threads=2 rep=5 batches=42985 time=1.007 s | package=89.816 J | dram=NA | total=89.816 J | power=89.2 W | runtime=in_range | checksum=OK
[STRIDED_GEMM] N=128 threads=2 rep=6 batches=42985 time=1.000 s | package=88.878 J | dram=NA | total=88.878 J | power=88.9 W | runtime=in_range | checksum=OK
[STRIDED_GEMM] N=128 threads=2 rep=7 batches=42985 time=1.081 s | package=94.121 J | dram=NA | total=94.121 J | power=87.0 W | runtime=in_range | checksum=OK
[STRIDED_GEMM] N=128 threads=2 rep=8 batches=42985 time=1.005 s | package=88.744 J | dram=NA | total=88.744 J | power=88.3 W | runtime=in_range | checksum=OK
[STRIDED_GEMM] N=128 threads=2 rep=9 batches=42985 time=1.005 s | package=88.608 J | dram=NA | total=88.608 J | power=88.2 W | runtime=in_range | checksum=OK
[STRIDED_GEMM] N=128 threads=2 rep=10 batches=42985 time=1.011 s | package=90.120 J | dram=NA | total=90.120 J | power=89.1 W | runtime=in_range | checksum=OK
[OpenBLAS] requested=20 active=20
[STRIDED_GEMM] N=64 threads=20 rep=1 batches=162030 time=0.999 s | package=72.121 J | dram=NA | total=72.121 J | power=72.2 W | runtime=in_range | checksum=OK
[STRIDED_GEMM] N=64 threads=20 rep=2 batches=162030 time=0.998 s | package=72.024 J | dram=NA | total=72.024 J | power=72.2 W | runtime=in_range | checksum=OK
[STRIDED_GEMM] N=64 threads=20 rep=3 batches=162030 time=1.000 s | package=72.166 J | dram=NA | total=72.166 J | power=72.2 W | runtime=in_range | checksum=OK
[STRIDED_GEMM] N=64 threads=20 rep=4 batches=162030 time=1.000 s | package=72.151 J | dram=NA | total=72.151 J | power=72.2 W | runtime=in_range | checksum=OK
[STRIDED_GEMM] N=64 threads=20 rep=5 batches=162030 time=1.000 s | package=72.165 J | dram=NA | total=72.165 J | power=72.2 W | runtime=in_range | checksum=OK
[STRIDED_GEMM] N=64 threads=20 rep=6 batches=162030 time=1.000 s | package=72.189 J | dram=NA | total=72.189 J | power=72.2 W | runtime=in_range | checksum=OK
[STRIDED_GEMM] N=64 threads=20 rep=7 batches=162030 time=1.000 s | package=72.187 J | dram=NA | total=72.187 J | power=72.2 W | runtime=in_range | checksum=OK
[STRIDED_GEMM] N=64 threads=20 rep=8 batches=162030 time=0.999 s | package=72.109 J | dram=NA | total=72.109 J | power=72.2 W | runtime=in_range | checksum=OK
[STRIDED_GEMM] N=64 threads=20 rep=9 batches=162030 time=0.999 s | package=71.987 J | dram=NA | total=71.987 J | power=72.0 W | runtime=in_range | checksum=OK
[STRIDED_GEMM] N=64 threads=20 rep=10 batches=162030 time=0.999 s | package=72.025 J | dram=NA | total=72.025 J | power=72.1 W | runtime=in_range | checksum=OK
[OpenBLAS] requested=1 active=1
[STRIDED_GEMM] N=1024 threads=1 rep=1 batches=59 time=1.014 s | package=77.687 J | dram=NA | total=77.687 J | power=76.7 W | runtime=in_range | checksum=OK
[STRIDED_GEMM] N=1024 threads=1 rep=2 batches=59 time=1.020 s | package=77.212 J | dram=NA | total=77.212 J | power=75.7 W | runtime=in_range | checksum=OK
[STRIDED_GEMM] N=1024 threads=1 rep=3 batches=59 time=1.020 s | package=77.005 J | dram=NA | total=77.005 J | power=75.5 W | runtime=in_range | checksum=OK
[STRIDED_GEMM] N=1024 threads=1 rep=4 batches=59 time=1.013 s | package=76.566 J | dram=NA | total=76.566 J | power=75.6 W | runtime=in_range | checksum=OK
[STRIDED_GEMM] N=1024 threads=1 rep=5 batches=59 time=1.023 s | package=78.335 J | dram=NA | total=78.335 J | power=76.6 W | runtime=in_range | checksum=OK
[STRIDED_GEMM] N=1024 threads=1 rep=6 batches=59 time=1.019 s | package=77.262 J | dram=NA | total=77.262 J | power=75.8 W | runtime=in_range | checksum=OK
[STRIDED_GEMM] N=1024 threads=1 rep=7 batches=59 time=1.022 s | package=77.162 J | dram=NA | total=77.162 J | power=75.5 W | runtime=in_range | checksum=OK
[STRIDED_GEMM] N=1024 threads=1 rep=8 batches=59 time=1.023 s | package=77.422 J | dram=NA | total=77.422 J | power=75.7 W | runtime=in_range | checksum=OK
[STRIDED_GEMM] N=1024 threads=1 rep=9 batches=59 time=1.019 s | package=76.929 J | dram=NA | total=76.929 J | power=75.5 W | runtime=in_range | checksum=OK
[STRIDED_GEMM] N=1024 threads=1 rep=10 batches=59 time=1.022 s | package=77.233 J | dram=NA | total=77.233 J | power=75.5 W | runtime=in_range | checksum=OK
[OpenBLAS] requested=32 active=32
[STRIDED_GEMM] N=2048 threads=32 rep=1 batches=122 time=1.001 s | package=287.186 J | dram=NA | total=287.186 J | power=286.9 W | runtime=in_range | checksum=OK
[STRIDED_GEMM] N=2048 threads=32 rep=2 batches=122 time=1.010 s | package=290.002 J | dram=NA | total=290.002 J | power=287.0 W | runtime=in_range | checksum=OK
[STRIDED_GEMM] N=2048 threads=32 rep=3 batches=122 time=1.002 s | package=287.608 J | dram=NA | total=287.608 J | power=287.0 W | runtime=in_range | checksum=OK
[STRIDED_GEMM] N=2048 threads=32 rep=4 batches=122 time=1.004 s | package=288.126 J | dram=NA | total=288.126 J | power=287.0 W | runtime=in_range | checksum=OK
[STRIDED_GEMM] N=2048 threads=32 rep=5 batches=122 time=1.005 s | package=288.218 J | dram=NA | total=288.218 J | power=286.8 W | runtime=in_range | checksum=OK
[STRIDED_GEMM] N=2048 threads=32 rep=6 batches=122 time=1.004 s | package=288.188 J | dram=NA | total=288.188 J | power=287.0 W | runtime=in_range | checksum=OK
[STRIDED_GEMM] N=2048 threads=32 rep=7 batches=122 time=1.004 s | package=288.384 J | dram=NA | total=288.384 J | power=287.2 W | runtime=in_range | checksum=OK
[STRIDED_GEMM] N=2048 threads=32 rep=8 batches=122 time=1.003 s | package=287.885 J | dram=NA | total=287.885 J | power=287.0 W | runtime=in_range | checksum=OK
[STRIDED_GEMM] N=2048 threads=32 rep=9 batches=122 time=1.003 s | package=288.119 J | dram=NA | total=288.119 J | power=287.1 W | runtime=in_range | checksum=OK
[STRIDED_GEMM] N=2048 threads=32 rep=10 batches=122 time=1.006 s | package=288.721 J | dram=NA | total=288.721 J | power=287.0 W | runtime=in_range | checksum=OK
[OpenBLAS] requested=10 active=10
[STRIDED_GEMM] N=8192 threads=10 rep=1 batches=1 time=1.022 s | package=217.628 J | dram=NA | total=217.628 J | power=213.0 W | runtime=in_range | checksum=OK
[STRIDED_GEMM] N=8192 threads=10 rep=2 batches=1 time=1.019 s | package=217.776 J | dram=NA | total=217.776 J | power=213.6 W | runtime=in_range | checksum=OK
[STRIDED_GEMM] N=8192 threads=10 rep=3 batches=1 time=1.023 s | package=217.651 J | dram=NA | total=217.651 J | power=212.8 W | runtime=in_range | checksum=OK
[STRIDED_GEMM] N=8192 threads=10 rep=4 batches=1 time=1.026 s | package=217.591 J | dram=NA | total=217.591 J | power=212.2 W | runtime=in_range | checksum=OK
[STRIDED_GEMM] N=8192 threads=10 rep=5 batches=1 time=1.028 s | package=218.134 J | dram=NA | total=218.134 J | power=212.3 W | runtime=in_range | checksum=OK
[STRIDED_GEMM] N=8192 threads=10 rep=6 batches=1 time=1.030 s | package=218.370 J | dram=NA | total=218.370 J | power=212.0 W | runtime=in_range | checksum=OK
[STRIDED_GEMM] N=8192 threads=10 rep=7 batches=1 time=1.026 s | package=217.714 J | dram=NA | total=217.714 J | power=212.2 W | runtime=in_range | checksum=OK
[STRIDED_GEMM] N=8192 threads=10 rep=8 batches=1 time=1.029 s | package=217.995 J | dram=NA | total=217.995 J | power=211.9 W | runtime=in_range | checksum=OK
[STRIDED_GEMM] N=8192 threads=10 rep=9 batches=1 time=1.026 s | package=217.873 J | dram=NA | total=217.873 J | power=212.3 W | runtime=in_range | checksum=OK
[STRIDED_GEMM] N=8192 threads=10 rep=10 batches=1 time=1.025 s | package=217.791 J | dram=NA | total=217.791 J | power=212.5 W | runtime=in_range | checksum=OK
[OpenBLAS] requested=8 active=8
[STRIDED_GEMM] N=256 threads=8 rep=1 batches=11433 time=1.000 s | package=136.707 J | dram=NA | total=136.707 J | power=136.7 W | runtime=in_range | checksum=OK
[STRIDED_GEMM] N=256 threads=8 rep=2 batches=11433 time=1.046 s | package=140.394 J | dram=NA | total=140.394 J | power=134.2 W | runtime=in_range | checksum=OK
[STRIDED_GEMM] N=256 threads=8 rep=3 batches=11433 time=1.046 s | package=140.436 J | dram=NA | total=140.436 J | power=134.2 W | runtime=in_range | checksum=OK
[STRIDED_GEMM] N=256 threads=8 rep=4 batches=11433 time=1.040 s | package=139.730 J | dram=NA | total=139.730 J | power=134.3 W | runtime=in_range | checksum=OK
[STRIDED_GEMM] N=256 threads=8 rep=5 batches=11433 time=1.041 s | package=139.865 J | dram=NA | total=139.865 J | power=134.4 W | runtime=in_range | checksum=OK
[STRIDED_GEMM] N=256 threads=8 rep=6 batches=11433 time=1.039 s | package=139.534 J | dram=NA | total=139.534 J | power=134.3 W | runtime=in_range | checksum=OK
[STRIDED_GEMM] N=256 threads=8 rep=7 batches=11433 time=1.037 s | package=139.460 J | dram=NA | total=139.460 J | power=134.5 W | runtime=in_range | checksum=OK
[STRIDED_GEMM] N=256 threads=8 rep=8 batches=11433 time=1.037 s | package=139.466 J | dram=NA | total=139.466 J | power=134.5 W | runtime=in_range | checksum=OK
[STRIDED_GEMM] N=256 threads=8 rep=9 batches=11433 time=1.037 s | package=139.484 J | dram=NA | total=139.484 J | power=134.5 W | runtime=in_range | checksum=OK
[STRIDED_GEMM] N=256 threads=8 rep=10 batches=11433 time=1.049 s | package=140.590 J | dram=NA | total=140.590 J | power=134.0 W | runtime=in_range | checksum=OK
[OpenBLAS] requested=16 active=16
[STRIDED_GEMM] N=512 threads=16 rep=1 batches=3458 time=1.008 s | package=219.881 J | dram=NA | total=219.881 J | power=218.1 W | runtime=in_range | checksum=OK
[STRIDED_GEMM] N=512 threads=16 rep=2 batches=3458 time=1.067 s | package=227.344 J | dram=NA | total=227.344 J | power=213.0 W | runtime=in_range | checksum=OK
[STRIDED_GEMM] N=512 threads=16 rep=3 batches=3458 time=1.008 s | package=219.844 J | dram=NA | total=219.844 J | power=218.2 W | runtime=in_range | checksum=OK
[STRIDED_GEMM] N=512 threads=16 rep=4 batches=3458 time=1.009 s | package=219.889 J | dram=NA | total=219.889 J | power=217.8 W | runtime=in_range | checksum=OK
[STRIDED_GEMM] N=512 threads=16 rep=5 batches=3458 time=1.009 s | package=219.942 J | dram=NA | total=219.942 J | power=218.0 W | runtime=in_range | checksum=OK
[STRIDED_GEMM] N=512 threads=16 rep=6 batches=3458 time=1.015 s | package=220.816 J | dram=NA | total=220.816 J | power=217.6 W | runtime=in_range | checksum=OK
[STRIDED_GEMM] N=512 threads=16 rep=7 batches=3458 time=1.009 s | package=220.055 J | dram=NA | total=220.055 J | power=218.1 W | runtime=in_range | checksum=OK
[STRIDED_GEMM] N=512 threads=16 rep=8 batches=3458 time=1.017 s | package=221.282 J | dram=NA | total=221.282 J | power=217.5 W | runtime=in_range | checksum=OK
[STRIDED_GEMM] N=512 threads=16 rep=9 batches=3458 time=1.009 s | package=220.159 J | dram=NA | total=220.159 J | power=218.1 W | runtime=in_range | checksum=OK
[STRIDED_GEMM] N=512 threads=16 rep=10 batches=3458 time=1.016 s | package=221.028 J | dram=NA | total=221.028 J | power=217.6 W | runtime=in_range | checksum=OK
[OpenBLAS] requested=32 active=32
[STRIDED_GEMM] N=64 threads=32 rep=1 batches=161266 time=1.000 s | package=72.629 J | dram=NA | total=72.629 J | power=72.6 W | runtime=in_range | checksum=OK
[STRIDED_GEMM] N=64 threads=32 rep=2 batches=161266 time=1.000 s | package=72.505 J | dram=NA | total=72.505 J | power=72.5 W | runtime=in_range | checksum=OK
[STRIDED_GEMM] N=64 threads=32 rep=3 batches=161266 time=0.999 s | package=72.552 J | dram=NA | total=72.552 J | power=72.6 W | runtime=in_range | checksum=OK
[STRIDED_GEMM] N=64 threads=32 rep=4 batches=161266 time=0.999 s | package=72.412 J | dram=NA | total=72.412 J | power=72.5 W | runtime=in_range | checksum=OK
[STRIDED_GEMM] N=64 threads=32 rep=5 batches=161266 time=0.997 s | package=72.325 J | dram=NA | total=72.325 J | power=72.5 W | runtime=in_range | checksum=OK
[STRIDED_GEMM] N=64 threads=32 rep=6 batches=161266 time=0.996 s | package=72.266 J | dram=NA | total=72.266 J | power=72.5 W | runtime=in_range | checksum=OK
[STRIDED_GEMM] N=64 threads=32 rep=7 batches=161266 time=0.996 s | package=72.119 J | dram=NA | total=72.119 J | power=72.4 W | runtime=in_range | checksum=OK
[STRIDED_GEMM] N=64 threads=32 rep=8 batches=161266 time=0.995 s | package=72.122 J | dram=NA | total=72.122 J | power=72.5 W | runtime=in_range | checksum=OK
[STRIDED_GEMM] N=64 threads=32 rep=9 batches=161266 time=0.995 s | package=72.209 J | dram=NA | total=72.209 J | power=72.5 W | runtime=in_range | checksum=OK
[STRIDED_GEMM] N=64 threads=32 rep=10 batches=161266 time=0.995 s | package=72.102 J | dram=NA | total=72.102 J | power=72.5 W | runtime=in_range | checksum=OK
[OpenBLAS] requested=4 active=4
[STRIDED_GEMM] N=1024 threads=4 rep=1 batches=215 time=1.015 s | package=127.146 J | dram=NA | total=127.146 J | power=125.2 W | runtime=in_range | checksum=OK
[STRIDED_GEMM] N=1024 threads=4 rep=2 batches=215 time=1.028 s | package=128.336 J | dram=NA | total=128.336 J | power=124.8 W | runtime=in_range | checksum=OK
[STRIDED_GEMM] N=1024 threads=4 rep=3 batches=215 time=1.017 s | package=127.356 J | dram=NA | total=127.356 J | power=125.2 W | runtime=in_range | checksum=OK
[STRIDED_GEMM] N=1024 threads=4 rep=4 batches=215 time=1.019 s | package=127.346 J | dram=NA | total=127.346 J | power=125.0 W | runtime=in_range | checksum=OK
[STRIDED_GEMM] N=1024 threads=4 rep=5 batches=215 time=1.019 s | package=127.556 J | dram=NA | total=127.556 J | power=125.2 W | runtime=in_range | checksum=OK
[STRIDED_GEMM] N=1024 threads=4 rep=6 batches=215 time=1.028 s | package=128.050 J | dram=NA | total=128.050 J | power=124.6 W | runtime=in_range | checksum=OK
[STRIDED_GEMM] N=1024 threads=4 rep=7 batches=215 time=1.020 s | package=127.446 J | dram=NA | total=127.446 J | power=125.0 W | runtime=in_range | checksum=OK
[STRIDED_GEMM] N=1024 threads=4 rep=8 batches=215 time=1.021 s | package=127.446 J | dram=NA | total=127.446 J | power=124.9 W | runtime=in_range | checksum=OK
[STRIDED_GEMM] N=1024 threads=4 rep=9 batches=215 time=1.021 s | package=127.870 J | dram=NA | total=127.870 J | power=125.2 W | runtime=in_range | checksum=OK
[STRIDED_GEMM] N=1024 threads=4 rep=10 batches=215 time=1.030 s | package=128.041 J | dram=NA | total=128.041 J | power=124.4 W | runtime=in_range | checksum=OK
[OpenBLAS] requested=1 active=1
[STRIDED_GEMM] N=128 threads=1 rep=1 batches=24972 time=1.000 s | package=73.848 J | dram=NA | total=73.848 J | power=73.8 W | runtime=in_range | checksum=OK
[STRIDED_GEMM] N=128 threads=1 rep=2 batches=24972 time=1.008 s | package=74.478 J | dram=NA | total=74.478 J | power=73.9 W | runtime=in_range | checksum=OK
[STRIDED_GEMM] N=128 threads=1 rep=3 batches=24972 time=1.008 s | package=74.332 J | dram=NA | total=74.332 J | power=73.7 W | runtime=in_range | checksum=OK
[STRIDED_GEMM] N=128 threads=1 rep=4 batches=24972 time=1.003 s | package=73.911 J | dram=NA | total=73.911 J | power=73.7 W | runtime=in_range | checksum=OK
[STRIDED_GEMM] N=128 threads=1 rep=5 batches=24972 time=1.000 s | package=73.681 J | dram=NA | total=73.681 J | power=73.7 W | runtime=in_range | checksum=OK
[STRIDED_GEMM] N=128 threads=1 rep=6 batches=24972 time=1.003 s | package=73.891 J | dram=NA | total=73.891 J | power=73.7 W | runtime=in_range | checksum=OK
[STRIDED_GEMM] N=128 threads=1 rep=7 batches=24972 time=1.007 s | package=74.162 J | dram=NA | total=74.162 J | power=73.6 W | runtime=in_range | checksum=OK
[STRIDED_GEMM] N=128 threads=1 rep=8 batches=24972 time=1.007 s | package=74.124 J | dram=NA | total=74.124 J | power=73.6 W | runtime=in_range | checksum=OK
[STRIDED_GEMM] N=128 threads=1 rep=9 batches=24972 time=1.006 s | package=74.032 J | dram=NA | total=74.032 J | power=73.6 W | runtime=in_range | checksum=OK
[STRIDED_GEMM] N=128 threads=1 rep=10 batches=24972 time=1.004 s | package=73.929 J | dram=NA | total=73.929 J | power=73.7 W | runtime=in_range | checksum=OK
[OpenBLAS] requested=8 active=8
[STRIDED_GEMM] N=2048 threads=8 rep=1 batches=46 time=1.003 s | package=175.515 J | dram=NA | total=175.515 J | power=175.0 W | runtime=in_range | checksum=OK
[STRIDED_GEMM] N=2048 threads=8 rep=2 batches=46 time=1.009 s | package=175.879 J | dram=NA | total=175.879 J | power=174.3 W | runtime=in_range | checksum=OK
[STRIDED_GEMM] N=2048 threads=8 rep=3 batches=46 time=1.016 s | package=176.726 J | dram=NA | total=176.726 J | power=174.0 W | runtime=in_range | checksum=OK
[STRIDED_GEMM] N=2048 threads=8 rep=4 batches=46 time=1.018 s | package=176.940 J | dram=NA | total=176.940 J | power=173.9 W | runtime=in_range | checksum=OK
[STRIDED_GEMM] N=2048 threads=8 rep=5 batches=46 time=1.010 s | package=176.212 J | dram=NA | total=176.212 J | power=174.5 W | runtime=in_range | checksum=OK
[STRIDED_GEMM] N=2048 threads=8 rep=6 batches=46 time=1.012 s | package=176.210 J | dram=NA | total=176.210 J | power=174.2 W | runtime=in_range | checksum=OK
[STRIDED_GEMM] N=2048 threads=8 rep=7 batches=46 time=1.010 s | package=176.101 J | dram=NA | total=176.101 J | power=174.3 W | runtime=in_range | checksum=OK
[STRIDED_GEMM] N=2048 threads=8 rep=8 batches=46 time=1.020 s | package=177.171 J | dram=NA | total=177.171 J | power=173.7 W | runtime=in_range | checksum=OK
[STRIDED_GEMM] N=2048 threads=8 rep=9 batches=46 time=1.011 s | package=176.299 J | dram=NA | total=176.299 J | power=174.4 W | runtime=in_range | checksum=OK
[STRIDED_GEMM] N=2048 threads=8 rep=10 batches=46 time=1.021 s | package=177.118 J | dram=NA | total=177.118 J | power=173.5 W | runtime=in_range | checksum=OK
[OpenBLAS] requested=2 active=2
[STRIDED_GEMM] N=16384 threads=2 rep=1 batches=1 time=37.052 s | package=3561.729 J | dram=NA | total=3561.729 J | power=96.1 W | runtime=above | checksum=OK
[STRIDED_GEMM] N=16384 threads=2 rep=2 batches=1 time=37.057 s | package=3571.480 J | dram=NA | total=3571.480 J | power=96.4 W | runtime=above | checksum=OK
[STRIDED_GEMM] N=16384 threads=2 rep=3 batches=1 time=37.145 s | package=3566.040 J | dram=NA | total=3566.040 J | power=96.0 W | runtime=above | checksum=OK
[STRIDED_GEMM] N=16384 threads=2 rep=4 batches=1 time=37.156 s | package=3567.257 J | dram=NA | total=3567.257 J | power=96.0 W | runtime=above | checksum=OK
[STRIDED_GEMM] N=16384 threads=2 rep=5 batches=1 time=37.146 s | package=3566.924 J | dram=NA | total=3566.924 J | power=96.0 W | runtime=above | checksum=OK
[STRIDED_GEMM] N=16384 threads=2 rep=6 batches=1 time=37.173 s | package=3570.096 J | dram=NA | total=3570.096 J | power=96.0 W | runtime=above | checksum=OK
[STRIDED_GEMM] N=16384 threads=2 rep=7 batches=1 time=37.146 s | package=3567.016 J | dram=NA | total=3567.016 J | power=96.0 W | runtime=above | checksum=OK
[STRIDED_GEMM] N=16384 threads=2 rep=8 batches=1 time=37.133 s | package=3564.976 J | dram=NA | total=3564.976 J | power=96.0 W | runtime=above | checksum=OK
[STRIDED_GEMM] N=16384 threads=2 rep=9 batches=1 time=37.120 s | package=3564.413 J | dram=NA | total=3564.413 J | power=96.0 W | runtime=above | checksum=OK
[STRIDED_GEMM] N=16384 threads=2 rep=10 batches=1 time=37.237 s | package=3575.266 J | dram=NA | total=3575.266 J | power=96.0 W | runtime=above | checksum=OK
[OpenBLAS] requested=20 active=20
[STRIDED_GEMM] N=512 threads=20 rep=1 batches=3104 time=1.001 s | package=228.302 J | dram=NA | total=228.302 J | power=228.0 W | runtime=in_range | checksum=OK
[STRIDED_GEMM] N=512 threads=20 rep=2 batches=3104 time=1.009 s | package=229.787 J | dram=NA | total=229.787 J | power=227.7 W | runtime=in_range | checksum=OK
[STRIDED_GEMM] N=512 threads=20 rep=3 batches=3104 time=1.001 s | package=229.316 J | dram=NA | total=229.316 J | power=229.1 W | runtime=in_range | checksum=OK
[STRIDED_GEMM] N=512 threads=20 rep=4 batches=3104 time=1.003 s | package=229.463 J | dram=NA | total=229.463 J | power=228.8 W | runtime=in_range | checksum=OK
[STRIDED_GEMM] N=512 threads=20 rep=5 batches=3104 time=1.003 s | package=229.301 J | dram=NA | total=229.301 J | power=228.7 W | runtime=in_range | checksum=OK
[STRIDED_GEMM] N=512 threads=20 rep=6 batches=3104 time=1.002 s | package=229.086 J | dram=NA | total=229.086 J | power=228.6 W | runtime=in_range | checksum=OK
[STRIDED_GEMM] N=512 threads=20 rep=7 batches=3104 time=1.000 s | package=228.803 J | dram=NA | total=228.803 J | power=228.7 W | runtime=in_range | checksum=OK
[STRIDED_GEMM] N=512 threads=20 rep=8 batches=3104 time=1.000 s | package=229.120 J | dram=NA | total=229.120 J | power=229.1 W | runtime=in_range | checksum=OK
[STRIDED_GEMM] N=512 threads=20 rep=9 batches=3104 time=1.008 s | package=230.204 J | dram=NA | total=230.204 J | power=228.5 W | runtime=in_range | checksum=OK
[STRIDED_GEMM] N=512 threads=20 rep=10 batches=3104 time=1.003 s | package=229.299 J | dram=NA | total=229.299 J | power=228.6 W | runtime=in_range | checksum=OK
[OpenBLAS] requested=8 active=8
[STRIDED_GEMM] N=8192 threads=8 rep=1 batches=1 time=1.181 s | package=224.185 J | dram=NA | total=224.185 J | power=189.9 W | runtime=in_range | checksum=OK
[STRIDED_GEMM] N=8192 threads=8 rep=2 batches=1 time=1.180 s | package=223.818 J | dram=NA | total=223.818 J | power=189.6 W | runtime=in_range | checksum=OK
[STRIDED_GEMM] N=8192 threads=8 rep=3 batches=1 time=1.182 s | package=224.452 J | dram=NA | total=224.452 J | power=189.8 W | runtime=in_range | checksum=OK
[STRIDED_GEMM] N=8192 threads=8 rep=4 batches=1 time=1.180 s | package=223.888 J | dram=NA | total=223.888 J | power=189.7 W | runtime=in_range | checksum=OK
[STRIDED_GEMM] N=8192 threads=8 rep=5 batches=1 time=1.179 s | package=223.551 J | dram=NA | total=223.551 J | power=189.6 W | runtime=in_range | checksum=OK
[STRIDED_GEMM] N=8192 threads=8 rep=6 batches=1 time=1.179 s | package=223.804 J | dram=NA | total=223.804 J | power=189.9 W | runtime=in_range | checksum=OK
[STRIDED_GEMM] N=8192 threads=8 rep=7 batches=1 time=1.180 s | package=223.969 J | dram=NA | total=223.969 J | power=189.9 W | runtime=in_range | checksum=OK
[STRIDED_GEMM] N=8192 threads=8 rep=8 batches=1 time=1.179 s | package=223.560 J | dram=NA | total=223.560 J | power=189.6 W | runtime=in_range | checksum=OK
[STRIDED_GEMM] N=8192 threads=8 rep=9 batches=1 time=1.186 s | package=224.467 J | dram=NA | total=224.467 J | power=189.3 W | runtime=in_range | checksum=OK
[STRIDED_GEMM] N=8192 threads=8 rep=10 batches=1 time=1.182 s | package=223.925 J | dram=NA | total=223.925 J | power=189.5 W | runtime=in_range | checksum=OK
[OpenBLAS] requested=64 active=64
[STRIDED_GEMM] N=4096 threads=64 rep=1 batches=19 time=1.036 s | package=256.616 J | dram=NA | total=256.616 J | power=247.8 W | runtime=in_range | checksum=OK
[STRIDED_GEMM] N=4096 threads=64 rep=2 batches=19 time=1.038 s | package=257.761 J | dram=NA | total=257.761 J | power=248.4 W | runtime=in_range | checksum=OK
[STRIDED_GEMM] N=4096 threads=64 rep=3 batches=19 time=1.042 s | package=258.822 J | dram=NA | total=258.822 J | power=248.4 W | runtime=in_range | checksum=OK
[STRIDED_GEMM] N=4096 threads=64 rep=4 batches=19 time=1.035 s | package=258.039 J | dram=NA | total=258.039 J | power=249.4 W | runtime=in_range | checksum=OK
[STRIDED_GEMM] N=4096 threads=64 rep=5 batches=19 time=1.038 s | package=258.355 J | dram=NA | total=258.355 J | power=249.0 W | runtime=in_range | checksum=OK
[STRIDED_GEMM] N=4096 threads=64 rep=6 batches=19 time=1.035 s | package=257.133 J | dram=NA | total=257.133 J | power=248.5 W | runtime=in_range | checksum=OK
[STRIDED_GEMM] N=4096 threads=64 rep=7 batches=19 time=1.036 s | package=258.218 J | dram=NA | total=258.218 J | power=249.1 W | runtime=in_range | checksum=OK
[STRIDED_GEMM] N=4096 threads=64 rep=8 batches=19 time=1.036 s | package=258.171 J | dram=NA | total=258.171 J | power=249.3 W | runtime=in_range | checksum=OK
[STRIDED_GEMM] N=4096 threads=64 rep=9 batches=19 time=1.034 s | package=258.233 J | dram=NA | total=258.233 J | power=249.6 W | runtime=in_range | checksum=OK
[STRIDED_GEMM] N=4096 threads=64 rep=10 batches=19 time=1.038 s | package=258.615 J | dram=NA | total=258.615 J | power=249.1 W | runtime=in_range | checksum=OK
[OpenBLAS] requested=1 active=1
[STRIDED_GEMM] N=512 threads=1 rep=1 batches=456 time=0.999 s | package=76.273 J | dram=NA | total=76.273 J | power=76.3 W | runtime=in_range | checksum=OK
[STRIDED_GEMM] N=512 threads=1 rep=2 batches=456 time=1.002 s | package=76.373 J | dram=NA | total=76.373 J | power=76.2 W | runtime=in_range | checksum=OK
[STRIDED_GEMM] N=512 threads=1 rep=3 batches=456 time=1.004 s | package=76.376 J | dram=NA | total=76.376 J | power=76.1 W | runtime=in_range | checksum=OK
[STRIDED_GEMM] N=512 threads=1 rep=4 batches=456 time=1.003 s | package=76.255 J | dram=NA | total=76.255 J | power=76.0 W | runtime=in_range | checksum=OK
[STRIDED_GEMM] N=512 threads=1 rep=5 batches=456 time=1.002 s | package=76.117 J | dram=NA | total=76.117 J | power=76.0 W | runtime=in_range | checksum=OK
[STRIDED_GEMM] N=512 threads=1 rep=6 batches=456 time=1.004 s | package=76.352 J | dram=NA | total=76.352 J | power=76.0 W | runtime=in_range | checksum=OK
[STRIDED_GEMM] N=512 threads=1 rep=7 batches=456 time=1.004 s | package=76.380 J | dram=NA | total=76.380 J | power=76.1 W | runtime=in_range | checksum=OK
[STRIDED_GEMM] N=512 threads=1 rep=8 batches=456 time=1.004 s | package=76.569 J | dram=NA | total=76.569 J | power=76.3 W | runtime=in_range | checksum=OK
[STRIDED_GEMM] N=512 threads=1 rep=9 batches=456 time=1.002 s | package=76.243 J | dram=NA | total=76.243 J | power=76.1 W | runtime=in_range | checksum=OK
[STRIDED_GEMM] N=512 threads=1 rep=10 batches=456 time=1.002 s | package=76.060 J | dram=NA | total=76.060 J | power=75.9 W | runtime=in_range | checksum=OK
[OpenBLAS] requested=16 active=16
[STRIDED_GEMM] N=128 threads=16 rep=1 batches=56720 time=0.998 s | package=119.620 J | dram=NA | total=119.620 J | power=119.9 W | runtime=in_range | checksum=OK
[STRIDED_GEMM] N=128 threads=16 rep=2 batches=56720 time=1.008 s | package=120.632 J | dram=NA | total=120.632 J | power=119.7 W | runtime=in_range | checksum=OK
[STRIDED_GEMM] N=128 threads=16 rep=3 batches=56720 time=1.000 s | package=119.883 J | dram=NA | total=119.883 J | power=119.9 W | runtime=in_range | checksum=OK
[STRIDED_GEMM] N=128 threads=16 rep=4 batches=56720 time=1.000 s | package=120.033 J | dram=NA | total=120.033 J | power=120.0 W | runtime=in_range | checksum=OK
[STRIDED_GEMM] N=128 threads=16 rep=5 batches=56720 time=1.000 s | package=120.213 J | dram=NA | total=120.213 J | power=120.2 W | runtime=in_range | checksum=OK
[STRIDED_GEMM] N=128 threads=16 rep=6 batches=56720 time=1.000 s | package=120.043 J | dram=NA | total=120.043 J | power=120.1 W | runtime=in_range | checksum=OK
[STRIDED_GEMM] N=128 threads=16 rep=7 batches=56720 time=1.008 s | package=120.984 J | dram=NA | total=120.984 J | power=120.1 W | runtime=in_range | checksum=OK
[STRIDED_GEMM] N=128 threads=16 rep=8 batches=56720 time=1.008 s | package=121.010 J | dram=NA | total=121.010 J | power=120.0 W | runtime=in_range | checksum=OK
[STRIDED_GEMM] N=128 threads=16 rep=9 batches=56720 time=1.012 s | package=121.349 J | dram=NA | total=121.349 J | power=119.9 W | runtime=in_range | checksum=OK
[STRIDED_GEMM] N=128 threads=16 rep=10 batches=56720 time=1.001 s | package=120.222 J | dram=NA | total=120.222 J | power=120.1 W | runtime=in_range | checksum=OK
[OpenBLAS] requested=2 active=2
[STRIDED_GEMM] N=4096 threads=2 rep=1 batches=2 time=1.075 s | package=106.368 J | dram=NA | total=106.368 J | power=98.9 W | runtime=in_range | checksum=OK
[STRIDED_GEMM] N=4096 threads=2 rep=2 batches=2 time=1.087 s | package=107.297 J | dram=NA | total=107.297 J | power=98.7 W | runtime=in_range | checksum=OK
[STRIDED_GEMM] N=4096 threads=2 rep=3 batches=2 time=1.082 s | package=106.894 J | dram=NA | total=106.894 J | power=98.8 W | runtime=in_range | checksum=OK
[STRIDED_GEMM] N=4096 threads=2 rep=4 batches=2 time=1.084 s | package=106.867 J | dram=NA | total=106.867 J | power=98.6 W | runtime=in_range | checksum=OK
[STRIDED_GEMM] N=4096 threads=2 rep=5 batches=2 time=1.080 s | package=106.603 J | dram=NA | total=106.603 J | power=98.7 W | runtime=in_range | checksum=OK
[STRIDED_GEMM] N=4096 threads=2 rep=6 batches=2 time=1.087 s | package=106.891 J | dram=NA | total=106.891 J | power=98.4 W | runtime=in_range | checksum=OK
[STRIDED_GEMM] N=4096 threads=2 rep=7 batches=2 time=1.086 s | package=106.859 J | dram=NA | total=106.859 J | power=98.4 W | runtime=in_range | checksum=OK
[STRIDED_GEMM] N=4096 threads=2 rep=8 batches=2 time=1.081 s | package=106.485 J | dram=NA | total=106.485 J | power=98.5 W | runtime=in_range | checksum=OK
[STRIDED_GEMM] N=4096 threads=2 rep=9 batches=2 time=1.081 s | package=106.500 J | dram=NA | total=106.500 J | power=98.5 W | runtime=in_range | checksum=OK
[STRIDED_GEMM] N=4096 threads=2 rep=10 batches=2 time=1.081 s | package=106.391 J | dram=NA | total=106.391 J | power=98.4 W | runtime=in_range | checksum=OK
[OpenBLAS] requested=2 active=2
[STRIDED_GEMM] N=512 threads=2 rep=1 batches=899 time=1.000 s | package=93.793 J | dram=NA | total=93.793 J | power=93.8 W | runtime=in_range | checksum=OK
[STRIDED_GEMM] N=512 threads=2 rep=2 batches=899 time=1.011 s | package=94.430 J | dram=NA | total=94.430 J | power=93.4 W | runtime=in_range | checksum=OK
[STRIDED_GEMM] N=512 threads=2 rep=3 batches=899 time=1.011 s | package=95.172 J | dram=NA | total=95.172 J | power=94.2 W | runtime=in_range | checksum=OK
[STRIDED_GEMM] N=512 threads=2 rep=4 batches=899 time=1.010 s | package=95.138 J | dram=NA | total=95.138 J | power=94.2 W | runtime=in_range | checksum=OK
[STRIDED_GEMM] N=512 threads=2 rep=5 batches=899 time=1.007 s | package=94.281 J | dram=NA | total=94.281 J | power=93.6 W | runtime=in_range | checksum=OK
[STRIDED_GEMM] N=512 threads=2 rep=6 batches=899 time=1.221 s | package=108.668 J | dram=NA | total=108.668 J | power=89.0 W | runtime=in_range | checksum=OK
[STRIDED_GEMM] N=512 threads=2 rep=7 batches=899 time=1.010 s | package=95.460 J | dram=NA | total=95.460 J | power=94.5 W | runtime=in_range | checksum=OK
[STRIDED_GEMM] N=512 threads=2 rep=8 batches=899 time=1.005 s | package=94.813 J | dram=NA | total=94.813 J | power=94.3 W | runtime=in_range | checksum=OK
[STRIDED_GEMM] N=512 threads=2 rep=9 batches=899 time=1.007 s | package=94.163 J | dram=NA | total=94.163 J | power=93.5 W | runtime=in_range | checksum=OK
[STRIDED_GEMM] N=512 threads=2 rep=10 batches=899 time=1.008 s | package=94.686 J | dram=NA | total=94.686 J | power=93.9 W | runtime=in_range | checksum=OK
[OpenBLAS] requested=1 active=1
[STRIDED_GEMM] N=16384 threads=1 rep=1 batches=1 time=73.000 s | package=5537.405 J | dram=NA | total=5537.405 J | power=75.9 W | runtime=above | checksum=OK
[STRIDED_GEMM] N=16384 threads=1 rep=2 batches=1 time=73.302 s | package=5652.543 J | dram=NA | total=5652.543 J | power=77.1 W | runtime=above | checksum=OK
[STRIDED_GEMM] N=16384 threads=1 rep=3 batches=1 time=73.337 s | package=5650.878 J | dram=NA | total=5650.878 J | power=77.1 W | runtime=above | checksum=OK
[STRIDED_GEMM] N=16384 threads=1 rep=4 batches=1 time=73.336 s | package=5650.669 J | dram=NA | total=5650.669 J | power=77.1 W | runtime=above | checksum=OK
[STRIDED_GEMM] N=16384 threads=1 rep=5 batches=1 time=73.316 s | package=5645.539 J | dram=NA | total=5645.539 J | power=77.0 W | runtime=above | checksum=OK
[STRIDED_GEMM] N=16384 threads=1 rep=6 batches=1 time=73.275 s | package=5640.379 J | dram=NA | total=5640.379 J | power=77.0 W | runtime=above | checksum=OK
[STRIDED_GEMM] N=16384 threads=1 rep=7 batches=1 time=73.140 s | package=5554.792 J | dram=NA | total=5554.792 J | power=75.9 W | runtime=above | checksum=OK
[STRIDED_GEMM] N=16384 threads=1 rep=8 batches=1 time=73.105 s | package=5626.841 J | dram=NA | total=5626.841 J | power=77.0 W | runtime=above | checksum=OK
[STRIDED_GEMM] N=16384 threads=1 rep=9 batches=1 time=72.944 s | package=5568.608 J | dram=NA | total=5568.608 J | power=76.3 W | runtime=above | checksum=OK
[STRIDED_GEMM] N=16384 threads=1 rep=10 batches=1 time=72.623 s | package=5511.702 J | dram=NA | total=5511.702 J | power=75.9 W | runtime=above | checksum=OK
[OpenBLAS] requested=1 active=1
[STRIDED_GEMM] N=8192 threads=1 rep=1 batches=1 time=8.573 s | package=657.898 J | dram=NA | total=657.898 J | power=76.7 W | runtime=above | checksum=OK
[STRIDED_GEMM] N=8192 threads=1 rep=2 batches=1 time=8.582 s | package=667.077 J | dram=NA | total=667.077 J | power=77.7 W | runtime=above | checksum=OK
[STRIDED_GEMM] N=8192 threads=1 rep=3 batches=1 time=8.577 s | package=663.015 J | dram=NA | total=663.015 J | power=77.3 W | runtime=above | checksum=OK
[STRIDED_GEMM] N=8192 threads=1 rep=4 batches=1 time=8.577 s | package=657.918 J | dram=NA | total=657.918 J | power=76.7 W | runtime=above | checksum=OK
[STRIDED_GEMM] N=8192 threads=1 rep=5 batches=1 time=8.589 s | package=650.955 J | dram=NA | total=650.955 J | power=75.8 W | runtime=above | checksum=OK
[STRIDED_GEMM] N=8192 threads=1 rep=6 batches=1 time=8.578 s | package=658.163 J | dram=NA | total=658.163 J | power=76.7 W | runtime=above | checksum=OK
[STRIDED_GEMM] N=8192 threads=1 rep=7 batches=1 time=8.573 s | package=657.290 J | dram=NA | total=657.290 J | power=76.7 W | runtime=above | checksum=OK
[STRIDED_GEMM] N=8192 threads=1 rep=8 batches=1 time=8.577 s | package=657.669 J | dram=NA | total=657.669 J | power=76.7 W | runtime=above | checksum=OK
[STRIDED_GEMM] N=8192 threads=1 rep=9 batches=1 time=8.576 s | package=658.083 J | dram=NA | total=658.083 J | power=76.7 W | runtime=above | checksum=OK
[STRIDED_GEMM] N=8192 threads=1 rep=10 batches=1 time=8.581 s | package=658.544 J | dram=NA | total=658.544 J | power=76.7 W | runtime=above | checksum=OK
[OpenBLAS] requested=10 active=10
[STRIDED_GEMM] N=4096 threads=10 rep=1 batches=8 time=1.058 s | package=221.627 J | dram=NA | total=221.627 J | power=209.4 W | runtime=in_range | checksum=OK
[STRIDED_GEMM] N=4096 threads=10 rep=2 batches=8 time=1.066 s | package=222.088 J | dram=NA | total=222.088 J | power=208.2 W | runtime=in_range | checksum=OK
[STRIDED_GEMM] N=4096 threads=10 rep=3 batches=8 time=1.061 s | package=221.608 J | dram=NA | total=221.608 J | power=208.9 W | runtime=in_range | checksum=OK
[STRIDED_GEMM] N=4096 threads=10 rep=4 batches=8 time=1.065 s | package=221.619 J | dram=NA | total=221.619 J | power=208.2 W | runtime=in_range | checksum=OK
[STRIDED_GEMM] N=4096 threads=10 rep=5 batches=8 time=1.075 s | package=222.653 J | dram=NA | total=222.653 J | power=207.0 W | runtime=in_range | checksum=OK
[STRIDED_GEMM] N=4096 threads=10 rep=6 batches=8 time=1.073 s | package=223.178 J | dram=NA | total=223.178 J | power=207.9 W | runtime=in_range | checksum=OK
[STRIDED_GEMM] N=4096 threads=10 rep=7 batches=8 time=1.080 s | package=223.088 J | dram=NA | total=223.088 J | power=206.5 W | runtime=in_range | checksum=OK
[STRIDED_GEMM] N=4096 threads=10 rep=8 batches=8 time=1.075 s | package=222.842 J | dram=NA | total=222.842 J | power=207.2 W | runtime=in_range | checksum=OK
[STRIDED_GEMM] N=4096 threads=10 rep=9 batches=8 time=1.074 s | package=222.492 J | dram=NA | total=222.492 J | power=207.1 W | runtime=in_range | checksum=OK
[STRIDED_GEMM] N=4096 threads=10 rep=10 batches=8 time=1.075 s | package=222.765 J | dram=NA | total=222.765 J | power=207.2 W | runtime=in_range | checksum=OK
[OpenBLAS] requested=8 active=8
[STRIDED_GEMM] N=64 threads=8 rep=1 batches=162939 time=1.021 s | package=72.794 J | dram=NA | total=72.794 J | power=71.3 W | runtime=in_range | checksum=OK
[STRIDED_GEMM] N=64 threads=8 rep=2 batches=162939 time=1.001 s | package=71.676 J | dram=NA | total=71.676 J | power=71.6 W | runtime=in_range | checksum=OK
[STRIDED_GEMM] N=64 threads=8 rep=3 batches=162939 time=1.001 s | package=71.631 J | dram=NA | total=71.631 J | power=71.6 W | runtime=in_range | checksum=OK
[STRIDED_GEMM] N=64 threads=8 rep=4 batches=162939 time=1.001 s | package=71.638 J | dram=NA | total=71.638 J | power=71.6 W | runtime=in_range | checksum=OK
[STRIDED_GEMM] N=64 threads=8 rep=5 batches=162939 time=1.000 s | package=71.487 J | dram=NA | total=71.487 J | power=71.5 W | runtime=in_range | checksum=OK
[STRIDED_GEMM] N=64 threads=8 rep=6 batches=162939 time=1.000 s | package=71.423 J | dram=NA | total=71.423 J | power=71.4 W | runtime=in_range | checksum=OK
[STRIDED_GEMM] N=64 threads=8 rep=7 batches=162939 time=1.000 s | package=71.471 J | dram=NA | total=71.471 J | power=71.5 W | runtime=in_range | checksum=OK
[STRIDED_GEMM] N=64 threads=8 rep=8 batches=162939 time=1.000 s | package=71.438 J | dram=NA | total=71.438 J | power=71.4 W | runtime=in_range | checksum=OK
[STRIDED_GEMM] N=64 threads=8 rep=9 batches=162939 time=1.000 s | package=71.540 J | dram=NA | total=71.540 J | power=71.5 W | runtime=in_range | checksum=OK
[STRIDED_GEMM] N=64 threads=8 rep=10 batches=162939 time=1.000 s | package=71.461 J | dram=NA | total=71.461 J | power=71.5 W | runtime=in_range | checksum=OK
[OpenBLAS] requested=16 active=16
[STRIDED_GEMM] N=256 threads=16 rep=1 batches=15453 time=1.004 s | package=180.126 J | dram=NA | total=180.126 J | power=179.3 W | runtime=in_range | checksum=OK
[STRIDED_GEMM] N=256 threads=16 rep=2 batches=15453 time=1.014 s | package=181.005 J | dram=NA | total=181.005 J | power=178.5 W | runtime=in_range | checksum=OK
[STRIDED_GEMM] N=256 threads=16 rep=3 batches=15453 time=1.007 s | package=179.942 J | dram=NA | total=179.942 J | power=178.6 W | runtime=in_range | checksum=OK
[STRIDED_GEMM] N=256 threads=16 rep=4 batches=15453 time=1.010 s | package=180.401 J | dram=NA | total=180.401 J | power=178.6 W | runtime=in_range | checksum=OK
[STRIDED_GEMM] N=256 threads=16 rep=5 batches=15453 time=1.010 s | package=180.714 J | dram=NA | total=180.714 J | power=178.9 W | runtime=in_range | checksum=OK
[STRIDED_GEMM] N=256 threads=16 rep=6 batches=15453 time=1.008 s | package=180.497 J | dram=NA | total=180.497 J | power=179.0 W | runtime=in_range | checksum=OK
[STRIDED_GEMM] N=256 threads=16 rep=7 batches=15453 time=1.007 s | package=180.127 J | dram=NA | total=180.127 J | power=178.8 W | runtime=in_range | checksum=OK
[STRIDED_GEMM] N=256 threads=16 rep=8 batches=15453 time=1.007 s | package=179.875 J | dram=NA | total=179.875 J | power=178.7 W | runtime=in_range | checksum=OK
[STRIDED_GEMM] N=256 threads=16 rep=9 batches=15453 time=1.008 s | package=180.225 J | dram=NA | total=180.225 J | power=178.8 W | runtime=in_range | checksum=OK
[STRIDED_GEMM] N=256 threads=16 rep=10 batches=15453 time=1.009 s | package=180.158 J | dram=NA | total=180.158 J | power=178.5 W | runtime=in_range | checksum=OK
[OpenBLAS] requested=32 active=32
[STRIDED_GEMM] N=1024 threads=32 rep=1 batches=624 time=1.003 s | package=285.577 J | dram=NA | total=285.577 J | power=284.9 W | runtime=in_range | checksum=OK
[STRIDED_GEMM] N=1024 threads=32 rep=2 batches=624 time=1.003 s | package=285.962 J | dram=NA | total=285.962 J | power=285.0 W | runtime=in_range | checksum=OK
[STRIDED_GEMM] N=1024 threads=32 rep=3 batches=624 time=1.003 s | package=285.815 J | dram=NA | total=285.815 J | power=284.9 W | runtime=in_range | checksum=OK
[STRIDED_GEMM] N=1024 threads=32 rep=4 batches=624 time=1.002 s | package=285.936 J | dram=NA | total=285.936 J | power=285.4 W | runtime=in_range | checksum=OK
[STRIDED_GEMM] N=1024 threads=32 rep=5 batches=624 time=1.002 s | package=286.187 J | dram=NA | total=286.187 J | power=285.7 W | runtime=in_range | checksum=OK
[STRIDED_GEMM] N=1024 threads=32 rep=6 batches=624 time=1.001 s | package=286.211 J | dram=NA | total=286.211 J | power=285.9 W | runtime=in_range | checksum=OK
[STRIDED_GEMM] N=1024 threads=32 rep=7 batches=624 time=1.001 s | package=286.092 J | dram=NA | total=286.092 J | power=285.9 W | runtime=in_range | checksum=OK
[STRIDED_GEMM] N=1024 threads=32 rep=8 batches=624 time=1.002 s | package=286.278 J | dram=NA | total=286.278 J | power=285.6 W | runtime=in_range | checksum=OK
[STRIDED_GEMM] N=1024 threads=32 rep=9 batches=624 time=1.011 s | package=287.831 J | dram=NA | total=287.831 J | power=284.6 W | runtime=in_range | checksum=OK
[STRIDED_GEMM] N=1024 threads=32 rep=10 batches=624 time=1.003 s | package=286.297 J | dram=NA | total=286.297 J | power=285.4 W | runtime=in_range | checksum=OK
[OpenBLAS] requested=20 active=20
[STRIDED_GEMM] N=16384 threads=20 rep=1 batches=1 time=4.504 s | package=1281.539 J | dram=NA | total=1281.539 J | power=284.5 W | runtime=above | checksum=OK
[STRIDED_GEMM] N=16384 threads=20 rep=2 batches=1 time=4.461 s | package=1270.668 J | dram=NA | total=1270.668 J | power=284.8 W | runtime=above | checksum=OK
[STRIDED_GEMM] N=16384 threads=20 rep=3 batches=1 time=4.542 s | package=1290.444 J | dram=NA | total=1290.444 J | power=284.1 W | runtime=above | checksum=OK
[STRIDED_GEMM] N=16384 threads=20 rep=4 batches=1 time=4.540 s | package=1291.389 J | dram=NA | total=1291.389 J | power=284.4 W | runtime=above | checksum=OK
[STRIDED_GEMM] N=16384 threads=20 rep=5 batches=1 time=4.519 s | package=1286.870 J | dram=NA | total=1286.870 J | power=284.8 W | runtime=above | checksum=OK
[STRIDED_GEMM] N=16384 threads=20 rep=6 batches=1 time=4.518 s | package=1286.453 J | dram=NA | total=1286.453 J | power=284.7 W | runtime=above | checksum=OK
[STRIDED_GEMM] N=16384 threads=20 rep=7 batches=1 time=4.505 s | package=1282.574 J | dram=NA | total=1282.574 J | power=284.7 W | runtime=above | checksum=OK
[STRIDED_GEMM] N=16384 threads=20 rep=8 batches=1 time=4.509 s | package=1283.317 J | dram=NA | total=1283.317 J | power=284.6 W | runtime=above | checksum=OK
[STRIDED_GEMM] N=16384 threads=20 rep=9 batches=1 time=4.507 s | package=1283.043 J | dram=NA | total=1283.043 J | power=284.7 W | runtime=above | checksum=OK
[STRIDED_GEMM] N=16384 threads=20 rep=10 batches=1 time=4.508 s | package=1283.291 J | dram=NA | total=1283.291 J | power=284.7 W | runtime=above | checksum=OK
[OpenBLAS] requested=64 active=64
[STRIDED_GEMM] N=16384 threads=64 rep=1 batches=1 time=3.668 s | package=932.820 J | dram=NA | total=932.820 J | power=254.3 W | runtime=above | checksum=OK
[STRIDED_GEMM] N=16384 threads=64 rep=2 batches=1 time=3.634 s | package=923.614 J | dram=NA | total=923.614 J | power=254.2 W | runtime=above | checksum=OK
[STRIDED_GEMM] N=16384 threads=64 rep=3 batches=1 time=3.650 s | package=927.853 J | dram=NA | total=927.853 J | power=254.2 W | runtime=above | checksum=OK
[STRIDED_GEMM] N=16384 threads=64 rep=4 batches=1 time=3.677 s | package=931.728 J | dram=NA | total=931.728 J | power=253.4 W | runtime=above | checksum=OK
[STRIDED_GEMM] N=16384 threads=64 rep=5 batches=1 time=3.712 s | package=939.586 J | dram=NA | total=939.586 J | power=253.1 W | runtime=above | checksum=OK
[STRIDED_GEMM] N=16384 threads=64 rep=6 batches=1 time=3.709 s | package=937.671 J | dram=NA | total=937.671 J | power=252.8 W | runtime=above | checksum=OK
[STRIDED_GEMM] N=16384 threads=64 rep=7 batches=1 time=3.711 s | package=935.411 J | dram=NA | total=935.411 J | power=252.0 W | runtime=above | checksum=OK
[STRIDED_GEMM] N=16384 threads=64 rep=8 batches=1 time=3.712 s | package=937.521 J | dram=NA | total=937.521 J | power=252.5 W | runtime=above | checksum=OK
[STRIDED_GEMM] N=16384 threads=64 rep=9 batches=1 time=3.763 s | package=954.436 J | dram=NA | total=954.436 J | power=253.6 W | runtime=above | checksum=OK
[STRIDED_GEMM] N=16384 threads=64 rep=10 batches=1 time=3.636 s | package=923.436 J | dram=NA | total=923.436 J | power=253.9 W | runtime=above | checksum=OK
[OpenBLAS] requested=64 active=64
[STRIDED_GEMM] N=256 threads=64 rep=1 batches=12994 time=1.004 s | package=216.909 J | dram=NA | total=216.909 J | power=216.0 W | runtime=in_range | checksum=OK
[STRIDED_GEMM] N=256 threads=64 rep=2 batches=12994 time=1.005 s | package=216.666 J | dram=NA | total=216.666 J | power=215.7 W | runtime=in_range | checksum=OK
[STRIDED_GEMM] N=256 threads=64 rep=3 batches=12994 time=1.002 s | package=216.354 J | dram=NA | total=216.354 J | power=215.9 W | runtime=in_range | checksum=OK
[STRIDED_GEMM] N=256 threads=64 rep=4 batches=12994 time=1.004 s | package=216.655 J | dram=NA | total=216.655 J | power=215.9 W | runtime=in_range | checksum=OK
[STRIDED_GEMM] N=256 threads=64 rep=5 batches=12994 time=1.005 s | package=216.914 J | dram=NA | total=216.914 J | power=215.9 W | runtime=in_range | checksum=OK
[STRIDED_GEMM] N=256 threads=64 rep=6 batches=12994 time=1.004 s | package=216.793 J | dram=NA | total=216.793 J | power=215.9 W | runtime=in_range | checksum=OK
[STRIDED_GEMM] N=256 threads=64 rep=7 batches=12994 time=1.004 s | package=216.626 J | dram=NA | total=216.626 J | power=215.8 W | runtime=in_range | checksum=OK
[STRIDED_GEMM] N=256 threads=64 rep=8 batches=12994 time=1.003 s | package=216.516 J | dram=NA | total=216.516 J | power=215.9 W | runtime=in_range | checksum=OK
[STRIDED_GEMM] N=256 threads=64 rep=9 batches=12994 time=1.004 s | package=216.697 J | dram=NA | total=216.697 J | power=215.9 W | runtime=in_range | checksum=OK
[STRIDED_GEMM] N=256 threads=64 rep=10 batches=12994 time=1.002 s | package=216.289 J | dram=NA | total=216.289 J | power=215.8 W | runtime=in_range | checksum=OK
[OpenBLAS] requested=2 active=2
[STRIDED_GEMM] N=2048 threads=2 rep=1 batches=15 time=1.056 s | package=104.277 J | dram=NA | total=104.277 J | power=98.7 W | runtime=in_range | checksum=OK
[STRIDED_GEMM] N=2048 threads=2 rep=2 batches=15 time=1.066 s | package=104.551 J | dram=NA | total=104.551 J | power=98.1 W | runtime=in_range | checksum=OK
[STRIDED_GEMM] N=2048 threads=2 rep=3 batches=15 time=1.065 s | package=103.966 J | dram=NA | total=103.966 J | power=97.7 W | runtime=in_range | checksum=OK
[STRIDED_GEMM] N=2048 threads=2 rep=4 batches=15 time=1.063 s | package=103.689 J | dram=NA | total=103.689 J | power=97.5 W | runtime=in_range | checksum=OK
[STRIDED_GEMM] N=2048 threads=2 rep=5 batches=15 time=1.055 s | package=103.514 J | dram=NA | total=103.514 J | power=98.1 W | runtime=in_range | checksum=OK
[STRIDED_GEMM] N=2048 threads=2 rep=6 batches=15 time=1.057 s | package=103.245 J | dram=NA | total=103.245 J | power=97.7 W | runtime=in_range | checksum=OK
[STRIDED_GEMM] N=2048 threads=2 rep=7 batches=15 time=1.057 s | package=103.394 J | dram=NA | total=103.394 J | power=97.8 W | runtime=in_range | checksum=OK
[STRIDED_GEMM] N=2048 threads=2 rep=8 batches=15 time=1.051 s | package=102.746 J | dram=NA | total=102.746 J | power=97.7 W | runtime=in_range | checksum=OK
[STRIDED_GEMM] N=2048 threads=2 rep=9 batches=15 time=1.055 s | package=102.982 J | dram=NA | total=102.982 J | power=97.7 W | runtime=in_range | checksum=OK
[STRIDED_GEMM] N=2048 threads=2 rep=10 batches=15 time=1.049 s | package=102.463 J | dram=NA | total=102.463 J | power=97.7 W | runtime=in_range | checksum=OK
[OpenBLAS] requested=20 active=20
[STRIDED_GEMM] N=4096 threads=20 rep=1 batches=13 time=1.027 s | package=292.473 J | dram=NA | total=292.473 J | power=284.8 W | runtime=in_range | checksum=OK
[STRIDED_GEMM] N=4096 threads=20 rep=2 batches=13 time=1.034 s | package=294.135 J | dram=NA | total=294.135 J | power=284.5 W | runtime=in_range | checksum=OK
[STRIDED_GEMM] N=4096 threads=20 rep=3 batches=13 time=1.033 s | package=293.974 J | dram=NA | total=293.974 J | power=284.6 W | runtime=in_range | checksum=OK
[STRIDED_GEMM] N=4096 threads=20 rep=4 batches=13 time=1.031 s | package=293.590 J | dram=NA | total=293.590 J | power=284.9 W | runtime=in_range | checksum=OK
[STRIDED_GEMM] N=4096 threads=20 rep=5 batches=13 time=1.031 s | package=293.848 J | dram=NA | total=293.848 J | power=284.9 W | runtime=in_range | checksum=OK
[STRIDED_GEMM] N=4096 threads=20 rep=6 batches=13 time=1.030 s | package=293.396 J | dram=NA | total=293.396 J | power=284.8 W | runtime=in_range | checksum=OK
[STRIDED_GEMM] N=4096 threads=20 rep=7 batches=13 time=1.037 s | package=294.811 J | dram=NA | total=294.811 J | power=284.4 W | runtime=in_range | checksum=OK
[STRIDED_GEMM] N=4096 threads=20 rep=8 batches=13 time=1.031 s | package=293.499 J | dram=NA | total=293.499 J | power=284.7 W | runtime=in_range | checksum=OK
[STRIDED_GEMM] N=4096 threads=20 rep=9 batches=13 time=1.031 s | package=293.809 J | dram=NA | total=293.809 J | power=284.9 W | runtime=in_range | checksum=OK
[STRIDED_GEMM] N=4096 threads=20 rep=10 batches=13 time=1.032 s | package=294.090 J | dram=NA | total=294.090 J | power=285.1 W | runtime=in_range | checksum=OK
