OpenBLAS backend=pthreads | config=OpenBLAS 0.3.30 NO_LAPACKE DYNAMIC_ARCH NO_AFFINITY Zen MAX_THREADS=128
STRIDED_GEMM(ld=2N) | AMD Ryzen Threadripper 3970X 32-Core Processor | session=strided_gemm_amd_20260719_175453_session2 | reps=10 | configs=81 | DRAM-RAPL=no
[OpenBLAS] requested=4 active=4
[STRIDED_GEMM] N=1024 threads=4 rep=1 batches=211 time=1.007 s | package=126.233 J | dram=NA | total=126.233 J | power=125.4 W | runtime=in_range | checksum=OK
[STRIDED_GEMM] N=1024 threads=4 rep=2 batches=211 time=1.015 s | package=126.683 J | dram=NA | total=126.683 J | power=124.9 W | runtime=in_range | checksum=OK
[STRIDED_GEMM] N=1024 threads=4 rep=3 batches=211 time=1.005 s | package=125.983 J | dram=NA | total=125.983 J | power=125.3 W | runtime=in_range | checksum=OK
[STRIDED_GEMM] N=1024 threads=4 rep=4 batches=211 time=1.002 s | package=125.429 J | dram=NA | total=125.429 J | power=125.2 W | runtime=in_range | checksum=OK
[STRIDED_GEMM] N=1024 threads=4 rep=5 batches=211 time=0.999 s | package=125.431 J | dram=NA | total=125.431 J | power=125.5 W | runtime=in_range | checksum=OK
[STRIDED_GEMM] N=1024 threads=4 rep=6 batches=211 time=1.011 s | package=126.007 J | dram=NA | total=126.007 J | power=124.6 W | runtime=in_range | checksum=OK
[STRIDED_GEMM] N=1024 threads=4 rep=7 batches=211 time=1.000 s | package=125.156 J | dram=NA | total=125.156 J | power=125.2 W | runtime=in_range | checksum=OK
[STRIDED_GEMM] N=1024 threads=4 rep=8 batches=211 time=1.000 s | package=125.019 J | dram=NA | total=125.019 J | power=125.1 W | runtime=in_range | checksum=OK
[STRIDED_GEMM] N=1024 threads=4 rep=9 batches=211 time=1.000 s | package=125.083 J | dram=NA | total=125.083 J | power=125.1 W | runtime=in_range | checksum=OK
[STRIDED_GEMM] N=1024 threads=4 rep=10 batches=211 time=1.007 s | package=125.568 J | dram=NA | total=125.568 J | power=124.7 W | runtime=in_range | checksum=OK
[OpenBLAS] requested=32 active=32
[STRIDED_GEMM] N=2048 threads=32 rep=1 batches=111 time=1.007 s | package=288.892 J | dram=NA | total=288.892 J | power=287.0 W | runtime=in_range | checksum=OK
[STRIDED_GEMM] N=2048 threads=32 rep=2 batches=111 time=1.009 s | package=289.593 J | dram=NA | total=289.593 J | power=287.1 W | runtime=in_range | checksum=OK
[STRIDED_GEMM] N=2048 threads=32 rep=3 batches=111 time=1.009 s | package=289.604 J | dram=NA | total=289.604 J | power=287.0 W | runtime=in_range | checksum=OK
[STRIDED_GEMM] N=2048 threads=32 rep=4 batches=111 time=1.009 s | package=289.552 J | dram=NA | total=289.552 J | power=287.1 W | runtime=in_range | checksum=OK
[STRIDED_GEMM] N=2048 threads=32 rep=5 batches=111 time=1.009 s | package=289.534 J | dram=NA | total=289.534 J | power=287.0 W | runtime=in_range | checksum=OK
[STRIDED_GEMM] N=2048 threads=32 rep=6 batches=111 time=1.007 s | package=288.970 J | dram=NA | total=288.970 J | power=287.0 W | runtime=in_range | checksum=OK
[STRIDED_GEMM] N=2048 threads=32 rep=7 batches=111 time=1.006 s | package=288.775 J | dram=NA | total=288.775 J | power=287.0 W | runtime=in_range | checksum=OK
[STRIDED_GEMM] N=2048 threads=32 rep=8 batches=111 time=1.007 s | package=289.241 J | dram=NA | total=289.241 J | power=287.1 W | runtime=in_range | checksum=OK
[STRIDED_GEMM] N=2048 threads=32 rep=9 batches=111 time=1.007 s | package=288.992 J | dram=NA | total=288.992 J | power=287.0 W | runtime=in_range | checksum=OK
[STRIDED_GEMM] N=2048 threads=32 rep=10 batches=111 time=1.008 s | package=289.068 J | dram=NA | total=289.068 J | power=286.9 W | runtime=in_range | checksum=OK
[OpenBLAS] requested=2 active=2
[STRIDED_GEMM] N=256 threads=2 rep=1 batches=6372 time=1.001 s | package=91.869 J | dram=NA | total=91.869 J | power=91.8 W | runtime=in_range | checksum=OK
[STRIDED_GEMM] N=256 threads=2 rep=2 batches=6372 time=1.010 s | package=93.387 J | dram=NA | total=93.387 J | power=92.5 W | runtime=in_range | checksum=OK
[STRIDED_GEMM] N=256 threads=2 rep=3 batches=6372 time=1.012 s | package=94.036 J | dram=NA | total=94.036 J | power=92.9 W | runtime=in_range | checksum=OK
[STRIDED_GEMM] N=256 threads=2 rep=4 batches=6372 time=1.010 s | package=94.443 J | dram=NA | total=94.443 J | power=93.5 W | runtime=in_range | checksum=OK
[STRIDED_GEMM] N=256 threads=2 rep=5 batches=6372 time=1.008 s | package=94.099 J | dram=NA | total=94.099 J | power=93.3 W | runtime=in_range | checksum=OK
[STRIDED_GEMM] N=256 threads=2 rep=6 batches=6372 time=1.009 s | package=94.248 J | dram=NA | total=94.248 J | power=93.4 W | runtime=in_range | checksum=OK
[STRIDED_GEMM] N=256 threads=2 rep=7 batches=6372 time=1.010 s | package=94.375 J | dram=NA | total=94.375 J | power=93.4 W | runtime=in_range | checksum=OK
[STRIDED_GEMM] N=256 threads=2 rep=8 batches=6372 time=1.009 s | package=94.297 J | dram=NA | total=94.297 J | power=93.4 W | runtime=in_range | checksum=OK
[STRIDED_GEMM] N=256 threads=2 rep=9 batches=6372 time=1.006 s | package=93.913 J | dram=NA | total=93.913 J | power=93.4 W | runtime=in_range | checksum=OK
[STRIDED_GEMM] N=256 threads=2 rep=10 batches=6372 time=1.010 s | package=94.144 J | dram=NA | total=94.144 J | power=93.2 W | runtime=in_range | checksum=OK
[OpenBLAS] requested=4 active=4
[STRIDED_GEMM] N=64 threads=4 rep=1 batches=161340 time=1.000 s | package=72.344 J | dram=NA | total=72.344 J | power=72.3 W | runtime=in_range | checksum=OK
[STRIDED_GEMM] N=64 threads=4 rep=2 batches=161340 time=1.000 s | package=72.443 J | dram=NA | total=72.443 J | power=72.4 W | runtime=in_range | checksum=OK
[STRIDED_GEMM] N=64 threads=4 rep=3 batches=161340 time=0.998 s | package=72.209 J | dram=NA | total=72.209 J | power=72.3 W | runtime=in_range | checksum=OK
[STRIDED_GEMM] N=64 threads=4 rep=4 batches=161340 time=0.999 s | package=72.493 J | dram=NA | total=72.493 J | power=72.6 W | runtime=in_range | checksum=OK
[STRIDED_GEMM] N=64 threads=4 rep=5 batches=161340 time=0.998 s | package=72.315 J | dram=NA | total=72.315 J | power=72.5 W | runtime=in_range | checksum=OK
[STRIDED_GEMM] N=64 threads=4 rep=6 batches=161340 time=0.998 s | package=72.218 J | dram=NA | total=72.218 J | power=72.4 W | runtime=in_range | checksum=OK
[STRIDED_GEMM] N=64 threads=4 rep=7 batches=161340 time=0.997 s | package=72.168 J | dram=NA | total=72.168 J | power=72.4 W | runtime=in_range | checksum=OK
[STRIDED_GEMM] N=64 threads=4 rep=8 batches=161340 time=0.997 s | package=72.800 J | dram=NA | total=72.800 J | power=73.0 W | runtime=in_range | checksum=OK
[STRIDED_GEMM] N=64 threads=4 rep=9 batches=161340 time=0.995 s | package=71.882 J | dram=NA | total=71.882 J | power=72.3 W | runtime=in_range | checksum=OK
[STRIDED_GEMM] N=64 threads=4 rep=10 batches=161340 time=0.995 s | package=71.893 J | dram=NA | total=71.893 J | power=72.3 W | runtime=in_range | checksum=OK
[OpenBLAS] requested=16 active=16
[STRIDED_GEMM] N=4096 threads=16 rep=1 batches=13 time=1.069 s | package=303.359 J | dram=NA | total=303.359 J | power=283.8 W | runtime=in_range | checksum=OK
[STRIDED_GEMM] N=4096 threads=16 rep=2 batches=13 time=1.079 s | package=304.989 J | dram=NA | total=304.989 J | power=282.7 W | runtime=in_range | checksum=OK
[STRIDED_GEMM] N=4096 threads=16 rep=3 batches=13 time=1.073 s | package=304.359 J | dram=NA | total=304.359 J | power=283.6 W | runtime=in_range | checksum=OK
[STRIDED_GEMM] N=4096 threads=16 rep=4 batches=13 time=1.079 s | package=305.055 J | dram=NA | total=305.055 J | power=282.7 W | runtime=in_range | checksum=OK
[STRIDED_GEMM] N=4096 threads=16 rep=5 batches=13 time=1.074 s | package=304.398 J | dram=NA | total=304.398 J | power=283.4 W | runtime=in_range | checksum=OK
[STRIDED_GEMM] N=4096 threads=16 rep=6 batches=13 time=1.077 s | package=304.804 J | dram=NA | total=304.804 J | power=283.0 W | runtime=in_range | checksum=OK
[STRIDED_GEMM] N=4096 threads=16 rep=7 batches=13 time=1.075 s | package=304.095 J | dram=NA | total=304.095 J | power=282.9 W | runtime=in_range | checksum=OK
[STRIDED_GEMM] N=4096 threads=16 rep=8 batches=13 time=1.077 s | package=304.483 J | dram=NA | total=304.483 J | power=282.6 W | runtime=in_range | checksum=OK
[STRIDED_GEMM] N=4096 threads=16 rep=9 batches=13 time=1.079 s | package=305.040 J | dram=NA | total=305.040 J | power=282.6 W | runtime=in_range | checksum=OK
[STRIDED_GEMM] N=4096 threads=16 rep=10 batches=13 time=1.080 s | package=305.147 J | dram=NA | total=305.147 J | power=282.6 W | runtime=in_range | checksum=OK
[OpenBLAS] requested=16 active=16
[STRIDED_GEMM] N=16384 threads=16 rep=1 batches=1 time=5.215 s | package=1480.550 J | dram=NA | total=1480.550 J | power=283.9 W | runtime=above | checksum=OK
[STRIDED_GEMM] N=16384 threads=16 rep=2 batches=1 time=5.152 s | package=1455.009 J | dram=NA | total=1455.009 J | power=282.4 W | runtime=above | checksum=OK
[STRIDED_GEMM] N=16384 threads=16 rep=3 batches=1 time=5.202 s | package=1476.185 J | dram=NA | total=1476.185 J | power=283.8 W | runtime=above | checksum=OK
[STRIDED_GEMM] N=16384 threads=16 rep=4 batches=1 time=5.246 s | package=1484.730 J | dram=NA | total=1484.730 J | power=283.0 W | runtime=above | checksum=OK
[STRIDED_GEMM] N=16384 threads=16 rep=5 batches=1 time=5.214 s | package=1483.284 J | dram=NA | total=1483.284 J | power=284.5 W | runtime=above | checksum=OK
[STRIDED_GEMM] N=16384 threads=16 rep=6 batches=1 time=5.211 s | package=1482.345 J | dram=NA | total=1482.345 J | power=284.5 W | runtime=above | checksum=OK
[STRIDED_GEMM] N=16384 threads=16 rep=7 batches=1 time=5.224 s | package=1486.127 J | dram=NA | total=1486.127 J | power=284.5 W | runtime=above | checksum=OK
[STRIDED_GEMM] N=16384 threads=16 rep=8 batches=1 time=5.225 s | package=1486.904 J | dram=NA | total=1486.904 J | power=284.6 W | runtime=above | checksum=OK
[STRIDED_GEMM] N=16384 threads=16 rep=9 batches=1 time=5.233 s | package=1488.617 J | dram=NA | total=1488.617 J | power=284.5 W | runtime=above | checksum=OK
[STRIDED_GEMM] N=16384 threads=16 rep=10 batches=1 time=5.312 s | package=1500.418 J | dram=NA | total=1500.418 J | power=282.5 W | runtime=above | checksum=OK
[OpenBLAS] requested=32 active=32
[STRIDED_GEMM] N=128 threads=32 rep=1 batches=56167 time=1.001 s | package=121.311 J | dram=NA | total=121.311 J | power=121.2 W | runtime=in_range | checksum=OK
[STRIDED_GEMM] N=128 threads=32 rep=2 batches=56167 time=0.999 s | package=120.983 J | dram=NA | total=120.983 J | power=121.1 W | runtime=in_range | checksum=OK
[STRIDED_GEMM] N=128 threads=32 rep=3 batches=56167 time=0.998 s | package=120.855 J | dram=NA | total=120.855 J | power=121.1 W | runtime=in_range | checksum=OK
[STRIDED_GEMM] N=128 threads=32 rep=4 batches=56167 time=0.985 s | package=119.411 J | dram=NA | total=119.411 J | power=121.3 W | runtime=in_range | checksum=OK
[STRIDED_GEMM] N=128 threads=32 rep=5 batches=56167 time=0.991 s | package=119.903 J | dram=NA | total=119.903 J | power=120.9 W | runtime=in_range | checksum=OK
[STRIDED_GEMM] N=128 threads=32 rep=6 batches=56167 time=0.996 s | package=120.095 J | dram=NA | total=120.095 J | power=120.6 W | runtime=in_range | checksum=OK
[STRIDED_GEMM] N=128 threads=32 rep=7 batches=56167 time=0.995 s | package=119.958 J | dram=NA | total=119.958 J | power=120.6 W | runtime=in_range | checksum=OK
[STRIDED_GEMM] N=128 threads=32 rep=8 batches=56167 time=0.988 s | package=119.216 J | dram=NA | total=119.216 J | power=120.6 W | runtime=in_range | checksum=OK
[STRIDED_GEMM] N=128 threads=32 rep=9 batches=56167 time=0.989 s | package=119.358 J | dram=NA | total=119.358 J | power=120.7 W | runtime=in_range | checksum=OK
[STRIDED_GEMM] N=128 threads=32 rep=10 batches=56167 time=0.991 s | package=119.484 J | dram=NA | total=119.484 J | power=120.6 W | runtime=in_range | checksum=OK
[OpenBLAS] requested=8 active=8
[STRIDED_GEMM] N=16384 threads=8 rep=1 batches=1 time=10.072 s | package=1858.270 J | dram=NA | total=1858.270 J | power=184.5 W | runtime=above | checksum=OK
[STRIDED_GEMM] N=16384 threads=8 rep=2 batches=1 time=10.083 s | package=1858.711 J | dram=NA | total=1858.711 J | power=184.3 W | runtime=above | checksum=OK
[STRIDED_GEMM] N=16384 threads=8 rep=3 batches=1 time=10.147 s | package=1865.311 J | dram=NA | total=1865.311 J | power=183.8 W | runtime=above | checksum=OK
[STRIDED_GEMM] N=16384 threads=8 rep=4 batches=1 time=10.071 s | package=1857.505 J | dram=NA | total=1857.505 J | power=184.4 W | runtime=above | checksum=OK
[STRIDED_GEMM] N=16384 threads=8 rep=5 batches=1 time=10.318 s | package=1883.209 J | dram=NA | total=1883.209 J | power=182.5 W | runtime=above | checksum=OK
[STRIDED_GEMM] N=16384 threads=8 rep=6 batches=1 time=10.218 s | package=1872.683 J | dram=NA | total=1872.683 J | power=183.3 W | runtime=above | checksum=OK
[STRIDED_GEMM] N=16384 threads=8 rep=7 batches=1 time=10.134 s | package=1862.487 J | dram=NA | total=1862.487 J | power=183.8 W | runtime=above | checksum=OK
[STRIDED_GEMM] N=16384 threads=8 rep=8 batches=1 time=10.138 s | package=1863.434 J | dram=NA | total=1863.434 J | power=183.8 W | runtime=above | checksum=OK
[STRIDED_GEMM] N=16384 threads=8 rep=9 batches=1 time=10.131 s | package=1863.403 J | dram=NA | total=1863.403 J | power=183.9 W | runtime=above | checksum=OK
[STRIDED_GEMM] N=16384 threads=8 rep=10 batches=1 time=10.132 s | package=1863.387 J | dram=NA | total=1863.387 J | power=183.9 W | runtime=above | checksum=OK
[OpenBLAS] requested=8 active=8
[STRIDED_GEMM] N=2048 threads=8 rep=1 batches=46 time=1.027 s | package=177.108 J | dram=NA | total=177.108 J | power=172.4 W | runtime=in_range | checksum=OK
[STRIDED_GEMM] N=2048 threads=8 rep=2 batches=46 time=1.038 s | package=178.465 J | dram=NA | total=178.465 J | power=172.0 W | runtime=in_range | checksum=OK
[STRIDED_GEMM] N=2048 threads=8 rep=3 batches=46 time=1.036 s | package=177.949 J | dram=NA | total=177.949 J | power=171.8 W | runtime=in_range | checksum=OK
[STRIDED_GEMM] N=2048 threads=8 rep=4 batches=46 time=1.044 s | package=178.934 J | dram=NA | total=178.934 J | power=171.4 W | runtime=in_range | checksum=OK
[STRIDED_GEMM] N=2048 threads=8 rep=5 batches=46 time=1.044 s | package=178.896 J | dram=NA | total=178.896 J | power=171.3 W | runtime=in_range | checksum=OK
[STRIDED_GEMM] N=2048 threads=8 rep=6 batches=46 time=1.035 s | package=177.916 J | dram=NA | total=177.916 J | power=171.8 W | runtime=in_range | checksum=OK
[STRIDED_GEMM] N=2048 threads=8 rep=7 batches=46 time=1.036 s | package=177.874 J | dram=NA | total=177.874 J | power=171.7 W | runtime=in_range | checksum=OK
[STRIDED_GEMM] N=2048 threads=8 rep=8 batches=46 time=1.036 s | package=177.890 J | dram=NA | total=177.890 J | power=171.7 W | runtime=in_range | checksum=OK
[STRIDED_GEMM] N=2048 threads=8 rep=9 batches=46 time=1.044 s | package=178.736 J | dram=NA | total=178.736 J | power=171.2 W | runtime=in_range | checksum=OK
[STRIDED_GEMM] N=2048 threads=8 rep=10 batches=46 time=1.036 s | package=178.028 J | dram=NA | total=178.028 J | power=171.8 W | runtime=in_range | checksum=OK
[OpenBLAS] requested=16 active=16
[STRIDED_GEMM] N=128 threads=16 rep=1 batches=58852 time=1.002 s | package=121.120 J | dram=NA | total=121.120 J | power=120.8 W | runtime=in_range | checksum=OK
[STRIDED_GEMM] N=128 threads=16 rep=2 batches=58852 time=1.009 s | package=121.707 J | dram=NA | total=121.707 J | power=120.6 W | runtime=in_range | checksum=OK
[STRIDED_GEMM] N=128 threads=16 rep=3 batches=58852 time=0.999 s | package=120.791 J | dram=NA | total=120.791 J | power=120.9 W | runtime=in_range | checksum=OK
[STRIDED_GEMM] N=128 threads=16 rep=4 batches=58852 time=0.998 s | package=120.878 J | dram=NA | total=120.878 J | power=121.1 W | runtime=in_range | checksum=OK
[STRIDED_GEMM] N=128 threads=16 rep=5 batches=58852 time=0.999 s | package=120.901 J | dram=NA | total=120.901 J | power=121.0 W | runtime=in_range | checksum=OK
[STRIDED_GEMM] N=128 threads=16 rep=6 batches=58852 time=1.008 s | package=121.707 J | dram=NA | total=121.707 J | power=120.7 W | runtime=in_range | checksum=OK
[STRIDED_GEMM] N=128 threads=16 rep=7 batches=58852 time=0.999 s | package=120.833 J | dram=NA | total=120.833 J | power=120.9 W | runtime=in_range | checksum=OK
[STRIDED_GEMM] N=128 threads=16 rep=8 batches=58852 time=1.000 s | package=120.941 J | dram=NA | total=120.941 J | power=121.0 W | runtime=in_range | checksum=OK
[STRIDED_GEMM] N=128 threads=16 rep=9 batches=58852 time=1.000 s | package=120.831 J | dram=NA | total=120.831 J | power=120.9 W | runtime=in_range | checksum=OK
[STRIDED_GEMM] N=128 threads=16 rep=10 batches=58852 time=1.008 s | package=121.648 J | dram=NA | total=121.648 J | power=120.7 W | runtime=in_range | checksum=OK
[OpenBLAS] requested=4 active=4
[STRIDED_GEMM] N=16384 threads=4 rep=1 batches=1 time=19.569 s | package=2461.257 J | dram=NA | total=2461.257 J | power=125.8 W | runtime=above | checksum=OK
[STRIDED_GEMM] N=16384 threads=4 rep=2 batches=1 time=19.611 s | package=2459.611 J | dram=NA | total=2459.611 J | power=125.4 W | runtime=above | checksum=OK
[STRIDED_GEMM] N=16384 threads=4 rep=3 batches=1 time=19.958 s | package=2442.873 J | dram=NA | total=2442.873 J | power=122.4 W | runtime=above | checksum=OK
[STRIDED_GEMM] N=16384 threads=4 rep=4 batches=1 time=19.690 s | package=2467.909 J | dram=NA | total=2467.909 J | power=125.3 W | runtime=above | checksum=OK
[STRIDED_GEMM] N=16384 threads=4 rep=5 batches=1 time=19.759 s | package=2471.726 J | dram=NA | total=2471.726 J | power=125.1 W | runtime=above | checksum=OK
[STRIDED_GEMM] N=16384 threads=4 rep=6 batches=1 time=19.743 s | package=2471.282 J | dram=NA | total=2471.282 J | power=125.2 W | runtime=above | checksum=OK
[STRIDED_GEMM] N=16384 threads=4 rep=7 batches=1 time=19.857 s | package=2476.591 J | dram=NA | total=2476.591 J | power=124.7 W | runtime=above | checksum=OK
[STRIDED_GEMM] N=16384 threads=4 rep=8 batches=1 time=19.857 s | package=2476.013 J | dram=NA | total=2476.013 J | power=124.7 W | runtime=above | checksum=OK
[STRIDED_GEMM] N=16384 threads=4 rep=9 batches=1 time=19.700 s | package=2466.467 J | dram=NA | total=2466.467 J | power=125.2 W | runtime=above | checksum=OK
[STRIDED_GEMM] N=16384 threads=4 rep=10 batches=1 time=19.822 s | package=2474.334 J | dram=NA | total=2474.334 J | power=124.8 W | runtime=above | checksum=OK
[OpenBLAS] requested=8 active=8
[STRIDED_GEMM] N=256 threads=8 rep=1 batches=11072 time=1.003 s | package=134.836 J | dram=NA | total=134.836 J | power=134.4 W | runtime=in_range | checksum=OK
[STRIDED_GEMM] N=256 threads=8 rep=2 batches=11072 time=1.013 s | package=135.747 J | dram=NA | total=135.747 J | power=134.0 W | runtime=in_range | checksum=OK
[STRIDED_GEMM] N=256 threads=8 rep=3 batches=11072 time=1.005 s | package=134.954 J | dram=NA | total=134.954 J | power=134.3 W | runtime=in_range | checksum=OK
[STRIDED_GEMM] N=256 threads=8 rep=4 batches=11072 time=1.006 s | package=134.964 J | dram=NA | total=134.964 J | power=134.2 W | runtime=in_range | checksum=OK
[STRIDED_GEMM] N=256 threads=8 rep=5 batches=11072 time=1.014 s | package=136.512 J | dram=NA | total=136.512 J | power=134.6 W | runtime=in_range | checksum=OK
[STRIDED_GEMM] N=256 threads=8 rep=6 batches=11072 time=1.016 s | package=136.702 J | dram=NA | total=136.702 J | power=134.5 W | runtime=in_range | checksum=OK
[STRIDED_GEMM] N=256 threads=8 rep=7 batches=11072 time=1.016 s | package=136.712 J | dram=NA | total=136.712 J | power=134.6 W | runtime=in_range | checksum=OK
[STRIDED_GEMM] N=256 threads=8 rep=8 batches=11072 time=1.023 s | package=137.204 J | dram=NA | total=137.204 J | power=134.2 W | runtime=in_range | checksum=OK
[STRIDED_GEMM] N=256 threads=8 rep=9 batches=11072 time=1.014 s | package=136.121 J | dram=NA | total=136.121 J | power=134.2 W | runtime=in_range | checksum=OK
[STRIDED_GEMM] N=256 threads=8 rep=10 batches=11072 time=1.015 s | package=136.353 J | dram=NA | total=136.353 J | power=134.3 W | runtime=in_range | checksum=OK
[OpenBLAS] requested=32 active=32
[STRIDED_GEMM] N=64 threads=32 rep=1 batches=162239 time=1.000 s | package=71.798 J | dram=NA | total=71.798 J | power=71.8 W | runtime=in_range | checksum=OK
[STRIDED_GEMM] N=64 threads=32 rep=2 batches=162239 time=0.997 s | package=71.769 J | dram=NA | total=71.769 J | power=72.0 W | runtime=in_range | checksum=OK
[STRIDED_GEMM] N=64 threads=32 rep=3 batches=162239 time=1.001 s | package=71.967 J | dram=NA | total=71.967 J | power=71.9 W | runtime=in_range | checksum=OK
[STRIDED_GEMM] N=64 threads=32 rep=4 batches=162239 time=1.001 s | package=71.846 J | dram=NA | total=71.846 J | power=71.8 W | runtime=in_range | checksum=OK
[STRIDED_GEMM] N=64 threads=32 rep=5 batches=162239 time=1.000 s | package=71.864 J | dram=NA | total=71.864 J | power=71.9 W | runtime=in_range | checksum=OK
[STRIDED_GEMM] N=64 threads=32 rep=6 batches=162239 time=1.000 s | package=71.767 J | dram=NA | total=71.767 J | power=71.8 W | runtime=in_range | checksum=OK
[STRIDED_GEMM] N=64 threads=32 rep=7 batches=162239 time=1.000 s | package=71.873 J | dram=NA | total=71.873 J | power=71.9 W | runtime=in_range | checksum=OK
[STRIDED_GEMM] N=64 threads=32 rep=8 batches=162239 time=1.000 s | package=72.069 J | dram=NA | total=72.069 J | power=72.1 W | runtime=in_range | checksum=OK
[STRIDED_GEMM] N=64 threads=32 rep=9 batches=162239 time=0.999 s | package=71.705 J | dram=NA | total=71.705 J | power=71.8 W | runtime=in_range | checksum=OK
[STRIDED_GEMM] N=64 threads=32 rep=10 batches=162239 time=0.999 s | package=71.762 J | dram=NA | total=71.762 J | power=71.8 W | runtime=in_range | checksum=OK
[OpenBLAS] requested=2 active=2
[STRIDED_GEMM] N=16384 threads=2 rep=1 batches=1 time=37.532 s | package=3493.431 J | dram=NA | total=3493.431 J | power=93.1 W | runtime=above | checksum=OK
[STRIDED_GEMM] N=16384 threads=2 rep=2 batches=1 time=37.533 s | package=3493.838 J | dram=NA | total=3493.838 J | power=93.1 W | runtime=above | checksum=OK
[STRIDED_GEMM] N=16384 threads=2 rep=3 batches=1 time=37.705 s | package=3547.894 J | dram=NA | total=3547.894 J | power=94.1 W | runtime=above | checksum=OK
[STRIDED_GEMM] N=16384 threads=2 rep=4 batches=1 time=37.619 s | package=3541.439 J | dram=NA | total=3541.439 J | power=94.1 W | runtime=above | checksum=OK
[STRIDED_GEMM] N=16384 threads=2 rep=5 batches=1 time=37.680 s | package=3546.107 J | dram=NA | total=3546.107 J | power=94.1 W | runtime=above | checksum=OK
[STRIDED_GEMM] N=16384 threads=2 rep=6 batches=1 time=37.707 s | package=3548.738 J | dram=NA | total=3548.738 J | power=94.1 W | runtime=above | checksum=OK
[STRIDED_GEMM] N=16384 threads=2 rep=7 batches=1 time=37.702 s | package=3546.681 J | dram=NA | total=3546.681 J | power=94.1 W | runtime=above | checksum=OK
[STRIDED_GEMM] N=16384 threads=2 rep=8 batches=1 time=37.684 s | package=3545.502 J | dram=NA | total=3545.502 J | power=94.1 W | runtime=above | checksum=OK
[STRIDED_GEMM] N=16384 threads=2 rep=9 batches=1 time=37.689 s | package=3547.225 J | dram=NA | total=3547.225 J | power=94.1 W | runtime=above | checksum=OK
[STRIDED_GEMM] N=16384 threads=2 rep=10 batches=1 time=37.779 s | package=3592.129 J | dram=NA | total=3592.129 J | power=95.1 W | runtime=above | checksum=OK
[OpenBLAS] requested=2 active=2
[STRIDED_GEMM] N=8192 threads=2 rep=1 batches=1 time=4.472 s | package=431.759 J | dram=NA | total=431.759 J | power=96.5 W | runtime=above | checksum=OK
[STRIDED_GEMM] N=8192 threads=2 rep=2 batches=1 time=4.706 s | package=447.733 J | dram=NA | total=447.733 J | power=95.1 W | runtime=above | checksum=OK
[STRIDED_GEMM] N=8192 threads=2 rep=3 batches=1 time=4.480 s | package=432.774 J | dram=NA | total=432.774 J | power=96.6 W | runtime=above | checksum=OK
[STRIDED_GEMM] N=8192 threads=2 rep=4 batches=1 time=4.478 s | package=432.452 J | dram=NA | total=432.452 J | power=96.6 W | runtime=above | checksum=OK
[STRIDED_GEMM] N=8192 threads=2 rep=5 batches=1 time=4.481 s | package=432.465 J | dram=NA | total=432.465 J | power=96.5 W | runtime=above | checksum=OK
[STRIDED_GEMM] N=8192 threads=2 rep=6 batches=1 time=4.491 s | package=433.736 J | dram=NA | total=433.736 J | power=96.6 W | runtime=above | checksum=OK
[STRIDED_GEMM] N=8192 threads=2 rep=7 batches=1 time=4.488 s | package=432.989 J | dram=NA | total=432.989 J | power=96.5 W | runtime=above | checksum=OK
[STRIDED_GEMM] N=8192 threads=2 rep=8 batches=1 time=4.586 s | package=439.623 J | dram=NA | total=439.623 J | power=95.9 W | runtime=above | checksum=OK
[STRIDED_GEMM] N=8192 threads=2 rep=9 batches=1 time=4.497 s | package=434.066 J | dram=NA | total=434.066 J | power=96.5 W | runtime=above | checksum=OK
[STRIDED_GEMM] N=8192 threads=2 rep=10 batches=1 time=4.492 s | package=433.266 J | dram=NA | total=433.266 J | power=96.5 W | runtime=above | checksum=OK
[OpenBLAS] requested=10 active=10
[STRIDED_GEMM] N=64 threads=10 rep=1 batches=162850 time=0.999 s | package=71.450 J | dram=NA | total=71.450 J | power=71.5 W | runtime=in_range | checksum=OK
[STRIDED_GEMM] N=64 threads=10 rep=2 batches=162850 time=0.999 s | package=71.525 J | dram=NA | total=71.525 J | power=71.6 W | runtime=in_range | checksum=OK
[STRIDED_GEMM] N=64 threads=10 rep=3 batches=162850 time=1.000 s | package=71.538 J | dram=NA | total=71.538 J | power=71.6 W | runtime=in_range | checksum=OK
[STRIDED_GEMM] N=64 threads=10 rep=4 batches=162850 time=1.000 s | package=71.640 J | dram=NA | total=71.640 J | power=71.6 W | runtime=in_range | checksum=OK
[STRIDED_GEMM] N=64 threads=10 rep=5 batches=162850 time=1.000 s | package=71.605 J | dram=NA | total=71.605 J | power=71.6 W | runtime=in_range | checksum=OK
[STRIDED_GEMM] N=64 threads=10 rep=6 batches=162850 time=1.000 s | package=71.647 J | dram=NA | total=71.647 J | power=71.7 W | runtime=in_range | checksum=OK
[STRIDED_GEMM] N=64 threads=10 rep=7 batches=162850 time=0.999 s | package=71.495 J | dram=NA | total=71.495 J | power=71.6 W | runtime=in_range | checksum=OK
[STRIDED_GEMM] N=64 threads=10 rep=8 batches=162850 time=0.999 s | package=71.547 J | dram=NA | total=71.547 J | power=71.6 W | runtime=in_range | checksum=OK
[STRIDED_GEMM] N=64 threads=10 rep=9 batches=162850 time=0.998 s | package=71.441 J | dram=NA | total=71.441 J | power=71.6 W | runtime=in_range | checksum=OK
[STRIDED_GEMM] N=64 threads=10 rep=10 batches=162850 time=0.999 s | package=71.505 J | dram=NA | total=71.505 J | power=71.6 W | runtime=in_range | checksum=OK
[OpenBLAS] requested=1 active=1
[STRIDED_GEMM] N=256 threads=1 rep=1 batches=3459 time=1.000 s | package=74.392 J | dram=NA | total=74.392 J | power=74.4 W | runtime=in_range | checksum=OK
[STRIDED_GEMM] N=256 threads=1 rep=2 batches=3459 time=1.009 s | package=74.996 J | dram=NA | total=74.996 J | power=74.3 W | runtime=in_range | checksum=OK
[STRIDED_GEMM] N=256 threads=1 rep=3 batches=3459 time=1.005 s | package=74.685 J | dram=NA | total=74.685 J | power=74.3 W | runtime=in_range | checksum=OK
[STRIDED_GEMM] N=256 threads=1 rep=4 batches=3459 time=1.007 s | package=74.941 J | dram=NA | total=74.941 J | power=74.4 W | runtime=in_range | checksum=OK
[STRIDED_GEMM] N=256 threads=1 rep=5 batches=3459 time=1.010 s | package=75.126 J | dram=NA | total=75.126 J | power=74.4 W | runtime=in_range | checksum=OK
[STRIDED_GEMM] N=256 threads=1 rep=6 batches=3459 time=1.009 s | package=75.095 J | dram=NA | total=75.095 J | power=74.4 W | runtime=in_range | checksum=OK
[STRIDED_GEMM] N=256 threads=1 rep=7 batches=3459 time=1.009 s | package=74.954 J | dram=NA | total=74.954 J | power=74.3 W | runtime=in_range | checksum=OK
[STRIDED_GEMM] N=256 threads=1 rep=8 batches=3459 time=1.010 s | package=75.135 J | dram=NA | total=75.135 J | power=74.4 W | runtime=in_range | checksum=OK
[STRIDED_GEMM] N=256 threads=1 rep=9 batches=3459 time=1.010 s | package=75.015 J | dram=NA | total=75.015 J | power=74.3 W | runtime=in_range | checksum=OK
[STRIDED_GEMM] N=256 threads=1 rep=10 batches=3459 time=1.010 s | package=75.149 J | dram=NA | total=75.149 J | power=74.4 W | runtime=in_range | checksum=OK
[OpenBLAS] requested=20 active=20
[STRIDED_GEMM] N=256 threads=20 rep=1 batches=10750 time=1.003 s | package=189.168 J | dram=NA | total=189.168 J | power=188.6 W | runtime=in_range | checksum=OK
[STRIDED_GEMM] N=256 threads=20 rep=2 batches=10750 time=1.011 s | package=190.315 J | dram=NA | total=190.315 J | power=188.2 W | runtime=in_range | checksum=OK
[STRIDED_GEMM] N=256 threads=20 rep=3 batches=10750 time=1.004 s | package=189.756 J | dram=NA | total=189.756 J | power=189.0 W | runtime=in_range | checksum=OK
[STRIDED_GEMM] N=256 threads=20 rep=4 batches=10750 time=1.005 s | package=189.701 J | dram=NA | total=189.701 J | power=188.8 W | runtime=in_range | checksum=OK
[STRIDED_GEMM] N=256 threads=20 rep=5 batches=10750 time=1.008 s | package=190.100 J | dram=NA | total=190.100 J | power=188.6 W | runtime=in_range | checksum=OK
[STRIDED_GEMM] N=256 threads=20 rep=6 batches=10750 time=1.011 s | package=190.673 J | dram=NA | total=190.673 J | power=188.6 W | runtime=in_range | checksum=OK
[STRIDED_GEMM] N=256 threads=20 rep=7 batches=10750 time=1.005 s | package=189.793 J | dram=NA | total=189.793 J | power=188.8 W | runtime=in_range | checksum=OK
[STRIDED_GEMM] N=256 threads=20 rep=8 batches=10750 time=1.006 s | package=189.898 J | dram=NA | total=189.898 J | power=188.8 W | runtime=in_range | checksum=OK
[STRIDED_GEMM] N=256 threads=20 rep=9 batches=10750 time=1.006 s | package=189.837 J | dram=NA | total=189.837 J | power=188.7 W | runtime=in_range | checksum=OK
[STRIDED_GEMM] N=256 threads=20 rep=10 batches=10750 time=1.007 s | package=189.921 J | dram=NA | total=189.921 J | power=188.5 W | runtime=in_range | checksum=OK
[OpenBLAS] requested=8 active=8
[STRIDED_GEMM] N=64 threads=8 rep=1 batches=162949 time=0.999 s | package=71.590 J | dram=NA | total=71.590 J | power=71.7 W | runtime=in_range | checksum=OK
[STRIDED_GEMM] N=64 threads=8 rep=2 batches=162949 time=0.998 s | package=71.608 J | dram=NA | total=71.608 J | power=71.7 W | runtime=in_range | checksum=OK
[STRIDED_GEMM] N=64 threads=8 rep=3 batches=162949 time=1.000 s | package=71.534 J | dram=NA | total=71.534 J | power=71.6 W | runtime=in_range | checksum=OK
[STRIDED_GEMM] N=64 threads=8 rep=4 batches=162949 time=0.997 s | package=71.453 J | dram=NA | total=71.453 J | power=71.7 W | runtime=in_range | checksum=OK
[STRIDED_GEMM] N=64 threads=8 rep=5 batches=162949 time=1.000 s | package=71.564 J | dram=NA | total=71.564 J | power=71.6 W | runtime=in_range | checksum=OK
[STRIDED_GEMM] N=64 threads=8 rep=6 batches=162949 time=1.000 s | package=71.548 J | dram=NA | total=71.548 J | power=71.6 W | runtime=in_range | checksum=OK
[STRIDED_GEMM] N=64 threads=8 rep=7 batches=162949 time=1.000 s | package=71.756 J | dram=NA | total=71.756 J | power=71.7 W | runtime=in_range | checksum=OK
[STRIDED_GEMM] N=64 threads=8 rep=8 batches=162949 time=1.000 s | package=71.549 J | dram=NA | total=71.549 J | power=71.6 W | runtime=in_range | checksum=OK
[STRIDED_GEMM] N=64 threads=8 rep=9 batches=162949 time=1.000 s | package=71.494 J | dram=NA | total=71.494 J | power=71.5 W | runtime=in_range | checksum=OK
[STRIDED_GEMM] N=64 threads=8 rep=10 batches=162949 time=0.999 s | package=71.488 J | dram=NA | total=71.488 J | power=71.5 W | runtime=in_range | checksum=OK
[OpenBLAS] requested=32 active=32
[STRIDED_GEMM] N=256 threads=32 rep=1 batches=12619 time=1.002 s | package=211.309 J | dram=NA | total=211.309 J | power=211.0 W | runtime=in_range | checksum=OK
[STRIDED_GEMM] N=256 threads=32 rep=2 batches=12619 time=1.007 s | package=213.046 J | dram=NA | total=213.046 J | power=211.5 W | runtime=in_range | checksum=OK
[STRIDED_GEMM] N=256 threads=32 rep=3 batches=12619 time=1.002 s | package=212.023 J | dram=NA | total=212.023 J | power=211.5 W | runtime=in_range | checksum=OK
[STRIDED_GEMM] N=256 threads=32 rep=4 batches=12619 time=1.001 s | package=211.584 J | dram=NA | total=211.584 J | power=211.4 W | runtime=in_range | checksum=OK
[STRIDED_GEMM] N=256 threads=32 rep=5 batches=12619 time=1.002 s | package=211.631 J | dram=NA | total=211.631 J | power=211.2 W | runtime=in_range | checksum=OK
[STRIDED_GEMM] N=256 threads=32 rep=6 batches=12619 time=1.003 s | package=211.799 J | dram=NA | total=211.799 J | power=211.3 W | runtime=in_range | checksum=OK
[STRIDED_GEMM] N=256 threads=32 rep=7 batches=12619 time=1.002 s | package=211.820 J | dram=NA | total=211.820 J | power=211.4 W | runtime=in_range | checksum=OK
[STRIDED_GEMM] N=256 threads=32 rep=8 batches=12619 time=1.002 s | package=211.864 J | dram=NA | total=211.864 J | power=211.4 W | runtime=in_range | checksum=OK
[STRIDED_GEMM] N=256 threads=32 rep=9 batches=12619 time=1.002 s | package=211.851 J | dram=NA | total=211.851 J | power=211.5 W | runtime=in_range | checksum=OK
[STRIDED_GEMM] N=256 threads=32 rep=10 batches=12619 time=1.001 s | package=212.378 J | dram=NA | total=212.378 J | power=212.1 W | runtime=in_range | checksum=OK
[OpenBLAS] requested=16 active=16
[STRIDED_GEMM] N=256 threads=16 rep=1 batches=14680 time=1.005 s | package=177.349 J | dram=NA | total=177.349 J | power=176.4 W | runtime=in_range | checksum=OK
[STRIDED_GEMM] N=256 threads=16 rep=2 batches=14680 time=1.014 s | package=178.371 J | dram=NA | total=178.371 J | power=175.9 W | runtime=in_range | checksum=OK
[STRIDED_GEMM] N=256 threads=16 rep=3 batches=14680 time=1.008 s | package=177.522 J | dram=NA | total=177.522 J | power=176.1 W | runtime=in_range | checksum=OK
[STRIDED_GEMM] N=256 threads=16 rep=4 batches=14680 time=1.011 s | package=177.838 J | dram=NA | total=177.838 J | power=175.9 W | runtime=in_range | checksum=OK
[STRIDED_GEMM] N=256 threads=16 rep=5 batches=14680 time=1.005 s | package=177.112 J | dram=NA | total=177.112 J | power=176.2 W | runtime=in_range | checksum=OK
[STRIDED_GEMM] N=256 threads=16 rep=6 batches=14680 time=1.011 s | package=177.706 J | dram=NA | total=177.706 J | power=175.8 W | runtime=in_range | checksum=OK
[STRIDED_GEMM] N=256 threads=16 rep=7 batches=14680 time=1.005 s | package=177.115 J | dram=NA | total=177.115 J | power=176.3 W | runtime=in_range | checksum=OK
[STRIDED_GEMM] N=256 threads=16 rep=8 batches=14680 time=1.005 s | package=177.016 J | dram=NA | total=177.016 J | power=176.1 W | runtime=in_range | checksum=OK
[STRIDED_GEMM] N=256 threads=16 rep=9 batches=14680 time=1.015 s | package=178.374 J | dram=NA | total=178.374 J | power=175.7 W | runtime=in_range | checksum=OK
[STRIDED_GEMM] N=256 threads=16 rep=10 batches=14680 time=1.016 s | package=178.404 J | dram=NA | total=178.404 J | power=175.6 W | runtime=in_range | checksum=OK
[OpenBLAS] requested=4 active=4
[STRIDED_GEMM] N=128 threads=4 rep=1 batches=75307 time=1.000 s | package=113.747 J | dram=NA | total=113.747 J | power=113.8 W | runtime=in_range | checksum=OK
[STRIDED_GEMM] N=128 threads=4 rep=2 batches=75307 time=1.000 s | package=113.672 J | dram=NA | total=113.672 J | power=113.7 W | runtime=in_range | checksum=OK
[STRIDED_GEMM] N=128 threads=4 rep=3 batches=75307 time=1.006 s | package=114.107 J | dram=NA | total=114.107 J | power=113.4 W | runtime=in_range | checksum=OK
[STRIDED_GEMM] N=128 threads=4 rep=4 batches=75307 time=1.006 s | package=114.015 J | dram=NA | total=114.015 J | power=113.3 W | runtime=in_range | checksum=OK
[STRIDED_GEMM] N=128 threads=4 rep=5 batches=75307 time=1.006 s | package=113.848 J | dram=NA | total=113.848 J | power=113.2 W | runtime=in_range | checksum=OK
[STRIDED_GEMM] N=128 threads=4 rep=6 batches=75307 time=1.004 s | package=113.714 J | dram=NA | total=113.714 J | power=113.3 W | runtime=in_range | checksum=OK
[STRIDED_GEMM] N=128 threads=4 rep=7 batches=75307 time=1.007 s | package=114.292 J | dram=NA | total=114.292 J | power=113.5 W | runtime=in_range | checksum=OK
[STRIDED_GEMM] N=128 threads=4 rep=8 batches=75307 time=1.006 s | package=114.004 J | dram=NA | total=114.004 J | power=113.3 W | runtime=in_range | checksum=OK
[STRIDED_GEMM] N=128 threads=4 rep=9 batches=75307 time=1.004 s | package=113.764 J | dram=NA | total=113.764 J | power=113.4 W | runtime=in_range | checksum=OK
[STRIDED_GEMM] N=128 threads=4 rep=10 batches=75307 time=1.009 s | package=114.260 J | dram=NA | total=114.260 J | power=113.2 W | runtime=in_range | checksum=OK
[OpenBLAS] requested=20 active=20
[STRIDED_GEMM] N=8192 threads=20 rep=1 batches=2 time=1.116 s | package=316.773 J | dram=NA | total=316.773 J | power=283.9 W | runtime=in_range | checksum=OK
[STRIDED_GEMM] N=8192 threads=20 rep=2 batches=2 time=1.114 s | package=316.214 J | dram=NA | total=316.214 J | power=283.7 W | runtime=in_range | checksum=OK
[STRIDED_GEMM] N=8192 threads=20 rep=3 batches=2 time=1.120 s | package=317.175 J | dram=NA | total=317.175 J | power=283.1 W | runtime=in_range | checksum=OK
[STRIDED_GEMM] N=8192 threads=20 rep=4 batches=2 time=1.119 s | package=317.155 J | dram=NA | total=317.155 J | power=283.5 W | runtime=in_range | checksum=OK
[STRIDED_GEMM] N=8192 threads=20 rep=5 batches=2 time=1.117 s | package=316.660 J | dram=NA | total=316.660 J | power=283.4 W | runtime=in_range | checksum=OK
[STRIDED_GEMM] N=8192 threads=20 rep=6 batches=2 time=1.119 s | package=317.587 J | dram=NA | total=317.587 J | power=283.8 W | runtime=in_range | checksum=OK
[STRIDED_GEMM] N=8192 threads=20 rep=7 batches=2 time=1.118 s | package=317.070 J | dram=NA | total=317.070 J | power=283.6 W | runtime=in_range | checksum=OK
[STRIDED_GEMM] N=8192 threads=20 rep=8 batches=2 time=1.117 s | package=316.630 J | dram=NA | total=316.630 J | power=283.4 W | runtime=in_range | checksum=OK
[STRIDED_GEMM] N=8192 threads=20 rep=9 batches=2 time=1.118 s | package=317.070 J | dram=NA | total=317.070 J | power=283.6 W | runtime=in_range | checksum=OK
[STRIDED_GEMM] N=8192 threads=20 rep=10 batches=2 time=1.120 s | package=317.634 J | dram=NA | total=317.634 J | power=283.7 W | runtime=in_range | checksum=OK
[OpenBLAS] requested=20 active=20
[STRIDED_GEMM] N=512 threads=20 rep=1 batches=2949 time=1.002 s | package=225.093 J | dram=NA | total=225.093 J | power=224.6 W | runtime=in_range | checksum=OK
[STRIDED_GEMM] N=512 threads=20 rep=2 batches=2949 time=1.001 s | package=224.783 J | dram=NA | total=224.783 J | power=224.6 W | runtime=in_range | checksum=OK
[STRIDED_GEMM] N=512 threads=20 rep=3 batches=2949 time=1.001 s | package=224.669 J | dram=NA | total=224.669 J | power=224.4 W | runtime=in_range | checksum=OK
[STRIDED_GEMM] N=512 threads=20 rep=4 batches=2949 time=1.001 s | package=224.697 J | dram=NA | total=224.697 J | power=224.4 W | runtime=in_range | checksum=OK
[STRIDED_GEMM] N=512 threads=20 rep=5 batches=2949 time=1.002 s | package=224.790 J | dram=NA | total=224.790 J | power=224.4 W | runtime=in_range | checksum=OK
[STRIDED_GEMM] N=512 threads=20 rep=6 batches=2949 time=1.002 s | package=224.794 J | dram=NA | total=224.794 J | power=224.4 W | runtime=in_range | checksum=OK
[STRIDED_GEMM] N=512 threads=20 rep=7 batches=2949 time=1.002 s | package=224.833 J | dram=NA | total=224.833 J | power=224.4 W | runtime=in_range | checksum=OK
[STRIDED_GEMM] N=512 threads=20 rep=8 batches=2949 time=1.002 s | package=224.822 J | dram=NA | total=224.822 J | power=224.4 W | runtime=in_range | checksum=OK
[STRIDED_GEMM] N=512 threads=20 rep=9 batches=2949 time=1.008 s | package=225.624 J | dram=NA | total=225.624 J | power=223.8 W | runtime=in_range | checksum=OK
[STRIDED_GEMM] N=512 threads=20 rep=10 batches=2949 time=1.002 s | package=224.885 J | dram=NA | total=224.885 J | power=224.5 W | runtime=in_range | checksum=OK
[OpenBLAS] requested=32 active=32
[STRIDED_GEMM] N=16384 threads=32 rep=1 batches=1 time=3.533 s | package=1007.292 J | dram=NA | total=1007.292 J | power=285.1 W | runtime=above | checksum=OK
[STRIDED_GEMM] N=16384 threads=32 rep=2 batches=1 time=3.550 s | package=1011.708 J | dram=NA | total=1011.708 J | power=285.0 W | runtime=above | checksum=OK
[STRIDED_GEMM] N=16384 threads=32 rep=3 batches=1 time=3.525 s | package=1005.360 J | dram=NA | total=1005.360 J | power=285.2 W | runtime=above | checksum=OK
[STRIDED_GEMM] N=16384 threads=32 rep=4 batches=1 time=3.534 s | package=1007.587 J | dram=NA | total=1007.587 J | power=285.1 W | runtime=above | checksum=OK
[STRIDED_GEMM] N=16384 threads=32 rep=5 batches=1 time=3.536 s | package=1007.901 J | dram=NA | total=1007.901 J | power=285.1 W | runtime=above | checksum=OK
[STRIDED_GEMM] N=16384 threads=32 rep=6 batches=1 time=3.525 s | package=1004.980 J | dram=NA | total=1004.980 J | power=285.1 W | runtime=above | checksum=OK
[STRIDED_GEMM] N=16384 threads=32 rep=7 batches=1 time=3.535 s | package=1007.793 J | dram=NA | total=1007.793 J | power=285.1 W | runtime=above | checksum=OK
[STRIDED_GEMM] N=16384 threads=32 rep=8 batches=1 time=3.537 s | package=1008.273 J | dram=NA | total=1008.273 J | power=285.1 W | runtime=above | checksum=OK
[STRIDED_GEMM] N=16384 threads=32 rep=9 batches=1 time=3.529 s | package=1006.364 J | dram=NA | total=1006.364 J | power=285.2 W | runtime=above | checksum=OK
[STRIDED_GEMM] N=16384 threads=32 rep=10 batches=1 time=3.533 s | package=1006.965 J | dram=NA | total=1006.965 J | power=285.1 W | runtime=above | checksum=OK
[OpenBLAS] requested=64 active=64
[STRIDED_GEMM] N=8192 threads=64 rep=1 batches=3 time=1.445 s | package=351.438 J | dram=NA | total=351.438 J | power=243.3 W | runtime=above | checksum=OK
[STRIDED_GEMM] N=8192 threads=64 rep=2 batches=3 time=1.440 s | package=350.185 J | dram=NA | total=350.185 J | power=243.1 W | runtime=above | checksum=OK
[STRIDED_GEMM] N=8192 threads=64 rep=3 batches=3 time=1.441 s | package=350.881 J | dram=NA | total=350.881 J | power=243.6 W | runtime=above | checksum=OK
[STRIDED_GEMM] N=8192 threads=64 rep=4 batches=3 time=1.444 s | package=352.688 J | dram=NA | total=352.688 J | power=244.2 W | runtime=above | checksum=OK
[STRIDED_GEMM] N=8192 threads=64 rep=5 batches=3 time=1.446 s | package=351.177 J | dram=NA | total=351.177 J | power=242.9 W | runtime=above | checksum=OK
[STRIDED_GEMM] N=8192 threads=64 rep=6 batches=3 time=1.445 s | package=352.793 J | dram=NA | total=352.793 J | power=244.1 W | runtime=above | checksum=OK
[STRIDED_GEMM] N=8192 threads=64 rep=7 batches=3 time=1.442 s | package=352.340 J | dram=NA | total=352.340 J | power=244.3 W | runtime=above | checksum=OK
[STRIDED_GEMM] N=8192 threads=64 rep=8 batches=3 time=1.445 s | package=353.039 J | dram=NA | total=353.039 J | power=244.3 W | runtime=above | checksum=OK
[STRIDED_GEMM] N=8192 threads=64 rep=9 batches=3 time=1.445 s | package=352.395 J | dram=NA | total=352.395 J | power=243.8 W | runtime=above | checksum=OK
[STRIDED_GEMM] N=8192 threads=64 rep=10 batches=3 time=1.441 s | package=351.661 J | dram=NA | total=351.661 J | power=244.1 W | runtime=above | checksum=OK
[OpenBLAS] requested=1 active=1
[STRIDED_GEMM] N=8192 threads=1 rep=1 batches=1 time=8.835 s | package=673.656 J | dram=NA | total=673.656 J | power=76.2 W | runtime=above | checksum=OK
[STRIDED_GEMM] N=8192 threads=1 rep=2 batches=1 time=8.839 s | package=682.453 J | dram=NA | total=682.453 J | power=77.2 W | runtime=above | checksum=OK
[STRIDED_GEMM] N=8192 threads=1 rep=3 batches=1 time=8.825 s | package=679.045 J | dram=NA | total=679.045 J | power=76.9 W | runtime=above | checksum=OK
[STRIDED_GEMM] N=8192 threads=1 rep=4 batches=1 time=8.818 s | package=679.215 J | dram=NA | total=679.215 J | power=77.0 W | runtime=above | checksum=OK
[STRIDED_GEMM] N=8192 threads=1 rep=5 batches=1 time=8.810 s | package=678.133 J | dram=NA | total=678.133 J | power=77.0 W | runtime=above | checksum=OK
[STRIDED_GEMM] N=8192 threads=1 rep=6 batches=1 time=8.803 s | package=677.364 J | dram=NA | total=677.364 J | power=76.9 W | runtime=above | checksum=OK
[STRIDED_GEMM] N=8192 threads=1 rep=7 batches=1 time=8.801 s | package=670.582 J | dram=NA | total=670.582 J | power=76.2 W | runtime=above | checksum=OK
[STRIDED_GEMM] N=8192 threads=1 rep=8 batches=1 time=8.802 s | package=667.010 J | dram=NA | total=667.010 J | power=75.8 W | runtime=above | checksum=OK
[STRIDED_GEMM] N=8192 threads=1 rep=9 batches=1 time=8.804 s | package=671.388 J | dram=NA | total=671.388 J | power=76.3 W | runtime=above | checksum=OK
[STRIDED_GEMM] N=8192 threads=1 rep=10 batches=1 time=8.798 s | package=673.328 J | dram=NA | total=673.328 J | power=76.5 W | runtime=above | checksum=OK
[OpenBLAS] requested=64 active=64
[STRIDED_GEMM] N=2048 threads=64 rep=1 batches=121 time=1.006 s | package=240.162 J | dram=NA | total=240.162 J | power=238.8 W | runtime=in_range | checksum=OK
[STRIDED_GEMM] N=2048 threads=64 rep=2 batches=121 time=1.009 s | package=240.958 J | dram=NA | total=240.958 J | power=238.7 W | runtime=in_range | checksum=OK
[STRIDED_GEMM] N=2048 threads=64 rep=3 batches=121 time=1.006 s | package=240.155 J | dram=NA | total=240.155 J | power=238.7 W | runtime=in_range | checksum=OK
[STRIDED_GEMM] N=2048 threads=64 rep=4 batches=121 time=1.007 s | package=239.986 J | dram=NA | total=239.986 J | power=238.4 W | runtime=in_range | checksum=OK
[STRIDED_GEMM] N=2048 threads=64 rep=5 batches=121 time=1.008 s | package=241.871 J | dram=NA | total=241.871 J | power=240.0 W | runtime=in_range | checksum=OK
[STRIDED_GEMM] N=2048 threads=64 rep=6 batches=121 time=1.010 s | package=241.971 J | dram=NA | total=241.971 J | power=239.5 W | runtime=in_range | checksum=OK
[STRIDED_GEMM] N=2048 threads=64 rep=7 batches=121 time=1.008 s | package=241.835 J | dram=NA | total=241.835 J | power=240.0 W | runtime=in_range | checksum=OK
[STRIDED_GEMM] N=2048 threads=64 rep=8 batches=121 time=1.008 s | package=242.354 J | dram=NA | total=242.354 J | power=240.4 W | runtime=in_range | checksum=OK
[STRIDED_GEMM] N=2048 threads=64 rep=9 batches=121 time=1.031 s | package=246.634 J | dram=NA | total=246.634 J | power=239.3 W | runtime=in_range | checksum=OK
[STRIDED_GEMM] N=2048 threads=64 rep=10 batches=121 time=1.009 s | package=242.350 J | dram=NA | total=242.350 J | power=240.3 W | runtime=in_range | checksum=OK
[OpenBLAS] requested=20 active=20
[STRIDED_GEMM] N=64 threads=20 rep=1 batches=162166 time=0.999 s | package=72.016 J | dram=NA | total=72.016 J | power=72.1 W | runtime=in_range | checksum=OK
[STRIDED_GEMM] N=64 threads=20 rep=2 batches=162166 time=0.999 s | package=71.997 J | dram=NA | total=71.997 J | power=72.0 W | runtime=in_range | checksum=OK
[STRIDED_GEMM] N=64 threads=20 rep=3 batches=162166 time=0.997 s | package=71.845 J | dram=NA | total=71.845 J | power=72.0 W | runtime=in_range | checksum=OK
[STRIDED_GEMM] N=64 threads=20 rep=4 batches=162166 time=0.999 s | package=71.796 J | dram=NA | total=71.796 J | power=71.9 W | runtime=in_range | checksum=OK
[STRIDED_GEMM] N=64 threads=20 rep=5 batches=162166 time=0.998 s | package=71.964 J | dram=NA | total=71.964 J | power=72.1 W | runtime=in_range | checksum=OK
[STRIDED_GEMM] N=64 threads=20 rep=6 batches=162166 time=0.998 s | package=71.804 J | dram=NA | total=71.804 J | power=71.9 W | runtime=in_range | checksum=OK
[STRIDED_GEMM] N=64 threads=20 rep=7 batches=162166 time=0.998 s | package=71.647 J | dram=NA | total=71.647 J | power=71.8 W | runtime=in_range | checksum=OK
[STRIDED_GEMM] N=64 threads=20 rep=8 batches=162166 time=0.997 s | package=71.655 J | dram=NA | total=71.655 J | power=71.9 W | runtime=in_range | checksum=OK
[STRIDED_GEMM] N=64 threads=20 rep=9 batches=162166 time=0.997 s | package=71.602 J | dram=NA | total=71.602 J | power=71.8 W | runtime=in_range | checksum=OK
[STRIDED_GEMM] N=64 threads=20 rep=10 batches=162166 time=0.996 s | package=71.535 J | dram=NA | total=71.535 J | power=71.8 W | runtime=in_range | checksum=OK
[OpenBLAS] requested=2 active=2
[STRIDED_GEMM] N=128 threads=2 rep=1 batches=43213 time=1.007 s | package=88.515 J | dram=NA | total=88.515 J | power=87.9 W | runtime=in_range | checksum=OK
[STRIDED_GEMM] N=128 threads=2 rep=2 batches=43213 time=1.016 s | package=90.413 J | dram=NA | total=90.413 J | power=89.0 W | runtime=in_range | checksum=OK
[STRIDED_GEMM] N=128 threads=2 rep=3 batches=43213 time=1.016 s | package=90.212 J | dram=NA | total=90.212 J | power=88.8 W | runtime=in_range | checksum=OK
[STRIDED_GEMM] N=128 threads=2 rep=4 batches=43213 time=1.020 s | package=90.525 J | dram=NA | total=90.525 J | power=88.7 W | runtime=in_range | checksum=OK
[STRIDED_GEMM] N=128 threads=2 rep=5 batches=43213 time=1.016 s | package=90.197 J | dram=NA | total=90.197 J | power=88.8 W | runtime=in_range | checksum=OK
[STRIDED_GEMM] N=128 threads=2 rep=6 batches=43213 time=1.024 s | package=91.030 J | dram=NA | total=91.030 J | power=88.9 W | runtime=in_range | checksum=OK
[STRIDED_GEMM] N=128 threads=2 rep=7 batches=43213 time=1.008 s | package=88.864 J | dram=NA | total=88.864 J | power=88.2 W | runtime=in_range | checksum=OK
[STRIDED_GEMM] N=128 threads=2 rep=8 batches=43213 time=1.007 s | package=88.641 J | dram=NA | total=88.641 J | power=88.0 W | runtime=in_range | checksum=OK
[STRIDED_GEMM] N=128 threads=2 rep=9 batches=43213 time=1.014 s | package=90.046 J | dram=NA | total=90.046 J | power=88.8 W | runtime=in_range | checksum=OK
[STRIDED_GEMM] N=128 threads=2 rep=10 batches=43213 time=1.021 s | package=90.909 J | dram=NA | total=90.909 J | power=89.1 W | runtime=in_range | checksum=OK
[OpenBLAS] requested=10 active=10
[STRIDED_GEMM] N=4096 threads=10 rep=1 batches=8 time=1.054 s | package=222.581 J | dram=NA | total=222.581 J | power=211.3 W | runtime=in_range | checksum=OK
[STRIDED_GEMM] N=4096 threads=10 rep=2 batches=8 time=1.056 s | package=222.194 J | dram=NA | total=222.194 J | power=210.5 W | runtime=in_range | checksum=OK
[STRIDED_GEMM] N=4096 threads=10 rep=3 batches=8 time=1.062 s | package=222.213 J | dram=NA | total=222.213 J | power=209.2 W | runtime=in_range | checksum=OK
[STRIDED_GEMM] N=4096 threads=10 rep=4 batches=8 time=1.061 s | package=222.143 J | dram=NA | total=222.143 J | power=209.3 W | runtime=in_range | checksum=OK
[STRIDED_GEMM] N=4096 threads=10 rep=5 batches=8 time=1.062 s | package=221.997 J | dram=NA | total=221.997 J | power=209.0 W | runtime=in_range | checksum=OK
[STRIDED_GEMM] N=4096 threads=10 rep=6 batches=8 time=1.061 s | package=222.138 J | dram=NA | total=222.138 J | power=209.4 W | runtime=in_range | checksum=OK
[STRIDED_GEMM] N=4096 threads=10 rep=7 batches=8 time=1.060 s | package=221.893 J | dram=NA | total=221.893 J | power=209.3 W | runtime=in_range | checksum=OK
[STRIDED_GEMM] N=4096 threads=10 rep=8 batches=8 time=1.063 s | package=221.920 J | dram=NA | total=221.920 J | power=208.8 W | runtime=in_range | checksum=OK
[STRIDED_GEMM] N=4096 threads=10 rep=9 batches=8 time=1.064 s | package=223.018 J | dram=NA | total=223.018 J | power=209.6 W | runtime=in_range | checksum=OK
[STRIDED_GEMM] N=4096 threads=10 rep=10 batches=8 time=1.068 s | package=223.230 J | dram=NA | total=223.230 J | power=209.0 W | runtime=in_range | checksum=OK
[OpenBLAS] requested=2 active=2
[STRIDED_GEMM] N=4096 threads=2 rep=1 batches=2 time=1.118 s | package=108.784 J | dram=NA | total=108.784 J | power=97.3 W | runtime=in_range | checksum=OK
[STRIDED_GEMM] N=4096 threads=2 rep=2 batches=2 time=1.125 s | package=108.923 J | dram=NA | total=108.923 J | power=96.8 W | runtime=in_range | checksum=OK
[STRIDED_GEMM] N=4096 threads=2 rep=3 batches=2 time=1.124 s | package=109.136 J | dram=NA | total=109.136 J | power=97.1 W | runtime=in_range | checksum=OK
[STRIDED_GEMM] N=4096 threads=2 rep=4 batches=2 time=1.125 s | package=109.053 J | dram=NA | total=109.053 J | power=96.9 W | runtime=in_range | checksum=OK
[STRIDED_GEMM] N=4096 threads=2 rep=5 batches=2 time=1.128 s | package=109.221 J | dram=NA | total=109.221 J | power=96.8 W | runtime=in_range | checksum=OK
[STRIDED_GEMM] N=4096 threads=2 rep=6 batches=2 time=1.128 s | package=109.150 J | dram=NA | total=109.150 J | power=96.8 W | runtime=in_range | checksum=OK
[STRIDED_GEMM] N=4096 threads=2 rep=7 batches=2 time=1.124 s | package=108.853 J | dram=NA | total=108.853 J | power=96.9 W | runtime=in_range | checksum=OK
[STRIDED_GEMM] N=4096 threads=2 rep=8 batches=2 time=1.124 s | package=108.955 J | dram=NA | total=108.955 J | power=96.9 W | runtime=in_range | checksum=OK
[STRIDED_GEMM] N=4096 threads=2 rep=9 batches=2 time=1.122 s | package=108.574 J | dram=NA | total=108.574 J | power=96.8 W | runtime=in_range | checksum=OK
[STRIDED_GEMM] N=4096 threads=2 rep=10 batches=2 time=1.122 s | package=108.553 J | dram=NA | total=108.553 J | power=96.7 W | runtime=in_range | checksum=OK
[OpenBLAS] requested=1 active=1
[STRIDED_GEMM] N=4096 threads=1 rep=1 batches=1 time=1.096 s | package=86.759 J | dram=NA | total=86.759 J | power=79.2 W | runtime=in_range | checksum=OK
[STRIDED_GEMM] N=4096 threads=1 rep=2 batches=1 time=1.098 s | package=87.120 J | dram=NA | total=87.120 J | power=79.4 W | runtime=in_range | checksum=OK
[STRIDED_GEMM] N=4096 threads=1 rep=3 batches=1 time=1.101 s | package=87.094 J | dram=NA | total=87.094 J | power=79.1 W | runtime=in_range | checksum=OK
[STRIDED_GEMM] N=4096 threads=1 rep=4 batches=1 time=1.104 s | package=87.252 J | dram=NA | total=87.252 J | power=79.0 W | runtime=in_range | checksum=OK
[STRIDED_GEMM] N=4096 threads=1 rep=5 batches=1 time=1.105 s | package=87.238 J | dram=NA | total=87.238 J | power=78.9 W | runtime=in_range | checksum=OK
[STRIDED_GEMM] N=4096 threads=1 rep=6 batches=1 time=1.103 s | package=87.048 J | dram=NA | total=87.048 J | power=78.9 W | runtime=in_range | checksum=OK
[STRIDED_GEMM] N=4096 threads=1 rep=7 batches=1 time=1.101 s | package=86.986 J | dram=NA | total=86.986 J | power=79.0 W | runtime=in_range | checksum=OK
[STRIDED_GEMM] N=4096 threads=1 rep=8 batches=1 time=1.101 s | package=86.191 J | dram=NA | total=86.191 J | power=78.3 W | runtime=in_range | checksum=OK
[STRIDED_GEMM] N=4096 threads=1 rep=9 batches=1 time=1.099 s | package=85.713 J | dram=NA | total=85.713 J | power=78.0 W | runtime=in_range | checksum=OK
[STRIDED_GEMM] N=4096 threads=1 rep=10 batches=1 time=1.102 s | package=87.041 J | dram=NA | total=87.041 J | power=79.0 W | runtime=in_range | checksum=OK
[OpenBLAS] requested=4 active=4
[STRIDED_GEMM] N=256 threads=4 rep=1 batches=11538 time=1.000 s | package=119.514 J | dram=NA | total=119.514 J | power=119.5 W | runtime=in_range | checksum=OK
[STRIDED_GEMM] N=256 threads=4 rep=2 batches=11538 time=1.011 s | package=120.383 J | dram=NA | total=120.383 J | power=119.0 W | runtime=in_range | checksum=OK
[STRIDED_GEMM] N=256 threads=4 rep=3 batches=11538 time=1.008 s | package=120.408 J | dram=NA | total=120.408 J | power=119.5 W | runtime=in_range | checksum=OK
[STRIDED_GEMM] N=256 threads=4 rep=4 batches=11538 time=1.009 s | package=120.338 J | dram=NA | total=120.338 J | power=119.3 W | runtime=in_range | checksum=OK
[STRIDED_GEMM] N=256 threads=4 rep=5 batches=11538 time=0.998 s | package=119.342 J | dram=NA | total=119.342 J | power=119.5 W | runtime=in_range | checksum=OK
[STRIDED_GEMM] N=256 threads=4 rep=6 batches=11538 time=1.005 s | package=119.887 J | dram=NA | total=119.887 J | power=119.3 W | runtime=in_range | checksum=OK
[STRIDED_GEMM] N=256 threads=4 rep=7 batches=11538 time=1.015 s | package=120.831 J | dram=NA | total=120.831 J | power=119.0 W | runtime=in_range | checksum=OK
[STRIDED_GEMM] N=256 threads=4 rep=8 batches=11538 time=1.004 s | package=119.691 J | dram=NA | total=119.691 J | power=119.3 W | runtime=in_range | checksum=OK
[STRIDED_GEMM] N=256 threads=4 rep=9 batches=11538 time=1.011 s | package=120.342 J | dram=NA | total=120.342 J | power=119.0 W | runtime=in_range | checksum=OK
[STRIDED_GEMM] N=256 threads=4 rep=10 batches=11538 time=1.012 s | package=120.410 J | dram=NA | total=120.410 J | power=118.9 W | runtime=in_range | checksum=OK
[OpenBLAS] requested=4 active=4
[STRIDED_GEMM] N=8192 threads=4 rep=1 batches=1 time=2.341 s | package=298.700 J | dram=NA | total=298.700 J | power=127.6 W | runtime=above | checksum=OK
[STRIDED_GEMM] N=8192 threads=4 rep=2 batches=1 time=2.427 s | package=295.978 J | dram=NA | total=295.978 J | power=122.0 W | runtime=above | checksum=OK
[STRIDED_GEMM] N=8192 threads=4 rep=3 batches=1 time=2.398 s | package=303.058 J | dram=NA | total=303.058 J | power=126.4 W | runtime=above | checksum=OK
[STRIDED_GEMM] N=8192 threads=4 rep=4 batches=1 time=2.355 s | package=300.536 J | dram=NA | total=300.536 J | power=127.6 W | runtime=above | checksum=OK
[STRIDED_GEMM] N=8192 threads=4 rep=5 batches=1 time=2.355 s | package=300.754 J | dram=NA | total=300.754 J | power=127.7 W | runtime=above | checksum=OK
[STRIDED_GEMM] N=8192 threads=4 rep=6 batches=1 time=2.353 s | package=299.915 J | dram=NA | total=299.915 J | power=127.5 W | runtime=above | checksum=OK
[STRIDED_GEMM] N=8192 threads=4 rep=7 batches=1 time=2.363 s | package=300.961 J | dram=NA | total=300.961 J | power=127.3 W | runtime=above | checksum=OK
[STRIDED_GEMM] N=8192 threads=4 rep=8 batches=1 time=2.356 s | package=300.266 J | dram=NA | total=300.266 J | power=127.5 W | runtime=above | checksum=OK
[STRIDED_GEMM] N=8192 threads=4 rep=9 batches=1 time=2.387 s | package=303.343 J | dram=NA | total=303.343 J | power=127.1 W | runtime=above | checksum=OK
[STRIDED_GEMM] N=8192 threads=4 rep=10 batches=1 time=2.358 s | package=300.342 J | dram=NA | total=300.342 J | power=127.4 W | runtime=above | checksum=OK
[OpenBLAS] requested=1 active=1
[STRIDED_GEMM] N=16384 threads=1 rep=1 batches=1 time=73.789 s | package=5516.263 J | dram=NA | total=5516.263 J | power=74.8 W | runtime=above | checksum=OK
[STRIDED_GEMM] N=16384 threads=1 rep=2 batches=1 time=73.784 s | package=5517.238 J | dram=NA | total=5517.238 J | power=74.8 W | runtime=above | checksum=OK
[STRIDED_GEMM] N=16384 threads=1 rep=3 batches=1 time=73.913 s | package=5574.011 J | dram=NA | total=5574.011 J | power=75.4 W | runtime=above | checksum=OK
[STRIDED_GEMM] N=16384 threads=1 rep=4 batches=1 time=73.976 s | package=5591.919 J | dram=NA | total=5591.919 J | power=75.6 W | runtime=above | checksum=OK
[STRIDED_GEMM] N=16384 threads=1 rep=5 batches=1 time=73.989 s | package=5594.385 J | dram=NA | total=5594.385 J | power=75.6 W | runtime=above | checksum=OK
[STRIDED_GEMM] N=16384 threads=1 rep=6 batches=1 time=74.563 s | package=5553.281 J | dram=NA | total=5553.281 J | power=74.5 W | runtime=above | checksum=OK
[STRIDED_GEMM] N=16384 threads=1 rep=7 batches=1 time=74.651 s | package=5577.745 J | dram=NA | total=5577.745 J | power=74.7 W | runtime=above | checksum=OK
[STRIDED_GEMM] N=16384 threads=1 rep=8 batches=1 time=74.565 s | package=5594.890 J | dram=NA | total=5594.890 J | power=75.0 W | runtime=above | checksum=OK
[STRIDED_GEMM] N=16384 threads=1 rep=9 batches=1 time=74.415 s | package=5611.664 J | dram=NA | total=5611.664 J | power=75.4 W | runtime=above | checksum=OK
[STRIDED_GEMM] N=16384 threads=1 rep=10 batches=1 time=74.311 s | package=5533.843 J | dram=NA | total=5533.843 J | power=74.5 W | runtime=above | checksum=OK
[OpenBLAS] requested=10 active=10
[STRIDED_GEMM] N=2048 threads=10 rep=1 batches=49 time=1.006 s | package=189.900 J | dram=NA | total=189.900 J | power=188.7 W | runtime=in_range | checksum=OK
[STRIDED_GEMM] N=2048 threads=10 rep=2 batches=49 time=1.019 s | package=190.793 J | dram=NA | total=190.793 J | power=187.2 W | runtime=in_range | checksum=OK
[STRIDED_GEMM] N=2048 threads=10 rep=3 batches=49 time=1.014 s | package=190.184 J | dram=NA | total=190.184 J | power=187.6 W | runtime=in_range | checksum=OK
[STRIDED_GEMM] N=2048 threads=10 rep=4 batches=49 time=1.015 s | package=190.413 J | dram=NA | total=190.413 J | power=187.7 W | runtime=in_range | checksum=OK
[STRIDED_GEMM] N=2048 threads=10 rep=5 batches=49 time=1.015 s | package=190.356 J | dram=NA | total=190.356 J | power=187.5 W | runtime=in_range | checksum=OK
[STRIDED_GEMM] N=2048 threads=10 rep=6 batches=49 time=1.017 s | package=190.370 J | dram=NA | total=190.370 J | power=187.3 W | runtime=in_range | checksum=OK
[STRIDED_GEMM] N=2048 threads=10 rep=7 batches=49 time=1.017 s | package=190.166 J | dram=NA | total=190.166 J | power=186.9 W | runtime=in_range | checksum=OK
[STRIDED_GEMM] N=2048 threads=10 rep=8 batches=49 time=1.017 s | package=189.670 J | dram=NA | total=189.670 J | power=186.5 W | runtime=in_range | checksum=OK
[STRIDED_GEMM] N=2048 threads=10 rep=9 batches=49 time=1.017 s | package=189.605 J | dram=NA | total=189.605 J | power=186.5 W | runtime=in_range | checksum=OK
[STRIDED_GEMM] N=2048 threads=10 rep=10 batches=49 time=1.021 s | package=189.995 J | dram=NA | total=189.995 J | power=186.1 W | runtime=in_range | checksum=OK
[OpenBLAS] requested=2 active=2
[STRIDED_GEMM] N=64 threads=2 rep=1 batches=163061 time=0.999 s | package=71.264 J | dram=NA | total=71.264 J | power=71.3 W | runtime=in_range | checksum=OK
[STRIDED_GEMM] N=64 threads=2 rep=2 batches=163061 time=1.000 s | package=71.353 J | dram=NA | total=71.353 J | power=71.3 W | runtime=in_range | checksum=OK
[STRIDED_GEMM] N=64 threads=2 rep=3 batches=163061 time=1.000 s | package=71.319 J | dram=NA | total=71.319 J | power=71.3 W | runtime=in_range | checksum=OK
[STRIDED_GEMM] N=64 threads=2 rep=4 batches=163061 time=1.001 s | package=71.420 J | dram=NA | total=71.420 J | power=71.4 W | runtime=in_range | checksum=OK
[STRIDED_GEMM] N=64 threads=2 rep=5 batches=163061 time=1.001 s | package=71.339 J | dram=NA | total=71.339 J | power=71.3 W | runtime=in_range | checksum=OK
[STRIDED_GEMM] N=64 threads=2 rep=6 batches=163061 time=1.001 s | package=71.522 J | dram=NA | total=71.522 J | power=71.4 W | runtime=in_range | checksum=OK
[STRIDED_GEMM] N=64 threads=2 rep=7 batches=163061 time=1.001 s | package=71.398 J | dram=NA | total=71.398 J | power=71.3 W | runtime=in_range | checksum=OK
[STRIDED_GEMM] N=64 threads=2 rep=8 batches=163061 time=1.002 s | package=71.481 J | dram=NA | total=71.481 J | power=71.4 W | runtime=in_range | checksum=OK
[STRIDED_GEMM] N=64 threads=2 rep=9 batches=163061 time=1.001 s | package=71.472 J | dram=NA | total=71.472 J | power=71.4 W | runtime=in_range | checksum=OK
[STRIDED_GEMM] N=64 threads=2 rep=10 batches=163061 time=1.001 s | package=71.323 J | dram=NA | total=71.323 J | power=71.3 W | runtime=in_range | checksum=OK
[OpenBLAS] requested=20 active=20
[STRIDED_GEMM] N=1024 threads=20 rep=1 batches=539 time=1.004 s | package=254.899 J | dram=NA | total=254.899 J | power=253.8 W | runtime=in_range | checksum=OK
[STRIDED_GEMM] N=1024 threads=20 rep=2 batches=539 time=1.008 s | package=255.395 J | dram=NA | total=255.395 J | power=253.3 W | runtime=in_range | checksum=OK
[STRIDED_GEMM] N=1024 threads=20 rep=3 batches=539 time=1.003 s | package=254.826 J | dram=NA | total=254.826 J | power=254.2 W | runtime=in_range | checksum=OK
[STRIDED_GEMM] N=1024 threads=20 rep=4 batches=539 time=1.007 s | package=255.558 J | dram=NA | total=255.558 J | power=253.9 W | runtime=in_range | checksum=OK
[STRIDED_GEMM] N=1024 threads=20 rep=5 batches=539 time=1.001 s | package=254.830 J | dram=NA | total=254.830 J | power=254.7 W | runtime=in_range | checksum=OK
[STRIDED_GEMM] N=1024 threads=20 rep=6 batches=539 time=0.998 s | package=254.231 J | dram=NA | total=254.231 J | power=254.9 W | runtime=in_range | checksum=OK
[STRIDED_GEMM] N=1024 threads=20 rep=7 batches=539 time=1.000 s | package=254.281 J | dram=NA | total=254.281 J | power=254.3 W | runtime=in_range | checksum=OK
[STRIDED_GEMM] N=1024 threads=20 rep=8 batches=539 time=0.999 s | package=254.047 J | dram=NA | total=254.047 J | power=254.2 W | runtime=in_range | checksum=OK
[STRIDED_GEMM] N=1024 threads=20 rep=9 batches=539 time=1.005 s | package=254.849 J | dram=NA | total=254.849 J | power=253.6 W | runtime=in_range | checksum=OK
[STRIDED_GEMM] N=1024 threads=20 rep=10 batches=539 time=1.008 s | package=255.329 J | dram=NA | total=255.329 J | power=253.2 W | runtime=in_range | checksum=OK
[OpenBLAS] requested=8 active=8
[STRIDED_GEMM] N=4096 threads=8 rep=1 batches=7 time=1.075 s | package=201.021 J | dram=NA | total=201.021 J | power=187.0 W | runtime=in_range | checksum=OK
[STRIDED_GEMM] N=4096 threads=8 rep=2 batches=7 time=1.081 s | package=201.619 J | dram=NA | total=201.619 J | power=186.4 W | runtime=in_range | checksum=OK
[STRIDED_GEMM] N=4096 threads=8 rep=3 batches=7 time=1.078 s | package=201.368 J | dram=NA | total=201.368 J | power=186.8 W | runtime=in_range | checksum=OK
[STRIDED_GEMM] N=4096 threads=8 rep=4 batches=7 time=1.077 s | package=201.217 J | dram=NA | total=201.217 J | power=186.8 W | runtime=in_range | checksum=OK
[STRIDED_GEMM] N=4096 threads=8 rep=5 batches=7 time=1.076 s | package=200.752 J | dram=NA | total=200.752 J | power=186.6 W | runtime=in_range | checksum=OK
[STRIDED_GEMM] N=4096 threads=8 rep=6 batches=7 time=1.060 s | package=198.840 J | dram=NA | total=198.840 J | power=187.7 W | runtime=in_range | checksum=OK
[STRIDED_GEMM] N=4096 threads=8 rep=7 batches=7 time=1.059 s | package=198.820 J | dram=NA | total=198.820 J | power=187.7 W | runtime=in_range | checksum=OK
[STRIDED_GEMM] N=4096 threads=8 rep=8 batches=7 time=1.067 s | package=199.642 J | dram=NA | total=199.642 J | power=187.0 W | runtime=in_range | checksum=OK
[STRIDED_GEMM] N=4096 threads=8 rep=9 batches=7 time=1.067 s | package=199.606 J | dram=NA | total=199.606 J | power=187.1 W | runtime=in_range | checksum=OK
[STRIDED_GEMM] N=4096 threads=8 rep=10 batches=7 time=1.060 s | package=198.955 J | dram=NA | total=198.955 J | power=187.8 W | runtime=in_range | checksum=OK
[OpenBLAS] requested=2 active=2
[STRIDED_GEMM] N=1024 threads=2 rep=1 batches=113 time=1.006 s | package=95.390 J | dram=NA | total=95.390 J | power=94.8 W | runtime=in_range | checksum=OK
[STRIDED_GEMM] N=1024 threads=2 rep=2 batches=113 time=1.010 s | package=95.875 J | dram=NA | total=95.875 J | power=94.9 W | runtime=in_range | checksum=OK
[STRIDED_GEMM] N=1024 threads=2 rep=3 batches=113 time=1.011 s | package=94.853 J | dram=NA | total=94.853 J | power=93.8 W | runtime=in_range | checksum=OK
[STRIDED_GEMM] N=1024 threads=2 rep=4 batches=113 time=1.009 s | package=95.048 J | dram=NA | total=95.048 J | power=94.2 W | runtime=in_range | checksum=OK
[STRIDED_GEMM] N=1024 threads=2 rep=5 batches=113 time=1.011 s | package=94.918 J | dram=NA | total=94.918 J | power=93.9 W | runtime=in_range | checksum=OK
[STRIDED_GEMM] N=1024 threads=2 rep=6 batches=113 time=1.012 s | package=95.085 J | dram=NA | total=95.085 J | power=93.9 W | runtime=in_range | checksum=OK
[STRIDED_GEMM] N=1024 threads=2 rep=7 batches=113 time=1.009 s | package=94.745 J | dram=NA | total=94.745 J | power=93.9 W | runtime=in_range | checksum=OK
[STRIDED_GEMM] N=1024 threads=2 rep=8 batches=113 time=1.007 s | package=94.776 J | dram=NA | total=94.776 J | power=94.1 W | runtime=in_range | checksum=OK
[STRIDED_GEMM] N=1024 threads=2 rep=9 batches=113 time=1.010 s | package=94.854 J | dram=NA | total=94.854 J | power=93.9 W | runtime=in_range | checksum=OK
[STRIDED_GEMM] N=1024 threads=2 rep=10 batches=113 time=1.008 s | package=94.811 J | dram=NA | total=94.811 J | power=94.1 W | runtime=in_range | checksum=OK
[OpenBLAS] requested=1 active=1
[STRIDED_GEMM] N=64 threads=1 rep=1 batches=163093 time=1.000 s | package=71.624 J | dram=NA | total=71.624 J | power=71.6 W | runtime=in_range | checksum=OK
[STRIDED_GEMM] N=64 threads=1 rep=2 batches=163093 time=1.001 s | package=71.704 J | dram=NA | total=71.704 J | power=71.6 W | runtime=in_range | checksum=OK
[STRIDED_GEMM] N=64 threads=1 rep=3 batches=163093 time=1.001 s | package=71.602 J | dram=NA | total=71.602 J | power=71.6 W | runtime=in_range | checksum=OK
[STRIDED_GEMM] N=64 threads=1 rep=4 batches=163093 time=1.008 s | package=72.260 J | dram=NA | total=72.260 J | power=71.7 W | runtime=in_range | checksum=OK
[STRIDED_GEMM] N=64 threads=1 rep=5 batches=163093 time=1.001 s | package=71.770 J | dram=NA | total=71.770 J | power=71.7 W | runtime=in_range | checksum=OK
[STRIDED_GEMM] N=64 threads=1 rep=6 batches=163093 time=1.002 s | package=71.845 J | dram=NA | total=71.845 J | power=71.7 W | runtime=in_range | checksum=OK
[STRIDED_GEMM] N=64 threads=1 rep=7 batches=163093 time=1.002 s | package=71.803 J | dram=NA | total=71.803 J | power=71.7 W | runtime=in_range | checksum=OK
[STRIDED_GEMM] N=64 threads=1 rep=8 batches=163093 time=1.001 s | package=71.895 J | dram=NA | total=71.895 J | power=71.8 W | runtime=in_range | checksum=OK
[STRIDED_GEMM] N=64 threads=1 rep=9 batches=163093 time=1.001 s | package=71.715 J | dram=NA | total=71.715 J | power=71.6 W | runtime=in_range | checksum=OK
[STRIDED_GEMM] N=64 threads=1 rep=10 batches=163093 time=1.016 s | package=72.804 J | dram=NA | total=72.804 J | power=71.7 W | runtime=in_range | checksum=OK
[OpenBLAS] requested=10 active=10
[STRIDED_GEMM] N=256 threads=10 rep=1 batches=10036 time=1.003 s | package=140.704 J | dram=NA | total=140.704 J | power=140.2 W | runtime=in_range | checksum=OK
[STRIDED_GEMM] N=256 threads=10 rep=2 batches=10036 time=1.015 s | package=141.845 J | dram=NA | total=141.845 J | power=139.7 W | runtime=in_range | checksum=OK
[STRIDED_GEMM] N=256 threads=10 rep=3 batches=10036 time=1.005 s | package=140.918 J | dram=NA | total=140.918 J | power=140.2 W | runtime=in_range | checksum=OK
[STRIDED_GEMM] N=256 threads=10 rep=4 batches=10036 time=1.005 s | package=141.069 J | dram=NA | total=141.069 J | power=140.4 W | runtime=in_range | checksum=OK
[STRIDED_GEMM] N=256 threads=10 rep=5 batches=10036 time=1.003 s | package=141.081 J | dram=NA | total=141.081 J | power=140.7 W | runtime=in_range | checksum=OK
[STRIDED_GEMM] N=256 threads=10 rep=6 batches=10036 time=1.013 s | package=141.967 J | dram=NA | total=141.967 J | power=140.1 W | runtime=in_range | checksum=OK
[STRIDED_GEMM] N=256 threads=10 rep=7 batches=10036 time=1.013 s | package=141.934 J | dram=NA | total=141.934 J | power=140.1 W | runtime=in_range | checksum=OK
[STRIDED_GEMM] N=256 threads=10 rep=8 batches=10036 time=1.013 s | package=142.017 J | dram=NA | total=142.017 J | power=140.1 W | runtime=in_range | checksum=OK
[STRIDED_GEMM] N=256 threads=10 rep=9 batches=10036 time=1.008 s | package=141.364 J | dram=NA | total=141.364 J | power=140.2 W | runtime=in_range | checksum=OK
[STRIDED_GEMM] N=256 threads=10 rep=10 batches=10036 time=1.008 s | package=141.393 J | dram=NA | total=141.393 J | power=140.2 W | runtime=in_range | checksum=OK
[OpenBLAS] requested=64 active=64
[STRIDED_GEMM] N=256 threads=64 rep=1 batches=12772 time=1.011 s | package=218.276 J | dram=NA | total=218.276 J | power=215.9 W | runtime=in_range | checksum=OK
[STRIDED_GEMM] N=256 threads=64 rep=2 batches=12772 time=1.004 s | package=217.054 J | dram=NA | total=217.054 J | power=216.2 W | runtime=in_range | checksum=OK
[STRIDED_GEMM] N=256 threads=64 rep=3 batches=12772 time=1.001 s | package=216.629 J | dram=NA | total=216.629 J | power=216.3 W | runtime=in_range | checksum=OK
[STRIDED_GEMM] N=256 threads=64 rep=4 batches=12772 time=0.997 s | package=215.991 J | dram=NA | total=215.991 J | power=216.6 W | runtime=in_range | checksum=OK
[STRIDED_GEMM] N=256 threads=64 rep=5 batches=12772 time=0.996 s | package=216.101 J | dram=NA | total=216.101 J | power=217.1 W | runtime=in_range | checksum=OK
[STRIDED_GEMM] N=256 threads=64 rep=6 batches=12772 time=1.002 s | package=217.160 J | dram=NA | total=217.160 J | power=216.7 W | runtime=in_range | checksum=OK
[STRIDED_GEMM] N=256 threads=64 rep=7 batches=12772 time=0.997 s | package=216.048 J | dram=NA | total=216.048 J | power=216.7 W | runtime=in_range | checksum=OK
[STRIDED_GEMM] N=256 threads=64 rep=8 batches=12772 time=1.001 s | package=216.755 J | dram=NA | total=216.755 J | power=216.6 W | runtime=in_range | checksum=OK
[STRIDED_GEMM] N=256 threads=64 rep=9 batches=12772 time=0.997 s | package=215.836 J | dram=NA | total=215.836 J | power=216.5 W | runtime=in_range | checksum=OK
[STRIDED_GEMM] N=256 threads=64 rep=10 batches=12772 time=1.008 s | package=218.042 J | dram=NA | total=218.042 J | power=216.3 W | runtime=in_range | checksum=OK
[OpenBLAS] requested=4 active=4
[STRIDED_GEMM] N=4096 threads=4 rep=1 batches=4 time=1.172 s | package=150.565 J | dram=NA | total=150.565 J | power=128.5 W | runtime=in_range | checksum=OK
[STRIDED_GEMM] N=4096 threads=4 rep=2 batches=4 time=1.175 s | package=150.783 J | dram=NA | total=150.783 J | power=128.3 W | runtime=in_range | checksum=OK
[STRIDED_GEMM] N=4096 threads=4 rep=3 batches=4 time=1.173 s | package=150.303 J | dram=NA | total=150.303 J | power=128.1 W | runtime=in_range | checksum=OK
[STRIDED_GEMM] N=4096 threads=4 rep=4 batches=4 time=1.172 s | package=149.653 J | dram=NA | total=149.653 J | power=127.7 W | runtime=in_range | checksum=OK
[STRIDED_GEMM] N=4096 threads=4 rep=5 batches=4 time=1.176 s | package=149.867 J | dram=NA | total=149.867 J | power=127.5 W | runtime=in_range | checksum=OK
[STRIDED_GEMM] N=4096 threads=4 rep=6 batches=4 time=1.170 s | package=149.532 J | dram=NA | total=149.532 J | power=127.8 W | runtime=in_range | checksum=OK
[STRIDED_GEMM] N=4096 threads=4 rep=7 batches=4 time=1.170 s | package=149.438 J | dram=NA | total=149.438 J | power=127.7 W | runtime=in_range | checksum=OK
[STRIDED_GEMM] N=4096 threads=4 rep=8 batches=4 time=1.177 s | package=149.834 J | dram=NA | total=149.834 J | power=127.3 W | runtime=in_range | checksum=OK
[STRIDED_GEMM] N=4096 threads=4 rep=9 batches=4 time=1.170 s | package=149.417 J | dram=NA | total=149.417 J | power=127.7 W | runtime=in_range | checksum=OK
[STRIDED_GEMM] N=4096 threads=4 rep=10 batches=4 time=1.170 s | package=149.288 J | dram=NA | total=149.288 J | power=127.6 W | runtime=in_range | checksum=OK
[OpenBLAS] requested=10 active=10
[STRIDED_GEMM] N=1024 threads=10 rep=1 batches=313 time=1.002 s | package=173.051 J | dram=NA | total=173.051 J | power=172.7 W | runtime=in_range | checksum=OK
[STRIDED_GEMM] N=1024 threads=10 rep=2 batches=313 time=1.010 s | package=174.070 J | dram=NA | total=174.070 J | power=172.3 W | runtime=in_range | checksum=OK
[STRIDED_GEMM] N=1024 threads=10 rep=3 batches=313 time=1.015 s | package=174.463 J | dram=NA | total=174.463 J | power=171.9 W | runtime=in_range | checksum=OK
[STRIDED_GEMM] N=1024 threads=10 rep=4 batches=313 time=1.015 s | package=174.441 J | dram=NA | total=174.441 J | power=171.8 W | runtime=in_range | checksum=OK
[STRIDED_GEMM] N=1024 threads=10 rep=5 batches=313 time=1.023 s | package=175.264 J | dram=NA | total=175.264 J | power=171.4 W | runtime=in_range | checksum=OK
[STRIDED_GEMM] N=1024 threads=10 rep=6 batches=313 time=1.015 s | package=174.442 J | dram=NA | total=174.442 J | power=171.9 W | runtime=in_range | checksum=OK
[STRIDED_GEMM] N=1024 threads=10 rep=7 batches=313 time=1.015 s | package=174.413 J | dram=NA | total=174.413 J | power=171.9 W | runtime=in_range | checksum=OK
[STRIDED_GEMM] N=1024 threads=10 rep=8 batches=313 time=1.020 s | package=174.899 J | dram=NA | total=174.899 J | power=171.5 W | runtime=in_range | checksum=OK
[STRIDED_GEMM] N=1024 threads=10 rep=9 batches=313 time=1.016 s | package=174.428 J | dram=NA | total=174.428 J | power=171.7 W | runtime=in_range | checksum=OK
[STRIDED_GEMM] N=1024 threads=10 rep=10 batches=313 time=1.015 s | package=174.538 J | dram=NA | total=174.538 J | power=171.9 W | runtime=in_range | checksum=OK
[OpenBLAS] requested=1 active=1
[STRIDED_GEMM] N=128 threads=1 rep=1 batches=24969 time=1.001 s | package=73.340 J | dram=NA | total=73.340 J | power=73.3 W | runtime=in_range | checksum=OK
[STRIDED_GEMM] N=128 threads=1 rep=2 batches=24969 time=1.007 s | package=73.804 J | dram=NA | total=73.804 J | power=73.3 W | runtime=in_range | checksum=OK
[STRIDED_GEMM] N=128 threads=1 rep=3 batches=24969 time=1.009 s | package=73.959 J | dram=NA | total=73.959 J | power=73.3 W | runtime=in_range | checksum=OK
[STRIDED_GEMM] N=128 threads=1 rep=4 batches=24969 time=1.007 s | package=73.686 J | dram=NA | total=73.686 J | power=73.2 W | runtime=in_range | checksum=OK
[STRIDED_GEMM] N=128 threads=1 rep=5 batches=24969 time=1.008 s | package=73.749 J | dram=NA | total=73.749 J | power=73.2 W | runtime=in_range | checksum=OK
[STRIDED_GEMM] N=128 threads=1 rep=6 batches=24969 time=1.008 s | package=73.945 J | dram=NA | total=73.945 J | power=73.3 W | runtime=in_range | checksum=OK
[STRIDED_GEMM] N=128 threads=1 rep=7 batches=24969 time=1.009 s | package=73.737 J | dram=NA | total=73.737 J | power=73.1 W | runtime=in_range | checksum=OK
[STRIDED_GEMM] N=128 threads=1 rep=8 batches=24969 time=1.007 s | package=73.686 J | dram=NA | total=73.686 J | power=73.2 W | runtime=in_range | checksum=OK
[STRIDED_GEMM] N=128 threads=1 rep=9 batches=24969 time=1.008 s | package=73.928 J | dram=NA | total=73.928 J | power=73.3 W | runtime=in_range | checksum=OK
[STRIDED_GEMM] N=128 threads=1 rep=10 batches=24969 time=1.009 s | package=73.876 J | dram=NA | total=73.876 J | power=73.2 W | runtime=in_range | checksum=OK
[OpenBLAS] requested=1 active=1
[STRIDED_GEMM] N=512 threads=1 rep=1 batches=452 time=1.000 s | package=74.990 J | dram=NA | total=74.990 J | power=75.0 W | runtime=in_range | checksum=OK
[STRIDED_GEMM] N=512 threads=1 rep=2 batches=452 time=1.019 s | package=76.122 J | dram=NA | total=76.122 J | power=74.7 W | runtime=in_range | checksum=OK
[STRIDED_GEMM] N=512 threads=1 rep=3 batches=452 time=1.009 s | package=75.481 J | dram=NA | total=75.481 J | power=74.8 W | runtime=in_range | checksum=OK
[STRIDED_GEMM] N=512 threads=1 rep=4 batches=452 time=1.010 s | package=75.632 J | dram=NA | total=75.632 J | power=74.8 W | runtime=in_range | checksum=OK
[STRIDED_GEMM] N=512 threads=1 rep=5 batches=452 time=1.009 s | package=75.421 J | dram=NA | total=75.421 J | power=74.8 W | runtime=in_range | checksum=OK
[STRIDED_GEMM] N=512 threads=1 rep=6 batches=452 time=1.009 s | package=75.790 J | dram=NA | total=75.790 J | power=75.1 W | runtime=in_range | checksum=OK
[STRIDED_GEMM] N=512 threads=1 rep=7 batches=452 time=1.009 s | package=75.543 J | dram=NA | total=75.543 J | power=74.9 W | runtime=in_range | checksum=OK
[STRIDED_GEMM] N=512 threads=1 rep=8 batches=452 time=1.010 s | package=75.504 J | dram=NA | total=75.504 J | power=74.7 W | runtime=in_range | checksum=OK
[STRIDED_GEMM] N=512 threads=1 rep=9 batches=452 time=1.009 s | package=75.362 J | dram=NA | total=75.362 J | power=74.7 W | runtime=in_range | checksum=OK
[STRIDED_GEMM] N=512 threads=1 rep=10 batches=452 time=1.008 s | package=75.344 J | dram=NA | total=75.344 J | power=74.7 W | runtime=in_range | checksum=OK
[OpenBLAS] requested=64 active=64
[STRIDED_GEMM] N=16384 threads=64 rep=1 batches=1 time=3.675 s | package=923.324 J | dram=NA | total=923.324 J | power=251.3 W | runtime=above | checksum=OK
[STRIDED_GEMM] N=16384 threads=64 rep=2 batches=1 time=3.639 s | package=916.864 J | dram=NA | total=916.864 J | power=252.0 W | runtime=above | checksum=OK
[STRIDED_GEMM] N=16384 threads=64 rep=3 batches=1 time=3.679 s | package=925.406 J | dram=NA | total=925.406 J | power=251.5 W | runtime=above | checksum=OK
[STRIDED_GEMM] N=16384 threads=64 rep=4 batches=1 time=3.659 s | package=921.777 J | dram=NA | total=921.777 J | power=251.9 W | runtime=above | checksum=OK
[STRIDED_GEMM] N=16384 threads=64 rep=5 batches=1 time=3.581 s | package=901.525 J | dram=NA | total=901.525 J | power=251.8 W | runtime=above | checksum=OK
[STRIDED_GEMM] N=16384 threads=64 rep=6 batches=1 time=3.567 s | package=897.904 J | dram=NA | total=897.904 J | power=251.7 W | runtime=above | checksum=OK
[STRIDED_GEMM] N=16384 threads=64 rep=7 batches=1 time=3.549 s | package=892.148 J | dram=NA | total=892.148 J | power=251.4 W | runtime=above | checksum=OK
[STRIDED_GEMM] N=16384 threads=64 rep=8 batches=1 time=3.541 s | package=890.177 J | dram=NA | total=890.177 J | power=251.4 W | runtime=above | checksum=OK
[STRIDED_GEMM] N=16384 threads=64 rep=9 batches=1 time=3.542 s | package=888.980 J | dram=NA | total=888.980 J | power=251.0 W | runtime=above | checksum=OK
[STRIDED_GEMM] N=16384 threads=64 rep=10 batches=1 time=3.539 s | package=890.541 J | dram=NA | total=890.541 J | power=251.6 W | runtime=above | checksum=OK
[OpenBLAS] requested=10 active=10
[STRIDED_GEMM] N=512 threads=10 rep=1 batches=1953 time=1.000 s | package=159.168 J | dram=NA | total=159.168 J | power=159.2 W | runtime=in_range | checksum=OK
[STRIDED_GEMM] N=512 threads=10 rep=2 batches=1953 time=1.009 s | package=160.207 J | dram=NA | total=160.207 J | power=158.8 W | runtime=in_range | checksum=OK
[STRIDED_GEMM] N=512 threads=10 rep=3 batches=1953 time=1.000 s | package=159.056 J | dram=NA | total=159.056 J | power=159.0 W | runtime=in_range | checksum=OK
[STRIDED_GEMM] N=512 threads=10 rep=4 batches=1953 time=0.998 s | package=158.411 J | dram=NA | total=158.411 J | power=158.8 W | runtime=in_range | checksum=OK
[STRIDED_GEMM] N=512 threads=10 rep=5 batches=1953 time=0.997 s | package=158.388 J | dram=NA | total=158.388 J | power=158.9 W | runtime=in_range | checksum=OK
[STRIDED_GEMM] N=512 threads=10 rep=6 batches=1953 time=1.005 s | package=159.116 J | dram=NA | total=159.116 J | power=158.4 W | runtime=in_range | checksum=OK
[STRIDED_GEMM] N=512 threads=10 rep=7 batches=1953 time=0.996 s | package=158.555 J | dram=NA | total=158.555 J | power=159.2 W | runtime=in_range | checksum=OK
[STRIDED_GEMM] N=512 threads=10 rep=8 batches=1953 time=0.998 s | package=158.570 J | dram=NA | total=158.570 J | power=158.8 W | runtime=in_range | checksum=OK
[STRIDED_GEMM] N=512 threads=10 rep=9 batches=1953 time=1.006 s | package=159.276 J | dram=NA | total=159.276 J | power=158.4 W | runtime=in_range | checksum=OK
[STRIDED_GEMM] N=512 threads=10 rep=10 batches=1953 time=0.997 s | package=158.373 J | dram=NA | total=158.373 J | power=158.9 W | runtime=in_range | checksum=OK
[OpenBLAS] requested=32 active=32
[STRIDED_GEMM] N=8192 threads=32 rep=1 batches=3 time=1.388 s | package=394.131 J | dram=NA | total=394.131 J | power=284.0 W | runtime=above | checksum=OK
[STRIDED_GEMM] N=8192 threads=32 rep=2 batches=3 time=1.384 s | package=393.080 J | dram=NA | total=393.080 J | power=284.1 W | runtime=above | checksum=OK
[STRIDED_GEMM] N=8192 threads=32 rep=3 batches=3 time=1.387 s | package=393.860 J | dram=NA | total=393.860 J | power=284.0 W | runtime=above | checksum=OK
[STRIDED_GEMM] N=8192 threads=32 rep=4 batches=3 time=1.386 s | package=393.607 J | dram=NA | total=393.607 J | power=284.0 W | runtime=above | checksum=OK
[STRIDED_GEMM] N=8192 threads=32 rep=5 batches=3 time=1.388 s | package=393.901 J | dram=NA | total=393.901 J | power=283.9 W | runtime=above | checksum=OK
[STRIDED_GEMM] N=8192 threads=32 rep=6 batches=3 time=1.495 s | package=422.277 J | dram=NA | total=422.277 J | power=282.5 W | runtime=above | checksum=OK
[STRIDED_GEMM] N=8192 threads=32 rep=7 batches=3 time=1.428 s | package=405.927 J | dram=NA | total=405.927 J | power=284.2 W | runtime=above | checksum=OK
[STRIDED_GEMM] N=8192 threads=32 rep=8 batches=3 time=1.402 s | package=398.106 J | dram=NA | total=398.106 J | power=284.0 W | runtime=above | checksum=OK
[STRIDED_GEMM] N=8192 threads=32 rep=9 batches=3 time=1.401 s | package=397.649 J | dram=NA | total=397.649 J | power=283.9 W | runtime=above | checksum=OK
[STRIDED_GEMM] N=8192 threads=32 rep=10 batches=3 time=1.400 s | package=397.651 J | dram=NA | total=397.651 J | power=284.1 W | runtime=above | checksum=OK
[OpenBLAS] requested=20 active=20
[STRIDED_GEMM] N=128 threads=20 rep=1 batches=59179 time=1.002 s | package=120.971 J | dram=NA | total=120.971 J | power=120.7 W | runtime=in_range | checksum=OK
[STRIDED_GEMM] N=128 threads=20 rep=2 batches=59179 time=1.008 s | package=121.487 J | dram=NA | total=121.487 J | power=120.5 W | runtime=in_range | checksum=OK
[STRIDED_GEMM] N=128 threads=20 rep=3 batches=59179 time=0.998 s | package=120.351 J | dram=NA | total=120.351 J | power=120.6 W | runtime=in_range | checksum=OK
[STRIDED_GEMM] N=128 threads=20 rep=4 batches=59179 time=0.999 s | package=120.428 J | dram=NA | total=120.428 J | power=120.6 W | runtime=in_range | checksum=OK
[STRIDED_GEMM] N=128 threads=20 rep=5 batches=59179 time=1.006 s | package=121.018 J | dram=NA | total=121.018 J | power=120.3 W | runtime=in_range | checksum=OK
[STRIDED_GEMM] N=128 threads=20 rep=6 batches=59179 time=1.000 s | package=120.387 J | dram=NA | total=120.387 J | power=120.4 W | runtime=in_range | checksum=OK
[STRIDED_GEMM] N=128 threads=20 rep=7 batches=59179 time=1.000 s | package=120.247 J | dram=NA | total=120.247 J | power=120.2 W | runtime=in_range | checksum=OK
[STRIDED_GEMM] N=128 threads=20 rep=8 batches=59179 time=1.000 s | package=120.109 J | dram=NA | total=120.109 J | power=120.1 W | runtime=in_range | checksum=OK
[STRIDED_GEMM] N=128 threads=20 rep=9 batches=59179 time=1.001 s | package=120.092 J | dram=NA | total=120.092 J | power=120.0 W | runtime=in_range | checksum=OK
[STRIDED_GEMM] N=128 threads=20 rep=10 batches=59179 time=1.002 s | package=120.486 J | dram=NA | total=120.486 J | power=120.2 W | runtime=in_range | checksum=OK
[OpenBLAS] requested=32 active=32
[STRIDED_GEMM] N=512 threads=32 rep=1 batches=2992 time=1.001 s | package=246.749 J | dram=NA | total=246.749 J | power=246.6 W | runtime=in_range | checksum=OK
[STRIDED_GEMM] N=512 threads=32 rep=2 batches=2992 time=1.000 s | package=246.909 J | dram=NA | total=246.909 J | power=247.0 W | runtime=in_range | checksum=OK
[STRIDED_GEMM] N=512 threads=32 rep=3 batches=2992 time=0.999 s | package=246.976 J | dram=NA | total=246.976 J | power=247.3 W | runtime=in_range | checksum=OK
[STRIDED_GEMM] N=512 threads=32 rep=4 batches=2992 time=0.999 s | package=247.103 J | dram=NA | total=247.103 J | power=247.4 W | runtime=in_range | checksum=OK
[STRIDED_GEMM] N=512 threads=32 rep=5 batches=2992 time=0.999 s | package=247.236 J | dram=NA | total=247.236 J | power=247.5 W | runtime=in_range | checksum=OK
[STRIDED_GEMM] N=512 threads=32 rep=6 batches=2992 time=0.998 s | package=247.033 J | dram=NA | total=247.033 J | power=247.5 W | runtime=in_range | checksum=OK
[STRIDED_GEMM] N=512 threads=32 rep=7 batches=2992 time=0.998 s | package=247.068 J | dram=NA | total=247.068 J | power=247.6 W | runtime=in_range | checksum=OK
[STRIDED_GEMM] N=512 threads=32 rep=8 batches=2992 time=0.998 s | package=247.098 J | dram=NA | total=247.098 J | power=247.6 W | runtime=in_range | checksum=OK
[STRIDED_GEMM] N=512 threads=32 rep=9 batches=2992 time=0.998 s | package=247.096 J | dram=NA | total=247.096 J | power=247.6 W | runtime=in_range | checksum=OK
[STRIDED_GEMM] N=512 threads=32 rep=10 batches=2992 time=0.998 s | package=247.452 J | dram=NA | total=247.452 J | power=247.9 W | runtime=in_range | checksum=OK
[OpenBLAS] requested=20 active=20
[STRIDED_GEMM] N=16384 threads=20 rep=1 batches=1 time=4.444 s | package=1265.757 J | dram=NA | total=1265.757 J | power=284.9 W | runtime=above | checksum=OK
[STRIDED_GEMM] N=16384 threads=20 rep=2 batches=1 time=4.547 s | package=1292.733 J | dram=NA | total=1292.733 J | power=284.3 W | runtime=above | checksum=OK
[STRIDED_GEMM] N=16384 threads=20 rep=3 batches=1 time=4.563 s | package=1297.281 J | dram=NA | total=1297.281 J | power=284.3 W | runtime=above | checksum=OK
[STRIDED_GEMM] N=16384 threads=20 rep=4 batches=1 time=4.585 s | package=1302.327 J | dram=NA | total=1302.327 J | power=284.1 W | runtime=above | checksum=OK
[STRIDED_GEMM] N=16384 threads=20 rep=5 batches=1 time=4.479 s | package=1272.847 J | dram=NA | total=1272.847 J | power=284.2 W | runtime=above | checksum=OK
[STRIDED_GEMM] N=16384 threads=20 rep=6 batches=1 time=4.453 s | package=1266.711 J | dram=NA | total=1266.711 J | power=284.5 W | runtime=above | checksum=OK
[STRIDED_GEMM] N=16384 threads=20 rep=7 batches=1 time=4.464 s | package=1270.145 J | dram=NA | total=1270.145 J | power=284.5 W | runtime=above | checksum=OK
[STRIDED_GEMM] N=16384 threads=20 rep=8 batches=1 time=4.466 s | package=1270.685 J | dram=NA | total=1270.685 J | power=284.5 W | runtime=above | checksum=OK
[STRIDED_GEMM] N=16384 threads=20 rep=9 batches=1 time=4.461 s | package=1269.325 J | dram=NA | total=1269.325 J | power=284.5 W | runtime=above | checksum=OK
[STRIDED_GEMM] N=16384 threads=20 rep=10 batches=1 time=4.460 s | package=1269.065 J | dram=NA | total=1269.065 J | power=284.5 W | runtime=above | checksum=OK
[OpenBLAS] requested=64 active=64
[STRIDED_GEMM] N=64 threads=64 rep=1 batches=160316 time=0.997 s | package=72.898 J | dram=NA | total=72.898 J | power=73.1 W | runtime=in_range | checksum=OK
[STRIDED_GEMM] N=64 threads=64 rep=2 batches=160316 time=0.994 s | package=72.695 J | dram=NA | total=72.695 J | power=73.1 W | runtime=in_range | checksum=OK
[STRIDED_GEMM] N=64 threads=64 rep=3 batches=160316 time=0.994 s | package=72.557 J | dram=NA | total=72.557 J | power=73.0 W | runtime=in_range | checksum=OK
[STRIDED_GEMM] N=64 threads=64 rep=4 batches=160316 time=0.994 s | package=72.444 J | dram=NA | total=72.444 J | power=72.9 W | runtime=in_range | checksum=OK
[STRIDED_GEMM] N=64 threads=64 rep=5 batches=160316 time=0.994 s | package=72.303 J | dram=NA | total=72.303 J | power=72.7 W | runtime=in_range | checksum=OK
[STRIDED_GEMM] N=64 threads=64 rep=6 batches=160316 time=0.995 s | package=72.317 J | dram=NA | total=72.317 J | power=72.6 W | runtime=in_range | checksum=OK
[STRIDED_GEMM] N=64 threads=64 rep=7 batches=160316 time=0.995 s | package=72.247 J | dram=NA | total=72.247 J | power=72.6 W | runtime=in_range | checksum=OK
[STRIDED_GEMM] N=64 threads=64 rep=8 batches=160316 time=0.994 s | package=72.152 J | dram=NA | total=72.152 J | power=72.6 W | runtime=in_range | checksum=OK
[STRIDED_GEMM] N=64 threads=64 rep=9 batches=160316 time=0.993 s | package=72.063 J | dram=NA | total=72.063 J | power=72.6 W | runtime=in_range | checksum=OK
[STRIDED_GEMM] N=64 threads=64 rep=10 batches=160316 time=0.993 s | package=72.084 J | dram=NA | total=72.084 J | power=72.6 W | runtime=in_range | checksum=OK
[OpenBLAS] requested=8 active=8
[STRIDED_GEMM] N=1024 threads=8 rep=1 batches=298 time=1.003 s | package=160.237 J | dram=NA | total=160.237 J | power=159.7 W | runtime=in_range | checksum=OK
[STRIDED_GEMM] N=1024 threads=8 rep=2 batches=298 time=1.014 s | package=161.485 J | dram=NA | total=161.485 J | power=159.2 W | runtime=in_range | checksum=OK
[STRIDED_GEMM] N=1024 threads=8 rep=3 batches=298 time=1.011 s | package=161.181 J | dram=NA | total=161.181 J | power=159.4 W | runtime=in_range | checksum=OK
[STRIDED_GEMM] N=1024 threads=8 rep=4 batches=298 time=1.007 s | package=160.440 J | dram=NA | total=160.440 J | power=159.4 W | runtime=in_range | checksum=OK
[STRIDED_GEMM] N=1024 threads=8 rep=5 batches=298 time=1.017 s | package=161.416 J | dram=NA | total=161.416 J | power=158.7 W | runtime=in_range | checksum=OK
[STRIDED_GEMM] N=1024 threads=8 rep=6 batches=298 time=1.010 s | package=160.787 J | dram=NA | total=160.787 J | power=159.1 W | runtime=in_range | checksum=OK
[STRIDED_GEMM] N=1024 threads=8 rep=7 batches=298 time=1.009 s | package=160.612 J | dram=NA | total=160.612 J | power=159.2 W | runtime=in_range | checksum=OK
[STRIDED_GEMM] N=1024 threads=8 rep=8 batches=298 time=1.022 s | package=162.970 J | dram=NA | total=162.970 J | power=159.4 W | runtime=in_range | checksum=OK
[STRIDED_GEMM] N=1024 threads=8 rep=9 batches=298 time=1.027 s | package=163.287 J | dram=NA | total=163.287 J | power=159.0 W | runtime=in_range | checksum=OK
[STRIDED_GEMM] N=1024 threads=8 rep=10 batches=298 time=1.021 s | package=162.977 J | dram=NA | total=162.977 J | power=159.7 W | runtime=in_range | checksum=OK
[OpenBLAS] requested=2 active=2
[STRIDED_GEMM] N=512 threads=2 rep=1 batches=883 time=1.000 s | package=93.362 J | dram=NA | total=93.362 J | power=93.4 W | runtime=in_range | checksum=OK
[STRIDED_GEMM] N=512 threads=2 rep=2 batches=883 time=1.009 s | package=94.751 J | dram=NA | total=94.751 J | power=93.9 W | runtime=in_range | checksum=OK
[STRIDED_GEMM] N=512 threads=2 rep=3 batches=883 time=1.008 s | package=94.405 J | dram=NA | total=94.405 J | power=93.7 W | runtime=in_range | checksum=OK
[STRIDED_GEMM] N=512 threads=2 rep=4 batches=883 time=1.008 s | package=94.129 J | dram=NA | total=94.129 J | power=93.4 W | runtime=in_range | checksum=OK
[STRIDED_GEMM] N=512 threads=2 rep=5 batches=883 time=1.009 s | package=93.797 J | dram=NA | total=93.797 J | power=93.0 W | runtime=in_range | checksum=OK
[STRIDED_GEMM] N=512 threads=2 rep=6 batches=883 time=1.010 s | package=94.462 J | dram=NA | total=94.462 J | power=93.6 W | runtime=in_range | checksum=OK
[STRIDED_GEMM] N=512 threads=2 rep=7 batches=883 time=1.011 s | package=93.956 J | dram=NA | total=93.956 J | power=93.0 W | runtime=in_range | checksum=OK
[STRIDED_GEMM] N=512 threads=2 rep=8 batches=883 time=1.012 s | package=94.053 J | dram=NA | total=94.053 J | power=92.9 W | runtime=in_range | checksum=OK
[STRIDED_GEMM] N=512 threads=2 rep=9 batches=883 time=1.010 s | package=93.975 J | dram=NA | total=93.975 J | power=93.0 W | runtime=in_range | checksum=OK
[STRIDED_GEMM] N=512 threads=2 rep=10 batches=883 time=1.009 s | package=94.883 J | dram=NA | total=94.883 J | power=94.0 W | runtime=in_range | checksum=OK
[OpenBLAS] requested=10 active=10
[STRIDED_GEMM] N=128 threads=10 rep=1 batches=56494 time=0.999 s | package=119.043 J | dram=NA | total=119.043 J | power=119.1 W | runtime=in_range | checksum=OK
[STRIDED_GEMM] N=128 threads=10 rep=2 batches=56494 time=1.001 s | package=119.174 J | dram=NA | total=119.174 J | power=119.0 W | runtime=in_range | checksum=OK
[STRIDED_GEMM] N=128 threads=10 rep=3 batches=56494 time=0.999 s | package=118.993 J | dram=NA | total=118.993 J | power=119.1 W | runtime=in_range | checksum=OK
[STRIDED_GEMM] N=128 threads=10 rep=4 batches=56494 time=1.002 s | package=119.309 J | dram=NA | total=119.309 J | power=119.0 W | runtime=in_range | checksum=OK
[STRIDED_GEMM] N=128 threads=10 rep=5 batches=56494 time=1.001 s | package=119.182 J | dram=NA | total=119.182 J | power=119.1 W | runtime=in_range | checksum=OK
[STRIDED_GEMM] N=128 threads=10 rep=6 batches=56494 time=0.998 s | package=119.032 J | dram=NA | total=119.032 J | power=119.2 W | runtime=in_range | checksum=OK
[STRIDED_GEMM] N=128 threads=10 rep=7 batches=56494 time=1.006 s | package=119.796 J | dram=NA | total=119.796 J | power=119.1 W | runtime=in_range | checksum=OK
[STRIDED_GEMM] N=128 threads=10 rep=8 batches=56494 time=0.998 s | package=118.925 J | dram=NA | total=118.925 J | power=119.1 W | runtime=in_range | checksum=OK
[STRIDED_GEMM] N=128 threads=10 rep=9 batches=56494 time=0.998 s | package=118.925 J | dram=NA | total=118.925 J | power=119.1 W | runtime=in_range | checksum=OK
[STRIDED_GEMM] N=128 threads=10 rep=10 batches=56494 time=1.000 s | package=119.066 J | dram=NA | total=119.066 J | power=119.0 W | runtime=in_range | checksum=OK
[OpenBLAS] requested=64 active=64
[STRIDED_GEMM] N=128 threads=64 rep=1 batches=56697 time=1.002 s | package=119.224 J | dram=NA | total=119.224 J | power=119.0 W | runtime=in_range | checksum=OK
[STRIDED_GEMM] N=128 threads=64 rep=2 batches=56697 time=1.010 s | package=120.093 J | dram=NA | total=120.093 J | power=118.9 W | runtime=in_range | checksum=OK
[STRIDED_GEMM] N=128 threads=64 rep=3 batches=56697 time=1.001 s | package=119.240 J | dram=NA | total=119.240 J | power=119.1 W | runtime=in_range | checksum=OK
[STRIDED_GEMM] N=128 threads=64 rep=4 batches=56697 time=1.001 s | package=119.236 J | dram=NA | total=119.236 J | power=119.2 W | runtime=in_range | checksum=OK
[STRIDED_GEMM] N=128 threads=64 rep=5 batches=56697 time=1.002 s | package=119.201 J | dram=NA | total=119.201 J | power=119.0 W | runtime=in_range | checksum=OK
[STRIDED_GEMM] N=128 threads=64 rep=6 batches=56697 time=1.002 s | package=119.279 J | dram=NA | total=119.279 J | power=119.0 W | runtime=in_range | checksum=OK
[STRIDED_GEMM] N=128 threads=64 rep=7 batches=56697 time=1.011 s | package=120.176 J | dram=NA | total=120.176 J | power=118.9 W | runtime=in_range | checksum=OK
[STRIDED_GEMM] N=128 threads=64 rep=8 batches=56697 time=1.000 s | package=119.123 J | dram=NA | total=119.123 J | power=119.1 W | runtime=in_range | checksum=OK
[STRIDED_GEMM] N=128 threads=64 rep=9 batches=56697 time=1.011 s | package=120.157 J | dram=NA | total=120.157 J | power=118.8 W | runtime=in_range | checksum=OK
[STRIDED_GEMM] N=128 threads=64 rep=10 batches=56697 time=1.004 s | package=119.485 J | dram=NA | total=119.485 J | power=119.0 W | runtime=in_range | checksum=OK
[OpenBLAS] requested=32 active=32
[STRIDED_GEMM] N=4096 threads=32 rep=1 batches=18 time=1.014 s | package=279.838 J | dram=NA | total=279.838 J | power=276.1 W | runtime=in_range | checksum=OK
[STRIDED_GEMM] N=4096 threads=32 rep=2 batches=18 time=1.021 s | package=282.071 J | dram=NA | total=282.071 J | power=276.4 W | runtime=in_range | checksum=OK
[STRIDED_GEMM] N=4096 threads=32 rep=3 batches=18 time=1.076 s | package=292.152 J | dram=NA | total=292.152 J | power=271.6 W | runtime=in_range | checksum=OK
[STRIDED_GEMM] N=4096 threads=32 rep=4 batches=18 time=1.062 s | package=290.104 J | dram=NA | total=290.104 J | power=273.3 W | runtime=in_range | checksum=OK
[STRIDED_GEMM] N=4096 threads=32 rep=5 batches=18 time=1.014 s | package=281.390 J | dram=NA | total=281.390 J | power=277.5 W | runtime=in_range | checksum=OK
[STRIDED_GEMM] N=4096 threads=32 rep=6 batches=18 time=1.013 s | package=281.320 J | dram=NA | total=281.320 J | power=277.7 W | runtime=in_range | checksum=OK
[STRIDED_GEMM] N=4096 threads=32 rep=7 batches=18 time=1.014 s | package=281.996 J | dram=NA | total=281.996 J | power=278.1 W | runtime=in_range | checksum=OK
[STRIDED_GEMM] N=4096 threads=32 rep=8 batches=18 time=1.015 s | package=282.369 J | dram=NA | total=282.369 J | power=278.1 W | runtime=in_range | checksum=OK
[STRIDED_GEMM] N=4096 threads=32 rep=9 batches=18 time=1.014 s | package=282.257 J | dram=NA | total=282.257 J | power=278.3 W | runtime=in_range | checksum=OK
[STRIDED_GEMM] N=4096 threads=32 rep=10 batches=18 time=1.021 s | package=283.633 J | dram=NA | total=283.633 J | power=277.7 W | runtime=in_range | checksum=OK
[OpenBLAS] requested=20 active=20
[STRIDED_GEMM] N=4096 threads=20 rep=1 batches=13 time=1.176 s | package=320.293 J | dram=NA | total=320.293 J | power=272.3 W | runtime=in_range | checksum=OK
[STRIDED_GEMM] N=4096 threads=20 rep=2 batches=13 time=1.044 s | package=295.823 J | dram=NA | total=295.823 J | power=283.5 W | runtime=in_range | checksum=OK
[STRIDED_GEMM] N=4096 threads=20 rep=3 batches=13 time=1.038 s | package=294.646 J | dram=NA | total=294.646 J | power=284.0 W | runtime=in_range | checksum=OK
[STRIDED_GEMM] N=4096 threads=20 rep=4 batches=13 time=1.036 s | package=294.256 J | dram=NA | total=294.256 J | power=284.1 W | runtime=in_range | checksum=OK
[STRIDED_GEMM] N=4096 threads=20 rep=5 batches=13 time=1.038 s | package=294.850 J | dram=NA | total=294.850 J | power=284.1 W | runtime=in_range | checksum=OK
[STRIDED_GEMM] N=4096 threads=20 rep=6 batches=13 time=1.044 s | package=296.042 J | dram=NA | total=296.042 J | power=283.5 W | runtime=in_range | checksum=OK
[STRIDED_GEMM] N=4096 threads=20 rep=7 batches=13 time=1.038 s | package=295.085 J | dram=NA | total=295.085 J | power=284.2 W | runtime=in_range | checksum=OK
[STRIDED_GEMM] N=4096 threads=20 rep=8 batches=13 time=1.037 s | package=294.670 J | dram=NA | total=294.670 J | power=284.3 W | runtime=in_range | checksum=OK
[STRIDED_GEMM] N=4096 threads=20 rep=9 batches=13 time=1.037 s | package=294.569 J | dram=NA | total=294.569 J | power=284.1 W | runtime=in_range | checksum=OK
[STRIDED_GEMM] N=4096 threads=20 rep=10 batches=13 time=1.035 s | package=294.264 J | dram=NA | total=294.264 J | power=284.3 W | runtime=in_range | checksum=OK
[OpenBLAS] requested=20 active=20
[STRIDED_GEMM] N=2048 threads=20 rep=1 batches=83 time=1.000 s | package=276.758 J | dram=NA | total=276.758 J | power=276.9 W | runtime=in_range | checksum=OK
[STRIDED_GEMM] N=2048 threads=20 rep=2 batches=83 time=1.003 s | package=277.396 J | dram=NA | total=277.396 J | power=276.4 W | runtime=in_range | checksum=OK
[STRIDED_GEMM] N=2048 threads=20 rep=3 batches=83 time=1.001 s | package=276.723 J | dram=NA | total=276.723 J | power=276.6 W | runtime=in_range | checksum=OK
[STRIDED_GEMM] N=2048 threads=20 rep=4 batches=83 time=1.007 s | package=278.009 J | dram=NA | total=278.009 J | power=276.1 W | runtime=in_range | checksum=OK
[STRIDED_GEMM] N=2048 threads=20 rep=5 batches=83 time=1.000 s | package=276.870 J | dram=NA | total=276.870 J | power=276.8 W | runtime=in_range | checksum=OK
[STRIDED_GEMM] N=2048 threads=20 rep=6 batches=83 time=0.998 s | package=276.404 J | dram=NA | total=276.404 J | power=277.0 W | runtime=in_range | checksum=OK
[STRIDED_GEMM] N=2048 threads=20 rep=7 batches=83 time=0.998 s | package=276.855 J | dram=NA | total=276.855 J | power=277.5 W | runtime=in_range | checksum=OK
[STRIDED_GEMM] N=2048 threads=20 rep=8 batches=83 time=0.997 s | package=276.577 J | dram=NA | total=276.577 J | power=277.3 W | runtime=in_range | checksum=OK
[STRIDED_GEMM] N=2048 threads=20 rep=9 batches=83 time=0.998 s | package=276.641 J | dram=NA | total=276.641 J | power=277.3 W | runtime=in_range | checksum=OK
[STRIDED_GEMM] N=2048 threads=20 rep=10 batches=83 time=0.998 s | package=276.666 J | dram=NA | total=276.666 J | power=277.3 W | runtime=in_range | checksum=OK
[OpenBLAS] requested=16 active=16
[STRIDED_GEMM] N=2048 threads=16 rep=1 batches=85 time=1.010 s | package=267.056 J | dram=NA | total=267.056 J | power=264.4 W | runtime=in_range | checksum=OK
[STRIDED_GEMM] N=2048 threads=16 rep=2 batches=85 time=1.012 s | package=267.232 J | dram=NA | total=267.232 J | power=264.1 W | runtime=in_range | checksum=OK
[STRIDED_GEMM] N=2048 threads=16 rep=3 batches=85 time=1.012 s | package=267.170 J | dram=NA | total=267.170 J | power=264.0 W | runtime=in_range | checksum=OK
[STRIDED_GEMM] N=2048 threads=16 rep=4 batches=85 time=1.015 s | package=267.587 J | dram=NA | total=267.587 J | power=263.7 W | runtime=in_range | checksum=OK
[STRIDED_GEMM] N=2048 threads=16 rep=5 batches=85 time=1.011 s | package=267.093 J | dram=NA | total=267.093 J | power=264.3 W | runtime=in_range | checksum=OK
[STRIDED_GEMM] N=2048 threads=16 rep=6 batches=85 time=1.012 s | package=267.199 J | dram=NA | total=267.199 J | power=264.0 W | runtime=in_range | checksum=OK
[STRIDED_GEMM] N=2048 threads=16 rep=7 batches=85 time=1.012 s | package=267.321 J | dram=NA | total=267.321 J | power=264.2 W | runtime=in_range | checksum=OK
[STRIDED_GEMM] N=2048 threads=16 rep=8 batches=85 time=1.012 s | package=267.495 J | dram=NA | total=267.495 J | power=264.4 W | runtime=in_range | checksum=OK
[STRIDED_GEMM] N=2048 threads=16 rep=9 batches=85 time=1.018 s | package=268.000 J | dram=NA | total=268.000 J | power=263.2 W | runtime=in_range | checksum=OK
[STRIDED_GEMM] N=2048 threads=16 rep=10 batches=85 time=1.013 s | package=267.211 J | dram=NA | total=267.211 J | power=263.7 W | runtime=in_range | checksum=OK
[OpenBLAS] requested=16 active=16
[STRIDED_GEMM] N=512 threads=16 rep=1 batches=3191 time=1.002 s | package=212.610 J | dram=NA | total=212.610 J | power=212.2 W | runtime=in_range | checksum=OK
[STRIDED_GEMM] N=512 threads=16 rep=2 batches=3191 time=1.004 s | package=212.876 J | dram=NA | total=212.876 J | power=212.1 W | runtime=in_range | checksum=OK
[STRIDED_GEMM] N=512 threads=16 rep=3 batches=3191 time=1.027 s | package=215.681 J | dram=NA | total=215.681 J | power=210.1 W | runtime=in_range | checksum=OK
[STRIDED_GEMM] N=512 threads=16 rep=4 batches=3191 time=1.025 s | package=215.475 J | dram=NA | total=215.475 J | power=210.2 W | runtime=in_range | checksum=OK
[STRIDED_GEMM] N=512 threads=16 rep=5 batches=3191 time=1.031 s | package=216.274 J | dram=NA | total=216.274 J | power=209.9 W | runtime=in_range | checksum=OK
[STRIDED_GEMM] N=512 threads=16 rep=6 batches=3191 time=1.025 s | package=215.567 J | dram=NA | total=215.567 J | power=210.3 W | runtime=in_range | checksum=OK
[STRIDED_GEMM] N=512 threads=16 rep=7 batches=3191 time=1.025 s | package=215.435 J | dram=NA | total=215.435 J | power=210.3 W | runtime=in_range | checksum=OK
[STRIDED_GEMM] N=512 threads=16 rep=8 batches=3191 time=1.024 s | package=215.567 J | dram=NA | total=215.567 J | power=210.4 W | runtime=in_range | checksum=OK
[STRIDED_GEMM] N=512 threads=16 rep=9 batches=3191 time=1.024 s | package=215.559 J | dram=NA | total=215.559 J | power=210.6 W | runtime=in_range | checksum=OK
[STRIDED_GEMM] N=512 threads=16 rep=10 batches=3191 time=1.024 s | package=215.301 J | dram=NA | total=215.301 J | power=210.3 W | runtime=in_range | checksum=OK
[OpenBLAS] requested=1 active=1
[STRIDED_GEMM] N=2048 threads=1 rep=1 batches=8 time=1.123 s | package=86.277 J | dram=NA | total=86.277 J | power=76.8 W | runtime=in_range | checksum=OK
[STRIDED_GEMM] N=2048 threads=1 rep=2 batches=8 time=1.132 s | package=87.809 J | dram=NA | total=87.809 J | power=77.5 W | runtime=in_range | checksum=OK
[STRIDED_GEMM] N=2048 threads=1 rep=3 batches=8 time=1.130 s | package=87.954 J | dram=NA | total=87.954 J | power=77.9 W | runtime=in_range | checksum=OK
[STRIDED_GEMM] N=2048 threads=1 rep=4 batches=8 time=1.130 s | package=87.802 J | dram=NA | total=87.802 J | power=77.7 W | runtime=in_range | checksum=OK
[STRIDED_GEMM] N=2048 threads=1 rep=5 batches=8 time=1.126 s | package=86.552 J | dram=NA | total=86.552 J | power=76.8 W | runtime=in_range | checksum=OK
[STRIDED_GEMM] N=2048 threads=1 rep=6 batches=8 time=1.123 s | package=85.584 J | dram=NA | total=85.584 J | power=76.2 W | runtime=in_range | checksum=OK
[STRIDED_GEMM] N=2048 threads=1 rep=7 batches=8 time=1.122 s | package=85.645 J | dram=NA | total=85.645 J | power=76.4 W | runtime=in_range | checksum=OK
[STRIDED_GEMM] N=2048 threads=1 rep=8 batches=8 time=1.127 s | package=86.982 J | dram=NA | total=86.982 J | power=77.2 W | runtime=in_range | checksum=OK
[STRIDED_GEMM] N=2048 threads=1 rep=9 batches=8 time=1.125 s | package=86.873 J | dram=NA | total=86.873 J | power=77.2 W | runtime=in_range | checksum=OK
[STRIDED_GEMM] N=2048 threads=1 rep=10 batches=8 time=1.122 s | package=85.404 J | dram=NA | total=85.404 J | power=76.2 W | runtime=in_range | checksum=OK
[OpenBLAS] requested=64 active=64
[STRIDED_GEMM] N=512 threads=64 rep=1 batches=2386 time=1.046 s | package=275.467 J | dram=NA | total=275.467 J | power=263.4 W | runtime=in_range | checksum=OK
[STRIDED_GEMM] N=512 threads=64 rep=2 batches=2386 time=1.034 s | package=273.770 J | dram=NA | total=273.770 J | power=264.9 W | runtime=in_range | checksum=OK
[STRIDED_GEMM] N=512 threads=64 rep=3 batches=2386 time=1.035 s | package=274.015 J | dram=NA | total=274.015 J | power=264.7 W | runtime=in_range | checksum=OK
[STRIDED_GEMM] N=512 threads=64 rep=4 batches=2386 time=1.053 s | package=278.224 J | dram=NA | total=278.224 J | power=264.3 W | runtime=in_range | checksum=OK
[STRIDED_GEMM] N=512 threads=64 rep=5 batches=2386 time=1.114 s | package=291.621 J | dram=NA | total=291.621 J | power=261.8 W | runtime=in_range | checksum=OK
[STRIDED_GEMM] N=512 threads=64 rep=6 batches=2386 time=1.036 s | package=274.501 J | dram=NA | total=274.501 J | power=264.9 W | runtime=in_range | checksum=OK
[STRIDED_GEMM] N=512 threads=64 rep=7 batches=2386 time=1.033 s | package=273.579 J | dram=NA | total=273.579 J | power=264.9 W | runtime=in_range | checksum=OK
[STRIDED_GEMM] N=512 threads=64 rep=8 batches=2386 time=1.048 s | package=277.661 J | dram=NA | total=277.661 J | power=264.9 W | runtime=in_range | checksum=OK
[STRIDED_GEMM] N=512 threads=64 rep=9 batches=2386 time=1.036 s | package=275.088 J | dram=NA | total=275.088 J | power=265.5 W | runtime=in_range | checksum=OK
[STRIDED_GEMM] N=512 threads=64 rep=10 batches=2386 time=1.037 s | package=275.444 J | dram=NA | total=275.444 J | power=265.5 W | runtime=in_range | checksum=OK
[OpenBLAS] requested=4 active=4
[STRIDED_GEMM] N=512 threads=4 rep=1 batches=1629 time=1.001 s | package=124.092 J | dram=NA | total=124.092 J | power=124.0 W | runtime=in_range | checksum=OK
[STRIDED_GEMM] N=512 threads=4 rep=2 batches=1629 time=1.011 s | package=124.786 J | dram=NA | total=124.786 J | power=123.4 W | runtime=in_range | checksum=OK
[STRIDED_GEMM] N=512 threads=4 rep=3 batches=1629 time=1.007 s | package=124.489 J | dram=NA | total=124.489 J | power=123.6 W | runtime=in_range | checksum=OK
[STRIDED_GEMM] N=512 threads=4 rep=4 batches=1629 time=1.011 s | package=124.865 J | dram=NA | total=124.865 J | power=123.5 W | runtime=in_range | checksum=OK
[STRIDED_GEMM] N=512 threads=4 rep=5 batches=1629 time=1.011 s | package=124.479 J | dram=NA | total=124.479 J | power=123.1 W | runtime=in_range | checksum=OK
[STRIDED_GEMM] N=512 threads=4 rep=6 batches=1629 time=1.011 s | package=124.434 J | dram=NA | total=124.434 J | power=123.1 W | runtime=in_range | checksum=OK
[STRIDED_GEMM] N=512 threads=4 rep=7 batches=1629 time=1.003 s | package=123.885 J | dram=NA | total=123.885 J | power=123.5 W | runtime=in_range | checksum=OK
[STRIDED_GEMM] N=512 threads=4 rep=8 batches=1629 time=1.016 s | package=126.055 J | dram=NA | total=126.055 J | power=124.0 W | runtime=in_range | checksum=OK
[STRIDED_GEMM] N=512 threads=4 rep=9 batches=1629 time=1.015 s | package=125.752 J | dram=NA | total=125.752 J | power=123.9 W | runtime=in_range | checksum=OK
[STRIDED_GEMM] N=512 threads=4 rep=10 batches=1629 time=1.004 s | package=124.774 J | dram=NA | total=124.774 J | power=124.3 W | runtime=in_range | checksum=OK
[OpenBLAS] requested=10 active=10
[STRIDED_GEMM] N=8192 threads=10 rep=1 batches=1 time=1.027 s | package=218.300 J | dram=NA | total=218.300 J | power=212.6 W | runtime=in_range | checksum=OK
[STRIDED_GEMM] N=8192 threads=10 rep=2 batches=1 time=1.029 s | package=218.160 J | dram=NA | total=218.160 J | power=212.0 W | runtime=in_range | checksum=OK
[STRIDED_GEMM] N=8192 threads=10 rep=3 batches=1 time=1.030 s | package=218.093 J | dram=NA | total=218.093 J | power=211.7 W | runtime=in_range | checksum=OK
[STRIDED_GEMM] N=8192 threads=10 rep=4 batches=1 time=1.030 s | package=217.981 J | dram=NA | total=217.981 J | power=211.6 W | runtime=in_range | checksum=OK
[STRIDED_GEMM] N=8192 threads=10 rep=5 batches=1 time=1.030 s | package=218.112 J | dram=NA | total=218.112 J | power=211.7 W | runtime=in_range | checksum=OK
[STRIDED_GEMM] N=8192 threads=10 rep=6 batches=1 time=1.031 s | package=218.281 J | dram=NA | total=218.281 J | power=211.8 W | runtime=in_range | checksum=OK
[STRIDED_GEMM] N=8192 threads=10 rep=7 batches=1 time=1.030 s | package=218.589 J | dram=NA | total=218.589 J | power=212.2 W | runtime=in_range | checksum=OK
[STRIDED_GEMM] N=8192 threads=10 rep=8 batches=1 time=1.043 s | package=219.868 J | dram=NA | total=219.868 J | power=210.9 W | runtime=in_range | checksum=OK
[STRIDED_GEMM] N=8192 threads=10 rep=9 batches=1 time=1.031 s | package=218.646 J | dram=NA | total=218.646 J | power=212.0 W | runtime=in_range | checksum=OK
[STRIDED_GEMM] N=8192 threads=10 rep=10 batches=1 time=1.030 s | package=218.550 J | dram=NA | total=218.550 J | power=212.2 W | runtime=in_range | checksum=OK
[OpenBLAS] requested=10 active=10
[STRIDED_GEMM] N=16384 threads=10 rep=1 batches=1 time=8.360 s | package=1762.277 J | dram=NA | total=1762.277 J | power=210.8 W | runtime=above | checksum=OK
[STRIDED_GEMM] N=16384 threads=10 rep=2 batches=1 time=8.338 s | package=1768.133 J | dram=NA | total=1768.133 J | power=212.1 W | runtime=above | checksum=OK
[STRIDED_GEMM] N=16384 threads=10 rep=3 batches=1 time=8.382 s | package=1763.695 J | dram=NA | total=1763.695 J | power=210.4 W | runtime=above | checksum=OK
[STRIDED_GEMM] N=16384 threads=10 rep=4 batches=1 time=8.458 s | package=1771.685 J | dram=NA | total=1771.685 J | power=209.5 W | runtime=above | checksum=OK
[STRIDED_GEMM] N=16384 threads=10 rep=5 batches=1 time=8.428 s | package=1767.304 J | dram=NA | total=1767.304 J | power=209.7 W | runtime=above | checksum=OK
[STRIDED_GEMM] N=16384 threads=10 rep=6 batches=1 time=8.468 s | package=1773.112 J | dram=NA | total=1773.112 J | power=209.4 W | runtime=above | checksum=OK
[STRIDED_GEMM] N=16384 threads=10 rep=7 batches=1 time=8.415 s | package=1766.732 J | dram=NA | total=1766.732 J | power=210.0 W | runtime=above | checksum=OK
[STRIDED_GEMM] N=16384 threads=10 rep=8 batches=1 time=8.420 s | package=1767.709 J | dram=NA | total=1767.709 J | power=209.9 W | runtime=above | checksum=OK
[STRIDED_GEMM] N=16384 threads=10 rep=9 batches=1 time=8.416 s | package=1766.707 J | dram=NA | total=1766.707 J | power=209.9 W | runtime=above | checksum=OK
[STRIDED_GEMM] N=16384 threads=10 rep=10 batches=1 time=8.404 s | package=1767.483 J | dram=NA | total=1767.483 J | power=210.3 W | runtime=above | checksum=OK
[OpenBLAS] requested=4 active=4
[STRIDED_GEMM] N=2048 threads=4 rep=1 batches=27 time=1.018 s | package=129.181 J | dram=NA | total=129.181 J | power=126.9 W | runtime=in_range | checksum=OK
[STRIDED_GEMM] N=2048 threads=4 rep=2 batches=27 time=1.023 s | package=129.324 J | dram=NA | total=129.324 J | power=126.5 W | runtime=in_range | checksum=OK
[STRIDED_GEMM] N=2048 threads=4 rep=3 batches=27 time=1.022 s | package=129.209 J | dram=NA | total=129.209 J | power=126.4 W | runtime=in_range | checksum=OK
[STRIDED_GEMM] N=2048 threads=4 rep=4 batches=27 time=1.025 s | package=129.440 J | dram=NA | total=129.440 J | power=126.3 W | runtime=in_range | checksum=OK
[STRIDED_GEMM] N=2048 threads=4 rep=5 batches=27 time=1.021 s | package=129.104 J | dram=NA | total=129.104 J | power=126.4 W | runtime=in_range | checksum=OK
[STRIDED_GEMM] N=2048 threads=4 rep=6 batches=27 time=1.021 s | package=128.968 J | dram=NA | total=128.968 J | power=126.3 W | runtime=in_range | checksum=OK
[STRIDED_GEMM] N=2048 threads=4 rep=7 batches=27 time=1.065 s | package=131.767 J | dram=NA | total=131.767 J | power=123.7 W | runtime=in_range | checksum=OK
[STRIDED_GEMM] N=2048 threads=4 rep=8 batches=27 time=1.019 s | package=128.944 J | dram=NA | total=128.944 J | power=126.5 W | runtime=in_range | checksum=OK
[STRIDED_GEMM] N=2048 threads=4 rep=9 batches=27 time=1.028 s | package=129.491 J | dram=NA | total=129.491 J | power=126.0 W | runtime=in_range | checksum=OK
[STRIDED_GEMM] N=2048 threads=4 rep=10 batches=27 time=1.021 s | package=129.038 J | dram=NA | total=129.038 J | power=126.4 W | runtime=in_range | checksum=OK
[OpenBLAS] requested=32 active=32
[STRIDED_GEMM] N=1024 threads=32 rep=1 batches=625 time=1.003 s | package=286.430 J | dram=NA | total=286.430 J | power=285.6 W | runtime=in_range | checksum=OK
[STRIDED_GEMM] N=1024 threads=32 rep=2 batches=625 time=1.012 s | package=288.177 J | dram=NA | total=288.177 J | power=284.7 W | runtime=in_range | checksum=OK
[STRIDED_GEMM] N=1024 threads=32 rep=3 batches=625 time=1.003 s | package=286.693 J | dram=NA | total=286.693 J | power=285.9 W | runtime=in_range | checksum=OK
[STRIDED_GEMM] N=1024 threads=32 rep=4 batches=625 time=1.003 s | package=286.977 J | dram=NA | total=286.977 J | power=286.0 W | runtime=in_range | checksum=OK
[STRIDED_GEMM] N=1024 threads=32 rep=5 batches=625 time=1.003 s | package=287.312 J | dram=NA | total=287.312 J | power=286.6 W | runtime=in_range | checksum=OK
[STRIDED_GEMM] N=1024 threads=32 rep=6 batches=625 time=1.002 s | package=287.189 J | dram=NA | total=287.189 J | power=286.6 W | runtime=in_range | checksum=OK
[STRIDED_GEMM] N=1024 threads=32 rep=7 batches=625 time=1.011 s | package=288.893 J | dram=NA | total=288.893 J | power=285.6 W | runtime=in_range | checksum=OK
[STRIDED_GEMM] N=1024 threads=32 rep=8 batches=625 time=1.005 s | package=287.678 J | dram=NA | total=287.678 J | power=286.3 W | runtime=in_range | checksum=OK
[STRIDED_GEMM] N=1024 threads=32 rep=9 batches=625 time=1.003 s | package=287.449 J | dram=NA | total=287.449 J | power=286.5 W | runtime=in_range | checksum=OK
[STRIDED_GEMM] N=1024 threads=32 rep=10 batches=625 time=1.012 s | package=288.867 J | dram=NA | total=288.867 J | power=285.6 W | runtime=in_range | checksum=OK
[OpenBLAS] requested=8 active=8
[STRIDED_GEMM] N=8192 threads=8 rep=1 batches=1 time=1.209 s | package=228.267 J | dram=NA | total=228.267 J | power=188.8 W | runtime=in_range | checksum=OK
[STRIDED_GEMM] N=8192 threads=8 rep=2 batches=1 time=1.212 s | package=228.570 J | dram=NA | total=228.570 J | power=188.6 W | runtime=in_range | checksum=OK
[STRIDED_GEMM] N=8192 threads=8 rep=3 batches=1 time=1.211 s | package=228.077 J | dram=NA | total=228.077 J | power=188.4 W | runtime=in_range | checksum=OK
[STRIDED_GEMM] N=8192 threads=8 rep=4 batches=1 time=1.212 s | package=228.074 J | dram=NA | total=228.074 J | power=188.1 W | runtime=in_range | checksum=OK
[STRIDED_GEMM] N=8192 threads=8 rep=5 batches=1 time=1.208 s | package=227.482 J | dram=NA | total=227.482 J | power=188.3 W | runtime=in_range | checksum=OK
[STRIDED_GEMM] N=8192 threads=8 rep=6 batches=1 time=1.209 s | package=227.349 J | dram=NA | total=227.349 J | power=188.1 W | runtime=in_range | checksum=OK
[STRIDED_GEMM] N=8192 threads=8 rep=7 batches=1 time=1.213 s | package=227.848 J | dram=NA | total=227.848 J | power=187.8 W | runtime=in_range | checksum=OK
[STRIDED_GEMM] N=8192 threads=8 rep=8 batches=1 time=1.220 s | package=228.648 J | dram=NA | total=228.648 J | power=187.4 W | runtime=in_range | checksum=OK
[STRIDED_GEMM] N=8192 threads=8 rep=9 batches=1 time=1.217 s | package=228.186 J | dram=NA | total=228.186 J | power=187.6 W | runtime=in_range | checksum=OK
[STRIDED_GEMM] N=8192 threads=8 rep=10 batches=1 time=1.213 s | package=227.816 J | dram=NA | total=227.816 J | power=187.9 W | runtime=in_range | checksum=OK
[OpenBLAS] requested=1 active=1
[STRIDED_GEMM] N=1024 threads=1 rep=1 batches=57 time=1.002 s | package=77.374 J | dram=NA | total=77.374 J | power=77.2 W | runtime=in_range | checksum=OK
[STRIDED_GEMM] N=1024 threads=1 rep=2 batches=57 time=1.010 s | package=77.309 J | dram=NA | total=77.309 J | power=76.5 W | runtime=in_range | checksum=OK
[STRIDED_GEMM] N=1024 threads=1 rep=3 batches=57 time=1.001 s | package=76.173 J | dram=NA | total=76.173 J | power=76.1 W | runtime=in_range | checksum=OK
[STRIDED_GEMM] N=1024 threads=1 rep=4 batches=57 time=1.007 s | package=76.538 J | dram=NA | total=76.538 J | power=76.0 W | runtime=in_range | checksum=OK
[STRIDED_GEMM] N=1024 threads=1 rep=5 batches=57 time=1.005 s | package=76.260 J | dram=NA | total=76.260 J | power=75.9 W | runtime=in_range | checksum=OK
[STRIDED_GEMM] N=1024 threads=1 rep=6 batches=57 time=1.008 s | package=76.604 J | dram=NA | total=76.604 J | power=76.0 W | runtime=in_range | checksum=OK
[STRIDED_GEMM] N=1024 threads=1 rep=7 batches=57 time=1.001 s | package=75.934 J | dram=NA | total=75.934 J | power=75.8 W | runtime=in_range | checksum=OK
[STRIDED_GEMM] N=1024 threads=1 rep=8 batches=57 time=1.003 s | package=75.975 J | dram=NA | total=75.975 J | power=75.7 W | runtime=in_range | checksum=OK
[STRIDED_GEMM] N=1024 threads=1 rep=9 batches=57 time=1.004 s | package=76.179 J | dram=NA | total=76.179 J | power=75.9 W | runtime=in_range | checksum=OK
[STRIDED_GEMM] N=1024 threads=1 rep=10 batches=57 time=1.007 s | package=76.313 J | dram=NA | total=76.313 J | power=75.8 W | runtime=in_range | checksum=OK
[OpenBLAS] requested=16 active=16
[STRIDED_GEMM] N=64 threads=16 rep=1 batches=162137 time=0.999 s | package=72.405 J | dram=NA | total=72.405 J | power=72.5 W | runtime=in_range | checksum=OK
[STRIDED_GEMM] N=64 threads=16 rep=2 batches=162137 time=1.000 s | package=72.471 J | dram=NA | total=72.471 J | power=72.4 W | runtime=in_range | checksum=OK
[STRIDED_GEMM] N=64 threads=16 rep=3 batches=162137 time=1.007 s | package=72.859 J | dram=NA | total=72.859 J | power=72.3 W | runtime=in_range | checksum=OK
[STRIDED_GEMM] N=64 threads=16 rep=4 batches=162137 time=1.001 s | package=72.436 J | dram=NA | total=72.436 J | power=72.4 W | runtime=in_range | checksum=OK
[STRIDED_GEMM] N=64 threads=16 rep=5 batches=162137 time=1.000 s | package=72.414 J | dram=NA | total=72.414 J | power=72.4 W | runtime=in_range | checksum=OK
[STRIDED_GEMM] N=64 threads=16 rep=6 batches=162137 time=0.999 s | package=72.252 J | dram=NA | total=72.252 J | power=72.4 W | runtime=in_range | checksum=OK
[STRIDED_GEMM] N=64 threads=16 rep=7 batches=162137 time=1.000 s | package=72.507 J | dram=NA | total=72.507 J | power=72.5 W | runtime=in_range | checksum=OK
[STRIDED_GEMM] N=64 threads=16 rep=8 batches=162137 time=1.003 s | package=72.594 J | dram=NA | total=72.594 J | power=72.4 W | runtime=in_range | checksum=OK
[STRIDED_GEMM] N=64 threads=16 rep=9 batches=162137 time=1.000 s | package=72.342 J | dram=NA | total=72.342 J | power=72.4 W | runtime=in_range | checksum=OK
[STRIDED_GEMM] N=64 threads=16 rep=10 batches=162137 time=1.000 s | package=72.289 J | dram=NA | total=72.289 J | power=72.3 W | runtime=in_range | checksum=OK
[OpenBLAS] requested=2 active=2
[STRIDED_GEMM] N=2048 threads=2 rep=1 batches=15 time=1.053 s | package=100.889 J | dram=NA | total=100.889 J | power=95.9 W | runtime=in_range | checksum=OK
[STRIDED_GEMM] N=2048 threads=2 rep=2 batches=15 time=1.062 s | package=101.521 J | dram=NA | total=101.521 J | power=95.6 W | runtime=in_range | checksum=OK
[STRIDED_GEMM] N=2048 threads=2 rep=3 batches=15 time=1.067 s | package=102.232 J | dram=NA | total=102.232 J | power=95.8 W | runtime=in_range | checksum=OK
[STRIDED_GEMM] N=2048 threads=2 rep=4 batches=15 time=1.066 s | package=101.799 J | dram=NA | total=101.799 J | power=95.5 W | runtime=in_range | checksum=OK
[STRIDED_GEMM] N=2048 threads=2 rep=5 batches=15 time=1.076 s | package=102.938 J | dram=NA | total=102.938 J | power=95.7 W | runtime=in_range | checksum=OK
[STRIDED_GEMM] N=2048 threads=2 rep=6 batches=15 time=1.070 s | package=102.157 J | dram=NA | total=102.157 J | power=95.5 W | runtime=in_range | checksum=OK
[STRIDED_GEMM] N=2048 threads=2 rep=7 batches=15 time=1.064 s | package=101.683 J | dram=NA | total=101.683 J | power=95.6 W | runtime=in_range | checksum=OK
[STRIDED_GEMM] N=2048 threads=2 rep=8 batches=15 time=1.068 s | package=101.926 J | dram=NA | total=101.926 J | power=95.5 W | runtime=in_range | checksum=OK
[STRIDED_GEMM] N=2048 threads=2 rep=9 batches=15 time=1.078 s | package=102.965 J | dram=NA | total=102.965 J | power=95.6 W | runtime=in_range | checksum=OK
[STRIDED_GEMM] N=2048 threads=2 rep=10 batches=15 time=1.070 s | package=102.096 J | dram=NA | total=102.096 J | power=95.4 W | runtime=in_range | checksum=OK
[OpenBLAS] requested=16 active=16
[STRIDED_GEMM] N=8192 threads=16 rep=1 batches=2 time=1.268 s | package=359.257 J | dram=NA | total=359.257 J | power=283.3 W | runtime=above | checksum=OK
[STRIDED_GEMM] N=8192 threads=16 rep=2 batches=2 time=1.267 s | package=359.177 J | dram=NA | total=359.177 J | power=283.4 W | runtime=above | checksum=OK
[STRIDED_GEMM] N=8192 threads=16 rep=3 batches=2 time=1.268 s | package=359.509 J | dram=NA | total=359.509 J | power=283.5 W | runtime=above | checksum=OK
[STRIDED_GEMM] N=8192 threads=16 rep=4 batches=2 time=1.269 s | package=359.768 J | dram=NA | total=359.768 J | power=283.6 W | runtime=above | checksum=OK
[STRIDED_GEMM] N=8192 threads=16 rep=5 batches=2 time=1.282 s | package=362.279 J | dram=NA | total=362.279 J | power=282.6 W | runtime=above | checksum=OK
[STRIDED_GEMM] N=8192 threads=16 rep=6 batches=2 time=1.271 s | package=360.361 J | dram=NA | total=360.361 J | power=283.5 W | runtime=above | checksum=OK
[STRIDED_GEMM] N=8192 threads=16 rep=7 batches=2 time=1.273 s | package=360.554 J | dram=NA | total=360.554 J | power=283.3 W | runtime=above | checksum=OK
[STRIDED_GEMM] N=8192 threads=16 rep=8 batches=2 time=1.283 s | package=362.517 J | dram=NA | total=362.517 J | power=282.6 W | runtime=above | checksum=OK
[STRIDED_GEMM] N=8192 threads=16 rep=9 batches=2 time=1.273 s | package=360.801 J | dram=NA | total=360.801 J | power=283.4 W | runtime=above | checksum=OK
[STRIDED_GEMM] N=8192 threads=16 rep=10 batches=2 time=1.273 s | package=360.832 J | dram=NA | total=360.832 J | power=283.4 W | runtime=above | checksum=OK
[OpenBLAS] requested=8 active=8
[STRIDED_GEMM] N=128 threads=8 rep=1 batches=58074 time=1.003 s | package=120.993 J | dram=NA | total=120.993 J | power=120.7 W | runtime=in_range | checksum=OK
[STRIDED_GEMM] N=128 threads=8 rep=2 batches=58074 time=1.007 s | package=121.450 J | dram=NA | total=121.450 J | power=120.6 W | runtime=in_range | checksum=OK
[STRIDED_GEMM] N=128 threads=8 rep=3 batches=58074 time=1.011 s | package=121.948 J | dram=NA | total=121.948 J | power=120.6 W | runtime=in_range | checksum=OK
[STRIDED_GEMM] N=128 threads=8 rep=4 batches=58074 time=1.010 s | package=121.701 J | dram=NA | total=121.701 J | power=120.5 W | runtime=in_range | checksum=OK
[STRIDED_GEMM] N=128 threads=8 rep=5 batches=58074 time=1.010 s | package=121.553 J | dram=NA | total=121.553 J | power=120.3 W | runtime=in_range | checksum=OK
[STRIDED_GEMM] N=128 threads=8 rep=6 batches=58074 time=1.009 s | package=121.472 J | dram=NA | total=121.472 J | power=120.4 W | runtime=in_range | checksum=OK
[STRIDED_GEMM] N=128 threads=8 rep=7 batches=58074 time=1.018 s | package=122.373 J | dram=NA | total=122.373 J | power=120.2 W | runtime=in_range | checksum=OK
[STRIDED_GEMM] N=128 threads=8 rep=8 batches=58074 time=1.013 s | package=121.733 J | dram=NA | total=121.733 J | power=120.2 W | runtime=in_range | checksum=OK
[STRIDED_GEMM] N=128 threads=8 rep=9 batches=58074 time=1.013 s | package=121.728 J | dram=NA | total=121.728 J | power=120.2 W | runtime=in_range | checksum=OK
[STRIDED_GEMM] N=128 threads=8 rep=10 batches=58074 time=1.022 s | package=122.468 J | dram=NA | total=122.468 J | power=119.9 W | runtime=in_range | checksum=OK
[OpenBLAS] requested=8 active=8
[STRIDED_GEMM] N=512 threads=8 rep=1 batches=1855 time=1.000 s | package=145.750 J | dram=NA | total=145.750 J | power=145.7 W | runtime=in_range | checksum=OK
[STRIDED_GEMM] N=512 threads=8 rep=2 batches=1855 time=1.011 s | package=146.797 J | dram=NA | total=146.797 J | power=145.2 W | runtime=in_range | checksum=OK
[STRIDED_GEMM] N=512 threads=8 rep=3 batches=1855 time=1.000 s | package=145.749 J | dram=NA | total=145.749 J | power=145.8 W | runtime=in_range | checksum=OK
[STRIDED_GEMM] N=512 threads=8 rep=4 batches=1855 time=1.000 s | package=145.681 J | dram=NA | total=145.681 J | power=145.7 W | runtime=in_range | checksum=OK
[STRIDED_GEMM] N=512 threads=8 rep=5 batches=1855 time=1.001 s | package=145.849 J | dram=NA | total=145.849 J | power=145.8 W | runtime=in_range | checksum=OK
[STRIDED_GEMM] N=512 threads=8 rep=6 batches=1855 time=1.000 s | package=145.717 J | dram=NA | total=145.717 J | power=145.7 W | runtime=in_range | checksum=OK
[STRIDED_GEMM] N=512 threads=8 rep=7 batches=1855 time=1.008 s | package=146.488 J | dram=NA | total=146.488 J | power=145.4 W | runtime=in_range | checksum=OK
[STRIDED_GEMM] N=512 threads=8 rep=8 batches=1855 time=1.001 s | package=145.712 J | dram=NA | total=145.712 J | power=145.6 W | runtime=in_range | checksum=OK
[STRIDED_GEMM] N=512 threads=8 rep=9 batches=1855 time=1.006 s | package=146.354 J | dram=NA | total=146.354 J | power=145.4 W | runtime=in_range | checksum=OK
[STRIDED_GEMM] N=512 threads=8 rep=10 batches=1855 time=0.999 s | package=145.608 J | dram=NA | total=145.608 J | power=145.7 W | runtime=in_range | checksum=OK
[OpenBLAS] requested=16 active=16
[STRIDED_GEMM] N=1024 threads=16 rep=1 batches=534 time=1.007 s | package=237.528 J | dram=NA | total=237.528 J | power=236.0 W | runtime=in_range | checksum=OK
[STRIDED_GEMM] N=1024 threads=16 rep=2 batches=534 time=1.010 s | package=238.006 J | dram=NA | total=238.006 J | power=235.6 W | runtime=in_range | checksum=OK
[STRIDED_GEMM] N=1024 threads=16 rep=3 batches=534 time=1.008 s | package=237.831 J | dram=NA | total=237.831 J | power=236.0 W | runtime=in_range | checksum=OK
[STRIDED_GEMM] N=1024 threads=16 rep=4 batches=534 time=1.017 s | package=239.032 J | dram=NA | total=239.032 J | power=235.1 W | runtime=in_range | checksum=OK
[STRIDED_GEMM] N=1024 threads=16 rep=5 batches=534 time=1.009 s | package=238.168 J | dram=NA | total=238.168 J | power=236.1 W | runtime=in_range | checksum=OK
[STRIDED_GEMM] N=1024 threads=16 rep=6 batches=534 time=1.008 s | package=238.354 J | dram=NA | total=238.354 J | power=236.4 W | runtime=in_range | checksum=OK
[STRIDED_GEMM] N=1024 threads=16 rep=7 batches=534 time=1.008 s | package=238.220 J | dram=NA | total=238.220 J | power=236.2 W | runtime=in_range | checksum=OK
[STRIDED_GEMM] N=1024 threads=16 rep=8 batches=534 time=1.008 s | package=238.407 J | dram=NA | total=238.407 J | power=236.5 W | runtime=in_range | checksum=OK
[STRIDED_GEMM] N=1024 threads=16 rep=9 batches=534 time=1.009 s | package=238.354 J | dram=NA | total=238.354 J | power=236.3 W | runtime=in_range | checksum=OK
[STRIDED_GEMM] N=1024 threads=16 rep=10 batches=534 time=1.009 s | package=238.269 J | dram=NA | total=238.269 J | power=236.2 W | runtime=in_range | checksum=OK
[OpenBLAS] requested=64 active=64
[STRIDED_GEMM] N=4096 threads=64 rep=1 batches=18 time=1.048 s | package=256.201 J | dram=NA | total=256.201 J | power=244.6 W | runtime=in_range | checksum=OK
[STRIDED_GEMM] N=4096 threads=64 rep=2 batches=18 time=1.052 s | package=256.367 J | dram=NA | total=256.367 J | power=243.7 W | runtime=in_range | checksum=OK
[STRIDED_GEMM] N=4096 threads=64 rep=3 batches=18 time=1.054 s | package=256.966 J | dram=NA | total=256.966 J | power=243.9 W | runtime=in_range | checksum=OK
[STRIDED_GEMM] N=4096 threads=64 rep=4 batches=18 time=1.051 s | package=256.768 J | dram=NA | total=256.768 J | power=244.2 W | runtime=in_range | checksum=OK
[STRIDED_GEMM] N=4096 threads=64 rep=5 batches=18 time=1.052 s | package=256.191 J | dram=NA | total=256.191 J | power=243.6 W | runtime=in_range | checksum=OK
[STRIDED_GEMM] N=4096 threads=64 rep=6 batches=18 time=1.051 s | package=256.767 J | dram=NA | total=256.767 J | power=244.3 W | runtime=in_range | checksum=OK
[STRIDED_GEMM] N=4096 threads=64 rep=7 batches=18 time=1.062 s | package=259.478 J | dram=NA | total=259.478 J | power=244.2 W | runtime=in_range | checksum=OK
[STRIDED_GEMM] N=4096 threads=64 rep=8 batches=18 time=1.052 s | package=255.998 J | dram=NA | total=255.998 J | power=243.3 W | runtime=in_range | checksum=OK
[STRIDED_GEMM] N=4096 threads=64 rep=9 batches=18 time=1.053 s | package=257.080 J | dram=NA | total=257.080 J | power=244.1 W | runtime=in_range | checksum=OK
[STRIDED_GEMM] N=4096 threads=64 rep=10 batches=18 time=1.050 s | package=256.801 J | dram=NA | total=256.801 J | power=244.6 W | runtime=in_range | checksum=OK
[OpenBLAS] requested=64 active=64
[STRIDED_GEMM] N=1024 threads=64 rep=1 batches=557 time=1.001 s | package=287.156 J | dram=NA | total=287.156 J | power=286.9 W | runtime=in_range | checksum=OK
[STRIDED_GEMM] N=1024 threads=64 rep=2 batches=557 time=1.005 s | package=288.912 J | dram=NA | total=288.912 J | power=287.5 W | runtime=in_range | checksum=OK
[STRIDED_GEMM] N=1024 threads=64 rep=3 batches=557 time=1.001 s | package=287.862 J | dram=NA | total=287.862 J | power=287.4 W | runtime=in_range | checksum=OK
[STRIDED_GEMM] N=1024 threads=64 rep=4 batches=557 time=1.004 s | package=288.939 J | dram=NA | total=288.939 J | power=287.8 W | runtime=in_range | checksum=OK
[STRIDED_GEMM] N=1024 threads=64 rep=5 batches=557 time=1.005 s | package=289.198 J | dram=NA | total=289.198 J | power=287.8 W | runtime=in_range | checksum=OK
[STRIDED_GEMM] N=1024 threads=64 rep=6 batches=557 time=1.002 s | package=287.612 J | dram=NA | total=287.612 J | power=287.0 W | runtime=in_range | checksum=OK
[STRIDED_GEMM] N=1024 threads=64 rep=7 batches=557 time=1.006 s | package=289.212 J | dram=NA | total=289.212 J | power=287.6 W | runtime=in_range | checksum=OK
[STRIDED_GEMM] N=1024 threads=64 rep=8 batches=557 time=1.005 s | package=288.952 J | dram=NA | total=288.952 J | power=287.5 W | runtime=in_range | checksum=OK
[STRIDED_GEMM] N=1024 threads=64 rep=9 batches=557 time=1.002 s | package=287.638 J | dram=NA | total=287.638 J | power=287.1 W | runtime=in_range | checksum=OK
[STRIDED_GEMM] N=1024 threads=64 rep=10 batches=557 time=1.005 s | package=288.947 J | dram=NA | total=288.947 J | power=287.6 W | runtime=in_range | checksum=OK
