OpenBLAS backend=pthreads | config=OpenBLAS 0.3.30 NO_LAPACKE DYNAMIC_ARCH NO_AFFINITY Zen MAX_THREADS=128
STRIDED_GEMM(ld=2N) | AMD Ryzen Threadripper 3970X 32-Core Processor | session=strided_gemm_amd_20260719_175453_session5 | reps=10 | configs=81 | DRAM-RAPL=no
[OpenBLAS] requested=2 active=2
[STRIDED_GEMM] N=8192 threads=2 rep=1 batches=1 time=4.459 s | package=434.394 J | dram=NA | total=434.394 J | power=97.4 W | runtime=above | checksum=OK
[STRIDED_GEMM] N=8192 threads=2 rep=2 batches=1 time=4.428 s | package=431.009 J | dram=NA | total=431.009 J | power=97.3 W | runtime=above | checksum=OK
[STRIDED_GEMM] N=8192 threads=2 rep=3 batches=1 time=4.445 s | package=432.426 J | dram=NA | total=432.426 J | power=97.3 W | runtime=above | checksum=OK
[STRIDED_GEMM] N=8192 threads=2 rep=4 batches=1 time=4.447 s | package=432.410 J | dram=NA | total=432.410 J | power=97.2 W | runtime=above | checksum=OK
[STRIDED_GEMM] N=8192 threads=2 rep=5 batches=1 time=4.444 s | package=432.556 J | dram=NA | total=432.556 J | power=97.3 W | runtime=above | checksum=OK
[STRIDED_GEMM] N=8192 threads=2 rep=6 batches=1 time=4.440 s | package=431.842 J | dram=NA | total=431.842 J | power=97.3 W | runtime=above | checksum=OK
[STRIDED_GEMM] N=8192 threads=2 rep=7 batches=1 time=4.445 s | package=432.369 J | dram=NA | total=432.369 J | power=97.3 W | runtime=above | checksum=OK
[STRIDED_GEMM] N=8192 threads=2 rep=8 batches=1 time=4.441 s | package=431.669 J | dram=NA | total=431.669 J | power=97.2 W | runtime=above | checksum=OK
[STRIDED_GEMM] N=8192 threads=2 rep=9 batches=1 time=4.436 s | package=431.144 J | dram=NA | total=431.144 J | power=97.2 W | runtime=above | checksum=OK
[STRIDED_GEMM] N=8192 threads=2 rep=10 batches=1 time=4.440 s | package=431.687 J | dram=NA | total=431.687 J | power=97.2 W | runtime=above | checksum=OK
[OpenBLAS] requested=2 active=2
[STRIDED_GEMM] N=128 threads=2 rep=1 batches=43416 time=1.001 s | package=89.377 J | dram=NA | total=89.377 J | power=89.3 W | runtime=in_range | checksum=OK
[STRIDED_GEMM] N=128 threads=2 rep=2 batches=43416 time=1.011 s | package=91.397 J | dram=NA | total=91.397 J | power=90.4 W | runtime=in_range | checksum=OK
[STRIDED_GEMM] N=128 threads=2 rep=3 batches=43416 time=1.012 s | package=91.352 J | dram=NA | total=91.352 J | power=90.2 W | runtime=in_range | checksum=OK
[STRIDED_GEMM] N=128 threads=2 rep=4 batches=43416 time=1.013 s | package=91.455 J | dram=NA | total=91.455 J | power=90.3 W | runtime=in_range | checksum=OK
[STRIDED_GEMM] N=128 threads=2 rep=5 batches=43416 time=1.010 s | package=91.016 J | dram=NA | total=91.016 J | power=90.1 W | runtime=in_range | checksum=OK
[STRIDED_GEMM] N=128 threads=2 rep=6 batches=43416 time=1.008 s | package=90.795 J | dram=NA | total=90.795 J | power=90.1 W | runtime=in_range | checksum=OK
[STRIDED_GEMM] N=128 threads=2 rep=7 batches=43416 time=1.008 s | package=90.994 J | dram=NA | total=90.994 J | power=90.3 W | runtime=in_range | checksum=OK
[STRIDED_GEMM] N=128 threads=2 rep=8 batches=43416 time=1.008 s | package=90.835 J | dram=NA | total=90.835 J | power=90.1 W | runtime=in_range | checksum=OK
[STRIDED_GEMM] N=128 threads=2 rep=9 batches=43416 time=1.007 s | package=90.985 J | dram=NA | total=90.985 J | power=90.4 W | runtime=in_range | checksum=OK
[STRIDED_GEMM] N=128 threads=2 rep=10 batches=43416 time=1.005 s | package=90.777 J | dram=NA | total=90.777 J | power=90.3 W | runtime=in_range | checksum=OK
[OpenBLAS] requested=1 active=1
[STRIDED_GEMM] N=256 threads=1 rep=1 batches=3509 time=0.999 s | package=74.595 J | dram=NA | total=74.595 J | power=74.7 W | runtime=in_range | checksum=OK
[STRIDED_GEMM] N=256 threads=1 rep=2 batches=3509 time=1.005 s | package=74.936 J | dram=NA | total=74.936 J | power=74.6 W | runtime=in_range | checksum=OK
[STRIDED_GEMM] N=256 threads=1 rep=3 batches=3509 time=0.999 s | package=74.651 J | dram=NA | total=74.651 J | power=74.7 W | runtime=in_range | checksum=OK
[STRIDED_GEMM] N=256 threads=1 rep=4 batches=3509 time=1.006 s | package=75.140 J | dram=NA | total=75.140 J | power=74.7 W | runtime=in_range | checksum=OK
[STRIDED_GEMM] N=256 threads=1 rep=5 batches=3509 time=1.006 s | package=75.032 J | dram=NA | total=75.032 J | power=74.6 W | runtime=in_range | checksum=OK
[STRIDED_GEMM] N=256 threads=1 rep=6 batches=3509 time=1.007 s | package=75.083 J | dram=NA | total=75.083 J | power=74.6 W | runtime=in_range | checksum=OK
[STRIDED_GEMM] N=256 threads=1 rep=7 batches=3509 time=1.008 s | package=75.119 J | dram=NA | total=75.119 J | power=74.5 W | runtime=in_range | checksum=OK
[STRIDED_GEMM] N=256 threads=1 rep=8 batches=3509 time=1.026 s | package=76.437 J | dram=NA | total=76.437 J | power=74.5 W | runtime=in_range | checksum=OK
[STRIDED_GEMM] N=256 threads=1 rep=9 batches=3509 time=1.007 s | package=75.059 J | dram=NA | total=75.059 J | power=74.5 W | runtime=in_range | checksum=OK
[STRIDED_GEMM] N=256 threads=1 rep=10 batches=3509 time=1.007 s | package=75.042 J | dram=NA | total=75.042 J | power=74.5 W | runtime=in_range | checksum=OK
[OpenBLAS] requested=32 active=32
[STRIDED_GEMM] N=512 threads=32 rep=1 batches=2591 time=1.000 s | package=233.554 J | dram=NA | total=233.554 J | power=233.5 W | runtime=in_range | checksum=OK
[STRIDED_GEMM] N=512 threads=32 rep=2 batches=2591 time=1.001 s | package=233.654 J | dram=NA | total=233.654 J | power=233.5 W | runtime=in_range | checksum=OK
[STRIDED_GEMM] N=512 threads=32 rep=3 batches=2591 time=1.001 s | package=233.766 J | dram=NA | total=233.766 J | power=233.5 W | runtime=in_range | checksum=OK
[STRIDED_GEMM] N=512 threads=32 rep=4 batches=2591 time=1.001 s | package=234.073 J | dram=NA | total=234.073 J | power=233.9 W | runtime=in_range | checksum=OK
[STRIDED_GEMM] N=512 threads=32 rep=5 batches=2591 time=0.999 s | package=234.140 J | dram=NA | total=234.140 J | power=234.3 W | runtime=in_range | checksum=OK
[STRIDED_GEMM] N=512 threads=32 rep=6 batches=2591 time=1.000 s | package=234.270 J | dram=NA | total=234.270 J | power=234.2 W | runtime=in_range | checksum=OK
[STRIDED_GEMM] N=512 threads=32 rep=7 batches=2591 time=1.001 s | package=234.403 J | dram=NA | total=234.403 J | power=234.3 W | runtime=in_range | checksum=OK
[STRIDED_GEMM] N=512 threads=32 rep=8 batches=2591 time=1.001 s | package=234.300 J | dram=NA | total=234.300 J | power=234.1 W | runtime=in_range | checksum=OK
[STRIDED_GEMM] N=512 threads=32 rep=9 batches=2591 time=1.001 s | package=234.732 J | dram=NA | total=234.732 J | power=234.5 W | runtime=in_range | checksum=OK
[STRIDED_GEMM] N=512 threads=32 rep=10 batches=2591 time=1.002 s | package=234.585 J | dram=NA | total=234.585 J | power=234.2 W | runtime=in_range | checksum=OK
[OpenBLAS] requested=4 active=4
[STRIDED_GEMM] N=2048 threads=4 rep=1 batches=27 time=1.008 s | package=128.296 J | dram=NA | total=128.296 J | power=127.3 W | runtime=in_range | checksum=OK
[STRIDED_GEMM] N=2048 threads=4 rep=2 batches=27 time=1.009 s | package=127.982 J | dram=NA | total=127.982 J | power=126.9 W | runtime=in_range | checksum=OK
[STRIDED_GEMM] N=2048 threads=4 rep=3 batches=27 time=1.008 s | package=127.859 J | dram=NA | total=127.859 J | power=126.8 W | runtime=in_range | checksum=OK
[STRIDED_GEMM] N=2048 threads=4 rep=4 batches=27 time=1.007 s | package=127.685 J | dram=NA | total=127.685 J | power=126.8 W | runtime=in_range | checksum=OK
[STRIDED_GEMM] N=2048 threads=4 rep=5 batches=27 time=1.006 s | package=127.658 J | dram=NA | total=127.658 J | power=126.8 W | runtime=in_range | checksum=OK
[STRIDED_GEMM] N=2048 threads=4 rep=6 batches=27 time=1.006 s | package=127.628 J | dram=NA | total=127.628 J | power=126.8 W | runtime=in_range | checksum=OK
[STRIDED_GEMM] N=2048 threads=4 rep=7 batches=27 time=1.022 s | package=128.153 J | dram=NA | total=128.153 J | power=125.4 W | runtime=in_range | checksum=OK
[STRIDED_GEMM] N=2048 threads=4 rep=8 batches=27 time=1.009 s | package=128.151 J | dram=NA | total=128.151 J | power=127.1 W | runtime=in_range | checksum=OK
[STRIDED_GEMM] N=2048 threads=4 rep=9 batches=27 time=1.009 s | package=127.727 J | dram=NA | total=127.727 J | power=126.6 W | runtime=in_range | checksum=OK
[STRIDED_GEMM] N=2048 threads=4 rep=10 batches=27 time=1.000 s | package=127.116 J | dram=NA | total=127.116 J | power=127.1 W | runtime=in_range | checksum=OK
[OpenBLAS] requested=20 active=20
[STRIDED_GEMM] N=64 threads=20 rep=1 batches=162355 time=0.999 s | package=72.252 J | dram=NA | total=72.252 J | power=72.3 W | runtime=in_range | checksum=OK
[STRIDED_GEMM] N=64 threads=20 rep=2 batches=162355 time=1.000 s | package=71.869 J | dram=NA | total=71.869 J | power=71.9 W | runtime=in_range | checksum=OK
[STRIDED_GEMM] N=64 threads=20 rep=3 batches=162355 time=0.997 s | package=71.660 J | dram=NA | total=71.660 J | power=71.9 W | runtime=in_range | checksum=OK
[STRIDED_GEMM] N=64 threads=20 rep=4 batches=162355 time=0.999 s | package=71.752 J | dram=NA | total=71.752 J | power=71.9 W | runtime=in_range | checksum=OK
[STRIDED_GEMM] N=64 threads=20 rep=5 batches=162355 time=0.998 s | package=71.782 J | dram=NA | total=71.782 J | power=71.9 W | runtime=in_range | checksum=OK
[STRIDED_GEMM] N=64 threads=20 rep=6 batches=162355 time=0.998 s | package=71.719 J | dram=NA | total=71.719 J | power=71.9 W | runtime=in_range | checksum=OK
[STRIDED_GEMM] N=64 threads=20 rep=7 batches=162355 time=0.996 s | package=71.582 J | dram=NA | total=71.582 J | power=71.9 W | runtime=in_range | checksum=OK
[STRIDED_GEMM] N=64 threads=20 rep=8 batches=162355 time=0.998 s | package=71.704 J | dram=NA | total=71.704 J | power=71.9 W | runtime=in_range | checksum=OK
[STRIDED_GEMM] N=64 threads=20 rep=9 batches=162355 time=0.998 s | package=71.669 J | dram=NA | total=71.669 J | power=71.8 W | runtime=in_range | checksum=OK
[STRIDED_GEMM] N=64 threads=20 rep=10 batches=162355 time=0.997 s | package=71.937 J | dram=NA | total=71.937 J | power=72.1 W | runtime=in_range | checksum=OK
[OpenBLAS] requested=10 active=10
[STRIDED_GEMM] N=512 threads=10 rep=1 batches=1990 time=1.002 s | package=160.793 J | dram=NA | total=160.793 J | power=160.5 W | runtime=in_range | checksum=OK
[STRIDED_GEMM] N=512 threads=10 rep=2 batches=1990 time=1.013 s | package=161.757 J | dram=NA | total=161.757 J | power=159.7 W | runtime=in_range | checksum=OK
[STRIDED_GEMM] N=512 threads=10 rep=3 batches=1990 time=1.005 s | package=160.945 J | dram=NA | total=160.945 J | power=160.2 W | runtime=in_range | checksum=OK
[STRIDED_GEMM] N=512 threads=10 rep=4 batches=1990 time=1.005 s | package=160.933 J | dram=NA | total=160.933 J | power=160.1 W | runtime=in_range | checksum=OK
[STRIDED_GEMM] N=512 threads=10 rep=5 batches=1990 time=1.006 s | package=161.037 J | dram=NA | total=161.037 J | power=160.1 W | runtime=in_range | checksum=OK
[STRIDED_GEMM] N=512 threads=10 rep=6 batches=1990 time=1.006 s | package=161.012 J | dram=NA | total=161.012 J | power=160.0 W | runtime=in_range | checksum=OK
[STRIDED_GEMM] N=512 threads=10 rep=7 batches=1990 time=1.006 s | package=161.026 J | dram=NA | total=161.026 J | power=160.1 W | runtime=in_range | checksum=OK
[STRIDED_GEMM] N=512 threads=10 rep=8 batches=1990 time=1.007 s | package=161.184 J | dram=NA | total=161.184 J | power=160.1 W | runtime=in_range | checksum=OK
[STRIDED_GEMM] N=512 threads=10 rep=9 batches=1990 time=1.006 s | package=161.057 J | dram=NA | total=161.057 J | power=160.0 W | runtime=in_range | checksum=OK
[STRIDED_GEMM] N=512 threads=10 rep=10 batches=1990 time=1.006 s | package=161.252 J | dram=NA | total=161.252 J | power=160.2 W | runtime=in_range | checksum=OK
[OpenBLAS] requested=16 active=16
[STRIDED_GEMM] N=1024 threads=16 rep=1 batches=535 time=1.003 s | package=237.259 J | dram=NA | total=237.259 J | power=236.5 W | runtime=in_range | checksum=OK
[STRIDED_GEMM] N=1024 threads=16 rep=2 batches=535 time=1.015 s | package=238.545 J | dram=NA | total=238.545 J | power=235.1 W | runtime=in_range | checksum=OK
[STRIDED_GEMM] N=1024 threads=16 rep=3 batches=535 time=1.004 s | package=237.149 J | dram=NA | total=237.149 J | power=236.3 W | runtime=in_range | checksum=OK
[STRIDED_GEMM] N=1024 threads=16 rep=4 batches=535 time=1.009 s | package=237.857 J | dram=NA | total=237.857 J | power=235.7 W | runtime=in_range | checksum=OK
[STRIDED_GEMM] N=1024 threads=16 rep=5 batches=535 time=1.005 s | package=237.242 J | dram=NA | total=237.242 J | power=236.0 W | runtime=in_range | checksum=OK
[STRIDED_GEMM] N=1024 threads=16 rep=6 batches=535 time=1.005 s | package=237.325 J | dram=NA | total=237.325 J | power=236.1 W | runtime=in_range | checksum=OK
[STRIDED_GEMM] N=1024 threads=16 rep=7 batches=535 time=1.015 s | package=238.662 J | dram=NA | total=238.662 J | power=235.2 W | runtime=in_range | checksum=OK
[STRIDED_GEMM] N=1024 threads=16 rep=8 batches=535 time=1.002 s | package=237.115 J | dram=NA | total=237.115 J | power=236.6 W | runtime=in_range | checksum=OK
[STRIDED_GEMM] N=1024 threads=16 rep=9 batches=535 time=1.001 s | package=237.068 J | dram=NA | total=237.068 J | power=236.9 W | runtime=in_range | checksum=OK
[STRIDED_GEMM] N=1024 threads=16 rep=10 batches=535 time=1.001 s | package=237.137 J | dram=NA | total=237.137 J | power=236.9 W | runtime=in_range | checksum=OK
[OpenBLAS] requested=10 active=10
[STRIDED_GEMM] N=64 threads=10 rep=1 batches=162499 time=1.000 s | package=71.933 J | dram=NA | total=71.933 J | power=71.9 W | runtime=in_range | checksum=OK
[STRIDED_GEMM] N=64 threads=10 rep=2 batches=162499 time=1.000 s | package=71.928 J | dram=NA | total=71.928 J | power=71.9 W | runtime=in_range | checksum=OK
[STRIDED_GEMM] N=64 threads=10 rep=3 batches=162499 time=1.000 s | package=71.835 J | dram=NA | total=71.835 J | power=71.8 W | runtime=in_range | checksum=OK
[STRIDED_GEMM] N=64 threads=10 rep=4 batches=162499 time=1.000 s | package=72.027 J | dram=NA | total=72.027 J | power=72.0 W | runtime=in_range | checksum=OK
[STRIDED_GEMM] N=64 threads=10 rep=5 batches=162499 time=1.001 s | package=71.972 J | dram=NA | total=71.972 J | power=71.9 W | runtime=in_range | checksum=OK
[STRIDED_GEMM] N=64 threads=10 rep=6 batches=162499 time=1.001 s | package=71.941 J | dram=NA | total=71.941 J | power=71.9 W | runtime=in_range | checksum=OK
[STRIDED_GEMM] N=64 threads=10 rep=7 batches=162499 time=1.000 s | package=71.862 J | dram=NA | total=71.862 J | power=71.9 W | runtime=in_range | checksum=OK
[STRIDED_GEMM] N=64 threads=10 rep=8 batches=162499 time=1.001 s | package=71.968 J | dram=NA | total=71.968 J | power=71.9 W | runtime=in_range | checksum=OK
[STRIDED_GEMM] N=64 threads=10 rep=9 batches=162499 time=1.000 s | package=71.882 J | dram=NA | total=71.882 J | power=71.9 W | runtime=in_range | checksum=OK
[STRIDED_GEMM] N=64 threads=10 rep=10 batches=162499 time=0.999 s | package=71.717 J | dram=NA | total=71.717 J | power=71.8 W | runtime=in_range | checksum=OK
[OpenBLAS] requested=16 active=16
[STRIDED_GEMM] N=4096 threads=16 rep=1 batches=13 time=1.044 s | package=297.807 J | dram=NA | total=297.807 J | power=285.4 W | runtime=in_range | checksum=OK
[STRIDED_GEMM] N=4096 threads=16 rep=2 batches=13 time=1.045 s | package=298.142 J | dram=NA | total=298.142 J | power=285.3 W | runtime=in_range | checksum=OK
[STRIDED_GEMM] N=4096 threads=16 rep=3 batches=13 time=1.047 s | package=298.912 J | dram=NA | total=298.912 J | power=285.5 W | runtime=in_range | checksum=OK
[STRIDED_GEMM] N=4096 threads=16 rep=4 batches=13 time=1.048 s | package=298.985 J | dram=NA | total=298.985 J | power=285.2 W | runtime=in_range | checksum=OK
[STRIDED_GEMM] N=4096 threads=16 rep=5 batches=13 time=1.052 s | package=300.128 J | dram=NA | total=300.128 J | power=285.3 W | runtime=in_range | checksum=OK
[STRIDED_GEMM] N=4096 threads=16 rep=6 batches=13 time=1.052 s | package=300.059 J | dram=NA | total=300.059 J | power=285.2 W | runtime=in_range | checksum=OK
[STRIDED_GEMM] N=4096 threads=16 rep=7 batches=13 time=1.054 s | package=300.234 J | dram=NA | total=300.234 J | power=285.0 W | runtime=in_range | checksum=OK
[STRIDED_GEMM] N=4096 threads=16 rep=8 batches=13 time=1.053 s | package=300.209 J | dram=NA | total=300.209 J | power=285.0 W | runtime=in_range | checksum=OK
[STRIDED_GEMM] N=4096 threads=16 rep=9 batches=13 time=1.053 s | package=299.992 J | dram=NA | total=299.992 J | power=284.8 W | runtime=in_range | checksum=OK
[STRIDED_GEMM] N=4096 threads=16 rep=10 batches=13 time=1.056 s | package=300.383 J | dram=NA | total=300.383 J | power=284.5 W | runtime=in_range | checksum=OK
[OpenBLAS] requested=8 active=8
[STRIDED_GEMM] N=64 threads=8 rep=1 batches=161505 time=0.998 s | package=72.496 J | dram=NA | total=72.496 J | power=72.7 W | runtime=in_range | checksum=OK
[STRIDED_GEMM] N=64 threads=8 rep=2 batches=161505 time=0.995 s | package=71.872 J | dram=NA | total=71.872 J | power=72.2 W | runtime=in_range | checksum=OK
[STRIDED_GEMM] N=64 threads=8 rep=3 batches=161505 time=0.995 s | package=71.831 J | dram=NA | total=71.831 J | power=72.2 W | runtime=in_range | checksum=OK
[STRIDED_GEMM] N=64 threads=8 rep=4 batches=161505 time=0.995 s | package=71.788 J | dram=NA | total=71.788 J | power=72.2 W | runtime=in_range | checksum=OK
[STRIDED_GEMM] N=64 threads=8 rep=5 batches=161505 time=0.995 s | package=71.650 J | dram=NA | total=71.650 J | power=72.0 W | runtime=in_range | checksum=OK
[STRIDED_GEMM] N=64 threads=8 rep=6 batches=161505 time=0.994 s | package=71.683 J | dram=NA | total=71.683 J | power=72.1 W | runtime=in_range | checksum=OK
[STRIDED_GEMM] N=64 threads=8 rep=7 batches=161505 time=0.994 s | package=71.593 J | dram=NA | total=71.593 J | power=72.0 W | runtime=in_range | checksum=OK
[STRIDED_GEMM] N=64 threads=8 rep=8 batches=161505 time=0.994 s | package=71.555 J | dram=NA | total=71.555 J | power=72.0 W | runtime=in_range | checksum=OK
[STRIDED_GEMM] N=64 threads=8 rep=9 batches=161505 time=0.993 s | package=71.386 J | dram=NA | total=71.386 J | power=71.9 W | runtime=in_range | checksum=OK
[STRIDED_GEMM] N=64 threads=8 rep=10 batches=161505 time=0.993 s | package=71.383 J | dram=NA | total=71.383 J | power=71.9 W | runtime=in_range | checksum=OK
[OpenBLAS] requested=32 active=32
[STRIDED_GEMM] N=4096 threads=32 rep=1 batches=18 time=1.030 s | package=283.644 J | dram=NA | total=283.644 J | power=275.4 W | runtime=in_range | checksum=OK
[STRIDED_GEMM] N=4096 threads=32 rep=2 batches=18 time=1.036 s | package=285.191 J | dram=NA | total=285.191 J | power=275.3 W | runtime=in_range | checksum=OK
[STRIDED_GEMM] N=4096 threads=32 rep=3 batches=18 time=1.029 s | package=284.282 J | dram=NA | total=284.282 J | power=276.2 W | runtime=in_range | checksum=OK
[STRIDED_GEMM] N=4096 threads=32 rep=4 batches=18 time=1.028 s | package=284.833 J | dram=NA | total=284.833 J | power=277.0 W | runtime=in_range | checksum=OK
[STRIDED_GEMM] N=4096 threads=32 rep=5 batches=18 time=1.029 s | package=285.437 J | dram=NA | total=285.437 J | power=277.5 W | runtime=in_range | checksum=OK
[STRIDED_GEMM] N=4096 threads=32 rep=6 batches=18 time=1.029 s | package=285.627 J | dram=NA | total=285.627 J | power=277.6 W | runtime=in_range | checksum=OK
[STRIDED_GEMM] N=4096 threads=32 rep=7 batches=18 time=1.029 s | package=285.741 J | dram=NA | total=285.741 J | power=277.6 W | runtime=in_range | checksum=OK
[STRIDED_GEMM] N=4096 threads=32 rep=8 batches=18 time=1.029 s | package=285.642 J | dram=NA | total=285.642 J | power=277.5 W | runtime=in_range | checksum=OK
[STRIDED_GEMM] N=4096 threads=32 rep=9 batches=18 time=1.029 s | package=285.904 J | dram=NA | total=285.904 J | power=277.7 W | runtime=in_range | checksum=OK
[STRIDED_GEMM] N=4096 threads=32 rep=10 batches=18 time=1.029 s | package=285.428 J | dram=NA | total=285.428 J | power=277.4 W | runtime=in_range | checksum=OK
[OpenBLAS] requested=4 active=4
[STRIDED_GEMM] N=64 threads=4 rep=1 batches=162452 time=1.000 s | package=72.025 J | dram=NA | total=72.025 J | power=72.0 W | runtime=in_range | checksum=OK
[STRIDED_GEMM] N=64 threads=4 rep=2 batches=162452 time=1.000 s | package=72.069 J | dram=NA | total=72.069 J | power=72.1 W | runtime=in_range | checksum=OK
[STRIDED_GEMM] N=64 threads=4 rep=3 batches=162452 time=1.000 s | package=71.995 J | dram=NA | total=71.995 J | power=72.0 W | runtime=in_range | checksum=OK
[STRIDED_GEMM] N=64 threads=4 rep=4 batches=162452 time=0.998 s | package=71.833 J | dram=NA | total=71.833 J | power=72.0 W | runtime=in_range | checksum=OK
[STRIDED_GEMM] N=64 threads=4 rep=5 batches=162452 time=0.999 s | package=71.857 J | dram=NA | total=71.857 J | power=71.9 W | runtime=in_range | checksum=OK
[STRIDED_GEMM] N=64 threads=4 rep=6 batches=162452 time=0.998 s | package=71.851 J | dram=NA | total=71.851 J | power=72.0 W | runtime=in_range | checksum=OK
[STRIDED_GEMM] N=64 threads=4 rep=7 batches=162452 time=0.999 s | package=71.855 J | dram=NA | total=71.855 J | power=71.9 W | runtime=in_range | checksum=OK
[STRIDED_GEMM] N=64 threads=4 rep=8 batches=162452 time=0.999 s | package=71.961 J | dram=NA | total=71.961 J | power=72.0 W | runtime=in_range | checksum=OK
[STRIDED_GEMM] N=64 threads=4 rep=9 batches=162452 time=0.999 s | package=71.830 J | dram=NA | total=71.830 J | power=71.9 W | runtime=in_range | checksum=OK
[STRIDED_GEMM] N=64 threads=4 rep=10 batches=162452 time=0.999 s | package=71.929 J | dram=NA | total=71.929 J | power=72.0 W | runtime=in_range | checksum=OK
[OpenBLAS] requested=20 active=20
[STRIDED_GEMM] N=512 threads=20 rep=1 batches=3024 time=1.001 s | package=226.118 J | dram=NA | total=226.118 J | power=226.0 W | runtime=in_range | checksum=OK
[STRIDED_GEMM] N=512 threads=20 rep=2 batches=3024 time=1.008 s | package=227.138 J | dram=NA | total=227.138 J | power=225.3 W | runtime=in_range | checksum=OK
[STRIDED_GEMM] N=512 threads=20 rep=3 batches=3024 time=1.003 s | package=226.765 J | dram=NA | total=226.765 J | power=226.0 W | runtime=in_range | checksum=OK
[STRIDED_GEMM] N=512 threads=20 rep=4 batches=3024 time=1.003 s | package=226.852 J | dram=NA | total=226.852 J | power=226.1 W | runtime=in_range | checksum=OK
[STRIDED_GEMM] N=512 threads=20 rep=5 batches=3024 time=1.002 s | package=227.178 J | dram=NA | total=227.178 J | power=226.6 W | runtime=in_range | checksum=OK
[STRIDED_GEMM] N=512 threads=20 rep=6 batches=3024 time=1.003 s | package=227.020 J | dram=NA | total=227.020 J | power=226.3 W | runtime=in_range | checksum=OK
[STRIDED_GEMM] N=512 threads=20 rep=7 batches=3024 time=1.003 s | package=226.929 J | dram=NA | total=226.929 J | power=226.2 W | runtime=in_range | checksum=OK
[STRIDED_GEMM] N=512 threads=20 rep=8 batches=3024 time=1.004 s | package=227.139 J | dram=NA | total=227.139 J | power=226.3 W | runtime=in_range | checksum=OK
[STRIDED_GEMM] N=512 threads=20 rep=9 batches=3024 time=1.004 s | package=227.126 J | dram=NA | total=227.126 J | power=226.3 W | runtime=in_range | checksum=OK
[STRIDED_GEMM] N=512 threads=20 rep=10 batches=3024 time=1.004 s | package=227.104 J | dram=NA | total=227.104 J | power=226.1 W | runtime=in_range | checksum=OK
[OpenBLAS] requested=4 active=4
[STRIDED_GEMM] N=8192 threads=4 rep=1 batches=1 time=2.312 s | package=297.201 J | dram=NA | total=297.201 J | power=128.6 W | runtime=above | checksum=OK
[STRIDED_GEMM] N=8192 threads=4 rep=2 batches=1 time=2.323 s | package=297.507 J | dram=NA | total=297.507 J | power=128.1 W | runtime=above | checksum=OK
[STRIDED_GEMM] N=8192 threads=4 rep=3 batches=1 time=2.316 s | package=296.957 J | dram=NA | total=296.957 J | power=128.2 W | runtime=above | checksum=OK
[STRIDED_GEMM] N=8192 threads=4 rep=4 batches=1 time=2.321 s | package=297.198 J | dram=NA | total=297.198 J | power=128.0 W | runtime=above | checksum=OK
[STRIDED_GEMM] N=8192 threads=4 rep=5 batches=1 time=2.310 s | package=296.544 J | dram=NA | total=296.544 J | power=128.4 W | runtime=above | checksum=OK
[STRIDED_GEMM] N=8192 threads=4 rep=6 batches=1 time=2.317 s | package=296.820 J | dram=NA | total=296.820 J | power=128.1 W | runtime=above | checksum=OK
[STRIDED_GEMM] N=8192 threads=4 rep=7 batches=1 time=2.309 s | package=296.440 J | dram=NA | total=296.440 J | power=128.4 W | runtime=above | checksum=OK
[STRIDED_GEMM] N=8192 threads=4 rep=8 batches=1 time=2.317 s | package=296.983 J | dram=NA | total=296.983 J | power=128.2 W | runtime=above | checksum=OK
[STRIDED_GEMM] N=8192 threads=4 rep=9 batches=1 time=2.317 s | package=297.415 J | dram=NA | total=297.415 J | power=128.3 W | runtime=above | checksum=OK
[STRIDED_GEMM] N=8192 threads=4 rep=10 batches=1 time=2.408 s | package=289.258 J | dram=NA | total=289.258 J | power=120.1 W | runtime=above | checksum=OK
[OpenBLAS] requested=8 active=8
[STRIDED_GEMM] N=128 threads=8 rep=1 batches=54758 time=0.975 s | package=115.887 J | dram=NA | total=115.887 J | power=118.9 W | runtime=in_range | checksum=OK
[STRIDED_GEMM] N=128 threads=8 rep=2 batches=54758 time=0.983 s | package=116.614 J | dram=NA | total=116.614 J | power=118.6 W | runtime=in_range | checksum=OK
[STRIDED_GEMM] N=128 threads=8 rep=3 batches=54758 time=0.979 s | package=116.100 J | dram=NA | total=116.100 J | power=118.6 W | runtime=in_range | checksum=OK
[STRIDED_GEMM] N=128 threads=8 rep=4 batches=54758 time=0.979 s | package=116.197 J | dram=NA | total=116.197 J | power=118.7 W | runtime=in_range | checksum=OK
[STRIDED_GEMM] N=128 threads=8 rep=5 batches=54758 time=0.976 s | package=115.926 J | dram=NA | total=115.926 J | power=118.7 W | runtime=in_range | checksum=OK
[STRIDED_GEMM] N=128 threads=8 rep=6 batches=54758 time=0.987 s | package=116.988 J | dram=NA | total=116.988 J | power=118.5 W | runtime=in_range | checksum=OK
[STRIDED_GEMM] N=128 threads=8 rep=7 batches=54758 time=0.981 s | package=116.370 J | dram=NA | total=116.370 J | power=118.7 W | runtime=in_range | checksum=OK
[STRIDED_GEMM] N=128 threads=8 rep=8 batches=54758 time=0.980 s | package=116.380 J | dram=NA | total=116.380 J | power=118.8 W | runtime=in_range | checksum=OK
[STRIDED_GEMM] N=128 threads=8 rep=9 batches=54758 time=0.980 s | package=116.351 J | dram=NA | total=116.351 J | power=118.8 W | runtime=in_range | checksum=OK
[STRIDED_GEMM] N=128 threads=8 rep=10 batches=54758 time=0.979 s | package=116.177 J | dram=NA | total=116.177 J | power=118.7 W | runtime=in_range | checksum=OK
[OpenBLAS] requested=20 active=20
[STRIDED_GEMM] N=2048 threads=20 rep=1 batches=83 time=1.006 s | package=276.218 J | dram=NA | total=276.218 J | power=274.6 W | runtime=in_range | checksum=OK
[STRIDED_GEMM] N=2048 threads=20 rep=2 batches=83 time=1.007 s | package=276.259 J | dram=NA | total=276.259 J | power=274.3 W | runtime=in_range | checksum=OK
[STRIDED_GEMM] N=2048 threads=20 rep=3 batches=83 time=1.008 s | package=276.517 J | dram=NA | total=276.517 J | power=274.4 W | runtime=in_range | checksum=OK
[STRIDED_GEMM] N=2048 threads=20 rep=4 batches=83 time=1.008 s | package=276.795 J | dram=NA | total=276.795 J | power=274.7 W | runtime=in_range | checksum=OK
[STRIDED_GEMM] N=2048 threads=20 rep=5 batches=83 time=1.005 s | package=276.535 J | dram=NA | total=276.535 J | power=275.2 W | runtime=in_range | checksum=OK
[STRIDED_GEMM] N=2048 threads=20 rep=6 batches=83 time=1.005 s | package=276.278 J | dram=NA | total=276.278 J | power=275.0 W | runtime=in_range | checksum=OK
[STRIDED_GEMM] N=2048 threads=20 rep=7 batches=83 time=1.006 s | package=276.485 J | dram=NA | total=276.485 J | power=274.9 W | runtime=in_range | checksum=OK
[STRIDED_GEMM] N=2048 threads=20 rep=8 batches=83 time=1.010 s | package=277.226 J | dram=NA | total=277.226 J | power=274.4 W | runtime=in_range | checksum=OK
[STRIDED_GEMM] N=2048 threads=20 rep=9 batches=83 time=1.003 s | package=275.880 J | dram=NA | total=275.880 J | power=275.1 W | runtime=in_range | checksum=OK
[STRIDED_GEMM] N=2048 threads=20 rep=10 batches=83 time=1.004 s | package=276.024 J | dram=NA | total=276.024 J | power=274.9 W | runtime=in_range | checksum=OK
[OpenBLAS] requested=1 active=1
[STRIDED_GEMM] N=64 threads=1 rep=1 batches=161524 time=0.999 s | package=72.350 J | dram=NA | total=72.350 J | power=72.4 W | runtime=in_range | checksum=OK
[STRIDED_GEMM] N=64 threads=1 rep=2 batches=161524 time=0.997 s | package=72.140 J | dram=NA | total=72.140 J | power=72.3 W | runtime=in_range | checksum=OK
[STRIDED_GEMM] N=64 threads=1 rep=3 batches=161524 time=0.994 s | package=71.798 J | dram=NA | total=71.798 J | power=72.3 W | runtime=in_range | checksum=OK
[STRIDED_GEMM] N=64 threads=1 rep=4 batches=161524 time=0.995 s | package=71.811 J | dram=NA | total=71.811 J | power=72.1 W | runtime=in_range | checksum=OK
[STRIDED_GEMM] N=64 threads=1 rep=5 batches=161524 time=0.995 s | package=71.760 J | dram=NA | total=71.760 J | power=72.1 W | runtime=in_range | checksum=OK
[STRIDED_GEMM] N=64 threads=1 rep=6 batches=161524 time=0.995 s | package=72.151 J | dram=NA | total=72.151 J | power=72.5 W | runtime=in_range | checksum=OK
[STRIDED_GEMM] N=64 threads=1 rep=7 batches=161524 time=0.993 s | package=71.591 J | dram=NA | total=71.591 J | power=72.1 W | runtime=in_range | checksum=OK
[STRIDED_GEMM] N=64 threads=1 rep=8 batches=161524 time=0.994 s | package=71.549 J | dram=NA | total=71.549 J | power=72.0 W | runtime=in_range | checksum=OK
[STRIDED_GEMM] N=64 threads=1 rep=9 batches=161524 time=0.994 s | package=71.561 J | dram=NA | total=71.561 J | power=72.0 W | runtime=in_range | checksum=OK
[STRIDED_GEMM] N=64 threads=1 rep=10 batches=161524 time=0.993 s | package=71.589 J | dram=NA | total=71.589 J | power=72.1 W | runtime=in_range | checksum=OK
[OpenBLAS] requested=20 active=20
[STRIDED_GEMM] N=256 threads=20 rep=1 batches=10922 time=1.007 s | package=191.022 J | dram=NA | total=191.022 J | power=189.7 W | runtime=in_range | checksum=OK
[STRIDED_GEMM] N=256 threads=20 rep=2 batches=10922 time=1.019 s | package=192.553 J | dram=NA | total=192.553 J | power=189.0 W | runtime=in_range | checksum=OK
[STRIDED_GEMM] N=256 threads=20 rep=3 batches=10922 time=1.011 s | package=191.370 J | dram=NA | total=191.370 J | power=189.2 W | runtime=in_range | checksum=OK
[STRIDED_GEMM] N=256 threads=20 rep=4 batches=10922 time=1.011 s | package=191.570 J | dram=NA | total=191.570 J | power=189.6 W | runtime=in_range | checksum=OK
[STRIDED_GEMM] N=256 threads=20 rep=5 batches=10922 time=1.020 s | package=192.660 J | dram=NA | total=192.660 J | power=189.0 W | runtime=in_range | checksum=OK
[STRIDED_GEMM] N=256 threads=20 rep=6 batches=10922 time=1.013 s | package=191.819 J | dram=NA | total=191.819 J | power=189.4 W | runtime=in_range | checksum=OK
[STRIDED_GEMM] N=256 threads=20 rep=7 batches=10922 time=1.011 s | package=191.866 J | dram=NA | total=191.866 J | power=189.7 W | runtime=in_range | checksum=OK
[STRIDED_GEMM] N=256 threads=20 rep=8 batches=10922 time=1.011 s | package=191.844 J | dram=NA | total=191.844 J | power=189.7 W | runtime=in_range | checksum=OK
[STRIDED_GEMM] N=256 threads=20 rep=9 batches=10922 time=1.013 s | package=192.321 J | dram=NA | total=192.321 J | power=189.9 W | runtime=in_range | checksum=OK
[STRIDED_GEMM] N=256 threads=20 rep=10 batches=10922 time=1.013 s | package=192.127 J | dram=NA | total=192.127 J | power=189.7 W | runtime=in_range | checksum=OK
[OpenBLAS] requested=20 active=20
[STRIDED_GEMM] N=16384 threads=20 rep=1 batches=1 time=4.446 s | package=1260.863 J | dram=NA | total=1260.863 J | power=283.6 W | runtime=above | checksum=OK
[STRIDED_GEMM] N=16384 threads=20 rep=2 batches=1 time=4.537 s | package=1278.859 J | dram=NA | total=1278.859 J | power=281.8 W | runtime=above | checksum=OK
[STRIDED_GEMM] N=16384 threads=20 rep=3 batches=1 time=4.440 s | package=1264.133 J | dram=NA | total=1264.133 J | power=284.7 W | runtime=above | checksum=OK
[STRIDED_GEMM] N=16384 threads=20 rep=4 batches=1 time=4.417 s | package=1258.555 J | dram=NA | total=1258.555 J | power=284.9 W | runtime=above | checksum=OK
[STRIDED_GEMM] N=16384 threads=20 rep=5 batches=1 time=4.412 s | package=1257.078 J | dram=NA | total=1257.078 J | power=285.0 W | runtime=above | checksum=OK
[STRIDED_GEMM] N=16384 threads=20 rep=6 batches=1 time=4.417 s | package=1258.518 J | dram=NA | total=1258.518 J | power=284.9 W | runtime=above | checksum=OK
[STRIDED_GEMM] N=16384 threads=20 rep=7 batches=1 time=4.420 s | package=1259.571 J | dram=NA | total=1259.571 J | power=285.0 W | runtime=above | checksum=OK
[STRIDED_GEMM] N=16384 threads=20 rep=8 batches=1 time=4.422 s | package=1260.116 J | dram=NA | total=1260.116 J | power=285.0 W | runtime=above | checksum=OK
[STRIDED_GEMM] N=16384 threads=20 rep=9 batches=1 time=4.427 s | package=1261.383 J | dram=NA | total=1261.383 J | power=284.9 W | runtime=above | checksum=OK
[STRIDED_GEMM] N=16384 threads=20 rep=10 batches=1 time=4.422 s | package=1260.129 J | dram=NA | total=1260.129 J | power=285.0 W | runtime=above | checksum=OK
[OpenBLAS] requested=64 active=64
[STRIDED_GEMM] N=16384 threads=64 rep=1 batches=1 time=3.691 s | package=932.457 J | dram=NA | total=932.457 J | power=252.7 W | runtime=above | checksum=OK
[STRIDED_GEMM] N=16384 threads=64 rep=2 batches=1 time=3.682 s | package=929.746 J | dram=NA | total=929.746 J | power=252.5 W | runtime=above | checksum=OK
[STRIDED_GEMM] N=16384 threads=64 rep=3 batches=1 time=3.687 s | package=931.822 J | dram=NA | total=931.822 J | power=252.7 W | runtime=above | checksum=OK
[STRIDED_GEMM] N=16384 threads=64 rep=4 batches=1 time=3.680 s | package=929.372 J | dram=NA | total=929.372 J | power=252.6 W | runtime=above | checksum=OK
[STRIDED_GEMM] N=16384 threads=64 rep=5 batches=1 time=3.684 s | package=928.902 J | dram=NA | total=928.902 J | power=252.2 W | runtime=above | checksum=OK
[STRIDED_GEMM] N=16384 threads=64 rep=6 batches=1 time=3.681 s | package=928.549 J | dram=NA | total=928.549 J | power=252.3 W | runtime=above | checksum=OK
[STRIDED_GEMM] N=16384 threads=64 rep=7 batches=1 time=3.686 s | package=931.711 J | dram=NA | total=931.711 J | power=252.7 W | runtime=above | checksum=OK
[STRIDED_GEMM] N=16384 threads=64 rep=8 batches=1 time=3.683 s | package=930.470 J | dram=NA | total=930.470 J | power=252.6 W | runtime=above | checksum=OK
[STRIDED_GEMM] N=16384 threads=64 rep=9 batches=1 time=3.684 s | package=929.550 J | dram=NA | total=929.550 J | power=252.3 W | runtime=above | checksum=OK
[STRIDED_GEMM] N=16384 threads=64 rep=10 batches=1 time=3.680 s | package=928.671 J | dram=NA | total=928.671 J | power=252.4 W | runtime=above | checksum=OK
[OpenBLAS] requested=20 active=20
[STRIDED_GEMM] N=128 threads=20 rep=1 batches=57481 time=0.994 s | package=120.174 J | dram=NA | total=120.174 J | power=120.8 W | runtime=in_range | checksum=OK
[STRIDED_GEMM] N=128 threads=20 rep=2 batches=57481 time=0.996 s | package=120.111 J | dram=NA | total=120.111 J | power=120.6 W | runtime=in_range | checksum=OK
[STRIDED_GEMM] N=128 threads=20 rep=3 batches=57481 time=0.998 s | package=120.136 J | dram=NA | total=120.136 J | power=120.4 W | runtime=in_range | checksum=OK
[STRIDED_GEMM] N=128 threads=20 rep=4 batches=57481 time=1.000 s | package=120.178 J | dram=NA | total=120.178 J | power=120.2 W | runtime=in_range | checksum=OK
[STRIDED_GEMM] N=128 threads=20 rep=5 batches=57481 time=0.997 s | package=119.756 J | dram=NA | total=119.756 J | power=120.2 W | runtime=in_range | checksum=OK
[STRIDED_GEMM] N=128 threads=20 rep=6 batches=57481 time=1.001 s | package=120.170 J | dram=NA | total=120.170 J | power=120.0 W | runtime=in_range | checksum=OK
[STRIDED_GEMM] N=128 threads=20 rep=7 batches=57481 time=0.999 s | package=119.953 J | dram=NA | total=119.953 J | power=120.1 W | runtime=in_range | checksum=OK
[STRIDED_GEMM] N=128 threads=20 rep=8 batches=57481 time=0.996 s | package=119.810 J | dram=NA | total=119.810 J | power=120.2 W | runtime=in_range | checksum=OK
[STRIDED_GEMM] N=128 threads=20 rep=9 batches=57481 time=0.996 s | package=119.604 J | dram=NA | total=119.604 J | power=120.1 W | runtime=in_range | checksum=OK
[STRIDED_GEMM] N=128 threads=20 rep=10 batches=57481 time=0.995 s | package=119.695 J | dram=NA | total=119.695 J | power=120.3 W | runtime=in_range | checksum=OK
[OpenBLAS] requested=10 active=10
[STRIDED_GEMM] N=2048 threads=10 rep=1 batches=50 time=1.023 s | package=192.484 J | dram=NA | total=192.484 J | power=188.1 W | runtime=in_range | checksum=OK
[STRIDED_GEMM] N=2048 threads=10 rep=2 batches=50 time=1.024 s | package=192.442 J | dram=NA | total=192.442 J | power=188.0 W | runtime=in_range | checksum=OK
[STRIDED_GEMM] N=2048 threads=10 rep=3 batches=50 time=1.024 s | package=192.609 J | dram=NA | total=192.609 J | power=188.1 W | runtime=in_range | checksum=OK
[STRIDED_GEMM] N=2048 threads=10 rep=4 batches=50 time=1.023 s | package=192.673 J | dram=NA | total=192.673 J | power=188.3 W | runtime=in_range | checksum=OK
[STRIDED_GEMM] N=2048 threads=10 rep=5 batches=50 time=1.023 s | package=192.740 J | dram=NA | total=192.740 J | power=188.4 W | runtime=in_range | checksum=OK
[STRIDED_GEMM] N=2048 threads=10 rep=6 batches=50 time=1.022 s | package=192.867 J | dram=NA | total=192.867 J | power=188.7 W | runtime=in_range | checksum=OK
[STRIDED_GEMM] N=2048 threads=10 rep=7 batches=50 time=1.023 s | package=192.784 J | dram=NA | total=192.784 J | power=188.4 W | runtime=in_range | checksum=OK
[STRIDED_GEMM] N=2048 threads=10 rep=8 batches=50 time=1.022 s | package=192.724 J | dram=NA | total=192.724 J | power=188.5 W | runtime=in_range | checksum=OK
[STRIDED_GEMM] N=2048 threads=10 rep=9 batches=50 time=1.032 s | package=193.682 J | dram=NA | total=193.682 J | power=187.7 W | runtime=in_range | checksum=OK
[STRIDED_GEMM] N=2048 threads=10 rep=10 batches=50 time=1.024 s | package=192.742 J | dram=NA | total=192.742 J | power=188.3 W | runtime=in_range | checksum=OK
[OpenBLAS] requested=2 active=2
[STRIDED_GEMM] N=512 threads=2 rep=1 batches=881 time=0.999 s | package=93.403 J | dram=NA | total=93.403 J | power=93.5 W | runtime=in_range | checksum=OK
[STRIDED_GEMM] N=512 threads=2 rep=2 batches=881 time=1.007 s | package=93.904 J | dram=NA | total=93.904 J | power=93.3 W | runtime=in_range | checksum=OK
[STRIDED_GEMM] N=512 threads=2 rep=3 batches=881 time=1.005 s | package=94.118 J | dram=NA | total=94.118 J | power=93.7 W | runtime=in_range | checksum=OK
[STRIDED_GEMM] N=512 threads=2 rep=4 batches=881 time=1.007 s | package=95.097 J | dram=NA | total=95.097 J | power=94.4 W | runtime=in_range | checksum=OK
[STRIDED_GEMM] N=512 threads=2 rep=5 batches=881 time=0.995 s | package=94.158 J | dram=NA | total=94.158 J | power=94.7 W | runtime=in_range | checksum=OK
[STRIDED_GEMM] N=512 threads=2 rep=6 batches=881 time=1.001 s | package=93.805 J | dram=NA | total=93.805 J | power=93.7 W | runtime=in_range | checksum=OK
[STRIDED_GEMM] N=512 threads=2 rep=7 batches=881 time=1.002 s | package=94.635 J | dram=NA | total=94.635 J | power=94.5 W | runtime=in_range | checksum=OK
[STRIDED_GEMM] N=512 threads=2 rep=8 batches=881 time=1.002 s | package=94.599 J | dram=NA | total=94.599 J | power=94.4 W | runtime=in_range | checksum=OK
[STRIDED_GEMM] N=512 threads=2 rep=9 batches=881 time=0.999 s | package=94.297 J | dram=NA | total=94.297 J | power=94.4 W | runtime=in_range | checksum=OK
[STRIDED_GEMM] N=512 threads=2 rep=10 batches=881 time=0.994 s | package=94.016 J | dram=NA | total=94.016 J | power=94.6 W | runtime=in_range | checksum=OK
[OpenBLAS] requested=8 active=8
[STRIDED_GEMM] N=4096 threads=8 rep=1 batches=7 time=1.040 s | package=197.066 J | dram=NA | total=197.066 J | power=189.4 W | runtime=in_range | checksum=OK
[STRIDED_GEMM] N=4096 threads=8 rep=2 batches=7 time=1.047 s | package=197.672 J | dram=NA | total=197.672 J | power=188.8 W | runtime=in_range | checksum=OK
[STRIDED_GEMM] N=4096 threads=8 rep=3 batches=7 time=1.048 s | package=197.860 J | dram=NA | total=197.860 J | power=188.7 W | runtime=in_range | checksum=OK
[STRIDED_GEMM] N=4096 threads=8 rep=4 batches=7 time=1.054 s | package=198.533 J | dram=NA | total=198.533 J | power=188.3 W | runtime=in_range | checksum=OK
[STRIDED_GEMM] N=4096 threads=8 rep=5 batches=7 time=1.049 s | package=198.005 J | dram=NA | total=198.005 J | power=188.8 W | runtime=in_range | checksum=OK
[STRIDED_GEMM] N=4096 threads=8 rep=6 batches=7 time=1.050 s | package=198.271 J | dram=NA | total=198.271 J | power=188.8 W | runtime=in_range | checksum=OK
[STRIDED_GEMM] N=4096 threads=8 rep=7 batches=7 time=1.045 s | package=197.668 J | dram=NA | total=197.668 J | power=189.1 W | runtime=in_range | checksum=OK
[STRIDED_GEMM] N=4096 threads=8 rep=8 batches=7 time=1.055 s | package=198.482 J | dram=NA | total=198.482 J | power=188.1 W | runtime=in_range | checksum=OK
[STRIDED_GEMM] N=4096 threads=8 rep=9 batches=7 time=1.045 s | package=197.530 J | dram=NA | total=197.530 J | power=189.1 W | runtime=in_range | checksum=OK
[STRIDED_GEMM] N=4096 threads=8 rep=10 batches=7 time=1.045 s | package=197.816 J | dram=NA | total=197.816 J | power=189.3 W | runtime=in_range | checksum=OK
[OpenBLAS] requested=1 active=1
[STRIDED_GEMM] N=1024 threads=1 rep=1 batches=57 time=0.998 s | package=79.463 J | dram=NA | total=79.463 J | power=79.6 W | runtime=in_range | checksum=OK
[STRIDED_GEMM] N=1024 threads=1 rep=2 batches=57 time=1.000 s | package=77.584 J | dram=NA | total=77.584 J | power=77.6 W | runtime=in_range | checksum=OK
[STRIDED_GEMM] N=1024 threads=1 rep=3 batches=57 time=1.005 s | package=78.081 J | dram=NA | total=78.081 J | power=77.7 W | runtime=in_range | checksum=OK
[STRIDED_GEMM] N=1024 threads=1 rep=4 batches=57 time=1.003 s | package=77.469 J | dram=NA | total=77.469 J | power=77.2 W | runtime=in_range | checksum=OK
[STRIDED_GEMM] N=1024 threads=1 rep=5 batches=57 time=1.001 s | package=76.853 J | dram=NA | total=76.853 J | power=76.8 W | runtime=in_range | checksum=OK
[STRIDED_GEMM] N=1024 threads=1 rep=6 batches=57 time=1.000 s | package=76.210 J | dram=NA | total=76.210 J | power=76.2 W | runtime=in_range | checksum=OK
[STRIDED_GEMM] N=1024 threads=1 rep=7 batches=57 time=0.992 s | package=75.071 J | dram=NA | total=75.071 J | power=75.7 W | runtime=in_range | checksum=OK
[STRIDED_GEMM] N=1024 threads=1 rep=8 batches=57 time=0.999 s | package=75.402 J | dram=NA | total=75.402 J | power=75.5 W | runtime=in_range | checksum=OK
[STRIDED_GEMM] N=1024 threads=1 rep=9 batches=57 time=0.996 s | package=75.444 J | dram=NA | total=75.444 J | power=75.8 W | runtime=in_range | checksum=OK
[STRIDED_GEMM] N=1024 threads=1 rep=10 batches=57 time=0.990 s | package=74.794 J | dram=NA | total=74.794 J | power=75.5 W | runtime=in_range | checksum=OK
[OpenBLAS] requested=1 active=1
[STRIDED_GEMM] N=2048 threads=1 rep=1 batches=8 time=1.098 s | package=84.472 J | dram=NA | total=84.472 J | power=76.9 W | runtime=in_range | checksum=OK
[STRIDED_GEMM] N=2048 threads=1 rep=2 batches=8 time=1.107 s | package=85.047 J | dram=NA | total=85.047 J | power=76.9 W | runtime=in_range | checksum=OK
[STRIDED_GEMM] N=2048 threads=1 rep=3 batches=8 time=1.105 s | package=84.896 J | dram=NA | total=84.896 J | power=76.8 W | runtime=in_range | checksum=OK
[STRIDED_GEMM] N=2048 threads=1 rep=4 batches=8 time=1.107 s | package=86.179 J | dram=NA | total=86.179 J | power=77.8 W | runtime=in_range | checksum=OK
[STRIDED_GEMM] N=2048 threads=1 rep=5 batches=8 time=1.108 s | package=86.263 J | dram=NA | total=86.263 J | power=77.9 W | runtime=in_range | checksum=OK
[STRIDED_GEMM] N=2048 threads=1 rep=6 batches=8 time=1.108 s | package=86.117 J | dram=NA | total=86.117 J | power=77.7 W | runtime=in_range | checksum=OK
[STRIDED_GEMM] N=2048 threads=1 rep=7 batches=8 time=1.103 s | package=85.900 J | dram=NA | total=85.900 J | power=77.9 W | runtime=in_range | checksum=OK
[STRIDED_GEMM] N=2048 threads=1 rep=8 batches=8 time=1.106 s | package=86.114 J | dram=NA | total=86.114 J | power=77.9 W | runtime=in_range | checksum=OK
[STRIDED_GEMM] N=2048 threads=1 rep=9 batches=8 time=1.104 s | package=85.989 J | dram=NA | total=85.989 J | power=77.9 W | runtime=in_range | checksum=OK
[STRIDED_GEMM] N=2048 threads=1 rep=10 batches=8 time=1.106 s | package=86.154 J | dram=NA | total=86.154 J | power=77.9 W | runtime=in_range | checksum=OK
[OpenBLAS] requested=32 active=32
[STRIDED_GEMM] N=1024 threads=32 rep=1 batches=617 time=1.000 s | package=282.895 J | dram=NA | total=282.895 J | power=282.8 W | runtime=in_range | checksum=OK
[STRIDED_GEMM] N=1024 threads=32 rep=2 batches=617 time=1.007 s | package=283.936 J | dram=NA | total=283.936 J | power=282.0 W | runtime=in_range | checksum=OK
[STRIDED_GEMM] N=1024 threads=32 rep=3 batches=617 time=1.001 s | package=283.323 J | dram=NA | total=283.323 J | power=283.1 W | runtime=in_range | checksum=OK
[STRIDED_GEMM] N=1024 threads=32 rep=4 batches=617 time=1.001 s | package=283.635 J | dram=NA | total=283.635 J | power=283.2 W | runtime=in_range | checksum=OK
[STRIDED_GEMM] N=1024 threads=32 rep=5 batches=617 time=1.002 s | package=283.420 J | dram=NA | total=283.420 J | power=282.9 W | runtime=in_range | checksum=OK
[STRIDED_GEMM] N=1024 threads=32 rep=6 batches=617 time=1.002 s | package=283.406 J | dram=NA | total=283.406 J | power=282.8 W | runtime=in_range | checksum=OK
[STRIDED_GEMM] N=1024 threads=32 rep=7 batches=617 time=1.003 s | package=283.814 J | dram=NA | total=283.814 J | power=282.9 W | runtime=in_range | checksum=OK
[STRIDED_GEMM] N=1024 threads=32 rep=8 batches=617 time=1.003 s | package=283.955 J | dram=NA | total=283.955 J | power=283.2 W | runtime=in_range | checksum=OK
[STRIDED_GEMM] N=1024 threads=32 rep=9 batches=617 time=1.010 s | package=285.463 J | dram=NA | total=285.463 J | power=282.7 W | runtime=in_range | checksum=OK
[STRIDED_GEMM] N=1024 threads=32 rep=10 batches=617 time=1.001 s | package=283.784 J | dram=NA | total=283.784 J | power=283.5 W | runtime=in_range | checksum=OK
[OpenBLAS] requested=1 active=1
[STRIDED_GEMM] N=512 threads=1 rep=1 batches=455 time=0.998 s | package=75.633 J | dram=NA | total=75.633 J | power=75.8 W | runtime=in_range | checksum=OK
[STRIDED_GEMM] N=512 threads=1 rep=2 batches=455 time=1.007 s | package=76.092 J | dram=NA | total=76.092 J | power=75.5 W | runtime=in_range | checksum=OK
[STRIDED_GEMM] N=512 threads=1 rep=3 batches=455 time=1.006 s | package=75.807 J | dram=NA | total=75.807 J | power=75.4 W | runtime=in_range | checksum=OK
[STRIDED_GEMM] N=512 threads=1 rep=4 batches=455 time=1.006 s | package=75.784 J | dram=NA | total=75.784 J | power=75.4 W | runtime=in_range | checksum=OK
[STRIDED_GEMM] N=512 threads=1 rep=5 batches=455 time=1.006 s | package=75.759 J | dram=NA | total=75.759 J | power=75.3 W | runtime=in_range | checksum=OK
[STRIDED_GEMM] N=512 threads=1 rep=6 batches=455 time=1.005 s | package=75.623 J | dram=NA | total=75.623 J | power=75.2 W | runtime=in_range | checksum=OK
[STRIDED_GEMM] N=512 threads=1 rep=7 batches=455 time=1.005 s | package=75.673 J | dram=NA | total=75.673 J | power=75.3 W | runtime=in_range | checksum=OK
[STRIDED_GEMM] N=512 threads=1 rep=8 batches=455 time=1.004 s | package=75.458 J | dram=NA | total=75.458 J | power=75.2 W | runtime=in_range | checksum=OK
[STRIDED_GEMM] N=512 threads=1 rep=9 batches=455 time=1.004 s | package=75.516 J | dram=NA | total=75.516 J | power=75.2 W | runtime=in_range | checksum=OK
[STRIDED_GEMM] N=512 threads=1 rep=10 batches=455 time=0.998 s | package=75.145 J | dram=NA | total=75.145 J | power=75.3 W | runtime=in_range | checksum=OK
[OpenBLAS] requested=1 active=1
[STRIDED_GEMM] N=128 threads=1 rep=1 batches=24949 time=1.001 s | package=73.466 J | dram=NA | total=73.466 J | power=73.4 W | runtime=in_range | checksum=OK
[STRIDED_GEMM] N=128 threads=1 rep=2 batches=24949 time=1.007 s | package=73.944 J | dram=NA | total=73.944 J | power=73.4 W | runtime=in_range | checksum=OK
[STRIDED_GEMM] N=128 threads=1 rep=3 batches=24949 time=1.006 s | package=73.904 J | dram=NA | total=73.904 J | power=73.5 W | runtime=in_range | checksum=OK
[STRIDED_GEMM] N=128 threads=1 rep=4 batches=24949 time=1.007 s | package=74.091 J | dram=NA | total=74.091 J | power=73.5 W | runtime=in_range | checksum=OK
[STRIDED_GEMM] N=128 threads=1 rep=5 batches=24949 time=1.007 s | package=73.924 J | dram=NA | total=73.924 J | power=73.4 W | runtime=in_range | checksum=OK
[STRIDED_GEMM] N=128 threads=1 rep=6 batches=24949 time=1.003 s | package=73.699 J | dram=NA | total=73.699 J | power=73.5 W | runtime=in_range | checksum=OK
[STRIDED_GEMM] N=128 threads=1 rep=7 batches=24949 time=1.005 s | package=73.863 J | dram=NA | total=73.863 J | power=73.5 W | runtime=in_range | checksum=OK
[STRIDED_GEMM] N=128 threads=1 rep=8 batches=24949 time=1.006 s | package=73.901 J | dram=NA | total=73.901 J | power=73.4 W | runtime=in_range | checksum=OK
[STRIDED_GEMM] N=128 threads=1 rep=9 batches=24949 time=1.006 s | package=73.869 J | dram=NA | total=73.869 J | power=73.4 W | runtime=in_range | checksum=OK
[STRIDED_GEMM] N=128 threads=1 rep=10 batches=24949 time=1.004 s | package=73.784 J | dram=NA | total=73.784 J | power=73.5 W | runtime=in_range | checksum=OK
[OpenBLAS] requested=8 active=8
[STRIDED_GEMM] N=512 threads=8 rep=1 batches=1866 time=1.002 s | package=146.199 J | dram=NA | total=146.199 J | power=145.9 W | runtime=in_range | checksum=OK
[STRIDED_GEMM] N=512 threads=8 rep=2 batches=1866 time=1.006 s | package=146.745 J | dram=NA | total=146.745 J | power=145.8 W | runtime=in_range | checksum=OK
[STRIDED_GEMM] N=512 threads=8 rep=3 batches=1866 time=1.004 s | package=146.863 J | dram=NA | total=146.863 J | power=146.3 W | runtime=in_range | checksum=OK
[STRIDED_GEMM] N=512 threads=8 rep=4 batches=1866 time=1.002 s | package=146.213 J | dram=NA | total=146.213 J | power=146.0 W | runtime=in_range | checksum=OK
[STRIDED_GEMM] N=512 threads=8 rep=5 batches=1866 time=1.009 s | package=147.087 J | dram=NA | total=147.087 J | power=145.7 W | runtime=in_range | checksum=OK
[STRIDED_GEMM] N=512 threads=8 rep=6 batches=1866 time=1.001 s | package=146.219 J | dram=NA | total=146.219 J | power=146.1 W | runtime=in_range | checksum=OK
[STRIDED_GEMM] N=512 threads=8 rep=7 batches=1866 time=1.010 s | package=147.044 J | dram=NA | total=147.044 J | power=145.6 W | runtime=in_range | checksum=OK
[STRIDED_GEMM] N=512 threads=8 rep=8 batches=1866 time=1.004 s | package=146.557 J | dram=NA | total=146.557 J | power=146.0 W | runtime=in_range | checksum=OK
[STRIDED_GEMM] N=512 threads=8 rep=9 batches=1866 time=1.012 s | package=147.294 J | dram=NA | total=147.294 J | power=145.6 W | runtime=in_range | checksum=OK
[STRIDED_GEMM] N=512 threads=8 rep=10 batches=1866 time=1.004 s | package=146.530 J | dram=NA | total=146.530 J | power=146.0 W | runtime=in_range | checksum=OK
[OpenBLAS] requested=2 active=2
[STRIDED_GEMM] N=16384 threads=2 rep=1 batches=1 time=37.117 s | package=3497.058 J | dram=NA | total=3497.058 J | power=94.2 W | runtime=above | checksum=OK
[STRIDED_GEMM] N=16384 threads=2 rep=2 batches=1 time=36.750 s | package=3475.495 J | dram=NA | total=3475.495 J | power=94.6 W | runtime=above | checksum=OK
[STRIDED_GEMM] N=16384 threads=2 rep=3 batches=1 time=36.855 s | package=3525.053 J | dram=NA | total=3525.053 J | power=95.6 W | runtime=above | checksum=OK
[STRIDED_GEMM] N=16384 threads=2 rep=4 batches=1 time=36.867 s | package=3523.024 J | dram=NA | total=3523.024 J | power=95.6 W | runtime=above | checksum=OK
[STRIDED_GEMM] N=16384 threads=2 rep=5 batches=1 time=36.808 s | package=3519.753 J | dram=NA | total=3519.753 J | power=95.6 W | runtime=above | checksum=OK
[STRIDED_GEMM] N=16384 threads=2 rep=6 batches=1 time=36.775 s | package=3516.282 J | dram=NA | total=3516.282 J | power=95.6 W | runtime=above | checksum=OK
[STRIDED_GEMM] N=16384 threads=2 rep=7 batches=1 time=36.772 s | package=3515.290 J | dram=NA | total=3515.290 J | power=95.6 W | runtime=above | checksum=OK
[STRIDED_GEMM] N=16384 threads=2 rep=8 batches=1 time=37.017 s | package=3531.727 J | dram=NA | total=3531.727 J | power=95.4 W | runtime=above | checksum=OK
[STRIDED_GEMM] N=16384 threads=2 rep=9 batches=1 time=37.210 s | package=3534.178 J | dram=NA | total=3534.178 J | power=95.0 W | runtime=above | checksum=OK
[STRIDED_GEMM] N=16384 threads=2 rep=10 batches=1 time=36.958 s | package=3487.847 J | dram=NA | total=3487.847 J | power=94.4 W | runtime=above | checksum=OK
[OpenBLAS] requested=64 active=64
[STRIDED_GEMM] N=128 threads=64 rep=1 batches=58495 time=1.005 s | package=119.816 J | dram=NA | total=119.816 J | power=119.2 W | runtime=in_range | checksum=OK
[STRIDED_GEMM] N=128 threads=64 rep=2 batches=58495 time=1.016 s | package=120.873 J | dram=NA | total=120.873 J | power=119.0 W | runtime=in_range | checksum=OK
[STRIDED_GEMM] N=128 threads=64 rep=3 batches=58495 time=1.007 s | package=120.062 J | dram=NA | total=120.062 J | power=119.2 W | runtime=in_range | checksum=OK
[STRIDED_GEMM] N=128 threads=64 rep=4 batches=58495 time=1.004 s | package=119.781 J | dram=NA | total=119.781 J | power=119.3 W | runtime=in_range | checksum=OK
[STRIDED_GEMM] N=128 threads=64 rep=5 batches=58495 time=1.008 s | package=120.152 J | dram=NA | total=120.152 J | power=119.2 W | runtime=in_range | checksum=OK
[STRIDED_GEMM] N=128 threads=64 rep=6 batches=58495 time=1.007 s | package=120.056 J | dram=NA | total=120.056 J | power=119.2 W | runtime=in_range | checksum=OK
[STRIDED_GEMM] N=128 threads=64 rep=7 batches=58495 time=1.006 s | package=119.933 J | dram=NA | total=119.933 J | power=119.2 W | runtime=in_range | checksum=OK
[STRIDED_GEMM] N=128 threads=64 rep=8 batches=58495 time=1.006 s | package=119.849 J | dram=NA | total=119.849 J | power=119.2 W | runtime=in_range | checksum=OK
[STRIDED_GEMM] N=128 threads=64 rep=9 batches=58495 time=1.017 s | package=120.980 J | dram=NA | total=120.980 J | power=118.9 W | runtime=in_range | checksum=OK
[STRIDED_GEMM] N=128 threads=64 rep=10 batches=58495 time=1.008 s | package=120.112 J | dram=NA | total=120.112 J | power=119.2 W | runtime=in_range | checksum=OK
[OpenBLAS] requested=1 active=1
[STRIDED_GEMM] N=4096 threads=1 rep=1 batches=1 time=1.078 s | package=85.051 J | dram=NA | total=85.051 J | power=78.9 W | runtime=in_range | checksum=OK
[STRIDED_GEMM] N=4096 threads=1 rep=2 batches=1 time=1.083 s | package=85.145 J | dram=NA | total=85.145 J | power=78.6 W | runtime=in_range | checksum=OK
[STRIDED_GEMM] N=4096 threads=1 rep=3 batches=1 time=1.078 s | package=83.262 J | dram=NA | total=83.262 J | power=77.2 W | runtime=in_range | checksum=OK
[STRIDED_GEMM] N=4096 threads=1 rep=4 batches=1 time=1.076 s | package=82.443 J | dram=NA | total=82.443 J | power=76.6 W | runtime=in_range | checksum=OK
[STRIDED_GEMM] N=4096 threads=1 rep=5 batches=1 time=1.080 s | package=82.682 J | dram=NA | total=82.682 J | power=76.6 W | runtime=in_range | checksum=OK
[STRIDED_GEMM] N=4096 threads=1 rep=6 batches=1 time=1.082 s | package=82.649 J | dram=NA | total=82.649 J | power=76.4 W | runtime=in_range | checksum=OK
[STRIDED_GEMM] N=4096 threads=1 rep=7 batches=1 time=1.079 s | package=82.475 J | dram=NA | total=82.475 J | power=76.4 W | runtime=in_range | checksum=OK
[STRIDED_GEMM] N=4096 threads=1 rep=8 batches=1 time=1.077 s | package=82.378 J | dram=NA | total=82.378 J | power=76.5 W | runtime=in_range | checksum=OK
[STRIDED_GEMM] N=4096 threads=1 rep=9 batches=1 time=1.081 s | package=82.701 J | dram=NA | total=82.701 J | power=76.5 W | runtime=in_range | checksum=OK
[STRIDED_GEMM] N=4096 threads=1 rep=10 batches=1 time=1.081 s | package=82.860 J | dram=NA | total=82.860 J | power=76.6 W | runtime=in_range | checksum=OK
[OpenBLAS] requested=20 active=20
[STRIDED_GEMM] N=4096 threads=20 rep=1 batches=13 time=1.002 s | package=285.373 J | dram=NA | total=285.373 J | power=284.8 W | runtime=in_range | checksum=OK
[STRIDED_GEMM] N=4096 threads=20 rep=2 batches=13 time=1.010 s | package=287.275 J | dram=NA | total=287.275 J | power=284.4 W | runtime=in_range | checksum=OK
[STRIDED_GEMM] N=4096 threads=20 rep=3 batches=13 time=1.027 s | package=290.675 J | dram=NA | total=290.675 J | power=283.0 W | runtime=in_range | checksum=OK
[STRIDED_GEMM] N=4096 threads=20 rep=4 batches=13 time=1.008 s | package=287.003 J | dram=NA | total=287.003 J | power=284.9 W | runtime=in_range | checksum=OK
[STRIDED_GEMM] N=4096 threads=20 rep=5 batches=13 time=1.013 s | package=288.016 J | dram=NA | total=288.016 J | power=284.2 W | runtime=in_range | checksum=OK
[STRIDED_GEMM] N=4096 threads=20 rep=6 batches=13 time=1.013 s | package=288.051 J | dram=NA | total=288.051 J | power=284.5 W | runtime=in_range | checksum=OK
[STRIDED_GEMM] N=4096 threads=20 rep=7 batches=13 time=1.014 s | package=288.284 J | dram=NA | total=288.284 J | power=284.4 W | runtime=in_range | checksum=OK
[STRIDED_GEMM] N=4096 threads=20 rep=8 batches=13 time=1.010 s | package=287.742 J | dram=NA | total=287.742 J | power=284.9 W | runtime=in_range | checksum=OK
[STRIDED_GEMM] N=4096 threads=20 rep=9 batches=13 time=1.011 s | package=287.890 J | dram=NA | total=287.890 J | power=284.8 W | runtime=in_range | checksum=OK
[STRIDED_GEMM] N=4096 threads=20 rep=10 batches=13 time=1.011 s | package=287.838 J | dram=NA | total=287.838 J | power=284.7 W | runtime=in_range | checksum=OK
[OpenBLAS] requested=16 active=16
[STRIDED_GEMM] N=8192 threads=16 rep=1 batches=2 time=1.280 s | package=361.418 J | dram=NA | total=361.418 J | power=282.4 W | runtime=above | checksum=OK
[STRIDED_GEMM] N=8192 threads=16 rep=2 batches=2 time=1.280 s | package=361.613 J | dram=NA | total=361.613 J | power=282.4 W | runtime=above | checksum=OK
[STRIDED_GEMM] N=8192 threads=16 rep=3 batches=2 time=1.288 s | package=363.725 J | dram=NA | total=363.725 J | power=282.5 W | runtime=above | checksum=OK
[STRIDED_GEMM] N=8192 threads=16 rep=4 batches=2 time=1.286 s | package=363.158 J | dram=NA | total=363.158 J | power=282.5 W | runtime=above | checksum=OK
[STRIDED_GEMM] N=8192 threads=16 rep=5 batches=2 time=1.347 s | package=372.397 J | dram=NA | total=372.397 J | power=276.5 W | runtime=above | checksum=OK
[STRIDED_GEMM] N=8192 threads=16 rep=6 batches=2 time=1.327 s | package=369.866 J | dram=NA | total=369.866 J | power=278.8 W | runtime=above | checksum=OK
[STRIDED_GEMM] N=8192 threads=16 rep=7 batches=2 time=1.294 s | package=364.823 J | dram=NA | total=364.823 J | power=282.0 W | runtime=above | checksum=OK
[STRIDED_GEMM] N=8192 threads=16 rep=8 batches=2 time=1.293 s | package=364.756 J | dram=NA | total=364.756 J | power=282.0 W | runtime=above | checksum=OK
[STRIDED_GEMM] N=8192 threads=16 rep=9 batches=2 time=1.295 s | package=364.930 J | dram=NA | total=364.930 J | power=281.9 W | runtime=above | checksum=OK
[STRIDED_GEMM] N=8192 threads=16 rep=10 batches=2 time=1.295 s | package=365.321 J | dram=NA | total=365.321 J | power=282.0 W | runtime=above | checksum=OK
[OpenBLAS] requested=4 active=4
[STRIDED_GEMM] N=512 threads=4 rep=1 batches=1673 time=1.001 s | package=124.969 J | dram=NA | total=124.969 J | power=124.9 W | runtime=in_range | checksum=OK
[STRIDED_GEMM] N=512 threads=4 rep=2 batches=1673 time=1.003 s | package=124.739 J | dram=NA | total=124.739 J | power=124.3 W | runtime=in_range | checksum=OK
[STRIDED_GEMM] N=512 threads=4 rep=3 batches=1673 time=1.005 s | package=124.750 J | dram=NA | total=124.750 J | power=124.1 W | runtime=in_range | checksum=OK
[STRIDED_GEMM] N=512 threads=4 rep=4 batches=1673 time=1.003 s | package=124.548 J | dram=NA | total=124.548 J | power=124.1 W | runtime=in_range | checksum=OK
[STRIDED_GEMM] N=512 threads=4 rep=5 batches=1673 time=1.001 s | package=124.823 J | dram=NA | total=124.823 J | power=124.7 W | runtime=in_range | checksum=OK
[STRIDED_GEMM] N=512 threads=4 rep=6 batches=1673 time=0.998 s | package=124.267 J | dram=NA | total=124.267 J | power=124.5 W | runtime=in_range | checksum=OK
[STRIDED_GEMM] N=512 threads=4 rep=7 batches=1673 time=0.999 s | package=124.385 J | dram=NA | total=124.385 J | power=124.5 W | runtime=in_range | checksum=OK
[STRIDED_GEMM] N=512 threads=4 rep=8 batches=1673 time=1.000 s | package=124.373 J | dram=NA | total=124.373 J | power=124.4 W | runtime=in_range | checksum=OK
[STRIDED_GEMM] N=512 threads=4 rep=9 batches=1673 time=1.004 s | package=124.635 J | dram=NA | total=124.635 J | power=124.1 W | runtime=in_range | checksum=OK
[STRIDED_GEMM] N=512 threads=4 rep=10 batches=1673 time=1.001 s | package=124.796 J | dram=NA | total=124.796 J | power=124.6 W | runtime=in_range | checksum=OK
[OpenBLAS] requested=2 active=2
[STRIDED_GEMM] N=4096 threads=2 rep=1 batches=2 time=1.085 s | package=105.943 J | dram=NA | total=105.943 J | power=97.6 W | runtime=in_range | checksum=OK
[STRIDED_GEMM] N=4096 threads=2 rep=2 batches=2 time=1.084 s | package=105.901 J | dram=NA | total=105.901 J | power=97.7 W | runtime=in_range | checksum=OK
[STRIDED_GEMM] N=4096 threads=2 rep=3 batches=2 time=1.089 s | package=106.057 J | dram=NA | total=106.057 J | power=97.4 W | runtime=in_range | checksum=OK
[STRIDED_GEMM] N=4096 threads=2 rep=4 batches=2 time=1.092 s | package=106.173 J | dram=NA | total=106.173 J | power=97.2 W | runtime=in_range | checksum=OK
[STRIDED_GEMM] N=4096 threads=2 rep=5 batches=2 time=1.093 s | package=106.316 J | dram=NA | total=106.316 J | power=97.2 W | runtime=in_range | checksum=OK
[STRIDED_GEMM] N=4096 threads=2 rep=6 batches=2 time=1.090 s | package=106.161 J | dram=NA | total=106.161 J | power=97.4 W | runtime=in_range | checksum=OK
[STRIDED_GEMM] N=4096 threads=2 rep=7 batches=2 time=1.090 s | package=106.136 J | dram=NA | total=106.136 J | power=97.4 W | runtime=in_range | checksum=OK
[STRIDED_GEMM] N=4096 threads=2 rep=8 batches=2 time=1.090 s | package=106.107 J | dram=NA | total=106.107 J | power=97.3 W | runtime=in_range | checksum=OK
[STRIDED_GEMM] N=4096 threads=2 rep=9 batches=2 time=1.090 s | package=106.236 J | dram=NA | total=106.236 J | power=97.5 W | runtime=in_range | checksum=OK
[STRIDED_GEMM] N=4096 threads=2 rep=10 batches=2 time=1.217 s | package=115.121 J | dram=NA | total=115.121 J | power=94.6 W | runtime=in_range | checksum=OK
[OpenBLAS] requested=10 active=10
[STRIDED_GEMM] N=256 threads=10 rep=1 batches=10555 time=1.001 s | package=143.200 J | dram=NA | total=143.200 J | power=143.1 W | runtime=in_range | checksum=OK
[STRIDED_GEMM] N=256 threads=10 rep=2 batches=10555 time=1.011 s | package=144.252 J | dram=NA | total=144.252 J | power=142.6 W | runtime=in_range | checksum=OK
[STRIDED_GEMM] N=256 threads=10 rep=3 batches=10555 time=1.008 s | package=143.621 J | dram=NA | total=143.621 J | power=142.5 W | runtime=in_range | checksum=OK
[STRIDED_GEMM] N=256 threads=10 rep=4 batches=10555 time=1.018 s | package=144.489 J | dram=NA | total=144.489 J | power=141.9 W | runtime=in_range | checksum=OK
[STRIDED_GEMM] N=256 threads=10 rep=5 batches=10555 time=1.009 s | package=143.649 J | dram=NA | total=143.649 J | power=142.3 W | runtime=in_range | checksum=OK
[STRIDED_GEMM] N=256 threads=10 rep=6 batches=10555 time=1.009 s | package=143.772 J | dram=NA | total=143.772 J | power=142.4 W | runtime=in_range | checksum=OK
[STRIDED_GEMM] N=256 threads=10 rep=7 batches=10555 time=1.017 s | package=144.634 J | dram=NA | total=144.634 J | power=142.2 W | runtime=in_range | checksum=OK
[STRIDED_GEMM] N=256 threads=10 rep=8 batches=10555 time=1.018 s | package=144.534 J | dram=NA | total=144.534 J | power=142.0 W | runtime=in_range | checksum=OK
[STRIDED_GEMM] N=256 threads=10 rep=9 batches=10555 time=1.008 s | package=143.808 J | dram=NA | total=143.808 J | power=142.6 W | runtime=in_range | checksum=OK
[STRIDED_GEMM] N=256 threads=10 rep=10 batches=10555 time=1.019 s | package=143.817 J | dram=NA | total=143.817 J | power=141.1 W | runtime=in_range | checksum=OK
[OpenBLAS] requested=32 active=32
[STRIDED_GEMM] N=64 threads=32 rep=1 batches=162771 time=0.999 s | package=71.635 J | dram=NA | total=71.635 J | power=71.7 W | runtime=in_range | checksum=OK
[STRIDED_GEMM] N=64 threads=32 rep=2 batches=162771 time=1.000 s | package=71.720 J | dram=NA | total=71.720 J | power=71.7 W | runtime=in_range | checksum=OK
[STRIDED_GEMM] N=64 threads=32 rep=3 batches=162771 time=0.999 s | package=71.647 J | dram=NA | total=71.647 J | power=71.7 W | runtime=in_range | checksum=OK
[STRIDED_GEMM] N=64 threads=32 rep=4 batches=162771 time=1.017 s | package=72.746 J | dram=NA | total=72.746 J | power=71.5 W | runtime=in_range | checksum=OK
[STRIDED_GEMM] N=64 threads=32 rep=5 batches=162771 time=0.999 s | package=71.913 J | dram=NA | total=71.913 J | power=72.0 W | runtime=in_range | checksum=OK
[STRIDED_GEMM] N=64 threads=32 rep=6 batches=162771 time=0.997 s | package=71.588 J | dram=NA | total=71.588 J | power=71.8 W | runtime=in_range | checksum=OK
[STRIDED_GEMM] N=64 threads=32 rep=7 batches=162771 time=0.996 s | package=71.459 J | dram=NA | total=71.459 J | power=71.7 W | runtime=in_range | checksum=OK
[STRIDED_GEMM] N=64 threads=32 rep=8 batches=162771 time=0.997 s | package=71.613 J | dram=NA | total=71.613 J | power=71.8 W | runtime=in_range | checksum=OK
[STRIDED_GEMM] N=64 threads=32 rep=9 batches=162771 time=0.997 s | package=71.598 J | dram=NA | total=71.598 J | power=71.8 W | runtime=in_range | checksum=OK
[STRIDED_GEMM] N=64 threads=32 rep=10 batches=162771 time=0.997 s | package=71.494 J | dram=NA | total=71.494 J | power=71.7 W | runtime=in_range | checksum=OK
[OpenBLAS] requested=8 active=8
[STRIDED_GEMM] N=16384 threads=8 rep=1 batches=1 time=9.950 s | package=1836.673 J | dram=NA | total=1836.673 J | power=184.6 W | runtime=above | checksum=OK
[STRIDED_GEMM] N=16384 threads=8 rep=2 batches=1 time=9.863 s | package=1829.272 J | dram=NA | total=1829.272 J | power=185.5 W | runtime=above | checksum=OK
[STRIDED_GEMM] N=16384 threads=8 rep=3 batches=1 time=9.875 s | package=1828.388 J | dram=NA | total=1828.388 J | power=185.2 W | runtime=above | checksum=OK
[STRIDED_GEMM] N=16384 threads=8 rep=4 batches=1 time=9.869 s | package=1826.712 J | dram=NA | total=1826.712 J | power=185.1 W | runtime=above | checksum=OK
[STRIDED_GEMM] N=16384 threads=8 rep=5 batches=1 time=9.880 s | package=1828.469 J | dram=NA | total=1828.469 J | power=185.1 W | runtime=above | checksum=OK
[STRIDED_GEMM] N=16384 threads=8 rep=6 batches=1 time=9.854 s | package=1825.777 J | dram=NA | total=1825.777 J | power=185.3 W | runtime=above | checksum=OK
[STRIDED_GEMM] N=16384 threads=8 rep=7 batches=1 time=9.861 s | package=1827.262 J | dram=NA | total=1827.262 J | power=185.3 W | runtime=above | checksum=OK
[STRIDED_GEMM] N=16384 threads=8 rep=8 batches=1 time=9.890 s | package=1830.239 J | dram=NA | total=1830.239 J | power=185.1 W | runtime=above | checksum=OK
[STRIDED_GEMM] N=16384 threads=8 rep=9 batches=1 time=9.862 s | package=1828.295 J | dram=NA | total=1828.295 J | power=185.4 W | runtime=above | checksum=OK
[STRIDED_GEMM] N=16384 threads=8 rep=10 batches=1 time=9.849 s | package=1827.367 J | dram=NA | total=1827.367 J | power=185.5 W | runtime=above | checksum=OK
[OpenBLAS] requested=4 active=4
[STRIDED_GEMM] N=16384 threads=4 rep=1 batches=1 time=19.409 s | package=2439.955 J | dram=NA | total=2439.955 J | power=125.7 W | runtime=above | checksum=OK
[STRIDED_GEMM] N=16384 threads=4 rep=2 batches=1 time=19.408 s | package=2438.759 J | dram=NA | total=2438.759 J | power=125.7 W | runtime=above | checksum=OK
[STRIDED_GEMM] N=16384 threads=4 rep=3 batches=1 time=19.424 s | package=2438.068 J | dram=NA | total=2438.068 J | power=125.5 W | runtime=above | checksum=OK
[STRIDED_GEMM] N=16384 threads=4 rep=4 batches=1 time=19.444 s | package=2439.871 J | dram=NA | total=2439.871 J | power=125.5 W | runtime=above | checksum=OK
[STRIDED_GEMM] N=16384 threads=4 rep=5 batches=1 time=19.445 s | package=2440.617 J | dram=NA | total=2440.617 J | power=125.5 W | runtime=above | checksum=OK
[STRIDED_GEMM] N=16384 threads=4 rep=6 batches=1 time=19.404 s | package=2436.820 J | dram=NA | total=2436.820 J | power=125.6 W | runtime=above | checksum=OK
[STRIDED_GEMM] N=16384 threads=4 rep=7 batches=1 time=19.338 s | package=2439.473 J | dram=NA | total=2439.473 J | power=126.1 W | runtime=above | checksum=OK
[STRIDED_GEMM] N=16384 threads=4 rep=8 batches=1 time=19.369 s | package=2437.613 J | dram=NA | total=2437.613 J | power=125.9 W | runtime=above | checksum=OK
[STRIDED_GEMM] N=16384 threads=4 rep=9 batches=1 time=19.355 s | package=2431.784 J | dram=NA | total=2431.784 J | power=125.6 W | runtime=above | checksum=OK
[STRIDED_GEMM] N=16384 threads=4 rep=10 batches=1 time=19.368 s | package=2433.292 J | dram=NA | total=2433.292 J | power=125.6 W | runtime=above | checksum=OK
[OpenBLAS] requested=16 active=16
[STRIDED_GEMM] N=128 threads=16 rep=1 batches=92934 time=1.000 s | package=136.673 J | dram=NA | total=136.673 J | power=136.7 W | runtime=in_range | checksum=OK
[STRIDED_GEMM] N=128 threads=16 rep=2 batches=92934 time=1.011 s | package=137.548 J | dram=NA | total=137.548 J | power=136.1 W | runtime=in_range | checksum=OK
[STRIDED_GEMM] N=128 threads=16 rep=3 batches=92934 time=1.001 s | package=136.716 J | dram=NA | total=136.716 J | power=136.6 W | runtime=in_range | checksum=OK
[STRIDED_GEMM] N=128 threads=16 rep=4 batches=92934 time=1.001 s | package=136.848 J | dram=NA | total=136.848 J | power=136.7 W | runtime=in_range | checksum=OK
[STRIDED_GEMM] N=128 threads=16 rep=5 batches=92934 time=1.003 s | package=136.802 J | dram=NA | total=136.802 J | power=136.4 W | runtime=in_range | checksum=OK
[STRIDED_GEMM] N=128 threads=16 rep=6 batches=92934 time=1.003 s | package=136.930 J | dram=NA | total=136.930 J | power=136.5 W | runtime=in_range | checksum=OK
[STRIDED_GEMM] N=128 threads=16 rep=7 batches=92934 time=1.010 s | package=137.645 J | dram=NA | total=137.645 J | power=136.3 W | runtime=in_range | checksum=OK
[STRIDED_GEMM] N=128 threads=16 rep=8 batches=92934 time=1.001 s | package=136.810 J | dram=NA | total=136.810 J | power=136.6 W | runtime=in_range | checksum=OK
[STRIDED_GEMM] N=128 threads=16 rep=9 batches=92934 time=1.009 s | package=137.585 J | dram=NA | total=137.585 J | power=136.4 W | runtime=in_range | checksum=OK
[STRIDED_GEMM] N=128 threads=16 rep=10 batches=92934 time=1.014 s | package=138.001 J | dram=NA | total=138.001 J | power=136.1 W | runtime=in_range | checksum=OK
[OpenBLAS] requested=4 active=4
[STRIDED_GEMM] N=256 threads=4 rep=1 batches=11579 time=1.000 s | package=119.656 J | dram=NA | total=119.656 J | power=119.7 W | runtime=in_range | checksum=OK
[STRIDED_GEMM] N=256 threads=4 rep=2 batches=11579 time=1.009 s | package=120.155 J | dram=NA | total=120.155 J | power=119.1 W | runtime=in_range | checksum=OK
[STRIDED_GEMM] N=256 threads=4 rep=3 batches=11579 time=1.020 s | package=121.356 J | dram=NA | total=121.356 J | power=118.9 W | runtime=in_range | checksum=OK
[STRIDED_GEMM] N=256 threads=4 rep=4 batches=11579 time=1.014 s | package=120.591 J | dram=NA | total=120.591 J | power=118.9 W | runtime=in_range | checksum=OK
[STRIDED_GEMM] N=256 threads=4 rep=5 batches=11579 time=1.008 s | package=120.320 J | dram=NA | total=120.320 J | power=119.4 W | runtime=in_range | checksum=OK
[STRIDED_GEMM] N=256 threads=4 rep=6 batches=11579 time=1.001 s | package=119.500 J | dram=NA | total=119.500 J | power=119.4 W | runtime=in_range | checksum=OK
[STRIDED_GEMM] N=256 threads=4 rep=7 batches=11579 time=0.999 s | package=119.456 J | dram=NA | total=119.456 J | power=119.6 W | runtime=in_range | checksum=OK
[STRIDED_GEMM] N=256 threads=4 rep=8 batches=11579 time=1.000 s | package=119.472 J | dram=NA | total=119.472 J | power=119.5 W | runtime=in_range | checksum=OK
[STRIDED_GEMM] N=256 threads=4 rep=9 batches=11579 time=0.998 s | package=119.283 J | dram=NA | total=119.283 J | power=119.5 W | runtime=in_range | checksum=OK
[STRIDED_GEMM] N=256 threads=4 rep=10 batches=11579 time=1.006 s | package=119.757 J | dram=NA | total=119.757 J | power=119.1 W | runtime=in_range | checksum=OK
[OpenBLAS] requested=10 active=10
[STRIDED_GEMM] N=4096 threads=10 rep=1 batches=8 time=1.037 s | package=217.923 J | dram=NA | total=217.923 J | power=210.1 W | runtime=in_range | checksum=OK
[STRIDED_GEMM] N=4096 threads=10 rep=2 batches=8 time=1.047 s | package=218.863 J | dram=NA | total=218.863 J | power=209.0 W | runtime=in_range | checksum=OK
[STRIDED_GEMM] N=4096 threads=10 rep=3 batches=8 time=1.048 s | package=218.847 J | dram=NA | total=218.847 J | power=208.8 W | runtime=in_range | checksum=OK
[STRIDED_GEMM] N=4096 threads=10 rep=4 batches=8 time=1.068 s | package=221.498 J | dram=NA | total=221.498 J | power=207.5 W | runtime=in_range | checksum=OK
[STRIDED_GEMM] N=4096 threads=10 rep=5 batches=8 time=1.070 s | package=221.934 J | dram=NA | total=221.934 J | power=207.5 W | runtime=in_range | checksum=OK
[STRIDED_GEMM] N=4096 threads=10 rep=6 batches=8 time=1.069 s | package=222.410 J | dram=NA | total=222.410 J | power=208.1 W | runtime=in_range | checksum=OK
[STRIDED_GEMM] N=4096 threads=10 rep=7 batches=8 time=1.069 s | package=222.137 J | dram=NA | total=222.137 J | power=207.7 W | runtime=in_range | checksum=OK
[STRIDED_GEMM] N=4096 threads=10 rep=8 batches=8 time=1.067 s | package=221.852 J | dram=NA | total=221.852 J | power=207.9 W | runtime=in_range | checksum=OK
[STRIDED_GEMM] N=4096 threads=10 rep=9 batches=8 time=1.069 s | package=222.201 J | dram=NA | total=222.201 J | power=207.8 W | runtime=in_range | checksum=OK
[STRIDED_GEMM] N=4096 threads=10 rep=10 batches=8 time=1.068 s | package=221.963 J | dram=NA | total=221.963 J | power=207.8 W | runtime=in_range | checksum=OK
[OpenBLAS] requested=64 active=64
[STRIDED_GEMM] N=64 threads=64 rep=1 batches=159352 time=0.988 s | package=71.166 J | dram=NA | total=71.166 J | power=72.0 W | runtime=in_range | checksum=OK
[STRIDED_GEMM] N=64 threads=64 rep=2 batches=159352 time=0.986 s | package=70.945 J | dram=NA | total=70.945 J | power=72.0 W | runtime=in_range | checksum=OK
[STRIDED_GEMM] N=64 threads=64 rep=3 batches=159352 time=0.984 s | package=70.723 J | dram=NA | total=70.723 J | power=71.9 W | runtime=in_range | checksum=OK
[STRIDED_GEMM] N=64 threads=64 rep=4 batches=159352 time=0.994 s | package=71.344 J | dram=NA | total=71.344 J | power=71.8 W | runtime=in_range | checksum=OK
[STRIDED_GEMM] N=64 threads=64 rep=5 batches=159352 time=0.982 s | package=70.528 J | dram=NA | total=70.528 J | power=71.8 W | runtime=in_range | checksum=OK
[STRIDED_GEMM] N=64 threads=64 rep=6 batches=159352 time=0.982 s | package=70.479 J | dram=NA | total=70.479 J | power=71.8 W | runtime=in_range | checksum=OK
[STRIDED_GEMM] N=64 threads=64 rep=7 batches=159352 time=1.009 s | package=72.147 J | dram=NA | total=72.147 J | power=71.5 W | runtime=in_range | checksum=OK
[STRIDED_GEMM] N=64 threads=64 rep=8 batches=159352 time=0.981 s | package=70.428 J | dram=NA | total=70.428 J | power=71.8 W | runtime=in_range | checksum=OK
[STRIDED_GEMM] N=64 threads=64 rep=9 batches=159352 time=0.981 s | package=70.326 J | dram=NA | total=70.326 J | power=71.7 W | runtime=in_range | checksum=OK
[STRIDED_GEMM] N=64 threads=64 rep=10 batches=159352 time=0.980 s | package=70.236 J | dram=NA | total=70.236 J | power=71.7 W | runtime=in_range | checksum=OK
[OpenBLAS] requested=4 active=4
[STRIDED_GEMM] N=128 threads=4 rep=1 batches=77513 time=1.016 s | package=115.325 J | dram=NA | total=115.325 J | power=113.5 W | runtime=in_range | checksum=OK
[STRIDED_GEMM] N=128 threads=4 rep=2 batches=77513 time=1.018 s | package=115.544 J | dram=NA | total=115.544 J | power=113.4 W | runtime=in_range | checksum=OK
[STRIDED_GEMM] N=128 threads=4 rep=3 batches=77513 time=1.032 s | package=116.720 J | dram=NA | total=116.720 J | power=113.2 W | runtime=in_range | checksum=OK
[STRIDED_GEMM] N=128 threads=4 rep=4 batches=77513 time=1.029 s | package=116.552 J | dram=NA | total=116.552 J | power=113.3 W | runtime=in_range | checksum=OK
[STRIDED_GEMM] N=128 threads=4 rep=5 batches=77513 time=1.026 s | package=116.301 J | dram=NA | total=116.301 J | power=113.3 W | runtime=in_range | checksum=OK
[STRIDED_GEMM] N=128 threads=4 rep=6 batches=77513 time=1.028 s | package=116.426 J | dram=NA | total=116.426 J | power=113.3 W | runtime=in_range | checksum=OK
[STRIDED_GEMM] N=128 threads=4 rep=7 batches=77513 time=1.058 s | package=119.177 J | dram=NA | total=119.177 J | power=112.7 W | runtime=in_range | checksum=OK
[STRIDED_GEMM] N=128 threads=4 rep=8 batches=77513 time=1.025 s | package=116.155 J | dram=NA | total=116.155 J | power=113.4 W | runtime=in_range | checksum=OK
[STRIDED_GEMM] N=128 threads=4 rep=9 batches=77513 time=1.029 s | package=116.405 J | dram=NA | total=116.405 J | power=113.2 W | runtime=in_range | checksum=OK
[STRIDED_GEMM] N=128 threads=4 rep=10 batches=77513 time=1.026 s | package=116.096 J | dram=NA | total=116.096 J | power=113.2 W | runtime=in_range | checksum=OK
[OpenBLAS] requested=2 active=2
[STRIDED_GEMM] N=1024 threads=2 rep=1 batches=115 time=1.007 s | package=96.521 J | dram=NA | total=96.521 J | power=95.9 W | runtime=in_range | checksum=OK
[STRIDED_GEMM] N=1024 threads=2 rep=2 batches=115 time=1.016 s | package=96.965 J | dram=NA | total=96.965 J | power=95.5 W | runtime=in_range | checksum=OK
[STRIDED_GEMM] N=1024 threads=2 rep=3 batches=115 time=1.011 s | package=96.647 J | dram=NA | total=96.647 J | power=95.6 W | runtime=in_range | checksum=OK
[STRIDED_GEMM] N=1024 threads=2 rep=4 batches=115 time=1.010 s | package=97.134 J | dram=NA | total=97.134 J | power=96.2 W | runtime=in_range | checksum=OK
[STRIDED_GEMM] N=1024 threads=2 rep=5 batches=115 time=1.006 s | package=96.243 J | dram=NA | total=96.243 J | power=95.6 W | runtime=in_range | checksum=OK
[STRIDED_GEMM] N=1024 threads=2 rep=6 batches=115 time=1.009 s | package=96.355 J | dram=NA | total=96.355 J | power=95.5 W | runtime=in_range | checksum=OK
[STRIDED_GEMM] N=1024 threads=2 rep=7 batches=115 time=1.004 s | package=96.023 J | dram=NA | total=96.023 J | power=95.6 W | runtime=in_range | checksum=OK
[STRIDED_GEMM] N=1024 threads=2 rep=8 batches=115 time=1.009 s | package=96.338 J | dram=NA | total=96.338 J | power=95.5 W | runtime=in_range | checksum=OK
[STRIDED_GEMM] N=1024 threads=2 rep=9 batches=115 time=1.021 s | package=97.498 J | dram=NA | total=97.498 J | power=95.5 W | runtime=in_range | checksum=OK
[STRIDED_GEMM] N=1024 threads=2 rep=10 batches=115 time=1.020 s | package=97.129 J | dram=NA | total=97.129 J | power=95.2 W | runtime=in_range | checksum=OK
[OpenBLAS] requested=64 active=64
[STRIDED_GEMM] N=256 threads=64 rep=1 batches=13670 time=1.000 s | package=215.948 J | dram=NA | total=215.948 J | power=215.9 W | runtime=in_range | checksum=OK
[STRIDED_GEMM] N=256 threads=64 rep=2 batches=13670 time=1.005 s | package=217.328 J | dram=NA | total=217.328 J | power=216.2 W | runtime=in_range | checksum=OK
[STRIDED_GEMM] N=256 threads=64 rep=3 batches=13670 time=0.999 s | package=216.663 J | dram=NA | total=216.663 J | power=216.8 W | runtime=in_range | checksum=OK
[STRIDED_GEMM] N=256 threads=64 rep=4 batches=13670 time=1.000 s | package=216.829 J | dram=NA | total=216.829 J | power=216.8 W | runtime=in_range | checksum=OK
[STRIDED_GEMM] N=256 threads=64 rep=5 batches=13670 time=1.001 s | package=216.192 J | dram=NA | total=216.192 J | power=216.0 W | runtime=in_range | checksum=OK
[STRIDED_GEMM] N=256 threads=64 rep=6 batches=13670 time=1.001 s | package=216.590 J | dram=NA | total=216.590 J | power=216.3 W | runtime=in_range | checksum=OK
[STRIDED_GEMM] N=256 threads=64 rep=7 batches=13670 time=1.001 s | package=216.576 J | dram=NA | total=216.576 J | power=216.4 W | runtime=in_range | checksum=OK
[STRIDED_GEMM] N=256 threads=64 rep=8 batches=13670 time=1.001 s | package=216.760 J | dram=NA | total=216.760 J | power=216.5 W | runtime=in_range | checksum=OK
[STRIDED_GEMM] N=256 threads=64 rep=9 batches=13670 time=0.999 s | package=216.518 J | dram=NA | total=216.518 J | power=216.8 W | runtime=in_range | checksum=OK
[STRIDED_GEMM] N=256 threads=64 rep=10 batches=13670 time=0.998 s | package=216.971 J | dram=NA | total=216.971 J | power=217.4 W | runtime=in_range | checksum=OK
[OpenBLAS] requested=4 active=4
[STRIDED_GEMM] N=1024 threads=4 rep=1 batches=213 time=1.003 s | package=125.732 J | dram=NA | total=125.732 J | power=125.3 W | runtime=in_range | checksum=OK
[STRIDED_GEMM] N=1024 threads=4 rep=2 batches=213 time=1.003 s | package=125.343 J | dram=NA | total=125.343 J | power=124.9 W | runtime=in_range | checksum=OK
[STRIDED_GEMM] N=1024 threads=4 rep=3 batches=213 time=1.004 s | package=125.214 J | dram=NA | total=125.214 J | power=124.7 W | runtime=in_range | checksum=OK
[STRIDED_GEMM] N=1024 threads=4 rep=4 batches=213 time=1.003 s | package=125.128 J | dram=NA | total=125.128 J | power=124.8 W | runtime=in_range | checksum=OK
[STRIDED_GEMM] N=1024 threads=4 rep=5 batches=213 time=1.004 s | package=125.416 J | dram=NA | total=125.416 J | power=125.0 W | runtime=in_range | checksum=OK
[STRIDED_GEMM] N=1024 threads=4 rep=6 batches=213 time=1.172 s | package=138.746 J | dram=NA | total=138.746 J | power=118.4 W | runtime=in_range | checksum=OK
[STRIDED_GEMM] N=1024 threads=4 rep=7 batches=213 time=1.006 s | package=125.078 J | dram=NA | total=125.078 J | power=124.3 W | runtime=in_range | checksum=OK
[STRIDED_GEMM] N=1024 threads=4 rep=8 batches=213 time=1.011 s | package=125.461 J | dram=NA | total=125.461 J | power=124.1 W | runtime=in_range | checksum=OK
[STRIDED_GEMM] N=1024 threads=4 rep=9 batches=213 time=1.008 s | package=125.204 J | dram=NA | total=125.204 J | power=124.3 W | runtime=in_range | checksum=OK
[STRIDED_GEMM] N=1024 threads=4 rep=10 batches=213 time=1.013 s | package=125.637 J | dram=NA | total=125.637 J | power=124.0 W | runtime=in_range | checksum=OK
[OpenBLAS] requested=10 active=10
[STRIDED_GEMM] N=128 threads=10 rep=1 batches=91656 time=0.999 s | package=136.129 J | dram=NA | total=136.129 J | power=136.3 W | runtime=in_range | checksum=OK
[STRIDED_GEMM] N=128 threads=10 rep=2 batches=91656 time=0.999 s | package=136.147 J | dram=NA | total=136.147 J | power=136.2 W | runtime=in_range | checksum=OK
[STRIDED_GEMM] N=128 threads=10 rep=3 batches=91656 time=0.999 s | package=136.083 J | dram=NA | total=136.083 J | power=136.2 W | runtime=in_range | checksum=OK
[STRIDED_GEMM] N=128 threads=10 rep=4 batches=91656 time=0.999 s | package=136.163 J | dram=NA | total=136.163 J | power=136.4 W | runtime=in_range | checksum=OK
[STRIDED_GEMM] N=128 threads=10 rep=5 batches=91656 time=1.000 s | package=136.116 J | dram=NA | total=136.116 J | power=136.2 W | runtime=in_range | checksum=OK
[STRIDED_GEMM] N=128 threads=10 rep=6 batches=91656 time=1.002 s | package=136.371 J | dram=NA | total=136.371 J | power=136.1 W | runtime=in_range | checksum=OK
[STRIDED_GEMM] N=128 threads=10 rep=7 batches=91656 time=1.002 s | package=136.335 J | dram=NA | total=136.335 J | power=136.1 W | runtime=in_range | checksum=OK
[STRIDED_GEMM] N=128 threads=10 rep=8 batches=91656 time=1.009 s | package=136.987 J | dram=NA | total=136.987 J | power=135.7 W | runtime=in_range | checksum=OK
[STRIDED_GEMM] N=128 threads=10 rep=9 batches=91656 time=1.001 s | package=136.240 J | dram=NA | total=136.240 J | power=136.1 W | runtime=in_range | checksum=OK
[STRIDED_GEMM] N=128 threads=10 rep=10 batches=91656 time=0.999 s | package=136.202 J | dram=NA | total=136.202 J | power=136.3 W | runtime=in_range | checksum=OK
[OpenBLAS] requested=8 active=8
[STRIDED_GEMM] N=8192 threads=8 rep=1 batches=1 time=1.168 s | package=221.796 J | dram=NA | total=221.796 J | power=190.0 W | runtime=in_range | checksum=OK
[STRIDED_GEMM] N=8192 threads=8 rep=2 batches=1 time=1.172 s | package=222.308 J | dram=NA | total=222.308 J | power=189.7 W | runtime=in_range | checksum=OK
[STRIDED_GEMM] N=8192 threads=8 rep=3 batches=1 time=1.173 s | package=222.550 J | dram=NA | total=222.550 J | power=189.7 W | runtime=in_range | checksum=OK
[STRIDED_GEMM] N=8192 threads=8 rep=4 batches=1 time=1.174 s | package=222.845 J | dram=NA | total=222.845 J | power=189.8 W | runtime=in_range | checksum=OK
[STRIDED_GEMM] N=8192 threads=8 rep=5 batches=1 time=1.170 s | package=222.353 J | dram=NA | total=222.353 J | power=190.1 W | runtime=in_range | checksum=OK
[STRIDED_GEMM] N=8192 threads=8 rep=6 batches=1 time=1.176 s | package=222.948 J | dram=NA | total=222.948 J | power=189.6 W | runtime=in_range | checksum=OK
[STRIDED_GEMM] N=8192 threads=8 rep=7 batches=1 time=1.173 s | package=222.785 J | dram=NA | total=222.785 J | power=189.9 W | runtime=in_range | checksum=OK
[STRIDED_GEMM] N=8192 threads=8 rep=8 batches=1 time=1.175 s | package=222.991 J | dram=NA | total=222.991 J | power=189.7 W | runtime=in_range | checksum=OK
[STRIDED_GEMM] N=8192 threads=8 rep=9 batches=1 time=1.179 s | package=223.115 J | dram=NA | total=223.115 J | power=189.3 W | runtime=in_range | checksum=OK
[STRIDED_GEMM] N=8192 threads=8 rep=10 batches=1 time=1.175 s | package=223.214 J | dram=NA | total=223.214 J | power=189.9 W | runtime=in_range | checksum=OK
[OpenBLAS] requested=2 active=2
[STRIDED_GEMM] N=2048 threads=2 rep=1 batches=15 time=1.041 s | package=101.036 J | dram=NA | total=101.036 J | power=97.1 W | runtime=in_range | checksum=OK
[STRIDED_GEMM] N=2048 threads=2 rep=2 batches=15 time=1.052 s | package=101.597 J | dram=NA | total=101.597 J | power=96.5 W | runtime=in_range | checksum=OK
[STRIDED_GEMM] N=2048 threads=2 rep=3 batches=15 time=1.045 s | package=101.115 J | dram=NA | total=101.115 J | power=96.8 W | runtime=in_range | checksum=OK
[STRIDED_GEMM] N=2048 threads=2 rep=4 batches=15 time=1.051 s | package=101.423 J | dram=NA | total=101.423 J | power=96.5 W | runtime=in_range | checksum=OK
[STRIDED_GEMM] N=2048 threads=2 rep=5 batches=15 time=1.055 s | package=101.634 J | dram=NA | total=101.634 J | power=96.3 W | runtime=in_range | checksum=OK
[STRIDED_GEMM] N=2048 threads=2 rep=6 batches=15 time=1.051 s | package=101.303 J | dram=NA | total=101.303 J | power=96.4 W | runtime=in_range | checksum=OK
[STRIDED_GEMM] N=2048 threads=2 rep=7 batches=15 time=1.076 s | package=103.457 J | dram=NA | total=103.457 J | power=96.1 W | runtime=in_range | checksum=OK
[STRIDED_GEMM] N=2048 threads=2 rep=8 batches=15 time=1.050 s | package=101.255 J | dram=NA | total=101.255 J | power=96.4 W | runtime=in_range | checksum=OK
[STRIDED_GEMM] N=2048 threads=2 rep=9 batches=15 time=1.047 s | package=101.033 J | dram=NA | total=101.033 J | power=96.5 W | runtime=in_range | checksum=OK
[STRIDED_GEMM] N=2048 threads=2 rep=10 batches=15 time=1.046 s | package=101.102 J | dram=NA | total=101.102 J | power=96.7 W | runtime=in_range | checksum=OK
[OpenBLAS] requested=32 active=32
[STRIDED_GEMM] N=16384 threads=32 rep=1 batches=1 time=3.474 s | package=988.259 J | dram=NA | total=988.259 J | power=284.4 W | runtime=above | checksum=OK
[STRIDED_GEMM] N=16384 threads=32 rep=2 batches=1 time=3.430 s | package=975.939 J | dram=NA | total=975.939 J | power=284.5 W | runtime=above | checksum=OK
[STRIDED_GEMM] N=16384 threads=32 rep=3 batches=1 time=3.532 s | package=1007.128 J | dram=NA | total=1007.128 J | power=285.1 W | runtime=above | checksum=OK
[STRIDED_GEMM] N=16384 threads=32 rep=4 batches=1 time=3.469 s | package=987.749 J | dram=NA | total=987.749 J | power=284.8 W | runtime=above | checksum=OK
[STRIDED_GEMM] N=16384 threads=32 rep=5 batches=1 time=3.470 s | package=989.038 J | dram=NA | total=989.038 J | power=285.0 W | runtime=above | checksum=OK
[STRIDED_GEMM] N=16384 threads=32 rep=6 batches=1 time=3.364 s | package=959.151 J | dram=NA | total=959.151 J | power=285.1 W | runtime=above | checksum=OK
[STRIDED_GEMM] N=16384 threads=32 rep=7 batches=1 time=3.379 s | package=962.221 J | dram=NA | total=962.221 J | power=284.8 W | runtime=above | checksum=OK
[STRIDED_GEMM] N=16384 threads=32 rep=8 batches=1 time=3.464 s | package=987.554 J | dram=NA | total=987.554 J | power=285.1 W | runtime=above | checksum=OK
[STRIDED_GEMM] N=16384 threads=32 rep=9 batches=1 time=3.551 s | package=1005.886 J | dram=NA | total=1005.886 J | power=283.3 W | runtime=above | checksum=OK
[STRIDED_GEMM] N=16384 threads=32 rep=10 batches=1 time=3.662 s | package=1043.917 J | dram=NA | total=1043.917 J | power=285.0 W | runtime=above | checksum=OK
[OpenBLAS] requested=64 active=64
[STRIDED_GEMM] N=1024 threads=64 rep=1 batches=551 time=1.004 s | package=287.990 J | dram=NA | total=287.990 J | power=287.0 W | runtime=in_range | checksum=OK
[STRIDED_GEMM] N=1024 threads=64 rep=2 batches=551 time=1.006 s | package=289.476 J | dram=NA | total=289.476 J | power=287.7 W | runtime=in_range | checksum=OK
[STRIDED_GEMM] N=1024 threads=64 rep=3 batches=551 time=1.004 s | package=288.430 J | dram=NA | total=288.430 J | power=287.4 W | runtime=in_range | checksum=OK
[STRIDED_GEMM] N=1024 threads=64 rep=4 batches=551 time=1.004 s | package=288.982 J | dram=NA | total=288.982 J | power=287.8 W | runtime=in_range | checksum=OK
[STRIDED_GEMM] N=1024 threads=64 rep=5 batches=551 time=1.007 s | package=289.509 J | dram=NA | total=289.509 J | power=287.5 W | runtime=in_range | checksum=OK
[STRIDED_GEMM] N=1024 threads=64 rep=6 batches=551 time=1.004 s | package=288.200 J | dram=NA | total=288.200 J | power=287.1 W | runtime=in_range | checksum=OK
[STRIDED_GEMM] N=1024 threads=64 rep=7 batches=551 time=1.006 s | package=289.474 J | dram=NA | total=289.474 J | power=287.7 W | runtime=in_range | checksum=OK
[STRIDED_GEMM] N=1024 threads=64 rep=8 batches=551 time=1.004 s | package=287.941 J | dram=NA | total=287.941 J | power=286.9 W | runtime=in_range | checksum=OK
[STRIDED_GEMM] N=1024 threads=64 rep=9 batches=551 time=1.006 s | package=289.510 J | dram=NA | total=289.510 J | power=287.8 W | runtime=in_range | checksum=OK
[STRIDED_GEMM] N=1024 threads=64 rep=10 batches=551 time=1.004 s | package=288.164 J | dram=NA | total=288.164 J | power=287.1 W | runtime=in_range | checksum=OK
[OpenBLAS] requested=16 active=16
[STRIDED_GEMM] N=256 threads=16 rep=1 batches=13897 time=1.008 s | package=174.913 J | dram=NA | total=174.913 J | power=173.5 W | runtime=in_range | checksum=OK
[STRIDED_GEMM] N=256 threads=16 rep=2 batches=13897 time=1.018 s | package=175.688 J | dram=NA | total=175.688 J | power=172.6 W | runtime=in_range | checksum=OK
[STRIDED_GEMM] N=256 threads=16 rep=3 batches=13897 time=1.012 s | package=174.722 J | dram=NA | total=174.722 J | power=172.7 W | runtime=in_range | checksum=OK
[STRIDED_GEMM] N=256 threads=16 rep=4 batches=13897 time=1.012 s | package=174.517 J | dram=NA | total=174.517 J | power=172.5 W | runtime=in_range | checksum=OK
[STRIDED_GEMM] N=256 threads=16 rep=5 batches=13897 time=1.010 s | package=174.575 J | dram=NA | total=174.575 J | power=172.9 W | runtime=in_range | checksum=OK
[STRIDED_GEMM] N=256 threads=16 rep=6 batches=13897 time=1.008 s | package=174.421 J | dram=NA | total=174.421 J | power=173.0 W | runtime=in_range | checksum=OK
[STRIDED_GEMM] N=256 threads=16 rep=7 batches=13897 time=1.015 s | package=175.197 J | dram=NA | total=175.197 J | power=172.6 W | runtime=in_range | checksum=OK
[STRIDED_GEMM] N=256 threads=16 rep=8 batches=13897 time=1.016 s | package=175.458 J | dram=NA | total=175.458 J | power=172.7 W | runtime=in_range | checksum=OK
[STRIDED_GEMM] N=256 threads=16 rep=9 batches=13897 time=1.014 s | package=175.233 J | dram=NA | total=175.233 J | power=172.9 W | runtime=in_range | checksum=OK
[STRIDED_GEMM] N=256 threads=16 rep=10 batches=13897 time=1.007 s | package=174.150 J | dram=NA | total=174.150 J | power=173.0 W | runtime=in_range | checksum=OK
[OpenBLAS] requested=64 active=64
[STRIDED_GEMM] N=2048 threads=64 rep=1 batches=119 time=1.006 s | package=242.021 J | dram=NA | total=242.021 J | power=240.5 W | runtime=in_range | checksum=OK
[STRIDED_GEMM] N=2048 threads=64 rep=2 batches=119 time=1.008 s | package=242.368 J | dram=NA | total=242.368 J | power=240.5 W | runtime=in_range | checksum=OK
[STRIDED_GEMM] N=2048 threads=64 rep=3 batches=119 time=1.015 s | package=244.658 J | dram=NA | total=244.658 J | power=241.0 W | runtime=in_range | checksum=OK
[STRIDED_GEMM] N=2048 threads=64 rep=4 batches=119 time=1.005 s | package=241.563 J | dram=NA | total=241.563 J | power=240.4 W | runtime=in_range | checksum=OK
[STRIDED_GEMM] N=2048 threads=64 rep=5 batches=119 time=1.006 s | package=242.474 J | dram=NA | total=242.474 J | power=241.0 W | runtime=in_range | checksum=OK
[STRIDED_GEMM] N=2048 threads=64 rep=6 batches=119 time=1.005 s | package=241.240 J | dram=NA | total=241.240 J | power=240.1 W | runtime=in_range | checksum=OK
[STRIDED_GEMM] N=2048 threads=64 rep=7 batches=119 time=1.006 s | package=241.780 J | dram=NA | total=241.780 J | power=240.4 W | runtime=in_range | checksum=OK
[STRIDED_GEMM] N=2048 threads=64 rep=8 batches=119 time=1.006 s | package=241.775 J | dram=NA | total=241.775 J | power=240.3 W | runtime=in_range | checksum=OK
[STRIDED_GEMM] N=2048 threads=64 rep=9 batches=119 time=1.007 s | package=242.256 J | dram=NA | total=242.256 J | power=240.6 W | runtime=in_range | checksum=OK
[STRIDED_GEMM] N=2048 threads=64 rep=10 batches=119 time=1.006 s | package=242.325 J | dram=NA | total=242.325 J | power=240.8 W | runtime=in_range | checksum=OK
[OpenBLAS] requested=8 active=8
[STRIDED_GEMM] N=256 threads=8 rep=1 batches=11104 time=0.999 s | package=135.165 J | dram=NA | total=135.165 J | power=135.2 W | runtime=in_range | checksum=OK
[STRIDED_GEMM] N=256 threads=8 rep=2 batches=11104 time=1.007 s | package=135.996 J | dram=NA | total=135.996 J | power=135.0 W | runtime=in_range | checksum=OK
[STRIDED_GEMM] N=256 threads=8 rep=3 batches=11104 time=0.999 s | package=135.062 J | dram=NA | total=135.062 J | power=135.2 W | runtime=in_range | checksum=OK
[STRIDED_GEMM] N=256 threads=8 rep=4 batches=11104 time=0.999 s | package=134.765 J | dram=NA | total=134.765 J | power=134.9 W | runtime=in_range | checksum=OK
[STRIDED_GEMM] N=256 threads=8 rep=5 batches=11104 time=1.008 s | package=135.439 J | dram=NA | total=135.439 J | power=134.4 W | runtime=in_range | checksum=OK
[STRIDED_GEMM] N=256 threads=8 rep=6 batches=11104 time=0.999 s | package=134.623 J | dram=NA | total=134.623 J | power=134.7 W | runtime=in_range | checksum=OK
[STRIDED_GEMM] N=256 threads=8 rep=7 batches=11104 time=0.998 s | package=134.607 J | dram=NA | total=134.607 J | power=134.8 W | runtime=in_range | checksum=OK
[STRIDED_GEMM] N=256 threads=8 rep=8 batches=11104 time=0.998 s | package=134.448 J | dram=NA | total=134.448 J | power=134.7 W | runtime=in_range | checksum=OK
[STRIDED_GEMM] N=256 threads=8 rep=9 batches=11104 time=1.000 s | package=134.591 J | dram=NA | total=134.591 J | power=134.6 W | runtime=in_range | checksum=OK
[STRIDED_GEMM] N=256 threads=8 rep=10 batches=11104 time=1.000 s | package=134.640 J | dram=NA | total=134.640 J | power=134.6 W | runtime=in_range | checksum=OK
[OpenBLAS] requested=32 active=32
[STRIDED_GEMM] N=128 threads=32 rep=1 batches=58361 time=0.998 s | package=120.021 J | dram=NA | total=120.021 J | power=120.2 W | runtime=in_range | checksum=OK
[STRIDED_GEMM] N=128 threads=32 rep=2 batches=58361 time=1.003 s | package=120.396 J | dram=NA | total=120.396 J | power=120.1 W | runtime=in_range | checksum=OK
[STRIDED_GEMM] N=128 threads=32 rep=3 batches=58361 time=1.000 s | package=120.056 J | dram=NA | total=120.056 J | power=120.1 W | runtime=in_range | checksum=OK
[STRIDED_GEMM] N=128 threads=32 rep=4 batches=58361 time=1.011 s | package=121.112 J | dram=NA | total=121.112 J | power=119.8 W | runtime=in_range | checksum=OK
[STRIDED_GEMM] N=128 threads=32 rep=5 batches=58361 time=1.004 s | package=120.311 J | dram=NA | total=120.311 J | power=119.9 W | runtime=in_range | checksum=OK
[STRIDED_GEMM] N=128 threads=32 rep=6 batches=58361 time=1.013 s | package=121.334 J | dram=NA | total=121.334 J | power=119.7 W | runtime=in_range | checksum=OK
[STRIDED_GEMM] N=128 threads=32 rep=7 batches=58361 time=1.005 s | package=120.418 J | dram=NA | total=120.418 J | power=119.8 W | runtime=in_range | checksum=OK
[STRIDED_GEMM] N=128 threads=32 rep=8 batches=58361 time=1.001 s | package=119.997 J | dram=NA | total=119.997 J | power=119.8 W | runtime=in_range | checksum=OK
[STRIDED_GEMM] N=128 threads=32 rep=9 batches=58361 time=1.003 s | package=120.210 J | dram=NA | total=120.210 J | power=119.9 W | runtime=in_range | checksum=OK
[STRIDED_GEMM] N=128 threads=32 rep=10 batches=58361 time=1.004 s | package=120.348 J | dram=NA | total=120.348 J | power=119.9 W | runtime=in_range | checksum=OK
[OpenBLAS] requested=4 active=4
[STRIDED_GEMM] N=4096 threads=4 rep=1 batches=4 time=1.149 s | package=148.830 J | dram=NA | total=148.830 J | power=129.5 W | runtime=in_range | checksum=OK
[STRIDED_GEMM] N=4096 threads=4 rep=2 batches=4 time=1.153 s | package=148.456 J | dram=NA | total=148.456 J | power=128.7 W | runtime=in_range | checksum=OK
[STRIDED_GEMM] N=4096 threads=4 rep=3 batches=4 time=1.157 s | package=148.741 J | dram=NA | total=148.741 J | power=128.6 W | runtime=in_range | checksum=OK
[STRIDED_GEMM] N=4096 threads=4 rep=4 batches=4 time=1.150 s | package=148.293 J | dram=NA | total=148.293 J | power=129.0 W | runtime=in_range | checksum=OK
[STRIDED_GEMM] N=4096 threads=4 rep=5 batches=4 time=1.152 s | package=148.519 J | dram=NA | total=148.519 J | power=128.9 W | runtime=in_range | checksum=OK
[STRIDED_GEMM] N=4096 threads=4 rep=6 batches=4 time=1.161 s | package=149.003 J | dram=NA | total=149.003 J | power=128.3 W | runtime=in_range | checksum=OK
[STRIDED_GEMM] N=4096 threads=4 rep=7 batches=4 time=1.155 s | package=148.495 J | dram=NA | total=148.495 J | power=128.6 W | runtime=in_range | checksum=OK
[STRIDED_GEMM] N=4096 threads=4 rep=8 batches=4 time=1.157 s | package=148.658 J | dram=NA | total=148.658 J | power=128.4 W | runtime=in_range | checksum=OK
[STRIDED_GEMM] N=4096 threads=4 rep=9 batches=4 time=1.149 s | package=148.049 J | dram=NA | total=148.049 J | power=128.8 W | runtime=in_range | checksum=OK
[STRIDED_GEMM] N=4096 threads=4 rep=10 batches=4 time=1.150 s | package=148.090 J | dram=NA | total=148.090 J | power=128.7 W | runtime=in_range | checksum=OK
[OpenBLAS] requested=10 active=10
[STRIDED_GEMM] N=8192 threads=10 rep=1 batches=1 time=1.014 s | package=216.323 J | dram=NA | total=216.323 J | power=213.3 W | runtime=in_range | checksum=OK
[STRIDED_GEMM] N=8192 threads=10 rep=2 batches=1 time=1.019 s | package=216.636 J | dram=NA | total=216.636 J | power=212.6 W | runtime=in_range | checksum=OK
[STRIDED_GEMM] N=8192 threads=10 rep=3 batches=1 time=1.020 s | package=216.785 J | dram=NA | total=216.785 J | power=212.5 W | runtime=in_range | checksum=OK
[STRIDED_GEMM] N=8192 threads=10 rep=4 batches=1 time=1.017 s | package=216.213 J | dram=NA | total=216.213 J | power=212.6 W | runtime=in_range | checksum=OK
[STRIDED_GEMM] N=8192 threads=10 rep=5 batches=1 time=1.018 s | package=216.305 J | dram=NA | total=216.305 J | power=212.4 W | runtime=in_range | checksum=OK
[STRIDED_GEMM] N=8192 threads=10 rep=6 batches=1 time=1.018 s | package=216.331 J | dram=NA | total=216.331 J | power=212.4 W | runtime=in_range | checksum=OK
[STRIDED_GEMM] N=8192 threads=10 rep=7 batches=1 time=1.022 s | package=216.696 J | dram=NA | total=216.696 J | power=212.0 W | runtime=in_range | checksum=OK
[STRIDED_GEMM] N=8192 threads=10 rep=8 batches=1 time=1.021 s | package=216.522 J | dram=NA | total=216.522 J | power=212.1 W | runtime=in_range | checksum=OK
[STRIDED_GEMM] N=8192 threads=10 rep=9 batches=1 time=1.019 s | package=216.213 J | dram=NA | total=216.213 J | power=212.1 W | runtime=in_range | checksum=OK
[STRIDED_GEMM] N=8192 threads=10 rep=10 batches=1 time=1.020 s | package=216.356 J | dram=NA | total=216.356 J | power=212.2 W | runtime=in_range | checksum=OK
[OpenBLAS] requested=64 active=64
[STRIDED_GEMM] N=4096 threads=64 rep=1 batches=17 time=1.061 s | package=253.932 J | dram=NA | total=253.932 J | power=239.4 W | runtime=in_range | checksum=OK
[STRIDED_GEMM] N=4096 threads=64 rep=2 batches=17 time=1.026 s | package=248.326 J | dram=NA | total=248.326 J | power=242.0 W | runtime=in_range | checksum=OK
[STRIDED_GEMM] N=4096 threads=64 rep=3 batches=17 time=1.024 s | package=249.034 J | dram=NA | total=249.034 J | power=243.1 W | runtime=in_range | checksum=OK
[STRIDED_GEMM] N=4096 threads=64 rep=4 batches=17 time=1.023 s | package=247.991 J | dram=NA | total=247.991 J | power=242.4 W | runtime=in_range | checksum=OK
[STRIDED_GEMM] N=4096 threads=64 rep=5 batches=17 time=1.023 s | package=248.042 J | dram=NA | total=248.042 J | power=242.5 W | runtime=in_range | checksum=OK
[STRIDED_GEMM] N=4096 threads=64 rep=6 batches=17 time=1.023 s | package=248.799 J | dram=NA | total=248.799 J | power=243.3 W | runtime=in_range | checksum=OK
[STRIDED_GEMM] N=4096 threads=64 rep=7 batches=17 time=1.024 s | package=248.519 J | dram=NA | total=248.519 J | power=242.8 W | runtime=in_range | checksum=OK
[STRIDED_GEMM] N=4096 threads=64 rep=8 batches=17 time=1.023 s | package=248.472 J | dram=NA | total=248.472 J | power=242.9 W | runtime=in_range | checksum=OK
[STRIDED_GEMM] N=4096 threads=64 rep=9 batches=17 time=1.023 s | package=248.436 J | dram=NA | total=248.436 J | power=242.9 W | runtime=in_range | checksum=OK
[STRIDED_GEMM] N=4096 threads=64 rep=10 batches=17 time=1.023 s | package=249.377 J | dram=NA | total=249.377 J | power=243.9 W | runtime=in_range | checksum=OK
[OpenBLAS] requested=8 active=8
[STRIDED_GEMM] N=2048 threads=8 rep=1 batches=46 time=1.045 s | package=180.322 J | dram=NA | total=180.322 J | power=172.5 W | runtime=in_range | checksum=OK
[STRIDED_GEMM] N=2048 threads=8 rep=2 batches=46 time=1.046 s | package=179.757 J | dram=NA | total=179.757 J | power=171.8 W | runtime=in_range | checksum=OK
[STRIDED_GEMM] N=2048 threads=8 rep=3 batches=46 time=1.035 s | package=178.739 J | dram=NA | total=178.739 J | power=172.6 W | runtime=in_range | checksum=OK
[STRIDED_GEMM] N=2048 threads=8 rep=4 batches=46 time=1.032 s | package=178.559 J | dram=NA | total=178.559 J | power=173.0 W | runtime=in_range | checksum=OK
[STRIDED_GEMM] N=2048 threads=8 rep=5 batches=46 time=1.029 s | package=178.147 J | dram=NA | total=178.147 J | power=173.1 W | runtime=in_range | checksum=OK
[STRIDED_GEMM] N=2048 threads=8 rep=6 batches=46 time=1.035 s | package=178.697 J | dram=NA | total=178.697 J | power=172.7 W | runtime=in_range | checksum=OK
[STRIDED_GEMM] N=2048 threads=8 rep=7 batches=46 time=1.042 s | package=179.220 J | dram=NA | total=179.220 J | power=172.0 W | runtime=in_range | checksum=OK
[STRIDED_GEMM] N=2048 threads=8 rep=8 batches=46 time=1.039 s | package=179.023 J | dram=NA | total=179.023 J | power=172.2 W | runtime=in_range | checksum=OK
[STRIDED_GEMM] N=2048 threads=8 rep=9 batches=46 time=1.036 s | package=178.611 J | dram=NA | total=178.611 J | power=172.3 W | runtime=in_range | checksum=OK
[STRIDED_GEMM] N=2048 threads=8 rep=10 batches=46 time=1.045 s | package=179.701 J | dram=NA | total=179.701 J | power=172.0 W | runtime=in_range | checksum=OK
[OpenBLAS] requested=2 active=2
[STRIDED_GEMM] N=256 threads=2 rep=1 batches=6434 time=1.003 s | package=92.734 J | dram=NA | total=92.734 J | power=92.4 W | runtime=in_range | checksum=OK
[STRIDED_GEMM] N=256 threads=2 rep=2 batches=6434 time=1.013 s | package=93.378 J | dram=NA | total=93.378 J | power=92.2 W | runtime=in_range | checksum=OK
[STRIDED_GEMM] N=256 threads=2 rep=3 batches=6434 time=1.011 s | package=94.376 J | dram=NA | total=94.376 J | power=93.4 W | runtime=in_range | checksum=OK
[STRIDED_GEMM] N=256 threads=2 rep=4 batches=6434 time=1.008 s | package=94.160 J | dram=NA | total=94.160 J | power=93.4 W | runtime=in_range | checksum=OK
[STRIDED_GEMM] N=256 threads=2 rep=5 batches=6434 time=1.012 s | package=95.616 J | dram=NA | total=95.616 J | power=94.5 W | runtime=in_range | checksum=OK
[STRIDED_GEMM] N=256 threads=2 rep=6 batches=6434 time=1.008 s | package=95.271 J | dram=NA | total=95.271 J | power=94.5 W | runtime=in_range | checksum=OK
[STRIDED_GEMM] N=256 threads=2 rep=7 batches=6434 time=1.015 s | package=95.714 J | dram=NA | total=95.714 J | power=94.3 W | runtime=in_range | checksum=OK
[STRIDED_GEMM] N=256 threads=2 rep=8 batches=6434 time=1.015 s | package=95.648 J | dram=NA | total=95.648 J | power=94.3 W | runtime=in_range | checksum=OK
[STRIDED_GEMM] N=256 threads=2 rep=9 batches=6434 time=1.014 s | package=95.673 J | dram=NA | total=95.673 J | power=94.3 W | runtime=in_range | checksum=OK
[STRIDED_GEMM] N=256 threads=2 rep=10 batches=6434 time=1.010 s | package=95.515 J | dram=NA | total=95.515 J | power=94.5 W | runtime=in_range | checksum=OK
[OpenBLAS] requested=32 active=32
[STRIDED_GEMM] N=8192 threads=32 rep=1 batches=3 time=1.379 s | package=389.836 J | dram=NA | total=389.836 J | power=282.7 W | runtime=above | checksum=OK
[STRIDED_GEMM] N=8192 threads=32 rep=2 batches=3 time=1.381 s | package=389.182 J | dram=NA | total=389.182 J | power=281.9 W | runtime=above | checksum=OK
[STRIDED_GEMM] N=8192 threads=32 rep=3 batches=3 time=1.378 s | package=389.037 J | dram=NA | total=389.037 J | power=282.3 W | runtime=above | checksum=OK
[STRIDED_GEMM] N=8192 threads=32 rep=4 batches=3 time=1.377 s | package=389.083 J | dram=NA | total=389.083 J | power=282.6 W | runtime=above | checksum=OK
[STRIDED_GEMM] N=8192 threads=32 rep=5 batches=3 time=1.377 s | package=389.507 J | dram=NA | total=389.507 J | power=282.9 W | runtime=above | checksum=OK
[STRIDED_GEMM] N=8192 threads=32 rep=6 batches=3 time=1.376 s | package=389.173 J | dram=NA | total=389.173 J | power=282.8 W | runtime=above | checksum=OK
[STRIDED_GEMM] N=8192 threads=32 rep=7 batches=3 time=1.376 s | package=389.743 J | dram=NA | total=389.743 J | power=283.3 W | runtime=above | checksum=OK
[STRIDED_GEMM] N=8192 threads=32 rep=8 batches=3 time=1.378 s | package=390.943 J | dram=NA | total=390.943 J | power=283.6 W | runtime=above | checksum=OK
[STRIDED_GEMM] N=8192 threads=32 rep=9 batches=3 time=1.377 s | package=391.281 J | dram=NA | total=391.281 J | power=284.1 W | runtime=above | checksum=OK
[STRIDED_GEMM] N=8192 threads=32 rep=10 batches=3 time=1.379 s | package=391.752 J | dram=NA | total=391.752 J | power=284.1 W | runtime=above | checksum=OK
[OpenBLAS] requested=16 active=16
[STRIDED_GEMM] N=2048 threads=16 rep=1 batches=85 time=1.014 s | package=266.454 J | dram=NA | total=266.454 J | power=262.8 W | runtime=in_range | checksum=OK
[STRIDED_GEMM] N=2048 threads=16 rep=2 batches=85 time=1.024 s | package=267.666 J | dram=NA | total=267.666 J | power=261.5 W | runtime=in_range | checksum=OK
[STRIDED_GEMM] N=2048 threads=16 rep=3 batches=85 time=1.016 s | package=266.854 J | dram=NA | total=266.854 J | power=262.6 W | runtime=in_range | checksum=OK
[STRIDED_GEMM] N=2048 threads=16 rep=4 batches=85 time=1.013 s | package=266.548 J | dram=NA | total=266.548 J | power=263.1 W | runtime=in_range | checksum=OK
[STRIDED_GEMM] N=2048 threads=16 rep=5 batches=85 time=1.012 s | package=266.558 J | dram=NA | total=266.558 J | power=263.4 W | runtime=in_range | checksum=OK
[STRIDED_GEMM] N=2048 threads=16 rep=6 batches=85 time=1.012 s | package=266.715 J | dram=NA | total=266.715 J | power=263.6 W | runtime=in_range | checksum=OK
[STRIDED_GEMM] N=2048 threads=16 rep=7 batches=85 time=1.012 s | package=266.697 J | dram=NA | total=266.697 J | power=263.7 W | runtime=in_range | checksum=OK
[STRIDED_GEMM] N=2048 threads=16 rep=8 batches=85 time=1.015 s | package=266.963 J | dram=NA | total=266.963 J | power=263.1 W | runtime=in_range | checksum=OK
[STRIDED_GEMM] N=2048 threads=16 rep=9 batches=85 time=1.021 s | package=267.698 J | dram=NA | total=267.698 J | power=262.1 W | runtime=in_range | checksum=OK
[STRIDED_GEMM] N=2048 threads=16 rep=10 batches=85 time=1.017 s | package=267.341 J | dram=NA | total=267.341 J | power=262.9 W | runtime=in_range | checksum=OK
[OpenBLAS] requested=10 active=10
[STRIDED_GEMM] N=16384 threads=10 rep=1 batches=1 time=8.287 s | package=1749.141 J | dram=NA | total=1749.141 J | power=211.1 W | runtime=above | checksum=OK
[STRIDED_GEMM] N=16384 threads=10 rep=2 batches=1 time=8.487 s | package=1768.287 J | dram=NA | total=1768.287 J | power=208.3 W | runtime=above | checksum=OK
[STRIDED_GEMM] N=16384 threads=10 rep=3 batches=1 time=8.306 s | package=1754.464 J | dram=NA | total=1754.464 J | power=211.2 W | runtime=above | checksum=OK
[STRIDED_GEMM] N=16384 threads=10 rep=4 batches=1 time=8.293 s | package=1749.693 J | dram=NA | total=1749.693 J | power=211.0 W | runtime=above | checksum=OK
[STRIDED_GEMM] N=16384 threads=10 rep=5 batches=1 time=8.312 s | package=1751.213 J | dram=NA | total=1751.213 J | power=210.7 W | runtime=above | checksum=OK
[STRIDED_GEMM] N=16384 threads=10 rep=6 batches=1 time=8.320 s | package=1751.631 J | dram=NA | total=1751.631 J | power=210.5 W | runtime=above | checksum=OK
[STRIDED_GEMM] N=16384 threads=10 rep=7 batches=1 time=8.329 s | package=1752.627 J | dram=NA | total=1752.627 J | power=210.4 W | runtime=above | checksum=OK
[STRIDED_GEMM] N=16384 threads=10 rep=8 batches=1 time=8.321 s | package=1751.902 J | dram=NA | total=1751.902 J | power=210.5 W | runtime=above | checksum=OK
[STRIDED_GEMM] N=16384 threads=10 rep=9 batches=1 time=8.342 s | package=1755.028 J | dram=NA | total=1755.028 J | power=210.4 W | runtime=above | checksum=OK
[STRIDED_GEMM] N=16384 threads=10 rep=10 batches=1 time=8.351 s | package=1757.595 J | dram=NA | total=1757.595 J | power=210.5 W | runtime=above | checksum=OK
[OpenBLAS] requested=16 active=16
[STRIDED_GEMM] N=64 threads=16 rep=1 batches=161430 time=1.003 s | package=75.281 J | dram=NA | total=75.281 J | power=75.1 W | runtime=in_range | checksum=OK
[STRIDED_GEMM] N=64 threads=16 rep=2 batches=161430 time=1.000 s | package=72.996 J | dram=NA | total=72.996 J | power=73.0 W | runtime=in_range | checksum=OK
[STRIDED_GEMM] N=64 threads=16 rep=3 batches=161430 time=0.999 s | package=72.309 J | dram=NA | total=72.309 J | power=72.4 W | runtime=in_range | checksum=OK
[STRIDED_GEMM] N=64 threads=16 rep=4 batches=161430 time=0.997 s | package=72.060 J | dram=NA | total=72.060 J | power=72.3 W | runtime=in_range | checksum=OK
[STRIDED_GEMM] N=64 threads=16 rep=5 batches=161430 time=0.997 s | package=72.108 J | dram=NA | total=72.108 J | power=72.3 W | runtime=in_range | checksum=OK
[STRIDED_GEMM] N=64 threads=16 rep=6 batches=161430 time=0.995 s | package=71.875 J | dram=NA | total=71.875 J | power=72.2 W | runtime=in_range | checksum=OK
[STRIDED_GEMM] N=64 threads=16 rep=7 batches=161430 time=1.022 s | package=73.995 J | dram=NA | total=73.995 J | power=72.4 W | runtime=in_range | checksum=OK
[STRIDED_GEMM] N=64 threads=16 rep=8 batches=161430 time=0.995 s | package=71.830 J | dram=NA | total=71.830 J | power=72.2 W | runtime=in_range | checksum=OK
[STRIDED_GEMM] N=64 threads=16 rep=9 batches=161430 time=0.995 s | package=71.893 J | dram=NA | total=71.893 J | power=72.2 W | runtime=in_range | checksum=OK
[STRIDED_GEMM] N=64 threads=16 rep=10 batches=161430 time=0.995 s | package=71.854 J | dram=NA | total=71.854 J | power=72.2 W | runtime=in_range | checksum=OK
[OpenBLAS] requested=1 active=1
[STRIDED_GEMM] N=8192 threads=1 rep=1 batches=1 time=8.657 s | package=666.339 J | dram=NA | total=666.339 J | power=77.0 W | runtime=above | checksum=OK
[STRIDED_GEMM] N=8192 threads=1 rep=2 batches=1 time=8.652 s | package=665.262 J | dram=NA | total=665.262 J | power=76.9 W | runtime=above | checksum=OK
[STRIDED_GEMM] N=8192 threads=1 rep=3 batches=1 time=8.643 s | package=664.261 J | dram=NA | total=664.261 J | power=76.9 W | runtime=above | checksum=OK
[STRIDED_GEMM] N=8192 threads=1 rep=4 batches=1 time=8.638 s | package=663.657 J | dram=NA | total=663.657 J | power=76.8 W | runtime=above | checksum=OK
[STRIDED_GEMM] N=8192 threads=1 rep=5 batches=1 time=8.639 s | package=658.544 J | dram=NA | total=658.544 J | power=76.2 W | runtime=above | checksum=OK
[STRIDED_GEMM] N=8192 threads=1 rep=6 batches=1 time=8.631 s | package=662.426 J | dram=NA | total=662.426 J | power=76.7 W | runtime=above | checksum=OK
[STRIDED_GEMM] N=8192 threads=1 rep=7 batches=1 time=8.631 s | package=661.878 J | dram=NA | total=661.878 J | power=76.7 W | runtime=above | checksum=OK
[STRIDED_GEMM] N=8192 threads=1 rep=8 batches=1 time=8.631 s | package=661.721 J | dram=NA | total=661.721 J | power=76.7 W | runtime=above | checksum=OK
[STRIDED_GEMM] N=8192 threads=1 rep=9 batches=1 time=8.635 s | package=653.819 J | dram=NA | total=653.819 J | power=75.7 W | runtime=above | checksum=OK
[STRIDED_GEMM] N=8192 threads=1 rep=10 batches=1 time=8.628 s | package=660.963 J | dram=NA | total=660.963 J | power=76.6 W | runtime=above | checksum=OK
[OpenBLAS] requested=32 active=32
[STRIDED_GEMM] N=256 threads=32 rep=1 batches=13345 time=1.011 s | package=218.535 J | dram=NA | total=218.535 J | power=216.1 W | runtime=in_range | checksum=OK
[STRIDED_GEMM] N=256 threads=32 rep=2 batches=13345 time=1.018 s | package=220.416 J | dram=NA | total=220.416 J | power=216.6 W | runtime=in_range | checksum=OK
[STRIDED_GEMM] N=256 threads=32 rep=3 batches=13345 time=1.008 s | package=218.917 J | dram=NA | total=218.917 J | power=217.2 W | runtime=in_range | checksum=OK
[STRIDED_GEMM] N=256 threads=32 rep=4 batches=13345 time=1.004 s | package=217.454 J | dram=NA | total=217.454 J | power=216.7 W | runtime=in_range | checksum=OK
[STRIDED_GEMM] N=256 threads=32 rep=5 batches=13345 time=1.013 s | package=219.126 J | dram=NA | total=219.126 J | power=216.3 W | runtime=in_range | checksum=OK
[STRIDED_GEMM] N=256 threads=32 rep=6 batches=13345 time=1.006 s | package=217.744 J | dram=NA | total=217.744 J | power=216.5 W | runtime=in_range | checksum=OK
[STRIDED_GEMM] N=256 threads=32 rep=7 batches=13345 time=1.006 s | package=217.924 J | dram=NA | total=217.924 J | power=216.7 W | runtime=in_range | checksum=OK
[STRIDED_GEMM] N=256 threads=32 rep=8 batches=13345 time=1.002 s | package=217.072 J | dram=NA | total=217.072 J | power=216.7 W | runtime=in_range | checksum=OK
[STRIDED_GEMM] N=256 threads=32 rep=9 batches=13345 time=1.017 s | package=220.298 J | dram=NA | total=220.298 J | power=216.6 W | runtime=in_range | checksum=OK
[STRIDED_GEMM] N=256 threads=32 rep=10 batches=13345 time=1.011 s | package=219.523 J | dram=NA | total=219.523 J | power=217.2 W | runtime=in_range | checksum=OK
[OpenBLAS] requested=16 active=16
[STRIDED_GEMM] N=16384 threads=16 rep=1 batches=1 time=5.220 s | package=1478.503 J | dram=NA | total=1478.503 J | power=283.3 W | runtime=above | checksum=OK
[STRIDED_GEMM] N=16384 threads=16 rep=2 batches=1 time=5.259 s | package=1488.736 J | dram=NA | total=1488.736 J | power=283.1 W | runtime=above | checksum=OK
[STRIDED_GEMM] N=16384 threads=16 rep=3 batches=1 time=5.236 s | package=1487.528 J | dram=NA | total=1487.528 J | power=284.1 W | runtime=above | checksum=OK
[STRIDED_GEMM] N=16384 threads=16 rep=4 batches=1 time=5.275 s | package=1494.998 J | dram=NA | total=1494.998 J | power=283.4 W | runtime=above | checksum=OK
[STRIDED_GEMM] N=16384 threads=16 rep=5 batches=1 time=5.242 s | package=1489.783 J | dram=NA | total=1489.783 J | power=284.2 W | runtime=above | checksum=OK
[STRIDED_GEMM] N=16384 threads=16 rep=6 batches=1 time=5.263 s | package=1493.027 J | dram=NA | total=1493.027 J | power=283.7 W | runtime=above | checksum=OK
[STRIDED_GEMM] N=16384 threads=16 rep=7 batches=1 time=5.254 s | package=1492.117 J | dram=NA | total=1492.117 J | power=284.0 W | runtime=above | checksum=OK
[STRIDED_GEMM] N=16384 threads=16 rep=8 batches=1 time=5.244 s | package=1490.661 J | dram=NA | total=1490.661 J | power=284.3 W | runtime=above | checksum=OK
[STRIDED_GEMM] N=16384 threads=16 rep=9 batches=1 time=5.261 s | package=1493.635 J | dram=NA | total=1493.635 J | power=283.9 W | runtime=above | checksum=OK
[STRIDED_GEMM] N=16384 threads=16 rep=10 batches=1 time=5.251 s | package=1492.770 J | dram=NA | total=1492.770 J | power=284.3 W | runtime=above | checksum=OK
[OpenBLAS] requested=8 active=8
[STRIDED_GEMM] N=1024 threads=8 rep=1 batches=299 time=1.008 s | package=162.494 J | dram=NA | total=162.494 J | power=161.2 W | runtime=in_range | checksum=OK
[STRIDED_GEMM] N=1024 threads=8 rep=2 batches=299 time=1.014 s | package=162.380 J | dram=NA | total=162.380 J | power=160.1 W | runtime=in_range | checksum=OK
[STRIDED_GEMM] N=1024 threads=8 rep=3 batches=299 time=1.021 s | package=162.848 J | dram=NA | total=162.848 J | power=159.5 W | runtime=in_range | checksum=OK
[STRIDED_GEMM] N=1024 threads=8 rep=4 batches=299 time=1.011 s | package=161.721 J | dram=NA | total=161.721 J | power=159.9 W | runtime=in_range | checksum=OK
[STRIDED_GEMM] N=1024 threads=8 rep=5 batches=299 time=1.002 s | package=161.100 J | dram=NA | total=161.100 J | power=160.8 W | runtime=in_range | checksum=OK
[STRIDED_GEMM] N=1024 threads=8 rep=6 batches=299 time=1.002 s | package=161.105 J | dram=NA | total=161.105 J | power=160.8 W | runtime=in_range | checksum=OK
[STRIDED_GEMM] N=1024 threads=8 rep=7 batches=299 time=1.011 s | package=161.435 J | dram=NA | total=161.435 J | power=159.7 W | runtime=in_range | checksum=OK
[STRIDED_GEMM] N=1024 threads=8 rep=8 batches=299 time=1.011 s | package=161.341 J | dram=NA | total=161.341 J | power=159.6 W | runtime=in_range | checksum=OK
[STRIDED_GEMM] N=1024 threads=8 rep=9 batches=299 time=1.009 s | package=161.335 J | dram=NA | total=161.335 J | power=159.8 W | runtime=in_range | checksum=OK
[STRIDED_GEMM] N=1024 threads=8 rep=10 batches=299 time=1.007 s | package=161.029 J | dram=NA | total=161.029 J | power=159.9 W | runtime=in_range | checksum=OK
[OpenBLAS] requested=20 active=20
[STRIDED_GEMM] N=8192 threads=20 rep=1 batches=2 time=1.150 s | package=326.647 J | dram=NA | total=326.647 J | power=284.0 W | runtime=in_range | checksum=OK
[STRIDED_GEMM] N=8192 threads=20 rep=2 batches=2 time=1.153 s | package=327.375 J | dram=NA | total=327.375 J | power=284.0 W | runtime=in_range | checksum=OK
[STRIDED_GEMM] N=8192 threads=20 rep=3 batches=2 time=1.154 s | package=327.961 J | dram=NA | total=327.961 J | power=284.1 W | runtime=in_range | checksum=OK
[STRIDED_GEMM] N=8192 threads=20 rep=4 batches=2 time=1.151 s | package=326.893 J | dram=NA | total=326.893 J | power=284.1 W | runtime=in_range | checksum=OK
[STRIDED_GEMM] N=8192 threads=20 rep=5 batches=2 time=1.153 s | package=327.473 J | dram=NA | total=327.473 J | power=284.1 W | runtime=in_range | checksum=OK
[STRIDED_GEMM] N=8192 threads=20 rep=6 batches=2 time=1.152 s | package=327.183 J | dram=NA | total=327.183 J | power=284.1 W | runtime=in_range | checksum=OK
[STRIDED_GEMM] N=8192 threads=20 rep=7 batches=2 time=1.151 s | package=326.695 J | dram=NA | total=326.695 J | power=283.9 W | runtime=in_range | checksum=OK
[STRIDED_GEMM] N=8192 threads=20 rep=8 batches=2 time=1.170 s | package=331.199 J | dram=NA | total=331.199 J | power=283.1 W | runtime=in_range | checksum=OK
[STRIDED_GEMM] N=8192 threads=20 rep=9 batches=2 time=1.170 s | package=331.262 J | dram=NA | total=331.262 J | power=283.0 W | runtime=in_range | checksum=OK
[STRIDED_GEMM] N=8192 threads=20 rep=10 batches=2 time=1.168 s | package=330.720 J | dram=NA | total=330.720 J | power=283.2 W | runtime=in_range | checksum=OK
[OpenBLAS] requested=10 active=10
[STRIDED_GEMM] N=1024 threads=10 rep=1 batches=315 time=1.002 s | package=172.972 J | dram=NA | total=172.972 J | power=172.6 W | runtime=in_range | checksum=OK
[STRIDED_GEMM] N=1024 threads=10 rep=2 batches=315 time=1.005 s | package=173.241 J | dram=NA | total=173.241 J | power=172.4 W | runtime=in_range | checksum=OK
[STRIDED_GEMM] N=1024 threads=10 rep=3 batches=315 time=1.002 s | package=172.838 J | dram=NA | total=172.838 J | power=172.5 W | runtime=in_range | checksum=OK
[STRIDED_GEMM] N=1024 threads=10 rep=4 batches=315 time=1.002 s | package=172.752 J | dram=NA | total=172.752 J | power=172.4 W | runtime=in_range | checksum=OK
[STRIDED_GEMM] N=1024 threads=10 rep=5 batches=315 time=1.002 s | package=172.568 J | dram=NA | total=172.568 J | power=172.2 W | runtime=in_range | checksum=OK
[STRIDED_GEMM] N=1024 threads=10 rep=6 batches=315 time=1.005 s | package=172.919 J | dram=NA | total=172.919 J | power=172.1 W | runtime=in_range | checksum=OK
[STRIDED_GEMM] N=1024 threads=10 rep=7 batches=315 time=1.004 s | package=172.768 J | dram=NA | total=172.768 J | power=172.0 W | runtime=in_range | checksum=OK
[STRIDED_GEMM] N=1024 threads=10 rep=8 batches=315 time=1.015 s | package=173.868 J | dram=NA | total=173.868 J | power=171.3 W | runtime=in_range | checksum=OK
[STRIDED_GEMM] N=1024 threads=10 rep=9 batches=315 time=1.008 s | package=173.307 J | dram=NA | total=173.307 J | power=171.9 W | runtime=in_range | checksum=OK
[STRIDED_GEMM] N=1024 threads=10 rep=10 batches=315 time=1.004 s | package=172.645 J | dram=NA | total=172.645 J | power=172.0 W | runtime=in_range | checksum=OK
[OpenBLAS] requested=64 active=64
[STRIDED_GEMM] N=8192 threads=64 rep=1 batches=3 time=1.436 s | package=345.340 J | dram=NA | total=345.340 J | power=240.5 W | runtime=above | checksum=OK
[STRIDED_GEMM] N=8192 threads=64 rep=2 batches=3 time=1.435 s | package=347.967 J | dram=NA | total=347.967 J | power=242.4 W | runtime=above | checksum=OK
[STRIDED_GEMM] N=8192 threads=64 rep=3 batches=3 time=1.435 s | package=347.540 J | dram=NA | total=347.540 J | power=242.2 W | runtime=above | checksum=OK
[STRIDED_GEMM] N=8192 threads=64 rep=4 batches=3 time=1.445 s | package=349.502 J | dram=NA | total=349.502 J | power=241.8 W | runtime=above | checksum=OK
[STRIDED_GEMM] N=8192 threads=64 rep=5 batches=3 time=1.439 s | package=348.770 J | dram=NA | total=348.770 J | power=242.4 W | runtime=above | checksum=OK
[STRIDED_GEMM] N=8192 threads=64 rep=6 batches=3 time=1.438 s | package=349.355 J | dram=NA | total=349.355 J | power=242.9 W | runtime=above | checksum=OK
[STRIDED_GEMM] N=8192 threads=64 rep=7 batches=3 time=1.448 s | package=350.955 J | dram=NA | total=350.955 J | power=242.4 W | runtime=above | checksum=OK
[STRIDED_GEMM] N=8192 threads=64 rep=8 batches=3 time=1.438 s | package=349.868 J | dram=NA | total=349.868 J | power=243.3 W | runtime=above | checksum=OK
[STRIDED_GEMM] N=8192 threads=64 rep=9 batches=3 time=1.438 s | package=348.774 J | dram=NA | total=348.774 J | power=242.6 W | runtime=above | checksum=OK
[STRIDED_GEMM] N=8192 threads=64 rep=10 batches=3 time=1.442 s | package=350.511 J | dram=NA | total=350.511 J | power=243.1 W | runtime=above | checksum=OK
[OpenBLAS] requested=20 active=20
[STRIDED_GEMM] N=1024 threads=20 rep=1 batches=536 time=1.002 s | package=254.831 J | dram=NA | total=254.831 J | power=254.4 W | runtime=in_range | checksum=OK
[STRIDED_GEMM] N=1024 threads=20 rep=2 batches=536 time=1.003 s | package=255.116 J | dram=NA | total=255.116 J | power=254.4 W | runtime=in_range | checksum=OK
[STRIDED_GEMM] N=1024 threads=20 rep=3 batches=536 time=1.002 s | package=255.172 J | dram=NA | total=255.172 J | power=254.6 W | runtime=in_range | checksum=OK
[STRIDED_GEMM] N=1024 threads=20 rep=4 batches=536 time=1.002 s | package=255.345 J | dram=NA | total=255.345 J | power=254.7 W | runtime=in_range | checksum=OK
[STRIDED_GEMM] N=1024 threads=20 rep=5 batches=536 time=1.002 s | package=255.345 J | dram=NA | total=255.345 J | power=254.7 W | runtime=in_range | checksum=OK
[STRIDED_GEMM] N=1024 threads=20 rep=6 batches=536 time=1.002 s | package=255.466 J | dram=NA | total=255.466 J | power=255.1 W | runtime=in_range | checksum=OK
[STRIDED_GEMM] N=1024 threads=20 rep=7 batches=536 time=1.002 s | package=255.559 J | dram=NA | total=255.559 J | power=255.1 W | runtime=in_range | checksum=OK
[STRIDED_GEMM] N=1024 threads=20 rep=8 batches=536 time=1.010 s | package=256.791 J | dram=NA | total=256.791 J | power=254.2 W | runtime=in_range | checksum=OK
[STRIDED_GEMM] N=1024 threads=20 rep=9 batches=536 time=1.000 s | package=255.497 J | dram=NA | total=255.497 J | power=255.4 W | runtime=in_range | checksum=OK
[STRIDED_GEMM] N=1024 threads=20 rep=10 batches=536 time=1.001 s | package=255.756 J | dram=NA | total=255.756 J | power=255.5 W | runtime=in_range | checksum=OK
[OpenBLAS] requested=2 active=2
[STRIDED_GEMM] N=64 threads=2 rep=1 batches=161532 time=0.998 s | package=72.478 J | dram=NA | total=72.478 J | power=72.6 W | runtime=in_range | checksum=OK
[STRIDED_GEMM] N=64 threads=2 rep=2 batches=161532 time=1.017 s | package=73.605 J | dram=NA | total=73.605 J | power=72.4 W | runtime=in_range | checksum=OK
[STRIDED_GEMM] N=64 threads=2 rep=3 batches=161532 time=0.996 s | package=72.238 J | dram=NA | total=72.238 J | power=72.5 W | runtime=in_range | checksum=OK
[STRIDED_GEMM] N=64 threads=2 rep=4 batches=161532 time=1.002 s | package=72.631 J | dram=NA | total=72.631 J | power=72.5 W | runtime=in_range | checksum=OK
[STRIDED_GEMM] N=64 threads=2 rep=5 batches=161532 time=0.997 s | package=72.352 J | dram=NA | total=72.352 J | power=72.6 W | runtime=in_range | checksum=OK
[STRIDED_GEMM] N=64 threads=2 rep=6 batches=161532 time=0.997 s | package=72.287 J | dram=NA | total=72.287 J | power=72.5 W | runtime=in_range | checksum=OK
[STRIDED_GEMM] N=64 threads=2 rep=7 batches=161532 time=1.006 s | package=72.789 J | dram=NA | total=72.789 J | power=72.4 W | runtime=in_range | checksum=OK
[STRIDED_GEMM] N=64 threads=2 rep=8 batches=161532 time=0.995 s | package=72.158 J | dram=NA | total=72.158 J | power=72.5 W | runtime=in_range | checksum=OK
[STRIDED_GEMM] N=64 threads=2 rep=9 batches=161532 time=1.018 s | package=73.600 J | dram=NA | total=73.600 J | power=72.3 W | runtime=in_range | checksum=OK
[STRIDED_GEMM] N=64 threads=2 rep=10 batches=161532 time=0.995 s | package=72.116 J | dram=NA | total=72.116 J | power=72.4 W | runtime=in_range | checksum=OK
[OpenBLAS] requested=16 active=16
[STRIDED_GEMM] N=512 threads=16 rep=1 batches=3080 time=1.001 s | package=207.568 J | dram=NA | total=207.568 J | power=207.4 W | runtime=in_range | checksum=OK
[STRIDED_GEMM] N=512 threads=16 rep=2 batches=3080 time=1.011 s | package=208.568 J | dram=NA | total=208.568 J | power=206.4 W | runtime=in_range | checksum=OK
[STRIDED_GEMM] N=512 threads=16 rep=3 batches=3080 time=1.008 s | package=208.009 J | dram=NA | total=208.009 J | power=206.3 W | runtime=in_range | checksum=OK
[STRIDED_GEMM] N=512 threads=16 rep=4 batches=3080 time=1.007 s | package=208.098 J | dram=NA | total=208.098 J | power=206.6 W | runtime=in_range | checksum=OK
[STRIDED_GEMM] N=512 threads=16 rep=5 batches=3080 time=1.020 s | package=209.926 J | dram=NA | total=209.926 J | power=205.8 W | runtime=in_range | checksum=OK
[STRIDED_GEMM] N=512 threads=16 rep=6 batches=3080 time=1.006 s | package=208.258 J | dram=NA | total=208.258 J | power=207.0 W | runtime=in_range | checksum=OK
[STRIDED_GEMM] N=512 threads=16 rep=7 batches=3080 time=1.007 s | package=208.462 J | dram=NA | total=208.462 J | power=207.0 W | runtime=in_range | checksum=OK
[STRIDED_GEMM] N=512 threads=16 rep=8 batches=3080 time=1.006 s | package=208.542 J | dram=NA | total=208.542 J | power=207.2 W | runtime=in_range | checksum=OK
[STRIDED_GEMM] N=512 threads=16 rep=9 batches=3080 time=1.005 s | package=208.331 J | dram=NA | total=208.331 J | power=207.2 W | runtime=in_range | checksum=OK
[STRIDED_GEMM] N=512 threads=16 rep=10 batches=3080 time=1.006 s | package=208.319 J | dram=NA | total=208.319 J | power=207.2 W | runtime=in_range | checksum=OK
[OpenBLAS] requested=1 active=1
[STRIDED_GEMM] N=16384 threads=1 rep=1 batches=1 time=72.467 s | package=5488.580 J | dram=NA | total=5488.580 J | power=75.7 W | runtime=above | checksum=OK
[STRIDED_GEMM] N=16384 threads=1 rep=2 batches=1 time=72.274 s | package=5395.841 J | dram=NA | total=5395.841 J | power=74.7 W | runtime=above | checksum=OK
[STRIDED_GEMM] N=16384 threads=1 rep=3 batches=1 time=72.352 s | package=5442.549 J | dram=NA | total=5442.549 J | power=75.2 W | runtime=above | checksum=OK
[STRIDED_GEMM] N=16384 threads=1 rep=4 batches=1 time=72.284 s | package=5386.360 J | dram=NA | total=5386.360 J | power=74.5 W | runtime=above | checksum=OK
[STRIDED_GEMM] N=16384 threads=1 rep=5 batches=1 time=72.318 s | package=5412.539 J | dram=NA | total=5412.539 J | power=74.8 W | runtime=above | checksum=OK
[STRIDED_GEMM] N=16384 threads=1 rep=6 batches=1 time=72.359 s | package=5423.236 J | dram=NA | total=5423.236 J | power=74.9 W | runtime=above | checksum=OK
[STRIDED_GEMM] N=16384 threads=1 rep=7 batches=1 time=72.950 s | package=5446.118 J | dram=NA | total=5446.118 J | power=74.7 W | runtime=above | checksum=OK
[STRIDED_GEMM] N=16384 threads=1 rep=8 batches=1 time=72.987 s | package=5417.160 J | dram=NA | total=5417.160 J | power=74.2 W | runtime=above | checksum=OK
[STRIDED_GEMM] N=16384 threads=1 rep=9 batches=1 time=73.001 s | package=5434.727 J | dram=NA | total=5434.727 J | power=74.4 W | runtime=above | checksum=OK
[STRIDED_GEMM] N=16384 threads=1 rep=10 batches=1 time=72.872 s | package=5559.903 J | dram=NA | total=5559.903 J | power=76.3 W | runtime=above | checksum=OK
[OpenBLAS] requested=64 active=64
[STRIDED_GEMM] N=512 threads=64 rep=1 batches=2378 time=1.021 s | package=267.136 J | dram=NA | total=267.136 J | power=261.7 W | runtime=in_range | checksum=OK
[STRIDED_GEMM] N=512 threads=64 rep=2 batches=2378 time=1.022 s | package=267.262 J | dram=NA | total=267.262 J | power=261.6 W | runtime=in_range | checksum=OK
[STRIDED_GEMM] N=512 threads=64 rep=3 batches=2378 time=1.018 s | package=266.057 J | dram=NA | total=266.057 J | power=261.4 W | runtime=in_range | checksum=OK
[STRIDED_GEMM] N=512 threads=64 rep=4 batches=2378 time=1.023 s | package=268.418 J | dram=NA | total=268.418 J | power=262.3 W | runtime=in_range | checksum=OK
[STRIDED_GEMM] N=512 threads=64 rep=5 batches=2378 time=1.017 s | package=266.128 J | dram=NA | total=266.128 J | power=261.7 W | runtime=in_range | checksum=OK
[STRIDED_GEMM] N=512 threads=64 rep=6 batches=2378 time=1.019 s | package=267.199 J | dram=NA | total=267.199 J | power=262.3 W | runtime=in_range | checksum=OK
[STRIDED_GEMM] N=512 threads=64 rep=7 batches=2378 time=1.019 s | package=266.600 J | dram=NA | total=266.600 J | power=261.7 W | runtime=in_range | checksum=OK
[STRIDED_GEMM] N=512 threads=64 rep=8 batches=2378 time=1.018 s | package=266.776 J | dram=NA | total=266.776 J | power=262.0 W | runtime=in_range | checksum=OK
[STRIDED_GEMM] N=512 threads=64 rep=9 batches=2378 time=1.021 s | package=267.950 J | dram=NA | total=267.950 J | power=262.5 W | runtime=in_range | checksum=OK
[STRIDED_GEMM] N=512 threads=64 rep=10 batches=2378 time=1.019 s | package=267.367 J | dram=NA | total=267.367 J | power=262.5 W | runtime=in_range | checksum=OK
[OpenBLAS] requested=32 active=32
[STRIDED_GEMM] N=2048 threads=32 rep=1 batches=108 time=1.006 s | package=288.873 J | dram=NA | total=288.873 J | power=287.1 W | runtime=in_range | checksum=OK
[STRIDED_GEMM] N=2048 threads=32 rep=2 batches=108 time=1.015 s | package=291.247 J | dram=NA | total=291.247 J | power=287.0 W | runtime=in_range | checksum=OK
[STRIDED_GEMM] N=2048 threads=32 rep=3 batches=108 time=1.009 s | package=289.580 J | dram=NA | total=289.580 J | power=287.1 W | runtime=in_range | checksum=OK
[STRIDED_GEMM] N=2048 threads=32 rep=4 batches=108 time=1.008 s | package=289.289 J | dram=NA | total=289.289 J | power=287.1 W | runtime=in_range | checksum=OK
[STRIDED_GEMM] N=2048 threads=32 rep=5 batches=108 time=1.008 s | package=289.281 J | dram=NA | total=289.281 J | power=287.0 W | runtime=in_range | checksum=OK
[STRIDED_GEMM] N=2048 threads=32 rep=6 batches=108 time=1.009 s | package=289.517 J | dram=NA | total=289.517 J | power=287.0 W | runtime=in_range | checksum=OK
[STRIDED_GEMM] N=2048 threads=32 rep=7 batches=108 time=1.009 s | package=289.605 J | dram=NA | total=289.605 J | power=287.0 W | runtime=in_range | checksum=OK
[STRIDED_GEMM] N=2048 threads=32 rep=8 batches=108 time=1.009 s | package=289.550 J | dram=NA | total=289.550 J | power=287.0 W | runtime=in_range | checksum=OK
[STRIDED_GEMM] N=2048 threads=32 rep=9 batches=108 time=1.009 s | package=289.786 J | dram=NA | total=289.786 J | power=287.1 W | runtime=in_range | checksum=OK
[STRIDED_GEMM] N=2048 threads=32 rep=10 batches=108 time=1.015 s | package=290.932 J | dram=NA | total=290.932 J | power=286.8 W | runtime=in_range | checksum=OK
