OpenBLAS backend=pthreads | config=OpenBLAS 0.3.30 NO_LAPACKE DYNAMIC_ARCH NO_AFFINITY Zen MAX_THREADS=128
STRIDED_GEMM(ld=2N) | AMD Ryzen Threadripper 3970X 32-Core Processor | session=strided_gemm_amd_20260719_175453_session3 | reps=10 | configs=81 | DRAM-RAPL=no
[OpenBLAS] requested=1 active=1
[STRIDED_GEMM] N=128 threads=1 rep=1 batches=24717 time=0.997 s | package=74.057 J | dram=NA | total=74.057 J | power=74.3 W | runtime=in_range | checksum=OK
[STRIDED_GEMM] N=128 threads=1 rep=2 batches=24717 time=1.003 s | package=74.510 J | dram=NA | total=74.510 J | power=74.3 W | runtime=in_range | checksum=OK
[STRIDED_GEMM] N=128 threads=1 rep=3 batches=24717 time=1.004 s | package=74.443 J | dram=NA | total=74.443 J | power=74.1 W | runtime=in_range | checksum=OK
[STRIDED_GEMM] N=128 threads=1 rep=4 batches=24717 time=1.004 s | package=74.295 J | dram=NA | total=74.295 J | power=74.0 W | runtime=in_range | checksum=OK
[STRIDED_GEMM] N=128 threads=1 rep=5 batches=24717 time=1.003 s | package=74.091 J | dram=NA | total=74.091 J | power=73.8 W | runtime=in_range | checksum=OK
[STRIDED_GEMM] N=128 threads=1 rep=6 batches=24717 time=1.003 s | package=74.153 J | dram=NA | total=74.153 J | power=74.0 W | runtime=in_range | checksum=OK
[STRIDED_GEMM] N=128 threads=1 rep=7 batches=24717 time=0.997 s | package=74.185 J | dram=NA | total=74.185 J | power=74.4 W | runtime=in_range | checksum=OK
[STRIDED_GEMM] N=128 threads=1 rep=8 batches=24717 time=1.000 s | package=73.733 J | dram=NA | total=73.733 J | power=73.8 W | runtime=in_range | checksum=OK
[STRIDED_GEMM] N=128 threads=1 rep=9 batches=24717 time=1.007 s | package=74.349 J | dram=NA | total=74.349 J | power=73.9 W | runtime=in_range | checksum=OK
[STRIDED_GEMM] N=128 threads=1 rep=10 batches=24717 time=1.004 s | package=74.154 J | dram=NA | total=74.154 J | power=73.8 W | runtime=in_range | checksum=OK
[OpenBLAS] requested=20 active=20
[STRIDED_GEMM] N=512 threads=20 rep=1 batches=2791 time=1.001 s | package=217.821 J | dram=NA | total=217.821 J | power=217.6 W | runtime=in_range | checksum=OK
[STRIDED_GEMM] N=512 threads=20 rep=2 batches=2791 time=1.009 s | package=219.907 J | dram=NA | total=219.907 J | power=217.9 W | runtime=in_range | checksum=OK
[STRIDED_GEMM] N=512 threads=20 rep=3 batches=2791 time=1.003 s | package=218.626 J | dram=NA | total=218.626 J | power=218.0 W | runtime=in_range | checksum=OK
[STRIDED_GEMM] N=512 threads=20 rep=4 batches=2791 time=1.003 s | package=218.816 J | dram=NA | total=218.816 J | power=218.1 W | runtime=in_range | checksum=OK
[STRIDED_GEMM] N=512 threads=20 rep=5 batches=2791 time=1.004 s | package=218.752 J | dram=NA | total=218.752 J | power=217.8 W | runtime=in_range | checksum=OK
[STRIDED_GEMM] N=512 threads=20 rep=6 batches=2791 time=1.005 s | package=218.907 J | dram=NA | total=218.907 J | power=217.9 W | runtime=in_range | checksum=OK
[STRIDED_GEMM] N=512 threads=20 rep=7 batches=2791 time=1.006 s | package=219.022 J | dram=NA | total=219.022 J | power=217.6 W | runtime=in_range | checksum=OK
[STRIDED_GEMM] N=512 threads=20 rep=8 batches=2791 time=1.004 s | package=218.989 J | dram=NA | total=218.989 J | power=218.0 W | runtime=in_range | checksum=OK
[STRIDED_GEMM] N=512 threads=20 rep=9 batches=2791 time=1.013 s | package=219.985 J | dram=NA | total=219.985 J | power=217.2 W | runtime=in_range | checksum=OK
[STRIDED_GEMM] N=512 threads=20 rep=10 batches=2791 time=1.004 s | package=219.162 J | dram=NA | total=219.162 J | power=218.2 W | runtime=in_range | checksum=OK
[OpenBLAS] requested=16 active=16
[STRIDED_GEMM] N=512 threads=16 rep=1 batches=3026 time=0.998 s | package=206.314 J | dram=NA | total=206.314 J | power=206.8 W | runtime=in_range | checksum=OK
[STRIDED_GEMM] N=512 threads=16 rep=2 batches=3026 time=1.001 s | package=206.696 J | dram=NA | total=206.696 J | power=206.5 W | runtime=in_range | checksum=OK
[STRIDED_GEMM] N=512 threads=16 rep=3 batches=3026 time=1.001 s | package=206.655 J | dram=NA | total=206.655 J | power=206.4 W | runtime=in_range | checksum=OK
[STRIDED_GEMM] N=512 threads=16 rep=4 batches=3026 time=1.000 s | package=206.757 J | dram=NA | total=206.757 J | power=206.8 W | runtime=in_range | checksum=OK
[STRIDED_GEMM] N=512 threads=16 rep=5 batches=3026 time=1.010 s | package=207.690 J | dram=NA | total=207.690 J | power=205.7 W | runtime=in_range | checksum=OK
[STRIDED_GEMM] N=512 threads=16 rep=6 batches=3026 time=1.002 s | package=206.467 J | dram=NA | total=206.467 J | power=206.1 W | runtime=in_range | checksum=OK
[STRIDED_GEMM] N=512 threads=16 rep=7 batches=3026 time=1.010 s | package=207.634 J | dram=NA | total=207.634 J | power=205.6 W | runtime=in_range | checksum=OK
[STRIDED_GEMM] N=512 threads=16 rep=8 batches=3026 time=1.006 s | package=207.127 J | dram=NA | total=207.127 J | power=205.8 W | runtime=in_range | checksum=OK
[STRIDED_GEMM] N=512 threads=16 rep=9 batches=3026 time=1.001 s | package=206.689 J | dram=NA | total=206.689 J | power=206.4 W | runtime=in_range | checksum=OK
[STRIDED_GEMM] N=512 threads=16 rep=10 batches=3026 time=1.001 s | package=206.576 J | dram=NA | total=206.576 J | power=206.3 W | runtime=in_range | checksum=OK
[OpenBLAS] requested=64 active=64
[STRIDED_GEMM] N=4096 threads=64 rep=1 batches=18 time=1.051 s | package=254.888 J | dram=NA | total=254.888 J | power=242.6 W | runtime=in_range | checksum=OK
[STRIDED_GEMM] N=4096 threads=64 rep=2 batches=18 time=1.054 s | package=255.033 J | dram=NA | total=255.033 J | power=242.0 W | runtime=in_range | checksum=OK
[STRIDED_GEMM] N=4096 threads=64 rep=3 batches=18 time=1.054 s | package=256.264 J | dram=NA | total=256.264 J | power=243.1 W | runtime=in_range | checksum=OK
[STRIDED_GEMM] N=4096 threads=64 rep=4 batches=18 time=1.062 s | package=256.649 J | dram=NA | total=256.649 J | power=241.8 W | runtime=in_range | checksum=OK
[STRIDED_GEMM] N=4096 threads=64 rep=5 batches=18 time=1.048 s | package=254.092 J | dram=NA | total=254.092 J | power=242.5 W | runtime=in_range | checksum=OK
[STRIDED_GEMM] N=4096 threads=64 rep=6 batches=18 time=1.054 s | package=255.052 J | dram=NA | total=255.052 J | power=242.1 W | runtime=in_range | checksum=OK
[STRIDED_GEMM] N=4096 threads=64 rep=7 batches=18 time=1.052 s | package=255.278 J | dram=NA | total=255.278 J | power=242.6 W | runtime=in_range | checksum=OK
[STRIDED_GEMM] N=4096 threads=64 rep=8 batches=18 time=1.052 s | package=254.635 J | dram=NA | total=254.635 J | power=242.1 W | runtime=in_range | checksum=OK
[STRIDED_GEMM] N=4096 threads=64 rep=9 batches=18 time=1.054 s | package=256.148 J | dram=NA | total=256.148 J | power=243.1 W | runtime=in_range | checksum=OK
[STRIDED_GEMM] N=4096 threads=64 rep=10 batches=18 time=1.053 s | package=255.284 J | dram=NA | total=255.284 J | power=242.5 W | runtime=in_range | checksum=OK
[OpenBLAS] requested=4 active=4
[STRIDED_GEMM] N=4096 threads=4 rep=1 batches=4 time=1.185 s | package=153.316 J | dram=NA | total=153.316 J | power=129.4 W | runtime=in_range | checksum=OK
[STRIDED_GEMM] N=4096 threads=4 rep=2 batches=4 time=1.189 s | package=153.697 J | dram=NA | total=153.697 J | power=129.3 W | runtime=in_range | checksum=OK
[STRIDED_GEMM] N=4096 threads=4 rep=3 batches=4 time=1.193 s | package=153.398 J | dram=NA | total=153.398 J | power=128.6 W | runtime=in_range | checksum=OK
[STRIDED_GEMM] N=4096 threads=4 rep=4 batches=4 time=1.195 s | package=152.941 J | dram=NA | total=152.941 J | power=128.0 W | runtime=in_range | checksum=OK
[STRIDED_GEMM] N=4096 threads=4 rep=5 batches=4 time=1.194 s | package=153.533 J | dram=NA | total=153.533 J | power=128.6 W | runtime=in_range | checksum=OK
[STRIDED_GEMM] N=4096 threads=4 rep=6 batches=4 time=1.186 s | package=152.220 J | dram=NA | total=152.220 J | power=128.3 W | runtime=in_range | checksum=OK
[STRIDED_GEMM] N=4096 threads=4 rep=7 batches=4 time=1.189 s | package=152.372 J | dram=NA | total=152.372 J | power=128.2 W | runtime=in_range | checksum=OK
[STRIDED_GEMM] N=4096 threads=4 rep=8 batches=4 time=1.185 s | package=151.958 J | dram=NA | total=151.958 J | power=128.2 W | runtime=in_range | checksum=OK
[STRIDED_GEMM] N=4096 threads=4 rep=9 batches=4 time=1.183 s | package=151.753 J | dram=NA | total=151.753 J | power=128.3 W | runtime=in_range | checksum=OK
[STRIDED_GEMM] N=4096 threads=4 rep=10 batches=4 time=1.191 s | package=152.325 J | dram=NA | total=152.325 J | power=127.8 W | runtime=in_range | checksum=OK
[OpenBLAS] requested=4 active=4
[STRIDED_GEMM] N=2048 threads=4 rep=1 batches=27 time=1.009 s | package=128.443 J | dram=NA | total=128.443 J | power=127.4 W | runtime=in_range | checksum=OK
[STRIDED_GEMM] N=2048 threads=4 rep=2 batches=27 time=1.015 s | package=128.850 J | dram=NA | total=128.850 J | power=127.0 W | runtime=in_range | checksum=OK
[STRIDED_GEMM] N=2048 threads=4 rep=3 batches=27 time=1.015 s | package=128.879 J | dram=NA | total=128.879 J | power=127.0 W | runtime=in_range | checksum=OK
[STRIDED_GEMM] N=2048 threads=4 rep=4 batches=27 time=1.023 s | package=129.396 J | dram=NA | total=129.396 J | power=126.5 W | runtime=in_range | checksum=OK
[STRIDED_GEMM] N=2048 threads=4 rep=5 batches=27 time=1.015 s | package=128.880 J | dram=NA | total=128.880 J | power=127.0 W | runtime=in_range | checksum=OK
[STRIDED_GEMM] N=2048 threads=4 rep=6 batches=27 time=1.020 s | package=129.099 J | dram=NA | total=129.099 J | power=126.6 W | runtime=in_range | checksum=OK
[STRIDED_GEMM] N=2048 threads=4 rep=7 batches=27 time=1.015 s | package=128.855 J | dram=NA | total=128.855 J | power=127.0 W | runtime=in_range | checksum=OK
[STRIDED_GEMM] N=2048 threads=4 rep=8 batches=27 time=1.016 s | package=129.039 J | dram=NA | total=129.039 J | power=127.0 W | runtime=in_range | checksum=OK
[STRIDED_GEMM] N=2048 threads=4 rep=9 batches=27 time=1.025 s | package=130.584 J | dram=NA | total=130.584 J | power=127.4 W | runtime=in_range | checksum=OK
[STRIDED_GEMM] N=2048 threads=4 rep=10 batches=27 time=1.023 s | package=130.529 J | dram=NA | total=130.529 J | power=127.6 W | runtime=in_range | checksum=OK
[OpenBLAS] requested=32 active=32
[STRIDED_GEMM] N=1024 threads=32 rep=1 batches=560 time=1.002 s | package=272.052 J | dram=NA | total=272.052 J | power=271.6 W | runtime=in_range | checksum=OK
[STRIDED_GEMM] N=1024 threads=32 rep=2 batches=560 time=1.002 s | package=272.495 J | dram=NA | total=272.495 J | power=271.9 W | runtime=in_range | checksum=OK
[STRIDED_GEMM] N=1024 threads=32 rep=3 batches=560 time=1.004 s | package=272.345 J | dram=NA | total=272.345 J | power=271.3 W | runtime=in_range | checksum=OK
[STRIDED_GEMM] N=1024 threads=32 rep=4 batches=560 time=1.003 s | package=272.364 J | dram=NA | total=272.364 J | power=271.4 W | runtime=in_range | checksum=OK
[STRIDED_GEMM] N=1024 threads=32 rep=5 batches=560 time=1.003 s | package=272.514 J | dram=NA | total=272.514 J | power=271.6 W | runtime=in_range | checksum=OK
[STRIDED_GEMM] N=1024 threads=32 rep=6 batches=560 time=1.003 s | package=272.579 J | dram=NA | total=272.579 J | power=271.8 W | runtime=in_range | checksum=OK
[STRIDED_GEMM] N=1024 threads=32 rep=7 batches=560 time=1.003 s | package=272.690 J | dram=NA | total=272.690 J | power=271.9 W | runtime=in_range | checksum=OK
[STRIDED_GEMM] N=1024 threads=32 rep=8 batches=560 time=1.002 s | package=272.572 J | dram=NA | total=272.572 J | power=272.0 W | runtime=in_range | checksum=OK
[STRIDED_GEMM] N=1024 threads=32 rep=9 batches=560 time=1.005 s | package=273.373 J | dram=NA | total=273.373 J | power=272.1 W | runtime=in_range | checksum=OK
[STRIDED_GEMM] N=1024 threads=32 rep=10 batches=560 time=1.002 s | package=273.205 J | dram=NA | total=273.205 J | power=272.6 W | runtime=in_range | checksum=OK
[OpenBLAS] requested=4 active=4
[STRIDED_GEMM] N=1024 threads=4 rep=1 batches=209 time=1.002 s | package=125.640 J | dram=NA | total=125.640 J | power=125.3 W | runtime=in_range | checksum=OK
[STRIDED_GEMM] N=1024 threads=4 rep=2 batches=209 time=1.004 s | package=125.612 J | dram=NA | total=125.612 J | power=125.2 W | runtime=in_range | checksum=OK
[STRIDED_GEMM] N=1024 threads=4 rep=3 batches=209 time=1.003 s | package=125.471 J | dram=NA | total=125.471 J | power=125.1 W | runtime=in_range | checksum=OK
[STRIDED_GEMM] N=1024 threads=4 rep=4 batches=209 time=1.001 s | package=125.216 J | dram=NA | total=125.216 J | power=125.1 W | runtime=in_range | checksum=OK
[STRIDED_GEMM] N=1024 threads=4 rep=5 batches=209 time=1.001 s | package=124.985 J | dram=NA | total=124.985 J | power=124.9 W | runtime=in_range | checksum=OK
[STRIDED_GEMM] N=1024 threads=4 rep=6 batches=209 time=1.012 s | package=126.231 J | dram=NA | total=126.231 J | power=124.7 W | runtime=in_range | checksum=OK
[STRIDED_GEMM] N=1024 threads=4 rep=7 batches=209 time=1.002 s | package=125.710 J | dram=NA | total=125.710 J | power=125.5 W | runtime=in_range | checksum=OK
[STRIDED_GEMM] N=1024 threads=4 rep=8 batches=209 time=1.010 s | package=126.173 J | dram=NA | total=126.173 J | power=124.9 W | runtime=in_range | checksum=OK
[STRIDED_GEMM] N=1024 threads=4 rep=9 batches=209 time=1.002 s | package=125.552 J | dram=NA | total=125.552 J | power=125.3 W | runtime=in_range | checksum=OK
[STRIDED_GEMM] N=1024 threads=4 rep=10 batches=209 time=1.011 s | package=126.145 J | dram=NA | total=126.145 J | power=124.8 W | runtime=in_range | checksum=OK
[OpenBLAS] requested=16 active=16
[STRIDED_GEMM] N=256 threads=16 rep=1 batches=15238 time=1.000 s | package=177.170 J | dram=NA | total=177.170 J | power=177.2 W | runtime=in_range | checksum=OK
[STRIDED_GEMM] N=256 threads=16 rep=2 batches=15238 time=1.003 s | package=177.829 J | dram=NA | total=177.829 J | power=177.2 W | runtime=in_range | checksum=OK
[STRIDED_GEMM] N=256 threads=16 rep=3 batches=15238 time=1.001 s | package=177.481 J | dram=NA | total=177.481 J | power=177.3 W | runtime=in_range | checksum=OK
[STRIDED_GEMM] N=256 threads=16 rep=4 batches=15238 time=1.001 s | package=177.467 J | dram=NA | total=177.467 J | power=177.3 W | runtime=in_range | checksum=OK
[STRIDED_GEMM] N=256 threads=16 rep=5 batches=15238 time=1.005 s | package=178.549 J | dram=NA | total=178.549 J | power=177.7 W | runtime=in_range | checksum=OK
[STRIDED_GEMM] N=256 threads=16 rep=6 batches=15238 time=1.001 s | package=177.584 J | dram=NA | total=177.584 J | power=177.5 W | runtime=in_range | checksum=OK
[STRIDED_GEMM] N=256 threads=16 rep=7 batches=15238 time=1.002 s | package=177.657 J | dram=NA | total=177.657 J | power=177.3 W | runtime=in_range | checksum=OK
[STRIDED_GEMM] N=256 threads=16 rep=8 batches=15238 time=1.003 s | package=177.710 J | dram=NA | total=177.710 J | power=177.1 W | runtime=in_range | checksum=OK
[STRIDED_GEMM] N=256 threads=16 rep=9 batches=15238 time=1.002 s | package=177.718 J | dram=NA | total=177.718 J | power=177.3 W | runtime=in_range | checksum=OK
[STRIDED_GEMM] N=256 threads=16 rep=10 batches=15238 time=1.013 s | package=179.272 J | dram=NA | total=179.272 J | power=176.9 W | runtime=in_range | checksum=OK
[OpenBLAS] requested=16 active=16
[STRIDED_GEMM] N=8192 threads=16 rep=1 batches=2 time=1.279 s | package=361.755 J | dram=NA | total=361.755 J | power=282.9 W | runtime=above | checksum=OK
[STRIDED_GEMM] N=8192 threads=16 rep=2 batches=2 time=1.276 s | package=360.993 J | dram=NA | total=360.993 J | power=283.0 W | runtime=above | checksum=OK
[STRIDED_GEMM] N=8192 threads=16 rep=3 batches=2 time=1.278 s | package=361.604 J | dram=NA | total=361.604 J | power=282.9 W | runtime=above | checksum=OK
[STRIDED_GEMM] N=8192 threads=16 rep=4 batches=2 time=1.280 s | package=362.199 J | dram=NA | total=362.199 J | power=282.9 W | runtime=above | checksum=OK
[STRIDED_GEMM] N=8192 threads=16 rep=5 batches=2 time=1.279 s | package=361.839 J | dram=NA | total=361.839 J | power=282.9 W | runtime=above | checksum=OK
[STRIDED_GEMM] N=8192 threads=16 rep=6 batches=2 time=1.279 s | package=361.622 J | dram=NA | total=361.622 J | power=282.8 W | runtime=above | checksum=OK
[STRIDED_GEMM] N=8192 threads=16 rep=7 batches=2 time=1.279 s | package=361.577 J | dram=NA | total=361.577 J | power=282.8 W | runtime=above | checksum=OK
[STRIDED_GEMM] N=8192 threads=16 rep=8 batches=2 time=1.278 s | package=361.619 J | dram=NA | total=361.619 J | power=282.9 W | runtime=above | checksum=OK
[STRIDED_GEMM] N=8192 threads=16 rep=9 batches=2 time=1.279 s | package=361.901 J | dram=NA | total=361.901 J | power=282.9 W | runtime=above | checksum=OK
[STRIDED_GEMM] N=8192 threads=16 rep=10 batches=2 time=1.282 s | package=362.607 J | dram=NA | total=362.607 J | power=282.7 W | runtime=above | checksum=OK
[OpenBLAS] requested=2 active=2
[STRIDED_GEMM] N=8192 threads=2 rep=1 batches=1 time=4.476 s | package=438.276 J | dram=NA | total=438.276 J | power=97.9 W | runtime=above | checksum=OK
[STRIDED_GEMM] N=8192 threads=2 rep=2 batches=1 time=4.540 s | package=442.228 J | dram=NA | total=442.228 J | power=97.4 W | runtime=above | checksum=OK
[STRIDED_GEMM] N=8192 threads=2 rep=3 batches=1 time=4.488 s | package=437.883 J | dram=NA | total=437.883 J | power=97.6 W | runtime=above | checksum=OK
[STRIDED_GEMM] N=8192 threads=2 rep=4 batches=1 time=4.521 s | package=440.624 J | dram=NA | total=440.624 J | power=97.5 W | runtime=above | checksum=OK
[STRIDED_GEMM] N=8192 threads=2 rep=5 batches=1 time=4.862 s | package=464.055 J | dram=NA | total=464.055 J | power=95.4 W | runtime=above | checksum=OK
[STRIDED_GEMM] N=8192 threads=2 rep=6 batches=1 time=4.506 s | package=437.999 J | dram=NA | total=437.999 J | power=97.2 W | runtime=above | checksum=OK
[STRIDED_GEMM] N=8192 threads=2 rep=7 batches=1 time=4.522 s | package=440.473 J | dram=NA | total=440.473 J | power=97.4 W | runtime=above | checksum=OK
[STRIDED_GEMM] N=8192 threads=2 rep=8 batches=1 time=4.516 s | package=438.986 J | dram=NA | total=438.986 J | power=97.2 W | runtime=above | checksum=OK
[STRIDED_GEMM] N=8192 threads=2 rep=9 batches=1 time=4.517 s | package=439.113 J | dram=NA | total=439.113 J | power=97.2 W | runtime=above | checksum=OK
[STRIDED_GEMM] N=8192 threads=2 rep=10 batches=1 time=4.505 s | package=437.964 J | dram=NA | total=437.964 J | power=97.2 W | runtime=above | checksum=OK
[OpenBLAS] requested=64 active=64
[STRIDED_GEMM] N=128 threads=64 rep=1 batches=56728 time=1.002 s | package=119.912 J | dram=NA | total=119.912 J | power=119.7 W | runtime=in_range | checksum=OK
[STRIDED_GEMM] N=128 threads=64 rep=2 batches=56728 time=1.009 s | package=120.619 J | dram=NA | total=120.619 J | power=119.6 W | runtime=in_range | checksum=OK
[STRIDED_GEMM] N=128 threads=64 rep=3 batches=56728 time=0.998 s | package=119.634 J | dram=NA | total=119.634 J | power=119.9 W | runtime=in_range | checksum=OK
[STRIDED_GEMM] N=128 threads=64 rep=4 batches=56728 time=0.994 s | package=118.749 J | dram=NA | total=118.749 J | power=119.5 W | runtime=in_range | checksum=OK
[STRIDED_GEMM] N=128 threads=64 rep=5 batches=56728 time=0.999 s | package=119.206 J | dram=NA | total=119.206 J | power=119.3 W | runtime=in_range | checksum=OK
[STRIDED_GEMM] N=128 threads=64 rep=6 batches=56728 time=0.992 s | package=118.367 J | dram=NA | total=118.367 J | power=119.3 W | runtime=in_range | checksum=OK
[STRIDED_GEMM] N=128 threads=64 rep=7 batches=56728 time=1.000 s | package=119.214 J | dram=NA | total=119.214 J | power=119.2 W | runtime=in_range | checksum=OK
[STRIDED_GEMM] N=128 threads=64 rep=8 batches=56728 time=0.992 s | package=118.391 J | dram=NA | total=118.391 J | power=119.4 W | runtime=in_range | checksum=OK
[STRIDED_GEMM] N=128 threads=64 rep=9 batches=56728 time=1.004 s | package=120.408 J | dram=NA | total=120.408 J | power=119.9 W | runtime=in_range | checksum=OK
[STRIDED_GEMM] N=128 threads=64 rep=10 batches=56728 time=0.993 s | package=118.439 J | dram=NA | total=118.439 J | power=119.3 W | runtime=in_range | checksum=OK
[OpenBLAS] requested=8 active=8
[STRIDED_GEMM] N=512 threads=8 rep=1 batches=1885 time=1.002 s | package=147.642 J | dram=NA | total=147.642 J | power=147.3 W | runtime=in_range | checksum=OK
[STRIDED_GEMM] N=512 threads=8 rep=2 batches=1885 time=1.001 s | package=147.532 J | dram=NA | total=147.532 J | power=147.4 W | runtime=in_range | checksum=OK
[STRIDED_GEMM] N=512 threads=8 rep=3 batches=1885 time=1.002 s | package=147.528 J | dram=NA | total=147.528 J | power=147.3 W | runtime=in_range | checksum=OK
[STRIDED_GEMM] N=512 threads=8 rep=4 batches=1885 time=1.005 s | package=147.912 J | dram=NA | total=147.912 J | power=147.2 W | runtime=in_range | checksum=OK
[STRIDED_GEMM] N=512 threads=8 rep=5 batches=1885 time=1.003 s | package=147.719 J | dram=NA | total=147.719 J | power=147.3 W | runtime=in_range | checksum=OK
[STRIDED_GEMM] N=512 threads=8 rep=6 batches=1885 time=1.003 s | package=147.616 J | dram=NA | total=147.616 J | power=147.2 W | runtime=in_range | checksum=OK
[STRIDED_GEMM] N=512 threads=8 rep=7 batches=1885 time=1.007 s | package=148.314 J | dram=NA | total=148.314 J | power=147.3 W | runtime=in_range | checksum=OK
[STRIDED_GEMM] N=512 threads=8 rep=8 batches=1885 time=1.003 s | package=147.704 J | dram=NA | total=147.704 J | power=147.2 W | runtime=in_range | checksum=OK
[STRIDED_GEMM] N=512 threads=8 rep=9 batches=1885 time=1.003 s | package=147.730 J | dram=NA | total=147.730 J | power=147.3 W | runtime=in_range | checksum=OK
[STRIDED_GEMM] N=512 threads=8 rep=10 batches=1885 time=1.008 s | package=148.235 J | dram=NA | total=148.235 J | power=147.0 W | runtime=in_range | checksum=OK
[OpenBLAS] requested=8 active=8
[STRIDED_GEMM] N=16384 threads=8 rep=1 batches=1 time=9.980 s | package=1847.161 J | dram=NA | total=1847.161 J | power=185.1 W | runtime=above | checksum=OK
[STRIDED_GEMM] N=16384 threads=8 rep=2 batches=1 time=9.964 s | package=1846.583 J | dram=NA | total=1846.583 J | power=185.3 W | runtime=above | checksum=OK
[STRIDED_GEMM] N=16384 threads=8 rep=3 batches=1 time=9.980 s | package=1849.206 J | dram=NA | total=1849.206 J | power=185.3 W | runtime=above | checksum=OK
[STRIDED_GEMM] N=16384 threads=8 rep=4 batches=1 time=9.980 s | package=1849.310 J | dram=NA | total=1849.310 J | power=185.3 W | runtime=above | checksum=OK
[STRIDED_GEMM] N=16384 threads=8 rep=5 batches=1 time=9.989 s | package=1849.904 J | dram=NA | total=1849.904 J | power=185.2 W | runtime=above | checksum=OK
[STRIDED_GEMM] N=16384 threads=8 rep=6 batches=1 time=10.007 s | package=1852.540 J | dram=NA | total=1852.540 J | power=185.1 W | runtime=above | checksum=OK
[STRIDED_GEMM] N=16384 threads=8 rep=7 batches=1 time=10.006 s | package=1851.597 J | dram=NA | total=1851.597 J | power=185.0 W | runtime=above | checksum=OK
[STRIDED_GEMM] N=16384 threads=8 rep=8 batches=1 time=10.002 s | package=1852.417 J | dram=NA | total=1852.417 J | power=185.2 W | runtime=above | checksum=OK
[STRIDED_GEMM] N=16384 threads=8 rep=9 batches=1 time=10.018 s | package=1853.070 J | dram=NA | total=1853.070 J | power=185.0 W | runtime=above | checksum=OK
[STRIDED_GEMM] N=16384 threads=8 rep=10 batches=1 time=10.011 s | package=1852.355 J | dram=NA | total=1852.355 J | power=185.0 W | runtime=above | checksum=OK
[OpenBLAS] requested=1 active=1
[STRIDED_GEMM] N=4096 threads=1 rep=1 batches=1 time=1.093 s | package=87.837 J | dram=NA | total=87.837 J | power=80.4 W | runtime=in_range | checksum=OK
[STRIDED_GEMM] N=4096 threads=1 rep=2 batches=1 time=1.102 s | package=88.188 J | dram=NA | total=88.188 J | power=80.0 W | runtime=in_range | checksum=OK
[STRIDED_GEMM] N=4096 threads=1 rep=3 batches=1 time=1.103 s | package=88.379 J | dram=NA | total=88.379 J | power=80.1 W | runtime=in_range | checksum=OK
[STRIDED_GEMM] N=4096 threads=1 rep=4 batches=1 time=1.092 s | package=87.480 J | dram=NA | total=87.480 J | power=80.1 W | runtime=in_range | checksum=OK
[STRIDED_GEMM] N=4096 threads=1 rep=5 batches=1 time=1.091 s | package=87.220 J | dram=NA | total=87.220 J | power=80.0 W | runtime=in_range | checksum=OK
[STRIDED_GEMM] N=4096 threads=1 rep=6 batches=1 time=1.091 s | package=86.750 J | dram=NA | total=86.750 J | power=79.5 W | runtime=in_range | checksum=OK
[STRIDED_GEMM] N=4096 threads=1 rep=7 batches=1 time=1.097 s | package=85.855 J | dram=NA | total=85.855 J | power=78.3 W | runtime=in_range | checksum=OK
[STRIDED_GEMM] N=4096 threads=1 rep=8 batches=1 time=1.096 s | package=85.228 J | dram=NA | total=85.228 J | power=77.8 W | runtime=in_range | checksum=OK
[STRIDED_GEMM] N=4096 threads=1 rep=9 batches=1 time=1.098 s | package=85.549 J | dram=NA | total=85.549 J | power=77.9 W | runtime=in_range | checksum=OK
[STRIDED_GEMM] N=4096 threads=1 rep=10 batches=1 time=1.094 s | package=85.058 J | dram=NA | total=85.058 J | power=77.8 W | runtime=in_range | checksum=OK
[OpenBLAS] requested=20 active=20
[STRIDED_GEMM] N=16384 threads=20 rep=1 batches=1 time=4.560 s | package=1298.389 J | dram=NA | total=1298.389 J | power=284.8 W | runtime=above | checksum=OK
[STRIDED_GEMM] N=16384 threads=20 rep=2 batches=1 time=4.562 s | package=1297.968 J | dram=NA | total=1297.968 J | power=284.5 W | runtime=above | checksum=OK
[STRIDED_GEMM] N=16384 threads=20 rep=3 batches=1 time=4.553 s | package=1294.627 J | dram=NA | total=1294.627 J | power=284.3 W | runtime=above | checksum=OK
[STRIDED_GEMM] N=16384 threads=20 rep=4 batches=1 time=4.451 s | package=1265.655 J | dram=NA | total=1265.655 J | power=284.4 W | runtime=above | checksum=OK
[STRIDED_GEMM] N=16384 threads=20 rep=5 batches=1 time=4.492 s | package=1277.714 J | dram=NA | total=1277.714 J | power=284.5 W | runtime=above | checksum=OK
[STRIDED_GEMM] N=16384 threads=20 rep=6 batches=1 time=4.540 s | package=1291.812 J | dram=NA | total=1291.812 J | power=284.5 W | runtime=above | checksum=OK
[STRIDED_GEMM] N=16384 threads=20 rep=7 batches=1 time=4.537 s | package=1289.172 J | dram=NA | total=1289.172 J | power=284.2 W | runtime=above | checksum=OK
[STRIDED_GEMM] N=16384 threads=20 rep=8 batches=1 time=4.530 s | package=1289.484 J | dram=NA | total=1289.484 J | power=284.7 W | runtime=above | checksum=OK
[STRIDED_GEMM] N=16384 threads=20 rep=9 batches=1 time=4.520 s | package=1286.307 J | dram=NA | total=1286.307 J | power=284.6 W | runtime=above | checksum=OK
[STRIDED_GEMM] N=16384 threads=20 rep=10 batches=1 time=4.525 s | package=1287.438 J | dram=NA | total=1287.438 J | power=284.5 W | runtime=above | checksum=OK
[OpenBLAS] requested=10 active=10
[STRIDED_GEMM] N=4096 threads=10 rep=1 batches=8 time=1.070 s | package=223.937 J | dram=NA | total=223.937 J | power=209.2 W | runtime=in_range | checksum=OK
[STRIDED_GEMM] N=4096 threads=10 rep=2 batches=8 time=1.083 s | package=225.115 J | dram=NA | total=225.115 J | power=207.9 W | runtime=in_range | checksum=OK
[STRIDED_GEMM] N=4096 threads=10 rep=3 batches=8 time=1.076 s | package=224.116 J | dram=NA | total=224.116 J | power=208.4 W | runtime=in_range | checksum=OK
[STRIDED_GEMM] N=4096 threads=10 rep=4 batches=8 time=1.084 s | package=224.956 J | dram=NA | total=224.956 J | power=207.6 W | runtime=in_range | checksum=OK
[STRIDED_GEMM] N=4096 threads=10 rep=5 batches=8 time=1.076 s | package=223.969 J | dram=NA | total=223.969 J | power=208.2 W | runtime=in_range | checksum=OK
[STRIDED_GEMM] N=4096 threads=10 rep=6 batches=8 time=1.076 s | package=224.036 J | dram=NA | total=224.036 J | power=208.1 W | runtime=in_range | checksum=OK
[STRIDED_GEMM] N=4096 threads=10 rep=7 batches=8 time=1.078 s | package=224.241 J | dram=NA | total=224.241 J | power=208.1 W | runtime=in_range | checksum=OK
[STRIDED_GEMM] N=4096 threads=10 rep=8 batches=8 time=1.078 s | package=224.377 J | dram=NA | total=224.377 J | power=208.2 W | runtime=in_range | checksum=OK
[STRIDED_GEMM] N=4096 threads=10 rep=9 batches=8 time=1.077 s | package=224.252 J | dram=NA | total=224.252 J | power=208.2 W | runtime=in_range | checksum=OK
[STRIDED_GEMM] N=4096 threads=10 rep=10 batches=8 time=1.087 s | package=225.305 J | dram=NA | total=225.305 J | power=207.4 W | runtime=in_range | checksum=OK
[OpenBLAS] requested=16 active=16
[STRIDED_GEMM] N=2048 threads=16 rep=1 batches=85 time=1.010 s | package=267.076 J | dram=NA | total=267.076 J | power=264.3 W | runtime=in_range | checksum=OK
[STRIDED_GEMM] N=2048 threads=16 rep=2 batches=85 time=1.012 s | package=267.037 J | dram=NA | total=267.037 J | power=263.8 W | runtime=in_range | checksum=OK
[STRIDED_GEMM] N=2048 threads=16 rep=3 batches=85 time=1.012 s | package=266.911 J | dram=NA | total=266.911 J | power=263.7 W | runtime=in_range | checksum=OK
[STRIDED_GEMM] N=2048 threads=16 rep=4 batches=85 time=1.013 s | package=267.234 J | dram=NA | total=267.234 J | power=263.7 W | runtime=in_range | checksum=OK
[STRIDED_GEMM] N=2048 threads=16 rep=5 batches=85 time=1.013 s | package=267.121 J | dram=NA | total=267.121 J | power=263.6 W | runtime=in_range | checksum=OK
[STRIDED_GEMM] N=2048 threads=16 rep=6 batches=85 time=1.015 s | package=267.270 J | dram=NA | total=267.270 J | power=263.4 W | runtime=in_range | checksum=OK
[STRIDED_GEMM] N=2048 threads=16 rep=7 batches=85 time=1.014 s | package=267.173 J | dram=NA | total=267.173 J | power=263.4 W | runtime=in_range | checksum=OK
[STRIDED_GEMM] N=2048 threads=16 rep=8 batches=85 time=1.013 s | package=267.315 J | dram=NA | total=267.315 J | power=263.8 W | runtime=in_range | checksum=OK
[STRIDED_GEMM] N=2048 threads=16 rep=9 batches=85 time=1.023 s | package=268.425 J | dram=NA | total=268.425 J | power=262.4 W | runtime=in_range | checksum=OK
[STRIDED_GEMM] N=2048 threads=16 rep=10 batches=85 time=1.015 s | package=267.202 J | dram=NA | total=267.202 J | power=263.3 W | runtime=in_range | checksum=OK
[OpenBLAS] requested=8 active=8
[STRIDED_GEMM] N=128 threads=8 rep=1 batches=57440 time=0.995 s | package=120.339 J | dram=NA | total=120.339 J | power=121.0 W | runtime=in_range | checksum=OK
[STRIDED_GEMM] N=128 threads=8 rep=2 batches=57440 time=0.998 s | package=120.370 J | dram=NA | total=120.370 J | power=120.6 W | runtime=in_range | checksum=OK
[STRIDED_GEMM] N=128 threads=8 rep=3 batches=57440 time=0.997 s | package=120.023 J | dram=NA | total=120.023 J | power=120.4 W | runtime=in_range | checksum=OK
[STRIDED_GEMM] N=128 threads=8 rep=4 batches=57440 time=0.999 s | package=120.128 J | dram=NA | total=120.128 J | power=120.3 W | runtime=in_range | checksum=OK
[STRIDED_GEMM] N=128 threads=8 rep=5 batches=57440 time=1.000 s | package=120.133 J | dram=NA | total=120.133 J | power=120.1 W | runtime=in_range | checksum=OK
[STRIDED_GEMM] N=128 threads=8 rep=6 batches=57440 time=1.007 s | package=120.715 J | dram=NA | total=120.715 J | power=119.9 W | runtime=in_range | checksum=OK
[STRIDED_GEMM] N=128 threads=8 rep=7 batches=57440 time=1.010 s | package=121.458 J | dram=NA | total=121.458 J | power=120.3 W | runtime=in_range | checksum=OK
[STRIDED_GEMM] N=128 threads=8 rep=8 batches=57440 time=0.998 s | package=119.834 J | dram=NA | total=119.834 J | power=120.1 W | runtime=in_range | checksum=OK
[STRIDED_GEMM] N=128 threads=8 rep=9 batches=57440 time=0.996 s | package=119.684 J | dram=NA | total=119.684 J | power=120.2 W | runtime=in_range | checksum=OK
[STRIDED_GEMM] N=128 threads=8 rep=10 batches=57440 time=1.006 s | package=120.983 J | dram=NA | total=120.983 J | power=120.3 W | runtime=in_range | checksum=OK
[OpenBLAS] requested=4 active=4
[STRIDED_GEMM] N=128 threads=4 rep=1 batches=75471 time=1.003 s | package=114.473 J | dram=NA | total=114.473 J | power=114.1 W | runtime=in_range | checksum=OK
[STRIDED_GEMM] N=128 threads=4 rep=2 batches=75471 time=1.006 s | package=114.773 J | dram=NA | total=114.773 J | power=114.1 W | runtime=in_range | checksum=OK
[STRIDED_GEMM] N=128 threads=4 rep=3 batches=75471 time=1.010 s | package=115.013 J | dram=NA | total=115.013 J | power=113.8 W | runtime=in_range | checksum=OK
[STRIDED_GEMM] N=128 threads=4 rep=4 batches=75471 time=1.010 s | package=114.975 J | dram=NA | total=114.975 J | power=113.8 W | runtime=in_range | checksum=OK
[STRIDED_GEMM] N=128 threads=4 rep=5 batches=75471 time=1.009 s | package=114.872 J | dram=NA | total=114.872 J | power=113.9 W | runtime=in_range | checksum=OK
[STRIDED_GEMM] N=128 threads=4 rep=6 batches=75471 time=1.014 s | package=115.294 J | dram=NA | total=115.294 J | power=113.7 W | runtime=in_range | checksum=OK
[STRIDED_GEMM] N=128 threads=4 rep=7 batches=75471 time=1.001 s | package=114.233 J | dram=NA | total=114.233 J | power=114.1 W | runtime=in_range | checksum=OK
[STRIDED_GEMM] N=128 threads=4 rep=8 batches=75471 time=1.010 s | package=114.944 J | dram=NA | total=114.944 J | power=113.8 W | runtime=in_range | checksum=OK
[STRIDED_GEMM] N=128 threads=4 rep=9 batches=75471 time=1.014 s | package=115.309 J | dram=NA | total=115.309 J | power=113.7 W | runtime=in_range | checksum=OK
[STRIDED_GEMM] N=128 threads=4 rep=10 batches=75471 time=1.011 s | package=115.174 J | dram=NA | total=115.174 J | power=113.9 W | runtime=in_range | checksum=OK
[OpenBLAS] requested=8 active=8
[STRIDED_GEMM] N=64 threads=8 rep=1 batches=161103 time=1.000 s | package=72.518 J | dram=NA | total=72.518 J | power=72.5 W | runtime=in_range | checksum=OK
[STRIDED_GEMM] N=64 threads=8 rep=2 batches=161103 time=1.034 s | package=75.228 J | dram=NA | total=75.228 J | power=72.7 W | runtime=in_range | checksum=OK
[STRIDED_GEMM] N=64 threads=8 rep=3 batches=161103 time=1.045 s | package=75.418 J | dram=NA | total=75.418 J | power=72.2 W | runtime=in_range | checksum=OK
[STRIDED_GEMM] N=64 threads=8 rep=4 batches=161103 time=0.997 s | package=72.308 J | dram=NA | total=72.308 J | power=72.5 W | runtime=in_range | checksum=OK
[STRIDED_GEMM] N=64 threads=8 rep=5 batches=161103 time=0.997 s | package=72.327 J | dram=NA | total=72.327 J | power=72.6 W | runtime=in_range | checksum=OK
[STRIDED_GEMM] N=64 threads=8 rep=6 batches=161103 time=0.997 s | package=72.239 J | dram=NA | total=72.239 J | power=72.5 W | runtime=in_range | checksum=OK
[STRIDED_GEMM] N=64 threads=8 rep=7 batches=161103 time=0.995 s | package=72.180 J | dram=NA | total=72.180 J | power=72.5 W | runtime=in_range | checksum=OK
[STRIDED_GEMM] N=64 threads=8 rep=8 batches=161103 time=0.998 s | package=72.353 J | dram=NA | total=72.353 J | power=72.5 W | runtime=in_range | checksum=OK
[STRIDED_GEMM] N=64 threads=8 rep=9 batches=161103 time=0.995 s | package=72.123 J | dram=NA | total=72.123 J | power=72.5 W | runtime=in_range | checksum=OK
[STRIDED_GEMM] N=64 threads=8 rep=10 batches=161103 time=0.994 s | package=72.008 J | dram=NA | total=72.008 J | power=72.5 W | runtime=in_range | checksum=OK
[OpenBLAS] requested=64 active=64
[STRIDED_GEMM] N=8192 threads=64 rep=1 batches=3 time=1.414 s | package=340.223 J | dram=NA | total=340.223 J | power=240.6 W | runtime=above | checksum=OK
[STRIDED_GEMM] N=8192 threads=64 rep=2 batches=3 time=1.411 s | package=340.679 J | dram=NA | total=340.679 J | power=241.5 W | runtime=above | checksum=OK
[STRIDED_GEMM] N=8192 threads=64 rep=3 batches=3 time=1.413 s | package=341.404 J | dram=NA | total=341.404 J | power=241.6 W | runtime=above | checksum=OK
[STRIDED_GEMM] N=8192 threads=64 rep=4 batches=3 time=1.416 s | package=341.783 J | dram=NA | total=341.783 J | power=241.4 W | runtime=above | checksum=OK
[STRIDED_GEMM] N=8192 threads=64 rep=5 batches=3 time=1.414 s | package=342.593 J | dram=NA | total=342.593 J | power=242.3 W | runtime=above | checksum=OK
[STRIDED_GEMM] N=8192 threads=64 rep=6 batches=3 time=1.417 s | package=343.802 J | dram=NA | total=343.802 J | power=242.6 W | runtime=above | checksum=OK
[STRIDED_GEMM] N=8192 threads=64 rep=7 batches=3 time=1.409 s | package=342.286 J | dram=NA | total=342.286 J | power=243.0 W | runtime=above | checksum=OK
[STRIDED_GEMM] N=8192 threads=64 rep=8 batches=3 time=1.414 s | package=342.572 J | dram=NA | total=342.572 J | power=242.4 W | runtime=above | checksum=OK
[STRIDED_GEMM] N=8192 threads=64 rep=9 batches=3 time=1.415 s | package=342.912 J | dram=NA | total=342.912 J | power=242.4 W | runtime=above | checksum=OK
[STRIDED_GEMM] N=8192 threads=64 rep=10 batches=3 time=1.410 s | package=342.528 J | dram=NA | total=342.528 J | power=243.0 W | runtime=above | checksum=OK
[OpenBLAS] requested=1 active=1
[STRIDED_GEMM] N=2048 threads=1 rep=1 batches=8 time=1.115 s | package=90.456 J | dram=NA | total=90.456 J | power=81.1 W | runtime=in_range | checksum=OK
[STRIDED_GEMM] N=2048 threads=1 rep=2 batches=8 time=1.121 s | package=90.469 J | dram=NA | total=90.469 J | power=80.7 W | runtime=in_range | checksum=OK
[STRIDED_GEMM] N=2048 threads=1 rep=3 batches=8 time=1.116 s | package=88.252 J | dram=NA | total=88.252 J | power=79.1 W | runtime=in_range | checksum=OK
[STRIDED_GEMM] N=2048 threads=1 rep=4 batches=8 time=1.114 s | package=85.383 J | dram=NA | total=85.383 J | power=76.7 W | runtime=in_range | checksum=OK
[STRIDED_GEMM] N=2048 threads=1 rep=5 batches=8 time=1.111 s | package=85.090 J | dram=NA | total=85.090 J | power=76.6 W | runtime=in_range | checksum=OK
[STRIDED_GEMM] N=2048 threads=1 rep=6 batches=8 time=1.106 s | package=84.663 J | dram=NA | total=84.663 J | power=76.6 W | runtime=in_range | checksum=OK
[STRIDED_GEMM] N=2048 threads=1 rep=7 batches=8 time=1.101 s | package=84.271 J | dram=NA | total=84.271 J | power=76.5 W | runtime=in_range | checksum=OK
[STRIDED_GEMM] N=2048 threads=1 rep=8 batches=8 time=1.109 s | package=85.054 J | dram=NA | total=85.054 J | power=76.7 W | runtime=in_range | checksum=OK
[STRIDED_GEMM] N=2048 threads=1 rep=9 batches=8 time=1.113 s | package=86.127 J | dram=NA | total=86.127 J | power=77.4 W | runtime=in_range | checksum=OK
[STRIDED_GEMM] N=2048 threads=1 rep=10 batches=8 time=1.112 s | package=86.020 J | dram=NA | total=86.020 J | power=77.3 W | runtime=in_range | checksum=OK
[OpenBLAS] requested=16 active=16
[STRIDED_GEMM] N=16384 threads=16 rep=1 batches=1 time=5.127 s | package=1457.997 J | dram=NA | total=1457.997 J | power=284.4 W | runtime=above | checksum=OK
[STRIDED_GEMM] N=16384 threads=16 rep=2 batches=1 time=5.135 s | package=1461.021 J | dram=NA | total=1461.021 J | power=284.5 W | runtime=above | checksum=OK
[STRIDED_GEMM] N=16384 threads=16 rep=3 batches=1 time=5.135 s | package=1461.592 J | dram=NA | total=1461.592 J | power=284.6 W | runtime=above | checksum=OK
[STRIDED_GEMM] N=16384 threads=16 rep=4 batches=1 time=5.147 s | package=1463.415 J | dram=NA | total=1463.415 J | power=284.3 W | runtime=above | checksum=OK
[STRIDED_GEMM] N=16384 threads=16 rep=5 batches=1 time=5.158 s | package=1465.789 J | dram=NA | total=1465.789 J | power=284.2 W | runtime=above | checksum=OK
[STRIDED_GEMM] N=16384 threads=16 rep=6 batches=1 time=5.158 s | package=1465.602 J | dram=NA | total=1465.602 J | power=284.1 W | runtime=above | checksum=OK
[STRIDED_GEMM] N=16384 threads=16 rep=7 batches=1 time=5.159 s | package=1465.827 J | dram=NA | total=1465.827 J | power=284.1 W | runtime=above | checksum=OK
[STRIDED_GEMM] N=16384 threads=16 rep=8 batches=1 time=5.164 s | package=1470.782 J | dram=NA | total=1470.782 J | power=284.8 W | runtime=above | checksum=OK
[STRIDED_GEMM] N=16384 threads=16 rep=9 batches=1 time=5.172 s | package=1473.095 J | dram=NA | total=1473.095 J | power=284.8 W | runtime=above | checksum=OK
[STRIDED_GEMM] N=16384 threads=16 rep=10 batches=1 time=5.175 s | package=1474.036 J | dram=NA | total=1474.036 J | power=284.9 W | runtime=above | checksum=OK
[OpenBLAS] requested=64 active=64
[STRIDED_GEMM] N=16384 threads=64 rep=1 batches=1 time=3.554 s | package=901.407 J | dram=NA | total=901.407 J | power=253.6 W | runtime=above | checksum=OK
[STRIDED_GEMM] N=16384 threads=64 rep=2 batches=1 time=3.572 s | package=902.957 J | dram=NA | total=902.957 J | power=252.8 W | runtime=above | checksum=OK
[STRIDED_GEMM] N=16384 threads=64 rep=3 batches=1 time=3.564 s | package=899.407 J | dram=NA | total=899.407 J | power=252.4 W | runtime=above | checksum=OK
[STRIDED_GEMM] N=16384 threads=64 rep=4 batches=1 time=3.570 s | package=900.642 J | dram=NA | total=900.642 J | power=252.3 W | runtime=above | checksum=OK
[STRIDED_GEMM] N=16384 threads=64 rep=5 batches=1 time=3.582 s | package=904.493 J | dram=NA | total=904.493 J | power=252.5 W | runtime=above | checksum=OK
[STRIDED_GEMM] N=16384 threads=64 rep=6 batches=1 time=3.582 s | package=903.469 J | dram=NA | total=903.469 J | power=252.2 W | runtime=above | checksum=OK
[STRIDED_GEMM] N=16384 threads=64 rep=7 batches=1 time=3.608 s | package=910.168 J | dram=NA | total=910.168 J | power=252.3 W | runtime=above | checksum=OK
[STRIDED_GEMM] N=16384 threads=64 rep=8 batches=1 time=3.545 s | package=898.126 J | dram=NA | total=898.126 J | power=253.4 W | runtime=above | checksum=OK
[STRIDED_GEMM] N=16384 threads=64 rep=9 batches=1 time=3.526 s | package=893.338 J | dram=NA | total=893.338 J | power=253.3 W | runtime=above | checksum=OK
[STRIDED_GEMM] N=16384 threads=64 rep=10 batches=1 time=3.526 s | package=892.989 J | dram=NA | total=892.989 J | power=253.3 W | runtime=above | checksum=OK
[OpenBLAS] requested=2 active=2
[STRIDED_GEMM] N=4096 threads=2 rep=1 batches=2 time=1.118 s | package=111.084 J | dram=NA | total=111.084 J | power=99.3 W | runtime=in_range | checksum=OK
[STRIDED_GEMM] N=4096 threads=2 rep=2 batches=2 time=1.131 s | package=112.808 J | dram=NA | total=112.808 J | power=99.7 W | runtime=in_range | checksum=OK
[STRIDED_GEMM] N=4096 threads=2 rep=3 batches=2 time=1.130 s | package=111.754 J | dram=NA | total=111.754 J | power=98.9 W | runtime=in_range | checksum=OK
[STRIDED_GEMM] N=4096 threads=2 rep=4 batches=2 time=1.125 s | package=111.126 J | dram=NA | total=111.126 J | power=98.7 W | runtime=in_range | checksum=OK
[STRIDED_GEMM] N=4096 threads=2 rep=5 batches=2 time=1.126 s | package=111.061 J | dram=NA | total=111.061 J | power=98.6 W | runtime=in_range | checksum=OK
[STRIDED_GEMM] N=4096 threads=2 rep=6 batches=2 time=1.132 s | package=111.143 J | dram=NA | total=111.143 J | power=98.2 W | runtime=in_range | checksum=OK
[STRIDED_GEMM] N=4096 threads=2 rep=7 batches=2 time=1.129 s | package=111.301 J | dram=NA | total=111.301 J | power=98.6 W | runtime=in_range | checksum=OK
[STRIDED_GEMM] N=4096 threads=2 rep=8 batches=2 time=1.129 s | package=110.926 J | dram=NA | total=110.926 J | power=98.3 W | runtime=in_range | checksum=OK
[STRIDED_GEMM] N=4096 threads=2 rep=9 batches=2 time=1.124 s | package=110.440 J | dram=NA | total=110.440 J | power=98.3 W | runtime=in_range | checksum=OK
[STRIDED_GEMM] N=4096 threads=2 rep=10 batches=2 time=1.127 s | package=110.744 J | dram=NA | total=110.744 J | power=98.3 W | runtime=in_range | checksum=OK
[OpenBLAS] requested=16 active=16
[STRIDED_GEMM] N=1024 threads=16 rep=1 batches=526 time=1.005 s | package=237.795 J | dram=NA | total=237.795 J | power=236.5 W | runtime=in_range | checksum=OK
[STRIDED_GEMM] N=1024 threads=16 rep=2 batches=526 time=1.013 s | package=239.256 J | dram=NA | total=239.256 J | power=236.2 W | runtime=in_range | checksum=OK
[STRIDED_GEMM] N=1024 threads=16 rep=3 batches=526 time=1.006 s | package=237.183 J | dram=NA | total=237.183 J | power=235.8 W | runtime=in_range | checksum=OK
[STRIDED_GEMM] N=1024 threads=16 rep=4 batches=526 time=1.008 s | package=236.661 J | dram=NA | total=236.661 J | power=234.9 W | runtime=in_range | checksum=OK
[STRIDED_GEMM] N=1024 threads=16 rep=5 batches=526 time=1.008 s | package=236.838 J | dram=NA | total=236.838 J | power=234.9 W | runtime=in_range | checksum=OK
[STRIDED_GEMM] N=1024 threads=16 rep=6 batches=526 time=1.016 s | package=237.833 J | dram=NA | total=237.833 J | power=234.1 W | runtime=in_range | checksum=OK
[STRIDED_GEMM] N=1024 threads=16 rep=7 batches=526 time=1.008 s | package=236.888 J | dram=NA | total=236.888 J | power=235.1 W | runtime=in_range | checksum=OK
[STRIDED_GEMM] N=1024 threads=16 rep=8 batches=526 time=1.008 s | package=236.770 J | dram=NA | total=236.770 J | power=234.9 W | runtime=in_range | checksum=OK
[STRIDED_GEMM] N=1024 threads=16 rep=9 batches=526 time=1.016 s | package=237.886 J | dram=NA | total=237.886 J | power=234.2 W | runtime=in_range | checksum=OK
[STRIDED_GEMM] N=1024 threads=16 rep=10 batches=526 time=1.016 s | package=237.850 J | dram=NA | total=237.850 J | power=234.1 W | runtime=in_range | checksum=OK
[OpenBLAS] requested=20 active=20
[STRIDED_GEMM] N=8192 threads=20 rep=1 batches=2 time=1.160 s | package=328.250 J | dram=NA | total=328.250 J | power=282.9 W | runtime=in_range | checksum=OK
[STRIDED_GEMM] N=8192 threads=20 rep=2 batches=2 time=1.162 s | package=328.866 J | dram=NA | total=328.866 J | power=282.9 W | runtime=in_range | checksum=OK
[STRIDED_GEMM] N=8192 threads=20 rep=3 batches=2 time=1.162 s | package=328.842 J | dram=NA | total=328.842 J | power=283.0 W | runtime=in_range | checksum=OK
[STRIDED_GEMM] N=8192 threads=20 rep=4 batches=2 time=1.163 s | package=328.931 J | dram=NA | total=328.931 J | power=282.9 W | runtime=in_range | checksum=OK
[STRIDED_GEMM] N=8192 threads=20 rep=5 batches=2 time=1.161 s | package=328.605 J | dram=NA | total=328.605 J | power=283.0 W | runtime=in_range | checksum=OK
[STRIDED_GEMM] N=8192 threads=20 rep=6 batches=2 time=1.160 s | package=328.471 J | dram=NA | total=328.471 J | power=283.1 W | runtime=in_range | checksum=OK
[STRIDED_GEMM] N=8192 threads=20 rep=7 batches=2 time=1.161 s | package=328.649 J | dram=NA | total=328.649 J | power=283.1 W | runtime=in_range | checksum=OK
[STRIDED_GEMM] N=8192 threads=20 rep=8 batches=2 time=1.161 s | package=328.622 J | dram=NA | total=328.622 J | power=283.0 W | runtime=in_range | checksum=OK
[STRIDED_GEMM] N=8192 threads=20 rep=9 batches=2 time=1.161 s | package=328.747 J | dram=NA | total=328.747 J | power=283.1 W | runtime=in_range | checksum=OK
[STRIDED_GEMM] N=8192 threads=20 rep=10 batches=2 time=1.163 s | package=329.086 J | dram=NA | total=329.086 J | power=283.1 W | runtime=in_range | checksum=OK
[OpenBLAS] requested=64 active=64
[STRIDED_GEMM] N=512 threads=64 rep=1 batches=2338 time=1.072 s | package=282.127 J | dram=NA | total=282.127 J | power=263.1 W | runtime=in_range | checksum=OK
[STRIDED_GEMM] N=512 threads=64 rep=2 batches=2338 time=1.084 s | package=285.727 J | dram=NA | total=285.727 J | power=263.5 W | runtime=in_range | checksum=OK
[STRIDED_GEMM] N=512 threads=64 rep=3 batches=2338 time=1.091 s | package=288.076 J | dram=NA | total=288.076 J | power=264.0 W | runtime=in_range | checksum=OK
[STRIDED_GEMM] N=512 threads=64 rep=4 batches=2338 time=1.111 s | package=292.360 J | dram=NA | total=292.360 J | power=263.2 W | runtime=in_range | checksum=OK
[STRIDED_GEMM] N=512 threads=64 rep=5 batches=2338 time=1.095 s | package=288.340 J | dram=NA | total=288.340 J | power=263.2 W | runtime=in_range | checksum=OK
[STRIDED_GEMM] N=512 threads=64 rep=6 batches=2338 time=1.103 s | package=290.768 J | dram=NA | total=290.768 J | power=263.7 W | runtime=in_range | checksum=OK
[STRIDED_GEMM] N=512 threads=64 rep=7 batches=2338 time=1.085 s | package=286.228 J | dram=NA | total=286.228 J | power=263.7 W | runtime=in_range | checksum=OK
[STRIDED_GEMM] N=512 threads=64 rep=8 batches=2338 time=1.085 s | package=286.713 J | dram=NA | total=286.713 J | power=264.2 W | runtime=in_range | checksum=OK
[STRIDED_GEMM] N=512 threads=64 rep=9 batches=2338 time=1.077 s | package=285.346 J | dram=NA | total=285.346 J | power=264.9 W | runtime=in_range | checksum=OK
[STRIDED_GEMM] N=512 threads=64 rep=10 batches=2338 time=1.098 s | package=290.187 J | dram=NA | total=290.187 J | power=264.4 W | runtime=in_range | checksum=OK
[OpenBLAS] requested=1 active=1
[STRIDED_GEMM] N=512 threads=1 rep=1 batches=445 time=1.000 s | package=76.694 J | dram=NA | total=76.694 J | power=76.7 W | runtime=in_range | checksum=OK
[STRIDED_GEMM] N=512 threads=1 rep=2 batches=445 time=0.997 s | package=76.421 J | dram=NA | total=76.421 J | power=76.7 W | runtime=in_range | checksum=OK
[STRIDED_GEMM] N=512 threads=1 rep=3 batches=445 time=0.996 s | package=76.212 J | dram=NA | total=76.212 J | power=76.5 W | runtime=in_range | checksum=OK
[STRIDED_GEMM] N=512 threads=1 rep=4 batches=445 time=0.996 s | package=76.089 J | dram=NA | total=76.089 J | power=76.4 W | runtime=in_range | checksum=OK
[STRIDED_GEMM] N=512 threads=1 rep=5 batches=445 time=0.996 s | package=75.941 J | dram=NA | total=75.941 J | power=76.3 W | runtime=in_range | checksum=OK
[STRIDED_GEMM] N=512 threads=1 rep=6 batches=445 time=0.997 s | package=75.966 J | dram=NA | total=75.966 J | power=76.2 W | runtime=in_range | checksum=OK
[STRIDED_GEMM] N=512 threads=1 rep=7 batches=445 time=1.002 s | package=77.289 J | dram=NA | total=77.289 J | power=77.1 W | runtime=in_range | checksum=OK
[STRIDED_GEMM] N=512 threads=1 rep=8 batches=445 time=0.998 s | package=76.280 J | dram=NA | total=76.280 J | power=76.4 W | runtime=in_range | checksum=OK
[STRIDED_GEMM] N=512 threads=1 rep=9 batches=445 time=1.000 s | package=75.987 J | dram=NA | total=75.987 J | power=76.0 W | runtime=in_range | checksum=OK
[STRIDED_GEMM] N=512 threads=1 rep=10 batches=445 time=1.002 s | package=76.231 J | dram=NA | total=76.231 J | power=76.1 W | runtime=in_range | checksum=OK
[OpenBLAS] requested=32 active=32
[STRIDED_GEMM] N=16384 threads=32 rep=1 batches=1 time=3.371 s | package=960.653 J | dram=NA | total=960.653 J | power=284.9 W | runtime=above | checksum=OK
[STRIDED_GEMM] N=16384 threads=32 rep=2 batches=1 time=3.317 s | package=945.776 J | dram=NA | total=945.776 J | power=285.1 W | runtime=above | checksum=OK
[STRIDED_GEMM] N=16384 threads=32 rep=3 batches=1 time=3.323 s | package=947.236 J | dram=NA | total=947.236 J | power=285.1 W | runtime=above | checksum=OK
[STRIDED_GEMM] N=16384 threads=32 rep=4 batches=1 time=3.316 s | package=945.447 J | dram=NA | total=945.447 J | power=285.1 W | runtime=above | checksum=OK
[STRIDED_GEMM] N=16384 threads=32 rep=5 batches=1 time=3.318 s | package=946.108 J | dram=NA | total=946.108 J | power=285.1 W | runtime=above | checksum=OK
[STRIDED_GEMM] N=16384 threads=32 rep=6 batches=1 time=3.324 s | package=947.558 J | dram=NA | total=947.558 J | power=285.1 W | runtime=above | checksum=OK
[STRIDED_GEMM] N=16384 threads=32 rep=7 batches=1 time=3.318 s | package=946.008 J | dram=NA | total=946.008 J | power=285.1 W | runtime=above | checksum=OK
[STRIDED_GEMM] N=16384 threads=32 rep=8 batches=1 time=3.321 s | package=947.006 J | dram=NA | total=947.006 J | power=285.1 W | runtime=above | checksum=OK
[STRIDED_GEMM] N=16384 threads=32 rep=9 batches=1 time=3.320 s | package=946.752 J | dram=NA | total=946.752 J | power=285.1 W | runtime=above | checksum=OK
[STRIDED_GEMM] N=16384 threads=32 rep=10 batches=1 time=3.322 s | package=947.043 J | dram=NA | total=947.043 J | power=285.1 W | runtime=above | checksum=OK
[OpenBLAS] requested=10 active=10
[STRIDED_GEMM] N=16384 threads=10 rep=1 batches=1 time=8.426 s | package=1770.133 J | dram=NA | total=1770.133 J | power=210.1 W | runtime=above | checksum=OK
[STRIDED_GEMM] N=16384 threads=10 rep=2 batches=1 time=8.412 s | package=1770.800 J | dram=NA | total=1770.800 J | power=210.5 W | runtime=above | checksum=OK
[STRIDED_GEMM] N=16384 threads=10 rep=3 batches=1 time=8.421 s | package=1771.548 J | dram=NA | total=1771.548 J | power=210.4 W | runtime=above | checksum=OK
[STRIDED_GEMM] N=16384 threads=10 rep=4 batches=1 time=8.414 s | package=1770.348 J | dram=NA | total=1770.348 J | power=210.4 W | runtime=above | checksum=OK
[STRIDED_GEMM] N=16384 threads=10 rep=5 batches=1 time=8.409 s | package=1769.794 J | dram=NA | total=1769.794 J | power=210.5 W | runtime=above | checksum=OK
[STRIDED_GEMM] N=16384 threads=10 rep=6 batches=1 time=8.413 s | package=1770.490 J | dram=NA | total=1770.490 J | power=210.4 W | runtime=above | checksum=OK
[STRIDED_GEMM] N=16384 threads=10 rep=7 batches=1 time=8.406 s | package=1767.454 J | dram=NA | total=1767.454 J | power=210.3 W | runtime=above | checksum=OK
[STRIDED_GEMM] N=16384 threads=10 rep=8 batches=1 time=8.451 s | package=1771.481 J | dram=NA | total=1771.481 J | power=209.6 W | runtime=above | checksum=OK
[STRIDED_GEMM] N=16384 threads=10 rep=9 batches=1 time=8.453 s | package=1773.949 J | dram=NA | total=1773.949 J | power=209.9 W | runtime=above | checksum=OK
[STRIDED_GEMM] N=16384 threads=10 rep=10 batches=1 time=8.449 s | package=1773.915 J | dram=NA | total=1773.915 J | power=209.9 W | runtime=above | checksum=OK
[OpenBLAS] requested=1 active=1
[STRIDED_GEMM] N=8192 threads=1 rep=1 batches=1 time=8.779 s | package=673.022 J | dram=NA | total=673.022 J | power=76.7 W | runtime=above | checksum=OK
[STRIDED_GEMM] N=8192 threads=1 rep=2 batches=1 time=8.784 s | package=681.460 J | dram=NA | total=681.460 J | power=77.6 W | runtime=above | checksum=OK
[STRIDED_GEMM] N=8192 threads=1 rep=3 batches=1 time=8.781 s | package=679.957 J | dram=NA | total=679.957 J | power=77.4 W | runtime=above | checksum=OK
[STRIDED_GEMM] N=8192 threads=1 rep=4 batches=1 time=8.776 s | package=679.243 J | dram=NA | total=679.243 J | power=77.4 W | runtime=above | checksum=OK
[STRIDED_GEMM] N=8192 threads=1 rep=5 batches=1 time=8.792 s | package=699.497 J | dram=NA | total=699.497 J | power=79.6 W | runtime=above | checksum=OK
[STRIDED_GEMM] N=8192 threads=1 rep=6 batches=1 time=8.788 s | package=695.128 J | dram=NA | total=695.128 J | power=79.1 W | runtime=above | checksum=OK
[STRIDED_GEMM] N=8192 threads=1 rep=7 batches=1 time=8.788 s | package=677.854 J | dram=NA | total=677.854 J | power=77.1 W | runtime=above | checksum=OK
[STRIDED_GEMM] N=8192 threads=1 rep=8 batches=1 time=8.767 s | package=680.832 J | dram=NA | total=680.832 J | power=77.7 W | runtime=above | checksum=OK
[STRIDED_GEMM] N=8192 threads=1 rep=9 batches=1 time=8.760 s | package=675.474 J | dram=NA | total=675.474 J | power=77.1 W | runtime=above | checksum=OK
[STRIDED_GEMM] N=8192 threads=1 rep=10 batches=1 time=8.754 s | package=673.778 J | dram=NA | total=673.778 J | power=77.0 W | runtime=above | checksum=OK
[OpenBLAS] requested=10 active=10
[STRIDED_GEMM] N=1024 threads=10 rep=1 batches=326 time=1.010 s | package=176.071 J | dram=NA | total=176.071 J | power=174.3 W | runtime=in_range | checksum=OK
[STRIDED_GEMM] N=1024 threads=10 rep=2 batches=326 time=1.020 s | package=177.442 J | dram=NA | total=177.442 J | power=173.9 W | runtime=in_range | checksum=OK
[STRIDED_GEMM] N=1024 threads=10 rep=3 batches=326 time=1.011 s | package=176.528 J | dram=NA | total=176.528 J | power=174.6 W | runtime=in_range | checksum=OK
[STRIDED_GEMM] N=1024 threads=10 rep=4 batches=326 time=1.015 s | package=176.744 J | dram=NA | total=176.744 J | power=174.0 W | runtime=in_range | checksum=OK
[STRIDED_GEMM] N=1024 threads=10 rep=5 batches=326 time=1.018 s | package=176.964 J | dram=NA | total=176.964 J | power=173.8 W | runtime=in_range | checksum=OK
[STRIDED_GEMM] N=1024 threads=10 rep=6 batches=326 time=1.021 s | package=177.506 J | dram=NA | total=177.506 J | power=173.9 W | runtime=in_range | checksum=OK
[STRIDED_GEMM] N=1024 threads=10 rep=7 batches=326 time=1.016 s | package=176.666 J | dram=NA | total=176.666 J | power=173.8 W | runtime=in_range | checksum=OK
[STRIDED_GEMM] N=1024 threads=10 rep=8 batches=326 time=1.017 s | package=176.792 J | dram=NA | total=176.792 J | power=173.8 W | runtime=in_range | checksum=OK
[STRIDED_GEMM] N=1024 threads=10 rep=9 batches=326 time=1.020 s | package=176.902 J | dram=NA | total=176.902 J | power=173.4 W | runtime=in_range | checksum=OK
[STRIDED_GEMM] N=1024 threads=10 rep=10 batches=326 time=1.018 s | package=176.791 J | dram=NA | total=176.791 J | power=173.6 W | runtime=in_range | checksum=OK
[OpenBLAS] requested=64 active=64
[STRIDED_GEMM] N=64 threads=64 rep=1 batches=161357 time=0.996 s | package=71.866 J | dram=NA | total=71.866 J | power=72.1 W | runtime=in_range | checksum=OK
[STRIDED_GEMM] N=64 threads=64 rep=2 batches=161357 time=0.998 s | package=71.975 J | dram=NA | total=71.975 J | power=72.1 W | runtime=in_range | checksum=OK
[STRIDED_GEMM] N=64 threads=64 rep=3 batches=161357 time=0.995 s | package=71.674 J | dram=NA | total=71.674 J | power=72.0 W | runtime=in_range | checksum=OK
[STRIDED_GEMM] N=64 threads=64 rep=4 batches=161357 time=0.996 s | package=71.837 J | dram=NA | total=71.837 J | power=72.1 W | runtime=in_range | checksum=OK
[STRIDED_GEMM] N=64 threads=64 rep=5 batches=161357 time=0.994 s | package=71.524 J | dram=NA | total=71.524 J | power=71.9 W | runtime=in_range | checksum=OK
[STRIDED_GEMM] N=64 threads=64 rep=6 batches=161357 time=0.995 s | package=71.561 J | dram=NA | total=71.561 J | power=71.9 W | runtime=in_range | checksum=OK
[STRIDED_GEMM] N=64 threads=64 rep=7 batches=161357 time=0.995 s | package=71.619 J | dram=NA | total=71.619 J | power=72.0 W | runtime=in_range | checksum=OK
[STRIDED_GEMM] N=64 threads=64 rep=8 batches=161357 time=0.994 s | package=71.492 J | dram=NA | total=71.492 J | power=71.9 W | runtime=in_range | checksum=OK
[STRIDED_GEMM] N=64 threads=64 rep=9 batches=161357 time=0.992 s | package=71.301 J | dram=NA | total=71.301 J | power=71.9 W | runtime=in_range | checksum=OK
[STRIDED_GEMM] N=64 threads=64 rep=10 batches=161357 time=0.993 s | package=71.397 J | dram=NA | total=71.397 J | power=71.9 W | runtime=in_range | checksum=OK
[OpenBLAS] requested=10 active=10
[STRIDED_GEMM] N=64 threads=10 rep=1 batches=162577 time=1.000 s | package=71.782 J | dram=NA | total=71.782 J | power=71.8 W | runtime=in_range | checksum=OK
[STRIDED_GEMM] N=64 threads=10 rep=2 batches=162577 time=1.010 s | package=72.480 J | dram=NA | total=72.480 J | power=71.7 W | runtime=in_range | checksum=OK
[STRIDED_GEMM] N=64 threads=10 rep=3 batches=162577 time=1.012 s | package=72.758 J | dram=NA | total=72.758 J | power=71.9 W | runtime=in_range | checksum=OK
[STRIDED_GEMM] N=64 threads=10 rep=4 batches=162577 time=1.000 s | package=71.841 J | dram=NA | total=71.841 J | power=71.8 W | runtime=in_range | checksum=OK
[STRIDED_GEMM] N=64 threads=10 rep=5 batches=162577 time=1.000 s | package=71.841 J | dram=NA | total=71.841 J | power=71.8 W | runtime=in_range | checksum=OK
[STRIDED_GEMM] N=64 threads=10 rep=6 batches=162577 time=0.999 s | package=71.784 J | dram=NA | total=71.784 J | power=71.8 W | runtime=in_range | checksum=OK
[STRIDED_GEMM] N=64 threads=10 rep=7 batches=162577 time=1.000 s | package=71.856 J | dram=NA | total=71.856 J | power=71.8 W | runtime=in_range | checksum=OK
[STRIDED_GEMM] N=64 threads=10 rep=8 batches=162577 time=0.999 s | package=71.746 J | dram=NA | total=71.746 J | power=71.8 W | runtime=in_range | checksum=OK
[STRIDED_GEMM] N=64 threads=10 rep=9 batches=162577 time=0.999 s | package=71.900 J | dram=NA | total=71.900 J | power=71.9 W | runtime=in_range | checksum=OK
[STRIDED_GEMM] N=64 threads=10 rep=10 batches=162577 time=0.999 s | package=71.831 J | dram=NA | total=71.831 J | power=71.9 W | runtime=in_range | checksum=OK
[OpenBLAS] requested=20 active=20
[STRIDED_GEMM] N=1024 threads=20 rep=1 batches=549 time=1.004 s | package=256.832 J | dram=NA | total=256.832 J | power=255.7 W | runtime=in_range | checksum=OK
[STRIDED_GEMM] N=1024 threads=20 rep=2 batches=549 time=1.014 s | package=258.229 J | dram=NA | total=258.229 J | power=254.8 W | runtime=in_range | checksum=OK
[STRIDED_GEMM] N=1024 threads=20 rep=3 batches=549 time=1.004 s | package=257.230 J | dram=NA | total=257.230 J | power=256.3 W | runtime=in_range | checksum=OK
[STRIDED_GEMM] N=1024 threads=20 rep=4 batches=549 time=1.010 s | package=257.781 J | dram=NA | total=257.781 J | power=255.3 W | runtime=in_range | checksum=OK
[STRIDED_GEMM] N=1024 threads=20 rep=5 batches=549 time=1.009 s | package=257.857 J | dram=NA | total=257.857 J | power=255.4 W | runtime=in_range | checksum=OK
[STRIDED_GEMM] N=1024 threads=20 rep=6 batches=549 time=1.010 s | package=257.734 J | dram=NA | total=257.734 J | power=255.1 W | runtime=in_range | checksum=OK
[STRIDED_GEMM] N=1024 threads=20 rep=7 batches=549 time=1.012 s | package=257.844 J | dram=NA | total=257.844 J | power=254.8 W | runtime=in_range | checksum=OK
[STRIDED_GEMM] N=1024 threads=20 rep=8 batches=549 time=1.012 s | package=257.757 J | dram=NA | total=257.757 J | power=254.7 W | runtime=in_range | checksum=OK
[STRIDED_GEMM] N=1024 threads=20 rep=9 batches=549 time=1.013 s | package=257.856 J | dram=NA | total=257.856 J | power=254.5 W | runtime=in_range | checksum=OK
[STRIDED_GEMM] N=1024 threads=20 rep=10 batches=549 time=1.013 s | package=257.847 J | dram=NA | total=257.847 J | power=254.5 W | runtime=in_range | checksum=OK
[OpenBLAS] requested=32 active=32
[STRIDED_GEMM] N=512 threads=32 rep=1 batches=3098 time=1.001 s | package=249.600 J | dram=NA | total=249.600 J | power=249.4 W | runtime=in_range | checksum=OK
[STRIDED_GEMM] N=512 threads=32 rep=2 batches=3098 time=1.001 s | package=249.567 J | dram=NA | total=249.567 J | power=249.2 W | runtime=in_range | checksum=OK
[STRIDED_GEMM] N=512 threads=32 rep=3 batches=3098 time=1.002 s | package=249.808 J | dram=NA | total=249.808 J | power=249.4 W | runtime=in_range | checksum=OK
[STRIDED_GEMM] N=512 threads=32 rep=4 batches=3098 time=1.009 s | package=251.120 J | dram=NA | total=251.120 J | power=248.8 W | runtime=in_range | checksum=OK
[STRIDED_GEMM] N=512 threads=32 rep=5 batches=3098 time=1.002 s | package=249.841 J | dram=NA | total=249.841 J | power=249.4 W | runtime=in_range | checksum=OK
[STRIDED_GEMM] N=512 threads=32 rep=6 batches=3098 time=1.002 s | package=249.899 J | dram=NA | total=249.899 J | power=249.5 W | runtime=in_range | checksum=OK
[STRIDED_GEMM] N=512 threads=32 rep=7 batches=3098 time=1.002 s | package=249.881 J | dram=NA | total=249.881 J | power=249.3 W | runtime=in_range | checksum=OK
[STRIDED_GEMM] N=512 threads=32 rep=8 batches=3098 time=1.002 s | package=249.928 J | dram=NA | total=249.928 J | power=249.5 W | runtime=in_range | checksum=OK
[STRIDED_GEMM] N=512 threads=32 rep=9 batches=3098 time=1.002 s | package=249.878 J | dram=NA | total=249.878 J | power=249.3 W | runtime=in_range | checksum=OK
[STRIDED_GEMM] N=512 threads=32 rep=10 batches=3098 time=1.010 s | package=251.452 J | dram=NA | total=251.452 J | power=249.0 W | runtime=in_range | checksum=OK
[OpenBLAS] requested=4 active=4
[STRIDED_GEMM] N=256 threads=4 rep=1 batches=11428 time=0.999 s | package=119.761 J | dram=NA | total=119.761 J | power=119.9 W | runtime=in_range | checksum=OK
[STRIDED_GEMM] N=256 threads=4 rep=2 batches=11428 time=1.000 s | package=119.803 J | dram=NA | total=119.803 J | power=119.8 W | runtime=in_range | checksum=OK
[STRIDED_GEMM] N=256 threads=4 rep=3 batches=11428 time=0.997 s | package=119.540 J | dram=NA | total=119.540 J | power=119.8 W | runtime=in_range | checksum=OK
[STRIDED_GEMM] N=256 threads=4 rep=4 batches=11428 time=0.997 s | package=119.558 J | dram=NA | total=119.558 J | power=119.9 W | runtime=in_range | checksum=OK
[STRIDED_GEMM] N=256 threads=4 rep=5 batches=11428 time=1.010 s | package=120.529 J | dram=NA | total=120.529 J | power=119.4 W | runtime=in_range | checksum=OK
[STRIDED_GEMM] N=256 threads=4 rep=6 batches=11428 time=0.998 s | package=119.455 J | dram=NA | total=119.455 J | power=119.6 W | runtime=in_range | checksum=OK
[STRIDED_GEMM] N=256 threads=4 rep=7 batches=11428 time=1.008 s | package=120.077 J | dram=NA | total=120.077 J | power=119.2 W | runtime=in_range | checksum=OK
[STRIDED_GEMM] N=256 threads=4 rep=8 batches=11428 time=1.005 s | package=119.649 J | dram=NA | total=119.649 J | power=119.1 W | runtime=in_range | checksum=OK
[STRIDED_GEMM] N=256 threads=4 rep=9 batches=11428 time=0.996 s | package=118.984 J | dram=NA | total=118.984 J | power=119.5 W | runtime=in_range | checksum=OK
[STRIDED_GEMM] N=256 threads=4 rep=10 batches=11428 time=1.004 s | package=119.640 J | dram=NA | total=119.640 J | power=119.1 W | runtime=in_range | checksum=OK
[OpenBLAS] requested=2 active=2
[STRIDED_GEMM] N=1024 threads=2 rep=1 batches=113 time=1.002 s | package=96.195 J | dram=NA | total=96.195 J | power=96.0 W | runtime=in_range | checksum=OK
[STRIDED_GEMM] N=1024 threads=2 rep=2 batches=113 time=1.030 s | package=98.851 J | dram=NA | total=98.851 J | power=96.0 W | runtime=in_range | checksum=OK
[STRIDED_GEMM] N=1024 threads=2 rep=3 batches=113 time=1.006 s | package=96.466 J | dram=NA | total=96.466 J | power=95.9 W | runtime=in_range | checksum=OK
[STRIDED_GEMM] N=1024 threads=2 rep=4 batches=113 time=1.010 s | package=96.678 J | dram=NA | total=96.678 J | power=95.7 W | runtime=in_range | checksum=OK
[STRIDED_GEMM] N=1024 threads=2 rep=5 batches=113 time=1.009 s | package=96.702 J | dram=NA | total=96.702 J | power=95.9 W | runtime=in_range | checksum=OK
[STRIDED_GEMM] N=1024 threads=2 rep=6 batches=113 time=1.011 s | package=96.804 J | dram=NA | total=96.804 J | power=95.7 W | runtime=in_range | checksum=OK
[STRIDED_GEMM] N=1024 threads=2 rep=7 batches=113 time=1.010 s | package=96.528 J | dram=NA | total=96.528 J | power=95.6 W | runtime=in_range | checksum=OK
[STRIDED_GEMM] N=1024 threads=2 rep=8 batches=113 time=1.010 s | package=96.598 J | dram=NA | total=96.598 J | power=95.6 W | runtime=in_range | checksum=OK
[STRIDED_GEMM] N=1024 threads=2 rep=9 batches=113 time=1.009 s | package=96.641 J | dram=NA | total=96.641 J | power=95.8 W | runtime=in_range | checksum=OK
[STRIDED_GEMM] N=1024 threads=2 rep=10 batches=113 time=1.008 s | package=96.514 J | dram=NA | total=96.514 J | power=95.8 W | runtime=in_range | checksum=OK
[OpenBLAS] requested=20 active=20
[STRIDED_GEMM] N=256 threads=20 rep=1 batches=10781 time=1.001 s | package=188.711 J | dram=NA | total=188.711 J | power=188.5 W | runtime=in_range | checksum=OK
[STRIDED_GEMM] N=256 threads=20 rep=2 batches=10781 time=1.010 s | package=190.029 J | dram=NA | total=190.029 J | power=188.2 W | runtime=in_range | checksum=OK
[STRIDED_GEMM] N=256 threads=20 rep=3 batches=10781 time=1.001 s | package=188.943 J | dram=NA | total=188.943 J | power=188.8 W | runtime=in_range | checksum=OK
[STRIDED_GEMM] N=256 threads=20 rep=4 batches=10781 time=1.001 s | package=189.231 J | dram=NA | total=189.231 J | power=189.1 W | runtime=in_range | checksum=OK
[STRIDED_GEMM] N=256 threads=20 rep=5 batches=10781 time=1.003 s | package=189.343 J | dram=NA | total=189.343 J | power=188.8 W | runtime=in_range | checksum=OK
[STRIDED_GEMM] N=256 threads=20 rep=6 batches=10781 time=1.003 s | package=189.379 J | dram=NA | total=189.379 J | power=188.8 W | runtime=in_range | checksum=OK
[STRIDED_GEMM] N=256 threads=20 rep=7 batches=10781 time=1.004 s | package=189.701 J | dram=NA | total=189.701 J | power=188.9 W | runtime=in_range | checksum=OK
[STRIDED_GEMM] N=256 threads=20 rep=8 batches=10781 time=1.011 s | package=190.734 J | dram=NA | total=190.734 J | power=188.6 W | runtime=in_range | checksum=OK
[STRIDED_GEMM] N=256 threads=20 rep=9 batches=10781 time=1.002 s | package=189.455 J | dram=NA | total=189.455 J | power=189.1 W | runtime=in_range | checksum=OK
[STRIDED_GEMM] N=256 threads=20 rep=10 batches=10781 time=1.002 s | package=189.483 J | dram=NA | total=189.483 J | power=189.0 W | runtime=in_range | checksum=OK
[OpenBLAS] requested=8 active=8
[STRIDED_GEMM] N=4096 threads=8 rep=1 batches=7 time=1.072 s | package=200.277 J | dram=NA | total=200.277 J | power=186.9 W | runtime=in_range | checksum=OK
[STRIDED_GEMM] N=4096 threads=8 rep=2 batches=7 time=1.081 s | package=201.088 J | dram=NA | total=201.088 J | power=186.0 W | runtime=in_range | checksum=OK
[STRIDED_GEMM] N=4096 threads=8 rep=3 batches=7 time=1.065 s | package=199.847 J | dram=NA | total=199.847 J | power=187.7 W | runtime=in_range | checksum=OK
[STRIDED_GEMM] N=4096 threads=8 rep=4 batches=7 time=1.064 s | package=199.706 J | dram=NA | total=199.706 J | power=187.7 W | runtime=in_range | checksum=OK
[STRIDED_GEMM] N=4096 threads=8 rep=5 batches=7 time=1.061 s | package=199.458 J | dram=NA | total=199.458 J | power=188.0 W | runtime=in_range | checksum=OK
[STRIDED_GEMM] N=4096 threads=8 rep=6 batches=7 time=1.062 s | package=199.613 J | dram=NA | total=199.613 J | power=188.0 W | runtime=in_range | checksum=OK
[STRIDED_GEMM] N=4096 threads=8 rep=7 batches=7 time=1.065 s | package=199.978 J | dram=NA | total=199.978 J | power=187.8 W | runtime=in_range | checksum=OK
[STRIDED_GEMM] N=4096 threads=8 rep=8 batches=7 time=1.071 s | package=200.499 J | dram=NA | total=200.499 J | power=187.3 W | runtime=in_range | checksum=OK
[STRIDED_GEMM] N=4096 threads=8 rep=9 batches=7 time=1.069 s | package=200.395 J | dram=NA | total=200.395 J | power=187.4 W | runtime=in_range | checksum=OK
[STRIDED_GEMM] N=4096 threads=8 rep=10 batches=7 time=1.061 s | package=199.480 J | dram=NA | total=199.480 J | power=188.0 W | runtime=in_range | checksum=OK
[OpenBLAS] requested=4 active=4
[STRIDED_GEMM] N=512 threads=4 rep=1 batches=1612 time=1.000 s | package=123.718 J | dram=NA | total=123.718 J | power=123.7 W | runtime=in_range | checksum=OK
[STRIDED_GEMM] N=512 threads=4 rep=2 batches=1612 time=1.011 s | package=124.510 J | dram=NA | total=124.510 J | power=123.2 W | runtime=in_range | checksum=OK
[STRIDED_GEMM] N=512 threads=4 rep=3 batches=1612 time=1.002 s | package=123.736 J | dram=NA | total=123.736 J | power=123.5 W | runtime=in_range | checksum=OK
[STRIDED_GEMM] N=512 threads=4 rep=4 batches=1612 time=1.009 s | package=124.197 J | dram=NA | total=124.197 J | power=123.1 W | runtime=in_range | checksum=OK
[STRIDED_GEMM] N=512 threads=4 rep=5 batches=1612 time=1.003 s | package=123.601 J | dram=NA | total=123.601 J | power=123.2 W | runtime=in_range | checksum=OK
[STRIDED_GEMM] N=512 threads=4 rep=6 batches=1612 time=1.004 s | package=123.776 J | dram=NA | total=123.776 J | power=123.2 W | runtime=in_range | checksum=OK
[STRIDED_GEMM] N=512 threads=4 rep=7 batches=1612 time=1.027 s | package=128.359 J | dram=NA | total=128.359 J | power=125.0 W | runtime=in_range | checksum=OK
[STRIDED_GEMM] N=512 threads=4 rep=8 batches=1612 time=1.006 s | package=124.650 J | dram=NA | total=124.650 J | power=124.0 W | runtime=in_range | checksum=OK
[STRIDED_GEMM] N=512 threads=4 rep=9 batches=1612 time=1.007 s | package=124.133 J | dram=NA | total=124.133 J | power=123.2 W | runtime=in_range | checksum=OK
[STRIDED_GEMM] N=512 threads=4 rep=10 batches=1612 time=1.000 s | package=123.499 J | dram=NA | total=123.499 J | power=123.5 W | runtime=in_range | checksum=OK
[OpenBLAS] requested=16 active=16
[STRIDED_GEMM] N=4096 threads=16 rep=1 batches=13 time=1.079 s | package=305.714 J | dram=NA | total=305.714 J | power=283.4 W | runtime=in_range | checksum=OK
[STRIDED_GEMM] N=4096 threads=16 rep=2 batches=13 time=1.081 s | package=305.865 J | dram=NA | total=305.865 J | power=283.0 W | runtime=in_range | checksum=OK
[STRIDED_GEMM] N=4096 threads=16 rep=3 batches=13 time=1.078 s | package=305.211 J | dram=NA | total=305.211 J | power=283.1 W | runtime=in_range | checksum=OK
[STRIDED_GEMM] N=4096 threads=16 rep=4 batches=13 time=1.083 s | package=306.221 J | dram=NA | total=306.221 J | power=282.7 W | runtime=in_range | checksum=OK
[STRIDED_GEMM] N=4096 threads=16 rep=5 batches=13 time=1.078 s | package=305.017 J | dram=NA | total=305.017 J | power=283.0 W | runtime=in_range | checksum=OK
[STRIDED_GEMM] N=4096 threads=16 rep=6 batches=13 time=1.078 s | package=305.155 J | dram=NA | total=305.155 J | power=283.1 W | runtime=in_range | checksum=OK
[STRIDED_GEMM] N=4096 threads=16 rep=7 batches=13 time=1.078 s | package=305.091 J | dram=NA | total=305.091 J | power=283.1 W | runtime=in_range | checksum=OK
[STRIDED_GEMM] N=4096 threads=16 rep=8 batches=13 time=1.078 s | package=305.133 J | dram=NA | total=305.133 J | power=283.0 W | runtime=in_range | checksum=OK
[STRIDED_GEMM] N=4096 threads=16 rep=9 batches=13 time=1.077 s | package=304.902 J | dram=NA | total=304.902 J | power=283.1 W | runtime=in_range | checksum=OK
[STRIDED_GEMM] N=4096 threads=16 rep=10 batches=13 time=1.078 s | package=305.055 J | dram=NA | total=305.055 J | power=283.0 W | runtime=in_range | checksum=OK
[OpenBLAS] requested=2 active=2
[STRIDED_GEMM] N=512 threads=2 rep=1 batches=876 time=0.998 s | package=93.373 J | dram=NA | total=93.373 J | power=93.6 W | runtime=in_range | checksum=OK
[STRIDED_GEMM] N=512 threads=2 rep=2 batches=876 time=0.999 s | package=93.282 J | dram=NA | total=93.282 J | power=93.4 W | runtime=in_range | checksum=OK
[STRIDED_GEMM] N=512 threads=2 rep=3 batches=876 time=1.010 s | package=95.068 J | dram=NA | total=95.068 J | power=94.2 W | runtime=in_range | checksum=OK
[STRIDED_GEMM] N=512 threads=2 rep=4 batches=876 time=1.003 s | package=94.942 J | dram=NA | total=94.942 J | power=94.7 W | runtime=in_range | checksum=OK
[STRIDED_GEMM] N=512 threads=2 rep=5 batches=876 time=0.999 s | package=94.395 J | dram=NA | total=94.395 J | power=94.5 W | runtime=in_range | checksum=OK
[STRIDED_GEMM] N=512 threads=2 rep=6 batches=876 time=1.002 s | package=94.431 J | dram=NA | total=94.431 J | power=94.2 W | runtime=in_range | checksum=OK
[STRIDED_GEMM] N=512 threads=2 rep=7 batches=876 time=1.000 s | package=94.119 J | dram=NA | total=94.119 J | power=94.2 W | runtime=in_range | checksum=OK
[STRIDED_GEMM] N=512 threads=2 rep=8 batches=876 time=1.001 s | package=93.809 J | dram=NA | total=93.809 J | power=93.7 W | runtime=in_range | checksum=OK
[STRIDED_GEMM] N=512 threads=2 rep=9 batches=876 time=1.001 s | package=93.214 J | dram=NA | total=93.214 J | power=93.1 W | runtime=in_range | checksum=OK
[STRIDED_GEMM] N=512 threads=2 rep=10 batches=876 time=0.999 s | package=93.029 J | dram=NA | total=93.029 J | power=93.2 W | runtime=in_range | checksum=OK
[OpenBLAS] requested=20 active=20
[STRIDED_GEMM] N=128 threads=20 rep=1 batches=56173 time=1.000 s | package=119.638 J | dram=NA | total=119.638 J | power=119.6 W | runtime=in_range | checksum=OK
[STRIDED_GEMM] N=128 threads=20 rep=2 batches=56173 time=1.008 s | package=120.518 J | dram=NA | total=120.518 J | power=119.5 W | runtime=in_range | checksum=OK
[STRIDED_GEMM] N=128 threads=20 rep=3 batches=56173 time=1.001 s | package=119.650 J | dram=NA | total=119.650 J | power=119.6 W | runtime=in_range | checksum=OK
[STRIDED_GEMM] N=128 threads=20 rep=4 batches=56173 time=1.004 s | package=119.998 J | dram=NA | total=119.998 J | power=119.5 W | runtime=in_range | checksum=OK
[STRIDED_GEMM] N=128 threads=20 rep=5 batches=56173 time=1.009 s | package=120.472 J | dram=NA | total=120.472 J | power=119.3 W | runtime=in_range | checksum=OK
[STRIDED_GEMM] N=128 threads=20 rep=6 batches=56173 time=1.001 s | package=119.688 J | dram=NA | total=119.688 J | power=119.5 W | runtime=in_range | checksum=OK
[STRIDED_GEMM] N=128 threads=20 rep=7 batches=56173 time=1.009 s | package=120.582 J | dram=NA | total=120.582 J | power=119.5 W | runtime=in_range | checksum=OK
[STRIDED_GEMM] N=128 threads=20 rep=8 batches=56173 time=1.006 s | package=120.206 J | dram=NA | total=120.206 J | power=119.5 W | runtime=in_range | checksum=OK
[STRIDED_GEMM] N=128 threads=20 rep=9 batches=56173 time=1.012 s | package=120.738 J | dram=NA | total=120.738 J | power=119.3 W | runtime=in_range | checksum=OK
[STRIDED_GEMM] N=128 threads=20 rep=10 batches=56173 time=1.003 s | package=120.020 J | dram=NA | total=120.020 J | power=119.6 W | runtime=in_range | checksum=OK
[OpenBLAS] requested=10 active=10
[STRIDED_GEMM] N=256 threads=10 rep=1 batches=10181 time=1.002 s | package=141.871 J | dram=NA | total=141.871 J | power=141.6 W | runtime=in_range | checksum=OK
[STRIDED_GEMM] N=256 threads=10 rep=2 batches=10181 time=1.014 s | package=143.027 J | dram=NA | total=143.027 J | power=141.0 W | runtime=in_range | checksum=OK
[STRIDED_GEMM] N=256 threads=10 rep=3 batches=10181 time=1.033 s | package=145.151 J | dram=NA | total=145.151 J | power=140.5 W | runtime=in_range | checksum=OK
[STRIDED_GEMM] N=256 threads=10 rep=4 batches=10181 time=1.038 s | package=145.266 J | dram=NA | total=145.266 J | power=140.0 W | runtime=in_range | checksum=OK
[STRIDED_GEMM] N=256 threads=10 rep=5 batches=10181 time=1.029 s | package=144.618 J | dram=NA | total=144.618 J | power=140.5 W | runtime=in_range | checksum=OK
[STRIDED_GEMM] N=256 threads=10 rep=6 batches=10181 time=1.029 s | package=144.530 J | dram=NA | total=144.530 J | power=140.5 W | runtime=in_range | checksum=OK
[STRIDED_GEMM] N=256 threads=10 rep=7 batches=10181 time=1.039 s | package=145.454 J | dram=NA | total=145.454 J | power=140.0 W | runtime=in_range | checksum=OK
[STRIDED_GEMM] N=256 threads=10 rep=8 batches=10181 time=1.029 s | package=144.618 J | dram=NA | total=144.618 J | power=140.5 W | runtime=in_range | checksum=OK
[STRIDED_GEMM] N=256 threads=10 rep=9 batches=10181 time=1.039 s | package=145.548 J | dram=NA | total=145.548 J | power=140.0 W | runtime=in_range | checksum=OK
[STRIDED_GEMM] N=256 threads=10 rep=10 batches=10181 time=1.033 s | package=144.870 J | dram=NA | total=144.870 J | power=140.2 W | runtime=in_range | checksum=OK
[OpenBLAS] requested=8 active=8
[STRIDED_GEMM] N=2048 threads=8 rep=1 batches=45 time=1.011 s | package=175.108 J | dram=NA | total=175.108 J | power=173.2 W | runtime=in_range | checksum=OK
[STRIDED_GEMM] N=2048 threads=8 rep=2 batches=45 time=1.012 s | package=175.128 J | dram=NA | total=175.128 J | power=173.1 W | runtime=in_range | checksum=OK
[STRIDED_GEMM] N=2048 threads=8 rep=3 batches=45 time=1.016 s | package=175.426 J | dram=NA | total=175.426 J | power=172.7 W | runtime=in_range | checksum=OK
[STRIDED_GEMM] N=2048 threads=8 rep=4 batches=45 time=1.012 s | package=175.256 J | dram=NA | total=175.256 J | power=173.2 W | runtime=in_range | checksum=OK
[STRIDED_GEMM] N=2048 threads=8 rep=5 batches=45 time=1.011 s | package=175.041 J | dram=NA | total=175.041 J | power=173.1 W | runtime=in_range | checksum=OK
[STRIDED_GEMM] N=2048 threads=8 rep=6 batches=45 time=1.014 s | package=175.793 J | dram=NA | total=175.793 J | power=173.3 W | runtime=in_range | checksum=OK
[STRIDED_GEMM] N=2048 threads=8 rep=7 batches=45 time=1.021 s | package=175.913 J | dram=NA | total=175.913 J | power=172.3 W | runtime=in_range | checksum=OK
[STRIDED_GEMM] N=2048 threads=8 rep=8 batches=45 time=1.018 s | package=175.817 J | dram=NA | total=175.817 J | power=172.7 W | runtime=in_range | checksum=OK
[STRIDED_GEMM] N=2048 threads=8 rep=9 batches=45 time=1.009 s | package=174.804 J | dram=NA | total=174.804 J | power=173.2 W | runtime=in_range | checksum=OK
[STRIDED_GEMM] N=2048 threads=8 rep=10 batches=45 time=0.976 s | package=171.922 J | dram=NA | total=171.922 J | power=176.1 W | runtime=in_range | checksum=OK
[OpenBLAS] requested=1 active=1
[STRIDED_GEMM] N=16384 threads=1 rep=1 batches=1 time=73.835 s | package=5605.975 J | dram=NA | total=5605.975 J | power=75.9 W | runtime=above | checksum=OK
[STRIDED_GEMM] N=16384 threads=1 rep=2 batches=1 time=73.842 s | package=5533.976 J | dram=NA | total=5533.976 J | power=74.9 W | runtime=above | checksum=OK
[STRIDED_GEMM] N=16384 threads=1 rep=3 batches=1 time=73.742 s | package=5518.434 J | dram=NA | total=5518.434 J | power=74.8 W | runtime=above | checksum=OK
[STRIDED_GEMM] N=16384 threads=1 rep=4 batches=1 time=73.659 s | package=5510.352 J | dram=NA | total=5510.352 J | power=74.8 W | runtime=above | checksum=OK
[STRIDED_GEMM] N=16384 threads=1 rep=5 batches=1 time=73.656 s | package=5507.748 J | dram=NA | total=5507.748 J | power=74.8 W | runtime=above | checksum=OK
[STRIDED_GEMM] N=16384 threads=1 rep=6 batches=1 time=73.706 s | package=5539.650 J | dram=NA | total=5539.650 J | power=75.2 W | runtime=above | checksum=OK
[STRIDED_GEMM] N=16384 threads=1 rep=7 batches=1 time=73.708 s | package=5525.861 J | dram=NA | total=5525.861 J | power=75.0 W | runtime=above | checksum=OK
[STRIDED_GEMM] N=16384 threads=1 rep=8 batches=1 time=74.062 s | package=5576.166 J | dram=NA | total=5576.166 J | power=75.3 W | runtime=above | checksum=OK
[STRIDED_GEMM] N=16384 threads=1 rep=9 batches=1 time=73.981 s | package=5516.447 J | dram=NA | total=5516.447 J | power=74.6 W | runtime=above | checksum=OK
[STRIDED_GEMM] N=16384 threads=1 rep=10 batches=1 time=73.775 s | package=5545.747 J | dram=NA | total=5545.747 J | power=75.2 W | runtime=above | checksum=OK
[OpenBLAS] requested=8 active=8
[STRIDED_GEMM] N=1024 threads=8 rep=1 batches=306 time=1.009 s | package=163.085 J | dram=NA | total=163.085 J | power=161.6 W | runtime=in_range | checksum=OK
[STRIDED_GEMM] N=1024 threads=8 rep=2 batches=306 time=1.015 s | package=163.622 J | dram=NA | total=163.622 J | power=161.2 W | runtime=in_range | checksum=OK
[STRIDED_GEMM] N=1024 threads=8 rep=3 batches=306 time=1.019 s | package=163.883 J | dram=NA | total=163.883 J | power=160.8 W | runtime=in_range | checksum=OK
[STRIDED_GEMM] N=1024 threads=8 rep=4 batches=306 time=1.017 s | package=163.832 J | dram=NA | total=163.832 J | power=161.1 W | runtime=in_range | checksum=OK
[STRIDED_GEMM] N=1024 threads=8 rep=5 batches=306 time=1.016 s | package=163.805 J | dram=NA | total=163.805 J | power=161.3 W | runtime=in_range | checksum=OK
[STRIDED_GEMM] N=1024 threads=8 rep=6 batches=306 time=1.020 s | package=164.081 J | dram=NA | total=164.081 J | power=160.9 W | runtime=in_range | checksum=OK
[STRIDED_GEMM] N=1024 threads=8 rep=7 batches=306 time=1.019 s | package=163.917 J | dram=NA | total=163.917 J | power=160.8 W | runtime=in_range | checksum=OK
[STRIDED_GEMM] N=1024 threads=8 rep=8 batches=306 time=1.018 s | package=163.843 J | dram=NA | total=163.843 J | power=161.0 W | runtime=in_range | checksum=OK
[STRIDED_GEMM] N=1024 threads=8 rep=9 batches=306 time=1.018 s | package=163.756 J | dram=NA | total=163.756 J | power=160.8 W | runtime=in_range | checksum=OK
[STRIDED_GEMM] N=1024 threads=8 rep=10 batches=306 time=1.027 s | package=164.433 J | dram=NA | total=164.433 J | power=160.1 W | runtime=in_range | checksum=OK
[OpenBLAS] requested=4 active=4
[STRIDED_GEMM] N=64 threads=4 rep=1 batches=163090 time=1.001 s | package=71.463 J | dram=NA | total=71.463 J | power=71.4 W | runtime=in_range | checksum=OK
[STRIDED_GEMM] N=64 threads=4 rep=2 batches=163090 time=0.999 s | package=71.346 J | dram=NA | total=71.346 J | power=71.4 W | runtime=in_range | checksum=OK
[STRIDED_GEMM] N=64 threads=4 rep=3 batches=163090 time=1.001 s | package=71.411 J | dram=NA | total=71.411 J | power=71.4 W | runtime=in_range | checksum=OK
[STRIDED_GEMM] N=64 threads=4 rep=4 batches=163090 time=1.001 s | package=71.438 J | dram=NA | total=71.438 J | power=71.4 W | runtime=in_range | checksum=OK
[STRIDED_GEMM] N=64 threads=4 rep=5 batches=163090 time=1.000 s | package=71.313 J | dram=NA | total=71.313 J | power=71.3 W | runtime=in_range | checksum=OK
[STRIDED_GEMM] N=64 threads=4 rep=6 batches=163090 time=1.000 s | package=71.411 J | dram=NA | total=71.411 J | power=71.4 W | runtime=in_range | checksum=OK
[STRIDED_GEMM] N=64 threads=4 rep=7 batches=163090 time=1.000 s | package=71.323 J | dram=NA | total=71.323 J | power=71.3 W | runtime=in_range | checksum=OK
[STRIDED_GEMM] N=64 threads=4 rep=8 batches=163090 time=1.020 s | package=72.648 J | dram=NA | total=72.648 J | power=71.2 W | runtime=in_range | checksum=OK
[STRIDED_GEMM] N=64 threads=4 rep=9 batches=163090 time=0.997 s | package=71.152 J | dram=NA | total=71.152 J | power=71.4 W | runtime=in_range | checksum=OK
[STRIDED_GEMM] N=64 threads=4 rep=10 batches=163090 time=1.002 s | package=71.506 J | dram=NA | total=71.506 J | power=71.4 W | runtime=in_range | checksum=OK
[OpenBLAS] requested=32 active=32
[STRIDED_GEMM] N=64 threads=32 rep=1 batches=162964 time=1.000 s | package=71.208 J | dram=NA | total=71.208 J | power=71.2 W | runtime=in_range | checksum=OK
[STRIDED_GEMM] N=64 threads=32 rep=2 batches=162964 time=1.009 s | package=71.899 J | dram=NA | total=71.899 J | power=71.3 W | runtime=in_range | checksum=OK
[STRIDED_GEMM] N=64 threads=32 rep=3 batches=162964 time=1.001 s | package=71.392 J | dram=NA | total=71.392 J | power=71.3 W | runtime=in_range | checksum=OK
[STRIDED_GEMM] N=64 threads=32 rep=4 batches=162964 time=1.001 s | package=71.467 J | dram=NA | total=71.467 J | power=71.4 W | runtime=in_range | checksum=OK
[STRIDED_GEMM] N=64 threads=32 rep=5 batches=162964 time=1.001 s | package=71.969 J | dram=NA | total=71.969 J | power=71.9 W | runtime=in_range | checksum=OK
[STRIDED_GEMM] N=64 threads=32 rep=6 batches=162964 time=1.000 s | package=71.341 J | dram=NA | total=71.341 J | power=71.3 W | runtime=in_range | checksum=OK
[STRIDED_GEMM] N=64 threads=32 rep=7 batches=162964 time=1.000 s | package=71.289 J | dram=NA | total=71.289 J | power=71.3 W | runtime=in_range | checksum=OK
[STRIDED_GEMM] N=64 threads=32 rep=8 batches=162964 time=1.000 s | package=71.347 J | dram=NA | total=71.347 J | power=71.3 W | runtime=in_range | checksum=OK
[STRIDED_GEMM] N=64 threads=32 rep=9 batches=162964 time=0.999 s | package=71.232 J | dram=NA | total=71.232 J | power=71.3 W | runtime=in_range | checksum=OK
[STRIDED_GEMM] N=64 threads=32 rep=10 batches=162964 time=1.000 s | package=71.385 J | dram=NA | total=71.385 J | power=71.4 W | runtime=in_range | checksum=OK
[OpenBLAS] requested=20 active=20
[STRIDED_GEMM] N=4096 threads=20 rep=1 batches=13 time=1.018 s | package=288.528 J | dram=NA | total=288.528 J | power=283.3 W | runtime=in_range | checksum=OK
[STRIDED_GEMM] N=4096 threads=20 rep=2 batches=13 time=1.022 s | package=289.647 J | dram=NA | total=289.647 J | power=283.4 W | runtime=in_range | checksum=OK
[STRIDED_GEMM] N=4096 threads=20 rep=3 batches=13 time=1.020 s | package=289.103 J | dram=NA | total=289.103 J | power=283.5 W | runtime=in_range | checksum=OK
[STRIDED_GEMM] N=4096 threads=20 rep=4 batches=13 time=1.024 s | package=290.366 J | dram=NA | total=290.366 J | power=283.6 W | runtime=in_range | checksum=OK
[STRIDED_GEMM] N=4096 threads=20 rep=5 batches=13 time=1.024 s | package=290.679 J | dram=NA | total=290.679 J | power=283.7 W | runtime=in_range | checksum=OK
[STRIDED_GEMM] N=4096 threads=20 rep=6 batches=13 time=1.026 s | package=290.985 J | dram=NA | total=290.985 J | power=283.7 W | runtime=in_range | checksum=OK
[STRIDED_GEMM] N=4096 threads=20 rep=7 batches=13 time=1.026 s | package=291.018 J | dram=NA | total=291.018 J | power=283.7 W | runtime=in_range | checksum=OK
[STRIDED_GEMM] N=4096 threads=20 rep=8 batches=13 time=1.026 s | package=291.088 J | dram=NA | total=291.088 J | power=283.8 W | runtime=in_range | checksum=OK
[STRIDED_GEMM] N=4096 threads=20 rep=9 batches=13 time=1.028 s | package=291.559 J | dram=NA | total=291.559 J | power=283.5 W | runtime=in_range | checksum=OK
[STRIDED_GEMM] N=4096 threads=20 rep=10 batches=13 time=1.028 s | package=291.587 J | dram=NA | total=291.587 J | power=283.7 W | runtime=in_range | checksum=OK
[OpenBLAS] requested=8 active=8
[STRIDED_GEMM] N=8192 threads=8 rep=1 batches=1 time=1.227 s | package=229.010 J | dram=NA | total=229.010 J | power=186.7 W | runtime=in_range | checksum=OK
[STRIDED_GEMM] N=8192 threads=8 rep=2 batches=1 time=1.227 s | package=229.061 J | dram=NA | total=229.061 J | power=186.6 W | runtime=in_range | checksum=OK
[STRIDED_GEMM] N=8192 threads=8 rep=3 batches=1 time=1.227 s | package=228.986 J | dram=NA | total=228.986 J | power=186.6 W | runtime=in_range | checksum=OK
[STRIDED_GEMM] N=8192 threads=8 rep=4 batches=1 time=1.232 s | package=229.411 J | dram=NA | total=229.411 J | power=186.3 W | runtime=in_range | checksum=OK
[STRIDED_GEMM] N=8192 threads=8 rep=5 batches=1 time=1.226 s | package=228.790 J | dram=NA | total=228.790 J | power=186.6 W | runtime=in_range | checksum=OK
[STRIDED_GEMM] N=8192 threads=8 rep=6 batches=1 time=1.224 s | package=228.602 J | dram=NA | total=228.602 J | power=186.7 W | runtime=in_range | checksum=OK
[STRIDED_GEMM] N=8192 threads=8 rep=7 batches=1 time=1.228 s | package=228.976 J | dram=NA | total=228.976 J | power=186.4 W | runtime=in_range | checksum=OK
[STRIDED_GEMM] N=8192 threads=8 rep=8 batches=1 time=1.222 s | package=228.601 J | dram=NA | total=228.601 J | power=187.0 W | runtime=in_range | checksum=OK
[STRIDED_GEMM] N=8192 threads=8 rep=9 batches=1 time=1.220 s | package=228.059 J | dram=NA | total=228.059 J | power=187.0 W | runtime=in_range | checksum=OK
[STRIDED_GEMM] N=8192 threads=8 rep=10 batches=1 time=1.225 s | package=228.841 J | dram=NA | total=228.841 J | power=186.8 W | runtime=in_range | checksum=OK
[OpenBLAS] requested=16 active=16
[STRIDED_GEMM] N=128 threads=16 rep=1 batches=57262 time=0.996 s | package=118.678 J | dram=NA | total=118.678 J | power=119.1 W | runtime=in_range | checksum=OK
[STRIDED_GEMM] N=128 threads=16 rep=2 batches=57262 time=0.999 s | package=119.033 J | dram=NA | total=119.033 J | power=119.1 W | runtime=in_range | checksum=OK
[STRIDED_GEMM] N=128 threads=16 rep=3 batches=57262 time=0.999 s | package=118.904 J | dram=NA | total=118.904 J | power=119.0 W | runtime=in_range | checksum=OK
[STRIDED_GEMM] N=128 threads=16 rep=4 batches=57262 time=0.997 s | package=118.515 J | dram=NA | total=118.515 J | power=118.8 W | runtime=in_range | checksum=OK
[STRIDED_GEMM] N=128 threads=16 rep=5 batches=57262 time=0.999 s | package=118.875 J | dram=NA | total=118.875 J | power=119.0 W | runtime=in_range | checksum=OK
[STRIDED_GEMM] N=128 threads=16 rep=6 batches=57262 time=1.010 s | package=119.768 J | dram=NA | total=119.768 J | power=118.6 W | runtime=in_range | checksum=OK
[STRIDED_GEMM] N=128 threads=16 rep=7 batches=57262 time=1.004 s | package=119.206 J | dram=NA | total=119.206 J | power=118.8 W | runtime=in_range | checksum=OK
[STRIDED_GEMM] N=128 threads=16 rep=8 batches=57262 time=1.010 s | package=119.730 J | dram=NA | total=119.730 J | power=118.5 W | runtime=in_range | checksum=OK
[STRIDED_GEMM] N=128 threads=16 rep=9 batches=57262 time=1.007 s | package=119.373 J | dram=NA | total=119.373 J | power=118.6 W | runtime=in_range | checksum=OK
[STRIDED_GEMM] N=128 threads=16 rep=10 batches=57262 time=1.001 s | package=118.864 J | dram=NA | total=118.864 J | power=118.7 W | runtime=in_range | checksum=OK
[OpenBLAS] requested=2 active=2
[STRIDED_GEMM] N=16384 threads=2 rep=1 batches=1 time=37.275 s | package=3565.230 J | dram=NA | total=3565.230 J | power=95.6 W | runtime=above | checksum=OK
[STRIDED_GEMM] N=16384 threads=2 rep=2 batches=1 time=37.318 s | package=3565.109 J | dram=NA | total=3565.109 J | power=95.5 W | runtime=above | checksum=OK
[STRIDED_GEMM] N=16384 threads=2 rep=3 batches=1 time=37.426 s | package=3572.160 J | dram=NA | total=3572.160 J | power=95.4 W | runtime=above | checksum=OK
[STRIDED_GEMM] N=16384 threads=2 rep=4 batches=1 time=37.483 s | package=3580.431 J | dram=NA | total=3580.431 J | power=95.5 W | runtime=above | checksum=OK
[STRIDED_GEMM] N=16384 threads=2 rep=5 batches=1 time=37.725 s | package=3600.509 J | dram=NA | total=3600.509 J | power=95.4 W | runtime=above | checksum=OK
[STRIDED_GEMM] N=16384 threads=2 rep=6 batches=1 time=37.539 s | package=3541.808 J | dram=NA | total=3541.808 J | power=94.3 W | runtime=above | checksum=OK
[STRIDED_GEMM] N=16384 threads=2 rep=7 batches=1 time=37.595 s | package=3544.214 J | dram=NA | total=3544.214 J | power=94.3 W | runtime=above | checksum=OK
[STRIDED_GEMM] N=16384 threads=2 rep=8 batches=1 time=37.627 s | package=3547.520 J | dram=NA | total=3547.520 J | power=94.3 W | runtime=above | checksum=OK
[STRIDED_GEMM] N=16384 threads=2 rep=9 batches=1 time=37.691 s | package=3550.895 J | dram=NA | total=3550.895 J | power=94.2 W | runtime=above | checksum=OK
[STRIDED_GEMM] N=16384 threads=2 rep=10 batches=1 time=37.552 s | package=3543.184 J | dram=NA | total=3543.184 J | power=94.4 W | runtime=above | checksum=OK
[OpenBLAS] requested=64 active=64
[STRIDED_GEMM] N=1024 threads=64 rep=1 batches=618 time=1.003 s | package=287.724 J | dram=NA | total=287.724 J | power=286.7 W | runtime=in_range | checksum=OK
[STRIDED_GEMM] N=1024 threads=64 rep=2 batches=618 time=1.008 s | package=289.786 J | dram=NA | total=289.786 J | power=287.6 W | runtime=in_range | checksum=OK
[STRIDED_GEMM] N=1024 threads=64 rep=3 batches=618 time=1.005 s | package=288.750 J | dram=NA | total=288.750 J | power=287.2 W | runtime=in_range | checksum=OK
[STRIDED_GEMM] N=1024 threads=64 rep=4 batches=618 time=1.007 s | package=289.590 J | dram=NA | total=289.590 J | power=287.7 W | runtime=in_range | checksum=OK
[STRIDED_GEMM] N=1024 threads=64 rep=5 batches=618 time=1.007 s | package=289.557 J | dram=NA | total=289.557 J | power=287.6 W | runtime=in_range | checksum=OK
[STRIDED_GEMM] N=1024 threads=64 rep=6 batches=618 time=1.008 s | package=289.825 J | dram=NA | total=289.825 J | power=287.6 W | runtime=in_range | checksum=OK
[STRIDED_GEMM] N=1024 threads=64 rep=7 batches=618 time=1.006 s | package=288.794 J | dram=NA | total=288.794 J | power=287.0 W | runtime=in_range | checksum=OK
[STRIDED_GEMM] N=1024 threads=64 rep=8 batches=618 time=1.010 s | package=290.071 J | dram=NA | total=290.071 J | power=287.1 W | runtime=in_range | checksum=OK
[STRIDED_GEMM] N=1024 threads=64 rep=9 batches=618 time=1.006 s | package=290.807 J | dram=NA | total=290.807 J | power=289.0 W | runtime=in_range | checksum=OK
[STRIDED_GEMM] N=1024 threads=64 rep=10 batches=618 time=1.010 s | package=290.635 J | dram=NA | total=290.635 J | power=287.8 W | runtime=in_range | checksum=OK
[OpenBLAS] requested=10 active=10
[STRIDED_GEMM] N=8192 threads=10 rep=1 batches=1 time=1.016 s | package=217.159 J | dram=NA | total=217.159 J | power=213.7 W | runtime=in_range | checksum=OK
[STRIDED_GEMM] N=8192 threads=10 rep=2 batches=1 time=1.020 s | package=217.387 J | dram=NA | total=217.387 J | power=213.1 W | runtime=in_range | checksum=OK
[STRIDED_GEMM] N=8192 threads=10 rep=3 batches=1 time=1.019 s | package=217.053 J | dram=NA | total=217.053 J | power=213.0 W | runtime=in_range | checksum=OK
[STRIDED_GEMM] N=8192 threads=10 rep=4 batches=1 time=1.018 s | package=216.991 J | dram=NA | total=216.991 J | power=213.2 W | runtime=in_range | checksum=OK
[STRIDED_GEMM] N=8192 threads=10 rep=5 batches=1 time=1.019 s | package=217.200 J | dram=NA | total=217.200 J | power=213.1 W | runtime=in_range | checksum=OK
[STRIDED_GEMM] N=8192 threads=10 rep=6 batches=1 time=1.025 s | package=217.756 J | dram=NA | total=217.756 J | power=212.3 W | runtime=in_range | checksum=OK
[STRIDED_GEMM] N=8192 threads=10 rep=7 batches=1 time=1.033 s | package=218.413 J | dram=NA | total=218.413 J | power=211.4 W | runtime=in_range | checksum=OK
[STRIDED_GEMM] N=8192 threads=10 rep=8 batches=1 time=1.032 s | package=218.115 J | dram=NA | total=218.115 J | power=211.4 W | runtime=in_range | checksum=OK
[STRIDED_GEMM] N=8192 threads=10 rep=9 batches=1 time=1.035 s | package=218.721 J | dram=NA | total=218.721 J | power=211.3 W | runtime=in_range | checksum=OK
[STRIDED_GEMM] N=8192 threads=10 rep=10 batches=1 time=1.038 s | package=218.667 J | dram=NA | total=218.667 J | power=210.7 W | runtime=in_range | checksum=OK
[OpenBLAS] requested=32 active=32
[STRIDED_GEMM] N=2048 threads=32 rep=1 batches=124 time=1.003 s | package=288.022 J | dram=NA | total=288.022 J | power=287.0 W | runtime=in_range | checksum=OK
[STRIDED_GEMM] N=2048 threads=32 rep=2 batches=124 time=1.014 s | package=290.999 J | dram=NA | total=290.999 J | power=286.9 W | runtime=in_range | checksum=OK
[STRIDED_GEMM] N=2048 threads=32 rep=3 batches=124 time=1.006 s | package=288.504 J | dram=NA | total=288.504 J | power=286.8 W | runtime=in_range | checksum=OK
[STRIDED_GEMM] N=2048 threads=32 rep=4 batches=124 time=1.005 s | package=288.493 J | dram=NA | total=288.493 J | power=286.9 W | runtime=in_range | checksum=OK
[STRIDED_GEMM] N=2048 threads=32 rep=5 batches=124 time=1.006 s | package=288.774 J | dram=NA | total=288.774 J | power=287.1 W | runtime=in_range | checksum=OK
[STRIDED_GEMM] N=2048 threads=32 rep=6 batches=124 time=1.006 s | package=288.478 J | dram=NA | total=288.478 J | power=286.9 W | runtime=in_range | checksum=OK
[STRIDED_GEMM] N=2048 threads=32 rep=7 batches=124 time=1.008 s | package=289.070 J | dram=NA | total=289.070 J | power=286.9 W | runtime=in_range | checksum=OK
[STRIDED_GEMM] N=2048 threads=32 rep=8 batches=124 time=1.015 s | package=291.358 J | dram=NA | total=291.358 J | power=286.9 W | runtime=in_range | checksum=OK
[STRIDED_GEMM] N=2048 threads=32 rep=9 batches=124 time=1.005 s | package=288.701 J | dram=NA | total=288.701 J | power=287.1 W | runtime=in_range | checksum=OK
[STRIDED_GEMM] N=2048 threads=32 rep=10 batches=124 time=1.005 s | package=288.442 J | dram=NA | total=288.442 J | power=287.0 W | runtime=in_range | checksum=OK
[OpenBLAS] requested=32 active=32
[STRIDED_GEMM] N=4096 threads=32 rep=1 batches=19 time=1.030 s | package=288.299 J | dram=NA | total=288.299 J | power=280.0 W | runtime=in_range | checksum=OK
[STRIDED_GEMM] N=4096 threads=32 rep=2 batches=19 time=1.030 s | package=288.741 J | dram=NA | total=288.741 J | power=280.2 W | runtime=in_range | checksum=OK
[STRIDED_GEMM] N=4096 threads=32 rep=3 batches=19 time=1.031 s | package=288.890 J | dram=NA | total=288.890 J | power=280.3 W | runtime=in_range | checksum=OK
[STRIDED_GEMM] N=4096 threads=32 rep=4 batches=19 time=1.031 s | package=288.260 J | dram=NA | total=288.260 J | power=279.6 W | runtime=in_range | checksum=OK
[STRIDED_GEMM] N=4096 threads=32 rep=5 batches=19 time=1.031 s | package=288.573 J | dram=NA | total=288.573 J | power=279.8 W | runtime=in_range | checksum=OK
[STRIDED_GEMM] N=4096 threads=32 rep=6 batches=19 time=1.031 s | package=288.776 J | dram=NA | total=288.776 J | power=280.0 W | runtime=in_range | checksum=OK
[STRIDED_GEMM] N=4096 threads=32 rep=7 batches=19 time=1.032 s | package=288.587 J | dram=NA | total=288.587 J | power=279.7 W | runtime=in_range | checksum=OK
[STRIDED_GEMM] N=4096 threads=32 rep=8 batches=19 time=1.068 s | package=296.018 J | dram=NA | total=296.018 J | power=277.1 W | runtime=in_range | checksum=OK
[STRIDED_GEMM] N=4096 threads=32 rep=9 batches=19 time=1.041 s | package=290.663 J | dram=NA | total=290.663 J | power=279.1 W | runtime=in_range | checksum=OK
[STRIDED_GEMM] N=4096 threads=32 rep=10 batches=19 time=1.033 s | package=289.319 J | dram=NA | total=289.319 J | power=279.9 W | runtime=in_range | checksum=OK
[OpenBLAS] requested=16 active=16
[STRIDED_GEMM] N=64 threads=16 rep=1 batches=161221 time=0.998 s | package=72.354 J | dram=NA | total=72.354 J | power=72.5 W | runtime=in_range | checksum=OK
[STRIDED_GEMM] N=64 threads=16 rep=2 batches=161221 time=0.998 s | package=72.325 J | dram=NA | total=72.325 J | power=72.5 W | runtime=in_range | checksum=OK
[STRIDED_GEMM] N=64 threads=16 rep=3 batches=161221 time=0.996 s | package=72.031 J | dram=NA | total=72.031 J | power=72.3 W | runtime=in_range | checksum=OK
[STRIDED_GEMM] N=64 threads=16 rep=4 batches=161221 time=0.993 s | package=71.797 J | dram=NA | total=71.797 J | power=72.3 W | runtime=in_range | checksum=OK
[STRIDED_GEMM] N=64 threads=16 rep=5 batches=161221 time=0.995 s | package=71.830 J | dram=NA | total=71.830 J | power=72.2 W | runtime=in_range | checksum=OK
[STRIDED_GEMM] N=64 threads=16 rep=6 batches=161221 time=0.995 s | package=71.782 J | dram=NA | total=71.782 J | power=72.2 W | runtime=in_range | checksum=OK
[STRIDED_GEMM] N=64 threads=16 rep=7 batches=161221 time=0.995 s | package=71.752 J | dram=NA | total=71.752 J | power=72.1 W | runtime=in_range | checksum=OK
[STRIDED_GEMM] N=64 threads=16 rep=8 batches=161221 time=0.994 s | package=71.726 J | dram=NA | total=71.726 J | power=72.2 W | runtime=in_range | checksum=OK
[STRIDED_GEMM] N=64 threads=16 rep=9 batches=161221 time=0.994 s | package=71.775 J | dram=NA | total=71.775 J | power=72.2 W | runtime=in_range | checksum=OK
[STRIDED_GEMM] N=64 threads=16 rep=10 batches=161221 time=0.994 s | package=71.663 J | dram=NA | total=71.663 J | power=72.1 W | runtime=in_range | checksum=OK
[OpenBLAS] requested=2 active=2
[STRIDED_GEMM] N=256 threads=2 rep=1 batches=6441 time=1.001 s | package=92.409 J | dram=NA | total=92.409 J | power=92.3 W | runtime=in_range | checksum=OK
[STRIDED_GEMM] N=256 threads=2 rep=2 batches=6441 time=1.008 s | package=92.973 J | dram=NA | total=92.973 J | power=92.2 W | runtime=in_range | checksum=OK
[STRIDED_GEMM] N=256 threads=2 rep=3 batches=6441 time=1.013 s | package=93.587 J | dram=NA | total=93.587 J | power=92.4 W | runtime=in_range | checksum=OK
[STRIDED_GEMM] N=256 threads=2 rep=4 batches=6441 time=1.011 s | package=92.974 J | dram=NA | total=92.974 J | power=92.0 W | runtime=in_range | checksum=OK
[STRIDED_GEMM] N=256 threads=2 rep=5 batches=6441 time=1.012 s | package=91.951 J | dram=NA | total=91.951 J | power=90.9 W | runtime=in_range | checksum=OK
[STRIDED_GEMM] N=256 threads=2 rep=6 batches=6441 time=1.015 s | package=93.377 J | dram=NA | total=93.377 J | power=92.0 W | runtime=in_range | checksum=OK
[STRIDED_GEMM] N=256 threads=2 rep=7 batches=6441 time=1.018 s | package=94.157 J | dram=NA | total=94.157 J | power=92.5 W | runtime=in_range | checksum=OK
[STRIDED_GEMM] N=256 threads=2 rep=8 batches=6441 time=1.017 s | package=93.623 J | dram=NA | total=93.623 J | power=92.1 W | runtime=in_range | checksum=OK
[STRIDED_GEMM] N=256 threads=2 rep=9 batches=6441 time=1.013 s | package=93.253 J | dram=NA | total=93.253 J | power=92.1 W | runtime=in_range | checksum=OK
[STRIDED_GEMM] N=256 threads=2 rep=10 batches=6441 time=1.015 s | package=93.351 J | dram=NA | total=93.351 J | power=92.0 W | runtime=in_range | checksum=OK
[OpenBLAS] requested=10 active=10
[STRIDED_GEMM] N=512 threads=10 rep=1 batches=1939 time=1.008 s | package=159.737 J | dram=NA | total=159.737 J | power=158.5 W | runtime=in_range | checksum=OK
[STRIDED_GEMM] N=512 threads=10 rep=2 batches=1939 time=1.009 s | package=159.909 J | dram=NA | total=159.909 J | power=158.4 W | runtime=in_range | checksum=OK
[STRIDED_GEMM] N=512 threads=10 rep=3 batches=1939 time=1.010 s | package=160.007 J | dram=NA | total=160.007 J | power=158.4 W | runtime=in_range | checksum=OK
[STRIDED_GEMM] N=512 threads=10 rep=4 batches=1939 time=1.011 s | package=159.765 J | dram=NA | total=159.765 J | power=158.1 W | runtime=in_range | checksum=OK
[STRIDED_GEMM] N=512 threads=10 rep=5 batches=1939 time=1.011 s | package=159.882 J | dram=NA | total=159.882 J | power=158.2 W | runtime=in_range | checksum=OK
[STRIDED_GEMM] N=512 threads=10 rep=6 batches=1939 time=1.020 s | package=160.870 J | dram=NA | total=160.870 J | power=157.8 W | runtime=in_range | checksum=OK
[STRIDED_GEMM] N=512 threads=10 rep=7 batches=1939 time=1.020 s | package=160.815 J | dram=NA | total=160.815 J | power=157.6 W | runtime=in_range | checksum=OK
[STRIDED_GEMM] N=512 threads=10 rep=8 batches=1939 time=1.013 s | package=160.093 J | dram=NA | total=160.093 J | power=158.1 W | runtime=in_range | checksum=OK
[STRIDED_GEMM] N=512 threads=10 rep=9 batches=1939 time=1.012 s | package=159.936 J | dram=NA | total=159.936 J | power=158.0 W | runtime=in_range | checksum=OK
[STRIDED_GEMM] N=512 threads=10 rep=10 batches=1939 time=1.013 s | package=160.061 J | dram=NA | total=160.061 J | power=158.0 W | runtime=in_range | checksum=OK
[OpenBLAS] requested=32 active=32
[STRIDED_GEMM] N=256 threads=32 rep=1 batches=12983 time=1.002 s | package=216.666 J | dram=NA | total=216.666 J | power=216.3 W | runtime=in_range | checksum=OK
[STRIDED_GEMM] N=256 threads=32 rep=2 batches=12983 time=1.008 s | package=217.612 J | dram=NA | total=217.612 J | power=216.0 W | runtime=in_range | checksum=OK
[STRIDED_GEMM] N=256 threads=32 rep=3 batches=12983 time=0.999 s | package=216.085 J | dram=NA | total=216.085 J | power=216.3 W | runtime=in_range | checksum=OK
[STRIDED_GEMM] N=256 threads=32 rep=4 batches=12983 time=1.000 s | package=216.099 J | dram=NA | total=216.099 J | power=216.2 W | runtime=in_range | checksum=OK
[STRIDED_GEMM] N=256 threads=32 rep=5 batches=12983 time=1.005 s | package=217.097 J | dram=NA | total=217.097 J | power=216.1 W | runtime=in_range | checksum=OK
[STRIDED_GEMM] N=256 threads=32 rep=6 batches=12983 time=1.000 s | package=216.161 J | dram=NA | total=216.161 J | power=216.2 W | runtime=in_range | checksum=OK
[STRIDED_GEMM] N=256 threads=32 rep=7 batches=12983 time=1.004 s | package=216.751 J | dram=NA | total=216.751 J | power=215.9 W | runtime=in_range | checksum=OK
[STRIDED_GEMM] N=256 threads=32 rep=8 batches=12983 time=1.002 s | package=216.705 J | dram=NA | total=216.705 J | power=216.3 W | runtime=in_range | checksum=OK
[STRIDED_GEMM] N=256 threads=32 rep=9 batches=12983 time=1.008 s | package=217.489 J | dram=NA | total=217.489 J | power=215.7 W | runtime=in_range | checksum=OK
[STRIDED_GEMM] N=256 threads=32 rep=10 batches=12983 time=1.004 s | package=216.821 J | dram=NA | total=216.821 J | power=215.9 W | runtime=in_range | checksum=OK
[OpenBLAS] requested=2 active=2
[STRIDED_GEMM] N=128 threads=2 rep=1 batches=42718 time=0.996 s | package=88.102 J | dram=NA | total=88.102 J | power=88.4 W | runtime=in_range | checksum=OK
[STRIDED_GEMM] N=128 threads=2 rep=2 batches=42718 time=1.003 s | package=88.675 J | dram=NA | total=88.675 J | power=88.4 W | runtime=in_range | checksum=OK
[STRIDED_GEMM] N=128 threads=2 rep=3 batches=42718 time=1.000 s | package=89.354 J | dram=NA | total=89.354 J | power=89.3 W | runtime=in_range | checksum=OK
[STRIDED_GEMM] N=128 threads=2 rep=4 batches=42718 time=1.002 s | package=89.239 J | dram=NA | total=89.239 J | power=89.1 W | runtime=in_range | checksum=OK
[STRIDED_GEMM] N=128 threads=2 rep=5 batches=42718 time=1.005 s | package=89.445 J | dram=NA | total=89.445 J | power=89.0 W | runtime=in_range | checksum=OK
[STRIDED_GEMM] N=128 threads=2 rep=6 batches=42718 time=1.000 s | package=89.411 J | dram=NA | total=89.411 J | power=89.4 W | runtime=in_range | checksum=OK
[STRIDED_GEMM] N=128 threads=2 rep=7 batches=42718 time=1.000 s | package=89.060 J | dram=NA | total=89.060 J | power=89.1 W | runtime=in_range | checksum=OK
[STRIDED_GEMM] N=128 threads=2 rep=8 batches=42718 time=1.001 s | package=88.954 J | dram=NA | total=88.954 J | power=88.9 W | runtime=in_range | checksum=OK
[STRIDED_GEMM] N=128 threads=2 rep=9 batches=42718 time=0.999 s | package=88.318 J | dram=NA | total=88.318 J | power=88.4 W | runtime=in_range | checksum=OK
[STRIDED_GEMM] N=128 threads=2 rep=10 batches=42718 time=0.997 s | package=87.673 J | dram=NA | total=87.673 J | power=87.9 W | runtime=in_range | checksum=OK
[OpenBLAS] requested=10 active=10
[STRIDED_GEMM] N=128 threads=10 rep=1 batches=56886 time=0.999 s | package=119.051 J | dram=NA | total=119.051 J | power=119.2 W | runtime=in_range | checksum=OK
[STRIDED_GEMM] N=128 threads=10 rep=2 batches=56886 time=1.003 s | package=119.550 J | dram=NA | total=119.550 J | power=119.2 W | runtime=in_range | checksum=OK
[STRIDED_GEMM] N=128 threads=10 rep=3 batches=56886 time=0.992 s | package=118.636 J | dram=NA | total=118.636 J | power=119.6 W | runtime=in_range | checksum=OK
[STRIDED_GEMM] N=128 threads=10 rep=4 batches=56886 time=1.002 s | package=119.539 J | dram=NA | total=119.539 J | power=119.3 W | runtime=in_range | checksum=OK
[STRIDED_GEMM] N=128 threads=10 rep=5 batches=56886 time=0.994 s | package=118.804 J | dram=NA | total=118.804 J | power=119.5 W | runtime=in_range | checksum=OK
[STRIDED_GEMM] N=128 threads=10 rep=6 batches=56886 time=0.994 s | package=119.036 J | dram=NA | total=119.036 J | power=119.7 W | runtime=in_range | checksum=OK
[STRIDED_GEMM] N=128 threads=10 rep=7 batches=56886 time=1.003 s | package=119.597 J | dram=NA | total=119.597 J | power=119.3 W | runtime=in_range | checksum=OK
[STRIDED_GEMM] N=128 threads=10 rep=8 batches=56886 time=0.996 s | package=118.989 J | dram=NA | total=118.989 J | power=119.5 W | runtime=in_range | checksum=OK
[STRIDED_GEMM] N=128 threads=10 rep=9 batches=56886 time=1.001 s | package=119.460 J | dram=NA | total=119.460 J | power=119.3 W | runtime=in_range | checksum=OK
[STRIDED_GEMM] N=128 threads=10 rep=10 batches=56886 time=0.998 s | package=119.172 J | dram=NA | total=119.172 J | power=119.4 W | runtime=in_range | checksum=OK
[OpenBLAS] requested=1 active=1
[STRIDED_GEMM] N=1024 threads=1 rep=1 batches=57 time=0.999 s | package=76.523 J | dram=NA | total=76.523 J | power=76.6 W | runtime=in_range | checksum=OK
[STRIDED_GEMM] N=1024 threads=1 rep=2 batches=57 time=1.008 s | package=77.302 J | dram=NA | total=77.302 J | power=76.7 W | runtime=in_range | checksum=OK
[STRIDED_GEMM] N=1024 threads=1 rep=3 batches=57 time=1.007 s | package=76.355 J | dram=NA | total=76.355 J | power=75.8 W | runtime=in_range | checksum=OK
[STRIDED_GEMM] N=1024 threads=1 rep=4 batches=57 time=1.008 s | package=75.864 J | dram=NA | total=75.864 J | power=75.3 W | runtime=in_range | checksum=OK
[STRIDED_GEMM] N=1024 threads=1 rep=5 batches=57 time=1.006 s | package=75.670 J | dram=NA | total=75.670 J | power=75.2 W | runtime=in_range | checksum=OK
[STRIDED_GEMM] N=1024 threads=1 rep=6 batches=57 time=1.007 s | package=75.639 J | dram=NA | total=75.639 J | power=75.1 W | runtime=in_range | checksum=OK
[STRIDED_GEMM] N=1024 threads=1 rep=7 batches=57 time=1.008 s | package=76.786 J | dram=NA | total=76.786 J | power=76.2 W | runtime=in_range | checksum=OK
[STRIDED_GEMM] N=1024 threads=1 rep=8 batches=57 time=1.010 s | package=76.250 J | dram=NA | total=76.250 J | power=75.5 W | runtime=in_range | checksum=OK
[STRIDED_GEMM] N=1024 threads=1 rep=9 batches=57 time=0.998 s | package=75.093 J | dram=NA | total=75.093 J | power=75.2 W | runtime=in_range | checksum=OK
[STRIDED_GEMM] N=1024 threads=1 rep=10 batches=57 time=1.007 s | package=75.783 J | dram=NA | total=75.783 J | power=75.3 W | runtime=in_range | checksum=OK
[OpenBLAS] requested=20 active=20
[STRIDED_GEMM] N=2048 threads=20 rep=1 batches=84 time=1.005 s | package=278.446 J | dram=NA | total=278.446 J | power=277.1 W | runtime=in_range | checksum=OK
[STRIDED_GEMM] N=2048 threads=20 rep=2 batches=84 time=1.016 s | package=279.740 J | dram=NA | total=279.740 J | power=275.4 W | runtime=in_range | checksum=OK
[STRIDED_GEMM] N=2048 threads=20 rep=3 batches=84 time=1.010 s | package=278.858 J | dram=NA | total=278.858 J | power=276.2 W | runtime=in_range | checksum=OK
[STRIDED_GEMM] N=2048 threads=20 rep=4 batches=84 time=1.013 s | package=279.482 J | dram=NA | total=279.482 J | power=275.8 W | runtime=in_range | checksum=OK
[STRIDED_GEMM] N=2048 threads=20 rep=5 batches=84 time=1.020 s | package=280.277 J | dram=NA | total=280.277 J | power=274.7 W | runtime=in_range | checksum=OK
[STRIDED_GEMM] N=2048 threads=20 rep=6 batches=84 time=1.009 s | package=278.865 J | dram=NA | total=278.865 J | power=276.3 W | runtime=in_range | checksum=OK
[STRIDED_GEMM] N=2048 threads=20 rep=7 batches=84 time=1.010 s | package=279.166 J | dram=NA | total=279.166 J | power=276.3 W | runtime=in_range | checksum=OK
[STRIDED_GEMM] N=2048 threads=20 rep=8 batches=84 time=1.009 s | package=279.039 J | dram=NA | total=279.039 J | power=276.5 W | runtime=in_range | checksum=OK
[STRIDED_GEMM] N=2048 threads=20 rep=9 batches=84 time=1.007 s | package=278.775 J | dram=NA | total=278.775 J | power=276.7 W | runtime=in_range | checksum=OK
[STRIDED_GEMM] N=2048 threads=20 rep=10 batches=84 time=1.009 s | package=278.920 J | dram=NA | total=278.920 J | power=276.5 W | runtime=in_range | checksum=OK
[OpenBLAS] requested=64 active=64
[STRIDED_GEMM] N=256 threads=64 rep=1 batches=12805 time=0.986 s | package=211.180 J | dram=NA | total=211.180 J | power=214.2 W | runtime=in_range | checksum=OK
[STRIDED_GEMM] N=256 threads=64 rep=2 batches=12805 time=0.986 s | package=211.415 J | dram=NA | total=211.415 J | power=214.4 W | runtime=in_range | checksum=OK
[STRIDED_GEMM] N=256 threads=64 rep=3 batches=12805 time=0.991 s | package=212.348 J | dram=NA | total=212.348 J | power=214.2 W | runtime=in_range | checksum=OK
[STRIDED_GEMM] N=256 threads=64 rep=4 batches=12805 time=0.995 s | package=213.378 J | dram=NA | total=213.378 J | power=214.4 W | runtime=in_range | checksum=OK
[STRIDED_GEMM] N=256 threads=64 rep=5 batches=12805 time=1.002 s | package=214.413 J | dram=NA | total=214.413 J | power=213.9 W | runtime=in_range | checksum=OK
[STRIDED_GEMM] N=256 threads=64 rep=6 batches=12805 time=1.002 s | package=214.435 J | dram=NA | total=214.435 J | power=214.1 W | runtime=in_range | checksum=OK
[STRIDED_GEMM] N=256 threads=64 rep=7 batches=12805 time=0.988 s | package=212.015 J | dram=NA | total=212.015 J | power=214.5 W | runtime=in_range | checksum=OK
[STRIDED_GEMM] N=256 threads=64 rep=8 batches=12805 time=0.990 s | package=212.526 J | dram=NA | total=212.526 J | power=214.6 W | runtime=in_range | checksum=OK
[STRIDED_GEMM] N=256 threads=64 rep=9 batches=12805 time=0.991 s | package=212.574 J | dram=NA | total=212.574 J | power=214.5 W | runtime=in_range | checksum=OK
[STRIDED_GEMM] N=256 threads=64 rep=10 batches=12805 time=0.994 s | package=212.872 J | dram=NA | total=212.872 J | power=214.3 W | runtime=in_range | checksum=OK
[OpenBLAS] requested=10 active=10
[STRIDED_GEMM] N=2048 threads=10 rep=1 batches=50 time=1.023 s | package=193.522 J | dram=NA | total=193.522 J | power=189.2 W | runtime=in_range | checksum=OK
[STRIDED_GEMM] N=2048 threads=10 rep=2 batches=50 time=1.026 s | package=193.759 J | dram=NA | total=193.759 J | power=188.9 W | runtime=in_range | checksum=OK
[STRIDED_GEMM] N=2048 threads=10 rep=3 batches=50 time=1.032 s | package=194.430 J | dram=NA | total=194.430 J | power=188.3 W | runtime=in_range | checksum=OK
[STRIDED_GEMM] N=2048 threads=10 rep=4 batches=50 time=1.023 s | package=193.360 J | dram=NA | total=193.360 J | power=188.9 W | runtime=in_range | checksum=OK
[STRIDED_GEMM] N=2048 threads=10 rep=5 batches=50 time=1.032 s | package=194.556 J | dram=NA | total=194.556 J | power=188.6 W | runtime=in_range | checksum=OK
[STRIDED_GEMM] N=2048 threads=10 rep=6 batches=50 time=1.023 s | package=193.370 J | dram=NA | total=193.370 J | power=189.0 W | runtime=in_range | checksum=OK
[STRIDED_GEMM] N=2048 threads=10 rep=7 batches=50 time=1.025 s | package=193.549 J | dram=NA | total=193.549 J | power=188.9 W | runtime=in_range | checksum=OK
[STRIDED_GEMM] N=2048 threads=10 rep=8 batches=50 time=1.024 s | package=193.382 J | dram=NA | total=193.382 J | power=188.9 W | runtime=in_range | checksum=OK
[STRIDED_GEMM] N=2048 threads=10 rep=9 batches=50 time=1.024 s | package=193.368 J | dram=NA | total=193.368 J | power=188.8 W | runtime=in_range | checksum=OK
[STRIDED_GEMM] N=2048 threads=10 rep=10 batches=50 time=1.025 s | package=193.645 J | dram=NA | total=193.645 J | power=188.9 W | runtime=in_range | checksum=OK
[OpenBLAS] requested=8 active=8
[STRIDED_GEMM] N=256 threads=8 rep=1 batches=11459 time=1.008 s | package=136.936 J | dram=NA | total=136.936 J | power=135.8 W | runtime=in_range | checksum=OK
[STRIDED_GEMM] N=256 threads=8 rep=2 batches=11459 time=1.002 s | package=136.192 J | dram=NA | total=136.192 J | power=136.0 W | runtime=in_range | checksum=OK
[STRIDED_GEMM] N=256 threads=8 rep=3 batches=11459 time=1.005 s | package=136.349 J | dram=NA | total=136.349 J | power=135.7 W | runtime=in_range | checksum=OK
[STRIDED_GEMM] N=256 threads=8 rep=4 batches=11459 time=1.006 s | package=136.662 J | dram=NA | total=136.662 J | power=135.9 W | runtime=in_range | checksum=OK
[STRIDED_GEMM] N=256 threads=8 rep=5 batches=11459 time=1.007 s | package=136.865 J | dram=NA | total=136.865 J | power=135.9 W | runtime=in_range | checksum=OK
[STRIDED_GEMM] N=256 threads=8 rep=6 batches=11459 time=1.010 s | package=137.107 J | dram=NA | total=137.107 J | power=135.8 W | runtime=in_range | checksum=OK
[STRIDED_GEMM] N=256 threads=8 rep=7 batches=11459 time=0.993 s | package=135.276 J | dram=NA | total=135.276 J | power=136.2 W | runtime=in_range | checksum=OK
[STRIDED_GEMM] N=256 threads=8 rep=8 batches=11459 time=0.997 s | package=135.789 J | dram=NA | total=135.789 J | power=136.2 W | runtime=in_range | checksum=OK
[STRIDED_GEMM] N=256 threads=8 rep=9 batches=11459 time=0.999 s | package=136.146 J | dram=NA | total=136.146 J | power=136.2 W | runtime=in_range | checksum=OK
[STRIDED_GEMM] N=256 threads=8 rep=10 batches=11459 time=0.997 s | package=135.829 J | dram=NA | total=135.829 J | power=136.2 W | runtime=in_range | checksum=OK
[OpenBLAS] requested=32 active=32
[STRIDED_GEMM] N=8192 threads=32 rep=1 batches=3 time=1.370 s | package=389.152 J | dram=NA | total=389.152 J | power=284.0 W | runtime=above | checksum=OK
[STRIDED_GEMM] N=8192 threads=32 rep=2 batches=3 time=1.369 s | package=388.916 J | dram=NA | total=388.916 J | power=284.1 W | runtime=above | checksum=OK
[STRIDED_GEMM] N=8192 threads=32 rep=3 batches=3 time=1.371 s | package=389.781 J | dram=NA | total=389.781 J | power=284.2 W | runtime=above | checksum=OK
[STRIDED_GEMM] N=8192 threads=32 rep=4 batches=3 time=1.373 s | package=389.992 J | dram=NA | total=389.992 J | power=284.0 W | runtime=above | checksum=OK
[STRIDED_GEMM] N=8192 threads=32 rep=5 batches=3 time=1.372 s | package=389.804 J | dram=NA | total=389.804 J | power=284.1 W | runtime=above | checksum=OK
[STRIDED_GEMM] N=8192 threads=32 rep=6 batches=3 time=1.371 s | package=389.795 J | dram=NA | total=389.795 J | power=284.3 W | runtime=above | checksum=OK
[STRIDED_GEMM] N=8192 threads=32 rep=7 batches=3 time=1.372 s | package=389.830 J | dram=NA | total=389.830 J | power=284.2 W | runtime=above | checksum=OK
[STRIDED_GEMM] N=8192 threads=32 rep=8 batches=3 time=1.373 s | package=390.000 J | dram=NA | total=390.000 J | power=284.1 W | runtime=above | checksum=OK
[STRIDED_GEMM] N=8192 threads=32 rep=9 batches=3 time=1.372 s | package=390.021 J | dram=NA | total=390.021 J | power=284.2 W | runtime=above | checksum=OK
[STRIDED_GEMM] N=8192 threads=32 rep=10 batches=3 time=1.373 s | package=390.327 J | dram=NA | total=390.327 J | power=284.2 W | runtime=above | checksum=OK
[OpenBLAS] requested=2 active=2
[STRIDED_GEMM] N=2048 threads=2 rep=1 batches=15 time=1.065 s | package=105.132 J | dram=NA | total=105.132 J | power=98.7 W | runtime=in_range | checksum=OK
[STRIDED_GEMM] N=2048 threads=2 rep=2 batches=15 time=1.075 s | package=105.307 J | dram=NA | total=105.307 J | power=97.9 W | runtime=in_range | checksum=OK
[STRIDED_GEMM] N=2048 threads=2 rep=3 batches=15 time=1.074 s | package=104.631 J | dram=NA | total=104.631 J | power=97.4 W | runtime=in_range | checksum=OK
[STRIDED_GEMM] N=2048 threads=2 rep=4 batches=15 time=1.069 s | package=104.081 J | dram=NA | total=104.081 J | power=97.4 W | runtime=in_range | checksum=OK
[STRIDED_GEMM] N=2048 threads=2 rep=5 batches=15 time=1.076 s | package=104.582 J | dram=NA | total=104.582 J | power=97.2 W | runtime=in_range | checksum=OK
[STRIDED_GEMM] N=2048 threads=2 rep=6 batches=15 time=1.076 s | package=104.460 J | dram=NA | total=104.460 J | power=97.1 W | runtime=in_range | checksum=OK
[STRIDED_GEMM] N=2048 threads=2 rep=7 batches=15 time=1.072 s | package=103.870 J | dram=NA | total=103.870 J | power=96.9 W | runtime=in_range | checksum=OK
[STRIDED_GEMM] N=2048 threads=2 rep=8 batches=15 time=1.076 s | package=104.110 J | dram=NA | total=104.110 J | power=96.8 W | runtime=in_range | checksum=OK
[STRIDED_GEMM] N=2048 threads=2 rep=9 batches=15 time=1.074 s | package=103.936 J | dram=NA | total=103.936 J | power=96.8 W | runtime=in_range | checksum=OK
[STRIDED_GEMM] N=2048 threads=2 rep=10 batches=15 time=1.075 s | package=103.940 J | dram=NA | total=103.940 J | power=96.7 W | runtime=in_range | checksum=OK
[OpenBLAS] requested=4 active=4
[STRIDED_GEMM] N=16384 threads=4 rep=1 batches=1 time=19.755 s | package=2478.339 J | dram=NA | total=2478.339 J | power=125.5 W | runtime=above | checksum=OK
[STRIDED_GEMM] N=16384 threads=4 rep=2 batches=1 time=19.737 s | package=2480.772 J | dram=NA | total=2480.772 J | power=125.7 W | runtime=above | checksum=OK
[STRIDED_GEMM] N=16384 threads=4 rep=3 batches=1 time=19.717 s | package=2473.382 J | dram=NA | total=2473.382 J | power=125.4 W | runtime=above | checksum=OK
[STRIDED_GEMM] N=16384 threads=4 rep=4 batches=1 time=19.699 s | package=2469.655 J | dram=NA | total=2469.655 J | power=125.4 W | runtime=above | checksum=OK
[STRIDED_GEMM] N=16384 threads=4 rep=5 batches=1 time=19.764 s | package=2474.551 J | dram=NA | total=2474.551 J | power=125.2 W | runtime=above | checksum=OK
[STRIDED_GEMM] N=16384 threads=4 rep=6 batches=1 time=19.763 s | package=2472.010 J | dram=NA | total=2472.010 J | power=125.1 W | runtime=above | checksum=OK
[STRIDED_GEMM] N=16384 threads=4 rep=7 batches=1 time=19.763 s | package=2473.874 J | dram=NA | total=2473.874 J | power=125.2 W | runtime=above | checksum=OK
[STRIDED_GEMM] N=16384 threads=4 rep=8 batches=1 time=19.752 s | package=2463.125 J | dram=NA | total=2463.125 J | power=124.7 W | runtime=above | checksum=OK
[STRIDED_GEMM] N=16384 threads=4 rep=9 batches=1 time=19.783 s | package=2473.526 J | dram=NA | total=2473.526 J | power=125.0 W | runtime=above | checksum=OK
[STRIDED_GEMM] N=16384 threads=4 rep=10 batches=1 time=19.769 s | package=2472.842 J | dram=NA | total=2472.842 J | power=125.1 W | runtime=above | checksum=OK
[OpenBLAS] requested=4 active=4
[STRIDED_GEMM] N=8192 threads=4 rep=1 batches=1 time=2.368 s | package=301.853 J | dram=NA | total=301.853 J | power=127.5 W | runtime=above | checksum=OK
[STRIDED_GEMM] N=8192 threads=4 rep=2 batches=1 time=2.383 s | package=303.613 J | dram=NA | total=303.613 J | power=127.4 W | runtime=above | checksum=OK
[STRIDED_GEMM] N=8192 threads=4 rep=3 batches=1 time=2.362 s | package=301.544 J | dram=NA | total=301.544 J | power=127.6 W | runtime=above | checksum=OK
[STRIDED_GEMM] N=8192 threads=4 rep=4 batches=1 time=2.366 s | package=302.114 J | dram=NA | total=302.114 J | power=127.7 W | runtime=above | checksum=OK
[STRIDED_GEMM] N=8192 threads=4 rep=5 batches=1 time=2.367 s | package=302.240 J | dram=NA | total=302.240 J | power=127.7 W | runtime=above | checksum=OK
[STRIDED_GEMM] N=8192 threads=4 rep=6 batches=1 time=2.363 s | package=301.832 J | dram=NA | total=301.832 J | power=127.7 W | runtime=above | checksum=OK
[STRIDED_GEMM] N=8192 threads=4 rep=7 batches=1 time=2.364 s | package=301.959 J | dram=NA | total=301.959 J | power=127.7 W | runtime=above | checksum=OK
[STRIDED_GEMM] N=8192 threads=4 rep=8 batches=1 time=2.358 s | package=301.464 J | dram=NA | total=301.464 J | power=127.8 W | runtime=above | checksum=OK
[STRIDED_GEMM] N=8192 threads=4 rep=9 batches=1 time=2.365 s | package=302.228 J | dram=NA | total=302.228 J | power=127.8 W | runtime=above | checksum=OK
[STRIDED_GEMM] N=8192 threads=4 rep=10 batches=1 time=2.360 s | package=302.164 J | dram=NA | total=302.164 J | power=128.0 W | runtime=above | checksum=OK
[OpenBLAS] requested=2 active=2
[STRIDED_GEMM] N=64 threads=2 rep=1 batches=162199 time=0.999 s | package=71.699 J | dram=NA | total=71.699 J | power=71.8 W | runtime=in_range | checksum=OK
[STRIDED_GEMM] N=64 threads=2 rep=2 batches=162199 time=1.002 s | package=71.844 J | dram=NA | total=71.844 J | power=71.7 W | runtime=in_range | checksum=OK
[STRIDED_GEMM] N=64 threads=2 rep=3 batches=162199 time=0.997 s | package=71.622 J | dram=NA | total=71.622 J | power=71.9 W | runtime=in_range | checksum=OK
[STRIDED_GEMM] N=64 threads=2 rep=4 batches=162199 time=0.998 s | package=71.678 J | dram=NA | total=71.678 J | power=71.8 W | runtime=in_range | checksum=OK
[STRIDED_GEMM] N=64 threads=2 rep=5 batches=162199 time=0.998 s | package=71.647 J | dram=NA | total=71.647 J | power=71.8 W | runtime=in_range | checksum=OK
[STRIDED_GEMM] N=64 threads=2 rep=6 batches=162199 time=0.997 s | package=71.584 J | dram=NA | total=71.584 J | power=71.8 W | runtime=in_range | checksum=OK
[STRIDED_GEMM] N=64 threads=2 rep=7 batches=162199 time=0.997 s | package=71.516 J | dram=NA | total=71.516 J | power=71.7 W | runtime=in_range | checksum=OK
[STRIDED_GEMM] N=64 threads=2 rep=8 batches=162199 time=0.996 s | package=71.525 J | dram=NA | total=71.525 J | power=71.8 W | runtime=in_range | checksum=OK
[STRIDED_GEMM] N=64 threads=2 rep=9 batches=162199 time=0.996 s | package=71.513 J | dram=NA | total=71.513 J | power=71.8 W | runtime=in_range | checksum=OK
[STRIDED_GEMM] N=64 threads=2 rep=10 batches=162199 time=0.997 s | package=71.527 J | dram=NA | total=71.527 J | power=71.7 W | runtime=in_range | checksum=OK
[OpenBLAS] requested=64 active=64
[STRIDED_GEMM] N=2048 threads=64 rep=1 batches=124 time=1.007 s | package=242.059 J | dram=NA | total=242.059 J | power=240.3 W | runtime=in_range | checksum=OK
[STRIDED_GEMM] N=2048 threads=64 rep=2 batches=124 time=1.012 s | package=243.412 J | dram=NA | total=243.412 J | power=240.6 W | runtime=in_range | checksum=OK
[STRIDED_GEMM] N=2048 threads=64 rep=3 batches=124 time=1.011 s | package=242.880 J | dram=NA | total=242.880 J | power=240.3 W | runtime=in_range | checksum=OK
[STRIDED_GEMM] N=2048 threads=64 rep=4 batches=124 time=1.009 s | package=243.039 J | dram=NA | total=243.039 J | power=240.8 W | runtime=in_range | checksum=OK
[STRIDED_GEMM] N=2048 threads=64 rep=5 batches=124 time=1.011 s | package=244.517 J | dram=NA | total=244.517 J | power=241.7 W | runtime=in_range | checksum=OK
[STRIDED_GEMM] N=2048 threads=64 rep=6 batches=124 time=1.011 s | package=244.871 J | dram=NA | total=244.871 J | power=242.2 W | runtime=in_range | checksum=OK
[STRIDED_GEMM] N=2048 threads=64 rep=7 batches=124 time=1.011 s | package=245.039 J | dram=NA | total=245.039 J | power=242.3 W | runtime=in_range | checksum=OK
[STRIDED_GEMM] N=2048 threads=64 rep=8 batches=124 time=1.012 s | package=245.169 J | dram=NA | total=245.169 J | power=242.3 W | runtime=in_range | checksum=OK
[STRIDED_GEMM] N=2048 threads=64 rep=9 batches=124 time=1.011 s | package=244.627 J | dram=NA | total=244.627 J | power=242.0 W | runtime=in_range | checksum=OK
[STRIDED_GEMM] N=2048 threads=64 rep=10 batches=124 time=1.011 s | package=244.940 J | dram=NA | total=244.940 J | power=242.2 W | runtime=in_range | checksum=OK
[OpenBLAS] requested=32 active=32
[STRIDED_GEMM] N=128 threads=32 rep=1 batches=56548 time=1.001 s | package=119.682 J | dram=NA | total=119.682 J | power=119.5 W | runtime=in_range | checksum=OK
[STRIDED_GEMM] N=128 threads=32 rep=2 batches=56548 time=1.002 s | package=119.863 J | dram=NA | total=119.863 J | power=119.7 W | runtime=in_range | checksum=OK
[STRIDED_GEMM] N=128 threads=32 rep=3 batches=56548 time=1.003 s | package=119.775 J | dram=NA | total=119.775 J | power=119.4 W | runtime=in_range | checksum=OK
[STRIDED_GEMM] N=128 threads=32 rep=4 batches=56548 time=1.003 s | package=119.671 J | dram=NA | total=119.671 J | power=119.3 W | runtime=in_range | checksum=OK
[STRIDED_GEMM] N=128 threads=32 rep=5 batches=56548 time=1.006 s | package=120.026 J | dram=NA | total=120.026 J | power=119.3 W | runtime=in_range | checksum=OK
[STRIDED_GEMM] N=128 threads=32 rep=6 batches=56548 time=1.007 s | package=119.953 J | dram=NA | total=119.953 J | power=119.1 W | runtime=in_range | checksum=OK
[STRIDED_GEMM] N=128 threads=32 rep=7 batches=56548 time=1.012 s | package=120.637 J | dram=NA | total=120.637 J | power=119.2 W | runtime=in_range | checksum=OK
[STRIDED_GEMM] N=128 threads=32 rep=8 batches=56548 time=1.010 s | package=120.458 J | dram=NA | total=120.458 J | power=119.3 W | runtime=in_range | checksum=OK
[STRIDED_GEMM] N=128 threads=32 rep=9 batches=56548 time=1.009 s | package=120.315 J | dram=NA | total=120.315 J | power=119.2 W | runtime=in_range | checksum=OK
[STRIDED_GEMM] N=128 threads=32 rep=10 batches=56548 time=1.004 s | package=119.884 J | dram=NA | total=119.884 J | power=119.4 W | runtime=in_range | checksum=OK
[OpenBLAS] requested=1 active=1
[STRIDED_GEMM] N=256 threads=1 rep=1 batches=3525 time=1.000 s | package=75.003 J | dram=NA | total=75.003 J | power=75.0 W | runtime=in_range | checksum=OK
[STRIDED_GEMM] N=256 threads=1 rep=2 batches=3525 time=1.009 s | package=75.718 J | dram=NA | total=75.718 J | power=75.0 W | runtime=in_range | checksum=OK
[STRIDED_GEMM] N=256 threads=1 rep=3 batches=3525 time=1.009 s | package=75.557 J | dram=NA | total=75.557 J | power=74.9 W | runtime=in_range | checksum=OK
[STRIDED_GEMM] N=256 threads=1 rep=4 batches=3525 time=1.009 s | package=75.611 J | dram=NA | total=75.611 J | power=75.0 W | runtime=in_range | checksum=OK
[STRIDED_GEMM] N=256 threads=1 rep=5 batches=3525 time=1.009 s | package=75.645 J | dram=NA | total=75.645 J | power=75.0 W | runtime=in_range | checksum=OK
[STRIDED_GEMM] N=256 threads=1 rep=6 batches=3525 time=1.006 s | package=75.310 J | dram=NA | total=75.310 J | power=74.9 W | runtime=in_range | checksum=OK
[STRIDED_GEMM] N=256 threads=1 rep=7 batches=3525 time=1.006 s | package=75.348 J | dram=NA | total=75.348 J | power=74.9 W | runtime=in_range | checksum=OK
[STRIDED_GEMM] N=256 threads=1 rep=8 batches=3525 time=1.008 s | package=75.406 J | dram=NA | total=75.406 J | power=74.8 W | runtime=in_range | checksum=OK
[STRIDED_GEMM] N=256 threads=1 rep=9 batches=3525 time=1.007 s | package=75.435 J | dram=NA | total=75.435 J | power=74.9 W | runtime=in_range | checksum=OK
[STRIDED_GEMM] N=256 threads=1 rep=10 batches=3525 time=1.008 s | package=75.582 J | dram=NA | total=75.582 J | power=74.9 W | runtime=in_range | checksum=OK
[OpenBLAS] requested=20 active=20
[STRIDED_GEMM] N=64 threads=20 rep=1 batches=162916 time=1.000 s | package=71.770 J | dram=NA | total=71.770 J | power=71.8 W | runtime=in_range | checksum=OK
[STRIDED_GEMM] N=64 threads=20 rep=2 batches=162916 time=0.999 s | package=71.762 J | dram=NA | total=71.762 J | power=71.8 W | runtime=in_range | checksum=OK
[STRIDED_GEMM] N=64 threads=20 rep=3 batches=162916 time=1.001 s | package=71.865 J | dram=NA | total=71.865 J | power=71.8 W | runtime=in_range | checksum=OK
[STRIDED_GEMM] N=64 threads=20 rep=4 batches=162916 time=1.000 s | package=71.777 J | dram=NA | total=71.777 J | power=71.8 W | runtime=in_range | checksum=OK
[STRIDED_GEMM] N=64 threads=20 rep=5 batches=162916 time=1.000 s | package=71.762 J | dram=NA | total=71.762 J | power=71.8 W | runtime=in_range | checksum=OK
[STRIDED_GEMM] N=64 threads=20 rep=6 batches=162916 time=1.000 s | package=71.792 J | dram=NA | total=71.792 J | power=71.8 W | runtime=in_range | checksum=OK
[STRIDED_GEMM] N=64 threads=20 rep=7 batches=162916 time=0.999 s | package=71.783 J | dram=NA | total=71.783 J | power=71.8 W | runtime=in_range | checksum=OK
[STRIDED_GEMM] N=64 threads=20 rep=8 batches=162916 time=0.999 s | package=71.678 J | dram=NA | total=71.678 J | power=71.7 W | runtime=in_range | checksum=OK
[STRIDED_GEMM] N=64 threads=20 rep=9 batches=162916 time=0.999 s | package=71.633 J | dram=NA | total=71.633 J | power=71.7 W | runtime=in_range | checksum=OK
[STRIDED_GEMM] N=64 threads=20 rep=10 batches=162916 time=1.000 s | package=71.708 J | dram=NA | total=71.708 J | power=71.7 W | runtime=in_range | checksum=OK
[OpenBLAS] requested=1 active=1
[STRIDED_GEMM] N=64 threads=1 rep=1 batches=163160 time=1.001 s | package=71.736 J | dram=NA | total=71.736 J | power=71.7 W | runtime=in_range | checksum=OK
[STRIDED_GEMM] N=64 threads=1 rep=2 batches=163160 time=1.001 s | package=71.798 J | dram=NA | total=71.798 J | power=71.8 W | runtime=in_range | checksum=OK
[STRIDED_GEMM] N=64 threads=1 rep=3 batches=163160 time=1.001 s | package=71.917 J | dram=NA | total=71.917 J | power=71.8 W | runtime=in_range | checksum=OK
[STRIDED_GEMM] N=64 threads=1 rep=4 batches=163160 time=1.001 s | package=71.814 J | dram=NA | total=71.814 J | power=71.8 W | runtime=in_range | checksum=OK
[STRIDED_GEMM] N=64 threads=1 rep=5 batches=163160 time=1.002 s | package=71.858 J | dram=NA | total=71.858 J | power=71.7 W | runtime=in_range | checksum=OK
[STRIDED_GEMM] N=64 threads=1 rep=6 batches=163160 time=0.998 s | package=71.638 J | dram=NA | total=71.638 J | power=71.8 W | runtime=in_range | checksum=OK
[STRIDED_GEMM] N=64 threads=1 rep=7 batches=163160 time=1.002 s | package=71.840 J | dram=NA | total=71.840 J | power=71.7 W | runtime=in_range | checksum=OK
[STRIDED_GEMM] N=64 threads=1 rep=8 batches=163160 time=1.001 s | package=71.790 J | dram=NA | total=71.790 J | power=71.7 W | runtime=in_range | checksum=OK
[STRIDED_GEMM] N=64 threads=1 rep=9 batches=163160 time=1.001 s | package=71.734 J | dram=NA | total=71.734 J | power=71.7 W | runtime=in_range | checksum=OK
[STRIDED_GEMM] N=64 threads=1 rep=10 batches=163160 time=1.001 s | package=71.797 J | dram=NA | total=71.797 J | power=71.8 W | runtime=in_range | checksum=OK
