OpenBLAS backend=pthreads | config=OpenBLAS 0.3.30 NO_LAPACKE DYNAMIC_ARCH NO_AFFINITY Zen MAX_THREADS=128
STRIDED_GEMM(ld=2N) | AMD Ryzen Threadripper 3970X 32-Core Processor | session=strided_gemm_amd_20260719_175453_session4 | reps=10 | configs=81 | DRAM-RAPL=no
[OpenBLAS] requested=16 active=16
[STRIDED_GEMM] N=1024 threads=16 rep=1 batches=544 time=1.013 s | package=240.799 J | dram=NA | total=240.799 J | power=237.7 W | runtime=in_range | checksum=OK
[STRIDED_GEMM] N=1024 threads=16 rep=2 batches=544 time=1.020 s | package=241.281 J | dram=NA | total=241.281 J | power=236.6 W | runtime=in_range | checksum=OK
[STRIDED_GEMM] N=1024 threads=16 rep=3 batches=544 time=1.016 s | package=241.054 J | dram=NA | total=241.054 J | power=237.2 W | runtime=in_range | checksum=OK
[STRIDED_GEMM] N=1024 threads=16 rep=4 batches=544 time=1.016 s | package=241.181 J | dram=NA | total=241.181 J | power=237.3 W | runtime=in_range | checksum=OK
[STRIDED_GEMM] N=1024 threads=16 rep=5 batches=544 time=1.026 s | package=242.224 J | dram=NA | total=242.224 J | power=236.0 W | runtime=in_range | checksum=OK
[STRIDED_GEMM] N=1024 threads=16 rep=6 batches=544 time=1.019 s | package=241.173 J | dram=NA | total=241.173 J | power=236.6 W | runtime=in_range | checksum=OK
[STRIDED_GEMM] N=1024 threads=16 rep=7 batches=544 time=1.020 s | package=241.123 J | dram=NA | total=241.123 J | power=236.3 W | runtime=in_range | checksum=OK
[STRIDED_GEMM] N=1024 threads=16 rep=8 batches=544 time=1.020 s | package=241.183 J | dram=NA | total=241.183 J | power=236.4 W | runtime=in_range | checksum=OK
[STRIDED_GEMM] N=1024 threads=16 rep=9 batches=544 time=1.021 s | package=241.184 J | dram=NA | total=241.184 J | power=236.3 W | runtime=in_range | checksum=OK
[STRIDED_GEMM] N=1024 threads=16 rep=10 batches=544 time=1.021 s | package=241.167 J | dram=NA | total=241.167 J | power=236.1 W | runtime=in_range | checksum=OK
[OpenBLAS] requested=64 active=64
[STRIDED_GEMM] N=2048 threads=64 rep=1 batches=121 time=1.001 s | package=241.212 J | dram=NA | total=241.212 J | power=241.0 W | runtime=in_range | checksum=OK
[STRIDED_GEMM] N=2048 threads=64 rep=2 batches=121 time=1.003 s | package=241.947 J | dram=NA | total=241.947 J | power=241.2 W | runtime=in_range | checksum=OK
[STRIDED_GEMM] N=2048 threads=64 rep=3 batches=121 time=1.001 s | package=241.389 J | dram=NA | total=241.389 J | power=241.2 W | runtime=in_range | checksum=OK
[STRIDED_GEMM] N=2048 threads=64 rep=4 batches=121 time=1.003 s | package=241.924 J | dram=NA | total=241.924 J | power=241.3 W | runtime=in_range | checksum=OK
[STRIDED_GEMM] N=2048 threads=64 rep=5 batches=121 time=1.001 s | package=241.468 J | dram=NA | total=241.468 J | power=241.2 W | runtime=in_range | checksum=OK
[STRIDED_GEMM] N=2048 threads=64 rep=6 batches=121 time=1.003 s | package=242.011 J | dram=NA | total=242.011 J | power=241.3 W | runtime=in_range | checksum=OK
[STRIDED_GEMM] N=2048 threads=64 rep=7 batches=121 time=1.002 s | package=241.865 J | dram=NA | total=241.865 J | power=241.5 W | runtime=in_range | checksum=OK
[STRIDED_GEMM] N=2048 threads=64 rep=8 batches=121 time=1.002 s | package=241.818 J | dram=NA | total=241.818 J | power=241.3 W | runtime=in_range | checksum=OK
[STRIDED_GEMM] N=2048 threads=64 rep=9 batches=121 time=1.003 s | package=242.008 J | dram=NA | total=242.008 J | power=241.2 W | runtime=in_range | checksum=OK
[STRIDED_GEMM] N=2048 threads=64 rep=10 batches=121 time=1.002 s | package=241.981 J | dram=NA | total=241.981 J | power=241.5 W | runtime=in_range | checksum=OK
[OpenBLAS] requested=32 active=32
[STRIDED_GEMM] N=512 threads=32 rep=1 batches=2612 time=1.023 s | package=239.970 J | dram=NA | total=239.970 J | power=234.5 W | runtime=in_range | checksum=OK
[STRIDED_GEMM] N=512 threads=32 rep=2 batches=2612 time=1.051 s | package=245.277 J | dram=NA | total=245.277 J | power=233.4 W | runtime=in_range | checksum=OK
[STRIDED_GEMM] N=512 threads=32 rep=3 batches=2612 time=1.059 s | package=247.751 J | dram=NA | total=247.751 J | power=233.9 W | runtime=in_range | checksum=OK
[STRIDED_GEMM] N=512 threads=32 rep=4 batches=2612 time=1.019 s | package=239.040 J | dram=NA | total=239.040 J | power=234.6 W | runtime=in_range | checksum=OK
[STRIDED_GEMM] N=512 threads=32 rep=5 batches=2612 time=1.048 s | package=244.887 J | dram=NA | total=244.887 J | power=233.8 W | runtime=in_range | checksum=OK
[STRIDED_GEMM] N=512 threads=32 rep=6 batches=2612 time=1.027 s | package=240.891 J | dram=NA | total=240.891 J | power=234.5 W | runtime=in_range | checksum=OK
[STRIDED_GEMM] N=512 threads=32 rep=7 batches=2612 time=1.032 s | package=241.534 J | dram=NA | total=241.534 J | power=234.1 W | runtime=in_range | checksum=OK
[STRIDED_GEMM] N=512 threads=32 rep=8 batches=2612 time=1.033 s | package=241.851 J | dram=NA | total=241.851 J | power=234.1 W | runtime=in_range | checksum=OK
[STRIDED_GEMM] N=512 threads=32 rep=9 batches=2612 time=1.044 s | package=244.137 J | dram=NA | total=244.137 J | power=233.8 W | runtime=in_range | checksum=OK
[STRIDED_GEMM] N=512 threads=32 rep=10 batches=2612 time=1.020 s | package=239.043 J | dram=NA | total=239.043 J | power=234.4 W | runtime=in_range | checksum=OK
[OpenBLAS] requested=10 active=10
[STRIDED_GEMM] N=8192 threads=10 rep=1 batches=1 time=1.047 s | package=220.488 J | dram=NA | total=220.488 J | power=210.5 W | runtime=in_range | checksum=OK
[STRIDED_GEMM] N=8192 threads=10 rep=2 batches=1 time=1.050 s | package=220.188 J | dram=NA | total=220.188 J | power=209.6 W | runtime=in_range | checksum=OK
[STRIDED_GEMM] N=8192 threads=10 rep=3 batches=1 time=1.049 s | package=220.304 J | dram=NA | total=220.304 J | power=209.9 W | runtime=in_range | checksum=OK
[STRIDED_GEMM] N=8192 threads=10 rep=4 batches=1 time=1.051 s | package=220.919 J | dram=NA | total=220.919 J | power=210.3 W | runtime=in_range | checksum=OK
[STRIDED_GEMM] N=8192 threads=10 rep=5 batches=1 time=1.053 s | package=220.799 J | dram=NA | total=220.799 J | power=209.7 W | runtime=in_range | checksum=OK
[STRIDED_GEMM] N=8192 threads=10 rep=6 batches=1 time=1.055 s | package=220.885 J | dram=NA | total=220.885 J | power=209.5 W | runtime=in_range | checksum=OK
[STRIDED_GEMM] N=8192 threads=10 rep=7 batches=1 time=1.054 s | package=220.727 J | dram=NA | total=220.727 J | power=209.4 W | runtime=in_range | checksum=OK
[STRIDED_GEMM] N=8192 threads=10 rep=8 batches=1 time=1.055 s | package=220.749 J | dram=NA | total=220.749 J | power=209.3 W | runtime=in_range | checksum=OK
[STRIDED_GEMM] N=8192 threads=10 rep=9 batches=1 time=1.055 s | package=220.697 J | dram=NA | total=220.697 J | power=209.1 W | runtime=in_range | checksum=OK
[STRIDED_GEMM] N=8192 threads=10 rep=10 batches=1 time=1.054 s | package=220.682 J | dram=NA | total=220.682 J | power=209.3 W | runtime=in_range | checksum=OK
[OpenBLAS] requested=4 active=4
[STRIDED_GEMM] N=16384 threads=4 rep=1 batches=1 time=19.761 s | package=2478.498 J | dram=NA | total=2478.498 J | power=125.4 W | runtime=above | checksum=OK
[STRIDED_GEMM] N=16384 threads=4 rep=2 batches=1 time=19.746 s | package=2473.566 J | dram=NA | total=2473.566 J | power=125.3 W | runtime=above | checksum=OK
[STRIDED_GEMM] N=16384 threads=4 rep=3 batches=1 time=19.781 s | package=2473.379 J | dram=NA | total=2473.379 J | power=125.0 W | runtime=above | checksum=OK
[STRIDED_GEMM] N=16384 threads=4 rep=4 batches=1 time=19.767 s | package=2482.528 J | dram=NA | total=2482.528 J | power=125.6 W | runtime=above | checksum=OK
[STRIDED_GEMM] N=16384 threads=4 rep=5 batches=1 time=19.788 s | package=2474.945 J | dram=NA | total=2474.945 J | power=125.1 W | runtime=above | checksum=OK
[STRIDED_GEMM] N=16384 threads=4 rep=6 batches=1 time=19.791 s | package=2474.237 J | dram=NA | total=2474.237 J | power=125.0 W | runtime=above | checksum=OK
[STRIDED_GEMM] N=16384 threads=4 rep=7 batches=1 time=19.844 s | package=2469.599 J | dram=NA | total=2469.599 J | power=124.4 W | runtime=above | checksum=OK
[STRIDED_GEMM] N=16384 threads=4 rep=8 batches=1 time=19.791 s | package=2472.219 J | dram=NA | total=2472.219 J | power=124.9 W | runtime=above | checksum=OK
[STRIDED_GEMM] N=16384 threads=4 rep=9 batches=1 time=19.789 s | package=2471.021 J | dram=NA | total=2471.021 J | power=124.9 W | runtime=above | checksum=OK
[STRIDED_GEMM] N=16384 threads=4 rep=10 batches=1 time=19.794 s | package=2472.178 J | dram=NA | total=2472.178 J | power=124.9 W | runtime=above | checksum=OK
[OpenBLAS] requested=8 active=8
[STRIDED_GEMM] N=4096 threads=8 rep=1 batches=7 time=1.049 s | package=198.428 J | dram=NA | total=198.428 J | power=189.1 W | runtime=in_range | checksum=OK
[STRIDED_GEMM] N=4096 threads=8 rep=2 batches=7 time=1.052 s | package=198.316 J | dram=NA | total=198.316 J | power=188.6 W | runtime=in_range | checksum=OK
[STRIDED_GEMM] N=4096 threads=8 rep=3 batches=7 time=1.053 s | package=198.371 J | dram=NA | total=198.371 J | power=188.3 W | runtime=in_range | checksum=OK
[STRIDED_GEMM] N=4096 threads=8 rep=4 batches=7 time=1.060 s | package=199.163 J | dram=NA | total=199.163 J | power=187.8 W | runtime=in_range | checksum=OK
[STRIDED_GEMM] N=4096 threads=8 rep=5 batches=7 time=1.054 s | package=198.444 J | dram=NA | total=198.444 J | power=188.3 W | runtime=in_range | checksum=OK
[STRIDED_GEMM] N=4096 threads=8 rep=6 batches=7 time=1.055 s | package=198.372 J | dram=NA | total=198.372 J | power=188.1 W | runtime=in_range | checksum=OK
[STRIDED_GEMM] N=4096 threads=8 rep=7 batches=7 time=1.060 s | package=198.835 J | dram=NA | total=198.835 J | power=187.6 W | runtime=in_range | checksum=OK
[STRIDED_GEMM] N=4096 threads=8 rep=8 batches=7 time=1.060 s | package=199.081 J | dram=NA | total=199.081 J | power=187.8 W | runtime=in_range | checksum=OK
[STRIDED_GEMM] N=4096 threads=8 rep=9 batches=7 time=1.061 s | package=199.086 J | dram=NA | total=199.086 J | power=187.7 W | runtime=in_range | checksum=OK
[STRIDED_GEMM] N=4096 threads=8 rep=10 batches=7 time=1.057 s | package=198.569 J | dram=NA | total=198.569 J | power=187.8 W | runtime=in_range | checksum=OK
[OpenBLAS] requested=1 active=1
[STRIDED_GEMM] N=512 threads=1 rep=1 batches=441 time=1.000 s | package=74.831 J | dram=NA | total=74.831 J | power=74.8 W | runtime=in_range | checksum=OK
[STRIDED_GEMM] N=512 threads=1 rep=2 batches=441 time=1.000 s | package=74.813 J | dram=NA | total=74.813 J | power=74.8 W | runtime=in_range | checksum=OK
[STRIDED_GEMM] N=512 threads=1 rep=3 batches=441 time=1.003 s | package=74.986 J | dram=NA | total=74.986 J | power=74.8 W | runtime=in_range | checksum=OK
[STRIDED_GEMM] N=512 threads=1 rep=4 batches=441 time=1.009 s | package=75.510 J | dram=NA | total=75.510 J | power=74.9 W | runtime=in_range | checksum=OK
[STRIDED_GEMM] N=512 threads=1 rep=5 batches=441 time=1.003 s | package=74.930 J | dram=NA | total=74.930 J | power=74.7 W | runtime=in_range | checksum=OK
[STRIDED_GEMM] N=512 threads=1 rep=6 batches=441 time=1.005 s | package=75.052 J | dram=NA | total=75.052 J | power=74.7 W | runtime=in_range | checksum=OK
[STRIDED_GEMM] N=512 threads=1 rep=7 batches=441 time=1.005 s | package=75.126 J | dram=NA | total=75.126 J | power=74.8 W | runtime=in_range | checksum=OK
[STRIDED_GEMM] N=512 threads=1 rep=8 batches=441 time=1.005 s | package=75.098 J | dram=NA | total=75.098 J | power=74.8 W | runtime=in_range | checksum=OK
[STRIDED_GEMM] N=512 threads=1 rep=9 batches=441 time=1.004 s | package=75.068 J | dram=NA | total=75.068 J | power=74.7 W | runtime=in_range | checksum=OK
[STRIDED_GEMM] N=512 threads=1 rep=10 batches=441 time=1.002 s | package=74.790 J | dram=NA | total=74.790 J | power=74.6 W | runtime=in_range | checksum=OK
[OpenBLAS] requested=1 active=1
[STRIDED_GEMM] N=1024 threads=1 rep=1 batches=57 time=1.005 s | package=75.397 J | dram=NA | total=75.397 J | power=75.0 W | runtime=in_range | checksum=OK
[STRIDED_GEMM] N=1024 threads=1 rep=2 batches=57 time=1.017 s | package=77.095 J | dram=NA | total=77.095 J | power=75.8 W | runtime=in_range | checksum=OK
[STRIDED_GEMM] N=1024 threads=1 rep=3 batches=57 time=1.012 s | package=75.801 J | dram=NA | total=75.801 J | power=74.9 W | runtime=in_range | checksum=OK
[STRIDED_GEMM] N=1024 threads=1 rep=4 batches=57 time=1.008 s | package=75.568 J | dram=NA | total=75.568 J | power=75.0 W | runtime=in_range | checksum=OK
[STRIDED_GEMM] N=1024 threads=1 rep=5 batches=57 time=1.013 s | package=76.163 J | dram=NA | total=76.163 J | power=75.2 W | runtime=in_range | checksum=OK
[STRIDED_GEMM] N=1024 threads=1 rep=6 batches=57 time=1.010 s | package=75.750 J | dram=NA | total=75.750 J | power=75.0 W | runtime=in_range | checksum=OK
[STRIDED_GEMM] N=1024 threads=1 rep=7 batches=57 time=1.012 s | package=75.861 J | dram=NA | total=75.861 J | power=74.9 W | runtime=in_range | checksum=OK
[STRIDED_GEMM] N=1024 threads=1 rep=8 batches=57 time=1.011 s | package=75.734 J | dram=NA | total=75.734 J | power=74.9 W | runtime=in_range | checksum=OK
[STRIDED_GEMM] N=1024 threads=1 rep=9 batches=57 time=1.015 s | package=76.862 J | dram=NA | total=76.862 J | power=75.8 W | runtime=in_range | checksum=OK
[STRIDED_GEMM] N=1024 threads=1 rep=10 batches=57 time=1.012 s | package=75.895 J | dram=NA | total=75.895 J | power=75.0 W | runtime=in_range | checksum=OK
[OpenBLAS] requested=4 active=4
[STRIDED_GEMM] N=64 threads=4 rep=1 batches=163032 time=1.000 s | package=71.709 J | dram=NA | total=71.709 J | power=71.7 W | runtime=in_range | checksum=OK
[STRIDED_GEMM] N=64 threads=4 rep=2 batches=163032 time=1.000 s | package=71.693 J | dram=NA | total=71.693 J | power=71.7 W | runtime=in_range | checksum=OK
[STRIDED_GEMM] N=64 threads=4 rep=3 batches=163032 time=1.000 s | package=71.847 J | dram=NA | total=71.847 J | power=71.8 W | runtime=in_range | checksum=OK
[STRIDED_GEMM] N=64 threads=4 rep=4 batches=163032 time=1.001 s | package=72.047 J | dram=NA | total=72.047 J | power=72.0 W | runtime=in_range | checksum=OK
[STRIDED_GEMM] N=64 threads=4 rep=5 batches=163032 time=1.000 s | package=71.687 J | dram=NA | total=71.687 J | power=71.7 W | runtime=in_range | checksum=OK
[STRIDED_GEMM] N=64 threads=4 rep=6 batches=163032 time=1.000 s | package=71.746 J | dram=NA | total=71.746 J | power=71.7 W | runtime=in_range | checksum=OK
[STRIDED_GEMM] N=64 threads=4 rep=7 batches=163032 time=1.000 s | package=71.717 J | dram=NA | total=71.717 J | power=71.7 W | runtime=in_range | checksum=OK
[STRIDED_GEMM] N=64 threads=4 rep=8 batches=163032 time=1.000 s | package=71.656 J | dram=NA | total=71.656 J | power=71.7 W | runtime=in_range | checksum=OK
[STRIDED_GEMM] N=64 threads=4 rep=9 batches=163032 time=1.000 s | package=71.808 J | dram=NA | total=71.808 J | power=71.8 W | runtime=in_range | checksum=OK
[STRIDED_GEMM] N=64 threads=4 rep=10 batches=163032 time=1.000 s | package=71.706 J | dram=NA | total=71.706 J | power=71.7 W | runtime=in_range | checksum=OK
[OpenBLAS] requested=1 active=1
[STRIDED_GEMM] N=128 threads=1 rep=1 batches=24972 time=1.000 s | package=72.979 J | dram=NA | total=72.979 J | power=73.0 W | runtime=in_range | checksum=OK
[STRIDED_GEMM] N=128 threads=1 rep=2 batches=24972 time=1.008 s | package=73.656 J | dram=NA | total=73.656 J | power=73.0 W | runtime=in_range | checksum=OK
[STRIDED_GEMM] N=128 threads=1 rep=3 batches=24972 time=1.004 s | package=73.192 J | dram=NA | total=73.192 J | power=72.9 W | runtime=in_range | checksum=OK
[STRIDED_GEMM] N=128 threads=1 rep=4 batches=24972 time=1.006 s | package=73.489 J | dram=NA | total=73.489 J | power=73.1 W | runtime=in_range | checksum=OK
[STRIDED_GEMM] N=128 threads=1 rep=5 batches=24972 time=1.008 s | package=73.563 J | dram=NA | total=73.563 J | power=73.0 W | runtime=in_range | checksum=OK
[STRIDED_GEMM] N=128 threads=1 rep=6 batches=24972 time=1.006 s | package=73.393 J | dram=NA | total=73.393 J | power=73.0 W | runtime=in_range | checksum=OK
[STRIDED_GEMM] N=128 threads=1 rep=7 batches=24972 time=1.007 s | package=73.576 J | dram=NA | total=73.576 J | power=73.0 W | runtime=in_range | checksum=OK
[STRIDED_GEMM] N=128 threads=1 rep=8 batches=24972 time=1.007 s | package=73.638 J | dram=NA | total=73.638 J | power=73.1 W | runtime=in_range | checksum=OK
[STRIDED_GEMM] N=128 threads=1 rep=9 batches=24972 time=1.007 s | package=73.582 J | dram=NA | total=73.582 J | power=73.0 W | runtime=in_range | checksum=OK
[STRIDED_GEMM] N=128 threads=1 rep=10 batches=24972 time=1.007 s | package=73.554 J | dram=NA | total=73.554 J | power=73.0 W | runtime=in_range | checksum=OK
[OpenBLAS] requested=16 active=16
[STRIDED_GEMM] N=128 threads=16 rep=1 batches=56421 time=1.012 s | package=119.995 J | dram=NA | total=119.995 J | power=118.6 W | runtime=in_range | checksum=OK
[STRIDED_GEMM] N=128 threads=16 rep=2 batches=56421 time=1.016 s | package=120.621 J | dram=NA | total=120.621 J | power=118.7 W | runtime=in_range | checksum=OK
[STRIDED_GEMM] N=128 threads=16 rep=3 batches=56421 time=1.012 s | package=120.222 J | dram=NA | total=120.222 J | power=118.8 W | runtime=in_range | checksum=OK
[STRIDED_GEMM] N=128 threads=16 rep=4 batches=56421 time=1.012 s | package=120.272 J | dram=NA | total=120.272 J | power=118.8 W | runtime=in_range | checksum=OK
[STRIDED_GEMM] N=128 threads=16 rep=5 batches=56421 time=1.012 s | package=120.131 J | dram=NA | total=120.131 J | power=118.8 W | runtime=in_range | checksum=OK
[STRIDED_GEMM] N=128 threads=16 rep=6 batches=56421 time=1.021 s | package=121.051 J | dram=NA | total=121.051 J | power=118.6 W | runtime=in_range | checksum=OK
[STRIDED_GEMM] N=128 threads=16 rep=7 batches=56421 time=1.013 s | package=120.287 J | dram=NA | total=120.287 J | power=118.8 W | runtime=in_range | checksum=OK
[STRIDED_GEMM] N=128 threads=16 rep=8 batches=56421 time=1.014 s | package=120.305 J | dram=NA | total=120.305 J | power=118.7 W | runtime=in_range | checksum=OK
[STRIDED_GEMM] N=128 threads=16 rep=9 batches=56421 time=1.014 s | package=120.134 J | dram=NA | total=120.134 J | power=118.5 W | runtime=in_range | checksum=OK
[STRIDED_GEMM] N=128 threads=16 rep=10 batches=56421 time=1.016 s | package=120.739 J | dram=NA | total=120.739 J | power=118.9 W | runtime=in_range | checksum=OK
[OpenBLAS] requested=64 active=64
[STRIDED_GEMM] N=256 threads=64 rep=1 batches=11254 time=1.042 s | package=218.891 J | dram=NA | total=218.891 J | power=210.1 W | runtime=in_range | checksum=OK
[STRIDED_GEMM] N=256 threads=64 rep=2 batches=11254 time=1.032 s | package=217.043 J | dram=NA | total=217.043 J | power=210.4 W | runtime=in_range | checksum=OK
[STRIDED_GEMM] N=256 threads=64 rep=3 batches=11254 time=1.037 s | package=217.978 J | dram=NA | total=217.978 J | power=210.1 W | runtime=in_range | checksum=OK
[STRIDED_GEMM] N=256 threads=64 rep=4 batches=11254 time=1.035 s | package=217.698 J | dram=NA | total=217.698 J | power=210.3 W | runtime=in_range | checksum=OK
[STRIDED_GEMM] N=256 threads=64 rep=5 batches=11254 time=1.030 s | package=217.326 J | dram=NA | total=217.326 J | power=210.9 W | runtime=in_range | checksum=OK
[STRIDED_GEMM] N=256 threads=64 rep=6 batches=11254 time=1.051 s | package=221.065 J | dram=NA | total=221.065 J | power=210.3 W | runtime=in_range | checksum=OK
[STRIDED_GEMM] N=256 threads=64 rep=7 batches=11254 time=1.031 s | package=217.364 J | dram=NA | total=217.364 J | power=210.8 W | runtime=in_range | checksum=OK
[STRIDED_GEMM] N=256 threads=64 rep=8 batches=11254 time=1.035 s | package=218.377 J | dram=NA | total=218.377 J | power=211.0 W | runtime=in_range | checksum=OK
[STRIDED_GEMM] N=256 threads=64 rep=9 batches=11254 time=1.046 s | package=220.721 J | dram=NA | total=220.721 J | power=211.0 W | runtime=in_range | checksum=OK
[STRIDED_GEMM] N=256 threads=64 rep=10 batches=11254 time=1.033 s | package=218.461 J | dram=NA | total=218.461 J | power=211.5 W | runtime=in_range | checksum=OK
[OpenBLAS] requested=2 active=2
[STRIDED_GEMM] N=256 threads=2 rep=1 batches=6471 time=1.002 s | package=91.874 J | dram=NA | total=91.874 J | power=91.7 W | runtime=in_range | checksum=OK
[STRIDED_GEMM] N=256 threads=2 rep=2 batches=6471 time=1.004 s | package=91.986 J | dram=NA | total=91.986 J | power=91.6 W | runtime=in_range | checksum=OK
[STRIDED_GEMM] N=256 threads=2 rep=3 batches=6471 time=0.997 s | package=91.376 J | dram=NA | total=91.376 J | power=91.7 W | runtime=in_range | checksum=OK
[STRIDED_GEMM] N=256 threads=2 rep=4 batches=6471 time=1.004 s | package=91.684 J | dram=NA | total=91.684 J | power=91.3 W | runtime=in_range | checksum=OK
[STRIDED_GEMM] N=256 threads=2 rep=5 batches=6471 time=0.997 s | package=91.211 J | dram=NA | total=91.211 J | power=91.5 W | runtime=in_range | checksum=OK
[STRIDED_GEMM] N=256 threads=2 rep=6 batches=6471 time=0.997 s | package=91.116 J | dram=NA | total=91.116 J | power=91.4 W | runtime=in_range | checksum=OK
[STRIDED_GEMM] N=256 threads=2 rep=7 batches=6471 time=1.004 s | package=91.559 J | dram=NA | total=91.559 J | power=91.2 W | runtime=in_range | checksum=OK
[STRIDED_GEMM] N=256 threads=2 rep=8 batches=6471 time=1.006 s | package=91.666 J | dram=NA | total=91.666 J | power=91.1 W | runtime=in_range | checksum=OK
[STRIDED_GEMM] N=256 threads=2 rep=9 batches=6471 time=1.004 s | package=91.363 J | dram=NA | total=91.363 J | power=91.0 W | runtime=in_range | checksum=OK
[STRIDED_GEMM] N=256 threads=2 rep=10 batches=6471 time=1.002 s | package=92.517 J | dram=NA | total=92.517 J | power=92.4 W | runtime=in_range | checksum=OK
[OpenBLAS] requested=20 active=20
[STRIDED_GEMM] N=4096 threads=20 rep=1 batches=13 time=1.009 s | package=287.669 J | dram=NA | total=287.669 J | power=285.0 W | runtime=in_range | checksum=OK
[STRIDED_GEMM] N=4096 threads=20 rep=2 batches=13 time=1.013 s | package=288.599 J | dram=NA | total=288.599 J | power=285.0 W | runtime=in_range | checksum=OK
[STRIDED_GEMM] N=4096 threads=20 rep=3 batches=13 time=1.066 s | package=298.486 J | dram=NA | total=298.486 J | power=279.9 W | runtime=in_range | checksum=OK
[STRIDED_GEMM] N=4096 threads=20 rep=4 batches=13 time=1.014 s | package=289.369 J | dram=NA | total=289.369 J | power=285.4 W | runtime=in_range | checksum=OK
[STRIDED_GEMM] N=4096 threads=20 rep=5 batches=13 time=1.021 s | package=291.053 J | dram=NA | total=291.053 J | power=285.2 W | runtime=in_range | checksum=OK
[STRIDED_GEMM] N=4096 threads=20 rep=6 batches=13 time=1.015 s | package=289.780 J | dram=NA | total=289.780 J | power=285.4 W | runtime=in_range | checksum=OK
[STRIDED_GEMM] N=4096 threads=20 rep=7 batches=13 time=1.015 s | package=289.961 J | dram=NA | total=289.961 J | power=285.6 W | runtime=in_range | checksum=OK
[STRIDED_GEMM] N=4096 threads=20 rep=8 batches=13 time=1.016 s | package=290.049 J | dram=NA | total=290.049 J | power=285.5 W | runtime=in_range | checksum=OK
[STRIDED_GEMM] N=4096 threads=20 rep=9 batches=13 time=1.021 s | package=291.150 J | dram=NA | total=291.150 J | power=285.3 W | runtime=in_range | checksum=OK
[STRIDED_GEMM] N=4096 threads=20 rep=10 batches=13 time=1.017 s | package=290.450 J | dram=NA | total=290.450 J | power=285.6 W | runtime=in_range | checksum=OK
[OpenBLAS] requested=10 active=10
[STRIDED_GEMM] N=128 threads=10 rep=1 batches=58780 time=1.000 s | package=119.534 J | dram=NA | total=119.534 J | power=119.6 W | runtime=in_range | checksum=OK
[STRIDED_GEMM] N=128 threads=10 rep=2 batches=58780 time=1.002 s | package=119.589 J | dram=NA | total=119.589 J | power=119.3 W | runtime=in_range | checksum=OK
[STRIDED_GEMM] N=128 threads=10 rep=3 batches=58780 time=1.001 s | package=119.384 J | dram=NA | total=119.384 J | power=119.2 W | runtime=in_range | checksum=OK
[STRIDED_GEMM] N=128 threads=10 rep=4 batches=58780 time=1.001 s | package=119.425 J | dram=NA | total=119.425 J | power=119.3 W | runtime=in_range | checksum=OK
[STRIDED_GEMM] N=128 threads=10 rep=5 batches=58780 time=1.000 s | package=119.306 J | dram=NA | total=119.306 J | power=119.3 W | runtime=in_range | checksum=OK
[STRIDED_GEMM] N=128 threads=10 rep=6 batches=58780 time=0.999 s | package=119.222 J | dram=NA | total=119.222 J | power=119.3 W | runtime=in_range | checksum=OK
[STRIDED_GEMM] N=128 threads=10 rep=7 batches=58780 time=1.000 s | package=119.332 J | dram=NA | total=119.332 J | power=119.3 W | runtime=in_range | checksum=OK
[STRIDED_GEMM] N=128 threads=10 rep=8 batches=58780 time=1.000 s | package=119.367 J | dram=NA | total=119.367 J | power=119.4 W | runtime=in_range | checksum=OK
[STRIDED_GEMM] N=128 threads=10 rep=9 batches=58780 time=1.006 s | package=120.000 J | dram=NA | total=120.000 J | power=119.3 W | runtime=in_range | checksum=OK
[STRIDED_GEMM] N=128 threads=10 rep=10 batches=58780 time=0.997 s | package=119.190 J | dram=NA | total=119.190 J | power=119.5 W | runtime=in_range | checksum=OK
[OpenBLAS] requested=32 active=32
[STRIDED_GEMM] N=128 threads=32 rep=1 batches=58986 time=1.000 s | package=119.427 J | dram=NA | total=119.427 J | power=119.4 W | runtime=in_range | checksum=OK
[STRIDED_GEMM] N=128 threads=32 rep=2 batches=58986 time=1.004 s | package=119.835 J | dram=NA | total=119.835 J | power=119.4 W | runtime=in_range | checksum=OK
[STRIDED_GEMM] N=128 threads=32 rep=3 batches=58986 time=1.008 s | package=120.255 J | dram=NA | total=120.255 J | power=119.3 W | runtime=in_range | checksum=OK
[STRIDED_GEMM] N=128 threads=32 rep=4 batches=58986 time=1.002 s | package=119.733 J | dram=NA | total=119.733 J | power=119.5 W | runtime=in_range | checksum=OK
[STRIDED_GEMM] N=128 threads=32 rep=5 batches=58986 time=1.009 s | package=120.410 J | dram=NA | total=120.410 J | power=119.3 W | runtime=in_range | checksum=OK
[STRIDED_GEMM] N=128 threads=32 rep=6 batches=58986 time=1.003 s | package=119.727 J | dram=NA | total=119.727 J | power=119.4 W | runtime=in_range | checksum=OK
[STRIDED_GEMM] N=128 threads=32 rep=7 batches=58986 time=1.002 s | package=119.596 J | dram=NA | total=119.596 J | power=119.3 W | runtime=in_range | checksum=OK
[STRIDED_GEMM] N=128 threads=32 rep=8 batches=58986 time=1.003 s | package=119.689 J | dram=NA | total=119.689 J | power=119.4 W | runtime=in_range | checksum=OK
[STRIDED_GEMM] N=128 threads=32 rep=9 batches=58986 time=1.001 s | package=119.532 J | dram=NA | total=119.532 J | power=119.4 W | runtime=in_range | checksum=OK
[STRIDED_GEMM] N=128 threads=32 rep=10 batches=58986 time=1.002 s | package=119.592 J | dram=NA | total=119.592 J | power=119.3 W | runtime=in_range | checksum=OK
[OpenBLAS] requested=1 active=1
[STRIDED_GEMM] N=4096 threads=1 rep=1 batches=1 time=1.103 s | package=87.671 J | dram=NA | total=87.671 J | power=79.5 W | runtime=in_range | checksum=OK
[STRIDED_GEMM] N=4096 threads=1 rep=2 batches=1 time=1.111 s | package=88.123 J | dram=NA | total=88.123 J | power=79.3 W | runtime=in_range | checksum=OK
[STRIDED_GEMM] N=4096 threads=1 rep=3 batches=1 time=1.109 s | package=87.922 J | dram=NA | total=87.922 J | power=79.3 W | runtime=in_range | checksum=OK
[STRIDED_GEMM] N=4096 threads=1 rep=4 batches=1 time=1.110 s | package=87.897 J | dram=NA | total=87.897 J | power=79.2 W | runtime=in_range | checksum=OK
[STRIDED_GEMM] N=4096 threads=1 rep=5 batches=1 time=1.109 s | package=87.839 J | dram=NA | total=87.839 J | power=79.2 W | runtime=in_range | checksum=OK
[STRIDED_GEMM] N=4096 threads=1 rep=6 batches=1 time=1.111 s | package=87.916 J | dram=NA | total=87.916 J | power=79.1 W | runtime=in_range | checksum=OK
[STRIDED_GEMM] N=4096 threads=1 rep=7 batches=1 time=1.109 s | package=87.783 J | dram=NA | total=87.783 J | power=79.1 W | runtime=in_range | checksum=OK
[STRIDED_GEMM] N=4096 threads=1 rep=8 batches=1 time=1.110 s | package=87.759 J | dram=NA | total=87.759 J | power=79.1 W | runtime=in_range | checksum=OK
[STRIDED_GEMM] N=4096 threads=1 rep=9 batches=1 time=1.111 s | package=87.781 J | dram=NA | total=87.781 J | power=79.0 W | runtime=in_range | checksum=OK
[STRIDED_GEMM] N=4096 threads=1 rep=10 batches=1 time=1.110 s | package=87.775 J | dram=NA | total=87.775 J | power=79.1 W | runtime=in_range | checksum=OK
[OpenBLAS] requested=2 active=2
[STRIDED_GEMM] N=4096 threads=2 rep=1 batches=2 time=1.103 s | package=107.644 J | dram=NA | total=107.644 J | power=97.6 W | runtime=in_range | checksum=OK
[STRIDED_GEMM] N=4096 threads=2 rep=2 batches=2 time=1.109 s | package=108.096 J | dram=NA | total=108.096 J | power=97.4 W | runtime=in_range | checksum=OK
[STRIDED_GEMM] N=4096 threads=2 rep=3 batches=2 time=1.112 s | package=108.258 J | dram=NA | total=108.258 J | power=97.4 W | runtime=in_range | checksum=OK
[STRIDED_GEMM] N=4096 threads=2 rep=4 batches=2 time=1.110 s | package=108.006 J | dram=NA | total=108.006 J | power=97.3 W | runtime=in_range | checksum=OK
[STRIDED_GEMM] N=4096 threads=2 rep=5 batches=2 time=1.113 s | package=108.365 J | dram=NA | total=108.365 J | power=97.3 W | runtime=in_range | checksum=OK
[STRIDED_GEMM] N=4096 threads=2 rep=6 batches=2 time=1.108 s | package=107.880 J | dram=NA | total=107.880 J | power=97.4 W | runtime=in_range | checksum=OK
[STRIDED_GEMM] N=4096 threads=2 rep=7 batches=2 time=1.108 s | package=107.988 J | dram=NA | total=107.988 J | power=97.5 W | runtime=in_range | checksum=OK
[STRIDED_GEMM] N=4096 threads=2 rep=8 batches=2 time=1.112 s | package=108.232 J | dram=NA | total=108.232 J | power=97.3 W | runtime=in_range | checksum=OK
[STRIDED_GEMM] N=4096 threads=2 rep=9 batches=2 time=1.118 s | package=109.414 J | dram=NA | total=109.414 J | power=97.9 W | runtime=in_range | checksum=OK
[STRIDED_GEMM] N=4096 threads=2 rep=10 batches=2 time=1.118 s | package=108.841 J | dram=NA | total=108.841 J | power=97.3 W | runtime=in_range | checksum=OK
[OpenBLAS] requested=8 active=8
[STRIDED_GEMM] N=1024 threads=8 rep=1 batches=301 time=1.005 s | package=161.153 J | dram=NA | total=161.153 J | power=160.3 W | runtime=in_range | checksum=OK
[STRIDED_GEMM] N=1024 threads=8 rep=2 batches=301 time=1.018 s | package=162.299 J | dram=NA | total=162.299 J | power=159.4 W | runtime=in_range | checksum=OK
[STRIDED_GEMM] N=1024 threads=8 rep=3 batches=301 time=1.010 s | package=161.433 J | dram=NA | total=161.433 J | power=159.8 W | runtime=in_range | checksum=OK
[STRIDED_GEMM] N=1024 threads=8 rep=4 batches=301 time=1.013 s | package=161.795 J | dram=NA | total=161.795 J | power=159.6 W | runtime=in_range | checksum=OK
[STRIDED_GEMM] N=1024 threads=8 rep=5 batches=301 time=1.015 s | package=161.895 J | dram=NA | total=161.895 J | power=159.5 W | runtime=in_range | checksum=OK
[STRIDED_GEMM] N=1024 threads=8 rep=6 batches=301 time=1.014 s | package=161.762 J | dram=NA | total=161.762 J | power=159.5 W | runtime=in_range | checksum=OK
[STRIDED_GEMM] N=1024 threads=8 rep=7 batches=301 time=1.014 s | package=161.811 J | dram=NA | total=161.811 J | power=159.6 W | runtime=in_range | checksum=OK
[STRIDED_GEMM] N=1024 threads=8 rep=8 batches=301 time=1.023 s | package=162.825 J | dram=NA | total=162.825 J | power=159.1 W | runtime=in_range | checksum=OK
[STRIDED_GEMM] N=1024 threads=8 rep=9 batches=301 time=1.016 s | package=161.853 J | dram=NA | total=161.853 J | power=159.4 W | runtime=in_range | checksum=OK
[STRIDED_GEMM] N=1024 threads=8 rep=10 batches=301 time=1.016 s | package=161.896 J | dram=NA | total=161.896 J | power=159.4 W | runtime=in_range | checksum=OK
[OpenBLAS] requested=20 active=20
[STRIDED_GEMM] N=2048 threads=20 rep=1 batches=85 time=1.006 s | package=282.432 J | dram=NA | total=282.432 J | power=280.6 W | runtime=in_range | checksum=OK
[STRIDED_GEMM] N=2048 threads=20 rep=2 batches=85 time=1.007 s | package=282.977 J | dram=NA | total=282.977 J | power=281.0 W | runtime=in_range | checksum=OK
[STRIDED_GEMM] N=2048 threads=20 rep=3 batches=85 time=1.007 s | package=282.884 J | dram=NA | total=282.884 J | power=281.0 W | runtime=in_range | checksum=OK
[STRIDED_GEMM] N=2048 threads=20 rep=4 batches=85 time=1.004 s | package=282.681 J | dram=NA | total=282.681 J | power=281.5 W | runtime=in_range | checksum=OK
[STRIDED_GEMM] N=2048 threads=20 rep=5 batches=85 time=1.006 s | package=283.137 J | dram=NA | total=283.137 J | power=281.5 W | runtime=in_range | checksum=OK
[STRIDED_GEMM] N=2048 threads=20 rep=6 batches=85 time=1.008 s | package=283.329 J | dram=NA | total=283.329 J | power=281.0 W | runtime=in_range | checksum=OK
[STRIDED_GEMM] N=2048 threads=20 rep=7 batches=85 time=1.010 s | package=284.047 J | dram=NA | total=284.047 J | power=281.1 W | runtime=in_range | checksum=OK
[STRIDED_GEMM] N=2048 threads=20 rep=8 batches=85 time=1.014 s | package=284.320 J | dram=NA | total=284.320 J | power=280.5 W | runtime=in_range | checksum=OK
[STRIDED_GEMM] N=2048 threads=20 rep=9 batches=85 time=1.006 s | package=283.173 J | dram=NA | total=283.173 J | power=281.6 W | runtime=in_range | checksum=OK
[STRIDED_GEMM] N=2048 threads=20 rep=10 batches=85 time=1.006 s | package=283.107 J | dram=NA | total=283.107 J | power=281.5 W | runtime=in_range | checksum=OK
[OpenBLAS] requested=32 active=32
[STRIDED_GEMM] N=8192 threads=32 rep=1 batches=3 time=1.362 s | package=387.240 J | dram=NA | total=387.240 J | power=284.4 W | runtime=above | checksum=OK
[STRIDED_GEMM] N=8192 threads=32 rep=2 batches=3 time=1.363 s | package=387.528 J | dram=NA | total=387.528 J | power=284.4 W | runtime=above | checksum=OK
[STRIDED_GEMM] N=8192 threads=32 rep=3 batches=3 time=1.372 s | package=390.160 J | dram=NA | total=390.160 J | power=284.3 W | runtime=above | checksum=OK
[STRIDED_GEMM] N=8192 threads=32 rep=4 batches=3 time=1.363 s | package=387.578 J | dram=NA | total=387.578 J | power=284.4 W | runtime=above | checksum=OK
[STRIDED_GEMM] N=8192 threads=32 rep=5 batches=3 time=1.361 s | package=386.975 J | dram=NA | total=386.975 J | power=284.3 W | runtime=above | checksum=OK
[STRIDED_GEMM] N=8192 threads=32 rep=6 batches=3 time=1.360 s | package=386.750 J | dram=NA | total=386.750 J | power=284.3 W | runtime=above | checksum=OK
[STRIDED_GEMM] N=8192 threads=32 rep=7 batches=3 time=1.364 s | package=387.871 J | dram=NA | total=387.871 J | power=284.4 W | runtime=above | checksum=OK
[STRIDED_GEMM] N=8192 threads=32 rep=8 batches=3 time=1.361 s | package=387.024 J | dram=NA | total=387.024 J | power=284.4 W | runtime=above | checksum=OK
[STRIDED_GEMM] N=8192 threads=32 rep=9 batches=3 time=1.360 s | package=386.694 J | dram=NA | total=386.694 J | power=284.3 W | runtime=above | checksum=OK
[STRIDED_GEMM] N=8192 threads=32 rep=10 batches=3 time=1.359 s | package=386.455 J | dram=NA | total=386.455 J | power=284.3 W | runtime=above | checksum=OK
[OpenBLAS] requested=16 active=16
[STRIDED_GEMM] N=2048 threads=16 rep=1 batches=85 time=1.010 s | package=267.469 J | dram=NA | total=267.469 J | power=264.8 W | runtime=in_range | checksum=OK
[STRIDED_GEMM] N=2048 threads=16 rep=2 batches=85 time=1.013 s | package=267.445 J | dram=NA | total=267.445 J | power=264.1 W | runtime=in_range | checksum=OK
[STRIDED_GEMM] N=2048 threads=16 rep=3 batches=85 time=1.013 s | package=267.723 J | dram=NA | total=267.723 J | power=264.3 W | runtime=in_range | checksum=OK
[STRIDED_GEMM] N=2048 threads=16 rep=4 batches=85 time=1.013 s | package=267.824 J | dram=NA | total=267.824 J | power=264.4 W | runtime=in_range | checksum=OK
[STRIDED_GEMM] N=2048 threads=16 rep=5 batches=85 time=1.013 s | package=267.698 J | dram=NA | total=267.698 J | power=264.3 W | runtime=in_range | checksum=OK
[STRIDED_GEMM] N=2048 threads=16 rep=6 batches=85 time=1.014 s | package=268.017 J | dram=NA | total=268.017 J | power=264.2 W | runtime=in_range | checksum=OK
[STRIDED_GEMM] N=2048 threads=16 rep=7 batches=85 time=1.014 s | package=268.099 J | dram=NA | total=268.099 J | power=264.5 W | runtime=in_range | checksum=OK
[STRIDED_GEMM] N=2048 threads=16 rep=8 batches=85 time=1.014 s | package=268.240 J | dram=NA | total=268.240 J | power=264.5 W | runtime=in_range | checksum=OK
[STRIDED_GEMM] N=2048 threads=16 rep=9 batches=85 time=1.032 s | package=270.315 J | dram=NA | total=270.315 J | power=261.9 W | runtime=in_range | checksum=OK
[STRIDED_GEMM] N=2048 threads=16 rep=10 batches=85 time=1.013 s | package=268.071 J | dram=NA | total=268.071 J | power=264.5 W | runtime=in_range | checksum=OK
[OpenBLAS] requested=2 active=2
[STRIDED_GEMM] N=128 threads=2 rep=1 batches=42564 time=0.998 s | package=88.030 J | dram=NA | total=88.030 J | power=88.2 W | runtime=in_range | checksum=OK
[STRIDED_GEMM] N=128 threads=2 rep=2 batches=42564 time=1.007 s | package=89.712 J | dram=NA | total=89.712 J | power=89.1 W | runtime=in_range | checksum=OK
[STRIDED_GEMM] N=128 threads=2 rep=3 batches=42564 time=1.009 s | package=89.872 J | dram=NA | total=89.872 J | power=89.1 W | runtime=in_range | checksum=OK
[STRIDED_GEMM] N=128 threads=2 rep=4 batches=42564 time=1.012 s | package=90.159 J | dram=NA | total=90.159 J | power=89.1 W | runtime=in_range | checksum=OK
[STRIDED_GEMM] N=128 threads=2 rep=5 batches=42564 time=1.007 s | package=89.606 J | dram=NA | total=89.606 J | power=89.0 W | runtime=in_range | checksum=OK
[STRIDED_GEMM] N=128 threads=2 rep=6 batches=42564 time=1.004 s | package=89.445 J | dram=NA | total=89.445 J | power=89.1 W | runtime=in_range | checksum=OK
[STRIDED_GEMM] N=128 threads=2 rep=7 batches=42564 time=1.004 s | package=89.441 J | dram=NA | total=89.441 J | power=89.1 W | runtime=in_range | checksum=OK
[STRIDED_GEMM] N=128 threads=2 rep=8 batches=42564 time=1.002 s | package=89.238 J | dram=NA | total=89.238 J | power=89.1 W | runtime=in_range | checksum=OK
[STRIDED_GEMM] N=128 threads=2 rep=9 batches=42564 time=1.003 s | package=89.441 J | dram=NA | total=89.441 J | power=89.1 W | runtime=in_range | checksum=OK
[STRIDED_GEMM] N=128 threads=2 rep=10 batches=42564 time=1.005 s | package=89.331 J | dram=NA | total=89.331 J | power=88.9 W | runtime=in_range | checksum=OK
[OpenBLAS] requested=1 active=1
[STRIDED_GEMM] N=16384 threads=1 rep=1 batches=1 time=74.246 s | package=5549.443 J | dram=NA | total=5549.443 J | power=74.7 W | runtime=above | checksum=OK
[STRIDED_GEMM] N=16384 threads=1 rep=2 batches=1 time=74.403 s | package=5567.444 J | dram=NA | total=5567.444 J | power=74.8 W | runtime=above | checksum=OK
[STRIDED_GEMM] N=16384 threads=1 rep=3 batches=1 time=74.459 s | package=5602.375 J | dram=NA | total=5602.375 J | power=75.2 W | runtime=above | checksum=OK
[STRIDED_GEMM] N=16384 threads=1 rep=4 batches=1 time=74.585 s | package=5641.838 J | dram=NA | total=5641.838 J | power=75.6 W | runtime=above | checksum=OK
[STRIDED_GEMM] N=16384 threads=1 rep=5 batches=1 time=74.510 s | package=5626.681 J | dram=NA | total=5626.681 J | power=75.5 W | runtime=above | checksum=OK
[STRIDED_GEMM] N=16384 threads=1 rep=6 batches=1 time=74.452 s | package=5584.791 J | dram=NA | total=5584.791 J | power=75.0 W | runtime=above | checksum=OK
[STRIDED_GEMM] N=16384 threads=1 rep=7 batches=1 time=74.269 s | package=5583.696 J | dram=NA | total=5583.696 J | power=75.2 W | runtime=above | checksum=OK
[STRIDED_GEMM] N=16384 threads=1 rep=8 batches=1 time=74.300 s | package=5562.801 J | dram=NA | total=5562.801 J | power=74.9 W | runtime=above | checksum=OK
[STRIDED_GEMM] N=16384 threads=1 rep=9 batches=1 time=74.331 s | package=5567.225 J | dram=NA | total=5567.225 J | power=74.9 W | runtime=above | checksum=OK
[STRIDED_GEMM] N=16384 threads=1 rep=10 batches=1 time=74.221 s | package=5604.102 J | dram=NA | total=5604.102 J | power=75.5 W | runtime=above | checksum=OK
[OpenBLAS] requested=2 active=2
[STRIDED_GEMM] N=8192 threads=2 rep=1 batches=1 time=4.378 s | package=415.050 J | dram=NA | total=415.050 J | power=94.8 W | runtime=above | checksum=OK
[STRIDED_GEMM] N=8192 threads=2 rep=2 batches=1 time=4.513 s | package=430.166 J | dram=NA | total=430.166 J | power=95.3 W | runtime=above | checksum=OK
[STRIDED_GEMM] N=8192 threads=2 rep=3 batches=1 time=4.472 s | package=427.469 J | dram=NA | total=427.469 J | power=95.6 W | runtime=above | checksum=OK
[STRIDED_GEMM] N=8192 threads=2 rep=4 batches=1 time=4.432 s | package=430.218 J | dram=NA | total=430.218 J | power=97.1 W | runtime=above | checksum=OK
[STRIDED_GEMM] N=8192 threads=2 rep=5 batches=1 time=4.433 s | package=429.574 J | dram=NA | total=429.574 J | power=96.9 W | runtime=above | checksum=OK
[STRIDED_GEMM] N=8192 threads=2 rep=6 batches=1 time=4.433 s | package=429.599 J | dram=NA | total=429.599 J | power=96.9 W | runtime=above | checksum=OK
[STRIDED_GEMM] N=8192 threads=2 rep=7 batches=1 time=4.435 s | package=428.853 J | dram=NA | total=428.853 J | power=96.7 W | runtime=above | checksum=OK
[STRIDED_GEMM] N=8192 threads=2 rep=8 batches=1 time=4.456 s | package=430.340 J | dram=NA | total=430.340 J | power=96.6 W | runtime=above | checksum=OK
[STRIDED_GEMM] N=8192 threads=2 rep=9 batches=1 time=4.439 s | package=429.199 J | dram=NA | total=429.199 J | power=96.7 W | runtime=above | checksum=OK
[STRIDED_GEMM] N=8192 threads=2 rep=10 batches=1 time=4.450 s | package=430.429 J | dram=NA | total=430.429 J | power=96.7 W | runtime=above | checksum=OK
[OpenBLAS] requested=16 active=16
[STRIDED_GEMM] N=4096 threads=16 rep=1 batches=13 time=1.059 s | package=301.144 J | dram=NA | total=301.144 J | power=284.4 W | runtime=in_range | checksum=OK
[STRIDED_GEMM] N=4096 threads=16 rep=2 batches=13 time=1.068 s | package=302.651 J | dram=NA | total=302.651 J | power=283.4 W | runtime=in_range | checksum=OK
[STRIDED_GEMM] N=4096 threads=16 rep=3 batches=13 time=1.068 s | package=302.722 J | dram=NA | total=302.722 J | power=283.5 W | runtime=in_range | checksum=OK
[STRIDED_GEMM] N=4096 threads=16 rep=4 batches=13 time=1.064 s | package=302.297 J | dram=NA | total=302.297 J | power=284.1 W | runtime=in_range | checksum=OK
[STRIDED_GEMM] N=4096 threads=16 rep=5 batches=13 time=1.062 s | package=301.635 J | dram=NA | total=301.635 J | power=284.1 W | runtime=in_range | checksum=OK
[STRIDED_GEMM] N=4096 threads=16 rep=6 batches=13 time=1.062 s | package=301.987 J | dram=NA | total=301.987 J | power=284.3 W | runtime=in_range | checksum=OK
[STRIDED_GEMM] N=4096 threads=16 rep=7 batches=13 time=1.070 s | package=303.122 J | dram=NA | total=303.122 J | power=283.4 W | runtime=in_range | checksum=OK
[STRIDED_GEMM] N=4096 threads=16 rep=8 batches=13 time=1.061 s | package=301.976 J | dram=NA | total=301.976 J | power=284.6 W | runtime=in_range | checksum=OK
[STRIDED_GEMM] N=4096 threads=16 rep=9 batches=13 time=1.062 s | package=302.061 J | dram=NA | total=302.061 J | power=284.5 W | runtime=in_range | checksum=OK
[STRIDED_GEMM] N=4096 threads=16 rep=10 batches=13 time=1.064 s | package=302.397 J | dram=NA | total=302.397 J | power=284.3 W | runtime=in_range | checksum=OK
[OpenBLAS] requested=1 active=1
[STRIDED_GEMM] N=2048 threads=1 rep=1 batches=8 time=1.121 s | package=88.178 J | dram=NA | total=88.178 J | power=78.7 W | runtime=in_range | checksum=OK
[STRIDED_GEMM] N=2048 threads=1 rep=2 batches=8 time=1.123 s | package=86.456 J | dram=NA | total=86.456 J | power=77.0 W | runtime=in_range | checksum=OK
[STRIDED_GEMM] N=2048 threads=1 rep=3 batches=8 time=1.117 s | package=85.497 J | dram=NA | total=85.497 J | power=76.6 W | runtime=in_range | checksum=OK
[STRIDED_GEMM] N=2048 threads=1 rep=4 batches=8 time=1.115 s | package=85.320 J | dram=NA | total=85.320 J | power=76.5 W | runtime=in_range | checksum=OK
[STRIDED_GEMM] N=2048 threads=1 rep=5 batches=8 time=1.114 s | package=85.204 J | dram=NA | total=85.204 J | power=76.5 W | runtime=in_range | checksum=OK
[STRIDED_GEMM] N=2048 threads=1 rep=6 batches=8 time=1.122 s | package=86.756 J | dram=NA | total=86.756 J | power=77.3 W | runtime=in_range | checksum=OK
[STRIDED_GEMM] N=2048 threads=1 rep=7 batches=8 time=1.120 s | package=86.542 J | dram=NA | total=86.542 J | power=77.3 W | runtime=in_range | checksum=OK
[STRIDED_GEMM] N=2048 threads=1 rep=8 batches=8 time=1.119 s | package=86.513 J | dram=NA | total=86.513 J | power=77.3 W | runtime=in_range | checksum=OK
[STRIDED_GEMM] N=2048 threads=1 rep=9 batches=8 time=1.124 s | package=86.182 J | dram=NA | total=86.182 J | power=76.7 W | runtime=in_range | checksum=OK
[STRIDED_GEMM] N=2048 threads=1 rep=10 batches=8 time=1.116 s | package=85.086 J | dram=NA | total=85.086 J | power=76.2 W | runtime=in_range | checksum=OK
[OpenBLAS] requested=20 active=20
[STRIDED_GEMM] N=8192 threads=20 rep=1 batches=2 time=1.143 s | package=323.937 J | dram=NA | total=323.937 J | power=283.5 W | runtime=in_range | checksum=OK
[STRIDED_GEMM] N=8192 threads=20 rep=2 batches=2 time=1.144 s | package=324.444 J | dram=NA | total=324.444 J | power=283.7 W | runtime=in_range | checksum=OK
[STRIDED_GEMM] N=8192 threads=20 rep=3 batches=2 time=1.144 s | package=324.508 J | dram=NA | total=324.508 J | power=283.6 W | runtime=in_range | checksum=OK
[STRIDED_GEMM] N=8192 threads=20 rep=4 batches=2 time=1.144 s | package=324.554 J | dram=NA | total=324.554 J | power=283.8 W | runtime=in_range | checksum=OK
[STRIDED_GEMM] N=8192 threads=20 rep=5 batches=2 time=1.144 s | package=324.500 J | dram=NA | total=324.500 J | power=283.6 W | runtime=in_range | checksum=OK
[STRIDED_GEMM] N=8192 threads=20 rep=6 batches=2 time=1.145 s | package=324.824 J | dram=NA | total=324.824 J | power=283.7 W | runtime=in_range | checksum=OK
[STRIDED_GEMM] N=8192 threads=20 rep=7 batches=2 time=1.146 s | package=325.036 J | dram=NA | total=325.036 J | power=283.7 W | runtime=in_range | checksum=OK
[STRIDED_GEMM] N=8192 threads=20 rep=8 batches=2 time=1.146 s | package=325.050 J | dram=NA | total=325.050 J | power=283.7 W | runtime=in_range | checksum=OK
[STRIDED_GEMM] N=8192 threads=20 rep=9 batches=2 time=1.147 s | package=325.635 J | dram=NA | total=325.635 J | power=283.9 W | runtime=in_range | checksum=OK
[STRIDED_GEMM] N=8192 threads=20 rep=10 batches=2 time=1.150 s | package=326.199 J | dram=NA | total=326.199 J | power=283.8 W | runtime=in_range | checksum=OK
[OpenBLAS] requested=4 active=4
[STRIDED_GEMM] N=256 threads=4 rep=1 batches=11598 time=1.000 s | package=119.879 J | dram=NA | total=119.879 J | power=119.9 W | runtime=in_range | checksum=OK
[STRIDED_GEMM] N=256 threads=4 rep=2 batches=11598 time=1.012 s | package=120.608 J | dram=NA | total=120.608 J | power=119.2 W | runtime=in_range | checksum=OK
[STRIDED_GEMM] N=256 threads=4 rep=3 batches=11598 time=1.012 s | package=120.577 J | dram=NA | total=120.577 J | power=119.1 W | runtime=in_range | checksum=OK
[STRIDED_GEMM] N=256 threads=4 rep=4 batches=11598 time=1.013 s | package=120.555 J | dram=NA | total=120.555 J | power=119.0 W | runtime=in_range | checksum=OK
[STRIDED_GEMM] N=256 threads=4 rep=5 batches=11598 time=1.018 s | package=121.503 J | dram=NA | total=121.503 J | power=119.4 W | runtime=in_range | checksum=OK
[STRIDED_GEMM] N=256 threads=4 rep=6 batches=11598 time=1.011 s | package=120.231 J | dram=NA | total=120.231 J | power=118.9 W | runtime=in_range | checksum=OK
[STRIDED_GEMM] N=256 threads=4 rep=7 batches=11598 time=1.001 s | package=119.865 J | dram=NA | total=119.865 J | power=119.7 W | runtime=in_range | checksum=OK
[STRIDED_GEMM] N=256 threads=4 rep=8 batches=11598 time=1.002 s | package=119.800 J | dram=NA | total=119.800 J | power=119.5 W | runtime=in_range | checksum=OK
[STRIDED_GEMM] N=256 threads=4 rep=9 batches=11598 time=1.003 s | package=120.314 J | dram=NA | total=120.314 J | power=119.9 W | runtime=in_range | checksum=OK
[STRIDED_GEMM] N=256 threads=4 rep=10 batches=11598 time=1.011 s | package=120.754 J | dram=NA | total=120.754 J | power=119.5 W | runtime=in_range | checksum=OK
[OpenBLAS] requested=8 active=8
[STRIDED_GEMM] N=64 threads=8 rep=1 batches=163414 time=1.000 s | package=71.713 J | dram=NA | total=71.713 J | power=71.7 W | runtime=in_range | checksum=OK
[STRIDED_GEMM] N=64 threads=8 rep=2 batches=163414 time=1.001 s | package=71.784 J | dram=NA | total=71.784 J | power=71.7 W | runtime=in_range | checksum=OK
[STRIDED_GEMM] N=64 threads=8 rep=3 batches=163414 time=0.999 s | package=71.762 J | dram=NA | total=71.762 J | power=71.8 W | runtime=in_range | checksum=OK
[STRIDED_GEMM] N=64 threads=8 rep=4 batches=163414 time=1.000 s | package=71.779 J | dram=NA | total=71.779 J | power=71.7 W | runtime=in_range | checksum=OK
[STRIDED_GEMM] N=64 threads=8 rep=5 batches=163414 time=1.000 s | package=71.664 J | dram=NA | total=71.664 J | power=71.7 W | runtime=in_range | checksum=OK
[STRIDED_GEMM] N=64 threads=8 rep=6 batches=163414 time=0.999 s | package=71.685 J | dram=NA | total=71.685 J | power=71.8 W | runtime=in_range | checksum=OK
[STRIDED_GEMM] N=64 threads=8 rep=7 batches=163414 time=1.000 s | package=71.691 J | dram=NA | total=71.691 J | power=71.7 W | runtime=in_range | checksum=OK
[STRIDED_GEMM] N=64 threads=8 rep=8 batches=163414 time=1.001 s | package=71.746 J | dram=NA | total=71.746 J | power=71.7 W | runtime=in_range | checksum=OK
[STRIDED_GEMM] N=64 threads=8 rep=9 batches=163414 time=1.001 s | package=71.687 J | dram=NA | total=71.687 J | power=71.6 W | runtime=in_range | checksum=OK
[STRIDED_GEMM] N=64 threads=8 rep=10 batches=163414 time=1.000 s | package=71.580 J | dram=NA | total=71.580 J | power=71.6 W | runtime=in_range | checksum=OK
[OpenBLAS] requested=20 active=20
[STRIDED_GEMM] N=64 threads=20 rep=1 batches=163389 time=0.999 s | package=71.628 J | dram=NA | total=71.628 J | power=71.7 W | runtime=in_range | checksum=OK
[STRIDED_GEMM] N=64 threads=20 rep=2 batches=163389 time=0.999 s | package=71.571 J | dram=NA | total=71.571 J | power=71.6 W | runtime=in_range | checksum=OK
[STRIDED_GEMM] N=64 threads=20 rep=3 batches=163389 time=0.999 s | package=71.548 J | dram=NA | total=71.548 J | power=71.6 W | runtime=in_range | checksum=OK
[STRIDED_GEMM] N=64 threads=20 rep=4 batches=163389 time=1.000 s | package=71.590 J | dram=NA | total=71.590 J | power=71.6 W | runtime=in_range | checksum=OK
[STRIDED_GEMM] N=64 threads=20 rep=5 batches=163389 time=1.000 s | package=71.588 J | dram=NA | total=71.588 J | power=71.6 W | runtime=in_range | checksum=OK
[STRIDED_GEMM] N=64 threads=20 rep=6 batches=163389 time=1.001 s | package=71.679 J | dram=NA | total=71.679 J | power=71.6 W | runtime=in_range | checksum=OK
[STRIDED_GEMM] N=64 threads=20 rep=7 batches=163389 time=1.001 s | package=71.798 J | dram=NA | total=71.798 J | power=71.7 W | runtime=in_range | checksum=OK
[STRIDED_GEMM] N=64 threads=20 rep=8 batches=163389 time=0.999 s | package=71.496 J | dram=NA | total=71.496 J | power=71.6 W | runtime=in_range | checksum=OK
[STRIDED_GEMM] N=64 threads=20 rep=9 batches=163389 time=1.002 s | package=71.697 J | dram=NA | total=71.697 J | power=71.6 W | runtime=in_range | checksum=OK
[STRIDED_GEMM] N=64 threads=20 rep=10 batches=163389 time=1.001 s | package=71.701 J | dram=NA | total=71.701 J | power=71.6 W | runtime=in_range | checksum=OK
[OpenBLAS] requested=16 active=16
[STRIDED_GEMM] N=16384 threads=16 rep=1 batches=1 time=5.235 s | package=1478.665 J | dram=NA | total=1478.665 J | power=282.4 W | runtime=above | checksum=OK
[STRIDED_GEMM] N=16384 threads=16 rep=2 batches=1 time=5.227 s | package=1477.777 J | dram=NA | total=1477.777 J | power=282.7 W | runtime=above | checksum=OK
[STRIDED_GEMM] N=16384 threads=16 rep=3 batches=1 time=5.235 s | package=1479.841 J | dram=NA | total=1479.841 J | power=282.7 W | runtime=above | checksum=OK
[STRIDED_GEMM] N=16384 threads=16 rep=4 batches=1 time=5.232 s | package=1479.577 J | dram=NA | total=1479.577 J | power=282.8 W | runtime=above | checksum=OK
[STRIDED_GEMM] N=16384 threads=16 rep=5 batches=1 time=5.263 s | package=1489.744 J | dram=NA | total=1489.744 J | power=283.1 W | runtime=above | checksum=OK
[STRIDED_GEMM] N=16384 threads=16 rep=6 batches=1 time=5.315 s | package=1499.571 J | dram=NA | total=1499.571 J | power=282.1 W | runtime=above | checksum=OK
[STRIDED_GEMM] N=16384 threads=16 rep=7 batches=1 time=5.263 s | package=1493.037 J | dram=NA | total=1493.037 J | power=283.7 W | runtime=above | checksum=OK
[STRIDED_GEMM] N=16384 threads=16 rep=8 batches=1 time=5.269 s | package=1491.585 J | dram=NA | total=1491.585 J | power=283.1 W | runtime=above | checksum=OK
[STRIDED_GEMM] N=16384 threads=16 rep=9 batches=1 time=5.216 s | package=1481.379 J | dram=NA | total=1481.379 J | power=284.0 W | runtime=above | checksum=OK
[STRIDED_GEMM] N=16384 threads=16 rep=10 batches=1 time=5.208 s | package=1479.589 J | dram=NA | total=1479.589 J | power=284.1 W | runtime=above | checksum=OK
[OpenBLAS] requested=4 active=4
[STRIDED_GEMM] N=1024 threads=4 rep=1 batches=210 time=1.002 s | package=125.375 J | dram=NA | total=125.375 J | power=125.1 W | runtime=in_range | checksum=OK
[STRIDED_GEMM] N=1024 threads=4 rep=2 batches=210 time=1.009 s | package=125.789 J | dram=NA | total=125.789 J | power=124.6 W | runtime=in_range | checksum=OK
[STRIDED_GEMM] N=1024 threads=4 rep=3 batches=210 time=1.011 s | package=125.718 J | dram=NA | total=125.718 J | power=124.4 W | runtime=in_range | checksum=OK
[STRIDED_GEMM] N=1024 threads=4 rep=4 batches=210 time=1.001 s | package=124.901 J | dram=NA | total=124.901 J | power=124.8 W | runtime=in_range | checksum=OK
[STRIDED_GEMM] N=1024 threads=4 rep=5 batches=210 time=1.002 s | package=124.867 J | dram=NA | total=124.867 J | power=124.6 W | runtime=in_range | checksum=OK
[STRIDED_GEMM] N=1024 threads=4 rep=6 batches=210 time=1.002 s | package=124.854 J | dram=NA | total=124.854 J | power=124.6 W | runtime=in_range | checksum=OK
[STRIDED_GEMM] N=1024 threads=4 rep=7 batches=210 time=1.001 s | package=124.685 J | dram=NA | total=124.685 J | power=124.6 W | runtime=in_range | checksum=OK
[STRIDED_GEMM] N=1024 threads=4 rep=8 batches=210 time=1.002 s | package=124.653 J | dram=NA | total=124.653 J | power=124.4 W | runtime=in_range | checksum=OK
[STRIDED_GEMM] N=1024 threads=4 rep=9 batches=210 time=1.013 s | package=125.612 J | dram=NA | total=125.612 J | power=124.0 W | runtime=in_range | checksum=OK
[STRIDED_GEMM] N=1024 threads=4 rep=10 batches=210 time=1.001 s | package=124.708 J | dram=NA | total=124.708 J | power=124.5 W | runtime=in_range | checksum=OK
[OpenBLAS] requested=16 active=16
[STRIDED_GEMM] N=256 threads=16 rep=1 batches=15305 time=1.001 s | package=180.029 J | dram=NA | total=180.029 J | power=179.8 W | runtime=in_range | checksum=OK
[STRIDED_GEMM] N=256 threads=16 rep=2 batches=15305 time=0.998 s | package=179.775 J | dram=NA | total=179.775 J | power=180.1 W | runtime=in_range | checksum=OK
[STRIDED_GEMM] N=256 threads=16 rep=3 batches=15305 time=1.000 s | package=180.099 J | dram=NA | total=180.099 J | power=180.1 W | runtime=in_range | checksum=OK
[STRIDED_GEMM] N=256 threads=16 rep=4 batches=15305 time=1.005 s | package=180.733 J | dram=NA | total=180.733 J | power=179.8 W | runtime=in_range | checksum=OK
[STRIDED_GEMM] N=256 threads=16 rep=5 batches=15305 time=1.001 s | package=180.604 J | dram=NA | total=180.604 J | power=180.4 W | runtime=in_range | checksum=OK
[STRIDED_GEMM] N=256 threads=16 rep=6 batches=15305 time=1.000 s | package=180.382 J | dram=NA | total=180.382 J | power=180.3 W | runtime=in_range | checksum=OK
[STRIDED_GEMM] N=256 threads=16 rep=7 batches=15305 time=1.010 s | package=181.492 J | dram=NA | total=181.492 J | power=179.8 W | runtime=in_range | checksum=OK
[STRIDED_GEMM] N=256 threads=16 rep=8 batches=15305 time=1.007 s | package=181.245 J | dram=NA | total=181.245 J | power=180.0 W | runtime=in_range | checksum=OK
[STRIDED_GEMM] N=256 threads=16 rep=9 batches=15305 time=1.002 s | package=180.562 J | dram=NA | total=180.562 J | power=180.2 W | runtime=in_range | checksum=OK
[STRIDED_GEMM] N=256 threads=16 rep=10 batches=15305 time=1.002 s | package=180.537 J | dram=NA | total=180.537 J | power=180.3 W | runtime=in_range | checksum=OK
[OpenBLAS] requested=10 active=10
[STRIDED_GEMM] N=4096 threads=10 rep=1 batches=8 time=1.072 s | package=224.137 J | dram=NA | total=224.137 J | power=209.1 W | runtime=in_range | checksum=OK
[STRIDED_GEMM] N=4096 threads=10 rep=2 batches=8 time=1.074 s | package=224.163 J | dram=NA | total=224.163 J | power=208.6 W | runtime=in_range | checksum=OK
[STRIDED_GEMM] N=4096 threads=10 rep=3 batches=8 time=1.082 s | package=224.975 J | dram=NA | total=224.975 J | power=207.9 W | runtime=in_range | checksum=OK
[STRIDED_GEMM] N=4096 threads=10 rep=4 batches=8 time=1.077 s | package=224.247 J | dram=NA | total=224.247 J | power=208.3 W | runtime=in_range | checksum=OK
[STRIDED_GEMM] N=4096 threads=10 rep=5 batches=8 time=1.075 s | package=224.191 J | dram=NA | total=224.191 J | power=208.5 W | runtime=in_range | checksum=OK
[STRIDED_GEMM] N=4096 threads=10 rep=6 batches=8 time=1.081 s | package=223.609 J | dram=NA | total=223.609 J | power=206.8 W | runtime=in_range | checksum=OK
[STRIDED_GEMM] N=4096 threads=10 rep=7 batches=8 time=1.082 s | package=223.673 J | dram=NA | total=223.673 J | power=206.8 W | runtime=in_range | checksum=OK
[STRIDED_GEMM] N=4096 threads=10 rep=8 batches=8 time=1.081 s | package=223.428 J | dram=NA | total=223.428 J | power=206.7 W | runtime=in_range | checksum=OK
[STRIDED_GEMM] N=4096 threads=10 rep=9 batches=8 time=1.076 s | package=222.812 J | dram=NA | total=222.812 J | power=207.1 W | runtime=in_range | checksum=OK
[STRIDED_GEMM] N=4096 threads=10 rep=10 batches=8 time=1.083 s | package=223.560 J | dram=NA | total=223.560 J | power=206.4 W | runtime=in_range | checksum=OK
[OpenBLAS] requested=4 active=4
[STRIDED_GEMM] N=8192 threads=4 rep=1 batches=1 time=2.359 s | package=301.783 J | dram=NA | total=301.783 J | power=127.9 W | runtime=above | checksum=OK
[STRIDED_GEMM] N=8192 threads=4 rep=2 batches=1 time=2.369 s | package=302.137 J | dram=NA | total=302.137 J | power=127.5 W | runtime=above | checksum=OK
[STRIDED_GEMM] N=8192 threads=4 rep=3 batches=1 time=2.362 s | package=301.649 J | dram=NA | total=301.649 J | power=127.7 W | runtime=above | checksum=OK
[STRIDED_GEMM] N=8192 threads=4 rep=4 batches=1 time=2.374 s | package=302.179 J | dram=NA | total=302.179 J | power=127.3 W | runtime=above | checksum=OK
[STRIDED_GEMM] N=8192 threads=4 rep=5 batches=1 time=2.369 s | package=302.044 J | dram=NA | total=302.044 J | power=127.5 W | runtime=above | checksum=OK
[STRIDED_GEMM] N=8192 threads=4 rep=6 batches=1 time=2.378 s | package=302.520 J | dram=NA | total=302.520 J | power=127.2 W | runtime=above | checksum=OK
[STRIDED_GEMM] N=8192 threads=4 rep=7 batches=1 time=2.369 s | package=302.007 J | dram=NA | total=302.007 J | power=127.5 W | runtime=above | checksum=OK
[STRIDED_GEMM] N=8192 threads=4 rep=8 batches=1 time=2.362 s | package=301.749 J | dram=NA | total=301.749 J | power=127.7 W | runtime=above | checksum=OK
[STRIDED_GEMM] N=8192 threads=4 rep=9 batches=1 time=2.374 s | package=302.188 J | dram=NA | total=302.188 J | power=127.3 W | runtime=above | checksum=OK
[STRIDED_GEMM] N=8192 threads=4 rep=10 batches=1 time=2.369 s | package=301.666 J | dram=NA | total=301.666 J | power=127.3 W | runtime=above | checksum=OK
[OpenBLAS] requested=10 active=10
[STRIDED_GEMM] N=1024 threads=10 rep=1 batches=318 time=1.003 s | package=174.040 J | dram=NA | total=174.040 J | power=173.6 W | runtime=in_range | checksum=OK
[STRIDED_GEMM] N=1024 threads=10 rep=2 batches=318 time=1.012 s | package=175.102 J | dram=NA | total=175.102 J | power=173.0 W | runtime=in_range | checksum=OK
[STRIDED_GEMM] N=1024 threads=10 rep=3 batches=318 time=1.003 s | package=174.052 J | dram=NA | total=174.052 J | power=173.5 W | runtime=in_range | checksum=OK
[STRIDED_GEMM] N=1024 threads=10 rep=4 batches=318 time=1.003 s | package=174.039 J | dram=NA | total=174.039 J | power=173.5 W | runtime=in_range | checksum=OK
[STRIDED_GEMM] N=1024 threads=10 rep=5 batches=318 time=1.003 s | package=174.151 J | dram=NA | total=174.151 J | power=173.6 W | runtime=in_range | checksum=OK
[STRIDED_GEMM] N=1024 threads=10 rep=6 batches=318 time=1.003 s | package=174.207 J | dram=NA | total=174.207 J | power=173.8 W | runtime=in_range | checksum=OK
[STRIDED_GEMM] N=1024 threads=10 rep=7 batches=318 time=1.012 s | package=175.148 J | dram=NA | total=175.148 J | power=173.1 W | runtime=in_range | checksum=OK
[STRIDED_GEMM] N=1024 threads=10 rep=8 batches=318 time=1.002 s | package=174.218 J | dram=NA | total=174.218 J | power=173.8 W | runtime=in_range | checksum=OK
[STRIDED_GEMM] N=1024 threads=10 rep=9 batches=318 time=1.003 s | package=174.137 J | dram=NA | total=174.137 J | power=173.6 W | runtime=in_range | checksum=OK
[STRIDED_GEMM] N=1024 threads=10 rep=10 batches=318 time=1.003 s | package=174.090 J | dram=NA | total=174.090 J | power=173.6 W | runtime=in_range | checksum=OK
[OpenBLAS] requested=20 active=20
[STRIDED_GEMM] N=512 threads=20 rep=1 batches=3127 time=1.000 s | package=228.174 J | dram=NA | total=228.174 J | power=228.1 W | runtime=in_range | checksum=OK
[STRIDED_GEMM] N=512 threads=20 rep=2 batches=3127 time=1.009 s | package=229.469 J | dram=NA | total=229.469 J | power=227.5 W | runtime=in_range | checksum=OK
[STRIDED_GEMM] N=512 threads=20 rep=3 batches=3127 time=0.999 s | package=228.118 J | dram=NA | total=228.118 J | power=228.4 W | runtime=in_range | checksum=OK
[STRIDED_GEMM] N=512 threads=20 rep=4 batches=3127 time=1.003 s | package=228.938 J | dram=NA | total=228.938 J | power=228.2 W | runtime=in_range | checksum=OK
[STRIDED_GEMM] N=512 threads=20 rep=5 batches=3127 time=1.005 s | package=229.426 J | dram=NA | total=229.426 J | power=228.3 W | runtime=in_range | checksum=OK
[STRIDED_GEMM] N=512 threads=20 rep=6 batches=3127 time=0.997 s | package=228.524 J | dram=NA | total=228.524 J | power=229.2 W | runtime=in_range | checksum=OK
[STRIDED_GEMM] N=512 threads=20 rep=7 batches=3127 time=0.996 s | package=228.495 J | dram=NA | total=228.495 J | power=229.4 W | runtime=in_range | checksum=OK
[STRIDED_GEMM] N=512 threads=20 rep=8 batches=3127 time=0.996 s | package=228.584 J | dram=NA | total=228.584 J | power=229.6 W | runtime=in_range | checksum=OK
[STRIDED_GEMM] N=512 threads=20 rep=9 batches=3127 time=1.004 s | package=229.805 J | dram=NA | total=229.805 J | power=228.9 W | runtime=in_range | checksum=OK
[STRIDED_GEMM] N=512 threads=20 rep=10 batches=3127 time=0.995 s | package=228.732 J | dram=NA | total=228.732 J | power=229.8 W | runtime=in_range | checksum=OK
[OpenBLAS] requested=8 active=8
[STRIDED_GEMM] N=256 threads=8 rep=1 batches=20174 time=1.001 s | package=166.615 J | dram=NA | total=166.615 J | power=166.4 W | runtime=in_range | checksum=OK
[STRIDED_GEMM] N=256 threads=8 rep=2 batches=20174 time=1.002 s | package=166.732 J | dram=NA | total=166.732 J | power=166.4 W | runtime=in_range | checksum=OK
[STRIDED_GEMM] N=256 threads=8 rep=3 batches=20174 time=1.001 s | package=166.520 J | dram=NA | total=166.520 J | power=166.4 W | runtime=in_range | checksum=OK
[STRIDED_GEMM] N=256 threads=8 rep=4 batches=20174 time=1.000 s | package=166.557 J | dram=NA | total=166.557 J | power=166.6 W | runtime=in_range | checksum=OK
[STRIDED_GEMM] N=256 threads=8 rep=5 batches=20174 time=0.999 s | package=166.559 J | dram=NA | total=166.559 J | power=166.7 W | runtime=in_range | checksum=OK
[STRIDED_GEMM] N=256 threads=8 rep=6 batches=20174 time=0.998 s | package=166.577 J | dram=NA | total=166.577 J | power=166.8 W | runtime=in_range | checksum=OK
[STRIDED_GEMM] N=256 threads=8 rep=7 batches=20174 time=0.998 s | package=166.450 J | dram=NA | total=166.450 J | power=166.7 W | runtime=in_range | checksum=OK
[STRIDED_GEMM] N=256 threads=8 rep=8 batches=20174 time=0.999 s | package=166.540 J | dram=NA | total=166.540 J | power=166.7 W | runtime=in_range | checksum=OK
[STRIDED_GEMM] N=256 threads=8 rep=9 batches=20174 time=0.999 s | package=166.578 J | dram=NA | total=166.578 J | power=166.8 W | runtime=in_range | checksum=OK
[STRIDED_GEMM] N=256 threads=8 rep=10 batches=20174 time=0.998 s | package=166.469 J | dram=NA | total=166.469 J | power=166.8 W | runtime=in_range | checksum=OK
[OpenBLAS] requested=8 active=8
[STRIDED_GEMM] N=512 threads=8 rep=1 batches=3043 time=1.055 s | package=182.221 J | dram=NA | total=182.221 J | power=172.8 W | runtime=in_range | checksum=OK
[STRIDED_GEMM] N=512 threads=8 rep=2 batches=3043 time=1.055 s | package=182.006 J | dram=NA | total=182.006 J | power=172.4 W | runtime=in_range | checksum=OK
[STRIDED_GEMM] N=512 threads=8 rep=3 batches=3043 time=1.003 s | package=176.722 J | dram=NA | total=176.722 J | power=176.2 W | runtime=in_range | checksum=OK
[STRIDED_GEMM] N=512 threads=8 rep=4 batches=3043 time=1.011 s | package=177.464 J | dram=NA | total=177.464 J | power=175.5 W | runtime=in_range | checksum=OK
[STRIDED_GEMM] N=512 threads=8 rep=5 batches=3043 time=1.003 s | package=176.741 J | dram=NA | total=176.741 J | power=176.3 W | runtime=in_range | checksum=OK
[STRIDED_GEMM] N=512 threads=8 rep=6 batches=3043 time=1.009 s | package=177.314 J | dram=NA | total=177.314 J | power=175.7 W | runtime=in_range | checksum=OK
[STRIDED_GEMM] N=512 threads=8 rep=7 batches=3043 time=1.001 s | package=176.758 J | dram=NA | total=176.758 J | power=176.5 W | runtime=in_range | checksum=OK
[STRIDED_GEMM] N=512 threads=8 rep=8 batches=3043 time=1.001 s | package=176.440 J | dram=NA | total=176.440 J | power=176.3 W | runtime=in_range | checksum=OK
[STRIDED_GEMM] N=512 threads=8 rep=9 batches=3043 time=1.006 s | package=177.022 J | dram=NA | total=177.022 J | power=176.0 W | runtime=in_range | checksum=OK
[STRIDED_GEMM] N=512 threads=8 rep=10 batches=3043 time=1.000 s | package=176.462 J | dram=NA | total=176.462 J | power=176.4 W | runtime=in_range | checksum=OK
[OpenBLAS] requested=64 active=64
[STRIDED_GEMM] N=128 threads=64 rep=1 batches=89751 time=0.999 s | package=135.502 J | dram=NA | total=135.502 J | power=135.7 W | runtime=in_range | checksum=OK
[STRIDED_GEMM] N=128 threads=64 rep=2 batches=89751 time=1.016 s | package=137.191 J | dram=NA | total=137.191 J | power=135.0 W | runtime=in_range | checksum=OK
[STRIDED_GEMM] N=128 threads=64 rep=3 batches=89751 time=0.995 s | package=135.231 J | dram=NA | total=135.231 J | power=135.9 W | runtime=in_range | checksum=OK
[STRIDED_GEMM] N=128 threads=64 rep=4 batches=89751 time=0.997 s | package=135.336 J | dram=NA | total=135.336 J | power=135.8 W | runtime=in_range | checksum=OK
[STRIDED_GEMM] N=128 threads=64 rep=5 batches=89751 time=1.003 s | package=135.930 J | dram=NA | total=135.930 J | power=135.6 W | runtime=in_range | checksum=OK
[STRIDED_GEMM] N=128 threads=64 rep=6 batches=89751 time=0.996 s | package=135.318 J | dram=NA | total=135.318 J | power=135.8 W | runtime=in_range | checksum=OK
[STRIDED_GEMM] N=128 threads=64 rep=7 batches=89751 time=1.002 s | package=135.762 J | dram=NA | total=135.762 J | power=135.5 W | runtime=in_range | checksum=OK
[STRIDED_GEMM] N=128 threads=64 rep=8 batches=89751 time=0.996 s | package=135.458 J | dram=NA | total=135.458 J | power=136.0 W | runtime=in_range | checksum=OK
[STRIDED_GEMM] N=128 threads=64 rep=9 batches=89751 time=0.998 s | package=135.511 J | dram=NA | total=135.511 J | power=135.8 W | runtime=in_range | checksum=OK
[STRIDED_GEMM] N=128 threads=64 rep=10 batches=89751 time=0.998 s | package=135.378 J | dram=NA | total=135.378 J | power=135.7 W | runtime=in_range | checksum=OK
[OpenBLAS] requested=32 active=32
[STRIDED_GEMM] N=64 threads=32 rep=1 batches=162522 time=1.000 s | package=72.044 J | dram=NA | total=72.044 J | power=72.0 W | runtime=in_range | checksum=OK
[STRIDED_GEMM] N=64 threads=32 rep=2 batches=162522 time=1.000 s | package=72.130 J | dram=NA | total=72.130 J | power=72.1 W | runtime=in_range | checksum=OK
[STRIDED_GEMM] N=64 threads=32 rep=3 batches=162522 time=1.001 s | package=72.469 J | dram=NA | total=72.469 J | power=72.4 W | runtime=in_range | checksum=OK
[STRIDED_GEMM] N=64 threads=32 rep=4 batches=162522 time=1.001 s | package=72.134 J | dram=NA | total=72.134 J | power=72.1 W | runtime=in_range | checksum=OK
[STRIDED_GEMM] N=64 threads=32 rep=5 batches=162522 time=1.000 s | package=71.952 J | dram=NA | total=71.952 J | power=71.9 W | runtime=in_range | checksum=OK
[STRIDED_GEMM] N=64 threads=32 rep=6 batches=162522 time=1.000 s | package=71.976 J | dram=NA | total=71.976 J | power=72.0 W | runtime=in_range | checksum=OK
[STRIDED_GEMM] N=64 threads=32 rep=7 batches=162522 time=1.000 s | package=72.009 J | dram=NA | total=72.009 J | power=72.0 W | runtime=in_range | checksum=OK
[STRIDED_GEMM] N=64 threads=32 rep=8 batches=162522 time=1.000 s | package=71.926 J | dram=NA | total=71.926 J | power=71.9 W | runtime=in_range | checksum=OK
[STRIDED_GEMM] N=64 threads=32 rep=9 batches=162522 time=1.000 s | package=71.900 J | dram=NA | total=71.900 J | power=71.9 W | runtime=in_range | checksum=OK
[STRIDED_GEMM] N=64 threads=32 rep=10 batches=162522 time=1.000 s | package=71.939 J | dram=NA | total=71.939 J | power=71.9 W | runtime=in_range | checksum=OK
[OpenBLAS] requested=4 active=4
[STRIDED_GEMM] N=2048 threads=4 rep=1 batches=28 time=1.032 s | package=131.269 J | dram=NA | total=131.269 J | power=127.3 W | runtime=in_range | checksum=OK
[STRIDED_GEMM] N=2048 threads=4 rep=2 batches=28 time=1.043 s | package=132.191 J | dram=NA | total=132.191 J | power=126.8 W | runtime=in_range | checksum=OK
[STRIDED_GEMM] N=2048 threads=4 rep=3 batches=28 time=1.050 s | package=132.731 J | dram=NA | total=132.731 J | power=126.4 W | runtime=in_range | checksum=OK
[STRIDED_GEMM] N=2048 threads=4 rep=4 batches=28 time=1.038 s | package=131.824 J | dram=NA | total=131.824 J | power=126.9 W | runtime=in_range | checksum=OK
[STRIDED_GEMM] N=2048 threads=4 rep=5 batches=28 time=1.043 s | package=132.313 J | dram=NA | total=132.313 J | power=126.9 W | runtime=in_range | checksum=OK
[STRIDED_GEMM] N=2048 threads=4 rep=6 batches=28 time=1.048 s | package=132.851 J | dram=NA | total=132.851 J | power=126.7 W | runtime=in_range | checksum=OK
[STRIDED_GEMM] N=2048 threads=4 rep=7 batches=28 time=1.043 s | package=132.304 J | dram=NA | total=132.304 J | power=126.8 W | runtime=in_range | checksum=OK
[STRIDED_GEMM] N=2048 threads=4 rep=8 batches=28 time=1.048 s | package=132.598 J | dram=NA | total=132.598 J | power=126.5 W | runtime=in_range | checksum=OK
[STRIDED_GEMM] N=2048 threads=4 rep=9 batches=28 time=1.042 s | package=132.308 J | dram=NA | total=132.308 J | power=126.9 W | runtime=in_range | checksum=OK
[STRIDED_GEMM] N=2048 threads=4 rep=10 batches=28 time=1.044 s | package=132.413 J | dram=NA | total=132.413 J | power=126.8 W | runtime=in_range | checksum=OK
[OpenBLAS] requested=1 active=1
[STRIDED_GEMM] N=64 threads=1 rep=1 batches=162538 time=1.000 s | package=71.819 J | dram=NA | total=71.819 J | power=71.8 W | runtime=in_range | checksum=OK
[STRIDED_GEMM] N=64 threads=1 rep=2 batches=162538 time=1.000 s | package=71.867 J | dram=NA | total=71.867 J | power=71.8 W | runtime=in_range | checksum=OK
[STRIDED_GEMM] N=64 threads=1 rep=3 batches=162538 time=1.118 s | package=79.830 J | dram=NA | total=79.830 J | power=71.4 W | runtime=in_range | checksum=OK
[STRIDED_GEMM] N=64 threads=1 rep=4 batches=162538 time=1.004 s | package=72.187 J | dram=NA | total=72.187 J | power=71.9 W | runtime=in_range | checksum=OK
[STRIDED_GEMM] N=64 threads=1 rep=5 batches=162538 time=0.999 s | package=71.714 J | dram=NA | total=71.714 J | power=71.8 W | runtime=in_range | checksum=OK
[STRIDED_GEMM] N=64 threads=1 rep=6 batches=162538 time=1.000 s | package=71.895 J | dram=NA | total=71.895 J | power=71.9 W | runtime=in_range | checksum=OK
[STRIDED_GEMM] N=64 threads=1 rep=7 batches=162538 time=1.000 s | package=71.683 J | dram=NA | total=71.683 J | power=71.7 W | runtime=in_range | checksum=OK
[STRIDED_GEMM] N=64 threads=1 rep=8 batches=162538 time=1.000 s | package=71.743 J | dram=NA | total=71.743 J | power=71.7 W | runtime=in_range | checksum=OK
[STRIDED_GEMM] N=64 threads=1 rep=9 batches=162538 time=1.000 s | package=71.882 J | dram=NA | total=71.882 J | power=71.9 W | runtime=in_range | checksum=OK
[STRIDED_GEMM] N=64 threads=1 rep=10 batches=162538 time=1.000 s | package=71.815 J | dram=NA | total=71.815 J | power=71.8 W | runtime=in_range | checksum=OK
[OpenBLAS] requested=4 active=4
[STRIDED_GEMM] N=4096 threads=4 rep=1 batches=4 time=1.162 s | package=148.940 J | dram=NA | total=148.940 J | power=128.1 W | runtime=in_range | checksum=OK
[STRIDED_GEMM] N=4096 threads=4 rep=2 batches=4 time=1.171 s | package=149.550 J | dram=NA | total=149.550 J | power=127.7 W | runtime=in_range | checksum=OK
[STRIDED_GEMM] N=4096 threads=4 rep=3 batches=4 time=1.167 s | package=149.427 J | dram=NA | total=149.427 J | power=128.0 W | runtime=in_range | checksum=OK
[STRIDED_GEMM] N=4096 threads=4 rep=4 batches=4 time=1.170 s | package=150.456 J | dram=NA | total=150.456 J | power=128.6 W | runtime=in_range | checksum=OK
[STRIDED_GEMM] N=4096 threads=4 rep=5 batches=4 time=1.174 s | package=149.844 J | dram=NA | total=149.844 J | power=127.6 W | runtime=in_range | checksum=OK
[STRIDED_GEMM] N=4096 threads=4 rep=6 batches=4 time=1.168 s | package=149.609 J | dram=NA | total=149.609 J | power=128.0 W | runtime=in_range | checksum=OK
[STRIDED_GEMM] N=4096 threads=4 rep=7 batches=4 time=1.180 s | package=150.296 J | dram=NA | total=150.296 J | power=127.4 W | runtime=in_range | checksum=OK
[STRIDED_GEMM] N=4096 threads=4 rep=8 batches=4 time=1.170 s | package=149.457 J | dram=NA | total=149.457 J | power=127.8 W | runtime=in_range | checksum=OK
[STRIDED_GEMM] N=4096 threads=4 rep=9 batches=4 time=1.169 s | package=149.531 J | dram=NA | total=149.531 J | power=127.9 W | runtime=in_range | checksum=OK
[STRIDED_GEMM] N=4096 threads=4 rep=10 batches=4 time=1.169 s | package=149.533 J | dram=NA | total=149.533 J | power=128.0 W | runtime=in_range | checksum=OK
[OpenBLAS] requested=10 active=10
[STRIDED_GEMM] N=64 threads=10 rep=1 batches=162643 time=1.000 s | package=71.538 J | dram=NA | total=71.538 J | power=71.6 W | runtime=in_range | checksum=OK
[STRIDED_GEMM] N=64 threads=10 rep=2 batches=162643 time=0.999 s | package=71.659 J | dram=NA | total=71.659 J | power=71.7 W | runtime=in_range | checksum=OK
[STRIDED_GEMM] N=64 threads=10 rep=3 batches=162643 time=1.001 s | package=71.991 J | dram=NA | total=71.991 J | power=71.9 W | runtime=in_range | checksum=OK
[STRIDED_GEMM] N=64 threads=10 rep=4 batches=162643 time=1.003 s | package=72.542 J | dram=NA | total=72.542 J | power=72.3 W | runtime=in_range | checksum=OK
[STRIDED_GEMM] N=64 threads=10 rep=5 batches=162643 time=1.006 s | package=71.944 J | dram=NA | total=71.944 J | power=71.5 W | runtime=in_range | checksum=OK
[STRIDED_GEMM] N=64 threads=10 rep=6 batches=162643 time=0.997 s | package=71.726 J | dram=NA | total=71.726 J | power=71.9 W | runtime=in_range | checksum=OK
[STRIDED_GEMM] N=64 threads=10 rep=7 batches=162643 time=0.996 s | package=71.443 J | dram=NA | total=71.443 J | power=71.7 W | runtime=in_range | checksum=OK
[STRIDED_GEMM] N=64 threads=10 rep=8 batches=162643 time=0.996 s | package=71.446 J | dram=NA | total=71.446 J | power=71.8 W | runtime=in_range | checksum=OK
[STRIDED_GEMM] N=64 threads=10 rep=9 batches=162643 time=0.995 s | package=71.411 J | dram=NA | total=71.411 J | power=71.8 W | runtime=in_range | checksum=OK
[STRIDED_GEMM] N=64 threads=10 rep=10 batches=162643 time=0.996 s | package=71.445 J | dram=NA | total=71.445 J | power=71.8 W | runtime=in_range | checksum=OK
[OpenBLAS] requested=4 active=4
[STRIDED_GEMM] N=512 threads=4 rep=1 batches=1648 time=1.013 s | package=125.048 J | dram=NA | total=125.048 J | power=123.5 W | runtime=in_range | checksum=OK
[STRIDED_GEMM] N=512 threads=4 rep=2 batches=1648 time=1.012 s | package=124.753 J | dram=NA | total=124.753 J | power=123.2 W | runtime=in_range | checksum=OK
[STRIDED_GEMM] N=512 threads=4 rep=3 batches=1648 time=1.006 s | package=124.303 J | dram=NA | total=124.303 J | power=123.6 W | runtime=in_range | checksum=OK
[STRIDED_GEMM] N=512 threads=4 rep=4 batches=1648 time=1.014 s | package=124.839 J | dram=NA | total=124.839 J | power=123.1 W | runtime=in_range | checksum=OK
[STRIDED_GEMM] N=512 threads=4 rep=5 batches=1648 time=1.016 s | package=125.023 J | dram=NA | total=125.023 J | power=123.1 W | runtime=in_range | checksum=OK
[STRIDED_GEMM] N=512 threads=4 rep=6 batches=1648 time=1.014 s | package=124.790 J | dram=NA | total=124.790 J | power=123.1 W | runtime=in_range | checksum=OK
[STRIDED_GEMM] N=512 threads=4 rep=7 batches=1648 time=1.022 s | package=125.540 J | dram=NA | total=125.540 J | power=122.8 W | runtime=in_range | checksum=OK
[STRIDED_GEMM] N=512 threads=4 rep=8 batches=1648 time=1.051 s | package=127.918 J | dram=NA | total=127.918 J | power=121.7 W | runtime=in_range | checksum=OK
[STRIDED_GEMM] N=512 threads=4 rep=9 batches=1648 time=1.095 s | package=129.847 J | dram=NA | total=129.847 J | power=118.6 W | runtime=in_range | checksum=OK
[STRIDED_GEMM] N=512 threads=4 rep=10 batches=1648 time=1.012 s | package=124.721 J | dram=NA | total=124.721 J | power=123.2 W | runtime=in_range | checksum=OK
[OpenBLAS] requested=16 active=16
[STRIDED_GEMM] N=64 threads=16 rep=1 batches=163327 time=1.000 s | package=71.940 J | dram=NA | total=71.940 J | power=71.9 W | runtime=in_range | checksum=OK
[STRIDED_GEMM] N=64 threads=16 rep=2 batches=163327 time=1.002 s | package=72.181 J | dram=NA | total=72.181 J | power=72.0 W | runtime=in_range | checksum=OK
[STRIDED_GEMM] N=64 threads=16 rep=3 batches=163327 time=1.002 s | package=71.818 J | dram=NA | total=71.818 J | power=71.7 W | runtime=in_range | checksum=OK
[STRIDED_GEMM] N=64 threads=16 rep=4 batches=163327 time=1.002 s | package=71.835 J | dram=NA | total=71.835 J | power=71.7 W | runtime=in_range | checksum=OK
[STRIDED_GEMM] N=64 threads=16 rep=5 batches=163327 time=1.002 s | package=72.265 J | dram=NA | total=72.265 J | power=72.1 W | runtime=in_range | checksum=OK
[STRIDED_GEMM] N=64 threads=16 rep=6 batches=163327 time=1.002 s | package=71.823 J | dram=NA | total=71.823 J | power=71.7 W | runtime=in_range | checksum=OK
[STRIDED_GEMM] N=64 threads=16 rep=7 batches=163327 time=1.001 s | package=71.705 J | dram=NA | total=71.705 J | power=71.7 W | runtime=in_range | checksum=OK
[STRIDED_GEMM] N=64 threads=16 rep=8 batches=163327 time=1.000 s | package=71.649 J | dram=NA | total=71.649 J | power=71.6 W | runtime=in_range | checksum=OK
[STRIDED_GEMM] N=64 threads=16 rep=9 batches=163327 time=1.000 s | package=71.830 J | dram=NA | total=71.830 J | power=71.8 W | runtime=in_range | checksum=OK
[STRIDED_GEMM] N=64 threads=16 rep=10 batches=163327 time=1.000 s | package=71.632 J | dram=NA | total=71.632 J | power=71.6 W | runtime=in_range | checksum=OK
[OpenBLAS] requested=64 active=64
[STRIDED_GEMM] N=64 threads=64 rep=1 batches=163364 time=1.000 s | package=71.542 J | dram=NA | total=71.542 J | power=71.5 W | runtime=in_range | checksum=OK
[STRIDED_GEMM] N=64 threads=64 rep=2 batches=163364 time=1.000 s | package=71.553 J | dram=NA | total=71.553 J | power=71.6 W | runtime=in_range | checksum=OK
[STRIDED_GEMM] N=64 threads=64 rep=3 batches=163364 time=1.001 s | package=71.598 J | dram=NA | total=71.598 J | power=71.6 W | runtime=in_range | checksum=OK
[STRIDED_GEMM] N=64 threads=64 rep=4 batches=163364 time=1.001 s | package=71.566 J | dram=NA | total=71.566 J | power=71.5 W | runtime=in_range | checksum=OK
[STRIDED_GEMM] N=64 threads=64 rep=5 batches=163364 time=1.000 s | package=71.599 J | dram=NA | total=71.599 J | power=71.6 W | runtime=in_range | checksum=OK
[STRIDED_GEMM] N=64 threads=64 rep=6 batches=163364 time=1.000 s | package=71.533 J | dram=NA | total=71.533 J | power=71.6 W | runtime=in_range | checksum=OK
[STRIDED_GEMM] N=64 threads=64 rep=7 batches=163364 time=1.001 s | package=71.630 J | dram=NA | total=71.630 J | power=71.6 W | runtime=in_range | checksum=OK
[STRIDED_GEMM] N=64 threads=64 rep=8 batches=163364 time=1.000 s | package=71.676 J | dram=NA | total=71.676 J | power=71.7 W | runtime=in_range | checksum=OK
[STRIDED_GEMM] N=64 threads=64 rep=9 batches=163364 time=1.001 s | package=71.659 J | dram=NA | total=71.659 J | power=71.6 W | runtime=in_range | checksum=OK
[STRIDED_GEMM] N=64 threads=64 rep=10 batches=163364 time=1.000 s | package=71.455 J | dram=NA | total=71.455 J | power=71.5 W | runtime=in_range | checksum=OK
[OpenBLAS] requested=2 active=2
[STRIDED_GEMM] N=64 threads=2 rep=1 batches=163348 time=1.000 s | package=71.543 J | dram=NA | total=71.543 J | power=71.6 W | runtime=in_range | checksum=OK
[STRIDED_GEMM] N=64 threads=2 rep=2 batches=163348 time=1.000 s | package=71.496 J | dram=NA | total=71.496 J | power=71.5 W | runtime=in_range | checksum=OK
[STRIDED_GEMM] N=64 threads=2 rep=3 batches=163348 time=1.000 s | package=71.578 J | dram=NA | total=71.578 J | power=71.6 W | runtime=in_range | checksum=OK
[STRIDED_GEMM] N=64 threads=2 rep=4 batches=163348 time=1.001 s | package=71.822 J | dram=NA | total=71.822 J | power=71.8 W | runtime=in_range | checksum=OK
[STRIDED_GEMM] N=64 threads=2 rep=5 batches=163348 time=1.000 s | package=71.481 J | dram=NA | total=71.481 J | power=71.5 W | runtime=in_range | checksum=OK
[STRIDED_GEMM] N=64 threads=2 rep=6 batches=163348 time=1.001 s | package=71.563 J | dram=NA | total=71.563 J | power=71.5 W | runtime=in_range | checksum=OK
[STRIDED_GEMM] N=64 threads=2 rep=7 batches=163348 time=1.000 s | package=71.569 J | dram=NA | total=71.569 J | power=71.5 W | runtime=in_range | checksum=OK
[STRIDED_GEMM] N=64 threads=2 rep=8 batches=163348 time=1.000 s | package=71.672 J | dram=NA | total=71.672 J | power=71.6 W | runtime=in_range | checksum=OK
[STRIDED_GEMM] N=64 threads=2 rep=9 batches=163348 time=0.999 s | package=71.471 J | dram=NA | total=71.471 J | power=71.5 W | runtime=in_range | checksum=OK
[STRIDED_GEMM] N=64 threads=2 rep=10 batches=163348 time=1.000 s | package=71.450 J | dram=NA | total=71.450 J | power=71.5 W | runtime=in_range | checksum=OK
[OpenBLAS] requested=8 active=8
[STRIDED_GEMM] N=16384 threads=8 rep=1 batches=1 time=9.656 s | package=1808.791 J | dram=NA | total=1808.791 J | power=187.3 W | runtime=above | checksum=OK
[STRIDED_GEMM] N=16384 threads=8 rep=2 batches=1 time=9.674 s | package=1810.530 J | dram=NA | total=1810.530 J | power=187.2 W | runtime=above | checksum=OK
[STRIDED_GEMM] N=16384 threads=8 rep=3 batches=1 time=9.735 s | package=1815.578 J | dram=NA | total=1815.578 J | power=186.5 W | runtime=above | checksum=OK
[STRIDED_GEMM] N=16384 threads=8 rep=4 batches=1 time=9.771 s | package=1818.294 J | dram=NA | total=1818.294 J | power=186.1 W | runtime=above | checksum=OK
[STRIDED_GEMM] N=16384 threads=8 rep=5 batches=1 time=9.794 s | package=1820.335 J | dram=NA | total=1820.335 J | power=185.9 W | runtime=above | checksum=OK
[STRIDED_GEMM] N=16384 threads=8 rep=6 batches=1 time=9.798 s | package=1819.183 J | dram=NA | total=1819.183 J | power=185.7 W | runtime=above | checksum=OK
[STRIDED_GEMM] N=16384 threads=8 rep=7 batches=1 time=9.829 s | package=1820.681 J | dram=NA | total=1820.681 J | power=185.2 W | runtime=above | checksum=OK
[STRIDED_GEMM] N=16384 threads=8 rep=8 batches=1 time=9.820 s | package=1820.466 J | dram=NA | total=1820.466 J | power=185.4 W | runtime=above | checksum=OK
[STRIDED_GEMM] N=16384 threads=8 rep=9 batches=1 time=9.805 s | package=1820.602 J | dram=NA | total=1820.602 J | power=185.7 W | runtime=above | checksum=OK
[STRIDED_GEMM] N=16384 threads=8 rep=10 batches=1 time=9.810 s | package=1821.272 J | dram=NA | total=1821.272 J | power=185.7 W | runtime=above | checksum=OK
[OpenBLAS] requested=16 active=16
[STRIDED_GEMM] N=8192 threads=16 rep=1 batches=2 time=1.278 s | package=360.881 J | dram=NA | total=360.881 J | power=282.3 W | runtime=above | checksum=OK
[STRIDED_GEMM] N=8192 threads=16 rep=2 batches=2 time=1.282 s | package=361.881 J | dram=NA | total=361.881 J | power=282.3 W | runtime=above | checksum=OK
[STRIDED_GEMM] N=8192 threads=16 rep=3 batches=2 time=1.284 s | package=362.419 J | dram=NA | total=362.419 J | power=282.3 W | runtime=above | checksum=OK
[STRIDED_GEMM] N=8192 threads=16 rep=4 batches=2 time=1.286 s | package=362.866 J | dram=NA | total=362.866 J | power=282.2 W | runtime=above | checksum=OK
[STRIDED_GEMM] N=8192 threads=16 rep=5 batches=2 time=1.287 s | package=363.109 J | dram=NA | total=363.109 J | power=282.2 W | runtime=above | checksum=OK
[STRIDED_GEMM] N=8192 threads=16 rep=6 batches=2 time=1.287 s | package=363.325 J | dram=NA | total=363.325 J | power=282.2 W | runtime=above | checksum=OK
[STRIDED_GEMM] N=8192 threads=16 rep=7 batches=2 time=1.288 s | package=363.399 J | dram=NA | total=363.399 J | power=282.2 W | runtime=above | checksum=OK
[STRIDED_GEMM] N=8192 threads=16 rep=8 batches=2 time=1.287 s | package=363.073 J | dram=NA | total=363.073 J | power=282.2 W | runtime=above | checksum=OK
[STRIDED_GEMM] N=8192 threads=16 rep=9 batches=2 time=1.288 s | package=363.432 J | dram=NA | total=363.432 J | power=282.2 W | runtime=above | checksum=OK
[STRIDED_GEMM] N=8192 threads=16 rep=10 batches=2 time=1.287 s | package=363.389 J | dram=NA | total=363.389 J | power=282.3 W | runtime=above | checksum=OK
[OpenBLAS] requested=2 active=2
[STRIDED_GEMM] N=1024 threads=2 rep=1 batches=113 time=1.003 s | package=94.256 J | dram=NA | total=94.256 J | power=94.0 W | runtime=in_range | checksum=OK
[STRIDED_GEMM] N=1024 threads=2 rep=2 batches=113 time=1.004 s | package=94.320 J | dram=NA | total=94.320 J | power=94.0 W | runtime=in_range | checksum=OK
[STRIDED_GEMM] N=1024 threads=2 rep=3 batches=113 time=1.002 s | package=94.006 J | dram=NA | total=94.006 J | power=93.8 W | runtime=in_range | checksum=OK
[STRIDED_GEMM] N=1024 threads=2 rep=4 batches=113 time=0.998 s | package=93.640 J | dram=NA | total=93.640 J | power=93.8 W | runtime=in_range | checksum=OK
[STRIDED_GEMM] N=1024 threads=2 rep=5 batches=113 time=1.011 s | package=95.610 J | dram=NA | total=95.610 J | power=94.6 W | runtime=in_range | checksum=OK
[STRIDED_GEMM] N=1024 threads=2 rep=6 batches=113 time=1.004 s | package=95.064 J | dram=NA | total=95.064 J | power=94.7 W | runtime=in_range | checksum=OK
[STRIDED_GEMM] N=1024 threads=2 rep=7 batches=113 time=0.998 s | package=93.888 J | dram=NA | total=93.888 J | power=94.1 W | runtime=in_range | checksum=OK
[STRIDED_GEMM] N=1024 threads=2 rep=8 batches=113 time=1.006 s | package=93.911 J | dram=NA | total=93.911 J | power=93.3 W | runtime=in_range | checksum=OK
[STRIDED_GEMM] N=1024 threads=2 rep=9 batches=113 time=1.077 s | package=98.943 J | dram=NA | total=98.943 J | power=91.9 W | runtime=in_range | checksum=OK
[STRIDED_GEMM] N=1024 threads=2 rep=10 batches=113 time=1.008 s | package=95.157 J | dram=NA | total=95.157 J | power=94.4 W | runtime=in_range | checksum=OK
[OpenBLAS] requested=8 active=8
[STRIDED_GEMM] N=8192 threads=8 rep=1 batches=1 time=1.177 s | package=223.705 J | dram=NA | total=223.705 J | power=190.1 W | runtime=in_range | checksum=OK
[STRIDED_GEMM] N=8192 threads=8 rep=2 batches=1 time=1.185 s | package=224.357 J | dram=NA | total=224.357 J | power=189.3 W | runtime=in_range | checksum=OK
[STRIDED_GEMM] N=8192 threads=8 rep=3 batches=1 time=1.180 s | package=223.947 J | dram=NA | total=223.947 J | power=189.8 W | runtime=in_range | checksum=OK
[STRIDED_GEMM] N=8192 threads=8 rep=4 batches=1 time=1.187 s | package=224.633 J | dram=NA | total=224.633 J | power=189.2 W | runtime=in_range | checksum=OK
[STRIDED_GEMM] N=8192 threads=8 rep=5 batches=1 time=1.186 s | package=225.097 J | dram=NA | total=225.097 J | power=189.8 W | runtime=in_range | checksum=OK
[STRIDED_GEMM] N=8192 threads=8 rep=6 batches=1 time=1.185 s | package=224.553 J | dram=NA | total=224.553 J | power=189.5 W | runtime=in_range | checksum=OK
[STRIDED_GEMM] N=8192 threads=8 rep=7 batches=1 time=1.190 s | package=225.541 J | dram=NA | total=225.541 J | power=189.6 W | runtime=in_range | checksum=OK
[STRIDED_GEMM] N=8192 threads=8 rep=8 batches=1 time=1.189 s | package=225.398 J | dram=NA | total=225.398 J | power=189.6 W | runtime=in_range | checksum=OK
[STRIDED_GEMM] N=8192 threads=8 rep=9 batches=1 time=1.192 s | package=225.300 J | dram=NA | total=225.300 J | power=189.0 W | runtime=in_range | checksum=OK
[STRIDED_GEMM] N=8192 threads=8 rep=10 batches=1 time=1.193 s | package=225.493 J | dram=NA | total=225.493 J | power=188.9 W | runtime=in_range | checksum=OK
[OpenBLAS] requested=16 active=16
[STRIDED_GEMM] N=512 threads=16 rep=1 batches=3204 time=1.000 s | package=211.886 J | dram=NA | total=211.886 J | power=211.9 W | runtime=in_range | checksum=OK
[STRIDED_GEMM] N=512 threads=16 rep=2 batches=3204 time=1.000 s | package=212.294 J | dram=NA | total=212.294 J | power=212.3 W | runtime=in_range | checksum=OK
[STRIDED_GEMM] N=512 threads=16 rep=3 batches=3204 time=1.001 s | package=212.366 J | dram=NA | total=212.366 J | power=212.1 W | runtime=in_range | checksum=OK
[STRIDED_GEMM] N=512 threads=16 rep=4 batches=3204 time=1.001 s | package=212.395 J | dram=NA | total=212.395 J | power=212.1 W | runtime=in_range | checksum=OK
[STRIDED_GEMM] N=512 threads=16 rep=5 batches=3204 time=1.001 s | package=212.418 J | dram=NA | total=212.418 J | power=212.3 W | runtime=in_range | checksum=OK
[STRIDED_GEMM] N=512 threads=16 rep=6 batches=3204 time=1.001 s | package=212.439 J | dram=NA | total=212.439 J | power=212.1 W | runtime=in_range | checksum=OK
[STRIDED_GEMM] N=512 threads=16 rep=7 batches=3204 time=1.010 s | package=213.452 J | dram=NA | total=213.452 J | power=211.4 W | runtime=in_range | checksum=OK
[STRIDED_GEMM] N=512 threads=16 rep=8 batches=3204 time=1.003 s | package=212.918 J | dram=NA | total=212.918 J | power=212.2 W | runtime=in_range | checksum=OK
[STRIDED_GEMM] N=512 threads=16 rep=9 batches=3204 time=1.013 s | package=213.922 J | dram=NA | total=213.922 J | power=211.2 W | runtime=in_range | checksum=OK
[STRIDED_GEMM] N=512 threads=16 rep=10 batches=3204 time=1.012 s | package=213.778 J | dram=NA | total=213.778 J | power=211.2 W | runtime=in_range | checksum=OK
[OpenBLAS] requested=10 active=10
[STRIDED_GEMM] N=2048 threads=10 rep=1 batches=49 time=1.019 s | package=190.709 J | dram=NA | total=190.709 J | power=187.1 W | runtime=in_range | checksum=OK
[STRIDED_GEMM] N=2048 threads=10 rep=2 batches=49 time=1.021 s | package=190.831 J | dram=NA | total=190.831 J | power=186.9 W | runtime=in_range | checksum=OK
[STRIDED_GEMM] N=2048 threads=10 rep=3 batches=49 time=1.020 s | package=190.741 J | dram=NA | total=190.741 J | power=187.0 W | runtime=in_range | checksum=OK
[STRIDED_GEMM] N=2048 threads=10 rep=4 batches=49 time=1.020 s | package=190.826 J | dram=NA | total=190.826 J | power=187.0 W | runtime=in_range | checksum=OK
[STRIDED_GEMM] N=2048 threads=10 rep=5 batches=49 time=1.028 s | package=191.623 J | dram=NA | total=191.623 J | power=186.5 W | runtime=in_range | checksum=OK
[STRIDED_GEMM] N=2048 threads=10 rep=6 batches=49 time=1.020 s | package=190.646 J | dram=NA | total=190.646 J | power=186.9 W | runtime=in_range | checksum=OK
[STRIDED_GEMM] N=2048 threads=10 rep=7 batches=49 time=1.020 s | package=190.644 J | dram=NA | total=190.644 J | power=186.8 W | runtime=in_range | checksum=OK
[STRIDED_GEMM] N=2048 threads=10 rep=8 batches=49 time=1.020 s | package=190.550 J | dram=NA | total=190.550 J | power=186.8 W | runtime=in_range | checksum=OK
[STRIDED_GEMM] N=2048 threads=10 rep=9 batches=49 time=1.029 s | package=191.688 J | dram=NA | total=191.688 J | power=186.2 W | runtime=in_range | checksum=OK
[STRIDED_GEMM] N=2048 threads=10 rep=10 batches=49 time=1.020 s | package=190.716 J | dram=NA | total=190.716 J | power=186.9 W | runtime=in_range | checksum=OK
[OpenBLAS] requested=20 active=20
[STRIDED_GEMM] N=1024 threads=20 rep=1 batches=544 time=1.001 s | package=255.837 J | dram=NA | total=255.837 J | power=255.7 W | runtime=in_range | checksum=OK
[STRIDED_GEMM] N=1024 threads=20 rep=2 batches=544 time=1.003 s | package=256.035 J | dram=NA | total=256.035 J | power=255.2 W | runtime=in_range | checksum=OK
[STRIDED_GEMM] N=1024 threads=20 rep=3 batches=544 time=1.010 s | package=257.057 J | dram=NA | total=257.057 J | power=254.5 W | runtime=in_range | checksum=OK
[STRIDED_GEMM] N=1024 threads=20 rep=4 batches=544 time=1.004 s | package=256.340 J | dram=NA | total=256.340 J | power=255.3 W | runtime=in_range | checksum=OK
[STRIDED_GEMM] N=1024 threads=20 rep=5 batches=544 time=1.005 s | package=256.335 J | dram=NA | total=256.335 J | power=255.0 W | runtime=in_range | checksum=OK
[STRIDED_GEMM] N=1024 threads=20 rep=6 batches=544 time=1.004 s | package=256.265 J | dram=NA | total=256.265 J | power=255.4 W | runtime=in_range | checksum=OK
[STRIDED_GEMM] N=1024 threads=20 rep=7 batches=544 time=1.004 s | package=256.023 J | dram=NA | total=256.023 J | power=255.1 W | runtime=in_range | checksum=OK
[STRIDED_GEMM] N=1024 threads=20 rep=8 batches=544 time=1.002 s | package=256.049 J | dram=NA | total=256.049 J | power=255.6 W | runtime=in_range | checksum=OK
[STRIDED_GEMM] N=1024 threads=20 rep=9 batches=544 time=1.003 s | package=256.172 J | dram=NA | total=256.172 J | power=255.4 W | runtime=in_range | checksum=OK
[STRIDED_GEMM] N=1024 threads=20 rep=10 batches=544 time=1.002 s | package=255.992 J | dram=NA | total=255.992 J | power=255.4 W | runtime=in_range | checksum=OK
[OpenBLAS] requested=32 active=32
[STRIDED_GEMM] N=1024 threads=32 rep=1 batches=628 time=1.002 s | package=287.112 J | dram=NA | total=287.112 J | power=286.6 W | runtime=in_range | checksum=OK
[STRIDED_GEMM] N=1024 threads=32 rep=2 batches=628 time=1.010 s | package=288.718 J | dram=NA | total=288.718 J | power=285.8 W | runtime=in_range | checksum=OK
[STRIDED_GEMM] N=1024 threads=32 rep=3 batches=628 time=1.001 s | package=287.081 J | dram=NA | total=287.081 J | power=286.7 W | runtime=in_range | checksum=OK
[STRIDED_GEMM] N=1024 threads=32 rep=4 batches=628 time=1.001 s | package=287.228 J | dram=NA | total=287.228 J | power=286.9 W | runtime=in_range | checksum=OK
[STRIDED_GEMM] N=1024 threads=32 rep=5 batches=628 time=1.001 s | package=287.165 J | dram=NA | total=287.165 J | power=286.8 W | runtime=in_range | checksum=OK
[STRIDED_GEMM] N=1024 threads=32 rep=6 batches=628 time=1.009 s | package=288.652 J | dram=NA | total=288.652 J | power=286.1 W | runtime=in_range | checksum=OK
[STRIDED_GEMM] N=1024 threads=32 rep=7 batches=628 time=1.002 s | package=287.433 J | dram=NA | total=287.433 J | power=287.0 W | runtime=in_range | checksum=OK
[STRIDED_GEMM] N=1024 threads=32 rep=8 batches=628 time=1.001 s | package=286.942 J | dram=NA | total=286.942 J | power=286.7 W | runtime=in_range | checksum=OK
[STRIDED_GEMM] N=1024 threads=32 rep=9 batches=628 time=1.001 s | package=287.218 J | dram=NA | total=287.218 J | power=286.9 W | runtime=in_range | checksum=OK
[STRIDED_GEMM] N=1024 threads=32 rep=10 batches=628 time=1.010 s | package=288.720 J | dram=NA | total=288.720 J | power=286.0 W | runtime=in_range | checksum=OK
[OpenBLAS] requested=64 active=64
[STRIDED_GEMM] N=8192 threads=64 rep=1 batches=3 time=1.447 s | package=349.079 J | dram=NA | total=349.079 J | power=241.3 W | runtime=above | checksum=OK
[STRIDED_GEMM] N=8192 threads=64 rep=2 batches=3 time=1.441 s | package=348.667 J | dram=NA | total=348.667 J | power=242.0 W | runtime=above | checksum=OK
[STRIDED_GEMM] N=8192 threads=64 rep=3 batches=3 time=1.436 s | package=347.124 J | dram=NA | total=347.124 J | power=241.7 W | runtime=above | checksum=OK
[STRIDED_GEMM] N=8192 threads=64 rep=4 batches=3 time=1.447 s | package=350.563 J | dram=NA | total=350.563 J | power=242.3 W | runtime=above | checksum=OK
[STRIDED_GEMM] N=8192 threads=64 rep=5 batches=3 time=1.442 s | package=348.199 J | dram=NA | total=348.199 J | power=241.5 W | runtime=above | checksum=OK
[STRIDED_GEMM] N=8192 threads=64 rep=6 batches=3 time=1.437 s | package=348.223 J | dram=NA | total=348.223 J | power=242.3 W | runtime=above | checksum=OK
[STRIDED_GEMM] N=8192 threads=64 rep=7 batches=3 time=1.452 s | package=351.073 J | dram=NA | total=351.073 J | power=241.8 W | runtime=above | checksum=OK
[STRIDED_GEMM] N=8192 threads=64 rep=8 batches=3 time=1.441 s | package=348.820 J | dram=NA | total=348.820 J | power=242.1 W | runtime=above | checksum=OK
[STRIDED_GEMM] N=8192 threads=64 rep=9 batches=3 time=1.441 s | package=348.975 J | dram=NA | total=348.975 J | power=242.1 W | runtime=above | checksum=OK
[STRIDED_GEMM] N=8192 threads=64 rep=10 batches=3 time=1.439 s | package=348.049 J | dram=NA | total=348.049 J | power=241.8 W | runtime=above | checksum=OK
[OpenBLAS] requested=20 active=20
[STRIDED_GEMM] N=128 threads=20 rep=1 batches=55056 time=1.002 s | package=120.726 J | dram=NA | total=120.726 J | power=120.5 W | runtime=in_range | checksum=OK
[STRIDED_GEMM] N=128 threads=20 rep=2 batches=55056 time=1.002 s | package=120.113 J | dram=NA | total=120.113 J | power=119.9 W | runtime=in_range | checksum=OK
[STRIDED_GEMM] N=128 threads=20 rep=3 batches=55056 time=1.001 s | package=119.892 J | dram=NA | total=119.892 J | power=119.8 W | runtime=in_range | checksum=OK
[STRIDED_GEMM] N=128 threads=20 rep=4 batches=55056 time=1.000 s | package=119.812 J | dram=NA | total=119.812 J | power=119.8 W | runtime=in_range | checksum=OK
[STRIDED_GEMM] N=128 threads=20 rep=5 batches=55056 time=1.007 s | package=120.493 J | dram=NA | total=120.493 J | power=119.6 W | runtime=in_range | checksum=OK
[STRIDED_GEMM] N=128 threads=20 rep=6 batches=55056 time=0.998 s | package=119.661 J | dram=NA | total=119.661 J | power=119.8 W | runtime=in_range | checksum=OK
[STRIDED_GEMM] N=128 threads=20 rep=7 batches=55056 time=0.998 s | package=119.511 J | dram=NA | total=119.511 J | power=119.7 W | runtime=in_range | checksum=OK
[STRIDED_GEMM] N=128 threads=20 rep=8 batches=55056 time=0.999 s | package=119.443 J | dram=NA | total=119.443 J | power=119.6 W | runtime=in_range | checksum=OK
[STRIDED_GEMM] N=128 threads=20 rep=9 batches=55056 time=1.007 s | package=120.140 J | dram=NA | total=120.140 J | power=119.3 W | runtime=in_range | checksum=OK
[STRIDED_GEMM] N=128 threads=20 rep=10 batches=55056 time=1.003 s | package=119.527 J | dram=NA | total=119.527 J | power=119.2 W | runtime=in_range | checksum=OK
[OpenBLAS] requested=32 active=32
[STRIDED_GEMM] N=2048 threads=32 rep=1 batches=120 time=1.006 s | package=288.602 J | dram=NA | total=288.602 J | power=286.9 W | runtime=in_range | checksum=OK
[STRIDED_GEMM] N=2048 threads=32 rep=2 batches=120 time=1.014 s | package=291.075 J | dram=NA | total=291.075 J | power=287.1 W | runtime=in_range | checksum=OK
[STRIDED_GEMM] N=2048 threads=32 rep=3 batches=120 time=1.006 s | package=288.506 J | dram=NA | total=288.506 J | power=286.9 W | runtime=in_range | checksum=OK
[STRIDED_GEMM] N=2048 threads=32 rep=4 batches=120 time=1.006 s | package=288.781 J | dram=NA | total=288.781 J | power=286.9 W | runtime=in_range | checksum=OK
[STRIDED_GEMM] N=2048 threads=32 rep=5 batches=120 time=1.006 s | package=288.784 J | dram=NA | total=288.784 J | power=287.1 W | runtime=in_range | checksum=OK
[STRIDED_GEMM] N=2048 threads=32 rep=6 batches=120 time=1.015 s | package=291.050 J | dram=NA | total=291.050 J | power=286.9 W | runtime=in_range | checksum=OK
[STRIDED_GEMM] N=2048 threads=32 rep=7 batches=120 time=1.007 s | package=289.051 J | dram=NA | total=289.051 J | power=287.1 W | runtime=in_range | checksum=OK
[STRIDED_GEMM] N=2048 threads=32 rep=8 batches=120 time=1.006 s | package=288.737 J | dram=NA | total=288.737 J | power=287.0 W | runtime=in_range | checksum=OK
[STRIDED_GEMM] N=2048 threads=32 rep=9 batches=120 time=1.009 s | package=289.817 J | dram=NA | total=289.817 J | power=287.1 W | runtime=in_range | checksum=OK
[STRIDED_GEMM] N=2048 threads=32 rep=10 batches=120 time=1.013 s | package=291.006 J | dram=NA | total=291.006 J | power=287.2 W | runtime=in_range | checksum=OK
[OpenBLAS] requested=32 active=32
[STRIDED_GEMM] N=4096 threads=32 rep=1 batches=19 time=1.026 s | package=292.933 J | dram=NA | total=292.933 J | power=285.6 W | runtime=in_range | checksum=OK
[STRIDED_GEMM] N=4096 threads=32 rep=2 batches=19 time=1.012 s | package=285.311 J | dram=NA | total=285.311 J | power=281.9 W | runtime=in_range | checksum=OK
[STRIDED_GEMM] N=4096 threads=32 rep=3 batches=19 time=1.013 s | package=285.471 J | dram=NA | total=285.471 J | power=281.9 W | runtime=in_range | checksum=OK
[STRIDED_GEMM] N=4096 threads=32 rep=4 batches=19 time=1.013 s | package=285.612 J | dram=NA | total=285.612 J | power=282.0 W | runtime=in_range | checksum=OK
[STRIDED_GEMM] N=4096 threads=32 rep=5 batches=19 time=1.013 s | package=285.471 J | dram=NA | total=285.471 J | power=281.9 W | runtime=in_range | checksum=OK
[STRIDED_GEMM] N=4096 threads=32 rep=6 batches=19 time=1.012 s | package=285.314 J | dram=NA | total=285.314 J | power=281.8 W | runtime=in_range | checksum=OK
[STRIDED_GEMM] N=4096 threads=32 rep=7 batches=19 time=1.014 s | package=285.756 J | dram=NA | total=285.756 J | power=281.8 W | runtime=in_range | checksum=OK
[STRIDED_GEMM] N=4096 threads=32 rep=8 batches=19 time=1.014 s | package=285.608 J | dram=NA | total=285.608 J | power=281.8 W | runtime=in_range | checksum=OK
[STRIDED_GEMM] N=4096 threads=32 rep=9 batches=19 time=1.014 s | package=285.858 J | dram=NA | total=285.858 J | power=281.9 W | runtime=in_range | checksum=OK
[STRIDED_GEMM] N=4096 threads=32 rep=10 batches=19 time=1.014 s | package=285.583 J | dram=NA | total=285.583 J | power=281.7 W | runtime=in_range | checksum=OK
[OpenBLAS] requested=2 active=2
[STRIDED_GEMM] N=2048 threads=2 rep=1 batches=14 time=1.015 s | package=100.460 J | dram=NA | total=100.460 J | power=99.0 W | runtime=in_range | checksum=OK
[STRIDED_GEMM] N=2048 threads=2 rep=2 batches=14 time=1.021 s | package=100.445 J | dram=NA | total=100.445 J | power=98.3 W | runtime=in_range | checksum=OK
[STRIDED_GEMM] N=2048 threads=2 rep=3 batches=14 time=1.021 s | package=100.238 J | dram=NA | total=100.238 J | power=98.2 W | runtime=in_range | checksum=OK
[STRIDED_GEMM] N=2048 threads=2 rep=4 batches=14 time=1.017 s | package=99.691 J | dram=NA | total=99.691 J | power=98.0 W | runtime=in_range | checksum=OK
[STRIDED_GEMM] N=2048 threads=2 rep=5 batches=14 time=1.010 s | package=98.871 J | dram=NA | total=98.871 J | power=97.9 W | runtime=in_range | checksum=OK
[STRIDED_GEMM] N=2048 threads=2 rep=6 batches=14 time=1.009 s | package=98.301 J | dram=NA | total=98.301 J | power=97.4 W | runtime=in_range | checksum=OK
[STRIDED_GEMM] N=2048 threads=2 rep=7 batches=14 time=1.013 s | package=98.533 J | dram=NA | total=98.533 J | power=97.3 W | runtime=in_range | checksum=OK
[STRIDED_GEMM] N=2048 threads=2 rep=8 batches=14 time=1.015 s | package=98.617 J | dram=NA | total=98.617 J | power=97.2 W | runtime=in_range | checksum=OK
[STRIDED_GEMM] N=2048 threads=2 rep=9 batches=14 time=1.014 s | package=98.263 J | dram=NA | total=98.263 J | power=96.9 W | runtime=in_range | checksum=OK
[STRIDED_GEMM] N=2048 threads=2 rep=10 batches=14 time=1.016 s | package=98.482 J | dram=NA | total=98.482 J | power=97.0 W | runtime=in_range | checksum=OK
[OpenBLAS] requested=20 active=20
[STRIDED_GEMM] N=16384 threads=20 rep=1 batches=1 time=4.425 s | package=1258.148 J | dram=NA | total=1258.148 J | power=284.3 W | runtime=above | checksum=OK
[STRIDED_GEMM] N=16384 threads=20 rep=2 batches=1 time=4.399 s | package=1252.399 J | dram=NA | total=1252.399 J | power=284.7 W | runtime=above | checksum=OK
[STRIDED_GEMM] N=16384 threads=20 rep=3 batches=1 time=4.400 s | package=1252.539 J | dram=NA | total=1252.539 J | power=284.7 W | runtime=above | checksum=OK
[STRIDED_GEMM] N=16384 threads=20 rep=4 batches=1 time=4.401 s | package=1252.951 J | dram=NA | total=1252.951 J | power=284.7 W | runtime=above | checksum=OK
[STRIDED_GEMM] N=16384 threads=20 rep=5 batches=1 time=4.413 s | package=1255.075 J | dram=NA | total=1255.075 J | power=284.4 W | runtime=above | checksum=OK
[STRIDED_GEMM] N=16384 threads=20 rep=6 batches=1 time=4.404 s | package=1253.692 J | dram=NA | total=1253.692 J | power=284.7 W | runtime=above | checksum=OK
[STRIDED_GEMM] N=16384 threads=20 rep=7 batches=1 time=4.405 s | package=1254.119 J | dram=NA | total=1254.119 J | power=284.7 W | runtime=above | checksum=OK
[STRIDED_GEMM] N=16384 threads=20 rep=8 batches=1 time=4.409 s | package=1255.134 J | dram=NA | total=1255.134 J | power=284.7 W | runtime=above | checksum=OK
[STRIDED_GEMM] N=16384 threads=20 rep=9 batches=1 time=4.411 s | package=1255.726 J | dram=NA | total=1255.726 J | power=284.7 W | runtime=above | checksum=OK
[STRIDED_GEMM] N=16384 threads=20 rep=10 batches=1 time=4.411 s | package=1255.824 J | dram=NA | total=1255.824 J | power=284.7 W | runtime=above | checksum=OK
[OpenBLAS] requested=1 active=1
[STRIDED_GEMM] N=256 threads=1 rep=1 batches=3315 time=0.999 s | package=75.318 J | dram=NA | total=75.318 J | power=75.4 W | runtime=in_range | checksum=OK
[STRIDED_GEMM] N=256 threads=1 rep=2 batches=3315 time=1.007 s | package=75.771 J | dram=NA | total=75.771 J | power=75.2 W | runtime=in_range | checksum=OK
[STRIDED_GEMM] N=256 threads=1 rep=3 batches=3315 time=1.004 s | package=75.482 J | dram=NA | total=75.482 J | power=75.2 W | runtime=in_range | checksum=OK
[STRIDED_GEMM] N=256 threads=1 rep=4 batches=3315 time=1.007 s | package=75.701 J | dram=NA | total=75.701 J | power=75.1 W | runtime=in_range | checksum=OK
[STRIDED_GEMM] N=256 threads=1 rep=5 batches=3315 time=1.005 s | package=75.473 J | dram=NA | total=75.473 J | power=75.1 W | runtime=in_range | checksum=OK
[STRIDED_GEMM] N=256 threads=1 rep=6 batches=3315 time=1.006 s | package=75.612 J | dram=NA | total=75.612 J | power=75.2 W | runtime=in_range | checksum=OK
[STRIDED_GEMM] N=256 threads=1 rep=7 batches=3315 time=1.004 s | package=75.444 J | dram=NA | total=75.444 J | power=75.2 W | runtime=in_range | checksum=OK
[STRIDED_GEMM] N=256 threads=1 rep=8 batches=3315 time=1.004 s | package=75.337 J | dram=NA | total=75.337 J | power=75.0 W | runtime=in_range | checksum=OK
[STRIDED_GEMM] N=256 threads=1 rep=9 batches=3315 time=1.004 s | package=75.443 J | dram=NA | total=75.443 J | power=75.1 W | runtime=in_range | checksum=OK
[STRIDED_GEMM] N=256 threads=1 rep=10 batches=3315 time=1.002 s | package=75.191 J | dram=NA | total=75.191 J | power=75.1 W | runtime=in_range | checksum=OK
[OpenBLAS] requested=10 active=10
[STRIDED_GEMM] N=256 threads=10 rep=1 batches=10323 time=1.002 s | package=140.502 J | dram=NA | total=140.502 J | power=140.2 W | runtime=in_range | checksum=OK
[STRIDED_GEMM] N=256 threads=10 rep=2 batches=10323 time=1.011 s | package=141.528 J | dram=NA | total=141.528 J | power=140.0 W | runtime=in_range | checksum=OK
[STRIDED_GEMM] N=256 threads=10 rep=3 batches=10323 time=1.004 s | package=141.121 J | dram=NA | total=141.121 J | power=140.5 W | runtime=in_range | checksum=OK
[STRIDED_GEMM] N=256 threads=10 rep=4 batches=10323 time=1.004 s | package=140.963 J | dram=NA | total=140.963 J | power=140.4 W | runtime=in_range | checksum=OK
[STRIDED_GEMM] N=256 threads=10 rep=5 batches=10323 time=1.001 s | package=140.583 J | dram=NA | total=140.583 J | power=140.4 W | runtime=in_range | checksum=OK
[STRIDED_GEMM] N=256 threads=10 rep=6 batches=10323 time=1.000 s | package=140.588 J | dram=NA | total=140.588 J | power=140.6 W | runtime=in_range | checksum=OK
[STRIDED_GEMM] N=256 threads=10 rep=7 batches=10323 time=1.009 s | package=141.382 J | dram=NA | total=141.382 J | power=140.1 W | runtime=in_range | checksum=OK
[STRIDED_GEMM] N=256 threads=10 rep=8 batches=10323 time=1.002 s | package=140.630 J | dram=NA | total=140.630 J | power=140.4 W | runtime=in_range | checksum=OK
[STRIDED_GEMM] N=256 threads=10 rep=9 batches=10323 time=1.013 s | package=141.795 J | dram=NA | total=141.795 J | power=140.0 W | runtime=in_range | checksum=OK
[STRIDED_GEMM] N=256 threads=10 rep=10 batches=10323 time=1.002 s | package=140.775 J | dram=NA | total=140.775 J | power=140.4 W | runtime=in_range | checksum=OK
[OpenBLAS] requested=1 active=1
[STRIDED_GEMM] N=8192 threads=1 rep=1 batches=1 time=8.892 s | package=681.778 J | dram=NA | total=681.778 J | power=76.7 W | runtime=above | checksum=OK
[STRIDED_GEMM] N=8192 threads=1 rep=2 batches=1 time=8.893 s | package=684.931 J | dram=NA | total=684.931 J | power=77.0 W | runtime=above | checksum=OK
[STRIDED_GEMM] N=8192 threads=1 rep=3 batches=1 time=8.891 s | package=693.905 J | dram=NA | total=693.905 J | power=78.0 W | runtime=above | checksum=OK
[STRIDED_GEMM] N=8192 threads=1 rep=4 batches=1 time=8.881 s | package=684.234 J | dram=NA | total=684.234 J | power=77.0 W | runtime=above | checksum=OK
[STRIDED_GEMM] N=8192 threads=1 rep=5 batches=1 time=8.873 s | package=676.974 J | dram=NA | total=676.974 J | power=76.3 W | runtime=above | checksum=OK
[STRIDED_GEMM] N=8192 threads=1 rep=6 batches=1 time=8.871 s | package=671.933 J | dram=NA | total=671.933 J | power=75.7 W | runtime=above | checksum=OK
[STRIDED_GEMM] N=8192 threads=1 rep=7 batches=1 time=8.864 s | package=680.382 J | dram=NA | total=680.382 J | power=76.8 W | runtime=above | checksum=OK
[STRIDED_GEMM] N=8192 threads=1 rep=8 batches=1 time=8.866 s | package=679.028 J | dram=NA | total=679.028 J | power=76.6 W | runtime=above | checksum=OK
[STRIDED_GEMM] N=8192 threads=1 rep=9 batches=1 time=8.867 s | package=670.734 J | dram=NA | total=670.734 J | power=75.6 W | runtime=above | checksum=OK
[STRIDED_GEMM] N=8192 threads=1 rep=10 batches=1 time=8.861 s | package=679.296 J | dram=NA | total=679.296 J | power=76.7 W | runtime=above | checksum=OK
[OpenBLAS] requested=2 active=2
[STRIDED_GEMM] N=512 threads=2 rep=1 batches=866 time=1.002 s | package=92.557 J | dram=NA | total=92.557 J | power=92.4 W | runtime=in_range | checksum=OK
[STRIDED_GEMM] N=512 threads=2 rep=2 batches=866 time=1.007 s | package=93.063 J | dram=NA | total=93.063 J | power=92.4 W | runtime=in_range | checksum=OK
[STRIDED_GEMM] N=512 threads=2 rep=3 batches=866 time=1.008 s | package=92.950 J | dram=NA | total=92.950 J | power=92.2 W | runtime=in_range | checksum=OK
[STRIDED_GEMM] N=512 threads=2 rep=4 batches=866 time=1.017 s | package=94.594 J | dram=NA | total=94.594 J | power=93.1 W | runtime=in_range | checksum=OK
[STRIDED_GEMM] N=512 threads=2 rep=5 batches=866 time=1.015 s | package=94.542 J | dram=NA | total=94.542 J | power=93.1 W | runtime=in_range | checksum=OK
[STRIDED_GEMM] N=512 threads=2 rep=6 batches=866 time=1.015 s | package=94.567 J | dram=NA | total=94.567 J | power=93.2 W | runtime=in_range | checksum=OK
[STRIDED_GEMM] N=512 threads=2 rep=7 batches=866 time=1.022 s | package=96.243 J | dram=NA | total=96.243 J | power=94.1 W | runtime=in_range | checksum=OK
[STRIDED_GEMM] N=512 threads=2 rep=8 batches=866 time=1.013 s | package=95.578 J | dram=NA | total=95.578 J | power=94.3 W | runtime=in_range | checksum=OK
[STRIDED_GEMM] N=512 threads=2 rep=9 batches=866 time=1.013 s | package=95.536 J | dram=NA | total=95.536 J | power=94.3 W | runtime=in_range | checksum=OK
[STRIDED_GEMM] N=512 threads=2 rep=10 batches=866 time=1.015 s | package=95.817 J | dram=NA | total=95.817 J | power=94.4 W | runtime=in_range | checksum=OK
[OpenBLAS] requested=64 active=64
[STRIDED_GEMM] N=512 threads=64 rep=1 batches=2294 time=1.002 s | package=260.787 J | dram=NA | total=260.787 J | power=260.3 W | runtime=in_range | checksum=OK
[STRIDED_GEMM] N=512 threads=64 rep=2 batches=2294 time=1.009 s | package=262.970 J | dram=NA | total=262.970 J | power=260.6 W | runtime=in_range | checksum=OK
[STRIDED_GEMM] N=512 threads=64 rep=3 batches=2294 time=0.999 s | package=260.133 J | dram=NA | total=260.133 J | power=260.3 W | runtime=in_range | checksum=OK
[STRIDED_GEMM] N=512 threads=64 rep=4 batches=2294 time=1.017 s | package=265.501 J | dram=NA | total=265.501 J | power=261.0 W | runtime=in_range | checksum=OK
[STRIDED_GEMM] N=512 threads=64 rep=5 batches=2294 time=1.000 s | package=261.172 J | dram=NA | total=261.172 J | power=261.1 W | runtime=in_range | checksum=OK
[STRIDED_GEMM] N=512 threads=64 rep=6 batches=2294 time=1.016 s | package=265.722 J | dram=NA | total=265.722 J | power=261.5 W | runtime=in_range | checksum=OK
[STRIDED_GEMM] N=512 threads=64 rep=7 batches=2294 time=1.025 s | package=267.815 J | dram=NA | total=267.815 J | power=261.2 W | runtime=in_range | checksum=OK
[STRIDED_GEMM] N=512 threads=64 rep=8 batches=2294 time=1.020 s | package=266.387 J | dram=NA | total=266.387 J | power=261.1 W | runtime=in_range | checksum=OK
[STRIDED_GEMM] N=512 threads=64 rep=9 batches=2294 time=1.016 s | package=265.090 J | dram=NA | total=265.090 J | power=260.8 W | runtime=in_range | checksum=OK
[STRIDED_GEMM] N=512 threads=64 rep=10 batches=2294 time=1.013 s | package=264.503 J | dram=NA | total=264.503 J | power=261.2 W | runtime=in_range | checksum=OK
[OpenBLAS] requested=32 active=32
[STRIDED_GEMM] N=16384 threads=32 rep=1 batches=1 time=3.374 s | package=961.898 J | dram=NA | total=961.898 J | power=285.1 W | runtime=above | checksum=OK
[STRIDED_GEMM] N=16384 threads=32 rep=2 batches=1 time=3.379 s | package=963.263 J | dram=NA | total=963.263 J | power=285.0 W | runtime=above | checksum=OK
[STRIDED_GEMM] N=16384 threads=32 rep=3 batches=1 time=3.376 s | package=962.295 J | dram=NA | total=962.295 J | power=285.1 W | runtime=above | checksum=OK
[STRIDED_GEMM] N=16384 threads=32 rep=4 batches=1 time=3.361 s | package=956.529 J | dram=NA | total=956.529 J | power=284.6 W | runtime=above | checksum=OK
[STRIDED_GEMM] N=16384 threads=32 rep=5 batches=1 time=3.443 s | package=981.489 J | dram=NA | total=981.489 J | power=285.1 W | runtime=above | checksum=OK
[STRIDED_GEMM] N=16384 threads=32 rep=6 batches=1 time=3.390 s | package=966.448 J | dram=NA | total=966.448 J | power=285.1 W | runtime=above | checksum=OK
[STRIDED_GEMM] N=16384 threads=32 rep=7 batches=1 time=3.374 s | package=962.012 J | dram=NA | total=962.012 J | power=285.1 W | runtime=above | checksum=OK
[STRIDED_GEMM] N=16384 threads=32 rep=8 batches=1 time=3.370 s | package=960.648 J | dram=NA | total=960.648 J | power=285.0 W | runtime=above | checksum=OK
[STRIDED_GEMM] N=16384 threads=32 rep=9 batches=1 time=3.318 s | package=945.871 J | dram=NA | total=945.871 J | power=285.1 W | runtime=above | checksum=OK
[STRIDED_GEMM] N=16384 threads=32 rep=10 batches=1 time=3.309 s | package=942.422 J | dram=NA | total=942.422 J | power=284.8 W | runtime=above | checksum=OK
[OpenBLAS] requested=4 active=4
[STRIDED_GEMM] N=128 threads=4 rep=1 batches=75497 time=1.005 s | package=115.089 J | dram=NA | total=115.089 J | power=114.5 W | runtime=in_range | checksum=OK
[STRIDED_GEMM] N=128 threads=4 rep=2 batches=75497 time=1.005 s | package=114.772 J | dram=NA | total=114.772 J | power=114.2 W | runtime=in_range | checksum=OK
[STRIDED_GEMM] N=128 threads=4 rep=3 batches=75497 time=1.005 s | package=114.630 J | dram=NA | total=114.630 J | power=114.1 W | runtime=in_range | checksum=OK
[STRIDED_GEMM] N=128 threads=4 rep=4 batches=75497 time=1.004 s | package=114.585 J | dram=NA | total=114.585 J | power=114.2 W | runtime=in_range | checksum=OK
[STRIDED_GEMM] N=128 threads=4 rep=5 batches=75497 time=1.008 s | package=114.672 J | dram=NA | total=114.672 J | power=113.8 W | runtime=in_range | checksum=OK
[STRIDED_GEMM] N=128 threads=4 rep=6 batches=75497 time=1.013 s | package=115.076 J | dram=NA | total=115.076 J | power=113.6 W | runtime=in_range | checksum=OK
[STRIDED_GEMM] N=128 threads=4 rep=7 batches=75497 time=1.012 s | package=114.947 J | dram=NA | total=114.947 J | power=113.6 W | runtime=in_range | checksum=OK
[STRIDED_GEMM] N=128 threads=4 rep=8 batches=75497 time=1.004 s | package=114.291 J | dram=NA | total=114.291 J | power=113.8 W | runtime=in_range | checksum=OK
[STRIDED_GEMM] N=128 threads=4 rep=9 batches=75497 time=1.043 s | package=117.719 J | dram=NA | total=117.719 J | power=112.8 W | runtime=in_range | checksum=OK
[STRIDED_GEMM] N=128 threads=4 rep=10 batches=75497 time=1.004 s | package=114.342 J | dram=NA | total=114.342 J | power=113.8 W | runtime=in_range | checksum=OK
[OpenBLAS] requested=2 active=2
[STRIDED_GEMM] N=16384 threads=2 rep=1 batches=1 time=38.166 s | package=3640.333 J | dram=NA | total=3640.333 J | power=95.4 W | runtime=above | checksum=OK
[STRIDED_GEMM] N=16384 threads=2 rep=2 batches=1 time=38.100 s | package=3632.800 J | dram=NA | total=3632.800 J | power=95.3 W | runtime=above | checksum=OK
[STRIDED_GEMM] N=16384 threads=2 rep=3 batches=1 time=37.865 s | package=3615.651 J | dram=NA | total=3615.651 J | power=95.5 W | runtime=above | checksum=OK
[STRIDED_GEMM] N=16384 threads=2 rep=4 batches=1 time=37.864 s | package=3615.256 J | dram=NA | total=3615.256 J | power=95.5 W | runtime=above | checksum=OK
[STRIDED_GEMM] N=16384 threads=2 rep=5 batches=1 time=37.846 s | package=3609.570 J | dram=NA | total=3609.570 J | power=95.4 W | runtime=above | checksum=OK
[STRIDED_GEMM] N=16384 threads=2 rep=6 batches=1 time=37.854 s | package=3610.406 J | dram=NA | total=3610.406 J | power=95.4 W | runtime=above | checksum=OK
[STRIDED_GEMM] N=16384 threads=2 rep=7 batches=1 time=37.859 s | package=3609.373 J | dram=NA | total=3609.373 J | power=95.3 W | runtime=above | checksum=OK
[STRIDED_GEMM] N=16384 threads=2 rep=8 batches=1 time=37.760 s | package=3601.587 J | dram=NA | total=3601.587 J | power=95.4 W | runtime=above | checksum=OK
[STRIDED_GEMM] N=16384 threads=2 rep=9 batches=1 time=37.836 s | package=3606.517 J | dram=NA | total=3606.517 J | power=95.3 W | runtime=above | checksum=OK
[STRIDED_GEMM] N=16384 threads=2 rep=10 batches=1 time=37.803 s | package=3607.044 J | dram=NA | total=3607.044 J | power=95.4 W | runtime=above | checksum=OK
[OpenBLAS] requested=64 active=64
[STRIDED_GEMM] N=16384 threads=64 rep=1 batches=1 time=3.674 s | package=921.519 J | dram=NA | total=921.519 J | power=250.8 W | runtime=above | checksum=OK
[STRIDED_GEMM] N=16384 threads=64 rep=2 batches=1 time=3.673 s | package=921.487 J | dram=NA | total=921.487 J | power=250.9 W | runtime=above | checksum=OK
[STRIDED_GEMM] N=16384 threads=64 rep=3 batches=1 time=3.660 s | package=916.519 J | dram=NA | total=916.519 J | power=250.4 W | runtime=above | checksum=OK
[STRIDED_GEMM] N=16384 threads=64 rep=4 batches=1 time=3.661 s | package=915.566 J | dram=NA | total=915.566 J | power=250.1 W | runtime=above | checksum=OK
[STRIDED_GEMM] N=16384 threads=64 rep=5 batches=1 time=3.664 s | package=917.675 J | dram=NA | total=917.675 J | power=250.4 W | runtime=above | checksum=OK
[STRIDED_GEMM] N=16384 threads=64 rep=6 batches=1 time=3.678 s | package=921.503 J | dram=NA | total=921.503 J | power=250.6 W | runtime=above | checksum=OK
[STRIDED_GEMM] N=16384 threads=64 rep=7 batches=1 time=3.675 s | package=922.192 J | dram=NA | total=922.192 J | power=250.9 W | runtime=above | checksum=OK
[STRIDED_GEMM] N=16384 threads=64 rep=8 batches=1 time=3.669 s | package=919.079 J | dram=NA | total=919.079 J | power=250.5 W | runtime=above | checksum=OK
[STRIDED_GEMM] N=16384 threads=64 rep=9 batches=1 time=3.671 s | package=920.758 J | dram=NA | total=920.758 J | power=250.8 W | runtime=above | checksum=OK
[STRIDED_GEMM] N=16384 threads=64 rep=10 batches=1 time=3.677 s | package=921.574 J | dram=NA | total=921.574 J | power=250.7 W | runtime=above | checksum=OK
[OpenBLAS] requested=10 active=10
[STRIDED_GEMM] N=512 threads=10 rep=1 batches=1916 time=1.005 s | package=159.226 J | dram=NA | total=159.226 J | power=158.4 W | runtime=in_range | checksum=OK
[STRIDED_GEMM] N=512 threads=10 rep=2 batches=1916 time=1.008 s | package=159.292 J | dram=NA | total=159.292 J | power=158.1 W | runtime=in_range | checksum=OK
[STRIDED_GEMM] N=512 threads=10 rep=3 batches=1916 time=1.007 s | package=159.221 J | dram=NA | total=159.221 J | power=158.1 W | runtime=in_range | checksum=OK
[STRIDED_GEMM] N=512 threads=10 rep=4 batches=1916 time=1.006 s | package=159.024 J | dram=NA | total=159.024 J | power=158.0 W | runtime=in_range | checksum=OK
[STRIDED_GEMM] N=512 threads=10 rep=5 batches=1916 time=1.006 s | package=159.056 J | dram=NA | total=159.056 J | power=158.2 W | runtime=in_range | checksum=OK
[STRIDED_GEMM] N=512 threads=10 rep=6 batches=1916 time=1.006 s | package=159.004 J | dram=NA | total=159.004 J | power=158.1 W | runtime=in_range | checksum=OK
[STRIDED_GEMM] N=512 threads=10 rep=7 batches=1916 time=1.005 s | package=158.958 J | dram=NA | total=158.958 J | power=158.2 W | runtime=in_range | checksum=OK
[STRIDED_GEMM] N=512 threads=10 rep=8 batches=1916 time=1.004 s | package=158.803 J | dram=NA | total=158.803 J | power=158.1 W | runtime=in_range | checksum=OK
[STRIDED_GEMM] N=512 threads=10 rep=9 batches=1916 time=1.004 s | package=158.895 J | dram=NA | total=158.895 J | power=158.2 W | runtime=in_range | checksum=OK
[STRIDED_GEMM] N=512 threads=10 rep=10 batches=1916 time=1.008 s | package=159.220 J | dram=NA | total=159.220 J | power=157.9 W | runtime=in_range | checksum=OK
[OpenBLAS] requested=64 active=64
[STRIDED_GEMM] N=4096 threads=64 rep=1 batches=18 time=1.026 s | package=249.873 J | dram=NA | total=249.873 J | power=243.6 W | runtime=in_range | checksum=OK
[STRIDED_GEMM] N=4096 threads=64 rep=2 batches=18 time=1.028 s | package=249.938 J | dram=NA | total=249.938 J | power=243.1 W | runtime=in_range | checksum=OK
[STRIDED_GEMM] N=4096 threads=64 rep=3 batches=18 time=1.029 s | package=250.920 J | dram=NA | total=250.920 J | power=243.8 W | runtime=in_range | checksum=OK
[STRIDED_GEMM] N=4096 threads=64 rep=4 batches=18 time=1.027 s | package=250.794 J | dram=NA | total=250.794 J | power=244.1 W | runtime=in_range | checksum=OK
[STRIDED_GEMM] N=4096 threads=64 rep=5 batches=18 time=1.028 s | package=250.546 J | dram=NA | total=250.546 J | power=243.7 W | runtime=in_range | checksum=OK
[STRIDED_GEMM] N=4096 threads=64 rep=6 batches=18 time=1.025 s | package=251.504 J | dram=NA | total=251.504 J | power=245.3 W | runtime=in_range | checksum=OK
[STRIDED_GEMM] N=4096 threads=64 rep=7 batches=18 time=1.026 s | package=251.649 J | dram=NA | total=251.649 J | power=245.2 W | runtime=in_range | checksum=OK
[STRIDED_GEMM] N=4096 threads=64 rep=8 batches=18 time=1.026 s | package=251.124 J | dram=NA | total=251.124 J | power=244.8 W | runtime=in_range | checksum=OK
[STRIDED_GEMM] N=4096 threads=64 rep=9 batches=18 time=1.027 s | package=251.140 J | dram=NA | total=251.140 J | power=244.5 W | runtime=in_range | checksum=OK
[STRIDED_GEMM] N=4096 threads=64 rep=10 batches=18 time=1.027 s | package=251.477 J | dram=NA | total=251.477 J | power=244.9 W | runtime=in_range | checksum=OK
[OpenBLAS] requested=20 active=20
[STRIDED_GEMM] N=256 threads=20 rep=1 batches=11007 time=1.002 s | package=191.088 J | dram=NA | total=191.088 J | power=190.7 W | runtime=in_range | checksum=OK
[STRIDED_GEMM] N=256 threads=20 rep=2 batches=11007 time=1.001 s | package=190.978 J | dram=NA | total=190.978 J | power=190.7 W | runtime=in_range | checksum=OK
[STRIDED_GEMM] N=256 threads=20 rep=3 batches=11007 time=1.002 s | package=191.271 J | dram=NA | total=191.271 J | power=190.8 W | runtime=in_range | checksum=OK
[STRIDED_GEMM] N=256 threads=20 rep=4 batches=11007 time=1.003 s | package=191.746 J | dram=NA | total=191.746 J | power=191.1 W | runtime=in_range | checksum=OK
[STRIDED_GEMM] N=256 threads=20 rep=5 batches=11007 time=1.004 s | package=192.087 J | dram=NA | total=192.087 J | power=191.3 W | runtime=in_range | checksum=OK
[STRIDED_GEMM] N=256 threads=20 rep=6 batches=11007 time=1.004 s | package=191.907 J | dram=NA | total=191.907 J | power=191.2 W | runtime=in_range | checksum=OK
[STRIDED_GEMM] N=256 threads=20 rep=7 batches=11007 time=1.004 s | package=191.884 J | dram=NA | total=191.884 J | power=191.0 W | runtime=in_range | checksum=OK
[STRIDED_GEMM] N=256 threads=20 rep=8 batches=11007 time=1.004 s | package=191.231 J | dram=NA | total=191.231 J | power=190.4 W | runtime=in_range | checksum=OK
[STRIDED_GEMM] N=256 threads=20 rep=9 batches=11007 time=1.005 s | package=191.016 J | dram=NA | total=191.016 J | power=190.1 W | runtime=in_range | checksum=OK
[STRIDED_GEMM] N=256 threads=20 rep=10 batches=11007 time=1.005 s | package=191.007 J | dram=NA | total=191.007 J | power=190.1 W | runtime=in_range | checksum=OK
[OpenBLAS] requested=32 active=32
[STRIDED_GEMM] N=256 threads=32 rep=1 batches=11535 time=1.028 s | package=220.403 J | dram=NA | total=220.403 J | power=214.4 W | runtime=in_range | checksum=OK
[STRIDED_GEMM] N=256 threads=32 rep=2 batches=11535 time=1.008 s | package=216.837 J | dram=NA | total=216.837 J | power=215.1 W | runtime=in_range | checksum=OK
[STRIDED_GEMM] N=256 threads=32 rep=3 batches=11535 time=1.031 s | package=221.150 J | dram=NA | total=221.150 J | power=214.6 W | runtime=in_range | checksum=OK
[STRIDED_GEMM] N=256 threads=32 rep=4 batches=11535 time=1.031 s | package=221.258 J | dram=NA | total=221.258 J | power=214.5 W | runtime=in_range | checksum=OK
[STRIDED_GEMM] N=256 threads=32 rep=5 batches=11535 time=1.007 s | package=216.515 J | dram=NA | total=216.515 J | power=215.1 W | runtime=in_range | checksum=OK
[STRIDED_GEMM] N=256 threads=32 rep=6 batches=11535 time=1.040 s | package=223.537 J | dram=NA | total=223.537 J | power=214.8 W | runtime=in_range | checksum=OK
[STRIDED_GEMM] N=256 threads=32 rep=7 batches=11535 time=1.024 s | package=220.139 J | dram=NA | total=220.139 J | power=215.0 W | runtime=in_range | checksum=OK
[STRIDED_GEMM] N=256 threads=32 rep=8 batches=11535 time=1.022 s | package=219.974 J | dram=NA | total=219.974 J | power=215.3 W | runtime=in_range | checksum=OK
[STRIDED_GEMM] N=256 threads=32 rep=9 batches=11535 time=1.024 s | package=220.290 J | dram=NA | total=220.290 J | power=215.1 W | runtime=in_range | checksum=OK
[STRIDED_GEMM] N=256 threads=32 rep=10 batches=11535 time=1.019 s | package=219.447 J | dram=NA | total=219.447 J | power=215.4 W | runtime=in_range | checksum=OK
[OpenBLAS] requested=8 active=8
[STRIDED_GEMM] N=128 threads=8 rep=1 batches=55703 time=1.000 s | package=119.212 J | dram=NA | total=119.212 J | power=119.2 W | runtime=in_range | checksum=OK
[STRIDED_GEMM] N=128 threads=8 rep=2 batches=55703 time=1.008 s | package=119.865 J | dram=NA | total=119.865 J | power=118.9 W | runtime=in_range | checksum=OK
[STRIDED_GEMM] N=128 threads=8 rep=3 batches=55703 time=1.001 s | package=119.302 J | dram=NA | total=119.302 J | power=119.1 W | runtime=in_range | checksum=OK
[STRIDED_GEMM] N=128 threads=8 rep=4 batches=55703 time=1.010 s | package=119.959 J | dram=NA | total=119.959 J | power=118.8 W | runtime=in_range | checksum=OK
[STRIDED_GEMM] N=128 threads=8 rep=5 batches=55703 time=1.003 s | package=119.334 J | dram=NA | total=119.334 J | power=119.0 W | runtime=in_range | checksum=OK
[STRIDED_GEMM] N=128 threads=8 rep=6 batches=55703 time=1.004 s | package=119.286 J | dram=NA | total=119.286 J | power=118.8 W | runtime=in_range | checksum=OK
[STRIDED_GEMM] N=128 threads=8 rep=7 batches=55703 time=1.003 s | package=119.232 J | dram=NA | total=119.232 J | power=118.9 W | runtime=in_range | checksum=OK
[STRIDED_GEMM] N=128 threads=8 rep=8 batches=55703 time=1.004 s | package=119.297 J | dram=NA | total=119.297 J | power=118.8 W | runtime=in_range | checksum=OK
[STRIDED_GEMM] N=128 threads=8 rep=9 batches=55703 time=1.004 s | package=119.293 J | dram=NA | total=119.293 J | power=118.8 W | runtime=in_range | checksum=OK
[STRIDED_GEMM] N=128 threads=8 rep=10 batches=55703 time=1.004 s | package=119.252 J | dram=NA | total=119.252 J | power=118.8 W | runtime=in_range | checksum=OK
[OpenBLAS] requested=64 active=64
[STRIDED_GEMM] N=1024 threads=64 rep=1 batches=568 time=1.002 s | package=287.705 J | dram=NA | total=287.705 J | power=287.1 W | runtime=in_range | checksum=OK
[STRIDED_GEMM] N=1024 threads=64 rep=2 batches=568 time=1.018 s | package=292.667 J | dram=NA | total=292.667 J | power=287.5 W | runtime=in_range | checksum=OK
[STRIDED_GEMM] N=1024 threads=64 rep=3 batches=568 time=1.004 s | package=288.146 J | dram=NA | total=288.146 J | power=286.9 W | runtime=in_range | checksum=OK
[STRIDED_GEMM] N=1024 threads=64 rep=4 batches=568 time=1.003 s | package=287.926 J | dram=NA | total=287.926 J | power=287.1 W | runtime=in_range | checksum=OK
[STRIDED_GEMM] N=1024 threads=64 rep=5 batches=568 time=1.006 s | package=289.473 J | dram=NA | total=289.473 J | power=287.6 W | runtime=in_range | checksum=OK
[STRIDED_GEMM] N=1024 threads=64 rep=6 batches=568 time=1.004 s | package=288.186 J | dram=NA | total=288.186 J | power=287.2 W | runtime=in_range | checksum=OK
[STRIDED_GEMM] N=1024 threads=64 rep=7 batches=568 time=1.006 s | package=289.236 J | dram=NA | total=289.236 J | power=287.6 W | runtime=in_range | checksum=OK
[STRIDED_GEMM] N=1024 threads=64 rep=8 batches=568 time=1.004 s | package=288.211 J | dram=NA | total=288.211 J | power=287.1 W | runtime=in_range | checksum=OK
[STRIDED_GEMM] N=1024 threads=64 rep=9 batches=568 time=1.007 s | package=289.512 J | dram=NA | total=289.512 J | power=287.5 W | runtime=in_range | checksum=OK
[STRIDED_GEMM] N=1024 threads=64 rep=10 batches=568 time=1.004 s | package=288.461 J | dram=NA | total=288.461 J | power=287.3 W | runtime=in_range | checksum=OK
[OpenBLAS] requested=8 active=8
[STRIDED_GEMM] N=2048 threads=8 rep=1 batches=45 time=1.011 s | package=175.782 J | dram=NA | total=175.782 J | power=173.9 W | runtime=in_range | checksum=OK
[STRIDED_GEMM] N=2048 threads=8 rep=2 batches=45 time=1.010 s | package=175.421 J | dram=NA | total=175.421 J | power=173.7 W | runtime=in_range | checksum=OK
[STRIDED_GEMM] N=2048 threads=8 rep=3 batches=45 time=1.017 s | package=175.906 J | dram=NA | total=175.906 J | power=172.9 W | runtime=in_range | checksum=OK
[STRIDED_GEMM] N=2048 threads=8 rep=4 batches=45 time=1.011 s | package=175.060 J | dram=NA | total=175.060 J | power=173.2 W | runtime=in_range | checksum=OK
[STRIDED_GEMM] N=2048 threads=8 rep=5 batches=45 time=1.011 s | package=174.894 J | dram=NA | total=174.894 J | power=173.0 W | runtime=in_range | checksum=OK
[STRIDED_GEMM] N=2048 threads=8 rep=6 batches=45 time=1.012 s | package=174.639 J | dram=NA | total=174.639 J | power=172.6 W | runtime=in_range | checksum=OK
[STRIDED_GEMM] N=2048 threads=8 rep=7 batches=45 time=1.012 s | package=174.732 J | dram=NA | total=174.732 J | power=172.6 W | runtime=in_range | checksum=OK
[STRIDED_GEMM] N=2048 threads=8 rep=8 batches=45 time=1.020 s | package=175.590 J | dram=NA | total=175.590 J | power=172.2 W | runtime=in_range | checksum=OK
[STRIDED_GEMM] N=2048 threads=8 rep=9 batches=45 time=1.012 s | package=174.771 J | dram=NA | total=174.771 J | power=172.7 W | runtime=in_range | checksum=OK
[STRIDED_GEMM] N=2048 threads=8 rep=10 batches=45 time=1.013 s | package=174.890 J | dram=NA | total=174.890 J | power=172.6 W | runtime=in_range | checksum=OK
[OpenBLAS] requested=10 active=10
[STRIDED_GEMM] N=16384 threads=10 rep=1 batches=1 time=8.345 s | package=1754.179 J | dram=NA | total=1754.179 J | power=210.2 W | runtime=above | checksum=OK
[STRIDED_GEMM] N=16384 threads=10 rep=2 batches=1 time=8.362 s | package=1754.503 J | dram=NA | total=1754.503 J | power=209.8 W | runtime=above | checksum=OK
[STRIDED_GEMM] N=16384 threads=10 rep=3 batches=1 time=8.353 s | package=1755.744 J | dram=NA | total=1755.744 J | power=210.2 W | runtime=above | checksum=OK
[STRIDED_GEMM] N=16384 threads=10 rep=4 batches=1 time=8.345 s | package=1755.331 J | dram=NA | total=1755.331 J | power=210.3 W | runtime=above | checksum=OK
[STRIDED_GEMM] N=16384 threads=10 rep=5 batches=1 time=8.346 s | package=1756.160 J | dram=NA | total=1756.160 J | power=210.4 W | runtime=above | checksum=OK
[STRIDED_GEMM] N=16384 threads=10 rep=6 batches=1 time=8.365 s | package=1759.132 J | dram=NA | total=1759.132 J | power=210.3 W | runtime=above | checksum=OK
[STRIDED_GEMM] N=16384 threads=10 rep=7 batches=1 time=8.369 s | package=1759.158 J | dram=NA | total=1759.158 J | power=210.2 W | runtime=above | checksum=OK
[STRIDED_GEMM] N=16384 threads=10 rep=8 batches=1 time=8.359 s | package=1757.013 J | dram=NA | total=1757.013 J | power=210.2 W | runtime=above | checksum=OK
[STRIDED_GEMM] N=16384 threads=10 rep=9 batches=1 time=8.364 s | package=1755.790 J | dram=NA | total=1755.790 J | power=209.9 W | runtime=above | checksum=OK
[STRIDED_GEMM] N=16384 threads=10 rep=10 batches=1 time=8.357 s | package=1755.898 J | dram=NA | total=1755.898 J | power=210.1 W | runtime=above | checksum=OK
