schema_version,timestamp,session_id,sequence_index,run_id_global,repetition,workload,implementation,execution_mode,device_name,num_threads,problem_size,problem_spec,batches,e2e_time_s,kernel_time_s,wall_time_s,device_energy_j,total_energy_j,dram_energy_j,energy_per_op_j,energy_per_second_j,energy_per_flop_j,time_per_op_ms_kernel,time_per_op_ms_e2e,flops_total,gflops_per_s,logical_bytes_per_op,avg_power_w,runtime_status,pcie_gen,pcie_width,sm_clock_mhz,clock_before_mhz,clock_after_mhz,mem_clock_mhz,temp_c,temp_before_c,temp_after_c,throttle_reasons,cpu_cycles,cpu_instructions,cpu_ipc,cpu_cache_misses,checksum_ok
cpu-gpu-v2,2026-07-19T06:57:38,"20260718_205238_session2",1,1,1,"AXPY","openmp_axpy",cpu_native,"AMD Ryzen Threadripper 3970X 32-Core Processor",64,2000000,"elements=2000000",100000,1.576189,1.576189,1.576189,307.262201,307.262201,-1.000000,3.072622e-03,194.939932,7.681555e-10,0.015762,0.015762,4.000000e+11,253.78,2.400000e+07,194.94,above,,,,3940,3863,,52,50,52,,-1,-1,-1.000000,-1,t
cpu-gpu-v2,2026-07-19T06:57:39,"20260718_205238_session2",2,2,2,"AXPY","openmp_axpy",cpu_native,"AMD Ryzen Threadripper 3970X 32-Core Processor",64,2000000,"elements=2000000",100000,1.624765,1.624765,1.624765,320.240335,320.240335,-1.000000,3.202403e-03,197.099531,8.006008e-10,0.016248,0.016248,4.000000e+11,246.19,2.400000e+07,197.10,above,,,,3939,3876,,54,52,54,,-1,-1,-1.000000,-1,t
cpu-gpu-v2,2026-07-19T06:57:41,"20260718_205238_session2",3,3,3,"AXPY","openmp_axpy",cpu_native,"AMD Ryzen Threadripper 3970X 32-Core Processor",64,2000000,"elements=2000000",100000,1.655416,1.655416,1.655416,324.822237,324.822237,-1.000000,3.248222e-03,196.217854,8.120556e-10,0.016554,0.016554,4.000000e+11,241.63,2.400000e+07,196.22,above,,,,3943,3891,,55,54,55,,-1,-1,-1.000000,-1,t
cpu-gpu-v2,2026-07-19T06:57:43,"20260718_205238_session2",4,4,4,"AXPY","openmp_axpy",cpu_native,"AMD Ryzen Threadripper 3970X 32-Core Processor",64,2000000,"elements=2000000",100000,1.668846,1.668846,1.668846,327.940605,327.940605,-1.000000,3.279406e-03,196.507464,8.198515e-10,0.016688,0.016688,4.000000e+11,239.69,2.400000e+07,196.51,above,,,,3942,3874,,55,54,55,,-1,-1,-1.000000,-1,t
cpu-gpu-v2,2026-07-19T06:57:44,"20260718_205238_session2",5,5,5,"AXPY","openmp_axpy",cpu_native,"AMD Ryzen Threadripper 3970X 32-Core Processor",64,2000000,"elements=2000000",100000,1.652012,1.652012,1.652012,325.712526,325.712526,-1.000000,3.257125e-03,197.161096,8.142813e-10,0.016520,0.016520,4.000000e+11,242.13,2.400000e+07,197.16,above,,,,3943,3869,,56,55,56,,-1,-1,-1.000000,-1,t
cpu-gpu-v2,2026-07-19T06:57:46,"20260718_205238_session2",6,6,6,"AXPY","openmp_axpy",cpu_native,"AMD Ryzen Threadripper 3970X 32-Core Processor",64,2000000,"elements=2000000",100000,1.624304,1.624304,1.624304,325.084599,325.084599,-1.000000,3.250846e-03,200.137798,8.127115e-10,0.016243,0.016243,4.000000e+11,246.26,2.400000e+07,200.14,above,,,,3943,3927,,57,56,57,,-1,-1,-1.000000,-1,t
cpu-gpu-v2,2026-07-19T06:57:47,"20260718_205238_session2",7,7,7,"AXPY","openmp_axpy",cpu_native,"AMD Ryzen Threadripper 3970X 32-Core Processor",64,2000000,"elements=2000000",100000,1.423416,1.423416,1.423416,293.776495,293.776495,-1.000000,2.937765e-03,206.388400,7.344412e-10,0.014234,0.014234,4.000000e+11,281.01,2.400000e+07,206.39,above,,,,3992,3860,,58,57,58,,-1,-1,-1.000000,-1,t
cpu-gpu-v2,2026-07-19T06:57:49,"20260718_205238_session2",8,8,8,"AXPY","openmp_axpy",cpu_native,"AMD Ryzen Threadripper 3970X 32-Core Processor",64,2000000,"elements=2000000",100000,1.667415,1.667415,1.667415,330.238644,330.238644,-1.000000,3.302386e-03,198.054232,8.255966e-10,0.016674,0.016674,4.000000e+11,239.89,2.400000e+07,198.05,above,,,,3920,3870,,58,58,58,,-1,-1,-1.000000,-1,t
cpu-gpu-v2,2026-07-19T06:57:51,"20260718_205238_session2",9,9,9,"AXPY","openmp_axpy",cpu_native,"AMD Ryzen Threadripper 3970X 32-Core Processor",64,2000000,"elements=2000000",100000,1.670086,1.670086,1.670086,330.754029,330.754029,-1.000000,3.307540e-03,198.046063,8.268851e-10,0.016701,0.016701,4.000000e+11,239.51,2.400000e+07,198.05,above,,,,3944,3856,,58,57,58,,-1,-1,-1.000000,-1,t
cpu-gpu-v2,2026-07-19T06:57:52,"20260718_205238_session2",10,10,10,"AXPY","openmp_axpy",cpu_native,"AMD Ryzen Threadripper 3970X 32-Core Processor",64,2000000,"elements=2000000",100000,1.674668,1.674668,1.674668,331.478738,331.478738,-1.000000,3.314787e-03,197.936970,8.286968e-10,0.016747,0.016747,4.000000e+11,238.85,2.400000e+07,197.94,above,,,,3961,3885,,58,58,58,,-1,-1,-1.000000,-1,t
cpu-gpu-v2,2026-07-19T06:57:55,"20260718_205238_session2",11,11,1,"AXPY","openmp_axpy",cpu_native,"AMD Ryzen Threadripper 3970X 32-Core Processor",16,1000000,"elements=1000000",100000,1.259650,1.259650,1.259650,222.329887,222.329887,-1.000000,2.223299e-03,176.501294,1.111649e-09,0.012597,0.012597,2.000000e+11,158.77,1.200000e+07,176.50,above,,,,2573,2352,,67,67,66,,-1,-1,-1.000000,-1,t
cpu-gpu-v2,2026-07-19T06:57:56,"20260718_205238_session2",12,12,2,"AXPY","openmp_axpy",cpu_native,"AMD Ryzen Threadripper 3970X 32-Core Processor",16,1000000,"elements=1000000",100000,1.112274,1.112274,1.112274,208.037352,208.037352,-1.000000,2.080374e-03,187.037917,1.040187e-09,0.011123,0.011123,2.000000e+11,179.81,1.200000e+07,187.04,in_range,,,,2427,2389,,66,66,66,,-1,-1,-1.000000,-1,t
cpu-gpu-v2,2026-07-19T06:57:57,"20260718_205238_session2",13,13,3,"AXPY","openmp_axpy",cpu_native,"AMD Ryzen Threadripper 3970X 32-Core Processor",16,1000000,"elements=1000000",100000,1.083860,1.083860,1.083860,205.336320,205.336320,-1.000000,2.053363e-03,189.449062,1.026682e-09,0.010839,0.010839,2.000000e+11,184.53,1.200000e+07,189.45,in_range,,,,2427,2353,,67,66,67,,-1,-1,-1.000000,-1,t
cpu-gpu-v2,2026-07-19T06:57:58,"20260718_205238_session2",14,14,4,"AXPY","openmp_axpy",cpu_native,"AMD Ryzen Threadripper 3970X 32-Core Processor",16,1000000,"elements=1000000",100000,1.245196,1.245196,1.245196,220.997207,220.997207,-1.000000,2.209972e-03,177.479906,1.104986e-09,0.012452,0.012452,2.000000e+11,160.62,1.200000e+07,177.48,in_range,,,,2390,2352,,67,67,66,,-1,-1,-1.000000,-1,t
cpu-gpu-v2,2026-07-19T06:57:59,"20260718_205238_session2",15,15,5,"AXPY","openmp_axpy",cpu_native,"AMD Ryzen Threadripper 3970X 32-Core Processor",16,1000000,"elements=1000000",100000,1.208649,1.208649,1.208649,217.310768,217.310768,-1.000000,2.173108e-03,179.796354,1.086554e-09,0.012086,0.012086,2.000000e+11,165.47,1.200000e+07,179.80,in_range,,,,2387,2353,,67,66,67,,-1,-1,-1.000000,-1,t
cpu-gpu-v2,2026-07-19T06:58:01,"20260718_205238_session2",16,16,6,"AXPY","openmp_axpy",cpu_native,"AMD Ryzen Threadripper 3970X 32-Core Processor",16,1000000,"elements=1000000",100000,1.324654,1.324654,1.324654,228.508889,228.508889,-1.000000,2.285089e-03,172.504649,1.142544e-09,0.013247,0.013247,2.000000e+11,150.98,1.200000e+07,172.50,above,,,,2390,2359,,67,67,65,,-1,-1,-1.000000,-1,t
cpu-gpu-v2,2026-07-19T06:58:02,"20260718_205238_session2",17,17,7,"AXPY","openmp_axpy",cpu_native,"AMD Ryzen Threadripper 3970X 32-Core Processor",16,1000000,"elements=1000000",100000,1.321267,1.321267,1.321267,228.249000,228.249000,-1.000000,2.282490e-03,172.750133,1.141245e-09,0.013213,0.013213,2.000000e+11,151.37,1.200000e+07,172.75,above,,,,2396,2359,,65,65,64,,-1,-1,-1.000000,-1,t
cpu-gpu-v2,2026-07-19T06:58:03,"20260718_205238_session2",18,18,8,"AXPY","openmp_axpy",cpu_native,"AMD Ryzen Threadripper 3970X 32-Core Processor",16,1000000,"elements=1000000",100000,1.294026,1.294026,1.294026,225.713074,225.713074,-1.000000,2.257131e-03,174.426937,1.128565e-09,0.012940,0.012940,2.000000e+11,154.56,1.200000e+07,174.43,above,,,,2395,2359,,64,64,64,,-1,-1,-1.000000,-1,t
cpu-gpu-v2,2026-07-19T06:58:05,"20260718_205238_session2",19,19,9,"AXPY","openmp_axpy",cpu_native,"AMD Ryzen Threadripper 3970X 32-Core Processor",16,1000000,"elements=1000000",100000,1.190714,1.190714,1.190714,215.358980,215.358980,-1.000000,2.153590e-03,180.865425,1.076795e-09,0.011907,0.011907,2.000000e+11,167.97,1.200000e+07,180.87,in_range,,,,2386,2419,,67,64,67,,-1,-1,-1.000000,-1,t
cpu-gpu-v2,2026-07-19T06:58:06,"20260718_205238_session2",20,20,10,"AXPY","openmp_axpy",cpu_native,"AMD Ryzen Threadripper 3970X 32-Core Processor",16,1000000,"elements=1000000",100000,1.344511,1.344511,1.344511,231.220800,231.220800,-1.000000,2.312208e-03,171.973944,1.156104e-09,0.013445,0.013445,2.000000e+11,148.75,1.200000e+07,171.97,above,,,,2420,2351,,66,66,65,,-1,-1,-1.000000,-1,t
cpu-gpu-v2,2026-07-19T06:58:10,"20260718_205238_session2",21,21,1,"AXPY","openmp_axpy",cpu_native,"AMD Ryzen Threadripper 3970X 32-Core Processor",1,2000000,"elements=2000000",2221,0.995527,0.995527,0.995527,72.639081,72.639081,-1.000000,3.270557e-02,72.965452,8.176394e-09,0.448234,0.448234,8.884000e+09,8.92,2.400000e+07,72.97,in_range,,,,1873,1825,,62,62,60,,-1,-1,-1.000000,-1,t
cpu-gpu-v2,2026-07-19T06:58:10,"20260718_205238_session2",22,22,2,"AXPY","openmp_axpy",cpu_native,"AMD Ryzen Threadripper 3970X 32-Core Processor",1,2000000,"elements=2000000",2221,0.991783,0.991783,0.991783,72.217548,72.217548,-1.000000,3.251578e-02,72.815885,8.128945e-09,0.446548,0.446548,8.884000e+09,8.96,2.400000e+07,72.82,in_range,,,,1905,1794,,60,60,58,,-1,-1,-1.000000,-1,t
cpu-gpu-v2,2026-07-19T06:58:11,"20260718_205238_session2",23,23,3,"AXPY","openmp_axpy",cpu_native,"AMD Ryzen Threadripper 3970X 32-Core Processor",1,2000000,"elements=2000000",2221,0.990273,0.990273,0.990273,71.996506,71.996506,-1.000000,3.241626e-02,72.703705,8.104064e-09,0.445868,0.445868,8.884000e+09,8.97,2.400000e+07,72.70,in_range,,,,1835,1795,,58,58,56,,-1,-1,-1.000000,-1,t
cpu-gpu-v2,2026-07-19T06:58:13,"20260718_205238_session2",24,24,4,"AXPY","openmp_axpy",cpu_native,"AMD Ryzen Threadripper 3970X 32-Core Processor",1,2000000,"elements=2000000",2221,1.007904,1.007904,1.007904,73.319877,73.319877,-1.000000,3.301210e-02,72.744931,8.253025e-09,0.453806,0.453806,8.884000e+09,8.81,2.400000e+07,72.74,in_range,,,,1834,1834,,59,59,55,,-1,-1,-1.000000,-1,t
cpu-gpu-v2,2026-07-19T06:58:14,"20260718_205238_session2",25,25,5,"AXPY","openmp_axpy",cpu_native,"AMD Ryzen Threadripper 3970X 32-Core Processor",1,2000000,"elements=2000000",2221,0.988253,0.988253,0.988253,71.714813,71.714813,-1.000000,3.228943e-02,72.567262,8.072356e-09,0.444959,0.444959,8.884000e+09,8.99,2.400000e+07,72.57,in_range,,,,1875,1794,,55,55,54,,-1,-1,-1.000000,-1,t
cpu-gpu-v2,2026-07-19T06:58:14,"20260718_205238_session2",26,26,6,"AXPY","openmp_axpy",cpu_native,"AMD Ryzen Threadripper 3970X 32-Core Processor",1,2000000,"elements=2000000",2221,0.990326,0.990326,0.990326,71.890722,71.890722,-1.000000,3.236863e-02,72.593003,8.092157e-09,0.445892,0.445892,8.884000e+09,8.97,2.400000e+07,72.59,in_range,,,,1875,1825,,61,61,54,,-1,-1,-1.000000,-1,t
cpu-gpu-v2,2026-07-19T06:58:16,"20260718_205238_session2",27,27,7,"AXPY","openmp_axpy",cpu_native,"AMD Ryzen Threadripper 3970X 32-Core Processor",1,2000000,"elements=2000000",2221,1.013638,1.013638,1.013638,73.545407,73.545407,-1.000000,3.311365e-02,72.555881,8.278411e-09,0.456388,0.456388,8.884000e+09,8.76,2.400000e+07,72.56,in_range,,,,1934,1834,,60,60,54,,-1,-1,-1.000000,-1,t
cpu-gpu-v2,2026-07-19T06:58:17,"20260718_205238_session2",28,28,8,"AXPY","openmp_axpy",cpu_native,"AMD Ryzen Threadripper 3970X 32-Core Processor",1,2000000,"elements=2000000",2221,0.985910,0.985910,0.985910,71.537087,71.537087,-1.000000,3.220940e-02,72.559440,8.052351e-09,0.443904,0.443904,8.884000e+09,9.01,2.400000e+07,72.56,in_range,,,,1874,1795,,59,59,54,,-1,-1,-1.000000,-1,t
cpu-gpu-v2,2026-07-19T06:58:17,"20260718_205238_session2",29,29,9,"AXPY","openmp_axpy",cpu_native,"AMD Ryzen Threadripper 3970X 32-Core Processor",1,2000000,"elements=2000000",2221,0.985585,0.985585,0.985585,71.441725,71.441725,-1.000000,3.216647e-02,72.486609,8.041617e-09,0.443757,0.443757,8.884000e+09,9.01,2.400000e+07,72.49,in_range,,,,1833,1794,,54,54,54,,-1,-1,-1.000000,-1,t
cpu-gpu-v2,2026-07-19T06:58:19,"20260718_205238_session2",30,30,10,"AXPY","openmp_axpy",cpu_native,"AMD Ryzen Threadripper 3970X 32-Core Processor",1,2000000,"elements=2000000",2221,1.013412,1.013412,1.013412,73.595178,73.595178,-1.000000,3.313605e-02,72.621181,8.284014e-09,0.456286,0.456286,8.884000e+09,8.77,2.400000e+07,72.62,in_range,,,,1834,1834,,61,61,54,,-1,-1,-1.000000,-1,t
cpu-gpu-v2,2026-07-19T06:58:21,"20260718_205238_session2",31,31,1,"AXPY","openmp_axpy",cpu_native,"AMD Ryzen Threadripper 3970X 32-Core Processor",20,128000000,"elements=128000000",33,1.008114,1.008114,1.008114,122.416948,122.416948,-1.000000,3.709604e+00,121.431696,1.449064e-08,30.548898,30.548898,8.448000e+09,8.38,1.536000e+09,121.43,in_range,,,,2595,2521,,54,54,50,,-1,-1,-1.000000,-1,t
cpu-gpu-v2,2026-07-19T06:58:22,"20260718_205238_session2",32,32,2,"AXPY","openmp_axpy",cpu_native,"AMD Ryzen Threadripper 3970X 32-Core Processor",20,128000000,"elements=128000000",33,1.008182,1.008182,1.008182,122.595681,122.595681,-1.000000,3.715021e+00,121.600690,1.451180e-08,30.550983,30.550983,8.448000e+09,8.38,1.536000e+09,121.60,in_range,,,,2563,2528,,54,54,49,,-1,-1,-1.000000,-1,t
cpu-gpu-v2,2026-07-19T06:58:23,"20260718_205238_session2",33,33,3,"AXPY","openmp_axpy",cpu_native,"AMD Ryzen Threadripper 3970X 32-Core Processor",20,128000000,"elements=128000000",33,1.008269,1.008269,1.008269,122.855219,122.855219,-1.000000,3.722885e+00,121.847635,1.454252e-08,30.553612,30.553612,8.448000e+09,8.38,1.536000e+09,121.85,in_range,,,,2563,2521,,53,53,49,,-1,-1,-1.000000,-1,t
cpu-gpu-v2,2026-07-19T06:58:24,"20260718_205238_session2",34,34,4,"AXPY","openmp_axpy",cpu_native,"AMD Ryzen Threadripper 3970X 32-Core Processor",20,128000000,"elements=128000000",33,1.008064,1.008064,1.008064,122.755157,122.755157,-1.000000,3.719853e+00,121.773136,1.453068e-08,30.547405,30.547405,8.448000e+09,8.38,1.536000e+09,121.77,in_range,,,,2564,2513,,55,55,49,,-1,-1,-1.000000,-1,t
cpu-gpu-v2,2026-07-19T06:58:25,"20260718_205238_session2",35,35,5,"AXPY","openmp_axpy",cpu_native,"AMD Ryzen Threadripper 3970X 32-Core Processor",20,128000000,"elements=128000000",33,1.007905,1.007905,1.007905,122.757339,122.757339,-1.000000,3.719919e+00,121.794539,1.453094e-08,30.542579,30.542579,8.448000e+09,8.38,1.536000e+09,121.79,in_range,,,,2563,2515,,54,54,49,,-1,-1,-1.000000,-1,t
cpu-gpu-v2,2026-07-19T06:58:26,"20260718_205238_session2",36,36,6,"AXPY","openmp_axpy",cpu_native,"AMD Ryzen Threadripper 3970X 32-Core Processor",20,128000000,"elements=128000000",33,1.008000,1.008000,1.008000,122.780790,122.780790,-1.000000,3.720630e+00,121.806398,1.453371e-08,30.545440,30.545440,8.448000e+09,8.38,1.536000e+09,121.81,in_range,,,,2575,2512,,55,55,50,,-1,-1,-1.000000,-1,t
cpu-gpu-v2,2026-07-19T06:58:27,"20260718_205238_session2",37,37,7,"AXPY","openmp_axpy",cpu_native,"AMD Ryzen Threadripper 3970X 32-Core Processor",20,128000000,"elements=128000000",33,1.007835,1.007835,1.007835,122.846537,122.846537,-1.000000,3.722622e+00,121.891567,1.454149e-08,30.540442,30.540442,8.448000e+09,8.38,1.536000e+09,121.89,in_range,,,,2547,2510,,55,55,50,,-1,-1,-1.000000,-1,t
cpu-gpu-v2,2026-07-19T06:58:28,"20260718_205238_session2",38,38,8,"AXPY","openmp_axpy",cpu_native,"AMD Ryzen Threadripper 3970X 32-Core Processor",20,128000000,"elements=128000000",33,1.008041,1.008041,1.008041,122.928336,122.928336,-1.000000,3.725101e+00,121.947767,1.455118e-08,30.546694,30.546694,8.448000e+09,8.38,1.536000e+09,121.95,in_range,,,,2578,2515,,56,56,50,,-1,-1,-1.000000,-1,t
cpu-gpu-v2,2026-07-19T06:58:29,"20260718_205238_session2",39,39,9,"AXPY","openmp_axpy",cpu_native,"AMD Ryzen Threadripper 3970X 32-Core Processor",20,128000000,"elements=128000000",33,1.007933,1.007933,1.007933,122.953694,122.953694,-1.000000,3.725870e+00,121.985995,1.455418e-08,30.543420,30.543420,8.448000e+09,8.38,1.536000e+09,121.99,in_range,,,,2552,2516,,55,55,50,,-1,-1,-1.000000,-1,t
cpu-gpu-v2,2026-07-19T06:58:30,"20260718_205238_session2",40,40,10,"AXPY","openmp_axpy",cpu_native,"AMD Ryzen Threadripper 3970X 32-Core Processor",20,128000000,"elements=128000000",33,1.007677,1.007677,1.007677,123.040253,123.040253,-1.000000,3.728493e+00,122.102823,1.456442e-08,30.535678,30.535678,8.448000e+09,8.38,1.536000e+09,122.10,in_range,,,,2549,2518,,59,59,58,,-1,-1,-1.000000,-1,t
cpu-gpu-v2,2026-07-19T06:58:33,"20260718_205238_session2",41,41,1,"AXPY","openmp_axpy",cpu_native,"AMD Ryzen Threadripper 3970X 32-Core Processor",4,32000000,"elements=32000000",92,1.001520,1.001520,1.001520,79.291904,79.291904,-1.000000,8.618685e-01,79.171556,1.346670e-08,10.886088,10.886088,5.888000e+09,5.88,3.840000e+08,79.17,in_range,,,,1951,1916,,67,67,66,,-1,-1,-1.000000,-1,t
cpu-gpu-v2,2026-07-19T06:58:34,"20260718_205238_session2",42,42,2,"AXPY","openmp_axpy",cpu_native,"AMD Ryzen Threadripper 3970X 32-Core Processor",4,32000000,"elements=32000000",92,1.001998,1.001998,1.001998,79.134931,79.134931,-1.000000,8.601623e-01,78.977140,1.344004e-08,10.891282,10.891282,5.888000e+09,5.88,3.840000e+08,78.98,in_range,,,,1951,1954,,66,66,64,,-1,-1,-1.000000,-1,t
cpu-gpu-v2,2026-07-19T06:58:35,"20260718_205238_session2",43,43,3,"AXPY","openmp_axpy",cpu_native,"AMD Ryzen Threadripper 3970X 32-Core Processor",4,32000000,"elements=32000000",92,1.001603,1.001603,1.001603,79.040041,79.040041,-1.000000,8.591309e-01,78.913519,1.342392e-08,10.886992,10.886992,5.888000e+09,5.88,3.840000e+08,78.91,in_range,,,,1991,1916,,64,64,63,,-1,-1,-1.000000,-1,t
cpu-gpu-v2,2026-07-19T06:58:36,"20260718_205238_session2",44,44,4,"AXPY","openmp_axpy",cpu_native,"AMD Ryzen Threadripper 3970X 32-Core Processor",4,32000000,"elements=32000000",92,1.001218,1.001218,1.001218,78.988438,78.988438,-1.000000,8.585700e-01,78.892312,1.341516e-08,10.882809,10.882809,5.888000e+09,5.88,3.840000e+08,78.89,in_range,,,,1951,1916,,64,64,61,,-1,-1,-1.000000,-1,t
cpu-gpu-v2,2026-07-19T06:58:37,"20260718_205238_session2",45,45,5,"AXPY","openmp_axpy",cpu_native,"AMD Ryzen Threadripper 3970X 32-Core Processor",4,32000000,"elements=32000000",92,1.000626,1.000626,1.000626,78.876354,78.876354,-1.000000,8.573517e-01,78.827010,1.339612e-08,10.876369,10.876369,5.888000e+09,5.88,3.840000e+08,78.83,in_range,,,,2021,1916,,62,62,60,,-1,-1,-1.000000,-1,t
cpu-gpu-v2,2026-07-19T06:58:38,"20260718_205238_session2",46,46,6,"AXPY","openmp_axpy",cpu_native,"AMD Ryzen Threadripper 3970X 32-Core Processor",4,32000000,"elements=32000000",92,1.000456,1.000456,1.000456,78.787445,78.787445,-1.000000,8.563853e-01,78.751510,1.338102e-08,10.874525,10.874525,5.888000e+09,5.89,3.840000e+08,78.75,in_range,,,,1953,1957,,61,61,58,,-1,-1,-1.000000,-1,t
cpu-gpu-v2,2026-07-19T06:58:39,"20260718_205238_session2",47,47,7,"AXPY","openmp_axpy",cpu_native,"AMD Ryzen Threadripper 3970X 32-Core Processor",4,32000000,"elements=32000000",92,1.000230,1.000230,1.000230,78.740084,78.740084,-1.000000,8.558705e-01,78.721962,1.337298e-08,10.872067,10.872067,5.888000e+09,5.89,3.840000e+08,78.72,in_range,,,,1953,1916,,62,62,57,,-1,-1,-1.000000,-1,t
cpu-gpu-v2,2026-07-19T06:58:40,"20260718_205238_session2",48,48,8,"AXPY","openmp_axpy",cpu_native,"AMD Ryzen Threadripper 3970X 32-Core Processor",4,32000000,"elements=32000000",92,1.000794,1.000794,1.000794,78.847118,78.847118,-1.000000,8.570339e-01,78.784548,1.339115e-08,10.878198,10.878198,5.888000e+09,5.88,3.840000e+08,78.78,in_range,,,,1953,1916,,63,63,55,,-1,-1,-1.000000,-1,t
cpu-gpu-v2,2026-07-19T06:58:41,"20260718_205238_session2",49,49,9,"AXPY","openmp_axpy",cpu_native,"AMD Ryzen Threadripper 3970X 32-Core Processor",4,32000000,"elements=32000000",92,1.000520,1.000520,1.000520,78.721011,78.721011,-1.000000,8.556632e-01,78.680093,1.336974e-08,10.875218,10.875218,5.888000e+09,5.88,3.840000e+08,78.68,in_range,,,,1986,1916,,62,62,54,,-1,-1,-1.000000,-1,t
cpu-gpu-v2,2026-07-19T06:58:42,"20260718_205238_session2",50,50,10,"AXPY","openmp_axpy",cpu_native,"AMD Ryzen Threadripper 3970X 32-Core Processor",4,32000000,"elements=32000000",92,1.000507,1.000507,1.000507,78.816282,78.816282,-1.000000,8.566987e-01,78.776367,1.338592e-08,10.875073,10.875073,5.888000e+09,5.89,3.840000e+08,78.78,in_range,,,,1986,1916,,62,62,52,,-1,-1,-1.000000,-1,t
cpu-gpu-v2,2026-07-19T06:58:44,"20260718_205238_session2",51,51,1,"AXPY","openmp_axpy",cpu_native,"AMD Ryzen Threadripper 3970X 32-Core Processor",8,1000000,"elements=1000000",80621,1.023094,1.023094,1.023094,181.018883,181.018883,-1.000000,2.245307e-03,176.932767,1.122653e-09,0.012690,0.012690,1.612420e+11,157.60,1.200000e+07,176.93,in_range,,,,2177,2105,,79,78,79,,-1,-1,-1.000000,-1,t
cpu-gpu-v2,2026-07-19T06:58:45,"20260718_205238_session2",52,52,2,"AXPY","openmp_axpy",cpu_native,"AMD Ryzen Threadripper 3970X 32-Core Processor",8,1000000,"elements=1000000",80621,1.044330,1.044330,1.044330,182.796257,182.796257,-1.000000,2.267353e-03,175.036813,1.133676e-09,0.012954,0.012954,1.612420e+11,154.40,1.200000e+07,175.04,in_range,,,,2157,2114,,81,79,81,,-1,-1,-1.000000,-1,t
cpu-gpu-v2,2026-07-19T06:58:46,"20260718_205238_session2",53,53,3,"AXPY","openmp_axpy",cpu_native,"AMD Ryzen Threadripper 3970X 32-Core Processor",8,1000000,"elements=1000000",80621,1.031832,1.031832,1.031832,181.965062,181.965062,-1.000000,2.257043e-03,176.351510,1.128521e-09,0.012799,0.012799,1.612420e+11,156.27,1.200000e+07,176.35,in_range,,,,2157,2168,,82,80,82,,-1,-1,-1.000000,-1,t
cpu-gpu-v2,2026-07-19T06:58:47,"20260718_205238_session2",54,54,4,"AXPY","openmp_axpy",cpu_native,"AMD Ryzen Threadripper 3970X 32-Core Processor",8,1000000,"elements=1000000",80621,1.016377,1.016377,1.016377,180.619230,180.619230,-1.000000,2.240350e-03,177.708867,1.120175e-09,0.012607,0.012607,1.612420e+11,158.64,1.200000e+07,177.71,in_range,,,,2225,2076,,84,82,84,,-1,-1,-1.000000,-1,t
cpu-gpu-v2,2026-07-19T06:58:48,"20260718_205238_session2",55,55,5,"AXPY","openmp_axpy",cpu_native,"AMD Ryzen Threadripper 3970X 32-Core Processor",8,1000000,"elements=1000000",80621,1.026258,1.026258,1.026258,181.491362,181.491362,-1.000000,2.251167e-03,176.847729,1.125584e-09,0.012729,0.012729,1.612420e+11,157.12,1.200000e+07,176.85,in_range,,,,2122,2110,,84,84,84,,-1,-1,-1.000000,-1,t
cpu-gpu-v2,2026-07-19T06:58:49,"20260718_205238_session2",56,56,6,"AXPY","openmp_axpy",cpu_native,"AMD Ryzen Threadripper 3970X 32-Core Processor",8,1000000,"elements=1000000",80621,1.049142,1.049142,1.049142,183.322811,183.322811,-1.000000,2.273884e-03,174.735911,1.136942e-09,0.013013,0.013013,1.612420e+11,153.69,1.200000e+07,174.74,in_range,,,,2145,2077,,84,84,84,,-1,-1,-1.000000,-1,t
cpu-gpu-v2,2026-07-19T06:58:50,"20260718_205238_session2",57,57,7,"AXPY","openmp_axpy",cpu_native,"AMD Ryzen Threadripper 3970X 32-Core Processor",8,1000000,"elements=1000000",80621,1.040735,1.040735,1.040735,182.523031,182.523031,-1.000000,2.263964e-03,175.378928,1.131982e-09,0.012909,0.012909,1.612420e+11,154.93,1.200000e+07,175.38,in_range,,,,2125,2077,,84,84,84,,-1,-1,-1.000000,-1,t
cpu-gpu-v2,2026-07-19T06:58:51,"20260718_205238_session2",58,58,8,"AXPY","openmp_axpy",cpu_native,"AMD Ryzen Threadripper 3970X 32-Core Processor",8,1000000,"elements=1000000",80621,1.025546,1.025546,1.025546,181.220654,181.220654,-1.000000,2.247810e-03,176.706534,1.123905e-09,0.012721,0.012721,1.612420e+11,157.23,1.200000e+07,176.71,in_range,,,,2125,2074,,85,84,85,,-1,-1,-1.000000,-1,t
cpu-gpu-v2,2026-07-19T06:58:52,"20260718_205238_session2",59,59,9,"AXPY","openmp_axpy",cpu_native,"AMD Ryzen Threadripper 3970X 32-Core Processor",8,1000000,"elements=1000000",80621,1.044015,1.044015,1.044015,182.818045,182.818045,-1.000000,2.267623e-03,175.110624,1.133812e-09,0.012950,0.012950,1.612420e+11,154.44,1.200000e+07,175.11,in_range,,,,2118,2147,,85,85,85,,-1,-1,-1.000000,-1,t
cpu-gpu-v2,2026-07-19T06:58:53,"20260718_205238_session2",60,60,10,"AXPY","openmp_axpy",cpu_native,"AMD Ryzen Threadripper 3970X 32-Core Processor",8,1000000,"elements=1000000",80621,1.032234,1.032234,1.032234,182.161280,182.161280,-1.000000,2.259477e-03,176.472931,1.129738e-09,0.012804,0.012804,1.612420e+11,156.21,1.200000e+07,176.47,in_range,,,,2196,2076,,85,84,85,,-1,-1,-1.000000,-1,t
cpu-gpu-v2,2026-07-19T06:58:57,"20260718_205238_session2",61,61,1,"AXPY","openmp_axpy",cpu_native,"AMD Ryzen Threadripper 3970X 32-Core Processor",16,8000000,"elements=8000000",2766,1.000816,1.000816,1.000816,135.576164,135.576164,-1.000000,4.901524e-02,135.465641,3.063453e-09,0.361828,0.361828,4.425600e+10,44.22,9.600000e+07,135.47,in_range,,,,2402,2360,,81,81,80,,-1,-1,-1.000000,-1,t
cpu-gpu-v2,2026-07-19T06:58:58,"20260718_205238_session2",62,62,2,"AXPY","openmp_axpy",cpu_native,"AMD Ryzen Threadripper 3970X 32-Core Processor",16,8000000,"elements=8000000",2766,0.999873,0.999873,0.999873,135.425202,135.425202,-1.000000,4.896067e-02,135.442422,3.060042e-09,0.361487,0.361487,4.425600e+10,44.26,9.600000e+07,135.44,in_range,,,,2404,2360,,80,80,78,,-1,-1,-1.000000,-1,t
cpu-gpu-v2,2026-07-19T06:58:59,"20260718_205238_session2",63,63,3,"AXPY","openmp_axpy",cpu_native,"AMD Ryzen Threadripper 3970X 32-Core Processor",16,8000000,"elements=8000000",2766,0.999969,0.999969,0.999969,135.325765,135.325765,-1.000000,4.892472e-02,135.329913,3.057795e-09,0.361522,0.361522,4.425600e+10,44.26,9.600000e+07,135.33,in_range,,,,2403,2365,,78,78,77,,-1,-1,-1.000000,-1,t
cpu-gpu-v2,2026-07-19T06:59:00,"20260718_205238_session2",64,64,4,"AXPY","openmp_axpy",cpu_native,"AMD Ryzen Threadripper 3970X 32-Core Processor",16,8000000,"elements=8000000",2766,1.000429,1.000429,1.000429,135.617315,135.617315,-1.000000,4.903012e-02,135.559111,3.064383e-09,0.361688,0.361688,4.425600e+10,44.24,9.600000e+07,135.56,in_range,,,,2440,2366,,77,77,75,,-1,-1,-1.000000,-1,t
cpu-gpu-v2,2026-07-19T06:59:01,"20260718_205238_session2",65,65,5,"AXPY","openmp_axpy",cpu_native,"AMD Ryzen Threadripper 3970X 32-Core Processor",16,8000000,"elements=8000000",2766,1.001402,1.001402,1.001402,135.871986,135.871986,-1.000000,4.912219e-02,135.681767,3.070137e-09,0.362040,0.362040,4.425600e+10,44.19,9.600000e+07,135.68,in_range,,,,2408,2366,,75,75,73,,-1,-1,-1.000000,-1,t
cpu-gpu-v2,2026-07-19T06:59:02,"20260718_205238_session2",66,66,6,"AXPY","openmp_axpy",cpu_native,"AMD Ryzen Threadripper 3970X 32-Core Processor",16,8000000,"elements=8000000",2766,1.001520,1.001520,1.001520,135.695329,135.695329,-1.000000,4.905833e-02,135.489333,3.066145e-09,0.362083,0.362083,4.425600e+10,44.19,9.600000e+07,135.49,in_range,,,,2403,2370,,73,73,72,,-1,-1,-1.000000,-1,t
cpu-gpu-v2,2026-07-19T06:59:03,"20260718_205238_session2",67,67,7,"AXPY","openmp_axpy",cpu_native,"AMD Ryzen Threadripper 3970X 32-Core Processor",16,8000000,"elements=8000000",2766,0.998752,0.998752,0.998752,135.402192,135.402192,-1.000000,4.895235e-02,135.571328,3.059522e-09,0.361082,0.361082,4.425600e+10,44.31,9.600000e+07,135.57,in_range,,,,2407,2370,,72,72,70,,-1,-1,-1.000000,-1,t
cpu-gpu-v2,2026-07-19T06:59:04,"20260718_205238_session2",68,68,8,"AXPY","openmp_axpy",cpu_native,"AMD Ryzen Threadripper 3970X 32-Core Processor",16,8000000,"elements=8000000",2766,0.998834,0.998834,0.998834,135.421540,135.421540,-1.000000,4.895934e-02,135.579583,3.059959e-09,0.361111,0.361111,4.425600e+10,44.31,9.600000e+07,135.58,in_range,,,,2408,2361,,70,70,69,,-1,-1,-1.000000,-1,t
cpu-gpu-v2,2026-07-19T06:59:05,"20260718_205238_session2",69,69,9,"AXPY","openmp_axpy",cpu_native,"AMD Ryzen Threadripper 3970X 32-Core Processor",16,8000000,"elements=8000000",2766,0.998723,0.998723,0.998723,135.468977,135.468977,-1.000000,4.897649e-02,135.642149,3.061031e-09,0.361071,0.361071,4.425600e+10,44.31,9.600000e+07,135.64,in_range,,,,2445,2369,,69,69,67,,-1,-1,-1.000000,-1,t
cpu-gpu-v2,2026-07-19T06:59:06,"20260718_205238_session2",70,70,10,"AXPY","openmp_axpy",cpu_native,"AMD Ryzen Threadripper 3970X 32-Core Processor",16,8000000,"elements=8000000",2766,0.998489,0.998489,0.998489,135.301582,135.301582,-1.000000,4.891597e-02,135.506305,3.057248e-09,0.360987,0.360987,4.425600e+10,44.32,9.600000e+07,135.51,in_range,,,,2407,2365,,67,67,66,,-1,-1,-1.000000,-1,t
cpu-gpu-v2,2026-07-19T06:59:09,"20260718_205238_session2",71,71,1,"AXPY","openmp_axpy",cpu_native,"AMD Ryzen Threadripper 3970X 32-Core Processor",20,8000000,"elements=8000000",13658,1.003143,1.003143,1.003143,253.778029,253.778029,-1.000000,1.858091e-02,252.982969,1.161307e-09,0.073447,0.073447,2.185280e+11,217.84,9.600000e+07,252.98,in_range,,,,2612,2493,,74,74,69,,-1,-1,-1.000000,-1,t
cpu-gpu-v2,2026-07-19T06:59:10,"20260718_205238_session2",72,72,2,"AXPY","openmp_axpy",cpu_native,"AMD Ryzen Threadripper 3970X 32-Core Processor",20,8000000,"elements=8000000",13658,1.005673,1.005673,1.005673,253.664204,253.664204,-1.000000,1.857257e-02,252.233314,1.160786e-09,0.073633,0.073633,2.185280e+11,217.30,9.600000e+07,252.23,in_range,,,,2532,2525,,70,69,70,,-1,-1,-1.000000,-1,t
cpu-gpu-v2,2026-07-19T06:59:11,"20260718_205238_session2",73,73,3,"AXPY","openmp_axpy",cpu_native,"AMD Ryzen Threadripper 3970X 32-Core Processor",20,8000000,"elements=8000000",13658,1.008416,1.008416,1.008416,254.567554,254.567554,-1.000000,1.863871e-02,252.442935,1.164920e-09,0.073833,0.073833,2.185280e+11,216.70,9.600000e+07,252.44,in_range,,,,2558,2532,,73,73,71,,-1,-1,-1.000000,-1,t
cpu-gpu-v2,2026-07-19T06:59:12,"20260718_205238_session2",74,74,4,"AXPY","openmp_axpy",cpu_native,"AMD Ryzen Threadripper 3970X 32-Core Processor",20,8000000,"elements=8000000",13658,1.005631,1.005631,1.005631,254.465813,254.465813,-1.000000,1.863126e-02,253.040868,1.164454e-09,0.073629,0.073629,2.185280e+11,217.30,9.600000e+07,253.04,in_range,,,,2565,2494,,72,71,72,,-1,-1,-1.000000,-1,t
cpu-gpu-v2,2026-07-19T06:59:13,"20260718_205238_session2",75,75,5,"AXPY","openmp_axpy",cpu_native,"AMD Ryzen Threadripper 3970X 32-Core Processor",20,8000000,"elements=8000000",13658,1.010537,1.010537,1.010537,255.328134,255.328134,-1.000000,1.869440e-02,252.665847,1.168400e-09,0.073989,0.073989,2.185280e+11,216.25,9.600000e+07,252.67,in_range,,,,2530,2532,,72,72,72,,-1,-1,-1.000000,-1,t
cpu-gpu-v2,2026-07-19T06:59:14,"20260718_205238_session2",76,76,6,"AXPY","openmp_axpy",cpu_native,"AMD Ryzen Threadripper 3970X 32-Core Processor",20,8000000,"elements=8000000",13658,1.006209,1.006209,1.006209,254.342697,254.342697,-1.000000,1.862225e-02,252.773116,1.163891e-09,0.073672,0.073672,2.185280e+11,217.18,9.600000e+07,252.77,in_range,,,,2559,2493,,73,73,72,,-1,-1,-1.000000,-1,t
cpu-gpu-v2,2026-07-19T06:59:15,"20260718_205238_session2",77,77,7,"AXPY","openmp_axpy",cpu_native,"AMD Ryzen Threadripper 3970X 32-Core Processor",20,8000000,"elements=8000000",13658,1.007645,1.007645,1.007645,254.172036,254.172036,-1.000000,1.860976e-02,252.243513,1.163110e-09,0.073777,0.073777,2.185280e+11,216.87,9.600000e+07,252.24,in_range,,,,2522,2525,,73,73,72,,-1,-1,-1.000000,-1,t
cpu-gpu-v2,2026-07-19T06:59:16,"20260718_205238_session2",78,78,8,"AXPY","openmp_axpy",cpu_native,"AMD Ryzen Threadripper 3970X 32-Core Processor",20,8000000,"elements=8000000",13658,1.005573,1.005573,1.005573,254.024827,254.024827,-1.000000,1.859898e-02,252.617079,1.162436e-09,0.073625,0.073625,2.185280e+11,217.32,9.600000e+07,252.62,in_range,,,,2559,2523,,73,72,73,,-1,-1,-1.000000,-1,t
cpu-gpu-v2,2026-07-19T06:59:17,"20260718_205238_session2",79,79,9,"AXPY","openmp_axpy",cpu_native,"AMD Ryzen Threadripper 3970X 32-Core Processor",20,8000000,"elements=8000000",13658,1.005295,1.005295,1.005295,254.187569,254.187569,-1.000000,1.861089e-02,252.848722,1.163181e-09,0.073605,0.073605,2.185280e+11,217.38,9.600000e+07,252.85,in_range,,,,2561,2477,,73,73,73,,-1,-1,-1.000000,-1,t
cpu-gpu-v2,2026-07-19T06:59:18,"20260718_205238_session2",80,80,10,"AXPY","openmp_axpy",cpu_native,"AMD Ryzen Threadripper 3970X 32-Core Processor",20,8000000,"elements=8000000",13658,1.013100,1.013100,1.013100,255.131429,255.131429,-1.000000,1.868000e-02,251.832436,1.167500e-09,0.074176,0.074176,2.185280e+11,215.70,9.600000e+07,251.83,in_range,,,,2521,2515,,75,75,73,,-1,-1,-1.000000,-1,t
cpu-gpu-v2,2026-07-19T06:59:21,"20260718_205238_session2",81,81,1,"AXPY","openmp_axpy",cpu_native,"AMD Ryzen Threadripper 3970X 32-Core Processor",16,32000000,"elements=32000000",128,1.005411,1.005411,1.005411,115.955658,115.955658,-1.000000,9.059036e-01,115.331647,1.415474e-08,7.854770,7.854770,8.192000e+09,8.15,3.840000e+08,115.33,in_range,,,,2427,2365,,70,70,68,,-1,-1,-1.000000,-1,t
cpu-gpu-v2,2026-07-19T06:59:22,"20260718_205238_session2",82,82,2,"AXPY","openmp_axpy",cpu_native,"AMD Ryzen Threadripper 3970X 32-Core Processor",16,32000000,"elements=32000000",128,1.005542,1.005542,1.005542,115.431927,115.431927,-1.000000,9.018119e-01,114.795736,1.409081e-08,7.855796,7.855796,8.192000e+09,8.15,3.840000e+08,114.80,in_range,,,,2403,2367,,68,68,67,,-1,-1,-1.000000,-1,t
cpu-gpu-v2,2026-07-19T06:59:23,"20260718_205238_session2",83,83,3,"AXPY","openmp_axpy",cpu_native,"AMD Ryzen Threadripper 3970X 32-Core Processor",16,32000000,"elements=32000000",128,1.005755,1.005755,1.005755,115.184290,115.184290,-1.000000,8.998773e-01,114.525224,1.406058e-08,7.857459,7.857459,8.192000e+09,8.15,3.840000e+08,114.53,in_range,,,,2404,2367,,67,67,65,,-1,-1,-1.000000,-1,t
cpu-gpu-v2,2026-07-19T06:59:24,"20260718_205238_session2",84,84,4,"AXPY","openmp_axpy",cpu_native,"AMD Ryzen Threadripper 3970X 32-Core Processor",16,32000000,"elements=32000000",128,1.005462,1.005462,1.005462,115.334428,115.334428,-1.000000,9.010502e-01,114.707840,1.407891e-08,7.855176,7.855176,8.192000e+09,8.15,3.840000e+08,114.71,in_range,,,,2404,2410,,65,65,64,,-1,-1,-1.000000,-1,t
cpu-gpu-v2,2026-07-19T06:59:25,"20260718_205238_session2",85,85,5,"AXPY","openmp_axpy",cpu_native,"AMD Ryzen Threadripper 3970X 32-Core Processor",16,32000000,"elements=32000000",128,1.005388,1.005388,1.005388,115.394881,115.394881,-1.000000,9.015225e-01,114.776451,1.408629e-08,7.854595,7.854595,8.192000e+09,8.15,3.840000e+08,114.78,in_range,,,,2473,2372,,64,64,62,,-1,-1,-1.000000,-1,t
cpu-gpu-v2,2026-07-19T06:59:26,"20260718_205238_session2",86,86,6,"AXPY","openmp_axpy",cpu_native,"AMD Ryzen Threadripper 3970X 32-Core Processor",16,32000000,"elements=32000000",128,1.005259,1.005259,1.005259,115.145550,115.145550,-1.000000,8.995746e-01,114.543134,1.405585e-08,7.853588,7.853588,8.192000e+09,8.15,3.840000e+08,114.54,in_range,,,,2442,2371,,62,62,61,,-1,-1,-1.000000,-1,t
cpu-gpu-v2,2026-07-19T06:59:27,"20260718_205238_session2",87,87,7,"AXPY","openmp_axpy",cpu_native,"AMD Ryzen Threadripper 3970X 32-Core Processor",16,32000000,"elements=32000000",128,1.005381,1.005381,1.005381,115.259069,115.259069,-1.000000,9.004615e-01,114.642213,1.406971e-08,7.854537,7.854537,8.192000e+09,8.15,3.840000e+08,114.64,in_range,,,,2410,2372,,60,60,59,,-1,-1,-1.000000,-1,t
cpu-gpu-v2,2026-07-19T06:59:28,"20260718_205238_session2",88,88,8,"AXPY","openmp_axpy",cpu_native,"AMD Ryzen Threadripper 3970X 32-Core Processor",16,32000000,"elements=32000000",128,1.005410,1.005410,1.005410,115.125287,115.125287,-1.000000,8.994163e-01,114.505834,1.405338e-08,7.854764,7.854764,8.192000e+09,8.15,3.840000e+08,114.51,in_range,,,,2449,2370,,59,59,57,,-1,-1,-1.000000,-1,t
cpu-gpu-v2,2026-07-19T06:59:29,"20260718_205238_session2",89,89,9,"AXPY","openmp_axpy",cpu_native,"AMD Ryzen Threadripper 3970X 32-Core Processor",16,32000000,"elements=32000000",128,1.005526,1.005526,1.005526,115.024478,115.024478,-1.000000,8.986287e-01,114.392355,1.404107e-08,7.855671,7.855671,8.192000e+09,8.15,3.840000e+08,114.39,in_range,,,,2398,2369,,60,60,56,,-1,-1,-1.000000,-1,t
cpu-gpu-v2,2026-07-19T06:59:30,"20260718_205238_session2",90,90,10,"AXPY","openmp_axpy",cpu_native,"AMD Ryzen Threadripper 3970X 32-Core Processor",16,32000000,"elements=32000000",128,1.005668,1.005668,1.005668,115.109846,115.109846,-1.000000,8.992957e-01,114.461095,1.405149e-08,7.856780,7.856780,8.192000e+09,8.15,3.840000e+08,114.46,in_range,,,,2470,2369,,56,56,54,,-1,-1,-1.000000,-1,t
cpu-gpu-v2,2026-07-19T06:59:32,"20260718_205238_session2",91,91,1,"AXPY","openmp_axpy",cpu_native,"AMD Ryzen Threadripper 3970X 32-Core Processor",4,128000000,"elements=128000000",23,1.000816,1.000816,1.000816,79.455684,79.455684,-1.000000,3.454595e+00,79.390897,1.349451e-08,43.513741,43.513741,5.888000e+09,5.88,1.536000e+09,79.39,in_range,,,,1909,1914,,67,67,63,,-1,-1,-1.000000,-1,t
cpu-gpu-v2,2026-07-19T06:59:34,"20260718_205238_session2",92,92,2,"AXPY","openmp_axpy",cpu_native,"AMD Ryzen Threadripper 3970X 32-Core Processor",4,128000000,"elements=128000000",23,1.000724,1.000724,1.000724,79.261251,79.261251,-1.000000,3.446141e+00,79.203905,1.346149e-08,43.509741,43.509741,5.888000e+09,5.88,1.536000e+09,79.20,in_range,,,,1910,1914,,67,67,62,,-1,-1,-1.000000,-1,t
cpu-gpu-v2,2026-07-19T06:59:35,"20260718_205238_session2",93,93,3,"AXPY","openmp_axpy",cpu_native,"AMD Ryzen Threadripper 3970X 32-Core Processor",4,128000000,"elements=128000000",23,1.000768,1.000768,1.000768,79.089248,79.089248,-1.000000,3.438663e+00,79.028592,1.343228e-08,43.511631,43.511631,5.888000e+09,5.88,1.536000e+09,79.03,in_range,,,,1912,1945,,69,69,60,,-1,-1,-1.000000,-1,t
cpu-gpu-v2,2026-07-19T06:59:36,"20260718_205238_session2",94,94,4,"AXPY","openmp_axpy",cpu_native,"AMD Ryzen Threadripper 3970X 32-Core Processor",4,128000000,"elements=128000000",23,1.000449,1.000449,1.000449,79.048219,79.048219,-1.000000,3.436879e+00,79.012718,1.342531e-08,43.497796,43.497796,5.888000e+09,5.89,1.536000e+09,79.01,in_range,,,,1940,1915,,67,67,59,,-1,-1,-1.000000,-1,t
cpu-gpu-v2,2026-07-19T06:59:37,"20260718_205238_session2",95,95,5,"AXPY","openmp_axpy",cpu_native,"AMD Ryzen Threadripper 3970X 32-Core Processor",4,128000000,"elements=128000000",23,0.999886,0.999886,0.999886,79.046602,79.046602,-1.000000,3.436809e+00,79.055577,1.342503e-08,43.473325,43.473325,5.888000e+09,5.89,1.536000e+09,79.06,in_range,,,,1949,1915,,70,70,68,,-1,-1,-1.000000,-1,t
cpu-gpu-v2,2026-07-19T06:59:38,"20260718_205238_session2",96,96,6,"AXPY","openmp_axpy",cpu_native,"AMD Ryzen Threadripper 3970X 32-Core Processor",4,128000000,"elements=128000000",23,0.999737,0.999737,0.999737,79.015369,79.015369,-1.000000,3.435451e+00,79.036170,1.341973e-08,43.466818,43.466818,5.888000e+09,5.89,1.536000e+09,79.04,in_range,,,,1909,1916,,68,68,66,,-1,-1,-1.000000,-1,t
cpu-gpu-v2,2026-07-19T06:59:39,"20260718_205238_session2",97,97,7,"AXPY","openmp_axpy",cpu_native,"AMD Ryzen Threadripper 3970X 32-Core Processor",4,128000000,"elements=128000000",23,0.999928,0.999928,0.999928,78.939170,78.939170,-1.000000,3.432138e+00,78.944850,1.340679e-08,43.475133,43.475133,5.888000e+09,5.89,1.536000e+09,78.94,in_range,,,,1910,1914,,66,66,65,,-1,-1,-1.000000,-1,t
cpu-gpu-v2,2026-07-19T06:59:40,"20260718_205238_session2",98,98,8,"AXPY","openmp_axpy",cpu_native,"AMD Ryzen Threadripper 3970X 32-Core Processor",4,128000000,"elements=128000000",23,1.000368,1.000368,1.000368,78.935859,78.935859,-1.000000,3.431994e+00,78.906824,1.340623e-08,43.494259,43.494259,5.888000e+09,5.89,1.536000e+09,78.91,in_range,,,,1911,1914,,66,66,63,,-1,-1,-1.000000,-1,t
cpu-gpu-v2,2026-07-19T06:59:41,"20260718_205238_session2",99,99,9,"AXPY","openmp_axpy",cpu_native,"AMD Ryzen Threadripper 3970X 32-Core Processor",4,128000000,"elements=128000000",23,1.000041,1.000041,1.000041,78.907998,78.907998,-1.000000,3.430783e+00,78.904772,1.340149e-08,43.480039,43.480039,5.888000e+09,5.89,1.536000e+09,78.90,in_range,,,,1909,1916,,67,67,62,,-1,-1,-1.000000,-1,t
cpu-gpu-v2,2026-07-19T06:59:42,"20260718_205238_session2",100,100,10,"AXPY","openmp_axpy",cpu_native,"AMD Ryzen Threadripper 3970X 32-Core Processor",4,128000000,"elements=128000000",23,0.999909,0.999909,0.999909,78.891534,78.891534,-1.000000,3.430067e+00,78.898751,1.339870e-08,43.474284,43.474284,5.888000e+09,5.89,1.536000e+09,78.90,in_range,,,,1912,1916,,65,65,60,,-1,-1,-1.000000,-1,t
cpu-gpu-v2,2026-07-19T06:59:44,"20260718_205238_session2",101,101,1,"AXPY","openmp_axpy",cpu_native,"AMD Ryzen Threadripper 3970X 32-Core Processor",1,4000000,"elements=4000000",618,1.006754,1.006754,1.006754,74.032991,74.032991,-1.000000,1.197945e-01,73.536346,1.497431e-08,1.629051,1.629051,4.944000e+09,4.91,4.800000e+07,73.54,in_range,,,,1874,1834,,58,58,57,,-1,-1,-1.000000,-1,t
cpu-gpu-v2,2026-07-19T06:59:45,"20260718_205238_session2",102,102,2,"AXPY","openmp_axpy",cpu_native,"AMD Ryzen Threadripper 3970X 32-Core Processor",1,4000000,"elements=4000000",618,0.999850,0.999850,0.999850,73.567484,73.567484,-1.000000,1.190412e-01,73.578512,1.488015e-08,1.617880,1.617880,4.944000e+09,4.94,4.800000e+07,73.58,in_range,,,,1914,1794,,57,57,55,,-1,-1,-1.000000,-1,t
cpu-gpu-v2,2026-07-19T06:59:46,"20260718_205238_session2",103,103,3,"AXPY","openmp_axpy",cpu_native,"AMD Ryzen Threadripper 3970X 32-Core Processor",1,4000000,"elements=4000000",618,1.008800,1.008800,1.008800,74.555211,74.555211,-1.000000,1.206395e-01,73.904820,1.507994e-08,1.632363,1.632363,4.944000e+09,4.90,4.800000e+07,73.90,in_range,,,,1906,1835,,56,56,54,,-1,-1,-1.000000,-1,t
cpu-gpu-v2,2026-07-19T06:59:47,"20260718_205238_session2",104,104,4,"AXPY","openmp_axpy",cpu_native,"AMD Ryzen Threadripper 3970X 32-Core Processor",1,4000000,"elements=4000000",618,1.000642,1.000642,1.000642,73.634558,73.634558,-1.000000,1.191498e-01,73.587316,1.489372e-08,1.619162,1.619162,4.944000e+09,4.94,4.800000e+07,73.59,in_range,,,,1875,1794,,58,58,52,,-1,-1,-1.000000,-1,t
cpu-gpu-v2,2026-07-19T06:59:48,"20260718_205238_session2",105,105,5,"AXPY","openmp_axpy",cpu_native,"AMD Ryzen Threadripper 3970X 32-Core Processor",1,4000000,"elements=4000000",618,1.009089,1.009089,1.009089,74.182626,74.182626,-1.000000,1.200366e-01,73.514467,1.500458e-08,1.632830,1.632830,4.944000e+09,4.90,4.800000e+07,73.51,in_range,,,,1873,1873,,57,57,52,,-1,-1,-1.000000,-1,t
cpu-gpu-v2,2026-07-19T06:59:49,"20260718_205238_session2",106,106,6,"AXPY","openmp_axpy",cpu_native,"AMD Ryzen Threadripper 3970X 32-Core Processor",1,4000000,"elements=4000000",618,1.001798,1.001798,1.001798,73.680028,73.680028,-1.000000,1.192233e-01,73.547800,1.490292e-08,1.621032,1.621032,4.944000e+09,4.94,4.800000e+07,73.55,in_range,,,,1912,1794,,59,59,52,,-1,-1,-1.000000,-1,t
cpu-gpu-v2,2026-07-19T06:59:50,"20260718_205238_session2",107,107,7,"AXPY","openmp_axpy",cpu_native,"AMD Ryzen Threadripper 3970X 32-Core Processor",1,4000000,"elements=4000000",618,1.011091,1.011091,1.011091,74.344941,74.344941,-1.000000,1.202993e-01,73.529411,1.503741e-08,1.636070,1.636070,4.944000e+09,4.89,4.800000e+07,73.53,in_range,,,,1875,1834,,56,56,52,,-1,-1,-1.000000,-1,t
cpu-gpu-v2,2026-07-19T06:59:51,"20260718_205238_session2",108,108,8,"AXPY","openmp_axpy",cpu_native,"AMD Ryzen Threadripper 3970X 32-Core Processor",1,4000000,"elements=4000000",618,1.002163,1.002163,1.002163,73.804610,73.804610,-1.000000,1.194249e-01,73.645349,1.492812e-08,1.621622,1.621622,4.944000e+09,4.93,4.800000e+07,73.65,in_range,,,,1903,1795,,58,58,52,,-1,-1,-1.000000,-1,t
cpu-gpu-v2,2026-07-19T06:59:52,"20260718_205238_session2",109,109,9,"AXPY","openmp_axpy",cpu_native,"AMD Ryzen Threadripper 3970X 32-Core Processor",1,4000000,"elements=4000000",618,1.011153,1.011153,1.011153,74.371703,74.371703,-1.000000,1.203426e-01,73.551351,1.504282e-08,1.636171,1.636171,4.944000e+09,4.89,4.800000e+07,73.55,in_range,,,,1875,1833,,56,56,51,,-1,-1,-1.000000,-1,t
cpu-gpu-v2,2026-07-19T06:59:53,"20260718_205238_session2",110,110,10,"AXPY","openmp_axpy",cpu_native,"AMD Ryzen Threadripper 3970X 32-Core Processor",1,4000000,"elements=4000000",618,1.002104,1.002104,1.002104,73.751511,73.751511,-1.000000,1.193390e-01,73.596684,1.491738e-08,1.621527,1.621527,4.944000e+09,4.93,4.800000e+07,73.60,in_range,,,,1873,1794,,59,59,52,,-1,-1,-1.000000,-1,t
cpu-gpu-v2,2026-07-19T06:59:56,"20260718_205238_session2",111,111,1,"AXPY","openmp_axpy",cpu_native,"AMD Ryzen Threadripper 3970X 32-Core Processor",8,2000000,"elements=2000000",38648,1.055026,1.055026,1.055026,187.585621,187.585621,-1.000000,4.853695e-03,177.801857,1.213424e-09,0.027298,0.027298,1.545920e+11,146.53,2.400000e+07,177.80,in_range,,,,2115,2078,,81,78,81,,-1,-1,-1.000000,-1,t
cpu-gpu-v2,2026-07-19T06:59:57,"20260718_205238_session2",112,112,2,"AXPY","openmp_axpy",cpu_native,"AMD Ryzen Threadripper 3970X 32-Core Processor",8,2000000,"elements=2000000",38648,1.061147,1.061147,1.061147,187.961517,187.961517,-1.000000,4.863422e-03,177.130547,1.215855e-09,0.027457,0.027457,1.545920e+11,145.68,2.400000e+07,177.13,in_range,,,,2081,2080,,82,80,82,,-1,-1,-1.000000,-1,t
cpu-gpu-v2,2026-07-19T06:59:58,"20260718_205238_session2",113,113,3,"AXPY","openmp_axpy",cpu_native,"AMD Ryzen Threadripper 3970X 32-Core Processor",8,2000000,"elements=2000000",38648,1.029266,1.029266,1.029266,185.035536,185.035536,-1.000000,4.787713e-03,179.774232,1.196928e-09,0.026632,0.026632,1.545920e+11,150.20,2.400000e+07,179.77,in_range,,,,2115,2080,,83,82,83,,-1,-1,-1.000000,-1,t
cpu-gpu-v2,2026-07-19T06:59:59,"20260718_205238_session2",114,114,4,"AXPY","openmp_axpy",cpu_native,"AMD Ryzen Threadripper 3970X 32-Core Processor",8,2000000,"elements=2000000",38648,1.024272,1.024272,1.024272,184.209117,184.209117,-1.000000,4.766330e-03,179.843899,1.191582e-09,0.026503,0.026503,1.545920e+11,150.93,2.400000e+07,179.84,in_range,,,,2123,2046,,85,83,85,,-1,-1,-1.000000,-1,t
cpu-gpu-v2,2026-07-19T07:00:00,"20260718_205238_session2",115,115,5,"AXPY","openmp_axpy",cpu_native,"AMD Ryzen Threadripper 3970X 32-Core Processor",8,2000000,"elements=2000000",38648,1.029625,1.029625,1.029625,184.880148,184.880148,-1.000000,4.783693e-03,179.560709,1.195923e-09,0.026641,0.026641,1.545920e+11,150.14,2.400000e+07,179.56,in_range,,,,2086,2082,,85,85,85,,-1,-1,-1.000000,-1,t
cpu-gpu-v2,2026-07-19T07:00:01,"20260718_205238_session2",116,116,6,"AXPY","openmp_axpy",cpu_native,"AMD Ryzen Threadripper 3970X 32-Core Processor",8,2000000,"elements=2000000",38648,1.050122,1.050122,1.050122,186.672368,186.672368,-1.000000,4.830065e-03,177.762516,1.207516e-09,0.027171,0.027171,1.545920e+11,147.21,2.400000e+07,177.76,in_range,,,,2087,2082,,85,85,85,,-1,-1,-1.000000,-1,t
cpu-gpu-v2,2026-07-19T07:00:02,"20260718_205238_session2",117,117,7,"AXPY","openmp_axpy",cpu_native,"AMD Ryzen Threadripper 3970X 32-Core Processor",8,2000000,"elements=2000000",38648,1.034664,1.034664,1.034664,185.396296,185.396296,-1.000000,4.797048e-03,179.184994,1.199262e-09,0.026771,0.026771,1.545920e+11,149.41,2.400000e+07,179.18,in_range,,,,2118,2116,,86,84,86,,-1,-1,-1.000000,-1,t
cpu-gpu-v2,2026-07-19T07:00:03,"20260718_205238_session2",118,118,8,"AXPY","openmp_axpy",cpu_native,"AMD Ryzen Threadripper 3970X 32-Core Processor",8,2000000,"elements=2000000",38648,1.047105,1.047105,1.047105,186.549312,186.549312,-1.000000,4.826881e-03,178.157277,1.206720e-09,0.027093,0.027093,1.545920e+11,147.64,2.400000e+07,178.16,in_range,,,,2123,2113,,86,86,86,,-1,-1,-1.000000,-1,t
cpu-gpu-v2,2026-07-19T07:00:04,"20260718_205238_session2",119,119,9,"AXPY","openmp_axpy",cpu_native,"AMD Ryzen Threadripper 3970X 32-Core Processor",8,2000000,"elements=2000000",38648,1.046949,1.046949,1.046949,186.639030,186.639030,-1.000000,4.829203e-03,178.269450,1.207301e-09,0.027089,0.027089,1.545920e+11,147.66,2.400000e+07,178.27,in_range,,,,2121,2146,,87,85,87,,-1,-1,-1.000000,-1,t
cpu-gpu-v2,2026-07-19T07:00:05,"20260718_205238_session2",120,120,10,"AXPY","openmp_axpy",cpu_native,"AMD Ryzen Threadripper 3970X 32-Core Processor",8,2000000,"elements=2000000",38648,1.056798,1.056798,1.056798,187.263936,187.263936,-1.000000,4.845372e-03,177.199401,1.211343e-09,0.027344,0.027344,1.545920e+11,146.28,2.400000e+07,177.20,in_range,,,,2154,2141,,87,87,87,,-1,-1,-1.000000,-1,t
cpu-gpu-v2,2026-07-19T07:00:09,"20260718_205238_session2",121,121,1,"AXPY","openmp_axpy",cpu_native,"AMD Ryzen Threadripper 3970X 32-Core Processor",8,256000000,"elements=256000000",12,1.062218,1.062218,1.062218,93.729223,93.729223,-1.000000,7.810769e+00,88.239187,1.525541e-08,88.518138,88.518138,6.144000e+09,5.78,3.072000e+09,88.24,in_range,,,,2093,2072,,82,82,81,,-1,-1,-1.000000,-1,t
cpu-gpu-v2,2026-07-19T07:00:10,"20260718_205238_session2",122,122,2,"AXPY","openmp_axpy",cpu_native,"AMD Ryzen Threadripper 3970X 32-Core Processor",8,256000000,"elements=256000000",12,1.062219,1.062219,1.062219,93.433019,93.433019,-1.000000,7.786085e+00,87.960255,1.520720e-08,88.518217,88.518217,6.144000e+09,5.78,3.072000e+09,87.96,in_range,,,,2066,2075,,81,81,79,,-1,-1,-1.000000,-1,t
cpu-gpu-v2,2026-07-19T07:00:11,"20260718_205238_session2",123,123,3,"AXPY","openmp_axpy",cpu_native,"AMD Ryzen Threadripper 3970X 32-Core Processor",8,256000000,"elements=256000000",12,1.062843,1.062843,1.062843,93.422232,93.422232,-1.000000,7.785186e+00,87.898459,1.520544e-08,88.570221,88.570221,6.144000e+09,5.78,3.072000e+09,87.90,in_range,,,,2068,2071,,79,79,77,,-1,-1,-1.000000,-1,t
cpu-gpu-v2,2026-07-19T07:00:12,"20260718_205238_session2",124,124,4,"AXPY","openmp_axpy",cpu_native,"AMD Ryzen Threadripper 3970X 32-Core Processor",8,256000000,"elements=256000000",12,1.063513,1.063513,1.063513,93.744572,93.744572,-1.000000,7.812048e+00,88.146117,1.525791e-08,88.626112,88.626112,6.144000e+09,5.78,3.072000e+09,88.15,in_range,,,,2065,2071,,77,77,75,,-1,-1,-1.000000,-1,t
cpu-gpu-v2,2026-07-19T07:00:13,"20260718_205238_session2",125,125,5,"AXPY","openmp_axpy",cpu_native,"AMD Ryzen Threadripper 3970X 32-Core Processor",8,256000000,"elements=256000000",12,1.062561,1.062561,1.062561,93.287885,93.287885,-1.000000,7.773990e+00,87.795361,1.518358e-08,88.546711,88.546711,6.144000e+09,5.78,3.072000e+09,87.80,in_range,,,,2069,2075,,75,75,74,,-1,-1,-1.000000,-1,t
cpu-gpu-v2,2026-07-19T07:00:14,"20260718_205238_session2",126,126,6,"AXPY","openmp_axpy",cpu_native,"AMD Ryzen Threadripper 3970X 32-Core Processor",8,256000000,"elements=256000000",12,1.061971,1.061971,1.061971,93.207048,93.207048,-1.000000,7.767254e+00,87.767981,1.517042e-08,88.497581,88.497581,6.144000e+09,5.79,3.072000e+09,87.77,in_range,,,,2066,2075,,74,74,72,,-1,-1,-1.000000,-1,t
cpu-gpu-v2,2026-07-19T07:00:15,"20260718_205238_session2",127,127,7,"AXPY","openmp_axpy",cpu_native,"AMD Ryzen Threadripper 3970X 32-Core Processor",8,256000000,"elements=256000000",12,1.061339,1.061339,1.061339,92.951721,92.951721,-1.000000,7.745977e+00,87.579708,1.512886e-08,88.444880,88.444880,6.144000e+09,5.79,3.072000e+09,87.58,in_range,,,,2068,2065,,72,72,70,,-1,-1,-1.000000,-1,t
cpu-gpu-v2,2026-07-19T07:00:16,"20260718_205238_session2",128,128,8,"AXPY","openmp_axpy",cpu_native,"AMD Ryzen Threadripper 3970X 32-Core Processor",8,256000000,"elements=256000000",12,1.061520,1.061520,1.061520,93.123862,93.123862,-1.000000,7.760322e+00,87.726921,1.515688e-08,88.459982,88.459982,6.144000e+09,5.79,3.072000e+09,87.73,in_range,,,,2063,2107,,70,70,68,,-1,-1,-1.000000,-1,t
cpu-gpu-v2,2026-07-19T07:00:18,"20260718_205238_session2",129,129,9,"AXPY","openmp_axpy",cpu_native,"AMD Ryzen Threadripper 3970X 32-Core Processor",8,256000000,"elements=256000000",12,1.061708,1.061708,1.061708,93.083931,93.083931,-1.000000,7.756994e+00,87.673756,1.515038e-08,88.475669,88.475669,6.144000e+09,5.79,3.072000e+09,87.67,in_range,,,,2067,2075,,68,68,67,,-1,-1,-1.000000,-1,t
cpu-gpu-v2,2026-07-19T07:00:19,"20260718_205238_session2",130,130,10,"AXPY","openmp_axpy",cpu_native,"AMD Ryzen Threadripper 3970X 32-Core Processor",8,256000000,"elements=256000000",12,1.061617,1.061617,1.061617,93.068872,93.068872,-1.000000,7.755739e+00,87.667111,1.514793e-08,88.468061,88.468061,6.144000e+09,5.79,3.072000e+09,87.67,in_range,,,,2108,2075,,67,67,65,,-1,-1,-1.000000,-1,t
cpu-gpu-v2,2026-07-19T07:00:23,"20260718_205238_session2",131,131,1,"AXPY","openmp_axpy",cpu_native,"AMD Ryzen Threadripper 3970X 32-Core Processor",1,128000000,"elements=128000000",19,1.015532,1.015532,1.015532,74.609072,74.609072,-1.000000,3.926793e+00,73.467989,1.533904e-08,53.449037,53.449037,4.864000e+09,4.79,1.536000e+09,73.47,in_range,,,,1824,1795,,64,64,60,,-1,-1,-1.000000,-1,t
cpu-gpu-v2,2026-07-19T07:00:24,"20260718_205238_session2",132,132,2,"AXPY","openmp_axpy",cpu_native,"AMD Ryzen Threadripper 3970X 32-Core Processor",1,128000000,"elements=128000000",19,1.012281,1.012281,1.012281,74.337114,74.337114,-1.000000,3.912480e+00,73.435262,1.528312e-08,53.277943,53.277943,4.864000e+09,4.80,1.536000e+09,73.44,in_range,,,,1793,1834,,64,64,59,,-1,-1,-1.000000,-1,t
cpu-gpu-v2,2026-07-19T07:00:25,"20260718_205238_session2",133,133,3,"AXPY","openmp_axpy",cpu_native,"AMD Ryzen Threadripper 3970X 32-Core Processor",1,128000000,"elements=128000000",19,1.011481,1.011481,1.011481,74.279820,74.279820,-1.000000,3.909464e+00,73.436701,1.527134e-08,53.235836,53.235836,4.864000e+09,4.81,1.536000e+09,73.44,in_range,,,,1794,1795,,64,64,57,,-1,-1,-1.000000,-1,t
cpu-gpu-v2,2026-07-19T07:00:26,"20260718_205238_session2",134,134,4,"AXPY","openmp_axpy",cpu_native,"AMD Ryzen Threadripper 3970X 32-Core Processor",1,128000000,"elements=128000000",19,1.012441,1.012441,1.012441,74.419247,74.419247,-1.000000,3.916802e+00,73.504790,1.530001e-08,53.286357,53.286357,4.864000e+09,4.80,1.536000e+09,73.50,in_range,,,,1824,1825,,64,64,56,,-1,-1,-1.000000,-1,t
cpu-gpu-v2,2026-07-19T07:00:27,"20260718_205238_session2",135,135,5,"AXPY","openmp_axpy",cpu_native,"AMD Ryzen Threadripper 3970X 32-Core Processor",1,128000000,"elements=128000000",19,1.010895,1.010895,1.010895,74.288791,74.288791,-1.000000,3.909936e+00,73.488105,1.527319e-08,53.205024,53.205024,4.864000e+09,4.81,1.536000e+09,73.49,in_range,,,,1794,1795,,65,65,63,,-1,-1,-1.000000,-1,t
cpu-gpu-v2,2026-07-19T07:00:28,"20260718_205238_session2",136,136,6,"AXPY","openmp_axpy",cpu_native,"AMD Ryzen Threadripper 3970X 32-Core Processor",1,128000000,"elements=128000000",19,1.015087,1.015087,1.015087,74.543814,74.543814,-1.000000,3.923359e+00,73.435865,1.532562e-08,53.425647,53.425647,4.864000e+09,4.79,1.536000e+09,73.44,in_range,,,,1793,1795,,64,64,62,,-1,-1,-1.000000,-1,t
cpu-gpu-v2,2026-07-19T07:00:29,"20260718_205238_session2",137,137,7,"AXPY","openmp_axpy",cpu_native,"AMD Ryzen Threadripper 3970X 32-Core Processor",1,128000000,"elements=128000000",19,1.022196,1.022196,1.022196,75.024684,75.024684,-1.000000,3.948668e+00,73.395584,1.542448e-08,53.799798,53.799798,4.864000e+09,4.76,1.536000e+09,73.40,in_range,,,,1793,1835,,63,63,60,,-1,-1,-1.000000,-1,t
cpu-gpu-v2,2026-07-19T07:00:30,"20260718_205238_session2",138,138,8,"AXPY","openmp_axpy",cpu_native,"AMD Ryzen Threadripper 3970X 32-Core Processor",1,128000000,"elements=128000000",19,1.011731,1.011731,1.011731,74.260183,74.260183,-1.000000,3.908431e+00,73.399128,1.526731e-08,53.249007,53.249007,4.864000e+09,4.81,1.536000e+09,73.40,in_range,,,,1793,1795,,64,64,59,,-1,-1,-1.000000,-1,t
cpu-gpu-v2,2026-07-19T07:00:32,"20260718_205238_session2",139,139,9,"AXPY","openmp_axpy",cpu_native,"AMD Ryzen Threadripper 3970X 32-Core Processor",1,128000000,"elements=128000000",19,1.011779,1.011779,1.011779,74.217750,74.217750,-1.000000,3.906197e+00,73.353739,1.525858e-08,53.251510,53.251510,4.864000e+09,4.81,1.536000e+09,73.35,in_range,,,,1793,1795,,64,64,58,,-1,-1,-1.000000,-1,t
cpu-gpu-v2,2026-07-19T07:00:33,"20260718_205238_session2",140,140,10,"AXPY","openmp_axpy",cpu_native,"AMD Ryzen Threadripper 3970X 32-Core Processor",1,128000000,"elements=128000000",19,1.011122,1.011122,1.011122,74.238333,74.238333,-1.000000,3.907281e+00,73.421748,1.526282e-08,53.216939,53.216939,4.864000e+09,4.81,1.536000e+09,73.42,in_range,,,,1793,1794,,66,66,56,,-1,-1,-1.000000,-1,t
cpu-gpu-v2,2026-07-19T07:00:36,"20260718_205238_session2",141,141,1,"AXPY","openmp_axpy",cpu_native,"AMD Ryzen Threadripper 3970X 32-Core Processor",16,256000000,"elements=256000000",16,1.001874,1.001874,1.001874,113.884064,113.884064,-1.000000,7.117754e+00,113.671025,1.390186e-08,62.617136,62.617136,8.192000e+09,8.18,3.072000e+09,113.67,in_range,,,,2371,2377,,54,54,52,,-1,-1,-1.000000,-1,t
cpu-gpu-v2,2026-07-19T07:00:37,"20260718_205238_session2",142,142,2,"AXPY","openmp_axpy",cpu_native,"AMD Ryzen Threadripper 3970X 32-Core Processor",16,256000000,"elements=256000000",16,1.001752,1.001752,1.001752,114.076803,114.076803,-1.000000,7.129800e+00,113.877274,1.392539e-08,62.609509,62.609509,8.192000e+09,8.18,3.072000e+09,113.88,in_range,,,,2372,2377,,56,56,50,,-1,-1,-1.000000,-1,t
cpu-gpu-v2,2026-07-19T07:00:38,"20260718_205238_session2",143,143,3,"AXPY","openmp_axpy",cpu_native,"AMD Ryzen Threadripper 3970X 32-Core Processor",16,256000000,"elements=256000000",16,1.001722,1.001722,1.001722,114.099873,114.099873,-1.000000,7.131242e+00,113.903717,1.392821e-08,62.607633,62.607633,8.192000e+09,8.18,3.072000e+09,113.90,in_range,,,,2401,2373,,54,54,51,,-1,-1,-1.000000,-1,t
cpu-gpu-v2,2026-07-19T07:00:39,"20260718_205238_session2",144,144,4,"AXPY","openmp_axpy",cpu_native,"AMD Ryzen Threadripper 3970X 32-Core Processor",16,256000000,"elements=256000000",16,1.002179,1.002179,1.002179,114.086019,114.086019,-1.000000,7.130376e+00,113.837962,1.392652e-08,62.636190,62.636190,8.192000e+09,8.17,3.072000e+09,113.84,in_range,,,,2370,2471,,55,55,51,,-1,-1,-1.000000,-1,t
cpu-gpu-v2,2026-07-19T07:00:40,"20260718_205238_session2",145,145,5,"AXPY","openmp_axpy",cpu_native,"AMD Ryzen Threadripper 3970X 32-Core Processor",16,256000000,"elements=256000000",16,1.002286,1.002286,1.002286,114.151293,114.151293,-1.000000,7.134456e+00,113.890908,1.393448e-08,62.642892,62.642892,8.192000e+09,8.17,3.072000e+09,113.89,in_range,,,,2372,2369,,55,55,51,,-1,-1,-1.000000,-1,t
cpu-gpu-v2,2026-07-19T07:00:41,"20260718_205238_session2",146,146,6,"AXPY","openmp_axpy",cpu_native,"AMD Ryzen Threadripper 3970X 32-Core Processor",16,256000000,"elements=256000000",16,1.002047,1.002047,1.002047,114.204772,114.204772,-1.000000,7.137798e+00,113.971454,1.394101e-08,62.627948,62.627948,8.192000e+09,8.18,3.072000e+09,113.97,in_range,,,,2395,2402,,56,56,51,,-1,-1,-1.000000,-1,t
cpu-gpu-v2,2026-07-19T07:00:42,"20260718_205238_session2",147,147,7,"AXPY","openmp_axpy",cpu_native,"AMD Ryzen Threadripper 3970X 32-Core Processor",16,256000000,"elements=256000000",16,1.002239,1.002239,1.002239,114.208739,114.208739,-1.000000,7.138046e+00,113.953570,1.394150e-08,62.639952,62.639952,8.192000e+09,8.17,3.072000e+09,113.95,in_range,,,,2364,2370,,56,56,51,,-1,-1,-1.000000,-1,t
cpu-gpu-v2,2026-07-19T07:00:43,"20260718_205238_session2",148,148,8,"AXPY","openmp_axpy",cpu_native,"AMD Ryzen Threadripper 3970X 32-Core Processor",16,256000000,"elements=256000000",16,1.002149,1.002149,1.002149,114.160204,114.160204,-1.000000,7.135013e+00,113.915419,1.393557e-08,62.634302,62.634302,8.192000e+09,8.17,3.072000e+09,113.92,in_range,,,,2363,2369,,56,56,51,,-1,-1,-1.000000,-1,t
cpu-gpu-v2,2026-07-19T07:00:44,"20260718_205238_session2",149,149,9,"AXPY","openmp_axpy",cpu_native,"AMD Ryzen Threadripper 3970X 32-Core Processor",16,256000000,"elements=256000000",16,1.002314,1.002314,1.002314,114.168503,114.168503,-1.000000,7.135531e+00,113.904970,1.393658e-08,62.644601,62.644601,8.192000e+09,8.17,3.072000e+09,113.90,in_range,,,,2363,2400,,56,56,51,,-1,-1,-1.000000,-1,t
cpu-gpu-v2,2026-07-19T07:00:45,"20260718_205238_session2",150,150,10,"AXPY","openmp_axpy",cpu_native,"AMD Ryzen Threadripper 3970X 32-Core Processor",16,256000000,"elements=256000000",16,1.002238,1.002238,1.002238,114.205993,114.205993,-1.000000,7.137875e+00,113.950990,1.394116e-08,62.639864,62.639864,8.192000e+09,8.17,3.072000e+09,113.95,in_range,,,,2364,2369,,56,56,51,,-1,-1,-1.000000,-1,t
cpu-gpu-v2,2026-07-19T07:00:48,"20260718_205238_session2",151,151,1,"AXPY","openmp_axpy",cpu_native,"AMD Ryzen Threadripper 3970X 32-Core Processor",1,32000000,"elements=32000000",75,1.004781,1.004781,1.004781,74.073196,74.073196,-1.000000,9.876426e-01,73.720714,1.543192e-08,13.397084,13.397084,4.800000e+09,4.78,3.840000e+08,73.72,in_range,,,,1793,1794,,65,65,62,,-1,-1,-1.000000,-1,t
cpu-gpu-v2,2026-07-19T07:00:49,"20260718_205238_session2",152,152,2,"AXPY","openmp_axpy",cpu_native,"AMD Ryzen Threadripper 3970X 32-Core Processor",1,32000000,"elements=32000000",75,1.006008,1.006008,1.006008,73.961278,73.961278,-1.000000,9.861504e-01,73.519563,1.540860e-08,13.413442,13.413442,4.800000e+09,4.77,3.840000e+08,73.52,in_range,,,,1793,1794,,65,65,60,,-1,-1,-1.000000,-1,t
cpu-gpu-v2,2026-07-19T07:00:50,"20260718_205238_session2",153,153,3,"AXPY","openmp_axpy",cpu_native,"AMD Ryzen Threadripper 3970X 32-Core Processor",1,32000000,"elements=32000000",75,1.006186,1.006186,1.006186,73.908654,73.908654,-1.000000,9.854487e-01,73.454231,1.539764e-08,13.415820,13.415820,4.800000e+09,4.77,3.840000e+08,73.45,in_range,,,,1823,1825,,64,64,59,,-1,-1,-1.000000,-1,t
cpu-gpu-v2,2026-07-19T07:00:51,"20260718_205238_session2",154,154,4,"AXPY","openmp_axpy",cpu_native,"AMD Ryzen Threadripper 3970X 32-Core Processor",1,32000000,"elements=32000000",75,1.006087,1.006087,1.006087,73.767654,73.767654,-1.000000,9.835687e-01,73.321335,1.536826e-08,13.414496,13.414496,4.800000e+09,4.77,3.840000e+08,73.32,in_range,,,,1823,1794,,64,64,57,,-1,-1,-1.000000,-1,t
cpu-gpu-v2,2026-07-19T07:00:52,"20260718_205238_session2",155,155,5,"AXPY","openmp_axpy",cpu_native,"AMD Ryzen Threadripper 3970X 32-Core Processor",1,32000000,"elements=32000000",75,1.005354,1.005354,1.005354,73.726199,73.726199,-1.000000,9.830160e-01,73.333600,1.535962e-08,13.404715,13.404715,4.800000e+09,4.77,3.840000e+08,73.33,in_range,,,,1863,1855,,63,63,56,,-1,-1,-1.000000,-1,t
cpu-gpu-v2,2026-07-19T07:00:53,"20260718_205238_session2",156,156,6,"AXPY","openmp_axpy",cpu_native,"AMD Ryzen Threadripper 3970X 32-Core Processor",1,32000000,"elements=32000000",75,1.004653,1.004653,1.004653,73.580713,73.580713,-1.000000,9.810762e-01,73.239900,1.532932e-08,13.395378,13.395378,4.800000e+09,4.78,3.840000e+08,73.24,in_range,,,,1793,1795,,64,64,54,,-1,-1,-1.000000,-1,t
cpu-gpu-v2,2026-07-19T07:00:54,"20260718_205238_session2",157,157,7,"AXPY","openmp_axpy",cpu_native,"AMD Ryzen Threadripper 3970X 32-Core Processor",1,32000000,"elements=32000000",75,1.004564,1.004564,1.004564,73.632072,73.632072,-1.000000,9.817610e-01,73.297577,1.534001e-08,13.394180,13.394180,4.800000e+09,4.78,3.840000e+08,73.30,in_range,,,,1793,1795,,63,63,62,,-1,-1,-1.000000,-1,t
cpu-gpu-v2,2026-07-19T07:00:55,"20260718_205238_session2",158,158,8,"AXPY","openmp_axpy",cpu_native,"AMD Ryzen Threadripper 3970X 32-Core Processor",1,32000000,"elements=32000000",75,1.005155,1.005155,1.005155,73.630683,73.630683,-1.000000,9.817424e-01,73.253079,1.533973e-08,13.402064,13.402064,4.800000e+09,4.78,3.840000e+08,73.25,in_range,,,,1794,1825,,63,63,60,,-1,-1,-1.000000,-1,t
cpu-gpu-v2,2026-07-19T07:00:56,"20260718_205238_session2",159,159,9,"AXPY","openmp_axpy",cpu_native,"AMD Ryzen Threadripper 3970X 32-Core Processor",1,32000000,"elements=32000000",75,1.004866,1.004866,1.004866,73.521527,73.521527,-1.000000,9.802870e-01,73.165511,1.531698e-08,13.398212,13.398212,4.800000e+09,4.78,3.840000e+08,73.17,in_range,,,,1794,1795,,63,63,59,,-1,-1,-1.000000,-1,t
cpu-gpu-v2,2026-07-19T07:00:57,"20260718_205238_session2",160,160,10,"AXPY","openmp_axpy",cpu_native,"AMD Ryzen Threadripper 3970X 32-Core Processor",1,32000000,"elements=32000000",75,1.009766,1.009766,1.009766,73.867808,73.867808,-1.000000,9.849041e-01,73.153398,1.538913e-08,13.463545,13.463545,4.800000e+09,4.75,3.840000e+08,73.15,in_range,,,,1794,1835,,64,64,57,,-1,-1,-1.000000,-1,t
cpu-gpu-v2,2026-07-19T07:01:00,"20260718_205238_session2",161,161,1,"AXPY","openmp_axpy",cpu_native,"AMD Ryzen Threadripper 3970X 32-Core Processor",20,256000000,"elements=256000000",17,1.036093,1.036093,1.036093,125.738248,125.738248,-1.000000,7.396368e+00,121.358109,1.444603e-08,60.946628,60.946628,8.704000e+09,8.40,3.072000e+09,121.36,in_range,,,,2585,2524,,54,54,53,,-1,-1,-1.000000,-1,t
cpu-gpu-v2,2026-07-19T07:01:01,"20260718_205238_session2",162,162,2,"AXPY","openmp_axpy",cpu_native,"AMD Ryzen Threadripper 3970X 32-Core Processor",20,256000000,"elements=256000000",17,1.036000,1.036000,1.036000,125.667314,125.667314,-1.000000,7.392195e+00,121.300476,1.443788e-08,60.941187,60.941187,8.704000e+09,8.40,3.072000e+09,121.30,in_range,,,,2554,2503,,54,54,51,,-1,-1,-1.000000,-1,t
cpu-gpu-v2,2026-07-19T07:01:02,"20260718_205238_session2",163,163,3,"AXPY","openmp_axpy",cpu_native,"AMD Ryzen Threadripper 3970X 32-Core Processor",20,256000000,"elements=256000000",17,1.035856,1.035856,1.035856,125.758237,125.758237,-1.000000,7.397543e+00,121.405185,1.444833e-08,60.932680,60.932680,8.704000e+09,8.40,3.072000e+09,121.41,in_range,,,,2546,2510,,56,56,50,,-1,-1,-1.000000,-1,t
cpu-gpu-v2,2026-07-19T07:01:03,"20260718_205238_session2",164,164,4,"AXPY","openmp_axpy",cpu_native,"AMD Ryzen Threadripper 3970X 32-Core Processor",20,256000000,"elements=256000000",17,1.036060,1.036060,1.036060,125.883215,125.883215,-1.000000,7.404895e+00,121.501814,1.446269e-08,60.944728,60.944728,8.704000e+09,8.40,3.072000e+09,121.50,in_range,,,,2578,2515,,54,54,50,,-1,-1,-1.000000,-1,t
cpu-gpu-v2,2026-07-19T07:01:05,"20260718_205238_session2",165,165,5,"AXPY","openmp_axpy",cpu_native,"AMD Ryzen Threadripper 3970X 32-Core Processor",20,256000000,"elements=256000000",17,1.035440,1.035440,1.035440,125.927600,125.927600,-1.000000,7.407506e+00,121.617445,1.446778e-08,60.908251,60.908251,8.704000e+09,8.41,3.072000e+09,121.62,in_range,,,,2619,2526,,54,54,51,,-1,-1,-1.000000,-1,t
cpu-gpu-v2,2026-07-19T07:01:06,"20260718_205238_session2",166,166,6,"AXPY","openmp_axpy",cpu_native,"AMD Ryzen Threadripper 3970X 32-Core Processor",20,256000000,"elements=256000000",17,1.035490,1.035490,1.035490,126.139198,126.139198,-1.000000,7.419953e+00,121.815979,1.449210e-08,60.911162,60.911162,8.704000e+09,8.41,3.072000e+09,121.82,in_range,,,,2510,2517,,55,55,51,,-1,-1,-1.000000,-1,t
cpu-gpu-v2,2026-07-19T07:01:07,"20260718_205238_session2",167,167,7,"AXPY","openmp_axpy",cpu_native,"AMD Ryzen Threadripper 3970X 32-Core Processor",20,256000000,"elements=256000000",17,1.035516,1.035516,1.035516,126.008377,126.008377,-1.000000,7.412257e+00,121.686502,1.447707e-08,60.912733,60.912733,8.704000e+09,8.41,3.072000e+09,121.69,in_range,,,,2553,2521,,55,55,51,,-1,-1,-1.000000,-1,t
cpu-gpu-v2,2026-07-19T07:01:08,"20260718_205238_session2",168,168,8,"AXPY","openmp_axpy",cpu_native,"AMD Ryzen Threadripper 3970X 32-Core Processor",20,256000000,"elements=256000000",17,1.035790,1.035790,1.035790,126.229068,126.229068,-1.000000,7.425239e+00,121.867445,1.450242e-08,60.928817,60.928817,8.704000e+09,8.40,3.072000e+09,121.87,in_range,,,,2582,2534,,55,55,51,,-1,-1,-1.000000,-1,t
cpu-gpu-v2,2026-07-19T07:01:09,"20260718_205238_session2",169,169,9,"AXPY","openmp_axpy",cpu_native,"AMD Ryzen Threadripper 3970X 32-Core Processor",20,256000000,"elements=256000000",17,1.035345,1.035345,1.035345,126.132775,126.132775,-1.000000,7.419575e+00,121.826848,1.449136e-08,60.902626,60.902626,8.704000e+09,8.41,3.072000e+09,121.83,in_range,,,,2555,2512,,55,55,51,,-1,-1,-1.000000,-1,t
cpu-gpu-v2,2026-07-19T07:01:10,"20260718_205238_session2",170,170,10,"AXPY","openmp_axpy",cpu_native,"AMD Ryzen Threadripper 3970X 32-Core Processor",20,256000000,"elements=256000000",17,1.035859,1.035859,1.035859,126.295135,126.295135,-1.000000,7.429126e+00,121.923076,1.451001e-08,60.932892,60.932892,8.704000e+09,8.40,3.072000e+09,121.92,in_range,,,,2548,2593,,57,57,51,,-1,-1,-1.000000,-1,t
cpu-gpu-v2,2026-07-19T07:01:13,"20260718_205238_session2",171,171,1,"AXPY","openmp_axpy",cpu_native,"AMD Ryzen Threadripper 3970X 32-Core Processor",1,1000000,"elements=1000000",11135,0.980867,0.980867,0.980867,76.272117,76.272117,-1.000000,6.849764e-03,77.759865,3.424882e-09,0.088089,0.088089,2.227000e+10,22.70,1.200000e+07,77.76,in_range,,,,1860,1793,,69,69,69,,-1,-1,-1.000000,-1,t
cpu-gpu-v2,2026-07-19T07:01:14,"20260718_205238_session2",172,172,2,"AXPY","openmp_axpy",cpu_native,"AMD Ryzen Threadripper 3970X 32-Core Processor",1,1000000,"elements=1000000",11135,0.978879,0.978879,0.978879,75.563216,75.563216,-1.000000,6.786099e-03,77.193604,3.393050e-09,0.087910,0.087910,2.227000e+10,22.75,1.200000e+07,77.19,in_range,,,,1821,1793,,70,70,69,,-1,-1,-1.000000,-1,t
cpu-gpu-v2,2026-07-19T07:01:15,"20260718_205238_session2",173,173,3,"AXPY","openmp_axpy",cpu_native,"AMD Ryzen Threadripper 3970X 32-Core Processor",1,1000000,"elements=1000000",11135,0.977187,0.977187,0.977187,74.847097,74.847097,-1.000000,6.721787e-03,76.594419,3.360893e-09,0.087758,0.087758,2.227000e+10,22.79,1.200000e+07,76.59,in_range,,,,1820,1793,,69,69,68,,-1,-1,-1.000000,-1,t
cpu-gpu-v2,2026-07-19T07:01:16,"20260718_205238_session2",174,174,4,"AXPY","openmp_axpy",cpu_native,"AMD Ryzen Threadripper 3970X 32-Core Processor",1,1000000,"elements=1000000",11135,0.976176,0.976176,0.976176,74.667694,74.667694,-1.000000,6.705675e-03,76.489973,3.352838e-09,0.087667,0.087667,2.227000e+10,22.81,1.200000e+07,76.49,in_range,,,,1852,1793,,68,68,68,,-1,-1,-1.000000,-1,t
cpu-gpu-v2,2026-07-19T07:01:17,"20260718_205238_session2",175,175,5,"AXPY","openmp_axpy",cpu_native,"AMD Ryzen Threadripper 3970X 32-Core Processor",1,1000000,"elements=1000000",11135,0.976919,0.976919,0.976919,74.591785,74.591785,-1.000000,6.698858e-03,76.354133,3.349429e-09,0.087734,0.087734,2.227000e+10,22.80,1.200000e+07,76.35,in_range,,,,1832,1793,,68,68,68,,-1,-1,-1.000000,-1,t
cpu-gpu-v2,2026-07-19T07:01:18,"20260718_205238_session2",176,176,6,"AXPY","openmp_axpy",cpu_native,"AMD Ryzen Threadripper 3970X 32-Core Processor",1,1000000,"elements=1000000",11135,0.974597,0.974597,0.974597,74.426098,74.426098,-1.000000,6.683978e-03,76.366048,3.341989e-09,0.087526,0.087526,2.227000e+10,22.85,1.200000e+07,76.37,in_range,,,,1827,1793,,68,68,68,,-1,-1,-1.000000,-1,t
cpu-gpu-v2,2026-07-19T07:01:19,"20260718_205238_session2",177,177,7,"AXPY","openmp_axpy",cpu_native,"AMD Ryzen Threadripper 3970X 32-Core Processor",1,1000000,"elements=1000000",11135,0.975525,0.975525,0.975525,74.395750,74.395750,-1.000000,6.681253e-03,76.262278,3.340626e-09,0.087609,0.087609,2.227000e+10,22.83,1.200000e+07,76.26,in_range,,,,1820,1793,,68,68,67,,-1,-1,-1.000000,-1,t
cpu-gpu-v2,2026-07-19T07:01:20,"20260718_205238_session2",178,178,8,"AXPY","openmp_axpy",cpu_native,"AMD Ryzen Threadripper 3970X 32-Core Processor",1,1000000,"elements=1000000",11135,0.975986,0.975986,0.975986,74.438595,74.438595,-1.000000,6.685101e-03,76.270181,3.342550e-09,0.087650,0.087650,2.227000e+10,22.82,1.200000e+07,76.27,in_range,,,,1825,1885,,67,67,67,,-1,-1,-1.000000,-1,t
cpu-gpu-v2,2026-07-19T07:01:21,"20260718_205238_session2",179,179,9,"AXPY","openmp_axpy",cpu_native,"AMD Ryzen Threadripper 3970X 32-Core Processor",1,1000000,"elements=1000000",11135,0.978218,0.978218,0.978218,74.518287,74.518287,-1.000000,6.692257e-03,76.177582,3.346129e-09,0.087851,0.087851,2.227000e+10,22.77,1.200000e+07,76.18,in_range,,,,1856,1794,,67,67,67,,-1,-1,-1.000000,-1,t
cpu-gpu-v2,2026-07-19T07:01:22,"20260718_205238_session2",180,180,10,"AXPY","openmp_axpy",cpu_native,"AMD Ryzen Threadripper 3970X 32-Core Processor",1,1000000,"elements=1000000",11135,0.978176,0.978176,0.978176,74.572865,74.572865,-1.000000,6.697159e-03,76.236686,3.348579e-09,0.087847,0.087847,2.227000e+10,22.77,1.200000e+07,76.24,in_range,,,,1826,1794,,67,67,67,,-1,-1,-1.000000,-1,t
cpu-gpu-v2,2026-07-19T07:01:24,"20260718_205238_session2",181,181,1,"AXPY","openmp_axpy",cpu_native,"AMD Ryzen Threadripper 3970X 32-Core Processor",20,64000000,"elements=64000000",66,1.008067,1.008067,1.008067,123.322129,123.322129,-1.000000,1.868517e+00,122.335232,1.459779e-08,15.273745,15.273745,8.448000e+09,8.38,7.680000e+08,122.34,in_range,,,,2599,2564,,65,65,63,,-1,-1,-1.000000,-1,t
cpu-gpu-v2,2026-07-19T07:01:25,"20260718_205238_session2",182,182,2,"AXPY","openmp_axpy",cpu_native,"AMD Ryzen Threadripper 3970X 32-Core Processor",20,64000000,"elements=64000000",66,1.007855,1.007855,1.007855,123.410640,123.410640,-1.000000,1.869858e+00,122.448748,1.460827e-08,15.270537,15.270537,8.448000e+09,8.38,7.680000e+08,122.45,in_range,,,,2631,2534,,63,63,62,,-1,-1,-1.000000,-1,t
cpu-gpu-v2,2026-07-19T07:01:26,"20260718_205238_session2",183,183,3,"AXPY","openmp_axpy",cpu_native,"AMD Ryzen Threadripper 3970X 32-Core Processor",20,64000000,"elements=64000000",66,1.007713,1.007713,1.007713,123.194846,123.194846,-1.000000,1.866589e+00,122.251918,1.458272e-08,15.268379,15.268379,8.448000e+09,8.38,7.680000e+08,122.25,in_range,,,,2562,2522,,62,62,60,,-1,-1,-1.000000,-1,t
cpu-gpu-v2,2026-07-19T07:01:27,"20260718_205238_session2",184,184,4,"AXPY","openmp_axpy",cpu_native,"AMD Ryzen Threadripper 3970X 32-Core Processor",20,64000000,"elements=64000000",66,1.007872,1.007872,1.007872,123.324936,123.324936,-1.000000,1.868560e+00,122.361765,1.459812e-08,15.270780,15.270780,8.448000e+09,8.38,7.680000e+08,122.36,in_range,,,,2563,2524,,60,60,59,,-1,-1,-1.000000,-1,t
cpu-gpu-v2,2026-07-19T07:01:28,"20260718_205238_session2",185,185,5,"AXPY","openmp_axpy",cpu_native,"AMD Ryzen Threadripper 3970X 32-Core Processor",20,64000000,"elements=64000000",66,1.008129,1.008129,1.008129,123.362349,123.362349,-1.000000,1.869126e+00,122.367680,1.460255e-08,15.274675,15.274675,8.448000e+09,8.38,7.680000e+08,122.37,in_range,,,,2563,2523,,59,59,57,,-1,-1,-1.000000,-1,t
cpu-gpu-v2,2026-07-19T07:01:29,"20260718_205238_session2",186,186,6,"AXPY","openmp_axpy",cpu_native,"AMD Ryzen Threadripper 3970X 32-Core Processor",20,64000000,"elements=64000000",66,1.007815,1.007815,1.007815,123.401363,123.401363,-1.000000,1.869718e+00,122.444470,1.460717e-08,15.269923,15.269923,8.448000e+09,8.38,7.680000e+08,122.44,in_range,,,,2565,2518,,57,57,55,,-1,-1,-1.000000,-1,t
cpu-gpu-v2,2026-07-19T07:01:30,"20260718_205238_session2",187,187,7,"AXPY","openmp_axpy",cpu_native,"AMD Ryzen Threadripper 3970X 32-Core Processor",20,64000000,"elements=64000000",66,1.007923,1.007923,1.007923,123.495445,123.495445,-1.000000,1.871143e+00,122.524722,1.461831e-08,15.271556,15.271556,8.448000e+09,8.38,7.680000e+08,122.52,in_range,,,,2596,2522,,55,55,54,,-1,-1,-1.000000,-1,t
cpu-gpu-v2,2026-07-19T07:01:31,"20260718_205238_session2",188,188,8,"AXPY","openmp_axpy",cpu_native,"AMD Ryzen Threadripper 3970X 32-Core Processor",20,64000000,"elements=64000000",66,1.008771,1.008771,1.008771,123.680799,123.680799,-1.000000,1.873951e+00,122.605378,1.464025e-08,15.284415,15.284415,8.448000e+09,8.37,7.680000e+08,122.61,in_range,,,,2591,2556,,54,54,52,,-1,-1,-1.000000,-1,t
cpu-gpu-v2,2026-07-19T07:01:32,"20260718_205238_session2",189,189,9,"AXPY","openmp_axpy",cpu_native,"AMD Ryzen Threadripper 3970X 32-Core Processor",20,64000000,"elements=64000000",66,1.008863,1.008863,1.008863,123.796058,123.796058,-1.000000,1.875698e+00,122.708538,1.465389e-08,15.285797,15.285797,8.448000e+09,8.37,7.680000e+08,122.71,in_range,,,,2621,2526,,55,55,51,,-1,-1,-1.000000,-1,t
cpu-gpu-v2,2026-07-19T07:01:33,"20260718_205238_session2",190,190,10,"AXPY","openmp_axpy",cpu_native,"AMD Ryzen Threadripper 3970X 32-Core Processor",20,64000000,"elements=64000000",66,1.008996,1.008996,1.008996,123.951232,123.951232,-1.000000,1.878049e+00,122.846147,1.467226e-08,15.287813,15.287813,8.448000e+09,8.37,7.680000e+08,122.85,in_range,,,,2635,2525,,53,53,50,,-1,-1,-1.000000,-1,t
cpu-gpu-v2,2026-07-19T07:01:36,"20260718_205238_session2",191,191,1,"AXPY","openmp_axpy",cpu_native,"AMD Ryzen Threadripper 3970X 32-Core Processor",10,128000000,"elements=128000000",26,1.014451,1.014451,1.014451,94.557610,94.557610,-1.000000,3.636831e+00,93.210584,1.420637e-08,39.017363,39.017363,6.656000e+09,6.56,1.536000e+09,93.21,in_range,,,,2174,2104,,60,60,56,,-1,-1,-1.000000,-1,t
cpu-gpu-v2,2026-07-19T07:01:37,"20260718_205238_session2",192,192,2,"AXPY","openmp_axpy",cpu_native,"AMD Ryzen Threadripper 3970X 32-Core Processor",10,128000000,"elements=128000000",26,1.014432,1.014432,1.014432,94.540445,94.540445,-1.000000,3.636171e+00,93.195467,1.420379e-08,39.016608,39.016608,6.656000e+09,6.56,1.536000e+09,93.20,in_range,,,,2178,2103,,63,63,55,,-1,-1,-1.000000,-1,t
cpu-gpu-v2,2026-07-19T07:01:38,"20260718_205238_session2",193,193,3,"AXPY","openmp_axpy",cpu_native,"AMD Ryzen Threadripper 3970X 32-Core Processor",10,128000000,"elements=128000000",26,1.014523,1.014523,1.014523,94.477505,94.477505,-1.000000,3.633750e+00,93.125019,1.419434e-08,39.020128,39.020128,6.656000e+09,6.56,1.536000e+09,93.13,in_range,,,,2175,2065,,60,60,53,,-1,-1,-1.000000,-1,t
cpu-gpu-v2,2026-07-19T07:01:39,"20260718_205238_session2",194,194,4,"AXPY","openmp_axpy",cpu_native,"AMD Ryzen Threadripper 3970X 32-Core Processor",10,128000000,"elements=128000000",26,1.014586,1.014586,1.014586,94.453962,94.453962,-1.000000,3.632845e+00,93.096078,1.419080e-08,39.022532,39.022532,6.656000e+09,6.56,1.536000e+09,93.10,in_range,,,,2214,2132,,64,64,62,,-1,-1,-1.000000,-1,t
cpu-gpu-v2,2026-07-19T07:01:40,"20260718_205238_session2",195,195,5,"AXPY","openmp_axpy",cpu_native,"AMD Ryzen Threadripper 3970X 32-Core Processor",10,128000000,"elements=128000000",26,1.014817,1.014817,1.014817,94.426513,94.426513,-1.000000,3.631789e+00,93.047850,1.418668e-08,39.031412,39.031412,6.656000e+09,6.56,1.536000e+09,93.05,in_range,,,,2243,2098,,64,64,61,,-1,-1,-1.000000,-1,t
cpu-gpu-v2,2026-07-19T07:01:41,"20260718_205238_session2",196,196,6,"AXPY","openmp_axpy",cpu_native,"AMD Ryzen Threadripper 3970X 32-Core Processor",10,128000000,"elements=128000000",26,1.014736,1.014736,1.014736,94.335286,94.335286,-1.000000,3.628280e+00,92.965331,1.417297e-08,39.028315,39.028315,6.656000e+09,6.56,1.536000e+09,92.97,in_range,,,,2204,2065,,64,64,59,,-1,-1,-1.000000,-1,t
cpu-gpu-v2,2026-07-19T07:01:42,"20260718_205238_session2",197,197,7,"AXPY","openmp_axpy",cpu_native,"AMD Ryzen Threadripper 3970X 32-Core Processor",10,128000000,"elements=128000000",26,1.014650,1.014650,1.014650,94.309759,94.309759,-1.000000,3.627298e+00,92.948102,1.416913e-08,39.024986,39.024986,6.656000e+09,6.56,1.536000e+09,92.95,in_range,,,,2177,2138,,59,59,58,,-1,-1,-1.000000,-1,t
cpu-gpu-v2,2026-07-19T07:01:43,"20260718_205238_session2",198,198,8,"AXPY","openmp_axpy",cpu_native,"AMD Ryzen Threadripper 3970X 32-Core Processor",10,128000000,"elements=128000000",26,1.014826,1.014826,1.014826,94.303641,94.303641,-1.000000,3.627063e+00,92.925910,1.416822e-08,39.031774,39.031774,6.656000e+09,6.56,1.536000e+09,92.93,in_range,,,,2178,2065,,58,58,56,,-1,-1,-1.000000,-1,t
cpu-gpu-v2,2026-07-19T07:01:44,"20260718_205238_session2",199,199,9,"AXPY","openmp_axpy",cpu_native,"AMD Ryzen Threadripper 3970X 32-Core Processor",10,128000000,"elements=128000000",26,1.014941,1.014941,1.014941,94.310659,94.310659,-1.000000,3.627333e+00,92.922278,1.416927e-08,39.036204,39.036204,6.656000e+09,6.56,1.536000e+09,92.92,in_range,,,,2177,2104,,58,58,55,,-1,-1,-1.000000,-1,t
cpu-gpu-v2,2026-07-19T07:01:45,"20260718_205238_session2",200,200,10,"AXPY","openmp_axpy",cpu_native,"AMD Ryzen Threadripper 3970X 32-Core Processor",10,128000000,"elements=128000000",26,1.015079,1.015079,1.015079,94.338139,94.338139,-1.000000,3.628390e+00,92.936771,1.417340e-08,39.041489,39.041489,6.656000e+09,6.56,1.536000e+09,92.94,in_range,,,,2208,2100,,58,58,53,,-1,-1,-1.000000,-1,t
cpu-gpu-v2,2026-07-19T07:01:48,"20260718_205238_session2",201,201,1,"AXPY","openmp_axpy",cpu_native,"AMD Ryzen Threadripper 3970X 32-Core Processor",64,8000000,"elements=8000000",33334,1.060428,1.060428,1.060428,301.713690,301.713690,-1.000000,9.051230e-03,284.520700,5.657019e-10,0.031812,0.031812,5.333440e+11,502.95,9.600000e+07,284.52,in_range,,,,4177,3683,,64,62,64,,-1,-1,-1.000000,-1,t
cpu-gpu-v2,2026-07-19T07:01:49,"20260718_205238_session2",202,202,2,"AXPY","openmp_axpy",cpu_native,"AMD Ryzen Threadripper 3970X 32-Core Processor",64,8000000,"elements=8000000",33334,1.058887,1.058887,1.058887,300.445918,300.445918,-1.000000,9.013197e-03,283.737380,5.633248e-10,0.031766,0.031766,5.333440e+11,503.68,9.600000e+07,283.74,in_range,,,,4150,3705,,65,64,65,,-1,-1,-1.000000,-1,t
cpu-gpu-v2,2026-07-19T07:01:50,"20260718_205238_session2",203,203,3,"AXPY","openmp_axpy",cpu_native,"AMD Ryzen Threadripper 3970X 32-Core Processor",64,8000000,"elements=8000000",33334,1.059709,1.059709,1.059709,300.395293,300.395293,-1.000000,9.011679e-03,283.469495,5.632299e-10,0.031791,0.031791,5.333440e+11,503.29,9.600000e+07,283.47,in_range,,,,4199,3684,,67,65,67,,-1,-1,-1.000000,-1,t
cpu-gpu-v2,2026-07-19T07:01:51,"20260718_205238_session2",204,204,4,"AXPY","openmp_axpy",cpu_native,"AMD Ryzen Threadripper 3970X 32-Core Processor",64,8000000,"elements=8000000",33334,1.060897,1.060897,1.060897,301.095986,301.095986,-1.000000,9.032699e-03,283.812691,5.645437e-10,0.031826,0.031826,5.333440e+11,502.73,9.600000e+07,283.81,in_range,,,,4243,3685,,70,70,68,,-1,-1,-1.000000,-1,t
cpu-gpu-v2,2026-07-19T07:01:52,"20260718_205238_session2",205,205,5,"AXPY","openmp_axpy",cpu_native,"AMD Ryzen Threadripper 3970X 32-Core Processor",64,8000000,"elements=8000000",33334,1.066106,1.066106,1.066106,302.798046,302.798046,-1.000000,9.083760e-03,284.022514,5.677350e-10,0.031983,0.031983,5.333440e+11,500.27,9.600000e+07,284.02,in_range,,,,3877,3635,,67,67,67,,-1,-1,-1.000000,-1,t
cpu-gpu-v2,2026-07-19T07:01:53,"20260718_205238_session2",206,206,6,"AXPY","openmp_axpy",cpu_native,"AMD Ryzen Threadripper 3970X 32-Core Processor",64,8000000,"elements=8000000",33334,1.068068,1.068068,1.068068,303.925155,303.925155,-1.000000,9.117572e-03,284.555977,5.698483e-10,0.032041,0.032041,5.333440e+11,499.35,9.600000e+07,284.56,in_range,,,,3994,3677,,69,69,69,,-1,-1,-1.000000,-1,t
cpu-gpu-v2,2026-07-19T07:01:54,"20260718_205238_session2",207,207,7,"AXPY","openmp_axpy",cpu_native,"AMD Ryzen Threadripper 3970X 32-Core Processor",64,8000000,"elements=8000000",33334,1.064103,1.064103,1.064103,301.508364,301.508364,-1.000000,9.045070e-03,283.344991,5.653169e-10,0.031922,0.031922,5.333440e+11,501.21,9.600000e+07,283.34,in_range,,,,3868,3686,,68,68,68,,-1,-1,-1.000000,-1,t
cpu-gpu-v2,2026-07-19T07:01:56,"20260718_205238_session2",208,208,8,"AXPY","openmp_axpy",cpu_native,"AMD Ryzen Threadripper 3970X 32-Core Processor",64,8000000,"elements=8000000",33334,1.064708,1.064708,1.064708,301.273879,301.273879,-1.000000,9.038036e-03,282.963816,5.648772e-10,0.031941,0.031941,5.333440e+11,500.93,9.600000e+07,282.96,in_range,,,,4152,3687,,73,73,69,,-1,-1,-1.000000,-1,t
cpu-gpu-v2,2026-07-19T07:01:57,"20260718_205238_session2",209,209,9,"AXPY","openmp_axpy",cpu_native,"AMD Ryzen Threadripper 3970X 32-Core Processor",64,8000000,"elements=8000000",33334,1.063146,1.063146,1.063146,300.831275,300.831275,-1.000000,9.024758e-03,282.963308,5.640474e-10,0.031894,0.031894,5.333440e+11,501.67,9.600000e+07,282.96,in_range,,,,4170,3686,,70,69,70,,-1,-1,-1.000000,-1,t
cpu-gpu-v2,2026-07-19T07:01:58,"20260718_205238_session2",210,210,10,"AXPY","openmp_axpy",cpu_native,"AMD Ryzen Threadripper 3970X 32-Core Processor",64,8000000,"elements=8000000",33334,1.070113,1.070113,1.070113,303.839008,303.839008,-1.000000,9.114988e-03,283.931653,5.696867e-10,0.032103,0.032103,5.333440e+11,498.40,9.600000e+07,283.93,in_range,,,,4202,3641,,70,69,70,,-1,-1,-1.000000,-1,t
cpu-gpu-v2,2026-07-19T07:02:02,"20260718_205238_session2",211,211,1,"AXPY","openmp_axpy",cpu_native,"AMD Ryzen Threadripper 3970X 32-Core Processor",1,256000000,"elements=256000000",10,1.063006,1.063006,1.063006,79.560582,79.560582,-1.000000,7.956058e+00,74.844899,1.553918e-08,106.300607,106.300607,5.120000e+09,4.82,3.072000e+09,74.84,in_range,,,,1793,1794,,69,69,65,,-1,-1,-1.000000,-1,t
cpu-gpu-v2,2026-07-19T07:02:03,"20260718_205238_session2",212,212,2,"AXPY","openmp_axpy",cpu_native,"AMD Ryzen Threadripper 3970X 32-Core Processor",1,256000000,"elements=256000000",10,1.063089,1.063089,1.063089,79.241493,79.241493,-1.000000,7.924149e+00,74.538881,1.547685e-08,106.308938,106.308938,5.120000e+09,4.82,3.072000e+09,74.54,in_range,,,,1793,1794,,69,69,64,,-1,-1,-1.000000,-1,t
cpu-gpu-v2,2026-07-19T07:02:04,"20260718_205238_session2",213,213,3,"AXPY","openmp_axpy",cpu_native,"AMD Ryzen Threadripper 3970X 32-Core Processor",1,256000000,"elements=256000000",10,1.062806,1.062806,1.062806,78.943640,78.943640,-1.000000,7.894364e+00,74.278537,1.541868e-08,106.280553,106.280553,5.120000e+09,4.82,3.072000e+09,74.28,in_range,,,,1793,1827,,67,67,62,,-1,-1,-1.000000,-1,t
cpu-gpu-v2,2026-07-19T07:02:06,"20260718_205238_session2",214,214,4,"AXPY","openmp_axpy",cpu_native,"AMD Ryzen Threadripper 3970X 32-Core Processor",1,256000000,"elements=256000000",10,1.062634,1.062634,1.062634,78.679601,78.679601,-1.000000,7.867960e+00,74.042032,1.536711e-08,106.263428,106.263428,5.120000e+09,4.82,3.072000e+09,74.04,in_range,,,,1824,1794,,67,67,61,,-1,-1,-1.000000,-1,t
cpu-gpu-v2,2026-07-19T07:02:07,"20260718_205238_session2",215,215,5,"AXPY","openmp_axpy",cpu_native,"AMD Ryzen Threadripper 3970X 32-Core Processor",1,256000000,"elements=256000000",10,1.062695,1.062695,1.062695,78.643364,78.643364,-1.000000,7.864336e+00,74.003670,1.536003e-08,106.269546,106.269546,5.120000e+09,4.82,3.072000e+09,74.00,in_range,,,,1793,1794,,66,66,60,,-1,-1,-1.000000,-1,t
cpu-gpu-v2,2026-07-19T07:02:08,"20260718_205238_session2",216,216,6,"AXPY","openmp_axpy",cpu_native,"AMD Ryzen Threadripper 3970X 32-Core Processor",1,256000000,"elements=256000000",10,1.061541,1.061541,1.061541,78.493301,78.493301,-1.000000,7.849330e+00,73.942759,1.533072e-08,106.154142,106.154142,5.120000e+09,4.82,3.072000e+09,73.94,in_range,,,,1794,1794,,67,67,58,,-1,-1,-1.000000,-1,t
cpu-gpu-v2,2026-07-19T07:02:10,"20260718_205238_session2",217,217,7,"AXPY","openmp_axpy",cpu_native,"AMD Ryzen Threadripper 3970X 32-Core Processor",1,256000000,"elements=256000000",10,1.063218,1.063218,1.063218,78.508131,78.508131,-1.000000,7.850813e+00,73.840088,1.533362e-08,106.321827,106.321827,5.120000e+09,4.82,3.072000e+09,73.84,in_range,,,,1793,1794,,68,68,67,,-1,-1,-1.000000,-1,t
cpu-gpu-v2,2026-07-19T07:02:11,"20260718_205238_session2",218,218,8,"AXPY","openmp_axpy",cpu_native,"AMD Ryzen Threadripper 3970X 32-Core Processor",1,256000000,"elements=256000000",10,1.063560,1.063560,1.063560,78.354087,78.354087,-1.000000,7.835409e+00,73.671538,1.530353e-08,106.355981,106.355981,5.120000e+09,4.81,3.072000e+09,73.67,in_range,,,,1793,1794,,66,66,65,,-1,-1,-1.000000,-1,t
cpu-gpu-v2,2026-07-19T07:02:12,"20260718_205238_session2",219,219,9,"AXPY","openmp_axpy",cpu_native,"AMD Ryzen Threadripper 3970X 32-Core Processor",1,256000000,"elements=256000000",10,1.067025,1.067025,1.067025,78.541654,78.541654,-1.000000,7.854165e+00,73.608083,1.534017e-08,106.702485,106.702485,5.120000e+09,4.80,3.072000e+09,73.61,in_range,,,,1793,1865,,65,65,63,,-1,-1,-1.000000,-1,t
cpu-gpu-v2,2026-07-19T07:02:13,"20260718_205238_session2",220,220,10,"AXPY","openmp_axpy",cpu_native,"AMD Ryzen Threadripper 3970X 32-Core Processor",1,256000000,"elements=256000000",10,1.062751,1.062751,1.062751,78.275982,78.275982,-1.000000,7.827598e+00,73.654087,1.528828e-08,106.275137,106.275137,5.120000e+09,4.82,3.072000e+09,73.65,in_range,,,,1793,1795,,66,66,61,,-1,-1,-1.000000,-1,t
cpu-gpu-v2,2026-07-19T07:02:16,"20260718_205238_session2",221,221,1,"AXPY","openmp_axpy",cpu_native,"AMD Ryzen Threadripper 3970X 32-Core Processor",64,16000000,"elements=16000000",1357,1.003301,1.003301,1.003301,179.518884,179.518884,-1.000000,1.322910e-01,178.928242,4.134094e-09,0.739352,0.739352,4.342400e+10,43.28,1.920000e+08,178.93,in_range,,,,4184,4179,,58,58,57,,-1,-1,-1.000000,-1,t
cpu-gpu-v2,2026-07-19T07:02:17,"20260718_205238_session2",222,222,2,"AXPY","openmp_axpy",cpu_native,"AMD Ryzen Threadripper 3970X 32-Core Processor",64,16000000,"elements=16000000",1357,1.001623,1.001623,1.001623,179.279638,179.279638,-1.000000,1.321147e-01,178.989113,4.128584e-09,0.738116,0.738116,4.342400e+10,43.35,1.920000e+08,178.99,in_range,,,,4172,4168,,57,57,55,,-1,-1,-1.000000,-1,t
cpu-gpu-v2,2026-07-19T07:02:18,"20260718_205238_session2",223,223,3,"AXPY","openmp_axpy",cpu_native,"AMD Ryzen Threadripper 3970X 32-Core Processor",64,16000000,"elements=16000000",1357,1.002556,1.002556,1.002556,179.875418,179.875418,-1.000000,1.325537e-01,179.416841,4.142304e-09,0.738803,0.738803,4.342400e+10,43.31,1.920000e+08,179.42,in_range,,,,4155,4166,,55,55,55,,-1,-1,-1.000000,-1,t
cpu-gpu-v2,2026-07-19T07:02:20,"20260718_205238_session2",224,224,4,"AXPY","openmp_axpy",cpu_native,"AMD Ryzen Threadripper 3970X 32-Core Processor",64,16000000,"elements=16000000",1357,1.001474,1.001474,1.001474,179.779063,179.779063,-1.000000,1.324827e-01,179.514490,4.140085e-09,0.738006,0.738006,4.342400e+10,43.36,1.920000e+08,179.51,in_range,,,,4178,4172,,57,57,56,,-1,-1,-1.000000,-1,t
cpu-gpu-v2,2026-07-19T07:02:21,"20260718_205238_session2",225,225,5,"AXPY","openmp_axpy",cpu_native,"AMD Ryzen Threadripper 3970X 32-Core Processor",64,16000000,"elements=16000000",1357,1.004426,1.004426,1.004426,180.368480,180.368480,-1.000000,1.329171e-01,179.573668,4.153659e-09,0.740181,0.740181,4.342400e+10,43.23,1.920000e+08,179.57,in_range,,,,4160,4172,,60,60,56,,-1,-1,-1.000000,-1,t
cpu-gpu-v2,2026-07-19T07:02:22,"20260718_205238_session2",226,226,6,"AXPY","openmp_axpy",cpu_native,"AMD Ryzen Threadripper 3970X 32-Core Processor",64,16000000,"elements=16000000",1357,1.001196,1.001196,1.001196,179.677781,179.677781,-1.000000,1.324081e-01,179.463213,4.137753e-09,0.737801,0.737801,4.342400e+10,43.37,1.920000e+08,179.46,in_range,,,,4121,4155,,57,57,57,,-1,-1,-1.000000,-1,t
cpu-gpu-v2,2026-07-19T07:02:23,"20260718_205238_session2",227,227,7,"AXPY","openmp_axpy",cpu_native,"AMD Ryzen Threadripper 3970X 32-Core Processor",64,16000000,"elements=16000000",1357,1.000792,1.000792,1.000792,179.664934,179.664934,-1.000000,1.323986e-01,179.522830,4.137457e-09,0.737503,0.737503,4.342400e+10,43.39,1.920000e+08,179.52,in_range,,,,4160,4173,,62,62,57,,-1,-1,-1.000000,-1,t
cpu-gpu-v2,2026-07-19T07:02:24,"20260718_205238_session2",228,228,8,"AXPY","openmp_axpy",cpu_native,"AMD Ryzen Threadripper 3970X 32-Core Processor",64,16000000,"elements=16000000",1357,1.003927,1.003927,1.003927,180.419197,180.419197,-1.000000,1.329545e-01,179.713459,4.154827e-09,0.739814,0.739814,4.342400e+10,43.25,1.920000e+08,179.71,in_range,,,,4161,4146,,64,64,58,,-1,-1,-1.000000,-1,t
cpu-gpu-v2,2026-07-19T07:02:25,"20260718_205238_session2",229,229,9,"AXPY","openmp_axpy",cpu_native,"AMD Ryzen Threadripper 3970X 32-Core Processor",64,16000000,"elements=16000000",1357,1.003201,1.003201,1.003201,180.292358,180.292358,-1.000000,1.328610e-01,179.717165,4.151906e-09,0.739278,0.739278,4.342400e+10,43.29,1.920000e+08,179.72,in_range,,,,4145,4139,,63,63,58,,-1,-1,-1.000000,-1,t
cpu-gpu-v2,2026-07-19T07:02:26,"20260718_205238_session2",230,230,10,"AXPY","openmp_axpy",cpu_native,"AMD Ryzen Threadripper 3970X 32-Core Processor",64,16000000,"elements=16000000",1357,1.002395,1.002395,1.002395,180.295669,180.295669,-1.000000,1.328634e-01,179.864841,4.151982e-09,0.738685,0.738685,4.342400e+10,43.32,1.920000e+08,179.86,in_range,,,,4143,4147,,62,62,58,,-1,-1,-1.000000,-1,t
cpu-gpu-v2,2026-07-19T07:02:29,"20260718_205238_session2",231,231,1,"AXPY","openmp_axpy",cpu_native,"AMD Ryzen Threadripper 3970X 32-Core Processor",4,256000000,"elements=256000000",12,1.044035,1.044035,1.044035,83.277355,83.277355,-1.000000,6.939780e+00,79.764908,1.355426e-08,87.002916,87.002916,6.144000e+09,5.88,3.072000e+09,79.76,in_range,,,,1908,1915,,72,72,64,,-1,-1,-1.000000,-1,t
cpu-gpu-v2,2026-07-19T07:02:30,"20260718_205238_session2",232,232,2,"AXPY","openmp_axpy",cpu_native,"AMD Ryzen Threadripper 3970X 32-Core Processor",4,256000000,"elements=256000000",12,1.043976,1.043976,1.043976,83.147143,83.147143,-1.000000,6.928929e+00,79.644673,1.353306e-08,86.998017,86.998017,6.144000e+09,5.89,3.072000e+09,79.64,in_range,,,,1939,1915,,72,72,63,,-1,-1,-1.000000,-1,t
cpu-gpu-v2,2026-07-19T07:02:31,"20260718_205238_session2",233,233,3,"AXPY","openmp_axpy",cpu_native,"AMD Ryzen Threadripper 3970X 32-Core Processor",4,256000000,"elements=256000000",12,1.043462,1.043462,1.043462,82.923385,82.923385,-1.000000,6.910282e+00,79.469493,1.349664e-08,86.955155,86.955155,6.144000e+09,5.89,3.072000e+09,79.47,in_range,,,,1910,1913,,69,69,61,,-1,-1,-1.000000,-1,t
cpu-gpu-v2,2026-07-19T07:02:33,"20260718_205238_session2",234,234,4,"AXPY","openmp_axpy",cpu_native,"AMD Ryzen Threadripper 3970X 32-Core Processor",4,256000000,"elements=256000000",12,1.043988,1.043988,1.043988,82.862719,82.862719,-1.000000,6.905227e+00,79.371330,1.348677e-08,86.999003,86.999003,6.144000e+09,5.89,3.072000e+09,79.37,in_range,,,,1909,1915,,68,68,59,,-1,-1,-1.000000,-1,t
cpu-gpu-v2,2026-07-19T07:02:34,"20260718_205238_session2",235,235,5,"AXPY","openmp_axpy",cpu_native,"AMD Ryzen Threadripper 3970X 32-Core Processor",4,256000000,"elements=256000000",12,1.044246,1.044246,1.044246,82.717768,82.717768,-1.000000,6.893147e+00,79.212895,1.346318e-08,87.020520,87.020520,6.144000e+09,5.88,3.072000e+09,79.21,in_range,,,,1910,1915,,69,69,67,,-1,-1,-1.000000,-1,t
cpu-gpu-v2,2026-07-19T07:02:35,"20260718_205238_session2",236,236,6,"AXPY","openmp_axpy",cpu_native,"AMD Ryzen Threadripper 3970X 32-Core Processor",4,256000000,"elements=256000000",12,1.044412,1.044412,1.044412,82.616821,82.616821,-1.000000,6.884735e+00,79.103678,1.344675e-08,87.034324,87.034324,6.144000e+09,5.88,3.072000e+09,79.10,in_range,,,,1940,1915,,69,69,66,,-1,-1,-1.000000,-1,t
cpu-gpu-v2,2026-07-19T07:02:36,"20260718_205238_session2",237,237,7,"AXPY","openmp_axpy",cpu_native,"AMD Ryzen Threadripper 3970X 32-Core Processor",4,256000000,"elements=256000000",12,1.044552,1.044552,1.044552,82.532338,82.532338,-1.000000,6.877695e+00,79.012152,1.343300e-08,87.046039,87.046039,6.144000e+09,5.88,3.072000e+09,79.01,in_range,,,,1909,1915,,69,69,64,,-1,-1,-1.000000,-1,t
cpu-gpu-v2,2026-07-19T07:02:37,"20260718_205238_session2",238,238,8,"AXPY","openmp_axpy",cpu_native,"AMD Ryzen Threadripper 3970X 32-Core Processor",4,256000000,"elements=256000000",12,1.043150,1.043150,1.043150,82.337768,82.337768,-1.000000,6.861481e+00,78.931862,1.340133e-08,86.929162,86.929162,6.144000e+09,5.89,3.072000e+09,78.93,in_range,,,,1975,1954,,69,69,63,,-1,-1,-1.000000,-1,t
cpu-gpu-v2,2026-07-19T07:02:38,"20260718_205238_session2",239,239,9,"AXPY","openmp_axpy",cpu_native,"AMD Ryzen Threadripper 3970X 32-Core Processor",4,256000000,"elements=256000000",12,1.042759,1.042759,1.042759,82.324554,82.324554,-1.000000,6.860380e+00,78.948749,1.339918e-08,86.896621,86.896621,6.144000e+09,5.89,3.072000e+09,78.95,in_range,,,,1909,1914,,69,69,61,,-1,-1,-1.000000,-1,t
cpu-gpu-v2,2026-07-19T07:02:39,"20260718_205238_session2",240,240,10,"AXPY","openmp_axpy",cpu_native,"AMD Ryzen Threadripper 3970X 32-Core Processor",4,256000000,"elements=256000000",12,1.042501,1.042501,1.042501,82.352583,82.352583,-1.000000,6.862715e+00,78.995211,1.340374e-08,86.875080,86.875080,6.144000e+09,5.89,3.072000e+09,79.00,in_range,,,,1910,1914,,68,68,59,,-1,-1,-1.000000,-1,t
cpu-gpu-v2,2026-07-19T07:02:42,"20260718_205238_session2",241,241,1,"AXPY","openmp_axpy",cpu_native,"AMD Ryzen Threadripper 3970X 32-Core Processor",2,64000000,"elements=64000000",48,1.016881,1.016881,1.016881,78.473145,78.473145,-1.000000,1.634857e+00,77.170449,1.277232e-08,21.185016,21.185016,6.144000e+09,6.04,7.680000e+08,77.17,in_range,,,,1864,1862,,67,67,65,,-1,-1,-1.000000,-1,t
cpu-gpu-v2,2026-07-19T07:02:43,"20260718_205238_session2",242,242,2,"AXPY","openmp_axpy",cpu_native,"AMD Ryzen Threadripper 3970X 32-Core Processor",2,64000000,"elements=64000000",48,1.016649,1.016649,1.016649,78.544491,78.544491,-1.000000,1.636344e+00,77.258201,1.278393e-08,21.180192,21.180192,6.144000e+09,6.04,7.680000e+08,77.26,in_range,,,,1833,1835,,65,65,63,,-1,-1,-1.000000,-1,t
cpu-gpu-v2,2026-07-19T07:02:44,"20260718_205238_session2",243,243,3,"AXPY","openmp_axpy",cpu_native,"AMD Ryzen Threadripper 3970X 32-Core Processor",2,64000000,"elements=64000000",48,1.017495,1.017495,1.017495,78.503279,78.503279,-1.000000,1.635485e+00,77.153514,1.277723e-08,21.197803,21.197803,6.144000e+09,6.04,7.680000e+08,77.15,in_range,,,,1833,1835,,63,63,62,,-1,-1,-1.000000,-1,t
cpu-gpu-v2,2026-07-19T07:02:45,"20260718_205238_session2",244,244,4,"AXPY","openmp_axpy",cpu_native,"AMD Ryzen Threadripper 3970X 32-Core Processor",2,64000000,"elements=64000000",48,1.018144,1.018144,1.018144,78.272884,78.272884,-1.000000,1.630685e+00,76.878024,1.273973e-08,21.211329,21.211329,6.144000e+09,6.03,7.680000e+08,76.88,in_range,,,,1903,1835,,64,64,60,,-1,-1,-1.000000,-1,t
cpu-gpu-v2,2026-07-19T07:02:46,"20260718_205238_session2",245,245,5,"AXPY","openmp_axpy",cpu_native,"AMD Ryzen Threadripper 3970X 32-Core Processor",2,64000000,"elements=64000000",48,1.021083,1.021083,1.021083,78.167116,78.167116,-1.000000,1.628482e+00,76.553147,1.272251e-08,21.272562,21.272562,6.144000e+09,6.02,7.680000e+08,76.55,in_range,,,,1873,1835,,64,64,59,,-1,-1,-1.000000,-1,t
cpu-gpu-v2,2026-07-19T07:02:47,"20260718_205238_session2",246,246,6,"AXPY","openmp_axpy",cpu_native,"AMD Ryzen Threadripper 3970X 32-Core Processor",2,64000000,"elements=64000000",48,1.023899,1.023899,1.023899,77.983333,77.983333,-1.000000,1.624653e+00,76.163131,1.269260e-08,21.331224,21.331224,6.144000e+09,6.00,7.680000e+08,76.16,in_range,,,,1833,1836,,63,63,57,,-1,-1,-1.000000,-1,t
cpu-gpu-v2,2026-07-19T07:02:48,"20260718_205238_session2",247,247,7,"AXPY","openmp_axpy",cpu_native,"AMD Ryzen Threadripper 3970X 32-Core Processor",2,64000000,"elements=64000000",48,1.024303,1.024303,1.024303,77.945920,77.945920,-1.000000,1.623873e+00,76.096552,1.268651e-08,21.339644,21.339644,6.144000e+09,6.00,7.680000e+08,76.10,in_range,,,,1834,1835,,64,64,56,,-1,-1,-1.000000,-1,t
cpu-gpu-v2,2026-07-19T07:02:49,"20260718_205238_session2",248,248,8,"AXPY","openmp_axpy",cpu_native,"AMD Ryzen Threadripper 3970X 32-Core Processor",2,64000000,"elements=64000000",48,1.024032,1.024032,1.024032,77.981533,77.981533,-1.000000,1.624615e+00,76.151480,1.269231e-08,21.333995,21.333995,6.144000e+09,6.00,7.680000e+08,76.15,in_range,,,,1834,1835,,64,64,54,,-1,-1,-1.000000,-1,t
cpu-gpu-v2,2026-07-19T07:02:50,"20260718_205238_session2",249,249,9,"AXPY","openmp_axpy",cpu_native,"AMD Ryzen Threadripper 3970X 32-Core Processor",2,64000000,"elements=64000000",48,1.024169,1.024169,1.024169,78.071600,78.071600,-1.000000,1.626492e+00,76.229182,1.270697e-08,21.336864,21.336864,6.144000e+09,6.00,7.680000e+08,76.23,in_range,,,,1863,1835,,65,65,62,,-1,-1,-1.000000,-1,t
cpu-gpu-v2,2026-07-19T07:02:51,"20260718_205238_session2",250,250,10,"AXPY","openmp_axpy",cpu_native,"AMD Ryzen Threadripper 3970X 32-Core Processor",2,64000000,"elements=64000000",48,1.024227,1.024227,1.024227,77.996150,77.996150,-1.000000,1.624920e+00,76.151237,1.269469e-08,21.338062,21.338062,6.144000e+09,6.00,7.680000e+08,76.15,in_range,,,,1834,1866,,64,64,61,,-1,-1,-1.000000,-1,t
cpu-gpu-v2,2026-07-19T07:02:54,"20260718_205238_session2",251,251,1,"AXPY","openmp_axpy",cpu_native,"AMD Ryzen Threadripper 3970X 32-Core Processor",10,8000000,"elements=8000000",551,1.002755,1.002755,1.002755,95.355009,95.355009,-1.000000,1.730581e-01,95.093072,1.081613e-08,1.819881,1.819881,8.816000e+09,8.79,9.600000e+07,95.09,in_range,,,,2216,2140,,60,60,57,,-1,-1,-1.000000,-1,t
cpu-gpu-v2,2026-07-19T07:02:55,"20260718_205238_session2",252,252,2,"AXPY","openmp_axpy",cpu_native,"AMD Ryzen Threadripper 3970X 32-Core Processor",10,8000000,"elements=8000000",551,1.005394,1.005394,1.005394,95.612503,95.612503,-1.000000,1.735254e-01,95.099557,1.084534e-08,1.824671,1.824671,8.816000e+09,8.77,9.600000e+07,95.10,in_range,,,,2178,2145,,57,57,55,,-1,-1,-1.000000,-1,t
cpu-gpu-v2,2026-07-19T07:02:56,"20260718_205238_session2",253,253,3,"AXPY","openmp_axpy",cpu_native,"AMD Ryzen Threadripper 3970X 32-Core Processor",10,8000000,"elements=8000000",551,1.004503,1.004503,1.004503,95.584793,95.584793,-1.000000,1.734751e-01,95.156308,1.084220e-08,1.823054,1.823054,8.816000e+09,8.78,9.600000e+07,95.16,in_range,,,,2183,2180,,58,58,54,,-1,-1,-1.000000,-1,t
cpu-gpu-v2,2026-07-19T07:02:57,"20260718_205238_session2",254,254,4,"AXPY","openmp_axpy",cpu_native,"AMD Ryzen Threadripper 3970X 32-Core Processor",10,8000000,"elements=8000000",551,1.004511,1.004511,1.004511,95.755485,95.755485,-1.000000,1.737849e-01,95.325489,1.086156e-08,1.823069,1.823069,8.816000e+09,8.78,9.600000e+07,95.33,in_range,,,,2223,2144,,59,59,52,,-1,-1,-1.000000,-1,t
cpu-gpu-v2,2026-07-19T07:02:58,"20260718_205238_session2",255,255,5,"AXPY","openmp_axpy",cpu_native,"AMD Ryzen Threadripper 3970X 32-Core Processor",10,8000000,"elements=8000000",551,1.004543,1.004543,1.004543,95.810689,95.810689,-1.000000,1.738851e-01,95.377391,1.086782e-08,1.823127,1.823127,8.816000e+09,8.78,9.600000e+07,95.38,in_range,,,,2183,2144,,54,54,52,,-1,-1,-1.000000,-1,t
cpu-gpu-v2,2026-07-19T07:02:59,"20260718_205238_session2",256,256,6,"AXPY","openmp_axpy",cpu_native,"AMD Ryzen Threadripper 3970X 32-Core Processor",10,8000000,"elements=8000000",551,1.004302,1.004302,1.004302,95.862046,95.862046,-1.000000,1.739783e-01,95.451455,1.087364e-08,1.822689,1.822689,8.816000e+09,8.78,9.600000e+07,95.45,in_range,,,,2180,2144,,60,60,52,,-1,-1,-1.000000,-1,t
cpu-gpu-v2,2026-07-19T07:03:00,"20260718_205238_session2",257,257,7,"AXPY","openmp_axpy",cpu_native,"AMD Ryzen Threadripper 3970X 32-Core Processor",10,8000000,"elements=8000000",551,1.004281,1.004281,1.004281,95.868135,95.868135,-1.000000,1.739894e-01,95.459489,1.087433e-08,1.822651,1.822651,8.816000e+09,8.78,9.600000e+07,95.46,in_range,,,,2183,2144,,58,58,52,,-1,-1,-1.000000,-1,t
cpu-gpu-v2,2026-07-19T07:03:01,"20260718_205238_session2",258,258,8,"AXPY","openmp_axpy",cpu_native,"AMD Ryzen Threadripper 3970X 32-Core Processor",10,8000000,"elements=8000000",551,1.003920,1.003920,1.003920,95.888092,95.888092,-1.000000,1.740256e-01,95.513706,1.087660e-08,1.821996,1.821996,8.816000e+09,8.78,9.600000e+07,95.51,in_range,,,,2181,2144,,61,61,52,,-1,-1,-1.000000,-1,t
cpu-gpu-v2,2026-07-19T07:03:02,"20260718_205238_session2",259,259,9,"AXPY","openmp_axpy",cpu_native,"AMD Ryzen Threadripper 3970X 32-Core Processor",10,8000000,"elements=8000000",551,1.005484,1.005484,1.005484,96.060432,96.060432,-1.000000,1.743384e-01,95.536478,1.089615e-08,1.824835,1.824835,8.816000e+09,8.77,9.600000e+07,95.54,in_range,,,,2183,2143,,60,60,52,,-1,-1,-1.000000,-1,t
cpu-gpu-v2,2026-07-19T07:03:03,"20260718_205238_session2",260,260,10,"AXPY","openmp_axpy",cpu_native,"AMD Ryzen Threadripper 3970X 32-Core Processor",10,8000000,"elements=8000000",551,1.003830,1.003830,1.003830,96.019860,96.019860,-1.000000,1.742647e-01,95.653496,1.089154e-08,1.821833,1.821833,8.816000e+09,8.78,9.600000e+07,95.65,in_range,,,,2183,2144,,58,58,52,,-1,-1,-1.000000,-1,t
cpu-gpu-v2,2026-07-19T07:03:06,"20260718_205238_session2",261,261,1,"AXPY","openmp_axpy",cpu_native,"AMD Ryzen Threadripper 3970X 32-Core Processor",1,64000000,"elements=64000000",38,1.019111,1.019111,1.019111,74.993299,74.993299,-1.000000,1.973508e+00,73.586980,1.541803e-08,26.818710,26.818710,4.864000e+09,4.77,7.680000e+08,73.59,in_range,,,,1824,1794,,66,66,62,,-1,-1,-1.000000,-1,t
cpu-gpu-v2,2026-07-19T07:03:07,"20260718_205238_session2",262,262,2,"AXPY","openmp_axpy",cpu_native,"AMD Ryzen Threadripper 3970X 32-Core Processor",1,64000000,"elements=64000000",38,1.018848,1.018848,1.018848,74.784646,74.784646,-1.000000,1.968017e+00,73.401148,1.537513e-08,26.811801,26.811801,4.864000e+09,4.77,7.680000e+08,73.40,in_range,,,,1793,1794,,65,65,60,,-1,-1,-1.000000,-1,t
cpu-gpu-v2,2026-07-19T07:03:08,"20260718_205238_session2",263,263,3,"AXPY","openmp_axpy",cpu_native,"AMD Ryzen Threadripper 3970X 32-Core Processor",1,64000000,"elements=64000000",38,1.023249,1.023249,1.023249,75.002576,75.002576,-1.000000,1.973752e+00,73.298427,1.541994e-08,26.927617,26.927617,4.864000e+09,4.75,7.680000e+08,73.30,in_range,,,,1793,1834,,64,64,59,,-1,-1,-1.000000,-1,t
cpu-gpu-v2,2026-07-19T07:03:09,"20260718_205238_session2",264,264,4,"AXPY","openmp_axpy",cpu_native,"AMD Ryzen Threadripper 3970X 32-Core Processor",1,64000000,"elements=64000000",38,1.019610,1.019610,1.019610,74.717297,74.717297,-1.000000,1.966245e+00,73.280289,1.536129e-08,26.831836,26.831836,4.864000e+09,4.77,7.680000e+08,73.28,in_range,,,,1793,1794,,64,64,57,,-1,-1,-1.000000,-1,t
cpu-gpu-v2,2026-07-19T07:03:10,"20260718_205238_session2",265,265,5,"AXPY","openmp_axpy",cpu_native,"AMD Ryzen Threadripper 3970X 32-Core Processor",1,64000000,"elements=64000000",38,1.023995,1.023995,1.023995,75.000318,75.000318,-1.000000,1.973693e+00,73.242855,1.541947e-08,26.947237,26.947237,4.864000e+09,4.75,7.680000e+08,73.24,in_range,,,,1824,1834,,64,64,56,,-1,-1,-1.000000,-1,t
cpu-gpu-v2,2026-07-19T07:03:11,"20260718_205238_session2",266,266,6,"AXPY","openmp_axpy",cpu_native,"AMD Ryzen Threadripper 3970X 32-Core Processor",1,64000000,"elements=64000000",38,1.018680,1.018680,1.018680,74.632874,74.632874,-1.000000,1.964023e+00,73.264293,1.534393e-08,26.807370,26.807370,4.864000e+09,4.77,7.680000e+08,73.26,in_range,,,,1793,1795,,64,64,54,,-1,-1,-1.000000,-1,t
cpu-gpu-v2,2026-07-19T07:03:12,"20260718_205238_session2",267,267,7,"AXPY","openmp_axpy",cpu_native,"AMD Ryzen Threadripper 3970X 32-Core Processor",1,64000000,"elements=64000000",38,1.019851,1.019851,1.019851,74.712750,74.712750,-1.000000,1.966125e+00,73.258506,1.536035e-08,26.838180,26.838180,4.864000e+09,4.77,7.680000e+08,73.26,in_range,,,,1793,1825,,64,64,63,,-1,-1,-1.000000,-1,t
cpu-gpu-v2,2026-07-19T07:03:13,"20260718_205238_session2",268,268,8,"AXPY","openmp_axpy",cpu_native,"AMD Ryzen Threadripper 3970X 32-Core Processor",1,64000000,"elements=64000000",38,1.018695,1.018695,1.018695,74.527304,74.527304,-1.000000,1.961245e+00,73.159572,1.532223e-08,26.807768,26.807768,4.864000e+09,4.77,7.680000e+08,73.16,in_range,,,,1793,1795,,64,64,61,,-1,-1,-1.000000,-1,t
cpu-gpu-v2,2026-07-19T07:03:14,"20260718_205238_session2",269,269,9,"AXPY","openmp_axpy",cpu_native,"AMD Ryzen Threadripper 3970X 32-Core Processor",1,64000000,"elements=64000000",38,1.018552,1.018552,1.018552,74.510230,74.510230,-1.000000,1.960796e+00,73.153095,1.531872e-08,26.804000,26.804000,4.864000e+09,4.78,7.680000e+08,73.15,in_range,,,,1794,1825,,64,64,60,,-1,-1,-1.000000,-1,t
cpu-gpu-v2,2026-07-19T07:03:15,"20260718_205238_session2",270,270,10,"AXPY","openmp_axpy",cpu_native,"AMD Ryzen Threadripper 3970X 32-Core Processor",1,64000000,"elements=64000000",38,1.018179,1.018179,1.018179,74.476480,74.476480,-1.000000,1.959907e+00,73.146759,1.531178e-08,26.794179,26.794179,4.864000e+09,4.78,7.680000e+08,73.15,in_range,,,,1794,1795,,64,64,58,,-1,-1,-1.000000,-1,t
cpu-gpu-v2,2026-07-19T07:03:18,"20260718_205238_session2",271,271,1,"AXPY","openmp_axpy",cpu_native,"AMD Ryzen Threadripper 3970X 32-Core Processor",4,1000000,"elements=1000000",39345,1.007088,1.007088,1.007088,123.527075,123.527075,-1.000000,3.139588e-03,122.657623,1.569794e-09,0.025596,0.025596,7.869000e+10,78.14,1.200000e+07,122.66,in_range,,,,2019,1907,,77,75,77,,-1,-1,-1.000000,-1,t
cpu-gpu-v2,2026-07-19T07:03:19,"20260718_205238_session2",272,272,2,"AXPY","openmp_axpy",cpu_native,"AMD Ryzen Threadripper 3970X 32-Core Processor",4,1000000,"elements=1000000",39345,1.012425,1.012425,1.012425,123.895799,123.895799,-1.000000,3.148959e-03,122.375244,1.574480e-09,0.025732,0.025732,7.869000e+10,77.72,1.200000e+07,122.38,in_range,,,,1945,1907,,77,71,77,,-1,-1,-1.000000,-1,t
cpu-gpu-v2,2026-07-19T07:03:20,"20260718_205238_session2",273,273,3,"AXPY","openmp_axpy",cpu_native,"AMD Ryzen Threadripper 3970X 32-Core Processor",4,1000000,"elements=1000000",39345,1.018437,1.018437,1.018437,124.637780,124.637780,-1.000000,3.167818e-03,122.381439,1.583909e-09,0.025885,0.025885,7.869000e+10,77.27,1.200000e+07,122.38,in_range,,,,1945,2013,,78,77,78,,-1,-1,-1.000000,-1,t
cpu-gpu-v2,2026-07-19T07:03:21,"20260718_205238_session2",274,274,4,"AXPY","openmp_axpy",cpu_native,"AMD Ryzen Threadripper 3970X 32-Core Processor",4,1000000,"elements=1000000",39345,1.010059,1.010059,1.010059,123.940383,123.940383,-1.000000,3.150092e-03,122.706040,1.575046e-09,0.025672,0.025672,7.869000e+10,77.91,1.200000e+07,122.71,in_range,,,,2052,1906,,79,78,79,,-1,-1,-1.000000,-1,t
cpu-gpu-v2,2026-07-19T07:03:22,"20260718_205238_session2",275,275,5,"AXPY","openmp_axpy",cpu_native,"AMD Ryzen Threadripper 3970X 32-Core Processor",4,1000000,"elements=1000000",39345,1.014923,1.014923,1.014923,124.032465,124.032465,-1.000000,3.152433e-03,122.208758,1.576216e-09,0.025795,0.025795,7.869000e+10,77.53,1.200000e+07,122.21,in_range,,,,1903,1903,,78,78,78,,-1,-1,-1.000000,-1,t
cpu-gpu-v2,2026-07-19T07:03:23,"20260718_205238_session2",276,276,6,"AXPY","openmp_axpy",cpu_native,"AMD Ryzen Threadripper 3970X 32-Core Processor",4,1000000,"elements=1000000",39345,1.011604,1.011604,1.011604,123.787666,123.787666,-1.000000,3.146211e-03,122.367715,1.573105e-09,0.025711,0.025711,7.869000e+10,77.79,1.200000e+07,122.37,in_range,,,,1906,1905,,78,78,78,,-1,-1,-1.000000,-1,t
cpu-gpu-v2,2026-07-19T07:03:24,"20260718_205238_session2",277,277,7,"AXPY","openmp_axpy",cpu_native,"AMD Ryzen Threadripper 3970X 32-Core Processor",4,1000000,"elements=1000000",39345,1.022341,1.022341,1.022341,124.765246,124.765246,-1.000000,3.171057e-03,122.038734,1.585529e-09,0.025984,0.025984,7.869000e+10,76.97,1.200000e+07,122.04,in_range,,,,1906,1941,,79,78,79,,-1,-1,-1.000000,-1,t
cpu-gpu-v2,2026-07-19T07:03:25,"20260718_205238_session2",278,278,8,"AXPY","openmp_axpy",cpu_native,"AMD Ryzen Threadripper 3970X 32-Core Processor",4,1000000,"elements=1000000",39345,1.016649,1.016649,1.016649,124.194307,124.194307,-1.000000,3.156546e-03,122.160444,1.578273e-09,0.025839,0.025839,7.869000e+10,77.40,1.200000e+07,122.16,in_range,,,,1943,1941,,79,78,79,,-1,-1,-1.000000,-1,t
cpu-gpu-v2,2026-07-19T07:03:26,"20260718_205238_session2",279,279,9,"AXPY","openmp_axpy",cpu_native,"AMD Ryzen Threadripper 3970X 32-Core Processor",4,1000000,"elements=1000000",39345,1.012744,1.012744,1.012744,123.891099,123.891099,-1.000000,3.148840e-03,122.332113,1.574420e-09,0.025740,0.025740,7.869000e+10,77.70,1.200000e+07,122.33,in_range,,,,1944,1942,,79,79,79,,-1,-1,-1.000000,-1,t
cpu-gpu-v2,2026-07-19T07:03:27,"20260718_205238_session2",280,280,10,"AXPY","openmp_axpy",cpu_native,"AMD Ryzen Threadripper 3970X 32-Core Processor",4,1000000,"elements=1000000",39345,1.026658,1.026658,1.026658,125.072160,125.072160,-1.000000,3.178858e-03,121.824605,1.589429e-09,0.026094,0.026094,7.869000e+10,76.65,1.200000e+07,121.82,in_range,,,,1942,2036,,79,79,79,,-1,-1,-1.000000,-1,t
cpu-gpu-v2,2026-07-19T07:03:30,"20260718_205238_session2",281,281,1,"AXPY","openmp_axpy",cpu_native,"AMD Ryzen Threadripper 3970X 32-Core Processor",64,1000000,"elements=1000000",195940,1.081205,1.081205,1.081205,239.463446,239.463446,-1.000000,1.222126e-03,221.478361,6.110632e-10,0.005518,0.005518,3.918800e+11,362.45,1.200000e+07,221.48,in_range,,,,3884,3838,,77,77,75,,-1,-1,-1.000000,-1,t
cpu-gpu-v2,2026-07-19T07:03:31,"20260718_205238_session2",282,282,2,"AXPY","openmp_axpy",cpu_native,"AMD Ryzen Threadripper 3970X 32-Core Processor",64,1000000,"elements=1000000",195940,1.080695,1.080695,1.080695,236.870777,236.870777,-1.000000,1.208894e-03,219.183727,6.044472e-10,0.005515,0.005515,3.918800e+11,362.62,1.200000e+07,219.18,in_range,,,,3891,3832,,75,75,73,,-1,-1,-1.000000,-1,t
cpu-gpu-v2,2026-07-19T07:03:32,"20260718_205238_session2",283,283,3,"AXPY","openmp_axpy",cpu_native,"AMD Ryzen Threadripper 3970X 32-Core Processor",64,1000000,"elements=1000000",195940,1.076175,1.076175,1.076175,241.111341,241.111341,-1.000000,1.230537e-03,224.044816,6.152683e-10,0.005492,0.005492,3.918800e+11,364.14,1.200000e+07,224.04,in_range,,,,3915,3810,,73,73,71,,-1,-1,-1.000000,-1,t
cpu-gpu-v2,2026-07-19T07:03:33,"20260718_205238_session2",284,284,4,"AXPY","openmp_axpy",cpu_native,"AMD Ryzen Threadripper 3970X 32-Core Processor",64,1000000,"elements=1000000",195940,1.084959,1.084959,1.084959,238.269843,238.269843,-1.000000,1.216035e-03,219.611922,6.080174e-10,0.005537,0.005537,3.918800e+11,361.19,1.200000e+07,219.61,in_range,,,,3910,3830,,71,71,70,,-1,-1,-1.000000,-1,t
cpu-gpu-v2,2026-07-19T07:03:34,"20260718_205238_session2",285,285,5,"AXPY","openmp_axpy",cpu_native,"AMD Ryzen Threadripper 3970X 32-Core Processor",64,1000000,"elements=1000000",195940,1.079289,1.079289,1.079289,240.262172,240.262172,-1.000000,1.226203e-03,222.611576,6.131014e-10,0.005508,0.005508,3.918800e+11,363.09,1.200000e+07,222.61,in_range,,,,3917,3839,,70,70,68,,-1,-1,-1.000000,-1,t
cpu-gpu-v2,2026-07-19T07:03:35,"20260718_205238_session2",286,286,6,"AXPY","openmp_axpy",cpu_native,"AMD Ryzen Threadripper 3970X 32-Core Processor",64,1000000,"elements=1000000",195940,1.082203,1.082203,1.082203,241.507621,241.507621,-1.000000,1.232559e-03,223.163056,6.162795e-10,0.005523,0.005523,3.918800e+11,362.11,1.200000e+07,223.16,in_range,,,,3936,3821,,68,68,66,,-1,-1,-1.000000,-1,t
cpu-gpu-v2,2026-07-19T07:03:36,"20260718_205238_session2",287,287,7,"AXPY","openmp_axpy",cpu_native,"AMD Ryzen Threadripper 3970X 32-Core Processor",64,1000000,"elements=1000000",195940,1.081004,1.081004,1.081004,238.160093,238.160093,-1.000000,1.215475e-03,220.313845,6.077373e-10,0.005517,0.005517,3.918800e+11,362.51,1.200000e+07,220.31,in_range,,,,3927,3786,,66,66,65,,-1,-1,-1.000000,-1,t
cpu-gpu-v2,2026-07-19T07:03:37,"20260718_205238_session2",288,288,8,"AXPY","openmp_axpy",cpu_native,"AMD Ryzen Threadripper 3970X 32-Core Processor",64,1000000,"elements=1000000",195940,1.084211,1.084211,1.084211,241.837545,241.837545,-1.000000,1.234243e-03,223.054000,6.171214e-10,0.005533,0.005533,3.918800e+11,361.44,1.200000e+07,223.05,in_range,,,,3899,3830,,65,65,63,,-1,-1,-1.000000,-1,t
cpu-gpu-v2,2026-07-19T07:03:38,"20260718_205238_session2",289,289,9,"AXPY","openmp_axpy",cpu_native,"AMD Ryzen Threadripper 3970X 32-Core Processor",64,1000000,"elements=1000000",195940,1.081630,1.081630,1.081630,240.501570,240.501570,-1.000000,1.227425e-03,222.350983,6.137123e-10,0.005520,0.005520,3.918800e+11,362.30,1.200000e+07,222.35,in_range,,,,3964,3831,,64,63,64,,-1,-1,-1.000000,-1,t
cpu-gpu-v2,2026-07-19T07:03:39,"20260718_205238_session2",290,290,10,"AXPY","openmp_axpy",cpu_native,"AMD Ryzen Threadripper 3970X 32-Core Processor",64,1000000,"elements=1000000",195940,1.087709,1.087709,1.087709,240.742250,240.742250,-1.000000,1.228653e-03,221.329612,6.143265e-10,0.005551,0.005551,3.918800e+11,360.28,1.200000e+07,221.33,in_range,,,,3897,3802,,63,63,63,,-1,-1,-1.000000,-1,t
cpu-gpu-v2,2026-07-19T07:03:42,"20260718_205238_session2",291,291,1,"AXPY","openmp_axpy",cpu_native,"AMD Ryzen Threadripper 3970X 32-Core Processor",10,64000000,"elements=64000000",52,1.016087,1.016087,1.016087,96.274669,96.274669,-1.000000,1.851436e+00,94.750390,1.446434e-08,19.540141,19.540141,6.656000e+09,6.55,7.680000e+08,94.75,in_range,,,,2206,2125,,67,67,59,,-1,-1,-1.000000,-1,t
cpu-gpu-v2,2026-07-19T07:03:43,"20260718_205238_session2",292,292,2,"AXPY","openmp_axpy",cpu_native,"AMD Ryzen Threadripper 3970X 32-Core Processor",10,64000000,"elements=64000000",52,1.016278,1.016278,1.016278,95.991496,95.991496,-1.000000,1.845990e+00,94.453960,1.442180e-08,19.543811,19.543811,6.656000e+09,6.55,7.680000e+08,94.45,in_range,,,,2172,2134,,62,62,58,,-1,-1,-1.000000,-1,t
cpu-gpu-v2,2026-07-19T07:03:44,"20260718_205238_session2",293,293,3,"AXPY","openmp_axpy",cpu_native,"AMD Ryzen Threadripper 3970X 32-Core Processor",10,64000000,"elements=64000000",52,1.016623,1.016623,1.016623,95.906341,95.906341,-1.000000,1.844353e+00,94.338148,1.440901e-08,19.550444,19.550444,6.656000e+09,6.55,7.680000e+08,94.34,in_range,,,,2168,2130,,62,62,56,,-1,-1,-1.000000,-1,t
cpu-gpu-v2,2026-07-19T07:03:45,"20260718_205238_session2",294,294,4,"AXPY","openmp_axpy",cpu_native,"AMD Ryzen Threadripper 3970X 32-Core Processor",10,64000000,"elements=64000000",52,1.016429,1.016429,1.016429,95.766562,95.766562,-1.000000,1.841665e+00,94.218672,1.438801e-08,19.546706,19.546706,6.656000e+09,6.55,7.680000e+08,94.22,in_range,,,,2172,2165,,64,64,55,,-1,-1,-1.000000,-1,t
cpu-gpu-v2,2026-07-19T07:03:46,"20260718_205238_session2",295,295,5,"AXPY","openmp_axpy",cpu_native,"AMD Ryzen Threadripper 3970X 32-Core Processor",10,64000000,"elements=64000000",52,1.016589,1.016589,1.016589,95.753197,95.753197,-1.000000,1.841408e+00,94.190636,1.438600e-08,19.549795,19.549795,6.656000e+09,6.55,7.680000e+08,94.19,in_range,,,,2232,2127,,60,60,54,,-1,-1,-1.000000,-1,t
cpu-gpu-v2,2026-07-19T07:03:47,"20260718_205238_session2",296,296,6,"AXPY","openmp_axpy",cpu_native,"AMD Ryzen Threadripper 3970X 32-Core Processor",10,64000000,"elements=64000000",52,1.016683,1.016683,1.016683,95.906997,95.906997,-1.000000,1.844365e+00,94.333201,1.440910e-08,19.551603,19.551603,6.656000e+09,6.55,7.680000e+08,94.33,in_range,,,,2172,2140,,61,61,53,,-1,-1,-1.000000,-1,t
cpu-gpu-v2,2026-07-19T07:03:48,"20260718_205238_session2",297,297,7,"AXPY","openmp_axpy",cpu_native,"AMD Ryzen Threadripper 3970X 32-Core Processor",10,64000000,"elements=64000000",52,1.016208,1.016208,1.016208,95.672680,95.672680,-1.000000,1.839859e+00,94.146725,1.437390e-08,19.542467,19.542467,6.656000e+09,6.55,7.680000e+08,94.15,in_range,,,,2213,2131,,63,63,62,,-1,-1,-1.000000,-1,t
cpu-gpu-v2,2026-07-19T07:03:49,"20260718_205238_session2",298,298,8,"AXPY","openmp_axpy",cpu_native,"AMD Ryzen Threadripper 3970X 32-Core Processor",10,64000000,"elements=64000000",52,1.015937,1.015937,1.015937,95.425485,95.425485,-1.000000,1.835105e+00,93.928534,1.433676e-08,19.537252,19.537252,6.656000e+09,6.55,7.680000e+08,93.93,in_range,,,,2212,2137,,62,62,60,,-1,-1,-1.000000,-1,t
cpu-gpu-v2,2026-07-19T07:03:50,"20260718_205238_session2",299,299,9,"AXPY","openmp_axpy",cpu_native,"AMD Ryzen Threadripper 3970X 32-Core Processor",10,64000000,"elements=64000000",52,1.015849,1.015849,1.015849,95.363873,95.363873,-1.000000,1.833921e+00,93.876030,1.432750e-08,19.535558,19.535558,6.656000e+09,6.55,7.680000e+08,93.88,in_range,,,,2178,2136,,60,60,58,,-1,-1,-1.000000,-1,t
cpu-gpu-v2,2026-07-19T07:03:51,"20260718_205238_session2",300,300,10,"AXPY","openmp_axpy",cpu_native,"AMD Ryzen Threadripper 3970X 32-Core Processor",10,64000000,"elements=64000000",52,1.015933,1.015933,1.015933,95.397426,95.397426,-1.000000,1.834566e+00,93.901342,1.433255e-08,19.537164,19.537164,6.656000e+09,6.55,7.680000e+08,93.90,in_range,,,,2173,2137,,59,59,57,,-1,-1,-1.000000,-1,t
cpu-gpu-v2,2026-07-19T07:03:54,"20260718_205238_session2",301,301,1,"AXPY","openmp_axpy",cpu_native,"AMD Ryzen Threadripper 3970X 32-Core Processor",1,16000000,"elements=16000000",151,1.004456,1.004456,1.004456,73.914009,73.914009,-1.000000,4.894967e-01,73.586134,1.529677e-08,6.652024,6.652024,4.832000e+09,4.81,1.920000e+08,73.59,in_range,,,,1867,1795,,64,64,62,,-1,-1,-1.000000,-1,t
cpu-gpu-v2,2026-07-19T07:03:55,"20260718_205238_session2",302,302,2,"AXPY","openmp_axpy",cpu_native,"AMD Ryzen Threadripper 3970X 32-Core Processor",1,16000000,"elements=16000000",151,1.004619,1.004619,1.004619,73.872034,73.872034,-1.000000,4.892188e-01,73.532395,1.528809e-08,6.653105,6.653105,4.832000e+09,4.81,1.920000e+08,73.53,in_range,,,,1834,1794,,64,64,61,,-1,-1,-1.000000,-1,t
cpu-gpu-v2,2026-07-19T07:03:56,"20260718_205238_session2",303,303,3,"AXPY","openmp_axpy",cpu_native,"AMD Ryzen Threadripper 3970X 32-Core Processor",1,16000000,"elements=16000000",151,1.005231,1.005231,1.005231,73.831250,73.831250,-1.000000,4.889487e-01,73.447061,1.527965e-08,6.657158,6.657158,4.832000e+09,4.81,1.920000e+08,73.45,in_range,,,,1867,1794,,63,63,59,,-1,-1,-1.000000,-1,t
cpu-gpu-v2,2026-07-19T07:03:57,"20260718_205238_session2",304,304,4,"AXPY","openmp_axpy",cpu_native,"AMD Ryzen Threadripper 3970X 32-Core Processor",1,16000000,"elements=16000000",151,1.005611,1.005611,1.005611,73.850322,73.850322,-1.000000,4.890750e-01,73.438259,1.528359e-08,6.659676,6.659676,4.832000e+09,4.81,1.920000e+08,73.44,in_range,,,,1833,1825,,64,64,58,,-1,-1,-1.000000,-1,t
cpu-gpu-v2,2026-07-19T07:03:58,"20260718_205238_session2",305,305,5,"AXPY","openmp_axpy",cpu_native,"AMD Ryzen Threadripper 3970X 32-Core Processor",1,16000000,"elements=16000000",151,1.005653,1.005653,1.005653,73.819181,73.819181,-1.000000,4.888687e-01,73.404230,1.527715e-08,6.659953,6.659953,4.832000e+09,4.80,1.920000e+08,73.40,in_range,,,,1903,1795,,63,63,56,,-1,-1,-1.000000,-1,t
cpu-gpu-v2,2026-07-19T07:03:59,"20260718_205238_session2",306,306,6,"AXPY","openmp_axpy",cpu_native,"AMD Ryzen Threadripper 3970X 32-Core Processor",1,16000000,"elements=16000000",151,1.006237,1.006237,1.006237,73.809659,73.809659,-1.000000,4.888057e-01,73.352177,1.527518e-08,6.663820,6.663820,4.832000e+09,4.80,1.920000e+08,73.35,in_range,,,,1861,1833,,64,64,55,,-1,-1,-1.000000,-1,t
cpu-gpu-v2,2026-07-19T07:04:00,"20260718_205238_session2",307,307,7,"AXPY","openmp_axpy",cpu_native,"AMD Ryzen Threadripper 3970X 32-Core Processor",1,16000000,"elements=16000000",151,1.015229,1.015229,1.015229,74.588092,74.588092,-1.000000,4.939609e-01,73.469250,1.543628e-08,6.723369,6.723369,4.832000e+09,4.76,1.920000e+08,73.47,in_range,,,,1943,1794,,64,64,62,,-1,-1,-1.000000,-1,t
cpu-gpu-v2,2026-07-19T07:04:01,"20260718_205238_session2",308,308,8,"AXPY","openmp_axpy",cpu_native,"AMD Ryzen Threadripper 3970X 32-Core Processor",1,16000000,"elements=16000000",151,1.017815,1.017815,1.017815,74.637406,74.637406,-1.000000,4.942875e-01,73.331045,1.544648e-08,6.740494,6.740494,4.832000e+09,4.75,1.920000e+08,73.33,in_range,,,,1874,1795,,64,64,61,,-1,-1,-1.000000,-1,t
cpu-gpu-v2,2026-07-19T07:04:02,"20260718_205238_session2",309,309,9,"AXPY","openmp_axpy",cpu_native,"AMD Ryzen Threadripper 3970X 32-Core Processor",1,16000000,"elements=16000000",151,1.018809,1.018809,1.018809,74.679808,74.679808,-1.000000,4.945683e-01,73.301103,1.545526e-08,6.747078,6.747078,4.832000e+09,4.74,1.920000e+08,73.30,in_range,,,,1834,1794,,63,63,59,,-1,-1,-1.000000,-1,t
cpu-gpu-v2,2026-07-19T07:04:03,"20260718_205238_session2",310,310,10,"AXPY","openmp_axpy",cpu_native,"AMD Ryzen Threadripper 3970X 32-Core Processor",1,16000000,"elements=16000000",151,1.014985,1.014985,1.014985,74.371932,74.371932,-1.000000,4.925294e-01,73.273917,1.539154e-08,6.721755,6.721755,4.832000e+09,4.76,1.920000e+08,73.27,in_range,,,,1874,1835,,63,63,58,,-1,-1,-1.000000,-1,t
cpu-gpu-v2,2026-07-19T07:04:06,"20260718_205238_session2",311,311,1,"AXPY","openmp_axpy",cpu_native,"AMD Ryzen Threadripper 3970X 32-Core Processor",8,64000000,"elements=64000000",46,1.018890,1.018890,1.018890,89.504664,89.504664,-1.000000,1.945754e+00,87.845225,1.520120e-08,22.149793,22.149793,5.888000e+09,5.78,7.680000e+08,87.85,in_range,,,,2151,2066,,58,58,54,,-1,-1,-1.000000,-1,t
cpu-gpu-v2,2026-07-19T07:04:07,"20260718_205238_session2",312,312,2,"AXPY","openmp_axpy",cpu_native,"AMD Ryzen Threadripper 3970X 32-Core Processor",8,64000000,"elements=64000000",46,1.018906,1.018906,1.018906,89.473065,89.473065,-1.000000,1.945067e+00,87.812912,1.519583e-08,22.150121,22.150121,5.888000e+09,5.78,7.680000e+08,87.81,in_range,,,,2102,2067,,57,57,53,,-1,-1,-1.000000,-1,t
cpu-gpu-v2,2026-07-19T07:04:08,"20260718_205238_session2",313,313,3,"AXPY","openmp_axpy",cpu_native,"AMD Ryzen Threadripper 3970X 32-Core Processor",8,64000000,"elements=64000000",46,1.019370,1.019370,1.019370,89.502604,89.502604,-1.000000,1.945709e+00,87.801886,1.520085e-08,22.160216,22.160216,5.888000e+09,5.78,7.680000e+08,87.80,in_range,,,,2101,2064,,58,58,51,,-1,-1,-1.000000,-1,t
cpu-gpu-v2,2026-07-19T07:04:09,"20260718_205238_session2",314,314,4,"AXPY","openmp_axpy",cpu_native,"AMD Ryzen Threadripper 3970X 32-Core Processor",8,64000000,"elements=64000000",46,1.019506,1.019506,1.019506,89.565773,89.565773,-1.000000,1.947082e+00,87.852156,1.521158e-08,22.163167,22.163167,5.888000e+09,5.78,7.680000e+08,87.85,in_range,,,,2100,2065,,64,64,63,,-1,-1,-1.000000,-1,t
cpu-gpu-v2,2026-07-19T07:04:10,"20260718_205238_session2",315,315,5,"AXPY","openmp_axpy",cpu_native,"AMD Ryzen Threadripper 3970X 32-Core Processor",8,64000000,"elements=64000000",46,1.019345,1.019345,1.019345,89.517999,89.517999,-1.000000,1.946043e+00,87.819178,1.520346e-08,22.159664,22.159664,5.888000e+09,5.78,7.680000e+08,87.82,in_range,,,,2138,2064,,63,63,61,,-1,-1,-1.000000,-1,t
cpu-gpu-v2,2026-07-19T07:04:11,"20260718_205238_session2",316,316,6,"AXPY","openmp_axpy",cpu_native,"AMD Ryzen Threadripper 3970X 32-Core Processor",8,64000000,"elements=64000000",46,1.019280,1.019280,1.019280,89.564643,89.564643,-1.000000,1.947057e+00,87.870488,1.521139e-08,22.158264,22.158264,5.888000e+09,5.78,7.680000e+08,87.87,in_range,,,,2100,2128,,61,61,59,,-1,-1,-1.000000,-1,t
cpu-gpu-v2,2026-07-19T07:04:12,"20260718_205238_session2",317,317,7,"AXPY","openmp_axpy",cpu_native,"AMD Ryzen Threadripper 3970X 32-Core Processor",8,64000000,"elements=64000000",46,1.019398,1.019398,1.019398,89.563453,89.563453,-1.000000,1.947032e+00,87.859159,1.521118e-08,22.160827,22.160827,5.888000e+09,5.78,7.680000e+08,87.86,in_range,,,,2232,2075,,59,59,58,,-1,-1,-1.000000,-1,t
cpu-gpu-v2,2026-07-19T07:04:13,"20260718_205238_session2",318,318,8,"AXPY","openmp_axpy",cpu_native,"AMD Ryzen Threadripper 3970X 32-Core Processor",8,64000000,"elements=64000000",46,1.019538,1.019538,1.019538,89.635577,89.635577,-1.000000,1.948600e+00,87.917839,1.522343e-08,22.163869,22.163869,5.888000e+09,5.78,7.680000e+08,87.92,in_range,,,,2108,2069,,59,59,56,,-1,-1,-1.000000,-1,t
cpu-gpu-v2,2026-07-19T07:04:14,"20260718_205238_session2",319,319,9,"AXPY","openmp_axpy",cpu_native,"AMD Ryzen Threadripper 3970X 32-Core Processor",8,64000000,"elements=64000000",46,1.019316,1.019316,1.019316,90.347913,90.347913,-1.000000,1.964085e+00,88.635794,1.534441e-08,22.159051,22.159051,5.888000e+09,5.78,7.680000e+08,88.64,in_range,,,,2101,2072,,63,63,55,,-1,-1,-1.000000,-1,t
cpu-gpu-v2,2026-07-19T07:04:15,"20260718_205238_session2",320,320,10,"AXPY","openmp_axpy",cpu_native,"AMD Ryzen Threadripper 3970X 32-Core Processor",8,64000000,"elements=64000000",46,1.019830,1.019830,1.019830,89.892171,89.892171,-1.000000,1.954178e+00,88.144283,1.526701e-08,22.170214,22.170214,5.888000e+09,5.77,7.680000e+08,88.14,in_range,,,,2178,2075,,60,60,53,,-1,-1,-1.000000,-1,t
cpu-gpu-v2,2026-07-19T07:04:18,"20260718_205238_session2",321,321,1,"AXPY","openmp_axpy",cpu_native,"AMD Ryzen Threadripper 3970X 32-Core Processor",16,128000000,"elements=128000000",32,1.003508,1.003508,1.003508,114.089894,114.089894,-1.000000,3.565309e+00,113.691058,1.392699e-08,31.359627,31.359627,8.192000e+09,8.16,1.536000e+09,113.69,in_range,,,,2444,2368,,56,56,51,,-1,-1,-1.000000,-1,t
cpu-gpu-v2,2026-07-19T07:04:19,"20260718_205238_session2",322,322,2,"AXPY","openmp_axpy",cpu_native,"AMD Ryzen Threadripper 3970X 32-Core Processor",16,128000000,"elements=128000000",32,1.003613,1.003613,1.003613,114.305368,114.305368,-1.000000,3.572043e+00,113.893902,1.395329e-08,31.362897,31.362897,8.192000e+09,8.16,1.536000e+09,113.89,in_range,,,,2440,2375,,57,57,51,,-1,-1,-1.000000,-1,t
cpu-gpu-v2,2026-07-19T07:04:20,"20260718_205238_session2",323,323,3,"AXPY","openmp_axpy",cpu_native,"AMD Ryzen Threadripper 3970X 32-Core Processor",16,128000000,"elements=128000000",32,1.003709,1.003709,1.003709,114.383901,114.383901,-1.000000,3.574497e+00,113.961196,1.396288e-08,31.365912,31.365912,8.192000e+09,8.16,1.536000e+09,113.96,in_range,,,,2442,2402,,60,60,51,,-1,-1,-1.000000,-1,t
cpu-gpu-v2,2026-07-19T07:04:21,"20260718_205238_session2",324,324,4,"AXPY","openmp_axpy",cpu_native,"AMD Ryzen Threadripper 3970X 32-Core Processor",16,128000000,"elements=128000000",32,1.003677,1.003677,1.003677,114.319329,114.319329,-1.000000,3.572479e+00,113.900524,1.395500e-08,31.364904,31.364904,8.192000e+09,8.16,1.536000e+09,113.90,in_range,,,,2472,2368,,59,59,51,,-1,-1,-1.000000,-1,t
cpu-gpu-v2,2026-07-19T07:04:22,"20260718_205238_session2",325,325,5,"AXPY","openmp_axpy",cpu_native,"AMD Ryzen Threadripper 3970X 32-Core Processor",16,128000000,"elements=128000000",32,1.003564,1.003564,1.003564,114.359885,114.359885,-1.000000,3.573746e+00,113.953809,1.395995e-08,31.361360,31.361360,8.192000e+09,8.16,1.536000e+09,113.95,in_range,,,,2400,2368,,56,56,52,,-1,-1,-1.000000,-1,t
cpu-gpu-v2,2026-07-19T07:04:23,"20260718_205238_session2",326,326,6,"AXPY","openmp_axpy",cpu_native,"AMD Ryzen Threadripper 3970X 32-Core Processor",16,128000000,"elements=128000000",32,1.003674,1.003674,1.003674,114.527219,114.527219,-1.000000,3.578976e+00,114.107950,1.398037e-08,31.364823,31.364823,8.192000e+09,8.16,1.536000e+09,114.11,in_range,,,,2403,2371,,56,56,51,,-1,-1,-1.000000,-1,t
cpu-gpu-v2,2026-07-19T07:04:24,"20260718_205238_session2",327,327,7,"AXPY","openmp_axpy",cpu_native,"AMD Ryzen Threadripper 3970X 32-Core Processor",16,128000000,"elements=128000000",32,1.003544,1.003544,1.003544,114.593714,114.593714,-1.000000,3.581054e+00,114.189052,1.398849e-08,31.360743,31.360743,8.192000e+09,8.16,1.536000e+09,114.19,in_range,,,,2434,2374,,56,56,52,,-1,-1,-1.000000,-1,t
cpu-gpu-v2,2026-07-19T07:04:25,"20260718_205238_session2",328,328,8,"AXPY","openmp_axpy",cpu_native,"AMD Ryzen Threadripper 3970X 32-Core Processor",16,128000000,"elements=128000000",32,1.003754,1.003754,1.003754,114.622537,114.622537,-1.000000,3.581954e+00,114.193880,1.399201e-08,31.367305,31.367305,8.192000e+09,8.16,1.536000e+09,114.19,in_range,,,,2398,2368,,56,56,51,,-1,-1,-1.000000,-1,t
cpu-gpu-v2,2026-07-19T07:04:26,"20260718_205238_session2",329,329,9,"AXPY","openmp_axpy",cpu_native,"AMD Ryzen Threadripper 3970X 32-Core Processor",16,128000000,"elements=128000000",32,1.003607,1.003607,1.003607,114.662512,114.662512,-1.000000,3.583204e+00,114.250378,1.399689e-08,31.362728,31.362728,8.192000e+09,8.16,1.536000e+09,114.25,in_range,,,,2439,2371,,56,56,51,,-1,-1,-1.000000,-1,t
cpu-gpu-v2,2026-07-19T07:04:27,"20260718_205238_session2",330,330,10,"AXPY","openmp_axpy",cpu_native,"AMD Ryzen Threadripper 3970X 32-Core Processor",16,128000000,"elements=128000000",32,1.003533,1.003533,1.003533,114.596384,114.596384,-1.000000,3.581137e+00,114.192885,1.398882e-08,31.360421,31.360421,8.192000e+09,8.16,1.536000e+09,114.19,in_range,,,,2442,2372,,56,56,52,,-1,-1,-1.000000,-1,t
cpu-gpu-v2,2026-07-19T07:04:29,"20260718_205238_session2",331,331,1,"AXPY","openmp_axpy",cpu_native,"AMD Ryzen Threadripper 3970X 32-Core Processor",8,8000000,"elements=8000000",378,1.002108,1.002108,1.002108,89.822229,89.822229,-1.000000,2.376249e-01,89.633288,1.485156e-08,2.651079,2.651079,6.048000e+09,6.04,9.600000e+07,89.63,in_range,,,,2108,2074,,62,62,58,,-1,-1,-1.000000,-1,t
cpu-gpu-v2,2026-07-19T07:04:30,"20260718_205238_session2",332,332,2,"AXPY","openmp_axpy",cpu_native,"AMD Ryzen Threadripper 3970X 32-Core Processor",8,8000000,"elements=8000000",378,1.002051,1.002051,1.002051,89.741071,89.741071,-1.000000,2.374102e-01,89.557429,1.483814e-08,2.650927,2.650927,6.048000e+09,6.04,9.600000e+07,89.56,in_range,,,,2113,2105,,58,58,57,,-1,-1,-1.000000,-1,t
cpu-gpu-v2,2026-07-19T07:04:31,"20260718_205238_session2",333,333,3,"AXPY","openmp_axpy",cpu_native,"AMD Ryzen Threadripper 3970X 32-Core Processor",8,8000000,"elements=8000000",378,1.002039,1.002039,1.002039,89.714064,89.714064,-1.000000,2.373388e-01,89.531543,1.483367e-08,2.650896,2.650896,6.048000e+09,6.04,9.600000e+07,89.53,in_range,,,,2182,2073,,62,62,55,,-1,-1,-1.000000,-1,t
cpu-gpu-v2,2026-07-19T07:04:32,"20260718_205238_session2",334,334,4,"AXPY","openmp_axpy",cpu_native,"AMD Ryzen Threadripper 3970X 32-Core Processor",8,8000000,"elements=8000000",378,1.001828,1.001828,1.001828,89.720793,89.720793,-1.000000,2.373566e-01,89.557106,1.483479e-08,2.650338,2.650338,6.048000e+09,6.04,9.600000e+07,89.56,in_range,,,,2113,2071,,57,57,54,,-1,-1,-1.000000,-1,t
cpu-gpu-v2,2026-07-19T07:04:33,"20260718_205238_session2",335,335,5,"AXPY","openmp_axpy",cpu_native,"AMD Ryzen Threadripper 3970X 32-Core Processor",8,8000000,"elements=8000000",378,1.001639,1.001639,1.001639,89.595571,89.595571,-1.000000,2.370253e-01,89.448970,1.481408e-08,2.649838,2.649838,6.048000e+09,6.04,9.600000e+07,89.45,in_range,,,,2116,2070,,58,58,53,,-1,-1,-1.000000,-1,t
cpu-gpu-v2,2026-07-19T07:04:34,"20260718_205238_session2",336,336,6,"AXPY","openmp_axpy",cpu_native,"AMD Ryzen Threadripper 3970X 32-Core Processor",8,8000000,"elements=8000000",378,1.001803,1.001803,1.001803,89.685380,89.685380,-1.000000,2.372629e-01,89.523972,1.482893e-08,2.650272,2.650272,6.048000e+09,6.04,9.600000e+07,89.52,in_range,,,,2115,2074,,62,62,60,,-1,-1,-1.000000,-1,t
cpu-gpu-v2,2026-07-19T07:04:35,"20260718_205238_session2",337,337,7,"AXPY","openmp_axpy",cpu_native,"AMD Ryzen Threadripper 3970X 32-Core Processor",8,8000000,"elements=8000000",378,1.001762,1.001762,1.001762,89.701782,89.701782,-1.000000,2.373063e-01,89.543992,1.483164e-08,2.650164,2.650164,6.048000e+09,6.04,9.600000e+07,89.54,in_range,,,,2110,2071,,60,60,59,,-1,-1,-1.000000,-1,t
cpu-gpu-v2,2026-07-19T07:04:36,"20260718_205238_session2",338,338,8,"AXPY","openmp_axpy",cpu_native,"AMD Ryzen Threadripper 3970X 32-Core Processor",8,8000000,"elements=8000000",378,1.001519,1.001519,1.001519,89.687287,89.687287,-1.000000,2.372680e-01,89.551276,1.482925e-08,2.649521,2.649521,6.048000e+09,6.04,9.600000e+07,89.55,in_range,,,,2110,2075,,59,59,57,,-1,-1,-1.000000,-1,t
cpu-gpu-v2,2026-07-19T07:04:37,"20260718_205238_session2",339,339,9,"AXPY","openmp_axpy",cpu_native,"AMD Ryzen Threadripper 3970X 32-Core Processor",8,8000000,"elements=8000000",378,1.001228,1.001228,1.001228,89.572211,89.572211,-1.000000,2.369635e-01,89.462322,1.481022e-08,2.648752,2.648752,6.048000e+09,6.04,9.600000e+07,89.46,in_range,,,,2114,2072,,57,57,56,,-1,-1,-1.000000,-1,t
cpu-gpu-v2,2026-07-19T07:04:38,"20260718_205238_session2",340,340,10,"AXPY","openmp_axpy",cpu_native,"AMD Ryzen Threadripper 3970X 32-Core Processor",8,8000000,"elements=8000000",378,1.002889,1.002889,1.002889,89.695801,89.695801,-1.000000,2.372905e-01,89.437443,1.483065e-08,2.653145,2.653145,6.048000e+09,6.03,9.600000e+07,89.44,in_range,,,,2113,2075,,56,56,54,,-1,-1,-1.000000,-1,t
cpu-gpu-v2,2026-07-19T07:04:41,"20260718_205238_session2",341,341,1,"AXPY","openmp_axpy",cpu_native,"AMD Ryzen Threadripper 3970X 32-Core Processor",10,32000000,"elements=32000000",103,1.006392,1.006392,1.006392,94.785107,94.785107,-1.000000,9.202438e-01,94.183090,1.437881e-08,9.770796,9.770796,6.592000e+09,6.55,3.840000e+08,94.18,in_range,,,,2177,2141,,57,57,51,,-1,-1,-1.000000,-1,t
cpu-gpu-v2,2026-07-19T07:04:42,"20260718_205238_session2",342,342,2,"AXPY","openmp_axpy",cpu_native,"AMD Ryzen Threadripper 3970X 32-Core Processor",10,32000000,"elements=32000000",103,1.006287,1.006287,1.006287,94.728392,94.728392,-1.000000,9.196931e-01,94.136526,1.437021e-08,9.769780,9.769780,6.592000e+09,6.55,3.840000e+08,94.14,in_range,,,,2179,2178,,61,61,60,,-1,-1,-1.000000,-1,t
cpu-gpu-v2,2026-07-19T07:04:44,"20260718_205238_session2",343,343,3,"AXPY","openmp_axpy",cpu_native,"AMD Ryzen Threadripper 3970X 32-Core Processor",10,32000000,"elements=32000000",103,1.006246,1.006246,1.006246,94.678560,94.678560,-1.000000,9.192093e-01,94.090878,1.436265e-08,9.769378,9.769378,6.592000e+09,6.55,3.840000e+08,94.09,in_range,,,,2208,2144,,61,61,58,,-1,-1,-1.000000,-1,t
cpu-gpu-v2,2026-07-19T07:04:45,"20260718_205238_session2",344,344,4,"AXPY","openmp_axpy",cpu_native,"AMD Ryzen Threadripper 3970X 32-Core Processor",10,32000000,"elements=32000000",103,1.006458,1.006458,1.006458,94.632085,94.632085,-1.000000,9.187581e-01,94.024866,1.435560e-08,9.771438,9.771438,6.592000e+09,6.55,3.840000e+08,94.02,in_range,,,,2178,2143,,58,58,57,,-1,-1,-1.000000,-1,t
cpu-gpu-v2,2026-07-19T07:04:46,"20260718_205238_session2",345,345,5,"AXPY","openmp_axpy",cpu_native,"AMD Ryzen Threadripper 3970X 32-Core Processor",10,32000000,"elements=32000000",103,1.006569,1.006569,1.006569,94.708206,94.708206,-1.000000,9.194971e-01,94.090122,1.436714e-08,9.772515,9.772515,6.592000e+09,6.55,3.840000e+08,94.09,in_range,,,,2178,2142,,61,61,55,,-1,-1,-1.000000,-1,t
cpu-gpu-v2,2026-07-19T07:04:47,"20260718_205238_session2",346,346,6,"AXPY","openmp_axpy",cpu_native,"AMD Ryzen Threadripper 3970X 32-Core Processor",10,32000000,"elements=32000000",103,1.006670,1.006670,1.006670,94.939716,94.939716,-1.000000,9.217448e-01,94.310700,1.440226e-08,9.773491,9.773491,6.592000e+09,6.55,3.840000e+08,94.31,in_range,,,,2178,2172,,58,58,54,,-1,-1,-1.000000,-1,t
cpu-gpu-v2,2026-07-19T07:04:48,"20260718_205238_session2",347,347,7,"AXPY","openmp_axpy",cpu_native,"AMD Ryzen Threadripper 3970X 32-Core Processor",10,32000000,"elements=32000000",103,1.006769,1.006769,1.006769,94.768033,94.768033,-1.000000,9.200780e-01,94.130891,1.437622e-08,9.774453,9.774453,6.592000e+09,6.55,3.840000e+08,94.13,in_range,,,,2284,2182,,59,59,52,,-1,-1,-1.000000,-1,t
cpu-gpu-v2,2026-07-19T07:04:49,"20260718_205238_session2",348,348,8,"AXPY","openmp_axpy",cpu_native,"AMD Ryzen Threadripper 3970X 32-Core Processor",10,32000000,"elements=32000000",103,1.006758,1.006758,1.006758,94.619923,94.619923,-1.000000,9.186400e-01,93.984802,1.435375e-08,9.774347,9.774347,6.592000e+09,6.55,3.840000e+08,93.98,in_range,,,,2179,2142,,58,58,52,,-1,-1,-1.000000,-1,t
cpu-gpu-v2,2026-07-19T07:04:50,"20260718_205238_session2",349,349,9,"AXPY","openmp_axpy",cpu_native,"AMD Ryzen Threadripper 3970X 32-Core Processor",10,32000000,"elements=32000000",103,1.006583,1.006583,1.006583,94.803249,94.803249,-1.000000,9.204199e-01,94.183235,1.438156e-08,9.772651,9.772651,6.592000e+09,6.55,3.840000e+08,94.18,in_range,,,,2181,2145,,57,57,51,,-1,-1,-1.000000,-1,t
cpu-gpu-v2,2026-07-19T07:04:51,"20260718_205238_session2",350,350,10,"AXPY","openmp_axpy",cpu_native,"AMD Ryzen Threadripper 3970X 32-Core Processor",10,32000000,"elements=32000000",103,1.006793,1.006793,1.006793,94.822931,94.822931,-1.000000,9.206110e-01,94.183114,1.438455e-08,9.774692,9.774692,6.592000e+09,6.55,3.840000e+08,94.18,in_range,,,,2178,2144,,61,61,59,,-1,-1,-1.000000,-1,t
cpu-gpu-v2,2026-07-19T07:04:53,"20260718_205238_session2",351,351,1,"AXPY","openmp_axpy",cpu_native,"AMD Ryzen Threadripper 3970X 32-Core Processor",32,32000000,"elements=32000000",141,1.006120,1.006120,1.006120,149.251895,149.251895,-1.000000,1.058524e+00,148.344072,1.653944e-08,7.135601,7.135601,9.024000e+09,8.97,3.840000e+08,148.34,in_range,,,,3014,2977,,56,56,55,,-1,-1,-1.000000,-1,t
cpu-gpu-v2,2026-07-19T07:04:55,"20260718_205238_session2",352,352,2,"AXPY","openmp_axpy",cpu_native,"AMD Ryzen Threadripper 3970X 32-Core Processor",32,32000000,"elements=32000000",141,1.006095,1.006095,1.006095,149.520893,149.520893,-1.000000,1.060432e+00,148.615114,1.656925e-08,7.135424,7.135424,9.024000e+09,8.97,3.840000e+08,148.62,in_range,,,,3015,2977,,55,55,53,,-1,-1,-1.000000,-1,t
cpu-gpu-v2,2026-07-19T07:04:56,"20260718_205238_session2",353,353,3,"AXPY","openmp_axpy",cpu_native,"AMD Ryzen Threadripper 3970X 32-Core Processor",32,32000000,"elements=32000000",141,1.006428,1.006428,1.006428,149.967831,149.967831,-1.000000,1.063602e+00,149.009963,1.661878e-08,7.137789,7.137789,9.024000e+09,8.97,3.840000e+08,149.01,in_range,,,,3015,2976,,56,56,52,,-1,-1,-1.000000,-1,t
cpu-gpu-v2,2026-07-19T07:04:57,"20260718_205238_session2",354,354,4,"AXPY","openmp_axpy",cpu_native,"AMD Ryzen Threadripper 3970X 32-Core Processor",32,32000000,"elements=32000000",141,1.006333,1.006333,1.006333,149.778418,149.778418,-1.000000,1.062258e+00,148.835816,1.659779e-08,7.137115,7.137115,9.024000e+09,8.97,3.840000e+08,148.84,in_range,,,,3002,3052,,55,55,52,,-1,-1,-1.000000,-1,t
cpu-gpu-v2,2026-07-19T07:04:58,"20260718_205238_session2",355,355,5,"AXPY","openmp_axpy",cpu_native,"AMD Ryzen Threadripper 3970X 32-Core Processor",32,32000000,"elements=32000000",141,1.006474,1.006474,1.006474,149.669948,149.669948,-1.000000,1.061489e+00,148.707185,1.658577e-08,7.138115,7.138115,9.024000e+09,8.97,3.840000e+08,148.71,in_range,,,,3037,2965,,55,55,53,,-1,-1,-1.000000,-1,t
cpu-gpu-v2,2026-07-19T07:04:59,"20260718_205238_session2",356,356,6,"AXPY","openmp_axpy",cpu_native,"AMD Ryzen Threadripper 3970X 32-Core Processor",32,32000000,"elements=32000000",141,1.006343,1.006343,1.006343,149.656522,149.656522,-1.000000,1.061394e+00,148.713257,1.658428e-08,7.137183,7.137183,9.024000e+09,8.97,3.840000e+08,148.71,in_range,,,,3039,2963,,57,57,53,,-1,-1,-1.000000,-1,t
cpu-gpu-v2,2026-07-19T07:05:00,"20260718_205238_session2",357,357,7,"AXPY","openmp_axpy",cpu_native,"AMD Ryzen Threadripper 3970X 32-Core Processor",32,32000000,"elements=32000000",141,1.006852,1.006852,1.006852,149.843157,149.843157,-1.000000,1.062717e+00,148.823488,1.660496e-08,7.140791,7.140791,9.024000e+09,8.96,3.840000e+08,148.82,in_range,,,,3002,2999,,55,55,53,,-1,-1,-1.000000,-1,t
cpu-gpu-v2,2026-07-19T07:05:01,"20260718_205238_session2",358,358,8,"AXPY","openmp_axpy",cpu_native,"AMD Ryzen Threadripper 3970X 32-Core Processor",32,32000000,"elements=32000000",141,1.006906,1.006906,1.006906,149.861268,149.861268,-1.000000,1.062846e+00,148.833399,1.660697e-08,7.141179,7.141179,9.024000e+09,8.96,3.840000e+08,148.83,in_range,,,,3078,2998,,56,56,53,,-1,-1,-1.000000,-1,t
cpu-gpu-v2,2026-07-19T07:05:02,"20260718_205238_session2",359,359,9,"AXPY","openmp_axpy",cpu_native,"AMD Ryzen Threadripper 3970X 32-Core Processor",32,32000000,"elements=32000000",141,1.007755,1.007755,1.007755,150.159044,150.159044,-1.000000,1.064958e+00,149.003486,1.663996e-08,7.147200,7.147200,9.024000e+09,8.95,3.840000e+08,149.00,in_range,,,,3040,2956,,57,57,53,,-1,-1,-1.000000,-1,t
cpu-gpu-v2,2026-07-19T07:05:03,"20260718_205238_session2",360,360,10,"AXPY","openmp_axpy",cpu_native,"AMD Ryzen Threadripper 3970X 32-Core Processor",32,32000000,"elements=32000000",141,1.006496,1.006496,1.006496,150.088110,150.088110,-1.000000,1.064455e+00,149.119489,1.663210e-08,7.138267,7.138267,9.024000e+09,8.97,3.840000e+08,149.12,in_range,,,,3002,2962,,57,57,54,,-1,-1,-1.000000,-1,t
cpu-gpu-v2,2026-07-19T07:05:08,"20260718_205238_session2",361,361,1,"AXPY","openmp_axpy",cpu_native,"AMD Ryzen Threadripper 3970X 32-Core Processor",4,2000000,"elements=2000000",6705,1.005010,1.005010,1.005010,95.071560,95.071560,-1.000000,1.417920e-02,94.597581,3.544801e-09,0.149890,0.149890,2.682000e+10,26.69,2.400000e+07,94.60,in_range,,,,1989,1981,,62,62,61,,-1,-1,-1.000000,-1,t
cpu-gpu-v2,2026-07-19T07:05:09,"20260718_205238_session2",362,362,2,"AXPY","openmp_axpy",cpu_native,"AMD Ryzen Threadripper 3970X 32-Core Processor",4,2000000,"elements=2000000",6705,0.996996,0.996996,0.996996,94.293037,94.293037,-1.000000,1.406309e-02,94.577166,3.515773e-09,0.148694,0.148694,2.682000e+10,26.90,2.400000e+07,94.58,in_range,,,,2021,1951,,61,61,61,,-1,-1,-1.000000,-1,t
cpu-gpu-v2,2026-07-19T07:05:10,"20260718_205238_session2",363,363,3,"AXPY","openmp_axpy",cpu_native,"AMD Ryzen Threadripper 3970X 32-Core Processor",4,2000000,"elements=2000000",6705,0.997878,0.997878,0.997878,94.283912,94.283912,-1.000000,1.406173e-02,94.484429,3.515433e-09,0.148826,0.148826,2.682000e+10,26.88,2.400000e+07,94.48,in_range,,,,1990,1911,,61,61,61,,-1,-1,-1.000000,-1,t
cpu-gpu-v2,2026-07-19T07:05:11,"20260718_205238_session2",364,364,4,"AXPY","openmp_axpy",cpu_native,"AMD Ryzen Threadripper 3970X 32-Core Processor",4,2000000,"elements=2000000",6705,0.998800,0.998800,0.998800,94.388810,94.388810,-1.000000,1.407738e-02,94.502243,3.519344e-09,0.148963,0.148963,2.682000e+10,26.85,2.400000e+07,94.50,in_range,,,,1950,1911,,61,61,61,,-1,-1,-1.000000,-1,t
cpu-gpu-v2,2026-07-19T07:05:12,"20260718_205238_session2",365,365,5,"AXPY","openmp_axpy",cpu_native,"AMD Ryzen Threadripper 3970X 32-Core Processor",4,2000000,"elements=2000000",6705,0.998983,0.998983,0.998983,94.339008,94.339008,-1.000000,1.406995e-02,94.435089,3.517487e-09,0.148991,0.148991,2.682000e+10,26.85,2.400000e+07,94.44,in_range,,,,1950,1951,,61,61,61,,-1,-1,-1.000000,-1,t
cpu-gpu-v2,2026-07-19T07:05:13,"20260718_205238_session2",366,366,6,"AXPY","openmp_axpy",cpu_native,"AMD Ryzen Threadripper 3970X 32-Core Processor",4,2000000,"elements=2000000",6705,1.003908,1.003908,1.003908,94.788860,94.788860,-1.000000,1.413704e-02,94.419852,3.534260e-09,0.149725,0.149725,2.682000e+10,26.72,2.400000e+07,94.42,in_range,,,,1990,1983,,62,62,60,,-1,-1,-1.000000,-1,t
cpu-gpu-v2,2026-07-19T07:05:14,"20260718_205238_session2",367,367,7,"AXPY","openmp_axpy",cpu_native,"AMD Ryzen Threadripper 3970X 32-Core Processor",4,2000000,"elements=2000000",6705,0.991807,0.991807,0.991807,93.747243,93.747243,-1.000000,1.398169e-02,94.521642,3.495423e-09,0.147921,0.147921,2.682000e+10,27.04,2.400000e+07,94.52,in_range,,,,2023,1911,,60,60,60,,-1,-1,-1.000000,-1,t
cpu-gpu-v2,2026-07-19T07:05:15,"20260718_205238_session2",368,368,8,"AXPY","openmp_axpy",cpu_native,"AMD Ryzen Threadripper 3970X 32-Core Processor",4,2000000,"elements=2000000",6705,0.999907,0.999907,0.999907,94.436324,94.436324,-1.000000,1.408446e-02,94.445148,3.521116e-09,0.149128,0.149128,2.682000e+10,26.82,2.400000e+07,94.45,in_range,,,,1953,1953,,60,60,60,,-1,-1,-1.000000,-1,t
cpu-gpu-v2,2026-07-19T07:05:16,"20260718_205238_session2",369,369,9,"AXPY","openmp_axpy",cpu_native,"AMD Ryzen Threadripper 3970X 32-Core Processor",4,2000000,"elements=2000000",6705,0.996881,0.996881,0.996881,94.174482,94.174482,-1.000000,1.404541e-02,94.469090,3.511353e-09,0.148677,0.148677,2.682000e+10,26.90,2.400000e+07,94.47,in_range,,,,1991,1953,,62,62,60,,-1,-1,-1.000000,-1,t
cpu-gpu-v2,2026-07-19T07:05:17,"20260718_205238_session2",370,370,10,"AXPY","openmp_axpy",cpu_native,"AMD Ryzen Threadripper 3970X 32-Core Processor",4,2000000,"elements=2000000",6705,0.992158,0.992158,0.992158,93.767734,93.767734,-1.000000,1.398475e-02,94.508906,3.496187e-09,0.147973,0.147973,2.682000e+10,27.03,2.400000e+07,94.51,in_range,,,,1993,1953,,60,60,60,,-1,-1,-1.000000,-1,t
cpu-gpu-v2,2026-07-19T07:05:19,"20260718_205238_session2",371,371,1,"AXPY","openmp_axpy",cpu_native,"AMD Ryzen Threadripper 3970X 32-Core Processor",20,2000000,"elements=2000000",97377,1.023799,1.023799,1.023799,293.249255,293.249255,-1.000000,3.011484e-03,286.432313,7.528709e-10,0.010514,0.010514,3.895080e+11,380.45,2.400000e+07,286.43,in_range,,,,2492,2562,,75,74,75,,-1,-1,-1.000000,-1,t
cpu-gpu-v2,2026-07-19T07:05:20,"20260718_205238_session2",372,372,2,"AXPY","openmp_axpy",cpu_native,"AMD Ryzen Threadripper 3970X 32-Core Processor",20,2000000,"elements=2000000",97377,1.023823,1.023823,1.023823,293.668910,293.668910,-1.000000,3.015793e-03,286.835622,7.539483e-10,0.010514,0.010514,3.895080e+11,380.44,2.400000e+07,286.84,in_range,,,,2593,2516,,77,75,77,,-1,-1,-1.000000,-1,t
cpu-gpu-v2,2026-07-19T07:05:21,"20260718_205238_session2",373,373,3,"AXPY","openmp_axpy",cpu_native,"AMD Ryzen Threadripper 3970X 32-Core Processor",20,2000000,"elements=2000000",97377,1.066122,1.066122,1.066122,305.795816,305.795816,-1.000000,3.140329e-03,286.829939,7.850822e-10,0.010948,0.010948,3.895080e+11,365.35,2.400000e+07,286.83,in_range,,,,2594,2507,,77,76,77,,-1,-1,-1.000000,-1,t
cpu-gpu-v2,2026-07-19T07:05:22,"20260718_205238_session2",374,374,4,"AXPY","openmp_axpy",cpu_native,"AMD Ryzen Threadripper 3970X 32-Core Processor",20,2000000,"elements=2000000",97377,1.119017,1.119017,1.119017,321.010758,321.010758,-1.000000,3.296577e-03,286.868462,8.241442e-10,0.011492,0.011492,3.895080e+11,348.08,2.400000e+07,286.87,in_range,,,,2570,2440,,79,77,79,,-1,-1,-1.000000,-1,t
cpu-gpu-v2,2026-07-19T07:05:23,"20260718_205238_session2",375,375,5,"AXPY","openmp_axpy",cpu_native,"AMD Ryzen Threadripper 3970X 32-Core Processor",20,2000000,"elements=2000000",97377,1.085722,1.085722,1.085722,311.569306,311.569306,-1.000000,3.199619e-03,286.969735,7.999048e-10,0.011150,0.011150,3.895080e+11,358.75,2.400000e+07,286.97,in_range,,,,2461,2538,,79,79,79,,-1,-1,-1.000000,-1,t
cpu-gpu-v2,2026-07-19T07:05:24,"20260718_205238_session2",376,376,6,"AXPY","openmp_axpy",cpu_native,"AMD Ryzen Threadripper 3970X 32-Core Processor",20,2000000,"elements=2000000",97377,1.109478,1.109478,1.109478,318.384383,318.384383,-1.000000,3.269606e-03,286.967722,8.174014e-10,0.011394,0.011394,3.895080e+11,351.07,2.400000e+07,286.97,in_range,,,,2563,2485,,81,79,81,,-1,-1,-1.000000,-1,t
cpu-gpu-v2,2026-07-19T07:05:25,"20260718_205238_session2",377,377,7,"AXPY","openmp_axpy",cpu_native,"AMD Ryzen Threadripper 3970X 32-Core Processor",20,2000000,"elements=2000000",97377,1.019234,1.019234,1.019234,292.267859,292.267859,-1.000000,3.001405e-03,286.752556,7.503514e-10,0.010467,0.010467,3.895080e+11,382.16,2.400000e+07,286.75,in_range,,,,2543,2506,,81,81,81,,-1,-1,-1.000000,-1,t
cpu-gpu-v2,2026-07-19T07:05:26,"20260718_205238_session2",378,378,8,"AXPY","openmp_axpy",cpu_native,"AMD Ryzen Threadripper 3970X 32-Core Processor",20,2000000,"elements=2000000",97377,1.020075,1.020075,1.020075,292.633868,292.633868,-1.000000,3.005164e-03,286.874808,7.512910e-10,0.010476,0.010476,3.895080e+11,381.84,2.400000e+07,286.87,in_range,,,,2535,2513,,82,81,82,,-1,-1,-1.000000,-1,t
cpu-gpu-v2,2026-07-19T07:05:28,"20260718_205238_session2",379,379,9,"AXPY","openmp_axpy",cpu_native,"AMD Ryzen Threadripper 3970X 32-Core Processor",20,2000000,"elements=2000000",97377,1.102118,1.102118,1.102118,316.134667,316.134667,-1.000000,3.246502e-03,286.842870,8.116256e-10,0.011318,0.011318,3.895080e+11,353.42,2.400000e+07,286.84,in_range,,,,2541,2557,,82,82,81,,-1,-1,-1.000000,-1,t
cpu-gpu-v2,2026-07-19T07:05:29,"20260718_205238_session2",380,380,10,"AXPY","openmp_axpy",cpu_native,"AMD Ryzen Threadripper 3970X 32-Core Processor",20,2000000,"elements=2000000",97377,1.071761,1.071761,1.071761,307.449127,307.449127,-1.000000,3.157307e-03,286.863520,7.893269e-10,0.011006,0.011006,3.895080e+11,363.43,2.400000e+07,286.86,in_range,,,,2638,2475,,82,81,82,,-1,-1,-1.000000,-1,t
cpu-gpu-v2,2026-07-19T07:05:31,"20260718_205238_session2",381,381,1,"AXPY","openmp_axpy",cpu_native,"AMD Ryzen Threadripper 3970X 32-Core Processor",10,16000000,"elements=16000000",208,1.002227,1.002227,1.002227,96.384680,96.384680,-1.000000,4.633879e-01,96.170514,1.448087e-08,4.818399,4.818399,6.656000e+09,6.64,1.920000e+08,96.17,in_range,,,,2169,2173,,79,79,78,,-1,-1,-1.000000,-1,t
cpu-gpu-v2,2026-07-19T07:05:32,"20260718_205238_session2",382,382,2,"AXPY","openmp_axpy",cpu_native,"AMD Ryzen Threadripper 3970X 32-Core Processor",10,16000000,"elements=16000000",208,1.002137,1.002137,1.002137,96.030160,96.030160,-1.000000,4.616835e-01,95.825371,1.442761e-08,4.817967,4.817967,6.656000e+09,6.64,1.920000e+08,95.83,in_range,,,,2168,2140,,78,78,76,,-1,-1,-1.000000,-1,t
cpu-gpu-v2,2026-07-19T07:05:33,"20260718_205238_session2",383,383,3,"AXPY","openmp_axpy",cpu_native,"AMD Ryzen Threadripper 3970X 32-Core Processor",10,16000000,"elements=16000000",208,1.002286,1.002286,1.002286,95.570467,95.570467,-1.000000,4.594734e-01,95.352499,1.435854e-08,4.818682,4.818682,6.656000e+09,6.64,1.920000e+08,95.35,in_range,,,,2171,2140,,76,76,74,,-1,-1,-1.000000,-1,t
cpu-gpu-v2,2026-07-19T07:05:34,"20260718_205238_session2",384,384,4,"AXPY","openmp_axpy",cpu_native,"AMD Ryzen Threadripper 3970X 32-Core Processor",10,16000000,"elements=16000000",208,1.001690,1.001690,1.001690,95.280305,95.280305,-1.000000,4.580784e-01,95.119536,1.431495e-08,4.815818,4.815818,6.656000e+09,6.64,1.920000e+08,95.12,in_range,,,,2174,2140,,74,74,73,,-1,-1,-1.000000,-1,t
cpu-gpu-v2,2026-07-19T07:05:35,"20260718_205238_session2",385,385,5,"AXPY","openmp_axpy",cpu_native,"AMD Ryzen Threadripper 3970X 32-Core Processor",10,16000000,"elements=16000000",208,1.001962,1.001962,1.001962,95.343290,95.343290,-1.000000,4.583812e-01,95.156567,1.432441e-08,4.817126,4.817126,6.656000e+09,6.64,1.920000e+08,95.16,in_range,,,,2179,2178,,73,73,71,,-1,-1,-1.000000,-1,t
cpu-gpu-v2,2026-07-19T07:05:36,"20260718_205238_session2",386,386,6,"AXPY","openmp_axpy",cpu_native,"AMD Ryzen Threadripper 3970X 32-Core Processor",10,16000000,"elements=16000000",208,1.002181,1.002181,1.002181,95.122217,95.122217,-1.000000,4.573184e-01,94.915244,1.429120e-08,4.818176,4.818176,6.656000e+09,6.64,1.920000e+08,94.92,in_range,,,,2215,2140,,71,71,70,,-1,-1,-1.000000,-1,t
cpu-gpu-v2,2026-07-19T07:05:37,"20260718_205238_session2",387,387,7,"AXPY","openmp_axpy",cpu_native,"AMD Ryzen Threadripper 3970X 32-Core Processor",10,16000000,"elements=16000000",208,1.002319,1.002319,1.002319,95.062101,95.062101,-1.000000,4.570293e-01,94.842159,1.428217e-08,4.818842,4.818842,6.656000e+09,6.64,1.920000e+08,94.84,in_range,,,,2178,2170,,70,70,68,,-1,-1,-1.000000,-1,t
cpu-gpu-v2,2026-07-19T07:05:38,"20260718_205238_session2",388,388,8,"AXPY","openmp_axpy",cpu_native,"AMD Ryzen Threadripper 3970X 32-Core Processor",10,16000000,"elements=16000000",208,1.002136,1.002136,1.002136,94.932331,94.932331,-1.000000,4.564054e-01,94.730021,1.426267e-08,4.817960,4.817960,6.656000e+09,6.64,1.920000e+08,94.73,in_range,,,,2209,2144,,68,68,67,,-1,-1,-1.000000,-1,t
cpu-gpu-v2,2026-07-19T07:05:39,"20260718_205238_session2",389,389,9,"AXPY","openmp_axpy",cpu_native,"AMD Ryzen Threadripper 3970X 32-Core Processor",10,16000000,"elements=16000000",208,1.002514,1.002514,1.002514,95.000961,95.000961,-1.000000,4.567354e-01,94.762742,1.427298e-08,4.819778,4.819778,6.656000e+09,6.64,1.920000e+08,94.76,in_range,,,,2176,2144,,67,67,65,,-1,-1,-1.000000,-1,t
cpu-gpu-v2,2026-07-19T07:05:40,"20260718_205238_session2",390,390,10,"AXPY","openmp_axpy",cpu_native,"AMD Ryzen Threadripper 3970X 32-Core Processor",10,16000000,"elements=16000000",208,1.002256,1.002256,1.002256,94.890295,94.890295,-1.000000,4.562033e-01,94.676750,1.425635e-08,4.818536,4.818536,6.656000e+09,6.64,1.920000e+08,94.68,in_range,,,,2213,2183,,65,65,63,,-1,-1,-1.000000,-1,t
cpu-gpu-v2,2026-07-19T07:05:46,"20260718_205238_session2",391,391,1,"AXPY","openmp_axpy",cpu_native,"AMD Ryzen Threadripper 3970X 32-Core Processor",2,2000000,"elements=2000000",3918,0.996590,0.996590,0.996590,81.661579,81.661579,-1.000000,2.084267e-02,81.941029,5.210667e-09,0.254362,0.254362,1.567200e+10,15.73,2.400000e+07,81.94,in_range,,,,1915,1833,,57,57,57,,-1,-1,-1.000000,-1,t
cpu-gpu-v2,2026-07-19T07:05:47,"20260718_205238_session2",392,392,2,"AXPY","openmp_axpy",cpu_native,"AMD Ryzen Threadripper 3970X 32-Core Processor",2,2000000,"elements=2000000",3918,0.996027,0.996027,0.996027,82.243229,82.243229,-1.000000,2.099113e-02,82.571264,5.247781e-09,0.254218,0.254218,1.567200e+10,15.73,2.400000e+07,82.57,in_range,,,,1873,1874,,57,57,57,,-1,-1,-1.000000,-1,t
cpu-gpu-v2,2026-07-19T07:05:48,"20260718_205238_session2",393,393,3,"AXPY","openmp_axpy",cpu_native,"AMD Ryzen Threadripper 3970X 32-Core Processor",2,2000000,"elements=2000000",3918,0.990731,0.990731,0.990731,81.289787,81.289787,-1.000000,2.074778e-02,82.050331,5.186944e-09,0.252866,0.252866,1.567200e+10,15.82,2.400000e+07,82.05,in_range,,,,1915,1834,,57,57,57,,-1,-1,-1.000000,-1,t
cpu-gpu-v2,2026-07-19T07:05:49,"20260718_205238_session2",394,394,4,"AXPY","openmp_axpy",cpu_native,"AMD Ryzen Threadripper 3970X 32-Core Processor",2,2000000,"elements=2000000",3918,0.996381,0.996381,0.996381,81.847757,81.847757,-1.000000,2.089019e-02,82.145072,5.222547e-09,0.254308,0.254308,1.567200e+10,15.73,2.400000e+07,82.15,in_range,,,,1871,1874,,57,57,57,,-1,-1,-1.000000,-1,t
cpu-gpu-v2,2026-07-19T07:05:50,"20260718_205238_session2",395,395,5,"AXPY","openmp_axpy",cpu_native,"AMD Ryzen Threadripper 3970X 32-Core Processor",2,2000000,"elements=2000000",3918,0.987673,0.987673,0.987673,80.969064,80.969064,-1.000000,2.066592e-02,81.979604,5.166479e-09,0.252086,0.252086,1.567200e+10,15.87,2.400000e+07,81.98,in_range,,,,1914,1833,,60,60,57,,-1,-1,-1.000000,-1,t
cpu-gpu-v2,2026-07-19T07:05:51,"20260718_205238_session2",396,396,6,"AXPY","openmp_axpy",cpu_native,"AMD Ryzen Threadripper 3970X 32-Core Processor",2,2000000,"elements=2000000",3918,0.987762,0.987762,0.987762,81.259241,81.259241,-1.000000,2.073998e-02,82.265987,5.184995e-09,0.252109,0.252109,1.567200e+10,15.87,2.400000e+07,82.27,in_range,,,,1873,1875,,57,57,57,,-1,-1,-1.000000,-1,t
cpu-gpu-v2,2026-07-19T07:05:52,"20260718_205238_session2",397,397,7,"AXPY","openmp_axpy",cpu_native,"AMD Ryzen Threadripper 3970X 32-Core Processor",2,2000000,"elements=2000000",3918,0.986159,0.986159,0.986159,80.897305,80.897305,-1.000000,2.064760e-02,82.032738,5.161901e-09,0.251700,0.251700,1.567200e+10,15.89,2.400000e+07,82.03,in_range,,,,1913,2014,,57,57,57,,-1,-1,-1.000000,-1,t
cpu-gpu-v2,2026-07-19T07:05:53,"20260718_205238_session2",398,398,8,"AXPY","openmp_axpy",cpu_native,"AMD Ryzen Threadripper 3970X 32-Core Processor",2,2000000,"elements=2000000",3918,0.993307,0.993307,0.993307,81.727173,81.727173,-1.000000,2.085941e-02,82.277861,5.214853e-09,0.253524,0.253524,1.567200e+10,15.78,2.400000e+07,82.28,in_range,,,,2053,1903,,57,57,57,,-1,-1,-1.000000,-1,t
cpu-gpu-v2,2026-07-19T07:05:53,"20260718_205238_session2",399,399,9,"AXPY","openmp_axpy",cpu_native,"AMD Ryzen Threadripper 3970X 32-Core Processor",2,2000000,"elements=2000000",3918,0.986891,0.986891,0.986891,81.088382,81.088382,-1.000000,2.069637e-02,82.165507,5.174093e-09,0.251886,0.251886,1.567200e+10,15.88,2.400000e+07,82.17,in_range,,,,1944,1874,,57,57,57,,-1,-1,-1.000000,-1,t
cpu-gpu-v2,2026-07-19T07:05:54,"20260718_205238_session2",400,400,10,"AXPY","openmp_axpy",cpu_native,"AMD Ryzen Threadripper 3970X 32-Core Processor",2,2000000,"elements=2000000",3918,0.988001,0.988001,0.988001,81.178450,81.178450,-1.000000,2.071936e-02,82.164376,5.179840e-09,0.252170,0.252170,1.567200e+10,15.86,2.400000e+07,82.16,in_range,,,,1914,1875,,57,57,57,,-1,-1,-1.000000,-1,t
cpu-gpu-v2,2026-07-19T07:05:58,"20260718_205238_session2",401,401,1,"AXPY","openmp_axpy",cpu_native,"AMD Ryzen Threadripper 3970X 32-Core Processor",4,4000000,"elements=4000000",769,1.000821,1.000821,1.000821,80.229570,80.229570,-1.000000,1.043297e-01,80.163737,1.304122e-08,1.301458,1.301458,6.152000e+09,6.15,4.800000e+07,80.16,in_range,,,,1993,1913,,57,57,52,,-1,-1,-1.000000,-1,t
cpu-gpu-v2,2026-07-19T07:05:59,"20260718_205238_session2",402,402,2,"AXPY","openmp_axpy",cpu_native,"AMD Ryzen Threadripper 3970X 32-Core Processor",4,4000000,"elements=4000000",769,1.000677,1.000677,1.000677,80.247987,80.247987,-1.000000,1.043537e-01,80.193683,1.304421e-08,1.301271,1.301271,6.152000e+09,6.15,4.800000e+07,80.19,in_range,,,,1955,1915,,62,62,61,,-1,-1,-1.000000,-1,t
cpu-gpu-v2,2026-07-19T07:06:00,"20260718_205238_session2",403,403,3,"AXPY","openmp_axpy",cpu_native,"AMD Ryzen Threadripper 3970X 32-Core Processor",4,4000000,"elements=4000000",769,1.000769,1.000769,1.000769,80.159261,80.159261,-1.000000,1.042383e-01,80.097641,1.302979e-08,1.301391,1.301391,6.152000e+09,6.15,4.800000e+07,80.10,in_range,,,,1955,1913,,61,61,59,,-1,-1,-1.000000,-1,t
cpu-gpu-v2,2026-07-19T07:06:01,"20260718_205238_session2",404,404,4,"AXPY","openmp_axpy",cpu_native,"AMD Ryzen Threadripper 3970X 32-Core Processor",4,4000000,"elements=4000000",769,1.000956,1.000956,1.000956,80.194507,80.194507,-1.000000,1.042841e-01,80.117893,1.303552e-08,1.301634,1.301634,6.152000e+09,6.15,4.800000e+07,80.12,in_range,,,,1955,1915,,61,61,58,,-1,-1,-1.000000,-1,t
cpu-gpu-v2,2026-07-19T07:06:02,"20260718_205238_session2",405,405,5,"AXPY","openmp_axpy",cpu_native,"AMD Ryzen Threadripper 3970X 32-Core Processor",4,4000000,"elements=4000000",769,1.002189,1.002189,1.002189,80.197239,80.197239,-1.000000,1.042877e-01,80.022035,1.303596e-08,1.303237,1.303237,6.152000e+09,6.14,4.800000e+07,80.02,in_range,,,,1955,1915,,59,59,56,,-1,-1,-1.000000,-1,t
cpu-gpu-v2,2026-07-19T07:06:03,"20260718_205238_session2",406,406,6,"AXPY","openmp_axpy",cpu_native,"AMD Ryzen Threadripper 3970X 32-Core Processor",4,4000000,"elements=4000000",769,1.001322,1.001322,1.001322,80.128409,80.128409,-1.000000,1.041982e-01,80.022582,1.302477e-08,1.302110,1.302110,6.152000e+09,6.14,4.800000e+07,80.02,in_range,,,,1994,1913,,62,62,55,,-1,-1,-1.000000,-1,t
cpu-gpu-v2,2026-07-19T07:06:04,"20260718_205238_session2",407,407,7,"AXPY","openmp_axpy",cpu_native,"AMD Ryzen Threadripper 3970X 32-Core Processor",4,4000000,"elements=4000000",769,1.002916,1.002916,1.002916,80.256607,80.256607,-1.000000,1.043649e-01,80.023261,1.304561e-08,1.304182,1.304182,6.152000e+09,6.13,4.800000e+07,80.02,in_range,,,,1954,1914,,59,59,53,,-1,-1,-1.000000,-1,t
cpu-gpu-v2,2026-07-19T07:06:05,"20260718_205238_session2",408,408,8,"AXPY","openmp_axpy",cpu_native,"AMD Ryzen Threadripper 3970X 32-Core Processor",4,4000000,"elements=4000000",769,1.001071,1.001071,1.001071,80.149816,80.149816,-1.000000,1.042260e-01,80.064096,1.302825e-08,1.301782,1.301782,6.152000e+09,6.15,4.800000e+07,80.06,in_range,,,,1954,1944,,62,62,52,,-1,-1,-1.000000,-1,t
cpu-gpu-v2,2026-07-19T07:06:06,"20260718_205238_session2",409,409,9,"AXPY","openmp_axpy",cpu_native,"AMD Ryzen Threadripper 3970X 32-Core Processor",4,4000000,"elements=4000000",769,1.001006,1.001006,1.001006,80.148474,80.148474,-1.000000,1.042243e-01,80.067899,1.302804e-08,1.301699,1.301699,6.152000e+09,6.15,4.800000e+07,80.07,in_range,,,,2024,1914,,57,57,52,,-1,-1,-1.000000,-1,t
cpu-gpu-v2,2026-07-19T07:06:07,"20260718_205238_session2",410,410,10,"AXPY","openmp_axpy",cpu_native,"AMD Ryzen Threadripper 3970X 32-Core Processor",4,4000000,"elements=4000000",769,1.000872,1.000872,1.000872,80.167836,80.167836,-1.000000,1.042495e-01,80.098016,1.303118e-08,1.301524,1.301524,6.152000e+09,6.15,4.800000e+07,80.10,in_range,,,,1955,1913,,55,55,52,,-1,-1,-1.000000,-1,t
cpu-gpu-v2,2026-07-19T07:06:09,"20260718_205238_session2",411,411,1,"AXPY","openmp_axpy",cpu_native,"AMD Ryzen Threadripper 3970X 32-Core Processor",32,1000000,"elements=1000000",219811,1.011440,1.011440,1.011440,271.801511,271.801511,-1.000000,1.236524e-03,268.727201,6.182618e-10,0.004601,0.004601,4.396220e+11,434.65,1.200000e+07,268.73,in_range,,,,2883,2842,,65,64,65,,-1,-1,-1.000000,-1,t
cpu-gpu-v2,2026-07-19T07:06:10,"20260718_205238_session2",412,412,2,"AXPY","openmp_axpy",cpu_native,"AMD Ryzen Threadripper 3970X 32-Core Processor",32,1000000,"elements=1000000",219811,1.010330,1.010330,1.010330,271.051993,271.051993,-1.000000,1.233114e-03,268.280588,6.165569e-10,0.004596,0.004596,4.396220e+11,435.13,1.200000e+07,268.28,in_range,,,,2893,2881,,65,65,65,,-1,-1,-1.000000,-1,t
cpu-gpu-v2,2026-07-19T07:06:11,"20260718_205238_session2",413,413,3,"AXPY","openmp_axpy",cpu_native,"AMD Ryzen Threadripper 3970X 32-Core Processor",32,1000000,"elements=1000000",219811,1.015485,1.015485,1.015485,271.411379,271.411379,-1.000000,1.234749e-03,267.272628,6.173744e-10,0.004620,0.004620,4.396220e+11,432.92,1.200000e+07,267.27,in_range,,,,2971,2844,,67,65,67,,-1,-1,-1.000000,-1,t
cpu-gpu-v2,2026-07-19T07:06:12,"20260718_205238_session2",414,414,4,"AXPY","openmp_axpy",cpu_native,"AMD Ryzen Threadripper 3970X 32-Core Processor",32,1000000,"elements=1000000",219811,1.016576,1.016576,1.016576,266.954166,266.954166,-1.000000,1.214471e-03,262.601169,6.072357e-10,0.004625,0.004625,4.396220e+11,432.45,1.200000e+07,262.60,in_range,,,,2935,2813,,67,67,67,,-1,-1,-1.000000,-1,t
cpu-gpu-v2,2026-07-19T07:06:13,"20260718_205238_session2",415,415,5,"AXPY","openmp_axpy",cpu_native,"AMD Ryzen Threadripper 3970X 32-Core Processor",32,1000000,"elements=1000000",219811,1.015913,1.015913,1.015913,265.823106,265.823106,-1.000000,1.209326e-03,261.659261,6.046629e-10,0.004622,0.004622,4.396220e+11,432.74,1.200000e+07,261.66,in_range,,,,2944,2828,,68,67,68,,-1,-1,-1.000000,-1,t
cpu-gpu-v2,2026-07-19T07:06:14,"20260718_205238_session2",416,416,6,"AXPY","openmp_axpy",cpu_native,"AMD Ryzen Threadripper 3970X 32-Core Processor",32,1000000,"elements=1000000",219811,1.016071,1.016071,1.016071,268.882915,268.882915,-1.000000,1.223246e-03,264.630075,6.116230e-10,0.004622,0.004622,4.396220e+11,432.67,1.200000e+07,264.63,in_range,,,,2957,2866,,68,68,68,,-1,-1,-1.000000,-1,t
cpu-gpu-v2,2026-07-19T07:06:15,"20260718_205238_session2",417,417,7,"AXPY","openmp_axpy",cpu_native,"AMD Ryzen Threadripper 3970X 32-Core Processor",32,1000000,"elements=1000000",219811,1.016942,1.016942,1.016942,270.448187,270.448187,-1.000000,1.230367e-03,265.942525,6.151835e-10,0.004626,0.004626,4.396220e+11,432.30,1.200000e+07,265.94,in_range,,,,2951,2865,,69,68,69,,-1,-1,-1.000000,-1,t
cpu-gpu-v2,2026-07-19T07:06:16,"20260718_205238_session2",418,418,8,"AXPY","openmp_axpy",cpu_native,"AMD Ryzen Threadripper 3970X 32-Core Processor",32,1000000,"elements=1000000",219811,1.018047,1.018047,1.018047,270.558320,270.558320,-1.000000,1.230868e-03,265.762162,6.154340e-10,0.004631,0.004631,4.396220e+11,431.83,1.200000e+07,265.76,in_range,,,,2957,2864,,69,69,69,,-1,-1,-1.000000,-1,t
cpu-gpu-v2,2026-07-19T07:06:17,"20260718_205238_session2",419,419,9,"AXPY","openmp_axpy",cpu_native,"AMD Ryzen Threadripper 3970X 32-Core Processor",32,1000000,"elements=1000000",219811,1.020162,1.020162,1.020162,269.408340,269.408340,-1.000000,1.225636e-03,264.083943,6.128181e-10,0.004641,0.004641,4.396220e+11,430.93,1.200000e+07,264.08,in_range,,,,2909,2844,,70,69,70,,-1,-1,-1.000000,-1,t
cpu-gpu-v2,2026-07-19T07:06:18,"20260718_205238_session2",420,420,10,"AXPY","openmp_axpy",cpu_native,"AMD Ryzen Threadripper 3970X 32-Core Processor",32,1000000,"elements=1000000",219811,1.020745,1.020745,1.020745,269.759853,269.759853,-1.000000,1.227235e-03,264.277327,6.136177e-10,0.004644,0.004644,4.396220e+11,430.69,1.200000e+07,264.28,in_range,,,,2977,2849,,70,70,69,,-1,-1,-1.000000,-1,t
cpu-gpu-v2,2026-07-19T07:06:22,"20260718_205238_session2",421,421,1,"AXPY","openmp_axpy",cpu_native,"AMD Ryzen Threadripper 3970X 32-Core Processor",2,256000000,"elements=256000000",12,1.018529,1.018529,1.018529,79.655808,79.655808,-1.000000,6.637984e+00,78.206725,1.296481e-08,84.877407,84.877407,6.144000e+09,6.03,3.072000e+09,78.21,in_range,,,,1831,1834,,70,70,65,,-1,-1,-1.000000,-1,t
cpu-gpu-v2,2026-07-19T07:06:24,"20260718_205238_session2",422,422,2,"AXPY","openmp_axpy",cpu_native,"AMD Ryzen Threadripper 3970X 32-Core Processor",2,256000000,"elements=256000000",12,1.018192,1.018192,1.018192,79.564214,79.564214,-1.000000,6.630351e+00,78.142653,1.294990e-08,84.849322,84.849322,6.144000e+09,6.03,3.072000e+09,78.14,in_range,,,,1831,1874,,69,69,63,,-1,-1,-1.000000,-1,t
cpu-gpu-v2,2026-07-19T07:06:25,"20260718_205238_session2",423,423,3,"AXPY","openmp_axpy",cpu_native,"AMD Ryzen Threadripper 3970X 32-Core Processor",2,256000000,"elements=256000000",12,1.017892,1.017892,1.017892,79.232231,79.232231,-1.000000,6.602686e+00,77.839536,1.289587e-08,84.824323,84.824323,6.144000e+09,6.04,3.072000e+09,77.84,in_range,,,,1832,1834,,69,69,62,,-1,-1,-1.000000,-1,t
cpu-gpu-v2,2026-07-19T07:06:26,"20260718_205238_session2",424,424,4,"AXPY","openmp_axpy",cpu_native,"AMD Ryzen Threadripper 3970X 32-Core Processor",2,256000000,"elements=256000000",12,1.017701,1.017701,1.017701,79.133221,79.133221,-1.000000,6.594435e+00,77.756843,1.287976e-08,84.808421,84.808421,6.144000e+09,6.04,3.072000e+09,77.76,in_range,,,,1832,1835,,67,67,60,,-1,-1,-1.000000,-1,t
cpu-gpu-v2,2026-07-19T07:06:27,"20260718_205238_session2",425,425,5,"AXPY","openmp_axpy",cpu_native,"AMD Ryzen Threadripper 3970X 32-Core Processor",2,256000000,"elements=256000000",12,1.018013,1.018013,1.018013,78.951453,78.951453,-1.000000,6.579288e+00,77.554472,1.285017e-08,84.834408,84.834408,6.144000e+09,6.04,3.072000e+09,77.55,in_range,,,,1832,1835,,66,66,59,,-1,-1,-1.000000,-1,t
cpu-gpu-v2,2026-07-19T07:06:28,"20260718_205238_session2",426,426,6,"AXPY","openmp_axpy",cpu_native,"AMD Ryzen Threadripper 3970X 32-Core Processor",2,256000000,"elements=256000000",12,1.019646,1.019646,1.019646,79.017703,79.017703,-1.000000,6.584809e+00,77.495205,1.286095e-08,84.970529,84.970529,6.144000e+09,6.03,3.072000e+09,77.50,in_range,,,,1833,1864,,67,67,58,,-1,-1,-1.000000,-1,t
cpu-gpu-v2,2026-07-19T07:06:29,"20260718_205238_session2",427,427,7,"AXPY","openmp_axpy",cpu_native,"AMD Ryzen Threadripper 3970X 32-Core Processor",2,256000000,"elements=256000000",12,1.018797,1.018797,1.018797,78.896158,78.896158,-1.000000,6.574680e+00,77.440475,1.284117e-08,84.899787,84.899787,6.144000e+09,6.03,3.072000e+09,77.44,in_range,,,,1832,1834,,67,67,65,,-1,-1,-1.000000,-1,t
cpu-gpu-v2,2026-07-19T07:06:30,"20260718_205238_session2",428,428,8,"AXPY","openmp_axpy",cpu_native,"AMD Ryzen Threadripper 3970X 32-Core Processor",2,256000000,"elements=256000000",12,1.018710,1.018710,1.018710,78.873637,78.873637,-1.000000,6.572803e+00,77.425007,1.283751e-08,84.892509,84.892509,6.144000e+09,6.03,3.072000e+09,77.43,in_range,,,,1832,1865,,70,70,64,,-1,-1,-1.000000,-1,t
cpu-gpu-v2,2026-07-19T07:06:32,"20260718_205238_session2",429,429,9,"AXPY","openmp_axpy",cpu_native,"AMD Ryzen Threadripper 3970X 32-Core Processor",2,256000000,"elements=256000000",12,1.019172,1.019172,1.019172,78.769853,78.769853,-1.000000,6.564154e+00,77.288114,1.282061e-08,84.930969,84.930969,6.144000e+09,6.03,3.072000e+09,77.29,in_range,,,,1833,1834,,66,66,63,,-1,-1,-1.000000,-1,t
cpu-gpu-v2,2026-07-19T07:06:33,"20260718_205238_session2",430,430,10,"AXPY","openmp_axpy",cpu_native,"AMD Ryzen Threadripper 3970X 32-Core Processor",2,256000000,"elements=256000000",12,1.018593,1.018593,1.018593,78.687688,78.687688,-1.000000,6.557307e+00,77.251371,1.280724e-08,84.882731,84.882731,6.144000e+09,6.03,3.072000e+09,77.25,in_range,,,,1833,1834,,67,67,61,,-1,-1,-1.000000,-1,t
cpu-gpu-v2,2026-07-19T07:06:35,"20260718_205238_session2",431,431,1,"AXPY","openmp_axpy",cpu_native,"AMD Ryzen Threadripper 3970X 32-Core Processor",32,8000000,"elements=8000000",33716,1.015086,1.015086,1.015086,285.936339,285.936339,-1.000000,8.480731e-03,281.686937,5.300457e-10,0.030107,0.030107,5.394560e+11,531.44,9.600000e+07,281.69,in_range,,,,2781,2843,,63,61,63,,-1,-1,-1.000000,-1,t
cpu-gpu-v2,2026-07-19T07:06:36,"20260718_205238_session2",432,432,2,"AXPY","openmp_axpy",cpu_native,"AMD Ryzen Threadripper 3970X 32-Core Processor",32,8000000,"elements=8000000",33716,1.015526,1.015526,1.015526,286.423497,286.423497,-1.000000,8.495180e-03,282.044382,5.309488e-10,0.030120,0.030120,5.394560e+11,531.21,9.600000e+07,282.04,in_range,,,,2910,2781,,64,63,64,,-1,-1,-1.000000,-1,t
cpu-gpu-v2,2026-07-19T07:06:37,"20260718_205238_session2",433,433,3,"AXPY","openmp_axpy",cpu_native,"AMD Ryzen Threadripper 3970X 32-Core Processor",32,8000000,"elements=8000000",33716,1.017004,1.017004,1.017004,286.879375,286.879375,-1.000000,8.508701e-03,282.082878,5.317938e-10,0.030164,0.030164,5.394560e+11,530.44,9.600000e+07,282.08,in_range,,,,2846,2803,,66,64,66,,-1,-1,-1.000000,-1,t
cpu-gpu-v2,2026-07-19T07:06:38,"20260718_205238_session2",434,434,4,"AXPY","openmp_axpy",cpu_native,"AMD Ryzen Threadripper 3970X 32-Core Processor",32,8000000,"elements=8000000",33716,1.015442,1.015442,1.015442,286.191025,286.191025,-1.000000,8.488285e-03,281.838760,5.305178e-10,0.030118,0.030118,5.394560e+11,531.25,9.600000e+07,281.84,in_range,,,,2918,2713,,67,66,67,,-1,-1,-1.000000,-1,t
cpu-gpu-v2,2026-07-19T07:06:39,"20260718_205238_session2",435,435,5,"AXPY","openmp_axpy",cpu_native,"AMD Ryzen Threadripper 3970X 32-Core Processor",32,8000000,"elements=8000000",33716,1.020117,1.020117,1.020117,286.595103,286.595103,-1.000000,8.500270e-03,280.943485,5.312669e-10,0.030256,0.030256,5.394560e+11,528.82,9.600000e+07,280.94,in_range,,,,2805,2798,,69,69,68,,-1,-1,-1.000000,-1,t
cpu-gpu-v2,2026-07-19T07:06:40,"20260718_205238_session2",436,436,6,"AXPY","openmp_axpy",cpu_native,"AMD Ryzen Threadripper 3970X 32-Core Processor",32,8000000,"elements=8000000",33716,1.020100,1.020100,1.020100,287.383484,287.383484,-1.000000,8.523653e-03,281.720915,5.327283e-10,0.030256,0.030256,5.394560e+11,528.83,9.600000e+07,281.72,in_range,,,,2955,2798,,68,68,68,,-1,-1,-1.000000,-1,t
cpu-gpu-v2,2026-07-19T07:06:41,"20260718_205238_session2",437,437,7,"AXPY","openmp_axpy",cpu_native,"AMD Ryzen Threadripper 3970X 32-Core Processor",32,8000000,"elements=8000000",33716,1.020270,1.020270,1.020270,287.456616,287.456616,-1.000000,8.525822e-03,281.745668,5.328639e-10,0.030261,0.030261,5.394560e+11,528.74,9.600000e+07,281.75,in_range,,,,2909,2753,,69,68,69,,-1,-1,-1.000000,-1,t
cpu-gpu-v2,2026-07-19T07:06:42,"20260718_205238_session2",438,438,8,"AXPY","openmp_axpy",cpu_native,"AMD Ryzen Threadripper 3970X 32-Core Processor",32,8000000,"elements=8000000",33716,1.019360,1.019360,1.019360,286.930230,286.930230,-1.000000,8.510210e-03,281.480895,5.318881e-10,0.030234,0.030234,5.394560e+11,529.21,9.600000e+07,281.48,in_range,,,,2823,2739,,70,70,69,,-1,-1,-1.000000,-1,t
cpu-gpu-v2,2026-07-19T07:06:43,"20260718_205238_session2",439,439,9,"AXPY","openmp_axpy",cpu_native,"AMD Ryzen Threadripper 3970X 32-Core Processor",32,8000000,"elements=8000000",33716,1.020004,1.020004,1.020004,286.913157,286.913157,-1.000000,8.509703e-03,281.286376,5.318565e-10,0.030253,0.030253,5.394560e+11,528.88,9.600000e+07,281.29,in_range,,,,2797,2768,,69,69,69,,-1,-1,-1.000000,-1,t
cpu-gpu-v2,2026-07-19T07:06:44,"20260718_205238_session2",440,440,10,"AXPY","openmp_axpy",cpu_native,"AMD Ryzen Threadripper 3970X 32-Core Processor",32,8000000,"elements=8000000",33716,1.022186,1.022186,1.022186,286.828383,286.828383,-1.000000,8.507189e-03,280.602883,5.316993e-10,0.030318,0.030318,5.394560e+11,527.75,9.600000e+07,280.60,in_range,,,,2871,2708,,70,69,70,,-1,-1,-1.000000,-1,t
cpu-gpu-v2,2026-07-19T07:06:47,"20260718_205238_session2",441,441,1,"AXPY","openmp_axpy",cpu_native,"AMD Ryzen Threadripper 3970X 32-Core Processor",4,64000000,"elements=64000000",46,1.002832,1.002832,1.002832,81.814342,81.814342,-1.000000,1.778573e+00,81.583333,1.389510e-08,21.800686,21.800686,5.888000e+09,5.87,7.680000e+08,81.58,in_range,,,,1945,1912,,77,77,75,,-1,-1,-1.000000,-1,t
cpu-gpu-v2,2026-07-19T07:06:48,"20260718_205238_session2",442,442,2,"AXPY","openmp_axpy",cpu_native,"AMD Ryzen Threadripper 3970X 32-Core Processor",4,64000000,"elements=64000000",46,1.001860,1.001860,1.001860,80.992196,80.992196,-1.000000,1.760700e+00,80.841811,1.375547e-08,21.779570,21.779570,5.888000e+09,5.88,7.680000e+08,80.84,in_range,,,,1944,1913,,75,75,73,,-1,-1,-1.000000,-1,t
cpu-gpu-v2,2026-07-19T07:06:49,"20260718_205238_session2",443,443,3,"AXPY","openmp_axpy",cpu_native,"AMD Ryzen Threadripper 3970X 32-Core Processor",4,64000000,"elements=64000000",46,1.001625,1.001625,1.001625,80.542343,80.542343,-1.000000,1.750921e+00,80.411653,1.367907e-08,21.774462,21.774462,5.888000e+09,5.88,7.680000e+08,80.41,in_range,,,,1947,1913,,73,73,72,,-1,-1,-1.000000,-1,t
cpu-gpu-v2,2026-07-19T07:06:50,"20260718_205238_session2",444,444,4,"AXPY","openmp_axpy",cpu_native,"AMD Ryzen Threadripper 3970X 32-Core Processor",4,64000000,"elements=64000000",46,1.002153,1.002153,1.002153,80.429755,80.429755,-1.000000,1.748473e+00,80.256955,1.365994e-08,21.785937,21.785937,5.888000e+09,5.88,7.680000e+08,80.26,in_range,,,,1986,1974,,72,72,70,,-1,-1,-1.000000,-1,t
cpu-gpu-v2,2026-07-19T07:06:51,"20260718_205238_session2",445,445,5,"AXPY","openmp_axpy",cpu_native,"AMD Ryzen Threadripper 3970X 32-Core Processor",4,64000000,"elements=64000000",46,1.002843,1.002843,1.002843,80.215075,80.215075,-1.000000,1.743806e+00,79.987646,1.362348e-08,21.800941,21.800941,5.888000e+09,5.87,7.680000e+08,79.99,in_range,,,,1949,1914,,70,70,69,,-1,-1,-1.000000,-1,t
cpu-gpu-v2,2026-07-19T07:06:52,"20260718_205238_session2",446,446,6,"AXPY","openmp_axpy",cpu_native,"AMD Ryzen Threadripper 3970X 32-Core Processor",4,64000000,"elements=64000000",46,1.002451,1.002451,1.002451,79.994505,79.994505,-1.000000,1.739011e+00,79.798893,1.358602e-08,21.792420,21.792420,5.888000e+09,5.87,7.680000e+08,79.80,in_range,,,,1949,1914,,69,69,67,,-1,-1,-1.000000,-1,t
cpu-gpu-v2,2026-07-19T07:06:53,"20260718_205238_session2",447,447,7,"AXPY","openmp_axpy",cpu_native,"AMD Ryzen Threadripper 3970X 32-Core Processor",4,64000000,"elements=64000000",46,1.001601,1.001601,1.001601,79.929582,79.929582,-1.000000,1.737600e+00,79.801786,1.357500e-08,21.773944,21.773944,5.888000e+09,5.88,7.680000e+08,79.80,in_range,,,,1949,1915,,72,72,66,,-1,-1,-1.000000,-1,t
cpu-gpu-v2,2026-07-19T07:06:54,"20260718_205238_session2",448,448,8,"AXPY","openmp_axpy",cpu_native,"AMD Ryzen Threadripper 3970X 32-Core Processor",4,64000000,"elements=64000000",46,1.001564,1.001564,1.001564,79.959992,79.959992,-1.000000,1.738261e+00,79.835127,1.358016e-08,21.773131,21.773131,5.888000e+09,5.88,7.680000e+08,79.84,in_range,,,,1988,1915,,67,67,64,,-1,-1,-1.000000,-1,t
cpu-gpu-v2,2026-07-19T07:06:55,"20260718_205238_session2",449,449,9,"AXPY","openmp_axpy",cpu_native,"AMD Ryzen Threadripper 3970X 32-Core Processor",4,64000000,"elements=64000000",46,1.001331,1.001331,1.001331,79.867070,79.867070,-1.000000,1.736241e+00,79.760891,1.356438e-08,21.768070,21.768070,5.888000e+09,5.88,7.680000e+08,79.76,in_range,,,,1949,1913,,67,67,63,,-1,-1,-1.000000,-1,t
cpu-gpu-v2,2026-07-19T07:06:56,"20260718_205238_session2",450,450,10,"AXPY","openmp_axpy",cpu_native,"AMD Ryzen Threadripper 3970X 32-Core Processor",4,64000000,"elements=64000000",46,1.001210,1.001210,1.001210,79.844489,79.844489,-1.000000,1.735750e+00,79.747974,1.356055e-08,21.765440,21.765440,5.888000e+09,5.88,7.680000e+08,79.75,in_range,,,,1989,1915,,68,68,61,,-1,-1,-1.000000,-1,t
cpu-gpu-v2,2026-07-19T07:06:58,"20260718_205238_session2",451,451,1,"AXPY","openmp_axpy",cpu_native,"AMD Ryzen Threadripper 3970X 32-Core Processor",4,8000000,"elements=8000000",373,1.000860,1.000860,1.000860,80.490192,80.490192,-1.000000,2.157914e-01,80.421008,1.348696e-08,2.683272,2.683272,5.968000e+09,5.96,9.600000e+07,80.42,in_range,,,,1985,1915,,59,59,58,,-1,-1,-1.000000,-1,t
cpu-gpu-v2,2026-07-19T07:06:59,"20260718_205238_session2",452,452,2,"AXPY","openmp_axpy",cpu_native,"AMD Ryzen Threadripper 3970X 32-Core Processor",4,8000000,"elements=8000000",373,1.001006,1.001006,1.001006,80.544328,80.544328,-1.000000,2.159365e-01,80.463381,1.349603e-08,2.683662,2.683662,5.968000e+09,5.96,9.600000e+07,80.46,in_range,,,,1954,1955,,65,65,56,,-1,-1,-1.000000,-1,t
cpu-gpu-v2,2026-07-19T07:07:00,"20260718_205238_session2",453,453,3,"AXPY","openmp_axpy",cpu_native,"AMD Ryzen Threadripper 3970X 32-Core Processor",4,8000000,"elements=8000000",373,1.001136,1.001136,1.001136,80.514498,80.514498,-1.000000,2.158566e-01,80.423153,1.349104e-08,2.684010,2.684010,5.968000e+09,5.96,9.600000e+07,80.42,in_range,,,,1995,1915,,57,57,55,,-1,-1,-1.000000,-1,t
cpu-gpu-v2,2026-07-19T07:07:01,"20260718_205238_session2",454,454,4,"AXPY","openmp_axpy",cpu_native,"AMD Ryzen Threadripper 3970X 32-Core Processor",4,8000000,"elements=8000000",373,1.001179,1.001179,1.001179,80.577453,80.577453,-1.000000,2.160253e-01,80.482585,1.350158e-08,2.684125,2.684125,5.968000e+09,5.96,9.600000e+07,80.48,in_range,,,,1995,1915,,62,62,53,,-1,-1,-1.000000,-1,t
cpu-gpu-v2,2026-07-19T07:07:02,"20260718_205238_session2",455,455,5,"AXPY","openmp_axpy",cpu_native,"AMD Ryzen Threadripper 3970X 32-Core Processor",4,8000000,"elements=8000000",373,1.001346,1.001346,1.001346,80.473438,80.473438,-1.000000,2.157465e-01,80.365234,1.348416e-08,2.684575,2.684575,5.968000e+09,5.96,9.600000e+07,80.37,in_range,,,,1993,1915,,59,59,53,,-1,-1,-1.000000,-1,t
cpu-gpu-v2,2026-07-19T07:07:03,"20260718_205238_session2",456,456,6,"AXPY","openmp_axpy",cpu_native,"AMD Ryzen Threadripper 3970X 32-Core Processor",4,8000000,"elements=8000000",373,1.001333,1.001333,1.001333,80.586637,80.586637,-1.000000,2.160500e-01,80.479333,1.350312e-08,2.684540,2.684540,5.968000e+09,5.96,9.600000e+07,80.48,in_range,,,,1955,1915,,62,62,60,,-1,-1,-1.000000,-1,t
cpu-gpu-v2,2026-07-19T07:07:04,"20260718_205238_session2",457,457,7,"AXPY","openmp_axpy",cpu_native,"AMD Ryzen Threadripper 3970X 32-Core Processor",4,8000000,"elements=8000000",373,1.001412,1.001412,1.001412,80.454748,80.454748,-1.000000,2.156964e-01,80.341304,1.348102e-08,2.684751,2.684751,5.968000e+09,5.96,9.600000e+07,80.34,in_range,,,,1952,1915,,60,60,59,,-1,-1,-1.000000,-1,t
cpu-gpu-v2,2026-07-19T07:07:05,"20260718_205238_session2",458,458,8,"AXPY","openmp_axpy",cpu_native,"AMD Ryzen Threadripper 3970X 32-Core Processor",4,8000000,"elements=8000000",373,1.001085,1.001085,1.001085,80.410347,80.410347,-1.000000,2.155773e-01,80.323202,1.347358e-08,2.683874,2.683874,5.968000e+09,5.96,9.600000e+07,80.32,in_range,,,,1953,1915,,61,61,57,,-1,-1,-1.000000,-1,t
cpu-gpu-v2,2026-07-19T07:07:06,"20260718_205238_session2",459,459,9,"AXPY","openmp_axpy",cpu_native,"AMD Ryzen Threadripper 3970X 32-Core Processor",4,8000000,"elements=8000000",373,1.001532,1.001532,1.001532,80.441946,80.441946,-1.000000,2.156621e-01,80.318887,1.347888e-08,2.685073,2.685073,5.968000e+09,5.96,9.600000e+07,80.32,in_range,,,,1994,1915,,59,59,56,,-1,-1,-1.000000,-1,t
cpu-gpu-v2,2026-07-19T07:07:07,"20260718_205238_session2",460,460,10,"AXPY","openmp_axpy",cpu_native,"AMD Ryzen Threadripper 3970X 32-Core Processor",4,8000000,"elements=8000000",373,1.001648,1.001648,1.001648,80.479405,80.479405,-1.000000,2.157625e-01,80.346968,1.348515e-08,2.685384,2.685384,5.968000e+09,5.96,9.600000e+07,80.35,in_range,,,,1953,1915,,62,62,54,,-1,-1,-1.000000,-1,t
cpu-gpu-v2,2026-07-19T07:07:10,"20260718_205238_session2",461,461,1,"AXPY","openmp_axpy",cpu_native,"AMD Ryzen Threadripper 3970X 32-Core Processor",2,1000000,"elements=1000000",22536,0.989948,0.989948,0.989948,94.578727,94.578727,-1.000000,4.196784e-03,95.539117,2.098392e-09,0.043927,0.043927,4.507200e+10,45.53,1.200000e+07,95.54,in_range,,,,1949,1871,,71,71,71,,-1,-1,-1.000000,-1,t
cpu-gpu-v2,2026-07-19T07:07:11,"20260718_205238_session2",462,462,2,"AXPY","openmp_axpy",cpu_native,"AMD Ryzen Threadripper 3970X 32-Core Processor",2,1000000,"elements=1000000",22536,0.984308,0.984308,0.984308,94.085237,94.085237,-1.000000,4.174886e-03,95.585160,2.087443e-09,0.043677,0.043677,4.507200e+10,45.79,1.200000e+07,95.59,in_range,,,,1908,1831,,72,71,72,,-1,-1,-1.000000,-1,t
cpu-gpu-v2,2026-07-19T07:07:12,"20260718_205238_session2",463,463,3,"AXPY","openmp_axpy",cpu_native,"AMD Ryzen Threadripper 3970X 32-Core Processor",2,1000000,"elements=1000000",22536,0.990552,0.990552,0.990552,94.405198,94.405198,-1.000000,4.189084e-03,95.305614,2.094542e-09,0.043954,0.043954,4.507200e+10,45.50,1.200000e+07,95.31,in_range,,,,1866,1871,,72,72,71,,-1,-1,-1.000000,-1,t
cpu-gpu-v2,2026-07-19T07:07:13,"20260718_205238_session2",464,464,4,"AXPY","openmp_axpy",cpu_native,"AMD Ryzen Threadripper 3970X 32-Core Processor",2,1000000,"elements=1000000",22536,1.008616,1.008616,1.008616,95.764839,95.764839,-1.000000,4.249416e-03,94.946733,2.124708e-09,0.044756,0.044756,4.507200e+10,44.69,1.200000e+07,94.95,in_range,,,,1903,1871,,71,71,71,,-1,-1,-1.000000,-1,t
cpu-gpu-v2,2026-07-19T07:07:14,"20260718_205238_session2",465,465,5,"AXPY","openmp_axpy",cpu_native,"AMD Ryzen Threadripper 3970X 32-Core Processor",2,1000000,"elements=1000000",22536,0.989921,0.989921,0.989921,94.303397,94.303397,-1.000000,4.184567e-03,95.263596,2.092283e-09,0.043926,0.043926,4.507200e+10,45.53,1.200000e+07,95.26,in_range,,,,1908,1871,,71,71,71,,-1,-1,-1.000000,-1,t
cpu-gpu-v2,2026-07-19T07:07:15,"20260718_205238_session2",466,466,6,"AXPY","openmp_axpy",cpu_native,"AMD Ryzen Threadripper 3970X 32-Core Processor",2,1000000,"elements=1000000",22536,0.986766,0.986766,0.986766,94.124710,94.124710,-1.000000,4.176638e-03,95.387022,2.088319e-09,0.043786,0.043786,4.507200e+10,45.68,1.200000e+07,95.39,in_range,,,,1871,1894,,72,71,72,,-1,-1,-1.000000,-1,t
cpu-gpu-v2,2026-07-19T07:07:16,"20260718_205238_session2",467,467,7,"AXPY","openmp_axpy",cpu_native,"AMD Ryzen Threadripper 3970X 32-Core Processor",2,1000000,"elements=1000000",22536,0.989068,0.989068,0.989068,94.236810,94.236810,-1.000000,4.181612e-03,95.278411,2.090806e-09,0.043888,0.043888,4.507200e+10,45.57,1.200000e+07,95.28,in_range,,,,1925,1832,,72,72,72,,-1,-1,-1.000000,-1,t
cpu-gpu-v2,2026-07-19T07:07:17,"20260718_205238_session2",468,468,8,"AXPY","openmp_axpy",cpu_native,"AMD Ryzen Threadripper 3970X 32-Core Processor",2,1000000,"elements=1000000",22536,0.984749,0.984749,0.984749,93.985023,93.985023,-1.000000,4.170439e-03,95.440572,2.085220e-09,0.043697,0.043697,4.507200e+10,45.77,1.200000e+07,95.44,in_range,,,,1867,1862,,72,72,72,,-1,-1,-1.000000,-1,t
cpu-gpu-v2,2026-07-19T07:07:18,"20260718_205238_session2",469,469,9,"AXPY","openmp_axpy",cpu_native,"AMD Ryzen Threadripper 3970X 32-Core Processor",2,1000000,"elements=1000000",22536,0.989070,0.989070,0.989070,94.199153,94.199153,-1.000000,4.179941e-03,95.240106,2.089971e-09,0.043888,0.043888,4.507200e+10,45.57,1.200000e+07,95.24,in_range,,,,1890,1862,,72,72,71,,-1,-1,-1.000000,-1,t
cpu-gpu-v2,2026-07-19T07:07:19,"20260718_205238_session2",470,470,10,"AXPY","openmp_axpy",cpu_native,"AMD Ryzen Threadripper 3970X 32-Core Processor",2,1000000,"elements=1000000",22536,0.990140,0.990140,0.990140,94.299032,94.299032,-1.000000,4.184373e-03,95.238101,2.092187e-09,0.043936,0.043936,4.507200e+10,45.52,1.200000e+07,95.24,in_range,,,,1888,1832,,72,71,72,,-1,-1,-1.000000,-1,t
cpu-gpu-v2,2026-07-19T07:07:22,"20260718_205238_session2",471,471,1,"AXPY","openmp_axpy",cpu_native,"AMD Ryzen Threadripper 3970X 32-Core Processor",64,64000000,"elements=64000000",67,1.006963,1.006963,1.006963,155.377463,155.377463,-1.000000,2.319067e+00,154.303051,1.811771e-08,15.029299,15.029299,8.576000e+09,8.52,7.680000e+08,154.30,in_range,,,,4159,4151,,68,68,66,,-1,-1,-1.000000,-1,t
cpu-gpu-v2,2026-07-19T07:07:23,"20260718_205238_session2",472,472,2,"AXPY","openmp_axpy",cpu_native,"AMD Ryzen Threadripper 3970X 32-Core Processor",64,64000000,"elements=64000000",67,1.009460,1.009460,1.009460,155.744860,155.744860,-1.000000,2.324550e+00,154.285258,1.816055e-08,15.066573,15.066573,8.576000e+09,8.50,7.680000e+08,154.29,in_range,,,,4199,4150,,66,66,65,,-1,-1,-1.000000,-1,t
cpu-gpu-v2,2026-07-19T07:07:24,"20260718_205238_session2",473,473,3,"AXPY","openmp_axpy",cpu_native,"AMD Ryzen Threadripper 3970X 32-Core Processor",64,64000000,"elements=64000000",67,1.006977,1.006977,1.006977,155.635384,155.635384,-1.000000,2.322916e+00,154.557088,1.814778e-08,15.029503,15.029503,8.576000e+09,8.52,7.680000e+08,154.56,in_range,,,,4169,4176,,65,65,63,,-1,-1,-1.000000,-1,t
cpu-gpu-v2,2026-07-19T07:07:25,"20260718_205238_session2",474,474,4,"AXPY","openmp_axpy",cpu_native,"AMD Ryzen Threadripper 3970X 32-Core Processor",64,64000000,"elements=64000000",67,1.007322,1.007322,1.007322,155.827055,155.827055,-1.000000,2.325777e+00,154.694433,1.817013e-08,15.034652,15.034652,8.576000e+09,8.51,7.680000e+08,154.69,in_range,,,,4172,4164,,63,63,61,,-1,-1,-1.000000,-1,t
cpu-gpu-v2,2026-07-19T07:07:26,"20260718_205238_session2",475,475,5,"AXPY","openmp_axpy",cpu_native,"AMD Ryzen Threadripper 3970X 32-Core Processor",64,64000000,"elements=64000000",67,1.007087,1.007087,1.007087,156.056047,156.056047,-1.000000,2.329195e+00,154.957930,1.819683e-08,15.031143,15.031143,8.576000e+09,8.52,7.680000e+08,154.96,in_range,,,,4165,4168,,61,61,60,,-1,-1,-1.000000,-1,t
cpu-gpu-v2,2026-07-19T07:07:27,"20260718_205238_session2",476,476,6,"AXPY","openmp_axpy",cpu_native,"AMD Ryzen Threadripper 3970X 32-Core Processor",64,64000000,"elements=64000000",67,1.008478,1.008478,1.008478,156.453640,156.453640,-1.000000,2.335129e+00,155.138450,1.824319e-08,15.051903,15.051903,8.576000e+09,8.50,7.680000e+08,155.14,in_range,,,,4174,4169,,60,60,58,,-1,-1,-1.000000,-1,t
cpu-gpu-v2,2026-07-19T07:07:28,"20260718_205238_session2",477,477,7,"AXPY","openmp_axpy",cpu_native,"AMD Ryzen Threadripper 3970X 32-Core Processor",64,64000000,"elements=64000000",67,1.007552,1.007552,1.007552,156.529137,156.529137,-1.000000,2.336256e+00,155.355932,1.825200e-08,15.038085,15.038085,8.576000e+09,8.51,7.680000e+08,155.36,in_range,,,,4167,4172,,58,58,57,,-1,-1,-1.000000,-1,t
cpu-gpu-v2,2026-07-19T07:07:29,"20260718_205238_session2",478,478,8,"AXPY","openmp_axpy",cpu_native,"AMD Ryzen Threadripper 3970X 32-Core Processor",64,64000000,"elements=64000000",67,1.007398,1.007398,1.007398,156.762172,156.762172,-1.000000,2.339734e+00,155.610905,1.827917e-08,15.035797,15.035797,8.576000e+09,8.51,7.680000e+08,155.61,in_range,,,,4172,4190,,57,57,55,,-1,-1,-1.000000,-1,t
cpu-gpu-v2,2026-07-19T07:07:30,"20260718_205238_session2",479,479,9,"AXPY","openmp_axpy",cpu_native,"AMD Ryzen Threadripper 3970X 32-Core Processor",64,64000000,"elements=64000000",67,1.007905,1.007905,1.007905,156.915026,156.915026,-1.000000,2.342015e+00,155.684384,1.829699e-08,15.043354,15.043354,8.576000e+09,8.51,7.680000e+08,155.68,in_range,,,,4172,4174,,56,56,55,,-1,-1,-1.000000,-1,t
cpu-gpu-v2,2026-07-19T07:07:31,"20260718_205238_session2",480,480,10,"AXPY","openmp_axpy",cpu_native,"AMD Ryzen Threadripper 3970X 32-Core Processor",64,64000000,"elements=64000000",67,1.007592,1.007592,1.007592,156.913424,156.913424,-1.000000,2.341991e+00,155.731188,1.829681e-08,15.038679,15.038679,8.576000e+09,8.51,7.680000e+08,155.73,in_range,,,,4170,4167,,55,55,55,,-1,-1,-1.000000,-1,t
cpu-gpu-v2,2026-07-19T07:07:34,"20260718_205238_session2",481,481,1,"AXPY","openmp_axpy",cpu_native,"AMD Ryzen Threadripper 3970X 32-Core Processor",64,32000000,"elements=32000000",139,1.005838,1.005838,1.005838,157.657725,157.657725,-1.000000,1.134228e+00,156.742660,1.772232e-08,7.236245,7.236245,8.896000e+09,8.84,3.840000e+08,156.74,in_range,,,,4140,4158,,58,58,55,,-1,-1,-1.000000,-1,t
cpu-gpu-v2,2026-07-19T07:07:35,"20260718_205238_session2",482,482,2,"AXPY","openmp_axpy",cpu_native,"AMD Ryzen Threadripper 3970X 32-Core Processor",64,32000000,"elements=32000000",139,1.006339,1.006339,1.006339,157.069651,157.069651,-1.000000,1.129997e+00,156.080212,1.765621e-08,7.239851,7.239851,8.896000e+09,8.84,3.840000e+08,156.08,in_range,,,,4145,4172,,59,59,56,,-1,-1,-1.000000,-1,t
cpu-gpu-v2,2026-07-19T07:07:36,"20260718_205238_session2",483,483,3,"AXPY","openmp_axpy",cpu_native,"AMD Ryzen Threadripper 3970X 32-Core Processor",64,32000000,"elements=32000000",139,1.005563,1.005563,1.005563,156.916156,156.916156,-1.000000,1.128893e+00,156.048060,1.763896e-08,7.234266,7.234266,8.896000e+09,8.85,3.840000e+08,156.05,in_range,,,,4143,4144,,58,58,56,,-1,-1,-1.000000,-1,t
cpu-gpu-v2,2026-07-19T07:07:37,"20260718_205238_session2",484,484,4,"AXPY","openmp_axpy",cpu_native,"AMD Ryzen Threadripper 3970X 32-Core Processor",64,32000000,"elements=32000000",139,1.005792,1.005792,1.005792,156.881444,156.881444,-1.000000,1.128643e+00,155.977954,1.763505e-08,7.235917,7.235917,8.896000e+09,8.84,3.840000e+08,155.98,in_range,,,,4145,4151,,58,58,56,,-1,-1,-1.000000,-1,t
cpu-gpu-v2,2026-07-19T07:07:38,"20260718_205238_session2",485,485,5,"AXPY","openmp_axpy",cpu_native,"AMD Ryzen Threadripper 3970X 32-Core Processor",64,32000000,"elements=32000000",139,1.005780,1.005780,1.005780,157.002120,157.002120,-1.000000,1.129512e+00,156.099904,1.764862e-08,7.235825,7.235825,8.896000e+09,8.84,3.840000e+08,156.10,in_range,,,,4145,4137,,58,58,56,,-1,-1,-1.000000,-1,t
cpu-gpu-v2,2026-07-19T07:07:39,"20260718_205238_session2",486,486,6,"AXPY","openmp_axpy",cpu_native,"AMD Ryzen Threadripper 3970X 32-Core Processor",64,32000000,"elements=32000000",139,1.006140,1.006140,1.006140,156.938219,156.938219,-1.000000,1.129052e+00,155.980509,1.764144e-08,7.238417,7.238417,8.896000e+09,8.84,3.840000e+08,155.98,in_range,,,,4145,4173,,59,59,56,,-1,-1,-1.000000,-1,t
cpu-gpu-v2,2026-07-19T07:07:40,"20260718_205238_session2",487,487,7,"AXPY","openmp_axpy",cpu_native,"AMD Ryzen Threadripper 3970X 32-Core Processor",64,32000000,"elements=32000000",139,1.005965,1.005965,1.005965,156.772135,156.772135,-1.000000,1.127857e+00,155.842476,1.762277e-08,7.237161,7.237161,8.896000e+09,8.84,3.840000e+08,155.84,in_range,,,,4143,4139,,58,58,56,,-1,-1,-1.000000,-1,t
cpu-gpu-v2,2026-07-19T07:07:41,"20260718_205238_session2",488,488,8,"AXPY","openmp_axpy",cpu_native,"AMD Ryzen Threadripper 3970X 32-Core Processor",64,32000000,"elements=32000000",139,1.005629,1.005629,1.005629,156.929903,156.929903,-1.000000,1.128992e+00,156.051422,1.764050e-08,7.234744,7.234744,8.896000e+09,8.85,3.840000e+08,156.05,in_range,,,,4147,4165,,58,58,57,,-1,-1,-1.000000,-1,t
cpu-gpu-v2,2026-07-19T07:07:42,"20260718_205238_session2",489,489,9,"AXPY","openmp_axpy",cpu_native,"AMD Ryzen Threadripper 3970X 32-Core Processor",64,32000000,"elements=32000000",139,1.005631,1.005631,1.005631,156.751369,156.751369,-1.000000,1.127708e+00,155.873694,1.762043e-08,7.234753,7.234753,8.896000e+09,8.85,3.840000e+08,155.87,in_range,,,,4142,4141,,59,59,56,,-1,-1,-1.000000,-1,t
cpu-gpu-v2,2026-07-19T07:07:43,"20260718_205238_session2",490,490,10,"AXPY","openmp_axpy",cpu_native,"AMD Ryzen Threadripper 3970X 32-Core Processor",64,32000000,"elements=32000000",139,1.005621,1.005621,1.005621,157.065288,157.065288,-1.000000,1.129966e+00,156.187391,1.765572e-08,7.234682,7.234682,8.896000e+09,8.85,3.840000e+08,156.19,in_range,,,,4144,4140,,60,60,56,,-1,-1,-1.000000,-1,t
cpu-gpu-v2,2026-07-19T07:07:46,"20260718_205238_session2",491,491,1,"AXPY","openmp_axpy",cpu_native,"AMD Ryzen Threadripper 3970X 32-Core Processor",32,128000000,"elements=128000000",34,1.007771,1.007771,1.007771,151.070999,151.070999,-1.000000,4.443265e+00,149.906097,1.735650e-08,29.640320,29.640320,8.704000e+09,8.64,1.536000e+09,149.91,in_range,,,,3025,2942,,56,56,55,,-1,-1,-1.000000,-1,t
cpu-gpu-v2,2026-07-19T07:07:47,"20260718_205238_session2",492,492,2,"AXPY","openmp_axpy",cpu_native,"AMD Ryzen Threadripper 3970X 32-Core Processor",32,128000000,"elements=128000000",34,1.009035,1.009035,1.009035,151.298770,151.298770,-1.000000,4.449964e+00,149.944038,1.738267e-08,29.677498,29.677498,8.704000e+09,8.63,1.536000e+09,149.94,in_range,,,,2987,2959,,56,56,55,,-1,-1,-1.000000,-1,t
cpu-gpu-v2,2026-07-19T07:07:48,"20260718_205238_session2",493,493,3,"AXPY","openmp_axpy",cpu_native,"AMD Ryzen Threadripper 3970X 32-Core Processor",32,128000000,"elements=128000000",34,1.008108,1.008108,1.008108,151.053330,151.053330,-1.000000,4.442745e+00,149.838504,1.735447e-08,29.650223,29.650223,8.704000e+09,8.63,1.536000e+09,149.84,in_range,,,,2989,2964,,57,57,55,,-1,-1,-1.000000,-1,t
cpu-gpu-v2,2026-07-19T07:07:49,"20260718_205238_session2",494,494,4,"AXPY","openmp_axpy",cpu_native,"AMD Ryzen Threadripper 3970X 32-Core Processor",32,128000000,"elements=128000000",34,1.008215,1.008215,1.008215,151.028810,151.028810,-1.000000,4.442024e+00,149.798155,1.735166e-08,29.653395,29.653395,8.704000e+09,8.63,1.536000e+09,149.80,in_range,,,,3026,2964,,57,57,55,,-1,-1,-1.000000,-1,t
cpu-gpu-v2,2026-07-19T07:07:50,"20260718_205238_session2",495,495,5,"AXPY","openmp_axpy",cpu_native,"AMD Ryzen Threadripper 3970X 32-Core Processor",32,128000000,"elements=128000000",34,1.007897,1.007897,1.007897,151.061874,151.061874,-1.000000,4.442996e+00,149.878285,1.735545e-08,29.644030,29.644030,8.704000e+09,8.64,1.536000e+09,149.88,in_range,,,,2988,2964,,56,56,55,,-1,-1,-1.000000,-1,t
cpu-gpu-v2,2026-07-19T07:07:51,"20260718_205238_session2",496,496,6,"AXPY","openmp_axpy",cpu_native,"AMD Ryzen Threadripper 3970X 32-Core Processor",32,128000000,"elements=128000000",34,1.007793,1.007793,1.007793,151.054658,151.054658,-1.000000,4.442784e+00,149.886573,1.735463e-08,29.640974,29.640974,8.704000e+09,8.64,1.536000e+09,149.89,in_range,,,,3023,2960,,56,56,56,,-1,-1,-1.000000,-1,t
cpu-gpu-v2,2026-07-19T07:07:52,"20260718_205238_session2",497,497,7,"AXPY","openmp_axpy",cpu_native,"AMD Ryzen Threadripper 3970X 32-Core Processor",32,128000000,"elements=128000000",34,1.008077,1.008077,1.008077,151.065323,151.065323,-1.000000,4.443098e+00,149.855001,1.735585e-08,29.649312,29.649312,8.704000e+09,8.63,1.536000e+09,149.86,in_range,,,,3027,2963,,57,57,55,,-1,-1,-1.000000,-1,t
cpu-gpu-v2,2026-07-19T07:07:53,"20260718_205238_session2",498,498,8,"AXPY","openmp_axpy",cpu_native,"AMD Ryzen Threadripper 3970X 32-Core Processor",32,128000000,"elements=128000000",34,1.008003,1.008003,1.008003,151.048921,151.048921,-1.000000,4.442615e+00,149.849741,1.735397e-08,29.647134,29.647134,8.704000e+09,8.63,1.536000e+09,149.85,in_range,,,,3025,2964,,57,57,55,,-1,-1,-1.000000,-1,t
cpu-gpu-v2,2026-07-19T07:07:54,"20260718_205238_session2",499,499,9,"AXPY","openmp_axpy",cpu_native,"AMD Ryzen Threadripper 3970X 32-Core Processor",32,128000000,"elements=128000000",34,1.007841,1.007841,1.007841,151.050141,151.050141,-1.000000,4.442651e+00,149.874917,1.735411e-08,29.642393,29.642393,8.704000e+09,8.64,1.536000e+09,149.87,in_range,,,,2987,2963,,58,58,55,,-1,-1,-1.000000,-1,t
cpu-gpu-v2,2026-07-19T07:07:55,"20260718_205238_session2",500,500,10,"AXPY","openmp_axpy",cpu_native,"AMD Ryzen Threadripper 3970X 32-Core Processor",32,128000000,"elements=128000000",34,1.008474,1.008474,1.008474,151.049089,151.049089,-1.000000,4.442620e+00,149.779783,1.735399e-08,29.661014,29.661014,8.704000e+09,8.63,1.536000e+09,149.78,in_range,,,,2988,2949,,57,57,55,,-1,-1,-1.000000,-1,t
cpu-gpu-v2,2026-07-19T07:07:58,"20260718_205238_session2",501,501,1,"AXPY","openmp_axpy",cpu_native,"AMD Ryzen Threadripper 3970X 32-Core Processor",20,32000000,"elements=32000000",132,1.006702,1.006702,1.006702,125.101776,125.101776,-1.000000,9.477407e-01,124.268975,1.480845e-08,7.626527,7.626527,8.448000e+09,8.39,3.840000e+08,124.27,in_range,,,,2549,2515,,57,57,54,,-1,-1,-1.000000,-1,t
cpu-gpu-v2,2026-07-19T07:07:59,"20260718_205238_session2",502,502,2,"AXPY","openmp_axpy",cpu_native,"AMD Ryzen Threadripper 3970X 32-Core Processor",20,32000000,"elements=32000000",132,1.007472,1.007472,1.007472,124.996313,124.996313,-1.000000,9.469418e-01,124.069287,1.479597e-08,7.632362,7.632362,8.448000e+09,8.39,3.840000e+08,124.07,in_range,,,,2556,2519,,56,56,54,,-1,-1,-1.000000,-1,t
cpu-gpu-v2,2026-07-19T07:08:00,"20260718_205238_session2",503,503,3,"AXPY","openmp_axpy",cpu_native,"AMD Ryzen Threadripper 3970X 32-Core Processor",20,32000000,"elements=32000000",132,1.008026,1.008026,1.008026,125.089738,125.089738,-1.000000,9.476495e-01,124.093743,1.480702e-08,7.636562,7.636562,8.448000e+09,8.38,3.840000e+08,124.09,in_range,,,,2549,2549,,58,58,54,,-1,-1,-1.000000,-1,t
cpu-gpu-v2,2026-07-19T07:08:01,"20260718_205238_session2",504,504,4,"AXPY","openmp_axpy",cpu_native,"AMD Ryzen Threadripper 3970X 32-Core Processor",20,32000000,"elements=32000000",132,1.007653,1.007653,1.007653,125.019383,125.019383,-1.000000,9.471165e-01,124.069891,1.479870e-08,7.633734,7.633734,8.448000e+09,8.38,3.840000e+08,124.07,in_range,,,,2587,2548,,56,56,54,,-1,-1,-1.000000,-1,t
cpu-gpu-v2,2026-07-19T07:08:02,"20260718_205238_session2",505,505,5,"AXPY","openmp_axpy",cpu_native,"AMD Ryzen Threadripper 3970X 32-Core Processor",20,32000000,"elements=32000000",132,1.007582,1.007582,1.007582,124.979819,124.979819,-1.000000,9.468168e-01,124.039293,1.479401e-08,7.633201,7.633201,8.448000e+09,8.38,3.840000e+08,124.04,in_range,,,,2578,2582,,60,60,54,,-1,-1,-1.000000,-1,t
cpu-gpu-v2,2026-07-19T07:08:03,"20260718_205238_session2",506,506,6,"AXPY","openmp_axpy",cpu_native,"AMD Ryzen Threadripper 3970X 32-Core Processor",20,32000000,"elements=32000000",132,1.007506,1.007506,1.007506,124.810593,124.810593,-1.000000,9.455348e-01,123.880741,1.477398e-08,7.632621,7.632621,8.448000e+09,8.39,3.840000e+08,123.88,in_range,,,,2625,2518,,57,57,53,,-1,-1,-1.000000,-1,t
cpu-gpu-v2,2026-07-19T07:08:04,"20260718_205238_session2",507,507,7,"AXPY","openmp_axpy",cpu_native,"AMD Ryzen Threadripper 3970X 32-Core Processor",20,32000000,"elements=32000000",132,1.007437,1.007437,1.007437,124.898326,124.898326,-1.000000,9.461994e-01,123.976343,1.478437e-08,7.632097,7.632097,8.448000e+09,8.39,3.840000e+08,123.98,in_range,,,,2556,2518,,61,61,53,,-1,-1,-1.000000,-1,t
cpu-gpu-v2,2026-07-19T07:08:05,"20260718_205238_session2",508,508,8,"AXPY","openmp_axpy",cpu_native,"AMD Ryzen Threadripper 3970X 32-Core Processor",20,32000000,"elements=32000000",132,1.007380,1.007380,1.007380,124.919763,124.919763,-1.000000,9.463618e-01,124.004646,1.478690e-08,7.631664,7.631664,8.448000e+09,8.39,3.840000e+08,124.00,in_range,,,,2595,2516,,58,58,53,,-1,-1,-1.000000,-1,t
cpu-gpu-v2,2026-07-19T07:08:06,"20260718_205238_session2",509,509,9,"AXPY","openmp_axpy",cpu_native,"AMD Ryzen Threadripper 3970X 32-Core Processor",20,32000000,"elements=32000000",132,1.008579,1.008579,1.008579,124.851072,124.851072,-1.000000,9.458415e-01,123.789120,1.477877e-08,7.640748,7.640748,8.448000e+09,8.38,3.840000e+08,123.79,in_range,,,,2556,2514,,56,56,53,,-1,-1,-1.000000,-1,t
cpu-gpu-v2,2026-07-19T07:08:07,"20260718_205238_session2",510,510,10,"AXPY","openmp_axpy",cpu_native,"AMD Ryzen Threadripper 3970X 32-Core Processor",20,32000000,"elements=32000000",132,1.008813,1.008813,1.008813,124.949013,124.949013,-1.000000,9.465834e-01,123.857479,1.479037e-08,7.642521,7.642521,8.448000e+09,8.37,3.840000e+08,123.86,in_range,,,,2556,2515,,60,60,53,,-1,-1,-1.000000,-1,t
cpu-gpu-v2,2026-07-19T07:08:10,"20260718_205238_session2",511,511,1,"AXPY","openmp_axpy",cpu_native,"AMD Ryzen Threadripper 3970X 32-Core Processor",2,128000000,"elements=128000000",24,1.019782,1.019782,1.019782,79.408812,79.408812,-1.000000,3.308701e+00,77.868400,1.292461e-08,42.490927,42.490927,6.144000e+09,6.02,1.536000e+09,77.87,in_range,,,,1833,1834,,68,68,63,,-1,-1,-1.000000,-1,t
cpu-gpu-v2,2026-07-19T07:08:12,"20260718_205238_session2",512,512,2,"AXPY","openmp_axpy",cpu_native,"AMD Ryzen Threadripper 3970X 32-Core Processor",2,128000000,"elements=128000000",24,1.020222,1.020222,1.020222,79.359620,79.359620,-1.000000,3.306651e+00,77.786647,1.291660e-08,42.509235,42.509235,6.144000e+09,6.02,1.536000e+09,77.79,in_range,,,,1831,1834,,67,67,62,,-1,-1,-1.000000,-1,t
cpu-gpu-v2,2026-07-19T07:08:13,"20260718_205238_session2",513,513,3,"AXPY","openmp_axpy",cpu_native,"AMD Ryzen Threadripper 3970X 32-Core Processor",2,128000000,"elements=128000000",24,1.020374,1.020374,1.020374,79.153439,79.153439,-1.000000,3.298060e+00,77.572992,1.288305e-08,42.515570,42.515570,6.144000e+09,6.02,1.536000e+09,77.57,in_range,,,,1833,1834,,67,67,60,,-1,-1,-1.000000,-1,t
cpu-gpu-v2,2026-07-19T07:08:14,"20260718_205238_session2",514,514,4,"AXPY","openmp_axpy",cpu_native,"AMD Ryzen Threadripper 3970X 32-Core Processor",2,128000000,"elements=128000000",24,1.021548,1.021548,1.021548,79.126950,79.126950,-1.000000,3.296956e+00,77.457881,1.287874e-08,42.564503,42.564503,6.144000e+09,6.01,1.536000e+09,77.46,in_range,,,,1862,1834,,67,67,59,,-1,-1,-1.000000,-1,t
cpu-gpu-v2,2026-07-19T07:08:15,"20260718_205238_session2",515,515,5,"AXPY","openmp_axpy",cpu_native,"AMD Ryzen Threadripper 3970X 32-Core Processor",2,128000000,"elements=128000000",24,1.021574,1.021574,1.021574,79.154063,79.154063,-1.000000,3.298086e+00,77.482462,1.288315e-08,42.565581,42.565581,6.144000e+09,6.01,1.536000e+09,77.48,in_range,,,,1863,1864,,69,69,67,,-1,-1,-1.000000,-1,t
cpu-gpu-v2,2026-07-19T07:08:16,"20260718_205238_session2",516,516,6,"AXPY","openmp_axpy",cpu_native,"AMD Ryzen Threadripper 3970X 32-Core Processor",2,128000000,"elements=128000000",24,1.021067,1.021067,1.021067,79.020221,79.020221,-1.000000,3.292509e+00,77.389857,1.286136e-08,42.544454,42.544454,6.144000e+09,6.02,1.536000e+09,77.39,in_range,,,,1872,1835,,67,67,65,,-1,-1,-1.000000,-1,t
cpu-gpu-v2,2026-07-19T07:08:17,"20260718_205238_session2",517,517,7,"AXPY","openmp_axpy",cpu_native,"AMD Ryzen Threadripper 3970X 32-Core Processor",2,128000000,"elements=128000000",24,1.020369,1.020369,1.020369,78.940863,78.940863,-1.000000,3.289203e+00,77.365032,1.284845e-08,42.515366,42.515366,6.144000e+09,6.02,1.536000e+09,77.37,in_range,,,,1833,1833,,66,66,64,,-1,-1,-1.000000,-1,t
cpu-gpu-v2,2026-07-19T07:08:18,"20260718_205238_session2",518,518,8,"AXPY","openmp_axpy",cpu_native,"AMD Ryzen Threadripper 3970X 32-Core Processor",2,128000000,"elements=128000000",24,1.019249,1.019249,1.019249,78.491928,78.491928,-1.000000,3.270497e+00,77.009585,1.277538e-08,42.468700,42.468700,6.144000e+09,6.03,1.536000e+09,77.01,in_range,,,,1911,1835,,66,66,62,,-1,-1,-1.000000,-1,t
cpu-gpu-v2,2026-07-19T07:08:19,"20260718_205238_session2",519,519,9,"AXPY","openmp_axpy",cpu_native,"AMD Ryzen Threadripper 3970X 32-Core Processor",2,128000000,"elements=128000000",24,1.018137,1.018137,1.018137,77.817982,77.817982,-1.000000,3.242416e+00,76.431702,1.266569e-08,42.422396,42.422396,6.144000e+09,6.03,1.536000e+09,76.43,in_range,,,,1833,1834,,65,65,61,,-1,-1,-1.000000,-1,t
cpu-gpu-v2,2026-07-19T07:08:20,"20260718_205238_session2",520,520,10,"AXPY","openmp_axpy",cpu_native,"AMD Ryzen Threadripper 3970X 32-Core Processor",2,128000000,"elements=128000000",24,1.016490,1.016490,1.016490,77.646070,77.646070,-1.000000,3.235253e+00,76.386472,1.263771e-08,42.353742,42.353742,6.144000e+09,6.04,1.536000e+09,76.39,in_range,,,,1834,1835,,65,65,59,,-1,-1,-1.000000,-1,t
cpu-gpu-v2,2026-07-19T07:08:23,"20260718_205238_session2",521,521,1,"AXPY","openmp_axpy",cpu_native,"AMD Ryzen Threadripper 3970X 32-Core Processor",8,16000000,"elements=16000000",181,1.003649,1.003649,1.003649,88.532088,88.532088,-1.000000,4.891276e-01,88.210219,1.528524e-08,5.545021,5.545021,5.792000e+09,5.77,1.920000e+08,88.21,in_range,,,,2108,2075,,59,59,55,,-1,-1,-1.000000,-1,t
cpu-gpu-v2,2026-07-19T07:08:24,"20260718_205238_session2",522,522,2,"AXPY","openmp_axpy",cpu_native,"AMD Ryzen Threadripper 3970X 32-Core Processor",8,16000000,"elements=16000000",181,1.003766,1.003766,1.003766,88.674430,88.674430,-1.000000,4.899140e-01,88.341723,1.530981e-08,5.545669,5.545669,5.792000e+09,5.77,1.920000e+08,88.34,in_range,,,,2108,2075,,57,57,54,,-1,-1,-1.000000,-1,t
cpu-gpu-v2,2026-07-19T07:08:25,"20260718_205238_session2",523,523,3,"AXPY","openmp_axpy",cpu_native,"AMD Ryzen Threadripper 3970X 32-Core Processor",8,16000000,"elements=16000000",181,1.003426,1.003426,1.003426,88.598781,88.598781,-1.000000,4.894960e-01,88.296299,1.529675e-08,5.543789,5.543789,5.792000e+09,5.77,1.920000e+08,88.30,in_range,,,,2131,2071,,57,57,52,,-1,-1,-1.000000,-1,t
cpu-gpu-v2,2026-07-19T07:08:26,"20260718_205238_session2",524,524,4,"AXPY","openmp_axpy",cpu_native,"AMD Ryzen Threadripper 3970X 32-Core Processor",8,16000000,"elements=16000000",181,1.004304,1.004304,1.004304,88.785188,88.785188,-1.000000,4.905259e-01,88.404711,1.532893e-08,5.548640,5.548640,5.792000e+09,5.77,1.920000e+08,88.40,in_range,,,,2112,2073,,58,58,52,,-1,-1,-1.000000,-1,t
cpu-gpu-v2,2026-07-19T07:08:27,"20260718_205238_session2",525,525,5,"AXPY","openmp_axpy",cpu_native,"AMD Ryzen Threadripper 3970X 32-Core Processor",8,16000000,"elements=16000000",181,1.003817,1.003817,1.003817,88.626307,88.626307,-1.000000,4.896481e-01,88.289281,1.530150e-08,5.545952,5.545952,5.792000e+09,5.77,1.920000e+08,88.29,in_range,,,,2152,2069,,57,57,53,,-1,-1,-1.000000,-1,t
cpu-gpu-v2,2026-07-19T07:08:28,"20260718_205238_session2",526,526,6,"AXPY","openmp_axpy",cpu_native,"AMD Ryzen Threadripper 3970X 32-Core Processor",8,16000000,"elements=16000000",181,1.004379,1.004379,1.004379,88.721486,88.721486,-1.000000,4.901740e-01,88.334647,1.531794e-08,5.549057,5.549057,5.792000e+09,5.77,1.920000e+08,88.33,in_range,,,,2140,2072,,61,61,53,,-1,-1,-1.000000,-1,t
cpu-gpu-v2,2026-07-19T07:08:29,"20260718_205238_session2",527,527,7,"AXPY","openmp_axpy",cpu_native,"AMD Ryzen Threadripper 3970X 32-Core Processor",8,16000000,"elements=16000000",181,1.004318,1.004318,1.004318,88.832839,88.832839,-1.000000,4.907892e-01,88.450937,1.533716e-08,5.548716,5.548716,5.792000e+09,5.77,1.920000e+08,88.45,in_range,,,,2112,2071,,63,63,61,,-1,-1,-1.000000,-1,t
cpu-gpu-v2,2026-07-19T07:08:30,"20260718_205238_session2",528,528,8,"AXPY","openmp_axpy",cpu_native,"AMD Ryzen Threadripper 3970X 32-Core Processor",8,16000000,"elements=16000000",181,1.004526,1.004526,1.004526,88.827865,88.827865,-1.000000,4.907617e-01,88.427604,1.533630e-08,5.549870,5.549870,5.792000e+09,5.77,1.920000e+08,88.43,in_range,,,,2132,2071,,61,61,59,,-1,-1,-1.000000,-1,t
cpu-gpu-v2,2026-07-19T07:08:31,"20260718_205238_session2",529,529,9,"AXPY","openmp_axpy",cpu_native,"AMD Ryzen Threadripper 3970X 32-Core Processor",8,16000000,"elements=16000000",181,1.004703,1.004703,1.004703,88.807862,88.807862,-1.000000,4.906512e-01,88.392179,1.533285e-08,5.550844,5.550844,5.792000e+09,5.76,1.920000e+08,88.39,in_range,,,,2107,2071,,59,59,58,,-1,-1,-1.000000,-1,t
cpu-gpu-v2,2026-07-19T07:08:32,"20260718_205238_session2",530,530,10,"AXPY","openmp_axpy",cpu_native,"AMD Ryzen Threadripper 3970X 32-Core Processor",8,16000000,"elements=16000000",181,1.004959,1.004959,1.004959,88.774981,88.774981,-1.000000,4.904695e-01,88.336923,1.532717e-08,5.552259,5.552259,5.792000e+09,5.76,1.920000e+08,88.34,in_range,,,,2151,2066,,58,58,56,,-1,-1,-1.000000,-1,t
cpu-gpu-v2,2026-07-19T07:08:35,"20260718_205238_session2",531,531,1,"AXPY","openmp_axpy",cpu_native,"AMD Ryzen Threadripper 3970X 32-Core Processor",10,2000000,"elements=2000000",46850,1.158027,1.158027,1.158027,224.879713,224.879713,-1.000000,4.799994e-03,194.192053,1.199998e-09,0.024718,0.024718,1.874000e+11,161.83,2.400000e+07,194.19,in_range,,,,2121,2157,,79,77,79,,-1,-1,-1.000000,-1,t
cpu-gpu-v2,2026-07-19T07:08:36,"20260718_205238_session2",532,532,2,"AXPY","openmp_axpy",cpu_native,"AMD Ryzen Threadripper 3970X 32-Core Processor",10,2000000,"elements=2000000",46850,1.139515,1.139515,1.139515,222.857692,222.857692,-1.000000,4.756834e-03,195.572468,1.189209e-09,0.024323,0.024323,1.874000e+11,164.46,2.400000e+07,195.57,in_range,,,,2157,2117,,83,79,83,,-1,-1,-1.000000,-1,t
cpu-gpu-v2,2026-07-19T07:08:37,"20260718_205238_session2",533,533,3,"AXPY","openmp_axpy",cpu_native,"AMD Ryzen Threadripper 3970X 32-Core Processor",10,2000000,"elements=2000000",46850,1.110802,1.110802,1.110802,219.605876,219.605876,-1.000000,4.687425e-03,197.700329,1.171856e-09,0.023710,0.023710,1.874000e+11,168.71,2.400000e+07,197.70,in_range,,,,2117,2150,,83,83,81,,-1,-1,-1.000000,-1,t
cpu-gpu-v2,2026-07-19T07:08:38,"20260718_205238_session2",534,534,4,"AXPY","openmp_axpy",cpu_native,"AMD Ryzen Threadripper 3970X 32-Core Processor",10,2000000,"elements=2000000",46850,1.120779,1.120779,1.120779,220.362139,220.362139,-1.000000,4.703568e-03,196.615152,1.175892e-09,0.023923,0.023923,1.874000e+11,167.21,2.400000e+07,196.62,in_range,,,,2152,2115,,85,81,85,,-1,-1,-1.000000,-1,t
cpu-gpu-v2,2026-07-19T07:08:39,"20260718_205238_session2",535,535,5,"AXPY","openmp_axpy",cpu_native,"AMD Ryzen Threadripper 3970X 32-Core Processor",10,2000000,"elements=2000000",46850,1.152647,1.152647,1.152647,223.866459,223.866459,-1.000000,4.778366e-03,194.219412,1.194592e-09,0.024603,0.024603,1.874000e+11,162.58,2.400000e+07,194.22,in_range,,,,2148,2116,,85,85,82,,-1,-1,-1.000000,-1,t
cpu-gpu-v2,2026-07-19T07:08:40,"20260718_205238_session2",536,536,6,"AXPY","openmp_axpy",cpu_native,"AMD Ryzen Threadripper 3970X 32-Core Processor",10,2000000,"elements=2000000",46850,1.095097,1.095097,1.095097,217.700290,217.700290,-1.000000,4.646751e-03,198.795514,1.161688e-09,0.023375,0.023375,1.874000e+11,171.13,2.400000e+07,198.80,in_range,,,,2151,2113,,87,82,87,,-1,-1,-1.000000,-1,t
cpu-gpu-v2,2026-07-19T07:08:41,"20260718_205238_session2",537,537,7,"AXPY","openmp_axpy",cpu_native,"AMD Ryzen Threadripper 3970X 32-Core Processor",10,2000000,"elements=2000000",46850,1.153832,1.153832,1.153832,224.092186,224.092186,-1.000000,4.783184e-03,194.215568,1.195796e-09,0.024628,0.024628,1.874000e+11,162.42,2.400000e+07,194.22,in_range,,,,2111,2153,,86,86,83,,-1,-1,-1.000000,-1,t
cpu-gpu-v2,2026-07-19T07:08:42,"20260718_205238_session2",538,538,8,"AXPY","openmp_axpy",cpu_native,"AMD Ryzen Threadripper 3970X 32-Core Processor",10,2000000,"elements=2000000",46850,1.083526,1.083526,1.083526,216.448463,216.448463,-1.000000,4.620031e-03,199.763100,1.155008e-09,0.023128,0.023128,1.874000e+11,172.95,2.400000e+07,199.76,in_range,,,,2189,2116,,84,83,84,,-1,-1,-1.000000,-1,t
cpu-gpu-v2,2026-07-19T07:08:44,"20260718_205238_session2",539,539,9,"AXPY","openmp_axpy",cpu_native,"AMD Ryzen Threadripper 3970X 32-Core Processor",10,2000000,"elements=2000000",46850,1.035639,1.035639,1.035639,210.545325,210.545325,-1.000000,4.494030e-03,203.299889,1.123508e-09,0.022105,0.022105,1.874000e+11,180.95,2.400000e+07,203.30,in_range,,,,2185,2151,,85,84,85,,-1,-1,-1.000000,-1,t
cpu-gpu-v2,2026-07-19T07:08:45,"20260718_205238_session2",540,540,10,"AXPY","openmp_axpy",cpu_native,"AMD Ryzen Threadripper 3970X 32-Core Processor",10,2000000,"elements=2000000",46850,1.195520,1.195520,1.195520,228.385192,228.385192,-1.000000,4.874817e-03,191.034156,1.218704e-09,0.025518,0.025518,1.874000e+11,156.75,2.400000e+07,191.03,in_range,,,,2189,2142,,85,85,84,,-1,-1,-1.000000,-1,t
cpu-gpu-v2,2026-07-19T07:08:47,"20260718_205238_session2",541,541,1,"AXPY","openmp_axpy",cpu_native,"AMD Ryzen Threadripper 3970X 32-Core Processor",16,16000000,"elements=16000000",265,1.002309,1.002309,1.002309,115.824912,115.824912,-1.000000,4.370751e-01,115.558060,1.365860e-08,3.782299,3.782299,8.480000e+09,8.46,1.920000e+08,115.56,in_range,,,,2391,2364,,82,82,80,,-1,-1,-1.000000,-1,t
cpu-gpu-v2,2026-07-19T07:08:48,"20260718_205238_session2",542,542,2,"AXPY","openmp_axpy",cpu_native,"AMD Ryzen Threadripper 3970X 32-Core Processor",16,16000000,"elements=16000000",265,1.001788,1.001788,1.001788,115.217705,115.217705,-1.000000,4.347838e-01,115.012054,1.358699e-08,3.780332,3.780332,8.480000e+09,8.46,1.920000e+08,115.01,in_range,,,,2391,2365,,80,80,79,,-1,-1,-1.000000,-1,t
cpu-gpu-v2,2026-07-19T07:08:49,"20260718_205238_session2",543,543,3,"AXPY","openmp_axpy",cpu_native,"AMD Ryzen Threadripper 3970X 32-Core Processor",16,16000000,"elements=16000000",265,1.001647,1.001647,1.001647,114.963659,114.963659,-1.000000,4.338251e-01,114.774642,1.355704e-08,3.779799,3.779799,8.480000e+09,8.47,1.920000e+08,114.77,in_range,,,,2404,2364,,79,79,77,,-1,-1,-1.000000,-1,t
cpu-gpu-v2,2026-07-19T07:08:50,"20260718_205238_session2",544,544,4,"AXPY","openmp_axpy",cpu_native,"AMD Ryzen Threadripper 3970X 32-Core Processor",16,16000000,"elements=16000000",265,1.002907,1.002907,1.002907,114.956244,114.956244,-1.000000,4.337971e-01,114.623066,1.355616e-08,3.784554,3.784554,8.480000e+09,8.46,1.920000e+08,114.62,in_range,,,,2402,2371,,77,77,75,,-1,-1,-1.000000,-1,t
cpu-gpu-v2,2026-07-19T07:08:51,"20260718_205238_session2",545,545,5,"AXPY","openmp_axpy",cpu_native,"AMD Ryzen Threadripper 3970X 32-Core Processor",16,16000000,"elements=16000000",265,1.001846,1.001846,1.001846,114.881601,114.881601,-1.000000,4.335155e-01,114.669907,1.354736e-08,3.780551,3.780551,8.480000e+09,8.46,1.920000e+08,114.67,in_range,,,,2404,2369,,75,75,74,,-1,-1,-1.000000,-1,t
cpu-gpu-v2,2026-07-19T07:08:52,"20260718_205238_session2",546,546,6,"AXPY","openmp_axpy",cpu_native,"AMD Ryzen Threadripper 3970X 32-Core Processor",16,16000000,"elements=16000000",265,1.001691,1.001691,1.001691,115.009479,115.009479,-1.000000,4.339980e-01,114.815329,1.356244e-08,3.779966,3.779966,8.480000e+09,8.47,1.920000e+08,114.82,in_range,,,,2410,2370,,74,74,72,,-1,-1,-1.000000,-1,t
cpu-gpu-v2,2026-07-19T07:08:53,"20260718_205238_session2",547,547,7,"AXPY","openmp_axpy",cpu_native,"AMD Ryzen Threadripper 3970X 32-Core Processor",16,16000000,"elements=16000000",265,1.001504,1.001504,1.001504,114.978352,114.978352,-1.000000,4.338806e-01,114.805719,1.355877e-08,3.779259,3.779259,8.480000e+09,8.47,1.920000e+08,114.81,in_range,,,,2400,2371,,72,72,71,,-1,-1,-1.000000,-1,t
cpu-gpu-v2,2026-07-19T07:08:54,"20260718_205238_session2",548,548,8,"AXPY","openmp_axpy",cpu_native,"AMD Ryzen Threadripper 3970X 32-Core Processor",16,16000000,"elements=16000000",265,1.001538,1.001538,1.001538,114.902230,114.902230,-1.000000,4.335933e-01,114.725833,1.354979e-08,3.779387,3.779387,8.480000e+09,8.47,1.920000e+08,114.73,in_range,,,,2410,2372,,71,71,69,,-1,-1,-1.000000,-1,t
cpu-gpu-v2,2026-07-19T07:08:55,"20260718_205238_session2",549,549,9,"AXPY","openmp_axpy",cpu_native,"AMD Ryzen Threadripper 3970X 32-Core Processor",16,16000000,"elements=16000000",265,1.001466,1.001466,1.001466,114.827710,114.827710,-1.000000,4.333121e-01,114.659670,1.354100e-08,3.779115,3.779115,8.480000e+09,8.47,1.920000e+08,114.66,in_range,,,,2410,2373,,69,69,68,,-1,-1,-1.000000,-1,t
cpu-gpu-v2,2026-07-19T07:08:56,"20260718_205238_session2",550,550,10,"AXPY","openmp_axpy",cpu_native,"AMD Ryzen Threadripper 3970X 32-Core Processor",16,16000000,"elements=16000000",265,1.001740,1.001740,1.001740,114.806395,114.806395,-1.000000,4.332317e-01,114.606959,1.353849e-08,3.780152,3.780152,8.480000e+09,8.47,1.920000e+08,114.61,in_range,,,,2410,2372,,68,68,66,,-1,-1,-1.000000,-1,t
cpu-gpu-v2,2026-07-19T07:09:00,"20260718_205238_session2",551,551,1,"AXPY","openmp_axpy",cpu_native,"AMD Ryzen Threadripper 3970X 32-Core Processor",16,4000000,"elements=4000000",36961,1.008973,1.008973,1.008973,289.440735,289.440735,-1.000000,7.830977e-03,286.866653,9.788721e-10,0.027298,0.027298,2.956880e+11,293.06,4.800000e+07,286.87,in_range,,,,2370,2360,,84,82,84,,-1,-1,-1.000000,-1,t
cpu-gpu-v2,2026-07-19T07:09:01,"20260718_205238_session2",552,552,2,"AXPY","openmp_axpy",cpu_native,"AMD Ryzen Threadripper 3970X 32-Core Processor",16,4000000,"elements=4000000",36961,1.012836,1.012836,1.012836,290.166772,290.166772,-1.000000,7.850620e-03,286.489281,9.813275e-10,0.027403,0.027403,2.956880e+11,291.94,4.800000e+07,286.49,in_range,,,,2412,2398,,85,84,85,,-1,-1,-1.000000,-1,t
cpu-gpu-v2,2026-07-19T07:09:02,"20260718_205238_session2",553,553,3,"AXPY","openmp_axpy",cpu_native,"AMD Ryzen Threadripper 3970X 32-Core Processor",16,4000000,"elements=4000000",36961,1.011630,1.011630,1.011630,289.257838,289.257838,-1.000000,7.826028e-03,285.932325,9.782536e-10,0.027370,0.027370,2.956880e+11,292.29,4.800000e+07,285.93,in_range,,,,2437,2326,,86,85,86,,-1,-1,-1.000000,-1,t
cpu-gpu-v2,2026-07-19T07:09:03,"20260718_205238_session2",554,554,4,"AXPY","openmp_axpy",cpu_native,"AMD Ryzen Threadripper 3970X 32-Core Processor",16,4000000,"elements=4000000",36961,1.026613,1.026613,1.026613,291.165073,291.165073,-1.000000,7.877630e-03,283.617275,9.847037e-10,0.027776,0.027776,2.956880e+11,288.02,4.800000e+07,283.62,in_range,,,,2362,2363,,87,86,87,,-1,-1,-1.000000,-1,t
cpu-gpu-v2,2026-07-19T07:09:04,"20260718_205238_session2",555,555,5,"AXPY","openmp_axpy",cpu_native,"AMD Ryzen Threadripper 3970X 32-Core Processor",16,4000000,"elements=4000000",36961,1.012192,1.012192,1.012192,289.973118,289.973118,-1.000000,7.845381e-03,286.480404,9.806726e-10,0.027385,0.027385,2.956880e+11,292.13,4.800000e+07,286.48,in_range,,,,2399,2328,,88,87,88,,-1,-1,-1.000000,-1,t
cpu-gpu-v2,2026-07-19T07:09:05,"20260718_205238_session2",556,556,6,"AXPY","openmp_axpy",cpu_native,"AMD Ryzen Threadripper 3970X 32-Core Processor",16,4000000,"elements=4000000",36961,1.013186,1.013186,1.013186,290.590044,290.590044,-1.000000,7.862072e-03,286.808112,9.827590e-10,0.027412,0.027412,2.956880e+11,291.84,4.800000e+07,286.81,in_range,,,,2364,2328,,88,88,88,,-1,-1,-1.000000,-1,t
cpu-gpu-v2,2026-07-19T07:09:06,"20260718_205238_session2",557,557,7,"AXPY","openmp_axpy",cpu_native,"AMD Ryzen Threadripper 3970X 32-Core Processor",16,4000000,"elements=4000000",36961,1.016080,1.016080,1.016080,290.850483,290.850483,-1.000000,7.869118e-03,286.247587,9.836398e-10,0.027491,0.027491,2.956880e+11,291.01,4.800000e+07,286.25,in_range,,,,2364,2362,,88,88,88,,-1,-1,-1.000000,-1,t
cpu-gpu-v2,2026-07-19T07:09:07,"20260718_205238_session2",558,558,8,"AXPY","openmp_axpy",cpu_native,"AMD Ryzen Threadripper 3970X 32-Core Processor",16,4000000,"elements=4000000",36961,1.033181,1.033181,1.033181,292.549401,292.549401,-1.000000,7.915083e-03,283.154140,9.893854e-10,0.027953,0.027953,2.956880e+11,286.19,4.800000e+07,283.15,in_range,,,,2398,2356,,89,88,89,,-1,-1,-1.000000,-1,t
cpu-gpu-v2,2026-07-19T07:09:08,"20260718_205238_session2",559,559,9,"AXPY","openmp_axpy",cpu_native,"AMD Ryzen Threadripper 3970X 32-Core Processor",16,4000000,"elements=4000000",36961,1.015547,1.015547,1.015547,290.096921,290.096921,-1.000000,7.848730e-03,285.655866,9.810913e-10,0.027476,0.027476,2.956880e+11,291.16,4.800000e+07,285.66,in_range,,,,2392,2320,,90,88,90,,-1,-1,-1.000000,-1,t
cpu-gpu-v2,2026-07-19T07:09:09,"20260718_205238_session2",560,560,10,"AXPY","openmp_axpy",cpu_native,"AMD Ryzen Threadripper 3970X 32-Core Processor",16,4000000,"elements=4000000",36961,1.015744,1.015744,1.015744,290.124096,290.124096,-1.000000,7.849466e-03,285.627264,9.811832e-10,0.027481,0.027481,2.956880e+11,291.10,4.800000e+07,285.63,in_range,,,,2356,2328,,90,90,89,,-1,-1,-1.000000,-1,t
cpu-gpu-v2,2026-07-19T07:09:11,"20260718_205238_session2",561,561,1,"AXPY","openmp_axpy",cpu_native,"AMD Ryzen Threadripper 3970X 32-Core Processor",2,16000000,"elements=16000000",188,1.005033,1.005033,1.005033,79.936829,79.936829,-1.000000,4.251959e-01,79.536546,1.328737e-08,5.345919,5.345919,6.016000e+09,5.99,1.920000e+08,79.54,in_range,,,,1973,1868,,86,86,85,,-1,-1,-1.000000,-1,t
cpu-gpu-v2,2026-07-19T07:09:12,"20260718_205238_session2",562,562,2,"AXPY","openmp_axpy",cpu_native,"AMD Ryzen Threadripper 3970X 32-Core Processor",2,16000000,"elements=16000000",188,1.004330,1.004330,1.004330,79.364670,79.364670,-1.000000,4.221525e-01,79.022504,1.319227e-08,5.342181,5.342181,6.016000e+09,5.99,1.920000e+08,79.02,in_range,,,,1870,1833,,85,85,83,,-1,-1,-1.000000,-1,t
cpu-gpu-v2,2026-07-19T07:09:13,"20260718_205238_session2",563,563,3,"AXPY","openmp_axpy",cpu_native,"AMD Ryzen Threadripper 3970X 32-Core Processor",2,16000000,"elements=16000000",188,1.004378,1.004378,1.004378,78.950781,78.950781,-1.000000,4.199510e-01,78.606620,1.312347e-08,5.342438,5.342438,6.016000e+09,5.99,1.920000e+08,78.61,in_range,,,,1872,1833,,83,83,82,,-1,-1,-1.000000,-1,t
cpu-gpu-v2,2026-07-19T07:09:14,"20260718_205238_session2",564,564,4,"AXPY","openmp_axpy",cpu_native,"AMD Ryzen Threadripper 3970X 32-Core Processor",2,16000000,"elements=16000000",188,1.004998,1.004998,1.004998,78.755922,78.755922,-1.000000,4.189145e-01,78.364268,1.309108e-08,5.345733,5.345733,6.016000e+09,5.99,1.920000e+08,78.36,in_range,,,,1872,1865,,82,82,80,,-1,-1,-1.000000,-1,t
cpu-gpu-v2,2026-07-19T07:09:15,"20260718_205238_session2",565,565,5,"AXPY","openmp_axpy",cpu_native,"AMD Ryzen Threadripper 3970X 32-Core Processor",2,16000000,"elements=16000000",188,1.003682,1.003682,1.003682,78.466402,78.466402,-1.000000,4.173745e-01,78.178567,1.304295e-08,5.338733,5.338733,6.016000e+09,5.99,1.920000e+08,78.18,in_range,,,,1942,1834,,80,80,79,,-1,-1,-1.000000,-1,t
cpu-gpu-v2,2026-07-19T07:09:16,"20260718_205238_session2",566,566,6,"AXPY","openmp_axpy",cpu_native,"AMD Ryzen Threadripper 3970X 32-Core Processor",2,16000000,"elements=16000000",188,1.003878,1.003878,1.003878,78.350349,78.350349,-1.000000,4.167572e-01,78.047715,1.302366e-08,5.339774,5.339774,6.016000e+09,5.99,1.920000e+08,78.05,in_range,,,,1902,1834,,79,79,77,,-1,-1,-1.000000,-1,t
cpu-gpu-v2,2026-07-19T07:09:18,"20260718_205238_session2",567,567,7,"AXPY","openmp_axpy",cpu_native,"AMD Ryzen Threadripper 3970X 32-Core Processor",2,16000000,"elements=16000000",188,1.004034,1.004034,1.004034,78.230772,78.230772,-1.000000,4.161211e-01,77.916483,1.300379e-08,5.340605,5.340605,6.016000e+09,5.99,1.920000e+08,77.92,in_range,,,,1872,1834,,77,77,75,,-1,-1,-1.000000,-1,t
cpu-gpu-v2,2026-07-19T07:09:19,"20260718_205238_session2",568,568,8,"AXPY","openmp_axpy",cpu_native,"AMD Ryzen Threadripper 3970X 32-Core Processor",2,16000000,"elements=16000000",188,1.003596,1.003596,1.003596,78.165894,78.165894,-1.000000,4.157760e-01,77.885805,1.299300e-08,5.338277,5.338277,6.016000e+09,5.99,1.920000e+08,77.89,in_range,,,,1913,1834,,75,75,74,,-1,-1,-1.000000,-1,t
cpu-gpu-v2,2026-07-19T07:09:20,"20260718_205238_session2",569,569,9,"AXPY","openmp_axpy",cpu_native,"AMD Ryzen Threadripper 3970X 32-Core Processor",2,16000000,"elements=16000000",188,1.004425,1.004425,1.004425,78.103597,78.103597,-1.000000,4.154447e-01,77.759546,1.298265e-08,5.342684,5.342684,6.016000e+09,5.99,1.920000e+08,77.76,in_range,,,,1912,1833,,74,74,72,,-1,-1,-1.000000,-1,t
cpu-gpu-v2,2026-07-19T07:09:21,"20260718_205238_session2",570,570,10,"AXPY","openmp_axpy",cpu_native,"AMD Ryzen Threadripper 3970X 32-Core Processor",2,16000000,"elements=16000000",188,1.003543,1.003543,1.003543,77.951780,77.951780,-1.000000,4.146371e-01,77.676560,1.295741e-08,5.337996,5.337996,6.016000e+09,5.99,1.920000e+08,77.68,in_range,,,,1874,1833,,72,72,71,,-1,-1,-1.000000,-1,t
cpu-gpu-v2,2026-07-19T07:09:23,"20260718_205238_session2",571,571,1,"AXPY","openmp_axpy",cpu_native,"AMD Ryzen Threadripper 3970X 32-Core Processor",20,1000000,"elements=1000000",194136,1.028005,1.028005,1.028005,274.933872,274.933872,-1.000000,1.416192e-03,267.444199,7.080961e-10,0.005295,0.005295,3.882720e+11,377.69,1.200000e+07,267.44,in_range,,,,2518,2508,,74,73,74,,-1,-1,-1.000000,-1,t
cpu-gpu-v2,2026-07-19T07:09:24,"20260718_205238_session2",572,572,2,"AXPY","openmp_axpy",cpu_native,"AMD Ryzen Threadripper 3970X 32-Core Processor",20,1000000,"elements=1000000",194136,1.028407,1.028407,1.028407,275.401117,275.401117,-1.000000,1.418599e-03,267.793896,7.092995e-10,0.005297,0.005297,3.882720e+11,377.55,1.200000e+07,267.79,in_range,,,,2558,2515,,76,74,76,,-1,-1,-1.000000,-1,t
cpu-gpu-v2,2026-07-19T07:09:25,"20260718_205238_session2",573,573,3,"AXPY","openmp_axpy",cpu_native,"AMD Ryzen Threadripper 3970X 32-Core Processor",20,1000000,"elements=1000000",194136,1.029125,1.029125,1.029125,275.498432,275.498432,-1.000000,1.419100e-03,267.701518,7.095501e-10,0.005301,0.005301,3.882720e+11,377.28,1.200000e+07,267.70,in_range,,,,2560,2472,,77,76,77,,-1,-1,-1.000000,-1,t
cpu-gpu-v2,2026-07-19T07:09:26,"20260718_205238_session2",574,574,4,"AXPY","openmp_axpy",cpu_native,"AMD Ryzen Threadripper 3970X 32-Core Processor",20,1000000,"elements=1000000",194136,1.031243,1.031243,1.031243,275.243029,275.243029,-1.000000,1.417785e-03,266.904114,7.088923e-10,0.005312,0.005312,3.882720e+11,376.51,1.200000e+07,266.90,in_range,,,,2481,2468,,78,76,78,,-1,-1,-1.000000,-1,t
cpu-gpu-v2,2026-07-19T07:09:27,"20260718_205238_session2",575,575,5,"AXPY","openmp_axpy",cpu_native,"AMD Ryzen Threadripper 3970X 32-Core Processor",20,1000000,"elements=1000000",194136,1.037364,1.037364,1.037364,276.119205,276.119205,-1.000000,1.422298e-03,266.173941,7.111489e-10,0.005343,0.005343,3.882720e+11,374.29,1.200000e+07,266.17,in_range,,,,2509,2471,,78,77,78,,-1,-1,-1.000000,-1,t
cpu-gpu-v2,2026-07-19T07:09:28,"20260718_205238_session2",576,576,6,"AXPY","openmp_axpy",cpu_native,"AMD Ryzen Threadripper 3970X 32-Core Processor",20,1000000,"elements=1000000",194136,1.031372,1.031372,1.031372,275.756507,275.756507,-1.000000,1.420430e-03,267.368574,7.102148e-10,0.005313,0.005313,3.882720e+11,376.46,1.200000e+07,267.37,in_range,,,,2510,2474,,79,78,79,,-1,-1,-1.000000,-1,t
cpu-gpu-v2,2026-07-19T07:09:29,"20260718_205238_session2",577,577,7,"AXPY","openmp_axpy",cpu_native,"AMD Ryzen Threadripper 3970X 32-Core Processor",20,1000000,"elements=1000000",194136,1.028477,1.028477,1.028477,275.527957,275.527957,-1.000000,1.419252e-03,267.898894,7.096261e-10,0.005298,0.005298,3.882720e+11,377.52,1.200000e+07,267.90,in_range,,,,2478,2471,,79,79,79,,-1,-1,-1.000000,-1,t
cpu-gpu-v2,2026-07-19T07:09:30,"20260718_205238_session2",578,578,8,"AXPY","openmp_axpy",cpu_native,"AMD Ryzen Threadripper 3970X 32-Core Processor",20,1000000,"elements=1000000",194136,1.028900,1.028900,1.028900,275.931958,275.931958,-1.000000,1.421333e-03,268.181578,7.106666e-10,0.005300,0.005300,3.882720e+11,377.37,1.200000e+07,268.18,in_range,,,,2550,2474,,80,79,80,,-1,-1,-1.000000,-1,t
cpu-gpu-v2,2026-07-19T07:09:31,"20260718_205238_session2",579,579,9,"AXPY","openmp_axpy",cpu_native,"AMD Ryzen Threadripper 3970X 32-Core Processor",20,1000000,"elements=1000000",194136,1.028933,1.028933,1.028933,276.189879,276.189879,-1.000000,1.422662e-03,268.423682,7.113309e-10,0.005300,0.005300,3.882720e+11,377.35,1.200000e+07,268.42,in_range,,,,2513,2472,,80,80,80,,-1,-1,-1.000000,-1,t
cpu-gpu-v2,2026-07-19T07:09:32,"20260718_205238_session2",580,580,10,"AXPY","openmp_axpy",cpu_native,"AMD Ryzen Threadripper 3970X 32-Core Processor",20,1000000,"elements=1000000",194136,1.030008,1.030008,1.030008,275.958553,275.958553,-1.000000,1.421470e-03,267.918924,7.107351e-10,0.005306,0.005306,3.882720e+11,376.96,1.200000e+07,267.92,in_range,,,,2514,2473,,81,80,81,,-1,-1,-1.000000,-1,t
cpu-gpu-v2,2026-07-19T07:09:35,"20260718_205238_session2",581,581,1,"AXPY","openmp_axpy",cpu_native,"AMD Ryzen Threadripper 3970X 32-Core Processor",8,128000000,"elements=128000000",23,1.019530,1.019530,1.019530,91.812361,91.812361,-1.000000,3.991842e+00,90.053614,1.559313e-08,44.327391,44.327391,5.888000e+09,5.78,1.536000e+09,90.05,in_range,,,,2101,2069,,78,78,76,,-1,-1,-1.000000,-1,t
cpu-gpu-v2,2026-07-19T07:09:36,"20260718_205238_session2",582,582,2,"AXPY","openmp_axpy",cpu_native,"AMD Ryzen Threadripper 3970X 32-Core Processor",8,128000000,"elements=128000000",23,1.019251,1.019251,1.019251,91.287058,91.287058,-1.000000,3.969003e+00,89.562858,1.550392e-08,44.315273,44.315273,5.888000e+09,5.78,1.536000e+09,89.56,in_range,,,,2137,2067,,76,76,74,,-1,-1,-1.000000,-1,t
cpu-gpu-v2,2026-07-19T07:09:37,"20260718_205238_session2",583,583,3,"AXPY","openmp_axpy",cpu_native,"AMD Ryzen Threadripper 3970X 32-Core Processor",8,128000000,"elements=128000000",23,1.019781,1.019781,1.019781,91.038429,91.038429,-1.000000,3.958193e+00,89.272569,1.546169e-08,44.338285,44.338285,5.888000e+09,5.77,1.536000e+09,89.27,in_range,,,,2104,2068,,74,74,73,,-1,-1,-1.000000,-1,t
cpu-gpu-v2,2026-07-19T07:09:38,"20260718_205238_session2",584,584,4,"AXPY","openmp_axpy",cpu_native,"AMD Ryzen Threadripper 3970X 32-Core Processor",8,128000000,"elements=128000000",23,1.019625,1.019625,1.019625,90.815036,90.815036,-1.000000,3.948480e+00,89.067070,1.542375e-08,44.331534,44.331534,5.888000e+09,5.77,1.536000e+09,89.07,in_range,,,,2105,2070,,73,73,71,,-1,-1,-1.000000,-1,t
cpu-gpu-v2,2026-07-19T07:09:39,"20260718_205238_session2",585,585,5,"AXPY","openmp_axpy",cpu_native,"AMD Ryzen Threadripper 3970X 32-Core Processor",8,128000000,"elements=128000000",23,1.019851,1.019851,1.019851,90.714227,90.714227,-1.000000,3.944097e+00,88.948498,1.540663e-08,44.341354,44.341354,5.888000e+09,5.77,1.536000e+09,88.95,in_range,,,,2135,2071,,71,71,70,,-1,-1,-1.000000,-1,t
cpu-gpu-v2,2026-07-19T07:09:40,"20260718_205238_session2",586,586,6,"AXPY","openmp_axpy",cpu_native,"AMD Ryzen Threadripper 3970X 32-Core Processor",8,128000000,"elements=128000000",23,1.019344,1.019344,1.019344,90.772695,90.772695,-1.000000,3.946639e+00,89.050091,1.541656e-08,44.319313,44.319313,5.888000e+09,5.78,1.536000e+09,89.05,in_range,,,,2105,2072,,69,69,68,,-1,-1,-1.000000,-1,t
cpu-gpu-v2,2026-07-19T07:09:42,"20260718_205238_session2",587,587,7,"AXPY","openmp_axpy",cpu_native,"AMD Ryzen Threadripper 3970X 32-Core Processor",8,128000000,"elements=128000000",23,1.018922,1.018922,1.018922,90.610518,90.610518,-1.000000,3.939588e+00,88.927848,1.538901e-08,44.300946,44.300946,5.888000e+09,5.78,1.536000e+09,88.93,in_range,,,,2104,2072,,68,68,66,,-1,-1,-1.000000,-1,t
cpu-gpu-v2,2026-07-19T07:09:43,"20260718_205238_session2",588,588,8,"AXPY","openmp_axpy",cpu_native,"AMD Ryzen Threadripper 3970X 32-Core Processor",8,128000000,"elements=128000000",23,1.019050,1.019050,1.019050,90.529498,90.529498,-1.000000,3.936065e+00,88.837130,1.537525e-08,44.306532,44.306532,5.888000e+09,5.78,1.536000e+09,88.84,in_range,,,,2104,2072,,66,66,65,,-1,-1,-1.000000,-1,t
cpu-gpu-v2,2026-07-19T07:09:44,"20260718_205238_session2",589,589,9,"AXPY","openmp_axpy",cpu_native,"AMD Ryzen Threadripper 3970X 32-Core Processor",8,128000000,"elements=128000000",23,1.019057,1.019057,1.019057,90.414484,90.414484,-1.000000,3.931065e+00,88.723708,1.535572e-08,44.306811,44.306811,5.888000e+09,5.78,1.536000e+09,88.72,in_range,,,,2145,2111,,67,67,63,,-1,-1,-1.000000,-1,t
cpu-gpu-v2,2026-07-19T07:09:45,"20260718_205238_session2",590,590,10,"AXPY","openmp_axpy",cpu_native,"AMD Ryzen Threadripper 3970X 32-Core Processor",8,128000000,"elements=128000000",23,1.019384,1.019384,1.019384,90.419671,90.419671,-1.000000,3.931290e+00,88.700285,1.535660e-08,44.321053,44.321053,5.888000e+09,5.78,1.536000e+09,88.70,in_range,,,,2108,2072,,63,63,61,,-1,-1,-1.000000,-1,t
cpu-gpu-v2,2026-07-19T07:09:47,"20260718_205238_session2",591,591,1,"AXPY","openmp_axpy",cpu_native,"AMD Ryzen Threadripper 3970X 32-Core Processor",64,128000000,"elements=128000000",34,1.022855,1.022855,1.022855,158.725816,158.725816,-1.000000,4.668406e+00,155.179258,1.823596e-08,30.083958,30.083958,8.704000e+09,8.51,1.536000e+09,155.18,in_range,,,,4142,4174,,59,59,57,,-1,-1,-1.000000,-1,t
cpu-gpu-v2,2026-07-19T07:09:48,"20260718_205238_session2",592,592,2,"AXPY","openmp_axpy",cpu_native,"AMD Ryzen Threadripper 3970X 32-Core Processor",64,128000000,"elements=128000000",34,1.019992,1.019992,1.019992,158.590263,158.590263,-1.000000,4.664420e+00,155.481897,1.822039e-08,29.999759,29.999759,8.704000e+09,8.53,1.536000e+09,155.48,in_range,,,,4174,4170,,58,58,56,,-1,-1,-1.000000,-1,t
cpu-gpu-v2,2026-07-19T07:09:49,"20260718_205238_session2",593,593,3,"AXPY","openmp_axpy",cpu_native,"AMD Ryzen Threadripper 3970X 32-Core Processor",64,128000000,"elements=128000000",34,1.018768,1.018768,1.018768,158.697528,158.697528,-1.000000,4.667574e+00,155.774025,1.823271e-08,29.963753,29.963753,8.704000e+09,8.54,1.536000e+09,155.77,in_range,,,,4169,4172,,61,61,55,,-1,-1,-1.000000,-1,t
cpu-gpu-v2,2026-07-19T07:09:50,"20260718_205238_session2",594,594,4,"AXPY","openmp_axpy",cpu_native,"AMD Ryzen Threadripper 3970X 32-Core Processor",64,128000000,"elements=128000000",34,1.018804,1.018804,1.018804,159.016892,159.016892,-1.000000,4.676967e+00,156.081919,1.826940e-08,29.964825,29.964825,8.704000e+09,8.54,1.536000e+09,156.08,in_range,,,,4171,4174,,59,59,56,,-1,-1,-1.000000,-1,t
cpu-gpu-v2,2026-07-19T07:09:51,"20260718_205238_session2",595,595,5,"AXPY","openmp_axpy",cpu_native,"AMD Ryzen Threadripper 3970X 32-Core Processor",64,128000000,"elements=128000000",34,1.019162,1.019162,1.019162,158.963367,158.963367,-1.000000,4.675393e+00,155.974568,1.826325e-08,29.975356,29.975356,8.704000e+09,8.54,1.536000e+09,155.97,in_range,,,,4131,4171,,60,60,55,,-1,-1,-1.000000,-1,t
cpu-gpu-v2,2026-07-19T07:09:53,"20260718_205238_session2",596,596,6,"AXPY","openmp_axpy",cpu_native,"AMD Ryzen Threadripper 3970X 32-Core Processor",64,128000000,"elements=128000000",34,1.018724,1.018724,1.018724,158.815090,158.815090,-1.000000,4.671032e+00,155.896062,1.824622e-08,29.962476,29.962476,8.704000e+09,8.54,1.536000e+09,155.90,in_range,,,,4153,4161,,57,57,56,,-1,-1,-1.000000,-1,t
cpu-gpu-v2,2026-07-19T07:09:54,"20260718_205238_session2",597,597,7,"AXPY","openmp_axpy",cpu_native,"AMD Ryzen Threadripper 3970X 32-Core Processor",64,128000000,"elements=128000000",34,1.019691,1.019691,1.019691,158.947423,158.947423,-1.000000,4.674924e+00,155.878066,1.826142e-08,29.990905,29.990905,8.704000e+09,8.54,1.536000e+09,155.88,in_range,,,,4134,4169,,58,58,56,,-1,-1,-1.000000,-1,t
cpu-gpu-v2,2026-07-19T07:09:55,"20260718_205238_session2",598,598,8,"AXPY","openmp_axpy",cpu_native,"AMD Ryzen Threadripper 3970X 32-Core Processor",64,128000000,"elements=128000000",34,1.019428,1.019428,1.019428,158.767027,158.767027,-1.000000,4.669618e+00,155.741271,1.824070e-08,29.983179,29.983179,8.704000e+09,8.54,1.536000e+09,155.74,in_range,,,,4149,4151,,60,60,56,,-1,-1,-1.000000,-1,t
cpu-gpu-v2,2026-07-19T07:09:56,"20260718_205238_session2",599,599,9,"AXPY","openmp_axpy",cpu_native,"AMD Ryzen Threadripper 3970X 32-Core Processor",64,128000000,"elements=128000000",34,1.020988,1.020988,1.020988,159.128795,159.128795,-1.000000,4.680259e+00,155.857693,1.828226e-08,30.029051,30.029051,8.704000e+09,8.53,1.536000e+09,155.86,in_range,,,,4147,4151,,59,59,57,,-1,-1,-1.000000,-1,t
cpu-gpu-v2,2026-07-19T07:09:57,"20260718_205238_session2",600,600,10,"AXPY","openmp_axpy",cpu_native,"AMD Ryzen Threadripper 3970X 32-Core Processor",64,128000000,"elements=128000000",34,1.019004,1.019004,1.019004,159.051787,159.051787,-1.000000,4.677994e+00,156.085516,1.827341e-08,29.970710,29.970710,8.704000e+09,8.54,1.536000e+09,156.09,in_range,,,,4174,4150,,58,58,57,,-1,-1,-1.000000,-1,t
cpu-gpu-v2,2026-07-19T07:09:59,"20260718_205238_session2",601,601,1,"AXPY","openmp_axpy",cpu_native,"AMD Ryzen Threadripper 3970X 32-Core Processor",1,8000000,"elements=8000000",310,1.001330,1.001330,1.001330,74.800773,74.800773,-1.000000,2.412928e-01,74.701392,1.508080e-08,3.230098,3.230098,4.960000e+09,4.95,9.600000e+07,74.70,in_range,,,,1832,1794,,67,67,63,,-1,-1,-1.000000,-1,t
cpu-gpu-v2,2026-07-19T07:10:00,"20260718_205238_session2",602,602,2,"AXPY","openmp_axpy",cpu_native,"AMD Ryzen Threadripper 3970X 32-Core Processor",1,8000000,"elements=8000000",310,1.000377,1.000377,1.000377,74.577305,74.577305,-1.000000,2.405720e-01,74.549200,1.503575e-08,3.227023,3.227023,4.960000e+09,4.96,9.600000e+07,74.55,in_range,,,,1911,1824,,64,64,62,,-1,-1,-1.000000,-1,t
cpu-gpu-v2,2026-07-19T07:10:01,"20260718_205238_session2",603,603,3,"AXPY","openmp_axpy",cpu_native,"AMD Ryzen Threadripper 3970X 32-Core Processor",1,8000000,"elements=8000000",310,1.002650,1.002650,1.002650,74.531180,74.531180,-1.000000,2.404232e-01,74.334181,1.502645e-08,3.234355,3.234355,4.960000e+09,4.95,9.600000e+07,74.33,in_range,,,,1901,1794,,63,63,60,,-1,-1,-1.000000,-1,t
cpu-gpu-v2,2026-07-19T07:10:02,"20260718_205238_session2",604,604,4,"AXPY","openmp_axpy",cpu_native,"AMD Ryzen Threadripper 3970X 32-Core Processor",1,8000000,"elements=8000000",310,1.007132,1.007132,1.007132,74.787407,74.787407,-1.000000,2.412497e-01,74.257835,1.507811e-08,3.248811,3.248811,4.960000e+09,4.92,9.600000e+07,74.26,in_range,,,,1873,1794,,63,63,59,,-1,-1,-1.000000,-1,t
cpu-gpu-v2,2026-07-19T07:10:03,"20260718_205238_session2",605,605,5,"AXPY","openmp_axpy",cpu_native,"AMD Ryzen Threadripper 3970X 32-Core Processor",1,8000000,"elements=8000000",310,1.007505,1.007505,1.007505,74.763055,74.763055,-1.000000,2.411711e-01,74.206149,1.507320e-08,3.250016,3.250016,4.960000e+09,4.92,9.600000e+07,74.21,in_range,,,,1834,1794,,62,62,57,,-1,-1,-1.000000,-1,t
cpu-gpu-v2,2026-07-19T07:10:04,"20260718_205238_session2",606,606,6,"AXPY","openmp_axpy",cpu_native,"AMD Ryzen Threadripper 3970X 32-Core Processor",1,8000000,"elements=8000000",310,1.008036,1.008036,1.008036,74.834585,74.834585,-1.000000,2.414019e-01,74.238019,1.508762e-08,3.251729,3.251729,4.960000e+09,4.92,9.600000e+07,74.24,in_range,,,,1833,1794,,63,63,56,,-1,-1,-1.000000,-1,t
cpu-gpu-v2,2026-07-19T07:10:05,"20260718_205238_session2",607,607,7,"AXPY","openmp_axpy",cpu_native,"AMD Ryzen Threadripper 3970X 32-Core Processor",1,8000000,"elements=8000000",310,1.009637,1.009637,1.009637,74.787575,74.787575,-1.000000,2.412502e-01,74.073712,1.507814e-08,3.256894,3.256894,4.960000e+09,4.91,9.600000e+07,74.07,in_range,,,,1907,1794,,64,64,54,,-1,-1,-1.000000,-1,t
cpu-gpu-v2,2026-07-19T07:10:06,"20260718_205238_session2",608,608,8,"AXPY","openmp_axpy",cpu_native,"AMD Ryzen Threadripper 3970X 32-Core Processor",1,8000000,"elements=8000000",310,1.009616,1.009616,1.009616,74.721859,74.721859,-1.000000,2.410383e-01,74.010150,1.506489e-08,3.256827,3.256827,4.960000e+09,4.91,9.600000e+07,74.01,in_range,,,,1874,1794,,65,65,63,,-1,-1,-1.000000,-1,t
cpu-gpu-v2,2026-07-19T07:10:07,"20260718_205238_session2",609,609,9,"AXPY","openmp_axpy",cpu_native,"AMD Ryzen Threadripper 3970X 32-Core Processor",1,8000000,"elements=8000000",310,1.009602,1.009602,1.009602,74.711865,74.711865,-1.000000,2.410060e-01,74.001331,1.506288e-08,3.256779,3.256779,4.960000e+09,4.91,9.600000e+07,74.00,in_range,,,,1874,1824,,63,63,62,,-1,-1,-1.000000,-1,t
cpu-gpu-v2,2026-07-19T07:10:08,"20260718_205238_session2",610,610,10,"AXPY","openmp_axpy",cpu_native,"AMD Ryzen Threadripper 3970X 32-Core Processor",1,8000000,"elements=8000000",310,1.009627,1.009627,1.009627,74.555455,74.555455,-1.000000,2.405015e-01,73.844559,1.503134e-08,3.256861,3.256861,4.960000e+09,4.91,9.600000e+07,73.84,in_range,,,,1864,1794,,62,62,60,,-1,-1,-1.000000,-1,t
cpu-gpu-v2,2026-07-19T07:10:13,"20260718_205238_session2",611,611,1,"AXPY","openmp_axpy",cpu_native,"AMD Ryzen Threadripper 3970X 32-Core Processor",8,4000000,"elements=4000000",4286,1.005123,1.005123,1.005123,109.712985,109.712985,-1.000000,2.559799e-02,109.153753,3.199749e-09,0.234513,0.234513,3.428800e+10,34.11,4.800000e+07,109.15,in_range,,,,2108,2108,,69,69,67,,-1,-1,-1.000000,-1,t
cpu-gpu-v2,2026-07-19T07:10:14,"20260718_205238_session2",612,612,2,"AXPY","openmp_axpy",cpu_native,"AMD Ryzen Threadripper 3970X 32-Core Processor",8,4000000,"elements=4000000",4286,1.001051,1.001051,1.001051,109.225171,109.225171,-1.000000,2.548417e-02,109.110463,3.185522e-09,0.233563,0.233563,3.428800e+10,34.25,4.800000e+07,109.11,in_range,,,,2108,2069,,67,67,65,,-1,-1,-1.000000,-1,t
cpu-gpu-v2,2026-07-19T07:10:15,"20260718_205238_session2",613,613,3,"AXPY","openmp_axpy",cpu_native,"AMD Ryzen Threadripper 3970X 32-Core Processor",8,4000000,"elements=4000000",4286,1.004020,1.004020,1.004020,109.670323,109.670323,-1.000000,2.558804e-02,109.231179,3.198505e-09,0.234256,0.234256,3.428800e+10,34.15,4.800000e+07,109.23,in_range,,,,2107,2090,,65,65,64,,-1,-1,-1.000000,-1,t
cpu-gpu-v2,2026-07-19T07:10:16,"20260718_205238_session2",614,614,4,"AXPY","openmp_axpy",cpu_native,"AMD Ryzen Threadripper 3970X 32-Core Processor",8,4000000,"elements=4000000",4286,1.001365,1.001365,1.001365,109.277674,109.277674,-1.000000,2.549642e-02,109.128717,3.187053e-09,0.233636,0.233636,3.428800e+10,34.24,4.800000e+07,109.13,in_range,,,,2127,2069,,64,64,62,,-1,-1,-1.000000,-1,t
cpu-gpu-v2,2026-07-19T07:10:17,"20260718_205238_session2",615,615,5,"AXPY","openmp_axpy",cpu_native,"AMD Ryzen Threadripper 3970X 32-Core Processor",8,4000000,"elements=4000000",4286,1.000889,1.000889,1.000889,109.281778,109.281778,-1.000000,2.549738e-02,109.184664,3.187173e-09,0.233525,0.233525,3.428800e+10,34.26,4.800000e+07,109.18,in_range,,,,2108,2108,,62,62,61,,-1,-1,-1.000000,-1,t
cpu-gpu-v2,2026-07-19T07:10:18,"20260718_205238_session2",616,616,6,"AXPY","openmp_axpy",cpu_native,"AMD Ryzen Threadripper 3970X 32-Core Processor",8,4000000,"elements=4000000",4286,1.001337,1.001337,1.001337,109.405597,109.405597,-1.000000,2.552627e-02,109.259531,3.190784e-09,0.233630,0.233630,3.428800e+10,34.24,4.800000e+07,109.26,in_range,,,,2148,2068,,64,64,61,,-1,-1,-1.000000,-1,t
cpu-gpu-v2,2026-07-19T07:10:19,"20260718_205238_session2",617,617,7,"AXPY","openmp_axpy",cpu_native,"AMD Ryzen Threadripper 3970X 32-Core Processor",8,4000000,"elements=4000000",4286,1.000072,1.000072,1.000072,109.244640,109.244640,-1.000000,2.548872e-02,109.236742,3.186090e-09,0.233335,0.233335,3.428800e+10,34.29,4.800000e+07,109.24,in_range,,,,2108,2069,,61,61,61,,-1,-1,-1.000000,-1,t
cpu-gpu-v2,2026-07-19T07:10:20,"20260718_205238_session2",618,618,8,"AXPY","openmp_axpy",cpu_native,"AMD Ryzen Threadripper 3970X 32-Core Processor",8,4000000,"elements=4000000",4286,0.999370,0.999370,0.999370,109.160767,109.160767,-1.000000,2.546915e-02,109.229634,3.183643e-09,0.233171,0.233171,3.428800e+10,34.31,4.800000e+07,109.23,in_range,,,,2108,2069,,65,65,61,,-1,-1,-1.000000,-1,t
cpu-gpu-v2,2026-07-19T07:10:21,"20260718_205238_session2",619,619,9,"AXPY","openmp_axpy",cpu_native,"AMD Ryzen Threadripper 3970X 32-Core Processor",8,4000000,"elements=4000000",4286,0.997307,0.997307,0.997307,109.024360,109.024360,-1.000000,2.543732e-02,109.318721,3.179665e-09,0.232690,0.232690,3.428800e+10,34.38,4.800000e+07,109.32,in_range,,,,2108,2068,,64,64,61,,-1,-1,-1.000000,-1,t
cpu-gpu-v2,2026-07-19T07:10:22,"20260718_205238_session2",620,620,10,"AXPY","openmp_axpy",cpu_native,"AMD Ryzen Threadripper 3970X 32-Core Processor",8,4000000,"elements=4000000",4286,0.999936,0.999936,0.999936,109.205168,109.205168,-1.000000,2.547951e-02,109.212165,3.184938e-09,0.233303,0.233303,3.428800e+10,34.29,4.800000e+07,109.21,in_range,,,,2103,2069,,65,65,61,,-1,-1,-1.000000,-1,t
cpu-gpu-v2,2026-07-19T07:10:24,"20260718_205238_session2",621,621,1,"AXPY","openmp_axpy",cpu_native,"AMD Ryzen Threadripper 3970X 32-Core Processor",10,1000000,"elements=1000000",100000,1.169763,1.169763,1.169763,220.793025,220.793025,-1.000000,2.207930e-03,188.750207,1.103965e-09,0.011698,0.011698,2.000000e+11,170.97,1.200000e+07,188.75,in_range,,,,2193,2155,,80,79,80,,-1,-1,-1.000000,-1,t
cpu-gpu-v2,2026-07-19T07:10:25,"20260718_205238_session2",622,622,2,"AXPY","openmp_axpy",cpu_native,"AMD Ryzen Threadripper 3970X 32-Core Processor",10,1000000,"elements=1000000",100000,1.157746,1.157746,1.157746,217.663319,217.663319,-1.000000,2.176633e-03,188.006156,1.088317e-09,0.011577,0.011577,2.000000e+11,172.75,1.200000e+07,188.01,in_range,,,,2156,2181,,81,80,81,,-1,-1,-1.000000,-1,t
cpu-gpu-v2,2026-07-19T07:10:26,"20260718_205238_session2",623,623,3,"AXPY","openmp_axpy",cpu_native,"AMD Ryzen Threadripper 3970X 32-Core Processor",10,1000000,"elements=1000000",100000,1.158441,1.158441,1.158441,219.692405,219.692405,-1.000000,2.196924e-03,189.644883,1.098462e-09,0.011584,0.011584,2.000000e+11,172.65,1.200000e+07,189.64,in_range,,,,2217,2152,,82,81,82,,-1,-1,-1.000000,-1,t
cpu-gpu-v2,2026-07-19T07:10:28,"20260718_205238_session2",624,624,4,"AXPY","openmp_axpy",cpu_native,"AMD Ryzen Threadripper 3970X 32-Core Processor",10,1000000,"elements=1000000",100000,1.164083,1.164083,1.164083,219.270520,219.270520,-1.000000,2.192705e-03,188.363275,1.096353e-09,0.011641,0.011641,2.000000e+11,171.81,1.200000e+07,188.36,in_range,,,,2152,2151,,82,82,82,,-1,-1,-1.000000,-1,t
cpu-gpu-v2,2026-07-19T07:10:29,"20260718_205238_session2",625,625,5,"AXPY","openmp_axpy",cpu_native,"AMD Ryzen Threadripper 3970X 32-Core Processor",10,1000000,"elements=1000000",100000,1.159182,1.159182,1.159182,217.763428,217.763428,-1.000000,2.177634e-03,187.859612,1.088817e-09,0.011592,0.011592,2.000000e+11,172.54,1.200000e+07,187.86,in_range,,,,2153,2148,,84,82,84,,-1,-1,-1.000000,-1,t
cpu-gpu-v2,2026-07-19T07:10:30,"20260718_205238_session2",626,626,6,"AXPY","openmp_axpy",cpu_native,"AMD Ryzen Threadripper 3970X 32-Core Processor",10,1000000,"elements=1000000",100000,1.187292,1.187292,1.187292,221.520816,221.520816,-1.000000,2.215208e-03,186.576582,1.107604e-09,0.011873,0.011873,2.000000e+11,168.45,1.200000e+07,186.58,in_range,,,,2150,2183,,84,84,84,,-1,-1,-1.000000,-1,t
cpu-gpu-v2,2026-07-19T07:10:31,"20260718_205238_session2",627,627,7,"AXPY","openmp_axpy",cpu_native,"AMD Ryzen Threadripper 3970X 32-Core Processor",10,1000000,"elements=1000000",100000,1.156590,1.156590,1.156590,218.126125,218.126125,-1.000000,2.181261e-03,188.594148,1.090631e-09,0.011566,0.011566,2.000000e+11,172.92,1.200000e+07,188.59,in_range,,,,2189,2146,,84,84,84,,-1,-1,-1.000000,-1,t
cpu-gpu-v2,2026-07-19T07:10:32,"20260718_205238_session2",628,628,8,"AXPY","openmp_axpy",cpu_native,"AMD Ryzen Threadripper 3970X 32-Core Processor",10,1000000,"elements=1000000",100000,1.161007,1.161007,1.161007,218.641937,218.641937,-1.000000,2.186419e-03,188.320874,1.093210e-09,0.011610,0.011610,2.000000e+11,172.26,1.200000e+07,188.32,in_range,,,,2188,2116,,84,84,84,,-1,-1,-1.000000,-1,t
cpu-gpu-v2,2026-07-19T07:10:33,"20260718_205238_session2",629,629,9,"AXPY","openmp_axpy",cpu_native,"AMD Ryzen Threadripper 3970X 32-Core Processor",10,1000000,"elements=1000000",100000,1.158562,1.158562,1.158562,218.534810,218.534810,-1.000000,2.185348e-03,188.625946,1.092674e-09,0.011586,0.011586,2.000000e+11,172.63,1.200000e+07,188.63,in_range,,,,2152,2114,,84,83,84,,-1,-1,-1.000000,-1,t
cpu-gpu-v2,2026-07-19T07:10:35,"20260718_205238_session2",630,630,10,"AXPY","openmp_axpy",cpu_native,"AMD Ryzen Threadripper 3970X 32-Core Processor",10,1000000,"elements=1000000",100000,1.161563,1.161563,1.161563,218.555425,218.555425,-1.000000,2.185554e-03,188.156288,1.092777e-09,0.011616,0.011616,2.000000e+11,172.18,1.200000e+07,188.16,in_range,,,,2148,2116,,84,84,84,,-1,-1,-1.000000,-1,t
cpu-gpu-v2,2026-07-19T07:10:38,"20260718_205238_session2",631,631,1,"AXPY","openmp_axpy",cpu_native,"AMD Ryzen Threadripper 3970X 32-Core Processor",10,256000000,"elements=256000000",13,1.013356,1.013356,1.013356,95.305939,95.305939,-1.000000,7.331226e+00,94.049799,1.431880e-08,77.950471,77.950471,6.656000e+09,6.57,3.072000e+09,94.05,in_range,,,,2125,2099,,81,81,79,,-1,-1,-1.000000,-1,t
cpu-gpu-v2,2026-07-19T07:10:39,"20260718_205238_session2",632,632,2,"AXPY","openmp_axpy",cpu_native,"AMD Ryzen Threadripper 3970X 32-Core Processor",10,256000000,"elements=256000000",13,1.012882,1.012882,1.012882,95.125848,95.125848,-1.000000,7.317373e+00,93.916022,1.429174e-08,77.914000,77.914000,6.656000e+09,6.57,3.072000e+09,93.92,in_range,,,,2127,2099,,79,79,77,,-1,-1,-1.000000,-1,t
cpu-gpu-v2,2026-07-19T07:10:40,"20260718_205238_session2",633,633,3,"AXPY","openmp_axpy",cpu_native,"AMD Ryzen Threadripper 3970X 32-Core Processor",10,256000000,"elements=256000000",13,1.012908,1.012908,1.012908,94.922124,94.922124,-1.000000,7.301702e+00,93.712478,1.426114e-08,77.916005,77.916005,6.656000e+09,6.57,3.072000e+09,93.71,in_range,,,,2132,2094,,77,77,76,,-1,-1,-1.000000,-1,t
cpu-gpu-v2,2026-07-19T07:10:41,"20260718_205238_session2",634,634,4,"AXPY","openmp_axpy",cpu_native,"AMD Ryzen Threadripper 3970X 32-Core Processor",10,256000000,"elements=256000000",13,1.012863,1.012863,1.012863,94.791073,94.791073,-1.000000,7.291621e+00,93.587222,1.424145e-08,77.912570,77.912570,6.656000e+09,6.57,3.072000e+09,93.59,in_range,,,,2126,2100,,76,76,74,,-1,-1,-1.000000,-1,t
cpu-gpu-v2,2026-07-19T07:10:42,"20260718_205238_session2",635,635,5,"AXPY","openmp_axpy",cpu_native,"AMD Ryzen Threadripper 3970X 32-Core Processor",10,256000000,"elements=256000000",13,1.013569,1.013569,1.013569,94.730681,94.730681,-1.000000,7.286975e+00,93.462470,1.423237e-08,77.966862,77.966862,6.656000e+09,6.57,3.072000e+09,93.46,in_range,,,,2132,2062,,74,74,72,,-1,-1,-1.000000,-1,t
cpu-gpu-v2,2026-07-19T07:10:43,"20260718_205238_session2",636,636,6,"AXPY","openmp_axpy",cpu_native,"AMD Ryzen Threadripper 3970X 32-Core Processor",10,256000000,"elements=256000000",13,1.013428,1.013428,1.013428,94.746230,94.746230,-1.000000,7.288172e+00,93.490866,1.423471e-08,77.955974,77.955974,6.656000e+09,6.57,3.072000e+09,93.49,in_range,,,,2134,2139,,72,72,71,,-1,-1,-1.000000,-1,t
cpu-gpu-v2,2026-07-19T07:10:44,"20260718_205238_session2",637,637,7,"AXPY","openmp_axpy",cpu_native,"AMD Ryzen Threadripper 3970X 32-Core Processor",10,256000000,"elements=256000000",13,1.013278,1.013278,1.013278,94.625035,94.625035,-1.000000,7.278849e+00,93.385069,1.421650e-08,77.944461,77.944461,6.656000e+09,6.57,3.072000e+09,93.39,in_range,,,,2130,2059,,71,71,69,,-1,-1,-1.000000,-1,t
cpu-gpu-v2,2026-07-19T07:10:45,"20260718_205238_session2",638,638,8,"AXPY","openmp_axpy",cpu_native,"AMD Ryzen Threadripper 3970X 32-Core Processor",10,256000000,"elements=256000000",13,1.013411,1.013411,1.013411,94.647678,94.647678,-1.000000,7.280591e+00,93.395130,1.421990e-08,77.954714,77.954714,6.656000e+09,6.57,3.072000e+09,93.40,in_range,,,,2060,2100,,69,69,67,,-1,-1,-1.000000,-1,t
cpu-gpu-v2,2026-07-19T07:10:46,"20260718_205238_session2",639,639,9,"AXPY","openmp_axpy",cpu_native,"AMD Ryzen Threadripper 3970X 32-Core Processor",10,256000000,"elements=256000000",13,1.013095,1.013095,1.013095,94.520701,94.520701,-1.000000,7.270823e+00,93.298970,1.420083e-08,77.930369,77.930369,6.656000e+09,6.57,3.072000e+09,93.30,in_range,,,,2133,2140,,67,67,66,,-1,-1,-1.000000,-1,t
cpu-gpu-v2,2026-07-19T07:10:47,"20260718_205238_session2",640,640,10,"AXPY","openmp_axpy",cpu_native,"AMD Ryzen Threadripper 3970X 32-Core Processor",10,256000000,"elements=256000000",13,1.013491,1.013491,1.013491,94.860817,94.860817,-1.000000,7.296986e+00,93.598093,1.425193e-08,77.960840,77.960840,6.656000e+09,6.57,3.072000e+09,93.60,in_range,,,,2123,2098,,66,66,64,,-1,-1,-1.000000,-1,t
cpu-gpu-v2,2026-07-19T07:10:51,"20260718_205238_session2",641,641,1,"AXPY","openmp_axpy",cpu_native,"AMD Ryzen Threadripper 3970X 32-Core Processor",8,32000000,"elements=32000000",91,1.009126,1.009126,1.009126,89.347125,89.347125,-1.000000,9.818365e-01,88.539078,1.534120e-08,11.089302,11.089302,5.824000e+09,5.77,3.840000e+08,88.54,in_range,,,,2103,2072,,60,60,59,,-1,-1,-1.000000,-1,t
cpu-gpu-v2,2026-07-19T07:10:52,"20260718_205238_session2",642,642,2,"AXPY","openmp_axpy",cpu_native,"AMD Ryzen Threadripper 3970X 32-Core Processor",8,32000000,"elements=32000000",91,1.009267,1.009267,1.009267,89.252571,89.252571,-1.000000,9.807975e-01,88.433093,1.532496e-08,11.090842,11.090842,5.824000e+09,5.77,3.840000e+08,88.43,in_range,,,,2203,2102,,61,61,57,,-1,-1,-1.000000,-1,t
cpu-gpu-v2,2026-07-19T07:10:53,"20260718_205238_session2",643,643,3,"AXPY","openmp_axpy",cpu_native,"AMD Ryzen Threadripper 3970X 32-Core Processor",8,32000000,"elements=32000000",91,1.009009,1.009009,1.009009,89.275992,89.275992,-1.000000,9.810549e-01,88.478876,1.532898e-08,11.088012,11.088012,5.824000e+09,5.77,3.840000e+08,88.48,in_range,,,,2139,2066,,63,63,56,,-1,-1,-1.000000,-1,t
cpu-gpu-v2,2026-07-19T07:10:54,"20260718_205238_session2",644,644,4,"AXPY","openmp_axpy",cpu_native,"AMD Ryzen Threadripper 3970X 32-Core Processor",8,32000000,"elements=32000000",91,1.007277,1.007277,1.007277,89.091477,89.091477,-1.000000,9.790272e-01,88.447804,1.529730e-08,11.068983,11.068983,5.824000e+09,5.78,3.840000e+08,88.45,in_range,,,,2101,2073,,59,59,54,,-1,-1,-1.000000,-1,t
cpu-gpu-v2,2026-07-19T07:10:55,"20260718_205238_session2",645,645,5,"AXPY","openmp_axpy",cpu_native,"AMD Ryzen Threadripper 3970X 32-Core Processor",8,32000000,"elements=32000000",91,1.008984,1.008984,1.008984,89.345050,89.345050,-1.000000,9.818137e-01,88.549526,1.534084e-08,11.087736,11.087736,5.824000e+09,5.77,3.840000e+08,88.55,in_range,,,,2147,2065,,60,60,54,,-1,-1,-1.000000,-1,t
cpu-gpu-v2,2026-07-19T07:10:56,"20260718_205238_session2",646,646,6,"AXPY","openmp_axpy",cpu_native,"AMD Ryzen Threadripper 3970X 32-Core Processor",8,32000000,"elements=32000000",91,1.007304,1.007304,1.007304,89.120223,89.120223,-1.000000,9.793431e-01,88.474011,1.530224e-08,11.069274,11.069274,5.824000e+09,5.78,3.840000e+08,88.47,in_range,,,,2170,2072,,59,59,53,,-1,-1,-1.000000,-1,t
cpu-gpu-v2,2026-07-19T07:10:57,"20260718_205238_session2",647,647,7,"AXPY","openmp_axpy",cpu_native,"AMD Ryzen Threadripper 3970X 32-Core Processor",8,32000000,"elements=32000000",91,1.008918,1.008918,1.008918,89.558478,89.558478,-1.000000,9.841591e-01,88.766839,1.537749e-08,11.087013,11.087013,5.824000e+09,5.77,3.840000e+08,88.77,in_range,,,,2108,2071,,62,62,54,,-1,-1,-1.000000,-1,t
cpu-gpu-v2,2026-07-19T07:10:58,"20260718_205238_session2",648,648,8,"AXPY","openmp_axpy",cpu_native,"AMD Ryzen Threadripper 3970X 32-Core Processor",8,32000000,"elements=32000000",91,1.008576,1.008576,1.008576,89.400971,89.400971,-1.000000,9.824283e-01,88.640817,1.535044e-08,11.083249,11.083249,5.824000e+09,5.77,3.840000e+08,88.64,in_range,,,,2103,2071,,60,60,53,,-1,-1,-1.000000,-1,t
cpu-gpu-v2,2026-07-19T07:10:59,"20260718_205238_session2",649,649,9,"AXPY","openmp_axpy",cpu_native,"AMD Ryzen Threadripper 3970X 32-Core Processor",8,32000000,"elements=32000000",91,1.008846,1.008846,1.008846,89.400666,89.400666,-1.000000,9.824249e-01,88.616804,1.535039e-08,11.086214,11.086214,5.824000e+09,5.77,3.840000e+08,88.62,in_range,,,,2108,2071,,64,64,62,,-1,-1,-1.000000,-1,t
cpu-gpu-v2,2026-07-19T07:11:00,"20260718_205238_session2",650,650,10,"AXPY","openmp_axpy",cpu_native,"AMD Ryzen Threadripper 3970X 32-Core Processor",8,32000000,"elements=32000000",91,1.009070,1.009070,1.009070,89.365816,89.365816,-1.000000,9.820419e-01,88.562517,1.534441e-08,11.088686,11.088686,5.824000e+09,5.77,3.840000e+08,88.56,in_range,,,,2108,2066,,62,62,61,,-1,-1,-1.000000,-1,t
cpu-gpu-v2,2026-07-19T07:11:03,"20260718_205238_session2",651,651,1,"AXPY","openmp_axpy",cpu_native,"AMD Ryzen Threadripper 3970X 32-Core Processor",64,256000000,"elements=256000000",17,1.017951,1.017951,1.017951,157.412040,157.412040,-1.000000,9.259532e+00,154.636169,1.808502e-08,59.879469,59.879469,8.704000e+09,8.55,3.072000e+09,154.64,in_range,,,,4138,4165,,61,61,56,,-1,-1,-1.000000,-1,t
cpu-gpu-v2,2026-07-19T07:11:04,"20260718_205238_session2",652,652,2,"AXPY","openmp_axpy",cpu_native,"AMD Ryzen Threadripper 3970X 32-Core Processor",64,256000000,"elements=256000000",17,1.017411,1.017411,1.017411,157.598402,157.598402,-1.000000,9.270494e+00,154.901341,1.810643e-08,59.847734,59.847734,8.704000e+09,8.56,3.072000e+09,154.90,in_range,,,,4148,4174,,59,59,55,,-1,-1,-1.000000,-1,t
cpu-gpu-v2,2026-07-19T07:11:05,"20260718_205238_session2",653,653,3,"AXPY","openmp_axpy",cpu_native,"AMD Ryzen Threadripper 3970X 32-Core Processor",64,256000000,"elements=256000000",17,1.017693,1.017693,1.017693,157.951213,157.951213,-1.000000,9.291248e+00,155.205096,1.814697e-08,59.864322,59.864322,8.704000e+09,8.55,3.072000e+09,155.21,in_range,,,,4168,4168,,58,58,54,,-1,-1,-1.000000,-1,t
cpu-gpu-v2,2026-07-19T07:11:06,"20260718_205238_session2",654,654,4,"AXPY","openmp_axpy",cpu_native,"AMD Ryzen Threadripper 3970X 32-Core Processor",64,256000000,"elements=256000000",17,1.017560,1.017560,1.017560,158.169936,158.169936,-1.000000,9.304114e+00,155.440370,1.817210e-08,59.856483,59.856483,8.704000e+09,8.55,3.072000e+09,155.44,in_range,,,,4171,4174,,57,57,54,,-1,-1,-1.000000,-1,t
cpu-gpu-v2,2026-07-19T07:11:07,"20260718_205238_session2",655,655,5,"AXPY","openmp_axpy",cpu_native,"AMD Ryzen Threadripper 3970X 32-Core Processor",64,256000000,"elements=256000000",17,1.017508,1.017508,1.017508,158.333838,158.333838,-1.000000,9.313755e+00,155.609353,1.819093e-08,59.853441,59.853441,8.704000e+09,8.55,3.072000e+09,155.61,in_range,,,,4159,4174,,56,56,55,,-1,-1,-1.000000,-1,t
cpu-gpu-v2,2026-07-19T07:11:08,"20260718_205238_session2",656,656,6,"AXPY","openmp_axpy",cpu_native,"AMD Ryzen Threadripper 3970X 32-Core Processor",64,256000000,"elements=256000000",17,1.017211,1.017211,1.017211,158.549128,158.549128,-1.000000,9.326419e+00,155.866525,1.821566e-08,59.835935,59.835935,8.704000e+09,8.56,3.072000e+09,155.87,in_range,,,,4140,4174,,57,57,55,,-1,-1,-1.000000,-1,t
cpu-gpu-v2,2026-07-19T07:11:09,"20260718_205238_session2",657,657,7,"AXPY","openmp_axpy",cpu_native,"AMD Ryzen Threadripper 3970X 32-Core Processor",64,256000000,"elements=256000000",17,1.017311,1.017311,1.017311,158.506924,158.506924,-1.000000,9.323937e+00,155.809692,1.821081e-08,59.841828,59.841828,8.704000e+09,8.56,3.072000e+09,155.81,in_range,,,,4119,4172,,63,63,55,,-1,-1,-1.000000,-1,t
cpu-gpu-v2,2026-07-19T07:11:10,"20260718_205238_session2",658,658,8,"AXPY","openmp_axpy",cpu_native,"AMD Ryzen Threadripper 3970X 32-Core Processor",64,256000000,"elements=256000000",17,1.017591,1.017591,1.017591,158.434541,158.434541,-1.000000,9.319679e+00,155.695683,1.820250e-08,59.858300,59.858300,8.704000e+09,8.55,3.072000e+09,155.70,in_range,,,,4137,4158,,58,58,56,,-1,-1,-1.000000,-1,t
cpu-gpu-v2,2026-07-19T07:11:12,"20260718_205238_session2",659,659,9,"AXPY","openmp_axpy",cpu_native,"AMD Ryzen Threadripper 3970X 32-Core Processor",64,256000000,"elements=256000000",17,1.017755,1.017755,1.017755,158.450149,158.450149,-1.000000,9.320597e+00,155.686017,1.820429e-08,59.867914,59.867914,8.704000e+09,8.55,3.072000e+09,155.69,in_range,,,,4150,4141,,57,57,56,,-1,-1,-1.000000,-1,t
cpu-gpu-v2,2026-07-19T07:11:13,"20260718_205238_session2",660,660,10,"AXPY","openmp_axpy",cpu_native,"AMD Ryzen Threadripper 3970X 32-Core Processor",64,256000000,"elements=256000000",17,1.017517,1.017517,1.017517,158.454391,158.454391,-1.000000,9.320847e+00,155.726503,1.820478e-08,59.853951,59.853951,8.704000e+09,8.55,3.072000e+09,155.73,in_range,,,,4112,4161,,62,62,56,,-1,-1,-1.000000,-1,t
cpu-gpu-v2,2026-07-19T07:11:15,"20260718_205238_session2",661,661,1,"AXPY","openmp_axpy",cpu_native,"AMD Ryzen Threadripper 3970X 32-Core Processor",16,64000000,"elements=64000000",64,1.005182,1.005182,1.005182,115.808296,115.808296,-1.000000,1.809505e+00,115.211311,1.413675e-08,15.705963,15.705963,8.192000e+09,8.15,7.680000e+08,115.21,in_range,,,,2404,2368,,58,58,54,,-1,-1,-1.000000,-1,t
cpu-gpu-v2,2026-07-19T07:11:16,"20260718_205238_session2",662,662,2,"AXPY","openmp_axpy",cpu_native,"AMD Ryzen Threadripper 3970X 32-Core Processor",16,64000000,"elements=64000000",64,1.005550,1.005550,1.005550,115.753489,115.753489,-1.000000,1.808648e+00,115.114615,1.413006e-08,15.711717,15.711717,8.192000e+09,8.15,7.680000e+08,115.11,in_range,,,,2404,2360,,60,60,54,,-1,-1,-1.000000,-1,t
cpu-gpu-v2,2026-07-19T07:11:17,"20260718_205238_session2",663,663,3,"AXPY","openmp_axpy",cpu_native,"AMD Ryzen Threadripper 3970X 32-Core Processor",16,64000000,"elements=64000000",64,1.005123,1.005123,1.005123,115.556479,115.556479,-1.000000,1.805570e+00,114.967518,1.410602e-08,15.705044,15.705044,8.192000e+09,8.15,7.680000e+08,114.97,in_range,,,,2441,2362,,59,59,54,,-1,-1,-1.000000,-1,t
cpu-gpu-v2,2026-07-19T07:11:18,"20260718_205238_session2",664,664,4,"AXPY","openmp_axpy",cpu_native,"AMD Ryzen Threadripper 3970X 32-Core Processor",16,64000000,"elements=64000000",64,1.005310,1.005310,1.005310,115.525352,115.525352,-1.000000,1.805084e+00,114.915142,1.410222e-08,15.707970,15.707970,8.192000e+09,8.15,7.680000e+08,114.92,in_range,,,,2441,2361,,58,58,54,,-1,-1,-1.000000,-1,t
cpu-gpu-v2,2026-07-19T07:11:19,"20260718_205238_session2",665,665,5,"AXPY","openmp_axpy",cpu_native,"AMD Ryzen Threadripper 3970X 32-Core Processor",16,64000000,"elements=64000000",64,1.005178,1.005178,1.005178,115.511239,115.511239,-1.000000,1.804863e+00,114.916152,1.410049e-08,15.705913,15.705913,8.192000e+09,8.15,7.680000e+08,114.92,in_range,,,,2404,2372,,61,61,54,,-1,-1,-1.000000,-1,t
cpu-gpu-v2,2026-07-19T07:11:20,"20260718_205238_session2",666,666,6,"AXPY","openmp_axpy",cpu_native,"AMD Ryzen Threadripper 3970X 32-Core Processor",16,64000000,"elements=64000000",64,1.005211,1.005211,1.005211,115.529365,115.529365,-1.000000,1.805146e+00,114.930418,1.410271e-08,15.706428,15.706428,8.192000e+09,8.15,7.680000e+08,114.93,in_range,,,,2404,2402,,58,58,54,,-1,-1,-1.000000,-1,t
cpu-gpu-v2,2026-07-19T07:11:21,"20260718_205238_session2",667,667,7,"AXPY","openmp_axpy",cpu_native,"AMD Ryzen Threadripper 3970X 32-Core Processor",16,64000000,"elements=64000000",64,1.005178,1.005178,1.005178,115.503793,115.503793,-1.000000,1.804747e+00,114.908785,1.409958e-08,15.705908,15.705908,8.192000e+09,8.15,7.680000e+08,114.91,in_range,,,,2471,2371,,57,57,54,,-1,-1,-1.000000,-1,t
cpu-gpu-v2,2026-07-19T07:11:22,"20260718_205238_session2",668,668,8,"AXPY","openmp_axpy",cpu_native,"AMD Ryzen Threadripper 3970X 32-Core Processor",16,64000000,"elements=64000000",64,1.005177,1.005177,1.005177,115.542593,115.542593,-1.000000,1.805353e+00,114.947536,1.410432e-08,15.705887,15.705887,8.192000e+09,8.15,7.680000e+08,114.95,in_range,,,,2404,2363,,61,61,54,,-1,-1,-1.000000,-1,t
cpu-gpu-v2,2026-07-19T07:11:23,"20260718_205238_session2",669,669,9,"AXPY","openmp_axpy",cpu_native,"AMD Ryzen Threadripper 3970X 32-Core Processor",16,64000000,"elements=64000000",64,1.005109,1.005109,1.005109,115.673690,115.673690,-1.000000,1.807401e+00,115.085685,1.412032e-08,15.704832,15.704832,8.192000e+09,8.15,7.680000e+08,115.09,in_range,,,,2441,2372,,57,57,54,,-1,-1,-1.000000,-1,t
cpu-gpu-v2,2026-07-19T07:11:24,"20260718_205238_session2",670,670,10,"AXPY","openmp_axpy",cpu_native,"AMD Ryzen Threadripper 3970X 32-Core Processor",16,64000000,"elements=64000000",64,1.005288,1.005288,1.005288,115.472528,115.472528,-1.000000,1.804258e+00,114.865157,1.409577e-08,15.707620,15.707620,8.192000e+09,8.15,7.680000e+08,114.87,in_range,,,,2441,2361,,59,59,53,,-1,-1,-1.000000,-1,t
cpu-gpu-v2,2026-07-19T07:11:28,"20260718_205238_session2",671,671,1,"AXPY","openmp_axpy",cpu_native,"AMD Ryzen Threadripper 3970X 32-Core Processor",32,64000000,"elements=64000000",68,1.010800,1.010800,1.010800,150.652457,150.652457,-1.000000,2.215477e+00,149.042750,1.730842e-08,14.864710,14.864710,8.704000e+09,8.61,7.680000e+08,149.04,in_range,,,,3001,2964,,55,55,53,,-1,-1,-1.000000,-1,t
cpu-gpu-v2,2026-07-19T07:11:29,"20260718_205238_session2",672,672,2,"AXPY","openmp_axpy",cpu_native,"AMD Ryzen Threadripper 3970X 32-Core Processor",32,64000000,"elements=64000000",68,1.010942,1.010942,1.010942,151.013461,151.013461,-1.000000,2.220786e+00,149.378912,1.734989e-08,14.866799,14.866799,8.704000e+09,8.61,7.680000e+08,149.38,in_range,,,,3000,2964,,56,56,54,,-1,-1,-1.000000,-1,t
cpu-gpu-v2,2026-07-19T07:11:30,"20260718_205238_session2",673,673,3,"AXPY","openmp_axpy",cpu_native,"AMD Ryzen Threadripper 3970X 32-Core Processor",32,64000000,"elements=64000000",68,1.010801,1.010801,1.010801,151.223579,151.223579,-1.000000,2.223876e+00,149.607660,1.737403e-08,14.864721,14.864721,8.704000e+09,8.61,7.680000e+08,149.61,in_range,,,,3040,2963,,56,56,54,,-1,-1,-1.000000,-1,t
cpu-gpu-v2,2026-07-19T07:11:31,"20260718_205238_session2",674,674,4,"AXPY","openmp_axpy",cpu_native,"AMD Ryzen Threadripper 3970X 32-Core Processor",32,64000000,"elements=64000000",68,1.011379,1.011379,1.011379,151.608111,151.608111,-1.000000,2.229531e+00,149.902395,1.741821e-08,14.873218,14.873218,8.704000e+09,8.61,7.680000e+08,149.90,in_range,,,,3037,2961,,55,55,54,,-1,-1,-1.000000,-1,t
cpu-gpu-v2,2026-07-19T07:11:32,"20260718_205238_session2",675,675,5,"AXPY","openmp_axpy",cpu_native,"AMD Ryzen Threadripper 3970X 32-Core Processor",32,64000000,"elements=64000000",68,1.010937,1.010937,1.010937,151.480234,151.480234,-1.000000,2.227650e+00,149.841348,1.740352e-08,14.866728,14.866728,8.704000e+09,8.61,7.680000e+08,149.84,in_range,,,,3023,2964,,56,56,55,,-1,-1,-1.000000,-1,t
cpu-gpu-v2,2026-07-19T07:11:33,"20260718_205238_session2",676,676,6,"AXPY","openmp_axpy",cpu_native,"AMD Ryzen Threadripper 3970X 32-Core Processor",32,64000000,"elements=64000000",68,1.011175,1.011175,1.011175,151.672165,151.672165,-1.000000,2.230473e+00,149.996017,1.742557e-08,14.870215,14.870215,8.704000e+09,8.61,7.680000e+08,150.00,in_range,,,,2988,2964,,56,56,54,,-1,-1,-1.000000,-1,t
cpu-gpu-v2,2026-07-19T07:11:34,"20260718_205238_session2",677,677,7,"AXPY","openmp_axpy",cpu_native,"AMD Ryzen Threadripper 3970X 32-Core Processor",32,64000000,"elements=64000000",68,1.010783,1.010783,1.010783,151.376525,151.376525,-1.000000,2.226125e+00,149.761703,1.739160e-08,14.864450,14.864450,8.704000e+09,8.61,7.680000e+08,149.76,in_range,,,,3064,2946,,57,57,55,,-1,-1,-1.000000,-1,t
cpu-gpu-v2,2026-07-19T07:11:35,"20260718_205238_session2",678,678,8,"AXPY","openmp_axpy",cpu_native,"AMD Ryzen Threadripper 3970X 32-Core Processor",32,64000000,"elements=64000000",68,1.010927,1.010927,1.010927,151.505104,151.505104,-1.000000,2.228016e+00,149.867518,1.740638e-08,14.866572,14.866572,8.704000e+09,8.61,7.680000e+08,149.87,in_range,,,,3024,2963,,56,56,55,,-1,-1,-1.000000,-1,t
cpu-gpu-v2,2026-07-19T07:11:36,"20260718_205238_session2",679,679,9,"AXPY","openmp_axpy",cpu_native,"AMD Ryzen Threadripper 3970X 32-Core Processor",32,64000000,"elements=64000000",68,1.010861,1.010861,1.010861,151.542593,151.542593,-1.000000,2.228568e+00,149.914367,1.741068e-08,14.865604,14.865604,8.704000e+09,8.61,7.680000e+08,149.91,in_range,,,,2989,2964,,57,57,55,,-1,-1,-1.000000,-1,t
cpu-gpu-v2,2026-07-19T07:11:37,"20260718_205238_session2",680,680,10,"AXPY","openmp_axpy",cpu_native,"AMD Ryzen Threadripper 3970X 32-Core Processor",32,64000000,"elements=64000000",68,1.011234,1.011234,1.011234,151.586735,151.586735,-1.000000,2.229217e+00,149.902793,1.741576e-08,14.871082,14.871082,8.704000e+09,8.61,7.680000e+08,149.90,in_range,,,,2987,2949,,57,57,55,,-1,-1,-1.000000,-1,t
cpu-gpu-v2,2026-07-19T07:11:39,"20260718_205238_session2",681,681,1,"AXPY","openmp_axpy",cpu_native,"AMD Ryzen Threadripper 3970X 32-Core Processor",20,4000000,"elements=4000000",44367,1.001359,1.001359,1.001359,287.446332,287.446332,-1.000000,6.478832e-03,287.056086,8.098540e-10,0.022570,0.022570,3.549360e+11,354.45,4.800000e+07,287.06,in_range,,,,2524,2513,,76,74,76,,-1,-1,-1.000000,-1,t
cpu-gpu-v2,2026-07-19T07:11:40,"20260718_205238_session2",682,682,2,"AXPY","openmp_axpy",cpu_native,"AMD Ryzen Threadripper 3970X 32-Core Processor",20,4000000,"elements=4000000",44367,1.014669,1.014669,1.014669,290.577410,290.577410,-1.000000,6.549404e-03,286.376511,8.186755e-10,0.022870,0.022870,3.549360e+11,349.80,4.800000e+07,286.38,in_range,,,,2560,2514,,78,76,78,,-1,-1,-1.000000,-1,t
cpu-gpu-v2,2026-07-19T07:11:41,"20260718_205238_session2",683,683,3,"AXPY","openmp_axpy",cpu_native,"AMD Ryzen Threadripper 3970X 32-Core Processor",20,4000000,"elements=4000000",44367,1.007133,1.007133,1.007133,288.316968,288.316968,-1.000000,6.498455e-03,286.275012,8.123069e-10,0.022700,0.022700,3.549360e+11,352.42,4.800000e+07,286.28,in_range,,,,2556,2444,,79,78,79,,-1,-1,-1.000000,-1,t
cpu-gpu-v2,2026-07-19T07:11:42,"20260718_205238_session2",684,684,4,"AXPY","openmp_axpy",cpu_native,"AMD Ryzen Threadripper 3970X 32-Core Processor",20,4000000,"elements=4000000",44367,1.010419,1.010419,1.010419,289.229183,289.229183,-1.000000,6.519016e-03,286.246799,8.148770e-10,0.022774,0.022774,3.549360e+11,351.28,4.800000e+07,286.25,in_range,,,,2468,2470,,80,79,80,,-1,-1,-1.000000,-1,t
cpu-gpu-v2,2026-07-19T07:11:43,"20260718_205238_session2",685,685,5,"AXPY","openmp_axpy",cpu_native,"AMD Ryzen Threadripper 3970X 32-Core Processor",20,4000000,"elements=4000000",44367,1.015258,1.015258,1.015258,291.404806,291.404806,-1.000000,6.568053e-03,287.025406,8.210066e-10,0.022883,0.022883,3.549360e+11,349.60,4.800000e+07,287.03,in_range,,,,2501,2543,,81,80,81,,-1,-1,-1.000000,-1,t
cpu-gpu-v2,2026-07-19T07:11:44,"20260718_205238_session2",686,686,6,"AXPY","openmp_axpy",cpu_native,"AMD Ryzen Threadripper 3970X 32-Core Processor",20,4000000,"elements=4000000",44367,1.015434,1.015434,1.015434,291.236831,291.236831,-1.000000,6.564267e-03,286.810133,8.205334e-10,0.022887,0.022887,3.549360e+11,349.54,4.800000e+07,286.81,in_range,,,,2543,2550,,82,82,81,,-1,-1,-1.000000,-1,t
cpu-gpu-v2,2026-07-19T07:11:45,"20260718_205238_session2",687,687,7,"AXPY","openmp_axpy",cpu_native,"AMD Ryzen Threadripper 3970X 32-Core Processor",20,4000000,"elements=4000000",44367,1.020680,1.020680,1.020680,292.322560,292.322560,-1.000000,6.588738e-03,286.399848,8.235923e-10,0.023005,0.023005,3.549360e+11,347.74,4.800000e+07,286.40,in_range,,,,2552,2604,,82,81,82,,-1,-1,-1.000000,-1,t
cpu-gpu-v2,2026-07-19T07:11:46,"20260718_205238_session2",688,688,8,"AXPY","openmp_axpy",cpu_native,"AMD Ryzen Threadripper 3970X 32-Core Processor",20,4000000,"elements=4000000",44367,1.010787,1.010787,1.010787,289.441711,289.441711,-1.000000,6.523806e-03,286.352705,8.154758e-10,0.022782,0.022782,3.549360e+11,351.15,4.800000e+07,286.35,in_range,,,,2620,2432,,82,81,82,,-1,-1,-1.000000,-1,t
cpu-gpu-v2,2026-07-19T07:11:47,"20260718_205238_session2",689,689,9,"AXPY","openmp_axpy",cpu_native,"AMD Ryzen Threadripper 3970X 32-Core Processor",20,4000000,"elements=4000000",44367,1.014762,1.014762,1.014762,290.359007,290.359007,-1.000000,6.544481e-03,286.134970,8.180602e-10,0.022872,0.022872,3.549360e+11,349.77,4.800000e+07,286.13,in_range,,,,2501,2548,,82,81,82,,-1,-1,-1.000000,-1,t
cpu-gpu-v2,2026-07-19T07:11:48,"20260718_205238_session2",690,690,10,"AXPY","openmp_axpy",cpu_native,"AMD Ryzen Threadripper 3970X 32-Core Processor",20,4000000,"elements=4000000",44367,1.025300,1.025300,1.025300,293.471654,293.471654,-1.000000,6.614638e-03,286.230099,8.268298e-10,0.023110,0.023110,3.549360e+11,346.18,4.800000e+07,286.23,in_range,,,,2565,2469,,82,82,82,,-1,-1,-1.000000,-1,t
cpu-gpu-v2,2026-07-19T07:11:52,"20260718_205238_session2",691,691,1,"AXPY","openmp_axpy",cpu_native,"AMD Ryzen Threadripper 3970X 32-Core Processor",16,2000000,"elements=2000000",72498,2.316005,2.316005,2.316005,430.750780,430.750780,-1.000000,5.941554e-03,185.988708,1.485388e-09,0.031946,0.031946,2.899920e+11,125.21,2.400000e+07,185.99,above,,,,2434,2338,,81,81,77,,-1,-1,-1.000000,-1,t
cpu-gpu-v2,2026-07-19T07:11:54,"20260718_205238_session2",692,692,2,"AXPY","openmp_axpy",cpu_native,"AMD Ryzen Threadripper 3970X 32-Core Processor",16,2000000,"elements=2000000",72498,2.119118,2.119118,2.119118,411.148568,411.148568,-1.000000,5.671171e-03,194.018726,1.417793e-09,0.029230,0.029230,2.899920e+11,136.85,2.400000e+07,194.02,above,,,,2376,2344,,77,77,74,,-1,-1,-1.000000,-1,t
cpu-gpu-v2,2026-07-19T07:11:57,"20260718_205238_session2",693,693,3,"AXPY","openmp_axpy",cpu_native,"AMD Ryzen Threadripper 3970X 32-Core Processor",16,2000000,"elements=2000000",72498,2.206011,2.206011,2.206011,418.179149,418.179149,-1.000000,5.768147e-03,189.563517,1.442037e-09,0.030429,0.030429,2.899920e+11,131.46,2.400000e+07,189.56,above,,,,2380,2375,,74,74,74,,-1,-1,-1.000000,-1,t
cpu-gpu-v2,2026-07-19T07:11:58,"20260718_205238_session2",694,694,4,"AXPY","openmp_axpy",cpu_native,"AMD Ryzen Threadripper 3970X 32-Core Processor",16,2000000,"elements=2000000",72498,1.826131,1.826131,1.826131,380.766258,380.766258,-1.000000,5.252093e-03,208.509821,1.313023e-09,0.025189,0.025189,2.899920e+11,158.80,2.400000e+07,208.51,above,,,,2372,2347,,74,74,73,,-1,-1,-1.000000,-1,t
cpu-gpu-v2,2026-07-19T07:12:01,"20260718_205238_session2",695,695,5,"AXPY","openmp_axpy",cpu_native,"AMD Ryzen Threadripper 3970X 32-Core Processor",16,2000000,"elements=2000000",72498,2.341528,2.341528,2.341528,433.066944,433.066944,-1.000000,5.973502e-03,184.950538,1.493375e-09,0.032298,0.032298,2.899920e+11,123.85,2.400000e+07,184.95,above,,,,2383,2383,,73,73,71,,-1,-1,-1.000000,-1,t
cpu-gpu-v2,2026-07-19T07:12:03,"20260718_205238_session2",696,696,6,"AXPY","openmp_axpy",cpu_native,"AMD Ryzen Threadripper 3970X 32-Core Processor",16,2000000,"elements=2000000",72498,2.281238,2.281238,2.281238,426.959747,426.959747,-1.000000,5.889262e-03,187.161438,1.472316e-09,0.031466,0.031466,2.899920e+11,127.12,2.400000e+07,187.16,above,,,,2419,2343,,71,71,71,,-1,-1,-1.000000,-1,t
cpu-gpu-v2,2026-07-19T07:12:05,"20260718_205238_session2",697,697,7,"AXPY","openmp_axpy",cpu_native,"AMD Ryzen Threadripper 3970X 32-Core Processor",16,2000000,"elements=2000000",72498,1.957937,1.957937,1.957937,388.031721,388.031721,-1.000000,5.352309e-03,198.183972,1.338077e-09,0.027007,0.027007,2.899920e+11,148.11,2.400000e+07,198.18,above,,,,2347,2338,,76,71,76,,-1,-1,-1.000000,-1,t
cpu-gpu-v2,2026-07-19T07:12:07,"20260718_205238_session2",698,698,8,"AXPY","openmp_axpy",cpu_native,"AMD Ryzen Threadripper 3970X 32-Core Processor",16,2000000,"elements=2000000",72498,1.847826,1.847826,1.847826,383.897216,383.897216,-1.000000,5.295280e-03,207.756123,1.323820e-09,0.025488,0.025488,2.899920e+11,156.94,2.400000e+07,207.76,above,,,,2373,2342,,74,74,72,,-1,-1,-1.000000,-1,t
cpu-gpu-v2,2026-07-19T07:12:09,"20260718_205238_session2",699,699,9,"AXPY","openmp_axpy",cpu_native,"AMD Ryzen Threadripper 3970X 32-Core Processor",16,2000000,"elements=2000000",72498,2.209442,2.209442,2.209442,419.151007,419.151007,-1.000000,5.781553e-03,189.709001,1.445388e-09,0.030476,0.030476,2.899920e+11,131.25,2.400000e+07,189.71,above,,,,2381,2346,,72,72,71,,-1,-1,-1.000000,-1,t
cpu-gpu-v2,2026-07-19T07:12:11,"20260718_205238_session2",700,700,10,"AXPY","openmp_axpy",cpu_native,"AMD Ryzen Threadripper 3970X 32-Core Processor",16,2000000,"elements=2000000",72498,1.979107,1.979107,1.979107,395.823143,395.823143,-1.000000,5.459780e-03,200.000841,1.364945e-09,0.027299,0.027299,2.899920e+11,146.53,2.400000e+07,200.00,above,,,,2383,2337,,76,71,76,,-1,-1,-1.000000,-1,t
cpu-gpu-v2,2026-07-19T07:12:13,"20260718_205238_session2",701,701,1,"AXPY","openmp_axpy",cpu_native,"AMD Ryzen Threadripper 3970X 32-Core Processor",2,8000000,"elements=8000000",377,0.998818,0.998818,0.998818,79.175822,79.175822,-1.000000,2.100154e-01,79.269523,1.312597e-08,2.649384,2.649384,6.032000e+09,6.04,9.600000e+07,79.27,in_range,,,,1870,1834,,70,70,68,,-1,-1,-1.000000,-1,t
cpu-gpu-v2,2026-07-19T07:12:14,"20260718_205238_session2",702,702,2,"AXPY","openmp_axpy",cpu_native,"AMD Ryzen Threadripper 3970X 32-Core Processor",2,8000000,"elements=8000000",377,0.998567,0.998567,0.998567,78.788299,78.788299,-1.000000,2.089875e-01,78.901357,1.306172e-08,2.648719,2.648719,6.032000e+09,6.04,9.600000e+07,78.90,in_range,,,,1872,1833,,68,68,67,,-1,-1,-1.000000,-1,t
cpu-gpu-v2,2026-07-19T07:12:15,"20260718_205238_session2",703,703,3,"AXPY","openmp_axpy",cpu_native,"AMD Ryzen Threadripper 3970X 32-Core Processor",2,8000000,"elements=8000000",377,0.999848,0.999848,0.999848,78.710117,78.710117,-1.000000,2.087802e-01,78.722095,1.304876e-08,2.652116,2.652116,6.032000e+09,6.03,9.600000e+07,78.72,in_range,,,,1872,1834,,67,67,65,,-1,-1,-1.000000,-1,t
cpu-gpu-v2,2026-07-19T07:12:16,"20260718_205238_session2",704,704,4,"AXPY","openmp_axpy",cpu_native,"AMD Ryzen Threadripper 3970X 32-Core Processor",2,8000000,"elements=8000000",377,0.998831,0.998831,0.998831,78.376990,78.376990,-1.000000,2.078965e-01,78.468704,1.299353e-08,2.649420,2.649420,6.032000e+09,6.04,9.600000e+07,78.47,in_range,,,,1873,1834,,65,65,63,,-1,-1,-1.000000,-1,t
cpu-gpu-v2,2026-07-19T07:12:17,"20260718_205238_session2",705,705,5,"AXPY","openmp_axpy",cpu_native,"AMD Ryzen Threadripper 3970X 32-Core Processor",2,8000000,"elements=8000000",377,0.998819,0.998819,0.998819,78.380255,78.380255,-1.000000,2.079052e-01,78.472951,1.299407e-08,2.649387,2.649387,6.032000e+09,6.04,9.600000e+07,78.47,in_range,,,,1874,1833,,65,65,62,,-1,-1,-1.000000,-1,t
cpu-gpu-v2,2026-07-19T07:12:18,"20260718_205238_session2",706,706,6,"AXPY","openmp_axpy",cpu_native,"AMD Ryzen Threadripper 3970X 32-Core Processor",2,8000000,"elements=8000000",377,0.999403,0.999403,0.999403,78.280864,78.280864,-1.000000,2.076415e-01,78.327613,1.297760e-08,2.650937,2.650937,6.032000e+09,6.04,9.600000e+07,78.33,in_range,,,,1872,1834,,66,66,60,,-1,-1,-1.000000,-1,t
cpu-gpu-v2,2026-07-19T07:12:19,"20260718_205238_session2",707,707,7,"AXPY","openmp_axpy",cpu_native,"AMD Ryzen Threadripper 3970X 32-Core Processor",2,8000000,"elements=8000000",377,0.998815,0.998815,0.998815,78.234449,78.234449,-1.000000,2.075184e-01,78.327239,1.296990e-08,2.649378,2.649378,6.032000e+09,6.04,9.600000e+07,78.33,in_range,,,,1911,1834,,63,63,59,,-1,-1,-1.000000,-1,t
cpu-gpu-v2,2026-07-19T07:12:20,"20260718_205238_session2",708,708,8,"AXPY","openmp_axpy",cpu_native,"AMD Ryzen Threadripper 3970X 32-Core Processor",2,8000000,"elements=8000000",377,0.998980,0.998980,0.998980,78.311014,78.311014,-1.000000,2.077215e-01,78.390936,1.298260e-08,2.649816,2.649816,6.032000e+09,6.04,9.600000e+07,78.39,in_range,,,,1872,1834,,64,64,57,,-1,-1,-1.000000,-1,t
cpu-gpu-v2,2026-07-19T07:12:21,"20260718_205238_session2",709,709,9,"AXPY","openmp_axpy",cpu_native,"AMD Ryzen Threadripper 3970X 32-Core Processor",2,8000000,"elements=8000000",377,0.999208,0.999208,0.999208,78.329217,78.329217,-1.000000,2.077698e-01,78.391264,1.298561e-08,2.650420,2.650420,6.032000e+09,6.04,9.600000e+07,78.39,in_range,,,,1912,1869,,62,62,56,,-1,-1,-1.000000,-1,t
cpu-gpu-v2,2026-07-19T07:12:22,"20260718_205238_session2",710,710,10,"AXPY","openmp_axpy",cpu_native,"AMD Ryzen Threadripper 3970X 32-Core Processor",2,8000000,"elements=8000000",377,0.999038,0.999038,0.999038,78.201827,78.201827,-1.000000,2.074319e-01,78.277152,1.296449e-08,2.649967,2.649967,6.032000e+09,6.04,9.600000e+07,78.28,in_range,,,,1913,1865,,59,59,54,,-1,-1,-1.000000,-1,t
cpu-gpu-v2,2026-07-19T07:12:25,"20260718_205238_session2",711,711,1,"AXPY","openmp_axpy",cpu_native,"AMD Ryzen Threadripper 3970X 32-Core Processor",32,2000000,"elements=2000000",127659,1.014630,1.014630,1.014630,290.791877,290.791877,-1.000000,2.277880e-03,286.598984,5.694700e-10,0.007948,0.007948,5.106360e+11,503.27,2.400000e+07,286.60,in_range,,,,2838,2827,,70,69,70,,-1,-1,-1.000000,-1,t
cpu-gpu-v2,2026-07-19T07:12:26,"20260718_205238_session2",712,712,2,"AXPY","openmp_axpy",cpu_native,"AMD Ryzen Threadripper 3970X 32-Core Processor",32,2000000,"elements=2000000",127659,1.009523,1.009523,1.009523,289.858210,289.858210,-1.000000,2.270566e-03,287.123791,5.676415e-10,0.007908,0.007908,5.106360e+11,505.82,2.400000e+07,287.12,in_range,,,,2980,2781,,72,70,72,,-1,-1,-1.000000,-1,t
cpu-gpu-v2,2026-07-19T07:12:27,"20260718_205238_session2",713,713,3,"AXPY","openmp_axpy",cpu_native,"AMD Ryzen Threadripper 3970X 32-Core Processor",32,2000000,"elements=2000000",127659,1.011895,1.011895,1.011895,290.268696,290.268696,-1.000000,2.273782e-03,286.856600,5.684454e-10,0.007927,0.007927,5.106360e+11,504.63,2.400000e+07,286.86,in_range,,,,2876,2768,,73,71,73,,-1,-1,-1.000000,-1,t
cpu-gpu-v2,2026-07-19T07:12:28,"20260718_205238_session2",714,714,4,"AXPY","openmp_axpy",cpu_native,"AMD Ryzen Threadripper 3970X 32-Core Processor",32,2000000,"elements=2000000",127659,1.014581,1.014581,1.014581,291.339441,291.339441,-1.000000,2.282169e-03,287.152353,5.705423e-10,0.007948,0.007948,5.106360e+11,503.30,2.400000e+07,287.15,in_range,,,,2917,2785,,73,73,73,,-1,-1,-1.000000,-1,t
cpu-gpu-v2,2026-07-19T07:12:29,"20260718_205238_session2",715,715,5,"AXPY","openmp_axpy",cpu_native,"AMD Ryzen Threadripper 3970X 32-Core Processor",32,2000000,"elements=2000000",127659,1.017666,1.017666,1.017666,291.637049,291.637049,-1.000000,2.284500e-03,286.574313,5.711251e-10,0.007972,0.007972,5.106360e+11,501.77,2.400000e+07,286.57,in_range,,,,2919,2789,,73,72,73,,-1,-1,-1.000000,-1,t
cpu-gpu-v2,2026-07-19T07:12:30,"20260718_205238_session2",716,716,6,"AXPY","openmp_axpy",cpu_native,"AMD Ryzen Threadripper 3970X 32-Core Processor",32,2000000,"elements=2000000",127659,1.014600,1.014600,1.014600,291.112218,291.112218,-1.000000,2.280389e-03,286.923189,5.700973e-10,0.007948,0.007948,5.106360e+11,503.29,2.400000e+07,286.92,in_range,,,,2868,2845,,74,73,74,,-1,-1,-1.000000,-1,t
cpu-gpu-v2,2026-07-19T07:12:31,"20260718_205238_session2",717,717,7,"AXPY","openmp_axpy",cpu_native,"AMD Ryzen Threadripper 3970X 32-Core Processor",32,2000000,"elements=2000000",127659,1.022123,1.022123,1.022123,293.383677,293.383677,-1.000000,2.298182e-03,287.033740,5.745456e-10,0.008007,0.008007,5.106360e+11,499.58,2.400000e+07,287.03,in_range,,,,2977,2854,,74,74,74,,-1,-1,-1.000000,-1,t
cpu-gpu-v2,2026-07-19T07:12:32,"20260718_205238_session2",718,718,8,"AXPY","openmp_axpy",cpu_native,"AMD Ryzen Threadripper 3970X 32-Core Processor",32,2000000,"elements=2000000",127659,1.022482,1.022482,1.022482,293.414468,293.414468,-1.000000,2.298424e-03,286.963102,5.746059e-10,0.008009,0.008009,5.106360e+11,499.41,2.400000e+07,286.96,in_range,,,,2966,2853,,74,74,74,,-1,-1,-1.000000,-1,t
cpu-gpu-v2,2026-07-19T07:12:33,"20260718_205238_session2",719,719,9,"AXPY","openmp_axpy",cpu_native,"AMD Ryzen Threadripper 3970X 32-Core Processor",32,2000000,"elements=2000000",127659,1.013751,1.013751,1.013751,290.819586,290.819586,-1.000000,2.278097e-03,286.874701,5.695243e-10,0.007941,0.007941,5.106360e+11,503.71,2.400000e+07,286.87,in_range,,,,2975,2817,,75,74,75,,-1,-1,-1.000000,-1,t
cpu-gpu-v2,2026-07-19T07:12:34,"20260718_205238_session2",720,720,10,"AXPY","openmp_axpy",cpu_native,"AMD Ryzen Threadripper 3970X 32-Core Processor",32,2000000,"elements=2000000",127659,1.016524,1.016524,1.016524,291.382239,291.382239,-1.000000,2.282504e-03,286.645608,5.706261e-10,0.007963,0.007963,5.106360e+11,502.34,2.400000e+07,286.65,in_range,,,,2922,2776,,75,74,75,,-1,-1,-1.000000,-1,t
cpu-gpu-v2,2026-07-19T07:12:37,"20260718_205238_session2",721,721,1,"AXPY","openmp_axpy",cpu_native,"AMD Ryzen Threadripper 3970X 32-Core Processor",32,16000000,"elements=16000000",1347,1.000142,1.000142,1.000142,174.126890,174.126890,-1.000000,1.292701e-01,174.102210,4.039692e-09,0.742496,0.742496,4.310400e+10,43.10,1.920000e+08,174.10,in_range,,,,2972,2938,,72,72,70,,-1,-1,-1.000000,-1,t
cpu-gpu-v2,2026-07-19T07:12:38,"20260718_205238_session2",722,722,2,"AXPY","openmp_axpy",cpu_native,"AMD Ryzen Threadripper 3970X 32-Core Processor",32,16000000,"elements=16000000",1347,0.999419,0.999419,0.999419,173.648475,173.648475,-1.000000,1.289150e-01,173.749499,4.028593e-09,0.741959,0.741959,4.310400e+10,43.13,1.920000e+08,173.75,in_range,,,,2968,2938,,70,70,68,,-1,-1,-1.000000,-1,t
cpu-gpu-v2,2026-07-19T07:12:39,"20260718_205238_session2",723,723,3,"AXPY","openmp_axpy",cpu_native,"AMD Ryzen Threadripper 3970X 32-Core Processor",32,16000000,"elements=16000000",1347,0.999606,0.999606,0.999606,173.264600,173.264600,-1.000000,1.286300e-01,173.332927,4.019687e-09,0.742098,0.742098,4.310400e+10,43.12,1.920000e+08,173.33,in_range,,,,2972,2939,,68,68,67,,-1,-1,-1.000000,-1,t
cpu-gpu-v2,2026-07-19T07:12:40,"20260718_205238_session2",724,724,4,"AXPY","openmp_axpy",cpu_native,"AMD Ryzen Threadripper 3970X 32-Core Processor",32,16000000,"elements=16000000",1347,1.002368,1.002368,1.002368,173.876353,173.876353,-1.000000,1.290842e-01,173.465665,4.033880e-09,0.744148,0.744148,4.310400e+10,43.00,1.920000e+08,173.47,in_range,,,,2971,2936,,69,69,65,,-1,-1,-1.000000,-1,t
cpu-gpu-v2,2026-07-19T07:12:41,"20260718_205238_session2",725,725,5,"AXPY","openmp_axpy",cpu_native,"AMD Ryzen Threadripper 3970X 32-Core Processor",32,16000000,"elements=16000000",1347,1.001285,1.001285,1.001285,173.500503,173.500503,-1.000000,1.288051e-01,173.277908,4.025160e-09,0.743344,0.743344,4.310400e+10,43.05,1.920000e+08,173.28,in_range,,,,2970,2928,,67,67,64,,-1,-1,-1.000000,-1,t
cpu-gpu-v2,2026-07-19T07:12:42,"20260718_205238_session2",726,726,6,"AXPY","openmp_axpy",cpu_native,"AMD Ryzen Threadripper 3970X 32-Core Processor",32,16000000,"elements=16000000",1347,1.001334,1.001334,1.001334,173.104116,173.104116,-1.000000,1.285109e-01,172.873500,4.015964e-09,0.743381,0.743381,4.310400e+10,43.05,1.920000e+08,172.87,in_range,,,,2977,2943,,66,66,62,,-1,-1,-1.000000,-1,t
cpu-gpu-v2,2026-07-19T07:12:43,"20260718_205238_session2",727,727,7,"AXPY","openmp_axpy",cpu_native,"AMD Ryzen Threadripper 3970X 32-Core Processor",32,16000000,"elements=16000000",1347,1.001574,1.001574,1.001574,172.941007,172.941007,-1.000000,1.283898e-01,172.669274,4.012180e-09,0.743559,0.743559,4.310400e+10,43.04,1.920000e+08,172.67,in_range,,,,2975,2949,,63,63,61,,-1,-1,-1.000000,-1,t
cpu-gpu-v2,2026-07-19T07:12:44,"20260718_205238_session2",728,728,8,"AXPY","openmp_axpy",cpu_native,"AMD Ryzen Threadripper 3970X 32-Core Processor",32,16000000,"elements=16000000",1347,1.000243,1.000243,1.000243,172.987056,172.987056,-1.000000,1.284239e-01,172.945009,4.013248e-09,0.742571,0.742571,4.310400e+10,43.09,1.920000e+08,172.95,in_range,,,,2967,2930,,61,61,60,,-1,-1,-1.000000,-1,t
cpu-gpu-v2,2026-07-19T07:12:45,"20260718_205238_session2",729,729,9,"AXPY","openmp_axpy",cpu_native,"AMD Ryzen Threadripper 3970X 32-Core Processor",32,16000000,"elements=16000000",1347,1.000813,1.000813,1.000813,172.981640,172.981640,-1.000000,1.284199e-01,172.841073,4.013123e-09,0.742994,0.742994,4.310400e+10,43.07,1.920000e+08,172.84,in_range,,,,2971,2935,,65,65,60,,-1,-1,-1.000000,-1,t
cpu-gpu-v2,2026-07-19T07:12:46,"20260718_205238_session2",730,730,10,"AXPY","openmp_axpy",cpu_native,"AMD Ryzen Threadripper 3970X 32-Core Processor",32,16000000,"elements=16000000",1347,1.000318,1.000318,1.000318,172.807897,172.807897,-1.000000,1.282909e-01,172.752976,4.009092e-09,0.742627,0.742627,4.310400e+10,43.09,1.920000e+08,172.75,in_range,,,,2966,2928,,63,63,60,,-1,-1,-1.000000,-1,t
cpu-gpu-v2,2026-07-19T07:12:50,"20260718_205238_session2",731,731,1,"AXPY","openmp_axpy",cpu_native,"AMD Ryzen Threadripper 3970X 32-Core Processor",20,16000000,"elements=16000000",321,1.001804,1.001804,1.001804,127.000863,127.000863,-1.000000,3.956413e-01,126.772140,1.236379e-08,3.120885,3.120885,1.027200e+10,10.25,1.920000e+08,126.77,in_range,,,,2548,2508,,63,63,57,,-1,-1,-1.000000,-1,t
cpu-gpu-v2,2026-07-19T07:12:51,"20260718_205238_session2",732,732,2,"AXPY","openmp_axpy",cpu_native,"AMD Ryzen Threadripper 3970X 32-Core Processor",20,16000000,"elements=16000000",321,1.002161,1.002161,1.002161,126.784932,126.784932,-1.000000,3.949686e-01,126.511479,1.234277e-08,3.121998,3.121998,1.027200e+10,10.25,1.920000e+08,126.51,in_range,,,,2550,2511,,64,64,57,,-1,-1,-1.000000,-1,t
cpu-gpu-v2,2026-07-19T07:12:52,"20260718_205238_session2",733,733,3,"AXPY","openmp_axpy",cpu_native,"AMD Ryzen Threadripper 3970X 32-Core Processor",20,16000000,"elements=16000000",321,1.002620,1.002620,1.002620,126.817691,126.817691,-1.000000,3.950707e-01,126.486294,1.234596e-08,3.123427,3.123427,1.027200e+10,10.25,1.920000e+08,126.49,in_range,,,,2548,2511,,64,64,56,,-1,-1,-1.000000,-1,t
cpu-gpu-v2,2026-07-19T07:12:53,"20260718_205238_session2",734,734,4,"AXPY","openmp_axpy",cpu_native,"AMD Ryzen Threadripper 3970X 32-Core Processor",20,16000000,"elements=16000000",321,1.002572,1.002572,1.002572,126.579010,126.579010,-1.000000,3.943271e-01,126.254250,1.232272e-08,3.123278,3.123278,1.027200e+10,10.25,1.920000e+08,126.25,in_range,,,,2586,2503,,59,59,56,,-1,-1,-1.000000,-1,t
cpu-gpu-v2,2026-07-19T07:12:54,"20260718_205238_session2",735,735,5,"AXPY","openmp_axpy",cpu_native,"AMD Ryzen Threadripper 3970X 32-Core Processor",20,16000000,"elements=16000000",321,1.001691,1.001691,1.001691,126.520297,126.520297,-1.000000,3.941442e-01,126.306707,1.231701e-08,3.120533,3.120533,1.027200e+10,10.25,1.920000e+08,126.31,in_range,,,,2543,2507,,62,62,57,,-1,-1,-1.000000,-1,t
cpu-gpu-v2,2026-07-19T07:12:55,"20260718_205238_session2",736,736,6,"AXPY","openmp_axpy",cpu_native,"AMD Ryzen Threadripper 3970X 32-Core Processor",20,16000000,"elements=16000000",321,1.002107,1.002107,1.002107,126.427178,126.427178,-1.000000,3.938541e-01,126.161362,1.230794e-08,3.121829,3.121829,1.027200e+10,10.25,1.920000e+08,126.16,in_range,,,,2547,2540,,64,64,56,,-1,-1,-1.000000,-1,t
cpu-gpu-v2,2026-07-19T07:12:56,"20260718_205238_session2",737,737,7,"AXPY","openmp_axpy",cpu_native,"AMD Ryzen Threadripper 3970X 32-Core Processor",20,16000000,"elements=16000000",321,1.002110,1.002110,1.002110,126.521960,126.521960,-1.000000,3.941494e-01,126.255531,1.231717e-08,3.121839,3.121839,1.027200e+10,10.25,1.920000e+08,126.26,in_range,,,,2579,2505,,63,63,56,,-1,-1,-1.000000,-1,t
cpu-gpu-v2,2026-07-19T07:12:57,"20260718_205238_session2",738,738,8,"AXPY","openmp_axpy",cpu_native,"AMD Ryzen Threadripper 3970X 32-Core Processor",20,16000000,"elements=16000000",321,1.002371,1.002371,1.002371,126.462545,126.462545,-1.000000,3.939643e-01,126.163427,1.231138e-08,3.122651,3.122651,1.027200e+10,10.25,1.920000e+08,126.16,in_range,,,,2546,2657,,58,58,56,,-1,-1,-1.000000,-1,t
cpu-gpu-v2,2026-07-19T07:12:58,"20260718_205238_session2",739,739,9,"AXPY","openmp_axpy",cpu_native,"AMD Ryzen Threadripper 3970X 32-Core Processor",20,16000000,"elements=16000000",321,1.001465,1.001465,1.001465,126.282349,126.282349,-1.000000,3.934030e-01,126.097604,1.229384e-08,3.119829,3.119829,1.027200e+10,10.26,1.920000e+08,126.10,in_range,,,,2698,2507,,62,62,56,,-1,-1,-1.000000,-1,t
cpu-gpu-v2,2026-07-19T07:12:59,"20260718_205238_session2",740,740,10,"AXPY","openmp_axpy",cpu_native,"AMD Ryzen Threadripper 3970X 32-Core Processor",20,16000000,"elements=16000000",321,1.002410,1.002410,1.002410,126.154883,126.154883,-1.000000,3.930059e-01,125.851611,1.228143e-08,3.122772,3.122772,1.027200e+10,10.25,1.920000e+08,125.85,in_range,,,,2542,2505,,63,63,56,,-1,-1,-1.000000,-1,t
cpu-gpu-v2,2026-07-19T07:13:04,"20260718_205238_session2",741,741,1,"AXPY","openmp_axpy",cpu_native,"AMD Ryzen Threadripper 3970X 32-Core Processor",64,4000000,"elements=4000000",67518,2.991472,2.991472,2.991472,668.187658,668.187658,-1.000000,9.896437e-03,223.364190,1.237055e-09,0.044306,0.044306,5.401440e+11,180.56,4.800000e+07,223.36,above,,,,3934,4037,,68,63,68,,-1,-1,-1.000000,-1,t
cpu-gpu-v2,2026-07-19T07:13:07,"20260718_205238_session2",742,742,2,"AXPY","openmp_axpy",cpu_native,"AMD Ryzen Threadripper 3970X 32-Core Processor",64,4000000,"elements=4000000",67518,2.594151,2.594151,2.594151,539.518806,539.518806,-1.000000,7.990740e-03,207.975073,9.988425e-10,0.038422,0.038422,5.401440e+11,208.22,4.800000e+07,207.98,above,,,,4046,3739,,67,67,65,,-1,-1,-1.000000,-1,t
cpu-gpu-v2,2026-07-19T07:13:09,"20260718_205238_session2",743,743,3,"AXPY","openmp_axpy",cpu_native,"AMD Ryzen Threadripper 3970X 32-Core Processor",64,4000000,"elements=4000000",67518,2.085697,2.085697,2.085697,472.504313,472.504313,-1.000000,6.998198e-03,226.545007,8.747747e-10,0.030891,0.030891,5.401440e+11,258.98,4.800000e+07,226.55,above,,,,3796,3782,,68,65,68,,-1,-1,-1.000000,-1,t
cpu-gpu-v2,2026-07-19T07:13:12,"20260718_205238_session2",744,744,4,"AXPY","openmp_axpy",cpu_native,"AMD Ryzen Threadripper 3970X 32-Core Processor",64,4000000,"elements=4000000",67518,2.728067,2.728067,2.728067,633.937171,633.937171,-1.000000,9.389158e-03,232.375920,1.173645e-09,0.040405,0.040405,5.401440e+11,198.00,4.800000e+07,232.38,above,,,,3869,3726,,67,66,67,,-1,-1,-1.000000,-1,t
cpu-gpu-v2,2026-07-19T07:13:14,"20260718_205238_session2",745,745,5,"AXPY","openmp_axpy",cpu_native,"AMD Ryzen Threadripper 3970X 32-Core Processor",64,4000000,"elements=4000000",67518,2.280237,2.280237,2.280237,516.777642,516.777642,-1.000000,7.653924e-03,226.633335,9.567405e-10,0.033772,0.033772,5.401440e+11,236.88,4.800000e+07,226.63,above,,,,3798,4058,,71,67,71,,-1,-1,-1.000000,-1,t
cpu-gpu-v2,2026-07-19T07:13:17,"20260718_205238_session2",746,746,6,"AXPY","openmp_axpy",cpu_native,"AMD Ryzen Threadripper 3970X 32-Core Processor",64,4000000,"elements=4000000",67518,2.850583,2.850583,2.850583,671.156820,671.156820,-1.000000,9.940413e-03,235.445470,1.242552e-09,0.042220,0.042220,5.401440e+11,189.49,4.800000e+07,235.45,above,,,,4088,3744,,69,69,68,,-1,-1,-1.000000,-1,t
cpu-gpu-v2,2026-07-19T07:13:19,"20260718_205238_session2",747,747,7,"AXPY","openmp_axpy",cpu_native,"AMD Ryzen Threadripper 3970X 32-Core Processor",64,4000000,"elements=4000000",67518,2.131528,2.131528,2.131528,472.644472,472.644472,-1.000000,7.000274e-03,221.739795,8.750342e-10,0.031570,0.031570,5.401440e+11,253.41,4.800000e+07,221.74,above,,,,3796,3779,,68,68,67,,-1,-1,-1.000000,-1,t
cpu-gpu-v2,2026-07-19T07:13:21,"20260718_205238_session2",748,748,8,"AXPY","openmp_axpy",cpu_native,"AMD Ryzen Threadripper 3970X 32-Core Processor",64,4000000,"elements=4000000",67518,2.135425,2.135425,2.135425,475.252018,475.252018,-1.000000,7.038894e-03,222.556151,8.798617e-10,0.031627,0.031627,5.401440e+11,252.94,4.800000e+07,222.56,above,,,,3845,3809,,68,68,68,,-1,-1,-1.000000,-1,t
cpu-gpu-v2,2026-07-19T07:13:24,"20260718_205238_session2",749,749,9,"AXPY","openmp_axpy",cpu_native,"AMD Ryzen Threadripper 3970X 32-Core Processor",64,4000000,"elements=4000000",67518,2.471063,2.471063,2.471063,550.600447,550.600447,-1.000000,8.154869e-03,222.819274,1.019359e-09,0.036599,0.036599,5.401440e+11,218.59,4.800000e+07,222.82,above,,,,3868,3798,,67,67,67,,-1,-1,-1.000000,-1,t
cpu-gpu-v2,2026-07-19T07:13:26,"20260718_205238_session2",750,750,10,"AXPY","openmp_axpy",cpu_native,"AMD Ryzen Threadripper 3970X 32-Core Processor",64,4000000,"elements=4000000",67518,2.379096,2.379096,2.379096,519.393718,519.393718,-1.000000,7.692670e-03,218.315565,9.615838e-10,0.035236,0.035236,5.401440e+11,227.04,4.800000e+07,218.32,above,,,,3878,3952,,69,67,69,,-1,-1,-1.000000,-1,t
cpu-gpu-v2,2026-07-19T07:13:35,"20260718_205238_session2",751,751,1,"AXPY","openmp_axpy",cpu_native,"AMD Ryzen Threadripper 3970X 32-Core Processor",10,4000000,"elements=4000000",13988,1.000504,1.000504,1.000504,164.227210,164.227210,-1.000000,1.174058e-02,164.144500,1.467572e-09,0.071526,0.071526,1.119040e+11,111.85,4.800000e+07,164.14,in_range,,,,2230,2150,,83,83,77,,-1,-1,-1.000000,-1,t
cpu-gpu-v2,2026-07-19T07:13:36,"20260718_205238_session2",752,752,2,"AXPY","openmp_axpy",cpu_native,"AMD Ryzen Threadripper 3970X 32-Core Processor",10,4000000,"elements=4000000",13988,0.997223,0.997223,0.997223,163.802518,163.802518,-1.000000,1.171022e-02,164.258746,1.463777e-09,0.071291,0.071291,1.119040e+11,112.22,4.800000e+07,164.26,in_range,,,,2188,2157,,77,77,77,,-1,-1,-1.000000,-1,t
cpu-gpu-v2,2026-07-19T07:13:37,"20260718_205238_session2",753,753,3,"AXPY","openmp_axpy",cpu_native,"AMD Ryzen Threadripper 3970X 32-Core Processor",10,4000000,"elements=4000000",13988,0.995161,0.995161,0.995161,163.614128,163.614128,-1.000000,1.169675e-02,164.409643,1.462094e-09,0.071144,0.071144,1.119040e+11,112.45,4.800000e+07,164.41,in_range,,,,2192,2121,,77,77,77,,-1,-1,-1.000000,-1,t
cpu-gpu-v2,2026-07-19T07:13:38,"20260718_205238_session2",754,754,4,"AXPY","openmp_axpy",cpu_native,"AMD Ryzen Threadripper 3970X 32-Core Processor",10,4000000,"elements=4000000",13988,0.995799,0.995799,0.995799,163.628104,163.628104,-1.000000,1.169775e-02,164.318388,1.462219e-09,0.071190,0.071190,1.119040e+11,112.38,4.800000e+07,164.32,in_range,,,,2155,2120,,78,77,78,,-1,-1,-1.000000,-1,t
cpu-gpu-v2,2026-07-19T07:13:39,"20260718_205238_session2",755,755,5,"AXPY","openmp_axpy",cpu_native,"AMD Ryzen Threadripper 3970X 32-Core Processor",10,4000000,"elements=4000000",13988,0.994813,0.994813,0.994813,163.398105,163.398105,-1.000000,1.168131e-02,164.250095,1.460163e-09,0.071119,0.071119,1.119040e+11,112.49,4.800000e+07,164.25,in_range,,,,2157,2120,,80,80,77,,-1,-1,-1.000000,-1,t
cpu-gpu-v2,2026-07-19T07:13:40,"20260718_205238_session2",756,756,6,"AXPY","openmp_axpy",cpu_native,"AMD Ryzen Threadripper 3970X 32-Core Processor",10,4000000,"elements=4000000",13988,1.012751,1.012751,1.012751,165.216309,165.216309,-1.000000,1.181129e-02,163.136094,1.476411e-09,0.072401,0.072401,1.119040e+11,110.50,4.800000e+07,163.14,in_range,,,,2157,2188,,77,77,77,,-1,-1,-1.000000,-1,t
cpu-gpu-v2,2026-07-19T07:13:41,"20260718_205238_session2",757,757,7,"AXPY","openmp_axpy",cpu_native,"AMD Ryzen Threadripper 3970X 32-Core Processor",10,4000000,"elements=4000000",13988,0.994562,0.994562,0.994562,163.587625,163.587625,-1.000000,1.169485e-02,164.482114,1.461857e-09,0.071101,0.071101,1.119040e+11,112.52,4.800000e+07,164.48,in_range,,,,2223,2120,,77,77,77,,-1,-1,-1.000000,-1,t
cpu-gpu-v2,2026-07-19T07:13:42,"20260718_205238_session2",758,758,8,"AXPY","openmp_axpy",cpu_native,"AMD Ryzen Threadripper 3970X 32-Core Processor",10,4000000,"elements=4000000",13988,0.995160,0.995160,0.995160,163.532009,163.532009,-1.000000,1.169088e-02,164.327332,1.461360e-09,0.071144,0.071144,1.119040e+11,112.45,4.800000e+07,164.33,in_range,,,,2156,2121,,77,77,77,,-1,-1,-1.000000,-1,t
cpu-gpu-v2,2026-07-19T07:13:43,"20260718_205238_session2",759,759,9,"AXPY","openmp_axpy",cpu_native,"AMD Ryzen Threadripper 3970X 32-Core Processor",10,4000000,"elements=4000000",13988,0.993212,0.993212,0.993212,163.260204,163.260204,-1.000000,1.167145e-02,164.376035,1.458931e-09,0.071005,0.071005,1.119040e+11,112.67,4.800000e+07,164.38,in_range,,,,2157,2121,,77,77,77,,-1,-1,-1.000000,-1,t
cpu-gpu-v2,2026-07-19T07:13:44,"20260718_205238_session2",760,760,10,"AXPY","openmp_axpy",cpu_native,"AMD Ryzen Threadripper 3970X 32-Core Processor",10,4000000,"elements=4000000",13988,0.993196,0.993196,0.993196,163.348760,163.348760,-1.000000,1.167778e-02,164.467830,1.459722e-09,0.071003,0.071003,1.119040e+11,112.67,4.800000e+07,164.47,in_range,,,,2157,2119,,78,78,77,,-1,-1,-1.000000,-1,t
cpu-gpu-v2,2026-07-19T07:13:47,"20260718_205238_session2",761,761,1,"AXPY","openmp_axpy",cpu_native,"AMD Ryzen Threadripper 3970X 32-Core Processor",2,4000000,"elements=4000000",774,1.001521,1.001521,1.001521,79.597919,79.597919,-1.000000,1.028397e-01,79.477024,1.285496e-08,1.293955,1.293955,6.192000e+09,6.18,4.800000e+07,79.48,in_range,,,,1904,1833,,74,74,72,,-1,-1,-1.000000,-1,t
cpu-gpu-v2,2026-07-19T07:13:48,"20260718_205238_session2",762,762,2,"AXPY","openmp_axpy",cpu_native,"AMD Ryzen Threadripper 3970X 32-Core Processor",2,4000000,"elements=4000000",774,1.003889,1.003889,1.003889,79.213311,79.213311,-1.000000,1.023428e-01,78.906470,1.279285e-08,1.297014,1.297014,6.192000e+09,6.17,4.800000e+07,78.91,in_range,,,,1873,1834,,72,72,70,,-1,-1,-1.000000,-1,t
cpu-gpu-v2,2026-07-19T07:13:49,"20260718_205238_session2",763,763,3,"AXPY","openmp_axpy",cpu_native,"AMD Ryzen Threadripper 3970X 32-Core Processor",2,4000000,"elements=4000000",774,1.003335,1.003335,1.003335,79.009327,79.009327,-1.000000,1.020792e-01,78.746669,1.275990e-08,1.296299,1.296299,6.192000e+09,6.17,4.800000e+07,78.75,in_range,,,,1873,1833,,70,70,69,,-1,-1,-1.000000,-1,t
cpu-gpu-v2,2026-07-19T07:13:50,"20260718_205238_session2",764,764,4,"AXPY","openmp_axpy",cpu_native,"AMD Ryzen Threadripper 3970X 32-Core Processor",2,4000000,"elements=4000000",774,1.003285,1.003285,1.003285,78.914468,78.914468,-1.000000,1.019567e-01,78.656105,1.274458e-08,1.296233,1.296233,6.192000e+09,6.17,4.800000e+07,78.66,in_range,,,,1872,1833,,69,69,67,,-1,-1,-1.000000,-1,t
cpu-gpu-v2,2026-07-19T07:13:51,"20260718_205238_session2",765,765,5,"AXPY","openmp_axpy",cpu_native,"AMD Ryzen Threadripper 3970X 32-Core Processor",2,4000000,"elements=4000000",774,1.002439,1.002439,1.002439,78.769242,78.769242,-1.000000,1.017690e-01,78.577602,1.272113e-08,1.295141,1.295141,6.192000e+09,6.18,4.800000e+07,78.58,in_range,,,,1875,1833,,67,67,66,,-1,-1,-1.000000,-1,t
cpu-gpu-v2,2026-07-19T07:13:52,"20260718_205238_session2",766,766,6,"AXPY","openmp_axpy",cpu_native,"AMD Ryzen Threadripper 3970X 32-Core Processor",2,4000000,"elements=4000000",774,1.002298,1.002298,1.002298,78.699406,78.699406,-1.000000,1.016788e-01,78.518967,1.270985e-08,1.294959,1.294959,6.192000e+09,6.18,4.800000e+07,78.52,in_range,,,,1913,1834,,66,66,64,,-1,-1,-1.000000,-1,t
cpu-gpu-v2,2026-07-19T07:13:53,"20260718_205238_session2",767,767,7,"AXPY","openmp_axpy",cpu_native,"AMD Ryzen Threadripper 3970X 32-Core Processor",2,4000000,"elements=4000000",774,1.002367,1.002367,1.002367,78.655967,78.655967,-1.000000,1.016227e-01,78.470248,1.270284e-08,1.295047,1.295047,6.192000e+09,6.18,4.800000e+07,78.47,in_range,,,,1873,1834,,64,64,63,,-1,-1,-1.000000,-1,t
cpu-gpu-v2,2026-07-19T07:13:54,"20260718_205238_session2",768,768,8,"AXPY","openmp_axpy",cpu_native,"AMD Ryzen Threadripper 3970X 32-Core Processor",2,4000000,"elements=4000000",774,1.001831,1.001831,1.001831,78.620720,78.620720,-1.000000,1.015772e-01,78.477062,1.269714e-08,1.294355,1.294355,6.192000e+09,6.18,4.800000e+07,78.48,in_range,,,,1873,1864,,63,63,61,,-1,-1,-1.000000,-1,t
cpu-gpu-v2,2026-07-19T07:13:55,"20260718_205238_session2",769,769,9,"AXPY","openmp_axpy",cpu_native,"AMD Ryzen Threadripper 3970X 32-Core Processor",2,4000000,"elements=4000000",774,1.002275,1.002275,1.002275,78.592554,78.592554,-1.000000,1.015408e-01,78.414154,1.269260e-08,1.294929,1.294929,6.192000e+09,6.18,4.800000e+07,78.41,in_range,,,,1902,1834,,62,62,60,,-1,-1,-1.000000,-1,t
cpu-gpu-v2,2026-07-19T07:13:56,"20260718_205238_session2",770,770,10,"AXPY","openmp_axpy",cpu_native,"AMD Ryzen Threadripper 3970X 32-Core Processor",2,4000000,"elements=4000000",774,1.001077,1.001077,1.001077,78.580379,78.580379,-1.000000,1.015250e-01,78.495802,1.269063e-08,1.293382,1.293382,6.192000e+09,6.19,4.800000e+07,78.50,in_range,,,,1872,1834,,62,62,58,,-1,-1,-1.000000,-1,t
cpu-gpu-v2,2026-07-19T07:14:00,"20260718_205238_session2",771,771,1,"AXPY","openmp_axpy",cpu_native,"AMD Ryzen Threadripper 3970X 32-Core Processor",32,4000000,"elements=4000000",64324,1.006677,1.006677,1.006677,288.562469,288.562469,-1.000000,4.486078e-03,286.648524,5.607597e-10,0.015650,0.015650,5.145920e+11,511.18,4.800000e+07,286.65,in_range,,,,2865,2817,,70,68,70,,-1,-1,-1.000000,-1,t
cpu-gpu-v2,2026-07-19T07:14:01,"20260718_205238_session2",772,772,2,"AXPY","openmp_axpy",cpu_native,"AMD Ryzen Threadripper 3970X 32-Core Processor",32,4000000,"elements=4000000",64324,1.004711,1.004711,1.004711,288.416069,288.416069,-1.000000,4.483802e-03,287.063715,5.604752e-10,0.015620,0.015620,5.145920e+11,512.18,4.800000e+07,287.06,in_range,,,,2888,2811,,70,70,70,,-1,-1,-1.000000,-1,t
cpu-gpu-v2,2026-07-19T07:14:02,"20260718_205238_session2",773,773,3,"AXPY","openmp_axpy",cpu_native,"AMD Ryzen Threadripper 3970X 32-Core Processor",32,4000000,"elements=4000000",64324,1.006579,1.006579,1.006579,288.825197,288.825197,-1.000000,4.490162e-03,286.937386,5.612703e-10,0.015649,0.015649,5.145920e+11,511.23,4.800000e+07,286.94,in_range,,,,2898,2718,,71,70,71,,-1,-1,-1.000000,-1,t
cpu-gpu-v2,2026-07-19T07:14:03,"20260718_205238_session2",774,774,4,"AXPY","openmp_axpy",cpu_native,"AMD Ryzen Threadripper 3970X 32-Core Processor",32,4000000,"elements=4000000",64324,1.003147,1.003147,1.003147,287.945787,287.945787,-1.000000,4.476491e-03,287.042409,5.595613e-10,0.015595,0.015595,5.145920e+11,512.98,4.800000e+07,287.04,in_range,,,,2797,2757,,72,71,72,,-1,-1,-1.000000,-1,t
cpu-gpu-v2,2026-07-19T07:14:04,"20260718_205238_session2",775,775,5,"AXPY","openmp_axpy",cpu_native,"AMD Ryzen Threadripper 3970X 32-Core Processor",32,4000000,"elements=4000000",64324,1.005835,1.005835,1.005835,288.689187,288.689187,-1.000000,4.488048e-03,287.014481,5.610060e-10,0.015637,0.015637,5.145920e+11,511.61,4.800000e+07,287.01,in_range,,,,2822,2756,,72,72,72,,-1,-1,-1.000000,-1,t
cpu-gpu-v2,2026-07-19T07:14:05,"20260718_205238_session2",776,776,6,"AXPY","openmp_axpy",cpu_native,"AMD Ryzen Threadripper 3970X 32-Core Processor",32,4000000,"elements=4000000",64324,1.003948,1.003948,1.003948,288.220828,288.220828,-1.000000,4.480767e-03,287.087335,5.600958e-10,0.015608,0.015608,5.145920e+11,512.57,4.800000e+07,287.09,in_range,,,,2861,2774,,73,72,73,,-1,-1,-1.000000,-1,t
cpu-gpu-v2,2026-07-19T07:14:06,"20260718_205238_session2",777,777,7,"AXPY","openmp_axpy",cpu_native,"AMD Ryzen Threadripper 3970X 32-Core Processor",32,4000000,"elements=4000000",64324,1.007775,1.007775,1.007775,289.275247,289.275247,-1.000000,4.497159e-03,287.043608,5.621449e-10,0.015667,0.015667,5.145920e+11,510.62,4.800000e+07,287.04,in_range,,,,2837,2756,,73,73,73,,-1,-1,-1.000000,-1,t
cpu-gpu-v2,2026-07-19T07:14:07,"20260718_205238_session2",778,778,8,"AXPY","openmp_axpy",cpu_native,"AMD Ryzen Threadripper 3970X 32-Core Processor",32,4000000,"elements=4000000",64324,1.007495,1.007495,1.007495,289.102038,289.102038,-1.000000,4.494466e-03,286.951335,5.618083e-10,0.015663,0.015663,5.145920e+11,510.76,4.800000e+07,286.95,in_range,,,,2830,2785,,74,73,74,,-1,-1,-1.000000,-1,t
cpu-gpu-v2,2026-07-19T07:14:08,"20260718_205238_session2",779,779,9,"AXPY","openmp_axpy",cpu_native,"AMD Ryzen Threadripper 3970X 32-Core Processor",32,4000000,"elements=4000000",64324,1.008978,1.008978,1.008978,289.677464,289.677464,-1.000000,4.503412e-03,287.100022,5.629265e-10,0.015686,0.015686,5.145920e+11,510.01,4.800000e+07,287.10,in_range,,,,2895,2788,,74,73,74,,-1,-1,-1.000000,-1,t
cpu-gpu-v2,2026-07-19T07:14:09,"20260718_205238_session2",780,780,10,"AXPY","openmp_axpy",cpu_native,"AMD Ryzen Threadripper 3970X 32-Core Processor",32,4000000,"elements=4000000",64324,1.007182,1.007182,1.007182,289.009789,289.009789,-1.000000,4.493032e-03,286.948798,5.616290e-10,0.015658,0.015658,5.145920e+11,510.92,4.800000e+07,286.95,in_range,,,,2837,2758,,74,74,74,,-1,-1,-1.000000,-1,t
cpu-gpu-v2,2026-07-19T07:14:11,"20260718_205238_session2",781,781,1,"AXPY","openmp_axpy",cpu_native,"AMD Ryzen Threadripper 3970X 32-Core Processor",2,32000000,"elements=32000000",94,1.000712,1.000712,1.000712,80.757130,80.757130,-1.000000,8.591184e-01,80.699632,1.342373e-08,10.645878,10.645878,6.016000e+09,6.01,3.840000e+08,80.70,in_range,,,,1899,1833,,76,76,70,,-1,-1,-1.000000,-1,t
cpu-gpu-v2,2026-07-19T07:14:12,"20260718_205238_session2",782,782,2,"AXPY","openmp_axpy",cpu_native,"AMD Ryzen Threadripper 3970X 32-Core Processor",2,32000000,"elements=32000000",94,1.002342,1.002342,1.002342,80.239609,80.239609,-1.000000,8.536129e-01,80.052134,1.333770e-08,10.663212,10.663212,6.016000e+09,6.00,3.840000e+08,80.05,in_range,,,,1910,1833,,74,74,69,,-1,-1,-1.000000,-1,t
cpu-gpu-v2,2026-07-19T07:14:13,"20260718_205238_session2",783,783,3,"AXPY","openmp_axpy",cpu_native,"AMD Ryzen Threadripper 3970X 32-Core Processor",2,32000000,"elements=32000000",94,1.002492,1.002492,1.002492,79.799050,79.799050,-1.000000,8.489261e-01,79.600706,1.326447e-08,10.664806,10.664806,6.016000e+09,6.00,3.840000e+08,79.60,in_range,,,,1986,1863,,73,73,67,,-1,-1,-1.000000,-1,t
cpu-gpu-v2,2026-07-19T07:14:14,"20260718_205238_session2",784,784,4,"AXPY","openmp_axpy",cpu_native,"AMD Ryzen Threadripper 3970X 32-Core Processor",2,32000000,"elements=32000000",94,1.001250,1.001250,1.001250,79.438275,79.438275,-1.000000,8.450880e-01,79.339064,1.320450e-08,10.651601,10.651601,6.016000e+09,6.01,3.840000e+08,79.34,in_range,,,,1909,1864,,72,72,66,,-1,-1,-1.000000,-1,t
cpu-gpu-v2,2026-07-19T07:14:15,"20260718_205238_session2",785,785,5,"AXPY","openmp_axpy",cpu_native,"AMD Ryzen Threadripper 3970X 32-Core Processor",2,32000000,"elements=32000000",94,0.999989,0.999989,0.999989,79.170771,79.170771,-1.000000,8.422422e-01,79.171636,1.316004e-08,10.638182,10.638182,6.016000e+09,6.02,3.840000e+08,79.17,in_range,,,,1871,1834,,71,71,64,,-1,-1,-1.000000,-1,t
cpu-gpu-v2,2026-07-19T07:14:16,"20260718_205238_session2",786,786,6,"AXPY","openmp_axpy",cpu_native,"AMD Ryzen Threadripper 3970X 32-Core Processor",2,32000000,"elements=32000000",94,1.001466,1.001466,1.001466,79.055222,79.055222,-1.000000,8.410130e-01,78.939535,1.314083e-08,10.653888,10.653888,6.016000e+09,6.01,3.840000e+08,78.94,in_range,,,,1871,1833,,70,70,63,,-1,-1,-1.000000,-1,t
cpu-gpu-v2,2026-07-19T07:14:17,"20260718_205238_session2",787,787,7,"AXPY","openmp_axpy",cpu_native,"AMD Ryzen Threadripper 3970X 32-Core Processor",2,32000000,"elements=32000000",94,1.001636,1.001636,1.001636,78.929176,78.929176,-1.000000,8.396721e-01,78.800265,1.311988e-08,10.655701,10.655701,6.016000e+09,6.01,3.840000e+08,78.80,in_range,,,,1910,1834,,70,70,61,,-1,-1,-1.000000,-1,t
cpu-gpu-v2,2026-07-19T07:14:18,"20260718_205238_session2",788,788,8,"AXPY","openmp_axpy",cpu_native,"AMD Ryzen Threadripper 3970X 32-Core Processor",2,32000000,"elements=32000000",94,1.002863,1.002863,1.002863,78.908685,78.908685,-1.000000,8.394541e-01,78.683444,1.311647e-08,10.668751,10.668751,6.016000e+09,6.00,3.840000e+08,78.68,in_range,,,,1912,1833,,69,69,60,,-1,-1,-1.000000,-1,t
cpu-gpu-v2,2026-07-19T07:14:20,"20260718_205238_session2",789,789,9,"AXPY","openmp_axpy",cpu_native,"AMD Ryzen Threadripper 3970X 32-Core Processor",2,32000000,"elements=32000000",94,1.002754,1.002754,1.002754,78.807677,78.807677,-1.000000,8.383795e-01,78.591262,1.309968e-08,10.667592,10.667592,6.016000e+09,6.00,3.840000e+08,78.59,in_range,,,,1911,1834,,68,68,58,,-1,-1,-1.000000,-1,t
cpu-gpu-v2,2026-07-19T07:14:21,"20260718_205238_session2",790,790,10,"AXPY","openmp_axpy",cpu_native,"AMD Ryzen Threadripper 3970X 32-Core Processor",2,32000000,"elements=32000000",94,1.002404,1.002404,1.002404,78.782425,78.782425,-1.000000,8.381109e-01,78.593501,1.309548e-08,10.663870,10.663870,6.016000e+09,6.00,3.840000e+08,78.59,in_range,,,,1910,1834,,68,68,67,,-1,-1,-1.000000,-1,t
cpu-gpu-v2,2026-07-19T07:14:23,"20260718_205238_session2",791,791,1,"AXPY","openmp_axpy",cpu_native,"AMD Ryzen Threadripper 3970X 32-Core Processor",4,16000000,"elements=16000000",184,1.001591,1.001591,1.001591,80.394082,80.394082,-1.000000,4.369244e-01,80.266378,1.365389e-08,5.443429,5.443429,5.888000e+09,5.88,1.920000e+08,80.27,in_range,,,,1990,1913,,64,64,63,,-1,-1,-1.000000,-1,t
cpu-gpu-v2,2026-07-19T07:14:24,"20260718_205238_session2",792,792,2,"AXPY","openmp_axpy",cpu_native,"AMD Ryzen Threadripper 3970X 32-Core Processor",4,16000000,"elements=16000000",184,1.002149,1.002149,1.002149,80.246094,80.246094,-1.000000,4.361201e-01,80.073992,1.362875e-08,5.446464,5.446464,5.888000e+09,5.88,1.920000e+08,80.07,in_range,,,,1951,1913,,63,63,61,,-1,-1,-1.000000,-1,t
cpu-gpu-v2,2026-07-19T07:14:25,"20260718_205238_session2",793,793,3,"AXPY","openmp_axpy",cpu_native,"AMD Ryzen Threadripper 3970X 32-Core Processor",4,16000000,"elements=16000000",184,1.002000,1.002000,1.002000,80.241837,80.241837,-1.000000,4.360969e-01,80.081656,1.362803e-08,5.445653,5.445653,5.888000e+09,5.88,1.920000e+08,80.08,in_range,,,,1951,1913,,64,64,59,,-1,-1,-1.000000,-1,t
cpu-gpu-v2,2026-07-19T07:14:26,"20260718_205238_session2",794,794,4,"AXPY","openmp_axpy",cpu_native,"AMD Ryzen Threadripper 3970X 32-Core Processor",4,16000000,"elements=16000000",184,1.001565,1.001565,1.001565,80.090753,80.090753,-1.000000,4.352758e-01,79.965613,1.360237e-08,5.443288,5.443288,5.888000e+09,5.88,1.920000e+08,79.97,in_range,,,,1948,1912,,66,66,58,,-1,-1,-1.000000,-1,t
cpu-gpu-v2,2026-07-19T07:14:27,"20260718_205238_session2",795,795,5,"AXPY","openmp_axpy",cpu_native,"AMD Ryzen Threadripper 3970X 32-Core Processor",4,16000000,"elements=16000000",184,1.002659,1.002659,1.002659,80.288222,80.288222,-1.000000,4.363490e-01,80.075262,1.363591e-08,5.449236,5.449236,5.888000e+09,5.87,1.920000e+08,80.08,in_range,,,,1949,1913,,59,59,56,,-1,-1,-1.000000,-1,t
cpu-gpu-v2,2026-07-19T07:14:28,"20260718_205238_session2",796,796,6,"AXPY","openmp_axpy",cpu_native,"AMD Ryzen Threadripper 3970X 32-Core Processor",4,16000000,"elements=16000000",184,1.002677,1.002677,1.002677,80.264740,80.264740,-1.000000,4.362214e-01,80.050446,1.363192e-08,5.449331,5.449331,5.888000e+09,5.87,1.920000e+08,80.05,in_range,,,,1951,1913,,64,64,55,,-1,-1,-1.000000,-1,t
cpu-gpu-v2,2026-07-19T07:14:29,"20260718_205238_session2",797,797,7,"AXPY","openmp_axpy",cpu_native,"AMD Ryzen Threadripper 3970X 32-Core Processor",4,16000000,"elements=16000000",184,1.001924,1.001924,1.001924,80.160375,80.160375,-1.000000,4.356542e-01,80.006458,1.361419e-08,5.445238,5.445238,5.888000e+09,5.88,1.920000e+08,80.01,in_range,,,,2031,1913,,63,63,54,,-1,-1,-1.000000,-1,t
cpu-gpu-v2,2026-07-19T07:14:30,"20260718_205238_session2",798,798,8,"AXPY","openmp_axpy",cpu_native,"AMD Ryzen Threadripper 3970X 32-Core Processor",4,16000000,"elements=16000000",184,1.002042,1.002042,1.002042,80.272933,80.272933,-1.000000,4.362659e-01,80.109379,1.363331e-08,5.445878,5.445878,5.888000e+09,5.88,1.920000e+08,80.11,in_range,,,,1990,1912,,66,66,64,,-1,-1,-1.000000,-1,t
cpu-gpu-v2,2026-07-19T07:14:31,"20260718_205238_session2",799,799,9,"AXPY","openmp_axpy",cpu_native,"AMD Ryzen Threadripper 3970X 32-Core Processor",4,16000000,"elements=16000000",184,1.001788,1.001788,1.001788,80.203036,80.203036,-1.000000,4.358861e-01,80.059910,1.362144e-08,5.444499,5.444499,5.888000e+09,5.88,1.920000e+08,80.06,in_range,,,,1981,1912,,65,65,63,,-1,-1,-1.000000,-1,t
cpu-gpu-v2,2026-07-19T07:14:32,"20260718_205238_session2",800,800,10,"AXPY","openmp_axpy",cpu_native,"AMD Ryzen Threadripper 3970X 32-Core Processor",4,16000000,"elements=16000000",184,1.002277,1.002277,1.002277,80.225542,80.225542,-1.000000,4.360084e-01,80.043293,1.362526e-08,5.447157,5.447157,5.888000e+09,5.87,1.920000e+08,80.04,in_range,,,,1951,1912,,66,66,61,,-1,-1,-1.000000,-1,t
cpu-gpu-v2,2026-07-19T07:14:35,"20260718_205238_session2",801,801,1,"AXPY","openmp_axpy",cpu_native,"AMD Ryzen Threadripper 3970X 32-Core Processor",32,256000000,"elements=256000000",17,1.006061,1.006061,1.006061,150.172928,150.172928,-1.000000,8.833702e+00,149.268285,1.725332e-08,59.180030,59.180030,8.704000e+09,8.65,3.072000e+09,149.27,in_range,,,,3001,2964,,58,58,57,,-1,-1,-1.000000,-1,t
cpu-gpu-v2,2026-07-19T07:14:36,"20260718_205238_session2",802,802,2,"AXPY","openmp_axpy",cpu_native,"AMD Ryzen Threadripper 3970X 32-Core Processor",32,256000000,"elements=256000000",17,1.006240,1.006240,1.006240,150.706165,150.706165,-1.000000,8.865069e+00,149.771557,1.731459e-08,59.190601,59.190601,8.704000e+09,8.65,3.072000e+09,149.77,in_range,,,,2998,2964,,57,57,55,,-1,-1,-1.000000,-1,t
cpu-gpu-v2,2026-07-19T07:14:37,"20260718_205238_session2",803,803,3,"AXPY","openmp_axpy",cpu_native,"AMD Ryzen Threadripper 3970X 32-Core Processor",32,256000000,"elements=256000000",17,1.005923,1.005923,1.005923,150.771088,150.771088,-1.000000,8.868888e+00,149.883267,1.732205e-08,59.171966,59.171966,8.704000e+09,8.65,3.072000e+09,149.88,in_range,,,,3021,2964,,56,56,55,,-1,-1,-1.000000,-1,t
cpu-gpu-v2,2026-07-19T07:14:38,"20260718_205238_session2",804,804,4,"AXPY","openmp_axpy",cpu_native,"AMD Ryzen Threadripper 3970X 32-Core Processor",32,256000000,"elements=256000000",17,1.006003,1.006003,1.006003,150.948263,150.948263,-1.000000,8.879310e+00,150.047540,1.734240e-08,59.176642,59.176642,8.704000e+09,8.65,3.072000e+09,150.05,in_range,,,,3025,2951,,57,57,55,,-1,-1,-1.000000,-1,t
cpu-gpu-v2,2026-07-19T07:14:39,"20260718_205238_session2",805,805,5,"AXPY","openmp_axpy",cpu_native,"AMD Ryzen Threadripper 3970X 32-Core Processor",32,256000000,"elements=256000000",17,1.006203,1.006203,1.006203,151.259695,151.259695,-1.000000,8.897629e+00,150.327180,1.737818e-08,59.188425,59.188425,8.704000e+09,8.65,3.072000e+09,150.33,in_range,,,,2990,2964,,59,59,56,,-1,-1,-1.000000,-1,t
cpu-gpu-v2,2026-07-19T07:14:40,"20260718_205238_session2",806,806,6,"AXPY","openmp_axpy",cpu_native,"AMD Ryzen Threadripper 3970X 32-Core Processor",32,256000000,"elements=256000000",17,1.006474,1.006474,1.006474,151.154597,151.154597,-1.000000,8.891447e+00,150.182327,1.736611e-08,59.204349,59.204349,8.704000e+09,8.65,3.072000e+09,150.18,in_range,,,,2988,2952,,57,57,56,,-1,-1,-1.000000,-1,t
cpu-gpu-v2,2026-07-19T07:14:42,"20260718_205238_session2",807,807,7,"AXPY","openmp_axpy",cpu_native,"AMD Ryzen Threadripper 3970X 32-Core Processor",32,256000000,"elements=256000000",17,1.006132,1.006132,1.006132,151.236823,151.236823,-1.000000,8.896284e+00,150.315164,1.737555e-08,59.184207,59.184207,8.704000e+09,8.65,3.072000e+09,150.32,in_range,,,,2987,2957,,57,57,56,,-1,-1,-1.000000,-1,t
cpu-gpu-v2,2026-07-19T07:14:43,"20260718_205238_session2",808,808,8,"AXPY","openmp_axpy",cpu_native,"AMD Ryzen Threadripper 3970X 32-Core Processor",32,256000000,"elements=256000000",17,1.006158,1.006158,1.006158,151.100706,151.100706,-1.000000,8.888277e+00,150.175962,1.735992e-08,59.185749,59.185749,8.704000e+09,8.65,3.072000e+09,150.18,in_range,,,,3063,2995,,58,58,56,,-1,-1,-1.000000,-1,t
cpu-gpu-v2,2026-07-19T07:14:44,"20260718_205238_session2",809,809,9,"AXPY","openmp_axpy",cpu_native,"AMD Ryzen Threadripper 3970X 32-Core Processor",32,256000000,"elements=256000000",17,1.006194,1.006194,1.006194,151.139660,151.139660,-1.000000,8.890568e+00,150.209263,1.736439e-08,59.187883,59.187883,8.704000e+09,8.65,3.072000e+09,150.21,in_range,,,,3026,2953,,58,58,56,,-1,-1,-1.000000,-1,t
cpu-gpu-v2,2026-07-19T07:14:45,"20260718_205238_session2",810,810,10,"AXPY","openmp_axpy",cpu_native,"AMD Ryzen Threadripper 3970X 32-Core Processor",32,256000000,"elements=256000000",17,1.005990,1.005990,1.005990,151.187112,151.187112,-1.000000,8.893360e+00,150.286855,1.736984e-08,59.175898,59.175898,8.704000e+09,8.65,3.072000e+09,150.29,in_range,,,,2987,2954,,59,59,56,,-1,-1,-1.000000,-1,t
