platform,platform_label,device_kind,energy_domain,session_number,problem_size,configuration,num_threads,runtime_per_op_s,kernel_runtime_per_op_s,primary_energy_per_op_j,total_energy_per_op_j,dram_energy_per_op_j,primary_power_w,total_power_w,edp_primary_j_s,edp_total_j_s,throughput_gflops_exact,primary_efficiency_gflop_per_j,logical_bandwidth_gb_s,logical_gb_per_j,temp_c,clock_before_mhz,clock_after_mhz,clock_change_pct,batches,working_set_bytes,operational_intensity_flop_per_byte
INTEL,Intel Core i9-7900X,CPU,CPU package RAPL,1,1000000,1T,1,0.0004719349670122525,0.0004719349670122525,0.020594236098020736,0.02059995381715363,5.497643732327992e-06,43.6275524113441,43.638949856753065,9.720995945693914e-06,9.723589283264126e-06,4.237872037642941,0.09711455955253859,25.427232225857644,0.5826873573152315,74.0,1339.0,1340.0,0.07471050725001702,2122.0,12000000.0,0.16666666666666666
INTEL,Intel Core i9-7900X,CPU,CPU package RAPL,2,1000000,1T,1,0.000468495320542817,0.000468495320542817,0.022082731633130556,0.022084485727655593,1.8256902199344878e-06,47.133648061113306,47.13739201938043,1.034594407539291e-05,1.0346852910581638e-05,4.2689860803524535,0.09056852114673081,25.613916482114718,0.5434111268803848,83.0,1348.0,1339.0,-0.6632277081798084,2137.0,12000000.0,0.16666666666666666
INTEL,Intel Core i9-7900X,CPU,CPU package RAPL,3,1000000,1T,1,0.0004682140851661207,0.0004682140851661207,0.022137468647636875,0.022138284744969584,8.771642489471221e-07,47.261920379722994,47.26366267561707,1.0369184349512752e-05,1.0369506743463048e-05,4.2715502820600495,0.09034461336657398,25.6293016923603,0.542067680199444,82.0,1339.0,1339.0,0.03736920777279522,2137.0,12000000.0,0.16666666666666666
INTEL,Intel Core i9-7900X,CPU,CPU package RAPL,4,1000000,1T,1,0.0004688265449438202,0.0004688265449438202,0.022796515449438202,0.02279719218164794,6.624531835205993e-07,48.624563989192325,48.62583968971241,1.0683416452127848e-05,1.0683733595494768e-05,4.265970191466659,0.0877327773999107,25.59582114879995,0.5263966643994642,85.0,1338.0,1339.5,0.07473841554559044,2136.0,12000000.0,0.16666666666666666
INTEL,Intel Core i9-7900X,CPU,CPU package RAPL,5,1000000,1T,1,0.0004696037558685446,0.0004696037558685446,0.02215758192488263,0.022157743427230047,1.5093896713615023e-07,47.17093400974251,47.171277819935575,1.0408071274200557e-05,1.0408147138759175e-05,4.258909749147394,0.09026256343284432,25.553458494884364,0.5415753805970659,85.0,1336.0,1339.0,0.2247755046243694,2130.0,12000000.0,0.16666666666666666
INTEL,Intel Core i9-7900X,CPU,CPU package RAPL,1,1000000,2T,2,0.00026198587866108785,0.00026198587866108785,0.01614469913702929,0.016163852248953975,1.9212996861924684e-05,61.605615730863676,61.6732826857245,4.228541669160025e-06,4.233660950165001e-06,7.633999483674684,0.12387972907527471,45.80399690204811,0.7432783744516482,80.0,1467.5,1479.0,0.1694915254237288,3824.0,12000000.0,0.16666666666666666
INTEL,Intel Core i9-7900X,CPU,CPU package RAPL,2,1000000,2T,2,0.0002606108650338718,0.0002606108650338718,0.016319547159979155,0.016341675872850445,1.9354220948410627e-05,62.7918843257503,62.87479403334325,4.253240906253691e-06,4.259007373262316e-06,7.67428421634056,0.1225524285577538,46.04570529804336,0.7353145713465228,83.0,1478.5,1479.0,0.06763612542212535,3838.0,12000000.0,0.16666666666666666
INTEL,Intel Core i9-7900X,CPU,CPU package RAPL,3,1000000,2T,2,0.0002629157244280831,0.0002629157244280831,0.016572166184591113,0.016583971995792795,1.1115961083355245e-05,62.82483981144502,62.869252060598555,4.358545797652447e-06,4.361615028952537e-06,7.607000380137752,0.12068429138585673,45.64200228082652,0.7241057483151405,82.0,1478.5,1479.0,-0.20463847203274216,3803.0,12000000.0,0.16666666666666666
INTEL,Intel Core i9-7900X,CPU,CPU package RAPL,4,1000000,2T,2,0.0002604632679738562,0.0002604632679738562,0.0162786168627451,0.016282792810457518,4.526013071895425e-06,62.33395131170641,62.351952685151105,4.242435945016532e-06,4.243485103535153e-06,7.678625926363189,0.12286111076131843,46.071755558179134,0.7371666645679107,83.0,1614.5,1616.0,0.0,3825.0,12000000.0,0.16666666666666666
INTEL,Intel Core i9-7900X,CPU,CPU package RAPL,5,1000000,2T,2,0.00026781397849462364,0.00026781397849462364,0.016789793279569892,0.016922783870967743,0.00013574233870967741,62.72168454553049,63.21849928213466,4.495700843573968e-06,4.5318587305571814e-06,7.467870192422205,0.11911999127030405,44.80722115453323,0.7147199476218243,82.0,1616.5,1549.0,-7.071063207891853,3720.0,12000000.0,0.16666666666666666
INTEL,Intel Core i9-7900X,CPU,CPU package RAPL,1,1000000,4T,4,0.0001342502588661662,0.0001342502588661662,0.011253168198291485,0.011292063810509966,3.708756148071447e-05,82.13992627002315,82.40862286897385,1.5213701422108895e-06,1.5263391987070813e-06,14.898051360967843,0.17772783796550595,89.38830816580706,1.0663670277930355,65.0,2043.0,2034.5,-5.674773485932285,7726.0,12000000.0,0.16666666666666666
INTEL,Intel Core i9-7900X,CPU,CPU package RAPL,2,1000000,4T,4,0.00012566296296296297,0.00012566296296296297,0.011432886126804771,0.011439881104833648,6.870998116760829e-06,90.95232776038227,91.0079773894569,1.4376092086675502e-06,1.4384385105393455e-06,15.915588450436086,0.17493395618334182,95.49353070261652,1.0496037371000508,85.0,1784.5,1784.5,0.02704164413196322,7965.0,12000000.0,0.16666666666666666
INTEL,Intel Core i9-7900X,CPU,CPU package RAPL,3,1000000,4T,4,0.0001265717610062893,0.0001265717610062893,0.011581402767295598,0.011586104402515722,4.920062893081761e-06,91.54831146331524,91.57873773347661,1.4655554106200783e-06,1.4660683653688858e-06,15.801312941671704,0.17269065332048772,94.80787765003022,1.0361439199229263,85.0,1831.5,1839.5,0.2183260642630035,7950.0,12000000.0,0.16666666666666666
INTEL,Intel Core i9-7900X,CPU,CPU package RAPL,4,1000000,4T,4,0.00012583539979757084,0.00012583539979757084,0.011434896444838055,0.011435641763663969,7.181806680161943e-07,90.90619242471816,90.91211818328316,1.4383715610571977e-06,1.4384653043726532e-06,15.893778753479591,0.17490320245025395,95.36267252087754,1.0494192147015238,85.0,1839.0,1849.0,0.0020596512743109585,7904.0,12000000.0,0.16666666666666666
INTEL,Intel Core i9-7900X,CPU,CPU package RAPL,5,1000000,4T,4,0.00012519563866799206,0.00012519563866799206,0.011436402770874751,0.01143642842942346,3.137425447316103e-08,91.26983795672024,91.2701799867867,1.4334654272032519e-06,1.4334686401904105e-06,15.974997476840194,0.17488017590935215,95.84998486104118,1.049281055456113,85.0,1840.0,1840.0,-0.3523035230352303,8048.0,12000000.0,0.16666666666666666
INTEL,Intel Core i9-7900X,CPU,CPU package RAPL,1,1000000,8T,8,7.479832997837919e-05,7.479832997837919e-05,0.009712027734287632,0.009712033996868711,0.0,129.73697028046882,129.73697028046882,7.255184872979982e-07,7.255189548480236e-07,26.738576782061806,0.20593022077749423,160.43146069237082,1.2355813246649654,83.0,2187.0,2196.0,0.2746427210445824,13413.0,12000000.0,0.16666666666666666
INTEL,Intel Core i9-7900X,CPU,CPU package RAPL,2,1000000,8T,8,7.348909157241882e-05,7.348909157241882e-05,0.009938793797883986,0.009938797701568771,0.0,135.15779487880656,135.15779487880656,7.305525297343554e-07,7.305528167131515e-07,27.214923631930056,0.20123173880502598,163.28954179158035,1.207390432830156,88.0,2324.5,2324.5,-0.5161290322580645,13705.0,12000000.0,0.16666666666666666
INTEL,Intel Core i9-7900X,CPU,CPU package RAPL,3,1000000,8T,8,7.253131577037521e-05,7.253131577037521e-05,0.009529105450322956,0.009529113252050221,1.088613106901807e-09,131.35789816604233,131.35800571739998,6.912708603930445e-07,6.912713842063936e-07,27.5742967135441,0.2098832951177101,165.4457802812646,1.2592997707062605,86.0,2316.5,2324.5,-0.0217296827466319,13779.0,12000000.0,0.16666666666666666
INTEL,Intel Core i9-7900X,CPU,CPU package RAPL,4,1000000,8T,8,7.575855828683456e-05,7.575855828683456e-05,0.010152543093047806,0.010152543093047806,0.0,133.96849145561262,133.96849145561262,7.689436289009324e-07,7.689436289009324e-07,26.399658996123343,0.1969949779189849,158.39795397674007,1.1819698675139096,88.5,2281.5,2273.0,0.04549590536851683,13262.0,12000000.0,0.16666666666666666
INTEL,Intel Core i9-7900X,CPU,CPU package RAPL,5,1000000,8T,8,7.809590752889722e-05,7.809590752889722e-05,0.01042694357232115,0.01042694357232115,0.0,133.3596551760158,133.3596551760158,8.159912983541062e-07,8.159912983541062e-07,25.6095506735831,0.19181077623568893,153.6573040414986,1.1508646574141337,88.0,2249.5,2250.0,-0.5392131665029047,12804.0,12000000.0,0.16666666666666666
INTEL,Intel Core i9-7900X,CPU,CPU package RAPL,1,1000000,10T,10,5.098217568947906e-05,5.098217568947906e-05,0.007158390858018386,0.007158392007150152,1.1491317671092953e-09,140.47364133913945,140.47366440192354,3.6485041685002913e-07,3.6485071599592073e-07,39.22939928320319,0.27939240042090707,235.37639569921913,1.6763544025254422,76.0,2519.0,2519.0,0.0,19580.0,12000000.0,0.16666666666666666
INTEL,Intel Core i9-7900X,CPU,CPU package RAPL,2,1000000,10T,10,5.2620882584712367e-05,5.2620882584712367e-05,0.007769234462831627,0.007769234462831627,0.0,147.64017935406372,147.64017935406372,4.0865888303254706e-07,4.0865888303254706e-07,38.00772551048355,0.2574256205456684,228.04635306290132,1.5445537232740103,88.0,2399.5,2399.5,0.0,19035.0,12000000.0,0.16666666666666666
INTEL,Intel Core i9-7900X,CPU,CPU package RAPL,3,1000000,10T,10,5.1293799641301564e-05,5.1293799641301564e-05,0.007656008045093518,0.007656008045093518,0.0,149.30843148836982,149.30843148836982,3.924649883747282e-07,3.9246500937879363e-07,38.9910775603943,0.26123274560640697,233.9464653623658,1.5673964736384418,90.0,2519.0,2400.0,-4.634775704644701,19515.0,12000000.0,0.16666666666666666
INTEL,Intel Core i9-7900X,CPU,CPU package RAPL,4,1000000,10T,10,5.714782857142858e-05,5.714782857142858e-05,0.008433641942857143,0.008433642799999998,0.0,147.63193269560196,147.6319476970421,4.818465595409387e-07,4.818465595409387e-07,34.99695551770097,0.2371455040736667,209.9817331062058,1.422873024442,90.0,2519.5,2519.5,0.0,17500.0,12000000.0,0.16666666666666666
INTEL,Intel Core i9-7900X,CPU,CPU package RAPL,5,1000000,10T,10,5.226265657620041e-05,5.226265657620041e-05,0.007799956028183716,0.007799956028183716,0.0,149.19827128717435,149.19827128717435,4.074631879433806e-07,4.074631879433806e-07,38.26824221548318,0.25641170296977484,229.60945329289905,1.5384702178186491,90.0,2520.0,2519.5,0.0,19160.0,12000000.0,0.16666666666666666
INTEL,Intel Core i9-7900X,CPU,CPU package RAPL,1,1000000,16T,16,6.820107768910715e-05,6.820107768910715e-05,0.008727736477730032,0.008727737023395403,0.0,128.00062449190426,128.00062449190426,5.952775050529968e-07,5.952775422786449e-07,29.32505102582494,0.22915452764179917,175.95030615494966,1.374927165850795,81.0,3120.0,3119.0,-0.016025641025641024,14661.0,12000000.0,0.16666666666666666
INTEL,Intel Core i9-7900X,CPU,CPU package RAPL,2,1000000,16T,16,6.791160502205633e-05,6.791160502205633e-05,0.008974216084153375,0.008974219205972175,5.089921954530031e-10,132.12879514688746,132.12896334744204,6.096945513704862e-07,6.096945859886569e-07,29.45004760764481,0.2228606958783394,176.70028564586886,1.3371641752700363,87.0,3126.0,3119.0,-0.03205128205128205,14735.0,12000000.0,0.16666666666666666
INTEL,Intel Core i9-7900X,CPU,CPU package RAPL,3,1000000,16T,16,6.71453734147487e-05,6.71453734147487e-05,0.008875184425954506,0.008875184425954506,0.0,132.19090756490766,132.19090756490766,5.959849740855636e-07,5.959849740855636e-07,29.786117875270172,0.22534743853584627,178.71670725162102,1.3520846312150776,86.5,3119.5,3119.0,0.0,14903.0,12000000.0,0.16666666666666666
INTEL,Intel Core i9-7900X,CPU,CPU package RAPL,4,1000000,16T,16,6.851643111964873e-05,6.851643111964873e-05,0.008970124588364435,0.008970131963501646,0.0,130.85887811951696,130.85887811951696,6.144741069685727e-07,6.144741069685727e-07,29.190078789294265,0.22296234362440992,175.14047273576557,1.3377740617464595,86.0,3119.0,3179.0,0.0,14576.0,12000000.0,0.16666666666666666
INTEL,Intel Core i9-7900X,CPU,CPU package RAPL,5,1000000,16T,16,0.00011266975620716774,0.00011266975620716774,0.014060517301426805,0.014291248792270532,0.0002306680148297944,124.85287067017386,126.90984064548651,1.5843108322413808e-06,1.6102035883408276e-06,17.750992634533922,0.14224229874733124,106.50595580720353,0.8534537924839876,83.0,3141.0,3119.0,-0.20796417146513116,8901.0,12000000.0,0.16666666666666666
INTEL,Intel Core i9-7900X,CPU,CPU package RAPL,1,1000000,20T,20,5.4815005194947225e-05,5.4815005194947225e-05,0.00749014466560945,0.007490147181057582,0.0,136.66515683456714,136.66515683456714,4.1072376290291515e-07,4.107240387931177e-07,36.48635979652778,0.2670175582317691,218.91815877916667,1.6021053493906146,72.5,3600.0,3599.0,-0.027777777777777776,18287.0,12000000.0,0.16666666666666666
INTEL,Intel Core i9-7900X,CPU,CPU package RAPL,2,1000000,20T,20,5.49435900252664e-05,5.49435900252664e-05,0.008111610513017686,0.008111613039657255,1.2633197846863671e-09,147.5245644748693,147.52464077292757,4.453583999306055e-07,4.453585386481157e-07,36.40097277961944,0.24656024857725223,218.40583667771662,1.4793614914635134,88.0,3601.0,3599.0,-0.041651243136529084,18206.0,12000000.0,0.16666666666666666
INTEL,Intel Core i9-7900X,CPU,CPU package RAPL,3,1000000,20T,20,5.414410209367581e-05,5.414410209367581e-05,0.007998611725663716,0.007998611725663716,0.0,147.74896459339612,147.74898749701768,4.3275602465057265e-07,4.327564047376368e-07,36.93847623648938,0.25004341967755805,221.63085741893627,1.5002605180653488,88.5,3600.0,3599.0,-0.027777777777777776,18532.0,12000000.0,0.16666666666666666
INTEL,Intel Core i9-7900X,CPU,CPU package RAPL,4,1000000,20T,20,5.4597093719386085e-05,5.4597093719386085e-05,0.00820157565037553,0.00820157565037553,0.0,149.99947024005303,149.99951553585953,4.476180228813665e-07,4.4761829659729973e-07,36.63199113803735,0.24385558462668147,219.79194682822407,1.4631335077600889,92.0,3599.0,3599.0,0.0,18374.0,12000000.0,0.16666666666666666
INTEL,Intel Core i9-7900X,CPU,CPU package RAPL,5,1000000,20T,20,7.271315102277673e-05,7.271315102277673e-05,0.010462289315247352,0.010579782823153925,0.00011781978093718264,143.93309868249509,145.55849830319016,7.605409716997128e-07,7.691182465020509e-07,27.50534368888729,0.1911627521090179,165.03206213332373,1.1469765126541072,88.5,3600.0,3599.0,-0.013888888888888888,13786.0,12000000.0,0.16666666666666666
INTEL,Intel Core i9-7900X,CPU,CPU package RAPL,1,2000000,1T,1,0.0011073316722037653,0.0011073316722037653,0.05080791915836102,0.05142069047619048,0.0005967591362126246,45.88066784088802,46.43401201358907,5.626432389919537e-05,5.694267615959108e-05,3.6122871770337808,0.07872796004536213,21.673723062202686,0.47236776027217275,74.0,1338.0,1339.5,0.07473841554559044,903.0,24000000.0,0.16666666666666666
INTEL,Intel Core i9-7900X,CPU,CPU package RAPL,2,2000000,1T,1,0.0011025269823788546,0.0011025269823788546,0.050946411894273125,0.05157891024229075,0.0006392973568281938,46.219520995958476,46.7933293120912,5.6156729217732363e-05,5.6853920572392485e-05,3.6280291231114057,0.078514475267781,21.768174738668435,0.47108685160668606,81.0,1339.0,1339.0,0.0,908.0,24000000.0,0.16666666666666666
INTEL,Intel Core i9-7900X,CPU,CPU package RAPL,3,2000000,1T,1,0.0010972267250821469,0.0010972267250821469,0.050714937568455645,0.0512709408543264,0.0005525180722891565,46.20388470429455,46.71043219444099,5.569808574596284e-05,5.6301422568652394e-05,3.645554668443993,0.07887222623436665,21.873328010663954,0.4732333574061999,80.0,1339.0,1340.0,0.07468259895444361,913.0,24000000.0,0.16666666666666666
INTEL,Intel Core i9-7900X,CPU,CPU package RAPL,4,2000000,1T,1,0.001111088137472284,0.001111088137472284,0.05319146175166297,0.05380461474501109,0.0006070559866962306,47.87919391188491,48.43111203033048,5.9093142407244185e-05,5.9774324337341625e-05,3.600074470201881,0.0752000449239377,21.600446821211285,0.45120026954362624,83.0,1338.5,1340.0,0.03736920777279522,902.0,24000000.0,0.16666666666666666
INTEL,Intel Core i9-7900X,CPU,CPU package RAPL,5,2000000,1T,1,0.001143817922374429,0.001143817922374429,0.052921351598173516,0.05353051369863013,0.0006090216894977169,46.2776785223746,46.81036531406246,6.051880380473067e-05,6.12154204828982e-05,3.497060119444188,0.07558646034634,20.98236071666513,0.4535187620780399,81.0,1339.0,1340.0,0.11207971502281225,876.0,24000000.0,0.16666666666666666
INTEL,Intel Core i9-7900X,CPU,CPU package RAPL,1,2000000,2T,2,0.0006276193609022557,0.0006276193609022557,0.037751180137844606,0.038530003759398496,0.0007855388471177944,60.15707669240035,61.398143214359514,2.3690507096420954e-05,2.417925306147869e-05,6.37328971562248,0.1059569823375876,38.239738293734874,0.6357418940255256,75.0,1471.5,1468.5,-0.3411111903201022,1596.0,24000000.0,0.16666666666666666
INTEL,Intel Core i9-7900X,CPU,CPU package RAPL,2,2000000,2T,2,0.0006090756200846945,0.0006090756200846945,0.038964588626739266,0.03974202389594676,0.0007741076830006049,63.93512524525517,65.19880984296992,2.373239459269458e-05,2.4205911890887673e-05,6.567330198201666,0.10265750332068371,39.40398118920999,0.6159450199241022,83.0,1603.0,1542.5,0.06184291898577613,1653.0,24000000.0,0.16666666666666666
INTEL,Intel Core i9-7900X,CPU,CPU package RAPL,3,2000000,2T,2,0.0006142594077729797,0.0006142594077729797,0.038563916101172116,0.03928262893275756,0.0007142624922887107,62.726493989115426,63.88892394162691,2.370279058974114e-05,2.4144540918647755e-05,6.511906841516296,0.10372391509477788,39.071441049097785,0.6223434905686673,82.5,1607.5,1607.0,0.0,1621.0,24000000.0,0.16666666666666666
INTEL,Intel Core i9-7900X,CPU,CPU package RAPL,4,2000000,2T,2,0.0006077880170316302,0.0006077880170316302,0.038974059002433094,0.039702754257907535,0.0007345769464720195,63.903101879777786,65.10634523486502,2.369540570234977e-05,2.4139639272941753e-05,6.581248770287953,0.10263237041037399,39.48749262172772,0.6157942224622439,83.0,1600.0,1600.5,0.030883261272390366,1644.0,24000000.0,0.16666666666666666
INTEL,Intel Core i9-7900X,CPU,CPU package RAPL,5,2000000,2T,2,0.0006601325857519789,0.0006601325857519789,0.04180686147757256,0.04256216259894459,0.0007504063324538259,63.28187042709671,64.4224729755096,2.7634941420497107e-05,2.813420243579719e-05,6.059388805173755,0.09567831546264652,36.356332831042536,0.5740698927758792,82.0,1609.5,1602.5,-0.40272614622057,1516.0,24000000.0,0.16666666666666666
INTEL,Intel Core i9-7900X,CPU,CPU package RAPL,1,2000000,4T,4,0.0004588565536205316,0.0004588565536205316,0.034272649175068746,0.03508044294225481,0.0008049117781851513,74.69261669490815,76.45309435787395,1.5725978464111417e-05,1.609663398794129e-05,8.717321281856353,0.11671119072828393,52.303927691138114,0.7002671443697035,69.0,1849.0,1849.0,-0.02701242571582928,2182.0,24000000.0,0.16666666666666666
INTEL,Intel Core i9-7900X,CPU,CPU package RAPL,2,2000000,4T,4,0.0004451802480070859,0.0004451802480070859,0.03543808857395926,0.03627634875996457,0.0008255223649247122,79.58734534401589,81.4476628288112,1.5780292341445947e-05,1.6151960277833232e-05,8.985124667678724,0.11287290517177614,53.91074800607234,0.6772374310306568,80.0,1849.0,1849.0,0.0,2258.0,24000000.0,0.16666666666666666
INTEL,Intel Core i9-7900X,CPU,CPU package RAPL,3,2000000,4T,4,0.0004514294382022472,0.0004514294382022472,0.036650859325842694,0.03748194157303371,0.0008373294382022472,81.0688010685004,82.90708931062471,1.6569697248759702e-05,1.694542597624098e-05,8.860742490894072,0.10913800124195042,53.16445494536444,0.6548280074517026,81.5,1840.0,1719.5,-3.3152173913043477,2225.0,24000000.0,0.16666666666666666
INTEL,Intel Core i9-7900X,CPU,CPU package RAPL,4,2000000,4T,4,0.0004460491985752449,0.0004460491985752449,0.03669744323241318,0.03750335329474622,0.00080668321460374,82.24122889274824,84.0473283822955,1.6370421190227865e-05,1.6731083298686236e-05,8.967620656287618,0.1089999429340813,53.8057239377257,0.6539996576044877,84.0,1780.0,1720.0,-0.05609679446888749,2246.0,24000000.0,0.16666666666666666
INTEL,Intel Core i9-7900X,CPU,CPU package RAPL,5,2000000,4T,4,0.00046847497661365765,0.00046847497661365765,0.0376394251637044,0.03847213751169317,0.0008327123479887745,80.45440039616287,82.23944796532274,1.764706275686572e-05,1.8040750993721566e-05,8.538342985661728,0.10627155302522359,51.23005791397037,0.6376293181513415,81.0,1799.0,1827.0,-1.5020584620731645,2138.0,24000000.0,0.16666666666666666
INTEL,Intel Core i9-7900X,CPU,CPU package RAPL,1,2000000,8T,8,0.00033219237147595355,0.00033219237147595355,0.03511948839137645,0.03576350663349917,0.0006298096185737977,105.58731105541126,107.47935216882536,1.168545111424552e-05,1.1900541988557817e-05,12.04121570351454,0.11389687667452249,72.24729422108724,0.683381260047135,73.5,2324.0,2324.0,-0.043010752688172046,3015.0,24000000.0,0.16666666666666666
INTEL,Intel Core i9-7900X,CPU,CPU package RAPL,2,2000000,8T,8,0.00031855592734225625,0.00031855592734225625,0.036090804652645,0.036782203154875716,0.0006984365838113447,113.30502099611535,115.48004188633381,1.1484448716648265e-05,1.1707661838406987e-05,12.55666771430386,0.11083158013154867,75.34000628582316,0.664989480789292,82.0,2197.5,2196.0,0.0877861856593014,3138.0,24000000.0,0.16666666666666666
INTEL,Intel Core i9-7900X,CPU,CPU package RAPL,3,2000000,8T,8,0.0003061686856450636,0.0003061686856450636,0.034647778316172016,0.03523136281041793,0.0005845625378558449,113.28188875843881,115.18860302828291,1.0612519242235218e-05,1.0790842815652169e-05,13.064693396791323,0.11544770608399743,78.38816038074795,0.6926862365039845,82.0,2193.0,2193.0,0.5532503457814661,3302.0,24000000.0,0.16666666666666666
INTEL,Intel Core i9-7900X,CPU,CPU package RAPL,4,2000000,8T,8,0.0003167631997455471,0.0003167631997455471,0.03581652814885496,0.036460517652671755,0.0006418336513994911,113.09248902088606,115.12313851316142,1.1346766624222843e-05,1.1551086785750273e-05,12.62772955017497,0.11168028903148056,75.76637730104983,0.6700817341888833,83.0,2200.0,2200.0,0.0,3144.0,24000000.0,0.16666666666666666
INTEL,Intel Core i9-7900X,CPU,CPU package RAPL,5,2000000,8T,8,0.00037313609246830725,0.00037313609246830725,0.0400885706562267,0.040837099739000744,0.0007500736390753169,107.42603614840856,109.43986951117807,1.4958913694459878e-05,1.5237528895125541e-05,10.719949750509045,0.09977906348120874,64.31969850305427,0.5986743808872526,82.0,2325.5,2324.0,-0.1932160437926856,2682.0,24000000.0,0.16666666666666666
INTEL,Intel Core i9-7900X,CPU,CPU package RAPL,1,2000000,10T,10,0.0002806352298206278,0.0002806352298206278,0.03390820123318386,0.034441132567264575,0.0005375688060538117,120.88032585321534,122.79347678268738,9.519455014496538e-06,9.670628834562547e-06,14.253378020836022,0.11796556205686756,85.52026812501612,0.7077933723412054,77.0,2519.5,2519.0,0.0,3568.0,24000000.0,0.16666666666666666
INTEL,Intel Core i9-7900X,CPU,CPU package RAPL,2,2000000,10T,10,0.0002430846676370694,0.0002430846676370694,0.032021430858806404,0.032563354560892765,0.0005452379912663755,131.6147912791277,133.86047959626512,7.785906335977752e-06,7.918571030643078e-06,16.455171983393804,0.12491634448712312,98.73103190036284,0.7494980669227387,85.0,2519.0,2519.0,0.03969829297340215,4122.0,24000000.0,0.16666666666666666
INTEL,Intel Core i9-7900X,CPU,CPU package RAPL,3,2000000,10T,10,0.00023980385813563386,0.00023980385813563386,0.031530157320872276,0.03202194080996885,0.0004938549005511622,131.42215687570996,133.47930315502828,7.562599026450435e-06,7.68117025490422e-06,16.68029902446808,0.12686270961807175,100.08179414680848,0.7611762577084306,85.0,2401.5,2459.5,0.0,4173.0,24000000.0,0.16666666666666666
INTEL,Intel Core i9-7900X,CPU,CPU package RAPL,4,2000000,10T,10,0.00024243718228031952,0.00024243718228031952,0.03227022839506173,0.03279421907528443,0.0005252185911401598,133.08928562034424,135.2454531293784,7.824134871563033e-06,7.951417870832569e-06,16.499120414524434,0.123953259755747,98.99472248714659,0.743719558534482,87.0,2519.0,2519.0,0.0,4131.0,24000000.0,0.16666666666666666
INTEL,Intel Core i9-7900X,CPU,CPU package RAPL,5,2000000,10T,10,0.00024192208262865426,0.00024192208262865426,0.031755504832085044,0.0322875300797294,0.0005302471611500362,131.1544448647503,133.35178153795408,7.681400696100408e-06,7.809369924539706e-06,16.534249195385748,0.12596241655353507,99.2054951723145,0.7557744993212103,85.0,2519.5,2519.5,0.0,4139.0,24000000.0,0.16666666666666666
INTEL,Intel Core i9-7900X,CPU,CPU package RAPL,1,2000000,16T,16,0.00030349029714978775,0.00030349029714978775,0.033412192995755,0.034013678289872645,0.000603579745300182,110.0891014170835,112.07749036416186,1.0140997574945682e-05,1.0324813289314073e-05,13.179993269686594,0.11971678278594264,79.07995961811956,0.7183006967156559,70.0,3240.0,3240.0,-0.030864197530864196,3298.0,24000000.0,0.16666666666666666
INTEL,Intel Core i9-7900X,CPU,CPU package RAPL,2,2000000,16T,16,0.0002624411379129523,0.0002624411379129523,0.032602731777661244,0.03320505794441531,0.0006041313581541688,124.27678729363518,126.58142653725503,8.558419213050085e-06,8.71686393818901e-06,15.241513040530002,0.12268910555748871,91.44907824318,0.7361346333449323,84.0,3240.0,3239.0,-0.12319063751154913,3814.0,24000000.0,0.16666666666666666
INTEL,Intel Core i9-7900X,CPU,CPU package RAPL,3,2000000,16T,16,0.00026111403966597077,0.00026111403966597077,0.032725160882045926,0.03330283755219207,0.0005776766701461378,125.30582681981252,127.5207730372478,8.552556709897301e-06,8.704931658376399e-06,15.318977123025697,0.12223011007274057,91.91386273815418,0.7333806604364433,85.0,3240.0,3239.5,-0.015427337241592102,3832.0,24000000.0,0.16666666666666666
INTEL,Intel Core i9-7900X,CPU,CPU package RAPL,4,2000000,16T,16,0.0002625433586586325,0.0002625433586586325,0.032241534844118416,0.03284338957296306,0.0005979124967251769,122.6725097270812,124.94406638826541,8.470007967760778e-06,8.62811684700891e-06,15.235578822601212,0.12406357304924848,91.41347293560727,0.7443814382954907,83.0,3239.0,3239.0,0.0,3817.0,24000000.0,0.16666666666666666
INTEL,Intel Core i9-7900X,CPU,CPU package RAPL,5,2000000,16T,16,0.0003639022173754998,0.0003639022173754998,0.0406766217739004,0.04144267866230462,0.0007580312613595056,111.76624629743947,113.83817049100905,1.4804107243844707e-05,1.5081112659326487e-05,10.991963806494352,0.09833658455675884,65.95178283896611,0.5900195073405531,82.0,3239.0,3239.5,-0.015432098765432098,2751.0,24000000.0,0.16666666666666666
INTEL,Intel Core i9-7900X,CPU,CPU package RAPL,1,2000000,20T,20,0.00030449498937139383,0.00030449498937139383,0.03416519860309748,0.03478448861220771,0.0006196847859095049,112.28932334269476,114.33811814431303,1.0407244374526332e-05,1.0594837951070694e-05,13.136505216566967,0.11707822879217603,78.8190312994018,0.7024693727530561,65.0,3600.0,3599.0,-0.027777777777777776,3293.0,24000000.0,0.16666666666666666
INTEL,Intel Core i9-7900X,CPU,CPU package RAPL,2,2000000,20T,20,0.00023453712813305223,0.00023453712813305223,0.03132211396111502,0.03178737350667604,0.00046814101663152964,133.38796269893103,135.38295705118816,7.345133668941067e-06,7.454971317903052e-06,17.05486908268434,0.1277053018161381,102.32921449610606,0.7662318108968285,84.0,3999.5,3600.0,-9.988747186796699,4269.0,24000000.0,0.16666666666666666
INTEL,Intel Core i9-7900X,CPU,CPU package RAPL,3,2000000,20T,20,0.00023399929791715422,0.00023399929791715422,0.031645761876901476,0.032167057570793356,0.000520600982915984,135.08561781124888,137.30233104013422,7.4039560398973e-06,7.525762412577431e-06,17.09406843589423,0.1263992322963702,102.56441061536538,0.7583953937782213,86.0,3999.0,3599.0,-9.988747186796699,4273.0,24000000.0,0.16666666666666666
INTEL,Intel Core i9-7900X,CPU,CPU package RAPL,4,2000000,20T,20,0.00027287408113258914,0.00027287408113258914,0.03584191886741084,0.036499433705417916,0.0006605013612850531,131.31141934473789,133.72134531862494,9.78391793366172e-06,9.962607196738489e-06,14.65877772866859,0.11160117001084326,87.95266637201155,0.6696070200650595,86.0,3600.0,3599.5,-0.013888888888888888,3673.0,24000000.0,0.16666666666666666
INTEL,Intel Core i9-7900X,CPU,CPU package RAPL,5,2000000,20T,20,0.00040460974130962003,0.00040460974130962003,0.04721587651576395,0.04810604405820534,0.000896970088924818,116.69171190122731,118.89171703271273,1.9118053887070562e-05,1.948394997810985e-05,9.886069443799236,0.08471726677895688,59.31641666279542,0.5083036006737413,82.0,3600.0,3600.0,-0.027777777777777776,2474.0,24000000.0,0.16666666666666666
INTEL,Intel Core i9-7900X,CPU,CPU package RAPL,1,4000000,1T,1,0.0026650853333333334,0.0026650853333333334,0.118735212,0.120952692,0.0022060986666666664,44.55814434682044,45.390305737011914,0.00031639672008353066,0.000322305691182944,3.001780058277764,0.06737681476342311,18.010680349666583,0.4042608885805386,76.0,1339.0,1339.0,0.037341299477221805,375.0,48000000.0,0.16666666666666666
INTEL,Intel Core i9-7900X,CPU,CPU package RAPL,2,4000000,1T,1,0.0026569124668435013,0.0026569124668435013,0.12248858355437667,0.12471298806366046,0.0022147466843501326,46.12897815810145,46.9455697995502,0.00032546275627924636,0.0003313638175700596,3.0110140840781536,0.06531220926161316,18.06608450446892,0.391873255569679,82.0,1339.0,1339.0,0.0,377.0,48000000.0,0.16666666666666666
INTEL,Intel Core i9-7900X,CPU,CPU package RAPL,3,4000000,1T,1,0.002643720316622691,0.002643720316622691,0.12632417150395778,0.12839287994722956,0.002078618733509235,47.791092626730936,48.581037812211605,0.0003338465744286694,0.00033931371505714945,3.0260387037566194,0.06332914043564204,18.156232222539717,0.3799748426138523,81.0,1338.5,1340.0,0.6026418846255301,379.0,48000000.0,0.16666666666666666
INTEL,Intel Core i9-7900X,CPU,CPU package RAPL,4,4000000,1T,1,0.002675372994652406,0.002675372994652406,0.1240331564171123,0.12617110695187167,0.002106389037433155,46.32820834697219,47.1267636702171,0.0003320703533726479,0.00033779423065709627,2.9902372565187054,0.0644990208415531,17.94142353911223,0.3869941250493186,83.0,1339.0,1339.0,0.037341299477221805,374.0,48000000.0,0.16666666666666666
INTEL,Intel Core i9-7900X,CPU,CPU package RAPL,5,4000000,1T,1,0.0026711066666666667,0.0026711066666666667,0.12691902666666666,0.12903008133333332,0.002128088,47.51361965656521,48.30392026317628,0.0003390279565858276,0.00034466701777683914,2.9950133963698504,0.0630323607859651,17.9700803782191,0.3781941647157906,81.0,1338.5,1339.5,0.10434844420949985,375.0,48000000.0,0.16666666666666666
INTEL,Intel Core i9-7900X,CPU,CPU package RAPL,1,4000000,2T,2,0.0016446710743801651,0.0016446710743801651,0.09628513388429752,0.09899280413223141,0.002724373553719008,58.43288204660856,60.08213705612576,0.00015790565811876512,0.00016237263073692372,4.864194504565624,0.08308692478336135,29.185167027393746,0.49852154870016807,73.0,1592.0,1541.5,0.0,605.0,48000000.0,0.16666666666666666
INTEL,Intel Core i9-7900X,CPU,CPU package RAPL,2,4000000,2T,2,0.001630502479338843,0.001630502479338843,0.09782533388429752,0.10040526694214875,0.0025833479338842973,59.832686814600265,61.391499223393055,0.00015950189871803566,0.00016370842624978892,4.906463184510474,0.0817790923574439,29.438779107062842,0.49067455414466343,79.0,1617.5,1479.0,-3.791139777678651,605.0,48000000.0,0.16666666666666666
INTEL,Intel Core i9-7900X,CPU,CPU package RAPL,3,4000000,2T,2,0.001648908496732026,0.001648908496732026,0.10393228267973856,0.10637203267973858,0.00243975,63.21180966726449,64.695667526962,0.00017093129652109767,0.00017490417834833692,4.851726807260475,0.07697354862814544,29.110360843562844,0.4618412917688726,83.5,1666.5,1604.5,0.03117206982543641,612.0,48000000.0,0.16666666666666666
INTEL,Intel Core i9-7900X,CPU,CPU package RAPL,4,4000000,2T,2,0.0016534685430463576,0.0016534685430463576,0.10297604966887416,0.10538896605960264,0.002409458609271523,62.379382120054444,63.823585555667364,0.00017029251544336323,0.0001742828006840887,4.838314003572857,0.07768807522840371,29.029884021437145,0.4661284513704223,84.0,1606.5,1605.0,-0.12322858903265557,604.0,48000000.0,0.16666666666666666
INTEL,Intel Core i9-7900X,CPU,CPU package RAPL,5,4000000,2T,2,0.0016338701298701298,0.0016338701298701298,0.1015006599025974,0.10397815503246752,0.0024498636363636363,62.01488531675991,63.513083419761955,0.0001659855185682622,0.00017003700296532796,4.896350333084795,0.07881722677440947,29.378101998508768,0.4729033606464568,82.0,1609.0,1605.0,0.42364534507839013,616.0,48000000.0,0.16666666666666666
INTEL,Intel Core i9-7900X,CPU,CPU package RAPL,1,4000000,4T,4,0.0013379772727272728,0.0013379772727272728,0.09465173997326204,0.09711697259358289,0.0024814532085561496,70.73827289660595,72.58067210362765,0.00012664928799173376,0.0001299479063693852,5.979174807459814,0.08452058062749981,35.875048844758886,0.5071234837649989,69.0,1850.0,1850.0,0.0,748.0,48000000.0,0.16666666666666666
INTEL,Intel Core i9-7900X,CPU,CPU package RAPL,2,4000000,4T,4,0.0013335315860215054,0.0013335315860215054,0.10276595833333334,0.10539184072580646,0.002597524865591398,76.79883090818927,78.76546626735612,0.00013709856725337648,0.00014056165987473264,5.999108047680538,0.0778467903104034,35.994648286083226,0.46708074186242043,79.0,1833.5,1840.0,0.19085490862404797,744.0,48000000.0,0.16666666666666666
INTEL,Intel Core i9-7900X,CPU,CPU package RAPL,3,4000000,4T,4,0.0013462916666666666,0.0013462916666666666,0.10409650470430108,0.10655286424731183,0.0024629086021505375,77.12472115452297,78.919335323363,0.0001403871893176704,0.0001436998743951324,5.942248794028574,0.0768517692019182,35.653492764171446,0.46111061521150926,81.0,1965.5,1904.0,-4.0698704926358555,744.0,48000000.0,0.16666666666666666
INTEL,Intel Core i9-7900X,CPU,CPU package RAPL,4,4000000,4T,4,0.0013419651941097724,0.0013419651941097724,0.1035915923694779,0.10618313788487282,0.002578643239625167,76.9350484007199,78.90788845187707,0.0001390270484567337,0.00014253181796208483,5.961410021683523,0.07722635680424081,35.76846013010115,0.46335814082544485,81.0,1831.0,1720.0,-0.1633097441480675,747.0,48000000.0,0.16666666666666666
INTEL,Intel Core i9-7900X,CPU,CPU package RAPL,5,4000000,4T,4,0.0013588731343283584,0.0013588731343283584,0.10394028629579377,0.10658168453188602,0.002638107869742198,76.39919895991127,78.33102632040604,0.00014126979661453434,0.0001448584723886433,5.887231146163119,0.0769672810652554,35.32338687697872,0.46180368639153246,80.0,1778.5,1775.0,0.763137944105586,737.0,48000000.0,0.16666666666666666
INTEL,Intel Core i9-7900X,CPU,CPU package RAPL,1,4000000,8T,8,0.0013064483660130718,0.0013064483660130718,0.11900077777777779,0.12160569803921568,0.0026091098039215687,91.07491044548041,93.0752307299105,0.00015580591726884531,0.00015921650128774916,6.123493953558247,0.06722648044870613,36.74096372134948,0.40335888269223674,59.0,2420.0,2362.0,-0.16501650165016502,765.0,48000000.0,0.16666666666666666
INTEL,Intel Core i9-7900X,CPU,CPU package RAPL,2,4000000,8T,8,0.0013175978975032852,0.0013175978975032852,0.1395433745072273,0.14217747766097238,0.002650488830486202,105.6582075598235,107.64577420008035,0.0001840692136516937,0.00018756427813076628,6.071681106656495,0.057329844783823095,36.43008663993897,0.3439790687029386,80.0,2312.0,2300.0,-0.0434688131814145,761.0,48000000.0,0.16666666666666666
INTEL,Intel Core i9-7900X,CPU,CPU package RAPL,3,4000000,8T,8,0.00131494921875,0.00131494921875,0.13743055468749998,0.140139384765625,0.0027208203125000004,104.46600338533946,106.52843403863929,0.00018075779895349882,0.0001843303054937744,6.083887110202289,0.058211220511805994,36.50332266121373,0.34926732307083597,81.0,2249.5,2199.5,-0.8828244593503854,768.0,48000000.0,0.16666666666666666
INTEL,Intel Core i9-7900X,CPU,CPU package RAPL,4,4000000,8T,8,0.0013064954545454546,0.0013064954545454546,0.1366386974025974,0.13951202012987013,0.0028816454545454546,104.54962478469866,106.77476383815073,0.00017857665883875526,0.00018236295875557345,6.123251390812841,0.058548567835034135,36.73950834487705,0.3512914070102048,81.0,2189.5,2199.5,-0.571683974072265,770.0,48000000.0,0.16666666666666666
INTEL,Intel Core i9-7900X,CPU,CPU package RAPL,5,4000000,8T,8,0.0013218133245382585,0.0013218133245382585,0.14089635883905013,0.1435652697889182,0.002671575857519789,106.62591271567715,108.6456673016587,0.00018618162020925347,0.00018970832892761206,6.052291860003401,0.05677932394591412,36.3137511600204,0.3406759436754847,82.0,2323.5,2323.5,-0.065719534120222,758.0,48000000.0,0.16666666666666666
INTEL,Intel Core i9-7900X,CPU,CPU package RAPL,1,4000000,10T,10,0.0013120183486238532,0.0013120183486238532,0.1441273125819135,0.14700566710353868,0.002899530799475754,109.76791395838728,111.97393353093211,0.00018914195534164735,0.00019292824845866665,6.097475732541708,0.05550648761045549,36.58485439525025,0.33303892566273297,72.0,2519.0,2519.0,0.0,763.0,48000000.0,0.16666666666666666
INTEL,Intel Core i9-7900X,CPU,CPU package RAPL,2,4000000,10T,10,0.0013241957671957672,0.0013241957671957672,0.1539358406084656,0.15700535052910053,0.0031006382275132276,116.23034576673601,118.55752283798004,0.00020390100354111202,0.00020798796261847812,6.041402791627595,0.05196970631621023,36.24841674976557,0.3118182378972614,82.0,2400.0,2399.0,-0.04067460317460317,756.0,48000000.0,0.16666666666666666
INTEL,Intel Core i9-7900X,CPU,CPU package RAPL,3,4000000,10T,10,0.0013028580729166667,0.0013028580729166667,0.15123435872395832,0.15398880729166667,0.0027836738281250004,116.04756582667106,118.17488260241015,0.00019712511379635616,0.0002007153712789001,6.140346493860699,0.05289803290122277,36.8420789631642,0.3173881974073366,82.0,2520.0,2519.5,-0.01984126984126984,768.0,48000000.0,0.16666666666666666
INTEL,Intel Core i9-7900X,CPU,CPU package RAPL,4,4000000,10T,10,0.0013369118825100133,0.0013369118825100133,0.1581782730307076,0.16128533778371162,0.0030876889185580776,118.26791980468029,120.59103237862323,0.00021166030583248246,0.00021581244891694223,5.983939660103611,0.05057593185790786,35.903637960621666,0.30345559114744713,84.0,2519.5,2519.0,-0.2568080944858196,749.0,48000000.0,0.16666666666666666
INTEL,Intel Core i9-7900X,CPU,CPU package RAPL,5,4000000,10T,10,0.0012314225092250925,0.0012314225092250925,0.14299963776137758,0.1456951291512915,0.0027102546125461254,116.143859610261,118.32591414833607,0.00017614789395504628,0.00017946823213059161,6.49655171118679,0.055944209288800055,38.97931026712074,0.33566525573280026,82.0,2519.0,2519.0,0.0,813.0,48000000.0,0.16666666666666666
INTEL,Intel Core i9-7900X,CPU,CPU package RAPL,1,4000000,16T,16,0.0013469576612903226,0.0013469576612903226,0.14208582930107527,0.14526171034946234,0.003179695564516129,105.40037753730661,107.76388109184826,0.00019147978502146655,0.0001957865829773592,5.939311611378324,0.05630399759206173,35.63586966826995,0.33782398555237036,75.0,3243.5,3241.5,-0.1691599862481109,744.0,48000000.0,0.16666666666666666
INTEL,Intel Core i9-7900X,CPU,CPU package RAPL,2,4000000,16T,16,0.0013479320323014805,0.0013479320323014805,0.14690635800807536,0.15013749596231496,0.0032145551816958277,108.96042805246367,111.33963532553778,0.00019803973258001461,0.00020240698902809984,5.935017381488558,0.0544564598166781,35.610104288931346,0.32673875890006854,80.0,3244.5,3241.0,-0.15398835536638975,743.0,48000000.0,0.16666666666666666
INTEL,Intel Core i9-7900X,CPU,CPU package RAPL,3,4000000,16T,16,0.0012869562982005143,0.0012869562982005143,0.14717817609254497,0.15016450835475578,0.0029702262210796917,114.33716849995312,116.65713962535065,0.00018945210187666363,0.0001932961932317722,6.216217302698018,0.054355895917843795,37.297303816188105,0.32613537550706273,82.0,3163.5,3120.0,-1.3908348846341778,778.0,48000000.0,0.16666666666666666
INTEL,Intel Core i9-7900X,CPU,CPU package RAPL,4,4000000,16T,16,0.0013183267457180501,0.0013183267457180501,0.15371330961791832,0.15680885770750988,0.0031197490118577073,116.57153064316711,118.91910054352527,0.00020268912611521992,0.000206770971781713,6.068298338310796,0.052044940921056895,36.40979002986477,0.3122696455263414,83.0,3152.5,3120.5,-0.8107957275202244,759.0,48000000.0,0.16666666666666666
INTEL,Intel Core i9-7900X,CPU,CPU package RAPL,5,4000000,16T,16,0.0012880965250965251,0.0012880965250965251,0.14209486100386098,0.14500951673101672,0.0029174658944658947,110.24216396011857,112.5001481284874,0.00018315321091455272,0.0001869005457827643,6.210714681904985,0.0563004175071489,37.26428809142991,0.33780250504289333,81.0,3124.0,3120.0,-0.0960768639526991,777.0,48000000.0,0.16666666666666666
INTEL,Intel Core i9-7900X,CPU,CPU package RAPL,1,4000000,20T,20,0.0014524702898550722,0.0014524702898550722,0.16319255217391304,0.16663051811594204,0.0034290188405797103,112.33108328921955,114.69755273746345,0.00023705855908539696,0.00024203371184384684,5.507857992949871,0.04902185476888564,33.047147957699224,0.2941311286133138,74.0,3600.0,3599.0,-0.027777777777777776,690.0,48000000.0,0.16666666666666666
INTEL,Intel Core i9-7900X,CPU,CPU package RAPL,2,4000000,20T,20,0.001487976968796434,0.001487976968796434,0.17275235735512628,0.17642000371471026,0.0036634182763744427,116.10156994404218,118.56648087321693,0.0002570454590039653,0.0002625027076321013,5.37642745617682,0.04630907101408056,32.25856473706092,0.2778544260844834,81.0,3605.5,3600.0,-0.16641242866143113,673.0,48000000.0,0.16666666666666666
INTEL,Intel Core i9-7900X,CPU,CPU package RAPL,3,4000000,20T,20,0.0013698123287671233,0.0013698123287671233,0.16222726712328767,0.16544463698630135,0.003223615068493151,118.42836119667125,120.75675368835614,0.0002222307468026487,0.00022665754246779508,5.840216091359469,0.04931363679461971,35.041296548156815,0.29588182076771824,83.0,3999.0,3599.0,-9.977494373593398,730.0,48000000.0,0.16666666666666666
INTEL,Intel Core i9-7900X,CPU,CPU package RAPL,4,4000000,20T,20,0.0014527300435413643,0.0014527300435413643,0.17343781785195936,0.17702854281567487,0.003593378809869376,119.35877938217729,121.8294544734148,0.00025196434016777223,0.0002571808176507675,5.506873102071767,0.04612604906464367,33.041238612430604,0.276756294387862,84.0,3600.0,3600.0,-0.013888888888888888,689.0,48000000.0,0.16666666666666666
INTEL,Intel Core i9-7900X,CPU,CPU package RAPL,5,4000000,20T,20,0.0014489761215629522,0.0014489761215629522,0.1727668545586107,0.17625082561505065,0.003502394356005789,119.18779105814117,121.59131207796727,0.00025049452864842785,0.00025555454680428334,5.521140222991471,0.04630517846820874,33.126841337948825,0.2778310708092524,84.0,3600.0,3600.0,-0.013888888888888888,691.0,48000000.0,0.16666666666666666
INTEL,Intel Core i9-7900X,CPU,CPU package RAPL,1,8000000,1T,1,0.005847736842105263,0.005847736842105263,0.2702363888888889,0.27548379532163747,0.005247406432748538,46.20970920024744,47.10700185267005,0.0015803542192268046,0.0016110412813980712,2.7361012564568057,0.059207423028425396,16.41660753874083,0.3552445381705524,78.0,1339.5,1339.0,0.0,171.0,96000000.0,0.16666666666666666
INTEL,Intel Core i9-7900X,CPU,CPU package RAPL,2,8000000,1T,1,0.005829168604651163,0.005829168604651163,0.26909959011627904,0.27442115406976747,0.0053396569767441854,46.139458506544536,47.05757629288184,0.001569050108173117,0.0015999020442130374,2.7448168663964934,0.05945754137780661,16.46890119837896,0.3567452482668396,80.0,1339.0,1339.0,0.037341299477221805,172.0,96000000.0,0.16666666666666666
INTEL,Intel Core i9-7900X,CPU,CPU package RAPL,3,8000000,1T,1,0.005963699404761905,0.005963699404761905,0.28438331845238096,0.2897437351190476,0.005360235119047619,47.7146123646269,48.61399882481372,0.001694949823959166,0.0017268983453430945,2.682898468616152,0.05626210712645212,16.09739081169691,0.3375726427587127,81.5,1338.0,1339.0,0.6798484216805805,168.0,96000000.0,0.16666666666666666
INTEL,Intel Core i9-7900X,CPU,CPU package RAPL,4,8000000,1T,1,0.005843397660818714,0.005843397660818714,0.2797002017543859,0.2846912777777778,0.005002877192982456,47.885151994737484,48.73976954015191,0.0016337467753925654,0.0016628657589923739,2.7381330114142983,0.05720419532262133,16.42879806848579,0.343225171935728,82.0,1339.0,1339.0,0.0,171.0,96000000.0,0.16666666666666666
INTEL,Intel Core i9-7900X,CPU,CPU package RAPL,5,8000000,1T,1,0.005840266081871345,0.005840266081871345,0.27392222514619885,0.27887186549707604,0.005028733918128655,46.94203763594196,47.79025699407394,0.001598426263973103,0.001627309051783694,2.7396012186737604,0.058411324159657316,16.437607312042566,0.35046794495794387,83.0,1394.5,1339.0,-0.03031769916959822,171.0,96000000.0,0.16666666666666666
INTEL,Intel Core i9-7900X,CPU,CPU package RAPL,1,8000000,2T,2,0.0038557065637065636,0.0038557065637065636,0.20302527027027029,0.20864951544401544,0.005683861003861004,52.62595174799953,54.082825763330575,0.0007832624176825332,0.0008050335156579062,4.149693383847864,0.07880796879393959,24.89816030308718,0.47284781276363747,58.0,1609.5,1614.0,0.5615659319785146,259.0,96000000.0,0.16666666666666666
INTEL,Intel Core i9-7900X,CPU,CPU package RAPL,2,8000000,2T,2,0.003821631178707224,0.003821631178707224,0.23006342585551331,0.23600363498098859,0.005929737642585552,60.28763881933628,61.82689807477573,0.0008801598839153885,0.0009029790084401827,4.18669587069977,0.06954603986667561,25.120175224198626,0.41727623920005363,80.0,1537.5,1479.0,-3.0951824264894174,263.0,96000000.0,0.16666666666666666
INTEL,Intel Core i9-7900X,CPU,CPU package RAPL,3,8000000,2T,2,0.0037685545112781955,0.0037685545112781955,0.22992767669172934,0.23580227255639097,0.005875889097744361,60.99103193140042,62.54932897355742,0.0008667958714278366,0.0008889424202251399,4.245659700839724,0.06958711486367261,25.473958205038343,0.41752268918203567,80.0,1604.0,1605.0,0.031191515907673113,266.0,96000000.0,0.16666666666666666
INTEL,Intel Core i9-7900X,CPU,CPU package RAPL,4,8000000,2T,2,0.0038589478764478767,0.0038589478764478767,0.2361209671814672,0.24199093822393825,0.005864447876447876,61.18716644872359,62.708274998355265,0.0009111897026038371,0.000933841973573784,4.146207868468121,0.06776303107028361,24.87724721080872,0.40657818642170174,84.0,1680.5,1624.5,-0.28328611898017,259.0,96000000.0,0.16666666666666666
INTEL,Intel Core i9-7900X,CPU,CPU package RAPL,5,8000000,2T,2,0.003731864312267658,0.003731864312267658,0.22690782342007434,0.2326822657992565,0.005748052044609665,60.65813894779967,62.19970480085759,0.0008474057740561628,0.0008689707191525959,4.287401547898879,0.07051333253981398,25.724409287393275,0.42307999523888395,82.0,1604.5,1542.0,-0.4041541541541541,269.0,96000000.0,0.16666666666666666
INTEL,Intel Core i9-7900X,CPU,CPU package RAPL,1,8000000,4T,4,0.0031260390625,0.0031260390625,0.22147360312499997,0.2271792359375,0.0057361124999999995,70.8393553123338,72.66432875793669,0.0006924195840466552,0.0007102577865192579,5.118298205020776,0.07224339242760186,30.709789230124656,0.43346035456561116,70.0,1844.0,1844.0,0.0,320.0,96000000.0,0.16666666666666666
INTEL,Intel Core i9-7900X,CPU,CPU package RAPL,2,8000000,4T,4,0.0031338915094339627,0.0031338915094339627,0.23862141981132073,0.24477553144654085,0.006142805031446541,76.12083724061647,78.08401331281769,0.0007480235997986433,0.0007673153439373343,5.1054735328709455,0.06705203338720567,30.632841197225673,0.40231220032323395,82.0,1844.0,1779.5,-2.7992478350147305,318.0,96000000.0,0.16666666666666666
INTEL,Intel Core i9-7900X,CPU,CPU package RAPL,3,8000000,4T,4,0.0031881555555555554,0.0031881555555555554,0.24321449682539684,0.24900155238095237,0.005820338095238095,76.19833139095806,78.02717273555528,0.000775851790896911,0.0007943319666274325,5.018575760544868,0.06578559121788496,30.111454563269213,0.3947135473073098,81.0,1837.0,1830.0,-3.2283832133498582,315.0,96000000.0,0.16666666666666666
INTEL,Intel Core i9-7900X,CPU,CPU package RAPL,4,8000000,4T,4,0.0031523264984227133,0.0031523264984227133,0.2420498864353312,0.2478907712933754,0.005842091482649843,76.80943421521624,78.65630174541795,0.0007636823742377773,0.0007821107305391883,5.0756171797916565,0.06610211883922665,30.45370307874994,0.39661271303535983,81.0,1841.0,1840.0,-0.3532608695652174,317.0,96000000.0,0.16666666666666666
INTEL,Intel Core i9-7900X,CPU,CPU package RAPL,5,8000000,4T,4,0.0031650205047318606,0.0031650205047318606,0.24241282492113564,0.24863967507886436,0.006241940063091483,76.66436881816153,78.60553424086223,0.0007687433464815601,0.0007882358243865548,5.055260179021657,0.06600311443255802,30.331561074129937,0.39601868659534817,80.0,1849.5,1772.5,-3.8520229712630054,317.0,96000000.0,0.16666666666666666
INTEL,Intel Core i9-7900X,CPU,CPU package RAPL,1,8000000,8T,8,0.003111437888198758,0.003111437888198758,0.30150768788819876,0.307924849378882,0.00642105900621118,96.9151119515509,98.98747591240479,0.0009377271785436375,0.0009577364469171472,5.142317159932389,0.05306664985795956,30.853902959594333,0.3183998991477574,68.0,2325.0,2262.0,-0.4264825345247766,322.0,96000000.0,0.16666666666666666
INTEL,Intel Core i9-7900X,CPU,CPU package RAPL,2,8000000,8T,8,0.0031531218354430377,0.0031531218354430377,0.32931781803797466,0.3360511503164557,0.006727738924050633,104.4471294283994,106.57407572653221,0.001038669033578453,0.0010598677793497437,5.074337160098314,0.04858528755108792,30.446022960589886,0.2915117253065275,81.0,2300.0,2300.0,-0.06513243595310464,316.0,96000000.0,0.16666666666666666
INTEL,Intel Core i9-7900X,CPU,CPU package RAPL,3,8000000,8T,8,0.0030976795665634675,0.0030976795665634675,0.32213649535603717,0.32865429566563464,0.006570591331269349,104.00640381409919,106.11076781732379,0.0009994747319705547,0.0010197927151927699,5.165156582242307,0.04966838949200874,30.990939493453844,0.2980103369520525,80.0,2199.0,2199.5,-0.022727272727272728,323.0,96000000.0,0.16666666666666666
INTEL,Intel Core i9-7900X,CPU,CPU package RAPL,4,8000000,8T,8,0.0031249561128526646,0.0031249561128526646,0.33009421473354233,0.33676256896551726,0.006662238244514106,105.56294566569173,107.67741663937359,0.0010312893486930357,0.0010521228033344159,5.1200719207363345,0.04847101015355014,30.720431524418004,0.29082606092130087,82.5,2246.0,2199.0,-0.042973785990545764,319.0,96000000.0,0.16666666666666666
INTEL,Intel Core i9-7900X,CPU,CPU package RAPL,5,8000000,8T,8,0.0031378348909657326,0.0031378348909657326,0.32856880218068535,0.33540294548286603,0.006816794392523364,104.53972102392305,106.70739368417821,0.0010300974472819656,0.001051526785653992,5.099057339376982,0.04869605780820815,30.59434403626189,0.29217634684924887,81.0,2296.5,2294.5,-0.021454834919070534,321.0,96000000.0,0.16666666666666666
INTEL,Intel Core i9-7900X,CPU,CPU package RAPL,1,8000000,10T,10,0.003213463141025641,0.003213463141025641,0.347694483974359,0.35480540384615383,0.006988248397435897,108.17136422282596,110.37523742882232,0.001117592176087463,0.0011404488708177084,4.979052032579205,0.0460174162219065,29.874312195475234,0.27610449733143894,69.0,2520.0,2519.5,-0.03965107057890563,312.0,96000000.0,0.16666666666666666
INTEL,Intel Core i9-7900X,CPU,CPU package RAPL,2,8000000,10T,10,0.003188195859872612,0.003188195859872612,0.3699131146496816,0.3773296671974522,0.0073606401273885345,115.99979821640159,118.32552750117213,0.001179818968130705,0.0012031769195229728,5.018512257058706,0.04325346799904711,30.111073542352237,0.2595208079942827,81.0,2520.0,2519.5,-0.09908057253540613,314.0,96000000.0,0.16666666666666666
INTEL,Intel Core i9-7900X,CPU,CPU package RAPL,3,8000000,10T,10,0.0032195530546623797,0.0032195530546623797,0.37300971061093247,0.3800898729903537,0.007030424437299035,115.8597340790358,118.05285283586284,0.0012007115259241323,0.001223578249825891,4.969633901374564,0.04289432621310194,29.817803408247386,0.25736595727861167,81.0,2519.5,2400.0,-2.3828817652507612,311.0,96000000.0,0.16666666666666666
INTEL,Intel Core i9-7900X,CPU,CPU package RAPL,4,8000000,10T,10,0.00321717467948718,0.00321717467948718,0.38830222596153846,0.39558657051282053,0.007282112179487179,120.68821688813576,122.95226288563052,0.0012493235578639105,0.0012727602196927392,4.973308091678051,0.041205038889634366,29.83984855006831,0.24723023333780622,86.0,2519.0,2519.0,-0.019833399444664817,312.0,96000000.0,0.16666666666666666
INTEL,Intel Core i9-7900X,CPU,CPU package RAPL,5,8000000,10T,10,0.0032383899676375408,0.0032383899676375408,0.3785525016181229,0.3860434870550162,0.007391211974110032,116.76992035054377,119.08272685290643,0.0012262023132097485,0.001250467202483007,4.94072677405325,0.042266270670186915,29.64436064431949,0.2535976240211215,83.0,2520.0,2519.0,-0.07929430194590717,309.0,96000000.0,0.16666666666666666
INTEL,Intel Core i9-7900X,CPU,CPU package RAPL,1,8000000,16T,16,0.0032741029411764706,0.0032741029411764706,0.33137327614379086,0.33835473039215685,0.006963176470588236,101.22407897834805,103.36382818733748,0.0010849907873837785,0.0011079406655390553,4.886834743293692,0.04828391882674697,29.321008459762158,0.2897035129604818,66.5,3209.5,3183.0,-0.1119079283887468,306.0,96000000.0,0.16666666666666666
INTEL,Intel Core i9-7900X,CPU,CPU package RAPL,2,8000000,16T,16,0.0032671433224755702,0.0032671433224755702,0.35999735342019545,0.36753155700325735,0.007571830618892508,110.24242398038405,112.54963226332754,0.001175900177270772,0.0012006202873525978,4.897244609418156,0.04444477244603489,29.38346765650894,0.2666686346762093,80.0,3129.0,3120.5,-0.27146888913877504,307.0,96000000.0,0.16666666666666666
INTEL,Intel Core i9-7900X,CPU,CPU package RAPL,3,8000000,16T,16,0.003292851973684211,0.003292851973684211,0.38158509868421053,0.3892947878289474,0.0077101430921052636,115.87240771318437,118.21601870499987,0.0012569222984224158,0.0012823176814650817,4.8590098007401945,0.04193036381748609,29.15405880444117,0.2515821829049166,82.5,3439.0,3173.0,-7.8366479775992275,304.0,96000000.0,0.16666666666666666
INTEL,Intel Core i9-7900X,CPU,CPU package RAPL,4,8000000,16T,16,0.0032470550161812295,0.0032470550161812295,0.36403990129449837,0.37141450161812295,0.007334839805825243,112.0544033708291,114.31392917830357,0.0011819299999776185,0.001205997088536248,4.927542019599594,0.043951226128134444,29.56525211759756,0.26370735676880663,83.0,3262.0,3244.5,-0.8381785897327698,309.0,96000000.0,0.16666666666666666
INTEL,Intel Core i9-7900X,CPU,CPU package RAPL,5,8000000,16T,16,0.003198044585987261,0.003198044585987261,0.35500191401273884,0.36204371337579616,0.007079171974522293,111.034433463845,113.23050979528591,0.0011360950152402684,0.0011586564421392704,5.003057231207363,0.0450701837579173,30.01834338724418,0.27042110254750373,81.0,3248.5,3240.0,-0.24622031670710304,314.0,96000000.0,0.16666666666666666
INTEL,Intel Core i9-7900X,CPU,CPU package RAPL,1,8000000,20T,20,0.0035683932384341635,0.0035683932384341635,0.38594624377224196,0.39409007295373666,0.008062039145907474,108.16934142930816,110.43873521011564,0.0013770863988082217,0.001406107570743101,4.4838108375630545,0.04145656343332747,26.902865025378333,0.2487393805999648,69.0,3599.0,3599.0,0.0,281.0,96000000.0,0.16666666666666666
INTEL,Intel Core i9-7900X,CPU,CPU package RAPL,2,8000000,20T,20,0.0035181122807017543,0.0035181122807017543,0.4147630210526316,0.42320642105263157,0.008447880701754385,117.84108101463428,120.24491862045613,0.0014597737547987443,0.0014894906331134503,4.5478935371635805,0.03857624549023379,27.287361222981485,0.2314574729414028,83.0,3599.0,3599.0,0.0,285.0,96000000.0,0.16666666666666666
INTEL,Intel Core i9-7900X,CPU,CPU package RAPL,3,8000000,20T,20,0.003508482517482517,0.003508482517482517,0.42075768356643356,0.42900636363636363,0.008271923076923078,119.8080216137646,122.16457144999205,0.0014766658356381488,0.001505705883851087,4.560376183264285,0.03802663855482287,27.362257099585715,0.2281598313289372,84.0,3599.0,3599.5,0.0,286.0,96000000.0,0.16666666666666666
INTEL,Intel Core i9-7900X,CPU,CPU package RAPL,4,8000000,20T,20,0.0035061730769230773,0.0035061730769230773,0.41676234615384616,0.42510229195804194,0.008358802447552448,118.90117884445162,121.28054291363352,0.001460800108023045,0.00149003258135907,4.563380000651334,0.03839118422145989,27.380280003908,0.2303471053287593,84.0,3599.5,3599.0,-0.013888888888888888,286.0,96000000.0,0.16666666666666666
INTEL,Intel Core i9-7900X,CPU,CPU package RAPL,5,8000000,20T,20,0.0033483327759197324,0.0033483327759197324,0.3989590551839465,0.4066200367892977,0.007610575250836121,119.12937979006291,121.42809136093291,0.001336101875975129,0.0013617400696916868,4.778497580513408,0.04010436648323776,28.67098548308045,0.24062619889942655,84.0,3599.0,3599.0,0.0,299.0,96000000.0,0.16666666666666666
INTEL,Intel Core i9-7900X,CPU,CPU package RAPL,1,16000000,1T,1,0.012390506172839506,0.012390506172839506,0.5507086296296296,0.561233987654321,0.010500808641975308,44.4443030123625,45.297719758188066,0.0068234498910036585,0.006953862328982624,2.5826224978031154,0.05810695221298641,15.495734986818691,0.3486417132779185,70.0,1339.0,1340.0,0.07468259895444361,81.0,192000000.0,0.16666666666666666
INTEL,Intel Core i9-7900X,CPU,CPU package RAPL,2,16000000,1T,1,0.012398265432098767,0.012398265432098767,0.5780459074074074,0.589228413580247,0.011258438271604939,46.60278580764303,47.50433179786292,0.007169894913686709,0.007308599370090612,2.5810062134409066,0.05535898350022189,15.48603728064544,0.33215390100133135,83.0,1339.5,1340.0,0.14947683109118087,81.0,192000000.0,0.16666666666666666
INTEL,Intel Core i9-7900X,CPU,CPU package RAPL,3,16000000,1T,1,0.01267694936708861,0.01267694936708861,0.5948540696202531,0.606246082278481,0.011344082278481013,46.9180644220869,47.81658535177125,0.007542211482028521,0.007686336373145329,2.524266647761192,0.053797685939648385,15.145599886567151,0.3227861156378903,82.0,1338.0,1339.0,0.07473841554559044,79.0,192000000.0,0.16666666666666666
INTEL,Intel Core i9-7900X,CPU,CPU package RAPL,4,16000000,1T,1,0.012402987654320987,0.012402987654320987,0.5950000740740742,0.6057728827160493,0.010789049382716048,47.962483537340574,48.83087074379937,0.007381292077721081,0.007514934546173602,2.5800235322425573,0.05378150852098147,15.480141193455342,0.32268905112588875,84.0,1339.0,1339.0,0.0,81.0,192000000.0,0.16666666666666666
INTEL,Intel Core i9-7900X,CPU,CPU package RAPL,5,16000000,1T,1,0.012415925925925926,0.012415925925925926,0.5941636666666668,0.6054448641975309,0.01131416049382716,47.85605685889291,48.76468506279398,0.007376923521754458,0.007516986773506172,2.577335010496448,0.053857215474480295,15.464010062978687,0.3231432928468818,82.0,1339.0,1339.5,0.07473841554559044,81.0,192000000.0,0.16666666666666666
INTEL,Intel Core i9-7900X,CPU,CPU package RAPL,1,16000000,2T,2,0.008000492000000001,0.008000492000000001,0.429142208,0.44128330800000004,0.012226655999999999,53.500332783304245,55.01863477098873,0.00343979898051664,0.003539288413663264,3.999754016648789,0.07456743879997585,23.998524099892734,0.4474046327998551,64.0,1469.0,1479.0,0.9906071589486393,125.0,192000000.0,0.16666666666666666
INTEL,Intel Core i9-7900X,CPU,CPU package RAPL,2,16000000,2T,2,0.007959825396825396,0.007959825396825396,0.47943403968253967,0.49228057539682535,0.012783210317460318,60.25914867219811,61.86084516232769,0.0038144768837961385,0.003916687050134007,4.020189050153887,0.06674537604249733,24.121134300923316,0.40047225625498395,80.5,1604.0,1478.5,-7.408335191895162,126.0,192000000.0,0.16666666666666666
INTEL,Intel Core i9-7900X,CPU,CPU package RAPL,3,16000000,2T,2,0.007972416666666666,0.007972416666666666,0.48110209126984127,0.4937373452380952,0.012598035714285714,60.35273331324661,61.937786411671894,0.0038351077438893615,0.00393582970187311,4.013839384791357,0.06651410982937632,24.08303630874814,0.3990846589762579,81.0,1615.5,1619.0,0.16052658921951773,126.0,192000000.0,0.16666666666666666
INTEL,Intel Core i9-7900X,CPU,CPU package RAPL,4,16000000,2T,2,0.008132581300813008,0.008132581300813008,0.4896942235772358,0.5021685569105692,0.012457995934959349,59.89805344349351,61.42335097938616,0.003981150124887864,0.004083770528518606,3.9347900801371063,0.06534892283752217,23.60874048082264,0.392093537025133,82.0,1603.0,1479.5,-4.414442170712473,123.0,192000000.0,0.16666666666666666
INTEL,Intel Core i9-7900X,CPU,CPU package RAPL,5,16000000,2T,2,0.00796815873015873,0.00796815873015873,0.4811854087301587,0.49379303174603173,0.012569555555555556,60.21890958527919,61.77854206974881,0.0038319999298831254,0.003932403809123583,4.015985526630457,0.0665032997992239,24.095913159782747,0.39901979879534344,81.5,1600.5,1480.0,0.0,126.0,192000000.0,0.16666666666666666
INTEL,Intel Core i9-7900X,CPU,CPU package RAPL,1,16000000,4T,4,0.006814013605442177,0.006814013605442177,0.48671966326530614,0.4992755510204082,0.012296931972789115,71.33264776500553,73.16049577849999,0.00332171751876681,0.0034064775666245543,4.696204579527864,0.06574629092539842,28.177227477167182,0.39447774555239057,69.0,1849.0,1845.0,-0.30064814286967523,147.0,192000000.0,0.16666666666666666
INTEL,Intel Core i9-7900X,CPU,CPU package RAPL,2,16000000,4T,4,0.006743110738255034,0.006743110738255034,0.5195897281879194,0.532628768456376,0.013011315436241611,76.99995763491641,78.92367717585819,0.0035055223938927974,0.0035934929858095583,4.745584686107229,0.061587218838411485,28.473508116643373,0.3695233130304689,80.5,1846.0,1840.0,-0.3247638367970016,149.0,192000000.0,0.16666666666666666
INTEL,Intel Core i9-7900X,CPU,CPU package RAPL,3,16000000,4T,4,0.006702375838926175,0.006702375838926175,0.5116990067114094,0.5241689194630872,0.01241394966442953,76.33632988259339,78.19661443130529,0.0034300296841032387,0.003513618362254245,4.77442637792381,0.06253681157241466,28.64655826754285,0.37522086943448796,81.0,1849.5,1849.0,0.0,149.0,192000000.0,0.16666666666666666
INTEL,Intel Core i9-7900X,CPU,CPU package RAPL,4,16000000,4T,4,0.006736372483221476,0.006736372483221476,0.5139101912751678,0.5263724530201342,0.012496352348993288,76.33324721853103,78.19289505860507,0.003461541444814761,0.0035452327889769156,4.7503311444452745,0.06226768939004916,28.501986866671643,0.37360613634029494,82.0,1849.5,1849.0,1.461710493619317e-05,149.0,192000000.0,0.16666666666666666
INTEL,Intel Core i9-7900X,CPU,CPU package RAPL,5,16000000,4T,4,0.006712852348993289,0.006712852348993289,0.5032997315436241,0.5158949127516779,0.012577939597315436,74.98787809449576,76.85981876298999,0.0033781109969515336,0.0034627659836844286,4.766975105232708,0.06358044462776516,28.601850631396246,0.3814826677665909,79.0,1849.0,1849.0,0.0,149.0,192000000.0,0.16666666666666666
INTEL,Intel Core i9-7900X,CPU,CPU package RAPL,1,16000000,8T,8,0.006718496644295302,0.006718496644295302,0.6856370805369127,0.699718365771812,0.014072506711409395,101.89661488324522,103.9963674195464,0.0046158205686731455,0.004709895361185532,4.762970455648185,0.04667192343112346,28.57782273388911,0.28003154058674073,75.0,2296.0,2300.0,0.0,149.0,192000000.0,0.16666666666666666
INTEL,Intel Core i9-7900X,CPU,CPU package RAPL,2,16000000,8T,8,0.006768006711409397,0.006768006711409397,0.7179653523489933,0.7324418758389262,0.014322493288590605,106.02014351153171,108.13694222478675,0.004855553760173348,0.004952488446370615,4.72812786344109,0.04457039953177254,28.368767180646543,0.2674223971906352,82.0,2199.5,2249.5,0.8285863185730513,149.0,192000000.0,0.16666666666666666
INTEL,Intel Core i9-7900X,CPU,CPU package RAPL,3,16000000,8T,8,0.006739852348993289,0.006739852348993289,0.7149285604026845,0.729032744966443,0.014166721476510068,106.1127873597747,108.22047621459383,0.004816342112814086,0.004911190459490294,4.74787873569029,0.04475971694576244,28.48727241414174,0.2685583016745746,81.0,2309.5,2299.0,0.02174858634188778,149.0,192000000.0,0.16666666666666666
INTEL,Intel Core i9-7900X,CPU,CPU package RAPL,4,16000000,8T,8,0.006755506711409396,0.006755506711409396,0.72756177852349,0.7418126510067113,0.014121543624161074,107.619813681066,109.72514055067745,0.004915831836005136,0.005012119066676952,4.736876387298954,0.04398252327789966,28.42125832379372,0.26389513966739797,84.0,2198.0,2195.0,0.0691175572957621,149.0,192000000.0,0.16666666666666666
INTEL,Intel Core i9-7900X,CPU,CPU package RAPL,5,16000000,8T,8,0.006764820945945946,0.006764820945945946,0.7132950135135135,0.7276765506756757,0.01439166891891892,105.33138652713036,107.45248174112515,0.004825585759016664,0.004922797414785313,4.7303551096007075,0.044862268196396674,28.382130657604243,0.26917360917838007,80.0,2181.5,2199.5,1.0822541076650436,148.0,192000000.0,0.16666666666666666
INTEL,Intel Core i9-7900X,CPU,CPU package RAPL,1,16000000,10T,10,0.006930913793103448,0.006930913793103448,0.7994284310344828,0.8144372586206896,0.015212051724137931,115.34242530736995,117.50791571357354,0.00554076971926088,0.005644794611391558,4.616995826592108,0.04002862250425092,27.70197495955265,0.24017173502550548,79.0,2400.5,2399.0,-0.020833333333333332,145.0,192000000.0,0.16666666666666666
INTEL,Intel Core i9-7900X,CPU,CPU package RAPL,2,16000000,10T,10,0.006945627586206897,0.006945627586206897,0.8245394931034482,0.8400975379310345,0.015614868965517241,118.69484409426795,120.93446508881591,0.005727842673809703,0.005835920230533935,4.607215057690645,0.03880992419817715,27.64329034614387,0.23285954518906288,82.0,2519.0,2519.0,0.0,145.0,192000000.0,0.16666666666666666
INTEL,Intel Core i9-7900X,CPU,CPU package RAPL,3,16000000,10T,10,0.006925434482758621,0.006925434482758621,0.817099324137931,0.8323295793103449,0.01525373448275862,117.98117276282903,120.18215033310639,0.005660252491357456,0.005765756264896862,4.620648729420473,0.03916292604389349,27.72389237652284,0.2349775562633609,82.0,2522.0,2400.0,-4.857097936867923,145.0,192000000.0,0.16666666666666666
INTEL,Intel Core i9-7900X,CPU,CPU package RAPL,4,16000000,10T,10,0.006939655172413793,0.006939655172413793,0.8195640896551724,0.8342497689655173,0.01465328620689655,117.96560264110164,120.07942727185281,0.005690656281083353,0.005793594223181641,4.611180130125685,0.039045173562286165,27.66708078075411,0.23427104137371701,82.0,2520.5,2520.0,0.0,145.0,192000000.0,0.16666666666666666
INTEL,Intel Core i9-7900X,CPU,CPU package RAPL,5,16000000,10T,10,0.006941079310344828,0.006941079310344828,0.8226657206896552,0.8383151,0.01548903448275862,118.50172296780951,120.76751246495695,0.005711736054823876,0.005820234142811534,4.610234024434642,0.03889793799911308,27.66140414660785,0.2333876279946785,83.0,2519.5,2519.0,0.0,145.0,192000000.0,0.16666666666666666
INTEL,Intel Core i9-7900X,CPU,CPU package RAPL,1,16000000,16T,16,0.007064137323943662,0.007064137323943662,0.7268157429577464,0.7423857535211268,0.015558535211267606,102.90344680156801,105.10786757911524,0.005133693547068761,0.005243559501231279,4.529923287779194,0.04402766616326829,27.179539726675163,0.26416599697960974,60.0,3321.5,3320.5,-0.5830045801767767,142.0,192000000.0,0.16666666666666666
INTEL,Intel Core i9-7900X,CPU,CPU package RAPL,2,16000000,16T,16,0.006954961805555555,0.006954961805555555,0.7608788402777777,0.7769843715277778,0.016084972222222223,109.3892874057043,111.70473167529599,0.005292191322002604,0.005404165686299287,4.601031739361396,0.042056630716000964,27.60619043616838,0.2523397842960058,79.0,3230.0,3295.5,0.18444207658256848,144.0,192000000.0,0.16666666666666666
INTEL,Intel Core i9-7900X,CPU,CPU package RAPL,3,16000000,16T,16,0.007014185314685315,0.007014185314685315,0.7756594545454546,0.791642013986014,0.016003104895104897,110.55558011926922,112.83142859591555,0.00544015814299352,0.005552253284319429,4.562183429785526,0.0412552200746855,27.373100578713156,0.247531320448113,80.0,3178.5,3179.5,-1.4865980215161834e-05,143.0,192000000.0,0.16666666666666666
INTEL,Intel Core i9-7900X,CPU,CPU package RAPL,4,16000000,16T,16,0.006974961805555556,0.006974961805555556,0.7802629652777778,0.7964956249999999,0.016270326388888888,111.85061437818435,114.18038233359823,0.005443252337182509,0.005556494281460624,4.587838755180265,0.04101182181504109,27.527032531081588,0.2460709308902465,82.0,3179.5,3234.0,0.10677241054441121,144.0,192000000.0,0.16666666666666666
INTEL,Intel Core i9-7900X,CPU,CPU package RAPL,5,16000000,16T,16,0.0069711527777777775,0.0069711527777777775,0.7771478472222222,0.7929616805555555,0.0158004375,111.51491912700322,113.77614298098771,0.005416794278510417,0.005527083058938585,4.590345538744795,0.04117620619411651,27.54207323246877,0.24705723716469907,82.0,3177.0,3179.0,-0.01575298058281669,144.0,192000000.0,0.16666666666666666
INTEL,Intel Core i9-7900X,CPU,CPU package RAPL,1,16000000,20T,20,0.007389823529411764,0.007389823529411764,0.8536911617647058,0.8710201102941177,0.017446161764705884,115.47818208243778,117.81686036687044,0.006311051329316879,0.006439453082369161,4.330279328007853,0.037484298549317965,25.981675968047114,0.2249057912959078,77.0,3599.0,3599.0,0.0,136.0,192000000.0,0.16666666666666666
INTEL,Intel Core i9-7900X,CPU,CPU package RAPL,2,16000000,20T,20,0.007444918518518518,0.007444918518518518,0.889916974074074,0.9078673888888888,0.017711851851851854,119.4238694063155,121.81451737368596,0.006634207916265596,0.006766601911525404,4.29823374867592,0.03595843062555119,25.789402492055522,0.2157505837533071,82.0,3599.0,3599.0,0.0,135.0,192000000.0,0.16666666666666666
INTEL,Intel Core i9-7900X,CPU,CPU package RAPL,3,16000000,20T,20,0.0073655294117647065,0.0073655294117647065,0.8929000882352942,0.9104639227941176,0.01752896323529412,121.22367235439239,123.61365437743834,0.006576898958538711,0.006706225832698474,4.344562140950507,0.03583827839918813,26.067372845703044,0.21502967039512877,84.0,3615.5,3599.0,-0.44251619397364017,136.0,192000000.0,0.16666666666666666
INTEL,Intel Core i9-7900X,CPU,CPU package RAPL,4,16000000,20T,20,0.007402095588235295,0.007402095588235295,0.9053238529411765,0.9228310477941177,0.017542125,122.31517620757575,124.68051272523942,0.0067008142966200265,0.006830394958968724,4.323100076828105,0.03534647031752041,25.93860046096863,0.21207882190512245,86.0,3887.5,3599.0,-7.319255661372971,136.0,192000000.0,0.16666666666666666
INTEL,Intel Core i9-7900X,CPU,CPU package RAPL,5,16000000,20T,20,0.007360077205882352,0.007360077205882352,0.8810678272058824,0.8982288602941176,0.017149838235294118,119.7050017568265,122.02484618868004,0.006484636522966885,0.0066109412826836885,4.347780479358605,0.03631956494750029,26.086682876151627,0.21791738968500174,83.0,3599.5,3599.0,-0.013888888888888888,136.0,192000000.0,0.16666666666666666
INTEL,Intel Core i9-7900X,CPU,CPU package RAPL,1,32000000,1T,1,0.0251664375,0.0251664375,1.1360299624999999,1.1579244499999999,0.0219820875,45.13553436551904,46.00542397597536,0.028593086128821874,0.02914415448428906,2.5430695147365876,0.05633902417432159,15.258417088419526,0.33803414504592955,78.0,1338.0,1339.0,0.07473841554559044,40.0,384000000.0,0.16666666666666666
INTEL,Intel Core i9-7900X,CPU,CPU package RAPL,2,32000000,1T,1,0.0253474125,0.0253474125,1.1774849375,1.2000660124999998,0.022915775,46.45025354625231,47.3498033136245,0.02984298890084125,0.0304152991951,2.524912552716775,0.05435357166691531,15.149475316300649,0.32612143000149185,80.0,1339.0,1339.0,0.07471050725001702,40.0,384000000.0,0.16666666666666666
INTEL,Intel Core i9-7900X,CPU,CPU package RAPL,3,32000000,1T,1,0.025288825,0.025288825,1.1695107125,1.1910427875,0.021398387499999998,46.24616783454946,47.09761529202896,0.029575538580072815,0.030120058684732505,2.530762108089762,0.054723752514664645,15.184572648538573,0.32834251508798784,80.0,1338.0,1339.5,0.07473841554559044,40.0,384000000.0,0.16666666666666666
INTEL,Intel Core i9-7900X,CPU,CPU package RAPL,4,32000000,1T,1,0.0251715,0.0251715,1.1974830625,1.2185028875,0.0209120375,47.568222753103825,48.40489946000533,0.030147121353366564,0.030675469083439377,2.542558055198386,0.053445495115599276,15.255348331190314,0.3206729706935957,81.0,1339.0,1340.0,0.07471050725001702,40.0,384000000.0,0.16666666666666666
INTEL,Intel Core i9-7900X,CPU,CPU package RAPL,5,32000000,1T,1,0.025127575,0.025127575,1.1629891125,1.183127925,0.020239800000000002,46.27060489302747,47.07184702115974,0.029231166588094687,0.029737345407015937,2.547002647337972,0.05503061478862099,15.282015884027834,0.33018368873172593,82.0,1354.5,1339.5,-0.4666666666666667,40.0,384000000.0,0.16666666666666666
INTEL,Intel Core i9-7900X,CPU,CPU package RAPL,1,32000000,2T,2,0.016241637096774196,0.016241637096774196,0.9143461370967741,0.9386024354838709,0.024402637096774194,56.39682912004589,57.898996439663684,0.014877050994820496,0.015272683658963317,3.940489798435975,0.06999546474966739,23.64293879061585,0.41997278849800435,70.0,1601.0,1533.5,-0.10280539575920816,62.0,384000000.0,0.16666666666666666
INTEL,Intel Core i9-7900X,CPU,CPU package RAPL,2,32000000,2T,2,0.016123193548387097,0.016123193548387097,0.957881314516129,0.9824317661290323,0.024515040322580645,59.432852548295095,60.956112384289355,0.015446485290708377,0.015841965869441595,3.969436936234451,0.06681415480743991,23.816621617406703,0.4008849288446394,81.0,1610.5,1479.0,-0.0957800640069704,62.0,384000000.0,0.16666666666666666
INTEL,Intel Core i9-7900X,CPU,CPU package RAPL,3,32000000,2T,2,0.01616049193548387,0.01616049193548387,0.9793557983870967,1.0031020161290323,0.023709822580645162,60.498154404839966,61.9633639726981,0.0158268409032089,0.016210590835506897,3.960275491950374,0.06534918506867388,23.761652951702246,0.39209511041204326,82.0,1612.5,1597.0,-0.8690375045515233,62.0,384000000.0,0.16666666666666666
INTEL,Intel Core i9-7900X,CPU,CPU package RAPL,4,32000000,2T,2,0.01622591935483871,0.01622591935483871,0.9906388951612903,1.0142039838709678,0.023685887096774196,60.982833093689166,62.44583462159413,0.016065532835180543,0.016452475608896462,3.944321752683897,0.06460482184346578,23.66593051610338,0.3876289310607947,83.0,1606.5,1542.5,-7.08467773668057,62.0,384000000.0,0.16666666666666666
INTEL,Intel Core i9-7900X,CPU,CPU package RAPL,5,32000000,2T,2,0.016246782258064515,0.016246782258064515,0.9916203870967741,1.015675927419355,0.024162153225806456,61.026354562767,62.50678256833656,0.01611585853296306,0.016503931412329607,3.9392415669492857,0.064540990698371,23.635449401695716,0.387245944190226,82.0,1604.5,1604.0,0.15547263681592038,62.0,384000000.0,0.16666666666666666
INTEL,Intel Core i9-7900X,CPU,CPU package RAPL,1,32000000,4T,4,0.013826082191780822,0.013826082191780822,1.0233717602739725,1.0472608150684932,0.023881095890410958,74.02940601386968,75.75750954871808,0.014172256084743854,0.014501511462929724,4.628932583848432,0.06253836860649101,27.773595503090586,0.3752302116389461,74.0,1846.5,1832.5,-6.845210563411303,73.0,384000000.0,0.16666666666666666
INTEL,Intel Core i9-7900X,CPU,CPU package RAPL,2,32000000,4T,4,0.013901979166666665,0.013901979166666665,1.0423680208333335,1.0669141111111111,0.024559375,74.98769643171599,76.75353648387764,0.014489703375695988,0.014833164231980708,4.603661066840305,0.061398688493007655,27.621966401041828,0.3683921309580459,79.0,1854.0,1906.0,2.814070512392064,72.0,384000000.0,0.16666666666666666
INTEL,Intel Core i9-7900X,CPU,CPU package RAPL,3,32000000,4T,4,0.013744821917808219,0.013744821917808219,1.0465228287671233,1.0707865342465754,0.0241986301369863,76.14102615498211,77.90636019798973,0.014383967551042692,0.014717461042435168,4.656298995723619,0.06115493117114293,27.937793974341716,0.36692958702685763,81.0,1849.5,1849.5,0.0,73.0,384000000.0,0.16666666666666666
INTEL,Intel Core i9-7900X,CPU,CPU package RAPL,4,32000000,4T,4,0.013775602739726028,0.013775602739726028,1.0635131369863013,1.0879594931506849,0.024051184931506847,77.21781934791838,78.99278111584546,0.014647658081184838,0.014984355103446801,4.645894730978363,0.06017792344463538,27.875368385870182,0.36106754066781227,83.0,1721.5,1719.5,-0.05390816698514417,73.0,384000000.0,0.16666666666666666
INTEL,Intel Core i9-7900X,CPU,CPU package RAPL,5,32000000,4T,4,0.013884027397260273,0.013884027397260273,1.0573678287671233,1.0829643013698629,0.025551527397260274,76.00532763302465,77.81422079926685,0.01467765554314196,0.015032968318230812,4.6096135680196815,0.060527671542169946,27.657681408118087,0.36316602925301966,80.0,1720.0,1719.0,-0.05813953488372093,73.0,384000000.0,0.16666666666666666
INTEL,Intel Core i9-7900X,CPU,CPU package RAPL,1,32000000,8T,8,0.013901055555555555,0.013901055555555555,1.4339253402777778,1.462699326388889,0.028560319444444447,102.81455278624311,104.89326186708313,0.019999506245982353,0.020394685600919272,4.603967468835554,0.044632730103361454,27.623804813013326,0.26779638062016875,76.5,2296.0,2309.0,-0.15038101454715574,72.0,384000000.0,0.16666666666666666
INTEL,Intel Core i9-7900X,CPU,CPU package RAPL,2,32000000,8T,8,0.013860116438356166,0.013860116438356166,1.4540623082191781,1.4816225342465752,0.02769750684931507,104.87622828227086,106.86404803027028,0.020159927988663725,0.0205420381193085,4.617565825297009,0.044014654747730635,27.705394951782054,0.26408792848638385,79.0,2260.5,2324.0,-0.04423264907135875,73.0,384000000.0,0.16666666666666666
INTEL,Intel Core i9-7900X,CPU,CPU package RAPL,3,32000000,8T,8,0.013939465277777778,0.013939465277777778,1.4760225486111112,1.5038934027777777,0.02798359027777778,105.90902657118929,107.89776508367225,0.020565916966927084,0.020955868453839024,4.591280853517832,0.04335977175082468,27.547685121106994,0.2601586305049481,81.0,2179.0,2200.0,0.09107468123861566,72.0,384000000.0,0.16666666666666666
INTEL,Intel Core i9-7900X,CPU,CPU package RAPL,4,32000000,8T,8,0.013877116438356166,0.013877116438356166,1.4921272465753423,1.5201458150684932,0.028332561643835616,107.34403800173064,109.39115139884095,0.020729805337878403,0.02112612690529743,4.611909130585121,0.04289180795558964,27.671454783510725,0.2573508477335378,83.0,2325.0,2325.0,0.0,73.0,384000000.0,0.16666666666666666
INTEL,Intel Core i9-7900X,CPU,CPU package RAPL,5,32000000,8T,8,0.013906833333333334,0.013906833333333334,1.4823621319444444,1.511178298611111,0.02897458333333333,106.16752703568764,108.24692053652237,0.02061407850525386,0.021014445119581213,4.602054317023136,0.04317433607610657,27.612325902138817,0.2590460164566395,82.0,2324.0,2324.0,0.0,72.0,384000000.0,0.16666666666666666
INTEL,Intel Core i9-7900X,CPU,CPU package RAPL,1,32000000,10T,10,0.01426218309859155,0.01426218309859155,1.6292983873239437,1.659141676056338,0.029898781690140847,114.23666367425307,116.34227006003275,0.023251138530020237,0.023677020488237062,4.487391555741464,0.03928071524002559,26.924349334448788,0.23568429144015357,77.0,2520.0,2520.0,0.0,71.0,384000000.0,0.16666666666666666
INTEL,Intel Core i9-7900X,CPU,CPU package RAPL,2,32000000,10T,10,0.014263795774647887,0.014263795774647887,1.6917801619718311,1.7219353239436619,0.030304774647887327,118.60090456312801,120.7130063440781,0.024128117527236658,0.024561000309700452,4.486884208978147,0.037829994525470104,26.92130525386888,0.2269799671528206,83.0,2520.0,2520.0,-0.06244796003330558,71.0,384000000.0,0.16666666666666666
INTEL,Intel Core i9-7900X,CPU,CPU package RAPL,3,32000000,10T,10,0.01425105633802817,0.01425105633802817,1.6999468169014085,1.7300475211267607,0.030434936619718314,119.32624322904087,121.43913502603465,0.02421780076167506,0.024646621772463996,4.490895164958426,0.03764826257528594,26.94537098975055,0.22588957545171565,83.0,2520.0,2520.0,0.0,71.0,384000000.0,0.16666666666666666
INTEL,Intel Core i9-7900X,CPU,CPU package RAPL,4,32000000,10T,10,0.014241640845070423,0.014241640845070423,1.6818482253521125,1.7112209929577464,0.029566598591549295,118.11655463432703,120.17941178150348,0.02394764651335985,0.024365881722526087,4.493864224631578,0.03805337741353612,26.96318534778947,0.2283202644812167,83.0,2519.5,2519.5,0.019849146486701073,71.0,384000000.0,0.16666666666666666
INTEL,Intel Core i9-7900X,CPU,CPU package RAPL,5,32000000,10T,10,0.014254091549295776,0.014254091549295776,1.666159218309859,1.6964871549295775,0.030560781690140842,116.92160077802055,119.04984380168354,0.023746042917567246,0.024180071732952984,4.489938907365892,0.03841170475209192,26.939633444195355,0.23047022851255153,81.0,2519.0,2519.0,-0.01984126984126984,71.0,384000000.0,0.16666666666666666
INTEL,Intel Core i9-7900X,CPU,CPU package RAPL,1,32000000,16T,16,0.014209605633802816,0.014209605633802816,1.5281350140845071,1.5595554436619719,0.0314475352112676,107.56143945878472,109.76850575271047,0.021704046973597596,0.022151880455903092,4.503995575584204,0.04188112635552503,27.023973453505228,0.25128675813315016,78.0,3178.0,3179.0,0.06297726000109016,71.0,384000000.0,0.16666666666666666
INTEL,Intel Core i9-7900X,CPU,CPU package RAPL,2,32000000,16T,16,0.014261281690140844,0.014261281690140844,1.569307422535211,1.6013893239436618,0.03200544366197183,110.05101812338191,112.30016388840578,0.022380496314756596,0.02283750761733009,4.487675288509064,0.04078232778069764,26.926051731054383,0.2446939666841858,81.0,3180.0,3179.0,-0.0005579686507459613,71.0,384000000.0,0.16666666666666666
INTEL,Intel Core i9-7900X,CPU,CPU package RAPL,3,32000000,16T,16,0.014310685714285716,0.014310685714285716,1.5643305357142858,1.59622295,0.03174575714285714,109.30769938566581,111.53618450685161,0.02238770567227745,0.022843956598380302,4.472182627338894,0.04091207031212063,26.83309576403336,0.24547242187272378,80.5,3178.5,3179.5,0.1259693766238918,70.0,384000000.0,0.16666666666666666
INTEL,Intel Core i9-7900X,CPU,CPU package RAPL,4,32000000,16T,16,0.014262612676056337,0.014262612676056337,1.5870097112676056,1.619497218309859,0.03246271126760564,111.27463511616747,113.55252638763156,0.022632327863370164,0.023095873179211267,4.487256401620451,0.04032742379130981,26.923538409722706,0.2419645427478589,83.0,3185.0,3179.5,-0.015146925174189639,71.0,384000000.0,0.16666666666666666
INTEL,Intel Core i9-7900X,CPU,CPU package RAPL,5,32000000,16T,16,0.014265795774647889,0.014265795774647889,1.5581732535211268,1.5903068098591548,0.032112549295774645,109.22662694613881,111.4706852075764,0.022231467781461914,0.022689724481141045,4.486255169247682,0.041073752210169304,26.91753101548609,0.24644251326101582,80.0,3175.5,3179.0,0.09448819834962598,71.0,384000000.0,0.16666666666666666
INTEL,Intel Core i9-7900X,CPU,CPU package RAPL,1,32000000,20T,20,0.014927845588235292,0.014927845588235292,1.7498079264705884,1.7853500514705885,0.03490425,117.19295893853405,119.57338210209211,0.026136772771537954,0.026658369925880082,4.28728979266428,0.03657545024098168,25.723738755985686,0.21945270144589007,79.0,3601.0,3599.0,-0.055540127742293804,68.0,384000000.0,0.16666666666666666
INTEL,Intel Core i9-7900X,CPU,CPU package RAPL,2,32000000,20T,20,0.015106925373134327,0.015106925373134327,1.816557828358209,1.8523847164179104,0.036091783582089546,120.23814068803757,122.60952589015659,0.027444555653602026,0.02798582828485008,4.236467608032633,0.03523147013213477,25.4188056481958,0.2113888207928086,83.0,3600.0,3599.5,-0.013888888888888888,67.0,384000000.0,0.16666666666666666
INTEL,Intel Core i9-7900X,CPU,CPU package RAPL,3,32000000,20T,20,0.015050910447761195,0.015050910447761195,1.8154218507462687,1.8505951791044777,0.03522836567164179,120.61281938629617,122.9496615923008,0.0273250929144237,0.027854509502631207,4.252234455994844,0.035253514824194775,25.513406735969063,0.21152108894516863,83.0,3599.5,3599.0,-0.013888888888888888,67.0,384000000.0,0.16666666666666666
INTEL,Intel Core i9-7900X,CPU,CPU package RAPL,4,32000000,20T,20,0.014936664179104477,0.014936664179104477,1.8395944402985074,1.875014276119403,0.03557352985074627,123.15429369134978,125.5285688626086,0.02747756922319492,0.028006627031019492,4.284758580913846,0.0347902769861449,25.708551485483078,0.20874166191686938,86.0,3601.0,3599.0,-0.0416435313714603,67.0,384000000.0,0.16666666666666666
INTEL,Intel Core i9-7900X,CPU,CPU package RAPL,5,32000000,20T,20,0.014996828358208954,0.014996828358208954,1.821299895522388,1.855985343283582,0.0346529104477612,121.46611064494837,123.77935236881004,0.0273091264520127,0.027829210582370464,4.2675690156829535,0.035139742327770535,25.605414094097725,0.2108384539666232,84.0,3600.0,3599.0,-0.027777777777777776,67.0,384000000.0,0.16666666666666666
INTEL,Intel Core i9-7900X,CPU,CPU package RAPL,1,64000000,1T,1,0.050807675,0.050807675,2.260003975,2.304278425,0.043650125,44.4738201012881,45.348540986732,0.11484797873052376,0.11706519686753625,2.5193044244640532,0.05663706912196474,15.11582654678432,0.3398224147317885,74.0,1338.5,1339.5,0.11216352340480719,20.0,768000000.0,0.16666666666666666
INTEL,Intel Core i9-7900X,CPU,CPU package RAPL,2,64000000,1T,1,0.050992725,0.050992725,2.3729766999999997,2.4191769499999998,0.046440449999999994,46.52763855133148,47.43630686959767,0.12101807844834624,0.12337421699514747,2.510161989807721,0.053940693480012306,15.060971938846329,0.32364416088007386,81.0,1317.5,1339.5,3.396402354735688,20.0,768000000.0,0.16666666666666666
INTEL,Intel Core i9-7900X,CPU,CPU package RAPL,3,64000000,1T,1,0.050449999999999995,0.050449999999999995,2.331880325,2.375776125,0.044165725,46.2241041172228,47.0916412309077,0.11764408872034501,0.11986099785308374,2.5371655107078874,0.05489137677482367,15.222993064247326,0.329348260648942,83.0,1336.5,1339.0,0.1871819418551922,20.0,768000000.0,0.16666666666666666
INTEL,Intel Core i9-7900X,CPU,CPU package RAPL,4,64000000,1T,1,0.0505276,0.0505276,2.413651975,2.4568289500000002,0.042826975,47.77759540989463,48.63227210521339,0.12193405439459376,0.1241152899424025,2.5332689582360963,0.053032148453679546,15.199613749416578,0.3181928907220773,83.0,1374.0,1340.0,0.037341299477221805,20.0,768000000.0,0.16666666666666666
INTEL,Intel Core i9-7900X,CPU,CPU package RAPL,5,64000000,1T,1,0.050292975000000004,0.050292975000000004,2.3238939,2.3653783,0.041554400000000005,46.20131686390217,47.0260678886836,0.11687974531034248,0.118976872910315,2.5450870624643933,0.05507996815744735,15.27052237478636,0.3304798089446841,81.0,1339.0,1340.0,0.037341299477221805,20.0,768000000.0,0.16666666666666666
INTEL,Intel Core i9-7900X,CPU,CPU package RAPL,1,64000000,2T,2,0.03298261290322581,0.03298261290322581,1.7417065645161292,1.788323935483871,0.046649209677419354,52.790090429833505,54.203035992732886,0.05746424847340323,0.059002297873789286,3.8808326198947487,0.0734911562451826,23.28499571936849,0.44094693747109553,60.0,1605.0,1604.0,-0.06238303181534623,31.0,768000000.0,0.16666666666666666
INTEL,Intel Core i9-7900X,CPU,CPU package RAPL,2,64000000,2T,2,0.032494548387096776,0.032494548387096776,1.933271822580645,1.9811198548387097,0.04791120967741935,59.506852610994464,60.97963173734523,0.06280856481477576,0.064363064191064,3.9391223084345035,0.06621181324304204,23.63473385060702,0.39727087945825224,80.5,1479.5,1479.5,-0.033783783783783786,31.0,768000000.0,0.16666666666666666
INTEL,Intel Core i9-7900X,CPU,CPU package RAPL,3,64000000,2T,2,0.03265433870967742,0.03265433870967742,1.9753091612903226,2.0211341451612905,0.04558241935483871,60.345531831601434,61.73472168570601,0.06459911928453901,0.06608518631056451,3.919868540177088,0.06480022726050391,23.51921124106253,0.3888013635630235,81.0,1581.0,1536.0,0.21698698078115314,31.0,768000000.0,0.16666666666666666
INTEL,Intel Core i9-7900X,CPU,CPU package RAPL,4,64000000,2T,2,0.03303264516129032,0.03303264516129032,1.9997773225806452,2.04519685483871,0.04579809677419355,60.458014067613746,61.831141567618154,0.06614693797981008,0.06764930068398803,3.874955399748167,0.06400717511933271,23.249732398489,0.3840430507159962,82.0,1468.5,1479.5,5.545019007983916,31.0,768000000.0,0.16666666666666666
INTEL,Intel Core i9-7900X,CPU,CPU package RAPL,5,64000000,2T,2,0.03274170967741935,0.03274170967741935,2.008743564516129,2.054414064516129,0.046271403225806446,61.372947028162955,62.76831472514348,0.06574643556230592,0.0672412354668283,3.9093869533550176,0.06372145958913708,23.456321720130106,0.3823287575348224,82.0,1604.0,1605.0,-0.03115264797507788,31.0,768000000.0,0.16666666666666666
INTEL,Intel Core i9-7900X,CPU,CPU package RAPL,1,64000000,4T,4,0.028159333333333335,0.028159333333333335,2.0920992361111113,2.139628263888889,0.047691375,74.25771956797362,75.94299832549478,0.058866875076126556,0.060209850246375776,4.545562180492451,0.06118256633256307,27.273373082954702,0.3670953979953784,76.0,1837.5,1845.0,0.0,36.0,768000000.0,0.16666666666666666
INTEL,Intel Core i9-7900X,CPU,CPU package RAPL,2,64000000,4T,4,0.02803013888888889,0.02803013888888889,2.1441875277777775,2.191107319444445,0.047309944444444446,76.52635334233506,78.19260134379431,0.06010363361780245,0.0614337967936331,4.5665132429408,0.05969631176504253,27.3990794576448,0.3581778705902552,80.0,1840.0,1823.0,-1.1913924794359576,36.0,768000000.0,0.16666666666666666
INTEL,Intel Core i9-7900X,CPU,CPU package RAPL,3,64000000,4T,4,0.028122041666666667,0.028122041666666667,2.1337217083333333,2.180585388888889,0.04659869444444444,75.83243706196984,77.48884172617855,0.06002510551001235,0.061340643145569446,4.551589885110821,0.05998908052520299,27.309539310664924,0.3599344831512179,79.0,1839.0,1717.0,-0.46727458225410246,36.0,768000000.0,0.16666666666666666
INTEL,Intel Core i9-7900X,CPU,CPU package RAPL,4,64000000,4T,4,0.028076430555555556,0.028076430555555556,2.16172575,2.2076495416666666,0.04614691666666666,76.81949654406243,78.4584995470717,0.06070793142810262,0.061998814555787804,4.558984253193832,0.059211952531212066,27.353905519162986,0.3552717151872724,81.0,1834.5,1825.5,-0.17391304347826086,36.0,768000000.0,0.16666666666666666
INTEL,Intel Core i9-7900X,CPU,CPU package RAPL,5,64000000,4T,4,0.028092083333333333,0.028092083333333333,2.1382840833333336,2.1865885416666666,0.04791195833333333,76.13078106385102,77.84294594417685,0.06006381134001852,0.0614207173553426,4.556443861714323,0.05986111046780035,27.338663170285937,0.3591666628068021,81.0,1784.5,1784.5,0.11874556772515957,36.0,768000000.0,0.16666666666666666
INTEL,Intel Core i9-7900X,CPU,CPU package RAPL,1,64000000,8T,8,0.02819663888888889,0.02819663888888889,2.808959541666667,2.861917305555555,0.05303680555555556,99.55127791522901,101.4383025281838,0.07936583889945101,0.0808646749336362,4.539548206703685,0.045568480877366466,27.23728924022211,0.27341088526419877,71.5,2300.0,2300.0,0.021514629948364887,36.0,768000000.0,0.16666666666666666
INTEL,Intel Core i9-7900X,CPU,CPU package RAPL,2,64000000,8T,8,0.028195138888888888,0.028195138888888888,3.000579763888889,3.0555681805555555,0.05552370833333334,106.42738219569802,108.3777626514175,0.08459739241114468,0.0861477186516956,4.539789666063866,0.04265843716341487,27.238737996383193,0.25595062298048926,82.0,2324.5,2324.0,-0.043029259896729774,36.0,768000000.0,0.16666666666666666
INTEL,Intel Core i9-7900X,CPU,CPU package RAPL,3,64000000,8T,8,0.028191083333333332,0.028191083333333332,3.000418708333333,3.0556308750000003,0.055267625,106.43551673328378,108.39408835318832,0.08458184555225345,0.08613827745456944,4.540442752293105,0.042660713591245555,27.242656513758632,0.2559642815474733,82.0,2324.5,2324.0,-0.021505376344086023,36.0,768000000.0,0.16666666666666666
INTEL,Intel Core i9-7900X,CPU,CPU package RAPL,4,64000000,8T,8,0.02823663888888889,0.02823663888888889,3.065610875,3.1219310277777774,0.05588431944444445,108.56854622487884,110.5631238921531,0.08656254845303357,0.08815283980294214,4.533117436087855,0.041753517629389156,27.198704616527124,0.2505211057763349,85.0,2262.5,2262.0,-0.044222323186430414,36.0,768000000.0,0.16666666666666666
INTEL,Intel Core i9-7900X,CPU,CPU package RAPL,5,64000000,8T,8,0.028175180555555554,0.028175180555555554,2.987025763888889,3.0420889722222224,0.05498605555555556,105.83011348899333,107.76591880368925,0.08414932723446683,0.08570054641245525,4.543005528899502,0.042851995084201226,27.25803317339701,0.25711197050520734,81.0,2302.5,2299.5,-0.1301518438177874,36.0,768000000.0,0.16666666666666666
INTEL,Intel Core i9-7900X,CPU,CPU package RAPL,1,64000000,10T,10,0.028592,0.028592,3.207547942857143,3.264894742857143,0.057211285714285715,112.17746488000446,114.18305260014667,0.09171506788275102,0.09335481439566692,4.476776720765523,0.03990587287543933,26.860660324593134,0.239435237252636,74.0,2519.0,2459.5,-0.04067460317460317,35.0,768000000.0,0.16666666666666666
INTEL,Intel Core i9-7900X,CPU,CPU package RAPL,2,64000000,10T,10,0.0286041,0.0286041,3.3426916285714285,3.4023088,0.059704099999999996,116.82661713729804,118.92484809672456,0.09563459923293184,0.09732767688059021,4.474882973582531,0.03829260576835425,26.849297841495183,0.22975563461012546,81.0,2593.5,2579.5,0.0009097525473071334,35.0,768000000.0,0.16666666666666666
INTEL,Intel Core i9-7900X,CPU,CPU package RAPL,3,64000000,10T,10,0.028606785714285717,0.028606785714285717,3.4608205285714284,3.5201743857142853,0.05969754285714285,120.98325188344887,123.0537986117074,0.09899948014427837,0.10070226812698613,4.47446285223042,0.03698546402697682,26.84677711338252,0.22191278416186092,85.0,2399.5,2459.5,0.0,35.0,768000000.0,0.16666666666666666
INTEL,Intel Core i9-7900X,CPU,CPU package RAPL,4,64000000,10T,10,0.028593485714285716,0.028593485714285716,3.4621720142857146,3.5221104142857143,0.06035937142857143,121.1143750385967,123.21115331597265,0.09896954989628734,0.10068294604856408,4.476544108704033,0.03697101116134566,26.859264652224198,0.22182606696807394,86.0,2519.0,2519.5,0.0,35.0,768000000.0,0.16666666666666666
INTEL,Intel Core i9-7900X,CPU,CPU package RAPL,5,64000000,10T,10,0.028615114285714286,0.028615114285714286,3.3682008000000003,3.426413142857143,0.058504357142857136,117.71028849251704,119.74466575972589,0.09637880239812613,0.09804450959867755,4.473160537649592,0.03800251690998177,26.83896322589755,0.2280151014598906,82.5,2459.5,2400.0,0.0,35.0,768000000.0,0.16666666666666666
INTEL,Intel Core i9-7900X,CPU,CPU package RAPL,1,64000000,16T,16,0.028768214285714286,0.028768214285714286,3.0213414857142853,3.084222557142857,0.06283381428571429,105.02057765405472,107.20216243187986,0.0869279240606045,0.08873331434457551,4.4493550731477995,0.042365287275895176,26.6961304388868,0.254191723655371,75.0,3191.5,3180.0,-0.3758961127703065,35.0,768000000.0,0.16666666666666666
INTEL,Intel Core i9-7900X,CPU,CPU package RAPL,2,64000000,16T,16,0.028691271428571426,0.028691271428571426,3.0943402142857144,3.1577132000000003,0.06344515714285714,107.83788242338494,110.05492009011448,0.08877879370075346,0.09059637079295918,4.461287131448122,0.04136584614709568,26.767722788688737,0.24819507688257408,78.5,3177.5,3179.0,0.047209400955142304,35.0,768000000.0,0.16666666666666666
INTEL,Intel Core i9-7900X,CPU,CPU package RAPL,3,64000000,16T,16,0.02886182857142857,0.02886182857142857,3.4865528714285716,3.5515064,0.06472030000000001,120.78370615337693,123.03387365079789,0.10064313711480491,0.10250759628871142,4.434923441581759,0.03671248166367938,26.609540649490555,0.22027488998207628,86.0,3355.0,3199.5,-3.566475203138134,35.0,768000000.0,0.16666666666666666
INTEL,Intel Core i9-7900X,CPU,CPU package RAPL,4,64000000,16T,16,0.028852857142857142,0.028852857142857142,3.4832779285714284,3.546616642857143,0.06385738571428572,120.70896839340062,122.90946061177003,0.10051635195122571,0.1023441054076853,4.436302421151656,0.036747004421716106,26.61781452690994,0.2204820265302967,85.0,3209.0,3200.0,0.0,35.0,768000000.0,0.16666666666666666
INTEL,Intel Core i9-7900X,CPU,CPU package RAPL,5,64000000,16T,16,0.028919128571428573,0.028919128571428573,3.1747869714285715,3.2384942,0.06407027142857144,109.78493400799573,111.99999056327408,0.09181207057670286,0.09365442781732408,4.426136138286504,0.040317709751007694,26.556816829719025,0.2419062585060462,82.0,3177.5,3180.0,0.09447333236941081,35.0,768000000.0,0.16666666666666666
INTEL,Intel Core i9-7900X,CPU,CPU package RAPL,1,64000000,20T,20,0.0295495,0.0295495,3.457221661764706,3.525060058823529,0.0676712205882353,117.00940020636915,119.30538536385117,0.10214890086892214,0.10415329018389272,4.331714580657584,0.0370239540127829,25.990287483945504,0.2221437240766974,79.0,3604.0,3599.0,-0.1387039861690199,34.0,768000000.0,0.16666666666666666
INTEL,Intel Core i9-7900X,CPU,CPU package RAPL,2,64000000,20T,20,0.029894470588235293,0.029894470588235293,3.5879774852941178,3.656804088235294,0.06946425,120.00959628013908,122.31556290573386,0.1072606873368698,0.1093182221825372,4.281728275645422,0.035674694917199726,25.690369653872533,0.21404816950319838,82.0,3612.5,3599.5,-0.35985015962263744,34.0,768000000.0,0.16666666666666666
INTEL,Intel Core i9-7900X,CPU,CPU package RAPL,3,64000000,20T,20,0.029626220588235296,0.029626220588235296,3.573033779411765,3.6431356911764707,0.07015433823529413,120.6068793856,122.97315231284611,0.10585275447699612,0.1079295554992474,4.320497095898146,0.03582389885181532,25.922982575388872,0.21494339311089194,83.0,3999.0,3599.0,-9.977494373593398,34.0,768000000.0,0.16666666666666666
INTEL,Intel Core i9-7900X,CPU,CPU package RAPL,4,64000000,20T,20,0.02961842647058824,0.02961842647058824,3.6144882058823526,3.685290764705882,0.07066733823529411,121.98940251062561,124.37899875782767,0.10709558204866781,0.10919342713625776,4.321634049296961,0.03541303598047979,25.929804295781768,0.21247821588287874,85.0,3604.0,3599.0,-0.13873473917869034,34.0,768000000.0,0.16666666666666666
INTEL,Intel Core i9-7900X,CPU,CPU package RAPL,5,64000000,20T,20,0.029899911764705883,0.029899911764705883,3.6015819999999996,3.6710982352941177,0.06974549999999999,120.45572818298604,122.78071473484094,0.10768597807968208,0.1097644877236808,4.280949088023966,0.03553994082179274,25.68569452814379,0.21323964493075642,83.0,3607.0,3599.0,-0.19405942055185188,34.0,768000000.0,0.16666666666666666
INTEL,Intel Core i9-7900X,CPU,CPU package RAPL,1,128000000,1T,1,0.1004912,0.1004912,4.47609325,4.5649266,0.08682139999999999,44.54500132963281,45.429049342768124,0.44977912461889,0.458705522640175,2.5474867678748865,0.057192732736769725,15.284920607249319,0.34315639642061835,71.0,1377.0,1339.0,1.5946137491141035,10.0,1536000000.0,0.16666666666666666
INTEL,Intel Core i9-7900X,CPU,CPU package RAPL,2,128000000,1T,1,0.10047905000000001,0.10047905000000001,4.6529575,4.7438142,0.08925639999999999,46.30653964930914,47.20805668830751,0.467536846255605,0.47671489648695997,2.547794789078766,0.05501877056112678,15.286768734472595,0.33011262336676067,79.0,1339.0,1339.0,0.0,10.0,1536000000.0,0.16666666666666666
INTEL,Intel Core i9-7900X,CPU,CPU package RAPL,3,128000000,1T,1,0.1004392,0.1004392,4.68708825,4.7719007,0.08477575000000001,46.6460368080765,47.490091995168584,0.47096812277992495,0.479490257145895,2.548805647585331,0.05461867451757281,15.292833885511984,0.3277120471054369,81.0,1439.0,1339.5,-2.2174208961448088,10.0,1536000000.0,0.16666666666666666
INTEL,Intel Core i9-7900X,CPU,CPU package RAPL,4,128000000,1T,1,0.10063845,0.10063845,4.705587899999999,4.79195945,0.08673265,46.75542868742936,47.613629301178506,0.47358260122703993,0.48227525950332,2.5437593684944675,0.05440340410824164,15.262556210966807,0.3264204246494498,83.0,1339.0,1340.0,0.07473841554559044,10.0,1536000000.0,0.16666666666666666
INTEL,Intel Core i9-7900X,CPU,CPU package RAPL,5,128000000,1T,1,0.10063005,0.10063005,4.71695875,4.8019824,0.08626525,46.87370537067134,47.71860730754993,0.474673375258875,0.48322942273968,2.543971706340674,0.05427819723623839,15.263830238044045,0.32566918341743034,82.0,1338.5,1339.5,0.07471050725001702,10.0,1536000000.0,0.16666666666666666
INTEL,Intel Core i9-7900X,CPU,CPU package RAPL,1,128000000,2T,2,0.06566731249999999,0.06566731249999999,3.88305621875,3.9753305,0.0928203125,59.06742502893318,60.47106079324116,0.2552697632404726,0.2613358270503242,3.898440915351687,0.06592809013916517,23.390645492110117,0.39556854083499104,78.0,1570.5,1604.5,1.9421850358528753e-05,16.0,1536000000.0,0.16666666666666666
INTEL,Intel Core i9-7900X,CPU,CPU package RAPL,2,128000000,2T,2,0.06581509375,0.06581509375,3.96762975,4.06298221875,0.09558290625,60.34538608610319,61.80481397487928,0.2598360917263672,0.26608063969519924,3.8896862169444524,0.0645221505987304,23.338117301666713,0.38713290359238245,81.0,1613.0,1619.0,0.030883261272390366,16.0,1536000000.0,0.16666666666666666
INTEL,Intel Core i9-7900X,CPU,CPU package RAPL,3,128000000,2T,2,0.06591825,0.06591825,3.98362475,4.073429031250001,0.09033503125,60.466721939801076,61.83435651359986,0.26270570678788674,0.2686722972756348,3.8835988089983395,0.06426308468743272,23.301592853990034,0.3855785081245964,80.0,1604.5,1604.0,-0.03115264797507788,16.0,1536000000.0,0.16666666666666666
INTEL,Intel Core i9-7900X,CPU,CPU package RAPL,4,128000000,2T,2,0.065759875,0.065759875,3.98619584375,4.0806575625,0.0955365625,60.622710873217464,62.059772065321695,0.2621069921839004,0.2683182002758633,3.8929514399917027,0.06422175689983814,23.357708639950214,0.3853305413990289,82.5,1542.0,1542.5,-0.033783783783783786,16.0,1536000000.0,0.16666666666666666
INTEL,Intel Core i9-7900X,CPU,CPU package RAPL,5,128000000,2T,2,0.0659459375,0.0659459375,3.9946930937499996,4.084962625,0.0902518125,60.52702289501438,61.89477255918435,0.26377800037116794,0.2697386785328848,3.8819677293871004,0.06408503495365578,23.2918063763226,0.3845102097219346,81.0,1529.5,1479.0,0.03427004797806717,16.0,1536000000.0,0.16666666666666666
INTEL,Intel Core i9-7900X,CPU,CPU package RAPL,1,128000000,4T,4,0.05662300000000001,0.05662300000000001,4.018508805555555,4.110324111111111,0.09116038888888889,70.98650944256376,72.6084166863246,0.22748566099179937,0.23268327655679782,4.521130991280511,0.0637052531938293,27.126785947683068,0.3822315191629759,70.0,1719.5,1720.0,-0.14539958944009918,18.0,1536000000.0,0.16666666666666666
INTEL,Intel Core i9-7900X,CPU,CPU package RAPL,2,128000000,4T,4,0.05670572222222223,0.05670572222222223,4.328580166666667,4.422804333333334,0.09401127777777779,76.2781890967982,77.91853028500975,0.24545508741611266,0.25079728425054015,4.514535570716366,0.05914184077543512,27.0872134242982,0.3548510446526107,80.0,1816.0,1783.5,0.2032013622764142,18.0,1536000000.0,0.16666666666666666
INTEL,Intel Core i9-7900X,CPU,CPU package RAPL,3,128000000,4T,4,0.05666161111111111,0.05666161111111111,4.349794888888889,4.442803944444444,0.09292369444444445,76.77883658721149,78.4255990862001,0.24643977340474382,0.25168449918427005,4.518050140501403,0.0588533777759151,27.108300843008422,0.3531202666554907,81.0,1852.0,1840.0,-0.6749460043196545,18.0,1536000000.0,0.16666666666666666
INTEL,Intel Core i9-7900X,CPU,CPU package RAPL,4,128000000,4T,4,0.0566531388888889,0.0566531388888889,4.3370012777777776,4.429251333333333,0.09276305555555556,76.53465696375193,78.16258410361772,0.245646991816875,0.2508824716707083,4.518725861207471,0.05902703418559462,27.112355167244825,0.3541622051135677,82.0,1847.5,1785.0,-0.45779431192203196,18.0,1536000000.0,0.16666666666666666
INTEL,Intel Core i9-7900X,CPU,CPU package RAPL,5,128000000,4T,4,0.05688963888888889,0.05688963888888889,4.322552972222223,4.413289194444444,0.09145191666666666,75.96255125805727,77.56142781835801,0.2459731555579815,0.25118540483170987,4.4999407369219355,0.05922429340479743,26.999644421531613,0.3553457604287845,80.0,1712.5,1717.5,-0.11689058712354655,18.0,1536000000.0,0.16666666666666666
INTEL,Intel Core i9-7900X,CPU,CPU package RAPL,1,128000000,8T,8,0.05717791666666666,0.05717791666666666,5.913748972222223,6.022035972222222,0.10826788888888889,103.4312934719463,105.31778319912954,0.33780266730845376,0.34395802117907404,4.477253021689064,0.0432889648765383,26.863518130134388,0.25973378925922985,78.0,2300.0,2299.0,-0.49604027223022634,18.0,1536000000.0,0.16666666666666666
INTEL,Intel Core i9-7900X,CPU,CPU package RAPL,2,128000000,8T,8,0.05710069444444445,0.05710069444444445,5.997721277777778,6.105865055555555,0.10956544444444444,104.97505936392125,106.89401499438752,0.34238372104831327,0.3486235690373657,4.483313015497167,0.042682879448033756,26.89987809298301,0.2560972766882026,80.0,2321.5,2299.5,-2.7800765627510167,18.0,1536000000.0,0.16666666666666666
INTEL,Intel Core i9-7900X,CPU,CPU package RAPL,3,128000000,8T,8,0.05694477777777778,0.05694477777777778,5.954459305555556,6.0601304166666665,0.10605661111111112,104.5912624575022,106.45886323354146,0.3391987919004228,0.3452111444198256,4.495584142335655,0.042992989345767736,26.973504854013925,0.25795793607460643,79.0,2308.0,2300.0,-0.06517961696823178,18.0,1536000000.0,0.16666666666666666
INTEL,Intel Core i9-7900X,CPU,CPU package RAPL,4,128000000,8T,8,0.05714905555555556,0.05714905555555556,6.087988638888889,6.195162722222221,0.10696058333333333,106.49017672520765,108.35460599689576,0.34786957790240436,0.35400504882083794,4.479514212400012,0.04205002083786863,26.877085274400073,0.2523001250272118,83.0,2305.5,2296.0,-0.6077721867284823,18.0,1536000000.0,0.16666666666666666
INTEL,Intel Core i9-7900X,CPU,CPU package RAPL,5,128000000,8T,8,0.057196444444444446,0.057196444444444446,6.000272861111111,6.108634222222221,0.10886758333333334,104.91387199073372,106.81915143767874,0.34338760441362964,0.34958498731670984,4.475802724398418,0.042664727676676034,26.854816346390507,0.25598836606005626,80.0,2198.0,2198.5,0.29734675205855443,18.0,1536000000.0,0.16666666666666666
INTEL,Intel Core i9-7900X,CPU,CPU package RAPL,1,128000000,10T,10,0.05742191666666667,0.05742191666666667,6.453913777777778,6.569114277777778,0.1150675,112.3604483103905,114.366049009427,0.3707087984239136,0.3773258465710586,4.458228057606096,0.03966589587309844,26.749368345636583,0.23799537523859066,74.0,2523.0,2520.0,-0.13860611544697055,18.0,1536000000.0,0.16666666666666666
INTEL,Intel Core i9-7900X,CPU,CPU package RAPL,2,128000000,10T,10,0.05742680555555556,0.05742680555555556,6.757557861111112,6.876860472222223,0.11902294444444445,117.65793733459967,119.7351513001986,0.3881131146286312,0.39496513533467126,4.457848518451365,0.03788383472549173,26.747091110708187,0.22730300835295036,83.0,2579.5,2519.0,-4.601370463830982,18.0,1536000000.0,0.16666666666666666
INTEL,Intel Core i9-7900X,CPU,CPU package RAPL,3,128000000,10T,10,0.057436638888888884,0.057436638888888884,6.740040805555555,6.857573722222222,0.11662725000000002,117.35444757190524,119.40087589170211,0.3871592910946651,0.3938555118657562,4.457085331113664,0.037981966115994976,26.742511986681976,0.22789179669596982,82.0,2399.0,2400.0,0.041684035014589414,18.0,1536000000.0,0.16666666666666666
INTEL,Intel Core i9-7900X,CPU,CPU package RAPL,4,128000000,10T,10,0.05752191666666667,0.05752191666666667,6.935245972222223,7.05140825,0.11642961111111111,120.5568337422101,122.57610648445281,0.39889170848043054,0.40559007278683484,4.450477596526642,0.03691289426294794,26.702865579159855,0.22147736557768766,85.0,2519.0,2519.0,-0.019833399444664817,18.0,1536000000.0,0.16666666666666666
INTEL,Intel Core i9-7900X,CPU,CPU package RAPL,5,128000000,10T,10,0.05733486111111111,0.05733486111111111,6.715492833333332,6.831715444444445,0.11624688888888889,117.05534258307473,119.08117427186147,0.3852694530481497,0.39193718193798455,4.464997299183201,0.03812081355895598,26.78998379509921,0.22872488135373586,83.0,2520.0,2519.0,0.0,18.0,1536000000.0,0.16666666666666666
INTEL,Intel Core i9-7900X,CPU,CPU package RAPL,1,128000000,16T,16,0.05766694444444444,0.05766694444444444,6.183562638888889,6.307418805555555,0.12467627777777779,107.22632461130127,109.36820371980565,0.3566848950167623,0.363802000235679,4.439284987463335,0.041400082059961194,26.635709924780016,0.24840049235976713,78.0,2819.0,2822.0,-0.3162036590652365,18.0,1536000000.0,0.16666666666666666
INTEL,Intel Core i9-7900X,CPU,CPU package RAPL,2,128000000,16T,16,0.057665027777777766,0.057665027777777766,6.337682833333334,6.463590222222223,0.12650719444444444,109.91288135259472,112.0951098603281,0.36543691297510184,0.3727323043789923,4.439432529904405,0.040393367981901324,26.63659517942643,0.2423602078914079,82.0,2837.0,2835.0,-0.0007754383197960193,18.0,1536000000.0,0.16666666666666666
INTEL,Intel Core i9-7900X,CPU,CPU package RAPL,3,128000000,16T,16,0.05763469444444444,0.05763469444444444,6.33430725,6.459922361111111,0.12549144444444443,109.89964238840606,112.07905449660934,0.36509171281540126,0.37233181036912194,4.44176901553072,0.0404148449780066,26.650614093184316,0.2424890698680396,82.0,2697.0,2700.0,0.12980132887514317,18.0,1536000000.0,0.16666666666666666
INTEL,Intel Core i9-7900X,CPU,CPU package RAPL,4,128000000,16T,16,0.05754536111111111,0.05754536111111111,6.270481583333334,6.393816694444444,0.12294783333333334,108.97095676266491,111.12042438629294,0.36087021833358335,0.36794594620821297,4.4486644122479895,0.0408262105300143,26.691986473487937,0.2449572631800858,81.0,2699.0,2699.0,0.05561735261401557,18.0,1536000000.0,0.16666666666666666
INTEL,Intel Core i9-7900X,CPU,CPU package RAPL,5,128000000,16T,16,0.057563500000000004,0.057563500000000004,6.305781833333334,6.430794305555555,0.1250796388888889,109.53076021026067,111.68938455579783,0.3629828732616019,0.3701790286974892,4.447262588537196,0.04059766459884302,26.683575531223177,0.24358598759305813,81.0,2698.0,2699.0,6.871429776872384e-06,18.0,1536000000.0,0.16666666666666666
INTEL,Intel Core i9-7900X,CPU,CPU package RAPL,1,128000000,20T,20,0.059538588235294114,0.059538588235294114,6.223848470588235,6.350180117647058,0.12572191176470587,104.25083528046773,106.34849471780672,0.36871993413982695,0.37605354116168854,4.299732492618412,0.041132111556619735,25.798394955710478,0.24679266933971844,63.0,3620.5,3611.5,-0.0966316951960243,17.0,1536000000.0,0.16666666666666666
INTEL,Intel Core i9-7900X,CPU,CPU package RAPL,2,128000000,20T,20,0.058964676470588236,0.058964676470588236,7.158795147058823,7.297265558823529,0.13768467647058824,121.4005691903995,123.74878313069937,0.42214256819639623,0.43030794641982184,4.341582374574559,0.03576020766474351,26.04949424744735,0.21456124598846105,83.0,3600.5,3599.0,-0.04165895276003579,17.0,1536000000.0,0.16666666666666666
INTEL,Intel Core i9-7900X,CPU,CPU package RAPL,3,128000000,20T,20,0.05874283333333333,0.05874283333333333,7.12253525,7.2579955,0.13569655555555554,121.25676798702368,123.56289509118596,0.41837259261759874,0.42632943042576543,4.357978420623887,0.03594260952852451,26.147870523743318,0.21565565717114707,84.0,3999.0,3599.5,-9.977494373593398,18.0,1536000000.0,0.16666666666666666
INTEL,Intel Core i9-7900X,CPU,CPU package RAPL,4,128000000,20T,20,0.05918376470588235,0.05918376470588235,7.18357355882353,7.3197746176470595,0.13648005882352943,121.36534170543062,123.6743139957207,0.42513952086242557,0.4332001954843149,4.325510573864735,0.03563686630132232,25.95306344318841,0.2138211978079339,84.0,3599.5,3599.0,0.0,17.0,1536000000.0,0.16666666666666666
INTEL,Intel Core i9-7900X,CPU,CPU package RAPL,5,128000000,20T,20,0.058936441176470594,0.058936441176470594,7.057846852941177,7.191702970588235,0.13429485294117646,119.76566249792316,122.03708716721172,0.41594713390123184,0.42385789642175775,4.34366234052862,0.03627168535912107,26.061974043171716,0.21763011215472644,82.0,3599.5,3599.0,-0.013888888888888888,17.0,1536000000.0,0.16666666666666666
INTEL,Intel Core i9-7900X,CPU,CPU package RAPL,1,256000000,1T,1,0.1999323,0.1999323,9.222181,9.3994147,0.1768236,46.12873609361293,47.015246714844295,1.84372331217312,1.87915637414664,2.560866853538156,0.055518320515123266,15.365201121228935,0.3331099230907396,77.0,1339.0,1339.0,0.0,5.0,3072000000.0,0.16666666666666666
INTEL,Intel Core i9-7900X,CPU,CPU package RAPL,2,256000000,1T,1,0.2001581,0.2001581,9.2563484,9.4378342,0.180566,46.24347623585879,47.15335790770028,1.85331803286474,1.88941079244858,2.5579779190690446,0.05531339008568248,15.347867514414268,0.3318803405140949,82.0,1339.0,1339.5,0.07468259895444361,5.0,3072000000.0,0.16666666666666666
INTEL,Intel Core i9-7900X,CPU,CPU package RAPL,3,256000000,1T,1,0.2007078,0.2007078,9.293335599999999,9.470433199999999,0.1777646,46.307634978261376,47.19009284613779,1.86505070124964,1.90059184293418,2.550972111550324,0.0550932436973028,15.305832669301944,0.3305594621838168,82.0,1368.5,1340.0,0.3001040622399846,5.0,3072000000.0,0.16666666666666666
INTEL,Intel Core i9-7900X,CPU,CPU package RAPL,4,256000000,1T,1,0.2010681,0.2010681,9.5221436,9.6946175,0.17453629999999998,47.3486586182435,48.20627931926663,1.9149692047195601,1.94965499015938,2.5464009476545373,0.05376945976776783,15.278405685927222,0.3226167586066069,85.0,1339.0,1340.0,0.07468259895444361,5.0,3072000000.0,0.16666666666666666
INTEL,Intel Core i9-7900X,CPU,CPU package RAPL,5,256000000,1T,1,0.2006293,0.2006293,9.303394099999998,9.476441600000001,0.1725015,46.37566409699658,47.23827320420932,1.8663482989895,1.90106325506112,2.551970243366412,0.05503368397272081,15.311821460198471,0.33020210383632487,82.0,1336.0,1339.5,0.26214471239716464,5.0,3072000000.0,0.16666666666666666
INTEL,Intel Core i9-7900X,CPU,CPU package RAPL,1,256000000,2T,2,0.135046875,0.135046875,7.8770550625,8.0581315,0.17931125,58.22823500992679,59.5476146197411,1.0633546200363826,1.0875932352575,3.791276511946148,0.06499891301169514,22.747659071676885,0.3899934780701708,75.0,1559.5,1532.5,0.9955000766959143,8.0,3072000000.0,0.16666666666666666
INTEL,Intel Core i9-7900X,CPU,CPU package RAPL,2,256000000,2T,2,0.1345499375,0.1345499375,8.0917723125,8.2699169375,0.178092,59.91352415301225,61.22703627504793,1.08874559176975,1.1127145177913127,3.8052953837642858,0.06327419037070037,22.831772302585712,0.37964514222420226,81.0,1470.5,1479.0,2.762439742282377,8.0,3072000000.0,0.16666666666666666
INTEL,Intel Core i9-7900X,CPU,CPU package RAPL,3,256000000,2T,2,0.1341823125,0.1341823125,7.96736775,8.1481659375,0.17656675,59.37549459232415,60.72286237982502,1.0691102402795938,1.0933708654230547,3.815704111292948,0.0642621377434805,22.894224667757687,0.385572826460883,82.0,1616.0,1620.0,0.24760138552554944,8.0,3072000000.0,0.16666666666666666
INTEL,Intel Core i9-7900X,CPU,CPU package RAPL,4,256000000,2T,2,0.1340774375,0.1340774375,8.125505625,8.2971954375,0.1727274375,60.57623984758433,61.85817649708321,1.0895164266743516,1.112537614941953,3.8186887825140774,0.06301171848252697,22.912132695084466,0.37807031089516185,83.0,1556.5,1615.0,0.4713066260987153,8.0,3072000000.0,0.16666666666666666
INTEL,Intel Core i9-7900X,CPU,CPU package RAPL,5,256000000,2T,2,0.1352796875,0.1352796875,8.1295683125,8.298509,0.16939675,60.11514607574624,61.351536556552944,1.1026115222467032,1.1255252394094062,3.7847538250944326,0.06298010296525361,22.708522950566596,0.37788061779152177,81.0,1478.0,1469.0,-0.034013605442176874,8.0,3072000000.0,0.16666666666666666
INTEL,Intel Core i9-7900X,CPU,CPU package RAPL,1,256000000,4T,4,0.11735116666666666,0.11735116666666666,7.8215708333333325,7.991359999999999,0.16892305555555553,66.70991649295149,68.15833890312283,0.9173128803937223,0.9371010001630493,4.362973514919469,0.0654599973304829,26.17784108951681,0.39275998398289735,59.0,1893.5,1832.5,-3.496732026143791,9.0,3072000000.0,0.16666666666666666
INTEL,Intel Core i9-7900X,CPU,CPU package RAPL,2,256000000,4T,4,0.1161355,0.1161355,8.71435688888889,8.889787555555555,0.1739015,75.09130244086316,76.60298911905845,1.0113025456159015,1.0316612105624197,4.408643352577185,0.058753739150984474,26.45186011546311,0.3525224349059069,79.0,1850.5,1839.5,-0.7216332067391042,9.0,3072000000.0,0.16666666666666666
INTEL,Intel Core i9-7900X,CPU,CPU package RAPL,3,256000000,4T,4,0.11613077777777778,0.11613077777777778,8.84801338888889,9.021134555555555,0.17330394444444444,76.05997670443321,77.55061080187667,1.0287443794420432,1.048873152455562,4.408822623416999,0.057866191351564955,26.452935740501985,0.34719714810938973,79.0,1838.0,1835.0,0.02569474515397743,9.0,3072000000.0,0.16666666666666666
INTEL,Intel Core i9-7900X,CPU,CPU package RAPL,4,256000000,4T,4,0.11670538888888889,0.11670538888888889,9.128960833333334,9.306031222222222,0.17900405555555554,78.28090378413326,79.82070246622482,1.066694792862105,1.087192122511679,4.387117821635984,0.05608525456871441,26.322706929815904,0.3365115274122865,83.0,1854.5,1849.0,-0.2956989247311828,9.0,3072000000.0,0.16666666666666666
INTEL,Intel Core i9-7900X,CPU,CPU package RAPL,5,256000000,4T,4,0.11683866666666666,0.11683866666666666,8.9118865,9.084991500000001,0.17422616666666668,76.30188207723928,77.78769387987343,1.0416433781643022,1.0620296538762222,4.382110950729377,0.05745139592623816,26.292665704376258,0.34470837555742895,80.0,1834.5,1719.0,-3.35352078827205,9.0,3072000000.0,0.16666666666666666
INTEL,Intel Core i9-7900X,CPU,CPU package RAPL,1,256000000,8T,8,0.1159213888888889,0.1159213888888889,11.061040722222224,11.269175166666667,0.204878,95.40089571361021,97.19603732280257,1.2824473667813088,1.3065791393042718,4.4167862842603025,0.04628899197076709,26.500717705561815,0.2777339518246026,65.0,2263.0,2323.5,-0.06573802541544477,9.0,3072000000.0,0.16666666666666666
INTEL,Intel Core i9-7900X,CPU,CPU package RAPL,2,256000000,8T,8,0.11609,0.11609,12.067117944444444,12.276445833333334,0.21057900000000002,103.9219004043613,105.74938260407002,1.4005815007942655,1.4251725976899445,4.41037126400199,0.042429352460375665,26.462227584011934,0.254576114762254,79.0,2319.0,2300.0,-1.0933332741847805,9.0,3072000000.0,0.16666666666666666
INTEL,Intel Core i9-7900X,CPU,CPU package RAPL,3,256000000,8T,8,0.1159725,0.1159725,12.165764055555556,12.379323333333332,0.21346477777777778,104.79389566120398,106.6364854070237,1.4117735702919012,1.4366598008814815,4.414839733324418,0.04208533988015897,26.48903839994651,0.25251203928095384,80.0,2386.0,2300.0,-3.7902685696919214,9.0,3072000000.0,0.16666666666666666
INTEL,Intel Core i9-7900X,CPU,CPU package RAPL,4,256000000,8T,8,0.11640955555555556,0.11640955555555556,12.2797605,12.492407555555555,0.21242605555555555,105.4676346670872,107.28261883168928,1.4291940571901232,1.4539107275678824,4.398265667342084,0.04169462456537997,26.389594004052505,0.2501677473922798,82.0,2311.0,2294.5,-0.08590849067842538,9.0,3072000000.0,0.16666666666666666
INTEL,Intel Core i9-7900X,CPU,CPU package RAPL,5,256000000,8T,8,0.115885,0.115885,12.264515333333334,12.478817333333334,0.21492594444444446,105.84356584330814,107.69301144038158,1.4211384738257777,1.4459704319005926,4.41817318903885,0.041746452011859246,26.5090391342331,0.25047871207115546,81.0,2262.0,2262.0,0.021514629948364887,9.0,3072000000.0,0.16666666666666666
INTEL,Intel Core i9-7900X,CPU,CPU package RAPL,1,256000000,10T,10,0.11625833333333334,0.11625833333333334,12.193345111111112,12.412226888888888,0.2188971111111111,104.88302584013758,106.76577236025608,1.417556977301457,1.4430034365871234,4.403985377718136,0.0419901184444706,26.423912266308818,0.2519407106668236,64.0,2520.0,2519.5,-0.33529868309048116,9.0,3072000000.0,0.16666666666666666
INTEL,Intel Core i9-7900X,CPU,CPU package RAPL,2,256000000,10T,10,0.11642344444444444,0.11642344444444444,13.495872722222222,13.723886888888888,0.22967505555555556,115.9209788907578,117.8870461952811,1.5711296412699012,1.597674026222716,4.397739670818737,0.03793763086153342,26.386438024912426,0.22762578516920054,81.0,2523.5,2519.5,-2.460223090425231,9.0,3072000000.0,0.16666666666666666
INTEL,Intel Core i9-7900X,CPU,CPU package RAPL,3,256000000,10T,10,0.11639933333333333,0.11639933333333333,13.594339111111111,13.820353277777777,0.22742433333333334,116.82030570468348,118.73826853861061,1.5819482924555741,1.6082490952869075,4.398650622607712,0.03766273574921574,26.391903735646274,0.22597641449529443,83.0,2520.0,2519.0,-0.13866097156900464,9.0,3072000000.0,0.16666666666666666
INTEL,Intel Core i9-7900X,CPU,CPU package RAPL,4,256000000,10T,10,0.1162913888888889,0.1162913888888889,13.801186722222223,14.029914944444444,0.22891183333333334,118.66871088661472,120.63542197659194,1.6046932728653212,1.631264747400389,4.402733633054611,0.037098526078281055,26.41640179832767,0.22259115646968636,84.0,2520.0,2519.5,-0.01984126984126984,9.0,3072000000.0,0.16666666666666666
INTEL,Intel Core i9-7900X,CPU,CPU package RAPL,5,256000000,10T,10,0.11635538888888888,0.11635538888888888,13.665502499999999,13.890206777777777,0.22500944444444443,117.44685351539707,119.37805289562576,1.590046501818642,1.616191918480284,4.400311879744911,0.037466621067106604,26.40187127846946,0.2247997264026396,83.0,2520.5,2519.0,-0.03965107057890563,9.0,3072000000.0,0.16666666666666666
INTEL,Intel Core i9-7900X,CPU,CPU package RAPL,1,256000000,16T,16,0.11642244444444444,0.11642244444444444,12.032521277777779,12.272880055555556,0.23748233333333332,103.34006418825533,105.40436566766653,1.401020750732858,1.4290071398474073,4.397777442941146,0.042551352979426076,26.38666465764687,0.25530811787655644,73.0,2699.5,2701.0,0.07416336196613099,9.0,3072000000.0,0.16666666666666666
INTEL,Intel Core i9-7900X,CPU,CPU package RAPL,2,256000000,16T,16,0.11642255555555556,0.11642255555555556,12.80090788888889,13.04494122222222,0.24555988888888886,109.95757554470856,112.06475773512224,1.4900946583696482,1.5185014345766668,4.397773245607384,0.03999716305363101,26.38663947364431,0.23998297832178608,79.0,3259.0,2699.5,-15.050751076722534,9.0,3072000000.0,0.16666666666666666
INTEL,Intel Core i9-7900X,CPU,CPU package RAPL,3,256000000,16T,16,0.1163765,0.1163765,12.840570444444445,13.090841000000001,0.2494716111111111,110.32647105938048,112.46643916884378,1.4936645668903703,1.5227769296474445,4.399513654092827,0.03987363384680664,26.397081924556964,0.2392418030808398,82.0,2709.5,2764.0,-0.22153888205548722,9.0,3072000000.0,0.16666666666666666
INTEL,Intel Core i9-7900X,CPU,CPU package RAPL,4,256000000,16T,16,0.11640977777777778,0.11640977777777778,13.281565277777778,13.529262055555556,0.24769677777777777,114.10361975519666,116.2331536341095,1.545921810526821,1.5747527380857038,4.398255988968557,0.038549673147120704,26.389535933811338,0.23129803888272427,84.0,3240.5,2700.0,-16.643482762960673,9.0,3072000000.0,0.16666666666666666
INTEL,Intel Core i9-7900X,CPU,CPU package RAPL,5,256000000,16T,16,0.11635527777777778,0.11635527777777778,12.73991361111111,12.985056166666666,0.24589305555555555,109.5046125823013,111.61170714560237,1.4824579846644814,1.5111635887125185,4.400316081781588,0.040188679686556344,26.401896490689523,0.24113207811933807,81.0,2702.0,2699.0,-0.0925240562546262,9.0,3072000000.0,0.16666666666666666
INTEL,Intel Core i9-7900X,CPU,CPU package RAPL,1,256000000,20T,20,0.11770583333333333,0.11770583333333333,13.464242944444443,13.717466444444444,0.2549608888888889,114.38325149497479,116.5344690928533,1.5848984598479627,1.6147058309806295,4.349826902126718,0.03802664678948648,26.098961412760314,0.22815988073691884,75.0,3600.0,3600.0,0.0,9.0,3072000000.0,0.16666666666666666
INTEL,Intel Core i9-7900X,CPU,CPU package RAPL,2,256000000,20T,20,0.11776077777777777,0.11776077777777777,14.179356166666667,14.44753288888889,0.2687861111111111,120.41669478180935,122.69415908844779,1.669653561910574,1.7012319985171729,4.347797376341777,0.036108842477716646,26.086784258050663,0.21665305486629988,83.0,3600.0,3600.0,-0.027777777777777776,9.0,3072000000.0,0.16666666666666666
INTEL,Intel Core i9-7900X,CPU,CPU package RAPL,3,256000000,20T,20,0.11776544444444445,0.11776544444444445,14.262607944444444,14.53093511111111,0.2673003333333333,121.11498476972226,123.40279749828814,1.6795773528413394,1.711175795438543,4.347625082252938,0.035898089325935884,26.08575049351763,0.21538853595561533,84.0,3600.0,3599.5,-0.013888888888888888,9.0,3072000000.0,0.16666666666666666
INTEL,Intel Core i9-7900X,CPU,CPU package RAPL,4,256000000,20T,20,0.1177856111111111,0.1177856111111111,14.44996838888889,14.718474055555555,0.27001105555555555,122.68734654397971,124.96708999478517,1.7019001087886854,1.7335244130933642,4.346880709732639,0.03543263169802226,26.081284258395833,0.21259579018813352,86.0,3600.5,3599.0,-0.04165895276003579,9.0,3072000000.0,0.16666666666666666
INTEL,Intel Core i9-7900X,CPU,CPU package RAPL,5,256000000,20T,20,0.11798283333333333,0.11798283333333333,14.246213277777777,14.514174944444445,0.26625655555555555,120.76245469011359,123.01172740899882,1.6806100851156172,1.7122212536032717,4.339614394940094,0.03593938202708568,26.037686369640564,0.21563629216251406,84.0,3600.5,3599.5,-0.013888888888888888,9.0,3072000000.0,0.16666666666666666
