"timestamp","host","gpu_name","matrix_size","mode","batches","seconds_target","seconds_gpu","seconds_wall","energy_j","avg_power_w","below_target","workload","impl","dtype","N","passes_kernel","passes_e2e","seconds_kernel","energy_kernel_j","avg_power_w_kernel","avg_power_w_e2e","bytes_total","bw_gb_s","time_mode","energy_mode","includes_transfer","device_name","driver_version","pcie_gen_current","pcie_width_current","pcie_rx_kbs","pcie_tx_kbs","clocks_sm_mhz","clocks_mem_mhz","temp_c","throttle_reasons","notes","energy_batch_j","kWh_batch","seconds_batch","M","K","flops_batch","joule_per_gflop","gflops","flops_per_watt","kWh_e2e","market_area","de_price_eur_kwh_run","de_eur_job","de_price_sync","de_eur_job_sync","fr_price_eur_kwh_run","fr_eur_job","fr_price_sync","fr_eur_job_sync","pl_price_eur_kwh_run","pl_eur_job","pl_price_sync","pl_eur_job_sync","price_eur_kwh_run","eur_job","price_sync","eur_job_sync","de_price_eur_kwh_batch","de_eur_batch","de_eur_batch_sync","de_eur_job_from_batches","fr_price_eur_kwh_batch","fr_eur_batch","fr_eur_batch_sync","fr_eur_job_from_batches","pl_price_eur_kwh_batch","pl_eur_batch","pl_eur_batch_sync","pl_eur_job_from_batches","price_eur_kwh_batch","eur_batch","eur_batch_sync","eur_job_from_batches"
"2024-09-13 01:04:44+02:00","rock-tobefilledbyoem","AMD Ryzen Threadripper 3970X 32-Core Processor","0","kernel","1419","1.0","0.1245","0,1245","7,041","56.5","1","reduction","openblas","fp32","0","1419","462","0.1245","7.041","56.5","55.7","11352000000","91.16","kernel","kernel","0","AMD Ryzen Threadripper 3970X 32-Core Processor","","","","0","0","","","36.5","0","OPENBLAS_NUM_THREADS=20; e2e_host_memcpy=1; e2e_bw=mixed","0.0049619450317124735","1,378318064364576e-09","8.773784355179703e-05","0","0","","","","","1,9558333333333334e-06","DE","0,09152","1,7899786666666667e-07","0,07830997222222223","1,5316125400462964e-07","0,09187","1,7968240833333333e-07","0,09501313888888888","1,858298641435185e-07","0,09187","1,7968240833333333e-07","0,09501313888888888","1,858298641435185e-07","0,09152","1,7899786666666667e-07","0,07830997222222223","1,5316125400462964e-07","0,09152","1,26143669250646e-10","1,0793604933377706e-10","1,7899786666666667e-07","0,09187","1,2662608057317358e-10","1,3095832568253595e-10","1,796824083333333e-07","0,09187","1,2662608057317358e-10","1,3095832568253595e-10","1,796824083333333e-07","0,09152","1,26143669250646e-10","1,0793604933377706e-10","1,7899786666666667e-07"
"2024-09-13 01:04:44+02:00","rock-tobefilledbyoem","AMD Ryzen Threadripper 3970X 32-Core Processor","0","e2e","462","1.0","0.1245","0,0955","5,325","55.7","1","reduction","openblas","fp32","0","1419","462","0.1245","7.041","56.5","55.7","1848000000","19.34","e2e","e2e","0","AMD Ryzen Threadripper 3970X 32-Core Processor","","","","0","0","","","36.5","0","OPENBLAS_NUM_THREADS=20; e2e_host_memcpy=1; e2e_bw=mixed","0.011525974025974026","3,2016594516594522e-09","0.00020670995670995672","0","0","0.0","","0.0","0.0","1,4791666666666668e-06","DE","0,09152","1,3537333333333335e-07","0,07830997222222223","1,1583350057870373e-07","0,09187","1,3589104166666668e-07","0,09501313888888888","1,405402679398148e-07","0,09187","1,3589104166666668e-07","0,09501313888888888","1,405402679398148e-07","0,09152","1,3537333333333335e-07","0,07830997222222223","1,1583350057870373e-07","0,09152","2,930158730158731e-10","2,5072186272446695e-10","1,3537333333333337e-07","0,09187","2,9413645382395385e-10","3,0419971415544334e-10","1,3589104166666668e-07","0,09187","2,9413645382395385e-10","3,0419971415544334e-10","1,3589104166666668e-07","0,09152","2,930158730158731e-10","2,5072186272446695e-10","1,3537333333333337e-07"
"2024-09-13 01:04:47+02:00","rock-tobefilledbyoem","AMD Ryzen Threadripper 3970X 32-Core Processor","0","kernel","2007","1.0","0.3473","0,3473","19,319","55.6","1","reduction","openblas","fp32","0","2007","615","0.3473","19.319","55.6","55.1","24084000000","69.35","kernel","kernel","0","AMD Ryzen Threadripper 3970X 32-Core Processor","","","","0","0","","","37.4","0","OPENBLAS_NUM_THREADS=20; e2e_host_memcpy=1; e2e_bw=mixed","0.00962580966616841","2,673836018380113e-09","0.00017304434479322372","0","0","","","","","5,3663888888888886e-06","DE","0,09152","4,911319111111111e-07","0,07830997222222223","4,202417648225309e-07","0,09187","4,930101472222221e-07","0,09501313888888888","5,0987745283179e-07","0,09187","4,930101472222221e-07","0,09501313888888888","5,0987745283179e-07","0,09152","4,911319111111111e-07","0,07830997222222223","4,202417648225309e-07","0,09152","2,4470947240214795e-10","2,0938802432612395e-10","4,911319111111109e-07","0,09187","2,4564531500858095e-10","2,540495529804633e-10","4,93010147222222e-07","0,09187","2,4564531500858095e-10","2,540495529804633e-10","4,93010147222222e-07","0,09152","2,4470947240214795e-10","2,0938802432612395e-10","4,911319111111109e-07"
"2024-09-13 01:04:47+02:00","rock-tobefilledbyoem","AMD Ryzen Threadripper 3970X 32-Core Processor","0","e2e","615","1.0","0.3473","0,3729","20,553","55.1","1","reduction","openblas","fp32","0","2007","615","0.3473","19.319","55.6","55.1","3690000000","9.9","e2e","e2e","0","AMD Ryzen Threadripper 3970X 32-Core Processor","","","","0","0","","","37.4","0","OPENBLAS_NUM_THREADS=20; e2e_host_memcpy=1; e2e_bw=mixed","0.03341951219512195","9,28319783197832e-09","0.0006063414634146342","0","0","0.0","","0.0","0.0","5,709166666666667e-06","DE","0,09152","5,225029333333334e-07","0,07830997222222223","4,4708468307870376e-07","0,09187","5,245011416666666e-07","0,09501313888888888","5,424458454398147e-07","0,09187","5,245011416666666e-07","0,09501313888888888","5,424458454398147e-07","0,09152","5,225029333333334e-07","0,07830997222222223","4,4708468307870376e-07","0,09152","8,49598265582656e-10","7,269669643556159e-10","5,225029333333334e-07","0,09187","8,528473848238483e-10","8,820257649427883e-10","5,245011416666667e-07","0,09187","8,528473848238483e-10","8,820257649427883e-10","5,245011416666667e-07","0,09152","8,49598265582656e-10","7,269669643556159e-10","5,225029333333334e-07"
"2024-09-13 01:04:56+02:00","rock-tobefilledbyoem","AMD Ryzen Threadripper 3970X 32-Core Processor","0","kernel","2564","1.0","0.9713","0,9713","53,864","55.5","1","reduction","openblas","fp32","0","2564","476","0.9713","53.864","55.5","55.8","41024000000","42.24","kernel","kernel","0","AMD Ryzen Threadripper 3970X 32-Core Processor","","","","0","0","","","37.0","0","OPENBLAS_NUM_THREADS=20; e2e_host_memcpy=1; e2e_bw=mixed","0.02100780031201248","5,835500086670133e-09","0.00037882215288611546","0","0","","","","","1,4962222222222222e-05","DE","0,09152","1,3693425777777778e-06","0,07830997222222223","1,1716912066049384e-06","0,09187","1,3745793555555555e-06","0,09501313888888888","1,4216076980864194e-06","0,09187","1,3745793555555555e-06","0,09501313888888888","1,4216076980864194e-06","0,09152","1,3693425777777778e-06","0,07830997222222223","1,1716912066049384e-06","0,09152","5,340649679320506e-10","4,5697784968991356e-10","1,3693425777777776e-06","0,09187","5,361073929623851e-10","5,544491802209124e-10","1,3745793555555555e-06","0,09187","5,361073929623851e-10","5,544491802209124e-10","1,3745793555555555e-06","0,09152","5,340649679320506e-10","4,5697784968991356e-10","1,3693425777777776e-06"
"2024-09-13 01:04:56+02:00","rock-tobefilledbyoem","AMD Ryzen Threadripper 3970X 32-Core Processor","0","e2e","476","1.0","0.9713","0,5556","30,99","55.8","1","reduction","openblas","fp32","0","2564","476","0.9713","53.864","55.5","55.8","3808000000","6.85","e2e","e2e","0","AMD Ryzen Threadripper 3970X 32-Core Processor","","","","0","0","","","37.0","0","OPENBLAS_NUM_THREADS=20; e2e_host_memcpy=1; e2e_bw=mixed","0.06510504201680672","1,8084733893557423e-08","0.0011672268907563024","0","0","0.0","","0.0","0.0","8,608333333333334e-06","DE","0,09152","7,878346666666668e-07","0,07830997222222223","6,741183442129631e-07","0,09187","7,908475833333333e-07","0,09501313888888888","8,179047706018517e-07","0,09187","7,908475833333333e-07","0,09501313888888888","8,179047706018517e-07","0,09152","7,878346666666668e-07","0,07830997222222223","6,741183442129631e-07","0,09152","1,6551148459383755e-09","1,4162150088507628e-09","7,878346666666667e-07","0,09187","1,6614445028011204e-09","1,7182873331971676e-09","7,908475833333333e-07","0,09187","1,6614445028011204e-09","1,7182873331971676e-09","7,908475833333333e-07","0,09152","1,6551148459383755e-09","1,4162150088507628e-09","7,878346666666667e-07"
"2024-09-13 01:05:04+02:00","rock-tobefilledbyoem","AMD Ryzen Threadripper 3970X 32-Core Processor","0","kernel","903","1.0","1.0321","1,0321","58,014","56.2","0","reduction","openblas","fp32","0","903","252","1.0321","58.014","56.2","56.4","21672000000","21.0","kernel","kernel","0","AMD Ryzen Threadripper 3970X 32-Core Processor","","","","0","0","","","36.9","0","OPENBLAS_NUM_THREADS=20; e2e_host_memcpy=1; e2e_bw=mixed","0.06424584717607974","1,7846068660022153e-08","0.00114296788482835","0","0","","","","","1,6115e-05","DE","0,09152","1,4748448000000001e-06","0,07830997222222223","1,2619652023611112e-06","0,09187","1,48048505e-06","0,09501313888888888","1,5311367331944442e-06","0,09187","1,48048505e-06","0,09501313888888888","1,5311367331944442e-06","0,09152","1,4748448000000001e-06","0,07830997222222223","1,2619652023611112e-06","0,09152","1,6332722037652275e-09","1,3975251410422055e-09","1,4748448000000004e-06","0,09187","1,639518327796235e-09","1,6956110002153319e-09","1,4804850500000002e-06","0,09187","1,639518327796235e-09","1,6956110002153319e-09","1,4804850500000002e-06","0,09152","1,6332722037652275e-09","1,3975251410422055e-09","1,4748448000000004e-06"
"2024-09-13 01:05:04+02:00","rock-tobefilledbyoem","AMD Ryzen Threadripper 3970X 32-Core Processor","0","e2e","252","1.0","1.0321","0,6019","33,921","56.4","0","reduction","openblas","fp32","0","903","252","1.0321","58.014","56.2","56.4","3024000000","5.02","e2e","e2e","0","AMD Ryzen Threadripper 3970X 32-Core Processor","","","","0","0","","","36.9","0","OPENBLAS_NUM_THREADS=20; e2e_host_memcpy=1; e2e_bw=mixed","0.13460714285714284","3,739087301587301e-08","0.0023884920634920635","0","0","0.0","","0.0","0.0","9,4225e-06","DE","0,09152","8,623472e-07","0,07830997222222223","7,378757132638889e-07","0,09187","8,65645075e-07","0,09501313888888888","8,952613011805554e-07","0,09187","8,65645075e-07","0,09501313888888888","8,952613011805554e-07","0,09152","8,623472e-07","0,07830997222222223","7,378757132638889e-07","0,09152","3,422012698412698e-09","2,928078227237654e-09","8,623471999999999e-07","0,09187","3,435099503968253e-09","3,5526242110339497e-09","8,656450749999997e-07","0,09187","3,435099503968253e-09","3,5526242110339497e-09","8,656450749999997e-07","0,09152","3,422012698412698e-09","2,928078227237654e-09","8,623471999999999e-07"
"2024-09-13 01:05:12+02:00","rock-tobefilledbyoem","AMD Ryzen Threadripper 3970X 32-Core Processor","0","kernel","611","1.0","1.0387","1,0387","58,671","56.5","0","reduction","openblas","fp32","0","611","223","1.0387","58.671","56.5","57.4","19552000000","18.82","kernel","kernel","0","AMD Ryzen Threadripper 3970X 32-Core Processor","","","","0","0","","","36.8","0","OPENBLAS_NUM_THREADS=20; e2e_host_memcpy=1; e2e_bw=mixed","0.09602454991816693","2,6673486088379705e-08","0.0017","0","0","","","","","1,62975e-05","DE","0,09152","1,4915472000000002e-06","0,07830997222222223","1,276256772291667e-06","0,09187","1,497251325e-06","0,09501313888888888","1,5484766310416665e-06","0,09187","1,497251325e-06","0,09501313888888888","1,5484766310416665e-06","0,09152","1,4915472000000002e-06","0,07830997222222223","1,276256772291667e-06","0,09152","2,441157446808511e-09","2,0887999546508458e-09","1,4915472000000002e-06","0,09187","2,4504931669394435e-09","2,534331638366066e-09","1,497251325e-06","0,09187","2,4504931669394435e-09","2,534331638366066e-09","1,497251325e-06","0,09152","2,441157446808511e-09","2,0887999546508458e-09","1,4915472000000002e-06"
"2024-09-13 01:05:12+02:00","rock-tobefilledbyoem","AMD Ryzen Threadripper 3970X 32-Core Processor","0","e2e","223","1.0","1.0387","0,6197","35,541","57.4","0","reduction","openblas","fp32","0","611","223","1.0387","58.671","56.5","57.4","3568000000","5.76","e2e","e2e","0","AMD Ryzen Threadripper 3970X 32-Core Processor","","","","0","0","","","36.8","0","OPENBLAS_NUM_THREADS=20; e2e_host_memcpy=1; e2e_bw=mixed","0.15937668161434976","4,4271300448430495e-08","0.0027789237668161436","0","0","0.0","","0.0","0.0","9,872499999999999e-06","DE","0,09152","9,035312e-07","0,07830997222222223","7,731152007638889e-07","0,09187","9,069865749999999e-07","0,09501313888888888","9,380172136805553e-07","0,09187","9,069865749999999e-07","0,09501313888888888","9,380172136805553e-07","0,09152","9,035312e-07","0,07830997222222223","7,731152007638889e-07","0,09152","4,051709417040359e-09","3,4668843083582466e-09","9,035312e-07","0,09187","4,067204372197309e-09","4,206355218298455e-09","9,069865749999999e-07","0,09187","4,067204372197309e-09","4,206355218298455e-09","9,069865749999999e-07","0,09152","4,051709417040359e-09","3,4668843083582466e-09","9,035312e-07"
"2024-09-13 01:05:20+02:00","rock-tobefilledbyoem","AMD Ryzen Threadripper 3970X 32-Core Processor","0","kernel","410","1.0","1.0251","1,0251","57,819","56.4","0","reduction","openblas","fp32","0","410","129","1.0251","57.819","56.4","57.2","19680000000","19.2","kernel","kernel","0","AMD Ryzen Threadripper 3970X 32-Core Processor","","","","0","0","","","36.8","0","OPENBLAS_NUM_THREADS=20; e2e_host_memcpy=1; e2e_bw=mixed","0.1410219512195122","3,917276422764228e-08","0.002500243902439024","0","0","","","","","1,6060833333333334e-05","DE","0,09152","1,4698874666666668e-06","0,07830997222222223","1,2577234121990742e-06","0,09187","1,4755087583333332e-06","0,09501313888888888","1,5259901881712962e-06","0,09187","1,4755087583333332e-06","0,09501313888888888","1,5259901881712962e-06","0,09152","1,4698874666666668e-06","0,07830997222222223","1,2577234121990742e-06","0,09152","3,5850913821138216e-09","3,0676180785343277e-09","1,4698874666666668e-06","0,09187","3,5988018495934963e-09","3,7219272882226737e-09","1,4755087583333334e-06","0,09187","3,5988018495934963e-09","3,7219272882226737e-09","1,4755087583333334e-06","0,09152","3,5850913821138216e-09","3,0676180785343277e-09","1,4698874666666668e-06"
"2024-09-13 01:05:20+02:00","rock-tobefilledbyoem","AMD Ryzen Threadripper 3970X 32-Core Processor","0","e2e","129","1.0","1.0251","0,5298","30,303","57.2","0","reduction","openblas","fp32","0","410","129","1.0251","57.819","56.4","57.2","3096000000","5.84","e2e","e2e","0","AMD Ryzen Threadripper 3970X 32-Core Processor","","","","0","0","","","36.8","0","OPENBLAS_NUM_THREADS=20; e2e_host_memcpy=1; e2e_bw=mixed","0.23490697674418606","6,525193798449614e-08","0.004106976744186047","0","0","0.0","","0.0","0.0","8,4175e-06","DE","0,09152","7,703696e-07","0,07830997222222223","6,591741911805557e-07","0,09187","7,733157249999999e-07","0,09501313888888888","7,997730965972222e-07","0,09187","7,733157249999999e-07","0,09501313888888888","7,997730965972222e-07","0,09152","7,703696e-07","0,07830997222222223","6,591741911805557e-07","0,09152","5,971857364341087e-09","5,10987745101206e-09","7,703696000000002e-07","0,09187","5,9946955426356604e-09","6,1997914464900954e-09","7,733157250000002e-07","0,09187","5,9946955426356604e-09","6,1997914464900954e-09","7,733157250000002e-07","0,09152","5,971857364341087e-09","5,10987745101206e-09","7,703696000000002e-07"
"2024-09-13 01:05:28+02:00","rock-tobefilledbyoem","AMD Ryzen Threadripper 3970X 32-Core Processor","0","kernel","318","1.0","1.0492","1,0492","59,128","56.4","0","reduction","openblas","fp32","0","318","110","1.0492","59.128","56.4","57.2","20352000000","19.4","kernel","kernel","0","AMD Ryzen Threadripper 3970X 32-Core Processor","","","","0","0","","","37.0","0","OPENBLAS_NUM_THREADS=20; e2e_host_memcpy=1; e2e_bw=mixed","0.185937106918239","5,16491963661775e-08","0.0032993710691823896","0","0","","","","","1,6424444444444444e-05","DE","0,09152","1,5031651555555555e-06","0,07830997222222223","1,2861977882098766e-06","0,09187","1,508913711111111e-06","0,09501313888888888","1,5605380211728393e-06","0,09187","1,508913711111111e-06","0,09501313888888888","1,5605380211728393e-06","0,09152","1,5031651555555555e-06","0,07830997222222223","1,2861977882098766e-06","0,09152","4,726934451432565e-09","4,044647132735462e-09","1,5031651555555555e-06","0,09187","4,745011670160727e-09","4,907352267839118e-09","1,5089137111111112e-06","0,09187","4,745011670160727e-09","4,907352267839118e-09","1,5089137111111112e-06","0,09152","4,726934451432565e-09","4,044647132735462e-09","1,5031651555555555e-06"
"2024-09-13 01:05:28+02:00","rock-tobefilledbyoem","AMD Ryzen Threadripper 3970X 32-Core Processor","0","e2e","110","1.0","1.0492","0,5996","34,271","57.2","0","reduction","openblas","fp32","0","318","110","1.0492","59.128","56.4","57.2","3520000000","5.87","e2e","e2e","0","AMD Ryzen Threadripper 3970X 32-Core Processor","","","","0","0","","","37.0","0","OPENBLAS_NUM_THREADS=20; e2e_host_memcpy=1; e2e_bw=mixed","0.3115545454545455","8,65429292929293e-08","0.005450909090909091","0","0","0.0","","0.0","0.0","9,519722222222223e-06","DE","0,09152","8,712449777777779e-07","0,07830997222222223","7,454891827854939e-07","0,09187","8,745768805555555e-07","0,09501313888888888","9,044986896836419e-07","0,09187","8,745768805555555e-07","0,09501313888888888","9,044986896836419e-07","0,09152","8,712449777777779e-07","0,07830997222222223","7,454891827854939e-07","0,09152","7,92040888888889e-09","6,777174388959037e-09","8,71244977777778e-07","0,09187","7,950698914141415e-09","8,222715360760382e-09","8,745768805555556e-07","0,09187","7,950698914141415e-09","8,222715360760382e-09","8,745768805555556e-07","0,09152","7,92040888888889e-09","6,777174388959037e-09","8,71244977777778e-07"
"2024-09-13 01:05:36+02:00","rock-tobefilledbyoem","AMD Ryzen Threadripper 3970X 32-Core Processor","0","kernel","218","1.0","1.0543","1,0543","59,341","56.3","0","reduction","openblas","fp32","0","218","65","1.0543","59.341","56.3","57.1","20928000000","19.85","kernel","kernel","0","AMD Ryzen Threadripper 3970X 32-Core Processor","","","","0","0","","","37.0","0","OPENBLAS_NUM_THREADS=20; e2e_host_memcpy=1; e2e_bw=mixed","0.2722064220183486","7,561289500509684e-08","0.004836238532110092","0","0","","","","","1,648361111111111e-05","DE","0,09152","1,508580088888889e-06","0,07830997222222223","1,290831128233025e-06","0,09187","1,5143493527777778e-06","0,09501313888888888","1,5661596318904319e-06","0,09187","1,5143493527777778e-06","0,09501313888888888","1,5661596318904319e-06","0,09152","1,508580088888889e-06","0,07830997222222223","1,290831128233025e-06","0,09152","6,920092150866463e-09","5,92124370749094e-09","1,508580088888889e-06","0,09187","6,946556664118246e-09","7,184218494910238e-09","1,5143493527777776e-06","0,09187","6,946556664118246e-09","7,184218494910238e-09","1,5143493527777776e-06","0,09152","6,920092150866463e-09","5,92124370749094e-09","1,508580088888889e-06"
"2024-09-13 01:05:36+02:00","rock-tobefilledbyoem","AMD Ryzen Threadripper 3970X 32-Core Processor","0","e2e","65","1.0","1.0543","0,5259","30,014","57.1","0","reduction","openblas","fp32","0","218","65","1.0543","59.341","56.3","57.1","3120000000","5.93","e2e","e2e","0","AMD Ryzen Threadripper 3970X 32-Core Processor","","","","0","0","","","37.0","0","OPENBLAS_NUM_THREADS=20; e2e_host_memcpy=1; e2e_bw=mixed","0.4617538461538461","1,2826495726495725e-07","0.008090769230769231","0","0","0.0","","0.0","0.0","8,337222222222222e-06","DE","0,09152","7,630225777777777e-07","0,07830997222222223","6,528876406327161e-07","0,09187","7,659406055555554e-07","0,09501313888888888","7,921456529475307e-07","0,09187","7,659406055555554e-07","0,09501313888888888","7,921456529475307e-07","0,09152","7,630225777777777e-07","0,07830997222222223","6,528876406327161e-07","0,09152","1,1738808888888889e-08","1,0044425240503324e-08","7,630225777777777e-07","0,09187","1,1783701623931621e-08","1,218685619919278e-08","7,659406055555554e-07","0,09187","1,1783701623931621e-08","1,218685619919278e-08","7,659406055555554e-07","0,09152","1,1738808888888889e-08","1,0044425240503324e-08","7,630225777777777e-07"
"2024-09-13 01:05:45+02:00","rock-tobefilledbyoem","AMD Ryzen Threadripper 3970X 32-Core Processor","0","kernel","166","1.0","1.0551","1,0551","59,37","56.3","0","reduction","openblas","fp32","0","166","56","1.0551","59.37","56.3","57.0","21248000000","20.14","kernel","kernel","0","AMD Ryzen Threadripper 3970X 32-Core Processor","","","","0","0","","","37.0","0","OPENBLAS_NUM_THREADS=20; e2e_host_memcpy=1; e2e_bw=mixed","0.35765060240963853","9,934738955823293e-08","0.006356024096385542","0","0","","","","","1,6491666666666667e-05","DE","0,09152","1,5093173333333335e-06","0,07830997222222223","1,291461958564815e-06","0,09187","1,5150894166666666e-06","0,09501313888888888","1,566925015509259e-06","0,09187","1,5150894166666666e-06","0,09501313888888888","1,566925015509259e-06","0,09152","1,5093173333333335e-06","0,07830997222222223","1,291461958564815e-06","0,09152","9,092273092369478e-09","7,779891316655511e-09","1,5093173333333333e-06","0,09187","9,127044678714858e-09","9,439307322344934e-09","1,5150894166666664e-06","0,09187","9,127044678714858e-09","9,439307322344934e-09","1,5150894166666664e-06","0,09152","9,092273092369478e-09","7,779891316655511e-09","1,5093173333333333e-06"
"2024-09-13 01:05:45+02:00","rock-tobefilledbyoem","AMD Ryzen Threadripper 3970X 32-Core Processor","0","e2e","56","1.0","1.0551","0,601","34,28","57.0","0","reduction","openblas","fp32","0","166","56","1.0551","59.37","56.3","57.0","3584000000","5.96","e2e","e2e","0","AMD Ryzen Threadripper 3970X 32-Core Processor","","","","0","0","","","37.0","0","OPENBLAS_NUM_THREADS=20; e2e_host_memcpy=1; e2e_bw=mixed","0.6121428571428572","1,7003968253968259e-07","0.010732142857142857","0","0","0.0","","0.0","0.0","9,522222222222223e-06","DE","0,09152","8,714737777777778e-07","0,07830997222222223","7,456849577160495e-07","0,09187","8,748065555555556e-07","0,09501313888888888","9,047362225308641e-07","0,09187","8,748065555555556e-07","0,09501313888888888","9,047362225308641e-07","0,09152","8,714737777777778e-07","0,07830997222222223","7,456849577160495e-07","0,09152","1,556203174603175e-08","1,331580281635803e-08","8,714737777777779e-07","0,09187","1,5621545634920637e-08","1,6156003973765435e-08","8,748065555555557e-07","0,09187","1,5621545634920637e-08","1,6156003973765435e-08","8,748065555555557e-07","0,09152","1,556203174603175e-08","1,331580281635803e-08","8,714737777777779e-07"
"2024-09-13 01:05:53+02:00","rock-tobefilledbyoem","AMD Ryzen Threadripper 3970X 32-Core Processor","0","kernel","112","1.0","1.0594","1,0594","59,598","56.3","0","reduction","openblas","fp32","0","112","33","1.0594","59.598","56.3","56.9","21504000000","20.3","kernel","kernel","0","AMD Ryzen Threadripper 3970X 32-Core Processor","","","","0","0","","","37.0","0","OPENBLAS_NUM_THREADS=20; e2e_host_memcpy=1; e2e_bw=mixed","0.532125","1,478125e-07","0.009458928571428571","0","0","","","","","1,6555e-05","DE","0,09152","1,5151136000000001e-06","0,07830997222222223","1,296421590138889e-06","0,09187","1,5209078499999998e-06","0,09501313888888888","1,5729425143055553e-06","0,09187","1,5209078499999998e-06","0,09501313888888888","1,5729425143055553e-06","0,09152","1,5151136000000001e-06","0,07830997222222223","1,296421590138889e-06","0,09152","1,35278e-08","1,1575192769097224e-08","1,5151136e-06","0,09187","1,3579534374999998e-08","1,4044129592013885e-08","1,5209078499999998e-06","0,09187","1,3579534374999998e-08","1,4044129592013885e-08","1,5209078499999998e-06","0,09152","1,35278e-08","1,1575192769097224e-08","1,5151136e-06"
"2024-09-13 01:05:53+02:00","rock-tobefilledbyoem","AMD Ryzen Threadripper 3970X 32-Core Processor","0","e2e","33","1.0","1.0594","0,5314","30,252","56.9","0","reduction","openblas","fp32","0","112","33","1.0594","59.598","56.3","56.9","3168000000","5.96","e2e","e2e","0","AMD Ryzen Threadripper 3970X 32-Core Processor","","","","0","0","","","37.0","0","OPENBLAS_NUM_THREADS=20; e2e_host_memcpy=1; e2e_bw=mixed","0.9167272727272727","2,5464646464646466e-07","0.016103030303030303","0","0","0.0","","0.0","0.0","8,403333333333333e-06","DE","0,09152","7,690730666666667e-07","0,07830997222222223","6,580647999074074e-07","0,09187","7,720142333333332e-07","0,09501313888888888","7,984270771296295e-07","0,09187","7,720142333333332e-07","0,09501313888888888","7,984270771296295e-07","0,09152","7,690730666666667e-07","0,07830997222222223","6,580647999074074e-07","0,09152","2,3305244444444445e-08","1,9941357572951744e-08","7,690730666666667e-07","0,09187","2,3394370707070705e-08","2,419475991301908e-08","7,720142333333332e-07","0,09187","2,3394370707070705e-08","2,419475991301908e-08","7,720142333333332e-07","0,09152","2,3305244444444445e-08","1,9941357572951744e-08","7,690730666666667e-07"
"2024-09-13 01:06:01+02:00","rock-tobefilledbyoem","AMD Ryzen Threadripper 3970X 32-Core Processor","0","kernel","83","1.0","1.0613","1,0613","59,663","56.2","0","reduction","openblas","fp32","0","83","28","1.0613","59.663","56.2","56.9","21248000000","20.02","kernel","kernel","0","AMD Ryzen Threadripper 3970X 32-Core Processor","","","","0","0","","","37.0","0","OPENBLAS_NUM_THREADS=20; e2e_host_memcpy=1; e2e_bw=mixed","0.7188313253012047","1,9967536813922358e-07","0.012786746987951805","0","0","","","","","1,6573055555555553e-05","DE","0,09152","1,5167660444444442e-06","0,07830997222222223","1,2978355201929011e-06","0,09187","1,5225666138888886e-06","0,09501313888888888","1,5746580293132712e-06","0,09187","1,5225666138888886e-06","0,09501313888888888","1,5746580293132712e-06","0,09152","1,5167660444444442e-06","0,07830997222222223","1,2978355201929011e-06","0,09152","1,8274289692101742e-08","1,5636572532444595e-08","1,5167660444444446e-06","0,09187","1,834417607095047e-08","1,8971783485702066e-08","1,522566613888889e-06","0,09187","1,834417607095047e-08","1,8971783485702066e-08","1,522566613888889e-06","0,09152","1,8274289692101742e-08","1,5636572532444595e-08","1,5167660444444446e-06"
"2024-09-13 01:06:01+02:00","rock-tobefilledbyoem","AMD Ryzen Threadripper 3970X 32-Core Processor","0","e2e","28","1.0","1.0613","0,6035","34,335","56.9","0","reduction","openblas","fp32","0","83","28","1.0613","59.663","56.2","56.9","3584000000","5.94","e2e","e2e","0","AMD Ryzen Threadripper 3970X 32-Core Processor","","","","0","0","","","37.0","0","OPENBLAS_NUM_THREADS=20; e2e_host_memcpy=1; e2e_bw=mixed","1.22625","3,40625e-07","0.02155357142857143","0","0","0.0","","0.0","0.0","9,5375e-06","DE","0,09152","8,72872e-07","0,07830997222222223","7,468813600694446e-07","0,09187","8,76210125e-07","0,09501313888888888","9,061878121527776e-07","0,09187","8,76210125e-07","0,09501313888888888","9,061878121527776e-07","0,09152","8,72872e-07","0,07830997222222223","7,468813600694446e-07","0,09152","3,1174000000000005e-08","2,667433428819445e-08","8,728720000000001e-07","0,09187","3,129321875e-08","3,236385043402778e-08","8,76210125e-07","0,09187","3,129321875e-08","3,236385043402778e-08","8,76210125e-07","0,09152","3,1174000000000005e-08","2,667433428819445e-08","8,728720000000001e-07"
"2024-09-13 01:06:09+02:00","rock-tobefilledbyoem","AMD Ryzen Threadripper 3970X 32-Core Processor","0","kernel","56","1.0","1.051","1,051","59,086","56.2","0","reduction","openblas","fp32","0","56","17","1.051","59.086","56.2","57.0","21504000000","20.46","kernel","kernel","0","AMD Ryzen Threadripper 3970X 32-Core Processor","","","","0","0","","","37.0","0","OPENBLAS_NUM_THREADS=20; e2e_host_memcpy=1; e2e_bw=mixed","1.0551071428571428","2,9308531746031745e-07","0.01876785714285714","0","0","","","","","1,641277777777778e-05","DE","0,09152","1,5020974222222224e-06","0,07830997222222223","1,285284171867284e-06","0,09187","1,5078418944444445e-06","0,09501313888888888","1,559429534552469e-06","0,09187","1,5078418944444445e-06","0,09501313888888888","1,559429534552469e-06","0,09152","1,5020974222222224e-06","0,07830997222222223","1,285284171867284e-06","0,09152","2,6823168253968253e-08","2,2951503069058646e-08","1,5020974222222222e-06","0,09187","2,6925748115079363e-08","2,784695597415123e-08","1,5078418944444445e-06","0,09187","2,6925748115079363e-08","2,784695597415123e-08","1,5078418944444445e-06","0,09152","2,6823168253968253e-08","2,2951503069058646e-08","1,5020974222222222e-06"
"2024-09-13 01:06:09+02:00","rock-tobefilledbyoem","AMD Ryzen Threadripper 3970X 32-Core Processor","0","e2e","17","1.0","1.051","0,5432","30,969","57.0","0","reduction","openblas","fp32","0","56","17","1.051","59.086","56.2","57.0","3264000000","6.01","e2e","e2e","0","AMD Ryzen Threadripper 3970X 32-Core Processor","","","","0","0","","","37.0","0","OPENBLAS_NUM_THREADS=20; e2e_host_memcpy=1; e2e_bw=mixed","1.8217058823529413","5,060294117647059e-07","0.03195294117647059","0","0","0.0","","0.0","0.0","8,602500000000001e-06","DE","0,09152","7,873008000000001e-07","0,07830997222222223","6,736615360416668e-07","0,09187","7,903116750000001e-07","0,09501313888888888","8,173505272916667e-07","0,09187","7,903116750000001e-07","0,09501313888888888","8,173505272916667e-07","0,09152","7,873008000000001e-07","0,07830997222222223","6,736615360416668e-07","0,09152","4,6311811764705885e-08","3,9627149178921575e-08","7,873008e-07","0,09187","4,648892205882352e-08","4,8079442781862734e-08","7,903116749999999e-07","0,09187","4,648892205882352e-08","4,8079442781862734e-08","7,903116749999999e-07","0,09152","4,6311811764705885e-08","3,9627149178921575e-08","7,873008e-07"
"2024-09-13 01:06:18+02:00","rock-tobefilledbyoem","AMD Ryzen Threadripper 3970X 32-Core Processor","0","kernel","43","1.0","1.0691","1,0691","60,094","56.2","0","reduction","openblas","fp32","0","43","14","1.0691","60.094","56.2","56.9","22016000000","20.59","kernel","kernel","0","AMD Ryzen Threadripper 3970X 32-Core Processor","","","","0","0","","","37.0","0","OPENBLAS_NUM_THREADS=20; e2e_host_memcpy=1; e2e_bw=mixed","1.3975348837209303","3,882041343669251e-07","0.024862790697674417","0","0","","","","","1,669277777777778e-05","DE","0,09152","1,5277230222222224e-06","0,07830997222222223","1,3072109640895065e-06","0,09187","1,5335654944444445e-06","0,09501313888888888","1,586033213441358e-06","0,09187","1,5335654944444445e-06","0,09501313888888888","1,586033213441358e-06","0,09152","1,5277230222222224e-06","0,07830997222222223","1,3072109640895065e-06","0,09152","3,5528442377260985e-08","3,040025497882573e-08","1,5277230222222224e-06","0,09187","3,566431382428941e-08","3,6884493335845536e-08","1,5335654944444445e-06","0,09187","3,566431382428941e-08","3,6884493335845536e-08","1,5335654944444445e-06","0,09152","3,5528442377260985e-08","3,040025497882573e-08","1,5277230222222224e-06"
"2024-09-13 01:06:18+02:00","rock-tobefilledbyoem","AMD Ryzen Threadripper 3970X 32-Core Processor","0","e2e","14","1.0","1.0691","0,598","34,027","56.9","0","reduction","openblas","fp32","0","43","14","1.0691","60.094","56.2","56.9","3584000000","5.99","e2e","e2e","0","AMD Ryzen Threadripper 3970X 32-Core Processor","","","","0","0","","","37.0","0","OPENBLAS_NUM_THREADS=20; e2e_host_memcpy=1; e2e_bw=mixed","2.4305","6,751388888888889e-07","0.04271428571428571","0","0","0.0","","0.0","0.0","9,451944444444444e-06","DE","0,09152","8,650419555555556e-07","0,07830997222222223","7,401815068904321e-07","0,09187","8,68350136111111e-07","0,09501313888888888","8,980589102700616e-07","0,09187","8,68350136111111e-07","0,09501313888888888","8,980589102700616e-07","0,09152","8,650419555555556e-07","0,07830997222222223","7,401815068904321e-07","0,09152","6,178871111111112e-08","5,287010763503087e-08","8,650419555555556e-07","0,09187","6,202500972222221e-08","6,414706501929011e-08","8,68350136111111e-07","0,09187","6,202500972222221e-08","6,414706501929011e-08","8,68350136111111e-07","0,09152","6,178871111111112e-08","5,287010763503087e-08","8,650419555555556e-07"
"2024-09-13 01:06:26+02:00","rock-tobefilledbyoem","AMD Ryzen Threadripper 3970X 32-Core Processor","0","kernel","29","1.0","1.0753","1,0753","60,421","56.2","0","reduction","openblas","fp32","0","29","9","1.0753","60.421","56.2","56.9","22272000000","20.71","kernel","kernel","0","AMD Ryzen Threadripper 3970X 32-Core Processor","","","","0","0","","","37.0","0","OPENBLAS_NUM_THREADS=20; e2e_host_memcpy=1; e2e_bw=mixed","2.0834827586206894","5,787452107279693e-07","0.03707931034482758","0","0","","","","","1,6783611111111112e-05","DE","0,09152","1,5360360888888891e-06","0,07830997222222223","1,3143241198996915e-06","0,09187","1,5419103527777777e-06","0,09501313888888888","1,5946635735570987e-06","0,09187","1,5419103527777777e-06","0,09501313888888888","1,5946635735570987e-06","0,09152","1,5360360888888891e-06","0,07830997222222223","1,3143241198996915e-06","0,09152","5,296676168582375e-08","4,5321521375851425e-08","1,5360360888888887e-06","0,09187","5,3169322509578536e-08","5,4988399088175806e-08","1,5419103527777775e-06","0,09187","5,3169322509578536e-08","5,4988399088175806e-08","1,5419103527777775e-06","0,09152","5,296676168582375e-08","4,5321521375851425e-08","1,5360360888888887e-06"
"2024-09-13 01:06:26+02:00","rock-tobefilledbyoem","AMD Ryzen Threadripper 3970X 32-Core Processor","0","e2e","9","1.0","1.0753","0,5748","32,705","56.9","0","reduction","openblas","fp32","0","29","9","1.0753","60.421","56.2","56.9","3456000000","6.01","e2e","e2e","0","AMD Ryzen Threadripper 3970X 32-Core Processor","","","","0","0","","","37.0","0","OPENBLAS_NUM_THREADS=20; e2e_host_memcpy=1; e2e_bw=mixed","3.6338888888888885","1,0094135802469134e-06","0.06386666666666667","0","0","0.0","","0.0","0.0","9,084722222222222e-06","DE","0,09152","8,314337777777779e-07","0,07830997222222223","7,114243448688273e-07","0,09187","8,346134305555555e-07","0,09501313888888888","8,631679742669752e-07","0,09187","8,346134305555555e-07","0,09501313888888888","8,631679742669752e-07","0,09152","8,314337777777779e-07","0,07830997222222223","7,114243448688273e-07","0,09152","9,238153086419752e-08","7,904714942986969e-08","8,314337777777776e-07","0,09187","9,273482561728393e-08","9,590755269633057e-08","8,346134305555554e-07","0,09187","9,273482561728393e-08","9,590755269633057e-08","8,346134305555554e-07","0,09152","9,238153086419752e-08","7,904714942986969e-08","8,314337777777776e-07"
"2024-09-13 01:06:35+02:00","rock-tobefilledbyoem","AMD Ryzen Threadripper 3970X 32-Core Processor","0","kernel","22","1.0","1.0822","1,0822","60,874","56.3","0","reduction","openblas","fp32","0","22","7","1.0822","60.874","56.3","56.9","22528000000","20.82","kernel","kernel","0","AMD Ryzen Threadripper 3970X 32-Core Processor","","","","0","0","","","37.0","0","OPENBLAS_NUM_THREADS=20; e2e_host_memcpy=1; e2e_bw=mixed","2.767","7,68611111111111e-07","0.04919090909090909","0","0","","","","","1,6909444444444447e-05","DE","0,09152","1,5475523555555559e-06","0,07830997222222223","1,3241781247376547e-06","0,09187","1,5534706611111113e-06","0,09501313888888888","1,6066193935339507e-06","0,09187","1,5534706611111113e-06","0,09501313888888888","1,6066193935339507e-06","0,09152","1,5475523555555559e-06","0,07830997222222223","1,3241781247376547e-06","0,09152","7,034328888888889e-08","6,018991476080247e-08","1,5475523555555557e-06","0,09187","7,061230277777777e-08","7,302815425154319e-08","1,5534706611111108e-06","0,09187","7,061230277777777e-08","7,302815425154319e-08","1,5534706611111108e-06","0,09152","7,034328888888889e-08","6,018991476080247e-08","1,5475523555555557e-06"
"2024-09-13 01:06:35+02:00","rock-tobefilledbyoem","AMD Ryzen Threadripper 3970X 32-Core Processor","0","e2e","7","1.0","1.0822","0,5953","33,85","56.9","0","reduction","openblas","fp32","0","22","7","1.0822","60.874","56.3","56.9","3584000000","6.02","e2e","e2e","0","AMD Ryzen Threadripper 3970X 32-Core Processor","","","","0","0","","","37.0","0","OPENBLAS_NUM_THREADS=20; e2e_host_memcpy=1; e2e_bw=mixed","4.835714285714286","1,3432539682539684e-06","0.08504285714285716","0","0","0.0","","0.0","0.0","9,402777777777778e-06","DE","0,09152","8,605422222222223e-07","0,07830997222222223","7,363312665895063e-07","0,09187","8,638331944444445e-07","0,09501313888888888","8,933874309413579e-07","0,09187","8,638331944444445e-07","0,09501313888888888","8,933874309413579e-07","0,09152","8,605422222222223e-07","0,07830997222222223","7,363312665895063e-07","0,09152","1,229346031746032e-07","1,0519018094135806e-07","8,605422222222223e-07","0,09187","1,2340474206349208e-07","1,2762677584876543e-07","8,638331944444446e-07","0,09187","1,2340474206349208e-07","1,2762677584876543e-07","8,638331944444446e-07","0,09152","1,229346031746032e-07","1,0519018094135806e-07","8,605422222222223e-07"
"2024-09-13 01:06:45+02:00","rock-tobefilledbyoem","AMD Ryzen Threadripper 3970X 32-Core Processor","0","kernel","18","1.0","1.1054","1,1054","62,126","56.2","0","reduction","openblas","fp32","0","18","7","1.1054","62.126","56.2","56.9","23040000000","20.84","kernel","kernel","0","AMD Ryzen Threadripper 3970X 32-Core Processor","","","","0","0","","","37.0","0","OPENBLAS_NUM_THREADS=20; e2e_host_memcpy=1; e2e_bw=mixed","3.4514444444444443","9,587345679012343e-07","0.06141111111111111","0","0","","","","","1,7257222222222223e-05","DE","0,09152","1,5793809777777778e-06","0,07830997222222223","1,3514125928549386e-06","0,09187","1,5854210055555555e-06","0,09501313888888888","1,6396628518364196e-06","0,09187","1,5854210055555555e-06","0,09501313888888888","1,6396628518364196e-06","0,09152","1,5793809777777778e-06","0,07830997222222223","1,3514125928549386e-06","0,09152","8,774338765432097e-08","7,507847738082989e-08","1,5793809777777774e-06","0,09187","8,807894475308639e-08","9,109238065757884e-08","1,585421005555555e-06","0,09187","8,807894475308639e-08","9,109238065757884e-08","1,585421005555555e-06","0,09152","8,774338765432097e-08","7,507847738082989e-08","1,5793809777777774e-06"
"2024-09-13 01:06:45+02:00","rock-tobefilledbyoem","AMD Ryzen Threadripper 3970X 32-Core Processor","0","e2e","7","1.0","1.1054","0,7434","42,323","56.9","0","reduction","openblas","fp32","0","18","7","1.1054","62.126","56.2","56.9","4480000000","6.03","e2e","e2e","0","AMD Ryzen Threadripper 3970X 32-Core Processor","","","","0","0","","","37.0","0","OPENBLAS_NUM_THREADS=20; e2e_host_memcpy=1; e2e_bw=mixed","6.046142857142857","1,679484126984127e-06","0.10619999999999999","0","0","0.0","","0.0","0.0","1,175638888888889e-05","DE","0,09152","1,0759447111111113e-06","0,07830997222222223","9,20642487322531e-07","0,09187","1,0800594472222223e-06","0,09501313888888888","1,11701141033179e-06","0,09187","1,0800594472222223e-06","0,09501313888888888","1,11701141033179e-06","0,09152","1,0759447111111113e-06","0,07830997222222223","9,20642487322531e-07","0,09152","1,537063873015873e-07","1,3152035533179013e-07","1,0759447111111113e-06","0,09187","1,5429420674603173e-07","1,5957305861882712e-07","1,080059447222222e-06","0,09187","1,5429420674603173e-07","1,5957305861882712e-07","1,080059447222222e-06","0,09152","1,537063873015873e-07","1,3152035533179013e-07","1,0759447111111113e-06"
"2024-09-13 01:06:54+02:00","rock-tobefilledbyoem","AMD Ryzen Threadripper 3970X 32-Core Processor","0","kernel","15","1.0","1.1063","1,1063","62,227","56.2","0","reduction","openblas","fp32","0","15","6","1.1063","62.227","56.2","56.9","23040000000","20.83","kernel","kernel","0","AMD Ryzen Threadripper 3970X 32-Core Processor","","","","0","0","","","37.0","0","OPENBLAS_NUM_THREADS=20; e2e_host_memcpy=1; e2e_bw=mixed","4.148466666666667","1,1523518518518518e-06","0.07375333333333334","0","0","","","","","1,7285277777777778e-05","DE","0,09152","1,5819486222222223e-06","0,07830997222222223","1,353609622631173e-06","0,09187","1,5879984694444443e-06","0,09501313888888888","1,6423284982330244e-06","0,09187","1,5879984694444443e-06","0,09501313888888888","1,6423284982330244e-06","0,09152","1,5819486222222223e-06","0,07830997222222223","1,353609622631173e-06","0,09152","1,0546324148148149e-07","9,024064150874486e-08","1,5819486222222223e-06","0,09187","1,0586656462962962e-07","1,0948856654886829e-07","1,5879984694444443e-06","0,09187","1,0586656462962962e-07","1,0948856654886829e-07","1,5879984694444443e-06","0,09152","1,0546324148148149e-07","9,024064150874486e-08","1,5819486222222223e-06"
"2024-09-13 01:06:54+02:00","rock-tobefilledbyoem","AMD Ryzen Threadripper 3970X 32-Core Processor","0","e2e","6","1.0","1.1063","0,7656","43,576","56.9","0","reduction","openblas","fp32","0","15","6","1.1063","62.227","56.2","56.9","4608000000","6.02","e2e","e2e","0","AMD Ryzen Threadripper 3970X 32-Core Processor","","","","0","0","","","37.0","0","OPENBLAS_NUM_THREADS=20; e2e_host_memcpy=1; e2e_bw=mixed","7.262666666666667","2,0174074074074074e-06","0.1276","0","0","0.0","","0.0","0.0","1,2104444444444445e-05","DE","0,09152","1,1077987555555556e-06","0,07830997222222223","9,478987082098767e-07","0,09187","1,112035311111111e-06","0,09501313888888888","1,1500812611728393e-06","0,09187","1,112035311111111e-06","0,09501313888888888","1,1500812611728393e-06","0,09152","1,1077987555555556e-06","0,07830997222222223","9,478987082098767e-07","0,09152","1,8463312592592593e-07","1,5798311803497944e-07","1,1077987555555556e-06","0,09187","1,853392185185185e-07","1,9168021019547323e-07","1,112035311111111e-06","0,09187","1,853392185185185e-07","1,9168021019547323e-07","1,112035311111111e-06","0,09152","1,8463312592592593e-07","1,5798311803497944e-07","1,1077987555555556e-06"
"2024-09-13 01:07:04+02:00","rock-tobefilledbyoem","AMD Ryzen Threadripper 3970X 32-Core Processor","0","kernel","11","1.0","1.0784","1,0784","60,614","56.2","0","reduction","openblas","fp32","0","11","4","1.0784","60.614","56.2","56.9","22528000000","20.89","kernel","kernel","0","AMD Ryzen Threadripper 3970X 32-Core Processor","","","","0","0","","","37.0","0","OPENBLAS_NUM_THREADS=20; e2e_host_memcpy=1; e2e_bw=mixed","5.510363636363636","1,5306565656565656e-06","0.09803636363636364","0","0","","","","","1,683722222222222e-05","DE","0,09152","1,5409425777777775e-06","0,07830997222222223","1,318522404521605e-06","0,09187","1,5468356055555552e-06","0,09501313888888888","1,599757333503086e-06","0,09187","1,5468356055555552e-06","0,09501313888888888","1,599757333503086e-06","0,09152","1,5409425777777775e-06","0,07830997222222223","1,318522404521605e-06","0,09152","1,400856888888889e-07","1,1986567313832773e-07","1,540942577777778e-06","0,09187","1,4062141868686868e-07","1,4543248486391692e-07","1,5468356055555556e-06","0,09187","1,4062141868686868e-07","1,4543248486391692e-07","1,5468356055555556e-06","0,09152","1,400856888888889e-07","1,1986567313832773e-07","1,540942577777778e-06"
"2024-09-13 01:07:04+02:00","rock-tobefilledbyoem","AMD Ryzen Threadripper 3970X 32-Core Processor","0","e2e","4","1.0","1.0784","0,6791","38,632","56.9","0","reduction","openblas","fp32","0","11","4","1.0784","60.614","56.2","56.9","4096000000","6.03","e2e","e2e","0","AMD Ryzen Threadripper 3970X 32-Core Processor","","","","0","0","","","37.0","0","OPENBLAS_NUM_THREADS=20; e2e_host_memcpy=1; e2e_bw=mixed","9.658","2,682777777777777e-06","0.169775","0","0","0.0","","0.0","0.0","1,073111111111111e-05","DE","0,09152","9,821112888888888e-07","0,07830997222222223","8,403530130246914e-07","0,09187","9,858671777777776e-07","0,09501313888888888","1,0195965504320985e-06","0,09187","9,858671777777776e-07","0,09501313888888888","1,0195965504320985e-06","0,09152","9,821112888888888e-07","0,07830997222222223","8,403530130246914e-07","0,09152","2,4552782222222215e-07","2,1008825325617282e-07","9,821112888888886e-07","0,09187","2,4646679444444435e-07","2,548991376080246e-07","9,858671777777774e-07","0,09187","2,4646679444444435e-07","2,548991376080246e-07","9,858671777777774e-07","0,09152","2,4552782222222215e-07","2,1008825325617282e-07","9,821112888888886e-07"
"2024-09-13 01:07:14+02:00","rock-tobefilledbyoem","AMD Ryzen Threadripper 3970X 32-Core Processor","0","kernel","7","1.0","1.0549","1,0549","59,266","56.2","0","reduction","openblas","fp32","0","7","3","1.0549","59.266","56.2","56.9","21504000000","20.39","kernel","kernel","0","AMD Ryzen Threadripper 3970X 32-Core Processor","","","","0","0","","","37.2","0","OPENBLAS_NUM_THREADS=20; e2e_host_memcpy=1; e2e_bw=mixed","8.466571428571429","2,351825396825397e-06","0.1507","0","0","","","","","1,6462777777777776e-05","DE","0,09152","1,5066734222222221e-06","0,07830997222222223","1,289199670478395e-06","0,09187","1,5124353944444443e-06","0,09501313888888888","1,5641801914969132e-06","0,09187","1,5124353944444443e-06","0,09501313888888888","1,5641801914969132e-06","0,09152","1,5066734222222221e-06","0,07830997222222223","1,289199670478395e-06","0,09152","2,1523906031746034e-07","1,8417138149691362e-07","1,5066734222222223e-06","0,09187","2,1606219920634922e-07","2,2345431307098764e-07","1,5124353944444445e-06","0,09187","2,1606219920634922e-07","2,2345431307098764e-07","1,5124353944444445e-06","0,09152","2,1523906031746034e-07","1,8417138149691362e-07","1,5066734222222223e-06"
"2024-09-13 01:07:14+02:00","rock-tobefilledbyoem","AMD Ryzen Threadripper 3970X 32-Core Processor","0","e2e","3","1.0","1.0549","0,7773","44,261","56.9","0","reduction","openblas","fp32","0","7","3","1.0549","59.266","56.2","56.9","4608000000","5.93","e2e","e2e","0","AMD Ryzen Threadripper 3970X 32-Core Processor","","","","0","0","","","37.2","0","OPENBLAS_NUM_THREADS=20; e2e_host_memcpy=1; e2e_bw=mixed","14.753666666666668","4,098240740740741e-06","0.2591","0","0","0.0","","0.0","0.0","1,2294722222222222e-05","DE","0,09152","1,1252129777777778e-06","0,07830997222222223","9,627993557021607e-07","0,09187","1,1295161305555554e-06","0,09501313888888888","1,1681601501003086e-06","0,09187","1,1295161305555554e-06","0,09501313888888888","1,1681601501003086e-06","0,09152","1,1252129777777778e-06","0,07830997222222223","9,627993557021607e-07","0,09152","3,7507099259259265e-07","3,209331185673869e-07","1,125212977777778e-06","0,09187","3,7650537685185186e-07","3,8938671670010287e-07","1,1295161305555556e-06","0,09187","3,7650537685185186e-07","3,8938671670010287e-07","1,1295161305555556e-06","0,09152","3,7507099259259265e-07","3,209331185673869e-07","1,125212977777778e-06"
"2024-09-13 00:37:45+02:00","rock-tobefilledbyoem","AMD Ryzen Threadripper 3970X 32-Core Processor","0","kernel","1404","1.0","0.134","0,134","7,498","55.9","1","reduction","openblas","fp32","0","1404","494","0.134","7.498","55.9","55.3","11232000000","83.8","kernel","kernel","0","AMD Ryzen Threadripper 3970X 32-Core Processor","","","","0","0","","","38.9","0","OPENBLAS_NUM_THREADS=20; e2e_host_memcpy=1; e2e_bw=mixed","0.00534045584045584","1,4834599556821776e-09","9.544159544159544e-05","0","0","","","","","2,082777777777778e-06","DE","0,09997","2,0821529444444446e-07","0,07830997222222223","1,6310226992283953e-07","0,1002","2,0869433333333332e-07","0,09501313888888888","1,9789125427469133e-07","0,1002","2,0869433333333332e-07","0,09501313888888888","1,9789125427469133e-07","0,09997","2,0821529444444446e-07","0,07830997222222223","1,6310226992283953e-07","0,09997","1,483014917695473e-10","1,1616970792225034e-10","2,082152944444444e-07","0,1002","1,4864268755935418e-10","1,4094818680533567e-10","2,0869433333333327e-07","0,1002","1,4864268755935418e-10","1,4094818680533567e-10","2,0869433333333327e-07","0,09997","1,483014917695473e-10","1,1616970792225034e-10","2,082152944444444e-07"
"2024-09-13 00:37:45+02:00","rock-tobefilledbyoem","AMD Ryzen Threadripper 3970X 32-Core Processor","0","e2e","494","1.0","0.134","0,1156","6,393","55.3","1","reduction","openblas","fp32","0","1404","494","0.134","7.498","55.9","55.3","1976000000","17.09","e2e","e2e","0","AMD Ryzen Threadripper 3970X 32-Core Processor","","","","0","0","","","38.9","0","OPENBLAS_NUM_THREADS=20; e2e_host_memcpy=1; e2e_bw=mixed","0.012941295546558705","3,594804318488529e-09","0.0002340080971659919","0","0","0.0","","0.0","0.0","1,7758333333333332e-06","DE","0,09997","1,7753005833333333e-07","0,07830997222222223","1,3906545900462965e-07","0,1002","1,7793849999999998e-07","0,09501313888888888","1,687274991435185e-07","0,1002","1,7793849999999998e-07","0,09501313888888888","1,687274991435185e-07","0,09997","1,7753005833333333e-07","0,07830997222222223","1,3906545900462965e-07","0,09997","3,5937258771929827e-10","2,815090263251612e-10","1,7753005833333335e-07","0,1002","3,601993927125506e-10","3,4155364199092815e-10","1,779385e-07","0,1002","3,601993927125506e-10","3,4155364199092815e-10","1,779385e-07","0,09997","3,5937258771929827e-10","2,815090263251612e-10","1,7753005833333335e-07"
"2024-09-13 00:37:51+02:00","rock-tobefilledbyoem","AMD Ryzen Threadripper 3970X 32-Core Processor","0","kernel","5424","1.0","0.8929","0,8929","49,832","55.8","1","reduction","openblas","fp32","0","5424","564","0.8929","49.832","55.8","55.3","65088000000","72.9","kernel","kernel","0","AMD Ryzen Threadripper 3970X 32-Core Processor","","","","0","0","","","38.2","0","OPENBLAS_NUM_THREADS=20; e2e_host_memcpy=1; e2e_bw=mixed","0.009187315634218289","2,5520321206161915e-09","0.00016462020648967552","0","0","","","","","1,3842222222222222e-05","DE","0,09997","1,3838069555555557e-06","0,07830997222222223","1,0839840377160496e-06","0,1002","1,3869906666666666e-06","0,09501313888888888","1,315192982530864e-06","0,1002","1,3869906666666666e-06","0,09501313888888888","1,315192982530864e-06","0,09997","1,3838069555555557e-06","0,07830997222222223","1,0839840377160496e-06","0,09997","2,551266510980007e-10","1,9984956447567284e-10","1,3838069555555557e-06","0,1002","2,5571361848574237e-10","2,424765823250118e-10","1,3869906666666666e-06","0,1002","2,5571361848574237e-10","2,424765823250118e-10","1,3869906666666666e-06","0,09997","2,551266510980007e-10","1,9984956447567284e-10","1,3838069555555557e-06"
"2024-09-13 00:37:51+02:00","rock-tobefilledbyoem","AMD Ryzen Threadripper 3970X 32-Core Processor","0","e2e","564","1.0","0.8929","0,3354","18,535","55.3","1","reduction","openblas","fp32","0","5424","564","0.8929","49.832","55.8","55.3","3384000000","10.09","e2e","e2e","0","AMD Ryzen Threadripper 3970X 32-Core Processor","","","","0","0","","","38.2","0","OPENBLAS_NUM_THREADS=20; e2e_host_memcpy=1; e2e_bw=mixed","0.032863475177304965","9,128743104806936e-09","0.0005946808510638298","0","0","0.0","","0.0","0.0","5,1486111111111116e-06","DE","0,09997","5,147066527777779e-07","0,07830997222222223","4,031875930941359e-07","0,1002","5,158908333333334e-07","0,09501313888888888","4,891857025848765e-07","0,1002","5,158908333333334e-07","0,09501313888888888","4,891857025848765e-07","0,09997","5,147066527777779e-07","0,07830997222222223","4,031875930941359e-07","0,09997","9,126004481875494e-10","7,148716189612339e-10","5,147066527777779e-07","0,1002","9,14700059101655e-10","8,673505364980081e-10","5,158908333333334e-07","0,1002","9,14700059101655e-10","8,673505364980081e-10","5,158908333333334e-07","0,09997","9,126004481875494e-10","7,148716189612339e-10","5,147066527777779e-07"
"2024-09-13 00:37:59+02:00","rock-tobefilledbyoem","AMD Ryzen Threadripper 3970X 32-Core Processor","0","kernel","2709","1.0","0.9698","0,9698","54,014","55.7","1","reduction","openblas","fp32","0","2709","458","0.9698","54.014","55.7","55.8","43344000000","44.69","kernel","kernel","0","AMD Ryzen Threadripper 3970X 32-Core Processor","","","","0","0","","","37.2","0","OPENBLAS_NUM_THREADS=20; e2e_host_memcpy=1; e2e_bw=mixed","0.019938722775932078","5,538534104425577e-09","0.00035799187892211146","0","0","","","","","1,500388888888889e-05","DE","0,09997","1,4999387722222223e-06","0,07830997222222223","1,1749541221141978e-06","0,1002","1,5033896666666667e-06","0,09501313888888888","1,4255665788734566e-06","0,1002","1,5033896666666667e-06","0,09501313888888888","1,4255665788734566e-06","0,09997","1,4999387722222223e-06","0,07830997222222223","1,1749541221141978e-06","0,09997","5,536872544194249e-10","4,3372245186939746e-10","1,4999387722222221e-06","0,1002","5,549611172634428e-10","5,262335101046351e-10","1,5033896666666665e-06","0,1002","5,549611172634428e-10","5,262335101046351e-10","1,5033896666666665e-06","0,09997","5,536872544194249e-10","4,3372245186939746e-10","1,4999387722222221e-06"
"2024-09-13 00:37:59+02:00","rock-tobefilledbyoem","AMD Ryzen Threadripper 3970X 32-Core Processor","0","e2e","458","1.0","0.9698","0,5242","29,226","55.8","1","reduction","openblas","fp32","0","2709","458","0.9698","54.014","55.7","55.8","3664000000","6.99","e2e","e2e","0","AMD Ryzen Threadripper 3970X 32-Core Processor","","","","0","0","","","37.2","0","OPENBLAS_NUM_THREADS=20; e2e_host_memcpy=1; e2e_bw=mixed","0.06381222707423581","1,772561863173217e-08","0.0011445414847161572","0","0","0.0","","0.0","0.0","8,118333333333333e-06","DE","0,09997","8,115897833333334e-07","0,07830997222222223","6,357464578240742e-07","0,1002","8,13457e-07","0,09501313888888888","7,713483325462961e-07","0,1002","8,13457e-07","0,09501313888888888","7,713483325462961e-07","0,09997","8,115897833333334e-07","0,07830997222222223","6,357464578240742e-07","0,09997","1,7720300946142652e-09","1,3880927026726511e-09","8,115897833333335e-07","0,1002","1,7761069868995635e-09","1,684166664948245e-09","8,134570000000001e-07","0,1002","1,7761069868995635e-09","1,684166664948245e-09","8,134570000000001e-07","0,09997","1,7720300946142652e-09","1,3880927026726511e-09","8,115897833333335e-07"
"2024-09-13 00:38:07+02:00","rock-tobefilledbyoem","AMD Ryzen Threadripper 3970X 32-Core Processor","0","kernel","985","1.0","1.0113","1,0113","56,694","56.1","0","reduction","openblas","fp32","0","985","265","1.0113","56.694","56.1","56.4","23640000000","23.38","kernel","kernel","0","AMD Ryzen Threadripper 3970X 32-Core Processor","","","","0","0","","","37.0","0","OPENBLAS_NUM_THREADS=20; e2e_host_memcpy=1; e2e_bw=mixed","0.05755736040609137","1,5988155668358713e-08","0.0010267005076142132","0","0","","","","","1,5748333333333333e-05","DE","0,09997","1,5743608833333333e-06","0,07830997222222223","1,2332515458796297e-06","0,1002","1,577983e-06","0,09501313888888888","1,4962985822685182e-06","0,1002","1,577983e-06","0,09501313888888888","1,4962985822685182e-06","0,09997","1,5743608833333333e-06","0,07830997222222223","1,2332515458796297e-06","0,09997","1,5983359221658205e-09","1,2520320262737358e-09","1,5743608833333333e-06","0,1002","1,602013197969543e-09","1,5190848550949422e-09","1,577983e-06","0,1002","1,602013197969543e-09","1,5190848550949422e-09","1,577983e-06","0,09997","1,5983359221658205e-09","1,2520320262737358e-09","1,5743608833333333e-06"
"2024-09-13 00:38:07+02:00","rock-tobefilledbyoem","AMD Ryzen Threadripper 3970X 32-Core Processor","0","e2e","265","1.0","1.0113","0,5953","33,582","56.4","0","reduction","openblas","fp32","0","985","265","1.0113","56.694","56.1","56.4","3180000000","5.34","e2e","e2e","0","AMD Ryzen Threadripper 3970X 32-Core Processor","","","","0","0","","","37.0","0","OPENBLAS_NUM_THREADS=20; e2e_host_memcpy=1; e2e_bw=mixed","0.1267245283018868","3,5201257861635224e-08","0.002246415094339623","0","0","0.0","","0.0","0.0","9,328333333333334e-06","DE","0,09997","9,325534833333334e-07","0,07830997222222223","7,305015242129631e-07","0,1002","9,34699e-07","0,09501313888888888","8,863142306018518e-07","0,1002","9,34699e-07","0,09501313888888888","8,863142306018518e-07","0,09997","9,325534833333334e-07","0,07830997222222223","7,305015242129631e-07","0,09997","3,5190697484276734e-09","2,7566095253319363e-09","9,325534833333334e-07","0,1002","3,527166037735849e-09","3,3445820022711388e-09","9,34699e-07","0,1002","3,527166037735849e-09","3,3445820022711388e-09","9,34699e-07","0,09997","3,5190697484276734e-09","2,7566095253319363e-09","9,325534833333334e-07"
"2024-09-13 00:38:15+02:00","rock-tobefilledbyoem","AMD Ryzen Threadripper 3970X 32-Core Processor","0","kernel","690","1.0","1.0574","1,0574","59,473","56.2","0","reduction","openblas","fp32","0","690","221","1.0574","59.473","56.2","57.0","22080000000","20.88","kernel","kernel","0","AMD Ryzen Threadripper 3970X 32-Core Processor","","","","0","0","","","37.0","0","OPENBLAS_NUM_THREADS=20; e2e_host_memcpy=1; e2e_bw=mixed","0.0861927536231884","2,3942431561996777e-08","0.001532463768115942","0","0","","","","","1,6520277777777777e-05","DE","0,09997","1,6515321694444444e-06","0,07830997222222223","1,2937024938811729e-06","0,1002","1,6553318333333333e-06","0,09501313888888888","1,5696434469830243e-06","0,1002","1,6553318333333333e-06","0,09501313888888888","1,5696434469830243e-06","0,09997","1,6515321694444444e-06","0,07830997222222223","1,2937024938811729e-06","0,09997","2,393524883252818e-09","1,8749311505524245e-09","1,6515321694444444e-06","0,1002","2,399031642512077e-09","2,2748455753377164e-09","1,655331833333333e-06","0,1002","2,399031642512077e-09","2,2748455753377164e-09","1,655331833333333e-06","0,09997","2,393524883252818e-09","1,8749311505524245e-09","1,6515321694444444e-06"
"2024-09-13 00:38:15+02:00","rock-tobefilledbyoem","AMD Ryzen Threadripper 3970X 32-Core Processor","0","e2e","221","1.0","1.0574","0,5951","33,892","57.0","0","reduction","openblas","fp32","0","690","221","1.0574","59.473","56.2","57.0","3536000000","5.94","e2e","e2e","0","AMD Ryzen Threadripper 3970X 32-Core Processor","","","","0","0","","","37.0","0","OPENBLAS_NUM_THREADS=20; e2e_host_memcpy=1; e2e_bw=mixed","0.15335746606334844","4,25992961287079e-08","0.002692760180995475","0","0","0.0","","0.0","0.0","9,414444444444445e-06","DE","0,09997","9,411620111111112e-07","0,07830997222222223","7,372448829320989e-07","0,1002","9,433273333333334e-07","0,09501313888888888","8,944959175617283e-07","0,1002","9,433273333333334e-07","0,09501313888888888","8,944959175617283e-07","0,09997","9,411620111111112e-07","0,07830997222222223","7,372448829320989e-07","0,09997","4,258651633986929e-09","3,3359496965253345e-09","9,411620111111113e-07","0,1002","4,268449472096531e-09","4,04749283964583e-09","9,433273333333334e-07","0,1002","4,268449472096531e-09","4,04749283964583e-09","9,433273333333334e-07","0,09997","4,258651633986929e-09","3,3359496965253345e-09","9,411620111111113e-07"
"2024-09-13 00:38:23+02:00","rock-tobefilledbyoem","AMD Ryzen Threadripper 3970X 32-Core Processor","0","kernel","427","1.0","1.07","1,07","60,761","56.8","0","reduction","openblas","fp32","0","427","129","1.07","60.761","56.8","57.5","20496000000","19.16","kernel","kernel","0","AMD Ryzen Threadripper 3970X 32-Core Processor","","","","0","0","","","37.0","0","OPENBLAS_NUM_THREADS=20; e2e_host_memcpy=1; e2e_bw=mixed","0.14229742388758782","3,952706219099661e-08","0.0025058548009367684","0","0","","","","","1,6878055555555558e-05","DE","0,09997","1,6872992138888892e-06","0,07830997222222223","1,3217200617206794e-06","0,1002","1,6911811666666669e-06","0,09501313888888888","1,6036370366743827e-06","0,1002","1,6911811666666669e-06","0,09501313888888888","1,6036370366743827e-06","0,09997","1,6872992138888892e-06","0,07830997222222223","1,3217200617206794e-06","0,09997","3,951520407233932e-09","3,0953631422029953e-09","1,6872992138888888e-06","0,1002","3,960611631537861e-09","3,75559024982291e-09","1,6911811666666665e-06","0,1002","3,960611631537861e-09","3,75559024982291e-09","1,6911811666666665e-06","0,09997","3,951520407233932e-09","3,0953631422029953e-09","1,6872992138888888e-06"
"2024-09-13 00:38:23+02:00","rock-tobefilledbyoem","AMD Ryzen Threadripper 3970X 32-Core Processor","0","e2e","129","1.0","1.07","0,5323","30,635","57.5","0","reduction","openblas","fp32","0","427","129","1.07","60.761","56.8","57.5","3096000000","5.82","e2e","e2e","0","AMD Ryzen Threadripper 3970X 32-Core Processor","","","","0","0","","","37.0","0","OPENBLAS_NUM_THREADS=20; e2e_host_memcpy=1; e2e_bw=mixed","0.23748062015503876","6,59668389319552e-08","0.004126356589147287","0","0","0.0","","0.0","0.0","8,509722222222222e-06","DE","0,09997","8,507169305555555e-07","0,07830997222222223","6,663961108410495e-07","0,1002","8,526741666666666e-07","0,09501313888888888","8,085354194058641e-07","0,1002","8,526741666666666e-07","0,09501313888888888","8,085354194058641e-07","0,09997","8,507169305555555e-07","0,07830997222222223","6,663961108410495e-07","0,09997","6,594704888027562e-09","5,16586132434922e-09","8,507169305555555e-07","0,1002","6,609877260981911e-09","6,267716429502822e-09","8,526741666666665e-07","0,1002","6,609877260981911e-09","6,267716429502822e-09","8,526741666666665e-07","0,09997","6,594704888027562e-09","5,16586132434922e-09","8,507169305555555e-07"
"2024-09-13 00:38:32+02:00","rock-tobefilledbyoem","AMD Ryzen Threadripper 3970X 32-Core Processor","0","kernel","323","1.0","1.0618","1,0618","60,278","56.8","0","reduction","openblas","fp32","0","323","111","1.0618","60.278","56.8","57.5","20672000000","19.47","kernel","kernel","0","AMD Ryzen Threadripper 3970X 32-Core Processor","","","","0","0","","","37.0","0","OPENBLAS_NUM_THREADS=20; e2e_host_memcpy=1; e2e_bw=mixed","0.18661919504643962","5,183866529067768e-08","0.003287306501547988","0","0","","","","","1,674388888888889e-05","DE","0,09997","1,6738865722222222e-06","0,07830997222222223","1,3112134737808643e-06","0,1002","1,6777376666666665e-06","0,09501313888888888","1,5908894405401232e-06","0,1002","1,6777376666666665e-06","0,09501313888888888","1,5908894405401232e-06","0,09997","1,6738865722222222e-06","0,07830997222222223","1,3112134737808643e-06","0,09997","5,182311369109048e-09","4,059484438950045e-09","1,6738865722222225e-06","0,1002","5,194234262125903e-09","4,925354305077781e-09","1,6777376666666667e-06","0,1002","5,194234262125903e-09","4,925354305077781e-09","1,6777376666666667e-06","0,09997","5,182311369109048e-09","4,059484438950045e-09","1,6738865722222225e-06"
"2024-09-13 00:38:32+02:00","rock-tobefilledbyoem","AMD Ryzen Threadripper 3970X 32-Core Processor","0","e2e","111","1.0","1.0618","0,604","34,739","57.5","0","reduction","openblas","fp32","0","323","111","1.0618","60.278","56.8","57.5","3552000000","5.88","e2e","e2e","0","AMD Ryzen Threadripper 3970X 32-Core Processor","","","","0","0","","","37.0","0","OPENBLAS_NUM_THREADS=20; e2e_host_memcpy=1; e2e_bw=mixed","0.3129639639639639","8,693443443443444e-08","0.0054414414414414415","0","0","0.0","","0.0","0.0","9,649722222222221e-06","DE","0,09997","9,646827305555554e-07","0,07830997222222223","7,556694791743828e-07","0,1002","9,669021666666666e-07","0,09501313888888888","9,168503977391973e-07","0,1002","9,669021666666666e-07","0,09501313888888888","9,168503977391973e-07","0,09997","9,646827305555554e-07","0,07830997222222223","7,556694791743828e-07","0,09997","8,69083541041041e-09","6,807833145715161e-09","9,646827305555557e-07","0,1002","8,71083033033033e-09","8,259913493145923e-09","9,669021666666666e-07","0,1002","8,71083033033033e-09","8,259913493145923e-09","9,669021666666666e-07","0,09997","8,69083541041041e-09","6,807833145715161e-09","9,646827305555557e-07"
"2024-09-13 00:38:40+02:00","rock-tobefilledbyoem","AMD Ryzen Threadripper 3970X 32-Core Processor","0","kernel","217","1.0","1.1196","1,1196","64,26","57.4","0","reduction","openblas","fp32","0","217","65","1.1196","64.26","57.4","57.8","20832000000","18.61","kernel","kernel","0","AMD Ryzen Threadripper 3970X 32-Core Processor","","","","0","0","","","37.1","0","OPENBLAS_NUM_THREADS=20; e2e_host_memcpy=1; e2e_bw=mixed","0.29612903225806453","8,225806451612903e-08","0.005159447004608295","0","0","","","","","1,785e-05","DE","0,09997","1,7844645e-06","0,07830997222222223","1,397833004166667e-06","0,1002","1,78857e-06","0,09501313888888888","1,6959845291666665e-06","0,1002","1,78857e-06","0,09501313888888888","1,6959845291666665e-06","0,09997","1,7844645e-06","0,07830997222222223","1,397833004166667e-06","0,09997","8,22333870967742e-09","6,4416267473118285e-09","1,7844645000000002e-06","0,1002","8,242258064516129e-09","7,81559690860215e-09","1,78857e-06","0,1002","8,242258064516129e-09","7,81559690860215e-09","1,78857e-06","0,09997","8,22333870967742e-09","6,4416267473118285e-09","1,7844645000000002e-06"
"2024-09-13 00:38:40+02:00","rock-tobefilledbyoem","AMD Ryzen Threadripper 3970X 32-Core Processor","0","e2e","65","1.0","1.1196","0,5449","31,512","57.8","0","reduction","openblas","fp32","0","217","65","1.1196","64.26","57.4","57.8","3120000000","5.73","e2e","e2e","0","AMD Ryzen Threadripper 3970X 32-Core Processor","","","","0","0","","","37.1","0","OPENBLAS_NUM_THREADS=20; e2e_host_memcpy=1; e2e_bw=mixed","0.4848","1,3466666666666668e-07","0.008383076923076924","0","0","0.0","","0.0","0.0","8,753333333333333e-06","DE","0,09997","8,750707333333333e-07","0,07830997222222223","6,854732901851853e-07","0,1002","8,770839999999999e-07","0,09501313888888888","8,316816757407406e-07","0,1002","8,770839999999999e-07","0,09501313888888888","8,316816757407406e-07","0,09997","8,750707333333333e-07","0,07830997222222223","6,854732901851853e-07","0,09997","1,3462626666666669e-08","1,0545742925925928e-08","8,750707333333335e-07","0,1002","1,3493600000000001e-08","1,2795102703703704e-08","8,770840000000001e-07","0,1002","1,3493600000000001e-08","1,2795102703703704e-08","8,770840000000001e-07","0,09997","1,3462626666666669e-08","1,0545742925925928e-08","8,750707333333335e-07"
"2024-09-13 00:38:48+02:00","rock-tobefilledbyoem","AMD Ryzen Threadripper 3970X 32-Core Processor","0","kernel","156","1.0","1.0776","1,0776","61,509","57.1","0","reduction","openblas","fp32","0","156","55","1.0776","61.509","57.1","57.7","19968000000","18.53","kernel","kernel","0","AMD Ryzen Threadripper 3970X 32-Core Processor","","","","0","0","","","37.2","0","OPENBLAS_NUM_THREADS=20; e2e_host_memcpy=1; e2e_bw=mixed","0.39428846153846153","1,0952457264957265e-07","0.006907692307692307","0","0","","","","","1,7085833333333335e-05","DE","0,09997","1,7080707583333335e-06","0,07830997222222223","1,3379911337268522e-06","0,1002","1,7120005000000002e-06","0,09501313888888888","1,6233786555324074e-06","0,1002","1,7120005000000002e-06","0,09501313888888888","1,6233786555324074e-06","0,09997","1,7080707583333335e-06","0,07830997222222223","1,3379911337268522e-06","0,09997","1,0949171527777778e-08","8,576866241838795e-09","1,7080707583333333e-06","0,1002","1,0974362179487179e-08","1,0406273432900045e-08","1,7120005e-06","0,1002","1,0974362179487179e-08","1,0406273432900045e-08","1,7120005e-06","0,09997","1,0949171527777778e-08","8,576866241838795e-09","1,7080707583333333e-06"
"2024-09-13 00:38:48+02:00","rock-tobefilledbyoem","AMD Ryzen Threadripper 3970X 32-Core Processor","0","e2e","55","1.0","1.0776","0,6134","35,4","57.7","0","reduction","openblas","fp32","0","156","55","1.0776","61.509","57.1","57.7","3520000000","5.74","e2e","e2e","0","AMD Ryzen Threadripper 3970X 32-Core Processor","","","","0","0","","","37.2","0","OPENBLAS_NUM_THREADS=20; e2e_host_memcpy=1; e2e_bw=mixed","0.6436363636363636","1,7878787878787877e-07","0.011152727272727272","0","0","0.0","","0.0","0.0","9,833333333333333e-06","DE","0,09997","9,830383333333333e-07","0,07830997222222223","7,700480601851852e-07","0,1002","9,853e-07","0,09501313888888888","9,342958657407406e-07","0,1002","9,853e-07","0,09501313888888888","9,342958657407406e-07","0,09997","9,830383333333333e-07","0,07830997222222223","7,700480601851852e-07","0,09997","1,787342424242424e-08","1,4000873821548821e-08","9,830383333333333e-07","0,1002","1,7914545454545454e-08","1,6987197558922554e-08","9,853e-07","0,1002","1,7914545454545454e-08","1,6987197558922554e-08","9,853e-07","0,09997","1,787342424242424e-08","1,4000873821548821e-08","9,830383333333333e-07"
"2024-09-13 00:38:56+02:00","rock-tobefilledbyoem","AMD Ryzen Threadripper 3970X 32-Core Processor","0","kernel","107","1.0","1.0661","1,0661","60,663","56.9","0","reduction","openblas","fp32","0","107","32","1.0661","60.663","56.9","57.6","20544000000","19.27","kernel","kernel","0","AMD Ryzen Threadripper 3970X 32-Core Processor","","","","0","0","","","37.2","0","OPENBLAS_NUM_THREADS=20; e2e_host_memcpy=1; e2e_bw=mixed","0.5669439252336448","1,5748442367601245e-07","0.009963551401869159","0","0","","","","","1,685083333333333e-05","DE","0,09997","1,6845778083333332e-06","0,07830997222222223","1,3195882902546297e-06","0,1002","1,6884534999999997e-06","0,09501313888888888","1,601050567893518e-06","0,1002","1,6884534999999997e-06","0,09501313888888888","1,601050567893518e-06","0,09997","1,6845778083333332e-06","0,07830997222222223","1,3195882902546297e-06","0,09997","1,5743717834890966e-08","1,2332600843501212e-08","1,6845778083333334e-06","0,1002","1,577993925233645e-08","1,496308941956559e-08","1,6884535e-06","0,1002","1,577993925233645e-08","1,496308941956559e-08","1,6884535e-06","0,09997","1,5743717834890966e-08","1,2332600843501212e-08","1,6845778083333334e-06"
"2024-09-13 00:38:56+02:00","rock-tobefilledbyoem","AMD Ryzen Threadripper 3970X 32-Core Processor","0","e2e","32","1.0","1.0661","0,5267","30,359","57.6","0","reduction","openblas","fp32","0","107","32","1.0661","60.663","56.9","57.6","3072000000","5.83","e2e","e2e","0","AMD Ryzen Threadripper 3970X 32-Core Processor","","","","0","0","","","37.2","0","OPENBLAS_NUM_THREADS=20; e2e_host_memcpy=1; e2e_bw=mixed","0.94871875","2,635329861111112e-07","0.016459375","0","0","0.0","","0.0","0.0","8,433055555555557e-06","DE","0,09997","8,43052563888889e-07","0,07830997222222223","6,603923463040126e-07","0,1002","8,449921666666667e-07","0,09501313888888888","8,01251078757716e-07","0,1002","8,449921666666667e-07","0,09501313888888888","8,01251078757716e-07","0,09997","8,43052563888889e-07","0,07830997222222223","6,603923463040126e-07","0,09997","2,6345392621527787e-08","2,0637260822000396e-08","8,430525638888892e-07","0,1002","2,6406005208333342e-08","2,5039096211178632e-08","8,449921666666669e-07","0,1002","2,6406005208333342e-08","2,5039096211178632e-08","8,449921666666669e-07","0,09997","2,6345392621527787e-08","2,0637260822000396e-08","8,430525638888892e-07"
"2024-09-13 00:39:05+02:00","rock-tobefilledbyoem","AMD Ryzen Threadripper 3970X 32-Core Processor","0","kernel","81","1.0","1.054","1,054","59,899","56.8","0","reduction","openblas","fp32","0","81","28","1.054","59.899","56.8","57.6","20736000000","19.67","kernel","kernel","0","AMD Ryzen Threadripper 3970X 32-Core Processor","","","","0","0","","","37.2","0","OPENBLAS_NUM_THREADS=20; e2e_host_memcpy=1; e2e_bw=mixed","0.7394938271604938","2,0541495198902605e-07","0.013012345679012346","0","0","","","","","1,6638611111111113e-05","DE","0,09997","1,663361952777778e-06","0,07830997222222223","1,3029691739274695e-06","0,1002","1,6671888333333334e-06","0,09501313888888888","1,5808866684182097e-06","0,1002","1,6671888333333334e-06","0,09501313888888888","1,5808866684182097e-06","0,09997","1,663361952777778e-06","0,07830997222222223","1,3029691739274695e-06","0,09997","2,0535332750342937e-08","1,6086039184289744e-08","1,663361952777778e-06","0,1002","2,058257818930041e-08","1,9517119363187773e-08","1,6671888333333332e-06","0,1002","2,058257818930041e-08","1,9517119363187773e-08","1,6671888333333332e-06","0,09997","2,0535332750342937e-08","1,6086039184289744e-08","1,663361952777778e-06"
"2024-09-13 00:39:05+02:00","rock-tobefilledbyoem","AMD Ryzen Threadripper 3970X 32-Core Processor","0","e2e","28","1.0","1.054","0,6087","35,034","57.6","0","reduction","openblas","fp32","0","81","28","1.054","59.899","56.8","57.6","3584000000","5.89","e2e","e2e","0","AMD Ryzen Threadripper 3970X 32-Core Processor","","","","0","0","","","37.2","0","OPENBLAS_NUM_THREADS=20; e2e_host_memcpy=1; e2e_bw=mixed","1.2512142857142856","3,475595238095238e-07","0.021739285714285714","0","0","0.0","","0.0","0.0","9,731666666666667e-06","DE","0,09997","9,728747166666668e-07","0,07830997222222223","7,620865463425927e-07","0,1002","9,75113e-07","0,09501313888888888","9,246361966203702e-07","0,1002","9,75113e-07","0,09501313888888888","9,246361966203702e-07","0,09997","9,728747166666668e-07","0,07830997222222223","7,620865463425927e-07","0,09997","3,474552559523809e-08","2,7217376655092594e-08","9,728747166666666e-07","0,1002","3,482546428571428e-08","3,302272130787036e-08","9,75113e-07","0,1002","3,482546428571428e-08","3,302272130787036e-08","9,75113e-07","0,09997","3,474552559523809e-08","2,7217376655092594e-08","9,728747166666666e-07"
"2024-09-13 00:39:13+02:00","rock-tobefilledbyoem","AMD Ryzen Threadripper 3970X 32-Core Processor","0","kernel","56","1.0","1.0719","1,0719","60,89","56.8","0","reduction","openblas","fp32","0","56","17","1.0719","60.89","56.8","57.5","21504000000","20.06","kernel","kernel","0","AMD Ryzen Threadripper 3970X 32-Core Processor","","","","0","0","","","37.2","0","OPENBLAS_NUM_THREADS=20; e2e_host_memcpy=1; e2e_bw=mixed","1.0873214285714285","3,0203373015873015e-07","0.01914107142857143","0","0","","","","","1,691388888888889e-05","DE","0,09997","1,6908814722222222e-06","0,07830997222222223","1,3245261690586421e-06","0,1002","1,6947716666666666e-06","0,09501313888888888","1,6070416741512344e-06","0,1002","1,6947716666666666e-06","0,09501313888888888","1,6070416741512344e-06","0,09997","1,6908814722222222e-06","0,07830997222222223","1,3245261690586421e-06","0,09997","3,0194312003968256e-08","2,3652253018904323e-08","1,6908814722222224e-06","0,1002","3,026377976190476e-08","2,8697172752700612e-08","1,6947716666666664e-06","0,1002","3,026377976190476e-08","2,8697172752700612e-08","1,6947716666666664e-06","0,09997","3,0194312003968256e-08","2,3652253018904323e-08","1,6908814722222224e-06"
"2024-09-13 00:39:13+02:00","rock-tobefilledbyoem","AMD Ryzen Threadripper 3970X 32-Core Processor","0","e2e","17","1.0","1.0719","0,5505","31,674","57.5","0","reduction","openblas","fp32","0","56","17","1.0719","60.89","56.8","57.5","3264000000","5.93","e2e","e2e","0","AMD Ryzen Threadripper 3970X 32-Core Processor","","","","0","0","","","37.2","0","OPENBLAS_NUM_THREADS=20; e2e_host_memcpy=1; e2e_bw=mixed","1.8631764705882352","5,175490196078431e-07","0.03238235294117647","0","0","0.0","","0.0","0.0","8,798333333333334e-06","DE","0,09997","8,795693833333334e-07","0,07830997222222223","6,889972389351853e-07","0,1002","8,81593e-07","0,09501313888888888","8,359572669907407e-07","0,1002","8,81593e-07","0,09501313888888888","8,359572669907407e-07","0,09997","8,795693833333334e-07","0,07830997222222223","6,889972389351853e-07","0,09997","5,173937549019607e-08","4,052924934912854e-08","8,795693833333332e-07","0,1002","5,185841176470587e-08","4,917395688180827e-08","8,815929999999999e-07","0,1002","5,185841176470587e-08","4,917395688180827e-08","8,815929999999999e-07","0,09997","5,173937549019607e-08","4,052924934912854e-08","8,795693833333332e-07"
"2024-09-13 00:39:22+02:00","rock-tobefilledbyoem","AMD Ryzen Threadripper 3970X 32-Core Processor","0","kernel","42","1.0","1.0595","1,0595","60,151","56.8","0","reduction","openblas","fp32","0","42","14","1.0595","60.151","56.8","57.4","21504000000","20.3","kernel","kernel","0","AMD Ryzen Threadripper 3970X 32-Core Processor","","","","0","0","","","37.2","0","OPENBLAS_NUM_THREADS=20; e2e_host_memcpy=1; e2e_bw=mixed","1.4321666666666668","3,978240740740741e-07","0.02522619047619048","0","0","","","","","1,6708611111111114e-05","DE","0,09997","1,670359852777778e-06","0,07830997222222223","1,308450871983025e-06","0,1002","1,6742028333333335e-06","0,09501313888888888","1,5875375881404322e-06","0,1002","1,6742028333333335e-06","0,09501313888888888","1,5875375881404322e-06","0,09997","1,670359852777778e-06","0,07830997222222223","1,308450871983025e-06","0,09997","3,977047268518519e-08","3,115359219007202e-08","1,670359852777778e-06","0,1002","3,9861972222222225e-08","3,779851400334362e-08","1,6742028333333335e-06","0,1002","3,9861972222222225e-08","3,779851400334362e-08","1,6742028333333335e-06","0,09997","3,977047268518519e-08","3,115359219007202e-08","1,670359852777778e-06"
"2024-09-13 00:39:22+02:00","rock-tobefilledbyoem","AMD Ryzen Threadripper 3970X 32-Core Processor","0","e2e","14","1.0","1.0595","0,6017","34,536","57.4","0","reduction","openblas","fp32","0","42","14","1.0595","60.151","56.8","57.4","3584000000","5.96","e2e","e2e","0","AMD Ryzen Threadripper 3970X 32-Core Processor","","","","0","0","","","37.2","0","OPENBLAS_NUM_THREADS=20; e2e_host_memcpy=1; e2e_bw=mixed","2.466857142857143","6,852380952380953e-07","0.04297857142857143","0","0","0.0","","0.0","0.0","9,593333333333334e-06","DE","0,09997","9,590455333333335e-07","0,07830997222222223","7,51253666851852e-07","0,1002","9,61252e-07","0,09501313888888888","9,114927124074073e-07","0,1002","9,61252e-07","0,09501313888888888","9,114927124074073e-07","0,09997","9,590455333333335e-07","0,07830997222222223","7,51253666851852e-07","0,09997","6,850325238095238e-08","5,3660976203703713e-08","9,590455333333332e-07","0,1002","6,866085714285714e-08","6,510662231481481e-08","9,61252e-07","0,1002","6,866085714285714e-08","6,510662231481481e-08","9,61252e-07","0,09997","6,850325238095238e-08","5,3660976203703713e-08","9,590455333333332e-07"
"2024-09-13 00:39:30+02:00","rock-tobefilledbyoem","AMD Ryzen Threadripper 3970X 32-Core Processor","0","kernel","29","1.0","1.0856","1,0856","61,557","56.7","0","reduction","openblas","fp32","0","29","9","1.0856","61.557","56.7","57.3","22272000000","20.52","kernel","kernel","0","AMD Ryzen Threadripper 3970X 32-Core Processor","","","","0","0","","","37.2","0","OPENBLAS_NUM_THREADS=20; e2e_host_memcpy=1; e2e_bw=mixed","2.122655172413793","5,896264367816092e-07","0.037434482758620685","0","0","","","","","1,7099166666666667e-05","DE","0,09997","1,7094036916666669e-06","0,07830997222222223","1,339035266689815e-06","0,1002","1,7133365e-06","0,09501313888888888","1,624645497384259e-06","0,1002","1,7133365e-06","0,09501313888888888","1,624645497384259e-06","0,09997","1,7094036916666669e-06","0,07830997222222223","1,339035266689815e-06","0,09997","5,8944954885057475e-08","4,617362988585569e-08","1,7094036916666669e-06","0,1002","5,908056896551724e-08","5,602225853049169e-08","1,7133365e-06","0,1002","5,908056896551724e-08","5,602225853049169e-08","1,7133365e-06","0,09997","5,8944954885057475e-08","4,617362988585569e-08","1,7094036916666669e-06"
"2024-09-13 00:39:30+02:00","rock-tobefilledbyoem","AMD Ryzen Threadripper 3970X 32-Core Processor","0","e2e","9","1.0","1.0856","0,5782","33,12","57.3","0","reduction","openblas","fp32","0","29","9","1.0856","61.557","56.7","57.3","3456000000","5.98","e2e","e2e","0","AMD Ryzen Threadripper 3970X 32-Core Processor","","","","0","0","","","37.2","0","OPENBLAS_NUM_THREADS=20; e2e_host_memcpy=1; e2e_bw=mixed","3.6799999999999997","1,022222222222222e-06","0.06424444444444445","0","0","0.0","","0.0","0.0","9,2e-06","DE","0,09997","9,19724e-07","0,07830997222222223","7,204517444444445e-07","0,1002","9,2184e-07","0,09501313888888888","8,741208777777777e-07","0,1002","9,2184e-07","0,09501313888888888","8,741208777777777e-07","0,09997","9,19724e-07","0,07830997222222223","7,204517444444445e-07","0,09997","1,0219155555555552e-07","8,005019382716049e-08","9,197239999999997e-07","0,1002","1,0242666666666664e-07","9,71245419753086e-08","9,218399999999997e-07","0,1002","1,0242666666666664e-07","9,71245419753086e-08","9,218399999999997e-07","0,09997","1,0219155555555552e-07","8,005019382716049e-08","9,197239999999997e-07"
"2024-09-13 00:39:39+02:00","rock-tobefilledbyoem","AMD Ryzen Threadripper 3970X 32-Core Processor","0","kernel","22","1.0","1.089","1,089","61,714","56.7","0","reduction","openblas","fp32","0","22","7","1.089","61.714","56.7","57.3","22528000000","20.69","kernel","kernel","0","AMD Ryzen Threadripper 3970X 32-Core Processor","","","","0","0","","","37.2","0","OPENBLAS_NUM_THREADS=20; e2e_host_memcpy=1; e2e_bw=mixed","2.805181818181818","7,792171717171717e-07","0.049499999999999995","0","0","","","","","1,7142777777777777e-05","DE","0,09997","1,7137634944444445e-06","0,07830997222222223","1,3424504515895063e-06","0,1002","1,7177063333333332e-06","0,09501313888888888","1,6287891259413577e-06","0,1002","1,7177063333333332e-06","0,09501313888888888","1,6287891259413577e-06","0,09997","1,7137634944444445e-06","0,07830997222222223","1,3424504515895063e-06","0,09997","7,789834065656565e-08","6,102047507225028e-08","1,7137634944444445e-06","0,1002","7,807756060606061e-08","7,403586936097081e-08","1,7177063333333334e-06","0,1002","7,807756060606061e-08","7,403586936097081e-08","1,7177063333333334e-06","0,09997","7,789834065656565e-08","6,102047507225028e-08","1,7137634944444445e-06"
"2024-09-13 00:39:39+02:00","rock-tobefilledbyoem","AMD Ryzen Threadripper 3970X 32-Core Processor","0","e2e","7","1.0","1.089","0,597","34,213","57.3","0","reduction","openblas","fp32","0","22","7","1.089","61.714","56.7","57.3","3584000000","6.0","e2e","e2e","0","AMD Ryzen Threadripper 3970X 32-Core Processor","","","","0","0","","","37.2","0","OPENBLAS_NUM_THREADS=20; e2e_host_memcpy=1; e2e_bw=mixed","4.8875714285714285","1,35765873015873e-06","0.08528571428571428","0","0","0.0","","0.0","0.0","9,503611111111112e-06","DE","0,09997","9,500760027777779e-07","0,07830997222222223","7,442275221219138e-07","0,1002","9,522618333333334e-07","0,09501313888888888","9,029679224459876e-07","0,1002","9,522618333333334e-07","0,09501313888888888","9,029679224459876e-07","0,09997","9,500760027777779e-07","0,07830997222222223","7,442275221219138e-07","0,09997","1,3572514325396827e-07","1,0631821744598767e-07","9,500760027777778e-07","0,1002","1,3603740476190476e-07","1,2899541749228393e-07","9,522618333333333e-07","0,1002","1,3603740476190476e-07","1,2899541749228393e-07","9,522618333333333e-07","0,09997","1,3572514325396827e-07","1,0631821744598767e-07","9,500760027777778e-07"
"2024-09-13 00:39:48+02:00","rock-tobefilledbyoem","AMD Ryzen Threadripper 3970X 32-Core Processor","0","kernel","17","1.0","1.054","1,054","59,729","56.7","0","reduction","openblas","fp32","0","17","7","1.054","59.729","56.7","57.3","21760000000","20.65","kernel","kernel","0","AMD Ryzen Threadripper 3970X 32-Core Processor","","","","0","0","","","37.2","0","OPENBLAS_NUM_THREADS=20; e2e_host_memcpy=1; e2e_bw=mixed","3.513470588235294","9,759640522875818e-07","0.062","0","0","","","","","1,659138888888889e-05","DE","0,09997","1,6586411472222224e-06","0,07830997222222223","1,2992712030169754e-06","0,1002","1,6624571666666666e-06","0,09501313888888888","1,5763999368595678e-06","0,1002","1,6624571666666666e-06","0,09501313888888888","1,5763999368595678e-06","0,09997","1,6586411472222224e-06","0,07830997222222223","1,2992712030169754e-06","0,09997","9,756712630718956e-08","7,642771782452798e-08","1,6586411472222224e-06","0,1002","9,779159803921568e-08","9,27294080505628e-08","1,6624571666666666e-06","0,1002","9,779159803921568e-08","9,27294080505628e-08","1,6624571666666666e-06","0,09997","9,756712630718956e-08","7,642771782452798e-08","1,6586411472222224e-06"
"2024-09-13 00:39:48+02:00","rock-tobefilledbyoem","AMD Ryzen Threadripper 3970X 32-Core Processor","0","e2e","7","1.0","1.054","0,747","42,791","57.3","0","reduction","openblas","fp32","0","17","7","1.054","59.729","56.7","57.3","4480000000","6.0","e2e","e2e","0","AMD Ryzen Threadripper 3970X 32-Core Processor","","","","0","0","","","37.2","0","OPENBLAS_NUM_THREADS=20; e2e_host_memcpy=1; e2e_bw=mixed","6.1129999999999995","1,6980555555555557e-06","0.10671428571428572","0","0","0.0","","0.0","0.0","1,1886388888888888e-05","DE","0,09997","1,1882822972222222e-06","0,07830997222222223","9,308227837114198e-07","0,1002","1,1910161666666665e-06","0,09501313888888888","1,1293631183873454e-06","0,1002","1,1910161666666665e-06","0,09501313888888888","1,1293631183873454e-06","0,09997","1,1882822972222222e-06","0,07830997222222223","9,308227837114198e-07","0,09997","1,6975461388888892e-07","1,329746833873457e-07","1,1882822972222224e-06","0,1002","1,7014516666666666e-07","1,6133758834104937e-07","1,1910161666666667e-06","0,1002","1,7014516666666666e-07","1,6133758834104937e-07","1,1910161666666667e-06","0,09997","1,6975461388888892e-07","1,329746833873457e-07","1,1882822972222224e-06"
"2024-09-13 00:39:58+02:00","rock-tobefilledbyoem","AMD Ryzen Threadripper 3970X 32-Core Processor","0","kernel","15","1.0","1.1127","1,1127","63,021","56.6","0","reduction","openblas","fp32","0","15","6","1.1127","63.021","56.6","57.3","23040000000","20.71","kernel","kernel","0","AMD Ryzen Threadripper 3970X 32-Core Processor","","","","0","0","","","37.2","0","OPENBLAS_NUM_THREADS=20; e2e_host_memcpy=1; e2e_bw=mixed","4.2014000000000005","1,1670555555555556e-06","0.07418","0","0","","","","","1,7505833333333334e-05","DE","0,09997","1,7500581583333335e-06","0,07830997222222223","1,3708813220601854e-06","0,1002","1,7540845e-06","0,09501313888888888","1,6632841738657406e-06","0,1002","1,7540845e-06","0,09501313888888888","1,6632841738657406e-06","0,09997","1,7500581583333335e-06","0,07830997222222223","1,3708813220601854e-06","0,09997","1,166705438888889e-07","9,13920881373457e-08","1,7500581583333335e-06","0,1002","1,1693896666666667e-07","1,1088561159104937e-07","1,7540845000000002e-06","0,1002","1,1693896666666667e-07","1,1088561159104937e-07","1,7540845000000002e-06","0,09997","1,166705438888889e-07","9,13920881373457e-08","1,7500581583333335e-06"
"2024-09-13 00:39:58+02:00","rock-tobefilledbyoem","AMD Ryzen Threadripper 3970X 32-Core Processor","0","e2e","6","1.0","1.1127","0,7842","44,905","57.3","0","reduction","openblas","fp32","0","15","6","1.1127","63.021","56.6","57.3","4608000000","5.88","e2e","e2e","0","AMD Ryzen Threadripper 3970X 32-Core Processor","","","","0","0","","","37.2","0","OPENBLAS_NUM_THREADS=20; e2e_host_memcpy=1; e2e_bw=mixed","7.484166666666667","2,0789351851851853e-06","0.1307","0","0","0.0","","0.0","0.0","1,2473611111111111e-05","DE","0,09997","1,2469869027777778e-06","0,07830997222222223","9,768081396219137e-07","0,1002","1,2498558333333334e-06","0,09501313888888888","1,1851569449459876e-06","0,1002","1,2498558333333334e-06","0,09501313888888888","1,1851569449459876e-06","0,09997","1,2469869027777778e-06","0,07830997222222223","9,768081396219137e-07","0,09997","2,0783115046296297e-07","1,628013566036523e-07","1,2469869027777778e-06","0,1002","2,0830930555555555e-07","1,9752615749099793e-07","1,2498558333333334e-06","0,1002","2,0830930555555555e-07","1,9752615749099793e-07","1,2498558333333334e-06","0,09997","2,0783115046296297e-07","1,628013566036523e-07","1,2469869027777778e-06"
"2024-09-13 00:40:08+02:00","rock-tobefilledbyoem","AMD Ryzen Threadripper 3970X 32-Core Processor","0","kernel","11","1.0","1.085","1,085","61,475","56.7","0","reduction","openblas","fp32","0","11","4","1.085","61.475","56.7","57.3","22528000000","20.76","kernel","kernel","0","AMD Ryzen Threadripper 3970X 32-Core Processor","","","","0","0","","","37.4","0","OPENBLAS_NUM_THREADS=20; e2e_host_memcpy=1; e2e_bw=mixed","5.588636363636364","1,55239898989899e-06","0.09863636363636363","0","0","","","","","1,707638888888889e-05","DE","0,09997","1,7071265972222222e-06","0,07830997222222223","1,3372515395447533e-06","0,1002","1,7110541666666666e-06","0,09501313888888888","1,6224813092206788e-06","0,1002","1,7110541666666666e-06","0,09501313888888888","1,6224813092206788e-06","0,09997","1,7071265972222222e-06","0,07830997222222223","1,3372515395447533e-06","0,09997","1,5519332702020203e-07","1,2156832177679575e-07","1,7071265972222222e-06","0,1002","1,555503787878788e-07","1,4749830083824354e-07","1,7110541666666668e-06","0,1002","1,555503787878788e-07","1,4749830083824354e-07","1,7110541666666668e-06","0,09997","1,5519332702020203e-07","1,2156832177679575e-07","1,7071265972222222e-06"
"2024-09-13 00:40:08+02:00","rock-tobefilledbyoem","AMD Ryzen Threadripper 3970X 32-Core Processor","0","e2e","4","1.0","1.085","0,6818","39,082","57.3","0","reduction","openblas","fp32","0","11","4","1.085","61.475","56.7","57.3","4096000000","6.01","e2e","e2e","0","AMD Ryzen Threadripper 3970X 32-Core Processor","","","","0","0","","","37.4","0","OPENBLAS_NUM_THREADS=20; e2e_host_memcpy=1; e2e_bw=mixed","9.7705","2,714027777777778e-06","0.17045","0","0","0.0","","0.0","0.0","1,0856111111111112e-05","DE","0,09997","1,0852854277777778e-06","0,07830997222222223","8,501417595524693e-07","0,1002","1,0877823333333333e-06","0,09501313888888888","1,0314731927932099e-06","0,1002","1,0877823333333333e-06","0,09501313888888888","1,0314731927932099e-06","0,09997","1,0852854277777778e-06","0,07830997222222223","8,501417595524693e-07","0,09997","2,7132135694444446e-07","2,1253543988811732e-07","1,0852854277777778e-06","0,1002","2,719455833333333e-07","2,5786829819830247e-07","1,0877823333333333e-06","0,1002","2,719455833333333e-07","2,5786829819830247e-07","1,0877823333333333e-06","0,09997","2,7132135694444446e-07","2,1253543988811732e-07","1,0852854277777778e-06"
"2024-09-13 00:40:19+02:00","rock-tobefilledbyoem","AMD Ryzen Threadripper 3970X 32-Core Processor","0","kernel","8","1.0","1.1725","1,1725","66,438","56.7","0","reduction","openblas","fp32","0","8","3","1.1725","66.438","56.7","57.4","24576000000","20.96","kernel","kernel","0","AMD Ryzen Threadripper 3970X 32-Core Processor","","","","0","0","","","37.2","0","OPENBLAS_NUM_THREADS=20; e2e_host_memcpy=1; e2e_bw=mixed","8.30475","2,3068750000000003e-06","0.1465625","0","0","","","","","1,8455000000000002e-05","DE","0,09997","1,8449463500000003e-06","0,07830997222222223","1,4452105373611115e-06","0,1002","1,8491910000000002e-06","0,09501313888888888","1,7534674781944445e-06","0,1002","1,8491910000000002e-06","0,09501313888888888","1,7534674781944445e-06","0,09997","1,8449463500000003e-06","0,07830997222222223","1,4452105373611115e-06","0,09997","2,3061829375000004e-07","1,8065131717013893e-07","1,8449463500000003e-06","0,1002","2,3114887500000002e-07","2,1918343477430556e-07","1,8491910000000002e-06","0,1002","2,3114887500000002e-07","2,1918343477430556e-07","1,8491910000000002e-06","0,09997","2,3061829375000004e-07","1,8065131717013893e-07","1,8449463500000003e-06"
"2024-09-13 00:40:19+02:00","rock-tobefilledbyoem","AMD Ryzen Threadripper 3970X 32-Core Processor","0","e2e","3","1.0","1.1725","0,7601","43,661","57.4","0","reduction","openblas","fp32","0","8","3","1.1725","66.438","56.7","57.4","4608000000","6.06","e2e","e2e","0","AMD Ryzen Threadripper 3970X 32-Core Processor","","","","0","0","","","37.2","0","OPENBLAS_NUM_THREADS=20; e2e_host_memcpy=1; e2e_bw=mixed","14.553666666666667","4,042685185185185e-06","0.2533666666666667","0","0","0.0","","0.0","0.0","1,2128055555555556e-05","DE","0,09997","1,212441713888889e-06","0,07830997222222223","9,497476936651236e-07","0,1002","1,2152311666666666e-06","0,09501313888888888","1,1523246269521605e-06","0,1002","1,2152311666666666e-06","0,09501313888888888","1,1523246269521605e-06","0,09997","1,212441713888889e-06","0,07830997222222223","9,497476936651236e-07","0,09997","4,0414723796296297e-07","3,165825645550412e-07","1,212441713888889e-06","0,1002","4,0507705555555555e-07","3,8410820898405347e-07","1,2152311666666666e-06","0,1002","4,0507705555555555e-07","3,8410820898405347e-07","1,2152311666666666e-06","0,09997","4,0414723796296297e-07","3,165825645550412e-07","1,212441713888889e-06"
"2024-09-13 00:40:47+02:00","rock-tobefilledbyoem","AMD Ryzen Threadripper 3970X 32-Core Processor","0","kernel","11172","1.0","1.0046","1,0046","56,079","55.8","0","reduction","openblas","fp32","0","11172","500","1.0046","56.079","55.8","55.2","89376000000","88.96","kernel","kernel","0","AMD Ryzen Threadripper 3970X 32-Core Processor","","","","0","0","","","39.2","0","OPENBLAS_NUM_THREADS=20; e2e_host_memcpy=1; e2e_bw=mixed","0.005019602577873254","1,394334049409237e-09","8.992123165055495e-05","0","0","","","","","1,55775e-05","DE","0,09997","1,5572826750000003e-06","0,07830997222222223","1,219873592291667e-06","0,1002","1,5608655000000002e-06","0,09501313888888888","1,4800671710416667e-06","0,1002","1,5608655000000002e-06","0,09501313888888888","1,4800671710416667e-06","0,09997","1,5572826750000003e-06","0,07830997222222223","1,219873592291667e-06","0,09997","1,3939157491944143e-10","1,0919026067773599e-10","1,5572826749999996e-06","0,1002","1,3971227175080555e-10","1,324800546940267e-10","1,5608654999999997e-06","0,1002","1,3971227175080555e-10","1,324800546940267e-10","1,5608654999999997e-06","0,09997","1,3939157491944143e-10","1,0919026067773599e-10","1,5572826749999996e-06"
"2024-09-13 00:40:47+02:00","rock-tobefilledbyoem","AMD Ryzen Threadripper 3970X 32-Core Processor","0","e2e","500","1.0","1.0046","0,1156","6,377","55.2","0","reduction","openblas","fp32","0","11172","500","1.0046","56.079","55.8","55.2","2000000000","17.3","e2e","e2e","0","AMD Ryzen Threadripper 3970X 32-Core Processor","","","","0","0","","","39.2","0","OPENBLAS_NUM_THREADS=20; e2e_host_memcpy=1; e2e_bw=mixed","0.012754","3,5427777777777773e-09","0.00023119999999999998","0","0","0.0","","0.0","0.0","1,7713888888888889e-06","DE","0,09997","1,7708574722222223e-07","0,07830997222222223","1,38717414683642e-07","0,1002","1,7749316666666666e-07","0,09501313888888888","1,6830521852623454e-07","0,1002","1,7749316666666666e-07","0,09501313888888888","1,6830521852623454e-07","0,09997","1,7708574722222223e-07","0,07830997222222223","1,38717414683642e-07","0,09997","3,5417149444444443e-10","2,7743482936728397e-10","1,770857472222222e-07","0,1002","3,5498633333333327e-10","3,3661043705246905e-10","1,7749316666666663e-07","0,1002","3,5498633333333327e-10","3,3661043705246905e-10","1,7749316666666663e-07","0,09997","3,5417149444444443e-10","2,7743482936728397e-10","1,770857472222222e-07"
"2024-09-13 00:40:54+02:00","rock-tobefilledbyoem","AMD Ryzen Threadripper 3970X 32-Core Processor","0","kernel","5047","1.0","0.9764","0,9764","53,732","55.0","1","reduction","openblas","fp32","0","5047","622","0.9764","53.732","55.0","54.9","60564000000","62.03","kernel","kernel","0","AMD Ryzen Threadripper 3970X 32-Core Processor","","","","0","0","","","38.1","0","OPENBLAS_NUM_THREADS=20; e2e_host_memcpy=1; e2e_bw=mixed","0.01064632454923717","2,9573123747881027e-09","0.00019346146225480485","0","0","","","","","1,4925555555555556e-05","DE","0,09997","1,492107788888889e-06","0,07830997222222223","1,1688198409567903e-06","0,1002","1,4955406666666666e-06","0,09501313888888888","1,418123882993827e-06","0,1002","1,4955406666666666e-06","0,09501313888888888","1,418123882993827e-06","0,09997","1,492107788888889e-06","0,07830997222222223","1,1688198409567903e-06","0,09997","2,9564251810756666e-10","2,3158704992209038e-10","1,492107788888889e-06","0,1002","2,963226999537679e-10","2,809835314035718e-10","1,4955406666666666e-06","0,1002","2,963226999537679e-10","2,809835314035718e-10","1,4955406666666666e-06","0,09997","2,9564251810756666e-10","2,3158704992209038e-10","1,492107788888889e-06"
"2024-09-13 00:40:54+02:00","rock-tobefilledbyoem","AMD Ryzen Threadripper 3970X 32-Core Processor","0","e2e","622","1.0","0.9764","0,4322","23,727","54.9","1","reduction","openblas","fp32","0","5047","622","0.9764","53.732","55.0","54.9","3732000000","8.64","e2e","e2e","0","AMD Ryzen Threadripper 3970X 32-Core Processor","","","","0","0","","","38.1","0","OPENBLAS_NUM_THREADS=20; e2e_host_memcpy=1; e2e_bw=mixed","0.03814630225080386","1,0596195069667736e-08","0.0006948553054662379","0","0","0.0","","0.0","0.0","6,590833333333333e-06","DE","0,09997","6,588856083333333e-07","0,07830997222222223","5,161279752546297e-07","0,1002","6,604015e-07","0,09501313888888888","6,262157628935184e-07","0,1002","6,604015e-07","0,09501313888888888","6,262157628935184e-07","0,09997","6,588856083333333e-07","0,07830997222222223","5,161279752546297e-07","0,09997","1,0593016211146836e-09","8,297877415669286e-10","6,588856083333332e-07","0,1002","1,0617387459807072e-09","1,0067777538481e-09","6,604014999999999e-07","0,1002","1,0617387459807072e-09","1,0067777538481e-09","6,604014999999999e-07","0,09997","1,0593016211146836e-09","8,297877415669286e-10","6,588856083333332e-07"
"2024-09-13 00:41:02+02:00","rock-tobefilledbyoem","AMD Ryzen Threadripper 3970X 32-Core Processor","0","kernel","2474","1.0","0.9474","0,9474","52,438","55.3","1","reduction","openblas","fp32","0","2474","454","0.9474","52.438","55.3","55.9","39584000000","41.78","kernel","kernel","0","AMD Ryzen Threadripper 3970X 32-Core Processor","","","","0","0","","","37.4","0","OPENBLAS_NUM_THREADS=20; e2e_host_memcpy=1; e2e_bw=mixed","0.02119563459983832","5,887676277732867e-09","0.0003829426030719483","0","0","","","","","1,4566111111111112e-05","DE","0,09997","1,4561741277777778e-06","0,07830997222222223","1,1406717564969138e-06","0,1002","1,4595243333333333e-06","0,09501313888888888","1,3839719380709876e-06","0,1002","1,4595243333333333e-06","0,09501313888888888","1,3839719380709876e-06","0,09997","1,4561741277777778e-06","0,07830997222222223","1,1406717564969138e-06","0,09997","5,885909974849547e-10","4,6106376576269757e-10","1,4561741277777778e-06","0,1002","5,899451630288332e-10","5,594066039090492e-10","1,4595243333333333e-06","0,1002","5,899451630288332e-10","5,594066039090492e-10","1,4595243333333333e-06","0,09997","5,885909974849547e-10","4,6106376576269757e-10","1,4561741277777778e-06"
"2024-09-13 00:41:02+02:00","rock-tobefilledbyoem","AMD Ryzen Threadripper 3970X 32-Core Processor","0","e2e","454","1.0","0.9474","0,5633","31,465","55.9","1","reduction","openblas","fp32","0","2474","454","0.9474","52.438","55.3","55.9","3632000000","6.45","e2e","e2e","0","AMD Ryzen Threadripper 3970X 32-Core Processor","","","","0","0","","","37.4","0","OPENBLAS_NUM_THREADS=20; e2e_host_memcpy=1; e2e_bw=mixed","0.06930616740088105","1,9251713166911403e-08","0.001240748898678414","0","0","0.0","","0.0","0.0","8,740277777777777e-06","DE","0,09997","8,737655694444444e-07","0,07830997222222223","6,844509099922839e-07","0,1002","8,757758333333332e-07","0,09501313888888888","8,30441226427469e-07","0,1002","8,757758333333332e-07","0,09501313888888888","8,30441226427469e-07","0,09997","8,737655694444444e-07","0,07830997222222223","6,844509099922839e-07","0,09997","1,924593765296133e-09","1,5076011233310219e-09","8,737655694444445e-07","0,1002","1,9290216593245226e-09","1,8291656969768038e-09","8,757758333333332e-07","0,1002","1,9290216593245226e-09","1,8291656969768038e-09","8,757758333333332e-07","0,09997","1,924593765296133e-09","1,5076011233310219e-09","8,737655694444445e-07"
"2024-09-13 00:41:10+02:00","rock-tobefilledbyoem","AMD Ryzen Threadripper 3970X 32-Core Processor","0","kernel","941","1.0","0.9839","0,9839","55,377","56.3","1","reduction","openblas","fp32","0","941","256","0.9839","55.377","56.3","56.4","22584000000","22.95","kernel","kernel","0","AMD Ryzen Threadripper 3970X 32-Core Processor","","","","0","0","","","37.0","0","OPENBLAS_NUM_THREADS=20; e2e_host_memcpy=1; e2e_bw=mixed","0.058849096705632306","1,6346971307120086e-08","0.0010455897980871413","0","0","","","","","1,53825e-05","DE","0,09997","1,5377885250000001e-06","0,07830997222222223","1,2046031477083336e-06","0,1002","1,5413265e-06","0,09501313888888888","1,4615396089583333e-06","0,1002","1,5413265e-06","0,09501313888888888","1,4615396089583333e-06","0,09997","1,5377885250000001e-06","0,07830997222222223","1,2046031477083336e-06","0,09997","1,634206721572795e-09","1,2801308689780377e-09","1,5377885250000001e-06","0,1002","1,6379665249734326e-09","1,5531770552160821e-09","1,5413265000000002e-06","0,1002","1,6379665249734326e-09","1,5531770552160821e-09","1,5413265000000002e-06","0,09997","1,634206721572795e-09","1,2801308689780377e-09","1,5377885250000001e-06"
"2024-09-13 00:41:10+02:00","rock-tobefilledbyoem","AMD Ryzen Threadripper 3970X 32-Core Processor","0","e2e","256","1.0","0.9839","0,5917","33,375","56.4","1","reduction","openblas","fp32","0","941","256","0.9839","55.377","56.3","56.4","3072000000","5.19","e2e","e2e","0","AMD Ryzen Threadripper 3970X 32-Core Processor","","","","0","0","","","37.0","0","OPENBLAS_NUM_THREADS=20; e2e_host_memcpy=1; e2e_bw=mixed","0.13037109375","3,621419270833333e-08","0.002311328125","0","0","0.0","","0.0","0.0","9,270833333333333e-06","DE","0,09997","9,268052083333333e-07","0,07830997222222223","7,259987008101853e-07","0,1002","9,289374999999999e-07","0,09501313888888888","8,808509751157405e-07","0,1002","9,289374999999999e-07","0,09501313888888888","8,808509751157405e-07","0,09997","9,268052083333333e-07","0,07830997222222223","7,259987008101853e-07","0,09997","3,6203328450520832e-09","2,8359324250397862e-09","9,268052083333333e-07","0,1002","3,6286621093749995e-09","3,4408241215458615e-09","9,289374999999999e-07","0,1002","3,6286621093749995e-09","3,4408241215458615e-09","9,289374999999999e-07","0,09997","3,6203328450520832e-09","2,8359324250397862e-09","9,268052083333333e-07"
"2024-09-13 00:41:19+02:00","rock-tobefilledbyoem","AMD Ryzen Threadripper 3970X 32-Core Processor","0","kernel","660","1.0","1.1842","1,1842","67,086","56.6","0","reduction","openblas","fp32","0","660","221","1.1842","67.086","56.6","57.5","21120000000","17.83","kernel","kernel","0","AMD Ryzen Threadripper 3970X 32-Core Processor","","","","0","0","","","36.8","0","OPENBLAS_NUM_THREADS=20; e2e_host_memcpy=1; e2e_bw=mixed","0.10164545454545454","2,8234848484848484e-08","0.001794242424242424","0","0","","","","","1,8635e-05","DE","0,09997","1,86294095e-06","0,07830997222222223","1,4593063323611114e-06","0,1002","1,867227e-06","0,09501313888888888","1,7705698431944443e-06","0,1002","1,867227e-06","0,09501313888888888","1,7705698431944443e-06","0,09997","1,86294095e-06","0,07830997222222223","1,4593063323611114e-06","0,09997","2,822637803030303e-09","2,211070200547138e-09","1,86294095e-06","0,1002","2,829131818181818e-09","2,6826815805976426e-09","1,867227e-06","0,1002","2,829131818181818e-09","2,6826815805976426e-09","1,867227e-06","0,09997","2,822637803030303e-09","2,211070200547138e-09","1,86294095e-06"
"2024-09-13 00:41:19+02:00","rock-tobefilledbyoem","AMD Ryzen Threadripper 3970X 32-Core Processor","0","e2e","221","1.0","1.1842","0,6275","36,059","57.5","0","reduction","openblas","fp32","0","660","221","1.1842","67.086","56.6","57.5","3536000000","5.63","e2e","e2e","0","AMD Ryzen Threadripper 3970X 32-Core Processor","","","","0","0","","","36.8","0","OPENBLAS_NUM_THREADS=20; e2e_host_memcpy=1; e2e_bw=mixed","0.1631628959276018","4,532302664655605e-08","0.002839366515837104","0","0","0.0","","0.0","0.0","1,0016388888888889e-05","DE","0,09997","1,0013383972222222e-06","0,07830997222222223","7,843831356558643e-07","0,1002","1,0036421666666667e-06","0,09501313888888888","9,516885486651233e-07","0,1002","1,0036421666666667e-06","0,09501313888888888","9,516885486651233e-07","0,09997","1,0013383972222222e-06","0,07830997222222223","7,843831356558643e-07","0,09997","4,530942973856208e-09","3,549244957718842e-09","1,001338397222222e-06","0,1002","4,5413672699849156e-09","4,306283025634041e-09","1,0036421666666663e-06","0,1002","4,5413672699849156e-09","4,306283025634041e-09","1,0036421666666663e-06","0,09997","4,530942973856208e-09","3,549244957718842e-09","1,001338397222222e-06"
"2024-09-13 00:41:27+02:00","rock-tobefilledbyoem","AMD Ryzen Threadripper 3970X 32-Core Processor","0","kernel","404","1.0","1.0586","1,0586","59,886","56.6","0","reduction","openblas","fp32","0","404","128","1.0586","59.886","56.6","57.6","19392000000","18.32","kernel","kernel","0","AMD Ryzen Threadripper 3970X 32-Core Processor","","","","0","0","","","36.8","0","OPENBLAS_NUM_THREADS=20; e2e_host_memcpy=1; e2e_bw=mixed","0.14823267326732675","4,1175742574257436e-08","0.0026202970297029703","0","0","","","","","1,6635e-05","DE","0,09997","1,66300095e-06","0,07830997222222223","1,3026863879166668e-06","0,1002","1,666827e-06","0,09501313888888888","1,5805435654166664e-06","0,1002","1,666827e-06","0,09501313888888888","1,5805435654166664e-06","0,09997","1,66300095e-06","0,07830997222222223","1,3026863879166668e-06","0,09997","4,116338985148516e-09","3,2244712572194733e-09","1,6630009500000007e-06","0,1002","4,125809405940595e-09","3,912236548061056e-09","1,6668270000000004e-06","0,1002","4,125809405940595e-09","3,912236548061056e-09","1,6668270000000004e-06","0,09997","4,116338985148516e-09","3,2244712572194733e-09","1,6630009500000007e-06"
"2024-09-13 00:41:27+02:00","rock-tobefilledbyoem","AMD Ryzen Threadripper 3970X 32-Core Processor","0","e2e","128","1.0","1.0586","0,5421","31,245","57.6","0","reduction","openblas","fp32","0","404","128","1.0586","59.886","56.6","57.6","3072000000","5.67","e2e","e2e","0","AMD Ryzen Threadripper 3970X 32-Core Processor","","","","0","0","","","36.8","0","OPENBLAS_NUM_THREADS=20; e2e_host_memcpy=1; e2e_bw=mixed","0.2441015625","6,780598958333333e-08","0.00423515625","0","0","0.0","","0.0","0.0","8,679166666666666e-06","DE","0,09997","8,676562916666667e-07","0,07830997222222223","6,796653005787038e-07","0,1002","8,696525e-07","0,09501313888888888","8,246348679398147e-07","0,1002","8,696525e-07","0,09501313888888888","8,246348679398147e-07","0,09997","8,676562916666667e-07","0,07830997222222223","6,796653005787038e-07","0,09997","6,778564778645834e-09","5,309885160771123e-09","8,676562916666667e-07","0,1002","6,79416015625e-09","6,442459905779802e-09","8,696525e-07","0,1002","6,79416015625e-09","6,442459905779802e-09","8,696525e-07","0,09997","6,778564778645834e-09","5,309885160771123e-09","8,676562916666667e-07"
"2024-09-13 00:41:35+02:00","rock-tobefilledbyoem","AMD Ryzen Threadripper 3970X 32-Core Processor","0","kernel","313","1.0","1.0679","1,0679","60,436","56.6","0","reduction","openblas","fp32","0","313","107","1.0679","60.436","56.6","57.1","20032000000","18.76","kernel","kernel","0","AMD Ryzen Threadripper 3970X 32-Core Processor","","","","0","0","","","37.0","0","OPENBLAS_NUM_THREADS=20; e2e_host_memcpy=1; e2e_bw=mixed","0.19308626198083068","5,3635072772452973e-08","0.003411821086261981","0","0","","","","","1,6787777777777778e-05","DE","0,09997","1,6782741444444444e-06","0,07830997222222223","1,3146504114506174e-06","0,1002","1,6821353333333332e-06","0,09501313888888888","1,5950594616358022e-06","0,1002","1,6821353333333332e-06","0,09501313888888888","1,5950594616358022e-06","0,09997","1,6782741444444444e-06","0,07830997222222223","1,3146504114506174e-06","0,09997","5,361898225062124e-09","4,20016105894766e-09","1,6782741444444449e-06","0,1002","5,374234291799788e-09","5,096036618644737e-09","1,6821353333333336e-06","0,1002","5,374234291799788e-09","5,096036618644737e-09","1,6821353333333336e-06","0,09997","5,361898225062124e-09","4,20016105894766e-09","1,6782741444444449e-06"
"2024-09-13 00:41:35+02:00","rock-tobefilledbyoem","AMD Ryzen Threadripper 3970X 32-Core Processor","0","e2e","107","1.0","1.0679","0,5985","34,193","57.1","0","reduction","openblas","fp32","0","313","107","1.0679","60.436","56.6","57.1","3424000000","5.72","e2e","e2e","0","AMD Ryzen Threadripper 3970X 32-Core Processor","","","","0","0","","","37.0","0","OPENBLAS_NUM_THREADS=20; e2e_host_memcpy=1; e2e_bw=mixed","0.31956074766355136","8,87668743509865e-08","0.005593457943925234","0","0","0.0","","0.0","0.0","9,498055555555556e-06","DE","0,09997","9,49520613888889e-07","0,07830997222222223","7,437924667206791e-07","0,1002","9,517051666666666e-07","0,09501313888888888","9,024400716743827e-07","0,1002","9,517051666666666e-07","0,09501313888888888","9,024400716743827e-07","0,09997","9,49520613888889e-07","0,07830997222222223","7,437924667206791e-07","0,09997","8,87402442886812e-09","6,951331464679243e-09","9,495206138888889e-07","0,1002","8,894440809968847e-09","8,434019361442828e-09","9,517051666666666e-07","0,1002","8,894440809968847e-09","8,434019361442828e-09","9,517051666666666e-07","0,09997","8,87402442886812e-09","6,951331464679243e-09","9,495206138888889e-07"
"2024-09-13 00:41:43+02:00","rock-tobefilledbyoem","AMD Ryzen Threadripper 3970X 32-Core Processor","0","kernel","207","1.0","1.0493","1,0493","59,258","56.5","0","reduction","openblas","fp32","0","207","64","1.0493","59.258","56.5","57.3","19872000000","18.94","kernel","kernel","0","AMD Ryzen Threadripper 3970X 32-Core Processor","","","","0","0","","","36.9","0","OPENBLAS_NUM_THREADS=20; e2e_host_memcpy=1; e2e_bw=mixed","0.2862705314009662","7,951959205582396e-08","0.005069082125603864","0","0","","","","","1,6460555555555557e-05","DE","0,09997","1,6455617388888892e-06","0,07830997222222223","1,2890256483179016e-06","0,1002","1,6493476666666667e-06","0,09501313888888888","1,5639690511882715e-06","0,1002","1,6493476666666667e-06","0,09501313888888888","1,5639690511882715e-06","0,09997","1,6455617388888892e-06","0,07830997222222223","1,2890256483179016e-06","0,09997","7,949573617820721e-09","6,227177045014018e-09","1,6455617388888892e-06","0,1002","7,96786312399356e-09","7,555406044387786e-09","1,649347666666667e-06","0,1002","7,96786312399356e-09","7,555406044387786e-09","1,649347666666667e-06","0,09997","7,949573617820721e-09","6,227177045014018e-09","1,6455617388888892e-06"
"2024-09-13 00:41:43+02:00","rock-tobefilledbyoem","AMD Ryzen Threadripper 3970X 32-Core Processor","0","e2e","64","1.0","1.0493","0,5307","30,39","57.3","0","reduction","openblas","fp32","0","207","64","1.0493","59.258","56.5","57.3","3072000000","5.79","e2e","e2e","0","AMD Ryzen Threadripper 3970X 32-Core Processor","","","","0","0","","","36.9","0","OPENBLAS_NUM_THREADS=20; e2e_host_memcpy=1; e2e_bw=mixed","0.47484375","1,3190104166666668e-07","0.0082921875","0","0","0.0","","0.0","0.0","8,441666666666667e-06","DE","0,09997","8,439134166666668e-07","0,07830997222222223","6,610666821759261e-07","0,1002","8,45855e-07","0,09501313888888888","8,020692474537036e-07","0,1002","8,45855e-07","0,09501313888888888","8,020692474537036e-07","0,09997","8,439134166666668e-07","0,07830997222222223","6,610666821759261e-07","0,09997","1,3186147135416668e-08","1,0329166908998845e-08","8,439134166666668e-07","0,1002","1,3216484375e-08","1,2532331991464119e-08","8,45855e-07","0,1002","1,3216484375e-08","1,2532331991464119e-08","8,45855e-07","0,09997","1,3186147135416668e-08","1,0329166908998845e-08","8,439134166666668e-07"
"2024-09-13 00:41:52+02:00","rock-tobefilledbyoem","AMD Ryzen Threadripper 3970X 32-Core Processor","0","kernel","162","1.0","1.067","1,067","60,263","56.5","0","reduction","openblas","fp32","0","162","55","1.067","60.263","56.5","57.1","20736000000","19.43","kernel","kernel","0","AMD Ryzen Threadripper 3970X 32-Core Processor","","","","0","0","","","37.0","0","OPENBLAS_NUM_THREADS=20; e2e_host_memcpy=1; e2e_bw=mixed","0.37199382716049384","1,0333161865569275e-07","0.006586419753086419","0","0","","","","","1,6739722222222223e-05","DE","0,09997","1,6734700305555556e-06","0,07830997222222223","1,3108871822299384e-06","0,1002","1,6773201666666667e-06","0,09501313888888888","1,5904935524614197e-06","0,1002","1,6773201666666667e-06","0,09501313888888888","1,5904935524614197e-06","0,09997","1,6734700305555556e-06","0,07830997222222223","1,3108871822299384e-06","0,09997","1,0330061917009605e-08","8,09189618660456e-09","1,673470030555556e-06","0,1002","1,0353828189300413e-08","9,817861434947035e-09","1,677320166666667e-06","0,1002","1,0353828189300413e-08","9,817861434947035e-09","1,677320166666667e-06","0,09997","1,0330061917009605e-08","8,09189618660456e-09","1,673470030555556e-06"
"2024-09-13 00:41:52+02:00","rock-tobefilledbyoem","AMD Ryzen Threadripper 3970X 32-Core Processor","0","e2e","55","1.0","1.067","0,6004","34,298","57.1","0","reduction","openblas","fp32","0","162","55","1.067","60.263","56.5","57.1","3520000000","5.86","e2e","e2e","0","AMD Ryzen Threadripper 3970X 32-Core Processor","","","","0","0","","","37.0","0","OPENBLAS_NUM_THREADS=20; e2e_host_memcpy=1; e2e_bw=mixed","0.6236","1,7322222222222224e-07","0.010916363636363637","0","0","0.0","","0.0","0.0","9,527222222222222e-06","DE","0,09997","9,524364055555556e-07","0,07830997222222223","7,460765075771606e-07","0,1002","9,546276666666665e-07","0,09501313888888888","9,052112882253085e-07","0,1002","9,546276666666665e-07","0,09501313888888888","9,052112882253085e-07","0,09997","9,524364055555556e-07","0,07830997222222223","7,460765075771606e-07","0,09997","1,731702555555556e-08","1,356502741049383e-08","9,524364055555558e-07","0,1002","1,735686666666667e-08","1,6458387058641975e-08","9,546276666666667e-07","0,1002","1,735686666666667e-08","1,6458387058641975e-08","9,546276666666667e-07","0,09997","1,731702555555556e-08","1,356502741049383e-08","9,524364055555558e-07"
"2024-09-13 00:42:00+02:00","rock-tobefilledbyoem","AMD Ryzen Threadripper 3970X 32-Core Processor","0","kernel","110","1.0","1.0567","1,0567","59,597","56.4","0","reduction","openblas","fp32","0","110","33","1.0567","59.597","56.4","57.1","21120000000","19.99","kernel","kernel","0","AMD Ryzen Threadripper 3970X 32-Core Processor","","","","0","0","","","37.0","0","OPENBLAS_NUM_THREADS=20; e2e_host_memcpy=1; e2e_bw=mixed","0.5417909090909091","1,5049747474747479e-07","0.009606363636363637","0","0","","","","","1,6554722222222224e-05","DE","0,09997","1,6549755805555557e-06","0,07830997222222223","1,2963998373688275e-06","0,1002","1,6587831666666668e-06","0,09501313888888888","1,5729161217669751e-06","0,1002","1,6587831666666668e-06","0,09501313888888888","1,5729161217669751e-06","0,09997","1,6549755805555557e-06","0,07830997222222223","1,2963998373688275e-06","0,09997","1,5045232550505054e-08","1,1785453066989342e-08","1,654975580555556e-06","0,1002","1,5079846969696974e-08","1,4299237470608867e-08","1,658783166666667e-06","0,1002","1,5079846969696974e-08","1,4299237470608867e-08","1,658783166666667e-06","0,09997","1,5045232550505054e-08","1,1785453066989342e-08","1,654975580555556e-06"
"2024-09-13 00:42:00+02:00","rock-tobefilledbyoem","AMD Ryzen Threadripper 3970X 32-Core Processor","0","e2e","33","1.0","1.0567","0,5341","30,495","57.1","0","reduction","openblas","fp32","0","110","33","1.0567","59.597","56.4","57.1","3168000000","5.93","e2e","e2e","0","AMD Ryzen Threadripper 3970X 32-Core Processor","","","","0","0","","","37.0","0","OPENBLAS_NUM_THREADS=20; e2e_host_memcpy=1; e2e_bw=mixed","0.9240909090909091","2,566919191919192e-07","0.016184848484848486","0","0","0.0","","0.0","0.0","8,470833333333334e-06","DE","0,09997","8,468292083333334e-07","0,07830997222222223","6,633507230324075e-07","0,1002","8,487775e-07","0,09501313888888888","8,048404640046296e-07","0,1002","8,487775e-07","0,09501313888888888","8,048404640046296e-07","0,09997","8,468292083333334e-07","0,07830997222222223","6,633507230324075e-07","0,09997","2,5661491161616164e-08","2,0101537061588108e-08","8,468292083333335e-07","0,1002","2,5720530303030307e-08","2,438910496983726e-08","8,487775000000002e-07","0,1002","2,5720530303030307e-08","2,438910496983726e-08","8,487775000000002e-07","0,09997","2,5661491161616164e-08","2,0101537061588108e-08","8,468292083333335e-07"
"2024-09-13 00:42:08+02:00","rock-tobefilledbyoem","AMD Ryzen Threadripper 3970X 32-Core Processor","0","kernel","84","1.0","1.0628","1,0628","59,999","56.5","0","reduction","openblas","fp32","0","84","28","1.0628","59.999","56.5","57.1","21504000000","20.23","kernel","kernel","0","AMD Ryzen Threadripper 3970X 32-Core Processor","","","","0","0","","","37.0","0","OPENBLAS_NUM_THREADS=20; e2e_host_memcpy=1; e2e_bw=mixed","0.7142738095238096","1,9840939153439158e-07","0.012652380952380951","0","0","","","","","1,6666388888888888e-05","DE","0,09997","1,6661388972222223e-06","0,07830997222222223","1,3051444509336422e-06","0,1002","1,6699721666666665e-06","0,09501313888888888","1,5835259222762344e-06","0,1002","1,6699721666666665e-06","0,09501313888888888","1,5835259222762344e-06","0,09997","1,6661388972222223e-06","0,07830997222222223","1,3051444509336422e-06","0,09997","1,9834986871693128e-08","1,553743393968622e-08","1,6661388972222227e-06","0,1002","1,9880621031746037e-08","1,885149907471708e-08","1,6699721666666672e-06","0,1002","1,9880621031746037e-08","1,885149907471708e-08","1,6699721666666672e-06","0,09997","1,9834986871693128e-08","1,553743393968622e-08","1,6661388972222227e-06"
"2024-09-13 00:42:08+02:00","rock-tobefilledbyoem","AMD Ryzen Threadripper 3970X 32-Core Processor","0","e2e","28","1.0","1.0628","0,5999","34,271","57.1","0","reduction","openblas","fp32","0","84","28","1.0628","59.999","56.5","57.1","3584000000","5.97","e2e","e2e","0","AMD Ryzen Threadripper 3970X 32-Core Processor","","","","0","0","","","37.0","0","OPENBLAS_NUM_THREADS=20; e2e_host_memcpy=1; e2e_bw=mixed","1.2239642857142858","3,399900793650794e-07","0.021425","0","0","0.0","","0.0","0.0","9,519722222222223e-06","DE","0,09997","9,516866305555556e-07","0,07830997222222223","7,454891827854939e-07","0,1002","9,538761666666666e-07","0,09501313888888888","9,044986896836419e-07","0,1002","9,538761666666666e-07","0,09501313888888888","9,044986896836419e-07","0,09997","9,516866305555556e-07","0,07830997222222223","7,454891827854939e-07","0,09997","3,3988808234126986e-08","2,66246136709105e-08","9,516866305555556e-07","0,1002","3,406700595238095e-08","3,230352463155864e-08","9,538761666666666e-07","0,1002","3,406700595238095e-08","3,230352463155864e-08","9,538761666666666e-07","0,09997","3,3988808234126986e-08","2,66246136709105e-08","9,516866305555556e-07"
"2024-09-13 00:42:17+02:00","rock-tobefilledbyoem","AMD Ryzen Threadripper 3970X 32-Core Processor","0","kernel","57","1.0","1.0689","1,0689","60,198","56.3","0","reduction","openblas","fp32","0","57","17","1.0689","60.198","56.3","57.2","21888000000","20.48","kernel","kernel","0","AMD Ryzen Threadripper 3970X 32-Core Processor","","","","0","0","","","37.0","0","OPENBLAS_NUM_THREADS=20; e2e_host_memcpy=1; e2e_bw=mixed","1.0561052631578947","2,933625730994152e-07","0.018752631578947368","0","0","","","","","1,6721666666666666e-05","DE","0,09997","1,6716650166666668e-06","0,07830997222222223","1,309473252175926e-06","0,1002","1,675511e-06","0,09501313888888888","1,5887780374537034e-06","0,1002","1,675511e-06","0,09501313888888888","1,5887780374537034e-06","0,09997","1,6716650166666668e-06","0,07830997222222223","1,309473252175926e-06","0,09997","2,932745643274854e-08","2,297321495045484e-08","1,6716650166666668e-06","0,1002","2,93949298245614e-08","2,787329890269655e-08","1,675511e-06","0,1002","2,93949298245614e-08","2,787329890269655e-08","1,675511e-06","0,09997","2,932745643274854e-08","2,297321495045484e-08","1,6716650166666668e-06"
"2024-09-13 00:42:17+02:00","rock-tobefilledbyoem","AMD Ryzen Threadripper 3970X 32-Core Processor","0","e2e","17","1.0","1.0689","0,5423","30,997","57.2","0","reduction","openblas","fp32","0","57","17","1.0689","60.198","56.3","57.2","3264000000","6.02","e2e","e2e","0","AMD Ryzen Threadripper 3970X 32-Core Processor","","","","0","0","","","37.0","0","OPENBLAS_NUM_THREADS=20; e2e_host_memcpy=1; e2e_bw=mixed","1.8233529411764706","5,064869281045752e-07","0.0319","0","0","0.0","","0.0","0.0","8,610277777777778e-06","DE","0,09997","8,607694694444445e-07","0,07830997222222223","6,742706136033952e-07","0,1002","8,627498333333333e-07","0,09501313888888888","8,180895183719136e-07","0,1002","8,627498333333333e-07","0,09501313888888888","8,180895183719136e-07","0,09997","8,607694694444445e-07","0,07830997222222223","6,742706136033952e-07","0,09997","5,0633498202614385e-08","3,966297727078795e-08","8,607694694444445e-07","0,1002","5,074999019607843e-08","4,8122912845406676e-08","8,627498333333333e-07","0,1002","5,074999019607843e-08","4,8122912845406676e-08","8,627498333333333e-07","0,09997","5,0633498202614385e-08","3,966297727078795e-08","8,607694694444445e-07"
"2024-09-13 00:42:25+02:00","rock-tobefilledbyoem","AMD Ryzen Threadripper 3970X 32-Core Processor","0","kernel","43","1.0","1.1049","1,1049","62,1","56.2","0","reduction","openblas","fp32","0","43","14","1.1049","62.1","56.2","57.1","22016000000","19.93","kernel","kernel","0","AMD Ryzen Threadripper 3970X 32-Core Processor","","","","0","0","","","37.0","0","OPENBLAS_NUM_THREADS=20; e2e_host_memcpy=1; e2e_bw=mixed","1.4441860465116279","4,011627906976744e-07","0.0256953488372093","0","0","","","","","1,725e-05","DE","0,09997","1,7244825e-06","0,07830997222222223","1,3508470208333334e-06","0,1002","1,72845e-06","0,09501313888888888","1,638976645833333e-06","0,1002","1,72845e-06","0,09501313888888888","1,638976645833333e-06","0,09997","1,7244825e-06","0,07830997222222223","1,3508470208333334e-06","0,09997","4,010424418604651e-08","3,1415046996124036e-08","1,7244825e-06","0,1002","4,019651162790697e-08","3,8115735949612396e-08","1,7284499999999997e-06","0,1002","4,019651162790697e-08","3,8115735949612396e-08","1,7284499999999997e-06","0,09997","4,010424418604651e-08","3,1415046996124036e-08","1,7244825e-06"
"2024-09-13 00:42:25+02:00","rock-tobefilledbyoem","AMD Ryzen Threadripper 3970X 32-Core Processor","0","e2e","14","1.0","1.1049","0,603","34,439","57.1","0","reduction","openblas","fp32","0","43","14","1.1049","62.1","56.2","57.1","3584000000","5.94","e2e","e2e","0","AMD Ryzen Threadripper 3970X 32-Core Processor","","","","0","0","","","37.0","0","OPENBLAS_NUM_THREADS=20; e2e_host_memcpy=1; e2e_bw=mixed","2.4599285714285712","6,83313492063492e-07","0.04307142857142857","0","0","0.0","","0.0","0.0","9,566388888888888e-06","DE","0,09997","9,563518972222222e-07","0,07830997222222223","7,491436481558642e-07","0,1002","9,585521666666665e-07","0,09501313888888888","9,089326361651233e-07","0,1002","9,585521666666665e-07","0,09501313888888888","9,089326361651233e-07","0,09997","9,563518972222222e-07","0,07830997222222223","7,491436481558642e-07","0,09997","6,83108498015873e-08","5,351026058256173e-08","9,563518972222222e-07","0,1002","6,84680119047619e-08","6,492375972608023e-08","9,585521666666665e-07","0,1002","6,84680119047619e-08","6,492375972608023e-08","9,585521666666665e-07","0,09997","6,83108498015873e-08","5,351026058256173e-08","9,563518972222222e-07"
"2024-09-13 00:42:33+02:00","rock-tobefilledbyoem","AMD Ryzen Threadripper 3970X 32-Core Processor","0","kernel","29","1.0","1.0811","1,0811","60,89","56.3","0","reduction","openblas","fp32","0","29","8","1.0811","60.89","56.3","57.0","22272000000","20.6","kernel","kernel","0","AMD Ryzen Threadripper 3970X 32-Core Processor","","","","0","0","","","37.0","0","OPENBLAS_NUM_THREADS=20; e2e_host_memcpy=1; e2e_bw=mixed","2.0996551724137933","5,832375478927203e-07","0.037279310344827586","0","0","","","","","1,691388888888889e-05","DE","0,09997","1,6908814722222222e-06","0,07830997222222223","1,3245261690586421e-06","0,1002","1,6947716666666666e-06","0,09501313888888888","1,6070416741512344e-06","0,1002","1,6947716666666666e-06","0,09501313888888888","1,6070416741512344e-06","0,09997","1,6908814722222222e-06","0,07830997222222223","1,3245261690586421e-06","0,09997","5,8306257662835255e-08","4,5673316174435936e-08","1,6908814722222224e-06","0,1002","5,8440402298850576e-08","5,541523014314602e-08","1,6947716666666668e-06","0,1002","5,8440402298850576e-08","5,541523014314602e-08","1,6947716666666668e-06","0,09997","5,8306257662835255e-08","4,5673316174435936e-08","1,6908814722222224e-06"
"2024-09-13 00:42:33+02:00","rock-tobefilledbyoem","AMD Ryzen Threadripper 3970X 32-Core Processor","0","e2e","8","1.0","1.0811","0,512","29,175","57.0","0","reduction","openblas","fp32","0","29","8","1.0811","60.89","56.3","57.0","3072000000","6.0","e2e","e2e","0","AMD Ryzen Threadripper 3970X 32-Core Processor","","","","0","0","","","37.0","0","OPENBLAS_NUM_THREADS=20; e2e_host_memcpy=1; e2e_bw=mixed","3.646875","1,0130208333333337e-06","0.064","0","0","0.0","","0.0","0.0","8,104166666666668e-06","DE","0,09997","8,101735416666667e-07","0,07830997222222223","6,346370665509261e-07","0,1002","8,120375000000001e-07","0,09501313888888888","7,700023130787037e-07","0,1002","8,120375000000001e-07","0,09501313888888888","7,700023130787037e-07","0,09997","8,101735416666667e-07","0,07830997222222223","6,346370665509261e-07","0,09997","1,0127169270833337e-07","7,932963331886578e-08","8,10173541666667e-07","0,1002","1,0150468750000003e-07","9,625028913483798e-08","8,120375000000002e-07","0,1002","1,0150468750000003e-07","9,625028913483798e-08","8,120375000000002e-07","0,09997","1,0127169270833337e-07","7,932963331886578e-08","8,10173541666667e-07"
"2024-09-13 00:42:43+02:00","rock-tobefilledbyoem","AMD Ryzen Threadripper 3970X 32-Core Processor","0","kernel","22","1.0","1.0811","1,0811","60,988","56.4","0","reduction","openblas","fp32","0","22","8","1.0811","60.988","56.4","57.0","22528000000","20.84","kernel","kernel","0","AMD Ryzen Threadripper 3970X 32-Core Processor","","","","0","0","","","37.0","0","OPENBLAS_NUM_THREADS=20; e2e_host_memcpy=1; e2e_bw=mixed","2.772181818181818","7,70050505050505e-07","0.04914090909090909","0","0","","","","","1,6941111111111112e-05","DE","0,09997","1,693602877777778e-06","0,07830997222222223","1,3266579405246916e-06","0,1002","1,6974993333333334e-06","0,09501313888888888","1,6096281429320986e-06","0,1002","1,6974993333333334e-06","0,09501313888888888","1,6096281429320986e-06","0,09997","1,693602877777778e-06","0,07830997222222223","1,3266579405246916e-06","0,09997","7,6981948989899e-08","6,030263366021325e-08","1,6936028777777778e-06","0,1002","7,71590606060606e-08","7,316491558782266e-08","1,6974993333333332e-06","0,1002","7,71590606060606e-08","7,316491558782266e-08","1,6974993333333332e-06","0,09997","7,6981948989899e-08","6,030263366021325e-08","1,6936028777777778e-06"
"2024-09-13 00:42:43+02:00","rock-tobefilledbyoem","AMD Ryzen Threadripper 3970X 32-Core Processor","0","e2e","8","1.0","1.0811","0,6795","38,713","57.0","0","reduction","openblas","fp32","0","22","8","1.0811","60.988","56.4","57.0","4096000000","6.03","e2e","e2e","0","AMD Ryzen Threadripper 3970X 32-Core Processor","","","","0","0","","","37.0","0","OPENBLAS_NUM_THREADS=20; e2e_host_memcpy=1; e2e_bw=mixed","4.839125","1,344201388888889e-06","0.0849375","0","0","0.0","","0.0","0.0","1,0753611111111112e-05","DE","0,09997","1,0750385027777778e-06","0,07830997222222223","8,421149873996916e-07","0,1002","1,0775118333333334e-06","0,09501313888888888","1,0217343460570987e-06","0,1002","1,0775118333333334e-06","0,09501313888888888","1,0217343460570987e-06","0,09997","1,0750385027777778e-06","0,07830997222222223","8,421149873996916e-07","0,09997","1,3437981284722223e-07","1,0526437342496144e-07","1,0750385027777778e-06","0,1002","1,3468897916666668e-07","1,2771679325713733e-07","1,0775118333333334e-06","0,1002","1,3468897916666668e-07","1,2771679325713733e-07","1,0775118333333334e-06","0,09997","1,3437981284722223e-07","1,0526437342496144e-07","1,0750385027777778e-06"
"2024-09-13 00:42:52+02:00","rock-tobefilledbyoem","AMD Ryzen Threadripper 3970X 32-Core Processor","0","kernel","18","1.0","1.1117","1,1117","62,59","56.3","0","reduction","openblas","fp32","0","18","7","1.1117","62.59","56.3","57.0","23040000000","20.72","kernel","kernel","0","AMD Ryzen Threadripper 3970X 32-Core Processor","","","","0","0","","","37.0","0","OPENBLAS_NUM_THREADS=20; e2e_host_memcpy=1; e2e_bw=mixed","3.477222222222222","9,65895061728395e-07","0.06176111111111111","0","0","","","","","1,7386111111111112e-05","DE","0,09997","1,738089527777778e-06","0,07830997222222223","1,3615058781635804e-06","0,1002","1,7420883333333335e-06","0,09501313888888888","1,6519089897376542e-06","0,1002","1,7420883333333335e-06","0,09501313888888888","1,6519089897376542e-06","0,09997","1,738089527777778e-06","0,07830997222222223","1,3615058781635804e-06","0,09997","9,656052932098766e-08","7,563921545353224e-08","1,738089527777778e-06","0,1002","9,678268518518518e-08","9,177272165209189e-08","1,7420883333333332e-06","0,1002","9,678268518518518e-08","9,177272165209189e-08","1,7420883333333332e-06","0,09997","9,656052932098766e-08","7,563921545353224e-08","1,738089527777778e-06"
"2024-09-13 00:42:52+02:00","rock-tobefilledbyoem","AMD Ryzen Threadripper 3970X 32-Core Processor","0","e2e","7","1.0","1.1117","0,7429","42,327","57.0","0","reduction","openblas","fp32","0","18","7","1.1117","62.59","56.3","57.0","4480000000","6.03","e2e","e2e","0","AMD Ryzen Threadripper 3970X 32-Core Processor","","","","0","0","","","37.0","0","OPENBLAS_NUM_THREADS=20; e2e_host_memcpy=1; e2e_bw=mixed","6.046714285714286","1,679642857142857e-06","0.10612857142857143","0","0","0.0","","0.0","0.0","1,1757499999999999e-05","DE","0,09997","1,175397275e-06","0,07830997222222223","9,207294984027778e-07","0,1002","1,1781015e-06","0,09501313888888888","1,1171169804861108e-06","0,1002","1,1781015e-06","0,09501313888888888","1,1171169804861108e-06","0,09997","1,175397275e-06","0,07830997222222223","9,207294984027778e-07","0,09997","1,6791389642857143e-07","1,3153278548611113e-07","1,175397275e-06","0,1002","1,6830021428571427e-07","1,595881400694444e-07","1,1781015e-06","0,1002","1,6830021428571427e-07","1,595881400694444e-07","1,1781015e-06","0,09997","1,6791389642857143e-07","1,3153278548611113e-07","1,175397275e-06"
"2024-09-13 00:43:02+02:00","rock-tobefilledbyoem","AMD Ryzen Threadripper 3970X 32-Core Processor","0","kernel","15","1.0","1.1073","1,1073","62,346","56.3","0","reduction","openblas","fp32","0","15","6","1.1073","62.346","56.3","56.9","23040000000","20.81","kernel","kernel","0","AMD Ryzen Threadripper 3970X 32-Core Processor","","","","0","0","","","37.0","0","OPENBLAS_NUM_THREADS=20; e2e_host_memcpy=1; e2e_bw=mixed","4.1564","1,1545555555555555e-06","0.07382","0","0","","","","","1,7318333333333333e-05","DE","0,09997","1,7313137833333335e-06","0,07830997222222223","1,3561982022685186e-06","0,1002","1,7352969999999998e-06","0,09501313888888888","1,6454692103240738e-06","0,1002","1,7352969999999998e-06","0,09501313888888888","1,6454692103240738e-06","0,09997","1,7313137833333335e-06","0,07830997222222223","1,3561982022685186e-06","0,09997","1,1542091888888889e-07","9,04132134845679e-08","1,7313137833333333e-06","0,1002","1,1568646666666666e-07","1,0969794735493825e-07","1,7352969999999998e-06","0,1002","1,1568646666666666e-07","1,0969794735493825e-07","1,7352969999999998e-06","0,09997","1,1542091888888889e-07","9,04132134845679e-08","1,7313137833333333e-06"
"2024-09-13 00:43:02+02:00","rock-tobefilledbyoem","AMD Ryzen Threadripper 3970X 32-Core Processor","0","e2e","6","1.0","1.1073","0,7652","43,577","56.9","0","reduction","openblas","fp32","0","15","6","1.1073","62.346","56.3","56.9","4608000000","6.02","e2e","e2e","0","AMD Ryzen Threadripper 3970X 32-Core Processor","","","","0","0","","","37.0","0","OPENBLAS_NUM_THREADS=20; e2e_host_memcpy=1; e2e_bw=mixed","7.262833333333333","2,017453703703704e-06","0.12753333333333333","0","0","0.0","","0.0","0.0","1,2104722222222222e-05","DE","0,09997","1,2101090805555555e-06","0,07830997222222223","9,479204609799384e-07","0,1002","1,2128931666666667e-06","0,09501313888888888","1,1501076537114195e-06","0,1002","1,2128931666666667e-06","0,09501313888888888","1,1501076537114195e-06","0,09997","1,2101090805555555e-06","0,07830997222222223","9,479204609799384e-07","0,09997","2,0168484675925928e-07","1,579867434966564e-07","1,2101090805555558e-06","0,1002","2,0214886111111113e-07","1,916846089519033e-07","1,2128931666666669e-06","0,1002","2,0214886111111113e-07","1,916846089519033e-07","1,2128931666666669e-06","0,09997","2,0168484675925928e-07","1,579867434966564e-07","1,2101090805555558e-06"
"2024-09-13 00:43:12+02:00","rock-tobefilledbyoem","AMD Ryzen Threadripper 3970X 32-Core Processor","0","kernel","11","1.0","1.0854","1,0854","61,062","56.3","0","reduction","openblas","fp32","0","11","4","1.0854","61.062","56.3","56.9","22528000000","20.75","kernel","kernel","0","AMD Ryzen Threadripper 3970X 32-Core Processor","","","","0","0","","","37.0","0","OPENBLAS_NUM_THREADS=20; e2e_host_memcpy=1; e2e_bw=mixed","5.551090909090909","1,5419696969696969e-06","0.09867272727272726","0","0","","","","","1,6961666666666667e-05","DE","0,09997","1,6956578166666668e-06","0,07830997222222223","1,3282676455092594e-06","0,1002","1,699559e-06","0,09501313888888888","1,6115811907870369e-06","0,1002","1,699559e-06","0,09501313888888888","1,6115811907870369e-06","0,09997","1,6956578166666668e-06","0,07830997222222223","1,3282676455092594e-06","0,09997","1,541507106060606e-07","1,207516041372054e-07","1,6956578166666666e-06","0,1002","1,545053636363636e-07","1,465073809806397e-07","1,6995589999999997e-06","0,1002","1,545053636363636e-07","1,465073809806397e-07","1,6995589999999997e-06","0,09997","1,541507106060606e-07","1,207516041372054e-07","1,6956578166666666e-06"
"2024-09-13 00:43:12+02:00","rock-tobefilledbyoem","AMD Ryzen Threadripper 3970X 32-Core Processor","0","e2e","4","1.0","1.0854","0,6891","39,218","56.9","0","reduction","openblas","fp32","0","11","4","1.0854","61.062","56.3","56.9","4096000000","5.94","e2e","e2e","0","AMD Ryzen Threadripper 3970X 32-Core Processor","","","","0","0","","","37.0","0","OPENBLAS_NUM_THREADS=20; e2e_host_memcpy=1; e2e_bw=mixed","9.8045","2,7234722222222226e-06","0.172275","0","0","0.0","","0.0","0.0","1,089388888888889e-05","DE","0,09997","1,0890620722222224e-06","0,07830997222222223","8,531001362808644e-07","0,1002","1,0915676666666667e-06","0,09501313888888888","1,0350625780401234e-06","0,1002","1,0915676666666667e-06","0,09501313888888888","1,0350625780401234e-06","0,09997","1,0890620722222224e-06","0,07830997222222223","8,531001362808644e-07","0,09997","2,722655180555556e-07","2,132750340702161e-07","1,0890620722222224e-06","0,1002","2,7289191666666667e-07","2,5876564451003084e-07","1,0915676666666667e-06","0,1002","2,7289191666666667e-07","2,5876564451003084e-07","1,0915676666666667e-06","0,09997","2,722655180555556e-07","2,132750340702161e-07","1,0890620722222224e-06"
"2024-09-13 00:43:22+02:00","rock-tobefilledbyoem","AMD Ryzen Threadripper 3970X 32-Core Processor","0","kernel","8","1.0","1.1776","1,1776","66,223","56.2","0","reduction","openblas","fp32","0","8","3","1.1776","66.223","56.2","57.1","24576000000","20.87","kernel","kernel","0","AMD Ryzen Threadripper 3970X 32-Core Processor","","","","0","0","","","37.2","0","OPENBLAS_NUM_THREADS=20; e2e_host_memcpy=1; e2e_bw=mixed","8.277875","2,2994097222222223e-06","0.1472","0","0","","","","","1,839527777777778e-05","DE","0,09997","1,8389759194444446e-06","0,07830997222222223","1,4405336917978398e-06","0,1002","1,8432068333333334e-06","0,09501313888888888","1,7477930823996913e-06","0,1002","1,8432068333333334e-06","0,09501313888888888","1,7477930823996913e-06","0,09997","1,8389759194444446e-06","0,07830997222222223","1,4405336917978398e-06","0,09997","2,2987198993055558e-07","1,8006671147472997e-07","1,8389759194444446e-06","0,1002","2,3040085416666668e-07","2,184741352999614e-07","1,8432068333333334e-06","0,1002","2,3040085416666668e-07","2,184741352999614e-07","1,8432068333333334e-06","0,09997","2,2987198993055558e-07","1,8006671147472997e-07","1,8389759194444446e-06"
"2024-09-13 00:43:22+02:00","rock-tobefilledbyoem","AMD Ryzen Threadripper 3970X 32-Core Processor","0","e2e","3","1.0","1.1776","0,7541","43,072","57.1","0","reduction","openblas","fp32","0","8","3","1.1776","66.223","56.2","57.1","4608000000","6.11","e2e","e2e","0","AMD Ryzen Threadripper 3970X 32-Core Processor","","","","0","0","","","37.2","0","OPENBLAS_NUM_THREADS=20; e2e_host_memcpy=1; e2e_bw=mixed","14.357333333333335","3,988148148148148e-06","0.2513666666666667","0","0","0.0","","0.0","0.0","1,1964444444444446e-05","DE","0,09997","1,1960855111111114e-06","0,07830997222222223","9,369353120987657e-07","0,1002","1,1988373333333334e-06","0,09501313888888888","1,136779421728395e-06","0,1002","1,1988373333333334e-06","0,09501313888888888","1,136779421728395e-06","0,09997","1,1960855111111114e-06","0,07830997222222223","9,369353120987657e-07","0,09997","3,986951703703704e-07","3,1231177069958853e-07","1,1960855111111112e-06","0,1002","3,996124444444445e-07","3,78926473909465e-07","1,1988373333333334e-06","0,1002","3,996124444444445e-07","3,78926473909465e-07","1,1988373333333334e-06","0,09997","3,986951703703704e-07","3,1231177069958853e-07","1,1960855111111112e-06"
"2024-09-13 00:43:50+02:00","rock-tobefilledbyoem","AMD Ryzen Threadripper 3970X 32-Core Processor","0","kernel","9180","1.0","0.8143","0,8143","45,589","56.0","1","reduction","openblas","fp32","0","9180","477","0.8143","45.589","56.0","55.5","73440000000","90.19","kernel","kernel","0","AMD Ryzen Threadripper 3970X 32-Core Processor","","","","0","0","","","39.8","0","OPENBLAS_NUM_THREADS=20; e2e_host_memcpy=1; e2e_bw=mixed","0.004966122004357298","1,3794783345436939e-09","8.87037037037037e-05","0","0","","","","","1,266361111111111e-05","DE","0,09997","1,2659812027777779e-06","0,07830997222222223","9,916870343441359e-07","0,1002","1,2688938333333333e-06","0,09501313888888888","1,2032094413348764e-06","0,1002","1,2688938333333333e-06","0,09501313888888888","1,2032094413348764e-06","0,09997","1,2659812027777779e-06","0,07830997222222223","9,916870343441359e-07","0,09997","1,3790644910433307e-10","1,0802691005927406e-10","1,2659812027777777e-06","0,1002","1,3822372912127814e-10","1,310685665942131e-10","1,2688938333333333e-06","0,1002","1,3822372912127814e-10","1,310685665942131e-10","1,2688938333333333e-06","0,09997","1,3790644910433307e-10","1,0802691005927406e-10","1,2659812027777777e-06"
"2024-09-13 00:43:50+02:00","rock-tobefilledbyoem","AMD Ryzen Threadripper 3970X 32-Core Processor","0","e2e","477","1.0","0.8143","0,0993","5,515","55.5","1","reduction","openblas","fp32","0","9180","477","0.8143","45.589","56.0","55.5","1908000000","19.21","e2e","e2e","0","AMD Ryzen Threadripper 3970X 32-Core Processor","","","","0","0","","","39.8","0","OPENBLAS_NUM_THREADS=20; e2e_host_memcpy=1; e2e_bw=mixed","0.011561844863731656","3,211623573258793e-09","0.00020817610062893083","0","0","0.0","","0.0","0.0","1,5319444444444443e-06","DE","0,09997","1,5314848611111111e-07","0,07830997222222223","1,199665268904321e-07","0,1002","1,5350083333333332e-07","0,09501313888888888","1,455548502700617e-07","0,1002","1,5350083333333332e-07","0,09501313888888888","1,455548502700617e-07","0,09997","1,5314848611111111e-07","0,07830997222222223","1,199665268904321e-07","0,09997","3,2106600861868155e-10","2,515021528101302e-10","1,531484861111111e-07","0,1002","3,2180468204053104e-10","3,051464366248673e-10","1,535008333333333e-07","0,1002","3,2180468204053104e-10","3,051464366248673e-10","1,535008333333333e-07","0,09997","3,2106600861868155e-10","2,515021528101302e-10","1,531484861111111e-07"
"2024-09-13 00:43:56+02:00","rock-tobefilledbyoem","AMD Ryzen Threadripper 3970X 32-Core Processor","0","kernel","5410","1.0","0.8693","0,8693","48,492","55.8","1","reduction","openblas","fp32","0","5410","623","0.8693","48.492","55.8","55.0","64920000000","74.68","kernel","kernel","0","AMD Ryzen Threadripper 3970X 32-Core Processor","","","","0","0","","","39.0","0","OPENBLAS_NUM_THREADS=20; e2e_host_memcpy=1; e2e_bw=mixed","0.0089634011090573","2,4898336414048053e-09","0.00016068391866913122","0","0","","","","","1,347e-05","DE","0,09997","1,3465959000000001e-06","0,07830997222222223","1,0548353258333334e-06","0,1002","1,349694e-06","0,09501313888888888","1,279826980833333e-06","0,1002","1,349694e-06","0,09501313888888888","1,279826980833333e-06","0,09997","1,3465959000000001e-06","0,07830997222222223","1,0548353258333334e-06","0,09997","2,489086691312384e-10","1,9497880329636475e-10","1,3465958999999997e-06","0,1002","2,4948133086876146e-10","2,365669095810227e-10","1,3496939999999996e-06","0,1002","2,4948133086876146e-10","2,365669095810227e-10","1,3496939999999996e-06","0,09997","2,489086691312384e-10","1,9497880329636475e-10","1,3465958999999997e-06"
"2024-09-13 00:43:56+02:00","rock-tobefilledbyoem","AMD Ryzen Threadripper 3970X 32-Core Processor","0","e2e","623","1.0","0.8693","0,3788","20,836","55.0","1","reduction","openblas","fp32","0","5410","623","0.8693","48.492","55.8","55.0","3738000000","9.87","e2e","e2e","0","AMD Ryzen Threadripper 3970X 32-Core Processor","","","","0","0","","","39.0","0","OPENBLAS_NUM_THREADS=20; e2e_host_memcpy=1; e2e_bw=mixed","0.0334446227929374","9,290172998038166e-09","0.0006080256821829855","0","0","0.0","","0.0","0.0","5,787777777777777e-06","DE","0,09997","5,786041444444444e-07","0,07830997222222223","4,5324071700617287e-07","0,1002","5,799353333333332e-07","0,09501313888888888","5,499149338580246e-07","0,1002","5,799353333333332e-07","0,09501313888888888","5,499149338580246e-07","0,09997","5,786041444444444e-07","0,07830997222222223","4,5324071700617287e-07","0,09997","9,287385946138755e-10","7,275131894160077e-10","5,786041444444444e-07","0,1002","9,308753344034242e-10","8,826884973644054e-10","5,799353333333333e-07","0,1002","9,308753344034242e-10","8,826884973644054e-10","5,799353333333333e-07","0,09997","9,287385946138755e-10","7,275131894160077e-10","5,786041444444444e-07"
"2024-09-13 00:44:04+02:00","rock-tobefilledbyoem","AMD Ryzen Threadripper 3970X 32-Core Processor","0","kernel","2427","1.0","0.8857","0,8857","49,194","55.5","1","reduction","openblas","fp32","0","2427","473","0.8857","49.194","55.5","55.7","38832000000","43.84","kernel","kernel","0","AMD Ryzen Threadripper 3970X 32-Core Processor","","","","0","0","","","37.5","0","OPENBLAS_NUM_THREADS=20; e2e_host_memcpy=1; e2e_bw=mixed","0.020269468479604452","5,6304079110012366e-09","0.00036493613514627113","0","0","","","","","1,3665e-05","DE","0,09997","1,36609005e-06","0,07830997222222223","1,0701057704166668e-06","0,1002","1,369233e-06","0,09501313888888888","1,2983545429166665e-06","0,1002","1,369233e-06","0,09501313888888888","1,2983545429166665e-06","0,09997","1,36609005e-06","0,07830997222222223","1,0701057704166668e-06","0,09997","5,628718788627937e-10","4,4091708711028716e-10","1,3660900500000003e-06","0,1002","5,641668726823238e-10","5,349627288490592e-10","1,369233e-06","0,1002","5,641668726823238e-10","5,349627288490592e-10","1,369233e-06","0,09997","5,628718788627937e-10","4,4091708711028716e-10","1,3660900500000003e-06"
"2024-09-13 00:44:04+02:00","rock-tobefilledbyoem","AMD Ryzen Threadripper 3970X 32-Core Processor","0","e2e","473","1.0","0.8857","0,5445","30,345","55.7","1","reduction","openblas","fp32","0","2427","473","0.8857","49.194","55.5","55.7","3784000000","6.95","e2e","e2e","0","AMD Ryzen Threadripper 3970X 32-Core Processor","","","","0","0","","","37.5","0","OPENBLAS_NUM_THREADS=20; e2e_host_memcpy=1; e2e_bw=mixed","0.06415433403805497","1,7820648343904163e-08","0.0011511627906976743","0","0","0.0","","0.0","0.0","8,429166666666667e-06","DE","0,09997","8,426637916666667e-07","0,07830997222222223","6,600878075231483e-07","0,1002","8,446025e-07","0,09501313888888888","8,008815832175925e-07","0,1002","8,446025e-07","0,09501313888888888","8,008815832175925e-07","0,09997","8,426637916666667e-07","0,07830997222222223","6,600878075231483e-07","0,09997","1,7815302149400993e-09","1,3955344767931255e-09","8,42663791666667e-07","0,1002","1,785628964059197e-09","1,6931957361894138e-09","8,446025000000002e-07","0,1002","1,785628964059197e-09","1,6931957361894138e-09","8,446025000000002e-07","0,09997","1,7815302149400993e-09","1,3955344767931255e-09","8,42663791666667e-07"
"2024-09-13 00:44:12+02:00","rock-tobefilledbyoem","AMD Ryzen Threadripper 3970X 32-Core Processor","0","kernel","947","1.0","0.9725","0,9725","54,498","56.0","1","reduction","openblas","fp32","0","947","260","0.9725","54.498","56.0","56.3","22728000000","23.37","kernel","kernel","0","AMD Ryzen Threadripper 3970X 32-Core Processor","","","","0","0","","","37.2","0","OPENBLAS_NUM_THREADS=20; e2e_host_memcpy=1; e2e_bw=mixed","0.0575480464625132","1,598556846180922e-08","0.0010269271383315734","0","0","","","","","1,5138333333333332e-05","DE","0,09997","1,5133791833333333e-06","0,07830997222222223","1,1854824628240742e-06","0,1002","1,5168609999999998e-06","0,09501313888888888","1,438340567546296e-06","0,1002","1,5168609999999998e-06","0,09501313888888888","1,438340567546296e-06","0,09997","1,5133791833333333e-06","0,07830997222222223","1,1854824628240742e-06","0,09997","1,5980772791270678e-09","1,2518294222007119e-09","1,5133791833333333e-06","0,1002","1,601753959873284e-09","1,5188390364797213e-09","1,516861e-06","0,1002","1,601753959873284e-09","1,5188390364797213e-09","1,516861e-06","0,09997","1,5980772791270678e-09","1,2518294222007119e-09","1,5133791833333333e-06"
"2024-09-13 00:44:12+02:00","rock-tobefilledbyoem","AMD Ryzen Threadripper 3970X 32-Core Processor","0","e2e","260","1.0","0.9725","0,5885","33,131","56.3","1","reduction","openblas","fp32","0","947","260","0.9725","54.498","56.0","56.3","3120000000","5.3","e2e","e2e","0","AMD Ryzen Threadripper 3970X 32-Core Processor","","","","0","0","","","37.2","0","OPENBLAS_NUM_THREADS=20; e2e_host_memcpy=1; e2e_bw=mixed","0.12742692307692308","3,539636752136752e-08","0.0022634615384615384","0","0","0.0","","0.0","0.0","9,203055555555556e-06","DE","0,09997","9,20029463888889e-07","0,07830997222222223","7,206910249151236e-07","0,1002","9,221461666666667e-07","0,09501313888888888","8,744111957021605e-07","0,1002","9,221461666666667e-07","0,09501313888888888","8,744111957021605e-07","0,09997","9,20029463888889e-07","0,07830997222222223","7,206910249151236e-07","0,09997","3,5385748611111114e-09","2,7718885573658597e-09","9,20029463888889e-07","0,1002","3,5467160256410256e-09","3,3631199834698475e-09","9,221461666666667e-07","0,1002","3,5467160256410256e-09","3,3631199834698475e-09","9,221461666666667e-07","0,09997","3,5385748611111114e-09","2,7718885573658597e-09","9,20029463888889e-07"
"2024-09-13 00:44:20+02:00","rock-tobefilledbyoem","AMD Ryzen Threadripper 3970X 32-Core Processor","0","kernel","588","1.0","1.0327","1,0327","58,261","56.4","0","reduction","openblas","fp32","0","588","215","1.0327","58.261","56.4","57.3","18816000000","18.22","kernel","kernel","0","AMD Ryzen Threadripper 3970X 32-Core Processor","","","","0","0","","","37.0","0","OPENBLAS_NUM_THREADS=20; e2e_host_memcpy=1; e2e_bw=mixed","0.09908333333333334","2,7523148148148152e-08","0.0017562925170068026","0","0","","","","","1,618361111111111e-05","DE","0,09997","1,6178756027777779e-06","0,07830997222222223","1,2673381365663582e-06","0,1002","1,6215978333333332e-06","0,09501313888888888","1,5376556902237652e-06","0,1002","1,6215978333333332e-06","0,09501313888888888","1,5376556902237652e-06","0,09997","1,6178756027777779e-06","0,07830997222222223","1,2673381365663582e-06","0,09997","2,7514891203703707e-09","2,155336966949589e-09","1,617875602777778e-06","0,1002","2,7578194444444446e-09","2,6150606976594652e-09","1,6215978333333334e-06","0,1002","2,7578194444444446e-09","2,6150606976594652e-09","1,6215978333333334e-06","0,09997","2,7514891203703707e-09","2,155336966949589e-09","1,617875602777778e-06"
"2024-09-13 00:44:20+02:00","rock-tobefilledbyoem","AMD Ryzen Threadripper 3970X 32-Core Processor","0","e2e","215","1.0","1.0327","0,6068","34,781","57.3","0","reduction","openblas","fp32","0","588","215","1.0327","58.261","56.4","57.3","3440000000","5.67","e2e","e2e","0","AMD Ryzen Threadripper 3970X 32-Core Processor","","","","0","0","","","37.0","0","OPENBLAS_NUM_THREADS=20; e2e_host_memcpy=1; e2e_bw=mixed","0.16177209302325582","4,4936692506459947e-08","0.002822325581395349","0","0","0.0","","0.0","0.0","9,661388888888888e-06","DE","0,09997","9,658490472222221e-07","0,07830997222222223","7,565830955169753e-07","0,1002","9,680711666666665e-07","0,09501313888888888","9,179588843595677e-07","0,1002","9,680711666666665e-07","0,09501313888888888","9,179588843595677e-07","0,09997","9,658490472222221e-07","0,07830997222222223","7,565830955169753e-07","0,09997","4,492321149870801e-09","3,5189911419394203e-09","9,658490472222221e-07","0,1002","4,5026565891472865e-09","4,269576206323571e-09","9,680711666666667e-07","0,1002","4,5026565891472865e-09","4,269576206323571e-09","9,680711666666667e-07","0,09997","4,492321149870801e-09","3,5189911419394203e-09","9,658490472222221e-07"
"2024-09-13 00:44:28+02:00","rock-tobefilledbyoem","AMD Ryzen Threadripper 3970X 32-Core Processor","0","kernel","387","1.0","1.037","1,037","58,668","56.6","0","reduction","openblas","fp32","0","387","125","1.037","58.668","56.6","57.3","18576000000","17.91","kernel","kernel","0","AMD Ryzen Threadripper 3970X 32-Core Processor","","","","0","0","","","37.0","0","OPENBLAS_NUM_THREADS=20; e2e_host_memcpy=1; e2e_bw=mixed","0.1515968992248062","4,21102497846684e-08","0.0026795865633074934","0","0","","","","","1,6296666666666666e-05","DE","0,09997","1,6291777666666666e-06","0,07830997222222223","1,2761915139814816e-06","0,1002","1,632926e-06","0,09501313888888888","1,5483974534259257e-06","0,1002","1,632926e-06","0,09501313888888888","1,5483974534259257e-06","0,09997","1,6291777666666666e-06","0,07830997222222223","1,2761915139814816e-06","0,09997","4,2097616709733e-09","3,297652490908222e-09","1,6291777666666673e-06","0,1002","4,2194470284237736e-09","4,001027011436502e-09","1,6329260000000004e-06","0,1002","4,2194470284237736e-09","4,001027011436502e-09","1,6329260000000004e-06","0,09997","4,2097616709733e-09","3,297652490908222e-09","1,6291777666666673e-06"
"2024-09-13 00:44:28+02:00","rock-tobefilledbyoem","AMD Ryzen Threadripper 3970X 32-Core Processor","0","e2e","125","1.0","1.037","0,5318","30,486","57.3","0","reduction","openblas","fp32","0","387","125","1.037","58.668","56.6","57.3","3000000000","5.64","e2e","e2e","0","AMD Ryzen Threadripper 3970X 32-Core Processor","","","","0","0","","","37.0","0","OPENBLAS_NUM_THREADS=20; e2e_host_memcpy=1; e2e_bw=mixed","0.243888","6,774666666666666e-08","0.0042544","0","0","0.0","","0.0","0.0","8,468333333333333e-06","DE","0,09997","8,465792833333334e-07","0,07830997222222223","6,631549481018519e-07","0,1002","8,48527e-07","0,09501313888888888","8,046029311574073e-07","0,1002","8,48527e-07","0,09501313888888888","8,046029311574073e-07","0,09997","8,465792833333334e-07","0,07830997222222223","6,631549481018519e-07","0,09997","6,772634266666667e-09","5,305239584814815e-09","8,465792833333333e-07","0,1002","6,7882159999999995e-09","6,436823449259258e-09","8,485269999999999e-07","0,1002","6,7882159999999995e-09","6,436823449259258e-09","8,485269999999999e-07","0,09997","6,772634266666667e-09","5,305239584814815e-09","8,465792833333333e-07"
"2024-09-13 00:44:36+02:00","rock-tobefilledbyoem","AMD Ryzen Threadripper 3970X 32-Core Processor","0","kernel","293","1.0","1.0055","1,0055","56,651","56.3","0","reduction","openblas","fp32","0","293","107","1.0055","56.651","56.3","57.1","18752000000","18.65","kernel","kernel","0","AMD Ryzen Threadripper 3970X 32-Core Processor","","","","0","0","","","37.0","0","OPENBLAS_NUM_THREADS=20; e2e_host_memcpy=1; e2e_bw=mixed","0.1933481228668942","5,370781190747062e-08","0.0034317406143344713","0","0","","","","","1,573638888888889e-05","DE","0,09997","1,5731667972222222e-06","0,07830997222222223","1,2323161767669755e-06","0,1002","1,5767861666666665e-06","0,09501313888888888","1,4951637031095676e-06","0,1002","1,5767861666666665e-06","0,09501313888888888","1,4951637031095676e-06","0,09997","1,5731667972222222e-06","0,07830997222222223","1,2323161767669755e-06","0,09997","5,3691699563898374e-09","4,2058572585903606e-09","1,5731667972222225e-06","0,1002","5,381522753128556e-09","5,102947792182826e-09","1,576786166666667e-06","0,1002","5,381522753128556e-09","5,102947792182826e-09","1,576786166666667e-06","0,09997","5,3691699563898374e-09","4,2058572585903606e-09","1,5731667972222225e-06"
"2024-09-13 00:44:36+02:00","rock-tobefilledbyoem","AMD Ryzen Threadripper 3970X 32-Core Processor","0","e2e","107","1.0","1.0055","0,5945","33,933","57.1","0","reduction","openblas","fp32","0","293","107","1.0055","56.651","56.3","57.1","3424000000","5.76","e2e","e2e","0","AMD Ryzen Threadripper 3970X 32-Core Processor","","","","0","0","","","37.0","0","OPENBLAS_NUM_THREADS=20; e2e_host_memcpy=1; e2e_bw=mixed","0.3171308411214953","8,809190031152649e-08","0.00555607476635514","0","0","0.0","","0.0","0.0","9,425833333333334e-06","DE","0,09997","9,423005583333334e-07","0,07830997222222223","7,381367465046298e-07","0,1002","9,444685e-07","0,09501313888888888","8,955780116435185e-07","0,1002","9,444685e-07","0,09501313888888888","8,955780116435185e-07","0,09997","9,423005583333334e-07","0,07830997222222223","7,381367465046298e-07","0,09997","8,806547274143304e-09","6,8984742663984096e-09","9,423005583333335e-07","0,1002","8,826808411214953e-09","8,36988795928522e-09","9,444685e-07","0,1002","8,826808411214953e-09","8,36988795928522e-09","9,444685e-07","0,09997","8,806547274143304e-09","6,8984742663984096e-09","9,423005583333335e-07"
"2024-09-13 00:44:44+02:00","rock-tobefilledbyoem","AMD Ryzen Threadripper 3970X 32-Core Processor","0","kernel","211","1.0","1.0419","1,0419","58,685","56.3","0","reduction","openblas","fp32","0","211","64","1.0419","58.685","56.3","57.1","20256000000","19.44","kernel","kernel","0","AMD Ryzen Threadripper 3970X 32-Core Processor","","","","0","0","","","37.0","0","OPENBLAS_NUM_THREADS=20; e2e_host_memcpy=1; e2e_bw=mixed","0.27812796208530804","7,72577672459189e-08","0.0049379146919431285","0","0","","","","","1,630138888888889e-05","DE","0,09997","1,6296498472222224e-06","0,07830997222222223","1,2765613110725311e-06","0,1002","1,6333991666666669e-06","0,09501313888888888","1,54884612658179e-06","0,1002","1,6333991666666669e-06","0,09501313888888888","1,54884612658179e-06","0,09997","1,6296498472222224e-06","0,07830997222222223","1,2765613110725311e-06","0,09997","7,723458991574512e-09","6,0500536069788196e-09","1,629649847222222e-06","0,1002","7,741228278041072e-09","7,3405029695819415e-09","1,6333991666666662e-06","0,1002","7,741228278041072e-09","7,3405029695819415e-09","1,6333991666666662e-06","0,09997","7,723458991574512e-09","6,0500536069788196e-09","1,629649847222222e-06"
"2024-09-13 00:44:44+02:00","rock-tobefilledbyoem","AMD Ryzen Threadripper 3970X 32-Core Processor","0","e2e","64","1.0","1.0419","0,5236","29,907","57.1","0","reduction","openblas","fp32","0","211","64","1.0419","58.685","56.3","57.1","3072000000","5.87","e2e","e2e","0","AMD Ryzen Threadripper 3970X 32-Core Processor","","","","0","0","","","37.0","0","OPENBLAS_NUM_THREADS=20; e2e_host_memcpy=1; e2e_bw=mixed","0.467296875","1,298046875e-07","0.00818125","0","0","0.0","","0.0","0.0","8,3075e-06","DE","0,09997","8,30500775e-07","0,07830997222222223","6,505600942361111e-07","0,1002","8,324115e-07","0,09501313888888888","7,893216513194443e-07","0,1002","8,324115e-07","0,09501313888888888","7,893216513194443e-07","0,09997","8,30500775e-07","0,07830997222222223","6,505600942361111e-07","0,09997","1,2976574609375e-08","1,0165001472439236e-08","8,30500775e-07","0,1002","1,30064296875e-08","1,2333150801866317e-08","8,324115e-07","0,1002","1,30064296875e-08","1,2333150801866317e-08","8,324115e-07","0,09997","1,2976574609375e-08","1,0165001472439236e-08","8,30500775e-07"
"2024-09-13 00:44:52+02:00","rock-tobefilledbyoem","AMD Ryzen Threadripper 3970X 32-Core Processor","0","kernel","164","1.0","1.0536","1,0536","59,353","56.3","0","reduction","openblas","fp32","0","164","55","1.0536","59.353","56.3","57.1","20992000000","19.92","kernel","kernel","0","AMD Ryzen Threadripper 3970X 32-Core Processor","","","","0","0","","","37.0","0","OPENBLAS_NUM_THREADS=20; e2e_host_memcpy=1; e2e_bw=mixed","0.36190853658536587","1,0053014905149052e-07","0.006424390243902439","0","0","","","","","1,6486944444444445e-05","DE","0,09997","1,6481998361111112e-06","0,07830997222222223","1,2910921614737657e-06","0,1002","1,6519918333333334e-06","0,09501313888888888","1,566476342353395e-06","0,1002","1,6519918333333334e-06","0,09501313888888888","1,566476342353395e-06","0,09997","1,6481998361111112e-06","0,07830997222222223","1,2910921614737657e-06","0,09997","1,0049999000677508e-08","7,872513179718083e-09","1,6481998361111112e-06","0,1002","1,007312093495935e-08","9,55168501434997e-09","1,6519918333333334e-06","0,1002","1,007312093495935e-08","9,55168501434997e-09","1,6519918333333334e-06","0,09997","1,0049999000677508e-08","7,872513179718083e-09","1,6481998361111112e-06"
"2024-09-13 00:44:52+02:00","rock-tobefilledbyoem","AMD Ryzen Threadripper 3970X 32-Core Processor","0","e2e","55","1.0","1.0536","0,5941","33,898","57.1","0","reduction","openblas","fp32","0","164","55","1.0536","59.353","56.3","57.1","3520000000","5.93","e2e","e2e","0","AMD Ryzen Threadripper 3970X 32-Core Processor","","","","0","0","","","37.0","0","OPENBLAS_NUM_THREADS=20; e2e_host_memcpy=1; e2e_bw=mixed","0.6163272727272728","1,7120202020202026e-07","0.010801818181818182","0","0","0.0","","0.0","0.0","9,416111111111112e-06","DE","0,09997","9,413286277777779e-07","0,07830997222222223","7,373753995524692e-07","0,1002","9,434943333333333e-07","0,09501313888888888","8,946542727932098e-07","0,1002","9,434943333333333e-07","0,09501313888888888","8,946542727932098e-07","0,09997","9,413286277777779e-07","0,07830997222222223","7,373753995524692e-07","0,09997","1,7115065959595965e-08","1,3406825446408536e-08","9,413286277777781e-07","0,1002","1,715444242424243e-08","1,626644132351291e-08","9,434943333333335e-07","0,1002","1,715444242424243e-08","1,626644132351291e-08","9,434943333333335e-07","0,09997","1,7115065959595965e-08","1,3406825446408536e-08","9,413286277777781e-07"
"2024-09-13 00:45:00+02:00","rock-tobefilledbyoem","AMD Ryzen Threadripper 3970X 32-Core Processor","0","kernel","113","1.0","1.0831","1,0831","61,042","56.4","0","reduction","openblas","fp32","0","113","33","1.0831","61.042","56.4","57.0","21696000000","20.03","kernel","kernel","0","AMD Ryzen Threadripper 3970X 32-Core Processor","","","","0","0","","","37.0","0","OPENBLAS_NUM_THREADS=20; e2e_host_memcpy=1; e2e_bw=mixed","0.5401946902654867","1,5005408062930188e-07","0.009584955752212389","0","0","","","","","1,695611111111111e-05","DE","0,09997","1,6951024277777777e-06","0,07830997222222223","1,3278325901080247e-06","0,1002","1,6990023333333334e-06","0,09501313888888888","1,611053340015432e-06","0,1002","1,6990023333333334e-06","0,09501313888888888","1,611053340015432e-06","0,09997","1,6951024277777777e-06","0,07830997222222223","1,3278325901080247e-06","0,09997","1,500090644051131e-08","1,1750730885911725e-08","1,695102427777778e-06","0,1002","1,503541887905605e-08","1,425710920367639e-08","1,6990023333333336e-06","0,1002","1,503541887905605e-08","1,425710920367639e-08","1,6990023333333336e-06","0,09997","1,500090644051131e-08","1,1750730885911725e-08","1,695102427777778e-06"
"2024-09-13 00:45:00+02:00","rock-tobefilledbyoem","AMD Ryzen Threadripper 3970X 32-Core Processor","0","e2e","33","1.0","1.0831","0,5352","30,521","57.0","0","reduction","openblas","fp32","0","113","33","1.0831","61.042","56.4","57.0","3168000000","5.92","e2e","e2e","0","AMD Ryzen Threadripper 3970X 32-Core Processor","","","","0","0","","","37.0","0","OPENBLAS_NUM_THREADS=20; e2e_host_memcpy=1; e2e_bw=mixed","0.9248787878787879","2,569107744107744e-07","0.01621818181818182","0","0","0.0","","0.0","0.0","8,478055555555555e-06","DE","0,09997","8,475512138888889e-07","0,07830997222222223","6,639162950540124e-07","0,1002","8,495011666666667e-07","0,09501313888888888","8,05526670007716e-07","0,1002","8,495011666666667e-07","0,09501313888888888","8,05526670007716e-07","0,09997","8,475512138888889e-07","0,07830997222222223","6,639162950540124e-07","0,09997","2,5683370117845118e-08","2,0118675607697345e-08","8,475512138888889e-07","0,1002","2,5742459595959594e-08","2,4409899091142905e-08","8,495011666666666e-07","0,1002","2,5742459595959594e-08","2,4409899091142905e-08","8,495011666666666e-07","0,09997","2,5683370117845118e-08","2,0118675607697345e-08","8,475512138888889e-07"
"2024-09-13 00:45:09+02:00","rock-tobefilledbyoem","AMD Ryzen Threadripper 3970X 32-Core Processor","0","kernel","81","1.0","1.048","1,048","59,038","56.3","0","reduction","openblas","fp32","0","81","28","1.048","59.038","56.3","57.2","20736000000","19.79","kernel","kernel","0","AMD Ryzen Threadripper 3970X 32-Core Processor","","","","0","0","","","37.0","0","OPENBLAS_NUM_THREADS=20; e2e_host_memcpy=1; e2e_bw=mixed","0.7288641975308642","2,024622770919067e-07","0.012938271604938273","0","0","","","","","1,6399444444444443e-05","DE","0,09997","1,639452461111111e-06","0,07830997222222223","1,284240038904321e-06","0,1002","1,6432243333333332e-06","0,09501313888888888","1,5581626927006169e-06","0,1002","1,6432243333333332e-06","0,09501313888888888","1,5581626927006169e-06","0,09997","1,639452461111111e-06","0,07830997222222223","1,284240038904321e-06","0,09997","2,0240153840877913e-08","1,5854815295115076e-08","1,639452461111111e-06","0,1002","2,0286720164609053e-08","1,9236576453094036e-08","1,6432243333333334e-06","0,1002","2,0286720164609053e-08","1,9236576453094036e-08","1,6432243333333334e-06","0,09997","2,0240153840877913e-08","1,5854815295115076e-08","1,639452461111111e-06"
"2024-09-13 00:45:09+02:00","rock-tobefilledbyoem","AMD Ryzen Threadripper 3970X 32-Core Processor","0","e2e","28","1.0","1.048","0,6052","34,604","57.2","0","reduction","openblas","fp32","0","81","28","1.048","59.038","56.3","57.2","3584000000","5.92","e2e","e2e","0","AMD Ryzen Threadripper 3970X 32-Core Processor","","","","0","0","","","37.0","0","OPENBLAS_NUM_THREADS=20; e2e_host_memcpy=1; e2e_bw=mixed","1.2358571428571428","3,432936507936508e-07","0.021614285714285714","0","0","0.0","","0.0","0.0","9,612222222222222e-06","DE","0,09997","9,609338555555556e-07","0,07830997222222223","7,527328552160495e-07","0,1002","9,631446666666666e-07","0,09501313888888888","9,13287405030864e-07","0,1002","9,631446666666666e-07","0,09501313888888888","9,13287405030864e-07","0,09997","9,609338555555556e-07","0,07830997222222223","7,527328552160495e-07","0,09997","3,431906626984127e-08","2,6883316257716056e-08","9,609338555555556e-07","0,1002","3,439802380952381e-08","3,2617407322530864e-08","9,631446666666668e-07","0,1002","3,439802380952381e-08","3,2617407322530864e-08","9,631446666666668e-07","0,09997","3,431906626984127e-08","2,6883316257716056e-08","9,609338555555556e-07"
"2024-09-13 00:45:17+02:00","rock-tobefilledbyoem","AMD Ryzen Threadripper 3970X 32-Core Processor","0","kernel","56","1.0","1.064","1,064","59,915","56.3","0","reduction","openblas","fp32","0","56","17","1.064","59.915","56.3","57.1","21504000000","20.21","kernel","kernel","0","AMD Ryzen Threadripper 3970X 32-Core Processor","","","","0","0","","","37.0","0","OPENBLAS_NUM_THREADS=20; e2e_host_memcpy=1; e2e_bw=mixed","1.0699107142857143","2,9719742063492065e-07","0.019","0","0","","","","","1,6643055555555554e-05","DE","0,09997","1,6638062638888889e-06","0,07830997222222223","1,3033172182484569e-06","0,1002","1,6676341666666666e-06","0,09501313888888888","1,5813089490354934e-06","0,1002","1,6676341666666666e-06","0,09501313888888888","1,5813089490354934e-06","0,09997","1,6638062638888889e-06","0,07830997222222223","1,3033172182484569e-06","0,09997","2,971082614087302e-08","2,327352175443673e-08","1,663806263888889e-06","0,1002","2,977918154761905e-08","2,8237659804205246e-08","1,6676341666666668e-06","0,1002","2,977918154761905e-08","2,8237659804205246e-08","1,6676341666666668e-06","0,09997","2,971082614087302e-08","2,327352175443673e-08","1,663806263888889e-06"
"2024-09-13 00:45:17+02:00","rock-tobefilledbyoem","AMD Ryzen Threadripper 3970X 32-Core Processor","0","e2e","17","1.0","1.064","0,5459","31,171","57.1","0","reduction","openblas","fp32","0","56","17","1.064","59.915","56.3","57.1","3264000000","5.98","e2e","e2e","0","AMD Ryzen Threadripper 3970X 32-Core Processor","","","","0","0","","","37.0","0","OPENBLAS_NUM_THREADS=20; e2e_host_memcpy=1; e2e_bw=mixed","1.8335882352941175","5,093300653594771e-07","0.032111764705882354","0","0","0.0","","0.0","0.0","8,658611111111111e-06","DE","0,09997","8,656013527777778e-07","0,07830997222222223","6,780555955941359e-07","0,1002","8,675928333333333e-07","0,09501313888888888","8,226818200848764e-07","0,1002","8,675928333333333e-07","0,09501313888888888","8,226818200848764e-07","0,09997","8,656013527777778e-07","0,07830997222222223","6,780555955941359e-07","0,09997","5,091772663398693e-08","3,988562327024329e-08","8,656013527777778e-07","0,1002","5,1034872549019604e-08","4,8393048240286846e-08","8,675928333333333e-07","0,1002","5,1034872549019604e-08","4,8393048240286846e-08","8,675928333333333e-07","0,09997","5,091772663398693e-08","3,988562327024329e-08","8,656013527777778e-07"
"2024-09-13 00:45:26+02:00","rock-tobefilledbyoem","AMD Ryzen Threadripper 3970X 32-Core Processor","0","kernel","42","1.0","1.0511","1,0511","59,18","56.3","0","reduction","openblas","fp32","0","42","14","1.0511","59.18","56.3","57.1","21504000000","20.46","kernel","kernel","0","AMD Ryzen Threadripper 3970X 32-Core Processor","","","","0","0","","","37.0","0","OPENBLAS_NUM_THREADS=20; e2e_host_memcpy=1; e2e_bw=mixed","1.409047619047619","3,914021164021164e-07","0.025026190476190473","0","0","","","","","1,6438888888888887e-05","DE","0,09997","1,643395722222222e-06","0,07830997222222223","1,2873289322530865e-06","0,1002","1,6471766666666665e-06","0,09501313888888888","1,561910433179012e-06","0,1002","1,6471766666666665e-06","0,09501313888888888","1,561910433179012e-06","0,09997","1,643395722222222e-06","0,07830997222222223","1,2873289322530865e-06","0,09997","3,912846957671958e-08","3,065068886316873e-08","1,6433957222222224e-06","0,1002","3,9218492063492067e-08","3,7188343647119337e-08","1,6471766666666667e-06","0,1002","3,9218492063492067e-08","3,7188343647119337e-08","1,6471766666666667e-06","0,09997","3,912846957671958e-08","3,065068886316873e-08","1,6433957222222224e-06"
"2024-09-13 00:45:26+02:00","rock-tobefilledbyoem","AMD Ryzen Threadripper 3970X 32-Core Processor","0","e2e","14","1.0","1.0511","0,5981","34,156","57.1","0","reduction","openblas","fp32","0","42","14","1.0511","59.18","56.3","57.1","3584000000","5.99","e2e","e2e","0","AMD Ryzen Threadripper 3970X 32-Core Processor","","","","0","0","","","37.0","0","OPENBLAS_NUM_THREADS=20; e2e_host_memcpy=1; e2e_bw=mixed","2.4397142857142855","6,776984126984126e-07","0.04272142857142857","0","0","0.0","","0.0","0.0","9,487777777777778e-06","DE","0,09997","9,484931444444446e-07","0,07830997222222223","7,429876142283952e-07","0,1002","9,506753333333334e-07","0,09501313888888888","9,014635477469135e-07","0,1002","9,506753333333334e-07","0,09501313888888888","9,014635477469135e-07","0,09997","9,484931444444446e-07","0,07830997222222223","7,429876142283952e-07","0,09997","6,774951031746032e-08","5,307054387345679e-08","9,484931444444444e-07","0,1002","6,790538095238094e-08","6,43902534104938e-08","9,506753333333331e-07","0,1002","6,790538095238094e-08","6,43902534104938e-08","9,506753333333331e-07","0,09997","6,774951031746032e-08","5,307054387345679e-08","9,484931444444444e-07"
"2024-09-13 00:45:34+02:00","rock-tobefilledbyoem","AMD Ryzen Threadripper 3970X 32-Core Processor","0","kernel","29","1.0","1.0813","1,0813","60,858","56.3","0","reduction","openblas","fp32","0","29","9","1.0813","60.858","56.3","56.9","22272000000","20.6","kernel","kernel","0","AMD Ryzen Threadripper 3970X 32-Core Processor","","","","0","0","","","37.2","0","OPENBLAS_NUM_THREADS=20; e2e_host_memcpy=1; e2e_bw=mixed","2.098551724137931","5,829310344827586e-07","0.037286206896551724","0","0","","","","","1,6904999999999998e-05","DE","0,09997","1,6899928499999998e-06","0,07830997222222223","1,3238300804166667e-06","0,1002","1,6938809999999997e-06","0,09501313888888888","1,6061971129166663e-06","0,1002","1,6938809999999997e-06","0,09501313888888888","1,6061971129166663e-06","0,09997","1,6899928499999998e-06","0,07830997222222223","1,3238300804166667e-06","0,09997","5,8275615517241376e-08","4,5649313117816094e-08","1,6899928499999998e-06","0,1002","5,840968965517241e-08","5,538610734195401e-08","1,6938809999999999e-06","0,1002","5,840968965517241e-08","5,538610734195401e-08","1,6938809999999999e-06","0,09997","5,8275615517241376e-08","4,5649313117816094e-08","1,6899928499999998e-06"
"2024-09-13 00:45:34+02:00","rock-tobefilledbyoem","AMD Ryzen Threadripper 3970X 32-Core Processor","0","e2e","9","1.0","1.0813","0,5743","32,704","56.9","0","reduction","openblas","fp32","0","29","9","1.0813","60.858","56.3","56.9","3456000000","6.02","e2e","e2e","0","AMD Ryzen Threadripper 3970X 32-Core Processor","","","","0","0","","","37.2","0","OPENBLAS_NUM_THREADS=20; e2e_host_memcpy=1; e2e_bw=mixed","3.633777777777778","1,0093827160493829e-06","0.06381111111111111","0","0","0.0","","0.0","0.0","9,084444444444445e-06","DE","0,09997","9,081719111111111e-07","0,07830997222222223","7,114025920987656e-07","0,1002","9,102613333333333e-07","0,09501313888888888","8,63141581728395e-07","0,1002","9,102613333333333e-07","0,09501313888888888","8,63141581728395e-07","0,09997","9,081719111111111e-07","0,07830997222222223","7,114025920987656e-07","0,09997","1,0090799012345681e-07","7,90447324554184e-08","9,081719111111112e-07","0,1002","1,0114014814814817e-07","9,59046201920439e-08","9,102613333333335e-07","0,1002","1,0114014814814817e-07","9,59046201920439e-08","9,102613333333335e-07","0,09997","1,0090799012345681e-07","7,90447324554184e-08","9,081719111111112e-07"
"2024-09-13 00:45:43+02:00","rock-tobefilledbyoem","AMD Ryzen Threadripper 3970X 32-Core Processor","0","kernel","22","1.0","1.0813","1,0813","60,845","56.3","0","reduction","openblas","fp32","0","22","7","1.0813","60.845","56.3","57.0","22528000000","20.83","kernel","kernel","0","AMD Ryzen Threadripper 3970X 32-Core Processor","","","","0","0","","","37.2","0","OPENBLAS_NUM_THREADS=20; e2e_host_memcpy=1; e2e_bw=mixed","2.765681818181818","7,682449494949495e-07","0.04915","0","0","","","","","1,6901388888888888e-05","DE","0,09997","1,6896318472222222e-06","0,07830997222222223","1,3235472944058642e-06","0,1002","1,6935191666666666e-06","0,09501313888888888","1,6058540099151233e-06","0,1002","1,6935191666666666e-06","0,09501313888888888","1,6058540099151233e-06","0,09997","1,6896318472222222e-06","0,07830997222222223","1,3235472944058642e-06","0,09997","7,68014476010101e-08","6,016124065481202e-08","1,6896318472222224e-06","0,1002","7,697814393939394e-08","7,299336408705107e-08","1,6935191666666666e-06","0,1002","7,697814393939394e-08","7,299336408705107e-08","1,6935191666666666e-06","0,09997","7,68014476010101e-08","6,016124065481202e-08","1,6896318472222224e-06"
"2024-09-13 00:45:43+02:00","rock-tobefilledbyoem","AMD Ryzen Threadripper 3970X 32-Core Processor","0","e2e","7","1.0","1.0813","0,5939","33,84","57.0","0","reduction","openblas","fp32","0","22","7","1.0813","60.845","56.3","57.0","3584000000","6.03","e2e","e2e","0","AMD Ryzen Threadripper 3970X 32-Core Processor","","","","0","0","","","37.2","0","OPENBLAS_NUM_THREADS=20; e2e_host_memcpy=1; e2e_bw=mixed","4.8342857142857145","1,342857142857143e-06","0.08484285714285714","0","0","0.0","","0.0","0.0","9,400000000000001e-06","DE","0,09997","9,397180000000002e-07","0,07830997222222223","7,361137388888891e-07","0,1002","9,418800000000001e-07","0,09501313888888888","8,931235055555556e-07","0,1002","9,418800000000001e-07","0,09501313888888888","8,931235055555556e-07","0,09997","9,397180000000002e-07","0,07830997222222223","7,361137388888891e-07","0,09997","1,3424542857142858e-07","1,0515910555555558e-07","9,39718e-07","0,1002","1,3455428571428574e-07","1,275890722222222e-07","9,418800000000001e-07","0,1002","1,3455428571428574e-07","1,275890722222222e-07","9,418800000000001e-07","0,09997","1,3424542857142858e-07","1,0515910555555558e-07","9,39718e-07"
"2024-09-13 00:45:53+02:00","rock-tobefilledbyoem","AMD Ryzen Threadripper 3970X 32-Core Processor","0","kernel","18","1.0","1.1219","1,1219","63,163","56.3","0","reduction","openblas","fp32","0","18","7","1.1219","63.163","56.3","57.0","23040000000","20.54","kernel","kernel","0","AMD Ryzen Threadripper 3970X 32-Core Processor","","","","0","0","","","37.2","0","OPENBLAS_NUM_THREADS=20; e2e_host_memcpy=1; e2e_bw=mixed","3.5090555555555554","9,747376543209875e-07","0.062327777777777774","0","0","","","","","1,754527777777778e-05","DE","0,09997","1,7540014194444446e-06","0,07830997222222223","1,3739702154089508e-06","0,1002","1,7580368333333333e-06","0,09501313888888888","1,6670319143441355e-06","0,1002","1,7580368333333333e-06","0,09501313888888888","1,6670319143441355e-06","0,09997","1,7540014194444446e-06","0,07830997222222223","1,3739702154089508e-06","0,09997","9,744452330246913e-08","7,63316786338306e-08","1,7540014194444444e-06","0,1002","9,766871296296295e-08","9,261288413022974e-08","1,758036833333333e-06","0,1002","9,766871296296295e-08","9,261288413022974e-08","1,758036833333333e-06","0,09997","9,744452330246913e-08","7,63316786338306e-08","1,7540014194444444e-06"
"2024-09-13 00:45:53+02:00","rock-tobefilledbyoem","AMD Ryzen Threadripper 3970X 32-Core Processor","0","e2e","7","1.0","1.1219","0,7535","42,933","57.0","0","reduction","openblas","fp32","0","18","7","1.1219","63.163","56.3","57.0","4480000000","5.95","e2e","e2e","0","AMD Ryzen Threadripper 3970X 32-Core Processor","","","","0","0","","","37.2","0","OPENBLAS_NUM_THREADS=20; e2e_host_memcpy=1; e2e_bw=mixed","6.133285714285714","1,7036904761904762e-06","0.10764285714285714","0","0","0.0","","0.0","0.0","1,1925833333333334e-05","DE","0,09997","1,1922255583333335e-06","0,07830997222222223","9,339116770601854e-07","0,1002","1,1949685e-06","0,09501313888888888","1,1331108588657405e-06","0,1002","1,1949685e-06","0,09501313888888888","1,1331108588657405e-06","0,09997","1,1922255583333335e-06","0,07830997222222223","9,339116770601854e-07","0,09997","1,703179369047619e-07","1,3341595386574075e-07","1,1922255583333333e-06","0,1002","1,7070978571428572e-07","1,6187297983796293e-07","1,1949685e-06","0,1002","1,7070978571428572e-07","1,6187297983796293e-07","1,1949685e-06","0,09997","1,703179369047619e-07","1,3341595386574075e-07","1,1922255583333333e-06"
"2024-09-13 00:46:03+02:00","rock-tobefilledbyoem","AMD Ryzen Threadripper 3970X 32-Core Processor","0","kernel","15","1.0","1.1039","1,1039","62,138","56.3","0","reduction","openblas","fp32","0","15","6","1.1039","62.138","56.3","57.0","23040000000","20.87","kernel","kernel","0","AMD Ryzen Threadripper 3970X 32-Core Processor","","","","0","0","","","37.2","0","OPENBLAS_NUM_THREADS=20; e2e_host_memcpy=1; e2e_bw=mixed","4.142533333333334","1,1507037037037038e-06","0.07359333333333334","0","0","","","","","1,7260555555555556e-05","DE","0,09997","1,725537738888889e-06","0,07830997222222223","1,3516736260956793e-06","0,1002","1,7295076666666668e-06","0,09501313888888888","1,6399795622993827e-06","0,1002","1,7295076666666668e-06","0,09501313888888888","1,6399795622993827e-06","0,09997","1,725537738888889e-06","0,07830997222222223","1,3516736260956793e-06","0,09997","1,1503584925925927e-07","9,011157507304529e-08","1,725537738888889e-06","0,1002","1,1530051111111112e-07","1,0933197081995884e-07","1,7295076666666668e-06","0,1002","1,1530051111111112e-07","1,0933197081995884e-07","1,7295076666666668e-06","0,09997","1,1503584925925927e-07","9,011157507304529e-08","1,725537738888889e-06"
"2024-09-13 00:46:03+02:00","rock-tobefilledbyoem","AMD Ryzen Threadripper 3970X 32-Core Processor","0","e2e","6","1.0","1.1039","0,7594","43,294","57.0","0","reduction","openblas","fp32","0","15","6","1.1039","62.138","56.3","57.0","4608000000","6.07","e2e","e2e","0","AMD Ryzen Threadripper 3970X 32-Core Processor","","","","0","0","","","37.2","0","OPENBLAS_NUM_THREADS=20; e2e_host_memcpy=1; e2e_bw=mixed","7.2156666666666665","2,004351851851852e-06","0.12656666666666666","0","0","0.0","","0.0","0.0","1,202611111111111e-05","DE","0,09997","1,2022503277777777e-06","0,07830997222222223","9,417644270524692e-07","0,1002","1,2050163333333333e-06","0,09501313888888888","1,1426385652932097e-06","0,1002","1,2050163333333333e-06","0,09501313888888888","1,1426385652932097e-06","0,09997","1,2022503277777777e-06","0,07830997222222223","9,417644270524692e-07","0,09997","2,0037505462962964e-07","1,5696073784207823e-07","1,2022503277777779e-06","0,1002","2,0083605555555554e-07","1,9043976088220163e-07","1,2050163333333333e-06","0,1002","2,0083605555555554e-07","1,9043976088220163e-07","1,2050163333333333e-06","0,09997","2,0037505462962964e-07","1,5696073784207823e-07","1,2022503277777779e-06"
"2024-09-13 00:46:12+02:00","rock-tobefilledbyoem","AMD Ryzen Threadripper 3970X 32-Core Processor","0","kernel","11","1.0","1.0849","1,0849","61,022","56.2","0","reduction","openblas","fp32","0","11","4","1.0849","61.022","56.2","57.0","22528000000","20.76","kernel","kernel","0","AMD Ryzen Threadripper 3970X 32-Core Processor","","","","0","0","","","37.2","0","OPENBLAS_NUM_THREADS=20; e2e_host_memcpy=1; e2e_bw=mixed","5.547454545454546","1,540959595959596e-06","0.09862727272727273","0","0","","","","","1,6950555555555554e-05","DE","0,09997","1,6945470388888889e-06","0,07830997222222223","1,3273975347067903e-06","0,1002","1,6984456666666666e-06","0,09501313888888888","1,6105254892438268e-06","0,1002","1,6984456666666666e-06","0,09501313888888888","1,6105254892438268e-06","0,09997","1,6945470388888889e-06","0,07830997222222223","1,3273975347067903e-06","0,09997","1,5404973080808082e-07","1,2067250315516276e-07","1,694547038888889e-06","0,1002","1,5440415151515152e-07","1,464114081130752e-07","1,6984456666666668e-06","0,1002","1,5440415151515152e-07","1,464114081130752e-07","1,6984456666666668e-06","0,09997","1,5404973080808082e-07","1,2067250315516276e-07","1,694547038888889e-06"
"2024-09-13 00:46:12+02:00","rock-tobefilledbyoem","AMD Ryzen Threadripper 3970X 32-Core Processor","0","e2e","4","1.0","1.0849","0,674","38,413","57.0","0","reduction","openblas","fp32","0","11","4","1.0849","61.022","56.2","57.0","4096000000","6.08","e2e","e2e","0","AMD Ryzen Threadripper 3970X 32-Core Processor","","","","0","0","","","37.2","0","OPENBLAS_NUM_THREADS=20; e2e_host_memcpy=1; e2e_bw=mixed","9.60325","2,6675694444444443e-06","0.1685","0","0","0.0","","0.0","0.0","1,0670277777777777e-05","DE","0,09997","1,0667076694444444e-06","0,07830997222222223","8,355891563811729e-07","0,1002","1,0691618333333333e-06","0,09501313888888888","1,0138165844830245e-06","0,1002","1,0691618333333333e-06","0,09501313888888888","1,0138165844830245e-06","0,09997","1,0667076694444444e-06","0,07830997222222223","8,355891563811729e-07","0,09997","2,666769173611111e-07","2,0889728909529323e-07","1,0667076694444444e-06","0,1002","2,672904583333333e-07","2,5345414612075613e-07","1,0691618333333333e-06","0,1002","2,672904583333333e-07","2,5345414612075613e-07","1,0691618333333333e-06","0,09997","2,666769173611111e-07","2,0889728909529323e-07","1,0667076694444444e-06"
"2024-09-13 00:46:23+02:00","rock-tobefilledbyoem","AMD Ryzen Threadripper 3970X 32-Core Processor","0","kernel","8","1.0","1.1829","1,1829","66,54","56.3","0","reduction","openblas","fp32","0","8","3","1.1829","66.54","56.3","57.0","24576000000","20.78","kernel","kernel","0","AMD Ryzen Threadripper 3970X 32-Core Processor","","","","0","0","","","37.2","0","OPENBLAS_NUM_THREADS=20; e2e_host_memcpy=1; e2e_bw=mixed","8.3175","2,310416666666667e-06","0.1478625","0","0","","","","","1,8483333333333337e-05","DE","0,09997","1,8477788333333336e-06","0,07830997222222223","1,4474293199074078e-06","0,1002","1,8520300000000002e-06","0,09501313888888888","1,7561595171296297e-06","0,1002","1,8520300000000002e-06","0,09501313888888888","1,7561595171296297e-06","0,09997","1,8477788333333336e-06","0,07830997222222223","1,4474293199074078e-06","0,09997","2,309723541666667e-07","1,8092866498842598e-07","1,8477788333333336e-06","0,1002","2,3150375000000003e-07","2,1951993964120372e-07","1,8520300000000002e-06","0,1002","2,3150375000000003e-07","2,1951993964120372e-07","1,8520300000000002e-06","0,09997","2,309723541666667e-07","1,8092866498842598e-07","1,8477788333333336e-06"
"2024-09-13 00:46:23+02:00","rock-tobefilledbyoem","AMD Ryzen Threadripper 3970X 32-Core Processor","0","e2e","3","1.0","1.1829","0,7557","43,1","57.0","0","reduction","openblas","fp32","0","8","3","1.1829","66.54","56.3","57.0","4608000000","6.1","e2e","e2e","0","AMD Ryzen Threadripper 3970X 32-Core Processor","","","","0","0","","","37.2","0","OPENBLAS_NUM_THREADS=20; e2e_host_memcpy=1; e2e_bw=mixed","14.366666666666667","3,990740740740741e-06","0.2519","0","0","0.0","","0.0","0.0","1,1972222222222223e-05","DE","0,09997","1,1968630555555556e-06","0,07830997222222223","9,375443896604941e-07","0,1002","1,1996166666666668e-06","0,09501313888888888","1,1375184128086418e-06","0,1002","1,1996166666666668e-06","0,09501313888888888","1,1375184128086418e-06","0,09997","1,1968630555555556e-06","0,07830997222222223","9,375443896604941e-07","0,09997","3,989543518518519e-07","3,12514796553498e-07","1,1968630555555556e-06","0,1002","3,998722222222222e-07","3,791728042695473e-07","1,1996166666666666e-06","0,1002","3,998722222222222e-07","3,791728042695473e-07","1,1996166666666666e-06","0,09997","3,989543518518519e-07","3,12514796553498e-07","1,1968630555555556e-06"
"2024-09-13 00:46:47+02:00","rock-tobefilledbyoem","AMD Ryzen Threadripper 3970X 32-Core Processor","0","kernel","1618","1.0","0.1443","0,1443","8,047","55.8","1","reduction","openblas","fp32","0","1618","501","0.1443","8.047","55.8","55.2","12944000000","89.71","kernel","kernel","0","AMD Ryzen Threadripper 3970X 32-Core Processor","","","","0","0","","","36.8","0","OPENBLAS_NUM_THREADS=20; e2e_host_memcpy=1; e2e_bw=mixed","0.004973423980222497","1,381506661172916e-09","8.918417799752781e-05","0","0","","","","","2,235277777777778e-06","DE","0,09997","2,2346071944444447e-07","0,07830997222222223","1,7504454068672843e-07","0,1002","2,2397483333333335e-07","0,09501313888888888","2,123807579552469e-07","0,1002","2,2397483333333335e-07","0,09501313888888888","2,123807579552469e-07","0,09997","2,2346071944444447e-07","0,07830997222222223","1,7504454068672843e-07","0,09997","1,381092209174564e-10","1,0818574826126603e-10","2,2346071944444447e-07","0,1002","1,3842696744952618e-10","1,3126128427394742e-10","2,2397483333333335e-07","0,1002","1,3842696744952618e-10","1,3126128427394742e-10","2,2397483333333335e-07","0,09997","1,381092209174564e-10","1,0818574826126603e-10","2,2346071944444447e-07"
"2024-09-13 00:46:47+02:00","rock-tobefilledbyoem","AMD Ryzen Threadripper 3970X 32-Core Processor","0","e2e","501","1.0","0.1443","0,1061","5,855","55.2","1","reduction","openblas","fp32","0","1618","501","0.1443","8.047","55.8","55.2","2004000000","18.88","e2e","e2e","0","AMD Ryzen Threadripper 3970X 32-Core Processor","","","","0","0","","","36.8","0","OPENBLAS_NUM_THREADS=20; e2e_host_memcpy=1; e2e_bw=mixed","0.011686626746506987","3,246285207363052e-09","0.00021177644710578843","0","0","0.0","","0.0","0.0","1,626388888888889e-06","DE","0,09997","1,6259009722222223e-07","0,07830997222222223","1,2736246871141977e-07","0,1002","1,6296416666666667e-07","0,09501313888888888","1,5452831338734567e-07","0,1002","1,6296416666666667e-07","0,09501313888888888","1,5452831338734567e-07","0,09997","1,6259009722222223e-07","0,07830997222222223","1,2736246871141977e-07","0,09997","3,245311321800843e-10","2,542165044140115e-10","1,6259009722222225e-07","0,1002","3,252777777777778e-10","3,084397472801311e-10","1,6296416666666667e-07","0,1002","3,252777777777778e-10","3,084397472801311e-10","1,6296416666666667e-07","0,09997","3,245311321800843e-10","2,542165044140115e-10","1,6259009722222225e-07"
"2024-09-13 00:46:52+02:00","rock-tobefilledbyoem","AMD Ryzen Threadripper 3970X 32-Core Processor","0","kernel","4288","1.0","0.716","0,716","38,959","54.4","1","reduction","openblas","fp32","0","4288","478","0.716","38.959","54.4","54.4","51456000000","71.87","kernel","kernel","0","AMD Ryzen Threadripper 3970X 32-Core Processor","","","","0","0","","","38.1","0","OPENBLAS_NUM_THREADS=20; e2e_host_memcpy=1; e2e_bw=mixed","0.009085587686567165","2,523774357379768e-09","0.0001669776119402985","0","0","","","","","1,0821944444444444e-05","DE","0,09997","1,081869786111111e-06","0,07830997222222223","8,474661688348767e-07","0,1002","1,0843588333333333e-06","0,09501313888888888","1,0282269105478395e-06","0,1002","1,0843588333333333e-06","0,09501313888888888","1,0282269105478395e-06","0,09997","1,081869786111111e-06","0,07830997222222223","8,474661688348767e-07","0,09997","2,5230172250725543e-10","1,976366998215664e-10","1,0818697861111113e-06","0,1002","2,5288219060945276e-10","2,3979172354194015e-10","1,0843588333333335e-06","0,1002","2,5288219060945276e-10","2,3979172354194015e-10","1,0843588333333335e-06","0,09997","2,5230172250725543e-10","1,976366998215664e-10","1,0818697861111113e-06"
"2024-09-13 00:46:52+02:00","rock-tobefilledbyoem","AMD Ryzen Threadripper 3970X 32-Core Processor","0","e2e","478","1.0","0.716","0,3122","16,98","54.4","1","reduction","openblas","fp32","0","4288","478","0.716","38.959","54.4","54.4","2868000000","9.19","e2e","e2e","0","AMD Ryzen Threadripper 3970X 32-Core Processor","","","","0","0","","","38.1","0","OPENBLAS_NUM_THREADS=20; e2e_host_memcpy=1; e2e_bw=mixed","0.03552301255230125","9,867503486750348e-09","0.0006531380753138075","0","0","0.0","","0.0","0.0","4,716666666666667e-06","DE","0,09997","4,715251666666667e-07","0,07830997222222223","3,6936203564814817e-07","0,1002","4,7261e-07","0,09501313888888888","4,481453050925925e-07","0,1002","4,7261e-07","0,09501313888888888","4,481453050925925e-07","0,09997","4,715251666666667e-07","0,07830997222222223","3,6936203564814817e-07","0,09997","9,864543235704323e-10","7,727239239501008e-10","4,7152516666666663e-07","0,1002","9,887238493723848e-10","9,375424792732062e-10","4,7260999999999994e-07","0,1002","9,887238493723848e-10","9,375424792732062e-10","4,7260999999999994e-07","0,09997","9,864543235704323e-10","7,727239239501008e-10","4,7152516666666663e-07"
"2024-09-13 00:46:58+02:00","rock-tobefilledbyoem","AMD Ryzen Threadripper 3970X 32-Core Processor","0","kernel","1602","1.0","0.6157","0,6157","33,708","54.7","1","reduction","openblas","fp32","0","1602","453","0.6157","33.708","54.7","55.3","25632000000","41.63","kernel","kernel","0","AMD Ryzen Threadripper 3970X 32-Core Processor","","","","0","0","","","37.0","0","OPENBLAS_NUM_THREADS=20; e2e_host_memcpy=1; e2e_bw=mixed","0.02104119850187266","5,844777361631294e-09","0.00038433208489388265","0","0","","","","","9,363333333333332e-06","DE","0,09997","9,360524333333333e-07","0,07830997222222223","7,332423732407407e-07","0,1002","9,382059999999999e-07","0,09501313888888888","8,896396904629627e-07","0,1002","9,382059999999999e-07","0,09501313888888888","8,896396904629627e-07","0,09997","9,360524333333333e-07","0,07830997222222223","7,332423732407407e-07","0,09997","5,843023928422805e-10","4,5770435283442e-10","9,360524333333334e-07","0,1002","5,856466916354557e-10","5,553306432353076e-10","9,38206e-07","0,1002","5,856466916354557e-10","5,553306432353076e-10","9,38206e-07","0,09997","5,843023928422805e-10","4,5770435283442e-10","9,360524333333334e-07"
"2024-09-13 00:46:58+02:00","rock-tobefilledbyoem","AMD Ryzen Threadripper 3970X 32-Core Processor","0","e2e","453","1.0","0.6157","0,5413","29,919","55.3","1","reduction","openblas","fp32","0","1602","453","0.6157","33.708","54.7","55.3","3624000000","6.7","e2e","e2e","0","AMD Ryzen Threadripper 3970X 32-Core Processor","","","","0","0","","","37.0","0","OPENBLAS_NUM_THREADS=20; e2e_host_memcpy=1; e2e_bw=mixed","0.06604635761589404","1,8346210448859456e-08","0.0011949227373068434","0","0","0.0","","0.0","0.0","8,310833333333334e-06","DE","0,09997","8,308340083333334e-07","0,07830997222222223","6,50821127476852e-07","0,1002","8,327455e-07","0,09501313888888888","7,896383617824074e-07","0,1002","8,327455e-07","0,09501313888888888","7,896383617824074e-07","0,09997","8,308340083333334e-07","0,07830997222222223","6,50821127476852e-07","0,09997","1,83407065857248e-09","1,4366912306332273e-09","8,308340083333334e-07","0,1002","1,8382902869757174e-09","1,7431310414622678e-09","8,327455e-07","0,1002","1,8382902869757174e-09","1,7431310414622678e-09","8,327455e-07","0,09997","1,83407065857248e-09","1,4366912306332273e-09","8,308340083333334e-07"
"2024-09-13 00:47:06+02:00","rock-tobefilledbyoem","AMD Ryzen Threadripper 3970X 32-Core Processor","0","kernel","1020","1.0","1.0359","1,0359","58,366","56.3","0","reduction","openblas","fp32","0","1020","266","1.0359","58.366","56.3","56.7","24480000000","23.63","kernel","kernel","0","AMD Ryzen Threadripper 3970X 32-Core Processor","","","","0","0","","","37.0","0","OPENBLAS_NUM_THREADS=20; e2e_host_memcpy=1; e2e_bw=mixed","0.05722156862745098","1,589488017429194e-08","0.0010155882352941177","0","0","","","","","1,6212777777777777e-05","DE","0,09997","1,6207913944444445e-06","0,07830997222222223","1,2696221774228397e-06","0,1002","1,6245203333333333e-06","0,09501313888888888","1,5404269067746911e-06","0,1002","1,6245203333333333e-06","0,09501313888888888","1,5404269067746911e-06","0,09997","1,6207913944444445e-06","0,07830997222222223","1,2696221774228397e-06","0,09997","1,5890111710239653e-09","1,2447276249243526e-09","1,6207913944444447e-06","0,1002","1,5926669934640524e-09","1,5102224576222464e-09","1,6245203333333333e-06","0,1002","1,5926669934640524e-09","1,5102224576222464e-09","1,6245203333333333e-06","0,09997","1,5890111710239653e-09","1,2447276249243526e-09","1,6207913944444447e-06"
"2024-09-13 00:47:06+02:00","rock-tobefilledbyoem","AMD Ryzen Threadripper 3970X 32-Core Processor","0","e2e","266","1.0","1.0359","0,5892","33,391","56.7","0","reduction","openblas","fp32","0","1020","266","1.0359","58.366","56.3","56.7","3192000000","5.42","e2e","e2e","0","AMD Ryzen Threadripper 3970X 32-Core Processor","","","","0","0","","","37.0","0","OPENBLAS_NUM_THREADS=20; e2e_host_memcpy=1; e2e_bw=mixed","0.1255300751879699","3,486946532999164e-08","0.0022150375939849623","0","0","0.0","","0.0","0.0","9,275277777777778e-06","DE","0,09997","9,272495194444445e-07","0,07830997222222223","7,26346745131173e-07","0,1002","9,293828333333333e-07","0,09501313888888888","8,812732557330245e-07","0,1002","9,293828333333333e-07","0,09501313888888888","8,812732557330245e-07","0,09997","9,272495194444445e-07","0,07830997222222223","7,26346745131173e-07","0,09997","3,4859004490392643e-09","2,7306268613953865e-09","9,272495194444443e-07","0,1002","3,493920426065162e-09","3,3130573523797913e-09","9,293828333333331e-07","0,1002","3,493920426065162e-09","3,3130573523797913e-09","9,293828333333331e-07","0,09997","3,4859004490392643e-09","2,7306268613953865e-09","9,272495194444443e-07"
"2024-09-13 00:47:15+02:00","rock-tobefilledbyoem","AMD Ryzen Threadripper 3970X 32-Core Processor","0","kernel","687","1.0","1.0527","1,0527","59,58","56.6","0","reduction","openblas","fp32","0","687","222","1.0527","59.58","56.6","57.4","21984000000","20.88","kernel","kernel","0","AMD Ryzen Threadripper 3970X 32-Core Processor","","","","0","0","","","37.0","0","OPENBLAS_NUM_THREADS=20; e2e_host_memcpy=1; e2e_bw=mixed","0.08672489082969433","2,4090247452692873e-08","0.0015323144104803493","0","0","","","","","1,655e-05","DE","0,09997","1,6545035e-06","0,07830997222222223","1,296030040277778e-06","0,1002","1,65831e-06","0,09501313888888888","1,5724674486111108e-06","0,1002","1,65831e-06","0,09501313888888888","1,5724674486111108e-06","0,09997","1,6545035e-06","0,07830997222222223","1,296030040277778e-06","0,09997","2,4083020378457066e-09","1,8865066088468386e-09","1,6545035000000004e-06","0,1002","2,4138427947598258e-09","2,2888900270904094e-09","1,6583100000000003e-06","0,1002","2,4138427947598258e-09","2,2888900270904094e-09","1,6583100000000003e-06","0,09997","2,4083020378457066e-09","1,8865066088468386e-09","1,6545035000000004e-06"
"2024-09-13 00:47:15+02:00","rock-tobefilledbyoem","AMD Ryzen Threadripper 3970X 32-Core Processor","0","e2e","222","1.0","1.0527","0,5913","33,955","57.4","0","reduction","openblas","fp32","0","687","222","1.0527","59.58","56.6","57.4","3552000000","6.01","e2e","e2e","0","AMD Ryzen Threadripper 3970X 32-Core Processor","","","","0","0","","","37.0","0","OPENBLAS_NUM_THREADS=20; e2e_host_memcpy=1; e2e_bw=mixed","0.15295045045045044","4,248623623623624e-08","0.0026635135135135136","0","0","0.0","","0.0","0.0","9,431944444444444e-06","DE","0,09997","9,429114861111111e-07","0,07830997222222223","7,386153074459878e-07","0,1002","9,450808333333333e-07","0,09501313888888888","8,961586474922838e-07","0,1002","9,450808333333333e-07","0,09501313888888888","8,961586474922838e-07","0,09997","9,429114861111111e-07","0,07830997222222223","7,386153074459878e-07","0,09997","4,247349036536537e-09","3,3270959794864318e-09","9,429114861111113e-07","0,1002","4,257120870870871e-09","4,036750664379657e-09","9,450808333333334e-07","0,1002","4,257120870870871e-09","4,036750664379657e-09","9,450808333333334e-07","0,09997","4,247349036536537e-09","3,3270959794864318e-09","9,429114861111113e-07"
"2024-09-13 00:47:24+02:00","rock-tobefilledbyoem","AMD Ryzen Threadripper 3970X 32-Core Processor","0","kernel","438","1.0","1.2331","1,2331","70,191","56.9","0","reduction","openblas","fp32","0","438","127","1.2331","70.191","56.9","57.4","21024000000","17.05","kernel","kernel","0","AMD Ryzen Threadripper 3970X 32-Core Processor","","","","0","0","","","36.8","0","OPENBLAS_NUM_THREADS=20; e2e_host_memcpy=1; e2e_bw=mixed","0.16025342465753425","4,45148401826484e-08","0.002815296803652968","0","0","","","","","1,94975e-05","DE","0,09997","1,949165075e-06","0,07830997222222223","1,526848683402778e-06","0,1002","1,9536495000000002e-06","0,09501313888888888","1,8525186754861109e-06","0,1002","1,9536495000000002e-06","0,09501313888888888","1,8525186754861109e-06","0,09997","1,949165075e-06","0,07830997222222223","1,526848683402778e-06","0,09997","4,450148573059361e-09","3,4859558981798583e-09","1,949165075e-06","0,1002","4,46038698630137e-09","4,229494692890664e-09","1,9536495e-06","0,1002","4,46038698630137e-09","4,229494692890664e-09","1,9536495e-06","0,09997","4,450148573059361e-09","3,4859558981798583e-09","1,949165075e-06"
"2024-09-13 00:47:24+02:00","rock-tobefilledbyoem","AMD Ryzen Threadripper 3970X 32-Core Processor","0","e2e","127","1.0","1.2331","0,5549","31,836","57.4","0","reduction","openblas","fp32","0","438","127","1.2331","70.191","56.9","57.4","3048000000","5.49","e2e","e2e","0","AMD Ryzen Threadripper 3970X 32-Core Processor","","","","0","0","","","36.8","0","OPENBLAS_NUM_THREADS=20; e2e_host_memcpy=1; e2e_bw=mixed","0.2506771653543307","6,963254593175853e-08","0.004369291338582677","0","0","0.0","","0.0","0.0","8,843333333333332e-06","DE","0,09997","8,840680333333332e-07","0,07830997222222223","6,925211876851852e-07","0,1002","8,861019999999998e-07","0,09501313888888888","8,402328582407405e-07","0,1002","8,861019999999998e-07","0,09501313888888888","8,402328582407405e-07","0,09997","8,840680333333332e-07","0,07830997222222223","6,925211876851852e-07","0,09997","6,961165616797901e-09","5,452922737678625e-09","8,840680333333334e-07","0,1002","6,9771811023622045e-09","6,616006757801107e-09","8,861019999999999e-07","0,1002","6,9771811023622045e-09","6,616006757801107e-09","8,861019999999999e-07","0,09997","6,961165616797901e-09","5,452922737678625e-09","8,840680333333334e-07"
"2024-09-13 00:47:32+02:00","rock-tobefilledbyoem","AMD Ryzen Threadripper 3970X 32-Core Processor","0","kernel","294","1.0","1.0613","1,0613","60,488","57.0","0","reduction","openblas","fp32","0","294","106","1.0613","60.488","57.0","57.6","18816000000","17.73","kernel","kernel","0","AMD Ryzen Threadripper 3970X 32-Core Processor","","","","0","0","","","36.8","0","OPENBLAS_NUM_THREADS=20; e2e_host_memcpy=1; e2e_bw=mixed","0.20574149659863947","5,71504157218443e-08","0.0036098639455782308","0","0","","","","","1,680222222222222e-05","DE","0,09997","1,6797181555555554e-06","0,07830997222222223","1,3157815554938273e-06","0,1002","1,6835826666666665e-06","0,09501313888888888","1,596431873641975e-06","0,1002","1,6835826666666665e-06","0,09501313888888888","1,596431873641975e-06","0,09997","1,6797181555555554e-06","0,07830997222222223","1,3157815554938273e-06","0,09997","5,713327059712775e-09","4,47544746766608e-09","1,6797181555555559e-06","0,1002","5,7264716553287985e-09","5,4300403865373304e-09","1,6835826666666667e-06","0,1002","5,7264716553287985e-09","5,4300403865373304e-09","1,6835826666666667e-06","0,09997","5,713327059712775e-09","4,47544746766608e-09","1,6797181555555559e-06"
"2024-09-13 00:47:32+02:00","rock-tobefilledbyoem","AMD Ryzen Threadripper 3970X 32-Core Processor","0","e2e","106","1.0","1.0613","0,6027","34,734","57.6","0","reduction","openblas","fp32","0","294","106","1.0613","60.488","57.0","57.6","3392000000","5.63","e2e","e2e","0","AMD Ryzen Threadripper 3970X 32-Core Processor","","","","0","0","","","36.8","0","OPENBLAS_NUM_THREADS=20; e2e_host_memcpy=1; e2e_bw=mixed","0.3276792452830189","9,102201257861637e-08","0.0056858490566037735","0","0","0.0","","0.0","0.0","9,648333333333334e-06","DE","0,09997","9,645438833333334e-07","0,07830997222222223","7,555607153240742e-07","0,1002","9,66763e-07","0,09501313888888888","9,167184350462962e-07","0,1002","9,66763e-07","0,09501313888888888","9,167184350462962e-07","0,09997","9,645438833333334e-07","0,07830997222222223","7,555607153240742e-07","0,09997","9,09947059748428e-09","7,12793127664221e-09","9,645438833333336e-07","0,1002","9,12040566037736e-09","8,648287123078268e-09","9,667630000000003e-07","0,1002","9,12040566037736e-09","8,648287123078268e-09","9,667630000000003e-07","0,09997","9,09947059748428e-09","7,12793127664221e-09","9,645438833333336e-07"
"2024-09-13 00:47:40+02:00","rock-tobefilledbyoem","AMD Ryzen Threadripper 3970X 32-Core Processor","0","kernel","205","1.0","1.0621","1,0621","60,307","56.8","0","reduction","openblas","fp32","0","205","64","1.0621","60.307","56.8","57.3","19680000000","18.53","kernel","kernel","0","AMD Ryzen Threadripper 3970X 32-Core Processor","","","","0","0","","","37.0","0","OPENBLAS_NUM_THREADS=20; e2e_host_memcpy=1; e2e_bw=mixed","0.29418048780487804","8,171680216802169e-08","0.005180975609756098","0","0","","","","","1,6751944444444444e-05","DE","0,09997","1,674691886111111e-06","0,07830997222222223","1,3118443041126544e-06","0,1002","1,6785448333333333e-06","0,09501313888888888","1,5916548241589504e-06","0,1002","1,6785448333333333e-06","0,09501313888888888","1,5916548241589504e-06","0,09997","1,674691886111111e-06","0,07830997222222223","1,3118443041126544e-06","0,09997","8,16922871273713e-09","6,399240507866608e-09","1,6746918861111115e-06","0,1002","8,188023577235772e-09","7,7641698739461e-09","1,6785448333333333e-06","0,1002","8,188023577235772e-09","7,7641698739461e-09","1,6785448333333333e-06","0,09997","8,16922871273713e-09","6,399240507866608e-09","1,6746918861111115e-06"
"2024-09-13 00:47:40+02:00","rock-tobefilledbyoem","AMD Ryzen Threadripper 3970X 32-Core Processor","0","e2e","64","1.0","1.0621","0,5361","30,743","57.3","0","reduction","openblas","fp32","0","205","64","1.0621","60.307","56.8","57.3","3072000000","5.73","e2e","e2e","0","AMD Ryzen Threadripper 3970X 32-Core Processor","","","","0","0","","","37.0","0","OPENBLAS_NUM_THREADS=20; e2e_host_memcpy=1; e2e_bw=mixed","0.480359375","1,3343315972222221e-07","0.0083765625","0","0","0.0","","0.0","0.0","8,539722222222222e-06","DE","0,09997","8,537160305555556e-07","0,07830997222222223","6,687454100077161e-07","0,1002","8,556801666666666e-07","0,09501313888888888","8,113858135725307e-07","0,1002","8,556801666666666e-07","0,09501313888888888","8,113858135725307e-07","0,09997","8,537160305555556e-07","0,07830997222222223","6,687454100077161e-07","0,09997","1,3339312977430556e-08","1,0449147031370564e-08","8,537160305555556e-07","0,1002","1,3370002604166665e-08","1,2677903337070792e-08","8,556801666666666e-07","0,1002","1,3370002604166665e-08","1,2677903337070792e-08","8,556801666666666e-07","0,09997","1,3339312977430556e-08","1,0449147031370564e-08","8,537160305555556e-07"
"2024-09-13 00:47:49+02:00","rock-tobefilledbyoem","AMD Ryzen Threadripper 3970X 32-Core Processor","0","kernel","156","1.0","1.1088","1,1088","62,779","56.6","0","reduction","openblas","fp32","0","156","55","1.1088","62.779","56.6","57.4","19968000000","18.01","kernel","kernel","0","AMD Ryzen Threadripper 3970X 32-Core Processor","","","","0","0","","","37.0","0","OPENBLAS_NUM_THREADS=20; e2e_host_memcpy=1; e2e_bw=mixed","0.4024294871794872","1,1178596866096867e-07","0.007107692307692308","0","0","","","","","1,743861111111111e-05","DE","0,09997","1,743337952777778e-06","0,07830997222222223","1,3656171517052472e-06","0,1002","1,7473488333333333e-06","0,09501313888888888","1,6568971795293208e-06","0,1002","1,7473488333333333e-06","0,09501313888888888","1,6568971795293208e-06","0,09997","1,743337952777778e-06","0,07830997222222223","1,3656171517052472e-06","0,09997","1,1175243287037038e-08","8,753956100674661e-09","1,743337952777778e-06","0,1002","1,1200954059829061e-08","1,0621135766213596e-08","1,7473488333333335e-06","0,1002","1,1200954059829061e-08","1,0621135766213596e-08","1,7473488333333335e-06","0,09997","1,1175243287037038e-08","8,753956100674661e-09","1,743337952777778e-06"
"2024-09-13 00:47:49+02:00","rock-tobefilledbyoem","AMD Ryzen Threadripper 3970X 32-Core Processor","0","e2e","55","1.0","1.1088","0,6196","35,566","57.4","0","reduction","openblas","fp32","0","156","55","1.1088","62.779","56.6","57.4","3520000000","5.68","e2e","e2e","0","AMD Ryzen Threadripper 3970X 32-Core Processor","","","","0","0","","","37.0","0","OPENBLAS_NUM_THREADS=20; e2e_host_memcpy=1; e2e_bw=mixed","0.6466545454545455","1,7962626262626264e-07","0.011265454545454546","0","0","0.0","","0.0","0.0","9,879444444444445e-06","DE","0,09997","9,87648061111111e-07","0,07830997222222223","7,736590200154322e-07","0,1002","9,899203333333333e-07","0,09501313888888888","9,386770271450616e-07","0,1002","9,899203333333333e-07","0,09501313888888888","9,386770271450616e-07","0,09997","9,87648061111111e-07","0,07830997222222223","7,736590200154322e-07","0,09997","1,7957237474747477e-08","1,4066527636644223e-08","9,876480611111113e-07","0,1002","1,7998551515151516e-08","1,7066855039001123e-08","9,899203333333333e-07","0,1002","1,7998551515151516e-08","1,7066855039001123e-08","9,899203333333333e-07","0,09997","1,7957237474747477e-08","1,4066527636644223e-08","9,876480611111113e-07"
"2024-09-13 00:47:57+02:00","rock-tobefilledbyoem","AMD Ryzen Threadripper 3970X 32-Core Processor","0","kernel","104","1.0","1.0554","1,0554","59,688","56.6","0","reduction","openblas","fp32","0","104","32","1.0554","59.688","56.6","57.2","19968000000","18.92","kernel","kernel","0","AMD Ryzen Threadripper 3970X 32-Core Processor","","","","0","0","","","37.0","0","OPENBLAS_NUM_THREADS=20; e2e_host_memcpy=1; e2e_bw=mixed","0.573923076923077","1,5942307692307697e-07","0.010148076923076923","0","0","","","","","1,658e-05","DE","0,09997","1,6575026000000001e-06","0,07830997222222223","1,2983793394444446e-06","0,1002","1,661316e-06","0,09501313888888888","1,5753178427777775e-06","0,1002","1,661316e-06","0,09501313888888888","1,5753178427777775e-06","0,09997","1,6575026000000001e-06","0,07830997222222223","1,2983793394444446e-06","0,09997","1,5937525000000004e-08","1,2484416725427355e-08","1,6575026000000003e-06","0,1002","1,597419230769231e-08","1,5147286949786327e-08","1,6613160000000003e-06","0,1002","1,597419230769231e-08","1,5147286949786327e-08","1,6613160000000003e-06","0,09997","1,5937525000000004e-08","1,2484416725427355e-08","1,6575026000000003e-06"
"2024-09-13 00:47:57+02:00","rock-tobefilledbyoem","AMD Ryzen Threadripper 3970X 32-Core Processor","0","e2e","32","1.0","1.0554","0,5293","30,28","57.2","0","reduction","openblas","fp32","0","104","32","1.0554","59.688","56.6","57.2","3072000000","5.8","e2e","e2e","0","AMD Ryzen Threadripper 3970X 32-Core Processor","","","","0","0","","","37.0","0","OPENBLAS_NUM_THREADS=20; e2e_host_memcpy=1; e2e_bw=mixed","0.94625","2,6284722222222225e-07","0.016540625","0","0","0.0","","0.0","0.0","8,411111111111112e-06","DE","0,09997","8,408587777777779e-07","0,07830997222222223","6,586738774691359e-07","0,1002","8,427933333333334e-07","0,09501313888888888","7,991660682098765e-07","0,1002","8,427933333333334e-07","0,09501313888888888","7,991660682098765e-07","0,09997","8,408587777777779e-07","0,07830997222222223","6,586738774691359e-07","0,09997","2,627683680555556e-08","2,0583558670910497e-08","8,408587777777779e-07","0,1002","2,6337291666666668e-08","2,497393963155864e-08","8,427933333333334e-07","0,1002","2,6337291666666668e-08","2,497393963155864e-08","8,427933333333334e-07","0,09997","2,627683680555556e-08","2,0583558670910497e-08","8,408587777777779e-07"
"2024-09-13 00:48:05+02:00","rock-tobefilledbyoem","AMD Ryzen Threadripper 3970X 32-Core Processor","0","kernel","80","1.0","1.0571","1,0571","59,677","56.5","0","reduction","openblas","fp32","0","80","28","1.0571","59.677","56.5","57.2","20480000000","19.37","kernel","kernel","0","AMD Ryzen Threadripper 3970X 32-Core Processor","","","","0","0","","","37.0","0","OPENBLAS_NUM_THREADS=20; e2e_host_memcpy=1; e2e_bw=mixed","0.7459625","2,0721180555555557e-07","0.01321375","0","0","","","","","1,6576944444444443e-05","DE","0,09997","1,657197136111111e-06","0,07830997222222223","1,2981400589737655e-06","0,1002","1,6610098333333331e-06","0,09501313888888888","1,5750275248533946e-06","0,1002","1,6610098333333331e-06","0,09501313888888888","1,5750275248533946e-06","0,09997","1,657197136111111e-06","0,07830997222222223","1,2981400589737655e-06","0,09997","2,071496420138889e-08","1,622675073717207e-08","1,6571971361111114e-06","0,1002","2,0762622916666666e-08","1,9687844060667435e-08","1,6610098333333334e-06","0,1002","2,0762622916666666e-08","1,9687844060667435e-08","1,6610098333333334e-06","0,09997","2,071496420138889e-08","1,622675073717207e-08","1,6571971361111114e-06"
"2024-09-13 00:48:05+02:00","rock-tobefilledbyoem","AMD Ryzen Threadripper 3970X 32-Core Processor","0","e2e","28","1.0","1.0571","0,6119","34,98","57.2","0","reduction","openblas","fp32","0","80","28","1.0571","59.677","56.5","57.2","3584000000","5.86","e2e","e2e","0","AMD Ryzen Threadripper 3970X 32-Core Processor","","","","0","0","","","37.0","0","OPENBLAS_NUM_THREADS=20; e2e_host_memcpy=1; e2e_bw=mixed","1.249285714285714","3,4702380952380946e-07","0.021853571428571427","0","0","0.0","","0.0","0.0","9,716666666666666e-06","DE","0,09997","9,713751666666666e-07","0,07830997222222223","7,609118967592593e-07","0,1002","9,7361e-07","0,09501313888888888","9,232109995370369e-07","0,1002","9,7361e-07","0,09501313888888888","9,232109995370369e-07","0,09997","9,713751666666666e-07","0,07830997222222223","7,609118967592593e-07","0,09997","3,469197023809523e-08","2,7175424884259257e-08","9,713751666666664e-07","0,1002","3,477178571428571e-08","3,2971821412037025e-08","9,736099999999997e-07","0,1002","3,477178571428571e-08","3,2971821412037025e-08","9,736099999999997e-07","0,09997","3,469197023809523e-08","2,7175424884259257e-08","9,713751666666664e-07"
"2024-09-13 00:48:13+02:00","rock-tobefilledbyoem","AMD Ryzen Threadripper 3970X 32-Core Processor","0","kernel","54","1.0","1.0538","1,0538","59,393","56.4","0","reduction","openblas","fp32","0","54","17","1.0538","59.393","56.4","57.1","20736000000","19.68","kernel","kernel","0","AMD Ryzen Threadripper 3970X 32-Core Processor","","","","0","0","","","37.0","0","OPENBLAS_NUM_THREADS=20; e2e_host_memcpy=1; e2e_bw=mixed","1.0998703703703703","3,055195473251029e-07","0.019514814814814815","0","0","","","","","1,6498055555555555e-05","DE","0,09997","1,649310613888889e-06","0,07830997222222223","1,2919622722762346e-06","0,1002","1,6531051666666666e-06","0,09501313888888888","1,5675320438966046e-06","0,1002","1,6531051666666666e-06","0,09501313888888888","1,5675320438966046e-06","0,09997","1,649310613888889e-06","0,07830997222222223","1,2919622722762346e-06","0,09997","3,054278914609054e-08","2,392522726437472e-08","1,649310613888889e-06","0,1002","3,0613058641975306e-08","2,902837118327046e-08","1,6531051666666666e-06","0,1002","3,0613058641975306e-08","2,902837118327046e-08","1,6531051666666666e-06","0,09997","3,054278914609054e-08","2,392522726437472e-08","1,649310613888889e-06"
"2024-09-13 00:48:13+02:00","rock-tobefilledbyoem","AMD Ryzen Threadripper 3970X 32-Core Processor","0","e2e","17","1.0","1.0538","0,5621","32,067","57.1","0","reduction","openblas","fp32","0","54","17","1.0538","59.393","56.4","57.1","3264000000","5.81","e2e","e2e","0","AMD Ryzen Threadripper 3970X 32-Core Processor","","","","0","0","","","37.0","0","OPENBLAS_NUM_THREADS=20; e2e_host_memcpy=1; e2e_bw=mixed","1.886294117647059","5,239705882352941e-07","0.03306470588235294","0","0","0.0","","0.0","0.0","8,9075e-06","DE","0,09997","8,904827750000001e-07","0,07830997222222223","6,975460775694446e-07","0,1002","8,925315000000001e-07","0,09501313888888888","8,463295346527777e-07","0,1002","8,925315000000001e-07","0,09501313888888888","8,463295346527777e-07","0,09997","8,904827750000001e-07","0,07830997222222223","6,975460775694446e-07","0,09997","5,2381339705882354e-08","4,1032122209967324e-08","8,904827750000001e-07","0,1002","5,250185294117647e-08","4,97840902736928e-08","8,925315000000001e-07","0,1002","5,250185294117647e-08","4,97840902736928e-08","8,925315000000001e-07","0,09997","5,2381339705882354e-08","4,1032122209967324e-08","8,904827750000001e-07"
"2024-09-13 00:48:22+02:00","rock-tobefilledbyoem","AMD Ryzen Threadripper 3970X 32-Core Processor","0","kernel","42","1.0","1.0676","1,0676","60,126","56.3","0","reduction","openblas","fp32","0","42","14","1.0676","60.126","56.3","57.0","21504000000","20.14","kernel","kernel","0","AMD Ryzen Threadripper 3970X 32-Core Processor","","","","0","0","","","37.0","0","OPENBLAS_NUM_THREADS=20; e2e_host_memcpy=1; e2e_bw=mixed","1.4315714285714285","3,9765873015873014e-07","0.025419047619047622","0","0","","","","","1,6701666666666666e-05","DE","0,09997","1,6696656166666667e-06","0,07830997222222223","1,3079070527314815e-06","0,1002","1,673507e-06","0,09501313888888888","1,5868777746759256e-06","0,1002","1,673507e-06","0,09501313888888888","1,5868777746759256e-06","0,09997","1,6696656166666667e-06","0,07830997222222223","1,3079070527314815e-06","0,09997","3,9753943253968256e-08","3,114064411265432e-08","1,6696656166666667e-06","0,1002","3,984540476190476e-08","3,778280415895061e-08","1,673507e-06","0,1002","3,984540476190476e-08","3,778280415895061e-08","1,673507e-06","0,09997","3,9753943253968256e-08","3,114064411265432e-08","1,6696656166666667e-06"
"2024-09-13 00:48:22+02:00","rock-tobefilledbyoem","AMD Ryzen Threadripper 3970X 32-Core Processor","0","e2e","14","1.0","1.0676","0,6036","34,409","57.0","0","reduction","openblas","fp32","0","42","14","1.0676","60.126","56.3","57.0","3584000000","5.94","e2e","e2e","0","AMD Ryzen Threadripper 3970X 32-Core Processor","","","","0","0","","","37.0","0","OPENBLAS_NUM_THREADS=20; e2e_host_memcpy=1; e2e_bw=mixed","2.457785714285714","6,827182539682539e-07","0.043114285714285716","0","0","0.0","","0.0","0.0","9,558055555555555e-06","DE","0,09997","9,555188138888888e-07","0,07830997222222223","7,484910650540124e-07","0,1002","9,577171666666666e-07","0,09501313888888888","9,081408600077159e-07","0,1002","9,577171666666666e-07","0,09501313888888888","9,081408600077159e-07","0,09997","9,555188138888888e-07","0,07830997222222223","7,484910650540124e-07","0,09997","6,825134384920635e-08","5,346364750385803e-08","9,555188138888888e-07","0,1002","6,840836904761904e-08","6,486720428626542e-08","9,577171666666666e-07","0,1002","6,840836904761904e-08","6,486720428626542e-08","9,577171666666666e-07","0,09997","6,825134384920635e-08","5,346364750385803e-08","9,555188138888888e-07"
"2024-09-13 00:48:30+02:00","rock-tobefilledbyoem","AMD Ryzen Threadripper 3970X 32-Core Processor","0","kernel","28","1.0","1.0531","1,0531","59,294","56.3","0","reduction","openblas","fp32","0","28","9","1.0531","59.294","56.3","57.0","21504000000","20.42","kernel","kernel","0","AMD Ryzen Threadripper 3970X 32-Core Processor","","","","0","0","","","37.0","0","OPENBLAS_NUM_THREADS=20; e2e_host_memcpy=1; e2e_bw=mixed","2.117642857142857","5,88234126984127e-07","0.03761071428571428","0","0","","","","","1,6470555555555556e-05","DE","0,09997","1,646561438888889e-06","0,07830997222222223","1,2898087480401236e-06","0,1002","1,6503496666666667e-06","0,09501313888888888","1,5649191825771604e-06","0,1002","1,6503496666666667e-06","0,09501313888888888","1,5649191825771604e-06","0,09997","1,646561438888889e-06","0,07830997222222223","1,2898087480401236e-06","0,09997","5,8805765674603177e-08","4,606459814429013e-08","1,646561438888889e-06","0,1002","5,894105952380952e-08","5,5889970806327154e-08","1,6503496666666667e-06","0,1002","5,894105952380952e-08","5,5889970806327154e-08","1,6503496666666667e-06","0,09997","5,8805765674603177e-08","4,606459814429013e-08","1,646561438888889e-06"
"2024-09-13 00:48:30+02:00","rock-tobefilledbyoem","AMD Ryzen Threadripper 3970X 32-Core Processor","0","e2e","9","1.0","1.0531","0,5795","33,018","57.0","0","reduction","openblas","fp32","0","28","9","1.0531","59.294","56.3","57.0","3456000000","5.96","e2e","e2e","0","AMD Ryzen Threadripper 3970X 32-Core Processor","","","","0","0","","","37.0","0","OPENBLAS_NUM_THREADS=20; e2e_host_memcpy=1; e2e_bw=mixed","3.6686666666666667","1,0190740740740742e-06","0.06438888888888888","0","0","0.0","","0.0","0.0","9,171666666666667e-06","DE","0,09997","9,168915166666668e-07","0,07830997222222223","7,182329618981483e-07","0,1002","9,19001e-07","0,09501313888888888","8,714288388425925e-07","0,1002","9,19001e-07","0,09501313888888888","8,714288388425925e-07","0,09997","9,168915166666668e-07","0,07830997222222223","7,182329618981483e-07","0,09997","1,018768351851852e-07","7,98036624331276e-08","9,168915166666668e-07","0,1002","1,0211122222222224e-07","9,682542653806584e-08","9,190010000000001e-07","0,1002","1,0211122222222224e-07","9,682542653806584e-08","9,190010000000001e-07","0,09997","1,018768351851852e-07","7,98036624331276e-08","9,168915166666668e-07"
"2024-09-13 00:48:39+02:00","rock-tobefilledbyoem","AMD Ryzen Threadripper 3970X 32-Core Processor","0","kernel","21","1.0","1.0506","1,0506","59,078","56.2","0","reduction","openblas","fp32","0","21","7","1.0506","59.078","56.2","57.0","21504000000","20.47","kernel","kernel","0","AMD Ryzen Threadripper 3970X 32-Core Processor","","","","0","0","","","37.2","0","OPENBLAS_NUM_THREADS=20; e2e_host_memcpy=1; e2e_bw=mixed","2.8132380952380953","7,814550264550265e-07","0.05002857142857143","0","0","","","","","1,6410555555555556e-05","DE","0,09997","1,640563238888889e-06","0,07830997222222223","1,2851101497067904e-06","0,1002","1,6443376666666667e-06","0,09501313888888888","1,559218394243827e-06","0,1002","1,6443376666666667e-06","0,09501313888888888","1,559218394243827e-06","0,09997","1,640563238888889e-06","0,07830997222222223","1,2851101497067904e-06","0,09997","7,8122058994709e-08","6,119572141460907e-08","1,640563238888889e-06","0,1002","7,830179365079365e-08","7,424849496399177e-08","1,6443376666666667e-06","0,1002","7,830179365079365e-08","7,424849496399177e-08","1,6443376666666667e-06","0,09997","7,8122058994709e-08","6,119572141460907e-08","1,640563238888889e-06"
"2024-09-13 00:48:39+02:00","rock-tobefilledbyoem","AMD Ryzen Threadripper 3970X 32-Core Processor","0","e2e","7","1.0","1.0506","0,6053","34,476","57.0","0","reduction","openblas","fp32","0","21","7","1.0506","59.078","56.2","57.0","3584000000","5.92","e2e","e2e","0","AMD Ryzen Threadripper 3970X 32-Core Processor","","","","0","0","","","37.2","0","OPENBLAS_NUM_THREADS=20; e2e_host_memcpy=1; e2e_bw=mixed","4.925142857142857","1,3680952380952382e-06","0.08647142857142856","0","0","0.0","","0.0","0.0","9,576666666666666e-06","DE","0,09997","9,573793666666666e-07","0,07830997222222223","7,499485006481482e-07","0,1002","9,595819999999998e-07","0,09501313888888888","9,099091600925924e-07","0,1002","9,595819999999998e-07","0,09501313888888888","9,099091600925924e-07","0,09997","9,573793666666666e-07","0,07830997222222223","7,499485006481482e-07","0,09997","1,3676848095238097e-07","1,0713550009259261e-07","9,573793666666669e-07","0,1002","1,3708314285714286e-07","1,2998702287037036e-07","9,59582e-07","0,1002","1,3708314285714286e-07","1,2998702287037036e-07","9,59582e-07","0,09997","1,3676848095238097e-07","1,0713550009259261e-07","9,573793666666669e-07"
"2024-09-13 00:48:48+02:00","rock-tobefilledbyoem","AMD Ryzen Threadripper 3970X 32-Core Processor","0","kernel","17","1.0","1.0529","1,0529","59,241","56.3","0","reduction","openblas","fp32","0","17","7","1.0529","59.241","56.3","56.9","21760000000","20.67","kernel","kernel","0","AMD Ryzen Threadripper 3970X 32-Core Processor","","","","0","0","","","37.1","0","OPENBLAS_NUM_THREADS=20; e2e_host_memcpy=1; e2e_bw=mixed","3.4847647058823528","9,679901960784311e-07","0.061935294117647054","0","0","","","","","1,6455833333333333e-05","DE","0,09997","1,6450896583333334e-06","0,07830997222222223","1,288655851226852e-06","0,1002","1,6488744999999998e-06","0,09501313888888888","1,5635203780324072e-06","0,1002","1,6488744999999998e-06","0,09501313888888888","1,5635203780324072e-06","0,09997","1,6450896583333334e-06","0,07830997222222223","1,288655851226852e-06","0,09997","9,676997990196076e-08","7,580328536628539e-08","1,645089658333333e-06","0,1002","9,699261764705879e-08","9,197178694308275e-08","1,6488744999999994e-06","0,1002","9,699261764705879e-08","9,197178694308275e-08","1,6488744999999994e-06","0,09997","9,676997990196076e-08","7,580328536628539e-08","1,645089658333333e-06"
"2024-09-13 00:48:48+02:00","rock-tobefilledbyoem","AMD Ryzen Threadripper 3970X 32-Core Processor","0","e2e","7","1.0","1.0529","0,7466","42,514","56.9","0","reduction","openblas","fp32","0","17","7","1.0529","59.241","56.3","56.9","4480000000","6.0","e2e","e2e","0","AMD Ryzen Threadripper 3970X 32-Core Processor","","","","0","0","","","37.1","0","OPENBLAS_NUM_THREADS=20; e2e_host_memcpy=1; e2e_bw=mixed","6.073428571428572","1,687063492063492e-06","0.10665714285714287","0","0","0.0","","0.0","0.0","1,1809444444444445e-05","DE","0,09997","1,1805901611111112e-06","0,07830997222222223","9,247972664043212e-07","0,1002","1,1833063333333333e-06","0,09501313888888888","1,1220523852006172e-06","0,1002","1,1833063333333333e-06","0,09501313888888888","1,1220523852006172e-06","0,09997","1,1805901611111112e-06","0,07830997222222223","9,247972664043212e-07","0,09997","1,686557373015873e-07","1,321138952006173e-07","1,180590161111111e-06","0,1002","1,690437619047619e-07","1,6029319788580243e-07","1,1833063333333333e-06","0,1002","1,690437619047619e-07","1,6029319788580243e-07","1,1833063333333333e-06","0,09997","1,686557373015873e-07","1,321138952006173e-07","1,180590161111111e-06"
"2024-09-13 00:48:58+02:00","rock-tobefilledbyoem","AMD Ryzen Threadripper 3970X 32-Core Processor","0","kernel","15","1.0","1.1126","1,1126","62,621","56.3","0","reduction","openblas","fp32","0","15","6","1.1126","62.621","56.3","57.0","23040000000","20.71","kernel","kernel","0","AMD Ryzen Threadripper 3970X 32-Core Processor","","","","0","0","","","37.2","0","OPENBLAS_NUM_THREADS=20; e2e_host_memcpy=1; e2e_bw=mixed","4.174733333333333","1,159648148148148e-06","0.07417333333333334","0","0","","","","","1,7394722222222222e-05","DE","0,09997","1,7389503805555556e-06","0,07830997222222223","1,362180214035494e-06","0,1002","1,7429511666666666e-06","0,09501313888888888","1,6527271584336418e-06","0,1002","1,7429511666666666e-06","0,09501313888888888","1,6527271584336418e-06","0,09997","1,7389503805555556e-06","0,07830997222222223","1,362180214035494e-06","0,09997","1,1593002537037036e-07","9,081201426903293e-08","1,7389503805555554e-06","0,1002","1,1619674444444442e-07","1,1018181056224277e-07","1,7429511666666664e-06","0,1002","1,1619674444444442e-07","1,1018181056224277e-07","1,7429511666666664e-06","0,09997","1,1593002537037036e-07","9,081201426903293e-08","1,7389503805555554e-06"
"2024-09-13 00:48:58+02:00","rock-tobefilledbyoem","AMD Ryzen Threadripper 3970X 32-Core Processor","0","e2e","6","1.0","1.1126","0,7665","43,668","57.0","0","reduction","openblas","fp32","0","15","6","1.1126","62.621","56.3","57.0","4608000000","6.01","e2e","e2e","0","AMD Ryzen Threadripper 3970X 32-Core Processor","","","","0","0","","","37.2","0","OPENBLAS_NUM_THREADS=20; e2e_host_memcpy=1; e2e_bw=mixed","7.278","2,0216666666666667e-06","0.12775","0","0","0.0","","0.0","0.0","1,2129999999999999e-05","DE","0,09997","1,2126361e-06","0,07830997222222223","9,498999630555556e-07","0,1002","1,215426e-06","0,09501313888888888","1,152509374722222e-06","0,1002","1,215426e-06","0,09501313888888888","1,152509374722222e-06","0,09997","1,2126361e-06","0,07830997222222223","9,498999630555556e-07","0,09997","2,0210601666666668e-07","1,5831666050925927e-07","1,2126361000000001e-06","0,1002","2,02571e-07","1,92084895787037e-07","1,215426e-06","0,1002","2,02571e-07","1,92084895787037e-07","1,215426e-06","0,09997","2,0210601666666668e-07","1,5831666050925927e-07","1,2126361000000001e-06"
"2024-09-13 00:49:08+02:00","rock-tobefilledbyoem","AMD Ryzen Threadripper 3970X 32-Core Processor","0","kernel","11","1.0","1.0836","1,0836","61,042","56.3","0","reduction","openblas","fp32","0","11","4","1.0836","61.042","56.3","57.0","22528000000","20.79","kernel","kernel","0","AMD Ryzen Threadripper 3970X 32-Core Processor","","","","0","0","","","37.2","0","OPENBLAS_NUM_THREADS=20; e2e_host_memcpy=1; e2e_bw=mixed","5.549272727272728","1,5414646464646463e-06","0.0985090909090909","0","0","","","","","1,695611111111111e-05","DE","0,09997","1,6951024277777777e-06","0,07830997222222223","1,3278325901080247e-06","0,1002","1,6990023333333334e-06","0,09501313888888888","1,611053340015432e-06","0,1002","1,6990023333333334e-06","0,09501313888888888","1,611053340015432e-06","0,09997","1,6951024277777777e-06","0,07830997222222223","1,3278325901080247e-06","0,09997","1,541002207070707e-07","1,2071205364618408e-07","1,6951024277777775e-06","0,1002","1,5445475757575755e-07","1,4645939454685744e-07","1,6990023333333331e-06","0,1002","1,5445475757575755e-07","1,4645939454685744e-07","1,6990023333333331e-06","0,09997","1,541002207070707e-07","1,2071205364618408e-07","1,6951024277777775e-06"
"2024-09-13 00:49:08+02:00","rock-tobefilledbyoem","AMD Ryzen Threadripper 3970X 32-Core Processor","0","e2e","4","1.0","1.0836","0,6793","38,708","57.0","0","reduction","openblas","fp32","0","11","4","1.0836","61.042","56.3","57.0","4096000000","6.03","e2e","e2e","0","AMD Ryzen Threadripper 3970X 32-Core Processor","","","","0","0","","","37.2","0","OPENBLAS_NUM_THREADS=20; e2e_host_memcpy=1; e2e_bw=mixed","9.677","2,6880555555555557e-06","0.169825","0","0","0.0","","0.0","0.0","1,0752222222222221e-05","DE","0,09997","1,0748996555555556e-06","0,07830997222222223","8,420062235493828e-07","0,1002","1,0773726666666666e-06","0,09501313888888888","1,0216023833641972e-06","0,1002","1,0773726666666666e-06","0,09501313888888888","1,0216023833641972e-06","0,09997","1,0748996555555556e-06","0,07830997222222223","8,420062235493828e-07","0,09997","2,6872491388888894e-07","2,1050155588734572e-07","1,0748996555555558e-06","0,1002","2,693431666666667e-07","2,5540059584104936e-07","1,0773726666666668e-06","0,1002","2,693431666666667e-07","2,5540059584104936e-07","1,0773726666666668e-06","0,09997","2,6872491388888894e-07","2,1050155588734572e-07","1,0748996555555558e-06"
"2024-09-13 00:49:19+02:00","rock-tobefilledbyoem","AMD Ryzen Threadripper 3970X 32-Core Processor","0","kernel","8","1.0","1.1793","1,1793","66,366","56.3","0","reduction","openblas","fp32","0","8","3","1.1793","66.366","56.3","57.0","24576000000","20.84","kernel","kernel","0","AMD Ryzen Threadripper 3970X 32-Core Processor","","","","0","0","","","37.2","0","OPENBLAS_NUM_THREADS=20; e2e_host_memcpy=1; e2e_bw=mixed","8.29575","2,304375e-06","0.1474125","0","0","","","","","1,8435e-05","DE","0,09997","1,84294695e-06","0,07830997222222223","1,4436443379166667e-06","0,1002","1,847187e-06","0,09501313888888888","1,7515672154166664e-06","0,1002","1,847187e-06","0,09501313888888888","1,7515672154166664e-06","0,09997","1,84294695e-06","0,07830997222222223","1,4436443379166667e-06","0,09997","2,3036836875e-07","1,8045554223958334e-07","1,84294695e-06","0,1002","2,30898375e-07","2,189459019270833e-07","1,847187e-06","0,1002","2,30898375e-07","2,189459019270833e-07","1,847187e-06","0,09997","2,3036836875e-07","1,8045554223958334e-07","1,84294695e-06"
"2024-09-13 00:49:19+02:00","rock-tobefilledbyoem","AMD Ryzen Threadripper 3970X 32-Core Processor","0","e2e","3","1.0","1.1793","0,7616","43,39","57.0","0","reduction","openblas","fp32","0","8","3","1.1793","66.366","56.3","57.0","4608000000","6.05","e2e","e2e","0","AMD Ryzen Threadripper 3970X 32-Core Processor","","","","0","0","","","37.2","0","OPENBLAS_NUM_THREADS=20; e2e_host_memcpy=1; e2e_bw=mixed","14.463333333333333","4,017592592592592e-06","0.2538666666666667","0","0","0.0","","0.0","0.0","1,2052777777777778e-05","DE","0,09997","1,2049161944444445e-06","0,07830997222222223","9,438526929783952e-07","0,1002","1,2076883333333333e-06","0,09501313888888888","1,1451722489969135e-06","0,1002","1,2076883333333333e-06","0,09501313888888888","1,1451722489969135e-06","0,09997","1,2049161944444445e-06","0,07830997222222223","9,438526929783952e-07","0,09997","4,0163873148148147e-07","3,146175643261317e-07","1,2049161944444443e-06","0,1002","4,025627777777777e-07","3,817240829989711e-07","1,2076883333333331e-06","0,1002","4,025627777777777e-07","3,817240829989711e-07","1,2076883333333331e-06","0,09997","4,0163873148148147e-07","3,146175643261317e-07","1,2049161944444443e-06"
"2024-09-13 00:49:46+02:00","rock-tobefilledbyoem","AMD Ryzen Threadripper 3970X 32-Core Processor","0","kernel","9720","1.0","0.8538","0,8538","47,56","55.7","1","reduction","openblas","fp32","0","9720","492","0.8538","47.56","55.7","55.1","77760000000","91.08","kernel","kernel","0","AMD Ryzen Threadripper 3970X 32-Core Processor","","","","0","0","","","39.4","0","OPENBLAS_NUM_THREADS=20; e2e_host_memcpy=1; e2e_bw=mixed","0.004893004115226337","1,3591678097850934e-09","8.783950617283951e-05","0","0","","","","","1,3211111111111112e-05","DE","0,09997","1,3207147777777779e-06","0,07830997222222223","1,0345617441358026e-06","0,1002","1,3237533333333335e-06","0,09501313888888888","1,255229134876543e-06","0,1002","1,3237533333333335e-06","0,09501313888888888","1,255229134876543e-06","0,09997","1,3207147777777779e-06","0,07830997222222223","1,0345617441358026e-06","0,09997","1,358760059442158e-10","1,064363934296093e-10","1,3207147777777777e-06","0,1002","1,3618861454046636e-10","1,2913879988441799e-10","1,323753333333333e-06","0,1002","1,3618861454046636e-10","1,2913879988441799e-10","1,323753333333333e-06","0,09997","1,358760059442158e-10","1,064363934296093e-10","1,3207147777777777e-06"
"2024-09-13 00:49:46+02:00","rock-tobefilledbyoem","AMD Ryzen Threadripper 3970X 32-Core Processor","0","e2e","492","1.0","0.8538","0,0984","5,422","55.1","1","reduction","openblas","fp32","0","9720","492","0.8538","47.56","55.7","55.1","1968000000","20.0","e2e","e2e","0","AMD Ryzen Threadripper 3970X 32-Core Processor","","","","0","0","","","39.4","0","OPENBLAS_NUM_THREADS=20; e2e_host_memcpy=1; e2e_bw=mixed","0.011020325203252032","3,0612014453477867e-09","0.0002","0","0","0.0","","0.0","0.0","1,506111111111111e-06","DE","0,09997","1,5056592777777779e-07","0,07830997222222223","1,1794351927469137e-07","0,1002","1,5091233333333334e-07","0,09501313888888888","1,4310034418209875e-07","0,1002","1,5091233333333334e-07","0,09501313888888888","1,4310034418209875e-07","0,09997","1,5056592777777779e-07","0,07830997222222223","1,1794351927469137e-07","0,09997","3,0602830849141824e-10","2,397226001518117e-10","1,5056592777777779e-07","0,1002","3,0673238482384823e-10","2,9085435809369664e-10","1,5091233333333334e-07","0,1002","3,0673238482384823e-10","2,9085435809369664e-10","1,5091233333333334e-07","0,09997","3,0602830849141824e-10","2,397226001518117e-10","1,5056592777777779e-07"
"2024-09-13 00:49:53+02:00","rock-tobefilledbyoem","AMD Ryzen Threadripper 3970X 32-Core Processor","0","kernel","5058","1.0","0.9221","0,9221","50,415","54.7","1","reduction","openblas","fp32","0","5058","608","0.9221","50.415","54.7","54.5","60696000000","65.82","kernel","kernel","0","AMD Ryzen Threadripper 3970X 32-Core Processor","","","","0","0","","","38.4","0","OPENBLAS_NUM_THREADS=20; e2e_host_memcpy=1; e2e_bw=mixed","0.00996737841043891","2,7687162251219194e-09","0.00018230525899565046","0","0","","","","","1,4004166666666667e-05","DE","0,09997","1,3999965416666668e-06","0,07830997222222223","1,0966659026620371e-06","0,1002","1,4032175e-06","0,09501313888888888","1,330579832523148e-06","0,1002","1,4032175e-06","0,09501313888888888","1,330579832523148e-06","0,09997","1,3999965416666668e-06","0,07830997222222223","1,0966659026620371e-06","0,09997","2,767885610254383e-10","2,168180906805135e-10","1,399996541666667e-06","0,1002","2,774253657572163e-10","2,6306441924142907e-10","1,4032175000000001e-06","0,1002","2,774253657572163e-10","2,6306441924142907e-10","1,4032175000000001e-06","0,09997","2,767885610254383e-10","2,168180906805135e-10","1,399996541666667e-06"
"2024-09-13 00:49:53+02:00","rock-tobefilledbyoem","AMD Ryzen Threadripper 3970X 32-Core Processor","0","e2e","608","1.0","0.9221","0,424","23,102","54.5","1","reduction","openblas","fp32","0","5058","608","0.9221","50.415","54.7","54.5","3648000000","8.6","e2e","e2e","0","AMD Ryzen Threadripper 3970X 32-Core Processor","","","","0","0","","","38.4","0","OPENBLAS_NUM_THREADS=20; e2e_host_memcpy=1; e2e_bw=mixed","0.03799671052631579","1,0554641812865498e-08","0.0006973684210526315","0","0","0.0","","0.0","0.0","6,417222222222222e-06","DE","0,09997","6,415297055555556e-07","0,07830997222222223","5,025324939660494e-07","0,1002","6,430056666666666e-07","0,09501313888888888","6,097204262808641e-07","0,1002","6,430056666666666e-07","0,09501313888888888","6,097204262808641e-07","0,09997","6,415297055555556e-07","0,07830997222222223","5,025324939660494e-07","0,09997","1,0551475420321638e-09","8,265337071810025e-10","6,415297055555556e-07","0,1002","1,057575109649123e-09","1,0028296484882634e-09","6,430056666666667e-07","0,1002","1,057575109649123e-09","1,0028296484882634e-09","6,430056666666667e-07","0,09997","1,0551475420321638e-09","8,265337071810025e-10","6,415297055555556e-07"
"2024-09-13 00:50:01+02:00","rock-tobefilledbyoem","AMD Ryzen Threadripper 3970X 32-Core Processor","0","kernel","2290","1.0","0.9253","0,9253","51,264","55.4","1","reduction","openblas","fp32","0","2290","462","0.9253","51.264","55.4","55.8","36640000000","39.6","kernel","kernel","0","AMD Ryzen Threadripper 3970X 32-Core Processor","","","","0","0","","","37.4","0","OPENBLAS_NUM_THREADS=20; e2e_host_memcpy=1; e2e_bw=mixed","0.022386026200873363","6,2183406113537116e-09","0.00040406113537117905","0","0","","","","","1,4240000000000001e-05","DE","0,09997","1,4235728000000002e-06","0,07830997222222223","1,1151340044444446e-06","0,1002","1,426848e-06","0,09501313888888888","1,3529870977777777e-06","0,1002","1,426848e-06","0,09501313888888888","1,3529870977777777e-06","0,09997","1,4235728000000002e-06","0,07830997222222223","1,1151340044444446e-06","0,09997","6,216475109170306e-10","4,869580805434256e-10","1,4235728e-06","0,1002","6,230777292576419e-10","5,908240601649684e-10","1,4268479999999999e-06","0,1002","6,230777292576419e-10","5,908240601649684e-10","1,4268479999999999e-06","0,09997","6,216475109170306e-10","4,869580805434256e-10","1,4235728e-06"
"2024-09-13 00:50:01+02:00","rock-tobefilledbyoem","AMD Ryzen Threadripper 3970X 32-Core Processor","0","e2e","462","1.0","0.9253","0,544","30,377","55.8","1","reduction","openblas","fp32","0","2290","462","0.9253","51.264","55.4","55.8","3696000000","6.79","e2e","e2e","0","AMD Ryzen Threadripper 3970X 32-Core Processor","","","","0","0","","","37.4","0","OPENBLAS_NUM_THREADS=20; e2e_host_memcpy=1; e2e_bw=mixed","0.06575108225108225","1,826418951418952e-08","0.0011774891774891775","0","0","0.0","","0.0","0.0","8,438055555555556e-06","DE","0,09997","8,435524138888889e-07","0,07830997222222223","6,607838961651236e-07","0,1002","8,454931666666667e-07","0,09501313888888888","8,017261444521604e-07","0,1002","8,454931666666667e-07","0,09501313888888888","8,017261444521604e-07","0,09997","8,435524138888889e-07","0,07830997222222223","6,607838961651236e-07","0,09997","1,8258710257335263e-09","1,4302681735175839e-09","8,435524138888892e-07","0,1002","1,8300717893217898e-09","1,7353379750046766e-09","8,454931666666669e-07","0,1002","1,8300717893217898e-09","1,7353379750046766e-09","8,454931666666669e-07","0,09997","1,8258710257335263e-09","1,4302681735175839e-09","8,435524138888892e-07"
"2024-09-13 00:50:09+02:00","rock-tobefilledbyoem","AMD Ryzen Threadripper 3970X 32-Core Processor","0","kernel","990","1.0","1.0266","1,0266","57,676","56.2","0","reduction","openblas","fp32","0","990","261","1.0266","57.676","56.2","56.5","23760000000","23.14","kernel","kernel","0","AMD Ryzen Threadripper 3970X 32-Core Processor","","","","0","0","","","37.2","0","OPENBLAS_NUM_THREADS=20; e2e_host_memcpy=1; e2e_bw=mixed","0.058258585858585864","1,618294051627385e-08","0.001036969696969697","0","0","","","","","1,602111111111111e-05","DE","0,09997","1,6016304777777778e-06","0,07830997222222223","1,254612766080247e-06","0,1002","1,6053153333333332e-06","0,09501313888888888","1,5222160551543206e-06","0,1002","1,6053153333333332e-06","0,09501313888888888","1,5222160551543206e-06","0,09997","1,6016304777777778e-06","0,07830997222222223","1,254612766080247e-06","0,09997","1,617808563411897e-09","1,26728562230328e-09","1,601630477777778e-06","0,1002","1,6215306397306398e-09","1,5375919749033546e-09","1,6053153333333334e-06","0,1002","1,6215306397306398e-09","1,5375919749033546e-09","1,6053153333333334e-06","0,09997","1,617808563411897e-09","1,26728562230328e-09","1,601630477777778e-06"
"2024-09-13 00:50:09+02:00","rock-tobefilledbyoem","AMD Ryzen Threadripper 3970X 32-Core Processor","0","e2e","261","1.0","1.0266","0,596","33,684","56.5","0","reduction","openblas","fp32","0","990","261","1.0266","57.676","56.2","56.5","3132000000","5.25","e2e","e2e","0","AMD Ryzen Threadripper 3970X 32-Core Processor","","","","0","0","","","37.2","0","OPENBLAS_NUM_THREADS=20; e2e_host_memcpy=1; e2e_bw=mixed","0.1290574712643678","3,5849297573435506e-08","0.0022835249042145594","0","0","0.0","","0.0","0.0","9,356666666666666e-06","DE","0,09997","9,353859666666667e-07","0,07830997222222223","7,327203067592593e-07","0,1002","9,375379999999999e-07","0,09501313888888888","8,890062695370368e-07","0,1002","9,375379999999999e-07","0,09501313888888888","8,890062695370368e-07","0,09997","9,353859666666667e-07","0,07830997222222223","7,327203067592593e-07","0,09997","3,5838542784163476e-09","2,8073574971619133e-09","9,353859666666667e-07","0,1002","3,5920996168582377e-09","3,406154289413935e-09","9,37538e-07","0,1002","3,5920996168582377e-09","3,406154289413935e-09","9,37538e-07","0,09997","3,5838542784163476e-09","2,8073574971619133e-09","9,353859666666667e-07"
"2024-09-13 00:50:17+02:00","rock-tobefilledbyoem","AMD Ryzen Threadripper 3970X 32-Core Processor","0","kernel","641","1.0","1.0397","1,0397","59,159","56.9","0","reduction","openblas","fp32","0","641","224","1.0397","59.159","56.9","57.7","20512000000","19.73","kernel","kernel","0","AMD Ryzen Threadripper 3970X 32-Core Processor","","","","0","0","","","37.2","0","OPENBLAS_NUM_THREADS=20; e2e_host_memcpy=1; e2e_bw=mixed","0.09229173166926677","2,563659213035188e-08","0.0016219968798751952","0","0","","","","","1,6433055555555555e-05","DE","0,09997","1,6428125638888888e-06","0,07830997222222223","1,2868721240817901e-06","0,1002","1,6465921666666666e-06","0,09501313888888888","1,5613561898688269e-06","0,1002","1,6465921666666666e-06","0,09501313888888888","1,5613561898688269e-06","0,09997","1,6428125638888888e-06","0,07830997222222223","1,2868721240817901e-06","0,09997","2,562890115271278e-09","2,007600817600297e-09","1,6428125638888892e-06","0,1002","2,5687865314612582e-09","2,435813088718919e-09","1,6465921666666666e-06","0,1002","2,5687865314612582e-09","2,435813088718919e-09","1,6465921666666666e-06","0,09997","2,562890115271278e-09","2,007600817600297e-09","1,6428125638888892e-06"
"2024-09-13 00:50:17+02:00","rock-tobefilledbyoem","AMD Ryzen Threadripper 3970X 32-Core Processor","0","e2e","224","1.0","1.0397","0,6104","35,203","57.7","0","reduction","openblas","fp32","0","641","224","1.0397","59.159","56.9","57.7","3584000000","5.87","e2e","e2e","0","AMD Ryzen Threadripper 3970X 32-Core Processor","","","","0","0","","","37.2","0","OPENBLAS_NUM_THREADS=20; e2e_host_memcpy=1; e2e_bw=mixed","0.15715625000000003","4,36545138888889e-08","0.0027250000000000004","0","0","0.0","","0.0","0.0","9,778611111111112e-06","DE","0,09997","9,77567752777778e-07","0,07830997222222223","7,657627644830248e-07","0,1002","9,798168333333334e-07","0,09501313888888888","9,29096535640432e-07","0,1002","9,798168333333334e-07","0,09501313888888888","9,29096535640432e-07","0,09997","9,77567752777778e-07","0,07830997222222223","7,657627644830248e-07","0,09997","4,364141753472223e-09","3,418583770013504e-09","9,77567752777778e-07","0,1002","4,3741822916666676e-09","4,1477523912519296e-09","9,798168333333336e-07","0,1002","4,3741822916666676e-09","4,1477523912519296e-09","9,798168333333336e-07","0,09997","4,364141753472223e-09","3,418583770013504e-09","9,77567752777778e-07"
"2024-09-13 00:50:25+02:00","rock-tobefilledbyoem","AMD Ryzen Threadripper 3970X 32-Core Processor","0","kernel","410","1.0","1.043","1,043","59,301","56.9","0","reduction","openblas","fp32","0","410","128","1.043","59.301","56.9","57.6","19680000000","18.87","kernel","kernel","0","AMD Ryzen Threadripper 3970X 32-Core Processor","","","","0","0","","","37.2","0","OPENBLAS_NUM_THREADS=20; e2e_host_memcpy=1; e2e_bw=mixed","0.14463658536585366","4,017682926829268e-08","0.00254390243902439","0","0","","","","","1,6472500000000002e-05","DE","0,09997","1,6467558250000002e-06","0,07830997222222223","1,2899610174305558e-06","0,1002","1,6505445000000002e-06","0,09501313888888888","1,5651039303472222e-06","0,1002","1,6505445000000002e-06","0,09501313888888888","1,5651039303472222e-06","0,09997","1,6467558250000002e-06","0,07830997222222223","1,2899610174305558e-06","0,09997","4,01647762195122e-09","3,1462463839769652e-09","1,646755825e-06","0,1002","4,025718292682927e-09","3,8173266593834685e-09","1,6505445e-06","0,1002","4,025718292682927e-09","3,8173266593834685e-09","1,6505445e-06","0,09997","4,01647762195122e-09","3,1462463839769652e-09","1,646755825e-06"
"2024-09-13 00:50:25+02:00","rock-tobefilledbyoem","AMD Ryzen Threadripper 3970X 32-Core Processor","0","e2e","128","1.0","1.043","0,5292","30,473","57.6","0","reduction","openblas","fp32","0","410","128","1.043","59.301","56.9","57.6","3072000000","5.8","e2e","e2e","0","AMD Ryzen Threadripper 3970X 32-Core Processor","","","","0","0","","","37.2","0","OPENBLAS_NUM_THREADS=20; e2e_host_memcpy=1; e2e_bw=mixed","0.2380703125","6,61306423611111e-08","0.004134375","0","0","0.0","","0.0","0.0","8,464722222222222e-06","DE","0,09997","8,462182805555555e-07","0,07830997222222223","6,628721620910494e-07","0,1002","8,481651666666665e-07","0,09501313888888888","8,042598281558641e-07","0,1002","8,481651666666665e-07","0,09501313888888888","8,042598281558641e-07","0,09997","8,462182805555555e-07","0,07830997222222223","6,628721620910494e-07","0,09997","6,611080316840278e-09","5,178688766336324e-09","8,462182805555555e-07","0,1002","6,626290364583332e-09","6,283279907467688e-09","8,481651666666665e-07","0,1002","6,626290364583332e-09","6,283279907467688e-09","8,481651666666665e-07","0,09997","6,611080316840278e-09","5,178688766336324e-09","8,462182805555555e-07"
"2024-09-13 00:50:33+02:00","rock-tobefilledbyoem","AMD Ryzen Threadripper 3970X 32-Core Processor","0","kernel","320","1.0","1.0573","1,0573","59,965","56.7","0","reduction","openblas","fp32","0","320","111","1.0573","59.965","56.7","57.5","20480000000","19.37","kernel","kernel","0","AMD Ryzen Threadripper 3970X 32-Core Processor","","","","0","0","","","37.2","0","OPENBLAS_NUM_THREADS=20; e2e_host_memcpy=1; e2e_bw=mixed","0.187390625","5,20529513888889e-08","0.0033040624999999997","0","0","","","","","1,6656944444444445e-05","DE","0,09997","1,6651947361111112e-06","0,07830997222222223","1,3044048567515435e-06","0,1002","1,6690258333333333e-06","0,09501313888888888","1,5826285759645061e-06","0,1002","1,6690258333333333e-06","0,09501313888888888","1,5826285759645061e-06","0,09997","1,6651947361111112e-06","0,07830997222222223","1,3044048567515435e-06","0,09997","5,203733550347223e-09","4,0762651773485735e-09","1,6651947361111114e-06","0,1002","5,215705729166667e-09","4,945714299889082e-09","1,6690258333333333e-06","0,1002","5,215705729166667e-09","4,945714299889082e-09","1,6690258333333333e-06","0,09997","5,203733550347223e-09","4,0762651773485735e-09","1,6651947361111114e-06"
"2024-09-13 00:50:33+02:00","rock-tobefilledbyoem","AMD Ryzen Threadripper 3970X 32-Core Processor","0","e2e","111","1.0","1.0573","0,6053","34,793","57.5","0","reduction","openblas","fp32","0","320","111","1.0573","59.965","56.7","57.5","3552000000","5.87","e2e","e2e","0","AMD Ryzen Threadripper 3970X 32-Core Processor","","","","0","0","","","37.2","0","OPENBLAS_NUM_THREADS=20; e2e_host_memcpy=1; e2e_bw=mixed","0.31345045045045045","8,706956956956958e-08","0.005453153153153153","0","0","0.0","","0.0","0.0","9,664722222222222e-06","DE","0,09997","9,661822805555556e-07","0,07830997222222223","7,568441287577162e-07","0,1002","9,684051666666666e-07","0,09501313888888888","9,182755948225308e-07","0,1002","9,684051666666666e-07","0,09501313888888888","9,182755948225308e-07","0,09997","9,661822805555556e-07","0,07830997222222223","7,568441287577162e-07","0,09997","8,70434486986987e-09","6,81841557439384e-09","9,661822805555556e-07","0,1002","8,724370870870871e-09","8,272753106509287e-09","9,684051666666666e-07","0,1002","8,724370870870871e-09","8,272753106509287e-09","9,684051666666666e-07","0,09997","8,70434486986987e-09","6,81841557439384e-09","9,661822805555556e-07"
"2024-09-13 00:50:41+02:00","rock-tobefilledbyoem","AMD Ryzen Threadripper 3970X 32-Core Processor","0","kernel","221","1.0","1.0675","1,0675","60,532","56.7","0","reduction","openblas","fp32","0","221","65","1.0675","60.532","56.7","57.4","21216000000","19.87","kernel","kernel","0","AMD Ryzen Threadripper 3970X 32-Core Processor","","","","0","0","","","37.2","0","OPENBLAS_NUM_THREADS=20; e2e_host_memcpy=1; e2e_bw=mixed","0.2739004524886878","7,60834590246355e-08","0.004830316742081448","0","0","","","","","1,6814444444444445e-05","DE","0,09997","1,6809400111111113e-06","0,07830997222222223","1,3167386773765435e-06","0,1002","1,6848073333333333e-06","0,09501313888888888","1,597593145339506e-06","0,1002","1,6848073333333333e-06","0,09501313888888888","1,597593145339506e-06","0,09997","1,6809400111111113e-06","0,07830997222222223","1,3167386773765435e-06","0,09997","7,60606339869281e-09","5,958093562789789e-09","1,680940011111111e-06","0,1002","7,623562594268476e-09","7,228928259454778e-09","1,6848073333333333e-06","0,1002","7,623562594268476e-09","7,228928259454778e-09","1,6848073333333333e-06","0,09997","7,60606339869281e-09","5,958093562789789e-09","1,680940011111111e-06"
"2024-09-13 00:50:41+02:00","rock-tobefilledbyoem","AMD Ryzen Threadripper 3970X 32-Core Processor","0","e2e","65","1.0","1.0675","0,5264","30,214","57.4","0","reduction","openblas","fp32","0","221","65","1.0675","60.532","56.7","57.4","3120000000","5.93","e2e","e2e","0","AMD Ryzen Threadripper 3970X 32-Core Processor","","","","0","0","","","37.2","0","OPENBLAS_NUM_THREADS=20; e2e_host_memcpy=1; e2e_bw=mixed","0.4648307692307692","1,291196581196581e-07","0.008098461538461539","0","0","0.0","","0.0","0.0","8,392777777777778e-06","DE","0,09997","8,390259944444444e-07","0,07830997222222223","6,572381946450617e-07","0,1002","8,409563333333333e-07","0,09501313888888888","7,974241606635801e-07","0,1002","8,409563333333333e-07","0,09501313888888888","7,974241606635801e-07","0,09997","8,390259944444444e-07","0,07830997222222223","6,572381946450617e-07","0,09997","1,290809222222222e-08","1,0111356840693258e-08","8,390259944444443e-07","0,1002","1,2937789743589742e-08","1,2268064010208924e-08","8,409563333333333e-07","0,1002","1,2937789743589742e-08","1,2268064010208924e-08","8,409563333333333e-07","0,09997","1,290809222222222e-08","1,0111356840693258e-08","8,390259944444443e-07"
"2024-09-13 00:50:50+02:00","rock-tobefilledbyoem","AMD Ryzen Threadripper 3970X 32-Core Processor","0","kernel","166","1.0","1.0579","1,0579","59,936","56.7","0","reduction","openblas","fp32","0","166","56","1.0579","59.936","56.7","57.3","21248000000","20.09","kernel","kernel","0","AMD Ryzen Threadripper 3970X 32-Core Processor","","","","0","0","","","37.2","0","OPENBLAS_NUM_THREADS=20; e2e_host_memcpy=1; e2e_bw=mixed","0.3610602409638554","1,0029451137884873e-07","0.00637289156626506","0","0","","","","","1,664888888888889e-05","DE","0,09997","1,6643894222222223e-06","0,07830997222222223","1,3037740264197535e-06","0,1002","1,6682186666666667e-06","0,09501313888888888","1,581863192345679e-06","0,1002","1,6682186666666667e-06","0,09501313888888888","1,581863192345679e-06","0,09997","1,6643894222222223e-06","0,07830997222222223","1,3037740264197535e-06","0,09997","1,0026442302543508e-08","7,854060400118996e-09","1,6643894222222223e-06","0,1002","1,0049510040160643e-08","9,5292963394318e-09","1,6682186666666667e-06","0,1002","1,0049510040160643e-08","9,5292963394318e-09","1,6682186666666667e-06","0,09997","1,0026442302543508e-08","7,854060400118996e-09","1,6643894222222223e-06"
"2024-09-13 00:50:50+02:00","rock-tobefilledbyoem","AMD Ryzen Threadripper 3970X 32-Core Processor","0","e2e","56","1.0","1.0579","0,6172","35,358","57.3","0","reduction","openblas","fp32","0","166","56","1.0579","59.936","56.7","57.3","3584000000","5.81","e2e","e2e","0","AMD Ryzen Threadripper 3970X 32-Core Processor","","","","0","0","","","37.2","0","OPENBLAS_NUM_THREADS=20; e2e_host_memcpy=1; e2e_bw=mixed","0.6313928571428571","1,7538690476190476e-07","0.011021428571428571","0","0","0.0","","0.0","0.0","9,821666666666666e-06","DE","0,09997","9,818720166666666e-07","0,07830997222222223","7,691344438425927e-07","0,1002","9,841309999999998e-07","0,09501313888888888","9,331873791203702e-07","0,1002","9,841309999999998e-07","0,09501313888888888","9,331873791203702e-07","0,09997","9,818720166666666e-07","0,07830997222222223","7,691344438425927e-07","0,09997","1,753342886904762e-08","1,3734543640046299e-08","9,818720166666668e-07","0,1002","1,7573767857142855e-08","1,666406034143518e-08","9,841309999999998e-07","0,1002","1,7573767857142855e-08","1,666406034143518e-08","9,841309999999998e-07","0,09997","1,753342886904762e-08","1,3734543640046299e-08","9,818720166666668e-07"
"2024-09-13 00:50:58+02:00","rock-tobefilledbyoem","AMD Ryzen Threadripper 3970X 32-Core Processor","0","kernel","113","1.0","1.0587","1,0587","59,986","56.7","0","reduction","openblas","fp32","0","113","33","1.0587","59.986","56.7","57.4","21696000000","20.49","kernel","kernel","0","AMD Ryzen Threadripper 3970X 32-Core Processor","","","","0","0","","","37.2","0","OPENBLAS_NUM_THREADS=20; e2e_host_memcpy=1; e2e_bw=mixed","0.5308495575221238","1,4745821042281218e-07","0.009369026548672566","0","0","","","","","1,6662777777777778e-05","DE","0,09997","1,6657778944444446e-06","0,07830997222222223","1,3048616649228397e-06","0,1002","1,6696103333333333e-06","0,09501313888888888","1,583182819274691e-06","0,1002","1,6696103333333333e-06","0,09501313888888888","1,583182819274691e-06","0,09997","1,6657778944444446e-06","0,07830997222222223","1,3048616649228397e-06","0,09997","1,4741397295968534e-08","1,1547448362149022e-08","1,6657778944444444e-06","0,1002","1,477531268436578e-08","1,4010467427209656e-08","1,6696103333333333e-06","0,1002","1,477531268436578e-08","1,4010467427209656e-08","1,6696103333333333e-06","0,09997","1,4741397295968534e-08","1,1547448362149022e-08","1,6657778944444444e-06"
"2024-09-13 00:50:58+02:00","rock-tobefilledbyoem","AMD Ryzen Threadripper 3970X 32-Core Processor","0","e2e","33","1.0","1.0587","0,5276","30,298","57.4","0","reduction","openblas","fp32","0","113","33","1.0587","59.986","56.7","57.4","3168000000","6.01","e2e","e2e","0","AMD Ryzen Threadripper 3970X 32-Core Processor","","","","0","0","","","37.2","0","OPENBLAS_NUM_THREADS=20; e2e_host_memcpy=1; e2e_bw=mixed","0.9181212121212121","2,5503367003367004e-07","0.015987878787878787","0","0","0.0","","0.0","0.0","8,416111111111111e-06","DE","0,09997","8,413586277777778e-07","0,07830997222222223","6,59065427330247e-07","0,1002","8,432943333333333e-07","0,09501313888888888","7,996411339043209e-07","0,1002","8,432943333333333e-07","0,09501313888888888","7,996411339043209e-07","0,09997","8,413586277777778e-07","0,07830997222222223","6,59065427330247e-07","0,09997","2,5495715993265993e-08","1,997167961606809e-08","8,413586277777778e-07","0,1002","2,5554373737373737e-08","2,4231549512252148e-08","8,432943333333333e-07","0,1002","2,5554373737373737e-08","2,4231549512252148e-08","8,432943333333333e-07","0,09997","2,5495715993265993e-08","1,997167961606809e-08","8,413586277777778e-07"
"2024-09-13 00:51:06+02:00","rock-tobefilledbyoem","AMD Ryzen Threadripper 3970X 32-Core Processor","0","kernel","85","1.0","1.0571","1,0571","59,879","56.6","0","reduction","openblas","fp32","0","85","28","1.0571","59.879","56.6","57.4","21760000000","20.58","kernel","kernel","0","AMD Ryzen Threadripper 3970X 32-Core Processor","","","","0","0","","","37.2","0","OPENBLAS_NUM_THREADS=20; e2e_host_memcpy=1; e2e_bw=mixed","0.7044588235294117","1,956830065359477e-07","0.012436470588235294","0","0","","","","","1,6633055555555556e-05","DE","0,09997","1,662806563888889e-06","0,07830997222222223","1,3025341185262348e-06","0,1002","1,6666321666666667e-06","0,09501313888888888","1,5803588176466048e-06","0,1002","1,6666321666666667e-06","0,09501313888888888","1,5803588176466048e-06","0,09997","1,662806563888889e-06","0,07830997222222223","1,3025341185262348e-06","0,09997","1,9562430163398692e-08","1,5323930806190997e-08","1,6628065638888888e-06","0,1002","1,9607437254901958e-08","1,8592456678195347e-08","1,6666321666666665e-06","0,1002","1,9607437254901958e-08","1,8592456678195347e-08","1,6666321666666665e-06","0,09997","1,9562430163398692e-08","1,5323930806190997e-08","1,6628065638888888e-06"
"2024-09-13 00:51:06+02:00","rock-tobefilledbyoem","AMD Ryzen Threadripper 3970X 32-Core Processor","0","e2e","28","1.0","1.0571","0,5957","34,205","57.4","0","reduction","openblas","fp32","0","85","28","1.0571","59.879","56.6","57.4","3584000000","6.02","e2e","e2e","0","AMD Ryzen Threadripper 3970X 32-Core Processor","","","","0","0","","","37.2","0","OPENBLAS_NUM_THREADS=20; e2e_host_memcpy=1; e2e_bw=mixed","1.221607142857143","3,393353174603175e-07","0.021275","0","0","0.0","","0.0","0.0","9,501388888888888e-06","DE","0,09997","9,498538472222221e-07","0,07830997222222223","7,440534999614198e-07","0,1002","9,520391666666665e-07","0,09501313888888888","9,027567821373454e-07","0,1002","9,520391666666665e-07","0,09501313888888888","9,027567821373454e-07","0,09997","9,498538472222221e-07","0,07830997222222223","7,440534999614198e-07","0,09997","3,392335168650794e-08","2,6573339284336425e-08","9,498538472222225e-07","0,1002","3,400139880952381e-08","3,2241313647762346e-08","9,520391666666666e-07","0,1002","3,400139880952381e-08","3,2241313647762346e-08","9,520391666666666e-07","0,09997","3,392335168650794e-08","2,6573339284336425e-08","9,498538472222225e-07"
"2024-09-13 00:51:15+02:00","rock-tobefilledbyoem","AMD Ryzen Threadripper 3970X 32-Core Processor","0","kernel","57","1.0","1.08","1,08","61,176","56.6","0","reduction","openblas","fp32","0","57","17","1.08","61.176","56.6","57.6","21888000000","20.27","kernel","kernel","0","AMD Ryzen Threadripper 3970X 32-Core Processor","","","","0","0","","","37.4","0","OPENBLAS_NUM_THREADS=20; e2e_host_memcpy=1; e2e_bw=mixed","1.073263157894737","2,9812865497076024e-07","0.018947368421052633","0","0","","","","","1,6993333333333336e-05","DE","0,09997","1,6988235333333336e-06","0,07830997222222223","1,3307474612962967e-06","0,1002","1,7027320000000003e-06","0,09501313888888888","1,6145899401851852e-06","0,1002","1,7027320000000003e-06","0,09501313888888888","1,6145899401851852e-06","0,09997","1,6988235333333336e-06","0,07830997222222223","1,3307474612962967e-06","0,09997","2,98039216374269e-08","2,334644668940871e-08","1,6988235333333334e-06","0,1002","2,987249122807018e-08","2,8326139301494475e-08","1,702732e-06","0,1002","2,987249122807018e-08","2,8326139301494475e-08","1,702732e-06","0,09997","2,98039216374269e-08","2,334644668940871e-08","1,6988235333333334e-06"
"2024-09-13 00:51:15+02:00","rock-tobefilledbyoem","AMD Ryzen Threadripper 3970X 32-Core Processor","0","e2e","17","1.0","1.08","0,5519","31,763","57.6","0","reduction","openblas","fp32","0","57","17","1.08","61.176","56.6","57.6","3264000000","5.91","e2e","e2e","0","AMD Ryzen Threadripper 3970X 32-Core Processor","","","","0","0","","","37.4","0","OPENBLAS_NUM_THREADS=20; e2e_host_memcpy=1; e2e_bw=mixed","1.8684117647058824","5,190032679738562e-07","0.03246470588235294","0","0","0.0","","0.0","0.0","8,823055555555556e-06","DE","0,09997","8,82040863888889e-07","0,07830997222222223","6,909332354706792e-07","0,1002","8,840701666666667e-07","0,09501313888888888","8,383062029243827e-07","0,1002","8,840701666666667e-07","0,09501313888888888","8,383062029243827e-07","0,09997","8,82040863888889e-07","0,07830997222222223","6,909332354706792e-07","0,09997","5,188475669934641e-08","4,0643131498275245e-08","8,820408638888891e-07","0,1002","5,2004127450980396e-08","4,9312129583787214e-08","8,840701666666667e-07","0,1002","5,2004127450980396e-08","4,9312129583787214e-08","8,840701666666667e-07","0,09997","5,188475669934641e-08","4,0643131498275245e-08","8,820408638888891e-07"
"2024-09-13 00:51:23+02:00","rock-tobefilledbyoem","AMD Ryzen Threadripper 3970X 32-Core Processor","0","kernel","43","1.0","1.0802","1,0802","61,413","56.9","0","reduction","openblas","fp32","0","43","15","1.0802","61.413","56.9","57.4","22016000000","20.38","kernel","kernel","0","AMD Ryzen Threadripper 3970X 32-Core Processor","","","","0","0","","","37.5","0","OPENBLAS_NUM_THREADS=20; e2e_host_memcpy=1; e2e_bw=mixed","1.4282093023255813","3,967248062015504e-07","0.02512093023255814","0","0","","","","","1,7059166666666664e-05","DE","0,09997","1,7054048916666665e-06","0,07830997222222223","1,3359028678009259e-06","0,1002","1,7093284999999997e-06","0,09501313888888888","1,6208449718287033e-06","0,1002","1,7093284999999997e-06","0,09501313888888888","1,6208449718287033e-06","0,09997","1,7054048916666665e-06","0,07830997222222223","1,3359028678009259e-06","0,09997","3,9660578875968994e-08","3,106750855350991e-08","1,7054048916666667e-06","0,1002","3,975182558139535e-08","3,769406911229543e-08","1,7093285000000001e-06","0,1002","3,975182558139535e-08","3,769406911229543e-08","1,7093285000000001e-06","0,09997","3,9660578875968994e-08","3,106750855350991e-08","1,7054048916666667e-06"
"2024-09-13 00:51:23+02:00","rock-tobefilledbyoem","AMD Ryzen Threadripper 3970X 32-Core Processor","0","e2e","15","1.0","1.0802","0,6446","37,006","57.4","0","reduction","openblas","fp32","0","43","15","1.0802","61.413","56.9","57.4","3840000000","5.96","e2e","e2e","0","AMD Ryzen Threadripper 3970X 32-Core Processor","","","","0","0","","","37.5","0","OPENBLAS_NUM_THREADS=20; e2e_host_memcpy=1; e2e_bw=mixed","2.4670666666666667","6,852962962962963e-07","0.04297333333333333","0","0","0.0","","0.0","0.0","1,0279444444444444e-05","DE","0,09997","1,0276360611111112e-06","0,07830997222222223","8,049830089043211e-07","0,1002","1,0300003333333332e-06","0,09501313888888888","9,766822827006172e-07","0,1002","1,0300003333333332e-06","0,09501313888888888","9,766822827006172e-07","0,09997","1,0276360611111112e-06","0,07830997222222223","8,049830089043211e-07","0,09997","6,850907074074074e-08","5,366553392695474e-08","1,027636061111111e-06","0,1002","6,866668888888889e-08","6,511215218004114e-08","1,0300003333333334e-06","0,1002","6,866668888888889e-08","6,511215218004114e-08","1,0300003333333334e-06","0,09997","6,850907074074074e-08","5,366553392695474e-08","1,027636061111111e-06"
"2024-09-13 00:51:32+02:00","rock-tobefilledbyoem","AMD Ryzen Threadripper 3970X 32-Core Processor","0","kernel","28","1.0","1.0618","1,0618","60,646","57.1","0","reduction","openblas","fp32","0","28","9","1.0618","60.646","57.1","57.7","21504000000","20.25","kernel","kernel","0","AMD Ryzen Threadripper 3970X 32-Core Processor","","","","0","0","","","37.5","0","OPENBLAS_NUM_THREADS=20; e2e_host_memcpy=1; e2e_bw=mixed","2.1659285714285716","6,016468253968254e-07","0.03792142857142857","0","0","","","","","1,684611111111111e-05","DE","0,09997","1,6841057277777776e-06","0,07830997222222223","1,3192184931635803e-06","0,1002","1,6879803333333332e-06","0,09501313888888888","1,600601894737654e-06","0,1002","1,6879803333333332e-06","0,09501313888888888","1,600601894737654e-06","0,09997","1,6841057277777776e-06","0,07830997222222223","1,3192184931635803e-06","0,09997","6,014663313492064e-08","4,711494618441359e-08","1,684105727777778e-06","0,1002","6,028501190476191e-08","5,716435338348765e-08","1,6879803333333334e-06","0,1002","6,028501190476191e-08","5,716435338348765e-08","1,6879803333333334e-06","0,09997","6,014663313492064e-08","4,711494618441359e-08","1,684105727777778e-06"
"2024-09-13 00:51:32+02:00","rock-tobefilledbyoem","AMD Ryzen Threadripper 3970X 32-Core Processor","0","e2e","9","1.0","1.0618","0,5769","33,313","57.7","0","reduction","openblas","fp32","0","28","9","1.0618","60.646","57.1","57.7","3456000000","5.99","e2e","e2e","0","AMD Ryzen Threadripper 3970X 32-Core Processor","","","","0","0","","","37.5","0","OPENBLAS_NUM_THREADS=20; e2e_host_memcpy=1; e2e_bw=mixed","3.7014444444444448","1,028179012345679e-06","0.06409999999999999","0","0","0.0","","0.0","0.0","9,253611111111111e-06","DE","0,09997","9,250835027777779e-07","0,07830997222222223","7,246500290663582e-07","0,1002","9,272118333333333e-07","0,09501313888888888","8,792146377237653e-07","0,1002","9,272118333333333e-07","0,09501313888888888","8,792146377237653e-07","0,09997","9,250835027777779e-07","0,07830997222222223","7,246500290663582e-07","0,09997","1,0278705586419753e-07","8,051666989626202e-08","9,250835027777778e-07","0,1002","1,0302353703703704e-07","9,76905153026406e-08","9,272118333333333e-07","0,1002","1,0302353703703704e-07","9,76905153026406e-08","9,272118333333333e-07","0,09997","1,0278705586419753e-07","8,051666989626202e-08","9,250835027777778e-07"
"2024-09-13 00:51:41+02:00","rock-tobefilledbyoem","AMD Ryzen Threadripper 3970X 32-Core Processor","0","kernel","22","1.0","1.1149","1,1149","63,63","57.1","0","reduction","openblas","fp32","0","22","7","1.1149","63.63","57.1","57.7","22528000000","20.21","kernel","kernel","0","AMD Ryzen Threadripper 3970X 32-Core Processor","","","","0","0","","","37.5","0","OPENBLAS_NUM_THREADS=20; e2e_host_memcpy=1; e2e_bw=mixed","2.8922727272727276","8,03409090909091e-07","0.05067727272727273","0","0","","","","","1,7675e-05","DE","0,09997","1,76696975e-06","0,07830997222222223","1,3841287590277779e-06","0,1002","1,771035e-06","0,09501313888888888","1,6793572298611108e-06","0,1002","1,771035e-06","0,09501313888888888","1,6793572298611108e-06","0,09997","1,76696975e-06","0,07830997222222223","1,3841287590277779e-06","0,09997","8,031680681818183e-08","6,291494359217173e-08","1,7669697500000002e-06","0,1002","8,050159090909092e-08","7,63344195391414e-08","1,7710350000000002e-06","0,1002","8,050159090909092e-08","7,63344195391414e-08","1,7710350000000002e-06","0,09997","8,031680681818183e-08","6,291494359217173e-08","1,7669697500000002e-06"
"2024-09-13 00:51:41+02:00","rock-tobefilledbyoem","AMD Ryzen Threadripper 3970X 32-Core Processor","0","e2e","7","1.0","1.1149","0,6047","34,898","57.7","0","reduction","openblas","fp32","0","22","7","1.1149","63.63","57.1","57.7","3584000000","5.93","e2e","e2e","0","AMD Ryzen Threadripper 3970X 32-Core Processor","","","","0","0","","","37.5","0","OPENBLAS_NUM_THREADS=20; e2e_host_memcpy=1; e2e_bw=mixed","4.985428571428572","1,38484126984127e-06","0.08638571428571429","0","0","0.0","","0.0","0.0","9,69388888888889e-06","DE","0,09997","9,690980722222224e-07","0,07830997222222223","7,591281696141977e-07","0,1002","9,713276666666667e-07","0,09501313888888888","9,210468113734568e-07","0,1002","9,713276666666667e-07","0,09501313888888888","9,210468113734568e-07","0,09997","9,690980722222224e-07","0,07830997222222223","7,591281696141977e-07","0,09997","1,3844258174603177e-07","1,0844688137345681e-07","9,690980722222224e-07","0,1002","1,3876109523809525e-07","1,315781159104938e-07","9,713276666666667e-07","0,1002","1,3876109523809525e-07","1,315781159104938e-07","9,713276666666667e-07","0,09997","1,3844258174603177e-07","1,0844688137345681e-07","9,690980722222224e-07"
"2024-09-13 00:51:50+02:00","rock-tobefilledbyoem","AMD Ryzen Threadripper 3970X 32-Core Processor","0","kernel","17","1.0","1.0639","1,0639","60,68","57.0","0","reduction","openblas","fp32","0","17","7","1.0639","60.68","57.0","57.7","21760000000","20.45","kernel","kernel","0","AMD Ryzen Threadripper 3970X 32-Core Processor","","","","0","0","","","37.5","0","OPENBLAS_NUM_THREADS=20; e2e_host_memcpy=1; e2e_bw=mixed","3.5694117647058823","9,915032679738565e-07","0.06258235294117648","0","0","","","","","1,6855555555555556e-05","DE","0,09997","1,685049888888889e-06","0,07830997222222223","1,3199580873456792e-06","0,1002","1,6889266666666666e-06","0,09501313888888888","1,6014992410493826e-06","0,1002","1,6889266666666666e-06","0,09501313888888888","1,6014992410493826e-06","0,09997","1,685049888888889e-06","0,07830997222222223","1,3199580873456792e-06","0,09997","9,912058169934643e-08","7,764459337327527e-08","1,6850498888888894e-06","0,1002","9,934862745098041e-08","9,420583770878724e-08","1,688926666666667e-06","0,1002","9,934862745098041e-08","9,420583770878724e-08","1,688926666666667e-06","0,09997","9,912058169934643e-08","7,764459337327527e-08","1,6850498888888894e-06"
"2024-09-13 00:51:50+02:00","rock-tobefilledbyoem","AMD Ryzen Threadripper 3970X 32-Core Processor","0","e2e","7","1.0","1.0639","0,7519","43,375","57.7","0","reduction","openblas","fp32","0","17","7","1.0639","60.68","57.0","57.7","4480000000","5.96","e2e","e2e","0","AMD Ryzen Threadripper 3970X 32-Core Processor","","","","0","0","","","37.5","0","OPENBLAS_NUM_THREADS=20; e2e_host_memcpy=1; e2e_bw=mixed","6.196428571428571","1,7212301587301588e-06","0.10741428571428571","0","0","0.0","","0.0","0.0","1,204861111111111e-05","DE","0,09997","1,2044996527777777e-06","0,07830997222222223","9,435264014274693e-07","0,1002","1,2072708333333333e-06","0,09501313888888888","1,1447763609182096e-06","0,1002","1,2072708333333333e-06","0,09501313888888888","1,1447763609182096e-06","0,09997","1,2044996527777777e-06","0,07830997222222223","9,435264014274693e-07","0,09997","1,7207137896825398e-07","1,347894859182099e-07","1,204499652777778e-06","0,1002","1,724672619047619e-07","1,6353948013117283e-07","1,2072708333333333e-06","0,1002","1,724672619047619e-07","1,6353948013117283e-07","1,2072708333333333e-06","0,09997","1,7207137896825398e-07","1,347894859182099e-07","1,204499652777778e-06"
"2024-09-13 00:52:00+02:00","rock-tobefilledbyoem","AMD Ryzen Threadripper 3970X 32-Core Processor","0","kernel","14","1.0","1.0474","1,0474","59,739","57.0","0","reduction","openblas","fp32","0","14","6","1.0474","59.739","57.0","57.6","21504000000","20.53","kernel","kernel","0","AMD Ryzen Threadripper 3970X 32-Core Processor","","","","0","0","","","37.5","0","OPENBLAS_NUM_THREADS=20; e2e_host_memcpy=1; e2e_bw=mixed","4.267071428571429","1,185297619047619e-06","0.07481428571428572","0","0","","","","","1,6594166666666664e-05","DE","0,09997","1,6589188416666666e-06","0,07830997222222223","1,2994887307175925e-06","0,1002","1,6627354999999998e-06","0,09501313888888888","1,5766638622453698e-06","0,1002","1,6627354999999998e-06","0,09501313888888888","1,5766638622453698e-06","0,09997","1,6589188416666666e-06","0,07830997222222223","1,2994887307175925e-06","0,09997","1,1849420297619047e-07","9,28206236226852e-08","1,6589188416666666e-06","0,1002","1,1876682142857141e-07","1,1261884730324072e-07","1,6627354999999998e-06","0,1002","1,1876682142857141e-07","1,1261884730324072e-07","1,6627354999999998e-06","0,09997","1,1849420297619047e-07","9,28206236226852e-08","1,6589188416666666e-06"
"2024-09-13 00:52:00+02:00","rock-tobefilledbyoem","AMD Ryzen Threadripper 3970X 32-Core Processor","0","e2e","6","1.0","1.0474","0,7832","45,123","57.6","0","reduction","openblas","fp32","0","14","6","1.0474","59.739","57.0","57.6","4608000000","5.88","e2e","e2e","0","AMD Ryzen Threadripper 3970X 32-Core Processor","","","","0","0","","","37.5","0","OPENBLAS_NUM_THREADS=20; e2e_host_memcpy=1; e2e_bw=mixed","7.520499999999999","2,089027777777777e-06","0.13053333333333333","0","0","0.0","","0.0","0.0","1,2534166666666666e-05","DE","0,09997","1,2530406416666666e-06","0,07830997222222223","9,815502434953704e-07","0,1002","1,2559234999999998e-06","0,09501313888888888","1,1909105183564812e-06","0,1002","1,2559234999999998e-06","0,09501313888888888","1,1909105183564812e-06","0,09997","1,2530406416666666e-06","0,07830997222222223","9,815502434953704e-07","0,09997","2,0884010694444438e-07","1,6359170724922835e-07","1,2530406416666662e-06","0,1002","2,0932058333333327e-07","1,9848508639274683e-07","1,2559234999999996e-06","0,1002","2,0932058333333327e-07","1,9848508639274683e-07","1,2559234999999996e-06","0,09997","2,0884010694444438e-07","1,6359170724922835e-07","1,2530406416666662e-06"
"2024-09-13 00:52:10+02:00","rock-tobefilledbyoem","AMD Ryzen Threadripper 3970X 32-Core Processor","0","kernel","11","1.0","1.0853","1,0853","61,867","57.0","0","reduction","openblas","fp32","0","11","4","1.0853","61.867","57.0","57.7","22528000000","20.76","kernel","kernel","0","AMD Ryzen Threadripper 3970X 32-Core Processor","","","","0","0","","","37.5","0","OPENBLAS_NUM_THREADS=20; e2e_host_memcpy=1; e2e_bw=mixed","5.624272727272727","1,5622979797979796e-06","0.09866363636363636","0","0","","","","","1,718527777777778e-05","DE","0,09997","1,7180122194444446e-06","0,07830997222222223","1,3457786254089509e-06","0,1002","1,7219648333333333e-06","0,09501313888888888","1,6328271843441357e-06","0,1002","1,7219648333333333e-06","0,09501313888888888","1,6328271843441357e-06","0,09997","1,7180122194444446e-06","0,07830997222222223","1,3457786254089509e-06","0,09997","1,5618292904040402e-07","1,223435114008137e-07","1,7180122194444442e-06","0,1002","1,5654225757575755e-07","1,4843883494037595e-07","1,721964833333333e-06","0,1002","1,5654225757575755e-07","1,4843883494037595e-07","1,721964833333333e-06","0,09997","1,5618292904040402e-07","1,223435114008137e-07","1,7180122194444442e-06"
"2024-09-13 00:52:10+02:00","rock-tobefilledbyoem","AMD Ryzen Threadripper 3970X 32-Core Processor","0","e2e","4","1.0","1.0853","0,6809","39,281","57.7","0","reduction","openblas","fp32","0","11","4","1.0853","61.867","57.0","57.7","4096000000","6.02","e2e","e2e","0","AMD Ryzen Threadripper 3970X 32-Core Processor","","","","0","0","","","37.5","0","OPENBLAS_NUM_THREADS=20; e2e_host_memcpy=1; e2e_bw=mixed","9.82025","2,727847222222222e-06","0.170225","0","0","0.0","","0.0","0.0","1,0911388888888888e-05","DE","0,09997","1,0908115472222221e-06","0,07830997222222223","8,544705607947531e-07","0,1002","1,0933211666666665e-06","0,09501313888888888","1,0367253079706788e-06","0,1002","1,0933211666666665e-06","0,09501313888888888","1,0367253079706788e-06","0,09997","1,0908115472222221e-06","0,07830997222222223","8,544705607947531e-07","0,09997","2,7270288680555553e-07","2,1361764019868827e-07","1,0908115472222221e-06","0,1002","2,733302916666666e-07","2,591813269926697e-07","1,0933211666666665e-06","0,1002","2,733302916666666e-07","2,591813269926697e-07","1,0933211666666665e-06","0,09997","2,7270288680555553e-07","2,1361764019868827e-07","1,0908115472222221e-06"
"2024-09-13 00:52:20+02:00","rock-tobefilledbyoem","AMD Ryzen Threadripper 3970X 32-Core Processor","0","kernel","7","1.0","1.0356","1,0356","59,041","57.0","0","reduction","openblas","fp32","0","7","3","1.0356","59.041","57.0","57.8","21504000000","20.76","kernel","kernel","0","AMD Ryzen Threadripper 3970X 32-Core Processor","","","","0","0","","","37.8","0","OPENBLAS_NUM_THREADS=20; e2e_host_memcpy=1; e2e_bw=mixed","8.43442857142857","2,342896825396825e-06","0.14794285714285715","0","0","","","","","1,640027777777778e-05","DE","0,09997","1,6395357694444445e-06","0,07830997222222223","1,2843052972145064e-06","0,1002","1,6433078333333334e-06","0,09501313888888888","1,558241870316358e-06","0,1002","1,6433078333333334e-06","0,09501313888888888","1,558241870316358e-06","0,09997","1,6395357694444445e-06","0,07830997222222223","1,2843052972145064e-06","0,09997","2,3421939563492062e-07","1,8347218531635802e-07","1,6395357694444443e-06","0,1002","2,3475826190476185e-07","2,2260598147376537e-07","1,643307833333333e-06","0,1002","2,3475826190476185e-07","2,2260598147376537e-07","1,643307833333333e-06","0,09997","2,3421939563492062e-07","1,8347218531635802e-07","1,6395357694444443e-06"
"2024-09-13 00:52:20+02:00","rock-tobefilledbyoem","AMD Ryzen Threadripper 3970X 32-Core Processor","0","e2e","3","1.0","1.0356","0,7632","44,078","57.8","0","reduction","openblas","fp32","0","7","3","1.0356","59.041","57.0","57.8","4608000000","6.04","e2e","e2e","0","AMD Ryzen Threadripper 3970X 32-Core Processor","","","","0","0","","","37.8","0","OPENBLAS_NUM_THREADS=20; e2e_host_memcpy=1; e2e_bw=mixed","14.692666666666668","4,081296296296297e-06","0.2544","0","0","0.0","","0.0","0.0","1,224388888888889e-05","DE","0,09997","1,2240215722222222e-06","0,07830997222222223","9,588185987808644e-07","0,1002","1,2268376666666667e-06","0,09501313888888888","1,1633303155401234e-06","0,1002","1,2268376666666667e-06","0,09501313888888888","1,1633303155401234e-06","0,09997","1,2240215722222222e-06","0,07830997222222223","9,588185987808644e-07","0,09997","4,080071907407408e-07","3,1960619959362146e-07","1,2240215722222224e-06","0,1002","4,089458888888889e-07","3,8777677184670783e-07","1,2268376666666667e-06","0,1002","4,089458888888889e-07","3,8777677184670783e-07","1,2268376666666667e-06","0,09997","4,080071907407408e-07","3,1960619959362146e-07","1,2240215722222224e-06"
"2024-09-13 00:52:48+02:00","rock-tobefilledbyoem","AMD Ryzen Threadripper 3970X 32-Core Processor","0","kernel","12065","1.0","1.047","1,047","57,517","54.9","0","reduction","openblas","fp32","0","12065","237","1.047","57.517","54.9","54.9","96520000000","92.19","kernel","kernel","0","AMD Ryzen Threadripper 3970X 32-Core Processor","","","","0","0","","","39.8","0","OPENBLAS_NUM_THREADS=20; e2e_host_memcpy=1; e2e_bw=mixed","0.004767260671363448","1,3242390753787355e-09","8.677994198093659e-05","0","0","","","","","1,5976944444444445e-05","DE","0,09997","1,5972151361111112e-06","0,07830997222222223","1,2511540756404322e-06","0,1002","1,6008898333333334e-06","0,09501313888888888","1,5180196415200616e-06","0,1002","1,6008898333333334e-06","0,09501313888888888","1,5180196415200616e-06","0,09997","1,5972151361111112e-06","0,07830997222222223","1,2511540756404322e-06","0,09997","1,323841803656122e-10","1,0370112520849003e-10","1,5972151361111112e-06","0,1002","1,326887553529493e-10","1,2582011119105357e-10","1,6008898333333334e-06","0,1002","1,326887553529493e-10","1,2582011119105357e-10","1,6008898333333334e-06","0,09997","1,323841803656122e-10","1,0370112520849003e-10","1,5972151361111112e-06"
"2024-09-13 00:52:48+02:00","rock-tobefilledbyoem","AMD Ryzen Threadripper 3970X 32-Core Processor","0","e2e","237","1.0","1.047","0,0537","2,946","54.9","0","reduction","openblas","fp32","0","12065","237","1.047","57.517","54.9","54.9","948000000","17.66","e2e","e2e","0","AMD Ryzen Threadripper 3970X 32-Core Processor","","","","0","0","","","39.8","0","OPENBLAS_NUM_THREADS=20; e2e_host_memcpy=1; e2e_bw=mixed","0.012430379746835444","3,4528832630098454e-09","0.00022658227848101266","0","0","0.0","","0.0","0.0","8,183333333333334e-07","DE","0,09997","8,180878333333333e-08","0,07830997222222223","6,408366060185187e-08","0,1002","8,1997e-08","0,09501313888888888","7,77524186574074e-08","0,1002","8,1997e-08","0,09501313888888888","7,77524186574074e-08","0,09997","8,180878333333333e-08","0,07830997222222223","6,408366060185187e-08","0,09997","3,4518473980309427e-10","2,7039519241287705e-10","8,180878333333335e-08","0,1002","3,459789029535865e-10","3,2806927703547426e-10","8,1997e-08","0,1002","3,459789029535865e-10","3,2806927703547426e-10","8,1997e-08","0,09997","3,4518473980309427e-10","2,7039519241287705e-10","8,180878333333335e-08"
"2024-09-13 00:52:55+02:00","rock-tobefilledbyoem","AMD Ryzen Threadripper 3970X 32-Core Processor","0","kernel","5800","1.0","0.9631","0,9631","52,843","54.9","1","reduction","openblas","fp32","0","5800","640","0.9631","52.843","54.9","54.8","69600000000","72.27","kernel","kernel","0","AMD Ryzen Threadripper 3970X 32-Core Processor","","","","0","0","","","38.6","0","OPENBLAS_NUM_THREADS=20; e2e_host_memcpy=1; e2e_bw=mixed","0.009110862068965518","2,530795019157088e-09","0.00016605172413793103","0","0","","","","","1,4678611111111113e-05","DE","0,09997","1,467420752777778e-06","0,07830997222222223","1,1494816283719138e-06","0,1002","1,4707968333333335e-06","0,09501313888888888","1,3946609161959876e-06","0,1002","1,4707968333333335e-06","0,09501313888888888","1,3946609161959876e-06","0,09997","1,467420752777778e-06","0,07830997222222223","1,1494816283719138e-06","0,09997","2,530035780651341e-10","1,9818648765032995e-10","1,4674207527777779e-06","0,1002","2,5358566091954024e-10","2,404587786544806e-10","1,4707968333333333e-06","0,1002","2,5358566091954024e-10","2,404587786544806e-10","1,4707968333333333e-06","0,09997","2,530035780651341e-10","1,9818648765032995e-10","1,4674207527777779e-06"
"2024-09-13 00:52:55+02:00","rock-tobefilledbyoem","AMD Ryzen Threadripper 3970X 32-Core Processor","0","e2e","640","1.0","0.9631","0,4146","22,732","54.8","1","reduction","openblas","fp32","0","5800","640","0.9631","52.843","54.9","54.8","3840000000","9.26","e2e","e2e","0","AMD Ryzen Threadripper 3970X 32-Core Processor","","","","0","0","","","38.6","0","OPENBLAS_NUM_THREADS=20; e2e_host_memcpy=1; e2e_bw=mixed","0.03551875","9,866319444444444e-09","0.0006478125000000001","0","0","0.0","","0.0","0.0","6,314444444444444e-06","DE","0,09997","6,312550111111111e-07","0,07830997222222223","4,944839690432099e-07","0,1002","6,327073333333333e-07","0,09501313888888888","5,999551870061727e-07","0,1002","6,327073333333333e-07","0,09501313888888888","5,999551870061727e-07","0,09997","6,312550111111111e-07","0,07830997222222223","4,944839690432099e-07","0,09997","9,86335954861111e-10","7,726312016300155e-10","6,31255011111111e-07","0,1002","9,886052083333331e-10","9,374299796971448e-10","6,327073333333332e-07","0,1002","9,886052083333331e-10","9,374299796971448e-10","6,327073333333332e-07","0,09997","9,86335954861111e-10","7,726312016300155e-10","6,31255011111111e-07"
"2024-09-13 00:53:03+02:00","rock-tobefilledbyoem","AMD Ryzen Threadripper 3970X 32-Core Processor","0","kernel","2572","1.0","0.9645","0,9645","52,971","54.9","1","reduction","openblas","fp32","0","2572","465","0.9645","52.971","54.9","55.6","41152000000","42.67","kernel","kernel","0","AMD Ryzen Threadripper 3970X 32-Core Processor","","","","0","0","","","37.5","0","OPENBLAS_NUM_THREADS=20; e2e_host_memcpy=1; e2e_bw=mixed","0.0205952566096423","5,720904613789528e-09","0.000375","0","0","","","","","1,4714166666666665e-05","DE","0,09997","1,4709752416666667e-06","0,07830997222222223","1,1522659829398148e-06","0,1002","1,4743594999999999e-06","0,09501313888888888","1,398039161134259e-06","0,1002","1,4743594999999999e-06","0,09501313888888888","1,398039161134259e-06","0,09997","1,4709752416666667e-06","0,07830997222222223","1,1522659829398148e-06","0,09997","5,719188342405391e-10","4,4800388139184095e-10","1,4709752416666667e-06","0,1002","5,732346423017107e-10","5,435611046400696e-10","1,4743594999999999e-06","0,1002","5,732346423017107e-10","5,435611046400696e-10","1,4743594999999999e-06","0,09997","5,719188342405391e-10","4,4800388139184095e-10","1,4709752416666667e-06"
"2024-09-13 00:53:03+02:00","rock-tobefilledbyoem","AMD Ryzen Threadripper 3970X 32-Core Processor","0","e2e","465","1.0","0.9645","0,5564","30,914","55.6","1","reduction","openblas","fp32","0","2572","465","0.9645","52.971","54.9","55.6","3720000000","6.69","e2e","e2e","0","AMD Ryzen Threadripper 3970X 32-Core Processor","","","","0","0","","","37.5","0","OPENBLAS_NUM_THREADS=20; e2e_host_memcpy=1; e2e_bw=mixed","0.06648172043010753","1,846714456391876e-08","0.0011965591397849462","0","0","0.0","","0.0","0.0","8,587222222222223e-06","DE","0,09997","8,584646055555556e-07","0,07830997222222223","6,724651336882717e-07","0,1002","8,604396666666667e-07","0,09501313888888888","8,15898937669753e-07","0,1002","8,604396666666667e-07","0,09501313888888888","8,15898937669753e-07","0,09997","8,584646055555556e-07","0,07830997222222223","6,724651336882717e-07","0,09997","1,8461604420549587e-09","1,4461615778242405e-09","8,584646055555557e-07","0,1002","1,8504078853046597e-09","1,7546213713328024e-09","8,604396666666668e-07","0,1002","1,8504078853046597e-09","1,7546213713328024e-09","8,604396666666668e-07","0,09997","1,8461604420549587e-09","1,4461615778242405e-09","8,584646055555557e-07"
"2024-09-13 00:53:11+02:00","rock-tobefilledbyoem","AMD Ryzen Threadripper 3970X 32-Core Processor","0","kernel","1020","1.0","1.0172","1,0172","56,908","55.9","0","reduction","openblas","fp32","0","1020","249","1.0172","56.908","55.9","56.1","24480000000","24.07","kernel","kernel","0","AMD Ryzen Threadripper 3970X 32-Core Processor","","","","0","0","","","37.0","0","OPENBLAS_NUM_THREADS=20; e2e_host_memcpy=1; e2e_bw=mixed","0.0557921568627451","1,5497821350762528e-08","0.0009972549019607844","0","0","","","","","1,5807777777777777e-05","DE","0,09997","1,5803035444444444e-06","0,07830997222222223","1,2379066386728395e-06","0,1002","1,5839393333333331e-06","0,09501313888888888","1,501946585524691e-06","0,1002","1,5839393333333331e-06","0,09501313888888888","1,501946585524691e-06","0,09997","1,5803035444444444e-06","0,07830997222222223","1,2379066386728395e-06","0,09997","1,54931720043573e-09","1,2136339594831762e-09","1,5803035444444446e-06","0,1002","1,5528816993464051e-09","1,4724966524751874e-09","1,5839393333333333e-06","0,1002","1,5528816993464051e-09","1,4724966524751874e-09","1,5839393333333333e-06","0,09997","1,54931720043573e-09","1,2136339594831762e-09","1,5803035444444446e-06"
"2024-09-13 00:53:11+02:00","rock-tobefilledbyoem","AMD Ryzen Threadripper 3970X 32-Core Processor","0","e2e","249","1.0","1.0172","0,5493","30,833","56.1","0","reduction","openblas","fp32","0","1020","249","1.0172","56.908","55.9","56.1","2988000000","5.44","e2e","e2e","0","AMD Ryzen Threadripper 3970X 32-Core Processor","","","","0","0","","","37.0","0","OPENBLAS_NUM_THREADS=20; e2e_host_memcpy=1; e2e_bw=mixed","0.12382730923694779","3,439647478804105e-08","0.0022060240963855423","0","0","0.0","","0.0","0.0","8,564722222222222e-06","DE","0,09997","8,562152805555556e-07","0,07830997222222223","6,707031593132717e-07","0,1002","8,581851666666667e-07","0,09501313888888888","8,13761142044753e-07","0,1002","8,581851666666667e-07","0,09501313888888888","8,13761142044753e-07","0,09997","8,562152805555556e-07","0,07830997222222223","6,707031593132717e-07","0,09997","3,438615584560464e-09","2,693586985193862e-09","8,562152805555555e-07","0,1002","3,4465267737617134e-09","3,268117036324309e-09","8,581851666666667e-07","0,1002","3,4465267737617134e-09","3,268117036324309e-09","8,581851666666667e-07","0,09997","3,438615584560464e-09","2,693586985193862e-09","8,562152805555555e-07"
"2024-09-13 00:53:19+02:00","rock-tobefilledbyoem","AMD Ryzen Threadripper 3970X 32-Core Processor","0","kernel","699","1.0","1.0739","1,0739","60,351","56.2","0","reduction","openblas","fp32","0","699","230","1.0739","60.351","56.2","57.2","22368000000","20.83","kernel","kernel","0","AMD Ryzen Threadripper 3970X 32-Core Processor","","","","0","0","","","37.0","0","OPENBLAS_NUM_THREADS=20; e2e_host_memcpy=1; e2e_bw=mixed","0.08633905579399141","2,3983071053886506e-08","0.001536337625178827","0","0","","","","","1,6764166666666668e-05","DE","0,09997","1,675913741666667e-06","0,07830997222222223","1,3128014259953706e-06","0,1002","1,6797695e-06","0,09501313888888888","1,5928160958564815e-06","0,1002","1,6797695e-06","0,09501313888888888","1,5928160958564815e-06","0,09997","1,675913741666667e-06","0,07830997222222223","1,3128014259953706e-06","0,09997","2,397587613257034e-09","1,8781136280334344e-09","1,675913741666667e-06","0,1002","2,403103719599428e-09","2,278706861025009e-09","1,6797695e-06","0,1002","2,403103719599428e-09","2,278706861025009e-09","1,6797695e-06","0,09997","2,397587613257034e-09","1,8781136280334344e-09","1,675913741666667e-06"
"2024-09-13 00:53:19+02:00","rock-tobefilledbyoem","AMD Ryzen Threadripper 3970X 32-Core Processor","0","e2e","230","1.0","1.0739","0,6208","35,482","57.2","0","reduction","openblas","fp32","0","699","230","1.0739","60.351","56.2","57.2","3680000000","5.93","e2e","e2e","0","AMD Ryzen Threadripper 3970X 32-Core Processor","","","","0","0","","","37.0","0","OPENBLAS_NUM_THREADS=20; e2e_host_memcpy=1; e2e_bw=mixed","0.1542695652173913","4,285265700483091e-08","0.002699130434782609","0","0","0.0","","0.0","0.0","9,856111111111111e-06","DE","0,09997","9,853154277777777e-07","0,07830997222222223","7,71831787330247e-07","0,1002","9,875823333333334e-07","0,09501313888888888","9,364600539043208e-07","0,1002","9,875823333333334e-07","0,09501313888888888","9,364600539043208e-07","0,09997","9,853154277777777e-07","0,07830997222222223","7,71831787330247e-07","0,09997","4,283980120772946e-09","3,355790379696726e-09","9,853154277777777e-07","0,1002","4,293836231884057e-09","4,071565451757916e-09","9,875823333333331e-07","0,1002","4,293836231884057e-09","4,071565451757916e-09","9,875823333333331e-07","0,09997","4,283980120772946e-09","3,355790379696726e-09","9,853154277777777e-07"
"2024-09-13 00:53:27+02:00","rock-tobefilledbyoem","AMD Ryzen Threadripper 3970X 32-Core Processor","0","kernel","399","1.0","1.0456","1,0456","59,087","56.5","0","reduction","openblas","fp32","0","399","127","1.0456","59.087","56.5","57.3","19152000000","18.32","kernel","kernel","0","AMD Ryzen Threadripper 3970X 32-Core Processor","","","","0","0","","","37.0","0","OPENBLAS_NUM_THREADS=20; e2e_host_memcpy=1; e2e_bw=mixed","0.14808771929824563","4,113547758284601e-08","0.0026205513784461156","0","0","","","","","1,6413055555555555e-05","DE","0,09997","1,6408131638888889e-06","0,07830997222222223","1,2853059246373458e-06","0,1002","1,6445881666666665e-06","0,09501313888888888","1,559455927091049e-06","0,1002","1,6445881666666665e-06","0,09501313888888888","1,559455927091049e-06","0,09997","1,6408131638888889e-06","0,07830997222222223","1,2853059246373458e-06","0,09997","4,112313693957116e-09","3,2213181068605165e-09","1,6408131638888893e-06","0,1002","4,12177485380117e-09","3,908410844839723e-09","1,644588166666667e-06","0,1002","4,12177485380117e-09","3,908410844839723e-09","1,644588166666667e-06","0,09997","4,112313693957116e-09","3,2213181068605165e-09","1,6408131638888893e-06"
"2024-09-13 00:53:27+02:00","rock-tobefilledbyoem","AMD Ryzen Threadripper 3970X 32-Core Processor","0","e2e","127","1.0","1.0456","0,5354","30,678","57.3","0","reduction","openblas","fp32","0","399","127","1.0456","59.087","56.5","57.3","3048000000","5.69","e2e","e2e","0","AMD Ryzen Threadripper 3970X 32-Core Processor","","","","0","0","","","37.0","0","OPENBLAS_NUM_THREADS=20; e2e_host_memcpy=1; e2e_bw=mixed","0.24155905511811024","6,70997375328084e-08","0.004215748031496063","0","0","0.0","","0.0","0.0","8,521666666666667e-06","DE","0,09997","8,519110166666667e-07","0,07830997222222223","6,673314799537038e-07","0,1002","8,538709999999999e-07","0,09501313888888888","8,096702985648147e-07","0,1002","8,538709999999999e-07","0,09501313888888888","8,096702985648147e-07","0,09997","8,519110166666667e-07","0,07830997222222223","6,673314799537038e-07","0,09997","6,707960761154857e-09","5,254578582312629e-09","8,519110166666668e-07","0,1002","6,723393700787402e-09","6,375356681612715e-09","8,53871e-07","0,1002","6,723393700787402e-09","6,375356681612715e-09","8,53871e-07","0,09997","6,707960761154857e-09","5,254578582312629e-09","8,519110166666668e-07"
"2024-09-13 00:53:36+02:00","rock-tobefilledbyoem","AMD Ryzen Threadripper 3970X 32-Core Processor","0","kernel","307","1.0","1.0462","1,0462","59,019","56.4","0","reduction","openblas","fp32","0","307","109","1.0462","59.019","56.4","57.1","19648000000","18.78","kernel","kernel","0","AMD Ryzen Threadripper 3970X 32-Core Processor","","","","0","0","","","37.0","0","OPENBLAS_NUM_THREADS=20; e2e_host_memcpy=1; e2e_bw=mixed","0.1922442996742671","5,340119435396308e-08","0.0034078175895765474","0","0","","","","","1,6394166666666666e-05","DE","0,09997","1,6389248416666667e-06","0,07830997222222223","1,2838267362731483e-06","0,1002","1,6426955e-06","0,09501313888888888","1,5576612344675924e-06","0,1002","1,6426955e-06","0,09501313888888888","1,5576612344675924e-06","0,09997","1,6389248416666667e-06","0,07830997222222223","1,2838267362731483e-06","0,09997","5,3385173995656895e-09","4,181846046492339e-09","1,6389248416666667e-06","0,1002","5,350799674267101e-09","5,073815095985643e-09","1,6426955e-06","0,1002","5,350799674267101e-09","5,073815095985643e-09","1,6426955e-06","0,09997","5,3385173995656895e-09","4,181846046492339e-09","1,6389248416666667e-06"
"2024-09-13 00:53:36+02:00","rock-tobefilledbyoem","AMD Ryzen Threadripper 3970X 32-Core Processor","0","e2e","109","1.0","1.0462","0,6112","34,916","57.1","0","reduction","openblas","fp32","0","307","109","1.0462","59.019","56.4","57.1","3488000000","5.71","e2e","e2e","0","AMD Ryzen Threadripper 3970X 32-Core Processor","","","","0","0","","","37.0","0","OPENBLAS_NUM_THREADS=20; e2e_host_memcpy=1; e2e_bw=mixed","0.32033027522935775","8,898063200815494e-08","0.005607339449541284","0","0","0.0","","0.0","0.0","9,698888888888887e-06","DE","0,09997","9,695979222222221e-07","0,07830997222222223","7,595197194753086e-07","0,1002","9,718286666666666e-07","0,09501313888888888","9,21521877067901e-07","0,1002","9,718286666666666e-07","0,09501313888888888","9,21521877067901e-07","0,09997","9,695979222222221e-07","0,07830997222222223","7,595197194753086e-07","0,09997","8,89539378185525e-09","6,968070820874392e-09","9,695979222222224e-07","0,1002","8,915859327217124e-09","8,454329147411936e-09","9,718286666666666e-07","0,1002","8,915859327217124e-09","8,454329147411936e-09","9,718286666666666e-07","0,09997","8,89539378185525e-09","6,968070820874392e-09","9,695979222222224e-07"
"2024-09-13 00:53:44+02:00","rock-tobefilledbyoem","AMD Ryzen Threadripper 3970X 32-Core Processor","0","kernel","214","1.0","1.055","1,055","59,412","56.3","0","reduction","openblas","fp32","0","214","64","1.055","59.412","56.3","57.1","20544000000","19.47","kernel","kernel","0","AMD Ryzen Threadripper 3970X 32-Core Processor","","","","0","0","","","37.0","0","OPENBLAS_NUM_THREADS=20; e2e_host_memcpy=1; e2e_bw=mixed","0.2776261682242991","7,71183800623053e-08","0.004929906542056075","0","0","","","","","1,6503333333333332e-05","DE","0,09997","1,6498382333333333e-06","0,07830997222222223","1,2923755749074074e-06","0,1002","1,6536339999999998e-06","0,09501313888888888","1,5680335021296293e-06","0,1002","1,6536339999999998e-06","0,09501313888888888","1,5680335021296293e-06","0,09997","1,6498382333333333e-06","0,07830997222222223","1,2923755749074074e-06","0,09997","7,709524454828661e-09","6,039138200501905e-09","1,6498382333333335e-06","0,1002","7,727261682242991e-09","7,327259355745932e-09","1,653634e-06","0,1002","7,727261682242991e-09","7,327259355745932e-09","1,653634e-06","0,09997","7,709524454828661e-09","6,039138200501905e-09","1,6498382333333335e-06"
"2024-09-13 00:53:44+02:00","rock-tobefilledbyoem","AMD Ryzen Threadripper 3970X 32-Core Processor","0","e2e","64","1.0","1.055","0,5251","29,971","57.1","0","reduction","openblas","fp32","0","214","64","1.055","59.412","56.3","57.1","3072000000","5.85","e2e","e2e","0","AMD Ryzen Threadripper 3970X 32-Core Processor","","","","0","0","","","37.0","0","OPENBLAS_NUM_THREADS=20; e2e_host_memcpy=1; e2e_bw=mixed","0.468296875","1,300824652777778e-07","0.0082046875","0","0","0.0","","0.0","0.0","8,325277777777779e-06","DE","0,09997","8,322780194444446e-07","0,07830997222222223","6,519522715200619e-07","0,1002","8,341928333333334e-07","0,09501313888888888","7,910107737885802e-07","0,1002","8,341928333333334e-07","0,09501313888888888","7,910107737885802e-07","0,09997","8,322780194444446e-07","0,07830997222222223","6,519522715200619e-07","0,09997","1,3004344053819447e-08","1,0186754242500967e-08","8,322780194444446e-07","0,1002","1,3034263020833335e-08","1,2359543340446566e-08","8,341928333333334e-07","0,1002","1,3034263020833335e-08","1,2359543340446566e-08","8,341928333333334e-07","0,09997","1,3004344053819447e-08","1,0186754242500967e-08","8,322780194444446e-07"
"2024-09-13 00:53:52+02:00","rock-tobefilledbyoem","AMD Ryzen Threadripper 3970X 32-Core Processor","0","kernel","164","1.0","1.0517","1,0517","59,272","56.4","0","reduction","openblas","fp32","0","164","55","1.0517","59.272","56.4","57.1","20992000000","19.96","kernel","kernel","0","AMD Ryzen Threadripper 3970X 32-Core Processor","","","","0","0","","","37.0","0","OPENBLAS_NUM_THREADS=20; e2e_host_memcpy=1; e2e_bw=mixed","0.36141463414634145","1,003929539295393e-07","0.006412804878048781","0","0","","","","","1,6464444444444443e-05","DE","0,09997","1,645950511111111e-06","0,07830997222222223","1,2893301870987655e-06","0,1002","1,6497373333333332e-06","0,09501313888888888","1,5643385467283948e-06","0,1002","1,6497373333333332e-06","0,09501313888888888","1,5643385467283948e-06","0,09997","1,645950511111111e-06","0,07830997222222223","1,2893301870987655e-06","0,09997","1,0036283604336043e-08","7,861769433529059e-09","1,6459505111111112e-06","0,1002","1,0059373983739837e-08","9,53864967517314e-09","1,6497373333333334e-06","0,1002","1,0059373983739837e-08","9,53864967517314e-09","1,6497373333333334e-06","0,09997","1,0036283604336043e-08","7,861769433529059e-09","1,6459505111111112e-06"
"2024-09-13 00:53:52+02:00","rock-tobefilledbyoem","AMD Ryzen Threadripper 3970X 32-Core Processor","0","e2e","55","1.0","1.0517","0,5935","33,898","57.1","0","reduction","openblas","fp32","0","164","55","1.0517","59.272","56.4","57.1","3520000000","5.93","e2e","e2e","0","AMD Ryzen Threadripper 3970X 32-Core Processor","","","","0","0","","","37.0","0","OPENBLAS_NUM_THREADS=20; e2e_host_memcpy=1; e2e_bw=mixed","0.6163272727272728","1,7120202020202026e-07","0.01079090909090909","0","0","0.0","","0.0","0.0","9,416111111111112e-06","DE","0,09997","9,413286277777779e-07","0,07830997222222223","7,373753995524692e-07","0,1002","9,434943333333333e-07","0,09501313888888888","8,946542727932098e-07","0,1002","9,434943333333333e-07","0,09501313888888888","8,946542727932098e-07","0,09997","9,413286277777779e-07","0,07830997222222223","7,373753995524692e-07","0,09997","1,7115065959595965e-08","1,3406825446408536e-08","9,413286277777781e-07","0,1002","1,715444242424243e-08","1,626644132351291e-08","9,434943333333335e-07","0,1002","1,715444242424243e-08","1,626644132351291e-08","9,434943333333335e-07","0,09997","1,7115065959595965e-08","1,3406825446408536e-08","9,413286277777781e-07"
"2024-09-13 00:54:00+02:00","rock-tobefilledbyoem","AMD Ryzen Threadripper 3970X 32-Core Processor","0","kernel","112","1.0","1.0604","1,0604","59,674","56.3","0","reduction","openblas","fp32","0","112","33","1.0604","59.674","56.3","57.1","21504000000","20.28","kernel","kernel","0","AMD Ryzen Threadripper 3970X 32-Core Processor","","","","0","0","","","37.0","0","OPENBLAS_NUM_THREADS=20; e2e_host_memcpy=1; e2e_bw=mixed","0.5328035714285714","1,4800099206349205e-07","0.009467857142857142","0","0","","","","","1,657611111111111e-05","DE","0,09997","1,657113827777778e-06","0,07830997222222223","1,2980748006635804e-06","0,1002","1,6609263333333333e-06","0,09501313888888888","1,574948347237654e-06","0,1002","1,6609263333333333e-06","0,09501313888888888","1,574948347237654e-06","0,09997","1,657113827777778e-06","0,07830997222222223","1,2980748006635804e-06","0,09997","1,47956591765873e-08","1,1589953577353396e-08","1,6571138277777777e-06","0,1002","1,4829699404761903e-08","1,406203881462191e-08","1,660926333333333e-06","0,1002","1,4829699404761903e-08","1,406203881462191e-08","1,660926333333333e-06","0,09997","1,47956591765873e-08","1,1589953577353396e-08","1,6571138277777777e-06"
"2024-09-13 00:54:00+02:00","rock-tobefilledbyoem","AMD Ryzen Threadripper 3970X 32-Core Processor","0","e2e","33","1.0","1.0604","0,5307","30,308","57.1","0","reduction","openblas","fp32","0","112","33","1.0604","59.674","56.3","57.1","3168000000","5.97","e2e","e2e","0","AMD Ryzen Threadripper 3970X 32-Core Processor","","","","0","0","","","37.0","0","OPENBLAS_NUM_THREADS=20; e2e_host_memcpy=1; e2e_bw=mixed","0.9184242424242424","2,551178451178451e-07","0.01608181818181818","0","0","0.0","","0.0","0.0","8,41888888888889e-06","DE","0,09997","8,416363222222223e-07","0,07830997222222223","6,592829550308643e-07","0,1002","8,435726666666667e-07","0,09501313888888888","7,999050592901234e-07","0,1002","8,435726666666667e-07","0,09501313888888888","7,999050592901234e-07","0,09997","8,416363222222223e-07","0,07830997222222223","6,592829550308643e-07","0,09997","2,5504130976430974e-08","1,9978271364571642e-08","8,416363222222221e-07","0,1002","2,556280808080808e-08","2,4239547251215856e-08","8,435726666666666e-07","0,1002","2,556280808080808e-08","2,4239547251215856e-08","8,435726666666666e-07","0,09997","2,5504130976430974e-08","1,9978271364571642e-08","8,416363222222221e-07"
"2024-09-13 00:54:09+02:00","rock-tobefilledbyoem","AMD Ryzen Threadripper 3970X 32-Core Processor","0","kernel","84","1.0","1.0803","1,0803","60,747","56.2","0","reduction","openblas","fp32","0","84","28","1.0803","60.747","56.2","57.0","21504000000","19.91","kernel","kernel","0","AMD Ryzen Threadripper 3970X 32-Core Processor","","","","0","0","","","37.0","0","OPENBLAS_NUM_THREADS=20; e2e_host_memcpy=1; e2e_bw=mixed","0.7231785714285714","2,008829365079365e-07","0.012860714285714286","0","0","","","","","1,6874166666666665e-05","DE","0,09997","1,6869104416666666e-06","0,07830997222222223","1,3214155229398148e-06","0,1002","1,6907914999999998e-06","0,09501313888888888","1,6032675411342588e-06","0,1002","1,6907914999999998e-06","0,09501313888888888","1,6032675411342588e-06","0,09997","1,6869104416666666e-06","0,07830997222222223","1,3214155229398148e-06","0,09997","2,0082267162698413e-08","1,573113717785494e-08","1,6869104416666666e-06","0,1002","2,0128470238095238e-08","1,9086518346836417e-08","1,6907915e-06","0,1002","2,0128470238095238e-08","1,9086518346836417e-08","1,6907915e-06","0,09997","2,0082267162698413e-08","1,573113717785494e-08","1,6869104416666666e-06"
"2024-09-13 00:54:09+02:00","rock-tobefilledbyoem","AMD Ryzen Threadripper 3970X 32-Core Processor","0","e2e","28","1.0","1.0803","0,6022","34,302","57.0","0","reduction","openblas","fp32","0","84","28","1.0803","60.747","56.2","57.0","3584000000","5.95","e2e","e2e","0","AMD Ryzen Threadripper 3970X 32-Core Processor","","","","0","0","","","37.0","0","OPENBLAS_NUM_THREADS=20; e2e_host_memcpy=1; e2e_bw=mixed","1.2250714285714286","3,402976190476191e-07","0.021507142857142857","0","0","0.0","","0.0","0.0","9,528333333333333e-06","DE","0,09997","9,525474833333334e-07","0,07830997222222223","7,461635186574075e-07","0,1002","9,54739e-07","0,09501313888888888","9,053168583796295e-07","0,1002","9,54739e-07","0,09501313888888888","9,053168583796295e-07","0,09997","9,525474833333334e-07","0,07830997222222223","7,461635186574075e-07","0,09997","3,401955297619048e-08","2,6648697094907417e-08","9,525474833333335e-07","0,1002","3,409782142857144e-08","3,2332744942129634e-08","9,547390000000004e-07","0,1002","3,409782142857144e-08","3,2332744942129634e-08","9,547390000000004e-07","0,09997","3,401955297619048e-08","2,6648697094907417e-08","9,525474833333335e-07"
"2024-09-13 00:54:17+02:00","rock-tobefilledbyoem","AMD Ryzen Threadripper 3970X 32-Core Processor","0","kernel","57","1.0","1.0573","1,0573","59,552","56.3","0","reduction","openblas","fp32","0","57","17","1.0573","59.552","56.3","57.1","21888000000","20.7","kernel","kernel","0","AMD Ryzen Threadripper 3970X 32-Core Processor","","","","0","0","","","37.0","0","OPENBLAS_NUM_THREADS=20; e2e_host_memcpy=1; e2e_bw=mixed","1.0447719298245615","2,902144249512671e-07","0.01854912280701754","0","0","","","","","1,6542222222222223e-05","DE","0,09997","1,6537259555555557e-06","0,07830997222222223","1,2954209627160496e-06","0,1002","1,6575306666666667e-06","0,09501313888888888","1,571728457530864e-06","0,1002","1,6575306666666667e-06","0,09501313888888888","1,571728457530864e-06","0,09997","1,6537259555555557e-06","0,07830997222222223","1,2954209627160496e-06","0,09997","2,901273606237817e-08","2,2726683556421926e-08","1,6537259555555557e-06","0,1002","2,907948538011696e-08","2,7574183465453758e-08","1,6575306666666669e-06","0,1002","2,907948538011696e-08","2,7574183465453758e-08","1,6575306666666669e-06","0,09997","2,901273606237817e-08","2,2726683556421926e-08","1,6537259555555557e-06"
"2024-09-13 00:54:17+02:00","rock-tobefilledbyoem","AMD Ryzen Threadripper 3970X 32-Core Processor","0","e2e","17","1.0","1.0573","0,5423","30,952","57.1","0","reduction","openblas","fp32","0","57","17","1.0573","59.552","56.3","57.1","3264000000","6.02","e2e","e2e","0","AMD Ryzen Threadripper 3970X 32-Core Processor","","","","0","0","","","37.0","0","OPENBLAS_NUM_THREADS=20; e2e_host_memcpy=1; e2e_bw=mixed","1.8207058823529412","5,057516339869281e-07","0.0319","0","0","0.0","","0.0","0.0","8,597777777777778e-06","DE","0,09997","8,595198444444445e-07","0,07830997222222223","6,732917389506174e-07","0,1002","8,614973333333333e-07","0,09501313888888888","8,169018541358024e-07","0,1002","8,614973333333333e-07","0,09501313888888888","8,169018541358024e-07","0,09997","8,595198444444445e-07","0,07830997222222223","6,732917389506174e-07","0,09997","5,055999084967321e-08","3,960539640885985e-08","8,595198444444445e-07","0,1002","5,06763137254902e-08","4,8053050243282497e-08","8,614973333333334e-07","0,1002","5,06763137254902e-08","4,8053050243282497e-08","8,614973333333334e-07","0,09997","5,055999084967321e-08","3,960539640885985e-08","8,595198444444445e-07"
"2024-09-13 00:54:25+02:00","rock-tobefilledbyoem","AMD Ryzen Threadripper 3970X 32-Core Processor","0","kernel","43","1.0","1.0798","1,0798","60,814","56.3","0","reduction","openblas","fp32","0","43","14","1.0798","60.814","56.3","56.9","22016000000","20.39","kernel","kernel","0","AMD Ryzen Threadripper 3970X 32-Core Processor","","","","0","0","","","37.1","0","OPENBLAS_NUM_THREADS=20; e2e_host_memcpy=1; e2e_bw=mixed","1.4142790697674419","3,9285529715762274e-07","0.025111627906976745","0","0","","","","","1,6892777777777777e-05","DE","0,09997","1,6887709944444444e-06","0,07830997222222223","1,3228729585339507e-06","0,1002","1,6926563333333333e-06","0,09501313888888888","1,6050358412191357e-06","0,1002","1,6926563333333333e-06","0,09501313888888888","1,6050358412191357e-06","0,09997","1,6887709944444444e-06","0,07830997222222223","1,3228729585339507e-06","0,09997","3,927374405684755e-08","3,0764487407766296e-08","1,6887709944444446e-06","0,1002","3,93641007751938e-08","3,732641491207292e-08","1,6926563333333333e-06","0,1002","3,93641007751938e-08","3,732641491207292e-08","1,6926563333333333e-06","0,09997","3,927374405684755e-08","3,0764487407766296e-08","1,6887709944444446e-06"
"2024-09-13 00:54:25+02:00","rock-tobefilledbyoem","AMD Ryzen Threadripper 3970X 32-Core Processor","0","e2e","14","1.0","1.0798","0,6048","34,407","56.9","0","reduction","openblas","fp32","0","43","14","1.0798","60.814","56.3","56.9","3584000000","5.93","e2e","e2e","0","AMD Ryzen Threadripper 3970X 32-Core Processor","","","","0","0","","","37.1","0","OPENBLAS_NUM_THREADS=20; e2e_host_memcpy=1; e2e_bw=mixed","2.457642857142857","6,826785714285714e-07","0.0432","0","0","0.0","","0.0","0.0","9,5575e-06","DE","0,09997","9,55463275e-07","0,07830997222222223","7,484475595138889e-07","0,1002","9,576614999999998e-07","0,09501313888888888","9,080880749305553e-07","0,1002","9,576614999999998e-07","0,09501313888888888","9,080880749305553e-07","0,09997","9,55463275e-07","0,07830997222222223","7,484475595138889e-07","0,09997","6,824737678571429e-08","5,346053996527778e-08","9,55463275e-07","0,1002","6,840439285714286e-08","6,48634339236111e-08","9,576615e-07","0,1002","6,840439285714286e-08","6,48634339236111e-08","9,576615e-07","0,09997","6,824737678571429e-08","5,346053996527778e-08","9,55463275e-07"
"2024-09-13 00:54:34+02:00","rock-tobefilledbyoem","AMD Ryzen Threadripper 3970X 32-Core Processor","0","kernel","29","1.0","1.0801","1,0801","61,001","56.5","0","reduction","openblas","fp32","0","29","9","1.0801","61.001","56.5","57.6","22272000000","20.62","kernel","kernel","0","AMD Ryzen Threadripper 3970X 32-Core Processor","","","","0","0","","","37.1","0","OPENBLAS_NUM_THREADS=20; e2e_host_memcpy=1; e2e_bw=mixed","2.1034827586206895","5,843007662835249e-07","0.0372448275862069","0","0","","","","","1,6944722222222222e-05","DE","0,09997","1,6939638805555556e-06","0,07830997222222223","1,3269407265354939e-06","0,1002","1,6978611666666666e-06","0,09501313888888888","1,6099712459336417e-06","0,1002","1,6978611666666666e-06","0,09501313888888888","1,6099712459336417e-06","0,09997","1,6939638805555556e-06","0,07830997222222223","1,3269407265354939e-06","0,09997","5,8412547605363985e-08","4,5756576777086e-08","1,6939638805555556e-06","0,1002","5,8546936781609195e-08","5,551624985978075e-08","1,6978611666666666e-06","0,1002","5,8546936781609195e-08","5,551624985978075e-08","1,6978611666666666e-06","0,09997","5,8412547605363985e-08","4,5756576777086e-08","1,6939638805555556e-06"
"2024-09-13 00:54:34+02:00","rock-tobefilledbyoem","AMD Ryzen Threadripper 3970X 32-Core Processor","0","e2e","9","1.0","1.0801","0,5735","33,029","57.6","0","reduction","openblas","fp32","0","29","9","1.0801","61.001","56.5","57.6","3456000000","6.03","e2e","e2e","0","AMD Ryzen Threadripper 3970X 32-Core Processor","","","","0","0","","","37.1","0","OPENBLAS_NUM_THREADS=20; e2e_host_memcpy=1; e2e_bw=mixed","3.6698888888888894","1,0194135802469138e-06","0.06372222222222222","0","0","0.0","","0.0","0.0","9,174722222222223e-06","DE","0,09997","9,171969805555557e-07","0,07830997222222223","7,184722423688273e-07","0,1002","9,193071666666668e-07","0,09501313888888888","8,717191567669753e-07","0,1002","9,193071666666668e-07","0,09501313888888888","8,717191567669753e-07","0,09997","9,171969805555557e-07","0,07830997222222223","7,184722423688273e-07","0,09997","1,0191077561728398e-07","7,983024915209194e-08","9,171969805555558e-07","0,1002","1,0214524074074076e-07","9,685768408521948e-08","9,193071666666668e-07","0,1002","1,0214524074074076e-07","9,685768408521948e-08","9,193071666666668e-07","0,09997","1,0191077561728398e-07","7,983024915209194e-08","9,171969805555558e-07"
"2024-09-13 00:54:43+02:00","rock-tobefilledbyoem","AMD Ryzen Threadripper 3970X 32-Core Processor","0","kernel","22","1.0","1.0986","1,0986","62,7","57.1","0","reduction","openblas","fp32","0","22","7","1.0986","62.7","57.1","57.7","22528000000","20.51","kernel","kernel","0","AMD Ryzen Threadripper 3970X 32-Core Processor","","","","0","0","","","37.5","0","OPENBLAS_NUM_THREADS=20; e2e_host_memcpy=1; e2e_bw=mixed","2.85","7,916666666666667e-07","0.04993636363636364","0","0","","","","","1,741666666666667e-05","DE","0,09997","1,7411441666666669e-06","0,07830997222222223","1,3638986828703707e-06","0,1002","1,7451500000000001e-06","0,09501313888888888","1,6548121689814815e-06","0,1002","1,7451500000000001e-06","0,09501313888888888","1,6548121689814815e-06","0,09997","1,7411441666666669e-06","0,07830997222222223","1,3638986828703707e-06","0,09997","7,914291666666667e-08","6,199539467592593e-08","1,7411441666666669e-06","0,1002","7,9325e-08","7,521873495370369e-08","1,7451500000000001e-06","0,1002","7,9325e-08","7,521873495370369e-08","1,7451500000000001e-06","0,09997","7,914291666666667e-08","6,199539467592593e-08","1,7411441666666669e-06"
"2024-09-13 00:54:43+02:00","rock-tobefilledbyoem","AMD Ryzen Threadripper 3970X 32-Core Processor","0","e2e","7","1.0","1.0986","0,6044","34,883","57.7","0","reduction","openblas","fp32","0","22","7","1.0986","62.7","57.1","57.7","3584000000","5.93","e2e","e2e","0","AMD Ryzen Threadripper 3970X 32-Core Processor","","","","0","0","","","37.5","0","OPENBLAS_NUM_THREADS=20; e2e_host_memcpy=1; e2e_bw=mixed","4.9832857142857145","1,384246031746032e-06","0.08634285714285715","0","0","0.0","","0.0","0.0","9,689722222222223e-06","DE","0,09997","9,686815305555556e-07","0,07830997222222223","7,588018780632717e-07","0,1002","9,709101666666667e-07","0,09501313888888888","9,20650923294753e-07","0,1002","9,709101666666667e-07","0,09501313888888888","9,20650923294753e-07","0,09997","9,686815305555556e-07","0,07830997222222223","7,588018780632717e-07","0,09997","1,3838307579365082e-07","1,0840026829475312e-07","9,686815305555558e-07","0,1002","1,387014523809524e-07","1,31521560470679e-07","9,709101666666667e-07","0,1002","1,387014523809524e-07","1,31521560470679e-07","9,709101666666667e-07","0,09997","1,3838307579365082e-07","1,0840026829475312e-07","9,686815305555558e-07"
"2024-09-13 00:54:53+02:00","rock-tobefilledbyoem","AMD Ryzen Threadripper 3970X 32-Core Processor","0","kernel","18","1.0","1.1195","1,1195","63,784","57.0","0","reduction","openblas","fp32","0","18","7","1.1195","63.784","57.0","57.7","23040000000","20.58","kernel","kernel","0","AMD Ryzen Threadripper 3970X 32-Core Processor","","","","0","0","","","37.5","0","OPENBLAS_NUM_THREADS=20; e2e_host_memcpy=1; e2e_bw=mixed","3.5435555555555553","9,84320987654321e-07","0.06219444444444444","0","0","","","","","1,7717777777777777e-05","DE","0,09997","1,7712462444444444e-06","0,07830997222222223","1,387478685617284e-06","0,1002","1,7753213333333333e-06","0,09501313888888888","1,6834216808024688e-06","0,1002","1,7753213333333333e-06","0,09501313888888888","1,6834216808024688e-06","0,09997","1,7712462444444444e-06","0,07830997222222223","1,387478685617284e-06","0,09997","9,840256913580247e-08","7,708214920096022e-08","1,7712462444444444e-06","0,1002","9,862896296296296e-08","9,352342671124827e-08","1,7753213333333333e-06","0,1002","9,862896296296296e-08","9,352342671124827e-08","1,7753213333333333e-06","0,09997","9,840256913580247e-08","7,708214920096022e-08","1,7712462444444444e-06"
"2024-09-13 00:54:53+02:00","rock-tobefilledbyoem","AMD Ryzen Threadripper 3970X 32-Core Processor","0","e2e","7","1.0","1.1195","0,7444","42,985","57.7","0","reduction","openblas","fp32","0","18","7","1.1195","63.784","57.0","57.7","4480000000","6.02","e2e","e2e","0","AMD Ryzen Threadripper 3970X 32-Core Processor","","","","0","0","","","37.5","0","OPENBLAS_NUM_THREADS=20; e2e_host_memcpy=1; e2e_bw=mixed","6.140714285714286","1,7057539682539684e-06","0.10634285714285714","0","0","0.0","","0.0","0.0","1,1940277777777777e-05","DE","0,09997","1,1936695694444445e-06","0,07830997222222223","9,350428211033951e-07","0,1002","1,1964158333333331e-06","0,09501313888888888","1,1344832708719133e-06","0,1002","1,1964158333333331e-06","0,09501313888888888","1,1344832708719133e-06","0,09997","1,1936695694444445e-06","0,07830997222222223","9,350428211033951e-07","0,09997","1,7052422420634923e-07","1,335775458719136e-07","1,1936695694444447e-06","0,1002","1,7091654761904762e-07","1,6206903869598765e-07","1,1964158333333333e-06","0,1002","1,7091654761904762e-07","1,6206903869598765e-07","1,1964158333333333e-06","0,09997","1,7052422420634923e-07","1,335775458719136e-07","1,1936695694444447e-06"
"2024-09-13 00:55:02+02:00","rock-tobefilledbyoem","AMD Ryzen Threadripper 3970X 32-Core Processor","0","kernel","15","1.0","1.121","1,121","62,829","56.0","0","reduction","openblas","fp32","0","15","6","1.121","62.829","56.0","56.7","23040000000","20.55","kernel","kernel","0","AMD Ryzen Threadripper 3970X 32-Core Processor","","","","0","0","","","37.2","0","OPENBLAS_NUM_THREADS=20; e2e_host_memcpy=1; e2e_bw=mixed","4.1886","1,1635e-06","0.07473333333333333","0","0","","","","","1,74525e-05","DE","0,09997","1,744726425e-06","0,07830997222222223","1,3667047902083335e-06","0,1002","1,7487404999999998e-06","0,09501313888888888","1,658216806458333e-06","0,1002","1,7487404999999998e-06","0,09501313888888888","1,658216806458333e-06","0,09997","1,744726425e-06","0,07830997222222223","1,3667047902083335e-06","0,09997","1,16315095e-07","9,111365268055557e-08","1,7447264249999998e-06","0,1002","1,1658269999999999e-07","1,105477870972222e-07","1,7487404999999998e-06","0,1002","1,1658269999999999e-07","1,105477870972222e-07","1,7487404999999998e-06","0,09997","1,16315095e-07","9,111365268055557e-08","1,7447264249999998e-06"
"2024-09-13 00:55:02+02:00","rock-tobefilledbyoem","AMD Ryzen Threadripper 3970X 32-Core Processor","0","e2e","6","1.0","1.121","0,7686","43,569","56.7","0","reduction","openblas","fp32","0","15","6","1.121","62.829","56.0","56.7","4608000000","6.0","e2e","e2e","0","AMD Ryzen Threadripper 3970X 32-Core Processor","","","","0","0","","","37.2","0","OPENBLAS_NUM_THREADS=20; e2e_host_memcpy=1; e2e_bw=mixed","7.261500000000001","2,017083333333333e-06","0.1281","0","0","0.0","","0.0","0.0","1,2102500000000001e-05","DE","0,09997","1,2098869250000002e-06","0,07830997222222223","9,477464388194447e-07","0,1002","1,2126705000000002e-06","0,09501313888888888","1,1498965134027777e-06","0,1002","1,2126705000000002e-06","0,09501313888888888","1,1498965134027777e-06","0,09997","1,2098869250000002e-06","0,07830997222222223","9,477464388194447e-07","0,09997","2,0164782083333332e-07","1,5795773980324073e-07","1,209886925e-06","0,1002","2,0211174999999997e-07","1,9164941890046292e-07","1,2126704999999998e-06","0,1002","2,0211174999999997e-07","1,9164941890046292e-07","1,2126704999999998e-06","0,09997","2,0164782083333332e-07","1,5795773980324073e-07","1,209886925e-06"
"2024-09-13 00:55:12+02:00","rock-tobefilledbyoem","AMD Ryzen Threadripper 3970X 32-Core Processor","0","kernel","11","1.0","1.081","1,081","60,898","56.3","0","reduction","openblas","fp32","0","11","4","1.081","60.898","56.3","57.1","22528000000","20.84","kernel","kernel","0","AMD Ryzen Threadripper 3970X 32-Core Processor","","","","0","0","","","37.2","0","OPENBLAS_NUM_THREADS=20; e2e_host_memcpy=1; e2e_bw=mixed","5.536181818181818","1,5378282828282828e-06","0.09827272727272728","0","0","","","","","1,691611111111111e-05","DE","0,09997","1,6911036277777778e-06","0,07830997222222223","1,324700191219136e-06","0,1002","1,6949943333333333e-06","0,09501313888888888","1,6072528144598764e-06","0,1002","1,6949943333333333e-06","0,09501313888888888","1,6072528144598764e-06","0,09997","1,6911036277777778e-06","0,07830997222222223","1,324700191219136e-06","0,09997","1,5373669343434343e-07","1,2042729011083055e-07","1,6911036277777778e-06","0,1002","1,5409039393939394e-07","1,4611389222362513e-07","1,6949943333333335e-06","0,1002","1,5409039393939394e-07","1,4611389222362513e-07","1,6949943333333335e-06","0,09997","1,5373669343434343e-07","1,2042729011083055e-07","1,6911036277777778e-06"
"2024-09-13 00:55:12+02:00","rock-tobefilledbyoem","AMD Ryzen Threadripper 3970X 32-Core Processor","0","e2e","4","1.0","1.081","0,6782","38,697","57.1","0","reduction","openblas","fp32","0","11","4","1.081","60.898","56.3","57.1","4096000000","6.04","e2e","e2e","0","AMD Ryzen Threadripper 3970X 32-Core Processor","","","","0","0","","","37.2","0","OPENBLAS_NUM_THREADS=20; e2e_host_memcpy=1; e2e_bw=mixed","9.67425","2,6872916666666667e-06","0.16955","0","0","0.0","","0.0","0.0","1,0749166666666667e-05","DE","0,09997","1,0745941916666666e-06","0,07830997222222223","8,417669430787038e-07","0,1002","1,0770665e-06","0,09501313888888888","1,0213120654398148e-06","0,1002","1,0770665e-06","0,09501313888888888","1,0213120654398148e-06","0,09997","1,0745941916666666e-06","0,07830997222222223","8,417669430787038e-07","0,09997","2,6864854791666666e-07","2,1044173576967596e-07","1,0745941916666666e-06","0,1002","2,69266625e-07","2,553280163599537e-07","1,0770665e-06","0,1002","2,69266625e-07","2,553280163599537e-07","1,0770665e-06","0,09997","2,6864854791666666e-07","2,1044173576967596e-07","1,0745941916666666e-06"
"2024-09-13 00:55:23+02:00","rock-tobefilledbyoem","AMD Ryzen Threadripper 3970X 32-Core Processor","0","kernel","8","1.0","1.1734","1,1734","66,145","56.4","0","reduction","openblas","fp32","0","8","3","1.1734","66.145","56.4","57.0","24576000000","20.94","kernel","kernel","0","AMD Ryzen Threadripper 3970X 32-Core Processor","","","","0","0","","","37.2","0","OPENBLAS_NUM_THREADS=20; e2e_host_memcpy=1; e2e_bw=mixed","8.268125","2,296701388888889e-06","0.146675","0","0","","","","","1,837361111111111e-05","DE","0,09997","1,8368099027777777e-06","0,07830997222222223","1,4388369757330247e-06","0,1002","1,841035833333333e-06","0,09501313888888888","1,7457344643904315e-06","0,1002","1,841035833333333e-06","0,09501313888888888","1,7457344643904315e-06","0,09997","1,8368099027777777e-06","0,07830997222222223","1,4388369757330247e-06","0,09997","2,2960123784722224e-07","1,7985462196662812e-07","1,836809902777778e-06","0,1002","2,3012947916666668e-07","2,18216808048804e-07","1,8410358333333334e-06","0,1002","2,3012947916666668e-07","2,18216808048804e-07","1,8410358333333334e-06","0,09997","2,2960123784722224e-07","1,7985462196662812e-07","1,836809902777778e-06"
"2024-09-13 00:55:23+02:00","rock-tobefilledbyoem","AMD Ryzen Threadripper 3970X 32-Core Processor","0","e2e","3","1.0","1.1734","0,7615","43,366","57.0","0","reduction","openblas","fp32","0","8","3","1.1734","66.145","56.4","57.0","4608000000","6.05","e2e","e2e","0","AMD Ryzen Threadripper 3970X 32-Core Processor","","","","0","0","","","37.2","0","OPENBLAS_NUM_THREADS=20; e2e_host_memcpy=1; e2e_bw=mixed","14.455333333333334","4,015370370370371e-06","0.2538333333333333","0","0","0.0","","0.0","0.0","1,204611111111111e-05","DE","0,09997","1,2042497277777777e-06","0,07830997222222223","9,433306264969136e-07","0,1002","1,2070203333333333e-06","0,09501313888888888","1,1445388280709873e-06","0,1002","1,2070203333333333e-06","0,09501313888888888","1,1445388280709873e-06","0,09997","1,2042497277777777e-06","0,07830997222222223","9,433306264969136e-07","0,09997","4,01416575925926e-07","3,144435421656379e-07","1,204249727777778e-06","0,1002","4,0234011111111116e-07","3,815129426903292e-07","1,2070203333333335e-06","0,1002","4,0234011111111116e-07","3,815129426903292e-07","1,2070203333333335e-06","0,09997","4,01416575925926e-07","3,144435421656379e-07","1,204249727777778e-06"
"2024-09-13 00:55:46+02:00","rock-tobefilledbyoem","AMD Ryzen Threadripper 3970X 32-Core Processor","0","kernel","553","1.0","0.0492","0,0492","2,744","55.8","1","reduction","openblas","fp32","0","553","360","0.0492","2.744","55.8","55.3","4424000000","89.92","kernel","kernel","0","AMD Ryzen Threadripper 3970X 32-Core Processor","","","","0","0","","","36.0","0","OPENBLAS_NUM_THREADS=20; e2e_host_memcpy=1; e2e_bw=mixed","0.004962025316455697","1,378340365682138e-09","8.896925858951175e-05","0","0","","","","","7,622222222222223e-07","DE","0,09997","7,619935555555557e-08","0,07830997222222223","5,968960104938273e-08","0,1002","7,637466666666668e-08","0,09501313888888888","7,242112586419753e-08","0,1002","7,637466666666668e-08","0,09501313888888888","7,242112586419753e-08","0,09997","7,619935555555557e-08","0,07830997222222223","5,968960104938273e-08","0,09997","1,3779268635724334e-10","1,0793779574933586e-10","7,619935555555557e-08","0,1002","1,3810970464135023e-10","1,3096044460071888e-10","7,637466666666668e-08","0,1002","1,3810970464135023e-10","1,3096044460071888e-10","7,637466666666668e-08","0,09997","1,3779268635724334e-10","1,0793779574933586e-10","7,619935555555557e-08"
"2024-09-13 00:55:46+02:00","rock-tobefilledbyoem","AMD Ryzen Threadripper 3970X 32-Core Processor","0","e2e","360","1.0","0.0492","0,0713","3,946","55.3","1","reduction","openblas","fp32","0","553","360","0.0492","2.744","55.8","55.3","1440000000","20.19","e2e","e2e","0","AMD Ryzen Threadripper 3970X 32-Core Processor","","","","0","0","","","36.0","0","OPENBLAS_NUM_THREADS=20; e2e_host_memcpy=1; e2e_bw=mixed","0.010961111111111112","3,0447530864197532e-09","0.00019805555555555557","0","0","0.0","","0.0","0.0","1,0961111111111112e-06","DE","0,09997","1,0957822777777779e-07","0,07830997222222223","8,583643066358026e-08","0,1002","1,0983033333333334e-07","0,09501313888888888","1,0414495723765431e-07","0,1002","1,0983033333333334e-07","0,09501313888888888","1,0414495723765431e-07","0,09997","1,0957822777777779e-07","0,07830997222222223","8,583643066358026e-08","0,09997","3,0438396604938275e-10","2,384345296210563e-10","1,0957822777777779e-07","0,1002","3,0508425925925924e-10","2,892915478823731e-10","1,0983033333333333e-07","0,1002","3,0508425925925924e-10","2,892915478823731e-10","1,0983033333333333e-07","0,09997","3,0438396604938275e-10","2,384345296210563e-10","1,0957822777777779e-07"
"2024-09-13 00:55:49+02:00","rock-tobefilledbyoem","AMD Ryzen Threadripper 3970X 32-Core Processor","0","kernel","860","1.0","0.1438","0,1438","8,011","55.7","1","reduction","openblas","fp32","0","860","608","0.1438","8.011","55.7","55.0","10320000000","71.76","kernel","kernel","0","AMD Ryzen Threadripper 3970X 32-Core Processor","","","","0","0","","","36.8","0","OPENBLAS_NUM_THREADS=20; e2e_host_memcpy=1; e2e_bw=mixed","0.009315116279069767","2,587532299741602e-09","0.0001672093023255814","0","0","","","","","2,2252777777777777e-06","DE","0,09997","2,2246101944444445e-07","0,07830997222222223","1,7426144096450618e-07","0,1002","2,2297283333333332e-07","0,09501313888888888","2,11430626566358e-07","0,1002","2,2297283333333332e-07","0,09501313888888888","2,11430626566358e-07","0,09997","2,2246101944444445e-07","0,07830997222222223","1,7426144096450618e-07","0,09997","2,5867560400516797e-10","2,0262958251686766e-10","2,2246101944444445e-07","0,1002","2,592707364341085e-10","2,458495657748349e-10","2,2297283333333332e-07","0,1002","2,592707364341085e-10","2,458495657748349e-10","2,2297283333333332e-07","0,09997","2,5867560400516797e-10","2,0262958251686766e-10","2,2246101944444445e-07"
"2024-09-13 00:55:49+02:00","rock-tobefilledbyoem","AMD Ryzen Threadripper 3970X 32-Core Processor","0","e2e","608","1.0","0.1438","0,3593","19,743","55.0","1","reduction","openblas","fp32","0","860","608","0.1438","8.011","55.7","55.0","3648000000","10.15","e2e","e2e","0","AMD Ryzen Threadripper 3970X 32-Core Processor","","","","0","0","","","36.8","0","OPENBLAS_NUM_THREADS=20; e2e_host_memcpy=1; e2e_bw=mixed","0.03247203947368421","9,02001096491228e-09","0.0005909539473684211","0","0","0.0","","0.0","0.0","5,4841666666666665e-06","DE","0,09997","5,482521416666666e-07","0,07830997222222223","4,2946493932870374e-07","0,1002","5,495134999999999e-07","0,09501313888888888","5,210678891898147e-07","0,1002","5,495134999999999e-07","0,09501313888888888","5,210678891898147e-07","0,09997","5,482521416666666e-07","0,07830997222222223","4,2946493932870374e-07","0,09997","9,017304961622807e-10","7,063568081064206e-10","5,482521416666666e-07","0,1002","9,038050986842104e-10","8,57019554588511e-10","5,495134999999999e-07","0,1002","9,038050986842104e-10","8,57019554588511e-10","5,495134999999999e-07","0,09997","9,017304961622807e-10","7,063568081064206e-10","5,482521416666666e-07"
"2024-09-13 00:55:56+02:00","rock-tobefilledbyoem","AMD Ryzen Threadripper 3970X 32-Core Processor","0","kernel","2656","1.0","0.9387","0,9387","52,106","55.5","1","reduction","openblas","fp32","0","2656","475","0.9387","52.106","55.5","55.6","42496000000","45.27","kernel","kernel","0","AMD Ryzen Threadripper 3970X 32-Core Processor","","","","0","0","","","37.0","0","OPENBLAS_NUM_THREADS=20; e2e_host_memcpy=1; e2e_bw=mixed","0.019618222891566266","5,449506358768407e-09","0.0003534262048192771","0","0","","","","","1,447388888888889e-05","DE","0,09997","1,4469546722222225e-06","0,07830997222222223","1,13344983683642e-06","0,1002","1,4502836666666668e-06","0,09501313888888888","1,3752096152623456e-06","0,1002","1,4502836666666668e-06","0,09501313888888888","1,3752096152623456e-06","0,09997","1,4469546722222225e-06","0,07830997222222223","1,13344983683642e-06","0,09997","5,447871506860777e-10","4,267506915799774e-10","1,4469546722222225e-06","0,1002","5,460405371485944e-10","5,177747045415457e-10","1,4502836666666668e-06","0,1002","5,460405371485944e-10","5,177747045415457e-10","1,4502836666666668e-06","0,09997","5,447871506860777e-10","4,267506915799774e-10","1,4469546722222225e-06"
"2024-09-13 00:55:56+02:00","rock-tobefilledbyoem","AMD Ryzen Threadripper 3970X 32-Core Processor","0","e2e","475","1.0","0.9387","0,5438","30,254","55.6","1","reduction","openblas","fp32","0","2656","475","0.9387","52.106","55.5","55.6","3800000000","6.99","e2e","e2e","0","AMD Ryzen Threadripper 3970X 32-Core Processor","","","","0","0","","","37.0","0","OPENBLAS_NUM_THREADS=20; e2e_host_memcpy=1; e2e_bw=mixed","0.06369263157894738","1,7692397660818714e-08","0.0011448421052631579","0","0","0.0","","0.0","0.0","8,403888888888889e-06","DE","0,09997","8,401367722222223e-07","0,07830997222222223","6,58108305447531e-07","0,1002","8,420696666666666e-07","0,09501313888888888","7,9847986220679e-07","0,1002","8,420696666666666e-07","0,09501313888888888","7,9847986220679e-07","0,09997","8,401367722222223e-07","0,07830997222222223","6,58108305447531e-07","0,09997","1,768708994152047e-09","1,3854911693632231e-09","8,401367722222223e-07","0,1002","1,772778245614035e-09","1,681010236224821e-09","8,420696666666666e-07","0,1002","1,772778245614035e-09","1,681010236224821e-09","8,420696666666666e-07","0,09997","1,768708994152047e-09","1,3854911693632231e-09","8,401367722222223e-07"
"2024-09-13 00:56:05+02:00","rock-tobefilledbyoem","AMD Ryzen Threadripper 3970X 32-Core Processor","0","kernel","1021","1.0","1.1635","1,1635","65,427","56.2","0","reduction","openblas","fp32","0","1021","270","1.1635","65.427","56.2","56.4","24504000000","21.06","kernel","kernel","0","AMD Ryzen Threadripper 3970X 32-Core Processor","","","","0","0","","","37.0","0","OPENBLAS_NUM_THREADS=20; e2e_host_memcpy=1; e2e_bw=mixed","0.06408129285014692","1,7800359125040813e-08","0.0011395690499510283","0","0","","","","","1,817416666666667e-05","DE","0,09997","1,816871441666667e-06","0,07830997222222223","1,4232184868287041e-06","0,1002","1,8210515000000003e-06","0,09501313888888888","1,7267846216898149e-06","0,1002","1,8210515000000003e-06","0,09501313888888888","1,7267846216898149e-06","0,09997","1,816871441666667e-06","0,07830997222222223","1,4232184868287041e-06","0,09997","1,7795019017303302e-09","1,3939456286275261e-09","1,8168714416666672e-06","0,1002","1,7835959843290894e-09","1,6912679938196033e-09","1,8210515000000003e-06","0,1002","1,7835959843290894e-09","1,6912679938196033e-09","1,8210515000000003e-06","0,09997","1,7795019017303302e-09","1,3939456286275261e-09","1,8168714416666672e-06"
"2024-09-13 00:56:05+02:00","rock-tobefilledbyoem","AMD Ryzen Threadripper 3970X 32-Core Processor","0","e2e","270","1.0","1.1635","0,6503","36,701","56.4","0","reduction","openblas","fp32","0","1021","270","1.1635","65.427","56.2","56.4","3240000000","4.98","e2e","e2e","0","AMD Ryzen Threadripper 3970X 32-Core Processor","","","","0","0","","","37.0","0","OPENBLAS_NUM_THREADS=20; e2e_host_memcpy=1; e2e_bw=mixed","0.13592962962962962","3,7758230452674895e-08","0.0024085185185185186","0","0","0.0","","0.0","0.0","1,0194722222222222e-05","DE","0,09997","1,0191663805555555e-06","0,07830997222222223","7,983484140354939e-07","0,1002","1,0215111666666665e-06","0,09501313888888888","9,686325584336418e-07","0,1002","1,0215111666666665e-06","0,09501313888888888","9,686325584336418e-07","0,09997","1,0191663805555555e-06","0,07830997222222223","7,983484140354939e-07","0,09997","3,774690298353909e-09","2,9568459779092365e-09","1,0191663805555555e-06","0,1002","3,783374691358024e-09","3,587527994198673e-09","1,0215111666666665e-06","0,1002","3,783374691358024e-09","3,587527994198673e-09","1,0215111666666665e-06","0,09997","3,774690298353909e-09","2,9568459779092365e-09","1,0191663805555555e-06"
"2024-09-13 00:56:14+02:00","rock-tobefilledbyoem","AMD Ryzen Threadripper 3970X 32-Core Processor","0","kernel","650","1.0","1.0653","1,0653","60,049","56.4","0","reduction","openblas","fp32","0","650","218","1.0653","60.049","56.4","57.3","20800000000","19.52","kernel","kernel","0","AMD Ryzen Threadripper 3970X 32-Core Processor","","","","0","0","","","37.0","0","OPENBLAS_NUM_THREADS=20; e2e_host_memcpy=1; e2e_bw=mixed","0.09238307692307693","2,5661965811965814e-08","0.0016389230769230769","0","0","","","","","1,668027777777778e-05","DE","0,09997","1,6675273694444445e-06","0,07830997222222223","1,3062320894367286e-06","0,1002","1,6713638333333335e-06","0,09501313888888888","1,5848455492052469e-06","0,1002","1,6713638333333335e-06","0,09501313888888888","1,5848455492052469e-06","0,09997","1,6675273694444445e-06","0,07830997222222223","1,3062320894367286e-06","0,09997","2,5654267222222225e-09","2,0095878299026594e-09","1,6675273694444447e-06","0,1002","2,5713289743589745e-09","2,438223921854226e-09","1,6713638333333335e-06","0,1002","2,5713289743589745e-09","2,438223921854226e-09","1,6713638333333335e-06","0,09997","2,5654267222222225e-09","2,0095878299026594e-09","1,6675273694444447e-06"
"2024-09-13 00:56:14+02:00","rock-tobefilledbyoem","AMD Ryzen Threadripper 3970X 32-Core Processor","0","e2e","218","1.0","1.0653","0,5933","34,009","57.3","0","reduction","openblas","fp32","0","650","218","1.0653","60.049","56.4","57.3","3488000000","5.88","e2e","e2e","0","AMD Ryzen Threadripper 3970X 32-Core Processor","","","","0","0","","","37.0","0","OPENBLAS_NUM_THREADS=20; e2e_host_memcpy=1; e2e_bw=mixed","0.1560045871559633","4,3334607543323144e-08","0.0027215596330275233","0","0","0.0","","0.0","0.0","9,446944444444445e-06","DE","0,09997","9,444110361111112e-07","0,07830997222222223","7,397899570293211e-07","0,1002","9,465838333333334e-07","0,09501313888888888","8,975838445756172e-07","0,1002","9,465838333333334e-07","0,09501313888888888","8,975838445756172e-07","0,09997","9,444110361111112e-07","0,07830997222222223","7,397899570293211e-07","0,09997","4,332160716106015e-09","3,3935319129785376e-09","9,444110361111113e-07","0,1002","4,342127675840979e-09","4,117357085209253e-09","9,465838333333334e-07","0,1002","4,342127675840979e-09","4,117357085209253e-09","9,465838333333334e-07","0,09997","4,332160716106015e-09","3,3935319129785376e-09","9,444110361111113e-07"
"2024-09-13 00:56:22+02:00","rock-tobefilledbyoem","AMD Ryzen Threadripper 3970X 32-Core Processor","0","kernel","414","1.0","1.1576","1,1576","65,462","56.6","0","reduction","openblas","fp32","0","414","129","1.1576","65.462","56.6","57.3","19872000000","17.17","kernel","kernel","0","AMD Ryzen Threadripper 3970X 32-Core Processor","","","","0","0","","","36.8","0","OPENBLAS_NUM_THREADS=20; e2e_host_memcpy=1; e2e_bw=mixed","0.15812077294685992","4,392243692968331e-08","0.002796135265700483","0","0","","","","","1,8183888888888888e-05","DE","0,09997","1,8178433722222223e-06","0,07830997222222223","1,4239798337808643e-06","0,1002","1,8220256666666666e-06","0,09501313888888888","1,727708360540123e-06","0,1002","1,8220256666666666e-06","0,09501313888888888","1,727708360540123e-06","0,09997","1,8178433722222223e-06","0,07830997222222223","1,4239798337808643e-06","0,09997","4,390926019860441e-09","3,439564815895808e-09","1,8178433722222225e-06","0,1002","4,401028180354268e-09","4,173208600338462e-09","1,8220256666666668e-06","0,1002","4,401028180354268e-09","4,173208600338462e-09","1,8220256666666668e-06","0,09997","4,390926019860441e-09","3,439564815895808e-09","1,8178433722222225e-06"
"2024-09-13 00:56:22+02:00","rock-tobefilledbyoem","AMD Ryzen Threadripper 3970X 32-Core Processor","0","e2e","129","1.0","1.1576","0,5554","31,846","57.3","0","reduction","openblas","fp32","0","414","129","1.1576","65.462","56.6","57.3","3096000000","5.57","e2e","e2e","0","AMD Ryzen Threadripper 3970X 32-Core Processor","","","","0","0","","","36.8","0","OPENBLAS_NUM_THREADS=20; e2e_host_memcpy=1; e2e_bw=mixed","0.24686821705426357","6,857450473729544e-08","0.004305426356589147","0","0","0.0","","0.0","0.0","8,84611111111111e-06","DE","0,09997","8,843457277777777e-07","0,07830997222222223","6,927387153858025e-07","0,1002","8,863803333333332e-07","0,09501313888888888","8,40496783626543e-07","0,1002","8,863803333333332e-07","0,09501313888888888","8,40496783626543e-07","0,09997","8,843457277777777e-07","0,07830997222222223","6,927387153858025e-07","0,09997","6,855393238587425e-09","5,370067561130253e-09","8,843457277777779e-07","0,1002","6,871165374677003e-09","6,51547894284142e-09","8,863803333333333e-07","0,1002","6,871165374677003e-09","6,51547894284142e-09","8,863803333333333e-07","0,09997","6,855393238587425e-09","5,370067561130253e-09","8,843457277777779e-07"
"2024-09-13 00:56:31+02:00","rock-tobefilledbyoem","AMD Ryzen Threadripper 3970X 32-Core Processor","0","kernel","289","1.0","1.0309","1,0309","58,183","56.4","0","reduction","openblas","fp32","0","289","108","1.0309","58.183","56.4","57.2","18496000000","17.94","kernel","kernel","0","AMD Ryzen Threadripper 3970X 32-Core Processor","","","","0","0","","","36.8","0","OPENBLAS_NUM_THREADS=20; e2e_host_memcpy=1; e2e_bw=mixed","0.20132525951557093","5,59236831987697e-08","0.0035671280276816605","0","0","","","","","1,6161944444444444e-05","DE","0,09997","1,6157095861111111e-06","0,07830997222222223","1,2656414205015434e-06","0,1002","1,6194268333333332e-06","0,09501313888888888","1,535597072214506e-06","0,1002","1,6194268333333332e-06","0,09501313888888888","1,535597072214506e-06","0,09997","1,6157095861111111e-06","0,07830997222222223","1,2656414205015434e-06","0,09997","5,590690609381007e-09","4,379382077860011e-09","1,6157095861111111e-06","0,1002","5,603553056516724e-09","5,313484678942927e-09","1,6194268333333332e-06","0,1002","5,603553056516724e-09","5,313484678942927e-09","1,6194268333333332e-06","0,09997","5,590690609381007e-09","4,379382077860011e-09","1,6157095861111111e-06"
"2024-09-13 00:56:31+02:00","rock-tobefilledbyoem","AMD Ryzen Threadripper 3970X 32-Core Processor","0","e2e","108","1.0","1.0309","0,6195","35,411","57.2","0","reduction","openblas","fp32","0","289","108","1.0309","58.183","56.4","57.2","3456000000","5.58","e2e","e2e","0","AMD Ryzen Threadripper 3970X 32-Core Processor","","","","0","0","","","36.8","0","OPENBLAS_NUM_THREADS=20; e2e_host_memcpy=1; e2e_bw=mixed","0.32787962962962963","9,107767489711935e-08","0.005736111111111112","0","0","0.0","","0.0","0.0","9,836388888888889e-06","DE","0,09997","9,833437972222222e-07","0,07830997222222223","7,702873406558643e-07","0,1002","9,856061666666667e-07","0,09501313888888888","9,345861836651234e-07","0,1002","9,856061666666667e-07","0,09501313888888888","9,345861836651234e-07","0,09997","9,833437972222222e-07","0,07830997222222223","7,702873406558643e-07","0,09997","9,105035159465022e-09","7,132290191258003e-09","9,833437972222224e-07","0,1002","9,125983024691359e-09","8,65357577467707e-09","9,856061666666669e-07","0,1002","9,125983024691359e-09","8,65357577467707e-09","9,856061666666669e-07","0,09997","9,105035159465022e-09","7,132290191258003e-09","9,833437972222224e-07"
"2024-09-13 00:56:39+02:00","rock-tobefilledbyoem","AMD Ryzen Threadripper 3970X 32-Core Processor","0","kernel","208","1.0","1.0591","1,0591","59,707","56.4","0","reduction","openblas","fp32","0","208","64","1.0591","59.707","56.4","57.1","19968000000","18.85","kernel","kernel","0","AMD Ryzen Threadripper 3970X 32-Core Processor","","","","0","0","","","37.0","0","OPENBLAS_NUM_THREADS=20; e2e_host_memcpy=1; e2e_bw=mixed","0.28705288461538464","7,97369123931624e-08","0.005091826923076923","0","0","","","","","1,6585277777777777e-05","DE","0,09997","1,6580302194444444e-06","0,07830997222222223","1,2987926420756173e-06","0,1002","1,6618448333333333e-06","0,09501313888888888","1,5758193010108023e-06","0,1002","1,6618448333333333e-06","0,09501313888888888","1,5758193010108023e-06","0,09997","1,6580302194444444e-06","0,07830997222222223","1,2987926420756173e-06","0,09997","7,971299131944446e-09","6,244195394594316e-09","1,6580302194444448e-06","0,1002","7,989638621794872e-09","7,576054331782705e-09","1,6618448333333333e-06","0,1002","7,989638621794872e-09","7,576054331782705e-09","1,6618448333333333e-06","0,09997","7,971299131944446e-09","6,244195394594316e-09","1,6580302194444448e-06"
"2024-09-13 00:56:39+02:00","rock-tobefilledbyoem","AMD Ryzen Threadripper 3970X 32-Core Processor","0","e2e","64","1.0","1.0591","0,5304","30,277","57.1","0","reduction","openblas","fp32","0","208","64","1.0591","59.707","56.4","57.1","3072000000","5.79","e2e","e2e","0","AMD Ryzen Threadripper 3970X 32-Core Processor","","","","0","0","","","37.0","0","OPENBLAS_NUM_THREADS=20; e2e_host_memcpy=1; e2e_bw=mixed","0.473078125","1,314105902777778e-07","0.0082875","0","0","0.0","","0.0","0.0","8,410277777777779e-06","DE","0,09997","8,407754694444446e-07","0,07830997222222223","6,586086191589508e-07","0,1002","8,427098333333334e-07","0,09501313888888888","7,990868905941358e-07","0,1002","8,427098333333334e-07","0,09501313888888888","7,990868905941358e-07","0,09997","8,407754694444446e-07","0,07830997222222223","6,586086191589508e-07","0,09997","1,3137116710069446e-08","1,0290759674358606e-08","8,407754694444446e-07","0,1002","1,3167341145833334e-08","1,2485732665533372e-08","8,427098333333334e-07","0,1002","1,3167341145833334e-08","1,2485732665533372e-08","8,427098333333334e-07","0,09997","1,3137116710069446e-08","1,0290759674358606e-08","8,407754694444446e-07"
"2024-09-13 00:56:47+02:00","rock-tobefilledbyoem","AMD Ryzen Threadripper 3970X 32-Core Processor","0","kernel","157","1.0","1.0792","1,0792","61,436","56.9","0","reduction","openblas","fp32","0","157","56","1.0792","61.436","56.9","57.4","20096000000","18.62","kernel","kernel","0","AMD Ryzen Threadripper 3970X 32-Core Processor","","","","0","0","","","37.0","0","OPENBLAS_NUM_THREADS=20; e2e_host_memcpy=1; e2e_bw=mixed","0.39131210191082805","1,0869780608634113e-07","0.006873885350318471","0","0","","","","","1,7065555555555556e-05","DE","0,09997","1,706043588888889e-06","0,07830997222222223","1,336403181512346e-06","0,1002","1,7099686666666666e-06","0,09501313888888888","1,621452000216049e-06","0,1002","1,7099686666666666e-06","0,09501313888888888","1,621452000216049e-06","0,09997","1,706043588888889e-06","0,07830997222222223","1,336403181512346e-06","0,09997","1,0866519674451524e-08","8,512122175237873e-09","1,7060435888888893e-06","0,1002","1,0891520169851381e-08","1,0327719746599041e-08","1,7099686666666668e-06","0,1002","1,0891520169851381e-08","1,0327719746599041e-08","1,7099686666666668e-06","0,09997","1,0866519674451524e-08","8,512122175237873e-09","1,7060435888888893e-06"
"2024-09-13 00:56:47+02:00","rock-tobefilledbyoem","AMD Ryzen Threadripper 3970X 32-Core Processor","0","e2e","56","1.0","1.0792","0,6248","35,894","57.4","0","reduction","openblas","fp32","0","157","56","1.0792","61.436","56.9","57.4","3584000000","5.74","e2e","e2e","0","AMD Ryzen Threadripper 3970X 32-Core Processor","","","","0","0","","","37.0","0","OPENBLAS_NUM_THREADS=20; e2e_host_memcpy=1; e2e_bw=mixed","0.6409642857142857","1,780456349206349e-07","0.011157142857142857","0","0","0.0","","0.0","0.0","9,970555555555555e-06","DE","0,09997","9,96756438888889e-07","0,07830997222222223","7,807939285956791e-07","0,1002","9,990496666666666e-07","0,09501313888888888","9,473337797993825e-07","0,1002","9,990496666666666e-07","0,09501313888888888","9,473337797993825e-07","0,09997","9,96756438888889e-07","0,07830997222222223","7,807939285956791e-07","0,09997","1,7799222123015873e-08","1,394274872492284e-08","9,96756438888889e-07","0,1002","1,7840172619047615e-08","1,691667463927469e-08","9,990496666666664e-07","0,1002","1,7840172619047615e-08","1,691667463927469e-08","9,990496666666664e-07","0,09997","1,7799222123015873e-08","1,394274872492284e-08","9,96756438888889e-07"
"2024-09-13 00:56:55+02:00","rock-tobefilledbyoem","AMD Ryzen Threadripper 3970X 32-Core Processor","0","kernel","107","1.0","1.0624","1,0624","60,252","56.7","0","reduction","openblas","fp32","0","107","33","1.0624","60.252","56.7","57.3","20544000000","19.34","kernel","kernel","0","AMD Ryzen Threadripper 3970X 32-Core Processor","","","","0","0","","","37.0","0","OPENBLAS_NUM_THREADS=20; e2e_host_memcpy=1; e2e_bw=mixed","0.5631028037383178","1,5641744548286605e-07","0.009928971962616823","0","0","","","","","1,673666666666667e-05","DE","0,09997","1,673164566666667e-06","0,07830997222222223","1,3106479017592596e-06","0,1002","1,6770140000000002e-06","0,09501313888888888","1,590203234537037e-06","0,1002","1,6770140000000002e-06","0,09501313888888888","1,590203234537037e-06","0,09997","1,673164566666667e-06","0,07830997222222223","1,3106479017592596e-06","0,09997","1,563705202492212e-08","1,22490458108342e-08","1,673164566666667e-06","0,1002","1,5673028037383177e-08","1,4861712472308756e-08","1,677014e-06","0,1002","1,5673028037383177e-08","1,4861712472308756e-08","1,677014e-06","0,09997","1,563705202492212e-08","1,22490458108342e-08","1,673164566666667e-06"
"2024-09-13 00:56:55+02:00","rock-tobefilledbyoem","AMD Ryzen Threadripper 3970X 32-Core Processor","0","e2e","33","1.0","1.0624","0,5421","31,061","57.3","0","reduction","openblas","fp32","0","107","33","1.0624","60.252","56.7","57.3","3168000000","5.84","e2e","e2e","0","AMD Ryzen Threadripper 3970X 32-Core Processor","","","","0","0","","","37.0","0","OPENBLAS_NUM_THREADS=20; e2e_host_memcpy=1; e2e_bw=mixed","0.9412424242424242","2,6145622895622893e-07","0.016427272727272728","0","0","0.0","","0.0","0.0","8,628055555555556e-06","DE","0,09997","8,625467138888889e-07","0,07830997222222223","6,756627908873457e-07","0,1002","8,645311666666666e-07","0,09501313888888888","8,197786408410493e-07","0,1002","8,645311666666666e-07","0,09501313888888888","8,197786408410493e-07","0,09997","8,625467138888889e-07","0,07830997222222223","6,756627908873457e-07","0,09997","2,6137779208754206e-08","2,0474630026889264e-08","8,625467138888888e-07","0,1002","2,619791414141414e-08","2,4841776995183308e-08","8,645311666666666e-07","0,1002","2,619791414141414e-08","2,4841776995183308e-08","8,645311666666666e-07","0,09997","2,6137779208754206e-08","2,0474630026889264e-08","8,625467138888888e-07"
"2024-09-13 00:57:04+02:00","rock-tobefilledbyoem","AMD Ryzen Threadripper 3970X 32-Core Processor","0","kernel","82","1.0","1.0647","1,0647","60,246","56.6","0","reduction","openblas","fp32","0","82","28","1.0647","60.246","56.6","57.2","20992000000","19.72","kernel","kernel","0","AMD Ryzen Threadripper 3970X 32-Core Processor","","","","0","0","","","37.0","0","OPENBLAS_NUM_THREADS=20; e2e_host_memcpy=1; e2e_bw=mixed","0.7347073170731707","2,0408536585365854e-07","0.012984146341463415","0","0","","","","","1,6735e-05","DE","0,09997","1,6729979500000003e-06","0,07830997222222223","1,3105173851388891e-06","0,1002","1,676847e-06","0,09501313888888888","1,5900448793055556e-06","0,1002","1,676847e-06","0,09501313888888888","1,5900448793055556e-06","0,09997","1,6729979500000003e-06","0,07830997222222223","1,3105173851388891e-06","0,09997","2,0402414024390244e-08","1,598191933096206e-08","1,6729979499999999e-06","0,1002","2,0449353658536584e-08","1,939079121104336e-08","1,676847e-06","0,1002","2,0449353658536584e-08","1,939079121104336e-08","1,676847e-06","0,09997","2,0402414024390244e-08","1,598191933096206e-08","1,6729979499999999e-06"
"2024-09-13 00:57:04+02:00","rock-tobefilledbyoem","AMD Ryzen Threadripper 3970X 32-Core Processor","0","e2e","28","1.0","1.0647","0,608","34,79","57.2","0","reduction","openblas","fp32","0","82","28","1.0647","60.246","56.6","57.2","3584000000","5.89","e2e","e2e","0","AMD Ryzen Threadripper 3970X 32-Core Processor","","","","0","0","","","37.0","0","OPENBLAS_NUM_THREADS=20; e2e_host_memcpy=1; e2e_bw=mixed","1.2425","3,451388888888889e-07","0.021714285714285714","0","0","0.0","","0.0","0.0","9,663888888888889e-06","DE","0,09997","9,660989722222223e-07","0,07830997222222223","7,567788704475309e-07","0,1002","9,683216666666665e-07","0,09501313888888888","9,181964172067899e-07","0,1002","9,683216666666665e-07","0,09501313888888888","9,181964172067899e-07","0,09997","9,660989722222223e-07","0,07830997222222223","7,567788704475309e-07","0,09997","3,4503534722222225e-08","2,7027816801697533e-08","9,660989722222223e-07","0,1002","3,4582916666666664e-08","3,2792729185956784e-08","9,683216666666665e-07","0,1002","3,4582916666666664e-08","3,2792729185956784e-08","9,683216666666665e-07","0,09997","3,4503534722222225e-08","2,7027816801697533e-08","9,660989722222223e-07"
"2024-09-13 00:57:12+02:00","rock-tobefilledbyoem","AMD Ryzen Threadripper 3970X 32-Core Processor","0","kernel","56","1.0","1.0659","1,0659","60,199","56.5","0","reduction","openblas","fp32","0","56","17","1.0659","60.199","56.5","57.1","21504000000","20.17","kernel","kernel","0","AMD Ryzen Threadripper 3970X 32-Core Processor","","","","0","0","","","37.0","0","OPENBLAS_NUM_THREADS=20; e2e_host_memcpy=1; e2e_bw=mixed","1.0749821428571429","2,986061507936508e-07","0.019033928571428573","0","0","","","","","1,6721944444444442e-05","DE","0,09997","1,671692786111111e-06","0,07830997222222223","1,3094950049459876e-06","0,1002","1,6755388333333331e-06","0,09501313888888888","1,5888044299922834e-06","0,1002","1,6755388333333331e-06","0,09501313888888888","1,5888044299922834e-06","0,09997","1,671692786111111e-06","0,07830997222222223","1,3094950049459876e-06","0,09997","2,985165689484127e-08","2,33838393740355e-08","1,6716927861111111e-06","0,1002","2,992033630952381e-08","2,8371507678433642e-08","1,6755388333333335e-06","0,1002","2,992033630952381e-08","2,8371507678433642e-08","1,6755388333333335e-06","0,09997","2,985165689484127e-08","2,33838393740355e-08","1,6716927861111111e-06"
"2024-09-13 00:57:12+02:00","rock-tobefilledbyoem","AMD Ryzen Threadripper 3970X 32-Core Processor","0","e2e","17","1.0","1.0659","0,5488","31,349","57.1","0","reduction","openblas","fp32","0","56","17","1.0659","60.199","56.5","57.1","3264000000","5.95","e2e","e2e","0","AMD Ryzen Threadripper 3970X 32-Core Processor","","","","0","0","","","37.0","0","OPENBLAS_NUM_THREADS=20; e2e_host_memcpy=1; e2e_bw=mixed","1.8440588235294118","5,122385620915032e-07","0.03228235294117647","0","0","0.0","","0.0","0.0","8,708055555555555e-06","DE","0,09997","8,705443138888889e-07","0,07830997222222223","6,819275886651235e-07","0,1002","8,725471666666666e-07","0,09501313888888888","8,273796919521604e-07","0,1002","8,725471666666666e-07","0,09501313888888888","8,273796919521604e-07","0,09997","8,705443138888889e-07","0,07830997222222223","6,819275886651235e-07","0,09997","5,120848905228758e-08","4,011338756853668e-08","8,705443138888889e-07","0,1002","5,1326303921568624e-08","4,866939364424472e-08","8,725471666666666e-07","0,1002","5,1326303921568624e-08","4,866939364424472e-08","8,725471666666666e-07","0,09997","5,120848905228758e-08","4,011338756853668e-08","8,705443138888889e-07"
"2024-09-13 00:57:20+02:00","rock-tobefilledbyoem","AMD Ryzen Threadripper 3970X 32-Core Processor","0","kernel","42","1.0","1.0534","1,0534","59,438","56.4","0","reduction","openblas","fp32","0","42","14","1.0534","59.438","56.4","57.0","21504000000","20.41","kernel","kernel","0","AMD Ryzen Threadripper 3970X 32-Core Processor","","","","0","0","","","37.0","0","OPENBLAS_NUM_THREADS=20; e2e_host_memcpy=1; e2e_bw=mixed","1.4151904761904763","3,9310846560846564e-07","0.025080952380952377","0","0","","","","","1,6510555555555555e-05","DE","0,09997","1,650560238888889e-06","0,07830997222222223","1,2929411469290125e-06","0,1002","1,6543576666666665e-06","0,09501313888888888","1,5687197081327157e-06","0,1002","1,6543576666666665e-06","0,09501313888888888","1,5687197081327157e-06","0,09997","1,650560238888889e-06","0,07830997222222223","1,2929411469290125e-06","0,09997","3,929905330687831e-08","3,078431302211935e-08","1,650560238888889e-06","0,1002","3,938946825396826e-08","3,735046924125514e-08","1,6543576666666668e-06","0,1002","3,938946825396826e-08","3,735046924125514e-08","1,6543576666666668e-06","0,09997","3,929905330687831e-08","3,078431302211935e-08","1,650560238888889e-06"
"2024-09-13 00:57:20+02:00","rock-tobefilledbyoem","AMD Ryzen Threadripper 3970X 32-Core Processor","0","e2e","14","1.0","1.0534","0,6008","34,245","57.0","0","reduction","openblas","fp32","0","42","14","1.0534","59.438","56.4","57.0","3584000000","5.97","e2e","e2e","0","AMD Ryzen Threadripper 3970X 32-Core Processor","","","","0","0","","","37.0","0","OPENBLAS_NUM_THREADS=20; e2e_host_memcpy=1; e2e_bw=mixed","2.4460714285714285","6,794642857142857e-07","0.04291428571428572","0","0","0.0","","0.0","0.0","9,512499999999999e-06","DE","0,09997","9,50964625e-07","0,07830997222222223","7,449236107638889e-07","0,1002","9,531524999999999e-07","0,09501313888888888","9,038124836805554e-07","0,1002","9,531524999999999e-07","0,09501313888888888","9,038124836805554e-07","0,09997","9,50964625e-07","0,07830997222222223","7,449236107638889e-07","0,09997","6,792604464285715e-08","5,3208829340277784e-08","9,509646250000001e-07","0,1002","6,808232142857142e-08","6,45580345486111e-08","9,531524999999999e-07","0,1002","6,808232142857142e-08","6,45580345486111e-08","9,531524999999999e-07","0,09997","6,792604464285715e-08","5,3208829340277784e-08","9,509646250000001e-07"
"2024-09-13 00:57:29+02:00","rock-tobefilledbyoem","AMD Ryzen Threadripper 3970X 32-Core Processor","0","kernel","29","1.0","1.0794","1,0794","60,851","56.4","0","reduction","openblas","fp32","0","29","9","1.0794","60.851","56.4","56.9","22272000000","20.63","kernel","kernel","0","AMD Ryzen Threadripper 3970X 32-Core Processor","","","","0","0","","","37.0","0","OPENBLAS_NUM_THREADS=20; e2e_host_memcpy=1; e2e_bw=mixed","2.098310344827586","5,828639846743295e-07","0.03722068965517241","0","0","","","","","1,6903055555555555e-05","DE","0,09997","1,6897984638888888e-06","0,07830997222222223","1,3236778110262347e-06","0,1002","1,6936861666666666e-06","0,09501313888888888","1,6060123651466047e-06","0,1002","1,6936861666666666e-06","0,09501313888888888","1,6060123651466047e-06","0,09997","1,6897984638888888e-06","0,07830997222222223","1,3236778110262347e-06","0,09997","5,8268912547892716e-08","4,564406244918051e-08","1,6897984638888888e-06","0,1002","5,840297126436781e-08","5,537973672919326e-08","1,6936861666666664e-06","0,1002","5,840297126436781e-08","5,537973672919326e-08","1,6936861666666664e-06","0,09997","5,8268912547892716e-08","4,564406244918051e-08","1,6897984638888888e-06"
"2024-09-13 00:57:29+02:00","rock-tobefilledbyoem","AMD Ryzen Threadripper 3970X 32-Core Processor","0","e2e","9","1.0","1.0794","0,577","32,855","56.9","0","reduction","openblas","fp32","0","29","9","1.0794","60.851","56.4","56.9","3456000000","5.99","e2e","e2e","0","AMD Ryzen Threadripper 3970X 32-Core Processor","","","","0","0","","","37.0","0","OPENBLAS_NUM_THREADS=20; e2e_host_memcpy=1; e2e_bw=mixed","3.650555555555555","1,014043209876543e-06","0.0641111111111111","0","0","0.0","","0.0","0.0","9,126388888888887e-06","DE","0,09997","9,123650972222221e-07","0,07830997222222223","7,146872603780864e-07","0,1002","9,144641666666665e-07","0,09501313888888888","8,67126855054012e-07","0,1002","9,144641666666665e-07","0,09501313888888888","8,67126855054012e-07","0,09997","9,123650972222221e-07","0,07830997222222223","7,146872603780864e-07","0,09997","1,0137389969135802e-07","7,940969559756515e-08","9,123650972222221e-07","0,1002","1,0160712962962962e-07","9,634742833933467e-08","9,144641666666665e-07","0,1002","1,0160712962962962e-07","9,634742833933467e-08","9,144641666666665e-07","0,09997","1,0137389969135802e-07","7,940969559756515e-08","9,123650972222221e-07"
"2024-09-13 00:57:38+02:00","rock-tobefilledbyoem","AMD Ryzen Threadripper 3970X 32-Core Processor","0","kernel","22","1.0","1.0856","1,0856","61,157","56.3","0","reduction","openblas","fp32","0","22","7","1.0856","61.157","56.3","56.9","22528000000","20.75","kernel","kernel","0","AMD Ryzen Threadripper 3970X 32-Core Processor","","","","0","0","","","37.1","0","OPENBLAS_NUM_THREADS=20; e2e_host_memcpy=1; e2e_bw=mixed","2.779863636363636","7,721843434343434e-07","0.04934545454545454","0","0","","","","","1,6988055555555555e-05","DE","0,09997","1,6982959138888889e-06","0,07830997222222223","1,3303341586651235e-06","0,1002","1,7022031666666666e-06","0,09501313888888888","1,6140884819521603e-06","0,1002","1,7022031666666666e-06","0,09501313888888888","1,6140884819521603e-06","0,09997","1,6982959138888889e-06","0,07830997222222223","1,3303341586651235e-06","0,09997","7,719526881313132e-08","6,046973448477834e-08","1,6982959138888889e-06","0,1002","7,737287121212121e-08","7,336765827055274e-08","1,7022031666666666e-06","0,1002","7,737287121212121e-08","7,336765827055274e-08","1,7022031666666666e-06","0,09997","7,719526881313132e-08","6,046973448477834e-08","1,6982959138888889e-06"
"2024-09-13 00:57:38+02:00","rock-tobefilledbyoem","AMD Ryzen Threadripper 3970X 32-Core Processor","0","e2e","7","1.0","1.0856","0,5968","33,98","56.9","0","reduction","openblas","fp32","0","22","7","1.0856","61.157","56.3","56.9","3584000000","6.0","e2e","e2e","0","AMD Ryzen Threadripper 3970X 32-Core Processor","","","","0","0","","","37.1","0","OPENBLAS_NUM_THREADS=20; e2e_host_memcpy=1; e2e_bw=mixed","4.854285714285714","1,3484126984126984e-06","0.08525714285714285","0","0","0.0","","0.0","0.0","9,438888888888888e-06","DE","0,09997","9,436057222222222e-07","0,07830997222222223","7,391591266975309e-07","0,1002","9,457766666666666e-07","0,09501313888888888","8,9681846095679e-07","0,1002","9,457766666666666e-07","0,09501313888888888","8,9681846095679e-07","0,09997","9,436057222222222e-07","0,07830997222222223","7,391591266975309e-07","0,09997","1,3480081746031745e-07","1,0559416095679014e-07","9,436057222222221e-07","0,1002","1,3511095238095236e-07","1,2811692299382714e-07","9,457766666666666e-07","0,1002","1,3511095238095236e-07","1,2811692299382714e-07","9,457766666666666e-07","0,09997","1,3480081746031745e-07","1,0559416095679014e-07","9,436057222222221e-07"
"2024-09-13 00:57:47+02:00","rock-tobefilledbyoem","AMD Ryzen Threadripper 3970X 32-Core Processor","0","kernel","17","1.0","1.05","1,05","59,079","56.3","0","reduction","openblas","fp32","0","17","7","1.05","59.079","56.3","56.9","21760000000","20.72","kernel","kernel","0","AMD Ryzen Threadripper 3970X 32-Core Processor","","","","0","0","","","37.1","0","OPENBLAS_NUM_THREADS=20; e2e_host_memcpy=1; e2e_bw=mixed","3.475235294117647","9,65343137254902e-07","0.061764705882352944","0","0","","","","","1,6410833333333332e-05","DE","0,09997","1,6405910083333333e-06","0,07830997222222223","1,285131902476852e-06","0,1002","1,6443654999999999e-06","0,09501313888888888","1,5592447867824072e-06","0,1002","1,6443654999999999e-06","0,09501313888888888","1,5592447867824072e-06","0,09997","1,6405910083333333e-06","0,07830997222222223","1,285131902476852e-06","0,09997","9,650535343137256e-08","7,559599426334424e-08","1,6405910083333335e-06","0,1002","9,672738235294118e-08","9,172028157543573e-08","1,6443655e-06","0,1002","9,672738235294118e-08","9,172028157543573e-08","1,6443655e-06","0,09997","9,650535343137256e-08","7,559599426334424e-08","1,6405910083333335e-06"
"2024-09-13 00:57:47+02:00","rock-tobefilledbyoem","AMD Ryzen Threadripper 3970X 32-Core Processor","0","e2e","7","1.0","1.05","0,7465","42,465","56.9","0","reduction","openblas","fp32","0","17","7","1.05","59.079","56.3","56.9","4480000000","6.0","e2e","e2e","0","AMD Ryzen Threadripper 3970X 32-Core Processor","","","","0","0","","","37.1","0","OPENBLAS_NUM_THREADS=20; e2e_host_memcpy=1; e2e_bw=mixed","6.066428571428572","1,6851190476190478e-06","0.10664285714285715","0","0","0.0","","0.0","0.0","1,1795833333333335e-05","DE","0,09997","1,1792294583333335e-06","0,07830997222222223","9,237313806712965e-07","0,1002","1,1819425e-06","0,09501313888888888","1,120759150810185e-06","0,1002","1,1819425e-06","0,09501313888888888","1,120759150810185e-06","0,09997","1,1792294583333335e-06","0,07830997222222223","9,237313806712965e-07","0,09997","1,684613511904762e-07","1,319616258101852e-07","1,1792294583333335e-06","0,1002","1,6884892857142858e-07","1,6010845011574074e-07","1,1819425e-06","0,1002","1,6884892857142858e-07","1,6010845011574074e-07","1,1819425e-06","0,09997","1,684613511904762e-07","1,319616258101852e-07","1,1792294583333335e-06"
"2024-09-13 00:57:57+02:00","rock-tobefilledbyoem","AMD Ryzen Threadripper 3970X 32-Core Processor","0","kernel","15","1.0","1.105","1,105","62,257","56.3","0","reduction","openblas","fp32","0","15","6","1.105","62.257","56.3","56.9","23040000000","20.85","kernel","kernel","0","AMD Ryzen Threadripper 3970X 32-Core Processor","","","","0","0","","","37.1","0","OPENBLAS_NUM_THREADS=20; e2e_host_memcpy=1; e2e_bw=mixed","4.1504666666666665","1,1529074074074073e-06","0.07366666666666667","0","0","","","","","1,7293611111111112e-05","DE","0,09997","1,7288423027777778e-06","0,07830997222222223","1,354262205733025e-06","0,1002","1,7328198333333333e-06","0,09501313888888888","1,643120274390432e-06","0,1002","1,7328198333333333e-06","0,09501313888888888","1,643120274390432e-06","0,09997","1,7288423027777778e-06","0,07830997222222223","1,354262205733025e-06","0,09997","1,1525615351851851e-07","9,028414704886832e-08","1,7288423027777776e-06","0,1002","1,155213222222222e-07","1,0954135162602878e-07","1,732819833333333e-06","0,1002","1,155213222222222e-07","1,0954135162602878e-07","1,732819833333333e-06","0,09997","1,1525615351851851e-07","9,028414704886832e-08","1,7288423027777776e-06"
"2024-09-13 00:57:57+02:00","rock-tobefilledbyoem","AMD Ryzen Threadripper 3970X 32-Core Processor","0","e2e","6","1.0","1.105","0,7649","43,547","56.9","0","reduction","openblas","fp32","0","15","6","1.105","62.257","56.3","56.9","4608000000","6.02","e2e","e2e","0","AMD Ryzen Threadripper 3970X 32-Core Processor","","","","0","0","","","37.1","0","OPENBLAS_NUM_THREADS=20; e2e_host_memcpy=1; e2e_bw=mixed","7.257833333333333","2,016064814814815e-06","0.12748333333333334","0","0","0.0","","0.0","0.0","1,2096388888888888e-05","DE","0,09997","1,2092759972222221e-06","0,07830997222222223","9,472678778780864e-07","0,1002","1,2120581666666665e-06","0,09501313888888888","1,1493158775540121e-06","0,1002","1,2120581666666665e-06","0,09501313888888888","1,1493158775540121e-06","0,09997","1,2092759972222221e-06","0,07830997222222223","9,472678778780864e-07","0,09997","2,0154599953703704e-07","1,5787797964634777e-07","1,2092759972222221e-06","0,1002","2,0200969444444446e-07","1,9155264625900204e-07","1,2120581666666667e-06","0,1002","2,0200969444444446e-07","1,9155264625900204e-07","1,2120581666666667e-06","0,09997","2,0154599953703704e-07","1,5787797964634777e-07","1,2092759972222221e-06"
"2024-09-13 00:58:06+02:00","rock-tobefilledbyoem","AMD Ryzen Threadripper 3970X 32-Core Processor","0","kernel","11","1.0","1.0876","1,0876","60,831","55.9","0","reduction","openblas","fp32","0","11","4","1.0876","60.831","55.9","56.6","22528000000","20.71","kernel","kernel","0","AMD Ryzen Threadripper 3970X 32-Core Processor","","","","0","0","","","37.0","0","OPENBLAS_NUM_THREADS=20; e2e_host_memcpy=1; e2e_bw=mixed","5.53009090909091","1,536136363636364e-06","0.09887272727272726","0","0","","","","","1,6897500000000002e-05","DE","0,09997","1,6892430750000004e-06","0,07830997222222223","1,3232427556250003e-06","0,1002","1,6931295000000002e-06","0,09501313888888888","1,605484514375e-06","0,1002","1,6931295000000002e-06","0,09501313888888888","1,605484514375e-06","0,09997","1,6892430750000004e-06","0,07830997222222223","1,3232427556250003e-06","0,09997","1,5356755227272733e-07","1,2029479596590913e-07","1,6892430750000006e-06","0,1002","1,5392086363636368e-07","1,4595313767045456e-07","1,6931295000000004e-06","0,1002","1,5392086363636368e-07","1,4595313767045456e-07","1,6931295000000004e-06","0,09997","1,5356755227272733e-07","1,2029479596590913e-07","1,6892430750000006e-06"
"2024-09-13 00:58:06+02:00","rock-tobefilledbyoem","AMD Ryzen Threadripper 3970X 32-Core Processor","0","e2e","4","1.0","1.0876","0,6826","38,617","56.6","0","reduction","openblas","fp32","0","11","4","1.0876","60.831","55.9","56.6","4096000000","6.0","e2e","e2e","0","AMD Ryzen Threadripper 3970X 32-Core Processor","","","","0","0","","","37.0","0","OPENBLAS_NUM_THREADS=20; e2e_host_memcpy=1; e2e_bw=mixed","9.65425","2,6817361111111107e-06","0.17065","0","0","0.0","","0.0","0.0","1,0726944444444443e-05","DE","0,09997","1,072372636111111e-06","0,07830997222222223","8,400267214737654e-07","0,1002","1,0748398333333331e-06","0,09501313888888888","1,0192006623533948e-06","0,1002","1,0748398333333331e-06","0,09501313888888888","1,0192006623533948e-06","0,09997","1,072372636111111e-06","0,07830997222222223","8,400267214737654e-07","0,09997","2,6809315902777774e-07","2,1000668036844135e-07","1,072372636111111e-06","0,1002","2,687099583333333e-07","2,548001655883487e-07","1,0748398333333331e-06","0,1002","2,687099583333333e-07","2,548001655883487e-07","1,0748398333333331e-06","0,09997","2,6809315902777774e-07","2,1000668036844135e-07","1,072372636111111e-06"
"2024-09-13 00:58:17+02:00","rock-tobefilledbyoem","AMD Ryzen Threadripper 3970X 32-Core Processor","0","kernel","8","1.0","1.1817","1,1817","66,063","55.9","0","reduction","openblas","fp32","0","8","3","1.1817","66.063","55.9","56.6","24576000000","20.8","kernel","kernel","0","AMD Ryzen Threadripper 3970X 32-Core Processor","","","","0","0","","","37.0","0","OPENBLAS_NUM_THREADS=20; e2e_host_memcpy=1; e2e_bw=mixed","8.257875","2,2938541666666667e-06","0.1477125","0","0","","","","","1,8350833333333334e-05","DE","0,09997","1,8345328083333335e-06","0,07830997222222223","1,4370532485879633e-06","0,1002","1,8387535e-06","0,09501313888888888","1,7435702762268516e-06","0,1002","1,8387535e-06","0,09501313888888888","1,7435702762268516e-06","0,09997","1,8345328083333335e-06","0,07830997222222223","1,4370532485879633e-06","0,09997","2,2931660104166669e-07","1,796316560734954e-07","1,8345328083333335e-06","0,1002","2,298441875e-07","2,1794628452835645e-07","1,8387535e-06","0,1002","2,298441875e-07","2,1794628452835645e-07","1,8387535e-06","0,09997","2,2931660104166669e-07","1,796316560734954e-07","1,8345328083333335e-06"
"2024-09-13 00:58:17+02:00","rock-tobefilledbyoem","AMD Ryzen Threadripper 3970X 32-Core Processor","0","e2e","3","1.0","1.1817","0,7658","43,314","56.6","0","reduction","openblas","fp32","0","8","3","1.1817","66.063","55.9","56.6","4608000000","6.02","e2e","e2e","0","AMD Ryzen Threadripper 3970X 32-Core Processor","","","","0","0","","","37.0","0","OPENBLAS_NUM_THREADS=20; e2e_host_memcpy=1; e2e_bw=mixed","14.438","4,010555555555555e-06","0.2552666666666667","0","0","0.0","","0.0","0.0","1,2031666666666667e-05","DE","0,09997","1,2028057166666667e-06","0,07830997222222223","9,421994824537039e-07","0,1002","1,205573e-06","0,09501313888888888","1,1431664160648146e-06","0,1002","1,205573e-06","0,09501313888888888","1,1431664160648146e-06","0,09997","1,2028057166666667e-06","0,07830997222222223","9,421994824537039e-07","0,09997","4,009352388888889e-07","3,140664941512346e-07","1,2028057166666667e-06","0,1002","4,0185766666666663e-07","3,810554720216049e-07","1,2055729999999998e-06","0,1002","4,0185766666666663e-07","3,810554720216049e-07","1,2055729999999998e-06","0,09997","4,009352388888889e-07","3,140664941512346e-07","1,2028057166666667e-06"
"2024-09-13 00:58:45+02:00","rock-tobefilledbyoem","AMD Ryzen Threadripper 3970X 32-Core Processor","0","kernel","10403","1.0","0.9094","0,9094","50,86","55.9","1","reduction","openblas","fp32","0","10403","487","0.9094","50.86","55.9","55.2","83224000000","91.52","kernel","kernel","0","AMD Ryzen Threadripper 3970X 32-Core Processor","","","","0","0","","","39.6","0","OPENBLAS_NUM_THREADS=20; e2e_host_memcpy=1; e2e_bw=mixed","0.004888974334326637","1,3580484262018434e-09","8.741709122368547e-05","0","0","","","","","1,4127777777777778e-05","DE","0,09997","1,4123539444444446e-06","0,07830997222222223","1,1063458853395063e-06","0,1002","1,4156033333333333e-06","0,09501313888888888","1,342324512191358e-06","0,1002","1,4156033333333333e-06","0,09501313888888888","1,342324512191358e-06","0,09997","1,4123539444444446e-06","0,07830997222222223","1,1063458853395063e-06","0,09997","1,3576410116739829e-10","1,0634873453229898e-10","1,4123539444444444e-06","0,1002","1,360764523054247e-10","1,290324437365527e-10","1,4156033333333333e-06","0,1002","1,360764523054247e-10","1,290324437365527e-10","1,4156033333333333e-06","0,09997","1,3576410116739829e-10","1,0634873453229898e-10","1,4123539444444444e-06"
"2024-09-13 00:58:45+02:00","rock-tobefilledbyoem","AMD Ryzen Threadripper 3970X 32-Core Processor","0","e2e","487","1.0","0.9094","0,1087","5,996","55.2","1","reduction","openblas","fp32","0","10403","487","0.9094","50.86","55.9","55.2","1948000000","17.92","e2e","e2e","0","AMD Ryzen Threadripper 3970X 32-Core Processor","","","","0","0","","","39.6","0","OPENBLAS_NUM_THREADS=20; e2e_host_memcpy=1; e2e_bw=mixed","0.01231211498973306","3,4200319415925173e-09","0.00022320328542094458","0","0","0.0","","0.0","0.0","1,6655555555555556e-06","DE","0,09997","1,665055888888889e-07","0,07830997222222223","1,3042960929012347e-07","0,1002","1,6688866666666666e-07","0,09501313888888888","1,5824966132716049e-07","0,1002","1,6688866666666666e-07","0,09501313888888888","1,5824966132716049e-07","0,09997","1,665055888888889e-07","0,07830997222222223","1,3042960929012347e-07","0,09997","3,4190059320100396e-10","2,6782260634522277e-10","1,6650558888888893e-07","0,1002","3,426872005475702e-10","3,2494796987096614e-10","1,668886666666667e-07","0,1002","3,426872005475702e-10","3,2494796987096614e-10","1,668886666666667e-07","0,09997","3,4190059320100396e-10","2,6782260634522277e-10","1,6650558888888893e-07"
"2024-09-13 00:58:52+02:00","rock-tobefilledbyoem","AMD Ryzen Threadripper 3970X 32-Core Processor","0","kernel","5533","1.0","0.9598","0,9598","53,434","55.7","1","reduction","openblas","fp32","0","5533","624","0.9598","53.434","55.7","55.2","66396000000","69.17","kernel","kernel","0","AMD Ryzen Threadripper 3970X 32-Core Processor","","","","0","0","","","38.8","0","OPENBLAS_NUM_THREADS=20; e2e_host_memcpy=1; e2e_bw=mixed","0.009657328754744262","2,682591320762295e-09","0.00017346828122176034","0","0","","","","","1,4842777777777777e-05","DE","0,09997","1,4838324944444443e-06","0,07830997222222223","1,1623375154783952e-06","0,1002","1,4872463333333333e-06","0,09501313888888888","1,4102589064969132e-06","0,1002","1,4872463333333333e-06","0,09501313888888888","1,4102589064969132e-06","0,09997","1,4838324944444443e-06","0,07830997222222223","1,1623375154783952e-06","0,09997","2,6817865433660663e-10","2,1007365181246977e-10","1,4838324944444446e-06","0,1002","2,6879565034038193e-10","2,5488142174171576e-10","1,4872463333333333e-06","0,1002","2,6879565034038193e-10","2,5488142174171576e-10","1,4872463333333333e-06","0,09997","2,6817865433660663e-10","2,1007365181246977e-10","1,4838324944444446e-06"
"2024-09-13 00:58:52+02:00","rock-tobefilledbyoem","AMD Ryzen Threadripper 3970X 32-Core Processor","0","e2e","624","1.0","0.9598","0,3849","21,24","55.2","1","reduction","openblas","fp32","0","5533","624","0.9598","53.434","55.7","55.2","3744000000","9.73","e2e","e2e","0","AMD Ryzen Threadripper 3970X 32-Core Processor","","","","0","0","","","38.8","0","OPENBLAS_NUM_THREADS=20; e2e_host_memcpy=1; e2e_bw=mixed","0.03403846153846154","9,455128205128204e-09","0.0006168269230769231","0","0","0.0","","0.0","0.0","5,899999999999999e-06","DE","0,09997","5,89823e-07","0,07830997222222223","4,620288361111111e-07","0,1002","5,911799999999999e-07","0,09501313888888888","5,605775194444443e-07","0,1002","5,911799999999999e-07","0,09501313888888888","5,605775194444443e-07","0,09997","5,89823e-07","0,07830997222222223","4,620288361111111e-07","0,09997","9,452291666666665e-10","7,404308271011396e-10","5,89823e-07","0,1002","9,47403846153846e-10","8,983614093660967e-10","5,911799999999998e-07","0,1002","9,47403846153846e-10","8,983614093660967e-10","5,911799999999998e-07","0,09997","9,452291666666665e-10","7,404308271011396e-10","5,89823e-07"
"2024-09-13 00:59:00+02:00","rock-tobefilledbyoem","AMD Ryzen Threadripper 3970X 32-Core Processor","0","kernel","2648","1.0","1.015","1,015","56,684","55.8","0","reduction","openblas","fp32","0","2648","475","1.015","56.684","55.8","55.8","42368000000","41.74","kernel","kernel","0","AMD Ryzen Threadripper 3970X 32-Core Processor","","","","0","0","","","37.5","0","OPENBLAS_NUM_THREADS=20; e2e_host_memcpy=1; e2e_bw=mixed","0.021406344410876132","5,946206780798926e-09","0.00038330815709969784","0","0","","","","","1,5745555555555555e-05","DE","0,09997","1,574083188888889e-06","0,07830997222222223","1,2330340181790124e-06","0,1002","1,5777046666666665e-06","0,09501313888888888","1,4960346568827158e-06","0,1002","1,5777046666666665e-06","0,09501313888888888","1,4960346568827158e-06","0,09997","1,574083188888889e-06","0,07830997222222223","1,2330340181790124e-06","0,09997","5,944422918764687e-10","4,6564728783195337e-10","1,574083188888889e-06","0,1002","5,958099194360523e-10","5,649677707261012e-10","1,5777046666666665e-06","0,1002","5,958099194360523e-10","5,649677707261012e-10","1,5777046666666665e-06","0,09997","5,944422918764687e-10","4,6564728783195337e-10","1,574083188888889e-06"
"2024-09-13 00:59:00+02:00","rock-tobefilledbyoem","AMD Ryzen Threadripper 3970X 32-Core Processor","0","e2e","475","1.0","1.015","0,5364","29,946","55.8","0","reduction","openblas","fp32","0","2648","475","1.015","56.684","55.8","55.8","3800000000","7.08","e2e","e2e","0","AMD Ryzen Threadripper 3970X 32-Core Processor","","","","0","0","","","37.5","0","OPENBLAS_NUM_THREADS=20; e2e_host_memcpy=1; e2e_bw=mixed","0.06304421052631579","1,7512280701754384e-08","0.001129263157894737","0","0","0.0","","0.0","0.0","8,318333333333333e-06","DE","0,09997","8,315837833333333e-07","0,07830997222222223","6,514084522685185e-07","0,1002","8,33497e-07","0,09501313888888888","7,903509603240739e-07","0,1002","8,33497e-07","0,09501313888888888","7,903509603240739e-07","0,09997","8,315837833333333e-07","0,07830997222222223","6,514084522685185e-07","0,09997","1,7507027017543858e-09","1,3713862153021442e-09","8,315837833333332e-07","0,1002","1,7547305263157891e-09","1,6638967585769977e-09","8,334969999999999e-07","0,1002","1,7547305263157891e-09","1,6638967585769977e-09","8,334969999999999e-07","0,09997","1,7507027017543858e-09","1,3713862153021442e-09","8,315837833333332e-07"
"2024-09-13 00:59:08+02:00","rock-tobefilledbyoem","AMD Ryzen Threadripper 3970X 32-Core Processor","0","kernel","1028","1.0","1.0221","1,0221","57,466","56.2","0","reduction","openblas","fp32","0","1028","262","1.0221","57.466","56.2","56.4","24672000000","24.14","kernel","kernel","0","AMD Ryzen Threadripper 3970X 32-Core Processor","","","","0","0","","","37.2","0","OPENBLAS_NUM_THREADS=20; e2e_host_memcpy=1; e2e_bw=mixed","0.055900778210116735","1,5527993947254653e-08","0.000994260700389105","0","0","","","","","1,5962777777777778e-05","DE","0,09997","1,5957988944444446e-06","0,07830997222222223","1,250044684367284e-06","0,1002","1,5994703333333333e-06","0,09501313888888888","1,5166736220524689e-06","0,1002","1,5994703333333333e-06","0,09501313888888888","1,5166736220524689e-06","0,09997","1,5957988944444446e-06","0,07830997222222223","1,250044684367284e-06","0,09997","1,5523335549070476e-09","1,2159967746763467e-09","1,595798894444445e-06","0,1002","1,5559049935149161e-09","1,4753634455763322e-09","1,5994703333333337e-06","0,1002","1,5559049935149161e-09","1,4753634455763322e-09","1,5994703333333337e-06","0,09997","1,5523335549070476e-09","1,2159967746763467e-09","1,595798894444445e-06"
"2024-09-13 00:59:08+02:00","rock-tobefilledbyoem","AMD Ryzen Threadripper 3970X 32-Core Processor","0","e2e","262","1.0","1.0221","0,5841","32,932","56.4","0","reduction","openblas","fp32","0","1028","262","1.0221","57.466","56.2","56.4","3144000000","5.38","e2e","e2e","0","AMD Ryzen Threadripper 3970X 32-Core Processor","","","","0","0","","","37.2","0","OPENBLAS_NUM_THREADS=20; e2e_host_memcpy=1; e2e_bw=mixed","0.12569465648854963","3,491518235793045e-08","0.002229389312977099","0","0","0.0","","0.0","0.0","9,147777777777778e-06","DE","0,09997","9,145033444444445e-07","0,07830997222222223","7,163622236728396e-07","0,1002","9,166073333333334e-07","0,09501313888888888","8,691590805246913e-07","0,1002","9,166073333333334e-07","0,09501313888888888","8,691590805246913e-07","0,09997","9,145033444444445e-07","0,07830997222222223","7,163622236728396e-07","0,09997","3,4904707803223072e-09","2,7342069605833575e-09","9,145033444444445e-07","0,1002","3,498501272264631e-09","3,3174010707049284e-09","9,166073333333334e-07","0,1002","3,498501272264631e-09","3,3174010707049284e-09","9,166073333333334e-07","0,09997","3,4904707803223072e-09","2,7342069605833575e-09","9,145033444444445e-07"
"2024-09-13 00:59:16+02:00","rock-tobefilledbyoem","AMD Ryzen Threadripper 3970X 32-Core Processor","0","kernel","674","1.0","1.0364","1,0364","58,363","56.3","0","reduction","openblas","fp32","0","674","222","1.0364","58.363","56.3","57.2","21568000000","20.81","kernel","kernel","0","AMD Ryzen Threadripper 3970X 32-Core Processor","","","","0","0","","","37.0","0","OPENBLAS_NUM_THREADS=20; e2e_host_memcpy=1; e2e_bw=mixed","0.08659198813056379","2,405333003626772e-08","0.0015376854599406528","0","0","","","","","1,6211944444444445e-05","DE","0,09997","1,6207080861111114e-06","0,07830997222222223","1,2695569191126545e-06","0,1002","1,6244368333333335e-06","0,09501313888888888","1,5403477291589505e-06","0,1002","1,6244368333333335e-06","0,09501313888888888","1,5403477291589505e-06","0,09997","1,6207080861111114e-06","0,07830997222222223","1,2695569191126545e-06","0,09997","2,404611403725684e-09","1,883615606992069e-09","1,620708086111111e-06","0,1002","2,4101436696340256e-09","2,2853823874761875e-09","1,6244368333333333e-06","0,1002","2,4101436696340256e-09","2,2853823874761875e-09","1,6244368333333333e-06","0,09997","2,404611403725684e-09","1,883615606992069e-09","1,620708086111111e-06"
"2024-09-13 00:59:16+02:00","rock-tobefilledbyoem","AMD Ryzen Threadripper 3970X 32-Core Processor","0","e2e","222","1.0","1.0364","0,5919","33,847","57.2","0","reduction","openblas","fp32","0","674","222","1.0364","58.363","56.3","57.2","3552000000","6.0","e2e","e2e","0","AMD Ryzen Threadripper 3970X 32-Core Processor","","","","0","0","","","37.0","0","OPENBLAS_NUM_THREADS=20; e2e_host_memcpy=1; e2e_bw=mixed","0.15246396396396397","4,23511011011011e-08","0.0026662162162162163","0","0","0.0","","0.0","0.0","9,401944444444445e-06","DE","0,09997","9,399123861111112e-07","0,07830997222222223","7,362660082793211e-07","0,1002","9,420748333333333e-07","0,09501313888888888","8,933082533256172e-07","0,1002","9,420748333333333e-07","0,09501313888888888","8,933082533256172e-07","0,09997","9,399123861111112e-07","0,07830997222222223","7,362660082793211e-07","0,09997","4,233839577077077e-09","3,3165135508077527e-09","9,399123861111111e-07","0,1002","4,24358033033033e-09","4,023911051016293e-09","9,420748333333332e-07","0,1002","4,24358033033033e-09","4,023911051016293e-09","9,420748333333332e-07","0,09997","4,233839577077077e-09","3,3165135508077527e-09","9,399123861111111e-07"
"2024-09-13 00:59:24+02:00","rock-tobefilledbyoem","AMD Ryzen Threadripper 3970X 32-Core Processor","0","kernel","457","1.0","1.0623","1,0623","59,763","56.3","0","reduction","openblas","fp32","0","457","130","1.0623","59.763","56.3","57.1","21936000000","20.65","kernel","kernel","0","AMD Ryzen Threadripper 3970X 32-Core Processor","","","","0","0","","","37.0","0","OPENBLAS_NUM_THREADS=20; e2e_host_memcpy=1; e2e_bw=mixed","0.13077242888402626","3,63256746900073e-08","0.002324507658643326","0","0","","","","","1,6600833333333332e-05","DE","0,09997","1,6595853083333333e-06","0,07830997222222223","1,300010797199074e-06","0,1002","1,6634034999999998e-06","0,09501313888888888","1,577297283171296e-06","0,1002","1,6634034999999998e-06","0,09501313888888888","1,577297283171296e-06","0,09997","1,6595853083333333e-06","0,07830997222222223","1,300010797199074e-06","0,09997","3,63147769876003e-09","2,8446625759279527e-09","1,6595853083333335e-06","0,1002","3,639832603938731e-09","3,451416374554259e-09","1,6634035000000002e-06","0,1002","3,639832603938731e-09","3,451416374554259e-09","1,6634035000000002e-06","0,09997","3,63147769876003e-09","2,8446625759279527e-09","1,6595853083333335e-06"
"2024-09-13 00:59:24+02:00","rock-tobefilledbyoem","AMD Ryzen Threadripper 3970X 32-Core Processor","0","e2e","130","1.0","1.0623","0,5177","29,558","57.1","0","reduction","openblas","fp32","0","457","130","1.0623","59.763","56.3","57.1","3120000000","6.03","e2e","e2e","0","AMD Ryzen Threadripper 3970X 32-Core Processor","","","","0","0","","","37.0","0","OPENBLAS_NUM_THREADS=20; e2e_host_memcpy=1; e2e_bw=mixed","0.22736923076923077","6,315811965811966e-08","0.003982307692307693","0","0","0.0","","0.0","0.0","8,210555555555555e-06","DE","0,09997","8,208092388888889e-07","0,07830997222222223","6,429683774845679e-07","0,1002","8,226976666666666e-07","0,09501313888888888","7,801106553549381e-07","0,1002","8,226976666666666e-07","0,09501313888888888","7,801106553549381e-07","0,09997","8,208092388888889e-07","0,07830997222222223","6,429683774845679e-07","0,09997","6,313917222222223e-09","4,9459105960351386e-09","8,208092388888891e-07","0,1002","6,32844358974359e-09","6,000851195037987e-09","8,226976666666668e-07","0,1002","6,32844358974359e-09","6,000851195037987e-09","8,226976666666668e-07","0,09997","6,313917222222223e-09","4,9459105960351386e-09","8,208092388888891e-07"
"2024-09-13 00:59:33+02:00","rock-tobefilledbyoem","AMD Ryzen Threadripper 3970X 32-Core Processor","0","kernel","342","1.0","1.1067","1,1067","62,275","56.3","0","reduction","openblas","fp32","0","342","113","1.1067","62.275","56.3","57.1","21888000000","19.78","kernel","kernel","0","AMD Ryzen Threadripper 3970X 32-Core Processor","","","","0","0","","","37.0","0","OPENBLAS_NUM_THREADS=20; e2e_host_memcpy=1; e2e_bw=mixed","0.1820906432748538","5,058073424301495e-08","0.003235964912280702","0","0","","","","","1,729861111111111e-05","DE","0,09997","1,7293421527777778e-06","0,07830997222222223","1,3546537555941358e-06","0,1002","1,7333208333333332e-06","0,09501313888888888","1,6435953400848762e-06","0,1002","1,7333208333333332e-06","0,09501313888888888","1,6435953400848762e-06","0,09997","1,7293421527777778e-06","0,07830997222222223","1,3546537555941358e-06","0,09997","5,056556002274205e-09","3,960975893550106e-09","1,7293421527777782e-06","0,1002","5,068189571150098e-09","4,805834327733557e-09","1,7333208333333334e-06","0,1002","5,068189571150098e-09","4,805834327733557e-09","1,7333208333333334e-06","0,09997","5,056556002274205e-09","3,960975893550106e-09","1,7293421527777782e-06"
"2024-09-13 00:59:33+02:00","rock-tobefilledbyoem","AMD Ryzen Threadripper 3970X 32-Core Processor","0","e2e","113","1.0","1.1067","0,6178","35,274","57.1","0","reduction","openblas","fp32","0","342","113","1.1067","62.275","56.3","57.1","3616000000","5.85","e2e","e2e","0","AMD Ryzen Threadripper 3970X 32-Core Processor","","","","0","0","","","37.0","0","OPENBLAS_NUM_THREADS=20; e2e_host_memcpy=1; e2e_bw=mixed","0.3121592920353982","8,671091445427729e-08","0.005467256637168141","0","0","0.0","","0.0","0.0","9,798333333333334e-06","DE","0,09997","9,795393833333334e-07","0,07830997222222223","7,673072111574076e-07","0,1002","9,81793e-07","0,09501313888888888","9,309704058796296e-07","0,1002","9,81793e-07","0,09501313888888888","9,309704058796296e-07","0,09997","9,795393833333334e-07","0,07830997222222223","7,673072111574076e-07","0,09997","8,668490117994101e-09","6,790329302277943e-09","9,795393833333334e-07","0,1002","8,688433628318584e-09","8,23867615822681e-09","9,817929999999999e-07","0,1002","8,688433628318584e-09","8,23867615822681e-09","9,817929999999999e-07","0,09997","8,668490117994101e-09","6,790329302277943e-09","9,795393833333334e-07"
"2024-09-13 00:59:41+02:00","rock-tobefilledbyoem","AMD Ryzen Threadripper 3970X 32-Core Processor","0","kernel","218","1.0","1.067","1,067","60,034","56.3","0","reduction","openblas","fp32","0","218","65","1.067","60.034","56.3","57.1","20928000000","19.61","kernel","kernel","0","AMD Ryzen Threadripper 3970X 32-Core Processor","","","","0","0","","","37.0","0","OPENBLAS_NUM_THREADS=20; e2e_host_memcpy=1; e2e_bw=mixed","0.2753853211009174","7,649592252803263e-08","0.004894495412844036","0","0","","","","","1,667611111111111e-05","DE","0,09997","1,6671108277777777e-06","0,07830997222222223","1,3059057978858025e-06","0,1002","1,670946333333333e-06","0,09501313888888888","1,584449661126543e-06","0,1002","1,670946333333333e-06","0,09501313888888888","1,584449661126543e-06","0,09997","1,6671108277777777e-06","0,07830997222222223","1,3059057978858025e-06","0,09997","7,647297375127423e-09","5,990393568283499e-09","1,6671108277777781e-06","0,1002","7,66489143730887e-09","7,268117711589648e-09","1,6709463333333335e-06","0,1002","7,66489143730887e-09","7,268117711589648e-09","1,6709463333333335e-06","0,09997","7,647297375127423e-09","5,990393568283499e-09","1,6671108277777781e-06"
"2024-09-13 00:59:41+02:00","rock-tobefilledbyoem","AMD Ryzen Threadripper 3970X 32-Core Processor","0","e2e","65","1.0","1.067","0,5284","30,182","57.1","0","reduction","openblas","fp32","0","218","65","1.067","60.034","56.3","57.1","3120000000","5.91","e2e","e2e","0","AMD Ryzen Threadripper 3970X 32-Core Processor","","","","0","0","","","37.0","0","OPENBLAS_NUM_THREADS=20; e2e_host_memcpy=1; e2e_bw=mixed","0.46433846153846153","1,28982905982906e-07","0.008129230769230769","0","0","0.0","","0.0","0.0","8,383888888888889e-06","DE","0,09997","8,381373722222223e-07","0,07830997222222223","6,565421060030865e-07","0,1002","8,400656666666667e-07","0,09501313888888888","7,965795994290123e-07","0,1002","8,400656666666667e-07","0,09501313888888888","7,965795994290123e-07","0,09997","8,381373722222223e-07","0,07830997222222223","6,565421060030865e-07","0,09997","1,2894421111111112e-08","1,010064778466287e-08","8,381373722222223e-07","0,1002","1,292408717948718e-08","1,2255070760446343e-08","8,400656666666667e-07","0,1002","1,292408717948718e-08","1,2255070760446343e-08","8,400656666666667e-07","0,09997","1,2894421111111112e-08","1,010064778466287e-08","8,381373722222223e-07"
"2024-09-13 00:59:49+02:00","rock-tobefilledbyoem","AMD Ryzen Threadripper 3970X 32-Core Processor","0","kernel","164","1.0","1.0446","1,0446","58,79","56.3","0","reduction","openblas","fp32","0","164","56","1.0446","58.79","56.3","57.0","20992000000","20.1","kernel","kernel","0","AMD Ryzen Threadripper 3970X 32-Core Processor","","","","0","0","","","37.0","0","OPENBLAS_NUM_THREADS=20; e2e_host_memcpy=1; e2e_bw=mixed","0.35847560975609755","9,957655826558267e-08","0.006369512195121951","0","0","","","","","1,6330555555555557e-05","DE","0,09997","1,632565638888889e-06","0,07830997222222223","1,2788453519290126e-06","0,1002","1,6363216666666667e-06","0,09501313888888888","1,5516173431327159e-06","0,1002","1,6363216666666667e-06","0,09501313888888888","1,5516173431327159e-06","0,09997","1,632565638888889e-06","0,07830997222222223","1,2788453519290126e-06","0,09997","9,9546685298103e-09","7,797837511762273e-09","1,6325656388888892e-06","0,1002","9,977571138211384e-09","9,461081360565341e-09","1,636321666666667e-06","0,1002","9,977571138211384e-09","9,461081360565341e-09","1,636321666666667e-06","0,09997","9,9546685298103e-09","7,797837511762273e-09","1,6325656388888892e-06"
"2024-09-13 00:59:49+02:00","rock-tobefilledbyoem","AMD Ryzen Threadripper 3970X 32-Core Processor","0","e2e","56","1.0","1.0446","0,6031","34,384","57.0","0","reduction","openblas","fp32","0","164","56","1.0446","58.79","56.3","57.0","3584000000","5.94","e2e","e2e","0","AMD Ryzen Threadripper 3970X 32-Core Processor","","","","0","0","","","37.0","0","OPENBLAS_NUM_THREADS=20; e2e_host_memcpy=1; e2e_bw=mixed","0.614","1,7055555555555558e-07","0.010769642857142856","0","0","0.0","","0.0","0.0","9,551111111111111e-06","DE","0,09997","9,54824577777778e-07","0,07830997222222223","7,479472458024692e-07","0,1002","9,570213333333334e-07","0,09501313888888888","9,074810465432098e-07","0,1002","9,570213333333334e-07","0,09501313888888888","9,074810465432098e-07","0,09997","9,54824577777778e-07","0,07830997222222223","7,479472458024692e-07","0,09997","1,7050438888888893e-08","1,3356200817901237e-08","9,548245777777781e-07","0,1002","1,7089666666666667e-08","1,6205018688271604e-08","9,570213333333334e-07","0,1002","1,7089666666666667e-08","1,6205018688271604e-08","9,570213333333334e-07","0,09997","1,7050438888888893e-08","1,3356200817901237e-08","9,548245777777781e-07"
"2024-09-13 00:59:57+02:00","rock-tobefilledbyoem","AMD Ryzen Threadripper 3970X 32-Core Processor","0","kernel","110","1.0","1.0339","1,0339","58,181","56.3","0","reduction","openblas","fp32","0","110","33","1.0339","58.181","56.3","57.1","21120000000","20.43","kernel","kernel","0","AMD Ryzen Threadripper 3970X 32-Core Processor","","","","0","0","","","37.0","0","OPENBLAS_NUM_THREADS=20; e2e_host_memcpy=1; e2e_bw=mixed","0.5289181818181818","1,4692171717171717e-07","0.009399090909090909","0","0","","","","","1,616138888888889e-05","DE","0,09997","1,6156540472222222e-06","0,07830997222222223","1,26559791496142e-06","0,1002","1,6193711666666665e-06","0,09501313888888888","1,5355442871373455e-06","0,1002","1,6193711666666665e-06","0,09501313888888888","1,5355442871373455e-06","0,09997","1,6156540472222222e-06","0,07830997222222223","1,26559791496142e-06","0,09997","1,4687764065656566e-08","1,1505435590558363e-08","1,6156540472222222e-06","0,1002","1,472155606060606e-08","1,3959493519430413e-08","1,6193711666666665e-06","0,1002","1,472155606060606e-08","1,3959493519430413e-08","1,6193711666666665e-06","0,09997","1,4687764065656566e-08","1,1505435590558363e-08","1,6156540472222222e-06"
"2024-09-13 00:59:57+02:00","rock-tobefilledbyoem","AMD Ryzen Threadripper 3970X 32-Core Processor","0","e2e","33","1.0","1.0339","0,5278","30,114","57.1","0","reduction","openblas","fp32","0","110","33","1.0339","58.181","56.3","57.1","3168000000","6.0","e2e","e2e","0","AMD Ryzen Threadripper 3970X 32-Core Processor","","","","0","0","","","37.0","0","OPENBLAS_NUM_THREADS=20; e2e_host_memcpy=1; e2e_bw=mixed","0.9125454545454545","2,534848484848485e-07","0.015993939393939394","0","0","0.0","","0.0","0.0","8,365e-06","DE","0,09997","8,362490500000001e-07","0,07830997222222223","6,55062917638889e-07","0,1002","8,38173e-07","0,09501313888888888","7,947849068055555e-07","0,1002","8,38173e-07","0,09501313888888888","7,947849068055555e-07","0,09997","8,362490500000001e-07","0,07830997222222223","6,55062917638889e-07","0,09997","2,5340880303030308e-08","1,98503914436027e-08","8,362490500000002e-07","0,1002","2,539918181818182e-08","2,4084391115319864e-08","8,381730000000001e-07","0,1002","2,539918181818182e-08","2,4084391115319864e-08","8,381730000000001e-07","0,09997","2,5340880303030308e-08","1,98503914436027e-08","8,362490500000002e-07"
"2024-09-13 01:00:05+02:00","rock-tobefilledbyoem","AMD Ryzen Threadripper 3970X 32-Core Processor","0","kernel","85","1.0","1.058","1,058","59,515","56.3","0","reduction","openblas","fp32","0","85","28","1.058","59.515","56.3","57.0","21760000000","20.57","kernel","kernel","0","AMD Ryzen Threadripper 3970X 32-Core Processor","","","","0","0","","","37.0","0","OPENBLAS_NUM_THREADS=20; e2e_host_memcpy=1; e2e_bw=mixed","0.7001764705882353","1,944934640522876e-07","0.012447058823529412","0","0","","","","","1,6531944444444446e-05","DE","0,09152","1,5130035555555558e-06","0,07830997222222223","1,2946161102237656e-06","0,09187","1,518789736111111e-06","0,09501313888888888","1,570751933603395e-06","0,09187","1,518789736111111e-06","0,09501313888888888","1,570751933603395e-06","0,09152","1,5130035555555558e-06","0,07830997222222223","1,2946161102237656e-06","0,09152","1,7800041830065362e-08","1,523077776733842e-08","1,5130035555555558e-06","0,09187","1,786811454248366e-08","1,8479434512981118e-08","1,518789736111111e-06","0,09187","1,786811454248366e-08","1,8479434512981118e-08","1,518789736111111e-06","0,09152","1,7800041830065362e-08","1,523077776733842e-08","1,5130035555555558e-06"
"2024-09-13 01:00:05+02:00","rock-tobefilledbyoem","AMD Ryzen Threadripper 3970X 32-Core Processor","0","e2e","28","1.0","1.058","0,596","33,977","57.0","0","reduction","openblas","fp32","0","85","28","1.058","59.515","56.3","57.0","3584000000","6.01","e2e","e2e","0","AMD Ryzen Threadripper 3970X 32-Core Processor","","","","0","0","","","37.0","0","OPENBLAS_NUM_THREADS=20; e2e_host_memcpy=1; e2e_bw=mixed","1.2134642857142857","3,370734126984127e-07","0.021285714285714286","0","0","0.0","","0.0","0.0","9,438055555555555e-06","DE","0,09152","8,637708444444444e-07","0,07830997222222223","7,390938683873457e-07","0,09187","8,670741638888888e-07","0,09501313888888888","8,967392833410491e-07","0,09187","8,670741638888888e-07","0,09501313888888888","8,967392833410491e-07","0,09152","8,637708444444444e-07","0,07830997222222223","7,390938683873457e-07","0,09152","3,084895873015873e-08","2,639620958526235e-08","8,637708444444445e-07","0,09187","3,096693442460317e-08","3,202640297646604e-08","8,670741638888888e-07","0,09187","3,096693442460317e-08","3,202640297646604e-08","8,670741638888888e-07","0,09152","3,084895873015873e-08","2,639620958526235e-08","8,637708444444445e-07"
"2024-09-13 01:00:14+02:00","rock-tobefilledbyoem","AMD Ryzen Threadripper 3970X 32-Core Processor","0","kernel","58","1.0","1.0677","1,0677","60,437","56.6","0","reduction","openblas","fp32","0","58","17","1.0677","60.437","56.6","57.4","22272000000","20.86","kernel","kernel","0","AMD Ryzen Threadripper 3970X 32-Core Processor","","","","0","0","","","37.0","0","OPENBLAS_NUM_THREADS=20; e2e_host_memcpy=1; e2e_bw=mixed","1.0420172413793103","2,8944923371647506e-07","0.018408620689655174","0","0","","","","","1,6788055555555554e-05","DE","0,09152","1,5364428444444443e-06","0,07830997222222223","1,314672164220679e-06","0,09187","1,5423186638888885e-06","0,09501313888888888","1,5950858541743824e-06","0,09187","1,5423186638888885e-06","0,09501313888888888","1,5950858541743824e-06","0,09152","1,5364428444444443e-06","0,07830997222222223","1,314672164220679e-06","0,09152","2,64903938697318e-08","2,266676145208067e-08","1,5364428444444443e-06","0,09187","2,659170110153256e-08","2,7501480244385903e-08","1,5423186638888885e-06","0,09187","2,659170110153256e-08","2,7501480244385903e-08","1,5423186638888885e-06","0,09152","2,64903938697318e-08","2,266676145208067e-08","1,5364428444444443e-06"
"2024-09-13 01:00:14+02:00","rock-tobefilledbyoem","AMD Ryzen Threadripper 3970X 32-Core Processor","0","e2e","17","1.0","1.0677","0,5387","30,916","57.4","0","reduction","openblas","fp32","0","58","17","1.0677","60.437","56.6","57.4","3264000000","6.06","e2e","e2e","0","AMD Ryzen Threadripper 3970X 32-Core Processor","","","","0","0","","","37.0","0","OPENBLAS_NUM_THREADS=20; e2e_host_memcpy=1; e2e_bw=mixed","1.8185882352941176","5,051633986928104e-07","0.03168823529411764","0","0","0.0","","0.0","0.0","8,587777777777778e-06","DE","0,09152","7,859534222222223e-07","0,07830997222222223","6,725086392283951e-07","0,09187","7,889591444444444e-07","0,09501313888888888","8,159517227469135e-07","0,09187","7,889591444444444e-07","0,09501313888888888","8,159517227469135e-07","0,09152","7,859534222222223e-07","0,07830997222222223","6,725086392283951e-07","0,09152","4,623255424836601e-08","3,955933171931736e-08","7,859534222222223e-07","0,09187","4,640936143790849e-08","4,799716016158314e-08","7,889591444444443e-07","0,09187","4,640936143790849e-08","4,799716016158314e-08","7,889591444444443e-07","0,09152","4,623255424836601e-08","3,955933171931736e-08","7,859534222222223e-07"
"2024-09-13 01:00:22+02:00","rock-tobefilledbyoem","AMD Ryzen Threadripper 3970X 32-Core Processor","0","kernel","43","1.0","1.0595","1,0595","59,962","56.6","0","reduction","openblas","fp32","0","43","15","1.0595","59.962","56.6","57.2","22016000000","20.78","kernel","kernel","0","AMD Ryzen Threadripper 3970X 32-Core Processor","","","","0","0","","","37.0","0","OPENBLAS_NUM_THREADS=20; e2e_host_memcpy=1; e2e_bw=mixed","1.3944651162790698","3,873514211886305e-07","0.024639534883720934","0","0","","","","","1,6656111111111114e-05","DE","0,09152","1,5243672888888892e-06","0,07830997222222223","1,3043395984413584e-06","0,09187","1,530196927777778e-06","0,09501313888888888","1,5825493983487655e-06","0,09187","1,530196927777778e-06","0,09501313888888888","1,5825493983487655e-06","0,09152","1,5243672888888892e-06","0,07830997222222223","1,3043395984413584e-06","0,09152","3,545040206718346e-08","3,0333479033519954e-08","1,524367288888889e-06","0,09187","3,558597506459948e-08","3,680347438020384e-08","1,5301969277777776e-06","0,09187","3,558597506459948e-08","3,680347438020384e-08","1,5301969277777776e-06","0,09152","3,545040206718346e-08","3,0333479033519954e-08","1,524367288888889e-06"
"2024-09-13 01:00:22+02:00","rock-tobefilledbyoem","AMD Ryzen Threadripper 3970X 32-Core Processor","0","e2e","15","1.0","1.0595","0,6375","36,484","57.2","0","reduction","openblas","fp32","0","43","15","1.0595","59.962","56.6","57.2","3840000000","6.02","e2e","e2e","0","AMD Ryzen Threadripper 3970X 32-Core Processor","","","","0","0","","","37.0","0","OPENBLAS_NUM_THREADS=20; e2e_host_memcpy=1; e2e_bw=mixed","2.4322666666666666","6,756296296296296e-07","0.042499999999999996","0","0","0.0","","0.0","0.0","1,0134444444444445e-05","DE","0,09152","9,275043555555556e-07","0,07830997222222223","7,936280629320989e-07","0,09187","9,31051411111111e-07","0,09501313888888888","9,629053775617284e-07","0,09187","9,31051411111111e-07","0,09501313888888888","9,629053775617284e-07","0,09152","9,275043555555556e-07","0,07830997222222223","7,936280629320989e-07","0,09152","6,18336237037037e-08","5,290853752880659e-08","9,275043555555555e-07","0,09187","6,207009407407407e-08","6,419369183744855e-08","9,310514111111111e-07","0,09187","6,207009407407407e-08","6,419369183744855e-08","9,310514111111111e-07","0,09152","6,18336237037037e-08","5,290853752880659e-08","9,275043555555555e-07"
"2024-09-13 01:00:31+02:00","rock-tobefilledbyoem","AMD Ryzen Threadripper 3970X 32-Core Processor","0","kernel","29","1.0","1.0681","1,0681","60,477","56.6","0","reduction","openblas","fp32","0","29","9","1.0681","60.477","56.6","57.3","22272000000","20.85","kernel","kernel","0","AMD Ryzen Threadripper 3970X 32-Core Processor","","","","0","0","","","37.1","0","OPENBLAS_NUM_THREADS=20; e2e_host_memcpy=1; e2e_bw=mixed","2.085413793103448","5,792816091954022e-07","0.03683103448275862","0","0","","","","","1,6799166666666667e-05","DE","0,09152","1,5374597333333333e-06","0,07830997222222223","1,3155422750231482e-06","0,09187","1,5433394416666665e-06","0,09501313888888888","1,5961415557175925e-06","0,09187","1,5433394416666665e-06","0,09501313888888888","1,5961415557175925e-06","0,09152","1,5374597333333333e-06","0,07830997222222223","1,3155422750231482e-06","0,09152","5,301585287356321e-08","4,536352672493614e-08","1,5374597333333331e-06","0,09187","5,32186014367816e-08","5,50393639902618e-08","1,5433394416666665e-06","0,09187","5,32186014367816e-08","5,50393639902618e-08","1,5433394416666665e-06","0,09152","5,301585287356321e-08","4,536352672493614e-08","1,5374597333333331e-06"
"2024-09-13 01:00:31+02:00","rock-tobefilledbyoem","AMD Ryzen Threadripper 3970X 32-Core Processor","0","e2e","9","1.0","1.0681","0,5737","32,885","57.3","0","reduction","openblas","fp32","0","29","9","1.0681","60.477","56.6","57.3","3456000000","6.02","e2e","e2e","0","AMD Ryzen Threadripper 3970X 32-Core Processor","","","","0","0","","","37.1","0","OPENBLAS_NUM_THREADS=20; e2e_host_memcpy=1; e2e_bw=mixed","3.6538888888888885","1,014969135802469e-06","0.06374444444444444","0","0","0.0","","0.0","0.0","9,134722222222222e-06","DE","0,09152","8,360097777777778e-07","0,07830997222222223","7,153398434799384e-07","0,09187","8,392069305555555e-07","0,09501313888888888","8,679186312114197e-07","0,09187","8,392069305555555e-07","0,09501313888888888","8,679186312114197e-07","0,09152","8,360097777777778e-07","0,07830997222222223","7,153398434799384e-07","0,09152","9,288997530864197e-08","7,948220483110425e-08","8,360097777777778e-07","0,09187","9,324521450617283e-08","9,64354034679355e-08","8,392069305555555e-07","0,09187","9,324521450617283e-08","9,64354034679355e-08","8,392069305555555e-07","0,09152","9,288997530864197e-08","7,948220483110425e-08","8,360097777777778e-07"
"2024-09-13 01:00:40+02:00","rock-tobefilledbyoem","AMD Ryzen Threadripper 3970X 32-Core Processor","0","kernel","22","1.0","1.0745","1,0745","60,854","56.6","0","reduction","openblas","fp32","0","22","8","1.0745","60.854","56.6","57.2","22528000000","20.97","kernel","kernel","0","AMD Ryzen Threadripper 3970X 32-Core Processor","","","","0","0","","","37.2","0","OPENBLAS_NUM_THREADS=20; e2e_host_memcpy=1; e2e_bw=mixed","2.766090909090909","7,683585858585858e-07","0.048840909090909095","0","0","","","","","1,690388888888889e-05","DE","0,09152","1,5470439111111114e-06","0,07830997222222223","1,32374306933642e-06","0,09187","1,5529602722222221e-06","0,09501313888888888","1,6060915427623455e-06","0,09187","1,5529602722222221e-06","0,09501313888888888","1,6060915427623455e-06","0,09152","1,5470439111111114e-06","0,07830997222222223","1,32374306933642e-06","0,09152","7,032017777777778e-08","6,017013951529181e-08","1,5470439111111111e-06","0,09187","7,058910328282827e-08","7,300416103465206e-08","1,552960272222222e-06","0,09187","7,058910328282827e-08","7,300416103465206e-08","1,552960272222222e-06","0,09152","7,032017777777778e-08","6,017013951529181e-08","1,5470439111111111e-06"
"2024-09-13 01:00:40+02:00","rock-tobefilledbyoem","AMD Ryzen Threadripper 3970X 32-Core Processor","0","e2e","8","1.0","1.0745","0,6783","38,828","57.2","0","reduction","openblas","fp32","0","22","8","1.0745","60.854","56.6","57.2","4096000000","6.04","e2e","e2e","0","AMD Ryzen Threadripper 3970X 32-Core Processor","","","","0","0","","","37.2","0","OPENBLAS_NUM_THREADS=20; e2e_host_memcpy=1; e2e_bw=mixed","4.8535","1,3481944444444446e-06","0.0847875","0","0","0.0","","0.0","0.0","1,0785555555555557e-05","DE","0,09152","9,870940444444446e-07","0,07830997222222223","8,446165559567903e-07","0,09187","9,90868988888889e-07","0,09501313888888888","1,024769487993827e-06","0,09187","9,90868988888889e-07","0,09501313888888888","1,024769487993827e-06","0,09152","9,870940444444446e-07","0,07830997222222223","8,446165559567903e-07","0,09152","1,2338675555555557e-07","1,0557706949459878e-07","9,870940444444446e-07","0,09187","1,2385862361111112e-07","1,2809618599922838e-07","9,90868988888889e-07","0,09187","1,2385862361111112e-07","1,2809618599922838e-07","9,90868988888889e-07","0,09152","1,2338675555555557e-07","1,0557706949459878e-07","9,870940444444446e-07"
"2024-09-13 01:00:49+02:00","rock-tobefilledbyoem","AMD Ryzen Threadripper 3970X 32-Core Processor","0","kernel","18","1.0","1.0983","1,0983","62,162","56.6","0","reduction","openblas","fp32","0","18","7","1.0983","62.162","56.6","57.3","23040000000","20.98","kernel","kernel","0","AMD Ryzen Threadripper 3970X 32-Core Processor","","","","0","0","","","37.2","0","OPENBLAS_NUM_THREADS=20; e2e_host_memcpy=1; e2e_bw=mixed","3.4534444444444445","9,592901234567902e-07","0.06101666666666667","0","0","","","","","1,726722222222222e-05","DE","0,09152","1,5802961777777778e-06","0,07830997222222223","1,3521956925771606e-06","0,09187","1,5863397055555552e-06","0,09501313888888888","1,6406129832253082e-06","0,09187","1,5863397055555552e-06","0,09501313888888888","1,6406129832253082e-06","0,09152","1,5802961777777778e-06","0,07830997222222223","1,3521956925771606e-06","0,09152","8,779423209876544e-08","7,512198292095337e-08","1,5802961777777778e-06","0,09187","8,812998364197531e-08","9,114516573473936e-08","1,5863397055555557e-06","0,09187","8,812998364197531e-08","9,114516573473936e-08","1,5863397055555557e-06","0,09152","8,779423209876544e-08","7,512198292095337e-08","1,5802961777777778e-06"
"2024-09-13 01:00:49+02:00","rock-tobefilledbyoem","AMD Ryzen Threadripper 3970X 32-Core Processor","0","e2e","7","1.0","1.0983","0,7419","42,489","57.3","0","reduction","openblas","fp32","0","18","7","1.0983","62.162","56.6","57.3","4480000000","6.04","e2e","e2e","0","AMD Ryzen Threadripper 3970X 32-Core Processor","","","","0","0","","","37.2","0","OPENBLAS_NUM_THREADS=20; e2e_host_memcpy=1; e2e_bw=mixed","6.069857142857143","1,6860714285714285e-06","0.10598571428571428","0","0","0.0","","0.0","0.0","1,18025e-05","DE","0,09152","1,0801648e-06","0,07830997222222223","9,242534471527778e-07","0,09187","1,0842956749999998e-06","0,09501313888888888","1,1213925717361108e-06","0,09187","1,0842956749999998e-06","0,09501313888888888","1,1213925717361108e-06","0,09152","1,0801648e-06","0,07830997222222223","9,242534471527778e-07","0,09152","1,5430925714285715e-07","1,320362067361111e-07","1,0801648e-06","0,09187","1,5489938214285713e-07","1,6019893881944443e-07","1,084295675e-06","0,09187","1,5489938214285713e-07","1,6019893881944443e-07","1,084295675e-06","0,09152","1,5430925714285715e-07","1,320362067361111e-07","1,0801648e-06"
"2024-09-13 01:00:59+02:00","rock-tobefilledbyoem","AMD Ryzen Threadripper 3970X 32-Core Processor","0","kernel","15","1.0","1.0978","1,0978","62,157","56.6","0","reduction","openblas","fp32","0","15","6","1.0978","62.157","56.6","57.3","23040000000","20.99","kernel","kernel","0","AMD Ryzen Threadripper 3970X 32-Core Processor","","","","0","0","","","37.2","0","OPENBLAS_NUM_THREADS=20; e2e_host_memcpy=1; e2e_bw=mixed","4.1438","1,1510555555555557e-06","0.07318666666666668","0","0","","","","","1,7265833333333333e-05","DE","0,09152","1,5801690666666668e-06","0,07830997222222223","1,352086928726852e-06","0,09187","1,5862121083333331e-06","0,09501313888888888","1,6404810205324072e-06","0,09187","1,5862121083333331e-06","0,09501313888888888","1,6404810205324072e-06","0,09152","1,5801690666666668e-06","0,07830997222222223","1,352086928726852e-06","0,09152","1,0534460444444446e-07","9,013912858179015e-08","1,580169066666667e-06","0,09187","1,0574747388888889e-07","1,0936540136882716e-07","1,5862121083333333e-06","0,09187","1,0574747388888889e-07","1,0936540136882716e-07","1,5862121083333333e-06","0,09152","1,0534460444444446e-07","9,013912858179015e-08","1,580169066666667e-06"
"2024-09-13 01:00:59+02:00","rock-tobefilledbyoem","AMD Ryzen Threadripper 3970X 32-Core Processor","0","e2e","6","1.0","1.0978","0,7629","43,699","57.3","0","reduction","openblas","fp32","0","15","6","1.0978","62.157","56.6","57.3","4608000000","6.04","e2e","e2e","0","AMD Ryzen Threadripper 3970X 32-Core Processor","","","","0","0","","","37.2","0","OPENBLAS_NUM_THREADS=20; e2e_host_memcpy=1; e2e_bw=mixed","7.283166666666666","2,023101851851852e-06","0.12715","0","0","0.0","","0.0","0.0","1,213861111111111e-05","DE","0,09152","1,110925688888889e-06","0,07830997222222223","9,505742989274692e-07","0,09187","1,1151742027777776e-06","0,09501313888888888","1,1533275434182097e-06","0,09187","1,1151742027777776e-06","0,09501313888888888","1,1533275434182097e-06","0,09152","1,110925688888889e-06","0,07830997222222223","9,505742989274692e-07","0,09152","1,8515428148148148e-07","1,5842904982124488e-07","1,110925688888889e-06","0,09187","1,858623671296296e-07","1,922212572363683e-07","1,1151742027777776e-06","0,09187","1,858623671296296e-07","1,922212572363683e-07","1,1151742027777776e-06","0,09152","1,8515428148148148e-07","1,5842904982124488e-07","1,110925688888889e-06"
"2024-09-13 01:01:09+02:00","rock-tobefilledbyoem","AMD Ryzen Threadripper 3970X 32-Core Processor","0","kernel","11","1.0","1.0781","1,0781","61,117","56.7","0","reduction","openblas","fp32","0","11","4","1.0781","61.117","56.7","57.3","22528000000","20.9","kernel","kernel","0","AMD Ryzen Threadripper 3970X 32-Core Processor","","","","0","0","","","37.2","0","OPENBLAS_NUM_THREADS=20; e2e_host_memcpy=1; e2e_bw=mixed","5.5560909090909085","1,5433585858585858e-06","0.09800909090909092","0","0","","","","","1,6976944444444442e-05","DE","0,09152","1,5537299555555553e-06","0,07830997222222223","1,3294640478626544e-06","0,09187","1,5596718861111108e-06","0,09501313888888888","1,6130327804089502e-06","0,09187","1,5596718861111108e-06","0,09501313888888888","1,6130327804089502e-06","0,09152","1,5537299555555553e-06","0,07830997222222223","1,3294640478626544e-06","0,09152","1,4124817777777776e-07","1,2086036798751404e-07","1,5537299555555553e-06","0,09187","1,4178835328282825e-07","1,4663934367354093e-07","1,5596718861111108e-06","0,09187","1,4178835328282825e-07","1,4663934367354093e-07","1,5596718861111108e-06","0,09152","1,4124817777777776e-07","1,2086036798751404e-07","1,5537299555555553e-06"
"2024-09-13 01:01:09+02:00","rock-tobefilledbyoem","AMD Ryzen Threadripper 3970X 32-Core Processor","0","e2e","4","1.0","1.0781","0,679","38,922","57.3","0","reduction","openblas","fp32","0","11","4","1.0781","61.117","56.7","57.3","4096000000","6.03","e2e","e2e","0","AMD Ryzen Threadripper 3970X 32-Core Processor","","","","0","0","","","37.2","0","OPENBLAS_NUM_THREADS=20; e2e_host_memcpy=1; e2e_bw=mixed","9.7305","2,7029166666666663e-06","0.16975","0","0","0.0","","0.0","0.0","1,0811666666666665e-05","DE","0,09152","9,894837333333333e-07","0,07830997222222223","8,466613163425926e-07","0,09187","9,932678166666664e-07","0,09501313888888888","1,02725038662037e-06","0,09187","9,932678166666664e-07","0,09501313888888888","1,02725038662037e-06","0,09152","9,894837333333333e-07","0,07830997222222223","8,466613163425926e-07","0,09152","2,473709333333333e-07","2,1166532908564815e-07","9,894837333333333e-07","0,09187","2,483169541666666e-07","2,568125966550925e-07","9,932678166666664e-07","0,09187","2,483169541666666e-07","2,568125966550925e-07","9,932678166666664e-07","0,09152","2,473709333333333e-07","2,1166532908564815e-07","9,894837333333333e-07"
"2024-09-13 01:01:19+02:00","rock-tobefilledbyoem","AMD Ryzen Threadripper 3970X 32-Core Processor","0","kernel","8","1.0","1.177","1,177","66,751","56.7","0","reduction","openblas","fp32","0","8","3","1.177","66.751","56.7","57.3","24576000000","20.88","kernel","kernel","0","AMD Ryzen Threadripper 3970X 32-Core Processor","","","","0","0","","","37.2","0","OPENBLAS_NUM_THREADS=20; e2e_host_memcpy=1; e2e_bw=mixed","8.343875","2,317743055555556e-06","0.147125","0","0","","","","","1,8541944444444445e-05","DE","0,09152","1,6969587555555558e-06","0,07830997222222223","1,4520191543904323e-06","0,09187","1,703448436111111e-06","0,09501313888888888","1,7617283427700615e-06","0,09187","1,703448436111111e-06","0,09501313888888888","1,7617283427700615e-06","0,09152","1,6969587555555558e-06","0,07830997222222223","1,4520191543904323e-06","0,09152","2,121198444444445e-07","1,8150239429880409e-07","1,696958755555556e-06","0,09187","2,129310545138889e-07","2,2021604284625774e-07","1,7034484361111113e-06","0,09187","2,129310545138889e-07","2,2021604284625774e-07","1,7034484361111113e-06","0,09152","2,121198444444445e-07","1,8150239429880409e-07","1,696958755555556e-06"
"2024-09-13 01:01:19+02:00","rock-tobefilledbyoem","AMD Ryzen Threadripper 3970X 32-Core Processor","0","e2e","3","1.0","1.177","0,7624","43,685","57.3","0","reduction","openblas","fp32","0","8","3","1.177","66.751","56.7","57.3","4608000000","6.04","e2e","e2e","0","AMD Ryzen Threadripper 3970X 32-Core Processor","","","","0","0","","","37.2","0","OPENBLAS_NUM_THREADS=20; e2e_host_memcpy=1; e2e_bw=mixed","14.561666666666667","4,044907407407408e-06","0.2541333333333333","0","0","0.0","","0.0","0.0","1,2134722222222222e-05","DE","0,09152","1,1105697777777778e-06","0,07830997222222223","9,50269760146605e-07","0,09187","1,1148169305555555e-06","0,09501313888888888","1,1529580478780862e-06","0,09187","1,1148169305555555e-06","0,09501313888888888","1,1529580478780862e-06","0,09152","1,1105697777777778e-06","0,07830997222222223","9,50269760146605e-07","0,09152","3,7018992592592597e-07","3,1675658671553504e-07","1,1105697777777778e-06","0,09187","3,716056435185185e-07","3,843193492926955e-07","1,1148169305555555e-06","0,09187","3,716056435185185e-07","3,843193492926955e-07","1,1148169305555555e-06","0,09152","3,7018992592592597e-07","3,1675658671553504e-07","1,1105697777777778e-06"
"2024-09-13 01:01:48+02:00","rock-tobefilledbyoem","AMD Ryzen Threadripper 3970X 32-Core Processor","0","kernel","12032","1.0","1.0553","1,0553","59,096","56.0","0","reduction","openblas","fp32","0","12032","238","1.0553","59.096","56.0","54.9","96256000000","91.21","kernel","kernel","0","AMD Ryzen Threadripper 3970X 32-Core Processor","","","","0","0","","","39.6","0","OPENBLAS_NUM_THREADS=20; e2e_host_memcpy=1; e2e_bw=mixed","0.00491156914893617","1,3643247635933803e-09","8.770777925531915e-05","0","0","","","","","1,6415555555555553e-05","DE","0,09152","1,5023516444444443e-06","0,07830997222222223","1,2855016995679012e-06","0,09187","1,5080970888888887e-06","0,09501313888888888","1,5596934599382713e-06","0,09187","1,5080970888888887e-06","0,09501313888888888","1,5596934599382713e-06","0,09152","1,5023516444444443e-06","0,07830997222222223","1,2855016995679012e-06","0,09152","1,2486300236406619e-10","1,0684023433908753e-10","1,5023516444444443e-06","0,09187","1,2534051603132385e-10","1,2962877825284833e-10","1,5080970888888885e-06","0,09187","1,2534051603132385e-10","1,2962877825284833e-10","1,5080970888888885e-06","0,09152","1,2486300236406619e-10","1,0684023433908753e-10","1,5023516444444443e-06"
"2024-09-13 01:01:48+02:00","rock-tobefilledbyoem","AMD Ryzen Threadripper 3970X 32-Core Processor","0","e2e","238","1.0","1.0553","0,0493","2,703","54.9","0","reduction","openblas","fp32","0","12032","238","1.0553","59.096","56.0","54.9","952000000","19.32","e2e","e2e","0","AMD Ryzen Threadripper 3970X 32-Core Processor","","","","0","0","","","39.6","0","OPENBLAS_NUM_THREADS=20; e2e_host_memcpy=1; e2e_bw=mixed","0.011357142857142857","3,1547619047619052e-09","0.00020714285714285713","0","0","0.0","","0.0","0.0","7,508333333333333e-07","DE","0,09152","6,871626666666667e-08","0,07830997222222223","5,8797737476851856e-08","0,09187","6,897905833333332e-08","0,09501313888888888","7,13390317824074e-08","0,09187","6,897905833333332e-08","0,09501313888888888","7,13390317824074e-08","0,09152","6,871626666666667e-08","0,07830997222222223","5,8797737476851856e-08","0,09152","2,8872380952380957e-10","2,4704931712962967e-10","6,871626666666668e-08","0,09187","2,898279761904762e-10","2,9974383101851854e-10","6,897905833333334e-08","0,09187","2,898279761904762e-10","2,9974383101851854e-10","6,897905833333334e-08","0,09152","2,8872380952380957e-10","2,4704931712962967e-10","6,871626666666668e-08"
"2024-09-13 01:01:55+02:00","rock-tobefilledbyoem","AMD Ryzen Threadripper 3970X 32-Core Processor","0","kernel","5946","1.0","0.9915","0,9915","55,129","55.6","1","reduction","openblas","fp32","0","5946","645","0.9915","55.129","55.6","55.2","71352000000","71.96","kernel","kernel","0","AMD Ryzen Threadripper 3970X 32-Core Processor","","","","0","0","","","39.0","0","OPENBLAS_NUM_THREADS=20; e2e_host_memcpy=1; e2e_bw=mixed","0.009271611167171206","2,5754475464364462e-09","0.0001667507568113017","0","0","","","","","1,531361111111111e-05","DE","0,09152","1,401501688888889e-06","0,07830997222222223","1,1992084607330247e-06","0,09187","1,4068614527777776e-06","0,09501313888888888","1,4549942593904319e-06","0,09187","1,4068614527777776e-06","0,09501313888888888","1,4549942593904319e-06","0,09152","1,401501688888889e-06","0,07830997222222223","1,1992084607330247e-06","0,09152","2,3570495944986357e-10","2,016832258212285e-10","1,4015016888888887e-06","0,09187","2,366063660911163e-10","2,4470135543061413e-10","1,4068614527777774e-06","0,09187","2,366063660911163e-10","2,4470135543061413e-10","1,4068614527777774e-06","0,09152","2,3570495944986357e-10","2,016832258212285e-10","1,4015016888888887e-06"
"2024-09-13 01:01:55+02:00","rock-tobefilledbyoem","AMD Ryzen Threadripper 3970X 32-Core Processor","0","e2e","645","1.0","0.9915","0,401","22,13","55.2","1","reduction","openblas","fp32","0","5946","645","0.9915","55.129","55.6","55.2","3870000000","9.65","e2e","e2e","0","AMD Ryzen Threadripper 3970X 32-Core Processor","","","","0","0","","","39.0","0","OPENBLAS_NUM_THREADS=20; e2e_host_memcpy=1; e2e_bw=mixed","0.034310077519379846","9,530577088716625e-09","0.0006217054263565892","0","0","0.0","","0.0","0.0","6,147222222222222e-06","DE","0,09152","5,625937777777778e-07","0,07830997222222223","4,813888014660495e-07","0,09187","5,647453055555556e-07","0,09501313888888888","5,840668787808641e-07","0,09187","5,647453055555556e-07","0,09501313888888888","5,840668787808641e-07","0,09152","5,625937777777778e-07","0,07830997222222223","4,813888014660495e-07","0,09152","8,722384151593455e-10","7,463392270791465e-10","5,625937777777778e-07","0,09187","8,755741171403963e-10","9,055300446214948e-10","5,647453055555556e-07","0,09187","8,755741171403963e-10","9,055300446214948e-10","5,647453055555556e-07","0,09152","8,722384151593455e-10","7,463392270791465e-10","5,625937777777778e-07"
"2024-09-13 01:02:03+02:00","rock-tobefilledbyoem","AMD Ryzen Threadripper 3970X 32-Core Processor","0","kernel","2622","1.0","0.9815","0,9815","54,719","55.7","1","reduction","openblas","fp32","0","2622","473","0.9815","54.719","55.7","55.7","41952000000","42.74","kernel","kernel","0","AMD Ryzen Threadripper 3970X 32-Core Processor","","","","0","0","","","37.8","0","OPENBLAS_NUM_THREADS=20; e2e_host_memcpy=1; e2e_bw=mixed","0.020869183829138063","5,796995508093907e-09","0.0003743325705568269","0","0","","","","","1,5199722222222222e-05","DE","0,09152","1,3910785777777779e-06","0,07830997222222223","1,1902898250077162e-06","0,09187","1,3963984805555554e-06","0,09501313888888888","1,4441733185725306e-06","0,09187","1,3963984805555554e-06","0,09501313888888888","1,4441733185725306e-06","0,09152","1,3910785777777779e-06","0,07830997222222223","1,1902898250077162e-06","0,09152","5,305410289007544e-10","4,539625572111809e-10","1,3910785777777779e-06","0,09187","5,325699773285872e-10","5,507907393487913e-10","1,3963984805555557e-06","0,09187","5,325699773285872e-10","5,507907393487913e-10","1,3963984805555557e-06","0,09152","5,305410289007544e-10","4,539625572111809e-10","1,3910785777777779e-06"
"2024-09-13 01:02:03+02:00","rock-tobefilledbyoem","AMD Ryzen Threadripper 3970X 32-Core Processor","0","e2e","473","1.0","0.9815","0,5461","30,417","55.7","1","reduction","openblas","fp32","0","2622","473","0.9815","54.719","55.7","55.7","3784000000","6.93","e2e","e2e","0","AMD Ryzen Threadripper 3970X 32-Core Processor","","","","0","0","","","37.8","0","OPENBLAS_NUM_THREADS=20; e2e_host_memcpy=1; e2e_bw=mixed","0.06430655391120507","1,7862931642001413e-08","0.0011545454545454545","0","0","0.0","","0.0","0.0","8,449166666666667e-06","DE","0,09152","7,732677333333334e-07","0,07830997222222223","6,616540069675927e-07","0,09187","7,762249416666666e-07","0,09501313888888888","8,027818459953703e-07","0,09187","7,762249416666666e-07","0,09501313888888888","8,027818459953703e-07","0,09152","7,732677333333334e-07","0,07830997222222223","6,616540069675927e-07","0,09152","1,6348155038759694e-09","1,3988456806925853e-09","7,732677333333335e-07","0,09187","1,6410675299506698e-09","1,6972132050642081e-09","7,762249416666668e-07","0,09187","1,6410675299506698e-09","1,6972132050642081e-09","7,762249416666668e-07","0,09152","1,6348155038759694e-09","1,3988456806925853e-09","7,732677333333335e-07"
"2024-09-13 01:02:09+02:00","rock-tobefilledbyoem","AMD Ryzen Threadripper 3970X 32-Core Processor","0","kernel","693","1.0","0.6864","0,6864","38,559","56.2","1","reduction","openblas","fp32","0","693","264","0.6864","38.559","56.2","56.4","16632000000","24.23","kernel","kernel","0","AMD Ryzen Threadripper 3970X 32-Core Processor","","","","0","0","","","37.5","0","OPENBLAS_NUM_THREADS=20; e2e_host_memcpy=1; e2e_bw=mixed","0.055640692640692636","1,5455747955747953e-08","0.0009904761904761905","0","0","","","","","1,0710833333333333e-05","DE","0,09152","9,802554666666666e-07","0,07830997222222223","8,387650608101852e-07","0,09187","9,84004258333333e-07","0,09501313888888888","1,0176698951157405e-06","0,09187","9,84004258333333e-07","0,09501313888888888","1,0176698951157405e-06","0,09152","9,802554666666666e-07","0,07830997222222223","8,387650608101852e-07","0,09152","1,4145100529100527e-09","1,2103391930882903e-09","9,802554666666666e-07","0,09187","1,4199195646945644e-09","1,4684991271511406e-09","9,84004258333333e-07","0,09187","1,4199195646945644e-09","1,4684991271511406e-09","9,84004258333333e-07","0,09152","1,4145100529100527e-09","1,2103391930882903e-09","9,802554666666666e-07"
"2024-09-13 01:02:09+02:00","rock-tobefilledbyoem","AMD Ryzen Threadripper 3970X 32-Core Processor","0","e2e","264","1.0","0.6864","0,5765","32,502","56.4","1","reduction","openblas","fp32","0","693","264","0.6864","38.559","56.2","56.4","3168000000","5.5","e2e","e2e","0","AMD Ryzen Threadripper 3970X 32-Core Processor","","","","0","0","","","37.5","0","OPENBLAS_NUM_THREADS=20; e2e_host_memcpy=1; e2e_bw=mixed","0.12311363636363637","3,4198232323232326e-08","0.002183712121212121","0","0","0.0","","0.0","0.0","9,028333333333335e-06","DE","0,09152","8,262730666666669e-07","0,07830997222222223","7,070085325462965e-07","0,09187","8,294329833333334e-07","0,09501313888888888","8,578102889351852e-07","0,09187","8,294329833333334e-07","0,09501313888888888","8,578102889351852e-07","0,09152","8,262730666666669e-07","0,07830997222222223","7,070085325462965e-07","0,09152","3,1298222222222226e-09","2,6780626232814257e-09","8,262730666666668e-07","0,09187","3,1417916035353537e-09","3,2492813974817617e-09","8,294329833333334e-07","0,09187","3,1417916035353537e-09","3,2492813974817617e-09","8,294329833333334e-07","0,09152","3,1298222222222226e-09","2,6780626232814257e-09","8,262730666666668e-07"
"2024-09-13 01:02:17+02:00","rock-tobefilledbyoem","AMD Ryzen Threadripper 3970X 32-Core Processor","0","kernel","703","1.0","1.0479","1,0479","58,943","56.3","0","reduction","openblas","fp32","0","703","226","1.0479","58.943","56.3","57.1","22496000000","21.47","kernel","kernel","0","AMD Ryzen Threadripper 3970X 32-Core Processor","","","","0","0","","","37.2","0","OPENBLAS_NUM_THREADS=20; e2e_host_memcpy=1; e2e_bw=mixed","0.08384495021337127","2,3290263948158685e-08","0.0014906116642958748","0","0","","","","","1,6373055555555555e-05","DE","0,09152","1,4984620444444444e-06","0,07830997222222223","1,282173525748457e-06","0,09187","1,5041926138888888e-06","0,09501313888888888","1,5556554015354935e-06","0,09187","1,5041926138888888e-06","0,09501313888888888","1,5556554015354935e-06","0,09152","1,4984620444444444e-06","0,07830997222222223","1,282173525748457e-06","0,09152","2,131524956535483e-09","1,8238599228285305e-09","1,4984620444444444e-06","0,09187","2,1396765489173384e-09","2,2128810832652824e-09","1,5041926138888888e-06","0,09187","2,1396765489173384e-09","2,2128810832652824e-09","1,5041926138888888e-06","0,09152","2,131524956535483e-09","1,8238599228285305e-09","1,4984620444444444e-06"
"2024-09-13 01:02:17+02:00","rock-tobefilledbyoem","AMD Ryzen Threadripper 3970X 32-Core Processor","0","e2e","226","1.0","1.0479","0,594","33,912","57.1","0","reduction","openblas","fp32","0","703","226","1.0479","58.943","56.3","57.1","3616000000","6.09","e2e","e2e","0","AMD Ryzen Threadripper 3970X 32-Core Processor","","","","0","0","","","37.2","0","OPENBLAS_NUM_THREADS=20; e2e_host_memcpy=1; e2e_bw=mixed","0.15005309734513275","4,1681415929203545e-08","0.002628318584070796","0","0","0.0","","0.0","0.0","9,42e-06","DE","0,09152","8,621184e-07","0,07830997222222223","7,376799383333334e-07","0,09187","8,654153999999999e-07","0,09501313888888888","8,950237683333331e-07","0,09187","8,654153999999999e-07","0,09501313888888888","8,950237683333331e-07","0,09152","8,621184e-07","0,07830997222222223","7,376799383333334e-07","0,09152","3,814683185840708e-09","3,264070523598821e-09","8,621184e-07","0,09187","3,82927168141593e-09","3,960282160766962e-09","8,654154000000001e-07","0,09187","3,82927168141593e-09","3,960282160766962e-09","8,654154000000001e-07","0,09152","3,814683185840708e-09","3,264070523598821e-09","8,621184e-07"
"2024-09-13 01:02:25+02:00","rock-tobefilledbyoem","AMD Ryzen Threadripper 3970X 32-Core Processor","0","kernel","469","1.0","1.0678","1,0678","60,031","56.2","0","reduction","openblas","fp32","0","469","131","1.0678","60.031","56.2","57.1","22512000000","21.08","kernel","kernel","0","AMD Ryzen Threadripper 3970X 32-Core Processor","","","","0","0","","","37.2","0","OPENBLAS_NUM_THREADS=20; e2e_host_memcpy=1; e2e_bw=mixed","0.12799786780383796","3,555496327884388e-08","0.002276759061833689","0","0","","","","","1,6675277777777778e-05","DE","0,09152","1,5261214222222224e-06","0,07830997222222223","1,3058405395756176e-06","0,09187","1,5319577694444445e-06","0,09501313888888888","1,5843704835108024e-06","0,09187","1,5319577694444445e-06","0,09501313888888888","1,5843704835108024e-06","0,09152","1,5261214222222224e-06","0,07830997222222223","1,3058405395756176e-06","0,09152","3,253990239279792e-09","2,784308186728396e-09","1,5261214222222226e-06","0,09187","3,2664344764273875e-09","3,3781886642021376e-09","1,5319577694444447e-06","0,09187","3,2664344764273875e-09","3,3781886642021376e-09","1,5319577694444447e-06","0,09152","3,253990239279792e-09","2,784308186728396e-09","1,5261214222222226e-06"
"2024-09-13 01:02:25+02:00","rock-tobefilledbyoem","AMD Ryzen Threadripper 3970X 32-Core Processor","0","e2e","131","1.0","1.0678","0,5175","29,538","57.1","0","reduction","openblas","fp32","0","469","131","1.0678","60.031","56.2","57.1","3144000000","6.08","e2e","e2e","0","AMD Ryzen Threadripper 3970X 32-Core Processor","","","","0","0","","","37.2","0","OPENBLAS_NUM_THREADS=20; e2e_host_memcpy=1; e2e_bw=mixed","0.22548091603053436","6,263358778625955e-08","0.003950381679389312","0","0","0.0","","0.0","0.0","8,205e-06","DE","0,09152","7,509216000000001e-07","0,07830997222222223","6,425333220833334e-07","0,09187","7,5379335e-07","0,09501313888888888","7,795828045833333e-07","0,09187","7,5379335e-07","0,09501313888888888","7,795828045833333e-07","0,09152","7,509216000000001e-07","0,07830997222222223","6,425333220833334e-07","0,09152","5,732225954198475e-09","4,904834519720103e-09","7,509216000000002e-07","0,09187","5,754147709923665e-09","5,9510137754452925e-09","7,537933500000001e-07","0,09187","5,754147709923665e-09","5,9510137754452925e-09","7,537933500000001e-07","0,09152","5,732225954198475e-09","4,904834519720103e-09","7,509216000000002e-07"
"2024-09-13 01:02:34+02:00","rock-tobefilledbyoem","AMD Ryzen Threadripper 3970X 32-Core Processor","0","kernel","347","1.0","1.0558","1,0558","59,389","56.3","0","reduction","openblas","fp32","0","347","113","1.0558","59.389","56.3","57.0","22208000000","21.03","kernel","kernel","0","AMD Ryzen Threadripper 3970X 32-Core Processor","","","","0","0","","","37.2","0","OPENBLAS_NUM_THREADS=20; e2e_host_memcpy=1; e2e_bw=mixed","0.17114985590778098","4,7541626641050274e-08","0.0030426512968299716","0","0","","","","","1,6496944444444447e-05","DE","0,09152","1,5098003555555558e-06","0,07830997222222223","1,291875261195988e-06","0,09187","1,5155742861111113e-06","0,09501313888888888","1,567426473742284e-06","0,09187","1,5155742861111113e-06","0,09501313888888888","1,567426473742284e-06","0,09152","1,5098003555555558e-06","0,07830997222222223","1,291875261195988e-06","0,09152","4,351009670188921e-09","3,7229834616599075e-09","1,5098003555555556e-06","0,09187","4,367649239513288e-09","4,5170791750498095e-09","1,515574286111111e-06","0,09187","4,367649239513288e-09","4,5170791750498095e-09","1,515574286111111e-06","0,09152","4,351009670188921e-09","3,7229834616599075e-09","1,5098003555555556e-06"
"2024-09-13 01:02:34+02:00","rock-tobefilledbyoem","AMD Ryzen Threadripper 3970X 32-Core Processor","0","e2e","113","1.0","1.0558","0,5949","33,909","57.0","0","reduction","openblas","fp32","0","347","113","1.0558","59.389","56.3","57.0","3616000000","6.08","e2e","e2e","0","AMD Ryzen Threadripper 3970X 32-Core Processor","","","","0","0","","","37.2","0","OPENBLAS_NUM_THREADS=20; e2e_host_memcpy=1; e2e_bw=mixed","0.3000796460176991","8,335545722713863e-08","0.005264601769911504","0","0","0.0","","0.0","0.0","9,419166666666666e-06","DE","0,09152","8,620421333333333e-07","0,07830997222222223","7,376146800231482e-07","0,09187","8,653388416666666e-07","0,09501313888888888","8,949445907175924e-07","0,09187","8,653388416666666e-07","0,09501313888888888","8,949445907175924e-07","0,09152","8,620421333333333e-07","0,07830997222222223","7,376146800231482e-07","0,09152","7,628691445427728e-09","6,52756354002786e-09","8,620421333333332e-07","0,09187","7,657865855457226e-09","7,91986363466896e-09","8,653388416666665e-07","0,09187","7,657865855457226e-09","7,91986363466896e-09","8,653388416666665e-07","0,09152","7,628691445427728e-09","6,52756354002786e-09","8,620421333333332e-07"
"2024-09-13 01:02:42+02:00","rock-tobefilledbyoem","AMD Ryzen Threadripper 3970X 32-Core Processor","0","kernel","231","1.0","1.0553","1,0553","59,309","56.2","0","reduction","openblas","fp32","0","231","66","1.0553","59.309","56.2","57.0","22176000000","21.01","kernel","kernel","0","AMD Ryzen Threadripper 3970X 32-Core Processor","","","","0","0","","","37.2","0","OPENBLAS_NUM_THREADS=20; e2e_host_memcpy=1; e2e_bw=mixed","0.2567489177489177","7,131914381914381e-08","0.004568398268398268","0","0","","","","","1,647472222222222e-05","DE","0,09152","1,5077665777777778e-06","0,07830997222222223","1,2901350395910495e-06","0,09187","1,5135327305555553e-06","0,09501313888888888","1,5653150706558639e-06","0,09187","1,5135327305555553e-06","0,09501313888888888","1,5653150706558639e-06","0,09152","1,5077665777777778e-06","0,07830997222222223","1,2901350395910495e-06","0,09152","6,527128042328042e-09","5,5850001713898245e-09","1,5077665777777776e-06","0,09187","6,552089742664741e-09","6,776255717124952e-09","1,5135327305555553e-06","0,09187","6,552089742664741e-09","6,776255717124952e-09","1,5135327305555553e-06","0,09152","6,527128042328042e-09","5,5850001713898245e-09","1,5077665777777776e-06"
"2024-09-13 01:02:42+02:00","rock-tobefilledbyoem","AMD Ryzen Threadripper 3970X 32-Core Processor","0","e2e","66","1.0","1.0553","0,5221","29,776","57.0","0","reduction","openblas","fp32","0","231","66","1.0553","59.309","56.2","57.0","3168000000","6.07","e2e","e2e","0","AMD Ryzen Threadripper 3970X 32-Core Processor","","","","0","0","","","37.2","0","OPENBLAS_NUM_THREADS=20; e2e_host_memcpy=1; e2e_bw=mixed","0.45115151515151514","1,2531986531986534e-07","0.00791060606060606","0","0","0.0","","0.0","0.0","8,271111111111112e-06","DE","0,09152","7,56972088888889e-07","0,07830997222222223","6,477104813580248e-07","0,09187","7,598669777777778e-07","0,09501313888888888","7,85864228765432e-07","0,09187","7,598669777777778e-07","0,09501313888888888","7,85864228765432e-07","0,09152","7,56972088888889e-07","0,07830997222222223","6,477104813580248e-07","0,09152","1,1469274074074076e-08","9,813795172091287e-09","7,569720888888891e-07","0,09187","1,1513136026936029e-08","1,1907033769173215e-08","7,598669777777779e-07","0,09187","1,1513136026936029e-08","1,1907033769173215e-08","7,598669777777779e-07","0,09152","1,1469274074074076e-08","9,813795172091287e-09","7,569720888888891e-07"
"2024-09-13 01:02:50+02:00","rock-tobefilledbyoem","AMD Ryzen Threadripper 3970X 32-Core Processor","0","kernel","173","1.0","1.0576","1,0576","59,413","56.2","0","reduction","openblas","fp32","0","173","56","1.0576","59.413","56.2","56.9","22144000000","20.94","kernel","kernel","0","AMD Ryzen Threadripper 3970X 32-Core Processor","","","","0","0","","","37.2","0","OPENBLAS_NUM_THREADS=20; e2e_host_memcpy=1; e2e_bw=mixed","0.3434277456647399","9,53965960179833e-08","0.006113294797687862","0","0","","","","","1,650361111111111e-05","DE","0,09152","1,510410488888889e-06","0,07830997222222223","1,2923973276774693e-06","0,09187","1,5161867527777776e-06","0,09501313888888888","1,5680598946682097e-06","0,09187","1,5161867527777776e-06","0,09501313888888888","1,5680598946682097e-06","0,09152","1,510410488888889e-06","0,07830997222222223","1,2923973276774693e-06","0,09152","8,730696467565831e-09","7,470504784262828e-09","1,5104104888888888e-06","0,09187","8,764085276172125e-09","9,063930026983871e-09","1,5161867527777776e-06","0,09187","8,764085276172125e-09","9,063930026983871e-09","1,5161867527777776e-06","0,09152","8,730696467565831e-09","7,470504784262828e-09","1,5104104888888888e-06"
"2024-09-13 01:02:50+02:00","rock-tobefilledbyoem","AMD Ryzen Threadripper 3970X 32-Core Processor","0","e2e","56","1.0","1.0576","0,5935","33,763","56.9","0","reduction","openblas","fp32","0","173","56","1.0576","59.413","56.2","56.9","3584000000","6.04","e2e","e2e","0","AMD Ryzen Threadripper 3970X 32-Core Processor","","","","0","0","","","37.2","0","OPENBLAS_NUM_THREADS=20; e2e_host_memcpy=1; e2e_bw=mixed","0.6029107142857143","1,6747519841269845e-07","0.010598214285714285","0","0","0.0","","0.0","0.0","9,378611111111111e-06","DE","0,09152","8,583304888888889e-07","0,07830997222222223","7,344387755941359e-07","0,09187","8,616130027777777e-07","0,09501313888888888","8,910912800848764e-07","0,09187","8,616130027777777e-07","0,09501313888888888","8,910912800848764e-07","0,09152","8,583304888888889e-07","0,07830997222222223","7,344387755941359e-07","0,09152","1,532733015873016e-08","1,3114978135609573e-08","8,58330488888889e-07","0,09187","1,5385946478174605e-08","1,591234428722994e-08","8,616130027777779e-07","0,09187","1,5385946478174605e-08","1,591234428722994e-08","8,616130027777779e-07","0,09152","1,532733015873016e-08","1,3114978135609573e-08","8,58330488888889e-07"
"2024-09-13 01:02:58+02:00","rock-tobefilledbyoem","AMD Ryzen Threadripper 3970X 32-Core Processor","0","kernel","113","1.0","1.0298","1,0298","57,924","56.2","0","reduction","openblas","fp32","0","113","33","1.0298","57.924","56.2","56.9","21696000000","21.07","kernel","kernel","0","AMD Ryzen Threadripper 3970X 32-Core Processor","","","","0","0","","","37.2","0","OPENBLAS_NUM_THREADS=20; e2e_host_memcpy=1; e2e_bw=mixed","0.5126017699115044","1,4238938053097345e-07","0.009113274336283186","0","0","","","","","1,609e-05","DE","0,09152","1,4725568e-06","0,07830997222222223","1,2600074530555557e-06","0,09187","1,4781883e-06","0,09501313888888888","1,528761404722222e-06","0,09187","1,4781883e-06","0,09501313888888888","1,528761404722222e-06","0,09152","1,4725568e-06","0,07830997222222223","1,2600074530555557e-06","0,09152","1,303147610619469e-08","1,1150508434119962e-08","1,4725567999999999e-06","0,09187","1,308131238938053e-08","1,352886198869223e-08","1,4781882999999998e-06","0,09187","1,308131238938053e-08","1,352886198869223e-08","1,4781882999999998e-06","0,09152","1,303147610619469e-08","1,1150508434119962e-08","1,4725567999999999e-06"
"2024-09-13 01:02:58+02:00","rock-tobefilledbyoem","AMD Ryzen Threadripper 3970X 32-Core Processor","0","e2e","33","1.0","1.0298","0,5213","29,687","56.9","0","reduction","openblas","fp32","0","113","33","1.0298","57.924","56.2","56.9","3168000000","6.08","e2e","e2e","0","AMD Ryzen Threadripper 3970X 32-Core Processor","","","","0","0","","","37.2","0","OPENBLAS_NUM_THREADS=20; e2e_host_memcpy=1; e2e_bw=mixed","0.8996060606060606","2,498905723905724e-07","0.015796969696969698","0","0","0.0","","0.0","0.0","8,246388888888889e-06","DE","0,09152","7,547095111111112e-07","0,07830997222222223","6,457744848225309e-07","0,09187","7,575957472222221e-07","0,09501313888888888","7,8351529283179e-07","0,09187","7,575957472222221e-07","0,09501313888888888","7,8351529283179e-07","0,09152","7,547095111111112e-07","0,07830997222222223","6,457744848225309e-07","0,09152","2,2869985185185186e-08","1,9568923782500938e-08","7,547095111111112e-07","0,09187","2,295744688552188e-08","2,3742887661569392e-08","7,57595747222222e-07","0,09187","2,295744688552188e-08","2,3742887661569392e-08","7,57595747222222e-07","0,09152","2,2869985185185186e-08","1,9568923782500938e-08","7,547095111111112e-07"
"2024-09-13 01:03:06+02:00","rock-tobefilledbyoem","AMD Ryzen Threadripper 3970X 32-Core Processor","0","kernel","87","1.0","1.0644","1,0644","59,884","56.3","0","reduction","openblas","fp32","0","87","29","1.0644","59.884","56.3","56.9","22272000000","20.92","kernel","kernel","0","AMD Ryzen Threadripper 3970X 32-Core Processor","","","","0","0","","","37.1","0","OPENBLAS_NUM_THREADS=20; e2e_host_memcpy=1; e2e_bw=mixed","0.6883218390804597","1,9120051085568329e-07","0.01223448275862069","0","0","","","","","1,6634444444444443e-05","DE","0,09152","1,5223843555555555e-06","0,07830997222222223","1,3026428823765434e-06","0,09187","1,528206411111111e-06","0,09501313888888888","1,5804907803395058e-06","0,09187","1,528206411111111e-06","0,09501313888888888","1,5804907803395058e-06","0,09152","1,5223843555555555e-06","0,07830997222222223","1,3026428823765434e-06","0,09152","1,7498670753512136e-08","1,497290669398326e-08","1,522384355555556e-06","0,09187","1,7565590932311624e-08","1,816656069355754e-08","1,5282064111111113e-06","0,09187","1,7565590932311624e-08","1,816656069355754e-08","1,5282064111111113e-06","0,09152","1,7498670753512136e-08","1,497290669398326e-08","1,522384355555556e-06"
"2024-09-13 01:03:06+02:00","rock-tobefilledbyoem","AMD Ryzen Threadripper 3970X 32-Core Processor","0","e2e","29","1.0","1.0644","0,6145","34,951","56.9","0","reduction","openblas","fp32","0","87","29","1.0644","59.884","56.3","56.9","3712000000","6.04","e2e","e2e","0","AMD Ryzen Threadripper 3970X 32-Core Processor","","","","0","0","","","37.1","0","OPENBLAS_NUM_THREADS=20; e2e_host_memcpy=1; e2e_bw=mixed","1.2052068965517242","3,347796934865901e-07","0.021189655172413793","0","0","0.0","","0.0","0.0","9,708611111111111e-06","DE","0,09152","8,88532088888889e-07","0,07830997222222223","7,602810664274692e-07","0,09187","8,919301027777778e-07","0,09501313888888888","9,224456159182098e-07","0,09187","8,919301027777778e-07","0,09501313888888888","9,224456159182098e-07","0,09152","8,88532088888889e-07","0,07830997222222223","7,602810664274692e-07","0,09152","3,063903754789272e-08","2,6216588497498942e-08","8,88532088888889e-07","0,09187","3,075621044061303e-08","3,180846951442103e-08","8,919301027777779e-07","0,09187","3,075621044061303e-08","3,180846951442103e-08","8,919301027777779e-07","0,09152","3,063903754789272e-08","2,6216588497498942e-08","8,88532088888889e-07"
"2024-09-13 01:03:15+02:00","rock-tobefilledbyoem","AMD Ryzen Threadripper 3970X 32-Core Processor","0","kernel","58","1.0","1.0569","1,0569","59,46","56.3","0","reduction","openblas","fp32","0","58","17","1.0569","59.46","56.3","57.0","22272000000","21.07","kernel","kernel","0","AMD Ryzen Threadripper 3970X 32-Core Processor","","","","0","0","","","37.1","0","OPENBLAS_NUM_THREADS=20; e2e_host_memcpy=1; e2e_bw=mixed","1.0251724137931035","2,847701149425288e-07","0.018222413793103447","0","0","","","","","1,6516666666666667e-05","DE","0,09152","1,5116053333333335e-06","0,07830997222222223","1,2934197078703706e-06","0,09187","1,5173861666666667e-06","0,09501313888888888","1,5693003439814812e-06","0,09187","1,5173861666666667e-06","0,09501313888888888","1,5693003439814812e-06","0,09152","1,5116053333333335e-06","0,07830997222222223","1,2934197078703706e-06","0,09152","2,6062160919540235e-08","2,2300339790868462e-08","1,5116053333333335e-06","0,09187","2,6161830459770117e-08","2,7056902482439335e-08","1,5173861666666669e-06","0,09187","2,6161830459770117e-08","2,7056902482439335e-08","1,5173861666666669e-06","0,09152","2,6062160919540235e-08","2,2300339790868462e-08","1,5116053333333335e-06"
"2024-09-13 01:03:15+02:00","rock-tobefilledbyoem","AMD Ryzen Threadripper 3970X 32-Core Processor","0","e2e","17","1.0","1.0569","0,536","30,551","57.0","0","reduction","openblas","fp32","0","58","17","1.0569","59.46","56.3","57.0","3264000000","6.09","e2e","e2e","0","AMD Ryzen Threadripper 3970X 32-Core Processor","","","","0","0","","","37.1","0","OPENBLAS_NUM_THREADS=20; e2e_host_memcpy=1; e2e_bw=mixed","1.7971176470588235","4,991993464052287e-07","0.03152941176470588","0","0","0.0","","0.0","0.0","8,486388888888888e-06","DE","0,09152","7,766743111111111e-07","0,07830997222222223","6,645688781558643e-07","0,09187","7,796445472222221e-07","0,09501313888888888","8,063184461651233e-07","0,09187","7,796445472222221e-07","0,09501313888888888","8,063184461651233e-07","0,09152","7,766743111111111e-07","0,07830997222222223","6,645688781558643e-07","0,09152","4,568672418300653e-08","3,9092286950344956e-08","7,76674311111111e-07","0,09187","4,5861443954248355e-08","4,7430496833242544e-08","7,79644547222222e-07","0,09187","4,5861443954248355e-08","4,7430496833242544e-08","7,79644547222222e-07","0,09152","4,568672418300653e-08","3,9092286950344956e-08","7,76674311111111e-07"
"2024-09-13 01:03:23+02:00","rock-tobefilledbyoem","AMD Ryzen Threadripper 3970X 32-Core Processor","0","kernel","43","1.0","1.0606","1,0606","59,794","56.4","0","reduction","openblas","fp32","0","43","14","1.0606","59.794","56.4","56.9","22016000000","20.76","kernel","kernel","0","AMD Ryzen Threadripper 3970X 32-Core Processor","","","","0","0","","","37.0","0","OPENBLAS_NUM_THREADS=20; e2e_host_memcpy=1; e2e_bw=mixed","1.3905581395348836","3,86266149870801e-07","0.024665116279069768","0","0","","","","","1,6609444444444443e-05","DE","0,09152","1,5200963555555554e-06","0,07830997222222223","1,3006851330709878e-06","0,09187","1,525909661111111e-06","0,09501313888888888","1,5781154518672836e-06","0,09187","1,525909661111111e-06","0,09501313888888888","1,5781154518672836e-06","0,09152","1,5200963555555554e-06","0,07830997222222223","1,3006851330709878e-06","0,09152","3,535107803617571e-08","3,0248491466767155e-08","1,5200963555555554e-06","0,09187","3,5486271188630487e-08","3,670035934575078e-08","1,525909661111111e-06","0,09187","3,5486271188630487e-08","3,670035934575078e-08","1,525909661111111e-06","0,09152","3,535107803617571e-08","3,0248491466767155e-08","1,5200963555555554e-06"
"2024-09-13 01:03:23+02:00","rock-tobefilledbyoem","AMD Ryzen Threadripper 3970X 32-Core Processor","0","e2e","14","1.0","1.0606","0,5951","33,88","56.9","0","reduction","openblas","fp32","0","43","14","1.0606","59.794","56.4","56.9","3584000000","6.02","e2e","e2e","0","AMD Ryzen Threadripper 3970X 32-Core Processor","","","","0","0","","","37.0","0","OPENBLAS_NUM_THREADS=20; e2e_host_memcpy=1; e2e_bw=mixed","2.4200000000000004","6,722222222222223e-07","0.042507142857142854","0","0","0.0","","0.0","0.0","9,411111111111111e-06","DE","0,09152","8,613048888888889e-07","0,07830997222222223","7,369838496913581e-07","0,09187","8,645987777777777e-07","0,09501313888888888","8,941792070987653e-07","0,09187","8,645987777777777e-07","0,09501313888888888","8,941792070987653e-07","0,09152","8,613048888888889e-07","0,07830997222222223","7,369838496913581e-07","0,09152","6,152177777777778e-08","5,264170354938273e-08","8,613048888888889e-07","0,09187","6,175705555555556e-08","6,386994336419753e-08","8,645987777777778e-07","0,09187","6,175705555555556e-08","6,386994336419753e-08","8,645987777777778e-07","0,09152","6,152177777777778e-08","5,264170354938273e-08","8,613048888888889e-07"
"2024-09-13 01:03:32+02:00","rock-tobefilledbyoem","AMD Ryzen Threadripper 3970X 32-Core Processor","0","kernel","29","1.0","1.0738","1,0738","60,395","56.2","0","reduction","openblas","fp32","0","29","9","1.0738","60.395","56.2","56.9","22272000000","20.74","kernel","kernel","0","AMD Ryzen Threadripper 3970X 32-Core Processor","","","","0","0","","","37.0","0","OPENBLAS_NUM_THREADS=20; e2e_host_memcpy=1; e2e_bw=mixed","2.082586206896552","5,784961685823755e-07","0.03702758620689656","0","0","","","","","1,677638888888889e-05","DE","0,09152","1,5353751111111112e-06","0,07830997222222223","1,3137585478780866e-06","0,09187","1,541246847222222e-06","0,09501313888888888","1,5939773675540121e-06","0,09187","1,541246847222222e-06","0,09501313888888888","1,5939773675540121e-06","0,09152","1,5353751111111112e-06","0,07830997222222223","1,3137585478780866e-06","0,09152","5,294396934865901e-08","4,530201889234782e-08","1,5353751111111114e-06","0,09187","5,314644300766283e-08","5,496473681220732e-08","1,5412468472222222e-06","0,09187","5,314644300766283e-08","5,496473681220732e-08","1,5412468472222222e-06","0,09152","5,294396934865901e-08","4,530201889234782e-08","1,5353751111111114e-06"
"2024-09-13 01:03:32+02:00","rock-tobefilledbyoem","AMD Ryzen Threadripper 3970X 32-Core Processor","0","e2e","9","1.0","1.0738","0,5737","32,664","56.9","0","reduction","openblas","fp32","0","29","9","1.0738","60.395","56.2","56.9","3456000000","6.02","e2e","e2e","0","AMD Ryzen Threadripper 3970X 32-Core Processor","","","","0","0","","","37.0","0","OPENBLAS_NUM_THREADS=20; e2e_host_memcpy=1; e2e_bw=mixed","3.6293333333333333","1,008148148148148e-06","0.06374444444444444","0","0","0.0","","0.0","0.0","9,073333333333333e-06","DE","0,09152","8,303914666666667e-07","0,07830997222222223","7,105324812962964e-07","0,09187","8,335671333333332e-07","0,09501313888888888","8,620858801851851e-07","0,09187","8,335671333333332e-07","0,09501313888888888","8,620858801851851e-07","0,09152","8,303914666666667e-07","0,07830997222222223","7,105324812962964e-07","0,09152","9,226571851851852e-08","7,894805347736626e-08","8,303914666666667e-07","0,09187","9,261857037037035e-08","9,578732002057612e-08","8,335671333333331e-07","0,09187","9,261857037037035e-08","9,578732002057612e-08","8,335671333333331e-07","0,09152","9,226571851851852e-08","7,894805347736626e-08","8,303914666666667e-07"
"2024-09-13 01:03:40+02:00","rock-tobefilledbyoem","AMD Ryzen Threadripper 3970X 32-Core Processor","0","kernel","22","1.0","1.0749","1,0749","60,489","56.3","0","reduction","openblas","fp32","0","22","7","1.0749","60.489","56.3","56.9","22528000000","20.96","kernel","kernel","0","AMD Ryzen Threadripper 3970X 32-Core Processor","","","","0","0","","","37.0","0","OPENBLAS_NUM_THREADS=20; e2e_host_memcpy=1; e2e_bw=mixed","2.7495","7,6375e-07","0.04885909090909091","0","0","","","","","1,68025e-05","DE","0,09152","1,5377648000000001e-06","0,07830997222222223","1,3158033082638892e-06","0,09187","1,543645675e-06","0,09501313888888888","1,5964582661805553e-06","0,09187","1,543645675e-06","0,09501313888888888","1,5964582661805553e-06","0,09152","1,5377648000000001e-06","0,07830997222222223","1,3158033082638892e-06","0,09152","6,98984e-08","5,980924128472223e-08","1,5377648000000001e-06","0,09187","7,01657125e-08","7,256628482638888e-08","1,543645675e-06","0,09187","7,01657125e-08","7,256628482638888e-08","1,543645675e-06","0,09152","6,98984e-08","5,980924128472223e-08","1,5377648000000001e-06"
"2024-09-13 01:03:40+02:00","rock-tobefilledbyoem","AMD Ryzen Threadripper 3970X 32-Core Processor","0","e2e","7","1.0","1.0749","0,5923","33,716","56.9","0","reduction","openblas","fp32","0","22","7","1.0749","60.489","56.3","56.9","3584000000","6.05","e2e","e2e","0","AMD Ryzen Threadripper 3970X 32-Core Processor","","","","0","0","","","37.0","0","OPENBLAS_NUM_THREADS=20; e2e_host_memcpy=1; e2e_bw=mixed","4.816571428571429","1,337936507936508e-06","0.08461428571428573","0","0","0.0","","0.0","0.0","9,365555555555557e-06","DE","0,09152","8,571356444444446e-07","0,07830997222222223","7,334163954012348e-07","0,09187","8,604135888888889e-07","0,09501313888888888","8,89850830771605e-07","0,09187","8,604135888888889e-07","0,09501313888888888","8,89850830771605e-07","0,09152","8,571356444444446e-07","0,07830997222222223","7,334163954012348e-07","0,09152","1,224479492063492e-07","1,0477377077160495e-07","8,571356444444445e-07","0,09187","1,2291622698412696e-07","1,271215472530864e-07","8,604135888888888e-07","0,09187","1,2291622698412696e-07","1,271215472530864e-07","8,604135888888888e-07","0,09152","1,224479492063492e-07","1,0477377077160495e-07","8,571356444444445e-07"
"2024-09-13 01:03:50+02:00","rock-tobefilledbyoem","AMD Ryzen Threadripper 3970X 32-Core Processor","0","kernel","17","1.0","1.0429","1,0429","58,655","56.2","0","reduction","openblas","fp32","0","17","7","1.0429","58.655","56.2","57.0","21760000000","20.86","kernel","kernel","0","AMD Ryzen Threadripper 3970X 32-Core Processor","","","","0","0","","","37.2","0","OPENBLAS_NUM_THREADS=20; e2e_host_memcpy=1; e2e_bw=mixed","3.4502941176470587","9,584150326797383e-07","0.06134705882352941","0","0","","","","","1,6293055555555556e-05","DE","0,09152","1,4911404444444445e-06","0,07830997222222223","1,2759087279706791e-06","0,09187","1,4968430138888887e-06","0,09501313888888888","1,5480543504243826e-06","0,09187","1,4968430138888887e-06","0,09501313888888888","1,5480543504243826e-06","0,09152","1,4911404444444445e-06","0,07830997222222223","1,2759087279706791e-06","0,09152","8,771414379084965e-08","7,505345458651052e-08","1,491140444444444e-06","0,09187","8,804958905228756e-08","9,106202061319895e-08","1,4968430138888885e-06","0,09187","8,804958905228756e-08","9,106202061319895e-08","1,4968430138888885e-06","0,09152","8,771414379084965e-08","7,505345458651052e-08","1,491140444444444e-06"
"2024-09-13 01:03:50+02:00","rock-tobefilledbyoem","AMD Ryzen Threadripper 3970X 32-Core Processor","0","e2e","7","1.0","1.0429","0,7435","42,366","57.0","0","reduction","openblas","fp32","0","17","7","1.0429","58.655","56.2","57.0","4480000000","6.03","e2e","e2e","0","AMD Ryzen Threadripper 3970X 32-Core Processor","","","","0","0","","","37.2","0","OPENBLAS_NUM_THREADS=20; e2e_host_memcpy=1; e2e_bw=mixed","6.0522857142857145","1,6811904761904762e-06","0.10621428571428572","0","0","0.0","","0.0","0.0","1,1768333333333334e-05","DE","0,09152","1,0770378666666668e-06","0,07830997222222223","9,215778564351853e-07","0,09187","1,0811567833333333e-06","0,09501313888888888","1,1181462894907406e-06","0,09187","1,0811567833333333e-06","0,09501313888888888","1,1181462894907406e-06","0,09152","1,0770378666666668e-06","0,07830997222222223","9,215778564351853e-07","0,09152","1,5386255238095238e-07","1,3165397949074077e-07","1,0770378666666665e-06","0,09187","1,5445096904761903e-07","1,5973518421296293e-07","1,0811567833333333e-06","0,09187","1,5445096904761903e-07","1,5973518421296293e-07","1,0811567833333333e-06","0,09152","1,5386255238095238e-07","1,3165397949074077e-07","1,0770378666666665e-06"
"2024-09-13 01:03:59+02:00","rock-tobefilledbyoem","AMD Ryzen Threadripper 3970X 32-Core Processor","0","kernel","15","1.0","1.1106","1,1106","62,489","56.3","0","reduction","openblas","fp32","0","15","6","1.1106","62.489","56.3","56.9","23040000000","20.74","kernel","kernel","0","AMD Ryzen Threadripper 3970X 32-Core Processor","","","","0","0","","","37.2","0","OPENBLAS_NUM_THREADS=20; e2e_host_memcpy=1; e2e_bw=mixed","4.165933333333333","1,1572037037037036e-06","0.07404000000000001","0","0","","","","","1,7358055555555553e-05","DE","0,09152","1,5886092444444443e-06","0,07830997222222223","1,3593088483873456e-06","0,09187","1,5946845638888886e-06","0,09501313888888888","1,649243343341049e-06","0,09187","1,5946845638888886e-06","0,09501313888888888","1,649243343341049e-06","0,09152","1,5886092444444443e-06","0,07830997222222223","1,3593088483873456e-06","0,09152","1,0590728296296296e-07","9,062058989248972e-08","1,5886092444444443e-06","0,09187","1,0631230425925925e-07","1,0994955622273661e-07","1,5946845638888886e-06","0,09187","1,0631230425925925e-07","1,0994955622273661e-07","1,5946845638888886e-06","0,09152","1,0590728296296296e-07","9,062058989248972e-08","1,5886092444444443e-06"
"2024-09-13 01:03:59+02:00","rock-tobefilledbyoem","AMD Ryzen Threadripper 3970X 32-Core Processor","0","e2e","6","1.0","1.1106","0,766","43,612","56.9","0","reduction","openblas","fp32","0","15","6","1.1106","62.489","56.3","56.9","4608000000","6.02","e2e","e2e","0","AMD Ryzen Threadripper 3970X 32-Core Processor","","","","0","0","","","37.2","0","OPENBLAS_NUM_THREADS=20; e2e_host_memcpy=1; e2e_bw=mixed","7.268666666666667","2,0190740740740743e-06","0.12766666666666668","0","0","0.0","","0.0","0.0","1,2114444444444444e-05","DE","0,09152","1,1087139555555555e-06","0,07830997222222223","9,486818079320989e-07","0,09187","1,112954011111111e-06","0,09501313888888888","1,1510313925617281e-06","0,09187","1,112954011111111e-06","0,09501313888888888","1,1510313925617281e-06","0,09152","1,1087139555555555e-06","0,07830997222222223","9,486818079320989e-07","0,09152","1,847856592592593e-07","1,5811363465534985e-07","1,1087139555555558e-06","0,09187","1,854923351851852e-07","1,9183856542695472e-07","1,1129540111111111e-06","0,09187","1,854923351851852e-07","1,9183856542695472e-07","1,1129540111111111e-06","0,09152","1,847856592592593e-07","1,5811363465534985e-07","1,1087139555555558e-06"
"2024-09-13 01:04:09+02:00","rock-tobefilledbyoem","AMD Ryzen Threadripper 3970X 32-Core Processor","0","kernel","11","1.0","1.0816","1,0816","60,841","56.2","0","reduction","openblas","fp32","0","11","4","1.0816","60.841","56.2","57.0","22528000000","20.83","kernel","kernel","0","AMD Ryzen Threadripper 3970X 32-Core Processor","","","","0","0","","","37.2","0","OPENBLAS_NUM_THREADS=20; e2e_host_memcpy=1; e2e_bw=mixed","5.531","1,5363888888888888e-06","0.09832727272727272","0","0","","","","","1,6900277777777777e-05","DE","0,09152","1,5467134222222222e-06","0,07830997222222223","1,3234602833256174e-06","0,09187","1,5526285194444443e-06","0,09501313888888888","1,6057484397608022e-06","0,09187","1,5526285194444443e-06","0,09501313888888888","1,6057484397608022e-06","0,09152","1,5467134222222222e-06","0,07830997222222223","1,3234602833256174e-06","0,09152","1,406103111111111e-07","1,2031457121141978e-07","1,5467134222222222e-06","0,09187","1,4114804722222222e-07","1,4597713088734566e-07","1,5526285194444443e-06","0,09187","1,4114804722222222e-07","1,4597713088734566e-07","1,5526285194444443e-06","0,09152","1,406103111111111e-07","1,2031457121141978e-07","1,5467134222222222e-06"
"2024-09-13 01:04:09+02:00","rock-tobefilledbyoem","AMD Ryzen Threadripper 3970X 32-Core Processor","0","e2e","4","1.0","1.0816","0,6786","38,663","57.0","0","reduction","openblas","fp32","0","11","4","1.0816","60.841","56.2","57.0","4096000000","6.04","e2e","e2e","0","AMD Ryzen Threadripper 3970X 32-Core Processor","","","","0","0","","","37.2","0","OPENBLAS_NUM_THREADS=20; e2e_host_memcpy=1; e2e_bw=mixed","9.66575","2,6849305555555552e-06","0.16965","0","0","0.0","","0.0","0.0","1,0739722222222221e-05","DE","0,09152","9,828993777777777e-07","0,07830997222222223","8,41027348896605e-07","0,09187","9,866582805555554e-07","0,09501313888888888","1,0204147191280861e-06","0,09187","9,866582805555554e-07","0,09501313888888888","1,0204147191280861e-06","0,09152","9,828993777777777e-07","0,07830997222222223","8,41027348896605e-07","0,09152","2,4572484444444444e-07","2,1025683722415125e-07","9,828993777777777e-07","0,09187","2,4666457013888886e-07","2,5510367978202153e-07","9,866582805555554e-07","0,09187","2,4666457013888886e-07","2,5510367978202153e-07","9,866582805555554e-07","0,09152","2,4572484444444444e-07","2,1025683722415125e-07","9,828993777777777e-07"
"2024-09-13 01:04:20+02:00","rock-tobefilledbyoem","AMD Ryzen Threadripper 3970X 32-Core Processor","0","kernel","8","1.0","1.1678","1,1678","65,732","56.3","0","reduction","openblas","fp32","0","8","3","1.1678","65.732","56.3","57.0","24576000000","21.04","kernel","kernel","0","AMD Ryzen Threadripper 3970X 32-Core Processor","","","","0","0","","","37.2","0","OPENBLAS_NUM_THREADS=20; e2e_host_memcpy=1; e2e_bw=mixed","8.2165","2,2823611111111117e-06","0.145975","0","0","","","","","1,825888888888889e-05","DE","0,09152","1,6710535111111112e-06","0,07830997222222223","1,4298530816975312e-06","0,09187","1,6774441222222223e-06","0,09501313888888888","1,73483434595679e-06","0,09187","1,6774441222222223e-06","0,09501313888888888","1,73483434595679e-06","0,09152","1,6710535111111112e-06","0,07830997222222223","1,4298530816975312e-06","0,09152","2,0888168888888896e-07","1,7873163521219143e-07","1,6710535111111117e-06","0,09187","2,096805152777778e-07","2,1685429324459878e-07","1,6774441222222225e-06","0,09187","2,096805152777778e-07","2,1685429324459878e-07","1,6774441222222225e-06","0,09152","2,0888168888888896e-07","1,7873163521219143e-07","1,6710535111111117e-06"
"2024-09-13 01:04:20+02:00","rock-tobefilledbyoem","AMD Ryzen Threadripper 3970X 32-Core Processor","0","e2e","3","1.0","1.1678","0,7601","43,291","57.0","0","reduction","openblas","fp32","0","8","3","1.1678","65.732","56.3","57.0","4608000000","6.06","e2e","e2e","0","AMD Ryzen Threadripper 3970X 32-Core Processor","","","","0","0","","","37.2","0","OPENBLAS_NUM_THREADS=20; e2e_host_memcpy=1; e2e_bw=mixed","14.430333333333332","4,008425925925925e-06","0.2533666666666667","0","0","0.0","","0.0","0.0","1,2025277777777777e-05","DE","0,09152","1,1005534222222222e-06","0,07830997222222223","9,416991687422841e-07","0,09187","1,1047622694444444e-06","0,09501313888888888","1,1425593876774688e-06","0,09187","1,1047622694444444e-06","0,09501313888888888","1,1425593876774688e-06","0,09152","1,1005534222222222e-06","0,07830997222222223","9,416991687422841e-07","0,09152","3,668511407407407e-07","3,1389972291409463e-07","1,100553422222222e-06","0,09187","3,682540898148147e-07","3,808531292258229e-07","1,1047622694444441e-06","0,09187","3,682540898148147e-07","3,808531292258229e-07","1,1047622694444441e-06","0,09152","3,668511407407407e-07","3,1389972291409463e-07","1,100553422222222e-06"
