REDUCTION(sum) | Intel | Intel(R) Core(TM) i9-7900X CPU @ 3.30GHz | session=reduction_intel_20260721_164732_session2 | reps=10 | configs=63 | DRAM-RAPL=yes
[REDUCTION] N=32000000 threads=4 rep=1 batches=332 time=1.000 s | package=80.011 J | dram=1.102518 | total=81.113 J | power=81.1 W | runtime=in_range | checksum=OK
  relative_error=3.4e-08
[REDUCTION] N=32000000 threads=4 rep=2 batches=332 time=1.004 s | package=80.645 J | dram=1.104935 | total=81.750 J | power=81.4 W | runtime=in_range | checksum=OK
  relative_error=3.4e-08
[REDUCTION] N=32000000 threads=4 rep=3 batches=332 time=1.001 s | package=80.242 J | dram=1.100743 | total=81.343 J | power=81.3 W | runtime=in_range | checksum=OK
  relative_error=3.4e-08
[REDUCTION] N=32000000 threads=4 rep=4 batches=332 time=1.000 s | package=80.156 J | dram=1.106573 | total=81.263 J | power=81.2 W | runtime=in_range | checksum=OK
  relative_error=3.4e-08
[REDUCTION] N=32000000 threads=4 rep=5 batches=332 time=1.000 s | package=79.875 J | dram=1.099045 | total=80.974 J | power=81.0 W | runtime=in_range | checksum=OK
  relative_error=3.4e-08
[REDUCTION] N=32000000 threads=4 rep=6 batches=332 time=1.000 s | package=80.366 J | dram=1.113610 | total=81.480 J | power=81.5 W | runtime=in_range | checksum=OK
  relative_error=3.4e-08
[REDUCTION] N=32000000 threads=4 rep=7 batches=332 time=0.997 s | package=79.747 J | dram=1.128298 | total=80.875 J | power=81.1 W | runtime=in_range | checksum=OK
  relative_error=3.4e-08
[REDUCTION] N=32000000 threads=4 rep=8 batches=332 time=0.997 s | package=79.148 J | dram=1.118108 | total=80.267 J | power=80.5 W | runtime=in_range | checksum=OK
  relative_error=3.4e-08
[REDUCTION] N=32000000 threads=4 rep=9 batches=332 time=0.997 s | package=79.227 J | dram=1.118139 | total=80.345 J | power=80.6 W | runtime=in_range | checksum=OK
  relative_error=3.4e-08
[REDUCTION] N=32000000 threads=4 rep=10 batches=332 time=0.997 s | package=79.424 J | dram=1.109311 | total=80.533 J | power=80.8 W | runtime=in_range | checksum=OK
  relative_error=3.4e-08
[REDUCTION] N=16000000 threads=4 rep=1 batches=741 time=1.002 s | package=80.769 J | dram=1.116304 | total=81.885 J | power=81.7 W | runtime=in_range | checksum=OK
  relative_error=4.0e-08
[REDUCTION] N=16000000 threads=4 rep=2 batches=741 time=1.001 s | package=81.999 J | dram=1.133149 | total=83.132 J | power=83.0 W | runtime=in_range | checksum=OK
  relative_error=4.0e-08
[REDUCTION] N=16000000 threads=4 rep=3 batches=741 time=1.001 s | package=81.436 J | dram=1.133454 | total=82.570 J | power=82.5 W | runtime=in_range | checksum=OK
  relative_error=4.0e-08
[REDUCTION] N=16000000 threads=4 rep=4 batches=741 time=1.001 s | package=80.179 J | dram=1.125346 | total=81.305 J | power=81.2 W | runtime=in_range | checksum=OK
  relative_error=4.0e-08
[REDUCTION] N=16000000 threads=4 rep=5 batches=741 time=1.000 s | package=81.640 J | dram=1.129492 | total=82.769 J | power=82.7 W | runtime=in_range | checksum=OK
  relative_error=4.0e-08
[REDUCTION] N=16000000 threads=4 rep=6 batches=741 time=1.006 s | package=81.927 J | dram=1.112509 | total=83.039 J | power=82.5 W | runtime=in_range | checksum=OK
  relative_error=4.0e-08
[REDUCTION] N=16000000 threads=4 rep=7 batches=741 time=1.003 s | package=81.324 J | dram=1.134388 | total=82.458 J | power=82.2 W | runtime=in_range | checksum=OK
  relative_error=4.0e-08
[REDUCTION] N=16000000 threads=4 rep=8 batches=741 time=0.999 s | package=80.669 J | dram=1.108072 | total=81.777 J | power=81.9 W | runtime=in_range | checksum=OK
  relative_error=4.0e-08
[REDUCTION] N=16000000 threads=4 rep=9 batches=741 time=0.998 s | package=80.719 J | dram=1.104186 | total=81.823 J | power=82.0 W | runtime=in_range | checksum=OK
  relative_error=4.0e-08
[REDUCTION] N=16000000 threads=4 rep=10 batches=741 time=1.000 s | package=81.039 J | dram=1.120832 | total=82.160 J | power=82.1 W | runtime=in_range | checksum=OK
  relative_error=4.0e-08
[REDUCTION] N=2000000 threads=1 rep=1 batches=3359 time=1.000 s | package=50.490 J | dram=0.000000 | total=50.490 J | power=50.5 W | runtime=in_range | checksum=OK
  relative_error=5.8e-08
[REDUCTION] N=2000000 threads=1 rep=2 batches=3359 time=1.000 s | package=50.566 J | dram=0.000000 | total=50.566 J | power=50.5 W | runtime=in_range | checksum=OK
  relative_error=5.8e-08
[REDUCTION] N=2000000 threads=1 rep=3 batches=3359 time=1.000 s | package=50.489 J | dram=0.000184 | total=50.489 J | power=50.5 W | runtime=in_range | checksum=OK
  relative_error=5.8e-08
[REDUCTION] N=2000000 threads=1 rep=4 batches=3359 time=1.003 s | package=51.585 J | dram=0.000122 | total=51.585 J | power=51.4 W | runtime=in_range | checksum=OK
  relative_error=5.8e-08
[REDUCTION] N=2000000 threads=1 rep=5 batches=3359 time=1.000 s | package=50.512 J | dram=0.000612 | total=50.513 J | power=50.5 W | runtime=in_range | checksum=OK
  relative_error=5.8e-08
[REDUCTION] N=2000000 threads=1 rep=6 batches=3359 time=1.001 s | package=50.654 J | dram=0.000184 | total=50.654 J | power=50.6 W | runtime=in_range | checksum=OK
  relative_error=5.8e-08
[REDUCTION] N=2000000 threads=1 rep=7 batches=3359 time=1.000 s | package=50.541 J | dram=0.000260 | total=50.542 J | power=50.5 W | runtime=in_range | checksum=OK
  relative_error=5.8e-08
[REDUCTION] N=2000000 threads=1 rep=8 batches=3359 time=1.001 s | package=50.586 J | dram=0.000184 | total=50.587 J | power=50.5 W | runtime=in_range | checksum=OK
  relative_error=5.8e-08
[REDUCTION] N=2000000 threads=1 rep=9 batches=3359 time=1.001 s | package=50.603 J | dram=0.000168 | total=50.603 J | power=50.6 W | runtime=in_range | checksum=OK
  relative_error=5.8e-08
[REDUCTION] N=2000000 threads=1 rep=10 batches=3359 time=1.000 s | package=50.434 J | dram=0.000214 | total=50.435 J | power=50.4 W | runtime=in_range | checksum=OK
  relative_error=5.8e-08
[REDUCTION] N=2000000 threads=2 rep=1 batches=6019 time=0.997 s | package=65.346 J | dram=0.000000 | total=65.346 J | power=65.6 W | runtime=in_range | checksum=OK
  relative_error=5.8e-08
[REDUCTION] N=2000000 threads=2 rep=2 batches=6019 time=0.992 s | package=66.322 J | dram=0.000031 | total=66.322 J | power=66.8 W | runtime=in_range | checksum=OK
  relative_error=5.8e-08
[REDUCTION] N=2000000 threads=2 rep=3 batches=6019 time=0.991 s | package=66.677 J | dram=0.000734 | total=66.678 J | power=67.3 W | runtime=in_range | checksum=OK
  relative_error=5.8e-08
[REDUCTION] N=2000000 threads=2 rep=4 batches=6019 time=0.991 s | package=67.069 J | dram=0.000383 | total=67.070 J | power=67.7 W | runtime=in_range | checksum=OK
  relative_error=5.8e-08
[REDUCTION] N=2000000 threads=2 rep=5 batches=6019 time=0.991 s | package=66.861 J | dram=0.000275 | total=66.861 J | power=67.5 W | runtime=in_range | checksum=OK
  relative_error=5.8e-08
[REDUCTION] N=2000000 threads=2 rep=6 batches=6019 time=0.991 s | package=66.928 J | dram=0.000138 | total=66.928 J | power=67.5 W | runtime=in_range | checksum=OK
  relative_error=5.8e-08
[REDUCTION] N=2000000 threads=2 rep=7 batches=6019 time=0.993 s | package=66.424 J | dram=0.000872 | total=66.425 J | power=66.9 W | runtime=in_range | checksum=OK
  relative_error=5.8e-08
[REDUCTION] N=2000000 threads=2 rep=8 batches=6019 time=0.991 s | package=65.824 J | dram=0.000046 | total=65.824 J | power=66.4 W | runtime=in_range | checksum=OK
  relative_error=5.8e-08
[REDUCTION] N=2000000 threads=2 rep=9 batches=6019 time=0.992 s | package=66.608 J | dram=0.000122 | total=66.608 J | power=67.2 W | runtime=in_range | checksum=OK
  relative_error=5.8e-08
[REDUCTION] N=2000000 threads=2 rep=10 batches=6019 time=0.992 s | package=66.364 J | dram=0.000016 | total=66.364 J | power=66.9 W | runtime=in_range | checksum=OK
  relative_error=5.8e-08
[REDUCTION] N=16000000 threads=20 rep=1 batches=747 time=1.002 s | package=130.659 J | dram=1.624600 | total=132.283 J | power=132.1 W | runtime=in_range | checksum=OK
  relative_error=4.0e-08
[REDUCTION] N=16000000 threads=20 rep=2 batches=747 time=1.007 s | package=131.296 J | dram=1.638584 | total=132.935 J | power=132.0 W | runtime=in_range | checksum=OK
  relative_error=4.0e-08
[REDUCTION] N=16000000 threads=20 rep=3 batches=747 time=1.005 s | package=131.424 J | dram=1.649738 | total=133.074 J | power=132.4 W | runtime=in_range | checksum=OK
  relative_error=4.0e-08
[REDUCTION] N=16000000 threads=20 rep=4 batches=747 time=1.004 s | package=131.170 J | dram=1.655261 | total=132.825 J | power=132.3 W | runtime=in_range | checksum=OK
  relative_error=4.0e-08
[REDUCTION] N=16000000 threads=20 rep=5 batches=747 time=1.005 s | package=131.098 J | dram=1.648300 | total=132.746 J | power=132.1 W | runtime=in_range | checksum=OK
  relative_error=4.0e-08
[REDUCTION] N=16000000 threads=20 rep=6 batches=747 time=1.005 s | package=131.487 J | dram=1.649493 | total=133.136 J | power=132.4 W | runtime=in_range | checksum=OK
  relative_error=4.0e-08
[REDUCTION] N=16000000 threads=20 rep=7 batches=747 time=1.005 s | package=131.574 J | dram=1.641139 | total=133.216 J | power=132.5 W | runtime=in_range | checksum=OK
  relative_error=4.0e-08
[REDUCTION] N=16000000 threads=20 rep=8 batches=747 time=1.006 s | package=131.954 J | dram=1.682281 | total=133.637 J | power=132.8 W | runtime=in_range | checksum=OK
  relative_error=4.0e-08
[REDUCTION] N=16000000 threads=20 rep=9 batches=747 time=1.007 s | package=131.731 J | dram=1.676757 | total=133.408 J | power=132.5 W | runtime=in_range | checksum=OK
  relative_error=4.0e-08
[REDUCTION] N=16000000 threads=20 rep=10 batches=747 time=1.006 s | package=131.878 J | dram=1.683566 | total=133.561 J | power=132.8 W | runtime=in_range | checksum=OK
  relative_error=4.0e-08
[REDUCTION] N=64000000 threads=8 rep=1 batches=163 time=1.006 s | package=109.941 J | dram=1.201493 | total=111.142 J | power=110.5 W | runtime=in_range | checksum=OK
  relative_error=2.1e-08
[REDUCTION] N=64000000 threads=8 rep=2 batches=163 time=1.008 s | package=109.839 J | dram=1.175193 | total=111.014 J | power=110.1 W | runtime=in_range | checksum=OK
  relative_error=2.1e-08
[REDUCTION] N=64000000 threads=8 rep=3 batches=163 time=1.008 s | package=110.074 J | dram=1.182124 | total=111.256 J | power=110.4 W | runtime=in_range | checksum=OK
  relative_error=2.1e-08
[REDUCTION] N=64000000 threads=8 rep=4 batches=163 time=1.008 s | package=109.839 J | dram=1.182629 | total=111.022 J | power=110.2 W | runtime=in_range | checksum=OK
  relative_error=2.1e-08
[REDUCTION] N=64000000 threads=8 rep=5 batches=163 time=1.008 s | package=110.170 J | dram=1.184067 | total=111.355 J | power=110.5 W | runtime=in_range | checksum=OK
  relative_error=2.1e-08
[REDUCTION] N=64000000 threads=8 rep=6 batches=163 time=1.007 s | package=109.933 J | dram=1.177733 | total=111.111 J | power=110.3 W | runtime=in_range | checksum=OK
  relative_error=2.1e-08
[REDUCTION] N=64000000 threads=8 rep=7 batches=163 time=1.008 s | package=109.809 J | dram=1.161009 | total=110.970 J | power=110.1 W | runtime=in_range | checksum=OK
  relative_error=2.1e-08
[REDUCTION] N=64000000 threads=8 rep=8 batches=163 time=1.007 s | package=109.534 J | dram=1.149566 | total=110.683 J | power=109.9 W | runtime=in_range | checksum=OK
  relative_error=2.1e-08
[REDUCTION] N=64000000 threads=8 rep=9 batches=163 time=1.008 s | package=109.413 J | dram=1.172760 | total=110.586 J | power=109.7 W | runtime=in_range | checksum=OK
  relative_error=2.1e-08
[REDUCTION] N=64000000 threads=8 rep=10 batches=163 time=1.008 s | package=109.942 J | dram=1.165554 | total=111.107 J | power=110.2 W | runtime=in_range | checksum=OK
  relative_error=2.1e-08
[REDUCTION] N=2000000 threads=16 rep=1 batches=26659 time=1.002 s | package=133.724 J | dram=0.000000 | total=133.724 J | power=133.4 W | runtime=in_range | checksum=OK
  relative_error=5.8e-08
[REDUCTION] N=2000000 threads=16 rep=2 batches=26659 time=1.005 s | package=134.137 J | dram=0.000092 | total=134.138 J | power=133.4 W | runtime=in_range | checksum=OK
  relative_error=5.8e-08
[REDUCTION] N=2000000 threads=16 rep=3 batches=26659 time=1.003 s | package=133.831 J | dram=0.000077 | total=133.831 J | power=133.4 W | runtime=in_range | checksum=OK
  relative_error=5.8e-08
[REDUCTION] N=2000000 threads=16 rep=4 batches=26659 time=1.005 s | package=134.148 J | dram=0.000000 | total=134.148 J | power=133.4 W | runtime=in_range | checksum=OK
  relative_error=5.8e-08
[REDUCTION] N=2000000 threads=16 rep=5 batches=26659 time=1.001 s | package=133.862 J | dram=0.000000 | total=133.862 J | power=133.7 W | runtime=in_range | checksum=OK
  relative_error=5.8e-08
[REDUCTION] N=2000000 threads=16 rep=6 batches=26659 time=1.006 s | package=134.355 J | dram=0.000000 | total=134.355 J | power=133.6 W | runtime=in_range | checksum=OK
  relative_error=5.8e-08
[REDUCTION] N=2000000 threads=16 rep=7 batches=26659 time=1.006 s | package=134.384 J | dram=0.000000 | total=134.384 J | power=133.5 W | runtime=in_range | checksum=OK
  relative_error=5.8e-08
[REDUCTION] N=2000000 threads=16 rep=8 batches=26659 time=1.002 s | package=134.195 J | dram=0.000000 | total=134.195 J | power=134.0 W | runtime=in_range | checksum=OK
  relative_error=5.8e-08
[REDUCTION] N=2000000 threads=16 rep=9 batches=26659 time=1.008 s | package=134.977 J | dram=0.000000 | total=134.977 J | power=133.9 W | runtime=in_range | checksum=OK
  relative_error=5.8e-08
[REDUCTION] N=2000000 threads=16 rep=10 batches=26659 time=1.007 s | package=134.834 J | dram=0.000000 | total=134.834 J | power=134.0 W | runtime=in_range | checksum=OK
  relative_error=5.8e-08
[REDUCTION] N=2000000 threads=20 rep=1 batches=48223 time=1.145 s | package=156.986 J | dram=0.000000 | total=156.986 J | power=137.0 W | runtime=in_range | checksum=OK
  relative_error=5.8e-08
[REDUCTION] N=2000000 threads=20 rep=2 batches=48223 time=1.306 s | package=176.252 J | dram=0.000000 | total=176.252 J | power=135.0 W | runtime=above | checksum=OK
  relative_error=5.8e-08
[REDUCTION] N=2000000 threads=20 rep=3 batches=48223 time=1.162 s | package=158.571 J | dram=0.000122 | total=158.571 J | power=136.5 W | runtime=in_range | checksum=OK
  relative_error=5.8e-08
[REDUCTION] N=2000000 threads=20 rep=4 batches=48223 time=1.261 s | package=170.361 J | dram=0.000000 | total=170.361 J | power=135.1 W | runtime=above | checksum=OK
  relative_error=5.8e-08
[REDUCTION] N=2000000 threads=20 rep=5 batches=48223 time=1.197 s | package=163.085 J | dram=0.000398 | total=163.085 J | power=136.3 W | runtime=in_range | checksum=OK
  relative_error=5.8e-08
[REDUCTION] N=2000000 threads=20 rep=6 batches=48223 time=1.223 s | package=166.670 J | dram=0.000000 | total=166.670 J | power=136.3 W | runtime=in_range | checksum=OK
  relative_error=5.8e-08
[REDUCTION] N=2000000 threads=20 rep=7 batches=48223 time=1.295 s | package=175.147 J | dram=0.000000 | total=175.147 J | power=135.3 W | runtime=above | checksum=OK
  relative_error=5.8e-08
[REDUCTION] N=2000000 threads=20 rep=8 batches=48223 time=1.291 s | package=174.908 J | dram=0.000000 | total=174.908 J | power=135.5 W | runtime=above | checksum=OK
  relative_error=5.8e-08
[REDUCTION] N=2000000 threads=20 rep=9 batches=48223 time=1.181 s | package=161.612 J | dram=0.000000 | total=161.612 J | power=136.8 W | runtime=in_range | checksum=OK
  relative_error=5.8e-08
[REDUCTION] N=2000000 threads=20 rep=10 batches=48223 time=1.141 s | package=156.421 J | dram=0.000000 | total=156.421 J | power=137.1 W | runtime=in_range | checksum=OK
  relative_error=5.8e-08
[REDUCTION] N=1000000 threads=2 rep=1 batches=12191 time=1.007 s | package=65.827 J | dram=0.000000 | total=65.827 J | power=65.3 W | runtime=in_range | checksum=OK
  relative_error=1.4e-07
[REDUCTION] N=1000000 threads=2 rep=2 batches=12191 time=1.007 s | package=65.271 J | dram=0.000015 | total=65.271 J | power=64.8 W | runtime=in_range | checksum=OK
  relative_error=1.4e-07
[REDUCTION] N=1000000 threads=2 rep=3 batches=12191 time=1.007 s | package=65.715 J | dram=0.000000 | total=65.715 J | power=65.2 W | runtime=in_range | checksum=OK
  relative_error=1.4e-07
[REDUCTION] N=1000000 threads=2 rep=4 batches=12191 time=0.997 s | package=68.308 J | dram=0.000000 | total=68.308 J | power=68.5 W | runtime=in_range | checksum=OK
  relative_error=1.4e-07
[REDUCTION] N=1000000 threads=2 rep=5 batches=12191 time=0.996 s | package=68.940 J | dram=0.000016 | total=68.940 J | power=69.2 W | runtime=in_range | checksum=OK
  relative_error=1.4e-07
[REDUCTION] N=1000000 threads=2 rep=6 batches=12191 time=0.996 s | package=68.435 J | dram=0.000000 | total=68.435 J | power=68.7 W | runtime=in_range | checksum=OK
  relative_error=1.4e-07
[REDUCTION] N=1000000 threads=2 rep=7 batches=12191 time=0.996 s | package=67.981 J | dram=0.000000 | total=67.981 J | power=68.3 W | runtime=in_range | checksum=OK
  relative_error=1.4e-07
[REDUCTION] N=1000000 threads=2 rep=8 batches=12191 time=0.996 s | package=66.826 J | dram=0.000000 | total=66.826 J | power=67.1 W | runtime=in_range | checksum=OK
  relative_error=1.4e-07
[REDUCTION] N=1000000 threads=2 rep=9 batches=12191 time=0.996 s | package=68.140 J | dram=0.000000 | total=68.140 J | power=68.4 W | runtime=in_range | checksum=OK
  relative_error=1.4e-07
[REDUCTION] N=1000000 threads=2 rep=10 batches=12191 time=0.996 s | package=68.207 J | dram=0.000000 | total=68.207 J | power=68.5 W | runtime=in_range | checksum=OK
  relative_error=1.4e-07
[REDUCTION] N=128000000 threads=8 rep=1 batches=79 time=1.004 s | package=109.634 J | dram=1.164514 | total=110.799 J | power=110.4 W | runtime=in_range | checksum=OK
  relative_error=3.9e-09
[REDUCTION] N=128000000 threads=8 rep=2 batches=79 time=1.006 s | package=109.793 J | dram=1.161652 | total=110.955 J | power=110.3 W | runtime=in_range | checksum=OK
  relative_error=3.9e-09
[REDUCTION] N=128000000 threads=8 rep=3 batches=79 time=1.006 s | package=109.773 J | dram=1.177794 | total=110.951 J | power=110.3 W | runtime=in_range | checksum=OK
  relative_error=3.9e-09
[REDUCTION] N=128000000 threads=8 rep=4 batches=79 time=1.006 s | package=109.744 J | dram=1.182139 | total=110.926 J | power=110.3 W | runtime=in_range | checksum=OK
  relative_error=3.9e-09
[REDUCTION] N=128000000 threads=8 rep=5 batches=79 time=1.005 s | package=109.530 J | dram=1.176341 | total=110.706 J | power=110.2 W | runtime=in_range | checksum=OK
  relative_error=3.9e-09
[REDUCTION] N=128000000 threads=8 rep=6 batches=79 time=1.005 s | package=109.764 J | dram=1.172347 | total=110.936 J | power=110.4 W | runtime=in_range | checksum=OK
  relative_error=3.9e-09
[REDUCTION] N=128000000 threads=8 rep=7 batches=79 time=1.005 s | package=109.912 J | dram=1.168523 | total=111.081 J | power=110.5 W | runtime=in_range | checksum=OK
  relative_error=3.9e-09
[REDUCTION] N=128000000 threads=8 rep=8 batches=79 time=1.005 s | package=109.829 J | dram=1.173387 | total=111.002 J | power=110.5 W | runtime=in_range | checksum=OK
  relative_error=3.9e-09
[REDUCTION] N=128000000 threads=8 rep=9 batches=79 time=1.005 s | package=109.850 J | dram=1.177074 | total=111.027 J | power=110.5 W | runtime=in_range | checksum=OK
  relative_error=3.9e-09
[REDUCTION] N=128000000 threads=8 rep=10 batches=79 time=1.005 s | package=110.120 J | dram=1.172286 | total=111.292 J | power=110.8 W | runtime=in_range | checksum=OK
  relative_error=3.9e-09
[REDUCTION] N=4000000 threads=20 rep=1 batches=8351 time=1.001 s | package=149.556 J | dram=0.002448 | total=149.558 J | power=149.5 W | runtime=in_range | checksum=OK
  relative_error=4.5e-08
[REDUCTION] N=4000000 threads=20 rep=2 batches=8351 time=1.002 s | package=150.117 J | dram=0.003519 | total=150.121 J | power=149.8 W | runtime=in_range | checksum=OK
  relative_error=4.5e-08
[REDUCTION] N=4000000 threads=20 rep=3 batches=8351 time=1.007 s | package=150.291 J | dram=0.002387 | total=150.293 J | power=149.2 W | runtime=in_range | checksum=OK
  relative_error=4.5e-08
[REDUCTION] N=4000000 threads=20 rep=4 batches=8351 time=1.005 s | package=150.040 J | dram=0.002279 | total=150.042 J | power=149.3 W | runtime=in_range | checksum=OK
  relative_error=4.5e-08
[REDUCTION] N=4000000 threads=20 rep=5 batches=8351 time=1.007 s | package=150.157 J | dram=0.003030 | total=150.160 J | power=149.1 W | runtime=in_range | checksum=OK
  relative_error=4.5e-08
[REDUCTION] N=4000000 threads=20 rep=6 batches=8351 time=1.004 s | package=149.994 J | dram=0.002233 | total=149.997 J | power=149.4 W | runtime=in_range | checksum=OK
  relative_error=4.5e-08
[REDUCTION] N=4000000 threads=20 rep=7 batches=8351 time=1.006 s | package=150.477 J | dram=0.001821 | total=150.478 J | power=149.5 W | runtime=in_range | checksum=OK
  relative_error=4.5e-08
[REDUCTION] N=4000000 threads=20 rep=8 batches=8351 time=1.002 s | package=150.451 J | dram=0.002249 | total=150.454 J | power=150.2 W | runtime=in_range | checksum=OK
  relative_error=4.5e-08
[REDUCTION] N=4000000 threads=20 rep=9 batches=8351 time=1.004 s | package=150.574 J | dram=0.001469 | total=150.576 J | power=150.0 W | runtime=in_range | checksum=OK
  relative_error=4.5e-08
[REDUCTION] N=4000000 threads=20 rep=10 batches=8351 time=1.008 s | package=150.937 J | dram=0.000444 | total=150.937 J | power=149.7 W | runtime=in_range | checksum=OK
  relative_error=4.5e-08
[REDUCTION] N=32000000 threads=1 rep=1 batches=128 time=1.004 s | package=49.285 J | dram=0.361386 | total=49.646 J | power=49.5 W | runtime=in_range | checksum=OK
  relative_error=3.4e-08
[REDUCTION] N=32000000 threads=1 rep=2 batches=128 time=1.004 s | package=49.827 J | dram=0.351609 | total=50.178 J | power=50.0 W | runtime=in_range | checksum=OK
  relative_error=3.4e-08
[REDUCTION] N=32000000 threads=1 rep=3 batches=128 time=1.003 s | package=49.558 J | dram=0.363253 | total=49.921 J | power=49.8 W | runtime=in_range | checksum=OK
  relative_error=3.4e-08
[REDUCTION] N=32000000 threads=1 rep=4 batches=128 time=1.005 s | package=49.713 J | dram=0.377222 | total=50.090 J | power=49.8 W | runtime=in_range | checksum=OK
  relative_error=3.4e-08
[REDUCTION] N=32000000 threads=1 rep=5 batches=128 time=1.010 s | package=49.794 J | dram=0.383448 | total=50.177 J | power=49.7 W | runtime=in_range | checksum=OK
  relative_error=3.4e-08
[REDUCTION] N=32000000 threads=1 rep=6 batches=128 time=1.005 s | package=49.387 J | dram=0.374146 | total=49.762 J | power=49.5 W | runtime=in_range | checksum=OK
  relative_error=3.4e-08
[REDUCTION] N=32000000 threads=1 rep=7 batches=128 time=1.007 s | package=49.660 J | dram=0.376319 | total=50.036 J | power=49.7 W | runtime=in_range | checksum=OK
  relative_error=3.4e-08
[REDUCTION] N=32000000 threads=1 rep=8 batches=128 time=1.006 s | package=49.768 J | dram=0.372891 | total=50.141 J | power=49.8 W | runtime=in_range | checksum=OK
  relative_error=3.4e-08
[REDUCTION] N=32000000 threads=1 rep=9 batches=128 time=1.010 s | package=49.969 J | dram=0.378736 | total=50.347 J | power=49.9 W | runtime=in_range | checksum=OK
  relative_error=3.4e-08
[REDUCTION] N=32000000 threads=1 rep=10 batches=128 time=1.006 s | package=49.702 J | dram=0.369587 | total=50.071 J | power=49.8 W | runtime=in_range | checksum=OK
  relative_error=3.4e-08
[REDUCTION] N=128000000 threads=16 rep=1 batches=77 time=1.000 s | package=119.092 J | dram=1.366045 | total=120.458 J | power=120.4 W | runtime=in_range | checksum=OK
  relative_error=3.9e-09
[REDUCTION] N=128000000 threads=16 rep=2 batches=77 time=1.003 s | package=119.499 J | dram=1.392483 | total=120.892 J | power=120.6 W | runtime=in_range | checksum=OK
  relative_error=3.9e-09
[REDUCTION] N=128000000 threads=16 rep=3 batches=77 time=1.002 s | package=119.502 J | dram=1.364515 | total=120.867 J | power=120.6 W | runtime=in_range | checksum=OK
  relative_error=3.9e-09
[REDUCTION] N=128000000 threads=16 rep=4 batches=77 time=1.003 s | package=120.552 J | dram=1.385492 | total=121.937 J | power=121.5 W | runtime=in_range | checksum=OK
  relative_error=3.9e-09
[REDUCTION] N=128000000 threads=16 rep=5 batches=77 time=1.003 s | package=120.264 J | dram=1.402245 | total=121.666 J | power=121.3 W | runtime=in_range | checksum=OK
  relative_error=3.9e-09
[REDUCTION] N=128000000 threads=16 rep=6 batches=77 time=1.002 s | package=119.669 J | dram=1.383625 | total=121.053 J | power=120.8 W | runtime=in_range | checksum=OK
  relative_error=3.9e-09
[REDUCTION] N=128000000 threads=16 rep=7 batches=77 time=1.003 s | package=119.761 J | dram=1.377842 | total=121.139 J | power=120.8 W | runtime=in_range | checksum=OK
  relative_error=3.9e-09
[REDUCTION] N=128000000 threads=16 rep=8 batches=77 time=1.002 s | package=119.909 J | dram=1.394871 | total=121.304 J | power=121.1 W | runtime=in_range | checksum=OK
  relative_error=3.9e-09
[REDUCTION] N=128000000 threads=16 rep=9 batches=77 time=1.005 s | package=119.893 J | dram=1.389470 | total=121.283 J | power=120.7 W | runtime=in_range | checksum=OK
  relative_error=3.9e-09
[REDUCTION] N=128000000 threads=16 rep=10 batches=77 time=1.002 s | package=119.934 J | dram=1.363719 | total=121.297 J | power=121.0 W | runtime=in_range | checksum=OK
  relative_error=3.9e-09
[REDUCTION] N=4000000 threads=16 rep=1 batches=8629 time=0.999 s | package=131.288 J | dram=0.011398 | total=131.299 J | power=131.4 W | runtime=in_range | checksum=OK
  relative_error=4.5e-08
[REDUCTION] N=4000000 threads=16 rep=2 batches=8629 time=1.003 s | package=131.624 J | dram=0.013755 | total=131.637 J | power=131.3 W | runtime=in_range | checksum=OK
  relative_error=4.5e-08
[REDUCTION] N=4000000 threads=16 rep=3 batches=8629 time=1.006 s | package=131.765 J | dram=0.015484 | total=131.780 J | power=131.0 W | runtime=in_range | checksum=OK
  relative_error=4.5e-08
[REDUCTION] N=4000000 threads=16 rep=4 batches=8629 time=1.004 s | package=131.739 J | dram=0.014413 | total=131.753 J | power=131.3 W | runtime=in_range | checksum=OK
  relative_error=4.5e-08
[REDUCTION] N=4000000 threads=16 rep=5 batches=8629 time=1.003 s | package=131.642 J | dram=0.010205 | total=131.652 J | power=131.3 W | runtime=in_range | checksum=OK
  relative_error=4.5e-08
[REDUCTION] N=4000000 threads=16 rep=6 batches=8629 time=1.005 s | package=132.123 J | dram=0.016707 | total=132.139 J | power=131.5 W | runtime=in_range | checksum=OK
  relative_error=4.5e-08
[REDUCTION] N=4000000 threads=16 rep=7 batches=8629 time=1.002 s | package=131.829 J | dram=0.013204 | total=131.842 J | power=131.6 W | runtime=in_range | checksum=OK
  relative_error=4.5e-08
[REDUCTION] N=4000000 threads=16 rep=8 batches=8629 time=1.001 s | package=131.784 J | dram=0.016800 | total=131.801 J | power=131.6 W | runtime=in_range | checksum=OK
  relative_error=4.5e-08
[REDUCTION] N=4000000 threads=16 rep=9 batches=8629 time=1.001 s | package=131.689 J | dram=0.014290 | total=131.703 J | power=131.5 W | runtime=in_range | checksum=OK
  relative_error=4.5e-08
[REDUCTION] N=4000000 threads=16 rep=10 batches=8629 time=1.001 s | package=131.709 J | dram=0.015453 | total=131.724 J | power=131.5 W | runtime=in_range | checksum=OK
  relative_error=4.5e-08
[REDUCTION] N=128000000 threads=2 rep=1 batches=56 time=1.013 s | package=64.111 J | dram=0.854857 | total=64.966 J | power=64.1 W | runtime=in_range | checksum=OK
  relative_error=3.9e-09
[REDUCTION] N=128000000 threads=2 rep=2 batches=56 time=1.008 s | package=65.761 J | dram=0.830469 | total=66.592 J | power=66.1 W | runtime=in_range | checksum=OK
  relative_error=3.9e-09
[REDUCTION] N=128000000 threads=2 rep=3 batches=56 time=1.008 s | package=65.052 J | dram=0.829918 | total=65.882 J | power=65.4 W | runtime=in_range | checksum=OK
  relative_error=3.9e-09
[REDUCTION] N=128000000 threads=2 rep=4 batches=56 time=1.007 s | package=65.227 J | dram=0.828770 | total=66.055 J | power=65.6 W | runtime=in_range | checksum=OK
  relative_error=3.9e-09
[REDUCTION] N=128000000 threads=2 rep=5 batches=56 time=1.008 s | package=65.547 J | dram=0.840445 | total=66.387 J | power=65.8 W | runtime=in_range | checksum=OK
  relative_error=3.9e-09
[REDUCTION] N=128000000 threads=2 rep=6 batches=56 time=1.008 s | package=64.750 J | dram=0.849900 | total=65.599 J | power=65.1 W | runtime=in_range | checksum=OK
  relative_error=3.9e-09
[REDUCTION] N=128000000 threads=2 rep=7 batches=56 time=1.008 s | package=65.618 J | dram=0.846825 | total=66.464 J | power=65.9 W | runtime=in_range | checksum=OK
  relative_error=3.9e-09
[REDUCTION] N=128000000 threads=2 rep=8 batches=56 time=1.007 s | package=65.672 J | dram=0.837032 | total=66.509 J | power=66.1 W | runtime=in_range | checksum=OK
  relative_error=3.9e-09
[REDUCTION] N=128000000 threads=2 rep=9 batches=56 time=1.007 s | package=65.730 J | dram=0.855316 | total=66.585 J | power=66.1 W | runtime=in_range | checksum=OK
  relative_error=3.9e-09
[REDUCTION] N=128000000 threads=2 rep=10 batches=56 time=1.007 s | package=64.761 J | dram=0.845402 | total=65.606 J | power=65.2 W | runtime=in_range | checksum=OK
  relative_error=3.9e-09
[REDUCTION] N=2000000 threads=8 rep=1 batches=30810 time=1.001 s | package=136.276 J | dram=0.000000 | total=136.276 J | power=136.2 W | runtime=in_range | checksum=OK
  relative_error=5.8e-08
[REDUCTION] N=2000000 threads=8 rep=2 batches=30810 time=1.002 s | package=136.866 J | dram=0.000413 | total=136.867 J | power=136.6 W | runtime=in_range | checksum=OK
  relative_error=5.8e-08
[REDUCTION] N=2000000 threads=8 rep=3 batches=30810 time=1.002 s | package=136.810 J | dram=0.000000 | total=136.810 J | power=136.6 W | runtime=in_range | checksum=OK
  relative_error=5.8e-08
[REDUCTION] N=2000000 threads=8 rep=4 batches=30810 time=1.003 s | package=136.738 J | dram=0.000000 | total=136.738 J | power=136.4 W | runtime=in_range | checksum=OK
  relative_error=5.8e-08
[REDUCTION] N=2000000 threads=8 rep=5 batches=30810 time=1.002 s | package=136.942 J | dram=0.000000 | total=136.942 J | power=136.6 W | runtime=in_range | checksum=OK
  relative_error=5.8e-08
[REDUCTION] N=2000000 threads=8 rep=6 batches=30810 time=1.002 s | package=137.096 J | dram=0.000000 | total=137.096 J | power=136.8 W | runtime=in_range | checksum=OK
  relative_error=5.8e-08
[REDUCTION] N=2000000 threads=8 rep=7 batches=30810 time=1.004 s | package=136.936 J | dram=0.000000 | total=136.936 J | power=136.4 W | runtime=in_range | checksum=OK
  relative_error=5.8e-08
[REDUCTION] N=2000000 threads=8 rep=8 batches=30810 time=1.003 s | package=137.004 J | dram=0.000000 | total=137.004 J | power=136.5 W | runtime=in_range | checksum=OK
  relative_error=5.8e-08
[REDUCTION] N=2000000 threads=8 rep=9 batches=30810 time=1.002 s | package=136.928 J | dram=0.000000 | total=136.928 J | power=136.6 W | runtime=in_range | checksum=OK
  relative_error=5.8e-08
[REDUCTION] N=2000000 threads=8 rep=10 batches=30810 time=1.004 s | package=137.126 J | dram=0.000000 | total=137.126 J | power=136.6 W | runtime=in_range | checksum=OK
  relative_error=5.8e-08
[REDUCTION] N=16000000 threads=1 rep=1 batches=268 time=1.001 s | package=50.796 J | dram=0.301487 | total=51.097 J | power=51.0 W | runtime=in_range | checksum=OK
  relative_error=4.0e-08
[REDUCTION] N=16000000 threads=1 rep=2 batches=268 time=1.006 s | package=51.118 J | dram=0.314354 | total=51.432 J | power=51.1 W | runtime=in_range | checksum=OK
  relative_error=4.0e-08
[REDUCTION] N=16000000 threads=1 rep=3 batches=268 time=1.007 s | package=51.054 J | dram=0.315578 | total=51.370 J | power=51.0 W | runtime=in_range | checksum=OK
  relative_error=4.0e-08
[REDUCTION] N=16000000 threads=1 rep=4 batches=268 time=1.004 s | package=49.885 J | dram=0.300600 | total=50.186 J | power=50.0 W | runtime=in_range | checksum=OK
  relative_error=4.0e-08
[REDUCTION] N=16000000 threads=1 rep=5 batches=268 time=1.005 s | package=49.752 J | dram=0.312564 | total=50.065 J | power=49.8 W | runtime=in_range | checksum=OK
  relative_error=4.0e-08
[REDUCTION] N=16000000 threads=1 rep=6 batches=268 time=0.998 s | package=49.458 J | dram=0.316419 | total=49.774 J | power=49.9 W | runtime=in_range | checksum=OK
  relative_error=4.0e-08
[REDUCTION] N=16000000 threads=1 rep=7 batches=268 time=0.995 s | package=49.155 J | dram=0.312762 | total=49.467 J | power=49.7 W | runtime=in_range | checksum=OK
  relative_error=4.0e-08
[REDUCTION] N=16000000 threads=1 rep=8 batches=268 time=0.999 s | package=49.349 J | dram=0.312105 | total=49.661 J | power=49.7 W | runtime=in_range | checksum=OK
  relative_error=4.0e-08
[REDUCTION] N=16000000 threads=1 rep=9 batches=268 time=1.003 s | package=49.556 J | dram=0.300920 | total=49.857 J | power=49.7 W | runtime=in_range | checksum=OK
  relative_error=4.0e-08
[REDUCTION] N=16000000 threads=1 rep=10 batches=268 time=0.999 s | package=49.501 J | dram=0.286201 | total=49.787 J | power=49.8 W | runtime=in_range | checksum=OK
  relative_error=4.0e-08
[REDUCTION] N=8000000 threads=4 rep=1 batches=1848 time=1.001 s | package=85.058 J | dram=1.090768 | total=86.148 J | power=86.0 W | runtime=in_range | checksum=OK
  relative_error=1.6e-07
[REDUCTION] N=8000000 threads=4 rep=2 batches=1848 time=1.004 s | package=85.178 J | dram=1.093078 | total=86.271 J | power=85.9 W | runtime=in_range | checksum=OK
  relative_error=1.6e-07
[REDUCTION] N=8000000 threads=4 rep=3 batches=1848 time=1.005 s | package=85.367 J | dram=1.090079 | total=86.457 J | power=86.0 W | runtime=in_range | checksum=OK
  relative_error=1.6e-07
[REDUCTION] N=8000000 threads=4 rep=4 batches=1848 time=1.005 s | package=85.279 J | dram=1.098449 | total=86.378 J | power=86.0 W | runtime=in_range | checksum=OK
  relative_error=1.6e-07
[REDUCTION] N=8000000 threads=4 rep=5 batches=1848 time=1.002 s | package=84.696 J | dram=1.096979 | total=85.793 J | power=85.6 W | runtime=in_range | checksum=OK
  relative_error=1.6e-07
[REDUCTION] N=8000000 threads=4 rep=6 batches=1848 time=1.005 s | package=85.163 J | dram=1.102947 | total=86.266 J | power=85.8 W | runtime=in_range | checksum=OK
  relative_error=1.6e-07
[REDUCTION] N=8000000 threads=4 rep=7 batches=1848 time=1.003 s | package=85.053 J | dram=1.101921 | total=86.155 J | power=85.9 W | runtime=in_range | checksum=OK
  relative_error=1.6e-07
[REDUCTION] N=8000000 threads=4 rep=8 batches=1848 time=1.001 s | package=84.907 J | dram=1.082949 | total=85.990 J | power=85.9 W | runtime=in_range | checksum=OK
  relative_error=1.6e-07
[REDUCTION] N=8000000 threads=4 rep=9 batches=1848 time=1.001 s | package=84.872 J | dram=1.090951 | total=85.962 J | power=85.8 W | runtime=in_range | checksum=OK
  relative_error=1.6e-07
[REDUCTION] N=8000000 threads=4 rep=10 batches=1848 time=1.002 s | package=84.764 J | dram=1.100100 | total=85.865 J | power=85.7 W | runtime=in_range | checksum=OK
  relative_error=1.6e-07
[REDUCTION] N=256000000 threads=1 rep=1 batches=16 time=1.021 s | package=50.003 J | dram=0.389477 | total=50.392 J | power=49.4 W | runtime=in_range | checksum=OK
  relative_error=3.5e-09
[REDUCTION] N=256000000 threads=1 rep=2 batches=16 time=1.024 s | package=50.056 J | dram=0.395321 | total=50.451 J | power=49.3 W | runtime=in_range | checksum=OK
  relative_error=3.5e-09
[REDUCTION] N=256000000 threads=1 rep=3 batches=16 time=1.023 s | package=48.963 J | dram=0.401120 | total=49.364 J | power=48.2 W | runtime=in_range | checksum=OK
  relative_error=3.5e-09
[REDUCTION] N=256000000 threads=1 rep=4 batches=16 time=1.024 s | package=49.082 J | dram=0.397051 | total=49.479 J | power=48.3 W | runtime=in_range | checksum=OK
  relative_error=3.5e-09
[REDUCTION] N=256000000 threads=1 rep=5 batches=16 time=1.024 s | package=48.890 J | dram=0.384673 | total=49.275 J | power=48.1 W | runtime=in_range | checksum=OK
  relative_error=3.5e-09
[REDUCTION] N=256000000 threads=1 rep=6 batches=16 time=1.024 s | package=49.002 J | dram=0.374070 | total=49.377 J | power=48.2 W | runtime=in_range | checksum=OK
  relative_error=3.5e-09
[REDUCTION] N=256000000 threads=1 rep=7 batches=16 time=1.024 s | package=50.720 J | dram=0.357087 | total=51.077 J | power=49.9 W | runtime=in_range | checksum=OK
  relative_error=3.5e-09
[REDUCTION] N=256000000 threads=1 rep=8 batches=16 time=1.026 s | package=50.872 J | dram=0.380786 | total=51.253 J | power=50.0 W | runtime=in_range | checksum=OK
  relative_error=3.5e-09
[REDUCTION] N=256000000 threads=1 rep=9 batches=16 time=1.024 s | package=50.949 J | dram=0.378767 | total=51.328 J | power=50.1 W | runtime=in_range | checksum=OK
  relative_error=3.5e-09
[REDUCTION] N=256000000 threads=1 rep=10 batches=16 time=1.024 s | package=52.242 J | dram=0.372249 | total=52.614 J | power=51.4 W | runtime=in_range | checksum=OK
  relative_error=3.5e-09
[REDUCTION] N=2000000 threads=10 rep=1 batches=38680 time=0.999 s | package=153.567 J | dram=0.000000 | total=153.567 J | power=153.7 W | runtime=in_range | checksum=OK
  relative_error=5.8e-08
[REDUCTION] N=2000000 threads=10 rep=2 batches=38680 time=1.007 s | package=154.248 J | dram=0.001147 | total=154.249 J | power=153.2 W | runtime=in_range | checksum=OK
  relative_error=5.8e-08
[REDUCTION] N=2000000 threads=10 rep=3 batches=38680 time=1.000 s | package=154.174 J | dram=0.000000 | total=154.174 J | power=154.1 W | runtime=in_range | checksum=OK
  relative_error=5.8e-08
[REDUCTION] N=2000000 threads=10 rep=4 batches=38680 time=1.003 s | package=154.717 J | dram=0.000000 | total=154.717 J | power=154.3 W | runtime=in_range | checksum=OK
  relative_error=5.8e-08
[REDUCTION] N=2000000 threads=10 rep=5 batches=38680 time=1.004 s | package=154.847 J | dram=0.000000 | total=154.847 J | power=154.3 W | runtime=in_range | checksum=OK
  relative_error=5.8e-08
[REDUCTION] N=2000000 threads=10 rep=6 batches=38680 time=1.004 s | package=154.934 J | dram=0.000000 | total=154.934 J | power=154.4 W | runtime=in_range | checksum=OK
  relative_error=5.8e-08
[REDUCTION] N=2000000 threads=10 rep=7 batches=38680 time=1.002 s | package=154.703 J | dram=0.000000 | total=154.703 J | power=154.3 W | runtime=in_range | checksum=OK
  relative_error=5.8e-08
[REDUCTION] N=2000000 threads=10 rep=8 batches=38680 time=1.003 s | package=154.889 J | dram=0.000000 | total=154.889 J | power=154.5 W | runtime=in_range | checksum=OK
  relative_error=5.8e-08
[REDUCTION] N=2000000 threads=10 rep=9 batches=38680 time=1.001 s | package=154.856 J | dram=0.000000 | total=154.856 J | power=154.8 W | runtime=in_range | checksum=OK
  relative_error=5.8e-08
[REDUCTION] N=2000000 threads=10 rep=10 batches=38680 time=0.999 s | package=154.727 J | dram=0.000000 | total=154.727 J | power=154.9 W | runtime=in_range | checksum=OK
  relative_error=5.8e-08
[REDUCTION] N=8000000 threads=16 rep=1 batches=2321 time=1.001 s | package=117.357 J | dram=1.411838 | total=118.769 J | power=118.6 W | runtime=in_range | checksum=OK
  relative_error=1.6e-07
[REDUCTION] N=8000000 threads=16 rep=2 batches=2321 time=1.005 s | package=117.413 J | dram=1.433166 | total=118.846 J | power=118.3 W | runtime=in_range | checksum=OK
  relative_error=1.6e-07
[REDUCTION] N=8000000 threads=16 rep=3 batches=2321 time=1.005 s | package=117.467 J | dram=1.423818 | total=118.891 J | power=118.3 W | runtime=in_range | checksum=OK
  relative_error=1.6e-07
[REDUCTION] N=8000000 threads=16 rep=4 batches=2321 time=1.006 s | package=117.662 J | dram=1.417866 | total=119.080 J | power=118.4 W | runtime=in_range | checksum=OK
  relative_error=1.6e-07
[REDUCTION] N=8000000 threads=16 rep=5 batches=2321 time=1.005 s | package=117.643 J | dram=1.417423 | total=119.061 J | power=118.5 W | runtime=in_range | checksum=OK
  relative_error=1.6e-07
[REDUCTION] N=8000000 threads=16 rep=6 batches=2321 time=1.002 s | package=117.727 J | dram=1.412557 | total=119.140 J | power=118.9 W | runtime=in_range | checksum=OK
  relative_error=1.6e-07
[REDUCTION] N=8000000 threads=16 rep=7 batches=2321 time=1.002 s | package=117.475 J | dram=1.407799 | total=118.883 J | power=118.6 W | runtime=in_range | checksum=OK
  relative_error=1.6e-07
[REDUCTION] N=8000000 threads=16 rep=8 batches=2321 time=1.003 s | package=117.397 J | dram=1.432967 | total=118.830 J | power=118.5 W | runtime=in_range | checksum=OK
  relative_error=1.6e-07
[REDUCTION] N=8000000 threads=16 rep=9 batches=2321 time=1.002 s | package=117.595 J | dram=1.408350 | total=119.003 J | power=118.8 W | runtime=in_range | checksum=OK
  relative_error=1.6e-07
[REDUCTION] N=8000000 threads=16 rep=10 batches=2321 time=1.003 s | package=117.555 J | dram=1.419503 | total=118.974 J | power=118.6 W | runtime=in_range | checksum=OK
  relative_error=1.6e-07
[REDUCTION] N=4000000 threads=8 rep=1 batches=8647 time=1.004 s | package=139.305 J | dram=0.031916 | total=139.336 J | power=138.7 W | runtime=in_range | checksum=OK
  relative_error=4.5e-08
[REDUCTION] N=4000000 threads=8 rep=2 batches=8647 time=1.011 s | package=139.267 J | dram=0.040468 | total=139.308 J | power=137.8 W | runtime=in_range | checksum=OK
  relative_error=4.5e-08
[REDUCTION] N=4000000 threads=8 rep=3 batches=8647 time=1.010 s | package=139.474 J | dram=0.039826 | total=139.513 J | power=138.1 W | runtime=in_range | checksum=OK
  relative_error=4.5e-08
[REDUCTION] N=4000000 threads=8 rep=4 batches=8647 time=1.008 s | package=139.360 J | dram=0.037929 | total=139.398 J | power=138.3 W | runtime=in_range | checksum=OK
  relative_error=4.5e-08
[REDUCTION] N=4000000 threads=8 rep=5 batches=8647 time=1.007 s | package=139.362 J | dram=0.038571 | total=139.400 J | power=138.5 W | runtime=in_range | checksum=OK
  relative_error=4.5e-08
[REDUCTION] N=4000000 threads=8 rep=6 batches=8647 time=1.005 s | package=140.329 J | dram=0.036047 | total=140.365 J | power=139.6 W | runtime=in_range | checksum=OK
  relative_error=4.5e-08
[REDUCTION] N=4000000 threads=8 rep=7 batches=8647 time=1.006 s | package=139.722 J | dram=0.030539 | total=139.752 J | power=138.9 W | runtime=in_range | checksum=OK
  relative_error=4.5e-08
[REDUCTION] N=4000000 threads=8 rep=8 batches=8647 time=1.008 s | package=139.498 J | dram=0.026300 | total=139.524 J | power=138.4 W | runtime=in_range | checksum=OK
  relative_error=4.5e-08
[REDUCTION] N=4000000 threads=8 rep=9 batches=8647 time=1.004 s | package=139.856 J | dram=0.028367 | total=139.884 J | power=139.3 W | runtime=in_range | checksum=OK
  relative_error=4.5e-08
[REDUCTION] N=4000000 threads=8 rep=10 batches=8647 time=1.001 s | package=140.075 J | dram=0.030462 | total=140.106 J | power=140.0 W | runtime=in_range | checksum=OK
  relative_error=4.5e-08
[REDUCTION] N=32000000 threads=2 rep=1 batches=231 time=1.008 s | package=65.675 J | dram=0.814649 | total=66.490 J | power=65.9 W | runtime=in_range | checksum=OK
  relative_error=3.4e-08
[REDUCTION] N=32000000 threads=2 rep=2 batches=231 time=1.017 s | package=64.940 J | dram=0.813762 | total=65.754 J | power=64.6 W | runtime=in_range | checksum=OK
  relative_error=3.4e-08
[REDUCTION] N=32000000 threads=2 rep=3 batches=231 time=1.004 s | package=65.938 J | dram=0.826047 | total=66.764 J | power=66.5 W | runtime=in_range | checksum=OK
  relative_error=3.4e-08
[REDUCTION] N=32000000 threads=2 rep=4 batches=231 time=1.005 s | package=66.136 J | dram=0.821228 | total=66.958 J | power=66.7 W | runtime=in_range | checksum=OK
  relative_error=3.4e-08
[REDUCTION] N=32000000 threads=2 rep=5 batches=231 time=1.003 s | package=66.746 J | dram=0.825266 | total=67.571 J | power=67.4 W | runtime=in_range | checksum=OK
  relative_error=3.4e-08
[REDUCTION] N=32000000 threads=2 rep=6 batches=231 time=1.002 s | package=66.659 J | dram=0.825175 | total=67.484 J | power=67.3 W | runtime=in_range | checksum=OK
  relative_error=3.4e-08
[REDUCTION] N=32000000 threads=2 rep=7 batches=231 time=1.002 s | package=67.303 J | dram=0.821167 | total=68.124 J | power=68.0 W | runtime=in_range | checksum=OK
  relative_error=3.4e-08
[REDUCTION] N=32000000 threads=2 rep=8 batches=231 time=1.001 s | package=65.545 J | dram=0.826506 | total=66.372 J | power=66.3 W | runtime=in_range | checksum=OK
  relative_error=3.4e-08
[REDUCTION] N=32000000 threads=2 rep=9 batches=231 time=1.001 s | package=65.601 J | dram=0.842112 | total=66.443 J | power=66.4 W | runtime=in_range | checksum=OK
  relative_error=3.4e-08
[REDUCTION] N=32000000 threads=2 rep=10 batches=231 time=1.001 s | package=65.973 J | dram=0.829199 | total=66.802 J | power=66.7 W | runtime=in_range | checksum=OK
  relative_error=3.4e-08
[REDUCTION] N=32000000 threads=8 rep=1 batches=344 time=1.002 s | package=111.676 J | dram=1.158699 | total=112.835 J | power=112.7 W | runtime=in_range | checksum=OK
  relative_error=3.4e-08
[REDUCTION] N=32000000 threads=8 rep=2 batches=344 time=1.004 s | package=111.913 J | dram=1.163335 | total=113.077 J | power=112.6 W | runtime=in_range | checksum=OK
  relative_error=3.4e-08
[REDUCTION] N=32000000 threads=8 rep=3 batches=344 time=1.004 s | package=112.024 J | dram=1.172776 | total=113.197 J | power=112.7 W | runtime=in_range | checksum=OK
  relative_error=3.4e-08
[REDUCTION] N=32000000 threads=8 rep=4 batches=344 time=1.004 s | package=112.040 J | dram=1.152947 | total=113.193 J | power=112.8 W | runtime=in_range | checksum=OK
  relative_error=3.4e-08
[REDUCTION] N=32000000 threads=8 rep=5 batches=344 time=1.004 s | package=112.365 J | dram=1.162876 | total=113.528 J | power=113.1 W | runtime=in_range | checksum=OK
  relative_error=3.4e-08
[REDUCTION] N=32000000 threads=8 rep=6 batches=344 time=1.003 s | package=112.544 J | dram=1.140018 | total=113.684 J | power=113.4 W | runtime=in_range | checksum=OK
  relative_error=3.4e-08
[REDUCTION] N=32000000 threads=8 rep=7 batches=344 time=1.004 s | package=112.917 J | dram=1.159449 | total=114.077 J | power=113.7 W | runtime=in_range | checksum=OK
  relative_error=3.4e-08
[REDUCTION] N=32000000 threads=8 rep=8 batches=344 time=1.004 s | package=113.066 J | dram=1.150422 | total=114.216 J | power=113.8 W | runtime=in_range | checksum=OK
  relative_error=3.4e-08
[REDUCTION] N=32000000 threads=8 rep=9 batches=344 time=1.004 s | package=113.297 J | dram=1.162188 | total=114.459 J | power=114.0 W | runtime=in_range | checksum=OK
  relative_error=3.4e-08
[REDUCTION] N=32000000 threads=8 rep=10 batches=344 time=1.004 s | package=112.947 J | dram=1.162387 | total=114.110 J | power=113.6 W | runtime=in_range | checksum=OK
  relative_error=3.4e-08
[REDUCTION] N=16000000 threads=10 rep=1 batches=763 time=1.001 s | package=132.941 J | dram=1.226815 | total=134.168 J | power=134.0 W | runtime=in_range | checksum=OK
  relative_error=4.0e-08
[REDUCTION] N=16000000 threads=10 rep=2 batches=763 time=1.005 s | package=132.441 J | dram=1.251371 | total=133.692 J | power=133.0 W | runtime=in_range | checksum=OK
  relative_error=4.0e-08
[REDUCTION] N=16000000 threads=10 rep=3 batches=763 time=1.003 s | package=132.602 J | dram=1.246476 | total=133.848 J | power=133.4 W | runtime=in_range | checksum=OK
  relative_error=4.0e-08
[REDUCTION] N=16000000 threads=10 rep=4 batches=763 time=1.004 s | package=132.636 J | dram=1.239376 | total=133.876 J | power=133.3 W | runtime=in_range | checksum=OK
  relative_error=4.0e-08
[REDUCTION] N=16000000 threads=10 rep=5 batches=763 time=1.004 s | package=132.093 J | dram=1.238565 | total=133.332 J | power=132.8 W | runtime=in_range | checksum=OK
  relative_error=4.0e-08
[REDUCTION] N=16000000 threads=10 rep=6 batches=763 time=1.003 s | package=132.206 J | dram=1.251816 | total=133.458 J | power=133.1 W | runtime=in_range | checksum=OK
  relative_error=4.0e-08
[REDUCTION] N=16000000 threads=10 rep=7 batches=763 time=1.003 s | package=132.938 J | dram=1.235384 | total=134.173 J | power=133.7 W | runtime=in_range | checksum=OK
  relative_error=4.0e-08
[REDUCTION] N=16000000 threads=10 rep=8 batches=763 time=1.003 s | package=132.475 J | dram=1.228483 | total=133.704 J | power=133.3 W | runtime=in_range | checksum=OK
  relative_error=4.0e-08
[REDUCTION] N=16000000 threads=10 rep=9 batches=763 time=1.003 s | package=132.326 J | dram=1.237357 | total=133.563 J | power=133.2 W | runtime=in_range | checksum=OK
  relative_error=4.0e-08
[REDUCTION] N=16000000 threads=10 rep=10 batches=763 time=1.003 s | package=132.827 J | dram=1.242452 | total=134.069 J | power=133.7 W | runtime=in_range | checksum=OK
  relative_error=4.0e-08
[REDUCTION] N=8000000 threads=20 rep=1 batches=2185 time=1.000 s | package=123.976 J | dram=1.611135 | total=125.587 J | power=125.5 W | runtime=in_range | checksum=OK
  relative_error=1.6e-07
[REDUCTION] N=8000000 threads=20 rep=2 batches=2185 time=1.005 s | package=124.854 J | dram=1.626696 | total=126.481 J | power=125.9 W | runtime=in_range | checksum=OK
  relative_error=1.6e-07
[REDUCTION] N=8000000 threads=20 rep=3 batches=2185 time=1.006 s | package=124.605 J | dram=1.651972 | total=126.257 J | power=125.5 W | runtime=in_range | checksum=OK
  relative_error=1.6e-07
[REDUCTION] N=8000000 threads=20 rep=4 batches=2185 time=1.007 s | package=124.656 J | dram=1.629603 | total=126.286 J | power=125.4 W | runtime=in_range | checksum=OK
  relative_error=1.6e-07
[REDUCTION] N=8000000 threads=20 rep=5 batches=2185 time=1.004 s | package=124.847 J | dram=1.634010 | total=126.481 J | power=125.9 W | runtime=in_range | checksum=OK
  relative_error=1.6e-07
[REDUCTION] N=8000000 threads=20 rep=6 batches=2185 time=1.004 s | package=124.759 J | dram=1.653379 | total=126.412 J | power=125.9 W | runtime=in_range | checksum=OK
  relative_error=1.6e-07
[REDUCTION] N=8000000 threads=20 rep=7 batches=2185 time=1.006 s | package=124.653 J | dram=1.650656 | total=126.304 J | power=125.5 W | runtime=in_range | checksum=OK
  relative_error=1.6e-07
[REDUCTION] N=8000000 threads=20 rep=8 batches=2185 time=1.011 s | package=125.762 J | dram=1.640221 | total=127.402 J | power=126.0 W | runtime=in_range | checksum=OK
  relative_error=1.6e-07
[REDUCTION] N=8000000 threads=20 rep=9 batches=2185 time=1.003 s | package=124.492 J | dram=1.644444 | total=126.137 J | power=125.7 W | runtime=in_range | checksum=OK
  relative_error=1.6e-07
[REDUCTION] N=8000000 threads=20 rep=10 batches=2185 time=1.005 s | package=124.849 J | dram=1.668740 | total=126.518 J | power=125.9 W | runtime=in_range | checksum=OK
  relative_error=1.6e-07
[REDUCTION] N=256000000 threads=10 rep=1 batches=39 time=1.015 s | package=132.993 J | dram=1.238964 | total=134.232 J | power=132.3 W | runtime=in_range | checksum=OK
  relative_error=3.5e-09
[REDUCTION] N=256000000 threads=10 rep=2 batches=39 time=1.015 s | package=132.785 J | dram=1.225621 | total=134.011 J | power=132.0 W | runtime=in_range | checksum=OK
  relative_error=3.5e-09
[REDUCTION] N=256000000 threads=10 rep=3 batches=39 time=1.016 s | package=132.772 J | dram=1.224658 | total=133.997 J | power=131.8 W | runtime=in_range | checksum=OK
  relative_error=3.5e-09
[REDUCTION] N=256000000 threads=10 rep=4 batches=39 time=1.016 s | package=132.694 J | dram=1.228819 | total=133.923 J | power=131.9 W | runtime=in_range | checksum=OK
  relative_error=3.5e-09
[REDUCTION] N=256000000 threads=10 rep=5 batches=39 time=1.018 s | package=133.107 J | dram=1.238413 | total=134.345 J | power=132.0 W | runtime=in_range | checksum=OK
  relative_error=3.5e-09
[REDUCTION] N=256000000 threads=10 rep=6 batches=39 time=1.016 s | package=133.011 J | dram=1.239392 | total=134.250 J | power=132.1 W | runtime=in_range | checksum=OK
  relative_error=3.5e-09
[REDUCTION] N=256000000 threads=10 rep=7 batches=39 time=1.017 s | package=132.935 J | dram=1.239529 | total=134.175 J | power=132.0 W | runtime=in_range | checksum=OK
  relative_error=3.5e-09
[REDUCTION] N=256000000 threads=10 rep=8 batches=39 time=1.016 s | package=132.994 J | dram=1.241457 | total=134.235 J | power=132.1 W | runtime=in_range | checksum=OK
  relative_error=3.5e-09
[REDUCTION] N=256000000 threads=10 rep=9 batches=39 time=1.016 s | package=133.029 J | dram=1.233823 | total=134.263 J | power=132.1 W | runtime=in_range | checksum=OK
  relative_error=3.5e-09
[REDUCTION] N=256000000 threads=10 rep=10 batches=39 time=1.017 s | package=132.943 J | dram=1.238917 | total=134.182 J | power=131.9 W | runtime=in_range | checksum=OK
  relative_error=3.5e-09
[REDUCTION] N=1000000 threads=8 rep=1 batches=60820 time=1.001 s | package=125.702 J | dram=0.000000 | total=125.702 J | power=125.6 W | runtime=in_range | checksum=OK
  relative_error=1.4e-07
[REDUCTION] N=1000000 threads=8 rep=2 batches=60820 time=1.004 s | package=125.991 J | dram=0.000964 | total=125.992 J | power=125.5 W | runtime=in_range | checksum=OK
  relative_error=1.4e-07
[REDUCTION] N=1000000 threads=8 rep=3 batches=60820 time=1.002 s | package=125.619 J | dram=0.000046 | total=125.620 J | power=125.4 W | runtime=in_range | checksum=OK
  relative_error=1.4e-07
[REDUCTION] N=1000000 threads=8 rep=4 batches=60820 time=1.003 s | package=127.244 J | dram=0.000000 | total=127.244 J | power=126.8 W | runtime=in_range | checksum=OK
  relative_error=1.4e-07
[REDUCTION] N=1000000 threads=8 rep=5 batches=60820 time=1.005 s | package=129.667 J | dram=0.000000 | total=129.667 J | power=129.1 W | runtime=in_range | checksum=OK
  relative_error=1.4e-07
[REDUCTION] N=1000000 threads=8 rep=6 batches=60820 time=1.003 s | package=129.599 J | dram=0.000000 | total=129.599 J | power=129.3 W | runtime=in_range | checksum=OK
  relative_error=1.4e-07
[REDUCTION] N=1000000 threads=8 rep=7 batches=60820 time=1.000 s | package=128.728 J | dram=0.000000 | total=128.728 J | power=128.7 W | runtime=in_range | checksum=OK
  relative_error=1.4e-07
[REDUCTION] N=1000000 threads=8 rep=8 batches=60820 time=1.001 s | package=128.619 J | dram=0.000000 | total=128.619 J | power=128.4 W | runtime=in_range | checksum=OK
  relative_error=1.4e-07
[REDUCTION] N=1000000 threads=8 rep=9 batches=60820 time=1.003 s | package=126.164 J | dram=0.000000 | total=126.164 J | power=125.7 W | runtime=in_range | checksum=OK
  relative_error=1.4e-07
[REDUCTION] N=1000000 threads=8 rep=10 batches=60820 time=1.002 s | package=126.235 J | dram=0.000000 | total=126.235 J | power=126.0 W | runtime=in_range | checksum=OK
  relative_error=1.4e-07
[REDUCTION] N=4000000 threads=10 rep=1 batches=9143 time=1.000 s | package=162.375 J | dram=0.000198 | total=162.375 J | power=162.4 W | runtime=in_range | checksum=OK
  relative_error=4.5e-08
[REDUCTION] N=4000000 threads=10 rep=2 batches=9143 time=1.006 s | package=162.437 J | dram=0.000368 | total=162.438 J | power=161.5 W | runtime=in_range | checksum=OK
  relative_error=4.5e-08
[REDUCTION] N=4000000 threads=10 rep=3 batches=9143 time=1.004 s | package=161.916 J | dram=0.001208 | total=161.917 J | power=161.2 W | runtime=in_range | checksum=OK
  relative_error=4.5e-08
[REDUCTION] N=4000000 threads=10 rep=4 batches=9143 time=1.003 s | package=161.910 J | dram=0.000964 | total=161.911 J | power=161.5 W | runtime=in_range | checksum=OK
  relative_error=4.5e-08
[REDUCTION] N=4000000 threads=10 rep=5 batches=9143 time=1.004 s | package=162.145 J | dram=0.000964 | total=162.146 J | power=161.5 W | runtime=in_range | checksum=OK
  relative_error=4.5e-08
[REDUCTION] N=4000000 threads=10 rep=6 batches=9143 time=1.003 s | package=162.155 J | dram=0.001117 | total=162.157 J | power=161.6 W | runtime=in_range | checksum=OK
  relative_error=4.5e-08
[REDUCTION] N=4000000 threads=10 rep=7 batches=9143 time=1.004 s | package=162.519 J | dram=0.000673 | total=162.520 J | power=161.9 W | runtime=in_range | checksum=OK
  relative_error=4.5e-08
[REDUCTION] N=4000000 threads=10 rep=8 batches=9143 time=1.001 s | package=162.624 J | dram=0.001301 | total=162.626 J | power=162.4 W | runtime=in_range | checksum=OK
  relative_error=4.5e-08
[REDUCTION] N=4000000 threads=10 rep=9 batches=9143 time=1.001 s | package=163.036 J | dram=0.000122 | total=163.036 J | power=162.8 W | runtime=in_range | checksum=OK
  relative_error=4.5e-08
[REDUCTION] N=4000000 threads=10 rep=10 batches=9143 time=1.001 s | package=162.975 J | dram=0.000230 | total=162.976 J | power=162.8 W | runtime=in_range | checksum=OK
  relative_error=4.5e-08
[REDUCTION] N=64000000 threads=20 rep=1 batches=156 time=1.005 s | package=138.414 J | dram=1.650656 | total=140.065 J | power=139.3 W | runtime=in_range | checksum=OK
  relative_error=2.1e-08
[REDUCTION] N=64000000 threads=20 rep=2 batches=156 time=1.008 s | package=138.845 J | dram=1.639395 | total=140.484 J | power=139.4 W | runtime=in_range | checksum=OK
  relative_error=2.1e-08
[REDUCTION] N=64000000 threads=20 rep=3 batches=156 time=1.009 s | package=139.377 J | dram=1.615420 | total=140.993 J | power=139.8 W | runtime=in_range | checksum=OK
  relative_error=2.1e-08
[REDUCTION] N=64000000 threads=20 rep=4 batches=156 time=1.007 s | package=138.966 J | dram=1.649279 | total=140.615 J | power=139.6 W | runtime=in_range | checksum=OK
  relative_error=2.1e-08
[REDUCTION] N=64000000 threads=20 rep=5 batches=156 time=1.007 s | package=138.785 J | dram=1.655858 | total=140.441 J | power=139.4 W | runtime=in_range | checksum=OK
  relative_error=2.1e-08
[REDUCTION] N=64000000 threads=20 rep=6 batches=156 time=1.008 s | package=138.936 J | dram=1.668985 | total=140.605 J | power=139.4 W | runtime=in_range | checksum=OK
  relative_error=2.1e-08
[REDUCTION] N=64000000 threads=20 rep=7 batches=156 time=1.009 s | package=138.984 J | dram=1.663232 | total=140.647 J | power=139.4 W | runtime=in_range | checksum=OK
  relative_error=2.1e-08
[REDUCTION] N=64000000 threads=20 rep=8 batches=156 time=1.008 s | package=139.490 J | dram=1.659331 | total=141.149 J | power=140.0 W | runtime=in_range | checksum=OK
  relative_error=2.1e-08
[REDUCTION] N=64000000 threads=20 rep=9 batches=156 time=1.007 s | package=139.230 J | dram=1.644980 | total=140.875 J | power=139.9 W | runtime=in_range | checksum=OK
  relative_error=2.1e-08
[REDUCTION] N=64000000 threads=20 rep=10 batches=156 time=1.007 s | package=138.992 J | dram=1.624156 | total=140.617 J | power=139.6 W | runtime=in_range | checksum=OK
  relative_error=2.1e-08
[REDUCTION] N=16000000 threads=8 rep=1 batches=777 time=1.001 s | package=118.924 J | dram=1.186760 | total=120.110 J | power=119.9 W | runtime=in_range | checksum=OK
  relative_error=4.0e-08
[REDUCTION] N=16000000 threads=8 rep=2 batches=777 time=1.004 s | package=120.119 J | dram=1.185659 | total=121.305 J | power=120.8 W | runtime=in_range | checksum=OK
  relative_error=4.0e-08
[REDUCTION] N=16000000 threads=8 rep=3 batches=777 time=1.004 s | package=120.478 J | dram=1.168935 | total=121.647 J | power=121.1 W | runtime=in_range | checksum=OK
  relative_error=4.0e-08
[REDUCTION] N=16000000 threads=8 rep=4 batches=777 time=1.004 s | package=121.795 J | dram=1.190432 | total=122.986 J | power=122.5 W | runtime=in_range | checksum=OK
  relative_error=4.0e-08
[REDUCTION] N=16000000 threads=8 rep=5 batches=777 time=1.004 s | package=121.641 J | dram=1.173066 | total=122.814 J | power=122.3 W | runtime=in_range | checksum=OK
  relative_error=4.0e-08
[REDUCTION] N=16000000 threads=8 rep=6 batches=777 time=1.004 s | package=120.745 J | dram=1.174811 | total=121.920 J | power=121.4 W | runtime=in_range | checksum=OK
  relative_error=4.0e-08
[REDUCTION] N=16000000 threads=8 rep=7 batches=777 time=1.004 s | package=116.987 J | dram=1.189560 | total=118.177 J | power=117.7 W | runtime=in_range | checksum=OK
  relative_error=4.0e-08
[REDUCTION] N=16000000 threads=8 rep=8 batches=777 time=1.004 s | package=118.227 J | dram=1.175728 | total=119.403 J | power=118.9 W | runtime=in_range | checksum=OK
  relative_error=4.0e-08
[REDUCTION] N=16000000 threads=8 rep=9 batches=777 time=1.005 s | package=120.098 J | dram=1.174596 | total=121.272 J | power=120.6 W | runtime=in_range | checksum=OK
  relative_error=4.0e-08
[REDUCTION] N=16000000 threads=8 rep=10 batches=777 time=1.005 s | package=119.489 J | dram=1.176234 | total=120.665 J | power=120.0 W | runtime=in_range | checksum=OK
  relative_error=4.0e-08
[REDUCTION] N=64000000 threads=16 rep=1 batches=157 time=1.001 s | package=125.601 J | dram=1.370069 | total=126.971 J | power=126.8 W | runtime=in_range | checksum=OK
  relative_error=2.1e-08
[REDUCTION] N=64000000 threads=16 rep=2 batches=157 time=1.003 s | package=126.603 J | dram=1.396584 | total=128.000 J | power=127.6 W | runtime=in_range | checksum=OK
  relative_error=2.1e-08
[REDUCTION] N=64000000 threads=16 rep=3 batches=157 time=1.003 s | package=125.614 J | dram=1.385078 | total=127.000 J | power=126.6 W | runtime=in_range | checksum=OK
  relative_error=2.1e-08
[REDUCTION] N=64000000 threads=16 rep=4 batches=157 time=1.002 s | package=125.456 J | dram=1.389928 | total=126.846 J | power=126.6 W | runtime=in_range | checksum=OK
  relative_error=2.1e-08
[REDUCTION] N=64000000 threads=16 rep=5 batches=157 time=1.003 s | package=125.778 J | dram=1.400944 | total=127.179 J | power=126.8 W | runtime=in_range | checksum=OK
  relative_error=2.1e-08
[REDUCTION] N=64000000 threads=16 rep=6 batches=157 time=1.004 s | package=125.854 J | dram=1.390234 | total=127.244 J | power=126.8 W | runtime=in_range | checksum=OK
  relative_error=2.1e-08
[REDUCTION] N=64000000 threads=16 rep=7 batches=157 time=1.003 s | package=125.850 J | dram=1.382310 | total=127.232 J | power=126.9 W | runtime=in_range | checksum=OK
  relative_error=2.1e-08
[REDUCTION] N=64000000 threads=16 rep=8 batches=157 time=1.003 s | package=125.652 J | dram=1.372716 | total=127.024 J | power=126.6 W | runtime=in_range | checksum=OK
  relative_error=2.1e-08
[REDUCTION] N=64000000 threads=16 rep=9 batches=157 time=1.003 s | package=125.837 J | dram=1.391489 | total=127.229 J | power=126.9 W | runtime=in_range | checksum=OK
  relative_error=2.1e-08
[REDUCTION] N=64000000 threads=16 rep=10 batches=157 time=1.002 s | package=125.857 J | dram=1.388827 | total=127.245 J | power=127.0 W | runtime=in_range | checksum=OK
  relative_error=2.1e-08
[REDUCTION] N=8000000 threads=1 rep=1 batches=581 time=0.997 s | package=50.894 J | dram=0.298090 | total=51.192 J | power=51.4 W | runtime=in_range | checksum=OK
  relative_error=1.6e-07
[REDUCTION] N=8000000 threads=1 rep=2 batches=581 time=0.955 s | package=48.707 J | dram=0.243806 | total=48.950 J | power=51.3 W | runtime=in_range | checksum=OK
  relative_error=1.6e-07
[REDUCTION] N=8000000 threads=1 rep=3 batches=581 time=0.946 s | package=48.309 J | dram=0.230525 | total=48.540 J | power=51.3 W | runtime=in_range | checksum=OK
  relative_error=1.6e-07
[REDUCTION] N=8000000 threads=1 rep=4 batches=581 time=0.943 s | package=48.230 J | dram=0.241970 | total=48.472 J | power=51.4 W | runtime=in_range | checksum=OK
  relative_error=1.6e-07
[REDUCTION] N=8000000 threads=1 rep=5 batches=581 time=0.946 s | package=48.352 J | dram=0.249528 | total=48.602 J | power=51.4 W | runtime=in_range | checksum=OK
  relative_error=1.6e-07
[REDUCTION] N=8000000 threads=1 rep=6 batches=581 time=0.941 s | package=48.114 J | dram=0.251363 | total=48.365 J | power=51.4 W | runtime=in_range | checksum=OK
  relative_error=1.6e-07
[REDUCTION] N=8000000 threads=1 rep=7 batches=581 time=0.944 s | package=48.010 J | dram=0.255220 | total=48.265 J | power=51.1 W | runtime=in_range | checksum=OK
  relative_error=1.6e-07
[REDUCTION] N=8000000 threads=1 rep=8 batches=581 time=0.946 s | package=48.200 J | dram=0.244203 | total=48.444 J | power=51.2 W | runtime=in_range | checksum=OK
  relative_error=1.6e-07
[REDUCTION] N=8000000 threads=1 rep=9 batches=581 time=0.945 s | package=48.344 J | dram=0.238435 | total=48.582 J | power=51.4 W | runtime=in_range | checksum=OK
  relative_error=1.6e-07
[REDUCTION] N=8000000 threads=1 rep=10 batches=581 time=0.941 s | package=47.969 J | dram=0.221498 | total=48.190 J | power=51.2 W | runtime=in_range | checksum=OK
  relative_error=1.6e-07
[REDUCTION] N=4000000 threads=1 rep=1 batches=1493 time=1.000 s | package=50.533 J | dram=0.010098 | total=50.543 J | power=50.5 W | runtime=in_range | checksum=OK
  relative_error=4.5e-08
[REDUCTION] N=4000000 threads=1 rep=2 batches=1493 time=1.000 s | package=50.859 J | dram=0.012898 | total=50.871 J | power=50.8 W | runtime=in_range | checksum=OK
  relative_error=4.5e-08
[REDUCTION] N=4000000 threads=1 rep=3 batches=1493 time=1.001 s | package=50.745 J | dram=0.013632 | total=50.759 J | power=50.7 W | runtime=in_range | checksum=OK
  relative_error=4.5e-08
[REDUCTION] N=4000000 threads=1 rep=4 batches=1493 time=1.002 s | package=50.729 J | dram=0.010894 | total=50.740 J | power=50.6 W | runtime=in_range | checksum=OK
  relative_error=4.5e-08
[REDUCTION] N=4000000 threads=1 rep=5 batches=1493 time=1.002 s | package=50.989 J | dram=0.012791 | total=51.002 J | power=50.9 W | runtime=in_range | checksum=OK
  relative_error=4.5e-08
[REDUCTION] N=4000000 threads=1 rep=6 batches=1493 time=1.002 s | package=50.837 J | dram=0.010526 | total=50.847 J | power=50.8 W | runtime=in_range | checksum=OK
  relative_error=4.5e-08
[REDUCTION] N=4000000 threads=1 rep=7 batches=1493 time=1.003 s | package=52.060 J | dram=0.012240 | total=52.072 J | power=51.9 W | runtime=in_range | checksum=OK
  relative_error=4.5e-08
[REDUCTION] N=4000000 threads=1 rep=8 batches=1493 time=1.003 s | package=50.926 J | dram=0.013694 | total=50.940 J | power=50.8 W | runtime=in_range | checksum=OK
  relative_error=4.5e-08
[REDUCTION] N=4000000 threads=1 rep=9 batches=1493 time=1.001 s | package=50.589 J | dram=0.013112 | total=50.602 J | power=50.5 W | runtime=in_range | checksum=OK
  relative_error=4.5e-08
[REDUCTION] N=4000000 threads=1 rep=10 batches=1493 time=1.003 s | package=50.880 J | dram=0.014321 | total=50.894 J | power=50.8 W | runtime=in_range | checksum=OK
  relative_error=4.5e-08
[REDUCTION] N=1000000 threads=20 rep=1 batches=95601 time=1.113 s | package=144.855 J | dram=0.000000 | total=144.855 J | power=130.2 W | runtime=in_range | checksum=OK
  relative_error=1.4e-07
[REDUCTION] N=1000000 threads=20 rep=2 batches=95601 time=1.167 s | package=151.811 J | dram=0.000015 | total=151.811 J | power=130.1 W | runtime=in_range | checksum=OK
  relative_error=1.4e-07
[REDUCTION] N=1000000 threads=20 rep=3 batches=95601 time=1.088 s | package=142.674 J | dram=0.000000 | total=142.674 J | power=131.1 W | runtime=in_range | checksum=OK
  relative_error=1.4e-07
[REDUCTION] N=1000000 threads=20 rep=4 batches=95601 time=1.201 s | package=155.974 J | dram=0.000000 | total=155.974 J | power=129.9 W | runtime=in_range | checksum=OK
  relative_error=1.4e-07
[REDUCTION] N=1000000 threads=20 rep=5 batches=95601 time=1.126 s | package=147.318 J | dram=0.000000 | total=147.318 J | power=130.9 W | runtime=in_range | checksum=OK
  relative_error=1.4e-07
[REDUCTION] N=1000000 threads=20 rep=6 batches=95601 time=1.238 s | package=160.450 J | dram=0.000000 | total=160.450 J | power=129.6 W | runtime=in_range | checksum=OK
  relative_error=1.4e-07
[REDUCTION] N=1000000 threads=20 rep=7 batches=95601 time=1.108 s | package=145.547 J | dram=0.000000 | total=145.547 J | power=131.3 W | runtime=in_range | checksum=OK
  relative_error=1.4e-07
[REDUCTION] N=1000000 threads=20 rep=8 batches=95601 time=1.197 s | package=156.009 J | dram=0.000000 | total=156.009 J | power=130.4 W | runtime=in_range | checksum=OK
  relative_error=1.4e-07
[REDUCTION] N=1000000 threads=20 rep=9 batches=95601 time=1.124 s | package=147.443 J | dram=0.000000 | total=147.443 J | power=131.2 W | runtime=in_range | checksum=OK
  relative_error=1.4e-07
[REDUCTION] N=1000000 threads=20 rep=10 batches=95601 time=1.111 s | package=145.968 J | dram=0.000000 | total=145.968 J | power=131.4 W | runtime=in_range | checksum=OK
  relative_error=1.4e-07
[REDUCTION] N=1000000 threads=16 rep=1 batches=78712 time=1.117 s | package=151.275 J | dram=0.000000 | total=151.275 J | power=135.5 W | runtime=in_range | checksum=OK
  relative_error=1.4e-07
[REDUCTION] N=1000000 threads=16 rep=2 batches=78712 time=1.176 s | package=158.186 J | dram=0.000000 | total=158.186 J | power=134.5 W | runtime=in_range | checksum=OK
  relative_error=1.4e-07
[REDUCTION] N=1000000 threads=16 rep=3 batches=78712 time=1.120 s | package=151.662 J | dram=0.000077 | total=151.662 J | power=135.4 W | runtime=in_range | checksum=OK
  relative_error=1.4e-07
[REDUCTION] N=1000000 threads=16 rep=4 batches=78712 time=1.148 s | package=155.052 J | dram=0.000000 | total=155.052 J | power=135.1 W | runtime=in_range | checksum=OK
  relative_error=1.4e-07
[REDUCTION] N=1000000 threads=16 rep=5 batches=78712 time=1.086 s | package=147.864 J | dram=0.000000 | total=147.864 J | power=136.2 W | runtime=in_range | checksum=OK
  relative_error=1.4e-07
[REDUCTION] N=1000000 threads=16 rep=6 batches=78712 time=1.188 s | package=160.106 J | dram=0.000000 | total=160.106 J | power=134.7 W | runtime=in_range | checksum=OK
  relative_error=1.4e-07
[REDUCTION] N=1000000 threads=16 rep=7 batches=78712 time=1.153 s | package=156.285 J | dram=0.000000 | total=156.285 J | power=135.5 W | runtime=in_range | checksum=OK
  relative_error=1.4e-07
[REDUCTION] N=1000000 threads=16 rep=8 batches=78712 time=1.041 s | package=142.821 J | dram=0.000000 | total=142.821 J | power=137.2 W | runtime=in_range | checksum=OK
  relative_error=1.4e-07
[REDUCTION] N=1000000 threads=16 rep=9 batches=78712 time=1.049 s | package=143.774 J | dram=0.000000 | total=143.774 J | power=137.0 W | runtime=in_range | checksum=OK
  relative_error=1.4e-07
[REDUCTION] N=1000000 threads=16 rep=10 batches=78712 time=1.115 s | package=151.343 J | dram=0.000000 | total=151.343 J | power=135.8 W | runtime=in_range | checksum=OK
  relative_error=1.4e-07
[REDUCTION] N=1000000 threads=4 rep=1 batches=32059 time=1.000 s | package=88.758 J | dram=0.000000 | total=88.758 J | power=88.8 W | runtime=in_range | checksum=OK
  relative_error=1.4e-07
[REDUCTION] N=1000000 threads=4 rep=2 batches=32059 time=1.002 s | package=88.815 J | dram=0.000091 | total=88.815 J | power=88.6 W | runtime=in_range | checksum=OK
  relative_error=1.4e-07
[REDUCTION] N=1000000 threads=4 rep=3 batches=32059 time=1.021 s | package=89.552 J | dram=0.000000 | total=89.552 J | power=87.7 W | runtime=in_range | checksum=OK
  relative_error=1.4e-07
[REDUCTION] N=1000000 threads=4 rep=4 batches=32059 time=1.023 s | package=89.698 J | dram=0.000000 | total=89.698 J | power=87.7 W | runtime=in_range | checksum=OK
  relative_error=1.4e-07
[REDUCTION] N=1000000 threads=4 rep=5 batches=32059 time=1.023 s | package=89.542 J | dram=0.000000 | total=89.542 J | power=87.5 W | runtime=in_range | checksum=OK
  relative_error=1.4e-07
[REDUCTION] N=1000000 threads=4 rep=6 batches=32059 time=1.002 s | package=88.700 J | dram=0.000000 | total=88.700 J | power=88.6 W | runtime=in_range | checksum=OK
  relative_error=1.4e-07
[REDUCTION] N=1000000 threads=4 rep=7 batches=32059 time=1.001 s | package=88.645 J | dram=0.000000 | total=88.645 J | power=88.6 W | runtime=in_range | checksum=OK
  relative_error=1.4e-07
[REDUCTION] N=1000000 threads=4 rep=8 batches=32059 time=1.003 s | package=88.761 J | dram=0.000000 | total=88.761 J | power=88.5 W | runtime=in_range | checksum=OK
  relative_error=1.4e-07
[REDUCTION] N=1000000 threads=4 rep=9 batches=32059 time=1.001 s | package=88.651 J | dram=0.000000 | total=88.651 J | power=88.6 W | runtime=in_range | checksum=OK
  relative_error=1.4e-07
[REDUCTION] N=1000000 threads=4 rep=10 batches=32059 time=1.004 s | package=88.677 J | dram=0.000000 | total=88.677 J | power=88.4 W | runtime=in_range | checksum=OK
  relative_error=1.4e-07
[REDUCTION] N=8000000 threads=8 rep=1 batches=2176 time=1.001 s | package=124.266 J | dram=1.210184 | total=125.476 J | power=125.4 W | runtime=in_range | checksum=OK
  relative_error=1.6e-07
[REDUCTION] N=8000000 threads=8 rep=2 batches=2176 time=1.003 s | package=124.912 J | dram=1.203866 | total=126.116 J | power=125.7 W | runtime=in_range | checksum=OK
  relative_error=1.6e-07
[REDUCTION] N=8000000 threads=8 rep=3 batches=2176 time=1.006 s | package=122.068 J | dram=1.216503 | total=123.284 J | power=122.6 W | runtime=in_range | checksum=OK
  relative_error=1.6e-07
[REDUCTION] N=8000000 threads=8 rep=4 batches=2176 time=1.005 s | package=121.496 J | dram=1.223220 | total=122.719 J | power=122.2 W | runtime=in_range | checksum=OK
  relative_error=1.6e-07
[REDUCTION] N=8000000 threads=8 rep=5 batches=2176 time=1.005 s | package=121.467 J | dram=1.223082 | total=122.690 J | power=122.1 W | runtime=in_range | checksum=OK
  relative_error=1.6e-07
[REDUCTION] N=8000000 threads=8 rep=6 batches=2176 time=1.005 s | package=121.134 J | dram=1.221628 | total=122.355 J | power=121.7 W | runtime=in_range | checksum=OK
  relative_error=1.6e-07
[REDUCTION] N=8000000 threads=8 rep=7 batches=2176 time=1.004 s | package=124.217 J | dram=1.215953 | total=125.433 J | power=125.0 W | runtime=in_range | checksum=OK
  relative_error=1.6e-07
[REDUCTION] N=8000000 threads=8 rep=8 batches=2176 time=1.002 s | package=124.670 J | dram=1.215983 | total=125.886 J | power=125.6 W | runtime=in_range | checksum=OK
  relative_error=1.6e-07
[REDUCTION] N=8000000 threads=8 rep=9 batches=2176 time=1.003 s | package=124.334 J | dram=1.220251 | total=125.555 J | power=125.2 W | runtime=in_range | checksum=OK
  relative_error=1.6e-07
[REDUCTION] N=8000000 threads=8 rep=10 batches=2176 time=1.005 s | package=121.525 J | dram=1.216549 | total=122.741 J | power=122.1 W | runtime=in_range | checksum=OK
  relative_error=1.6e-07
[REDUCTION] N=64000000 threads=2 rep=1 batches=113 time=1.006 s | package=67.674 J | dram=0.859829 | total=68.534 J | power=68.1 W | runtime=in_range | checksum=OK
  relative_error=2.1e-08
[REDUCTION] N=64000000 threads=2 rep=2 batches=113 time=1.007 s | package=67.769 J | dram=0.866623 | total=68.636 J | power=68.2 W | runtime=in_range | checksum=OK
  relative_error=2.1e-08
[REDUCTION] N=64000000 threads=2 rep=3 batches=113 time=1.007 s | package=67.798 J | dram=0.853817 | total=68.652 J | power=68.2 W | runtime=in_range | checksum=OK
  relative_error=2.1e-08
[REDUCTION] N=64000000 threads=2 rep=4 batches=113 time=1.006 s | package=68.270 J | dram=0.861971 | total=69.132 J | power=68.7 W | runtime=in_range | checksum=OK
  relative_error=2.1e-08
[REDUCTION] N=64000000 threads=2 rep=5 batches=113 time=1.005 s | package=66.780 J | dram=0.857152 | total=67.638 J | power=67.3 W | runtime=in_range | checksum=OK
  relative_error=2.1e-08
[REDUCTION] N=64000000 threads=2 rep=6 batches=113 time=1.006 s | package=68.303 J | dram=0.871488 | total=69.174 J | power=68.8 W | runtime=in_range | checksum=OK
  relative_error=2.1e-08
[REDUCTION] N=64000000 threads=2 rep=7 batches=113 time=1.006 s | package=66.997 J | dram=0.870432 | total=67.868 J | power=67.5 W | runtime=in_range | checksum=OK
  relative_error=2.1e-08
[REDUCTION] N=64000000 threads=2 rep=8 batches=113 time=1.005 s | package=67.149 J | dram=0.871213 | total=68.020 J | power=67.7 W | runtime=in_range | checksum=OK
  relative_error=2.1e-08
[REDUCTION] N=64000000 threads=2 rep=9 batches=113 time=1.013 s | package=65.373 J | dram=0.871228 | total=66.244 J | power=65.4 W | runtime=in_range | checksum=OK
  relative_error=2.1e-08
[REDUCTION] N=64000000 threads=2 rep=10 batches=113 time=1.014 s | package=64.762 J | dram=0.873308 | total=65.635 J | power=64.8 W | runtime=in_range | checksum=OK
  relative_error=2.1e-08
[REDUCTION] N=8000000 threads=10 rep=1 batches=2319 time=1.001 s | package=140.633 J | dram=1.298832 | total=141.932 J | power=141.8 W | runtime=in_range | checksum=OK
  relative_error=1.6e-07
[REDUCTION] N=8000000 threads=10 rep=2 batches=2319 time=1.004 s | package=140.947 J | dram=1.321583 | total=142.269 J | power=141.7 W | runtime=in_range | checksum=OK
  relative_error=1.6e-07
[REDUCTION] N=8000000 threads=10 rep=3 batches=2319 time=1.004 s | package=141.099 J | dram=1.332156 | total=142.431 J | power=141.8 W | runtime=in_range | checksum=OK
  relative_error=1.6e-07
[REDUCTION] N=8000000 threads=10 rep=4 batches=2319 time=1.003 s | package=140.595 J | dram=1.305733 | total=141.901 J | power=141.4 W | runtime=in_range | checksum=OK
  relative_error=1.6e-07
[REDUCTION] N=8000000 threads=10 rep=5 batches=2319 time=1.004 s | package=140.975 J | dram=1.321277 | total=142.296 J | power=141.8 W | runtime=in_range | checksum=OK
  relative_error=1.6e-07
[REDUCTION] N=8000000 threads=10 rep=6 batches=2319 time=1.003 s | package=141.054 J | dram=1.308058 | total=142.363 J | power=142.0 W | runtime=in_range | checksum=OK
  relative_error=1.6e-07
[REDUCTION] N=8000000 threads=10 rep=7 batches=2319 time=1.003 s | package=140.945 J | dram=1.314744 | total=142.260 J | power=141.9 W | runtime=in_range | checksum=OK
  relative_error=1.6e-07
[REDUCTION] N=8000000 threads=10 rep=8 batches=2319 time=1.002 s | package=140.766 J | dram=1.316198 | total=142.082 J | power=141.9 W | runtime=in_range | checksum=OK
  relative_error=1.6e-07
[REDUCTION] N=8000000 threads=10 rep=9 batches=2319 time=1.003 s | package=140.667 J | dram=1.304539 | total=141.972 J | power=141.6 W | runtime=in_range | checksum=OK
  relative_error=1.6e-07
[REDUCTION] N=8000000 threads=10 rep=10 batches=2319 time=1.003 s | package=141.400 J | dram=1.325852 | total=142.726 J | power=142.2 W | runtime=in_range | checksum=OK
  relative_error=1.6e-07
[REDUCTION] N=1000000 threads=1 rep=1 batches=6831 time=1.003 s | package=54.516 J | dram=0.000000 | total=54.516 J | power=54.4 W | runtime=in_range | checksum=OK
  relative_error=1.4e-07
[REDUCTION] N=1000000 threads=1 rep=2 batches=6831 time=1.001 s | package=54.004 J | dram=0.000414 | total=54.004 J | power=54.0 W | runtime=in_range | checksum=OK
  relative_error=1.4e-07
[REDUCTION] N=1000000 threads=1 rep=3 batches=6831 time=1.001 s | package=52.847 J | dram=0.000000 | total=52.847 J | power=52.8 W | runtime=in_range | checksum=OK
  relative_error=1.4e-07
[REDUCTION] N=1000000 threads=1 rep=4 batches=6831 time=1.001 s | package=52.783 J | dram=0.000000 | total=52.783 J | power=52.7 W | runtime=in_range | checksum=OK
  relative_error=1.4e-07
[REDUCTION] N=1000000 threads=1 rep=5 batches=6831 time=1.001 s | package=53.950 J | dram=0.000000 | total=53.950 J | power=53.9 W | runtime=in_range | checksum=OK
  relative_error=1.4e-07
[REDUCTION] N=1000000 threads=1 rep=6 batches=6831 time=1.000 s | package=53.906 J | dram=0.000030 | total=53.906 J | power=53.9 W | runtime=in_range | checksum=OK
  relative_error=1.4e-07
[REDUCTION] N=1000000 threads=1 rep=7 batches=6831 time=1.000 s | package=52.278 J | dram=0.000061 | total=52.278 J | power=52.3 W | runtime=in_range | checksum=OK
  relative_error=1.4e-07
[REDUCTION] N=1000000 threads=1 rep=8 batches=6831 time=1.001 s | package=52.462 J | dram=0.000000 | total=52.462 J | power=52.4 W | runtime=in_range | checksum=OK
  relative_error=1.4e-07
[REDUCTION] N=1000000 threads=1 rep=9 batches=6831 time=1.001 s | package=52.476 J | dram=0.000000 | total=52.476 J | power=52.4 W | runtime=in_range | checksum=OK
  relative_error=1.4e-07
[REDUCTION] N=1000000 threads=1 rep=10 batches=6831 time=1.001 s | package=52.386 J | dram=0.000000 | total=52.386 J | power=52.3 W | runtime=in_range | checksum=OK
  relative_error=1.4e-07
[REDUCTION] N=128000000 threads=1 rep=1 batches=32 time=1.020 s | package=52.010 J | dram=0.420229 | total=52.430 J | power=51.4 W | runtime=in_range | checksum=OK
  relative_error=3.9e-09
[REDUCTION] N=128000000 threads=1 rep=2 batches=32 time=1.025 s | package=52.780 J | dram=0.423978 | total=53.204 J | power=51.9 W | runtime=in_range | checksum=OK
  relative_error=3.9e-09
[REDUCTION] N=128000000 threads=1 rep=3 batches=32 time=1.026 s | package=52.673 J | dram=0.432486 | total=53.105 J | power=51.8 W | runtime=in_range | checksum=OK
  relative_error=3.9e-09
[REDUCTION] N=128000000 threads=1 rep=4 batches=32 time=1.025 s | package=52.581 J | dram=0.415900 | total=52.997 J | power=51.7 W | runtime=in_range | checksum=OK
  relative_error=3.9e-09
[REDUCTION] N=128000000 threads=1 rep=5 batches=32 time=1.028 s | package=51.040 J | dram=0.418593 | total=51.458 J | power=50.1 W | runtime=in_range | checksum=OK
  relative_error=3.9e-09
[REDUCTION] N=128000000 threads=1 rep=6 batches=32 time=1.024 s | package=51.068 J | dram=0.409703 | total=51.478 J | power=50.3 W | runtime=in_range | checksum=OK
  relative_error=3.9e-09
[REDUCTION] N=128000000 threads=1 rep=7 batches=32 time=1.027 s | package=51.068 J | dram=0.422387 | total=51.490 J | power=50.1 W | runtime=in_range | checksum=OK
  relative_error=3.9e-09
[REDUCTION] N=128000000 threads=1 rep=8 batches=32 time=1.025 s | package=50.952 J | dram=0.421776 | total=51.373 J | power=50.1 W | runtime=in_range | checksum=OK
  relative_error=3.9e-09
[REDUCTION] N=128000000 threads=1 rep=9 batches=32 time=1.027 s | package=50.956 J | dram=0.411983 | total=51.368 J | power=50.0 W | runtime=in_range | checksum=OK
  relative_error=3.9e-09
[REDUCTION] N=128000000 threads=1 rep=10 batches=32 time=1.024 s | package=50.769 J | dram=0.418945 | total=51.188 J | power=50.0 W | runtime=in_range | checksum=OK
  relative_error=3.9e-09
[REDUCTION] N=256000000 threads=2 rep=1 batches=28 time=1.013 s | package=64.244 J | dram=0.856770 | total=65.101 J | power=64.3 W | runtime=in_range | checksum=OK
  relative_error=3.5e-09
[REDUCTION] N=256000000 threads=2 rep=2 batches=28 time=1.007 s | package=65.846 J | dram=0.866133 | total=66.712 J | power=66.3 W | runtime=in_range | checksum=OK
  relative_error=3.5e-09
[REDUCTION] N=256000000 threads=2 rep=3 batches=28 time=1.007 s | package=66.144 J | dram=0.854887 | total=66.999 J | power=66.5 W | runtime=in_range | checksum=OK
  relative_error=3.5e-09
[REDUCTION] N=256000000 threads=2 rep=4 batches=28 time=1.007 s | package=65.783 J | dram=0.874227 | total=66.658 J | power=66.2 W | runtime=in_range | checksum=OK
  relative_error=3.5e-09
[REDUCTION] N=256000000 threads=2 rep=5 batches=28 time=1.007 s | package=65.085 J | dram=0.884034 | total=65.969 J | power=65.5 W | runtime=in_range | checksum=OK
  relative_error=3.5e-09
[REDUCTION] N=256000000 threads=2 rep=6 batches=28 time=1.006 s | package=65.961 J | dram=0.872621 | total=66.834 J | power=66.4 W | runtime=in_range | checksum=OK
  relative_error=3.5e-09
[REDUCTION] N=256000000 threads=2 rep=7 batches=28 time=1.006 s | package=65.092 J | dram=0.870631 | total=65.963 J | power=65.6 W | runtime=in_range | checksum=OK
  relative_error=3.5e-09
[REDUCTION] N=256000000 threads=2 rep=8 batches=28 time=1.007 s | package=66.478 J | dram=0.855439 | total=67.334 J | power=66.9 W | runtime=in_range | checksum=OK
  relative_error=3.5e-09
[REDUCTION] N=256000000 threads=2 rep=9 batches=28 time=1.007 s | package=65.535 J | dram=0.869453 | total=66.404 J | power=66.0 W | runtime=in_range | checksum=OK
  relative_error=3.5e-09
[REDUCTION] N=256000000 threads=2 rep=10 batches=28 time=1.007 s | package=65.790 J | dram=0.875834 | total=66.666 J | power=66.2 W | runtime=in_range | checksum=OK
  relative_error=3.5e-09
[REDUCTION] N=4000000 threads=4 rep=1 batches=5284 time=1.004 s | package=90.309 J | dram=0.465823 | total=90.775 J | power=90.4 W | runtime=in_range | checksum=OK
  relative_error=4.5e-08
[REDUCTION] N=4000000 threads=4 rep=2 batches=5284 time=1.002 s | package=90.165 J | dram=0.481170 | total=90.647 J | power=90.5 W | runtime=in_range | checksum=OK
  relative_error=4.5e-08
[REDUCTION] N=4000000 threads=4 rep=3 batches=5284 time=1.001 s | package=90.090 J | dram=0.482685 | total=90.573 J | power=90.5 W | runtime=in_range | checksum=OK
  relative_error=4.5e-08
[REDUCTION] N=4000000 threads=4 rep=4 batches=5284 time=1.011 s | package=90.513 J | dram=0.464707 | total=90.977 J | power=89.9 W | runtime=in_range | checksum=OK
  relative_error=4.5e-08
[REDUCTION] N=4000000 threads=4 rep=5 batches=5284 time=1.010 s | package=90.527 J | dram=0.472326 | total=90.999 J | power=90.1 W | runtime=in_range | checksum=OK
  relative_error=4.5e-08
[REDUCTION] N=4000000 threads=4 rep=6 batches=5284 time=1.005 s | package=90.333 J | dram=0.464539 | total=90.798 J | power=90.3 W | runtime=in_range | checksum=OK
  relative_error=4.5e-08
[REDUCTION] N=4000000 threads=4 rep=7 batches=5284 time=1.005 s | package=90.510 J | dram=0.468241 | total=90.978 J | power=90.5 W | runtime=in_range | checksum=OK
  relative_error=4.5e-08
[REDUCTION] N=4000000 threads=4 rep=8 batches=5284 time=1.004 s | package=90.498 J | dram=0.471806 | total=90.970 J | power=90.6 W | runtime=in_range | checksum=OK
  relative_error=4.5e-08
[REDUCTION] N=4000000 threads=4 rep=9 batches=5284 time=1.004 s | package=90.362 J | dram=0.461387 | total=90.823 J | power=90.5 W | runtime=in_range | checksum=OK
  relative_error=4.5e-08
[REDUCTION] N=4000000 threads=4 rep=10 batches=5284 time=1.001 s | package=90.297 J | dram=0.461846 | total=90.759 J | power=90.6 W | runtime=in_range | checksum=OK
  relative_error=4.5e-08
[REDUCTION] N=256000000 threads=20 rep=1 batches=39 time=1.026 s | package=137.210 J | dram=1.646969 | total=138.857 J | power=135.3 W | runtime=in_range | checksum=OK
  relative_error=3.5e-09
[REDUCTION] N=256000000 threads=20 rep=2 batches=39 time=1.024 s | package=137.092 J | dram=1.661320 | total=138.753 J | power=135.5 W | runtime=in_range | checksum=OK
  relative_error=3.5e-09
[REDUCTION] N=256000000 threads=20 rep=3 batches=39 time=1.024 s | package=137.546 J | dram=1.639655 | total=139.186 J | power=136.0 W | runtime=in_range | checksum=OK
  relative_error=3.5e-09
[REDUCTION] N=256000000 threads=20 rep=4 batches=39 time=1.024 s | package=137.221 J | dram=1.680292 | total=138.902 J | power=135.7 W | runtime=in_range | checksum=OK
  relative_error=3.5e-09
[REDUCTION] N=256000000 threads=20 rep=5 batches=39 time=1.024 s | package=137.284 J | dram=1.689365 | total=138.974 J | power=135.7 W | runtime=in_range | checksum=OK
  relative_error=3.5e-09
[REDUCTION] N=256000000 threads=20 rep=6 batches=39 time=1.023 s | package=137.305 J | dram=1.687560 | total=138.993 J | power=135.9 W | runtime=in_range | checksum=OK
  relative_error=3.5e-09
[REDUCTION] N=256000000 threads=20 rep=7 batches=39 time=1.023 s | package=137.545 J | dram=1.665543 | total=139.211 J | power=136.0 W | runtime=in_range | checksum=OK
  relative_error=3.5e-09
[REDUCTION] N=256000000 threads=20 rep=8 batches=39 time=1.022 s | package=137.341 J | dram=1.708964 | total=139.050 J | power=136.1 W | runtime=in_range | checksum=OK
  relative_error=3.5e-09
[REDUCTION] N=256000000 threads=20 rep=9 batches=39 time=1.023 s | package=137.732 J | dram=1.701819 | total=139.434 J | power=136.2 W | runtime=in_range | checksum=OK
  relative_error=3.5e-09
[REDUCTION] N=256000000 threads=20 rep=10 batches=39 time=1.022 s | package=137.443 J | dram=1.700197 | total=139.144 J | power=136.2 W | runtime=in_range | checksum=OK
  relative_error=3.5e-09
[REDUCTION] N=32000000 threads=16 rep=1 batches=324 time=1.001 s | package=124.320 J | dram=1.370758 | total=125.691 J | power=125.6 W | runtime=in_range | checksum=OK
  relative_error=3.4e-08
[REDUCTION] N=32000000 threads=16 rep=2 batches=324 time=1.001 s | package=124.440 J | dram=1.371706 | total=125.812 J | power=125.7 W | runtime=in_range | checksum=OK
  relative_error=3.4e-08
[REDUCTION] N=32000000 threads=16 rep=3 batches=324 time=1.000 s | package=124.758 J | dram=1.369044 | total=126.127 J | power=126.1 W | runtime=in_range | checksum=OK
  relative_error=3.4e-08
[REDUCTION] N=32000000 threads=16 rep=4 batches=324 time=1.000 s | package=124.619 J | dram=1.365372 | total=125.984 J | power=126.0 W | runtime=in_range | checksum=OK
  relative_error=3.4e-08
[REDUCTION] N=32000000 threads=16 rep=5 batches=324 time=1.001 s | package=124.728 J | dram=1.357646 | total=126.086 J | power=126.0 W | runtime=in_range | checksum=OK
  relative_error=3.4e-08
[REDUCTION] N=32000000 threads=16 rep=6 batches=324 time=1.001 s | package=124.944 J | dram=1.343737 | total=126.287 J | power=126.1 W | runtime=in_range | checksum=OK
  relative_error=3.4e-08
[REDUCTION] N=32000000 threads=16 rep=7 batches=324 time=1.002 s | package=124.929 J | dram=1.331742 | total=126.261 J | power=126.0 W | runtime=in_range | checksum=OK
  relative_error=3.4e-08
[REDUCTION] N=32000000 threads=16 rep=8 batches=324 time=1.003 s | package=124.935 J | dram=1.314454 | total=126.249 J | power=125.8 W | runtime=in_range | checksum=OK
  relative_error=3.4e-08
[REDUCTION] N=32000000 threads=16 rep=9 batches=324 time=1.002 s | package=124.791 J | dram=1.322211 | total=126.114 J | power=125.8 W | runtime=in_range | checksum=OK
  relative_error=3.4e-08
[REDUCTION] N=32000000 threads=16 rep=10 batches=324 time=1.002 s | package=124.873 J | dram=1.360736 | total=126.234 J | power=126.0 W | runtime=in_range | checksum=OK
  relative_error=3.4e-08
[REDUCTION] N=16000000 threads=16 rep=1 batches=755 time=1.001 s | package=125.259 J | dram=1.452612 | total=126.711 J | power=126.6 W | runtime=in_range | checksum=OK
  relative_error=4.0e-08
[REDUCTION] N=16000000 threads=16 rep=2 batches=755 time=1.006 s | package=125.754 J | dram=1.457524 | total=127.212 J | power=126.5 W | runtime=in_range | checksum=OK
  relative_error=4.0e-08
[REDUCTION] N=16000000 threads=16 rep=3 batches=755 time=1.002 s | package=125.512 J | dram=1.431682 | total=126.944 J | power=126.7 W | runtime=in_range | checksum=OK
  relative_error=4.0e-08
[REDUCTION] N=16000000 threads=16 rep=4 batches=755 time=1.002 s | package=125.308 J | dram=1.464424 | total=126.773 J | power=126.6 W | runtime=in_range | checksum=OK
  relative_error=4.0e-08
[REDUCTION] N=16000000 threads=16 rep=5 batches=755 time=1.002 s | package=125.378 J | dram=1.429525 | total=126.807 J | power=126.6 W | runtime=in_range | checksum=OK
  relative_error=4.0e-08
[REDUCTION] N=16000000 threads=16 rep=6 batches=755 time=1.003 s | package=125.577 J | dram=1.461533 | total=127.038 J | power=126.6 W | runtime=in_range | checksum=OK
  relative_error=4.0e-08
[REDUCTION] N=16000000 threads=16 rep=7 batches=755 time=1.006 s | package=125.478 J | dram=1.455917 | total=126.934 J | power=126.2 W | runtime=in_range | checksum=OK
  relative_error=4.0e-08
[REDUCTION] N=16000000 threads=16 rep=8 batches=755 time=1.004 s | package=125.540 J | dram=1.458717 | total=126.999 J | power=126.5 W | runtime=in_range | checksum=OK
  relative_error=4.0e-08
[REDUCTION] N=16000000 threads=16 rep=9 batches=755 time=1.005 s | package=125.574 J | dram=1.472227 | total=127.046 J | power=126.4 W | runtime=in_range | checksum=OK
  relative_error=4.0e-08
[REDUCTION] N=16000000 threads=16 rep=10 batches=755 time=1.002 s | package=125.487 J | dram=1.476083 | total=126.963 J | power=126.7 W | runtime=in_range | checksum=OK
  relative_error=4.0e-08
[REDUCTION] N=1000000 threads=10 rep=1 batches=70071 time=1.001 s | package=150.001 J | dram=0.000000 | total=150.001 J | power=149.9 W | runtime=in_range | checksum=OK
  relative_error=1.4e-07
[REDUCTION] N=1000000 threads=10 rep=2 batches=70071 time=1.004 s | package=150.533 J | dram=0.000091 | total=150.533 J | power=149.9 W | runtime=in_range | checksum=OK
  relative_error=1.4e-07
[REDUCTION] N=1000000 threads=10 rep=3 batches=70071 time=1.003 s | package=150.331 J | dram=0.000000 | total=150.331 J | power=149.9 W | runtime=in_range | checksum=OK
  relative_error=1.4e-07
[REDUCTION] N=1000000 threads=10 rep=4 batches=70071 time=1.004 s | package=150.391 J | dram=0.000000 | total=150.391 J | power=149.7 W | runtime=in_range | checksum=OK
  relative_error=1.4e-07
[REDUCTION] N=1000000 threads=10 rep=5 batches=70071 time=1.002 s | package=150.350 J | dram=0.000000 | total=150.350 J | power=150.1 W | runtime=in_range | checksum=OK
  relative_error=1.4e-07
[REDUCTION] N=1000000 threads=10 rep=6 batches=70071 time=1.003 s | package=150.480 J | dram=0.000000 | total=150.480 J | power=150.1 W | runtime=in_range | checksum=OK
  relative_error=1.4e-07
[REDUCTION] N=1000000 threads=10 rep=7 batches=70071 time=1.002 s | package=150.459 J | dram=0.000000 | total=150.459 J | power=150.1 W | runtime=in_range | checksum=OK
  relative_error=1.4e-07
[REDUCTION] N=1000000 threads=10 rep=8 batches=70071 time=1.005 s | package=151.165 J | dram=0.000000 | total=151.165 J | power=150.5 W | runtime=in_range | checksum=OK
  relative_error=1.4e-07
[REDUCTION] N=1000000 threads=10 rep=9 batches=70071 time=1.004 s | package=151.230 J | dram=0.000000 | total=151.230 J | power=150.6 W | runtime=in_range | checksum=OK
  relative_error=1.4e-07
[REDUCTION] N=1000000 threads=10 rep=10 batches=70071 time=1.002 s | package=151.080 J | dram=0.000000 | total=151.080 J | power=150.7 W | runtime=in_range | checksum=OK
  relative_error=1.4e-07
[REDUCTION] N=8000000 threads=2 rep=1 batches=1141 time=0.999 s | package=68.070 J | dram=0.709691 | total=68.780 J | power=68.8 W | runtime=in_range | checksum=OK
  relative_error=1.6e-07
[REDUCTION] N=8000000 threads=2 rep=2 batches=1141 time=0.998 s | package=68.305 J | dram=0.717616 | total=69.023 J | power=69.2 W | runtime=in_range | checksum=OK
  relative_error=1.6e-07
[REDUCTION] N=8000000 threads=2 rep=3 batches=1141 time=0.999 s | package=69.105 J | dram=0.709292 | total=69.815 J | power=69.9 W | runtime=in_range | checksum=OK
  relative_error=1.6e-07
[REDUCTION] N=8000000 threads=2 rep=4 batches=1141 time=0.999 s | package=68.135 J | dram=0.716942 | total=68.852 J | power=68.9 W | runtime=in_range | checksum=OK
  relative_error=1.6e-07
[REDUCTION] N=8000000 threads=2 rep=5 batches=1141 time=0.999 s | package=67.698 J | dram=0.708987 | total=68.407 J | power=68.5 W | runtime=in_range | checksum=OK
  relative_error=1.6e-07
[REDUCTION] N=8000000 threads=2 rep=6 batches=1141 time=1.000 s | package=68.122 J | dram=0.716086 | total=68.838 J | power=68.9 W | runtime=in_range | checksum=OK
  relative_error=1.6e-07
[REDUCTION] N=8000000 threads=2 rep=7 batches=1141 time=1.000 s | package=67.683 J | dram=0.705376 | total=68.388 J | power=68.4 W | runtime=in_range | checksum=OK
  relative_error=1.6e-07
[REDUCTION] N=8000000 threads=2 rep=8 batches=1141 time=1.000 s | package=68.208 J | dram=0.695859 | total=68.904 J | power=68.9 W | runtime=in_range | checksum=OK
  relative_error=1.6e-07
[REDUCTION] N=8000000 threads=2 rep=9 batches=1141 time=1.000 s | package=68.030 J | dram=0.688974 | total=68.719 J | power=68.7 W | runtime=in_range | checksum=OK
  relative_error=1.6e-07
[REDUCTION] N=8000000 threads=2 rep=10 batches=1141 time=1.000 s | package=68.086 J | dram=0.705620 | total=68.791 J | power=68.8 W | runtime=in_range | checksum=OK
  relative_error=1.6e-07
[REDUCTION] N=64000000 threads=4 rep=1 batches=160 time=1.002 s | package=82.240 J | dram=1.098494 | total=83.339 J | power=83.1 W | runtime=in_range | checksum=OK
  relative_error=2.1e-08
[REDUCTION] N=64000000 threads=4 rep=2 batches=160 time=1.011 s | package=82.937 J | dram=1.114329 | total=84.051 J | power=83.1 W | runtime=in_range | checksum=OK
  relative_error=2.1e-08
[REDUCTION] N=64000000 threads=4 rep=3 batches=160 time=1.009 s | package=83.019 J | dram=1.079537 | total=84.099 J | power=83.4 W | runtime=in_range | checksum=OK
  relative_error=2.1e-08
[REDUCTION] N=64000000 threads=4 rep=4 batches=160 time=1.006 s | package=82.930 J | dram=1.107628 | total=84.038 J | power=83.5 W | runtime=in_range | checksum=OK
  relative_error=2.1e-08
[REDUCTION] N=64000000 threads=4 rep=5 batches=160 time=1.002 s | package=82.195 J | dram=1.125422 | total=83.321 J | power=83.1 W | runtime=in_range | checksum=OK
  relative_error=2.1e-08
[REDUCTION] N=64000000 threads=4 rep=6 batches=160 time=1.002 s | package=82.404 J | dram=1.105900 | total=83.510 J | power=83.3 W | runtime=in_range | checksum=OK
  relative_error=2.1e-08
[REDUCTION] N=64000000 threads=4 rep=7 batches=160 time=1.002 s | package=82.251 J | dram=1.115232 | total=83.367 J | power=83.2 W | runtime=in_range | checksum=OK
  relative_error=2.1e-08
[REDUCTION] N=64000000 threads=4 rep=8 batches=160 time=1.002 s | package=82.173 J | dram=1.116640 | total=83.290 J | power=83.2 W | runtime=in_range | checksum=OK
  relative_error=2.1e-08
[REDUCTION] N=64000000 threads=4 rep=9 batches=160 time=1.002 s | package=82.359 J | dram=1.118996 | total=83.478 J | power=83.3 W | runtime=in_range | checksum=OK
  relative_error=2.1e-08
[REDUCTION] N=64000000 threads=4 rep=10 batches=160 time=1.001 s | package=82.263 J | dram=1.117727 | total=83.381 J | power=83.3 W | runtime=in_range | checksum=OK
  relative_error=2.1e-08
[REDUCTION] N=2000000 threads=4 rep=1 batches=12717 time=1.008 s | package=95.149 J | dram=0.000000 | total=95.149 J | power=94.4 W | runtime=in_range | checksum=OK
  relative_error=5.8e-08
[REDUCTION] N=2000000 threads=4 rep=2 batches=12717 time=1.005 s | package=95.536 J | dram=0.000535 | total=95.537 J | power=95.1 W | runtime=in_range | checksum=OK
  relative_error=5.8e-08
[REDUCTION] N=2000000 threads=4 rep=3 batches=12717 time=1.008 s | package=95.159 J | dram=0.000031 | total=95.159 J | power=94.4 W | runtime=in_range | checksum=OK
  relative_error=5.8e-08
[REDUCTION] N=2000000 threads=4 rep=4 batches=12717 time=1.008 s | package=95.273 J | dram=0.000137 | total=95.274 J | power=94.5 W | runtime=in_range | checksum=OK
  relative_error=5.8e-08
[REDUCTION] N=2000000 threads=4 rep=5 batches=12717 time=1.009 s | package=95.302 J | dram=0.000031 | total=95.302 J | power=94.5 W | runtime=in_range | checksum=OK
  relative_error=5.8e-08
[REDUCTION] N=2000000 threads=4 rep=6 batches=12717 time=1.008 s | package=95.181 J | dram=0.000000 | total=95.181 J | power=94.4 W | runtime=in_range | checksum=OK
  relative_error=5.8e-08
[REDUCTION] N=2000000 threads=4 rep=7 batches=12717 time=1.009 s | package=95.199 J | dram=0.000107 | total=95.199 J | power=94.3 W | runtime=in_range | checksum=OK
  relative_error=5.8e-08
[REDUCTION] N=2000000 threads=4 rep=8 batches=12717 time=1.008 s | package=95.381 J | dram=0.000000 | total=95.381 J | power=94.6 W | runtime=in_range | checksum=OK
  relative_error=5.8e-08
[REDUCTION] N=2000000 threads=4 rep=9 batches=12717 time=1.009 s | package=95.192 J | dram=0.000230 | total=95.192 J | power=94.4 W | runtime=in_range | checksum=OK
  relative_error=5.8e-08
[REDUCTION] N=2000000 threads=4 rep=10 batches=12717 time=1.006 s | package=95.237 J | dram=0.000122 | total=95.237 J | power=94.7 W | runtime=in_range | checksum=OK
  relative_error=5.8e-08
[REDUCTION] N=4000000 threads=2 rep=1 batches=2653 time=1.001 s | package=67.735 J | dram=0.143957 | total=67.879 J | power=67.8 W | runtime=in_range | checksum=OK
  relative_error=4.5e-08
[REDUCTION] N=4000000 threads=2 rep=2 batches=2653 time=1.001 s | package=68.307 J | dram=0.132345 | total=68.439 J | power=68.3 W | runtime=in_range | checksum=OK
  relative_error=4.5e-08
[REDUCTION] N=4000000 threads=2 rep=3 batches=2653 time=1.000 s | package=67.375 J | dram=0.147768 | total=67.523 J | power=67.5 W | runtime=in_range | checksum=OK
  relative_error=4.5e-08
[REDUCTION] N=4000000 threads=2 rep=4 batches=2653 time=1.001 s | package=67.940 J | dram=0.135129 | total=68.075 J | power=68.0 W | runtime=in_range | checksum=OK
  relative_error=4.5e-08
[REDUCTION] N=4000000 threads=2 rep=5 batches=2653 time=1.001 s | package=68.442 J | dram=0.132528 | total=68.574 J | power=68.5 W | runtime=in_range | checksum=OK
  relative_error=4.5e-08
[REDUCTION] N=4000000 threads=2 rep=6 batches=2653 time=1.001 s | package=68.271 J | dram=0.139230 | total=68.410 J | power=68.3 W | runtime=in_range | checksum=OK
  relative_error=4.5e-08
[REDUCTION] N=4000000 threads=2 rep=7 batches=2653 time=1.004 s | package=67.835 J | dram=0.134518 | total=67.970 J | power=67.7 W | runtime=in_range | checksum=OK
  relative_error=4.5e-08
[REDUCTION] N=4000000 threads=2 rep=8 batches=2653 time=1.008 s | package=66.863 J | dram=0.132651 | total=66.996 J | power=66.5 W | runtime=in_range | checksum=OK
  relative_error=4.5e-08
[REDUCTION] N=4000000 threads=2 rep=9 batches=2653 time=1.010 s | package=66.482 J | dram=0.146405 | total=66.628 J | power=66.0 W | runtime=in_range | checksum=OK
  relative_error=4.5e-08
[REDUCTION] N=4000000 threads=2 rep=10 batches=2653 time=1.011 s | package=66.081 J | dram=0.152954 | total=66.233 J | power=65.5 W | runtime=in_range | checksum=OK
  relative_error=4.5e-08
[REDUCTION] N=32000000 threads=10 rep=1 batches=334 time=1.001 s | package=131.582 J | dram=1.261929 | total=132.844 J | power=132.7 W | runtime=in_range | checksum=OK
  relative_error=3.4e-08
[REDUCTION] N=32000000 threads=10 rep=2 batches=334 time=1.004 s | package=132.265 J | dram=1.245848 | total=133.511 J | power=132.9 W | runtime=in_range | checksum=OK
  relative_error=3.4e-08
[REDUCTION] N=32000000 threads=10 rep=3 batches=334 time=1.003 s | package=132.424 J | dram=1.247134 | total=133.671 J | power=133.2 W | runtime=in_range | checksum=OK
  relative_error=3.4e-08
[REDUCTION] N=32000000 threads=10 rep=4 batches=334 time=1.004 s | package=132.299 J | dram=1.239636 | total=133.539 J | power=133.0 W | runtime=in_range | checksum=OK
  relative_error=3.4e-08
[REDUCTION] N=32000000 threads=10 rep=5 batches=334 time=1.004 s | package=132.199 J | dram=1.261806 | total=133.461 J | power=132.9 W | runtime=in_range | checksum=OK
  relative_error=3.4e-08
[REDUCTION] N=32000000 threads=10 rep=6 batches=334 time=1.003 s | package=132.488 J | dram=1.269747 | total=133.758 J | power=133.3 W | runtime=in_range | checksum=OK
  relative_error=3.4e-08
[REDUCTION] N=32000000 threads=10 rep=7 batches=334 time=1.003 s | package=133.168 J | dram=1.271843 | total=134.440 J | power=134.0 W | runtime=in_range | checksum=OK
  relative_error=3.4e-08
[REDUCTION] N=32000000 threads=10 rep=8 batches=334 time=1.003 s | package=132.777 J | dram=1.266197 | total=134.043 J | power=133.7 W | runtime=in_range | checksum=OK
  relative_error=3.4e-08
[REDUCTION] N=32000000 threads=10 rep=9 batches=334 time=1.004 s | package=132.501 J | dram=1.259481 | total=133.761 J | power=133.3 W | runtime=in_range | checksum=OK
  relative_error=3.4e-08
[REDUCTION] N=32000000 threads=10 rep=10 batches=334 time=1.004 s | package=132.181 J | dram=1.266855 | total=133.448 J | power=133.0 W | runtime=in_range | checksum=OK
  relative_error=3.4e-08
[REDUCTION] N=32000000 threads=20 rep=1 batches=329 time=1.002 s | package=136.538 J | dram=1.692104 | total=138.230 J | power=138.0 W | runtime=in_range | checksum=OK
  relative_error=3.4e-08
[REDUCTION] N=32000000 threads=20 rep=2 batches=329 time=1.006 s | package=137.113 J | dram=1.715023 | total=138.828 J | power=138.0 W | runtime=in_range | checksum=OK
  relative_error=3.4e-08
[REDUCTION] N=32000000 threads=20 rep=3 batches=329 time=1.007 s | package=137.140 J | dram=1.710219 | total=138.850 J | power=137.9 W | runtime=in_range | checksum=OK
  relative_error=3.4e-08
[REDUCTION] N=32000000 threads=20 rep=4 batches=329 time=1.004 s | package=137.091 J | dram=1.722903 | total=138.814 J | power=138.2 W | runtime=in_range | checksum=OK
  relative_error=3.4e-08
[REDUCTION] N=32000000 threads=20 rep=5 batches=329 time=1.006 s | package=137.329 J | dram=1.707663 | total=139.036 J | power=138.2 W | runtime=in_range | checksum=OK
  relative_error=3.4e-08
[REDUCTION] N=32000000 threads=20 rep=6 batches=329 time=1.007 s | package=137.384 J | dram=1.699723 | total=139.084 J | power=138.1 W | runtime=in_range | checksum=OK
  relative_error=3.4e-08
[REDUCTION] N=32000000 threads=20 rep=7 batches=329 time=1.005 s | package=137.135 J | dram=1.722076 | total=138.857 J | power=138.2 W | runtime=in_range | checksum=OK
  relative_error=3.4e-08
[REDUCTION] N=32000000 threads=20 rep=8 batches=329 time=1.006 s | package=137.422 J | dram=1.728487 | total=139.151 J | power=138.3 W | runtime=in_range | checksum=OK
  relative_error=3.4e-08
[REDUCTION] N=32000000 threads=20 rep=9 batches=329 time=1.006 s | package=137.574 J | dram=1.710188 | total=139.284 J | power=138.5 W | runtime=in_range | checksum=OK
  relative_error=3.4e-08
[REDUCTION] N=32000000 threads=20 rep=10 batches=329 time=1.006 s | package=137.833 J | dram=1.713661 | total=139.547 J | power=138.8 W | runtime=in_range | checksum=OK
  relative_error=3.4e-08
[REDUCTION] N=64000000 threads=1 rep=1 batches=63 time=1.001 s | package=51.266 J | dram=0.438728 | total=51.705 J | power=51.7 W | runtime=in_range | checksum=OK
  relative_error=2.1e-08
[REDUCTION] N=64000000 threads=1 rep=2 batches=63 time=1.004 s | package=51.466 J | dram=0.421698 | total=51.888 J | power=51.7 W | runtime=in_range | checksum=OK
  relative_error=2.1e-08
[REDUCTION] N=64000000 threads=1 rep=3 batches=63 time=1.004 s | package=51.270 J | dram=0.429869 | total=51.700 J | power=51.5 W | runtime=in_range | checksum=OK
  relative_error=2.1e-08
[REDUCTION] N=64000000 threads=1 rep=4 batches=63 time=1.008 s | package=51.046 J | dram=0.428874 | total=51.475 J | power=51.1 W | runtime=in_range | checksum=OK
  relative_error=2.1e-08
[REDUCTION] N=64000000 threads=1 rep=5 batches=63 time=1.008 s | package=50.099 J | dram=0.411478 | total=50.510 J | power=50.1 W | runtime=in_range | checksum=OK
  relative_error=2.1e-08
[REDUCTION] N=64000000 threads=1 rep=6 batches=63 time=1.007 s | package=50.006 J | dram=0.413528 | total=50.420 J | power=50.1 W | runtime=in_range | checksum=OK
  relative_error=2.1e-08
[REDUCTION] N=64000000 threads=1 rep=7 batches=63 time=1.004 s | package=49.710 J | dram=0.412167 | total=50.122 J | power=49.9 W | runtime=in_range | checksum=OK
  relative_error=2.1e-08
[REDUCTION] N=64000000 threads=1 rep=8 batches=63 time=1.005 s | package=49.853 J | dram=0.419755 | total=50.272 J | power=50.0 W | runtime=in_range | checksum=OK
  relative_error=2.1e-08
[REDUCTION] N=64000000 threads=1 rep=9 batches=63 time=1.003 s | package=49.619 J | dram=0.419159 | total=50.038 J | power=49.9 W | runtime=in_range | checksum=OK
  relative_error=2.1e-08
[REDUCTION] N=64000000 threads=1 rep=10 batches=63 time=1.007 s | package=50.032 J | dram=0.440518 | total=50.473 J | power=50.1 W | runtime=in_range | checksum=OK
  relative_error=2.1e-08
[REDUCTION] N=16000000 threads=2 rep=1 batches=488 time=1.000 s | package=66.187 J | dram=0.797038 | total=66.984 J | power=67.0 W | runtime=in_range | checksum=OK
  relative_error=4.0e-08
[REDUCTION] N=16000000 threads=2 rep=2 batches=488 time=1.001 s | package=65.040 J | dram=0.798599 | total=65.839 J | power=65.8 W | runtime=in_range | checksum=OK
  relative_error=4.0e-08
[REDUCTION] N=16000000 threads=2 rep=3 batches=488 time=0.999 s | package=64.779 J | dram=0.801628 | total=65.581 J | power=65.6 W | runtime=in_range | checksum=OK
  relative_error=4.0e-08
[REDUCTION] N=16000000 threads=2 rep=4 batches=488 time=0.999 s | package=64.661 J | dram=0.805101 | total=65.466 J | power=65.5 W | runtime=in_range | checksum=OK
  relative_error=4.0e-08
[REDUCTION] N=16000000 threads=2 rep=5 batches=488 time=0.998 s | package=64.553 J | dram=0.811114 | total=65.364 J | power=65.5 W | runtime=in_range | checksum=OK
  relative_error=4.0e-08
[REDUCTION] N=16000000 threads=2 rep=6 batches=488 time=0.998 s | package=64.691 J | dram=0.803464 | total=65.495 J | power=65.6 W | runtime=in_range | checksum=OK
  relative_error=4.0e-08
[REDUCTION] N=16000000 threads=2 rep=7 batches=488 time=0.995 s | package=64.501 J | dram=0.814618 | total=65.315 J | power=65.6 W | runtime=in_range | checksum=OK
  relative_error=4.0e-08
[REDUCTION] N=16000000 threads=2 rep=8 batches=488 time=0.994 s | package=64.215 J | dram=0.808743 | total=65.024 J | power=65.4 W | runtime=in_range | checksum=OK
  relative_error=4.0e-08
[REDUCTION] N=16000000 threads=2 rep=9 batches=488 time=0.993 s | package=63.665 J | dram=0.805805 | total=64.471 J | power=64.9 W | runtime=in_range | checksum=OK
  relative_error=4.0e-08
[REDUCTION] N=16000000 threads=2 rep=10 batches=488 time=0.995 s | package=64.141 J | dram=0.810258 | total=64.952 J | power=65.3 W | runtime=in_range | checksum=OK
  relative_error=4.0e-08
[REDUCTION] N=128000000 threads=4 rep=1 batches=78 time=0.999 s | package=81.376 J | dram=1.097392 | total=82.473 J | power=82.6 W | runtime=in_range | checksum=OK
  relative_error=3.9e-09
[REDUCTION] N=128000000 threads=4 rep=2 batches=78 time=0.999 s | package=81.617 J | dram=1.087800 | total=82.705 J | power=82.8 W | runtime=in_range | checksum=OK
  relative_error=3.9e-09
[REDUCTION] N=128000000 threads=4 rep=3 batches=78 time=0.997 s | package=81.704 J | dram=1.083010 | total=82.787 J | power=83.0 W | runtime=in_range | checksum=OK
  relative_error=3.9e-09
[REDUCTION] N=128000000 threads=4 rep=4 batches=78 time=0.995 s | package=81.649 J | dram=1.070098 | total=82.719 J | power=83.1 W | runtime=in_range | checksum=OK
  relative_error=3.9e-09
[REDUCTION] N=128000000 threads=4 rep=5 batches=78 time=0.995 s | package=81.885 J | dram=1.070847 | total=82.956 J | power=83.4 W | runtime=in_range | checksum=OK
  relative_error=3.9e-09
[REDUCTION] N=128000000 threads=4 rep=6 batches=78 time=0.995 s | package=81.778 J | dram=1.060918 | total=82.839 J | power=83.3 W | runtime=in_range | checksum=OK
  relative_error=3.9e-09
[REDUCTION] N=128000000 threads=4 rep=7 batches=78 time=0.994 s | package=81.926 J | dram=1.067297 | total=82.993 J | power=83.5 W | runtime=in_range | checksum=OK
  relative_error=3.9e-09
[REDUCTION] N=128000000 threads=4 rep=8 batches=78 time=0.999 s | package=81.814 J | dram=1.073708 | total=82.888 J | power=83.0 W | runtime=in_range | checksum=OK
  relative_error=3.9e-09
[REDUCTION] N=128000000 threads=4 rep=9 batches=78 time=1.000 s | package=81.484 J | dram=1.078267 | total=82.563 J | power=82.6 W | runtime=in_range | checksum=OK
  relative_error=3.9e-09
[REDUCTION] N=128000000 threads=4 rep=10 batches=78 time=1.005 s | package=81.408 J | dram=1.065889 | total=82.474 J | power=82.1 W | runtime=in_range | checksum=OK
  relative_error=3.9e-09
[REDUCTION] N=128000000 threads=20 rep=1 batches=77 time=1.007 s | package=135.394 J | dram=1.719169 | total=137.113 J | power=136.2 W | runtime=in_range | checksum=OK
  relative_error=3.9e-09
[REDUCTION] N=128000000 threads=20 rep=2 batches=77 time=1.009 s | package=136.118 J | dram=1.710494 | total=137.829 J | power=136.6 W | runtime=in_range | checksum=OK
  relative_error=3.9e-09
[REDUCTION] N=128000000 threads=20 rep=3 batches=77 time=1.009 s | package=136.110 J | dram=1.679113 | total=137.789 J | power=136.6 W | runtime=in_range | checksum=OK
  relative_error=3.9e-09
[REDUCTION] N=128000000 threads=20 rep=4 batches=77 time=1.011 s | package=136.104 J | dram=1.690389 | total=137.795 J | power=136.3 W | runtime=in_range | checksum=OK
  relative_error=3.9e-09
[REDUCTION] N=128000000 threads=20 rep=5 batches=77 time=1.010 s | package=136.266 J | dram=1.679619 | total=137.946 J | power=136.6 W | runtime=in_range | checksum=OK
  relative_error=3.9e-09
[REDUCTION] N=128000000 threads=20 rep=6 batches=77 time=1.011 s | package=136.317 J | dram=1.636672 | total=137.954 J | power=136.4 W | runtime=in_range | checksum=OK
  relative_error=3.9e-09
[REDUCTION] N=128000000 threads=20 rep=7 batches=77 time=1.009 s | package=136.403 J | dram=1.645439 | total=138.049 J | power=136.8 W | runtime=in_range | checksum=OK
  relative_error=3.9e-09
[REDUCTION] N=128000000 threads=20 rep=8 batches=77 time=1.009 s | package=136.441 J | dram=1.668159 | total=138.109 J | power=136.8 W | runtime=in_range | checksum=OK
  relative_error=3.9e-09
[REDUCTION] N=128000000 threads=20 rep=9 batches=77 time=1.010 s | package=136.429 J | dram=1.685249 | total=138.114 J | power=136.8 W | runtime=in_range | checksum=OK
  relative_error=3.9e-09
[REDUCTION] N=128000000 threads=20 rep=10 batches=77 time=1.009 s | package=136.683 J | dram=1.687009 | total=138.370 J | power=137.1 W | runtime=in_range | checksum=OK
  relative_error=3.9e-09
[REDUCTION] N=256000000 threads=8 rep=1 batches=39 time=1.003 s | package=117.089 J | dram=1.156496 | total=118.246 J | power=117.9 W | runtime=in_range | checksum=OK
  relative_error=3.5e-09
[REDUCTION] N=256000000 threads=8 rep=2 batches=39 time=1.004 s | package=112.734 J | dram=1.150208 | total=113.884 J | power=113.4 W | runtime=in_range | checksum=OK
  relative_error=3.5e-09
[REDUCTION] N=256000000 threads=8 rep=3 batches=39 time=1.004 s | package=112.548 J | dram=1.179661 | total=113.728 J | power=113.3 W | runtime=in_range | checksum=OK
  relative_error=3.5e-09
[REDUCTION] N=256000000 threads=8 rep=4 batches=39 time=1.004 s | package=112.357 J | dram=1.177167 | total=113.534 J | power=113.0 W | runtime=in_range | checksum=OK
  relative_error=3.5e-09
[REDUCTION] N=256000000 threads=8 rep=5 batches=39 time=1.004 s | package=112.491 J | dram=1.183164 | total=113.674 J | power=113.2 W | runtime=in_range | checksum=OK
  relative_error=3.5e-09
[REDUCTION] N=256000000 threads=8 rep=6 batches=39 time=1.004 s | package=112.222 J | dram=1.200469 | total=113.423 J | power=112.9 W | runtime=in_range | checksum=OK
  relative_error=3.5e-09
[REDUCTION] N=256000000 threads=8 rep=7 batches=39 time=1.004 s | package=112.660 J | dram=1.198005 | total=113.858 J | power=113.4 W | runtime=in_range | checksum=OK
  relative_error=3.5e-09
[REDUCTION] N=256000000 threads=8 rep=8 batches=39 time=1.005 s | package=112.447 J | dram=1.201172 | total=113.649 J | power=113.1 W | runtime=in_range | checksum=OK
  relative_error=3.5e-09
[REDUCTION] N=256000000 threads=8 rep=9 batches=39 time=1.004 s | package=112.688 J | dram=1.184985 | total=113.873 J | power=113.4 W | runtime=in_range | checksum=OK
  relative_error=3.5e-09
[REDUCTION] N=256000000 threads=8 rep=10 batches=39 time=1.005 s | package=112.348 J | dram=1.192222 | total=113.540 J | power=113.0 W | runtime=in_range | checksum=OK
  relative_error=3.5e-09
[REDUCTION] N=256000000 threads=16 rep=1 batches=39 time=1.020 s | package=123.814 J | dram=1.449491 | total=125.263 J | power=122.8 W | runtime=in_range | checksum=OK
  relative_error=3.5e-09
[REDUCTION] N=256000000 threads=16 rep=2 batches=39 time=1.022 s | package=123.679 J | dram=1.448757 | total=125.128 J | power=122.4 W | runtime=in_range | checksum=OK
  relative_error=3.5e-09
[REDUCTION] N=256000000 threads=16 rep=3 batches=39 time=1.022 s | package=123.760 J | dram=1.469703 | total=125.229 J | power=122.5 W | runtime=in_range | checksum=OK
  relative_error=3.5e-09
[REDUCTION] N=256000000 threads=16 rep=4 batches=39 time=1.023 s | package=123.824 J | dram=1.436777 | total=125.260 J | power=122.5 W | runtime=in_range | checksum=OK
  relative_error=3.5e-09
[REDUCTION] N=256000000 threads=16 rep=5 batches=39 time=1.022 s | package=124.108 J | dram=1.419289 | total=125.527 J | power=122.8 W | runtime=in_range | checksum=OK
  relative_error=3.5e-09
[REDUCTION] N=256000000 threads=16 rep=6 batches=39 time=1.024 s | package=123.910 J | dram=1.445115 | total=125.355 J | power=122.4 W | runtime=in_range | checksum=OK
  relative_error=3.5e-09
[REDUCTION] N=256000000 threads=16 rep=7 batches=39 time=1.021 s | package=123.873 J | dram=1.443050 | total=125.316 J | power=122.7 W | runtime=in_range | checksum=OK
  relative_error=3.5e-09
[REDUCTION] N=256000000 threads=16 rep=8 batches=39 time=1.024 s | package=124.168 J | dram=1.431560 | total=125.600 J | power=122.7 W | runtime=in_range | checksum=OK
  relative_error=3.5e-09
[REDUCTION] N=256000000 threads=16 rep=9 batches=39 time=1.021 s | package=124.368 J | dram=1.443739 | total=125.812 J | power=123.3 W | runtime=in_range | checksum=OK
  relative_error=3.5e-09
[REDUCTION] N=256000000 threads=16 rep=10 batches=39 time=1.021 s | package=124.146 J | dram=1.459437 | total=125.605 J | power=123.1 W | runtime=in_range | checksum=OK
  relative_error=3.5e-09
[REDUCTION] N=128000000 threads=10 rep=1 batches=78 time=1.012 s | package=133.230 J | dram=1.261898 | total=134.492 J | power=132.9 W | runtime=in_range | checksum=OK
  relative_error=3.9e-09
[REDUCTION] N=128000000 threads=10 rep=2 batches=78 time=1.014 s | package=133.466 J | dram=1.271935 | total=134.738 J | power=132.9 W | runtime=in_range | checksum=OK
  relative_error=3.9e-09
[REDUCTION] N=128000000 threads=10 rep=3 batches=78 time=1.014 s | package=133.539 J | dram=1.271216 | total=134.811 J | power=132.9 W | runtime=in_range | checksum=OK
  relative_error=3.9e-09
[REDUCTION] N=128000000 threads=10 rep=4 batches=78 time=1.015 s | package=133.840 J | dram=1.277198 | total=135.117 J | power=133.1 W | runtime=in_range | checksum=OK
  relative_error=3.9e-09
[REDUCTION] N=128000000 threads=10 rep=5 batches=78 time=1.013 s | package=133.291 J | dram=1.281850 | total=134.573 J | power=132.8 W | runtime=in_range | checksum=OK
  relative_error=3.9e-09
[REDUCTION] N=128000000 threads=10 rep=6 batches=78 time=1.014 s | package=133.414 J | dram=1.291274 | total=134.705 J | power=132.9 W | runtime=in_range | checksum=OK
  relative_error=3.9e-09
[REDUCTION] N=128000000 threads=10 rep=7 batches=78 time=1.014 s | package=133.135 J | dram=1.290004 | total=134.425 J | power=132.6 W | runtime=in_range | checksum=OK
  relative_error=3.9e-09
[REDUCTION] N=128000000 threads=10 rep=8 batches=78 time=1.014 s | package=133.602 J | dram=1.286730 | total=134.888 J | power=133.0 W | runtime=in_range | checksum=OK
  relative_error=3.9e-09
[REDUCTION] N=128000000 threads=10 rep=9 batches=78 time=1.014 s | package=133.324 J | dram=1.291779 | total=134.616 J | power=132.8 W | runtime=in_range | checksum=OK
  relative_error=3.9e-09
[REDUCTION] N=128000000 threads=10 rep=10 batches=78 time=1.014 s | package=133.819 J | dram=1.303789 | total=135.122 J | power=133.3 W | runtime=in_range | checksum=OK
  relative_error=3.9e-09
[REDUCTION] N=256000000 threads=4 rep=1 batches=39 time=1.004 s | package=82.232 J | dram=1.112570 | total=83.345 J | power=83.0 W | runtime=in_range | checksum=OK
  relative_error=3.5e-09
[REDUCTION] N=256000000 threads=4 rep=2 batches=39 time=1.005 s | package=82.596 J | dram=1.102702 | total=83.699 J | power=83.3 W | runtime=in_range | checksum=OK
  relative_error=3.5e-09
[REDUCTION] N=256000000 threads=4 rep=3 batches=39 time=1.005 s | package=82.903 J | dram=1.120786 | total=84.024 J | power=83.6 W | runtime=in_range | checksum=OK
  relative_error=3.5e-09
[REDUCTION] N=256000000 threads=4 rep=4 batches=39 time=1.005 s | package=82.428 J | dram=1.103971 | total=83.532 J | power=83.1 W | runtime=in_range | checksum=OK
  relative_error=3.5e-09
[REDUCTION] N=256000000 threads=4 rep=5 batches=39 time=1.009 s | package=82.925 J | dram=1.106817 | total=84.032 J | power=83.2 W | runtime=in_range | checksum=OK
  relative_error=3.5e-09
[REDUCTION] N=256000000 threads=4 rep=6 batches=39 time=1.008 s | package=83.215 J | dram=1.109158 | total=84.324 J | power=83.7 W | runtime=in_range | checksum=OK
  relative_error=3.5e-09
[REDUCTION] N=256000000 threads=4 rep=7 batches=39 time=1.007 s | package=83.284 J | dram=1.107169 | total=84.391 J | power=83.8 W | runtime=in_range | checksum=OK
  relative_error=3.5e-09
[REDUCTION] N=256000000 threads=4 rep=8 batches=39 time=1.009 s | package=82.867 J | dram=1.102916 | total=83.970 J | power=83.2 W | runtime=in_range | checksum=OK
  relative_error=3.5e-09
[REDUCTION] N=256000000 threads=4 rep=9 batches=39 time=1.009 s | package=82.990 J | dram=1.092298 | total=84.083 J | power=83.3 W | runtime=in_range | checksum=OK
  relative_error=3.5e-09
[REDUCTION] N=256000000 threads=4 rep=10 batches=39 time=1.008 s | package=82.968 J | dram=1.080119 | total=84.049 J | power=83.3 W | runtime=in_range | checksum=OK
  relative_error=3.5e-09
[REDUCTION] N=64000000 threads=10 rep=1 batches=157 time=1.001 s | package=131.393 J | dram=1.272577 | total=132.666 J | power=132.6 W | runtime=in_range | checksum=OK
  relative_error=2.1e-08
[REDUCTION] N=64000000 threads=10 rep=2 batches=157 time=1.003 s | package=131.664 J | dram=1.264239 | total=132.928 J | power=132.6 W | runtime=in_range | checksum=OK
  relative_error=2.1e-08
[REDUCTION] N=64000000 threads=10 rep=3 batches=157 time=1.002 s | package=131.665 J | dram=1.277581 | total=132.943 J | power=132.6 W | runtime=in_range | checksum=OK
  relative_error=2.1e-08
[REDUCTION] N=64000000 threads=10 rep=4 batches=157 time=1.002 s | package=131.860 J | dram=1.275515 | total=133.136 J | power=132.8 W | runtime=in_range | checksum=OK
  relative_error=2.1e-08
[REDUCTION] N=64000000 threads=10 rep=5 batches=157 time=1.003 s | package=132.197 J | dram=1.269028 | total=133.466 J | power=133.1 W | runtime=in_range | checksum=OK
  relative_error=2.1e-08
[REDUCTION] N=64000000 threads=10 rep=6 batches=157 time=1.003 s | package=132.135 J | dram=1.259741 | total=133.395 J | power=133.0 W | runtime=in_range | checksum=OK
  relative_error=2.1e-08
[REDUCTION] N=64000000 threads=10 rep=7 batches=157 time=1.003 s | package=132.507 J | dram=1.271843 | total=133.779 J | power=133.4 W | runtime=in_range | checksum=OK
  relative_error=2.1e-08
[REDUCTION] N=64000000 threads=10 rep=8 batches=157 time=1.003 s | package=132.796 J | dram=1.271568 | total=134.068 J | power=133.6 W | runtime=in_range | checksum=OK
  relative_error=2.1e-08
[REDUCTION] N=64000000 threads=10 rep=9 batches=157 time=1.002 s | package=132.591 J | dram=1.277856 | total=133.869 J | power=133.5 W | runtime=in_range | checksum=OK
  relative_error=2.1e-08
[REDUCTION] N=64000000 threads=10 rep=10 batches=157 time=1.002 s | package=132.226 J | dram=1.271874 | total=133.498 J | power=133.2 W | runtime=in_range | checksum=OK
  relative_error=2.1e-08
