STREAM | AMD Ryzen Threadripper 3970X 32-Core Processor | platform=AMD | session=stream_amd_20260721_095517_session2 | reps=10 | configs=81 | DRAM-RAPL=no
[OpenMP] requested=32 active=32
[STREAM] N=16000000 threads=32 rep=1 batches=270 time=1.007 s | package=156.801 J | dram=NA | total=156.801 J | power=155.7 W | runtime=in_range | checksum=OK
[STREAM] N=16000000 threads=32 rep=2 batches=270 time=1.004 s | package=156.117 J | dram=NA | total=156.117 J | power=155.5 W | runtime=in_range | checksum=OK
[STREAM] N=16000000 threads=32 rep=3 batches=270 time=1.004 s | package=156.351 J | dram=NA | total=156.351 J | power=155.7 W | runtime=in_range | checksum=OK
[STREAM] N=16000000 threads=32 rep=4 batches=270 time=1.004 s | package=156.268 J | dram=NA | total=156.268 J | power=155.7 W | runtime=in_range | checksum=OK
[STREAM] N=16000000 threads=32 rep=5 batches=270 time=1.003 s | package=156.296 J | dram=NA | total=156.296 J | power=155.8 W | runtime=in_range | checksum=OK
[STREAM] N=16000000 threads=32 rep=6 batches=270 time=1.004 s | package=156.336 J | dram=NA | total=156.336 J | power=155.7 W | runtime=in_range | checksum=OK
[STREAM] N=16000000 threads=32 rep=7 batches=270 time=1.004 s | package=156.358 J | dram=NA | total=156.358 J | power=155.7 W | runtime=in_range | checksum=OK
[STREAM] N=16000000 threads=32 rep=8 batches=270 time=1.003 s | package=156.231 J | dram=NA | total=156.231 J | power=155.8 W | runtime=in_range | checksum=OK
[STREAM] N=16000000 threads=32 rep=9 batches=270 time=1.004 s | package=156.230 J | dram=NA | total=156.230 J | power=155.6 W | runtime=in_range | checksum=OK
[STREAM] N=16000000 threads=32 rep=10 batches=270 time=1.003 s | package=156.295 J | dram=NA | total=156.295 J | power=155.8 W | runtime=in_range | checksum=OK
[OpenMP] requested=8 active=8
[STREAM] N=16000000 threads=8 rep=1 batches=258 time=1.003 s | package=126.121 J | dram=NA | total=126.121 J | power=125.7 W | runtime=in_range | checksum=OK
[STREAM] N=16000000 threads=8 rep=2 batches=258 time=1.005 s | package=126.201 J | dram=NA | total=126.201 J | power=125.6 W | runtime=in_range | checksum=OK
[STREAM] N=16000000 threads=8 rep=3 batches=258 time=1.003 s | package=125.840 J | dram=NA | total=125.840 J | power=125.4 W | runtime=in_range | checksum=OK
[STREAM] N=16000000 threads=8 rep=4 batches=258 time=1.003 s | package=125.766 J | dram=NA | total=125.766 J | power=125.4 W | runtime=in_range | checksum=OK
[STREAM] N=16000000 threads=8 rep=5 batches=258 time=1.005 s | package=125.975 J | dram=NA | total=125.975 J | power=125.4 W | runtime=in_range | checksum=OK
[STREAM] N=16000000 threads=8 rep=6 batches=258 time=1.003 s | package=125.808 J | dram=NA | total=125.808 J | power=125.4 W | runtime=in_range | checksum=OK
[STREAM] N=16000000 threads=8 rep=7 batches=258 time=1.003 s | package=125.558 J | dram=NA | total=125.558 J | power=125.2 W | runtime=in_range | checksum=OK
[STREAM] N=16000000 threads=8 rep=8 batches=258 time=1.003 s | package=125.608 J | dram=NA | total=125.608 J | power=125.3 W | runtime=in_range | checksum=OK
[STREAM] N=16000000 threads=8 rep=9 batches=258 time=1.003 s | package=125.637 J | dram=NA | total=125.637 J | power=125.3 W | runtime=in_range | checksum=OK
[STREAM] N=16000000 threads=8 rep=10 batches=258 time=1.003 s | package=125.602 J | dram=NA | total=125.602 J | power=125.3 W | runtime=in_range | checksum=OK
[OpenMP] requested=64 active=64
[STREAM] N=2000000 threads=64 rep=1 batches=100000 time=2.104 s | package=462.204 J | dram=NA | total=462.204 J | power=219.7 W | runtime=above | checksum=OK
[STREAM] N=2000000 threads=64 rep=2 batches=100000 time=2.114 s | package=468.093 J | dram=NA | total=468.093 J | power=221.4 W | runtime=above | checksum=OK
[STREAM] N=2000000 threads=64 rep=3 batches=100000 time=2.148 s | package=470.710 J | dram=NA | total=470.710 J | power=219.2 W | runtime=above | checksum=OK
[STREAM] N=2000000 threads=64 rep=4 batches=100000 time=2.451 s | package=534.073 J | dram=NA | total=534.073 J | power=217.9 W | runtime=above | checksum=OK
[STREAM] N=2000000 threads=64 rep=5 batches=100000 time=2.986 s | package=647.305 J | dram=NA | total=647.305 J | power=216.8 W | runtime=above | checksum=OK
[STREAM] N=2000000 threads=64 rep=6 batches=100000 time=2.865 s | package=614.609 J | dram=NA | total=614.609 J | power=214.5 W | runtime=above | checksum=OK
[STREAM] N=2000000 threads=64 rep=7 batches=100000 time=2.680 s | package=600.841 J | dram=NA | total=600.841 J | power=224.2 W | runtime=above | checksum=OK
[STREAM] N=2000000 threads=64 rep=8 batches=100000 time=2.168 s | package=481.358 J | dram=NA | total=481.358 J | power=222.0 W | runtime=above | checksum=OK
[STREAM] N=2000000 threads=64 rep=9 batches=100000 time=2.256 s | package=487.453 J | dram=NA | total=487.453 J | power=216.1 W | runtime=above | checksum=OK
[STREAM] N=2000000 threads=64 rep=10 batches=100000 time=2.652 s | package=588.818 J | dram=NA | total=588.818 J | power=222.0 W | runtime=above | checksum=OK
[OpenMP] requested=16 active=16
[STREAM] N=128000000 threads=16 rep=1 batches=27 time=1.032 s | package=142.051 J | dram=NA | total=142.051 J | power=137.6 W | runtime=in_range | checksum=OK
[STREAM] N=128000000 threads=16 rep=2 batches=27 time=1.033 s | package=141.915 J | dram=NA | total=141.915 J | power=137.4 W | runtime=in_range | checksum=OK
[STREAM] N=128000000 threads=16 rep=3 batches=27 time=1.033 s | package=141.643 J | dram=NA | total=141.643 J | power=137.1 W | runtime=in_range | checksum=OK
[STREAM] N=128000000 threads=16 rep=4 batches=27 time=1.032 s | package=141.509 J | dram=NA | total=141.509 J | power=137.1 W | runtime=in_range | checksum=OK
[STREAM] N=128000000 threads=16 rep=5 batches=27 time=1.033 s | package=141.275 J | dram=NA | total=141.275 J | power=136.8 W | runtime=in_range | checksum=OK
[STREAM] N=128000000 threads=16 rep=6 batches=27 time=1.032 s | package=141.318 J | dram=NA | total=141.318 J | power=136.9 W | runtime=in_range | checksum=OK
[STREAM] N=128000000 threads=16 rep=7 batches=27 time=1.032 s | package=141.121 J | dram=NA | total=141.121 J | power=136.7 W | runtime=in_range | checksum=OK
[STREAM] N=128000000 threads=16 rep=8 batches=27 time=1.033 s | package=141.200 J | dram=NA | total=141.200 J | power=136.7 W | runtime=in_range | checksum=OK
[STREAM] N=128000000 threads=16 rep=9 batches=27 time=1.032 s | package=140.975 J | dram=NA | total=140.975 J | power=136.6 W | runtime=in_range | checksum=OK
[STREAM] N=128000000 threads=16 rep=10 batches=27 time=1.032 s | package=141.128 J | dram=NA | total=141.128 J | power=136.7 W | runtime=in_range | checksum=OK
[OpenMP] requested=1 active=1
[STREAM] N=32000000 threads=1 rep=1 batches=55 time=1.001 s | package=75.619 J | dram=NA | total=75.619 J | power=75.5 W | runtime=in_range | checksum=OK
[STREAM] N=32000000 threads=1 rep=2 batches=55 time=1.002 s | package=75.522 J | dram=NA | total=75.522 J | power=75.3 W | runtime=in_range | checksum=OK
[STREAM] N=32000000 threads=1 rep=3 batches=55 time=1.000 s | package=75.288 J | dram=NA | total=75.288 J | power=75.3 W | runtime=in_range | checksum=OK
[STREAM] N=32000000 threads=1 rep=4 batches=55 time=1.005 s | package=75.507 J | dram=NA | total=75.507 J | power=75.2 W | runtime=in_range | checksum=OK
[STREAM] N=32000000 threads=1 rep=5 batches=55 time=1.005 s | package=75.462 J | dram=NA | total=75.462 J | power=75.1 W | runtime=in_range | checksum=OK
[STREAM] N=32000000 threads=1 rep=6 batches=55 time=1.004 s | package=75.298 J | dram=NA | total=75.298 J | power=75.0 W | runtime=in_range | checksum=OK
[STREAM] N=32000000 threads=1 rep=7 batches=55 time=1.003 s | package=75.209 J | dram=NA | total=75.209 J | power=75.0 W | runtime=in_range | checksum=OK
[STREAM] N=32000000 threads=1 rep=8 batches=55 time=1.005 s | package=75.272 J | dram=NA | total=75.272 J | power=74.9 W | runtime=in_range | checksum=OK
[STREAM] N=32000000 threads=1 rep=9 batches=55 time=1.004 s | package=75.191 J | dram=NA | total=75.191 J | power=74.9 W | runtime=in_range | checksum=OK
[STREAM] N=32000000 threads=1 rep=10 batches=55 time=1.004 s | package=75.137 J | dram=NA | total=75.137 J | power=74.8 W | runtime=in_range | checksum=OK
[OpenMP] requested=2 active=2
[STREAM] N=64000000 threads=2 rep=1 batches=44 time=0.998 s | package=82.121 J | dram=NA | total=82.121 J | power=82.3 W | runtime=in_range | checksum=OK
[STREAM] N=64000000 threads=2 rep=2 batches=44 time=1.000 s | package=82.269 J | dram=NA | total=82.269 J | power=82.3 W | runtime=in_range | checksum=OK
[STREAM] N=64000000 threads=2 rep=3 batches=44 time=1.000 s | package=82.304 J | dram=NA | total=82.304 J | power=82.3 W | runtime=in_range | checksum=OK
[STREAM] N=64000000 threads=2 rep=4 batches=44 time=0.999 s | package=82.241 J | dram=NA | total=82.241 J | power=82.3 W | runtime=in_range | checksum=OK
[STREAM] N=64000000 threads=2 rep=5 batches=44 time=0.999 s | package=82.157 J | dram=NA | total=82.157 J | power=82.3 W | runtime=in_range | checksum=OK
[STREAM] N=64000000 threads=2 rep=6 batches=44 time=1.000 s | package=82.349 J | dram=NA | total=82.349 J | power=82.3 W | runtime=in_range | checksum=OK
[STREAM] N=64000000 threads=2 rep=7 batches=44 time=0.996 s | package=82.016 J | dram=NA | total=82.016 J | power=82.4 W | runtime=in_range | checksum=OK
[STREAM] N=64000000 threads=2 rep=8 batches=44 time=0.999 s | package=82.204 J | dram=NA | total=82.204 J | power=82.3 W | runtime=in_range | checksum=OK
[STREAM] N=64000000 threads=2 rep=9 batches=44 time=0.997 s | package=82.047 J | dram=NA | total=82.047 J | power=82.3 W | runtime=in_range | checksum=OK
[STREAM] N=64000000 threads=2 rep=10 batches=44 time=0.997 s | package=82.093 J | dram=NA | total=82.093 J | power=82.3 W | runtime=in_range | checksum=OK
[OpenMP] requested=4 active=4
[STREAM] N=8000000 threads=4 rep=1 batches=552 time=1.000 s | package=91.079 J | dram=NA | total=91.079 J | power=91.0 W | runtime=in_range | checksum=OK
[STREAM] N=8000000 threads=4 rep=2 batches=552 time=1.002 s | package=91.233 J | dram=NA | total=91.233 J | power=91.0 W | runtime=in_range | checksum=OK
[STREAM] N=8000000 threads=4 rep=3 batches=552 time=1.002 s | package=91.262 J | dram=NA | total=91.262 J | power=91.0 W | runtime=in_range | checksum=OK
[STREAM] N=8000000 threads=4 rep=4 batches=552 time=1.001 s | package=90.358 J | dram=NA | total=90.358 J | power=90.3 W | runtime=in_range | checksum=OK
[STREAM] N=8000000 threads=4 rep=5 batches=552 time=1.001 s | package=90.200 J | dram=NA | total=90.200 J | power=90.1 W | runtime=in_range | checksum=OK
[STREAM] N=8000000 threads=4 rep=6 batches=552 time=1.003 s | package=90.299 J | dram=NA | total=90.299 J | power=90.0 W | runtime=in_range | checksum=OK
[STREAM] N=8000000 threads=4 rep=7 batches=552 time=1.001 s | package=90.197 J | dram=NA | total=90.197 J | power=90.1 W | runtime=in_range | checksum=OK
[STREAM] N=8000000 threads=4 rep=8 batches=552 time=1.003 s | package=90.323 J | dram=NA | total=90.323 J | power=90.0 W | runtime=in_range | checksum=OK
[STREAM] N=8000000 threads=4 rep=9 batches=552 time=1.002 s | package=90.221 J | dram=NA | total=90.221 J | power=90.0 W | runtime=in_range | checksum=OK
[STREAM] N=8000000 threads=4 rep=10 batches=552 time=1.002 s | package=90.215 J | dram=NA | total=90.215 J | power=90.1 W | runtime=in_range | checksum=OK
[OpenMP] requested=32 active=32
[STREAM] N=4000000 threads=32 rep=1 batches=45520 time=1.014 s | package=290.887 J | dram=NA | total=290.887 J | power=286.9 W | runtime=in_range | checksum=OK
[STREAM] N=4000000 threads=32 rep=2 batches=45520 time=1.018 s | package=292.171 J | dram=NA | total=292.171 J | power=287.1 W | runtime=in_range | checksum=OK
[STREAM] N=4000000 threads=32 rep=3 batches=45520 time=1.017 s | package=291.631 J | dram=NA | total=291.631 J | power=286.8 W | runtime=in_range | checksum=OK
[STREAM] N=4000000 threads=32 rep=4 batches=45520 time=1.019 s | package=292.334 J | dram=NA | total=292.334 J | power=287.0 W | runtime=in_range | checksum=OK
[STREAM] N=4000000 threads=32 rep=5 batches=45520 time=1.019 s | package=292.407 J | dram=NA | total=292.407 J | power=286.9 W | runtime=in_range | checksum=OK
[STREAM] N=4000000 threads=32 rep=6 batches=45520 time=1.022 s | package=293.476 J | dram=NA | total=293.476 J | power=287.1 W | runtime=in_range | checksum=OK
[STREAM] N=4000000 threads=32 rep=7 batches=45520 time=1.021 s | package=292.430 J | dram=NA | total=292.430 J | power=286.5 W | runtime=in_range | checksum=OK
[STREAM] N=4000000 threads=32 rep=8 batches=45520 time=1.022 s | package=292.871 J | dram=NA | total=292.871 J | power=286.6 W | runtime=in_range | checksum=OK
[STREAM] N=4000000 threads=32 rep=9 batches=45520 time=1.018 s | package=292.060 J | dram=NA | total=292.060 J | power=286.9 W | runtime=in_range | checksum=OK
[STREAM] N=4000000 threads=32 rep=10 batches=45520 time=1.019 s | package=292.338 J | dram=NA | total=292.338 J | power=286.9 W | runtime=in_range | checksum=OK
[OpenMP] requested=10 active=10
[STREAM] N=64000000 threads=10 rep=1 batches=53 time=1.015 s | package=132.801 J | dram=NA | total=132.801 J | power=130.8 W | runtime=in_range | checksum=OK
[STREAM] N=64000000 threads=10 rep=2 batches=53 time=1.014 s | package=131.728 J | dram=NA | total=131.728 J | power=129.9 W | runtime=in_range | checksum=OK
[STREAM] N=64000000 threads=10 rep=3 batches=53 time=1.015 s | package=131.467 J | dram=NA | total=131.467 J | power=129.5 W | runtime=in_range | checksum=OK
[STREAM] N=64000000 threads=10 rep=4 batches=53 time=1.015 s | package=130.955 J | dram=NA | total=130.955 J | power=129.0 W | runtime=in_range | checksum=OK
[STREAM] N=64000000 threads=10 rep=5 batches=53 time=1.015 s | package=130.576 J | dram=NA | total=130.576 J | power=128.6 W | runtime=in_range | checksum=OK
[STREAM] N=64000000 threads=10 rep=6 batches=53 time=1.015 s | package=130.293 J | dram=NA | total=130.293 J | power=128.4 W | runtime=in_range | checksum=OK
[STREAM] N=64000000 threads=10 rep=7 batches=53 time=1.015 s | package=130.162 J | dram=NA | total=130.162 J | power=128.2 W | runtime=in_range | checksum=OK
[STREAM] N=64000000 threads=10 rep=8 batches=53 time=1.015 s | package=129.938 J | dram=NA | total=129.938 J | power=128.1 W | runtime=in_range | checksum=OK
[STREAM] N=64000000 threads=10 rep=9 batches=53 time=1.015 s | package=129.956 J | dram=NA | total=129.956 J | power=128.0 W | runtime=in_range | checksum=OK
[STREAM] N=64000000 threads=10 rep=10 batches=53 time=1.015 s | package=129.878 J | dram=NA | total=129.878 J | power=127.9 W | runtime=in_range | checksum=OK
[OpenMP] requested=4 active=4
[STREAM] N=4000000 threads=4 rep=1 batches=4913 time=1.012 s | package=124.225 J | dram=NA | total=124.225 J | power=122.8 W | runtime=in_range | checksum=OK
[STREAM] N=4000000 threads=4 rep=2 batches=4913 time=1.008 s | package=123.586 J | dram=NA | total=123.586 J | power=122.7 W | runtime=in_range | checksum=OK
[STREAM] N=4000000 threads=4 rep=3 batches=4913 time=1.007 s | package=123.605 J | dram=NA | total=123.605 J | power=122.8 W | runtime=in_range | checksum=OK
[STREAM] N=4000000 threads=4 rep=4 batches=4913 time=0.998 s | package=122.682 J | dram=NA | total=122.682 J | power=122.9 W | runtime=in_range | checksum=OK
[STREAM] N=4000000 threads=4 rep=5 batches=4913 time=0.997 s | package=122.584 J | dram=NA | total=122.584 J | power=123.0 W | runtime=in_range | checksum=OK
[STREAM] N=4000000 threads=4 rep=6 batches=4913 time=1.001 s | package=123.020 J | dram=NA | total=123.020 J | power=122.9 W | runtime=in_range | checksum=OK
[STREAM] N=4000000 threads=4 rep=7 batches=4913 time=0.997 s | package=122.970 J | dram=NA | total=122.970 J | power=123.3 W | runtime=in_range | checksum=OK
[STREAM] N=4000000 threads=4 rep=8 batches=4913 time=0.998 s | package=122.609 J | dram=NA | total=122.609 J | power=122.8 W | runtime=in_range | checksum=OK
[STREAM] N=4000000 threads=4 rep=9 batches=4913 time=1.000 s | package=122.894 J | dram=NA | total=122.894 J | power=122.9 W | runtime=in_range | checksum=OK
[STREAM] N=4000000 threads=4 rep=10 batches=4913 time=1.002 s | package=123.400 J | dram=NA | total=123.400 J | power=123.2 W | runtime=in_range | checksum=OK
[OpenMP] requested=16 active=16
[STREAM] N=64000000 threads=16 rep=1 batches=52 time=1.001 s | package=128.100 J | dram=NA | total=128.100 J | power=128.0 W | runtime=in_range | checksum=OK
[STREAM] N=64000000 threads=16 rep=2 batches=52 time=1.001 s | package=128.092 J | dram=NA | total=128.092 J | power=127.9 W | runtime=in_range | checksum=OK
[STREAM] N=64000000 threads=16 rep=3 batches=52 time=1.001 s | package=128.176 J | dram=NA | total=128.176 J | power=128.0 W | runtime=in_range | checksum=OK
[STREAM] N=64000000 threads=16 rep=4 batches=52 time=1.001 s | package=128.115 J | dram=NA | total=128.115 J | power=127.9 W | runtime=in_range | checksum=OK
[STREAM] N=64000000 threads=16 rep=5 batches=52 time=1.002 s | package=128.256 J | dram=NA | total=128.256 J | power=128.0 W | runtime=in_range | checksum=OK
[STREAM] N=64000000 threads=16 rep=6 batches=52 time=1.002 s | package=128.473 J | dram=NA | total=128.473 J | power=128.3 W | runtime=in_range | checksum=OK
[STREAM] N=64000000 threads=16 rep=7 batches=52 time=1.001 s | package=128.219 J | dram=NA | total=128.219 J | power=128.0 W | runtime=in_range | checksum=OK
[STREAM] N=64000000 threads=16 rep=8 batches=52 time=1.001 s | package=128.300 J | dram=NA | total=128.300 J | power=128.1 W | runtime=in_range | checksum=OK
[STREAM] N=64000000 threads=16 rep=9 batches=52 time=1.002 s | package=128.299 J | dram=NA | total=128.299 J | power=128.1 W | runtime=in_range | checksum=OK
[STREAM] N=64000000 threads=16 rep=10 batches=52 time=1.001 s | package=128.234 J | dram=NA | total=128.234 J | power=128.1 W | runtime=in_range | checksum=OK
[OpenMP] requested=2 active=2
[STREAM] N=2000000 threads=2 rep=1 batches=5274 time=1.011 s | package=93.946 J | dram=NA | total=93.946 J | power=92.9 W | runtime=in_range | checksum=OK
[STREAM] N=2000000 threads=2 rep=2 batches=5274 time=1.000 s | package=92.862 J | dram=NA | total=92.862 J | power=92.8 W | runtime=in_range | checksum=OK
[STREAM] N=2000000 threads=2 rep=3 batches=5274 time=1.006 s | package=93.354 J | dram=NA | total=93.354 J | power=92.8 W | runtime=in_range | checksum=OK
[STREAM] N=2000000 threads=2 rep=4 batches=5274 time=1.002 s | package=92.881 J | dram=NA | total=92.881 J | power=92.7 W | runtime=in_range | checksum=OK
[STREAM] N=2000000 threads=2 rep=5 batches=5274 time=1.041 s | package=95.840 J | dram=NA | total=95.840 J | power=92.0 W | runtime=in_range | checksum=OK
[STREAM] N=2000000 threads=2 rep=6 batches=5274 time=1.038 s | package=95.483 J | dram=NA | total=95.483 J | power=92.0 W | runtime=in_range | checksum=OK
[STREAM] N=2000000 threads=2 rep=7 batches=5274 time=0.998 s | package=92.428 J | dram=NA | total=92.428 J | power=92.6 W | runtime=in_range | checksum=OK
[STREAM] N=2000000 threads=2 rep=8 batches=5274 time=1.014 s | package=93.719 J | dram=NA | total=93.719 J | power=92.5 W | runtime=in_range | checksum=OK
[STREAM] N=2000000 threads=2 rep=9 batches=5274 time=1.003 s | package=92.760 J | dram=NA | total=92.760 J | power=92.5 W | runtime=in_range | checksum=OK
[STREAM] N=2000000 threads=2 rep=10 batches=5274 time=1.004 s | package=92.925 J | dram=NA | total=92.925 J | power=92.5 W | runtime=in_range | checksum=OK
[OpenMP] requested=64 active=64
[STREAM] N=32000000 threads=64 rep=1 batches=101 time=1.010 s | package=159.303 J | dram=NA | total=159.303 J | power=157.7 W | runtime=in_range | checksum=OK
[STREAM] N=32000000 threads=64 rep=2 batches=101 time=1.011 s | package=159.616 J | dram=NA | total=159.616 J | power=158.0 W | runtime=in_range | checksum=OK
[STREAM] N=32000000 threads=64 rep=3 batches=101 time=1.010 s | package=159.652 J | dram=NA | total=159.652 J | power=158.1 W | runtime=in_range | checksum=OK
[STREAM] N=32000000 threads=64 rep=4 batches=101 time=1.011 s | package=160.057 J | dram=NA | total=160.057 J | power=158.3 W | runtime=in_range | checksum=OK
[STREAM] N=32000000 threads=64 rep=5 batches=101 time=1.010 s | package=159.989 J | dram=NA | total=159.989 J | power=158.4 W | runtime=in_range | checksum=OK
[STREAM] N=32000000 threads=64 rep=6 batches=101 time=1.009 s | package=160.105 J | dram=NA | total=160.105 J | power=158.6 W | runtime=in_range | checksum=OK
[STREAM] N=32000000 threads=64 rep=7 batches=101 time=1.013 s | package=160.640 J | dram=NA | total=160.640 J | power=158.5 W | runtime=in_range | checksum=OK
[STREAM] N=32000000 threads=64 rep=8 batches=101 time=1.011 s | package=160.236 J | dram=NA | total=160.236 J | power=158.5 W | runtime=in_range | checksum=OK
[STREAM] N=32000000 threads=64 rep=9 batches=101 time=1.011 s | package=160.147 J | dram=NA | total=160.147 J | power=158.4 W | runtime=in_range | checksum=OK
[STREAM] N=32000000 threads=64 rep=10 batches=101 time=1.011 s | package=160.096 J | dram=NA | total=160.096 J | power=158.4 W | runtime=in_range | checksum=OK
[OpenMP] requested=1 active=1
[STREAM] N=16000000 threads=1 rep=1 batches=109 time=0.997 s | package=75.068 J | dram=NA | total=75.068 J | power=75.3 W | runtime=in_range | checksum=OK
[STREAM] N=16000000 threads=1 rep=2 batches=109 time=1.010 s | package=75.791 J | dram=NA | total=75.791 J | power=75.0 W | runtime=in_range | checksum=OK
[STREAM] N=16000000 threads=1 rep=3 batches=109 time=1.003 s | package=75.198 J | dram=NA | total=75.198 J | power=75.0 W | runtime=in_range | checksum=OK
[STREAM] N=16000000 threads=1 rep=4 batches=109 time=1.010 s | package=75.580 J | dram=NA | total=75.580 J | power=74.9 W | runtime=in_range | checksum=OK
[STREAM] N=16000000 threads=1 rep=5 batches=109 time=1.005 s | package=75.127 J | dram=NA | total=75.127 J | power=74.7 W | runtime=in_range | checksum=OK
[STREAM] N=16000000 threads=1 rep=6 batches=109 time=1.002 s | package=74.843 J | dram=NA | total=74.843 J | power=74.7 W | runtime=in_range | checksum=OK
[STREAM] N=16000000 threads=1 rep=7 batches=109 time=0.999 s | package=74.592 J | dram=NA | total=74.592 J | power=74.7 W | runtime=in_range | checksum=OK
[STREAM] N=16000000 threads=1 rep=8 batches=109 time=1.006 s | package=74.994 J | dram=NA | total=74.994 J | power=74.6 W | runtime=in_range | checksum=OK
[STREAM] N=16000000 threads=1 rep=9 batches=109 time=1.002 s | package=74.691 J | dram=NA | total=74.691 J | power=74.5 W | runtime=in_range | checksum=OK
[STREAM] N=16000000 threads=1 rep=10 batches=109 time=1.001 s | package=74.561 J | dram=NA | total=74.561 J | power=74.5 W | runtime=in_range | checksum=OK
[OpenMP] requested=2 active=2
[STREAM] N=8000000 threads=2 rep=1 batches=350 time=1.001 s | package=82.660 J | dram=NA | total=82.660 J | power=82.6 W | runtime=in_range | checksum=OK
[STREAM] N=8000000 threads=2 rep=2 batches=350 time=1.003 s | package=82.463 J | dram=NA | total=82.463 J | power=82.3 W | runtime=in_range | checksum=OK
[STREAM] N=8000000 threads=2 rep=3 batches=350 time=1.001 s | package=82.419 J | dram=NA | total=82.419 J | power=82.3 W | runtime=in_range | checksum=OK
[STREAM] N=8000000 threads=2 rep=4 batches=350 time=1.003 s | package=82.580 J | dram=NA | total=82.580 J | power=82.3 W | runtime=in_range | checksum=OK
[STREAM] N=8000000 threads=2 rep=5 batches=350 time=1.002 s | package=82.471 J | dram=NA | total=82.471 J | power=82.3 W | runtime=in_range | checksum=OK
[STREAM] N=8000000 threads=2 rep=6 batches=350 time=1.000 s | package=82.373 J | dram=NA | total=82.373 J | power=82.4 W | runtime=in_range | checksum=OK
[STREAM] N=8000000 threads=2 rep=7 batches=350 time=1.004 s | package=82.577 J | dram=NA | total=82.577 J | power=82.2 W | runtime=in_range | checksum=OK
[STREAM] N=8000000 threads=2 rep=8 batches=350 time=1.001 s | package=82.395 J | dram=NA | total=82.395 J | power=82.3 W | runtime=in_range | checksum=OK
[STREAM] N=8000000 threads=2 rep=9 batches=350 time=1.000 s | package=82.299 J | dram=NA | total=82.299 J | power=82.3 W | runtime=in_range | checksum=OK
[STREAM] N=8000000 threads=2 rep=10 batches=350 time=1.000 s | package=82.282 J | dram=NA | total=82.282 J | power=82.3 W | runtime=in_range | checksum=OK
[OpenMP] requested=16 active=16
[STREAM] N=16000000 threads=16 rep=1 batches=256 time=1.000 s | package=121.926 J | dram=NA | total=121.926 J | power=121.9 W | runtime=in_range | checksum=OK
[STREAM] N=16000000 threads=16 rep=2 batches=256 time=1.000 s | package=121.896 J | dram=NA | total=121.896 J | power=121.9 W | runtime=in_range | checksum=OK
[STREAM] N=16000000 threads=16 rep=3 batches=256 time=1.000 s | package=122.220 J | dram=NA | total=122.220 J | power=122.2 W | runtime=in_range | checksum=OK
[STREAM] N=16000000 threads=16 rep=4 batches=256 time=1.001 s | package=122.330 J | dram=NA | total=122.330 J | power=122.2 W | runtime=in_range | checksum=OK
[STREAM] N=16000000 threads=16 rep=5 batches=256 time=1.000 s | package=122.445 J | dram=NA | total=122.445 J | power=122.4 W | runtime=in_range | checksum=OK
[STREAM] N=16000000 threads=16 rep=6 batches=256 time=1.000 s | package=122.448 J | dram=NA | total=122.448 J | power=122.4 W | runtime=in_range | checksum=OK
[STREAM] N=16000000 threads=16 rep=7 batches=256 time=0.999 s | package=122.293 J | dram=NA | total=122.293 J | power=122.4 W | runtime=in_range | checksum=OK
[STREAM] N=16000000 threads=16 rep=8 batches=256 time=1.000 s | package=122.344 J | dram=NA | total=122.344 J | power=122.4 W | runtime=in_range | checksum=OK
[STREAM] N=16000000 threads=16 rep=9 batches=256 time=0.999 s | package=122.316 J | dram=NA | total=122.316 J | power=122.4 W | runtime=in_range | checksum=OK
[STREAM] N=16000000 threads=16 rep=10 batches=256 time=1.000 s | package=122.276 J | dram=NA | total=122.276 J | power=122.3 W | runtime=in_range | checksum=OK
[OpenMP] requested=32 active=32
[STREAM] N=1000000 threads=32 rep=1 batches=35774 time=1.011 s | package=180.098 J | dram=NA | total=180.098 J | power=178.2 W | runtime=in_range | checksum=OK
[STREAM] N=1000000 threads=32 rep=2 batches=35774 time=1.008 s | package=179.607 J | dram=NA | total=179.607 J | power=178.2 W | runtime=in_range | checksum=OK
[STREAM] N=1000000 threads=32 rep=3 batches=35774 time=1.007 s | package=179.139 J | dram=NA | total=179.139 J | power=178.0 W | runtime=in_range | checksum=OK
[STREAM] N=1000000 threads=32 rep=4 batches=35774 time=1.013 s | package=180.036 J | dram=NA | total=180.036 J | power=177.6 W | runtime=in_range | checksum=OK
[STREAM] N=1000000 threads=32 rep=5 batches=35774 time=1.016 s | package=180.563 J | dram=NA | total=180.563 J | power=177.7 W | runtime=in_range | checksum=OK
[STREAM] N=1000000 threads=32 rep=6 batches=35774 time=1.005 s | package=179.213 J | dram=NA | total=179.213 J | power=178.2 W | runtime=in_range | checksum=OK
[STREAM] N=1000000 threads=32 rep=7 batches=35774 time=1.004 s | package=179.155 J | dram=NA | total=179.155 J | power=178.4 W | runtime=in_range | checksum=OK
[STREAM] N=1000000 threads=32 rep=8 batches=35774 time=1.001 s | package=178.804 J | dram=NA | total=178.804 J | power=178.7 W | runtime=in_range | checksum=OK
[STREAM] N=1000000 threads=32 rep=9 batches=35774 time=1.005 s | package=179.814 J | dram=NA | total=179.814 J | power=178.9 W | runtime=in_range | checksum=OK
[STREAM] N=1000000 threads=32 rep=10 batches=35774 time=1.003 s | package=179.376 J | dram=NA | total=179.376 J | power=178.9 W | runtime=in_range | checksum=OK
[OpenMP] requested=64 active=64
[STREAM] N=4000000 threads=64 rep=1 batches=15219 time=1.000 s | package=241.248 J | dram=NA | total=241.248 J | power=241.2 W | runtime=in_range | checksum=OK
[STREAM] N=4000000 threads=64 rep=2 batches=15219 time=1.005 s | package=241.753 J | dram=NA | total=241.753 J | power=240.6 W | runtime=in_range | checksum=OK
[STREAM] N=4000000 threads=64 rep=3 batches=15219 time=1.004 s | package=242.084 J | dram=NA | total=242.084 J | power=241.1 W | runtime=in_range | checksum=OK
[STREAM] N=4000000 threads=64 rep=4 batches=15219 time=1.004 s | package=241.980 J | dram=NA | total=241.980 J | power=241.0 W | runtime=in_range | checksum=OK
[STREAM] N=4000000 threads=64 rep=5 batches=15219 time=1.006 s | package=242.101 J | dram=NA | total=242.101 J | power=240.6 W | runtime=in_range | checksum=OK
[STREAM] N=4000000 threads=64 rep=6 batches=15219 time=1.009 s | package=242.321 J | dram=NA | total=242.321 J | power=240.1 W | runtime=in_range | checksum=OK
[STREAM] N=4000000 threads=64 rep=7 batches=15219 time=1.008 s | package=242.301 J | dram=NA | total=242.301 J | power=240.4 W | runtime=in_range | checksum=OK
[STREAM] N=4000000 threads=64 rep=8 batches=15219 time=1.008 s | package=242.436 J | dram=NA | total=242.436 J | power=240.4 W | runtime=in_range | checksum=OK
[STREAM] N=4000000 threads=64 rep=9 batches=15219 time=1.006 s | package=242.130 J | dram=NA | total=242.130 J | power=240.7 W | runtime=in_range | checksum=OK
[STREAM] N=4000000 threads=64 rep=10 batches=15219 time=1.010 s | package=242.618 J | dram=NA | total=242.618 J | power=240.2 W | runtime=in_range | checksum=OK
[OpenMP] requested=8 active=8
[STREAM] N=32000000 threads=8 rep=1 batches=105 time=1.005 s | package=127.313 J | dram=NA | total=127.313 J | power=126.6 W | runtime=in_range | checksum=OK
[STREAM] N=32000000 threads=8 rep=2 batches=105 time=1.006 s | package=126.931 J | dram=NA | total=126.931 J | power=126.1 W | runtime=in_range | checksum=OK
[STREAM] N=32000000 threads=8 rep=3 batches=105 time=1.006 s | package=126.504 J | dram=NA | total=126.504 J | power=125.8 W | runtime=in_range | checksum=OK
[STREAM] N=32000000 threads=8 rep=4 batches=105 time=1.006 s | package=126.749 J | dram=NA | total=126.749 J | power=126.0 W | runtime=in_range | checksum=OK
[STREAM] N=32000000 threads=8 rep=5 batches=105 time=1.006 s | package=126.352 J | dram=NA | total=126.352 J | power=125.6 W | runtime=in_range | checksum=OK
[STREAM] N=32000000 threads=8 rep=6 batches=105 time=1.006 s | package=126.086 J | dram=NA | total=126.086 J | power=125.4 W | runtime=in_range | checksum=OK
[STREAM] N=32000000 threads=8 rep=7 batches=105 time=1.006 s | package=126.019 J | dram=NA | total=126.019 J | power=125.3 W | runtime=in_range | checksum=OK
[STREAM] N=32000000 threads=8 rep=8 batches=105 time=1.006 s | package=125.922 J | dram=NA | total=125.922 J | power=125.1 W | runtime=in_range | checksum=OK
[STREAM] N=32000000 threads=8 rep=9 batches=105 time=1.006 s | package=125.807 J | dram=NA | total=125.807 J | power=125.1 W | runtime=in_range | checksum=OK
[STREAM] N=32000000 threads=8 rep=10 batches=105 time=1.006 s | package=125.781 J | dram=NA | total=125.781 J | power=125.0 W | runtime=in_range | checksum=OK
[OpenMP] requested=20 active=20
[STREAM] N=256000000 threads=20 rep=1 batches=12 time=1.017 s | package=136.097 J | dram=NA | total=136.097 J | power=133.8 W | runtime=in_range | checksum=OK
[STREAM] N=256000000 threads=20 rep=2 batches=12 time=1.016 s | package=135.915 J | dram=NA | total=135.915 J | power=133.7 W | runtime=in_range | checksum=OK
[STREAM] N=256000000 threads=20 rep=3 batches=12 time=1.016 s | package=135.939 J | dram=NA | total=135.939 J | power=133.8 W | runtime=in_range | checksum=OK
[STREAM] N=256000000 threads=20 rep=4 batches=12 time=1.016 s | package=135.881 J | dram=NA | total=135.881 J | power=133.7 W | runtime=in_range | checksum=OK
[STREAM] N=256000000 threads=20 rep=5 batches=12 time=1.017 s | package=136.001 J | dram=NA | total=136.001 J | power=133.8 W | runtime=in_range | checksum=OK
[STREAM] N=256000000 threads=20 rep=6 batches=12 time=1.016 s | package=135.876 J | dram=NA | total=135.876 J | power=133.7 W | runtime=in_range | checksum=OK
[STREAM] N=256000000 threads=20 rep=7 batches=12 time=1.017 s | package=135.987 J | dram=NA | total=135.987 J | power=133.8 W | runtime=in_range | checksum=OK
[STREAM] N=256000000 threads=20 rep=8 batches=12 time=1.017 s | package=136.019 J | dram=NA | total=136.019 J | power=133.7 W | runtime=in_range | checksum=OK
[STREAM] N=256000000 threads=20 rep=9 batches=12 time=1.017 s | package=135.959 J | dram=NA | total=135.959 J | power=133.7 W | runtime=in_range | checksum=OK
[STREAM] N=256000000 threads=20 rep=10 batches=12 time=1.017 s | package=136.069 J | dram=NA | total=136.069 J | power=133.8 W | runtime=in_range | checksum=OK
[OpenMP] requested=4 active=4
[STREAM] N=1000000 threads=4 rep=1 batches=26746 time=1.009 s | package=124.553 J | dram=NA | total=124.553 J | power=123.5 W | runtime=in_range | checksum=OK
[STREAM] N=1000000 threads=4 rep=2 batches=26746 time=1.009 s | package=124.439 J | dram=NA | total=124.439 J | power=123.3 W | runtime=in_range | checksum=OK
[STREAM] N=1000000 threads=4 rep=3 batches=26746 time=1.013 s | package=124.749 J | dram=NA | total=124.749 J | power=123.1 W | runtime=in_range | checksum=OK
[STREAM] N=1000000 threads=4 rep=4 batches=26746 time=1.004 s | package=123.945 J | dram=NA | total=123.945 J | power=123.5 W | runtime=in_range | checksum=OK
[STREAM] N=1000000 threads=4 rep=5 batches=26746 time=0.997 s | package=123.378 J | dram=NA | total=123.378 J | power=123.8 W | runtime=in_range | checksum=OK
[STREAM] N=1000000 threads=4 rep=6 batches=26746 time=1.009 s | package=124.355 J | dram=NA | total=124.355 J | power=123.2 W | runtime=in_range | checksum=OK
[STREAM] N=1000000 threads=4 rep=7 batches=26746 time=1.008 s | package=124.199 J | dram=NA | total=124.199 J | power=123.2 W | runtime=in_range | checksum=OK
[STREAM] N=1000000 threads=4 rep=8 batches=26746 time=1.019 s | package=124.345 J | dram=NA | total=124.345 J | power=122.0 W | runtime=in_range | checksum=OK
[STREAM] N=1000000 threads=4 rep=9 batches=26746 time=1.008 s | package=123.311 J | dram=NA | total=123.311 J | power=122.4 W | runtime=in_range | checksum=OK
[STREAM] N=1000000 threads=4 rep=10 batches=26746 time=1.006 s | package=123.257 J | dram=NA | total=123.257 J | power=122.5 W | runtime=in_range | checksum=OK
[OpenMP] requested=10 active=10
[STREAM] N=8000000 threads=10 rep=1 batches=1734 time=1.000 s | package=117.344 J | dram=NA | total=117.344 J | power=117.4 W | runtime=in_range | checksum=OK
[STREAM] N=8000000 threads=10 rep=2 batches=1734 time=1.000 s | package=117.421 J | dram=NA | total=117.421 J | power=117.5 W | runtime=in_range | checksum=OK
[STREAM] N=8000000 threads=10 rep=3 batches=1734 time=1.000 s | package=117.462 J | dram=NA | total=117.462 J | power=117.4 W | runtime=in_range | checksum=OK
[STREAM] N=8000000 threads=10 rep=4 batches=1734 time=1.000 s | package=117.451 J | dram=NA | total=117.451 J | power=117.5 W | runtime=in_range | checksum=OK
[STREAM] N=8000000 threads=10 rep=5 batches=1734 time=1.000 s | package=117.464 J | dram=NA | total=117.464 J | power=117.5 W | runtime=in_range | checksum=OK
[STREAM] N=8000000 threads=10 rep=6 batches=1734 time=0.999 s | package=117.291 J | dram=NA | total=117.291 J | power=117.4 W | runtime=in_range | checksum=OK
[STREAM] N=8000000 threads=10 rep=7 batches=1734 time=1.000 s | package=117.361 J | dram=NA | total=117.361 J | power=117.4 W | runtime=in_range | checksum=OK
[STREAM] N=8000000 threads=10 rep=8 batches=1734 time=1.000 s | package=117.398 J | dram=NA | total=117.398 J | power=117.4 W | runtime=in_range | checksum=OK
[STREAM] N=8000000 threads=10 rep=9 batches=1734 time=1.000 s | package=117.455 J | dram=NA | total=117.455 J | power=117.5 W | runtime=in_range | checksum=OK
[STREAM] N=8000000 threads=10 rep=10 batches=1734 time=1.000 s | package=117.383 J | dram=NA | total=117.383 J | power=117.4 W | runtime=in_range | checksum=OK
[OpenMP] requested=10 active=10
[STREAM] N=2000000 threads=10 rep=1 batches=28569 time=1.019 s | package=193.972 J | dram=NA | total=193.972 J | power=190.3 W | runtime=in_range | checksum=OK
[STREAM] N=2000000 threads=10 rep=2 batches=28569 time=1.029 s | package=194.802 J | dram=NA | total=194.802 J | power=189.2 W | runtime=in_range | checksum=OK
[STREAM] N=2000000 threads=10 rep=3 batches=28569 time=1.030 s | package=194.796 J | dram=NA | total=194.796 J | power=189.2 W | runtime=in_range | checksum=OK
[STREAM] N=2000000 threads=10 rep=4 batches=28569 time=1.016 s | package=193.214 J | dram=NA | total=193.214 J | power=190.1 W | runtime=in_range | checksum=OK
[STREAM] N=2000000 threads=10 rep=5 batches=28569 time=1.015 s | package=193.411 J | dram=NA | total=193.411 J | power=190.6 W | runtime=in_range | checksum=OK
[STREAM] N=2000000 threads=10 rep=6 batches=28569 time=1.021 s | package=194.016 J | dram=NA | total=194.016 J | power=190.1 W | runtime=in_range | checksum=OK
[STREAM] N=2000000 threads=10 rep=7 batches=28569 time=1.011 s | package=192.838 J | dram=NA | total=192.838 J | power=190.8 W | runtime=in_range | checksum=OK
[STREAM] N=2000000 threads=10 rep=8 batches=28569 time=1.020 s | package=194.114 J | dram=NA | total=194.114 J | power=190.4 W | runtime=in_range | checksum=OK
[STREAM] N=2000000 threads=10 rep=9 batches=28569 time=1.012 s | package=192.945 J | dram=NA | total=192.945 J | power=190.6 W | runtime=in_range | checksum=OK
[STREAM] N=2000000 threads=10 rep=10 batches=28569 time=1.018 s | package=193.578 J | dram=NA | total=193.578 J | power=190.2 W | runtime=in_range | checksum=OK
[OpenMP] requested=10 active=10
[STREAM] N=16000000 threads=10 rep=1 batches=282 time=1.001 s | package=104.920 J | dram=NA | total=104.920 J | power=104.8 W | runtime=in_range | checksum=OK
[STREAM] N=16000000 threads=10 rep=2 batches=282 time=1.001 s | package=104.864 J | dram=NA | total=104.864 J | power=104.7 W | runtime=in_range | checksum=OK
[STREAM] N=16000000 threads=10 rep=3 batches=282 time=1.001 s | package=104.583 J | dram=NA | total=104.583 J | power=104.5 W | runtime=in_range | checksum=OK
[STREAM] N=16000000 threads=10 rep=4 batches=282 time=1.000 s | package=104.488 J | dram=NA | total=104.488 J | power=104.5 W | runtime=in_range | checksum=OK
[STREAM] N=16000000 threads=10 rep=5 batches=282 time=1.001 s | package=104.616 J | dram=NA | total=104.616 J | power=104.5 W | runtime=in_range | checksum=OK
[STREAM] N=16000000 threads=10 rep=6 batches=282 time=1.001 s | package=104.567 J | dram=NA | total=104.567 J | power=104.5 W | runtime=in_range | checksum=OK
[STREAM] N=16000000 threads=10 rep=7 batches=282 time=1.000 s | package=104.521 J | dram=NA | total=104.521 J | power=104.5 W | runtime=in_range | checksum=OK
[STREAM] N=16000000 threads=10 rep=8 batches=282 time=1.001 s | package=104.490 J | dram=NA | total=104.490 J | power=104.4 W | runtime=in_range | checksum=OK
[STREAM] N=16000000 threads=10 rep=9 batches=282 time=1.000 s | package=104.449 J | dram=NA | total=104.449 J | power=104.4 W | runtime=in_range | checksum=OK
[STREAM] N=16000000 threads=10 rep=10 batches=282 time=1.001 s | package=104.612 J | dram=NA | total=104.612 J | power=104.5 W | runtime=in_range | checksum=OK
[OpenMP] requested=20 active=20
[STREAM] N=32000000 threads=20 rep=1 batches=94 time=1.007 s | package=125.976 J | dram=NA | total=125.976 J | power=125.1 W | runtime=in_range | checksum=OK
[STREAM] N=32000000 threads=20 rep=2 batches=94 time=1.008 s | package=126.263 J | dram=NA | total=126.263 J | power=125.3 W | runtime=in_range | checksum=OK
[STREAM] N=32000000 threads=20 rep=3 batches=94 time=1.008 s | package=128.295 J | dram=NA | total=128.295 J | power=127.3 W | runtime=in_range | checksum=OK
[STREAM] N=32000000 threads=20 rep=4 batches=94 time=1.007 s | package=128.212 J | dram=NA | total=128.212 J | power=127.4 W | runtime=in_range | checksum=OK
[STREAM] N=32000000 threads=20 rep=5 batches=94 time=1.007 s | package=128.178 J | dram=NA | total=128.178 J | power=127.3 W | runtime=in_range | checksum=OK
[STREAM] N=32000000 threads=20 rep=6 batches=94 time=1.007 s | package=128.230 J | dram=NA | total=128.230 J | power=127.3 W | runtime=in_range | checksum=OK
[STREAM] N=32000000 threads=20 rep=7 batches=94 time=1.008 s | package=128.246 J | dram=NA | total=128.246 J | power=127.3 W | runtime=in_range | checksum=OK
[STREAM] N=32000000 threads=20 rep=8 batches=94 time=1.007 s | package=128.242 J | dram=NA | total=128.242 J | power=127.3 W | runtime=in_range | checksum=OK
[STREAM] N=32000000 threads=20 rep=9 batches=94 time=1.007 s | package=128.309 J | dram=NA | total=128.309 J | power=127.4 W | runtime=in_range | checksum=OK
[STREAM] N=32000000 threads=20 rep=10 batches=94 time=1.008 s | package=128.361 J | dram=NA | total=128.361 J | power=127.4 W | runtime=in_range | checksum=OK
[OpenMP] requested=4 active=4
[STREAM] N=16000000 threads=4 rep=1 batches=209 time=1.004 s | package=98.266 J | dram=NA | total=98.266 J | power=97.9 W | runtime=in_range | checksum=OK
[STREAM] N=16000000 threads=4 rep=2 batches=209 time=1.008 s | package=98.483 J | dram=NA | total=98.483 J | power=97.7 W | runtime=in_range | checksum=OK
[STREAM] N=16000000 threads=4 rep=3 batches=209 time=1.006 s | package=98.322 J | dram=NA | total=98.322 J | power=97.8 W | runtime=in_range | checksum=OK
[STREAM] N=16000000 threads=4 rep=4 batches=209 time=1.007 s | package=98.336 J | dram=NA | total=98.336 J | power=97.7 W | runtime=in_range | checksum=OK
[STREAM] N=16000000 threads=4 rep=5 batches=209 time=1.006 s | package=98.218 J | dram=NA | total=98.218 J | power=97.6 W | runtime=in_range | checksum=OK
[STREAM] N=16000000 threads=4 rep=6 batches=209 time=1.008 s | package=98.312 J | dram=NA | total=98.312 J | power=97.6 W | runtime=in_range | checksum=OK
[STREAM] N=16000000 threads=4 rep=7 batches=209 time=1.005 s | package=98.164 J | dram=NA | total=98.164 J | power=97.7 W | runtime=in_range | checksum=OK
[STREAM] N=16000000 threads=4 rep=8 batches=209 time=1.007 s | package=98.259 J | dram=NA | total=98.259 J | power=97.6 W | runtime=in_range | checksum=OK
[STREAM] N=16000000 threads=4 rep=9 batches=209 time=1.007 s | package=98.232 J | dram=NA | total=98.232 J | power=97.6 W | runtime=in_range | checksum=OK
[STREAM] N=16000000 threads=4 rep=10 batches=209 time=1.006 s | package=98.187 J | dram=NA | total=98.187 J | power=97.6 W | runtime=in_range | checksum=OK
[OpenMP] requested=20 active=20
[STREAM] N=4000000 threads=20 rep=1 batches=21859 time=1.015 s | package=267.029 J | dram=NA | total=267.029 J | power=263.0 W | runtime=in_range | checksum=OK
[STREAM] N=4000000 threads=20 rep=2 batches=21859 time=1.015 s | package=266.270 J | dram=NA | total=266.270 J | power=262.4 W | runtime=in_range | checksum=OK
[STREAM] N=4000000 threads=20 rep=3 batches=21859 time=1.025 s | package=268.614 J | dram=NA | total=268.614 J | power=262.1 W | runtime=in_range | checksum=OK
[STREAM] N=4000000 threads=20 rep=4 batches=21859 time=1.032 s | package=268.872 J | dram=NA | total=268.872 J | power=260.6 W | runtime=in_range | checksum=OK
[STREAM] N=4000000 threads=20 rep=5 batches=21859 time=1.033 s | package=268.743 J | dram=NA | total=268.743 J | power=260.2 W | runtime=in_range | checksum=OK
[STREAM] N=4000000 threads=20 rep=6 batches=21859 time=1.035 s | package=269.324 J | dram=NA | total=269.324 J | power=260.3 W | runtime=in_range | checksum=OK
[STREAM] N=4000000 threads=20 rep=7 batches=21859 time=1.022 s | package=267.939 J | dram=NA | total=267.939 J | power=262.1 W | runtime=in_range | checksum=OK
[STREAM] N=4000000 threads=20 rep=8 batches=21859 time=1.015 s | package=267.079 J | dram=NA | total=267.079 J | power=263.2 W | runtime=in_range | checksum=OK
[STREAM] N=4000000 threads=20 rep=9 batches=21859 time=1.027 s | package=269.249 J | dram=NA | total=269.249 J | power=262.1 W | runtime=in_range | checksum=OK
[STREAM] N=4000000 threads=20 rep=10 batches=21859 time=1.039 s | package=270.462 J | dram=NA | total=270.462 J | power=260.4 W | runtime=in_range | checksum=OK
[OpenMP] requested=32 active=32
[STREAM] N=256000000 threads=32 rep=1 batches=13 time=1.006 s | package=155.105 J | dram=NA | total=155.105 J | power=154.2 W | runtime=in_range | checksum=OK
[STREAM] N=256000000 threads=32 rep=2 batches=13 time=1.006 s | package=154.695 J | dram=NA | total=154.695 J | power=153.8 W | runtime=in_range | checksum=OK
[STREAM] N=256000000 threads=32 rep=3 batches=13 time=1.005 s | package=154.485 J | dram=NA | total=154.485 J | power=153.7 W | runtime=in_range | checksum=OK
[STREAM] N=256000000 threads=32 rep=4 batches=13 time=1.005 s | package=154.312 J | dram=NA | total=154.312 J | power=153.6 W | runtime=in_range | checksum=OK
[STREAM] N=256000000 threads=32 rep=5 batches=13 time=1.005 s | package=153.952 J | dram=NA | total=153.952 J | power=153.2 W | runtime=in_range | checksum=OK
[STREAM] N=256000000 threads=32 rep=6 batches=13 time=1.005 s | package=153.995 J | dram=NA | total=153.995 J | power=153.2 W | runtime=in_range | checksum=OK
[STREAM] N=256000000 threads=32 rep=7 batches=13 time=1.005 s | package=153.876 J | dram=NA | total=153.876 J | power=153.1 W | runtime=in_range | checksum=OK
[STREAM] N=256000000 threads=32 rep=8 batches=13 time=1.005 s | package=153.985 J | dram=NA | total=153.985 J | power=153.2 W | runtime=in_range | checksum=OK
[STREAM] N=256000000 threads=32 rep=9 batches=13 time=1.006 s | package=153.944 J | dram=NA | total=153.944 J | power=153.1 W | runtime=in_range | checksum=OK
[STREAM] N=256000000 threads=32 rep=10 batches=13 time=1.005 s | package=154.044 J | dram=NA | total=154.044 J | power=153.2 W | runtime=in_range | checksum=OK
[OpenMP] requested=16 active=16
[STREAM] N=32000000 threads=16 rep=1 batches=103 time=1.002 s | package=135.683 J | dram=NA | total=135.683 J | power=135.4 W | runtime=in_range | checksum=OK
[STREAM] N=32000000 threads=16 rep=2 batches=103 time=1.002 s | package=135.785 J | dram=NA | total=135.785 J | power=135.5 W | runtime=in_range | checksum=OK
[STREAM] N=32000000 threads=16 rep=3 batches=103 time=1.002 s | package=135.973 J | dram=NA | total=135.973 J | power=135.7 W | runtime=in_range | checksum=OK
[STREAM] N=32000000 threads=16 rep=4 batches=103 time=1.002 s | package=135.893 J | dram=NA | total=135.893 J | power=135.6 W | runtime=in_range | checksum=OK
[STREAM] N=32000000 threads=16 rep=5 batches=103 time=1.002 s | package=135.956 J | dram=NA | total=135.956 J | power=135.6 W | runtime=in_range | checksum=OK
[STREAM] N=32000000 threads=16 rep=6 batches=103 time=1.003 s | package=135.996 J | dram=NA | total=135.996 J | power=135.6 W | runtime=in_range | checksum=OK
[STREAM] N=32000000 threads=16 rep=7 batches=103 time=1.002 s | package=135.965 J | dram=NA | total=135.965 J | power=135.7 W | runtime=in_range | checksum=OK
[STREAM] N=32000000 threads=16 rep=8 batches=103 time=1.002 s | package=136.191 J | dram=NA | total=136.191 J | power=135.9 W | runtime=in_range | checksum=OK
[STREAM] N=32000000 threads=16 rep=9 batches=103 time=1.002 s | package=136.126 J | dram=NA | total=136.126 J | power=135.8 W | runtime=in_range | checksum=OK
[STREAM] N=32000000 threads=16 rep=10 batches=103 time=1.002 s | package=135.938 J | dram=NA | total=135.938 J | power=135.6 W | runtime=in_range | checksum=OK
[OpenMP] requested=32 active=32
[STREAM] N=32000000 threads=32 rep=1 batches=102 time=1.005 s | package=153.613 J | dram=NA | total=153.613 J | power=152.8 W | runtime=in_range | checksum=OK
[STREAM] N=32000000 threads=32 rep=2 batches=102 time=1.005 s | package=154.099 J | dram=NA | total=154.099 J | power=153.4 W | runtime=in_range | checksum=OK
[STREAM] N=32000000 threads=32 rep=3 batches=102 time=1.004 s | package=153.543 J | dram=NA | total=153.543 J | power=152.9 W | runtime=in_range | checksum=OK
[STREAM] N=32000000 threads=32 rep=4 batches=102 time=1.005 s | package=153.713 J | dram=NA | total=153.713 J | power=152.9 W | runtime=in_range | checksum=OK
[STREAM] N=32000000 threads=32 rep=5 batches=102 time=1.005 s | package=153.761 J | dram=NA | total=153.761 J | power=153.0 W | runtime=in_range | checksum=OK
[STREAM] N=32000000 threads=32 rep=6 batches=102 time=1.005 s | package=153.622 J | dram=NA | total=153.622 J | power=152.9 W | runtime=in_range | checksum=OK
[STREAM] N=32000000 threads=32 rep=7 batches=102 time=1.005 s | package=153.830 J | dram=NA | total=153.830 J | power=153.1 W | runtime=in_range | checksum=OK
[STREAM] N=32000000 threads=32 rep=8 batches=102 time=1.005 s | package=153.989 J | dram=NA | total=153.989 J | power=153.2 W | runtime=in_range | checksum=OK
[STREAM] N=32000000 threads=32 rep=9 batches=102 time=1.005 s | package=153.740 J | dram=NA | total=153.740 J | power=153.0 W | runtime=in_range | checksum=OK
[STREAM] N=32000000 threads=32 rep=10 batches=102 time=1.005 s | package=153.723 J | dram=NA | total=153.723 J | power=153.0 W | runtime=in_range | checksum=OK
[OpenMP] requested=8 active=8
[STREAM] N=4000000 threads=8 rep=1 batches=13839 time=1.017 s | package=185.481 J | dram=NA | total=185.481 J | power=182.5 W | runtime=in_range | checksum=OK
[STREAM] N=4000000 threads=8 rep=2 batches=13839 time=1.020 s | package=185.824 J | dram=NA | total=185.824 J | power=182.1 W | runtime=in_range | checksum=OK
[STREAM] N=4000000 threads=8 rep=3 batches=13839 time=1.012 s | package=185.678 J | dram=NA | total=185.678 J | power=183.5 W | runtime=in_range | checksum=OK
[STREAM] N=4000000 threads=8 rep=4 batches=13839 time=1.004 s | package=184.505 J | dram=NA | total=184.505 J | power=183.8 W | runtime=in_range | checksum=OK
[STREAM] N=4000000 threads=8 rep=5 batches=13839 time=1.005 s | package=184.558 J | dram=NA | total=184.558 J | power=183.6 W | runtime=in_range | checksum=OK
[STREAM] N=4000000 threads=8 rep=6 batches=13839 time=1.012 s | package=185.149 J | dram=NA | total=185.149 J | power=182.9 W | runtime=in_range | checksum=OK
[STREAM] N=4000000 threads=8 rep=7 batches=13839 time=1.023 s | package=186.061 J | dram=NA | total=186.061 J | power=181.9 W | runtime=in_range | checksum=OK
[STREAM] N=4000000 threads=8 rep=8 batches=13839 time=1.024 s | package=186.099 J | dram=NA | total=186.099 J | power=181.7 W | runtime=in_range | checksum=OK
[STREAM] N=4000000 threads=8 rep=9 batches=13839 time=1.012 s | package=185.595 J | dram=NA | total=185.595 J | power=183.4 W | runtime=in_range | checksum=OK
[STREAM] N=4000000 threads=8 rep=10 batches=13839 time=1.010 s | package=185.195 J | dram=NA | total=185.195 J | power=183.3 W | runtime=in_range | checksum=OK
[OpenMP] requested=4 active=4
[STREAM] N=64000000 threads=4 rep=1 batches=54 time=1.010 s | package=90.779 J | dram=NA | total=90.779 J | power=89.9 W | runtime=in_range | checksum=OK
[STREAM] N=64000000 threads=4 rep=2 batches=54 time=1.010 s | package=90.701 J | dram=NA | total=90.701 J | power=89.8 W | runtime=in_range | checksum=OK
[STREAM] N=64000000 threads=4 rep=3 batches=54 time=1.012 s | package=90.798 J | dram=NA | total=90.798 J | power=89.8 W | runtime=in_range | checksum=OK
[STREAM] N=64000000 threads=4 rep=4 batches=54 time=1.011 s | package=90.762 J | dram=NA | total=90.762 J | power=89.8 W | runtime=in_range | checksum=OK
[STREAM] N=64000000 threads=4 rep=5 batches=54 time=1.010 s | package=90.468 J | dram=NA | total=90.468 J | power=89.5 W | runtime=in_range | checksum=OK
[STREAM] N=64000000 threads=4 rep=6 batches=54 time=1.010 s | package=90.543 J | dram=NA | total=90.543 J | power=89.6 W | runtime=in_range | checksum=OK
[STREAM] N=64000000 threads=4 rep=7 batches=54 time=1.011 s | package=90.566 J | dram=NA | total=90.566 J | power=89.5 W | runtime=in_range | checksum=OK
[STREAM] N=64000000 threads=4 rep=8 batches=54 time=1.012 s | package=90.606 J | dram=NA | total=90.606 J | power=89.5 W | runtime=in_range | checksum=OK
[STREAM] N=64000000 threads=4 rep=9 batches=54 time=1.010 s | package=90.419 J | dram=NA | total=90.419 J | power=89.5 W | runtime=in_range | checksum=OK
[STREAM] N=64000000 threads=4 rep=10 batches=54 time=1.011 s | package=90.332 J | dram=NA | total=90.332 J | power=89.4 W | runtime=in_range | checksum=OK
[OpenMP] requested=1 active=1
[STREAM] N=4000000 threads=1 rep=1 batches=443 time=1.001 s | package=71.080 J | dram=NA | total=71.080 J | power=71.0 W | runtime=in_range | checksum=OK
[STREAM] N=4000000 threads=1 rep=2 batches=443 time=1.001 s | package=71.010 J | dram=NA | total=71.010 J | power=70.9 W | runtime=in_range | checksum=OK
[STREAM] N=4000000 threads=1 rep=3 batches=443 time=1.002 s | package=71.024 J | dram=NA | total=71.024 J | power=70.9 W | runtime=in_range | checksum=OK
[STREAM] N=4000000 threads=1 rep=4 batches=443 time=1.005 s | package=71.205 J | dram=NA | total=71.205 J | power=70.9 W | runtime=in_range | checksum=OK
[STREAM] N=4000000 threads=1 rep=5 batches=443 time=1.003 s | package=71.037 J | dram=NA | total=71.037 J | power=70.9 W | runtime=in_range | checksum=OK
[STREAM] N=4000000 threads=1 rep=6 batches=443 time=1.002 s | package=71.045 J | dram=NA | total=71.045 J | power=70.9 W | runtime=in_range | checksum=OK
[STREAM] N=4000000 threads=1 rep=7 batches=443 time=1.001 s | package=70.820 J | dram=NA | total=70.820 J | power=70.8 W | runtime=in_range | checksum=OK
[STREAM] N=4000000 threads=1 rep=8 batches=443 time=1.001 s | package=70.837 J | dram=NA | total=70.837 J | power=70.8 W | runtime=in_range | checksum=OK
[STREAM] N=4000000 threads=1 rep=9 batches=443 time=1.001 s | package=70.917 J | dram=NA | total=70.917 J | power=70.8 W | runtime=in_range | checksum=OK
[STREAM] N=4000000 threads=1 rep=10 batches=443 time=1.003 s | package=71.056 J | dram=NA | total=71.056 J | power=70.8 W | runtime=in_range | checksum=OK
[OpenMP] requested=20 active=20
[STREAM] N=128000000 threads=20 rep=1 batches=24 time=1.023 s | package=125.486 J | dram=NA | total=125.486 J | power=122.7 W | runtime=in_range | checksum=OK
[STREAM] N=128000000 threads=20 rep=2 batches=24 time=1.023 s | package=125.344 J | dram=NA | total=125.344 J | power=122.5 W | runtime=in_range | checksum=OK
[STREAM] N=128000000 threads=20 rep=3 batches=24 time=1.024 s | package=125.463 J | dram=NA | total=125.463 J | power=122.6 W | runtime=in_range | checksum=OK
[STREAM] N=128000000 threads=20 rep=4 batches=24 time=1.024 s | package=125.517 J | dram=NA | total=125.517 J | power=122.6 W | runtime=in_range | checksum=OK
[STREAM] N=128000000 threads=20 rep=5 batches=24 time=1.023 s | package=125.557 J | dram=NA | total=125.557 J | power=122.7 W | runtime=in_range | checksum=OK
[STREAM] N=128000000 threads=20 rep=6 batches=24 time=1.023 s | package=125.678 J | dram=NA | total=125.678 J | power=122.8 W | runtime=in_range | checksum=OK
[STREAM] N=128000000 threads=20 rep=7 batches=24 time=1.023 s | package=125.955 J | dram=NA | total=125.955 J | power=123.1 W | runtime=in_range | checksum=OK
[STREAM] N=128000000 threads=20 rep=8 batches=24 time=1.023 s | package=127.284 J | dram=NA | total=127.284 J | power=124.4 W | runtime=in_range | checksum=OK
[STREAM] N=128000000 threads=20 rep=9 batches=24 time=1.022 s | package=127.159 J | dram=NA | total=127.159 J | power=124.4 W | runtime=in_range | checksum=OK
[STREAM] N=128000000 threads=20 rep=10 batches=24 time=1.023 s | package=127.210 J | dram=NA | total=127.210 J | power=124.4 W | runtime=in_range | checksum=OK
[OpenMP] requested=8 active=8
[STREAM] N=2000000 threads=8 rep=1 batches=24879 time=1.019 s | package=175.900 J | dram=NA | total=175.900 J | power=172.6 W | runtime=in_range | checksum=OK
[STREAM] N=2000000 threads=8 rep=2 batches=24879 time=1.019 s | package=175.780 J | dram=NA | total=175.780 J | power=172.5 W | runtime=in_range | checksum=OK
[STREAM] N=2000000 threads=8 rep=3 batches=24879 time=1.030 s | package=177.833 J | dram=NA | total=177.833 J | power=172.6 W | runtime=in_range | checksum=OK
[STREAM] N=2000000 threads=8 rep=4 batches=24879 time=1.023 s | package=176.504 J | dram=NA | total=176.504 J | power=172.5 W | runtime=in_range | checksum=OK
[STREAM] N=2000000 threads=8 rep=5 batches=24879 time=1.023 s | package=176.297 J | dram=NA | total=176.297 J | power=172.4 W | runtime=in_range | checksum=OK
[STREAM] N=2000000 threads=8 rep=6 batches=24879 time=1.004 s | package=174.369 J | dram=NA | total=174.369 J | power=173.7 W | runtime=in_range | checksum=OK
[STREAM] N=2000000 threads=8 rep=7 batches=24879 time=1.018 s | package=175.560 J | dram=NA | total=175.560 J | power=172.5 W | runtime=in_range | checksum=OK
[STREAM] N=2000000 threads=8 rep=8 batches=24879 time=1.005 s | package=174.382 J | dram=NA | total=174.382 J | power=173.5 W | runtime=in_range | checksum=OK
[STREAM] N=2000000 threads=8 rep=9 batches=24879 time=1.010 s | package=174.932 J | dram=NA | total=174.932 J | power=173.1 W | runtime=in_range | checksum=OK
[STREAM] N=2000000 threads=8 rep=10 batches=24879 time=1.011 s | package=174.822 J | dram=NA | total=174.822 J | power=172.8 W | runtime=in_range | checksum=OK
[OpenMP] requested=20 active=20
[STREAM] N=1000000 threads=20 rep=1 batches=46726 time=1.031 s | package=189.341 J | dram=NA | total=189.341 J | power=183.7 W | runtime=in_range | checksum=OK
[STREAM] N=1000000 threads=20 rep=2 batches=46726 time=1.018 s | package=186.949 J | dram=NA | total=186.949 J | power=183.7 W | runtime=in_range | checksum=OK
[STREAM] N=1000000 threads=20 rep=3 batches=46726 time=1.027 s | package=188.160 J | dram=NA | total=188.160 J | power=183.2 W | runtime=in_range | checksum=OK
[STREAM] N=1000000 threads=20 rep=4 batches=46726 time=1.018 s | package=186.918 J | dram=NA | total=186.918 J | power=183.6 W | runtime=in_range | checksum=OK
[STREAM] N=1000000 threads=20 rep=5 batches=46726 time=1.032 s | package=188.506 J | dram=NA | total=188.506 J | power=182.7 W | runtime=in_range | checksum=OK
[STREAM] N=1000000 threads=20 rep=6 batches=46726 time=1.019 s | package=187.066 J | dram=NA | total=187.066 J | power=183.5 W | runtime=in_range | checksum=OK
[STREAM] N=1000000 threads=20 rep=7 batches=46726 time=1.022 s | package=187.493 J | dram=NA | total=187.493 J | power=183.4 W | runtime=in_range | checksum=OK
[STREAM] N=1000000 threads=20 rep=8 batches=46726 time=1.023 s | package=187.360 J | dram=NA | total=187.360 J | power=183.1 W | runtime=in_range | checksum=OK
[STREAM] N=1000000 threads=20 rep=9 batches=46726 time=1.031 s | package=188.567 J | dram=NA | total=188.567 J | power=182.9 W | runtime=in_range | checksum=OK
[STREAM] N=1000000 threads=20 rep=10 batches=46726 time=1.025 s | package=187.956 J | dram=NA | total=187.956 J | power=183.4 W | runtime=in_range | checksum=OK
[OpenMP] requested=64 active=64
[STREAM] N=128000000 threads=64 rep=1 batches=26 time=1.025 s | package=163.313 J | dram=NA | total=163.313 J | power=159.4 W | runtime=in_range | checksum=OK
[STREAM] N=128000000 threads=64 rep=2 batches=26 time=1.025 s | package=163.370 J | dram=NA | total=163.370 J | power=159.3 W | runtime=in_range | checksum=OK
[STREAM] N=128000000 threads=64 rep=3 batches=26 time=1.026 s | package=163.388 J | dram=NA | total=163.388 J | power=159.3 W | runtime=in_range | checksum=OK
[STREAM] N=128000000 threads=64 rep=4 batches=26 time=1.026 s | package=163.411 J | dram=NA | total=163.411 J | power=159.3 W | runtime=in_range | checksum=OK
[STREAM] N=128000000 threads=64 rep=5 batches=26 time=1.025 s | package=163.291 J | dram=NA | total=163.291 J | power=159.3 W | runtime=in_range | checksum=OK
[STREAM] N=128000000 threads=64 rep=6 batches=26 time=1.025 s | package=163.431 J | dram=NA | total=163.431 J | power=159.5 W | runtime=in_range | checksum=OK
[STREAM] N=128000000 threads=64 rep=7 batches=26 time=1.025 s | package=163.323 J | dram=NA | total=163.323 J | power=159.3 W | runtime=in_range | checksum=OK
[STREAM] N=128000000 threads=64 rep=8 batches=26 time=1.025 s | package=163.387 J | dram=NA | total=163.387 J | power=159.4 W | runtime=in_range | checksum=OK
[STREAM] N=128000000 threads=64 rep=9 batches=26 time=1.025 s | package=163.380 J | dram=NA | total=163.380 J | power=159.4 W | runtime=in_range | checksum=OK
[STREAM] N=128000000 threads=64 rep=10 batches=26 time=1.027 s | package=163.670 J | dram=NA | total=163.670 J | power=159.4 W | runtime=in_range | checksum=OK
[OpenMP] requested=20 active=20
[STREAM] N=64000000 threads=20 rep=1 batches=47 time=1.006 s | package=135.544 J | dram=NA | total=135.544 J | power=134.8 W | runtime=in_range | checksum=OK
[STREAM] N=64000000 threads=20 rep=2 batches=47 time=1.006 s | package=135.223 J | dram=NA | total=135.223 J | power=134.4 W | runtime=in_range | checksum=OK
[STREAM] N=64000000 threads=20 rep=3 batches=47 time=1.005 s | package=135.192 J | dram=NA | total=135.192 J | power=134.5 W | runtime=in_range | checksum=OK
[STREAM] N=64000000 threads=20 rep=4 batches=47 time=1.006 s | package=134.474 J | dram=NA | total=134.474 J | power=133.7 W | runtime=in_range | checksum=OK
[STREAM] N=64000000 threads=20 rep=5 batches=47 time=1.006 s | package=134.656 J | dram=NA | total=134.656 J | power=133.8 W | runtime=in_range | checksum=OK
[STREAM] N=64000000 threads=20 rep=6 batches=47 time=1.006 s | package=134.682 J | dram=NA | total=134.682 J | power=133.9 W | runtime=in_range | checksum=OK
[STREAM] N=64000000 threads=20 rep=7 batches=47 time=1.006 s | package=134.731 J | dram=NA | total=134.731 J | power=133.9 W | runtime=in_range | checksum=OK
[STREAM] N=64000000 threads=20 rep=8 batches=47 time=1.006 s | package=134.882 J | dram=NA | total=134.882 J | power=134.1 W | runtime=in_range | checksum=OK
[STREAM] N=64000000 threads=20 rep=9 batches=47 time=1.006 s | package=135.049 J | dram=NA | total=135.049 J | power=134.3 W | runtime=in_range | checksum=OK
[STREAM] N=64000000 threads=20 rep=10 batches=47 time=1.006 s | package=135.022 J | dram=NA | total=135.022 J | power=134.2 W | runtime=in_range | checksum=OK
[OpenMP] requested=20 active=20
[STREAM] N=8000000 threads=20 rep=1 batches=1511 time=1.001 s | package=126.293 J | dram=NA | total=126.293 J | power=126.1 W | runtime=in_range | checksum=OK
[STREAM] N=8000000 threads=20 rep=2 batches=1511 time=1.001 s | package=126.389 J | dram=NA | total=126.389 J | power=126.3 W | runtime=in_range | checksum=OK
[STREAM] N=8000000 threads=20 rep=3 batches=1511 time=1.003 s | package=126.315 J | dram=NA | total=126.315 J | power=126.0 W | runtime=in_range | checksum=OK
[STREAM] N=8000000 threads=20 rep=4 batches=1511 time=1.002 s | package=126.441 J | dram=NA | total=126.441 J | power=126.2 W | runtime=in_range | checksum=OK
[STREAM] N=8000000 threads=20 rep=5 batches=1511 time=1.001 s | package=126.261 J | dram=NA | total=126.261 J | power=126.1 W | runtime=in_range | checksum=OK
[STREAM] N=8000000 threads=20 rep=6 batches=1511 time=1.002 s | package=126.066 J | dram=NA | total=126.066 J | power=125.9 W | runtime=in_range | checksum=OK
[STREAM] N=8000000 threads=20 rep=7 batches=1511 time=1.001 s | package=126.076 J | dram=NA | total=126.076 J | power=125.9 W | runtime=in_range | checksum=OK
[STREAM] N=8000000 threads=20 rep=8 batches=1511 time=1.001 s | package=126.197 J | dram=NA | total=126.197 J | power=126.0 W | runtime=in_range | checksum=OK
[STREAM] N=8000000 threads=20 rep=9 batches=1511 time=1.001 s | package=126.025 J | dram=NA | total=126.025 J | power=125.8 W | runtime=in_range | checksum=OK
[STREAM] N=8000000 threads=20 rep=10 batches=1511 time=1.001 s | package=126.005 J | dram=NA | total=126.005 J | power=125.9 W | runtime=in_range | checksum=OK
[OpenMP] requested=10 active=10
[STREAM] N=4000000 threads=10 rep=1 batches=14263 time=1.005 s | package=194.311 J | dram=NA | total=194.311 J | power=193.3 W | runtime=in_range | checksum=OK
[STREAM] N=4000000 threads=10 rep=2 batches=14263 time=1.000 s | package=193.830 J | dram=NA | total=193.830 J | power=193.8 W | runtime=in_range | checksum=OK
[STREAM] N=4000000 threads=10 rep=3 batches=14263 time=1.000 s | package=193.644 J | dram=NA | total=193.644 J | power=193.7 W | runtime=in_range | checksum=OK
[STREAM] N=4000000 threads=10 rep=4 batches=14263 time=0.997 s | package=193.147 J | dram=NA | total=193.147 J | power=193.8 W | runtime=in_range | checksum=OK
[STREAM] N=4000000 threads=10 rep=5 batches=14263 time=0.998 s | package=193.363 J | dram=NA | total=193.363 J | power=193.7 W | runtime=in_range | checksum=OK
[STREAM] N=4000000 threads=10 rep=6 batches=14263 time=1.002 s | package=193.456 J | dram=NA | total=193.456 J | power=193.1 W | runtime=in_range | checksum=OK
[STREAM] N=4000000 threads=10 rep=7 batches=14263 time=0.997 s | package=193.287 J | dram=NA | total=193.287 J | power=194.0 W | runtime=in_range | checksum=OK
[STREAM] N=4000000 threads=10 rep=8 batches=14263 time=0.998 s | package=193.227 J | dram=NA | total=193.227 J | power=193.6 W | runtime=in_range | checksum=OK
[STREAM] N=4000000 threads=10 rep=9 batches=14263 time=1.001 s | package=193.385 J | dram=NA | total=193.385 J | power=193.2 W | runtime=in_range | checksum=OK
[STREAM] N=4000000 threads=10 rep=10 batches=14263 time=1.008 s | package=193.895 J | dram=NA | total=193.895 J | power=192.4 W | runtime=in_range | checksum=OK
[OpenMP] requested=8 active=8
[STREAM] N=256000000 threads=8 rep=1 batches=14 time=1.040 s | package=113.333 J | dram=NA | total=113.333 J | power=109.0 W | runtime=in_range | checksum=OK
[STREAM] N=256000000 threads=8 rep=2 batches=14 time=1.041 s | package=113.459 J | dram=NA | total=113.459 J | power=109.0 W | runtime=in_range | checksum=OK
[STREAM] N=256000000 threads=8 rep=3 batches=14 time=1.041 s | package=113.210 J | dram=NA | total=113.210 J | power=108.8 W | runtime=in_range | checksum=OK
[STREAM] N=256000000 threads=8 rep=4 batches=14 time=1.041 s | package=113.188 J | dram=NA | total=113.188 J | power=108.7 W | runtime=in_range | checksum=OK
[STREAM] N=256000000 threads=8 rep=5 batches=14 time=1.041 s | package=113.174 J | dram=NA | total=113.174 J | power=108.7 W | runtime=in_range | checksum=OK
[STREAM] N=256000000 threads=8 rep=6 batches=14 time=1.041 s | package=113.065 J | dram=NA | total=113.065 J | power=108.6 W | runtime=in_range | checksum=OK
[STREAM] N=256000000 threads=8 rep=7 batches=14 time=1.041 s | package=112.973 J | dram=NA | total=112.973 J | power=108.5 W | runtime=in_range | checksum=OK
[STREAM] N=256000000 threads=8 rep=8 batches=14 time=1.041 s | package=112.979 J | dram=NA | total=112.979 J | power=108.5 W | runtime=in_range | checksum=OK
[STREAM] N=256000000 threads=8 rep=9 batches=14 time=1.040 s | package=112.910 J | dram=NA | total=112.910 J | power=108.6 W | runtime=in_range | checksum=OK
[STREAM] N=256000000 threads=8 rep=10 batches=14 time=1.041 s | package=112.997 J | dram=NA | total=112.997 J | power=108.6 W | runtime=in_range | checksum=OK
[OpenMP] requested=2 active=2
[STREAM] N=16000000 threads=2 rep=1 batches=170 time=1.005 s | package=80.717 J | dram=NA | total=80.717 J | power=80.3 W | runtime=in_range | checksum=OK
[STREAM] N=16000000 threads=2 rep=2 batches=170 time=1.004 s | package=80.823 J | dram=NA | total=80.823 J | power=80.5 W | runtime=in_range | checksum=OK
[STREAM] N=16000000 threads=2 rep=3 batches=170 time=1.008 s | package=80.892 J | dram=NA | total=80.892 J | power=80.3 W | runtime=in_range | checksum=OK
[STREAM] N=16000000 threads=2 rep=4 batches=170 time=1.007 s | package=80.853 J | dram=NA | total=80.853 J | power=80.3 W | runtime=in_range | checksum=OK
[STREAM] N=16000000 threads=2 rep=5 batches=170 time=1.007 s | package=80.797 J | dram=NA | total=80.797 J | power=80.2 W | runtime=in_range | checksum=OK
[STREAM] N=16000000 threads=2 rep=6 batches=170 time=1.004 s | package=80.727 J | dram=NA | total=80.727 J | power=80.4 W | runtime=in_range | checksum=OK
[STREAM] N=16000000 threads=2 rep=7 batches=170 time=1.005 s | package=80.490 J | dram=NA | total=80.490 J | power=80.1 W | runtime=in_range | checksum=OK
[STREAM] N=16000000 threads=2 rep=8 batches=170 time=1.003 s | package=80.343 J | dram=NA | total=80.343 J | power=80.1 W | runtime=in_range | checksum=OK
[STREAM] N=16000000 threads=2 rep=9 batches=170 time=1.005 s | package=80.793 J | dram=NA | total=80.793 J | power=80.4 W | runtime=in_range | checksum=OK
[STREAM] N=16000000 threads=2 rep=10 batches=170 time=1.005 s | package=80.636 J | dram=NA | total=80.636 J | power=80.2 W | runtime=in_range | checksum=OK
[OpenMP] requested=32 active=32
[STREAM] N=2000000 threads=32 rep=1 batches=29322 time=1.017 s | package=223.426 J | dram=NA | total=223.426 J | power=219.6 W | runtime=in_range | checksum=OK
[STREAM] N=2000000 threads=32 rep=2 batches=29322 time=1.005 s | package=221.082 J | dram=NA | total=221.082 J | power=219.9 W | runtime=in_range | checksum=OK
[STREAM] N=2000000 threads=32 rep=3 batches=29322 time=0.999 s | package=219.981 J | dram=NA | total=219.981 J | power=220.2 W | runtime=in_range | checksum=OK
[STREAM] N=2000000 threads=32 rep=4 batches=29322 time=1.005 s | package=221.037 J | dram=NA | total=221.037 J | power=219.9 W | runtime=in_range | checksum=OK
[STREAM] N=2000000 threads=32 rep=5 batches=29322 time=1.004 s | package=221.525 J | dram=NA | total=221.525 J | power=220.6 W | runtime=in_range | checksum=OK
[STREAM] N=2000000 threads=32 rep=6 batches=29322 time=0.999 s | package=221.130 J | dram=NA | total=221.130 J | power=221.3 W | runtime=in_range | checksum=OK
[STREAM] N=2000000 threads=32 rep=7 batches=29322 time=0.993 s | package=220.479 J | dram=NA | total=220.479 J | power=221.9 W | runtime=in_range | checksum=OK
[STREAM] N=2000000 threads=32 rep=8 batches=29322 time=1.006 s | package=222.242 J | dram=NA | total=222.242 J | power=220.9 W | runtime=in_range | checksum=OK
[STREAM] N=2000000 threads=32 rep=9 batches=29322 time=0.992 s | package=220.034 J | dram=NA | total=220.034 J | power=221.9 W | runtime=in_range | checksum=OK
[STREAM] N=2000000 threads=32 rep=10 batches=29322 time=1.000 s | package=221.432 J | dram=NA | total=221.432 J | power=221.5 W | runtime=in_range | checksum=OK
[OpenMP] requested=8 active=8
[STREAM] N=128000000 threads=8 rep=1 batches=27 time=1.011 s | package=129.432 J | dram=NA | total=129.432 J | power=128.0 W | runtime=in_range | checksum=OK
[STREAM] N=128000000 threads=8 rep=2 batches=27 time=1.012 s | package=129.154 J | dram=NA | total=129.154 J | power=127.6 W | runtime=in_range | checksum=OK
[STREAM] N=128000000 threads=8 rep=3 batches=27 time=1.012 s | package=128.722 J | dram=NA | total=128.722 J | power=127.2 W | runtime=in_range | checksum=OK
[STREAM] N=128000000 threads=8 rep=4 batches=27 time=1.013 s | package=128.507 J | dram=NA | total=128.507 J | power=126.9 W | runtime=in_range | checksum=OK
[STREAM] N=128000000 threads=8 rep=5 batches=27 time=1.012 s | package=128.252 J | dram=NA | total=128.252 J | power=126.7 W | runtime=in_range | checksum=OK
[STREAM] N=128000000 threads=8 rep=6 batches=27 time=1.012 s | package=128.181 J | dram=NA | total=128.181 J | power=126.6 W | runtime=in_range | checksum=OK
[STREAM] N=128000000 threads=8 rep=7 batches=27 time=1.012 s | package=127.943 J | dram=NA | total=127.943 J | power=126.5 W | runtime=in_range | checksum=OK
[STREAM] N=128000000 threads=8 rep=8 batches=27 time=1.012 s | package=127.996 J | dram=NA | total=127.996 J | power=126.5 W | runtime=in_range | checksum=OK
[STREAM] N=128000000 threads=8 rep=9 batches=27 time=1.013 s | package=128.033 J | dram=NA | total=128.033 J | power=126.4 W | runtime=in_range | checksum=OK
[STREAM] N=128000000 threads=8 rep=10 batches=27 time=1.013 s | package=127.932 J | dram=NA | total=127.932 J | power=126.3 W | runtime=in_range | checksum=OK
[OpenMP] requested=8 active=8
[STREAM] N=8000000 threads=8 rep=1 batches=4698 time=1.004 s | package=164.012 J | dram=NA | total=164.012 J | power=163.3 W | runtime=in_range | checksum=OK
[STREAM] N=8000000 threads=8 rep=2 batches=4698 time=1.004 s | package=164.270 J | dram=NA | total=164.270 J | power=163.6 W | runtime=in_range | checksum=OK
[STREAM] N=8000000 threads=8 rep=3 batches=4698 time=1.006 s | package=163.804 J | dram=NA | total=163.804 J | power=162.8 W | runtime=in_range | checksum=OK
[STREAM] N=8000000 threads=8 rep=4 batches=4698 time=1.012 s | package=162.998 J | dram=NA | total=162.998 J | power=161.0 W | runtime=in_range | checksum=OK
[STREAM] N=8000000 threads=8 rep=5 batches=4698 time=1.017 s | package=163.766 J | dram=NA | total=163.766 J | power=161.0 W | runtime=in_range | checksum=OK
[STREAM] N=8000000 threads=8 rep=6 batches=4698 time=1.019 s | package=164.018 J | dram=NA | total=164.018 J | power=160.9 W | runtime=in_range | checksum=OK
[STREAM] N=8000000 threads=8 rep=7 batches=4698 time=1.025 s | package=164.731 J | dram=NA | total=164.731 J | power=160.7 W | runtime=in_range | checksum=OK
[STREAM] N=8000000 threads=8 rep=8 batches=4698 time=1.030 s | package=165.261 J | dram=NA | total=165.261 J | power=160.5 W | runtime=in_range | checksum=OK
[STREAM] N=8000000 threads=8 rep=9 batches=4698 time=1.018 s | package=164.085 J | dram=NA | total=164.085 J | power=161.2 W | runtime=in_range | checksum=OK
[STREAM] N=8000000 threads=8 rep=10 batches=4698 time=1.010 s | package=162.757 J | dram=NA | total=162.757 J | power=161.2 W | runtime=in_range | checksum=OK
[OpenMP] requested=32 active=32
[STREAM] N=8000000 threads=32 rep=1 batches=11974 time=1.011 s | package=274.063 J | dram=NA | total=274.063 J | power=271.1 W | runtime=in_range | checksum=OK
[STREAM] N=8000000 threads=32 rep=2 batches=11974 time=1.018 s | package=278.833 J | dram=NA | total=278.833 J | power=273.8 W | runtime=in_range | checksum=OK
[STREAM] N=8000000 threads=32 rep=3 batches=11974 time=1.017 s | package=275.963 J | dram=NA | total=275.963 J | power=271.3 W | runtime=in_range | checksum=OK
[STREAM] N=8000000 threads=32 rep=4 batches=11974 time=1.012 s | package=275.860 J | dram=NA | total=275.860 J | power=272.5 W | runtime=in_range | checksum=OK
[STREAM] N=8000000 threads=32 rep=5 batches=11974 time=1.010 s | package=278.033 J | dram=NA | total=278.033 J | power=275.3 W | runtime=in_range | checksum=OK
[STREAM] N=8000000 threads=32 rep=6 batches=11974 time=1.019 s | package=276.934 J | dram=NA | total=276.934 J | power=271.7 W | runtime=in_range | checksum=OK
[STREAM] N=8000000 threads=32 rep=7 batches=11974 time=1.020 s | package=279.089 J | dram=NA | total=279.089 J | power=273.6 W | runtime=in_range | checksum=OK
[STREAM] N=8000000 threads=32 rep=8 batches=11974 time=1.021 s | package=279.980 J | dram=NA | total=279.980 J | power=274.2 W | runtime=in_range | checksum=OK
[STREAM] N=8000000 threads=32 rep=9 batches=11974 time=1.016 s | package=277.606 J | dram=NA | total=277.606 J | power=273.3 W | runtime=in_range | checksum=OK
[STREAM] N=8000000 threads=32 rep=10 batches=11974 time=1.016 s | package=275.951 J | dram=NA | total=275.951 J | power=271.5 W | runtime=in_range | checksum=OK
[OpenMP] requested=4 active=4
[STREAM] N=128000000 threads=4 rep=1 batches=27 time=1.001 s | package=96.545 J | dram=NA | total=96.545 J | power=96.5 W | runtime=in_range | checksum=OK
[STREAM] N=128000000 threads=4 rep=2 batches=27 time=1.001 s | package=95.544 J | dram=NA | total=95.544 J | power=95.4 W | runtime=in_range | checksum=OK
[STREAM] N=128000000 threads=4 rep=3 batches=27 time=1.001 s | package=93.825 J | dram=NA | total=93.825 J | power=93.8 W | runtime=in_range | checksum=OK
[STREAM] N=128000000 threads=4 rep=4 batches=27 time=1.001 s | package=93.391 J | dram=NA | total=93.391 J | power=93.3 W | runtime=in_range | checksum=OK
[STREAM] N=128000000 threads=4 rep=5 batches=27 time=1.001 s | package=93.228 J | dram=NA | total=93.228 J | power=93.2 W | runtime=in_range | checksum=OK
[STREAM] N=128000000 threads=4 rep=6 batches=27 time=1.000 s | package=93.069 J | dram=NA | total=93.069 J | power=93.1 W | runtime=in_range | checksum=OK
[STREAM] N=128000000 threads=4 rep=7 batches=27 time=1.001 s | package=92.984 J | dram=NA | total=92.984 J | power=92.9 W | runtime=in_range | checksum=OK
[STREAM] N=128000000 threads=4 rep=8 batches=27 time=1.002 s | package=92.986 J | dram=NA | total=92.986 J | power=92.8 W | runtime=in_range | checksum=OK
[STREAM] N=128000000 threads=4 rep=9 batches=27 time=1.000 s | package=92.795 J | dram=NA | total=92.795 J | power=92.8 W | runtime=in_range | checksum=OK
[STREAM] N=128000000 threads=4 rep=10 batches=27 time=1.001 s | package=92.824 J | dram=NA | total=92.824 J | power=92.8 W | runtime=in_range | checksum=OK
[OpenMP] requested=8 active=8
[STREAM] N=64000000 threads=8 rep=1 batches=53 time=1.009 s | package=104.526 J | dram=NA | total=104.526 J | power=103.5 W | runtime=in_range | checksum=OK
[STREAM] N=64000000 threads=8 rep=2 batches=53 time=1.010 s | package=104.654 J | dram=NA | total=104.654 J | power=103.6 W | runtime=in_range | checksum=OK
[STREAM] N=64000000 threads=8 rep=3 batches=53 time=1.011 s | package=104.654 J | dram=NA | total=104.654 J | power=103.6 W | runtime=in_range | checksum=OK
[STREAM] N=64000000 threads=8 rep=4 batches=53 time=1.011 s | package=104.768 J | dram=NA | total=104.768 J | power=103.6 W | runtime=in_range | checksum=OK
[STREAM] N=64000000 threads=8 rep=5 batches=53 time=1.011 s | package=104.614 J | dram=NA | total=104.614 J | power=103.5 W | runtime=in_range | checksum=OK
[STREAM] N=64000000 threads=8 rep=6 batches=53 time=1.010 s | package=104.562 J | dram=NA | total=104.562 J | power=103.6 W | runtime=in_range | checksum=OK
[STREAM] N=64000000 threads=8 rep=7 batches=53 time=1.009 s | package=104.588 J | dram=NA | total=104.588 J | power=103.6 W | runtime=in_range | checksum=OK
[STREAM] N=64000000 threads=8 rep=8 batches=53 time=1.011 s | package=104.776 J | dram=NA | total=104.776 J | power=103.6 W | runtime=in_range | checksum=OK
[STREAM] N=64000000 threads=8 rep=9 batches=53 time=1.010 s | package=104.676 J | dram=NA | total=104.676 J | power=103.6 W | runtime=in_range | checksum=OK
[STREAM] N=64000000 threads=8 rep=10 batches=53 time=1.010 s | package=104.680 J | dram=NA | total=104.680 J | power=103.6 W | runtime=in_range | checksum=OK
[OpenMP] requested=10 active=10
[STREAM] N=32000000 threads=10 rep=1 batches=104 time=1.010 s | package=112.775 J | dram=NA | total=112.775 J | power=111.7 W | runtime=in_range | checksum=OK
[STREAM] N=32000000 threads=10 rep=2 batches=104 time=1.010 s | package=112.781 J | dram=NA | total=112.781 J | power=111.7 W | runtime=in_range | checksum=OK
[STREAM] N=32000000 threads=10 rep=3 batches=104 time=1.009 s | package=112.982 J | dram=NA | total=112.982 J | power=111.9 W | runtime=in_range | checksum=OK
[STREAM] N=32000000 threads=10 rep=4 batches=104 time=1.010 s | package=112.882 J | dram=NA | total=112.882 J | power=111.8 W | runtime=in_range | checksum=OK
[STREAM] N=32000000 threads=10 rep=5 batches=104 time=1.010 s | package=112.800 J | dram=NA | total=112.800 J | power=111.7 W | runtime=in_range | checksum=OK
[STREAM] N=32000000 threads=10 rep=6 batches=104 time=1.009 s | package=113.006 J | dram=NA | total=113.006 J | power=112.0 W | runtime=in_range | checksum=OK
[STREAM] N=32000000 threads=10 rep=7 batches=104 time=1.009 s | package=112.867 J | dram=NA | total=112.867 J | power=111.8 W | runtime=in_range | checksum=OK
[STREAM] N=32000000 threads=10 rep=8 batches=104 time=1.010 s | package=112.919 J | dram=NA | total=112.919 J | power=111.8 W | runtime=in_range | checksum=OK
[STREAM] N=32000000 threads=10 rep=9 batches=104 time=1.010 s | package=112.789 J | dram=NA | total=112.789 J | power=111.7 W | runtime=in_range | checksum=OK
[STREAM] N=32000000 threads=10 rep=10 batches=104 time=1.010 s | package=112.805 J | dram=NA | total=112.805 J | power=111.7 W | runtime=in_range | checksum=OK
[OpenMP] requested=1 active=1
[STREAM] N=128000000 threads=1 rep=1 batches=15 time=1.068 s | package=79.631 J | dram=NA | total=79.631 J | power=74.6 W | runtime=in_range | checksum=OK
[STREAM] N=128000000 threads=1 rep=2 batches=15 time=1.071 s | package=79.812 J | dram=NA | total=79.812 J | power=74.5 W | runtime=in_range | checksum=OK
[STREAM] N=128000000 threads=1 rep=3 batches=15 time=1.070 s | package=79.681 J | dram=NA | total=79.681 J | power=74.5 W | runtime=in_range | checksum=OK
[STREAM] N=128000000 threads=1 rep=4 batches=15 time=1.070 s | package=79.663 J | dram=NA | total=79.663 J | power=74.5 W | runtime=in_range | checksum=OK
[STREAM] N=128000000 threads=1 rep=5 batches=15 time=1.069 s | package=79.562 J | dram=NA | total=79.562 J | power=74.4 W | runtime=in_range | checksum=OK
[STREAM] N=128000000 threads=1 rep=6 batches=15 time=1.072 s | package=79.733 J | dram=NA | total=79.733 J | power=74.4 W | runtime=in_range | checksum=OK
[STREAM] N=128000000 threads=1 rep=7 batches=15 time=1.071 s | package=79.617 J | dram=NA | total=79.617 J | power=74.3 W | runtime=in_range | checksum=OK
[STREAM] N=128000000 threads=1 rep=8 batches=15 time=1.071 s | package=79.481 J | dram=NA | total=79.481 J | power=74.2 W | runtime=in_range | checksum=OK
[STREAM] N=128000000 threads=1 rep=9 batches=15 time=1.069 s | package=79.409 J | dram=NA | total=79.409 J | power=74.3 W | runtime=in_range | checksum=OK
[STREAM] N=128000000 threads=1 rep=10 batches=15 time=1.070 s | package=79.461 J | dram=NA | total=79.461 J | power=74.2 W | runtime=in_range | checksum=OK
[OpenMP] requested=1 active=1
[STREAM] N=2000000 threads=1 rep=1 batches=1003 time=1.003 s | package=72.871 J | dram=NA | total=72.871 J | power=72.6 W | runtime=in_range | checksum=OK
[STREAM] N=2000000 threads=1 rep=2 batches=1003 time=1.005 s | package=73.015 J | dram=NA | total=73.015 J | power=72.7 W | runtime=in_range | checksum=OK
[STREAM] N=2000000 threads=1 rep=3 batches=1003 time=1.005 s | package=72.963 J | dram=NA | total=72.963 J | power=72.6 W | runtime=in_range | checksum=OK
[STREAM] N=2000000 threads=1 rep=4 batches=1003 time=1.004 s | package=72.844 J | dram=NA | total=72.844 J | power=72.6 W | runtime=in_range | checksum=OK
[STREAM] N=2000000 threads=1 rep=5 batches=1003 time=1.006 s | package=72.919 J | dram=NA | total=72.919 J | power=72.5 W | runtime=in_range | checksum=OK
[STREAM] N=2000000 threads=1 rep=6 batches=1003 time=1.005 s | package=72.954 J | dram=NA | total=72.954 J | power=72.6 W | runtime=in_range | checksum=OK
[STREAM] N=2000000 threads=1 rep=7 batches=1003 time=1.006 s | package=72.961 J | dram=NA | total=72.961 J | power=72.5 W | runtime=in_range | checksum=OK
[STREAM] N=2000000 threads=1 rep=8 batches=1003 time=1.004 s | package=72.865 J | dram=NA | total=72.865 J | power=72.6 W | runtime=in_range | checksum=OK
[STREAM] N=2000000 threads=1 rep=9 batches=1003 time=1.004 s | package=72.907 J | dram=NA | total=72.907 J | power=72.6 W | runtime=in_range | checksum=OK
[STREAM] N=2000000 threads=1 rep=10 batches=1003 time=1.005 s | package=72.911 J | dram=NA | total=72.911 J | power=72.5 W | runtime=in_range | checksum=OK
[OpenMP] requested=32 active=32
[STREAM] N=128000000 threads=32 rep=1 batches=26 time=1.011 s | package=154.003 J | dram=NA | total=154.003 J | power=152.4 W | runtime=in_range | checksum=OK
[STREAM] N=128000000 threads=32 rep=2 batches=26 time=1.011 s | package=153.804 J | dram=NA | total=153.804 J | power=152.2 W | runtime=in_range | checksum=OK
[STREAM] N=128000000 threads=32 rep=3 batches=26 time=1.011 s | package=154.103 J | dram=NA | total=154.103 J | power=152.4 W | runtime=in_range | checksum=OK
[STREAM] N=128000000 threads=32 rep=4 batches=26 time=1.011 s | package=154.434 J | dram=NA | total=154.434 J | power=152.8 W | runtime=in_range | checksum=OK
[STREAM] N=128000000 threads=32 rep=5 batches=26 time=1.011 s | package=154.781 J | dram=NA | total=154.781 J | power=153.1 W | runtime=in_range | checksum=OK
[STREAM] N=128000000 threads=32 rep=6 batches=26 time=1.011 s | package=154.966 J | dram=NA | total=154.966 J | power=153.3 W | runtime=in_range | checksum=OK
[STREAM] N=128000000 threads=32 rep=7 batches=26 time=1.011 s | package=155.170 J | dram=NA | total=155.170 J | power=153.5 W | runtime=in_range | checksum=OK
[STREAM] N=128000000 threads=32 rep=8 batches=26 time=1.011 s | package=154.988 J | dram=NA | total=154.988 J | power=153.3 W | runtime=in_range | checksum=OK
[STREAM] N=128000000 threads=32 rep=9 batches=26 time=1.011 s | package=155.144 J | dram=NA | total=155.144 J | power=153.5 W | runtime=in_range | checksum=OK
[STREAM] N=128000000 threads=32 rep=10 batches=26 time=1.011 s | package=155.027 J | dram=NA | total=155.027 J | power=153.3 W | runtime=in_range | checksum=OK
[OpenMP] requested=20 active=20
[STREAM] N=2000000 threads=20 rep=1 batches=33959 time=1.030 s | package=234.259 J | dram=NA | total=234.259 J | power=227.5 W | runtime=in_range | checksum=OK
[STREAM] N=2000000 threads=20 rep=2 batches=33959 time=1.024 s | package=233.454 J | dram=NA | total=233.454 J | power=228.1 W | runtime=in_range | checksum=OK
[STREAM] N=2000000 threads=20 rep=3 batches=33959 time=1.025 s | package=232.644 J | dram=NA | total=232.644 J | power=227.1 W | runtime=in_range | checksum=OK
[STREAM] N=2000000 threads=20 rep=4 batches=33959 time=1.013 s | package=231.506 J | dram=NA | total=231.506 J | power=228.5 W | runtime=in_range | checksum=OK
[STREAM] N=2000000 threads=20 rep=5 batches=33959 time=1.022 s | package=232.546 J | dram=NA | total=232.546 J | power=227.7 W | runtime=in_range | checksum=OK
[STREAM] N=2000000 threads=20 rep=6 batches=33959 time=1.031 s | package=234.401 J | dram=NA | total=234.401 J | power=227.3 W | runtime=in_range | checksum=OK
[STREAM] N=2000000 threads=20 rep=7 batches=33959 time=1.028 s | package=233.843 J | dram=NA | total=233.843 J | power=227.4 W | runtime=in_range | checksum=OK
[STREAM] N=2000000 threads=20 rep=8 batches=33959 time=1.027 s | package=233.605 J | dram=NA | total=233.605 J | power=227.5 W | runtime=in_range | checksum=OK
[STREAM] N=2000000 threads=20 rep=9 batches=33959 time=1.023 s | package=233.214 J | dram=NA | total=233.214 J | power=228.1 W | runtime=in_range | checksum=OK
[STREAM] N=2000000 threads=20 rep=10 batches=33959 time=1.020 s | package=232.987 J | dram=NA | total=232.987 J | power=228.4 W | runtime=in_range | checksum=OK
[OpenMP] requested=4 active=4
[STREAM] N=256000000 threads=4 rep=1 batches=14 time=1.027 s | package=95.380 J | dram=NA | total=95.380 J | power=92.8 W | runtime=in_range | checksum=OK
[STREAM] N=256000000 threads=4 rep=2 batches=14 time=1.028 s | package=94.944 J | dram=NA | total=94.944 J | power=92.4 W | runtime=in_range | checksum=OK
[STREAM] N=256000000 threads=4 rep=3 batches=14 time=1.027 s | package=94.680 J | dram=NA | total=94.680 J | power=92.2 W | runtime=in_range | checksum=OK
[STREAM] N=256000000 threads=4 rep=4 batches=14 time=1.028 s | package=94.635 J | dram=NA | total=94.635 J | power=92.0 W | runtime=in_range | checksum=OK
[STREAM] N=256000000 threads=4 rep=5 batches=14 time=1.028 s | package=94.540 J | dram=NA | total=94.540 J | power=92.0 W | runtime=in_range | checksum=OK
[STREAM] N=256000000 threads=4 rep=6 batches=14 time=1.028 s | package=94.477 J | dram=NA | total=94.477 J | power=91.9 W | runtime=in_range | checksum=OK
[STREAM] N=256000000 threads=4 rep=7 batches=14 time=1.027 s | package=94.339 J | dram=NA | total=94.339 J | power=91.8 W | runtime=in_range | checksum=OK
[STREAM] N=256000000 threads=4 rep=8 batches=14 time=1.028 s | package=93.239 J | dram=NA | total=93.239 J | power=90.7 W | runtime=in_range | checksum=OK
[STREAM] N=256000000 threads=4 rep=9 batches=14 time=1.028 s | package=93.726 J | dram=NA | total=93.726 J | power=91.2 W | runtime=in_range | checksum=OK
[STREAM] N=256000000 threads=4 rep=10 batches=14 time=1.028 s | package=93.243 J | dram=NA | total=93.243 J | power=90.7 W | runtime=in_range | checksum=OK
[OpenMP] requested=1 active=1
[STREAM] N=64000000 threads=1 rep=1 batches=28 time=1.010 s | package=73.563 J | dram=NA | total=73.563 J | power=72.8 W | runtime=in_range | checksum=OK
[STREAM] N=64000000 threads=1 rep=2 batches=28 time=1.015 s | package=73.848 J | dram=NA | total=73.848 J | power=72.8 W | runtime=in_range | checksum=OK
[STREAM] N=64000000 threads=1 rep=3 batches=28 time=1.011 s | package=73.599 J | dram=NA | total=73.599 J | power=72.8 W | runtime=in_range | checksum=OK
[STREAM] N=64000000 threads=1 rep=4 batches=28 time=1.013 s | package=73.707 J | dram=NA | total=73.707 J | power=72.8 W | runtime=in_range | checksum=OK
[STREAM] N=64000000 threads=1 rep=5 batches=28 time=1.012 s | package=73.576 J | dram=NA | total=73.576 J | power=72.7 W | runtime=in_range | checksum=OK
[STREAM] N=64000000 threads=1 rep=6 batches=28 time=1.014 s | package=73.704 J | dram=NA | total=73.704 J | power=72.7 W | runtime=in_range | checksum=OK
[STREAM] N=64000000 threads=1 rep=7 batches=28 time=1.011 s | package=73.509 J | dram=NA | total=73.509 J | power=72.7 W | runtime=in_range | checksum=OK
[STREAM] N=64000000 threads=1 rep=8 batches=28 time=1.014 s | package=73.680 J | dram=NA | total=73.680 J | power=72.7 W | runtime=in_range | checksum=OK
[STREAM] N=64000000 threads=1 rep=9 batches=28 time=1.015 s | package=73.757 J | dram=NA | total=73.757 J | power=72.6 W | runtime=in_range | checksum=OK
[STREAM] N=64000000 threads=1 rep=10 batches=28 time=1.014 s | package=73.719 J | dram=NA | total=73.719 J | power=72.7 W | runtime=in_range | checksum=OK
[OpenMP] requested=2 active=2
[STREAM] N=1000000 threads=2 rep=1 batches=15287 time=1.004 s | package=95.217 J | dram=NA | total=95.217 J | power=94.8 W | runtime=in_range | checksum=OK
[STREAM] N=1000000 threads=2 rep=2 batches=15287 time=1.011 s | package=95.740 J | dram=NA | total=95.740 J | power=94.7 W | runtime=in_range | checksum=OK
[STREAM] N=1000000 threads=2 rep=3 batches=15287 time=1.009 s | package=95.665 J | dram=NA | total=95.665 J | power=94.9 W | runtime=in_range | checksum=OK
[STREAM] N=1000000 threads=2 rep=4 batches=15287 time=1.001 s | package=95.949 J | dram=NA | total=95.949 J | power=95.9 W | runtime=in_range | checksum=OK
[STREAM] N=1000000 threads=2 rep=5 batches=15287 time=0.996 s | package=95.613 J | dram=NA | total=95.613 J | power=96.0 W | runtime=in_range | checksum=OK
[STREAM] N=1000000 threads=2 rep=6 batches=15287 time=1.002 s | package=96.042 J | dram=NA | total=96.042 J | power=95.8 W | runtime=in_range | checksum=OK
[STREAM] N=1000000 threads=2 rep=7 batches=15287 time=1.002 s | package=95.922 J | dram=NA | total=95.922 J | power=95.7 W | runtime=in_range | checksum=OK
[STREAM] N=1000000 threads=2 rep=8 batches=15287 time=1.012 s | package=96.053 J | dram=NA | total=96.053 J | power=94.9 W | runtime=in_range | checksum=OK
[STREAM] N=1000000 threads=2 rep=9 batches=15287 time=1.010 s | package=95.090 J | dram=NA | total=95.090 J | power=94.1 W | runtime=in_range | checksum=OK
[STREAM] N=1000000 threads=2 rep=10 batches=15287 time=1.013 s | package=94.740 J | dram=NA | total=94.740 J | power=93.5 W | runtime=in_range | checksum=OK
[OpenMP] requested=1 active=1
[STREAM] N=1000000 threads=1 rep=1 batches=5180 time=0.999 s | package=72.457 J | dram=NA | total=72.457 J | power=72.6 W | runtime=in_range | checksum=OK
[STREAM] N=1000000 threads=1 rep=2 batches=5180 time=0.998 s | package=72.454 J | dram=NA | total=72.454 J | power=72.6 W | runtime=in_range | checksum=OK
[STREAM] N=1000000 threads=1 rep=3 batches=5180 time=0.995 s | package=72.261 J | dram=NA | total=72.261 J | power=72.6 W | runtime=in_range | checksum=OK
[STREAM] N=1000000 threads=1 rep=4 batches=5180 time=0.994 s | package=72.230 J | dram=NA | total=72.230 J | power=72.6 W | runtime=in_range | checksum=OK
[STREAM] N=1000000 threads=1 rep=5 batches=5180 time=1.001 s | package=72.529 J | dram=NA | total=72.529 J | power=72.4 W | runtime=in_range | checksum=OK
[STREAM] N=1000000 threads=1 rep=6 batches=5180 time=0.994 s | package=72.237 J | dram=NA | total=72.237 J | power=72.7 W | runtime=in_range | checksum=OK
[STREAM] N=1000000 threads=1 rep=7 batches=5180 time=0.982 s | package=71.245 J | dram=NA | total=71.245 J | power=72.6 W | runtime=in_range | checksum=OK
[STREAM] N=1000000 threads=1 rep=8 batches=5180 time=0.980 s | package=71.184 J | dram=NA | total=71.184 J | power=72.7 W | runtime=in_range | checksum=OK
[STREAM] N=1000000 threads=1 rep=9 batches=5180 time=0.975 s | package=70.853 J | dram=NA | total=70.853 J | power=72.6 W | runtime=in_range | checksum=OK
[STREAM] N=1000000 threads=1 rep=10 batches=5180 time=0.974 s | package=70.732 J | dram=NA | total=70.732 J | power=72.6 W | runtime=in_range | checksum=OK
[OpenMP] requested=16 active=16
[STREAM] N=2000000 threads=16 rep=1 batches=34903 time=1.022 s | package=229.542 J | dram=NA | total=229.542 J | power=224.6 W | runtime=in_range | checksum=OK
[STREAM] N=2000000 threads=16 rep=2 batches=34903 time=1.024 s | package=229.680 J | dram=NA | total=229.680 J | power=224.2 W | runtime=in_range | checksum=OK
[STREAM] N=2000000 threads=16 rep=3 batches=34903 time=1.012 s | package=229.052 J | dram=NA | total=229.052 J | power=226.4 W | runtime=in_range | checksum=OK
[STREAM] N=2000000 threads=16 rep=4 batches=34903 time=1.031 s | package=230.508 J | dram=NA | total=230.508 J | power=223.6 W | runtime=in_range | checksum=OK
[STREAM] N=2000000 threads=16 rep=5 batches=34903 time=1.027 s | package=229.847 J | dram=NA | total=229.847 J | power=223.8 W | runtime=in_range | checksum=OK
[STREAM] N=2000000 threads=16 rep=6 batches=34903 time=1.030 s | package=230.764 J | dram=NA | total=230.764 J | power=223.9 W | runtime=in_range | checksum=OK
[STREAM] N=2000000 threads=16 rep=7 batches=34903 time=1.031 s | package=230.929 J | dram=NA | total=230.929 J | power=223.9 W | runtime=in_range | checksum=OK
[STREAM] N=2000000 threads=16 rep=8 batches=34903 time=1.024 s | package=230.100 J | dram=NA | total=230.100 J | power=224.7 W | runtime=in_range | checksum=OK
[STREAM] N=2000000 threads=16 rep=9 batches=34903 time=1.020 s | package=229.736 J | dram=NA | total=229.736 J | power=225.3 W | runtime=in_range | checksum=OK
[STREAM] N=2000000 threads=16 rep=10 batches=34903 time=1.022 s | package=229.827 J | dram=NA | total=229.827 J | power=224.9 W | runtime=in_range | checksum=OK
[OpenMP] requested=16 active=16
[STREAM] N=8000000 threads=16 rep=1 batches=5187 time=0.999 s | package=178.771 J | dram=NA | total=178.771 J | power=179.0 W | runtime=in_range | checksum=OK
[STREAM] N=8000000 threads=16 rep=2 batches=5187 time=0.998 s | package=178.931 J | dram=NA | total=178.931 J | power=179.4 W | runtime=in_range | checksum=OK
[STREAM] N=8000000 threads=16 rep=3 batches=5187 time=1.000 s | package=178.844 J | dram=NA | total=178.844 J | power=178.9 W | runtime=in_range | checksum=OK
[STREAM] N=8000000 threads=16 rep=4 batches=5187 time=0.997 s | package=178.606 J | dram=NA | total=178.606 J | power=179.2 W | runtime=in_range | checksum=OK
[STREAM] N=8000000 threads=16 rep=5 batches=5187 time=0.999 s | package=178.612 J | dram=NA | total=178.612 J | power=178.9 W | runtime=in_range | checksum=OK
[STREAM] N=8000000 threads=16 rep=6 batches=5187 time=0.998 s | package=178.761 J | dram=NA | total=178.761 J | power=179.1 W | runtime=in_range | checksum=OK
[STREAM] N=8000000 threads=16 rep=7 batches=5187 time=1.003 s | package=182.001 J | dram=NA | total=182.001 J | power=181.5 W | runtime=in_range | checksum=OK
[STREAM] N=8000000 threads=16 rep=8 batches=5187 time=0.998 s | package=182.019 J | dram=NA | total=182.019 J | power=182.4 W | runtime=in_range | checksum=OK
[STREAM] N=8000000 threads=16 rep=9 batches=5187 time=0.996 s | package=181.921 J | dram=NA | total=181.921 J | power=182.6 W | runtime=in_range | checksum=OK
[STREAM] N=8000000 threads=16 rep=10 batches=5187 time=0.998 s | package=182.019 J | dram=NA | total=182.019 J | power=182.5 W | runtime=in_range | checksum=OK
[OpenMP] requested=1 active=1
[STREAM] N=8000000 threads=1 rep=1 batches=230 time=1.005 s | package=74.766 J | dram=NA | total=74.766 J | power=74.4 W | runtime=in_range | checksum=OK
[STREAM] N=8000000 threads=1 rep=2 batches=230 time=1.008 s | package=74.818 J | dram=NA | total=74.818 J | power=74.3 W | runtime=in_range | checksum=OK
[STREAM] N=8000000 threads=1 rep=3 batches=230 time=1.005 s | package=74.580 J | dram=NA | total=74.580 J | power=74.2 W | runtime=in_range | checksum=OK
[STREAM] N=8000000 threads=1 rep=4 batches=230 time=1.008 s | package=74.681 J | dram=NA | total=74.681 J | power=74.1 W | runtime=in_range | checksum=OK
[STREAM] N=8000000 threads=1 rep=5 batches=230 time=1.005 s | package=74.494 J | dram=NA | total=74.494 J | power=74.1 W | runtime=in_range | checksum=OK
[STREAM] N=8000000 threads=1 rep=6 batches=230 time=1.006 s | package=74.428 J | dram=NA | total=74.428 J | power=74.0 W | runtime=in_range | checksum=OK
[STREAM] N=8000000 threads=1 rep=7 batches=230 time=1.005 s | package=74.303 J | dram=NA | total=74.303 J | power=73.9 W | runtime=in_range | checksum=OK
[STREAM] N=8000000 threads=1 rep=8 batches=230 time=1.005 s | package=74.210 J | dram=NA | total=74.210 J | power=73.8 W | runtime=in_range | checksum=OK
[STREAM] N=8000000 threads=1 rep=9 batches=230 time=1.005 s | package=74.209 J | dram=NA | total=74.209 J | power=73.9 W | runtime=in_range | checksum=OK
[STREAM] N=8000000 threads=1 rep=10 batches=230 time=1.010 s | package=74.544 J | dram=NA | total=74.544 J | power=73.8 W | runtime=in_range | checksum=OK
[OpenMP] requested=4 active=4
[STREAM] N=2000000 threads=4 rep=1 batches=14780 time=1.019 s | package=128.226 J | dram=NA | total=128.226 J | power=125.9 W | runtime=in_range | checksum=OK
[STREAM] N=2000000 threads=4 rep=2 batches=14780 time=1.024 s | package=128.759 J | dram=NA | total=128.759 J | power=125.7 W | runtime=in_range | checksum=OK
[STREAM] N=2000000 threads=4 rep=3 batches=14780 time=1.020 s | package=128.425 J | dram=NA | total=128.425 J | power=125.9 W | runtime=in_range | checksum=OK
[STREAM] N=2000000 threads=4 rep=4 batches=14780 time=1.021 s | package=128.408 J | dram=NA | total=128.408 J | power=125.7 W | runtime=in_range | checksum=OK
[STREAM] N=2000000 threads=4 rep=5 batches=14780 time=1.024 s | package=128.499 J | dram=NA | total=128.499 J | power=125.5 W | runtime=in_range | checksum=OK
[STREAM] N=2000000 threads=4 rep=6 batches=14780 time=1.027 s | package=128.952 J | dram=NA | total=128.952 J | power=125.5 W | runtime=in_range | checksum=OK
[STREAM] N=2000000 threads=4 rep=7 batches=14780 time=1.019 s | package=128.268 J | dram=NA | total=128.268 J | power=125.9 W | runtime=in_range | checksum=OK
[STREAM] N=2000000 threads=4 rep=8 batches=14780 time=1.014 s | package=127.959 J | dram=NA | total=127.959 J | power=126.2 W | runtime=in_range | checksum=OK
[STREAM] N=2000000 threads=4 rep=9 batches=14780 time=1.021 s | package=128.606 J | dram=NA | total=128.606 J | power=126.0 W | runtime=in_range | checksum=OK
[STREAM] N=2000000 threads=4 rep=10 batches=14780 time=1.022 s | package=128.613 J | dram=NA | total=128.613 J | power=125.9 W | runtime=in_range | checksum=OK
[OpenMP] requested=1 active=1
[STREAM] N=256000000 threads=1 rep=1 batches=8 time=1.141 s | package=81.953 J | dram=NA | total=81.953 J | power=71.9 W | runtime=in_range | checksum=OK
[STREAM] N=256000000 threads=1 rep=2 batches=8 time=1.144 s | package=82.079 J | dram=NA | total=82.079 J | power=71.8 W | runtime=in_range | checksum=OK
[STREAM] N=256000000 threads=1 rep=3 batches=8 time=1.134 s | package=82.837 J | dram=NA | total=82.837 J | power=73.0 W | runtime=in_range | checksum=OK
[STREAM] N=256000000 threads=1 rep=4 batches=8 time=1.129 s | package=82.348 J | dram=NA | total=82.348 J | power=73.0 W | runtime=in_range | checksum=OK
[STREAM] N=256000000 threads=1 rep=5 batches=8 time=1.133 s | package=82.561 J | dram=NA | total=82.561 J | power=72.9 W | runtime=in_range | checksum=OK
[STREAM] N=256000000 threads=1 rep=6 batches=8 time=1.131 s | package=82.476 J | dram=NA | total=82.476 J | power=72.9 W | runtime=in_range | checksum=OK
[STREAM] N=256000000 threads=1 rep=7 batches=8 time=1.136 s | package=83.019 J | dram=NA | total=83.019 J | power=73.1 W | runtime=in_range | checksum=OK
[STREAM] N=256000000 threads=1 rep=8 batches=8 time=1.135 s | package=82.772 J | dram=NA | total=82.772 J | power=72.9 W | runtime=in_range | checksum=OK
[STREAM] N=256000000 threads=1 rep=9 batches=8 time=1.134 s | package=82.683 J | dram=NA | total=82.683 J | power=72.9 W | runtime=in_range | checksum=OK
[STREAM] N=256000000 threads=1 rep=10 batches=8 time=1.144 s | package=83.320 J | dram=NA | total=83.320 J | power=72.8 W | runtime=in_range | checksum=OK
[OpenMP] requested=10 active=10
[STREAM] N=256000000 threads=10 rep=1 batches=14 time=1.057 s | package=112.106 J | dram=NA | total=112.106 J | power=106.1 W | runtime=in_range | checksum=OK
[STREAM] N=256000000 threads=10 rep=2 batches=14 time=1.057 s | package=112.214 J | dram=NA | total=112.214 J | power=106.1 W | runtime=in_range | checksum=OK
[STREAM] N=256000000 threads=10 rep=3 batches=14 time=1.058 s | package=112.428 J | dram=NA | total=112.428 J | power=106.3 W | runtime=in_range | checksum=OK
[STREAM] N=256000000 threads=10 rep=4 batches=14 time=1.057 s | package=112.358 J | dram=NA | total=112.358 J | power=106.3 W | runtime=in_range | checksum=OK
[STREAM] N=256000000 threads=10 rep=5 batches=14 time=1.058 s | package=112.437 J | dram=NA | total=112.437 J | power=106.3 W | runtime=in_range | checksum=OK
[STREAM] N=256000000 threads=10 rep=6 batches=14 time=1.058 s | package=112.536 J | dram=NA | total=112.536 J | power=106.4 W | runtime=in_range | checksum=OK
[STREAM] N=256000000 threads=10 rep=7 batches=14 time=1.057 s | package=112.446 J | dram=NA | total=112.446 J | power=106.3 W | runtime=in_range | checksum=OK
[STREAM] N=256000000 threads=10 rep=8 batches=14 time=1.057 s | package=112.570 J | dram=NA | total=112.570 J | power=106.5 W | runtime=in_range | checksum=OK
[STREAM] N=256000000 threads=10 rep=9 batches=14 time=1.057 s | package=112.471 J | dram=NA | total=112.471 J | power=106.4 W | runtime=in_range | checksum=OK
[STREAM] N=256000000 threads=10 rep=10 batches=14 time=1.057 s | package=112.461 J | dram=NA | total=112.461 J | power=106.4 W | runtime=in_range | checksum=OK
[OpenMP] requested=10 active=10
[STREAM] N=128000000 threads=10 rep=1 batches=27 time=1.031 s | package=113.142 J | dram=NA | total=113.142 J | power=109.8 W | runtime=in_range | checksum=OK
[STREAM] N=128000000 threads=10 rep=2 batches=27 time=1.031 s | package=113.181 J | dram=NA | total=113.181 J | power=109.8 W | runtime=in_range | checksum=OK
[STREAM] N=128000000 threads=10 rep=3 batches=27 time=1.031 s | package=113.334 J | dram=NA | total=113.334 J | power=109.9 W | runtime=in_range | checksum=OK
[STREAM] N=128000000 threads=10 rep=4 batches=27 time=1.031 s | package=113.235 J | dram=NA | total=113.235 J | power=109.8 W | runtime=in_range | checksum=OK
[STREAM] N=128000000 threads=10 rep=5 batches=27 time=1.031 s | package=113.301 J | dram=NA | total=113.301 J | power=109.9 W | runtime=in_range | checksum=OK
[STREAM] N=128000000 threads=10 rep=6 batches=27 time=1.031 s | package=113.377 J | dram=NA | total=113.377 J | power=109.9 W | runtime=in_range | checksum=OK
[STREAM] N=128000000 threads=10 rep=7 batches=27 time=1.031 s | package=113.388 J | dram=NA | total=113.388 J | power=109.9 W | runtime=in_range | checksum=OK
[STREAM] N=128000000 threads=10 rep=8 batches=27 time=1.031 s | package=113.356 J | dram=NA | total=113.356 J | power=109.9 W | runtime=in_range | checksum=OK
[STREAM] N=128000000 threads=10 rep=9 batches=27 time=1.031 s | package=113.271 J | dram=NA | total=113.271 J | power=109.9 W | runtime=in_range | checksum=OK
[STREAM] N=128000000 threads=10 rep=10 batches=27 time=1.031 s | package=113.381 J | dram=NA | total=113.381 J | power=110.0 W | runtime=in_range | checksum=OK
[OpenMP] requested=20 active=20
[STREAM] N=16000000 threads=20 rep=1 batches=241 time=1.003 s | package=120.842 J | dram=NA | total=120.842 J | power=120.4 W | runtime=in_range | checksum=OK
[STREAM] N=16000000 threads=20 rep=2 batches=241 time=1.004 s | package=121.128 J | dram=NA | total=121.128 J | power=120.6 W | runtime=in_range | checksum=OK
[STREAM] N=16000000 threads=20 rep=3 batches=241 time=1.004 s | package=121.139 J | dram=NA | total=121.139 J | power=120.7 W | runtime=in_range | checksum=OK
[STREAM] N=16000000 threads=20 rep=4 batches=241 time=1.003 s | package=121.069 J | dram=NA | total=121.069 J | power=120.7 W | runtime=in_range | checksum=OK
[STREAM] N=16000000 threads=20 rep=5 batches=241 time=1.003 s | package=121.071 J | dram=NA | total=121.071 J | power=120.7 W | runtime=in_range | checksum=OK
[STREAM] N=16000000 threads=20 rep=6 batches=241 time=1.003 s | package=121.130 J | dram=NA | total=121.130 J | power=120.8 W | runtime=in_range | checksum=OK
[STREAM] N=16000000 threads=20 rep=7 batches=241 time=1.003 s | package=121.124 J | dram=NA | total=121.124 J | power=120.8 W | runtime=in_range | checksum=OK
[STREAM] N=16000000 threads=20 rep=8 batches=241 time=1.003 s | package=121.103 J | dram=NA | total=121.103 J | power=120.7 W | runtime=in_range | checksum=OK
[STREAM] N=16000000 threads=20 rep=9 batches=241 time=1.003 s | package=121.271 J | dram=NA | total=121.271 J | power=120.9 W | runtime=in_range | checksum=OK
[STREAM] N=16000000 threads=20 rep=10 batches=241 time=1.004 s | package=121.250 J | dram=NA | total=121.250 J | power=120.8 W | runtime=in_range | checksum=OK
[OpenMP] requested=2 active=2
[STREAM] N=128000000 threads=2 rep=1 batches=23 time=1.018 s | package=83.667 J | dram=NA | total=83.667 J | power=82.1 W | runtime=in_range | checksum=OK
[STREAM] N=128000000 threads=2 rep=2 batches=23 time=1.023 s | package=83.805 J | dram=NA | total=83.805 J | power=82.0 W | runtime=in_range | checksum=OK
[STREAM] N=128000000 threads=2 rep=3 batches=23 time=1.024 s | package=83.755 J | dram=NA | total=83.755 J | power=81.8 W | runtime=in_range | checksum=OK
[STREAM] N=128000000 threads=2 rep=4 batches=23 time=1.023 s | package=83.704 J | dram=NA | total=83.704 J | power=81.8 W | runtime=in_range | checksum=OK
[STREAM] N=128000000 threads=2 rep=5 batches=23 time=1.025 s | package=83.828 J | dram=NA | total=83.828 J | power=81.7 W | runtime=in_range | checksum=OK
[STREAM] N=128000000 threads=2 rep=6 batches=23 time=1.023 s | package=83.695 J | dram=NA | total=83.695 J | power=81.8 W | runtime=in_range | checksum=OK
[STREAM] N=128000000 threads=2 rep=7 batches=23 time=1.024 s | package=83.644 J | dram=NA | total=83.644 J | power=81.7 W | runtime=in_range | checksum=OK
[STREAM] N=128000000 threads=2 rep=8 batches=23 time=1.021 s | package=83.402 J | dram=NA | total=83.402 J | power=81.7 W | runtime=in_range | checksum=OK
[STREAM] N=128000000 threads=2 rep=9 batches=23 time=1.027 s | package=83.745 J | dram=NA | total=83.745 J | power=81.6 W | runtime=in_range | checksum=OK
[STREAM] N=128000000 threads=2 rep=10 batches=23 time=1.025 s | package=83.708 J | dram=NA | total=83.708 J | power=81.7 W | runtime=in_range | checksum=OK
[OpenMP] requested=32 active=32
[STREAM] N=64000000 threads=32 rep=1 batches=52 time=1.019 s | package=154.729 J | dram=NA | total=154.729 J | power=151.9 W | runtime=in_range | checksum=OK
[STREAM] N=64000000 threads=32 rep=2 batches=52 time=1.018 s | package=154.867 J | dram=NA | total=154.867 J | power=152.1 W | runtime=in_range | checksum=OK
[STREAM] N=64000000 threads=32 rep=3 batches=52 time=1.019 s | package=154.654 J | dram=NA | total=154.654 J | power=151.8 W | runtime=in_range | checksum=OK
[STREAM] N=64000000 threads=32 rep=4 batches=52 time=1.019 s | package=154.838 J | dram=NA | total=154.838 J | power=152.0 W | runtime=in_range | checksum=OK
[STREAM] N=64000000 threads=32 rep=5 batches=52 time=1.019 s | package=155.252 J | dram=NA | total=155.252 J | power=152.4 W | runtime=in_range | checksum=OK
[STREAM] N=64000000 threads=32 rep=6 batches=52 time=1.019 s | package=155.360 J | dram=NA | total=155.360 J | power=152.5 W | runtime=in_range | checksum=OK
[STREAM] N=64000000 threads=32 rep=7 batches=52 time=1.019 s | package=155.570 J | dram=NA | total=155.570 J | power=152.7 W | runtime=in_range | checksum=OK
[STREAM] N=64000000 threads=32 rep=8 batches=52 time=1.019 s | package=155.672 J | dram=NA | total=155.672 J | power=152.8 W | runtime=in_range | checksum=OK
[STREAM] N=64000000 threads=32 rep=9 batches=52 time=1.019 s | package=156.009 J | dram=NA | total=156.009 J | power=153.1 W | runtime=in_range | checksum=OK
[STREAM] N=64000000 threads=32 rep=10 batches=52 time=1.019 s | package=155.797 J | dram=NA | total=155.797 J | power=152.9 W | runtime=in_range | checksum=OK
[OpenMP] requested=10 active=10
[STREAM] N=1000000 threads=10 rep=1 batches=44342 time=0.996 s | package=168.852 J | dram=NA | total=168.852 J | power=169.5 W | runtime=in_range | checksum=OK
[STREAM] N=1000000 threads=10 rep=2 batches=44342 time=1.009 s | package=169.929 J | dram=NA | total=169.929 J | power=168.4 W | runtime=in_range | checksum=OK
[STREAM] N=1000000 threads=10 rep=3 batches=44342 time=1.004 s | package=169.058 J | dram=NA | total=169.058 J | power=168.3 W | runtime=in_range | checksum=OK
[STREAM] N=1000000 threads=10 rep=4 batches=44342 time=1.016 s | package=170.736 J | dram=NA | total=170.736 J | power=168.0 W | runtime=in_range | checksum=OK
[STREAM] N=1000000 threads=10 rep=5 batches=44342 time=1.004 s | package=169.362 J | dram=NA | total=169.362 J | power=168.7 W | runtime=in_range | checksum=OK
[STREAM] N=1000000 threads=10 rep=6 batches=44342 time=1.007 s | package=169.841 J | dram=NA | total=169.841 J | power=168.7 W | runtime=in_range | checksum=OK
[STREAM] N=1000000 threads=10 rep=7 batches=44342 time=0.999 s | package=168.861 J | dram=NA | total=168.861 J | power=169.0 W | runtime=in_range | checksum=OK
[STREAM] N=1000000 threads=10 rep=8 batches=44342 time=1.004 s | package=169.352 J | dram=NA | total=169.352 J | power=168.8 W | runtime=in_range | checksum=OK
[STREAM] N=1000000 threads=10 rep=9 batches=44342 time=0.998 s | package=168.503 J | dram=NA | total=168.503 J | power=168.8 W | runtime=in_range | checksum=OK
[STREAM] N=1000000 threads=10 rep=10 batches=44342 time=1.027 s | package=171.739 J | dram=NA | total=171.739 J | power=167.2 W | runtime=in_range | checksum=OK
[OpenMP] requested=2 active=2
[STREAM] N=32000000 threads=2 rep=1 batches=88 time=1.007 s | package=82.272 J | dram=NA | total=82.272 J | power=81.7 W | runtime=in_range | checksum=OK
[STREAM] N=32000000 threads=2 rep=2 batches=88 time=1.011 s | package=82.224 J | dram=NA | total=82.224 J | power=81.4 W | runtime=in_range | checksum=OK
[STREAM] N=32000000 threads=2 rep=3 batches=88 time=1.007 s | package=81.929 J | dram=NA | total=81.929 J | power=81.4 W | runtime=in_range | checksum=OK
[STREAM] N=32000000 threads=2 rep=4 batches=88 time=1.013 s | package=82.246 J | dram=NA | total=82.246 J | power=81.2 W | runtime=in_range | checksum=OK
[STREAM] N=32000000 threads=2 rep=5 batches=88 time=1.014 s | package=82.140 J | dram=NA | total=82.140 J | power=81.0 W | runtime=in_range | checksum=OK
[STREAM] N=32000000 threads=2 rep=6 batches=88 time=1.011 s | package=81.993 J | dram=NA | total=81.993 J | power=81.1 W | runtime=in_range | checksum=OK
[STREAM] N=32000000 threads=2 rep=7 batches=88 time=1.016 s | package=82.275 J | dram=NA | total=82.275 J | power=81.0 W | runtime=in_range | checksum=OK
[STREAM] N=32000000 threads=2 rep=8 batches=88 time=1.012 s | package=82.046 J | dram=NA | total=82.046 J | power=81.1 W | runtime=in_range | checksum=OK
[STREAM] N=32000000 threads=2 rep=9 batches=88 time=1.012 s | package=81.970 J | dram=NA | total=81.970 J | power=81.0 W | runtime=in_range | checksum=OK
[STREAM] N=32000000 threads=2 rep=10 batches=88 time=1.011 s | package=81.922 J | dram=NA | total=81.922 J | power=81.1 W | runtime=in_range | checksum=OK
[OpenMP] requested=64 active=64
[STREAM] N=64000000 threads=64 rep=1 batches=51 time=1.012 s | package=159.324 J | dram=NA | total=159.324 J | power=157.5 W | runtime=in_range | checksum=OK
[STREAM] N=64000000 threads=64 rep=2 batches=51 time=1.012 s | package=159.570 J | dram=NA | total=159.570 J | power=157.7 W | runtime=in_range | checksum=OK
[STREAM] N=64000000 threads=64 rep=3 batches=51 time=1.012 s | package=159.912 J | dram=NA | total=159.912 J | power=158.0 W | runtime=in_range | checksum=OK
[STREAM] N=64000000 threads=64 rep=4 batches=51 time=1.012 s | package=160.147 J | dram=NA | total=160.147 J | power=158.2 W | runtime=in_range | checksum=OK
[STREAM] N=64000000 threads=64 rep=5 batches=51 time=1.012 s | package=160.379 J | dram=NA | total=160.379 J | power=158.5 W | runtime=in_range | checksum=OK
[STREAM] N=64000000 threads=64 rep=6 batches=51 time=1.012 s | package=160.575 J | dram=NA | total=160.575 J | power=158.6 W | runtime=in_range | checksum=OK
[STREAM] N=64000000 threads=64 rep=7 batches=51 time=1.012 s | package=160.794 J | dram=NA | total=160.794 J | power=158.9 W | runtime=in_range | checksum=OK
[STREAM] N=64000000 threads=64 rep=8 batches=51 time=1.012 s | package=160.634 J | dram=NA | total=160.634 J | power=158.8 W | runtime=in_range | checksum=OK
[STREAM] N=64000000 threads=64 rep=9 batches=51 time=1.012 s | package=160.306 J | dram=NA | total=160.306 J | power=158.4 W | runtime=in_range | checksum=OK
[STREAM] N=64000000 threads=64 rep=10 batches=51 time=1.012 s | package=160.330 J | dram=NA | total=160.330 J | power=158.4 W | runtime=in_range | checksum=OK
[OpenMP] requested=2 active=2
[STREAM] N=4000000 threads=2 rep=1 batches=809 time=1.003 s | package=86.198 J | dram=NA | total=86.198 J | power=86.0 W | runtime=in_range | checksum=OK
[STREAM] N=4000000 threads=2 rep=2 batches=809 time=1.008 s | package=86.422 J | dram=NA | total=86.422 J | power=85.8 W | runtime=in_range | checksum=OK
[STREAM] N=4000000 threads=2 rep=3 batches=809 time=1.007 s | package=86.341 J | dram=NA | total=86.341 J | power=85.7 W | runtime=in_range | checksum=OK
[STREAM] N=4000000 threads=2 rep=4 batches=809 time=1.003 s | package=85.211 J | dram=NA | total=85.211 J | power=85.0 W | runtime=in_range | checksum=OK
[STREAM] N=4000000 threads=2 rep=5 batches=809 time=1.007 s | package=85.187 J | dram=NA | total=85.187 J | power=84.6 W | runtime=in_range | checksum=OK
[STREAM] N=4000000 threads=2 rep=6 batches=809 time=1.005 s | package=84.972 J | dram=NA | total=84.972 J | power=84.5 W | runtime=in_range | checksum=OK
[STREAM] N=4000000 threads=2 rep=7 batches=809 time=1.007 s | package=84.490 J | dram=NA | total=84.490 J | power=83.9 W | runtime=in_range | checksum=OK
[STREAM] N=4000000 threads=2 rep=8 batches=809 time=1.007 s | package=83.972 J | dram=NA | total=83.972 J | power=83.3 W | runtime=in_range | checksum=OK
[STREAM] N=4000000 threads=2 rep=9 batches=809 time=1.008 s | package=83.878 J | dram=NA | total=83.878 J | power=83.2 W | runtime=in_range | checksum=OK
[STREAM] N=4000000 threads=2 rep=10 batches=809 time=1.007 s | package=83.783 J | dram=NA | total=83.783 J | power=83.2 W | runtime=in_range | checksum=OK
[OpenMP] requested=16 active=16
[STREAM] N=4000000 threads=16 rep=1 batches=22613 time=1.049 s | package=267.505 J | dram=NA | total=267.505 J | power=255.0 W | runtime=in_range | checksum=OK
[STREAM] N=4000000 threads=16 rep=2 batches=22613 time=1.051 s | package=267.377 J | dram=NA | total=267.377 J | power=254.5 W | runtime=in_range | checksum=OK
[STREAM] N=4000000 threads=16 rep=3 batches=22613 time=1.052 s | package=267.127 J | dram=NA | total=267.127 J | power=254.0 W | runtime=in_range | checksum=OK
[STREAM] N=4000000 threads=16 rep=4 batches=22613 time=1.055 s | package=267.799 J | dram=NA | total=267.799 J | power=254.0 W | runtime=in_range | checksum=OK
[STREAM] N=4000000 threads=16 rep=5 batches=22613 time=1.045 s | package=266.869 J | dram=NA | total=266.869 J | power=255.3 W | runtime=in_range | checksum=OK
[STREAM] N=4000000 threads=16 rep=6 batches=22613 time=1.039 s | package=266.111 J | dram=NA | total=266.111 J | power=256.1 W | runtime=in_range | checksum=OK
[STREAM] N=4000000 threads=16 rep=7 batches=22613 time=1.047 s | package=266.987 J | dram=NA | total=266.987 J | power=255.0 W | runtime=in_range | checksum=OK
[STREAM] N=4000000 threads=16 rep=8 batches=22613 time=1.027 s | package=264.700 J | dram=NA | total=264.700 J | power=257.8 W | runtime=in_range | checksum=OK
[STREAM] N=4000000 threads=16 rep=9 batches=22613 time=1.026 s | package=264.575 J | dram=NA | total=264.575 J | power=257.9 W | runtime=in_range | checksum=OK
[STREAM] N=4000000 threads=16 rep=10 batches=22613 time=1.027 s | package=264.809 J | dram=NA | total=264.809 J | power=257.8 W | runtime=in_range | checksum=OK
[OpenMP] requested=2 active=2
[STREAM] N=256000000 threads=2 rep=1 batches=12 time=1.053 s | package=88.604 J | dram=NA | total=88.604 J | power=84.1 W | runtime=in_range | checksum=OK
[STREAM] N=256000000 threads=2 rep=2 batches=12 time=1.059 s | package=88.714 J | dram=NA | total=88.714 J | power=83.8 W | runtime=in_range | checksum=OK
[STREAM] N=256000000 threads=2 rep=3 batches=12 time=1.057 s | package=88.557 J | dram=NA | total=88.557 J | power=83.8 W | runtime=in_range | checksum=OK
[STREAM] N=256000000 threads=2 rep=4 batches=12 time=1.057 s | package=88.269 J | dram=NA | total=88.269 J | power=83.5 W | runtime=in_range | checksum=OK
[STREAM] N=256000000 threads=2 rep=5 batches=12 time=1.057 s | package=86.935 J | dram=NA | total=86.935 J | power=82.2 W | runtime=in_range | checksum=OK
[STREAM] N=256000000 threads=2 rep=6 batches=12 time=1.056 s | package=86.855 J | dram=NA | total=86.855 J | power=82.2 W | runtime=in_range | checksum=OK
[STREAM] N=256000000 threads=2 rep=7 batches=12 time=1.057 s | package=87.146 J | dram=NA | total=87.146 J | power=82.4 W | runtime=in_range | checksum=OK
[STREAM] N=256000000 threads=2 rep=8 batches=12 time=1.059 s | package=86.857 J | dram=NA | total=86.857 J | power=82.0 W | runtime=in_range | checksum=OK
[STREAM] N=256000000 threads=2 rep=9 batches=12 time=1.060 s | package=86.864 J | dram=NA | total=86.864 J | power=82.0 W | runtime=in_range | checksum=OK
[STREAM] N=256000000 threads=2 rep=10 batches=12 time=1.059 s | package=86.818 J | dram=NA | total=86.818 J | power=82.0 W | runtime=in_range | checksum=OK
[OpenMP] requested=16 active=16
[STREAM] N=1000000 threads=16 rep=1 batches=47574 time=1.014 s | package=181.735 J | dram=NA | total=181.735 J | power=179.3 W | runtime=in_range | checksum=OK
[STREAM] N=1000000 threads=16 rep=2 batches=47574 time=1.003 s | package=180.834 J | dram=NA | total=180.834 J | power=180.2 W | runtime=in_range | checksum=OK
[STREAM] N=1000000 threads=16 rep=3 batches=47574 time=1.021 s | package=182.728 J | dram=NA | total=182.728 J | power=178.9 W | runtime=in_range | checksum=OK
[STREAM] N=1000000 threads=16 rep=4 batches=47574 time=1.024 s | package=183.222 J | dram=NA | total=183.222 J | power=179.0 W | runtime=in_range | checksum=OK
[STREAM] N=1000000 threads=16 rep=5 batches=47574 time=1.018 s | package=183.403 J | dram=NA | total=183.403 J | power=180.1 W | runtime=in_range | checksum=OK
[STREAM] N=1000000 threads=16 rep=6 batches=47574 time=1.016 s | package=183.064 J | dram=NA | total=183.064 J | power=180.1 W | runtime=in_range | checksum=OK
[STREAM] N=1000000 threads=16 rep=7 batches=47574 time=1.009 s | package=182.511 J | dram=NA | total=182.511 J | power=180.9 W | runtime=in_range | checksum=OK
[STREAM] N=1000000 threads=16 rep=8 batches=47574 time=1.009 s | package=182.141 J | dram=NA | total=182.141 J | power=180.4 W | runtime=in_range | checksum=OK
[STREAM] N=1000000 threads=16 rep=9 batches=47574 time=1.014 s | package=182.291 J | dram=NA | total=182.291 J | power=179.8 W | runtime=in_range | checksum=OK
[STREAM] N=1000000 threads=16 rep=10 batches=47574 time=1.002 s | package=181.373 J | dram=NA | total=181.373 J | power=181.1 W | runtime=in_range | checksum=OK
[OpenMP] requested=64 active=64
[STREAM] N=16000000 threads=64 rep=1 batches=254 time=1.001 s | package=161.174 J | dram=NA | total=161.174 J | power=160.9 W | runtime=in_range | checksum=OK
[STREAM] N=16000000 threads=64 rep=2 batches=254 time=1.002 s | package=161.240 J | dram=NA | total=161.240 J | power=160.9 W | runtime=in_range | checksum=OK
[STREAM] N=16000000 threads=64 rep=3 batches=254 time=1.003 s | package=161.121 J | dram=NA | total=161.121 J | power=160.6 W | runtime=in_range | checksum=OK
[STREAM] N=16000000 threads=64 rep=4 batches=254 time=1.002 s | package=161.207 J | dram=NA | total=161.207 J | power=160.9 W | runtime=in_range | checksum=OK
[STREAM] N=16000000 threads=64 rep=5 batches=254 time=1.002 s | package=161.058 J | dram=NA | total=161.058 J | power=160.8 W | runtime=in_range | checksum=OK
[STREAM] N=16000000 threads=64 rep=6 batches=254 time=1.002 s | package=161.086 J | dram=NA | total=161.086 J | power=160.7 W | runtime=in_range | checksum=OK
[STREAM] N=16000000 threads=64 rep=7 batches=254 time=1.004 s | package=161.412 J | dram=NA | total=161.412 J | power=160.7 W | runtime=in_range | checksum=OK
[STREAM] N=16000000 threads=64 rep=8 batches=254 time=1.002 s | package=161.145 J | dram=NA | total=161.145 J | power=160.9 W | runtime=in_range | checksum=OK
[STREAM] N=16000000 threads=64 rep=9 batches=254 time=1.002 s | package=161.167 J | dram=NA | total=161.167 J | power=160.8 W | runtime=in_range | checksum=OK
[STREAM] N=16000000 threads=64 rep=10 batches=254 time=1.001 s | package=161.152 J | dram=NA | total=161.152 J | power=160.9 W | runtime=in_range | checksum=OK
[OpenMP] requested=64 active=64
[STREAM] N=1000000 threads=64 rep=1 batches=17413 time=1.001 s | package=165.675 J | dram=NA | total=165.675 J | power=165.4 W | runtime=in_range | checksum=OK
[STREAM] N=1000000 threads=64 rep=2 batches=17413 time=1.005 s | package=166.121 J | dram=NA | total=166.121 J | power=165.3 W | runtime=in_range | checksum=OK
[STREAM] N=1000000 threads=64 rep=3 batches=17413 time=1.003 s | package=165.930 J | dram=NA | total=165.930 J | power=165.4 W | runtime=in_range | checksum=OK
[STREAM] N=1000000 threads=64 rep=4 batches=17413 time=1.005 s | package=166.094 J | dram=NA | total=166.094 J | power=165.3 W | runtime=in_range | checksum=OK
[STREAM] N=1000000 threads=64 rep=5 batches=17413 time=1.001 s | package=165.721 J | dram=NA | total=165.721 J | power=165.5 W | runtime=in_range | checksum=OK
[STREAM] N=1000000 threads=64 rep=6 batches=17413 time=1.001 s | package=165.707 J | dram=NA | total=165.707 J | power=165.5 W | runtime=in_range | checksum=OK
[STREAM] N=1000000 threads=64 rep=7 batches=17413 time=1.001 s | package=165.689 J | dram=NA | total=165.689 J | power=165.5 W | runtime=in_range | checksum=OK
[STREAM] N=1000000 threads=64 rep=8 batches=17413 time=1.004 s | package=166.060 J | dram=NA | total=166.060 J | power=165.3 W | runtime=in_range | checksum=OK
[STREAM] N=1000000 threads=64 rep=9 batches=17413 time=1.003 s | package=165.779 J | dram=NA | total=165.779 J | power=165.3 W | runtime=in_range | checksum=OK
[STREAM] N=1000000 threads=64 rep=10 batches=17413 time=1.004 s | package=165.960 J | dram=NA | total=165.960 J | power=165.3 W | runtime=in_range | checksum=OK
[OpenMP] requested=4 active=4
[STREAM] N=32000000 threads=4 rep=1 batches=106 time=1.001 s | package=101.498 J | dram=NA | total=101.498 J | power=101.4 W | runtime=in_range | checksum=OK
[STREAM] N=32000000 threads=4 rep=2 batches=106 time=1.004 s | package=101.438 J | dram=NA | total=101.438 J | power=101.1 W | runtime=in_range | checksum=OK
[STREAM] N=32000000 threads=4 rep=3 batches=106 time=1.003 s | package=100.431 J | dram=NA | total=100.431 J | power=100.1 W | runtime=in_range | checksum=OK
[STREAM] N=32000000 threads=4 rep=4 batches=106 time=1.005 s | package=100.695 J | dram=NA | total=100.695 J | power=100.2 W | runtime=in_range | checksum=OK
[STREAM] N=32000000 threads=4 rep=5 batches=106 time=1.001 s | package=100.282 J | dram=NA | total=100.282 J | power=100.2 W | runtime=in_range | checksum=OK
[STREAM] N=32000000 threads=4 rep=6 batches=106 time=1.003 s | package=100.256 J | dram=NA | total=100.256 J | power=99.9 W | runtime=in_range | checksum=OK
[STREAM] N=32000000 threads=4 rep=7 batches=106 time=1.004 s | package=100.202 J | dram=NA | total=100.202 J | power=99.8 W | runtime=in_range | checksum=OK
[STREAM] N=32000000 threads=4 rep=8 batches=106 time=1.003 s | package=100.115 J | dram=NA | total=100.115 J | power=99.8 W | runtime=in_range | checksum=OK
[STREAM] N=32000000 threads=4 rep=9 batches=106 time=1.001 s | package=99.881 J | dram=NA | total=99.881 J | power=99.8 W | runtime=in_range | checksum=OK
[STREAM] N=32000000 threads=4 rep=10 batches=106 time=1.002 s | package=99.903 J | dram=NA | total=99.903 J | power=99.7 W | runtime=in_range | checksum=OK
[OpenMP] requested=64 active=64
[STREAM] N=8000000 threads=64 rep=1 batches=9317 time=1.000 s | package=262.617 J | dram=NA | total=262.617 J | power=262.6 W | runtime=in_range | checksum=OK
[STREAM] N=8000000 threads=64 rep=2 batches=9317 time=1.006 s | package=263.791 J | dram=NA | total=263.791 J | power=262.2 W | runtime=in_range | checksum=OK
[STREAM] N=8000000 threads=64 rep=3 batches=9317 time=1.006 s | package=263.880 J | dram=NA | total=263.880 J | power=262.3 W | runtime=in_range | checksum=OK
[STREAM] N=8000000 threads=64 rep=4 batches=9317 time=1.004 s | package=263.936 J | dram=NA | total=263.936 J | power=262.8 W | runtime=in_range | checksum=OK
[STREAM] N=8000000 threads=64 rep=5 batches=9317 time=1.007 s | package=264.525 J | dram=NA | total=264.525 J | power=262.8 W | runtime=in_range | checksum=OK
[STREAM] N=8000000 threads=64 rep=6 batches=9317 time=1.013 s | package=265.369 J | dram=NA | total=265.369 J | power=262.1 W | runtime=in_range | checksum=OK
[STREAM] N=8000000 threads=64 rep=7 batches=9317 time=1.004 s | package=264.227 J | dram=NA | total=264.227 J | power=263.2 W | runtime=in_range | checksum=OK
[STREAM] N=8000000 threads=64 rep=8 batches=9317 time=1.003 s | package=264.118 J | dram=NA | total=264.118 J | power=263.4 W | runtime=in_range | checksum=OK
[STREAM] N=8000000 threads=64 rep=9 batches=9317 time=1.006 s | package=264.411 J | dram=NA | total=264.411 J | power=262.8 W | runtime=in_range | checksum=OK
[STREAM] N=8000000 threads=64 rep=10 batches=9317 time=1.005 s | package=264.404 J | dram=NA | total=264.404 J | power=263.1 W | runtime=in_range | checksum=OK
[OpenMP] requested=64 active=64
[STREAM] N=256000000 threads=64 rep=1 batches=13 time=1.019 s | package=164.158 J | dram=NA | total=164.158 J | power=161.0 W | runtime=in_range | checksum=OK
[STREAM] N=256000000 threads=64 rep=2 batches=13 time=1.021 s | package=163.873 J | dram=NA | total=163.873 J | power=160.5 W | runtime=in_range | checksum=OK
[STREAM] N=256000000 threads=64 rep=3 batches=13 time=1.020 s | package=163.268 J | dram=NA | total=163.268 J | power=160.0 W | runtime=in_range | checksum=OK
[STREAM] N=256000000 threads=64 rep=4 batches=13 time=1.020 s | package=163.248 J | dram=NA | total=163.248 J | power=160.1 W | runtime=in_range | checksum=OK
[STREAM] N=256000000 threads=64 rep=5 batches=13 time=1.020 s | package=163.102 J | dram=NA | total=163.102 J | power=160.0 W | runtime=in_range | checksum=OK
[STREAM] N=256000000 threads=64 rep=6 batches=13 time=1.020 s | package=163.213 J | dram=NA | total=163.213 J | power=160.0 W | runtime=in_range | checksum=OK
[STREAM] N=256000000 threads=64 rep=7 batches=13 time=1.020 s | package=163.240 J | dram=NA | total=163.240 J | power=160.1 W | runtime=in_range | checksum=OK
[STREAM] N=256000000 threads=64 rep=8 batches=13 time=1.019 s | package=163.119 J | dram=NA | total=163.119 J | power=160.1 W | runtime=in_range | checksum=OK
[STREAM] N=256000000 threads=64 rep=9 batches=13 time=1.020 s | package=163.269 J | dram=NA | total=163.269 J | power=160.1 W | runtime=in_range | checksum=OK
[STREAM] N=256000000 threads=64 rep=10 batches=13 time=1.020 s | package=163.133 J | dram=NA | total=163.133 J | power=159.9 W | runtime=in_range | checksum=OK
[OpenMP] requested=16 active=16
[STREAM] N=256000000 threads=16 rep=1 batches=14 time=1.064 s | package=138.352 J | dram=NA | total=138.352 J | power=130.0 W | runtime=in_range | checksum=OK
[STREAM] N=256000000 threads=16 rep=2 batches=14 time=1.064 s | package=138.355 J | dram=NA | total=138.355 J | power=130.0 W | runtime=in_range | checksum=OK
[STREAM] N=256000000 threads=16 rep=3 batches=14 time=1.064 s | package=138.226 J | dram=NA | total=138.226 J | power=129.9 W | runtime=in_range | checksum=OK
[STREAM] N=256000000 threads=16 rep=4 batches=14 time=1.064 s | package=138.281 J | dram=NA | total=138.281 J | power=130.0 W | runtime=in_range | checksum=OK
[STREAM] N=256000000 threads=16 rep=5 batches=14 time=1.064 s | package=138.115 J | dram=NA | total=138.115 J | power=129.8 W | runtime=in_range | checksum=OK
[STREAM] N=256000000 threads=16 rep=6 batches=14 time=1.065 s | package=138.271 J | dram=NA | total=138.271 J | power=129.9 W | runtime=in_range | checksum=OK
[STREAM] N=256000000 threads=16 rep=7 batches=14 time=1.064 s | package=138.104 J | dram=NA | total=138.104 J | power=129.7 W | runtime=in_range | checksum=OK
[STREAM] N=256000000 threads=16 rep=8 batches=14 time=1.065 s | package=138.145 J | dram=NA | total=138.145 J | power=129.8 W | runtime=in_range | checksum=OK
[STREAM] N=256000000 threads=16 rep=9 batches=14 time=1.064 s | package=138.237 J | dram=NA | total=138.237 J | power=129.9 W | runtime=in_range | checksum=OK
[STREAM] N=256000000 threads=16 rep=10 batches=14 time=1.064 s | package=138.132 J | dram=NA | total=138.132 J | power=129.8 W | runtime=in_range | checksum=OK
[OpenMP] requested=8 active=8
[STREAM] N=1000000 threads=8 rep=1 batches=41271 time=1.033 s | package=161.533 J | dram=NA | total=161.533 J | power=156.4 W | runtime=in_range | checksum=OK
[STREAM] N=1000000 threads=8 rep=2 batches=41271 time=1.017 s | package=159.938 J | dram=NA | total=159.938 J | power=157.3 W | runtime=in_range | checksum=OK
[STREAM] N=1000000 threads=8 rep=3 batches=41271 time=1.017 s | package=160.181 J | dram=NA | total=160.181 J | power=157.5 W | runtime=in_range | checksum=OK
[STREAM] N=1000000 threads=8 rep=4 batches=41271 time=1.026 s | package=161.148 J | dram=NA | total=161.148 J | power=157.1 W | runtime=in_range | checksum=OK
[STREAM] N=1000000 threads=8 rep=5 batches=41271 time=1.038 s | package=162.092 J | dram=NA | total=162.092 J | power=156.2 W | runtime=in_range | checksum=OK
[STREAM] N=1000000 threads=8 rep=6 batches=41271 time=1.023 s | package=160.857 J | dram=NA | total=160.857 J | power=157.3 W | runtime=in_range | checksum=OK
[STREAM] N=1000000 threads=8 rep=7 batches=41271 time=1.020 s | package=161.004 J | dram=NA | total=161.004 J | power=157.9 W | runtime=in_range | checksum=OK
[STREAM] N=1000000 threads=8 rep=8 batches=41271 time=1.014 s | package=159.990 J | dram=NA | total=159.990 J | power=157.7 W | runtime=in_range | checksum=OK
[STREAM] N=1000000 threads=8 rep=9 batches=41271 time=1.022 s | package=160.919 J | dram=NA | total=160.919 J | power=157.4 W | runtime=in_range | checksum=OK
[STREAM] N=1000000 threads=8 rep=10 batches=41271 time=1.017 s | package=160.428 J | dram=NA | total=160.428 J | power=157.7 W | runtime=in_range | checksum=OK
