STREAM | AMD Ryzen Threadripper 3970X 32-Core Processor | platform=AMD | session=stream_amd_20260721_095517_session1 | reps=10 | configs=81 | DRAM-RAPL=no
[OpenMP] requested=32 active=32
[STREAM] N=128000000 threads=32 rep=1 batches=26 time=1.010 s | package=151.833 J | dram=NA | total=151.833 J | power=150.4 W | runtime=in_range | checksum=OK
[STREAM] N=128000000 threads=32 rep=2 batches=26 time=1.010 s | package=151.916 J | dram=NA | total=151.916 J | power=150.4 W | runtime=in_range | checksum=OK
[STREAM] N=128000000 threads=32 rep=3 batches=26 time=1.009 s | package=152.155 J | dram=NA | total=152.155 J | power=150.7 W | runtime=in_range | checksum=OK
[STREAM] N=128000000 threads=32 rep=4 batches=26 time=1.013 s | package=153.000 J | dram=NA | total=153.000 J | power=151.1 W | runtime=in_range | checksum=OK
[STREAM] N=128000000 threads=32 rep=5 batches=26 time=1.013 s | package=153.026 J | dram=NA | total=153.026 J | power=151.0 W | runtime=in_range | checksum=OK
[STREAM] N=128000000 threads=32 rep=6 batches=26 time=1.010 s | package=152.536 J | dram=NA | total=152.536 J | power=151.1 W | runtime=in_range | checksum=OK
[STREAM] N=128000000 threads=32 rep=7 batches=26 time=1.010 s | package=152.486 J | dram=NA | total=152.486 J | power=151.0 W | runtime=in_range | checksum=OK
[STREAM] N=128000000 threads=32 rep=8 batches=26 time=1.012 s | package=153.382 J | dram=NA | total=153.382 J | power=151.5 W | runtime=in_range | checksum=OK
[STREAM] N=128000000 threads=32 rep=9 batches=26 time=1.011 s | package=153.085 J | dram=NA | total=153.085 J | power=151.4 W | runtime=in_range | checksum=OK
[STREAM] N=128000000 threads=32 rep=10 batches=26 time=1.016 s | package=154.246 J | dram=NA | total=154.246 J | power=151.8 W | runtime=in_range | checksum=OK
[OpenMP] requested=64 active=64
[STREAM] N=8000000 threads=64 rep=1 batches=10085 time=1.000 s | package=223.646 J | dram=NA | total=223.646 J | power=223.7 W | runtime=in_range | checksum=OK
[STREAM] N=8000000 threads=64 rep=2 batches=10085 time=1.001 s | package=224.894 J | dram=NA | total=224.894 J | power=224.6 W | runtime=in_range | checksum=OK
[STREAM] N=8000000 threads=64 rep=3 batches=10085 time=1.000 s | package=224.986 J | dram=NA | total=224.986 J | power=224.9 W | runtime=in_range | checksum=OK
[STREAM] N=8000000 threads=64 rep=4 batches=10085 time=1.000 s | package=223.619 J | dram=NA | total=223.619 J | power=223.5 W | runtime=in_range | checksum=OK
[STREAM] N=8000000 threads=64 rep=5 batches=10085 time=1.000 s | package=224.323 J | dram=NA | total=224.323 J | power=224.3 W | runtime=in_range | checksum=OK
[STREAM] N=8000000 threads=64 rep=6 batches=10085 time=1.001 s | package=224.185 J | dram=NA | total=224.185 J | power=224.1 W | runtime=in_range | checksum=OK
[STREAM] N=8000000 threads=64 rep=7 batches=10085 time=1.000 s | package=223.861 J | dram=NA | total=223.861 J | power=223.8 W | runtime=in_range | checksum=OK
[STREAM] N=8000000 threads=64 rep=8 batches=10085 time=1.000 s | package=225.416 J | dram=NA | total=225.416 J | power=225.5 W | runtime=in_range | checksum=OK
[STREAM] N=8000000 threads=64 rep=9 batches=10085 time=0.999 s | package=225.708 J | dram=NA | total=225.708 J | power=225.9 W | runtime=in_range | checksum=OK
[STREAM] N=8000000 threads=64 rep=10 batches=10085 time=1.000 s | package=224.332 J | dram=NA | total=224.332 J | power=224.3 W | runtime=in_range | checksum=OK
[OpenMP] requested=1 active=1
[STREAM] N=256000000 threads=1 rep=1 batches=8 time=1.129 s | package=84.316 J | dram=NA | total=84.316 J | power=74.7 W | runtime=in_range | checksum=OK
[STREAM] N=256000000 threads=1 rep=2 batches=8 time=1.127 s | package=83.895 J | dram=NA | total=83.895 J | power=74.5 W | runtime=in_range | checksum=OK
[STREAM] N=256000000 threads=1 rep=3 batches=8 time=1.127 s | package=83.678 J | dram=NA | total=83.678 J | power=74.2 W | runtime=in_range | checksum=OK
[STREAM] N=256000000 threads=1 rep=4 batches=8 time=1.128 s | package=83.617 J | dram=NA | total=83.617 J | power=74.1 W | runtime=in_range | checksum=OK
[STREAM] N=256000000 threads=1 rep=5 batches=8 time=1.129 s | package=83.528 J | dram=NA | total=83.528 J | power=74.0 W | runtime=in_range | checksum=OK
[STREAM] N=256000000 threads=1 rep=6 batches=8 time=1.130 s | package=83.487 J | dram=NA | total=83.487 J | power=73.9 W | runtime=in_range | checksum=OK
[STREAM] N=256000000 threads=1 rep=7 batches=8 time=1.130 s | package=83.463 J | dram=NA | total=83.463 J | power=73.8 W | runtime=in_range | checksum=OK
[STREAM] N=256000000 threads=1 rep=8 batches=8 time=1.131 s | package=83.371 J | dram=NA | total=83.371 J | power=73.7 W | runtime=in_range | checksum=OK
[STREAM] N=256000000 threads=1 rep=9 batches=8 time=1.130 s | package=83.443 J | dram=NA | total=83.443 J | power=73.8 W | runtime=in_range | checksum=OK
[STREAM] N=256000000 threads=1 rep=10 batches=8 time=1.130 s | package=83.354 J | dram=NA | total=83.354 J | power=73.8 W | runtime=in_range | checksum=OK
[OpenMP] requested=8 active=8
[STREAM] N=32000000 threads=8 rep=1 batches=103 time=1.008 s | package=101.967 J | dram=NA | total=101.967 J | power=101.1 W | runtime=in_range | checksum=OK
[STREAM] N=32000000 threads=8 rep=2 batches=103 time=1.007 s | package=102.629 J | dram=NA | total=102.629 J | power=101.9 W | runtime=in_range | checksum=OK
[STREAM] N=32000000 threads=8 rep=3 batches=103 time=1.006 s | package=102.563 J | dram=NA | total=102.563 J | power=101.9 W | runtime=in_range | checksum=OK
[STREAM] N=32000000 threads=8 rep=4 batches=103 time=1.007 s | package=102.615 J | dram=NA | total=102.615 J | power=101.9 W | runtime=in_range | checksum=OK
[STREAM] N=32000000 threads=8 rep=5 batches=103 time=1.008 s | package=107.371 J | dram=NA | total=107.371 J | power=106.5 W | runtime=in_range | checksum=OK
[STREAM] N=32000000 threads=8 rep=6 batches=103 time=1.007 s | package=107.194 J | dram=NA | total=107.194 J | power=106.5 W | runtime=in_range | checksum=OK
[STREAM] N=32000000 threads=8 rep=7 batches=103 time=1.008 s | package=107.380 J | dram=NA | total=107.380 J | power=106.6 W | runtime=in_range | checksum=OK
[STREAM] N=32000000 threads=8 rep=8 batches=103 time=1.007 s | package=107.449 J | dram=NA | total=107.449 J | power=106.7 W | runtime=in_range | checksum=OK
[STREAM] N=32000000 threads=8 rep=9 batches=103 time=1.009 s | package=107.545 J | dram=NA | total=107.545 J | power=106.6 W | runtime=in_range | checksum=OK
[STREAM] N=32000000 threads=8 rep=10 batches=103 time=1.007 s | package=107.470 J | dram=NA | total=107.470 J | power=106.8 W | runtime=in_range | checksum=OK
[OpenMP] requested=4 active=4
[STREAM] N=8000000 threads=4 rep=1 batches=515 time=1.001 s | package=91.525 J | dram=NA | total=91.525 J | power=91.4 W | runtime=in_range | checksum=OK
[STREAM] N=8000000 threads=4 rep=2 batches=515 time=1.002 s | package=91.613 J | dram=NA | total=91.613 J | power=91.4 W | runtime=in_range | checksum=OK
[STREAM] N=8000000 threads=4 rep=3 batches=515 time=1.001 s | package=91.463 J | dram=NA | total=91.463 J | power=91.4 W | runtime=in_range | checksum=OK
[STREAM] N=8000000 threads=4 rep=4 batches=515 time=1.002 s | package=91.583 J | dram=NA | total=91.583 J | power=91.4 W | runtime=in_range | checksum=OK
[STREAM] N=8000000 threads=4 rep=5 batches=515 time=1.003 s | package=91.551 J | dram=NA | total=91.551 J | power=91.2 W | runtime=in_range | checksum=OK
[STREAM] N=8000000 threads=4 rep=6 batches=515 time=1.002 s | package=91.511 J | dram=NA | total=91.511 J | power=91.4 W | runtime=in_range | checksum=OK
[STREAM] N=8000000 threads=4 rep=7 batches=515 time=1.001 s | package=91.417 J | dram=NA | total=91.417 J | power=91.3 W | runtime=in_range | checksum=OK
[STREAM] N=8000000 threads=4 rep=8 batches=515 time=1.001 s | package=91.472 J | dram=NA | total=91.472 J | power=91.4 W | runtime=in_range | checksum=OK
[STREAM] N=8000000 threads=4 rep=9 batches=515 time=1.002 s | package=91.460 J | dram=NA | total=91.460 J | power=91.3 W | runtime=in_range | checksum=OK
[STREAM] N=8000000 threads=4 rep=10 batches=515 time=1.007 s | package=92.010 J | dram=NA | total=92.010 J | power=91.4 W | runtime=in_range | checksum=OK
[OpenMP] requested=16 active=16
[STREAM] N=2000000 threads=16 rep=1 batches=44816 time=1.164 s | package=275.675 J | dram=NA | total=275.675 J | power=236.9 W | runtime=in_range | checksum=OK
[STREAM] N=2000000 threads=16 rep=2 batches=44816 time=1.351 s | package=295.132 J | dram=NA | total=295.132 J | power=218.5 W | runtime=above | checksum=OK
[STREAM] N=2000000 threads=16 rep=3 batches=44816 time=1.178 s | package=279.828 J | dram=NA | total=279.828 J | power=237.5 W | runtime=in_range | checksum=OK
[STREAM] N=2000000 threads=16 rep=4 batches=44816 time=1.250 s | package=283.673 J | dram=NA | total=283.673 J | power=226.9 W | runtime=above | checksum=OK
[STREAM] N=2000000 threads=16 rep=5 batches=44816 time=1.361 s | package=296.318 J | dram=NA | total=296.318 J | power=217.7 W | runtime=above | checksum=OK
[STREAM] N=2000000 threads=16 rep=6 batches=44816 time=1.197 s | package=280.702 J | dram=NA | total=280.702 J | power=234.6 W | runtime=in_range | checksum=OK
[STREAM] N=2000000 threads=16 rep=7 batches=44816 time=1.215 s | package=279.914 J | dram=NA | total=279.914 J | power=230.4 W | runtime=in_range | checksum=OK
[STREAM] N=2000000 threads=16 rep=8 batches=44816 time=1.349 s | package=296.119 J | dram=NA | total=296.119 J | power=219.5 W | runtime=above | checksum=OK
[STREAM] N=2000000 threads=16 rep=9 batches=44816 time=1.196 s | package=283.174 J | dram=NA | total=283.174 J | power=236.8 W | runtime=in_range | checksum=OK
[STREAM] N=2000000 threads=16 rep=10 batches=44816 time=1.407 s | package=316.124 J | dram=NA | total=316.124 J | power=224.7 W | runtime=above | checksum=OK
[OpenMP] requested=20 active=20
[STREAM] N=1000000 threads=20 rep=1 batches=100000 time=1.334 s | package=294.608 J | dram=NA | total=294.608 J | power=220.8 W | runtime=above | checksum=OK
[STREAM] N=1000000 threads=20 rep=2 batches=100000 time=1.354 s | package=298.754 J | dram=NA | total=298.754 J | power=220.7 W | runtime=above | checksum=OK
[STREAM] N=1000000 threads=20 rep=3 batches=100000 time=1.348 s | package=296.369 J | dram=NA | total=296.369 J | power=219.9 W | runtime=above | checksum=OK
[STREAM] N=1000000 threads=20 rep=4 batches=100000 time=1.336 s | package=294.122 J | dram=NA | total=294.122 J | power=220.1 W | runtime=above | checksum=OK
[STREAM] N=1000000 threads=20 rep=5 batches=100000 time=1.342 s | package=295.700 J | dram=NA | total=295.700 J | power=220.3 W | runtime=above | checksum=OK
[STREAM] N=1000000 threads=20 rep=6 batches=100000 time=1.316 s | package=293.500 J | dram=NA | total=293.500 J | power=223.1 W | runtime=above | checksum=OK
[STREAM] N=1000000 threads=20 rep=7 batches=100000 time=1.346 s | package=296.597 J | dram=NA | total=296.597 J | power=220.3 W | runtime=above | checksum=OK
[STREAM] N=1000000 threads=20 rep=8 batches=100000 time=1.350 s | package=297.446 J | dram=NA | total=297.446 J | power=220.3 W | runtime=above | checksum=OK
[STREAM] N=1000000 threads=20 rep=9 batches=100000 time=1.340 s | package=295.875 J | dram=NA | total=295.875 J | power=220.8 W | runtime=above | checksum=OK
[STREAM] N=1000000 threads=20 rep=10 batches=100000 time=1.343 s | package=295.499 J | dram=NA | total=295.499 J | power=220.0 W | runtime=above | checksum=OK
[OpenMP] requested=10 active=10
[STREAM] N=256000000 threads=10 rep=1 batches=14 time=1.058 s | package=125.205 J | dram=NA | total=125.205 J | power=118.4 W | runtime=in_range | checksum=OK
[STREAM] N=256000000 threads=10 rep=2 batches=14 time=1.058 s | package=125.644 J | dram=NA | total=125.644 J | power=118.8 W | runtime=in_range | checksum=OK
[STREAM] N=256000000 threads=10 rep=3 batches=14 time=1.058 s | package=125.453 J | dram=NA | total=125.453 J | power=118.6 W | runtime=in_range | checksum=OK
[STREAM] N=256000000 threads=10 rep=4 batches=14 time=1.058 s | package=125.221 J | dram=NA | total=125.221 J | power=118.3 W | runtime=in_range | checksum=OK
[STREAM] N=256000000 threads=10 rep=5 batches=14 time=1.058 s | package=125.137 J | dram=NA | total=125.137 J | power=118.3 W | runtime=in_range | checksum=OK
[STREAM] N=256000000 threads=10 rep=6 batches=14 time=1.058 s | package=124.915 J | dram=NA | total=124.915 J | power=118.1 W | runtime=in_range | checksum=OK
[STREAM] N=256000000 threads=10 rep=7 batches=14 time=1.058 s | package=124.902 J | dram=NA | total=124.902 J | power=118.1 W | runtime=in_range | checksum=OK
[STREAM] N=256000000 threads=10 rep=8 batches=14 time=1.058 s | package=124.924 J | dram=NA | total=124.924 J | power=118.1 W | runtime=in_range | checksum=OK
[STREAM] N=256000000 threads=10 rep=9 batches=14 time=1.058 s | package=124.983 J | dram=NA | total=124.983 J | power=118.1 W | runtime=in_range | checksum=OK
[STREAM] N=256000000 threads=10 rep=10 batches=14 time=1.058 s | package=125.041 J | dram=NA | total=125.041 J | power=118.2 W | runtime=in_range | checksum=OK
[OpenMP] requested=2 active=2
[STREAM] N=128000000 threads=2 rep=1 batches=23 time=1.033 s | package=84.005 J | dram=NA | total=84.005 J | power=81.3 W | runtime=in_range | checksum=OK
[STREAM] N=128000000 threads=2 rep=2 batches=23 time=1.035 s | package=83.696 J | dram=NA | total=83.696 J | power=80.9 W | runtime=in_range | checksum=OK
[STREAM] N=128000000 threads=2 rep=3 batches=23 time=1.035 s | package=83.679 J | dram=NA | total=83.679 J | power=80.8 W | runtime=in_range | checksum=OK
[STREAM] N=128000000 threads=2 rep=4 batches=23 time=1.036 s | package=83.698 J | dram=NA | total=83.698 J | power=80.8 W | runtime=in_range | checksum=OK
[STREAM] N=128000000 threads=2 rep=5 batches=23 time=1.035 s | package=83.610 J | dram=NA | total=83.610 J | power=80.8 W | runtime=in_range | checksum=OK
[STREAM] N=128000000 threads=2 rep=6 batches=23 time=1.035 s | package=83.639 J | dram=NA | total=83.639 J | power=80.8 W | runtime=in_range | checksum=OK
[STREAM] N=128000000 threads=2 rep=7 batches=23 time=1.036 s | package=83.602 J | dram=NA | total=83.602 J | power=80.7 W | runtime=in_range | checksum=OK
[STREAM] N=128000000 threads=2 rep=8 batches=23 time=1.034 s | package=83.499 J | dram=NA | total=83.499 J | power=80.8 W | runtime=in_range | checksum=OK
[STREAM] N=128000000 threads=2 rep=9 batches=23 time=1.034 s | package=83.494 J | dram=NA | total=83.494 J | power=80.8 W | runtime=in_range | checksum=OK
[STREAM] N=128000000 threads=2 rep=10 batches=23 time=1.033 s | package=83.425 J | dram=NA | total=83.425 J | power=80.8 W | runtime=in_range | checksum=OK
[OpenMP] requested=4 active=4
[STREAM] N=1000000 threads=4 rep=1 batches=27167 time=1.007 s | package=123.021 J | dram=NA | total=123.021 J | power=122.2 W | runtime=in_range | checksum=OK
[STREAM] N=1000000 threads=4 rep=2 batches=27167 time=1.015 s | package=123.594 J | dram=NA | total=123.594 J | power=121.7 W | runtime=in_range | checksum=OK
[STREAM] N=1000000 threads=4 rep=3 batches=27167 time=1.021 s | package=123.952 J | dram=NA | total=123.952 J | power=121.4 W | runtime=in_range | checksum=OK
[STREAM] N=1000000 threads=4 rep=4 batches=27167 time=1.013 s | package=124.154 J | dram=NA | total=124.154 J | power=122.5 W | runtime=in_range | checksum=OK
[STREAM] N=1000000 threads=4 rep=5 batches=27167 time=1.021 s | package=124.621 J | dram=NA | total=124.621 J | power=122.1 W | runtime=in_range | checksum=OK
[STREAM] N=1000000 threads=4 rep=6 batches=27167 time=1.021 s | package=124.833 J | dram=NA | total=124.833 J | power=122.2 W | runtime=in_range | checksum=OK
[STREAM] N=1000000 threads=4 rep=7 batches=27167 time=1.022 s | package=124.668 J | dram=NA | total=124.668 J | power=121.9 W | runtime=in_range | checksum=OK
[STREAM] N=1000000 threads=4 rep=8 batches=27167 time=1.032 s | package=125.499 J | dram=NA | total=125.499 J | power=121.6 W | runtime=in_range | checksum=OK
[STREAM] N=1000000 threads=4 rep=9 batches=27167 time=1.005 s | package=123.091 J | dram=NA | total=123.091 J | power=122.5 W | runtime=in_range | checksum=OK
[STREAM] N=1000000 threads=4 rep=10 batches=27167 time=1.025 s | package=124.113 J | dram=NA | total=124.113 J | power=121.1 W | runtime=in_range | checksum=OK
[OpenMP] requested=64 active=64
[STREAM] N=128000000 threads=64 rep=1 batches=26 time=1.025 s | package=160.785 J | dram=NA | total=160.785 J | power=156.8 W | runtime=in_range | checksum=OK
[STREAM] N=128000000 threads=64 rep=2 batches=26 time=1.026 s | package=161.181 J | dram=NA | total=161.181 J | power=157.1 W | runtime=in_range | checksum=OK
[STREAM] N=128000000 threads=64 rep=3 batches=26 time=1.026 s | package=161.197 J | dram=NA | total=161.197 J | power=157.1 W | runtime=in_range | checksum=OK
[STREAM] N=128000000 threads=64 rep=4 batches=26 time=1.026 s | package=161.239 J | dram=NA | total=161.239 J | power=157.2 W | runtime=in_range | checksum=OK
[STREAM] N=128000000 threads=64 rep=5 batches=26 time=1.026 s | package=161.743 J | dram=NA | total=161.743 J | power=157.6 W | runtime=in_range | checksum=OK
[STREAM] N=128000000 threads=64 rep=6 batches=26 time=1.026 s | package=161.556 J | dram=NA | total=161.556 J | power=157.4 W | runtime=in_range | checksum=OK
[STREAM] N=128000000 threads=64 rep=7 batches=26 time=1.026 s | package=161.390 J | dram=NA | total=161.390 J | power=157.3 W | runtime=in_range | checksum=OK
[STREAM] N=128000000 threads=64 rep=8 batches=26 time=1.026 s | package=161.430 J | dram=NA | total=161.430 J | power=157.3 W | runtime=in_range | checksum=OK
[STREAM] N=128000000 threads=64 rep=9 batches=26 time=1.026 s | package=161.376 J | dram=NA | total=161.376 J | power=157.3 W | runtime=in_range | checksum=OK
[STREAM] N=128000000 threads=64 rep=10 batches=26 time=1.026 s | package=161.476 J | dram=NA | total=161.476 J | power=157.4 W | runtime=in_range | checksum=OK
[OpenMP] requested=32 active=32
[STREAM] N=16000000 threads=32 rep=1 batches=266 time=1.003 s | package=154.019 J | dram=NA | total=154.019 J | power=153.6 W | runtime=in_range | checksum=OK
[STREAM] N=16000000 threads=32 rep=2 batches=266 time=1.004 s | package=153.981 J | dram=NA | total=153.981 J | power=153.4 W | runtime=in_range | checksum=OK
[STREAM] N=16000000 threads=32 rep=3 batches=266 time=1.004 s | package=154.058 J | dram=NA | total=154.058 J | power=153.5 W | runtime=in_range | checksum=OK
[STREAM] N=16000000 threads=32 rep=4 batches=266 time=1.004 s | package=153.886 J | dram=NA | total=153.886 J | power=153.3 W | runtime=in_range | checksum=OK
[STREAM] N=16000000 threads=32 rep=5 batches=266 time=1.004 s | package=153.998 J | dram=NA | total=153.998 J | power=153.5 W | runtime=in_range | checksum=OK
[STREAM] N=16000000 threads=32 rep=6 batches=266 time=1.003 s | package=154.027 J | dram=NA | total=154.027 J | power=153.5 W | runtime=in_range | checksum=OK
[STREAM] N=16000000 threads=32 rep=7 batches=266 time=1.004 s | package=154.001 J | dram=NA | total=154.001 J | power=153.4 W | runtime=in_range | checksum=OK
[STREAM] N=16000000 threads=32 rep=8 batches=266 time=1.004 s | package=154.010 J | dram=NA | total=154.010 J | power=153.4 W | runtime=in_range | checksum=OK
[STREAM] N=16000000 threads=32 rep=9 batches=266 time=1.005 s | package=154.093 J | dram=NA | total=154.093 J | power=153.4 W | runtime=in_range | checksum=OK
[STREAM] N=16000000 threads=32 rep=10 batches=266 time=1.003 s | package=153.990 J | dram=NA | total=153.990 J | power=153.5 W | runtime=in_range | checksum=OK
[OpenMP] requested=4 active=4
[STREAM] N=32000000 threads=4 rep=1 batches=106 time=1.002 s | package=98.993 J | dram=NA | total=98.993 J | power=98.8 W | runtime=in_range | checksum=OK
[STREAM] N=32000000 threads=4 rep=2 batches=106 time=1.003 s | package=99.004 J | dram=NA | total=99.004 J | power=98.7 W | runtime=in_range | checksum=OK
[STREAM] N=32000000 threads=4 rep=3 batches=106 time=1.003 s | package=98.355 J | dram=NA | total=98.355 J | power=98.0 W | runtime=in_range | checksum=OK
[STREAM] N=32000000 threads=4 rep=4 batches=106 time=1.004 s | package=97.059 J | dram=NA | total=97.059 J | power=96.7 W | runtime=in_range | checksum=OK
[STREAM] N=32000000 threads=4 rep=5 batches=106 time=1.002 s | package=96.883 J | dram=NA | total=96.883 J | power=96.7 W | runtime=in_range | checksum=OK
[STREAM] N=32000000 threads=4 rep=6 batches=106 time=1.002 s | package=96.867 J | dram=NA | total=96.867 J | power=96.7 W | runtime=in_range | checksum=OK
[STREAM] N=32000000 threads=4 rep=7 batches=106 time=1.002 s | package=96.790 J | dram=NA | total=96.790 J | power=96.6 W | runtime=in_range | checksum=OK
[STREAM] N=32000000 threads=4 rep=8 batches=106 time=1.005 s | package=96.987 J | dram=NA | total=96.987 J | power=96.5 W | runtime=in_range | checksum=OK
[STREAM] N=32000000 threads=4 rep=9 batches=106 time=1.004 s | package=97.318 J | dram=NA | total=97.318 J | power=97.0 W | runtime=in_range | checksum=OK
[STREAM] N=32000000 threads=4 rep=10 batches=106 time=1.002 s | package=96.805 J | dram=NA | total=96.805 J | power=96.6 W | runtime=in_range | checksum=OK
[OpenMP] requested=20 active=20
[STREAM] N=32000000 threads=20 rep=1 batches=94 time=1.003 s | package=124.147 J | dram=NA | total=124.147 J | power=123.7 W | runtime=in_range | checksum=OK
[STREAM] N=32000000 threads=20 rep=2 batches=94 time=1.003 s | package=124.270 J | dram=NA | total=124.270 J | power=123.9 W | runtime=in_range | checksum=OK
[STREAM] N=32000000 threads=20 rep=3 batches=94 time=1.003 s | package=124.261 J | dram=NA | total=124.261 J | power=123.9 W | runtime=in_range | checksum=OK
[STREAM] N=32000000 threads=20 rep=4 batches=94 time=1.003 s | package=124.369 J | dram=NA | total=124.369 J | power=123.9 W | runtime=in_range | checksum=OK
[STREAM] N=32000000 threads=20 rep=5 batches=94 time=1.004 s | package=124.724 J | dram=NA | total=124.724 J | power=124.3 W | runtime=in_range | checksum=OK
[STREAM] N=32000000 threads=20 rep=6 batches=94 time=1.003 s | package=124.654 J | dram=NA | total=124.654 J | power=124.3 W | runtime=in_range | checksum=OK
[STREAM] N=32000000 threads=20 rep=7 batches=94 time=1.003 s | package=124.819 J | dram=NA | total=124.819 J | power=124.4 W | runtime=in_range | checksum=OK
[STREAM] N=32000000 threads=20 rep=8 batches=94 time=1.003 s | package=124.805 J | dram=NA | total=124.805 J | power=124.4 W | runtime=in_range | checksum=OK
[STREAM] N=32000000 threads=20 rep=9 batches=94 time=1.003 s | package=124.826 J | dram=NA | total=124.826 J | power=124.5 W | runtime=in_range | checksum=OK
[STREAM] N=32000000 threads=20 rep=10 batches=94 time=1.003 s | package=124.869 J | dram=NA | total=124.869 J | power=124.5 W | runtime=in_range | checksum=OK
[OpenMP] requested=20 active=20
[STREAM] N=16000000 threads=20 rep=1 batches=238 time=1.001 s | package=119.633 J | dram=NA | total=119.633 J | power=119.5 W | runtime=in_range | checksum=OK
[STREAM] N=16000000 threads=20 rep=2 batches=238 time=1.002 s | package=119.711 J | dram=NA | total=119.711 J | power=119.5 W | runtime=in_range | checksum=OK
[STREAM] N=16000000 threads=20 rep=3 batches=238 time=1.001 s | package=119.629 J | dram=NA | total=119.629 J | power=119.5 W | runtime=in_range | checksum=OK
[STREAM] N=16000000 threads=20 rep=4 batches=238 time=1.002 s | package=119.737 J | dram=NA | total=119.737 J | power=119.5 W | runtime=in_range | checksum=OK
[STREAM] N=16000000 threads=20 rep=5 batches=238 time=1.001 s | package=119.575 J | dram=NA | total=119.575 J | power=119.5 W | runtime=in_range | checksum=OK
[STREAM] N=16000000 threads=20 rep=6 batches=238 time=1.000 s | package=119.491 J | dram=NA | total=119.491 J | power=119.4 W | runtime=in_range | checksum=OK
[STREAM] N=16000000 threads=20 rep=7 batches=238 time=1.000 s | package=119.528 J | dram=NA | total=119.528 J | power=119.5 W | runtime=in_range | checksum=OK
[STREAM] N=16000000 threads=20 rep=8 batches=238 time=1.001 s | package=119.584 J | dram=NA | total=119.584 J | power=119.4 W | runtime=in_range | checksum=OK
[STREAM] N=16000000 threads=20 rep=9 batches=238 time=1.001 s | package=119.622 J | dram=NA | total=119.622 J | power=119.5 W | runtime=in_range | checksum=OK
[STREAM] N=16000000 threads=20 rep=10 batches=238 time=1.001 s | package=119.548 J | dram=NA | total=119.548 J | power=119.4 W | runtime=in_range | checksum=OK
[OpenMP] requested=4 active=4
[STREAM] N=4000000 threads=4 rep=1 batches=4775 time=1.011 s | package=119.699 J | dram=NA | total=119.699 J | power=118.4 W | runtime=in_range | checksum=OK
[STREAM] N=4000000 threads=4 rep=2 batches=4775 time=1.014 s | package=120.170 J | dram=NA | total=120.170 J | power=118.5 W | runtime=in_range | checksum=OK
[STREAM] N=4000000 threads=4 rep=3 batches=4775 time=0.997 s | package=118.468 J | dram=NA | total=118.468 J | power=118.9 W | runtime=in_range | checksum=OK
[STREAM] N=4000000 threads=4 rep=4 batches=4775 time=1.006 s | package=119.302 J | dram=NA | total=119.302 J | power=118.6 W | runtime=in_range | checksum=OK
[STREAM] N=4000000 threads=4 rep=5 batches=4775 time=1.006 s | package=119.311 J | dram=NA | total=119.311 J | power=118.6 W | runtime=in_range | checksum=OK
[STREAM] N=4000000 threads=4 rep=6 batches=4775 time=1.006 s | package=119.316 J | dram=NA | total=119.316 J | power=118.6 W | runtime=in_range | checksum=OK
[STREAM] N=4000000 threads=4 rep=7 batches=4775 time=1.006 s | package=119.260 J | dram=NA | total=119.260 J | power=118.5 W | runtime=in_range | checksum=OK
[STREAM] N=4000000 threads=4 rep=8 batches=4775 time=1.009 s | package=119.722 J | dram=NA | total=119.722 J | power=118.6 W | runtime=in_range | checksum=OK
[STREAM] N=4000000 threads=4 rep=9 batches=4775 time=1.011 s | package=119.776 J | dram=NA | total=119.776 J | power=118.5 W | runtime=in_range | checksum=OK
[STREAM] N=4000000 threads=4 rep=10 batches=4775 time=0.985 s | package=117.264 J | dram=NA | total=117.264 J | power=119.1 W | runtime=in_range | checksum=OK
[OpenMP] requested=1 active=1
[STREAM] N=32000000 threads=1 rep=1 batches=56 time=1.015 s | package=75.367 J | dram=NA | total=75.367 J | power=74.3 W | runtime=in_range | checksum=OK
[STREAM] N=32000000 threads=1 rep=2 batches=56 time=1.019 s | package=75.561 J | dram=NA | total=75.561 J | power=74.2 W | runtime=in_range | checksum=OK
[STREAM] N=32000000 threads=1 rep=3 batches=56 time=1.017 s | package=75.348 J | dram=NA | total=75.348 J | power=74.1 W | runtime=in_range | checksum=OK
[STREAM] N=32000000 threads=1 rep=4 batches=56 time=1.017 s | package=75.312 J | dram=NA | total=75.312 J | power=74.1 W | runtime=in_range | checksum=OK
[STREAM] N=32000000 threads=1 rep=5 batches=56 time=1.017 s | package=75.183 J | dram=NA | total=75.183 J | power=73.9 W | runtime=in_range | checksum=OK
[STREAM] N=32000000 threads=1 rep=6 batches=56 time=1.015 s | package=75.110 J | dram=NA | total=75.110 J | power=74.0 W | runtime=in_range | checksum=OK
[STREAM] N=32000000 threads=1 rep=7 batches=56 time=1.019 s | package=75.288 J | dram=NA | total=75.288 J | power=73.9 W | runtime=in_range | checksum=OK
[STREAM] N=32000000 threads=1 rep=8 batches=56 time=1.017 s | package=75.153 J | dram=NA | total=75.153 J | power=73.9 W | runtime=in_range | checksum=OK
[STREAM] N=32000000 threads=1 rep=9 batches=56 time=1.021 s | package=75.406 J | dram=NA | total=75.406 J | power=73.9 W | runtime=in_range | checksum=OK
[STREAM] N=32000000 threads=1 rep=10 batches=56 time=1.021 s | package=75.356 J | dram=NA | total=75.356 J | power=73.8 W | runtime=in_range | checksum=OK
[OpenMP] requested=1 active=1
[STREAM] N=2000000 threads=1 rep=1 batches=986 time=1.003 s | package=73.518 J | dram=NA | total=73.518 J | power=73.3 W | runtime=in_range | checksum=OK
[STREAM] N=2000000 threads=1 rep=2 batches=986 time=1.002 s | package=73.378 J | dram=NA | total=73.378 J | power=73.2 W | runtime=in_range | checksum=OK
[STREAM] N=2000000 threads=1 rep=3 batches=986 time=1.001 s | package=73.339 J | dram=NA | total=73.339 J | power=73.3 W | runtime=in_range | checksum=OK
[STREAM] N=2000000 threads=1 rep=4 batches=986 time=1.002 s | package=73.366 J | dram=NA | total=73.366 J | power=73.2 W | runtime=in_range | checksum=OK
[STREAM] N=2000000 threads=1 rep=5 batches=986 time=1.001 s | package=73.333 J | dram=NA | total=73.333 J | power=73.3 W | runtime=in_range | checksum=OK
[STREAM] N=2000000 threads=1 rep=6 batches=986 time=0.999 s | package=73.261 J | dram=NA | total=73.261 J | power=73.3 W | runtime=in_range | checksum=OK
[STREAM] N=2000000 threads=1 rep=7 batches=986 time=1.001 s | package=73.391 J | dram=NA | total=73.391 J | power=73.3 W | runtime=in_range | checksum=OK
[STREAM] N=2000000 threads=1 rep=8 batches=986 time=1.002 s | package=73.659 J | dram=NA | total=73.659 J | power=73.5 W | runtime=in_range | checksum=OK
[STREAM] N=2000000 threads=1 rep=9 batches=986 time=1.002 s | package=73.320 J | dram=NA | total=73.320 J | power=73.2 W | runtime=in_range | checksum=OK
[STREAM] N=2000000 threads=1 rep=10 batches=986 time=1.000 s | package=73.269 J | dram=NA | total=73.269 J | power=73.3 W | runtime=in_range | checksum=OK
[OpenMP] requested=2 active=2
[STREAM] N=256000000 threads=2 rep=1 batches=12 time=1.055 s | package=85.500 J | dram=NA | total=85.500 J | power=81.0 W | runtime=in_range | checksum=OK
[STREAM] N=256000000 threads=2 rep=2 batches=12 time=1.058 s | package=85.742 J | dram=NA | total=85.742 J | power=81.1 W | runtime=in_range | checksum=OK
[STREAM] N=256000000 threads=2 rep=3 batches=12 time=1.056 s | package=85.619 J | dram=NA | total=85.619 J | power=81.1 W | runtime=in_range | checksum=OK
[STREAM] N=256000000 threads=2 rep=4 batches=12 time=1.056 s | package=85.811 J | dram=NA | total=85.811 J | power=81.2 W | runtime=in_range | checksum=OK
[STREAM] N=256000000 threads=2 rep=5 batches=12 time=1.055 s | package=85.774 J | dram=NA | total=85.774 J | power=81.3 W | runtime=in_range | checksum=OK
[STREAM] N=256000000 threads=2 rep=6 batches=12 time=1.055 s | package=85.708 J | dram=NA | total=85.708 J | power=81.2 W | runtime=in_range | checksum=OK
[STREAM] N=256000000 threads=2 rep=7 batches=12 time=1.055 s | package=85.584 J | dram=NA | total=85.584 J | power=81.1 W | runtime=in_range | checksum=OK
[STREAM] N=256000000 threads=2 rep=8 batches=12 time=1.056 s | package=85.638 J | dram=NA | total=85.638 J | power=81.1 W | runtime=in_range | checksum=OK
[STREAM] N=256000000 threads=2 rep=9 batches=12 time=1.055 s | package=85.581 J | dram=NA | total=85.581 J | power=81.1 W | runtime=in_range | checksum=OK
[STREAM] N=256000000 threads=2 rep=10 batches=12 time=1.056 s | package=85.648 J | dram=NA | total=85.648 J | power=81.1 W | runtime=in_range | checksum=OK
[OpenMP] requested=64 active=64
[STREAM] N=4000000 threads=64 rep=1 batches=15318 time=1.005 s | package=241.275 J | dram=NA | total=241.275 J | power=240.0 W | runtime=in_range | checksum=OK
[STREAM] N=4000000 threads=64 rep=2 batches=15318 time=1.014 s | package=241.876 J | dram=NA | total=241.876 J | power=238.5 W | runtime=in_range | checksum=OK
[STREAM] N=4000000 threads=64 rep=3 batches=15318 time=1.012 s | package=241.896 J | dram=NA | total=241.896 J | power=239.1 W | runtime=in_range | checksum=OK
[STREAM] N=4000000 threads=64 rep=4 batches=15318 time=1.010 s | package=242.027 J | dram=NA | total=242.027 J | power=239.6 W | runtime=in_range | checksum=OK
[STREAM] N=4000000 threads=64 rep=5 batches=15318 time=1.009 s | package=242.257 J | dram=NA | total=242.257 J | power=240.0 W | runtime=in_range | checksum=OK
[STREAM] N=4000000 threads=64 rep=6 batches=15318 time=1.013 s | package=242.402 J | dram=NA | total=242.402 J | power=239.3 W | runtime=in_range | checksum=OK
[STREAM] N=4000000 threads=64 rep=7 batches=15318 time=1.015 s | package=242.563 J | dram=NA | total=242.563 J | power=239.0 W | runtime=in_range | checksum=OK
[STREAM] N=4000000 threads=64 rep=8 batches=15318 time=1.017 s | package=242.828 J | dram=NA | total=242.828 J | power=238.9 W | runtime=in_range | checksum=OK
[STREAM] N=4000000 threads=64 rep=9 batches=15318 time=1.014 s | package=242.609 J | dram=NA | total=242.609 J | power=239.3 W | runtime=in_range | checksum=OK
[STREAM] N=4000000 threads=64 rep=10 batches=15318 time=1.017 s | package=242.953 J | dram=NA | total=242.953 J | power=238.9 W | runtime=in_range | checksum=OK
[OpenMP] requested=32 active=32
[STREAM] N=1000000 threads=32 rep=1 batches=34624 time=0.978 s | package=174.304 J | dram=NA | total=174.304 J | power=178.2 W | runtime=in_range | checksum=OK
[STREAM] N=1000000 threads=32 rep=2 batches=34624 time=0.981 s | package=174.515 J | dram=NA | total=174.515 J | power=178.0 W | runtime=in_range | checksum=OK
[STREAM] N=1000000 threads=32 rep=3 batches=34624 time=0.984 s | package=174.916 J | dram=NA | total=174.916 J | power=177.7 W | runtime=in_range | checksum=OK
[STREAM] N=1000000 threads=32 rep=4 batches=34624 time=0.978 s | package=173.899 J | dram=NA | total=173.899 J | power=177.9 W | runtime=in_range | checksum=OK
[STREAM] N=1000000 threads=32 rep=5 batches=34624 time=0.979 s | package=174.183 J | dram=NA | total=174.183 J | power=178.0 W | runtime=in_range | checksum=OK
[STREAM] N=1000000 threads=32 rep=6 batches=34624 time=0.983 s | package=174.868 J | dram=NA | total=174.868 J | power=177.9 W | runtime=in_range | checksum=OK
[STREAM] N=1000000 threads=32 rep=7 batches=34624 time=0.980 s | package=174.462 J | dram=NA | total=174.462 J | power=178.1 W | runtime=in_range | checksum=OK
[STREAM] N=1000000 threads=32 rep=8 batches=34624 time=0.978 s | package=174.190 J | dram=NA | total=174.190 J | power=178.2 W | runtime=in_range | checksum=OK
[STREAM] N=1000000 threads=32 rep=9 batches=34624 time=0.979 s | package=174.321 J | dram=NA | total=174.321 J | power=178.0 W | runtime=in_range | checksum=OK
[STREAM] N=1000000 threads=32 rep=10 batches=34624 time=0.973 s | package=173.514 J | dram=NA | total=173.514 J | power=178.3 W | runtime=in_range | checksum=OK
[OpenMP] requested=8 active=8
[STREAM] N=64000000 threads=8 rep=1 batches=53 time=1.003 s | package=124.776 J | dram=NA | total=124.776 J | power=124.5 W | runtime=in_range | checksum=OK
[STREAM] N=64000000 threads=8 rep=2 batches=53 time=1.003 s | package=124.974 J | dram=NA | total=124.974 J | power=124.6 W | runtime=in_range | checksum=OK
[STREAM] N=64000000 threads=8 rep=3 batches=53 time=1.003 s | package=124.705 J | dram=NA | total=124.705 J | power=124.3 W | runtime=in_range | checksum=OK
[STREAM] N=64000000 threads=8 rep=4 batches=53 time=1.003 s | package=124.585 J | dram=NA | total=124.585 J | power=124.2 W | runtime=in_range | checksum=OK
[STREAM] N=64000000 threads=8 rep=5 batches=53 time=1.003 s | package=124.307 J | dram=NA | total=124.307 J | power=123.9 W | runtime=in_range | checksum=OK
[STREAM] N=64000000 threads=8 rep=6 batches=53 time=1.003 s | package=124.154 J | dram=NA | total=124.154 J | power=123.8 W | runtime=in_range | checksum=OK
[STREAM] N=64000000 threads=8 rep=7 batches=53 time=1.004 s | package=124.567 J | dram=NA | total=124.567 J | power=124.0 W | runtime=in_range | checksum=OK
[STREAM] N=64000000 threads=8 rep=8 batches=53 time=1.003 s | package=124.101 J | dram=NA | total=124.101 J | power=123.7 W | runtime=in_range | checksum=OK
[STREAM] N=64000000 threads=8 rep=9 batches=53 time=1.002 s | package=123.949 J | dram=NA | total=123.949 J | power=123.7 W | runtime=in_range | checksum=OK
[STREAM] N=64000000 threads=8 rep=10 batches=53 time=1.002 s | package=123.960 J | dram=NA | total=123.960 J | power=123.7 W | runtime=in_range | checksum=OK
[OpenMP] requested=1 active=1
[STREAM] N=1000000 threads=1 rep=1 batches=5725 time=1.034 s | package=77.164 J | dram=NA | total=77.164 J | power=74.7 W | runtime=in_range | checksum=OK
[STREAM] N=1000000 threads=1 rep=2 batches=5725 time=1.003 s | package=75.151 J | dram=NA | total=75.151 J | power=74.9 W | runtime=in_range | checksum=OK
[STREAM] N=1000000 threads=1 rep=3 batches=5725 time=1.008 s | package=75.347 J | dram=NA | total=75.347 J | power=74.7 W | runtime=in_range | checksum=OK
[STREAM] N=1000000 threads=1 rep=4 batches=5725 time=1.031 s | package=77.118 J | dram=NA | total=77.118 J | power=74.8 W | runtime=in_range | checksum=OK
[STREAM] N=1000000 threads=1 rep=5 batches=5725 time=1.005 s | package=74.984 J | dram=NA | total=74.984 J | power=74.6 W | runtime=in_range | checksum=OK
[STREAM] N=1000000 threads=1 rep=6 batches=5725 time=1.006 s | package=75.063 J | dram=NA | total=75.063 J | power=74.6 W | runtime=in_range | checksum=OK
[STREAM] N=1000000 threads=1 rep=7 batches=5725 time=0.999 s | package=74.780 J | dram=NA | total=74.780 J | power=74.8 W | runtime=in_range | checksum=OK
[STREAM] N=1000000 threads=1 rep=8 batches=5725 time=1.016 s | package=75.694 J | dram=NA | total=75.694 J | power=74.5 W | runtime=in_range | checksum=OK
[STREAM] N=1000000 threads=1 rep=9 batches=5725 time=1.000 s | package=74.699 J | dram=NA | total=74.699 J | power=74.7 W | runtime=in_range | checksum=OK
[STREAM] N=1000000 threads=1 rep=10 batches=5725 time=0.996 s | package=74.395 J | dram=NA | total=74.395 J | power=74.7 W | runtime=in_range | checksum=OK
[OpenMP] requested=8 active=8
[STREAM] N=8000000 threads=8 rep=1 batches=4158 time=1.003 s | package=147.992 J | dram=NA | total=147.992 J | power=147.6 W | runtime=in_range | checksum=OK
[STREAM] N=8000000 threads=8 rep=2 batches=4158 time=1.003 s | package=147.735 J | dram=NA | total=147.735 J | power=147.3 W | runtime=in_range | checksum=OK
[STREAM] N=8000000 threads=8 rep=3 batches=4158 time=1.002 s | package=148.028 J | dram=NA | total=148.028 J | power=147.7 W | runtime=in_range | checksum=OK
[STREAM] N=8000000 threads=8 rep=4 batches=4158 time=1.010 s | package=148.866 J | dram=NA | total=148.866 J | power=147.4 W | runtime=in_range | checksum=OK
[STREAM] N=8000000 threads=8 rep=5 batches=4158 time=1.009 s | package=149.026 J | dram=NA | total=149.026 J | power=147.7 W | runtime=in_range | checksum=OK
[STREAM] N=8000000 threads=8 rep=6 batches=4158 time=1.010 s | package=148.907 J | dram=NA | total=148.907 J | power=147.4 W | runtime=in_range | checksum=OK
[STREAM] N=8000000 threads=8 rep=7 batches=4158 time=1.010 s | package=148.984 J | dram=NA | total=148.984 J | power=147.5 W | runtime=in_range | checksum=OK
[STREAM] N=8000000 threads=8 rep=8 batches=4158 time=1.009 s | package=148.568 J | dram=NA | total=148.568 J | power=147.2 W | runtime=in_range | checksum=OK
[STREAM] N=8000000 threads=8 rep=9 batches=4158 time=1.015 s | package=149.131 J | dram=NA | total=149.131 J | power=146.9 W | runtime=in_range | checksum=OK
[STREAM] N=8000000 threads=8 rep=10 batches=4158 time=1.016 s | package=149.203 J | dram=NA | total=149.203 J | power=146.8 W | runtime=in_range | checksum=OK
[OpenMP] requested=4 active=4
[STREAM] N=64000000 threads=4 rep=1 batches=54 time=1.010 s | package=92.399 J | dram=NA | total=92.399 J | power=91.5 W | runtime=in_range | checksum=OK
[STREAM] N=64000000 threads=4 rep=2 batches=54 time=1.010 s | package=92.259 J | dram=NA | total=92.259 J | power=91.3 W | runtime=in_range | checksum=OK
[STREAM] N=64000000 threads=4 rep=3 batches=54 time=1.010 s | package=91.686 J | dram=NA | total=91.686 J | power=90.8 W | runtime=in_range | checksum=OK
[STREAM] N=64000000 threads=4 rep=4 batches=54 time=1.009 s | package=91.226 J | dram=NA | total=91.226 J | power=90.4 W | runtime=in_range | checksum=OK
[STREAM] N=64000000 threads=4 rep=5 batches=54 time=1.010 s | package=91.239 J | dram=NA | total=91.239 J | power=90.3 W | runtime=in_range | checksum=OK
[STREAM] N=64000000 threads=4 rep=6 batches=54 time=1.009 s | package=91.222 J | dram=NA | total=91.222 J | power=90.4 W | runtime=in_range | checksum=OK
[STREAM] N=64000000 threads=4 rep=7 batches=54 time=1.009 s | package=91.099 J | dram=NA | total=91.099 J | power=90.2 W | runtime=in_range | checksum=OK
[STREAM] N=64000000 threads=4 rep=8 batches=54 time=1.010 s | package=91.188 J | dram=NA | total=91.188 J | power=90.3 W | runtime=in_range | checksum=OK
[STREAM] N=64000000 threads=4 rep=9 batches=54 time=1.009 s | package=91.072 J | dram=NA | total=91.072 J | power=90.3 W | runtime=in_range | checksum=OK
[STREAM] N=64000000 threads=4 rep=10 batches=54 time=1.009 s | package=91.099 J | dram=NA | total=91.099 J | power=90.3 W | runtime=in_range | checksum=OK
[OpenMP] requested=20 active=20
[STREAM] N=4000000 threads=20 rep=1 batches=22698 time=1.024 s | package=274.611 J | dram=NA | total=274.611 J | power=268.3 W | runtime=in_range | checksum=OK
[STREAM] N=4000000 threads=20 rep=2 batches=22698 time=1.023 s | package=273.715 J | dram=NA | total=273.715 J | power=267.5 W | runtime=in_range | checksum=OK
[STREAM] N=4000000 threads=20 rep=3 batches=22698 time=1.031 s | package=274.534 J | dram=NA | total=274.534 J | power=266.2 W | runtime=in_range | checksum=OK
[STREAM] N=4000000 threads=20 rep=4 batches=22698 time=1.037 s | package=275.031 J | dram=NA | total=275.031 J | power=265.1 W | runtime=in_range | checksum=OK
[STREAM] N=4000000 threads=20 rep=5 batches=22698 time=1.046 s | package=275.797 J | dram=NA | total=275.797 J | power=263.8 W | runtime=in_range | checksum=OK
[STREAM] N=4000000 threads=20 rep=6 batches=22698 time=1.040 s | package=276.064 J | dram=NA | total=276.064 J | power=265.4 W | runtime=in_range | checksum=OK
[STREAM] N=4000000 threads=20 rep=7 batches=22698 time=1.027 s | package=274.422 J | dram=NA | total=274.422 J | power=267.2 W | runtime=in_range | checksum=OK
[STREAM] N=4000000 threads=20 rep=8 batches=22698 time=1.026 s | package=274.454 J | dram=NA | total=274.454 J | power=267.6 W | runtime=in_range | checksum=OK
[STREAM] N=4000000 threads=20 rep=9 batches=22698 time=1.027 s | package=274.508 J | dram=NA | total=274.508 J | power=267.2 W | runtime=in_range | checksum=OK
[STREAM] N=4000000 threads=20 rep=10 batches=22698 time=1.040 s | package=275.654 J | dram=NA | total=275.654 J | power=265.1 W | runtime=in_range | checksum=OK
[OpenMP] requested=1 active=1
[STREAM] N=16000000 threads=1 rep=1 batches=110 time=1.009 s | package=73.021 J | dram=NA | total=73.021 J | power=72.4 W | runtime=in_range | checksum=OK
[STREAM] N=16000000 threads=1 rep=2 batches=110 time=1.009 s | package=72.726 J | dram=NA | total=72.726 J | power=72.1 W | runtime=in_range | checksum=OK
[STREAM] N=16000000 threads=1 rep=3 batches=110 time=1.012 s | package=72.917 J | dram=NA | total=72.917 J | power=72.0 W | runtime=in_range | checksum=OK
[STREAM] N=16000000 threads=1 rep=4 batches=110 time=1.008 s | package=72.494 J | dram=NA | total=72.494 J | power=71.9 W | runtime=in_range | checksum=OK
[STREAM] N=16000000 threads=1 rep=5 batches=110 time=1.008 s | package=72.432 J | dram=NA | total=72.432 J | power=71.9 W | runtime=in_range | checksum=OK
[STREAM] N=16000000 threads=1 rep=6 batches=110 time=1.010 s | package=72.450 J | dram=NA | total=72.450 J | power=71.7 W | runtime=in_range | checksum=OK
[STREAM] N=16000000 threads=1 rep=7 batches=110 time=1.011 s | package=72.617 J | dram=NA | total=72.617 J | power=71.8 W | runtime=in_range | checksum=OK
[STREAM] N=16000000 threads=1 rep=8 batches=110 time=1.015 s | package=72.737 J | dram=NA | total=72.737 J | power=71.6 W | runtime=in_range | checksum=OK
[STREAM] N=16000000 threads=1 rep=9 batches=110 time=1.008 s | package=72.271 J | dram=NA | total=72.271 J | power=71.7 W | runtime=in_range | checksum=OK
[STREAM] N=16000000 threads=1 rep=10 batches=110 time=1.009 s | package=72.248 J | dram=NA | total=72.248 J | power=71.6 W | runtime=in_range | checksum=OK
[OpenMP] requested=1 active=1
[STREAM] N=128000000 threads=1 rep=1 batches=15 time=1.067 s | package=78.125 J | dram=NA | total=78.125 J | power=73.2 W | runtime=in_range | checksum=OK
[STREAM] N=128000000 threads=1 rep=2 batches=15 time=1.072 s | package=78.843 J | dram=NA | total=78.843 J | power=73.5 W | runtime=in_range | checksum=OK
[STREAM] N=128000000 threads=1 rep=3 batches=15 time=1.069 s | package=78.317 J | dram=NA | total=78.317 J | power=73.2 W | runtime=in_range | checksum=OK
[STREAM] N=128000000 threads=1 rep=4 batches=15 time=1.068 s | package=78.277 J | dram=NA | total=78.277 J | power=73.3 W | runtime=in_range | checksum=OK
[STREAM] N=128000000 threads=1 rep=5 batches=15 time=1.068 s | package=78.311 J | dram=NA | total=78.311 J | power=73.3 W | runtime=in_range | checksum=OK
[STREAM] N=128000000 threads=1 rep=6 batches=15 time=1.069 s | package=78.320 J | dram=NA | total=78.320 J | power=73.3 W | runtime=in_range | checksum=OK
[STREAM] N=128000000 threads=1 rep=7 batches=15 time=1.067 s | package=78.255 J | dram=NA | total=78.255 J | power=73.3 W | runtime=in_range | checksum=OK
[STREAM] N=128000000 threads=1 rep=8 batches=15 time=1.071 s | package=78.466 J | dram=NA | total=78.466 J | power=73.3 W | runtime=in_range | checksum=OK
[STREAM] N=128000000 threads=1 rep=9 batches=15 time=1.072 s | package=78.498 J | dram=NA | total=78.498 J | power=73.2 W | runtime=in_range | checksum=OK
[STREAM] N=128000000 threads=1 rep=10 batches=15 time=1.070 s | package=78.295 J | dram=NA | total=78.295 J | power=73.2 W | runtime=in_range | checksum=OK
[OpenMP] requested=10 active=10
[STREAM] N=64000000 threads=10 rep=1 batches=52 time=1.002 s | package=105.122 J | dram=NA | total=105.122 J | power=105.0 W | runtime=in_range | checksum=OK
[STREAM] N=64000000 threads=10 rep=2 batches=52 time=1.002 s | package=105.419 J | dram=NA | total=105.419 J | power=105.2 W | runtime=in_range | checksum=OK
[STREAM] N=64000000 threads=10 rep=3 batches=52 time=1.001 s | package=105.529 J | dram=NA | total=105.529 J | power=105.4 W | runtime=in_range | checksum=OK
[STREAM] N=64000000 threads=10 rep=4 batches=52 time=1.001 s | package=105.515 J | dram=NA | total=105.515 J | power=105.4 W | runtime=in_range | checksum=OK
[STREAM] N=64000000 threads=10 rep=5 batches=52 time=1.001 s | package=105.579 J | dram=NA | total=105.579 J | power=105.5 W | runtime=in_range | checksum=OK
[STREAM] N=64000000 threads=10 rep=6 batches=52 time=1.002 s | package=105.686 J | dram=NA | total=105.686 J | power=105.5 W | runtime=in_range | checksum=OK
[STREAM] N=64000000 threads=10 rep=7 batches=52 time=1.001 s | package=105.833 J | dram=NA | total=105.833 J | power=105.7 W | runtime=in_range | checksum=OK
[STREAM] N=64000000 threads=10 rep=8 batches=52 time=1.001 s | package=105.716 J | dram=NA | total=105.716 J | power=105.6 W | runtime=in_range | checksum=OK
[STREAM] N=64000000 threads=10 rep=9 batches=52 time=1.001 s | package=105.749 J | dram=NA | total=105.749 J | power=105.6 W | runtime=in_range | checksum=OK
[STREAM] N=64000000 threads=10 rep=10 batches=52 time=1.001 s | package=105.826 J | dram=NA | total=105.826 J | power=105.7 W | runtime=in_range | checksum=OK
[OpenMP] requested=20 active=20
[STREAM] N=256000000 threads=20 rep=1 batches=12 time=1.018 s | package=126.994 J | dram=NA | total=126.994 J | power=124.7 W | runtime=in_range | checksum=OK
[STREAM] N=256000000 threads=20 rep=2 batches=12 time=1.018 s | package=127.083 J | dram=NA | total=127.083 J | power=124.8 W | runtime=in_range | checksum=OK
[STREAM] N=256000000 threads=20 rep=3 batches=12 time=1.017 s | package=127.177 J | dram=NA | total=127.177 J | power=125.0 W | runtime=in_range | checksum=OK
[STREAM] N=256000000 threads=20 rep=4 batches=12 time=1.018 s | package=127.369 J | dram=NA | total=127.369 J | power=125.1 W | runtime=in_range | checksum=OK
[STREAM] N=256000000 threads=20 rep=5 batches=12 time=1.019 s | package=127.166 J | dram=NA | total=127.166 J | power=124.8 W | runtime=in_range | checksum=OK
[STREAM] N=256000000 threads=20 rep=6 batches=12 time=1.018 s | package=127.253 J | dram=NA | total=127.253 J | power=125.0 W | runtime=in_range | checksum=OK
[STREAM] N=256000000 threads=20 rep=7 batches=12 time=1.019 s | package=127.311 J | dram=NA | total=127.311 J | power=125.0 W | runtime=in_range | checksum=OK
[STREAM] N=256000000 threads=20 rep=8 batches=12 time=1.019 s | package=127.233 J | dram=NA | total=127.233 J | power=124.9 W | runtime=in_range | checksum=OK
[STREAM] N=256000000 threads=20 rep=9 batches=12 time=1.018 s | package=127.204 J | dram=NA | total=127.204 J | power=124.9 W | runtime=in_range | checksum=OK
[STREAM] N=256000000 threads=20 rep=10 batches=12 time=1.018 s | package=127.215 J | dram=NA | total=127.215 J | power=125.0 W | runtime=in_range | checksum=OK
[OpenMP] requested=1 active=1
[STREAM] N=4000000 threads=1 rep=1 batches=442 time=1.001 s | package=72.779 J | dram=NA | total=72.779 J | power=72.7 W | runtime=in_range | checksum=OK
[STREAM] N=4000000 threads=1 rep=2 batches=442 time=1.002 s | package=72.811 J | dram=NA | total=72.811 J | power=72.7 W | runtime=in_range | checksum=OK
[STREAM] N=4000000 threads=1 rep=3 batches=442 time=0.999 s | package=72.635 J | dram=NA | total=72.635 J | power=72.7 W | runtime=in_range | checksum=OK
[STREAM] N=4000000 threads=1 rep=4 batches=442 time=0.999 s | package=72.454 J | dram=NA | total=72.454 J | power=72.5 W | runtime=in_range | checksum=OK
[STREAM] N=4000000 threads=1 rep=5 batches=442 time=0.999 s | package=72.436 J | dram=NA | total=72.436 J | power=72.5 W | runtime=in_range | checksum=OK
[STREAM] N=4000000 threads=1 rep=6 batches=442 time=0.998 s | package=72.394 J | dram=NA | total=72.394 J | power=72.5 W | runtime=in_range | checksum=OK
[STREAM] N=4000000 threads=1 rep=7 batches=442 time=1.000 s | package=72.406 J | dram=NA | total=72.406 J | power=72.4 W | runtime=in_range | checksum=OK
[STREAM] N=4000000 threads=1 rep=8 batches=442 time=1.003 s | package=72.570 J | dram=NA | total=72.570 J | power=72.4 W | runtime=in_range | checksum=OK
[STREAM] N=4000000 threads=1 rep=9 batches=442 time=1.000 s | package=72.370 J | dram=NA | total=72.370 J | power=72.4 W | runtime=in_range | checksum=OK
[STREAM] N=4000000 threads=1 rep=10 batches=442 time=1.001 s | package=72.515 J | dram=NA | total=72.515 J | power=72.4 W | runtime=in_range | checksum=OK
[OpenMP] requested=2 active=2
[STREAM] N=64000000 threads=2 rep=1 batches=45 time=1.016 s | package=82.800 J | dram=NA | total=82.800 J | power=81.5 W | runtime=in_range | checksum=OK
[STREAM] N=64000000 threads=2 rep=2 batches=45 time=1.019 s | package=83.029 J | dram=NA | total=83.029 J | power=81.5 W | runtime=in_range | checksum=OK
[STREAM] N=64000000 threads=2 rep=3 batches=45 time=1.015 s | package=82.882 J | dram=NA | total=82.882 J | power=81.6 W | runtime=in_range | checksum=OK
[STREAM] N=64000000 threads=2 rep=4 batches=45 time=1.020 s | package=83.103 J | dram=NA | total=83.103 J | power=81.5 W | runtime=in_range | checksum=OK
[STREAM] N=64000000 threads=2 rep=5 batches=45 time=1.017 s | package=82.860 J | dram=NA | total=82.860 J | power=81.5 W | runtime=in_range | checksum=OK
[STREAM] N=64000000 threads=2 rep=6 batches=45 time=1.018 s | package=83.007 J | dram=NA | total=83.007 J | power=81.5 W | runtime=in_range | checksum=OK
[STREAM] N=64000000 threads=2 rep=7 batches=45 time=1.019 s | package=83.084 J | dram=NA | total=83.084 J | power=81.5 W | runtime=in_range | checksum=OK
[STREAM] N=64000000 threads=2 rep=8 batches=45 time=1.018 s | package=82.999 J | dram=NA | total=82.999 J | power=81.5 W | runtime=in_range | checksum=OK
[STREAM] N=64000000 threads=2 rep=9 batches=45 time=1.016 s | package=82.891 J | dram=NA | total=82.891 J | power=81.6 W | runtime=in_range | checksum=OK
[STREAM] N=64000000 threads=2 rep=10 batches=45 time=1.017 s | package=82.935 J | dram=NA | total=82.935 J | power=81.6 W | runtime=in_range | checksum=OK
[OpenMP] requested=32 active=32
[STREAM] N=4000000 threads=32 rep=1 batches=23533 time=1.006 s | package=276.286 J | dram=NA | total=276.286 J | power=274.7 W | runtime=in_range | checksum=OK
[STREAM] N=4000000 threads=32 rep=2 batches=23533 time=1.017 s | package=279.544 J | dram=NA | total=279.544 J | power=275.0 W | runtime=in_range | checksum=OK
[STREAM] N=4000000 threads=32 rep=3 batches=23533 time=1.026 s | package=280.780 J | dram=NA | total=280.780 J | power=273.6 W | runtime=in_range | checksum=OK
[STREAM] N=4000000 threads=32 rep=4 batches=23533 time=1.018 s | package=278.274 J | dram=NA | total=278.274 J | power=273.4 W | runtime=in_range | checksum=OK
[STREAM] N=4000000 threads=32 rep=5 batches=23533 time=1.016 s | package=278.864 J | dram=NA | total=278.864 J | power=274.5 W | runtime=in_range | checksum=OK
[STREAM] N=4000000 threads=32 rep=6 batches=23533 time=1.019 s | package=279.923 J | dram=NA | total=279.923 J | power=274.8 W | runtime=in_range | checksum=OK
[STREAM] N=4000000 threads=32 rep=7 batches=23533 time=1.014 s | package=279.522 J | dram=NA | total=279.522 J | power=275.7 W | runtime=in_range | checksum=OK
[STREAM] N=4000000 threads=32 rep=8 batches=23533 time=1.027 s | package=281.671 J | dram=NA | total=281.671 J | power=274.3 W | runtime=in_range | checksum=OK
[STREAM] N=4000000 threads=32 rep=9 batches=23533 time=1.022 s | package=280.983 J | dram=NA | total=280.983 J | power=274.8 W | runtime=in_range | checksum=OK
[STREAM] N=4000000 threads=32 rep=10 batches=23533 time=1.022 s | package=280.386 J | dram=NA | total=280.386 J | power=274.3 W | runtime=in_range | checksum=OK
[OpenMP] requested=64 active=64
[STREAM] N=256000000 threads=64 rep=1 batches=13 time=1.019 s | package=162.345 J | dram=NA | total=162.345 J | power=159.2 W | runtime=in_range | checksum=OK
[STREAM] N=256000000 threads=64 rep=2 batches=13 time=1.020 s | package=161.999 J | dram=NA | total=161.999 J | power=158.9 W | runtime=in_range | checksum=OK
[STREAM] N=256000000 threads=64 rep=3 batches=13 time=1.020 s | package=161.604 J | dram=NA | total=161.604 J | power=158.4 W | runtime=in_range | checksum=OK
[STREAM] N=256000000 threads=64 rep=4 batches=13 time=1.021 s | package=161.662 J | dram=NA | total=161.662 J | power=158.4 W | runtime=in_range | checksum=OK
[STREAM] N=256000000 threads=64 rep=5 batches=13 time=1.020 s | package=161.588 J | dram=NA | total=161.588 J | power=158.4 W | runtime=in_range | checksum=OK
[STREAM] N=256000000 threads=64 rep=6 batches=13 time=1.020 s | package=161.714 J | dram=NA | total=161.714 J | power=158.5 W | runtime=in_range | checksum=OK
[STREAM] N=256000000 threads=64 rep=7 batches=13 time=1.022 s | package=161.793 J | dram=NA | total=161.793 J | power=158.3 W | runtime=in_range | checksum=OK
[STREAM] N=256000000 threads=64 rep=8 batches=13 time=1.020 s | package=161.650 J | dram=NA | total=161.650 J | power=158.4 W | runtime=in_range | checksum=OK
[STREAM] N=256000000 threads=64 rep=9 batches=13 time=1.020 s | package=161.551 J | dram=NA | total=161.551 J | power=158.4 W | runtime=in_range | checksum=OK
[STREAM] N=256000000 threads=64 rep=10 batches=13 time=1.020 s | package=161.510 J | dram=NA | total=161.510 J | power=158.3 W | runtime=in_range | checksum=OK
[OpenMP] requested=4 active=4
[STREAM] N=2000000 threads=4 rep=1 batches=14501 time=1.009 s | package=126.569 J | dram=NA | total=126.569 J | power=125.4 W | runtime=in_range | checksum=OK
[STREAM] N=2000000 threads=4 rep=2 batches=14501 time=1.017 s | package=126.916 J | dram=NA | total=126.916 J | power=124.8 W | runtime=in_range | checksum=OK
[STREAM] N=2000000 threads=4 rep=3 batches=14501 time=1.012 s | package=126.708 J | dram=NA | total=126.708 J | power=125.2 W | runtime=in_range | checksum=OK
[STREAM] N=2000000 threads=4 rep=4 batches=14501 time=1.017 s | package=127.017 J | dram=NA | total=127.017 J | power=124.9 W | runtime=in_range | checksum=OK
[STREAM] N=2000000 threads=4 rep=5 batches=14501 time=1.000 s | package=125.621 J | dram=NA | total=125.621 J | power=125.6 W | runtime=in_range | checksum=OK
[STREAM] N=2000000 threads=4 rep=6 batches=14501 time=0.993 s | package=124.884 J | dram=NA | total=124.884 J | power=125.8 W | runtime=in_range | checksum=OK
[STREAM] N=2000000 threads=4 rep=7 batches=14501 time=0.986 s | package=124.499 J | dram=NA | total=124.499 J | power=126.2 W | runtime=in_range | checksum=OK
[STREAM] N=2000000 threads=4 rep=8 batches=14501 time=0.989 s | package=124.914 J | dram=NA | total=124.914 J | power=126.3 W | runtime=in_range | checksum=OK
[STREAM] N=2000000 threads=4 rep=9 batches=14501 time=0.982 s | package=124.252 J | dram=NA | total=124.252 J | power=126.5 W | runtime=in_range | checksum=OK
[STREAM] N=2000000 threads=4 rep=10 batches=14501 time=0.976 s | package=123.970 J | dram=NA | total=123.970 J | power=127.0 W | runtime=in_range | checksum=OK
[OpenMP] requested=10 active=10
[STREAM] N=8000000 threads=10 rep=1 batches=1798 time=1.001 s | package=115.686 J | dram=NA | total=115.686 J | power=115.6 W | runtime=in_range | checksum=OK
[STREAM] N=8000000 threads=10 rep=2 batches=1798 time=1.001 s | package=115.825 J | dram=NA | total=115.825 J | power=115.7 W | runtime=in_range | checksum=OK
[STREAM] N=8000000 threads=10 rep=3 batches=1798 time=1.001 s | package=115.855 J | dram=NA | total=115.855 J | power=115.7 W | runtime=in_range | checksum=OK
[STREAM] N=8000000 threads=10 rep=4 batches=1798 time=1.003 s | package=116.060 J | dram=NA | total=116.060 J | power=115.7 W | runtime=in_range | checksum=OK
[STREAM] N=8000000 threads=10 rep=5 batches=1798 time=1.001 s | package=116.056 J | dram=NA | total=116.056 J | power=115.9 W | runtime=in_range | checksum=OK
[STREAM] N=8000000 threads=10 rep=6 batches=1798 time=1.001 s | package=115.978 J | dram=NA | total=115.978 J | power=115.8 W | runtime=in_range | checksum=OK
[STREAM] N=8000000 threads=10 rep=7 batches=1798 time=1.001 s | package=116.090 J | dram=NA | total=116.090 J | power=115.9 W | runtime=in_range | checksum=OK
[STREAM] N=8000000 threads=10 rep=8 batches=1798 time=1.001 s | package=116.009 J | dram=NA | total=116.009 J | power=115.9 W | runtime=in_range | checksum=OK
[STREAM] N=8000000 threads=10 rep=9 batches=1798 time=1.001 s | package=115.982 J | dram=NA | total=115.982 J | power=115.9 W | runtime=in_range | checksum=OK
[STREAM] N=8000000 threads=10 rep=10 batches=1798 time=1.004 s | package=116.277 J | dram=NA | total=116.277 J | power=115.8 W | runtime=in_range | checksum=OK
[OpenMP] requested=16 active=16
[STREAM] N=32000000 threads=16 rep=1 batches=103 time=1.003 s | package=123.976 J | dram=NA | total=123.976 J | power=123.5 W | runtime=in_range | checksum=OK
[STREAM] N=32000000 threads=16 rep=2 batches=103 time=1.004 s | package=123.991 J | dram=NA | total=123.991 J | power=123.5 W | runtime=in_range | checksum=OK
[STREAM] N=32000000 threads=16 rep=3 batches=103 time=1.004 s | package=124.109 J | dram=NA | total=124.109 J | power=123.6 W | runtime=in_range | checksum=OK
[STREAM] N=32000000 threads=16 rep=4 batches=103 time=1.004 s | package=124.135 J | dram=NA | total=124.135 J | power=123.7 W | runtime=in_range | checksum=OK
[STREAM] N=32000000 threads=16 rep=5 batches=103 time=1.004 s | package=124.125 J | dram=NA | total=124.125 J | power=123.6 W | runtime=in_range | checksum=OK
[STREAM] N=32000000 threads=16 rep=6 batches=103 time=1.004 s | package=125.075 J | dram=NA | total=125.075 J | power=124.5 W | runtime=in_range | checksum=OK
[STREAM] N=32000000 threads=16 rep=7 batches=103 time=1.004 s | package=126.214 J | dram=NA | total=126.214 J | power=125.8 W | runtime=in_range | checksum=OK
[STREAM] N=32000000 threads=16 rep=8 batches=103 time=1.003 s | package=126.031 J | dram=NA | total=126.031 J | power=125.6 W | runtime=in_range | checksum=OK
[STREAM] N=32000000 threads=16 rep=9 batches=103 time=1.004 s | package=126.132 J | dram=NA | total=126.132 J | power=125.6 W | runtime=in_range | checksum=OK
[STREAM] N=32000000 threads=16 rep=10 batches=103 time=1.004 s | package=126.078 J | dram=NA | total=126.078 J | power=125.6 W | runtime=in_range | checksum=OK
[OpenMP] requested=64 active=64
[STREAM] N=32000000 threads=64 rep=1 batches=101 time=1.009 s | package=158.936 J | dram=NA | total=158.936 J | power=157.5 W | runtime=in_range | checksum=OK
[STREAM] N=32000000 threads=64 rep=2 batches=101 time=1.011 s | package=159.217 J | dram=NA | total=159.217 J | power=157.5 W | runtime=in_range | checksum=OK
[STREAM] N=32000000 threads=64 rep=3 batches=101 time=1.011 s | package=159.467 J | dram=NA | total=159.467 J | power=157.8 W | runtime=in_range | checksum=OK
[STREAM] N=32000000 threads=64 rep=4 batches=101 time=1.011 s | package=159.511 J | dram=NA | total=159.511 J | power=157.8 W | runtime=in_range | checksum=OK
[STREAM] N=32000000 threads=64 rep=5 batches=101 time=1.011 s | package=159.479 J | dram=NA | total=159.479 J | power=157.8 W | runtime=in_range | checksum=OK
[STREAM] N=32000000 threads=64 rep=6 batches=101 time=1.010 s | package=159.513 J | dram=NA | total=159.513 J | power=157.9 W | runtime=in_range | checksum=OK
[STREAM] N=32000000 threads=64 rep=7 batches=101 time=1.011 s | package=159.771 J | dram=NA | total=159.771 J | power=158.1 W | runtime=in_range | checksum=OK
[STREAM] N=32000000 threads=64 rep=8 batches=101 time=1.011 s | package=159.659 J | dram=NA | total=159.659 J | power=158.0 W | runtime=in_range | checksum=OK
[STREAM] N=32000000 threads=64 rep=9 batches=101 time=1.010 s | package=159.893 J | dram=NA | total=159.893 J | power=158.4 W | runtime=in_range | checksum=OK
[STREAM] N=32000000 threads=64 rep=10 batches=101 time=1.010 s | package=159.701 J | dram=NA | total=159.701 J | power=158.1 W | runtime=in_range | checksum=OK
[OpenMP] requested=16 active=16
[STREAM] N=128000000 threads=16 rep=1 batches=27 time=1.032 s | package=139.608 J | dram=NA | total=139.608 J | power=135.3 W | runtime=in_range | checksum=OK
[STREAM] N=128000000 threads=16 rep=2 batches=27 time=1.033 s | package=139.574 J | dram=NA | total=139.574 J | power=135.1 W | runtime=in_range | checksum=OK
[STREAM] N=128000000 threads=16 rep=3 batches=27 time=1.033 s | package=139.552 J | dram=NA | total=139.552 J | power=135.1 W | runtime=in_range | checksum=OK
[STREAM] N=128000000 threads=16 rep=4 batches=27 time=1.033 s | package=139.520 J | dram=NA | total=139.520 J | power=135.1 W | runtime=in_range | checksum=OK
[STREAM] N=128000000 threads=16 rep=5 batches=27 time=1.033 s | package=139.537 J | dram=NA | total=139.537 J | power=135.1 W | runtime=in_range | checksum=OK
[STREAM] N=128000000 threads=16 rep=6 batches=27 time=1.032 s | package=139.562 J | dram=NA | total=139.562 J | power=135.2 W | runtime=in_range | checksum=OK
[STREAM] N=128000000 threads=16 rep=7 batches=27 time=1.032 s | package=139.299 J | dram=NA | total=139.299 J | power=134.9 W | runtime=in_range | checksum=OK
[STREAM] N=128000000 threads=16 rep=8 batches=27 time=1.032 s | package=139.295 J | dram=NA | total=139.295 J | power=134.9 W | runtime=in_range | checksum=OK
[STREAM] N=128000000 threads=16 rep=9 batches=27 time=1.032 s | package=139.305 J | dram=NA | total=139.305 J | power=135.0 W | runtime=in_range | checksum=OK
[STREAM] N=128000000 threads=16 rep=10 batches=27 time=1.033 s | package=139.316 J | dram=NA | total=139.316 J | power=134.9 W | runtime=in_range | checksum=OK
[OpenMP] requested=10 active=10
[STREAM] N=16000000 threads=10 rep=1 batches=283 time=1.000 s | package=117.430 J | dram=NA | total=117.430 J | power=117.4 W | runtime=in_range | checksum=OK
[STREAM] N=16000000 threads=10 rep=2 batches=283 time=1.005 s | package=118.900 J | dram=NA | total=118.900 J | power=118.3 W | runtime=in_range | checksum=OK
[STREAM] N=16000000 threads=10 rep=3 batches=283 time=1.003 s | package=118.421 J | dram=NA | total=118.421 J | power=118.1 W | runtime=in_range | checksum=OK
[STREAM] N=16000000 threads=10 rep=4 batches=283 time=1.002 s | package=118.258 J | dram=NA | total=118.258 J | power=118.0 W | runtime=in_range | checksum=OK
[STREAM] N=16000000 threads=10 rep=5 batches=283 time=1.001 s | package=118.066 J | dram=NA | total=118.066 J | power=118.0 W | runtime=in_range | checksum=OK
[STREAM] N=16000000 threads=10 rep=6 batches=283 time=1.000 s | package=118.017 J | dram=NA | total=118.017 J | power=118.0 W | runtime=in_range | checksum=OK
[STREAM] N=16000000 threads=10 rep=7 batches=283 time=1.001 s | package=118.165 J | dram=NA | total=118.165 J | power=118.1 W | runtime=in_range | checksum=OK
[STREAM] N=16000000 threads=10 rep=8 batches=283 time=1.000 s | package=118.049 J | dram=NA | total=118.049 J | power=118.0 W | runtime=in_range | checksum=OK
[STREAM] N=16000000 threads=10 rep=9 batches=283 time=1.000 s | package=117.870 J | dram=NA | total=117.870 J | power=117.8 W | runtime=in_range | checksum=OK
[STREAM] N=16000000 threads=10 rep=10 batches=283 time=1.000 s | package=117.841 J | dram=NA | total=117.841 J | power=117.8 W | runtime=in_range | checksum=OK
[OpenMP] requested=8 active=8
[STREAM] N=4000000 threads=8 rep=1 batches=14160 time=1.021 s | package=188.116 J | dram=NA | total=188.116 J | power=184.3 W | runtime=in_range | checksum=OK
[STREAM] N=4000000 threads=8 rep=2 batches=14160 time=1.006 s | package=186.339 J | dram=NA | total=186.339 J | power=185.2 W | runtime=in_range | checksum=OK
[STREAM] N=4000000 threads=8 rep=3 batches=14160 time=1.014 s | package=187.329 J | dram=NA | total=187.329 J | power=184.8 W | runtime=in_range | checksum=OK
[STREAM] N=4000000 threads=8 rep=4 batches=14160 time=1.016 s | package=187.482 J | dram=NA | total=187.482 J | power=184.6 W | runtime=in_range | checksum=OK
[STREAM] N=4000000 threads=8 rep=5 batches=14160 time=1.019 s | package=187.847 J | dram=NA | total=187.847 J | power=184.3 W | runtime=in_range | checksum=OK
[STREAM] N=4000000 threads=8 rep=6 batches=14160 time=1.028 s | package=188.836 J | dram=NA | total=188.836 J | power=183.6 W | runtime=in_range | checksum=OK
[STREAM] N=4000000 threads=8 rep=7 batches=14160 time=1.034 s | package=189.035 J | dram=NA | total=189.035 J | power=182.9 W | runtime=in_range | checksum=OK
[STREAM] N=4000000 threads=8 rep=8 batches=14160 time=1.027 s | package=188.680 J | dram=NA | total=188.680 J | power=183.7 W | runtime=in_range | checksum=OK
[STREAM] N=4000000 threads=8 rep=9 batches=14160 time=1.025 s | package=188.139 J | dram=NA | total=188.139 J | power=183.6 W | runtime=in_range | checksum=OK
[STREAM] N=4000000 threads=8 rep=10 batches=14160 time=1.017 s | package=187.505 J | dram=NA | total=187.505 J | power=184.3 W | runtime=in_range | checksum=OK
[OpenMP] requested=64 active=64
[STREAM] N=1000000 threads=64 rep=1 batches=17882 time=1.001 s | package=166.837 J | dram=NA | total=166.837 J | power=166.7 W | runtime=in_range | checksum=OK
[STREAM] N=1000000 threads=64 rep=2 batches=17882 time=1.005 s | package=167.306 J | dram=NA | total=167.306 J | power=166.5 W | runtime=in_range | checksum=OK
[STREAM] N=1000000 threads=64 rep=3 batches=17882 time=1.003 s | package=167.096 J | dram=NA | total=167.096 J | power=166.7 W | runtime=in_range | checksum=OK
[STREAM] N=1000000 threads=64 rep=4 batches=17882 time=1.038 s | package=170.782 J | dram=NA | total=170.782 J | power=164.5 W | runtime=in_range | checksum=OK
[STREAM] N=1000000 threads=64 rep=5 batches=17882 time=1.036 s | package=170.379 J | dram=NA | total=170.379 J | power=164.4 W | runtime=in_range | checksum=OK
[STREAM] N=1000000 threads=64 rep=6 batches=17882 time=1.037 s | package=170.425 J | dram=NA | total=170.425 J | power=164.3 W | runtime=in_range | checksum=OK
[STREAM] N=1000000 threads=64 rep=7 batches=17882 time=1.038 s | package=170.545 J | dram=NA | total=170.545 J | power=164.2 W | runtime=in_range | checksum=OK
[STREAM] N=1000000 threads=64 rep=8 batches=17882 time=1.044 s | package=171.327 J | dram=NA | total=171.327 J | power=164.2 W | runtime=in_range | checksum=OK
[STREAM] N=1000000 threads=64 rep=9 batches=17882 time=1.044 s | package=171.373 J | dram=NA | total=171.373 J | power=164.1 W | runtime=in_range | checksum=OK
[STREAM] N=1000000 threads=64 rep=10 batches=17882 time=1.046 s | package=171.580 J | dram=NA | total=171.580 J | power=164.0 W | runtime=in_range | checksum=OK
[OpenMP] requested=10 active=10
[STREAM] N=2000000 threads=10 rep=1 batches=27535 time=1.003 s | package=189.550 J | dram=NA | total=189.550 J | power=188.9 W | runtime=in_range | checksum=OK
[STREAM] N=2000000 threads=10 rep=2 batches=27535 time=0.994 s | package=188.065 J | dram=NA | total=188.065 J | power=189.3 W | runtime=in_range | checksum=OK
[STREAM] N=2000000 threads=10 rep=3 batches=27535 time=0.983 s | package=186.941 J | dram=NA | total=186.941 J | power=190.2 W | runtime=in_range | checksum=OK
[STREAM] N=2000000 threads=10 rep=4 batches=27535 time=0.982 s | package=186.630 J | dram=NA | total=186.630 J | power=190.1 W | runtime=in_range | checksum=OK
[STREAM] N=2000000 threads=10 rep=5 batches=27535 time=0.982 s | package=186.916 J | dram=NA | total=186.916 J | power=190.4 W | runtime=in_range | checksum=OK
[STREAM] N=2000000 threads=10 rep=6 batches=27535 time=0.980 s | package=187.167 J | dram=NA | total=187.167 J | power=191.0 W | runtime=in_range | checksum=OK
[STREAM] N=2000000 threads=10 rep=7 batches=27535 time=0.986 s | package=187.880 J | dram=NA | total=187.880 J | power=190.5 W | runtime=in_range | checksum=OK
[STREAM] N=2000000 threads=10 rep=8 batches=27535 time=0.988 s | package=187.372 J | dram=NA | total=187.372 J | power=189.7 W | runtime=in_range | checksum=OK
[STREAM] N=2000000 threads=10 rep=9 batches=27535 time=0.984 s | package=186.888 J | dram=NA | total=186.888 J | power=190.0 W | runtime=in_range | checksum=OK
[STREAM] N=2000000 threads=10 rep=10 batches=27535 time=0.988 s | package=187.238 J | dram=NA | total=187.238 J | power=189.5 W | runtime=in_range | checksum=OK
[OpenMP] requested=32 active=32
[STREAM] N=32000000 threads=32 rep=1 batches=102 time=1.004 s | package=153.551 J | dram=NA | total=153.551 J | power=152.9 W | runtime=in_range | checksum=OK
[STREAM] N=32000000 threads=32 rep=2 batches=102 time=1.005 s | package=153.559 J | dram=NA | total=153.559 J | power=152.8 W | runtime=in_range | checksum=OK
[STREAM] N=32000000 threads=32 rep=3 batches=102 time=1.005 s | package=153.416 J | dram=NA | total=153.416 J | power=152.7 W | runtime=in_range | checksum=OK
[STREAM] N=32000000 threads=32 rep=4 batches=102 time=1.005 s | package=153.660 J | dram=NA | total=153.660 J | power=152.8 W | runtime=in_range | checksum=OK
[STREAM] N=32000000 threads=32 rep=5 batches=102 time=1.005 s | package=153.171 J | dram=NA | total=153.171 J | power=152.5 W | runtime=in_range | checksum=OK
[STREAM] N=32000000 threads=32 rep=6 batches=102 time=1.004 s | package=153.114 J | dram=NA | total=153.114 J | power=152.4 W | runtime=in_range | checksum=OK
[STREAM] N=32000000 threads=32 rep=7 batches=102 time=1.004 s | package=153.120 J | dram=NA | total=153.120 J | power=152.5 W | runtime=in_range | checksum=OK
[STREAM] N=32000000 threads=32 rep=8 batches=102 time=1.005 s | package=153.424 J | dram=NA | total=153.424 J | power=152.7 W | runtime=in_range | checksum=OK
[STREAM] N=32000000 threads=32 rep=9 batches=102 time=1.005 s | package=153.611 J | dram=NA | total=153.611 J | power=152.9 W | runtime=in_range | checksum=OK
[STREAM] N=32000000 threads=32 rep=10 batches=102 time=1.005 s | package=153.230 J | dram=NA | total=153.230 J | power=152.5 W | runtime=in_range | checksum=OK
[OpenMP] requested=64 active=64
[STREAM] N=64000000 threads=64 rep=1 batches=51 time=1.012 s | package=160.322 J | dram=NA | total=160.322 J | power=158.5 W | runtime=in_range | checksum=OK
[STREAM] N=64000000 threads=64 rep=2 batches=51 time=1.012 s | package=160.296 J | dram=NA | total=160.296 J | power=158.4 W | runtime=in_range | checksum=OK
[STREAM] N=64000000 threads=64 rep=3 batches=51 time=1.012 s | package=160.308 J | dram=NA | total=160.308 J | power=158.5 W | runtime=in_range | checksum=OK
[STREAM] N=64000000 threads=64 rep=4 batches=51 time=1.012 s | package=160.417 J | dram=NA | total=160.417 J | power=158.4 W | runtime=in_range | checksum=OK
[STREAM] N=64000000 threads=64 rep=5 batches=51 time=1.012 s | package=160.349 J | dram=NA | total=160.349 J | power=158.5 W | runtime=in_range | checksum=OK
[STREAM] N=64000000 threads=64 rep=6 batches=51 time=1.012 s | package=160.431 J | dram=NA | total=160.431 J | power=158.5 W | runtime=in_range | checksum=OK
[STREAM] N=64000000 threads=64 rep=7 batches=51 time=1.012 s | package=160.413 J | dram=NA | total=160.413 J | power=158.6 W | runtime=in_range | checksum=OK
[STREAM] N=64000000 threads=64 rep=8 batches=51 time=1.012 s | package=160.186 J | dram=NA | total=160.186 J | power=158.3 W | runtime=in_range | checksum=OK
[STREAM] N=64000000 threads=64 rep=9 batches=51 time=1.012 s | package=160.270 J | dram=NA | total=160.270 J | power=158.3 W | runtime=in_range | checksum=OK
[STREAM] N=64000000 threads=64 rep=10 batches=51 time=1.014 s | package=160.294 J | dram=NA | total=160.294 J | power=158.1 W | runtime=in_range | checksum=OK
[OpenMP] requested=8 active=8
[STREAM] N=128000000 threads=8 rep=1 batches=27 time=1.012 s | package=126.758 J | dram=NA | total=126.758 J | power=125.3 W | runtime=in_range | checksum=OK
[STREAM] N=128000000 threads=8 rep=2 batches=27 time=1.012 s | package=126.899 J | dram=NA | total=126.899 J | power=125.4 W | runtime=in_range | checksum=OK
[STREAM] N=128000000 threads=8 rep=3 batches=27 time=1.011 s | package=126.698 J | dram=NA | total=126.698 J | power=125.3 W | runtime=in_range | checksum=OK
[STREAM] N=128000000 threads=8 rep=4 batches=27 time=1.012 s | package=126.628 J | dram=NA | total=126.628 J | power=125.1 W | runtime=in_range | checksum=OK
[STREAM] N=128000000 threads=8 rep=5 batches=27 time=1.011 s | package=126.616 J | dram=NA | total=126.616 J | power=125.2 W | runtime=in_range | checksum=OK
[STREAM] N=128000000 threads=8 rep=6 batches=27 time=1.011 s | package=126.424 J | dram=NA | total=126.424 J | power=125.0 W | runtime=in_range | checksum=OK
[STREAM] N=128000000 threads=8 rep=7 batches=27 time=1.011 s | package=126.542 J | dram=NA | total=126.542 J | power=125.1 W | runtime=in_range | checksum=OK
[STREAM] N=128000000 threads=8 rep=8 batches=27 time=1.012 s | package=126.570 J | dram=NA | total=126.570 J | power=125.1 W | runtime=in_range | checksum=OK
[STREAM] N=128000000 threads=8 rep=9 batches=27 time=1.012 s | package=126.293 J | dram=NA | total=126.293 J | power=124.8 W | runtime=in_range | checksum=OK
[STREAM] N=128000000 threads=8 rep=10 batches=27 time=1.012 s | package=126.687 J | dram=NA | total=126.687 J | power=125.2 W | runtime=in_range | checksum=OK
[OpenMP] requested=20 active=20
[STREAM] N=64000000 threads=20 rep=1 batches=47 time=1.004 s | package=127.304 J | dram=NA | total=127.304 J | power=126.8 W | runtime=in_range | checksum=OK
[STREAM] N=64000000 threads=20 rep=2 batches=47 time=1.004 s | package=127.222 J | dram=NA | total=127.222 J | power=126.7 W | runtime=in_range | checksum=OK
[STREAM] N=64000000 threads=20 rep=3 batches=47 time=1.004 s | package=127.261 J | dram=NA | total=127.261 J | power=126.7 W | runtime=in_range | checksum=OK
[STREAM] N=64000000 threads=20 rep=4 batches=47 time=1.004 s | package=128.351 J | dram=NA | total=128.351 J | power=127.8 W | runtime=in_range | checksum=OK
[STREAM] N=64000000 threads=20 rep=5 batches=47 time=1.004 s | package=129.065 J | dram=NA | total=129.065 J | power=128.6 W | runtime=in_range | checksum=OK
[STREAM] N=64000000 threads=20 rep=6 batches=47 time=1.004 s | package=128.966 J | dram=NA | total=128.966 J | power=128.5 W | runtime=in_range | checksum=OK
[STREAM] N=64000000 threads=20 rep=7 batches=47 time=1.004 s | package=128.874 J | dram=NA | total=128.874 J | power=128.4 W | runtime=in_range | checksum=OK
[STREAM] N=64000000 threads=20 rep=8 batches=47 time=1.004 s | package=129.009 J | dram=NA | total=129.009 J | power=128.4 W | runtime=in_range | checksum=OK
[STREAM] N=64000000 threads=20 rep=9 batches=47 time=1.004 s | package=129.006 J | dram=NA | total=129.006 J | power=128.5 W | runtime=in_range | checksum=OK
[STREAM] N=64000000 threads=20 rep=10 batches=47 time=1.004 s | package=128.824 J | dram=NA | total=128.824 J | power=128.3 W | runtime=in_range | checksum=OK
[OpenMP] requested=8 active=8
[STREAM] N=1000000 threads=8 rep=1 batches=41271 time=1.011 s | package=160.278 J | dram=NA | total=160.278 J | power=158.5 W | runtime=in_range | checksum=OK
[STREAM] N=1000000 threads=8 rep=2 batches=41271 time=1.017 s | package=160.791 J | dram=NA | total=160.791 J | power=158.1 W | runtime=in_range | checksum=OK
[STREAM] N=1000000 threads=8 rep=3 batches=41271 time=1.008 s | package=159.753 J | dram=NA | total=159.753 J | power=158.5 W | runtime=in_range | checksum=OK
[STREAM] N=1000000 threads=8 rep=4 batches=41271 time=1.011 s | package=160.139 J | dram=NA | total=160.139 J | power=158.4 W | runtime=in_range | checksum=OK
[STREAM] N=1000000 threads=8 rep=5 batches=41271 time=1.010 s | package=160.620 J | dram=NA | total=160.620 J | power=159.1 W | runtime=in_range | checksum=OK
[STREAM] N=1000000 threads=8 rep=6 batches=41271 time=1.007 s | package=159.784 J | dram=NA | total=159.784 J | power=158.7 W | runtime=in_range | checksum=OK
[STREAM] N=1000000 threads=8 rep=7 batches=41271 time=1.010 s | package=160.375 J | dram=NA | total=160.375 J | power=158.8 W | runtime=in_range | checksum=OK
[STREAM] N=1000000 threads=8 rep=8 batches=41271 time=1.008 s | package=159.836 J | dram=NA | total=159.836 J | power=158.5 W | runtime=in_range | checksum=OK
[STREAM] N=1000000 threads=8 rep=9 batches=41271 time=1.014 s | package=160.627 J | dram=NA | total=160.627 J | power=158.4 W | runtime=in_range | checksum=OK
[STREAM] N=1000000 threads=8 rep=10 batches=41271 time=0.991 s | package=157.958 J | dram=NA | total=157.958 J | power=159.4 W | runtime=in_range | checksum=OK
[OpenMP] requested=10 active=10
[STREAM] N=32000000 threads=10 rep=1 batches=104 time=1.009 s | package=109.291 J | dram=NA | total=109.291 J | power=108.3 W | runtime=in_range | checksum=OK
[STREAM] N=32000000 threads=10 rep=2 batches=104 time=1.009 s | package=109.203 J | dram=NA | total=109.203 J | power=108.2 W | runtime=in_range | checksum=OK
[STREAM] N=32000000 threads=10 rep=3 batches=104 time=1.009 s | package=109.148 J | dram=NA | total=109.148 J | power=108.2 W | runtime=in_range | checksum=OK
[STREAM] N=32000000 threads=10 rep=4 batches=104 time=1.009 s | package=109.223 J | dram=NA | total=109.223 J | power=108.2 W | runtime=in_range | checksum=OK
[STREAM] N=32000000 threads=10 rep=5 batches=104 time=1.009 s | package=109.064 J | dram=NA | total=109.064 J | power=108.1 W | runtime=in_range | checksum=OK
[STREAM] N=32000000 threads=10 rep=6 batches=104 time=1.009 s | package=109.001 J | dram=NA | total=109.001 J | power=108.1 W | runtime=in_range | checksum=OK
[STREAM] N=32000000 threads=10 rep=7 batches=104 time=1.008 s | package=109.137 J | dram=NA | total=109.137 J | power=108.2 W | runtime=in_range | checksum=OK
[STREAM] N=32000000 threads=10 rep=8 batches=104 time=1.008 s | package=109.156 J | dram=NA | total=109.156 J | power=108.3 W | runtime=in_range | checksum=OK
[STREAM] N=32000000 threads=10 rep=9 batches=104 time=1.009 s | package=109.172 J | dram=NA | total=109.172 J | power=108.2 W | runtime=in_range | checksum=OK
[STREAM] N=32000000 threads=10 rep=10 batches=104 time=1.010 s | package=109.118 J | dram=NA | total=109.118 J | power=108.1 W | runtime=in_range | checksum=OK
[OpenMP] requested=16 active=16
[STREAM] N=1000000 threads=16 rep=1 batches=46016 time=1.026 s | package=181.780 J | dram=NA | total=181.780 J | power=177.2 W | runtime=in_range | checksum=OK
[STREAM] N=1000000 threads=16 rep=2 batches=46016 time=1.013 s | package=180.360 J | dram=NA | total=180.360 J | power=178.1 W | runtime=in_range | checksum=OK
[STREAM] N=1000000 threads=16 rep=3 batches=46016 time=1.007 s | package=179.519 J | dram=NA | total=179.519 J | power=178.2 W | runtime=in_range | checksum=OK
[STREAM] N=1000000 threads=16 rep=4 batches=46016 time=1.010 s | package=179.805 J | dram=NA | total=179.805 J | power=178.0 W | runtime=in_range | checksum=OK
[STREAM] N=1000000 threads=16 rep=5 batches=46016 time=1.010 s | package=179.623 J | dram=NA | total=179.623 J | power=177.8 W | runtime=in_range | checksum=OK
[STREAM] N=1000000 threads=16 rep=6 batches=46016 time=1.015 s | package=181.087 J | dram=NA | total=181.087 J | power=178.4 W | runtime=in_range | checksum=OK
[STREAM] N=1000000 threads=16 rep=7 batches=46016 time=1.014 s | package=180.424 J | dram=NA | total=180.424 J | power=177.9 W | runtime=in_range | checksum=OK
[STREAM] N=1000000 threads=16 rep=8 batches=46016 time=1.000 s | package=178.491 J | dram=NA | total=178.491 J | power=178.5 W | runtime=in_range | checksum=OK
[STREAM] N=1000000 threads=16 rep=9 batches=46016 time=1.003 s | package=179.081 J | dram=NA | total=179.081 J | power=178.5 W | runtime=in_range | checksum=OK
[STREAM] N=1000000 threads=16 rep=10 batches=46016 time=1.011 s | package=180.043 J | dram=NA | total=180.043 J | power=178.1 W | runtime=in_range | checksum=OK
[OpenMP] requested=16 active=16
[STREAM] N=4000000 threads=16 rep=1 batches=21764 time=1.013 s | package=258.422 J | dram=NA | total=258.422 J | power=255.1 W | runtime=in_range | checksum=OK
[STREAM] N=4000000 threads=16 rep=2 batches=21764 time=1.014 s | package=258.524 J | dram=NA | total=258.524 J | power=254.9 W | runtime=in_range | checksum=OK
[STREAM] N=4000000 threads=16 rep=3 batches=21764 time=1.010 s | package=257.690 J | dram=NA | total=257.690 J | power=255.3 W | runtime=in_range | checksum=OK
[STREAM] N=4000000 threads=16 rep=4 batches=21764 time=1.016 s | package=258.445 J | dram=NA | total=258.445 J | power=254.4 W | runtime=in_range | checksum=OK
[STREAM] N=4000000 threads=16 rep=5 batches=21764 time=1.009 s | package=257.756 J | dram=NA | total=257.756 J | power=255.6 W | runtime=in_range | checksum=OK
[STREAM] N=4000000 threads=16 rep=6 batches=21764 time=1.013 s | package=258.022 J | dram=NA | total=258.022 J | power=254.8 W | runtime=in_range | checksum=OK
[STREAM] N=4000000 threads=16 rep=7 batches=21764 time=1.016 s | package=258.713 J | dram=NA | total=258.713 J | power=254.7 W | runtime=in_range | checksum=OK
[STREAM] N=4000000 threads=16 rep=8 batches=21764 time=1.011 s | package=258.020 J | dram=NA | total=258.020 J | power=255.2 W | runtime=in_range | checksum=OK
[STREAM] N=4000000 threads=16 rep=9 batches=21764 time=1.002 s | package=257.225 J | dram=NA | total=257.225 J | power=256.7 W | runtime=in_range | checksum=OK
[STREAM] N=4000000 threads=16 rep=10 batches=21764 time=1.005 s | package=257.427 J | dram=NA | total=257.427 J | power=256.0 W | runtime=in_range | checksum=OK
[OpenMP] requested=2 active=2
[STREAM] N=16000000 threads=2 rep=1 batches=172 time=1.002 s | package=82.926 J | dram=NA | total=82.926 J | power=82.8 W | runtime=in_range | checksum=OK
[STREAM] N=16000000 threads=2 rep=2 batches=172 time=1.004 s | package=82.740 J | dram=NA | total=82.740 J | power=82.4 W | runtime=in_range | checksum=OK
[STREAM] N=16000000 threads=2 rep=3 batches=172 time=1.003 s | package=82.308 J | dram=NA | total=82.308 J | power=82.1 W | runtime=in_range | checksum=OK
[STREAM] N=16000000 threads=2 rep=4 batches=172 time=1.007 s | package=82.774 J | dram=NA | total=82.774 J | power=82.2 W | runtime=in_range | checksum=OK
[STREAM] N=16000000 threads=2 rep=5 batches=172 time=1.002 s | package=82.254 J | dram=NA | total=82.254 J | power=82.1 W | runtime=in_range | checksum=OK
[STREAM] N=16000000 threads=2 rep=6 batches=172 time=1.002 s | package=82.254 J | dram=NA | total=82.254 J | power=82.1 W | runtime=in_range | checksum=OK
[STREAM] N=16000000 threads=2 rep=7 batches=172 time=1.005 s | package=82.004 J | dram=NA | total=82.004 J | power=81.6 W | runtime=in_range | checksum=OK
[STREAM] N=16000000 threads=2 rep=8 batches=172 time=1.005 s | package=81.932 J | dram=NA | total=81.932 J | power=81.5 W | runtime=in_range | checksum=OK
[STREAM] N=16000000 threads=2 rep=9 batches=172 time=1.004 s | package=81.828 J | dram=NA | total=81.828 J | power=81.5 W | runtime=in_range | checksum=OK
[STREAM] N=16000000 threads=2 rep=10 batches=172 time=1.003 s | package=81.747 J | dram=NA | total=81.747 J | power=81.5 W | runtime=in_range | checksum=OK
[OpenMP] requested=10 active=10
[STREAM] N=128000000 threads=10 rep=1 batches=27 time=1.028 s | package=110.296 J | dram=NA | total=110.296 J | power=107.3 W | runtime=in_range | checksum=OK
[STREAM] N=128000000 threads=10 rep=2 batches=27 time=1.028 s | package=110.283 J | dram=NA | total=110.283 J | power=107.3 W | runtime=in_range | checksum=OK
[STREAM] N=128000000 threads=10 rep=3 batches=27 time=1.029 s | package=110.550 J | dram=NA | total=110.550 J | power=107.4 W | runtime=in_range | checksum=OK
[STREAM] N=128000000 threads=10 rep=4 batches=27 time=1.028 s | package=110.560 J | dram=NA | total=110.560 J | power=107.5 W | runtime=in_range | checksum=OK
[STREAM] N=128000000 threads=10 rep=5 batches=27 time=1.028 s | package=110.731 J | dram=NA | total=110.731 J | power=107.7 W | runtime=in_range | checksum=OK
[STREAM] N=128000000 threads=10 rep=6 batches=27 time=1.028 s | package=110.732 J | dram=NA | total=110.732 J | power=107.7 W | runtime=in_range | checksum=OK
[STREAM] N=128000000 threads=10 rep=7 batches=27 time=1.028 s | package=110.749 J | dram=NA | total=110.749 J | power=107.7 W | runtime=in_range | checksum=OK
[STREAM] N=128000000 threads=10 rep=8 batches=27 time=1.028 s | package=110.854 J | dram=NA | total=110.854 J | power=107.8 W | runtime=in_range | checksum=OK
[STREAM] N=128000000 threads=10 rep=9 batches=27 time=1.028 s | package=110.765 J | dram=NA | total=110.765 J | power=107.7 W | runtime=in_range | checksum=OK
[STREAM] N=128000000 threads=10 rep=10 batches=27 time=1.028 s | package=110.928 J | dram=NA | total=110.928 J | power=107.9 W | runtime=in_range | checksum=OK
[OpenMP] requested=64 active=64
[STREAM] N=2000000 threads=64 rep=1 batches=16473 time=1.005 s | package=194.567 J | dram=NA | total=194.567 J | power=193.6 W | runtime=in_range | checksum=OK
[STREAM] N=2000000 threads=64 rep=2 batches=16473 time=1.005 s | package=195.016 J | dram=NA | total=195.016 J | power=194.0 W | runtime=in_range | checksum=OK
[STREAM] N=2000000 threads=64 rep=3 batches=16473 time=1.003 s | package=195.144 J | dram=NA | total=195.144 J | power=194.5 W | runtime=in_range | checksum=OK
[STREAM] N=2000000 threads=64 rep=4 batches=16473 time=1.002 s | package=195.115 J | dram=NA | total=195.115 J | power=194.7 W | runtime=in_range | checksum=OK
[STREAM] N=2000000 threads=64 rep=5 batches=16473 time=1.006 s | package=195.856 J | dram=NA | total=195.856 J | power=194.6 W | runtime=in_range | checksum=OK
[STREAM] N=2000000 threads=64 rep=6 batches=16473 time=1.004 s | package=195.608 J | dram=NA | total=195.608 J | power=194.9 W | runtime=in_range | checksum=OK
[STREAM] N=2000000 threads=64 rep=7 batches=16473 time=1.008 s | package=196.012 J | dram=NA | total=196.012 J | power=194.5 W | runtime=in_range | checksum=OK
[STREAM] N=2000000 threads=64 rep=8 batches=16473 time=1.007 s | package=195.908 J | dram=NA | total=195.908 J | power=194.5 W | runtime=in_range | checksum=OK
[STREAM] N=2000000 threads=64 rep=9 batches=16473 time=1.008 s | package=195.889 J | dram=NA | total=195.889 J | power=194.3 W | runtime=in_range | checksum=OK
[STREAM] N=2000000 threads=64 rep=10 batches=16473 time=1.009 s | package=195.806 J | dram=NA | total=195.806 J | power=194.1 W | runtime=in_range | checksum=OK
[OpenMP] requested=1 active=1
[STREAM] N=8000000 threads=1 rep=1 batches=231 time=1.002 s | package=76.246 J | dram=NA | total=76.246 J | power=76.1 W | runtime=in_range | checksum=OK
[STREAM] N=8000000 threads=1 rep=2 batches=231 time=1.003 s | package=76.073 J | dram=NA | total=76.073 J | power=75.8 W | runtime=in_range | checksum=OK
[STREAM] N=8000000 threads=1 rep=3 batches=231 time=1.002 s | package=75.845 J | dram=NA | total=75.845 J | power=75.7 W | runtime=in_range | checksum=OK
[STREAM] N=8000000 threads=1 rep=4 batches=231 time=1.003 s | package=75.760 J | dram=NA | total=75.760 J | power=75.5 W | runtime=in_range | checksum=OK
[STREAM] N=8000000 threads=1 rep=5 batches=231 time=1.003 s | package=75.671 J | dram=NA | total=75.671 J | power=75.4 W | runtime=in_range | checksum=OK
[STREAM] N=8000000 threads=1 rep=6 batches=231 time=1.000 s | package=75.416 J | dram=NA | total=75.416 J | power=75.4 W | runtime=in_range | checksum=OK
[STREAM] N=8000000 threads=1 rep=7 batches=231 time=1.004 s | package=75.495 J | dram=NA | total=75.495 J | power=75.2 W | runtime=in_range | checksum=OK
[STREAM] N=8000000 threads=1 rep=8 batches=231 time=1.006 s | package=75.583 J | dram=NA | total=75.583 J | power=75.1 W | runtime=in_range | checksum=OK
[STREAM] N=8000000 threads=1 rep=9 batches=231 time=1.011 s | package=75.826 J | dram=NA | total=75.826 J | power=75.0 W | runtime=in_range | checksum=OK
[STREAM] N=8000000 threads=1 rep=10 batches=231 time=1.011 s | package=75.767 J | dram=NA | total=75.767 J | power=74.9 W | runtime=in_range | checksum=OK
[OpenMP] requested=2 active=2
[STREAM] N=4000000 threads=2 rep=1 batches=800 time=1.001 s | package=81.819 J | dram=NA | total=81.819 J | power=81.7 W | runtime=in_range | checksum=OK
[STREAM] N=4000000 threads=2 rep=2 batches=800 time=1.002 s | package=81.832 J | dram=NA | total=81.832 J | power=81.6 W | runtime=in_range | checksum=OK
[STREAM] N=4000000 threads=2 rep=3 batches=800 time=1.001 s | package=81.750 J | dram=NA | total=81.750 J | power=81.7 W | runtime=in_range | checksum=OK
[STREAM] N=4000000 threads=2 rep=4 batches=800 time=1.001 s | package=81.830 J | dram=NA | total=81.830 J | power=81.7 W | runtime=in_range | checksum=OK
[STREAM] N=4000000 threads=2 rep=5 batches=800 time=1.004 s | package=81.889 J | dram=NA | total=81.889 J | power=81.5 W | runtime=in_range | checksum=OK
[STREAM] N=4000000 threads=2 rep=6 batches=800 time=1.001 s | package=81.832 J | dram=NA | total=81.832 J | power=81.7 W | runtime=in_range | checksum=OK
[STREAM] N=4000000 threads=2 rep=7 batches=800 time=1.000 s | package=81.596 J | dram=NA | total=81.596 J | power=81.6 W | runtime=in_range | checksum=OK
[STREAM] N=4000000 threads=2 rep=8 batches=800 time=1.004 s | package=82.044 J | dram=NA | total=82.044 J | power=81.7 W | runtime=in_range | checksum=OK
[STREAM] N=4000000 threads=2 rep=9 batches=800 time=1.005 s | package=82.009 J | dram=NA | total=82.009 J | power=81.6 W | runtime=in_range | checksum=OK
[STREAM] N=4000000 threads=2 rep=10 batches=800 time=1.002 s | package=81.900 J | dram=NA | total=81.900 J | power=81.7 W | runtime=in_range | checksum=OK
[OpenMP] requested=2 active=2
[STREAM] N=8000000 threads=2 rep=1 batches=349 time=1.002 s | package=82.231 J | dram=NA | total=82.231 J | power=82.1 W | runtime=in_range | checksum=OK
[STREAM] N=8000000 threads=2 rep=2 batches=349 time=1.008 s | package=82.644 J | dram=NA | total=82.644 J | power=82.0 W | runtime=in_range | checksum=OK
[STREAM] N=8000000 threads=2 rep=3 batches=349 time=1.008 s | package=82.605 J | dram=NA | total=82.605 J | power=81.9 W | runtime=in_range | checksum=OK
[STREAM] N=8000000 threads=2 rep=4 batches=349 time=1.007 s | package=82.791 J | dram=NA | total=82.791 J | power=82.2 W | runtime=in_range | checksum=OK
[STREAM] N=8000000 threads=2 rep=5 batches=349 time=1.004 s | package=82.365 J | dram=NA | total=82.365 J | power=82.0 W | runtime=in_range | checksum=OK
[STREAM] N=8000000 threads=2 rep=6 batches=349 time=1.006 s | package=82.350 J | dram=NA | total=82.350 J | power=81.9 W | runtime=in_range | checksum=OK
[STREAM] N=8000000 threads=2 rep=7 batches=349 time=1.002 s | package=82.147 J | dram=NA | total=82.147 J | power=82.0 W | runtime=in_range | checksum=OK
[STREAM] N=8000000 threads=2 rep=8 batches=349 time=1.004 s | package=82.445 J | dram=NA | total=82.445 J | power=82.1 W | runtime=in_range | checksum=OK
[STREAM] N=8000000 threads=2 rep=9 batches=349 time=1.005 s | package=82.363 J | dram=NA | total=82.363 J | power=82.0 W | runtime=in_range | checksum=OK
[STREAM] N=8000000 threads=2 rep=10 batches=349 time=1.004 s | package=82.275 J | dram=NA | total=82.275 J | power=82.0 W | runtime=in_range | checksum=OK
[OpenMP] requested=20 active=20
[STREAM] N=8000000 threads=20 rep=1 batches=1528 time=1.002 s | package=125.185 J | dram=NA | total=125.185 J | power=124.9 W | runtime=in_range | checksum=OK
[STREAM] N=8000000 threads=20 rep=2 batches=1528 time=1.002 s | package=125.011 J | dram=NA | total=125.011 J | power=124.7 W | runtime=in_range | checksum=OK
[STREAM] N=8000000 threads=20 rep=3 batches=1528 time=1.002 s | package=125.203 J | dram=NA | total=125.203 J | power=125.0 W | runtime=in_range | checksum=OK
[STREAM] N=8000000 threads=20 rep=4 batches=1528 time=1.002 s | package=124.886 J | dram=NA | total=124.886 J | power=124.7 W | runtime=in_range | checksum=OK
[STREAM] N=8000000 threads=20 rep=5 batches=1528 time=1.000 s | package=124.787 J | dram=NA | total=124.787 J | power=124.8 W | runtime=in_range | checksum=OK
[STREAM] N=8000000 threads=20 rep=6 batches=1528 time=1.002 s | package=125.112 J | dram=NA | total=125.112 J | power=124.8 W | runtime=in_range | checksum=OK
[STREAM] N=8000000 threads=20 rep=7 batches=1528 time=0.999 s | package=125.098 J | dram=NA | total=125.098 J | power=125.3 W | runtime=in_range | checksum=OK
[STREAM] N=8000000 threads=20 rep=8 batches=1528 time=1.000 s | package=125.099 J | dram=NA | total=125.099 J | power=125.1 W | runtime=in_range | checksum=OK
[STREAM] N=8000000 threads=20 rep=9 batches=1528 time=0.999 s | package=125.238 J | dram=NA | total=125.238 J | power=125.4 W | runtime=in_range | checksum=OK
[STREAM] N=8000000 threads=20 rep=10 batches=1528 time=1.000 s | package=125.273 J | dram=NA | total=125.273 J | power=125.3 W | runtime=in_range | checksum=OK
[OpenMP] requested=32 active=32
[STREAM] N=8000000 threads=32 rep=1 batches=10213 time=1.000 s | package=268.077 J | dram=NA | total=268.077 J | power=268.0 W | runtime=in_range | checksum=OK
[STREAM] N=8000000 threads=32 rep=2 batches=10213 time=1.006 s | package=268.988 J | dram=NA | total=268.988 J | power=267.5 W | runtime=in_range | checksum=OK
[STREAM] N=8000000 threads=32 rep=3 batches=10213 time=1.010 s | package=269.300 J | dram=NA | total=269.300 J | power=266.7 W | runtime=in_range | checksum=OK
[STREAM] N=8000000 threads=32 rep=4 batches=10213 time=1.003 s | package=268.369 J | dram=NA | total=268.369 J | power=267.7 W | runtime=in_range | checksum=OK
[STREAM] N=8000000 threads=32 rep=5 batches=10213 time=0.999 s | package=267.890 J | dram=NA | total=267.890 J | power=268.2 W | runtime=in_range | checksum=OK
[STREAM] N=8000000 threads=32 rep=6 batches=10213 time=1.003 s | package=268.176 J | dram=NA | total=268.176 J | power=267.5 W | runtime=in_range | checksum=OK
[STREAM] N=8000000 threads=32 rep=7 batches=10213 time=0.998 s | package=267.636 J | dram=NA | total=267.636 J | power=268.2 W | runtime=in_range | checksum=OK
[STREAM] N=8000000 threads=32 rep=8 batches=10213 time=0.998 s | package=267.848 J | dram=NA | total=267.848 J | power=268.3 W | runtime=in_range | checksum=OK
[STREAM] N=8000000 threads=32 rep=9 batches=10213 time=0.998 s | package=267.852 J | dram=NA | total=267.852 J | power=268.5 W | runtime=in_range | checksum=OK
[STREAM] N=8000000 threads=32 rep=10 batches=10213 time=0.997 s | package=267.672 J | dram=NA | total=267.672 J | power=268.5 W | runtime=in_range | checksum=OK
[OpenMP] requested=4 active=4
[STREAM] N=128000000 threads=4 rep=1 batches=27 time=1.000 s | package=94.514 J | dram=NA | total=94.514 J | power=94.5 W | runtime=in_range | checksum=OK
[STREAM] N=128000000 threads=4 rep=2 batches=27 time=1.002 s | package=94.119 J | dram=NA | total=94.119 J | power=93.9 W | runtime=in_range | checksum=OK
[STREAM] N=128000000 threads=4 rep=3 batches=27 time=1.001 s | package=92.988 J | dram=NA | total=92.988 J | power=92.9 W | runtime=in_range | checksum=OK
[STREAM] N=128000000 threads=4 rep=4 batches=27 time=1.002 s | package=91.782 J | dram=NA | total=91.782 J | power=91.6 W | runtime=in_range | checksum=OK
[STREAM] N=128000000 threads=4 rep=5 batches=27 time=1.000 s | package=91.473 J | dram=NA | total=91.473 J | power=91.5 W | runtime=in_range | checksum=OK
[STREAM] N=128000000 threads=4 rep=6 batches=27 time=1.001 s | package=91.580 J | dram=NA | total=91.580 J | power=91.5 W | runtime=in_range | checksum=OK
[STREAM] N=128000000 threads=4 rep=7 batches=27 time=1.001 s | package=91.313 J | dram=NA | total=91.313 J | power=91.2 W | runtime=in_range | checksum=OK
[STREAM] N=128000000 threads=4 rep=8 batches=27 time=1.001 s | package=91.257 J | dram=NA | total=91.257 J | power=91.2 W | runtime=in_range | checksum=OK
[STREAM] N=128000000 threads=4 rep=9 batches=27 time=1.000 s | package=91.196 J | dram=NA | total=91.196 J | power=91.2 W | runtime=in_range | checksum=OK
[STREAM] N=128000000 threads=4 rep=10 batches=27 time=1.000 s | package=91.080 J | dram=NA | total=91.080 J | power=91.0 W | runtime=in_range | checksum=OK
[OpenMP] requested=32 active=32
[STREAM] N=2000000 threads=32 rep=1 batches=29595 time=1.000 s | package=219.874 J | dram=NA | total=219.874 J | power=219.9 W | runtime=in_range | checksum=OK
[STREAM] N=2000000 threads=32 rep=2 batches=29595 time=1.000 s | package=220.589 J | dram=NA | total=220.589 J | power=220.6 W | runtime=in_range | checksum=OK
[STREAM] N=2000000 threads=32 rep=3 batches=29595 time=1.005 s | package=221.200 J | dram=NA | total=221.200 J | power=220.1 W | runtime=in_range | checksum=OK
[STREAM] N=2000000 threads=32 rep=4 batches=29595 time=1.010 s | package=221.883 J | dram=NA | total=221.883 J | power=219.8 W | runtime=in_range | checksum=OK
[STREAM] N=2000000 threads=32 rep=5 batches=29595 time=1.008 s | package=221.496 J | dram=NA | total=221.496 J | power=219.8 W | runtime=in_range | checksum=OK
[STREAM] N=2000000 threads=32 rep=6 batches=29595 time=1.009 s | package=221.700 J | dram=NA | total=221.700 J | power=219.7 W | runtime=in_range | checksum=OK
[STREAM] N=2000000 threads=32 rep=7 batches=29595 time=1.009 s | package=222.012 J | dram=NA | total=222.012 J | power=220.0 W | runtime=in_range | checksum=OK
[STREAM] N=2000000 threads=32 rep=8 batches=29595 time=1.009 s | package=222.132 J | dram=NA | total=222.132 J | power=220.1 W | runtime=in_range | checksum=OK
[STREAM] N=2000000 threads=32 rep=9 batches=29595 time=1.003 s | package=221.353 J | dram=NA | total=221.353 J | power=220.7 W | runtime=in_range | checksum=OK
[STREAM] N=2000000 threads=32 rep=10 batches=29595 time=1.005 s | package=222.093 J | dram=NA | total=222.093 J | power=220.9 W | runtime=in_range | checksum=OK
[OpenMP] requested=20 active=20
[STREAM] N=2000000 threads=20 rep=1 batches=33699 time=1.027 s | package=233.378 J | dram=NA | total=233.378 J | power=227.2 W | runtime=in_range | checksum=OK
[STREAM] N=2000000 threads=20 rep=2 batches=33699 time=1.021 s | package=231.993 J | dram=NA | total=231.993 J | power=227.1 W | runtime=in_range | checksum=OK
[STREAM] N=2000000 threads=20 rep=3 batches=33699 time=1.022 s | package=232.054 J | dram=NA | total=232.054 J | power=227.1 W | runtime=in_range | checksum=OK
[STREAM] N=2000000 threads=20 rep=4 batches=33699 time=1.017 s | package=231.832 J | dram=NA | total=231.832 J | power=228.1 W | runtime=in_range | checksum=OK
[STREAM] N=2000000 threads=20 rep=5 batches=33699 time=1.022 s | package=232.350 J | dram=NA | total=232.350 J | power=227.4 W | runtime=in_range | checksum=OK
[STREAM] N=2000000 threads=20 rep=6 batches=33699 time=1.029 s | package=233.476 J | dram=NA | total=233.476 J | power=227.0 W | runtime=in_range | checksum=OK
[STREAM] N=2000000 threads=20 rep=7 batches=33699 time=1.017 s | package=231.610 J | dram=NA | total=231.610 J | power=227.7 W | runtime=in_range | checksum=OK
[STREAM] N=2000000 threads=20 rep=8 batches=33699 time=1.013 s | package=231.097 J | dram=NA | total=231.097 J | power=228.1 W | runtime=in_range | checksum=OK
[STREAM] N=2000000 threads=20 rep=9 batches=33699 time=1.020 s | package=232.246 J | dram=NA | total=232.246 J | power=227.6 W | runtime=in_range | checksum=OK
[STREAM] N=2000000 threads=20 rep=10 batches=33699 time=1.009 s | package=230.906 J | dram=NA | total=230.906 J | power=228.8 W | runtime=in_range | checksum=OK
[OpenMP] requested=32 active=32
[STREAM] N=256000000 threads=32 rep=1 batches=13 time=1.005 s | package=154.855 J | dram=NA | total=154.855 J | power=154.0 W | runtime=in_range | checksum=OK
[STREAM] N=256000000 threads=32 rep=2 batches=13 time=1.005 s | package=154.637 J | dram=NA | total=154.637 J | power=153.8 W | runtime=in_range | checksum=OK
[STREAM] N=256000000 threads=32 rep=3 batches=13 time=1.005 s | package=154.555 J | dram=NA | total=154.555 J | power=153.8 W | runtime=in_range | checksum=OK
[STREAM] N=256000000 threads=32 rep=4 batches=13 time=1.006 s | package=154.391 J | dram=NA | total=154.391 J | power=153.5 W | runtime=in_range | checksum=OK
[STREAM] N=256000000 threads=32 rep=5 batches=13 time=1.005 s | package=154.235 J | dram=NA | total=154.235 J | power=153.4 W | runtime=in_range | checksum=OK
[STREAM] N=256000000 threads=32 rep=6 batches=13 time=1.006 s | package=154.200 J | dram=NA | total=154.200 J | power=153.3 W | runtime=in_range | checksum=OK
[STREAM] N=256000000 threads=32 rep=7 batches=13 time=1.005 s | package=154.032 J | dram=NA | total=154.032 J | power=153.2 W | runtime=in_range | checksum=OK
[STREAM] N=256000000 threads=32 rep=8 batches=13 time=1.006 s | package=154.084 J | dram=NA | total=154.084 J | power=153.2 W | runtime=in_range | checksum=OK
[STREAM] N=256000000 threads=32 rep=9 batches=13 time=1.006 s | package=154.230 J | dram=NA | total=154.230 J | power=153.3 W | runtime=in_range | checksum=OK
[STREAM] N=256000000 threads=32 rep=10 batches=13 time=1.005 s | package=154.196 J | dram=NA | total=154.196 J | power=153.4 W | runtime=in_range | checksum=OK
[OpenMP] requested=16 active=16
[STREAM] N=8000000 threads=16 rep=1 batches=8055 time=1.000 s | package=226.012 J | dram=NA | total=226.012 J | power=225.9 W | runtime=in_range | checksum=OK
[STREAM] N=8000000 threads=16 rep=2 batches=8055 time=1.002 s | package=225.715 J | dram=NA | total=225.715 J | power=225.2 W | runtime=in_range | checksum=OK
[STREAM] N=8000000 threads=16 rep=3 batches=8055 time=0.998 s | package=224.696 J | dram=NA | total=224.696 J | power=225.1 W | runtime=in_range | checksum=OK
[STREAM] N=8000000 threads=16 rep=4 batches=8055 time=1.002 s | package=224.773 J | dram=NA | total=224.773 J | power=224.4 W | runtime=in_range | checksum=OK
[STREAM] N=8000000 threads=16 rep=5 batches=8055 time=1.001 s | package=224.402 J | dram=NA | total=224.402 J | power=224.2 W | runtime=in_range | checksum=OK
[STREAM] N=8000000 threads=16 rep=6 batches=8055 time=1.001 s | package=224.870 J | dram=NA | total=224.870 J | power=224.6 W | runtime=in_range | checksum=OK
[STREAM] N=8000000 threads=16 rep=7 batches=8055 time=0.999 s | package=224.158 J | dram=NA | total=224.158 J | power=224.4 W | runtime=in_range | checksum=OK
[STREAM] N=8000000 threads=16 rep=8 batches=8055 time=0.999 s | package=224.200 J | dram=NA | total=224.200 J | power=224.3 W | runtime=in_range | checksum=OK
[STREAM] N=8000000 threads=16 rep=9 batches=8055 time=1.000 s | package=224.726 J | dram=NA | total=224.726 J | power=224.6 W | runtime=in_range | checksum=OK
[STREAM] N=8000000 threads=16 rep=10 batches=8055 time=0.999 s | package=224.359 J | dram=NA | total=224.359 J | power=224.5 W | runtime=in_range | checksum=OK
[OpenMP] requested=4 active=4
[STREAM] N=256000000 threads=4 rep=1 batches=14 time=1.028 s | package=97.354 J | dram=NA | total=97.354 J | power=94.7 W | runtime=in_range | checksum=OK
[STREAM] N=256000000 threads=4 rep=2 batches=14 time=1.029 s | package=97.032 J | dram=NA | total=97.032 J | power=94.3 W | runtime=in_range | checksum=OK
[STREAM] N=256000000 threads=4 rep=3 batches=14 time=1.029 s | package=96.897 J | dram=NA | total=96.897 J | power=94.2 W | runtime=in_range | checksum=OK
[STREAM] N=256000000 threads=4 rep=4 batches=14 time=1.028 s | package=96.660 J | dram=NA | total=96.660 J | power=94.0 W | runtime=in_range | checksum=OK
[STREAM] N=256000000 threads=4 rep=5 batches=14 time=1.029 s | package=96.639 J | dram=NA | total=96.639 J | power=93.9 W | runtime=in_range | checksum=OK
[STREAM] N=256000000 threads=4 rep=6 batches=14 time=1.028 s | package=96.492 J | dram=NA | total=96.492 J | power=93.8 W | runtime=in_range | checksum=OK
[STREAM] N=256000000 threads=4 rep=7 batches=14 time=1.028 s | package=96.452 J | dram=NA | total=96.452 J | power=93.8 W | runtime=in_range | checksum=OK
[STREAM] N=256000000 threads=4 rep=8 batches=14 time=1.029 s | package=96.519 J | dram=NA | total=96.519 J | power=93.8 W | runtime=in_range | checksum=OK
[STREAM] N=256000000 threads=4 rep=9 batches=14 time=1.030 s | package=96.580 J | dram=NA | total=96.580 J | power=93.8 W | runtime=in_range | checksum=OK
[STREAM] N=256000000 threads=4 rep=10 batches=14 time=1.028 s | package=96.401 J | dram=NA | total=96.401 J | power=93.7 W | runtime=in_range | checksum=OK
[OpenMP] requested=20 active=20
[STREAM] N=128000000 threads=20 rep=1 batches=24 time=1.023 s | package=125.333 J | dram=NA | total=125.333 J | power=122.5 W | runtime=in_range | checksum=OK
[STREAM] N=128000000 threads=20 rep=2 batches=24 time=1.023 s | package=125.456 J | dram=NA | total=125.456 J | power=122.6 W | runtime=in_range | checksum=OK
[STREAM] N=128000000 threads=20 rep=3 batches=24 time=1.023 s | package=125.574 J | dram=NA | total=125.574 J | power=122.7 W | runtime=in_range | checksum=OK
[STREAM] N=128000000 threads=20 rep=4 batches=24 time=1.023 s | package=125.774 J | dram=NA | total=125.774 J | power=122.9 W | runtime=in_range | checksum=OK
[STREAM] N=128000000 threads=20 rep=5 batches=24 time=1.023 s | package=125.928 J | dram=NA | total=125.928 J | power=123.1 W | runtime=in_range | checksum=OK
[STREAM] N=128000000 threads=20 rep=6 batches=24 time=1.023 s | package=125.837 J | dram=NA | total=125.837 J | power=123.0 W | runtime=in_range | checksum=OK
[STREAM] N=128000000 threads=20 rep=7 batches=24 time=1.022 s | package=125.898 J | dram=NA | total=125.898 J | power=123.1 W | runtime=in_range | checksum=OK
[STREAM] N=128000000 threads=20 rep=8 batches=24 time=1.023 s | package=126.020 J | dram=NA | total=126.020 J | power=123.2 W | runtime=in_range | checksum=OK
[STREAM] N=128000000 threads=20 rep=9 batches=24 time=1.023 s | package=126.059 J | dram=NA | total=126.059 J | power=123.2 W | runtime=in_range | checksum=OK
[STREAM] N=128000000 threads=20 rep=10 batches=24 time=1.023 s | package=125.971 J | dram=NA | total=125.971 J | power=123.2 W | runtime=in_range | checksum=OK
[OpenMP] requested=2 active=2
[STREAM] N=1000000 threads=2 rep=1 batches=15021 time=0.998 s | package=95.985 J | dram=NA | total=95.985 J | power=96.2 W | runtime=in_range | checksum=OK
[STREAM] N=1000000 threads=2 rep=2 batches=15021 time=0.996 s | package=95.629 J | dram=NA | total=95.629 J | power=96.0 W | runtime=in_range | checksum=OK
[STREAM] N=1000000 threads=2 rep=3 batches=15021 time=0.992 s | package=95.279 J | dram=NA | total=95.279 J | power=96.0 W | runtime=in_range | checksum=OK
[STREAM] N=1000000 threads=2 rep=4 batches=15021 time=0.989 s | package=94.912 J | dram=NA | total=94.912 J | power=96.0 W | runtime=in_range | checksum=OK
[STREAM] N=1000000 threads=2 rep=5 batches=15021 time=0.996 s | package=94.771 J | dram=NA | total=94.771 J | power=95.1 W | runtime=in_range | checksum=OK
[STREAM] N=1000000 threads=2 rep=6 batches=15021 time=0.993 s | package=94.291 J | dram=NA | total=94.291 J | power=95.0 W | runtime=in_range | checksum=OK
[STREAM] N=1000000 threads=2 rep=7 batches=15021 time=0.994 s | package=94.456 J | dram=NA | total=94.456 J | power=95.0 W | runtime=in_range | checksum=OK
[STREAM] N=1000000 threads=2 rep=8 batches=15021 time=0.989 s | package=94.085 J | dram=NA | total=94.085 J | power=95.1 W | runtime=in_range | checksum=OK
[STREAM] N=1000000 threads=2 rep=9 batches=15021 time=0.992 s | package=94.178 J | dram=NA | total=94.178 J | power=95.0 W | runtime=in_range | checksum=OK
[STREAM] N=1000000 threads=2 rep=10 batches=15021 time=0.994 s | package=94.197 J | dram=NA | total=94.197 J | power=94.8 W | runtime=in_range | checksum=OK
[OpenMP] requested=16 active=16
[STREAM] N=256000000 threads=16 rep=1 batches=14 time=1.064 s | package=127.570 J | dram=NA | total=127.570 J | power=119.9 W | runtime=in_range | checksum=OK
[STREAM] N=256000000 threads=16 rep=2 batches=14 time=1.064 s | package=127.608 J | dram=NA | total=127.608 J | power=119.9 W | runtime=in_range | checksum=OK
[STREAM] N=256000000 threads=16 rep=3 batches=14 time=1.064 s | package=127.628 J | dram=NA | total=127.628 J | power=119.9 W | runtime=in_range | checksum=OK
[STREAM] N=256000000 threads=16 rep=4 batches=14 time=1.064 s | package=127.763 J | dram=NA | total=127.763 J | power=120.1 W | runtime=in_range | checksum=OK
[STREAM] N=256000000 threads=16 rep=5 batches=14 time=1.064 s | package=127.872 J | dram=NA | total=127.872 J | power=120.2 W | runtime=in_range | checksum=OK
[STREAM] N=256000000 threads=16 rep=6 batches=14 time=1.064 s | package=128.049 J | dram=NA | total=128.049 J | power=120.3 W | runtime=in_range | checksum=OK
[STREAM] N=256000000 threads=16 rep=7 batches=14 time=1.064 s | package=128.018 J | dram=NA | total=128.018 J | power=120.3 W | runtime=in_range | checksum=OK
[STREAM] N=256000000 threads=16 rep=8 batches=14 time=1.064 s | package=128.214 J | dram=NA | total=128.214 J | power=120.5 W | runtime=in_range | checksum=OK
[STREAM] N=256000000 threads=16 rep=9 batches=14 time=1.064 s | package=128.087 J | dram=NA | total=128.087 J | power=120.4 W | runtime=in_range | checksum=OK
[STREAM] N=256000000 threads=16 rep=10 batches=14 time=1.064 s | package=128.097 J | dram=NA | total=128.097 J | power=120.4 W | runtime=in_range | checksum=OK
[OpenMP] requested=2 active=2
[STREAM] N=32000000 threads=2 rep=1 batches=87 time=1.005 s | package=83.132 J | dram=NA | total=83.132 J | power=82.7 W | runtime=in_range | checksum=OK
[STREAM] N=32000000 threads=2 rep=2 batches=87 time=1.004 s | package=83.128 J | dram=NA | total=83.128 J | power=82.8 W | runtime=in_range | checksum=OK
[STREAM] N=32000000 threads=2 rep=3 batches=87 time=1.007 s | package=83.127 J | dram=NA | total=83.127 J | power=82.5 W | runtime=in_range | checksum=OK
[STREAM] N=32000000 threads=2 rep=4 batches=87 time=1.005 s | package=83.005 J | dram=NA | total=83.005 J | power=82.6 W | runtime=in_range | checksum=OK
[STREAM] N=32000000 threads=2 rep=5 batches=87 time=1.004 s | package=82.805 J | dram=NA | total=82.805 J | power=82.4 W | runtime=in_range | checksum=OK
[STREAM] N=32000000 threads=2 rep=6 batches=87 time=1.005 s | package=82.841 J | dram=NA | total=82.841 J | power=82.4 W | runtime=in_range | checksum=OK
[STREAM] N=32000000 threads=2 rep=7 batches=87 time=1.008 s | package=83.032 J | dram=NA | total=83.032 J | power=82.4 W | runtime=in_range | checksum=OK
[STREAM] N=32000000 threads=2 rep=8 batches=87 time=1.007 s | package=83.694 J | dram=NA | total=83.694 J | power=83.1 W | runtime=in_range | checksum=OK
[STREAM] N=32000000 threads=2 rep=9 batches=87 time=1.005 s | package=83.438 J | dram=NA | total=83.438 J | power=83.0 W | runtime=in_range | checksum=OK
[STREAM] N=32000000 threads=2 rep=10 batches=87 time=1.004 s | package=83.395 J | dram=NA | total=83.395 J | power=83.1 W | runtime=in_range | checksum=OK
[OpenMP] requested=32 active=32
[STREAM] N=64000000 threads=32 rep=1 batches=52 time=1.018 s | package=154.753 J | dram=NA | total=154.753 J | power=152.0 W | runtime=in_range | checksum=OK
[STREAM] N=64000000 threads=32 rep=2 batches=52 time=1.018 s | package=154.729 J | dram=NA | total=154.729 J | power=152.0 W | runtime=in_range | checksum=OK
[STREAM] N=64000000 threads=32 rep=3 batches=52 time=1.018 s | package=154.698 J | dram=NA | total=154.698 J | power=151.9 W | runtime=in_range | checksum=OK
[STREAM] N=64000000 threads=32 rep=4 batches=52 time=1.018 s | package=154.746 J | dram=NA | total=154.746 J | power=152.0 W | runtime=in_range | checksum=OK
[STREAM] N=64000000 threads=32 rep=5 batches=52 time=1.018 s | package=155.122 J | dram=NA | total=155.122 J | power=152.4 W | runtime=in_range | checksum=OK
[STREAM] N=64000000 threads=32 rep=6 batches=52 time=1.018 s | package=155.281 J | dram=NA | total=155.281 J | power=152.5 W | runtime=in_range | checksum=OK
[STREAM] N=64000000 threads=32 rep=7 batches=52 time=1.019 s | package=155.569 J | dram=NA | total=155.569 J | power=152.7 W | runtime=in_range | checksum=OK
[STREAM] N=64000000 threads=32 rep=8 batches=52 time=1.018 s | package=155.440 J | dram=NA | total=155.440 J | power=152.7 W | runtime=in_range | checksum=OK
[STREAM] N=64000000 threads=32 rep=9 batches=52 time=1.018 s | package=155.735 J | dram=NA | total=155.735 J | power=152.9 W | runtime=in_range | checksum=OK
[STREAM] N=64000000 threads=32 rep=10 batches=52 time=1.018 s | package=155.786 J | dram=NA | total=155.786 J | power=153.0 W | runtime=in_range | checksum=OK
[OpenMP] requested=8 active=8
[STREAM] N=256000000 threads=8 rep=1 batches=14 time=1.041 s | package=131.146 J | dram=NA | total=131.146 J | power=126.0 W | runtime=in_range | checksum=OK
[STREAM] N=256000000 threads=8 rep=2 batches=14 time=1.040 s | package=130.627 J | dram=NA | total=130.627 J | power=125.7 W | runtime=in_range | checksum=OK
[STREAM] N=256000000 threads=8 rep=3 batches=14 time=1.039 s | package=130.655 J | dram=NA | total=130.655 J | power=125.7 W | runtime=in_range | checksum=OK
[STREAM] N=256000000 threads=8 rep=4 batches=14 time=1.039 s | package=130.604 J | dram=NA | total=130.604 J | power=125.6 W | runtime=in_range | checksum=OK
[STREAM] N=256000000 threads=8 rep=5 batches=14 time=1.040 s | package=130.567 J | dram=NA | total=130.567 J | power=125.6 W | runtime=in_range | checksum=OK
[STREAM] N=256000000 threads=8 rep=6 batches=14 time=1.040 s | package=130.497 J | dram=NA | total=130.497 J | power=125.5 W | runtime=in_range | checksum=OK
[STREAM] N=256000000 threads=8 rep=7 batches=14 time=1.040 s | package=130.448 J | dram=NA | total=130.448 J | power=125.5 W | runtime=in_range | checksum=OK
[STREAM] N=256000000 threads=8 rep=8 batches=14 time=1.040 s | package=130.643 J | dram=NA | total=130.643 J | power=125.6 W | runtime=in_range | checksum=OK
[STREAM] N=256000000 threads=8 rep=9 batches=14 time=1.040 s | package=130.635 J | dram=NA | total=130.635 J | power=125.6 W | runtime=in_range | checksum=OK
[STREAM] N=256000000 threads=8 rep=10 batches=14 time=1.040 s | package=130.549 J | dram=NA | total=130.549 J | power=125.5 W | runtime=in_range | checksum=OK
[OpenMP] requested=8 active=8
[STREAM] N=16000000 threads=8 rep=1 batches=252 time=1.000 s | package=105.397 J | dram=NA | total=105.397 J | power=105.4 W | runtime=in_range | checksum=OK
[STREAM] N=16000000 threads=8 rep=2 batches=252 time=1.000 s | package=105.359 J | dram=NA | total=105.359 J | power=105.4 W | runtime=in_range | checksum=OK
[STREAM] N=16000000 threads=8 rep=3 batches=252 time=0.999 s | package=105.337 J | dram=NA | total=105.337 J | power=105.4 W | runtime=in_range | checksum=OK
[STREAM] N=16000000 threads=8 rep=4 batches=252 time=0.999 s | package=105.190 J | dram=NA | total=105.190 J | power=105.3 W | runtime=in_range | checksum=OK
[STREAM] N=16000000 threads=8 rep=5 batches=252 time=1.000 s | package=105.279 J | dram=NA | total=105.279 J | power=105.3 W | runtime=in_range | checksum=OK
[STREAM] N=16000000 threads=8 rep=6 batches=252 time=1.001 s | package=105.252 J | dram=NA | total=105.252 J | power=105.1 W | runtime=in_range | checksum=OK
[STREAM] N=16000000 threads=8 rep=7 batches=252 time=0.999 s | package=105.104 J | dram=NA | total=105.104 J | power=105.2 W | runtime=in_range | checksum=OK
[STREAM] N=16000000 threads=8 rep=8 batches=252 time=0.999 s | package=105.061 J | dram=NA | total=105.061 J | power=105.1 W | runtime=in_range | checksum=OK
[STREAM] N=16000000 threads=8 rep=9 batches=252 time=1.000 s | package=105.156 J | dram=NA | total=105.156 J | power=105.2 W | runtime=in_range | checksum=OK
[STREAM] N=16000000 threads=8 rep=10 batches=252 time=0.999 s | package=105.015 J | dram=NA | total=105.015 J | power=105.1 W | runtime=in_range | checksum=OK
[OpenMP] requested=64 active=64
[STREAM] N=16000000 threads=64 rep=1 batches=251 time=1.004 s | package=160.214 J | dram=NA | total=160.214 J | power=159.6 W | runtime=in_range | checksum=OK
[STREAM] N=16000000 threads=64 rep=2 batches=251 time=1.005 s | package=160.421 J | dram=NA | total=160.421 J | power=159.7 W | runtime=in_range | checksum=OK
[STREAM] N=16000000 threads=64 rep=3 batches=251 time=1.005 s | package=160.571 J | dram=NA | total=160.571 J | power=159.8 W | runtime=in_range | checksum=OK
[STREAM] N=16000000 threads=64 rep=4 batches=251 time=1.005 s | package=160.679 J | dram=NA | total=160.679 J | power=159.9 W | runtime=in_range | checksum=OK
[STREAM] N=16000000 threads=64 rep=5 batches=251 time=1.005 s | package=160.931 J | dram=NA | total=160.931 J | power=160.1 W | runtime=in_range | checksum=OK
[STREAM] N=16000000 threads=64 rep=6 batches=251 time=1.006 s | package=160.811 J | dram=NA | total=160.811 J | power=159.8 W | runtime=in_range | checksum=OK
[STREAM] N=16000000 threads=64 rep=7 batches=251 time=1.006 s | package=160.609 J | dram=NA | total=160.609 J | power=159.7 W | runtime=in_range | checksum=OK
[STREAM] N=16000000 threads=64 rep=8 batches=251 time=1.002 s | package=160.295 J | dram=NA | total=160.295 J | power=160.0 W | runtime=in_range | checksum=OK
[STREAM] N=16000000 threads=64 rep=9 batches=251 time=1.002 s | package=160.177 J | dram=NA | total=160.177 J | power=159.8 W | runtime=in_range | checksum=OK
[STREAM] N=16000000 threads=64 rep=10 batches=251 time=1.003 s | package=160.154 J | dram=NA | total=160.154 J | power=159.7 W | runtime=in_range | checksum=OK
[OpenMP] requested=1 active=1
[STREAM] N=64000000 threads=1 rep=1 batches=28 time=1.011 s | package=76.274 J | dram=NA | total=76.274 J | power=75.5 W | runtime=in_range | checksum=OK
[STREAM] N=64000000 threads=1 rep=2 batches=28 time=1.009 s | package=76.012 J | dram=NA | total=76.012 J | power=75.3 W | runtime=in_range | checksum=OK
[STREAM] N=64000000 threads=1 rep=3 batches=28 time=1.006 s | package=75.691 J | dram=NA | total=75.691 J | power=75.2 W | runtime=in_range | checksum=OK
[STREAM] N=64000000 threads=1 rep=4 batches=28 time=1.012 s | package=75.944 J | dram=NA | total=75.944 J | power=75.0 W | runtime=in_range | checksum=OK
[STREAM] N=64000000 threads=1 rep=5 batches=28 time=1.008 s | package=75.627 J | dram=NA | total=75.627 J | power=75.0 W | runtime=in_range | checksum=OK
[STREAM] N=64000000 threads=1 rep=6 batches=28 time=1.010 s | package=75.604 J | dram=NA | total=75.604 J | power=74.9 W | runtime=in_range | checksum=OK
[STREAM] N=64000000 threads=1 rep=7 batches=28 time=1.011 s | package=75.575 J | dram=NA | total=75.575 J | power=74.8 W | runtime=in_range | checksum=OK
[STREAM] N=64000000 threads=1 rep=8 batches=28 time=1.010 s | package=75.591 J | dram=NA | total=75.591 J | power=74.8 W | runtime=in_range | checksum=OK
[STREAM] N=64000000 threads=1 rep=9 batches=28 time=1.010 s | package=75.467 J | dram=NA | total=75.467 J | power=74.7 W | runtime=in_range | checksum=OK
[STREAM] N=64000000 threads=1 rep=10 batches=28 time=1.010 s | package=75.509 J | dram=NA | total=75.509 J | power=74.7 W | runtime=in_range | checksum=OK
[OpenMP] requested=8 active=8
[STREAM] N=2000000 threads=8 rep=1 batches=24356 time=1.011 s | package=173.570 J | dram=NA | total=173.570 J | power=171.7 W | runtime=in_range | checksum=OK
[STREAM] N=2000000 threads=8 rep=2 batches=24356 time=1.002 s | package=172.494 J | dram=NA | total=172.494 J | power=172.1 W | runtime=in_range | checksum=OK
[STREAM] N=2000000 threads=8 rep=3 batches=24356 time=1.003 s | package=172.763 J | dram=NA | total=172.763 J | power=172.2 W | runtime=in_range | checksum=OK
[STREAM] N=2000000 threads=8 rep=4 batches=24356 time=1.010 s | package=173.436 J | dram=NA | total=173.436 J | power=171.8 W | runtime=in_range | checksum=OK
[STREAM] N=2000000 threads=8 rep=5 batches=24356 time=1.010 s | package=173.448 J | dram=NA | total=173.448 J | power=171.7 W | runtime=in_range | checksum=OK
[STREAM] N=2000000 threads=8 rep=6 batches=24356 time=1.015 s | package=173.862 J | dram=NA | total=173.862 J | power=171.3 W | runtime=in_range | checksum=OK
[STREAM] N=2000000 threads=8 rep=7 batches=24356 time=1.003 s | package=172.691 J | dram=NA | total=172.691 J | power=172.2 W | runtime=in_range | checksum=OK
[STREAM] N=2000000 threads=8 rep=8 batches=24356 time=1.005 s | package=173.122 J | dram=NA | total=173.122 J | power=172.3 W | runtime=in_range | checksum=OK
[STREAM] N=2000000 threads=8 rep=9 batches=24356 time=1.002 s | package=172.801 J | dram=NA | total=172.801 J | power=172.5 W | runtime=in_range | checksum=OK
[STREAM] N=2000000 threads=8 rep=10 batches=24356 time=0.999 s | package=172.579 J | dram=NA | total=172.579 J | power=172.8 W | runtime=in_range | checksum=OK
[OpenMP] requested=4 active=4
[STREAM] N=16000000 threads=4 rep=1 batches=207 time=1.003 s | package=89.619 J | dram=NA | total=89.619 J | power=89.3 W | runtime=in_range | checksum=OK
[STREAM] N=16000000 threads=4 rep=2 batches=207 time=1.003 s | package=89.504 J | dram=NA | total=89.504 J | power=89.3 W | runtime=in_range | checksum=OK
[STREAM] N=16000000 threads=4 rep=3 batches=207 time=1.005 s | package=89.457 J | dram=NA | total=89.457 J | power=89.0 W | runtime=in_range | checksum=OK
[STREAM] N=16000000 threads=4 rep=4 batches=207 time=1.003 s | package=89.436 J | dram=NA | total=89.436 J | power=89.1 W | runtime=in_range | checksum=OK
[STREAM] N=16000000 threads=4 rep=5 batches=207 time=1.003 s | package=89.166 J | dram=NA | total=89.166 J | power=88.9 W | runtime=in_range | checksum=OK
[STREAM] N=16000000 threads=4 rep=6 batches=207 time=1.003 s | package=89.111 J | dram=NA | total=89.111 J | power=88.9 W | runtime=in_range | checksum=OK
[STREAM] N=16000000 threads=4 rep=7 batches=207 time=1.004 s | package=89.233 J | dram=NA | total=89.233 J | power=88.8 W | runtime=in_range | checksum=OK
[STREAM] N=16000000 threads=4 rep=8 batches=207 time=1.002 s | package=89.130 J | dram=NA | total=89.130 J | power=88.9 W | runtime=in_range | checksum=OK
[STREAM] N=16000000 threads=4 rep=9 batches=207 time=1.002 s | package=89.182 J | dram=NA | total=89.182 J | power=89.0 W | runtime=in_range | checksum=OK
[STREAM] N=16000000 threads=4 rep=10 batches=207 time=1.005 s | package=89.253 J | dram=NA | total=89.253 J | power=88.8 W | runtime=in_range | checksum=OK
[OpenMP] requested=2 active=2
[STREAM] N=2000000 threads=2 rep=1 batches=5028 time=1.011 s | package=86.578 J | dram=NA | total=86.578 J | power=85.6 W | runtime=in_range | checksum=OK
[STREAM] N=2000000 threads=2 rep=2 batches=5028 time=0.979 s | package=84.341 J | dram=NA | total=84.341 J | power=86.2 W | runtime=in_range | checksum=OK
[STREAM] N=2000000 threads=2 rep=3 batches=5028 time=0.975 s | package=84.084 J | dram=NA | total=84.084 J | power=86.2 W | runtime=in_range | checksum=OK
[STREAM] N=2000000 threads=2 rep=4 batches=5028 time=0.972 s | package=83.926 J | dram=NA | total=83.926 J | power=86.3 W | runtime=in_range | checksum=OK
[STREAM] N=2000000 threads=2 rep=5 batches=5028 time=0.972 s | package=83.835 J | dram=NA | total=83.835 J | power=86.2 W | runtime=in_range | checksum=OK
[STREAM] N=2000000 threads=2 rep=6 batches=5028 time=0.972 s | package=83.802 J | dram=NA | total=83.802 J | power=86.2 W | runtime=in_range | checksum=OK
[STREAM] N=2000000 threads=2 rep=7 batches=5028 time=0.967 s | package=83.507 J | dram=NA | total=83.507 J | power=86.4 W | runtime=in_range | checksum=OK
[STREAM] N=2000000 threads=2 rep=8 batches=5028 time=0.994 s | package=85.425 J | dram=NA | total=85.425 J | power=85.9 W | runtime=in_range | checksum=OK
[STREAM] N=2000000 threads=2 rep=9 batches=5028 time=1.013 s | package=86.745 J | dram=NA | total=86.745 J | power=85.6 W | runtime=in_range | checksum=OK
[STREAM] N=2000000 threads=2 rep=10 batches=5028 time=0.965 s | package=83.300 J | dram=NA | total=83.300 J | power=86.3 W | runtime=in_range | checksum=OK
[OpenMP] requested=10 active=10
[STREAM] N=1000000 threads=10 rep=1 batches=46007 time=1.020 s | package=173.246 J | dram=NA | total=173.246 J | power=169.8 W | runtime=in_range | checksum=OK
[STREAM] N=1000000 threads=10 rep=2 batches=46007 time=1.028 s | package=175.031 J | dram=NA | total=175.031 J | power=170.2 W | runtime=in_range | checksum=OK
[STREAM] N=1000000 threads=10 rep=3 batches=46007 time=1.024 s | package=174.505 J | dram=NA | total=174.505 J | power=170.4 W | runtime=in_range | checksum=OK
[STREAM] N=1000000 threads=10 rep=4 batches=46007 time=1.026 s | package=174.624 J | dram=NA | total=174.624 J | power=170.3 W | runtime=in_range | checksum=OK
[STREAM] N=1000000 threads=10 rep=5 batches=46007 time=1.031 s | package=175.129 J | dram=NA | total=175.129 J | power=169.8 W | runtime=in_range | checksum=OK
[STREAM] N=1000000 threads=10 rep=6 batches=46007 time=1.028 s | package=174.790 J | dram=NA | total=174.790 J | power=170.0 W | runtime=in_range | checksum=OK
[STREAM] N=1000000 threads=10 rep=7 batches=46007 time=1.045 s | package=175.918 J | dram=NA | total=175.918 J | power=168.3 W | runtime=in_range | checksum=OK
[STREAM] N=1000000 threads=10 rep=8 batches=46007 time=1.038 s | package=175.206 J | dram=NA | total=175.206 J | power=168.8 W | runtime=in_range | checksum=OK
[STREAM] N=1000000 threads=10 rep=9 batches=46007 time=1.042 s | package=175.607 J | dram=NA | total=175.607 J | power=168.5 W | runtime=in_range | checksum=OK
[STREAM] N=1000000 threads=10 rep=10 batches=46007 time=1.041 s | package=176.080 J | dram=NA | total=176.080 J | power=169.2 W | runtime=in_range | checksum=OK
[OpenMP] requested=16 active=16
[STREAM] N=16000000 threads=16 rep=1 batches=256 time=1.003 s | package=126.081 J | dram=NA | total=126.081 J | power=125.7 W | runtime=in_range | checksum=OK
[STREAM] N=16000000 threads=16 rep=2 batches=256 time=1.003 s | package=125.883 J | dram=NA | total=125.883 J | power=125.5 W | runtime=in_range | checksum=OK
[STREAM] N=16000000 threads=16 rep=3 batches=256 time=1.002 s | package=125.911 J | dram=NA | total=125.911 J | power=125.6 W | runtime=in_range | checksum=OK
[STREAM] N=16000000 threads=16 rep=4 batches=256 time=1.003 s | package=125.805 J | dram=NA | total=125.805 J | power=125.5 W | runtime=in_range | checksum=OK
[STREAM] N=16000000 threads=16 rep=5 batches=256 time=1.003 s | package=125.927 J | dram=NA | total=125.927 J | power=125.6 W | runtime=in_range | checksum=OK
[STREAM] N=16000000 threads=16 rep=6 batches=256 time=1.003 s | package=125.824 J | dram=NA | total=125.824 J | power=125.5 W | runtime=in_range | checksum=OK
[STREAM] N=16000000 threads=16 rep=7 batches=256 time=1.004 s | package=125.796 J | dram=NA | total=125.796 J | power=125.3 W | runtime=in_range | checksum=OK
[STREAM] N=16000000 threads=16 rep=8 batches=256 time=1.003 s | package=125.876 J | dram=NA | total=125.876 J | power=125.5 W | runtime=in_range | checksum=OK
[STREAM] N=16000000 threads=16 rep=9 batches=256 time=1.003 s | package=125.848 J | dram=NA | total=125.848 J | power=125.5 W | runtime=in_range | checksum=OK
[STREAM] N=16000000 threads=16 rep=10 batches=256 time=1.003 s | package=125.797 J | dram=NA | total=125.797 J | power=125.4 W | runtime=in_range | checksum=OK
[OpenMP] requested=16 active=16
[STREAM] N=64000000 threads=16 rep=1 batches=52 time=1.003 s | package=124.983 J | dram=NA | total=124.983 J | power=124.6 W | runtime=in_range | checksum=OK
[STREAM] N=64000000 threads=16 rep=2 batches=52 time=1.003 s | package=124.950 J | dram=NA | total=124.950 J | power=124.6 W | runtime=in_range | checksum=OK
[STREAM] N=64000000 threads=16 rep=3 batches=52 time=1.002 s | package=125.067 J | dram=NA | total=125.067 J | power=124.8 W | runtime=in_range | checksum=OK
[STREAM] N=64000000 threads=16 rep=4 batches=52 time=1.002 s | package=124.988 J | dram=NA | total=124.988 J | power=124.7 W | runtime=in_range | checksum=OK
[STREAM] N=64000000 threads=16 rep=5 batches=52 time=1.002 s | package=125.013 J | dram=NA | total=125.013 J | power=124.7 W | runtime=in_range | checksum=OK
[STREAM] N=64000000 threads=16 rep=6 batches=52 time=1.003 s | package=125.082 J | dram=NA | total=125.082 J | power=124.8 W | runtime=in_range | checksum=OK
[STREAM] N=64000000 threads=16 rep=7 batches=52 time=1.003 s | package=125.128 J | dram=NA | total=125.128 J | power=124.8 W | runtime=in_range | checksum=OK
[STREAM] N=64000000 threads=16 rep=8 batches=52 time=1.003 s | package=125.111 J | dram=NA | total=125.111 J | power=124.8 W | runtime=in_range | checksum=OK
[STREAM] N=64000000 threads=16 rep=9 batches=52 time=1.002 s | package=124.941 J | dram=NA | total=124.941 J | power=124.6 W | runtime=in_range | checksum=OK
[STREAM] N=64000000 threads=16 rep=10 batches=52 time=1.003 s | package=124.940 J | dram=NA | total=124.940 J | power=124.6 W | runtime=in_range | checksum=OK
[OpenMP] requested=10 active=10
[STREAM] N=4000000 threads=10 rep=1 batches=16141 time=1.007 s | package=208.579 J | dram=NA | total=208.579 J | power=207.2 W | runtime=in_range | checksum=OK
[STREAM] N=4000000 threads=10 rep=2 batches=16141 time=1.007 s | package=208.490 J | dram=NA | total=208.490 J | power=207.1 W | runtime=in_range | checksum=OK
[STREAM] N=4000000 threads=10 rep=3 batches=16141 time=1.003 s | package=208.038 J | dram=NA | total=208.038 J | power=207.5 W | runtime=in_range | checksum=OK
[STREAM] N=4000000 threads=10 rep=4 batches=16141 time=0.997 s | package=207.455 J | dram=NA | total=207.455 J | power=208.0 W | runtime=in_range | checksum=OK
[STREAM] N=4000000 threads=10 rep=5 batches=16141 time=0.996 s | package=207.478 J | dram=NA | total=207.478 J | power=208.2 W | runtime=in_range | checksum=OK
[STREAM] N=4000000 threads=10 rep=6 batches=16141 time=0.997 s | package=207.390 J | dram=NA | total=207.390 J | power=208.0 W | runtime=in_range | checksum=OK
[STREAM] N=4000000 threads=10 rep=7 batches=16141 time=0.999 s | package=207.481 J | dram=NA | total=207.481 J | power=207.7 W | runtime=in_range | checksum=OK
[STREAM] N=4000000 threads=10 rep=8 batches=16141 time=1.001 s | package=207.720 J | dram=NA | total=207.720 J | power=207.6 W | runtime=in_range | checksum=OK
[STREAM] N=4000000 threads=10 rep=9 batches=16141 time=1.004 s | package=207.823 J | dram=NA | total=207.823 J | power=207.1 W | runtime=in_range | checksum=OK
[STREAM] N=4000000 threads=10 rep=10 batches=16141 time=1.010 s | package=208.580 J | dram=NA | total=208.580 J | power=206.4 W | runtime=in_range | checksum=OK
