STREAM | AMD Ryzen Threadripper 3970X 32-Core Processor | platform=AMD | session=stream_amd_20260721_095517_session4 | reps=10 | configs=81 | DRAM-RAPL=no
[OpenMP] requested=64 active=64
[STREAM] N=1000000 threads=64 rep=1 batches=125244 time=1.321 s | package=270.068 J | dram=NA | total=270.068 J | power=204.4 W | runtime=above | checksum=OK
[STREAM] N=1000000 threads=64 rep=2 batches=125244 time=1.334 s | package=275.838 J | dram=NA | total=275.838 J | power=206.8 W | runtime=above | checksum=OK
[STREAM] N=1000000 threads=64 rep=3 batches=125244 time=1.337 s | package=275.550 J | dram=NA | total=275.550 J | power=206.1 W | runtime=above | checksum=OK
[STREAM] N=1000000 threads=64 rep=4 batches=125244 time=1.335 s | package=278.804 J | dram=NA | total=278.804 J | power=208.8 W | runtime=above | checksum=OK
[STREAM] N=1000000 threads=64 rep=5 batches=125244 time=1.329 s | package=271.936 J | dram=NA | total=271.936 J | power=204.6 W | runtime=above | checksum=OK
[STREAM] N=1000000 threads=64 rep=6 batches=125244 time=1.347 s | package=272.526 J | dram=NA | total=272.526 J | power=202.3 W | runtime=above | checksum=OK
[STREAM] N=1000000 threads=64 rep=7 batches=125244 time=1.338 s | package=276.810 J | dram=NA | total=276.810 J | power=206.9 W | runtime=above | checksum=OK
[STREAM] N=1000000 threads=64 rep=8 batches=125244 time=1.335 s | package=281.461 J | dram=NA | total=281.461 J | power=210.9 W | runtime=above | checksum=OK
[STREAM] N=1000000 threads=64 rep=9 batches=125244 time=1.334 s | package=283.032 J | dram=NA | total=283.032 J | power=212.2 W | runtime=above | checksum=OK
[STREAM] N=1000000 threads=64 rep=10 batches=125244 time=1.332 s | package=280.952 J | dram=NA | total=280.952 J | power=210.8 W | runtime=above | checksum=OK
[OpenMP] requested=8 active=8
[STREAM] N=8000000 threads=8 rep=1 batches=4162 time=1.006 s | package=166.311 J | dram=NA | total=166.311 J | power=165.4 W | runtime=in_range | checksum=OK
[STREAM] N=8000000 threads=8 rep=2 batches=4162 time=1.007 s | package=166.326 J | dram=NA | total=166.326 J | power=165.2 W | runtime=in_range | checksum=OK
[STREAM] N=8000000 threads=8 rep=3 batches=4162 time=0.995 s | package=164.501 J | dram=NA | total=164.501 J | power=165.4 W | runtime=in_range | checksum=OK
[STREAM] N=8000000 threads=8 rep=4 batches=4162 time=0.985 s | package=163.179 J | dram=NA | total=163.179 J | power=165.7 W | runtime=in_range | checksum=OK
[STREAM] N=8000000 threads=8 rep=5 batches=4162 time=0.986 s | package=163.267 J | dram=NA | total=163.267 J | power=165.5 W | runtime=in_range | checksum=OK
[STREAM] N=8000000 threads=8 rep=6 batches=4162 time=0.984 s | package=162.858 J | dram=NA | total=162.858 J | power=165.5 W | runtime=in_range | checksum=OK
[STREAM] N=8000000 threads=8 rep=7 batches=4162 time=0.975 s | package=161.185 J | dram=NA | total=161.185 J | power=165.4 W | runtime=in_range | checksum=OK
[STREAM] N=8000000 threads=8 rep=8 batches=4162 time=0.974 s | package=160.384 J | dram=NA | total=160.384 J | power=164.6 W | runtime=in_range | checksum=OK
[STREAM] N=8000000 threads=8 rep=9 batches=4162 time=0.975 s | package=160.620 J | dram=NA | total=160.620 J | power=164.7 W | runtime=in_range | checksum=OK
[STREAM] N=8000000 threads=8 rep=10 batches=4162 time=0.974 s | package=160.494 J | dram=NA | total=160.494 J | power=164.8 W | runtime=in_range | checksum=OK
[OpenMP] requested=32 active=32
[STREAM] N=64000000 threads=32 rep=1 batches=52 time=1.015 s | package=155.917 J | dram=NA | total=155.917 J | power=153.6 W | runtime=in_range | checksum=OK
[STREAM] N=64000000 threads=32 rep=2 batches=52 time=1.015 s | package=155.835 J | dram=NA | total=155.835 J | power=153.5 W | runtime=in_range | checksum=OK
[STREAM] N=64000000 threads=32 rep=3 batches=52 time=1.015 s | package=155.773 J | dram=NA | total=155.773 J | power=153.5 W | runtime=in_range | checksum=OK
[STREAM] N=64000000 threads=32 rep=4 batches=52 time=1.015 s | package=155.922 J | dram=NA | total=155.922 J | power=153.6 W | runtime=in_range | checksum=OK
[STREAM] N=64000000 threads=32 rep=5 batches=52 time=1.015 s | package=155.792 J | dram=NA | total=155.792 J | power=153.5 W | runtime=in_range | checksum=OK
[STREAM] N=64000000 threads=32 rep=6 batches=52 time=1.015 s | package=156.033 J | dram=NA | total=156.033 J | power=153.7 W | runtime=in_range | checksum=OK
[STREAM] N=64000000 threads=32 rep=7 batches=52 time=1.015 s | package=155.937 J | dram=NA | total=155.937 J | power=153.6 W | runtime=in_range | checksum=OK
[STREAM] N=64000000 threads=32 rep=8 batches=52 time=1.015 s | package=155.775 J | dram=NA | total=155.775 J | power=153.5 W | runtime=in_range | checksum=OK
[STREAM] N=64000000 threads=32 rep=9 batches=52 time=1.015 s | package=155.995 J | dram=NA | total=155.995 J | power=153.7 W | runtime=in_range | checksum=OK
[STREAM] N=64000000 threads=32 rep=10 batches=52 time=1.015 s | package=155.952 J | dram=NA | total=155.952 J | power=153.7 W | runtime=in_range | checksum=OK
[OpenMP] requested=2 active=2
[STREAM] N=4000000 threads=2 rep=1 batches=804 time=1.001 s | package=83.255 J | dram=NA | total=83.255 J | power=83.2 W | runtime=in_range | checksum=OK
[STREAM] N=4000000 threads=2 rep=2 batches=804 time=1.000 s | package=82.604 J | dram=NA | total=82.604 J | power=82.6 W | runtime=in_range | checksum=OK
[STREAM] N=4000000 threads=2 rep=3 batches=804 time=0.996 s | package=81.686 J | dram=NA | total=81.686 J | power=82.0 W | runtime=in_range | checksum=OK
[STREAM] N=4000000 threads=2 rep=4 batches=804 time=0.997 s | package=81.615 J | dram=NA | total=81.615 J | power=81.9 W | runtime=in_range | checksum=OK
[STREAM] N=4000000 threads=2 rep=5 batches=804 time=0.996 s | package=81.491 J | dram=NA | total=81.491 J | power=81.8 W | runtime=in_range | checksum=OK
[STREAM] N=4000000 threads=2 rep=6 batches=804 time=0.994 s | package=81.390 J | dram=NA | total=81.390 J | power=81.9 W | runtime=in_range | checksum=OK
[STREAM] N=4000000 threads=2 rep=7 batches=804 time=0.994 s | package=81.246 J | dram=NA | total=81.246 J | power=81.7 W | runtime=in_range | checksum=OK
[STREAM] N=4000000 threads=2 rep=8 batches=804 time=0.997 s | package=81.384 J | dram=NA | total=81.384 J | power=81.7 W | runtime=in_range | checksum=OK
[STREAM] N=4000000 threads=2 rep=9 batches=804 time=0.995 s | package=81.202 J | dram=NA | total=81.202 J | power=81.6 W | runtime=in_range | checksum=OK
[STREAM] N=4000000 threads=2 rep=10 batches=804 time=0.994 s | package=81.137 J | dram=NA | total=81.137 J | power=81.6 W | runtime=in_range | checksum=OK
[OpenMP] requested=1 active=1
[STREAM] N=256000000 threads=1 rep=1 batches=8 time=1.131 s | package=84.012 J | dram=NA | total=84.012 J | power=74.3 W | runtime=in_range | checksum=OK
[STREAM] N=256000000 threads=1 rep=2 batches=8 time=1.132 s | package=83.990 J | dram=NA | total=83.990 J | power=74.2 W | runtime=in_range | checksum=OK
[STREAM] N=256000000 threads=1 rep=3 batches=8 time=1.133 s | package=84.151 J | dram=NA | total=84.151 J | power=74.2 W | runtime=in_range | checksum=OK
[STREAM] N=256000000 threads=1 rep=4 batches=8 time=1.136 s | package=84.267 J | dram=NA | total=84.267 J | power=74.2 W | runtime=in_range | checksum=OK
[STREAM] N=256000000 threads=1 rep=5 batches=8 time=1.137 s | package=84.345 J | dram=NA | total=84.345 J | power=74.2 W | runtime=in_range | checksum=OK
[STREAM] N=256000000 threads=1 rep=6 batches=8 time=1.134 s | package=84.029 J | dram=NA | total=84.029 J | power=74.1 W | runtime=in_range | checksum=OK
[STREAM] N=256000000 threads=1 rep=7 batches=8 time=1.138 s | package=84.295 J | dram=NA | total=84.295 J | power=74.1 W | runtime=in_range | checksum=OK
[STREAM] N=256000000 threads=1 rep=8 batches=8 time=1.144 s | package=84.679 J | dram=NA | total=84.679 J | power=74.0 W | runtime=in_range | checksum=OK
[STREAM] N=256000000 threads=1 rep=9 batches=8 time=1.133 s | package=83.924 J | dram=NA | total=83.924 J | power=74.1 W | runtime=in_range | checksum=OK
[STREAM] N=256000000 threads=1 rep=10 batches=8 time=1.136 s | package=84.096 J | dram=NA | total=84.096 J | power=74.0 W | runtime=in_range | checksum=OK
[OpenMP] requested=1 active=1
[STREAM] N=128000000 threads=1 rep=1 batches=15 time=1.067 s | package=78.890 J | dram=NA | total=78.890 J | power=73.9 W | runtime=in_range | checksum=OK
[STREAM] N=128000000 threads=1 rep=2 batches=15 time=1.073 s | package=79.248 J | dram=NA | total=79.248 J | power=73.9 W | runtime=in_range | checksum=OK
[STREAM] N=128000000 threads=1 rep=3 batches=15 time=1.070 s | package=79.078 J | dram=NA | total=79.078 J | power=73.9 W | runtime=in_range | checksum=OK
[STREAM] N=128000000 threads=1 rep=4 batches=15 time=1.071 s | package=79.074 J | dram=NA | total=79.074 J | power=73.8 W | runtime=in_range | checksum=OK
[STREAM] N=128000000 threads=1 rep=5 batches=15 time=1.069 s | package=79.020 J | dram=NA | total=79.020 J | power=73.9 W | runtime=in_range | checksum=OK
[STREAM] N=128000000 threads=1 rep=6 batches=15 time=1.069 s | package=78.932 J | dram=NA | total=78.932 J | power=73.8 W | runtime=in_range | checksum=OK
[STREAM] N=128000000 threads=1 rep=7 batches=15 time=1.072 s | package=79.104 J | dram=NA | total=79.104 J | power=73.8 W | runtime=in_range | checksum=OK
[STREAM] N=128000000 threads=1 rep=8 batches=15 time=1.072 s | package=79.048 J | dram=NA | total=79.048 J | power=73.8 W | runtime=in_range | checksum=OK
[STREAM] N=128000000 threads=1 rep=9 batches=15 time=1.070 s | package=78.967 J | dram=NA | total=78.967 J | power=73.8 W | runtime=in_range | checksum=OK
[STREAM] N=128000000 threads=1 rep=10 batches=15 time=1.070 s | package=79.003 J | dram=NA | total=79.003 J | power=73.8 W | runtime=in_range | checksum=OK
[OpenMP] requested=10 active=10
[STREAM] N=128000000 threads=10 rep=1 batches=27 time=1.029 s | package=109.255 J | dram=NA | total=109.255 J | power=106.2 W | runtime=in_range | checksum=OK
[STREAM] N=128000000 threads=10 rep=2 batches=27 time=1.029 s | package=109.439 J | dram=NA | total=109.439 J | power=106.3 W | runtime=in_range | checksum=OK
[STREAM] N=128000000 threads=10 rep=3 batches=27 time=1.029 s | package=109.500 J | dram=NA | total=109.500 J | power=106.4 W | runtime=in_range | checksum=OK
[STREAM] N=128000000 threads=10 rep=4 batches=27 time=1.029 s | package=109.547 J | dram=NA | total=109.547 J | power=106.5 W | runtime=in_range | checksum=OK
[STREAM] N=128000000 threads=10 rep=5 batches=27 time=1.029 s | package=109.714 J | dram=NA | total=109.714 J | power=106.7 W | runtime=in_range | checksum=OK
[STREAM] N=128000000 threads=10 rep=6 batches=27 time=1.029 s | package=109.691 J | dram=NA | total=109.691 J | power=106.6 W | runtime=in_range | checksum=OK
[STREAM] N=128000000 threads=10 rep=7 batches=27 time=1.029 s | package=109.709 J | dram=NA | total=109.709 J | power=106.6 W | runtime=in_range | checksum=OK
[STREAM] N=128000000 threads=10 rep=8 batches=27 time=1.029 s | package=109.678 J | dram=NA | total=109.678 J | power=106.6 W | runtime=in_range | checksum=OK
[STREAM] N=128000000 threads=10 rep=9 batches=27 time=1.029 s | package=109.849 J | dram=NA | total=109.849 J | power=106.7 W | runtime=in_range | checksum=OK
[STREAM] N=128000000 threads=10 rep=10 batches=27 time=1.029 s | package=109.817 J | dram=NA | total=109.817 J | power=106.7 W | runtime=in_range | checksum=OK
[OpenMP] requested=10 active=10
[STREAM] N=1000000 threads=10 rep=1 batches=44279 time=1.027 s | package=171.286 J | dram=NA | total=171.286 J | power=166.9 W | runtime=in_range | checksum=OK
[STREAM] N=1000000 threads=10 rep=2 batches=44279 time=1.008 s | package=169.354 J | dram=NA | total=169.354 J | power=168.0 W | runtime=in_range | checksum=OK
[STREAM] N=1000000 threads=10 rep=3 batches=44279 time=1.004 s | package=169.748 J | dram=NA | total=169.748 J | power=169.0 W | runtime=in_range | checksum=OK
[STREAM] N=1000000 threads=10 rep=4 batches=44279 time=1.004 s | package=169.495 J | dram=NA | total=169.495 J | power=168.8 W | runtime=in_range | checksum=OK
[STREAM] N=1000000 threads=10 rep=5 batches=44279 time=1.002 s | package=169.378 J | dram=NA | total=169.378 J | power=169.0 W | runtime=in_range | checksum=OK
[STREAM] N=1000000 threads=10 rep=6 batches=44279 time=1.006 s | package=169.537 J | dram=NA | total=169.537 J | power=168.5 W | runtime=in_range | checksum=OK
[STREAM] N=1000000 threads=10 rep=7 batches=44279 time=1.010 s | package=169.928 J | dram=NA | total=169.928 J | power=168.2 W | runtime=in_range | checksum=OK
[STREAM] N=1000000 threads=10 rep=8 batches=44279 time=1.002 s | package=169.092 J | dram=NA | total=169.092 J | power=168.7 W | runtime=in_range | checksum=OK
[STREAM] N=1000000 threads=10 rep=9 batches=44279 time=0.998 s | package=168.809 J | dram=NA | total=168.809 J | power=169.1 W | runtime=in_range | checksum=OK
[STREAM] N=1000000 threads=10 rep=10 batches=44279 time=1.004 s | package=169.540 J | dram=NA | total=169.540 J | power=168.9 W | runtime=in_range | checksum=OK
[OpenMP] requested=10 active=10
[STREAM] N=64000000 threads=10 rep=1 batches=53 time=1.017 s | package=106.871 J | dram=NA | total=106.871 J | power=105.1 W | runtime=in_range | checksum=OK
[STREAM] N=64000000 threads=10 rep=2 batches=53 time=1.017 s | package=106.710 J | dram=NA | total=106.710 J | power=104.9 W | runtime=in_range | checksum=OK
[STREAM] N=64000000 threads=10 rep=3 batches=53 time=1.017 s | package=106.714 J | dram=NA | total=106.714 J | power=105.0 W | runtime=in_range | checksum=OK
[STREAM] N=64000000 threads=10 rep=4 batches=53 time=1.017 s | package=106.618 J | dram=NA | total=106.618 J | power=104.8 W | runtime=in_range | checksum=OK
[STREAM] N=64000000 threads=10 rep=5 batches=53 time=1.017 s | package=106.562 J | dram=NA | total=106.562 J | power=104.8 W | runtime=in_range | checksum=OK
[STREAM] N=64000000 threads=10 rep=6 batches=53 time=1.017 s | package=106.422 J | dram=NA | total=106.422 J | power=104.7 W | runtime=in_range | checksum=OK
[STREAM] N=64000000 threads=10 rep=7 batches=53 time=1.017 s | package=106.532 J | dram=NA | total=106.532 J | power=104.7 W | runtime=in_range | checksum=OK
[STREAM] N=64000000 threads=10 rep=8 batches=53 time=1.017 s | package=106.515 J | dram=NA | total=106.515 J | power=104.7 W | runtime=in_range | checksum=OK
[STREAM] N=64000000 threads=10 rep=9 batches=53 time=1.017 s | package=106.499 J | dram=NA | total=106.499 J | power=104.7 W | runtime=in_range | checksum=OK
[STREAM] N=64000000 threads=10 rep=10 batches=53 time=1.017 s | package=106.481 J | dram=NA | total=106.481 J | power=104.7 W | runtime=in_range | checksum=OK
[OpenMP] requested=20 active=20
[STREAM] N=8000000 threads=20 rep=1 batches=1513 time=1.003 s | package=124.311 J | dram=NA | total=124.311 J | power=123.9 W | runtime=in_range | checksum=OK
[STREAM] N=8000000 threads=20 rep=2 batches=1513 time=1.002 s | package=124.327 J | dram=NA | total=124.327 J | power=124.1 W | runtime=in_range | checksum=OK
[STREAM] N=8000000 threads=20 rep=3 batches=1513 time=1.002 s | package=124.521 J | dram=NA | total=124.521 J | power=124.2 W | runtime=in_range | checksum=OK
[STREAM] N=8000000 threads=20 rep=4 batches=1513 time=1.002 s | package=124.428 J | dram=NA | total=124.428 J | power=124.2 W | runtime=in_range | checksum=OK
[STREAM] N=8000000 threads=20 rep=5 batches=1513 time=1.002 s | package=124.476 J | dram=NA | total=124.476 J | power=124.2 W | runtime=in_range | checksum=OK
[STREAM] N=8000000 threads=20 rep=6 batches=1513 time=1.000 s | package=124.245 J | dram=NA | total=124.245 J | power=124.2 W | runtime=in_range | checksum=OK
[STREAM] N=8000000 threads=20 rep=7 batches=1513 time=1.000 s | package=124.314 J | dram=NA | total=124.314 J | power=124.3 W | runtime=in_range | checksum=OK
[STREAM] N=8000000 threads=20 rep=8 batches=1513 time=1.000 s | package=124.228 J | dram=NA | total=124.228 J | power=124.2 W | runtime=in_range | checksum=OK
[STREAM] N=8000000 threads=20 rep=9 batches=1513 time=0.998 s | package=123.974 J | dram=NA | total=123.974 J | power=124.2 W | runtime=in_range | checksum=OK
[STREAM] N=8000000 threads=20 rep=10 batches=1513 time=0.998 s | package=123.954 J | dram=NA | total=123.954 J | power=124.2 W | runtime=in_range | checksum=OK
[OpenMP] requested=2 active=2
[STREAM] N=8000000 threads=2 rep=1 batches=347 time=1.000 s | package=81.912 J | dram=NA | total=81.912 J | power=81.9 W | runtime=in_range | checksum=OK
[STREAM] N=8000000 threads=2 rep=2 batches=347 time=1.003 s | package=82.022 J | dram=NA | total=82.022 J | power=81.7 W | runtime=in_range | checksum=OK
[STREAM] N=8000000 threads=2 rep=3 batches=347 time=1.004 s | package=82.042 J | dram=NA | total=82.042 J | power=81.7 W | runtime=in_range | checksum=OK
[STREAM] N=8000000 threads=2 rep=4 batches=347 time=1.002 s | package=81.923 J | dram=NA | total=81.923 J | power=81.7 W | runtime=in_range | checksum=OK
[STREAM] N=8000000 threads=2 rep=5 batches=347 time=1.004 s | package=81.930 J | dram=NA | total=81.930 J | power=81.6 W | runtime=in_range | checksum=OK
[STREAM] N=8000000 threads=2 rep=6 batches=347 time=1.000 s | package=81.723 J | dram=NA | total=81.723 J | power=81.7 W | runtime=in_range | checksum=OK
[STREAM] N=8000000 threads=2 rep=7 batches=347 time=1.000 s | package=81.630 J | dram=NA | total=81.630 J | power=81.7 W | runtime=in_range | checksum=OK
[STREAM] N=8000000 threads=2 rep=8 batches=347 time=1.004 s | package=81.856 J | dram=NA | total=81.856 J | power=81.5 W | runtime=in_range | checksum=OK
[STREAM] N=8000000 threads=2 rep=9 batches=347 time=1.000 s | package=81.571 J | dram=NA | total=81.571 J | power=81.6 W | runtime=in_range | checksum=OK
[STREAM] N=8000000 threads=2 rep=10 batches=347 time=0.999 s | package=81.501 J | dram=NA | total=81.501 J | power=81.6 W | runtime=in_range | checksum=OK
[OpenMP] requested=8 active=8
[STREAM] N=1000000 threads=8 rep=1 batches=41968 time=1.009 s | package=161.380 J | dram=NA | total=161.380 J | power=160.0 W | runtime=in_range | checksum=OK
[STREAM] N=1000000 threads=8 rep=2 batches=41968 time=1.009 s | package=160.862 J | dram=NA | total=160.862 J | power=159.5 W | runtime=in_range | checksum=OK
[STREAM] N=1000000 threads=8 rep=3 batches=41968 time=1.018 s | package=161.645 J | dram=NA | total=161.645 J | power=158.8 W | runtime=in_range | checksum=OK
[STREAM] N=1000000 threads=8 rep=4 batches=41968 time=1.025 s | package=162.293 J | dram=NA | total=162.293 J | power=158.4 W | runtime=in_range | checksum=OK
[STREAM] N=1000000 threads=8 rep=5 batches=41968 time=1.030 s | package=162.736 J | dram=NA | total=162.736 J | power=158.0 W | runtime=in_range | checksum=OK
[STREAM] N=1000000 threads=8 rep=6 batches=41968 time=1.013 s | package=160.882 J | dram=NA | total=160.882 J | power=158.7 W | runtime=in_range | checksum=OK
[STREAM] N=1000000 threads=8 rep=7 batches=41968 time=1.017 s | package=161.479 J | dram=NA | total=161.479 J | power=158.8 W | runtime=in_range | checksum=OK
[STREAM] N=1000000 threads=8 rep=8 batches=41968 time=1.026 s | package=162.334 J | dram=NA | total=162.334 J | power=158.2 W | runtime=in_range | checksum=OK
[STREAM] N=1000000 threads=8 rep=9 batches=41968 time=1.019 s | package=161.449 J | dram=NA | total=161.449 J | power=158.4 W | runtime=in_range | checksum=OK
[STREAM] N=1000000 threads=8 rep=10 batches=41968 time=1.017 s | package=161.276 J | dram=NA | total=161.276 J | power=158.6 W | runtime=in_range | checksum=OK
[OpenMP] requested=20 active=20
[STREAM] N=256000000 threads=20 rep=1 batches=12 time=1.018 s | package=124.823 J | dram=NA | total=124.823 J | power=122.6 W | runtime=in_range | checksum=OK
[STREAM] N=256000000 threads=20 rep=2 batches=12 time=1.018 s | package=124.598 J | dram=NA | total=124.598 J | power=122.4 W | runtime=in_range | checksum=OK
[STREAM] N=256000000 threads=20 rep=3 batches=12 time=1.018 s | package=124.587 J | dram=NA | total=124.587 J | power=122.4 W | runtime=in_range | checksum=OK
[STREAM] N=256000000 threads=20 rep=4 batches=12 time=1.019 s | package=125.480 J | dram=NA | total=125.480 J | power=123.1 W | runtime=in_range | checksum=OK
[STREAM] N=256000000 threads=20 rep=5 batches=12 time=1.018 s | package=126.284 J | dram=NA | total=126.284 J | power=124.0 W | runtime=in_range | checksum=OK
[STREAM] N=256000000 threads=20 rep=6 batches=12 time=1.018 s | package=126.310 J | dram=NA | total=126.310 J | power=124.1 W | runtime=in_range | checksum=OK
[STREAM] N=256000000 threads=20 rep=7 batches=12 time=1.019 s | package=126.507 J | dram=NA | total=126.507 J | power=124.2 W | runtime=in_range | checksum=OK
[STREAM] N=256000000 threads=20 rep=8 batches=12 time=1.019 s | package=126.397 J | dram=NA | total=126.397 J | power=124.1 W | runtime=in_range | checksum=OK
[STREAM] N=256000000 threads=20 rep=9 batches=12 time=1.018 s | package=126.330 J | dram=NA | total=126.330 J | power=124.1 W | runtime=in_range | checksum=OK
[STREAM] N=256000000 threads=20 rep=10 batches=12 time=1.019 s | package=126.333 J | dram=NA | total=126.333 J | power=124.0 W | runtime=in_range | checksum=OK
[OpenMP] requested=10 active=10
[STREAM] N=2000000 threads=10 rep=1 batches=28391 time=1.015 s | package=193.066 J | dram=NA | total=193.066 J | power=190.2 W | runtime=in_range | checksum=OK
[STREAM] N=2000000 threads=10 rep=2 batches=28391 time=1.003 s | package=191.448 J | dram=NA | total=191.448 J | power=191.0 W | runtime=in_range | checksum=OK
[STREAM] N=2000000 threads=10 rep=3 batches=28391 time=1.002 s | package=191.481 J | dram=NA | total=191.481 J | power=191.0 W | runtime=in_range | checksum=OK
[STREAM] N=2000000 threads=10 rep=4 batches=28391 time=1.011 s | package=192.782 J | dram=NA | total=192.782 J | power=190.8 W | runtime=in_range | checksum=OK
[STREAM] N=2000000 threads=10 rep=5 batches=28391 time=1.008 s | package=192.467 J | dram=NA | total=192.467 J | power=190.9 W | runtime=in_range | checksum=OK
[STREAM] N=2000000 threads=10 rep=6 batches=28391 time=1.014 s | package=193.068 J | dram=NA | total=193.068 J | power=190.5 W | runtime=in_range | checksum=OK
[STREAM] N=2000000 threads=10 rep=7 batches=28391 time=1.014 s | package=193.081 J | dram=NA | total=193.081 J | power=190.4 W | runtime=in_range | checksum=OK
[STREAM] N=2000000 threads=10 rep=8 batches=28391 time=1.014 s | package=193.382 J | dram=NA | total=193.382 J | power=190.6 W | runtime=in_range | checksum=OK
[STREAM] N=2000000 threads=10 rep=9 batches=28391 time=1.010 s | package=192.607 J | dram=NA | total=192.607 J | power=190.7 W | runtime=in_range | checksum=OK
[STREAM] N=2000000 threads=10 rep=10 batches=28391 time=1.007 s | package=192.065 J | dram=NA | total=192.065 J | power=190.8 W | runtime=in_range | checksum=OK
[OpenMP] requested=20 active=20
[STREAM] N=32000000 threads=20 rep=1 batches=94 time=1.010 s | package=126.864 J | dram=NA | total=126.864 J | power=125.6 W | runtime=in_range | checksum=OK
[STREAM] N=32000000 threads=20 rep=2 batches=94 time=1.009 s | package=127.100 J | dram=NA | total=127.100 J | power=126.0 W | runtime=in_range | checksum=OK
[STREAM] N=32000000 threads=20 rep=3 batches=94 time=1.010 s | package=126.891 J | dram=NA | total=126.891 J | power=125.7 W | runtime=in_range | checksum=OK
[STREAM] N=32000000 threads=20 rep=4 batches=94 time=1.010 s | package=126.897 J | dram=NA | total=126.897 J | power=125.7 W | runtime=in_range | checksum=OK
[STREAM] N=32000000 threads=20 rep=5 batches=94 time=1.010 s | package=126.534 J | dram=NA | total=126.534 J | power=125.3 W | runtime=in_range | checksum=OK
[STREAM] N=32000000 threads=20 rep=6 batches=94 time=1.009 s | package=126.513 J | dram=NA | total=126.513 J | power=125.3 W | runtime=in_range | checksum=OK
[STREAM] N=32000000 threads=20 rep=7 batches=94 time=1.009 s | package=126.593 J | dram=NA | total=126.593 J | power=125.4 W | runtime=in_range | checksum=OK
[STREAM] N=32000000 threads=20 rep=8 batches=94 time=1.010 s | package=126.697 J | dram=NA | total=126.697 J | power=125.5 W | runtime=in_range | checksum=OK
[STREAM] N=32000000 threads=20 rep=9 batches=94 time=1.010 s | package=126.652 J | dram=NA | total=126.652 J | power=125.4 W | runtime=in_range | checksum=OK
[STREAM] N=32000000 threads=20 rep=10 batches=94 time=1.009 s | package=126.533 J | dram=NA | total=126.533 J | power=125.4 W | runtime=in_range | checksum=OK
[OpenMP] requested=32 active=32
[STREAM] N=4000000 threads=32 rep=1 batches=23421 time=1.021 s | package=279.950 J | dram=NA | total=279.950 J | power=274.1 W | runtime=in_range | checksum=OK
[STREAM] N=4000000 threads=32 rep=2 batches=23421 time=1.022 s | package=280.368 J | dram=NA | total=280.368 J | power=274.4 W | runtime=in_range | checksum=OK
[STREAM] N=4000000 threads=32 rep=3 batches=23421 time=1.022 s | package=280.205 J | dram=NA | total=280.205 J | power=274.1 W | runtime=in_range | checksum=OK
[STREAM] N=4000000 threads=32 rep=4 batches=23421 time=1.025 s | package=281.395 J | dram=NA | total=281.395 J | power=274.4 W | runtime=in_range | checksum=OK
[STREAM] N=4000000 threads=32 rep=5 batches=23421 time=1.019 s | package=280.700 J | dram=NA | total=280.700 J | power=275.6 W | runtime=in_range | checksum=OK
[STREAM] N=4000000 threads=32 rep=6 batches=23421 time=1.025 s | package=282.322 J | dram=NA | total=282.322 J | power=275.4 W | runtime=in_range | checksum=OK
[STREAM] N=4000000 threads=32 rep=7 batches=23421 time=1.018 s | package=280.726 J | dram=NA | total=280.726 J | power=275.8 W | runtime=in_range | checksum=OK
[STREAM] N=4000000 threads=32 rep=8 batches=23421 time=1.022 s | package=281.273 J | dram=NA | total=281.273 J | power=275.3 W | runtime=in_range | checksum=OK
[STREAM] N=4000000 threads=32 rep=9 batches=23421 time=1.023 s | package=281.670 J | dram=NA | total=281.670 J | power=275.3 W | runtime=in_range | checksum=OK
[STREAM] N=4000000 threads=32 rep=10 batches=23421 time=1.026 s | package=282.064 J | dram=NA | total=282.064 J | power=275.0 W | runtime=in_range | checksum=OK
[OpenMP] requested=16 active=16
[STREAM] N=1000000 threads=16 rep=1 batches=45341 time=1.018 s | package=180.968 J | dram=NA | total=180.968 J | power=177.8 W | runtime=in_range | checksum=OK
[STREAM] N=1000000 threads=16 rep=2 batches=45341 time=0.997 s | package=177.973 J | dram=NA | total=177.973 J | power=178.5 W | runtime=in_range | checksum=OK
[STREAM] N=1000000 threads=16 rep=3 batches=45341 time=0.996 s | package=177.736 J | dram=NA | total=177.736 J | power=178.5 W | runtime=in_range | checksum=OK
[STREAM] N=1000000 threads=16 rep=4 batches=45341 time=0.994 s | package=177.641 J | dram=NA | total=177.641 J | power=178.7 W | runtime=in_range | checksum=OK
[STREAM] N=1000000 threads=16 rep=5 batches=45341 time=0.997 s | package=177.817 J | dram=NA | total=177.817 J | power=178.3 W | runtime=in_range | checksum=OK
[STREAM] N=1000000 threads=16 rep=6 batches=45341 time=0.996 s | package=177.756 J | dram=NA | total=177.756 J | power=178.5 W | runtime=in_range | checksum=OK
[STREAM] N=1000000 threads=16 rep=7 batches=45341 time=0.998 s | package=177.361 J | dram=NA | total=177.361 J | power=177.7 W | runtime=in_range | checksum=OK
[STREAM] N=1000000 threads=16 rep=8 batches=45341 time=1.005 s | package=178.592 J | dram=NA | total=178.592 J | power=177.6 W | runtime=in_range | checksum=OK
[STREAM] N=1000000 threads=16 rep=9 batches=45341 time=0.998 s | package=177.561 J | dram=NA | total=177.561 J | power=177.9 W | runtime=in_range | checksum=OK
[STREAM] N=1000000 threads=16 rep=10 batches=45341 time=0.997 s | package=177.532 J | dram=NA | total=177.532 J | power=178.1 W | runtime=in_range | checksum=OK
[OpenMP] requested=32 active=32
[STREAM] N=16000000 threads=32 rep=1 batches=266 time=1.000 s | package=155.995 J | dram=NA | total=155.995 J | power=155.9 W | runtime=in_range | checksum=OK
[STREAM] N=16000000 threads=32 rep=2 batches=266 time=1.001 s | package=155.878 J | dram=NA | total=155.878 J | power=155.7 W | runtime=in_range | checksum=OK
[STREAM] N=16000000 threads=32 rep=3 batches=266 time=1.001 s | package=155.845 J | dram=NA | total=155.845 J | power=155.7 W | runtime=in_range | checksum=OK
[STREAM] N=16000000 threads=32 rep=4 batches=266 time=1.002 s | package=155.791 J | dram=NA | total=155.791 J | power=155.5 W | runtime=in_range | checksum=OK
[STREAM] N=16000000 threads=32 rep=5 batches=266 time=1.002 s | package=155.775 J | dram=NA | total=155.775 J | power=155.5 W | runtime=in_range | checksum=OK
[STREAM] N=16000000 threads=32 rep=6 batches=266 time=1.005 s | package=156.374 J | dram=NA | total=156.374 J | power=155.6 W | runtime=in_range | checksum=OK
[STREAM] N=16000000 threads=32 rep=7 batches=266 time=1.003 s | package=156.252 J | dram=NA | total=156.252 J | power=155.7 W | runtime=in_range | checksum=OK
[STREAM] N=16000000 threads=32 rep=8 batches=266 time=1.003 s | package=156.005 J | dram=NA | total=156.005 J | power=155.6 W | runtime=in_range | checksum=OK
[STREAM] N=16000000 threads=32 rep=9 batches=266 time=1.002 s | package=155.925 J | dram=NA | total=155.925 J | power=155.6 W | runtime=in_range | checksum=OK
[STREAM] N=16000000 threads=32 rep=10 batches=266 time=1.002 s | package=155.931 J | dram=NA | total=155.931 J | power=155.7 W | runtime=in_range | checksum=OK
[OpenMP] requested=10 active=10
[STREAM] N=256000000 threads=10 rep=1 batches=14 time=1.056 s | package=136.448 J | dram=NA | total=136.448 J | power=129.2 W | runtime=in_range | checksum=OK
[STREAM] N=256000000 threads=10 rep=2 batches=14 time=1.057 s | package=136.190 J | dram=NA | total=136.190 J | power=128.9 W | runtime=in_range | checksum=OK
[STREAM] N=256000000 threads=10 rep=3 batches=14 time=1.056 s | package=136.000 J | dram=NA | total=136.000 J | power=128.8 W | runtime=in_range | checksum=OK
[STREAM] N=256000000 threads=10 rep=4 batches=14 time=1.056 s | package=135.833 J | dram=NA | total=135.833 J | power=128.6 W | runtime=in_range | checksum=OK
[STREAM] N=256000000 threads=10 rep=5 batches=14 time=1.056 s | package=135.673 J | dram=NA | total=135.673 J | power=128.4 W | runtime=in_range | checksum=OK
[STREAM] N=256000000 threads=10 rep=6 batches=14 time=1.056 s | package=135.583 J | dram=NA | total=135.583 J | power=128.4 W | runtime=in_range | checksum=OK
[STREAM] N=256000000 threads=10 rep=7 batches=14 time=1.056 s | package=135.757 J | dram=NA | total=135.757 J | power=128.5 W | runtime=in_range | checksum=OK
[STREAM] N=256000000 threads=10 rep=8 batches=14 time=1.056 s | package=136.031 J | dram=NA | total=136.031 J | power=128.8 W | runtime=in_range | checksum=OK
[STREAM] N=256000000 threads=10 rep=9 batches=14 time=1.056 s | package=135.989 J | dram=NA | total=135.989 J | power=128.8 W | runtime=in_range | checksum=OK
[STREAM] N=256000000 threads=10 rep=10 batches=14 time=1.056 s | package=136.028 J | dram=NA | total=136.028 J | power=128.8 W | runtime=in_range | checksum=OK
[OpenMP] requested=64 active=64
[STREAM] N=16000000 threads=64 rep=1 batches=257 time=1.003 s | package=161.476 J | dram=NA | total=161.476 J | power=161.0 W | runtime=in_range | checksum=OK
[STREAM] N=16000000 threads=64 rep=2 batches=257 time=1.006 s | package=161.678 J | dram=NA | total=161.678 J | power=160.8 W | runtime=in_range | checksum=OK
[STREAM] N=16000000 threads=64 rep=3 batches=257 time=1.006 s | package=161.856 J | dram=NA | total=161.856 J | power=160.9 W | runtime=in_range | checksum=OK
[STREAM] N=16000000 threads=64 rep=4 batches=257 time=1.005 s | package=161.854 J | dram=NA | total=161.854 J | power=161.0 W | runtime=in_range | checksum=OK
[STREAM] N=16000000 threads=64 rep=5 batches=257 time=1.004 s | package=161.984 J | dram=NA | total=161.984 J | power=161.3 W | runtime=in_range | checksum=OK
[STREAM] N=16000000 threads=64 rep=6 batches=257 time=1.005 s | package=161.922 J | dram=NA | total=161.922 J | power=161.2 W | runtime=in_range | checksum=OK
[STREAM] N=16000000 threads=64 rep=7 batches=257 time=1.003 s | package=161.842 J | dram=NA | total=161.842 J | power=161.3 W | runtime=in_range | checksum=OK
[STREAM] N=16000000 threads=64 rep=8 batches=257 time=1.005 s | package=161.920 J | dram=NA | total=161.920 J | power=161.1 W | runtime=in_range | checksum=OK
[STREAM] N=16000000 threads=64 rep=9 batches=257 time=1.004 s | package=161.726 J | dram=NA | total=161.726 J | power=161.1 W | runtime=in_range | checksum=OK
[STREAM] N=16000000 threads=64 rep=10 batches=257 time=1.003 s | package=161.623 J | dram=NA | total=161.623 J | power=161.2 W | runtime=in_range | checksum=OK
[OpenMP] requested=2 active=2
[STREAM] N=32000000 threads=2 rep=1 batches=88 time=1.004 s | package=82.720 J | dram=NA | total=82.720 J | power=82.4 W | runtime=in_range | checksum=OK
[STREAM] N=32000000 threads=2 rep=2 batches=88 time=1.009 s | package=82.943 J | dram=NA | total=82.943 J | power=82.2 W | runtime=in_range | checksum=OK
[STREAM] N=32000000 threads=2 rep=3 batches=88 time=1.004 s | package=82.385 J | dram=NA | total=82.385 J | power=82.1 W | runtime=in_range | checksum=OK
[STREAM] N=32000000 threads=2 rep=4 batches=88 time=1.003 s | package=82.229 J | dram=NA | total=82.229 J | power=82.0 W | runtime=in_range | checksum=OK
[STREAM] N=32000000 threads=2 rep=5 batches=88 time=1.005 s | package=82.366 J | dram=NA | total=82.366 J | power=81.9 W | runtime=in_range | checksum=OK
[STREAM] N=32000000 threads=2 rep=6 batches=88 time=1.003 s | package=82.060 J | dram=NA | total=82.060 J | power=81.8 W | runtime=in_range | checksum=OK
[STREAM] N=32000000 threads=2 rep=7 batches=88 time=1.010 s | package=81.857 J | dram=NA | total=81.857 J | power=81.0 W | runtime=in_range | checksum=OK
[STREAM] N=32000000 threads=2 rep=8 batches=88 time=1.012 s | package=81.656 J | dram=NA | total=81.656 J | power=80.7 W | runtime=in_range | checksum=OK
[STREAM] N=32000000 threads=2 rep=9 batches=88 time=1.014 s | package=81.595 J | dram=NA | total=81.595 J | power=80.5 W | runtime=in_range | checksum=OK
[STREAM] N=32000000 threads=2 rep=10 batches=88 time=1.005 s | package=82.050 J | dram=NA | total=82.050 J | power=81.6 W | runtime=in_range | checksum=OK
[OpenMP] requested=8 active=8
[STREAM] N=128000000 threads=8 rep=1 batches=27 time=1.016 s | package=103.359 J | dram=NA | total=103.359 J | power=101.8 W | runtime=in_range | checksum=OK
[STREAM] N=128000000 threads=8 rep=2 batches=27 time=1.016 s | package=103.521 J | dram=NA | total=103.521 J | power=101.8 W | runtime=in_range | checksum=OK
[STREAM] N=128000000 threads=8 rep=3 batches=27 time=1.016 s | package=103.538 J | dram=NA | total=103.538 J | power=101.9 W | runtime=in_range | checksum=OK
[STREAM] N=128000000 threads=8 rep=4 batches=27 time=1.016 s | package=103.603 J | dram=NA | total=103.603 J | power=102.0 W | runtime=in_range | checksum=OK
[STREAM] N=128000000 threads=8 rep=5 batches=27 time=1.018 s | package=107.344 J | dram=NA | total=107.344 J | power=105.5 W | runtime=in_range | checksum=OK
[STREAM] N=128000000 threads=8 rep=6 batches=27 time=1.016 s | package=109.447 J | dram=NA | total=109.447 J | power=107.7 W | runtime=in_range | checksum=OK
[STREAM] N=128000000 threads=8 rep=7 batches=27 time=1.017 s | package=109.571 J | dram=NA | total=109.571 J | power=107.8 W | runtime=in_range | checksum=OK
[STREAM] N=128000000 threads=8 rep=8 batches=27 time=1.017 s | package=109.627 J | dram=NA | total=109.627 J | power=107.8 W | runtime=in_range | checksum=OK
[STREAM] N=128000000 threads=8 rep=9 batches=27 time=1.017 s | package=109.587 J | dram=NA | total=109.587 J | power=107.8 W | runtime=in_range | checksum=OK
[STREAM] N=128000000 threads=8 rep=10 batches=27 time=1.017 s | package=109.848 J | dram=NA | total=109.848 J | power=108.0 W | runtime=in_range | checksum=OK
[OpenMP] requested=2 active=2
[STREAM] N=1000000 threads=2 rep=1 batches=15220 time=0.996 s | package=94.645 J | dram=NA | total=94.645 J | power=95.0 W | runtime=in_range | checksum=OK
[STREAM] N=1000000 threads=2 rep=2 batches=15220 time=1.007 s | package=95.285 J | dram=NA | total=95.285 J | power=94.7 W | runtime=in_range | checksum=OK
[STREAM] N=1000000 threads=2 rep=3 batches=15220 time=1.009 s | package=95.566 J | dram=NA | total=95.566 J | power=94.7 W | runtime=in_range | checksum=OK
[STREAM] N=1000000 threads=2 rep=4 batches=15220 time=1.003 s | package=94.214 J | dram=NA | total=94.214 J | power=93.9 W | runtime=in_range | checksum=OK
[STREAM] N=1000000 threads=2 rep=5 batches=15220 time=1.007 s | package=94.479 J | dram=NA | total=94.479 J | power=93.8 W | runtime=in_range | checksum=OK
[STREAM] N=1000000 threads=2 rep=6 batches=15220 time=1.003 s | package=94.228 J | dram=NA | total=94.228 J | power=94.0 W | runtime=in_range | checksum=OK
[STREAM] N=1000000 threads=2 rep=7 batches=15220 time=1.003 s | package=94.163 J | dram=NA | total=94.163 J | power=93.9 W | runtime=in_range | checksum=OK
[STREAM] N=1000000 threads=2 rep=8 batches=15220 time=1.003 s | package=94.175 J | dram=NA | total=94.175 J | power=93.9 W | runtime=in_range | checksum=OK
[STREAM] N=1000000 threads=2 rep=9 batches=15220 time=1.005 s | package=94.282 J | dram=NA | total=94.282 J | power=93.8 W | runtime=in_range | checksum=OK
[STREAM] N=1000000 threads=2 rep=10 batches=15220 time=1.007 s | package=94.396 J | dram=NA | total=94.396 J | power=93.8 W | runtime=in_range | checksum=OK
[OpenMP] requested=4 active=4
[STREAM] N=2000000 threads=4 rep=1 batches=14847 time=1.012 s | package=127.673 J | dram=NA | total=127.673 J | power=126.2 W | runtime=in_range | checksum=OK
[STREAM] N=2000000 threads=4 rep=2 batches=14847 time=1.021 s | package=128.672 J | dram=NA | total=128.672 J | power=126.0 W | runtime=in_range | checksum=OK
[STREAM] N=2000000 threads=4 rep=3 batches=14847 time=1.022 s | package=128.364 J | dram=NA | total=128.364 J | power=125.6 W | runtime=in_range | checksum=OK
[STREAM] N=2000000 threads=4 rep=4 batches=14847 time=1.022 s | package=128.523 J | dram=NA | total=128.523 J | power=125.7 W | runtime=in_range | checksum=OK
[STREAM] N=2000000 threads=4 rep=5 batches=14847 time=1.006 s | package=127.064 J | dram=NA | total=127.064 J | power=126.3 W | runtime=in_range | checksum=OK
[STREAM] N=2000000 threads=4 rep=6 batches=14847 time=1.014 s | package=127.692 J | dram=NA | total=127.692 J | power=125.9 W | runtime=in_range | checksum=OK
[STREAM] N=2000000 threads=4 rep=7 batches=14847 time=1.006 s | package=127.336 J | dram=NA | total=127.336 J | power=126.6 W | runtime=in_range | checksum=OK
[STREAM] N=2000000 threads=4 rep=8 batches=14847 time=1.022 s | package=128.429 J | dram=NA | total=128.429 J | power=125.6 W | runtime=in_range | checksum=OK
[STREAM] N=2000000 threads=4 rep=9 batches=14847 time=1.015 s | package=128.838 J | dram=NA | total=128.838 J | power=127.0 W | runtime=in_range | checksum=OK
[STREAM] N=2000000 threads=4 rep=10 batches=14847 time=1.012 s | package=128.537 J | dram=NA | total=128.537 J | power=127.0 W | runtime=in_range | checksum=OK
[OpenMP] requested=32 active=32
[STREAM] N=2000000 threads=32 rep=1 batches=31319 time=0.997 s | package=225.391 J | dram=NA | total=225.391 J | power=226.0 W | runtime=in_range | checksum=OK
[STREAM] N=2000000 threads=32 rep=2 batches=31319 time=1.007 s | package=227.726 J | dram=NA | total=227.726 J | power=226.1 W | runtime=in_range | checksum=OK
[STREAM] N=2000000 threads=32 rep=3 batches=31319 time=1.028 s | package=230.452 J | dram=NA | total=230.452 J | power=224.1 W | runtime=in_range | checksum=OK
[STREAM] N=2000000 threads=32 rep=4 batches=31319 time=1.033 s | package=230.859 J | dram=NA | total=230.859 J | power=223.6 W | runtime=in_range | checksum=OK
[STREAM] N=2000000 threads=32 rep=5 batches=31319 time=1.025 s | package=229.934 J | dram=NA | total=229.934 J | power=224.4 W | runtime=in_range | checksum=OK
[STREAM] N=2000000 threads=32 rep=6 batches=31319 time=1.011 s | package=228.442 J | dram=NA | total=228.442 J | power=226.0 W | runtime=in_range | checksum=OK
[STREAM] N=2000000 threads=32 rep=7 batches=31319 time=1.039 s | package=232.983 J | dram=NA | total=232.983 J | power=224.2 W | runtime=in_range | checksum=OK
[STREAM] N=2000000 threads=32 rep=8 batches=31319 time=1.028 s | package=231.249 J | dram=NA | total=231.249 J | power=225.0 W | runtime=in_range | checksum=OK
[STREAM] N=2000000 threads=32 rep=9 batches=31319 time=1.017 s | package=229.425 J | dram=NA | total=229.425 J | power=225.7 W | runtime=in_range | checksum=OK
[STREAM] N=2000000 threads=32 rep=10 batches=31319 time=1.010 s | package=228.567 J | dram=NA | total=228.567 J | power=226.2 W | runtime=in_range | checksum=OK
[OpenMP] requested=20 active=20
[STREAM] N=16000000 threads=20 rep=1 batches=239 time=1.003 s | package=130.968 J | dram=NA | total=130.968 J | power=130.6 W | runtime=in_range | checksum=OK
[STREAM] N=16000000 threads=20 rep=2 batches=239 time=1.003 s | package=130.565 J | dram=NA | total=130.565 J | power=130.2 W | runtime=in_range | checksum=OK
[STREAM] N=16000000 threads=20 rep=3 batches=239 time=1.004 s | package=129.901 J | dram=NA | total=129.901 J | power=129.4 W | runtime=in_range | checksum=OK
[STREAM] N=16000000 threads=20 rep=4 batches=239 time=1.003 s | package=129.288 J | dram=NA | total=129.288 J | power=128.8 W | runtime=in_range | checksum=OK
[STREAM] N=16000000 threads=20 rep=5 batches=239 time=1.003 s | package=129.142 J | dram=NA | total=129.142 J | power=128.7 W | runtime=in_range | checksum=OK
[STREAM] N=16000000 threads=20 rep=6 batches=239 time=1.004 s | package=128.946 J | dram=NA | total=128.946 J | power=128.5 W | runtime=in_range | checksum=OK
[STREAM] N=16000000 threads=20 rep=7 batches=239 time=1.003 s | package=130.117 J | dram=NA | total=130.117 J | power=129.7 W | runtime=in_range | checksum=OK
[STREAM] N=16000000 threads=20 rep=8 batches=239 time=1.004 s | package=130.554 J | dram=NA | total=130.554 J | power=130.1 W | runtime=in_range | checksum=OK
[STREAM] N=16000000 threads=20 rep=9 batches=239 time=1.003 s | package=130.850 J | dram=NA | total=130.850 J | power=130.5 W | runtime=in_range | checksum=OK
[STREAM] N=16000000 threads=20 rep=10 batches=239 time=1.003 s | package=130.456 J | dram=NA | total=130.456 J | power=130.0 W | runtime=in_range | checksum=OK
[OpenMP] requested=8 active=8
[STREAM] N=4000000 threads=8 rep=1 batches=13780 time=0.995 s | package=183.176 J | dram=NA | total=183.176 J | power=184.1 W | runtime=in_range | checksum=OK
[STREAM] N=4000000 threads=8 rep=2 batches=13780 time=0.999 s | package=183.583 J | dram=NA | total=183.583 J | power=183.8 W | runtime=in_range | checksum=OK
[STREAM] N=4000000 threads=8 rep=3 batches=13780 time=1.007 s | package=184.437 J | dram=NA | total=184.437 J | power=183.2 W | runtime=in_range | checksum=OK
[STREAM] N=4000000 threads=8 rep=4 batches=13780 time=0.997 s | package=183.194 J | dram=NA | total=183.194 J | power=183.7 W | runtime=in_range | checksum=OK
[STREAM] N=4000000 threads=8 rep=5 batches=13780 time=1.007 s | package=184.417 J | dram=NA | total=184.417 J | power=183.1 W | runtime=in_range | checksum=OK
[STREAM] N=4000000 threads=8 rep=6 batches=13780 time=1.007 s | package=184.312 J | dram=NA | total=184.312 J | power=183.0 W | runtime=in_range | checksum=OK
[STREAM] N=4000000 threads=8 rep=7 batches=13780 time=1.011 s | package=184.573 J | dram=NA | total=184.573 J | power=182.6 W | runtime=in_range | checksum=OK
[STREAM] N=4000000 threads=8 rep=8 batches=13780 time=1.006 s | package=184.102 J | dram=NA | total=184.102 J | power=183.0 W | runtime=in_range | checksum=OK
[STREAM] N=4000000 threads=8 rep=9 batches=13780 time=1.002 s | package=184.049 J | dram=NA | total=184.049 J | power=183.6 W | runtime=in_range | checksum=OK
[STREAM] N=4000000 threads=8 rep=10 batches=13780 time=0.992 s | package=183.153 J | dram=NA | total=183.153 J | power=184.6 W | runtime=in_range | checksum=OK
[OpenMP] requested=4 active=4
[STREAM] N=32000000 threads=4 rep=1 batches=106 time=1.003 s | package=89.636 J | dram=NA | total=89.636 J | power=89.4 W | runtime=in_range | checksum=OK
[STREAM] N=32000000 threads=4 rep=2 batches=106 time=1.003 s | package=89.612 J | dram=NA | total=89.612 J | power=89.3 W | runtime=in_range | checksum=OK
[STREAM] N=32000000 threads=4 rep=3 batches=106 time=1.003 s | package=89.468 J | dram=NA | total=89.468 J | power=89.2 W | runtime=in_range | checksum=OK
[STREAM] N=32000000 threads=4 rep=4 batches=106 time=1.003 s | package=89.806 J | dram=NA | total=89.806 J | power=89.5 W | runtime=in_range | checksum=OK
[STREAM] N=32000000 threads=4 rep=5 batches=106 time=1.002 s | package=89.334 J | dram=NA | total=89.334 J | power=89.1 W | runtime=in_range | checksum=OK
[STREAM] N=32000000 threads=4 rep=6 batches=106 time=1.003 s | package=89.369 J | dram=NA | total=89.369 J | power=89.1 W | runtime=in_range | checksum=OK
[STREAM] N=32000000 threads=4 rep=7 batches=106 time=1.002 s | package=89.205 J | dram=NA | total=89.205 J | power=89.0 W | runtime=in_range | checksum=OK
[STREAM] N=32000000 threads=4 rep=8 batches=106 time=1.003 s | package=89.279 J | dram=NA | total=89.279 J | power=89.1 W | runtime=in_range | checksum=OK
[STREAM] N=32000000 threads=4 rep=9 batches=106 time=1.004 s | package=89.333 J | dram=NA | total=89.333 J | power=89.0 W | runtime=in_range | checksum=OK
[STREAM] N=32000000 threads=4 rep=10 batches=106 time=1.004 s | package=89.341 J | dram=NA | total=89.341 J | power=89.0 W | runtime=in_range | checksum=OK
[OpenMP] requested=64 active=64
[STREAM] N=8000000 threads=64 rep=1 batches=9296 time=1.001 s | package=262.516 J | dram=NA | total=262.516 J | power=262.2 W | runtime=in_range | checksum=OK
[STREAM] N=8000000 threads=64 rep=2 batches=9296 time=1.006 s | package=263.574 J | dram=NA | total=263.574 J | power=262.0 W | runtime=in_range | checksum=OK
[STREAM] N=8000000 threads=64 rep=3 batches=9296 time=1.009 s | package=264.040 J | dram=NA | total=264.040 J | power=261.7 W | runtime=in_range | checksum=OK
[STREAM] N=8000000 threads=64 rep=4 batches=9296 time=1.005 s | package=263.828 J | dram=NA | total=263.828 J | power=262.5 W | runtime=in_range | checksum=OK
[STREAM] N=8000000 threads=64 rep=5 batches=9296 time=1.005 s | package=264.491 J | dram=NA | total=264.491 J | power=263.3 W | runtime=in_range | checksum=OK
[STREAM] N=8000000 threads=64 rep=6 batches=9296 time=1.007 s | package=264.457 J | dram=NA | total=264.457 J | power=262.7 W | runtime=in_range | checksum=OK
[STREAM] N=8000000 threads=64 rep=7 batches=9296 time=1.009 s | package=264.678 J | dram=NA | total=264.678 J | power=262.2 W | runtime=in_range | checksum=OK
[STREAM] N=8000000 threads=64 rep=8 batches=9296 time=1.008 s | package=264.856 J | dram=NA | total=264.856 J | power=262.6 W | runtime=in_range | checksum=OK
[STREAM] N=8000000 threads=64 rep=9 batches=9296 time=1.007 s | package=264.646 J | dram=NA | total=264.646 J | power=262.8 W | runtime=in_range | checksum=OK
[STREAM] N=8000000 threads=64 rep=10 batches=9296 time=1.009 s | package=264.939 J | dram=NA | total=264.939 J | power=262.5 W | runtime=in_range | checksum=OK
[OpenMP] requested=16 active=16
[STREAM] N=32000000 threads=16 rep=1 batches=103 time=1.001 s | package=138.027 J | dram=NA | total=138.027 J | power=137.9 W | runtime=in_range | checksum=OK
[STREAM] N=32000000 threads=16 rep=2 batches=103 time=1.001 s | package=137.712 J | dram=NA | total=137.712 J | power=137.6 W | runtime=in_range | checksum=OK
[STREAM] N=32000000 threads=16 rep=3 batches=103 time=1.001 s | package=137.540 J | dram=NA | total=137.540 J | power=137.4 W | runtime=in_range | checksum=OK
[STREAM] N=32000000 threads=16 rep=4 batches=103 time=1.001 s | package=136.975 J | dram=NA | total=136.975 J | power=136.9 W | runtime=in_range | checksum=OK
[STREAM] N=32000000 threads=16 rep=5 batches=103 time=1.001 s | package=136.920 J | dram=NA | total=136.920 J | power=136.8 W | runtime=in_range | checksum=OK
[STREAM] N=32000000 threads=16 rep=6 batches=103 time=1.001 s | package=136.818 J | dram=NA | total=136.818 J | power=136.7 W | runtime=in_range | checksum=OK
[STREAM] N=32000000 threads=16 rep=7 batches=103 time=1.001 s | package=136.861 J | dram=NA | total=136.861 J | power=136.7 W | runtime=in_range | checksum=OK
[STREAM] N=32000000 threads=16 rep=8 batches=103 time=1.000 s | package=136.514 J | dram=NA | total=136.514 J | power=136.4 W | runtime=in_range | checksum=OK
[STREAM] N=32000000 threads=16 rep=9 batches=103 time=1.001 s | package=136.399 J | dram=NA | total=136.399 J | power=136.3 W | runtime=in_range | checksum=OK
[STREAM] N=32000000 threads=16 rep=10 batches=103 time=1.001 s | package=136.494 J | dram=NA | total=136.494 J | power=136.4 W | runtime=in_range | checksum=OK
[OpenMP] requested=64 active=64
[STREAM] N=64000000 threads=64 rep=1 batches=51 time=1.012 s | package=161.322 J | dram=NA | total=161.322 J | power=159.4 W | runtime=in_range | checksum=OK
[STREAM] N=64000000 threads=64 rep=2 batches=51 time=1.012 s | package=161.365 J | dram=NA | total=161.365 J | power=159.4 W | runtime=in_range | checksum=OK
[STREAM] N=64000000 threads=64 rep=3 batches=51 time=1.012 s | package=161.405 J | dram=NA | total=161.405 J | power=159.5 W | runtime=in_range | checksum=OK
[STREAM] N=64000000 threads=64 rep=4 batches=51 time=1.012 s | package=161.627 J | dram=NA | total=161.627 J | power=159.7 W | runtime=in_range | checksum=OK
[STREAM] N=64000000 threads=64 rep=5 batches=51 time=1.012 s | package=161.459 J | dram=NA | total=161.459 J | power=159.5 W | runtime=in_range | checksum=OK
[STREAM] N=64000000 threads=64 rep=6 batches=51 time=1.012 s | package=161.377 J | dram=NA | total=161.377 J | power=159.5 W | runtime=in_range | checksum=OK
[STREAM] N=64000000 threads=64 rep=7 batches=51 time=1.012 s | package=161.530 J | dram=NA | total=161.530 J | power=159.6 W | runtime=in_range | checksum=OK
[STREAM] N=64000000 threads=64 rep=8 batches=51 time=1.012 s | package=161.545 J | dram=NA | total=161.545 J | power=159.6 W | runtime=in_range | checksum=OK
[STREAM] N=64000000 threads=64 rep=9 batches=51 time=1.012 s | package=161.776 J | dram=NA | total=161.776 J | power=159.9 W | runtime=in_range | checksum=OK
[STREAM] N=64000000 threads=64 rep=10 batches=51 time=1.012 s | package=161.585 J | dram=NA | total=161.585 J | power=159.6 W | runtime=in_range | checksum=OK
[OpenMP] requested=1 active=1
[STREAM] N=16000000 threads=1 rep=1 batches=110 time=1.004 s | package=75.992 J | dram=NA | total=75.992 J | power=75.7 W | runtime=in_range | checksum=OK
[STREAM] N=16000000 threads=1 rep=2 batches=110 time=1.006 s | package=75.989 J | dram=NA | total=75.989 J | power=75.6 W | runtime=in_range | checksum=OK
[STREAM] N=16000000 threads=1 rep=3 batches=110 time=1.006 s | package=75.876 J | dram=NA | total=75.876 J | power=75.4 W | runtime=in_range | checksum=OK
[STREAM] N=16000000 threads=1 rep=4 batches=110 time=1.018 s | package=76.657 J | dram=NA | total=76.657 J | power=75.3 W | runtime=in_range | checksum=OK
[STREAM] N=16000000 threads=1 rep=5 batches=110 time=1.014 s | package=76.223 J | dram=NA | total=76.223 J | power=75.1 W | runtime=in_range | checksum=OK
[STREAM] N=16000000 threads=1 rep=6 batches=110 time=1.016 s | package=76.340 J | dram=NA | total=76.340 J | power=75.2 W | runtime=in_range | checksum=OK
[STREAM] N=16000000 threads=1 rep=7 batches=110 time=1.022 s | package=76.674 J | dram=NA | total=76.674 J | power=75.0 W | runtime=in_range | checksum=OK
[STREAM] N=16000000 threads=1 rep=8 batches=110 time=1.017 s | package=76.300 J | dram=NA | total=76.300 J | power=75.1 W | runtime=in_range | checksum=OK
[STREAM] N=16000000 threads=1 rep=9 batches=110 time=1.012 s | package=75.894 J | dram=NA | total=75.894 J | power=75.0 W | runtime=in_range | checksum=OK
[STREAM] N=16000000 threads=1 rep=10 batches=110 time=1.015 s | package=76.055 J | dram=NA | total=76.055 J | power=75.0 W | runtime=in_range | checksum=OK
[OpenMP] requested=16 active=16
[STREAM] N=4000000 threads=16 rep=1 batches=21544 time=1.010 s | package=255.936 J | dram=NA | total=255.936 J | power=253.5 W | runtime=in_range | checksum=OK
[STREAM] N=4000000 threads=16 rep=2 batches=21544 time=1.007 s | package=255.544 J | dram=NA | total=255.544 J | power=253.7 W | runtime=in_range | checksum=OK
[STREAM] N=4000000 threads=16 rep=3 batches=21544 time=1.015 s | package=256.268 J | dram=NA | total=256.268 J | power=252.5 W | runtime=in_range | checksum=OK
[STREAM] N=4000000 threads=16 rep=4 batches=21544 time=1.018 s | package=257.076 J | dram=NA | total=257.076 J | power=252.5 W | runtime=in_range | checksum=OK
[STREAM] N=4000000 threads=16 rep=5 batches=21544 time=1.008 s | package=255.449 J | dram=NA | total=255.449 J | power=253.4 W | runtime=in_range | checksum=OK
[STREAM] N=4000000 threads=16 rep=6 batches=21544 time=1.005 s | package=254.882 J | dram=NA | total=254.882 J | power=253.5 W | runtime=in_range | checksum=OK
[STREAM] N=4000000 threads=16 rep=7 batches=21544 time=1.011 s | package=255.811 J | dram=NA | total=255.811 J | power=252.9 W | runtime=in_range | checksum=OK
[STREAM] N=4000000 threads=16 rep=8 batches=21544 time=1.012 s | package=255.770 J | dram=NA | total=255.770 J | power=252.8 W | runtime=in_range | checksum=OK
[STREAM] N=4000000 threads=16 rep=9 batches=21544 time=1.015 s | package=256.308 J | dram=NA | total=256.308 J | power=252.5 W | runtime=in_range | checksum=OK
[STREAM] N=4000000 threads=16 rep=10 batches=21544 time=1.012 s | package=255.930 J | dram=NA | total=255.930 J | power=253.0 W | runtime=in_range | checksum=OK
[OpenMP] requested=4 active=4
[STREAM] N=16000000 threads=4 rep=1 batches=209 time=1.003 s | package=94.380 J | dram=NA | total=94.380 J | power=94.1 W | runtime=in_range | checksum=OK
[STREAM] N=16000000 threads=4 rep=2 batches=209 time=1.006 s | package=94.321 J | dram=NA | total=94.321 J | power=93.8 W | runtime=in_range | checksum=OK
[STREAM] N=16000000 threads=4 rep=3 batches=209 time=1.005 s | package=94.030 J | dram=NA | total=94.030 J | power=93.6 W | runtime=in_range | checksum=OK
[STREAM] N=16000000 threads=4 rep=4 batches=209 time=1.005 s | package=93.883 J | dram=NA | total=93.883 J | power=93.4 W | runtime=in_range | checksum=OK
[STREAM] N=16000000 threads=4 rep=5 batches=209 time=1.005 s | package=93.833 J | dram=NA | total=93.833 J | power=93.3 W | runtime=in_range | checksum=OK
[STREAM] N=16000000 threads=4 rep=6 batches=209 time=1.005 s | package=93.670 J | dram=NA | total=93.670 J | power=93.2 W | runtime=in_range | checksum=OK
[STREAM] N=16000000 threads=4 rep=7 batches=209 time=1.004 s | package=93.604 J | dram=NA | total=93.604 J | power=93.2 W | runtime=in_range | checksum=OK
[STREAM] N=16000000 threads=4 rep=8 batches=209 time=1.003 s | package=93.463 J | dram=NA | total=93.463 J | power=93.1 W | runtime=in_range | checksum=OK
[STREAM] N=16000000 threads=4 rep=9 batches=209 time=1.003 s | package=93.424 J | dram=NA | total=93.424 J | power=93.2 W | runtime=in_range | checksum=OK
[STREAM] N=16000000 threads=4 rep=10 batches=209 time=1.007 s | package=93.788 J | dram=NA | total=93.788 J | power=93.1 W | runtime=in_range | checksum=OK
[OpenMP] requested=16 active=16
[STREAM] N=8000000 threads=16 rep=1 batches=7122 time=1.012 s | package=205.326 J | dram=NA | total=205.326 J | power=202.8 W | runtime=in_range | checksum=OK
[STREAM] N=8000000 threads=16 rep=2 batches=7122 time=1.015 s | package=205.823 J | dram=NA | total=205.823 J | power=202.9 W | runtime=in_range | checksum=OK
[STREAM] N=8000000 threads=16 rep=3 batches=7122 time=1.012 s | package=206.130 J | dram=NA | total=206.130 J | power=203.6 W | runtime=in_range | checksum=OK
[STREAM] N=8000000 threads=16 rep=4 batches=7122 time=1.016 s | package=206.148 J | dram=NA | total=206.148 J | power=203.0 W | runtime=in_range | checksum=OK
[STREAM] N=8000000 threads=16 rep=5 batches=7122 time=1.019 s | package=206.679 J | dram=NA | total=206.679 J | power=202.9 W | runtime=in_range | checksum=OK
[STREAM] N=8000000 threads=16 rep=6 batches=7122 time=1.012 s | package=205.516 J | dram=NA | total=205.516 J | power=203.1 W | runtime=in_range | checksum=OK
[STREAM] N=8000000 threads=16 rep=7 batches=7122 time=1.009 s | package=205.475 J | dram=NA | total=205.475 J | power=203.6 W | runtime=in_range | checksum=OK
[STREAM] N=8000000 threads=16 rep=8 batches=7122 time=1.007 s | package=205.540 J | dram=NA | total=205.540 J | power=204.1 W | runtime=in_range | checksum=OK
[STREAM] N=8000000 threads=16 rep=9 batches=7122 time=1.007 s | package=205.519 J | dram=NA | total=205.519 J | power=204.0 W | runtime=in_range | checksum=OK
[STREAM] N=8000000 threads=16 rep=10 batches=7122 time=1.004 s | package=205.062 J | dram=NA | total=205.062 J | power=204.2 W | runtime=in_range | checksum=OK
[OpenMP] requested=20 active=20
[STREAM] N=1000000 threads=20 rep=1 batches=44134 time=1.005 s | package=181.679 J | dram=NA | total=181.679 J | power=180.8 W | runtime=in_range | checksum=OK
[STREAM] N=1000000 threads=20 rep=2 batches=44134 time=0.999 s | package=181.441 J | dram=NA | total=181.441 J | power=181.6 W | runtime=in_range | checksum=OK
[STREAM] N=1000000 threads=20 rep=3 batches=44134 time=1.002 s | package=181.699 J | dram=NA | total=181.699 J | power=181.4 W | runtime=in_range | checksum=OK
[STREAM] N=1000000 threads=20 rep=4 batches=44134 time=1.000 s | package=181.496 J | dram=NA | total=181.496 J | power=181.5 W | runtime=in_range | checksum=OK
[STREAM] N=1000000 threads=20 rep=5 batches=44134 time=1.003 s | package=181.864 J | dram=NA | total=181.864 J | power=181.3 W | runtime=in_range | checksum=OK
[STREAM] N=1000000 threads=20 rep=6 batches=44134 time=0.999 s | package=181.111 J | dram=NA | total=181.111 J | power=181.3 W | runtime=in_range | checksum=OK
[STREAM] N=1000000 threads=20 rep=7 batches=44134 time=0.995 s | package=181.084 J | dram=NA | total=181.084 J | power=181.9 W | runtime=in_range | checksum=OK
[STREAM] N=1000000 threads=20 rep=8 batches=44134 time=0.994 s | package=180.523 J | dram=NA | total=180.523 J | power=181.7 W | runtime=in_range | checksum=OK
[STREAM] N=1000000 threads=20 rep=9 batches=44134 time=0.996 s | package=180.773 J | dram=NA | total=180.773 J | power=181.5 W | runtime=in_range | checksum=OK
[STREAM] N=1000000 threads=20 rep=10 batches=44134 time=1.005 s | package=181.974 J | dram=NA | total=181.974 J | power=181.0 W | runtime=in_range | checksum=OK
[OpenMP] requested=16 active=16
[STREAM] N=64000000 threads=16 rep=1 batches=52 time=1.002 s | package=126.892 J | dram=NA | total=126.892 J | power=126.6 W | runtime=in_range | checksum=OK
[STREAM] N=64000000 threads=16 rep=2 batches=52 time=1.003 s | package=126.678 J | dram=NA | total=126.678 J | power=126.3 W | runtime=in_range | checksum=OK
[STREAM] N=64000000 threads=16 rep=3 batches=52 time=1.003 s | package=126.597 J | dram=NA | total=126.597 J | power=126.2 W | runtime=in_range | checksum=OK
[STREAM] N=64000000 threads=16 rep=4 batches=52 time=1.002 s | package=126.400 J | dram=NA | total=126.400 J | power=126.1 W | runtime=in_range | checksum=OK
[STREAM] N=64000000 threads=16 rep=5 batches=52 time=1.003 s | package=126.325 J | dram=NA | total=126.325 J | power=126.0 W | runtime=in_range | checksum=OK
[STREAM] N=64000000 threads=16 rep=6 batches=52 time=1.003 s | package=126.316 J | dram=NA | total=126.316 J | power=125.9 W | runtime=in_range | checksum=OK
[STREAM] N=64000000 threads=16 rep=7 batches=52 time=1.003 s | package=126.304 J | dram=NA | total=126.304 J | power=125.9 W | runtime=in_range | checksum=OK
[STREAM] N=64000000 threads=16 rep=8 batches=52 time=1.002 s | package=126.121 J | dram=NA | total=126.121 J | power=125.8 W | runtime=in_range | checksum=OK
[STREAM] N=64000000 threads=16 rep=9 batches=52 time=1.003 s | package=126.256 J | dram=NA | total=126.256 J | power=125.9 W | runtime=in_range | checksum=OK
[STREAM] N=64000000 threads=16 rep=10 batches=52 time=1.003 s | package=126.179 J | dram=NA | total=126.179 J | power=125.8 W | runtime=in_range | checksum=OK
[OpenMP] requested=16 active=16
[STREAM] N=16000000 threads=16 rep=1 batches=256 time=1.000 s | package=126.584 J | dram=NA | total=126.584 J | power=126.5 W | runtime=in_range | checksum=OK
[STREAM] N=16000000 threads=16 rep=2 batches=256 time=1.000 s | package=126.608 J | dram=NA | total=126.608 J | power=126.5 W | runtime=in_range | checksum=OK
[STREAM] N=16000000 threads=16 rep=3 batches=256 time=1.000 s | package=126.507 J | dram=NA | total=126.507 J | power=126.5 W | runtime=in_range | checksum=OK
[STREAM] N=16000000 threads=16 rep=4 batches=256 time=1.000 s | package=126.629 J | dram=NA | total=126.629 J | power=126.6 W | runtime=in_range | checksum=OK
[STREAM] N=16000000 threads=16 rep=5 batches=256 time=1.003 s | package=128.753 J | dram=NA | total=128.753 J | power=128.4 W | runtime=in_range | checksum=OK
[STREAM] N=16000000 threads=16 rep=6 batches=256 time=1.000 s | package=128.597 J | dram=NA | total=128.597 J | power=128.5 W | runtime=in_range | checksum=OK
[STREAM] N=16000000 threads=16 rep=7 batches=256 time=1.000 s | package=128.594 J | dram=NA | total=128.594 J | power=128.6 W | runtime=in_range | checksum=OK
[STREAM] N=16000000 threads=16 rep=8 batches=256 time=1.000 s | package=128.539 J | dram=NA | total=128.539 J | power=128.6 W | runtime=in_range | checksum=OK
[STREAM] N=16000000 threads=16 rep=9 batches=256 time=1.000 s | package=128.584 J | dram=NA | total=128.584 J | power=128.6 W | runtime=in_range | checksum=OK
[STREAM] N=16000000 threads=16 rep=10 batches=256 time=1.000 s | package=128.526 J | dram=NA | total=128.526 J | power=128.6 W | runtime=in_range | checksum=OK
[OpenMP] requested=32 active=32
[STREAM] N=1000000 threads=32 rep=1 batches=34640 time=1.006 s | package=179.212 J | dram=NA | total=179.212 J | power=178.1 W | runtime=in_range | checksum=OK
[STREAM] N=1000000 threads=32 rep=2 batches=34640 time=1.007 s | package=179.414 J | dram=NA | total=179.414 J | power=178.2 W | runtime=in_range | checksum=OK
[STREAM] N=1000000 threads=32 rep=3 batches=34640 time=1.009 s | package=179.955 J | dram=NA | total=179.955 J | power=178.3 W | runtime=in_range | checksum=OK
[STREAM] N=1000000 threads=32 rep=4 batches=34640 time=1.010 s | package=180.047 J | dram=NA | total=180.047 J | power=178.3 W | runtime=in_range | checksum=OK
[STREAM] N=1000000 threads=32 rep=5 batches=34640 time=1.014 s | package=180.299 J | dram=NA | total=180.299 J | power=177.8 W | runtime=in_range | checksum=OK
[STREAM] N=1000000 threads=32 rep=6 batches=34640 time=1.014 s | package=180.359 J | dram=NA | total=180.359 J | power=177.8 W | runtime=in_range | checksum=OK
[STREAM] N=1000000 threads=32 rep=7 batches=34640 time=1.018 s | package=180.960 J | dram=NA | total=180.960 J | power=177.7 W | runtime=in_range | checksum=OK
[STREAM] N=1000000 threads=32 rep=8 batches=34640 time=1.018 s | package=180.904 J | dram=NA | total=180.904 J | power=177.7 W | runtime=in_range | checksum=OK
[STREAM] N=1000000 threads=32 rep=9 batches=34640 time=1.021 s | package=181.143 J | dram=NA | total=181.143 J | power=177.4 W | runtime=in_range | checksum=OK
[STREAM] N=1000000 threads=32 rep=10 batches=34640 time=1.019 s | package=181.034 J | dram=NA | total=181.034 J | power=177.6 W | runtime=in_range | checksum=OK
[OpenMP] requested=4 active=4
[STREAM] N=1000000 threads=4 rep=1 batches=25992 time=0.999 s | package=123.732 J | dram=NA | total=123.732 J | power=123.9 W | runtime=in_range | checksum=OK
[STREAM] N=1000000 threads=4 rep=2 batches=25992 time=0.994 s | package=123.102 J | dram=NA | total=123.102 J | power=123.9 W | runtime=in_range | checksum=OK
[STREAM] N=1000000 threads=4 rep=3 batches=25992 time=0.969 s | package=120.374 J | dram=NA | total=120.374 J | power=124.2 W | runtime=in_range | checksum=OK
[STREAM] N=1000000 threads=4 rep=4 batches=25992 time=0.965 s | package=120.027 J | dram=NA | total=120.027 J | power=124.3 W | runtime=in_range | checksum=OK
[STREAM] N=1000000 threads=4 rep=5 batches=25992 time=0.963 s | package=119.982 J | dram=NA | total=119.982 J | power=124.5 W | runtime=in_range | checksum=OK
[STREAM] N=1000000 threads=4 rep=6 batches=25992 time=0.977 s | package=119.804 J | dram=NA | total=119.804 J | power=122.7 W | runtime=in_range | checksum=OK
[STREAM] N=1000000 threads=4 rep=7 batches=25992 time=0.984 s | package=119.596 J | dram=NA | total=119.596 J | power=121.5 W | runtime=in_range | checksum=OK
[STREAM] N=1000000 threads=4 rep=8 batches=25992 time=0.987 s | package=119.753 J | dram=NA | total=119.753 J | power=121.3 W | runtime=in_range | checksum=OK
[STREAM] N=1000000 threads=4 rep=9 batches=25992 time=0.968 s | package=118.411 J | dram=NA | total=118.411 J | power=122.3 W | runtime=in_range | checksum=OK
[STREAM] N=1000000 threads=4 rep=10 batches=25992 time=0.968 s | package=118.582 J | dram=NA | total=118.582 J | power=122.5 W | runtime=in_range | checksum=OK
[OpenMP] requested=2 active=2
[STREAM] N=128000000 threads=2 rep=1 batches=23 time=1.022 s | package=83.208 J | dram=NA | total=83.208 J | power=81.4 W | runtime=in_range | checksum=OK
[STREAM] N=128000000 threads=2 rep=2 batches=23 time=1.024 s | package=83.230 J | dram=NA | total=83.230 J | power=81.3 W | runtime=in_range | checksum=OK
[STREAM] N=128000000 threads=2 rep=3 batches=23 time=1.024 s | package=83.217 J | dram=NA | total=83.217 J | power=81.3 W | runtime=in_range | checksum=OK
[STREAM] N=128000000 threads=2 rep=4 batches=23 time=1.024 s | package=83.183 J | dram=NA | total=83.183 J | power=81.2 W | runtime=in_range | checksum=OK
[STREAM] N=128000000 threads=2 rep=5 batches=23 time=1.025 s | package=83.284 J | dram=NA | total=83.284 J | power=81.2 W | runtime=in_range | checksum=OK
[STREAM] N=128000000 threads=2 rep=6 batches=23 time=1.024 s | package=83.148 J | dram=NA | total=83.148 J | power=81.2 W | runtime=in_range | checksum=OK
[STREAM] N=128000000 threads=2 rep=7 batches=23 time=1.023 s | package=83.099 J | dram=NA | total=83.099 J | power=81.2 W | runtime=in_range | checksum=OK
[STREAM] N=128000000 threads=2 rep=8 batches=23 time=1.024 s | package=83.088 J | dram=NA | total=83.088 J | power=81.2 W | runtime=in_range | checksum=OK
[STREAM] N=128000000 threads=2 rep=9 batches=23 time=1.024 s | package=83.212 J | dram=NA | total=83.212 J | power=81.2 W | runtime=in_range | checksum=OK
[STREAM] N=128000000 threads=2 rep=10 batches=23 time=1.023 s | package=83.088 J | dram=NA | total=83.088 J | power=81.2 W | runtime=in_range | checksum=OK
[OpenMP] requested=1 active=1
[STREAM] N=1000000 threads=1 rep=1 batches=5437 time=0.999 s | package=72.316 J | dram=NA | total=72.316 J | power=72.4 W | runtime=in_range | checksum=OK
[STREAM] N=1000000 threads=1 rep=2 batches=5437 time=1.002 s | package=72.512 J | dram=NA | total=72.512 J | power=72.3 W | runtime=in_range | checksum=OK
[STREAM] N=1000000 threads=1 rep=3 batches=5437 time=0.994 s | package=71.994 J | dram=NA | total=71.994 J | power=72.4 W | runtime=in_range | checksum=OK
[STREAM] N=1000000 threads=1 rep=4 batches=5437 time=0.995 s | package=72.047 J | dram=NA | total=72.047 J | power=72.4 W | runtime=in_range | checksum=OK
[STREAM] N=1000000 threads=1 rep=5 batches=5437 time=0.990 s | package=71.794 J | dram=NA | total=71.794 J | power=72.5 W | runtime=in_range | checksum=OK
[STREAM] N=1000000 threads=1 rep=6 batches=5437 time=0.985 s | package=71.342 J | dram=NA | total=71.342 J | power=72.4 W | runtime=in_range | checksum=OK
[STREAM] N=1000000 threads=1 rep=7 batches=5437 time=0.986 s | package=71.503 J | dram=NA | total=71.503 J | power=72.5 W | runtime=in_range | checksum=OK
[STREAM] N=1000000 threads=1 rep=8 batches=5437 time=0.983 s | package=71.188 J | dram=NA | total=71.188 J | power=72.4 W | runtime=in_range | checksum=OK
[STREAM] N=1000000 threads=1 rep=9 batches=5437 time=0.980 s | package=71.020 J | dram=NA | total=71.020 J | power=72.5 W | runtime=in_range | checksum=OK
[STREAM] N=1000000 threads=1 rep=10 batches=5437 time=0.975 s | package=70.728 J | dram=NA | total=70.728 J | power=72.6 W | runtime=in_range | checksum=OK
[OpenMP] requested=2 active=2
[STREAM] N=64000000 threads=2 rep=1 batches=45 time=1.018 s | package=82.515 J | dram=NA | total=82.515 J | power=81.0 W | runtime=in_range | checksum=OK
[STREAM] N=64000000 threads=2 rep=2 batches=45 time=1.020 s | package=82.074 J | dram=NA | total=82.074 J | power=80.5 W | runtime=in_range | checksum=OK
[STREAM] N=64000000 threads=2 rep=3 batches=45 time=1.017 s | package=81.899 J | dram=NA | total=81.899 J | power=80.5 W | runtime=in_range | checksum=OK
[STREAM] N=64000000 threads=2 rep=4 batches=45 time=1.020 s | package=82.098 J | dram=NA | total=82.098 J | power=80.5 W | runtime=in_range | checksum=OK
[STREAM] N=64000000 threads=2 rep=5 batches=45 time=1.019 s | package=82.033 J | dram=NA | total=82.033 J | power=80.5 W | runtime=in_range | checksum=OK
[STREAM] N=64000000 threads=2 rep=6 batches=45 time=1.019 s | package=82.069 J | dram=NA | total=82.069 J | power=80.6 W | runtime=in_range | checksum=OK
[STREAM] N=64000000 threads=2 rep=7 batches=45 time=1.020 s | package=82.156 J | dram=NA | total=82.156 J | power=80.6 W | runtime=in_range | checksum=OK
[STREAM] N=64000000 threads=2 rep=8 batches=45 time=1.018 s | package=82.000 J | dram=NA | total=82.000 J | power=80.5 W | runtime=in_range | checksum=OK
[STREAM] N=64000000 threads=2 rep=9 batches=45 time=1.018 s | package=81.990 J | dram=NA | total=81.990 J | power=80.5 W | runtime=in_range | checksum=OK
[STREAM] N=64000000 threads=2 rep=10 batches=45 time=1.020 s | package=82.147 J | dram=NA | total=82.147 J | power=80.6 W | runtime=in_range | checksum=OK
[OpenMP] requested=20 active=20
[STREAM] N=128000000 threads=20 rep=1 batches=24 time=1.022 s | package=124.739 J | dram=NA | total=124.739 J | power=122.0 W | runtime=in_range | checksum=OK
[STREAM] N=128000000 threads=20 rep=2 batches=24 time=1.023 s | package=124.761 J | dram=NA | total=124.761 J | power=122.0 W | runtime=in_range | checksum=OK
[STREAM] N=128000000 threads=20 rep=3 batches=24 time=1.024 s | package=124.947 J | dram=NA | total=124.947 J | power=122.1 W | runtime=in_range | checksum=OK
[STREAM] N=128000000 threads=20 rep=4 batches=24 time=1.023 s | package=124.925 J | dram=NA | total=124.925 J | power=122.1 W | runtime=in_range | checksum=OK
[STREAM] N=128000000 threads=20 rep=5 batches=24 time=1.023 s | package=125.102 J | dram=NA | total=125.102 J | power=122.3 W | runtime=in_range | checksum=OK
[STREAM] N=128000000 threads=20 rep=6 batches=24 time=1.023 s | package=125.060 J | dram=NA | total=125.060 J | power=122.2 W | runtime=in_range | checksum=OK
[STREAM] N=128000000 threads=20 rep=7 batches=24 time=1.023 s | package=125.039 J | dram=NA | total=125.039 J | power=122.2 W | runtime=in_range | checksum=OK
[STREAM] N=128000000 threads=20 rep=8 batches=24 time=1.023 s | package=125.119 J | dram=NA | total=125.119 J | power=122.3 W | runtime=in_range | checksum=OK
[STREAM] N=128000000 threads=20 rep=9 batches=24 time=1.023 s | package=125.046 J | dram=NA | total=125.046 J | power=122.3 W | runtime=in_range | checksum=OK
[STREAM] N=128000000 threads=20 rep=10 batches=24 time=1.023 s | package=125.103 J | dram=NA | total=125.103 J | power=122.3 W | runtime=in_range | checksum=OK
[OpenMP] requested=32 active=32
[STREAM] N=128000000 threads=32 rep=1 batches=26 time=1.011 s | package=154.926 J | dram=NA | total=154.926 J | power=153.3 W | runtime=in_range | checksum=OK
[STREAM] N=128000000 threads=32 rep=2 batches=26 time=1.011 s | package=155.022 J | dram=NA | total=155.022 J | power=153.3 W | runtime=in_range | checksum=OK
[STREAM] N=128000000 threads=32 rep=3 batches=26 time=1.011 s | package=154.993 J | dram=NA | total=154.993 J | power=153.4 W | runtime=in_range | checksum=OK
[STREAM] N=128000000 threads=32 rep=4 batches=26 time=1.011 s | package=154.954 J | dram=NA | total=154.954 J | power=153.3 W | runtime=in_range | checksum=OK
[STREAM] N=128000000 threads=32 rep=5 batches=26 time=1.011 s | package=154.894 J | dram=NA | total=154.894 J | power=153.2 W | runtime=in_range | checksum=OK
[STREAM] N=128000000 threads=32 rep=6 batches=26 time=1.011 s | package=154.884 J | dram=NA | total=154.884 J | power=153.2 W | runtime=in_range | checksum=OK
[STREAM] N=128000000 threads=32 rep=7 batches=26 time=1.011 s | package=154.849 J | dram=NA | total=154.849 J | power=153.2 W | runtime=in_range | checksum=OK
[STREAM] N=128000000 threads=32 rep=8 batches=26 time=1.011 s | package=154.900 J | dram=NA | total=154.900 J | power=153.2 W | runtime=in_range | checksum=OK
[STREAM] N=128000000 threads=32 rep=9 batches=26 time=1.011 s | package=155.030 J | dram=NA | total=155.030 J | power=153.3 W | runtime=in_range | checksum=OK
[STREAM] N=128000000 threads=32 rep=10 batches=26 time=1.011 s | package=154.961 J | dram=NA | total=154.961 J | power=153.3 W | runtime=in_range | checksum=OK
[OpenMP] requested=4 active=4
[STREAM] N=256000000 threads=4 rep=1 batches=14 time=1.027 s | package=96.350 J | dram=NA | total=96.350 J | power=93.8 W | runtime=in_range | checksum=OK
[STREAM] N=256000000 threads=4 rep=2 batches=14 time=1.028 s | package=95.482 J | dram=NA | total=95.482 J | power=92.9 W | runtime=in_range | checksum=OK
[STREAM] N=256000000 threads=4 rep=3 batches=14 time=1.029 s | package=95.543 J | dram=NA | total=95.543 J | power=92.9 W | runtime=in_range | checksum=OK
[STREAM] N=256000000 threads=4 rep=4 batches=14 time=1.028 s | package=95.444 J | dram=NA | total=95.444 J | power=92.9 W | runtime=in_range | checksum=OK
[STREAM] N=256000000 threads=4 rep=5 batches=14 time=1.027 s | package=95.224 J | dram=NA | total=95.224 J | power=92.7 W | runtime=in_range | checksum=OK
[STREAM] N=256000000 threads=4 rep=6 batches=14 time=1.029 s | package=95.558 J | dram=NA | total=95.558 J | power=92.9 W | runtime=in_range | checksum=OK
[STREAM] N=256000000 threads=4 rep=7 batches=14 time=1.028 s | package=95.395 J | dram=NA | total=95.395 J | power=92.8 W | runtime=in_range | checksum=OK
[STREAM] N=256000000 threads=4 rep=8 batches=14 time=1.027 s | package=95.114 J | dram=NA | total=95.114 J | power=92.6 W | runtime=in_range | checksum=OK
[STREAM] N=256000000 threads=4 rep=9 batches=14 time=1.028 s | package=95.230 J | dram=NA | total=95.230 J | power=92.7 W | runtime=in_range | checksum=OK
[STREAM] N=256000000 threads=4 rep=10 batches=14 time=1.027 s | package=95.162 J | dram=NA | total=95.162 J | power=92.6 W | runtime=in_range | checksum=OK
[OpenMP] requested=20 active=20
[STREAM] N=2000000 threads=20 rep=1 batches=34123 time=1.031 s | package=234.585 J | dram=NA | total=234.585 J | power=227.5 W | runtime=in_range | checksum=OK
[STREAM] N=2000000 threads=20 rep=2 batches=34123 time=1.022 s | package=232.822 J | dram=NA | total=232.822 J | power=227.8 W | runtime=in_range | checksum=OK
[STREAM] N=2000000 threads=20 rep=3 batches=34123 time=1.018 s | package=232.785 J | dram=NA | total=232.785 J | power=228.6 W | runtime=in_range | checksum=OK
[STREAM] N=2000000 threads=20 rep=4 batches=34123 time=1.040 s | package=235.978 J | dram=NA | total=235.978 J | power=226.8 W | runtime=in_range | checksum=OK
[STREAM] N=2000000 threads=20 rep=5 batches=34123 time=1.022 s | package=232.637 J | dram=NA | total=232.637 J | power=227.7 W | runtime=in_range | checksum=OK
[STREAM] N=2000000 threads=20 rep=6 batches=34123 time=1.025 s | package=233.338 J | dram=NA | total=233.338 J | power=227.7 W | runtime=in_range | checksum=OK
[STREAM] N=2000000 threads=20 rep=7 batches=34123 time=1.035 s | package=234.686 J | dram=NA | total=234.686 J | power=226.7 W | runtime=in_range | checksum=OK
[STREAM] N=2000000 threads=20 rep=8 batches=34123 time=1.040 s | package=235.260 J | dram=NA | total=235.260 J | power=226.3 W | runtime=in_range | checksum=OK
[STREAM] N=2000000 threads=20 rep=9 batches=34123 time=1.033 s | package=234.622 J | dram=NA | total=234.622 J | power=227.2 W | runtime=in_range | checksum=OK
[STREAM] N=2000000 threads=20 rep=10 batches=34123 time=1.031 s | package=234.738 J | dram=NA | total=234.738 J | power=227.7 W | runtime=in_range | checksum=OK
[OpenMP] requested=16 active=16
[STREAM] N=256000000 threads=16 rep=1 batches=14 time=1.064 s | package=136.964 J | dram=NA | total=136.964 J | power=128.7 W | runtime=in_range | checksum=OK
[STREAM] N=256000000 threads=16 rep=2 batches=14 time=1.065 s | package=136.607 J | dram=NA | total=136.607 J | power=128.3 W | runtime=in_range | checksum=OK
[STREAM] N=256000000 threads=16 rep=3 batches=14 time=1.065 s | package=136.640 J | dram=NA | total=136.640 J | power=128.4 W | runtime=in_range | checksum=OK
[STREAM] N=256000000 threads=16 rep=4 batches=14 time=1.065 s | package=136.280 J | dram=NA | total=136.280 J | power=128.0 W | runtime=in_range | checksum=OK
[STREAM] N=256000000 threads=16 rep=5 batches=14 time=1.064 s | package=136.560 J | dram=NA | total=136.560 J | power=128.3 W | runtime=in_range | checksum=OK
[STREAM] N=256000000 threads=16 rep=6 batches=14 time=1.063 s | package=136.897 J | dram=NA | total=136.897 J | power=128.7 W | runtime=in_range | checksum=OK
[STREAM] N=256000000 threads=16 rep=7 batches=14 time=1.064 s | package=136.972 J | dram=NA | total=136.972 J | power=128.8 W | runtime=in_range | checksum=OK
[STREAM] N=256000000 threads=16 rep=8 batches=14 time=1.064 s | package=136.939 J | dram=NA | total=136.939 J | power=128.7 W | runtime=in_range | checksum=OK
[STREAM] N=256000000 threads=16 rep=9 batches=14 time=1.063 s | package=136.846 J | dram=NA | total=136.846 J | power=128.7 W | runtime=in_range | checksum=OK
[STREAM] N=256000000 threads=16 rep=10 batches=14 time=1.063 s | package=137.037 J | dram=NA | total=137.037 J | power=128.9 W | runtime=in_range | checksum=OK
[OpenMP] requested=32 active=32
[STREAM] N=32000000 threads=32 rep=1 batches=102 time=1.003 s | package=153.675 J | dram=NA | total=153.675 J | power=153.1 W | runtime=in_range | checksum=OK
[STREAM] N=32000000 threads=32 rep=2 batches=102 time=1.004 s | package=153.665 J | dram=NA | total=153.665 J | power=153.1 W | runtime=in_range | checksum=OK
[STREAM] N=32000000 threads=32 rep=3 batches=102 time=1.004 s | package=153.789 J | dram=NA | total=153.789 J | power=153.3 W | runtime=in_range | checksum=OK
[STREAM] N=32000000 threads=32 rep=4 batches=102 time=1.004 s | package=153.766 J | dram=NA | total=153.766 J | power=153.2 W | runtime=in_range | checksum=OK
[STREAM] N=32000000 threads=32 rep=5 batches=102 time=1.003 s | package=153.844 J | dram=NA | total=153.844 J | power=153.3 W | runtime=in_range | checksum=OK
[STREAM] N=32000000 threads=32 rep=6 batches=102 time=1.003 s | package=153.595 J | dram=NA | total=153.595 J | power=153.1 W | runtime=in_range | checksum=OK
[STREAM] N=32000000 threads=32 rep=7 batches=102 time=1.004 s | package=153.619 J | dram=NA | total=153.619 J | power=153.1 W | runtime=in_range | checksum=OK
[STREAM] N=32000000 threads=32 rep=8 batches=102 time=1.004 s | package=154.020 J | dram=NA | total=154.020 J | power=153.4 W | runtime=in_range | checksum=OK
[STREAM] N=32000000 threads=32 rep=9 batches=102 time=1.004 s | package=153.672 J | dram=NA | total=153.672 J | power=153.1 W | runtime=in_range | checksum=OK
[STREAM] N=32000000 threads=32 rep=10 batches=102 time=1.003 s | package=154.034 J | dram=NA | total=154.034 J | power=153.5 W | runtime=in_range | checksum=OK
[OpenMP] requested=8 active=8
[STREAM] N=32000000 threads=8 rep=1 batches=105 time=1.004 s | package=126.153 J | dram=NA | total=126.153 J | power=125.6 W | runtime=in_range | checksum=OK
[STREAM] N=32000000 threads=8 rep=2 batches=105 time=1.005 s | package=126.271 J | dram=NA | total=126.271 J | power=125.7 W | runtime=in_range | checksum=OK
[STREAM] N=32000000 threads=8 rep=3 batches=105 time=1.004 s | package=126.091 J | dram=NA | total=126.091 J | power=125.6 W | runtime=in_range | checksum=OK
[STREAM] N=32000000 threads=8 rep=4 batches=105 time=1.005 s | package=126.053 J | dram=NA | total=126.053 J | power=125.4 W | runtime=in_range | checksum=OK
[STREAM] N=32000000 threads=8 rep=5 batches=105 time=1.005 s | package=125.957 J | dram=NA | total=125.957 J | power=125.3 W | runtime=in_range | checksum=OK
[STREAM] N=32000000 threads=8 rep=6 batches=105 time=1.004 s | package=125.797 J | dram=NA | total=125.797 J | power=125.2 W | runtime=in_range | checksum=OK
[STREAM] N=32000000 threads=8 rep=7 batches=105 time=1.005 s | package=125.846 J | dram=NA | total=125.846 J | power=125.2 W | runtime=in_range | checksum=OK
[STREAM] N=32000000 threads=8 rep=8 batches=105 time=1.006 s | package=126.096 J | dram=NA | total=126.096 J | power=125.4 W | runtime=in_range | checksum=OK
[STREAM] N=32000000 threads=8 rep=9 batches=105 time=1.004 s | package=125.851 J | dram=NA | total=125.851 J | power=125.3 W | runtime=in_range | checksum=OK
[STREAM] N=32000000 threads=8 rep=10 batches=105 time=1.006 s | package=125.912 J | dram=NA | total=125.912 J | power=125.2 W | runtime=in_range | checksum=OK
[OpenMP] requested=64 active=64
[STREAM] N=4000000 threads=64 rep=1 batches=15155 time=1.001 s | package=240.927 J | dram=NA | total=240.927 J | power=240.8 W | runtime=in_range | checksum=OK
[STREAM] N=4000000 threads=64 rep=2 batches=15155 time=1.002 s | package=241.312 J | dram=NA | total=241.312 J | power=240.9 W | runtime=in_range | checksum=OK
[STREAM] N=4000000 threads=64 rep=3 batches=15155 time=1.003 s | package=241.730 J | dram=NA | total=241.730 J | power=241.0 W | runtime=in_range | checksum=OK
[STREAM] N=4000000 threads=64 rep=4 batches=15155 time=1.005 s | package=241.965 J | dram=NA | total=241.965 J | power=240.8 W | runtime=in_range | checksum=OK
[STREAM] N=4000000 threads=64 rep=5 batches=15155 time=1.007 s | package=242.158 J | dram=NA | total=242.158 J | power=240.4 W | runtime=in_range | checksum=OK
[STREAM] N=4000000 threads=64 rep=6 batches=15155 time=1.006 s | package=242.560 J | dram=NA | total=242.560 J | power=241.2 W | runtime=in_range | checksum=OK
[STREAM] N=4000000 threads=64 rep=7 batches=15155 time=1.005 s | package=242.578 J | dram=NA | total=242.578 J | power=241.4 W | runtime=in_range | checksum=OK
[STREAM] N=4000000 threads=64 rep=8 batches=15155 time=1.005 s | package=242.476 J | dram=NA | total=242.476 J | power=241.2 W | runtime=in_range | checksum=OK
[STREAM] N=4000000 threads=64 rep=9 batches=15155 time=1.006 s | package=242.628 J | dram=NA | total=242.628 J | power=241.2 W | runtime=in_range | checksum=OK
[STREAM] N=4000000 threads=64 rep=10 batches=15155 time=1.004 s | package=242.468 J | dram=NA | total=242.468 J | power=241.5 W | runtime=in_range | checksum=OK
[OpenMP] requested=4 active=4
[STREAM] N=8000000 threads=4 rep=1 batches=512 time=1.001 s | package=97.619 J | dram=NA | total=97.619 J | power=97.6 W | runtime=in_range | checksum=OK
[STREAM] N=8000000 threads=4 rep=2 batches=512 time=1.002 s | package=96.952 J | dram=NA | total=96.952 J | power=96.7 W | runtime=in_range | checksum=OK
[STREAM] N=8000000 threads=4 rep=3 batches=512 time=1.000 s | package=96.459 J | dram=NA | total=96.459 J | power=96.5 W | runtime=in_range | checksum=OK
[STREAM] N=8000000 threads=4 rep=4 batches=512 time=1.002 s | package=96.366 J | dram=NA | total=96.366 J | power=96.2 W | runtime=in_range | checksum=OK
[STREAM] N=8000000 threads=4 rep=5 batches=512 time=1.000 s | package=96.135 J | dram=NA | total=96.135 J | power=96.1 W | runtime=in_range | checksum=OK
[STREAM] N=8000000 threads=4 rep=6 batches=512 time=1.002 s | package=96.026 J | dram=NA | total=96.026 J | power=95.8 W | runtime=in_range | checksum=OK
[STREAM] N=8000000 threads=4 rep=7 batches=512 time=0.999 s | package=95.732 J | dram=NA | total=95.732 J | power=95.8 W | runtime=in_range | checksum=OK
[STREAM] N=8000000 threads=4 rep=8 batches=512 time=1.000 s | package=95.833 J | dram=NA | total=95.833 J | power=95.8 W | runtime=in_range | checksum=OK
[STREAM] N=8000000 threads=4 rep=9 batches=512 time=1.001 s | package=95.784 J | dram=NA | total=95.784 J | power=95.7 W | runtime=in_range | checksum=OK
[STREAM] N=8000000 threads=4 rep=10 batches=512 time=1.003 s | package=95.820 J | dram=NA | total=95.820 J | power=95.5 W | runtime=in_range | checksum=OK
[OpenMP] requested=1 active=1
[STREAM] N=32000000 threads=1 rep=1 batches=56 time=1.026 s | package=77.317 J | dram=NA | total=77.317 J | power=75.4 W | runtime=in_range | checksum=OK
[STREAM] N=32000000 threads=1 rep=2 batches=56 time=1.020 s | package=76.827 J | dram=NA | total=76.827 J | power=75.3 W | runtime=in_range | checksum=OK
[STREAM] N=32000000 threads=1 rep=3 batches=56 time=1.026 s | package=77.177 J | dram=NA | total=77.177 J | power=75.3 W | runtime=in_range | checksum=OK
[STREAM] N=32000000 threads=1 rep=4 batches=56 time=1.021 s | package=76.759 J | dram=NA | total=76.759 J | power=75.2 W | runtime=in_range | checksum=OK
[STREAM] N=32000000 threads=1 rep=5 batches=56 time=1.021 s | package=76.736 J | dram=NA | total=76.736 J | power=75.1 W | runtime=in_range | checksum=OK
[STREAM] N=32000000 threads=1 rep=6 batches=56 time=1.021 s | package=76.730 J | dram=NA | total=76.730 J | power=75.1 W | runtime=in_range | checksum=OK
[STREAM] N=32000000 threads=1 rep=7 batches=56 time=1.028 s | package=77.050 J | dram=NA | total=77.050 J | power=75.0 W | runtime=in_range | checksum=OK
[STREAM] N=32000000 threads=1 rep=8 batches=56 time=1.023 s | package=76.663 J | dram=NA | total=76.663 J | power=75.0 W | runtime=in_range | checksum=OK
[STREAM] N=32000000 threads=1 rep=9 batches=56 time=1.022 s | package=76.664 J | dram=NA | total=76.664 J | power=75.0 W | runtime=in_range | checksum=OK
[STREAM] N=32000000 threads=1 rep=10 batches=56 time=1.019 s | package=76.509 J | dram=NA | total=76.509 J | power=75.1 W | runtime=in_range | checksum=OK
[OpenMP] requested=4 active=4
[STREAM] N=64000000 threads=4 rep=1 batches=54 time=1.015 s | package=93.130 J | dram=NA | total=93.130 J | power=91.7 W | runtime=in_range | checksum=OK
[STREAM] N=64000000 threads=4 rep=2 batches=54 time=1.016 s | package=93.276 J | dram=NA | total=93.276 J | power=91.8 W | runtime=in_range | checksum=OK
[STREAM] N=64000000 threads=4 rep=3 batches=54 time=1.016 s | package=93.296 J | dram=NA | total=93.296 J | power=91.8 W | runtime=in_range | checksum=OK
[STREAM] N=64000000 threads=4 rep=4 batches=54 time=1.015 s | package=93.302 J | dram=NA | total=93.302 J | power=92.0 W | runtime=in_range | checksum=OK
[STREAM] N=64000000 threads=4 rep=5 batches=54 time=1.014 s | package=93.264 J | dram=NA | total=93.264 J | power=92.0 W | runtime=in_range | checksum=OK
[STREAM] N=64000000 threads=4 rep=6 batches=54 time=1.016 s | package=93.431 J | dram=NA | total=93.431 J | power=92.0 W | runtime=in_range | checksum=OK
[STREAM] N=64000000 threads=4 rep=7 batches=54 time=1.016 s | package=93.403 J | dram=NA | total=93.403 J | power=92.0 W | runtime=in_range | checksum=OK
[STREAM] N=64000000 threads=4 rep=8 batches=54 time=1.015 s | package=93.360 J | dram=NA | total=93.360 J | power=91.9 W | runtime=in_range | checksum=OK
[STREAM] N=64000000 threads=4 rep=9 batches=54 time=1.017 s | package=93.434 J | dram=NA | total=93.434 J | power=91.9 W | runtime=in_range | checksum=OK
[STREAM] N=64000000 threads=4 rep=10 batches=54 time=1.015 s | package=93.609 J | dram=NA | total=93.609 J | power=92.2 W | runtime=in_range | checksum=OK
[OpenMP] requested=64 active=64
[STREAM] N=256000000 threads=64 rep=1 batches=13 time=1.020 s | package=162.138 J | dram=NA | total=162.138 J | power=159.0 W | runtime=in_range | checksum=OK
[STREAM] N=256000000 threads=64 rep=2 batches=13 time=1.021 s | package=162.339 J | dram=NA | total=162.339 J | power=159.1 W | runtime=in_range | checksum=OK
[STREAM] N=256000000 threads=64 rep=3 batches=13 time=1.021 s | package=162.100 J | dram=NA | total=162.100 J | power=158.8 W | runtime=in_range | checksum=OK
[STREAM] N=256000000 threads=64 rep=4 batches=13 time=1.021 s | package=162.302 J | dram=NA | total=162.302 J | power=159.0 W | runtime=in_range | checksum=OK
[STREAM] N=256000000 threads=64 rep=5 batches=13 time=1.021 s | package=162.242 J | dram=NA | total=162.242 J | power=159.0 W | runtime=in_range | checksum=OK
[STREAM] N=256000000 threads=64 rep=6 batches=13 time=1.021 s | package=162.414 J | dram=NA | total=162.414 J | power=159.1 W | runtime=in_range | checksum=OK
[STREAM] N=256000000 threads=64 rep=7 batches=13 time=1.022 s | package=162.535 J | dram=NA | total=162.535 J | power=159.1 W | runtime=in_range | checksum=OK
[STREAM] N=256000000 threads=64 rep=8 batches=13 time=1.021 s | package=162.547 J | dram=NA | total=162.547 J | power=159.2 W | runtime=in_range | checksum=OK
[STREAM] N=256000000 threads=64 rep=9 batches=13 time=1.020 s | package=162.657 J | dram=NA | total=162.657 J | power=159.4 W | runtime=in_range | checksum=OK
[STREAM] N=256000000 threads=64 rep=10 batches=13 time=1.020 s | package=162.722 J | dram=NA | total=162.722 J | power=159.5 W | runtime=in_range | checksum=OK
[OpenMP] requested=16 active=16
[STREAM] N=2000000 threads=16 rep=1 batches=32155 time=1.000 s | package=217.867 J | dram=NA | total=217.867 J | power=217.8 W | runtime=in_range | checksum=OK
[STREAM] N=2000000 threads=16 rep=2 batches=32155 time=0.976 s | package=214.553 J | dram=NA | total=214.553 J | power=219.8 W | runtime=in_range | checksum=OK
[STREAM] N=2000000 threads=16 rep=3 batches=32155 time=0.984 s | package=215.685 J | dram=NA | total=215.685 J | power=219.2 W | runtime=in_range | checksum=OK
[STREAM] N=2000000 threads=16 rep=4 batches=32155 time=0.990 s | package=216.928 J | dram=NA | total=216.928 J | power=219.2 W | runtime=in_range | checksum=OK
[STREAM] N=2000000 threads=16 rep=5 batches=32155 time=0.982 s | package=215.481 J | dram=NA | total=215.481 J | power=219.4 W | runtime=in_range | checksum=OK
[STREAM] N=2000000 threads=16 rep=6 batches=32155 time=0.979 s | package=214.876 J | dram=NA | total=214.876 J | power=219.6 W | runtime=in_range | checksum=OK
[STREAM] N=2000000 threads=16 rep=7 batches=32155 time=0.983 s | package=215.536 J | dram=NA | total=215.536 J | power=219.3 W | runtime=in_range | checksum=OK
[STREAM] N=2000000 threads=16 rep=8 batches=32155 time=0.987 s | package=216.376 J | dram=NA | total=216.376 J | power=219.2 W | runtime=in_range | checksum=OK
[STREAM] N=2000000 threads=16 rep=9 batches=32155 time=0.997 s | package=217.828 J | dram=NA | total=217.828 J | power=218.5 W | runtime=in_range | checksum=OK
[STREAM] N=2000000 threads=16 rep=10 batches=32155 time=0.984 s | package=215.834 J | dram=NA | total=215.834 J | power=219.4 W | runtime=in_range | checksum=OK
[OpenMP] requested=8 active=8
[STREAM] N=16000000 threads=8 rep=1 batches=253 time=0.999 s | package=110.202 J | dram=NA | total=110.202 J | power=110.3 W | runtime=in_range | checksum=OK
[STREAM] N=16000000 threads=8 rep=2 batches=253 time=1.002 s | package=110.027 J | dram=NA | total=110.027 J | power=109.8 W | runtime=in_range | checksum=OK
[STREAM] N=16000000 threads=8 rep=3 batches=253 time=1.000 s | package=109.717 J | dram=NA | total=109.717 J | power=109.7 W | runtime=in_range | checksum=OK
[STREAM] N=16000000 threads=8 rep=4 batches=253 time=1.000 s | package=109.933 J | dram=NA | total=109.933 J | power=109.9 W | runtime=in_range | checksum=OK
[STREAM] N=16000000 threads=8 rep=5 batches=253 time=1.001 s | package=109.827 J | dram=NA | total=109.827 J | power=109.7 W | runtime=in_range | checksum=OK
[STREAM] N=16000000 threads=8 rep=6 batches=253 time=1.000 s | package=109.665 J | dram=NA | total=109.665 J | power=109.7 W | runtime=in_range | checksum=OK
[STREAM] N=16000000 threads=8 rep=7 batches=253 time=1.000 s | package=109.591 J | dram=NA | total=109.591 J | power=109.6 W | runtime=in_range | checksum=OK
[STREAM] N=16000000 threads=8 rep=8 batches=253 time=1.000 s | package=109.540 J | dram=NA | total=109.540 J | power=109.5 W | runtime=in_range | checksum=OK
[STREAM] N=16000000 threads=8 rep=9 batches=253 time=1.000 s | package=109.562 J | dram=NA | total=109.562 J | power=109.6 W | runtime=in_range | checksum=OK
[STREAM] N=16000000 threads=8 rep=10 batches=253 time=0.999 s | package=110.044 J | dram=NA | total=110.044 J | power=110.2 W | runtime=in_range | checksum=OK
[OpenMP] requested=2 active=2
[STREAM] N=256000000 threads=2 rep=1 batches=12 time=1.055 s | package=88.549 J | dram=NA | total=88.549 J | power=83.9 W | runtime=in_range | checksum=OK
[STREAM] N=256000000 threads=2 rep=2 batches=12 time=1.056 s | package=87.539 J | dram=NA | total=87.539 J | power=82.9 W | runtime=in_range | checksum=OK
[STREAM] N=256000000 threads=2 rep=3 batches=12 time=1.057 s | package=87.135 J | dram=NA | total=87.135 J | power=82.5 W | runtime=in_range | checksum=OK
[STREAM] N=256000000 threads=2 rep=4 batches=12 time=1.058 s | package=87.143 J | dram=NA | total=87.143 J | power=82.4 W | runtime=in_range | checksum=OK
[STREAM] N=256000000 threads=2 rep=5 batches=12 time=1.057 s | package=87.111 J | dram=NA | total=87.111 J | power=82.4 W | runtime=in_range | checksum=OK
[STREAM] N=256000000 threads=2 rep=6 batches=12 time=1.057 s | package=87.041 J | dram=NA | total=87.041 J | power=82.4 W | runtime=in_range | checksum=OK
[STREAM] N=256000000 threads=2 rep=7 batches=12 time=1.057 s | package=86.980 J | dram=NA | total=86.980 J | power=82.3 W | runtime=in_range | checksum=OK
[STREAM] N=256000000 threads=2 rep=8 batches=12 time=1.057 s | package=86.932 J | dram=NA | total=86.932 J | power=82.2 W | runtime=in_range | checksum=OK
[STREAM] N=256000000 threads=2 rep=9 batches=12 time=1.059 s | package=87.042 J | dram=NA | total=87.042 J | power=82.2 W | runtime=in_range | checksum=OK
[STREAM] N=256000000 threads=2 rep=10 batches=12 time=1.056 s | package=86.858 J | dram=NA | total=86.858 J | power=82.3 W | runtime=in_range | checksum=OK
[OpenMP] requested=8 active=8
[STREAM] N=64000000 threads=8 rep=1 batches=53 time=1.004 s | package=101.687 J | dram=NA | total=101.687 J | power=101.3 W | runtime=in_range | checksum=OK
[STREAM] N=64000000 threads=8 rep=2 batches=53 time=1.004 s | package=101.791 J | dram=NA | total=101.791 J | power=101.4 W | runtime=in_range | checksum=OK
[STREAM] N=64000000 threads=8 rep=3 batches=53 time=1.004 s | package=101.868 J | dram=NA | total=101.868 J | power=101.5 W | runtime=in_range | checksum=OK
[STREAM] N=64000000 threads=8 rep=4 batches=53 time=1.004 s | package=102.013 J | dram=NA | total=102.013 J | power=101.6 W | runtime=in_range | checksum=OK
[STREAM] N=64000000 threads=8 rep=5 batches=53 time=1.004 s | package=102.013 J | dram=NA | total=102.013 J | power=101.6 W | runtime=in_range | checksum=OK
[STREAM] N=64000000 threads=8 rep=6 batches=53 time=1.004 s | package=102.005 J | dram=NA | total=102.005 J | power=101.6 W | runtime=in_range | checksum=OK
[STREAM] N=64000000 threads=8 rep=7 batches=53 time=1.005 s | package=102.038 J | dram=NA | total=102.038 J | power=101.6 W | runtime=in_range | checksum=OK
[STREAM] N=64000000 threads=8 rep=8 batches=53 time=1.004 s | package=102.166 J | dram=NA | total=102.166 J | power=101.7 W | runtime=in_range | checksum=OK
[STREAM] N=64000000 threads=8 rep=9 batches=53 time=1.004 s | package=102.045 J | dram=NA | total=102.045 J | power=101.6 W | runtime=in_range | checksum=OK
[STREAM] N=64000000 threads=8 rep=10 batches=53 time=1.004 s | package=102.210 J | dram=NA | total=102.210 J | power=101.8 W | runtime=in_range | checksum=OK
[OpenMP] requested=32 active=32
[STREAM] N=256000000 threads=32 rep=1 batches=13 time=1.006 s | package=154.075 J | dram=NA | total=154.075 J | power=153.2 W | runtime=in_range | checksum=OK
[STREAM] N=256000000 threads=32 rep=2 batches=13 time=1.006 s | package=154.377 J | dram=NA | total=154.377 J | power=153.5 W | runtime=in_range | checksum=OK
[STREAM] N=256000000 threads=32 rep=3 batches=13 time=1.006 s | package=154.562 J | dram=NA | total=154.562 J | power=153.6 W | runtime=in_range | checksum=OK
[STREAM] N=256000000 threads=32 rep=4 batches=13 time=1.006 s | package=154.351 J | dram=NA | total=154.351 J | power=153.5 W | runtime=in_range | checksum=OK
[STREAM] N=256000000 threads=32 rep=5 batches=13 time=1.005 s | package=154.400 J | dram=NA | total=154.400 J | power=153.6 W | runtime=in_range | checksum=OK
[STREAM] N=256000000 threads=32 rep=6 batches=13 time=1.006 s | package=154.515 J | dram=NA | total=154.515 J | power=153.5 W | runtime=in_range | checksum=OK
[STREAM] N=256000000 threads=32 rep=7 batches=13 time=1.006 s | package=154.349 J | dram=NA | total=154.349 J | power=153.4 W | runtime=in_range | checksum=OK
[STREAM] N=256000000 threads=32 rep=8 batches=13 time=1.006 s | package=154.511 J | dram=NA | total=154.511 J | power=153.6 W | runtime=in_range | checksum=OK
[STREAM] N=256000000 threads=32 rep=9 batches=13 time=1.006 s | package=154.370 J | dram=NA | total=154.370 J | power=153.4 W | runtime=in_range | checksum=OK
[STREAM] N=256000000 threads=32 rep=10 batches=13 time=1.006 s | package=154.520 J | dram=NA | total=154.520 J | power=153.6 W | runtime=in_range | checksum=OK
[OpenMP] requested=10 active=10
[STREAM] N=4000000 threads=10 rep=1 batches=15907 time=1.017 s | package=209.254 J | dram=NA | total=209.254 J | power=205.7 W | runtime=in_range | checksum=OK
[STREAM] N=4000000 threads=10 rep=2 batches=15907 time=1.008 s | package=208.130 J | dram=NA | total=208.130 J | power=206.4 W | runtime=in_range | checksum=OK
[STREAM] N=4000000 threads=10 rep=3 batches=15907 time=1.014 s | package=208.146 J | dram=NA | total=208.146 J | power=205.2 W | runtime=in_range | checksum=OK
[STREAM] N=4000000 threads=10 rep=4 batches=15907 time=1.015 s | package=207.844 J | dram=NA | total=207.844 J | power=204.8 W | runtime=in_range | checksum=OK
[STREAM] N=4000000 threads=10 rep=5 batches=15907 time=1.009 s | package=207.187 J | dram=NA | total=207.187 J | power=205.4 W | runtime=in_range | checksum=OK
[STREAM] N=4000000 threads=10 rep=6 batches=15907 time=1.007 s | package=207.197 J | dram=NA | total=207.197 J | power=205.8 W | runtime=in_range | checksum=OK
[STREAM] N=4000000 threads=10 rep=7 batches=15907 time=1.005 s | package=207.190 J | dram=NA | total=207.190 J | power=206.2 W | runtime=in_range | checksum=OK
[STREAM] N=4000000 threads=10 rep=8 batches=15907 time=1.005 s | package=207.137 J | dram=NA | total=207.137 J | power=206.1 W | runtime=in_range | checksum=OK
[STREAM] N=4000000 threads=10 rep=9 batches=15907 time=1.003 s | package=207.116 J | dram=NA | total=207.116 J | power=206.5 W | runtime=in_range | checksum=OK
[STREAM] N=4000000 threads=10 rep=10 batches=15907 time=1.003 s | package=207.242 J | dram=NA | total=207.242 J | power=206.6 W | runtime=in_range | checksum=OK
[OpenMP] requested=1 active=1
[STREAM] N=2000000 threads=1 rep=1 batches=970 time=0.997 s | package=71.112 J | dram=NA | total=71.112 J | power=71.3 W | runtime=in_range | checksum=OK
[STREAM] N=2000000 threads=1 rep=2 batches=970 time=0.998 s | package=71.012 J | dram=NA | total=71.012 J | power=71.1 W | runtime=in_range | checksum=OK
[STREAM] N=2000000 threads=1 rep=3 batches=970 time=0.998 s | package=70.763 J | dram=NA | total=70.763 J | power=70.9 W | runtime=in_range | checksum=OK
[STREAM] N=2000000 threads=1 rep=4 batches=970 time=0.998 s | package=70.574 J | dram=NA | total=70.574 J | power=70.7 W | runtime=in_range | checksum=OK
[STREAM] N=2000000 threads=1 rep=5 batches=970 time=0.995 s | package=70.288 J | dram=NA | total=70.288 J | power=70.6 W | runtime=in_range | checksum=OK
[STREAM] N=2000000 threads=1 rep=6 batches=970 time=0.994 s | package=70.148 J | dram=NA | total=70.148 J | power=70.6 W | runtime=in_range | checksum=OK
[STREAM] N=2000000 threads=1 rep=7 batches=970 time=0.993 s | package=69.978 J | dram=NA | total=69.978 J | power=70.5 W | runtime=in_range | checksum=OK
[STREAM] N=2000000 threads=1 rep=8 batches=970 time=0.993 s | package=69.954 J | dram=NA | total=69.954 J | power=70.5 W | runtime=in_range | checksum=OK
[STREAM] N=2000000 threads=1 rep=9 batches=970 time=0.992 s | package=69.948 J | dram=NA | total=69.948 J | power=70.5 W | runtime=in_range | checksum=OK
[STREAM] N=2000000 threads=1 rep=10 batches=970 time=0.997 s | package=70.201 J | dram=NA | total=70.201 J | power=70.4 W | runtime=in_range | checksum=OK
[OpenMP] requested=4 active=4
[STREAM] N=4000000 threads=4 rep=1 batches=5554 time=1.024 s | package=116.069 J | dram=NA | total=116.069 J | power=113.4 W | runtime=in_range | checksum=OK
[STREAM] N=4000000 threads=4 rep=2 batches=5554 time=1.007 s | package=114.736 J | dram=NA | total=114.736 J | power=114.0 W | runtime=in_range | checksum=OK
[STREAM] N=4000000 threads=4 rep=3 batches=5554 time=1.006 s | package=114.849 J | dram=NA | total=114.849 J | power=114.1 W | runtime=in_range | checksum=OK
[STREAM] N=4000000 threads=4 rep=4 batches=5554 time=1.000 s | package=114.221 J | dram=NA | total=114.221 J | power=114.2 W | runtime=in_range | checksum=OK
[STREAM] N=4000000 threads=4 rep=5 batches=5554 time=1.015 s | package=115.624 J | dram=NA | total=115.624 J | power=113.9 W | runtime=in_range | checksum=OK
[STREAM] N=4000000 threads=4 rep=6 batches=5554 time=1.002 s | package=114.391 J | dram=NA | total=114.391 J | power=114.2 W | runtime=in_range | checksum=OK
[STREAM] N=4000000 threads=4 rep=7 batches=5554 time=1.001 s | package=114.326 J | dram=NA | total=114.326 J | power=114.2 W | runtime=in_range | checksum=OK
[STREAM] N=4000000 threads=4 rep=8 batches=5554 time=1.002 s | package=114.394 J | dram=NA | total=114.394 J | power=114.2 W | runtime=in_range | checksum=OK
[STREAM] N=4000000 threads=4 rep=9 batches=5554 time=1.001 s | package=114.311 J | dram=NA | total=114.311 J | power=114.2 W | runtime=in_range | checksum=OK
[STREAM] N=4000000 threads=4 rep=10 batches=5554 time=1.007 s | package=114.856 J | dram=NA | total=114.856 J | power=114.1 W | runtime=in_range | checksum=OK
[OpenMP] requested=64 active=64
[STREAM] N=2000000 threads=64 rep=1 batches=17104 time=1.008 s | package=197.957 J | dram=NA | total=197.957 J | power=196.5 W | runtime=in_range | checksum=OK
[STREAM] N=2000000 threads=64 rep=2 batches=17104 time=1.010 s | package=198.938 J | dram=NA | total=198.938 J | power=196.9 W | runtime=in_range | checksum=OK
[STREAM] N=2000000 threads=64 rep=3 batches=17104 time=1.013 s | package=199.415 J | dram=NA | total=199.415 J | power=196.9 W | runtime=in_range | checksum=OK
[STREAM] N=2000000 threads=64 rep=4 batches=17104 time=1.014 s | package=199.699 J | dram=NA | total=199.699 J | power=197.0 W | runtime=in_range | checksum=OK
[STREAM] N=2000000 threads=64 rep=5 batches=17104 time=1.019 s | package=200.285 J | dram=NA | total=200.285 J | power=196.5 W | runtime=in_range | checksum=OK
[STREAM] N=2000000 threads=64 rep=6 batches=17104 time=1.021 s | package=200.501 J | dram=NA | total=200.501 J | power=196.4 W | runtime=in_range | checksum=OK
[STREAM] N=2000000 threads=64 rep=7 batches=17104 time=1.022 s | package=200.812 J | dram=NA | total=200.812 J | power=196.4 W | runtime=in_range | checksum=OK
[STREAM] N=2000000 threads=64 rep=8 batches=17104 time=1.022 s | package=201.146 J | dram=NA | total=201.146 J | power=196.9 W | runtime=in_range | checksum=OK
[STREAM] N=2000000 threads=64 rep=9 batches=17104 time=1.018 s | package=200.896 J | dram=NA | total=200.896 J | power=197.3 W | runtime=in_range | checksum=OK
[STREAM] N=2000000 threads=64 rep=10 batches=17104 time=1.018 s | package=200.722 J | dram=NA | total=200.722 J | power=197.1 W | runtime=in_range | checksum=OK
[OpenMP] requested=4 active=4
[STREAM] N=128000000 threads=4 rep=1 batches=28 time=1.036 s | package=96.574 J | dram=NA | total=96.574 J | power=93.2 W | runtime=in_range | checksum=OK
[STREAM] N=128000000 threads=4 rep=2 batches=28 time=1.038 s | package=95.683 J | dram=NA | total=95.683 J | power=92.2 W | runtime=in_range | checksum=OK
[STREAM] N=128000000 threads=4 rep=3 batches=28 time=1.037 s | package=95.421 J | dram=NA | total=95.421 J | power=92.1 W | runtime=in_range | checksum=OK
[STREAM] N=128000000 threads=4 rep=4 batches=28 time=1.037 s | package=95.373 J | dram=NA | total=95.373 J | power=92.0 W | runtime=in_range | checksum=OK
[STREAM] N=128000000 threads=4 rep=5 batches=28 time=1.037 s | package=95.241 J | dram=NA | total=95.241 J | power=91.8 W | runtime=in_range | checksum=OK
[STREAM] N=128000000 threads=4 rep=6 batches=28 time=1.037 s | package=95.217 J | dram=NA | total=95.217 J | power=91.8 W | runtime=in_range | checksum=OK
[STREAM] N=128000000 threads=4 rep=7 batches=28 time=1.037 s | package=95.198 J | dram=NA | total=95.198 J | power=91.8 W | runtime=in_range | checksum=OK
[STREAM] N=128000000 threads=4 rep=8 batches=28 time=1.037 s | package=95.007 J | dram=NA | total=95.007 J | power=91.6 W | runtime=in_range | checksum=OK
[STREAM] N=128000000 threads=4 rep=9 batches=28 time=1.037 s | package=94.995 J | dram=NA | total=94.995 J | power=91.6 W | runtime=in_range | checksum=OK
[STREAM] N=128000000 threads=4 rep=10 batches=28 time=1.037 s | package=95.084 J | dram=NA | total=95.084 J | power=91.7 W | runtime=in_range | checksum=OK
[OpenMP] requested=1 active=1
[STREAM] N=8000000 threads=1 rep=1 batches=233 time=1.004 s | package=74.456 J | dram=NA | total=74.456 J | power=74.2 W | runtime=in_range | checksum=OK
[STREAM] N=8000000 threads=1 rep=2 batches=233 time=1.004 s | package=74.421 J | dram=NA | total=74.421 J | power=74.1 W | runtime=in_range | checksum=OK
[STREAM] N=8000000 threads=1 rep=3 batches=233 time=1.005 s | package=74.499 J | dram=NA | total=74.499 J | power=74.1 W | runtime=in_range | checksum=OK
[STREAM] N=8000000 threads=1 rep=4 batches=233 time=1.008 s | package=74.589 J | dram=NA | total=74.589 J | power=74.0 W | runtime=in_range | checksum=OK
[STREAM] N=8000000 threads=1 rep=5 batches=233 time=1.007 s | package=74.488 J | dram=NA | total=74.488 J | power=74.0 W | runtime=in_range | checksum=OK
[STREAM] N=8000000 threads=1 rep=6 batches=233 time=1.004 s | package=74.278 J | dram=NA | total=74.278 J | power=74.0 W | runtime=in_range | checksum=OK
[STREAM] N=8000000 threads=1 rep=7 batches=233 time=1.004 s | package=74.242 J | dram=NA | total=74.242 J | power=73.9 W | runtime=in_range | checksum=OK
[STREAM] N=8000000 threads=1 rep=8 batches=233 time=1.007 s | package=74.467 J | dram=NA | total=74.467 J | power=73.9 W | runtime=in_range | checksum=OK
[STREAM] N=8000000 threads=1 rep=9 batches=233 time=1.006 s | package=74.313 J | dram=NA | total=74.313 J | power=73.8 W | runtime=in_range | checksum=OK
[STREAM] N=8000000 threads=1 rep=10 batches=233 time=1.008 s | package=74.451 J | dram=NA | total=74.451 J | power=73.9 W | runtime=in_range | checksum=OK
[OpenMP] requested=1 active=1
[STREAM] N=4000000 threads=1 rep=1 batches=445 time=1.001 s | package=73.374 J | dram=NA | total=73.374 J | power=73.3 W | runtime=in_range | checksum=OK
[STREAM] N=4000000 threads=1 rep=2 batches=445 time=1.004 s | package=73.562 J | dram=NA | total=73.562 J | power=73.2 W | runtime=in_range | checksum=OK
[STREAM] N=4000000 threads=1 rep=3 batches=445 time=1.005 s | package=73.604 J | dram=NA | total=73.604 J | power=73.2 W | runtime=in_range | checksum=OK
[STREAM] N=4000000 threads=1 rep=4 batches=445 time=1.006 s | package=73.612 J | dram=NA | total=73.612 J | power=73.2 W | runtime=in_range | checksum=OK
[STREAM] N=4000000 threads=1 rep=5 batches=445 time=1.005 s | package=73.504 J | dram=NA | total=73.504 J | power=73.1 W | runtime=in_range | checksum=OK
[STREAM] N=4000000 threads=1 rep=6 batches=445 time=1.003 s | package=73.453 J | dram=NA | total=73.453 J | power=73.2 W | runtime=in_range | checksum=OK
[STREAM] N=4000000 threads=1 rep=7 batches=445 time=1.005 s | package=73.541 J | dram=NA | total=73.541 J | power=73.1 W | runtime=in_range | checksum=OK
[STREAM] N=4000000 threads=1 rep=8 batches=445 time=1.006 s | package=73.561 J | dram=NA | total=73.561 J | power=73.1 W | runtime=in_range | checksum=OK
[STREAM] N=4000000 threads=1 rep=9 batches=445 time=1.005 s | package=73.544 J | dram=NA | total=73.544 J | power=73.1 W | runtime=in_range | checksum=OK
[STREAM] N=4000000 threads=1 rep=10 batches=445 time=1.002 s | package=73.225 J | dram=NA | total=73.225 J | power=73.1 W | runtime=in_range | checksum=OK
[OpenMP] requested=20 active=20
[STREAM] N=64000000 threads=20 rep=1 batches=47 time=1.009 s | package=122.846 J | dram=NA | total=122.846 J | power=121.8 W | runtime=in_range | checksum=OK
[STREAM] N=64000000 threads=20 rep=2 batches=47 time=1.009 s | package=126.145 J | dram=NA | total=126.145 J | power=125.0 W | runtime=in_range | checksum=OK
[STREAM] N=64000000 threads=20 rep=3 batches=47 time=1.008 s | package=126.475 J | dram=NA | total=126.475 J | power=125.4 W | runtime=in_range | checksum=OK
[STREAM] N=64000000 threads=20 rep=4 batches=47 time=1.009 s | package=126.811 J | dram=NA | total=126.811 J | power=125.7 W | runtime=in_range | checksum=OK
[STREAM] N=64000000 threads=20 rep=5 batches=47 time=1.008 s | package=126.792 J | dram=NA | total=126.792 J | power=125.7 W | runtime=in_range | checksum=OK
[STREAM] N=64000000 threads=20 rep=6 batches=47 time=1.009 s | package=127.146 J | dram=NA | total=127.146 J | power=126.1 W | runtime=in_range | checksum=OK
[STREAM] N=64000000 threads=20 rep=7 batches=47 time=1.009 s | package=127.229 J | dram=NA | total=127.229 J | power=126.1 W | runtime=in_range | checksum=OK
[STREAM] N=64000000 threads=20 rep=8 batches=47 time=1.008 s | package=127.301 J | dram=NA | total=127.301 J | power=126.2 W | runtime=in_range | checksum=OK
[STREAM] N=64000000 threads=20 rep=9 batches=47 time=1.008 s | package=127.273 J | dram=NA | total=127.273 J | power=126.3 W | runtime=in_range | checksum=OK
[STREAM] N=64000000 threads=20 rep=10 batches=47 time=1.009 s | package=127.374 J | dram=NA | total=127.374 J | power=126.3 W | runtime=in_range | checksum=OK
[OpenMP] requested=10 active=10
[STREAM] N=16000000 threads=10 rep=1 batches=285 time=1.001 s | package=119.238 J | dram=NA | total=119.238 J | power=119.1 W | runtime=in_range | checksum=OK
[STREAM] N=16000000 threads=10 rep=2 batches=285 time=1.001 s | package=119.094 J | dram=NA | total=119.094 J | power=119.0 W | runtime=in_range | checksum=OK
[STREAM] N=16000000 threads=10 rep=3 batches=285 time=1.001 s | package=119.131 J | dram=NA | total=119.131 J | power=119.0 W | runtime=in_range | checksum=OK
[STREAM] N=16000000 threads=10 rep=4 batches=285 time=1.001 s | package=119.245 J | dram=NA | total=119.245 J | power=119.1 W | runtime=in_range | checksum=OK
[STREAM] N=16000000 threads=10 rep=5 batches=285 time=1.001 s | package=119.265 J | dram=NA | total=119.265 J | power=119.1 W | runtime=in_range | checksum=OK
[STREAM] N=16000000 threads=10 rep=6 batches=285 time=1.001 s | package=119.238 J | dram=NA | total=119.238 J | power=119.1 W | runtime=in_range | checksum=OK
[STREAM] N=16000000 threads=10 rep=7 batches=285 time=1.001 s | package=119.146 J | dram=NA | total=119.146 J | power=119.1 W | runtime=in_range | checksum=OK
[STREAM] N=16000000 threads=10 rep=8 batches=285 time=1.001 s | package=119.754 J | dram=NA | total=119.754 J | power=119.6 W | runtime=in_range | checksum=OK
[STREAM] N=16000000 threads=10 rep=9 batches=285 time=1.001 s | package=119.345 J | dram=NA | total=119.345 J | power=119.2 W | runtime=in_range | checksum=OK
[STREAM] N=16000000 threads=10 rep=10 batches=285 time=1.001 s | package=119.179 J | dram=NA | total=119.179 J | power=119.1 W | runtime=in_range | checksum=OK
[OpenMP] requested=1 active=1
[STREAM] N=64000000 threads=1 rep=1 batches=28 time=1.006 s | package=74.680 J | dram=NA | total=74.680 J | power=74.2 W | runtime=in_range | checksum=OK
[STREAM] N=64000000 threads=1 rep=2 batches=28 time=1.010 s | package=74.796 J | dram=NA | total=74.796 J | power=74.0 W | runtime=in_range | checksum=OK
[STREAM] N=64000000 threads=1 rep=3 batches=28 time=1.009 s | package=74.643 J | dram=NA | total=74.643 J | power=74.0 W | runtime=in_range | checksum=OK
[STREAM] N=64000000 threads=1 rep=4 batches=28 time=1.011 s | package=74.721 J | dram=NA | total=74.721 J | power=73.9 W | runtime=in_range | checksum=OK
[STREAM] N=64000000 threads=1 rep=5 batches=28 time=1.012 s | package=74.683 J | dram=NA | total=74.683 J | power=73.8 W | runtime=in_range | checksum=OK
[STREAM] N=64000000 threads=1 rep=6 batches=28 time=1.009 s | package=74.462 J | dram=NA | total=74.462 J | power=73.8 W | runtime=in_range | checksum=OK
[STREAM] N=64000000 threads=1 rep=7 batches=28 time=1.011 s | package=74.595 J | dram=NA | total=74.595 J | power=73.8 W | runtime=in_range | checksum=OK
[STREAM] N=64000000 threads=1 rep=8 batches=28 time=1.007 s | package=74.253 J | dram=NA | total=74.253 J | power=73.7 W | runtime=in_range | checksum=OK
[STREAM] N=64000000 threads=1 rep=9 batches=28 time=1.012 s | package=74.510 J | dram=NA | total=74.510 J | power=73.6 W | runtime=in_range | checksum=OK
[STREAM] N=64000000 threads=1 rep=10 batches=28 time=1.008 s | package=74.224 J | dram=NA | total=74.224 J | power=73.6 W | runtime=in_range | checksum=OK
[OpenMP] requested=10 active=10
[STREAM] N=8000000 threads=10 rep=1 batches=1807 time=1.001 s | package=116.965 J | dram=NA | total=116.965 J | power=116.8 W | runtime=in_range | checksum=OK
[STREAM] N=8000000 threads=10 rep=2 batches=1807 time=1.003 s | package=117.223 J | dram=NA | total=117.223 J | power=116.9 W | runtime=in_range | checksum=OK
[STREAM] N=8000000 threads=10 rep=3 batches=1807 time=1.004 s | package=117.393 J | dram=NA | total=117.393 J | power=116.9 W | runtime=in_range | checksum=OK
[STREAM] N=8000000 threads=10 rep=4 batches=1807 time=1.002 s | package=117.370 J | dram=NA | total=117.370 J | power=117.1 W | runtime=in_range | checksum=OK
[STREAM] N=8000000 threads=10 rep=5 batches=1807 time=1.001 s | package=117.107 J | dram=NA | total=117.107 J | power=117.0 W | runtime=in_range | checksum=OK
[STREAM] N=8000000 threads=10 rep=6 batches=1807 time=1.001 s | package=117.348 J | dram=NA | total=117.348 J | power=117.2 W | runtime=in_range | checksum=OK
[STREAM] N=8000000 threads=10 rep=7 batches=1807 time=1.004 s | package=117.419 J | dram=NA | total=117.419 J | power=117.0 W | runtime=in_range | checksum=OK
[STREAM] N=8000000 threads=10 rep=8 batches=1807 time=1.003 s | package=117.455 J | dram=NA | total=117.455 J | power=117.2 W | runtime=in_range | checksum=OK
[STREAM] N=8000000 threads=10 rep=9 batches=1807 time=1.003 s | package=117.538 J | dram=NA | total=117.538 J | power=117.2 W | runtime=in_range | checksum=OK
[STREAM] N=8000000 threads=10 rep=10 batches=1807 time=1.001 s | package=117.252 J | dram=NA | total=117.252 J | power=117.2 W | runtime=in_range | checksum=OK
[OpenMP] requested=32 active=32
[STREAM] N=8000000 threads=32 rep=1 batches=12855 time=1.004 s | package=288.024 J | dram=NA | total=288.024 J | power=286.9 W | runtime=in_range | checksum=OK
[STREAM] N=8000000 threads=32 rep=2 batches=12855 time=1.006 s | package=287.943 J | dram=NA | total=287.943 J | power=286.2 W | runtime=in_range | checksum=OK
[STREAM] N=8000000 threads=32 rep=3 batches=12855 time=1.005 s | package=288.148 J | dram=NA | total=288.148 J | power=286.6 W | runtime=in_range | checksum=OK
[STREAM] N=8000000 threads=32 rep=4 batches=12855 time=1.004 s | package=288.059 J | dram=NA | total=288.059 J | power=287.0 W | runtime=in_range | checksum=OK
[STREAM] N=8000000 threads=32 rep=5 batches=12855 time=1.007 s | package=288.361 J | dram=NA | total=288.361 J | power=286.3 W | runtime=in_range | checksum=OK
[STREAM] N=8000000 threads=32 rep=6 batches=12855 time=1.004 s | package=288.061 J | dram=NA | total=288.061 J | power=286.9 W | runtime=in_range | checksum=OK
[STREAM] N=8000000 threads=32 rep=7 batches=12855 time=1.003 s | package=287.756 J | dram=NA | total=287.756 J | power=286.8 W | runtime=in_range | checksum=OK
[STREAM] N=8000000 threads=32 rep=8 batches=12855 time=1.005 s | package=288.157 J | dram=NA | total=288.157 J | power=286.7 W | runtime=in_range | checksum=OK
[STREAM] N=8000000 threads=32 rep=9 batches=12855 time=1.007 s | package=288.671 J | dram=NA | total=288.671 J | power=286.7 W | runtime=in_range | checksum=OK
[STREAM] N=8000000 threads=32 rep=10 batches=12855 time=1.004 s | package=288.101 J | dram=NA | total=288.101 J | power=286.9 W | runtime=in_range | checksum=OK
[OpenMP] requested=8 active=8
[STREAM] N=2000000 threads=8 rep=1 batches=24436 time=1.004 s | package=173.270 J | dram=NA | total=173.270 J | power=172.6 W | runtime=in_range | checksum=OK
[STREAM] N=2000000 threads=8 rep=2 batches=24436 time=1.010 s | package=174.414 J | dram=NA | total=174.414 J | power=172.6 W | runtime=in_range | checksum=OK
[STREAM] N=2000000 threads=8 rep=3 batches=24436 time=1.000 s | package=172.688 J | dram=NA | total=172.688 J | power=172.7 W | runtime=in_range | checksum=OK
[STREAM] N=2000000 threads=8 rep=4 batches=24436 time=1.006 s | package=173.345 J | dram=NA | total=173.345 J | power=172.3 W | runtime=in_range | checksum=OK
[STREAM] N=2000000 threads=8 rep=5 batches=24436 time=1.011 s | package=173.848 J | dram=NA | total=173.848 J | power=172.0 W | runtime=in_range | checksum=OK
[STREAM] N=2000000 threads=8 rep=6 batches=24436 time=1.011 s | package=173.580 J | dram=NA | total=173.580 J | power=171.7 W | runtime=in_range | checksum=OK
[STREAM] N=2000000 threads=8 rep=7 batches=24436 time=1.009 s | package=173.554 J | dram=NA | total=173.554 J | power=172.0 W | runtime=in_range | checksum=OK
[STREAM] N=2000000 threads=8 rep=8 batches=24436 time=1.012 s | package=174.184 J | dram=NA | total=174.184 J | power=172.1 W | runtime=in_range | checksum=OK
[STREAM] N=2000000 threads=8 rep=9 batches=24436 time=1.014 s | package=174.027 J | dram=NA | total=174.027 J | power=171.6 W | runtime=in_range | checksum=OK
[STREAM] N=2000000 threads=8 rep=10 batches=24436 time=1.000 s | package=172.635 J | dram=NA | total=172.635 J | power=172.7 W | runtime=in_range | checksum=OK
[OpenMP] requested=2 active=2
[STREAM] N=16000000 threads=2 rep=1 batches=172 time=1.001 s | package=80.978 J | dram=NA | total=80.978 J | power=80.9 W | runtime=in_range | checksum=OK
[STREAM] N=16000000 threads=2 rep=2 batches=172 time=1.000 s | package=81.509 J | dram=NA | total=81.509 J | power=81.5 W | runtime=in_range | checksum=OK
[STREAM] N=16000000 threads=2 rep=3 batches=172 time=0.999 s | package=81.327 J | dram=NA | total=81.327 J | power=81.4 W | runtime=in_range | checksum=OK
[STREAM] N=16000000 threads=2 rep=4 batches=172 time=1.002 s | package=81.440 J | dram=NA | total=81.440 J | power=81.3 W | runtime=in_range | checksum=OK
[STREAM] N=16000000 threads=2 rep=5 batches=172 time=1.000 s | package=81.237 J | dram=NA | total=81.237 J | power=81.2 W | runtime=in_range | checksum=OK
[STREAM] N=16000000 threads=2 rep=6 batches=172 time=0.999 s | package=81.130 J | dram=NA | total=81.130 J | power=81.2 W | runtime=in_range | checksum=OK
[STREAM] N=16000000 threads=2 rep=7 batches=172 time=0.997 s | package=81.022 J | dram=NA | total=81.022 J | power=81.2 W | runtime=in_range | checksum=OK
[STREAM] N=16000000 threads=2 rep=8 batches=172 time=0.999 s | package=81.034 J | dram=NA | total=81.034 J | power=81.1 W | runtime=in_range | checksum=OK
[STREAM] N=16000000 threads=2 rep=9 batches=172 time=1.004 s | package=81.393 J | dram=NA | total=81.393 J | power=81.1 W | runtime=in_range | checksum=OK
[STREAM] N=16000000 threads=2 rep=10 batches=172 time=1.001 s | package=81.148 J | dram=NA | total=81.148 J | power=81.1 W | runtime=in_range | checksum=OK
[OpenMP] requested=8 active=8
[STREAM] N=256000000 threads=8 rep=1 batches=14 time=1.040 s | package=106.308 J | dram=NA | total=106.308 J | power=102.2 W | runtime=in_range | checksum=OK
[STREAM] N=256000000 threads=8 rep=2 batches=14 time=1.040 s | package=106.328 J | dram=NA | total=106.328 J | power=102.2 W | runtime=in_range | checksum=OK
[STREAM] N=256000000 threads=8 rep=3 batches=14 time=1.042 s | package=106.536 J | dram=NA | total=106.536 J | power=102.2 W | runtime=in_range | checksum=OK
[STREAM] N=256000000 threads=8 rep=4 batches=14 time=1.042 s | package=106.632 J | dram=NA | total=106.632 J | power=102.4 W | runtime=in_range | checksum=OK
[STREAM] N=256000000 threads=8 rep=5 batches=14 time=1.041 s | package=106.560 J | dram=NA | total=106.560 J | power=102.4 W | runtime=in_range | checksum=OK
[STREAM] N=256000000 threads=8 rep=6 batches=14 time=1.041 s | package=106.542 J | dram=NA | total=106.542 J | power=102.4 W | runtime=in_range | checksum=OK
[STREAM] N=256000000 threads=8 rep=7 batches=14 time=1.041 s | package=106.541 J | dram=NA | total=106.541 J | power=102.3 W | runtime=in_range | checksum=OK
[STREAM] N=256000000 threads=8 rep=8 batches=14 time=1.041 s | package=106.492 J | dram=NA | total=106.492 J | power=102.3 W | runtime=in_range | checksum=OK
[STREAM] N=256000000 threads=8 rep=9 batches=14 time=1.041 s | package=106.648 J | dram=NA | total=106.648 J | power=102.4 W | runtime=in_range | checksum=OK
[STREAM] N=256000000 threads=8 rep=10 batches=14 time=1.041 s | package=106.524 J | dram=NA | total=106.524 J | power=102.3 W | runtime=in_range | checksum=OK
[OpenMP] requested=20 active=20
[STREAM] N=4000000 threads=20 rep=1 batches=22287 time=1.019 s | package=271.088 J | dram=NA | total=271.088 J | power=266.1 W | runtime=in_range | checksum=OK
[STREAM] N=4000000 threads=20 rep=2 batches=22287 time=1.018 s | package=271.082 J | dram=NA | total=271.082 J | power=266.2 W | runtime=in_range | checksum=OK
[STREAM] N=4000000 threads=20 rep=3 batches=22287 time=1.021 s | package=271.523 J | dram=NA | total=271.523 J | power=266.0 W | runtime=in_range | checksum=OK
[STREAM] N=4000000 threads=20 rep=4 batches=22287 time=1.018 s | package=270.746 J | dram=NA | total=270.746 J | power=266.1 W | runtime=in_range | checksum=OK
[STREAM] N=4000000 threads=20 rep=5 batches=22287 time=1.028 s | package=272.565 J | dram=NA | total=272.565 J | power=265.2 W | runtime=in_range | checksum=OK
[STREAM] N=4000000 threads=20 rep=6 batches=22287 time=1.021 s | package=272.420 J | dram=NA | total=272.420 J | power=266.7 W | runtime=in_range | checksum=OK
[STREAM] N=4000000 threads=20 rep=7 batches=22287 time=1.018 s | package=271.641 J | dram=NA | total=271.641 J | power=266.8 W | runtime=in_range | checksum=OK
[STREAM] N=4000000 threads=20 rep=8 batches=22287 time=1.022 s | package=271.353 J | dram=NA | total=271.353 J | power=265.6 W | runtime=in_range | checksum=OK
[STREAM] N=4000000 threads=20 rep=9 batches=22287 time=1.039 s | package=273.253 J | dram=NA | total=273.253 J | power=263.0 W | runtime=in_range | checksum=OK
[STREAM] N=4000000 threads=20 rep=10 batches=22287 time=1.040 s | package=273.241 J | dram=NA | total=273.241 J | power=262.8 W | runtime=in_range | checksum=OK
[OpenMP] requested=16 active=16
[STREAM] N=128000000 threads=16 rep=1 batches=27 time=1.034 s | package=130.747 J | dram=NA | total=130.747 J | power=126.5 W | runtime=in_range | checksum=OK
[STREAM] N=128000000 threads=16 rep=2 batches=27 time=1.034 s | package=130.024 J | dram=NA | total=130.024 J | power=125.8 W | runtime=in_range | checksum=OK
[STREAM] N=128000000 threads=16 rep=3 batches=27 time=1.034 s | package=129.679 J | dram=NA | total=129.679 J | power=125.4 W | runtime=in_range | checksum=OK
[STREAM] N=128000000 threads=16 rep=4 batches=27 time=1.034 s | package=129.670 J | dram=NA | total=129.670 J | power=125.4 W | runtime=in_range | checksum=OK
[STREAM] N=128000000 threads=16 rep=5 batches=27 time=1.034 s | package=129.344 J | dram=NA | total=129.344 J | power=125.1 W | runtime=in_range | checksum=OK
[STREAM] N=128000000 threads=16 rep=6 batches=27 time=1.034 s | package=129.227 J | dram=NA | total=129.227 J | power=125.0 W | runtime=in_range | checksum=OK
[STREAM] N=128000000 threads=16 rep=7 batches=27 time=1.034 s | package=129.262 J | dram=NA | total=129.262 J | power=125.0 W | runtime=in_range | checksum=OK
[STREAM] N=128000000 threads=16 rep=8 batches=27 time=1.034 s | package=130.066 J | dram=NA | total=130.066 J | power=125.8 W | runtime=in_range | checksum=OK
[STREAM] N=128000000 threads=16 rep=9 batches=27 time=1.034 s | package=130.164 J | dram=NA | total=130.164 J | power=125.8 W | runtime=in_range | checksum=OK
[STREAM] N=128000000 threads=16 rep=10 batches=27 time=1.034 s | package=130.017 J | dram=NA | total=130.017 J | power=125.8 W | runtime=in_range | checksum=OK
[OpenMP] requested=64 active=64
[STREAM] N=128000000 threads=64 rep=1 batches=26 time=1.024 s | package=162.723 J | dram=NA | total=162.723 J | power=158.8 W | runtime=in_range | checksum=OK
[STREAM] N=128000000 threads=64 rep=2 batches=26 time=1.027 s | package=163.038 J | dram=NA | total=163.038 J | power=158.7 W | runtime=in_range | checksum=OK
[STREAM] N=128000000 threads=64 rep=3 batches=26 time=1.025 s | package=163.236 J | dram=NA | total=163.236 J | power=159.2 W | runtime=in_range | checksum=OK
[STREAM] N=128000000 threads=64 rep=4 batches=26 time=1.025 s | package=163.347 J | dram=NA | total=163.347 J | power=159.4 W | runtime=in_range | checksum=OK
[STREAM] N=128000000 threads=64 rep=5 batches=26 time=1.025 s | package=163.536 J | dram=NA | total=163.536 J | power=159.6 W | runtime=in_range | checksum=OK
[STREAM] N=128000000 threads=64 rep=6 batches=26 time=1.025 s | package=163.613 J | dram=NA | total=163.613 J | power=159.7 W | runtime=in_range | checksum=OK
[STREAM] N=128000000 threads=64 rep=7 batches=26 time=1.025 s | package=163.667 J | dram=NA | total=163.667 J | power=159.7 W | runtime=in_range | checksum=OK
[STREAM] N=128000000 threads=64 rep=8 batches=26 time=1.025 s | package=163.737 J | dram=NA | total=163.737 J | power=159.7 W | runtime=in_range | checksum=OK
[STREAM] N=128000000 threads=64 rep=9 batches=26 time=1.025 s | package=163.679 J | dram=NA | total=163.679 J | power=159.7 W | runtime=in_range | checksum=OK
[STREAM] N=128000000 threads=64 rep=10 batches=26 time=1.026 s | package=163.832 J | dram=NA | total=163.832 J | power=159.7 W | runtime=in_range | checksum=OK
[OpenMP] requested=10 active=10
[STREAM] N=32000000 threads=10 rep=1 batches=104 time=1.007 s | package=129.015 J | dram=NA | total=129.015 J | power=128.2 W | runtime=in_range | checksum=OK
[STREAM] N=32000000 threads=10 rep=2 batches=104 time=1.007 s | package=128.909 J | dram=NA | total=128.909 J | power=128.0 W | runtime=in_range | checksum=OK
[STREAM] N=32000000 threads=10 rep=3 batches=104 time=1.007 s | package=128.796 J | dram=NA | total=128.796 J | power=128.0 W | runtime=in_range | checksum=OK
[STREAM] N=32000000 threads=10 rep=4 batches=104 time=1.006 s | package=128.767 J | dram=NA | total=128.767 J | power=127.9 W | runtime=in_range | checksum=OK
[STREAM] N=32000000 threads=10 rep=5 batches=104 time=1.007 s | package=128.774 J | dram=NA | total=128.774 J | power=127.9 W | runtime=in_range | checksum=OK
[STREAM] N=32000000 threads=10 rep=6 batches=104 time=1.006 s | package=128.617 J | dram=NA | total=128.617 J | power=127.8 W | runtime=in_range | checksum=OK
[STREAM] N=32000000 threads=10 rep=7 batches=104 time=1.007 s | package=128.610 J | dram=NA | total=128.610 J | power=127.7 W | runtime=in_range | checksum=OK
[STREAM] N=32000000 threads=10 rep=8 batches=104 time=1.007 s | package=128.527 J | dram=NA | total=128.527 J | power=127.7 W | runtime=in_range | checksum=OK
[STREAM] N=32000000 threads=10 rep=9 batches=104 time=1.007 s | package=128.372 J | dram=NA | total=128.372 J | power=127.5 W | runtime=in_range | checksum=OK
[STREAM] N=32000000 threads=10 rep=10 batches=104 time=1.007 s | package=128.498 J | dram=NA | total=128.498 J | power=127.6 W | runtime=in_range | checksum=OK
[OpenMP] requested=64 active=64
[STREAM] N=32000000 threads=64 rep=1 batches=101 time=1.008 s | package=160.399 J | dram=NA | total=160.399 J | power=159.1 W | runtime=in_range | checksum=OK
[STREAM] N=32000000 threads=64 rep=2 batches=101 time=1.009 s | package=160.690 J | dram=NA | total=160.690 J | power=159.3 W | runtime=in_range | checksum=OK
[STREAM] N=32000000 threads=64 rep=3 batches=101 time=1.009 s | package=160.586 J | dram=NA | total=160.586 J | power=159.2 W | runtime=in_range | checksum=OK
[STREAM] N=32000000 threads=64 rep=4 batches=101 time=1.010 s | package=160.760 J | dram=NA | total=160.760 J | power=159.2 W | runtime=in_range | checksum=OK
[STREAM] N=32000000 threads=64 rep=5 batches=101 time=1.009 s | package=160.822 J | dram=NA | total=160.822 J | power=159.4 W | runtime=in_range | checksum=OK
[STREAM] N=32000000 threads=64 rep=6 batches=101 time=1.009 s | package=160.797 J | dram=NA | total=160.797 J | power=159.4 W | runtime=in_range | checksum=OK
[STREAM] N=32000000 threads=64 rep=7 batches=101 time=1.008 s | package=160.964 J | dram=NA | total=160.964 J | power=159.6 W | runtime=in_range | checksum=OK
[STREAM] N=32000000 threads=64 rep=8 batches=101 time=1.009 s | package=160.805 J | dram=NA | total=160.805 J | power=159.3 W | runtime=in_range | checksum=OK
[STREAM] N=32000000 threads=64 rep=9 batches=101 time=1.009 s | package=160.754 J | dram=NA | total=160.754 J | power=159.4 W | runtime=in_range | checksum=OK
[STREAM] N=32000000 threads=64 rep=10 batches=101 time=1.009 s | package=160.987 J | dram=NA | total=160.987 J | power=159.5 W | runtime=in_range | checksum=OK
[OpenMP] requested=2 active=2
[STREAM] N=2000000 threads=2 rep=1 batches=5380 time=0.988 s | package=92.766 J | dram=NA | total=92.766 J | power=93.9 W | runtime=in_range | checksum=OK
[STREAM] N=2000000 threads=2 rep=2 batches=5380 time=0.993 s | package=93.070 J | dram=NA | total=93.070 J | power=93.7 W | runtime=in_range | checksum=OK
[STREAM] N=2000000 threads=2 rep=3 batches=5380 time=0.967 s | package=90.859 J | dram=NA | total=90.859 J | power=94.0 W | runtime=in_range | checksum=OK
[STREAM] N=2000000 threads=2 rep=4 batches=5380 time=0.997 s | package=92.993 J | dram=NA | total=92.993 J | power=93.2 W | runtime=in_range | checksum=OK
[STREAM] N=2000000 threads=2 rep=5 batches=5380 time=0.993 s | package=92.523 J | dram=NA | total=92.523 J | power=93.2 W | runtime=in_range | checksum=OK
[STREAM] N=2000000 threads=2 rep=6 batches=5380 time=0.960 s | package=90.070 J | dram=NA | total=90.070 J | power=93.8 W | runtime=in_range | checksum=OK
[STREAM] N=2000000 threads=2 rep=7 batches=5380 time=0.961 s | package=90.281 J | dram=NA | total=90.281 J | power=93.9 W | runtime=in_range | checksum=OK
[STREAM] N=2000000 threads=2 rep=8 batches=5380 time=0.965 s | package=90.503 J | dram=NA | total=90.503 J | power=93.7 W | runtime=in_range | checksum=OK
[STREAM] N=2000000 threads=2 rep=9 batches=5380 time=0.965 s | package=90.496 J | dram=NA | total=90.496 J | power=93.7 W | runtime=in_range | checksum=OK
[STREAM] N=2000000 threads=2 rep=10 batches=5380 time=0.964 s | package=90.469 J | dram=NA | total=90.469 J | power=93.8 W | runtime=in_range | checksum=OK
