OpenBLAS backend=pthreads | config=OpenBLAS 0.3.30 NO_LAPACKE DYNAMIC_ARCH NO_AFFINITY SkylakeX MAX_THREADS=128
STRIDED_GEMM(ld=2N) | Intel(R) Core(TM) i9-7900X CPU @ 3.30GHz | session=strided_gemm_intel_20260719_175326_session2 | reps=10 | configs=63 | DRAM-RAPL=yes
[OpenBLAS] requested=8 active=8
[STRIDED_GEMM] N=2048 threads=8 rep=1 batches=73 time=1.007 s | package=153.413 J | dram=0.980501 | total=154.393 J | power=153.4 W | runtime=in_range | checksum=OK
[STRIDED_GEMM] N=2048 threads=8 rep=2 batches=73 time=1.004 s | package=153.908 J | dram=0.972178 | total=154.880 J | power=154.3 W | runtime=in_range | checksum=OK
[STRIDED_GEMM] N=2048 threads=8 rep=3 batches=73 time=1.008 s | package=153.454 J | dram=0.971642 | total=154.426 J | power=153.2 W | runtime=in_range | checksum=OK
[STRIDED_GEMM] N=2048 threads=8 rep=4 batches=73 time=1.011 s | package=153.980 J | dram=0.976691 | total=154.957 J | power=153.3 W | runtime=in_range | checksum=OK
[STRIDED_GEMM] N=2048 threads=8 rep=5 batches=73 time=1.012 s | package=153.488 J | dram=0.981082 | total=154.469 J | power=152.6 W | runtime=in_range | checksum=OK
[STRIDED_GEMM] N=2048 threads=8 rep=6 batches=73 time=1.012 s | package=152.773 J | dram=0.985167 | total=153.758 J | power=151.9 W | runtime=in_range | checksum=OK
[STRIDED_GEMM] N=2048 threads=8 rep=7 batches=73 time=1.009 s | package=153.574 J | dram=0.988441 | total=154.562 J | power=153.1 W | runtime=in_range | checksum=OK
[STRIDED_GEMM] N=2048 threads=8 rep=8 batches=73 time=0.996 s | package=155.371 J | dram=1.002135 | total=156.373 J | power=157.1 W | runtime=in_range | checksum=OK
[STRIDED_GEMM] N=2048 threads=8 rep=9 batches=73 time=0.990 s | package=157.047 J | dram=1.002838 | total=158.050 J | power=159.6 W | runtime=in_range | checksum=OK
[STRIDED_GEMM] N=2048 threads=8 rep=10 batches=73 time=0.992 s | package=156.704 J | dram=1.010519 | total=157.715 J | power=159.0 W | runtime=in_range | checksum=OK
[OpenBLAS] requested=8 active=8
[STRIDED_GEMM] N=8192 threads=8 rep=1 batches=2 time=1.874 s | package=299.962 J | dram=3.614655 | total=303.577 J | power=162.0 W | runtime=above | checksum=OK
[STRIDED_GEMM] N=8192 threads=8 rep=2 batches=2 time=1.876 s | package=300.221 J | dram=3.623499 | total=303.844 J | power=162.0 W | runtime=above | checksum=OK
[STRIDED_GEMM] N=8192 threads=8 rep=3 batches=2 time=1.876 s | package=299.691 J | dram=3.580521 | total=303.272 J | power=161.7 W | runtime=above | checksum=OK
[STRIDED_GEMM] N=8192 threads=8 rep=4 batches=2 time=1.873 s | package=299.486 J | dram=3.624356 | total=303.111 J | power=161.8 W | runtime=above | checksum=OK
[STRIDED_GEMM] N=8192 threads=8 rep=5 batches=2 time=1.871 s | package=299.131 J | dram=3.597137 | total=302.728 J | power=161.8 W | runtime=above | checksum=OK
[STRIDED_GEMM] N=8192 threads=8 rep=6 batches=2 time=1.872 s | package=298.691 J | dram=3.624387 | total=302.316 J | power=161.5 W | runtime=above | checksum=OK
[STRIDED_GEMM] N=8192 threads=8 rep=7 batches=2 time=1.872 s | package=298.574 J | dram=3.626620 | total=302.200 J | power=161.4 W | runtime=above | checksum=OK
[STRIDED_GEMM] N=8192 threads=8 rep=8 batches=2 time=1.876 s | package=298.824 J | dram=3.620699 | total=302.445 J | power=161.2 W | runtime=above | checksum=OK
[STRIDED_GEMM] N=8192 threads=8 rep=9 batches=2 time=1.875 s | package=298.705 J | dram=3.616231 | total=302.321 J | power=161.2 W | runtime=above | checksum=OK
[STRIDED_GEMM] N=8192 threads=8 rep=10 batches=2 time=1.873 s | package=297.534 J | dram=3.606256 | total=301.141 J | power=160.8 W | runtime=above | checksum=OK
[OpenBLAS] requested=16 active=16
[STRIDED_GEMM] N=256 threads=16 rep=1 batches=20461 time=1.011 s | package=156.202 J | dram=0.000000 | total=156.202 J | power=154.6 W | runtime=in_range | checksum=OK
[STRIDED_GEMM] N=256 threads=16 rep=2 batches=20461 time=1.002 s | package=155.244 J | dram=0.000000 | total=155.244 J | power=154.9 W | runtime=in_range | checksum=OK
[STRIDED_GEMM] N=256 threads=16 rep=3 batches=20461 time=1.003 s | package=155.422 J | dram=0.000000 | total=155.422 J | power=155.0 W | runtime=in_range | checksum=OK
[STRIDED_GEMM] N=256 threads=16 rep=4 batches=20461 time=1.008 s | package=156.172 J | dram=0.000000 | total=156.172 J | power=154.9 W | runtime=in_range | checksum=OK
[STRIDED_GEMM] N=256 threads=16 rep=5 batches=20461 time=0.997 s | package=155.094 J | dram=0.000000 | total=155.094 J | power=155.5 W | runtime=in_range | checksum=OK
[STRIDED_GEMM] N=256 threads=16 rep=6 batches=20461 time=1.004 s | package=155.693 J | dram=0.000015 | total=155.693 J | power=155.1 W | runtime=in_range | checksum=OK
[STRIDED_GEMM] N=256 threads=16 rep=7 batches=20461 time=1.007 s | package=156.051 J | dram=0.000000 | total=156.051 J | power=154.9 W | runtime=in_range | checksum=OK
[STRIDED_GEMM] N=256 threads=16 rep=8 batches=20461 time=1.003 s | package=155.751 J | dram=0.000000 | total=155.751 J | power=155.3 W | runtime=in_range | checksum=OK
[STRIDED_GEMM] N=256 threads=16 rep=9 batches=20461 time=1.004 s | package=155.929 J | dram=0.000000 | total=155.929 J | power=155.3 W | runtime=in_range | checksum=OK
[STRIDED_GEMM] N=256 threads=16 rep=10 batches=20461 time=1.005 s | package=155.751 J | dram=0.000000 | total=155.751 J | power=155.0 W | runtime=in_range | checksum=OK
[OpenBLAS] requested=4 active=4
[STRIDED_GEMM] N=64 threads=4 rep=1 batches=382474 time=1.001 s | package=64.835 J | dram=0.000000 | total=64.835 J | power=64.8 W | runtime=in_range | checksum=OK
[STRIDED_GEMM] N=64 threads=4 rep=2 batches=382474 time=1.000 s | package=64.637 J | dram=0.000000 | total=64.637 J | power=64.6 W | runtime=in_range | checksum=OK
[STRIDED_GEMM] N=64 threads=4 rep=3 batches=382474 time=0.999 s | package=64.247 J | dram=0.000000 | total=64.247 J | power=64.3 W | runtime=in_range | checksum=OK
[STRIDED_GEMM] N=64 threads=4 rep=4 batches=382474 time=0.997 s | package=63.992 J | dram=0.000000 | total=63.992 J | power=64.2 W | runtime=in_range | checksum=OK
[STRIDED_GEMM] N=64 threads=4 rep=5 batches=382474 time=0.997 s | package=64.047 J | dram=0.000000 | total=64.047 J | power=64.3 W | runtime=in_range | checksum=OK
[STRIDED_GEMM] N=64 threads=4 rep=6 batches=382474 time=0.994 s | package=63.559 J | dram=0.000000 | total=63.559 J | power=63.9 W | runtime=in_range | checksum=OK
[STRIDED_GEMM] N=64 threads=4 rep=7 batches=382474 time=0.998 s | package=64.101 J | dram=0.000000 | total=64.101 J | power=64.2 W | runtime=in_range | checksum=OK
[STRIDED_GEMM] N=64 threads=4 rep=8 batches=382474 time=0.993 s | package=63.284 J | dram=0.000000 | total=63.284 J | power=63.7 W | runtime=in_range | checksum=OK
[STRIDED_GEMM] N=64 threads=4 rep=9 batches=382474 time=0.992 s | package=63.049 J | dram=0.000000 | total=63.049 J | power=63.6 W | runtime=in_range | checksum=OK
[STRIDED_GEMM] N=64 threads=4 rep=10 batches=382474 time=0.989 s | package=62.503 J | dram=0.000000 | total=62.503 J | power=63.2 W | runtime=in_range | checksum=OK
[OpenBLAS] requested=8 active=8
[STRIDED_GEMM] N=16384 threads=8 rep=1 batches=1 time=7.498 s | package=1187.743 J | dram=15.178533 | total=1202.921 J | power=160.4 W | runtime=above | checksum=OK
[STRIDED_GEMM] N=16384 threads=8 rep=2 batches=1 time=7.513 s | package=1186.764 J | dram=15.240636 | total=1202.005 J | power=160.0 W | runtime=above | checksum=OK
[STRIDED_GEMM] N=16384 threads=8 rep=3 batches=1 time=7.606 s | package=1159.043 J | dram=15.436307 | total=1174.480 J | power=154.4 W | runtime=above | checksum=OK
[STRIDED_GEMM] N=16384 threads=8 rep=4 batches=1 time=7.607 s | package=1179.151 J | dram=15.500491 | total=1194.651 J | power=157.1 W | runtime=above | checksum=OK
[STRIDED_GEMM] N=16384 threads=8 rep=5 batches=1 time=7.687 s | package=1191.445 J | dram=15.803049 | total=1207.248 J | power=157.1 W | runtime=above | checksum=OK
[STRIDED_GEMM] N=16384 threads=8 rep=6 batches=1 time=7.714 s | package=1192.052 J | dram=15.687304 | total=1207.739 J | power=156.6 W | runtime=above | checksum=OK
[STRIDED_GEMM] N=16384 threads=8 rep=7 batches=1 time=7.739 s | package=1189.656 J | dram=15.948139 | total=1205.604 J | power=155.8 W | runtime=above | checksum=OK
[STRIDED_GEMM] N=16384 threads=8 rep=8 batches=1 time=7.760 s | package=1185.425 J | dram=15.824377 | total=1201.250 J | power=154.8 W | runtime=above | checksum=OK
[STRIDED_GEMM] N=16384 threads=8 rep=9 batches=1 time=7.784 s | package=1178.859 J | dram=15.898077 | total=1194.757 J | power=153.5 W | runtime=above | checksum=OK
[STRIDED_GEMM] N=16384 threads=8 rep=10 batches=1 time=7.809 s | package=1174.220 J | dram=16.051826 | total=1190.272 J | power=152.4 W | runtime=above | checksum=OK
[OpenBLAS] requested=4 active=4
[STRIDED_GEMM] N=1024 threads=4 rep=1 batches=312 time=1.005 s | package=109.674 J | dram=0.003473 | total=109.677 J | power=109.1 W | runtime=in_range | checksum=OK
[STRIDED_GEMM] N=1024 threads=4 rep=2 batches=312 time=1.008 s | package=109.120 J | dram=0.004421 | total=109.125 J | power=108.3 W | runtime=in_range | checksum=OK
[STRIDED_GEMM] N=1024 threads=4 rep=3 batches=312 time=1.003 s | package=109.870 J | dram=0.004590 | total=109.875 J | power=109.5 W | runtime=in_range | checksum=OK
[STRIDED_GEMM] N=1024 threads=4 rep=4 batches=312 time=1.004 s | package=109.816 J | dram=0.003734 | total=109.820 J | power=109.4 W | runtime=in_range | checksum=OK
[STRIDED_GEMM] N=1024 threads=4 rep=5 batches=312 time=1.002 s | package=108.843 J | dram=0.004667 | total=108.848 J | power=108.6 W | runtime=in_range | checksum=OK
[STRIDED_GEMM] N=1024 threads=4 rep=6 batches=312 time=1.005 s | package=109.813 J | dram=0.004804 | total=109.818 J | power=109.3 W | runtime=in_range | checksum=OK
[STRIDED_GEMM] N=1024 threads=4 rep=7 batches=312 time=1.001 s | package=109.140 J | dram=0.004054 | total=109.144 J | power=109.0 W | runtime=in_range | checksum=OK
[STRIDED_GEMM] N=1024 threads=4 rep=8 batches=312 time=1.003 s | package=109.404 J | dram=0.004820 | total=109.409 J | power=109.1 W | runtime=in_range | checksum=OK
[STRIDED_GEMM] N=1024 threads=4 rep=9 batches=312 time=1.003 s | package=108.899 J | dram=0.003779 | total=108.902 J | power=108.6 W | runtime=in_range | checksum=OK
[STRIDED_GEMM] N=1024 threads=4 rep=10 batches=312 time=1.003 s | package=109.202 J | dram=0.002876 | total=109.205 J | power=108.8 W | runtime=in_range | checksum=OK
[OpenBLAS] requested=4 active=4
[STRIDED_GEMM] N=256 threads=4 rep=1 batches=15106 time=1.006 s | package=104.807 J | dram=0.000000 | total=104.807 J | power=104.2 W | runtime=in_range | checksum=OK
[STRIDED_GEMM] N=256 threads=4 rep=2 batches=15106 time=1.005 s | package=103.082 J | dram=0.000000 | total=103.082 J | power=102.6 W | runtime=in_range | checksum=OK
[STRIDED_GEMM] N=256 threads=4 rep=3 batches=15106 time=1.016 s | package=108.164 J | dram=0.000000 | total=108.164 J | power=106.5 W | runtime=in_range | checksum=OK
[STRIDED_GEMM] N=256 threads=4 rep=4 batches=15106 time=1.020 s | package=110.070 J | dram=0.000000 | total=110.070 J | power=107.9 W | runtime=in_range | checksum=OK
[STRIDED_GEMM] N=256 threads=4 rep=5 batches=15106 time=1.020 s | package=110.061 J | dram=0.000000 | total=110.061 J | power=107.9 W | runtime=in_range | checksum=OK
[STRIDED_GEMM] N=256 threads=4 rep=6 batches=15106 time=1.022 s | package=110.712 J | dram=0.000000 | total=110.712 J | power=108.3 W | runtime=in_range | checksum=OK
[STRIDED_GEMM] N=256 threads=4 rep=7 batches=15106 time=1.022 s | package=110.359 J | dram=0.000000 | total=110.359 J | power=108.0 W | runtime=in_range | checksum=OK
[STRIDED_GEMM] N=256 threads=4 rep=8 batches=15106 time=1.022 s | package=110.570 J | dram=0.000000 | total=110.570 J | power=108.1 W | runtime=in_range | checksum=OK
[STRIDED_GEMM] N=256 threads=4 rep=9 batches=15106 time=1.021 s | package=110.524 J | dram=0.000000 | total=110.524 J | power=108.2 W | runtime=in_range | checksum=OK
[STRIDED_GEMM] N=256 threads=4 rep=10 batches=15106 time=1.023 s | package=110.744 J | dram=0.000000 | total=110.744 J | power=108.3 W | runtime=in_range | checksum=OK
[OpenBLAS] requested=16 active=16
[STRIDED_GEMM] N=128 threads=16 rep=1 batches=87630 time=1.024 s | package=127.662 J | dram=0.000000 | total=127.662 J | power=124.6 W | runtime=in_range | checksum=OK
[STRIDED_GEMM] N=128 threads=16 rep=2 batches=87630 time=1.022 s | package=127.289 J | dram=0.000000 | total=127.289 J | power=124.5 W | runtime=in_range | checksum=OK
[STRIDED_GEMM] N=128 threads=16 rep=3 batches=87630 time=1.020 s | package=127.303 J | dram=0.000000 | total=127.303 J | power=124.8 W | runtime=in_range | checksum=OK
[STRIDED_GEMM] N=128 threads=16 rep=4 batches=87630 time=1.034 s | package=128.912 J | dram=0.000000 | total=128.912 J | power=124.6 W | runtime=in_range | checksum=OK
[STRIDED_GEMM] N=128 threads=16 rep=5 batches=87630 time=1.032 s | package=128.208 J | dram=0.000000 | total=128.208 J | power=124.3 W | runtime=in_range | checksum=OK
[STRIDED_GEMM] N=128 threads=16 rep=6 batches=87630 time=1.021 s | package=127.293 J | dram=0.000000 | total=127.293 J | power=124.7 W | runtime=in_range | checksum=OK
[STRIDED_GEMM] N=128 threads=16 rep=7 batches=87630 time=1.042 s | package=129.121 J | dram=0.000000 | total=129.121 J | power=123.9 W | runtime=in_range | checksum=OK
[STRIDED_GEMM] N=128 threads=16 rep=8 batches=87630 time=1.024 s | package=127.509 J | dram=0.000000 | total=127.509 J | power=124.6 W | runtime=in_range | checksum=OK
[STRIDED_GEMM] N=128 threads=16 rep=9 batches=87630 time=1.010 s | package=126.336 J | dram=0.000000 | total=126.336 J | power=125.1 W | runtime=in_range | checksum=OK
[STRIDED_GEMM] N=128 threads=16 rep=10 batches=87630 time=1.022 s | package=127.267 J | dram=0.000000 | total=127.267 J | power=124.6 W | runtime=in_range | checksum=OK
[OpenBLAS] requested=20 active=20
[STRIDED_GEMM] N=4096 threads=20 rep=1 batches=6 time=1.059 s | package=174.567 J | dram=1.842762 | total=176.410 J | power=166.6 W | runtime=in_range | checksum=OK
[STRIDED_GEMM] N=4096 threads=20 rep=2 batches=6 time=1.057 s | package=174.288 J | dram=1.846526 | total=176.134 J | power=166.6 W | runtime=in_range | checksum=OK
[STRIDED_GEMM] N=4096 threads=20 rep=3 batches=6 time=1.059 s | package=174.500 J | dram=1.853197 | total=176.353 J | power=166.5 W | runtime=in_range | checksum=OK
[STRIDED_GEMM] N=4096 threads=20 rep=4 batches=6 time=1.057 s | package=173.790 J | dram=1.840314 | total=175.631 J | power=166.1 W | runtime=in_range | checksum=OK
[STRIDED_GEMM] N=4096 threads=20 rep=5 batches=6 time=1.062 s | package=174.695 J | dram=1.857925 | total=176.553 J | power=166.2 W | runtime=in_range | checksum=OK
[STRIDED_GEMM] N=4096 threads=20 rep=6 batches=6 time=1.059 s | package=173.976 J | dram=1.864657 | total=175.841 J | power=166.1 W | runtime=in_range | checksum=OK
[STRIDED_GEMM] N=4096 threads=20 rep=7 batches=6 time=1.061 s | package=174.188 J | dram=1.863801 | total=176.052 J | power=165.9 W | runtime=in_range | checksum=OK
[STRIDED_GEMM] N=4096 threads=20 rep=8 batches=6 time=1.062 s | package=174.237 J | dram=1.881564 | total=176.118 J | power=165.9 W | runtime=in_range | checksum=OK
[STRIDED_GEMM] N=4096 threads=20 rep=9 batches=6 time=1.062 s | package=174.197 J | dram=1.856104 | total=176.053 J | power=165.9 W | runtime=in_range | checksum=OK
[STRIDED_GEMM] N=4096 threads=20 rep=10 batches=6 time=1.061 s | package=173.709 J | dram=1.832940 | total=175.542 J | power=165.5 W | runtime=in_range | checksum=OK
[OpenBLAS] requested=1 active=1
[STRIDED_GEMM] N=256 threads=1 rep=1 batches=4893 time=1.001 s | package=66.478 J | dram=0.000000 | total=66.478 J | power=66.4 W | runtime=in_range | checksum=OK
[STRIDED_GEMM] N=256 threads=1 rep=2 batches=4893 time=1.000 s | package=67.264 J | dram=0.000000 | total=67.264 J | power=67.2 W | runtime=in_range | checksum=OK
[STRIDED_GEMM] N=256 threads=1 rep=3 batches=4893 time=1.000 s | package=67.173 J | dram=0.000000 | total=67.173 J | power=67.2 W | runtime=in_range | checksum=OK
[STRIDED_GEMM] N=256 threads=1 rep=4 batches=4893 time=0.999 s | package=67.042 J | dram=0.000000 | total=67.042 J | power=67.1 W | runtime=in_range | checksum=OK
[STRIDED_GEMM] N=256 threads=1 rep=5 batches=4893 time=1.000 s | package=69.194 J | dram=0.000000 | total=69.194 J | power=69.2 W | runtime=in_range | checksum=OK
[STRIDED_GEMM] N=256 threads=1 rep=6 batches=4893 time=1.000 s | package=68.394 J | dram=0.000000 | total=68.394 J | power=68.4 W | runtime=in_range | checksum=OK
[STRIDED_GEMM] N=256 threads=1 rep=7 batches=4893 time=0.999 s | package=68.923 J | dram=0.000000 | total=68.923 J | power=69.0 W | runtime=in_range | checksum=OK
[STRIDED_GEMM] N=256 threads=1 rep=8 batches=4893 time=0.999 s | package=68.041 J | dram=0.000000 | total=68.041 J | power=68.1 W | runtime=in_range | checksum=OK
[STRIDED_GEMM] N=256 threads=1 rep=9 batches=4893 time=1.000 s | package=69.814 J | dram=0.000000 | total=69.814 J | power=69.8 W | runtime=in_range | checksum=OK
[STRIDED_GEMM] N=256 threads=1 rep=10 batches=4893 time=0.999 s | package=68.404 J | dram=0.000000 | total=68.404 J | power=68.5 W | runtime=in_range | checksum=OK
[OpenBLAS] requested=10 active=10
[STRIDED_GEMM] N=4096 threads=10 rep=1 batches=10 time=1.074 s | package=179.213 J | dram=2.125491 | total=181.339 J | power=168.8 W | runtime=in_range | checksum=OK
[STRIDED_GEMM] N=4096 threads=10 rep=2 batches=10 time=1.079 s | package=179.029 J | dram=2.144218 | total=181.173 J | power=167.9 W | runtime=in_range | checksum=OK
[STRIDED_GEMM] N=4096 threads=10 rep=3 batches=10 time=1.079 s | package=179.114 J | dram=2.157973 | total=181.272 J | power=168.0 W | runtime=in_range | checksum=OK
[STRIDED_GEMM] N=4096 threads=10 rep=4 batches=10 time=1.079 s | package=178.916 J | dram=2.119616 | total=181.036 J | power=167.8 W | runtime=in_range | checksum=OK
[STRIDED_GEMM] N=4096 threads=10 rep=5 batches=10 time=1.081 s | package=178.654 J | dram=2.130831 | total=180.785 J | power=167.3 W | runtime=in_range | checksum=OK
[STRIDED_GEMM] N=4096 threads=10 rep=6 batches=10 time=1.081 s | package=178.499 J | dram=2.129868 | total=180.628 J | power=167.1 W | runtime=in_range | checksum=OK
[STRIDED_GEMM] N=4096 threads=10 rep=7 batches=10 time=1.083 s | package=178.617 J | dram=2.128031 | total=180.745 J | power=166.8 W | runtime=in_range | checksum=OK
[STRIDED_GEMM] N=4096 threads=10 rep=8 batches=10 time=1.081 s | package=178.050 J | dram=2.132912 | total=180.183 J | power=166.6 W | runtime=in_range | checksum=OK
[STRIDED_GEMM] N=4096 threads=10 rep=9 batches=10 time=1.083 s | package=178.164 J | dram=2.175598 | total=180.340 J | power=166.5 W | runtime=in_range | checksum=OK
[STRIDED_GEMM] N=4096 threads=10 rep=10 batches=10 time=1.083 s | package=178.093 J | dram=2.144524 | total=180.237 J | power=166.5 W | runtime=in_range | checksum=OK
[OpenBLAS] requested=1 active=1
[STRIDED_GEMM] N=512 threads=1 rep=1 batches=657 time=1.000 s | package=65.073 J | dram=0.000000 | total=65.073 J | power=65.1 W | runtime=in_range | checksum=OK
[STRIDED_GEMM] N=512 threads=1 rep=2 batches=657 time=0.998 s | package=65.408 J | dram=0.000000 | total=65.408 J | power=65.5 W | runtime=in_range | checksum=OK
[STRIDED_GEMM] N=512 threads=1 rep=3 batches=657 time=0.999 s | package=65.953 J | dram=0.000000 | total=65.953 J | power=66.0 W | runtime=in_range | checksum=OK
[STRIDED_GEMM] N=512 threads=1 rep=4 batches=657 time=0.999 s | package=66.442 J | dram=0.000000 | total=66.442 J | power=66.5 W | runtime=in_range | checksum=OK
[STRIDED_GEMM] N=512 threads=1 rep=5 batches=657 time=0.998 s | package=67.077 J | dram=0.000000 | total=67.077 J | power=67.2 W | runtime=in_range | checksum=OK
[STRIDED_GEMM] N=512 threads=1 rep=6 batches=657 time=0.998 s | package=66.422 J | dram=0.000000 | total=66.422 J | power=66.5 W | runtime=in_range | checksum=OK
[STRIDED_GEMM] N=512 threads=1 rep=7 batches=657 time=0.997 s | package=66.616 J | dram=0.000000 | total=66.616 J | power=66.8 W | runtime=in_range | checksum=OK
[STRIDED_GEMM] N=512 threads=1 rep=8 batches=657 time=0.997 s | package=67.510 J | dram=0.000000 | total=67.510 J | power=67.7 W | runtime=in_range | checksum=OK
[STRIDED_GEMM] N=512 threads=1 rep=9 batches=657 time=0.999 s | package=68.052 J | dram=0.000000 | total=68.052 J | power=68.1 W | runtime=in_range | checksum=OK
[STRIDED_GEMM] N=512 threads=1 rep=10 batches=657 time=0.998 s | package=68.352 J | dram=0.000000 | total=68.352 J | power=68.5 W | runtime=in_range | checksum=OK
[OpenBLAS] requested=1 active=1
[STRIDED_GEMM] N=128 threads=1 rep=1 batches=36869 time=1.007 s | package=68.636 J | dram=0.000000 | total=68.636 J | power=68.2 W | runtime=in_range | checksum=OK
[STRIDED_GEMM] N=128 threads=1 rep=2 batches=36869 time=1.000 s | package=68.766 J | dram=0.000000 | total=68.766 J | power=68.8 W | runtime=in_range | checksum=OK
[STRIDED_GEMM] N=128 threads=1 rep=3 batches=36869 time=1.000 s | package=69.247 J | dram=0.000000 | total=69.247 J | power=69.2 W | runtime=in_range | checksum=OK
[STRIDED_GEMM] N=128 threads=1 rep=4 batches=36869 time=1.002 s | package=69.261 J | dram=0.000000 | total=69.261 J | power=69.1 W | runtime=in_range | checksum=OK
[STRIDED_GEMM] N=128 threads=1 rep=5 batches=36869 time=1.002 s | package=69.776 J | dram=0.000000 | total=69.776 J | power=69.6 W | runtime=in_range | checksum=OK
[STRIDED_GEMM] N=128 threads=1 rep=6 batches=36869 time=1.000 s | package=70.314 J | dram=0.000000 | total=70.314 J | power=70.3 W | runtime=in_range | checksum=OK
[STRIDED_GEMM] N=128 threads=1 rep=7 batches=36869 time=1.000 s | package=69.052 J | dram=0.000000 | total=69.052 J | power=69.1 W | runtime=in_range | checksum=OK
[STRIDED_GEMM] N=128 threads=1 rep=8 batches=36869 time=1.000 s | package=68.271 J | dram=0.000000 | total=68.271 J | power=68.2 W | runtime=in_range | checksum=OK
[STRIDED_GEMM] N=128 threads=1 rep=9 batches=36869 time=0.997 s | package=69.356 J | dram=0.000000 | total=69.356 J | power=69.5 W | runtime=in_range | checksum=OK
[STRIDED_GEMM] N=128 threads=1 rep=10 batches=36869 time=1.000 s | package=68.745 J | dram=0.000000 | total=68.745 J | power=68.7 W | runtime=in_range | checksum=OK
[OpenBLAS] requested=16 active=16
[STRIDED_GEMM] N=64 threads=16 rep=1 batches=369247 time=1.000 s | package=69.427 J | dram=0.000000 | total=69.427 J | power=69.4 W | runtime=in_range | checksum=OK
[STRIDED_GEMM] N=64 threads=16 rep=2 batches=369247 time=1.000 s | package=69.602 J | dram=0.000000 | total=69.602 J | power=69.6 W | runtime=in_range | checksum=OK
[STRIDED_GEMM] N=64 threads=16 rep=3 batches=369247 time=1.001 s | package=69.198 J | dram=0.000000 | total=69.198 J | power=69.2 W | runtime=in_range | checksum=OK
[STRIDED_GEMM] N=64 threads=16 rep=4 batches=369247 time=0.998 s | package=69.088 J | dram=0.000000 | total=69.088 J | power=69.2 W | runtime=in_range | checksum=OK
[STRIDED_GEMM] N=64 threads=16 rep=5 batches=369247 time=0.998 s | package=68.820 J | dram=0.000000 | total=68.820 J | power=68.9 W | runtime=in_range | checksum=OK
[STRIDED_GEMM] N=64 threads=16 rep=6 batches=369247 time=0.997 s | package=68.866 J | dram=0.000000 | total=68.866 J | power=69.1 W | runtime=in_range | checksum=OK
[STRIDED_GEMM] N=64 threads=16 rep=7 batches=369247 time=0.998 s | package=68.989 J | dram=0.000000 | total=68.989 J | power=69.1 W | runtime=in_range | checksum=OK
[STRIDED_GEMM] N=64 threads=16 rep=8 batches=369247 time=0.996 s | package=68.506 J | dram=0.000000 | total=68.506 J | power=68.8 W | runtime=in_range | checksum=OK
[STRIDED_GEMM] N=64 threads=16 rep=9 batches=369247 time=0.995 s | package=68.512 J | dram=0.000000 | total=68.512 J | power=68.8 W | runtime=in_range | checksum=OK
[STRIDED_GEMM] N=64 threads=16 rep=10 batches=369247 time=0.995 s | package=68.420 J | dram=0.000000 | total=68.420 J | power=68.8 W | runtime=in_range | checksum=OK
[OpenBLAS] requested=8 active=8
[STRIDED_GEMM] N=4096 threads=8 rep=1 batches=10 time=1.119 s | package=177.154 J | dram=1.887393 | total=179.042 J | power=160.0 W | runtime=in_range | checksum=OK
[STRIDED_GEMM] N=4096 threads=8 rep=2 batches=10 time=1.122 s | package=181.283 J | dram=1.919584 | total=183.203 J | power=163.2 W | runtime=in_range | checksum=OK
[STRIDED_GEMM] N=4096 threads=8 rep=3 batches=10 time=1.126 s | package=181.693 J | dram=1.887606 | total=183.581 J | power=163.0 W | runtime=in_range | checksum=OK
[STRIDED_GEMM] N=4096 threads=8 rep=4 batches=10 time=1.127 s | package=181.784 J | dram=1.910083 | total=183.694 J | power=162.9 W | runtime=in_range | checksum=OK
[STRIDED_GEMM] N=4096 threads=8 rep=5 batches=10 time=1.130 s | package=181.868 J | dram=1.942626 | total=183.810 J | power=162.7 W | runtime=in_range | checksum=OK
[STRIDED_GEMM] N=4096 threads=8 rep=6 batches=10 time=1.131 s | package=181.822 J | dram=1.919293 | total=183.741 J | power=162.5 W | runtime=in_range | checksum=OK
[STRIDED_GEMM] N=4096 threads=8 rep=7 batches=10 time=1.132 s | package=181.839 J | dram=1.919875 | total=183.758 J | power=162.4 W | runtime=in_range | checksum=OK
[STRIDED_GEMM] N=4096 threads=8 rep=8 batches=10 time=1.134 s | package=182.349 J | dram=1.922093 | total=184.271 J | power=162.6 W | runtime=in_range | checksum=OK
[STRIDED_GEMM] N=4096 threads=8 rep=9 batches=10 time=1.135 s | package=182.004 J | dram=1.904697 | total=183.909 J | power=162.0 W | runtime=in_range | checksum=OK
[STRIDED_GEMM] N=4096 threads=8 rep=10 batches=10 time=1.137 s | package=182.128 J | dram=1.930079 | total=184.058 J | power=161.8 W | runtime=in_range | checksum=OK
[OpenBLAS] requested=10 active=10
[STRIDED_GEMM] N=64 threads=10 rep=1 batches=368933 time=0.998 s | package=69.708 J | dram=0.000000 | total=69.708 J | power=69.8 W | runtime=in_range | checksum=OK
[STRIDED_GEMM] N=64 threads=10 rep=2 batches=368933 time=0.997 s | package=68.877 J | dram=0.000000 | total=68.877 J | power=69.1 W | runtime=in_range | checksum=OK
[STRIDED_GEMM] N=64 threads=10 rep=3 batches=368933 time=0.998 s | package=69.738 J | dram=0.000000 | total=69.738 J | power=69.8 W | runtime=in_range | checksum=OK
[STRIDED_GEMM] N=64 threads=10 rep=4 batches=368933 time=0.995 s | package=69.286 J | dram=0.000000 | total=69.286 J | power=69.6 W | runtime=in_range | checksum=OK
[STRIDED_GEMM] N=64 threads=10 rep=5 batches=368933 time=0.995 s | package=69.230 J | dram=0.000000 | total=69.230 J | power=69.6 W | runtime=in_range | checksum=OK
[STRIDED_GEMM] N=64 threads=10 rep=6 batches=368933 time=0.995 s | package=68.594 J | dram=0.000000 | total=68.594 J | power=68.9 W | runtime=in_range | checksum=OK
[STRIDED_GEMM] N=64 threads=10 rep=7 batches=368933 time=0.994 s | package=68.808 J | dram=0.000000 | total=68.808 J | power=69.2 W | runtime=in_range | checksum=OK
[STRIDED_GEMM] N=64 threads=10 rep=8 batches=368933 time=0.993 s | package=67.787 J | dram=0.000000 | total=67.787 J | power=68.3 W | runtime=in_range | checksum=OK
[STRIDED_GEMM] N=64 threads=10 rep=9 batches=368933 time=0.989 s | package=68.154 J | dram=0.000000 | total=68.154 J | power=68.9 W | runtime=in_range | checksum=OK
[STRIDED_GEMM] N=64 threads=10 rep=10 batches=368933 time=0.985 s | package=67.805 J | dram=0.000000 | total=67.805 J | power=68.9 W | runtime=in_range | checksum=OK
[OpenBLAS] requested=10 active=10
[STRIDED_GEMM] N=256 threads=10 rep=1 batches=15905 time=1.045 s | package=144.486 J | dram=0.000000 | total=144.486 J | power=138.3 W | runtime=in_range | checksum=OK
[STRIDED_GEMM] N=256 threads=10 rep=2 batches=15905 time=1.000 s | package=140.086 J | dram=0.000000 | total=140.086 J | power=140.0 W | runtime=in_range | checksum=OK
[STRIDED_GEMM] N=256 threads=10 rep=3 batches=15905 time=1.018 s | package=142.039 J | dram=0.000000 | total=142.039 J | power=139.5 W | runtime=in_range | checksum=OK
[STRIDED_GEMM] N=256 threads=10 rep=4 batches=15905 time=0.988 s | package=139.091 J | dram=0.000000 | total=139.091 J | power=140.7 W | runtime=in_range | checksum=OK
[STRIDED_GEMM] N=256 threads=10 rep=5 batches=15905 time=1.002 s | package=140.683 J | dram=0.000000 | total=140.683 J | power=140.4 W | runtime=in_range | checksum=OK
[STRIDED_GEMM] N=256 threads=10 rep=6 batches=15905 time=1.000 s | package=140.352 J | dram=0.000000 | total=140.352 J | power=140.3 W | runtime=in_range | checksum=OK
[STRIDED_GEMM] N=256 threads=10 rep=7 batches=15905 time=1.005 s | package=140.992 J | dram=0.000000 | total=140.992 J | power=140.3 W | runtime=in_range | checksum=OK
[STRIDED_GEMM] N=256 threads=10 rep=8 batches=15905 time=0.994 s | package=139.802 J | dram=0.000000 | total=139.802 J | power=140.6 W | runtime=in_range | checksum=OK
[STRIDED_GEMM] N=256 threads=10 rep=9 batches=15905 time=1.009 s | package=141.381 J | dram=0.000000 | total=141.381 J | power=140.1 W | runtime=in_range | checksum=OK
[STRIDED_GEMM] N=256 threads=10 rep=10 batches=15905 time=0.993 s | package=139.789 J | dram=0.000000 | total=139.789 J | power=140.7 W | runtime=in_range | checksum=OK
[OpenBLAS] requested=8 active=8
[STRIDED_GEMM] N=512 threads=8 rep=1 batches=3763 time=1.004 s | package=151.099 J | dram=0.000000 | total=151.099 J | power=150.5 W | runtime=in_range | checksum=OK
[STRIDED_GEMM] N=512 threads=8 rep=2 batches=3763 time=1.004 s | package=151.002 J | dram=0.000000 | total=151.002 J | power=150.4 W | runtime=in_range | checksum=OK
[STRIDED_GEMM] N=512 threads=8 rep=3 batches=3763 time=1.002 s | package=150.883 J | dram=0.000000 | total=150.883 J | power=150.5 W | runtime=in_range | checksum=OK
[STRIDED_GEMM] N=512 threads=8 rep=4 batches=3763 time=1.002 s | package=150.797 J | dram=0.000000 | total=150.797 J | power=150.4 W | runtime=in_range | checksum=OK
[STRIDED_GEMM] N=512 threads=8 rep=5 batches=3763 time=1.002 s | package=151.139 J | dram=0.000000 | total=151.139 J | power=150.8 W | runtime=in_range | checksum=OK
[STRIDED_GEMM] N=512 threads=8 rep=6 batches=3763 time=1.005 s | package=151.366 J | dram=0.000000 | total=151.366 J | power=150.6 W | runtime=in_range | checksum=OK
[STRIDED_GEMM] N=512 threads=8 rep=7 batches=3763 time=1.007 s | package=151.571 J | dram=0.000000 | total=151.571 J | power=150.5 W | runtime=in_range | checksum=OK
[STRIDED_GEMM] N=512 threads=8 rep=8 batches=3763 time=1.006 s | package=151.249 J | dram=0.000000 | total=151.249 J | power=150.3 W | runtime=in_range | checksum=OK
[STRIDED_GEMM] N=512 threads=8 rep=9 batches=3763 time=1.008 s | package=151.187 J | dram=0.000000 | total=151.187 J | power=150.0 W | runtime=in_range | checksum=OK
[STRIDED_GEMM] N=512 threads=8 rep=10 batches=3763 time=1.009 s | package=151.143 J | dram=0.000000 | total=151.143 J | power=149.8 W | runtime=in_range | checksum=OK
[OpenBLAS] requested=8 active=8
[STRIDED_GEMM] N=64 threads=8 rep=1 batches=382930 time=1.025 s | package=70.587 J | dram=0.000000 | total=70.587 J | power=68.9 W | runtime=in_range | checksum=OK
[STRIDED_GEMM] N=64 threads=8 rep=2 batches=382930 time=1.038 s | package=72.122 J | dram=0.000000 | total=72.122 J | power=69.5 W | runtime=in_range | checksum=OK
[STRIDED_GEMM] N=64 threads=8 rep=3 batches=382930 time=1.038 s | package=72.926 J | dram=0.000000 | total=72.926 J | power=70.3 W | runtime=in_range | checksum=OK
[STRIDED_GEMM] N=64 threads=8 rep=4 batches=382930 time=1.034 s | package=72.361 J | dram=0.000000 | total=72.361 J | power=70.0 W | runtime=in_range | checksum=OK
[STRIDED_GEMM] N=64 threads=8 rep=5 batches=382930 time=1.035 s | package=66.919 J | dram=0.000000 | total=66.919 J | power=64.7 W | runtime=in_range | checksum=OK
[STRIDED_GEMM] N=64 threads=8 rep=6 batches=382930 time=1.044 s | package=66.035 J | dram=0.000000 | total=66.035 J | power=63.2 W | runtime=in_range | checksum=OK
[STRIDED_GEMM] N=64 threads=8 rep=7 batches=382930 time=1.046 s | package=67.245 J | dram=0.000000 | total=67.245 J | power=64.3 W | runtime=in_range | checksum=OK
[STRIDED_GEMM] N=64 threads=8 rep=8 batches=382930 time=1.075 s | package=66.395 J | dram=0.000000 | total=66.395 J | power=61.7 W | runtime=in_range | checksum=OK
[STRIDED_GEMM] N=64 threads=8 rep=9 batches=382930 time=1.046 s | package=65.378 J | dram=0.000000 | total=65.378 J | power=62.5 W | runtime=in_range | checksum=OK
[STRIDED_GEMM] N=64 threads=8 rep=10 batches=382930 time=1.047 s | package=65.884 J | dram=0.000000 | total=65.884 J | power=62.9 W | runtime=in_range | checksum=OK
[OpenBLAS] requested=10 active=10
[STRIDED_GEMM] N=512 threads=10 rep=1 batches=3321 time=1.021 s | package=160.407 J | dram=0.000000 | total=160.407 J | power=157.2 W | runtime=in_range | checksum=OK
[STRIDED_GEMM] N=512 threads=10 rep=2 batches=3321 time=1.012 s | package=159.963 J | dram=0.000000 | total=159.963 J | power=158.0 W | runtime=in_range | checksum=OK
[STRIDED_GEMM] N=512 threads=10 rep=3 batches=3321 time=1.019 s | package=160.771 J | dram=0.000000 | total=160.771 J | power=157.8 W | runtime=in_range | checksum=OK
[STRIDED_GEMM] N=512 threads=10 rep=4 batches=3321 time=1.030 s | package=162.301 J | dram=0.000000 | total=162.301 J | power=157.6 W | runtime=in_range | checksum=OK
[STRIDED_GEMM] N=512 threads=10 rep=5 batches=3321 time=1.016 s | package=160.783 J | dram=0.000000 | total=160.783 J | power=158.3 W | runtime=in_range | checksum=OK
[STRIDED_GEMM] N=512 threads=10 rep=6 batches=3321 time=1.022 s | package=161.411 J | dram=0.000000 | total=161.411 J | power=158.0 W | runtime=in_range | checksum=OK
[STRIDED_GEMM] N=512 threads=10 rep=7 batches=3321 time=1.027 s | package=162.656 J | dram=0.000000 | total=162.656 J | power=158.3 W | runtime=in_range | checksum=OK
[STRIDED_GEMM] N=512 threads=10 rep=8 batches=3321 time=1.026 s | package=162.842 J | dram=0.000000 | total=162.842 J | power=158.7 W | runtime=in_range | checksum=OK
[STRIDED_GEMM] N=512 threads=10 rep=9 batches=3321 time=1.029 s | package=163.018 J | dram=0.000000 | total=163.018 J | power=158.4 W | runtime=in_range | checksum=OK
[STRIDED_GEMM] N=512 threads=10 rep=10 batches=3321 time=1.034 s | package=163.766 J | dram=0.000000 | total=163.766 J | power=158.4 W | runtime=in_range | checksum=OK
[OpenBLAS] requested=4 active=4
[STRIDED_GEMM] N=512 threads=4 rep=1 batches=2249 time=1.000 s | package=100.562 J | dram=0.000000 | total=100.562 J | power=100.5 W | runtime=in_range | checksum=OK
[STRIDED_GEMM] N=512 threads=4 rep=2 batches=2249 time=1.001 s | package=100.359 J | dram=0.000000 | total=100.359 J | power=100.3 W | runtime=in_range | checksum=OK
[STRIDED_GEMM] N=512 threads=4 rep=3 batches=2249 time=1.001 s | package=100.585 J | dram=0.000000 | total=100.585 J | power=100.5 W | runtime=in_range | checksum=OK
[STRIDED_GEMM] N=512 threads=4 rep=4 batches=2249 time=1.001 s | package=100.530 J | dram=0.000000 | total=100.530 J | power=100.4 W | runtime=in_range | checksum=OK
[STRIDED_GEMM] N=512 threads=4 rep=5 batches=2249 time=1.001 s | package=100.457 J | dram=0.000000 | total=100.457 J | power=100.4 W | runtime=in_range | checksum=OK
[STRIDED_GEMM] N=512 threads=4 rep=6 batches=2249 time=1.001 s | package=100.700 J | dram=0.000000 | total=100.700 J | power=100.6 W | runtime=in_range | checksum=OK
[STRIDED_GEMM] N=512 threads=4 rep=7 batches=2249 time=1.002 s | package=100.701 J | dram=0.000000 | total=100.701 J | power=100.5 W | runtime=in_range | checksum=OK
[STRIDED_GEMM] N=512 threads=4 rep=8 batches=2249 time=1.002 s | package=100.470 J | dram=0.000000 | total=100.470 J | power=100.3 W | runtime=in_range | checksum=OK
[STRIDED_GEMM] N=512 threads=4 rep=9 batches=2249 time=1.001 s | package=100.481 J | dram=0.000000 | total=100.481 J | power=100.4 W | runtime=in_range | checksum=OK
[STRIDED_GEMM] N=512 threads=4 rep=10 batches=2249 time=1.001 s | package=100.463 J | dram=0.000000 | total=100.463 J | power=100.4 W | runtime=in_range | checksum=OK
[OpenBLAS] requested=10 active=10
[STRIDED_GEMM] N=128 threads=10 rep=1 batches=81878 time=1.044 s | package=126.917 J | dram=0.000000 | total=126.917 J | power=121.5 W | runtime=in_range | checksum=OK
[STRIDED_GEMM] N=128 threads=10 rep=2 batches=81878 time=1.038 s | package=126.848 J | dram=0.000000 | total=126.848 J | power=122.2 W | runtime=in_range | checksum=OK
[STRIDED_GEMM] N=128 threads=10 rep=3 batches=81878 time=1.051 s | package=128.029 J | dram=0.000000 | total=128.029 J | power=121.9 W | runtime=in_range | checksum=OK
[STRIDED_GEMM] N=128 threads=10 rep=4 batches=81878 time=1.034 s | package=126.688 J | dram=0.000000 | total=126.688 J | power=122.5 W | runtime=in_range | checksum=OK
[STRIDED_GEMM] N=128 threads=10 rep=5 batches=81878 time=1.094 s | package=131.963 J | dram=0.000000 | total=131.963 J | power=120.6 W | runtime=in_range | checksum=OK
[STRIDED_GEMM] N=128 threads=10 rep=6 batches=81878 time=1.030 s | package=126.307 J | dram=0.000000 | total=126.307 J | power=122.7 W | runtime=in_range | checksum=OK
[STRIDED_GEMM] N=128 threads=10 rep=7 batches=81878 time=1.002 s | package=123.512 J | dram=0.000000 | total=123.512 J | power=123.3 W | runtime=in_range | checksum=OK
[STRIDED_GEMM] N=128 threads=10 rep=8 batches=81878 time=0.997 s | package=122.953 J | dram=0.000000 | total=122.953 J | power=123.3 W | runtime=in_range | checksum=OK
[STRIDED_GEMM] N=128 threads=10 rep=9 batches=81878 time=0.996 s | package=122.806 J | dram=0.000000 | total=122.806 J | power=123.3 W | runtime=in_range | checksum=OK
[STRIDED_GEMM] N=128 threads=10 rep=10 batches=81878 time=1.001 s | package=123.423 J | dram=0.000000 | total=123.423 J | power=123.3 W | runtime=in_range | checksum=OK
[OpenBLAS] requested=16 active=16
[STRIDED_GEMM] N=4096 threads=16 rep=1 batches=8 time=1.114 s | package=183.244 J | dram=1.770226 | total=185.015 J | power=166.0 W | runtime=in_range | checksum=OK
[STRIDED_GEMM] N=4096 threads=16 rep=2 batches=8 time=1.117 s | package=183.287 J | dram=1.764580 | total=185.052 J | power=165.7 W | runtime=in_range | checksum=OK
[STRIDED_GEMM] N=4096 threads=16 rep=3 batches=8 time=1.118 s | package=182.446 J | dram=1.770011 | total=184.216 J | power=164.8 W | runtime=in_range | checksum=OK
[STRIDED_GEMM] N=4096 threads=16 rep=4 batches=8 time=1.117 s | package=182.214 J | dram=1.778288 | total=183.993 J | power=164.7 W | runtime=in_range | checksum=OK
[STRIDED_GEMM] N=4096 threads=16 rep=5 batches=8 time=1.120 s | package=182.959 J | dram=1.778518 | total=184.738 J | power=165.0 W | runtime=in_range | checksum=OK
[STRIDED_GEMM] N=4096 threads=16 rep=6 batches=8 time=1.119 s | package=183.041 J | dram=1.777340 | total=184.819 J | power=165.2 W | runtime=in_range | checksum=OK
[STRIDED_GEMM] N=4096 threads=16 rep=7 batches=8 time=1.118 s | package=182.506 J | dram=1.773622 | total=184.280 J | power=164.8 W | runtime=in_range | checksum=OK
[STRIDED_GEMM] N=4096 threads=16 rep=8 batches=8 time=1.119 s | package=182.629 J | dram=1.784133 | total=184.414 J | power=164.8 W | runtime=in_range | checksum=OK
[STRIDED_GEMM] N=4096 threads=16 rep=9 batches=8 time=1.120 s | package=182.297 J | dram=1.782587 | total=184.080 J | power=164.4 W | runtime=in_range | checksum=OK
[STRIDED_GEMM] N=4096 threads=16 rep=10 batches=8 time=1.121 s | package=182.066 J | dram=1.781777 | total=183.848 J | power=164.0 W | runtime=in_range | checksum=OK
[OpenBLAS] requested=16 active=16
[STRIDED_GEMM] N=1024 threads=16 rep=1 batches=446 time=1.004 s | package=160.698 J | dram=0.419388 | total=161.117 J | power=160.4 W | runtime=in_range | checksum=OK
[STRIDED_GEMM] N=1024 threads=16 rep=2 batches=446 time=1.003 s | package=160.183 J | dram=0.403354 | total=160.586 J | power=160.0 W | runtime=in_range | checksum=OK
[STRIDED_GEMM] N=1024 threads=16 rep=3 batches=446 time=1.005 s | package=160.422 J | dram=0.413360 | total=160.835 J | power=160.0 W | runtime=in_range | checksum=OK
[STRIDED_GEMM] N=1024 threads=16 rep=4 batches=446 time=1.006 s | package=160.433 J | dram=0.418210 | total=160.851 J | power=159.9 W | runtime=in_range | checksum=OK
[STRIDED_GEMM] N=1024 threads=16 rep=5 batches=446 time=1.007 s | package=160.095 J | dram=0.420719 | total=160.515 J | power=159.4 W | runtime=in_range | checksum=OK
[STRIDED_GEMM] N=1024 threads=16 rep=6 batches=446 time=1.006 s | package=159.562 J | dram=0.416129 | total=159.978 J | power=159.0 W | runtime=in_range | checksum=OK
[STRIDED_GEMM] N=1024 threads=16 rep=7 batches=446 time=1.007 s | package=160.034 J | dram=0.418501 | total=160.453 J | power=159.4 W | runtime=in_range | checksum=OK
[STRIDED_GEMM] N=1024 threads=16 rep=8 batches=446 time=1.007 s | package=159.629 J | dram=0.404639 | total=160.034 J | power=158.9 W | runtime=in_range | checksum=OK
[STRIDED_GEMM] N=1024 threads=16 rep=9 batches=446 time=1.008 s | package=159.088 J | dram=0.415044 | total=159.503 J | power=158.2 W | runtime=in_range | checksum=OK
[STRIDED_GEMM] N=1024 threads=16 rep=10 batches=446 time=1.008 s | package=159.008 J | dram=0.418791 | total=159.427 J | power=158.1 W | runtime=in_range | checksum=OK
[OpenBLAS] requested=20 active=20
[STRIDED_GEMM] N=16384 threads=20 rep=1 batches=1 time=9.401 s | package=1532.260 J | dram=20.229859 | total=1552.489 J | power=165.1 W | runtime=above | checksum=OK
[STRIDED_GEMM] N=16384 threads=20 rep=2 batches=1 time=9.460 s | package=1526.282 J | dram=20.400684 | total=1546.683 J | power=163.5 W | runtime=above | checksum=OK
[STRIDED_GEMM] N=16384 threads=20 rep=3 batches=1 time=9.554 s | package=1524.119 J | dram=20.484726 | total=1544.603 J | power=161.7 W | runtime=above | checksum=OK
[STRIDED_GEMM] N=16384 threads=20 rep=4 batches=1 time=9.522 s | package=1502.955 J | dram=20.413673 | total=1523.368 J | power=160.0 W | runtime=above | checksum=OK
[STRIDED_GEMM] N=16384 threads=20 rep=5 batches=1 time=9.477 s | package=1480.344 J | dram=20.291227 | total=1500.635 J | power=158.3 W | runtime=above | checksum=OK
[STRIDED_GEMM] N=16384 threads=20 rep=6 batches=1 time=9.752 s | package=1506.707 J | dram=21.348656 | total=1528.056 J | power=156.7 W | runtime=above | checksum=OK
[STRIDED_GEMM] N=16384 threads=20 rep=7 batches=1 time=9.851 s | package=1507.309 J | dram=21.498076 | total=1528.807 J | power=155.2 W | runtime=above | checksum=OK
[STRIDED_GEMM] N=16384 threads=20 rep=8 batches=1 time=9.566 s | package=1454.061 J | dram=20.828212 | total=1474.889 J | power=154.2 W | runtime=above | checksum=OK
[STRIDED_GEMM] N=16384 threads=20 rep=9 batches=1 time=9.490 s | package=1433.780 J | dram=20.724416 | total=1454.504 J | power=153.3 W | runtime=above | checksum=OK
[STRIDED_GEMM] N=16384 threads=20 rep=10 batches=1 time=9.656 s | package=1449.245 J | dram=21.452818 | total=1470.698 J | power=152.3 W | runtime=above | checksum=OK
[OpenBLAS] requested=2 active=2
[STRIDED_GEMM] N=1024 threads=2 rep=1 batches=160 time=1.001 s | package=79.504 J | dram=0.000336 | total=79.504 J | power=79.4 W | runtime=in_range | checksum=OK
[STRIDED_GEMM] N=1024 threads=2 rep=2 batches=160 time=1.000 s | package=79.392 J | dram=0.000520 | total=79.393 J | power=79.4 W | runtime=in_range | checksum=OK
[STRIDED_GEMM] N=1024 threads=2 rep=3 batches=160 time=1.000 s | package=79.788 J | dram=0.000551 | total=79.788 J | power=79.8 W | runtime=in_range | checksum=OK
[STRIDED_GEMM] N=1024 threads=2 rep=4 batches=160 time=0.999 s | package=80.610 J | dram=0.000750 | total=80.610 J | power=80.7 W | runtime=in_range | checksum=OK
[STRIDED_GEMM] N=1024 threads=2 rep=5 batches=160 time=0.997 s | package=79.749 J | dram=0.000245 | total=79.749 J | power=80.0 W | runtime=in_range | checksum=OK
[STRIDED_GEMM] N=1024 threads=2 rep=6 batches=160 time=0.995 s | package=80.016 J | dram=0.000367 | total=80.017 J | power=80.4 W | runtime=in_range | checksum=OK
[STRIDED_GEMM] N=1024 threads=2 rep=7 batches=160 time=0.995 s | package=79.975 J | dram=0.000260 | total=79.975 J | power=80.3 W | runtime=in_range | checksum=OK
[STRIDED_GEMM] N=1024 threads=2 rep=8 batches=160 time=0.994 s | package=79.526 J | dram=0.000015 | total=79.526 J | power=80.0 W | runtime=in_range | checksum=OK
[STRIDED_GEMM] N=1024 threads=2 rep=9 batches=160 time=0.994 s | package=79.525 J | dram=0.000475 | total=79.526 J | power=80.0 W | runtime=in_range | checksum=OK
[STRIDED_GEMM] N=1024 threads=2 rep=10 batches=160 time=0.993 s | package=78.513 J | dram=0.000214 | total=78.513 J | power=79.1 W | runtime=in_range | checksum=OK
[OpenBLAS] requested=10 active=10
[STRIDED_GEMM] N=1024 threads=10 rep=1 batches=502 time=1.021 s | package=149.897 J | dram=0.166892 | total=150.063 J | power=147.0 W | runtime=in_range | checksum=OK
[STRIDED_GEMM] N=1024 threads=10 rep=2 batches=502 time=1.012 s | package=148.869 J | dram=0.179454 | total=149.049 J | power=147.3 W | runtime=in_range | checksum=OK
[STRIDED_GEMM] N=1024 threads=10 rep=3 batches=502 time=1.014 s | package=148.532 J | dram=0.163633 | total=148.696 J | power=146.6 W | runtime=in_range | checksum=OK
[STRIDED_GEMM] N=1024 threads=10 rep=4 batches=502 time=1.013 s | package=148.336 J | dram=0.158768 | total=148.495 J | power=146.6 W | runtime=in_range | checksum=OK
[STRIDED_GEMM] N=1024 threads=10 rep=5 batches=502 time=1.017 s | package=148.427 J | dram=0.160864 | total=148.588 J | power=146.1 W | runtime=in_range | checksum=OK
[STRIDED_GEMM] N=1024 threads=10 rep=6 batches=502 time=1.013 s | package=147.678 J | dram=0.162348 | total=147.841 J | power=145.9 W | runtime=in_range | checksum=OK
[STRIDED_GEMM] N=1024 threads=10 rep=7 batches=502 time=1.015 s | package=147.721 J | dram=0.167321 | total=147.889 J | power=145.7 W | runtime=in_range | checksum=OK
[STRIDED_GEMM] N=1024 threads=10 rep=8 batches=502 time=1.015 s | package=147.303 J | dram=0.171988 | total=147.475 J | power=145.3 W | runtime=in_range | checksum=OK
[STRIDED_GEMM] N=1024 threads=10 rep=9 batches=502 time=1.015 s | package=147.580 J | dram=0.165393 | total=147.745 J | power=145.5 W | runtime=in_range | checksum=OK
[STRIDED_GEMM] N=1024 threads=10 rep=10 batches=502 time=1.016 s | package=147.446 J | dram=0.166510 | total=147.613 J | power=145.3 W | runtime=in_range | checksum=OK
[OpenBLAS] requested=10 active=10
[STRIDED_GEMM] N=8192 threads=10 rep=1 batches=2 time=1.985 s | package=293.303 J | dram=4.096912 | total=297.400 J | power=149.8 W | runtime=above | checksum=OK
[STRIDED_GEMM] N=8192 threads=10 rep=2 batches=2 time=1.983 s | package=292.814 J | dram=4.139415 | total=296.953 J | power=149.7 W | runtime=above | checksum=OK
[STRIDED_GEMM] N=8192 threads=10 rep=3 batches=2 time=1.981 s | package=292.289 J | dram=4.140976 | total=296.430 J | power=149.6 W | runtime=above | checksum=OK
[STRIDED_GEMM] N=8192 threads=10 rep=4 batches=2 time=1.986 s | package=292.722 J | dram=4.135590 | total=296.857 J | power=149.5 W | runtime=above | checksum=OK
[STRIDED_GEMM] N=8192 threads=10 rep=5 batches=2 time=1.979 s | package=291.135 J | dram=4.081596 | total=295.217 J | power=149.1 W | runtime=above | checksum=OK
[STRIDED_GEMM] N=8192 threads=10 rep=6 batches=2 time=1.983 s | package=290.847 J | dram=4.174039 | total=295.021 J | power=148.8 W | runtime=above | checksum=OK
[STRIDED_GEMM] N=8192 threads=10 rep=7 batches=2 time=1.987 s | package=291.995 J | dram=4.160269 | total=296.156 J | power=149.1 W | runtime=above | checksum=OK
[STRIDED_GEMM] N=8192 threads=10 rep=8 batches=2 time=1.981 s | package=290.537 J | dram=4.177879 | total=294.715 J | power=148.8 W | runtime=above | checksum=OK
[STRIDED_GEMM] N=8192 threads=10 rep=9 batches=2 time=1.984 s | package=290.788 J | dram=4.172157 | total=294.961 J | power=148.7 W | runtime=above | checksum=OK
[STRIDED_GEMM] N=8192 threads=10 rep=10 batches=2 time=1.985 s | package=290.450 J | dram=4.162074 | total=294.612 J | power=148.4 W | runtime=above | checksum=OK
[OpenBLAS] requested=20 active=20
[STRIDED_GEMM] N=64 threads=20 rep=1 batches=354017 time=0.997 s | package=61.136 J | dram=0.000000 | total=61.136 J | power=61.3 W | runtime=in_range | checksum=OK
[STRIDED_GEMM] N=64 threads=20 rep=2 batches=354017 time=0.997 s | package=61.454 J | dram=0.000000 | total=61.454 J | power=61.7 W | runtime=in_range | checksum=OK
[STRIDED_GEMM] N=64 threads=20 rep=3 batches=354017 time=0.995 s | package=61.421 J | dram=0.000000 | total=61.421 J | power=61.8 W | runtime=in_range | checksum=OK
[STRIDED_GEMM] N=64 threads=20 rep=4 batches=354017 time=0.994 s | package=61.259 J | dram=0.000000 | total=61.259 J | power=61.6 W | runtime=in_range | checksum=OK
[STRIDED_GEMM] N=64 threads=20 rep=5 batches=354017 time=0.996 s | package=62.836 J | dram=0.000000 | total=62.836 J | power=63.1 W | runtime=in_range | checksum=OK
[STRIDED_GEMM] N=64 threads=20 rep=6 batches=354017 time=0.994 s | package=62.870 J | dram=0.000000 | total=62.870 J | power=63.3 W | runtime=in_range | checksum=OK
[STRIDED_GEMM] N=64 threads=20 rep=7 batches=354017 time=0.992 s | package=61.770 J | dram=0.000000 | total=61.770 J | power=62.3 W | runtime=in_range | checksum=OK
[STRIDED_GEMM] N=64 threads=20 rep=8 batches=354017 time=0.991 s | package=61.440 J | dram=0.000000 | total=61.440 J | power=62.0 W | runtime=in_range | checksum=OK
[STRIDED_GEMM] N=64 threads=20 rep=9 batches=354017 time=0.993 s | package=62.788 J | dram=0.000000 | total=62.788 J | power=63.2 W | runtime=in_range | checksum=OK
[STRIDED_GEMM] N=64 threads=20 rep=10 batches=354017 time=0.991 s | package=62.133 J | dram=0.000000 | total=62.133 J | power=62.7 W | runtime=in_range | checksum=OK
[OpenBLAS] requested=8 active=8
[STRIDED_GEMM] N=128 threads=8 rep=1 batches=85923 time=1.008 s | package=129.844 J | dram=0.000000 | total=129.844 J | power=128.8 W | runtime=in_range | checksum=OK
[STRIDED_GEMM] N=128 threads=8 rep=2 batches=85923 time=1.007 s | package=130.157 J | dram=0.000000 | total=130.157 J | power=129.3 W | runtime=in_range | checksum=OK
[STRIDED_GEMM] N=128 threads=8 rep=3 batches=85923 time=0.993 s | package=128.769 J | dram=0.000000 | total=128.769 J | power=129.7 W | runtime=in_range | checksum=OK
[STRIDED_GEMM] N=128 threads=8 rep=4 batches=85923 time=1.000 s | package=129.401 J | dram=0.000000 | total=129.401 J | power=129.5 W | runtime=in_range | checksum=OK
[STRIDED_GEMM] N=128 threads=8 rep=5 batches=85923 time=1.000 s | package=129.489 J | dram=0.000000 | total=129.489 J | power=129.5 W | runtime=in_range | checksum=OK
[STRIDED_GEMM] N=128 threads=8 rep=6 batches=85923 time=1.002 s | package=129.739 J | dram=0.000000 | total=129.739 J | power=129.4 W | runtime=in_range | checksum=OK
[STRIDED_GEMM] N=128 threads=8 rep=7 batches=85923 time=1.000 s | package=129.698 J | dram=0.000000 | total=129.698 J | power=129.7 W | runtime=in_range | checksum=OK
[STRIDED_GEMM] N=128 threads=8 rep=8 batches=85923 time=0.994 s | package=129.034 J | dram=0.000000 | total=129.034 J | power=129.8 W | runtime=in_range | checksum=OK
[STRIDED_GEMM] N=128 threads=8 rep=9 batches=85923 time=0.994 s | package=129.058 J | dram=0.000000 | total=129.058 J | power=129.9 W | runtime=in_range | checksum=OK
[STRIDED_GEMM] N=128 threads=8 rep=10 batches=85923 time=0.993 s | package=128.865 J | dram=0.000000 | total=128.865 J | power=129.8 W | runtime=in_range | checksum=OK
[OpenBLAS] requested=4 active=4
[STRIDED_GEMM] N=16384 threads=4 rep=1 batches=1 time=12.864 s | package=1439.449 J | dram=12.466118 | total=1451.915 J | power=112.9 W | runtime=above | checksum=OK
[STRIDED_GEMM] N=16384 threads=4 rep=2 batches=1 time=12.850 s | package=1442.418 J | dram=12.330683 | total=1454.749 J | power=113.2 W | runtime=above | checksum=OK
[STRIDED_GEMM] N=16384 threads=4 rep=3 batches=1 time=12.833 s | package=1432.637 J | dram=12.432612 | total=1445.070 J | power=112.6 W | runtime=above | checksum=OK
[STRIDED_GEMM] N=16384 threads=4 rep=4 batches=1 time=12.819 s | package=1436.658 J | dram=12.442572 | total=1449.100 J | power=113.0 W | runtime=above | checksum=OK
[STRIDED_GEMM] N=16384 threads=4 rep=5 batches=1 time=12.784 s | package=1438.701 J | dram=12.588794 | total=1451.290 J | power=113.5 W | runtime=above | checksum=OK
[STRIDED_GEMM] N=16384 threads=4 rep=6 batches=1 time=12.764 s | package=1437.140 J | dram=12.616579 | total=1449.757 J | power=113.6 W | runtime=above | checksum=OK
[STRIDED_GEMM] N=16384 threads=4 rep=7 batches=1 time=12.758 s | package=1440.079 J | dram=12.597025 | total=1452.676 J | power=113.9 W | runtime=above | checksum=OK
[STRIDED_GEMM] N=16384 threads=4 rep=8 batches=1 time=12.925 s | package=1451.430 J | dram=12.761149 | total=1464.192 J | power=113.3 W | runtime=above | checksum=OK
[STRIDED_GEMM] N=16384 threads=4 rep=9 batches=1 time=12.748 s | package=1451.026 J | dram=12.371351 | total=1463.397 J | power=114.8 W | runtime=above | checksum=OK
[STRIDED_GEMM] N=16384 threads=4 rep=10 batches=1 time=13.287 s | package=1417.968 J | dram=12.907508 | total=1430.875 J | power=107.7 W | runtime=above | checksum=OK
[OpenBLAS] requested=20 active=20
[STRIDED_GEMM] N=8192 threads=20 rep=1 batches=1 time=1.241 s | package=201.934 J | dram=2.417416 | total=204.351 J | power=164.7 W | runtime=in_range | checksum=OK
[STRIDED_GEMM] N=8192 threads=20 rep=2 batches=1 time=1.243 s | package=201.815 J | dram=2.465671 | total=204.281 J | power=164.4 W | runtime=in_range | checksum=OK
[STRIDED_GEMM] N=8192 threads=20 rep=3 batches=1 time=1.246 s | package=202.232 J | dram=2.444221 | total=204.676 J | power=164.3 W | runtime=in_range | checksum=OK
[STRIDED_GEMM] N=8192 threads=20 rep=4 batches=1 time=1.242 s | package=201.644 J | dram=2.444099 | total=204.088 J | power=164.4 W | runtime=in_range | checksum=OK
[STRIDED_GEMM] N=8192 threads=20 rep=5 batches=1 time=1.247 s | package=201.941 J | dram=2.472403 | total=204.413 J | power=164.0 W | runtime=in_range | checksum=OK
[STRIDED_GEMM] N=8192 threads=20 rep=6 batches=1 time=1.244 s | package=200.982 J | dram=2.457349 | total=203.439 J | power=163.6 W | runtime=in_range | checksum=OK
[STRIDED_GEMM] N=8192 threads=20 rep=7 batches=1 time=1.244 s | package=200.717 J | dram=2.442645 | total=203.160 J | power=163.3 W | runtime=in_range | checksum=OK
[STRIDED_GEMM] N=8192 threads=20 rep=8 batches=1 time=1.244 s | package=200.277 J | dram=2.448673 | total=202.726 J | power=163.0 W | runtime=in_range | checksum=OK
[STRIDED_GEMM] N=8192 threads=20 rep=9 batches=1 time=1.244 s | package=200.297 J | dram=2.485576 | total=202.783 J | power=163.0 W | runtime=in_range | checksum=OK
[STRIDED_GEMM] N=8192 threads=20 rep=10 batches=1 time=1.238 s | package=199.264 J | dram=2.486541 | total=201.750 J | power=163.0 W | runtime=in_range | checksum=OK
[OpenBLAS] requested=16 active=16
[STRIDED_GEMM] N=8192 threads=16 rep=1 batches=1 time=1.079 s | package=171.268 J | dram=1.754068 | total=173.022 J | power=160.4 W | runtime=in_range | checksum=OK
[STRIDED_GEMM] N=8192 threads=16 rep=2 batches=1 time=1.082 s | package=170.761 J | dram=1.702477 | total=172.464 J | power=159.4 W | runtime=in_range | checksum=OK
[STRIDED_GEMM] N=8192 threads=16 rep=3 batches=1 time=1.084 s | package=170.521 J | dram=1.712651 | total=172.234 J | power=158.9 W | runtime=in_range | checksum=OK
[STRIDED_GEMM] N=8192 threads=16 rep=4 batches=1 time=1.083 s | package=170.843 J | dram=1.747306 | total=172.590 J | power=159.4 W | runtime=in_range | checksum=OK
[STRIDED_GEMM] N=8192 threads=16 rep=5 batches=1 time=1.084 s | package=170.509 J | dram=1.733382 | total=172.243 J | power=158.9 W | runtime=in_range | checksum=OK
[STRIDED_GEMM] N=8192 threads=16 rep=6 batches=1 time=1.091 s | package=168.190 J | dram=1.797842 | total=169.987 J | power=155.8 W | runtime=in_range | checksum=OK
[STRIDED_GEMM] N=8192 threads=16 rep=7 batches=1 time=1.092 s | package=167.759 J | dram=1.803901 | total=169.563 J | power=155.3 W | runtime=in_range | checksum=OK
[STRIDED_GEMM] N=8192 threads=16 rep=8 batches=1 time=1.091 s | package=167.872 J | dram=1.792823 | total=169.665 J | power=155.5 W | runtime=in_range | checksum=OK
[STRIDED_GEMM] N=8192 threads=16 rep=9 batches=1 time=1.091 s | package=167.804 J | dram=1.791538 | total=169.595 J | power=155.4 W | runtime=in_range | checksum=OK
[STRIDED_GEMM] N=8192 threads=16 rep=10 batches=1 time=1.092 s | package=167.604 J | dram=1.798316 | total=169.402 J | power=155.2 W | runtime=in_range | checksum=OK
[OpenBLAS] requested=20 active=20
[STRIDED_GEMM] N=256 threads=20 rep=1 batches=16535 time=1.007 s | package=149.914 J | dram=0.000000 | total=149.914 J | power=148.9 W | runtime=in_range | checksum=OK
[STRIDED_GEMM] N=256 threads=20 rep=2 batches=16535 time=1.006 s | package=150.530 J | dram=0.000000 | total=150.530 J | power=149.7 W | runtime=in_range | checksum=OK
[STRIDED_GEMM] N=256 threads=20 rep=3 batches=16535 time=1.011 s | package=150.452 J | dram=0.000000 | total=150.452 J | power=148.9 W | runtime=in_range | checksum=OK
[STRIDED_GEMM] N=256 threads=20 rep=4 batches=16535 time=1.008 s | package=150.376 J | dram=0.000000 | total=150.376 J | power=149.2 W | runtime=in_range | checksum=OK
[STRIDED_GEMM] N=256 threads=20 rep=5 batches=16535 time=1.010 s | package=150.263 J | dram=0.000000 | total=150.263 J | power=148.7 W | runtime=in_range | checksum=OK
[STRIDED_GEMM] N=256 threads=20 rep=6 batches=16535 time=1.015 s | package=151.196 J | dram=0.000000 | total=151.196 J | power=148.9 W | runtime=in_range | checksum=OK
[STRIDED_GEMM] N=256 threads=20 rep=7 batches=16535 time=1.012 s | package=150.356 J | dram=0.000000 | total=150.356 J | power=148.5 W | runtime=in_range | checksum=OK
[STRIDED_GEMM] N=256 threads=20 rep=8 batches=16535 time=1.013 s | package=150.628 J | dram=0.000000 | total=150.628 J | power=148.6 W | runtime=in_range | checksum=OK
[STRIDED_GEMM] N=256 threads=20 rep=9 batches=16535 time=1.014 s | package=150.410 J | dram=0.000000 | total=150.410 J | power=148.4 W | runtime=in_range | checksum=OK
[STRIDED_GEMM] N=256 threads=20 rep=10 batches=16535 time=1.014 s | package=150.489 J | dram=0.000000 | total=150.489 J | power=148.4 W | runtime=in_range | checksum=OK
[OpenBLAS] requested=1 active=1
[STRIDED_GEMM] N=2048 threads=1 rep=1 batches=11 time=1.009 s | package=62.695 J | dram=0.012224 | total=62.707 J | power=62.2 W | runtime=in_range | checksum=OK
[STRIDED_GEMM] N=2048 threads=1 rep=2 batches=11 time=1.008 s | package=62.341 J | dram=0.014535 | total=62.355 J | power=61.9 W | runtime=in_range | checksum=OK
[STRIDED_GEMM] N=2048 threads=1 rep=3 batches=11 time=1.002 s | package=62.389 J | dram=0.012577 | total=62.402 J | power=62.3 W | runtime=in_range | checksum=OK
[STRIDED_GEMM] N=2048 threads=1 rep=4 batches=11 time=1.007 s | package=63.436 J | dram=0.013296 | total=63.450 J | power=63.0 W | runtime=in_range | checksum=OK
[STRIDED_GEMM] N=2048 threads=1 rep=5 batches=11 time=1.006 s | package=62.947 J | dram=0.016080 | total=62.963 J | power=62.6 W | runtime=in_range | checksum=OK
[STRIDED_GEMM] N=2048 threads=1 rep=6 batches=11 time=1.005 s | package=62.494 J | dram=0.011965 | total=62.506 J | power=62.2 W | runtime=in_range | checksum=OK
[STRIDED_GEMM] N=2048 threads=1 rep=7 batches=11 time=1.006 s | package=63.463 J | dram=0.012056 | total=63.476 J | power=63.1 W | runtime=in_range | checksum=OK
[STRIDED_GEMM] N=2048 threads=1 rep=8 batches=11 time=1.005 s | package=63.058 J | dram=0.012577 | total=63.071 J | power=62.7 W | runtime=in_range | checksum=OK
[STRIDED_GEMM] N=2048 threads=1 rep=9 batches=11 time=1.004 s | package=63.378 J | dram=0.013433 | total=63.391 J | power=63.1 W | runtime=in_range | checksum=OK
[STRIDED_GEMM] N=2048 threads=1 rep=10 batches=11 time=1.004 s | package=63.647 J | dram=0.013143 | total=63.660 J | power=63.4 W | runtime=in_range | checksum=OK
[OpenBLAS] requested=2 active=2
[STRIDED_GEMM] N=2048 threads=2 rep=1 batches=21 time=1.014 s | package=83.785 J | dram=0.071007 | total=83.856 J | power=82.7 W | runtime=in_range | checksum=OK
[STRIDED_GEMM] N=2048 threads=2 rep=2 batches=21 time=1.014 s | package=83.716 J | dram=0.068865 | total=83.785 J | power=82.6 W | runtime=in_range | checksum=OK
[STRIDED_GEMM] N=2048 threads=2 rep=3 batches=21 time=1.012 s | package=82.698 J | dram=0.068055 | total=82.766 J | power=81.8 W | runtime=in_range | checksum=OK
[STRIDED_GEMM] N=2048 threads=2 rep=4 batches=21 time=1.013 s | package=83.524 J | dram=0.069003 | total=83.593 J | power=82.5 W | runtime=in_range | checksum=OK
[STRIDED_GEMM] N=2048 threads=2 rep=5 batches=21 time=1.011 s | package=82.657 J | dram=0.077341 | total=82.734 J | power=81.9 W | runtime=in_range | checksum=OK
[STRIDED_GEMM] N=2048 threads=2 rep=6 batches=21 time=1.014 s | package=84.727 J | dram=0.084288 | total=84.811 J | power=83.7 W | runtime=in_range | checksum=OK
[STRIDED_GEMM] N=2048 threads=2 rep=7 batches=21 time=1.012 s | package=84.197 J | dram=0.081763 | total=84.279 J | power=83.2 W | runtime=in_range | checksum=OK
[STRIDED_GEMM] N=2048 threads=2 rep=8 batches=21 time=1.012 s | package=83.648 J | dram=0.079575 | total=83.728 J | power=82.8 W | runtime=in_range | checksum=OK
[STRIDED_GEMM] N=2048 threads=2 rep=9 batches=21 time=1.010 s | package=83.104 J | dram=0.082391 | total=83.187 J | power=82.3 W | runtime=in_range | checksum=OK
[STRIDED_GEMM] N=2048 threads=2 rep=10 batches=21 time=1.012 s | package=84.794 J | dram=0.078780 | total=84.873 J | power=83.9 W | runtime=in_range | checksum=OK
[OpenBLAS] requested=1 active=1
[STRIDED_GEMM] N=8192 threads=1 rep=1 batches=1 time=5.647 s | package=363.753 J | dram=0.301609 | total=364.055 J | power=64.5 W | runtime=above | checksum=OK
[STRIDED_GEMM] N=8192 threads=1 rep=2 batches=1 time=5.635 s | package=365.030 J | dram=0.333448 | total=365.363 J | power=64.8 W | runtime=above | checksum=OK
[STRIDED_GEMM] N=8192 threads=1 rep=3 batches=1 time=5.624 s | package=368.480 J | dram=0.349176 | total=368.829 J | power=65.6 W | runtime=above | checksum=OK
[STRIDED_GEMM] N=8192 threads=1 rep=4 batches=1 time=5.619 s | package=376.307 J | dram=0.354103 | total=376.661 J | power=67.0 W | runtime=above | checksum=OK
[STRIDED_GEMM] N=8192 threads=1 rep=5 batches=1 time=5.616 s | package=380.266 J | dram=0.344587 | total=380.611 J | power=67.8 W | runtime=above | checksum=OK
[STRIDED_GEMM] N=8192 threads=1 rep=6 batches=1 time=5.610 s | package=386.227 J | dram=0.309457 | total=386.536 J | power=68.9 W | runtime=above | checksum=OK
[STRIDED_GEMM] N=8192 threads=1 rep=7 batches=1 time=5.660 s | package=363.072 J | dram=0.311493 | total=363.384 J | power=64.2 W | runtime=above | checksum=OK
[STRIDED_GEMM] N=8192 threads=1 rep=8 batches=1 time=5.691 s | package=349.541 J | dram=0.326839 | total=349.868 J | power=61.5 W | runtime=above | checksum=OK
[STRIDED_GEMM] N=8192 threads=1 rep=9 batches=1 time=5.678 s | package=350.552 J | dram=0.278796 | total=350.831 J | power=61.8 W | runtime=above | checksum=OK
[STRIDED_GEMM] N=8192 threads=1 rep=10 batches=1 time=5.571 s | package=379.913 J | dram=0.271346 | total=380.185 J | power=68.2 W | runtime=above | checksum=OK
[OpenBLAS] requested=2 active=2
[STRIDED_GEMM] N=64 threads=2 rep=1 batches=383639 time=1.037 s | package=71.453 J | dram=0.000000 | total=71.453 J | power=68.9 W | runtime=in_range | checksum=OK
[STRIDED_GEMM] N=64 threads=2 rep=2 batches=383639 time=1.038 s | package=71.761 J | dram=0.000000 | total=71.761 J | power=69.2 W | runtime=in_range | checksum=OK
[STRIDED_GEMM] N=64 threads=2 rep=3 batches=383639 time=1.038 s | package=71.399 J | dram=0.000000 | total=71.399 J | power=68.8 W | runtime=in_range | checksum=OK
[STRIDED_GEMM] N=64 threads=2 rep=4 batches=383639 time=1.043 s | package=71.904 J | dram=0.000000 | total=71.904 J | power=68.9 W | runtime=in_range | checksum=OK
[STRIDED_GEMM] N=64 threads=2 rep=5 batches=383639 time=1.040 s | package=68.876 J | dram=0.000000 | total=68.876 J | power=66.2 W | runtime=in_range | checksum=OK
[STRIDED_GEMM] N=64 threads=2 rep=6 batches=383639 time=1.039 s | package=70.361 J | dram=0.000000 | total=70.361 J | power=67.8 W | runtime=in_range | checksum=OK
[STRIDED_GEMM] N=64 threads=2 rep=7 batches=383639 time=1.039 s | package=69.113 J | dram=0.000000 | total=69.113 J | power=66.5 W | runtime=in_range | checksum=OK
[STRIDED_GEMM] N=64 threads=2 rep=8 batches=383639 time=1.037 s | package=68.330 J | dram=0.000000 | total=68.330 J | power=65.9 W | runtime=in_range | checksum=OK
[STRIDED_GEMM] N=64 threads=2 rep=9 batches=383639 time=1.035 s | package=68.446 J | dram=0.000000 | total=68.446 J | power=66.1 W | runtime=in_range | checksum=OK
[STRIDED_GEMM] N=64 threads=2 rep=10 batches=383639 time=1.035 s | package=68.400 J | dram=0.000000 | total=68.400 J | power=66.1 W | runtime=in_range | checksum=OK
[OpenBLAS] requested=1 active=1
[STRIDED_GEMM] N=4096 threads=1 rep=1 batches=2 time=1.400 s | package=91.887 J | dram=0.028535 | total=91.916 J | power=65.6 W | runtime=above | checksum=OK
[STRIDED_GEMM] N=4096 threads=1 rep=2 batches=2 time=1.400 s | package=91.918 J | dram=0.025352 | total=91.943 J | power=65.7 W | runtime=above | checksum=OK
[STRIDED_GEMM] N=4096 threads=1 rep=3 batches=2 time=1.399 s | package=90.171 J | dram=0.025979 | total=90.197 J | power=64.5 W | runtime=above | checksum=OK
[STRIDED_GEMM] N=4096 threads=1 rep=4 batches=2 time=1.399 s | package=92.884 J | dram=0.025016 | total=92.909 J | power=66.4 W | runtime=above | checksum=OK
[STRIDED_GEMM] N=4096 threads=1 rep=5 batches=2 time=1.400 s | package=94.535 J | dram=0.024663 | total=94.559 J | power=67.6 W | runtime=above | checksum=OK
[STRIDED_GEMM] N=4096 threads=1 rep=6 batches=2 time=1.399 s | package=93.712 J | dram=0.027066 | total=93.739 J | power=67.0 W | runtime=above | checksum=OK
[STRIDED_GEMM] N=4096 threads=1 rep=7 batches=2 time=1.399 s | package=93.517 J | dram=0.028550 | total=93.545 J | power=66.9 W | runtime=above | checksum=OK
[STRIDED_GEMM] N=4096 threads=1 rep=8 batches=2 time=1.399 s | package=94.028 J | dram=0.025230 | total=94.053 J | power=67.2 W | runtime=above | checksum=OK
[STRIDED_GEMM] N=4096 threads=1 rep=9 batches=2 time=1.398 s | package=93.007 J | dram=0.027570 | total=93.035 J | power=66.6 W | runtime=above | checksum=OK
[STRIDED_GEMM] N=4096 threads=1 rep=10 batches=2 time=1.399 s | package=95.232 J | dram=0.025934 | total=95.258 J | power=68.1 W | runtime=above | checksum=OK
[OpenBLAS] requested=2 active=2
[STRIDED_GEMM] N=16384 threads=2 rep=1 batches=1 time=22.687 s | package=1962.338 J | dram=10.187811 | total=1972.526 J | power=86.9 W | runtime=above | checksum=OK
[STRIDED_GEMM] N=16384 threads=2 rep=2 batches=1 time=22.273 s | package=1853.801 J | dram=10.177330 | total=1863.979 J | power=83.7 W | runtime=above | checksum=OK
[STRIDED_GEMM] N=16384 threads=2 rep=3 batches=1 time=22.410 s | package=1904.662 J | dram=10.291821 | total=1914.953 J | power=85.5 W | runtime=above | checksum=OK
[STRIDED_GEMM] N=16384 threads=2 rep=4 batches=1 time=22.354 s | package=1895.187 J | dram=10.144741 | total=1905.332 J | power=85.2 W | runtime=above | checksum=OK
[STRIDED_GEMM] N=16384 threads=2 rep=5 batches=1 time=22.323 s | package=1883.749 J | dram=9.996041 | total=1893.745 J | power=84.8 W | runtime=above | checksum=OK
[STRIDED_GEMM] N=16384 threads=2 rep=6 batches=1 time=22.253 s | package=1865.665 J | dram=10.012947 | total=1875.678 J | power=84.3 W | runtime=above | checksum=OK
[STRIDED_GEMM] N=16384 threads=2 rep=7 batches=1 time=22.185 s | package=1879.562 J | dram=10.280606 | total=1889.843 J | power=85.2 W | runtime=above | checksum=OK
[STRIDED_GEMM] N=16384 threads=2 rep=8 batches=1 time=22.390 s | package=1837.078 J | dram=10.076718 | total=1847.154 J | power=82.5 W | runtime=above | checksum=OK
[STRIDED_GEMM] N=16384 threads=2 rep=9 batches=1 time=22.351 s | package=1838.934 J | dram=9.724006 | total=1848.658 J | power=82.7 W | runtime=above | checksum=OK
[STRIDED_GEMM] N=16384 threads=2 rep=10 batches=1 time=22.186 s | package=1858.149 J | dram=9.651103 | total=1867.800 J | power=84.2 W | runtime=above | checksum=OK
[OpenBLAS] requested=4 active=4
[STRIDED_GEMM] N=2048 threads=4 rep=1 batches=43 time=1.007 s | package=119.574 J | dram=0.549163 | total=120.123 J | power=119.3 W | runtime=in_range | checksum=OK
[STRIDED_GEMM] N=2048 threads=4 rep=2 batches=43 time=1.009 s | package=119.758 J | dram=0.567248 | total=120.326 J | power=119.3 W | runtime=in_range | checksum=OK
[STRIDED_GEMM] N=2048 threads=4 rep=3 batches=43 time=1.015 s | package=120.012 J | dram=0.555849 | total=120.568 J | power=118.8 W | runtime=in_range | checksum=OK
[STRIDED_GEMM] N=2048 threads=4 rep=4 batches=43 time=1.010 s | package=119.839 J | dram=0.566789 | total=120.405 J | power=119.3 W | runtime=in_range | checksum=OK
[STRIDED_GEMM] N=2048 threads=4 rep=5 batches=43 time=1.009 s | package=119.914 J | dram=0.571393 | total=120.486 J | power=119.4 W | runtime=in_range | checksum=OK
[STRIDED_GEMM] N=2048 threads=4 rep=6 batches=43 time=1.008 s | package=120.085 J | dram=0.548077 | total=120.633 J | power=119.6 W | runtime=in_range | checksum=OK
[STRIDED_GEMM] N=2048 threads=4 rep=7 batches=43 time=1.008 s | package=120.161 J | dram=0.571302 | total=120.733 J | power=119.8 W | runtime=in_range | checksum=OK
[STRIDED_GEMM] N=2048 threads=4 rep=8 batches=43 time=1.009 s | package=120.125 J | dram=0.569986 | total=120.695 J | power=119.6 W | runtime=in_range | checksum=OK
[STRIDED_GEMM] N=2048 threads=4 rep=9 batches=43 time=1.009 s | package=120.043 J | dram=0.577437 | total=120.620 J | power=119.5 W | runtime=in_range | checksum=OK
[STRIDED_GEMM] N=2048 threads=4 rep=10 batches=43 time=1.009 s | package=119.821 J | dram=0.561709 | total=120.383 J | power=119.3 W | runtime=in_range | checksum=OK
[OpenBLAS] requested=1 active=1
[STRIDED_GEMM] N=64 threads=1 rep=1 batches=405735 time=1.001 s | package=57.425 J | dram=0.000000 | total=57.425 J | power=57.4 W | runtime=in_range | checksum=OK
[STRIDED_GEMM] N=64 threads=1 rep=2 batches=405735 time=1.001 s | package=57.467 J | dram=0.000030 | total=57.467 J | power=57.4 W | runtime=in_range | checksum=OK
[STRIDED_GEMM] N=64 threads=1 rep=3 batches=405735 time=1.002 s | package=55.925 J | dram=0.000000 | total=55.925 J | power=55.8 W | runtime=in_range | checksum=OK
[STRIDED_GEMM] N=64 threads=1 rep=4 batches=405735 time=1.002 s | package=55.877 J | dram=0.000000 | total=55.877 J | power=55.8 W | runtime=in_range | checksum=OK
[STRIDED_GEMM] N=64 threads=1 rep=5 batches=405735 time=1.001 s | package=57.385 J | dram=0.000000 | total=57.385 J | power=57.3 W | runtime=in_range | checksum=OK
[STRIDED_GEMM] N=64 threads=1 rep=6 batches=405735 time=1.001 s | package=57.152 J | dram=0.000000 | total=57.152 J | power=57.1 W | runtime=in_range | checksum=OK
[STRIDED_GEMM] N=64 threads=1 rep=7 batches=405735 time=1.001 s | package=55.748 J | dram=0.000000 | total=55.748 J | power=55.7 W | runtime=in_range | checksum=OK
[STRIDED_GEMM] N=64 threads=1 rep=8 batches=405735 time=1.001 s | package=56.439 J | dram=0.000000 | total=56.439 J | power=56.4 W | runtime=in_range | checksum=OK
[STRIDED_GEMM] N=64 threads=1 rep=9 batches=405735 time=1.001 s | package=56.335 J | dram=0.000000 | total=56.335 J | power=56.3 W | runtime=in_range | checksum=OK
[STRIDED_GEMM] N=64 threads=1 rep=10 batches=405735 time=1.000 s | package=56.746 J | dram=0.000000 | total=56.746 J | power=56.7 W | runtime=in_range | checksum=OK
[OpenBLAS] requested=2 active=2
[STRIDED_GEMM] N=512 threads=2 rep=1 batches=1304 time=1.010 s | package=82.598 J | dram=0.000000 | total=82.598 J | power=81.8 W | runtime=in_range | checksum=OK
[STRIDED_GEMM] N=512 threads=2 rep=2 batches=1304 time=1.013 s | package=82.935 J | dram=0.000000 | total=82.935 J | power=81.9 W | runtime=in_range | checksum=OK
[STRIDED_GEMM] N=512 threads=2 rep=3 batches=1304 time=1.011 s | package=83.046 J | dram=0.000000 | total=83.046 J | power=82.1 W | runtime=in_range | checksum=OK
[STRIDED_GEMM] N=512 threads=2 rep=4 batches=1304 time=1.013 s | package=82.836 J | dram=0.000000 | total=82.836 J | power=81.8 W | runtime=in_range | checksum=OK
[STRIDED_GEMM] N=512 threads=2 rep=5 batches=1304 time=1.012 s | package=82.700 J | dram=0.000000 | total=82.700 J | power=81.7 W | runtime=in_range | checksum=OK
[STRIDED_GEMM] N=512 threads=2 rep=6 batches=1304 time=1.012 s | package=82.577 J | dram=0.000000 | total=82.577 J | power=81.6 W | runtime=in_range | checksum=OK
[STRIDED_GEMM] N=512 threads=2 rep=7 batches=1304 time=1.013 s | package=83.021 J | dram=0.000000 | total=83.021 J | power=82.0 W | runtime=in_range | checksum=OK
[STRIDED_GEMM] N=512 threads=2 rep=8 batches=1304 time=1.012 s | package=82.822 J | dram=0.000000 | total=82.822 J | power=81.8 W | runtime=in_range | checksum=OK
[STRIDED_GEMM] N=512 threads=2 rep=9 batches=1304 time=1.014 s | package=82.792 J | dram=0.000000 | total=82.792 J | power=81.7 W | runtime=in_range | checksum=OK
[STRIDED_GEMM] N=512 threads=2 rep=10 batches=1304 time=1.012 s | package=82.862 J | dram=0.000000 | total=82.862 J | power=81.9 W | runtime=in_range | checksum=OK
[OpenBLAS] requested=16 active=16
[STRIDED_GEMM] N=512 threads=16 rep=1 batches=3985 time=1.002 s | package=158.572 J | dram=0.000000 | total=158.572 J | power=158.2 W | runtime=in_range | checksum=OK
[STRIDED_GEMM] N=512 threads=16 rep=2 batches=3985 time=1.004 s | package=159.108 J | dram=0.000000 | total=159.108 J | power=158.4 W | runtime=in_range | checksum=OK
[STRIDED_GEMM] N=512 threads=16 rep=3 batches=3985 time=1.004 s | package=159.108 J | dram=0.000000 | total=159.108 J | power=158.5 W | runtime=in_range | checksum=OK
[STRIDED_GEMM] N=512 threads=16 rep=4 batches=3985 time=1.003 s | package=159.245 J | dram=0.000000 | total=159.245 J | power=158.8 W | runtime=in_range | checksum=OK
[STRIDED_GEMM] N=512 threads=16 rep=5 batches=3985 time=1.004 s | package=159.566 J | dram=0.000000 | total=159.566 J | power=159.0 W | runtime=in_range | checksum=OK
[STRIDED_GEMM] N=512 threads=16 rep=6 batches=3985 time=1.003 s | package=159.539 J | dram=0.000000 | total=159.539 J | power=159.0 W | runtime=in_range | checksum=OK
[STRIDED_GEMM] N=512 threads=16 rep=7 batches=3985 time=1.002 s | package=159.514 J | dram=0.000000 | total=159.514 J | power=159.2 W | runtime=in_range | checksum=OK
[STRIDED_GEMM] N=512 threads=16 rep=8 batches=3985 time=1.003 s | package=159.646 J | dram=0.000000 | total=159.646 J | power=159.2 W | runtime=in_range | checksum=OK
[STRIDED_GEMM] N=512 threads=16 rep=9 batches=3985 time=1.009 s | package=160.448 J | dram=0.000000 | total=160.448 J | power=159.0 W | runtime=in_range | checksum=OK
[STRIDED_GEMM] N=512 threads=16 rep=10 batches=3985 time=1.005 s | package=160.223 J | dram=0.000000 | total=160.223 J | power=159.4 W | runtime=in_range | checksum=OK
[OpenBLAS] requested=1 active=1
[STRIDED_GEMM] N=16384 threads=1 rep=1 batches=1 time=41.703 s | package=2430.253 J | dram=3.122592 | total=2433.376 J | power=58.4 W | runtime=above | checksum=OK
[STRIDED_GEMM] N=16384 threads=1 rep=2 batches=1 time=41.686 s | package=2402.458 J | dram=2.659446 | total=2405.118 J | power=57.7 W | runtime=above | checksum=OK
[STRIDED_GEMM] N=16384 threads=1 rep=3 batches=1 time=41.682 s | package=2387.013 J | dram=3.032934 | total=2390.046 J | power=57.3 W | runtime=above | checksum=OK
[STRIDED_GEMM] N=16384 threads=1 rep=4 batches=1 time=41.662 s | package=2369.665 J | dram=3.039070 | total=2372.704 J | power=57.0 W | runtime=above | checksum=OK
[STRIDED_GEMM] N=16384 threads=1 rep=5 batches=1 time=41.688 s | package=2375.512 J | dram=2.842419 | total=2378.354 J | power=57.1 W | runtime=above | checksum=OK
[STRIDED_GEMM] N=16384 threads=1 rep=6 batches=1 time=41.692 s | package=2342.383 J | dram=3.178988 | total=2345.562 J | power=56.3 W | runtime=above | checksum=OK
[STRIDED_GEMM] N=16384 threads=1 rep=7 batches=1 time=41.687 s | package=2320.008 J | dram=3.197410 | total=2323.205 J | power=55.7 W | runtime=above | checksum=OK
[STRIDED_GEMM] N=16384 threads=1 rep=8 batches=1 time=41.683 s | package=2322.136 J | dram=2.778372 | total=2324.914 J | power=55.8 W | runtime=above | checksum=OK
[STRIDED_GEMM] N=16384 threads=1 rep=9 batches=1 time=41.694 s | package=2305.818 J | dram=3.126831 | total=2308.945 J | power=55.4 W | runtime=above | checksum=OK
[STRIDED_GEMM] N=16384 threads=1 rep=10 batches=1 time=41.809 s | package=2280.953 J | dram=3.258548 | total=2284.212 J | power=54.6 W | runtime=above | checksum=OK
[OpenBLAS] requested=16 active=16
[STRIDED_GEMM] N=2048 threads=16 rep=1 batches=65 time=1.005 s | package=156.947 J | dram=1.307476 | total=158.255 J | power=157.5 W | runtime=in_range | checksum=OK
[STRIDED_GEMM] N=2048 threads=16 rep=2 batches=65 time=1.005 s | package=157.419 J | dram=1.311149 | total=158.730 J | power=157.9 W | runtime=in_range | checksum=OK
[STRIDED_GEMM] N=2048 threads=16 rep=3 batches=65 time=1.005 s | package=157.614 J | dram=1.326632 | total=158.940 J | power=158.2 W | runtime=in_range | checksum=OK
[STRIDED_GEMM] N=2048 threads=16 rep=4 batches=65 time=1.004 s | package=157.756 J | dram=1.333487 | total=159.089 J | power=158.4 W | runtime=in_range | checksum=OK
[STRIDED_GEMM] N=2048 threads=16 rep=5 batches=65 time=1.004 s | package=157.785 J | dram=1.337037 | total=159.122 J | power=158.4 W | runtime=in_range | checksum=OK
[STRIDED_GEMM] N=2048 threads=16 rep=6 batches=65 time=1.004 s | package=157.979 J | dram=1.330121 | total=159.309 J | power=158.7 W | runtime=in_range | checksum=OK
[STRIDED_GEMM] N=2048 threads=16 rep=7 batches=65 time=1.004 s | package=158.002 J | dram=1.338000 | total=159.340 J | power=158.7 W | runtime=in_range | checksum=OK
[STRIDED_GEMM] N=2048 threads=16 rep=8 batches=65 time=1.004 s | package=158.238 J | dram=1.346614 | total=159.584 J | power=158.9 W | runtime=in_range | checksum=OK
[STRIDED_GEMM] N=2048 threads=16 rep=9 batches=65 time=1.004 s | package=158.177 J | dram=1.351449 | total=159.528 J | power=158.9 W | runtime=in_range | checksum=OK
[STRIDED_GEMM] N=2048 threads=16 rep=10 batches=65 time=1.005 s | package=158.822 J | dram=1.338092 | total=160.160 J | power=159.4 W | runtime=in_range | checksum=OK
[OpenBLAS] requested=4 active=4
[STRIDED_GEMM] N=128 threads=4 rep=1 batches=82693 time=1.000 s | package=83.399 J | dram=0.000000 | total=83.399 J | power=83.4 W | runtime=in_range | checksum=OK
[STRIDED_GEMM] N=128 threads=4 rep=2 batches=82693 time=0.998 s | package=83.752 J | dram=0.000000 | total=83.752 J | power=83.9 W | runtime=in_range | checksum=OK
[STRIDED_GEMM] N=128 threads=4 rep=3 batches=82693 time=1.007 s | package=82.525 J | dram=0.000000 | total=82.525 J | power=82.0 W | runtime=in_range | checksum=OK
[STRIDED_GEMM] N=128 threads=4 rep=4 batches=82693 time=1.011 s | package=81.558 J | dram=0.000000 | total=81.558 J | power=80.6 W | runtime=in_range | checksum=OK
[STRIDED_GEMM] N=128 threads=4 rep=5 batches=82693 time=1.012 s | package=81.629 J | dram=0.000000 | total=81.629 J | power=80.7 W | runtime=in_range | checksum=OK
[STRIDED_GEMM] N=128 threads=4 rep=6 batches=82693 time=1.012 s | package=81.732 J | dram=0.000000 | total=81.732 J | power=80.8 W | runtime=in_range | checksum=OK
[STRIDED_GEMM] N=128 threads=4 rep=7 batches=82693 time=1.007 s | package=83.339 J | dram=0.000000 | total=83.339 J | power=82.7 W | runtime=in_range | checksum=OK
[STRIDED_GEMM] N=128 threads=4 rep=8 batches=82693 time=1.005 s | package=83.965 J | dram=0.000000 | total=83.965 J | power=83.5 W | runtime=in_range | checksum=OK
[STRIDED_GEMM] N=128 threads=4 rep=9 batches=82693 time=1.006 s | package=83.972 J | dram=0.000000 | total=83.972 J | power=83.5 W | runtime=in_range | checksum=OK
[STRIDED_GEMM] N=128 threads=4 rep=10 batches=82693 time=1.005 s | package=83.967 J | dram=0.000000 | total=83.967 J | power=83.6 W | runtime=in_range | checksum=OK
[OpenBLAS] requested=20 active=20
[STRIDED_GEMM] N=512 threads=20 rep=1 batches=3303 time=1.002 s | package=159.583 J | dram=0.000000 | total=159.583 J | power=159.2 W | runtime=in_range | checksum=OK
[STRIDED_GEMM] N=512 threads=20 rep=2 batches=3303 time=1.004 s | package=160.199 J | dram=0.000000 | total=160.199 J | power=159.5 W | runtime=in_range | checksum=OK
[STRIDED_GEMM] N=512 threads=20 rep=3 batches=3303 time=1.005 s | package=160.457 J | dram=0.000000 | total=160.457 J | power=159.7 W | runtime=in_range | checksum=OK
[STRIDED_GEMM] N=512 threads=20 rep=4 batches=3303 time=1.006 s | package=160.534 J | dram=0.000000 | total=160.534 J | power=159.6 W | runtime=in_range | checksum=OK
[STRIDED_GEMM] N=512 threads=20 rep=5 batches=3303 time=1.003 s | package=160.127 J | dram=0.000000 | total=160.127 J | power=159.7 W | runtime=in_range | checksum=OK
[STRIDED_GEMM] N=512 threads=20 rep=6 batches=3303 time=1.002 s | package=160.241 J | dram=0.000000 | total=160.241 J | power=159.9 W | runtime=in_range | checksum=OK
[STRIDED_GEMM] N=512 threads=20 rep=7 batches=3303 time=1.003 s | package=160.459 J | dram=0.000000 | total=160.459 J | power=159.9 W | runtime=in_range | checksum=OK
[STRIDED_GEMM] N=512 threads=20 rep=8 batches=3303 time=1.001 s | package=160.367 J | dram=0.000000 | total=160.367 J | power=160.3 W | runtime=in_range | checksum=OK
[STRIDED_GEMM] N=512 threads=20 rep=9 batches=3303 time=1.006 s | package=160.985 J | dram=0.000000 | total=160.985 J | power=160.1 W | runtime=in_range | checksum=OK
[STRIDED_GEMM] N=512 threads=20 rep=10 batches=3303 time=1.002 s | package=160.576 J | dram=0.000000 | total=160.576 J | power=160.2 W | runtime=in_range | checksum=OK
[OpenBLAS] requested=4 active=4
[STRIDED_GEMM] N=4096 threads=4 rep=1 batches=6 time=1.108 s | package=120.460 J | dram=0.897284 | total=121.358 J | power=109.5 W | runtime=in_range | checksum=OK
[STRIDED_GEMM] N=4096 threads=4 rep=2 batches=6 time=1.136 s | package=116.057 J | dram=0.895034 | total=116.952 J | power=102.9 W | runtime=in_range | checksum=OK
[STRIDED_GEMM] N=4096 threads=4 rep=3 batches=6 time=1.127 s | package=119.168 J | dram=0.885044 | total=120.053 J | power=106.6 W | runtime=in_range | checksum=OK
[STRIDED_GEMM] N=4096 threads=4 rep=4 batches=6 time=1.125 s | package=119.058 J | dram=0.906036 | total=119.964 J | power=106.6 W | runtime=in_range | checksum=OK
[STRIDED_GEMM] N=4096 threads=4 rep=5 batches=6 time=1.126 s | package=119.214 J | dram=0.901307 | total=120.116 J | power=106.7 W | runtime=in_range | checksum=OK
[STRIDED_GEMM] N=4096 threads=4 rep=6 batches=6 time=1.125 s | package=118.999 J | dram=0.904505 | total=119.903 J | power=106.6 W | runtime=in_range | checksum=OK
[STRIDED_GEMM] N=4096 threads=4 rep=7 batches=6 time=1.126 s | package=119.170 J | dram=0.915476 | total=120.086 J | power=106.7 W | runtime=in_range | checksum=OK
[STRIDED_GEMM] N=4096 threads=4 rep=8 batches=6 time=1.124 s | package=119.091 J | dram=0.902317 | total=119.993 J | power=106.7 W | runtime=in_range | checksum=OK
[STRIDED_GEMM] N=4096 threads=4 rep=9 batches=6 time=1.120 s | package=118.533 J | dram=0.900466 | total=119.434 J | power=106.6 W | runtime=in_range | checksum=OK
[STRIDED_GEMM] N=4096 threads=4 rep=10 batches=6 time=1.118 s | package=118.788 J | dram=0.906250 | total=119.694 J | power=107.0 W | runtime=in_range | checksum=OK
[OpenBLAS] requested=8 active=8
[STRIDED_GEMM] N=1024 threads=8 rep=1 batches=567 time=1.008 s | package=141.951 J | dram=0.115607 | total=142.067 J | power=140.9 W | runtime=in_range | checksum=OK
[STRIDED_GEMM] N=1024 threads=8 rep=2 batches=567 time=1.006 s | package=142.659 J | dram=0.113542 | total=142.773 J | power=141.9 W | runtime=in_range | checksum=OK
[STRIDED_GEMM] N=1024 threads=8 rep=3 batches=567 time=1.007 s | package=143.171 J | dram=0.126301 | total=143.297 J | power=142.3 W | runtime=in_range | checksum=OK
[STRIDED_GEMM] N=1024 threads=8 rep=4 batches=567 time=1.002 s | package=143.593 J | dram=0.116494 | total=143.710 J | power=143.5 W | runtime=in_range | checksum=OK
[STRIDED_GEMM] N=1024 threads=8 rep=5 batches=567 time=1.005 s | package=142.915 J | dram=0.117351 | total=143.033 J | power=142.3 W | runtime=in_range | checksum=OK
[STRIDED_GEMM] N=1024 threads=8 rep=6 batches=567 time=1.005 s | package=142.773 J | dram=0.118269 | total=142.891 J | power=142.2 W | runtime=in_range | checksum=OK
[STRIDED_GEMM] N=1024 threads=8 rep=7 batches=567 time=1.001 s | package=143.761 J | dram=0.119830 | total=143.880 J | power=143.7 W | runtime=in_range | checksum=OK
[STRIDED_GEMM] N=1024 threads=8 rep=8 batches=567 time=1.008 s | package=142.398 J | dram=0.118911 | total=142.517 J | power=141.4 W | runtime=in_range | checksum=OK
[STRIDED_GEMM] N=1024 threads=8 rep=9 batches=567 time=1.008 s | package=142.487 J | dram=0.120182 | total=142.607 J | power=141.5 W | runtime=in_range | checksum=OK
[STRIDED_GEMM] N=1024 threads=8 rep=10 batches=567 time=1.008 s | package=142.489 J | dram=0.118774 | total=142.608 J | power=141.5 W | runtime=in_range | checksum=OK
[OpenBLAS] requested=2 active=2
[STRIDED_GEMM] N=4096 threads=2 rep=1 batches=4 time=1.328 s | package=108.773 J | dram=0.334993 | total=109.108 J | power=82.2 W | runtime=above | checksum=OK
[STRIDED_GEMM] N=4096 threads=2 rep=2 batches=4 time=1.354 s | package=105.882 J | dram=0.330297 | total=106.212 J | power=78.4 W | runtime=above | checksum=OK
[STRIDED_GEMM] N=4096 threads=2 rep=3 batches=4 time=1.334 s | package=107.557 J | dram=0.319356 | total=107.876 J | power=80.9 W | runtime=above | checksum=OK
[STRIDED_GEMM] N=4096 threads=2 rep=4 batches=4 time=1.310 s | package=110.243 J | dram=0.342322 | total=110.585 J | power=84.4 W | runtime=above | checksum=OK
[STRIDED_GEMM] N=4096 threads=2 rep=5 batches=4 time=1.312 s | package=110.141 J | dram=0.342231 | total=110.483 J | power=84.2 W | runtime=above | checksum=OK
[STRIDED_GEMM] N=4096 threads=2 rep=6 batches=4 time=1.310 s | package=110.102 J | dram=0.339629 | total=110.442 J | power=84.3 W | runtime=above | checksum=OK
[STRIDED_GEMM] N=4096 threads=2 rep=7 batches=4 time=1.310 s | package=110.244 J | dram=0.331781 | total=110.576 J | power=84.4 W | runtime=above | checksum=OK
[STRIDED_GEMM] N=4096 threads=2 rep=8 batches=4 time=1.310 s | package=110.233 J | dram=0.347264 | total=110.580 J | power=84.4 W | runtime=above | checksum=OK
[STRIDED_GEMM] N=4096 threads=2 rep=9 batches=4 time=1.310 s | package=110.083 J | dram=0.343761 | total=110.427 J | power=84.3 W | runtime=above | checksum=OK
[STRIDED_GEMM] N=4096 threads=2 rep=10 batches=4 time=1.311 s | package=110.113 J | dram=0.352114 | total=110.465 J | power=84.2 W | runtime=above | checksum=OK
[OpenBLAS] requested=2 active=2
[STRIDED_GEMM] N=256 threads=2 rep=1 batches=9090 time=1.017 s | package=75.402 J | dram=0.000031 | total=75.402 J | power=74.1 W | runtime=in_range | checksum=OK
[STRIDED_GEMM] N=256 threads=2 rep=2 batches=9090 time=1.019 s | package=75.608 J | dram=0.000000 | total=75.608 J | power=74.2 W | runtime=in_range | checksum=OK
[STRIDED_GEMM] N=256 threads=2 rep=3 batches=9090 time=1.015 s | package=74.882 J | dram=0.000000 | total=74.882 J | power=73.8 W | runtime=in_range | checksum=OK
[STRIDED_GEMM] N=256 threads=2 rep=4 batches=9090 time=1.021 s | package=75.452 J | dram=0.000000 | total=75.452 J | power=73.9 W | runtime=in_range | checksum=OK
[STRIDED_GEMM] N=256 threads=2 rep=5 batches=9090 time=1.013 s | package=75.132 J | dram=0.000000 | total=75.132 J | power=74.1 W | runtime=in_range | checksum=OK
[STRIDED_GEMM] N=256 threads=2 rep=6 batches=9090 time=1.017 s | package=75.359 J | dram=0.000000 | total=75.359 J | power=74.1 W | runtime=in_range | checksum=OK
[STRIDED_GEMM] N=256 threads=2 rep=7 batches=9090 time=1.014 s | package=73.958 J | dram=0.000000 | total=73.958 J | power=72.9 W | runtime=in_range | checksum=OK
[STRIDED_GEMM] N=256 threads=2 rep=8 batches=9090 time=1.013 s | package=75.067 J | dram=0.000000 | total=75.067 J | power=74.1 W | runtime=in_range | checksum=OK
[STRIDED_GEMM] N=256 threads=2 rep=9 batches=9090 time=1.015 s | package=75.189 J | dram=0.000000 | total=75.189 J | power=74.1 W | runtime=in_range | checksum=OK
[STRIDED_GEMM] N=256 threads=2 rep=10 batches=9090 time=1.013 s | package=75.072 J | dram=0.000000 | total=75.072 J | power=74.1 W | runtime=in_range | checksum=OK
[OpenBLAS] requested=20 active=20
[STRIDED_GEMM] N=1024 threads=20 rep=1 batches=511 time=1.001 s | package=166.338 J | dram=0.477834 | total=166.816 J | power=166.7 W | runtime=in_range | checksum=OK
[STRIDED_GEMM] N=1024 threads=20 rep=2 batches=511 time=1.003 s | package=167.091 J | dram=0.498505 | total=167.589 J | power=167.1 W | runtime=in_range | checksum=OK
[STRIDED_GEMM] N=1024 threads=20 rep=3 batches=511 time=1.001 s | package=167.097 J | dram=0.495536 | total=167.592 J | power=167.5 W | runtime=in_range | checksum=OK
[STRIDED_GEMM] N=1024 threads=20 rep=4 batches=511 time=1.001 s | package=167.026 J | dram=0.497388 | total=167.523 J | power=167.4 W | runtime=in_range | checksum=OK
[STRIDED_GEMM] N=1024 threads=20 rep=5 batches=511 time=1.001 s | package=167.251 J | dram=0.500509 | total=167.751 J | power=167.6 W | runtime=in_range | checksum=OK
[STRIDED_GEMM] N=1024 threads=20 rep=6 batches=511 time=1.003 s | package=167.807 J | dram=0.485285 | total=168.292 J | power=167.8 W | runtime=in_range | checksum=OK
[STRIDED_GEMM] N=1024 threads=20 rep=7 batches=511 time=1.001 s | package=167.694 J | dram=0.507716 | total=168.201 J | power=168.0 W | runtime=in_range | checksum=OK
[STRIDED_GEMM] N=1024 threads=20 rep=8 batches=511 time=1.001 s | package=167.789 J | dram=0.496852 | total=168.285 J | power=168.2 W | runtime=in_range | checksum=OK
[STRIDED_GEMM] N=1024 threads=20 rep=9 batches=511 time=1.003 s | package=168.117 J | dram=0.500769 | total=168.618 J | power=168.2 W | runtime=in_range | checksum=OK
[STRIDED_GEMM] N=1024 threads=20 rep=10 batches=511 time=1.001 s | package=168.068 J | dram=0.503401 | total=168.572 J | power=168.5 W | runtime=in_range | checksum=OK
[OpenBLAS] requested=20 active=20
[STRIDED_GEMM] N=2048 threads=20 rep=1 batches=37 time=1.023 s | package=150.175 J | dram=1.495942 | total=151.671 J | power=148.3 W | runtime=in_range | checksum=OK
[STRIDED_GEMM] N=2048 threads=20 rep=2 batches=37 time=1.022 s | package=150.289 J | dram=1.470192 | total=151.759 J | power=148.4 W | runtime=in_range | checksum=OK
[STRIDED_GEMM] N=2048 threads=20 rep=3 batches=37 time=1.023 s | package=150.332 J | dram=1.473773 | total=151.806 J | power=148.4 W | runtime=in_range | checksum=OK
[STRIDED_GEMM] N=2048 threads=20 rep=4 batches=37 time=1.027 s | package=151.558 J | dram=1.484911 | total=153.043 J | power=149.0 W | runtime=in_range | checksum=OK
[STRIDED_GEMM] N=2048 threads=20 rep=5 batches=37 time=1.023 s | package=150.311 J | dram=1.494734 | total=151.806 J | power=148.4 W | runtime=in_range | checksum=OK
[STRIDED_GEMM] N=2048 threads=20 rep=6 batches=37 time=1.022 s | package=150.557 J | dram=1.521356 | total=152.079 J | power=148.8 W | runtime=in_range | checksum=OK
[STRIDED_GEMM] N=2048 threads=20 rep=7 batches=37 time=1.023 s | package=150.563 J | dram=1.508457 | total=152.071 J | power=148.7 W | runtime=in_range | checksum=OK
[STRIDED_GEMM] N=2048 threads=20 rep=8 batches=37 time=1.024 s | package=150.904 J | dram=1.519611 | total=152.423 J | power=148.9 W | runtime=in_range | checksum=OK
[STRIDED_GEMM] N=2048 threads=20 rep=9 batches=37 time=1.022 s | package=150.788 J | dram=1.503118 | total=152.291 J | power=149.1 W | runtime=in_range | checksum=OK
[STRIDED_GEMM] N=2048 threads=20 rep=10 batches=37 time=1.024 s | package=151.149 J | dram=1.496493 | total=152.645 J | power=149.1 W | runtime=in_range | checksum=OK
[OpenBLAS] requested=2 active=2
[STRIDED_GEMM] N=128 threads=2 rep=1 batches=48717 time=1.013 s | package=69.965 J | dram=0.000000 | total=69.965 J | power=69.1 W | runtime=in_range | checksum=OK
[STRIDED_GEMM] N=128 threads=2 rep=2 batches=48717 time=1.015 s | package=70.065 J | dram=0.000000 | total=70.065 J | power=69.0 W | runtime=in_range | checksum=OK
[STRIDED_GEMM] N=128 threads=2 rep=3 batches=48717 time=1.014 s | package=70.145 J | dram=0.000000 | total=70.145 J | power=69.2 W | runtime=in_range | checksum=OK
[STRIDED_GEMM] N=128 threads=2 rep=4 batches=48717 time=1.015 s | package=70.057 J | dram=0.000000 | total=70.057 J | power=69.1 W | runtime=in_range | checksum=OK
[STRIDED_GEMM] N=128 threads=2 rep=5 batches=48717 time=0.996 s | package=69.017 J | dram=0.000000 | total=69.017 J | power=69.3 W | runtime=in_range | checksum=OK
[STRIDED_GEMM] N=128 threads=2 rep=6 batches=48717 time=1.006 s | package=69.638 J | dram=0.000000 | total=69.638 J | power=69.2 W | runtime=in_range | checksum=OK
[STRIDED_GEMM] N=128 threads=2 rep=7 batches=48717 time=1.015 s | package=70.129 J | dram=0.000000 | total=70.129 J | power=69.1 W | runtime=in_range | checksum=OK
[STRIDED_GEMM] N=128 threads=2 rep=8 batches=48717 time=1.009 s | package=69.722 J | dram=0.000000 | total=69.722 J | power=69.1 W | runtime=in_range | checksum=OK
[STRIDED_GEMM] N=128 threads=2 rep=9 batches=48717 time=1.004 s | package=69.470 J | dram=0.000000 | total=69.470 J | power=69.2 W | runtime=in_range | checksum=OK
[STRIDED_GEMM] N=128 threads=2 rep=10 batches=48717 time=1.000 s | package=69.173 J | dram=0.000000 | total=69.173 J | power=69.2 W | runtime=in_range | checksum=OK
[OpenBLAS] requested=10 active=10
[STRIDED_GEMM] N=2048 threads=10 rep=1 batches=71 time=1.010 s | package=161.425 J | dram=1.274658 | total=162.699 J | power=161.1 W | runtime=in_range | checksum=OK
[STRIDED_GEMM] N=2048 threads=10 rep=2 batches=71 time=1.011 s | package=162.089 J | dram=1.264438 | total=163.354 J | power=161.6 W | runtime=in_range | checksum=OK
[STRIDED_GEMM] N=2048 threads=10 rep=3 batches=71 time=1.011 s | package=162.551 J | dram=1.269839 | total=163.821 J | power=162.1 W | runtime=in_range | checksum=OK
[STRIDED_GEMM] N=2048 threads=10 rep=4 batches=71 time=1.010 s | package=162.511 J | dram=1.253682 | total=163.764 J | power=162.1 W | runtime=in_range | checksum=OK
[STRIDED_GEMM] N=2048 threads=10 rep=5 batches=71 time=1.011 s | package=162.564 J | dram=1.240646 | total=163.805 J | power=162.0 W | runtime=in_range | checksum=OK
[STRIDED_GEMM] N=2048 threads=10 rep=6 batches=71 time=1.011 s | package=162.987 J | dram=1.239606 | total=164.226 J | power=162.4 W | runtime=in_range | checksum=OK
[STRIDED_GEMM] N=2048 threads=10 rep=7 batches=71 time=1.010 s | package=162.879 J | dram=1.250638 | total=164.130 J | power=162.5 W | runtime=in_range | checksum=OK
[STRIDED_GEMM] N=2048 threads=10 rep=8 batches=71 time=1.012 s | package=163.214 J | dram=1.250576 | total=164.465 J | power=162.6 W | runtime=in_range | checksum=OK
[STRIDED_GEMM] N=2048 threads=10 rep=9 batches=71 time=1.012 s | package=163.206 J | dram=1.246169 | total=164.452 J | power=162.5 W | runtime=in_range | checksum=OK
[STRIDED_GEMM] N=2048 threads=10 rep=10 batches=71 time=1.010 s | package=163.180 J | dram=1.266472 | total=164.446 J | power=162.8 W | runtime=in_range | checksum=OK
[OpenBLAS] requested=1 active=1
[STRIDED_GEMM] N=1024 threads=1 rep=1 batches=93 time=1.001 s | package=56.340 J | dram=0.000000 | total=56.340 J | power=56.3 W | runtime=in_range | checksum=OK
[STRIDED_GEMM] N=1024 threads=1 rep=2 batches=93 time=0.999 s | package=55.936 J | dram=0.000092 | total=55.936 J | power=56.0 W | runtime=in_range | checksum=OK
[STRIDED_GEMM] N=1024 threads=1 rep=3 batches=93 time=1.002 s | package=55.992 J | dram=0.000030 | total=55.992 J | power=55.9 W | runtime=in_range | checksum=OK
[STRIDED_GEMM] N=1024 threads=1 rep=4 batches=93 time=1.000 s | package=55.905 J | dram=0.000092 | total=55.905 J | power=55.9 W | runtime=in_range | checksum=OK
[STRIDED_GEMM] N=1024 threads=1 rep=5 batches=93 time=1.000 s | package=55.815 J | dram=0.000092 | total=55.815 J | power=55.8 W | runtime=in_range | checksum=OK
[STRIDED_GEMM] N=1024 threads=1 rep=6 batches=93 time=0.999 s | package=55.706 J | dram=0.000122 | total=55.706 J | power=55.7 W | runtime=in_range | checksum=OK
[STRIDED_GEMM] N=1024 threads=1 rep=7 batches=93 time=1.002 s | package=56.634 J | dram=0.000092 | total=56.634 J | power=56.5 W | runtime=in_range | checksum=OK
[STRIDED_GEMM] N=1024 threads=1 rep=8 batches=93 time=1.002 s | package=56.574 J | dram=0.000061 | total=56.574 J | power=56.5 W | runtime=in_range | checksum=OK
[STRIDED_GEMM] N=1024 threads=1 rep=9 batches=93 time=1.001 s | package=57.047 J | dram=0.000031 | total=57.047 J | power=57.0 W | runtime=in_range | checksum=OK
[STRIDED_GEMM] N=1024 threads=1 rep=10 batches=93 time=1.001 s | package=57.323 J | dram=0.000015 | total=57.323 J | power=57.3 W | runtime=in_range | checksum=OK
[OpenBLAS] requested=20 active=20
[STRIDED_GEMM] N=128 threads=20 rep=1 batches=87914 time=1.044 s | package=116.742 J | dram=0.000000 | total=116.742 J | power=111.8 W | runtime=in_range | checksum=OK
[STRIDED_GEMM] N=128 threads=20 rep=2 batches=87914 time=1.022 s | package=114.814 J | dram=0.000000 | total=114.814 J | power=112.4 W | runtime=in_range | checksum=OK
[STRIDED_GEMM] N=128 threads=20 rep=3 batches=87914 time=1.014 s | package=114.339 J | dram=0.000000 | total=114.339 J | power=112.8 W | runtime=in_range | checksum=OK
[STRIDED_GEMM] N=128 threads=20 rep=4 batches=87914 time=1.020 s | package=114.876 J | dram=0.000000 | total=114.876 J | power=112.7 W | runtime=in_range | checksum=OK
[STRIDED_GEMM] N=128 threads=20 rep=5 batches=87914 time=1.020 s | package=115.046 J | dram=0.000000 | total=115.046 J | power=112.8 W | runtime=in_range | checksum=OK
[STRIDED_GEMM] N=128 threads=20 rep=6 batches=87914 time=1.018 s | package=114.647 J | dram=0.000000 | total=114.647 J | power=112.6 W | runtime=in_range | checksum=OK
[STRIDED_GEMM] N=128 threads=20 rep=7 batches=87914 time=1.024 s | package=115.058 J | dram=0.000000 | total=115.058 J | power=112.3 W | runtime=in_range | checksum=OK
[STRIDED_GEMM] N=128 threads=20 rep=8 batches=87914 time=1.014 s | package=114.429 J | dram=0.000000 | total=114.429 J | power=112.8 W | runtime=in_range | checksum=OK
[STRIDED_GEMM] N=128 threads=20 rep=9 batches=87914 time=1.006 s | package=113.682 J | dram=0.000000 | total=113.682 J | power=113.0 W | runtime=in_range | checksum=OK
[STRIDED_GEMM] N=128 threads=20 rep=10 batches=87914 time=1.000 s | package=113.267 J | dram=0.000000 | total=113.267 J | power=113.2 W | runtime=in_range | checksum=OK
[OpenBLAS] requested=8 active=8
[STRIDED_GEMM] N=256 threads=8 rep=1 batches=24333 time=0.991 s | package=132.916 J | dram=0.000000 | total=132.916 J | power=134.1 W | runtime=in_range | checksum=OK
[STRIDED_GEMM] N=256 threads=8 rep=2 batches=24333 time=0.993 s | package=133.387 J | dram=0.000000 | total=133.387 J | power=134.3 W | runtime=in_range | checksum=OK
[STRIDED_GEMM] N=256 threads=8 rep=3 batches=24333 time=1.010 s | package=134.821 J | dram=0.000000 | total=134.821 J | power=133.4 W | runtime=in_range | checksum=OK
[STRIDED_GEMM] N=256 threads=8 rep=4 batches=24333 time=0.998 s | package=133.896 J | dram=0.000000 | total=133.896 J | power=134.2 W | runtime=in_range | checksum=OK
[STRIDED_GEMM] N=256 threads=8 rep=5 batches=24333 time=0.999 s | package=134.005 J | dram=0.000000 | total=134.005 J | power=134.1 W | runtime=in_range | checksum=OK
[STRIDED_GEMM] N=256 threads=8 rep=6 batches=24333 time=1.001 s | package=134.135 J | dram=0.000000 | total=134.135 J | power=134.0 W | runtime=in_range | checksum=OK
[STRIDED_GEMM] N=256 threads=8 rep=7 batches=24333 time=1.000 s | package=134.039 J | dram=0.000000 | total=134.039 J | power=134.1 W | runtime=in_range | checksum=OK
[STRIDED_GEMM] N=256 threads=8 rep=8 batches=24333 time=0.991 s | package=133.484 J | dram=0.000000 | total=133.484 J | power=134.7 W | runtime=in_range | checksum=OK
[STRIDED_GEMM] N=256 threads=8 rep=9 batches=24333 time=0.998 s | package=134.081 J | dram=0.000000 | total=134.081 J | power=134.4 W | runtime=in_range | checksum=OK
[STRIDED_GEMM] N=256 threads=8 rep=10 batches=24333 time=0.996 s | package=133.854 J | dram=0.000000 | total=133.854 J | power=134.4 W | runtime=in_range | checksum=OK
[OpenBLAS] requested=16 active=16
[STRIDED_GEMM] N=16384 threads=16 rep=1 batches=1 time=8.381 s | package=1454.119 J | dram=14.918203 | total=1469.037 J | power=175.3 W | runtime=above | checksum=OK
[STRIDED_GEMM] N=16384 threads=16 rep=2 batches=1 time=8.368 s | package=1460.631 J | dram=14.990650 | total=1475.622 J | power=176.3 W | runtime=above | checksum=OK
[STRIDED_GEMM] N=16384 threads=16 rep=3 batches=1 time=8.391 s | package=1470.689 J | dram=15.370273 | total=1486.060 J | power=177.1 W | runtime=above | checksum=OK
[STRIDED_GEMM] N=16384 threads=16 rep=4 batches=1 time=8.373 s | package=1467.463 J | dram=15.046922 | total=1482.510 J | power=177.0 W | runtime=above | checksum=OK
[STRIDED_GEMM] N=16384 threads=16 rep=5 batches=1 time=8.383 s | package=1457.418 J | dram=15.047780 | total=1472.466 J | power=175.7 W | runtime=above | checksum=OK
[STRIDED_GEMM] N=16384 threads=16 rep=6 batches=1 time=8.391 s | package=1448.134 J | dram=15.162361 | total=1463.297 J | power=174.4 W | runtime=above | checksum=OK
[STRIDED_GEMM] N=16384 threads=16 rep=7 batches=1 time=8.413 s | package=1444.100 J | dram=15.051406 | total=1459.151 J | power=173.4 W | runtime=above | checksum=OK
[STRIDED_GEMM] N=16384 threads=16 rep=8 batches=1 time=8.343 s | package=1436.051 J | dram=15.080644 | total=1451.131 J | power=173.9 W | runtime=above | checksum=OK
[STRIDED_GEMM] N=16384 threads=16 rep=9 batches=1 time=8.396 s | package=1449.583 J | dram=15.311460 | total=1464.895 J | power=174.5 W | runtime=above | checksum=OK
[STRIDED_GEMM] N=16384 threads=16 rep=10 batches=1 time=8.377 s | package=1435.221 J | dram=15.259899 | total=1450.480 J | power=173.2 W | runtime=above | checksum=OK
[OpenBLAS] requested=10 active=10
[STRIDED_GEMM] N=16384 threads=10 rep=1 batches=1 time=7.452 s | package=1240.872 J | dram=16.165980 | total=1257.038 J | power=168.7 W | runtime=above | checksum=OK
[STRIDED_GEMM] N=16384 threads=10 rep=2 batches=1 time=7.433 s | package=1235.288 J | dram=16.200176 | total=1251.488 J | power=168.4 W | runtime=above | checksum=OK
[STRIDED_GEMM] N=16384 threads=10 rep=3 batches=1 time=7.455 s | package=1234.405 J | dram=15.965688 | total=1250.370 J | power=167.7 W | runtime=above | checksum=OK
[STRIDED_GEMM] N=16384 threads=10 rep=4 batches=1 time=7.478 s | package=1232.692 J | dram=16.078036 | total=1248.770 J | power=167.0 W | runtime=above | checksum=OK
[STRIDED_GEMM] N=16384 threads=10 rep=5 batches=1 time=7.498 s | package=1229.094 J | dram=16.106356 | total=1245.200 J | power=166.1 W | runtime=above | checksum=OK
[STRIDED_GEMM] N=16384 threads=10 rep=6 batches=1 time=7.510 s | package=1223.805 J | dram=16.079857 | total=1239.884 J | power=165.1 W | runtime=above | checksum=OK
[STRIDED_GEMM] N=16384 threads=10 rep=7 batches=1 time=7.540 s | package=1220.777 J | dram=16.088852 | total=1236.866 J | power=164.0 W | runtime=above | checksum=OK
[STRIDED_GEMM] N=16384 threads=10 rep=8 batches=1 time=7.558 s | package=1215.463 J | dram=16.148049 | total=1231.611 J | power=163.0 W | runtime=above | checksum=OK
[STRIDED_GEMM] N=16384 threads=10 rep=9 batches=1 time=7.581 s | package=1211.601 J | dram=16.336483 | total=1227.937 J | power=162.0 W | runtime=above | checksum=OK
[STRIDED_GEMM] N=16384 threads=10 rep=10 batches=1 time=7.586 s | package=1205.256 J | dram=16.247453 | total=1221.503 J | power=161.0 W | runtime=above | checksum=OK
[OpenBLAS] requested=4 active=4
[STRIDED_GEMM] N=8192 threads=4 rep=1 batches=1 time=1.613 s | package=180.553 J | dram=1.555184 | total=182.108 J | power=112.9 W | runtime=above | checksum=OK
[STRIDED_GEMM] N=8192 threads=4 rep=2 batches=1 time=1.611 s | package=180.478 J | dram=1.548436 | total=182.026 J | power=113.0 W | runtime=above | checksum=OK
[STRIDED_GEMM] N=8192 threads=4 rep=3 batches=1 time=1.610 s | package=180.467 J | dram=1.562926 | total=182.030 J | power=113.1 W | runtime=above | checksum=OK
[STRIDED_GEMM] N=8192 threads=4 rep=4 batches=1 time=1.609 s | package=180.566 J | dram=1.590649 | total=182.157 J | power=113.2 W | runtime=above | checksum=OK
[STRIDED_GEMM] N=8192 threads=4 rep=5 batches=1 time=1.611 s | package=179.908 J | dram=1.559100 | total=181.467 J | power=112.7 W | runtime=above | checksum=OK
[STRIDED_GEMM] N=8192 threads=4 rep=6 batches=1 time=1.611 s | package=180.304 J | dram=1.559299 | total=181.863 J | power=112.9 W | runtime=above | checksum=OK
[STRIDED_GEMM] N=8192 threads=4 rep=7 batches=1 time=1.601 s | package=178.818 J | dram=1.545239 | total=180.364 J | power=112.7 W | runtime=above | checksum=OK
[STRIDED_GEMM] N=8192 threads=4 rep=8 batches=1 time=1.603 s | package=180.121 J | dram=1.529006 | total=181.650 J | power=113.3 W | runtime=above | checksum=OK
[STRIDED_GEMM] N=8192 threads=4 rep=9 batches=1 time=1.603 s | package=180.124 J | dram=1.556561 | total=181.680 J | power=113.4 W | runtime=above | checksum=OK
[STRIDED_GEMM] N=8192 threads=4 rep=10 batches=1 time=1.600 s | package=179.985 J | dram=1.568403 | total=181.553 J | power=113.5 W | runtime=above | checksum=OK
[OpenBLAS] requested=2 active=2
[STRIDED_GEMM] N=8192 threads=2 rep=1 batches=1 time=3.000 s | package=245.569 J | dram=1.209159 | total=246.778 J | power=82.2 W | runtime=above | checksum=OK
[STRIDED_GEMM] N=8192 threads=2 rep=2 batches=1 time=2.998 s | package=247.091 J | dram=1.179217 | total=248.270 J | power=82.8 W | runtime=above | checksum=OK
[STRIDED_GEMM] N=8192 threads=2 rep=3 batches=1 time=2.994 s | package=247.963 J | dram=1.210123 | total=249.173 J | power=83.2 W | runtime=above | checksum=OK
[STRIDED_GEMM] N=8192 threads=2 rep=4 batches=1 time=2.989 s | package=245.702 J | dram=1.203315 | total=246.905 J | power=82.6 W | runtime=above | checksum=OK
[STRIDED_GEMM] N=8192 threads=2 rep=5 batches=1 time=2.986 s | package=247.858 J | dram=1.159005 | total=249.018 J | power=83.4 W | runtime=above | checksum=OK
[STRIDED_GEMM] N=8192 threads=2 rep=6 batches=1 time=2.987 s | package=245.655 J | dram=1.162279 | total=246.818 J | power=82.6 W | runtime=above | checksum=OK
[STRIDED_GEMM] N=8192 threads=2 rep=7 batches=1 time=2.987 s | package=248.443 J | dram=1.156527 | total=249.600 J | power=83.6 W | runtime=above | checksum=OK
[STRIDED_GEMM] N=8192 threads=2 rep=8 batches=1 time=2.979 s | package=247.109 J | dram=1.172561 | total=248.282 J | power=83.3 W | runtime=above | checksum=OK
[STRIDED_GEMM] N=8192 threads=2 rep=9 batches=1 time=2.979 s | package=248.551 J | dram=1.175606 | total=249.727 J | power=83.8 W | runtime=above | checksum=OK
[STRIDED_GEMM] N=8192 threads=2 rep=10 batches=1 time=2.974 s | package=247.167 J | dram=1.171842 | total=248.339 J | power=83.5 W | runtime=above | checksum=OK
