OpenBLAS backend=pthreads | config=OpenBLAS 0.3.30 NO_LAPACKE DYNAMIC_ARCH NO_AFFINITY SkylakeX MAX_THREADS=128
STRIDED_GEMM(ld=2N) | Intel(R) Core(TM) i9-7900X CPU @ 3.30GHz | session=strided_gemm_intel_20260719_175326_session1 | reps=10 | configs=63 | DRAM-RAPL=yes
[OpenBLAS] requested=1 active=1
[STRIDED_GEMM] N=2048 threads=1 rep=1 batches=12 time=1.117 s | package=73.539 J | dram=0.085619 | total=73.625 J | power=65.9 W | runtime=in_range | checksum=OK
[STRIDED_GEMM] N=2048 threads=1 rep=2 batches=12 time=1.056 s | package=67.966 J | dram=0.138664 | total=68.105 J | power=64.5 W | runtime=in_range | checksum=OK
[STRIDED_GEMM] N=2048 threads=1 rep=3 batches=12 time=1.214 s | package=109.573 J | dram=0.102525 | total=109.675 J | power=90.3 W | runtime=in_range | checksum=OK
[STRIDED_GEMM] N=2048 threads=1 rep=4 batches=12 time=0.996 s | package=51.756 J | dram=0.035221 | total=51.791 J | power=52.0 W | runtime=in_range | checksum=OK
[STRIDED_GEMM] N=2048 threads=1 rep=5 batches=12 time=0.996 s | package=51.663 J | dram=0.035266 | total=51.698 J | power=51.9 W | runtime=in_range | checksum=OK
[STRIDED_GEMM] N=2048 threads=1 rep=6 batches=12 time=0.995 s | package=51.622 J | dram=0.032941 | total=51.655 J | power=51.9 W | runtime=in_range | checksum=OK
[STRIDED_GEMM] N=2048 threads=1 rep=7 batches=12 time=0.998 s | package=50.669 J | dram=0.041708 | total=50.711 J | power=50.8 W | runtime=in_range | checksum=OK
[STRIDED_GEMM] N=2048 threads=1 rep=8 batches=12 time=0.995 s | package=48.982 J | dram=0.036751 | total=49.019 J | power=49.3 W | runtime=in_range | checksum=OK
[STRIDED_GEMM] N=2048 threads=1 rep=9 batches=12 time=0.996 s | package=49.062 J | dram=0.033354 | total=49.095 J | power=49.3 W | runtime=in_range | checksum=OK
[STRIDED_GEMM] N=2048 threads=1 rep=10 batches=12 time=0.996 s | package=50.421 J | dram=0.034256 | total=50.455 J | power=50.6 W | runtime=in_range | checksum=OK
[OpenBLAS] requested=8 active=8
[STRIDED_GEMM] N=16384 threads=8 rep=1 batches=1 time=7.509 s | package=1010.264 J | dram=15.035034 | total=1025.299 J | power=136.5 W | runtime=above | checksum=OK
[STRIDED_GEMM] N=16384 threads=8 rep=2 batches=1 time=7.508 s | package=1010.311 J | dram=15.015512 | total=1025.327 J | power=136.6 W | runtime=above | checksum=OK
[STRIDED_GEMM] N=16384 threads=8 rep=3 batches=1 time=7.509 s | package=1020.186 J | dram=15.040940 | total=1035.227 J | power=137.9 W | runtime=above | checksum=OK
[STRIDED_GEMM] N=16384 threads=8 rep=4 batches=1 time=7.387 s | package=1055.117 J | dram=15.119552 | total=1070.236 J | power=144.9 W | runtime=above | checksum=OK
[STRIDED_GEMM] N=16384 threads=8 rep=5 batches=1 time=7.380 s | package=1067.959 J | dram=14.991108 | total=1082.951 J | power=146.7 W | runtime=above | checksum=OK
[STRIDED_GEMM] N=16384 threads=8 rep=6 batches=1 time=7.532 s | package=1033.773 J | dram=15.138401 | total=1048.911 J | power=139.3 W | runtime=above | checksum=OK
[STRIDED_GEMM] N=16384 threads=8 rep=7 batches=1 time=7.514 s | package=1033.728 J | dram=14.923620 | total=1048.651 J | power=139.6 W | runtime=above | checksum=OK
[STRIDED_GEMM] N=16384 threads=8 rep=8 batches=1 time=7.511 s | package=1043.142 J | dram=14.718264 | total=1057.860 J | power=140.8 W | runtime=above | checksum=OK
[STRIDED_GEMM] N=16384 threads=8 rep=9 batches=1 time=7.503 s | package=1053.859 J | dram=14.963186 | total=1068.822 J | power=142.5 W | runtime=above | checksum=OK
[STRIDED_GEMM] N=16384 threads=8 rep=10 batches=1 time=7.500 s | package=1054.022 J | dram=14.863139 | total=1068.885 J | power=142.5 W | runtime=above | checksum=OK
[OpenBLAS] requested=10 active=10
[STRIDED_GEMM] N=512 threads=10 rep=1 batches=3193 time=1.012 s | package=139.055 J | dram=0.000000 | total=139.055 J | power=137.4 W | runtime=in_range | checksum=OK
[STRIDED_GEMM] N=512 threads=10 rep=2 batches=3193 time=1.016 s | package=139.437 J | dram=0.000000 | total=139.437 J | power=137.3 W | runtime=in_range | checksum=OK
[STRIDED_GEMM] N=512 threads=10 rep=3 batches=3193 time=1.012 s | package=139.298 J | dram=0.000000 | total=139.298 J | power=137.7 W | runtime=in_range | checksum=OK
[STRIDED_GEMM] N=512 threads=10 rep=4 batches=3193 time=1.021 s | package=140.158 J | dram=0.000000 | total=140.158 J | power=137.3 W | runtime=in_range | checksum=OK
[STRIDED_GEMM] N=512 threads=10 rep=5 batches=3193 time=1.017 s | package=139.923 J | dram=0.000000 | total=139.923 J | power=137.6 W | runtime=in_range | checksum=OK
[STRIDED_GEMM] N=512 threads=10 rep=6 batches=3193 time=1.025 s | package=140.692 J | dram=0.000000 | total=140.692 J | power=137.3 W | runtime=in_range | checksum=OK
[STRIDED_GEMM] N=512 threads=10 rep=7 batches=3193 time=1.022 s | package=140.420 J | dram=0.000000 | total=140.420 J | power=137.4 W | runtime=in_range | checksum=OK
[STRIDED_GEMM] N=512 threads=10 rep=8 batches=3193 time=1.028 s | package=141.006 J | dram=0.000000 | total=141.006 J | power=137.2 W | runtime=in_range | checksum=OK
[STRIDED_GEMM] N=512 threads=10 rep=9 batches=3193 time=1.021 s | package=140.731 J | dram=0.000108 | total=140.731 J | power=137.8 W | runtime=in_range | checksum=OK
[STRIDED_GEMM] N=512 threads=10 rep=10 batches=3193 time=1.017 s | package=140.347 J | dram=0.000000 | total=140.347 J | power=138.0 W | runtime=in_range | checksum=OK
[OpenBLAS] requested=4 active=4
[STRIDED_GEMM] N=512 threads=4 rep=1 batches=2283 time=1.037 s | package=91.815 J | dram=0.000000 | total=91.815 J | power=88.5 W | runtime=in_range | checksum=OK
[STRIDED_GEMM] N=512 threads=4 rep=2 batches=2283 time=1.039 s | package=92.338 J | dram=0.000030 | total=92.338 J | power=88.9 W | runtime=in_range | checksum=OK
[STRIDED_GEMM] N=512 threads=4 rep=3 batches=2283 time=1.038 s | package=91.692 J | dram=0.000000 | total=91.692 J | power=88.3 W | runtime=in_range | checksum=OK
[STRIDED_GEMM] N=512 threads=4 rep=4 batches=2283 time=0.980 s | package=99.834 J | dram=0.000000 | total=99.834 J | power=101.8 W | runtime=in_range | checksum=OK
[STRIDED_GEMM] N=512 threads=4 rep=5 batches=2283 time=0.975 s | package=100.855 J | dram=0.000000 | total=100.855 J | power=103.4 W | runtime=in_range | checksum=OK
[STRIDED_GEMM] N=512 threads=4 rep=6 batches=2283 time=0.974 s | package=101.041 J | dram=0.000000 | total=101.041 J | power=103.7 W | runtime=in_range | checksum=OK
[STRIDED_GEMM] N=512 threads=4 rep=7 batches=2283 time=0.975 s | package=101.031 J | dram=0.000000 | total=101.031 J | power=103.7 W | runtime=in_range | checksum=OK
[STRIDED_GEMM] N=512 threads=4 rep=8 batches=2283 time=0.976 s | package=101.125 J | dram=0.000000 | total=101.125 J | power=103.7 W | runtime=in_range | checksum=OK
[STRIDED_GEMM] N=512 threads=4 rep=9 batches=2283 time=0.974 s | package=100.195 J | dram=0.000000 | total=100.195 J | power=102.9 W | runtime=in_range | checksum=OK
[STRIDED_GEMM] N=512 threads=4 rep=10 batches=2283 time=0.973 s | package=100.549 J | dram=0.000000 | total=100.549 J | power=103.4 W | runtime=in_range | checksum=OK
[OpenBLAS] requested=4 active=4
[STRIDED_GEMM] N=256 threads=4 rep=1 batches=15859 time=1.001 s | package=99.582 J | dram=0.000000 | total=99.582 J | power=99.5 W | runtime=in_range | checksum=OK
[STRIDED_GEMM] N=256 threads=4 rep=2 batches=15859 time=1.009 s | package=100.134 J | dram=0.000000 | total=100.134 J | power=99.2 W | runtime=in_range | checksum=OK
[STRIDED_GEMM] N=256 threads=4 rep=3 batches=15859 time=1.012 s | package=99.947 J | dram=0.000000 | total=99.947 J | power=98.8 W | runtime=in_range | checksum=OK
[STRIDED_GEMM] N=256 threads=4 rep=4 batches=15859 time=1.024 s | package=92.945 J | dram=0.000000 | total=92.945 J | power=90.7 W | runtime=in_range | checksum=OK
[STRIDED_GEMM] N=256 threads=4 rep=5 batches=15859 time=1.031 s | package=90.475 J | dram=0.000000 | total=90.475 J | power=87.8 W | runtime=in_range | checksum=OK
[STRIDED_GEMM] N=256 threads=4 rep=6 batches=15859 time=1.032 s | package=90.625 J | dram=0.000000 | total=90.625 J | power=87.8 W | runtime=in_range | checksum=OK
[STRIDED_GEMM] N=256 threads=4 rep=7 batches=15859 time=1.032 s | package=90.575 J | dram=0.000000 | total=90.575 J | power=87.8 W | runtime=in_range | checksum=OK
[STRIDED_GEMM] N=256 threads=4 rep=8 batches=15859 time=1.032 s | package=90.773 J | dram=0.000000 | total=90.773 J | power=87.9 W | runtime=in_range | checksum=OK
[STRIDED_GEMM] N=256 threads=4 rep=9 batches=15859 time=1.031 s | package=90.806 J | dram=0.000000 | total=90.806 J | power=88.0 W | runtime=in_range | checksum=OK
[STRIDED_GEMM] N=256 threads=4 rep=10 batches=15859 time=1.032 s | package=90.825 J | dram=0.000000 | total=90.825 J | power=88.0 W | runtime=in_range | checksum=OK
[OpenBLAS] requested=20 active=20
[STRIDED_GEMM] N=2048 threads=20 rep=1 batches=38 time=1.012 s | package=144.311 J | dram=1.324827 | total=145.636 J | power=143.9 W | runtime=in_range | checksum=OK
[STRIDED_GEMM] N=2048 threads=20 rep=2 batches=38 time=1.013 s | package=144.790 J | dram=1.371339 | total=146.161 J | power=144.3 W | runtime=in_range | checksum=OK
[STRIDED_GEMM] N=2048 threads=20 rep=3 batches=38 time=1.012 s | package=144.836 J | dram=1.354662 | total=146.191 J | power=144.4 W | runtime=in_range | checksum=OK
[STRIDED_GEMM] N=2048 threads=20 rep=4 batches=38 time=1.012 s | package=145.220 J | dram=1.349889 | total=146.570 J | power=144.8 W | runtime=in_range | checksum=OK
[STRIDED_GEMM] N=2048 threads=20 rep=5 batches=38 time=1.013 s | package=145.515 J | dram=1.364010 | total=146.879 J | power=145.0 W | runtime=in_range | checksum=OK
[STRIDED_GEMM] N=2048 threads=20 rep=6 batches=38 time=1.013 s | package=145.486 J | dram=1.374460 | total=146.861 J | power=144.9 W | runtime=in_range | checksum=OK
[STRIDED_GEMM] N=2048 threads=20 rep=7 batches=38 time=1.012 s | package=145.426 J | dram=1.369549 | total=146.796 J | power=145.0 W | runtime=in_range | checksum=OK
[STRIDED_GEMM] N=2048 threads=20 rep=8 batches=38 time=1.014 s | package=145.833 J | dram=1.360629 | total=147.193 J | power=145.2 W | runtime=in_range | checksum=OK
[STRIDED_GEMM] N=2048 threads=20 rep=9 batches=38 time=1.012 s | package=145.644 J | dram=1.359558 | total=147.003 J | power=145.3 W | runtime=in_range | checksum=OK
[STRIDED_GEMM] N=2048 threads=20 rep=10 batches=38 time=1.013 s | package=145.849 J | dram=1.377214 | total=147.226 J | power=145.3 W | runtime=in_range | checksum=OK
[OpenBLAS] requested=10 active=10
[STRIDED_GEMM] N=8192 threads=10 rep=1 batches=2 time=1.843 s | package=283.440 J | dram=3.699265 | total=287.139 J | power=155.8 W | runtime=above | checksum=OK
[STRIDED_GEMM] N=8192 threads=10 rep=2 batches=2 time=1.844 s | package=283.554 J | dram=3.707159 | total=287.261 J | power=155.8 W | runtime=above | checksum=OK
[STRIDED_GEMM] N=8192 threads=10 rep=3 batches=2 time=1.843 s | package=284.137 J | dram=3.705216 | total=287.842 J | power=156.2 W | runtime=above | checksum=OK
[STRIDED_GEMM] N=8192 threads=10 rep=4 batches=2 time=1.843 s | package=284.399 J | dram=3.726192 | total=288.125 J | power=156.3 W | runtime=above | checksum=OK
[STRIDED_GEMM] N=8192 threads=10 rep=5 batches=2 time=1.845 s | package=284.679 J | dram=3.771511 | total=288.450 J | power=156.4 W | runtime=above | checksum=OK
[STRIDED_GEMM] N=8192 threads=10 rep=6 batches=2 time=1.842 s | package=284.861 J | dram=3.766493 | total=288.628 J | power=156.7 W | runtime=above | checksum=OK
[STRIDED_GEMM] N=8192 threads=10 rep=7 batches=2 time=1.843 s | package=285.601 J | dram=3.758506 | total=289.359 J | power=157.0 W | runtime=above | checksum=OK
[STRIDED_GEMM] N=8192 threads=10 rep=8 batches=2 time=1.844 s | package=285.537 J | dram=3.709485 | total=289.247 J | power=156.9 W | runtime=above | checksum=OK
[STRIDED_GEMM] N=8192 threads=10 rep=9 batches=2 time=1.844 s | package=285.962 J | dram=3.768069 | total=289.730 J | power=157.2 W | runtime=above | checksum=OK
[STRIDED_GEMM] N=8192 threads=10 rep=10 batches=2 time=1.841 s | package=286.397 J | dram=3.748913 | total=290.146 J | power=157.6 W | runtime=above | checksum=OK
[OpenBLAS] requested=1 active=1
[STRIDED_GEMM] N=4096 threads=1 rep=1 batches=2 time=1.260 s | package=71.495 J | dram=0.061307 | total=71.557 J | power=56.8 W | runtime=above | checksum=OK
[STRIDED_GEMM] N=4096 threads=1 rep=2 batches=2 time=1.269 s | package=72.390 J | dram=0.063005 | total=72.453 J | power=57.1 W | runtime=above | checksum=OK
[STRIDED_GEMM] N=4096 threads=1 rep=3 batches=2 time=1.261 s | package=70.996 J | dram=0.062852 | total=71.059 J | power=56.4 W | runtime=above | checksum=OK
[STRIDED_GEMM] N=4096 threads=1 rep=4 batches=2 time=1.261 s | package=70.471 J | dram=0.061047 | total=70.532 J | power=55.9 W | runtime=above | checksum=OK
[STRIDED_GEMM] N=4096 threads=1 rep=5 batches=2 time=1.261 s | package=71.058 J | dram=0.049388 | total=71.107 J | power=56.4 W | runtime=above | checksum=OK
[STRIDED_GEMM] N=4096 threads=1 rep=6 batches=2 time=1.261 s | package=71.438 J | dram=0.050138 | total=71.489 J | power=56.7 W | runtime=above | checksum=OK
[STRIDED_GEMM] N=4096 threads=1 rep=7 batches=2 time=1.261 s | package=70.992 J | dram=0.052372 | total=71.044 J | power=56.3 W | runtime=above | checksum=OK
[STRIDED_GEMM] N=4096 threads=1 rep=8 batches=2 time=1.261 s | package=69.657 J | dram=0.069447 | total=69.727 J | power=55.3 W | runtime=above | checksum=OK
[STRIDED_GEMM] N=4096 threads=1 rep=9 batches=2 time=1.260 s | package=70.941 J | dram=0.064046 | total=71.005 J | power=56.3 W | runtime=above | checksum=OK
[STRIDED_GEMM] N=4096 threads=1 rep=10 batches=2 time=1.262 s | package=71.233 J | dram=0.062134 | total=71.295 J | power=56.5 W | runtime=above | checksum=OK
[OpenBLAS] requested=16 active=16
[STRIDED_GEMM] N=64 threads=16 rep=1 batches=407629 time=1.000 s | package=53.808 J | dram=0.000000 | total=53.808 J | power=53.8 W | runtime=in_range | checksum=OK
[STRIDED_GEMM] N=64 threads=16 rep=2 batches=407629 time=0.999 s | package=53.823 J | dram=0.000000 | total=53.823 J | power=53.9 W | runtime=in_range | checksum=OK
[STRIDED_GEMM] N=64 threads=16 rep=3 batches=407629 time=1.000 s | package=53.306 J | dram=0.000000 | total=53.306 J | power=53.3 W | runtime=in_range | checksum=OK
[STRIDED_GEMM] N=64 threads=16 rep=4 batches=407629 time=1.000 s | package=53.413 J | dram=0.000000 | total=53.413 J | power=53.4 W | runtime=in_range | checksum=OK
[STRIDED_GEMM] N=64 threads=16 rep=5 batches=407629 time=0.999 s | package=52.068 J | dram=0.000000 | total=52.068 J | power=52.1 W | runtime=in_range | checksum=OK
[STRIDED_GEMM] N=64 threads=16 rep=6 batches=407629 time=1.001 s | package=52.464 J | dram=0.000000 | total=52.464 J | power=52.4 W | runtime=in_range | checksum=OK
[STRIDED_GEMM] N=64 threads=16 rep=7 batches=407629 time=1.001 s | package=54.126 J | dram=0.000000 | total=54.126 J | power=54.1 W | runtime=in_range | checksum=OK
[STRIDED_GEMM] N=64 threads=16 rep=8 batches=407629 time=1.000 s | package=53.920 J | dram=0.000000 | total=53.920 J | power=53.9 W | runtime=in_range | checksum=OK
[STRIDED_GEMM] N=64 threads=16 rep=9 batches=407629 time=0.999 s | package=53.948 J | dram=0.000000 | total=53.948 J | power=54.0 W | runtime=in_range | checksum=OK
[STRIDED_GEMM] N=64 threads=16 rep=10 batches=407629 time=1.002 s | package=53.450 J | dram=0.000000 | total=53.450 J | power=53.4 W | runtime=in_range | checksum=OK
[OpenBLAS] requested=2 active=2
[STRIDED_GEMM] N=512 threads=2 rep=1 batches=1320 time=1.038 s | package=75.604 J | dram=0.000000 | total=75.604 J | power=72.8 W | runtime=in_range | checksum=OK
[STRIDED_GEMM] N=512 threads=2 rep=2 batches=1320 time=1.041 s | package=75.612 J | dram=0.000000 | total=75.612 J | power=72.7 W | runtime=in_range | checksum=OK
[STRIDED_GEMM] N=512 threads=2 rep=3 batches=1320 time=1.039 s | package=75.711 J | dram=0.000000 | total=75.711 J | power=72.9 W | runtime=in_range | checksum=OK
[STRIDED_GEMM] N=512 threads=2 rep=4 batches=1320 time=1.040 s | package=75.601 J | dram=0.000000 | total=75.601 J | power=72.7 W | runtime=in_range | checksum=OK
[STRIDED_GEMM] N=512 threads=2 rep=5 batches=1320 time=1.032 s | package=75.261 J | dram=0.000000 | total=75.261 J | power=72.9 W | runtime=in_range | checksum=OK
[STRIDED_GEMM] N=512 threads=2 rep=6 batches=1320 time=1.047 s | package=74.358 J | dram=0.000000 | total=74.358 J | power=71.0 W | runtime=in_range | checksum=OK
[STRIDED_GEMM] N=512 threads=2 rep=7 batches=1320 time=1.045 s | package=74.502 J | dram=0.000000 | total=74.502 J | power=71.3 W | runtime=in_range | checksum=OK
[STRIDED_GEMM] N=512 threads=2 rep=8 batches=1320 time=1.026 s | package=75.525 J | dram=0.000000 | total=75.525 J | power=73.6 W | runtime=in_range | checksum=OK
[STRIDED_GEMM] N=512 threads=2 rep=9 batches=1320 time=1.007 s | package=77.067 J | dram=0.000000 | total=77.067 J | power=76.6 W | runtime=in_range | checksum=OK
[STRIDED_GEMM] N=512 threads=2 rep=10 batches=1320 time=1.007 s | package=76.845 J | dram=0.000000 | total=76.845 J | power=76.3 W | runtime=in_range | checksum=OK
[OpenBLAS] requested=4 active=4
[STRIDED_GEMM] N=4096 threads=4 rep=1 batches=6 time=1.095 s | package=125.440 J | dram=0.925160 | total=126.365 J | power=115.4 W | runtime=in_range | checksum=OK
[STRIDED_GEMM] N=4096 threads=4 rep=2 batches=6 time=1.094 s | package=125.878 J | dram=0.945449 | total=126.823 J | power=115.9 W | runtime=in_range | checksum=OK
[STRIDED_GEMM] N=4096 threads=4 rep=3 batches=6 time=1.096 s | package=125.731 J | dram=0.934126 | total=126.665 J | power=115.6 W | runtime=in_range | checksum=OK
[STRIDED_GEMM] N=4096 threads=4 rep=4 batches=6 time=1.096 s | package=125.734 J | dram=0.924059 | total=126.658 J | power=115.5 W | runtime=in_range | checksum=OK
[STRIDED_GEMM] N=4096 threads=4 rep=5 batches=6 time=1.092 s | package=125.725 J | dram=0.911926 | total=126.637 J | power=115.9 W | runtime=in_range | checksum=OK
[STRIDED_GEMM] N=4096 threads=4 rep=6 batches=6 time=1.094 s | package=125.960 J | dram=0.929842 | total=126.890 J | power=116.0 W | runtime=in_range | checksum=OK
[STRIDED_GEMM] N=4096 threads=4 rep=7 batches=6 time=1.093 s | package=126.161 J | dram=0.931648 | total=127.093 J | power=116.2 W | runtime=in_range | checksum=OK
[STRIDED_GEMM] N=4096 threads=4 rep=8 batches=6 time=1.094 s | package=126.191 J | dram=0.924701 | total=127.115 J | power=116.2 W | runtime=in_range | checksum=OK
[STRIDED_GEMM] N=4096 threads=4 rep=9 batches=6 time=1.095 s | package=126.066 J | dram=0.920173 | total=126.986 J | power=115.9 W | runtime=in_range | checksum=OK
[STRIDED_GEMM] N=4096 threads=4 rep=10 batches=6 time=1.097 s | package=125.688 J | dram=0.947223 | total=126.635 J | power=115.4 W | runtime=in_range | checksum=OK
[OpenBLAS] requested=16 active=16
[STRIDED_GEMM] N=1024 threads=16 rep=1 batches=471 time=1.002 s | package=156.063 J | dram=0.483189 | total=156.546 J | power=156.3 W | runtime=in_range | checksum=OK
[STRIDED_GEMM] N=1024 threads=16 rep=2 batches=471 time=1.003 s | package=156.243 J | dram=0.486096 | total=156.729 J | power=156.3 W | runtime=in_range | checksum=OK
[STRIDED_GEMM] N=1024 threads=16 rep=3 batches=471 time=1.002 s | package=156.033 J | dram=0.508419 | total=156.542 J | power=156.2 W | runtime=in_range | checksum=OK
[STRIDED_GEMM] N=1024 threads=16 rep=4 batches=471 time=1.002 s | package=156.285 J | dram=0.492645 | total=156.778 J | power=156.5 W | runtime=in_range | checksum=OK
[STRIDED_GEMM] N=1024 threads=16 rep=5 batches=471 time=1.003 s | package=156.444 J | dram=0.500815 | total=156.945 J | power=156.5 W | runtime=in_range | checksum=OK
[STRIDED_GEMM] N=1024 threads=16 rep=6 batches=471 time=1.002 s | package=156.545 J | dram=0.487703 | total=157.033 J | power=156.7 W | runtime=in_range | checksum=OK
[STRIDED_GEMM] N=1024 threads=16 rep=7 batches=471 time=1.002 s | package=156.620 J | dram=0.478645 | total=157.099 J | power=156.7 W | runtime=in_range | checksum=OK
[STRIDED_GEMM] N=1024 threads=16 rep=8 batches=471 time=1.002 s | package=156.644 J | dram=0.486861 | total=157.131 J | power=156.8 W | runtime=in_range | checksum=OK
[STRIDED_GEMM] N=1024 threads=16 rep=9 batches=471 time=1.002 s | package=156.774 J | dram=0.480144 | total=157.254 J | power=156.9 W | runtime=in_range | checksum=OK
[STRIDED_GEMM] N=1024 threads=16 rep=10 batches=471 time=1.003 s | package=157.106 J | dram=0.506094 | total=157.612 J | power=157.1 W | runtime=in_range | checksum=OK
[OpenBLAS] requested=4 active=4
[STRIDED_GEMM] N=8192 threads=4 rep=1 batches=1 time=1.568 s | package=165.895 J | dram=1.488690 | total=167.384 J | power=106.8 W | runtime=above | checksum=OK
[STRIDED_GEMM] N=8192 threads=4 rep=2 batches=1 time=1.573 s | package=164.710 J | dram=1.473895 | total=166.184 J | power=105.6 W | runtime=above | checksum=OK
[STRIDED_GEMM] N=8192 threads=4 rep=3 batches=1 time=1.580 s | package=163.096 J | dram=1.490434 | total=164.586 J | power=104.2 W | runtime=above | checksum=OK
[STRIDED_GEMM] N=8192 threads=4 rep=4 batches=1 time=1.588 s | package=161.079 J | dram=1.482632 | total=162.561 J | power=102.4 W | runtime=above | checksum=OK
[STRIDED_GEMM] N=8192 threads=4 rep=5 batches=1 time=1.568 s | package=165.684 J | dram=1.490894 | total=167.175 J | power=106.6 W | runtime=above | checksum=OK
[STRIDED_GEMM] N=8192 threads=4 rep=6 batches=1 time=1.577 s | package=162.914 J | dram=1.488216 | total=164.402 J | power=104.3 W | runtime=above | checksum=OK
[STRIDED_GEMM] N=8192 threads=4 rep=7 batches=1 time=1.573 s | package=163.548 J | dram=1.486900 | total=165.035 J | power=104.9 W | runtime=above | checksum=OK
[STRIDED_GEMM] N=8192 threads=4 rep=8 batches=1 time=1.566 s | package=164.907 J | dram=1.510233 | total=166.417 J | power=106.3 W | runtime=above | checksum=OK
[STRIDED_GEMM] N=8192 threads=4 rep=9 batches=1 time=1.582 s | package=161.717 J | dram=1.499094 | total=163.216 J | power=103.1 W | runtime=above | checksum=OK
[STRIDED_GEMM] N=8192 threads=4 rep=10 batches=1 time=1.588 s | package=160.709 J | dram=1.496065 | total=162.205 J | power=102.2 W | runtime=above | checksum=OK
[OpenBLAS] requested=10 active=10
[STRIDED_GEMM] N=2048 threads=10 rep=1 batches=70 time=1.014 s | package=160.409 J | dram=1.336134 | total=161.745 J | power=159.5 W | runtime=in_range | checksum=OK
[STRIDED_GEMM] N=2048 threads=10 rep=2 batches=70 time=1.017 s | package=161.280 J | dram=1.352367 | total=162.632 J | power=160.0 W | runtime=in_range | checksum=OK
[STRIDED_GEMM] N=2048 threads=10 rep=3 batches=70 time=1.016 s | package=161.472 J | dram=1.351618 | total=162.824 J | power=160.3 W | runtime=in_range | checksum=OK
[STRIDED_GEMM] N=2048 threads=10 rep=4 batches=70 time=1.014 s | package=161.465 J | dram=1.345176 | total=162.810 J | power=160.5 W | runtime=in_range | checksum=OK
[STRIDED_GEMM] N=2048 threads=10 rep=5 batches=70 time=1.014 s | package=161.570 J | dram=1.336455 | total=162.906 J | power=160.7 W | runtime=in_range | checksum=OK
[STRIDED_GEMM] N=2048 threads=10 rep=6 batches=70 time=1.014 s | package=161.507 J | dram=1.335032 | total=162.842 J | power=160.5 W | runtime=in_range | checksum=OK
[STRIDED_GEMM] N=2048 threads=10 rep=7 batches=70 time=1.013 s | package=161.370 J | dram=1.314944 | total=162.685 J | power=160.6 W | runtime=in_range | checksum=OK
[STRIDED_GEMM] N=2048 threads=10 rep=8 batches=70 time=1.014 s | package=161.655 J | dram=1.324001 | total=162.979 J | power=160.7 W | runtime=in_range | checksum=OK
[STRIDED_GEMM] N=2048 threads=10 rep=9 batches=70 time=1.014 s | package=161.899 J | dram=1.323557 | total=163.222 J | power=161.0 W | runtime=in_range | checksum=OK
[STRIDED_GEMM] N=2048 threads=10 rep=10 batches=70 time=1.014 s | package=162.034 J | dram=1.330105 | total=163.364 J | power=161.1 W | runtime=in_range | checksum=OK
[OpenBLAS] requested=2 active=2
[STRIDED_GEMM] N=16384 threads=2 rep=1 batches=1 time=21.611 s | package=1721.099 J | dram=9.918302 | total=1731.017 J | power=80.1 W | runtime=above | checksum=OK
[STRIDED_GEMM] N=16384 threads=2 rep=2 batches=1 time=21.775 s | package=1708.924 J | dram=9.705739 | total=1718.629 J | power=78.9 W | runtime=above | checksum=OK
[STRIDED_GEMM] N=16384 threads=2 rep=3 batches=1 time=21.662 s | package=1740.569 J | dram=9.393696 | total=1749.963 J | power=80.8 W | runtime=above | checksum=OK
[STRIDED_GEMM] N=16384 threads=2 rep=4 batches=1 time=21.264 s | package=1762.810 J | dram=9.673487 | total=1772.483 J | power=83.4 W | runtime=above | checksum=OK
[STRIDED_GEMM] N=16384 threads=2 rep=5 batches=1 time=21.114 s | package=1770.056 J | dram=9.829454 | total=1779.885 J | power=84.3 W | runtime=above | checksum=OK
[STRIDED_GEMM] N=16384 threads=2 rep=6 batches=1 time=21.268 s | package=1778.651 J | dram=9.833999 | total=1788.485 J | power=84.1 W | runtime=above | checksum=OK
[STRIDED_GEMM] N=16384 threads=2 rep=7 batches=1 time=21.845 s | package=1702.131 J | dram=9.562316 | total=1711.693 J | power=78.4 W | runtime=above | checksum=OK
[STRIDED_GEMM] N=16384 threads=2 rep=8 batches=1 time=21.867 s | package=1697.379 J | dram=10.081399 | total=1707.460 J | power=78.1 W | runtime=above | checksum=OK
[STRIDED_GEMM] N=16384 threads=2 rep=9 batches=1 time=21.745 s | package=1707.734 J | dram=10.658133 | total=1718.392 J | power=79.0 W | runtime=above | checksum=OK
[STRIDED_GEMM] N=16384 threads=2 rep=10 batches=1 time=20.977 s | package=1780.166 J | dram=10.676707 | total=1790.843 J | power=85.4 W | runtime=above | checksum=OK
[OpenBLAS] requested=20 active=20
[STRIDED_GEMM] N=16384 threads=20 rep=1 batches=1 time=9.500 s | package=1508.377 J | dram=20.019683 | total=1528.396 J | power=160.9 W | runtime=above | checksum=OK
[STRIDED_GEMM] N=16384 threads=20 rep=2 batches=1 time=9.511 s | package=1517.597 J | dram=20.335276 | total=1537.932 J | power=161.7 W | runtime=above | checksum=OK
[STRIDED_GEMM] N=16384 threads=20 rep=3 batches=1 time=9.504 s | package=1523.216 J | dram=20.332308 | total=1543.549 J | power=162.4 W | runtime=above | checksum=OK
[STRIDED_GEMM] N=16384 threads=20 rep=4 batches=1 time=9.481 s | package=1526.208 J | dram=20.339836 | total=1546.548 J | power=163.1 W | runtime=above | checksum=OK
[STRIDED_GEMM] N=16384 threads=20 rep=5 batches=1 time=9.486 s | package=1532.094 J | dram=20.065001 | total=1552.159 J | power=163.6 W | runtime=above | checksum=OK
[STRIDED_GEMM] N=16384 threads=20 rep=6 batches=1 time=9.505 s | package=1542.000 J | dram=20.206052 | total=1562.206 J | power=164.3 W | runtime=above | checksum=OK
[STRIDED_GEMM] N=16384 threads=20 rep=7 batches=1 time=9.483 s | package=1547.604 J | dram=20.351203 | total=1567.955 J | power=165.3 W | runtime=above | checksum=OK
[STRIDED_GEMM] N=16384 threads=20 rep=8 batches=1 time=9.506 s | package=1557.255 J | dram=20.458640 | total=1577.714 J | power=166.0 W | runtime=above | checksum=OK
[STRIDED_GEMM] N=16384 threads=20 rep=9 batches=1 time=9.441 s | package=1558.267 J | dram=20.283179 | total=1578.550 J | power=167.2 W | runtime=above | checksum=OK
[STRIDED_GEMM] N=16384 threads=20 rep=10 batches=1 time=9.576 s | package=1576.505 J | dram=20.624431 | total=1597.129 J | power=166.8 W | runtime=above | checksum=OK
[OpenBLAS] requested=20 active=20
[STRIDED_GEMM] N=8192 threads=20 rep=1 batches=1 time=1.251 s | package=206.266 J | dram=2.531569 | total=208.798 J | power=166.9 W | runtime=above | checksum=OK
[STRIDED_GEMM] N=8192 threads=20 rep=2 batches=1 time=1.260 s | package=207.563 J | dram=2.579825 | total=210.143 J | power=166.8 W | runtime=above | checksum=OK
[STRIDED_GEMM] N=8192 threads=20 rep=3 batches=1 time=1.259 s | package=207.584 J | dram=2.596074 | total=210.180 J | power=166.9 W | runtime=above | checksum=OK
[STRIDED_GEMM] N=8192 threads=20 rep=4 batches=1 time=1.249 s | package=206.726 J | dram=2.556033 | total=209.282 J | power=167.6 W | runtime=in_range | checksum=OK
[STRIDED_GEMM] N=8192 threads=20 rep=5 batches=1 time=1.258 s | package=207.772 J | dram=2.620569 | total=210.392 J | power=167.3 W | runtime=above | checksum=OK
[STRIDED_GEMM] N=8192 threads=20 rep=6 batches=1 time=1.242 s | package=206.155 J | dram=2.538637 | total=208.694 J | power=168.0 W | runtime=in_range | checksum=OK
[STRIDED_GEMM] N=8192 threads=20 rep=7 batches=1 time=1.260 s | package=208.086 J | dram=2.590030 | total=210.676 J | power=167.2 W | runtime=above | checksum=OK
[STRIDED_GEMM] N=8192 threads=20 rep=8 batches=1 time=1.253 s | package=207.233 J | dram=2.561342 | total=209.794 J | power=167.5 W | runtime=above | checksum=OK
[STRIDED_GEMM] N=8192 threads=20 rep=9 batches=1 time=1.260 s | package=208.169 J | dram=2.582609 | total=210.751 J | power=167.2 W | runtime=above | checksum=OK
[STRIDED_GEMM] N=8192 threads=20 rep=10 batches=1 time=1.261 s | package=208.377 J | dram=2.606018 | total=210.983 J | power=167.4 W | runtime=above | checksum=OK
[OpenBLAS] requested=16 active=16
[STRIDED_GEMM] N=2048 threads=16 rep=1 batches=64 time=1.010 s | package=170.107 J | dram=1.448726 | total=171.556 J | power=169.8 W | runtime=in_range | checksum=OK
[STRIDED_GEMM] N=2048 threads=16 rep=2 batches=64 time=1.011 s | package=170.316 J | dram=1.459482 | total=171.776 J | power=169.9 W | runtime=in_range | checksum=OK
[STRIDED_GEMM] N=2048 threads=16 rep=3 batches=64 time=1.011 s | package=170.237 J | dram=1.457569 | total=171.694 J | power=169.8 W | runtime=in_range | checksum=OK
[STRIDED_GEMM] N=2048 threads=16 rep=4 batches=64 time=1.011 s | package=169.931 J | dram=1.470911 | total=171.402 J | power=169.5 W | runtime=in_range | checksum=OK
[STRIDED_GEMM] N=2048 threads=16 rep=5 batches=64 time=1.012 s | package=169.893 J | dram=1.462389 | total=171.356 J | power=169.4 W | runtime=in_range | checksum=OK
[STRIDED_GEMM] N=2048 threads=16 rep=6 batches=64 time=1.014 s | package=170.093 J | dram=1.469106 | total=171.562 J | power=169.2 W | runtime=in_range | checksum=OK
[STRIDED_GEMM] N=2048 threads=16 rep=7 batches=64 time=1.010 s | package=169.807 J | dram=1.453699 | total=171.261 J | power=169.5 W | runtime=in_range | checksum=OK
[STRIDED_GEMM] N=2048 threads=16 rep=8 batches=64 time=1.013 s | package=169.951 J | dram=1.442912 | total=171.394 J | power=169.3 W | runtime=in_range | checksum=OK
[STRIDED_GEMM] N=2048 threads=16 rep=9 batches=64 time=1.013 s | package=170.047 J | dram=1.436655 | total=171.484 J | power=169.3 W | runtime=in_range | checksum=OK
[STRIDED_GEMM] N=2048 threads=16 rep=10 batches=64 time=1.015 s | package=169.995 J | dram=1.460660 | total=171.456 J | power=168.9 W | runtime=in_range | checksum=OK
[OpenBLAS] requested=1 active=1
[STRIDED_GEMM] N=64 threads=1 rep=1 batches=391085 time=1.000 s | package=63.282 J | dram=0.000000 | total=63.282 J | power=63.3 W | runtime=in_range | checksum=OK
[STRIDED_GEMM] N=64 threads=1 rep=2 batches=391085 time=1.000 s | package=63.003 J | dram=0.000000 | total=63.003 J | power=63.0 W | runtime=in_range | checksum=OK
[STRIDED_GEMM] N=64 threads=1 rep=3 batches=391085 time=1.001 s | package=62.942 J | dram=0.000000 | total=62.942 J | power=62.9 W | runtime=in_range | checksum=OK
[STRIDED_GEMM] N=64 threads=1 rep=4 batches=391085 time=1.000 s | package=62.728 J | dram=0.000000 | total=62.728 J | power=62.7 W | runtime=in_range | checksum=OK
[STRIDED_GEMM] N=64 threads=1 rep=5 batches=391085 time=0.999 s | package=62.663 J | dram=0.000000 | total=62.663 J | power=62.7 W | runtime=in_range | checksum=OK
[STRIDED_GEMM] N=64 threads=1 rep=6 batches=391085 time=1.000 s | package=62.533 J | dram=0.000000 | total=62.533 J | power=62.6 W | runtime=in_range | checksum=OK
[STRIDED_GEMM] N=64 threads=1 rep=7 batches=391085 time=1.000 s | package=62.435 J | dram=0.000000 | total=62.435 J | power=62.5 W | runtime=in_range | checksum=OK
[STRIDED_GEMM] N=64 threads=1 rep=8 batches=391085 time=1.000 s | package=62.117 J | dram=0.000000 | total=62.117 J | power=62.1 W | runtime=in_range | checksum=OK
[STRIDED_GEMM] N=64 threads=1 rep=9 batches=391085 time=0.998 s | package=62.009 J | dram=0.000000 | total=62.009 J | power=62.1 W | runtime=in_range | checksum=OK
[STRIDED_GEMM] N=64 threads=1 rep=10 batches=391085 time=1.002 s | package=62.160 J | dram=0.000000 | total=62.160 J | power=62.1 W | runtime=in_range | checksum=OK
[OpenBLAS] requested=2 active=2
[STRIDED_GEMM] N=1024 threads=2 rep=1 batches=177 time=1.014 s | package=87.988 J | dram=0.000061 | total=87.988 J | power=86.8 W | runtime=in_range | checksum=OK
[STRIDED_GEMM] N=1024 threads=2 rep=2 batches=177 time=1.017 s | package=88.532 J | dram=0.000367 | total=88.532 J | power=87.0 W | runtime=in_range | checksum=OK
[STRIDED_GEMM] N=1024 threads=2 rep=3 batches=177 time=1.017 s | package=89.071 J | dram=0.000521 | total=89.071 J | power=87.6 W | runtime=in_range | checksum=OK
[STRIDED_GEMM] N=1024 threads=2 rep=4 batches=177 time=1.018 s | package=87.996 J | dram=0.000336 | total=87.996 J | power=86.5 W | runtime=in_range | checksum=OK
[STRIDED_GEMM] N=1024 threads=2 rep=5 batches=177 time=1.017 s | package=88.963 J | dram=0.000490 | total=88.963 J | power=87.4 W | runtime=in_range | checksum=OK
[STRIDED_GEMM] N=1024 threads=2 rep=6 batches=177 time=1.016 s | package=87.307 J | dram=0.000367 | total=87.308 J | power=85.9 W | runtime=in_range | checksum=OK
[STRIDED_GEMM] N=1024 threads=2 rep=7 batches=177 time=1.018 s | package=88.303 J | dram=0.000275 | total=88.303 J | power=86.8 W | runtime=in_range | checksum=OK
[STRIDED_GEMM] N=1024 threads=2 rep=8 batches=177 time=1.017 s | package=87.681 J | dram=0.000291 | total=87.682 J | power=86.2 W | runtime=in_range | checksum=OK
[STRIDED_GEMM] N=1024 threads=2 rep=9 batches=177 time=1.016 s | package=88.737 J | dram=0.000474 | total=88.737 J | power=87.3 W | runtime=in_range | checksum=OK
[STRIDED_GEMM] N=1024 threads=2 rep=10 batches=177 time=1.017 s | package=88.460 J | dram=0.000138 | total=88.460 J | power=87.0 W | runtime=in_range | checksum=OK
[OpenBLAS] requested=20 active=20
[STRIDED_GEMM] N=1024 threads=20 rep=1 batches=517 time=1.006 s | package=177.721 J | dram=0.499269 | total=178.220 J | power=177.1 W | runtime=in_range | checksum=OK
[STRIDED_GEMM] N=1024 threads=20 rep=2 batches=517 time=1.008 s | package=177.934 J | dram=0.513514 | total=178.448 J | power=177.0 W | runtime=in_range | checksum=OK
[STRIDED_GEMM] N=1024 threads=20 rep=3 batches=517 time=1.007 s | package=177.918 J | dram=0.502528 | total=178.421 J | power=177.2 W | runtime=in_range | checksum=OK
[STRIDED_GEMM] N=1024 threads=20 rep=4 batches=517 time=1.007 s | package=178.103 J | dram=0.512030 | total=178.615 J | power=177.4 W | runtime=in_range | checksum=OK
[STRIDED_GEMM] N=1024 threads=20 rep=5 batches=517 time=1.007 s | package=178.166 J | dram=0.500937 | total=178.666 J | power=177.5 W | runtime=in_range | checksum=OK
[STRIDED_GEMM] N=1024 threads=20 rep=6 batches=517 time=1.007 s | package=178.175 J | dram=0.513897 | total=178.689 J | power=177.4 W | runtime=in_range | checksum=OK
[STRIDED_GEMM] N=1024 threads=20 rep=7 batches=517 time=1.011 s | package=178.784 J | dram=0.521776 | total=179.305 J | power=177.3 W | runtime=in_range | checksum=OK
[STRIDED_GEMM] N=1024 threads=20 rep=8 batches=517 time=1.009 s | package=178.191 J | dram=0.508342 | total=178.699 J | power=177.1 W | runtime=in_range | checksum=OK
[STRIDED_GEMM] N=1024 threads=20 rep=9 batches=517 time=1.010 s | package=178.191 J | dram=0.520323 | total=178.711 J | power=176.9 W | runtime=in_range | checksum=OK
[STRIDED_GEMM] N=1024 threads=20 rep=10 batches=517 time=1.012 s | package=178.460 J | dram=0.509092 | total=178.969 J | power=176.8 W | runtime=in_range | checksum=OK
[OpenBLAS] requested=10 active=10
[STRIDED_GEMM] N=128 threads=10 rep=1 batches=81552 time=1.009 s | package=121.888 J | dram=0.000000 | total=121.888 J | power=120.8 W | runtime=in_range | checksum=OK
[STRIDED_GEMM] N=128 threads=10 rep=2 batches=81552 time=1.011 s | package=121.670 J | dram=0.000000 | total=121.670 J | power=120.4 W | runtime=in_range | checksum=OK
[STRIDED_GEMM] N=128 threads=10 rep=3 batches=81552 time=1.000 s | package=120.680 J | dram=0.000000 | total=120.680 J | power=120.7 W | runtime=in_range | checksum=OK
[STRIDED_GEMM] N=128 threads=10 rep=4 batches=81552 time=1.010 s | package=121.402 J | dram=0.000000 | total=121.402 J | power=120.2 W | runtime=in_range | checksum=OK
[STRIDED_GEMM] N=128 threads=10 rep=5 batches=81552 time=1.012 s | package=122.074 J | dram=0.000000 | total=122.074 J | power=120.6 W | runtime=in_range | checksum=OK
[STRIDED_GEMM] N=128 threads=10 rep=6 batches=81552 time=1.001 s | package=121.547 J | dram=0.000000 | total=121.547 J | power=121.5 W | runtime=in_range | checksum=OK
[STRIDED_GEMM] N=128 threads=10 rep=7 batches=81552 time=1.002 s | package=121.726 J | dram=0.000000 | total=121.726 J | power=121.5 W | runtime=in_range | checksum=OK
[STRIDED_GEMM] N=128 threads=10 rep=8 batches=81552 time=0.994 s | package=120.934 J | dram=0.000000 | total=120.934 J | power=121.6 W | runtime=in_range | checksum=OK
[STRIDED_GEMM] N=128 threads=10 rep=9 batches=81552 time=0.983 s | package=120.009 J | dram=0.000000 | total=120.009 J | power=122.1 W | runtime=in_range | checksum=OK
[STRIDED_GEMM] N=128 threads=10 rep=10 batches=81552 time=0.986 s | package=120.013 J | dram=0.000000 | total=120.013 J | power=121.7 W | runtime=in_range | checksum=OK
[OpenBLAS] requested=10 active=10
[STRIDED_GEMM] N=256 threads=10 rep=1 batches=16090 time=1.065 s | package=145.287 J | dram=0.000000 | total=145.287 J | power=136.4 W | runtime=in_range | checksum=OK
[STRIDED_GEMM] N=256 threads=10 rep=2 batches=16090 time=0.998 s | package=138.763 J | dram=0.000000 | total=138.763 J | power=139.1 W | runtime=in_range | checksum=OK
[STRIDED_GEMM] N=256 threads=10 rep=3 batches=16090 time=1.009 s | package=140.101 J | dram=0.000000 | total=140.101 J | power=138.8 W | runtime=in_range | checksum=OK
[STRIDED_GEMM] N=256 threads=10 rep=4 batches=16090 time=1.016 s | package=140.928 J | dram=0.000000 | total=140.928 J | power=138.7 W | runtime=in_range | checksum=OK
[STRIDED_GEMM] N=256 threads=10 rep=5 batches=16090 time=1.020 s | package=141.298 J | dram=0.000000 | total=141.298 J | power=138.5 W | runtime=in_range | checksum=OK
[STRIDED_GEMM] N=256 threads=10 rep=6 batches=16090 time=1.011 s | package=140.430 J | dram=0.000000 | total=140.430 J | power=138.8 W | runtime=in_range | checksum=OK
[STRIDED_GEMM] N=256 threads=10 rep=7 batches=16090 time=1.009 s | package=140.219 J | dram=0.000000 | total=140.219 J | power=139.0 W | runtime=in_range | checksum=OK
[STRIDED_GEMM] N=256 threads=10 rep=8 batches=16090 time=1.042 s | package=143.311 J | dram=0.000000 | total=143.311 J | power=137.6 W | runtime=in_range | checksum=OK
[STRIDED_GEMM] N=256 threads=10 rep=9 batches=16090 time=1.008 s | package=140.401 J | dram=0.000000 | total=140.401 J | power=139.3 W | runtime=in_range | checksum=OK
[STRIDED_GEMM] N=256 threads=10 rep=10 batches=16090 time=1.002 s | package=139.701 J | dram=0.000000 | total=139.701 J | power=139.4 W | runtime=in_range | checksum=OK
[OpenBLAS] requested=10 active=10
[STRIDED_GEMM] N=4096 threads=10 rep=1 batches=10 time=1.052 s | package=179.986 J | dram=2.079301 | total=182.066 J | power=173.0 W | runtime=in_range | checksum=OK
[STRIDED_GEMM] N=4096 threads=10 rep=2 batches=10 time=1.055 s | package=180.040 J | dram=2.111079 | total=182.151 J | power=172.6 W | runtime=in_range | checksum=OK
[STRIDED_GEMM] N=4096 threads=10 rep=3 batches=10 time=1.056 s | package=180.228 J | dram=2.113802 | total=182.341 J | power=172.7 W | runtime=in_range | checksum=OK
[STRIDED_GEMM] N=4096 threads=10 rep=4 batches=10 time=1.056 s | package=179.921 J | dram=2.129515 | total=182.050 J | power=172.5 W | runtime=in_range | checksum=OK
[STRIDED_GEMM] N=4096 threads=10 rep=5 batches=10 time=1.056 s | package=180.022 J | dram=2.146146 | total=182.169 J | power=172.5 W | runtime=in_range | checksum=OK
[STRIDED_GEMM] N=4096 threads=10 rep=6 batches=10 time=1.057 s | package=179.924 J | dram=2.131351 | total=182.055 J | power=172.2 W | runtime=in_range | checksum=OK
[STRIDED_GEMM] N=4096 threads=10 rep=7 batches=10 time=1.057 s | package=179.938 J | dram=2.130005 | total=182.068 J | power=172.2 W | runtime=in_range | checksum=OK
[STRIDED_GEMM] N=4096 threads=10 rep=8 batches=10 time=1.057 s | package=179.886 J | dram=2.135314 | total=182.022 J | power=172.2 W | runtime=in_range | checksum=OK
[STRIDED_GEMM] N=4096 threads=10 rep=9 batches=10 time=1.059 s | package=180.242 J | dram=2.154148 | total=182.397 J | power=172.3 W | runtime=in_range | checksum=OK
[STRIDED_GEMM] N=4096 threads=10 rep=10 batches=10 time=1.059 s | package=179.712 J | dram=2.170443 | total=181.882 J | power=171.8 W | runtime=in_range | checksum=OK
[OpenBLAS] requested=1 active=1
[STRIDED_GEMM] N=8192 threads=1 rep=1 batches=1 time=5.471 s | package=386.420 J | dram=0.385820 | total=386.806 J | power=70.7 W | runtime=above | checksum=OK
[STRIDED_GEMM] N=8192 threads=1 rep=2 batches=1 time=5.451 s | package=382.119 J | dram=0.380848 | total=382.500 J | power=70.2 W | runtime=above | checksum=OK
[STRIDED_GEMM] N=8192 threads=1 rep=3 batches=1 time=5.430 s | package=378.107 J | dram=0.402298 | total=378.510 J | power=69.7 W | runtime=above | checksum=OK
[STRIDED_GEMM] N=8192 threads=1 rep=4 batches=1 time=5.413 s | package=374.054 J | dram=0.366986 | total=374.421 J | power=69.2 W | runtime=above | checksum=OK
[STRIDED_GEMM] N=8192 threads=1 rep=5 batches=1 time=5.395 s | package=370.880 J | dram=0.385560 | total=371.265 J | power=68.8 W | runtime=above | checksum=OK
[STRIDED_GEMM] N=8192 threads=1 rep=6 batches=1 time=5.386 s | package=366.673 J | dram=0.364125 | total=367.037 J | power=68.2 W | runtime=above | checksum=OK
[STRIDED_GEMM] N=8192 threads=1 rep=7 batches=1 time=5.359 s | package=359.930 J | dram=0.395260 | total=360.326 J | power=67.2 W | runtime=above | checksum=OK
[STRIDED_GEMM] N=8192 threads=1 rep=8 batches=1 time=5.341 s | package=356.846 J | dram=0.417078 | total=357.263 J | power=66.9 W | runtime=above | checksum=OK
[STRIDED_GEMM] N=8192 threads=1 rep=9 batches=1 time=5.318 s | package=352.999 J | dram=0.395352 | total=353.395 J | power=66.4 W | runtime=above | checksum=OK
[STRIDED_GEMM] N=8192 threads=1 rep=10 batches=1 time=5.301 s | package=348.961 J | dram=0.396928 | total=349.358 J | power=65.9 W | runtime=above | checksum=OK
[OpenBLAS] requested=2 active=2
[STRIDED_GEMM] N=64 threads=2 rep=1 batches=400314 time=1.001 s | package=59.386 J | dram=0.000000 | total=59.386 J | power=59.4 W | runtime=in_range | checksum=OK
[STRIDED_GEMM] N=64 threads=2 rep=2 batches=400314 time=0.999 s | package=59.393 J | dram=0.000000 | total=59.393 J | power=59.4 W | runtime=in_range | checksum=OK
[STRIDED_GEMM] N=64 threads=2 rep=3 batches=400314 time=0.998 s | package=59.422 J | dram=0.000000 | total=59.422 J | power=59.5 W | runtime=in_range | checksum=OK
[STRIDED_GEMM] N=64 threads=2 rep=4 batches=400314 time=0.996 s | package=58.980 J | dram=0.000000 | total=58.980 J | power=59.2 W | runtime=in_range | checksum=OK
[STRIDED_GEMM] N=64 threads=2 rep=5 batches=400314 time=0.994 s | package=58.580 J | dram=0.000000 | total=58.580 J | power=58.9 W | runtime=in_range | checksum=OK
[STRIDED_GEMM] N=64 threads=2 rep=6 batches=400314 time=0.993 s | package=58.319 J | dram=0.000000 | total=58.319 J | power=58.8 W | runtime=in_range | checksum=OK
[STRIDED_GEMM] N=64 threads=2 rep=7 batches=400314 time=0.991 s | package=58.091 J | dram=0.000000 | total=58.091 J | power=58.6 W | runtime=in_range | checksum=OK
[STRIDED_GEMM] N=64 threads=2 rep=8 batches=400314 time=0.990 s | package=57.198 J | dram=0.000000 | total=57.198 J | power=57.8 W | runtime=in_range | checksum=OK
[STRIDED_GEMM] N=64 threads=2 rep=9 batches=400314 time=0.987 s | package=57.729 J | dram=0.000000 | total=57.729 J | power=58.5 W | runtime=in_range | checksum=OK
[STRIDED_GEMM] N=64 threads=2 rep=10 batches=400314 time=0.989 s | package=58.012 J | dram=0.000000 | total=58.012 J | power=58.7 W | runtime=in_range | checksum=OK
[OpenBLAS] requested=16 active=16
[STRIDED_GEMM] N=256 threads=16 rep=1 batches=20511 time=1.010 s | package=152.424 J | dram=0.000000 | total=152.424 J | power=151.0 W | runtime=in_range | checksum=OK
[STRIDED_GEMM] N=256 threads=16 rep=2 batches=20511 time=1.004 s | package=152.030 J | dram=0.000061 | total=152.030 J | power=151.4 W | runtime=in_range | checksum=OK
[STRIDED_GEMM] N=256 threads=16 rep=3 batches=20511 time=1.013 s | package=153.018 J | dram=0.000000 | total=153.018 J | power=151.1 W | runtime=in_range | checksum=OK
[STRIDED_GEMM] N=256 threads=16 rep=4 batches=20511 time=1.014 s | package=153.269 J | dram=0.000000 | total=153.269 J | power=151.2 W | runtime=in_range | checksum=OK
[STRIDED_GEMM] N=256 threads=16 rep=5 batches=20511 time=1.025 s | package=154.726 J | dram=0.000000 | total=154.726 J | power=150.9 W | runtime=in_range | checksum=OK
[STRIDED_GEMM] N=256 threads=16 rep=6 batches=20511 time=1.025 s | package=154.988 J | dram=0.000000 | total=154.988 J | power=151.2 W | runtime=in_range | checksum=OK
[STRIDED_GEMM] N=256 threads=16 rep=7 batches=20511 time=1.011 s | package=153.200 J | dram=0.000000 | total=153.200 J | power=151.5 W | runtime=in_range | checksum=OK
[STRIDED_GEMM] N=256 threads=16 rep=8 batches=20511 time=1.011 s | package=153.706 J | dram=0.000000 | total=153.706 J | power=152.1 W | runtime=in_range | checksum=OK
[STRIDED_GEMM] N=256 threads=16 rep=9 batches=20511 time=1.027 s | package=155.522 J | dram=0.000000 | total=155.522 J | power=151.4 W | runtime=in_range | checksum=OK
[STRIDED_GEMM] N=256 threads=16 rep=10 batches=20511 time=1.011 s | package=153.459 J | dram=0.000000 | total=153.459 J | power=151.8 W | runtime=in_range | checksum=OK
[OpenBLAS] requested=10 active=10
[STRIDED_GEMM] N=64 threads=10 rep=1 batches=399943 time=0.997 s | package=59.332 J | dram=0.000000 | total=59.332 J | power=59.5 W | runtime=in_range | checksum=OK
[STRIDED_GEMM] N=64 threads=10 rep=2 batches=399943 time=0.995 s | package=58.998 J | dram=0.000000 | total=58.998 J | power=59.3 W | runtime=in_range | checksum=OK
[STRIDED_GEMM] N=64 threads=10 rep=3 batches=399943 time=0.993 s | package=58.436 J | dram=0.000000 | total=58.436 J | power=58.9 W | runtime=in_range | checksum=OK
[STRIDED_GEMM] N=64 threads=10 rep=4 batches=399943 time=0.991 s | package=58.269 J | dram=0.000000 | total=58.269 J | power=58.8 W | runtime=in_range | checksum=OK
[STRIDED_GEMM] N=64 threads=10 rep=5 batches=399943 time=0.990 s | package=58.182 J | dram=0.000000 | total=58.182 J | power=58.8 W | runtime=in_range | checksum=OK
[STRIDED_GEMM] N=64 threads=10 rep=6 batches=399943 time=0.985 s | package=57.730 J | dram=0.000000 | total=57.730 J | power=58.6 W | runtime=in_range | checksum=OK
[STRIDED_GEMM] N=64 threads=10 rep=7 batches=399943 time=0.987 s | package=57.596 J | dram=0.000000 | total=57.596 J | power=58.4 W | runtime=in_range | checksum=OK
[STRIDED_GEMM] N=64 threads=10 rep=8 batches=399943 time=0.984 s | package=57.265 J | dram=0.000000 | total=57.265 J | power=58.2 W | runtime=in_range | checksum=OK
[STRIDED_GEMM] N=64 threads=10 rep=9 batches=399943 time=0.984 s | package=56.580 J | dram=0.000000 | total=56.580 J | power=57.5 W | runtime=in_range | checksum=OK
[STRIDED_GEMM] N=64 threads=10 rep=10 batches=399943 time=0.983 s | package=56.518 J | dram=0.000000 | total=56.518 J | power=57.5 W | runtime=in_range | checksum=OK
[OpenBLAS] requested=16 active=16
[STRIDED_GEMM] N=8192 threads=16 rep=1 batches=1 time=1.032 s | package=183.714 J | dram=1.735648 | total=185.449 J | power=179.7 W | runtime=in_range | checksum=OK
[STRIDED_GEMM] N=8192 threads=16 rep=2 batches=1 time=1.033 s | package=183.810 J | dram=1.736458 | total=185.547 J | power=179.7 W | runtime=in_range | checksum=OK
[STRIDED_GEMM] N=8192 threads=16 rep=3 batches=1 time=1.033 s | package=183.561 J | dram=1.726314 | total=185.288 J | power=179.4 W | runtime=in_range | checksum=OK
[STRIDED_GEMM] N=8192 threads=16 rep=4 batches=1 time=1.033 s | package=183.533 J | dram=1.739350 | total=185.272 J | power=179.4 W | runtime=in_range | checksum=OK
[STRIDED_GEMM] N=8192 threads=16 rep=5 batches=1 time=1.033 s | package=183.674 J | dram=1.744154 | total=185.418 J | power=179.5 W | runtime=in_range | checksum=OK
[STRIDED_GEMM] N=8192 threads=16 rep=6 batches=1 time=1.032 s | package=183.224 J | dram=1.784057 | total=185.008 J | power=179.2 W | runtime=in_range | checksum=OK
[STRIDED_GEMM] N=8192 threads=16 rep=7 batches=1 time=1.033 s | package=182.939 J | dram=1.725962 | total=184.665 J | power=178.7 W | runtime=in_range | checksum=OK
[STRIDED_GEMM] N=8192 threads=16 rep=8 batches=1 time=1.032 s | package=182.871 J | dram=1.709362 | total=184.581 J | power=178.8 W | runtime=in_range | checksum=OK
[STRIDED_GEMM] N=8192 threads=16 rep=9 batches=1 time=1.034 s | package=183.113 J | dram=1.727171 | total=184.840 J | power=178.8 W | runtime=in_range | checksum=OK
[STRIDED_GEMM] N=8192 threads=16 rep=10 batches=1 time=1.034 s | package=182.691 J | dram=1.735862 | total=184.427 J | power=178.4 W | runtime=in_range | checksum=OK
[OpenBLAS] requested=8 active=8
[STRIDED_GEMM] N=512 threads=8 rep=1 batches=3967 time=1.020 s | package=159.505 J | dram=0.000000 | total=159.505 J | power=156.3 W | runtime=in_range | checksum=OK
[STRIDED_GEMM] N=512 threads=8 rep=2 batches=3967 time=1.021 s | package=159.829 J | dram=0.000000 | total=159.829 J | power=156.6 W | runtime=in_range | checksum=OK
[STRIDED_GEMM] N=512 threads=8 rep=3 batches=3967 time=1.021 s | package=159.576 J | dram=0.000046 | total=159.576 J | power=156.3 W | runtime=in_range | checksum=OK
[STRIDED_GEMM] N=512 threads=8 rep=4 batches=3967 time=1.022 s | package=159.622 J | dram=0.000016 | total=159.622 J | power=156.2 W | runtime=in_range | checksum=OK
[STRIDED_GEMM] N=512 threads=8 rep=5 batches=3967 time=1.024 s | package=159.541 J | dram=0.000000 | total=159.541 J | power=155.8 W | runtime=in_range | checksum=OK
[STRIDED_GEMM] N=512 threads=8 rep=6 batches=3967 time=1.025 s | package=159.717 J | dram=0.000000 | total=159.717 J | power=155.8 W | runtime=in_range | checksum=OK
[STRIDED_GEMM] N=512 threads=8 rep=7 batches=3967 time=1.025 s | package=159.751 J | dram=0.000000 | total=159.751 J | power=155.8 W | runtime=in_range | checksum=OK
[STRIDED_GEMM] N=512 threads=8 rep=8 batches=3967 time=1.026 s | package=159.736 J | dram=0.000000 | total=159.736 J | power=155.8 W | runtime=in_range | checksum=OK
[STRIDED_GEMM] N=512 threads=8 rep=9 batches=3967 time=1.027 s | package=159.789 J | dram=0.000000 | total=159.789 J | power=155.6 W | runtime=in_range | checksum=OK
[STRIDED_GEMM] N=512 threads=8 rep=10 batches=3967 time=1.028 s | package=159.820 J | dram=0.000000 | total=159.820 J | power=155.5 W | runtime=in_range | checksum=OK
[OpenBLAS] requested=16 active=16
[STRIDED_GEMM] N=512 threads=16 rep=1 batches=3971 time=1.009 s | package=165.979 J | dram=0.000015 | total=165.979 J | power=164.4 W | runtime=in_range | checksum=OK
[STRIDED_GEMM] N=512 threads=16 rep=2 batches=3971 time=1.013 s | package=166.444 J | dram=0.000000 | total=166.444 J | power=164.2 W | runtime=in_range | checksum=OK
[STRIDED_GEMM] N=512 threads=16 rep=3 batches=3971 time=1.013 s | package=166.562 J | dram=0.000000 | total=166.562 J | power=164.4 W | runtime=in_range | checksum=OK
[STRIDED_GEMM] N=512 threads=16 rep=4 batches=3971 time=1.010 s | package=165.963 J | dram=0.000000 | total=165.963 J | power=164.3 W | runtime=in_range | checksum=OK
[STRIDED_GEMM] N=512 threads=16 rep=5 batches=3971 time=1.012 s | package=166.240 J | dram=0.000000 | total=166.240 J | power=164.2 W | runtime=in_range | checksum=OK
[STRIDED_GEMM] N=512 threads=16 rep=6 batches=3971 time=1.012 s | package=166.287 J | dram=0.000000 | total=166.287 J | power=164.3 W | runtime=in_range | checksum=OK
[STRIDED_GEMM] N=512 threads=16 rep=7 batches=3971 time=1.012 s | package=166.258 J | dram=0.000000 | total=166.258 J | power=164.3 W | runtime=in_range | checksum=OK
[STRIDED_GEMM] N=512 threads=16 rep=8 batches=3971 time=1.014 s | package=166.402 J | dram=0.000000 | total=166.402 J | power=164.1 W | runtime=in_range | checksum=OK
[STRIDED_GEMM] N=512 threads=16 rep=9 batches=3971 time=1.016 s | package=166.445 J | dram=0.000000 | total=166.445 J | power=163.8 W | runtime=in_range | checksum=OK
[STRIDED_GEMM] N=512 threads=16 rep=10 batches=3971 time=1.015 s | package=166.544 J | dram=0.000000 | total=166.544 J | power=164.0 W | runtime=in_range | checksum=OK
[OpenBLAS] requested=10 active=10
[STRIDED_GEMM] N=16384 threads=10 rep=1 batches=1 time=7.465 s | package=1242.745 J | dram=16.068489 | total=1258.814 J | power=168.6 W | runtime=above | checksum=OK
[STRIDED_GEMM] N=16384 threads=10 rep=2 batches=1 time=7.477 s | package=1244.182 J | dram=16.218229 | total=1260.401 J | power=168.6 W | runtime=above | checksum=OK
[STRIDED_GEMM] N=16384 threads=10 rep=3 batches=1 time=7.498 s | package=1242.922 J | dram=16.326125 | total=1259.248 J | power=167.9 W | runtime=above | checksum=OK
[STRIDED_GEMM] N=16384 threads=10 rep=4 batches=1 time=7.526 s | package=1244.676 J | dram=16.398602 | total=1261.075 J | power=167.6 W | runtime=above | checksum=OK
[STRIDED_GEMM] N=16384 threads=10 rep=5 batches=1 time=7.553 s | package=1242.270 J | dram=16.584435 | total=1258.854 J | power=166.7 W | runtime=above | checksum=OK
[STRIDED_GEMM] N=16384 threads=10 rep=6 batches=1 time=7.567 s | package=1238.563 J | dram=16.570313 | total=1255.133 J | power=165.9 W | runtime=above | checksum=OK
[STRIDED_GEMM] N=16384 threads=10 rep=7 batches=1 time=7.585 s | package=1234.274 J | dram=16.484113 | total=1250.758 J | power=164.9 W | runtime=above | checksum=OK
[STRIDED_GEMM] N=16384 threads=10 rep=8 batches=1 time=7.609 s | package=1230.484 J | dram=16.587220 | total=1247.071 J | power=163.9 W | runtime=above | checksum=OK
[STRIDED_GEMM] N=16384 threads=10 rep=9 batches=1 time=7.627 s | package=1225.495 J | dram=16.762558 | total=1242.258 J | power=162.9 W | runtime=above | checksum=OK
[STRIDED_GEMM] N=16384 threads=10 rep=10 batches=1 time=7.649 s | package=1219.828 J | dram=16.731667 | total=1236.560 J | power=161.7 W | runtime=above | checksum=OK
[OpenBLAS] requested=4 active=4
[STRIDED_GEMM] N=16384 threads=4 rep=1 batches=1 time=12.813 s | package=1433.970 J | dram=13.357986 | total=1447.328 J | power=113.0 W | runtime=above | checksum=OK
[STRIDED_GEMM] N=16384 threads=4 rep=2 batches=1 time=12.921 s | package=1473.049 J | dram=13.172795 | total=1486.222 J | power=115.0 W | runtime=above | checksum=OK
[STRIDED_GEMM] N=16384 threads=4 rep=3 batches=1 time=12.906 s | package=1471.454 J | dram=13.229007 | total=1484.683 J | power=115.0 W | runtime=above | checksum=OK
[STRIDED_GEMM] N=16384 threads=4 rep=4 batches=1 time=12.904 s | package=1471.524 J | dram=13.185923 | total=1484.710 J | power=115.1 W | runtime=above | checksum=OK
[STRIDED_GEMM] N=16384 threads=4 rep=5 batches=1 time=12.909 s | package=1462.479 J | dram=13.067026 | total=1475.546 J | power=114.3 W | runtime=above | checksum=OK
[STRIDED_GEMM] N=16384 threads=4 rep=6 batches=1 time=12.903 s | package=1459.369 J | dram=13.212346 | total=1472.582 J | power=114.1 W | runtime=above | checksum=OK
[STRIDED_GEMM] N=16384 threads=4 rep=7 batches=1 time=12.892 s | package=1466.279 J | dram=13.208872 | total=1479.488 J | power=114.8 W | runtime=above | checksum=OK
[STRIDED_GEMM] N=16384 threads=4 rep=8 batches=1 time=12.881 s | package=1473.890 J | dram=13.234317 | total=1487.124 J | power=115.4 W | runtime=above | checksum=OK
[STRIDED_GEMM] N=16384 threads=4 rep=9 batches=1 time=12.881 s | package=1465.731 J | dram=13.177461 | total=1478.908 J | power=114.8 W | runtime=above | checksum=OK
[STRIDED_GEMM] N=16384 threads=4 rep=10 batches=1 time=12.876 s | package=1472.184 J | dram=13.089073 | total=1485.273 J | power=115.4 W | runtime=above | checksum=OK
[OpenBLAS] requested=20 active=20
[STRIDED_GEMM] N=256 threads=20 rep=1 batches=17615 time=1.004 s | package=158.412 J | dram=0.000000 | total=158.412 J | power=157.8 W | runtime=in_range | checksum=OK
[STRIDED_GEMM] N=256 threads=20 rep=2 batches=17615 time=1.002 s | package=157.848 J | dram=0.000000 | total=157.848 J | power=157.5 W | runtime=in_range | checksum=OK
[STRIDED_GEMM] N=256 threads=20 rep=3 batches=17615 time=1.006 s | package=158.186 J | dram=0.000000 | total=158.186 J | power=157.2 W | runtime=in_range | checksum=OK
[STRIDED_GEMM] N=256 threads=20 rep=4 batches=17615 time=1.004 s | package=157.899 J | dram=0.000000 | total=157.899 J | power=157.3 W | runtime=in_range | checksum=OK
[STRIDED_GEMM] N=256 threads=20 rep=5 batches=17615 time=1.005 s | package=157.780 J | dram=0.000000 | total=157.780 J | power=157.0 W | runtime=in_range | checksum=OK
[STRIDED_GEMM] N=256 threads=20 rep=6 batches=17615 time=1.008 s | package=157.827 J | dram=0.000000 | total=157.827 J | power=156.6 W | runtime=in_range | checksum=OK
[STRIDED_GEMM] N=256 threads=20 rep=7 batches=17615 time=1.006 s | package=157.091 J | dram=0.000000 | total=157.091 J | power=156.2 W | runtime=in_range | checksum=OK
[STRIDED_GEMM] N=256 threads=20 rep=8 batches=17615 time=1.007 s | package=157.407 J | dram=0.000000 | total=157.407 J | power=156.4 W | runtime=in_range | checksum=OK
[STRIDED_GEMM] N=256 threads=20 rep=9 batches=17615 time=1.007 s | package=157.450 J | dram=0.000000 | total=157.450 J | power=156.3 W | runtime=in_range | checksum=OK
[STRIDED_GEMM] N=256 threads=20 rep=10 batches=17615 time=1.010 s | package=157.694 J | dram=0.000000 | total=157.694 J | power=156.1 W | runtime=in_range | checksum=OK
[OpenBLAS] requested=8 active=8
[STRIDED_GEMM] N=4096 threads=8 rep=1 batches=9 time=1.046 s | package=157.165 J | dram=1.728471 | total=158.894 J | power=151.8 W | runtime=in_range | checksum=OK
[STRIDED_GEMM] N=4096 threads=8 rep=2 batches=9 time=1.047 s | package=156.720 J | dram=1.745822 | total=158.466 J | power=151.4 W | runtime=in_range | checksum=OK
[STRIDED_GEMM] N=4096 threads=8 rep=3 batches=9 time=1.050 s | package=157.375 J | dram=1.745056 | total=159.120 J | power=151.5 W | runtime=in_range | checksum=OK
[STRIDED_GEMM] N=4096 threads=8 rep=4 batches=9 time=1.049 s | package=156.963 J | dram=1.760434 | total=158.723 J | power=151.3 W | runtime=in_range | checksum=OK
[STRIDED_GEMM] N=4096 threads=8 rep=5 batches=9 time=1.048 s | package=156.574 J | dram=1.772459 | total=158.346 J | power=151.1 W | runtime=in_range | checksum=OK
[STRIDED_GEMM] N=4096 threads=8 rep=6 batches=9 time=1.049 s | package=156.734 J | dram=1.762560 | total=158.496 J | power=151.1 W | runtime=in_range | checksum=OK
[STRIDED_GEMM] N=4096 threads=8 rep=7 batches=9 time=1.049 s | package=156.722 J | dram=1.727569 | total=158.450 J | power=151.0 W | runtime=in_range | checksum=OK
[STRIDED_GEMM] N=4096 threads=8 rep=8 batches=9 time=1.052 s | package=156.826 J | dram=1.731975 | total=158.558 J | power=150.7 W | runtime=in_range | checksum=OK
[STRIDED_GEMM] N=4096 threads=8 rep=9 batches=9 time=1.053 s | package=156.795 J | dram=1.743206 | total=158.538 J | power=150.5 W | runtime=in_range | checksum=OK
[STRIDED_GEMM] N=4096 threads=8 rep=10 batches=9 time=1.052 s | package=157.037 J | dram=1.732969 | total=158.770 J | power=150.9 W | runtime=in_range | checksum=OK
[OpenBLAS] requested=20 active=20
[STRIDED_GEMM] N=128 threads=20 rep=1 batches=83886 time=1.008 s | package=128.670 J | dram=0.000000 | total=128.670 J | power=127.7 W | runtime=in_range | checksum=OK
[STRIDED_GEMM] N=128 threads=20 rep=2 batches=83886 time=1.014 s | package=129.083 J | dram=0.000000 | total=129.083 J | power=127.3 W | runtime=in_range | checksum=OK
[STRIDED_GEMM] N=128 threads=20 rep=3 batches=83886 time=0.997 s | package=127.538 J | dram=0.000000 | total=127.538 J | power=127.9 W | runtime=in_range | checksum=OK
[STRIDED_GEMM] N=128 threads=20 rep=4 batches=83886 time=1.012 s | package=129.009 J | dram=0.000000 | total=129.009 J | power=127.5 W | runtime=in_range | checksum=OK
[STRIDED_GEMM] N=128 threads=20 rep=5 batches=83886 time=1.000 s | package=127.887 J | dram=0.000000 | total=127.887 J | power=127.9 W | runtime=in_range | checksum=OK
[STRIDED_GEMM] N=128 threads=20 rep=6 batches=83886 time=1.026 s | package=130.339 J | dram=0.000000 | total=130.339 J | power=127.1 W | runtime=in_range | checksum=OK
[STRIDED_GEMM] N=128 threads=20 rep=7 batches=83886 time=1.012 s | package=128.863 J | dram=0.000000 | total=128.863 J | power=127.4 W | runtime=in_range | checksum=OK
[STRIDED_GEMM] N=128 threads=20 rep=8 batches=83886 time=1.014 s | package=129.210 J | dram=0.000000 | total=129.210 J | power=127.4 W | runtime=in_range | checksum=OK
[STRIDED_GEMM] N=128 threads=20 rep=9 batches=83886 time=1.013 s | package=129.086 J | dram=0.000000 | total=129.086 J | power=127.5 W | runtime=in_range | checksum=OK
[STRIDED_GEMM] N=128 threads=20 rep=10 batches=83886 time=1.023 s | package=129.925 J | dram=0.000000 | total=129.925 J | power=127.1 W | runtime=in_range | checksum=OK
[OpenBLAS] requested=2 active=2
[STRIDED_GEMM] N=4096 threads=2 rep=1 batches=3 time=1.105 s | package=90.678 J | dram=0.249803 | total=90.928 J | power=82.3 W | runtime=in_range | checksum=OK
[STRIDED_GEMM] N=4096 threads=2 rep=2 batches=3 time=1.103 s | package=90.205 J | dram=0.234718 | total=90.439 J | power=82.0 W | runtime=in_range | checksum=OK
[STRIDED_GEMM] N=4096 threads=2 rep=3 batches=3 time=1.101 s | package=89.260 J | dram=0.257254 | total=89.517 J | power=81.3 W | runtime=in_range | checksum=OK
[STRIDED_GEMM] N=4096 threads=2 rep=4 batches=3 time=1.102 s | package=89.831 J | dram=0.267199 | total=90.099 J | power=81.8 W | runtime=in_range | checksum=OK
[STRIDED_GEMM] N=4096 threads=2 rep=5 batches=3 time=1.099 s | package=89.033 J | dram=0.256948 | total=89.290 J | power=81.2 W | runtime=in_range | checksum=OK
[STRIDED_GEMM] N=4096 threads=2 rep=6 batches=3 time=1.100 s | package=89.344 J | dram=0.257988 | total=89.602 J | power=81.5 W | runtime=in_range | checksum=OK
[STRIDED_GEMM] N=4096 threads=2 rep=7 batches=3 time=1.099 s | package=89.415 J | dram=0.242888 | total=89.658 J | power=81.6 W | runtime=in_range | checksum=OK
[STRIDED_GEMM] N=4096 threads=2 rep=8 batches=3 time=1.099 s | package=89.584 J | dram=0.253230 | total=89.837 J | power=81.7 W | runtime=in_range | checksum=OK
[STRIDED_GEMM] N=4096 threads=2 rep=9 batches=3 time=1.099 s | package=89.449 J | dram=0.247263 | total=89.696 J | power=81.6 W | runtime=in_range | checksum=OK
[STRIDED_GEMM] N=4096 threads=2 rep=10 batches=3 time=1.100 s | package=91.194 J | dram=0.246866 | total=91.441 J | power=83.1 W | runtime=in_range | checksum=OK
[OpenBLAS] requested=8 active=8
[STRIDED_GEMM] N=1024 threads=8 rep=1 batches=561 time=1.015 s | package=151.989 J | dram=0.080325 | total=152.069 J | power=149.8 W | runtime=in_range | checksum=OK
[STRIDED_GEMM] N=1024 threads=8 rep=2 batches=561 time=1.016 s | package=152.031 J | dram=0.094554 | total=152.125 J | power=149.7 W | runtime=in_range | checksum=OK
[STRIDED_GEMM] N=1024 threads=8 rep=3 batches=561 time=1.018 s | package=151.904 J | dram=0.092488 | total=151.997 J | power=149.4 W | runtime=in_range | checksum=OK
[STRIDED_GEMM] N=1024 threads=8 rep=4 batches=561 time=1.019 s | package=152.120 J | dram=0.084655 | total=152.205 J | power=149.4 W | runtime=in_range | checksum=OK
[STRIDED_GEMM] N=1024 threads=8 rep=5 batches=561 time=1.020 s | package=152.236 J | dram=0.094432 | total=152.330 J | power=149.3 W | runtime=in_range | checksum=OK
[STRIDED_GEMM] N=1024 threads=8 rep=6 batches=561 time=1.020 s | package=152.159 J | dram=0.090836 | total=152.250 J | power=149.3 W | runtime=in_range | checksum=OK
[STRIDED_GEMM] N=1024 threads=8 rep=7 batches=561 time=1.022 s | package=152.220 J | dram=0.088266 | total=152.308 J | power=149.1 W | runtime=in_range | checksum=OK
[STRIDED_GEMM] N=1024 threads=8 rep=8 batches=561 time=1.022 s | package=152.485 J | dram=0.083048 | total=152.568 J | power=149.3 W | runtime=in_range | checksum=OK
[STRIDED_GEMM] N=1024 threads=8 rep=9 batches=561 time=1.024 s | package=152.707 J | dram=0.083447 | total=152.791 J | power=149.2 W | runtime=in_range | checksum=OK
[STRIDED_GEMM] N=1024 threads=8 rep=10 batches=561 time=1.025 s | package=152.668 J | dram=0.094431 | total=152.763 J | power=149.0 W | runtime=in_range | checksum=OK
[OpenBLAS] requested=1 active=1
[STRIDED_GEMM] N=1024 threads=1 rep=1 batches=85 time=1.004 s | package=62.368 J | dram=0.000000 | total=62.368 J | power=62.1 W | runtime=in_range | checksum=OK
[STRIDED_GEMM] N=1024 threads=1 rep=2 batches=85 time=1.003 s | package=62.059 J | dram=0.000076 | total=62.059 J | power=61.9 W | runtime=in_range | checksum=OK
[STRIDED_GEMM] N=1024 threads=1 rep=3 batches=85 time=1.005 s | package=64.238 J | dram=0.000138 | total=64.238 J | power=63.9 W | runtime=in_range | checksum=OK
[STRIDED_GEMM] N=1024 threads=1 rep=4 batches=85 time=1.002 s | package=62.400 J | dram=0.000000 | total=62.400 J | power=62.3 W | runtime=in_range | checksum=OK
[STRIDED_GEMM] N=1024 threads=1 rep=5 batches=85 time=1.003 s | package=63.116 J | dram=0.000000 | total=63.116 J | power=62.9 W | runtime=in_range | checksum=OK
[STRIDED_GEMM] N=1024 threads=1 rep=6 batches=85 time=1.003 s | package=63.487 J | dram=0.000137 | total=63.487 J | power=63.3 W | runtime=in_range | checksum=OK
[STRIDED_GEMM] N=1024 threads=1 rep=7 batches=85 time=1.002 s | package=63.874 J | dram=0.000016 | total=63.874 J | power=63.7 W | runtime=in_range | checksum=OK
[STRIDED_GEMM] N=1024 threads=1 rep=8 batches=85 time=1.002 s | package=63.628 J | dram=0.000015 | total=63.628 J | power=63.5 W | runtime=in_range | checksum=OK
[STRIDED_GEMM] N=1024 threads=1 rep=9 batches=85 time=1.001 s | package=62.968 J | dram=0.000138 | total=62.969 J | power=62.9 W | runtime=in_range | checksum=OK
[STRIDED_GEMM] N=1024 threads=1 rep=10 batches=85 time=1.001 s | package=64.277 J | dram=0.000046 | total=64.278 J | power=64.2 W | runtime=in_range | checksum=OK
[OpenBLAS] requested=8 active=8
[STRIDED_GEMM] N=256 threads=8 rep=1 batches=25843 time=1.012 s | package=147.610 J | dram=0.000000 | total=147.610 J | power=145.8 W | runtime=in_range | checksum=OK
[STRIDED_GEMM] N=256 threads=8 rep=2 batches=25843 time=1.015 s | package=147.653 J | dram=0.000000 | total=147.653 J | power=145.5 W | runtime=in_range | checksum=OK
[STRIDED_GEMM] N=256 threads=8 rep=3 batches=25843 time=1.015 s | package=147.464 J | dram=0.000000 | total=147.464 J | power=145.2 W | runtime=in_range | checksum=OK
[STRIDED_GEMM] N=256 threads=8 rep=4 batches=25843 time=1.016 s | package=147.255 J | dram=0.000000 | total=147.255 J | power=144.9 W | runtime=in_range | checksum=OK
[STRIDED_GEMM] N=256 threads=8 rep=5 batches=25843 time=1.014 s | package=147.342 J | dram=0.000000 | total=147.342 J | power=145.4 W | runtime=in_range | checksum=OK
[STRIDED_GEMM] N=256 threads=8 rep=6 batches=25843 time=1.013 s | package=147.154 J | dram=0.000000 | total=147.154 J | power=145.2 W | runtime=in_range | checksum=OK
[STRIDED_GEMM] N=256 threads=8 rep=7 batches=25843 time=1.015 s | package=147.089 J | dram=0.000000 | total=147.089 J | power=144.9 W | runtime=in_range | checksum=OK
[STRIDED_GEMM] N=256 threads=8 rep=8 batches=25843 time=1.017 s | package=147.301 J | dram=0.000000 | total=147.301 J | power=144.9 W | runtime=in_range | checksum=OK
[STRIDED_GEMM] N=256 threads=8 rep=9 batches=25843 time=1.014 s | package=147.306 J | dram=0.000000 | total=147.306 J | power=145.2 W | runtime=in_range | checksum=OK
[STRIDED_GEMM] N=256 threads=8 rep=10 batches=25843 time=1.015 s | package=147.257 J | dram=0.000000 | total=147.257 J | power=145.1 W | runtime=in_range | checksum=OK
[OpenBLAS] requested=1 active=1
[STRIDED_GEMM] N=16384 threads=1 rep=1 batches=1 time=43.018 s | package=2844.142 J | dram=3.160215 | total=2847.302 J | power=66.2 W | runtime=above | checksum=OK
[STRIDED_GEMM] N=16384 threads=1 rep=2 batches=1 time=43.928 s | package=2883.299 J | dram=3.485096 | total=2886.784 J | power=65.7 W | runtime=above | checksum=OK
[STRIDED_GEMM] N=16384 threads=1 rep=3 batches=1 time=42.621 s | package=2646.246 J | dram=3.621112 | total=2649.867 J | power=62.2 W | runtime=above | checksum=OK
[STRIDED_GEMM] N=16384 threads=1 rep=4 batches=1 time=41.143 s | package=2436.551 J | dram=2.982934 | total=2439.533 J | power=59.3 W | runtime=above | checksum=OK
[STRIDED_GEMM] N=16384 threads=1 rep=5 batches=1 time=41.162 s | package=2404.326 J | dram=3.120373 | total=2407.446 J | power=58.5 W | runtime=above | checksum=OK
[STRIDED_GEMM] N=16384 threads=1 rep=6 batches=1 time=41.200 s | package=2383.041 J | dram=3.490083 | total=2386.531 J | power=57.9 W | runtime=above | checksum=OK
[STRIDED_GEMM] N=16384 threads=1 rep=7 batches=1 time=41.190 s | package=2358.133 J | dram=3.128085 | total=2361.261 J | power=57.3 W | runtime=above | checksum=OK
[STRIDED_GEMM] N=16384 threads=1 rep=8 batches=1 time=41.207 s | package=2363.358 J | dram=2.898279 | total=2366.256 J | power=57.4 W | runtime=above | checksum=OK
[STRIDED_GEMM] N=16384 threads=1 rep=9 batches=1 time=41.217 s | package=2341.836 J | dram=2.680637 | total=2344.516 J | power=56.9 W | runtime=above | checksum=OK
[STRIDED_GEMM] N=16384 threads=1 rep=10 batches=1 time=41.212 s | package=2321.477 J | dram=2.799578 | total=2324.276 J | power=56.4 W | runtime=above | checksum=OK
[OpenBLAS] requested=4 active=4
[STRIDED_GEMM] N=2048 threads=4 rep=1 batches=42 time=1.045 s | package=102.454 J | dram=0.449606 | total=102.903 J | power=98.5 W | runtime=in_range | checksum=OK
[STRIDED_GEMM] N=2048 threads=4 rep=2 batches=42 time=1.045 s | package=102.639 J | dram=0.460162 | total=103.099 J | power=98.7 W | runtime=in_range | checksum=OK
[STRIDED_GEMM] N=2048 threads=4 rep=3 batches=42 time=1.036 s | package=104.659 J | dram=0.457424 | total=105.116 J | power=101.5 W | runtime=in_range | checksum=OK
[STRIDED_GEMM] N=2048 threads=4 rep=4 batches=42 time=1.045 s | package=102.723 J | dram=0.448596 | total=103.171 J | power=98.7 W | runtime=in_range | checksum=OK
[STRIDED_GEMM] N=2048 threads=4 rep=5 batches=42 time=1.040 s | package=103.646 J | dram=0.461999 | total=104.108 J | power=100.1 W | runtime=in_range | checksum=OK
[STRIDED_GEMM] N=2048 threads=4 rep=6 batches=42 time=1.034 s | package=104.949 J | dram=0.460163 | total=105.409 J | power=102.0 W | runtime=in_range | checksum=OK
[STRIDED_GEMM] N=2048 threads=4 rep=7 batches=42 time=1.038 s | package=105.305 J | dram=0.459321 | total=105.764 J | power=101.9 W | runtime=in_range | checksum=OK
[STRIDED_GEMM] N=2048 threads=4 rep=8 batches=42 time=1.039 s | package=105.300 J | dram=0.465977 | total=105.766 J | power=101.8 W | runtime=in_range | checksum=OK
[STRIDED_GEMM] N=2048 threads=4 rep=9 batches=42 time=1.039 s | package=105.413 J | dram=0.473290 | total=105.886 J | power=101.9 W | runtime=in_range | checksum=OK
[STRIDED_GEMM] N=2048 threads=4 rep=10 batches=42 time=1.038 s | package=104.554 J | dram=0.493058 | total=105.047 J | power=101.2 W | runtime=in_range | checksum=OK
[OpenBLAS] requested=16 active=16
[STRIDED_GEMM] N=16384 threads=16 rep=1 batches=1 time=8.440 s | package=1421.633 J | dram=15.109179 | total=1436.743 J | power=170.2 W | runtime=above | checksum=OK
[STRIDED_GEMM] N=16384 threads=16 rep=2 batches=1 time=8.429 s | package=1428.166 J | dram=15.082143 | total=1443.248 J | power=171.2 W | runtime=above | checksum=OK
[STRIDED_GEMM] N=16384 threads=16 rep=3 batches=1 time=8.423 s | package=1434.501 J | dram=15.248607 | total=1449.749 J | power=172.1 W | runtime=above | checksum=OK
[STRIDED_GEMM] N=16384 threads=16 rep=4 batches=1 time=8.408 s | package=1440.430 J | dram=15.335083 | total=1455.765 J | power=173.1 W | runtime=above | checksum=OK
[STRIDED_GEMM] N=16384 threads=16 rep=5 batches=1 time=8.429 s | package=1448.405 J | dram=15.193206 | total=1463.599 J | power=173.6 W | runtime=above | checksum=OK
[STRIDED_GEMM] N=16384 threads=16 rep=6 batches=1 time=8.420 s | package=1454.688 J | dram=15.218466 | total=1469.906 J | power=174.6 W | runtime=above | checksum=OK
[STRIDED_GEMM] N=16384 threads=16 rep=7 batches=1 time=8.427 s | package=1462.914 J | dram=15.277356 | total=1478.192 J | power=175.4 W | runtime=above | checksum=OK
[STRIDED_GEMM] N=16384 threads=16 rep=8 batches=1 time=8.426 s | package=1467.331 J | dram=15.411920 | total=1482.743 J | power=176.0 W | runtime=above | checksum=OK
[STRIDED_GEMM] N=16384 threads=16 rep=9 batches=1 time=8.432 s | package=1461.754 J | dram=15.344462 | total=1477.099 J | power=175.2 W | runtime=above | checksum=OK
[STRIDED_GEMM] N=16384 threads=16 rep=10 batches=1 time=8.430 s | package=1454.740 J | dram=15.109958 | total=1469.849 J | power=174.4 W | runtime=above | checksum=OK
[OpenBLAS] requested=2 active=2
[STRIDED_GEMM] N=8192 threads=2 rep=1 batches=1 time=2.740 s | package=232.525 J | dram=0.964772 | total=233.489 J | power=85.2 W | runtime=above | checksum=OK
[STRIDED_GEMM] N=8192 threads=2 rep=2 batches=1 time=2.738 s | package=232.292 J | dram=0.957443 | total=233.250 J | power=85.2 W | runtime=above | checksum=OK
[STRIDED_GEMM] N=8192 threads=2 rep=3 batches=1 time=2.754 s | package=239.499 J | dram=0.951293 | total=240.450 J | power=87.3 W | runtime=above | checksum=OK
[STRIDED_GEMM] N=8192 threads=2 rep=4 batches=1 time=2.711 s | package=226.207 J | dram=0.945632 | total=227.152 J | power=83.8 W | runtime=above | checksum=OK
[STRIDED_GEMM] N=8192 threads=2 rep=5 batches=1 time=2.727 s | package=230.793 J | dram=0.955546 | total=231.748 J | power=85.0 W | runtime=above | checksum=OK
[STRIDED_GEMM] N=8192 threads=2 rep=6 batches=1 time=2.721 s | package=229.266 J | dram=1.017695 | total=230.284 J | power=84.6 W | runtime=above | checksum=OK
[STRIDED_GEMM] N=8192 threads=2 rep=7 batches=1 time=2.725 s | package=231.229 J | dram=1.001324 | total=232.230 J | power=85.2 W | runtime=above | checksum=OK
[STRIDED_GEMM] N=8192 threads=2 rep=8 batches=1 time=2.750 s | package=239.395 J | dram=0.997499 | total=240.393 J | power=87.4 W | runtime=above | checksum=OK
[STRIDED_GEMM] N=8192 threads=2 rep=9 batches=1 time=2.755 s | package=241.200 J | dram=0.982214 | total=242.182 J | power=87.9 W | runtime=above | checksum=OK
[STRIDED_GEMM] N=8192 threads=2 rep=10 batches=1 time=2.746 s | package=235.280 J | dram=0.963426 | total=236.243 J | power=86.0 W | runtime=above | checksum=OK
[OpenBLAS] requested=4 active=4
[STRIDED_GEMM] N=1024 threads=4 rep=1 batches=318 time=0.994 s | package=103.616 J | dram=0.001974 | total=103.618 J | power=104.2 W | runtime=in_range | checksum=OK
[STRIDED_GEMM] N=1024 threads=4 rep=2 batches=318 time=0.993 s | package=104.310 J | dram=0.006135 | total=104.317 J | power=105.1 W | runtime=in_range | checksum=OK
[STRIDED_GEMM] N=1024 threads=4 rep=3 batches=318 time=0.990 s | package=103.587 J | dram=0.003029 | total=103.590 J | power=104.6 W | runtime=in_range | checksum=OK
[STRIDED_GEMM] N=1024 threads=4 rep=4 batches=318 time=0.982 s | package=104.814 J | dram=0.003275 | total=104.817 J | power=106.7 W | runtime=in_range | checksum=OK
[STRIDED_GEMM] N=1024 threads=4 rep=5 batches=318 time=1.005 s | package=100.508 J | dram=0.002891 | total=100.511 J | power=100.0 W | runtime=in_range | checksum=OK
[STRIDED_GEMM] N=1024 threads=4 rep=6 batches=318 time=1.005 s | package=100.183 J | dram=0.002938 | total=100.186 J | power=99.6 W | runtime=in_range | checksum=OK
[STRIDED_GEMM] N=1024 threads=4 rep=7 batches=318 time=1.002 s | package=101.220 J | dram=0.003259 | total=101.223 J | power=101.0 W | runtime=in_range | checksum=OK
[STRIDED_GEMM] N=1024 threads=4 rep=8 batches=318 time=1.003 s | package=101.148 J | dram=0.003473 | total=101.151 J | power=100.9 W | runtime=in_range | checksum=OK
[STRIDED_GEMM] N=1024 threads=4 rep=9 batches=318 time=1.002 s | package=101.462 J | dram=0.002433 | total=101.464 J | power=101.3 W | runtime=in_range | checksum=OK
[STRIDED_GEMM] N=1024 threads=4 rep=10 batches=318 time=1.001 s | package=101.547 J | dram=0.001698 | total=101.548 J | power=101.4 W | runtime=in_range | checksum=OK
[OpenBLAS] requested=2 active=2
[STRIDED_GEMM] N=256 threads=2 rep=1 batches=8625 time=0.982 s | package=74.131 J | dram=0.000000 | total=74.131 J | power=75.5 W | runtime=in_range | checksum=OK
[STRIDED_GEMM] N=256 threads=2 rep=2 batches=8625 time=0.999 s | package=73.851 J | dram=0.000000 | total=73.851 J | power=73.9 W | runtime=in_range | checksum=OK
[STRIDED_GEMM] N=256 threads=2 rep=3 batches=8625 time=1.005 s | package=74.661 J | dram=0.000000 | total=74.661 J | power=74.3 W | runtime=in_range | checksum=OK
[STRIDED_GEMM] N=256 threads=2 rep=4 batches=8625 time=0.986 s | package=73.819 J | dram=0.000000 | total=73.819 J | power=74.9 W | runtime=in_range | checksum=OK
[STRIDED_GEMM] N=256 threads=2 rep=5 batches=8625 time=0.988 s | package=73.609 J | dram=0.000000 | total=73.609 J | power=74.5 W | runtime=in_range | checksum=OK
[STRIDED_GEMM] N=256 threads=2 rep=6 batches=8625 time=0.988 s | package=73.638 J | dram=0.000000 | total=73.638 J | power=74.6 W | runtime=in_range | checksum=OK
[STRIDED_GEMM] N=256 threads=2 rep=7 batches=8625 time=0.988 s | package=73.511 J | dram=0.000000 | total=73.511 J | power=74.4 W | runtime=in_range | checksum=OK
[STRIDED_GEMM] N=256 threads=2 rep=8 batches=8625 time=0.988 s | package=73.618 J | dram=0.000000 | total=73.618 J | power=74.5 W | runtime=in_range | checksum=OK
[STRIDED_GEMM] N=256 threads=2 rep=9 batches=8625 time=0.989 s | package=73.608 J | dram=0.000000 | total=73.608 J | power=74.5 W | runtime=in_range | checksum=OK
[STRIDED_GEMM] N=256 threads=2 rep=10 batches=8625 time=0.998 s | package=74.308 J | dram=0.000015 | total=74.308 J | power=74.5 W | runtime=in_range | checksum=OK
[OpenBLAS] requested=4 active=4
[STRIDED_GEMM] N=64 threads=4 rep=1 batches=404814 time=0.997 s | package=57.243 J | dram=0.000000 | total=57.243 J | power=57.4 W | runtime=in_range | checksum=OK
[STRIDED_GEMM] N=64 threads=4 rep=2 batches=404814 time=0.998 s | package=57.479 J | dram=0.000000 | total=57.479 J | power=57.6 W | runtime=in_range | checksum=OK
[STRIDED_GEMM] N=64 threads=4 rep=3 batches=404814 time=0.998 s | package=57.223 J | dram=0.000000 | total=57.223 J | power=57.3 W | runtime=in_range | checksum=OK
[STRIDED_GEMM] N=64 threads=4 rep=4 batches=404814 time=0.998 s | package=57.217 J | dram=0.000000 | total=57.217 J | power=57.3 W | runtime=in_range | checksum=OK
[STRIDED_GEMM] N=64 threads=4 rep=5 batches=404814 time=0.998 s | package=57.142 J | dram=0.000000 | total=57.142 J | power=57.3 W | runtime=in_range | checksum=OK
[STRIDED_GEMM] N=64 threads=4 rep=6 batches=404814 time=0.998 s | package=57.385 J | dram=0.000000 | total=57.385 J | power=57.5 W | runtime=in_range | checksum=OK
[STRIDED_GEMM] N=64 threads=4 rep=7 batches=404814 time=0.998 s | package=57.305 J | dram=0.000000 | total=57.305 J | power=57.4 W | runtime=in_range | checksum=OK
[STRIDED_GEMM] N=64 threads=4 rep=8 batches=404814 time=0.998 s | package=57.304 J | dram=0.000000 | total=57.304 J | power=57.4 W | runtime=in_range | checksum=OK
[STRIDED_GEMM] N=64 threads=4 rep=9 batches=404814 time=0.998 s | package=57.339 J | dram=0.000000 | total=57.339 J | power=57.5 W | runtime=in_range | checksum=OK
[STRIDED_GEMM] N=64 threads=4 rep=10 batches=404814 time=0.999 s | package=58.265 J | dram=0.000000 | total=58.265 J | power=58.3 W | runtime=in_range | checksum=OK
[OpenBLAS] requested=20 active=20
[STRIDED_GEMM] N=512 threads=20 rep=1 batches=3301 time=1.002 s | package=169.414 J | dram=0.000000 | total=169.414 J | power=169.1 W | runtime=in_range | checksum=OK
[STRIDED_GEMM] N=512 threads=20 rep=2 batches=3301 time=1.010 s | package=170.716 J | dram=0.000000 | total=170.716 J | power=169.0 W | runtime=in_range | checksum=OK
[STRIDED_GEMM] N=512 threads=20 rep=3 batches=3301 time=1.005 s | package=170.325 J | dram=0.000000 | total=170.325 J | power=169.5 W | runtime=in_range | checksum=OK
[STRIDED_GEMM] N=512 threads=20 rep=4 batches=3301 time=1.003 s | package=170.392 J | dram=0.000000 | total=170.392 J | power=169.8 W | runtime=in_range | checksum=OK
[STRIDED_GEMM] N=512 threads=20 rep=5 batches=3301 time=1.007 s | package=171.160 J | dram=0.000000 | total=171.160 J | power=170.0 W | runtime=in_range | checksum=OK
[STRIDED_GEMM] N=512 threads=20 rep=6 batches=3301 time=1.001 s | package=170.593 J | dram=0.000000 | total=170.593 J | power=170.4 W | runtime=in_range | checksum=OK
[STRIDED_GEMM] N=512 threads=20 rep=7 batches=3301 time=1.003 s | package=171.023 J | dram=0.000000 | total=171.023 J | power=170.6 W | runtime=in_range | checksum=OK
[STRIDED_GEMM] N=512 threads=20 rep=8 batches=3301 time=1.002 s | package=171.112 J | dram=0.000000 | total=171.112 J | power=170.7 W | runtime=in_range | checksum=OK
[STRIDED_GEMM] N=512 threads=20 rep=9 batches=3301 time=1.010 s | package=172.083 J | dram=0.000000 | total=172.083 J | power=170.4 W | runtime=in_range | checksum=OK
[STRIDED_GEMM] N=512 threads=20 rep=10 batches=3301 time=1.009 s | package=172.131 J | dram=0.000000 | total=172.131 J | power=170.5 W | runtime=in_range | checksum=OK
[OpenBLAS] requested=16 active=16
[STRIDED_GEMM] N=4096 threads=16 rep=1 batches=8 time=1.114 s | package=188.972 J | dram=1.874373 | total=190.846 J | power=171.3 W | runtime=in_range | checksum=OK
[STRIDED_GEMM] N=4096 threads=16 rep=2 batches=8 time=1.113 s | package=189.211 J | dram=1.883308 | total=191.094 J | power=171.7 W | runtime=in_range | checksum=OK
[STRIDED_GEMM] N=4096 threads=16 rep=3 batches=8 time=1.114 s | package=189.570 J | dram=1.875398 | total=191.446 J | power=171.8 W | runtime=in_range | checksum=OK
[STRIDED_GEMM] N=4096 threads=16 rep=4 batches=8 time=1.112 s | package=189.542 J | dram=1.875459 | total=191.418 J | power=172.2 W | runtime=in_range | checksum=OK
[STRIDED_GEMM] N=4096 threads=16 rep=5 batches=8 time=1.113 s | package=189.852 J | dram=1.902065 | total=191.754 J | power=172.2 W | runtime=in_range | checksum=OK
[STRIDED_GEMM] N=4096 threads=16 rep=6 batches=8 time=1.113 s | package=189.972 J | dram=1.906518 | total=191.878 J | power=172.4 W | runtime=in_range | checksum=OK
[STRIDED_GEMM] N=4096 threads=16 rep=7 batches=8 time=1.114 s | package=190.046 J | dram=1.881272 | total=191.927 J | power=172.4 W | runtime=in_range | checksum=OK
[STRIDED_GEMM] N=4096 threads=16 rep=8 batches=8 time=1.111 s | package=189.733 J | dram=1.873316 | total=191.607 J | power=172.4 W | runtime=in_range | checksum=OK
[STRIDED_GEMM] N=4096 threads=16 rep=9 batches=8 time=1.113 s | package=190.260 J | dram=1.872629 | total=192.132 J | power=172.6 W | runtime=in_range | checksum=OK
[STRIDED_GEMM] N=4096 threads=16 rep=10 batches=8 time=1.112 s | package=190.081 J | dram=1.882909 | total=191.964 J | power=172.6 W | runtime=in_range | checksum=OK
[OpenBLAS] requested=2 active=2
[STRIDED_GEMM] N=128 threads=2 rep=1 batches=52381 time=1.003 s | package=72.970 J | dram=0.000000 | total=72.970 J | power=72.7 W | runtime=in_range | checksum=OK
[STRIDED_GEMM] N=128 threads=2 rep=2 batches=52381 time=1.026 s | package=73.147 J | dram=0.000016 | total=73.147 J | power=71.3 W | runtime=in_range | checksum=OK
[STRIDED_GEMM] N=128 threads=2 rep=3 batches=52381 time=1.013 s | package=72.654 J | dram=0.000000 | total=72.654 J | power=71.7 W | runtime=in_range | checksum=OK
[STRIDED_GEMM] N=128 threads=2 rep=4 batches=52381 time=1.072 s | package=75.609 J | dram=0.000000 | total=75.609 J | power=70.6 W | runtime=in_range | checksum=OK
[STRIDED_GEMM] N=128 threads=2 rep=5 batches=52381 time=1.005 s | package=72.282 J | dram=0.000000 | total=72.282 J | power=71.9 W | runtime=in_range | checksum=OK
[STRIDED_GEMM] N=128 threads=2 rep=6 batches=52381 time=1.006 s | package=72.223 J | dram=0.000000 | total=72.223 J | power=71.8 W | runtime=in_range | checksum=OK
[STRIDED_GEMM] N=128 threads=2 rep=7 batches=52381 time=1.003 s | package=72.763 J | dram=0.000000 | total=72.763 J | power=72.5 W | runtime=in_range | checksum=OK
[STRIDED_GEMM] N=128 threads=2 rep=8 batches=52381 time=1.001 s | package=72.747 J | dram=0.000000 | total=72.747 J | power=72.7 W | runtime=in_range | checksum=OK
[STRIDED_GEMM] N=128 threads=2 rep=9 batches=52381 time=1.086 s | package=79.571 J | dram=0.000000 | total=79.571 J | power=73.3 W | runtime=in_range | checksum=OK
[STRIDED_GEMM] N=128 threads=2 rep=10 batches=52381 time=1.086 s | package=79.565 J | dram=0.000000 | total=79.565 J | power=73.3 W | runtime=in_range | checksum=OK
[OpenBLAS] requested=16 active=16
[STRIDED_GEMM] N=128 threads=16 rep=1 batches=83498 time=1.005 s | package=117.480 J | dram=0.000000 | total=117.480 J | power=116.9 W | runtime=in_range | checksum=OK
[STRIDED_GEMM] N=128 threads=16 rep=2 batches=83498 time=1.002 s | package=117.487 J | dram=0.000000 | total=117.487 J | power=117.3 W | runtime=in_range | checksum=OK
[STRIDED_GEMM] N=128 threads=16 rep=3 batches=83498 time=1.001 s | package=117.438 J | dram=0.000000 | total=117.438 J | power=117.4 W | runtime=in_range | checksum=OK
[STRIDED_GEMM] N=128 threads=16 rep=4 batches=83498 time=1.012 s | package=118.480 J | dram=0.000000 | total=118.480 J | power=117.0 W | runtime=in_range | checksum=OK
[STRIDED_GEMM] N=128 threads=16 rep=5 batches=83498 time=1.010 s | package=118.342 J | dram=0.000000 | total=118.342 J | power=117.1 W | runtime=in_range | checksum=OK
[STRIDED_GEMM] N=128 threads=16 rep=6 batches=83498 time=1.019 s | package=118.781 J | dram=0.000000 | total=118.781 J | power=116.5 W | runtime=in_range | checksum=OK
[STRIDED_GEMM] N=128 threads=16 rep=7 batches=83498 time=1.008 s | package=118.274 J | dram=0.000000 | total=118.274 J | power=117.4 W | runtime=in_range | checksum=OK
[STRIDED_GEMM] N=128 threads=16 rep=8 batches=83498 time=1.024 s | package=119.479 J | dram=0.000000 | total=119.479 J | power=116.7 W | runtime=in_range | checksum=OK
[STRIDED_GEMM] N=128 threads=16 rep=9 batches=83498 time=1.044 s | package=120.895 J | dram=0.000000 | total=120.895 J | power=115.8 W | runtime=in_range | checksum=OK
[STRIDED_GEMM] N=128 threads=16 rep=10 batches=83498 time=1.029 s | package=119.712 J | dram=0.000000 | total=119.712 J | power=116.4 W | runtime=in_range | checksum=OK
[OpenBLAS] requested=8 active=8
[STRIDED_GEMM] N=128 threads=8 rep=1 batches=82105 time=0.986 s | package=115.594 J | dram=0.000000 | total=115.594 J | power=117.2 W | runtime=in_range | checksum=OK
[STRIDED_GEMM] N=128 threads=8 rep=2 batches=82105 time=1.005 s | package=117.647 J | dram=0.000000 | total=117.647 J | power=117.1 W | runtime=in_range | checksum=OK
[STRIDED_GEMM] N=128 threads=8 rep=3 batches=82105 time=1.008 s | package=117.471 J | dram=0.000000 | total=117.471 J | power=116.5 W | runtime=in_range | checksum=OK
[STRIDED_GEMM] N=128 threads=8 rep=4 batches=82105 time=1.000 s | package=116.861 J | dram=0.000000 | total=116.861 J | power=116.8 W | runtime=in_range | checksum=OK
[STRIDED_GEMM] N=128 threads=8 rep=5 batches=82105 time=1.019 s | package=118.635 J | dram=0.000000 | total=118.635 J | power=116.5 W | runtime=in_range | checksum=OK
[STRIDED_GEMM] N=128 threads=8 rep=6 batches=82105 time=0.989 s | package=116.232 J | dram=0.000000 | total=116.232 J | power=117.6 W | runtime=in_range | checksum=OK
[STRIDED_GEMM] N=128 threads=8 rep=7 batches=82105 time=1.016 s | package=118.382 J | dram=0.000000 | total=118.382 J | power=116.5 W | runtime=in_range | checksum=OK
[STRIDED_GEMM] N=128 threads=8 rep=8 batches=82105 time=0.998 s | package=116.954 J | dram=0.000000 | total=116.954 J | power=117.2 W | runtime=in_range | checksum=OK
[STRIDED_GEMM] N=128 threads=8 rep=9 batches=82105 time=1.002 s | package=117.039 J | dram=0.000000 | total=117.039 J | power=116.9 W | runtime=in_range | checksum=OK
[STRIDED_GEMM] N=128 threads=8 rep=10 batches=82105 time=0.980 s | package=115.368 J | dram=0.000000 | total=115.368 J | power=117.7 W | runtime=in_range | checksum=OK
[OpenBLAS] requested=20 active=20
[STRIDED_GEMM] N=64 threads=20 rep=1 batches=406955 time=0.997 s | package=58.678 J | dram=0.000000 | total=58.678 J | power=58.9 W | runtime=in_range | checksum=OK
[STRIDED_GEMM] N=64 threads=20 rep=2 batches=406955 time=0.999 s | package=58.256 J | dram=0.000000 | total=58.256 J | power=58.3 W | runtime=in_range | checksum=OK
[STRIDED_GEMM] N=64 threads=20 rep=3 batches=406955 time=1.000 s | package=57.385 J | dram=0.000000 | total=57.385 J | power=57.4 W | runtime=in_range | checksum=OK
[STRIDED_GEMM] N=64 threads=20 rep=4 batches=406955 time=1.002 s | package=57.632 J | dram=0.000000 | total=57.632 J | power=57.5 W | runtime=in_range | checksum=OK
[STRIDED_GEMM] N=64 threads=20 rep=5 batches=406955 time=1.003 s | package=57.736 J | dram=0.000000 | total=57.736 J | power=57.6 W | runtime=in_range | checksum=OK
[STRIDED_GEMM] N=64 threads=20 rep=6 batches=406955 time=1.005 s | package=57.624 J | dram=0.000000 | total=57.624 J | power=57.4 W | runtime=in_range | checksum=OK
[STRIDED_GEMM] N=64 threads=20 rep=7 batches=406955 time=1.005 s | package=57.752 J | dram=0.000000 | total=57.752 J | power=57.5 W | runtime=in_range | checksum=OK
[STRIDED_GEMM] N=64 threads=20 rep=8 batches=406955 time=1.003 s | package=59.111 J | dram=0.000000 | total=59.111 J | power=59.0 W | runtime=in_range | checksum=OK
[STRIDED_GEMM] N=64 threads=20 rep=9 batches=406955 time=1.005 s | package=59.200 J | dram=0.000000 | total=59.200 J | power=58.9 W | runtime=in_range | checksum=OK
[STRIDED_GEMM] N=64 threads=20 rep=10 batches=406955 time=1.001 s | package=57.921 J | dram=0.000000 | total=57.921 J | power=57.9 W | runtime=in_range | checksum=OK
[OpenBLAS] requested=2 active=2
[STRIDED_GEMM] N=2048 threads=2 rep=1 batches=23 time=1.026 s | package=89.950 J | dram=0.083079 | total=90.033 J | power=87.8 W | runtime=in_range | checksum=OK
[STRIDED_GEMM] N=2048 threads=2 rep=2 batches=23 time=1.028 s | package=90.233 J | dram=0.085527 | total=90.318 J | power=87.9 W | runtime=in_range | checksum=OK
[STRIDED_GEMM] N=2048 threads=2 rep=3 batches=23 time=1.028 s | package=90.493 J | dram=0.081656 | total=90.574 J | power=88.1 W | runtime=in_range | checksum=OK
[STRIDED_GEMM] N=2048 threads=2 rep=4 batches=23 time=1.027 s | package=90.301 J | dram=0.084456 | total=90.386 J | power=88.0 W | runtime=in_range | checksum=OK
[STRIDED_GEMM] N=2048 threads=2 rep=5 batches=23 time=1.027 s | package=89.957 J | dram=0.079759 | total=90.037 J | power=87.7 W | runtime=in_range | checksum=OK
[STRIDED_GEMM] N=2048 threads=2 rep=6 batches=23 time=1.025 s | package=90.093 J | dram=0.075582 | total=90.169 J | power=88.0 W | runtime=in_range | checksum=OK
[STRIDED_GEMM] N=2048 threads=2 rep=7 batches=23 time=1.027 s | package=90.370 J | dram=0.078719 | total=90.449 J | power=88.0 W | runtime=in_range | checksum=OK
[STRIDED_GEMM] N=2048 threads=2 rep=8 batches=23 time=1.028 s | package=90.297 J | dram=0.070043 | total=90.367 J | power=87.9 W | runtime=in_range | checksum=OK
[STRIDED_GEMM] N=2048 threads=2 rep=9 batches=23 time=1.027 s | package=90.257 J | dram=0.068100 | total=90.325 J | power=87.9 W | runtime=in_range | checksum=OK
[STRIDED_GEMM] N=2048 threads=2 rep=10 batches=23 time=1.027 s | package=90.283 J | dram=0.075858 | total=90.359 J | power=88.0 W | runtime=in_range | checksum=OK
[OpenBLAS] requested=8 active=8
[STRIDED_GEMM] N=8192 threads=8 rep=1 batches=2 time=1.873 s | package=287.884 J | dram=3.372640 | total=291.256 J | power=155.5 W | runtime=above | checksum=OK
[STRIDED_GEMM] N=8192 threads=8 rep=2 batches=2 time=1.871 s | package=287.546 J | dram=3.434575 | total=290.980 J | power=155.5 W | runtime=above | checksum=OK
[STRIDED_GEMM] N=8192 threads=8 rep=3 batches=2 time=1.864 s | package=290.423 J | dram=3.379525 | total=293.803 J | power=157.6 W | runtime=above | checksum=OK
[STRIDED_GEMM] N=8192 threads=8 rep=4 batches=2 time=1.863 s | package=291.276 J | dram=3.390051 | total=294.666 J | power=158.2 W | runtime=above | checksum=OK
[STRIDED_GEMM] N=8192 threads=8 rep=5 batches=2 time=1.860 s | package=291.874 J | dram=3.411426 | total=295.286 J | power=158.8 W | runtime=above | checksum=OK
[STRIDED_GEMM] N=8192 threads=8 rep=6 batches=2 time=1.869 s | package=288.522 J | dram=3.450823 | total=291.973 J | power=156.3 W | runtime=above | checksum=OK
[STRIDED_GEMM] N=8192 threads=8 rep=7 batches=2 time=1.867 s | package=290.731 J | dram=3.403868 | total=294.135 J | power=157.5 W | runtime=above | checksum=OK
[STRIDED_GEMM] N=8192 threads=8 rep=8 batches=2 time=1.867 s | package=289.153 J | dram=3.431836 | total=292.585 J | power=156.7 W | runtime=above | checksum=OK
[STRIDED_GEMM] N=8192 threads=8 rep=9 batches=2 time=1.867 s | package=288.855 J | dram=3.440342 | total=292.295 J | power=156.6 W | runtime=above | checksum=OK
[STRIDED_GEMM] N=8192 threads=8 rep=10 batches=2 time=1.867 s | package=288.927 J | dram=3.480352 | total=292.407 J | power=156.6 W | runtime=above | checksum=OK
[OpenBLAS] requested=1 active=1
[STRIDED_GEMM] N=256 threads=1 rep=1 batches=5310 time=0.998 s | package=58.524 J | dram=0.000000 | total=58.524 J | power=58.6 W | runtime=in_range | checksum=OK
[STRIDED_GEMM] N=256 threads=1 rep=2 batches=5310 time=0.998 s | package=58.444 J | dram=0.000000 | total=58.444 J | power=58.6 W | runtime=in_range | checksum=OK
[STRIDED_GEMM] N=256 threads=1 rep=3 batches=5310 time=0.996 s | package=58.156 J | dram=0.000000 | total=58.156 J | power=58.4 W | runtime=in_range | checksum=OK
[STRIDED_GEMM] N=256 threads=1 rep=4 batches=5310 time=0.996 s | package=58.380 J | dram=0.000000 | total=58.380 J | power=58.6 W | runtime=in_range | checksum=OK
[STRIDED_GEMM] N=256 threads=1 rep=5 batches=5310 time=0.994 s | package=57.774 J | dram=0.000000 | total=57.774 J | power=58.1 W | runtime=in_range | checksum=OK
[STRIDED_GEMM] N=256 threads=1 rep=6 batches=5310 time=0.990 s | package=57.782 J | dram=0.000000 | total=57.782 J | power=58.3 W | runtime=in_range | checksum=OK
[STRIDED_GEMM] N=256 threads=1 rep=7 batches=5310 time=0.990 s | package=57.393 J | dram=0.000000 | total=57.393 J | power=58.0 W | runtime=in_range | checksum=OK
[STRIDED_GEMM] N=256 threads=1 rep=8 batches=5310 time=0.990 s | package=58.052 J | dram=0.000000 | total=58.052 J | power=58.6 W | runtime=in_range | checksum=OK
[STRIDED_GEMM] N=256 threads=1 rep=9 batches=5310 time=0.989 s | package=57.310 J | dram=0.000000 | total=57.310 J | power=58.0 W | runtime=in_range | checksum=OK
[STRIDED_GEMM] N=256 threads=1 rep=10 batches=5310 time=0.989 s | package=57.276 J | dram=0.000000 | total=57.276 J | power=57.9 W | runtime=in_range | checksum=OK
[OpenBLAS] requested=1 active=1
[STRIDED_GEMM] N=512 threads=1 rep=1 batches=733 time=1.001 s | package=58.810 J | dram=0.000000 | total=58.810 J | power=58.7 W | runtime=in_range | checksum=OK
[STRIDED_GEMM] N=512 threads=1 rep=2 batches=733 time=1.002 s | package=58.925 J | dram=0.000000 | total=58.925 J | power=58.8 W | runtime=in_range | checksum=OK
[STRIDED_GEMM] N=512 threads=1 rep=3 batches=733 time=1.001 s | package=58.655 J | dram=0.000000 | total=58.655 J | power=58.6 W | runtime=in_range | checksum=OK
[STRIDED_GEMM] N=512 threads=1 rep=4 batches=733 time=1.001 s | package=58.797 J | dram=0.000000 | total=58.797 J | power=58.8 W | runtime=in_range | checksum=OK
[STRIDED_GEMM] N=512 threads=1 rep=5 batches=733 time=0.997 s | package=58.711 J | dram=0.000000 | total=58.711 J | power=58.9 W | runtime=in_range | checksum=OK
[STRIDED_GEMM] N=512 threads=1 rep=6 batches=733 time=0.996 s | package=59.245 J | dram=0.000000 | total=59.245 J | power=59.5 W | runtime=in_range | checksum=OK
[STRIDED_GEMM] N=512 threads=1 rep=7 batches=733 time=0.996 s | package=58.726 J | dram=0.000000 | total=58.726 J | power=59.0 W | runtime=in_range | checksum=OK
[STRIDED_GEMM] N=512 threads=1 rep=8 batches=733 time=0.995 s | package=57.497 J | dram=0.000000 | total=57.497 J | power=57.8 W | runtime=in_range | checksum=OK
[STRIDED_GEMM] N=512 threads=1 rep=9 batches=733 time=0.996 s | package=57.883 J | dram=0.000000 | total=57.883 J | power=58.1 W | runtime=in_range | checksum=OK
[STRIDED_GEMM] N=512 threads=1 rep=10 batches=733 time=0.996 s | package=58.386 J | dram=0.000000 | total=58.386 J | power=58.6 W | runtime=in_range | checksum=OK
[OpenBLAS] requested=10 active=10
[STRIDED_GEMM] N=1024 threads=10 rep=1 batches=539 time=1.002 s | package=160.657 J | dram=0.177083 | total=160.834 J | power=160.5 W | runtime=in_range | checksum=OK
[STRIDED_GEMM] N=1024 threads=10 rep=2 batches=539 time=1.003 s | package=161.156 J | dram=0.176424 | total=161.333 J | power=160.8 W | runtime=in_range | checksum=OK
[STRIDED_GEMM] N=1024 threads=10 rep=3 batches=539 time=1.003 s | package=161.218 J | dram=0.178337 | total=161.397 J | power=160.9 W | runtime=in_range | checksum=OK
[STRIDED_GEMM] N=1024 threads=10 rep=4 batches=539 time=1.004 s | package=161.356 J | dram=0.173747 | total=161.530 J | power=161.0 W | runtime=in_range | checksum=OK
[STRIDED_GEMM] N=1024 threads=10 rep=5 batches=539 time=1.003 s | package=161.501 J | dram=0.165270 | total=161.667 J | power=161.2 W | runtime=in_range | checksum=OK
[STRIDED_GEMM] N=1024 threads=10 rep=6 batches=539 time=1.003 s | package=161.450 J | dram=0.188955 | total=161.639 J | power=161.2 W | runtime=in_range | checksum=OK
[STRIDED_GEMM] N=1024 threads=10 rep=7 batches=539 time=1.002 s | package=161.721 J | dram=0.179714 | total=161.900 J | power=161.5 W | runtime=in_range | checksum=OK
[STRIDED_GEMM] N=1024 threads=10 rep=8 batches=539 time=1.002 s | package=162.039 J | dram=0.176363 | total=162.215 J | power=161.8 W | runtime=in_range | checksum=OK
[STRIDED_GEMM] N=1024 threads=10 rep=9 batches=539 time=1.003 s | package=161.982 J | dram=0.173074 | total=162.156 J | power=161.7 W | runtime=in_range | checksum=OK
[STRIDED_GEMM] N=1024 threads=10 rep=10 batches=539 time=1.003 s | package=162.386 J | dram=0.182407 | total=162.569 J | power=162.1 W | runtime=in_range | checksum=OK
[OpenBLAS] requested=1 active=1
[STRIDED_GEMM] N=128 threads=1 rep=1 batches=39828 time=0.998 s | package=58.681 J | dram=0.000000 | total=58.681 J | power=58.8 W | runtime=in_range | checksum=OK
[STRIDED_GEMM] N=128 threads=1 rep=2 batches=39828 time=0.996 s | package=58.124 J | dram=0.000000 | total=58.124 J | power=58.3 W | runtime=in_range | checksum=OK
[STRIDED_GEMM] N=128 threads=1 rep=3 batches=39828 time=0.995 s | package=57.968 J | dram=0.000000 | total=57.968 J | power=58.3 W | runtime=in_range | checksum=OK
[STRIDED_GEMM] N=128 threads=1 rep=4 batches=39828 time=0.994 s | package=58.174 J | dram=0.000000 | total=58.174 J | power=58.5 W | runtime=in_range | checksum=OK
[STRIDED_GEMM] N=128 threads=1 rep=5 batches=39828 time=1.000 s | package=56.964 J | dram=0.000000 | total=56.964 J | power=57.0 W | runtime=in_range | checksum=OK
[STRIDED_GEMM] N=128 threads=1 rep=6 batches=39828 time=0.994 s | package=57.018 J | dram=0.000000 | total=57.018 J | power=57.4 W | runtime=in_range | checksum=OK
[STRIDED_GEMM] N=128 threads=1 rep=7 batches=39828 time=0.998 s | package=56.171 J | dram=0.000000 | total=56.171 J | power=56.3 W | runtime=in_range | checksum=OK
[STRIDED_GEMM] N=128 threads=1 rep=8 batches=39828 time=0.995 s | package=56.488 J | dram=0.000000 | total=56.488 J | power=56.7 W | runtime=in_range | checksum=OK
[STRIDED_GEMM] N=128 threads=1 rep=9 batches=39828 time=0.995 s | package=57.142 J | dram=0.000000 | total=57.142 J | power=57.4 W | runtime=in_range | checksum=OK
[STRIDED_GEMM] N=128 threads=1 rep=10 batches=39828 time=0.994 s | package=56.967 J | dram=0.000000 | total=56.967 J | power=57.3 W | runtime=in_range | checksum=OK
[OpenBLAS] requested=8 active=8
[STRIDED_GEMM] N=2048 threads=8 rep=1 batches=76 time=1.021 s | package=161.305 J | dram=1.048264 | total=162.353 J | power=159.0 W | runtime=in_range | checksum=OK
[STRIDED_GEMM] N=2048 threads=8 rep=2 batches=76 time=1.024 s | package=161.934 J | dram=1.039375 | total=162.973 J | power=159.1 W | runtime=in_range | checksum=OK
[STRIDED_GEMM] N=2048 threads=8 rep=3 batches=76 time=1.025 s | package=161.792 J | dram=1.058423 | total=162.851 J | power=158.8 W | runtime=in_range | checksum=OK
[STRIDED_GEMM] N=2048 threads=8 rep=4 batches=76 time=1.026 s | package=161.894 J | dram=1.065125 | total=162.959 J | power=158.8 W | runtime=in_range | checksum=OK
[STRIDED_GEMM] N=2048 threads=8 rep=5 batches=76 time=1.027 s | package=162.032 J | dram=1.061744 | total=163.093 J | power=158.9 W | runtime=in_range | checksum=OK
[STRIDED_GEMM] N=2048 threads=8 rep=6 batches=76 time=1.027 s | package=161.982 J | dram=1.069179 | total=163.051 J | power=158.7 W | runtime=in_range | checksum=OK
[STRIDED_GEMM] N=2048 threads=8 rep=7 batches=76 time=1.029 s | package=162.000 J | dram=1.071856 | total=163.072 J | power=158.4 W | runtime=in_range | checksum=OK
[STRIDED_GEMM] N=2048 threads=8 rep=8 batches=76 time=1.029 s | package=162.205 J | dram=1.056863 | total=163.262 J | power=158.6 W | runtime=in_range | checksum=OK
[STRIDED_GEMM] N=2048 threads=8 rep=9 batches=76 time=1.029 s | package=162.054 J | dram=1.069898 | total=163.124 J | power=158.5 W | runtime=in_range | checksum=OK
[STRIDED_GEMM] N=2048 threads=8 rep=10 batches=76 time=1.029 s | package=162.372 J | dram=1.069164 | total=163.441 J | power=158.8 W | runtime=in_range | checksum=OK
[OpenBLAS] requested=4 active=4
[STRIDED_GEMM] N=128 threads=4 rep=1 batches=84833 time=1.044 s | package=97.886 J | dram=0.000000 | total=97.886 J | power=93.8 W | runtime=in_range | checksum=OK
[STRIDED_GEMM] N=128 threads=4 rep=2 batches=84833 time=1.049 s | package=100.238 J | dram=0.000000 | total=100.238 J | power=95.6 W | runtime=in_range | checksum=OK
[STRIDED_GEMM] N=128 threads=4 rep=3 batches=84833 time=1.048 s | package=100.260 J | dram=0.000000 | total=100.260 J | power=95.6 W | runtime=in_range | checksum=OK
[STRIDED_GEMM] N=128 threads=4 rep=4 batches=84833 time=1.057 s | package=100.825 J | dram=0.000000 | total=100.825 J | power=95.4 W | runtime=in_range | checksum=OK
[STRIDED_GEMM] N=128 threads=4 rep=5 batches=84833 time=1.052 s | package=100.245 J | dram=0.000000 | total=100.245 J | power=95.3 W | runtime=in_range | checksum=OK
[STRIDED_GEMM] N=128 threads=4 rep=6 batches=84833 time=1.055 s | package=100.013 J | dram=0.000000 | total=100.013 J | power=94.8 W | runtime=in_range | checksum=OK
[STRIDED_GEMM] N=128 threads=4 rep=7 batches=84833 time=1.046 s | package=99.979 J | dram=0.000000 | total=99.979 J | power=95.6 W | runtime=in_range | checksum=OK
[STRIDED_GEMM] N=128 threads=4 rep=8 batches=84833 time=1.067 s | package=101.121 J | dram=0.000000 | total=101.121 J | power=94.8 W | runtime=in_range | checksum=OK
[STRIDED_GEMM] N=128 threads=4 rep=9 batches=84833 time=1.041 s | package=99.534 J | dram=0.000000 | total=99.534 J | power=95.7 W | runtime=in_range | checksum=OK
[STRIDED_GEMM] N=128 threads=4 rep=10 batches=84833 time=1.056 s | package=100.589 J | dram=0.000000 | total=100.589 J | power=95.2 W | runtime=in_range | checksum=OK
[OpenBLAS] requested=20 active=20
[STRIDED_GEMM] N=4096 threads=20 rep=1 batches=6 time=1.079 s | package=172.759 J | dram=1.950628 | total=174.710 J | power=161.9 W | runtime=in_range | checksum=OK
[STRIDED_GEMM] N=4096 threads=20 rep=2 batches=6 time=1.075 s | package=172.759 J | dram=1.944461 | total=174.703 J | power=162.5 W | runtime=in_range | checksum=OK
[STRIDED_GEMM] N=4096 threads=20 rep=3 batches=6 time=1.076 s | package=172.935 J | dram=1.957176 | total=174.892 J | power=162.5 W | runtime=in_range | checksum=OK
[STRIDED_GEMM] N=4096 threads=20 rep=4 batches=6 time=1.077 s | package=173.081 J | dram=1.979239 | total=175.060 J | power=162.6 W | runtime=in_range | checksum=OK
[STRIDED_GEMM] N=4096 threads=20 rep=5 batches=6 time=1.080 s | package=173.465 J | dram=1.927081 | total=175.392 J | power=162.4 W | runtime=in_range | checksum=OK
[STRIDED_GEMM] N=4096 threads=20 rep=6 batches=6 time=1.078 s | package=173.481 J | dram=1.935710 | total=175.416 J | power=162.8 W | runtime=in_range | checksum=OK
[STRIDED_GEMM] N=4096 threads=20 rep=7 batches=6 time=1.078 s | package=173.576 J | dram=1.933675 | total=175.510 J | power=162.9 W | runtime=in_range | checksum=OK
[STRIDED_GEMM] N=4096 threads=20 rep=8 batches=6 time=1.079 s | package=173.886 J | dram=1.958721 | total=175.845 J | power=163.0 W | runtime=in_range | checksum=OK
[STRIDED_GEMM] N=4096 threads=20 rep=9 batches=6 time=1.076 s | package=173.642 J | dram=1.926500 | total=175.569 J | power=163.1 W | runtime=in_range | checksum=OK
[STRIDED_GEMM] N=4096 threads=20 rep=10 batches=6 time=1.076 s | package=173.751 J | dram=1.969890 | total=175.721 J | power=163.4 W | runtime=in_range | checksum=OK
[OpenBLAS] requested=8 active=8
[STRIDED_GEMM] N=64 threads=8 rep=1 batches=397327 time=0.999 s | package=59.736 J | dram=0.000000 | total=59.736 J | power=59.8 W | runtime=in_range | checksum=OK
[STRIDED_GEMM] N=64 threads=8 rep=2 batches=397327 time=1.012 s | package=62.509 J | dram=0.000077 | total=62.509 J | power=61.8 W | runtime=in_range | checksum=OK
[STRIDED_GEMM] N=64 threads=8 rep=3 batches=397327 time=1.036 s | package=65.469 J | dram=0.000000 | total=65.469 J | power=63.2 W | runtime=in_range | checksum=OK
[STRIDED_GEMM] N=64 threads=8 rep=4 batches=397327 time=1.036 s | package=65.444 J | dram=0.000000 | total=65.444 J | power=63.2 W | runtime=in_range | checksum=OK
[STRIDED_GEMM] N=64 threads=8 rep=5 batches=397327 time=1.038 s | package=65.558 J | dram=0.000000 | total=65.558 J | power=63.2 W | runtime=in_range | checksum=OK
[STRIDED_GEMM] N=64 threads=8 rep=6 batches=397327 time=1.038 s | package=65.173 J | dram=0.000000 | total=65.173 J | power=62.8 W | runtime=in_range | checksum=OK
[STRIDED_GEMM] N=64 threads=8 rep=7 batches=397327 time=1.038 s | package=65.087 J | dram=0.000000 | total=65.087 J | power=62.7 W | runtime=in_range | checksum=OK
[STRIDED_GEMM] N=64 threads=8 rep=8 batches=397327 time=1.038 s | package=65.450 J | dram=0.000000 | total=65.450 J | power=63.1 W | runtime=in_range | checksum=OK
[STRIDED_GEMM] N=64 threads=8 rep=9 batches=397327 time=1.038 s | package=65.230 J | dram=0.000000 | total=65.230 J | power=62.9 W | runtime=in_range | checksum=OK
[STRIDED_GEMM] N=64 threads=8 rep=10 batches=397327 time=1.037 s | package=64.696 J | dram=0.000000 | total=64.696 J | power=62.4 W | runtime=in_range | checksum=OK
