OpenBLAS backend=pthreads | config=OpenBLAS 0.3.30 NO_LAPACKE DYNAMIC_ARCH NO_AFFINITY SkylakeX MAX_THREADS=128
STRIDED_GEMM(ld=2N) | Intel(R) Core(TM) i9-7900X CPU @ 3.30GHz | session=strided_gemm_intel_20260719_175326_session3 | reps=10 | configs=63 | DRAM-RAPL=yes
[OpenBLAS] requested=4 active=4
[STRIDED_GEMM] N=128 threads=4 rep=1 batches=75021 time=0.999 s | package=92.530 J | dram=0.000000 | total=92.530 J | power=92.6 W | runtime=in_range | checksum=OK
[STRIDED_GEMM] N=128 threads=4 rep=2 batches=75021 time=1.000 s | package=92.447 J | dram=0.000000 | total=92.447 J | power=92.4 W | runtime=in_range | checksum=OK
[STRIDED_GEMM] N=128 threads=4 rep=3 batches=75021 time=0.999 s | package=92.429 J | dram=0.000000 | total=92.429 J | power=92.5 W | runtime=in_range | checksum=OK
[STRIDED_GEMM] N=128 threads=4 rep=4 batches=75021 time=1.000 s | package=92.548 J | dram=0.000000 | total=92.548 J | power=92.5 W | runtime=in_range | checksum=OK
[STRIDED_GEMM] N=128 threads=4 rep=5 batches=75021 time=1.000 s | package=92.374 J | dram=0.000000 | total=92.374 J | power=92.4 W | runtime=in_range | checksum=OK
[STRIDED_GEMM] N=128 threads=4 rep=6 batches=75021 time=1.009 s | package=90.079 J | dram=0.000000 | total=90.079 J | power=89.3 W | runtime=in_range | checksum=OK
[STRIDED_GEMM] N=128 threads=4 rep=7 batches=75021 time=1.010 s | package=89.858 J | dram=0.000000 | total=89.858 J | power=89.0 W | runtime=in_range | checksum=OK
[STRIDED_GEMM] N=128 threads=4 rep=8 batches=75021 time=1.008 s | package=89.663 J | dram=0.000000 | total=89.663 J | power=89.0 W | runtime=in_range | checksum=OK
[STRIDED_GEMM] N=128 threads=4 rep=9 batches=75021 time=1.002 s | package=94.125 J | dram=0.000000 | total=94.125 J | power=93.9 W | runtime=in_range | checksum=OK
[STRIDED_GEMM] N=128 threads=4 rep=10 batches=75021 time=1.000 s | package=98.924 J | dram=0.000000 | total=98.924 J | power=98.9 W | runtime=in_range | checksum=OK
[OpenBLAS] requested=16 active=16
[STRIDED_GEMM] N=1024 threads=16 rep=1 batches=480 time=1.040 s | package=169.324 J | dram=0.255725 | total=169.580 J | power=163.1 W | runtime=in_range | checksum=OK
[STRIDED_GEMM] N=1024 threads=16 rep=2 batches=480 time=1.044 s | package=169.322 J | dram=0.260207 | total=169.582 J | power=162.4 W | runtime=in_range | checksum=OK
[STRIDED_GEMM] N=1024 threads=16 rep=3 batches=480 time=1.046 s | package=169.321 J | dram=0.262731 | total=169.584 J | power=162.1 W | runtime=in_range | checksum=OK
[STRIDED_GEMM] N=1024 threads=16 rep=4 batches=480 time=1.047 s | package=169.385 J | dram=0.248625 | total=169.634 J | power=162.1 W | runtime=in_range | checksum=OK
[STRIDED_GEMM] N=1024 threads=16 rep=5 batches=480 time=1.049 s | package=169.462 J | dram=0.252465 | total=169.715 J | power=161.8 W | runtime=in_range | checksum=OK
[STRIDED_GEMM] N=1024 threads=16 rep=6 batches=480 time=1.051 s | package=169.216 J | dram=0.249420 | total=169.465 J | power=161.3 W | runtime=in_range | checksum=OK
[STRIDED_GEMM] N=1024 threads=16 rep=7 batches=480 time=1.051 s | package=169.376 J | dram=0.259978 | total=169.636 J | power=161.4 W | runtime=in_range | checksum=OK
[STRIDED_GEMM] N=1024 threads=16 rep=8 batches=480 time=1.051 s | package=169.283 J | dram=0.262762 | total=169.545 J | power=161.3 W | runtime=in_range | checksum=OK
[STRIDED_GEMM] N=1024 threads=16 rep=9 batches=480 time=1.053 s | package=169.146 J | dram=0.246452 | total=169.392 J | power=160.9 W | runtime=in_range | checksum=OK
[STRIDED_GEMM] N=1024 threads=16 rep=10 batches=480 time=1.053 s | package=169.161 J | dram=0.250630 | total=169.412 J | power=160.8 W | runtime=in_range | checksum=OK
[OpenBLAS] requested=10 active=10
[STRIDED_GEMM] N=1024 threads=10 rep=1 batches=514 time=1.003 s | package=160.513 J | dram=0.100047 | total=160.613 J | power=160.2 W | runtime=in_range | checksum=OK
[STRIDED_GEMM] N=1024 threads=10 rep=2 batches=514 time=1.005 s | package=160.787 J | dram=0.091738 | total=160.879 J | power=160.0 W | runtime=in_range | checksum=OK
[STRIDED_GEMM] N=1024 threads=10 rep=3 batches=514 time=1.006 s | package=160.819 J | dram=0.100307 | total=160.919 J | power=159.9 W | runtime=in_range | checksum=OK
[STRIDED_GEMM] N=1024 threads=10 rep=4 batches=514 time=1.007 s | package=160.665 J | dram=0.100062 | total=160.765 J | power=159.6 W | runtime=in_range | checksum=OK
[STRIDED_GEMM] N=1024 threads=10 rep=5 batches=514 time=1.010 s | package=160.772 J | dram=0.121482 | total=160.894 J | power=159.3 W | runtime=in_range | checksum=OK
[STRIDED_GEMM] N=1024 threads=10 rep=6 batches=514 time=1.012 s | package=160.826 J | dram=0.099542 | total=160.925 J | power=159.1 W | runtime=in_range | checksum=OK
[STRIDED_GEMM] N=1024 threads=10 rep=7 batches=514 time=1.015 s | package=161.260 J | dram=0.092152 | total=161.352 J | power=159.0 W | runtime=in_range | checksum=OK
[STRIDED_GEMM] N=1024 threads=10 rep=8 batches=514 time=1.014 s | package=161.152 J | dram=0.090407 | total=161.242 J | power=159.0 W | runtime=in_range | checksum=OK
[STRIDED_GEMM] N=1024 threads=10 rep=9 batches=514 time=1.016 s | package=161.276 J | dram=0.091693 | total=161.367 J | power=158.8 W | runtime=in_range | checksum=OK
[STRIDED_GEMM] N=1024 threads=10 rep=10 batches=514 time=1.017 s | package=161.043 J | dram=0.094554 | total=161.138 J | power=158.4 W | runtime=in_range | checksum=OK
[OpenBLAS] requested=20 active=20
[STRIDED_GEMM] N=16384 threads=20 rep=1 batches=1 time=9.599 s | package=1543.673 J | dram=20.819353 | total=1564.493 J | power=163.0 W | runtime=above | checksum=OK
[STRIDED_GEMM] N=16384 threads=20 rep=2 batches=1 time=9.461 s | package=1506.036 J | dram=20.572395 | total=1526.608 J | power=161.4 W | runtime=above | checksum=OK
[STRIDED_GEMM] N=16384 threads=20 rep=3 batches=1 time=9.559 s | package=1507.669 J | dram=20.932664 | total=1528.602 J | power=159.9 W | runtime=above | checksum=OK
[STRIDED_GEMM] N=16384 threads=20 rep=4 batches=1 time=9.500 s | package=1480.572 J | dram=20.611380 | total=1501.183 J | power=158.0 W | runtime=above | checksum=OK
[STRIDED_GEMM] N=16384 threads=20 rep=5 batches=1 time=9.656 s | package=1488.948 J | dram=21.049755 | total=1509.997 J | power=156.4 W | runtime=above | checksum=OK
[STRIDED_GEMM] N=16384 threads=20 rep=6 batches=1 time=9.653 s | package=1477.707 J | dram=21.060863 | total=1498.768 J | power=155.3 W | runtime=above | checksum=OK
[STRIDED_GEMM] N=16384 threads=20 rep=7 batches=1 time=9.582 s | package=1456.901 J | dram=21.135344 | total=1478.037 J | power=154.3 W | runtime=above | checksum=OK
[STRIDED_GEMM] N=16384 threads=20 rep=8 batches=1 time=9.522 s | package=1439.007 J | dram=20.940345 | total=1459.947 J | power=153.3 W | runtime=above | checksum=OK
[STRIDED_GEMM] N=16384 threads=20 rep=9 batches=1 time=9.532 s | package=1432.551 J | dram=20.892945 | total=1453.443 J | power=152.5 W | runtime=above | checksum=OK
[STRIDED_GEMM] N=16384 threads=20 rep=10 batches=1 time=9.499 s | package=1416.185 J | dram=20.724339 | total=1436.909 J | power=151.3 W | runtime=above | checksum=OK
[OpenBLAS] requested=1 active=1
[STRIDED_GEMM] N=16384 threads=1 rep=1 batches=1 time=45.027 s | package=3174.318 J | dram=3.347809 | total=3177.666 J | power=70.6 W | runtime=above | checksum=OK
[STRIDED_GEMM] N=16384 threads=1 rep=2 batches=1 time=45.381 s | package=3081.857 J | dram=3.205640 | total=3085.063 J | power=68.0 W | runtime=above | checksum=OK
[STRIDED_GEMM] N=16384 threads=1 rep=3 batches=1 time=44.514 s | package=2911.853 J | dram=3.221247 | total=2915.074 J | power=65.5 W | runtime=above | checksum=OK
[STRIDED_GEMM] N=16384 threads=1 rep=4 batches=1 time=43.401 s | package=2702.103 J | dram=3.521509 | total=2705.625 J | power=62.3 W | runtime=above | checksum=OK
[STRIDED_GEMM] N=16384 threads=1 rep=5 batches=1 time=41.801 s | package=2480.039 J | dram=3.499217 | total=2483.538 J | power=59.4 W | runtime=above | checksum=OK
[STRIDED_GEMM] N=16384 threads=1 rep=6 batches=1 time=41.806 s | package=2461.166 J | dram=2.897499 | total=2464.063 J | power=58.9 W | runtime=above | checksum=OK
[STRIDED_GEMM] N=16384 threads=1 rep=7 batches=1 time=41.822 s | package=2425.517 J | dram=2.697497 | total=2428.214 J | power=58.1 W | runtime=above | checksum=OK
[STRIDED_GEMM] N=16384 threads=1 rep=8 batches=1 time=41.828 s | package=2403.952 J | dram=3.268019 | total=2407.220 J | power=57.6 W | runtime=above | checksum=OK
[STRIDED_GEMM] N=16384 threads=1 rep=9 batches=1 time=41.808 s | package=2384.507 J | dram=2.839971 | total=2387.347 J | power=57.1 W | runtime=above | checksum=OK
[STRIDED_GEMM] N=16384 threads=1 rep=10 batches=1 time=41.801 s | package=2364.498 J | dram=2.822590 | total=2367.321 J | power=56.6 W | runtime=above | checksum=OK
[OpenBLAS] requested=16 active=16
[STRIDED_GEMM] N=4096 threads=16 rep=1 batches=8 time=1.106 s | package=178.029 J | dram=1.758918 | total=179.788 J | power=162.6 W | runtime=in_range | checksum=OK
[STRIDED_GEMM] N=4096 threads=16 rep=2 batches=8 time=1.105 s | package=178.493 J | dram=1.759133 | total=180.252 J | power=163.1 W | runtime=in_range | checksum=OK
[STRIDED_GEMM] N=4096 threads=16 rep=3 batches=8 time=1.106 s | package=178.648 J | dram=1.772474 | total=180.421 J | power=163.1 W | runtime=in_range | checksum=OK
[STRIDED_GEMM] N=4096 threads=16 rep=4 batches=8 time=1.106 s | package=178.847 J | dram=1.740956 | total=180.588 J | power=163.3 W | runtime=in_range | checksum=OK
[STRIDED_GEMM] N=4096 threads=16 rep=5 batches=8 time=1.106 s | package=178.779 J | dram=1.743481 | total=180.523 J | power=163.3 W | runtime=in_range | checksum=OK
[STRIDED_GEMM] N=4096 threads=16 rep=6 batches=8 time=1.106 s | package=178.840 J | dram=1.750718 | total=180.591 J | power=163.3 W | runtime=in_range | checksum=OK
[STRIDED_GEMM] N=4096 threads=16 rep=7 batches=8 time=1.106 s | package=179.194 J | dram=1.739381 | total=180.934 J | power=163.6 W | runtime=in_range | checksum=OK
[STRIDED_GEMM] N=4096 threads=16 rep=8 batches=8 time=1.105 s | package=179.309 J | dram=1.764626 | total=181.074 J | power=163.8 W | runtime=in_range | checksum=OK
[STRIDED_GEMM] N=4096 threads=16 rep=9 batches=8 time=1.105 s | package=179.266 J | dram=1.756807 | total=181.023 J | power=163.8 W | runtime=in_range | checksum=OK
[STRIDED_GEMM] N=4096 threads=16 rep=10 batches=8 time=1.106 s | package=179.553 J | dram=1.756363 | total=181.310 J | power=164.0 W | runtime=in_range | checksum=OK
[OpenBLAS] requested=2 active=2
[STRIDED_GEMM] N=4096 threads=2 rep=1 batches=4 time=1.329 s | package=108.843 J | dram=0.339537 | total=109.182 J | power=82.2 W | runtime=above | checksum=OK
[STRIDED_GEMM] N=4096 threads=2 rep=2 batches=4 time=1.344 s | package=106.455 J | dram=0.315440 | total=106.770 J | power=79.5 W | runtime=above | checksum=OK
[STRIDED_GEMM] N=4096 threads=2 rep=3 batches=4 time=1.355 s | package=105.745 J | dram=0.311722 | total=106.057 J | power=78.3 W | runtime=above | checksum=OK
[STRIDED_GEMM] N=4096 threads=2 rep=4 batches=4 time=1.358 s | package=105.023 J | dram=0.308158 | total=105.331 J | power=77.6 W | runtime=above | checksum=OK
[STRIDED_GEMM] N=4096 threads=2 rep=5 batches=4 time=1.356 s | package=106.116 J | dram=0.303842 | total=106.420 J | power=78.5 W | runtime=above | checksum=OK
[STRIDED_GEMM] N=4096 threads=2 rep=6 batches=4 time=1.359 s | package=104.998 J | dram=0.323075 | total=105.322 J | power=77.5 W | runtime=above | checksum=OK
[STRIDED_GEMM] N=4096 threads=2 rep=7 batches=4 time=1.357 s | package=105.729 J | dram=0.321483 | total=106.051 J | power=78.1 W | runtime=above | checksum=OK
[STRIDED_GEMM] N=4096 threads=2 rep=8 batches=4 time=1.357 s | package=105.750 J | dram=0.315701 | total=106.066 J | power=78.2 W | runtime=above | checksum=OK
[STRIDED_GEMM] N=4096 threads=2 rep=9 batches=4 time=1.356 s | package=105.857 J | dram=0.320856 | total=106.178 J | power=78.3 W | runtime=above | checksum=OK
[STRIDED_GEMM] N=4096 threads=2 rep=10 batches=4 time=1.355 s | package=105.585 J | dram=0.313313 | total=105.898 J | power=78.1 W | runtime=above | checksum=OK
[OpenBLAS] requested=8 active=8
[STRIDED_GEMM] N=2048 threads=8 rep=1 batches=73 time=1.014 s | package=144.994 J | dram=1.133393 | total=146.127 J | power=144.1 W | runtime=in_range | checksum=OK
[STRIDED_GEMM] N=2048 threads=8 rep=2 batches=73 time=1.016 s | package=146.409 J | dram=1.140799 | total=147.550 J | power=145.2 W | runtime=in_range | checksum=OK
[STRIDED_GEMM] N=2048 threads=8 rep=3 batches=73 time=1.011 s | package=147.328 J | dram=1.137142 | total=148.465 J | power=146.9 W | runtime=in_range | checksum=OK
[STRIDED_GEMM] N=2048 threads=8 rep=4 batches=73 time=0.999 s | package=148.415 J | dram=1.134740 | total=149.550 J | power=149.7 W | runtime=in_range | checksum=OK
[STRIDED_GEMM] N=2048 threads=8 rep=5 batches=73 time=0.977 s | package=150.596 J | dram=1.138106 | total=151.734 J | power=155.2 W | runtime=in_range | checksum=OK
[STRIDED_GEMM] N=2048 threads=8 rep=6 batches=73 time=0.979 s | package=150.683 J | dram=1.141105 | total=151.824 J | power=155.1 W | runtime=in_range | checksum=OK
[STRIDED_GEMM] N=2048 threads=8 rep=7 batches=73 time=0.978 s | package=150.764 J | dram=1.123861 | total=151.888 J | power=155.3 W | runtime=in_range | checksum=OK
[STRIDED_GEMM] N=2048 threads=8 rep=8 batches=73 time=0.980 s | package=150.774 J | dram=1.135443 | total=151.910 J | power=155.1 W | runtime=in_range | checksum=OK
[STRIDED_GEMM] N=2048 threads=8 rep=9 batches=73 time=0.978 s | package=150.796 J | dram=1.119669 | total=151.916 J | power=155.3 W | runtime=in_range | checksum=OK
[STRIDED_GEMM] N=2048 threads=8 rep=10 batches=73 time=0.978 s | package=151.030 J | dram=1.117114 | total=152.147 J | power=155.6 W | runtime=in_range | checksum=OK
[OpenBLAS] requested=4 active=4
[STRIDED_GEMM] N=512 threads=4 rep=1 batches=2379 time=1.000 s | package=108.335 J | dram=0.000000 | total=108.335 J | power=108.4 W | runtime=in_range | checksum=OK
[STRIDED_GEMM] N=512 threads=4 rep=2 batches=2379 time=1.022 s | package=106.221 J | dram=0.000000 | total=106.221 J | power=103.9 W | runtime=in_range | checksum=OK
[STRIDED_GEMM] N=512 threads=4 rep=3 batches=2379 time=1.067 s | package=99.889 J | dram=0.000000 | total=99.889 J | power=93.6 W | runtime=in_range | checksum=OK
[STRIDED_GEMM] N=512 threads=4 rep=4 batches=2379 time=1.070 s | package=99.068 J | dram=0.000000 | total=99.068 J | power=92.6 W | runtime=in_range | checksum=OK
[STRIDED_GEMM] N=512 threads=4 rep=5 batches=2379 time=1.023 s | package=105.411 J | dram=0.000000 | total=105.411 J | power=103.1 W | runtime=in_range | checksum=OK
[STRIDED_GEMM] N=512 threads=4 rep=6 batches=2379 time=1.003 s | package=108.475 J | dram=0.000000 | total=108.475 J | power=108.1 W | runtime=in_range | checksum=OK
[STRIDED_GEMM] N=512 threads=4 rep=7 batches=2379 time=1.002 s | package=108.401 J | dram=0.000000 | total=108.401 J | power=108.2 W | runtime=in_range | checksum=OK
[STRIDED_GEMM] N=512 threads=4 rep=8 batches=2379 time=1.002 s | package=108.229 J | dram=0.000000 | total=108.229 J | power=108.1 W | runtime=in_range | checksum=OK
[STRIDED_GEMM] N=512 threads=4 rep=9 batches=2379 time=1.003 s | package=108.196 J | dram=0.000000 | total=108.196 J | power=107.9 W | runtime=in_range | checksum=OK
[STRIDED_GEMM] N=512 threads=4 rep=10 batches=2379 time=1.002 s | package=108.376 J | dram=0.000000 | total=108.376 J | power=108.1 W | runtime=in_range | checksum=OK
[OpenBLAS] requested=16 active=16
[STRIDED_GEMM] N=512 threads=16 rep=1 batches=3972 time=1.004 s | package=155.805 J | dram=0.000000 | total=155.805 J | power=155.2 W | runtime=in_range | checksum=OK
[STRIDED_GEMM] N=512 threads=16 rep=2 batches=3972 time=1.004 s | package=155.984 J | dram=0.000000 | total=155.984 J | power=155.4 W | runtime=in_range | checksum=OK
[STRIDED_GEMM] N=512 threads=16 rep=3 batches=3972 time=1.004 s | package=156.179 J | dram=0.000000 | total=156.179 J | power=155.5 W | runtime=in_range | checksum=OK
[STRIDED_GEMM] N=512 threads=16 rep=4 batches=3972 time=1.004 s | package=156.251 J | dram=0.000000 | total=156.251 J | power=155.7 W | runtime=in_range | checksum=OK
[STRIDED_GEMM] N=512 threads=16 rep=5 batches=3972 time=1.005 s | package=156.332 J | dram=0.000000 | total=156.332 J | power=155.6 W | runtime=in_range | checksum=OK
[STRIDED_GEMM] N=512 threads=16 rep=6 batches=3972 time=1.005 s | package=156.467 J | dram=0.000000 | total=156.467 J | power=155.6 W | runtime=in_range | checksum=OK
[STRIDED_GEMM] N=512 threads=16 rep=7 batches=3972 time=1.005 s | package=156.600 J | dram=0.000000 | total=156.600 J | power=155.7 W | runtime=in_range | checksum=OK
[STRIDED_GEMM] N=512 threads=16 rep=8 batches=3972 time=1.005 s | package=156.754 J | dram=0.000000 | total=156.754 J | power=156.0 W | runtime=in_range | checksum=OK
[STRIDED_GEMM] N=512 threads=16 rep=9 batches=3972 time=1.005 s | package=156.800 J | dram=0.000000 | total=156.800 J | power=156.1 W | runtime=in_range | checksum=OK
[STRIDED_GEMM] N=512 threads=16 rep=10 batches=3972 time=1.005 s | package=156.951 J | dram=0.000000 | total=156.951 J | power=156.2 W | runtime=in_range | checksum=OK
[OpenBLAS] requested=8 active=8
[STRIDED_GEMM] N=128 threads=8 rep=1 batches=79374 time=1.014 s | package=113.046 J | dram=0.000000 | total=113.046 J | power=111.5 W | runtime=in_range | checksum=OK
[STRIDED_GEMM] N=128 threads=8 rep=2 batches=79374 time=1.020 s | package=113.528 J | dram=0.000000 | total=113.528 J | power=111.3 W | runtime=in_range | checksum=OK
[STRIDED_GEMM] N=128 threads=8 rep=3 batches=79374 time=1.010 s | package=112.749 J | dram=0.000000 | total=112.749 J | power=111.6 W | runtime=in_range | checksum=OK
[STRIDED_GEMM] N=128 threads=8 rep=4 batches=79374 time=1.003 s | package=112.163 J | dram=0.000000 | total=112.163 J | power=111.8 W | runtime=in_range | checksum=OK
[STRIDED_GEMM] N=128 threads=8 rep=5 batches=79374 time=1.016 s | package=113.143 J | dram=0.000000 | total=113.143 J | power=111.3 W | runtime=in_range | checksum=OK
[STRIDED_GEMM] N=128 threads=8 rep=6 batches=79374 time=1.048 s | package=115.823 J | dram=0.000000 | total=115.823 J | power=110.5 W | runtime=in_range | checksum=OK
[STRIDED_GEMM] N=128 threads=8 rep=7 batches=79374 time=1.010 s | package=112.587 J | dram=0.000000 | total=112.587 J | power=111.5 W | runtime=in_range | checksum=OK
[STRIDED_GEMM] N=128 threads=8 rep=8 batches=79374 time=1.018 s | package=113.479 J | dram=0.000000 | total=113.479 J | power=111.5 W | runtime=in_range | checksum=OK
[STRIDED_GEMM] N=128 threads=8 rep=9 batches=79374 time=1.059 s | package=116.999 J | dram=0.000000 | total=116.999 J | power=110.5 W | runtime=in_range | checksum=OK
[STRIDED_GEMM] N=128 threads=8 rep=10 batches=79374 time=1.022 s | package=114.044 J | dram=0.000000 | total=114.044 J | power=111.6 W | runtime=in_range | checksum=OK
[OpenBLAS] requested=8 active=8
[STRIDED_GEMM] N=256 threads=8 rep=1 batches=26729 time=1.015 s | package=139.644 J | dram=0.000000 | total=139.644 J | power=137.6 W | runtime=in_range | checksum=OK
[STRIDED_GEMM] N=256 threads=8 rep=2 batches=26729 time=1.026 s | package=140.514 J | dram=0.000000 | total=140.514 J | power=137.0 W | runtime=in_range | checksum=OK
[STRIDED_GEMM] N=256 threads=8 rep=3 batches=26729 time=0.999 s | package=138.342 J | dram=0.000000 | total=138.342 J | power=138.4 W | runtime=in_range | checksum=OK
[STRIDED_GEMM] N=256 threads=8 rep=4 batches=26729 time=1.006 s | package=138.974 J | dram=0.000000 | total=138.974 J | power=138.2 W | runtime=in_range | checksum=OK
[STRIDED_GEMM] N=256 threads=8 rep=5 batches=26729 time=1.001 s | package=138.605 J | dram=0.000000 | total=138.605 J | power=138.5 W | runtime=in_range | checksum=OK
[STRIDED_GEMM] N=256 threads=8 rep=6 batches=26729 time=1.009 s | package=139.229 J | dram=0.000000 | total=139.229 J | power=137.9 W | runtime=in_range | checksum=OK
[STRIDED_GEMM] N=256 threads=8 rep=7 batches=26729 time=1.008 s | package=139.168 J | dram=0.000000 | total=139.168 J | power=138.1 W | runtime=in_range | checksum=OK
[STRIDED_GEMM] N=256 threads=8 rep=8 batches=26729 time=1.015 s | package=139.933 J | dram=0.000000 | total=139.933 J | power=137.8 W | runtime=in_range | checksum=OK
[STRIDED_GEMM] N=256 threads=8 rep=9 batches=26729 time=1.018 s | package=140.339 J | dram=0.000000 | total=140.339 J | power=137.8 W | runtime=in_range | checksum=OK
[STRIDED_GEMM] N=256 threads=8 rep=10 batches=26729 time=1.020 s | package=140.345 J | dram=0.000000 | total=140.345 J | power=137.6 W | runtime=in_range | checksum=OK
[OpenBLAS] requested=4 active=4
[STRIDED_GEMM] N=1024 threads=4 rep=1 batches=329 time=1.002 s | package=114.741 J | dram=0.013265 | total=114.755 J | power=114.5 W | runtime=in_range | checksum=OK
[STRIDED_GEMM] N=1024 threads=4 rep=2 batches=329 time=1.002 s | package=114.728 J | dram=0.012653 | total=114.741 J | power=114.5 W | runtime=in_range | checksum=OK
[STRIDED_GEMM] N=1024 threads=4 rep=3 batches=329 time=1.003 s | package=114.764 J | dram=0.010694 | total=114.775 J | power=114.5 W | runtime=in_range | checksum=OK
[STRIDED_GEMM] N=1024 threads=4 rep=4 batches=329 time=1.003 s | package=114.207 J | dram=0.013908 | total=114.221 J | power=113.9 W | runtime=in_range | checksum=OK
[STRIDED_GEMM] N=1024 threads=4 rep=5 batches=329 time=1.002 s | package=114.049 J | dram=0.015453 | total=114.065 J | power=113.8 W | runtime=in_range | checksum=OK
[STRIDED_GEMM] N=1024 threads=4 rep=6 batches=329 time=1.003 s | package=114.141 J | dram=0.012347 | total=114.154 J | power=113.9 W | runtime=in_range | checksum=OK
[STRIDED_GEMM] N=1024 threads=4 rep=7 batches=329 time=1.003 s | package=114.561 J | dram=0.012363 | total=114.573 J | power=114.2 W | runtime=in_range | checksum=OK
[STRIDED_GEMM] N=1024 threads=4 rep=8 batches=329 time=1.002 s | package=114.365 J | dram=0.011276 | total=114.376 J | power=114.1 W | runtime=in_range | checksum=OK
[STRIDED_GEMM] N=1024 threads=4 rep=9 batches=329 time=1.004 s | package=114.058 J | dram=0.015805 | total=114.074 J | power=113.6 W | runtime=in_range | checksum=OK
[STRIDED_GEMM] N=1024 threads=4 rep=10 batches=329 time=1.002 s | package=114.533 J | dram=0.013923 | total=114.547 J | power=114.3 W | runtime=in_range | checksum=OK
[OpenBLAS] requested=2 active=2
[STRIDED_GEMM] N=64 threads=2 rep=1 batches=405420 time=1.001 s | package=56.547 J | dram=0.000000 | total=56.547 J | power=56.5 W | runtime=in_range | checksum=OK
[STRIDED_GEMM] N=64 threads=2 rep=2 batches=405420 time=1.000 s | package=56.665 J | dram=0.000000 | total=56.665 J | power=56.6 W | runtime=in_range | checksum=OK
[STRIDED_GEMM] N=64 threads=2 rep=3 batches=405420 time=1.000 s | package=55.709 J | dram=0.000000 | total=55.709 J | power=55.7 W | runtime=in_range | checksum=OK
[STRIDED_GEMM] N=64 threads=2 rep=4 batches=405420 time=1.001 s | package=55.698 J | dram=0.000000 | total=55.698 J | power=55.6 W | runtime=in_range | checksum=OK
[STRIDED_GEMM] N=64 threads=2 rep=5 batches=405420 time=0.999 s | package=55.578 J | dram=0.000000 | total=55.578 J | power=55.6 W | runtime=in_range | checksum=OK
[STRIDED_GEMM] N=64 threads=2 rep=6 batches=405420 time=1.001 s | package=55.783 J | dram=0.000000 | total=55.783 J | power=55.7 W | runtime=in_range | checksum=OK
[STRIDED_GEMM] N=64 threads=2 rep=7 batches=405420 time=1.000 s | package=55.588 J | dram=0.000000 | total=55.588 J | power=55.6 W | runtime=in_range | checksum=OK
[STRIDED_GEMM] N=64 threads=2 rep=8 batches=405420 time=1.000 s | package=55.630 J | dram=0.000000 | total=55.630 J | power=55.6 W | runtime=in_range | checksum=OK
[STRIDED_GEMM] N=64 threads=2 rep=9 batches=405420 time=1.000 s | package=55.619 J | dram=0.000000 | total=55.619 J | power=55.6 W | runtime=in_range | checksum=OK
[STRIDED_GEMM] N=64 threads=2 rep=10 batches=405420 time=1.000 s | package=55.347 J | dram=0.000000 | total=55.347 J | power=55.3 W | runtime=in_range | checksum=OK
[OpenBLAS] requested=16 active=16
[STRIDED_GEMM] N=8192 threads=16 rep=1 batches=1 time=1.028 s | package=178.603 J | dram=1.611182 | total=180.215 J | power=175.3 W | runtime=in_range | checksum=OK
[STRIDED_GEMM] N=8192 threads=16 rep=2 batches=1 time=1.030 s | package=179.139 J | dram=1.604082 | total=180.743 J | power=175.5 W | runtime=in_range | checksum=OK
[STRIDED_GEMM] N=8192 threads=16 rep=3 batches=1 time=1.031 s | package=179.234 J | dram=1.619413 | total=180.854 J | power=175.5 W | runtime=in_range | checksum=OK
[STRIDED_GEMM] N=8192 threads=16 rep=4 batches=1 time=1.029 s | package=179.186 J | dram=1.622672 | total=180.809 J | power=175.8 W | runtime=in_range | checksum=OK
[STRIDED_GEMM] N=8192 threads=16 rep=5 batches=1 time=1.028 s | package=179.352 J | dram=1.623253 | total=180.976 J | power=176.1 W | runtime=in_range | checksum=OK
[STRIDED_GEMM] N=8192 threads=16 rep=6 batches=1 time=1.030 s | package=179.769 J | dram=1.624248 | total=181.393 J | power=176.1 W | runtime=in_range | checksum=OK
[STRIDED_GEMM] N=8192 threads=16 rep=7 batches=1 time=1.029 s | package=179.594 J | dram=1.615466 | total=181.210 J | power=176.1 W | runtime=in_range | checksum=OK
[STRIDED_GEMM] N=8192 threads=16 rep=8 batches=1 time=1.033 s | package=180.203 J | dram=1.633046 | total=181.837 J | power=176.1 W | runtime=in_range | checksum=OK
[STRIDED_GEMM] N=8192 threads=16 rep=9 batches=1 time=1.030 s | package=179.937 J | dram=1.626267 | total=181.563 J | power=176.3 W | runtime=in_range | checksum=OK
[STRIDED_GEMM] N=8192 threads=16 rep=10 batches=1 time=1.032 s | package=180.450 J | dram=1.632709 | total=182.083 J | power=176.4 W | runtime=in_range | checksum=OK
[OpenBLAS] requested=10 active=10
[STRIDED_GEMM] N=256 threads=10 rep=1 batches=15728 time=0.993 s | package=131.231 J | dram=0.000000 | total=131.231 J | power=132.2 W | runtime=in_range | checksum=OK
[STRIDED_GEMM] N=256 threads=10 rep=2 batches=15728 time=1.002 s | package=131.974 J | dram=0.000000 | total=131.974 J | power=131.7 W | runtime=in_range | checksum=OK
[STRIDED_GEMM] N=256 threads=10 rep=3 batches=15728 time=1.004 s | package=132.315 J | dram=0.000000 | total=132.315 J | power=131.8 W | runtime=in_range | checksum=OK
[STRIDED_GEMM] N=256 threads=10 rep=4 batches=15728 time=1.012 s | package=132.807 J | dram=0.000000 | total=132.807 J | power=131.3 W | runtime=in_range | checksum=OK
[STRIDED_GEMM] N=256 threads=10 rep=5 batches=15728 time=0.993 s | package=131.110 J | dram=0.000000 | total=131.110 J | power=132.1 W | runtime=in_range | checksum=OK
[STRIDED_GEMM] N=256 threads=10 rep=6 batches=15728 time=0.997 s | package=131.637 J | dram=0.000000 | total=131.637 J | power=132.0 W | runtime=in_range | checksum=OK
[STRIDED_GEMM] N=256 threads=10 rep=7 batches=15728 time=0.992 s | package=131.114 J | dram=0.000000 | total=131.114 J | power=132.2 W | runtime=in_range | checksum=OK
[STRIDED_GEMM] N=256 threads=10 rep=8 batches=15728 time=1.001 s | package=132.053 J | dram=0.000000 | total=132.053 J | power=131.9 W | runtime=in_range | checksum=OK
[STRIDED_GEMM] N=256 threads=10 rep=9 batches=15728 time=0.996 s | package=131.617 J | dram=0.000000 | total=131.617 J | power=132.1 W | runtime=in_range | checksum=OK
[STRIDED_GEMM] N=256 threads=10 rep=10 batches=15728 time=1.025 s | package=134.211 J | dram=0.000000 | total=134.211 J | power=131.0 W | runtime=in_range | checksum=OK
[OpenBLAS] requested=4 active=4
[STRIDED_GEMM] N=16384 threads=4 rep=1 batches=1 time=12.327 s | package=1299.815 J | dram=13.093220 | total=1312.908 J | power=106.5 W | runtime=above | checksum=OK
[STRIDED_GEMM] N=16384 threads=4 rep=2 batches=1 time=12.361 s | package=1308.712 J | dram=13.055138 | total=1321.767 J | power=106.9 W | runtime=above | checksum=OK
[STRIDED_GEMM] N=16384 threads=4 rep=3 batches=1 time=12.378 s | package=1295.961 J | dram=13.313203 | total=1309.274 J | power=105.8 W | runtime=above | checksum=OK
[STRIDED_GEMM] N=16384 threads=4 rep=4 batches=1 time=12.389 s | package=1292.968 J | dram=13.113110 | total=1306.081 J | power=105.4 W | runtime=above | checksum=OK
[STRIDED_GEMM] N=16384 threads=4 rep=5 batches=1 time=12.411 s | package=1290.171 J | dram=13.166828 | total=1303.338 J | power=105.0 W | runtime=above | checksum=OK
[STRIDED_GEMM] N=16384 threads=4 rep=6 batches=1 time=12.378 s | package=1303.008 J | dram=13.234256 | total=1316.243 J | power=106.3 W | runtime=above | checksum=OK
[STRIDED_GEMM] N=16384 threads=4 rep=7 batches=1 time=12.062 s | package=1384.728 J | dram=13.068510 | total=1397.796 J | power=115.9 W | runtime=above | checksum=OK
[STRIDED_GEMM] N=16384 threads=4 rep=8 batches=1 time=11.879 s | package=1450.346 J | dram=12.954893 | total=1463.301 J | power=123.2 W | runtime=above | checksum=OK
[STRIDED_GEMM] N=16384 threads=4 rep=9 batches=1 time=11.930 s | package=1457.659 J | dram=12.938766 | total=1470.598 J | power=123.3 W | runtime=above | checksum=OK
[STRIDED_GEMM] N=16384 threads=4 rep=10 batches=1 time=12.048 s | package=1435.347 J | dram=13.140099 | total=1448.487 J | power=120.2 W | runtime=above | checksum=OK
[OpenBLAS] requested=2 active=2
[STRIDED_GEMM] N=8192 threads=2 rep=1 batches=1 time=2.797 s | package=250.486 J | dram=1.148846 | total=251.635 J | power=90.0 W | runtime=above | checksum=OK
[STRIDED_GEMM] N=8192 threads=2 rep=2 batches=1 time=2.794 s | package=249.613 J | dram=1.105701 | total=250.718 J | power=89.7 W | runtime=above | checksum=OK
[STRIDED_GEMM] N=8192 threads=2 rep=3 batches=1 time=2.796 s | package=250.300 J | dram=1.127457 | total=251.427 J | power=89.9 W | runtime=above | checksum=OK
[STRIDED_GEMM] N=8192 threads=2 rep=4 batches=1 time=2.795 s | package=249.735 J | dram=1.197806 | total=250.933 J | power=89.8 W | runtime=above | checksum=OK
[STRIDED_GEMM] N=8192 threads=2 rep=5 batches=1 time=2.794 s | package=249.791 J | dram=1.181588 | total=250.972 J | power=89.8 W | runtime=above | checksum=OK
[STRIDED_GEMM] N=8192 threads=2 rep=6 batches=1 time=2.790 s | package=249.111 J | dram=1.155961 | total=250.267 J | power=89.7 W | runtime=above | checksum=OK
[STRIDED_GEMM] N=8192 threads=2 rep=7 batches=1 time=2.790 s | package=249.108 J | dram=1.114957 | total=250.223 J | power=89.7 W | runtime=above | checksum=OK
[STRIDED_GEMM] N=8192 threads=2 rep=8 batches=1 time=2.789 s | package=248.533 J | dram=1.143889 | total=249.676 J | power=89.5 W | runtime=above | checksum=OK
[STRIDED_GEMM] N=8192 threads=2 rep=9 batches=1 time=2.790 s | package=249.087 J | dram=1.162571 | total=250.249 J | power=89.7 W | runtime=above | checksum=OK
[STRIDED_GEMM] N=8192 threads=2 rep=10 batches=1 time=2.790 s | package=249.066 J | dram=1.167818 | total=250.234 J | power=89.7 W | runtime=above | checksum=OK
[OpenBLAS] requested=16 active=16
[STRIDED_GEMM] N=128 threads=16 rep=1 batches=75770 time=0.994 s | package=113.366 J | dram=0.000000 | total=113.366 J | power=114.1 W | runtime=in_range | checksum=OK
[STRIDED_GEMM] N=128 threads=16 rep=2 batches=75770 time=0.990 s | package=113.255 J | dram=0.000000 | total=113.255 J | power=114.3 W | runtime=in_range | checksum=OK
[STRIDED_GEMM] N=128 threads=16 rep=3 batches=75770 time=1.025 s | package=116.171 J | dram=0.000000 | total=116.171 J | power=113.4 W | runtime=in_range | checksum=OK
[STRIDED_GEMM] N=128 threads=16 rep=4 batches=75770 time=1.058 s | package=118.885 J | dram=0.000000 | total=118.885 J | power=112.3 W | runtime=in_range | checksum=OK
[STRIDED_GEMM] N=128 threads=16 rep=5 batches=75770 time=1.041 s | package=117.582 J | dram=0.000000 | total=117.582 J | power=112.9 W | runtime=in_range | checksum=OK
[STRIDED_GEMM] N=128 threads=16 rep=6 batches=75770 time=0.991 s | package=114.554 J | dram=0.000031 | total=114.554 J | power=115.6 W | runtime=in_range | checksum=OK
[STRIDED_GEMM] N=128 threads=16 rep=7 batches=75770 time=1.017 s | package=115.925 J | dram=0.000000 | total=115.925 J | power=114.0 W | runtime=in_range | checksum=OK
[STRIDED_GEMM] N=128 threads=16 rep=8 batches=75770 time=1.034 s | package=117.048 J | dram=0.000000 | total=117.048 J | power=113.2 W | runtime=in_range | checksum=OK
[STRIDED_GEMM] N=128 threads=16 rep=9 batches=75770 time=1.024 s | package=116.355 J | dram=0.000000 | total=116.355 J | power=113.6 W | runtime=in_range | checksum=OK
[STRIDED_GEMM] N=128 threads=16 rep=10 batches=75770 time=0.982 s | package=112.844 J | dram=0.000000 | total=112.844 J | power=114.9 W | runtime=in_range | checksum=OK
[OpenBLAS] requested=10 active=10
[STRIDED_GEMM] N=128 threads=10 rep=1 batches=87377 time=1.025 s | package=120.335 J | dram=0.000000 | total=120.335 J | power=117.4 W | runtime=in_range | checksum=OK
[STRIDED_GEMM] N=128 threads=10 rep=2 batches=87377 time=1.031 s | package=120.839 J | dram=0.000000 | total=120.839 J | power=117.2 W | runtime=in_range | checksum=OK
[STRIDED_GEMM] N=128 threads=10 rep=3 batches=87377 time=1.016 s | package=119.437 J | dram=0.000000 | total=119.437 J | power=117.5 W | runtime=in_range | checksum=OK
[STRIDED_GEMM] N=128 threads=10 rep=4 batches=87377 time=1.033 s | package=120.519 J | dram=0.000000 | total=120.519 J | power=116.7 W | runtime=in_range | checksum=OK
[STRIDED_GEMM] N=128 threads=10 rep=5 batches=87377 time=1.045 s | package=121.711 J | dram=0.000000 | total=121.711 J | power=116.5 W | runtime=in_range | checksum=OK
[STRIDED_GEMM] N=128 threads=10 rep=6 batches=87377 time=1.024 s | package=120.018 J | dram=0.000000 | total=120.018 J | power=117.2 W | runtime=in_range | checksum=OK
[STRIDED_GEMM] N=128 threads=10 rep=7 batches=87377 time=1.017 s | package=119.554 J | dram=0.000000 | total=119.554 J | power=117.5 W | runtime=in_range | checksum=OK
[STRIDED_GEMM] N=128 threads=10 rep=8 batches=87377 time=1.026 s | package=120.668 J | dram=0.000000 | total=120.668 J | power=117.6 W | runtime=in_range | checksum=OK
[STRIDED_GEMM] N=128 threads=10 rep=9 batches=87377 time=1.032 s | package=121.176 J | dram=0.000000 | total=121.176 J | power=117.5 W | runtime=in_range | checksum=OK
[STRIDED_GEMM] N=128 threads=10 rep=10 batches=87377 time=1.078 s | package=124.553 J | dram=0.000000 | total=124.553 J | power=115.6 W | runtime=in_range | checksum=OK
[OpenBLAS] requested=8 active=8
[STRIDED_GEMM] N=64 threads=8 rep=1 batches=411954 time=1.000 s | package=63.053 J | dram=0.000000 | total=63.053 J | power=63.0 W | runtime=in_range | checksum=OK
[STRIDED_GEMM] N=64 threads=8 rep=2 batches=411954 time=1.000 s | package=62.984 J | dram=0.000000 | total=62.984 J | power=63.0 W | runtime=in_range | checksum=OK
[STRIDED_GEMM] N=64 threads=8 rep=3 batches=411954 time=0.999 s | package=62.672 J | dram=0.000000 | total=62.672 J | power=62.7 W | runtime=in_range | checksum=OK
[STRIDED_GEMM] N=64 threads=8 rep=4 batches=411954 time=0.998 s | package=62.551 J | dram=0.000000 | total=62.551 J | power=62.7 W | runtime=in_range | checksum=OK
[STRIDED_GEMM] N=64 threads=8 rep=5 batches=411954 time=0.998 s | package=62.615 J | dram=0.000000 | total=62.615 J | power=62.7 W | runtime=in_range | checksum=OK
[STRIDED_GEMM] N=64 threads=8 rep=6 batches=411954 time=0.998 s | package=62.280 J | dram=0.000000 | total=62.280 J | power=62.4 W | runtime=in_range | checksum=OK
[STRIDED_GEMM] N=64 threads=8 rep=7 batches=411954 time=1.027 s | package=62.617 J | dram=0.000000 | total=62.617 J | power=60.9 W | runtime=in_range | checksum=OK
[STRIDED_GEMM] N=64 threads=8 rep=8 batches=411954 time=1.047 s | package=63.179 J | dram=0.000000 | total=63.179 J | power=60.3 W | runtime=in_range | checksum=OK
[STRIDED_GEMM] N=64 threads=8 rep=9 batches=411954 time=1.045 s | package=62.780 J | dram=0.000000 | total=62.780 J | power=60.1 W | runtime=in_range | checksum=OK
[STRIDED_GEMM] N=64 threads=8 rep=10 batches=411954 time=0.986 s | package=56.299 J | dram=0.000000 | total=56.299 J | power=57.1 W | runtime=in_range | checksum=OK
[OpenBLAS] requested=1 active=1
[STRIDED_GEMM] N=512 threads=1 rep=1 batches=733 time=1.003 s | package=57.548 J | dram=0.000000 | total=57.548 J | power=57.4 W | runtime=in_range | checksum=OK
[STRIDED_GEMM] N=512 threads=1 rep=2 batches=733 time=1.001 s | package=58.219 J | dram=0.000000 | total=58.219 J | power=58.1 W | runtime=in_range | checksum=OK
[STRIDED_GEMM] N=512 threads=1 rep=3 batches=733 time=1.002 s | package=57.766 J | dram=0.000000 | total=57.766 J | power=57.7 W | runtime=in_range | checksum=OK
[STRIDED_GEMM] N=512 threads=1 rep=4 batches=733 time=1.001 s | package=56.956 J | dram=0.000000 | total=56.956 J | power=56.9 W | runtime=in_range | checksum=OK
[STRIDED_GEMM] N=512 threads=1 rep=5 batches=733 time=1.002 s | package=57.209 J | dram=0.000000 | total=57.209 J | power=57.1 W | runtime=in_range | checksum=OK
[STRIDED_GEMM] N=512 threads=1 rep=6 batches=733 time=1.001 s | package=57.636 J | dram=0.000000 | total=57.636 J | power=57.6 W | runtime=in_range | checksum=OK
[STRIDED_GEMM] N=512 threads=1 rep=7 batches=733 time=1.001 s | package=57.171 J | dram=0.000000 | total=57.171 J | power=57.1 W | runtime=in_range | checksum=OK
[STRIDED_GEMM] N=512 threads=1 rep=8 batches=733 time=1.001 s | package=57.025 J | dram=0.000000 | total=57.025 J | power=57.0 W | runtime=in_range | checksum=OK
[STRIDED_GEMM] N=512 threads=1 rep=9 batches=733 time=1.001 s | package=56.766 J | dram=0.000000 | total=56.766 J | power=56.7 W | runtime=in_range | checksum=OK
[STRIDED_GEMM] N=512 threads=1 rep=10 batches=733 time=1.001 s | package=57.189 J | dram=0.000000 | total=57.189 J | power=57.1 W | runtime=in_range | checksum=OK
[OpenBLAS] requested=8 active=8
[STRIDED_GEMM] N=4096 threads=8 rep=1 batches=10 time=1.109 s | package=178.365 J | dram=1.956900 | total=180.322 J | power=162.6 W | runtime=in_range | checksum=OK
[STRIDED_GEMM] N=4096 threads=8 rep=2 batches=10 time=1.111 s | package=178.862 J | dram=1.954820 | total=180.817 J | power=162.7 W | runtime=in_range | checksum=OK
[STRIDED_GEMM] N=4096 threads=8 rep=3 batches=10 time=1.112 s | package=179.052 J | dram=1.958278 | total=181.010 J | power=162.7 W | runtime=in_range | checksum=OK
[STRIDED_GEMM] N=4096 threads=8 rep=4 batches=10 time=1.112 s | package=179.379 J | dram=1.974327 | total=181.353 J | power=163.1 W | runtime=in_range | checksum=OK
[STRIDED_GEMM] N=4096 threads=8 rep=5 batches=10 time=1.113 s | package=179.126 J | dram=1.976791 | total=181.102 J | power=162.7 W | runtime=in_range | checksum=OK
[STRIDED_GEMM] N=4096 threads=8 rep=6 batches=10 time=1.115 s | package=179.266 J | dram=1.954468 | total=181.220 J | power=162.6 W | runtime=in_range | checksum=OK
[STRIDED_GEMM] N=4096 threads=8 rep=7 batches=10 time=1.115 s | package=179.303 J | dram=1.969247 | total=181.272 J | power=162.6 W | runtime=in_range | checksum=OK
[STRIDED_GEMM] N=4096 threads=8 rep=8 batches=10 time=1.115 s | package=179.271 J | dram=2.040118 | total=181.311 J | power=162.6 W | runtime=in_range | checksum=OK
[STRIDED_GEMM] N=4096 threads=8 rep=9 batches=10 time=1.115 s | package=179.343 J | dram=1.998792 | total=181.342 J | power=162.6 W | runtime=in_range | checksum=OK
[STRIDED_GEMM] N=4096 threads=8 rep=10 batches=10 time=1.109 s | package=178.718 J | dram=2.013220 | total=180.731 J | power=163.0 W | runtime=in_range | checksum=OK
[OpenBLAS] requested=4 active=4
[STRIDED_GEMM] N=256 threads=4 rep=1 batches=14969 time=0.984 s | package=92.403 J | dram=0.000000 | total=92.403 J | power=93.9 W | runtime=in_range | checksum=OK
[STRIDED_GEMM] N=256 threads=4 rep=2 batches=14969 time=0.968 s | package=91.413 J | dram=0.000000 | total=91.413 J | power=94.4 W | runtime=in_range | checksum=OK
[STRIDED_GEMM] N=256 threads=4 rep=3 batches=14969 time=0.968 s | package=91.663 J | dram=0.000000 | total=91.663 J | power=94.7 W | runtime=in_range | checksum=OK
[STRIDED_GEMM] N=256 threads=4 rep=4 batches=14969 time=0.973 s | package=93.251 J | dram=0.000000 | total=93.251 J | power=95.8 W | runtime=in_range | checksum=OK
[STRIDED_GEMM] N=256 threads=4 rep=5 batches=14969 time=0.958 s | package=103.395 J | dram=0.000000 | total=103.395 J | power=108.0 W | runtime=in_range | checksum=OK
[STRIDED_GEMM] N=256 threads=4 rep=6 batches=14969 time=0.980 s | package=104.587 J | dram=0.000000 | total=104.587 J | power=106.8 W | runtime=in_range | checksum=OK
[STRIDED_GEMM] N=256 threads=4 rep=7 batches=14969 time=0.971 s | package=104.309 J | dram=0.000000 | total=104.309 J | power=107.4 W | runtime=in_range | checksum=OK
[STRIDED_GEMM] N=256 threads=4 rep=8 batches=14969 time=0.966 s | package=104.149 J | dram=0.000000 | total=104.149 J | power=107.8 W | runtime=in_range | checksum=OK
[STRIDED_GEMM] N=256 threads=4 rep=9 batches=14969 time=0.976 s | package=104.787 J | dram=0.000000 | total=104.787 J | power=107.3 W | runtime=in_range | checksum=OK
[STRIDED_GEMM] N=256 threads=4 rep=10 batches=14969 time=0.980 s | package=104.590 J | dram=0.000000 | total=104.590 J | power=106.7 W | runtime=in_range | checksum=OK
[OpenBLAS] requested=1 active=1
[STRIDED_GEMM] N=64 threads=1 rep=1 batches=406511 time=1.001 s | package=56.666 J | dram=0.000000 | total=56.666 J | power=56.6 W | runtime=in_range | checksum=OK
[STRIDED_GEMM] N=64 threads=1 rep=2 batches=406511 time=1.004 s | package=56.276 J | dram=0.000000 | total=56.276 J | power=56.1 W | runtime=in_range | checksum=OK
[STRIDED_GEMM] N=64 threads=1 rep=3 batches=406511 time=1.004 s | package=56.132 J | dram=0.000000 | total=56.132 J | power=55.9 W | runtime=in_range | checksum=OK
[STRIDED_GEMM] N=64 threads=1 rep=4 batches=406511 time=1.003 s | package=57.532 J | dram=0.000000 | total=57.532 J | power=57.4 W | runtime=in_range | checksum=OK
[STRIDED_GEMM] N=64 threads=1 rep=5 batches=406511 time=1.003 s | package=57.531 J | dram=0.000000 | total=57.531 J | power=57.4 W | runtime=in_range | checksum=OK
[STRIDED_GEMM] N=64 threads=1 rep=6 batches=406511 time=1.004 s | package=57.838 J | dram=0.000000 | total=57.838 J | power=57.6 W | runtime=in_range | checksum=OK
[STRIDED_GEMM] N=64 threads=1 rep=7 batches=406511 time=1.005 s | package=57.783 J | dram=0.000000 | total=57.783 J | power=57.5 W | runtime=in_range | checksum=OK
[STRIDED_GEMM] N=64 threads=1 rep=8 batches=406511 time=0.983 s | package=56.879 J | dram=0.000000 | total=56.879 J | power=57.9 W | runtime=in_range | checksum=OK
[STRIDED_GEMM] N=64 threads=1 rep=9 batches=406511 time=0.999 s | package=58.526 J | dram=0.000000 | total=58.526 J | power=58.6 W | runtime=in_range | checksum=OK
[STRIDED_GEMM] N=64 threads=1 rep=10 batches=406511 time=1.030 s | package=60.963 J | dram=0.000000 | total=60.963 J | power=59.2 W | runtime=in_range | checksum=OK
[OpenBLAS] requested=20 active=20
[STRIDED_GEMM] N=8192 threads=20 rep=1 batches=1 time=1.207 s | package=198.766 J | dram=2.329425 | total=201.096 J | power=166.6 W | runtime=in_range | checksum=OK
[STRIDED_GEMM] N=8192 threads=20 rep=2 batches=1 time=1.208 s | package=199.276 J | dram=2.346683 | total=201.622 J | power=166.9 W | runtime=in_range | checksum=OK
[STRIDED_GEMM] N=8192 threads=20 rep=3 batches=1 time=1.215 s | package=200.345 J | dram=2.353874 | total=202.699 J | power=166.9 W | runtime=in_range | checksum=OK
[STRIDED_GEMM] N=8192 threads=20 rep=4 batches=1 time=1.208 s | package=199.344 J | dram=2.308847 | total=201.653 J | power=167.0 W | runtime=in_range | checksum=OK
[STRIDED_GEMM] N=8192 threads=20 rep=5 batches=1 time=1.209 s | package=199.925 J | dram=2.333617 | total=202.259 J | power=167.3 W | runtime=in_range | checksum=OK
[STRIDED_GEMM] N=8192 threads=20 rep=6 batches=1 time=1.210 s | package=199.993 J | dram=2.326426 | total=202.319 J | power=167.2 W | runtime=in_range | checksum=OK
[STRIDED_GEMM] N=8192 threads=20 rep=7 batches=1 time=1.207 s | package=199.766 J | dram=2.305098 | total=202.071 J | power=167.4 W | runtime=in_range | checksum=OK
[STRIDED_GEMM] N=8192 threads=20 rep=8 batches=1 time=1.208 s | package=199.882 J | dram=2.316849 | total=202.199 J | power=167.4 W | runtime=in_range | checksum=OK
[STRIDED_GEMM] N=8192 threads=20 rep=9 batches=1 time=1.208 s | package=200.180 J | dram=2.323595 | total=202.503 J | power=167.6 W | runtime=in_range | checksum=OK
[STRIDED_GEMM] N=8192 threads=20 rep=10 batches=1 time=1.210 s | package=200.460 J | dram=2.321086 | total=202.781 J | power=167.6 W | runtime=in_range | checksum=OK
[OpenBLAS] requested=20 active=20
[STRIDED_GEMM] N=2048 threads=20 rep=1 batches=37 time=1.019 s | package=156.919 J | dram=1.426832 | total=158.346 J | power=155.3 W | runtime=in_range | checksum=OK
[STRIDED_GEMM] N=2048 threads=20 rep=2 batches=37 time=1.019 s | package=156.800 J | dram=1.432386 | total=158.233 J | power=155.3 W | runtime=in_range | checksum=OK
[STRIDED_GEMM] N=2048 threads=20 rep=3 batches=37 time=1.020 s | package=157.066 J | dram=1.425256 | total=158.491 J | power=155.4 W | runtime=in_range | checksum=OK
[STRIDED_GEMM] N=2048 threads=20 rep=4 batches=37 time=1.020 s | package=157.095 J | dram=1.427857 | total=158.523 J | power=155.5 W | runtime=in_range | checksum=OK
[STRIDED_GEMM] N=2048 threads=20 rep=5 batches=37 time=1.020 s | package=157.090 J | dram=1.410247 | total=158.500 J | power=155.5 W | runtime=in_range | checksum=OK
[STRIDED_GEMM] N=2048 threads=20 rep=6 batches=37 time=1.020 s | package=157.084 J | dram=1.402444 | total=158.487 J | power=155.4 W | runtime=in_range | checksum=OK
[STRIDED_GEMM] N=2048 threads=20 rep=7 batches=37 time=1.020 s | package=157.212 J | dram=1.406361 | total=158.618 J | power=155.5 W | runtime=in_range | checksum=OK
[STRIDED_GEMM] N=2048 threads=20 rep=8 batches=37 time=1.020 s | package=157.107 J | dram=1.403729 | total=158.511 J | power=155.4 W | runtime=in_range | checksum=OK
[STRIDED_GEMM] N=2048 threads=20 rep=9 batches=37 time=1.019 s | package=157.196 J | dram=1.389362 | total=158.585 J | power=155.6 W | runtime=in_range | checksum=OK
[STRIDED_GEMM] N=2048 threads=20 rep=10 batches=37 time=1.020 s | package=157.374 J | dram=1.404357 | total=158.779 J | power=155.7 W | runtime=in_range | checksum=OK
[OpenBLAS] requested=1 active=1
[STRIDED_GEMM] N=8192 threads=1 rep=1 batches=1 time=5.509 s | package=362.557 J | dram=0.282973 | total=362.840 J | power=65.9 W | runtime=above | checksum=OK
[STRIDED_GEMM] N=8192 threads=1 rep=2 batches=1 time=5.484 s | package=358.722 J | dram=0.332851 | total=359.055 J | power=65.5 W | runtime=above | checksum=OK
[STRIDED_GEMM] N=8192 threads=1 rep=3 batches=1 time=5.467 s | package=355.684 J | dram=0.314369 | total=355.999 J | power=65.1 W | runtime=above | checksum=OK
[STRIDED_GEMM] N=8192 threads=1 rep=4 batches=1 time=5.456 s | package=353.403 J | dram=0.302190 | total=353.705 J | power=64.8 W | runtime=above | checksum=OK
[STRIDED_GEMM] N=8192 threads=1 rep=5 batches=1 time=5.435 s | package=349.748 J | dram=0.292827 | total=350.041 J | power=64.4 W | runtime=above | checksum=OK
[STRIDED_GEMM] N=8192 threads=1 rep=6 batches=1 time=5.432 s | package=347.956 J | dram=0.281642 | total=348.238 J | power=64.1 W | runtime=above | checksum=OK
[STRIDED_GEMM] N=8192 threads=1 rep=7 batches=1 time=5.417 s | package=345.452 J | dram=0.286569 | total=345.738 J | power=63.8 W | runtime=above | checksum=OK
[STRIDED_GEMM] N=8192 threads=1 rep=8 batches=1 time=5.397 s | package=340.326 J | dram=0.298503 | total=340.625 J | power=63.1 W | runtime=above | checksum=OK
[STRIDED_GEMM] N=8192 threads=1 rep=9 batches=1 time=5.384 s | package=337.571 J | dram=0.296330 | total=337.867 J | power=62.8 W | runtime=above | checksum=OK
[STRIDED_GEMM] N=8192 threads=1 rep=10 batches=1 time=5.372 s | package=335.106 J | dram=0.279944 | total=335.386 J | power=62.4 W | runtime=above | checksum=OK
[OpenBLAS] requested=1 active=1
[STRIDED_GEMM] N=2048 threads=1 rep=1 batches=12 time=1.031 s | package=63.035 J | dram=0.013081 | total=63.048 J | power=61.1 W | runtime=in_range | checksum=OK
[STRIDED_GEMM] N=2048 threads=1 rep=2 batches=12 time=1.029 s | package=62.518 J | dram=0.011338 | total=62.530 J | power=60.7 W | runtime=in_range | checksum=OK
[STRIDED_GEMM] N=2048 threads=1 rep=3 batches=12 time=1.029 s | package=62.447 J | dram=0.011490 | total=62.459 J | power=60.7 W | runtime=in_range | checksum=OK
[STRIDED_GEMM] N=2048 threads=1 rep=4 batches=12 time=1.029 s | package=62.445 J | dram=0.012194 | total=62.457 J | power=60.7 W | runtime=in_range | checksum=OK
[STRIDED_GEMM] N=2048 threads=1 rep=5 batches=12 time=1.028 s | package=62.102 J | dram=0.013801 | total=62.116 J | power=60.4 W | runtime=in_range | checksum=OK
[STRIDED_GEMM] N=2048 threads=1 rep=6 batches=12 time=1.027 s | package=62.070 J | dram=0.012285 | total=62.082 J | power=60.4 W | runtime=in_range | checksum=OK
[STRIDED_GEMM] N=2048 threads=1 rep=7 batches=12 time=1.028 s | package=61.906 J | dram=0.012776 | total=61.919 J | power=60.2 W | runtime=in_range | checksum=OK
[STRIDED_GEMM] N=2048 threads=1 rep=8 batches=12 time=1.026 s | package=61.909 J | dram=0.010037 | total=61.919 J | power=60.3 W | runtime=in_range | checksum=OK
[STRIDED_GEMM] N=2048 threads=1 rep=9 batches=12 time=1.025 s | package=61.538 J | dram=0.011582 | total=61.550 J | power=60.0 W | runtime=in_range | checksum=OK
[STRIDED_GEMM] N=2048 threads=1 rep=10 batches=12 time=1.025 s | package=61.626 J | dram=0.010374 | total=61.636 J | power=60.1 W | runtime=in_range | checksum=OK
[OpenBLAS] requested=20 active=20
[STRIDED_GEMM] N=512 threads=20 rep=1 batches=3257 time=1.012 s | package=168.915 J | dram=0.000000 | total=168.915 J | power=167.0 W | runtime=in_range | checksum=OK
[STRIDED_GEMM] N=512 threads=20 rep=2 batches=3257 time=1.005 s | package=168.706 J | dram=0.000000 | total=168.706 J | power=167.9 W | runtime=in_range | checksum=OK
[STRIDED_GEMM] N=512 threads=20 rep=3 batches=3257 time=1.010 s | package=169.558 J | dram=0.000000 | total=169.558 J | power=167.9 W | runtime=in_range | checksum=OK
[STRIDED_GEMM] N=512 threads=20 rep=4 batches=3257 time=1.002 s | package=168.805 J | dram=0.000000 | total=168.805 J | power=168.5 W | runtime=in_range | checksum=OK
[STRIDED_GEMM] N=512 threads=20 rep=5 batches=3257 time=1.011 s | package=169.847 J | dram=0.000000 | total=169.847 J | power=168.1 W | runtime=in_range | checksum=OK
[STRIDED_GEMM] N=512 threads=20 rep=6 batches=3257 time=1.003 s | package=169.256 J | dram=0.000000 | total=169.256 J | power=168.8 W | runtime=in_range | checksum=OK
[STRIDED_GEMM] N=512 threads=20 rep=7 batches=3257 time=1.008 s | package=169.987 J | dram=0.000000 | total=169.987 J | power=168.7 W | runtime=in_range | checksum=OK
[STRIDED_GEMM] N=512 threads=20 rep=8 batches=3257 time=1.012 s | package=170.579 J | dram=0.000000 | total=170.579 J | power=168.5 W | runtime=in_range | checksum=OK
[STRIDED_GEMM] N=512 threads=20 rep=9 batches=3257 time=1.006 s | package=170.321 J | dram=0.000000 | total=170.321 J | power=169.3 W | runtime=in_range | checksum=OK
[STRIDED_GEMM] N=512 threads=20 rep=10 batches=3257 time=1.000 s | package=169.516 J | dram=0.000000 | total=169.516 J | power=169.6 W | runtime=in_range | checksum=OK
[OpenBLAS] requested=20 active=20
[STRIDED_GEMM] N=64 threads=20 rep=1 batches=397126 time=0.999 s | package=58.451 J | dram=0.000000 | total=58.451 J | power=58.5 W | runtime=in_range | checksum=OK
[STRIDED_GEMM] N=64 threads=20 rep=2 batches=397126 time=0.998 s | package=58.231 J | dram=0.000000 | total=58.231 J | power=58.4 W | runtime=in_range | checksum=OK
[STRIDED_GEMM] N=64 threads=20 rep=3 batches=397126 time=0.996 s | package=57.986 J | dram=0.000000 | total=57.986 J | power=58.2 W | runtime=in_range | checksum=OK
[STRIDED_GEMM] N=64 threads=20 rep=4 batches=397126 time=0.995 s | package=57.730 J | dram=0.000000 | total=57.730 J | power=58.0 W | runtime=in_range | checksum=OK
[STRIDED_GEMM] N=64 threads=20 rep=5 batches=397126 time=0.994 s | package=57.623 J | dram=0.000000 | total=57.623 J | power=58.0 W | runtime=in_range | checksum=OK
[STRIDED_GEMM] N=64 threads=20 rep=6 batches=397126 time=0.994 s | package=57.747 J | dram=0.000000 | total=57.747 J | power=58.1 W | runtime=in_range | checksum=OK
[STRIDED_GEMM] N=64 threads=20 rep=7 batches=397126 time=0.993 s | package=57.625 J | dram=0.000000 | total=57.625 J | power=58.0 W | runtime=in_range | checksum=OK
[STRIDED_GEMM] N=64 threads=20 rep=8 batches=397126 time=0.992 s | package=56.882 J | dram=0.000000 | total=56.882 J | power=57.4 W | runtime=in_range | checksum=OK
[STRIDED_GEMM] N=64 threads=20 rep=9 batches=397126 time=0.993 s | package=57.346 J | dram=0.000000 | total=57.346 J | power=57.8 W | runtime=in_range | checksum=OK
[STRIDED_GEMM] N=64 threads=20 rep=10 batches=397126 time=0.990 s | package=56.713 J | dram=0.000000 | total=56.713 J | power=57.3 W | runtime=in_range | checksum=OK
[OpenBLAS] requested=10 active=10
[STRIDED_GEMM] N=8192 threads=10 rep=1 batches=2 time=1.797 s | package=294.857 J | dram=3.611580 | total=298.468 J | power=166.1 W | runtime=above | checksum=OK
[STRIDED_GEMM] N=8192 threads=10 rep=2 batches=2 time=1.797 s | package=295.191 J | dram=3.641231 | total=298.832 J | power=166.3 W | runtime=above | checksum=OK
[STRIDED_GEMM] N=8192 threads=10 rep=3 batches=2 time=1.798 s | package=295.824 J | dram=3.643680 | total=299.468 J | power=166.6 W | runtime=above | checksum=OK
[STRIDED_GEMM] N=8192 threads=10 rep=4 batches=2 time=1.796 s | package=296.124 J | dram=3.624463 | total=299.748 J | power=166.9 W | runtime=above | checksum=OK
[STRIDED_GEMM] N=8192 threads=10 rep=5 batches=2 time=1.797 s | package=296.559 J | dram=3.642792 | total=300.202 J | power=167.0 W | runtime=above | checksum=OK
[STRIDED_GEMM] N=8192 threads=10 rep=6 batches=2 time=1.796 s | package=296.458 J | dram=3.628334 | total=300.086 J | power=167.1 W | runtime=above | checksum=OK
[STRIDED_GEMM] N=8192 threads=10 rep=7 batches=2 time=1.796 s | package=296.824 J | dram=3.640436 | total=300.464 J | power=167.3 W | runtime=above | checksum=OK
[STRIDED_GEMM] N=8192 threads=10 rep=8 batches=2 time=1.798 s | package=297.042 J | dram=3.668619 | total=300.711 J | power=167.3 W | runtime=above | checksum=OK
[STRIDED_GEMM] N=8192 threads=10 rep=9 batches=2 time=1.799 s | package=297.959 J | dram=3.650794 | total=301.609 J | power=167.6 W | runtime=above | checksum=OK
[STRIDED_GEMM] N=8192 threads=10 rep=10 batches=2 time=1.800 s | package=298.439 J | dram=3.643878 | total=302.083 J | power=167.9 W | runtime=above | checksum=OK
[OpenBLAS] requested=10 active=10
[STRIDED_GEMM] N=512 threads=10 rep=1 batches=3359 time=1.019 s | package=156.277 J | dram=0.000000 | total=156.277 J | power=153.4 W | runtime=in_range | checksum=OK
[STRIDED_GEMM] N=512 threads=10 rep=2 batches=3359 time=1.015 s | package=155.640 J | dram=0.000000 | total=155.640 J | power=153.3 W | runtime=in_range | checksum=OK
[STRIDED_GEMM] N=512 threads=10 rep=3 batches=3359 time=1.019 s | package=156.047 J | dram=0.000000 | total=156.047 J | power=153.1 W | runtime=in_range | checksum=OK
[STRIDED_GEMM] N=512 threads=10 rep=4 batches=3359 time=1.020 s | package=155.940 J | dram=0.000000 | total=155.940 J | power=153.0 W | runtime=in_range | checksum=OK
[STRIDED_GEMM] N=512 threads=10 rep=5 batches=3359 time=1.033 s | package=157.838 J | dram=0.000000 | total=157.838 J | power=152.8 W | runtime=in_range | checksum=OK
[STRIDED_GEMM] N=512 threads=10 rep=6 batches=3359 time=1.017 s | package=156.168 J | dram=0.000000 | total=156.168 J | power=153.5 W | runtime=in_range | checksum=OK
[STRIDED_GEMM] N=512 threads=10 rep=7 batches=3359 time=1.013 s | package=155.901 J | dram=0.000000 | total=155.901 J | power=153.9 W | runtime=in_range | checksum=OK
[STRIDED_GEMM] N=512 threads=10 rep=8 batches=3359 time=1.019 s | package=156.356 J | dram=0.000000 | total=156.356 J | power=153.4 W | runtime=in_range | checksum=OK
[STRIDED_GEMM] N=512 threads=10 rep=9 batches=3359 time=1.021 s | package=157.022 J | dram=0.000000 | total=157.022 J | power=153.8 W | runtime=in_range | checksum=OK
[STRIDED_GEMM] N=512 threads=10 rep=10 batches=3359 time=1.014 s | package=155.991 J | dram=0.000000 | total=155.991 J | power=153.9 W | runtime=in_range | checksum=OK
[OpenBLAS] requested=16 active=16
[STRIDED_GEMM] N=2048 threads=16 rep=1 batches=65 time=1.008 s | package=170.692 J | dram=1.356391 | total=172.048 J | power=170.6 W | runtime=in_range | checksum=OK
[STRIDED_GEMM] N=2048 threads=16 rep=2 batches=65 time=1.009 s | package=171.084 J | dram=1.363751 | total=172.448 J | power=171.0 W | runtime=in_range | checksum=OK
[STRIDED_GEMM] N=2048 threads=16 rep=3 batches=65 time=1.009 s | package=171.070 J | dram=1.360124 | total=172.430 J | power=170.9 W | runtime=in_range | checksum=OK
[STRIDED_GEMM] N=2048 threads=16 rep=4 batches=65 time=1.008 s | package=171.158 J | dram=1.348664 | total=172.507 J | power=171.2 W | runtime=in_range | checksum=OK
[STRIDED_GEMM] N=2048 threads=16 rep=5 batches=65 time=1.008 s | package=171.141 J | dram=1.357967 | total=172.499 J | power=171.1 W | runtime=in_range | checksum=OK
[STRIDED_GEMM] N=2048 threads=16 rep=6 batches=65 time=1.008 s | package=170.942 J | dram=1.373206 | total=172.315 J | power=171.0 W | runtime=in_range | checksum=OK
[STRIDED_GEMM] N=2048 threads=16 rep=7 batches=65 time=1.008 s | package=170.553 J | dram=1.382830 | total=171.936 J | power=170.5 W | runtime=in_range | checksum=OK
[STRIDED_GEMM] N=2048 threads=16 rep=8 batches=65 time=1.009 s | package=170.773 J | dram=1.393355 | total=172.167 J | power=170.7 W | runtime=in_range | checksum=OK
[STRIDED_GEMM] N=2048 threads=16 rep=9 batches=65 time=1.008 s | package=170.556 J | dram=1.384084 | total=171.940 J | power=170.6 W | runtime=in_range | checksum=OK
[STRIDED_GEMM] N=2048 threads=16 rep=10 batches=65 time=1.009 s | package=170.706 J | dram=1.379172 | total=172.085 J | power=170.6 W | runtime=in_range | checksum=OK
[OpenBLAS] requested=2 active=2
[STRIDED_GEMM] N=128 threads=2 rep=1 batches=52498 time=1.066 s | package=78.635 J | dram=0.000000 | total=78.635 J | power=73.8 W | runtime=in_range | checksum=OK
[STRIDED_GEMM] N=128 threads=2 rep=2 batches=52498 time=1.083 s | package=79.769 J | dram=0.000000 | total=79.769 J | power=73.6 W | runtime=in_range | checksum=OK
[STRIDED_GEMM] N=128 threads=2 rep=3 batches=52498 time=1.079 s | package=79.491 J | dram=0.000000 | total=79.491 J | power=73.7 W | runtime=in_range | checksum=OK
[STRIDED_GEMM] N=128 threads=2 rep=4 batches=52498 time=1.089 s | package=79.985 J | dram=0.000000 | total=79.985 J | power=73.4 W | runtime=in_range | checksum=OK
[STRIDED_GEMM] N=128 threads=2 rep=5 batches=52498 time=1.074 s | package=79.036 J | dram=0.000000 | total=79.036 J | power=73.6 W | runtime=in_range | checksum=OK
[STRIDED_GEMM] N=128 threads=2 rep=6 batches=52498 time=1.073 s | package=79.011 J | dram=0.000000 | total=79.011 J | power=73.6 W | runtime=in_range | checksum=OK
[STRIDED_GEMM] N=128 threads=2 rep=7 batches=52498 time=1.057 s | package=77.267 J | dram=0.000000 | total=77.267 J | power=73.1 W | runtime=in_range | checksum=OK
[STRIDED_GEMM] N=128 threads=2 rep=8 batches=52498 time=1.087 s | package=79.835 J | dram=0.000000 | total=79.835 J | power=73.4 W | runtime=in_range | checksum=OK
[STRIDED_GEMM] N=128 threads=2 rep=9 batches=52498 time=1.082 s | package=79.552 J | dram=0.000000 | total=79.552 J | power=73.5 W | runtime=in_range | checksum=OK
[STRIDED_GEMM] N=128 threads=2 rep=10 batches=52498 time=1.072 s | package=78.755 J | dram=0.000000 | total=78.755 J | power=73.5 W | runtime=in_range | checksum=OK
[OpenBLAS] requested=10 active=10
[STRIDED_GEMM] N=64 threads=10 rep=1 batches=380977 time=1.000 s | package=62.042 J | dram=0.000000 | total=62.042 J | power=62.0 W | runtime=in_range | checksum=OK
[STRIDED_GEMM] N=64 threads=10 rep=2 batches=380977 time=0.999 s | package=61.881 J | dram=0.000000 | total=61.881 J | power=61.9 W | runtime=in_range | checksum=OK
[STRIDED_GEMM] N=64 threads=10 rep=3 batches=380977 time=0.999 s | package=61.670 J | dram=0.000000 | total=61.670 J | power=61.7 W | runtime=in_range | checksum=OK
[STRIDED_GEMM] N=64 threads=10 rep=4 batches=380977 time=0.998 s | package=61.652 J | dram=0.000000 | total=61.652 J | power=61.8 W | runtime=in_range | checksum=OK
[STRIDED_GEMM] N=64 threads=10 rep=5 batches=380977 time=0.997 s | package=61.369 J | dram=0.000000 | total=61.369 J | power=61.6 W | runtime=in_range | checksum=OK
[STRIDED_GEMM] N=64 threads=10 rep=6 batches=380977 time=0.996 s | package=61.286 J | dram=0.000000 | total=61.286 J | power=61.5 W | runtime=in_range | checksum=OK
[STRIDED_GEMM] N=64 threads=10 rep=7 batches=380977 time=0.995 s | package=61.124 J | dram=0.000000 | total=61.124 J | power=61.5 W | runtime=in_range | checksum=OK
[STRIDED_GEMM] N=64 threads=10 rep=8 batches=380977 time=0.995 s | package=61.095 J | dram=0.000000 | total=61.095 J | power=61.4 W | runtime=in_range | checksum=OK
[STRIDED_GEMM] N=64 threads=10 rep=9 batches=380977 time=0.994 s | package=60.962 J | dram=0.000000 | total=60.962 J | power=61.3 W | runtime=in_range | checksum=OK
[STRIDED_GEMM] N=64 threads=10 rep=10 batches=380977 time=0.993 s | package=60.810 J | dram=0.000000 | total=60.810 J | power=61.2 W | runtime=in_range | checksum=OK
[OpenBLAS] requested=1 active=1
[STRIDED_GEMM] N=4096 threads=1 rep=1 batches=2 time=1.359 s | package=88.473 J | dram=0.029988 | total=88.503 J | power=65.1 W | runtime=above | checksum=OK
[STRIDED_GEMM] N=4096 threads=1 rep=2 batches=2 time=1.359 s | package=88.499 J | dram=0.034747 | total=88.533 J | power=65.1 W | runtime=above | checksum=OK
[STRIDED_GEMM] N=4096 threads=1 rep=3 batches=2 time=1.358 s | package=87.954 J | dram=0.036307 | total=87.990 J | power=64.8 W | runtime=above | checksum=OK
[STRIDED_GEMM] N=4096 threads=1 rep=4 batches=2 time=1.357 s | package=87.795 J | dram=0.034425 | total=87.830 J | power=64.7 W | runtime=above | checksum=OK
[STRIDED_GEMM] N=4096 threads=1 rep=5 batches=2 time=1.356 s | package=87.858 J | dram=0.039336 | total=87.897 J | power=64.8 W | runtime=above | checksum=OK
[STRIDED_GEMM] N=4096 threads=1 rep=6 batches=2 time=1.354 s | package=87.692 J | dram=0.032880 | total=87.725 J | power=64.8 W | runtime=above | checksum=OK
[STRIDED_GEMM] N=4096 threads=1 rep=7 batches=2 time=1.355 s | package=87.356 J | dram=0.040575 | total=87.396 J | power=64.5 W | runtime=above | checksum=OK
[STRIDED_GEMM] N=4096 threads=1 rep=8 batches=2 time=1.354 s | package=87.081 J | dram=0.039337 | total=87.120 J | power=64.4 W | runtime=above | checksum=OK
[STRIDED_GEMM] N=4096 threads=1 rep=9 batches=2 time=1.351 s | package=86.978 J | dram=0.035633 | total=87.014 J | power=64.4 W | runtime=above | checksum=OK
[STRIDED_GEMM] N=4096 threads=1 rep=10 batches=2 time=1.351 s | package=86.507 J | dram=0.038541 | total=86.546 J | power=64.0 W | runtime=above | checksum=OK
[OpenBLAS] requested=20 active=20
[STRIDED_GEMM] N=1024 threads=20 rep=1 batches=494 time=1.000 s | package=172.950 J | dram=0.706600 | total=173.657 J | power=173.6 W | runtime=in_range | checksum=OK
[STRIDED_GEMM] N=1024 threads=20 rep=2 batches=494 time=1.002 s | package=173.898 J | dram=0.691682 | total=174.589 J | power=174.2 W | runtime=in_range | checksum=OK
[STRIDED_GEMM] N=1024 threads=20 rep=3 batches=494 time=1.000 s | package=173.755 J | dram=0.703907 | total=174.459 J | power=174.5 W | runtime=in_range | checksum=OK
[STRIDED_GEMM] N=1024 threads=20 rep=4 batches=494 time=1.000 s | package=173.909 J | dram=0.696043 | total=174.605 J | power=174.5 W | runtime=in_range | checksum=OK
[STRIDED_GEMM] N=1024 threads=20 rep=5 batches=494 time=1.000 s | package=174.139 J | dram=0.711741 | total=174.850 J | power=174.8 W | runtime=in_range | checksum=OK
[STRIDED_GEMM] N=1024 threads=20 rep=6 batches=494 time=1.002 s | package=174.484 J | dram=0.738378 | total=175.222 J | power=174.8 W | runtime=in_range | checksum=OK
[STRIDED_GEMM] N=1024 threads=20 rep=7 batches=494 time=1.001 s | package=174.503 J | dram=0.733635 | total=175.236 J | power=175.0 W | runtime=in_range | checksum=OK
[STRIDED_GEMM] N=1024 threads=20 rep=8 batches=494 time=1.000 s | package=174.539 J | dram=0.734921 | total=175.274 J | power=175.2 W | runtime=in_range | checksum=OK
[STRIDED_GEMM] N=1024 threads=20 rep=9 batches=494 time=1.000 s | package=174.598 J | dram=0.721395 | total=175.320 J | power=175.3 W | runtime=in_range | checksum=OK
[STRIDED_GEMM] N=1024 threads=20 rep=10 batches=494 time=1.001 s | package=174.968 J | dram=0.711740 | total=175.680 J | power=175.6 W | runtime=in_range | checksum=OK
[OpenBLAS] requested=20 active=20
[STRIDED_GEMM] N=256 threads=20 rep=1 batches=17487 time=0.984 s | package=155.782 J | dram=0.000000 | total=155.782 J | power=158.3 W | runtime=in_range | checksum=OK
[STRIDED_GEMM] N=256 threads=20 rep=2 batches=17487 time=0.979 s | package=155.496 J | dram=0.000000 | total=155.496 J | power=158.8 W | runtime=in_range | checksum=OK
[STRIDED_GEMM] N=256 threads=20 rep=3 batches=17487 time=0.992 s | package=157.201 J | dram=0.000000 | total=157.201 J | power=158.4 W | runtime=in_range | checksum=OK
[STRIDED_GEMM] N=256 threads=20 rep=4 batches=17487 time=0.982 s | package=156.292 J | dram=0.000000 | total=156.292 J | power=159.1 W | runtime=in_range | checksum=OK
[STRIDED_GEMM] N=256 threads=20 rep=5 batches=17487 time=0.988 s | package=156.891 J | dram=0.000000 | total=156.891 J | power=158.8 W | runtime=in_range | checksum=OK
[STRIDED_GEMM] N=256 threads=20 rep=6 batches=17487 time=0.977 s | package=155.748 J | dram=0.000000 | total=155.748 J | power=159.5 W | runtime=in_range | checksum=OK
[STRIDED_GEMM] N=256 threads=20 rep=7 batches=17487 time=0.984 s | package=156.846 J | dram=0.000000 | total=156.846 J | power=159.4 W | runtime=in_range | checksum=OK
[STRIDED_GEMM] N=256 threads=20 rep=8 batches=17487 time=0.983 s | package=156.510 J | dram=0.000000 | total=156.510 J | power=159.3 W | runtime=in_range | checksum=OK
[STRIDED_GEMM] N=256 threads=20 rep=9 batches=17487 time=0.970 s | package=155.301 J | dram=0.000000 | total=155.301 J | power=160.1 W | runtime=in_range | checksum=OK
[STRIDED_GEMM] N=256 threads=20 rep=10 batches=17487 time=0.982 s | package=156.689 J | dram=0.000000 | total=156.689 J | power=159.6 W | runtime=in_range | checksum=OK
[OpenBLAS] requested=4 active=4
[STRIDED_GEMM] N=2048 threads=4 rep=1 batches=42 time=1.021 s | package=121.361 J | dram=0.534582 | total=121.896 J | power=119.4 W | runtime=in_range | checksum=OK
[STRIDED_GEMM] N=2048 threads=4 rep=2 batches=42 time=1.022 s | package=122.115 J | dram=0.528034 | total=122.643 J | power=120.0 W | runtime=in_range | checksum=OK
[STRIDED_GEMM] N=2048 threads=4 rep=3 batches=42 time=1.022 s | package=122.262 J | dram=0.529655 | total=122.792 J | power=120.1 W | runtime=in_range | checksum=OK
[STRIDED_GEMM] N=2048 threads=4 rep=4 batches=42 time=1.022 s | package=121.909 J | dram=0.525509 | total=122.435 J | power=119.8 W | runtime=in_range | checksum=OK
[STRIDED_GEMM] N=2048 threads=4 rep=5 batches=42 time=1.022 s | package=121.719 J | dram=0.537352 | total=122.256 J | power=119.6 W | runtime=in_range | checksum=OK
[STRIDED_GEMM] N=2048 threads=4 rep=6 batches=42 time=1.021 s | package=121.916 J | dram=0.542691 | total=122.458 J | power=120.0 W | runtime=in_range | checksum=OK
[STRIDED_GEMM] N=2048 threads=4 rep=7 batches=42 time=1.022 s | package=121.668 J | dram=0.545965 | total=122.214 J | power=119.6 W | runtime=in_range | checksum=OK
[STRIDED_GEMM] N=2048 threads=4 rep=8 batches=42 time=1.021 s | package=121.862 J | dram=0.551014 | total=122.413 J | power=119.9 W | runtime=in_range | checksum=OK
[STRIDED_GEMM] N=2048 threads=4 rep=9 batches=42 time=1.020 s | package=121.872 J | dram=0.555053 | total=122.427 J | power=120.0 W | runtime=in_range | checksum=OK
[STRIDED_GEMM] N=2048 threads=4 rep=10 batches=42 time=1.023 s | package=122.084 J | dram=0.538209 | total=122.623 J | power=119.9 W | runtime=in_range | checksum=OK
[OpenBLAS] requested=8 active=8
[STRIDED_GEMM] N=512 threads=8 rep=1 batches=3946 time=1.004 s | package=156.825 J | dram=0.000000 | total=156.825 J | power=156.2 W | runtime=in_range | checksum=OK
[STRIDED_GEMM] N=512 threads=8 rep=2 batches=3946 time=1.005 s | package=156.873 J | dram=0.000000 | total=156.873 J | power=156.1 W | runtime=in_range | checksum=OK
[STRIDED_GEMM] N=512 threads=8 rep=3 batches=3946 time=1.007 s | package=157.047 J | dram=0.000000 | total=157.047 J | power=156.0 W | runtime=in_range | checksum=OK
[STRIDED_GEMM] N=512 threads=8 rep=4 batches=3946 time=1.009 s | package=157.085 J | dram=0.000000 | total=157.085 J | power=155.7 W | runtime=in_range | checksum=OK
[STRIDED_GEMM] N=512 threads=8 rep=5 batches=3946 time=1.010 s | package=157.422 J | dram=0.000000 | total=157.422 J | power=155.9 W | runtime=in_range | checksum=OK
[STRIDED_GEMM] N=512 threads=8 rep=6 batches=3946 time=1.010 s | package=157.414 J | dram=0.000000 | total=157.414 J | power=155.8 W | runtime=in_range | checksum=OK
[STRIDED_GEMM] N=512 threads=8 rep=7 batches=3946 time=1.013 s | package=157.407 J | dram=0.000000 | total=157.407 J | power=155.3 W | runtime=in_range | checksum=OK
[STRIDED_GEMM] N=512 threads=8 rep=8 batches=3946 time=1.013 s | package=157.655 J | dram=0.000000 | total=157.655 J | power=155.6 W | runtime=in_range | checksum=OK
[STRIDED_GEMM] N=512 threads=8 rep=9 batches=3946 time=1.012 s | package=157.683 J | dram=0.000000 | total=157.683 J | power=155.8 W | runtime=in_range | checksum=OK
[STRIDED_GEMM] N=512 threads=8 rep=10 batches=3946 time=1.014 s | package=157.577 J | dram=0.000000 | total=157.577 J | power=155.3 W | runtime=in_range | checksum=OK
[OpenBLAS] requested=2 active=2
[STRIDED_GEMM] N=16384 threads=2 rep=1 batches=1 time=22.533 s | package=1909.937 J | dram=10.757660 | total=1920.694 J | power=85.2 W | runtime=above | checksum=OK
[STRIDED_GEMM] N=16384 threads=2 rep=2 batches=1 time=22.498 s | package=1912.466 J | dram=10.877856 | total=1923.344 J | power=85.5 W | runtime=above | checksum=OK
[STRIDED_GEMM] N=16384 threads=2 rep=3 batches=1 time=22.402 s | package=1886.840 J | dram=10.936639 | total=1897.777 J | power=84.7 W | runtime=above | checksum=OK
[STRIDED_GEMM] N=16384 threads=2 rep=4 batches=1 time=22.384 s | package=1900.576 J | dram=10.960843 | total=1911.536 J | power=85.4 W | runtime=above | checksum=OK
[STRIDED_GEMM] N=16384 threads=2 rep=5 batches=1 time=22.329 s | package=1837.244 J | dram=10.684541 | total=1847.929 J | power=82.8 W | runtime=above | checksum=OK
[STRIDED_GEMM] N=16384 threads=2 rep=6 batches=1 time=22.327 s | package=1895.166 J | dram=10.970284 | total=1906.136 J | power=85.4 W | runtime=above | checksum=OK
[STRIDED_GEMM] N=16384 threads=2 rep=7 batches=1 time=22.235 s | package=1830.616 J | dram=11.031544 | total=1841.648 J | power=82.8 W | runtime=above | checksum=OK
[STRIDED_GEMM] N=16384 threads=2 rep=8 batches=1 time=22.081 s | package=1849.495 J | dram=11.068464 | total=1860.564 J | power=84.3 W | runtime=above | checksum=OK
[STRIDED_GEMM] N=16384 threads=2 rep=9 batches=1 time=22.124 s | package=1841.839 J | dram=10.819716 | total=1852.659 J | power=83.7 W | runtime=above | checksum=OK
[STRIDED_GEMM] N=16384 threads=2 rep=10 batches=1 time=22.179 s | package=1826.315 J | dram=11.217379 | total=1837.533 J | power=82.9 W | runtime=above | checksum=OK
[OpenBLAS] requested=2 active=2
[STRIDED_GEMM] N=1024 threads=2 rep=1 batches=185 time=1.022 s | package=80.079 J | dram=0.000169 | total=80.079 J | power=78.4 W | runtime=in_range | checksum=OK
[STRIDED_GEMM] N=1024 threads=2 rep=2 batches=185 time=1.022 s | package=79.991 J | dram=0.000321 | total=79.991 J | power=78.3 W | runtime=in_range | checksum=OK
[STRIDED_GEMM] N=1024 threads=2 rep=3 batches=185 time=1.022 s | package=80.056 J | dram=0.000275 | total=80.056 J | power=78.3 W | runtime=in_range | checksum=OK
[STRIDED_GEMM] N=1024 threads=2 rep=4 batches=185 time=1.023 s | package=80.172 J | dram=0.000429 | total=80.173 J | power=78.3 W | runtime=in_range | checksum=OK
[STRIDED_GEMM] N=1024 threads=2 rep=5 batches=185 time=1.022 s | package=79.915 J | dram=0.000229 | total=79.915 J | power=78.2 W | runtime=in_range | checksum=OK
[STRIDED_GEMM] N=1024 threads=2 rep=6 batches=185 time=1.021 s | package=79.913 J | dram=0.000123 | total=79.913 J | power=78.2 W | runtime=in_range | checksum=OK
[STRIDED_GEMM] N=1024 threads=2 rep=7 batches=185 time=1.023 s | package=80.034 J | dram=0.000260 | total=80.034 J | power=78.3 W | runtime=in_range | checksum=OK
[STRIDED_GEMM] N=1024 threads=2 rep=8 batches=185 time=1.023 s | package=80.021 J | dram=0.000352 | total=80.022 J | power=78.2 W | runtime=in_range | checksum=OK
[STRIDED_GEMM] N=1024 threads=2 rep=9 batches=185 time=1.023 s | package=80.214 J | dram=0.000168 | total=80.214 J | power=78.4 W | runtime=in_range | checksum=OK
[STRIDED_GEMM] N=1024 threads=2 rep=10 batches=185 time=1.022 s | package=79.945 J | dram=0.000321 | total=79.946 J | power=78.2 W | runtime=in_range | checksum=OK
[OpenBLAS] requested=8 active=8
[STRIDED_GEMM] N=16384 threads=8 rep=1 batches=1 time=7.399 s | package=1182.464 J | dram=15.041904 | total=1197.506 J | power=161.8 W | runtime=above | checksum=OK
[STRIDED_GEMM] N=16384 threads=8 rep=2 batches=1 time=7.397 s | package=1188.048 J | dram=15.148653 | total=1203.196 J | power=162.7 W | runtime=above | checksum=OK
[STRIDED_GEMM] N=16384 threads=8 rep=3 batches=1 time=7.395 s | package=1190.945 J | dram=15.284807 | total=1206.230 J | power=163.1 W | runtime=above | checksum=OK
[STRIDED_GEMM] N=16384 threads=8 rep=4 batches=1 time=7.451 s | package=1193.388 J | dram=15.305355 | total=1208.693 J | power=162.2 W | runtime=above | checksum=OK
[STRIDED_GEMM] N=16384 threads=8 rep=5 batches=1 time=7.474 s | package=1185.495 J | dram=15.319431 | total=1200.815 J | power=160.7 W | runtime=above | checksum=OK
[STRIDED_GEMM] N=16384 threads=8 rep=6 batches=1 time=7.414 s | package=1201.527 J | dram=15.439246 | total=1216.967 J | power=164.1 W | runtime=above | checksum=OK
[STRIDED_GEMM] N=16384 threads=8 rep=7 batches=1 time=7.463 s | package=1204.867 J | dram=15.414704 | total=1220.282 J | power=163.5 W | runtime=above | checksum=OK
[STRIDED_GEMM] N=16384 threads=8 rep=8 batches=1 time=7.479 s | package=1197.233 J | dram=15.294614 | total=1212.528 J | power=162.1 W | runtime=above | checksum=OK
[STRIDED_GEMM] N=16384 threads=8 rep=9 batches=1 time=7.528 s | package=1176.750 J | dram=15.373073 | total=1192.124 J | power=158.4 W | runtime=above | checksum=OK
[STRIDED_GEMM] N=16384 threads=8 rep=10 batches=1 time=7.453 s | package=1207.629 J | dram=15.253641 | total=1222.883 J | power=164.1 W | runtime=above | checksum=OK
[OpenBLAS] requested=1 active=1
[STRIDED_GEMM] N=1024 threads=1 rep=1 batches=86 time=1.001 s | package=68.691 J | dram=0.000031 | total=68.691 J | power=68.6 W | runtime=in_range | checksum=OK
[STRIDED_GEMM] N=1024 threads=1 rep=2 batches=86 time=1.001 s | package=68.413 J | dram=0.000291 | total=68.413 J | power=68.4 W | runtime=in_range | checksum=OK
[STRIDED_GEMM] N=1024 threads=1 rep=3 batches=86 time=0.998 s | package=67.656 J | dram=0.000030 | total=67.656 J | power=67.8 W | runtime=in_range | checksum=OK
[STRIDED_GEMM] N=1024 threads=1 rep=4 batches=86 time=0.997 s | package=67.432 J | dram=0.000168 | total=67.432 J | power=67.6 W | runtime=in_range | checksum=OK
[STRIDED_GEMM] N=1024 threads=1 rep=5 batches=86 time=0.996 s | package=67.522 J | dram=0.000046 | total=67.522 J | power=67.8 W | runtime=in_range | checksum=OK
[STRIDED_GEMM] N=1024 threads=1 rep=6 batches=86 time=0.996 s | package=67.471 J | dram=0.000260 | total=67.471 J | power=67.7 W | runtime=in_range | checksum=OK
[STRIDED_GEMM] N=1024 threads=1 rep=7 batches=86 time=0.995 s | package=67.335 J | dram=0.000092 | total=67.335 J | power=67.6 W | runtime=in_range | checksum=OK
[STRIDED_GEMM] N=1024 threads=1 rep=8 batches=86 time=0.994 s | package=67.031 J | dram=0.000169 | total=67.031 J | power=67.4 W | runtime=in_range | checksum=OK
[STRIDED_GEMM] N=1024 threads=1 rep=9 batches=86 time=0.991 s | package=66.819 J | dram=0.000168 | total=66.819 J | power=67.4 W | runtime=in_range | checksum=OK
[STRIDED_GEMM] N=1024 threads=1 rep=10 batches=86 time=0.990 s | package=66.305 J | dram=0.000015 | total=66.305 J | power=66.9 W | runtime=in_range | checksum=OK
[OpenBLAS] requested=2 active=2
[STRIDED_GEMM] N=256 threads=2 rep=1 batches=8954 time=1.005 s | package=77.399 J | dram=0.000000 | total=77.399 J | power=77.0 W | runtime=in_range | checksum=OK
[STRIDED_GEMM] N=256 threads=2 rep=2 batches=8954 time=1.004 s | package=77.266 J | dram=0.000046 | total=77.266 J | power=77.0 W | runtime=in_range | checksum=OK
[STRIDED_GEMM] N=256 threads=2 rep=3 batches=8954 time=1.011 s | package=77.614 J | dram=0.000000 | total=77.614 J | power=76.8 W | runtime=in_range | checksum=OK
[STRIDED_GEMM] N=256 threads=2 rep=4 batches=8954 time=1.005 s | package=77.111 J | dram=0.000000 | total=77.111 J | power=76.8 W | runtime=in_range | checksum=OK
[STRIDED_GEMM] N=256 threads=2 rep=5 batches=8954 time=1.004 s | package=77.105 J | dram=0.000000 | total=77.105 J | power=76.8 W | runtime=in_range | checksum=OK
[STRIDED_GEMM] N=256 threads=2 rep=6 batches=8954 time=1.004 s | package=77.250 J | dram=0.000000 | total=77.250 J | power=76.9 W | runtime=in_range | checksum=OK
[STRIDED_GEMM] N=256 threads=2 rep=7 batches=8954 time=1.047 s | package=78.807 J | dram=0.000000 | total=78.807 J | power=75.3 W | runtime=in_range | checksum=OK
[STRIDED_GEMM] N=256 threads=2 rep=8 batches=8954 time=1.044 s | package=78.744 J | dram=0.000000 | total=78.744 J | power=75.4 W | runtime=in_range | checksum=OK
[STRIDED_GEMM] N=256 threads=2 rep=9 batches=8954 time=1.057 s | package=79.392 J | dram=0.000000 | total=79.392 J | power=75.1 W | runtime=in_range | checksum=OK
[STRIDED_GEMM] N=256 threads=2 rep=10 batches=8954 time=1.004 s | package=76.858 J | dram=0.000000 | total=76.858 J | power=76.6 W | runtime=in_range | checksum=OK
[OpenBLAS] requested=2 active=2
[STRIDED_GEMM] N=512 threads=2 rep=1 batches=1248 time=1.000 s | package=79.485 J | dram=0.000000 | total=79.485 J | power=79.5 W | runtime=in_range | checksum=OK
[STRIDED_GEMM] N=512 threads=2 rep=2 batches=1248 time=1.004 s | package=80.695 J | dram=0.000000 | total=80.695 J | power=80.4 W | runtime=in_range | checksum=OK
[STRIDED_GEMM] N=512 threads=2 rep=3 batches=1248 time=0.996 s | package=77.940 J | dram=0.000000 | total=77.940 J | power=78.2 W | runtime=in_range | checksum=OK
[STRIDED_GEMM] N=512 threads=2 rep=4 batches=1248 time=1.006 s | package=81.384 J | dram=0.000000 | total=81.384 J | power=80.9 W | runtime=in_range | checksum=OK
[STRIDED_GEMM] N=512 threads=2 rep=5 batches=1248 time=0.998 s | package=79.034 J | dram=0.000000 | total=79.034 J | power=79.2 W | runtime=in_range | checksum=OK
[STRIDED_GEMM] N=512 threads=2 rep=6 batches=1248 time=1.006 s | package=81.648 J | dram=0.000000 | total=81.648 J | power=81.1 W | runtime=in_range | checksum=OK
[STRIDED_GEMM] N=512 threads=2 rep=7 batches=1248 time=1.008 s | package=82.019 J | dram=0.000000 | total=82.019 J | power=81.3 W | runtime=in_range | checksum=OK
[STRIDED_GEMM] N=512 threads=2 rep=8 batches=1248 time=0.999 s | package=79.293 J | dram=0.000000 | total=79.293 J | power=79.4 W | runtime=in_range | checksum=OK
[STRIDED_GEMM] N=512 threads=2 rep=9 batches=1248 time=1.006 s | package=81.958 J | dram=0.000000 | total=81.958 J | power=81.5 W | runtime=in_range | checksum=OK
[STRIDED_GEMM] N=512 threads=2 rep=10 batches=1248 time=0.996 s | package=78.957 J | dram=0.000000 | total=78.957 J | power=79.3 W | runtime=in_range | checksum=OK
[OpenBLAS] requested=20 active=20
[STRIDED_GEMM] N=4096 threads=20 rep=1 batches=6 time=1.056 s | package=172.298 J | dram=1.833522 | total=174.131 J | power=164.9 W | runtime=in_range | checksum=OK
[STRIDED_GEMM] N=4096 threads=20 rep=2 batches=6 time=1.057 s | package=172.675 J | dram=1.819919 | total=174.495 J | power=165.0 W | runtime=in_range | checksum=OK
[STRIDED_GEMM] N=4096 threads=20 rep=3 batches=6 time=1.125 s | package=176.853 J | dram=1.787912 | total=178.640 J | power=158.8 W | runtime=in_range | checksum=OK
[STRIDED_GEMM] N=4096 threads=20 rep=4 batches=6 time=1.124 s | package=170.646 J | dram=1.798576 | total=172.445 J | power=153.5 W | runtime=in_range | checksum=OK
[STRIDED_GEMM] N=4096 threads=20 rep=5 batches=6 time=1.124 s | package=176.922 J | dram=1.786336 | total=178.708 J | power=158.9 W | runtime=in_range | checksum=OK
[STRIDED_GEMM] N=4096 threads=20 rep=6 batches=6 time=1.051 s | package=172.222 J | dram=1.825153 | total=174.047 J | power=165.6 W | runtime=in_range | checksum=OK
[STRIDED_GEMM] N=4096 threads=20 rep=7 batches=6 time=1.055 s | package=172.906 J | dram=1.864749 | total=174.771 J | power=165.7 W | runtime=in_range | checksum=OK
[STRIDED_GEMM] N=4096 threads=20 rep=8 batches=6 time=1.057 s | package=173.299 J | dram=1.872903 | total=175.171 J | power=165.7 W | runtime=in_range | checksum=OK
[STRIDED_GEMM] N=4096 threads=20 rep=9 batches=6 time=1.055 s | package=172.911 J | dram=1.886995 | total=174.798 J | power=165.7 W | runtime=in_range | checksum=OK
[STRIDED_GEMM] N=4096 threads=20 rep=10 batches=6 time=1.054 s | package=172.855 J | dram=1.875535 | total=174.731 J | power=165.8 W | runtime=in_range | checksum=OK
[OpenBLAS] requested=10 active=10
[STRIDED_GEMM] N=4096 threads=10 rep=1 batches=10 time=1.040 s | package=178.925 J | dram=2.131840 | total=181.057 J | power=174.2 W | runtime=in_range | checksum=OK
[STRIDED_GEMM] N=4096 threads=10 rep=2 batches=10 time=1.040 s | package=178.741 J | dram=2.153950 | total=180.895 J | power=173.9 W | runtime=in_range | checksum=OK
[STRIDED_GEMM] N=4096 threads=10 rep=3 batches=10 time=1.040 s | package=178.816 J | dram=2.159044 | total=180.975 J | power=174.0 W | runtime=in_range | checksum=OK
[STRIDED_GEMM] N=4096 threads=10 rep=4 batches=10 time=1.039 s | package=178.522 J | dram=2.118393 | total=180.640 J | power=173.9 W | runtime=in_range | checksum=OK
[STRIDED_GEMM] N=4096 threads=10 rep=5 batches=10 time=1.040 s | package=178.441 J | dram=2.122386 | total=180.564 J | power=173.7 W | runtime=in_range | checksum=OK
[STRIDED_GEMM] N=4096 threads=10 rep=6 batches=10 time=1.040 s | package=178.559 J | dram=2.135605 | total=180.694 J | power=173.8 W | runtime=in_range | checksum=OK
[STRIDED_GEMM] N=4096 threads=10 rep=7 batches=10 time=1.041 s | package=178.496 J | dram=2.149894 | total=180.646 J | power=173.6 W | runtime=in_range | checksum=OK
[STRIDED_GEMM] N=4096 threads=10 rep=8 batches=10 time=1.040 s | package=178.233 J | dram=2.133080 | total=180.366 J | power=173.4 W | runtime=in_range | checksum=OK
[STRIDED_GEMM] N=4096 threads=10 rep=9 batches=10 time=1.043 s | package=178.535 J | dram=2.149298 | total=180.685 J | power=173.3 W | runtime=in_range | checksum=OK
[STRIDED_GEMM] N=4096 threads=10 rep=10 batches=10 time=1.042 s | package=178.454 J | dram=2.106688 | total=180.561 J | power=173.2 W | runtime=in_range | checksum=OK
[OpenBLAS] requested=10 active=10
[STRIDED_GEMM] N=2048 threads=10 rep=1 batches=70 time=1.012 s | package=172.944 J | dram=1.375194 | total=174.319 J | power=172.2 W | runtime=in_range | checksum=OK
[STRIDED_GEMM] N=2048 threads=10 rep=2 batches=70 time=1.021 s | package=173.767 J | dram=1.351128 | total=175.118 J | power=171.6 W | runtime=in_range | checksum=OK
[STRIDED_GEMM] N=2048 threads=10 rep=3 batches=70 time=1.014 s | package=173.259 J | dram=1.356070 | total=174.615 J | power=172.2 W | runtime=in_range | checksum=OK
[STRIDED_GEMM] N=2048 threads=10 rep=4 batches=70 time=1.015 s | package=173.209 J | dram=1.364163 | total=174.574 J | power=172.1 W | runtime=in_range | checksum=OK
[STRIDED_GEMM] N=2048 threads=10 rep=5 batches=70 time=1.016 s | package=172.459 J | dram=1.369519 | total=173.829 J | power=171.1 W | runtime=in_range | checksum=OK
[STRIDED_GEMM] N=2048 threads=10 rep=6 batches=70 time=1.017 s | package=173.005 J | dram=1.369136 | total=174.374 J | power=171.5 W | runtime=in_range | checksum=OK
[STRIDED_GEMM] N=2048 threads=10 rep=7 batches=70 time=1.018 s | package=172.842 J | dram=1.360109 | total=174.202 J | power=171.2 W | runtime=in_range | checksum=OK
[STRIDED_GEMM] N=2048 threads=10 rep=8 batches=70 time=1.018 s | package=172.483 J | dram=1.372135 | total=173.855 J | power=170.8 W | runtime=in_range | checksum=OK
[STRIDED_GEMM] N=2048 threads=10 rep=9 batches=70 time=1.018 s | package=172.603 J | dram=1.374276 | total=173.977 J | power=170.9 W | runtime=in_range | checksum=OK
[STRIDED_GEMM] N=2048 threads=10 rep=10 batches=70 time=1.018 s | package=173.251 J | dram=1.364913 | total=174.616 J | power=171.5 W | runtime=in_range | checksum=OK
[OpenBLAS] requested=4 active=4
[STRIDED_GEMM] N=64 threads=4 rep=1 batches=370663 time=1.011 s | package=66.666 J | dram=0.000000 | total=66.666 J | power=65.9 W | runtime=in_range | checksum=OK
[STRIDED_GEMM] N=64 threads=4 rep=2 batches=370663 time=1.011 s | package=67.314 J | dram=0.000000 | total=67.314 J | power=66.6 W | runtime=in_range | checksum=OK
[STRIDED_GEMM] N=64 threads=4 rep=3 batches=370663 time=1.011 s | package=65.945 J | dram=0.000000 | total=65.945 J | power=65.3 W | runtime=in_range | checksum=OK
[STRIDED_GEMM] N=64 threads=4 rep=4 batches=370663 time=1.013 s | package=69.636 J | dram=0.000000 | total=69.636 J | power=68.8 W | runtime=in_range | checksum=OK
[STRIDED_GEMM] N=64 threads=4 rep=5 batches=370663 time=1.012 s | package=67.495 J | dram=0.000000 | total=67.495 J | power=66.7 W | runtime=in_range | checksum=OK
[STRIDED_GEMM] N=64 threads=4 rep=6 batches=370663 time=1.013 s | package=67.158 J | dram=0.000000 | total=67.158 J | power=66.3 W | runtime=in_range | checksum=OK
[STRIDED_GEMM] N=64 threads=4 rep=7 batches=370663 time=1.013 s | package=66.670 J | dram=0.000000 | total=66.670 J | power=65.8 W | runtime=in_range | checksum=OK
[STRIDED_GEMM] N=64 threads=4 rep=8 batches=370663 time=1.013 s | package=68.217 J | dram=0.000000 | total=68.217 J | power=67.4 W | runtime=in_range | checksum=OK
[STRIDED_GEMM] N=64 threads=4 rep=9 batches=370663 time=1.011 s | package=66.838 J | dram=0.000000 | total=66.838 J | power=66.1 W | runtime=in_range | checksum=OK
[STRIDED_GEMM] N=64 threads=4 rep=10 batches=370663 time=1.010 s | package=68.977 J | dram=0.000000 | total=68.977 J | power=68.3 W | runtime=in_range | checksum=OK
[OpenBLAS] requested=1 active=1
[STRIDED_GEMM] N=128 threads=1 rep=1 batches=36956 time=1.002 s | package=67.845 J | dram=0.000000 | total=67.845 J | power=67.7 W | runtime=in_range | checksum=OK
[STRIDED_GEMM] N=128 threads=1 rep=2 batches=36956 time=1.001 s | package=68.567 J | dram=0.000000 | total=68.567 J | power=68.5 W | runtime=in_range | checksum=OK
[STRIDED_GEMM] N=128 threads=1 rep=3 batches=36956 time=1.000 s | package=67.216 J | dram=0.000000 | total=67.216 J | power=67.2 W | runtime=in_range | checksum=OK
[STRIDED_GEMM] N=128 threads=1 rep=4 batches=36956 time=1.001 s | package=67.472 J | dram=0.000000 | total=67.472 J | power=67.4 W | runtime=in_range | checksum=OK
[STRIDED_GEMM] N=128 threads=1 rep=5 batches=36956 time=0.999 s | package=68.141 J | dram=0.000000 | total=68.141 J | power=68.2 W | runtime=in_range | checksum=OK
[STRIDED_GEMM] N=128 threads=1 rep=6 batches=36956 time=0.998 s | package=66.944 J | dram=0.000000 | total=66.944 J | power=67.1 W | runtime=in_range | checksum=OK
[STRIDED_GEMM] N=128 threads=1 rep=7 batches=36956 time=0.995 s | package=66.070 J | dram=0.000000 | total=66.070 J | power=66.4 W | runtime=in_range | checksum=OK
[STRIDED_GEMM] N=128 threads=1 rep=8 batches=36956 time=0.996 s | package=67.574 J | dram=0.000000 | total=67.574 J | power=67.8 W | runtime=in_range | checksum=OK
[STRIDED_GEMM] N=128 threads=1 rep=9 batches=36956 time=0.997 s | package=66.382 J | dram=0.000092 | total=66.382 J | power=66.6 W | runtime=in_range | checksum=OK
[STRIDED_GEMM] N=128 threads=1 rep=10 batches=36956 time=0.993 s | package=65.734 J | dram=0.000000 | total=65.734 J | power=66.2 W | runtime=in_range | checksum=OK
[OpenBLAS] requested=10 active=10
[STRIDED_GEMM] N=16384 threads=10 rep=1 batches=1 time=7.200 s | package=1212.836 J | dram=15.802911 | total=1228.639 J | power=170.6 W | runtime=above | checksum=OK
[STRIDED_GEMM] N=16384 threads=10 rep=2 batches=1 time=7.277 s | package=1222.913 J | dram=15.901733 | total=1238.815 J | power=170.2 W | runtime=above | checksum=OK
[STRIDED_GEMM] N=16384 threads=10 rep=3 batches=1 time=7.248 s | package=1214.732 J | dram=15.806415 | total=1230.539 J | power=169.8 W | runtime=above | checksum=OK
[STRIDED_GEMM] N=16384 threads=10 rep=4 batches=1 time=7.278 s | package=1212.754 J | dram=15.939739 | total=1228.694 J | power=168.8 W | runtime=above | checksum=OK
[STRIDED_GEMM] N=16384 threads=10 rep=5 batches=1 time=7.306 s | package=1209.201 J | dram=16.138945 | total=1225.340 J | power=167.7 W | runtime=above | checksum=OK
[STRIDED_GEMM] N=16384 threads=10 rep=6 batches=1 time=7.352 s | package=1209.640 J | dram=16.292939 | total=1225.933 J | power=166.8 W | runtime=above | checksum=OK
[STRIDED_GEMM] N=16384 threads=10 rep=7 batches=1 time=7.384 s | package=1205.960 J | dram=16.348861 | total=1222.309 J | power=165.5 W | runtime=above | checksum=OK
[STRIDED_GEMM] N=16384 threads=10 rep=8 batches=1 time=7.400 s | package=1201.290 J | dram=16.525820 | total=1217.816 J | power=164.6 W | runtime=above | checksum=OK
[STRIDED_GEMM] N=16384 threads=10 rep=9 batches=1 time=7.419 s | package=1196.819 J | dram=16.720315 | total=1213.539 J | power=163.6 W | runtime=above | checksum=OK
[STRIDED_GEMM] N=16384 threads=10 rep=10 batches=1 time=7.443 s | package=1191.560 J | dram=16.563489 | total=1208.123 J | power=162.3 W | runtime=above | checksum=OK
[OpenBLAS] requested=2 active=2
[STRIDED_GEMM] N=2048 threads=2 rep=1 batches=21 time=1.012 s | package=83.169 J | dram=0.106488 | total=83.275 J | power=82.3 W | runtime=in_range | checksum=OK
[STRIDED_GEMM] N=2048 threads=2 rep=2 batches=21 time=1.011 s | package=83.360 J | dram=0.104209 | total=83.464 J | power=82.6 W | runtime=in_range | checksum=OK
[STRIDED_GEMM] N=2048 threads=2 rep=3 batches=21 time=1.009 s | package=82.291 J | dram=0.111628 | total=82.403 J | power=81.7 W | runtime=in_range | checksum=OK
[STRIDED_GEMM] N=2048 threads=2 rep=4 batches=21 time=1.012 s | package=84.537 J | dram=0.099787 | total=84.636 J | power=83.6 W | runtime=in_range | checksum=OK
[STRIDED_GEMM] N=2048 threads=2 rep=5 batches=21 time=1.011 s | package=84.438 J | dram=0.091249 | total=84.529 J | power=83.6 W | runtime=in_range | checksum=OK
[STRIDED_GEMM] N=2048 threads=2 rep=6 batches=21 time=1.010 s | package=82.953 J | dram=0.091632 | total=83.045 J | power=82.3 W | runtime=in_range | checksum=OK
[STRIDED_GEMM] N=2048 threads=2 rep=7 batches=21 time=1.013 s | package=82.217 J | dram=0.076836 | total=82.294 J | power=81.3 W | runtime=in_range | checksum=OK
[STRIDED_GEMM] N=2048 threads=2 rep=8 batches=21 time=1.008 s | package=80.357 J | dram=0.080999 | total=80.438 J | power=79.8 W | runtime=in_range | checksum=OK
[STRIDED_GEMM] N=2048 threads=2 rep=9 batches=21 time=1.008 s | package=81.703 J | dram=0.092382 | total=81.795 J | power=81.2 W | runtime=in_range | checksum=OK
[STRIDED_GEMM] N=2048 threads=2 rep=10 batches=21 time=1.008 s | package=83.835 J | dram=0.092228 | total=83.927 J | power=83.2 W | runtime=in_range | checksum=OK
[OpenBLAS] requested=1 active=1
[STRIDED_GEMM] N=256 threads=1 rep=1 batches=4973 time=1.000 s | package=63.312 J | dram=0.000000 | total=63.312 J | power=63.3 W | runtime=in_range | checksum=OK
[STRIDED_GEMM] N=256 threads=1 rep=2 batches=4973 time=0.993 s | package=62.434 J | dram=0.000000 | total=62.434 J | power=62.9 W | runtime=in_range | checksum=OK
[STRIDED_GEMM] N=256 threads=1 rep=3 batches=4973 time=0.996 s | package=63.650 J | dram=0.000000 | total=63.650 J | power=63.9 W | runtime=in_range | checksum=OK
[STRIDED_GEMM] N=256 threads=1 rep=4 batches=4973 time=0.996 s | package=64.374 J | dram=0.000000 | total=64.374 J | power=64.6 W | runtime=in_range | checksum=OK
[STRIDED_GEMM] N=256 threads=1 rep=5 batches=4973 time=0.995 s | package=64.151 J | dram=0.000000 | total=64.151 J | power=64.5 W | runtime=in_range | checksum=OK
[STRIDED_GEMM] N=256 threads=1 rep=6 batches=4973 time=0.994 s | package=64.427 J | dram=0.000000 | total=64.427 J | power=64.8 W | runtime=in_range | checksum=OK
[STRIDED_GEMM] N=256 threads=1 rep=7 batches=4973 time=0.995 s | package=64.654 J | dram=0.000000 | total=64.654 J | power=65.0 W | runtime=in_range | checksum=OK
[STRIDED_GEMM] N=256 threads=1 rep=8 batches=4973 time=0.994 s | package=64.963 J | dram=0.000000 | total=64.963 J | power=65.3 W | runtime=in_range | checksum=OK
[STRIDED_GEMM] N=256 threads=1 rep=9 batches=4973 time=0.995 s | package=65.778 J | dram=0.000000 | total=65.778 J | power=66.1 W | runtime=in_range | checksum=OK
[STRIDED_GEMM] N=256 threads=1 rep=10 batches=4973 time=0.995 s | package=65.964 J | dram=0.000000 | total=65.964 J | power=66.3 W | runtime=in_range | checksum=OK
[OpenBLAS] requested=20 active=20
[STRIDED_GEMM] N=128 threads=20 rep=1 batches=84430 time=1.016 s | package=126.267 J | dram=0.000000 | total=126.267 J | power=124.3 W | runtime=in_range | checksum=OK
[STRIDED_GEMM] N=128 threads=20 rep=2 batches=84430 time=1.014 s | package=126.398 J | dram=0.000000 | total=126.398 J | power=124.6 W | runtime=in_range | checksum=OK
[STRIDED_GEMM] N=128 threads=20 rep=3 batches=84430 time=1.013 s | package=126.252 J | dram=0.000000 | total=126.252 J | power=124.6 W | runtime=in_range | checksum=OK
[STRIDED_GEMM] N=128 threads=20 rep=4 batches=84430 time=1.017 s | package=126.410 J | dram=0.000000 | total=126.410 J | power=124.4 W | runtime=in_range | checksum=OK
[STRIDED_GEMM] N=128 threads=20 rep=5 batches=84430 time=1.017 s | package=126.520 J | dram=0.000000 | total=126.520 J | power=124.4 W | runtime=in_range | checksum=OK
[STRIDED_GEMM] N=128 threads=20 rep=6 batches=84430 time=1.018 s | package=126.651 J | dram=0.000000 | total=126.651 J | power=124.4 W | runtime=in_range | checksum=OK
[STRIDED_GEMM] N=128 threads=20 rep=7 batches=84430 time=1.009 s | package=125.800 J | dram=0.000000 | total=125.800 J | power=124.6 W | runtime=in_range | checksum=OK
[STRIDED_GEMM] N=128 threads=20 rep=8 batches=84430 time=1.041 s | package=128.962 J | dram=0.000000 | total=128.962 J | power=123.8 W | runtime=in_range | checksum=OK
[STRIDED_GEMM] N=128 threads=20 rep=9 batches=84430 time=1.006 s | package=126.099 J | dram=0.000000 | total=126.099 J | power=125.3 W | runtime=in_range | checksum=OK
[STRIDED_GEMM] N=128 threads=20 rep=10 batches=84430 time=0.977 s | package=123.299 J | dram=0.000000 | total=123.299 J | power=126.2 W | runtime=in_range | checksum=OK
[OpenBLAS] requested=4 active=4
[STRIDED_GEMM] N=4096 threads=4 rep=1 batches=6 time=1.173 s | package=132.983 J | dram=1.017634 | total=134.000 J | power=114.3 W | runtime=in_range | checksum=OK
[STRIDED_GEMM] N=4096 threads=4 rep=2 batches=6 time=1.171 s | package=133.147 J | dram=1.004537 | total=134.152 J | power=114.5 W | runtime=in_range | checksum=OK
[STRIDED_GEMM] N=4096 threads=4 rep=3 batches=6 time=1.171 s | package=132.853 J | dram=1.013839 | total=133.867 J | power=114.3 W | runtime=in_range | checksum=OK
[STRIDED_GEMM] N=4096 threads=4 rep=4 batches=6 time=1.172 s | package=132.929 J | dram=1.024732 | total=133.954 J | power=114.3 W | runtime=in_range | checksum=OK
[STRIDED_GEMM] N=4096 threads=4 rep=5 batches=6 time=1.174 s | package=133.169 J | dram=1.006434 | total=134.175 J | power=114.3 W | runtime=in_range | checksum=OK
[STRIDED_GEMM] N=4096 threads=4 rep=6 batches=6 time=1.176 s | package=133.760 J | dram=1.047897 | total=134.808 J | power=114.7 W | runtime=in_range | checksum=OK
[STRIDED_GEMM] N=4096 threads=4 rep=7 batches=6 time=1.175 s | package=133.277 J | dram=1.020939 | total=134.298 J | power=114.3 W | runtime=in_range | checksum=OK
[STRIDED_GEMM] N=4096 threads=4 rep=8 batches=6 time=1.165 s | package=132.814 J | dram=1.003863 | total=133.818 J | power=114.9 W | runtime=in_range | checksum=OK
[STRIDED_GEMM] N=4096 threads=4 rep=9 batches=6 time=1.163 s | package=131.977 J | dram=1.022790 | total=133.000 J | power=114.4 W | runtime=in_range | checksum=OK
[STRIDED_GEMM] N=4096 threads=4 rep=10 batches=6 time=1.162 s | package=131.861 J | dram=1.002869 | total=132.864 J | power=114.4 W | runtime=in_range | checksum=OK
[OpenBLAS] requested=4 active=4
[STRIDED_GEMM] N=8192 threads=4 rep=1 batches=1 time=1.593 s | package=181.820 J | dram=1.597565 | total=183.418 J | power=115.2 W | runtime=above | checksum=OK
[STRIDED_GEMM] N=8192 threads=4 rep=2 batches=1 time=1.592 s | package=181.555 J | dram=1.597274 | total=183.152 J | power=115.1 W | runtime=above | checksum=OK
[STRIDED_GEMM] N=8192 threads=4 rep=3 batches=1 time=1.588 s | package=180.015 J | dram=1.607555 | total=181.623 J | power=114.3 W | runtime=above | checksum=OK
[STRIDED_GEMM] N=8192 threads=4 rep=4 batches=1 time=1.588 s | package=180.512 J | dram=1.627079 | total=182.139 J | power=114.7 W | runtime=above | checksum=OK
[STRIDED_GEMM] N=8192 threads=4 rep=5 batches=1 time=1.587 s | package=180.632 J | dram=1.634882 | total=182.267 J | power=114.9 W | runtime=above | checksum=OK
[STRIDED_GEMM] N=8192 threads=4 rep=6 batches=1 time=1.586 s | package=180.193 J | dram=1.635340 | total=181.828 J | power=114.7 W | runtime=above | checksum=OK
[STRIDED_GEMM] N=8192 threads=4 rep=7 batches=1 time=1.583 s | package=179.567 J | dram=1.635172 | total=181.203 J | power=114.4 W | runtime=above | checksum=OK
[STRIDED_GEMM] N=8192 threads=4 rep=8 batches=1 time=1.646 s | package=177.812 J | dram=1.626069 | total=179.438 J | power=109.0 W | runtime=above | checksum=OK
[STRIDED_GEMM] N=8192 threads=4 rep=9 batches=1 time=1.589 s | package=179.891 J | dram=1.617011 | total=181.508 J | power=114.3 W | runtime=above | checksum=OK
[STRIDED_GEMM] N=8192 threads=4 rep=10 batches=1 time=1.603 s | package=176.960 J | dram=1.622962 | total=178.582 J | power=111.4 W | runtime=above | checksum=OK
[OpenBLAS] requested=8 active=8
[STRIDED_GEMM] N=8192 threads=8 rep=1 batches=2 time=1.930 s | package=290.847 J | dram=3.397931 | total=294.245 J | power=152.5 W | runtime=above | checksum=OK
[STRIDED_GEMM] N=8192 threads=8 rep=2 batches=2 time=1.930 s | package=290.653 J | dram=3.400701 | total=294.053 J | power=152.4 W | runtime=above | checksum=OK
[STRIDED_GEMM] N=8192 threads=8 rep=3 batches=2 time=1.933 s | package=290.229 J | dram=3.421707 | total=293.651 J | power=151.9 W | runtime=above | checksum=OK
[STRIDED_GEMM] N=8192 threads=8 rep=4 batches=2 time=1.933 s | package=289.893 J | dram=3.431224 | total=293.324 J | power=151.7 W | runtime=above | checksum=OK
[STRIDED_GEMM] N=8192 threads=8 rep=5 batches=2 time=1.936 s | package=289.899 J | dram=3.423466 | total=293.323 J | power=151.5 W | runtime=above | checksum=OK
[STRIDED_GEMM] N=8192 threads=8 rep=6 batches=2 time=1.936 s | package=289.169 J | dram=3.414165 | total=292.583 J | power=151.1 W | runtime=above | checksum=OK
[STRIDED_GEMM] N=8192 threads=8 rep=7 batches=2 time=1.943 s | package=289.339 J | dram=3.420468 | total=292.760 J | power=150.7 W | runtime=above | checksum=OK
[STRIDED_GEMM] N=8192 threads=8 rep=8 batches=2 time=1.945 s | package=288.548 J | dram=3.458642 | total=292.007 J | power=150.2 W | runtime=above | checksum=OK
[STRIDED_GEMM] N=8192 threads=8 rep=9 batches=2 time=1.947 s | package=288.250 J | dram=3.456239 | total=291.706 J | power=149.9 W | runtime=above | checksum=OK
[STRIDED_GEMM] N=8192 threads=8 rep=10 batches=2 time=1.948 s | package=287.983 J | dram=3.462650 | total=291.446 J | power=149.6 W | runtime=above | checksum=OK
[OpenBLAS] requested=16 active=16
[STRIDED_GEMM] N=16384 threads=16 rep=1 batches=1 time=8.709 s | package=1342.985 J | dram=15.456106 | total=1358.441 J | power=156.0 W | runtime=above | checksum=OK
[STRIDED_GEMM] N=16384 threads=16 rep=2 batches=1 time=8.664 s | package=1321.727 J | dram=15.362134 | total=1337.089 J | power=154.3 W | runtime=above | checksum=OK
[STRIDED_GEMM] N=16384 threads=16 rep=3 batches=1 time=8.843 s | package=1339.063 J | dram=15.803125 | total=1354.866 J | power=153.2 W | runtime=above | checksum=OK
[STRIDED_GEMM] N=16384 threads=16 rep=4 batches=1 time=8.666 s | package=1300.156 J | dram=15.154680 | total=1315.311 J | power=151.8 W | runtime=above | checksum=OK
[STRIDED_GEMM] N=16384 threads=16 rep=5 batches=1 time=8.778 s | package=1307.878 J | dram=15.467535 | total=1323.346 J | power=150.8 W | runtime=above | checksum=OK
[STRIDED_GEMM] N=16384 threads=16 rep=6 batches=1 time=8.841 s | package=1310.388 J | dram=15.452372 | total=1325.840 J | power=150.0 W | runtime=above | checksum=OK
[STRIDED_GEMM] N=16384 threads=16 rep=7 batches=1 time=8.727 s | package=1283.487 J | dram=15.303917 | total=1298.791 J | power=148.8 W | runtime=above | checksum=OK
[STRIDED_GEMM] N=16384 threads=16 rep=8 batches=1 time=8.743 s | package=1280.561 J | dram=15.297124 | total=1295.859 J | power=148.2 W | runtime=above | checksum=OK
[STRIDED_GEMM] N=16384 threads=16 rep=9 batches=1 time=8.670 s | package=1279.318 J | dram=15.771944 | total=1295.090 J | power=149.4 W | runtime=above | checksum=OK
[STRIDED_GEMM] N=16384 threads=16 rep=10 batches=1 time=8.777 s | package=1277.316 J | dram=15.622463 | total=1292.938 J | power=147.3 W | runtime=above | checksum=OK
[OpenBLAS] requested=16 active=16
[STRIDED_GEMM] N=64 threads=16 rep=1 batches=348387 time=0.999 s | package=58.890 J | dram=0.000000 | total=58.890 J | power=59.0 W | runtime=in_range | checksum=OK
[STRIDED_GEMM] N=64 threads=16 rep=2 batches=348387 time=0.996 s | package=58.049 J | dram=0.000230 | total=58.049 J | power=58.3 W | runtime=in_range | checksum=OK
[STRIDED_GEMM] N=64 threads=16 rep=3 batches=348387 time=0.995 s | package=58.938 J | dram=0.000000 | total=58.938 J | power=59.2 W | runtime=in_range | checksum=OK
[STRIDED_GEMM] N=64 threads=16 rep=4 batches=348387 time=0.995 s | package=58.316 J | dram=0.000000 | total=58.316 J | power=58.6 W | runtime=in_range | checksum=OK
[STRIDED_GEMM] N=64 threads=16 rep=5 batches=348387 time=0.994 s | package=58.806 J | dram=0.000000 | total=58.806 J | power=59.2 W | runtime=in_range | checksum=OK
[STRIDED_GEMM] N=64 threads=16 rep=6 batches=348387 time=0.993 s | package=58.767 J | dram=0.000000 | total=58.767 J | power=59.2 W | runtime=in_range | checksum=OK
[STRIDED_GEMM] N=64 threads=16 rep=7 batches=348387 time=0.992 s | package=59.034 J | dram=0.000000 | total=59.034 J | power=59.5 W | runtime=in_range | checksum=OK
[STRIDED_GEMM] N=64 threads=16 rep=8 batches=348387 time=0.992 s | package=58.469 J | dram=0.000000 | total=58.469 J | power=59.0 W | runtime=in_range | checksum=OK
[STRIDED_GEMM] N=64 threads=16 rep=9 batches=348387 time=0.990 s | package=58.715 J | dram=0.000000 | total=58.715 J | power=59.3 W | runtime=in_range | checksum=OK
[STRIDED_GEMM] N=64 threads=16 rep=10 batches=348387 time=0.992 s | package=59.735 J | dram=0.000000 | total=59.735 J | power=60.2 W | runtime=in_range | checksum=OK
[OpenBLAS] requested=16 active=16
[STRIDED_GEMM] N=256 threads=16 rep=1 batches=19666 time=1.029 s | package=149.950 J | dram=0.000000 | total=149.950 J | power=145.7 W | runtime=in_range | checksum=OK
[STRIDED_GEMM] N=256 threads=16 rep=2 batches=19666 time=1.032 s | package=149.402 J | dram=0.000000 | total=149.402 J | power=144.8 W | runtime=in_range | checksum=OK
[STRIDED_GEMM] N=256 threads=16 rep=3 batches=19666 time=1.032 s | package=149.594 J | dram=0.000000 | total=149.594 J | power=144.9 W | runtime=in_range | checksum=OK
[STRIDED_GEMM] N=256 threads=16 rep=4 batches=19666 time=1.032 s | package=149.449 J | dram=0.000000 | total=149.449 J | power=144.7 W | runtime=in_range | checksum=OK
[STRIDED_GEMM] N=256 threads=16 rep=5 batches=19666 time=1.035 s | package=149.535 J | dram=0.000000 | total=149.535 J | power=144.5 W | runtime=in_range | checksum=OK
[STRIDED_GEMM] N=256 threads=16 rep=6 batches=19666 time=1.037 s | package=149.606 J | dram=0.000000 | total=149.606 J | power=144.2 W | runtime=in_range | checksum=OK
[STRIDED_GEMM] N=256 threads=16 rep=7 batches=19666 time=1.037 s | package=149.437 J | dram=0.000000 | total=149.437 J | power=144.1 W | runtime=in_range | checksum=OK
[STRIDED_GEMM] N=256 threads=16 rep=8 batches=19666 time=1.039 s | package=149.286 J | dram=0.000000 | total=149.286 J | power=143.7 W | runtime=in_range | checksum=OK
[STRIDED_GEMM] N=256 threads=16 rep=9 batches=19666 time=1.041 s | package=149.559 J | dram=0.000000 | total=149.559 J | power=143.7 W | runtime=in_range | checksum=OK
[STRIDED_GEMM] N=256 threads=16 rep=10 batches=19666 time=1.040 s | package=149.458 J | dram=0.000000 | total=149.458 J | power=143.7 W | runtime=in_range | checksum=OK
[OpenBLAS] requested=8 active=8
[STRIDED_GEMM] N=1024 threads=8 rep=1 batches=511 time=0.998 s | package=136.552 J | dram=0.155065 | total=136.707 J | power=137.0 W | runtime=in_range | checksum=OK
[STRIDED_GEMM] N=1024 threads=8 rep=2 batches=511 time=0.994 s | package=136.889 J | dram=0.144509 | total=137.033 J | power=137.8 W | runtime=in_range | checksum=OK
[STRIDED_GEMM] N=1024 threads=8 rep=3 batches=511 time=1.001 s | package=134.212 J | dram=0.150827 | total=134.362 J | power=134.3 W | runtime=in_range | checksum=OK
[STRIDED_GEMM] N=1024 threads=8 rep=4 batches=511 time=1.002 s | package=134.241 J | dram=0.142765 | total=134.384 J | power=134.1 W | runtime=in_range | checksum=OK
[STRIDED_GEMM] N=1024 threads=8 rep=5 batches=511 time=1.002 s | package=133.872 J | dram=0.144034 | total=134.016 J | power=133.7 W | runtime=in_range | checksum=OK
[STRIDED_GEMM] N=1024 threads=8 rep=6 batches=511 time=1.002 s | package=134.349 J | dram=0.145962 | total=134.495 J | power=134.2 W | runtime=in_range | checksum=OK
[STRIDED_GEMM] N=1024 threads=8 rep=7 batches=511 time=1.002 s | package=134.256 J | dram=0.148303 | total=134.404 J | power=134.1 W | runtime=in_range | checksum=OK
[STRIDED_GEMM] N=1024 threads=8 rep=8 batches=511 time=1.002 s | package=133.650 J | dram=0.139551 | total=133.790 J | power=133.6 W | runtime=in_range | checksum=OK
[STRIDED_GEMM] N=1024 threads=8 rep=9 batches=511 time=1.001 s | package=133.888 J | dram=0.143193 | total=134.031 J | power=133.8 W | runtime=in_range | checksum=OK
[STRIDED_GEMM] N=1024 threads=8 rep=10 batches=511 time=1.005 s | package=134.479 J | dram=0.143346 | total=134.622 J | power=134.0 W | runtime=in_range | checksum=OK
