OpenBLAS backend=pthreads | config=OpenBLAS 0.3.30 NO_LAPACKE DYNAMIC_ARCH NO_AFFINITY SkylakeX MAX_THREADS=128
STRIDED_GEMM(ld=2N) | Intel(R) Core(TM) i9-7900X CPU @ 3.30GHz | session=strided_gemm_intel_20260719_175326_session5 | reps=10 | configs=63 | DRAM-RAPL=yes
[OpenBLAS] requested=10 active=10
[STRIDED_GEMM] N=1024 threads=10 rep=1 batches=539 time=1.003 s | package=164.518 J | dram=0.086782 | total=164.605 J | power=164.1 W | runtime=in_range | checksum=OK
[STRIDED_GEMM] N=1024 threads=10 rep=2 batches=539 time=1.005 s | package=164.519 J | dram=0.084517 | total=164.604 J | power=163.8 W | runtime=in_range | checksum=OK
[STRIDED_GEMM] N=1024 threads=10 rep=3 batches=539 time=1.004 s | package=164.635 J | dram=0.088557 | total=164.724 J | power=164.0 W | runtime=in_range | checksum=OK
[STRIDED_GEMM] N=1024 threads=10 rep=4 batches=539 time=1.005 s | package=164.718 J | dram=0.082558 | total=164.801 J | power=164.0 W | runtime=in_range | checksum=OK
[STRIDED_GEMM] N=1024 threads=10 rep=5 batches=539 time=1.005 s | package=164.916 J | dram=0.080968 | total=164.997 J | power=164.1 W | runtime=in_range | checksum=OK
[STRIDED_GEMM] N=1024 threads=10 rep=6 batches=539 time=1.006 s | package=164.820 J | dram=0.084991 | total=164.905 J | power=164.0 W | runtime=in_range | checksum=OK
[STRIDED_GEMM] N=1024 threads=10 rep=7 batches=539 time=1.005 s | package=164.692 J | dram=0.088909 | total=164.781 J | power=164.0 W | runtime=in_range | checksum=OK
[STRIDED_GEMM] N=1024 threads=10 rep=8 batches=539 time=1.007 s | package=165.022 J | dram=0.084104 | total=165.106 J | power=164.0 W | runtime=in_range | checksum=OK
[STRIDED_GEMM] N=1024 threads=10 rep=9 batches=539 time=1.006 s | package=164.877 J | dram=0.084670 | total=164.961 J | power=164.0 W | runtime=in_range | checksum=OK
[STRIDED_GEMM] N=1024 threads=10 rep=10 batches=539 time=1.005 s | package=164.836 J | dram=0.082069 | total=164.918 J | power=164.0 W | runtime=in_range | checksum=OK
[OpenBLAS] requested=8 active=8
[STRIDED_GEMM] N=128 threads=8 rep=1 batches=85477 time=1.001 s | package=122.072 J | dram=0.000000 | total=122.072 J | power=121.9 W | runtime=in_range | checksum=OK
[STRIDED_GEMM] N=128 threads=8 rep=2 batches=85477 time=1.003 s | package=122.275 J | dram=0.000000 | total=122.275 J | power=121.9 W | runtime=in_range | checksum=OK
[STRIDED_GEMM] N=128 threads=8 rep=3 batches=85477 time=1.032 s | package=125.005 J | dram=0.000000 | total=125.005 J | power=121.1 W | runtime=in_range | checksum=OK
[STRIDED_GEMM] N=128 threads=8 rep=4 batches=85477 time=1.009 s | package=123.116 J | dram=0.000000 | total=123.116 J | power=122.1 W | runtime=in_range | checksum=OK
[STRIDED_GEMM] N=128 threads=8 rep=5 batches=85477 time=1.008 s | package=122.610 J | dram=0.000000 | total=122.610 J | power=121.6 W | runtime=in_range | checksum=OK
[STRIDED_GEMM] N=128 threads=8 rep=6 batches=85477 time=1.000 s | package=120.309 J | dram=0.000000 | total=120.309 J | power=120.3 W | runtime=in_range | checksum=OK
[STRIDED_GEMM] N=128 threads=8 rep=7 batches=85477 time=1.005 s | package=118.903 J | dram=0.000000 | total=118.903 J | power=118.3 W | runtime=in_range | checksum=OK
[STRIDED_GEMM] N=128 threads=8 rep=8 batches=85477 time=1.009 s | package=119.108 J | dram=0.000000 | total=119.108 J | power=118.1 W | runtime=in_range | checksum=OK
[STRIDED_GEMM] N=128 threads=8 rep=9 batches=85477 time=1.007 s | package=118.927 J | dram=0.000000 | total=118.927 J | power=118.1 W | runtime=in_range | checksum=OK
[STRIDED_GEMM] N=128 threads=8 rep=10 batches=85477 time=1.009 s | package=119.247 J | dram=0.000000 | total=119.247 J | power=118.2 W | runtime=in_range | checksum=OK
[OpenBLAS] requested=10 active=10
[STRIDED_GEMM] N=256 threads=10 rep=1 batches=15769 time=1.153 s | package=153.813 J | dram=0.000000 | total=153.813 J | power=133.3 W | runtime=in_range | checksum=OK
[STRIDED_GEMM] N=256 threads=10 rep=2 batches=15769 time=0.998 s | package=138.732 J | dram=0.000000 | total=138.732 J | power=139.0 W | runtime=in_range | checksum=OK
[STRIDED_GEMM] N=256 threads=10 rep=3 batches=15769 time=1.026 s | package=141.451 J | dram=0.000000 | total=141.451 J | power=137.8 W | runtime=in_range | checksum=OK
[STRIDED_GEMM] N=256 threads=10 rep=4 batches=15769 time=1.006 s | package=139.644 J | dram=0.000000 | total=139.644 J | power=138.8 W | runtime=in_range | checksum=OK
[STRIDED_GEMM] N=256 threads=10 rep=5 batches=15769 time=1.013 s | package=140.054 J | dram=0.000000 | total=140.054 J | power=138.2 W | runtime=in_range | checksum=OK
[STRIDED_GEMM] N=256 threads=10 rep=6 batches=15769 time=0.992 s | package=138.137 J | dram=0.000000 | total=138.137 J | power=139.2 W | runtime=in_range | checksum=OK
[STRIDED_GEMM] N=256 threads=10 rep=7 batches=15769 time=0.996 s | package=138.398 J | dram=0.000000 | total=138.398 J | power=139.0 W | runtime=in_range | checksum=OK
[STRIDED_GEMM] N=256 threads=10 rep=8 batches=15769 time=0.998 s | package=138.971 J | dram=0.000000 | total=138.971 J | power=139.2 W | runtime=in_range | checksum=OK
[STRIDED_GEMM] N=256 threads=10 rep=9 batches=15769 time=1.007 s | package=139.854 J | dram=0.000000 | total=139.854 J | power=138.9 W | runtime=in_range | checksum=OK
[STRIDED_GEMM] N=256 threads=10 rep=10 batches=15769 time=1.011 s | package=139.977 J | dram=0.000000 | total=139.977 J | power=138.4 W | runtime=in_range | checksum=OK
[OpenBLAS] requested=20 active=20
[STRIDED_GEMM] N=1024 threads=20 rep=1 batches=519 time=1.035 s | package=177.608 J | dram=0.415426 | total=178.023 J | power=172.1 W | runtime=in_range | checksum=OK
[STRIDED_GEMM] N=1024 threads=20 rep=2 batches=519 time=1.024 s | package=176.019 J | dram=0.418608 | total=176.438 J | power=172.4 W | runtime=in_range | checksum=OK
[STRIDED_GEMM] N=1024 threads=20 rep=3 batches=519 time=1.023 s | package=176.078 J | dram=0.417476 | total=176.496 J | power=172.5 W | runtime=in_range | checksum=OK
[STRIDED_GEMM] N=1024 threads=20 rep=4 batches=519 time=1.024 s | package=175.892 J | dram=0.422249 | total=176.314 J | power=172.2 W | runtime=in_range | checksum=OK
[STRIDED_GEMM] N=1024 threads=20 rep=5 batches=519 time=1.025 s | package=176.090 J | dram=0.432684 | total=176.523 J | power=172.1 W | runtime=in_range | checksum=OK
[STRIDED_GEMM] N=1024 threads=20 rep=6 batches=519 time=1.027 s | package=175.807 J | dram=0.423305 | total=176.230 J | power=171.5 W | runtime=in_range | checksum=OK
[STRIDED_GEMM] N=1024 threads=20 rep=7 batches=519 time=1.028 s | package=175.457 J | dram=0.418546 | total=175.875 J | power=171.2 W | runtime=in_range | checksum=OK
[STRIDED_GEMM] N=1024 threads=20 rep=8 batches=519 time=1.029 s | package=176.014 J | dram=0.414752 | total=176.429 J | power=171.4 W | runtime=in_range | checksum=OK
[STRIDED_GEMM] N=1024 threads=20 rep=9 batches=519 time=1.029 s | package=176.106 J | dram=0.417553 | total=176.524 J | power=171.5 W | runtime=in_range | checksum=OK
[STRIDED_GEMM] N=1024 threads=20 rep=10 batches=519 time=1.030 s | package=175.908 J | dram=0.424330 | total=176.333 J | power=171.2 W | runtime=in_range | checksum=OK
[OpenBLAS] requested=16 active=16
[STRIDED_GEMM] N=4096 threads=16 rep=1 batches=8 time=1.107 s | package=185.752 J | dram=1.781792 | total=187.534 J | power=169.4 W | runtime=in_range | checksum=OK
[STRIDED_GEMM] N=4096 threads=16 rep=2 batches=8 time=1.111 s | package=186.080 J | dram=1.781961 | total=187.862 J | power=169.0 W | runtime=in_range | checksum=OK
[STRIDED_GEMM] N=4096 threads=16 rep=3 batches=8 time=1.106 s | package=185.378 J | dram=1.786153 | total=187.164 J | power=169.2 W | runtime=in_range | checksum=OK
[STRIDED_GEMM] N=4096 threads=16 rep=4 batches=8 time=1.111 s | package=185.698 J | dram=1.787912 | total=187.486 J | power=168.8 W | runtime=in_range | checksum=OK
[STRIDED_GEMM] N=4096 threads=16 rep=5 batches=8 time=1.110 s | package=185.665 J | dram=1.782970 | total=187.448 J | power=168.9 W | runtime=in_range | checksum=OK
[STRIDED_GEMM] N=4096 threads=16 rep=6 batches=8 time=1.109 s | package=185.380 J | dram=1.787560 | total=187.167 J | power=168.8 W | runtime=in_range | checksum=OK
[STRIDED_GEMM] N=4096 threads=16 rep=7 batches=8 time=1.113 s | package=185.736 J | dram=1.767747 | total=187.503 J | power=168.5 W | runtime=in_range | checksum=OK
[STRIDED_GEMM] N=4096 threads=16 rep=8 batches=8 time=1.110 s | package=185.073 J | dram=1.764763 | total=186.838 J | power=168.3 W | runtime=in_range | checksum=OK
[STRIDED_GEMM] N=4096 threads=16 rep=9 batches=8 time=1.113 s | package=185.237 J | dram=1.800565 | total=187.038 J | power=168.1 W | runtime=in_range | checksum=OK
[STRIDED_GEMM] N=4096 threads=16 rep=10 batches=8 time=1.113 s | package=185.188 J | dram=1.779528 | total=186.967 J | power=168.1 W | runtime=in_range | checksum=OK
[OpenBLAS] requested=20 active=20
[STRIDED_GEMM] N=64 threads=20 rep=1 batches=383901 time=1.034 s | package=72.460 J | dram=0.000000 | total=72.460 J | power=70.1 W | runtime=in_range | checksum=OK
[STRIDED_GEMM] N=64 threads=20 rep=2 batches=383901 time=1.032 s | package=70.860 J | dram=0.000000 | total=70.860 J | power=68.7 W | runtime=in_range | checksum=OK
[STRIDED_GEMM] N=64 threads=20 rep=3 batches=383901 time=1.030 s | package=72.033 J | dram=0.000061 | total=72.033 J | power=69.9 W | runtime=in_range | checksum=OK
[STRIDED_GEMM] N=64 threads=20 rep=4 batches=383901 time=1.029 s | package=71.134 J | dram=0.000000 | total=71.134 J | power=69.1 W | runtime=in_range | checksum=OK
[STRIDED_GEMM] N=64 threads=20 rep=5 batches=383901 time=1.030 s | package=71.792 J | dram=0.000000 | total=71.792 J | power=69.7 W | runtime=in_range | checksum=OK
[STRIDED_GEMM] N=64 threads=20 rep=6 batches=383901 time=1.028 s | package=70.835 J | dram=0.000000 | total=70.835 J | power=68.9 W | runtime=in_range | checksum=OK
[STRIDED_GEMM] N=64 threads=20 rep=7 batches=383901 time=1.029 s | package=71.401 J | dram=0.000000 | total=71.401 J | power=69.4 W | runtime=in_range | checksum=OK
[STRIDED_GEMM] N=64 threads=20 rep=8 batches=383901 time=1.027 s | package=70.608 J | dram=0.000000 | total=70.608 J | power=68.8 W | runtime=in_range | checksum=OK
[STRIDED_GEMM] N=64 threads=20 rep=9 batches=383901 time=1.026 s | package=70.134 J | dram=0.000000 | total=70.134 J | power=68.3 W | runtime=in_range | checksum=OK
[STRIDED_GEMM] N=64 threads=20 rep=10 batches=383901 time=1.025 s | package=69.902 J | dram=0.000000 | total=69.902 J | power=68.2 W | runtime=in_range | checksum=OK
[OpenBLAS] requested=8 active=8
[STRIDED_GEMM] N=1024 threads=8 rep=1 batches=578 time=1.019 s | package=156.372 J | dram=0.073761 | total=156.446 J | power=153.5 W | runtime=in_range | checksum=OK
[STRIDED_GEMM] N=1024 threads=8 rep=2 batches=578 time=1.014 s | package=158.630 J | dram=0.070763 | total=158.701 J | power=156.6 W | runtime=in_range | checksum=OK
[STRIDED_GEMM] N=1024 threads=8 rep=3 batches=578 time=1.014 s | package=158.539 J | dram=0.074205 | total=158.613 J | power=156.4 W | runtime=in_range | checksum=OK
[STRIDED_GEMM] N=1024 threads=8 rep=4 batches=578 time=1.017 s | package=158.707 J | dram=0.083630 | total=158.791 J | power=156.1 W | runtime=in_range | checksum=OK
[STRIDED_GEMM] N=1024 threads=8 rep=5 batches=578 time=1.015 s | package=158.600 J | dram=0.080524 | total=158.680 J | power=156.3 W | runtime=in_range | checksum=OK
[STRIDED_GEMM] N=1024 threads=8 rep=6 batches=578 time=1.016 s | package=159.337 J | dram=0.080753 | total=159.417 J | power=157.0 W | runtime=in_range | checksum=OK
[STRIDED_GEMM] N=1024 threads=8 rep=7 batches=578 time=1.024 s | package=157.567 J | dram=0.082895 | total=157.650 J | power=154.0 W | runtime=in_range | checksum=OK
[STRIDED_GEMM] N=1024 threads=8 rep=8 batches=578 time=1.025 s | package=157.012 J | dram=0.074006 | total=157.086 J | power=153.3 W | runtime=in_range | checksum=OK
[STRIDED_GEMM] N=1024 threads=8 rep=9 batches=578 time=1.023 s | package=156.942 J | dram=0.071513 | total=157.014 J | power=153.5 W | runtime=in_range | checksum=OK
[STRIDED_GEMM] N=1024 threads=8 rep=10 batches=578 time=1.025 s | package=156.946 J | dram=0.073516 | total=157.020 J | power=153.2 W | runtime=in_range | checksum=OK
[OpenBLAS] requested=20 active=20
[STRIDED_GEMM] N=2048 threads=20 rep=1 batches=37 time=1.001 s | package=160.562 J | dram=1.329264 | total=161.892 J | power=161.8 W | runtime=in_range | checksum=OK
[STRIDED_GEMM] N=2048 threads=20 rep=2 batches=37 time=1.005 s | package=161.133 J | dram=1.338276 | total=162.472 J | power=161.7 W | runtime=in_range | checksum=OK
[STRIDED_GEMM] N=2048 threads=20 rep=3 batches=37 time=1.000 s | package=160.619 J | dram=1.351908 | total=161.971 J | power=161.9 W | runtime=in_range | checksum=OK
[STRIDED_GEMM] N=2048 threads=20 rep=4 batches=37 time=1.001 s | package=160.513 J | dram=1.364546 | total=161.877 J | power=161.7 W | runtime=in_range | checksum=OK
[STRIDED_GEMM] N=2048 threads=20 rep=5 batches=37 time=1.072 s | package=158.978 J | dram=1.335185 | total=160.313 J | power=149.5 W | runtime=in_range | checksum=OK
[STRIDED_GEMM] N=2048 threads=20 rep=6 batches=37 time=1.002 s | package=160.680 J | dram=1.385905 | total=162.066 J | power=161.8 W | runtime=in_range | checksum=OK
[STRIDED_GEMM] N=2048 threads=20 rep=7 batches=37 time=1.002 s | package=160.878 J | dram=1.369549 | total=162.248 J | power=161.9 W | runtime=in_range | checksum=OK
[STRIDED_GEMM] N=2048 threads=20 rep=8 batches=37 time=1.001 s | package=161.012 J | dram=1.348496 | total=162.361 J | power=162.2 W | runtime=in_range | checksum=OK
[STRIDED_GEMM] N=2048 threads=20 rep=9 batches=37 time=1.004 s | package=161.481 J | dram=1.369120 | total=162.850 J | power=162.1 W | runtime=in_range | checksum=OK
[STRIDED_GEMM] N=2048 threads=20 rep=10 batches=37 time=1.001 s | package=160.914 J | dram=1.367315 | total=162.281 J | power=162.1 W | runtime=in_range | checksum=OK
[OpenBLAS] requested=10 active=10
[STRIDED_GEMM] N=64 threads=10 rep=1 batches=373288 time=1.000 s | package=69.771 J | dram=0.000000 | total=69.771 J | power=69.8 W | runtime=in_range | checksum=OK
[STRIDED_GEMM] N=64 threads=10 rep=2 batches=373288 time=0.995 s | package=68.223 J | dram=0.000000 | total=68.223 J | power=68.6 W | runtime=in_range | checksum=OK
[STRIDED_GEMM] N=64 threads=10 rep=3 batches=373288 time=1.000 s | package=69.873 J | dram=0.000000 | total=69.873 J | power=69.9 W | runtime=in_range | checksum=OK
[STRIDED_GEMM] N=64 threads=10 rep=4 batches=373288 time=0.999 s | package=69.558 J | dram=0.000000 | total=69.558 J | power=69.6 W | runtime=in_range | checksum=OK
[STRIDED_GEMM] N=64 threads=10 rep=5 batches=373288 time=0.998 s | package=68.983 J | dram=0.000000 | total=68.983 J | power=69.1 W | runtime=in_range | checksum=OK
[STRIDED_GEMM] N=64 threads=10 rep=6 batches=373288 time=0.994 s | package=68.997 J | dram=0.000000 | total=68.997 J | power=69.4 W | runtime=in_range | checksum=OK
[STRIDED_GEMM] N=64 threads=10 rep=7 batches=373288 time=1.008 s | package=63.719 J | dram=0.000000 | total=63.719 J | power=63.2 W | runtime=in_range | checksum=OK
[STRIDED_GEMM] N=64 threads=10 rep=8 batches=373288 time=1.011 s | package=64.151 J | dram=0.000000 | total=64.151 J | power=63.5 W | runtime=in_range | checksum=OK
[STRIDED_GEMM] N=64 threads=10 rep=9 batches=373288 time=1.011 s | package=64.688 J | dram=0.000000 | total=64.688 J | power=64.0 W | runtime=in_range | checksum=OK
[STRIDED_GEMM] N=64 threads=10 rep=10 batches=373288 time=1.011 s | package=65.489 J | dram=0.000000 | total=65.489 J | power=64.8 W | runtime=in_range | checksum=OK
[OpenBLAS] requested=8 active=8
[STRIDED_GEMM] N=16384 threads=8 rep=1 batches=1 time=7.672 s | package=1154.797 J | dram=15.033887 | total=1169.831 J | power=152.5 W | runtime=above | checksum=OK
[STRIDED_GEMM] N=16384 threads=8 rep=2 batches=1 time=7.704 s | package=1154.417 J | dram=15.120975 | total=1169.538 J | power=151.8 W | runtime=above | checksum=OK
[STRIDED_GEMM] N=16384 threads=8 rep=3 batches=1 time=7.729 s | package=1148.925 J | dram=15.178686 | total=1164.104 J | power=150.6 W | runtime=above | checksum=OK
[STRIDED_GEMM] N=16384 threads=8 rep=4 batches=1 time=7.753 s | package=1148.472 J | dram=15.181073 | total=1163.654 J | power=150.1 W | runtime=above | checksum=OK
[STRIDED_GEMM] N=16384 threads=8 rep=5 batches=1 time=7.771 s | package=1143.680 J | dram=15.392091 | total=1159.072 J | power=149.1 W | runtime=above | checksum=OK
[STRIDED_GEMM] N=16384 threads=8 rep=6 batches=1 time=7.800 s | package=1143.099 J | dram=15.585268 | total=1158.684 J | power=148.5 W | runtime=above | checksum=OK
[STRIDED_GEMM] N=16384 threads=8 rep=7 batches=1 time=7.624 s | package=1172.627 J | dram=15.346451 | total=1187.974 J | power=155.8 W | runtime=above | checksum=OK
[STRIDED_GEMM] N=16384 threads=8 rep=8 batches=1 time=7.652 s | package=1171.901 J | dram=15.532637 | total=1187.434 J | power=155.2 W | runtime=above | checksum=OK
[STRIDED_GEMM] N=16384 threads=8 rep=9 batches=1 time=7.680 s | package=1168.420 J | dram=15.345518 | total=1183.765 J | power=154.1 W | runtime=above | checksum=OK
[STRIDED_GEMM] N=16384 threads=8 rep=10 batches=1 time=7.704 s | package=1166.787 J | dram=15.397400 | total=1182.184 J | power=153.5 W | runtime=above | checksum=OK
[OpenBLAS] requested=8 active=8
[STRIDED_GEMM] N=64 threads=8 rep=1 batches=366380 time=1.001 s | package=59.578 J | dram=0.000000 | total=59.578 J | power=59.5 W | runtime=in_range | checksum=OK
[STRIDED_GEMM] N=64 threads=8 rep=2 batches=366380 time=1.008 s | package=60.887 J | dram=0.000000 | total=60.887 J | power=60.4 W | runtime=in_range | checksum=OK
[STRIDED_GEMM] N=64 threads=8 rep=3 batches=366380 time=1.006 s | package=60.202 J | dram=0.000000 | total=60.202 J | power=59.8 W | runtime=in_range | checksum=OK
[STRIDED_GEMM] N=64 threads=8 rep=4 batches=366380 time=1.008 s | package=60.754 J | dram=0.000000 | total=60.754 J | power=60.3 W | runtime=in_range | checksum=OK
[STRIDED_GEMM] N=64 threads=8 rep=5 batches=366380 time=1.006 s | package=60.259 J | dram=0.000000 | total=60.259 J | power=59.9 W | runtime=in_range | checksum=OK
[STRIDED_GEMM] N=64 threads=8 rep=6 batches=366380 time=1.006 s | package=60.733 J | dram=0.000000 | total=60.733 J | power=60.3 W | runtime=in_range | checksum=OK
[STRIDED_GEMM] N=64 threads=8 rep=7 batches=366380 time=1.003 s | package=59.040 J | dram=0.000000 | total=59.040 J | power=58.9 W | runtime=in_range | checksum=OK
[STRIDED_GEMM] N=64 threads=8 rep=8 batches=366380 time=1.002 s | package=59.751 J | dram=0.000000 | total=59.751 J | power=59.6 W | runtime=in_range | checksum=OK
[STRIDED_GEMM] N=64 threads=8 rep=9 batches=366380 time=1.002 s | package=60.132 J | dram=0.000000 | total=60.132 J | power=60.0 W | runtime=in_range | checksum=OK
[STRIDED_GEMM] N=64 threads=8 rep=10 batches=366380 time=1.000 s | package=59.556 J | dram=0.000000 | total=59.556 J | power=59.5 W | runtime=in_range | checksum=OK
[OpenBLAS] requested=16 active=16
[STRIDED_GEMM] N=16384 threads=16 rep=1 batches=1 time=8.827 s | package=1381.763 J | dram=15.737672 | total=1397.501 J | power=158.3 W | runtime=above | checksum=OK
[STRIDED_GEMM] N=16384 threads=16 rep=2 batches=1 time=8.928 s | package=1382.488 J | dram=15.945048 | total=1398.433 J | power=156.6 W | runtime=above | checksum=OK
[STRIDED_GEMM] N=16384 threads=16 rep=3 batches=1 time=9.016 s | package=1384.020 J | dram=16.091362 | total=1400.111 J | power=155.3 W | runtime=above | checksum=OK
[STRIDED_GEMM] N=16384 threads=16 rep=4 batches=1 time=8.975 s | package=1368.892 J | dram=15.843196 | total=1384.735 J | power=154.3 W | runtime=above | checksum=OK
[STRIDED_GEMM] N=16384 threads=16 rep=5 batches=1 time=8.931 s | package=1352.154 J | dram=15.624804 | total=1367.779 J | power=153.1 W | runtime=above | checksum=OK
[STRIDED_GEMM] N=16384 threads=16 rep=6 batches=1 time=9.010 s | package=1353.180 J | dram=15.902621 | total=1369.083 J | power=152.0 W | runtime=above | checksum=OK
[STRIDED_GEMM] N=16384 threads=16 rep=7 batches=1 time=8.926 s | package=1332.922 J | dram=15.492382 | total=1348.414 J | power=151.1 W | runtime=above | checksum=OK
[STRIDED_GEMM] N=16384 threads=16 rep=8 batches=1 time=8.899 s | package=1322.070 J | dram=15.277937 | total=1337.348 J | power=150.3 W | runtime=above | checksum=OK
[STRIDED_GEMM] N=16384 threads=16 rep=9 batches=1 time=8.976 s | package=1324.170 J | dram=15.661279 | total=1339.832 J | power=149.3 W | runtime=above | checksum=OK
[STRIDED_GEMM] N=16384 threads=16 rep=10 batches=1 time=8.943 s | package=1312.172 J | dram=15.447737 | total=1327.620 J | power=148.4 W | runtime=above | checksum=OK
[OpenBLAS] requested=4 active=4
[STRIDED_GEMM] N=64 threads=4 rep=1 batches=361661 time=0.999 s | package=59.558 J | dram=0.000000 | total=59.558 J | power=59.6 W | runtime=in_range | checksum=OK
[STRIDED_GEMM] N=64 threads=4 rep=2 batches=361661 time=0.999 s | package=58.990 J | dram=0.000015 | total=58.990 J | power=59.1 W | runtime=in_range | checksum=OK
[STRIDED_GEMM] N=64 threads=4 rep=3 batches=361661 time=0.997 s | package=58.722 J | dram=0.000000 | total=58.722 J | power=58.9 W | runtime=in_range | checksum=OK
[STRIDED_GEMM] N=64 threads=4 rep=4 batches=361661 time=1.000 s | package=59.730 J | dram=0.000046 | total=59.730 J | power=59.7 W | runtime=in_range | checksum=OK
[STRIDED_GEMM] N=64 threads=4 rep=5 batches=361661 time=0.998 s | package=58.500 J | dram=0.000000 | total=58.500 J | power=58.6 W | runtime=in_range | checksum=OK
[STRIDED_GEMM] N=64 threads=4 rep=6 batches=361661 time=0.998 s | package=59.977 J | dram=0.000000 | total=59.977 J | power=60.1 W | runtime=in_range | checksum=OK
[STRIDED_GEMM] N=64 threads=4 rep=7 batches=361661 time=1.024 s | package=58.996 J | dram=0.000000 | total=58.996 J | power=57.6 W | runtime=in_range | checksum=OK
[STRIDED_GEMM] N=64 threads=4 rep=8 batches=361661 time=0.997 s | package=59.803 J | dram=0.000000 | total=59.803 J | power=60.0 W | runtime=in_range | checksum=OK
[STRIDED_GEMM] N=64 threads=4 rep=9 batches=361661 time=0.997 s | package=59.882 J | dram=0.000000 | total=59.882 J | power=60.0 W | runtime=in_range | checksum=OK
[STRIDED_GEMM] N=64 threads=4 rep=10 batches=361661 time=0.996 s | package=59.629 J | dram=0.000000 | total=59.629 J | power=59.9 W | runtime=in_range | checksum=OK
[OpenBLAS] requested=16 active=16
[STRIDED_GEMM] N=1024 threads=16 rep=1 batches=473 time=1.080 s | package=164.008 J | dram=0.287518 | total=164.296 J | power=152.1 W | runtime=in_range | checksum=OK
[STRIDED_GEMM] N=1024 threads=16 rep=2 batches=473 time=1.084 s | package=163.985 J | dram=0.283417 | total=164.269 J | power=151.5 W | runtime=in_range | checksum=OK
[STRIDED_GEMM] N=1024 threads=16 rep=3 batches=473 time=1.084 s | package=163.837 J | dram=0.292307 | total=164.129 J | power=151.5 W | runtime=in_range | checksum=OK
[STRIDED_GEMM] N=1024 threads=16 rep=4 batches=473 time=1.084 s | package=163.603 J | dram=0.271269 | total=163.874 J | power=151.1 W | runtime=in_range | checksum=OK
[STRIDED_GEMM] N=1024 threads=16 rep=5 batches=473 time=1.086 s | package=162.897 J | dram=0.271453 | total=163.169 J | power=150.2 W | runtime=in_range | checksum=OK
[STRIDED_GEMM] N=1024 threads=16 rep=6 batches=473 time=1.086 s | package=163.176 J | dram=0.281887 | total=163.458 J | power=150.5 W | runtime=in_range | checksum=OK
[STRIDED_GEMM] N=1024 threads=16 rep=7 batches=473 time=1.087 s | package=162.528 J | dram=0.290103 | total=162.818 J | power=149.8 W | runtime=in_range | checksum=OK
[STRIDED_GEMM] N=1024 threads=16 rep=8 batches=473 time=1.087 s | package=162.281 J | dram=0.294877 | total=162.576 J | power=149.6 W | runtime=in_range | checksum=OK
[STRIDED_GEMM] N=1024 threads=16 rep=9 batches=473 time=1.089 s | package=162.077 J | dram=0.288497 | total=162.366 J | power=149.1 W | runtime=in_range | checksum=OK
[STRIDED_GEMM] N=1024 threads=16 rep=10 batches=473 time=1.090 s | package=161.809 J | dram=0.299069 | total=162.108 J | power=148.8 W | runtime=in_range | checksum=OK
[OpenBLAS] requested=2 active=2
[STRIDED_GEMM] N=8192 threads=2 rep=1 batches=1 time=3.015 s | package=251.548 J | dram=0.987859 | total=252.536 J | power=83.8 W | runtime=above | checksum=OK
[STRIDED_GEMM] N=8192 threads=2 rep=2 batches=1 time=3.013 s | package=254.056 J | dram=0.918153 | total=254.974 J | power=84.6 W | runtime=above | checksum=OK
[STRIDED_GEMM] N=8192 threads=2 rep=3 batches=1 time=3.011 s | package=253.641 J | dram=0.937446 | total=254.579 J | power=84.6 W | runtime=above | checksum=OK
[STRIDED_GEMM] N=8192 threads=2 rep=4 batches=1 time=3.000 s | package=252.194 J | dram=0.988349 | total=253.183 J | power=84.4 W | runtime=above | checksum=OK
[STRIDED_GEMM] N=8192 threads=2 rep=5 batches=1 time=3.001 s | package=253.655 J | dram=0.972912 | total=254.628 J | power=84.9 W | runtime=above | checksum=OK
[STRIDED_GEMM] N=8192 threads=2 rep=6 batches=1 time=3.002 s | package=256.324 J | dram=0.988977 | total=257.313 J | power=85.7 W | runtime=above | checksum=OK
[STRIDED_GEMM] N=8192 threads=2 rep=7 batches=1 time=2.996 s | package=255.370 J | dram=0.928297 | total=256.298 J | power=85.6 W | runtime=above | checksum=OK
[STRIDED_GEMM] N=8192 threads=2 rep=8 batches=1 time=2.995 s | package=255.707 J | dram=0.951798 | total=256.659 J | power=85.7 W | runtime=above | checksum=OK
[STRIDED_GEMM] N=8192 threads=2 rep=9 batches=1 time=2.984 s | package=252.516 J | dram=0.960473 | total=253.476 J | power=85.0 W | runtime=above | checksum=OK
[STRIDED_GEMM] N=8192 threads=2 rep=10 batches=1 time=2.986 s | package=253.783 J | dram=1.020081 | total=254.803 J | power=85.3 W | runtime=above | checksum=OK
[OpenBLAS] requested=16 active=16
[STRIDED_GEMM] N=128 threads=16 rep=1 batches=84665 time=1.015 s | package=126.831 J | dram=0.000000 | total=126.831 J | power=125.0 W | runtime=in_range | checksum=OK
[STRIDED_GEMM] N=128 threads=16 rep=2 batches=84665 time=1.034 s | package=126.366 J | dram=0.000000 | total=126.366 J | power=122.2 W | runtime=in_range | checksum=OK
[STRIDED_GEMM] N=128 threads=16 rep=3 batches=84665 time=1.038 s | package=126.345 J | dram=0.000000 | total=126.345 J | power=121.7 W | runtime=in_range | checksum=OK
[STRIDED_GEMM] N=128 threads=16 rep=4 batches=84665 time=1.044 s | package=126.523 J | dram=0.000000 | total=126.523 J | power=121.2 W | runtime=in_range | checksum=OK
[STRIDED_GEMM] N=128 threads=16 rep=5 batches=84665 time=1.039 s | package=126.238 J | dram=0.000000 | total=126.238 J | power=121.5 W | runtime=in_range | checksum=OK
[STRIDED_GEMM] N=128 threads=16 rep=6 batches=84665 time=1.032 s | package=125.911 J | dram=0.000000 | total=125.911 J | power=122.0 W | runtime=in_range | checksum=OK
[STRIDED_GEMM] N=128 threads=16 rep=7 batches=84665 time=1.032 s | package=126.104 J | dram=0.000000 | total=126.104 J | power=122.2 W | runtime=in_range | checksum=OK
[STRIDED_GEMM] N=128 threads=16 rep=8 batches=84665 time=1.031 s | package=126.163 J | dram=0.000000 | total=126.163 J | power=122.4 W | runtime=in_range | checksum=OK
[STRIDED_GEMM] N=128 threads=16 rep=9 batches=84665 time=1.025 s | package=125.390 J | dram=0.000000 | total=125.390 J | power=122.3 W | runtime=in_range | checksum=OK
[STRIDED_GEMM] N=128 threads=16 rep=10 batches=84665 time=1.062 s | package=132.747 J | dram=0.000000 | total=132.747 J | power=125.0 W | runtime=in_range | checksum=OK
[OpenBLAS] requested=4 active=4
[STRIDED_GEMM] N=8192 threads=4 rep=1 batches=1 time=1.606 s | package=179.244 J | dram=1.417270 | total=180.661 J | power=112.5 W | runtime=above | checksum=OK
[STRIDED_GEMM] N=8192 threads=4 rep=2 batches=1 time=1.608 s | package=179.526 J | dram=1.437588 | total=180.964 J | power=112.6 W | runtime=above | checksum=OK
[STRIDED_GEMM] N=8192 threads=4 rep=3 batches=1 time=1.606 s | package=179.135 J | dram=1.446370 | total=180.582 J | power=112.4 W | runtime=above | checksum=OK
[STRIDED_GEMM] N=8192 threads=4 rep=4 batches=1 time=1.606 s | package=178.908 J | dram=1.462236 | total=180.370 J | power=112.3 W | runtime=above | checksum=OK
[STRIDED_GEMM] N=8192 threads=4 rep=5 batches=1 time=1.604 s | package=178.980 J | dram=1.489639 | total=180.470 J | power=112.5 W | runtime=above | checksum=OK
[STRIDED_GEMM] N=8192 threads=4 rep=6 batches=1 time=1.605 s | package=179.069 J | dram=1.470345 | total=180.540 J | power=112.5 W | runtime=above | checksum=OK
[STRIDED_GEMM] N=8192 threads=4 rep=7 batches=1 time=1.604 s | package=179.481 J | dram=1.451710 | total=180.932 J | power=112.8 W | runtime=above | checksum=OK
[STRIDED_GEMM] N=8192 threads=4 rep=8 batches=1 time=1.605 s | package=181.281 J | dram=1.441352 | total=182.722 J | power=113.8 W | runtime=above | checksum=OK
[STRIDED_GEMM] N=8192 threads=4 rep=9 batches=1 time=1.609 s | package=182.718 J | dram=1.450363 | total=184.169 J | power=114.5 W | runtime=above | checksum=OK
[STRIDED_GEMM] N=8192 threads=4 rep=10 batches=1 time=1.611 s | package=181.851 J | dram=1.461563 | total=183.313 J | power=113.8 W | runtime=above | checksum=OK
[OpenBLAS] requested=1 active=1
[STRIDED_GEMM] N=64 threads=1 rep=1 batches=359107 time=0.999 s | package=58.930 J | dram=0.000000 | total=58.930 J | power=59.0 W | runtime=in_range | checksum=OK
[STRIDED_GEMM] N=64 threads=1 rep=2 batches=359107 time=0.998 s | package=59.646 J | dram=0.000000 | total=59.646 J | power=59.8 W | runtime=in_range | checksum=OK
[STRIDED_GEMM] N=64 threads=1 rep=3 batches=359107 time=0.997 s | package=59.648 J | dram=0.000000 | total=59.648 J | power=59.8 W | runtime=in_range | checksum=OK
[STRIDED_GEMM] N=64 threads=1 rep=4 batches=359107 time=0.998 s | package=59.935 J | dram=0.000000 | total=59.935 J | power=60.1 W | runtime=in_range | checksum=OK
[STRIDED_GEMM] N=64 threads=1 rep=5 batches=359107 time=0.998 s | package=60.155 J | dram=0.000000 | total=60.155 J | power=60.3 W | runtime=in_range | checksum=OK
[STRIDED_GEMM] N=64 threads=1 rep=6 batches=359107 time=0.996 s | package=59.511 J | dram=0.000000 | total=59.511 J | power=59.7 W | runtime=in_range | checksum=OK
[STRIDED_GEMM] N=64 threads=1 rep=7 batches=359107 time=0.996 s | package=59.658 J | dram=0.000000 | total=59.658 J | power=59.9 W | runtime=in_range | checksum=OK
[STRIDED_GEMM] N=64 threads=1 rep=8 batches=359107 time=0.995 s | package=59.308 J | dram=0.000000 | total=59.308 J | power=59.6 W | runtime=in_range | checksum=OK
[STRIDED_GEMM] N=64 threads=1 rep=9 batches=359107 time=0.994 s | package=58.647 J | dram=0.000000 | total=58.647 J | power=59.0 W | runtime=in_range | checksum=OK
[STRIDED_GEMM] N=64 threads=1 rep=10 batches=359107 time=0.995 s | package=59.165 J | dram=0.000000 | total=59.165 J | power=59.5 W | runtime=in_range | checksum=OK
[OpenBLAS] requested=8 active=8
[STRIDED_GEMM] N=512 threads=8 rep=1 batches=3842 time=1.039 s | package=153.350 J | dram=0.000015 | total=153.350 J | power=147.6 W | runtime=in_range | checksum=OK
[STRIDED_GEMM] N=512 threads=8 rep=2 batches=3842 time=1.044 s | package=152.915 J | dram=0.000000 | total=152.915 J | power=146.5 W | runtime=in_range | checksum=OK
[STRIDED_GEMM] N=512 threads=8 rep=3 batches=3842 time=1.045 s | package=152.949 J | dram=0.000000 | total=152.949 J | power=146.3 W | runtime=in_range | checksum=OK
[STRIDED_GEMM] N=512 threads=8 rep=4 batches=3842 time=1.044 s | package=152.770 J | dram=0.000031 | total=152.770 J | power=146.3 W | runtime=in_range | checksum=OK
[STRIDED_GEMM] N=512 threads=8 rep=5 batches=3842 time=1.046 s | package=153.267 J | dram=0.000000 | total=153.267 J | power=146.5 W | runtime=in_range | checksum=OK
[STRIDED_GEMM] N=512 threads=8 rep=6 batches=3842 time=1.046 s | package=152.992 J | dram=0.000000 | total=152.992 J | power=146.3 W | runtime=in_range | checksum=OK
[STRIDED_GEMM] N=512 threads=8 rep=7 batches=3842 time=1.047 s | package=152.943 J | dram=0.000000 | total=152.943 J | power=146.1 W | runtime=in_range | checksum=OK
[STRIDED_GEMM] N=512 threads=8 rep=8 batches=3842 time=1.051 s | package=153.598 J | dram=0.000000 | total=153.598 J | power=146.1 W | runtime=in_range | checksum=OK
[STRIDED_GEMM] N=512 threads=8 rep=9 batches=3842 time=1.054 s | package=153.734 J | dram=0.000000 | total=153.734 J | power=145.9 W | runtime=in_range | checksum=OK
[STRIDED_GEMM] N=512 threads=8 rep=10 batches=3842 time=1.057 s | package=154.475 J | dram=0.000000 | total=154.475 J | power=146.1 W | runtime=in_range | checksum=OK
[OpenBLAS] requested=10 active=10
[STRIDED_GEMM] N=512 threads=10 rep=1 batches=3269 time=1.020 s | package=161.277 J | dram=0.000000 | total=161.277 J | power=158.1 W | runtime=in_range | checksum=OK
[STRIDED_GEMM] N=512 threads=10 rep=2 batches=3269 time=1.024 s | package=161.536 J | dram=0.000000 | total=161.536 J | power=157.7 W | runtime=in_range | checksum=OK
[STRIDED_GEMM] N=512 threads=10 rep=3 batches=3269 time=1.026 s | package=161.636 J | dram=0.000000 | total=161.636 J | power=157.5 W | runtime=in_range | checksum=OK
[STRIDED_GEMM] N=512 threads=10 rep=4 batches=3269 time=1.029 s | package=162.110 J | dram=0.000000 | total=162.110 J | power=157.5 W | runtime=in_range | checksum=OK
[STRIDED_GEMM] N=512 threads=10 rep=5 batches=3269 time=1.029 s | package=162.053 J | dram=0.000000 | total=162.053 J | power=157.4 W | runtime=in_range | checksum=OK
[STRIDED_GEMM] N=512 threads=10 rep=6 batches=3269 time=1.030 s | package=161.974 J | dram=0.000000 | total=161.974 J | power=157.2 W | runtime=in_range | checksum=OK
[STRIDED_GEMM] N=512 threads=10 rep=7 batches=3269 time=1.032 s | package=162.281 J | dram=0.000000 | total=162.281 J | power=157.2 W | runtime=in_range | checksum=OK
[STRIDED_GEMM] N=512 threads=10 rep=8 batches=3269 time=1.034 s | package=162.388 J | dram=0.000000 | total=162.388 J | power=157.0 W | runtime=in_range | checksum=OK
[STRIDED_GEMM] N=512 threads=10 rep=9 batches=3269 time=1.034 s | package=162.368 J | dram=0.000000 | total=162.368 J | power=157.0 W | runtime=in_range | checksum=OK
[STRIDED_GEMM] N=512 threads=10 rep=10 batches=3269 time=1.036 s | package=162.391 J | dram=0.000000 | total=162.391 J | power=156.7 W | runtime=in_range | checksum=OK
[OpenBLAS] requested=8 active=8
[STRIDED_GEMM] N=8192 threads=8 rep=1 batches=2 time=1.927 s | package=296.945 J | dram=3.643649 | total=300.589 J | power=156.0 W | runtime=above | checksum=OK
[STRIDED_GEMM] N=8192 threads=8 rep=2 batches=2 time=1.925 s | package=296.144 J | dram=3.646372 | total=299.791 J | power=155.7 W | runtime=above | checksum=OK
[STRIDED_GEMM] N=8192 threads=8 rep=3 batches=2 time=1.928 s | package=295.837 J | dram=3.661489 | total=299.499 J | power=155.4 W | runtime=above | checksum=OK
[STRIDED_GEMM] N=8192 threads=8 rep=4 batches=2 time=1.926 s | package=295.291 J | dram=3.644078 | total=298.935 J | power=155.2 W | runtime=above | checksum=OK
[STRIDED_GEMM] N=8192 threads=8 rep=5 batches=2 time=1.928 s | package=294.376 J | dram=3.679741 | total=298.056 J | power=154.6 W | runtime=above | checksum=OK
[STRIDED_GEMM] N=8192 threads=8 rep=6 batches=2 time=1.931 s | package=294.900 J | dram=3.684883 | total=298.584 J | power=154.7 W | runtime=above | checksum=OK
[STRIDED_GEMM] N=8192 threads=8 rep=7 batches=2 time=1.931 s | package=294.567 J | dram=3.691875 | total=298.259 J | power=154.5 W | runtime=above | checksum=OK
[STRIDED_GEMM] N=8192 threads=8 rep=8 batches=2 time=1.929 s | package=293.974 J | dram=3.700595 | total=297.674 J | power=154.3 W | runtime=above | checksum=OK
[STRIDED_GEMM] N=8192 threads=8 rep=9 batches=2 time=1.929 s | package=293.416 J | dram=3.663310 | total=297.080 J | power=154.0 W | runtime=above | checksum=OK
[STRIDED_GEMM] N=8192 threads=8 rep=10 batches=2 time=1.931 s | package=293.461 J | dram=3.689228 | total=297.150 J | power=153.9 W | runtime=above | checksum=OK
[OpenBLAS] requested=2 active=2
[STRIDED_GEMM] N=256 threads=2 rep=1 batches=8442 time=1.006 s | package=82.714 J | dram=0.000000 | total=82.714 J | power=82.2 W | runtime=in_range | checksum=OK
[STRIDED_GEMM] N=256 threads=2 rep=2 batches=8442 time=1.005 s | package=83.000 J | dram=0.000000 | total=83.000 J | power=82.6 W | runtime=in_range | checksum=OK
[STRIDED_GEMM] N=256 threads=2 rep=3 batches=8442 time=1.005 s | package=83.012 J | dram=0.000000 | total=83.012 J | power=82.6 W | runtime=in_range | checksum=OK
[STRIDED_GEMM] N=256 threads=2 rep=4 batches=8442 time=1.004 s | package=82.233 J | dram=0.000000 | total=82.233 J | power=81.9 W | runtime=in_range | checksum=OK
[STRIDED_GEMM] N=256 threads=2 rep=5 batches=8442 time=1.000 s | package=81.818 J | dram=0.000000 | total=81.818 J | power=81.8 W | runtime=in_range | checksum=OK
[STRIDED_GEMM] N=256 threads=2 rep=6 batches=8442 time=0.998 s | package=82.119 J | dram=0.000000 | total=82.119 J | power=82.3 W | runtime=in_range | checksum=OK
[STRIDED_GEMM] N=256 threads=2 rep=7 batches=8442 time=1.004 s | package=82.717 J | dram=0.000000 | total=82.717 J | power=82.4 W | runtime=in_range | checksum=OK
[STRIDED_GEMM] N=256 threads=2 rep=8 batches=8442 time=1.004 s | package=82.780 J | dram=0.000000 | total=82.780 J | power=82.5 W | runtime=in_range | checksum=OK
[STRIDED_GEMM] N=256 threads=2 rep=9 batches=8442 time=1.005 s | package=83.996 J | dram=0.000000 | total=83.996 J | power=83.6 W | runtime=in_range | checksum=OK
[STRIDED_GEMM] N=256 threads=2 rep=10 batches=8442 time=1.002 s | package=83.433 J | dram=0.000000 | total=83.433 J | power=83.3 W | runtime=in_range | checksum=OK
[OpenBLAS] requested=1 active=1
[STRIDED_GEMM] N=8192 threads=1 rep=1 batches=1 time=5.769 s | package=355.459 J | dram=0.196131 | total=355.655 J | power=61.6 W | runtime=above | checksum=OK
[STRIDED_GEMM] N=8192 threads=1 rep=2 batches=1 time=5.755 s | package=354.226 J | dram=0.220702 | total=354.447 J | power=61.6 W | runtime=above | checksum=OK
[STRIDED_GEMM] N=8192 threads=1 rep=3 batches=1 time=5.750 s | package=358.293 J | dram=0.223273 | total=358.516 J | power=62.3 W | runtime=above | checksum=OK
[STRIDED_GEMM] N=8192 threads=1 rep=4 batches=1 time=5.733 s | package=355.813 J | dram=0.223808 | total=356.037 J | power=62.1 W | runtime=above | checksum=OK
[STRIDED_GEMM] N=8192 threads=1 rep=5 batches=1 time=5.667 s | package=369.713 J | dram=0.214475 | total=369.928 J | power=65.3 W | runtime=above | checksum=OK
[STRIDED_GEMM] N=8192 threads=1 rep=6 batches=1 time=5.611 s | package=397.599 J | dram=0.217826 | total=397.817 J | power=70.9 W | runtime=above | checksum=OK
[STRIDED_GEMM] N=8192 threads=1 rep=7 batches=1 time=5.604 s | package=399.397 J | dram=0.237058 | total=399.634 J | power=71.3 W | runtime=above | checksum=OK
[STRIDED_GEMM] N=8192 threads=1 rep=8 batches=1 time=5.587 s | package=397.177 J | dram=0.211890 | total=397.389 J | power=71.1 W | runtime=above | checksum=OK
[STRIDED_GEMM] N=8192 threads=1 rep=9 batches=1 time=5.572 s | package=394.475 J | dram=0.247906 | total=394.723 J | power=70.8 W | runtime=above | checksum=OK
[STRIDED_GEMM] N=8192 threads=1 rep=10 batches=1 time=5.565 s | package=395.271 J | dram=0.230724 | total=395.502 J | power=71.1 W | runtime=above | checksum=OK
[OpenBLAS] requested=1 active=1
[STRIDED_GEMM] N=1024 threads=1 rep=1 batches=87 time=1.009 s | package=68.197 J | dram=0.000000 | total=68.197 J | power=67.6 W | runtime=in_range | checksum=OK
[STRIDED_GEMM] N=1024 threads=1 rep=2 batches=87 time=1.009 s | package=67.983 J | dram=0.000077 | total=67.984 J | power=67.4 W | runtime=in_range | checksum=OK
[STRIDED_GEMM] N=1024 threads=1 rep=3 batches=87 time=1.007 s | package=68.309 J | dram=0.000061 | total=68.309 J | power=67.8 W | runtime=in_range | checksum=OK
[STRIDED_GEMM] N=1024 threads=1 rep=4 batches=87 time=1.007 s | package=67.916 J | dram=0.000076 | total=67.916 J | power=67.5 W | runtime=in_range | checksum=OK
[STRIDED_GEMM] N=1024 threads=1 rep=5 batches=87 time=1.006 s | package=68.044 J | dram=0.000031 | total=68.044 J | power=67.6 W | runtime=in_range | checksum=OK
[STRIDED_GEMM] N=1024 threads=1 rep=6 batches=87 time=1.005 s | package=67.874 J | dram=0.000015 | total=67.874 J | power=67.5 W | runtime=in_range | checksum=OK
[STRIDED_GEMM] N=1024 threads=1 rep=7 batches=87 time=1.005 s | package=67.953 J | dram=0.000077 | total=67.953 J | power=67.6 W | runtime=in_range | checksum=OK
[STRIDED_GEMM] N=1024 threads=1 rep=8 batches=87 time=1.004 s | package=67.802 J | dram=0.000015 | total=67.802 J | power=67.5 W | runtime=in_range | checksum=OK
[STRIDED_GEMM] N=1024 threads=1 rep=9 batches=87 time=1.004 s | package=67.576 J | dram=0.000046 | total=67.576 J | power=67.3 W | runtime=in_range | checksum=OK
[STRIDED_GEMM] N=1024 threads=1 rep=10 batches=87 time=1.002 s | package=67.310 J | dram=0.000015 | total=67.310 J | power=67.2 W | runtime=in_range | checksum=OK
[OpenBLAS] requested=2 active=2
[STRIDED_GEMM] N=16384 threads=2 rep=1 batches=1 time=22.692 s | package=1941.723 J | dram=10.818584 | total=1952.541 J | power=86.0 W | runtime=above | checksum=OK
[STRIDED_GEMM] N=16384 threads=2 rep=2 batches=1 time=22.775 s | package=1982.440 J | dram=10.509463 | total=1992.950 J | power=87.5 W | runtime=above | checksum=OK
[STRIDED_GEMM] N=16384 threads=2 rep=3 batches=1 time=22.854 s | package=2025.796 J | dram=10.047556 | total=2035.844 J | power=89.1 W | runtime=above | checksum=OK
[STRIDED_GEMM] N=16384 threads=2 rep=4 batches=1 time=22.754 s | package=1999.273 J | dram=9.937182 | total=2009.210 J | power=88.3 W | runtime=above | checksum=OK
[STRIDED_GEMM] N=16384 threads=2 rep=5 batches=1 time=22.741 s | package=2005.403 J | dram=9.925798 | total=2015.328 J | power=88.6 W | runtime=above | checksum=OK
[STRIDED_GEMM] N=16384 threads=2 rep=6 batches=1 time=22.785 s | package=2046.183 J | dram=10.075754 | total=2056.259 J | power=90.2 W | runtime=above | checksum=OK
[STRIDED_GEMM] N=16384 threads=2 rep=7 batches=1 time=22.586 s | package=1984.377 J | dram=10.386374 | total=1994.764 J | power=88.3 W | runtime=above | checksum=OK
[STRIDED_GEMM] N=16384 threads=2 rep=8 batches=1 time=22.303 s | package=1849.696 J | dram=10.193151 | total=1859.889 J | power=83.4 W | runtime=above | checksum=OK
[STRIDED_GEMM] N=16384 threads=2 rep=9 batches=1 time=22.283 s | package=1871.102 J | dram=10.403082 | total=1881.505 J | power=84.4 W | runtime=above | checksum=OK
[STRIDED_GEMM] N=16384 threads=2 rep=10 batches=1 time=22.531 s | package=2001.213 J | dram=10.370309 | total=2011.584 J | power=89.3 W | runtime=above | checksum=OK
[OpenBLAS] requested=2 active=2
[STRIDED_GEMM] N=2048 threads=2 rep=1 batches=23 time=1.018 s | package=88.298 J | dram=0.075383 | total=88.373 J | power=86.8 W | runtime=in_range | checksum=OK
[STRIDED_GEMM] N=2048 threads=2 rep=2 batches=23 time=1.010 s | package=84.248 J | dram=0.074343 | total=84.323 J | power=83.5 W | runtime=in_range | checksum=OK
[STRIDED_GEMM] N=2048 threads=2 rep=3 batches=23 time=1.006 s | package=82.818 J | dram=0.069875 | total=82.888 J | power=82.4 W | runtime=in_range | checksum=OK
[STRIDED_GEMM] N=2048 threads=2 rep=4 batches=23 time=1.013 s | package=82.014 J | dram=0.076347 | total=82.090 J | power=81.0 W | runtime=in_range | checksum=OK
[STRIDED_GEMM] N=2048 threads=2 rep=5 batches=23 time=1.008 s | package=81.542 J | dram=0.075031 | total=81.617 J | power=81.0 W | runtime=in_range | checksum=OK
[STRIDED_GEMM] N=2048 threads=2 rep=6 batches=23 time=1.008 s | package=81.697 J | dram=0.065637 | total=81.763 J | power=81.1 W | runtime=in_range | checksum=OK
[STRIDED_GEMM] N=2048 threads=2 rep=7 batches=23 time=1.002 s | package=82.821 J | dram=0.068820 | total=82.890 J | power=82.8 W | runtime=in_range | checksum=OK
[STRIDED_GEMM] N=2048 threads=2 rep=8 batches=23 time=1.004 s | package=82.086 J | dram=0.061735 | total=82.147 J | power=81.9 W | runtime=in_range | checksum=OK
[STRIDED_GEMM] N=2048 threads=2 rep=9 batches=23 time=1.002 s | package=82.920 J | dram=0.071435 | total=82.992 J | power=82.8 W | runtime=in_range | checksum=OK
[STRIDED_GEMM] N=2048 threads=2 rep=10 batches=23 time=1.003 s | package=83.136 J | dram=0.073241 | total=83.209 J | power=83.0 W | runtime=in_range | checksum=OK
[OpenBLAS] requested=8 active=8
[STRIDED_GEMM] N=4096 threads=8 rep=1 batches=10 time=1.097 s | package=171.552 J | dram=1.911123 | total=173.463 J | power=158.2 W | runtime=in_range | checksum=OK
[STRIDED_GEMM] N=4096 threads=8 rep=2 batches=10 time=1.101 s | package=170.964 J | dram=1.908583 | total=172.873 J | power=157.0 W | runtime=in_range | checksum=OK
[STRIDED_GEMM] N=4096 threads=8 rep=3 batches=10 time=1.094 s | package=172.771 J | dram=1.921894 | total=174.693 J | power=159.6 W | runtime=in_range | checksum=OK
[STRIDED_GEMM] N=4096 threads=8 rep=4 batches=10 time=1.094 s | package=172.720 J | dram=1.935358 | total=174.656 J | power=159.7 W | runtime=in_range | checksum=OK
[STRIDED_GEMM] N=4096 threads=8 rep=5 batches=10 time=1.102 s | package=171.029 J | dram=1.953367 | total=172.983 J | power=157.0 W | runtime=in_range | checksum=OK
[STRIDED_GEMM] N=4096 threads=8 rep=6 batches=10 time=1.097 s | package=172.139 J | dram=1.917870 | total=174.057 J | power=158.7 W | runtime=in_range | checksum=OK
[STRIDED_GEMM] N=4096 threads=8 rep=7 batches=10 time=1.094 s | package=173.118 J | dram=1.935282 | total=175.053 J | power=160.0 W | runtime=in_range | checksum=OK
[STRIDED_GEMM] N=4096 threads=8 rep=8 batches=10 time=1.110 s | package=171.755 J | dram=1.906961 | total=173.662 J | power=156.5 W | runtime=in_range | checksum=OK
[STRIDED_GEMM] N=4096 threads=8 rep=9 batches=10 time=1.098 s | package=171.636 J | dram=1.935573 | total=173.571 J | power=158.1 W | runtime=in_range | checksum=OK
[STRIDED_GEMM] N=4096 threads=8 rep=10 batches=10 time=1.092 s | package=173.108 J | dram=1.938020 | total=175.046 J | power=160.3 W | runtime=in_range | checksum=OK
[OpenBLAS] requested=2 active=2
[STRIDED_GEMM] N=4096 threads=2 rep=1 batches=3 time=1.027 s | package=87.840 J | dram=0.239139 | total=88.079 J | power=85.8 W | runtime=in_range | checksum=OK
[STRIDED_GEMM] N=4096 threads=2 rep=2 batches=3 time=1.025 s | package=88.537 J | dram=0.250262 | total=88.788 J | power=86.6 W | runtime=in_range | checksum=OK
[STRIDED_GEMM] N=4096 threads=2 rep=3 batches=3 time=1.028 s | package=89.426 J | dram=0.262472 | total=89.688 J | power=87.2 W | runtime=in_range | checksum=OK
[STRIDED_GEMM] N=4096 threads=2 rep=4 batches=3 time=1.031 s | package=90.350 J | dram=0.253552 | total=90.604 J | power=87.9 W | runtime=in_range | checksum=OK
[STRIDED_GEMM] N=4096 threads=2 rep=5 batches=3 time=1.031 s | package=89.924 J | dram=0.266312 | total=90.190 J | power=87.5 W | runtime=in_range | checksum=OK
[STRIDED_GEMM] N=4096 threads=2 rep=6 batches=3 time=1.030 s | package=90.145 J | dram=0.246467 | total=90.391 J | power=87.8 W | runtime=in_range | checksum=OK
[STRIDED_GEMM] N=4096 threads=2 rep=7 batches=3 time=1.011 s | package=83.957 J | dram=0.250339 | total=84.207 J | power=83.3 W | runtime=in_range | checksum=OK
[STRIDED_GEMM] N=4096 threads=2 rep=8 batches=3 time=1.023 s | package=86.651 J | dram=0.251424 | total=86.903 J | power=84.9 W | runtime=in_range | checksum=OK
[STRIDED_GEMM] N=4096 threads=2 rep=9 batches=3 time=1.022 s | package=87.187 J | dram=0.260712 | total=87.448 J | power=85.6 W | runtime=in_range | checksum=OK
[STRIDED_GEMM] N=4096 threads=2 rep=10 batches=3 time=1.025 s | package=88.606 J | dram=0.266786 | total=88.873 J | power=86.7 W | runtime=in_range | checksum=OK
[OpenBLAS] requested=20 active=20
[STRIDED_GEMM] N=512 threads=20 rep=1 batches=3250 time=1.011 s | package=170.628 J | dram=0.000000 | total=170.628 J | power=168.7 W | runtime=in_range | checksum=OK
[STRIDED_GEMM] N=512 threads=20 rep=2 batches=3250 time=1.015 s | package=171.473 J | dram=0.000000 | total=171.473 J | power=169.0 W | runtime=in_range | checksum=OK
[STRIDED_GEMM] N=512 threads=20 rep=3 batches=3250 time=1.007 s | package=170.903 J | dram=0.000015 | total=170.903 J | power=169.7 W | runtime=in_range | checksum=OK
[STRIDED_GEMM] N=512 threads=20 rep=4 batches=3250 time=1.004 s | package=170.681 J | dram=0.000000 | total=170.681 J | power=170.0 W | runtime=in_range | checksum=OK
[STRIDED_GEMM] N=512 threads=20 rep=5 batches=3250 time=1.003 s | package=170.853 J | dram=0.000000 | total=170.853 J | power=170.3 W | runtime=in_range | checksum=OK
[STRIDED_GEMM] N=512 threads=20 rep=6 batches=3250 time=1.011 s | package=171.689 J | dram=0.000000 | total=171.689 J | power=169.8 W | runtime=in_range | checksum=OK
[STRIDED_GEMM] N=512 threads=20 rep=7 batches=3250 time=1.014 s | package=172.348 J | dram=0.000000 | total=172.348 J | power=170.0 W | runtime=in_range | checksum=OK
[STRIDED_GEMM] N=512 threads=20 rep=8 batches=3250 time=1.006 s | package=171.507 J | dram=0.000000 | total=171.507 J | power=170.5 W | runtime=in_range | checksum=OK
[STRIDED_GEMM] N=512 threads=20 rep=9 batches=3250 time=1.012 s | package=172.291 J | dram=0.000000 | total=172.291 J | power=170.3 W | runtime=in_range | checksum=OK
[STRIDED_GEMM] N=512 threads=20 rep=10 batches=3250 time=1.004 s | package=171.545 J | dram=0.000000 | total=171.545 J | power=170.9 W | runtime=in_range | checksum=OK
[OpenBLAS] requested=4 active=4
[STRIDED_GEMM] N=128 threads=4 rep=1 batches=85328 time=1.017 s | package=89.625 J | dram=0.000000 | total=89.625 J | power=88.2 W | runtime=in_range | checksum=OK
[STRIDED_GEMM] N=128 threads=4 rep=2 batches=85328 time=1.017 s | package=89.212 J | dram=0.000000 | total=89.212 J | power=87.7 W | runtime=in_range | checksum=OK
[STRIDED_GEMM] N=128 threads=4 rep=3 batches=85328 time=1.018 s | package=89.402 J | dram=0.000000 | total=89.402 J | power=87.8 W | runtime=in_range | checksum=OK
[STRIDED_GEMM] N=128 threads=4 rep=4 batches=85328 time=1.015 s | package=89.906 J | dram=0.000000 | total=89.906 J | power=88.6 W | runtime=in_range | checksum=OK
[STRIDED_GEMM] N=128 threads=4 rep=5 batches=85328 time=1.034 s | package=95.767 J | dram=0.000000 | total=95.767 J | power=92.7 W | runtime=in_range | checksum=OK
[STRIDED_GEMM] N=128 threads=4 rep=6 batches=85328 time=1.055 s | package=99.857 J | dram=0.000000 | total=99.857 J | power=94.7 W | runtime=in_range | checksum=OK
[STRIDED_GEMM] N=128 threads=4 rep=7 batches=85328 time=1.031 s | package=96.327 J | dram=0.000000 | total=96.327 J | power=93.4 W | runtime=in_range | checksum=OK
[STRIDED_GEMM] N=128 threads=4 rep=8 batches=85328 time=1.060 s | package=99.682 J | dram=0.000000 | total=99.682 J | power=94.0 W | runtime=in_range | checksum=OK
[STRIDED_GEMM] N=128 threads=4 rep=9 batches=85328 time=1.056 s | package=99.529 J | dram=0.000000 | total=99.529 J | power=94.2 W | runtime=in_range | checksum=OK
[STRIDED_GEMM] N=128 threads=4 rep=10 batches=85328 time=1.055 s | package=98.738 J | dram=0.000000 | total=98.738 J | power=93.6 W | runtime=in_range | checksum=OK
[OpenBLAS] requested=4 active=4
[STRIDED_GEMM] N=1024 threads=4 rep=1 batches=321 time=1.007 s | package=104.597 J | dram=0.001759 | total=104.599 J | power=103.9 W | runtime=in_range | checksum=OK
[STRIDED_GEMM] N=1024 threads=4 rep=2 batches=321 time=1.006 s | package=105.292 J | dram=0.003351 | total=105.295 J | power=104.6 W | runtime=in_range | checksum=OK
[STRIDED_GEMM] N=1024 threads=4 rep=3 batches=321 time=1.002 s | package=106.634 J | dram=0.003488 | total=106.637 J | power=106.4 W | runtime=in_range | checksum=OK
[STRIDED_GEMM] N=1024 threads=4 rep=4 batches=321 time=0.968 s | package=111.577 J | dram=0.003167 | total=111.580 J | power=115.3 W | runtime=in_range | checksum=OK
[STRIDED_GEMM] N=1024 threads=4 rep=5 batches=321 time=0.969 s | package=113.192 J | dram=0.003122 | total=113.195 J | power=116.8 W | runtime=in_range | checksum=OK
[STRIDED_GEMM] N=1024 threads=4 rep=6 batches=321 time=0.970 s | package=113.210 J | dram=0.002631 | total=113.212 J | power=116.7 W | runtime=in_range | checksum=OK
[STRIDED_GEMM] N=1024 threads=4 rep=7 batches=321 time=0.973 s | package=112.678 J | dram=0.003274 | total=112.681 J | power=115.9 W | runtime=in_range | checksum=OK
[STRIDED_GEMM] N=1024 threads=4 rep=8 batches=321 time=0.970 s | package=112.930 J | dram=0.003244 | total=112.933 J | power=116.4 W | runtime=in_range | checksum=OK
[STRIDED_GEMM] N=1024 threads=4 rep=9 batches=321 time=0.971 s | package=113.497 J | dram=0.004789 | total=113.502 J | power=116.9 W | runtime=in_range | checksum=OK
[STRIDED_GEMM] N=1024 threads=4 rep=10 batches=321 time=0.971 s | package=112.932 J | dram=0.003565 | total=112.936 J | power=116.3 W | runtime=in_range | checksum=OK
[OpenBLAS] requested=16 active=16
[STRIDED_GEMM] N=2048 threads=16 rep=1 batches=64 time=1.001 s | package=169.444 J | dram=1.386776 | total=170.831 J | power=170.7 W | runtime=in_range | checksum=OK
[STRIDED_GEMM] N=2048 threads=16 rep=2 batches=64 time=0.997 s | package=168.453 J | dram=1.361899 | total=169.815 J | power=170.4 W | runtime=in_range | checksum=OK
[STRIDED_GEMM] N=2048 threads=16 rep=3 batches=64 time=0.997 s | package=168.272 J | dram=1.368248 | total=169.641 J | power=170.2 W | runtime=in_range | checksum=OK
[STRIDED_GEMM] N=2048 threads=16 rep=4 batches=64 time=0.997 s | package=168.169 J | dram=1.376005 | total=169.545 J | power=170.1 W | runtime=in_range | checksum=OK
[STRIDED_GEMM] N=2048 threads=16 rep=5 batches=64 time=0.997 s | package=168.323 J | dram=1.372548 | total=169.695 J | power=170.2 W | runtime=in_range | checksum=OK
[STRIDED_GEMM] N=2048 threads=16 rep=6 batches=64 time=0.998 s | package=168.419 J | dram=1.349904 | total=169.769 J | power=170.1 W | runtime=in_range | checksum=OK
[STRIDED_GEMM] N=2048 threads=16 rep=7 batches=64 time=0.998 s | package=168.289 J | dram=1.360017 | total=169.649 J | power=170.0 W | runtime=in_range | checksum=OK
[STRIDED_GEMM] N=2048 threads=16 rep=8 batches=64 time=0.998 s | package=168.332 J | dram=1.354937 | total=169.687 J | power=170.0 W | runtime=in_range | checksum=OK
[STRIDED_GEMM] N=2048 threads=16 rep=9 batches=64 time=1.000 s | package=168.469 J | dram=1.363368 | total=169.832 J | power=169.8 W | runtime=in_range | checksum=OK
[STRIDED_GEMM] N=2048 threads=16 rep=10 batches=64 time=1.000 s | package=168.552 J | dram=1.378882 | total=169.931 J | power=169.9 W | runtime=in_range | checksum=OK
[OpenBLAS] requested=8 active=8
[STRIDED_GEMM] N=256 threads=8 rep=1 batches=25609 time=1.013 s | package=144.591 J | dram=0.000000 | total=144.591 J | power=142.8 W | runtime=in_range | checksum=OK
[STRIDED_GEMM] N=256 threads=8 rep=2 batches=25609 time=1.000 s | package=142.986 J | dram=0.000000 | total=142.986 J | power=143.0 W | runtime=in_range | checksum=OK
[STRIDED_GEMM] N=256 threads=8 rep=3 batches=25609 time=1.012 s | package=143.626 J | dram=0.000000 | total=143.626 J | power=141.9 W | runtime=in_range | checksum=OK
[STRIDED_GEMM] N=256 threads=8 rep=4 batches=25609 time=0.999 s | package=142.588 J | dram=0.000000 | total=142.588 J | power=142.8 W | runtime=in_range | checksum=OK
[STRIDED_GEMM] N=256 threads=8 rep=5 batches=25609 time=1.000 s | package=142.623 J | dram=0.000000 | total=142.623 J | power=142.6 W | runtime=in_range | checksum=OK
[STRIDED_GEMM] N=256 threads=8 rep=6 batches=25609 time=0.996 s | package=142.363 J | dram=0.000000 | total=142.363 J | power=142.9 W | runtime=in_range | checksum=OK
[STRIDED_GEMM] N=256 threads=8 rep=7 batches=25609 time=1.002 s | package=143.905 J | dram=0.000000 | total=143.905 J | power=143.6 W | runtime=in_range | checksum=OK
[STRIDED_GEMM] N=256 threads=8 rep=8 batches=25609 time=0.994 s | package=142.994 J | dram=0.000000 | total=142.994 J | power=143.9 W | runtime=in_range | checksum=OK
[STRIDED_GEMM] N=256 threads=8 rep=9 batches=25609 time=1.001 s | package=143.850 J | dram=0.000000 | total=143.850 J | power=143.7 W | runtime=in_range | checksum=OK
[STRIDED_GEMM] N=256 threads=8 rep=10 batches=25609 time=0.994 s | package=143.080 J | dram=0.000000 | total=143.080 J | power=144.0 W | runtime=in_range | checksum=OK
[OpenBLAS] requested=16 active=16
[STRIDED_GEMM] N=8192 threads=16 rep=1 batches=1 time=1.033 s | package=176.283 J | dram=1.702584 | total=177.985 J | power=172.3 W | runtime=in_range | checksum=OK
[STRIDED_GEMM] N=8192 threads=16 rep=2 batches=1 time=1.034 s | package=176.128 J | dram=1.675932 | total=177.803 J | power=172.0 W | runtime=in_range | checksum=OK
[STRIDED_GEMM] N=8192 threads=16 rep=3 batches=1 time=1.036 s | package=176.297 J | dram=1.665527 | total=177.963 J | power=171.8 W | runtime=in_range | checksum=OK
[STRIDED_GEMM] N=8192 threads=16 rep=4 batches=1 time=1.035 s | package=176.353 J | dram=1.658352 | total=178.011 J | power=171.9 W | runtime=in_range | checksum=OK
[STRIDED_GEMM] N=8192 threads=16 rep=5 batches=1 time=1.036 s | package=176.385 J | dram=1.660631 | total=178.046 J | power=171.8 W | runtime=in_range | checksum=OK
[STRIDED_GEMM] N=8192 threads=16 rep=6 batches=1 time=1.036 s | package=176.225 J | dram=1.663584 | total=177.889 J | power=171.6 W | runtime=in_range | checksum=OK
[STRIDED_GEMM] N=8192 threads=16 rep=7 batches=1 time=1.038 s | package=176.314 J | dram=1.661841 | total=177.976 J | power=171.4 W | runtime=in_range | checksum=OK
[STRIDED_GEMM] N=8192 threads=16 rep=8 batches=1 time=1.038 s | package=176.118 J | dram=1.652032 | total=177.770 J | power=171.2 W | runtime=in_range | checksum=OK
[STRIDED_GEMM] N=8192 threads=16 rep=9 batches=1 time=1.039 s | package=176.163 J | dram=1.622978 | total=177.786 J | power=171.2 W | runtime=in_range | checksum=OK
[STRIDED_GEMM] N=8192 threads=16 rep=10 batches=1 time=1.040 s | package=175.925 J | dram=1.670837 | total=177.596 J | power=170.8 W | runtime=in_range | checksum=OK
[OpenBLAS] requested=10 active=10
[STRIDED_GEMM] N=16384 threads=10 rep=1 batches=1 time=7.416 s | package=1233.944 J | dram=15.726702 | total=1249.671 J | power=168.5 W | runtime=above | checksum=OK
[STRIDED_GEMM] N=16384 threads=10 rep=2 batches=1 time=7.380 s | package=1227.932 J | dram=15.682500 | total=1243.615 J | power=168.5 W | runtime=above | checksum=OK
[STRIDED_GEMM] N=16384 threads=10 rep=3 batches=1 time=7.447 s | package=1235.347 J | dram=16.022283 | total=1251.369 J | power=168.0 W | runtime=above | checksum=OK
[STRIDED_GEMM] N=16384 threads=10 rep=4 batches=1 time=7.461 s | package=1232.184 J | dram=16.103617 | total=1248.287 J | power=167.3 W | runtime=above | checksum=OK
[STRIDED_GEMM] N=16384 threads=10 rep=5 batches=1 time=7.487 s | package=1229.462 J | dram=16.028280 | total=1245.490 J | power=166.4 W | runtime=above | checksum=OK
[STRIDED_GEMM] N=16384 threads=10 rep=6 batches=1 time=7.497 s | package=1226.435 J | dram=16.097665 | total=1242.533 J | power=165.7 W | runtime=above | checksum=OK
[STRIDED_GEMM] N=16384 threads=10 rep=7 batches=1 time=7.524 s | package=1223.277 J | dram=16.118979 | total=1239.396 J | power=164.7 W | runtime=above | checksum=OK
[STRIDED_GEMM] N=16384 threads=10 rep=8 batches=1 time=7.516 s | package=1216.309 J | dram=16.228343 | total=1232.538 J | power=164.0 W | runtime=above | checksum=OK
[STRIDED_GEMM] N=16384 threads=10 rep=9 batches=1 time=7.541 s | package=1212.307 J | dram=16.387937 | total=1228.695 J | power=162.9 W | runtime=above | checksum=OK
[STRIDED_GEMM] N=16384 threads=10 rep=10 batches=1 time=7.552 s | package=1207.776 J | dram=16.550270 | total=1224.327 J | power=162.1 W | runtime=above | checksum=OK
[OpenBLAS] requested=16 active=16
[STRIDED_GEMM] N=256 threads=16 rep=1 batches=19683 time=1.004 s | package=150.423 J | dram=0.000000 | total=150.423 J | power=149.9 W | runtime=in_range | checksum=OK
[STRIDED_GEMM] N=256 threads=16 rep=2 batches=19683 time=1.005 s | package=150.452 J | dram=0.000000 | total=150.452 J | power=149.7 W | runtime=in_range | checksum=OK
[STRIDED_GEMM] N=256 threads=16 rep=3 batches=19683 time=1.005 s | package=150.663 J | dram=0.000000 | total=150.663 J | power=149.9 W | runtime=in_range | checksum=OK
[STRIDED_GEMM] N=256 threads=16 rep=4 batches=19683 time=1.005 s | package=150.506 J | dram=0.000000 | total=150.506 J | power=149.7 W | runtime=in_range | checksum=OK
[STRIDED_GEMM] N=256 threads=16 rep=5 batches=19683 time=1.006 s | package=150.416 J | dram=0.000000 | total=150.416 J | power=149.5 W | runtime=in_range | checksum=OK
[STRIDED_GEMM] N=256 threads=16 rep=6 batches=19683 time=1.006 s | package=150.122 J | dram=0.000000 | total=150.122 J | power=149.3 W | runtime=in_range | checksum=OK
[STRIDED_GEMM] N=256 threads=16 rep=7 batches=19683 time=1.006 s | package=150.360 J | dram=0.000000 | total=150.360 J | power=149.5 W | runtime=in_range | checksum=OK
[STRIDED_GEMM] N=256 threads=16 rep=8 batches=19683 time=1.006 s | package=150.327 J | dram=0.000000 | total=150.327 J | power=149.4 W | runtime=in_range | checksum=OK
[STRIDED_GEMM] N=256 threads=16 rep=9 batches=19683 time=1.008 s | package=149.765 J | dram=0.000000 | total=149.765 J | power=148.5 W | runtime=in_range | checksum=OK
[STRIDED_GEMM] N=256 threads=16 rep=10 batches=19683 time=1.008 s | package=150.336 J | dram=0.000000 | total=150.336 J | power=149.2 W | runtime=in_range | checksum=OK
[OpenBLAS] requested=2 active=2
[STRIDED_GEMM] N=1024 threads=2 rep=1 batches=165 time=1.003 s | package=81.416 J | dram=0.000153 | total=81.416 J | power=81.2 W | runtime=in_range | checksum=OK
[STRIDED_GEMM] N=1024 threads=2 rep=2 batches=165 time=1.003 s | package=81.734 J | dram=0.000153 | total=81.734 J | power=81.5 W | runtime=in_range | checksum=OK
[STRIDED_GEMM] N=1024 threads=2 rep=3 batches=165 time=1.004 s | package=83.233 J | dram=0.000061 | total=83.233 J | power=82.9 W | runtime=in_range | checksum=OK
[STRIDED_GEMM] N=1024 threads=2 rep=4 batches=165 time=1.002 s | package=81.697 J | dram=0.000199 | total=81.697 J | power=81.5 W | runtime=in_range | checksum=OK
[STRIDED_GEMM] N=1024 threads=2 rep=5 batches=165 time=1.001 s | package=81.454 J | dram=0.000183 | total=81.454 J | power=81.4 W | runtime=in_range | checksum=OK
[STRIDED_GEMM] N=1024 threads=2 rep=6 batches=165 time=1.000 s | package=82.605 J | dram=0.000215 | total=82.605 J | power=82.6 W | runtime=in_range | checksum=OK
[STRIDED_GEMM] N=1024 threads=2 rep=7 batches=165 time=1.000 s | package=81.993 J | dram=0.000137 | total=81.993 J | power=82.0 W | runtime=in_range | checksum=OK
[STRIDED_GEMM] N=1024 threads=2 rep=8 batches=165 time=1.000 s | package=81.559 J | dram=0.000214 | total=81.560 J | power=81.6 W | runtime=in_range | checksum=OK
[STRIDED_GEMM] N=1024 threads=2 rep=9 batches=165 time=0.999 s | package=82.099 J | dram=0.000261 | total=82.099 J | power=82.2 W | runtime=in_range | checksum=OK
[STRIDED_GEMM] N=1024 threads=2 rep=10 batches=165 time=0.999 s | package=81.416 J | dram=0.000061 | total=81.416 J | power=81.5 W | runtime=in_range | checksum=OK
[OpenBLAS] requested=20 active=20
[STRIDED_GEMM] N=8192 threads=20 rep=1 batches=1 time=1.249 s | package=203.005 J | dram=2.381506 | total=205.386 J | power=164.5 W | runtime=in_range | checksum=OK
[STRIDED_GEMM] N=8192 threads=20 rep=2 batches=1 time=1.254 s | package=203.898 J | dram=2.401457 | total=206.299 J | power=164.5 W | runtime=above | checksum=OK
[STRIDED_GEMM] N=8192 threads=20 rep=3 batches=1 time=1.255 s | package=203.675 J | dram=2.403493 | total=206.079 J | power=164.2 W | runtime=above | checksum=OK
[STRIDED_GEMM] N=8192 threads=20 rep=4 batches=1 time=1.257 s | package=203.695 J | dram=2.395827 | total=206.091 J | power=164.0 W | runtime=above | checksum=OK
[STRIDED_GEMM] N=8192 threads=20 rep=5 batches=1 time=1.254 s | package=202.746 J | dram=2.414630 | total=205.161 J | power=163.6 W | runtime=above | checksum=OK
[STRIDED_GEMM] N=8192 threads=20 rep=6 batches=1 time=1.256 s | package=202.740 J | dram=2.442401 | total=205.183 J | power=163.3 W | runtime=above | checksum=OK
[STRIDED_GEMM] N=8192 threads=20 rep=7 batches=1 time=1.257 s | package=202.290 J | dram=2.483465 | total=204.773 J | power=162.9 W | runtime=above | checksum=OK
[STRIDED_GEMM] N=8192 threads=20 rep=8 batches=1 time=1.250 s | package=201.685 J | dram=2.448505 | total=204.133 J | power=163.2 W | runtime=above | checksum=OK
[STRIDED_GEMM] N=8192 threads=20 rep=9 batches=1 time=1.259 s | package=202.468 J | dram=2.468487 | total=204.936 J | power=162.8 W | runtime=above | checksum=OK
[STRIDED_GEMM] N=8192 threads=20 rep=10 batches=1 time=1.257 s | package=201.910 J | dram=2.448198 | total=204.359 J | power=162.5 W | runtime=above | checksum=OK
[OpenBLAS] requested=2 active=2
[STRIDED_GEMM] N=512 threads=2 rep=1 batches=1163 time=1.001 s | package=83.046 J | dram=0.000000 | total=83.046 J | power=83.0 W | runtime=in_range | checksum=OK
[STRIDED_GEMM] N=512 threads=2 rep=2 batches=1163 time=1.001 s | package=82.513 J | dram=0.000000 | total=82.513 J | power=82.5 W | runtime=in_range | checksum=OK
[STRIDED_GEMM] N=512 threads=2 rep=3 batches=1163 time=1.002 s | package=83.282 J | dram=0.000000 | total=83.282 J | power=83.1 W | runtime=in_range | checksum=OK
[STRIDED_GEMM] N=512 threads=2 rep=4 batches=1163 time=1.002 s | package=83.210 J | dram=0.000000 | total=83.210 J | power=83.1 W | runtime=in_range | checksum=OK
[STRIDED_GEMM] N=512 threads=2 rep=5 batches=1163 time=1.000 s | package=83.029 J | dram=0.000000 | total=83.029 J | power=83.0 W | runtime=in_range | checksum=OK
[STRIDED_GEMM] N=512 threads=2 rep=6 batches=1163 time=0.998 s | package=83.170 J | dram=0.000000 | total=83.170 J | power=83.3 W | runtime=in_range | checksum=OK
[STRIDED_GEMM] N=512 threads=2 rep=7 batches=1163 time=0.999 s | package=83.417 J | dram=0.000000 | total=83.417 J | power=83.5 W | runtime=in_range | checksum=OK
[STRIDED_GEMM] N=512 threads=2 rep=8 batches=1163 time=0.998 s | package=82.748 J | dram=0.000000 | total=82.748 J | power=82.9 W | runtime=in_range | checksum=OK
[STRIDED_GEMM] N=512 threads=2 rep=9 batches=1163 time=0.996 s | package=82.100 J | dram=0.000000 | total=82.100 J | power=82.4 W | runtime=in_range | checksum=OK
[STRIDED_GEMM] N=512 threads=2 rep=10 batches=1163 time=0.996 s | package=82.199 J | dram=0.000000 | total=82.199 J | power=82.6 W | runtime=in_range | checksum=OK
[OpenBLAS] requested=1 active=1
[STRIDED_GEMM] N=128 threads=1 rep=1 batches=36631 time=1.000 s | package=61.381 J | dram=0.000000 | total=61.381 J | power=61.4 W | runtime=in_range | checksum=OK
[STRIDED_GEMM] N=128 threads=1 rep=2 batches=36631 time=1.000 s | package=61.795 J | dram=0.000000 | total=61.795 J | power=61.8 W | runtime=in_range | checksum=OK
[STRIDED_GEMM] N=128 threads=1 rep=3 batches=36631 time=1.001 s | package=62.542 J | dram=0.000000 | total=62.542 J | power=62.5 W | runtime=in_range | checksum=OK
[STRIDED_GEMM] N=128 threads=1 rep=4 batches=36631 time=1.000 s | package=62.263 J | dram=0.000000 | total=62.263 J | power=62.3 W | runtime=in_range | checksum=OK
[STRIDED_GEMM] N=128 threads=1 rep=5 batches=36631 time=0.999 s | package=62.330 J | dram=0.000000 | total=62.330 J | power=62.4 W | runtime=in_range | checksum=OK
[STRIDED_GEMM] N=128 threads=1 rep=6 batches=36631 time=0.998 s | package=62.307 J | dram=0.000000 | total=62.307 J | power=62.4 W | runtime=in_range | checksum=OK
[STRIDED_GEMM] N=128 threads=1 rep=7 batches=36631 time=0.999 s | package=62.782 J | dram=0.000000 | total=62.782 J | power=62.9 W | runtime=in_range | checksum=OK
[STRIDED_GEMM] N=128 threads=1 rep=8 batches=36631 time=0.998 s | package=63.459 J | dram=0.000000 | total=63.459 J | power=63.6 W | runtime=in_range | checksum=OK
[STRIDED_GEMM] N=128 threads=1 rep=9 batches=36631 time=0.999 s | package=63.253 J | dram=0.000000 | total=63.253 J | power=63.3 W | runtime=in_range | checksum=OK
[STRIDED_GEMM] N=128 threads=1 rep=10 batches=36631 time=0.998 s | package=64.317 J | dram=0.000000 | total=64.317 J | power=64.5 W | runtime=in_range | checksum=OK
[OpenBLAS] requested=1 active=1
[STRIDED_GEMM] N=4096 threads=1 rep=1 batches=2 time=1.399 s | package=88.417 J | dram=0.023883 | total=88.441 J | power=63.2 W | runtime=above | checksum=OK
[STRIDED_GEMM] N=4096 threads=1 rep=2 batches=2 time=1.401 s | package=89.441 J | dram=0.023516 | total=89.464 J | power=63.9 W | runtime=above | checksum=OK
[STRIDED_GEMM] N=4096 threads=1 rep=3 batches=2 time=1.401 s | package=89.738 J | dram=0.026530 | total=89.764 J | power=64.1 W | runtime=above | checksum=OK
[STRIDED_GEMM] N=4096 threads=1 rep=4 batches=2 time=1.398 s | package=88.280 J | dram=0.024327 | total=88.304 J | power=63.2 W | runtime=above | checksum=OK
[STRIDED_GEMM] N=4096 threads=1 rep=5 batches=2 time=1.397 s | package=88.791 J | dram=0.023822 | total=88.815 J | power=63.6 W | runtime=above | checksum=OK
[STRIDED_GEMM] N=4096 threads=1 rep=6 batches=2 time=1.398 s | package=90.358 J | dram=0.023241 | total=90.382 J | power=64.7 W | runtime=above | checksum=OK
[STRIDED_GEMM] N=4096 threads=1 rep=7 batches=2 time=1.397 s | package=90.633 J | dram=0.022766 | total=90.655 J | power=64.9 W | runtime=above | checksum=OK
[STRIDED_GEMM] N=4096 threads=1 rep=8 batches=2 time=1.398 s | package=91.877 J | dram=0.020945 | total=91.898 J | power=65.7 W | runtime=above | checksum=OK
[STRIDED_GEMM] N=4096 threads=1 rep=9 batches=2 time=1.396 s | package=91.315 J | dram=0.020793 | total=91.336 J | power=65.4 W | runtime=above | checksum=OK
[STRIDED_GEMM] N=4096 threads=1 rep=10 batches=2 time=1.395 s | package=91.498 J | dram=0.022690 | total=91.521 J | power=65.6 W | runtime=above | checksum=OK
[OpenBLAS] requested=10 active=10
[STRIDED_GEMM] N=2048 threads=10 rep=1 batches=71 time=1.031 s | package=173.098 J | dram=1.266687 | total=174.365 J | power=169.1 W | runtime=in_range | checksum=OK
[STRIDED_GEMM] N=2048 threads=10 rep=2 batches=71 time=1.034 s | package=173.349 J | dram=1.260705 | total=174.610 J | power=168.9 W | runtime=in_range | checksum=OK
[STRIDED_GEMM] N=2048 threads=10 rep=3 batches=71 time=1.036 s | package=173.480 J | dram=1.277397 | total=174.757 J | power=168.7 W | runtime=in_range | checksum=OK
[STRIDED_GEMM] N=2048 threads=10 rep=4 batches=71 time=1.036 s | package=173.335 J | dram=1.282752 | total=174.618 J | power=168.6 W | runtime=in_range | checksum=OK
[STRIDED_GEMM] N=2048 threads=10 rep=5 batches=71 time=1.036 s | package=173.366 J | dram=1.293569 | total=174.659 J | power=168.6 W | runtime=in_range | checksum=OK
[STRIDED_GEMM] N=2048 threads=10 rep=6 batches=71 time=1.037 s | package=173.250 J | dram=1.295512 | total=174.545 J | power=168.2 W | runtime=in_range | checksum=OK
[STRIDED_GEMM] N=2048 threads=10 rep=7 batches=71 time=1.038 s | package=173.149 J | dram=1.266212 | total=174.415 J | power=168.0 W | runtime=in_range | checksum=OK
[STRIDED_GEMM] N=2048 threads=10 rep=8 batches=71 time=1.038 s | package=172.855 J | dram=1.295406 | total=174.151 J | power=167.9 W | runtime=in_range | checksum=OK
[STRIDED_GEMM] N=2048 threads=10 rep=9 batches=71 time=1.038 s | package=172.630 J | dram=1.286301 | total=173.916 J | power=167.5 W | runtime=in_range | checksum=OK
[STRIDED_GEMM] N=2048 threads=10 rep=10 batches=71 time=1.039 s | package=172.468 J | dram=1.314087 | total=173.782 J | power=167.3 W | runtime=in_range | checksum=OK
[OpenBLAS] requested=1 active=1
[STRIDED_GEMM] N=256 threads=1 rep=1 batches=4959 time=1.002 s | package=67.449 J | dram=0.000000 | total=67.449 J | power=67.3 W | runtime=in_range | checksum=OK
[STRIDED_GEMM] N=256 threads=1 rep=2 batches=4959 time=1.003 s | package=68.093 J | dram=0.000000 | total=68.093 J | power=67.9 W | runtime=in_range | checksum=OK
[STRIDED_GEMM] N=256 threads=1 rep=3 batches=4959 time=1.002 s | package=68.542 J | dram=0.000000 | total=68.542 J | power=68.4 W | runtime=in_range | checksum=OK
[STRIDED_GEMM] N=256 threads=1 rep=4 batches=4959 time=1.002 s | package=68.412 J | dram=0.000000 | total=68.412 J | power=68.3 W | runtime=in_range | checksum=OK
[STRIDED_GEMM] N=256 threads=1 rep=5 batches=4959 time=1.002 s | package=70.077 J | dram=0.000000 | total=70.077 J | power=69.9 W | runtime=in_range | checksum=OK
[STRIDED_GEMM] N=256 threads=1 rep=6 batches=4959 time=1.002 s | package=69.449 J | dram=0.000000 | total=69.449 J | power=69.3 W | runtime=in_range | checksum=OK
[STRIDED_GEMM] N=256 threads=1 rep=7 batches=4959 time=1.002 s | package=69.250 J | dram=0.000000 | total=69.250 J | power=69.1 W | runtime=in_range | checksum=OK
[STRIDED_GEMM] N=256 threads=1 rep=8 batches=4959 time=1.001 s | package=68.623 J | dram=0.000000 | total=68.623 J | power=68.6 W | runtime=in_range | checksum=OK
[STRIDED_GEMM] N=256 threads=1 rep=9 batches=4959 time=1.001 s | package=69.808 J | dram=0.000000 | total=69.808 J | power=69.7 W | runtime=in_range | checksum=OK
[STRIDED_GEMM] N=256 threads=1 rep=10 batches=4959 time=0.999 s | package=68.391 J | dram=0.000000 | total=68.391 J | power=68.5 W | runtime=in_range | checksum=OK
[OpenBLAS] requested=20 active=20
[STRIDED_GEMM] N=256 threads=20 rep=1 batches=18610 time=1.037 s | package=165.887 J | dram=0.000000 | total=165.887 J | power=159.9 W | runtime=in_range | checksum=OK
[STRIDED_GEMM] N=256 threads=20 rep=2 batches=18610 time=1.043 s | package=166.378 J | dram=0.000000 | total=166.378 J | power=159.5 W | runtime=in_range | checksum=OK
[STRIDED_GEMM] N=256 threads=20 rep=3 batches=18610 time=1.048 s | package=167.111 J | dram=0.000000 | total=167.111 J | power=159.4 W | runtime=in_range | checksum=OK
[STRIDED_GEMM] N=256 threads=20 rep=4 batches=18610 time=1.045 s | package=166.756 J | dram=0.000000 | total=166.756 J | power=159.5 W | runtime=in_range | checksum=OK
[STRIDED_GEMM] N=256 threads=20 rep=5 batches=18610 time=1.046 s | package=166.763 J | dram=0.000000 | total=166.763 J | power=159.5 W | runtime=in_range | checksum=OK
[STRIDED_GEMM] N=256 threads=20 rep=6 batches=18610 time=1.053 s | package=168.079 J | dram=0.000000 | total=168.079 J | power=159.5 W | runtime=in_range | checksum=OK
[STRIDED_GEMM] N=256 threads=20 rep=7 batches=18610 time=1.045 s | package=166.713 J | dram=0.000000 | total=166.713 J | power=159.5 W | runtime=in_range | checksum=OK
[STRIDED_GEMM] N=256 threads=20 rep=8 batches=18610 time=1.043 s | package=166.443 J | dram=0.000000 | total=166.443 J | power=159.6 W | runtime=in_range | checksum=OK
[STRIDED_GEMM] N=256 threads=20 rep=9 batches=18610 time=1.052 s | package=167.120 J | dram=0.000000 | total=167.120 J | power=158.9 W | runtime=in_range | checksum=OK
[STRIDED_GEMM] N=256 threads=20 rep=10 batches=18610 time=1.041 s | package=165.819 J | dram=0.000000 | total=165.819 J | power=159.3 W | runtime=in_range | checksum=OK
[OpenBLAS] requested=4 active=4
[STRIDED_GEMM] N=16384 threads=4 rep=1 batches=1 time=12.722 s | package=1450.325 J | dram=12.932615 | total=1463.258 J | power=115.0 W | runtime=above | checksum=OK
[STRIDED_GEMM] N=16384 threads=4 rep=2 batches=1 time=12.712 s | package=1447.899 J | dram=13.177171 | total=1461.077 J | power=114.9 W | runtime=above | checksum=OK
[STRIDED_GEMM] N=16384 threads=4 rep=3 batches=1 time=12.677 s | package=1459.153 J | dram=13.058321 | total=1472.211 J | power=116.1 W | runtime=above | checksum=OK
[STRIDED_GEMM] N=16384 threads=4 rep=4 batches=1 time=12.666 s | package=1444.903 J | dram=12.508515 | total=1457.411 J | power=115.1 W | runtime=above | checksum=OK
[STRIDED_GEMM] N=16384 threads=4 rep=5 batches=1 time=12.655 s | package=1437.838 J | dram=12.665263 | total=1450.503 J | power=114.6 W | runtime=above | checksum=OK
[STRIDED_GEMM] N=16384 threads=4 rep=6 batches=1 time=12.632 s | package=1429.791 J | dram=12.832859 | total=1442.624 J | power=114.2 W | runtime=above | checksum=OK
[STRIDED_GEMM] N=16384 threads=4 rep=7 batches=1 time=12.627 s | package=1437.307 J | dram=12.962956 | total=1450.270 J | power=114.9 W | runtime=above | checksum=OK
[STRIDED_GEMM] N=16384 threads=4 rep=8 batches=1 time=12.660 s | package=1447.501 J | dram=12.563687 | total=1460.064 J | power=115.3 W | runtime=above | checksum=OK
[STRIDED_GEMM] N=16384 threads=4 rep=9 batches=1 time=12.657 s | package=1436.999 J | dram=12.415170 | total=1449.414 J | power=114.5 W | runtime=above | checksum=OK
[STRIDED_GEMM] N=16384 threads=4 rep=10 batches=1 time=12.621 s | package=1428.211 J | dram=12.634251 | total=1440.845 J | power=114.2 W | runtime=above | checksum=OK
[OpenBLAS] requested=2 active=2
[STRIDED_GEMM] N=128 threads=2 rep=1 batches=51478 time=1.005 s | package=78.697 J | dram=0.000000 | total=78.697 J | power=78.3 W | runtime=in_range | checksum=OK
[STRIDED_GEMM] N=128 threads=2 rep=2 batches=51478 time=1.005 s | package=77.819 J | dram=0.000000 | total=77.819 J | power=77.4 W | runtime=in_range | checksum=OK
[STRIDED_GEMM] N=128 threads=2 rep=3 batches=51478 time=1.005 s | package=78.078 J | dram=0.000000 | total=78.078 J | power=77.7 W | runtime=in_range | checksum=OK
[STRIDED_GEMM] N=128 threads=2 rep=4 batches=51478 time=1.007 s | package=79.868 J | dram=0.000000 | total=79.868 J | power=79.3 W | runtime=in_range | checksum=OK
[STRIDED_GEMM] N=128 threads=2 rep=5 batches=51478 time=1.006 s | package=78.781 J | dram=0.000000 | total=78.781 J | power=78.3 W | runtime=in_range | checksum=OK
[STRIDED_GEMM] N=128 threads=2 rep=6 batches=51478 time=1.003 s | package=77.412 J | dram=0.000000 | total=77.412 J | power=77.2 W | runtime=in_range | checksum=OK
[STRIDED_GEMM] N=128 threads=2 rep=7 batches=51478 time=1.011 s | package=80.380 J | dram=0.000000 | total=80.380 J | power=79.5 W | runtime=in_range | checksum=OK
[STRIDED_GEMM] N=128 threads=2 rep=8 batches=51478 time=1.022 s | package=83.799 J | dram=0.000000 | total=83.799 J | power=82.0 W | runtime=in_range | checksum=OK
[STRIDED_GEMM] N=128 threads=2 rep=9 batches=51478 time=1.023 s | package=84.076 J | dram=0.000000 | total=84.076 J | power=82.2 W | runtime=in_range | checksum=OK
[STRIDED_GEMM] N=128 threads=2 rep=10 batches=51478 time=1.016 s | package=82.771 J | dram=0.000000 | total=82.771 J | power=81.4 W | runtime=in_range | checksum=OK
[OpenBLAS] requested=10 active=10
[STRIDED_GEMM] N=128 threads=10 rep=1 batches=84720 time=1.003 s | package=123.105 J | dram=0.000000 | total=123.105 J | power=122.7 W | runtime=in_range | checksum=OK
[STRIDED_GEMM] N=128 threads=10 rep=2 batches=84720 time=1.013 s | package=124.307 J | dram=0.000000 | total=124.307 J | power=122.7 W | runtime=in_range | checksum=OK
[STRIDED_GEMM] N=128 threads=10 rep=3 batches=84720 time=1.009 s | package=123.899 J | dram=0.000000 | total=123.899 J | power=122.8 W | runtime=in_range | checksum=OK
[STRIDED_GEMM] N=128 threads=10 rep=4 batches=84720 time=1.012 s | package=124.177 J | dram=0.000000 | total=124.177 J | power=122.8 W | runtime=in_range | checksum=OK
[STRIDED_GEMM] N=128 threads=10 rep=5 batches=84720 time=1.026 s | package=125.830 J | dram=0.000000 | total=125.830 J | power=122.7 W | runtime=in_range | checksum=OK
[STRIDED_GEMM] N=128 threads=10 rep=6 batches=84720 time=1.068 s | package=128.582 J | dram=0.000000 | total=128.582 J | power=120.4 W | runtime=in_range | checksum=OK
[STRIDED_GEMM] N=128 threads=10 rep=7 batches=84720 time=1.059 s | package=128.130 J | dram=0.000000 | total=128.130 J | power=121.0 W | runtime=in_range | checksum=OK
[STRIDED_GEMM] N=128 threads=10 rep=8 batches=84720 time=1.050 s | package=127.041 J | dram=0.000000 | total=127.041 J | power=121.0 W | runtime=in_range | checksum=OK
[STRIDED_GEMM] N=128 threads=10 rep=9 batches=84720 time=1.046 s | package=126.355 J | dram=0.000000 | total=126.355 J | power=120.8 W | runtime=in_range | checksum=OK
[STRIDED_GEMM] N=128 threads=10 rep=10 batches=84720 time=1.048 s | package=126.840 J | dram=0.000000 | total=126.840 J | power=121.1 W | runtime=in_range | checksum=OK
[OpenBLAS] requested=4 active=4
[STRIDED_GEMM] N=2048 threads=4 rep=1 batches=40 time=1.006 s | package=115.503 J | dram=0.475049 | total=115.979 J | power=115.3 W | runtime=in_range | checksum=OK
[STRIDED_GEMM] N=2048 threads=4 rep=2 batches=40 time=1.005 s | package=114.930 J | dram=0.466008 | total=115.396 J | power=114.8 W | runtime=in_range | checksum=OK
[STRIDED_GEMM] N=2048 threads=4 rep=3 batches=40 time=1.005 s | package=114.995 J | dram=0.485683 | total=115.481 J | power=114.9 W | runtime=in_range | checksum=OK
[STRIDED_GEMM] N=2048 threads=4 rep=4 batches=40 time=1.005 s | package=115.539 J | dram=0.474101 | total=116.013 J | power=115.5 W | runtime=in_range | checksum=OK
[STRIDED_GEMM] N=2048 threads=4 rep=5 batches=40 time=1.006 s | package=115.000 J | dram=0.488162 | total=115.488 J | power=114.9 W | runtime=in_range | checksum=OK
[STRIDED_GEMM] N=2048 threads=4 rep=6 batches=40 time=1.005 s | package=114.966 J | dram=0.480420 | total=115.447 J | power=114.8 W | runtime=in_range | checksum=OK
[STRIDED_GEMM] N=2048 threads=4 rep=7 batches=40 time=1.004 s | package=115.001 J | dram=0.501351 | total=115.503 J | power=115.0 W | runtime=in_range | checksum=OK
[STRIDED_GEMM] N=2048 threads=4 rep=8 batches=40 time=1.005 s | package=115.433 J | dram=0.501610 | total=115.934 J | power=115.3 W | runtime=in_range | checksum=OK
[STRIDED_GEMM] N=2048 threads=4 rep=9 batches=40 time=1.005 s | package=115.100 J | dram=0.498964 | total=115.599 J | power=115.0 W | runtime=in_range | checksum=OK
[STRIDED_GEMM] N=2048 threads=4 rep=10 batches=40 time=1.005 s | package=115.068 J | dram=0.507195 | total=115.576 J | power=115.0 W | runtime=in_range | checksum=OK
[OpenBLAS] requested=16 active=16
[STRIDED_GEMM] N=512 threads=16 rep=1 batches=3970 time=1.037 s | package=166.180 J | dram=0.000000 | total=166.180 J | power=160.3 W | runtime=in_range | checksum=OK
[STRIDED_GEMM] N=512 threads=16 rep=2 batches=3970 time=1.041 s | package=166.827 J | dram=0.000000 | total=166.827 J | power=160.3 W | runtime=in_range | checksum=OK
[STRIDED_GEMM] N=512 threads=16 rep=3 batches=3970 time=1.043 s | package=166.553 J | dram=0.000000 | total=166.553 J | power=159.7 W | runtime=in_range | checksum=OK
[STRIDED_GEMM] N=512 threads=16 rep=4 batches=3970 time=1.044 s | package=167.056 J | dram=0.000000 | total=167.056 J | power=160.0 W | runtime=in_range | checksum=OK
[STRIDED_GEMM] N=512 threads=16 rep=5 batches=3970 time=1.044 s | package=167.073 J | dram=0.000000 | total=167.073 J | power=160.0 W | runtime=in_range | checksum=OK
[STRIDED_GEMM] N=512 threads=16 rep=6 batches=3970 time=1.045 s | package=166.797 J | dram=0.000000 | total=166.797 J | power=159.6 W | runtime=in_range | checksum=OK
[STRIDED_GEMM] N=512 threads=16 rep=7 batches=3970 time=1.046 s | package=166.895 J | dram=0.000000 | total=166.895 J | power=159.5 W | runtime=in_range | checksum=OK
[STRIDED_GEMM] N=512 threads=16 rep=8 batches=3970 time=1.049 s | package=166.963 J | dram=0.000000 | total=166.963 J | power=159.1 W | runtime=in_range | checksum=OK
[STRIDED_GEMM] N=512 threads=16 rep=9 batches=3970 time=1.051 s | package=166.835 J | dram=0.000000 | total=166.835 J | power=158.7 W | runtime=in_range | checksum=OK
[STRIDED_GEMM] N=512 threads=16 rep=10 batches=3970 time=1.053 s | package=166.703 J | dram=0.000000 | total=166.703 J | power=158.2 W | runtime=in_range | checksum=OK
[OpenBLAS] requested=8 active=8
[STRIDED_GEMM] N=2048 threads=8 rep=1 batches=69 time=1.005 s | package=148.627 J | dram=1.018919 | total=149.646 J | power=148.9 W | runtime=in_range | checksum=OK
[STRIDED_GEMM] N=2048 threads=8 rep=2 batches=69 time=1.005 s | package=148.228 J | dram=1.025177 | total=149.254 J | power=148.5 W | runtime=in_range | checksum=OK
[STRIDED_GEMM] N=2048 threads=8 rep=3 batches=69 time=1.009 s | package=148.711 J | dram=1.035901 | total=149.747 J | power=148.5 W | runtime=in_range | checksum=OK
[STRIDED_GEMM] N=2048 threads=8 rep=4 batches=69 time=1.006 s | package=148.532 J | dram=1.022729 | total=149.554 J | power=148.7 W | runtime=in_range | checksum=OK
[STRIDED_GEMM] N=2048 threads=8 rep=5 batches=69 time=1.010 s | package=148.308 J | dram=1.015982 | total=149.324 J | power=147.9 W | runtime=in_range | checksum=OK
[STRIDED_GEMM] N=2048 threads=8 rep=6 batches=69 time=1.009 s | package=148.340 J | dram=1.029108 | total=149.369 J | power=148.0 W | runtime=in_range | checksum=OK
[STRIDED_GEMM] N=2048 threads=8 rep=7 batches=69 time=1.007 s | package=148.324 J | dram=1.034525 | total=149.358 J | power=148.3 W | runtime=in_range | checksum=OK
[STRIDED_GEMM] N=2048 threads=8 rep=8 batches=69 time=1.004 s | package=147.833 J | dram=1.024243 | total=148.857 J | power=148.2 W | runtime=in_range | checksum=OK
[STRIDED_GEMM] N=2048 threads=8 rep=9 batches=69 time=1.005 s | package=147.742 J | dram=1.009923 | total=148.752 J | power=148.0 W | runtime=in_range | checksum=OK
[STRIDED_GEMM] N=2048 threads=8 rep=10 batches=69 time=1.007 s | package=147.801 J | dram=1.004919 | total=148.806 J | power=147.8 W | runtime=in_range | checksum=OK
[OpenBLAS] requested=20 active=20
[STRIDED_GEMM] N=128 threads=20 rep=1 batches=80673 time=1.008 s | package=126.365 J | dram=0.000000 | total=126.365 J | power=125.3 W | runtime=in_range | checksum=OK
[STRIDED_GEMM] N=128 threads=20 rep=2 batches=80673 time=0.983 s | package=120.096 J | dram=0.000000 | total=120.096 J | power=122.2 W | runtime=in_range | checksum=OK
[STRIDED_GEMM] N=128 threads=20 rep=3 batches=80673 time=0.976 s | package=118.883 J | dram=0.000000 | total=118.883 J | power=121.8 W | runtime=in_range | checksum=OK
[STRIDED_GEMM] N=128 threads=20 rep=4 batches=80673 time=0.977 s | package=118.864 J | dram=0.000000 | total=118.864 J | power=121.6 W | runtime=in_range | checksum=OK
[STRIDED_GEMM] N=128 threads=20 rep=5 batches=80673 time=0.980 s | package=119.316 J | dram=0.000000 | total=119.316 J | power=121.8 W | runtime=in_range | checksum=OK
[STRIDED_GEMM] N=128 threads=20 rep=6 batches=80673 time=0.983 s | package=119.518 J | dram=0.000000 | total=119.518 J | power=121.6 W | runtime=in_range | checksum=OK
[STRIDED_GEMM] N=128 threads=20 rep=7 batches=80673 time=1.022 s | package=123.329 J | dram=0.000000 | total=123.329 J | power=120.7 W | runtime=in_range | checksum=OK
[STRIDED_GEMM] N=128 threads=20 rep=8 batches=80673 time=0.979 s | package=119.263 J | dram=0.000000 | total=119.263 J | power=121.8 W | runtime=in_range | checksum=OK
[STRIDED_GEMM] N=128 threads=20 rep=9 batches=80673 time=0.985 s | package=119.868 J | dram=0.000000 | total=119.868 J | power=121.7 W | runtime=in_range | checksum=OK
[STRIDED_GEMM] N=128 threads=20 rep=10 batches=80673 time=0.981 s | package=119.383 J | dram=0.000000 | total=119.383 J | power=121.7 W | runtime=in_range | checksum=OK
[OpenBLAS] requested=2 active=2
[STRIDED_GEMM] N=64 threads=2 rep=1 batches=364627 time=1.002 s | package=60.831 J | dram=0.000000 | total=60.831 J | power=60.7 W | runtime=in_range | checksum=OK
[STRIDED_GEMM] N=64 threads=2 rep=2 batches=364627 time=0.998 s | package=58.941 J | dram=0.000000 | total=58.941 J | power=59.1 W | runtime=in_range | checksum=OK
[STRIDED_GEMM] N=64 threads=2 rep=3 batches=364627 time=0.998 s | package=59.828 J | dram=0.000000 | total=59.828 J | power=60.0 W | runtime=in_range | checksum=OK
[STRIDED_GEMM] N=64 threads=2 rep=4 batches=364627 time=0.999 s | package=60.481 J | dram=0.000000 | total=60.481 J | power=60.5 W | runtime=in_range | checksum=OK
[STRIDED_GEMM] N=64 threads=2 rep=5 batches=364627 time=0.998 s | package=60.258 J | dram=0.000000 | total=60.258 J | power=60.4 W | runtime=in_range | checksum=OK
[STRIDED_GEMM] N=64 threads=2 rep=6 batches=364627 time=0.997 s | package=60.522 J | dram=0.000000 | total=60.522 J | power=60.7 W | runtime=in_range | checksum=OK
[STRIDED_GEMM] N=64 threads=2 rep=7 batches=364627 time=0.997 s | package=61.371 J | dram=0.000000 | total=61.371 J | power=61.6 W | runtime=in_range | checksum=OK
[STRIDED_GEMM] N=64 threads=2 rep=8 batches=364627 time=0.997 s | package=61.627 J | dram=0.000000 | total=61.627 J | power=61.8 W | runtime=in_range | checksum=OK
[STRIDED_GEMM] N=64 threads=2 rep=9 batches=364627 time=0.995 s | package=61.267 J | dram=0.000000 | total=61.267 J | power=61.6 W | runtime=in_range | checksum=OK
[STRIDED_GEMM] N=64 threads=2 rep=10 batches=364627 time=0.996 s | package=61.161 J | dram=0.000000 | total=61.161 J | power=61.4 W | runtime=in_range | checksum=OK
[OpenBLAS] requested=10 active=10
[STRIDED_GEMM] N=4096 threads=10 rep=1 batches=10 time=1.078 s | package=180.892 J | dram=2.113511 | total=183.006 J | power=169.8 W | runtime=in_range | checksum=OK
[STRIDED_GEMM] N=4096 threads=10 rep=2 batches=10 time=1.079 s | package=180.534 J | dram=2.104362 | total=182.638 J | power=169.3 W | runtime=in_range | checksum=OK
[STRIDED_GEMM] N=4096 threads=10 rep=3 batches=10 time=1.082 s | package=181.182 J | dram=2.101256 | total=183.284 J | power=169.3 W | runtime=in_range | checksum=OK
[STRIDED_GEMM] N=4096 threads=10 rep=4 batches=10 time=1.078 s | package=180.137 J | dram=2.078796 | total=182.216 J | power=169.0 W | runtime=in_range | checksum=OK
[STRIDED_GEMM] N=4096 threads=10 rep=5 batches=10 time=1.083 s | package=180.631 J | dram=2.089704 | total=182.721 J | power=168.8 W | runtime=in_range | checksum=OK
[STRIDED_GEMM] N=4096 threads=10 rep=6 batches=10 time=1.082 s | package=180.503 J | dram=2.115974 | total=182.619 J | power=168.8 W | runtime=in_range | checksum=OK
[STRIDED_GEMM] N=4096 threads=10 rep=7 batches=10 time=1.076 s | package=179.588 J | dram=2.089843 | total=181.677 J | power=168.8 W | runtime=in_range | checksum=OK
[STRIDED_GEMM] N=4096 threads=10 rep=8 batches=10 time=1.077 s | package=179.392 J | dram=2.060818 | total=181.453 J | power=168.5 W | runtime=in_range | checksum=OK
[STRIDED_GEMM] N=4096 threads=10 rep=9 batches=10 time=1.077 s | package=179.409 J | dram=2.077541 | total=181.487 J | power=168.5 W | runtime=in_range | checksum=OK
[STRIDED_GEMM] N=4096 threads=10 rep=10 batches=10 time=1.084 s | package=179.931 J | dram=2.136584 | total=182.067 J | power=167.9 W | runtime=in_range | checksum=OK
[OpenBLAS] requested=1 active=1
[STRIDED_GEMM] N=2048 threads=1 rep=1 batches=12 time=1.081 s | package=70.392 J | dram=0.011628 | total=70.403 J | power=65.1 W | runtime=in_range | checksum=OK
[STRIDED_GEMM] N=2048 threads=1 rep=2 batches=12 time=1.081 s | package=69.821 J | dram=0.011352 | total=69.833 J | power=64.6 W | runtime=in_range | checksum=OK
[STRIDED_GEMM] N=2048 threads=1 rep=3 batches=12 time=1.079 s | package=70.901 J | dram=0.010175 | total=70.911 J | power=65.7 W | runtime=in_range | checksum=OK
[STRIDED_GEMM] N=2048 threads=1 rep=4 batches=12 time=1.078 s | package=69.648 J | dram=0.010419 | total=69.659 J | power=64.6 W | runtime=in_range | checksum=OK
[STRIDED_GEMM] N=2048 threads=1 rep=5 batches=12 time=1.082 s | package=72.697 J | dram=0.011705 | total=72.709 J | power=67.2 W | runtime=in_range | checksum=OK
[STRIDED_GEMM] N=2048 threads=1 rep=6 batches=12 time=1.078 s | package=71.195 J | dram=0.011107 | total=71.207 J | power=66.0 W | runtime=in_range | checksum=OK
[STRIDED_GEMM] N=2048 threads=1 rep=7 batches=12 time=1.079 s | package=72.449 J | dram=0.012026 | total=72.461 J | power=67.1 W | runtime=in_range | checksum=OK
[STRIDED_GEMM] N=2048 threads=1 rep=8 batches=12 time=1.077 s | package=71.141 J | dram=0.010970 | total=71.152 J | power=66.0 W | runtime=in_range | checksum=OK
[STRIDED_GEMM] N=2048 threads=1 rep=9 batches=12 time=1.079 s | package=73.374 J | dram=0.011705 | total=73.386 J | power=68.0 W | runtime=in_range | checksum=OK
[STRIDED_GEMM] N=2048 threads=1 rep=10 batches=12 time=1.077 s | package=71.930 J | dram=0.011153 | total=71.941 J | power=66.8 W | runtime=in_range | checksum=OK
[OpenBLAS] requested=4 active=4
[STRIDED_GEMM] N=4096 threads=4 rep=1 batches=6 time=1.208 s | package=129.398 J | dram=0.916638 | total=130.315 J | power=107.9 W | runtime=in_range | checksum=OK
[STRIDED_GEMM] N=4096 threads=4 rep=2 batches=6 time=1.207 s | package=129.485 J | dram=0.923187 | total=130.408 J | power=108.0 W | runtime=in_range | checksum=OK
[STRIDED_GEMM] N=4096 threads=4 rep=3 batches=6 time=1.209 s | package=129.447 J | dram=0.938792 | total=130.385 J | power=107.9 W | runtime=in_range | checksum=OK
[STRIDED_GEMM] N=4096 threads=4 rep=4 batches=6 time=1.209 s | package=129.249 J | dram=0.923722 | total=130.173 J | power=107.7 W | runtime=in_range | checksum=OK
[STRIDED_GEMM] N=4096 threads=4 rep=5 batches=6 time=1.208 s | package=129.640 J | dram=0.950420 | total=130.590 J | power=108.1 W | runtime=in_range | checksum=OK
[STRIDED_GEMM] N=4096 threads=4 rep=6 batches=6 time=1.207 s | package=129.795 J | dram=0.946076 | total=130.741 J | power=108.3 W | runtime=in_range | checksum=OK
[STRIDED_GEMM] N=4096 threads=4 rep=7 batches=6 time=1.208 s | package=129.468 J | dram=0.957657 | total=130.426 J | power=108.0 W | runtime=in_range | checksum=OK
[STRIDED_GEMM] N=4096 threads=4 rep=8 batches=6 time=1.209 s | package=129.702 J | dram=0.948095 | total=130.651 J | power=108.1 W | runtime=in_range | checksum=OK
[STRIDED_GEMM] N=4096 threads=4 rep=9 batches=6 time=1.209 s | package=130.511 J | dram=0.943138 | total=131.455 J | power=108.8 W | runtime=in_range | checksum=OK
[STRIDED_GEMM] N=4096 threads=4 rep=10 batches=6 time=1.209 s | package=129.957 J | dram=0.935702 | total=130.893 J | power=108.3 W | runtime=in_range | checksum=OK
[OpenBLAS] requested=4 active=4
[STRIDED_GEMM] N=512 threads=4 rep=1 batches=2205 time=1.001 s | package=104.497 J | dram=0.000000 | total=104.497 J | power=104.4 W | runtime=in_range | checksum=OK
[STRIDED_GEMM] N=512 threads=4 rep=2 batches=2205 time=1.002 s | package=104.119 J | dram=0.000000 | total=104.119 J | power=103.9 W | runtime=in_range | checksum=OK
[STRIDED_GEMM] N=512 threads=4 rep=3 batches=2205 time=1.001 s | package=104.015 J | dram=0.000000 | total=104.015 J | power=103.9 W | runtime=in_range | checksum=OK
[STRIDED_GEMM] N=512 threads=4 rep=4 batches=2205 time=1.002 s | package=104.322 J | dram=0.000000 | total=104.322 J | power=104.1 W | runtime=in_range | checksum=OK
[STRIDED_GEMM] N=512 threads=4 rep=5 batches=2205 time=1.002 s | package=104.333 J | dram=0.000000 | total=104.333 J | power=104.2 W | runtime=in_range | checksum=OK
[STRIDED_GEMM] N=512 threads=4 rep=6 batches=2205 time=1.001 s | package=104.375 J | dram=0.000000 | total=104.375 J | power=104.2 W | runtime=in_range | checksum=OK
[STRIDED_GEMM] N=512 threads=4 rep=7 batches=2205 time=1.001 s | package=104.411 J | dram=0.000000 | total=104.411 J | power=104.3 W | runtime=in_range | checksum=OK
[STRIDED_GEMM] N=512 threads=4 rep=8 batches=2205 time=1.001 s | package=104.493 J | dram=0.000000 | total=104.493 J | power=104.4 W | runtime=in_range | checksum=OK
[STRIDED_GEMM] N=512 threads=4 rep=9 batches=2205 time=1.001 s | package=104.144 J | dram=0.000000 | total=104.144 J | power=104.1 W | runtime=in_range | checksum=OK
[STRIDED_GEMM] N=512 threads=4 rep=10 batches=2205 time=1.001 s | package=104.340 J | dram=0.000000 | total=104.340 J | power=104.2 W | runtime=in_range | checksum=OK
[OpenBLAS] requested=10 active=10
[STRIDED_GEMM] N=8192 threads=10 rep=1 batches=2 time=1.861 s | package=307.623 J | dram=3.925980 | total=311.549 J | power=167.4 W | runtime=above | checksum=OK
[STRIDED_GEMM] N=8192 threads=10 rep=2 batches=2 time=1.857 s | package=307.189 J | dram=3.878458 | total=311.067 J | power=167.5 W | runtime=above | checksum=OK
[STRIDED_GEMM] N=8192 threads=10 rep=3 batches=2 time=1.857 s | package=306.458 J | dram=3.917229 | total=310.375 J | power=167.1 W | runtime=above | checksum=OK
[STRIDED_GEMM] N=8192 threads=10 rep=4 batches=2 time=1.856 s | package=306.005 J | dram=3.960573 | total=309.966 J | power=167.0 W | runtime=above | checksum=OK
[STRIDED_GEMM] N=8192 threads=10 rep=5 batches=2 time=1.858 s | package=305.924 J | dram=3.972339 | total=309.896 J | power=166.8 W | runtime=above | checksum=OK
[STRIDED_GEMM] N=8192 threads=10 rep=6 batches=2 time=1.858 s | package=305.619 J | dram=3.984196 | total=309.604 J | power=166.7 W | runtime=above | checksum=OK
[STRIDED_GEMM] N=8192 threads=10 rep=7 batches=2 time=1.856 s | package=304.989 J | dram=3.923777 | total=308.913 J | power=166.4 W | runtime=above | checksum=OK
[STRIDED_GEMM] N=8192 threads=10 rep=8 batches=2 time=1.855 s | package=304.380 J | dram=3.933401 | total=308.313 J | power=166.2 W | runtime=above | checksum=OK
[STRIDED_GEMM] N=8192 threads=10 rep=9 batches=2 time=1.860 s | package=304.732 J | dram=3.935037 | total=308.667 J | power=166.0 W | runtime=above | checksum=OK
[STRIDED_GEMM] N=8192 threads=10 rep=10 batches=2 time=1.858 s | package=303.756 J | dram=3.916571 | total=307.673 J | power=165.6 W | runtime=above | checksum=OK
[OpenBLAS] requested=1 active=1
[STRIDED_GEMM] N=512 threads=1 rep=1 batches=650 time=0.998 s | package=59.880 J | dram=0.000000 | total=59.880 J | power=60.0 W | runtime=in_range | checksum=OK
[STRIDED_GEMM] N=512 threads=1 rep=2 batches=650 time=0.998 s | package=60.356 J | dram=0.000000 | total=60.356 J | power=60.5 W | runtime=in_range | checksum=OK
[STRIDED_GEMM] N=512 threads=1 rep=3 batches=650 time=0.996 s | package=59.347 J | dram=0.000000 | total=59.347 J | power=59.6 W | runtime=in_range | checksum=OK
[STRIDED_GEMM] N=512 threads=1 rep=4 batches=650 time=0.995 s | package=59.646 J | dram=0.000000 | total=59.646 J | power=59.9 W | runtime=in_range | checksum=OK
[STRIDED_GEMM] N=512 threads=1 rep=5 batches=650 time=0.994 s | package=59.174 J | dram=0.000000 | total=59.174 J | power=59.5 W | runtime=in_range | checksum=OK
[STRIDED_GEMM] N=512 threads=1 rep=6 batches=650 time=0.969 s | package=67.380 J | dram=0.000000 | total=67.380 J | power=69.5 W | runtime=in_range | checksum=OK
[STRIDED_GEMM] N=512 threads=1 rep=7 batches=650 time=0.978 s | package=68.608 J | dram=0.000000 | total=68.608 J | power=70.2 W | runtime=in_range | checksum=OK
[STRIDED_GEMM] N=512 threads=1 rep=8 batches=650 time=0.977 s | package=68.529 J | dram=0.000000 | total=68.529 J | power=70.1 W | runtime=in_range | checksum=OK
[STRIDED_GEMM] N=512 threads=1 rep=9 batches=650 time=0.975 s | package=66.935 J | dram=0.000000 | total=66.935 J | power=68.6 W | runtime=in_range | checksum=OK
[STRIDED_GEMM] N=512 threads=1 rep=10 batches=650 time=0.973 s | package=67.171 J | dram=0.000000 | total=67.171 J | power=69.0 W | runtime=in_range | checksum=OK
[OpenBLAS] requested=4 active=4
[STRIDED_GEMM] N=256 threads=4 rep=1 batches=15166 time=1.012 s | package=105.562 J | dram=0.000000 | total=105.562 J | power=104.4 W | runtime=in_range | checksum=OK
[STRIDED_GEMM] N=256 threads=4 rep=2 batches=15166 time=1.013 s | package=105.808 J | dram=0.000000 | total=105.808 J | power=104.5 W | runtime=in_range | checksum=OK
[STRIDED_GEMM] N=256 threads=4 rep=3 batches=15166 time=1.013 s | package=106.266 J | dram=0.000000 | total=106.266 J | power=104.9 W | runtime=in_range | checksum=OK
[STRIDED_GEMM] N=256 threads=4 rep=4 batches=15166 time=1.014 s | package=106.313 J | dram=0.000000 | total=106.313 J | power=104.9 W | runtime=in_range | checksum=OK
[STRIDED_GEMM] N=256 threads=4 rep=5 batches=15166 time=1.014 s | package=106.956 J | dram=0.000000 | total=106.956 J | power=105.5 W | runtime=in_range | checksum=OK
[STRIDED_GEMM] N=256 threads=4 rep=6 batches=15166 time=1.017 s | package=108.579 J | dram=0.000000 | total=108.579 J | power=106.7 W | runtime=in_range | checksum=OK
[STRIDED_GEMM] N=256 threads=4 rep=7 batches=15166 time=1.017 s | package=109.627 J | dram=0.000000 | total=109.627 J | power=107.8 W | runtime=in_range | checksum=OK
[STRIDED_GEMM] N=256 threads=4 rep=8 batches=15166 time=1.017 s | package=106.609 J | dram=0.000000 | total=106.609 J | power=104.8 W | runtime=in_range | checksum=OK
[STRIDED_GEMM] N=256 threads=4 rep=9 batches=15166 time=1.010 s | package=103.636 J | dram=0.000000 | total=103.636 J | power=102.6 W | runtime=in_range | checksum=OK
[STRIDED_GEMM] N=256 threads=4 rep=10 batches=15166 time=1.010 s | package=103.483 J | dram=0.000000 | total=103.483 J | power=102.5 W | runtime=in_range | checksum=OK
[OpenBLAS] requested=1 active=1
[STRIDED_GEMM] N=16384 threads=1 rep=1 batches=1 time=42.722 s | package=2688.922 J | dram=2.568932 | total=2691.491 J | power=63.0 W | runtime=above | checksum=OK
[STRIDED_GEMM] N=16384 threads=1 rep=2 batches=1 time=41.934 s | package=2520.550 J | dram=2.596012 | total=2523.146 J | power=60.2 W | runtime=above | checksum=OK
[STRIDED_GEMM] N=16384 threads=1 rep=3 batches=1 time=41.999 s | package=2485.759 J | dram=2.444924 | total=2488.204 J | power=59.2 W | runtime=above | checksum=OK
[STRIDED_GEMM] N=16384 threads=1 rep=4 batches=1 time=41.956 s | package=2457.376 J | dram=2.506967 | total=2459.883 J | power=58.6 W | runtime=above | checksum=OK
[STRIDED_GEMM] N=16384 threads=1 rep=5 batches=1 time=41.966 s | package=2448.093 J | dram=2.196193 | total=2450.289 J | power=58.4 W | runtime=above | checksum=OK
[STRIDED_GEMM] N=16384 threads=1 rep=6 batches=1 time=42.041 s | package=2413.372 J | dram=2.082513 | total=2415.454 J | power=57.5 W | runtime=above | checksum=OK
[STRIDED_GEMM] N=16384 threads=1 rep=7 batches=1 time=41.946 s | package=2411.375 J | dram=2.276533 | total=2413.652 J | power=57.5 W | runtime=above | checksum=OK
[STRIDED_GEMM] N=16384 threads=1 rep=8 batches=1 time=41.960 s | package=2372.318 J | dram=2.423030 | total=2374.741 J | power=56.6 W | runtime=above | checksum=OK
[STRIDED_GEMM] N=16384 threads=1 rep=9 batches=1 time=42.035 s | package=2370.437 J | dram=2.423963 | total=2372.861 J | power=56.4 W | runtime=above | checksum=OK
[STRIDED_GEMM] N=16384 threads=1 rep=10 batches=1 time=42.055 s | package=2346.819 J | dram=2.163573 | total=2348.982 J | power=55.9 W | runtime=above | checksum=OK
[OpenBLAS] requested=16 active=16
[STRIDED_GEMM] N=64 threads=16 rep=1 batches=404475 time=1.001 s | package=52.269 J | dram=0.000000 | total=52.269 J | power=52.2 W | runtime=in_range | checksum=OK
[STRIDED_GEMM] N=64 threads=16 rep=2 batches=404475 time=1.000 s | package=52.394 J | dram=0.000000 | total=52.394 J | power=52.4 W | runtime=in_range | checksum=OK
[STRIDED_GEMM] N=64 threads=16 rep=3 batches=404475 time=1.002 s | package=53.118 J | dram=0.000000 | total=53.118 J | power=53.0 W | runtime=in_range | checksum=OK
[STRIDED_GEMM] N=64 threads=16 rep=4 batches=404475 time=1.002 s | package=52.574 J | dram=0.000000 | total=52.574 J | power=52.4 W | runtime=in_range | checksum=OK
[STRIDED_GEMM] N=64 threads=16 rep=5 batches=404475 time=1.001 s | package=53.993 J | dram=0.000000 | total=53.993 J | power=53.9 W | runtime=in_range | checksum=OK
[STRIDED_GEMM] N=64 threads=16 rep=6 batches=404475 time=1.001 s | package=52.395 J | dram=0.000000 | total=52.395 J | power=52.4 W | runtime=in_range | checksum=OK
[STRIDED_GEMM] N=64 threads=16 rep=7 batches=404475 time=1.002 s | package=52.613 J | dram=0.000000 | total=52.613 J | power=52.5 W | runtime=in_range | checksum=OK
[STRIDED_GEMM] N=64 threads=16 rep=8 batches=404475 time=1.003 s | package=52.832 J | dram=0.000000 | total=52.832 J | power=52.7 W | runtime=in_range | checksum=OK
[STRIDED_GEMM] N=64 threads=16 rep=9 batches=404475 time=1.002 s | package=52.248 J | dram=0.000000 | total=52.248 J | power=52.2 W | runtime=in_range | checksum=OK
[STRIDED_GEMM] N=64 threads=16 rep=10 batches=404475 time=1.000 s | package=52.252 J | dram=0.000000 | total=52.252 J | power=52.2 W | runtime=in_range | checksum=OK
[OpenBLAS] requested=20 active=20
[STRIDED_GEMM] N=16384 threads=20 rep=1 batches=1 time=9.644 s | package=1491.096 J | dram=19.628997 | total=1510.725 J | power=156.6 W | runtime=above | checksum=OK
[STRIDED_GEMM] N=16384 threads=20 rep=2 batches=1 time=9.668 s | package=1501.330 J | dram=19.692140 | total=1521.022 J | power=157.3 W | runtime=above | checksum=OK
[STRIDED_GEMM] N=16384 threads=20 rep=3 batches=1 time=9.747 s | package=1517.983 J | dram=19.972911 | total=1537.956 J | power=157.8 W | runtime=above | checksum=OK
[STRIDED_GEMM] N=16384 threads=20 rep=4 batches=1 time=9.651 s | package=1516.171 J | dram=19.964557 | total=1536.136 J | power=159.2 W | runtime=above | checksum=OK
[STRIDED_GEMM] N=16384 threads=20 rep=5 batches=1 time=9.681 s | package=1527.091 J | dram=19.924241 | total=1547.015 J | power=159.8 W | runtime=above | checksum=OK
[STRIDED_GEMM] N=16384 threads=20 rep=6 batches=1 time=9.686 s | package=1533.831 J | dram=20.086345 | total=1553.918 J | power=160.4 W | runtime=above | checksum=OK
[STRIDED_GEMM] N=16384 threads=20 rep=7 batches=1 time=9.702 s | package=1541.486 J | dram=20.348847 | total=1561.835 J | power=161.0 W | runtime=above | checksum=OK
[STRIDED_GEMM] N=16384 threads=20 rep=8 batches=1 time=9.681 s | package=1544.371 J | dram=20.437893 | total=1564.809 J | power=161.6 W | runtime=above | checksum=OK
[STRIDED_GEMM] N=16384 threads=20 rep=9 batches=1 time=9.758 s | package=1560.400 J | dram=20.590724 | total=1580.991 J | power=162.0 W | runtime=above | checksum=OK
[STRIDED_GEMM] N=16384 threads=20 rep=10 batches=1 time=9.723 s | package=1563.053 J | dram=20.767318 | total=1583.820 J | power=162.9 W | runtime=above | checksum=OK
[OpenBLAS] requested=20 active=20
[STRIDED_GEMM] N=4096 threads=20 rep=1 batches=6 time=1.068 s | package=170.283 J | dram=1.854865 | total=172.138 J | power=161.2 W | runtime=in_range | checksum=OK
[STRIDED_GEMM] N=4096 threads=20 rep=2 batches=6 time=1.068 s | package=170.312 J | dram=1.875397 | total=172.187 J | power=161.2 W | runtime=in_range | checksum=OK
[STRIDED_GEMM] N=4096 threads=20 rep=3 batches=6 time=1.061 s | package=169.858 J | dram=1.846833 | total=171.705 J | power=161.8 W | runtime=in_range | checksum=OK
[STRIDED_GEMM] N=4096 threads=20 rep=4 batches=6 time=1.070 s | package=171.163 J | dram=1.871878 | total=173.035 J | power=161.7 W | runtime=in_range | checksum=OK
[STRIDED_GEMM] N=4096 threads=20 rep=5 batches=6 time=1.067 s | package=170.562 J | dram=1.891248 | total=172.454 J | power=161.7 W | runtime=in_range | checksum=OK
[STRIDED_GEMM] N=4096 threads=20 rep=6 batches=6 time=1.068 s | package=170.866 J | dram=1.905875 | total=172.771 J | power=161.8 W | runtime=in_range | checksum=OK
[STRIDED_GEMM] N=4096 threads=20 rep=7 batches=6 time=1.067 s | package=170.834 J | dram=1.907666 | total=172.741 J | power=161.9 W | runtime=in_range | checksum=OK
[STRIDED_GEMM] N=4096 threads=20 rep=8 batches=6 time=1.068 s | package=170.879 J | dram=1.868267 | total=172.747 J | power=161.8 W | runtime=in_range | checksum=OK
[STRIDED_GEMM] N=4096 threads=20 rep=9 batches=6 time=1.068 s | package=171.217 J | dram=1.860679 | total=173.078 J | power=162.1 W | runtime=in_range | checksum=OK
[STRIDED_GEMM] N=4096 threads=20 rep=10 batches=6 time=1.070 s | package=171.410 J | dram=1.882971 | total=173.293 J | power=161.9 W | runtime=in_range | checksum=OK
