OpenBLAS backend=pthreads | config=OpenBLAS 0.3.30 NO_LAPACKE DYNAMIC_ARCH NO_AFFINITY SkylakeX MAX_THREADS=128
STRIDED_GEMM(ld=2N) | Intel(R) Core(TM) i9-7900X CPU @ 3.30GHz | session=strided_gemm_intel_20260719_175326_session4 | reps=10 | configs=63 | DRAM-RAPL=yes
[OpenBLAS] requested=20 active=20
[STRIDED_GEMM] N=2048 threads=20 rep=1 batches=39 time=1.021 s | package=160.383 J | dram=1.285185 | total=161.669 J | power=158.3 W | runtime=in_range | checksum=OK
[STRIDED_GEMM] N=2048 threads=20 rep=2 batches=39 time=1.022 s | package=160.298 J | dram=1.313107 | total=161.611 J | power=158.1 W | runtime=in_range | checksum=OK
[STRIDED_GEMM] N=2048 threads=20 rep=3 batches=39 time=1.022 s | package=160.341 J | dram=1.315233 | total=161.657 J | power=158.2 W | runtime=in_range | checksum=OK
[STRIDED_GEMM] N=2048 threads=20 rep=4 batches=39 time=1.022 s | package=160.021 J | dram=1.318616 | total=161.339 J | power=157.8 W | runtime=in_range | checksum=OK
[STRIDED_GEMM] N=2048 threads=20 rep=5 batches=39 time=1.023 s | package=159.903 J | dram=1.319365 | total=161.222 J | power=157.6 W | runtime=in_range | checksum=OK
[STRIDED_GEMM] N=2048 threads=20 rep=6 batches=39 time=1.023 s | package=159.769 J | dram=1.312755 | total=161.082 J | power=157.4 W | runtime=in_range | checksum=OK
[STRIDED_GEMM] N=2048 threads=20 rep=7 batches=39 time=1.022 s | package=159.521 J | dram=1.305564 | total=160.826 J | power=157.3 W | runtime=in_range | checksum=OK
[STRIDED_GEMM] N=2048 threads=20 rep=8 batches=39 time=1.023 s | package=159.598 J | dram=1.310674 | total=160.909 J | power=157.3 W | runtime=in_range | checksum=OK
[STRIDED_GEMM] N=2048 threads=20 rep=9 batches=39 time=1.023 s | package=158.984 J | dram=1.298833 | total=160.283 J | power=156.7 W | runtime=in_range | checksum=OK
[STRIDED_GEMM] N=2048 threads=20 rep=10 batches=39 time=1.023 s | package=159.390 J | dram=1.309130 | total=160.699 J | power=157.1 W | runtime=in_range | checksum=OK
[OpenBLAS] requested=10 active=10
[STRIDED_GEMM] N=8192 threads=10 rep=1 batches=2 time=1.902 s | package=287.656 J | dram=4.075124 | total=291.731 J | power=153.4 W | runtime=above | checksum=OK
[STRIDED_GEMM] N=8192 threads=10 rep=2 batches=2 time=1.917 s | package=290.179 J | dram=4.121484 | total=294.300 J | power=153.5 W | runtime=above | checksum=OK
[STRIDED_GEMM] N=8192 threads=10 rep=3 batches=2 time=1.918 s | package=289.241 J | dram=4.097707 | total=293.339 J | power=152.9 W | runtime=above | checksum=OK
[STRIDED_GEMM] N=8192 threads=10 rep=4 batches=2 time=1.920 s | package=289.019 J | dram=4.135712 | total=293.155 J | power=152.7 W | runtime=above | checksum=OK
[STRIDED_GEMM] N=8192 threads=10 rep=5 batches=2 time=1.918 s | package=288.394 J | dram=4.136508 | total=292.531 J | power=152.6 W | runtime=above | checksum=OK
[STRIDED_GEMM] N=8192 threads=10 rep=6 batches=2 time=1.924 s | package=289.271 J | dram=4.148748 | total=293.420 J | power=152.5 W | runtime=above | checksum=OK
[STRIDED_GEMM] N=8192 threads=10 rep=7 batches=2 time=1.924 s | package=289.050 J | dram=4.108707 | total=293.158 J | power=152.4 W | runtime=above | checksum=OK
[STRIDED_GEMM] N=8192 threads=10 rep=8 batches=2 time=1.924 s | package=288.112 J | dram=4.199208 | total=292.311 J | power=151.9 W | runtime=above | checksum=OK
[STRIDED_GEMM] N=8192 threads=10 rep=9 batches=2 time=1.925 s | package=287.258 J | dram=4.192965 | total=291.451 J | power=151.4 W | runtime=above | checksum=OK
[STRIDED_GEMM] N=8192 threads=10 rep=10 batches=2 time=1.927 s | package=287.294 J | dram=4.152451 | total=291.446 J | power=151.3 W | runtime=above | checksum=OK
[OpenBLAS] requested=20 active=20
[STRIDED_GEMM] N=1024 threads=20 rep=1 batches=452 time=1.023 s | package=150.693 J | dram=0.397418 | total=151.090 J | power=147.6 W | runtime=in_range | checksum=OK
[STRIDED_GEMM] N=1024 threads=20 rep=2 batches=452 time=1.024 s | package=150.307 J | dram=0.395673 | total=150.702 J | power=147.2 W | runtime=in_range | checksum=OK
[STRIDED_GEMM] N=1024 threads=20 rep=3 batches=452 time=1.027 s | package=150.331 J | dram=0.386616 | total=150.717 J | power=146.8 W | runtime=in_range | checksum=OK
[STRIDED_GEMM] N=1024 threads=20 rep=4 batches=452 time=1.026 s | package=150.290 J | dram=0.400126 | total=150.690 J | power=146.9 W | runtime=in_range | checksum=OK
[STRIDED_GEMM] N=1024 threads=20 rep=5 batches=452 time=1.028 s | package=150.416 J | dram=0.407944 | total=150.824 J | power=146.8 W | runtime=in_range | checksum=OK
[STRIDED_GEMM] N=1024 threads=20 rep=6 batches=452 time=1.028 s | package=150.054 J | dram=0.398795 | total=150.453 J | power=146.4 W | runtime=in_range | checksum=OK
[STRIDED_GEMM] N=1024 threads=20 rep=7 batches=452 time=1.028 s | package=149.903 J | dram=0.409657 | total=150.313 J | power=146.3 W | runtime=in_range | checksum=OK
[STRIDED_GEMM] N=1024 threads=20 rep=8 batches=452 time=1.029 s | package=149.915 J | dram=0.407286 | total=150.322 J | power=146.1 W | runtime=in_range | checksum=OK
[STRIDED_GEMM] N=1024 threads=20 rep=9 batches=452 time=1.028 s | package=150.065 J | dram=0.390747 | total=150.456 J | power=146.3 W | runtime=in_range | checksum=OK
[STRIDED_GEMM] N=1024 threads=20 rep=10 batches=452 time=1.030 s | package=150.077 J | dram=0.404991 | total=150.482 J | power=146.1 W | runtime=in_range | checksum=OK
[OpenBLAS] requested=1 active=1
[STRIDED_GEMM] N=1024 threads=1 rep=1 batches=78 time=1.001 s | package=59.758 J | dram=0.000000 | total=59.758 J | power=59.7 W | runtime=in_range | checksum=OK
[STRIDED_GEMM] N=1024 threads=1 rep=2 batches=78 time=0.999 s | package=59.117 J | dram=0.000123 | total=59.118 J | power=59.2 W | runtime=in_range | checksum=OK
[STRIDED_GEMM] N=1024 threads=1 rep=3 batches=78 time=0.999 s | package=59.823 J | dram=0.000413 | total=59.824 J | power=59.9 W | runtime=in_range | checksum=OK
[STRIDED_GEMM] N=1024 threads=1 rep=4 batches=78 time=0.996 s | package=58.669 J | dram=0.000000 | total=58.669 J | power=58.9 W | runtime=in_range | checksum=OK
[STRIDED_GEMM] N=1024 threads=1 rep=5 batches=78 time=0.997 s | package=60.000 J | dram=0.000260 | total=60.000 J | power=60.2 W | runtime=in_range | checksum=OK
[STRIDED_GEMM] N=1024 threads=1 rep=6 batches=78 time=0.996 s | package=59.742 J | dram=0.000168 | total=59.742 J | power=60.0 W | runtime=in_range | checksum=OK
[STRIDED_GEMM] N=1024 threads=1 rep=7 batches=78 time=0.993 s | package=58.941 J | dram=0.000000 | total=58.941 J | power=59.3 W | runtime=in_range | checksum=OK
[STRIDED_GEMM] N=1024 threads=1 rep=8 batches=78 time=0.991 s | package=58.447 J | dram=0.000061 | total=58.447 J | power=59.0 W | runtime=in_range | checksum=OK
[STRIDED_GEMM] N=1024 threads=1 rep=9 batches=78 time=0.991 s | package=59.133 J | dram=0.000062 | total=59.133 J | power=59.6 W | runtime=in_range | checksum=OK
[STRIDED_GEMM] N=1024 threads=1 rep=10 batches=78 time=0.990 s | package=58.786 J | dram=0.000030 | total=58.786 J | power=59.4 W | runtime=in_range | checksum=OK
[OpenBLAS] requested=20 active=20
[STRIDED_GEMM] N=16384 threads=20 rep=1 batches=1 time=9.601 s | package=1469.283 J | dram=21.253261 | total=1490.536 J | power=155.2 W | runtime=above | checksum=OK
[STRIDED_GEMM] N=16384 threads=20 rep=2 batches=1 time=9.406 s | package=1425.625 J | dram=20.537985 | total=1446.163 J | power=153.8 W | runtime=above | checksum=OK
[STRIDED_GEMM] N=16384 threads=20 rep=3 batches=1 time=9.580 s | package=1439.077 J | dram=21.304562 | total=1460.381 J | power=152.4 W | runtime=above | checksum=OK
[STRIDED_GEMM] N=16384 threads=20 rep=4 batches=1 time=9.627 s | package=1437.306 J | dram=21.574423 | total=1458.880 J | power=151.5 W | runtime=above | checksum=OK
[STRIDED_GEMM] N=16384 threads=20 rep=5 batches=1 time=9.915 s | package=1465.130 J | dram=22.409405 | total=1487.540 J | power=150.0 W | runtime=above | checksum=OK
[STRIDED_GEMM] N=16384 threads=20 rep=6 batches=1 time=9.831 s | package=1443.513 J | dram=22.368003 | total=1465.881 J | power=149.1 W | runtime=above | checksum=OK
[STRIDED_GEMM] N=16384 threads=20 rep=7 batches=1 time=9.809 s | package=1433.785 J | dram=22.160337 | total=1455.946 J | power=148.4 W | runtime=above | checksum=OK
[STRIDED_GEMM] N=16384 threads=20 rep=8 batches=1 time=9.865 s | package=1435.887 J | dram=22.089834 | total=1457.976 J | power=147.8 W | runtime=above | checksum=OK
[STRIDED_GEMM] N=16384 threads=20 rep=9 batches=1 time=9.696 s | package=1404.311 J | dram=21.811757 | total=1426.123 J | power=147.1 W | runtime=above | checksum=OK
[STRIDED_GEMM] N=16384 threads=20 rep=10 batches=1 time=9.668 s | package=1391.203 J | dram=21.883024 | total=1413.086 J | power=146.2 W | runtime=above | checksum=OK
[OpenBLAS] requested=2 active=2
[STRIDED_GEMM] N=16384 threads=2 rep=1 batches=1 time=24.533 s | package=2069.497 J | dram=11.226421 | total=2080.723 J | power=84.8 W | runtime=above | checksum=OK
[STRIDED_GEMM] N=16384 threads=2 rep=2 batches=1 time=24.396 s | package=2080.017 J | dram=11.051557 | total=2091.068 J | power=85.7 W | runtime=above | checksum=OK
[STRIDED_GEMM] N=16384 threads=2 rep=3 batches=1 time=24.247 s | package=2064.147 J | dram=10.910752 | total=2075.057 J | power=85.6 W | runtime=above | checksum=OK
[STRIDED_GEMM] N=16384 threads=2 rep=4 batches=1 time=24.170 s | package=2061.009 J | dram=10.849352 | total=2071.859 J | power=85.7 W | runtime=above | checksum=OK
[STRIDED_GEMM] N=16384 threads=2 rep=5 batches=1 time=23.933 s | package=2081.978 J | dram=10.840387 | total=2092.818 J | power=87.4 W | runtime=above | checksum=OK
[STRIDED_GEMM] N=16384 threads=2 rep=6 batches=1 time=23.809 s | package=2075.091 J | dram=10.739467 | total=2085.831 J | power=87.6 W | runtime=above | checksum=OK
[STRIDED_GEMM] N=16384 threads=2 rep=7 batches=1 time=23.672 s | package=2074.408 J | dram=10.510167 | total=2084.919 J | power=88.1 W | runtime=above | checksum=OK
[STRIDED_GEMM] N=16384 threads=2 rep=8 batches=1 time=23.699 s | package=2091.164 J | dram=10.824000 | total=2101.988 J | power=88.7 W | runtime=above | checksum=OK
[STRIDED_GEMM] N=16384 threads=2 rep=9 batches=1 time=23.406 s | package=2047.743 J | dram=10.670832 | total=2058.414 J | power=87.9 W | runtime=above | checksum=OK
[STRIDED_GEMM] N=16384 threads=2 rep=10 batches=1 time=23.312 s | package=2038.780 J | dram=10.618261 | total=2049.398 J | power=87.9 W | runtime=above | checksum=OK
[OpenBLAS] requested=20 active=20
[STRIDED_GEMM] N=512 threads=20 rep=1 batches=3336 time=1.020 s | package=175.371 J | dram=0.000000 | total=175.371 J | power=171.9 W | runtime=in_range | checksum=OK
[STRIDED_GEMM] N=512 threads=20 rep=2 batches=3336 time=1.012 s | package=174.547 J | dram=0.000000 | total=174.547 J | power=172.4 W | runtime=in_range | checksum=OK
[STRIDED_GEMM] N=512 threads=20 rep=3 batches=3336 time=1.009 s | package=174.234 J | dram=0.000000 | total=174.234 J | power=172.7 W | runtime=in_range | checksum=OK
[STRIDED_GEMM] N=512 threads=20 rep=4 batches=3336 time=1.012 s | package=174.686 J | dram=0.000000 | total=174.686 J | power=172.6 W | runtime=in_range | checksum=OK
[STRIDED_GEMM] N=512 threads=20 rep=5 batches=3336 time=1.014 s | package=174.823 J | dram=0.000000 | total=174.823 J | power=172.4 W | runtime=in_range | checksum=OK
[STRIDED_GEMM] N=512 threads=20 rep=6 batches=3336 time=1.014 s | package=174.699 J | dram=0.000000 | total=174.699 J | power=172.3 W | runtime=in_range | checksum=OK
[STRIDED_GEMM] N=512 threads=20 rep=7 batches=3336 time=1.016 s | package=174.797 J | dram=0.000000 | total=174.797 J | power=172.1 W | runtime=in_range | checksum=OK
[STRIDED_GEMM] N=512 threads=20 rep=8 batches=3336 time=1.018 s | package=174.782 J | dram=0.000000 | total=174.782 J | power=171.7 W | runtime=in_range | checksum=OK
[STRIDED_GEMM] N=512 threads=20 rep=9 batches=3336 time=1.018 s | package=174.806 J | dram=0.000000 | total=174.806 J | power=171.6 W | runtime=in_range | checksum=OK
[STRIDED_GEMM] N=512 threads=20 rep=10 batches=3336 time=1.022 s | package=175.025 J | dram=0.000000 | total=175.025 J | power=171.2 W | runtime=in_range | checksum=OK
[OpenBLAS] requested=2 active=2
[STRIDED_GEMM] N=2048 threads=2 rep=1 batches=22 time=1.026 s | package=87.864 J | dram=0.087103 | total=87.951 J | power=85.7 W | runtime=in_range | checksum=OK
[STRIDED_GEMM] N=2048 threads=2 rep=2 batches=22 time=1.024 s | package=87.943 J | dram=0.093544 | total=88.037 J | power=86.0 W | runtime=in_range | checksum=OK
[STRIDED_GEMM] N=2048 threads=2 rep=3 batches=22 time=1.026 s | package=88.311 J | dram=0.085512 | total=88.396 J | power=86.2 W | runtime=in_range | checksum=OK
[STRIDED_GEMM] N=2048 threads=2 rep=4 batches=22 time=1.026 s | package=86.969 J | dram=0.087669 | total=87.057 J | power=84.9 W | runtime=in_range | checksum=OK
[STRIDED_GEMM] N=2048 threads=2 rep=5 batches=22 time=1.025 s | package=87.539 J | dram=0.082681 | total=87.621 J | power=85.5 W | runtime=in_range | checksum=OK
[STRIDED_GEMM] N=2048 threads=2 rep=6 batches=22 time=1.025 s | package=88.040 J | dram=0.086032 | total=88.126 J | power=86.0 W | runtime=in_range | checksum=OK
[STRIDED_GEMM] N=2048 threads=2 rep=7 batches=22 time=1.025 s | package=87.494 J | dram=0.084992 | total=87.579 J | power=85.5 W | runtime=in_range | checksum=OK
[STRIDED_GEMM] N=2048 threads=2 rep=8 batches=22 time=1.025 s | package=88.560 J | dram=0.086567 | total=88.647 J | power=86.5 W | runtime=in_range | checksum=OK
[STRIDED_GEMM] N=2048 threads=2 rep=9 batches=22 time=1.021 s | package=87.243 J | dram=0.076010 | total=87.319 J | power=85.5 W | runtime=in_range | checksum=OK
[STRIDED_GEMM] N=2048 threads=2 rep=10 batches=22 time=1.024 s | package=87.719 J | dram=0.086139 | total=87.805 J | power=85.8 W | runtime=in_range | checksum=OK
[OpenBLAS] requested=4 active=4
[STRIDED_GEMM] N=64 threads=4 rep=1 batches=370981 time=1.000 s | package=66.920 J | dram=0.000000 | total=66.920 J | power=66.9 W | runtime=in_range | checksum=OK
[STRIDED_GEMM] N=64 threads=4 rep=2 batches=370981 time=1.000 s | package=66.597 J | dram=0.000000 | total=66.597 J | power=66.6 W | runtime=in_range | checksum=OK
[STRIDED_GEMM] N=64 threads=4 rep=3 batches=370981 time=0.999 s | package=66.554 J | dram=0.000000 | total=66.554 J | power=66.6 W | runtime=in_range | checksum=OK
[STRIDED_GEMM] N=64 threads=4 rep=4 batches=370981 time=0.997 s | package=66.419 J | dram=0.000000 | total=66.419 J | power=66.6 W | runtime=in_range | checksum=OK
[STRIDED_GEMM] N=64 threads=4 rep=5 batches=370981 time=0.997 s | package=66.264 J | dram=0.000000 | total=66.264 J | power=66.4 W | runtime=in_range | checksum=OK
[STRIDED_GEMM] N=64 threads=4 rep=6 batches=370981 time=0.996 s | package=65.303 J | dram=0.000000 | total=65.303 J | power=65.6 W | runtime=in_range | checksum=OK
[STRIDED_GEMM] N=64 threads=4 rep=7 batches=370981 time=0.995 s | package=65.940 J | dram=0.000000 | total=65.940 J | power=66.2 W | runtime=in_range | checksum=OK
[STRIDED_GEMM] N=64 threads=4 rep=8 batches=370981 time=0.995 s | package=65.307 J | dram=0.000000 | total=65.307 J | power=65.7 W | runtime=in_range | checksum=OK
[STRIDED_GEMM] N=64 threads=4 rep=9 batches=370981 time=0.994 s | package=65.273 J | dram=0.000000 | total=65.273 J | power=65.7 W | runtime=in_range | checksum=OK
[STRIDED_GEMM] N=64 threads=4 rep=10 batches=370981 time=0.992 s | package=65.260 J | dram=0.000000 | total=65.260 J | power=65.8 W | runtime=in_range | checksum=OK
[OpenBLAS] requested=4 active=4
[STRIDED_GEMM] N=128 threads=4 rep=1 batches=81410 time=1.042 s | package=100.273 J | dram=0.000000 | total=100.273 J | power=96.2 W | runtime=in_range | checksum=OK
[STRIDED_GEMM] N=128 threads=4 rep=2 batches=81410 time=1.047 s | package=100.789 J | dram=0.000000 | total=100.789 J | power=96.3 W | runtime=in_range | checksum=OK
[STRIDED_GEMM] N=128 threads=4 rep=3 batches=81410 time=1.024 s | package=99.278 J | dram=0.000000 | total=99.278 J | power=96.9 W | runtime=in_range | checksum=OK
[STRIDED_GEMM] N=128 threads=4 rep=4 batches=81410 time=1.059 s | package=101.807 J | dram=0.000000 | total=101.807 J | power=96.2 W | runtime=in_range | checksum=OK
[STRIDED_GEMM] N=128 threads=4 rep=5 batches=81410 time=1.047 s | package=100.452 J | dram=0.000000 | total=100.452 J | power=95.9 W | runtime=in_range | checksum=OK
[STRIDED_GEMM] N=128 threads=4 rep=6 batches=81410 time=1.033 s | package=99.566 J | dram=0.000000 | total=99.566 J | power=96.4 W | runtime=in_range | checksum=OK
[STRIDED_GEMM] N=128 threads=4 rep=7 batches=81410 time=1.035 s | package=99.596 J | dram=0.000000 | total=99.596 J | power=96.2 W | runtime=in_range | checksum=OK
[STRIDED_GEMM] N=128 threads=4 rep=8 batches=81410 time=1.016 s | package=97.813 J | dram=0.000000 | total=97.813 J | power=96.3 W | runtime=in_range | checksum=OK
[STRIDED_GEMM] N=128 threads=4 rep=9 batches=81410 time=1.048 s | package=100.569 J | dram=0.000000 | total=100.569 J | power=96.0 W | runtime=in_range | checksum=OK
[STRIDED_GEMM] N=128 threads=4 rep=10 batches=81410 time=1.041 s | package=100.205 J | dram=0.000000 | total=100.205 J | power=96.2 W | runtime=in_range | checksum=OK
[OpenBLAS] requested=1 active=1
[STRIDED_GEMM] N=256 threads=1 rep=1 batches=4934 time=0.996 s | package=65.105 J | dram=0.000000 | total=65.105 J | power=65.4 W | runtime=in_range | checksum=OK
[STRIDED_GEMM] N=256 threads=1 rep=2 batches=4934 time=0.994 s | package=64.983 J | dram=0.000000 | total=64.983 J | power=65.3 W | runtime=in_range | checksum=OK
[STRIDED_GEMM] N=256 threads=1 rep=3 batches=4934 time=0.993 s | package=64.907 J | dram=0.000000 | total=64.907 J | power=65.4 W | runtime=in_range | checksum=OK
[STRIDED_GEMM] N=256 threads=1 rep=4 batches=4934 time=0.992 s | package=64.722 J | dram=0.000000 | total=64.722 J | power=65.2 W | runtime=in_range | checksum=OK
[STRIDED_GEMM] N=256 threads=1 rep=5 batches=4934 time=0.991 s | package=64.511 J | dram=0.000000 | total=64.511 J | power=65.1 W | runtime=in_range | checksum=OK
[STRIDED_GEMM] N=256 threads=1 rep=6 batches=4934 time=0.990 s | package=64.378 J | dram=0.000000 | total=64.378 J | power=65.0 W | runtime=in_range | checksum=OK
[STRIDED_GEMM] N=256 threads=1 rep=7 batches=4934 time=0.987 s | package=64.086 J | dram=0.000000 | total=64.086 J | power=64.9 W | runtime=in_range | checksum=OK
[STRIDED_GEMM] N=256 threads=1 rep=8 batches=4934 time=0.986 s | package=63.801 J | dram=0.000000 | total=63.801 J | power=64.7 W | runtime=in_range | checksum=OK
[STRIDED_GEMM] N=256 threads=1 rep=9 batches=4934 time=0.984 s | package=63.316 J | dram=0.000000 | total=63.316 J | power=64.4 W | runtime=in_range | checksum=OK
[STRIDED_GEMM] N=256 threads=1 rep=10 batches=4934 time=0.983 s | package=63.117 J | dram=0.000000 | total=63.117 J | power=64.2 W | runtime=in_range | checksum=OK
[OpenBLAS] requested=16 active=16
[STRIDED_GEMM] N=512 threads=16 rep=1 batches=3989 time=1.000 s | package=162.674 J | dram=0.000000 | total=162.674 J | power=162.7 W | runtime=in_range | checksum=OK
[STRIDED_GEMM] N=512 threads=16 rep=2 batches=3989 time=1.000 s | package=163.322 J | dram=0.000000 | total=163.322 J | power=163.3 W | runtime=in_range | checksum=OK
[STRIDED_GEMM] N=512 threads=16 rep=3 batches=3989 time=1.001 s | package=163.653 J | dram=0.000000 | total=163.653 J | power=163.5 W | runtime=in_range | checksum=OK
[STRIDED_GEMM] N=512 threads=16 rep=4 batches=3989 time=1.000 s | package=163.707 J | dram=0.000000 | total=163.707 J | power=163.7 W | runtime=in_range | checksum=OK
[STRIDED_GEMM] N=512 threads=16 rep=5 batches=3989 time=1.000 s | package=163.797 J | dram=0.000000 | total=163.797 J | power=163.8 W | runtime=in_range | checksum=OK
[STRIDED_GEMM] N=512 threads=16 rep=6 batches=3989 time=1.000 s | package=164.043 J | dram=0.000000 | total=164.043 J | power=164.0 W | runtime=in_range | checksum=OK
[STRIDED_GEMM] N=512 threads=16 rep=7 batches=3989 time=1.001 s | package=163.887 J | dram=0.000000 | total=163.887 J | power=163.7 W | runtime=in_range | checksum=OK
[STRIDED_GEMM] N=512 threads=16 rep=8 batches=3989 time=1.001 s | package=164.096 J | dram=0.000000 | total=164.096 J | power=163.9 W | runtime=in_range | checksum=OK
[STRIDED_GEMM] N=512 threads=16 rep=9 batches=3989 time=1.002 s | package=164.438 J | dram=0.000000 | total=164.438 J | power=164.1 W | runtime=in_range | checksum=OK
[STRIDED_GEMM] N=512 threads=16 rep=10 batches=3989 time=1.002 s | package=164.559 J | dram=0.000000 | total=164.559 J | power=164.2 W | runtime=in_range | checksum=OK
[OpenBLAS] requested=16 active=16
[STRIDED_GEMM] N=256 threads=16 rep=1 batches=20050 time=1.004 s | package=154.418 J | dram=0.000000 | total=154.418 J | power=153.8 W | runtime=in_range | checksum=OK
[STRIDED_GEMM] N=256 threads=16 rep=2 batches=20050 time=1.006 s | package=154.765 J | dram=0.000000 | total=154.765 J | power=153.8 W | runtime=in_range | checksum=OK
[STRIDED_GEMM] N=256 threads=16 rep=3 batches=20050 time=1.001 s | package=154.186 J | dram=0.000000 | total=154.186 J | power=154.1 W | runtime=in_range | checksum=OK
[STRIDED_GEMM] N=256 threads=16 rep=4 batches=20050 time=1.001 s | package=154.378 J | dram=0.000000 | total=154.378 J | power=154.2 W | runtime=in_range | checksum=OK
[STRIDED_GEMM] N=256 threads=16 rep=5 batches=20050 time=1.001 s | package=154.430 J | dram=0.000000 | total=154.430 J | power=154.3 W | runtime=in_range | checksum=OK
[STRIDED_GEMM] N=256 threads=16 rep=6 batches=20050 time=1.004 s | package=154.910 J | dram=0.000000 | total=154.910 J | power=154.3 W | runtime=in_range | checksum=OK
[STRIDED_GEMM] N=256 threads=16 rep=7 batches=20050 time=1.009 s | package=155.468 J | dram=0.000000 | total=155.468 J | power=154.0 W | runtime=in_range | checksum=OK
[STRIDED_GEMM] N=256 threads=16 rep=8 batches=20050 time=1.000 s | package=154.586 J | dram=0.000000 | total=154.586 J | power=154.5 W | runtime=in_range | checksum=OK
[STRIDED_GEMM] N=256 threads=16 rep=9 batches=20050 time=1.003 s | package=154.968 J | dram=0.000000 | total=154.968 J | power=154.5 W | runtime=in_range | checksum=OK
[STRIDED_GEMM] N=256 threads=16 rep=10 batches=20050 time=1.008 s | package=155.512 J | dram=0.000000 | total=155.512 J | power=154.3 W | runtime=in_range | checksum=OK
[OpenBLAS] requested=10 active=10
[STRIDED_GEMM] N=16384 threads=10 rep=1 batches=1 time=7.408 s | package=1237.114 J | dram=15.756568 | total=1252.871 J | power=169.1 W | runtime=above | checksum=OK
[STRIDED_GEMM] N=16384 threads=10 rep=2 batches=1 time=7.425 s | package=1236.713 J | dram=16.009859 | total=1252.723 J | power=168.7 W | runtime=above | checksum=OK
[STRIDED_GEMM] N=16384 threads=10 rep=3 batches=1 time=7.443 s | package=1232.363 J | dram=15.802024 | total=1248.165 J | power=167.7 W | runtime=above | checksum=OK
[STRIDED_GEMM] N=16384 threads=10 rep=4 batches=1 time=7.473 s | package=1228.856 J | dram=15.820062 | total=1244.676 J | power=166.5 W | runtime=above | checksum=OK
[STRIDED_GEMM] N=16384 threads=10 rep=5 batches=1 time=7.538 s | package=1235.297 J | dram=16.222086 | total=1251.519 J | power=166.0 W | runtime=above | checksum=OK
[STRIDED_GEMM] N=16384 threads=10 rep=6 batches=1 time=7.526 s | package=1227.835 J | dram=16.056508 | total=1243.891 J | power=165.3 W | runtime=above | checksum=OK
[STRIDED_GEMM] N=16384 threads=10 rep=7 batches=1 time=7.562 s | package=1226.093 J | dram=16.434786 | total=1242.528 J | power=164.3 W | runtime=above | checksum=OK
[STRIDED_GEMM] N=16384 threads=10 rep=8 batches=1 time=7.596 s | package=1222.554 J | dram=16.539422 | total=1239.093 J | power=163.1 W | runtime=above | checksum=OK
[STRIDED_GEMM] N=16384 threads=10 rep=9 batches=1 time=7.610 s | package=1216.718 J | dram=16.351171 | total=1233.069 J | power=162.0 W | runtime=above | checksum=OK
[STRIDED_GEMM] N=16384 threads=10 rep=10 batches=1 time=7.632 s | package=1211.083 J | dram=16.305332 | total=1227.388 J | power=160.8 W | runtime=above | checksum=OK
[OpenBLAS] requested=20 active=20
[STRIDED_GEMM] N=128 threads=20 rep=1 batches=83184 time=1.014 s | package=130.227 J | dram=0.000000 | total=130.227 J | power=128.5 W | runtime=in_range | checksum=OK
[STRIDED_GEMM] N=128 threads=20 rep=2 batches=83184 time=1.020 s | package=130.733 J | dram=0.000122 | total=130.733 J | power=128.1 W | runtime=in_range | checksum=OK
[STRIDED_GEMM] N=128 threads=20 rep=3 batches=83184 time=1.019 s | package=130.625 J | dram=0.000000 | total=130.625 J | power=128.2 W | runtime=in_range | checksum=OK
[STRIDED_GEMM] N=128 threads=20 rep=4 batches=83184 time=1.006 s | package=129.315 J | dram=0.000000 | total=129.315 J | power=128.5 W | runtime=in_range | checksum=OK
[STRIDED_GEMM] N=128 threads=20 rep=5 batches=83184 time=1.009 s | package=129.612 J | dram=0.000000 | total=129.612 J | power=128.5 W | runtime=in_range | checksum=OK
[STRIDED_GEMM] N=128 threads=20 rep=6 batches=83184 time=1.004 s | package=129.008 J | dram=0.000000 | total=129.008 J | power=128.5 W | runtime=in_range | checksum=OK
[STRIDED_GEMM] N=128 threads=20 rep=7 batches=83184 time=1.010 s | package=129.549 J | dram=0.000000 | total=129.549 J | power=128.3 W | runtime=in_range | checksum=OK
[STRIDED_GEMM] N=128 threads=20 rep=8 batches=83184 time=1.002 s | package=128.901 J | dram=0.000000 | total=128.901 J | power=128.6 W | runtime=in_range | checksum=OK
[STRIDED_GEMM] N=128 threads=20 rep=9 batches=83184 time=1.008 s | package=129.547 J | dram=0.000000 | total=129.547 J | power=128.5 W | runtime=in_range | checksum=OK
[STRIDED_GEMM] N=128 threads=20 rep=10 batches=83184 time=1.008 s | package=129.422 J | dram=0.000000 | total=129.422 J | power=128.4 W | runtime=in_range | checksum=OK
[OpenBLAS] requested=4 active=4
[STRIDED_GEMM] N=256 threads=4 rep=1 batches=14556 time=1.003 s | package=99.445 J | dram=0.000000 | total=99.445 J | power=99.2 W | runtime=in_range | checksum=OK
[STRIDED_GEMM] N=256 threads=4 rep=2 batches=14556 time=1.008 s | package=100.942 J | dram=0.000015 | total=100.942 J | power=100.1 W | runtime=in_range | checksum=OK
[STRIDED_GEMM] N=256 threads=4 rep=3 batches=14556 time=1.005 s | package=99.824 J | dram=0.000000 | total=99.824 J | power=99.3 W | runtime=in_range | checksum=OK
[STRIDED_GEMM] N=256 threads=4 rep=4 batches=14556 time=1.005 s | package=100.417 J | dram=0.000000 | total=100.417 J | power=99.9 W | runtime=in_range | checksum=OK
[STRIDED_GEMM] N=256 threads=4 rep=5 batches=14556 time=1.005 s | package=100.388 J | dram=0.000000 | total=100.388 J | power=99.8 W | runtime=in_range | checksum=OK
[STRIDED_GEMM] N=256 threads=4 rep=6 batches=14556 time=1.004 s | package=100.460 J | dram=0.000000 | total=100.460 J | power=100.0 W | runtime=in_range | checksum=OK
[STRIDED_GEMM] N=256 threads=4 rep=7 batches=14556 time=1.005 s | package=100.554 J | dram=0.000000 | total=100.554 J | power=100.0 W | runtime=in_range | checksum=OK
[STRIDED_GEMM] N=256 threads=4 rep=8 batches=14556 time=1.003 s | package=100.951 J | dram=0.000000 | total=100.951 J | power=100.6 W | runtime=in_range | checksum=OK
[STRIDED_GEMM] N=256 threads=4 rep=9 batches=14556 time=1.003 s | package=100.258 J | dram=0.000000 | total=100.258 J | power=100.0 W | runtime=in_range | checksum=OK
[STRIDED_GEMM] N=256 threads=4 rep=10 batches=14556 time=1.004 s | package=100.911 J | dram=0.000000 | total=100.911 J | power=100.5 W | runtime=in_range | checksum=OK
[OpenBLAS] requested=16 active=16
[STRIDED_GEMM] N=8192 threads=16 rep=1 batches=1 time=1.085 s | package=175.179 J | dram=1.817548 | total=176.997 J | power=163.2 W | runtime=in_range | checksum=OK
[STRIDED_GEMM] N=8192 threads=16 rep=2 batches=1 time=1.086 s | package=174.950 J | dram=1.823225 | total=176.774 J | power=162.7 W | runtime=in_range | checksum=OK
[STRIDED_GEMM] N=8192 threads=16 rep=3 batches=1 time=1.083 s | package=174.260 J | dram=1.817257 | total=176.077 J | power=162.6 W | runtime=in_range | checksum=OK
[STRIDED_GEMM] N=8192 threads=16 rep=4 batches=1 time=1.085 s | package=173.862 J | dram=1.794782 | total=175.657 J | power=161.9 W | runtime=in_range | checksum=OK
[STRIDED_GEMM] N=8192 threads=16 rep=5 batches=1 time=1.087 s | package=174.322 J | dram=1.799540 | total=176.122 J | power=162.0 W | runtime=in_range | checksum=OK
[STRIDED_GEMM] N=8192 threads=16 rep=6 batches=1 time=1.084 s | package=173.463 J | dram=1.799755 | total=175.263 J | power=161.6 W | runtime=in_range | checksum=OK
[STRIDED_GEMM] N=8192 threads=16 rep=7 batches=1 time=1.086 s | package=173.474 J | dram=1.804711 | total=175.279 J | power=161.4 W | runtime=in_range | checksum=OK
[STRIDED_GEMM] N=8192 threads=16 rep=8 batches=1 time=1.088 s | package=173.762 J | dram=1.827769 | total=175.590 J | power=161.4 W | runtime=in_range | checksum=OK
[STRIDED_GEMM] N=8192 threads=16 rep=9 batches=1 time=1.085 s | package=172.827 J | dram=1.829971 | total=174.657 J | power=160.9 W | runtime=in_range | checksum=OK
[STRIDED_GEMM] N=8192 threads=16 rep=10 batches=1 time=1.090 s | package=173.621 J | dram=1.857940 | total=175.479 J | power=161.1 W | runtime=in_range | checksum=OK
[OpenBLAS] requested=20 active=20
[STRIDED_GEMM] N=8192 threads=20 rep=1 batches=1 time=1.242 s | package=197.669 J | dram=2.492431 | total=200.162 J | power=161.1 W | runtime=in_range | checksum=OK
[STRIDED_GEMM] N=8192 threads=20 rep=2 batches=1 time=1.244 s | package=197.890 J | dram=2.503371 | total=200.394 J | power=161.1 W | runtime=in_range | checksum=OK
[STRIDED_GEMM] N=8192 threads=20 rep=3 batches=1 time=1.246 s | package=197.776 J | dram=2.528677 | total=200.305 J | power=160.8 W | runtime=in_range | checksum=OK
[STRIDED_GEMM] N=8192 threads=20 rep=4 batches=1 time=1.242 s | package=196.828 J | dram=2.495185 | total=199.323 J | power=160.5 W | runtime=in_range | checksum=OK
[STRIDED_GEMM] N=8192 threads=20 rep=5 batches=1 time=1.234 s | package=195.354 J | dram=2.496195 | total=197.850 J | power=160.3 W | runtime=in_range | checksum=OK
[STRIDED_GEMM] N=8192 threads=20 rep=6 batches=1 time=1.236 s | package=195.558 J | dram=2.499699 | total=198.058 J | power=160.3 W | runtime=in_range | checksum=OK
[STRIDED_GEMM] N=8192 threads=20 rep=7 batches=1 time=1.237 s | package=195.456 J | dram=2.472557 | total=197.929 J | power=160.1 W | runtime=in_range | checksum=OK
[STRIDED_GEMM] N=8192 threads=20 rep=8 batches=1 time=1.236 s | package=194.804 J | dram=2.465396 | total=197.270 J | power=159.5 W | runtime=in_range | checksum=OK
[STRIDED_GEMM] N=8192 threads=20 rep=9 batches=1 time=1.238 s | package=194.740 J | dram=2.491268 | total=197.232 J | power=159.3 W | runtime=in_range | checksum=OK
[STRIDED_GEMM] N=8192 threads=20 rep=10 batches=1 time=1.236 s | package=194.783 J | dram=2.484536 | total=197.268 J | power=159.6 W | runtime=in_range | checksum=OK
[OpenBLAS] requested=10 active=10
[STRIDED_GEMM] N=2048 threads=10 rep=1 batches=68 time=1.042 s | package=162.435 J | dram=1.237694 | total=163.673 J | power=157.2 W | runtime=in_range | checksum=OK
[STRIDED_GEMM] N=2048 threads=10 rep=2 batches=68 time=1.042 s | package=162.353 J | dram=1.253039 | total=163.606 J | power=157.0 W | runtime=in_range | checksum=OK
[STRIDED_GEMM] N=2048 threads=10 rep=3 batches=68 time=1.043 s | package=161.983 J | dram=1.248098 | total=163.231 J | power=156.5 W | runtime=in_range | checksum=OK
[STRIDED_GEMM] N=2048 threads=10 rep=4 batches=68 time=1.044 s | package=162.532 J | dram=1.239269 | total=163.771 J | power=156.8 W | runtime=in_range | checksum=OK
[STRIDED_GEMM] N=2048 threads=10 rep=5 batches=68 time=1.044 s | package=161.775 J | dram=1.233854 | total=163.009 J | power=156.1 W | runtime=in_range | checksum=OK
[STRIDED_GEMM] N=2048 threads=10 rep=6 batches=68 time=1.044 s | package=161.754 J | dram=1.239376 | total=162.993 J | power=156.1 W | runtime=in_range | checksum=OK
[STRIDED_GEMM] N=2048 threads=10 rep=7 batches=68 time=1.045 s | package=161.774 J | dram=1.255028 | total=163.029 J | power=156.0 W | runtime=in_range | checksum=OK
[STRIDED_GEMM] N=2048 threads=10 rep=8 batches=68 time=1.045 s | package=161.794 J | dram=1.249046 | total=163.043 J | power=156.1 W | runtime=in_range | checksum=OK
[STRIDED_GEMM] N=2048 threads=10 rep=9 batches=68 time=1.045 s | package=161.829 J | dram=1.279891 | total=163.109 J | power=156.1 W | runtime=in_range | checksum=OK
[STRIDED_GEMM] N=2048 threads=10 rep=10 batches=68 time=1.046 s | package=161.342 J | dram=1.248006 | total=162.590 J | power=155.4 W | runtime=in_range | checksum=OK
[OpenBLAS] requested=4 active=4
[STRIDED_GEMM] N=8192 threads=4 rep=1 batches=1 time=1.722 s | package=186.025 J | dram=1.535722 | total=187.561 J | power=108.9 W | runtime=above | checksum=OK
[STRIDED_GEMM] N=8192 threads=4 rep=2 batches=1 time=1.724 s | package=186.201 J | dram=1.512833 | total=187.714 J | power=108.9 W | runtime=above | checksum=OK
[STRIDED_GEMM] N=8192 threads=4 rep=3 batches=1 time=1.723 s | package=186.082 J | dram=1.517806 | total=187.600 J | power=108.9 W | runtime=above | checksum=OK
[STRIDED_GEMM] N=8192 threads=4 rep=4 batches=1 time=1.720 s | package=186.271 J | dram=1.524171 | total=187.796 J | power=109.2 W | runtime=above | checksum=OK
[STRIDED_GEMM] N=8192 threads=4 rep=5 batches=1 time=1.716 s | package=186.845 J | dram=1.522472 | total=188.367 J | power=109.8 W | runtime=above | checksum=OK
[STRIDED_GEMM] N=8192 threads=4 rep=6 batches=1 time=1.718 s | package=187.456 J | dram=1.485309 | total=188.941 J | power=110.0 W | runtime=above | checksum=OK
[STRIDED_GEMM] N=8192 threads=4 rep=7 batches=1 time=1.716 s | package=186.760 J | dram=1.519305 | total=188.279 J | power=109.7 W | runtime=above | checksum=OK
[STRIDED_GEMM] N=8192 threads=4 rep=8 batches=1 time=1.743 s | package=185.970 J | dram=1.512329 | total=187.482 J | power=107.6 W | runtime=above | checksum=OK
[STRIDED_GEMM] N=8192 threads=4 rep=9 batches=1 time=1.748 s | package=183.692 J | dram=1.511104 | total=185.203 J | power=106.0 W | runtime=above | checksum=OK
[STRIDED_GEMM] N=8192 threads=4 rep=10 batches=1 time=1.743 s | package=182.648 J | dram=1.484116 | total=184.132 J | power=105.6 W | runtime=above | checksum=OK
[OpenBLAS] requested=10 active=10
[STRIDED_GEMM] N=128 threads=10 rep=1 batches=83633 time=1.011 s | package=130.414 J | dram=0.000000 | total=130.414 J | power=129.0 W | runtime=in_range | checksum=OK
[STRIDED_GEMM] N=128 threads=10 rep=2 batches=83633 time=1.007 s | package=130.141 J | dram=0.000030 | total=130.141 J | power=129.2 W | runtime=in_range | checksum=OK
[STRIDED_GEMM] N=128 threads=10 rep=3 batches=83633 time=1.009 s | package=130.336 J | dram=0.000000 | total=130.336 J | power=129.2 W | runtime=in_range | checksum=OK
[STRIDED_GEMM] N=128 threads=10 rep=4 batches=83633 time=1.014 s | package=130.948 J | dram=0.000077 | total=130.948 J | power=129.2 W | runtime=in_range | checksum=OK
[STRIDED_GEMM] N=128 threads=10 rep=5 batches=83633 time=1.019 s | package=131.417 J | dram=0.000000 | total=131.417 J | power=128.9 W | runtime=in_range | checksum=OK
[STRIDED_GEMM] N=128 threads=10 rep=6 batches=83633 time=1.009 s | package=130.525 J | dram=0.000000 | total=130.525 J | power=129.4 W | runtime=in_range | checksum=OK
[STRIDED_GEMM] N=128 threads=10 rep=7 batches=83633 time=1.005 s | package=130.550 J | dram=0.000000 | total=130.550 J | power=129.9 W | runtime=in_range | checksum=OK
[STRIDED_GEMM] N=128 threads=10 rep=8 batches=83633 time=1.008 s | package=130.560 J | dram=0.000000 | total=130.560 J | power=129.5 W | runtime=in_range | checksum=OK
[STRIDED_GEMM] N=128 threads=10 rep=9 batches=83633 time=1.000 s | package=129.570 J | dram=0.000000 | total=129.570 J | power=129.6 W | runtime=in_range | checksum=OK
[STRIDED_GEMM] N=128 threads=10 rep=10 batches=83633 time=0.999 s | package=129.487 J | dram=0.000000 | total=129.487 J | power=129.6 W | runtime=in_range | checksum=OK
[OpenBLAS] requested=2 active=2
[STRIDED_GEMM] N=8192 threads=2 rep=1 batches=1 time=3.035 s | package=255.418 J | dram=1.171628 | total=256.590 J | power=84.5 W | runtime=above | checksum=OK
[STRIDED_GEMM] N=8192 threads=2 rep=2 batches=1 time=3.031 s | package=257.847 J | dram=1.157904 | total=259.005 J | power=85.5 W | runtime=above | checksum=OK
[STRIDED_GEMM] N=8192 threads=2 rep=3 batches=1 time=3.025 s | package=257.660 J | dram=1.100070 | total=258.760 J | power=85.5 W | runtime=above | checksum=OK
[STRIDED_GEMM] N=8192 threads=2 rep=4 batches=1 time=3.023 s | package=256.790 J | dram=1.114116 | total=257.904 J | power=85.3 W | runtime=above | checksum=OK
[STRIDED_GEMM] N=8192 threads=2 rep=5 batches=1 time=3.022 s | package=258.618 J | dram=1.106924 | total=259.725 J | power=85.9 W | runtime=above | checksum=OK
[STRIDED_GEMM] N=8192 threads=2 rep=6 batches=1 time=3.014 s | package=259.157 J | dram=1.107690 | total=260.264 J | power=86.3 W | runtime=above | checksum=OK
[STRIDED_GEMM] N=8192 threads=2 rep=7 batches=1 time=3.012 s | package=258.558 J | dram=1.093552 | total=259.651 J | power=86.2 W | runtime=above | checksum=OK
[STRIDED_GEMM] N=8192 threads=2 rep=8 batches=1 time=3.012 s | package=255.171 J | dram=1.066731 | total=256.238 J | power=85.1 W | runtime=above | checksum=OK
[STRIDED_GEMM] N=8192 threads=2 rep=9 batches=1 time=3.004 s | package=248.407 J | dram=1.116089 | total=249.523 J | power=83.1 W | runtime=above | checksum=OK
[STRIDED_GEMM] N=8192 threads=2 rep=10 batches=1 time=2.999 s | package=254.083 J | dram=1.066456 | total=255.150 J | power=85.1 W | runtime=above | checksum=OK
[OpenBLAS] requested=8 active=8
[STRIDED_GEMM] N=128 threads=8 rep=1 batches=91075 time=1.005 s | package=128.828 J | dram=0.000000 | total=128.828 J | power=128.2 W | runtime=in_range | checksum=OK
[STRIDED_GEMM] N=128 threads=8 rep=2 batches=91075 time=1.002 s | package=128.562 J | dram=0.000000 | total=128.562 J | power=128.3 W | runtime=in_range | checksum=OK
[STRIDED_GEMM] N=128 threads=8 rep=3 batches=91075 time=0.998 s | package=128.091 J | dram=0.000000 | total=128.091 J | power=128.4 W | runtime=in_range | checksum=OK
[STRIDED_GEMM] N=128 threads=8 rep=4 batches=91075 time=1.000 s | package=128.133 J | dram=0.000000 | total=128.133 J | power=128.2 W | runtime=in_range | checksum=OK
[STRIDED_GEMM] N=128 threads=8 rep=5 batches=91075 time=1.015 s | package=130.838 J | dram=0.000000 | total=130.838 J | power=128.9 W | runtime=in_range | checksum=OK
[STRIDED_GEMM] N=128 threads=8 rep=6 batches=91075 time=1.011 s | package=130.483 J | dram=0.000000 | total=130.483 J | power=129.0 W | runtime=in_range | checksum=OK
[STRIDED_GEMM] N=128 threads=8 rep=7 batches=91075 time=1.012 s | package=130.779 J | dram=0.000000 | total=130.779 J | power=129.2 W | runtime=in_range | checksum=OK
[STRIDED_GEMM] N=128 threads=8 rep=8 batches=91075 time=1.009 s | package=130.289 J | dram=0.000000 | total=130.289 J | power=129.2 W | runtime=in_range | checksum=OK
[STRIDED_GEMM] N=128 threads=8 rep=9 batches=91075 time=1.010 s | package=130.472 J | dram=0.000000 | total=130.472 J | power=129.1 W | runtime=in_range | checksum=OK
[STRIDED_GEMM] N=128 threads=8 rep=10 batches=91075 time=1.009 s | package=130.232 J | dram=0.000000 | total=130.232 J | power=129.0 W | runtime=in_range | checksum=OK
[OpenBLAS] requested=10 active=10
[STRIDED_GEMM] N=512 threads=10 rep=1 batches=3287 time=1.027 s | package=161.036 J | dram=0.000000 | total=161.036 J | power=156.9 W | runtime=in_range | checksum=OK
[STRIDED_GEMM] N=512 threads=10 rep=2 batches=3287 time=1.026 s | package=160.663 J | dram=0.000000 | total=160.663 J | power=156.6 W | runtime=in_range | checksum=OK
[STRIDED_GEMM] N=512 threads=10 rep=3 batches=3287 time=1.014 s | package=159.002 J | dram=0.000000 | total=159.002 J | power=156.7 W | runtime=in_range | checksum=OK
[STRIDED_GEMM] N=512 threads=10 rep=4 batches=3287 time=1.013 s | package=158.473 J | dram=0.000000 | total=158.473 J | power=156.5 W | runtime=in_range | checksum=OK
[STRIDED_GEMM] N=512 threads=10 rep=5 batches=3287 time=1.013 s | package=158.543 J | dram=0.000000 | total=158.543 J | power=156.5 W | runtime=in_range | checksum=OK
[STRIDED_GEMM] N=512 threads=10 rep=6 batches=3287 time=1.013 s | package=158.341 J | dram=0.000000 | total=158.341 J | power=156.3 W | runtime=in_range | checksum=OK
[STRIDED_GEMM] N=512 threads=10 rep=7 batches=3287 time=1.015 s | package=158.353 J | dram=0.000000 | total=158.353 J | power=156.0 W | runtime=in_range | checksum=OK
[STRIDED_GEMM] N=512 threads=10 rep=8 batches=3287 time=1.015 s | package=158.257 J | dram=0.000000 | total=158.257 J | power=156.0 W | runtime=in_range | checksum=OK
[STRIDED_GEMM] N=512 threads=10 rep=9 batches=3287 time=1.014 s | package=157.884 J | dram=0.000000 | total=157.884 J | power=155.6 W | runtime=in_range | checksum=OK
[STRIDED_GEMM] N=512 threads=10 rep=10 batches=3287 time=1.017 s | package=158.199 J | dram=0.000000 | total=158.199 J | power=155.5 W | runtime=in_range | checksum=OK
[OpenBLAS] requested=10 active=10
[STRIDED_GEMM] N=256 threads=10 rep=1 batches=15639 time=1.040 s | package=148.738 J | dram=0.000000 | total=148.738 J | power=143.0 W | runtime=in_range | checksum=OK
[STRIDED_GEMM] N=256 threads=10 rep=2 batches=15639 time=1.020 s | package=146.734 J | dram=0.000000 | total=146.734 J | power=143.8 W | runtime=in_range | checksum=OK
[STRIDED_GEMM] N=256 threads=10 rep=3 batches=15639 time=1.009 s | package=145.478 J | dram=0.000000 | total=145.478 J | power=144.1 W | runtime=in_range | checksum=OK
[STRIDED_GEMM] N=256 threads=10 rep=4 batches=15639 time=1.017 s | package=146.278 J | dram=0.000000 | total=146.278 J | power=143.9 W | runtime=in_range | checksum=OK
[STRIDED_GEMM] N=256 threads=10 rep=5 batches=15639 time=1.012 s | package=145.750 J | dram=0.000000 | total=145.750 J | power=144.0 W | runtime=in_range | checksum=OK
[STRIDED_GEMM] N=256 threads=10 rep=6 batches=15639 time=0.999 s | package=144.514 J | dram=0.000000 | total=144.514 J | power=144.6 W | runtime=in_range | checksum=OK
[STRIDED_GEMM] N=256 threads=10 rep=7 batches=15639 time=1.024 s | package=147.102 J | dram=0.000000 | total=147.102 J | power=143.7 W | runtime=in_range | checksum=OK
[STRIDED_GEMM] N=256 threads=10 rep=8 batches=15639 time=1.010 s | package=145.781 J | dram=0.000000 | total=145.781 J | power=144.4 W | runtime=in_range | checksum=OK
[STRIDED_GEMM] N=256 threads=10 rep=9 batches=15639 time=1.009 s | package=145.592 J | dram=0.000000 | total=145.592 J | power=144.3 W | runtime=in_range | checksum=OK
[STRIDED_GEMM] N=256 threads=10 rep=10 batches=15639 time=1.026 s | package=147.617 J | dram=0.000000 | total=147.617 J | power=143.9 W | runtime=in_range | checksum=OK
[OpenBLAS] requested=8 active=8
[STRIDED_GEMM] N=16384 threads=8 rep=1 batches=1 time=7.889 s | package=1168.123 J | dram=15.534472 | total=1183.658 J | power=150.0 W | runtime=above | checksum=OK
[STRIDED_GEMM] N=16384 threads=8 rep=2 batches=1 time=7.869 s | package=1147.328 J | dram=15.351332 | total=1162.679 J | power=147.8 W | runtime=above | checksum=OK
[STRIDED_GEMM] N=16384 threads=8 rep=3 batches=1 time=7.925 s | package=1128.929 J | dram=15.475522 | total=1144.404 J | power=144.4 W | runtime=above | checksum=OK
[STRIDED_GEMM] N=16384 threads=8 rep=4 batches=1 time=7.784 s | package=1166.420 J | dram=15.634764 | total=1182.055 J | power=151.9 W | runtime=above | checksum=OK
[STRIDED_GEMM] N=16384 threads=8 rep=5 batches=1 time=7.813 s | package=1160.137 J | dram=15.703629 | total=1175.840 J | power=150.5 W | runtime=above | checksum=OK
[STRIDED_GEMM] N=16384 threads=8 rep=6 batches=1 time=7.829 s | package=1158.469 J | dram=15.750386 | total=1174.219 J | power=150.0 W | runtime=above | checksum=OK
[STRIDED_GEMM] N=16384 threads=8 rep=7 batches=1 time=7.836 s | package=1152.659 J | dram=15.831491 | total=1168.490 J | power=149.1 W | runtime=above | checksum=OK
[STRIDED_GEMM] N=16384 threads=8 rep=8 batches=1 time=7.876 s | package=1148.893 J | dram=15.913576 | total=1164.807 J | power=147.9 W | runtime=above | checksum=OK
[STRIDED_GEMM] N=16384 threads=8 rep=9 batches=1 time=7.882 s | package=1110.832 J | dram=15.765058 | total=1126.597 J | power=142.9 W | runtime=above | checksum=OK
[STRIDED_GEMM] N=16384 threads=8 rep=10 batches=1 time=7.891 s | package=1108.744 J | dram=15.697923 | total=1124.442 J | power=142.5 W | runtime=above | checksum=OK
[OpenBLAS] requested=8 active=8
[STRIDED_GEMM] N=4096 threads=8 rep=1 batches=9 time=1.093 s | package=153.011 J | dram=1.696173 | total=154.707 J | power=141.6 W | runtime=in_range | checksum=OK
[STRIDED_GEMM] N=4096 threads=8 rep=2 batches=9 time=1.096 s | package=152.531 J | dram=1.665543 | total=154.197 J | power=140.7 W | runtime=in_range | checksum=OK
[STRIDED_GEMM] N=4096 threads=8 rep=3 batches=9 time=1.098 s | package=152.727 J | dram=1.682526 | total=154.409 J | power=140.6 W | runtime=in_range | checksum=OK
[STRIDED_GEMM] N=4096 threads=8 rep=4 batches=9 time=1.100 s | package=152.814 J | dram=1.658443 | total=154.472 J | power=140.4 W | runtime=in_range | checksum=OK
[STRIDED_GEMM] N=4096 threads=8 rep=5 batches=9 time=1.098 s | package=152.811 J | dram=1.674203 | total=154.485 J | power=140.7 W | runtime=in_range | checksum=OK
[STRIDED_GEMM] N=4096 threads=8 rep=6 batches=9 time=1.098 s | package=153.254 J | dram=1.678961 | total=154.933 J | power=141.1 W | runtime=in_range | checksum=OK
[STRIDED_GEMM] N=4096 threads=8 rep=7 batches=9 time=1.098 s | package=152.661 J | dram=1.696020 | total=154.357 J | power=140.6 W | runtime=in_range | checksum=OK
[STRIDED_GEMM] N=4096 threads=8 rep=8 batches=9 time=1.099 s | package=152.436 J | dram=1.661748 | total=154.098 J | power=140.2 W | runtime=in_range | checksum=OK
[STRIDED_GEMM] N=4096 threads=8 rep=9 batches=9 time=1.099 s | package=152.441 J | dram=1.688845 | total=154.130 J | power=140.3 W | runtime=in_range | checksum=OK
[STRIDED_GEMM] N=4096 threads=8 rep=10 batches=9 time=1.099 s | package=152.749 J | dram=1.686443 | total=154.435 J | power=140.5 W | runtime=in_range | checksum=OK
[OpenBLAS] requested=20 active=20
[STRIDED_GEMM] N=4096 threads=20 rep=1 batches=6 time=1.076 s | package=162.956 J | dram=1.982085 | total=164.939 J | power=153.3 W | runtime=in_range | checksum=OK
[STRIDED_GEMM] N=4096 threads=20 rep=2 batches=6 time=1.078 s | package=162.367 J | dram=2.012164 | total=164.379 J | power=152.5 W | runtime=in_range | checksum=OK
[STRIDED_GEMM] N=4096 threads=20 rep=3 batches=6 time=1.077 s | package=162.367 J | dram=2.049879 | total=164.417 J | power=152.6 W | runtime=in_range | checksum=OK
[STRIDED_GEMM] N=4096 threads=20 rep=4 batches=6 time=1.078 s | package=162.331 J | dram=2.037195 | total=164.368 J | power=152.4 W | runtime=in_range | checksum=OK
[STRIDED_GEMM] N=4096 threads=20 rep=5 batches=6 time=1.074 s | package=162.891 J | dram=2.019860 | total=164.910 J | power=153.5 W | runtime=in_range | checksum=OK
[STRIDED_GEMM] N=4096 threads=20 rep=6 batches=6 time=1.074 s | package=162.780 J | dram=1.981197 | total=164.761 J | power=153.4 W | runtime=in_range | checksum=OK
[STRIDED_GEMM] N=4096 threads=20 rep=7 batches=6 time=1.077 s | package=162.253 J | dram=1.980402 | total=164.233 J | power=152.5 W | runtime=in_range | checksum=OK
[STRIDED_GEMM] N=4096 threads=20 rep=8 batches=6 time=1.073 s | package=161.926 J | dram=1.996925 | total=163.923 J | power=152.8 W | runtime=in_range | checksum=OK
[STRIDED_GEMM] N=4096 threads=20 rep=9 batches=6 time=1.076 s | package=161.871 J | dram=1.981534 | total=163.853 J | power=152.2 W | runtime=in_range | checksum=OK
[STRIDED_GEMM] N=4096 threads=20 rep=10 batches=6 time=1.078 s | package=162.138 J | dram=2.000077 | total=164.138 J | power=152.3 W | runtime=in_range | checksum=OK
[OpenBLAS] requested=20 active=20
[STRIDED_GEMM] N=256 threads=20 rep=1 batches=16800 time=1.001 s | package=138.651 J | dram=0.000000 | total=138.651 J | power=138.5 W | runtime=in_range | checksum=OK
[STRIDED_GEMM] N=256 threads=20 rep=2 batches=16800 time=1.002 s | package=138.945 J | dram=0.000000 | total=138.945 J | power=138.7 W | runtime=in_range | checksum=OK
[STRIDED_GEMM] N=256 threads=20 rep=3 batches=16800 time=1.001 s | package=138.970 J | dram=0.000000 | total=138.970 J | power=138.9 W | runtime=in_range | checksum=OK
[STRIDED_GEMM] N=256 threads=20 rep=4 batches=16800 time=1.004 s | package=139.027 J | dram=0.000000 | total=139.027 J | power=138.4 W | runtime=in_range | checksum=OK
[STRIDED_GEMM] N=256 threads=20 rep=5 batches=16800 time=1.002 s | package=139.239 J | dram=0.000000 | total=139.239 J | power=139.0 W | runtime=in_range | checksum=OK
[STRIDED_GEMM] N=256 threads=20 rep=6 batches=16800 time=1.002 s | package=139.032 J | dram=0.000000 | total=139.032 J | power=138.8 W | runtime=in_range | checksum=OK
[STRIDED_GEMM] N=256 threads=20 rep=7 batches=16800 time=1.000 s | package=139.218 J | dram=0.000000 | total=139.218 J | power=139.2 W | runtime=in_range | checksum=OK
[STRIDED_GEMM] N=256 threads=20 rep=8 batches=16800 time=1.001 s | package=139.115 J | dram=0.000000 | total=139.115 J | power=139.0 W | runtime=in_range | checksum=OK
[STRIDED_GEMM] N=256 threads=20 rep=9 batches=16800 time=1.004 s | package=139.477 J | dram=0.000000 | total=139.477 J | power=138.9 W | runtime=in_range | checksum=OK
[STRIDED_GEMM] N=256 threads=20 rep=10 batches=16800 time=0.999 s | package=139.016 J | dram=0.000000 | total=139.016 J | power=139.1 W | runtime=in_range | checksum=OK
[OpenBLAS] requested=8 active=8
[STRIDED_GEMM] N=64 threads=8 rep=1 batches=353083 time=0.998 s | package=61.756 J | dram=0.000000 | total=61.756 J | power=61.9 W | runtime=in_range | checksum=OK
[STRIDED_GEMM] N=64 threads=8 rep=2 batches=353083 time=0.999 s | package=62.181 J | dram=0.000000 | total=62.181 J | power=62.2 W | runtime=in_range | checksum=OK
[STRIDED_GEMM] N=64 threads=8 rep=3 batches=353083 time=0.998 s | package=62.457 J | dram=0.000000 | total=62.457 J | power=62.6 W | runtime=in_range | checksum=OK
[STRIDED_GEMM] N=64 threads=8 rep=4 batches=353083 time=0.996 s | package=61.943 J | dram=0.000000 | total=61.943 J | power=62.2 W | runtime=in_range | checksum=OK
[STRIDED_GEMM] N=64 threads=8 rep=5 batches=353083 time=0.995 s | package=62.190 J | dram=0.000000 | total=62.190 J | power=62.5 W | runtime=in_range | checksum=OK
[STRIDED_GEMM] N=64 threads=8 rep=6 batches=353083 time=0.996 s | package=62.795 J | dram=0.000000 | total=62.795 J | power=63.1 W | runtime=in_range | checksum=OK
[STRIDED_GEMM] N=64 threads=8 rep=7 batches=353083 time=1.018 s | package=61.351 J | dram=0.000000 | total=61.351 J | power=60.3 W | runtime=in_range | checksum=OK
[STRIDED_GEMM] N=64 threads=8 rep=8 batches=353083 time=0.992 s | package=62.330 J | dram=0.000000 | total=62.330 J | power=62.8 W | runtime=in_range | checksum=OK
[STRIDED_GEMM] N=64 threads=8 rep=9 batches=353083 time=0.991 s | package=61.845 J | dram=0.000000 | total=61.845 J | power=62.4 W | runtime=in_range | checksum=OK
[STRIDED_GEMM] N=64 threads=8 rep=10 batches=353083 time=0.989 s | package=61.731 J | dram=0.000123 | total=61.731 J | power=62.4 W | runtime=in_range | checksum=OK
[OpenBLAS] requested=20 active=20
[STRIDED_GEMM] N=64 threads=20 rep=1 batches=359027 time=1.003 s | package=63.444 J | dram=0.000000 | total=63.444 J | power=63.3 W | runtime=in_range | checksum=OK
[STRIDED_GEMM] N=64 threads=20 rep=2 batches=359027 time=1.001 s | package=62.149 J | dram=0.000000 | total=62.149 J | power=62.1 W | runtime=in_range | checksum=OK
[STRIDED_GEMM] N=64 threads=20 rep=3 batches=359027 time=1.001 s | package=62.553 J | dram=0.000000 | total=62.553 J | power=62.5 W | runtime=in_range | checksum=OK
[STRIDED_GEMM] N=64 threads=20 rep=4 batches=359027 time=0.999 s | package=61.140 J | dram=0.000000 | total=61.140 J | power=61.2 W | runtime=in_range | checksum=OK
[STRIDED_GEMM] N=64 threads=20 rep=5 batches=359027 time=1.002 s | package=63.220 J | dram=0.000000 | total=63.220 J | power=63.1 W | runtime=in_range | checksum=OK
[STRIDED_GEMM] N=64 threads=20 rep=6 batches=359027 time=0.999 s | package=62.203 J | dram=0.000000 | total=62.203 J | power=62.3 W | runtime=in_range | checksum=OK
[STRIDED_GEMM] N=64 threads=20 rep=7 batches=359027 time=1.000 s | package=62.415 J | dram=0.000000 | total=62.415 J | power=62.4 W | runtime=in_range | checksum=OK
[STRIDED_GEMM] N=64 threads=20 rep=8 batches=359027 time=1.000 s | package=62.361 J | dram=0.000000 | total=62.361 J | power=62.4 W | runtime=in_range | checksum=OK
[STRIDED_GEMM] N=64 threads=20 rep=9 batches=359027 time=0.999 s | package=62.838 J | dram=0.000015 | total=62.838 J | power=62.9 W | runtime=in_range | checksum=OK
[STRIDED_GEMM] N=64 threads=20 rep=10 batches=359027 time=0.997 s | package=61.983 J | dram=0.000000 | total=61.983 J | power=62.1 W | runtime=in_range | checksum=OK
[OpenBLAS] requested=16 active=16
[STRIDED_GEMM] N=128 threads=16 rep=1 batches=85529 time=1.010 s | package=129.592 J | dram=0.000000 | total=129.592 J | power=128.3 W | runtime=in_range | checksum=OK
[STRIDED_GEMM] N=128 threads=16 rep=2 batches=85529 time=1.013 s | package=130.014 J | dram=0.000000 | total=130.014 J | power=128.3 W | runtime=in_range | checksum=OK
[STRIDED_GEMM] N=128 threads=16 rep=3 batches=85529 time=1.025 s | package=131.275 J | dram=0.000000 | total=131.275 J | power=128.1 W | runtime=in_range | checksum=OK
[STRIDED_GEMM] N=128 threads=16 rep=4 batches=85529 time=1.023 s | package=131.035 J | dram=0.000000 | total=131.035 J | power=128.0 W | runtime=in_range | checksum=OK
[STRIDED_GEMM] N=128 threads=16 rep=5 batches=85529 time=1.029 s | package=131.642 J | dram=0.000000 | total=131.642 J | power=128.0 W | runtime=in_range | checksum=OK
[STRIDED_GEMM] N=128 threads=16 rep=6 batches=85529 time=1.026 s | package=131.599 J | dram=0.000000 | total=131.599 J | power=128.2 W | runtime=in_range | checksum=OK
[STRIDED_GEMM] N=128 threads=16 rep=7 batches=85529 time=1.016 s | package=130.648 J | dram=0.000000 | total=130.648 J | power=128.6 W | runtime=in_range | checksum=OK
[STRIDED_GEMM] N=128 threads=16 rep=8 batches=85529 time=1.017 s | package=130.597 J | dram=0.000000 | total=130.597 J | power=128.4 W | runtime=in_range | checksum=OK
[STRIDED_GEMM] N=128 threads=16 rep=9 batches=85529 time=1.011 s | package=129.958 J | dram=0.000000 | total=129.958 J | power=128.6 W | runtime=in_range | checksum=OK
[STRIDED_GEMM] N=128 threads=16 rep=10 batches=85529 time=1.008 s | package=129.883 J | dram=0.000000 | total=129.883 J | power=128.8 W | runtime=in_range | checksum=OK
[OpenBLAS] requested=8 active=8
[STRIDED_GEMM] N=2048 threads=8 rep=1 batches=68 time=1.020 s | package=146.923 J | dram=1.061591 | total=147.985 J | power=145.1 W | runtime=in_range | checksum=OK
[STRIDED_GEMM] N=2048 threads=8 rep=2 batches=68 time=1.020 s | package=146.928 J | dram=1.063044 | total=147.991 J | power=145.1 W | runtime=in_range | checksum=OK
[STRIDED_GEMM] N=2048 threads=8 rep=3 batches=68 time=1.020 s | package=147.097 J | dram=1.073785 | total=148.171 J | power=145.3 W | runtime=in_range | checksum=OK
[STRIDED_GEMM] N=2048 threads=8 rep=4 batches=68 time=1.019 s | package=146.776 J | dram=1.055379 | total=147.831 J | power=145.1 W | runtime=in_range | checksum=OK
[STRIDED_GEMM] N=2048 threads=8 rep=5 batches=68 time=1.019 s | package=146.523 J | dram=1.058898 | total=147.582 J | power=144.8 W | runtime=in_range | checksum=OK
[STRIDED_GEMM] N=2048 threads=8 rep=6 batches=68 time=1.020 s | package=147.344 J | dram=1.058836 | total=148.403 J | power=145.5 W | runtime=in_range | checksum=OK
[STRIDED_GEMM] N=2048 threads=8 rep=7 batches=68 time=1.019 s | package=146.566 J | dram=1.063519 | total=147.629 J | power=144.9 W | runtime=in_range | checksum=OK
[STRIDED_GEMM] N=2048 threads=8 rep=8 batches=68 time=1.024 s | package=146.338 J | dram=1.078497 | total=147.416 J | power=144.0 W | runtime=in_range | checksum=OK
[STRIDED_GEMM] N=2048 threads=8 rep=9 batches=68 time=1.023 s | package=146.272 J | dram=1.082337 | total=147.355 J | power=144.0 W | runtime=in_range | checksum=OK
[STRIDED_GEMM] N=2048 threads=8 rep=10 batches=68 time=1.023 s | package=146.280 J | dram=1.076386 | total=147.357 J | power=144.1 W | runtime=in_range | checksum=OK
[OpenBLAS] requested=4 active=4
[STRIDED_GEMM] N=512 threads=4 rep=1 batches=2160 time=0.997 s | package=106.059 J | dram=0.000000 | total=106.059 J | power=106.4 W | runtime=in_range | checksum=OK
[STRIDED_GEMM] N=512 threads=4 rep=2 batches=2160 time=0.996 s | package=107.267 J | dram=0.000061 | total=107.267 J | power=107.7 W | runtime=in_range | checksum=OK
[STRIDED_GEMM] N=512 threads=4 rep=3 batches=2160 time=0.993 s | package=106.126 J | dram=0.000000 | total=106.126 J | power=106.8 W | runtime=in_range | checksum=OK
[STRIDED_GEMM] N=512 threads=4 rep=4 batches=2160 time=0.993 s | package=106.639 J | dram=0.000000 | total=106.639 J | power=107.4 W | runtime=in_range | checksum=OK
[STRIDED_GEMM] N=512 threads=4 rep=5 batches=2160 time=0.992 s | package=106.824 J | dram=0.000000 | total=106.824 J | power=107.7 W | runtime=in_range | checksum=OK
[STRIDED_GEMM] N=512 threads=4 rep=6 batches=2160 time=0.992 s | package=106.486 J | dram=0.000000 | total=106.486 J | power=107.4 W | runtime=in_range | checksum=OK
[STRIDED_GEMM] N=512 threads=4 rep=7 batches=2160 time=0.991 s | package=106.215 J | dram=0.000000 | total=106.215 J | power=107.2 W | runtime=in_range | checksum=OK
[STRIDED_GEMM] N=512 threads=4 rep=8 batches=2160 time=0.990 s | package=106.403 J | dram=0.000000 | total=106.403 J | power=107.4 W | runtime=in_range | checksum=OK
[STRIDED_GEMM] N=512 threads=4 rep=9 batches=2160 time=0.990 s | package=106.299 J | dram=0.000000 | total=106.299 J | power=107.4 W | runtime=in_range | checksum=OK
[STRIDED_GEMM] N=512 threads=4 rep=10 batches=2160 time=0.990 s | package=106.270 J | dram=0.000000 | total=106.270 J | power=107.3 W | runtime=in_range | checksum=OK
[OpenBLAS] requested=4 active=4
[STRIDED_GEMM] N=16384 threads=4 rep=1 batches=1 time=13.153 s | package=1443.122 J | dram=12.565201 | total=1455.688 J | power=110.7 W | runtime=above | checksum=OK
[STRIDED_GEMM] N=16384 threads=4 rep=2 batches=1 time=13.129 s | package=1448.995 J | dram=12.497239 | total=1461.492 J | power=111.3 W | runtime=above | checksum=OK
[STRIDED_GEMM] N=16384 threads=4 rep=3 batches=1 time=13.095 s | package=1488.871 J | dram=12.495984 | total=1501.367 J | power=114.7 W | runtime=above | checksum=OK
[STRIDED_GEMM] N=16384 threads=4 rep=4 batches=1 time=13.344 s | package=1434.893 J | dram=12.491119 | total=1447.384 J | power=108.5 W | runtime=above | checksum=OK
[STRIDED_GEMM] N=16384 threads=4 rep=5 batches=1 time=12.924 s | package=1469.816 J | dram=12.440063 | total=1482.256 J | power=114.7 W | runtime=above | checksum=OK
[STRIDED_GEMM] N=16384 threads=4 rep=6 batches=1 time=13.148 s | package=1458.163 J | dram=12.372467 | total=1470.536 J | power=111.8 W | runtime=above | checksum=OK
[STRIDED_GEMM] N=16384 threads=4 rep=7 batches=1 time=13.265 s | package=1474.883 J | dram=12.595771 | total=1487.479 J | power=112.1 W | runtime=above | checksum=OK
[STRIDED_GEMM] N=16384 threads=4 rep=8 batches=1 time=13.336 s | package=1447.174 J | dram=12.616962 | total=1459.791 J | power=109.5 W | runtime=above | checksum=OK
[STRIDED_GEMM] N=16384 threads=4 rep=9 batches=1 time=13.543 s | package=1447.297 J | dram=12.524672 | total=1459.822 J | power=107.8 W | runtime=above | checksum=OK
[STRIDED_GEMM] N=16384 threads=4 rep=10 batches=1 time=13.104 s | package=1449.778 J | dram=12.571918 | total=1462.350 J | power=111.6 W | runtime=above | checksum=OK
[OpenBLAS] requested=2 active=2
[STRIDED_GEMM] N=512 threads=2 rep=1 batches=1180 time=0.999 s | package=83.025 J | dram=0.000000 | total=83.025 J | power=83.1 W | runtime=in_range | checksum=OK
[STRIDED_GEMM] N=512 threads=2 rep=2 batches=1180 time=0.996 s | package=82.610 J | dram=0.000046 | total=82.610 J | power=83.0 W | runtime=in_range | checksum=OK
[STRIDED_GEMM] N=512 threads=2 rep=3 batches=1180 time=0.995 s | package=83.380 J | dram=0.000000 | total=83.380 J | power=83.8 W | runtime=in_range | checksum=OK
[STRIDED_GEMM] N=512 threads=2 rep=4 batches=1180 time=0.994 s | package=82.652 J | dram=0.000000 | total=82.652 J | power=83.1 W | runtime=in_range | checksum=OK
[STRIDED_GEMM] N=512 threads=2 rep=5 batches=1180 time=0.996 s | package=82.578 J | dram=0.000000 | total=82.578 J | power=82.9 W | runtime=in_range | checksum=OK
[STRIDED_GEMM] N=512 threads=2 rep=6 batches=1180 time=0.999 s | package=83.113 J | dram=0.000000 | total=83.113 J | power=83.2 W | runtime=in_range | checksum=OK
[STRIDED_GEMM] N=512 threads=2 rep=7 batches=1180 time=1.003 s | package=82.404 J | dram=0.000000 | total=82.404 J | power=82.2 W | runtime=in_range | checksum=OK
[STRIDED_GEMM] N=512 threads=2 rep=8 batches=1180 time=1.002 s | package=83.179 J | dram=0.000000 | total=83.179 J | power=83.0 W | runtime=in_range | checksum=OK
[STRIDED_GEMM] N=512 threads=2 rep=9 batches=1180 time=1.003 s | package=83.290 J | dram=0.000000 | total=83.290 J | power=83.0 W | runtime=in_range | checksum=OK
[STRIDED_GEMM] N=512 threads=2 rep=10 batches=1180 time=1.004 s | package=83.310 J | dram=0.000000 | total=83.310 J | power=83.0 W | runtime=in_range | checksum=OK
[OpenBLAS] requested=16 active=16
[STRIDED_GEMM] N=2048 threads=16 rep=1 batches=64 time=1.030 s | package=170.187 J | dram=1.400134 | total=171.587 J | power=166.7 W | runtime=in_range | checksum=OK
[STRIDED_GEMM] N=2048 threads=16 rep=2 batches=64 time=1.036 s | package=169.500 J | dram=1.411012 | total=170.911 J | power=165.0 W | runtime=in_range | checksum=OK
[STRIDED_GEMM] N=2048 threads=16 rep=3 batches=64 time=1.037 s | package=169.667 J | dram=1.415403 | total=171.083 J | power=164.9 W | runtime=in_range | checksum=OK
[STRIDED_GEMM] N=2048 threads=16 rep=4 batches=64 time=1.039 s | package=169.346 J | dram=1.425272 | total=170.771 J | power=164.4 W | runtime=in_range | checksum=OK
[STRIDED_GEMM] N=2048 threads=16 rep=5 batches=64 time=1.040 s | package=169.633 J | dram=1.430933 | total=171.064 J | power=164.5 W | runtime=in_range | checksum=OK
[STRIDED_GEMM] N=2048 threads=16 rep=6 batches=64 time=1.041 s | package=169.482 J | dram=1.438598 | total=170.920 J | power=164.2 W | runtime=in_range | checksum=OK
[STRIDED_GEMM] N=2048 threads=16 rep=7 batches=64 time=1.043 s | package=169.924 J | dram=1.427581 | total=171.352 J | power=164.3 W | runtime=in_range | checksum=OK
[STRIDED_GEMM] N=2048 threads=16 rep=8 batches=64 time=1.044 s | package=169.129 J | dram=1.454602 | total=170.584 J | power=163.5 W | runtime=in_range | checksum=OK
[STRIDED_GEMM] N=2048 threads=16 rep=9 batches=64 time=1.046 s | package=169.080 J | dram=1.438567 | total=170.518 J | power=163.1 W | runtime=in_range | checksum=OK
[STRIDED_GEMM] N=2048 threads=16 rep=10 batches=64 time=1.047 s | package=168.958 J | dram=1.429770 | total=170.388 J | power=162.7 W | runtime=in_range | checksum=OK
[OpenBLAS] requested=16 active=16
[STRIDED_GEMM] N=1024 threads=16 rep=1 batches=447 time=1.005 s | package=159.942 J | dram=0.359902 | total=160.302 J | power=159.5 W | runtime=in_range | checksum=OK
[STRIDED_GEMM] N=1024 threads=16 rep=2 batches=447 time=1.006 s | package=159.980 J | dram=0.358495 | total=160.338 J | power=159.4 W | runtime=in_range | checksum=OK
[STRIDED_GEMM] N=1024 threads=16 rep=3 batches=447 time=1.006 s | package=160.144 J | dram=0.355526 | total=160.499 J | power=159.6 W | runtime=in_range | checksum=OK
[STRIDED_GEMM] N=1024 threads=16 rep=4 batches=447 time=1.006 s | package=159.415 J | dram=0.373366 | total=159.789 J | power=158.8 W | runtime=in_range | checksum=OK
[STRIDED_GEMM] N=1024 threads=16 rep=5 batches=447 time=1.008 s | package=159.923 J | dram=0.361600 | total=160.285 J | power=159.1 W | runtime=in_range | checksum=OK
[STRIDED_GEMM] N=1024 threads=16 rep=6 batches=447 time=1.007 s | package=159.280 J | dram=0.369066 | total=159.649 J | power=158.6 W | runtime=in_range | checksum=OK
[STRIDED_GEMM] N=1024 threads=16 rep=7 batches=447 time=1.008 s | package=159.186 J | dram=0.386616 | total=159.573 J | power=158.2 W | runtime=in_range | checksum=OK
[STRIDED_GEMM] N=1024 threads=16 rep=8 batches=447 time=1.007 s | package=159.334 J | dram=0.383387 | total=159.717 J | power=158.6 W | runtime=in_range | checksum=OK
[STRIDED_GEMM] N=1024 threads=16 rep=9 batches=447 time=1.008 s | package=158.866 J | dram=0.386279 | total=159.252 J | power=158.0 W | runtime=in_range | checksum=OK
[STRIDED_GEMM] N=1024 threads=16 rep=10 batches=447 time=1.010 s | package=159.293 J | dram=0.377283 | total=159.671 J | power=158.0 W | runtime=in_range | checksum=OK
[OpenBLAS] requested=1 active=1
[STRIDED_GEMM] N=512 threads=1 rep=1 batches=651 time=1.000 s | package=63.197 J | dram=0.000000 | total=63.197 J | power=63.2 W | runtime=in_range | checksum=OK
[STRIDED_GEMM] N=512 threads=1 rep=2 batches=651 time=1.017 s | package=62.184 J | dram=0.000000 | total=62.184 J | power=61.1 W | runtime=in_range | checksum=OK
[STRIDED_GEMM] N=512 threads=1 rep=3 batches=651 time=1.023 s | package=62.036 J | dram=0.000000 | total=62.036 J | power=60.6 W | runtime=in_range | checksum=OK
[STRIDED_GEMM] N=512 threads=1 rep=4 batches=651 time=1.024 s | package=62.387 J | dram=0.000000 | total=62.387 J | power=60.9 W | runtime=in_range | checksum=OK
[STRIDED_GEMM] N=512 threads=1 rep=5 batches=651 time=1.022 s | package=61.896 J | dram=0.000000 | total=61.896 J | power=60.6 W | runtime=in_range | checksum=OK
[STRIDED_GEMM] N=512 threads=1 rep=6 batches=651 time=1.022 s | package=61.808 J | dram=0.000000 | total=61.808 J | power=60.5 W | runtime=in_range | checksum=OK
[STRIDED_GEMM] N=512 threads=1 rep=7 batches=651 time=1.021 s | package=61.091 J | dram=0.000000 | total=61.091 J | power=59.8 W | runtime=in_range | checksum=OK
[STRIDED_GEMM] N=512 threads=1 rep=8 batches=651 time=1.021 s | package=61.235 J | dram=0.000000 | total=61.235 J | power=60.0 W | runtime=in_range | checksum=OK
[STRIDED_GEMM] N=512 threads=1 rep=9 batches=651 time=1.020 s | package=61.808 J | dram=0.000000 | total=61.808 J | power=60.6 W | runtime=in_range | checksum=OK
[STRIDED_GEMM] N=512 threads=1 rep=10 batches=651 time=1.019 s | package=60.981 J | dram=0.000000 | total=60.981 J | power=59.8 W | runtime=in_range | checksum=OK
[OpenBLAS] requested=4 active=4
[STRIDED_GEMM] N=1024 threads=4 rep=1 batches=310 time=1.046 s | package=109.948 J | dram=0.002785 | total=109.951 J | power=105.1 W | runtime=in_range | checksum=OK
[STRIDED_GEMM] N=1024 threads=4 rep=2 batches=310 time=1.044 s | package=110.137 J | dram=0.004360 | total=110.142 J | power=105.5 W | runtime=in_range | checksum=OK
[STRIDED_GEMM] N=1024 threads=4 rep=3 batches=310 time=1.048 s | package=110.252 J | dram=0.003718 | total=110.256 J | power=105.2 W | runtime=in_range | checksum=OK
[STRIDED_GEMM] N=1024 threads=4 rep=4 batches=310 time=1.046 s | package=109.869 J | dram=0.004253 | total=109.874 J | power=105.0 W | runtime=in_range | checksum=OK
[STRIDED_GEMM] N=1024 threads=4 rep=5 batches=310 time=1.042 s | package=109.503 J | dram=0.005004 | total=109.508 J | power=105.1 W | runtime=in_range | checksum=OK
[STRIDED_GEMM] N=1024 threads=4 rep=6 batches=310 time=1.042 s | package=110.068 J | dram=0.005202 | total=110.073 J | power=105.6 W | runtime=in_range | checksum=OK
[STRIDED_GEMM] N=1024 threads=4 rep=7 batches=310 time=1.041 s | package=109.224 J | dram=0.003855 | total=109.228 J | power=104.9 W | runtime=in_range | checksum=OK
[STRIDED_GEMM] N=1024 threads=4 rep=8 batches=310 time=1.042 s | package=108.526 J | dram=0.004896 | total=108.531 J | power=104.2 W | runtime=in_range | checksum=OK
[STRIDED_GEMM] N=1024 threads=4 rep=9 batches=310 time=1.042 s | package=109.355 J | dram=0.006334 | total=109.362 J | power=104.9 W | runtime=in_range | checksum=OK
[STRIDED_GEMM] N=1024 threads=4 rep=10 batches=310 time=1.043 s | package=110.443 J | dram=0.005478 | total=110.449 J | power=105.9 W | runtime=in_range | checksum=OK
[OpenBLAS] requested=8 active=8
[STRIDED_GEMM] N=256 threads=8 rep=1 batches=25842 time=1.016 s | package=142.322 J | dram=0.000000 | total=142.322 J | power=140.1 W | runtime=in_range | checksum=OK
[STRIDED_GEMM] N=256 threads=8 rep=2 batches=25842 time=1.016 s | package=142.731 J | dram=0.000000 | total=142.731 J | power=140.5 W | runtime=in_range | checksum=OK
[STRIDED_GEMM] N=256 threads=8 rep=3 batches=25842 time=1.019 s | package=142.709 J | dram=0.000000 | total=142.709 J | power=140.1 W | runtime=in_range | checksum=OK
[STRIDED_GEMM] N=256 threads=8 rep=4 batches=25842 time=1.018 s | package=142.526 J | dram=0.000000 | total=142.526 J | power=140.0 W | runtime=in_range | checksum=OK
[STRIDED_GEMM] N=256 threads=8 rep=5 batches=25842 time=1.015 s | package=141.893 J | dram=0.000000 | total=141.893 J | power=139.8 W | runtime=in_range | checksum=OK
[STRIDED_GEMM] N=256 threads=8 rep=6 batches=25842 time=1.026 s | package=144.233 J | dram=0.000000 | total=144.233 J | power=140.6 W | runtime=in_range | checksum=OK
[STRIDED_GEMM] N=256 threads=8 rep=7 batches=25842 time=1.021 s | package=142.457 J | dram=0.000015 | total=142.457 J | power=139.5 W | runtime=in_range | checksum=OK
[STRIDED_GEMM] N=256 threads=8 rep=8 batches=25842 time=1.021 s | package=142.541 J | dram=0.000000 | total=142.541 J | power=139.6 W | runtime=in_range | checksum=OK
[STRIDED_GEMM] N=256 threads=8 rep=9 batches=25842 time=1.022 s | package=142.456 J | dram=0.000000 | total=142.456 J | power=139.4 W | runtime=in_range | checksum=OK
[STRIDED_GEMM] N=256 threads=8 rep=10 batches=25842 time=1.023 s | package=142.403 J | dram=0.000000 | total=142.403 J | power=139.2 W | runtime=in_range | checksum=OK
[OpenBLAS] requested=1 active=1
[STRIDED_GEMM] N=128 threads=1 rep=1 batches=36819 time=1.001 s | package=62.885 J | dram=0.000000 | total=62.885 J | power=62.9 W | runtime=in_range | checksum=OK
[STRIDED_GEMM] N=128 threads=1 rep=2 batches=36819 time=1.000 s | package=63.215 J | dram=0.000000 | total=63.215 J | power=63.2 W | runtime=in_range | checksum=OK
[STRIDED_GEMM] N=128 threads=1 rep=3 batches=36819 time=1.001 s | package=64.117 J | dram=0.000000 | total=64.117 J | power=64.0 W | runtime=in_range | checksum=OK
[STRIDED_GEMM] N=128 threads=1 rep=4 batches=36819 time=0.999 s | package=63.897 J | dram=0.000000 | total=63.897 J | power=63.9 W | runtime=in_range | checksum=OK
[STRIDED_GEMM] N=128 threads=1 rep=5 batches=36819 time=0.998 s | package=63.124 J | dram=0.000000 | total=63.124 J | power=63.2 W | runtime=in_range | checksum=OK
[STRIDED_GEMM] N=128 threads=1 rep=6 batches=36819 time=1.000 s | package=64.682 J | dram=0.000000 | total=64.682 J | power=64.7 W | runtime=in_range | checksum=OK
[STRIDED_GEMM] N=128 threads=1 rep=7 batches=36819 time=0.998 s | package=65.182 J | dram=0.000000 | total=65.182 J | power=65.3 W | runtime=in_range | checksum=OK
[STRIDED_GEMM] N=128 threads=1 rep=8 batches=36819 time=1.000 s | package=65.865 J | dram=0.000000 | total=65.865 J | power=65.9 W | runtime=in_range | checksum=OK
[STRIDED_GEMM] N=128 threads=1 rep=9 batches=36819 time=0.998 s | package=66.504 J | dram=0.000000 | total=66.504 J | power=66.6 W | runtime=in_range | checksum=OK
[STRIDED_GEMM] N=128 threads=1 rep=10 batches=36819 time=0.997 s | package=65.780 J | dram=0.000000 | total=65.780 J | power=66.0 W | runtime=in_range | checksum=OK
[OpenBLAS] requested=16 active=16
[STRIDED_GEMM] N=4096 threads=16 rep=1 batches=8 time=1.125 s | package=185.524 J | dram=1.857022 | total=187.381 J | power=166.6 W | runtime=in_range | checksum=OK
[STRIDED_GEMM] N=4096 threads=16 rep=2 batches=8 time=1.127 s | package=185.313 J | dram=1.848011 | total=187.161 J | power=166.1 W | runtime=in_range | checksum=OK
[STRIDED_GEMM] N=4096 threads=16 rep=3 batches=8 time=1.128 s | package=185.531 J | dram=1.844445 | total=187.376 J | power=166.1 W | runtime=in_range | checksum=OK
[STRIDED_GEMM] N=4096 threads=16 rep=4 batches=8 time=1.130 s | package=185.526 J | dram=1.833246 | total=187.359 J | power=165.9 W | runtime=in_range | checksum=OK
[STRIDED_GEMM] N=4096 threads=16 rep=5 batches=8 time=1.129 s | package=185.141 J | dram=1.852310 | total=186.993 J | power=165.6 W | runtime=in_range | checksum=OK
[STRIDED_GEMM] N=4096 threads=16 rep=6 batches=8 time=1.131 s | package=185.196 J | dram=1.852601 | total=187.049 J | power=165.4 W | runtime=in_range | checksum=OK
[STRIDED_GEMM] N=4096 threads=16 rep=7 batches=8 time=1.131 s | package=184.961 J | dram=1.834822 | total=186.796 J | power=165.1 W | runtime=in_range | checksum=OK
[STRIDED_GEMM] N=4096 threads=16 rep=8 batches=8 time=1.134 s | package=184.703 J | dram=1.825443 | total=186.528 J | power=164.5 W | runtime=in_range | checksum=OK
[STRIDED_GEMM] N=4096 threads=16 rep=9 batches=8 time=1.135 s | package=185.094 J | dram=1.837224 | total=186.932 J | power=164.7 W | runtime=in_range | checksum=OK
[STRIDED_GEMM] N=4096 threads=16 rep=10 batches=8 time=1.134 s | package=184.293 J | dram=1.813111 | total=186.106 J | power=164.1 W | runtime=in_range | checksum=OK
[OpenBLAS] requested=1 active=1
[STRIDED_GEMM] N=64 threads=1 rep=1 batches=365715 time=1.003 s | package=67.151 J | dram=0.000000 | total=67.151 J | power=66.9 W | runtime=in_range | checksum=OK
[STRIDED_GEMM] N=64 threads=1 rep=2 batches=365715 time=1.003 s | package=67.032 J | dram=0.000031 | total=67.032 J | power=66.8 W | runtime=in_range | checksum=OK
[STRIDED_GEMM] N=64 threads=1 rep=3 batches=365715 time=1.003 s | package=67.986 J | dram=0.000000 | total=67.986 J | power=67.8 W | runtime=in_range | checksum=OK
[STRIDED_GEMM] N=64 threads=1 rep=4 batches=365715 time=1.002 s | package=68.096 J | dram=0.000000 | total=68.096 J | power=68.0 W | runtime=in_range | checksum=OK
[STRIDED_GEMM] N=64 threads=1 rep=5 batches=365715 time=1.003 s | package=68.329 J | dram=0.000000 | total=68.329 J | power=68.2 W | runtime=in_range | checksum=OK
[STRIDED_GEMM] N=64 threads=1 rep=6 batches=365715 time=1.003 s | package=70.498 J | dram=0.000000 | total=70.498 J | power=70.3 W | runtime=in_range | checksum=OK
[STRIDED_GEMM] N=64 threads=1 rep=7 batches=365715 time=1.001 s | package=67.879 J | dram=0.000000 | total=67.879 J | power=67.8 W | runtime=in_range | checksum=OK
[STRIDED_GEMM] N=64 threads=1 rep=8 batches=365715 time=0.999 s | package=68.479 J | dram=0.000000 | total=68.479 J | power=68.5 W | runtime=in_range | checksum=OK
[STRIDED_GEMM] N=64 threads=1 rep=9 batches=365715 time=1.000 s | package=69.103 J | dram=0.000000 | total=69.103 J | power=69.1 W | runtime=in_range | checksum=OK
[STRIDED_GEMM] N=64 threads=1 rep=10 batches=365715 time=1.000 s | package=69.303 J | dram=0.000000 | total=69.303 J | power=69.3 W | runtime=in_range | checksum=OK
[OpenBLAS] requested=1 active=1
[STRIDED_GEMM] N=16384 threads=1 rep=1 batches=1 time=44.835 s | package=2882.018 J | dram=3.161072 | total=2885.179 J | power=64.4 W | runtime=above | checksum=OK
[STRIDED_GEMM] N=16384 threads=1 rep=2 batches=1 time=43.005 s | package=2584.637 J | dram=3.018399 | total=2587.656 J | power=60.2 W | runtime=above | checksum=OK
[STRIDED_GEMM] N=16384 threads=1 rep=3 batches=1 time=42.969 s | package=2550.039 J | dram=2.894378 | total=2552.934 J | power=59.4 W | runtime=above | checksum=OK
[STRIDED_GEMM] N=16384 threads=1 rep=4 batches=1 time=43.513 s | package=2513.434 J | dram=2.935045 | total=2516.369 J | power=57.8 W | runtime=above | checksum=OK
[STRIDED_GEMM] N=16384 threads=1 rep=5 batches=1 time=43.558 s | package=2487.006 J | dram=2.968536 | total=2489.975 J | power=57.2 W | runtime=above | checksum=OK
[STRIDED_GEMM] N=16384 threads=1 rep=6 batches=1 time=43.584 s | package=2450.270 J | dram=2.667754 | total=2452.938 J | power=56.3 W | runtime=above | checksum=OK
[STRIDED_GEMM] N=16384 threads=1 rep=7 batches=1 time=43.586 s | package=2444.408 J | dram=2.652209 | total=2447.060 J | power=56.1 W | runtime=above | checksum=OK
[STRIDED_GEMM] N=16384 threads=1 rep=8 batches=1 time=42.940 s | package=2418.670 J | dram=2.374178 | total=2421.044 J | power=56.4 W | runtime=above | checksum=OK
[STRIDED_GEMM] N=16384 threads=1 rep=9 batches=1 time=42.972 s | package=2412.887 J | dram=2.560103 | total=2415.447 J | power=56.2 W | runtime=above | checksum=OK
[STRIDED_GEMM] N=16384 threads=1 rep=10 batches=1 time=42.998 s | package=2395.933 J | dram=2.785885 | total=2398.719 J | power=55.8 W | runtime=above | checksum=OK
[OpenBLAS] requested=10 active=10
[STRIDED_GEMM] N=64 threads=10 rep=1 batches=404489 time=1.001 s | package=52.925 J | dram=0.000000 | total=52.925 J | power=52.9 W | runtime=in_range | checksum=OK
[STRIDED_GEMM] N=64 threads=10 rep=2 batches=404489 time=1.000 s | package=52.868 J | dram=0.000000 | total=52.868 J | power=52.9 W | runtime=in_range | checksum=OK
[STRIDED_GEMM] N=64 threads=10 rep=3 batches=404489 time=1.001 s | package=52.752 J | dram=0.000000 | total=52.752 J | power=52.7 W | runtime=in_range | checksum=OK
[STRIDED_GEMM] N=64 threads=10 rep=4 batches=404489 time=1.001 s | package=52.936 J | dram=0.000000 | total=52.936 J | power=52.9 W | runtime=in_range | checksum=OK
[STRIDED_GEMM] N=64 threads=10 rep=5 batches=404489 time=1.001 s | package=52.301 J | dram=0.000000 | total=52.301 J | power=52.3 W | runtime=in_range | checksum=OK
[STRIDED_GEMM] N=64 threads=10 rep=6 batches=404489 time=1.001 s | package=52.271 J | dram=0.000000 | total=52.271 J | power=52.2 W | runtime=in_range | checksum=OK
[STRIDED_GEMM] N=64 threads=10 rep=7 batches=404489 time=1.000 s | package=52.219 J | dram=0.000000 | total=52.219 J | power=52.2 W | runtime=in_range | checksum=OK
[STRIDED_GEMM] N=64 threads=10 rep=8 batches=404489 time=1.000 s | package=52.843 J | dram=0.000000 | total=52.843 J | power=52.8 W | runtime=in_range | checksum=OK
[STRIDED_GEMM] N=64 threads=10 rep=9 batches=404489 time=1.001 s | package=53.963 J | dram=0.000000 | total=53.963 J | power=53.9 W | runtime=in_range | checksum=OK
[STRIDED_GEMM] N=64 threads=10 rep=10 batches=404489 time=1.001 s | package=54.138 J | dram=0.000000 | total=54.138 J | power=54.1 W | runtime=in_range | checksum=OK
[OpenBLAS] requested=2 active=2
[STRIDED_GEMM] N=1024 threads=2 rep=1 batches=187 time=1.031 s | package=75.120 J | dram=0.000000 | total=75.120 J | power=72.8 W | runtime=in_range | checksum=OK
[STRIDED_GEMM] N=1024 threads=2 rep=2 batches=187 time=1.031 s | package=75.579 J | dram=0.000138 | total=75.579 J | power=73.3 W | runtime=in_range | checksum=OK
[STRIDED_GEMM] N=1024 threads=2 rep=3 batches=187 time=1.029 s | package=76.153 J | dram=0.000061 | total=76.153 J | power=74.0 W | runtime=in_range | checksum=OK
[STRIDED_GEMM] N=1024 threads=2 rep=4 batches=187 time=1.027 s | package=76.873 J | dram=0.000107 | total=76.874 J | power=74.8 W | runtime=in_range | checksum=OK
[STRIDED_GEMM] N=1024 threads=2 rep=5 batches=187 time=1.026 s | package=76.645 J | dram=0.000199 | total=76.645 J | power=74.7 W | runtime=in_range | checksum=OK
[STRIDED_GEMM] N=1024 threads=2 rep=6 batches=187 time=1.026 s | package=76.625 J | dram=0.000046 | total=76.625 J | power=74.7 W | runtime=in_range | checksum=OK
[STRIDED_GEMM] N=1024 threads=2 rep=7 batches=187 time=1.026 s | package=76.721 J | dram=0.000046 | total=76.721 J | power=74.8 W | runtime=in_range | checksum=OK
[STRIDED_GEMM] N=1024 threads=2 rep=8 batches=187 time=1.024 s | package=76.636 J | dram=0.000076 | total=76.636 J | power=74.9 W | runtime=in_range | checksum=OK
[STRIDED_GEMM] N=1024 threads=2 rep=9 batches=187 time=1.019 s | package=76.608 J | dram=0.000306 | total=76.608 J | power=75.2 W | runtime=in_range | checksum=OK
[STRIDED_GEMM] N=1024 threads=2 rep=10 batches=187 time=1.013 s | package=77.047 J | dram=0.000368 | total=77.048 J | power=76.1 W | runtime=in_range | checksum=OK
[OpenBLAS] requested=16 active=16
[STRIDED_GEMM] N=64 threads=16 rep=1 batches=406980 time=1.003 s | package=54.042 J | dram=0.000000 | total=54.042 J | power=53.9 W | runtime=in_range | checksum=OK
[STRIDED_GEMM] N=64 threads=16 rep=2 batches=406980 time=1.007 s | package=52.965 J | dram=0.000000 | total=52.965 J | power=52.6 W | runtime=in_range | checksum=OK
[STRIDED_GEMM] N=64 threads=16 rep=3 batches=406980 time=1.007 s | package=53.708 J | dram=0.000000 | total=53.708 J | power=53.4 W | runtime=in_range | checksum=OK
[STRIDED_GEMM] N=64 threads=16 rep=4 batches=406980 time=1.006 s | package=53.935 J | dram=0.000000 | total=53.935 J | power=53.6 W | runtime=in_range | checksum=OK
[STRIDED_GEMM] N=64 threads=16 rep=5 batches=406980 time=1.007 s | package=52.647 J | dram=0.000000 | total=52.647 J | power=52.3 W | runtime=in_range | checksum=OK
[STRIDED_GEMM] N=64 threads=16 rep=6 batches=406980 time=1.008 s | package=52.737 J | dram=0.000000 | total=52.737 J | power=52.3 W | runtime=in_range | checksum=OK
[STRIDED_GEMM] N=64 threads=16 rep=7 batches=406980 time=1.008 s | package=52.704 J | dram=0.000000 | total=52.704 J | power=52.3 W | runtime=in_range | checksum=OK
[STRIDED_GEMM] N=64 threads=16 rep=8 batches=406980 time=1.006 s | package=52.464 J | dram=0.000000 | total=52.464 J | power=52.1 W | runtime=in_range | checksum=OK
[STRIDED_GEMM] N=64 threads=16 rep=9 batches=406980 time=1.007 s | package=51.996 J | dram=0.000000 | total=51.996 J | power=51.6 W | runtime=in_range | checksum=OK
[STRIDED_GEMM] N=64 threads=16 rep=10 batches=406980 time=1.006 s | package=52.050 J | dram=0.000000 | total=52.050 J | power=51.7 W | runtime=in_range | checksum=OK
[OpenBLAS] requested=2 active=2
[STRIDED_GEMM] N=128 threads=2 rep=1 batches=47042 time=0.906 s | package=58.684 J | dram=0.000000 | total=58.684 J | power=64.8 W | runtime=in_range | checksum=OK
[STRIDED_GEMM] N=128 threads=2 rep=2 batches=47042 time=0.894 s | package=58.993 J | dram=0.000000 | total=58.993 J | power=66.0 W | runtime=in_range | checksum=OK
[STRIDED_GEMM] N=128 threads=2 rep=3 batches=47042 time=0.895 s | package=59.126 J | dram=0.000000 | total=59.126 J | power=66.0 W | runtime=in_range | checksum=OK
[STRIDED_GEMM] N=128 threads=2 rep=4 batches=47042 time=0.896 s | package=59.272 J | dram=0.000000 | total=59.272 J | power=66.1 W | runtime=in_range | checksum=OK
[STRIDED_GEMM] N=128 threads=2 rep=5 batches=47042 time=0.906 s | package=58.853 J | dram=0.000000 | total=58.853 J | power=65.0 W | runtime=in_range | checksum=OK
[STRIDED_GEMM] N=128 threads=2 rep=6 batches=47042 time=0.901 s | package=58.882 J | dram=0.000000 | total=58.882 J | power=65.3 W | runtime=in_range | checksum=OK
[STRIDED_GEMM] N=128 threads=2 rep=7 batches=47042 time=0.894 s | package=59.039 J | dram=0.000000 | total=59.039 J | power=66.0 W | runtime=in_range | checksum=OK
[STRIDED_GEMM] N=128 threads=2 rep=8 batches=47042 time=0.896 s | package=59.161 J | dram=0.000000 | total=59.161 J | power=66.0 W | runtime=in_range | checksum=OK
[STRIDED_GEMM] N=128 threads=2 rep=9 batches=47042 time=0.905 s | package=58.677 J | dram=0.000000 | total=58.677 J | power=64.9 W | runtime=in_range | checksum=OK
[STRIDED_GEMM] N=128 threads=2 rep=10 batches=47042 time=0.902 s | package=58.842 J | dram=0.000000 | total=58.842 J | power=65.2 W | runtime=in_range | checksum=OK
[OpenBLAS] requested=2 active=2
[STRIDED_GEMM] N=64 threads=2 rep=1 batches=409064 time=1.001 s | package=52.188 J | dram=0.000000 | total=52.188 J | power=52.1 W | runtime=in_range | checksum=OK
[STRIDED_GEMM] N=64 threads=2 rep=2 batches=409064 time=0.930 s | package=50.294 J | dram=0.000000 | total=50.294 J | power=54.1 W | runtime=in_range | checksum=OK
[STRIDED_GEMM] N=64 threads=2 rep=3 batches=409064 time=0.961 s | package=51.929 J | dram=0.000000 | total=51.929 J | power=54.0 W | runtime=in_range | checksum=OK
[STRIDED_GEMM] N=64 threads=2 rep=4 batches=409064 time=0.999 s | package=53.869 J | dram=0.000000 | total=53.869 J | power=53.9 W | runtime=in_range | checksum=OK
[STRIDED_GEMM] N=64 threads=2 rep=5 batches=409064 time=1.009 s | package=54.101 J | dram=0.000000 | total=54.101 J | power=53.6 W | runtime=in_range | checksum=OK
[STRIDED_GEMM] N=64 threads=2 rep=6 batches=409064 time=1.004 s | package=52.404 J | dram=0.000000 | total=52.404 J | power=52.2 W | runtime=in_range | checksum=OK
[STRIDED_GEMM] N=64 threads=2 rep=7 batches=409064 time=1.005 s | package=52.607 J | dram=0.000000 | total=52.607 J | power=52.4 W | runtime=in_range | checksum=OK
[STRIDED_GEMM] N=64 threads=2 rep=8 batches=409064 time=1.004 s | package=54.084 J | dram=0.000000 | total=54.084 J | power=53.8 W | runtime=in_range | checksum=OK
[STRIDED_GEMM] N=64 threads=2 rep=9 batches=409064 time=1.003 s | package=52.539 J | dram=0.000000 | total=52.539 J | power=52.4 W | runtime=in_range | checksum=OK
[STRIDED_GEMM] N=64 threads=2 rep=10 batches=409064 time=1.005 s | package=52.606 J | dram=0.000000 | total=52.606 J | power=52.4 W | runtime=in_range | checksum=OK
[OpenBLAS] requested=8 active=8
[STRIDED_GEMM] N=512 threads=8 rep=1 batches=3931 time=1.001 s | package=145.839 J | dram=0.000000 | total=145.839 J | power=145.8 W | runtime=in_range | checksum=OK
[STRIDED_GEMM] N=512 threads=8 rep=2 batches=3931 time=0.989 s | package=144.659 J | dram=0.000000 | total=144.659 J | power=146.3 W | runtime=in_range | checksum=OK
[STRIDED_GEMM] N=512 threads=8 rep=3 batches=3931 time=0.985 s | package=144.042 J | dram=0.000000 | total=144.042 J | power=146.2 W | runtime=in_range | checksum=OK
[STRIDED_GEMM] N=512 threads=8 rep=4 batches=3931 time=0.983 s | package=144.119 J | dram=0.000000 | total=144.119 J | power=146.6 W | runtime=in_range | checksum=OK
[STRIDED_GEMM] N=512 threads=8 rep=5 batches=3931 time=0.987 s | package=144.220 J | dram=0.000000 | total=144.220 J | power=146.2 W | runtime=in_range | checksum=OK
[STRIDED_GEMM] N=512 threads=8 rep=6 batches=3931 time=0.993 s | package=144.816 J | dram=0.000000 | total=144.816 J | power=145.9 W | runtime=in_range | checksum=OK
[STRIDED_GEMM] N=512 threads=8 rep=7 batches=3931 time=0.993 s | package=144.841 J | dram=0.000000 | total=144.841 J | power=145.9 W | runtime=in_range | checksum=OK
[STRIDED_GEMM] N=512 threads=8 rep=8 batches=3931 time=0.991 s | package=145.270 J | dram=0.000000 | total=145.270 J | power=146.6 W | runtime=in_range | checksum=OK
[STRIDED_GEMM] N=512 threads=8 rep=9 batches=3931 time=0.990 s | package=145.315 J | dram=0.000000 | total=145.315 J | power=146.8 W | runtime=in_range | checksum=OK
[STRIDED_GEMM] N=512 threads=8 rep=10 batches=3931 time=0.992 s | package=145.438 J | dram=0.000000 | total=145.438 J | power=146.6 W | runtime=in_range | checksum=OK
[OpenBLAS] requested=1 active=1
[STRIDED_GEMM] N=2048 threads=1 rep=1 batches=12 time=1.007 s | package=56.647 J | dram=0.008828 | total=56.656 J | power=56.3 W | runtime=in_range | checksum=OK
[STRIDED_GEMM] N=2048 threads=1 rep=2 batches=12 time=1.006 s | package=56.138 J | dram=0.009777 | total=56.147 J | power=55.8 W | runtime=in_range | checksum=OK
[STRIDED_GEMM] N=2048 threads=1 rep=3 batches=12 time=1.007 s | package=56.101 J | dram=0.009042 | total=56.110 J | power=55.7 W | runtime=in_range | checksum=OK
[STRIDED_GEMM] N=2048 threads=1 rep=4 batches=12 time=1.006 s | package=55.434 J | dram=0.010618 | total=55.445 J | power=55.1 W | runtime=in_range | checksum=OK
[STRIDED_GEMM] N=2048 threads=1 rep=5 batches=12 time=1.007 s | package=55.344 J | dram=0.009027 | total=55.353 J | power=55.0 W | runtime=in_range | checksum=OK
[STRIDED_GEMM] N=2048 threads=1 rep=6 batches=12 time=1.006 s | package=56.167 J | dram=0.008828 | total=56.176 J | power=55.8 W | runtime=in_range | checksum=OK
[STRIDED_GEMM] N=2048 threads=1 rep=7 batches=12 time=1.007 s | package=56.144 J | dram=0.009777 | total=56.153 J | power=55.8 W | runtime=in_range | checksum=OK
[STRIDED_GEMM] N=2048 threads=1 rep=8 batches=12 time=1.006 s | package=56.074 J | dram=0.009348 | total=56.084 J | power=55.7 W | runtime=in_range | checksum=OK
[STRIDED_GEMM] N=2048 threads=1 rep=9 batches=12 time=1.007 s | package=55.834 J | dram=0.010710 | total=55.844 J | power=55.5 W | runtime=in_range | checksum=OK
[STRIDED_GEMM] N=2048 threads=1 rep=10 batches=12 time=1.007 s | package=55.522 J | dram=0.010909 | total=55.533 J | power=55.2 W | runtime=in_range | checksum=OK
[OpenBLAS] requested=4 active=4
[STRIDED_GEMM] N=2048 threads=4 rep=1 batches=43 time=1.025 s | package=116.204 J | dram=0.490150 | total=116.694 J | power=113.8 W | runtime=in_range | checksum=OK
[STRIDED_GEMM] N=2048 threads=4 rep=2 batches=43 time=1.028 s | package=116.269 J | dram=0.477942 | total=116.747 J | power=113.6 W | runtime=in_range | checksum=OK
[STRIDED_GEMM] N=2048 threads=4 rep=3 batches=43 time=1.029 s | package=116.143 J | dram=0.481399 | total=116.625 J | power=113.4 W | runtime=in_range | checksum=OK
[STRIDED_GEMM] N=2048 threads=4 rep=4 batches=43 time=1.026 s | package=116.723 J | dram=0.489126 | total=117.213 J | power=114.3 W | runtime=in_range | checksum=OK
[STRIDED_GEMM] N=2048 threads=4 rep=5 batches=43 time=1.025 s | package=116.737 J | dram=0.486463 | total=117.223 J | power=114.3 W | runtime=in_range | checksum=OK
[STRIDED_GEMM] N=2048 threads=4 rep=6 batches=43 time=1.025 s | package=116.665 J | dram=0.486464 | total=117.152 J | power=114.3 W | runtime=in_range | checksum=OK
[STRIDED_GEMM] N=2048 threads=4 rep=7 batches=43 time=1.027 s | package=116.326 J | dram=0.487504 | total=116.814 J | power=113.7 W | runtime=in_range | checksum=OK
[STRIDED_GEMM] N=2048 threads=4 rep=8 batches=43 time=1.027 s | package=116.543 J | dram=0.485285 | total=117.028 J | power=114.0 W | runtime=in_range | checksum=OK
[STRIDED_GEMM] N=2048 threads=4 rep=9 batches=43 time=1.026 s | package=116.801 J | dram=0.479747 | total=117.280 J | power=114.3 W | runtime=in_range | checksum=OK
[STRIDED_GEMM] N=2048 threads=4 rep=10 batches=43 time=1.025 s | package=117.141 J | dram=0.480497 | total=117.622 J | power=114.8 W | runtime=in_range | checksum=OK
[OpenBLAS] requested=4 active=4
[STRIDED_GEMM] N=4096 threads=4 rep=1 batches=6 time=1.104 s | package=128.357 J | dram=0.896717 | total=129.254 J | power=117.1 W | runtime=in_range | checksum=OK
[STRIDED_GEMM] N=4096 threads=4 rep=2 batches=6 time=1.103 s | package=128.918 J | dram=0.896290 | total=129.815 J | power=117.7 W | runtime=in_range | checksum=OK
[STRIDED_GEMM] N=4096 threads=4 rep=3 batches=6 time=1.100 s | package=128.606 J | dram=0.903801 | total=129.510 J | power=117.7 W | runtime=in_range | checksum=OK
[STRIDED_GEMM] N=4096 threads=4 rep=4 batches=6 time=1.101 s | package=128.765 J | dram=0.912186 | total=129.677 J | power=117.7 W | runtime=in_range | checksum=OK
[STRIDED_GEMM] N=4096 threads=4 rep=5 batches=6 time=1.101 s | package=128.698 J | dram=0.904414 | total=129.602 J | power=117.7 W | runtime=in_range | checksum=OK
[STRIDED_GEMM] N=4096 threads=4 rep=6 batches=6 time=1.103 s | package=128.472 J | dram=0.898584 | total=129.370 J | power=117.3 W | runtime=in_range | checksum=OK
[STRIDED_GEMM] N=4096 threads=4 rep=7 batches=6 time=1.103 s | package=128.630 J | dram=0.902241 | total=129.533 J | power=117.5 W | runtime=in_range | checksum=OK
[STRIDED_GEMM] N=4096 threads=4 rep=8 batches=6 time=1.153 s | package=122.587 J | dram=0.912568 | total=123.500 J | power=107.1 W | runtime=in_range | checksum=OK
[STRIDED_GEMM] N=4096 threads=4 rep=9 batches=6 time=1.159 s | package=117.883 J | dram=0.902547 | total=118.786 J | power=102.5 W | runtime=in_range | checksum=OK
[STRIDED_GEMM] N=4096 threads=4 rep=10 batches=6 time=1.157 s | package=118.505 J | dram=0.883789 | total=119.388 J | power=103.2 W | runtime=in_range | checksum=OK
[OpenBLAS] requested=10 active=10
[STRIDED_GEMM] N=1024 threads=10 rep=1 batches=524 time=1.003 s | package=152.058 J | dram=0.238191 | total=152.296 J | power=151.8 W | runtime=in_range | checksum=OK
[STRIDED_GEMM] N=1024 threads=10 rep=2 batches=524 time=1.005 s | package=152.404 J | dram=0.240760 | total=152.645 J | power=151.9 W | runtime=in_range | checksum=OK
[STRIDED_GEMM] N=1024 threads=10 rep=3 batches=524 time=1.005 s | package=152.386 J | dram=0.244846 | total=152.631 J | power=151.9 W | runtime=in_range | checksum=OK
[STRIDED_GEMM] N=1024 threads=10 rep=4 batches=524 time=1.004 s | package=152.500 J | dram=0.248809 | total=152.749 J | power=152.1 W | runtime=in_range | checksum=OK
[STRIDED_GEMM] N=1024 threads=10 rep=5 batches=524 time=1.008 s | package=153.030 J | dram=0.252236 | total=153.282 J | power=152.1 W | runtime=in_range | checksum=OK
[STRIDED_GEMM] N=1024 threads=10 rep=6 batches=524 time=1.005 s | package=152.770 J | dram=0.250048 | total=153.020 J | power=152.3 W | runtime=in_range | checksum=OK
[STRIDED_GEMM] N=1024 threads=10 rep=7 batches=524 time=1.005 s | package=152.628 J | dram=0.240531 | total=152.868 J | power=152.1 W | runtime=in_range | checksum=OK
[STRIDED_GEMM] N=1024 threads=10 rep=8 batches=524 time=1.005 s | package=152.838 J | dram=0.253078 | total=153.091 J | power=152.3 W | runtime=in_range | checksum=OK
[STRIDED_GEMM] N=1024 threads=10 rep=9 batches=524 time=1.005 s | package=152.786 J | dram=0.260176 | total=153.046 J | power=152.2 W | runtime=in_range | checksum=OK
[STRIDED_GEMM] N=1024 threads=10 rep=10 batches=524 time=1.005 s | package=153.090 J | dram=0.249191 | total=153.339 J | power=152.5 W | runtime=in_range | checksum=OK
[OpenBLAS] requested=1 active=1
[STRIDED_GEMM] N=8192 threads=1 rep=1 batches=1 time=5.261 s | package=299.034 J | dram=0.249054 | total=299.283 J | power=56.9 W | runtime=above | checksum=OK
[STRIDED_GEMM] N=8192 threads=1 rep=2 batches=1 time=5.259 s | package=296.960 J | dram=0.233340 | total=297.194 J | power=56.5 W | runtime=above | checksum=OK
[STRIDED_GEMM] N=8192 threads=1 rep=3 batches=1 time=5.261 s | package=303.028 J | dram=0.258142 | total=303.286 J | power=57.7 W | runtime=above | checksum=OK
[STRIDED_GEMM] N=8192 threads=1 rep=4 batches=1 time=5.247 s | package=298.598 J | dram=0.259763 | total=298.857 J | power=57.0 W | runtime=above | checksum=OK
[STRIDED_GEMM] N=8192 threads=1 rep=5 batches=1 time=5.257 s | package=296.575 J | dram=0.260774 | total=296.836 J | power=56.5 W | runtime=above | checksum=OK
[STRIDED_GEMM] N=8192 threads=1 rep=6 batches=1 time=5.258 s | package=297.968 J | dram=0.254913 | total=298.222 J | power=56.7 W | runtime=above | checksum=OK
[STRIDED_GEMM] N=8192 threads=1 rep=7 batches=1 time=5.257 s | package=296.114 J | dram=0.253583 | total=296.368 J | power=56.4 W | runtime=above | checksum=OK
[STRIDED_GEMM] N=8192 threads=1 rep=8 batches=1 time=5.259 s | package=296.931 J | dram=0.299788 | total=297.231 J | power=56.5 W | runtime=above | checksum=OK
[STRIDED_GEMM] N=8192 threads=1 rep=9 batches=1 time=5.265 s | package=296.758 J | dram=0.287900 | total=297.046 J | power=56.4 W | runtime=above | checksum=OK
[STRIDED_GEMM] N=8192 threads=1 rep=10 batches=1 time=5.259 s | package=294.251 J | dram=0.282331 | total=294.533 J | power=56.0 W | runtime=above | checksum=OK
[OpenBLAS] requested=1 active=1
[STRIDED_GEMM] N=4096 threads=1 rep=1 batches=2 time=1.302 s | package=72.365 J | dram=0.028014 | total=72.393 J | power=55.6 W | runtime=above | checksum=OK
[STRIDED_GEMM] N=4096 threads=1 rep=2 batches=2 time=1.302 s | package=73.155 J | dram=0.037424 | total=73.193 J | power=56.2 W | runtime=above | checksum=OK
[STRIDED_GEMM] N=4096 threads=1 rep=3 batches=2 time=1.301 s | package=72.661 J | dram=0.036567 | total=72.698 J | power=55.9 W | runtime=above | checksum=OK
[STRIDED_GEMM] N=4096 threads=1 rep=4 batches=2 time=1.301 s | package=72.060 J | dram=0.033430 | total=72.093 J | power=55.4 W | runtime=above | checksum=OK
[STRIDED_GEMM] N=4096 threads=1 rep=5 batches=2 time=1.302 s | package=73.074 J | dram=0.031289 | total=73.105 J | power=56.2 W | runtime=above | checksum=OK
[STRIDED_GEMM] N=4096 threads=1 rep=6 batches=2 time=1.301 s | package=73.292 J | dram=0.028901 | total=73.321 J | power=56.4 W | runtime=above | checksum=OK
[STRIDED_GEMM] N=4096 threads=1 rep=7 batches=2 time=1.300 s | package=73.782 J | dram=0.036812 | total=73.819 J | power=56.8 W | runtime=above | checksum=OK
[STRIDED_GEMM] N=4096 threads=1 rep=8 batches=2 time=1.301 s | package=72.634 J | dram=0.035420 | total=72.670 J | power=55.9 W | runtime=above | checksum=OK
[STRIDED_GEMM] N=4096 threads=1 rep=9 batches=2 time=1.301 s | package=71.921 J | dram=0.036766 | total=71.958 J | power=55.3 W | runtime=above | checksum=OK
[STRIDED_GEMM] N=4096 threads=1 rep=10 batches=2 time=1.301 s | package=72.119 J | dram=0.031166 | total=72.150 J | power=55.5 W | runtime=above | checksum=OK
[OpenBLAS] requested=2 active=2
[STRIDED_GEMM] N=4096 threads=2 rep=1 batches=3 time=0.995 s | package=80.202 J | dram=0.234396 | total=80.437 J | power=80.9 W | runtime=in_range | checksum=OK
[STRIDED_GEMM] N=4096 threads=2 rep=2 batches=3 time=1.011 s | package=79.500 J | dram=0.240057 | total=79.740 J | power=78.9 W | runtime=in_range | checksum=OK
[STRIDED_GEMM] N=4096 threads=2 rep=3 batches=3 time=1.015 s | package=78.394 J | dram=0.228551 | total=78.623 J | power=77.5 W | runtime=in_range | checksum=OK
[STRIDED_GEMM] N=4096 threads=2 rep=4 batches=3 time=1.007 s | package=79.304 J | dram=0.221269 | total=79.525 J | power=78.9 W | runtime=in_range | checksum=OK
[STRIDED_GEMM] N=4096 threads=2 rep=5 batches=3 time=1.005 s | package=79.347 J | dram=0.233263 | total=79.580 J | power=79.2 W | runtime=in_range | checksum=OK
[STRIDED_GEMM] N=4096 threads=2 rep=6 batches=3 time=1.006 s | package=79.380 J | dram=0.234228 | total=79.614 J | power=79.2 W | runtime=in_range | checksum=OK
[STRIDED_GEMM] N=4096 threads=2 rep=7 batches=3 time=0.995 s | package=79.936 J | dram=0.240914 | total=80.177 J | power=80.6 W | runtime=in_range | checksum=OK
[STRIDED_GEMM] N=4096 threads=2 rep=8 batches=3 time=0.995 s | package=80.064 J | dram=0.240592 | total=80.304 J | power=80.7 W | runtime=in_range | checksum=OK
[STRIDED_GEMM] N=4096 threads=2 rep=9 batches=3 time=0.996 s | package=80.154 J | dram=0.234442 | total=80.389 J | power=80.7 W | runtime=in_range | checksum=OK
[STRIDED_GEMM] N=4096 threads=2 rep=10 batches=3 time=1.005 s | package=79.431 J | dram=0.237410 | total=79.669 J | power=79.3 W | runtime=in_range | checksum=OK
[OpenBLAS] requested=8 active=8
[STRIDED_GEMM] N=1024 threads=8 rep=1 batches=572 time=1.014 s | package=144.192 J | dram=0.086782 | total=144.278 J | power=142.3 W | runtime=in_range | checksum=OK
[STRIDED_GEMM] N=1024 threads=8 rep=2 batches=572 time=1.011 s | package=144.600 J | dram=0.088970 | total=144.689 J | power=143.1 W | runtime=in_range | checksum=OK
[STRIDED_GEMM] N=1024 threads=8 rep=3 batches=572 time=1.017 s | package=144.142 J | dram=0.076041 | total=144.218 J | power=141.9 W | runtime=in_range | checksum=OK
[STRIDED_GEMM] N=1024 threads=8 rep=4 batches=572 time=1.022 s | package=143.416 J | dram=0.074817 | total=143.491 J | power=140.5 W | runtime=in_range | checksum=OK
[STRIDED_GEMM] N=1024 threads=8 rep=5 batches=572 time=1.012 s | package=144.749 J | dram=0.077694 | total=144.827 J | power=143.1 W | runtime=in_range | checksum=OK
[STRIDED_GEMM] N=1024 threads=8 rep=6 batches=572 time=1.011 s | package=145.013 J | dram=0.085695 | total=145.099 J | power=143.5 W | runtime=in_range | checksum=OK
[STRIDED_GEMM] N=1024 threads=8 rep=7 batches=572 time=1.012 s | package=145.025 J | dram=0.075016 | total=145.100 J | power=143.3 W | runtime=in_range | checksum=OK
[STRIDED_GEMM] N=1024 threads=8 rep=8 batches=572 time=1.022 s | package=143.755 J | dram=0.060695 | total=143.816 J | power=140.7 W | runtime=in_range | checksum=OK
[STRIDED_GEMM] N=1024 threads=8 rep=9 batches=572 time=1.022 s | package=143.551 J | dram=0.086828 | total=143.638 J | power=140.6 W | runtime=in_range | checksum=OK
[STRIDED_GEMM] N=1024 threads=8 rep=10 batches=572 time=1.021 s | package=143.698 J | dram=0.067564 | total=143.765 J | power=140.8 W | runtime=in_range | checksum=OK
[OpenBLAS] requested=2 active=2
[STRIDED_GEMM] N=256 threads=2 rep=1 batches=8918 time=1.003 s | package=73.569 J | dram=0.000000 | total=73.569 J | power=73.3 W | runtime=in_range | checksum=OK
[STRIDED_GEMM] N=256 threads=2 rep=2 batches=8918 time=1.001 s | package=73.553 J | dram=0.000000 | total=73.553 J | power=73.5 W | runtime=in_range | checksum=OK
[STRIDED_GEMM] N=256 threads=2 rep=3 batches=8918 time=1.000 s | package=73.601 J | dram=0.000000 | total=73.601 J | power=73.6 W | runtime=in_range | checksum=OK
[STRIDED_GEMM] N=256 threads=2 rep=4 batches=8918 time=1.001 s | package=73.577 J | dram=0.000000 | total=73.577 J | power=73.5 W | runtime=in_range | checksum=OK
[STRIDED_GEMM] N=256 threads=2 rep=5 batches=8918 time=1.000 s | package=73.322 J | dram=0.000000 | total=73.322 J | power=73.3 W | runtime=in_range | checksum=OK
[STRIDED_GEMM] N=256 threads=2 rep=6 batches=8918 time=0.993 s | package=72.960 J | dram=0.000000 | total=72.960 J | power=73.4 W | runtime=in_range | checksum=OK
[STRIDED_GEMM] N=256 threads=2 rep=7 batches=8918 time=1.000 s | package=73.316 J | dram=0.000000 | total=73.316 J | power=73.3 W | runtime=in_range | checksum=OK
[STRIDED_GEMM] N=256 threads=2 rep=8 batches=8918 time=1.006 s | package=73.579 J | dram=0.000061 | total=73.579 J | power=73.2 W | runtime=in_range | checksum=OK
[STRIDED_GEMM] N=256 threads=2 rep=9 batches=8918 time=0.997 s | package=72.256 J | dram=0.000000 | total=72.256 J | power=72.5 W | runtime=in_range | checksum=OK
[STRIDED_GEMM] N=256 threads=2 rep=10 batches=8918 time=1.019 s | package=71.843 J | dram=0.000000 | total=71.843 J | power=70.5 W | runtime=in_range | checksum=OK
[OpenBLAS] requested=8 active=8
[STRIDED_GEMM] N=8192 threads=8 rep=1 batches=2 time=1.846 s | package=267.667 J | dram=3.298710 | total=270.966 J | power=146.8 W | runtime=above | checksum=OK
[STRIDED_GEMM] N=8192 threads=8 rep=2 batches=2 time=1.846 s | package=271.637 J | dram=3.319366 | total=274.956 J | power=148.9 W | runtime=above | checksum=OK
[STRIDED_GEMM] N=8192 threads=8 rep=3 batches=2 time=1.848 s | package=271.184 J | dram=3.319151 | total=274.503 J | power=148.5 W | runtime=above | checksum=OK
[STRIDED_GEMM] N=8192 threads=8 rep=4 batches=2 time=1.848 s | package=272.780 J | dram=3.371676 | total=276.151 J | power=149.4 W | runtime=above | checksum=OK
[STRIDED_GEMM] N=8192 threads=8 rep=5 batches=2 time=1.842 s | package=275.055 J | dram=3.331514 | total=278.386 J | power=151.1 W | runtime=above | checksum=OK
[STRIDED_GEMM] N=8192 threads=8 rep=6 batches=2 time=1.842 s | package=274.460 J | dram=3.364760 | total=277.824 J | power=150.9 W | runtime=above | checksum=OK
[STRIDED_GEMM] N=8192 threads=8 rep=7 batches=2 time=1.848 s | package=273.108 J | dram=3.322854 | total=276.431 J | power=149.6 W | runtime=above | checksum=OK
[STRIDED_GEMM] N=8192 threads=8 rep=8 batches=2 time=1.849 s | package=274.726 J | dram=3.303439 | total=278.030 J | power=150.4 W | runtime=above | checksum=OK
[STRIDED_GEMM] N=8192 threads=8 rep=9 batches=2 time=1.848 s | package=273.662 J | dram=3.330519 | total=276.993 J | power=149.9 W | runtime=above | checksum=OK
[STRIDED_GEMM] N=8192 threads=8 rep=10 batches=2 time=1.848 s | package=273.790 J | dram=3.314821 | total=277.105 J | power=149.9 W | runtime=above | checksum=OK
[OpenBLAS] requested=16 active=16
[STRIDED_GEMM] N=16384 threads=16 rep=1 batches=1 time=8.256 s | package=1423.279 J | dram=14.714056 | total=1437.993 J | power=174.2 W | runtime=above | checksum=OK
[STRIDED_GEMM] N=16384 threads=16 rep=2 batches=1 time=8.247 s | package=1428.391 J | dram=14.676877 | total=1443.068 J | power=175.0 W | runtime=above | checksum=OK
[STRIDED_GEMM] N=16384 threads=16 rep=3 batches=1 time=8.247 s | package=1434.046 J | dram=14.977553 | total=1449.024 J | power=175.7 W | runtime=above | checksum=OK
[STRIDED_GEMM] N=16384 threads=16 rep=4 batches=1 time=8.251 s | package=1443.134 J | dram=14.932096 | total=1458.067 J | power=176.7 W | runtime=above | checksum=OK
[STRIDED_GEMM] N=16384 threads=16 rep=5 batches=1 time=8.253 s | package=1450.456 J | dram=14.870911 | total=1465.327 J | power=177.6 W | runtime=above | checksum=OK
[STRIDED_GEMM] N=16384 threads=16 rep=6 batches=1 time=8.253 s | package=1456.081 J | dram=14.874660 | total=1470.955 J | power=178.2 W | runtime=above | checksum=OK
[STRIDED_GEMM] N=16384 threads=16 rep=7 batches=1 time=8.387 s | package=1456.009 J | dram=14.856224 | total=1470.865 J | power=175.4 W | runtime=above | checksum=OK
[STRIDED_GEMM] N=16384 threads=16 rep=8 batches=1 time=8.404 s | package=1436.666 J | dram=15.020530 | total=1451.687 J | power=172.7 W | runtime=above | checksum=OK
[STRIDED_GEMM] N=16384 threads=16 rep=9 batches=1 time=8.394 s | package=1425.381 J | dram=15.093052 | total=1440.474 J | power=171.6 W | runtime=above | checksum=OK
[STRIDED_GEMM] N=16384 threads=16 rep=10 batches=1 time=8.535 s | package=1428.476 J | dram=15.211627 | total=1443.688 J | power=169.2 W | runtime=above | checksum=OK
[OpenBLAS] requested=10 active=10
[STRIDED_GEMM] N=4096 threads=10 rep=1 batches=10 time=1.047 s | package=179.754 J | dram=2.093315 | total=181.847 J | power=173.6 W | runtime=in_range | checksum=OK
[STRIDED_GEMM] N=4096 threads=10 rep=2 batches=10 time=1.047 s | package=180.005 J | dram=2.094264 | total=182.099 J | power=173.9 W | runtime=in_range | checksum=OK
[STRIDED_GEMM] N=4096 threads=10 rep=3 batches=10 time=1.049 s | package=180.089 J | dram=2.092077 | total=182.181 J | power=173.8 W | runtime=in_range | checksum=OK
[STRIDED_GEMM] N=4096 threads=10 rep=4 batches=10 time=1.050 s | package=180.195 J | dram=2.103979 | total=182.299 J | power=173.7 W | runtime=in_range | checksum=OK
[STRIDED_GEMM] N=4096 threads=10 rep=5 batches=10 time=1.048 s | package=180.082 J | dram=2.134365 | total=182.217 J | power=173.8 W | runtime=in_range | checksum=OK
[STRIDED_GEMM] N=4096 threads=10 rep=6 batches=10 time=1.049 s | package=180.061 J | dram=2.114047 | total=182.175 J | power=173.7 W | runtime=in_range | checksum=OK
[STRIDED_GEMM] N=4096 threads=10 rep=7 batches=10 time=1.049 s | package=179.854 J | dram=2.128964 | total=181.983 J | power=173.5 W | runtime=in_range | checksum=OK
[STRIDED_GEMM] N=4096 threads=10 rep=8 batches=10 time=1.049 s | package=179.988 J | dram=2.117749 | total=182.105 J | power=173.5 W | runtime=in_range | checksum=OK
[STRIDED_GEMM] N=4096 threads=10 rep=9 batches=10 time=1.048 s | package=179.797 J | dram=2.126669 | total=181.923 J | power=173.6 W | runtime=in_range | checksum=OK
[STRIDED_GEMM] N=4096 threads=10 rep=10 batches=10 time=1.048 s | package=179.578 J | dram=2.138113 | total=181.716 J | power=173.4 W | runtime=in_range | checksum=OK
