timestamp,host,gpu_name,matrix_size,mode,batches,seconds_target,seconds_gpu,seconds_wall,energy_j,avg_power_w,below_target,pcie_gen_current,pcie_width_current,clocks_sm_mhz,clocks_mem_mhz,temp_c,throttle_reasons
2025-10-11T12:35:59,rock-ms7a95,NVIDIA GeForce RTX 3090,64,e2e,250000,1,1.1516,1.1585,185.370,160.0,0,3,16,1965,9501,48,0
2025-10-11T12:36:00,rock-ms7a95,NVIDIA GeForce RTX 3090,64,e2e,250000,1.0,1.1533,1.1571,199.613,172.5,0,3,16,1965,9501,48,0
2025-10-11T12:36:02,rock-ms7a95,NVIDIA GeForce RTX 3090,64,e2e,250000,1.0,1.1575,1.1629,199.822,171.8,0,3,16,1965,9501,48,0
2025-10-11T12:36:03,rock-ms7a95,NVIDIA GeForce RTX 3090,64,e2e,250000,1.0,1.1596,1.1624,185.845,159.9,0,3,16,1965,9501,49,0
2025-10-11T12:36:04,rock-ms7a95,NVIDIA GeForce RTX 3090,64,e2e,250000,1.0,1.1574,1.1604,202.730,174.7,0,3,16,1965,9501,49,0
2025-10-11T12:36:07,rock-ms7a95,NVIDIA GeForce RTX 3090,96,e2e,250000,1.0,1.1738,1.1769,210.634,179.0,0,3,16,1950,9501,51,0
2025-10-11T12:36:09,rock-ms7a95,NVIDIA GeForce RTX 3090,96,e2e,250000,1.0,1.1739,1.1767,193.385,164.3,0,3,16,1950,9501,51,0
2025-10-11T12:36:10,rock-ms7a95,NVIDIA GeForce RTX 3090,96,e2e,250000,1.0,1.1734,1.1762,211.368,179.7,0,3,16,1950,9501,51,0
2025-10-11T12:36:11,rock-ms7a95,NVIDIA GeForce RTX 3090,96,e2e,250000,1.0,1.1729,1.1757,211.928,180.3,0,3,16,1950,9501,52,0
2025-10-11T12:36:12,rock-ms7a95,NVIDIA GeForce RTX 3090,96,e2e,250000,1.0,1.1793,1.1821,212.160,179.5,0,3,16,1950,9501,52,0
2025-10-11T12:36:16,rock-ms7a95,NVIDIA GeForce RTX 3090,128,e2e,250000,1.0,1.2778,1.2831,254.320,198.2,0,3,16,1950,9501,54,0
2025-10-11T12:36:17,rock-ms7a95,NVIDIA GeForce RTX 3090,128,e2e,250000,1.0,1.2782,1.2818,252.122,196.7,0,3,16,1950,9501,54,0
2025-10-11T12:36:19,rock-ms7a95,NVIDIA GeForce RTX 3090,128,e2e,250000,1.0,1.2784,1.2813,251.808,196.5,0,3,16,1950,9501,54,0
2025-10-11T12:36:20,rock-ms7a95,NVIDIA GeForce RTX 3090,128,e2e,250000,1.0,1.2777,1.2806,231.987,181.1,0,3,16,1950,9501,54,0
2025-10-11T12:36:21,rock-ms7a95,NVIDIA GeForce RTX 3090,128,e2e,250000,1.0,1.2776,1.2804,251.310,196.3,0,3,16,1950,9501,54,0
2025-10-11T12:36:25,rock-ms7a95,NVIDIA GeForce RTX 3090,160,e2e,250000,1.0,1.4094,1.4128,298.720,211.4,0,3,16,1950,9501,55,0
2025-10-11T12:36:27,rock-ms7a95,NVIDIA GeForce RTX 3090,160,e2e,250000,1.0,1.4133,1.4184,317.857,224.1,0,3,16,1950,9501,55,0
2025-10-11T12:36:28,rock-ms7a95,NVIDIA GeForce RTX 3090,160,e2e,250000,1.0,1.4057,1.4108,299.698,212.4,0,3,16,1950,9501,55,0
2025-10-11T12:36:30,rock-ms7a95,NVIDIA GeForce RTX 3090,160,e2e,250000,1.0,1.4085,1.4113,298.095,211.2,0,3,16,1950,9501,55,0
2025-10-11T12:36:31,rock-ms7a95,NVIDIA GeForce RTX 3090,160,e2e,250000,1.0,1.4084,1.4113,299.502,212.2,0,3,16,1950,9501,55,0
2025-10-11T12:36:37,rock-ms7a95,NVIDIA GeForce RTX 3090,192,e2e,250000,1.0,1.8972,1.9003,497.482,261.8,0,3,16,1965,9501,56,0
2025-10-11T12:36:39,rock-ms7a95,NVIDIA GeForce RTX 3090,192,e2e,250000,1.0,1.9228,1.9268,489.881,254.2,0,3,16,1965,9501,56,0
2025-10-11T12:36:41,rock-ms7a95,NVIDIA GeForce RTX 3090,192,e2e,250000,1.0,1.9151,1.9180,521.354,271.8,0,3,16,1965,9501,56,0
2025-10-11T12:36:43,rock-ms7a95,NVIDIA GeForce RTX 3090,192,e2e,250000,1.0,1.9098,1.9128,495.921,259.3,0,3,16,1965,9501,56,0
2025-10-11T12:36:45,rock-ms7a95,NVIDIA GeForce RTX 3090,192,e2e,250000,1.0,1.9079,1.9125,492.492,257.5,0,3,16,1965,9501,56,0
2025-10-11T12:36:50,rock-ms7a95,NVIDIA GeForce RTX 3090,224,e2e,250000,1.0,1.6647,1.6679,464.543,278.5,0,3,16,1965,9501,58,0
2025-10-11T12:36:51,rock-ms7a95,NVIDIA GeForce RTX 3090,224,e2e,250000,1.0,1.6647,1.6675,435.743,261.3,0,3,16,1965,9501,58,0
2025-10-11T12:36:53,rock-ms7a95,NVIDIA GeForce RTX 3090,224,e2e,250000,1.0,1.6651,1.6679,468.145,280.7,0,3,16,1965,9501,58,0
2025-10-11T12:36:55,rock-ms7a95,NVIDIA GeForce RTX 3090,224,e2e,250000,1.0,1.6648,1.6677,465.502,279.1,0,3,16,1965,9501,58,0
2025-10-11T12:36:56,rock-ms7a95,NVIDIA GeForce RTX 3090,224,e2e,250000,1.0,1.6647,1.6675,440.802,264.3,0,3,16,1965,9501,58,0
2025-10-11T12:37:02,rock-ms7a95,NVIDIA GeForce RTX 3090,256,e2e,250000,1.0,1.8495,1.8526,613.082,330.9,0,3,16,1965,9501,60,0
2025-10-11T12:37:04,rock-ms7a95,NVIDIA GeForce RTX 3090,256,e2e,250000,1.0,1.8550,1.8626,606.543,325.6,0,3,16,1950,9501,60,0
2025-10-11T12:37:06,rock-ms7a95,NVIDIA GeForce RTX 3090,256,e2e,250000,1.0,1.8569,1.8598,578.633,311.1,0,3,16,1950,9501,60,0
2025-10-11T12:37:08,rock-ms7a95,NVIDIA GeForce RTX 3090,256,e2e,250000,1.0,1.8575,1.8614,610.924,328.2,0,3,16,1950,9501,60,0
2025-10-11T12:37:09,rock-ms7a95,NVIDIA GeForce RTX 3090,256,e2e,250000,1.0,1.8579,1.8611,577.742,310.4,0,3,16,1950,9501,61,0
2025-10-11T12:37:13,rock-ms7a95,NVIDIA GeForce RTX 3090,320,e2e,131072,1.0,1.3861,1.3923,468.751,336.7,0,3,16,1905,9501,61,4
2025-10-11T12:37:15,rock-ms7a95,NVIDIA GeForce RTX 3090,320,e2e,131072,1.0,1.3857,1.3887,436.510,314.3,0,3,16,1905,9501,61,4
2025-10-11T12:37:16,rock-ms7a95,NVIDIA GeForce RTX 3090,320,e2e,131072,1.0,1.3841,1.3870,440.915,317.9,0,3,16,1890,9501,61,4
2025-10-11T12:37:18,rock-ms7a95,NVIDIA GeForce RTX 3090,320,e2e,131072,1.0,1.3830,1.3859,474.716,342.5,0,3,16,1905,9501,61,4
2025-10-11T12:37:19,rock-ms7a95,NVIDIA GeForce RTX 3090,320,e2e,131072,1.0,1.3845,1.3893,471.107,339.1,0,3,16,1920,9501,62,4
2025-10-11T12:37:24,rock-ms7a95,NVIDIA GeForce RTX 3090,384,e2e,131072,1.0,1.6296,1.6329,541.588,331.7,0,3,16,1815,9501,62,4
2025-10-11T12:37:26,rock-ms7a95,NVIDIA GeForce RTX 3090,384,e2e,131072,1.0,1.6257,1.6287,581.306,356.9,0,3,16,1830,9501,62,4
2025-10-11T12:37:27,rock-ms7a95,NVIDIA GeForce RTX 3090,384,e2e,131072,1.0,1.6298,1.6362,538.421,329.1,0,3,16,1815,9501,62,4
2025-10-11T12:37:29,rock-ms7a95,NVIDIA GeForce RTX 3090,384,e2e,131072,1.0,1.6266,1.6303,543.177,333.2,0,3,16,1815,9501,62,4
2025-10-11T12:37:30,rock-ms7a95,NVIDIA GeForce RTX 3090,384,e2e,131072,1.0,1.6294,1.6351,579.470,354.4,0,3,16,1815,9501,62,4
2025-10-11T12:37:34,rock-ms7a95,NVIDIA GeForce RTX 3090,448,e2e,65536,1.0,1.2749,1.2783,438.087,342.7,0,3,16,1740,9501,62,4
2025-10-11T12:37:35,rock-ms7a95,NVIDIA GeForce RTX 3090,448,e2e,65536,1.0,1.2745,1.2775,404.139,316.3,0,3,16,1755,9501,62,4
2025-10-11T12:37:37,rock-ms7a95,NVIDIA GeForce RTX 3090,448,e2e,65536,1.0,1.2758,1.2788,438.332,342.8,0,3,16,1740,9501,62,4
2025-10-11T12:37:38,rock-ms7a95,NVIDIA GeForce RTX 3090,448,e2e,65536,1.0,1.2753,1.2783,437.427,342.2,0,3,16,1740,9501,62,4
2025-10-11T12:37:39,rock-ms7a95,NVIDIA GeForce RTX 3090,448,e2e,65536,1.0,1.2754,1.2787,437.699,342.3,0,3,16,1755,9501,62,4
2025-10-11T12:37:44,rock-ms7a95,NVIDIA GeForce RTX 3090,512,e2e,65536,1.0,1.6358,1.6445,577.115,350.9,0,3,16,1740,9501,62,4
2025-10-11T12:37:46,rock-ms7a95,NVIDIA GeForce RTX 3090,512,e2e,65536,1.0,1.6418,1.6451,538.368,327.3,0,3,16,1725,9501,62,4
2025-10-11T12:37:47,rock-ms7a95,NVIDIA GeForce RTX 3090,512,e2e,65536,1.0,1.6366,1.6396,539.695,329.2,0,3,16,1755,9501,63,4
2025-10-11T12:37:49,rock-ms7a95,NVIDIA GeForce RTX 3090,512,e2e,65536,1.0,1.6419,1.6486,570.964,346.3,0,3,16,1725,9501,63,4
2025-10-11T12:37:51,rock-ms7a95,NVIDIA GeForce RTX 3090,512,e2e,65536,1.0,1.6361,1.6393,541.525,330.3,0,3,16,1740,9501,63,4
2025-10-11T12:37:55,rock-ms7a95,NVIDIA GeForce RTX 3090,640,e2e,32768,1.0,1.4362,1.4396,508.431,353.2,0,3,16,1680,9501,63,4
2025-10-11T12:37:56,rock-ms7a95,NVIDIA GeForce RTX 3090,640,e2e,32768,1.0,1.4404,1.4435,470.540,326.0,0,3,16,1650,9501,63,4
2025-10-11T12:37:58,rock-ms7a95,NVIDIA GeForce RTX 3090,640,e2e,32768,1.0,1.4377,1.4416,504.318,349.8,0,3,16,1665,9501,63,4
2025-10-11T12:37:59,rock-ms7a95,NVIDIA GeForce RTX 3090,640,e2e,32768,1.0,1.4374,1.4427,468.502,324.7,0,3,16,1680,9501,63,4
2025-10-11T12:38:01,rock-ms7a95,NVIDIA GeForce RTX 3090,640,e2e,32768,1.0,1.4384,1.4415,508.010,352.4,0,3,16,1680,9501,63,4
2025-10-11T12:38:07,rock-ms7a95,NVIDIA GeForce RTX 3090,768,e2e,32768,1.0,1.9913,1.9946,646.437,324.1,0,3,16,1635,9501,63,4
2025-10-11T12:38:09,rock-ms7a95,NVIDIA GeForce RTX 3090,768,e2e,32768,1.0,1.9924,1.9959,675.690,338.5,0,3,16,1620,9501,63,4
2025-10-11T12:38:11,rock-ms7a95,NVIDIA GeForce RTX 3090,768,e2e,32768,1.0,1.9918,1.9951,676.779,339.2,0,3,16,1620,9501,63,4
2025-10-11T12:38:13,rock-ms7a95,NVIDIA GeForce RTX 3090,768,e2e,32768,1.0,1.9923,1.9962,678.425,339.9,0,3,16,1620,9501,63,4
2025-10-11T12:38:15,rock-ms7a95,NVIDIA GeForce RTX 3090,768,e2e,32768,1.0,1.9900,1.9957,680.368,340.9,0,3,16,1620,9501,63,4
2025-10-11T12:38:19,rock-ms7a95,NVIDIA GeForce RTX 3090,896,e2e,16384,1.0,1.6039,1.6112,549.968,341.3,0,3,16,1650,9501,64,4
2025-10-11T12:38:21,rock-ms7a95,NVIDIA GeForce RTX 3090,896,e2e,16384,1.0,1.6103,1.6138,542.115,335.9,0,3,16,1620,9501,63,4
2025-10-11T12:38:23,rock-ms7a95,NVIDIA GeForce RTX 3090,896,e2e,16384,1.0,1.6045,1.6078,548.766,341.3,0,3,16,1650,9501,64,4
2025-10-11T12:38:24,rock-ms7a95,NVIDIA GeForce RTX 3090,896,e2e,16384,1.0,1.6073,1.6139,542.206,336.0,0,3,16,1620,9501,63,4
2025-10-11T12:38:26,rock-ms7a95,NVIDIA GeForce RTX 3090,896,e2e,16384,1.0,1.6088,1.6121,578.294,358.7,0,3,16,1620,9501,63,4
2025-10-11T12:38:29,rock-ms7a95,NVIDIA GeForce RTX 3090,1024,e2e,8192,1.0,1.1116,1.1151,403.755,362.1,0,3,16,1620,9501,64,4
2025-10-11T12:38:30,rock-ms7a95,NVIDIA GeForce RTX 3090,1024,e2e,8192,1.0,1.1122,1.1155,369.695,331.4,0,3,16,1620,9501,64,4
2025-10-11T12:38:31,rock-ms7a95,NVIDIA GeForce RTX 3090,1024,e2e,8192,1.0,1.1129,1.1178,370.097,331.1,0,3,16,1635,9501,64,4
2025-10-11T12:38:33,rock-ms7a95,NVIDIA GeForce RTX 3090,1024,e2e,8192,1.0,1.1128,1.1179,370.398,331.3,0,3,16,1620,9501,64,4
2025-10-11T12:38:34,rock-ms7a95,NVIDIA GeForce RTX 3090,1024,e2e,8192,1.0,1.1124,1.1192,370.977,331.5,0,3,16,1620,9501,64,4
2025-10-11T12:38:38,rock-ms7a95,NVIDIA GeForce RTX 3090,1152,e2e,8192,1.0,1.3595,1.3630,436.607,320.3,0,3,16,1500,9501,64,4
2025-10-11T12:38:39,rock-ms7a95,NVIDIA GeForce RTX 3090,1152,e2e,8192,1.0,1.3517,1.3588,443.004,326.0,0,3,16,1515,9501,64,4
2025-10-11T12:38:40,rock-ms7a95,NVIDIA GeForce RTX 3090,1152,e2e,8192,1.0,1.3518,1.3573,470.490,346.6,0,3,16,1515,9501,64,4
2025-10-11T12:38:42,rock-ms7a95,NVIDIA GeForce RTX 3090,1152,e2e,8192,1.0,1.3555,1.3627,434.185,318.6,0,3,16,1500,9501,64,4
2025-10-11T12:38:43,rock-ms7a95,NVIDIA GeForce RTX 3090,1152,e2e,8192,1.0,1.3549,1.3584,475.121,349.8,0,3,16,1485,9501,63,4
2025-10-11T12:38:46,rock-ms7a95,NVIDIA GeForce RTX 3090,1280,e2e,4096,1.0,1.0741,1.0777,371.814,345.0,0,3,16,1605,9501,64,4
2025-10-11T12:38:47,rock-ms7a95,NVIDIA GeForce RTX 3090,1280,e2e,4096,1.0,1.0746,1.0779,371.469,344.6,0,3,16,1605,9501,64,4
2025-10-11T12:38:48,rock-ms7a95,NVIDIA GeForce RTX 3090,1280,e2e,4096,1.0,1.0750,1.0783,371.681,344.7,0,3,16,1590,9501,64,4
2025-10-11T12:38:50,rock-ms7a95,NVIDIA GeForce RTX 3090,1280,e2e,4096,1.0,1.0747,1.0780,337.636,313.2,0,3,16,1590,9501,64,4
2025-10-11T12:38:51,rock-ms7a95,NVIDIA GeForce RTX 3090,1280,e2e,4096,1.0,1.0742,1.0775,372.275,345.5,0,3,16,1590,9501,64,4
2025-10-11T12:38:54,rock-ms7a95,NVIDIA GeForce RTX 3090,1408,e2e,4096,1.0,1.2584,1.2621,440.400,348.9,0,3,16,1500,9501,64,4
2025-10-11T12:38:56,rock-ms7a95,NVIDIA GeForce RTX 3090,1408,e2e,4096,1.0,1.2583,1.2616,405.323,321.3,0,3,16,1485,9501,64,4
2025-10-11T12:38:57,rock-ms7a95,NVIDIA GeForce RTX 3090,1408,e2e,4096,1.0,1.2560,1.2594,438.874,348.5,0,3,16,1515,9501,64,4
2025-10-11T12:38:58,rock-ms7a95,NVIDIA GeForce RTX 3090,1408,e2e,4096,1.0,1.2559,1.2591,405.206,321.8,0,3,16,1485,9501,64,4
2025-10-11T12:38:59,rock-ms7a95,NVIDIA GeForce RTX 3090,1408,e2e,4096,1.0,1.2548,1.2581,439.864,349.6,0,3,16,1530,9501,64,4
2025-10-11T12:39:04,rock-ms7a95,NVIDIA GeForce RTX 3090,1536,e2e,4096,1.0,1.4092,1.4127,472.902,334.8,0,3,16,1635,9501,65,4
2025-10-11T12:39:05,rock-ms7a95,NVIDIA GeForce RTX 3090,1536,e2e,4096,1.0,1.4074,1.4151,468.814,331.3,0,3,16,1635,9501,64,4
2025-10-11T12:39:06,rock-ms7a95,NVIDIA GeForce RTX 3090,1536,e2e,4096,1.0,1.4071,1.4105,472.606,335.1,0,3,16,1650,9501,65,4
2025-10-11T12:39:08,rock-ms7a95,NVIDIA GeForce RTX 3090,1536,e2e,4096,1.0,1.4100,1.4143,470.667,332.8,0,3,16,1620,9501,64,4
2025-10-11T12:39:09,rock-ms7a95,NVIDIA GeForce RTX 3090,1536,e2e,4096,1.0,1.4061,1.4093,474.788,336.9,0,3,16,1620,9501,64,4
2025-10-11T11:58:15,rock-ms7a95,NVIDIA GeForce RTX 3090,64,e2e,250000,1,1.1158,1.1209,187.225,167.0,0,3,16,1950,9501,51,0
2025-10-11T11:58:16,rock-ms7a95,NVIDIA GeForce RTX 3090,64,e2e,250000,1.0,1.1418,1.1447,203.726,178.0,0,3,16,1950,9501,51,0
2025-10-11T11:58:17,rock-ms7a95,NVIDIA GeForce RTX 3090,64,e2e,250000,1.0,1.1594,1.1660,202.309,173.5,0,3,16,1950,9501,51,0
2025-10-11T11:58:18,rock-ms7a95,NVIDIA GeForce RTX 3090,64,e2e,250000,1.0,1.1137,1.1171,187.430,167.8,0,3,16,1950,9501,51,0
2025-10-11T11:58:19,rock-ms7a95,NVIDIA GeForce RTX 3090,64,e2e,250000,1.0,1.1233,1.1262,187.476,166.5,0,3,16,1950,9501,51,0
2025-10-11T11:58:23,rock-ms7a95,NVIDIA GeForce RTX 3090,96,e2e,250000,1.0,1.1887,1.1918,211.238,177.2,0,3,16,1950,9501,51,0
2025-10-11T11:58:24,rock-ms7a95,NVIDIA GeForce RTX 3090,96,e2e,250000,1.0,1.1870,1.1898,212.995,179.0,0,3,16,1950,9501,51,0
2025-10-11T11:58:25,rock-ms7a95,NVIDIA GeForce RTX 3090,96,e2e,250000,1.0,1.1872,1.1929,211.006,176.9,0,3,16,1950,9501,51,0
2025-10-11T11:58:27,rock-ms7a95,NVIDIA GeForce RTX 3090,96,e2e,250000,1.0,1.1875,1.1903,211.855,178.0,0,3,16,1950,9501,51,0
2025-10-11T11:58:28,rock-ms7a95,NVIDIA GeForce RTX 3090,96,e2e,250000,1.0,1.1887,1.1916,212.649,178.5,0,3,16,1950,9501,51,0
2025-10-11T11:58:32,rock-ms7a95,NVIDIA GeForce RTX 3090,128,e2e,250000,1.0,1.2953,1.3034,249.847,191.7,0,3,16,1950,9501,52,0
2025-10-11T11:58:33,rock-ms7a95,NVIDIA GeForce RTX 3090,128,e2e,250000,1.0,1.2953,1.2983,249.293,192.0,0,3,16,1950,9501,52,0
2025-10-11T11:58:34,rock-ms7a95,NVIDIA GeForce RTX 3090,128,e2e,250000,1.0,1.2953,1.2982,249.356,192.1,0,3,16,1950,9501,52,0
2025-10-11T11:58:36,rock-ms7a95,NVIDIA GeForce RTX 3090,128,e2e,250000,1.0,1.2955,1.2986,249.357,192.0,0,3,16,1950,9501,51,0
2025-10-11T11:58:37,rock-ms7a95,NVIDIA GeForce RTX 3090,128,e2e,250000,1.0,1.2953,1.2984,249.190,191.9,0,3,16,1950,9501,51,0
2025-10-11T11:58:41,rock-ms7a95,NVIDIA GeForce RTX 3090,160,e2e,250000,1.0,1.4036,1.4069,295.346,209.9,0,3,16,1950,9501,52,0
2025-10-11T11:58:43,rock-ms7a95,NVIDIA GeForce RTX 3090,160,e2e,250000,1.0,1.4036,1.4085,293.759,208.6,0,3,16,1950,9501,52,0
2025-10-11T11:58:44,rock-ms7a95,NVIDIA GeForce RTX 3090,160,e2e,250000,1.0,1.4036,1.4066,295.469,210.1,0,3,16,1950,9501,52,0
2025-10-11T11:58:45,rock-ms7a95,NVIDIA GeForce RTX 3090,160,e2e,250000,1.0,1.4036,1.4097,293.867,208.5,0,3,16,1950,9501,52,0
2025-10-11T11:58:47,rock-ms7a95,NVIDIA GeForce RTX 3090,160,e2e,250000,1.0,1.4036,1.4065,295.408,210.0,0,3,16,1950,9501,52,0
2025-10-11T11:58:50,rock-ms7a95,NVIDIA GeForce RTX 3090,192,e2e,131072,1.0,1.0041,1.0079,256.577,254.6,0,3,16,1950,9501,53,0
2025-10-11T11:58:51,rock-ms7a95,NVIDIA GeForce RTX 3090,192,e2e,131072,1.0,1.0037,1.0065,254.708,253.1,0,3,16,1950,9501,54,0
2025-10-11T11:58:52,rock-ms7a95,NVIDIA GeForce RTX 3090,192,e2e,131072,1.0,1.0026,1.0076,252.489,250.6,0,3,16,1950,9501,54,0
2025-10-11T11:58:53,rock-ms7a95,NVIDIA GeForce RTX 3090,192,e2e,131072,1.0,1.0044,1.0072,255.279,253.5,0,3,16,1950,9501,54,0
2025-10-11T11:58:54,rock-ms7a95,NVIDIA GeForce RTX 3090,192,e2e,131072,1.0,1.0150,1.0179,250.588,246.2,0,3,16,1950,9501,54,0
2025-10-11T11:58:59,rock-ms7a95,NVIDIA GeForce RTX 3090,224,e2e,250000,1.0,1.6658,1.6722,466.641,279.1,0,3,16,1965,9501,55,0
2025-10-11T11:59:01,rock-ms7a95,NVIDIA GeForce RTX 3090,224,e2e,250000,1.0,1.6658,1.6701,464.121,277.9,0,3,16,1965,9501,55,0
2025-10-11T11:59:02,rock-ms7a95,NVIDIA GeForce RTX 3090,224,e2e,250000,1.0,1.6658,1.6686,439.245,263.2,0,3,16,1965,9501,56,0
2025-10-11T11:59:04,rock-ms7a95,NVIDIA GeForce RTX 3090,224,e2e,250000,1.0,1.6657,1.6685,466.984,279.9,0,3,16,1965,9501,56,0
2025-10-11T11:59:06,rock-ms7a95,NVIDIA GeForce RTX 3090,224,e2e,250000,1.0,1.6697,1.6725,468.190,279.9,0,3,16,1965,9501,56,0
2025-10-11T11:59:11,rock-ms7a95,NVIDIA GeForce RTX 3090,256,e2e,250000,1.0,1.8447,1.8508,581.862,314.4,0,3,16,1965,9501,58,0
2025-10-11T11:59:13,rock-ms7a95,NVIDIA GeForce RTX 3090,256,e2e,250000,1.0,1.8447,1.8501,613.106,331.4,0,3,16,1965,9501,58,0
2025-10-11T11:59:15,rock-ms7a95,NVIDIA GeForce RTX 3090,256,e2e,250000,1.0,1.8446,1.8475,583.313,315.7,0,3,16,1965,9501,59,0
2025-10-11T11:59:17,rock-ms7a95,NVIDIA GeForce RTX 3090,256,e2e,250000,1.0,1.8446,1.8479,614.605,332.6,0,3,16,1965,9501,59,0
2025-10-11T11:59:19,rock-ms7a95,NVIDIA GeForce RTX 3090,256,e2e,250000,1.0,1.8447,1.8476,585.457,316.9,0,3,16,1965,9501,59,0
2025-10-11T11:59:23,rock-ms7a95,NVIDIA GeForce RTX 3090,320,e2e,131072,1.0,1.3796,1.3829,473.696,342.5,0,3,16,1920,9501,60,4
2025-10-11T11:59:24,rock-ms7a95,NVIDIA GeForce RTX 3090,320,e2e,131072,1.0,1.3821,1.3868,468.919,338.1,0,3,16,1905,9501,60,4
2025-10-11T11:59:26,rock-ms7a95,NVIDIA GeForce RTX 3090,320,e2e,131072,1.0,1.3824,1.3855,471.565,340.4,0,3,16,1905,9501,60,4
2025-10-11T11:59:27,rock-ms7a95,NVIDIA GeForce RTX 3090,320,e2e,131072,1.0,1.3820,1.3849,471.408,340.4,0,3,16,1920,9501,60,4
2025-10-11T11:59:28,rock-ms7a95,NVIDIA GeForce RTX 3090,320,e2e,131072,1.0,1.3800,1.3857,468.810,338.3,0,3,16,1920,9501,61,4
2025-10-11T11:59:33,rock-ms7a95,NVIDIA GeForce RTX 3090,384,e2e,131072,1.0,1.6301,1.6333,547.340,335.1,0,3,16,1830,9501,61,4
2025-10-11T11:59:35,rock-ms7a95,NVIDIA GeForce RTX 3090,384,e2e,131072,1.0,1.6291,1.6352,538.757,329.5,0,3,16,1815,9501,61,4
2025-10-11T11:59:37,rock-ms7a95,NVIDIA GeForce RTX 3090,384,e2e,131072,1.0,1.6347,1.6376,575.368,351.3,0,3,16,1800,9501,61,4
2025-10-11T11:59:38,rock-ms7a95,NVIDIA GeForce RTX 3090,384,e2e,131072,1.0,1.6298,1.6329,543.132,332.6,0,3,16,1815,9501,61,4
2025-10-11T11:59:40,rock-ms7a95,NVIDIA GeForce RTX 3090,384,e2e,131072,1.0,1.6350,1.6388,577.487,352.4,0,3,16,1830,9501,62,4
2025-10-11T11:59:44,rock-ms7a95,NVIDIA GeForce RTX 3090,448,e2e,65536,1.0,1.2792,1.2855,439.002,341.5,0,3,16,1740,9501,61,4
2025-10-11T11:59:45,rock-ms7a95,NVIDIA GeForce RTX 3090,448,e2e,65536,1.0,1.2781,1.2810,404.655,315.9,0,3,16,1740,9501,61,4
2025-10-11T11:59:46,rock-ms7a95,NVIDIA GeForce RTX 3090,448,e2e,65536,1.0,1.2785,1.2822,438.124,341.7,0,3,16,1740,9501,61,4
2025-10-11T11:59:47,rock-ms7a95,NVIDIA GeForce RTX 3090,448,e2e,65536,1.0,1.2787,1.2816,436.505,340.6,0,3,16,1755,9501,61,4
2025-10-11T11:59:49,rock-ms7a95,NVIDIA GeForce RTX 3090,448,e2e,65536,1.0,1.2795,1.2868,435.610,338.5,0,3,16,1740,9501,62,4
2025-10-11T11:59:54,rock-ms7a95,NVIDIA GeForce RTX 3090,512,e2e,65536,1.0,1.6436,1.6478,575.303,349.1,0,3,16,1740,9501,62,4
2025-10-11T11:59:55,rock-ms7a95,NVIDIA GeForce RTX 3090,512,e2e,65536,1.0,1.6465,1.6504,536.695,325.2,0,3,16,1725,9501,62,4
2025-10-11T11:59:57,rock-ms7a95,NVIDIA GeForce RTX 3090,512,e2e,65536,1.0,1.6437,1.6468,576.138,349.9,0,3,16,1725,9501,62,4
2025-10-11T11:59:59,rock-ms7a95,NVIDIA GeForce RTX 3090,512,e2e,65536,1.0,1.6446,1.6480,537.326,326.0,0,3,16,1725,9501,62,4
2025-10-11T12:00:00,rock-ms7a95,NVIDIA GeForce RTX 3090,512,e2e,65536,1.0,1.6450,1.6480,575.784,349.4,0,3,16,1740,9501,62,4
2025-10-11T12:00:04,rock-ms7a95,NVIDIA GeForce RTX 3090,640,e2e,32768,1.0,1.4409,1.4450,475.597,329.1,0,3,16,1680,9501,62,4
2025-10-11T12:00:06,rock-ms7a95,NVIDIA GeForce RTX 3090,640,e2e,32768,1.0,1.4438,1.4470,508.207,351.2,0,3,16,1650,9501,62,4
2025-10-11T12:00:07,rock-ms7a95,NVIDIA GeForce RTX 3090,640,e2e,32768,1.0,1.4456,1.4488,468.867,323.6,0,3,16,1650,9501,63,4
2025-10-11T12:00:09,rock-ms7a95,NVIDIA GeForce RTX 3090,640,e2e,32768,1.0,1.4416,1.4449,508.681,352.0,0,3,16,1665,9501,62,4
2025-10-11T12:00:10,rock-ms7a95,NVIDIA GeForce RTX 3090,640,e2e,32768,1.0,1.4432,1.4465,471.281,325.8,0,3,16,1665,9501,63,4
2025-10-11T12:00:16,rock-ms7a95,NVIDIA GeForce RTX 3090,768,e2e,32768,1.0,1.9946,1.9990,682.515,341.4,0,3,16,1620,9501,63,4
2025-10-11T12:00:18,rock-ms7a95,NVIDIA GeForce RTX 3090,768,e2e,32768,1.0,1.9948,1.9982,680.912,340.8,0,3,16,1635,9501,63,4
2025-10-11T12:00:20,rock-ms7a95,NVIDIA GeForce RTX 3090,768,e2e,32768,1.0,1.9975,2.0016,679.716,339.6,0,3,16,1620,9501,63,4
2025-10-11T12:00:22,rock-ms7a95,NVIDIA GeForce RTX 3090,768,e2e,32768,1.0,1.9969,2.0002,680.489,340.2,0,3,16,1635,9501,63,4
2025-10-11T12:00:24,rock-ms7a95,NVIDIA GeForce RTX 3090,768,e2e,32768,1.0,1.9958,1.9992,679.192,339.7,0,3,16,1635,9501,63,4
2025-10-11T12:00:29,rock-ms7a95,NVIDIA GeForce RTX 3090,896,e2e,16384,1.0,1.6093,1.6173,547.642,338.6,0,3,16,1635,9501,63,4
2025-10-11T12:00:31,rock-ms7a95,NVIDIA GeForce RTX 3090,896,e2e,16384,1.0,1.6113,1.6145,543.874,336.9,0,3,16,1620,9501,63,4
2025-10-11T12:00:32,rock-ms7a95,NVIDIA GeForce RTX 3090,896,e2e,16384,1.0,1.6102,1.6135,578.930,358.8,0,3,16,1635,9501,63,4
2025-10-11T12:00:34,rock-ms7a95,NVIDIA GeForce RTX 3090,896,e2e,16384,1.0,1.6106,1.6139,546.429,338.6,0,3,16,1635,9501,63,4
2025-10-11T12:00:35,rock-ms7a95,NVIDIA GeForce RTX 3090,896,e2e,16384,1.0,1.6106,1.6165,546.692,338.2,0,3,16,1635,9501,63,4
2025-10-11T12:00:39,rock-ms7a95,NVIDIA GeForce RTX 3090,1024,e2e,8192,1.0,1.1156,1.1220,372.115,331.7,0,3,16,1620,9501,63,4
2025-10-11T12:00:40,rock-ms7a95,NVIDIA GeForce RTX 3090,1024,e2e,8192,1.0,1.1156,1.1189,370.892,331.5,0,3,16,1620,9501,63,4
2025-10-11T12:00:41,rock-ms7a95,NVIDIA GeForce RTX 3090,1024,e2e,8192,1.0,1.1157,1.1190,405.954,362.8,0,3,16,1620,9501,63,4
2025-10-11T12:00:42,rock-ms7a95,NVIDIA GeForce RTX 3090,1024,e2e,8192,1.0,1.1159,1.1194,371.289,331.7,0,3,16,1590,9501,63,4
2025-10-11T12:00:43,rock-ms7a95,NVIDIA GeForce RTX 3090,1024,e2e,8192,1.0,1.1175,1.1208,369.957,330.1,0,3,16,1605,9501,63,4
2025-10-11T12:00:47,rock-ms7a95,NVIDIA GeForce RTX 3090,1152,e2e,8192,1.0,1.3640,1.3676,437.482,319.9,0,3,16,1515,9501,63,4
2025-10-11T12:00:49,rock-ms7a95,NVIDIA GeForce RTX 3090,1152,e2e,8192,1.0,1.3628,1.3661,474.157,347.1,0,3,16,1485,9501,63,4
2025-10-11T12:00:50,rock-ms7a95,NVIDIA GeForce RTX 3090,1152,e2e,8192,1.0,1.3605,1.3637,472.789,346.7,0,3,16,1500,9501,63,4
2025-10-11T12:00:51,rock-ms7a95,NVIDIA GeForce RTX 3090,1152,e2e,8192,1.0,1.3589,1.3648,435.623,319.2,0,3,16,1485,9501,63,4
2025-10-11T12:00:53,rock-ms7a95,NVIDIA GeForce RTX 3090,1152,e2e,8192,1.0,1.3622,1.3654,475.541,348.3,0,3,16,1500,9501,63,4
2025-10-11T12:00:56,rock-ms7a95,NVIDIA GeForce RTX 3090,1280,e2e,4096,1.0,1.0801,1.0837,374.207,345.3,0,3,16,1590,9501,63,4
2025-10-11T12:00:57,rock-ms7a95,NVIDIA GeForce RTX 3090,1280,e2e,4096,1.0,1.0793,1.0825,372.083,343.7,0,3,16,1590,9501,63,4
2025-10-11T12:00:58,rock-ms7a95,NVIDIA GeForce RTX 3090,1280,e2e,4096,1.0,1.0795,1.0828,371.476,343.1,0,3,16,1590,9501,63,4
2025-10-11T12:00:59,rock-ms7a95,NVIDIA GeForce RTX 3090,1280,e2e,4096,1.0,1.0796,1.0852,368.981,340.0,0,3,16,1575,9501,63,4
2025-10-11T12:01:00,rock-ms7a95,NVIDIA GeForce RTX 3090,1280,e2e,4096,1.0,1.0804,1.0837,373.864,345.0,0,3,16,1575,9501,63,4
2025-10-11T12:01:04,rock-ms7a95,NVIDIA GeForce RTX 3090,1408,e2e,4096,1.0,1.2666,1.2701,436.992,344.1,0,3,16,1485,9501,64,4
2025-10-11T12:01:05,rock-ms7a95,NVIDIA GeForce RTX 3090,1408,e2e,4096,1.0,1.2656,1.2689,438.902,345.9,0,3,16,1470,9501,64,4
2025-10-11T12:01:07,rock-ms7a95,NVIDIA GeForce RTX 3090,1408,e2e,4096,1.0,1.2610,1.2685,437.188,344.6,0,3,16,1515,9501,64,4
2025-10-11T12:01:08,rock-ms7a95,NVIDIA GeForce RTX 3090,1408,e2e,4096,1.0,1.2615,1.2647,407.610,322.3,0,3,16,1500,9501,64,4
2025-10-11T12:01:09,rock-ms7a95,NVIDIA GeForce RTX 3090,1408,e2e,4096,1.0,1.2624,1.2682,440.086,347.0,0,3,16,1515,9501,64,4
2025-10-11T12:01:13,rock-ms7a95,NVIDIA GeForce RTX 3090,1536,e2e,4096,1.0,1.4103,1.4170,474.488,334.8,0,3,16,1635,9501,64,4
2025-10-11T12:01:15,rock-ms7a95,NVIDIA GeForce RTX 3090,1536,e2e,4096,1.0,1.4085,1.4117,474.999,336.5,0,3,16,1635,9501,64,4
2025-10-11T12:01:16,rock-ms7a95,NVIDIA GeForce RTX 3090,1536,e2e,4096,1.0,1.4103,1.4165,468.426,330.7,0,3,16,1635,9501,64,4
2025-10-11T12:01:18,rock-ms7a95,NVIDIA GeForce RTX 3090,1536,e2e,4096,1.0,1.4102,1.4137,471.600,333.6,0,3,16,1635,9501,64,4
2025-10-11T12:01:19,rock-ms7a95,NVIDIA GeForce RTX 3090,1536,e2e,4096,1.0,1.4101,1.4134,507.466,359.0,0,3,16,1620,9501,64,4
2025-10-11T12:02:23,rock-ms7a95,NVIDIA GeForce RTX 3090,64,e2e,250000,1,1.1278,1.1326,200.045,176.6,0,3,16,1965,9501,48,0
2025-10-11T12:02:25,rock-ms7a95,NVIDIA GeForce RTX 3090,64,e2e,250000,1.0,1.1375,1.1405,183.987,161.3,0,3,16,1965,9501,48,0
2025-10-11T12:02:26,rock-ms7a95,NVIDIA GeForce RTX 3090,64,e2e,250000,1.0,1.1374,1.1404,183.647,161.0,0,3,16,1950,9501,48,0
2025-10-11T12:02:27,rock-ms7a95,NVIDIA GeForce RTX 3090,64,e2e,250000,1.0,1.1312,1.1350,200.758,176.9,0,3,16,1950,9501,49,0
2025-10-11T12:02:28,rock-ms7a95,NVIDIA GeForce RTX 3090,64,e2e,250000,1.0,1.1345,1.1375,184.657,162.3,0,3,16,1950,9501,49,0
2025-10-11T12:02:31,rock-ms7a95,NVIDIA GeForce RTX 3090,96,e2e,250000,1.0,1.1645,1.1678,212.019,181.6,0,3,16,1950,9501,51,0
2025-10-11T12:02:33,rock-ms7a95,NVIDIA GeForce RTX 3090,96,e2e,250000,1.0,1.1728,1.1756,211.142,179.6,0,3,16,1950,9501,51,0
2025-10-11T12:02:34,rock-ms7a95,NVIDIA GeForce RTX 3090,96,e2e,250000,1.0,1.1660,1.1714,194.045,165.7,0,3,16,1950,9501,51,0
2025-10-11T12:02:35,rock-ms7a95,NVIDIA GeForce RTX 3090,96,e2e,250000,1.0,1.1668,1.1697,213.571,182.6,0,3,16,1950,9501,52,0
2025-10-11T12:02:36,rock-ms7a95,NVIDIA GeForce RTX 3090,96,e2e,250000,1.0,1.1671,1.1700,211.738,181.0,0,3,16,1950,9501,52,0
2025-10-11T12:02:40,rock-ms7a95,NVIDIA GeForce RTX 3090,128,e2e,250000,1.0,1.2606,1.2637,255.225,202.0,0,3,16,1980,9501,54,0
2025-10-11T12:02:41,rock-ms7a95,NVIDIA GeForce RTX 3090,128,e2e,250000,1.0,1.2578,1.2606,233.152,185.0,0,3,16,1980,9501,54,0
2025-10-11T12:02:43,rock-ms7a95,NVIDIA GeForce RTX 3090,128,e2e,250000,1.0,1.2590,1.2618,252.960,200.5,0,3,16,1980,9501,54,0
2025-10-11T12:02:44,rock-ms7a95,NVIDIA GeForce RTX 3090,128,e2e,250000,1.0,1.2581,1.2647,252.428,199.6,0,3,16,1980,9501,54,0
2025-10-11T12:02:45,rock-ms7a95,NVIDIA GeForce RTX 3090,128,e2e,250000,1.0,1.2587,1.2617,235.735,186.8,0,3,16,1980,9501,54,0
2025-10-11T12:02:49,rock-ms7a95,NVIDIA GeForce RTX 3090,160,e2e,250000,1.0,1.3944,1.3976,302.608,216.5,0,3,16,1980,9501,55,0
2025-10-11T12:02:51,rock-ms7a95,NVIDIA GeForce RTX 3090,160,e2e,250000,1.0,1.3948,1.3978,302.854,216.7,0,3,16,1980,9501,55,0
2025-10-11T12:02:52,rock-ms7a95,NVIDIA GeForce RTX 3090,160,e2e,250000,1.0,1.3934,1.3963,302.459,216.6,0,3,16,1980,9501,55,0
2025-10-11T12:02:54,rock-ms7a95,NVIDIA GeForce RTX 3090,160,e2e,250000,1.0,1.3935,1.3972,302.920,216.8,0,3,16,1980,9501,55,0
2025-10-11T12:02:55,rock-ms7a95,NVIDIA GeForce RTX 3090,160,e2e,250000,1.0,1.3930,1.3971,302.908,216.8,0,3,16,1980,9501,55,0
2025-10-11T12:03:01,rock-ms7a95,NVIDIA GeForce RTX 3090,192,e2e,250000,1.0,1.9031,1.9061,506.029,265.5,0,3,16,1980,9501,56,0
2025-10-11T12:03:03,rock-ms7a95,NVIDIA GeForce RTX 3090,192,e2e,250000,1.0,1.9076,1.9104,503.076,263.3,0,3,16,1980,9501,56,0
2025-10-11T12:03:05,rock-ms7a95,NVIDIA GeForce RTX 3090,192,e2e,250000,1.0,1.8950,1.8979,510.158,268.8,0,3,16,1980,9501,56,0
2025-10-11T12:03:06,rock-ms7a95,NVIDIA GeForce RTX 3090,192,e2e,250000,1.0,1.9015,1.9044,508.377,267.0,0,3,16,1980,9501,56,0
2025-10-11T12:03:08,rock-ms7a95,NVIDIA GeForce RTX 3090,192,e2e,250000,1.0,1.9066,1.9110,505.112,264.3,0,3,16,1980,9501,56,0
2025-10-11T12:03:13,rock-ms7a95,NVIDIA GeForce RTX 3090,224,e2e,250000,1.0,1.6482,1.6530,473.785,286.6,0,3,16,1980,9501,58,0
2025-10-11T12:03:15,rock-ms7a95,NVIDIA GeForce RTX 3090,224,e2e,250000,1.0,1.6479,1.6507,447.719,271.2,0,3,16,1980,9501,58,0
2025-10-11T12:03:17,rock-ms7a95,NVIDIA GeForce RTX 3090,224,e2e,250000,1.0,1.6556,1.6641,470.171,282.5,0,3,16,1965,9501,58,0
2025-10-11T12:03:18,rock-ms7a95,NVIDIA GeForce RTX 3090,224,e2e,250000,1.0,1.6627,1.6655,444.931,267.1,0,3,16,1965,9501,58,0
2025-10-11T12:03:20,rock-ms7a95,NVIDIA GeForce RTX 3090,224,e2e,250000,1.0,1.6630,1.6657,471.644,283.1,0,3,16,1965,9501,58,0
2025-10-11T12:03:26,rock-ms7a95,NVIDIA GeForce RTX 3090,256,e2e,250000,1.0,1.8634,1.8695,608.658,325.6,0,3,16,1965,9501,60,4
2025-10-11T12:03:28,rock-ms7a95,NVIDIA GeForce RTX 3090,256,e2e,250000,1.0,1.8633,1.8661,612.465,328.2,0,3,16,1965,9501,60,4
2025-10-11T12:03:30,rock-ms7a95,NVIDIA GeForce RTX 3090,256,e2e,250000,1.0,1.8632,1.8686,578.149,309.4,0,3,16,1965,9501,60,4
2025-10-11T12:03:31,rock-ms7a95,NVIDIA GeForce RTX 3090,256,e2e,250000,1.0,1.8631,1.8659,614.128,329.1,0,3,16,1965,9501,60,4
2025-10-11T12:03:33,rock-ms7a95,NVIDIA GeForce RTX 3090,256,e2e,250000,1.0,1.8628,1.8656,612.135,328.1,0,3,16,1965,9501,61,4
2025-10-11T12:03:37,rock-ms7a95,NVIDIA GeForce RTX 3090,320,e2e,131072,1.0,1.3822,1.3862,473.631,341.7,0,3,16,1920,9501,61,4
2025-10-11T12:03:39,rock-ms7a95,NVIDIA GeForce RTX 3090,320,e2e,131072,1.0,1.3838,1.3867,470.368,339.2,0,3,16,1905,9501,61,4
2025-10-11T12:03:40,rock-ms7a95,NVIDIA GeForce RTX 3090,320,e2e,131072,1.0,1.3812,1.3874,468.874,338.0,0,3,16,1905,9501,61,4
2025-10-11T12:03:42,rock-ms7a95,NVIDIA GeForce RTX 3090,320,e2e,131072,1.0,1.3820,1.3848,439.048,317.0,0,3,16,1905,9501,62,4
2025-10-11T12:03:43,rock-ms7a95,NVIDIA GeForce RTX 3090,320,e2e,131072,1.0,1.3828,1.3868,442.270,318.9,0,3,16,1905,9501,62,4
2025-10-11T12:03:48,rock-ms7a95,NVIDIA GeForce RTX 3090,384,e2e,131072,1.0,1.6316,1.6365,578.998,353.8,0,3,16,1815,9501,62,4
2025-10-11T12:03:49,rock-ms7a95,NVIDIA GeForce RTX 3090,384,e2e,131072,1.0,1.6265,1.6328,543.339,332.8,0,3,16,1830,9501,62,4
2025-10-11T12:03:51,rock-ms7a95,NVIDIA GeForce RTX 3090,384,e2e,131072,1.0,1.6337,1.6367,540.643,330.3,0,3,16,1815,9501,62,4
2025-10-11T12:03:53,rock-ms7a95,NVIDIA GeForce RTX 3090,384,e2e,131072,1.0,1.6286,1.6315,580.758,356.0,0,3,16,1830,9501,63,4
2025-10-11T12:03:54,rock-ms7a95,NVIDIA GeForce RTX 3090,384,e2e,131072,1.0,1.6293,1.6362,545.487,333.4,0,3,16,1830,9501,62,4
2025-10-11T12:03:58,rock-ms7a95,NVIDIA GeForce RTX 3090,448,e2e,65536,1.0,1.2798,1.2857,439.800,342.1,0,3,16,1740,9501,62,4
2025-10-11T12:03:59,rock-ms7a95,NVIDIA GeForce RTX 3090,448,e2e,65536,1.0,1.2800,1.2830,435.671,339.6,0,3,16,1755,9501,62,4
2025-10-11T12:04:01,rock-ms7a95,NVIDIA GeForce RTX 3090,448,e2e,65536,1.0,1.2783,1.2813,436.524,340.7,0,3,16,1740,9501,62,4
2025-10-11T12:04:02,rock-ms7a95,NVIDIA GeForce RTX 3090,448,e2e,65536,1.0,1.2783,1.2813,436.392,340.6,0,3,16,1740,9501,62,4
2025-10-11T12:04:03,rock-ms7a95,NVIDIA GeForce RTX 3090,448,e2e,65536,1.0,1.2804,1.2855,432.283,336.3,0,3,16,1755,9501,62,4
2025-10-11T12:04:08,rock-ms7a95,NVIDIA GeForce RTX 3090,512,e2e,65536,1.0,1.6475,1.6513,538.568,326.1,0,3,16,1725,9501,62,4
2025-10-11T12:04:10,rock-ms7a95,NVIDIA GeForce RTX 3090,512,e2e,65536,1.0,1.6415,1.6493,543.429,329.5,0,3,16,1740,9501,62,4
2025-10-11T12:04:11,rock-ms7a95,NVIDIA GeForce RTX 3090,512,e2e,65536,1.0,1.6476,1.6545,570.828,345.0,0,3,16,1725,9501,63,4
2025-10-11T12:04:13,rock-ms7a95,NVIDIA GeForce RTX 3090,512,e2e,65536,1.0,1.6417,1.6448,541.136,329.0,0,3,16,1740,9501,63,4
2025-10-11T12:04:15,rock-ms7a95,NVIDIA GeForce RTX 3090,512,e2e,65536,1.0,1.6475,1.6515,569.708,345.0,0,3,16,1725,9501,62,4
2025-10-11T12:04:19,rock-ms7a95,NVIDIA GeForce RTX 3090,640,e2e,32768,1.0,1.4444,1.4478,471.544,325.7,0,3,16,1650,9501,62,4
2025-10-11T12:04:20,rock-ms7a95,NVIDIA GeForce RTX 3090,640,e2e,32768,1.0,1.4416,1.4487,502.016,346.5,0,3,16,1650,9501,62,4
2025-10-11T12:04:22,rock-ms7a95,NVIDIA GeForce RTX 3090,640,e2e,32768,1.0,1.4410,1.4441,473.796,328.1,0,3,16,1665,9501,63,4
2025-10-11T12:04:23,rock-ms7a95,NVIDIA GeForce RTX 3090,640,e2e,32768,1.0,1.4439,1.4484,503.250,347.4,0,3,16,1650,9501,63,4
2025-10-11T12:04:25,rock-ms7a95,NVIDIA GeForce RTX 3090,640,e2e,32768,1.0,1.4396,1.4429,475.937,329.8,0,3,16,1665,9501,63,4
2025-10-11T12:04:31,rock-ms7a95,NVIDIA GeForce RTX 3090,768,e2e,32768,1.0,1.9985,2.0035,680.032,339.4,0,3,16,1605,9501,63,4
2025-10-11T12:04:33,rock-ms7a95,NVIDIA GeForce RTX 3090,768,e2e,32768,1.0,1.9945,1.9991,681.249,340.8,0,3,16,1620,9501,63,4
2025-10-11T12:04:35,rock-ms7a95,NVIDIA GeForce RTX 3090,768,e2e,32768,1.0,1.9952,1.9985,679.325,339.9,0,3,16,1635,9501,63,4
2025-10-11T12:04:37,rock-ms7a95,NVIDIA GeForce RTX 3090,768,e2e,32768,1.0,1.9967,2.0000,677.991,339.0,0,3,16,1635,9501,63,4
2025-10-11T12:04:39,rock-ms7a95,NVIDIA GeForce RTX 3090,768,e2e,32768,1.0,1.9968,2.0000,677.257,338.6,0,3,16,1635,9501,63,4
2025-10-11T12:04:43,rock-ms7a95,NVIDIA GeForce RTX 3090,896,e2e,16384,1.0,1.6108,1.6143,544.631,337.4,0,3,16,1635,9501,63,4
2025-10-11T12:04:45,rock-ms7a95,NVIDIA GeForce RTX 3090,896,e2e,16384,1.0,1.6075,1.6118,546.930,339.3,0,3,16,1635,9501,63,4
2025-10-11T12:04:47,rock-ms7a95,NVIDIA GeForce RTX 3090,896,e2e,16384,1.0,1.6108,1.6184,546.667,337.8,0,3,16,1620,9501,63,4
2025-10-11T12:04:48,rock-ms7a95,NVIDIA GeForce RTX 3090,896,e2e,16384,1.0,1.6054,1.6104,550.884,342.1,0,3,16,1635,9501,63,4
2025-10-11T12:04:50,rock-ms7a95,NVIDIA GeForce RTX 3090,896,e2e,16384,1.0,1.6116,1.6149,548.938,339.9,0,3,16,1635,9501,63,4
2025-10-11T12:04:53,rock-ms7a95,NVIDIA GeForce RTX 3090,1024,e2e,8192,1.0,1.1141,1.1227,372.856,332.1,0,3,16,1605,9501,63,4
2025-10-11T12:04:54,rock-ms7a95,NVIDIA GeForce RTX 3090,1024,e2e,8192,1.0,1.1142,1.1185,370.900,331.6,0,3,16,1605,9501,63,4
2025-10-11T12:04:55,rock-ms7a95,NVIDIA GeForce RTX 3090,1024,e2e,8192,1.0,1.1143,1.1176,371.252,332.2,0,3,16,1635,9501,64,4
2025-10-11T12:04:57,rock-ms7a95,NVIDIA GeForce RTX 3090,1024,e2e,8192,1.0,1.1144,1.1176,371.041,332.0,0,3,16,1635,9501,64,4
2025-10-11T12:04:58,rock-ms7a95,NVIDIA GeForce RTX 3090,1024,e2e,8192,1.0,1.1148,1.1182,406.789,363.8,0,3,16,1635,9501,64,4
2025-10-11T12:05:02,rock-ms7a95,NVIDIA GeForce RTX 3090,1152,e2e,8192,1.0,1.3565,1.3624,475.878,349.3,0,3,16,1500,9501,64,4
2025-10-11T12:05:03,rock-ms7a95,NVIDIA GeForce RTX 3090,1152,e2e,8192,1.0,1.3555,1.3600,442.007,325.0,0,3,16,1515,9501,64,4
2025-10-11T12:05:04,rock-ms7a95,NVIDIA GeForce RTX 3090,1152,e2e,8192,1.0,1.3617,1.3650,474.966,347.9,0,3,16,1500,9501,64,4
2025-10-11T12:05:06,rock-ms7a95,NVIDIA GeForce RTX 3090,1152,e2e,8192,1.0,1.3558,1.3590,474.250,349.0,0,3,16,1500,9501,64,4
2025-10-11T12:05:07,rock-ms7a95,NVIDIA GeForce RTX 3090,1152,e2e,8192,1.0,1.3610,1.3683,438.478,320.5,0,3,16,1485,9501,64,4
2025-10-11T12:05:10,rock-ms7a95,NVIDIA GeForce RTX 3090,1280,e2e,4096,1.0,1.0779,1.0814,337.563,312.1,0,3,16,1605,9501,64,4
2025-10-11T12:05:11,rock-ms7a95,NVIDIA GeForce RTX 3090,1280,e2e,4096,1.0,1.0790,1.0864,342.970,315.7,0,3,16,1605,9501,64,4
2025-10-11T12:05:13,rock-ms7a95,NVIDIA GeForce RTX 3090,1280,e2e,4096,1.0,1.0776,1.0810,375.680,347.5,0,3,16,1605,9501,64,4
2025-10-11T12:05:14,rock-ms7a95,NVIDIA GeForce RTX 3090,1280,e2e,4096,1.0,1.0780,1.0812,373.680,345.6,0,3,16,1605,9501,64,4
2025-10-11T12:05:15,rock-ms7a95,NVIDIA GeForce RTX 3090,1280,e2e,4096,1.0,1.0783,1.0816,372.354,344.3,0,3,16,1605,9501,64,4
2025-10-11T12:05:18,rock-ms7a95,NVIDIA GeForce RTX 3090,1408,e2e,4096,1.0,1.2613,1.2649,406.885,321.7,0,3,16,1485,9501,64,4
2025-10-11T12:05:20,rock-ms7a95,NVIDIA GeForce RTX 3090,1408,e2e,4096,1.0,1.2599,1.2632,438.663,347.3,0,3,16,1500,9501,64,4
2025-10-11T12:05:21,rock-ms7a95,NVIDIA GeForce RTX 3090,1408,e2e,4096,1.0,1.2585,1.2648,436.618,345.2,0,3,16,1515,9501,64,4
2025-10-11T12:05:22,rock-ms7a95,NVIDIA GeForce RTX 3090,1408,e2e,4096,1.0,1.2615,1.2647,407.772,322.4,0,3,16,1500,9501,64,4
2025-10-11T12:05:24,rock-ms7a95,NVIDIA GeForce RTX 3090,1408,e2e,4096,1.0,1.2614,1.2647,439.775,347.7,0,3,16,1500,9501,64,4
2025-10-11T12:05:28,rock-ms7a95,NVIDIA GeForce RTX 3090,1536,e2e,4096,1.0,1.4136,1.4171,472.869,333.7,0,3,16,1620,9501,64,4
2025-10-11T12:05:29,rock-ms7a95,NVIDIA GeForce RTX 3090,1536,e2e,4096,1.0,1.4096,1.4163,472.949,333.9,0,3,16,1635,9501,64,4
2025-10-11T12:05:31,rock-ms7a95,NVIDIA GeForce RTX 3090,1536,e2e,4096,1.0,1.4081,1.4114,475.546,336.9,0,3,16,1650,9501,64,4
2025-10-11T12:05:32,rock-ms7a95,NVIDIA GeForce RTX 3090,1536,e2e,4096,1.0,1.4113,1.4171,468.457,330.6,0,3,16,1620,9501,64,4
2025-10-11T12:05:33,rock-ms7a95,NVIDIA GeForce RTX 3090,1536,e2e,4096,1.0,1.4111,1.4189,470.234,331.4,0,3,16,1605,9501,64,4
2025-10-11T12:06:38,rock-ms7a95,NVIDIA GeForce RTX 3090,64,e2e,250000,1,1.1469,1.1531,184.334,159.9,0,3,16,1965,9501,48,0
2025-10-11T12:06:39,rock-ms7a95,NVIDIA GeForce RTX 3090,64,e2e,250000,1.0,1.1332,1.1361,202.297,178.1,0,3,16,1965,9501,48,0
2025-10-11T12:06:40,rock-ms7a95,NVIDIA GeForce RTX 3090,64,e2e,250000,1.0,1.1515,1.1571,185.739,160.5,0,3,16,1965,9501,48,0
2025-10-11T12:06:41,rock-ms7a95,NVIDIA GeForce RTX 3090,64,e2e,250000,1.0,1.1388,1.1417,203.551,178.3,0,3,16,1965,9501,49,0
2025-10-11T12:06:42,rock-ms7a95,NVIDIA GeForce RTX 3090,64,e2e,250000,1.0,1.1418,1.1446,186.025,162.5,0,3,16,1965,9501,49,0
2025-10-11T12:06:46,rock-ms7a95,NVIDIA GeForce RTX 3090,96,e2e,250000,1.0,1.1724,1.1755,211.522,179.9,0,3,16,1965,9501,51,0
2025-10-11T12:06:47,rock-ms7a95,NVIDIA GeForce RTX 3090,96,e2e,250000,1.0,1.1689,1.1717,212.864,181.7,0,3,16,1980,9501,51,36
2025-10-11T12:06:48,rock-ms7a95,NVIDIA GeForce RTX 3090,96,e2e,250000,1.0,1.1645,1.1681,195.721,167.6,0,3,16,1980,9501,51,0
2025-10-11T12:06:50,rock-ms7a95,NVIDIA GeForce RTX 3090,96,e2e,250000,1.0,1.1661,1.1691,197.420,168.9,0,3,16,1980,9501,52,0
2025-10-11T12:06:51,rock-ms7a95,NVIDIA GeForce RTX 3090,96,e2e,250000,1.0,1.1646,1.1674,213.999,183.3,0,3,16,1980,9501,52,0
2025-10-11T12:06:55,rock-ms7a95,NVIDIA GeForce RTX 3090,128,e2e,250000,1.0,1.2714,1.2766,255.493,200.1,0,3,16,1980,9501,54,0
2025-10-11T12:06:56,rock-ms7a95,NVIDIA GeForce RTX 3090,128,e2e,250000,1.0,1.2719,1.2746,254.287,199.5,0,3,16,1980,9501,54,0
2025-10-11T12:06:57,rock-ms7a95,NVIDIA GeForce RTX 3090,128,e2e,250000,1.0,1.2722,1.2769,234.690,183.8,0,3,16,1980,9501,54,0
2025-10-11T12:06:58,rock-ms7a95,NVIDIA GeForce RTX 3090,128,e2e,250000,1.0,1.2727,1.2782,251.357,196.6,0,3,16,1980,9501,54,0
2025-10-11T12:07:00,rock-ms7a95,NVIDIA GeForce RTX 3090,128,e2e,250000,1.0,1.2732,1.2797,251.287,196.4,0,3,16,1980,9501,54,0
2025-10-11T12:07:04,rock-ms7a95,NVIDIA GeForce RTX 3090,160,e2e,250000,1.0,1.3802,1.3832,301.993,218.3,0,3,16,1980,9501,55,0
2025-10-11T12:07:05,rock-ms7a95,NVIDIA GeForce RTX 3090,160,e2e,250000,1.0,1.3808,1.3861,301.289,217.4,0,3,16,1980,9501,55,0
2025-10-11T12:07:07,rock-ms7a95,NVIDIA GeForce RTX 3090,160,e2e,250000,1.0,1.3807,1.3847,304.185,219.7,0,3,16,1980,9501,55,0
2025-10-11T12:07:08,rock-ms7a95,NVIDIA GeForce RTX 3090,160,e2e,250000,1.0,1.3814,1.3843,302.252,218.4,0,3,16,1980,9501,55,0
2025-10-11T12:07:09,rock-ms7a95,NVIDIA GeForce RTX 3090,160,e2e,250000,1.0,1.3811,1.3858,301.442,217.5,0,3,16,1980,9501,55,0
2025-10-11T12:07:15,rock-ms7a95,NVIDIA GeForce RTX 3090,192,e2e,250000,1.0,1.8851,1.8891,509.724,269.8,0,3,16,1965,9501,56,0
2025-10-11T12:07:17,rock-ms7a95,NVIDIA GeForce RTX 3090,192,e2e,250000,1.0,1.8926,1.8954,506.037,267.0,0,3,16,1965,9501,56,0
2025-10-11T12:07:19,rock-ms7a95,NVIDIA GeForce RTX 3090,192,e2e,250000,1.0,1.8925,1.8954,507.042,267.5,0,3,16,1965,9501,56,0
2025-10-11T12:07:21,rock-ms7a95,NVIDIA GeForce RTX 3090,192,e2e,250000,1.0,1.8587,1.8615,520.079,279.4,0,3,16,1965,9501,56,0
2025-10-11T12:07:23,rock-ms7a95,NVIDIA GeForce RTX 3090,192,e2e,250000,1.0,1.8901,1.8929,507.912,268.3,0,3,16,1965,9501,57,0
2025-10-11T12:07:28,rock-ms7a95,NVIDIA GeForce RTX 3090,224,e2e,250000,1.0,1.6830,1.6860,465.712,276.2,0,3,16,1965,9501,58,0
2025-10-11T12:07:30,rock-ms7a95,NVIDIA GeForce RTX 3090,224,e2e,250000,1.0,1.6830,1.6858,470.229,278.9,0,3,16,1965,9501,58,0
2025-10-11T12:07:31,rock-ms7a95,NVIDIA GeForce RTX 3090,224,e2e,250000,1.0,1.6830,1.6890,468.503,277.4,0,3,16,1965,9501,58,0
2025-10-11T12:07:33,rock-ms7a95,NVIDIA GeForce RTX 3090,224,e2e,250000,1.0,1.6834,1.6862,470.621,279.1,0,3,16,1965,9501,58,0
2025-10-11T12:07:35,rock-ms7a95,NVIDIA GeForce RTX 3090,224,e2e,250000,1.0,1.6830,1.6857,469.199,278.3,0,3,16,1965,9501,58,0
2025-10-11T12:07:40,rock-ms7a95,NVIDIA GeForce RTX 3090,256,e2e,250000,1.0,1.8625,1.8655,578.026,309.8,0,3,16,1965,9501,60,0
2025-10-11T12:07:42,rock-ms7a95,NVIDIA GeForce RTX 3090,256,e2e,250000,1.0,1.8623,1.8669,582.518,312.0,0,3,16,1965,9501,60,0
2025-10-11T12:07:44,rock-ms7a95,NVIDIA GeForce RTX 3090,256,e2e,250000,1.0,1.8617,1.8650,612.701,328.5,0,3,16,1965,9501,60,4
2025-10-11T12:07:46,rock-ms7a95,NVIDIA GeForce RTX 3090,256,e2e,250000,1.0,1.8612,1.8641,578.983,310.6,0,3,16,1965,9501,61,4
2025-10-11T12:07:48,rock-ms7a95,NVIDIA GeForce RTX 3090,256,e2e,250000,1.0,1.8613,1.8655,583.794,312.9,0,3,16,1965,9501,61,0
2025-10-11T12:07:52,rock-ms7a95,NVIDIA GeForce RTX 3090,320,e2e,131072,1.0,1.3857,1.3933,470.994,338.0,0,3,16,1905,9501,61,4
2025-10-11T12:07:53,rock-ms7a95,NVIDIA GeForce RTX 3090,320,e2e,131072,1.0,1.3861,1.3901,471.519,339.2,0,3,16,1890,9501,61,4
2025-10-11T12:07:55,rock-ms7a95,NVIDIA GeForce RTX 3090,320,e2e,131072,1.0,1.3833,1.3861,469.461,338.7,0,3,16,1905,9501,61,4
2025-10-11T12:07:56,rock-ms7a95,NVIDIA GeForce RTX 3090,320,e2e,131072,1.0,1.3860,1.3889,470.941,339.1,0,3,16,1905,9501,61,4
2025-10-11T12:07:57,rock-ms7a95,NVIDIA GeForce RTX 3090,320,e2e,131072,1.0,1.3851,1.3880,469.053,337.9,0,3,16,1905,9501,62,4
2025-10-11T12:08:02,rock-ms7a95,NVIDIA GeForce RTX 3090,384,e2e,131072,1.0,1.6308,1.6343,545.453,333.8,0,3,16,1830,9501,62,4
2025-10-11T12:08:04,rock-ms7a95,NVIDIA GeForce RTX 3090,384,e2e,131072,1.0,1.6317,1.6390,580.093,353.9,0,3,16,1815,9501,62,4
2025-10-11T12:08:06,rock-ms7a95,NVIDIA GeForce RTX 3090,384,e2e,131072,1.0,1.6284,1.6324,546.486,334.8,0,3,16,1830,9501,62,4
2025-10-11T12:08:07,rock-ms7a95,NVIDIA GeForce RTX 3090,384,e2e,131072,1.0,1.6311,1.6367,540.494,330.2,0,3,16,1815,9501,62,4
2025-10-11T12:08:09,rock-ms7a95,NVIDIA GeForce RTX 3090,384,e2e,131072,1.0,1.6314,1.6353,548.262,335.3,0,3,16,1815,9501,62,4
2025-10-11T12:08:13,rock-ms7a95,NVIDIA GeForce RTX 3090,448,e2e,65536,1.0,1.2774,1.2816,438.772,342.4,0,3,16,1740,9501,62,4
2025-10-11T12:08:14,rock-ms7a95,NVIDIA GeForce RTX 3090,448,e2e,65536,1.0,1.2776,1.2806,437.264,341.4,0,3,16,1755,9501,62,4
2025-10-11T12:08:15,rock-ms7a95,NVIDIA GeForce RTX 3090,448,e2e,65536,1.0,1.2774,1.2803,402.401,314.3,0,3,16,1740,9501,62,4
2025-10-11T12:08:17,rock-ms7a95,NVIDIA GeForce RTX 3090,448,e2e,65536,1.0,1.2776,1.2805,436.215,340.6,0,3,16,1755,9501,62,4
2025-10-11T12:08:18,rock-ms7a95,NVIDIA GeForce RTX 3090,448,e2e,65536,1.0,1.2778,1.2807,434.726,339.4,0,3,16,1740,9501,62,4
2025-10-11T12:08:23,rock-ms7a95,NVIDIA GeForce RTX 3090,512,e2e,65536,1.0,1.6398,1.6430,573.907,349.3,0,3,16,1755,9501,62,4
2025-10-11T12:08:24,rock-ms7a95,NVIDIA GeForce RTX 3090,512,e2e,65536,1.0,1.6408,1.6462,534.565,324.7,0,3,16,1740,9501,62,4
2025-10-11T12:08:26,rock-ms7a95,NVIDIA GeForce RTX 3090,512,e2e,65536,1.0,1.6422,1.6453,574.392,349.1,0,3,16,1725,9501,62,4
2025-10-11T12:08:28,rock-ms7a95,NVIDIA GeForce RTX 3090,512,e2e,65536,1.0,1.6395,1.6425,539.191,328.3,0,3,16,1755,9501,63,4
2025-10-11T12:08:29,rock-ms7a95,NVIDIA GeForce RTX 3090,512,e2e,65536,1.0,1.6440,1.6508,568.905,344.6,0,3,16,1725,9501,63,4
2025-10-11T12:08:34,rock-ms7a95,NVIDIA GeForce RTX 3090,640,e2e,32768,1.0,1.4422,1.4456,470.025,325.2,0,3,16,1650,9501,63,4
2025-10-11T12:08:35,rock-ms7a95,NVIDIA GeForce RTX 3090,640,e2e,32768,1.0,1.4339,1.4443,506.300,350.6,0,3,16,1695,9501,63,4
2025-10-11T12:08:36,rock-ms7a95,NVIDIA GeForce RTX 3090,640,e2e,32768,1.0,1.4387,1.4420,474.245,328.9,0,3,16,1680,9501,63,4
2025-10-11T12:08:38,rock-ms7a95,NVIDIA GeForce RTX 3090,640,e2e,32768,1.0,1.4397,1.4435,505.145,349.9,0,3,16,1650,9501,63,4
2025-10-11T12:08:39,rock-ms7a95,NVIDIA GeForce RTX 3090,640,e2e,32768,1.0,1.4364,1.4395,473.275,328.8,0,3,16,1680,9501,63,4
2025-10-11T12:08:45,rock-ms7a95,NVIDIA GeForce RTX 3090,768,e2e,32768,1.0,1.9912,1.9947,682.184,342.0,0,3,16,1620,9501,63,4
2025-10-11T12:08:47,rock-ms7a95,NVIDIA GeForce RTX 3090,768,e2e,32768,1.0,1.9914,1.9964,675.021,338.1,0,3,16,1620,9501,63,4
2025-10-11T12:08:49,rock-ms7a95,NVIDIA GeForce RTX 3090,768,e2e,32768,1.0,1.9889,1.9962,676.185,338.7,0,3,16,1620,9501,63,4
2025-10-11T12:08:51,rock-ms7a95,NVIDIA GeForce RTX 3090,768,e2e,32768,1.0,1.9902,1.9935,677.433,339.8,0,3,16,1635,9501,63,4
2025-10-11T12:08:53,rock-ms7a95,NVIDIA GeForce RTX 3090,768,e2e,32768,1.0,1.9898,1.9940,679.859,341.0,0,3,16,1635,9501,63,4
2025-10-11T12:08:58,rock-ms7a95,NVIDIA GeForce RTX 3090,896,e2e,16384,1.0,1.6059,1.6093,549.569,341.5,0,3,16,1635,9501,63,4
2025-10-11T12:09:00,rock-ms7a95,NVIDIA GeForce RTX 3090,896,e2e,16384,1.0,1.6112,1.6197,547.865,338.3,0,3,16,1620,9501,63,4
2025-10-11T12:09:01,rock-ms7a95,NVIDIA GeForce RTX 3090,896,e2e,16384,1.0,1.6063,1.6129,544.706,337.7,0,3,16,1650,9501,63,4
2025-10-11T12:09:03,rock-ms7a95,NVIDIA GeForce RTX 3090,896,e2e,16384,1.0,1.6119,1.6152,543.742,336.6,0,3,16,1620,9501,63,4
2025-10-11T12:09:04,rock-ms7a95,NVIDIA GeForce RTX 3090,896,e2e,16384,1.0,1.6079,1.6112,548.130,340.2,0,3,16,1635,9501,63,4
2025-10-11T12:09:08,rock-ms7a95,NVIDIA GeForce RTX 3090,1024,e2e,8192,1.0,1.1157,1.1197,369.135,329.7,0,3,16,1620,9501,64,4
2025-10-11T12:09:09,rock-ms7a95,NVIDIA GeForce RTX 3090,1024,e2e,8192,1.0,1.1146,1.1178,368.594,329.8,0,3,16,1605,9501,64,4
2025-10-11T12:09:10,rock-ms7a95,NVIDIA GeForce RTX 3090,1024,e2e,8192,1.0,1.1146,1.1178,403.456,360.9,0,3,16,1620,9501,64,4
2025-10-11T12:09:11,rock-ms7a95,NVIDIA GeForce RTX 3090,1024,e2e,8192,1.0,1.1136,1.1168,369.552,330.9,0,3,16,1635,9501,64,4
2025-10-11T12:09:12,rock-ms7a95,NVIDIA GeForce RTX 3090,1024,e2e,8192,1.0,1.1144,1.1176,369.805,330.9,0,3,16,1635,9501,64,4
2025-10-11T12:09:16,rock-ms7a95,NVIDIA GeForce RTX 3090,1152,e2e,8192,1.0,1.3571,1.3606,438.873,322.6,0,3,16,1485,9501,63,4
2025-10-11T12:09:18,rock-ms7a95,NVIDIA GeForce RTX 3090,1152,e2e,8192,1.0,1.3524,1.3566,473.880,349.3,0,3,16,1515,9501,64,4
2025-10-11T12:09:19,rock-ms7a95,NVIDIA GeForce RTX 3090,1152,e2e,8192,1.0,1.3541,1.3574,439.811,324.0,0,3,16,1500,9501,64,4
2025-10-11T12:09:20,rock-ms7a95,NVIDIA GeForce RTX 3090,1152,e2e,8192,1.0,1.3572,1.3605,472.659,347.4,0,3,16,1485,9501,64,4
2025-10-11T12:09:22,rock-ms7a95,NVIDIA GeForce RTX 3090,1152,e2e,8192,1.0,1.3529,1.3562,473.426,349.1,0,3,16,1515,9501,63,4
2025-10-11T12:09:25,rock-ms7a95,NVIDIA GeForce RTX 3090,1280,e2e,4096,1.0,1.0757,1.0842,374.733,345.6,0,3,16,1605,9501,64,4
2025-10-11T12:09:26,rock-ms7a95,NVIDIA GeForce RTX 3090,1280,e2e,4096,1.0,1.0761,1.0807,373.388,345.5,0,3,16,1605,9501,64,4
2025-10-11T12:09:27,rock-ms7a95,NVIDIA GeForce RTX 3090,1280,e2e,4096,1.0,1.0763,1.0796,339.086,314.1,0,3,16,1590,9501,64,4
2025-10-11T12:09:28,rock-ms7a95,NVIDIA GeForce RTX 3090,1280,e2e,4096,1.0,1.0764,1.0796,373.354,345.8,0,3,16,1575,9501,64,4
2025-10-11T12:09:29,rock-ms7a95,NVIDIA GeForce RTX 3090,1280,e2e,4096,1.0,1.0758,1.0793,371.971,344.6,0,3,16,1590,9501,64,4
2025-10-11T12:09:33,rock-ms7a95,NVIDIA GeForce RTX 3090,1408,e2e,4096,1.0,1.2583,1.2627,407.114,322.4,0,3,16,1515,9501,64,4
2025-10-11T12:09:34,rock-ms7a95,NVIDIA GeForce RTX 3090,1408,e2e,4096,1.0,1.2583,1.2616,439.781,348.6,0,3,16,1500,9501,64,4
2025-10-11T12:09:35,rock-ms7a95,NVIDIA GeForce RTX 3090,1408,e2e,4096,1.0,1.2575,1.2608,438.977,348.2,0,3,16,1500,9501,64,4
2025-10-11T12:09:37,rock-ms7a95,NVIDIA GeForce RTX 3090,1408,e2e,4096,1.0,1.2559,1.2592,404.019,320.9,0,3,16,1515,9501,64,4
2025-10-11T12:09:38,rock-ms7a95,NVIDIA GeForce RTX 3090,1408,e2e,4096,1.0,1.2557,1.2638,439.239,347.5,0,3,16,1515,9501,64,4
2025-10-11T12:09:42,rock-ms7a95,NVIDIA GeForce RTX 3090,1536,e2e,4096,1.0,1.4121,1.4159,471.754,333.2,0,3,16,1620,9501,64,4
2025-10-11T12:09:44,rock-ms7a95,NVIDIA GeForce RTX 3090,1536,e2e,4096,1.0,1.4082,1.4134,473.978,335.3,0,3,16,1635,9501,64,4
2025-10-11T12:09:45,rock-ms7a95,NVIDIA GeForce RTX 3090,1536,e2e,4096,1.0,1.4095,1.4128,475.751,336.7,0,3,16,1620,9501,64,4
2025-10-11T12:09:46,rock-ms7a95,NVIDIA GeForce RTX 3090,1536,e2e,4096,1.0,1.4103,1.4165,467.854,330.3,0,3,16,1620,9501,64,4
2025-10-11T12:09:48,rock-ms7a95,NVIDIA GeForce RTX 3090,1536,e2e,4096,1.0,1.4075,1.4153,472.037,333.5,0,3,16,1635,9501,64,4
2025-10-11T12:10:52,rock-ms7a95,NVIDIA GeForce RTX 3090,64,e2e,250000,1,1.1693,1.1746,202.414,172.3,0,3,16,1965,9501,48,0
2025-10-11T12:10:53,rock-ms7a95,NVIDIA GeForce RTX 3090,64,e2e,250000,1.0,1.1428,1.1487,183.540,159.8,0,3,16,1965,9501,48,0
2025-10-11T12:10:55,rock-ms7a95,NVIDIA GeForce RTX 3090,64,e2e,250000,1.0,1.1550,1.1580,202.516,174.9,0,3,16,1965,9501,48,0
2025-10-11T12:10:56,rock-ms7a95,NVIDIA GeForce RTX 3090,64,e2e,250000,1.0,1.1394,1.1422,185.848,162.7,0,3,16,1965,9501,49,0
2025-10-11T12:10:57,rock-ms7a95,NVIDIA GeForce RTX 3090,64,e2e,250000,1.0,1.1443,1.1494,202.121,175.8,0,3,16,1965,9501,49,0
2025-10-11T12:11:00,rock-ms7a95,NVIDIA GeForce RTX 3090,96,e2e,250000,1.0,1.1597,1.1627,213.045,183.2,0,3,16,1980,9501,51,0
2025-10-11T12:11:02,rock-ms7a95,NVIDIA GeForce RTX 3090,96,e2e,250000,1.0,1.1603,1.1631,194.639,167.3,0,3,16,1980,9501,51,0
2025-10-11T12:11:03,rock-ms7a95,NVIDIA GeForce RTX 3090,96,e2e,250000,1.0,1.1620,1.1666,211.963,181.7,0,3,16,1980,9501,51,0
2025-10-11T12:11:04,rock-ms7a95,NVIDIA GeForce RTX 3090,96,e2e,250000,1.0,1.1658,1.1687,214.203,183.3,0,3,16,1980,9501,52,0
2025-10-11T12:11:05,rock-ms7a95,NVIDIA GeForce RTX 3090,96,e2e,250000,1.0,1.1593,1.1620,194.765,167.6,0,3,16,1980,9501,52,0
2025-10-11T12:11:09,rock-ms7a95,NVIDIA GeForce RTX 3090,128,e2e,250000,1.0,1.2616,1.2647,254.395,201.2,0,3,16,1980,9501,54,0
2025-10-11T12:11:10,rock-ms7a95,NVIDIA GeForce RTX 3090,128,e2e,250000,1.0,1.2615,1.2679,251.606,198.4,0,3,16,1980,9501,54,0
2025-10-11T12:11:11,rock-ms7a95,NVIDIA GeForce RTX 3090,128,e2e,250000,1.0,1.2614,1.2643,234.241,185.3,0,3,16,1980,9501,54,0
2025-10-11T12:11:13,rock-ms7a95,NVIDIA GeForce RTX 3090,128,e2e,250000,1.0,1.2615,1.2643,252.983,200.1,0,3,16,1980,9501,54,0
2025-10-11T12:11:14,rock-ms7a95,NVIDIA GeForce RTX 3090,128,e2e,250000,1.0,1.2615,1.2656,251.900,199.0,0,3,16,1980,9501,54,0
2025-10-11T12:11:18,rock-ms7a95,NVIDIA GeForce RTX 3090,160,e2e,250000,1.0,1.3673,1.3724,280.869,204.6,0,3,16,1980,9501,55,0
2025-10-11T12:11:20,rock-ms7a95,NVIDIA GeForce RTX 3090,160,e2e,250000,1.0,1.3675,1.3703,304.284,222.1,0,3,16,1980,9501,55,0
2025-10-11T12:11:21,rock-ms7a95,NVIDIA GeForce RTX 3090,160,e2e,250000,1.0,1.3675,1.3703,301.909,220.3,0,3,16,1980,9501,55,0
2025-10-11T12:11:22,rock-ms7a95,NVIDIA GeForce RTX 3090,160,e2e,250000,1.0,1.3675,1.3741,303.436,220.8,0,3,16,1980,9501,55,0
2025-10-11T12:11:24,rock-ms7a95,NVIDIA GeForce RTX 3090,160,e2e,250000,1.0,1.3673,1.3701,282.049,205.9,0,3,16,1980,9501,55,0
2025-10-11T12:11:27,rock-ms7a95,NVIDIA GeForce RTX 3090,192,e2e,131072,1.0,1.0208,1.0240,253.347,247.4,0,3,16,1965,9501,56,0
2025-10-11T12:11:28,rock-ms7a95,NVIDIA GeForce RTX 3090,192,e2e,131072,1.0,1.0169,1.0198,253.053,248.1,0,3,16,1965,9501,56,0
2025-10-11T12:11:29,rock-ms7a95,NVIDIA GeForce RTX 3090,192,e2e,131072,1.0,1.0133,1.0162,253.488,249.4,0,3,16,1965,9501,56,0
2025-10-11T12:11:30,rock-ms7a95,NVIDIA GeForce RTX 3090,192,e2e,131072,1.0,1.0165,1.0194,253.068,248.3,0,3,16,1965,9501,56,0
2025-10-11T12:11:31,rock-ms7a95,NVIDIA GeForce RTX 3090,192,e2e,131072,1.0,1.0214,1.0269,277.854,270.6,0,3,16,1965,9501,56,0
2025-10-11T12:11:36,rock-ms7a95,NVIDIA GeForce RTX 3090,224,e2e,250000,1.0,1.6610,1.6641,439.866,264.3,0,3,16,1965,9501,58,0
2025-10-11T12:11:38,rock-ms7a95,NVIDIA GeForce RTX 3090,224,e2e,250000,1.0,1.6611,1.6646,443.319,266.3,0,3,16,1965,9501,58,0
2025-10-11T12:11:39,rock-ms7a95,NVIDIA GeForce RTX 3090,224,e2e,250000,1.0,1.6614,1.6649,467.087,280.5,0,3,16,1965,9501,58,0
2025-10-11T12:11:41,rock-ms7a95,NVIDIA GeForce RTX 3090,224,e2e,250000,1.0,1.6612,1.6642,437.993,263.2,0,3,16,1965,9501,58,0
2025-10-11T12:11:43,rock-ms7a95,NVIDIA GeForce RTX 3090,224,e2e,250000,1.0,1.6610,1.6650,444.157,266.8,0,3,16,1965,9501,58,0
2025-10-11T12:11:48,rock-ms7a95,NVIDIA GeForce RTX 3090,256,e2e,250000,1.0,1.8449,1.8481,581.969,314.9,0,3,16,1965,9501,60,0
2025-10-11T12:11:50,rock-ms7a95,NVIDIA GeForce RTX 3090,256,e2e,250000,1.0,1.8447,1.8476,613.380,332.0,0,3,16,1965,9501,60,0
2025-10-11T12:11:52,rock-ms7a95,NVIDIA GeForce RTX 3090,256,e2e,250000,1.0,1.8442,1.8471,583.998,316.2,0,3,16,1965,9501,60,0
2025-10-11T12:11:54,rock-ms7a95,NVIDIA GeForce RTX 3090,256,e2e,250000,1.0,1.8439,1.8478,615.015,332.8,0,3,16,1965,9501,60,0
2025-10-11T12:11:56,rock-ms7a95,NVIDIA GeForce RTX 3090,256,e2e,250000,1.0,1.8498,1.8526,617.918,333.5,0,3,16,1950,9501,60,0
2025-10-11T12:12:00,rock-ms7a95,NVIDIA GeForce RTX 3090,320,e2e,131072,1.0,1.3805,1.3836,472.964,341.8,0,3,16,1905,9501,61,4
2025-10-11T12:12:01,rock-ms7a95,NVIDIA GeForce RTX 3090,320,e2e,131072,1.0,1.3822,1.3849,470.490,339.7,0,3,16,1920,9501,61,4
2025-10-11T12:12:02,rock-ms7a95,NVIDIA GeForce RTX 3090,320,e2e,131072,1.0,1.3825,1.3888,439.241,316.3,0,3,16,1905,9501,61,4
2025-10-11T12:12:04,rock-ms7a95,NVIDIA GeForce RTX 3090,320,e2e,131072,1.0,1.3818,1.3846,471.608,340.6,0,3,16,1920,9501,61,4
2025-10-11T12:12:05,rock-ms7a95,NVIDIA GeForce RTX 3090,320,e2e,131072,1.0,1.3810,1.3881,469.467,338.2,0,3,16,1905,9501,61,4
2025-10-11T12:12:10,rock-ms7a95,NVIDIA GeForce RTX 3090,384,e2e,131072,1.0,1.6256,1.6289,547.533,336.1,0,3,16,1830,9501,62,4
2025-10-11T12:12:12,rock-ms7a95,NVIDIA GeForce RTX 3090,384,e2e,131072,1.0,1.6293,1.6332,575.321,352.3,0,3,16,1815,9501,62,4
2025-10-11T12:12:13,rock-ms7a95,NVIDIA GeForce RTX 3090,384,e2e,131072,1.0,1.6265,1.6315,546.261,334.8,0,3,16,1815,9501,62,4
2025-10-11T12:12:15,rock-ms7a95,NVIDIA GeForce RTX 3090,384,e2e,131072,1.0,1.6288,1.6321,577.701,354.0,0,3,16,1815,9501,62,4
2025-10-11T12:12:17,rock-ms7a95,NVIDIA GeForce RTX 3090,384,e2e,131072,1.0,1.6256,1.6320,548.615,336.2,0,3,16,1830,9501,63,4
2025-10-11T12:12:20,rock-ms7a95,NVIDIA GeForce RTX 3090,448,e2e,65536,1.0,1.2735,1.2783,439.848,344.1,0,3,16,1755,9501,62,4
2025-10-11T12:12:22,rock-ms7a95,NVIDIA GeForce RTX 3090,448,e2e,65536,1.0,1.2733,1.2780,433.278,339.0,0,3,16,1755,9501,62,4
2025-10-11T12:12:23,rock-ms7a95,NVIDIA GeForce RTX 3090,448,e2e,65536,1.0,1.2744,1.2838,404.837,315.3,0,3,16,1740,9501,62,4
2025-10-11T12:12:24,rock-ms7a95,NVIDIA GeForce RTX 3090,448,e2e,65536,1.0,1.2742,1.2773,438.794,343.5,0,3,16,1740,9501,62,4
2025-10-11T12:12:26,rock-ms7a95,NVIDIA GeForce RTX 3090,448,e2e,65536,1.0,1.2752,1.2791,438.014,342.4,0,3,16,1740,9501,62,4
2025-10-11T12:12:30,rock-ms7a95,NVIDIA GeForce RTX 3090,512,e2e,65536,1.0,1.6347,1.6440,577.634,351.4,0,3,16,1755,9501,62,4
2025-10-11T12:12:32,rock-ms7a95,NVIDIA GeForce RTX 3090,512,e2e,65536,1.0,1.6399,1.6430,539.112,328.1,0,3,16,1725,9501,62,4
2025-10-11T12:12:34,rock-ms7a95,NVIDIA GeForce RTX 3090,512,e2e,65536,1.0,1.6356,1.6386,575.763,351.4,0,3,16,1755,9501,62,4
2025-10-11T12:12:35,rock-ms7a95,NVIDIA GeForce RTX 3090,512,e2e,65536,1.0,1.6413,1.6443,537.034,326.6,0,3,16,1725,9501,63,4
2025-10-11T12:12:37,rock-ms7a95,NVIDIA GeForce RTX 3090,512,e2e,65536,1.0,1.6353,1.6449,572.291,347.9,0,3,16,1755,9501,63,4
2025-10-11T12:12:41,rock-ms7a95,NVIDIA GeForce RTX 3090,640,e2e,32768,1.0,1.4346,1.4389,475.845,330.7,0,3,16,1680,9501,63,4
2025-10-11T12:12:43,rock-ms7a95,NVIDIA GeForce RTX 3090,640,e2e,32768,1.0,1.4402,1.4433,471.976,327.0,0,3,16,1665,9501,63,4
2025-10-11T12:12:44,rock-ms7a95,NVIDIA GeForce RTX 3090,640,e2e,32768,1.0,1.4355,1.4387,507.486,352.7,0,3,16,1665,9501,63,4
2025-10-11T12:12:46,rock-ms7a95,NVIDIA GeForce RTX 3090,640,e2e,32768,1.0,1.4363,1.4395,473.646,329.0,0,3,16,1680,9501,63,4
2025-10-11T12:12:47,rock-ms7a95,NVIDIA GeForce RTX 3090,640,e2e,32768,1.0,1.4392,1.4424,503.579,349.1,0,3,16,1665,9501,63,4
2025-10-11T12:12:53,rock-ms7a95,NVIDIA GeForce RTX 3090,768,e2e,32768,1.0,1.9908,1.9982,680.014,340.3,0,3,16,1635,9501,63,4
2025-10-11T12:12:55,rock-ms7a95,NVIDIA GeForce RTX 3090,768,e2e,32768,1.0,1.9915,1.9973,678.043,339.5,0,3,16,1650,9501,63,4
2025-10-11T12:12:57,rock-ms7a95,NVIDIA GeForce RTX 3090,768,e2e,32768,1.0,1.9907,1.9975,678.497,339.7,0,3,16,1650,9501,63,4
2025-10-11T12:12:59,rock-ms7a95,NVIDIA GeForce RTX 3090,768,e2e,32768,1.0,1.9901,1.9984,679.032,339.8,0,3,16,1635,9501,63,4
2025-10-11T12:13:01,rock-ms7a95,NVIDIA GeForce RTX 3090,768,e2e,32768,1.0,1.9905,1.9974,678.310,339.6,0,3,16,1635,9501,63,4
2025-10-11T12:13:06,rock-ms7a95,NVIDIA GeForce RTX 3090,896,e2e,16384,1.0,1.6026,1.6075,550.164,342.2,0,3,16,1650,9501,63,4
2025-10-11T12:13:07,rock-ms7a95,NVIDIA GeForce RTX 3090,896,e2e,16384,1.0,1.6095,1.6135,542.452,336.2,0,3,16,1620,9501,63,4
2025-10-11T12:13:09,rock-ms7a95,NVIDIA GeForce RTX 3090,896,e2e,16384,1.0,1.6035,1.6071,550.011,342.2,0,3,16,1620,9501,63,4
2025-10-11T12:13:10,rock-ms7a95,NVIDIA GeForce RTX 3090,896,e2e,16384,1.0,1.6095,1.6127,547.230,339.3,0,3,16,1635,9501,63,4
2025-10-11T12:13:12,rock-ms7a95,NVIDIA GeForce RTX 3090,896,e2e,16384,1.0,1.6044,1.6108,547.241,339.7,0,3,16,1650,9501,63,4
2025-10-11T12:13:15,rock-ms7a95,NVIDIA GeForce RTX 3090,1024,e2e,8192,1.0,1.1128,1.1163,369.036,330.6,0,3,16,1620,9501,63,4
2025-10-11T12:13:16,rock-ms7a95,NVIDIA GeForce RTX 3090,1024,e2e,8192,1.0,1.1120,1.1153,369.681,331.5,0,3,16,1620,9501,63,4
2025-10-11T12:13:18,rock-ms7a95,NVIDIA GeForce RTX 3090,1024,e2e,8192,1.0,1.1113,1.1155,370.174,331.8,0,3,16,1620,9501,63,4
2025-10-11T12:13:19,rock-ms7a95,NVIDIA GeForce RTX 3090,1024,e2e,8192,1.0,1.1110,1.1177,370.929,331.9,0,3,16,1620,9501,63,4
2025-10-11T12:13:20,rock-ms7a95,NVIDIA GeForce RTX 3090,1024,e2e,8192,1.0,1.1117,1.1184,406.484,363.5,0,3,16,1635,9501,64,4
2025-10-11T12:13:24,rock-ms7a95,NVIDIA GeForce RTX 3090,1152,e2e,8192,1.0,1.3560,1.3596,469.864,345.6,0,3,16,1500,9501,63,4
2025-10-11T12:13:25,rock-ms7a95,NVIDIA GeForce RTX 3090,1152,e2e,8192,1.0,1.3505,1.3537,438.447,323.9,0,3,16,1500,9501,63,4
2025-10-11T12:13:27,rock-ms7a95,NVIDIA GeForce RTX 3090,1152,e2e,8192,1.0,1.3530,1.3568,473.417,348.9,0,3,16,1515,9501,64,4
2025-10-11T12:13:28,rock-ms7a95,NVIDIA GeForce RTX 3090,1152,e2e,8192,1.0,1.3557,1.3594,437.581,321.9,0,3,16,1485,9501,63,4
2025-10-11T12:13:29,rock-ms7a95,NVIDIA GeForce RTX 3090,1152,e2e,8192,1.0,1.3521,1.3553,472.819,348.9,0,3,16,1455,9501,64,4
2025-10-11T12:13:32,rock-ms7a95,NVIDIA GeForce RTX 3090,1280,e2e,4096,1.0,1.0754,1.0789,370.970,343.8,0,3,16,1605,9501,64,4
2025-10-11T12:13:34,rock-ms7a95,NVIDIA GeForce RTX 3090,1280,e2e,4096,1.0,1.0733,1.0766,371.978,345.5,0,3,16,1605,9501,64,4
2025-10-11T12:13:35,rock-ms7a95,NVIDIA GeForce RTX 3090,1280,e2e,4096,1.0,1.0740,1.0773,371.438,344.8,0,3,16,1605,9501,64,4
2025-10-11T12:13:36,rock-ms7a95,NVIDIA GeForce RTX 3090,1280,e2e,4096,1.0,1.0737,1.0769,338.161,314.0,0,3,16,1605,9501,64,4
2025-10-11T12:13:37,rock-ms7a95,NVIDIA GeForce RTX 3090,1280,e2e,4096,1.0,1.0738,1.0771,372.531,345.9,0,3,16,1605,9501,64,4
2025-10-11T12:13:41,rock-ms7a95,NVIDIA GeForce RTX 3090,1408,e2e,4096,1.0,1.2564,1.2610,442.810,351.2,0,3,16,1515,9501,64,4
2025-10-11T12:13:42,rock-ms7a95,NVIDIA GeForce RTX 3090,1408,e2e,4096,1.0,1.2559,1.2592,406.437,322.8,0,3,16,1530,9501,64,4
2025-10-11T12:13:43,rock-ms7a95,NVIDIA GeForce RTX 3090,1408,e2e,4096,1.0,1.2555,1.2587,440.610,350.0,0,3,16,1500,9501,64,4
2025-10-11T12:13:44,rock-ms7a95,NVIDIA GeForce RTX 3090,1408,e2e,4096,1.0,1.2562,1.2595,406.459,322.7,0,3,16,1500,9501,64,4
2025-10-11T12:13:46,rock-ms7a95,NVIDIA GeForce RTX 3090,1408,e2e,4096,1.0,1.2552,1.2585,441.330,350.7,0,3,16,1515,9501,64,4
2025-10-11T12:13:50,rock-ms7a95,NVIDIA GeForce RTX 3090,1536,e2e,4096,1.0,1.4104,1.4146,468.628,331.3,0,3,16,1620,9501,64,4
2025-10-11T12:13:51,rock-ms7a95,NVIDIA GeForce RTX 3090,1536,e2e,4096,1.0,1.4050,1.4123,472.911,334.9,0,3,16,1635,9501,64,4
2025-10-11T12:13:53,rock-ms7a95,NVIDIA GeForce RTX 3090,1536,e2e,4096,1.0,1.4062,1.4095,474.670,336.8,0,3,16,1635,9501,64,4
2025-10-11T12:13:54,rock-ms7a95,NVIDIA GeForce RTX 3090,1536,e2e,4096,1.0,1.4093,1.4131,468.007,331.2,0,3,16,1620,9501,64,4
2025-10-11T12:13:55,rock-ms7a95,NVIDIA GeForce RTX 3090,1536,e2e,4096,1.0,1.4068,1.4108,472.388,334.8,0,3,16,1650,9501,64,4
2025-10-11T12:15:00,rock-ms7a95,NVIDIA GeForce RTX 3090,64,e2e,250000,1,1.1337,1.1385,184.599,162.1,0,3,16,1965,9501,48,0
2025-10-11T12:15:01,rock-ms7a95,NVIDIA GeForce RTX 3090,64,e2e,250000,1.0,1.1336,1.1365,201.894,177.7,0,3,16,1965,9501,48,0
2025-10-11T12:15:02,rock-ms7a95,NVIDIA GeForce RTX 3090,64,e2e,250000,1.0,1.1397,1.1424,185.136,162.1,0,3,16,1965,9501,48,0
2025-10-11T12:15:03,rock-ms7a95,NVIDIA GeForce RTX 3090,64,e2e,250000,1.0,1.1434,1.1461,201.841,176.1,0,3,16,1965,9501,49,0
2025-10-11T12:15:04,rock-ms7a95,NVIDIA GeForce RTX 3090,64,e2e,250000,1.0,1.1382,1.1433,186.372,163.0,0,3,16,1965,9501,49,0
2025-10-11T12:15:08,rock-ms7a95,NVIDIA GeForce RTX 3090,96,e2e,250000,1.0,1.1703,1.1734,210.978,179.8,0,3,16,1950,9501,51,0
2025-10-11T12:15:09,rock-ms7a95,NVIDIA GeForce RTX 3090,96,e2e,250000,1.0,1.1763,1.1791,194.682,165.1,0,3,16,1950,9501,51,0
2025-10-11T12:15:10,rock-ms7a95,NVIDIA GeForce RTX 3090,96,e2e,250000,1.0,1.1785,1.1814,212.369,179.8,0,3,16,1950,9501,51,0
2025-10-11T12:15:11,rock-ms7a95,NVIDIA GeForce RTX 3090,96,e2e,250000,1.0,1.1713,1.1743,211.988,180.5,0,3,16,1950,9501,52,0
2025-10-11T12:15:13,rock-ms7a95,NVIDIA GeForce RTX 3090,96,e2e,250000,1.0,1.1705,1.1767,213.654,181.6,0,3,16,1950,9501,52,0
2025-10-11T12:15:17,rock-ms7a95,NVIDIA GeForce RTX 3090,128,e2e,250000,1.0,1.2744,1.2775,253.002,198.0,0,3,16,1950,9501,54,0
2025-10-11T12:15:18,rock-ms7a95,NVIDIA GeForce RTX 3090,128,e2e,250000,1.0,1.2739,1.2771,231.585,181.3,0,3,16,1950,9501,54,0
2025-10-11T12:15:19,rock-ms7a95,NVIDIA GeForce RTX 3090,128,e2e,250000,1.0,1.2717,1.2746,251.408,197.2,0,3,16,1950,9501,54,0
2025-10-11T12:15:20,rock-ms7a95,NVIDIA GeForce RTX 3090,128,e2e,250000,1.0,1.2715,1.2743,252.176,197.9,0,3,16,1950,9501,54,0
2025-10-11T12:15:22,rock-ms7a95,NVIDIA GeForce RTX 3090,128,e2e,250000,1.0,1.2719,1.2773,253.218,198.2,0,3,16,1950,9501,54,0
2025-10-11T12:15:26,rock-ms7a95,NVIDIA GeForce RTX 3090,160,e2e,250000,1.0,1.4026,1.4057,301.310,214.3,0,3,16,1950,9501,55,0
2025-10-11T12:15:27,rock-ms7a95,NVIDIA GeForce RTX 3090,160,e2e,250000,1.0,1.4024,1.4053,300.304,213.7,0,3,16,1950,9501,55,0
2025-10-11T12:15:29,rock-ms7a95,NVIDIA GeForce RTX 3090,160,e2e,250000,1.0,1.4025,1.4053,298.637,212.5,0,3,16,1950,9501,55,0
2025-10-11T12:15:30,rock-ms7a95,NVIDIA GeForce RTX 3090,160,e2e,250000,1.0,1.4028,1.4057,301.042,214.2,0,3,16,1950,9501,55,0
2025-10-11T12:15:32,rock-ms7a95,NVIDIA GeForce RTX 3090,160,e2e,250000,1.0,1.4027,1.4056,299.248,212.9,0,3,16,1950,9501,55,0
2025-10-11T12:15:37,rock-ms7a95,NVIDIA GeForce RTX 3090,192,e2e,250000,1.0,1.8730,1.8777,509.746,271.5,0,3,16,1965,9501,56,0
2025-10-11T12:15:39,rock-ms7a95,NVIDIA GeForce RTX 3090,192,e2e,250000,1.0,1.8778,1.8826,503.123,267.2,0,3,16,1965,9501,56,0
2025-10-11T12:15:41,rock-ms7a95,NVIDIA GeForce RTX 3090,192,e2e,250000,1.0,1.8943,1.8982,501.546,264.2,0,3,16,1965,9501,56,0
2025-10-11T12:15:43,rock-ms7a95,NVIDIA GeForce RTX 3090,192,e2e,250000,1.0,1.9005,1.9034,499.217,262.3,0,3,16,1965,9501,56,0
2025-10-11T12:15:45,rock-ms7a95,NVIDIA GeForce RTX 3090,192,e2e,250000,1.0,1.8911,1.8940,501.469,264.8,0,3,16,1965,9501,56,0
2025-10-11T12:15:50,rock-ms7a95,NVIDIA GeForce RTX 3090,224,e2e,250000,1.0,1.6571,1.6604,443.369,267.0,0,3,16,1965,9501,58,0
2025-10-11T12:15:52,rock-ms7a95,NVIDIA GeForce RTX 3090,224,e2e,250000,1.0,1.6573,1.6603,470.596,283.4,0,3,16,1965,9501,58,0
2025-10-11T12:15:53,rock-ms7a95,NVIDIA GeForce RTX 3090,224,e2e,250000,1.0,1.6570,1.6598,441.256,265.9,0,3,16,1965,9501,58,0
2025-10-11T12:15:55,rock-ms7a95,NVIDIA GeForce RTX 3090,224,e2e,250000,1.0,1.6572,1.6601,467.691,281.7,0,3,16,1965,9501,58,0
2025-10-11T12:15:57,rock-ms7a95,NVIDIA GeForce RTX 3090,224,e2e,250000,1.0,1.6571,1.6600,470.227,283.3,0,3,16,1965,9501,58,0
2025-10-11T12:16:02,rock-ms7a95,NVIDIA GeForce RTX 3090,256,e2e,250000,1.0,1.8552,1.8584,576.565,310.3,0,3,16,1965,9501,60,0
2025-10-11T12:16:04,rock-ms7a95,NVIDIA GeForce RTX 3090,256,e2e,250000,1.0,1.8591,1.8620,607.353,326.2,0,3,16,1950,9501,60,0
2025-10-11T12:16:06,rock-ms7a95,NVIDIA GeForce RTX 3090,256,e2e,250000,1.0,1.8590,1.8633,605.338,324.9,0,3,16,1950,9501,60,0
2025-10-11T12:16:08,rock-ms7a95,NVIDIA GeForce RTX 3090,256,e2e,250000,1.0,1.8589,1.8617,578.803,310.9,0,3,16,1950,9501,60,0
2025-10-11T12:16:10,rock-ms7a95,NVIDIA GeForce RTX 3090,256,e2e,250000,1.0,1.8590,1.8619,611.012,328.2,0,3,16,1950,9501,61,0
2025-10-11T12:16:14,rock-ms7a95,NVIDIA GeForce RTX 3090,320,e2e,131072,1.0,1.3761,1.3792,473.186,343.1,0,3,16,1920,9501,61,4
2025-10-11T12:16:15,rock-ms7a95,NVIDIA GeForce RTX 3090,320,e2e,131072,1.0,1.3819,1.3847,468.714,338.5,0,3,16,1905,9501,62,4
2025-10-11T12:16:16,rock-ms7a95,NVIDIA GeForce RTX 3090,320,e2e,131072,1.0,1.3796,1.3853,466.118,336.5,0,3,16,1905,9501,61,4
2025-10-11T12:16:18,rock-ms7a95,NVIDIA GeForce RTX 3090,320,e2e,131072,1.0,1.3789,1.3817,438.110,317.1,0,3,16,1890,9501,61,4
2025-10-11T12:16:19,rock-ms7a95,NVIDIA GeForce RTX 3090,320,e2e,131072,1.0,1.3786,1.3814,473.194,342.6,0,3,16,1905,9501,62,4
2025-10-11T12:16:24,rock-ms7a95,NVIDIA GeForce RTX 3090,384,e2e,131072,1.0,1.6281,1.6313,544.503,333.8,0,3,16,1815,9501,62,4
2025-10-11T12:16:26,rock-ms7a95,NVIDIA GeForce RTX 3090,384,e2e,131072,1.0,1.6248,1.6277,550.780,338.4,0,3,16,1830,9501,62,4
2025-10-11T12:16:27,rock-ms7a95,NVIDIA GeForce RTX 3090,384,e2e,131072,1.0,1.6281,1.6364,542.856,331.7,0,3,16,1815,9501,63,4
2025-10-11T12:16:29,rock-ms7a95,NVIDIA GeForce RTX 3090,384,e2e,131072,1.0,1.6235,1.6287,546.382,335.5,0,3,16,1830,9501,62,4
2025-10-11T12:16:31,rock-ms7a95,NVIDIA GeForce RTX 3090,384,e2e,131072,1.0,1.6296,1.6326,576.511,353.1,0,3,16,1815,9501,62,4
2025-10-11T12:16:34,rock-ms7a95,NVIDIA GeForce RTX 3090,448,e2e,65536,1.0,1.2745,1.2777,435.111,340.5,0,3,16,1755,9501,62,4
2025-10-11T12:16:36,rock-ms7a95,NVIDIA GeForce RTX 3090,448,e2e,65536,1.0,1.2749,1.2778,401.546,314.2,0,3,16,1740,9501,62,4
2025-10-11T12:16:37,rock-ms7a95,NVIDIA GeForce RTX 3090,448,e2e,65536,1.0,1.2742,1.2781,436.851,341.8,0,3,16,1755,9501,62,4
2025-10-11T12:16:38,rock-ms7a95,NVIDIA GeForce RTX 3090,448,e2e,65536,1.0,1.2754,1.2783,435.695,340.8,0,3,16,1740,9501,62,4
2025-10-11T12:16:40,rock-ms7a95,NVIDIA GeForce RTX 3090,448,e2e,65536,1.0,1.2748,1.2777,436.105,341.3,0,3,16,1740,9501,62,4
2025-10-11T12:16:44,rock-ms7a95,NVIDIA GeForce RTX 3090,512,e2e,65536,1.0,1.6362,1.6395,576.160,351.4,0,3,16,1725,9501,63,4
2025-10-11T12:16:46,rock-ms7a95,NVIDIA GeForce RTX 3090,512,e2e,65536,1.0,1.6424,1.6454,538.148,327.1,0,3,16,1725,9501,62,4
2025-10-11T12:16:48,rock-ms7a95,NVIDIA GeForce RTX 3090,512,e2e,65536,1.0,1.6371,1.6400,539.968,329.2,0,3,16,1755,9501,63,4
2025-10-11T12:16:49,rock-ms7a95,NVIDIA GeForce RTX 3090,512,e2e,65536,1.0,1.6383,1.6459,542.666,329.7,0,3,16,1725,9501,62,4
2025-10-11T12:16:51,rock-ms7a95,NVIDIA GeForce RTX 3090,512,e2e,65536,1.0,1.6407,1.6438,540.123,328.6,0,3,16,1725,9501,63,4
2025-10-11T12:16:55,rock-ms7a95,NVIDIA GeForce RTX 3090,640,e2e,32768,1.0,1.4379,1.4415,506.054,351.1,0,3,16,1665,9501,63,4
2025-10-11T12:16:57,rock-ms7a95,NVIDIA GeForce RTX 3090,640,e2e,32768,1.0,1.4354,1.4385,472.881,328.7,0,3,16,1680,9501,63,4
2025-10-11T12:16:58,rock-ms7a95,NVIDIA GeForce RTX 3090,640,e2e,32768,1.0,1.4376,1.4408,506.073,351.2,0,3,16,1680,9501,63,4
2025-10-11T12:17:00,rock-ms7a95,NVIDIA GeForce RTX 3090,640,e2e,32768,1.0,1.4389,1.4426,471.450,326.8,0,3,16,1680,9501,63,4
2025-10-11T12:17:01,rock-ms7a95,NVIDIA GeForce RTX 3090,640,e2e,32768,1.0,1.4370,1.4423,502.773,348.6,0,3,16,1680,9501,63,4
2025-10-11T12:17:07,rock-ms7a95,NVIDIA GeForce RTX 3090,768,e2e,32768,1.0,1.9906,1.9941,676.800,339.4,0,3,16,1620,9501,63,4
2025-10-11T12:17:09,rock-ms7a95,NVIDIA GeForce RTX 3090,768,e2e,32768,1.0,1.9923,1.9957,677.909,339.7,0,3,16,1620,9501,63,4
2025-10-11T12:17:11,rock-ms7a95,NVIDIA GeForce RTX 3090,768,e2e,32768,1.0,1.9929,1.9970,678.093,339.6,0,3,16,1620,9501,63,4
2025-10-11T12:17:13,rock-ms7a95,NVIDIA GeForce RTX 3090,768,e2e,32768,1.0,1.9918,1.9982,681.302,341.0,0,3,16,1620,9501,63,4
2025-10-11T12:17:15,rock-ms7a95,NVIDIA GeForce RTX 3090,768,e2e,32768,1.0,1.9896,1.9973,681.774,341.3,0,3,16,1650,9501,63,4
2025-10-11T12:17:20,rock-ms7a95,NVIDIA GeForce RTX 3090,896,e2e,16384,1.0,1.6055,1.6133,549.868,340.8,0,3,16,1650,9501,63,4
2025-10-11T12:17:21,rock-ms7a95,NVIDIA GeForce RTX 3090,896,e2e,16384,1.0,1.6105,1.6138,541.603,335.6,0,3,16,1620,9501,63,4
2025-10-11T12:17:23,rock-ms7a95,NVIDIA GeForce RTX 3090,896,e2e,16384,1.0,1.6047,1.6079,547.867,340.7,0,3,16,1635,9501,63,4
2025-10-11T12:17:24,rock-ms7a95,NVIDIA GeForce RTX 3090,896,e2e,16384,1.0,1.6096,1.6146,540.265,334.6,0,3,16,1635,9501,63,4
2025-10-11T12:17:26,rock-ms7a95,NVIDIA GeForce RTX 3090,896,e2e,16384,1.0,1.6061,1.6095,551.591,342.7,0,3,16,1635,9501,64,4
2025-10-11T12:17:29,rock-ms7a95,NVIDIA GeForce RTX 3090,1024,e2e,8192,1.0,1.1139,1.1172,373.855,334.6,0,3,16,1635,9501,64,4
2025-10-11T12:17:30,rock-ms7a95,NVIDIA GeForce RTX 3090,1024,e2e,8192,1.0,1.1134,1.1171,368.699,330.1,0,3,16,1620,9501,64,4
2025-10-11T12:17:32,rock-ms7a95,NVIDIA GeForce RTX 3090,1024,e2e,8192,1.0,1.1115,1.1147,368.679,330.8,0,3,16,1620,9501,64,4
2025-10-11T12:17:33,rock-ms7a95,NVIDIA GeForce RTX 3090,1024,e2e,8192,1.0,1.1119,1.1154,369.514,331.3,0,3,16,1620,9501,64,4
2025-10-11T12:17:34,rock-ms7a95,NVIDIA GeForce RTX 3090,1024,e2e,8192,1.0,1.1122,1.1159,369.796,331.4,0,3,16,1620,9501,64,4
2025-10-11T12:17:38,rock-ms7a95,NVIDIA GeForce RTX 3090,1152,e2e,8192,1.0,1.3584,1.3618,468.889,344.3,0,3,16,1500,9501,64,4
2025-10-11T12:17:39,rock-ms7a95,NVIDIA GeForce RTX 3090,1152,e2e,8192,1.0,1.3520,1.3574,442.353,325.9,0,3,16,1485,9501,63,4
2025-10-11T12:17:41,rock-ms7a95,NVIDIA GeForce RTX 3090,1152,e2e,8192,1.0,1.3531,1.3583,470.179,346.2,0,3,16,1515,9501,64,4
2025-10-11T12:17:42,rock-ms7a95,NVIDIA GeForce RTX 3090,1152,e2e,8192,1.0,1.3542,1.3631,435.089,319.2,0,3,16,1500,9501,64,4
2025-10-11T12:17:43,rock-ms7a95,NVIDIA GeForce RTX 3090,1152,e2e,8192,1.0,1.3529,1.3579,476.426,350.9,0,3,16,1485,9501,64,4
2025-10-11T12:17:47,rock-ms7a95,NVIDIA GeForce RTX 3090,1280,e2e,4096,1.0,1.0752,1.0787,372.677,345.5,0,3,16,1605,9501,64,4
2025-10-11T12:17:48,rock-ms7a95,NVIDIA GeForce RTX 3090,1280,e2e,4096,1.0,1.0754,1.0795,373.281,345.8,0,3,16,1605,9501,64,4
2025-10-11T12:17:49,rock-ms7a95,NVIDIA GeForce RTX 3090,1280,e2e,4096,1.0,1.0750,1.0783,372.169,345.1,0,3,16,1605,9501,64,4
2025-10-11T12:17:50,rock-ms7a95,NVIDIA GeForce RTX 3090,1280,e2e,4096,1.0,1.0747,1.0779,338.471,314.0,0,3,16,1605,9501,64,4
2025-10-11T12:17:51,rock-ms7a95,NVIDIA GeForce RTX 3090,1280,e2e,4096,1.0,1.0745,1.0778,373.678,346.7,0,3,16,1605,9501,64,4
2025-10-11T12:17:55,rock-ms7a95,NVIDIA GeForce RTX 3090,1408,e2e,4096,1.0,1.2565,1.2635,442.946,350.6,0,3,16,1515,9501,64,4
2025-10-11T12:17:56,rock-ms7a95,NVIDIA GeForce RTX 3090,1408,e2e,4096,1.0,1.2561,1.2598,406.766,322.9,0,3,16,1515,9501,64,4
2025-10-11T12:17:57,rock-ms7a95,NVIDIA GeForce RTX 3090,1408,e2e,4096,1.0,1.2575,1.2608,439.182,348.3,0,3,16,1500,9501,64,4
2025-10-11T12:17:58,rock-ms7a95,NVIDIA GeForce RTX 3090,1408,e2e,4096,1.0,1.2560,1.2596,405.920,322.2,0,3,16,1500,9501,64,4
2025-10-11T12:18:00,rock-ms7a95,NVIDIA GeForce RTX 3090,1408,e2e,4096,1.0,1.2555,1.2587,440.350,349.8,0,3,16,1515,9501,64,4
2025-10-11T12:18:04,rock-ms7a95,NVIDIA GeForce RTX 3090,1536,e2e,4096,1.0,1.4106,1.4148,472.551,334.0,0,3,16,1620,9501,64,4
2025-10-11T12:18:05,rock-ms7a95,NVIDIA GeForce RTX 3090,1536,e2e,4096,1.0,1.4055,1.4095,471.778,334.7,0,3,16,1635,9501,64,4
2025-10-11T12:18:07,rock-ms7a95,NVIDIA GeForce RTX 3090,1536,e2e,4096,1.0,1.4084,1.4142,473.321,334.7,0,3,16,1635,9501,64,4
2025-10-11T12:18:08,rock-ms7a95,NVIDIA GeForce RTX 3090,1536,e2e,4096,1.0,1.4098,1.4130,471.346,333.6,0,3,16,1620,9501,64,4
2025-10-11T12:18:09,rock-ms7a95,NVIDIA GeForce RTX 3090,1536,e2e,4096,1.0,1.4044,1.4108,470.637,333.6,0,3,16,1650,9501,64,4
2025-10-11T12:19:14,rock-ms7a95,NVIDIA GeForce RTX 3090,64,e2e,250000,1,1.1192,1.1240,198.106,176.3,0,3,16,1965,9501,48,0
2025-10-11T12:19:15,rock-ms7a95,NVIDIA GeForce RTX 3090,64,e2e,250000,1.0,1.1252,1.1305,181.975,161.0,0,3,16,1950,9501,48,0
2025-10-11T12:19:16,rock-ms7a95,NVIDIA GeForce RTX 3090,64,e2e,250000,1.0,1.1214,1.1242,183.188,162.9,0,3,16,1950,9501,48,0
2025-10-11T12:19:17,rock-ms7a95,NVIDIA GeForce RTX 3090,64,e2e,250000,1.0,1.1567,1.1596,198.962,171.6,0,3,16,1950,9501,49,0
2025-10-11T12:19:18,rock-ms7a95,NVIDIA GeForce RTX 3090,64,e2e,250000,1.0,1.1455,1.1526,182.183,158.1,0,3,16,1950,9501,49,0
2025-10-11T12:19:22,rock-ms7a95,NVIDIA GeForce RTX 3090,96,e2e,250000,1.0,1.1853,1.1884,211.366,177.9,0,3,16,1950,9501,51,0
2025-10-11T12:19:23,rock-ms7a95,NVIDIA GeForce RTX 3090,96,e2e,250000,1.0,1.1847,1.1899,209.884,176.4,0,3,16,1950,9501,51,0
2025-10-11T12:19:24,rock-ms7a95,NVIDIA GeForce RTX 3090,96,e2e,250000,1.0,1.1850,1.1916,211.634,177.6,0,3,16,1950,9501,51,0
2025-10-11T12:19:26,rock-ms7a95,NVIDIA GeForce RTX 3090,96,e2e,250000,1.0,1.1852,1.1882,195.027,164.1,0,3,16,1950,9501,52,0
2025-10-11T12:19:27,rock-ms7a95,NVIDIA GeForce RTX 3090,96,e2e,250000,1.0,1.1881,1.1909,211.320,177.4,0,3,16,1950,9501,52,0
2025-10-11T12:19:31,rock-ms7a95,NVIDIA GeForce RTX 3090,128,e2e,250000,1.0,1.2802,1.2842,254.724,198.3,0,3,16,1980,9501,54,0
2025-10-11T12:19:32,rock-ms7a95,NVIDIA GeForce RTX 3090,128,e2e,250000,1.0,1.2809,1.2837,232.584,181.2,0,3,16,1980,9501,54,0
2025-10-11T12:19:33,rock-ms7a95,NVIDIA GeForce RTX 3090,128,e2e,250000,1.0,1.2801,1.2852,235.518,183.2,0,3,16,1980,9501,54,0
2025-10-11T12:19:35,rock-ms7a95,NVIDIA GeForce RTX 3090,128,e2e,250000,1.0,1.2802,1.2830,254.292,198.2,0,3,16,1980,9501,54,0
2025-10-11T12:19:36,rock-ms7a95,NVIDIA GeForce RTX 3090,128,e2e,250000,1.0,1.2807,1.2835,253.598,197.6,0,3,16,1980,9501,54,0
2025-10-11T12:19:40,rock-ms7a95,NVIDIA GeForce RTX 3090,160,e2e,250000,1.0,1.3836,1.3866,300.906,217.0,0,3,16,1980,9501,55,0
2025-10-11T12:19:41,rock-ms7a95,NVIDIA GeForce RTX 3090,160,e2e,250000,1.0,1.3842,1.3885,299.236,215.5,0,3,16,1980,9501,55,0
2025-10-11T12:19:43,rock-ms7a95,NVIDIA GeForce RTX 3090,160,e2e,250000,1.0,1.3842,1.3870,301.377,217.3,0,3,16,1980,9501,55,0
2025-10-11T12:19:44,rock-ms7a95,NVIDIA GeForce RTX 3090,160,e2e,250000,1.0,1.3841,1.3886,299.313,215.5,0,3,16,1980,9501,55,0
2025-10-11T12:19:46,rock-ms7a95,NVIDIA GeForce RTX 3090,160,e2e,250000,1.0,1.3841,1.3876,301.996,217.6,0,3,16,1980,9501,55,0
2025-10-11T12:19:51,rock-ms7a95,NVIDIA GeForce RTX 3090,192,e2e,250000,1.0,1.8873,1.8903,485.309,256.7,0,3,16,1980,9501,56,0
2025-10-11T12:19:53,rock-ms7a95,NVIDIA GeForce RTX 3090,192,e2e,250000,1.0,1.8908,1.8937,509.522,269.1,0,3,16,1980,9501,56,0
2025-10-11T12:19:55,rock-ms7a95,NVIDIA GeForce RTX 3090,192,e2e,250000,1.0,1.8917,1.8977,510.504,269.0,0,3,16,1980,9501,56,0
2025-10-11T12:19:57,rock-ms7a95,NVIDIA GeForce RTX 3090,192,e2e,250000,1.0,1.8978,1.9006,509.225,267.9,0,3,16,1980,9501,56,0
2025-10-11T12:19:59,rock-ms7a95,NVIDIA GeForce RTX 3090,192,e2e,250000,1.0,1.8756,1.8786,516.378,274.9,0,3,16,1980,9501,57,0
2025-10-11T12:20:04,rock-ms7a95,NVIDIA GeForce RTX 3090,224,e2e,250000,1.0,1.6726,1.6756,468.414,279.5,0,3,16,1965,9501,58,0
2025-10-11T12:20:06,rock-ms7a95,NVIDIA GeForce RTX 3090,224,e2e,250000,1.0,1.6756,1.6784,469.400,279.7,0,3,16,1965,9501,58,0
2025-10-11T12:20:07,rock-ms7a95,NVIDIA GeForce RTX 3090,224,e2e,250000,1.0,1.6756,1.6784,469.266,279.6,0,3,16,1965,9501,58,0
2025-10-11T12:20:09,rock-ms7a95,NVIDIA GeForce RTX 3090,224,e2e,250000,1.0,1.6755,1.6783,441.552,263.1,0,3,16,1965,9501,58,0
2025-10-11T12:20:11,rock-ms7a95,NVIDIA GeForce RTX 3090,224,e2e,250000,1.0,1.6756,1.6783,469.644,279.8,0,3,16,1965,9501,58,0
2025-10-11T12:20:16,rock-ms7a95,NVIDIA GeForce RTX 3090,256,e2e,250000,1.0,1.8502,1.8531,614.635,331.7,0,3,16,1965,9501,60,4
2025-10-11T12:20:18,rock-ms7a95,NVIDIA GeForce RTX 3090,256,e2e,250000,1.0,1.8502,1.8542,578.026,311.7,0,3,16,1965,9501,60,4
2025-10-11T12:20:20,rock-ms7a95,NVIDIA GeForce RTX 3090,256,e2e,250000,1.0,1.8501,1.8529,613.573,331.1,0,3,16,1965,9501,60,4
2025-10-11T12:20:22,rock-ms7a95,NVIDIA GeForce RTX 3090,256,e2e,250000,1.0,1.8501,1.8530,582.772,314.5,0,3,16,1965,9501,61,4
2025-10-11T12:20:24,rock-ms7a95,NVIDIA GeForce RTX 3090,256,e2e,250000,1.0,1.8502,1.8555,617.669,332.9,0,3,16,1965,9501,61,4
2025-10-11T12:20:28,rock-ms7a95,NVIDIA GeForce RTX 3090,320,e2e,131072,1.0,1.3861,1.3892,470.751,338.9,0,3,16,1890,9501,61,4
2025-10-11T12:20:29,rock-ms7a95,NVIDIA GeForce RTX 3090,320,e2e,131072,1.0,1.3836,1.3866,467.718,337.3,0,3,16,1905,9501,61,4
2025-10-11T12:20:31,rock-ms7a95,NVIDIA GeForce RTX 3090,320,e2e,131072,1.0,1.3829,1.3858,472.699,341.1,0,3,16,1905,9501,61,4
2025-10-11T12:20:32,rock-ms7a95,NVIDIA GeForce RTX 3090,320,e2e,131072,1.0,1.3829,1.3883,471.458,339.6,0,3,16,1920,9501,62,4
2025-10-11T12:20:34,rock-ms7a95,NVIDIA GeForce RTX 3090,320,e2e,131072,1.0,1.3836,1.3866,472.092,340.5,0,3,16,1905,9501,62,4
2025-10-11T12:20:38,rock-ms7a95,NVIDIA GeForce RTX 3090,384,e2e,131072,1.0,1.6297,1.6337,545.660,334.0,0,3,16,1830,9501,62,4
2025-10-11T12:20:40,rock-ms7a95,NVIDIA GeForce RTX 3090,384,e2e,131072,1.0,1.6275,1.6309,545.367,334.4,0,3,16,1830,9501,62,4
2025-10-11T12:20:42,rock-ms7a95,NVIDIA GeForce RTX 3090,384,e2e,131072,1.0,1.6305,1.6380,575.892,351.6,0,3,16,1800,9501,62,4
2025-10-11T12:20:43,rock-ms7a95,NVIDIA GeForce RTX 3090,384,e2e,131072,1.0,1.6285,1.6355,541.910,331.3,0,3,16,1815,9501,62,4
2025-10-11T12:20:45,rock-ms7a95,NVIDIA GeForce RTX 3090,384,e2e,131072,1.0,1.6313,1.6346,542.064,331.6,0,3,16,1815,9501,63,4
2025-10-11T12:20:49,rock-ms7a95,NVIDIA GeForce RTX 3090,448,e2e,65536,1.0,1.2777,1.2809,404.748,316.0,0,3,16,1755,9501,62,4
2025-10-11T12:20:50,rock-ms7a95,NVIDIA GeForce RTX 3090,448,e2e,65536,1.0,1.2770,1.2800,440.895,344.5,0,3,16,1725,9501,62,4
2025-10-11T12:20:51,rock-ms7a95,NVIDIA GeForce RTX 3090,448,e2e,65536,1.0,1.2799,1.2829,436.861,340.5,0,3,16,1740,9501,62,4
2025-10-11T12:20:53,rock-ms7a95,NVIDIA GeForce RTX 3090,448,e2e,65536,1.0,1.2779,1.2808,435.750,340.2,0,3,16,1755,9501,62,4
2025-10-11T12:20:54,rock-ms7a95,NVIDIA GeForce RTX 3090,448,e2e,65536,1.0,1.2781,1.2810,435.629,340.1,0,3,16,1740,9501,62,4
2025-10-11T12:20:59,rock-ms7a95,NVIDIA GeForce RTX 3090,512,e2e,65536,1.0,1.6461,1.6511,569.001,344.6,0,3,16,1725,9501,62,4
2025-10-11T12:21:00,rock-ms7a95,NVIDIA GeForce RTX 3090,512,e2e,65536,1.0,1.6424,1.6464,540.981,328.6,0,3,16,1740,9501,62,4
2025-10-11T12:21:02,rock-ms7a95,NVIDIA GeForce RTX 3090,512,e2e,65536,1.0,1.6470,1.6504,569.429,345.0,0,3,16,1725,9501,62,4
2025-10-11T12:21:04,rock-ms7a95,NVIDIA GeForce RTX 3090,512,e2e,65536,1.0,1.6423,1.6454,541.235,328.9,0,3,16,1740,9501,63,4
2025-10-11T12:21:05,rock-ms7a95,NVIDIA GeForce RTX 3090,512,e2e,65536,1.0,1.6448,1.6494,570.896,346.1,0,3,16,1740,9501,63,4
2025-10-11T12:21:10,rock-ms7a95,NVIDIA GeForce RTX 3090,640,e2e,32768,1.0,1.4409,1.4490,471.947,325.7,0,3,16,1650,9501,63,4
2025-10-11T12:21:11,rock-ms7a95,NVIDIA GeForce RTX 3090,640,e2e,32768,1.0,1.4337,1.4369,474.123,330.0,0,3,16,1695,9501,63,4
2025-10-11T12:21:12,rock-ms7a95,NVIDIA GeForce RTX 3090,640,e2e,32768,1.0,1.4390,1.4421,507.309,351.8,0,3,16,1680,9501,63,4
2025-10-11T12:21:14,rock-ms7a95,NVIDIA GeForce RTX 3090,640,e2e,32768,1.0,1.4359,1.4390,471.256,327.5,0,3,16,1665,9501,63,4
2025-10-11T12:21:15,rock-ms7a95,NVIDIA GeForce RTX 3090,640,e2e,32768,1.0,1.4358,1.4391,507.178,352.4,0,3,16,1680,9501,63,4
2025-10-11T12:21:21,rock-ms7a95,NVIDIA GeForce RTX 3090,768,e2e,32768,1.0,1.9916,1.9959,681.140,341.3,0,3,16,1620,9501,63,4
2025-10-11T12:21:23,rock-ms7a95,NVIDIA GeForce RTX 3090,768,e2e,32768,1.0,1.9893,1.9950,648.004,324.8,0,3,16,1620,9501,63,4
2025-10-11T12:21:25,rock-ms7a95,NVIDIA GeForce RTX 3090,768,e2e,32768,1.0,1.9898,1.9939,650.140,326.1,0,3,16,1620,9501,63,4
2025-10-11T12:21:27,rock-ms7a95,NVIDIA GeForce RTX 3090,768,e2e,32768,1.0,1.9908,1.9941,679.370,340.7,0,3,16,1620,9501,63,4
2025-10-11T12:21:29,rock-ms7a95,NVIDIA GeForce RTX 3090,768,e2e,32768,1.0,1.9909,1.9943,680.253,341.1,0,3,16,1635,9501,63,4
2025-10-11T12:21:34,rock-ms7a95,NVIDIA GeForce RTX 3090,896,e2e,16384,1.0,1.6053,1.6096,550.355,341.9,0,3,16,1635,9501,63,4
2025-10-11T12:21:36,rock-ms7a95,NVIDIA GeForce RTX 3090,896,e2e,16384,1.0,1.6118,1.6150,542.709,336.0,0,3,16,1620,9501,63,4
2025-10-11T12:21:37,rock-ms7a95,NVIDIA GeForce RTX 3090,896,e2e,16384,1.0,1.6075,1.6120,547.266,339.5,0,3,16,1650,9501,64,4
2025-10-11T12:21:39,rock-ms7a95,NVIDIA GeForce RTX 3090,896,e2e,16384,1.0,1.6111,1.6191,581.234,359.0,0,3,16,1620,9501,63,4
2025-10-11T12:21:40,rock-ms7a95,NVIDIA GeForce RTX 3090,896,e2e,16384,1.0,1.6062,1.6097,549.528,341.4,0,3,16,1635,9501,63,4
2025-10-11T12:21:44,rock-ms7a95,NVIDIA GeForce RTX 3090,1024,e2e,8192,1.0,1.1152,1.1202,372.007,332.1,0,3,16,1635,9501,64,4
2025-10-11T12:21:45,rock-ms7a95,NVIDIA GeForce RTX 3090,1024,e2e,8192,1.0,1.1161,1.1215,369.993,329.9,0,3,16,1650,9501,64,4
2025-10-11T12:21:46,rock-ms7a95,NVIDIA GeForce RTX 3090,1024,e2e,8192,1.0,1.1146,1.1178,370.237,331.2,0,3,16,1635,9501,64,4
2025-10-11T12:21:47,rock-ms7a95,NVIDIA GeForce RTX 3090,1024,e2e,8192,1.0,1.1139,1.1173,369.629,330.8,0,3,16,1620,9501,64,4
2025-10-11T12:21:48,rock-ms7a95,NVIDIA GeForce RTX 3090,1024,e2e,8192,1.0,1.1143,1.1185,405.321,362.4,0,3,16,1620,9501,64,4
2025-10-11T12:21:52,rock-ms7a95,NVIDIA GeForce RTX 3090,1152,e2e,8192,1.0,1.3600,1.3635,473.602,347.3,0,3,16,1470,9501,64,4
2025-10-11T12:21:54,rock-ms7a95,NVIDIA GeForce RTX 3090,1152,e2e,8192,1.0,1.3538,1.3573,439.787,324.0,0,3,16,1515,9501,64,4
2025-10-11T12:21:55,rock-ms7a95,NVIDIA GeForce RTX 3090,1152,e2e,8192,1.0,1.3533,1.3565,476.561,351.3,0,3,16,1500,9501,64,4
2025-10-11T12:21:56,rock-ms7a95,NVIDIA GeForce RTX 3090,1152,e2e,8192,1.0,1.3564,1.3601,474.827,349.1,0,3,16,1515,9501,64,4
2025-10-11T12:21:58,rock-ms7a95,NVIDIA GeForce RTX 3090,1152,e2e,8192,1.0,1.3538,1.3570,440.209,324.4,0,3,16,1500,9501,64,4
2025-10-11T12:22:01,rock-ms7a95,NVIDIA GeForce RTX 3090,1280,e2e,4096,1.0,1.0774,1.0809,343.143,317.5,0,3,16,1605,9501,64,4
2025-10-11T12:22:02,rock-ms7a95,NVIDIA GeForce RTX 3090,1280,e2e,4096,1.0,1.0762,1.0840,369.847,341.2,0,3,16,1590,9501,64,4
2025-10-11T12:22:03,rock-ms7a95,NVIDIA GeForce RTX 3090,1280,e2e,4096,1.0,1.0775,1.0808,373.428,345.5,0,3,16,1605,9501,64,4
2025-10-11T12:22:04,rock-ms7a95,NVIDIA GeForce RTX 3090,1280,e2e,4096,1.0,1.0768,1.0802,373.176,345.5,0,3,16,1605,9501,64,4
2025-10-11T12:22:05,rock-ms7a95,NVIDIA GeForce RTX 3090,1280,e2e,4096,1.0,1.0773,1.0805,372.644,344.9,0,3,16,1605,9501,64,4
2025-10-11T12:22:09,rock-ms7a95,NVIDIA GeForce RTX 3090,1408,e2e,4096,1.0,1.2583,1.2619,440.794,349.3,0,3,16,1530,9501,64,4
2025-10-11T12:22:10,rock-ms7a95,NVIDIA GeForce RTX 3090,1408,e2e,4096,1.0,1.2580,1.2612,439.518,348.5,0,3,16,1500,9501,64,4
2025-10-11T12:22:11,rock-ms7a95,NVIDIA GeForce RTX 3090,1408,e2e,4096,1.0,1.2562,1.2595,405.685,322.1,0,3,16,1500,9501,64,4
2025-10-11T12:22:13,rock-ms7a95,NVIDIA GeForce RTX 3090,1408,e2e,4096,1.0,1.2560,1.2593,439.159,348.7,0,3,16,1515,9501,64,4
2025-10-11T12:22:14,rock-ms7a95,NVIDIA GeForce RTX 3090,1408,e2e,4096,1.0,1.2577,1.2610,437.757,347.1,0,3,16,1500,9501,64,4
2025-10-11T12:22:18,rock-ms7a95,NVIDIA GeForce RTX 3090,1536,e2e,4096,1.0,1.4127,1.4169,472.066,333.2,0,3,16,1620,9501,64,4
2025-10-11T12:22:20,rock-ms7a95,NVIDIA GeForce RTX 3090,1536,e2e,4096,1.0,1.4106,1.4177,508.028,358.4,0,3,16,1635,9501,64,4
2025-10-11T12:22:21,rock-ms7a95,NVIDIA GeForce RTX 3090,1536,e2e,4096,1.0,1.4068,1.4119,475.882,337.0,0,3,16,1650,9501,65,4
2025-10-11T12:22:22,rock-ms7a95,NVIDIA GeForce RTX 3090,1536,e2e,4096,1.0,1.4132,1.4198,467.508,329.3,0,3,16,1635,9501,65,4
2025-10-11T12:22:24,rock-ms7a95,NVIDIA GeForce RTX 3090,1536,e2e,4096,1.0,1.4094,1.4144,467.910,330.8,0,3,16,1620,9501,64,4
2025-10-11T12:23:28,rock-ms7a95,NVIDIA GeForce RTX 3090,64,e2e,250000,1,1.1609,1.1676,186.239,159.5,0,3,16,1965,9501,48,0
2025-10-11T12:23:29,rock-ms7a95,NVIDIA GeForce RTX 3090,64,e2e,250000,1.0,1.1601,1.1630,202.260,173.9,0,3,16,1965,9501,48,0
2025-10-11T12:23:31,rock-ms7a95,NVIDIA GeForce RTX 3090,64,e2e,250000,1.0,1.1738,1.1775,201.998,171.6,0,3,16,1965,9501,48,0
2025-10-11T12:23:32,rock-ms7a95,NVIDIA GeForce RTX 3090,64,e2e,250000,1.0,1.1624,1.1652,185.288,159.0,0,3,16,1965,9501,49,0
2025-10-11T12:23:33,rock-ms7a95,NVIDIA GeForce RTX 3090,64,e2e,250000,1.0,1.1792,1.1829,201.700,170.5,0,3,16,1965,9501,49,0
2025-10-11T12:23:36,rock-ms7a95,NVIDIA GeForce RTX 3090,96,e2e,250000,1.0,1.1757,1.1787,211.460,179.4,0,3,16,1965,9501,51,0
2025-10-11T12:23:38,rock-ms7a95,NVIDIA GeForce RTX 3090,96,e2e,250000,1.0,1.1829,1.1873,211.720,178.3,0,3,16,1965,9501,51,0
2025-10-11T12:23:39,rock-ms7a95,NVIDIA GeForce RTX 3090,96,e2e,250000,1.0,1.1909,1.1938,213.781,179.1,0,3,16,1980,9501,51,36
2025-10-11T12:23:40,rock-ms7a95,NVIDIA GeForce RTX 3090,96,e2e,250000,1.0,1.1694,1.1748,193.186,164.4,0,3,16,1980,9501,52,0
2025-10-11T12:23:41,rock-ms7a95,NVIDIA GeForce RTX 3090,96,e2e,250000,1.0,1.1721,1.1750,197.701,168.3,0,3,16,1980,9501,52,0
2025-10-11T12:23:45,rock-ms7a95,NVIDIA GeForce RTX 3090,128,e2e,250000,1.0,1.2643,1.2674,255.736,201.8,0,3,16,1980,9501,54,0
2025-10-11T12:23:46,rock-ms7a95,NVIDIA GeForce RTX 3090,128,e2e,250000,1.0,1.2638,1.2699,252.039,198.5,0,3,16,1980,9501,54,0
2025-10-11T12:23:48,rock-ms7a95,NVIDIA GeForce RTX 3090,128,e2e,250000,1.0,1.2640,1.2670,234.080,184.8,0,3,16,1980,9501,54,0
2025-10-11T12:23:49,rock-ms7a95,NVIDIA GeForce RTX 3090,128,e2e,250000,1.0,1.2635,1.2693,252.554,199.0,0,3,16,1980,9501,54,0
2025-10-11T12:23:50,rock-ms7a95,NVIDIA GeForce RTX 3090,128,e2e,250000,1.0,1.2641,1.2670,254.399,200.8,0,3,16,1980,9501,54,0
2025-10-11T12:23:54,rock-ms7a95,NVIDIA GeForce RTX 3090,160,e2e,250000,1.0,1.3723,1.3764,303.234,220.3,0,3,16,1980,9501,55,0
2025-10-11T12:23:56,rock-ms7a95,NVIDIA GeForce RTX 3090,160,e2e,250000,1.0,1.3713,1.3776,282.154,204.8,0,3,16,1980,9501,55,0
2025-10-11T12:23:57,rock-ms7a95,NVIDIA GeForce RTX 3090,160,e2e,250000,1.0,1.3710,1.3739,304.577,221.7,0,3,16,1980,9501,55,0
2025-10-11T12:23:58,rock-ms7a95,NVIDIA GeForce RTX 3090,160,e2e,250000,1.0,1.3712,1.3755,300.817,218.7,0,3,16,1980,9501,55,0
2025-10-11T12:24:00,rock-ms7a95,NVIDIA GeForce RTX 3090,160,e2e,250000,1.0,1.3714,1.3742,302.461,220.1,0,3,16,1980,9501,55,0
2025-10-11T12:24:06,rock-ms7a95,NVIDIA GeForce RTX 3090,192,e2e,250000,1.0,1.9115,1.9145,500.719,261.5,0,3,16,1980,9501,56,0
2025-10-11T12:24:08,rock-ms7a95,NVIDIA GeForce RTX 3090,192,e2e,250000,1.0,1.9204,1.9232,498.970,259.5,0,3,16,1980,9501,56,0
2025-10-11T12:24:09,rock-ms7a95,NVIDIA GeForce RTX 3090,192,e2e,250000,1.0,1.9220,1.9278,523.297,271.5,0,3,16,1965,9501,56,0
2025-10-11T12:24:11,rock-ms7a95,NVIDIA GeForce RTX 3090,192,e2e,250000,1.0,1.9160,1.9189,499.709,260.4,0,3,16,1965,9501,56,0
2025-10-11T12:24:13,rock-ms7a95,NVIDIA GeForce RTX 3090,192,e2e,250000,1.0,1.9181,1.9214,499.297,259.9,0,3,16,1965,9501,56,0
2025-10-11T12:24:18,rock-ms7a95,NVIDIA GeForce RTX 3090,224,e2e,250000,1.0,1.6741,1.6788,470.382,280.2,0,3,16,1965,9501,58,0
2025-10-11T12:24:20,rock-ms7a95,NVIDIA GeForce RTX 3090,224,e2e,250000,1.0,1.6741,1.6780,471.065,280.7,0,3,16,1965,9501,58,0
2025-10-11T12:24:22,rock-ms7a95,NVIDIA GeForce RTX 3090,224,e2e,250000,1.0,1.6744,1.6786,471.277,280.8,0,3,16,1965,9501,58,0
2025-10-11T12:24:23,rock-ms7a95,NVIDIA GeForce RTX 3090,224,e2e,250000,1.0,1.6741,1.6785,471.525,280.9,0,3,16,1965,9501,58,0
2025-10-11T12:24:25,rock-ms7a95,NVIDIA GeForce RTX 3090,224,e2e,250000,1.0,1.6741,1.6771,443.877,264.7,0,3,16,1965,9501,58,0
2025-10-11T12:24:31,rock-ms7a95,NVIDIA GeForce RTX 3090,256,e2e,250000,1.0,1.8601,1.8634,609.234,326.9,0,3,16,1965,9501,60,4
2025-10-11T12:24:33,rock-ms7a95,NVIDIA GeForce RTX 3090,256,e2e,250000,1.0,1.8573,1.8633,609.031,326.9,0,3,16,1965,9501,60,4
2025-10-11T12:24:35,rock-ms7a95,NVIDIA GeForce RTX 3090,256,e2e,250000,1.0,1.8572,1.8611,581.769,312.6,0,3,16,1965,9501,60,4
2025-10-11T12:24:36,rock-ms7a95,NVIDIA GeForce RTX 3090,256,e2e,250000,1.0,1.8572,1.8604,614.514,330.3,0,3,16,1965,9501,61,4
2025-10-11T12:24:38,rock-ms7a95,NVIDIA GeForce RTX 3090,256,e2e,250000,1.0,1.8572,1.8600,613.774,330.0,0,3,16,1965,9501,61,4
2025-10-11T12:24:42,rock-ms7a95,NVIDIA GeForce RTX 3090,320,e2e,131072,1.0,1.3860,1.3906,471.492,339.0,0,3,16,1905,9501,61,4
2025-10-11T12:24:44,rock-ms7a95,NVIDIA GeForce RTX 3090,320,e2e,131072,1.0,1.3884,1.3913,470.402,338.1,0,3,16,1920,9501,61,4
2025-10-11T12:24:45,rock-ms7a95,NVIDIA GeForce RTX 3090,320,e2e,131072,1.0,1.3877,1.3945,465.532,333.8,0,3,16,1890,9501,61,4
2025-10-11T12:24:47,rock-ms7a95,NVIDIA GeForce RTX 3090,320,e2e,131072,1.0,1.3892,1.3920,468.029,336.2,0,3,16,1905,9501,61,4
2025-10-11T12:24:48,rock-ms7a95,NVIDIA GeForce RTX 3090,320,e2e,131072,1.0,1.3863,1.3891,472.829,340.4,0,3,16,1920,9501,62,4
2025-10-11T12:24:53,rock-ms7a95,NVIDIA GeForce RTX 3090,384,e2e,131072,1.0,1.6283,1.6315,549.188,336.6,0,3,16,1830,9501,62,4
2025-10-11T12:24:54,rock-ms7a95,NVIDIA GeForce RTX 3090,384,e2e,131072,1.0,1.6299,1.6329,542.775,332.4,0,3,16,1815,9501,62,4
2025-10-11T12:24:56,rock-ms7a95,NVIDIA GeForce RTX 3090,384,e2e,131072,1.0,1.6294,1.6323,580.255,355.5,0,3,16,1815,9501,63,4
2025-10-11T12:24:58,rock-ms7a95,NVIDIA GeForce RTX 3090,384,e2e,131072,1.0,1.6305,1.6370,547.427,334.4,0,3,16,1830,9501,62,4
2025-10-11T12:24:59,rock-ms7a95,NVIDIA GeForce RTX 3090,384,e2e,131072,1.0,1.6296,1.6327,547.712,335.5,0,3,16,1815,9501,62,4
2025-10-11T12:25:03,rock-ms7a95,NVIDIA GeForce RTX 3090,448,e2e,65536,1.0,1.2782,1.2815,437.272,341.2,0,3,16,1740,9501,62,4
2025-10-11T12:25:04,rock-ms7a95,NVIDIA GeForce RTX 3090,448,e2e,65536,1.0,1.2776,1.2806,435.541,340.1,0,3,16,1740,9501,62,4
2025-10-11T12:25:06,rock-ms7a95,NVIDIA GeForce RTX 3090,448,e2e,65536,1.0,1.2776,1.2806,435.272,339.9,0,3,16,1740,9501,62,4
2025-10-11T12:25:07,rock-ms7a95,NVIDIA GeForce RTX 3090,448,e2e,65536,1.0,1.2774,1.2846,433.443,337.4,0,3,16,1740,9501,62,4
2025-10-11T12:25:08,rock-ms7a95,NVIDIA GeForce RTX 3090,448,e2e,65536,1.0,1.2784,1.2814,438.229,342.0,0,3,16,1740,9501,62,4
2025-10-11T12:25:13,rock-ms7a95,NVIDIA GeForce RTX 3090,512,e2e,65536,1.0,1.6427,1.6460,539.418,327.7,0,3,16,1740,9501,62,4
2025-10-11T12:25:15,rock-ms7a95,NVIDIA GeForce RTX 3090,512,e2e,65536,1.0,1.6419,1.6449,572.582,348.1,0,3,16,1740,9501,62,4
2025-10-11T12:25:16,rock-ms7a95,NVIDIA GeForce RTX 3090,512,e2e,65536,1.0,1.6422,1.6477,533.194,323.6,0,3,16,1740,9501,63,4
2025-10-11T12:25:18,rock-ms7a95,NVIDIA GeForce RTX 3090,512,e2e,65536,1.0,1.6417,1.6447,573.056,348.4,0,3,16,1740,9501,63,4
2025-10-11T12:25:20,rock-ms7a95,NVIDIA GeForce RTX 3090,512,e2e,65536,1.0,1.6417,1.6453,537.198,326.5,0,3,16,1740,9501,63,4
2025-10-11T12:25:24,rock-ms7a95,NVIDIA GeForce RTX 3090,640,e2e,32768,1.0,1.4367,1.4418,509.538,353.4,0,3,16,1680,9501,63,4
2025-10-11T12:25:25,rock-ms7a95,NVIDIA GeForce RTX 3090,640,e2e,32768,1.0,1.4372,1.4404,473.875,329.0,0,3,16,1680,9501,63,4
2025-10-11T12:25:27,rock-ms7a95,NVIDIA GeForce RTX 3090,640,e2e,32768,1.0,1.4385,1.4417,506.924,351.6,0,3,16,1665,9501,63,4
2025-10-11T12:25:28,rock-ms7a95,NVIDIA GeForce RTX 3090,640,e2e,32768,1.0,1.4380,1.4411,472.183,327.6,0,3,16,1665,9501,63,4
2025-10-11T12:25:30,rock-ms7a95,NVIDIA GeForce RTX 3090,640,e2e,32768,1.0,1.4382,1.4413,504.970,350.4,0,3,16,1665,9501,63,4
2025-10-11T12:25:36,rock-ms7a95,NVIDIA GeForce RTX 3090,768,e2e,32768,1.0,1.9955,1.9998,679.640,339.8,0,3,16,1620,9501,63,4
2025-10-11T12:25:38,rock-ms7a95,NVIDIA GeForce RTX 3090,768,e2e,32768,1.0,1.9930,1.9972,681.095,341.0,0,3,16,1620,9501,63,4
2025-10-11T12:25:40,rock-ms7a95,NVIDIA GeForce RTX 3090,768,e2e,32768,1.0,1.9928,1.9968,681.196,341.2,0,3,16,1635,9501,63,4
2025-10-11T12:25:42,rock-ms7a95,NVIDIA GeForce RTX 3090,768,e2e,32768,1.0,1.9913,1.9965,681.105,341.1,0,3,16,1635,9501,63,4
2025-10-11T12:25:44,rock-ms7a95,NVIDIA GeForce RTX 3090,768,e2e,32768,1.0,1.9919,1.9976,681.611,341.2,0,3,16,1650,9501,63,4
2025-10-11T12:25:48,rock-ms7a95,NVIDIA GeForce RTX 3090,896,e2e,16384,1.0,1.6072,1.6114,549.226,340.8,0,3,16,1650,9501,63,4
2025-10-11T12:25:50,rock-ms7a95,NVIDIA GeForce RTX 3090,896,e2e,16384,1.0,1.6116,1.6148,543.807,336.8,0,3,16,1620,9501,63,4
2025-10-11T12:25:52,rock-ms7a95,NVIDIA GeForce RTX 3090,896,e2e,16384,1.0,1.6078,1.6121,544.952,338.0,0,3,16,1635,9501,63,4
2025-10-11T12:25:53,rock-ms7a95,NVIDIA GeForce RTX 3090,896,e2e,16384,1.0,1.6112,1.6172,582.017,359.9,0,3,16,1620,9501,64,4
2025-10-11T12:25:55,rock-ms7a95,NVIDIA GeForce RTX 3090,896,e2e,16384,1.0,1.6050,1.6084,549.773,341.8,0,3,16,1635,9501,63,4
2025-10-11T12:25:58,rock-ms7a95,NVIDIA GeForce RTX 3090,1024,e2e,8192,1.0,1.1145,1.1201,372.124,332.2,0,3,16,1650,9501,64,4
2025-10-11T12:25:59,rock-ms7a95,NVIDIA GeForce RTX 3090,1024,e2e,8192,1.0,1.1150,1.1192,371.728,332.1,0,3,16,1635,9501,64,4
2025-10-11T12:26:00,rock-ms7a95,NVIDIA GeForce RTX 3090,1024,e2e,8192,1.0,1.1148,1.1180,371.649,332.4,0,3,16,1620,9501,64,4
2025-10-11T12:26:01,rock-ms7a95,NVIDIA GeForce RTX 3090,1024,e2e,8192,1.0,1.1140,1.1171,371.427,332.5,0,3,16,1620,9501,64,4
2025-10-11T12:26:03,rock-ms7a95,NVIDIA GeForce RTX 3090,1024,e2e,8192,1.0,1.1156,1.1197,405.379,362.0,0,3,16,1635,9501,64,4
2025-10-11T12:26:07,rock-ms7a95,NVIDIA GeForce RTX 3090,1152,e2e,8192,1.0,1.3563,1.3598,472.319,347.4,0,3,16,1500,9501,64,4
2025-10-11T12:26:08,rock-ms7a95,NVIDIA GeForce RTX 3090,1152,e2e,8192,1.0,1.3542,1.3583,437.527,322.1,0,3,16,1500,9501,64,4
2025-10-11T12:26:09,rock-ms7a95,NVIDIA GeForce RTX 3090,1152,e2e,8192,1.0,1.3538,1.3571,471.861,347.7,0,3,16,1515,9501,64,4
2025-10-11T12:26:11,rock-ms7a95,NVIDIA GeForce RTX 3090,1152,e2e,8192,1.0,1.3542,1.3574,437.784,322.5,0,3,16,1500,9501,64,4
2025-10-11T12:26:12,rock-ms7a95,NVIDIA GeForce RTX 3090,1152,e2e,8192,1.0,1.3537,1.3570,444.937,327.9,0,3,16,1500,9501,64,4
2025-10-11T12:26:15,rock-ms7a95,NVIDIA GeForce RTX 3090,1280,e2e,4096,1.0,1.0761,1.0824,375.376,346.8,0,3,16,1620,9501,64,4
2025-10-11T12:26:16,rock-ms7a95,NVIDIA GeForce RTX 3090,1280,e2e,4096,1.0,1.0761,1.0796,373.207,345.7,0,3,16,1605,9501,64,4
2025-10-11T12:26:17,rock-ms7a95,NVIDIA GeForce RTX 3090,1280,e2e,4096,1.0,1.0762,1.0800,372.872,345.3,0,3,16,1590,9501,64,4
2025-10-11T12:26:19,rock-ms7a95,NVIDIA GeForce RTX 3090,1280,e2e,4096,1.0,1.0763,1.0800,373.193,345.6,0,3,16,1590,9501,64,4
2025-10-11T12:26:20,rock-ms7a95,NVIDIA GeForce RTX 3090,1280,e2e,4096,1.0,1.0757,1.0789,339.080,314.3,0,3,16,1605,9501,64,4
2025-10-11T12:26:23,rock-ms7a95,NVIDIA GeForce RTX 3090,1408,e2e,4096,1.0,1.2581,1.2624,441.690,349.9,0,3,16,1515,9501,64,4
2025-10-11T12:26:25,rock-ms7a95,NVIDIA GeForce RTX 3090,1408,e2e,4096,1.0,1.2598,1.2632,405.855,321.3,0,3,16,1500,9501,64,4
2025-10-11T12:26:26,rock-ms7a95,NVIDIA GeForce RTX 3090,1408,e2e,4096,1.0,1.2582,1.2615,439.475,348.4,0,3,16,1515,9501,64,4
2025-10-11T12:26:27,rock-ms7a95,NVIDIA GeForce RTX 3090,1408,e2e,4096,1.0,1.2557,1.2591,439.891,349.4,0,3,16,1500,9501,64,4
2025-10-11T12:26:28,rock-ms7a95,NVIDIA GeForce RTX 3090,1408,e2e,4096,1.0,1.2568,1.2600,404.851,321.3,0,3,16,1515,9501,64,4
2025-10-11T12:26:33,rock-ms7a95,NVIDIA GeForce RTX 3090,1536,e2e,4096,1.0,1.4135,1.4178,471.904,332.8,0,3,16,1620,9501,64,4
2025-10-11T12:26:34,rock-ms7a95,NVIDIA GeForce RTX 3090,1536,e2e,4096,1.0,1.4081,1.4114,474.069,335.9,0,3,16,1635,9501,64,4
2025-10-11T12:26:35,rock-ms7a95,NVIDIA GeForce RTX 3090,1536,e2e,4096,1.0,1.4082,1.4154,471.164,332.9,0,3,16,1635,9501,65,4
2025-10-11T12:26:37,rock-ms7a95,NVIDIA GeForce RTX 3090,1536,e2e,4096,1.0,1.4128,1.4160,476.079,336.2,0,3,16,1620,9501,64,4
2025-10-11T12:26:38,rock-ms7a95,NVIDIA GeForce RTX 3090,1536,e2e,4096,1.0,1.4099,1.4139,472.072,333.9,0,3,16,1620,9501,64,4
2025-10-11T12:27:43,rock-ms7a95,NVIDIA GeForce RTX 3090,64,e2e,250000,1,1.1928,1.1997,201.562,168.0,0,3,16,1965,9501,48,0
2025-10-11T12:27:44,rock-ms7a95,NVIDIA GeForce RTX 3090,64,e2e,250000,1.0,1.1851,1.1880,201.337,169.5,0,3,16,1965,9501,48,0
2025-10-11T12:27:45,rock-ms7a95,NVIDIA GeForce RTX 3090,64,e2e,250000,1.0,1.1956,1.1984,200.152,167.0,0,3,16,1965,9501,48,0
2025-10-11T12:27:46,rock-ms7a95,NVIDIA GeForce RTX 3090,64,e2e,250000,1.0,1.1998,1.2026,200.764,166.9,0,3,16,1965,9501,49,0
2025-10-11T12:27:48,rock-ms7a95,NVIDIA GeForce RTX 3090,64,e2e,250000,1.0,1.1998,1.2040,200.270,166.3,0,3,16,1965,9501,49,0
2025-10-11T12:27:51,rock-ms7a95,NVIDIA GeForce RTX 3090,96,e2e,250000,1.0,1.1972,1.2003,212.491,177.0,0,3,16,1965,9501,51,0
2025-10-11T12:27:52,rock-ms7a95,NVIDIA GeForce RTX 3090,96,e2e,250000,1.0,1.1997,1.2025,212.807,177.0,0,3,16,1980,9501,51,0
2025-10-11T12:27:54,rock-ms7a95,NVIDIA GeForce RTX 3090,96,e2e,250000,1.0,1.1805,1.1833,212.263,179.4,0,3,16,1980,9501,51,0
2025-10-11T12:27:55,rock-ms7a95,NVIDIA GeForce RTX 3090,96,e2e,250000,1.0,1.1954,1.2044,211.311,175.4,0,3,16,1980,9501,52,0
2025-10-11T12:27:56,rock-ms7a95,NVIDIA GeForce RTX 3090,96,e2e,250000,1.0,1.2041,1.2069,214.291,177.6,0,3,16,1980,9501,52,0
2025-10-11T12:28:00,rock-ms7a95,NVIDIA GeForce RTX 3090,128,e2e,250000,1.0,1.2704,1.2736,235.751,185.1,0,3,16,1980,9501,54,0
2025-10-11T12:28:01,rock-ms7a95,NVIDIA GeForce RTX 3090,128,e2e,250000,1.0,1.2701,1.2742,250.465,196.6,0,3,16,1980,9501,54,0
2025-10-11T12:28:02,rock-ms7a95,NVIDIA GeForce RTX 3090,128,e2e,250000,1.0,1.2709,1.2738,251.923,197.8,0,3,16,1980,9501,54,0
2025-10-11T12:28:04,rock-ms7a95,NVIDIA GeForce RTX 3090,128,e2e,250000,1.0,1.2702,1.2729,252.937,198.7,0,3,16,1980,9501,54,0
2025-10-11T12:28:05,rock-ms7a95,NVIDIA GeForce RTX 3090,128,e2e,250000,1.0,1.2701,1.2765,234.376,183.6,0,3,16,1980,9501,54,0
2025-10-11T12:28:09,rock-ms7a95,NVIDIA GeForce RTX 3090,160,e2e,250000,1.0,1.3736,1.3791,281.683,204.3,0,3,16,1980,9501,55,0
2025-10-11T12:28:11,rock-ms7a95,NVIDIA GeForce RTX 3090,160,e2e,250000,1.0,1.3736,1.3779,303.352,220.1,0,3,16,1980,9501,55,0
2025-10-11T12:28:12,rock-ms7a95,NVIDIA GeForce RTX 3090,160,e2e,250000,1.0,1.3737,1.3784,303.382,220.1,0,3,16,1980,9501,55,0
2025-10-11T12:28:13,rock-ms7a95,NVIDIA GeForce RTX 3090,160,e2e,250000,1.0,1.3736,1.3777,303.328,220.2,0,3,16,1980,9501,55,0
2025-10-11T12:28:15,rock-ms7a95,NVIDIA GeForce RTX 3090,160,e2e,250000,1.0,1.3737,1.3784,303.528,220.2,0,3,16,1980,9501,55,0
2025-10-11T12:28:18,rock-ms7a95,NVIDIA GeForce RTX 3090,192,e2e,131072,1.0,1.0284,1.0314,254.049,246.3,0,3,16,1980,9501,56,0
2025-10-11T12:28:19,rock-ms7a95,NVIDIA GeForce RTX 3090,192,e2e,131072,1.0,1.0264,1.0292,282.112,274.1,0,3,16,1980,9501,56,0
2025-10-11T12:28:20,rock-ms7a95,NVIDIA GeForce RTX 3090,192,e2e,131072,1.0,1.0292,1.0320,251.488,243.7,0,3,16,1965,9501,56,0
2025-10-11T12:28:21,rock-ms7a95,NVIDIA GeForce RTX 3090,192,e2e,131072,1.0,1.0249,1.0277,254.154,247.3,0,3,16,1965,9501,56,0
2025-10-11T12:28:22,rock-ms7a95,NVIDIA GeForce RTX 3090,192,e2e,131072,1.0,1.0244,1.0287,278.028,270.3,0,3,16,1965,9501,56,0
2025-10-11T12:28:27,rock-ms7a95,NVIDIA GeForce RTX 3090,224,e2e,250000,1.0,1.6633,1.6665,442.872,265.8,0,3,16,1965,9501,58,0
2025-10-11T12:28:29,rock-ms7a95,NVIDIA GeForce RTX 3090,224,e2e,250000,1.0,1.6635,1.6693,469.289,281.1,0,3,16,1965,9501,58,0
2025-10-11T12:28:30,rock-ms7a95,NVIDIA GeForce RTX 3090,224,e2e,250000,1.0,1.6633,1.6664,471.180,282.8,0,3,16,1965,9501,58,0
2025-10-11T12:28:32,rock-ms7a95,NVIDIA GeForce RTX 3090,224,e2e,250000,1.0,1.6632,1.6701,469.556,281.2,0,3,16,1965,9501,58,0
2025-10-11T12:28:34,rock-ms7a95,NVIDIA GeForce RTX 3090,224,e2e,250000,1.0,1.6643,1.6671,442.284,265.3,0,3,16,1965,9501,58,0
2025-10-11T12:28:39,rock-ms7a95,NVIDIA GeForce RTX 3090,256,e2e,250000,1.0,1.8468,1.8499,611.433,330.5,0,3,16,1965,9501,60,4
2025-10-11T12:28:41,rock-ms7a95,NVIDIA GeForce RTX 3090,256,e2e,250000,1.0,1.8464,1.8492,582.691,315.1,0,3,16,1965,9501,60,4
2025-10-11T12:28:43,rock-ms7a95,NVIDIA GeForce RTX 3090,256,e2e,250000,1.0,1.8455,1.8512,611.881,330.5,0,3,16,1965,9501,60,4
2025-10-11T12:28:45,rock-ms7a95,NVIDIA GeForce RTX 3090,256,e2e,250000,1.0,1.8454,1.8509,582.947,315.0,0,3,16,1965,9501,60,4
2025-10-11T12:28:47,rock-ms7a95,NVIDIA GeForce RTX 3090,256,e2e,250000,1.0,1.8447,1.8478,618.251,334.6,0,3,16,1965,9501,60,4
2025-10-11T12:28:51,rock-ms7a95,NVIDIA GeForce RTX 3090,320,e2e,131072,1.0,1.3791,1.3823,471.136,340.8,0,3,16,1905,9501,61,4
2025-10-11T12:28:52,rock-ms7a95,NVIDIA GeForce RTX 3090,320,e2e,131072,1.0,1.3822,1.3860,468.215,337.8,0,3,16,1905,9501,61,4
2025-10-11T12:28:54,rock-ms7a95,NVIDIA GeForce RTX 3090,320,e2e,131072,1.0,1.3804,1.3832,438.590,317.1,0,3,16,1905,9501,61,4
2025-10-11T12:28:55,rock-ms7a95,NVIDIA GeForce RTX 3090,320,e2e,131072,1.0,1.3801,1.3830,471.878,341.2,0,3,16,1920,9501,61,4
2025-10-11T12:28:56,rock-ms7a95,NVIDIA GeForce RTX 3090,320,e2e,131072,1.0,1.3828,1.3865,469.173,338.4,0,3,16,1905,9501,61,4
2025-10-11T12:29:01,rock-ms7a95,NVIDIA GeForce RTX 3090,384,e2e,131072,1.0,1.6259,1.6292,541.831,332.6,0,3,16,1830,9501,62,4
2025-10-11T12:29:03,rock-ms7a95,NVIDIA GeForce RTX 3090,384,e2e,131072,1.0,1.6257,1.6287,579.739,355.9,0,3,16,1815,9501,62,4
2025-10-11T12:29:04,rock-ms7a95,NVIDIA GeForce RTX 3090,384,e2e,131072,1.0,1.6265,1.6322,539.804,330.7,0,3,16,1815,9501,62,4
2025-10-11T12:29:06,rock-ms7a95,NVIDIA GeForce RTX 3090,384,e2e,131072,1.0,1.6265,1.6303,542.512,332.8,0,3,16,1815,9501,62,4
2025-10-11T12:29:08,rock-ms7a95,NVIDIA GeForce RTX 3090,384,e2e,131072,1.0,1.6257,1.6287,580.978,356.7,0,3,16,1830,9501,62,4
2025-10-11T12:29:11,rock-ms7a95,NVIDIA GeForce RTX 3090,448,e2e,65536,1.0,1.2766,1.2798,438.483,342.6,0,3,16,1740,9501,62,4
2025-10-11T12:29:13,rock-ms7a95,NVIDIA GeForce RTX 3090,448,e2e,65536,1.0,1.2771,1.2801,403.389,315.1,0,3,16,1740,9501,62,4
2025-10-11T12:29:14,rock-ms7a95,NVIDIA GeForce RTX 3090,448,e2e,65536,1.0,1.2768,1.2801,436.989,341.4,0,3,16,1740,9501,62,4
2025-10-11T12:29:15,rock-ms7a95,NVIDIA GeForce RTX 3090,448,e2e,65536,1.0,1.2764,1.2794,435.864,340.7,0,3,16,1740,9501,62,4
2025-10-11T12:29:17,rock-ms7a95,NVIDIA GeForce RTX 3090,448,e2e,65536,1.0,1.2765,1.2795,435.630,340.5,0,3,16,1740,9501,62,4
2025-10-11T12:29:21,rock-ms7a95,NVIDIA GeForce RTX 3090,512,e2e,65536,1.0,1.6395,1.6428,571.989,348.2,0,3,16,1740,9501,62,4
2025-10-11T12:29:23,rock-ms7a95,NVIDIA GeForce RTX 3090,512,e2e,65536,1.0,1.6393,1.6423,537.817,327.5,0,3,16,1740,9501,62,4
2025-10-11T12:29:25,rock-ms7a95,NVIDIA GeForce RTX 3090,512,e2e,65536,1.0,1.6402,1.6456,568.395,345.4,0,3,16,1740,9501,62,4
2025-10-11T12:29:26,rock-ms7a95,NVIDIA GeForce RTX 3090,512,e2e,65536,1.0,1.6407,1.6437,539.204,328.0,0,3,16,1740,9501,62,4
2025-10-11T12:29:28,rock-ms7a95,NVIDIA GeForce RTX 3090,512,e2e,65536,1.0,1.6411,1.6440,571.282,347.5,0,3,16,1740,9501,63,4
2025-10-11T12:29:32,rock-ms7a95,NVIDIA GeForce RTX 3090,640,e2e,32768,1.0,1.4413,1.4479,473.035,326.7,0,3,16,1665,9501,63,4
2025-10-11T12:29:34,rock-ms7a95,NVIDIA GeForce RTX 3090,640,e2e,32768,1.0,1.4369,1.4401,473.297,328.7,0,3,16,1665,9501,63,4
2025-10-11T12:29:35,rock-ms7a95,NVIDIA GeForce RTX 3090,640,e2e,32768,1.0,1.4388,1.4420,506.956,351.6,0,3,16,1680,9501,63,4
2025-10-11T12:29:37,rock-ms7a95,NVIDIA GeForce RTX 3090,640,e2e,32768,1.0,1.4404,1.4462,469.357,324.5,0,3,16,1665,9501,63,4
2025-10-11T12:29:38,rock-ms7a95,NVIDIA GeForce RTX 3090,640,e2e,32768,1.0,1.4360,1.4392,510.938,355.0,0,3,16,1680,9501,63,4
2025-10-11T12:29:44,rock-ms7a95,NVIDIA GeForce RTX 3090,768,e2e,32768,1.0,1.9915,1.9951,679.606,340.6,0,3,16,1620,9501,63,4
2025-10-11T12:29:46,rock-ms7a95,NVIDIA GeForce RTX 3090,768,e2e,32768,1.0,1.9906,1.9938,679.611,340.9,0,3,16,1620,9501,63,4
2025-10-11T12:29:48,rock-ms7a95,NVIDIA GeForce RTX 3090,768,e2e,32768,1.0,1.9924,1.9985,679.291,339.9,0,3,16,1605,9501,63,4
2025-10-11T12:29:50,rock-ms7a95,NVIDIA GeForce RTX 3090,768,e2e,32768,1.0,1.9918,1.9975,679.775,340.3,0,3,16,1605,9501,63,4
2025-10-11T12:29:52,rock-ms7a95,NVIDIA GeForce RTX 3090,768,e2e,32768,1.0,1.9912,1.9974,679.629,340.3,0,3,16,1605,9501,63,4
2025-10-11T12:29:57,rock-ms7a95,NVIDIA GeForce RTX 3090,896,e2e,16384,1.0,1.6042,1.6089,549.113,341.3,0,3,16,1650,9501,63,4
2025-10-11T12:29:58,rock-ms7a95,NVIDIA GeForce RTX 3090,896,e2e,16384,1.0,1.6120,1.6157,540.816,334.7,0,3,16,1605,9501,63,4
2025-10-11T12:30:00,rock-ms7a95,NVIDIA GeForce RTX 3090,896,e2e,16384,1.0,1.6052,1.6115,582.785,361.6,0,3,16,1620,9501,64,4
2025-10-11T12:30:02,rock-ms7a95,NVIDIA GeForce RTX 3090,896,e2e,16384,1.0,1.6110,1.6169,545.231,337.2,0,3,16,1620,9501,63,4
2025-10-11T12:30:03,rock-ms7a95,NVIDIA GeForce RTX 3090,896,e2e,16384,1.0,1.6072,1.6106,548.413,340.5,0,3,16,1650,9501,64,4
2025-10-11T12:30:06,rock-ms7a95,NVIDIA GeForce RTX 3090,1024,e2e,8192,1.0,1.1147,1.1201,370.689,331.0,0,3,16,1605,9501,64,4
2025-10-11T12:30:08,rock-ms7a95,NVIDIA GeForce RTX 3090,1024,e2e,8192,1.0,1.1134,1.1166,369.815,331.2,0,3,16,1605,9501,64,4
2025-10-11T12:30:09,rock-ms7a95,NVIDIA GeForce RTX 3090,1024,e2e,8192,1.0,1.1139,1.1172,370.000,331.2,0,3,16,1605,9501,64,4
2025-10-11T12:30:10,rock-ms7a95,NVIDIA GeForce RTX 3090,1024,e2e,8192,1.0,1.1131,1.1170,405.884,363.4,0,3,16,1605,9501,64,4
2025-10-11T12:30:11,rock-ms7a95,NVIDIA GeForce RTX 3090,1024,e2e,8192,1.0,1.1131,1.1171,370.642,331.8,0,3,16,1635,9501,64,4
2025-10-11T12:30:15,rock-ms7a95,NVIDIA GeForce RTX 3090,1152,e2e,8192,1.0,1.3527,1.3608,476.141,349.9,0,3,16,1515,9501,64,4
2025-10-11T12:30:16,rock-ms7a95,NVIDIA GeForce RTX 3090,1152,e2e,8192,1.0,1.3510,1.3595,475.985,350.1,0,3,16,1500,9501,64,4
2025-10-11T12:30:18,rock-ms7a95,NVIDIA GeForce RTX 3090,1152,e2e,8192,1.0,1.3538,1.3571,440.355,324.5,0,3,16,1515,9501,64,4
2025-10-11T12:30:19,rock-ms7a95,NVIDIA GeForce RTX 3090,1152,e2e,8192,1.0,1.3562,1.3594,472.416,347.5,0,3,16,1485,9501,64,4
2025-10-11T12:30:20,rock-ms7a95,NVIDIA GeForce RTX 3090,1152,e2e,8192,1.0,1.3530,1.3576,441.239,325.0,0,3,16,1515,9501,64,4
2025-10-11T12:30:24,rock-ms7a95,NVIDIA GeForce RTX 3090,1280,e2e,4096,1.0,1.0758,1.0793,337.379,312.6,0,3,16,1605,9501,64,4
2025-10-11T12:30:25,rock-ms7a95,NVIDIA GeForce RTX 3090,1280,e2e,4096,1.0,1.0753,1.0786,343.389,318.4,0,3,16,1605,9501,64,4
2025-10-11T12:30:26,rock-ms7a95,NVIDIA GeForce RTX 3090,1280,e2e,4096,1.0,1.0758,1.0791,370.589,343.4,0,3,16,1605,9501,64,4
2025-10-11T12:30:27,rock-ms7a95,NVIDIA GeForce RTX 3090,1280,e2e,4096,1.0,1.0751,1.0783,370.271,343.4,0,3,16,1605,9501,64,4
2025-10-11T12:30:28,rock-ms7a95,NVIDIA GeForce RTX 3090,1280,e2e,4096,1.0,1.0756,1.0856,368.342,339.3,0,3,16,1590,9501,64,4
2025-10-11T12:30:32,rock-ms7a95,NVIDIA GeForce RTX 3090,1408,e2e,4096,1.0,1.2584,1.2618,409.227,324.3,0,3,16,1515,9501,64,4
2025-10-11T12:30:33,rock-ms7a95,NVIDIA GeForce RTX 3090,1408,e2e,4096,1.0,1.2570,1.2632,434.442,343.9,0,3,16,1500,9501,64,4
2025-10-11T12:30:34,rock-ms7a95,NVIDIA GeForce RTX 3090,1408,e2e,4096,1.0,1.2541,1.2584,407.111,323.5,0,3,16,1485,9501,64,4
2025-10-11T12:30:35,rock-ms7a95,NVIDIA GeForce RTX 3090,1408,e2e,4096,1.0,1.2554,1.2587,442.837,351.8,0,3,16,1515,9501,64,4
2025-10-11T12:30:37,rock-ms7a95,NVIDIA GeForce RTX 3090,1408,e2e,4096,1.0,1.2567,1.2600,440.765,349.8,0,3,16,1500,9501,64,4
2025-10-11T12:30:41,rock-ms7a95,NVIDIA GeForce RTX 3090,1536,e2e,4096,1.0,1.4117,1.4152,469.344,331.6,0,3,16,1605,9501,64,4
2025-10-11T12:30:42,rock-ms7a95,NVIDIA GeForce RTX 3090,1536,e2e,4096,1.0,1.4068,1.4099,506.961,359.6,0,3,16,1605,9501,64,4
2025-10-11T12:30:44,rock-ms7a95,NVIDIA GeForce RTX 3090,1536,e2e,4096,1.0,1.4081,1.4112,474.643,336.3,0,3,16,1635,9501,64,4
2025-10-11T12:30:45,rock-ms7a95,NVIDIA GeForce RTX 3090,1536,e2e,4096,1.0,1.4118,1.4169,467.463,329.9,0,3,16,1620,9501,64,4
2025-10-11T12:30:47,rock-ms7a95,NVIDIA GeForce RTX 3090,1536,e2e,4096,1.0,1.4072,1.4129,469.041,332.0,0,3,16,1635,9501,64,4
2025-10-11T12:31:51,rock-ms7a95,NVIDIA GeForce RTX 3090,64,e2e,250000,1,1.1386,1.1432,184.817,161.7,0,3,16,1965,9501,48,0
2025-10-11T12:31:52,rock-ms7a95,NVIDIA GeForce RTX 3090,64,e2e,250000,1.0,1.1724,1.1756,201.343,171.3,0,3,16,1965,9501,48,0
2025-10-11T12:31:53,rock-ms7a95,NVIDIA GeForce RTX 3090,64,e2e,250000,1.0,1.1563,1.1591,202.154,174.4,0,3,16,1965,9501,48,0
2025-10-11T12:31:54,rock-ms7a95,NVIDIA GeForce RTX 3090,64,e2e,250000,1.0,1.1557,1.1585,185.263,159.9,0,3,16,1965,9501,49,0
2025-10-11T12:31:56,rock-ms7a95,NVIDIA GeForce RTX 3090,64,e2e,250000,1.0,1.1646,1.1674,202.678,173.6,0,3,16,1965,9501,49,0
2025-10-11T12:31:59,rock-ms7a95,NVIDIA GeForce RTX 3090,96,e2e,250000,1.0,1.1807,1.1837,212.858,179.8,0,3,16,1965,9501,51,0
2025-10-11T12:32:00,rock-ms7a95,NVIDIA GeForce RTX 3090,96,e2e,250000,1.0,1.1742,1.1778,211.848,179.9,0,3,16,1980,9501,51,0
2025-10-11T12:32:02,rock-ms7a95,NVIDIA GeForce RTX 3090,96,e2e,250000,1.0,1.1728,1.1757,212.370,180.6,0,3,16,1980,9501,51,0
2025-10-11T12:32:03,rock-ms7a95,NVIDIA GeForce RTX 3090,96,e2e,250000,1.0,1.1733,1.1761,194.851,165.7,0,3,16,1980,9501,52,0
2025-10-11T12:32:04,rock-ms7a95,NVIDIA GeForce RTX 3090,96,e2e,250000,1.0,1.1779,1.1814,213.479,180.7,0,3,16,1980,9501,52,0
2025-10-11T12:32:08,rock-ms7a95,NVIDIA GeForce RTX 3090,128,e2e,250000,1.0,1.2795,1.2827,252.805,197.1,0,3,16,1980,9501,54,0
2025-10-11T12:32:09,rock-ms7a95,NVIDIA GeForce RTX 3090,128,e2e,250000,1.0,1.2795,1.2856,249.943,194.4,0,3,16,1980,9501,54,0
2025-10-11T12:32:10,rock-ms7a95,NVIDIA GeForce RTX 3090,128,e2e,250000,1.0,1.2798,1.2829,253.183,197.4,0,3,16,1980,9501,54,0
2025-10-11T12:32:12,rock-ms7a95,NVIDIA GeForce RTX 3090,128,e2e,250000,1.0,1.2794,1.2823,252.539,196.9,0,3,16,1980,9501,54,0
2025-10-11T12:32:13,rock-ms7a95,NVIDIA GeForce RTX 3090,128,e2e,250000,1.0,1.2794,1.2822,251.832,196.4,0,3,16,1980,9501,54,0
2025-10-11T12:32:17,rock-ms7a95,NVIDIA GeForce RTX 3090,160,e2e,250000,1.0,1.3863,1.3895,301.980,217.3,0,3,16,1980,9501,55,0
2025-10-11T12:32:19,rock-ms7a95,NVIDIA GeForce RTX 3090,160,e2e,250000,1.0,1.3865,1.3898,300.279,216.1,0,3,16,1980,9501,55,0
2025-10-11T12:32:20,rock-ms7a95,NVIDIA GeForce RTX 3090,160,e2e,250000,1.0,1.3862,1.3891,301.936,217.4,0,3,16,1980,9501,55,0
2025-10-11T12:32:21,rock-ms7a95,NVIDIA GeForce RTX 3090,160,e2e,250000,1.0,1.3861,1.3896,299.548,215.6,0,3,16,1980,9501,55,0
2025-10-11T12:32:23,rock-ms7a95,NVIDIA GeForce RTX 3090,160,e2e,250000,1.0,1.3868,1.3901,301.410,216.8,0,3,16,1980,9501,55,0
2025-10-11T12:32:26,rock-ms7a95,NVIDIA GeForce RTX 3090,192,e2e,131072,1.0,1.0180,1.0219,255.710,250.2,0,3,16,1965,9501,56,0
2025-10-11T12:32:27,rock-ms7a95,NVIDIA GeForce RTX 3090,192,e2e,131072,1.0,1.0146,1.0174,255.419,251.0,0,3,16,1965,9501,56,0
2025-10-11T12:32:28,rock-ms7a95,NVIDIA GeForce RTX 3090,192,e2e,131072,1.0,1.0078,1.0123,284.077,280.6,0,3,16,1965,9501,56,0
2025-10-11T12:32:29,rock-ms7a95,NVIDIA GeForce RTX 3090,192,e2e,131072,1.0,1.0210,1.0239,255.358,249.4,0,3,16,1965,9501,56,0
2025-10-11T12:32:30,rock-ms7a95,NVIDIA GeForce RTX 3090,192,e2e,131072,1.0,1.0108,1.0137,256.804,253.3,0,3,16,1965,9501,56,0
2025-10-11T12:32:35,rock-ms7a95,NVIDIA GeForce RTX 3090,224,e2e,250000,1.0,1.6736,1.6767,468.536,279.4,0,3,16,1965,9501,58,0
2025-10-11T12:32:37,rock-ms7a95,NVIDIA GeForce RTX 3090,224,e2e,250000,1.0,1.6735,1.6778,463.723,276.4,0,3,16,1965,9501,58,0
2025-10-11T12:32:38,rock-ms7a95,NVIDIA GeForce RTX 3090,224,e2e,250000,1.0,1.6726,1.6777,464.371,276.8,0,3,16,1965,9501,58,0
2025-10-11T12:32:40,rock-ms7a95,NVIDIA GeForce RTX 3090,224,e2e,250000,1.0,1.6730,1.6772,465.007,277.3,0,3,16,1965,9501,58,0
2025-10-11T12:32:42,rock-ms7a95,NVIDIA GeForce RTX 3090,224,e2e,250000,1.0,1.6733,1.6789,442.253,263.4,0,3,16,1965,9501,58,0
2025-10-11T12:32:47,rock-ms7a95,NVIDIA GeForce RTX 3090,256,e2e,250000,1.0,1.8572,1.8616,611.966,328.7,0,3,16,1965,9501,60,0
2025-10-11T12:32:49,rock-ms7a95,NVIDIA GeForce RTX 3090,256,e2e,250000,1.0,1.8569,1.8598,612.628,329.4,0,3,16,1965,9501,60,0
2025-10-11T12:32:51,rock-ms7a95,NVIDIA GeForce RTX 3090,256,e2e,250000,1.0,1.8562,1.8590,580.171,312.1,0,3,16,1965,9501,60,0
2025-10-11T12:32:53,rock-ms7a95,NVIDIA GeForce RTX 3090,256,e2e,250000,1.0,1.8561,1.8594,612.689,329.5,0,3,16,1965,9501,60,0
2025-10-11T12:32:55,rock-ms7a95,NVIDIA GeForce RTX 3090,256,e2e,250000,1.0,1.8559,1.8588,580.462,312.3,0,3,16,1965,9501,60,0
2025-10-11T12:32:59,rock-ms7a95,NVIDIA GeForce RTX 3090,320,e2e,131072,1.0,1.3845,1.3876,471.204,339.6,0,3,16,1905,9501,61,4
2025-10-11T12:33:00,rock-ms7a95,NVIDIA GeForce RTX 3090,320,e2e,131072,1.0,1.3856,1.3884,438.448,315.8,0,3,16,1920,9501,61,4
2025-10-11T12:33:02,rock-ms7a95,NVIDIA GeForce RTX 3090,320,e2e,131072,1.0,1.3860,1.3888,441.200,317.7,0,3,16,1905,9501,61,4
2025-10-11T12:33:03,rock-ms7a95,NVIDIA GeForce RTX 3090,320,e2e,131072,1.0,1.3858,1.3887,472.256,340.1,0,3,16,1905,9501,61,4
2025-10-11T12:33:05,rock-ms7a95,NVIDIA GeForce RTX 3090,320,e2e,131072,1.0,1.3847,1.3918,468.698,336.7,0,3,16,1905,9501,61,4
2025-10-11T12:33:09,rock-ms7a95,NVIDIA GeForce RTX 3090,384,e2e,131072,1.0,1.6283,1.6314,577.770,354.2,0,3,16,1830,9501,62,4
2025-10-11T12:33:11,rock-ms7a95,NVIDIA GeForce RTX 3090,384,e2e,131072,1.0,1.6264,1.6323,548.081,335.8,0,3,16,1815,9501,62,4
2025-10-11T12:33:13,rock-ms7a95,NVIDIA GeForce RTX 3090,384,e2e,131072,1.0,1.6303,1.6332,540.965,331.2,0,3,16,1815,9501,62,4
2025-10-11T12:33:14,rock-ms7a95,NVIDIA GeForce RTX 3090,384,e2e,131072,1.0,1.6263,1.6332,580.013,355.1,0,3,16,1830,9501,62,4
2025-10-11T12:33:16,rock-ms7a95,NVIDIA GeForce RTX 3090,384,e2e,131072,1.0,1.6294,1.6324,544.106,333.3,0,3,16,1815,9501,62,4
2025-10-11T12:33:20,rock-ms7a95,NVIDIA GeForce RTX 3090,448,e2e,65536,1.0,1.2757,1.2790,437.674,342.2,0,3,16,1755,9501,62,4
2025-10-11T12:33:21,rock-ms7a95,NVIDIA GeForce RTX 3090,448,e2e,65536,1.0,1.2752,1.2781,437.574,342.4,0,3,16,1755,9501,62,4
2025-10-11T12:33:22,rock-ms7a95,NVIDIA GeForce RTX 3090,448,e2e,65536,1.0,1.2755,1.2784,403.426,315.6,0,3,16,1755,9501,62,4
2025-10-11T12:33:24,rock-ms7a95,NVIDIA GeForce RTX 3090,448,e2e,65536,1.0,1.2744,1.2773,438.962,343.7,0,3,16,1755,9501,62,4
2025-10-11T12:33:25,rock-ms7a95,NVIDIA GeForce RTX 3090,448,e2e,65536,1.0,1.2752,1.2782,437.521,342.3,0,3,16,1740,9501,62,4
2025-10-11T12:33:30,rock-ms7a95,NVIDIA GeForce RTX 3090,512,e2e,65536,1.0,1.6380,1.6412,576.020,351.0,0,3,16,1755,9501,62,4
2025-10-11T12:33:31,rock-ms7a95,NVIDIA GeForce RTX 3090,512,e2e,65536,1.0,1.6410,1.6440,539.600,328.2,0,3,16,1725,9501,62,4
2025-10-11T12:33:33,rock-ms7a95,NVIDIA GeForce RTX 3090,512,e2e,65536,1.0,1.6368,1.6405,575.400,350.7,0,3,16,1740,9501,62,4
2025-10-11T12:33:35,rock-ms7a95,NVIDIA GeForce RTX 3090,512,e2e,65536,1.0,1.6418,1.6449,537.153,326.6,0,3,16,1725,9501,62,4
2025-10-11T12:33:36,rock-ms7a95,NVIDIA GeForce RTX 3090,512,e2e,65536,1.0,1.6370,1.6399,572.550,349.1,0,3,16,1755,9501,63,4
2025-10-11T12:33:41,rock-ms7a95,NVIDIA GeForce RTX 3090,640,e2e,32768,1.0,1.4337,1.4442,476.604,330.0,0,3,16,1665,9501,62,4
2025-10-11T12:33:42,rock-ms7a95,NVIDIA GeForce RTX 3090,640,e2e,32768,1.0,1.4384,1.4416,473.695,328.6,0,3,16,1680,9501,63,4
2025-10-11T12:33:43,rock-ms7a95,NVIDIA GeForce RTX 3090,640,e2e,32768,1.0,1.4367,1.4402,506.918,352.0,0,3,16,1665,9501,63,4
2025-10-11T12:33:45,rock-ms7a95,NVIDIA GeForce RTX 3090,640,e2e,32768,1.0,1.4362,1.4394,473.766,329.1,0,3,16,1680,9501,63,4
2025-10-11T12:33:46,rock-ms7a95,NVIDIA GeForce RTX 3090,640,e2e,32768,1.0,1.4404,1.4436,503.937,349.1,0,3,16,1650,9501,63,4
2025-10-11T12:33:52,rock-ms7a95,NVIDIA GeForce RTX 3090,768,e2e,32768,1.0,1.9915,1.9977,678.905,339.8,0,3,16,1650,9501,63,4
2025-10-11T12:33:54,rock-ms7a95,NVIDIA GeForce RTX 3090,768,e2e,32768,1.0,1.9926,1.9976,678.443,339.6,0,3,16,1650,9501,63,4
2025-10-11T12:33:56,rock-ms7a95,NVIDIA GeForce RTX 3090,768,e2e,32768,1.0,1.9939,1.9976,677.811,339.3,0,3,16,1635,9501,63,4
2025-10-11T12:33:58,rock-ms7a95,NVIDIA GeForce RTX 3090,768,e2e,32768,1.0,1.9924,1.9974,679.451,340.2,0,3,16,1635,9501,63,4
2025-10-11T12:34:00,rock-ms7a95,NVIDIA GeForce RTX 3090,768,e2e,32768,1.0,1.9933,1.9982,678.992,339.8,0,3,16,1635,9501,63,4
2025-10-11T12:34:05,rock-ms7a95,NVIDIA GeForce RTX 3090,896,e2e,16384,1.0,1.6071,1.6114,549.411,341.0,0,3,16,1650,9501,63,4
2025-10-11T12:34:07,rock-ms7a95,NVIDIA GeForce RTX 3090,896,e2e,16384,1.0,1.6059,1.6098,543.905,337.9,0,3,16,1635,9501,63,4
2025-10-11T12:34:08,rock-ms7a95,NVIDIA GeForce RTX 3090,896,e2e,16384,1.0,1.6101,1.6159,579.545,358.7,0,3,16,1635,9501,63,4
2025-10-11T12:34:10,rock-ms7a95,NVIDIA GeForce RTX 3090,896,e2e,16384,1.0,1.6035,1.6069,550.227,342.4,0,3,16,1650,9501,64,4
2025-10-11T12:34:11,rock-ms7a95,NVIDIA GeForce RTX 3090,896,e2e,16384,1.0,1.6116,1.6149,540.691,334.8,0,3,16,1605,9501,63,4
2025-10-11T12:34:15,rock-ms7a95,NVIDIA GeForce RTX 3090,1024,e2e,8192,1.0,1.1140,1.1242,371.593,330.5,0,3,16,1635,9501,63,4
2025-10-11T12:34:16,rock-ms7a95,NVIDIA GeForce RTX 3090,1024,e2e,8192,1.0,1.1133,1.1192,370.906,331.4,0,3,16,1635,9501,63,4
2025-10-11T12:34:17,rock-ms7a95,NVIDIA GeForce RTX 3090,1024,e2e,8192,1.0,1.1135,1.1175,370.815,331.8,0,3,16,1620,9501,64,4
2025-10-11T12:34:18,rock-ms7a95,NVIDIA GeForce RTX 3090,1024,e2e,8192,1.0,1.1136,1.1184,406.320,363.3,0,3,16,1635,9501,63,4
2025-10-11T12:34:19,rock-ms7a95,NVIDIA GeForce RTX 3090,1024,e2e,8192,1.0,1.1144,1.1178,370.695,331.6,0,3,16,1620,9501,64,4
2025-10-11T12:34:23,rock-ms7a95,NVIDIA GeForce RTX 3090,1152,e2e,8192,1.0,1.3526,1.3605,476.681,350.4,0,3,16,1515,9501,63,4
2025-10-11T12:34:25,rock-ms7a95,NVIDIA GeForce RTX 3090,1152,e2e,8192,1.0,1.3527,1.3569,474.764,349.9,0,3,16,1515,9501,63,4
2025-10-11T12:34:26,rock-ms7a95,NVIDIA GeForce RTX 3090,1152,e2e,8192,1.0,1.3555,1.3590,439.728,323.6,0,3,16,1500,9501,64,4
2025-10-11T12:34:27,rock-ms7a95,NVIDIA GeForce RTX 3090,1152,e2e,8192,1.0,1.3555,1.3593,472.820,347.8,0,3,16,1500,9501,63,4
2025-10-11T12:34:29,rock-ms7a95,NVIDIA GeForce RTX 3090,1152,e2e,8192,1.0,1.3517,1.3551,440.701,325.2,0,3,16,1515,9501,64,4
2025-10-11T12:34:32,rock-ms7a95,NVIDIA GeForce RTX 3090,1280,e2e,4096,1.0,1.0762,1.0797,335.919,311.1,0,3,16,1605,9501,64,4
2025-10-11T12:34:33,rock-ms7a95,NVIDIA GeForce RTX 3090,1280,e2e,4096,1.0,1.0750,1.0859,340.676,313.7,0,3,16,1605,9501,64,4
2025-10-11T12:34:34,rock-ms7a95,NVIDIA GeForce RTX 3090,1280,e2e,4096,1.0,1.0759,1.0793,374.435,346.9,0,3,16,1605,9501,64,4
2025-10-11T12:34:35,rock-ms7a95,NVIDIA GeForce RTX 3090,1280,e2e,4096,1.0,1.0757,1.0790,373.193,345.9,0,3,16,1590,9501,64,4
2025-10-11T12:34:36,rock-ms7a95,NVIDIA GeForce RTX 3090,1280,e2e,4096,1.0,1.0754,1.0790,373.394,346.0,0,3,16,1590,9501,64,4
2025-10-11T12:34:40,rock-ms7a95,NVIDIA GeForce RTX 3090,1408,e2e,4096,1.0,1.2579,1.2630,407.134,322.4,0,3,16,1500,9501,64,4
2025-10-11T12:34:41,rock-ms7a95,NVIDIA GeForce RTX 3090,1408,e2e,4096,1.0,1.2570,1.2604,440.302,349.3,0,3,16,1515,9501,64,4
2025-10-11T12:34:42,rock-ms7a95,NVIDIA GeForce RTX 3090,1408,e2e,4096,1.0,1.2554,1.2587,406.668,323.1,0,3,16,1485,9501,64,4
2025-10-11T12:34:44,rock-ms7a95,NVIDIA GeForce RTX 3090,1408,e2e,4096,1.0,1.2551,1.2585,441.376,350.7,0,3,16,1515,9501,64,4
2025-10-11T12:34:45,rock-ms7a95,NVIDIA GeForce RTX 3090,1408,e2e,4096,1.0,1.2569,1.2602,440.382,349.5,0,3,16,1515,9501,64,4
2025-10-11T12:34:49,rock-ms7a95,NVIDIA GeForce RTX 3090,1536,e2e,4096,1.0,1.4104,1.4166,476.350,336.3,0,3,16,1620,9501,64,4
2025-10-11T12:34:51,rock-ms7a95,NVIDIA GeForce RTX 3090,1536,e2e,4096,1.0,1.4095,1.4166,475.304,335.5,0,3,16,1605,9501,64,4
2025-10-11T12:34:52,rock-ms7a95,NVIDIA GeForce RTX 3090,1536,e2e,4096,1.0,1.4073,1.4111,472.122,334.6,0,3,16,1620,9501,64,4
2025-10-11T12:34:53,rock-ms7a95,NVIDIA GeForce RTX 3090,1536,e2e,4096,1.0,1.4103,1.4135,472.546,334.3,0,3,16,1635,9501,64,4
2025-10-11T12:34:55,rock-ms7a95,NVIDIA GeForce RTX 3090,1536,e2e,4096,1.0,1.4105,1.4154,473.390,334.4,0,3,16,1620,9501,64,4
