timestamp,host,gpu_name,matrix_size,mode,batches,seconds_target,seconds_gpu,seconds_wall,energy_j,avg_power_w,below_target,workload,impl,dtype,N,passes_kernel,passes_e2e,seconds_kernel,energy_kernel_j,avg_power_w_kernel,avg_power_w_e2e,bytes_total,bw_gb_s,time_mode,energy_mode,includes_transfer,device_name,driver_version,pcie_gen_current,pcie_width_current,pcie_rx_kbs,pcie_tx_kbs,clocks_sm_mhz,clocks_mem_mhz,temp_c,throttle_reasons,notes,kWh_e2e
2025-10-13T11:20:03,rock-ms7a95,NA,0,kernel,1,1.1,0.8265,0.8265,79.424,96.1,1,stream_triad,openmp,float32,16777216,102,102,0.8265,79.424,96.1,96.1,54760833024,66.25,steady_clock,rapl_energy_uj_delta,0,cpu:Intel(R) Core(TM) i9-7900X CPU @ 3.30GHz,NA,0,0,0,0,NA,NA,,0,sweep;repeats=50;repeat_idx=0;cohort=common;OMP_NUM_THREADS=20;places=cores;proc_bind=spread;bytes_per_iter=32;nt_store=0;pJ_per_B=1450.382;GBps_per_W=0.6895,2.20622222222222E-05
2025-10-13T11:20:04,rock-ms7a95,NA,0,kernel,1,1.1,0.8264,0.8264,79.762,96.5,1,stream_triad,openmp,float32,16777216,102,102,0.8264,79.762,96.5,96.5,54760833024,66.26,steady_clock,rapl_energy_uj_delta,0,cpu:Intel(R) Core(TM) i9-7900X CPU @ 3.30GHz,NA,0,0,0,0,NA,NA,,0,sweep;repeats=50;repeat_idx=1;cohort=common;OMP_NUM_THREADS=20;places=cores;proc_bind=spread;bytes_per_iter=32;nt_store=0;pJ_per_B=1456.550;GBps_per_W=0.6866,2.21561111111111E-05
2025-10-13T11:20:04,rock-ms7a95,NA,0,kernel,1,1.1,0.8266,0.8266,79.737,96.5,1,stream_triad,openmp,float32,16777216,102,102,0.8266,79.737,96.5,96.5,54760833024,66.24,steady_clock,rapl_energy_uj_delta,0,cpu:Intel(R) Core(TM) i9-7900X CPU @ 3.30GHz,NA,0,0,0,0,NA,NA,,0,sweep;repeats=50;repeat_idx=2;cohort=common;OMP_NUM_THREADS=20;places=cores;proc_bind=spread;bytes_per_iter=32;nt_store=0;pJ_per_B=1456.097;GBps_per_W=0.6868,2.21491666666667E-05
2025-10-13T11:20:05,rock-ms7a95,NA,0,kernel,1,1.1,0.8266,0.8266,79.663,96.4,1,stream_triad,openmp,float32,16777216,102,102,0.8266,79.663,96.4,96.4,54760833024,66.25,steady_clock,rapl_energy_uj_delta,0,cpu:Intel(R) Core(TM) i9-7900X CPU @ 3.30GHz,NA,0,0,0,0,NA,NA,,0,sweep;repeats=50;repeat_idx=3;cohort=common;OMP_NUM_THREADS=20;places=cores;proc_bind=spread;bytes_per_iter=32;nt_store=0;pJ_per_B=1454.740;GBps_per_W=0.6874,2.21286111111111E-05
2025-10-13T11:20:06,rock-ms7a95,NA,0,kernel,1,1.1,0.8266,0.8266,79.54,96.2,1,stream_triad,openmp,float32,16777216,102,102,0.8266,79.54,96.2,96.2,54760833024,66.25,steady_clock,rapl_energy_uj_delta,0,cpu:Intel(R) Core(TM) i9-7900X CPU @ 3.30GHz,NA,0,0,0,0,NA,NA,,0,sweep;repeats=50;repeat_idx=4;cohort=common;OMP_NUM_THREADS=20;places=cores;proc_bind=spread;bytes_per_iter=32;nt_store=0;pJ_per_B=1452.499;GBps_per_W=0.6885,2.20944444444444E-05
2025-10-13T11:20:07,rock-ms7a95,NA,0,kernel,1,1.1,0.8268,0.8268,79.883,96.6,1,stream_triad,openmp,float32,16777216,102,102,0.8268,79.883,96.6,96.6,54760833024,66.23,steady_clock,rapl_energy_uj_delta,0,cpu:Intel(R) Core(TM) i9-7900X CPU @ 3.30GHz,NA,0,0,0,0,NA,NA,,0,sweep;repeats=50;repeat_idx=5;cohort=common;OMP_NUM_THREADS=20;places=cores;proc_bind=spread;bytes_per_iter=32;nt_store=0;pJ_per_B=1458.754;GBps_per_W=0.6855,2.21897222222222E-05
2025-10-13T11:20:08,rock-ms7a95,NA,0,kernel,1,1.1,0.8265,0.8265,79.863,96.6,1,stream_triad,openmp,float32,16777216,102,102,0.8265,79.863,96.6,96.6,54760833024,66.26,steady_clock,rapl_energy_uj_delta,0,cpu:Intel(R) Core(TM) i9-7900X CPU @ 3.30GHz,NA,0,0,0,0,NA,NA,,0,sweep;repeats=50;repeat_idx=6;cohort=common;OMP_NUM_THREADS=20;places=cores;proc_bind=spread;bytes_per_iter=32;nt_store=0;pJ_per_B=1458.397;GBps_per_W=0.6857,2.21841666666667E-05
2025-10-13T11:20:09,rock-ms7a95,NA,0,kernel,1,1.1,0.8266,0.8266,79.797,96.5,1,stream_triad,openmp,float32,16777216,102,102,0.8266,79.797,96.5,96.5,54760833024,66.25,steady_clock,rapl_energy_uj_delta,0,cpu:Intel(R) Core(TM) i9-7900X CPU @ 3.30GHz,NA,0,0,0,0,NA,NA,,0,sweep;repeats=50;repeat_idx=7;cohort=common;OMP_NUM_THREADS=20;places=cores;proc_bind=spread;bytes_per_iter=32;nt_store=0;pJ_per_B=1457.185;GBps_per_W=0.6863,2.21658333333333E-05
2025-10-13T11:20:09,rock-ms7a95,NA,0,kernel,1,1.1,0.8264,0.8264,80.215,97.1,1,stream_triad,openmp,float32,16777216,102,102,0.8264,80.215,97.1,97.1,54760833024,66.27,steady_clock,rapl_energy_uj_delta,0,cpu:Intel(R) Core(TM) i9-7900X CPU @ 3.30GHz,NA,0,0,0,0,NA,NA,,0,sweep;repeats=50;repeat_idx=8;cohort=common;OMP_NUM_THREADS=20;places=cores;proc_bind=spread;bytes_per_iter=32;nt_store=0;pJ_per_B=1464.824;GBps_per_W=0.6827,2.22819444444444E-05
2025-10-13T11:20:10,rock-ms7a95,NA,0,kernel,1,1.1,0.8265,0.8265,80.256,97.1,1,stream_triad,openmp,float32,16777216,102,102,0.8265,80.256,97.1,97.1,54760833024,66.26,steady_clock,rapl_energy_uj_delta,0,cpu:Intel(R) Core(TM) i9-7900X CPU @ 3.30GHz,NA,0,0,0,0,NA,NA,,0,sweep;repeats=50;repeat_idx=9;cohort=common;OMP_NUM_THREADS=20;places=cores;proc_bind=spread;bytes_per_iter=32;nt_store=0;pJ_per_B=1465.579;GBps_per_W=0.6823,2.22933333333333E-05
2025-10-13T11:20:11,rock-ms7a95,NA,0,kernel,1,1.1,0.8263,0.8263,79.672,96.4,1,stream_triad,openmp,float32,16777216,102,102,0.8263,79.672,96.4,96.4,54760833024,66.27,steady_clock,rapl_energy_uj_delta,0,cpu:Intel(R) Core(TM) i9-7900X CPU @ 3.30GHz,NA,0,0,0,0,NA,NA,,0,sweep;repeats=50;repeat_idx=10;cohort=common;OMP_NUM_THREADS=20;places=cores;proc_bind=spread;bytes_per_iter=32;nt_store=0;pJ_per_B=1454.901;GBps_per_W=0.6873,2.21311111111111E-05
2025-10-13T11:20:12,rock-ms7a95,NA,0,kernel,1,1.1,0.8264,0.8264,79.59,96.3,1,stream_triad,openmp,float32,16777216,102,102,0.8264,79.59,96.3,96.3,54760833024,66.26,steady_clock,rapl_energy_uj_delta,0,cpu:Intel(R) Core(TM) i9-7900X CPU @ 3.30GHz,NA,0,0,0,0,NA,NA,,0,sweep;repeats=50;repeat_idx=11;cohort=common;OMP_NUM_THREADS=20;places=cores;proc_bind=spread;bytes_per_iter=32;nt_store=0;pJ_per_B=1453.409;GBps_per_W=0.6880,2.21083333333333E-05
2025-10-13T11:20:13,rock-ms7a95,NA,0,kernel,1,1.1,0.8265,0.8265,79.797,96.5,1,stream_triad,openmp,float32,16777216,102,102,0.8265,79.797,96.5,96.5,54760833024,66.26,steady_clock,rapl_energy_uj_delta,0,cpu:Intel(R) Core(TM) i9-7900X CPU @ 3.30GHz,NA,0,0,0,0,NA,NA,,0,sweep;repeats=50;repeat_idx=12;cohort=common;OMP_NUM_THREADS=20;places=cores;proc_bind=spread;bytes_per_iter=32;nt_store=0;pJ_per_B=1457.197;GBps_per_W=0.6862,2.21658333333333E-05
2025-10-13T11:20:14,rock-ms7a95,NA,0,kernel,1,1.1,0.8265,0.8265,80.001,96.8,1,stream_triad,openmp,float32,16777216,102,102,0.8265,80.001,96.8,96.8,54760833024,66.25,steady_clock,rapl_energy_uj_delta,0,cpu:Intel(R) Core(TM) i9-7900X CPU @ 3.30GHz,NA,0,0,0,0,NA,NA,,0,sweep;repeats=50;repeat_idx=13;cohort=common;OMP_NUM_THREADS=20;places=cores;proc_bind=spread;bytes_per_iter=32;nt_store=0;pJ_per_B=1460.923;GBps_per_W=0.6845,0.0000222225
2025-10-13T11:20:14,rock-ms7a95,NA,0,kernel,1,1.1,0.8264,0.8264,79.683,96.4,1,stream_triad,openmp,float32,16777216,102,102,0.8264,79.683,96.4,96.4,54760833024,66.26,steady_clock,rapl_energy_uj_delta,0,cpu:Intel(R) Core(TM) i9-7900X CPU @ 3.30GHz,NA,0,0,0,0,NA,NA,,0,sweep;repeats=50;repeat_idx=14;cohort=common;OMP_NUM_THREADS=20;places=cores;proc_bind=spread;bytes_per_iter=32;nt_store=0;pJ_per_B=1455.105;GBps_per_W=0.6872,2.21341666666667E-05
2025-10-13T11:20:15,rock-ms7a95,NA,0,kernel,1,1.1,0.8262,0.8262,79.555,96.3,1,stream_triad,openmp,float32,16777216,102,102,0.8262,79.555,96.3,96.3,54760833024,66.28,steady_clock,rapl_energy_uj_delta,0,cpu:Intel(R) Core(TM) i9-7900X CPU @ 3.30GHz,NA,0,0,0,0,NA,NA,,0,sweep;repeats=50;repeat_idx=15;cohort=common;OMP_NUM_THREADS=20;places=cores;proc_bind=spread;bytes_per_iter=32;nt_store=0;pJ_per_B=1452.771;GBps_per_W=0.6883,2.20986111111111E-05
2025-10-13T11:20:16,rock-ms7a95,NA,0,kernel,1,1.1,0.8265,0.8265,79.662,96.4,1,stream_triad,openmp,float32,16777216,102,102,0.8265,79.662,96.4,96.4,54760833024,66.26,steady_clock,rapl_energy_uj_delta,0,cpu:Intel(R) Core(TM) i9-7900X CPU @ 3.30GHz,NA,0,0,0,0,NA,NA,,0,sweep;repeats=50;repeat_idx=16;cohort=common;OMP_NUM_THREADS=20;places=cores;proc_bind=spread;bytes_per_iter=32;nt_store=0;pJ_per_B=1454.733;GBps_per_W=0.6874,2.21283333333333E-05
2025-10-13T11:20:17,rock-ms7a95,NA,0,kernel,1,1.1,0.8265,0.8265,79.983,96.8,1,stream_triad,openmp,float32,16777216,102,102,0.8265,79.983,96.8,96.8,54760833024,66.25,steady_clock,rapl_energy_uj_delta,0,cpu:Intel(R) Core(TM) i9-7900X CPU @ 3.30GHz,NA,0,0,0,0,NA,NA,,0,sweep;repeats=50;repeat_idx=17;cohort=common;OMP_NUM_THREADS=20;places=cores;proc_bind=spread;bytes_per_iter=32;nt_store=0;pJ_per_B=1460.587;GBps_per_W=0.6847,0.0000222175
2025-10-13T11:20:18,rock-ms7a95,NA,0,kernel,1,1.1,0.8266,0.8266,79.517,96.2,1,stream_triad,openmp,float32,16777216,102,102,0.8266,79.517,96.2,96.2,54760833024,66.25,steady_clock,rapl_energy_uj_delta,0,cpu:Intel(R) Core(TM) i9-7900X CPU @ 3.30GHz,NA,0,0,0,0,NA,NA,,0,sweep;repeats=50;repeat_idx=18;cohort=common;OMP_NUM_THREADS=20;places=cores;proc_bind=spread;bytes_per_iter=32;nt_store=0;pJ_per_B=1452.076;GBps_per_W=0.6887,2.20880555555556E-05
2025-10-13T11:20:19,rock-ms7a95,NA,0,kernel,1,1.1,0.8266,0.8266,80.337,97.2,1,stream_triad,openmp,float32,16777216,102,102,0.8266,80.337,97.2,97.2,54760833024,66.25,steady_clock,rapl_energy_uj_delta,0,cpu:Intel(R) Core(TM) i9-7900X CPU @ 3.30GHz,NA,0,0,0,0,NA,NA,,0,sweep;repeats=50;repeat_idx=19;cohort=common;OMP_NUM_THREADS=20;places=cores;proc_bind=spread;bytes_per_iter=32;nt_store=0;pJ_per_B=1467.050;GBps_per_W=0.6816,2.23158333333333E-05
2025-10-13T11:20:19,rock-ms7a95,NA,0,kernel,1,1.1,0.8265,0.8265,80.16,97,1,stream_triad,openmp,float32,16777216,102,102,0.8265,80.16,97,97,54760833024,66.26,steady_clock,rapl_energy_uj_delta,0,cpu:Intel(R) Core(TM) i9-7900X CPU @ 3.30GHz,NA,0,0,0,0,NA,NA,,0,sweep;repeats=50;repeat_idx=20;cohort=common;OMP_NUM_THREADS=20;places=cores;proc_bind=spread;bytes_per_iter=32;nt_store=0;pJ_per_B=1463.818;GBps_per_W=0.6831,2.22666666666667E-05
2025-10-13T11:20:20,rock-ms7a95,NA,0,kernel,1,1.1,0.8264,0.8264,79.692,96.4,1,stream_triad,openmp,float32,16777216,102,102,0.8264,79.692,96.4,96.4,54760833024,66.26,steady_clock,rapl_energy_uj_delta,0,cpu:Intel(R) Core(TM) i9-7900X CPU @ 3.30GHz,NA,0,0,0,0,NA,NA,,0,sweep;repeats=50;repeat_idx=21;cohort=common;OMP_NUM_THREADS=20;places=cores;proc_bind=spread;bytes_per_iter=32;nt_store=0;pJ_per_B=1455.267;GBps_per_W=0.6872,2.21366666666667E-05
2025-10-13T11:20:21,rock-ms7a95,NA,0,kernel,1,1.1,0.8263,0.8263,79.886,96.7,1,stream_triad,openmp,float32,16777216,102,102,0.8263,79.886,96.7,96.7,54760833024,66.27,steady_clock,rapl_energy_uj_delta,0,cpu:Intel(R) Core(TM) i9-7900X CPU @ 3.30GHz,NA,0,0,0,0,NA,NA,,0,sweep;repeats=50;repeat_idx=22;cohort=common;OMP_NUM_THREADS=20;places=cores;proc_bind=spread;bytes_per_iter=32;nt_store=0;pJ_per_B=1458.815;GBps_per_W=0.6855,2.21905555555556E-05
2025-10-13T11:20:22,rock-ms7a95,NA,0,kernel,1,1.1,0.8263,0.8263,79.806,96.6,1,stream_triad,openmp,float32,16777216,102,102,0.8263,79.806,96.6,96.6,54760833024,66.27,steady_clock,rapl_energy_uj_delta,0,cpu:Intel(R) Core(TM) i9-7900X CPU @ 3.30GHz,NA,0,0,0,0,NA,NA,,0,sweep;repeats=50;repeat_idx=23;cohort=common;OMP_NUM_THREADS=20;places=cores;proc_bind=spread;bytes_per_iter=32;nt_store=0;pJ_per_B=1457.353;GBps_per_W=0.6862,2.21683333333333E-05
2025-10-13T11:20:23,rock-ms7a95,NA,0,kernel,1,1.1,0.8266,0.8266,79.762,96.5,1,stream_triad,openmp,float32,16777216,102,102,0.8266,79.762,96.5,96.5,54760833024,66.25,steady_clock,rapl_energy_uj_delta,0,cpu:Intel(R) Core(TM) i9-7900X CPU @ 3.30GHz,NA,0,0,0,0,NA,NA,,0,sweep;repeats=50;repeat_idx=24;cohort=common;OMP_NUM_THREADS=20;places=cores;proc_bind=spread;bytes_per_iter=32;nt_store=0;pJ_per_B=1456.553;GBps_per_W=0.6866,2.21561111111111E-05
2025-10-13T11:20:24,rock-ms7a95,NA,0,kernel,1,1.1,0.8264,0.8264,79.713,96.5,1,stream_triad,openmp,float32,16777216,102,102,0.8264,79.713,96.5,96.5,54760833024,66.26,steady_clock,rapl_energy_uj_delta,0,cpu:Intel(R) Core(TM) i9-7900X CPU @ 3.30GHz,NA,0,0,0,0,NA,NA,,0,sweep;repeats=50;repeat_idx=25;cohort=common;OMP_NUM_THREADS=20;places=cores;proc_bind=spread;bytes_per_iter=32;nt_store=0;pJ_per_B=1455.658;GBps_per_W=0.6870,0.0000221425
2025-10-13T11:20:24,rock-ms7a95,NA,0,kernel,1,1.1,0.8265,0.8265,79.665,96.4,1,stream_triad,openmp,float32,16777216,102,102,0.8265,79.665,96.4,96.4,54760833024,66.25,steady_clock,rapl_energy_uj_delta,0,cpu:Intel(R) Core(TM) i9-7900X CPU @ 3.30GHz,NA,0,0,0,0,NA,NA,,0,sweep;repeats=50;repeat_idx=26;cohort=common;OMP_NUM_THREADS=20;places=cores;proc_bind=spread;bytes_per_iter=32;nt_store=0;pJ_per_B=1454.784;GBps_per_W=0.6874,2.21291666666667E-05
2025-10-13T11:20:25,rock-ms7a95,NA,0,kernel,1,1.1,0.8303,0.8303,80.376,96.8,1,stream_triad,openmp,float32,16777216,102,102,0.8303,80.376,96.8,96.8,54760833024,65.95,steady_clock,rapl_energy_uj_delta,0,cpu:Intel(R) Core(TM) i9-7900X CPU @ 3.30GHz,NA,0,0,0,0,NA,NA,,0,sweep;repeats=50;repeat_idx=27;cohort=common;OMP_NUM_THREADS=20;places=cores;proc_bind=spread;bytes_per_iter=32;nt_store=0;pJ_per_B=1467.762;GBps_per_W=0.6813,2.23266666666667E-05
2025-10-13T11:20:26,rock-ms7a95,NA,0,kernel,1,1.1,0.8264,0.8264,79.696,96.4,1,stream_triad,openmp,float32,16777216,102,102,0.8264,79.696,96.4,96.4,54760833024,66.27,steady_clock,rapl_energy_uj_delta,0,cpu:Intel(R) Core(TM) i9-7900X CPU @ 3.30GHz,NA,0,0,0,0,NA,NA,,0,sweep;repeats=50;repeat_idx=28;cohort=common;OMP_NUM_THREADS=20;places=cores;proc_bind=spread;bytes_per_iter=32;nt_store=0;pJ_per_B=1455.345;GBps_per_W=0.6871,2.21377777777778E-05
2025-10-13T11:20:27,rock-ms7a95,NA,0,kernel,1,1.1,0.8264,0.8264,79.878,96.7,1,stream_triad,openmp,float32,16777216,102,102,0.8264,79.878,96.7,96.7,54760833024,66.26,steady_clock,rapl_energy_uj_delta,0,cpu:Intel(R) Core(TM) i9-7900X CPU @ 3.30GHz,NA,0,0,0,0,NA,NA,,0,sweep;repeats=50;repeat_idx=29;cohort=common;OMP_NUM_THREADS=20;places=cores;proc_bind=spread;bytes_per_iter=32;nt_store=0;pJ_per_B=1458.670;GBps_per_W=0.6856,2.21883333333333E-05
2025-10-13T11:20:28,rock-ms7a95,NA,0,kernel,1,1.1,0.8265,0.8265,79.961,96.7,1,stream_triad,openmp,float32,16777216,102,102,0.8265,79.961,96.7,96.7,54760833024,66.26,steady_clock,rapl_energy_uj_delta,0,cpu:Intel(R) Core(TM) i9-7900X CPU @ 3.30GHz,NA,0,0,0,0,NA,NA,,0,sweep;repeats=50;repeat_idx=30;cohort=common;OMP_NUM_THREADS=20;places=cores;proc_bind=spread;bytes_per_iter=32;nt_store=0;pJ_per_B=1460.187;GBps_per_W=0.6848,2.22113888888889E-05
2025-10-13T11:20:29,rock-ms7a95,NA,0,kernel,1,1.1,0.8412,0.8412,80.921,96.2,1,stream_triad,openmp,float32,16777216,102,102,0.8412,80.921,96.2,96.2,54760833024,65.1,steady_clock,rapl_energy_uj_delta,0,cpu:Intel(R) Core(TM) i9-7900X CPU @ 3.30GHz,NA,0,0,0,0,NA,NA,,0,sweep;repeats=50;repeat_idx=31;cohort=common;OMP_NUM_THREADS=20;places=cores;proc_bind=spread;bytes_per_iter=32;nt_store=0;pJ_per_B=1477.713;GBps_per_W=0.6767,2.24780555555556E-05
2025-10-13T11:20:29,rock-ms7a95,NA,0,kernel,1,1.1,0.827,0.827,79.793,96.5,1,stream_triad,openmp,float32,16777216,102,102,0.827,79.793,96.5,96.5,54760833024,66.21,steady_clock,rapl_energy_uj_delta,0,cpu:Intel(R) Core(TM) i9-7900X CPU @ 3.30GHz,NA,0,0,0,0,NA,NA,,0,sweep;repeats=50;repeat_idx=32;cohort=common;OMP_NUM_THREADS=20;places=cores;proc_bind=spread;bytes_per_iter=32;nt_store=0;pJ_per_B=1457.115;GBps_per_W=0.6863,2.21647222222222E-05
2025-10-13T11:20:30,rock-ms7a95,NA,0,kernel,1,1.1,0.8264,0.8264,79.959,96.8,1,stream_triad,openmp,float32,16777216,102,102,0.8264,79.959,96.8,96.8,54760833024,66.27,steady_clock,rapl_energy_uj_delta,0,cpu:Intel(R) Core(TM) i9-7900X CPU @ 3.30GHz,NA,0,0,0,0,NA,NA,,0,sweep;repeats=50;repeat_idx=33;cohort=common;OMP_NUM_THREADS=20;places=cores;proc_bind=spread;bytes_per_iter=32;nt_store=0;pJ_per_B=1460.150;GBps_per_W=0.6849,2.22108333333333E-05
2025-10-13T11:20:31,rock-ms7a95,NA,0,kernel,1,1.1,0.8266,0.8266,79.475,96.1,1,stream_triad,openmp,float32,16777216,102,102,0.8266,79.475,96.1,96.1,54760833024,66.25,steady_clock,rapl_energy_uj_delta,0,cpu:Intel(R) Core(TM) i9-7900X CPU @ 3.30GHz,NA,0,0,0,0,NA,NA,,0,sweep;repeats=50;repeat_idx=34;cohort=common;OMP_NUM_THREADS=20;places=cores;proc_bind=spread;bytes_per_iter=32;nt_store=0;pJ_per_B=1451.312;GBps_per_W=0.6890,2.20763888888889E-05
2025-10-13T11:20:32,rock-ms7a95,NA,0,kernel,1,1.1,0.8265,0.8265,79.992,96.8,1,stream_triad,openmp,float32,16777216,102,102,0.8265,79.992,96.8,96.8,54760833024,66.26,steady_clock,rapl_energy_uj_delta,0,cpu:Intel(R) Core(TM) i9-7900X CPU @ 3.30GHz,NA,0,0,0,0,NA,NA,,0,sweep;repeats=50;repeat_idx=35;cohort=common;OMP_NUM_THREADS=20;places=cores;proc_bind=spread;bytes_per_iter=32;nt_store=0;pJ_per_B=1460.752;GBps_per_W=0.6846,0.00002222
2025-10-13T11:20:33,rock-ms7a95,NA,0,kernel,1,1.1,0.8264,0.8264,79.666,96.4,1,stream_triad,openmp,float32,16777216,102,102,0.8264,79.666,96.4,96.4,54760833024,66.27,steady_clock,rapl_energy_uj_delta,0,cpu:Intel(R) Core(TM) i9-7900X CPU @ 3.30GHz,NA,0,0,0,0,NA,NA,,0,sweep;repeats=50;repeat_idx=36;cohort=common;OMP_NUM_THREADS=20;places=cores;proc_bind=spread;bytes_per_iter=32;nt_store=0;pJ_per_B=1454.799;GBps_per_W=0.6874,2.21294444444444E-05
2025-10-13T11:20:34,rock-ms7a95,NA,0,kernel,1,1.1,0.8264,0.8264,79.878,96.7,1,stream_triad,openmp,float32,16777216,102,102,0.8264,79.878,96.7,96.7,54760833024,66.26,steady_clock,rapl_energy_uj_delta,0,cpu:Intel(R) Core(TM) i9-7900X CPU @ 3.30GHz,NA,0,0,0,0,NA,NA,,0,sweep;repeats=50;repeat_idx=37;cohort=common;OMP_NUM_THREADS=20;places=cores;proc_bind=spread;bytes_per_iter=32;nt_store=0;pJ_per_B=1458.662;GBps_per_W=0.6856,2.21883333333333E-05
2025-10-13T11:20:34,rock-ms7a95,NA,0,kernel,1,1.1,0.8266,0.8266,80.028,96.8,1,stream_triad,openmp,float32,16777216,102,102,0.8266,80.028,96.8,96.8,54760833024,66.25,steady_clock,rapl_energy_uj_delta,0,cpu:Intel(R) Core(TM) i9-7900X CPU @ 3.30GHz,NA,0,0,0,0,NA,NA,,0,sweep;repeats=50;repeat_idx=38;cohort=common;OMP_NUM_THREADS=20;places=cores;proc_bind=spread;bytes_per_iter=32;nt_store=0;pJ_per_B=1461.412;GBps_per_W=0.6843,0.00002223
2025-10-13T11:20:35,rock-ms7a95,NA,0,kernel,1,1.1,0.8264,0.8264,79.905,96.7,1,stream_triad,openmp,float32,16777216,102,102,0.8264,79.905,96.7,96.7,54760833024,66.27,steady_clock,rapl_energy_uj_delta,0,cpu:Intel(R) Core(TM) i9-7900X CPU @ 3.30GHz,NA,0,0,0,0,NA,NA,,0,sweep;repeats=50;repeat_idx=39;cohort=common;OMP_NUM_THREADS=20;places=cores;proc_bind=spread;bytes_per_iter=32;nt_store=0;pJ_per_B=1459.170;GBps_per_W=0.6853,2.21958333333333E-05
2025-10-13T11:20:36,rock-ms7a95,NA,0,kernel,1,1.1,0.8266,0.8266,79.964,96.7,1,stream_triad,openmp,float32,16777216,102,102,0.8266,79.964,96.7,96.7,54760833024,66.24,steady_clock,rapl_energy_uj_delta,0,cpu:Intel(R) Core(TM) i9-7900X CPU @ 3.30GHz,NA,0,0,0,0,NA,NA,,0,sweep;repeats=50;repeat_idx=40;cohort=common;OMP_NUM_THREADS=20;places=cores;proc_bind=spread;bytes_per_iter=32;nt_store=0;pJ_per_B=1460.233;GBps_per_W=0.6848,2.22122222222222E-05
2025-10-13T11:20:37,rock-ms7a95,NA,0,kernel,1,1.1,0.8267,0.8267,80.152,97,1,stream_triad,openmp,float32,16777216,102,102,0.8267,80.152,97,97,54760833024,66.24,steady_clock,rapl_energy_uj_delta,0,cpu:Intel(R) Core(TM) i9-7900X CPU @ 3.30GHz,NA,0,0,0,0,NA,NA,,0,sweep;repeats=50;repeat_idx=41;cohort=common;OMP_NUM_THREADS=20;places=cores;proc_bind=spread;bytes_per_iter=32;nt_store=0;pJ_per_B=1463.682;GBps_per_W=0.6832,2.22644444444444E-05
2025-10-13T11:20:38,rock-ms7a95,NA,0,kernel,1,1.1,0.8265,0.8265,79.921,96.7,1,stream_triad,openmp,float32,16777216,102,102,0.8265,79.921,96.7,96.7,54760833024,66.26,steady_clock,rapl_energy_uj_delta,0,cpu:Intel(R) Core(TM) i9-7900X CPU @ 3.30GHz,NA,0,0,0,0,NA,NA,,0,sweep;repeats=50;repeat_idx=42;cohort=common;OMP_NUM_THREADS=20;places=cores;proc_bind=spread;bytes_per_iter=32;nt_store=0;pJ_per_B=1459.461;GBps_per_W=0.6852,2.22002777777778E-05
2025-10-13T11:20:39,rock-ms7a95,NA,0,kernel,1,1.1,0.8264,0.8264,79.963,96.8,1,stream_triad,openmp,float32,16777216,102,102,0.8264,79.963,96.8,96.8,54760833024,66.26,steady_clock,rapl_energy_uj_delta,0,cpu:Intel(R) Core(TM) i9-7900X CPU @ 3.30GHz,NA,0,0,0,0,NA,NA,,0,sweep;repeats=50;repeat_idx=43;cohort=common;OMP_NUM_THREADS=20;places=cores;proc_bind=spread;bytes_per_iter=32;nt_store=0;pJ_per_B=1460.213;GBps_per_W=0.6848,2.22119444444444E-05
2025-10-13T11:20:39,rock-ms7a95,NA,0,kernel,1,1.1,0.8265,0.8265,79.721,96.5,1,stream_triad,openmp,float32,16777216,102,102,0.8265,79.721,96.5,96.5,54760833024,66.26,steady_clock,rapl_energy_uj_delta,0,cpu:Intel(R) Core(TM) i9-7900X CPU @ 3.30GHz,NA,0,0,0,0,NA,NA,,0,sweep;repeats=50;repeat_idx=44;cohort=common;OMP_NUM_THREADS=20;places=cores;proc_bind=spread;bytes_per_iter=32;nt_store=0;pJ_per_B=1455.795;GBps_per_W=0.6869,2.21447222222222E-05
2025-10-13T11:20:40,rock-ms7a95,NA,0,kernel,1,1.1,0.8269,0.8269,79.657,96.3,1,stream_triad,openmp,float32,16777216,102,102,0.8269,79.657,96.3,96.3,54760833024,66.23,steady_clock,rapl_energy_uj_delta,0,cpu:Intel(R) Core(TM) i9-7900X CPU @ 3.30GHz,NA,0,0,0,0,NA,NA,,0,sweep;repeats=50;repeat_idx=45;cohort=common;OMP_NUM_THREADS=20;places=cores;proc_bind=spread;bytes_per_iter=32;nt_store=0;pJ_per_B=1454.637;GBps_per_W=0.6875,2.21269444444444E-05
2025-10-13T11:20:41,rock-ms7a95,NA,0,kernel,1,1.1,0.8267,0.8267,79.845,96.6,1,stream_triad,openmp,float32,16777216,102,102,0.8267,79.845,96.6,96.6,54760833024,66.24,steady_clock,rapl_energy_uj_delta,0,cpu:Intel(R) Core(TM) i9-7900X CPU @ 3.30GHz,NA,0,0,0,0,NA,NA,,0,sweep;repeats=50;repeat_idx=46;cohort=common;OMP_NUM_THREADS=20;places=cores;proc_bind=spread;bytes_per_iter=32;nt_store=0;pJ_per_B=1458.059;GBps_per_W=0.6858,2.21791666666667E-05
2025-10-13T11:20:42,rock-ms7a95,NA,0,kernel,1,1.1,0.827,0.827,79.95,96.7,1,stream_triad,openmp,float32,16777216,102,102,0.827,79.95,96.7,96.7,54760833024,66.22,steady_clock,rapl_energy_uj_delta,0,cpu:Intel(R) Core(TM) i9-7900X CPU @ 3.30GHz,NA,0,0,0,0,NA,NA,,0,sweep;repeats=50;repeat_idx=47;cohort=common;OMP_NUM_THREADS=20;places=cores;proc_bind=spread;bytes_per_iter=32;nt_store=0;pJ_per_B=1459.976;GBps_per_W=0.6849,2.22083333333333E-05
2025-10-13T11:20:43,rock-ms7a95,NA,0,kernel,1,1.1,0.8267,0.8267,80.066,96.9,1,stream_triad,openmp,float32,16777216,102,102,0.8267,80.066,96.9,96.9,54760833024,66.24,steady_clock,rapl_energy_uj_delta,0,cpu:Intel(R) Core(TM) i9-7900X CPU @ 3.30GHz,NA,0,0,0,0,NA,NA,,0,sweep;repeats=50;repeat_idx=48;cohort=common;OMP_NUM_THREADS=20;places=cores;proc_bind=spread;bytes_per_iter=32;nt_store=0;pJ_per_B=1462.096;GBps_per_W=0.6839,2.22405555555556E-05
2025-10-13T11:20:44,rock-ms7a95,NA,0,kernel,1,1.1,0.8266,0.8266,79.744,96.5,1,stream_triad,openmp,float32,16777216,102,102,0.8266,79.744,96.5,96.5,54760833024,66.25,steady_clock,rapl_energy_uj_delta,0,cpu:Intel(R) Core(TM) i9-7900X CPU @ 3.30GHz,NA,0,0,0,0,NA,NA,,0,sweep;repeats=50;repeat_idx=49;cohort=common;OMP_NUM_THREADS=20;places=cores;proc_bind=spread;bytes_per_iter=32;nt_store=0;pJ_per_B=1456.215;GBps_per_W=0.6867,2.21511111111111E-05
2025-10-13T11:20:45,rock-ms7a95,NA,0,kernel,1,1.1,1.1315,1.1315,109.235,96.5,0,stream_triad,openmp,float32,67108864,34,34,1.1315,109.235,96.5,96.5,73014444032,64.53,steady_clock,rapl_energy_uj_delta,0,cpu:Intel(R) Core(TM) i9-7900X CPU @ 3.30GHz,NA,0,0,0,0,NA,NA,,0,sweep;repeats=50;repeat_idx=0;cohort=common;OMP_NUM_THREADS=20;places=cores;proc_bind=spread;bytes_per_iter=32;nt_store=0;pJ_per_B=1496.072;GBps_per_W=0.6684,3.03430555555556E-05
2025-10-13T11:20:46,rock-ms7a95,NA,0,kernel,1,1.1,1.1317,1.1317,109.088,96.4,0,stream_triad,openmp,float32,67108864,34,34,1.1317,109.088,96.4,96.4,73014444032,64.52,steady_clock,rapl_energy_uj_delta,0,cpu:Intel(R) Core(TM) i9-7900X CPU @ 3.30GHz,NA,0,0,0,0,NA,NA,,0,sweep;repeats=50;repeat_idx=1;cohort=common;OMP_NUM_THREADS=20;places=cores;proc_bind=spread;bytes_per_iter=32;nt_store=0;pJ_per_B=1494.055;GBps_per_W=0.6693,3.03022222222222E-05
2025-10-13T11:20:47,rock-ms7a95,NA,0,kernel,1,1.1,1.1315,1.1315,109.491,96.8,0,stream_triad,openmp,float32,67108864,34,34,1.1315,109.491,96.8,96.8,73014444032,64.53,steady_clock,rapl_energy_uj_delta,0,cpu:Intel(R) Core(TM) i9-7900X CPU @ 3.30GHz,NA,0,0,0,0,NA,NA,,0,sweep;repeats=50;repeat_idx=2;cohort=common;OMP_NUM_THREADS=20;places=cores;proc_bind=spread;bytes_per_iter=32;nt_store=0;pJ_per_B=1499.577;GBps_per_W=0.6669,3.04141666666667E-05
2025-10-13T11:20:48,rock-ms7a95,NA,0,kernel,1,1.1,1.1315,1.1315,109.188,96.5,0,stream_triad,openmp,float32,67108864,34,34,1.1315,109.188,96.5,96.5,73014444032,64.53,steady_clock,rapl_energy_uj_delta,0,cpu:Intel(R) Core(TM) i9-7900X CPU @ 3.30GHz,NA,0,0,0,0,NA,NA,,0,sweep;repeats=50;repeat_idx=3;cohort=common;OMP_NUM_THREADS=20;places=cores;proc_bind=spread;bytes_per_iter=32;nt_store=0;pJ_per_B=1495.426;GBps_per_W=0.6687,0.00003033
2025-10-13T11:20:49,rock-ms7a95,NA,0,kernel,1,1.1,1.1316,1.1316,109.392,96.7,0,stream_triad,openmp,float32,67108864,34,34,1.1316,109.392,96.7,96.7,73014444032,64.52,steady_clock,rapl_energy_uj_delta,0,cpu:Intel(R) Core(TM) i9-7900X CPU @ 3.30GHz,NA,0,0,0,0,NA,NA,,0,sweep;repeats=50;repeat_idx=4;cohort=common;OMP_NUM_THREADS=20;places=cores;proc_bind=spread;bytes_per_iter=32;nt_store=0;pJ_per_B=1498.226;GBps_per_W=0.6675,3.03866666666667E-05
2025-10-13T11:20:51,rock-ms7a95,NA,0,kernel,1,1.1,1.1315,1.1315,108.969,96.3,0,stream_triad,openmp,float32,67108864,34,34,1.1315,108.969,96.3,96.3,73014444032,64.53,steady_clock,rapl_energy_uj_delta,0,cpu:Intel(R) Core(TM) i9-7900X CPU @ 3.30GHz,NA,0,0,0,0,NA,NA,,0,sweep;repeats=50;repeat_idx=5;cohort=common;OMP_NUM_THREADS=20;places=cores;proc_bind=spread;bytes_per_iter=32;nt_store=0;pJ_per_B=1492.437;GBps_per_W=0.6700,3.02691666666667E-05
2025-10-13T11:20:52,rock-ms7a95,NA,0,kernel,1,1.1,1.1315,1.1315,109.227,96.5,0,stream_triad,openmp,float32,67108864,34,34,1.1315,109.227,96.5,96.5,73014444032,64.53,steady_clock,rapl_energy_uj_delta,0,cpu:Intel(R) Core(TM) i9-7900X CPU @ 3.30GHz,NA,0,0,0,0,NA,NA,,0,sweep;repeats=50;repeat_idx=6;cohort=common;OMP_NUM_THREADS=20;places=cores;proc_bind=spread;bytes_per_iter=32;nt_store=0;pJ_per_B=1495.970;GBps_per_W=0.6685,3.03408333333333E-05
2025-10-13T11:20:53,rock-ms7a95,NA,0,kernel,1,1.1,1.1315,1.1315,108.992,96.3,0,stream_triad,openmp,float32,67108864,34,34,1.1315,108.992,96.3,96.3,73014444032,64.53,steady_clock,rapl_energy_uj_delta,0,cpu:Intel(R) Core(TM) i9-7900X CPU @ 3.30GHz,NA,0,0,0,0,NA,NA,,0,sweep;repeats=50;repeat_idx=7;cohort=common;OMP_NUM_THREADS=20;places=cores;proc_bind=spread;bytes_per_iter=32;nt_store=0;pJ_per_B=1492.746;GBps_per_W=0.6699,3.02755555555556E-05
2025-10-13T11:20:54,rock-ms7a95,NA,0,kernel,1,1.1,1.1316,1.1316,109.039,96.4,0,stream_triad,openmp,float32,67108864,34,34,1.1316,109.039,96.4,96.4,73014444032,64.53,steady_clock,rapl_energy_uj_delta,0,cpu:Intel(R) Core(TM) i9-7900X CPU @ 3.30GHz,NA,0,0,0,0,NA,NA,,0,sweep;repeats=50;repeat_idx=8;cohort=common;OMP_NUM_THREADS=20;places=cores;proc_bind=spread;bytes_per_iter=32;nt_store=0;pJ_per_B=1493.383;GBps_per_W=0.6696,3.02886111111111E-05
2025-10-13T11:20:55,rock-ms7a95,NA,0,kernel,1,1.1,1.1315,1.1315,109.368,96.7,0,stream_triad,openmp,float32,67108864,34,34,1.1315,109.368,96.7,96.7,73014444032,64.53,steady_clock,rapl_energy_uj_delta,0,cpu:Intel(R) Core(TM) i9-7900X CPU @ 3.30GHz,NA,0,0,0,0,NA,NA,,0,sweep;repeats=50;repeat_idx=9;cohort=common;OMP_NUM_THREADS=20;places=cores;proc_bind=spread;bytes_per_iter=32;nt_store=0;pJ_per_B=1497.891;GBps_per_W=0.6676,0.00003038
2025-10-13T11:20:56,rock-ms7a95,NA,0,kernel,1,1.1,1.1315,1.1315,109.618,96.9,0,stream_triad,openmp,float32,67108864,34,34,1.1315,109.618,96.9,96.9,73014444032,64.53,steady_clock,rapl_energy_uj_delta,0,cpu:Intel(R) Core(TM) i9-7900X CPU @ 3.30GHz,NA,0,0,0,0,NA,NA,,0,sweep;repeats=50;repeat_idx=10;cohort=common;OMP_NUM_THREADS=20;places=cores;proc_bind=spread;bytes_per_iter=32;nt_store=0;pJ_per_B=1501.325;GBps_per_W=0.6661,3.04494444444444E-05
2025-10-13T11:20:57,rock-ms7a95,NA,0,kernel,1,1.1,1.1315,1.1315,108.81,96.2,0,stream_triad,openmp,float32,67108864,34,34,1.1315,108.81,96.2,96.2,73014444032,64.53,steady_clock,rapl_energy_uj_delta,0,cpu:Intel(R) Core(TM) i9-7900X CPU @ 3.30GHz,NA,0,0,0,0,NA,NA,,0,sweep;repeats=50;repeat_idx=11;cohort=common;OMP_NUM_THREADS=20;places=cores;proc_bind=spread;bytes_per_iter=32;nt_store=0;pJ_per_B=1490.248;GBps_per_W=0.6710,0.000030225
2025-10-13T11:20:59,rock-ms7a95,NA,0,kernel,1,1.1,1.1316,1.1316,108.935,96.3,0,stream_triad,openmp,float32,67108864,34,34,1.1316,108.935,96.3,96.3,73014444032,64.52,steady_clock,rapl_energy_uj_delta,0,cpu:Intel(R) Core(TM) i9-7900X CPU @ 3.30GHz,NA,0,0,0,0,NA,NA,,0,sweep;repeats=50;repeat_idx=12;cohort=common;OMP_NUM_THREADS=20;places=cores;proc_bind=spread;bytes_per_iter=32;nt_store=0;pJ_per_B=1491.970;GBps_per_W=0.6703,3.02597222222222E-05
2025-10-13T11:21:00,rock-ms7a95,NA,0,kernel,1,1.1,1.1316,1.1316,109.305,96.6,0,stream_triad,openmp,float32,67108864,34,34,1.1316,109.305,96.6,96.6,73014444032,64.52,steady_clock,rapl_energy_uj_delta,0,cpu:Intel(R) Core(TM) i9-7900X CPU @ 3.30GHz,NA,0,0,0,0,NA,NA,,0,sweep;repeats=50;repeat_idx=13;cohort=common;OMP_NUM_THREADS=20;places=cores;proc_bind=spread;bytes_per_iter=32;nt_store=0;pJ_per_B=1497.036;GBps_per_W=0.6680,0.0000303625
2025-10-13T11:21:01,rock-ms7a95,NA,0,kernel,1,1.1,1.1316,1.1316,108.912,96.2,0,stream_triad,openmp,float32,67108864,34,34,1.1316,108.912,96.2,96.2,73014444032,64.52,steady_clock,rapl_energy_uj_delta,0,cpu:Intel(R) Core(TM) i9-7900X CPU @ 3.30GHz,NA,0,0,0,0,NA,NA,,0,sweep;repeats=50;repeat_idx=14;cohort=common;OMP_NUM_THREADS=20;places=cores;proc_bind=spread;bytes_per_iter=32;nt_store=0;pJ_per_B=1491.644;GBps_per_W=0.6704,3.02533333333333E-05
2025-10-13T11:21:02,rock-ms7a95,NA,0,kernel,1,1.1,1.1317,1.1317,109.329,96.6,0,stream_triad,openmp,float32,67108864,34,34,1.1317,109.329,96.6,96.6,73014444032,64.52,steady_clock,rapl_energy_uj_delta,0,cpu:Intel(R) Core(TM) i9-7900X CPU @ 3.30GHz,NA,0,0,0,0,NA,NA,,0,sweep;repeats=50;repeat_idx=15;cohort=common;OMP_NUM_THREADS=20;places=cores;proc_bind=spread;bytes_per_iter=32;nt_store=0;pJ_per_B=1497.355;GBps_per_W=0.6678,3.03691666666667E-05
2025-10-13T11:21:03,rock-ms7a95,NA,0,kernel,1,1.1,1.1317,1.1317,108.889,96.2,0,stream_triad,openmp,float32,67108864,34,34,1.1317,108.889,96.2,96.2,73014444032,64.52,steady_clock,rapl_energy_uj_delta,0,cpu:Intel(R) Core(TM) i9-7900X CPU @ 3.30GHz,NA,0,0,0,0,NA,NA,,0,sweep;repeats=50;repeat_idx=16;cohort=common;OMP_NUM_THREADS=20;places=cores;proc_bind=spread;bytes_per_iter=32;nt_store=0;pJ_per_B=1491.336;GBps_per_W=0.6705,3.02469444444444E-05
2025-10-13T11:21:04,rock-ms7a95,NA,0,kernel,1,1.1,1.1316,1.1316,109.788,97,0,stream_triad,openmp,float32,67108864,34,34,1.1316,109.788,97,97,73014444032,64.52,steady_clock,rapl_energy_uj_delta,0,cpu:Intel(R) Core(TM) i9-7900X CPU @ 3.30GHz,NA,0,0,0,0,NA,NA,,0,sweep;repeats=50;repeat_idx=17;cohort=common;OMP_NUM_THREADS=20;places=cores;proc_bind=spread;bytes_per_iter=32;nt_store=0;pJ_per_B=1503.654;GBps_per_W=0.6650,3.04966666666667E-05
2025-10-13T11:21:05,rock-ms7a95,NA,0,kernel,1,1.1,1.1316,1.1316,109.787,97,0,stream_triad,openmp,float32,67108864,34,34,1.1316,109.787,97,97,73014444032,64.52,steady_clock,rapl_energy_uj_delta,0,cpu:Intel(R) Core(TM) i9-7900X CPU @ 3.30GHz,NA,0,0,0,0,NA,NA,,0,sweep;repeats=50;repeat_idx=18;cohort=common;OMP_NUM_THREADS=20;places=cores;proc_bind=spread;bytes_per_iter=32;nt_store=0;pJ_per_B=1503.641;GBps_per_W=0.6651,3.04963888888889E-05
2025-10-13T11:21:07,rock-ms7a95,NA,0,kernel,1,1.1,1.1316,1.1316,109.394,96.7,0,stream_triad,openmp,float32,67108864,34,34,1.1316,109.394,96.7,96.7,73014444032,64.52,steady_clock,rapl_energy_uj_delta,0,cpu:Intel(R) Core(TM) i9-7900X CPU @ 3.30GHz,NA,0,0,0,0,NA,NA,,0,sweep;repeats=50;repeat_idx=19;cohort=common;OMP_NUM_THREADS=20;places=cores;proc_bind=spread;bytes_per_iter=32;nt_store=0;pJ_per_B=1498.252;GBps_per_W=0.6674,3.03872222222222E-05
2025-10-13T11:21:08,rock-ms7a95,NA,0,kernel,1,1.1,1.1318,1.1318,109.704,96.9,0,stream_triad,openmp,float32,67108864,34,34,1.1318,109.704,96.9,96.9,73014444032,64.51,steady_clock,rapl_energy_uj_delta,0,cpu:Intel(R) Core(TM) i9-7900X CPU @ 3.30GHz,NA,0,0,0,0,NA,NA,,0,sweep;repeats=50;repeat_idx=20;cohort=common;OMP_NUM_THREADS=20;places=cores;proc_bind=spread;bytes_per_iter=32;nt_store=0;pJ_per_B=1502.494;GBps_per_W=0.6656,3.04733333333333E-05
2025-10-13T11:21:09,rock-ms7a95,NA,0,kernel,1,1.1,1.1316,1.1316,109.512,96.8,0,stream_triad,openmp,float32,67108864,34,34,1.1316,109.512,96.8,96.8,73014444032,64.52,steady_clock,rapl_energy_uj_delta,0,cpu:Intel(R) Core(TM) i9-7900X CPU @ 3.30GHz,NA,0,0,0,0,NA,NA,,0,sweep;repeats=50;repeat_idx=21;cohort=common;OMP_NUM_THREADS=20;places=cores;proc_bind=spread;bytes_per_iter=32;nt_store=0;pJ_per_B=1499.867;GBps_per_W=0.6667,0.00003042
2025-10-13T11:21:10,rock-ms7a95,NA,0,kernel,1,1.1,1.1316,1.1316,109.685,96.9,0,stream_triad,openmp,float32,67108864,34,34,1.1316,109.685,96.9,96.9,73014444032,64.52,steady_clock,rapl_energy_uj_delta,0,cpu:Intel(R) Core(TM) i9-7900X CPU @ 3.30GHz,NA,0,0,0,0,NA,NA,,0,sweep;repeats=50;repeat_idx=22;cohort=common;OMP_NUM_THREADS=20;places=cores;proc_bind=spread;bytes_per_iter=32;nt_store=0;pJ_per_B=1502.233;GBps_per_W=0.6657,3.04680555555556E-05
2025-10-13T11:21:11,rock-ms7a95,NA,0,kernel,1,1.1,1.1316,1.1316,109.131,96.4,0,stream_triad,openmp,float32,67108864,34,34,1.1316,109.131,96.4,96.4,73014444032,64.52,steady_clock,rapl_energy_uj_delta,0,cpu:Intel(R) Core(TM) i9-7900X CPU @ 3.30GHz,NA,0,0,0,0,NA,NA,,0,sweep;repeats=50;repeat_idx=23;cohort=common;OMP_NUM_THREADS=20;places=cores;proc_bind=spread;bytes_per_iter=32;nt_store=0;pJ_per_B=1494.655;GBps_per_W=0.6691,3.03141666666667E-05
2025-10-13T11:21:12,rock-ms7a95,NA,0,kernel,1,1.1,1.1317,1.1317,109.543,96.8,0,stream_triad,openmp,float32,67108864,34,34,1.1317,109.543,96.8,96.8,73014444032,64.52,steady_clock,rapl_energy_uj_delta,0,cpu:Intel(R) Core(TM) i9-7900X CPU @ 3.30GHz,NA,0,0,0,0,NA,NA,,0,sweep;repeats=50;repeat_idx=24;cohort=common;OMP_NUM_THREADS=20;places=cores;proc_bind=spread;bytes_per_iter=32;nt_store=0;pJ_per_B=1500.295;GBps_per_W=0.6665,3.04286111111111E-05
2025-10-13T11:21:13,rock-ms7a95,NA,0,kernel,1,1.1,1.1315,1.1315,109.66,96.9,0,stream_triad,openmp,float32,67108864,34,34,1.1315,109.66,96.9,96.9,73014444032,64.53,steady_clock,rapl_energy_uj_delta,0,cpu:Intel(R) Core(TM) i9-7900X CPU @ 3.30GHz,NA,0,0,0,0,NA,NA,,0,sweep;repeats=50;repeat_idx=25;cohort=common;OMP_NUM_THREADS=20;places=cores;proc_bind=spread;bytes_per_iter=32;nt_store=0;pJ_per_B=1501.901;GBps_per_W=0.6658,3.04611111111111E-05
2025-10-13T11:21:15,rock-ms7a95,NA,0,kernel,1,1.1,1.1316,1.1316,109.296,96.6,0,stream_triad,openmp,float32,67108864,34,34,1.1316,109.296,96.6,96.6,73014444032,64.52,steady_clock,rapl_energy_uj_delta,0,cpu:Intel(R) Core(TM) i9-7900X CPU @ 3.30GHz,NA,0,0,0,0,NA,NA,,0,sweep;repeats=50;repeat_idx=26;cohort=common;OMP_NUM_THREADS=20;places=cores;proc_bind=spread;bytes_per_iter=32;nt_store=0;pJ_per_B=1496.908;GBps_per_W=0.6680,0.00003036
2025-10-13T11:21:16,rock-ms7a95,NA,0,kernel,1,1.1,1.1316,1.1316,109.647,96.9,0,stream_triad,openmp,float32,67108864,34,34,1.1316,109.647,96.9,96.9,73014444032,64.52,steady_clock,rapl_energy_uj_delta,0,cpu:Intel(R) Core(TM) i9-7900X CPU @ 3.30GHz,NA,0,0,0,0,NA,NA,,0,sweep;repeats=50;repeat_idx=27;cohort=common;OMP_NUM_THREADS=20;places=cores;proc_bind=spread;bytes_per_iter=32;nt_store=0;pJ_per_B=1501.719;GBps_per_W=0.6659,0.0000304575
2025-10-13T11:21:17,rock-ms7a95,NA,0,kernel,1,1.1,1.1316,1.1316,109.271,96.6,0,stream_triad,openmp,float32,67108864,34,34,1.1316,109.271,96.6,96.6,73014444032,64.52,steady_clock,rapl_energy_uj_delta,0,cpu:Intel(R) Core(TM) i9-7900X CPU @ 3.30GHz,NA,0,0,0,0,NA,NA,,0,sweep;repeats=50;repeat_idx=28;cohort=common;OMP_NUM_THREADS=20;places=cores;proc_bind=spread;bytes_per_iter=32;nt_store=0;pJ_per_B=1496.572;GBps_per_W=0.6682,3.03530555555556E-05
2025-10-13T11:21:18,rock-ms7a95,NA,0,kernel,1,1.1,1.1316,1.1316,109.363,96.6,0,stream_triad,openmp,float32,67108864,34,34,1.1316,109.363,96.6,96.6,73014444032,64.52,steady_clock,rapl_energy_uj_delta,0,cpu:Intel(R) Core(TM) i9-7900X CPU @ 3.30GHz,NA,0,0,0,0,NA,NA,,0,sweep;repeats=50;repeat_idx=29;cohort=common;OMP_NUM_THREADS=20;places=cores;proc_bind=spread;bytes_per_iter=32;nt_store=0;pJ_per_B=1497.831;GBps_per_W=0.6676,3.03786111111111E-05
2025-10-13T11:21:19,rock-ms7a95,NA,0,kernel,1,1.1,1.1318,1.1318,109.131,96.4,0,stream_triad,openmp,float32,67108864,34,34,1.1318,109.131,96.4,96.4,73014444032,64.51,steady_clock,rapl_energy_uj_delta,0,cpu:Intel(R) Core(TM) i9-7900X CPU @ 3.30GHz,NA,0,0,0,0,NA,NA,,0,sweep;repeats=50;repeat_idx=30;cohort=common;OMP_NUM_THREADS=20;places=cores;proc_bind=spread;bytes_per_iter=32;nt_store=0;pJ_per_B=1494.652;GBps_per_W=0.6691,3.03141666666667E-05
2025-10-13T11:21:20,rock-ms7a95,NA,0,kernel,1,1.1,1.1317,1.1317,109.178,96.5,0,stream_triad,openmp,float32,67108864,34,34,1.1317,109.178,96.5,96.5,73014444032,64.52,steady_clock,rapl_energy_uj_delta,0,cpu:Intel(R) Core(TM) i9-7900X CPU @ 3.30GHz,NA,0,0,0,0,NA,NA,,0,sweep;repeats=50;repeat_idx=31;cohort=common;OMP_NUM_THREADS=20;places=cores;proc_bind=spread;bytes_per_iter=32;nt_store=0;pJ_per_B=1495.287;GBps_per_W=0.6688,3.03272222222222E-05
2025-10-13T11:21:22,rock-ms7a95,NA,0,kernel,1,1.1,1.1316,1.1316,109.692,96.9,0,stream_triad,openmp,float32,67108864,34,34,1.1316,109.692,96.9,96.9,73014444032,64.52,steady_clock,rapl_energy_uj_delta,0,cpu:Intel(R) Core(TM) i9-7900X CPU @ 3.30GHz,NA,0,0,0,0,NA,NA,,0,sweep;repeats=50;repeat_idx=32;cohort=common;OMP_NUM_THREADS=20;places=cores;proc_bind=spread;bytes_per_iter=32;nt_store=0;pJ_per_B=1502.328;GBps_per_W=0.6656,0.00003047
2025-10-13T11:21:23,rock-ms7a95,NA,0,kernel,1,1.1,1.1315,1.1315,109.615,96.9,0,stream_triad,openmp,float32,67108864,34,34,1.1315,109.615,96.9,96.9,73014444032,64.53,steady_clock,rapl_energy_uj_delta,0,cpu:Intel(R) Core(TM) i9-7900X CPU @ 3.30GHz,NA,0,0,0,0,NA,NA,,0,sweep;repeats=50;repeat_idx=33;cohort=common;OMP_NUM_THREADS=20;places=cores;proc_bind=spread;bytes_per_iter=32;nt_store=0;pJ_per_B=1501.278;GBps_per_W=0.6661,3.04486111111111E-05
2025-10-13T11:21:24,rock-ms7a95,NA,0,kernel,1,1.1,1.1316,1.1316,109.624,96.9,0,stream_triad,openmp,float32,67108864,34,34,1.1316,109.624,96.9,96.9,73014444032,64.52,steady_clock,rapl_energy_uj_delta,0,cpu:Intel(R) Core(TM) i9-7900X CPU @ 3.30GHz,NA,0,0,0,0,NA,NA,,0,sweep;repeats=50;repeat_idx=34;cohort=common;OMP_NUM_THREADS=20;places=cores;proc_bind=spread;bytes_per_iter=32;nt_store=0;pJ_per_B=1501.397;GBps_per_W=0.6660,3.04511111111111E-05
2025-10-13T11:21:25,rock-ms7a95,NA,0,kernel,1,1.1,1.1314,1.1314,110.129,97.3,0,stream_triad,openmp,float32,67108864,34,34,1.1314,110.129,97.3,97.3,73014444032,64.53,steady_clock,rapl_energy_uj_delta,0,cpu:Intel(R) Core(TM) i9-7900X CPU @ 3.30GHz,NA,0,0,0,0,NA,NA,,0,sweep;repeats=50;repeat_idx=35;cohort=common;OMP_NUM_THREADS=20;places=cores;proc_bind=spread;bytes_per_iter=32;nt_store=0;pJ_per_B=1508.312;GBps_per_W=0.6630,3.05913888888889E-05
2025-10-13T11:21:26,rock-ms7a95,NA,0,kernel,1,1.1,1.1314,1.1314,109.621,96.9,0,stream_triad,openmp,float32,67108864,34,34,1.1314,109.621,96.9,96.9,73014444032,64.53,steady_clock,rapl_energy_uj_delta,0,cpu:Intel(R) Core(TM) i9-7900X CPU @ 3.30GHz,NA,0,0,0,0,NA,NA,,0,sweep;repeats=50;repeat_idx=36;cohort=common;OMP_NUM_THREADS=20;places=cores;proc_bind=spread;bytes_per_iter=32;nt_store=0;pJ_per_B=1501.364;GBps_per_W=0.6661,3.04502777777778E-05
2025-10-13T11:21:27,rock-ms7a95,NA,0,kernel,1,1.1,1.1316,1.1316,109.578,96.8,0,stream_triad,openmp,float32,67108864,34,34,1.1316,109.578,96.8,96.8,73014444032,64.52,steady_clock,rapl_energy_uj_delta,0,cpu:Intel(R) Core(TM) i9-7900X CPU @ 3.30GHz,NA,0,0,0,0,NA,NA,,0,sweep;repeats=50;repeat_idx=37;cohort=common;OMP_NUM_THREADS=20;places=cores;proc_bind=spread;bytes_per_iter=32;nt_store=0;pJ_per_B=1500.771;GBps_per_W=0.6663,3.04383333333333E-05
2025-10-13T11:21:28,rock-ms7a95,NA,0,kernel,1,1.1,1.1316,1.1316,109.712,97,0,stream_triad,openmp,float32,67108864,34,34,1.1316,109.712,97,97,73014444032,64.52,steady_clock,rapl_energy_uj_delta,0,cpu:Intel(R) Core(TM) i9-7900X CPU @ 3.30GHz,NA,0,0,0,0,NA,NA,,0,sweep;repeats=50;repeat_idx=38;cohort=common;OMP_NUM_THREADS=20;places=cores;proc_bind=spread;bytes_per_iter=32;nt_store=0;pJ_per_B=1502.606;GBps_per_W=0.6655,3.04755555555556E-05
2025-10-13T11:21:30,rock-ms7a95,NA,0,kernel,1,1.1,1.1316,1.1316,109.346,96.6,0,stream_triad,openmp,float32,67108864,34,34,1.1316,109.346,96.6,96.6,73014444032,64.52,steady_clock,rapl_energy_uj_delta,0,cpu:Intel(R) Core(TM) i9-7900X CPU @ 3.30GHz,NA,0,0,0,0,NA,NA,,0,sweep;repeats=50;repeat_idx=39;cohort=common;OMP_NUM_THREADS=20;places=cores;proc_bind=spread;bytes_per_iter=32;nt_store=0;pJ_per_B=1497.588;GBps_per_W=0.6677,3.03738888888889E-05
2025-10-13T11:21:31,rock-ms7a95,NA,0,kernel,1,1.1,1.1315,1.1315,109.611,96.9,0,stream_triad,openmp,float32,67108864,34,34,1.1315,109.611,96.9,96.9,73014444032,64.53,steady_clock,rapl_energy_uj_delta,0,cpu:Intel(R) Core(TM) i9-7900X CPU @ 3.30GHz,NA,0,0,0,0,NA,NA,,0,sweep;repeats=50;repeat_idx=40;cohort=common;OMP_NUM_THREADS=20;places=cores;proc_bind=spread;bytes_per_iter=32;nt_store=0;pJ_per_B=1501.221;GBps_per_W=0.6661,0.0000304475
2025-10-13T11:21:32,rock-ms7a95,NA,0,kernel,1,1.1,1.1316,1.1316,109.639,96.9,0,stream_triad,openmp,float32,67108864,34,34,1.1316,109.639,96.9,96.9,73014444032,64.52,steady_clock,rapl_energy_uj_delta,0,cpu:Intel(R) Core(TM) i9-7900X CPU @ 3.30GHz,NA,0,0,0,0,NA,NA,,0,sweep;repeats=50;repeat_idx=41;cohort=common;OMP_NUM_THREADS=20;places=cores;proc_bind=spread;bytes_per_iter=32;nt_store=0;pJ_per_B=1501.611;GBps_per_W=0.6660,3.04552777777778E-05
2025-10-13T11:21:33,rock-ms7a95,NA,0,kernel,1,1.1,1.1315,1.1315,109.278,96.6,0,stream_triad,openmp,float32,67108864,34,34,1.1315,109.278,96.6,96.6,73014444032,64.53,steady_clock,rapl_energy_uj_delta,0,cpu:Intel(R) Core(TM) i9-7900X CPU @ 3.30GHz,NA,0,0,0,0,NA,NA,,0,sweep;repeats=50;repeat_idx=42;cohort=common;OMP_NUM_THREADS=20;places=cores;proc_bind=spread;bytes_per_iter=32;nt_store=0;pJ_per_B=1496.666;GBps_per_W=0.6682,0.000030355
2025-10-13T11:21:34,rock-ms7a95,NA,0,kernel,1,1.1,1.1316,1.1316,110.1,97.3,0,stream_triad,openmp,float32,67108864,34,34,1.1316,110.1,97.3,97.3,73014444032,64.52,steady_clock,rapl_energy_uj_delta,0,cpu:Intel(R) Core(TM) i9-7900X CPU @ 3.30GHz,NA,0,0,0,0,NA,NA,,0,sweep;repeats=50;repeat_idx=43;cohort=common;OMP_NUM_THREADS=20;places=cores;proc_bind=spread;bytes_per_iter=32;nt_store=0;pJ_per_B=1507.914;GBps_per_W=0.6632,3.05833333333333E-05
2025-10-13T11:21:35,rock-ms7a95,NA,0,kernel,1,1.1,1.1317,1.1317,109.63,96.9,0,stream_triad,openmp,float32,67108864,34,34,1.1317,109.63,96.9,96.9,73014444032,64.52,steady_clock,rapl_energy_uj_delta,0,cpu:Intel(R) Core(TM) i9-7900X CPU @ 3.30GHz,NA,0,0,0,0,NA,NA,,0,sweep;repeats=50;repeat_idx=44;cohort=common;OMP_NUM_THREADS=20;places=cores;proc_bind=spread;bytes_per_iter=32;nt_store=0;pJ_per_B=1501.486;GBps_per_W=0.6660,3.04527777777778E-05
2025-10-13T11:21:36,rock-ms7a95,NA,0,kernel,1,1.1,1.1316,1.1316,109.372,96.7,0,stream_triad,openmp,float32,67108864,34,34,1.1316,109.372,96.7,96.7,73014444032,64.53,steady_clock,rapl_energy_uj_delta,0,cpu:Intel(R) Core(TM) i9-7900X CPU @ 3.30GHz,NA,0,0,0,0,NA,NA,,0,sweep;repeats=50;repeat_idx=45;cohort=common;OMP_NUM_THREADS=20;places=cores;proc_bind=spread;bytes_per_iter=32;nt_store=0;pJ_per_B=1497.946;GBps_per_W=0.6676,3.03811111111111E-05
2025-10-13T11:21:38,rock-ms7a95,NA,0,kernel,1,1.1,1.1315,1.1315,109.41,96.7,0,stream_triad,openmp,float32,67108864,34,34,1.1315,109.41,96.7,96.7,73014444032,64.53,steady_clock,rapl_energy_uj_delta,0,cpu:Intel(R) Core(TM) i9-7900X CPU @ 3.30GHz,NA,0,0,0,0,NA,NA,,0,sweep;repeats=50;repeat_idx=46;cohort=common;OMP_NUM_THREADS=20;places=cores;proc_bind=spread;bytes_per_iter=32;nt_store=0;pJ_per_B=1498.467;GBps_per_W=0.6673,3.03916666666667E-05
2025-10-13T11:21:39,rock-ms7a95,NA,0,kernel,1,1.1,1.1315,1.1315,109.454,96.7,0,stream_triad,openmp,float32,67108864,34,34,1.1315,109.454,96.7,96.7,73014444032,64.53,steady_clock,rapl_energy_uj_delta,0,cpu:Intel(R) Core(TM) i9-7900X CPU @ 3.30GHz,NA,0,0,0,0,NA,NA,,0,sweep;repeats=50;repeat_idx=47;cohort=common;OMP_NUM_THREADS=20;places=cores;proc_bind=spread;bytes_per_iter=32;nt_store=0;pJ_per_B=1499.080;GBps_per_W=0.6671,3.04038888888889E-05
2025-10-13T11:21:40,rock-ms7a95,NA,0,kernel,1,1.1,1.1316,1.1316,109.025,96.3,0,stream_triad,openmp,float32,67108864,34,34,1.1316,109.025,96.3,96.3,73014444032,64.52,steady_clock,rapl_energy_uj_delta,0,cpu:Intel(R) Core(TM) i9-7900X CPU @ 3.30GHz,NA,0,0,0,0,NA,NA,,0,sweep;repeats=50;repeat_idx=48;cohort=common;OMP_NUM_THREADS=20;places=cores;proc_bind=spread;bytes_per_iter=32;nt_store=0;pJ_per_B=1493.195;GBps_per_W=0.6697,3.02847222222222E-05
2025-10-13T11:21:41,rock-ms7a95,NA,0,kernel,1,1.1,1.1317,1.1317,109.6,96.8,0,stream_triad,openmp,float32,67108864,34,34,1.1317,109.6,96.8,96.8,73014444032,64.52,steady_clock,rapl_energy_uj_delta,0,cpu:Intel(R) Core(TM) i9-7900X CPU @ 3.30GHz,NA,0,0,0,0,NA,NA,,0,sweep;repeats=50;repeat_idx=49;cohort=common;OMP_NUM_THREADS=20;places=cores;proc_bind=spread;bytes_per_iter=32;nt_store=0;pJ_per_B=1501.079;GBps_per_W=0.6662,3.04444444444444E-05
2025-10-13T11:21:42,rock-ms7a95,NA,0,kernel,1,1.1,1.1342,1.1342,109.528,96.6,0,stream_triad,openmp,float32,134217728,17,17,1.1342,109.528,96.6,96.6,73014444032,64.37,steady_clock,rapl_energy_uj_delta,0,cpu:Intel(R) Core(TM) i9-7900X CPU @ 3.30GHz,NA,0,0,0,0,NA,NA,,0,sweep;repeats=50;repeat_idx=0;cohort=common;OMP_NUM_THREADS=20;places=cores;proc_bind=spread;bytes_per_iter=32;nt_store=0;pJ_per_B=1500.083;GBps_per_W=0.6666,3.04244444444444E-05
2025-10-13T11:21:44,rock-ms7a95,NA,0,kernel,1,1.1,1.134,1.134,109.749,96.8,0,stream_triad,openmp,float32,134217728,17,17,1.134,109.749,96.8,96.8,73014444032,64.39,steady_clock,rapl_energy_uj_delta,0,cpu:Intel(R) Core(TM) i9-7900X CPU @ 3.30GHz,NA,0,0,0,0,NA,NA,,0,sweep;repeats=50;repeat_idx=1;cohort=common;OMP_NUM_THREADS=20;places=cores;proc_bind=spread;bytes_per_iter=32;nt_store=0;pJ_per_B=1503.114;GBps_per_W=0.6653,3.04858333333333E-05
2025-10-13T11:21:45,rock-ms7a95,NA,0,kernel,1,1.1,1.134,1.134,110.079,97.1,0,stream_triad,openmp,float32,134217728,17,17,1.134,110.079,97.1,97.1,73014444032,64.39,steady_clock,rapl_energy_uj_delta,0,cpu:Intel(R) Core(TM) i9-7900X CPU @ 3.30GHz,NA,0,0,0,0,NA,NA,,0,sweep;repeats=50;repeat_idx=2;cohort=common;OMP_NUM_THREADS=20;places=cores;proc_bind=spread;bytes_per_iter=32;nt_store=0;pJ_per_B=1507.632;GBps_per_W=0.6633,0.0000305775
2025-10-13T11:21:46,rock-ms7a95,NA,0,kernel,1,1.1,1.1343,1.1343,110.062,97,0,stream_triad,openmp,float32,134217728,17,17,1.1343,110.062,97,97,73014444032,64.37,steady_clock,rapl_energy_uj_delta,0,cpu:Intel(R) Core(TM) i9-7900X CPU @ 3.30GHz,NA,0,0,0,0,NA,NA,,0,sweep;repeats=50;repeat_idx=3;cohort=common;OMP_NUM_THREADS=20;places=cores;proc_bind=spread;bytes_per_iter=32;nt_store=0;pJ_per_B=1507.399;GBps_per_W=0.6634,3.05727777777778E-05
2025-10-13T11:21:47,rock-ms7a95,NA,0,kernel,1,1.1,1.134,1.134,110.03,97,0,stream_triad,openmp,float32,134217728,17,17,1.134,110.03,97,97,73014444032,64.39,steady_clock,rapl_energy_uj_delta,0,cpu:Intel(R) Core(TM) i9-7900X CPU @ 3.30GHz,NA,0,0,0,0,NA,NA,,0,sweep;repeats=50;repeat_idx=4;cohort=common;OMP_NUM_THREADS=20;places=cores;proc_bind=spread;bytes_per_iter=32;nt_store=0;pJ_per_B=1506.959;GBps_per_W=0.6636,3.05638888888889E-05
2025-10-13T11:21:48,rock-ms7a95,NA,0,kernel,1,1.1,1.1341,1.1341,110.105,97.1,0,stream_triad,openmp,float32,134217728,17,17,1.1341,110.105,97.1,97.1,73014444032,64.38,steady_clock,rapl_energy_uj_delta,0,cpu:Intel(R) Core(TM) i9-7900X CPU @ 3.30GHz,NA,0,0,0,0,NA,NA,,0,sweep;repeats=50;repeat_idx=5;cohort=common;OMP_NUM_THREADS=20;places=cores;proc_bind=spread;bytes_per_iter=32;nt_store=0;pJ_per_B=1507.993;GBps_per_W=0.6631,3.05847222222222E-05
2025-10-13T11:21:49,rock-ms7a95,NA,0,kernel,1,1.1,1.134,1.134,109.667,96.7,0,stream_triad,openmp,float32,134217728,17,17,1.134,109.667,96.7,96.7,73014444032,64.39,steady_clock,rapl_energy_uj_delta,0,cpu:Intel(R) Core(TM) i9-7900X CPU @ 3.30GHz,NA,0,0,0,0,NA,NA,,0,sweep;repeats=50;repeat_idx=6;cohort=common;OMP_NUM_THREADS=20;places=cores;proc_bind=spread;bytes_per_iter=32;nt_store=0;pJ_per_B=1501.993;GBps_per_W=0.6658,3.04630555555556E-05
2025-10-13T11:21:51,rock-ms7a95,NA,0,kernel,1,1.1,1.1337,1.1337,109.945,97,0,stream_triad,openmp,float32,134217728,17,17,1.1337,109.945,97,97,73014444032,64.4,steady_clock,rapl_energy_uj_delta,0,cpu:Intel(R) Core(TM) i9-7900X CPU @ 3.30GHz,NA,0,0,0,0,NA,NA,,0,sweep;repeats=50;repeat_idx=7;cohort=common;OMP_NUM_THREADS=20;places=cores;proc_bind=spread;bytes_per_iter=32;nt_store=0;pJ_per_B=1505.793;GBps_per_W=0.6641,3.05402777777778E-05
2025-10-13T11:21:52,rock-ms7a95,NA,0,kernel,1,1.1,1.134,1.134,109.441,96.5,0,stream_triad,openmp,float32,134217728,17,17,1.134,109.441,96.5,96.5,73014444032,64.39,steady_clock,rapl_energy_uj_delta,0,cpu:Intel(R) Core(TM) i9-7900X CPU @ 3.30GHz,NA,0,0,0,0,NA,NA,,0,sweep;repeats=50;repeat_idx=8;cohort=common;OMP_NUM_THREADS=20;places=cores;proc_bind=spread;bytes_per_iter=32;nt_store=0;pJ_per_B=1498.895;GBps_per_W=0.6672,3.04002777777778E-05
2025-10-13T11:21:53,rock-ms7a95,NA,0,kernel,1,1.1,1.134,1.134,109.013,96.1,0,stream_triad,openmp,float32,134217728,17,17,1.134,109.013,96.1,96.1,73014444032,64.39,steady_clock,rapl_energy_uj_delta,0,cpu:Intel(R) Core(TM) i9-7900X CPU @ 3.30GHz,NA,0,0,0,0,NA,NA,,0,sweep;repeats=50;repeat_idx=9;cohort=common;OMP_NUM_THREADS=20;places=cores;proc_bind=spread;bytes_per_iter=32;nt_store=0;pJ_per_B=1493.030;GBps_per_W=0.6698,3.02813888888889E-05
2025-10-13T11:21:54,rock-ms7a95,NA,0,kernel,1,1.1,1.1342,1.1342,109.583,96.6,0,stream_triad,openmp,float32,134217728,17,17,1.1342,109.583,96.6,96.6,73014444032,64.37,steady_clock,rapl_energy_uj_delta,0,cpu:Intel(R) Core(TM) i9-7900X CPU @ 3.30GHz,NA,0,0,0,0,NA,NA,,0,sweep;repeats=50;repeat_idx=10;cohort=common;OMP_NUM_THREADS=20;places=cores;proc_bind=spread;bytes_per_iter=32;nt_store=0;pJ_per_B=1500.842;GBps_per_W=0.6663,3.04397222222222E-05
2025-10-13T11:21:55,rock-ms7a95,NA,0,kernel,1,1.1,1.1341,1.1341,109.648,96.7,0,stream_triad,openmp,float32,134217728,17,17,1.1341,109.648,96.7,96.7,73014444032,64.38,steady_clock,rapl_energy_uj_delta,0,cpu:Intel(R) Core(TM) i9-7900X CPU @ 3.30GHz,NA,0,0,0,0,NA,NA,,0,sweep;repeats=50;repeat_idx=11;cohort=common;OMP_NUM_THREADS=20;places=cores;proc_bind=spread;bytes_per_iter=32;nt_store=0;pJ_per_B=1501.733;GBps_per_W=0.6659,3.04577777777778E-05
2025-10-13T11:21:56,rock-ms7a95,NA,0,kernel,1,1.1,1.1342,1.1342,109.262,96.3,0,stream_triad,openmp,float32,134217728,17,17,1.1342,109.262,96.3,96.3,73014444032,64.38,steady_clock,rapl_energy_uj_delta,0,cpu:Intel(R) Core(TM) i9-7900X CPU @ 3.30GHz,NA,0,0,0,0,NA,NA,,0,sweep;repeats=50;repeat_idx=12;cohort=common;OMP_NUM_THREADS=20;places=cores;proc_bind=spread;bytes_per_iter=32;nt_store=0;pJ_per_B=1496.445;GBps_per_W=0.6683,3.03505555555556E-05
2025-10-13T11:21:58,rock-ms7a95,NA,0,kernel,1,1.1,1.134,1.134,109.883,96.9,0,stream_triad,openmp,float32,134217728,17,17,1.134,109.883,96.9,96.9,73014444032,64.39,steady_clock,rapl_energy_uj_delta,0,cpu:Intel(R) Core(TM) i9-7900X CPU @ 3.30GHz,NA,0,0,0,0,NA,NA,,0,sweep;repeats=50;repeat_idx=13;cohort=common;OMP_NUM_THREADS=20;places=cores;proc_bind=spread;bytes_per_iter=32;nt_store=0;pJ_per_B=1504.942;GBps_per_W=0.6645,3.05230555555556E-05
2025-10-13T11:21:59,rock-ms7a95,NA,0,kernel,1,1.1,1.1342,1.1342,109.574,96.6,0,stream_triad,openmp,float32,134217728,17,17,1.1342,109.574,96.6,96.6,73014444032,64.38,steady_clock,rapl_energy_uj_delta,0,cpu:Intel(R) Core(TM) i9-7900X CPU @ 3.30GHz,NA,0,0,0,0,NA,NA,,0,sweep;repeats=50;repeat_idx=14;cohort=common;OMP_NUM_THREADS=20;places=cores;proc_bind=spread;bytes_per_iter=32;nt_store=0;pJ_per_B=1500.713;GBps_per_W=0.6663,3.04372222222222E-05
2025-10-13T11:22:00,rock-ms7a95,NA,0,kernel,1,1.1,1.1341,1.1341,109.938,96.9,0,stream_triad,openmp,float32,134217728,17,17,1.1341,109.938,96.9,96.9,73014444032,64.38,steady_clock,rapl_energy_uj_delta,0,cpu:Intel(R) Core(TM) i9-7900X CPU @ 3.30GHz,NA,0,0,0,0,NA,NA,,0,sweep;repeats=50;repeat_idx=15;cohort=common;OMP_NUM_THREADS=20;places=cores;proc_bind=spread;bytes_per_iter=32;nt_store=0;pJ_per_B=1505.696;GBps_per_W=0.6641,3.05383333333333E-05
2025-10-13T11:22:01,rock-ms7a95,NA,0,kernel,1,1.1,1.134,1.134,109.976,97,0,stream_triad,openmp,float32,134217728,17,17,1.134,109.976,97,97,73014444032,64.39,steady_clock,rapl_energy_uj_delta,0,cpu:Intel(R) Core(TM) i9-7900X CPU @ 3.30GHz,NA,0,0,0,0,NA,NA,,0,sweep;repeats=50;repeat_idx=16;cohort=common;OMP_NUM_THREADS=20;places=cores;proc_bind=spread;bytes_per_iter=32;nt_store=0;pJ_per_B=1506.216;GBps_per_W=0.6639,3.05488888888889E-05
2025-10-13T11:22:02,rock-ms7a95,NA,0,kernel,1,1.1,1.134,1.134,109.635,96.7,0,stream_triad,openmp,float32,134217728,17,17,1.134,109.635,96.7,96.7,73014444032,64.39,steady_clock,rapl_energy_uj_delta,0,cpu:Intel(R) Core(TM) i9-7900X CPU @ 3.30GHz,NA,0,0,0,0,NA,NA,,0,sweep;repeats=50;repeat_idx=17;cohort=common;OMP_NUM_THREADS=20;places=cores;proc_bind=spread;bytes_per_iter=32;nt_store=0;pJ_per_B=1501.549;GBps_per_W=0.6660,3.04541666666667E-05
2025-10-13T11:22:03,rock-ms7a95,NA,0,kernel,1,1.1,1.1342,1.1342,109.737,96.8,0,stream_triad,openmp,float32,134217728,17,17,1.1342,109.737,96.8,96.8,73014444032,64.38,steady_clock,rapl_energy_uj_delta,0,cpu:Intel(R) Core(TM) i9-7900X CPU @ 3.30GHz,NA,0,0,0,0,NA,NA,,0,sweep;repeats=50;repeat_idx=18;cohort=common;OMP_NUM_THREADS=20;places=cores;proc_bind=spread;bytes_per_iter=32;nt_store=0;pJ_per_B=1502.943;GBps_per_W=0.6654,0.0000304825
2025-10-13T11:22:05,rock-ms7a95,NA,0,kernel,1,1.1,1.1342,1.1342,110.052,97,0,stream_triad,openmp,float32,134217728,17,17,1.1342,110.052,97,97,73014444032,64.37,steady_clock,rapl_energy_uj_delta,0,cpu:Intel(R) Core(TM) i9-7900X CPU @ 3.30GHz,NA,0,0,0,0,NA,NA,,0,sweep;repeats=50;repeat_idx=19;cohort=common;OMP_NUM_THREADS=20;places=cores;proc_bind=spread;bytes_per_iter=32;nt_store=0;pJ_per_B=1507.263;GBps_per_W=0.6635,0.00003057
2025-10-13T11:22:06,rock-ms7a95,NA,0,kernel,1,1.1,1.1343,1.1343,109.497,96.5,0,stream_triad,openmp,float32,134217728,17,17,1.1343,109.497,96.5,96.5,73014444032,64.37,steady_clock,rapl_energy_uj_delta,0,cpu:Intel(R) Core(TM) i9-7900X CPU @ 3.30GHz,NA,0,0,0,0,NA,NA,,0,sweep;repeats=50;repeat_idx=20;cohort=common;OMP_NUM_THREADS=20;places=cores;proc_bind=spread;bytes_per_iter=32;nt_store=0;pJ_per_B=1499.664;GBps_per_W=0.6668,3.04158333333333E-05
2025-10-13T11:22:07,rock-ms7a95,NA,0,kernel,1,1.1,1.1343,1.1343,109.539,96.6,0,stream_triad,openmp,float32,134217728,17,17,1.1343,109.539,96.6,96.6,73014444032,64.37,steady_clock,rapl_energy_uj_delta,0,cpu:Intel(R) Core(TM) i9-7900X CPU @ 3.30GHz,NA,0,0,0,0,NA,NA,,0,sweep;repeats=50;repeat_idx=21;cohort=common;OMP_NUM_THREADS=20;places=cores;proc_bind=spread;bytes_per_iter=32;nt_store=0;pJ_per_B=1500.236;GBps_per_W=0.6666,0.0000304275
2025-10-13T11:22:08,rock-ms7a95,NA,0,kernel,1,1.1,1.1342,1.1342,110.175,97.1,0,stream_triad,openmp,float32,134217728,17,17,1.1342,110.175,97.1,97.1,73014444032,64.37,steady_clock,rapl_energy_uj_delta,0,cpu:Intel(R) Core(TM) i9-7900X CPU @ 3.30GHz,NA,0,0,0,0,NA,NA,,0,sweep;repeats=50;repeat_idx=22;cohort=common;OMP_NUM_THREADS=20;places=cores;proc_bind=spread;bytes_per_iter=32;nt_store=0;pJ_per_B=1508.946;GBps_per_W=0.6627,3.06041666666667E-05
2025-10-13T11:22:09,rock-ms7a95,NA,0,kernel,1,1.1,1.1343,1.1343,109.916,96.9,0,stream_triad,openmp,float32,134217728,17,17,1.1343,109.916,96.9,96.9,73014444032,64.37,steady_clock,rapl_energy_uj_delta,0,cpu:Intel(R) Core(TM) i9-7900X CPU @ 3.30GHz,NA,0,0,0,0,NA,NA,,0,sweep;repeats=50;repeat_idx=23;cohort=common;OMP_NUM_THREADS=20;places=cores;proc_bind=spread;bytes_per_iter=32;nt_store=0;pJ_per_B=1505.396;GBps_per_W=0.6643,3.05322222222222E-05
2025-10-13T11:22:10,rock-ms7a95,NA,0,kernel,1,1.1,1.1342,1.1342,110.271,97.2,0,stream_triad,openmp,float32,134217728,17,17,1.1342,110.271,97.2,97.2,73014444032,64.38,steady_clock,rapl_energy_uj_delta,0,cpu:Intel(R) Core(TM) i9-7900X CPU @ 3.30GHz,NA,0,0,0,0,NA,NA,,0,sweep;repeats=50;repeat_idx=24;cohort=common;OMP_NUM_THREADS=20;places=cores;proc_bind=spread;bytes_per_iter=32;nt_store=0;pJ_per_B=1510.261;GBps_per_W=0.6621,3.06308333333333E-05
2025-10-13T11:22:12,rock-ms7a95,NA,0,kernel,1,1.1,1.1342,1.1342,109.493,96.5,0,stream_triad,openmp,float32,134217728,17,17,1.1342,109.493,96.5,96.5,73014444032,64.38,steady_clock,rapl_energy_uj_delta,0,cpu:Intel(R) Core(TM) i9-7900X CPU @ 3.30GHz,NA,0,0,0,0,NA,NA,,0,sweep;repeats=50;repeat_idx=25;cohort=common;OMP_NUM_THREADS=20;places=cores;proc_bind=spread;bytes_per_iter=32;nt_store=0;pJ_per_B=1499.612;GBps_per_W=0.6668,3.04147222222222E-05
2025-10-13T11:22:13,rock-ms7a95,NA,0,kernel,1,1.1,1.134,1.134,109.57,96.6,0,stream_triad,openmp,float32,134217728,17,17,1.134,109.57,96.6,96.6,73014444032,64.39,steady_clock,rapl_energy_uj_delta,0,cpu:Intel(R) Core(TM) i9-7900X CPU @ 3.30GHz,NA,0,0,0,0,NA,NA,,0,sweep;repeats=50;repeat_idx=26;cohort=common;OMP_NUM_THREADS=20;places=cores;proc_bind=spread;bytes_per_iter=32;nt_store=0;pJ_per_B=1500.661;GBps_per_W=0.6664,3.04361111111111E-05
2025-10-13T11:22:14,rock-ms7a95,NA,0,kernel,1,1.1,1.1341,1.1341,109.754,96.8,0,stream_triad,openmp,float32,134217728,17,17,1.1341,109.754,96.8,96.8,73014444032,64.38,steady_clock,rapl_energy_uj_delta,0,cpu:Intel(R) Core(TM) i9-7900X CPU @ 3.30GHz,NA,0,0,0,0,NA,NA,,0,sweep;repeats=50;repeat_idx=27;cohort=common;OMP_NUM_THREADS=20;places=cores;proc_bind=spread;bytes_per_iter=32;nt_store=0;pJ_per_B=1503.182;GBps_per_W=0.6653,3.04872222222222E-05
2025-10-13T11:22:15,rock-ms7a95,NA,0,kernel,1,1.1,1.1342,1.1342,109.708,96.7,0,stream_triad,openmp,float32,134217728,17,17,1.1342,109.708,96.7,96.7,73014444032,64.38,steady_clock,rapl_energy_uj_delta,0,cpu:Intel(R) Core(TM) i9-7900X CPU @ 3.30GHz,NA,0,0,0,0,NA,NA,,0,sweep;repeats=50;repeat_idx=28;cohort=common;OMP_NUM_THREADS=20;places=cores;proc_bind=spread;bytes_per_iter=32;nt_store=0;pJ_per_B=1502.553;GBps_per_W=0.6655,3.04744444444444E-05
2025-10-13T11:22:16,rock-ms7a95,NA,0,kernel,1,1.1,1.1341,1.1341,110.028,97,0,stream_triad,openmp,float32,134217728,17,17,1.1341,110.028,97,97,73014444032,64.38,steady_clock,rapl_energy_uj_delta,0,cpu:Intel(R) Core(TM) i9-7900X CPU @ 3.30GHz,NA,0,0,0,0,NA,NA,,0,sweep;repeats=50;repeat_idx=29;cohort=common;OMP_NUM_THREADS=20;places=cores;proc_bind=spread;bytes_per_iter=32;nt_store=0;pJ_per_B=1506.939;GBps_per_W=0.6636,3.05633333333333E-05
2025-10-13T11:22:17,rock-ms7a95,NA,0,kernel,1,1.1,1.1343,1.1343,109.97,97,0,stream_triad,openmp,float32,134217728,17,17,1.1343,109.97,97,97,73014444032,64.37,steady_clock,rapl_energy_uj_delta,0,cpu:Intel(R) Core(TM) i9-7900X CPU @ 3.30GHz,NA,0,0,0,0,NA,NA,,0,sweep;repeats=50;repeat_idx=30;cohort=common;OMP_NUM_THREADS=20;places=cores;proc_bind=spread;bytes_per_iter=32;nt_store=0;pJ_per_B=1506.143;GBps_per_W=0.6639,3.05472222222222E-05
2025-10-13T11:22:19,rock-ms7a95,NA,0,kernel,1,1.1,1.1342,1.1342,109.888,96.9,0,stream_triad,openmp,float32,134217728,17,17,1.1342,109.888,96.9,96.9,73014444032,64.37,steady_clock,rapl_energy_uj_delta,0,cpu:Intel(R) Core(TM) i9-7900X CPU @ 3.30GHz,NA,0,0,0,0,NA,NA,,0,sweep;repeats=50;repeat_idx=31;cohort=common;OMP_NUM_THREADS=20;places=cores;proc_bind=spread;bytes_per_iter=32;nt_store=0;pJ_per_B=1505.018;GBps_per_W=0.6644,3.05244444444444E-05
2025-10-13T11:22:20,rock-ms7a95,NA,0,kernel,1,1.1,1.1342,1.1342,109.896,96.9,0,stream_triad,openmp,float32,134217728,17,17,1.1342,109.896,96.9,96.9,73014444032,64.38,steady_clock,rapl_energy_uj_delta,0,cpu:Intel(R) Core(TM) i9-7900X CPU @ 3.30GHz,NA,0,0,0,0,NA,NA,,0,sweep;repeats=50;repeat_idx=32;cohort=common;OMP_NUM_THREADS=20;places=cores;proc_bind=spread;bytes_per_iter=32;nt_store=0;pJ_per_B=1505.123;GBps_per_W=0.6644,3.05266666666667E-05
2025-10-13T11:22:21,rock-ms7a95,NA,0,kernel,1,1.1,1.1342,1.1342,109.576,96.6,0,stream_triad,openmp,float32,134217728,17,17,1.1342,109.576,96.6,96.6,73014444032,64.38,steady_clock,rapl_energy_uj_delta,0,cpu:Intel(R) Core(TM) i9-7900X CPU @ 3.30GHz,NA,0,0,0,0,NA,NA,,0,sweep;repeats=50;repeat_idx=33;cohort=common;OMP_NUM_THREADS=20;places=cores;proc_bind=spread;bytes_per_iter=32;nt_store=0;pJ_per_B=1500.743;GBps_per_W=0.6663,3.04377777777778E-05
2025-10-13T11:22:22,rock-ms7a95,NA,0,kernel,1,1.1,1.1342,1.1342,109.844,96.8,0,stream_triad,openmp,float32,134217728,17,17,1.1342,109.844,96.8,96.8,73014444032,64.38,steady_clock,rapl_energy_uj_delta,0,cpu:Intel(R) Core(TM) i9-7900X CPU @ 3.30GHz,NA,0,0,0,0,NA,NA,,0,sweep;repeats=50;repeat_idx=34;cohort=common;OMP_NUM_THREADS=20;places=cores;proc_bind=spread;bytes_per_iter=32;nt_store=0;pJ_per_B=1504.419;GBps_per_W=0.6647,3.05122222222222E-05
2025-10-13T11:22:23,rock-ms7a95,NA,0,kernel,1,1.1,1.1342,1.1342,110.059,97,0,stream_triad,openmp,float32,134217728,17,17,1.1342,110.059,97,97,73014444032,64.37,steady_clock,rapl_energy_uj_delta,0,cpu:Intel(R) Core(TM) i9-7900X CPU @ 3.30GHz,NA,0,0,0,0,NA,NA,,0,sweep;repeats=50;repeat_idx=35;cohort=common;OMP_NUM_THREADS=20;places=cores;proc_bind=spread;bytes_per_iter=32;nt_store=0;pJ_per_B=1507.358;GBps_per_W=0.6634,3.05719444444445E-05
2025-10-13T11:22:24,rock-ms7a95,NA,0,kernel,1,1.1,1.1341,1.1341,109.814,96.8,0,stream_triad,openmp,float32,134217728,17,17,1.1341,109.814,96.8,96.8,73014444032,64.38,steady_clock,rapl_energy_uj_delta,0,cpu:Intel(R) Core(TM) i9-7900X CPU @ 3.30GHz,NA,0,0,0,0,NA,NA,,0,sweep;repeats=50;repeat_idx=36;cohort=common;OMP_NUM_THREADS=20;places=cores;proc_bind=spread;bytes_per_iter=32;nt_store=0;pJ_per_B=1504.009;GBps_per_W=0.6649,3.05038888888889E-05
2025-10-13T11:22:26,rock-ms7a95,NA,0,kernel,1,1.1,1.1341,1.1341,109.683,96.7,0,stream_triad,openmp,float32,134217728,17,17,1.1341,109.683,96.7,96.7,73014444032,64.38,steady_clock,rapl_energy_uj_delta,0,cpu:Intel(R) Core(TM) i9-7900X CPU @ 3.30GHz,NA,0,0,0,0,NA,NA,,0,sweep;repeats=50;repeat_idx=37;cohort=common;OMP_NUM_THREADS=20;places=cores;proc_bind=spread;bytes_per_iter=32;nt_store=0;pJ_per_B=1502.213;GBps_per_W=0.6657,0.0000304675
2025-10-13T11:22:27,rock-ms7a95,NA,0,kernel,1,1.1,1.1341,1.1341,110.106,97.1,0,stream_triad,openmp,float32,134217728,17,17,1.1341,110.106,97.1,97.1,73014444032,64.38,steady_clock,rapl_energy_uj_delta,0,cpu:Intel(R) Core(TM) i9-7900X CPU @ 3.30GHz,NA,0,0,0,0,NA,NA,,0,sweep;repeats=50;repeat_idx=38;cohort=common;OMP_NUM_THREADS=20;places=cores;proc_bind=spread;bytes_per_iter=32;nt_store=0;pJ_per_B=1508.003;GBps_per_W=0.6631,0.000030585
2025-10-13T11:22:28,rock-ms7a95,NA,0,kernel,1,1.1,1.1343,1.1343,110.004,97,0,stream_triad,openmp,float32,134217728,17,17,1.1343,110.004,97,97,73014444032,64.37,steady_clock,rapl_energy_uj_delta,0,cpu:Intel(R) Core(TM) i9-7900X CPU @ 3.30GHz,NA,0,0,0,0,NA,NA,,0,sweep;repeats=50;repeat_idx=39;cohort=common;OMP_NUM_THREADS=20;places=cores;proc_bind=spread;bytes_per_iter=32;nt_store=0;pJ_per_B=1506.608;GBps_per_W=0.6637,3.05566666666667E-05
2025-10-13T11:22:29,rock-ms7a95,NA,0,kernel,1,1.1,1.1341,1.1341,109.703,96.7,0,stream_triad,openmp,float32,134217728,17,17,1.1341,109.703,96.7,96.7,73014444032,64.38,steady_clock,rapl_energy_uj_delta,0,cpu:Intel(R) Core(TM) i9-7900X CPU @ 3.30GHz,NA,0,0,0,0,NA,NA,,0,sweep;repeats=50;repeat_idx=40;cohort=common;OMP_NUM_THREADS=20;places=cores;proc_bind=spread;bytes_per_iter=32;nt_store=0;pJ_per_B=1502.489;GBps_per_W=0.6656,3.04730555555556E-05
2025-10-13T11:22:30,rock-ms7a95,NA,0,kernel,1,1.1,1.134,1.134,109.419,96.5,0,stream_triad,openmp,float32,134217728,17,17,1.134,109.419,96.5,96.5,73014444032,64.39,steady_clock,rapl_energy_uj_delta,0,cpu:Intel(R) Core(TM) i9-7900X CPU @ 3.30GHz,NA,0,0,0,0,NA,NA,,0,sweep;repeats=50;repeat_idx=41;cohort=common;OMP_NUM_THREADS=20;places=cores;proc_bind=spread;bytes_per_iter=32;nt_store=0;pJ_per_B=1498.589;GBps_per_W=0.6673,3.03941666666667E-05
2025-10-13T11:22:31,rock-ms7a95,NA,0,kernel,1,1.1,1.1342,1.1342,109.926,96.9,0,stream_triad,openmp,float32,134217728,17,17,1.1342,109.926,96.9,96.9,73014444032,64.38,steady_clock,rapl_energy_uj_delta,0,cpu:Intel(R) Core(TM) i9-7900X CPU @ 3.30GHz,NA,0,0,0,0,NA,NA,,0,sweep;repeats=50;repeat_idx=42;cohort=common;OMP_NUM_THREADS=20;places=cores;proc_bind=spread;bytes_per_iter=32;nt_store=0;pJ_per_B=1505.543;GBps_per_W=0.6642,0.000030535
2025-10-13T11:22:33,rock-ms7a95,NA,0,kernel,1,1.1,1.134,1.134,109.691,96.7,0,stream_triad,openmp,float32,134217728,17,17,1.134,109.691,96.7,96.7,73014444032,64.38,steady_clock,rapl_energy_uj_delta,0,cpu:Intel(R) Core(TM) i9-7900X CPU @ 3.30GHz,NA,0,0,0,0,NA,NA,,0,sweep;repeats=50;repeat_idx=43;cohort=common;OMP_NUM_THREADS=20;places=cores;proc_bind=spread;bytes_per_iter=32;nt_store=0;pJ_per_B=1502.323;GBps_per_W=0.6656,3.04697222222222E-05
2025-10-13T11:22:34,rock-ms7a95,NA,0,kernel,1,1.1,1.1339,1.1339,109.74,96.8,0,stream_triad,openmp,float32,134217728,17,17,1.1339,109.74,96.8,96.8,73014444032,64.39,steady_clock,rapl_energy_uj_delta,0,cpu:Intel(R) Core(TM) i9-7900X CPU @ 3.30GHz,NA,0,0,0,0,NA,NA,,0,sweep;repeats=50;repeat_idx=44;cohort=common;OMP_NUM_THREADS=20;places=cores;proc_bind=spread;bytes_per_iter=32;nt_store=0;pJ_per_B=1502.987;GBps_per_W=0.6653,3.04833333333333E-05
2025-10-13T11:22:35,rock-ms7a95,NA,0,kernel,1,1.1,1.134,1.134,110.309,97.3,0,stream_triad,openmp,float32,134217728,17,17,1.134,110.309,97.3,97.3,73014444032,64.39,steady_clock,rapl_energy_uj_delta,0,cpu:Intel(R) Core(TM) i9-7900X CPU @ 3.30GHz,NA,0,0,0,0,NA,NA,,0,sweep;repeats=50;repeat_idx=45;cohort=common;OMP_NUM_THREADS=20;places=cores;proc_bind=spread;bytes_per_iter=32;nt_store=0;pJ_per_B=1510.777;GBps_per_W=0.6619,3.06413888888889E-05
2025-10-13T11:22:36,rock-ms7a95,NA,0,kernel,1,1.1,1.1339,1.1339,109.606,96.7,0,stream_triad,openmp,float32,134217728,17,17,1.1339,109.606,96.7,96.7,73014444032,64.39,steady_clock,rapl_energy_uj_delta,0,cpu:Intel(R) Core(TM) i9-7900X CPU @ 3.30GHz,NA,0,0,0,0,NA,NA,,0,sweep;repeats=50;repeat_idx=46;cohort=common;OMP_NUM_THREADS=20;places=cores;proc_bind=spread;bytes_per_iter=32;nt_store=0;pJ_per_B=1501.156;GBps_per_W=0.6662,3.04461111111111E-05
2025-10-13T11:22:37,rock-ms7a95,NA,0,kernel,1,1.1,1.134,1.134,110.049,97,0,stream_triad,openmp,float32,134217728,17,17,1.134,110.049,97,97,73014444032,64.38,steady_clock,rapl_energy_uj_delta,0,cpu:Intel(R) Core(TM) i9-7900X CPU @ 3.30GHz,NA,0,0,0,0,NA,NA,,0,sweep;repeats=50;repeat_idx=47;cohort=common;OMP_NUM_THREADS=20;places=cores;proc_bind=spread;bytes_per_iter=32;nt_store=0;pJ_per_B=1507.223;GBps_per_W=0.6635,3.05691666666667E-05
2025-10-13T11:22:38,rock-ms7a95,NA,0,kernel,1,1.1,1.1341,1.1341,109.923,96.9,0,stream_triad,openmp,float32,134217728,17,17,1.1341,109.923,96.9,96.9,73014444032,64.38,steady_clock,rapl_energy_uj_delta,0,cpu:Intel(R) Core(TM) i9-7900X CPU @ 3.30GHz,NA,0,0,0,0,NA,NA,,0,sweep;repeats=50;repeat_idx=48;cohort=common;OMP_NUM_THREADS=20;places=cores;proc_bind=spread;bytes_per_iter=32;nt_store=0;pJ_per_B=1505.496;GBps_per_W=0.6642,3.05341666666667E-05
2025-10-13T11:22:40,rock-ms7a95,NA,0,kernel,1,1.1,1.1342,1.1342,109.809,96.8,0,stream_triad,openmp,float32,134217728,17,17,1.1342,109.809,96.8,96.8,73014444032,64.37,steady_clock,rapl_energy_uj_delta,0,cpu:Intel(R) Core(TM) i9-7900X CPU @ 3.30GHz,NA,0,0,0,0,NA,NA,,0,sweep;repeats=50;repeat_idx=49;cohort=common;OMP_NUM_THREADS=20;places=cores;proc_bind=spread;bytes_per_iter=32;nt_store=0;pJ_per_B=1503.937;GBps_per_W=0.6649,0.0000305025
2025-10-13T11:22:41,rock-ms7a95,NA,0,kernel,1,1.1,1.2002,1.2002,116.146,96.8,0,stream_triad,openmp,float32,268435456,9,9,1.2002,116.146,96.8,96.8,77309411328,64.42,steady_clock,rapl_energy_uj_delta,0,cpu:Intel(R) Core(TM) i9-7900X CPU @ 3.30GHz,NA,0,0,0,0,NA,NA,,0,sweep;repeats=50;repeat_idx=0;cohort=common;OMP_NUM_THREADS=20;places=cores;proc_bind=spread;bytes_per_iter=32;nt_store=0;pJ_per_B=1502.356;GBps_per_W=0.6656,3.22627777777778E-05
2025-10-13T11:22:42,rock-ms7a95,NA,0,kernel,1,1.1,1.2007,1.2007,116.594,97.1,0,stream_triad,openmp,float32,268435456,9,9,1.2007,116.594,97.1,97.1,77309411328,64.39,steady_clock,rapl_energy_uj_delta,0,cpu:Intel(R) Core(TM) i9-7900X CPU @ 3.30GHz,NA,0,0,0,0,NA,NA,,0,sweep;repeats=50;repeat_idx=1;cohort=common;OMP_NUM_THREADS=20;places=cores;proc_bind=spread;bytes_per_iter=32;nt_store=0;pJ_per_B=1508.152;GBps_per_W=0.6631,3.23872222222222E-05
2025-10-13T11:22:44,rock-ms7a95,NA,0,kernel,1,1.1,1.2003,1.2003,116.373,97,0,stream_triad,openmp,float32,268435456,9,9,1.2003,116.373,97,97,77309411328,64.41,steady_clock,rapl_energy_uj_delta,0,cpu:Intel(R) Core(TM) i9-7900X CPU @ 3.30GHz,NA,0,0,0,0,NA,NA,,0,sweep;repeats=50;repeat_idx=2;cohort=common;OMP_NUM_THREADS=20;places=cores;proc_bind=spread;bytes_per_iter=32;nt_store=0;pJ_per_B=1505.294;GBps_per_W=0.6643,3.23258333333333E-05
2025-10-13T11:22:45,rock-ms7a95,NA,0,kernel,1,1.1,1.2003,1.2003,116.722,97.2,0,stream_triad,openmp,float32,268435456,9,9,1.2003,116.722,97.2,97.2,77309411328,64.41,steady_clock,rapl_energy_uj_delta,0,cpu:Intel(R) Core(TM) i9-7900X CPU @ 3.30GHz,NA,0,0,0,0,NA,NA,,0,sweep;repeats=50;repeat_idx=3;cohort=common;OMP_NUM_THREADS=20;places=cores;proc_bind=spread;bytes_per_iter=32;nt_store=0;pJ_per_B=1509.800;GBps_per_W=0.6623,3.24227777777778E-05
2025-10-13T11:22:46,rock-ms7a95,NA,0,kernel,1,1.1,1.2005,1.2005,116.353,96.9,0,stream_triad,openmp,float32,268435456,9,9,1.2005,116.353,96.9,96.9,77309411328,64.4,steady_clock,rapl_energy_uj_delta,0,cpu:Intel(R) Core(TM) i9-7900X CPU @ 3.30GHz,NA,0,0,0,0,NA,NA,,0,sweep;repeats=50;repeat_idx=4;cohort=common;OMP_NUM_THREADS=20;places=cores;proc_bind=spread;bytes_per_iter=32;nt_store=0;pJ_per_B=1505.031;GBps_per_W=0.6644,3.23202777777778E-05
2025-10-13T11:22:48,rock-ms7a95,NA,0,kernel,1,1.1,1.2005,1.2005,116.581,97.1,0,stream_triad,openmp,float32,268435456,9,9,1.2005,116.581,97.1,97.1,77309411328,64.4,steady_clock,rapl_energy_uj_delta,0,cpu:Intel(R) Core(TM) i9-7900X CPU @ 3.30GHz,NA,0,0,0,0,NA,NA,,0,sweep;repeats=50;repeat_idx=5;cohort=common;OMP_NUM_THREADS=20;places=cores;proc_bind=spread;bytes_per_iter=32;nt_store=0;pJ_per_B=1507.977;GBps_per_W=0.6631,3.23836111111111E-05
2025-10-13T11:22:49,rock-ms7a95,NA,0,kernel,1,1.1,1.2002,1.2002,116.392,97,0,stream_triad,openmp,float32,268435456,9,9,1.2002,116.392,97,97,77309411328,64.41,steady_clock,rapl_energy_uj_delta,0,cpu:Intel(R) Core(TM) i9-7900X CPU @ 3.30GHz,NA,0,0,0,0,NA,NA,,0,sweep;repeats=50;repeat_idx=6;cohort=common;OMP_NUM_THREADS=20;places=cores;proc_bind=spread;bytes_per_iter=32;nt_store=0;pJ_per_B=1505.533;GBps_per_W=0.6642,3.23311111111111E-05
2025-10-13T11:22:50,rock-ms7a95,NA,0,kernel,1,1.1,1.2006,1.2006,116.747,97.2,0,stream_triad,openmp,float32,268435456,9,9,1.2006,116.747,97.2,97.2,77309411328,64.39,steady_clock,rapl_energy_uj_delta,0,cpu:Intel(R) Core(TM) i9-7900X CPU @ 3.30GHz,NA,0,0,0,0,NA,NA,,0,sweep;repeats=50;repeat_idx=7;cohort=common;OMP_NUM_THREADS=20;places=cores;proc_bind=spread;bytes_per_iter=32;nt_store=0;pJ_per_B=1510.121;GBps_per_W=0.6622,3.24297222222222E-05
2025-10-13T11:22:51,rock-ms7a95,NA,0,kernel,1,1.1,1.2004,1.2004,116.464,97,0,stream_triad,openmp,float32,268435456,9,9,1.2004,116.464,97,97,77309411328,64.4,steady_clock,rapl_energy_uj_delta,0,cpu:Intel(R) Core(TM) i9-7900X CPU @ 3.30GHz,NA,0,0,0,0,NA,NA,,0,sweep;repeats=50;repeat_idx=8;cohort=common;OMP_NUM_THREADS=20;places=cores;proc_bind=spread;bytes_per_iter=32;nt_store=0;pJ_per_B=1506.462;GBps_per_W=0.6638,3.23511111111111E-05
2025-10-13T11:22:53,rock-ms7a95,NA,0,kernel,1,1.1,1.2004,1.2004,116.494,97,0,stream_triad,openmp,float32,268435456,9,9,1.2004,116.494,97,97,77309411328,64.4,steady_clock,rapl_energy_uj_delta,0,cpu:Intel(R) Core(TM) i9-7900X CPU @ 3.30GHz,NA,0,0,0,0,NA,NA,,0,sweep;repeats=50;repeat_idx=9;cohort=common;OMP_NUM_THREADS=20;places=cores;proc_bind=spread;bytes_per_iter=32;nt_store=0;pJ_per_B=1506.858;GBps_per_W=0.6636,3.23594444444444E-05
2025-10-13T11:22:54,rock-ms7a95,NA,0,kernel,1,1.1,1.2005,1.2005,116.765,97.3,0,stream_triad,openmp,float32,268435456,9,9,1.2005,116.765,97.3,97.3,77309411328,64.4,steady_clock,rapl_energy_uj_delta,0,cpu:Intel(R) Core(TM) i9-7900X CPU @ 3.30GHz,NA,0,0,0,0,NA,NA,,0,sweep;repeats=50;repeat_idx=10;cohort=common;OMP_NUM_THREADS=20;places=cores;proc_bind=spread;bytes_per_iter=32;nt_store=0;pJ_per_B=1510.364;GBps_per_W=0.6621,3.24347222222222E-05
2025-10-13T11:22:55,rock-ms7a95,NA,0,kernel,1,1.1,1.2007,1.2007,116.883,97.3,0,stream_triad,openmp,float32,268435456,9,9,1.2007,116.883,97.3,97.3,77309411328,64.39,steady_clock,rapl_energy_uj_delta,0,cpu:Intel(R) Core(TM) i9-7900X CPU @ 3.30GHz,NA,0,0,0,0,NA,NA,,0,sweep;repeats=50;repeat_idx=11;cohort=common;OMP_NUM_THREADS=20;places=cores;proc_bind=spread;bytes_per_iter=32;nt_store=0;pJ_per_B=1511.884;GBps_per_W=0.6614,0.0000324675
2025-10-13T11:22:56,rock-ms7a95,NA,0,kernel,1,1.1,1.2002,1.2002,116.309,96.9,0,stream_triad,openmp,float32,268435456,9,9,1.2002,116.309,96.9,96.9,77309411328,64.41,steady_clock,rapl_energy_uj_delta,0,cpu:Intel(R) Core(TM) i9-7900X CPU @ 3.30GHz,NA,0,0,0,0,NA,NA,,0,sweep;repeats=50;repeat_idx=12;cohort=common;OMP_NUM_THREADS=20;places=cores;proc_bind=spread;bytes_per_iter=32;nt_store=0;pJ_per_B=1504.457;GBps_per_W=0.6647,3.23080555555556E-05
2025-10-13T11:22:58,rock-ms7a95,NA,0,kernel,1,1.1,1.2003,1.2003,116.927,97.4,0,stream_triad,openmp,float32,268435456,9,9,1.2003,116.927,97.4,97.4,77309411328,64.41,steady_clock,rapl_energy_uj_delta,0,cpu:Intel(R) Core(TM) i9-7900X CPU @ 3.30GHz,NA,0,0,0,0,NA,NA,,0,sweep;repeats=50;repeat_idx=13;cohort=common;OMP_NUM_THREADS=20;places=cores;proc_bind=spread;bytes_per_iter=32;nt_store=0;pJ_per_B=1512.456;GBps_per_W=0.6612,3.24797222222222E-05
2025-10-13T11:22:59,rock-ms7a95,NA,0,kernel,1,1.1,1.2003,1.2003,116.607,97.1,0,stream_triad,openmp,float32,268435456,9,9,1.2003,116.607,97.1,97.1,77309411328,64.41,steady_clock,rapl_energy_uj_delta,0,cpu:Intel(R) Core(TM) i9-7900X CPU @ 3.30GHz,NA,0,0,0,0,NA,NA,,0,sweep;repeats=50;repeat_idx=14;cohort=common;OMP_NUM_THREADS=20;places=cores;proc_bind=spread;bytes_per_iter=32;nt_store=0;pJ_per_B=1508.322;GBps_per_W=0.6630,3.23908333333333E-05
2025-10-13T11:23:00,rock-ms7a95,NA,0,kernel,1,1.1,1.2004,1.2004,115.592,96.3,0,stream_triad,openmp,float32,268435456,9,9,1.2004,115.592,96.3,96.3,77309411328,64.4,steady_clock,rapl_energy_uj_delta,0,cpu:Intel(R) Core(TM) i9-7900X CPU @ 3.30GHz,NA,0,0,0,0,NA,NA,,0,sweep;repeats=50;repeat_idx=15;cohort=common;OMP_NUM_THREADS=20;places=cores;proc_bind=spread;bytes_per_iter=32;nt_store=0;pJ_per_B=1495.190;GBps_per_W=0.6688,3.21088888888889E-05
2025-10-13T11:23:02,rock-ms7a95,NA,0,kernel,1,1.1,1.2009,1.2009,115.699,96.3,0,stream_triad,openmp,float32,268435456,9,9,1.2009,115.699,96.3,96.3,77309411328,64.38,steady_clock,rapl_energy_uj_delta,0,cpu:Intel(R) Core(TM) i9-7900X CPU @ 3.30GHz,NA,0,0,0,0,NA,NA,,0,sweep;repeats=50;repeat_idx=16;cohort=common;OMP_NUM_THREADS=20;places=cores;proc_bind=spread;bytes_per_iter=32;nt_store=0;pJ_per_B=1496.577;GBps_per_W=0.6682,3.21386111111111E-05
2025-10-13T11:23:03,rock-ms7a95,NA,0,kernel,1,1.1,1.2009,1.2009,117.474,97.8,0,stream_triad,openmp,float32,268435456,9,9,1.2009,117.474,97.8,97.8,77309411328,64.38,steady_clock,rapl_energy_uj_delta,0,cpu:Intel(R) Core(TM) i9-7900X CPU @ 3.30GHz,NA,0,0,0,0,NA,NA,,0,sweep;repeats=50;repeat_idx=17;cohort=common;OMP_NUM_THREADS=20;places=cores;proc_bind=spread;bytes_per_iter=32;nt_store=0;pJ_per_B=1519.524;GBps_per_W=0.6581,3.26316666666667E-05
2025-10-13T11:23:04,rock-ms7a95,NA,0,kernel,1,1.1,1.2008,1.2008,116.56,97.1,0,stream_triad,openmp,float32,268435456,9,9,1.2008,116.56,97.1,97.1,77309411328,64.38,steady_clock,rapl_energy_uj_delta,0,cpu:Intel(R) Core(TM) i9-7900X CPU @ 3.30GHz,NA,0,0,0,0,NA,NA,,0,sweep;repeats=50;repeat_idx=18;cohort=common;OMP_NUM_THREADS=20;places=cores;proc_bind=spread;bytes_per_iter=32;nt_store=0;pJ_per_B=1507.713;GBps_per_W=0.6633,3.23777777777778E-05
2025-10-13T11:23:05,rock-ms7a95,NA,0,kernel,1,1.1,1.2005,1.2005,116.17,96.8,0,stream_triad,openmp,float32,268435456,9,9,1.2005,116.17,96.8,96.8,77309411328,64.4,steady_clock,rapl_energy_uj_delta,0,cpu:Intel(R) Core(TM) i9-7900X CPU @ 3.30GHz,NA,0,0,0,0,NA,NA,,0,sweep;repeats=50;repeat_idx=19;cohort=common;OMP_NUM_THREADS=20;places=cores;proc_bind=spread;bytes_per_iter=32;nt_store=0;pJ_per_B=1502.664;GBps_per_W=0.6655,3.22694444444444E-05
2025-10-13T11:23:07,rock-ms7a95,NA,0,kernel,1,1.1,1.2003,1.2003,115.89,96.5,0,stream_triad,openmp,float32,268435456,9,9,1.2003,115.89,96.5,96.5,77309411328,64.41,steady_clock,rapl_energy_uj_delta,0,cpu:Intel(R) Core(TM) i9-7900X CPU @ 3.30GHz,NA,0,0,0,0,NA,NA,,0,sweep;repeats=50;repeat_idx=20;cohort=common;OMP_NUM_THREADS=20;places=cores;proc_bind=spread;bytes_per_iter=32;nt_store=0;pJ_per_B=1499.035;GBps_per_W=0.6671,3.21916666666667E-05
2025-10-13T11:23:08,rock-ms7a95,NA,0,kernel,1,1.1,1.2005,1.2005,116.534,97.1,0,stream_triad,openmp,float32,268435456,9,9,1.2005,116.534,97.1,97.1,77309411328,64.4,steady_clock,rapl_energy_uj_delta,0,cpu:Intel(R) Core(TM) i9-7900X CPU @ 3.30GHz,NA,0,0,0,0,NA,NA,,0,sweep;repeats=50;repeat_idx=21;cohort=common;OMP_NUM_THREADS=20;places=cores;proc_bind=spread;bytes_per_iter=32;nt_store=0;pJ_per_B=1507.370;GBps_per_W=0.6634,3.23705555555556E-05
2025-10-13T11:23:09,rock-ms7a95,NA,0,kernel,1,1.1,1.2006,1.2006,116.527,97.1,0,stream_triad,openmp,float32,268435456,9,9,1.2006,116.527,97.1,97.1,77309411328,64.39,steady_clock,rapl_energy_uj_delta,0,cpu:Intel(R) Core(TM) i9-7900X CPU @ 3.30GHz,NA,0,0,0,0,NA,NA,,0,sweep;repeats=50;repeat_idx=22;cohort=common;OMP_NUM_THREADS=20;places=cores;proc_bind=spread;bytes_per_iter=32;nt_store=0;pJ_per_B=1507.275;GBps_per_W=0.6634,3.23686111111111E-05
2025-10-13T11:23:10,rock-ms7a95,NA,0,kernel,1,1.1,1.2005,1.2005,116.499,97,0,stream_triad,openmp,float32,268435456,9,9,1.2005,116.499,97,97,77309411328,64.4,steady_clock,rapl_energy_uj_delta,0,cpu:Intel(R) Core(TM) i9-7900X CPU @ 3.30GHz,NA,0,0,0,0,NA,NA,,0,sweep;repeats=50;repeat_idx=23;cohort=common;OMP_NUM_THREADS=20;places=cores;proc_bind=spread;bytes_per_iter=32;nt_store=0;pJ_per_B=1506.925;GBps_per_W=0.6636,3.23608333333333E-05
2025-10-13T11:23:12,rock-ms7a95,NA,0,kernel,1,1.1,1.2007,1.2007,116.949,97.4,0,stream_triad,openmp,float32,268435456,9,9,1.2007,116.949,97.4,97.4,77309411328,64.39,steady_clock,rapl_energy_uj_delta,0,cpu:Intel(R) Core(TM) i9-7900X CPU @ 3.30GHz,NA,0,0,0,0,NA,NA,,0,sweep;repeats=50;repeat_idx=24;cohort=common;OMP_NUM_THREADS=20;places=cores;proc_bind=spread;bytes_per_iter=32;nt_store=0;pJ_per_B=1512.740;GBps_per_W=0.6611,3.24858333333333E-05
2025-10-13T11:23:13,rock-ms7a95,NA,0,kernel,1,1.1,1.2005,1.2005,116.513,97.1,0,stream_triad,openmp,float32,268435456,9,9,1.2005,116.513,97.1,97.1,77309411328,64.4,steady_clock,rapl_energy_uj_delta,0,cpu:Intel(R) Core(TM) i9-7900X CPU @ 3.30GHz,NA,0,0,0,0,NA,NA,,0,sweep;repeats=50;repeat_idx=25;cohort=common;OMP_NUM_THREADS=20;places=cores;proc_bind=spread;bytes_per_iter=32;nt_store=0;pJ_per_B=1507.098;GBps_per_W=0.6635,3.23647222222222E-05
2025-10-13T11:23:14,rock-ms7a95,NA,0,kernel,1,1.1,1.2003,1.2003,116.87,97.4,0,stream_triad,openmp,float32,268435456,9,9,1.2003,116.87,97.4,97.4,77309411328,64.41,steady_clock,rapl_energy_uj_delta,0,cpu:Intel(R) Core(TM) i9-7900X CPU @ 3.30GHz,NA,0,0,0,0,NA,NA,,0,sweep;repeats=50;repeat_idx=26;cohort=common;OMP_NUM_THREADS=20;places=cores;proc_bind=spread;bytes_per_iter=32;nt_store=0;pJ_per_B=1511.714;GBps_per_W=0.6615,3.24638888888889E-05
2025-10-13T11:23:15,rock-ms7a95,NA,0,kernel,1,1.1,1.2008,1.2008,116.933,97.4,0,stream_triad,openmp,float32,268435456,9,9,1.2008,116.933,97.4,97.4,77309411328,64.38,steady_clock,rapl_energy_uj_delta,0,cpu:Intel(R) Core(TM) i9-7900X CPU @ 3.30GHz,NA,0,0,0,0,NA,NA,,0,sweep;repeats=50;repeat_idx=27;cohort=common;OMP_NUM_THREADS=20;places=cores;proc_bind=spread;bytes_per_iter=32;nt_store=0;pJ_per_B=1512.534;GBps_per_W=0.6611,3.24813888888889E-05
2025-10-13T11:23:17,rock-ms7a95,NA,0,kernel,1,1.1,1.2003,1.2003,116.518,97.1,0,stream_triad,openmp,float32,268435456,9,9,1.2003,116.518,97.1,97.1,77309411328,64.41,steady_clock,rapl_energy_uj_delta,0,cpu:Intel(R) Core(TM) i9-7900X CPU @ 3.30GHz,NA,0,0,0,0,NA,NA,,0,sweep;repeats=50;repeat_idx=28;cohort=common;OMP_NUM_THREADS=20;places=cores;proc_bind=spread;bytes_per_iter=32;nt_store=0;pJ_per_B=1507.163;GBps_per_W=0.6635,3.23661111111111E-05
2025-10-13T11:23:18,rock-ms7a95,NA,0,kernel,1,1.1,1.2003,1.2003,116.751,97.3,0,stream_triad,openmp,float32,268435456,9,9,1.2003,116.751,97.3,97.3,77309411328,64.41,steady_clock,rapl_energy_uj_delta,0,cpu:Intel(R) Core(TM) i9-7900X CPU @ 3.30GHz,NA,0,0,0,0,NA,NA,,0,sweep;repeats=50;repeat_idx=29;cohort=common;OMP_NUM_THREADS=20;places=cores;proc_bind=spread;bytes_per_iter=32;nt_store=0;pJ_per_B=1510.184;GBps_per_W=0.6622,3.24308333333333E-05
2025-10-13T11:23:19,rock-ms7a95,NA,0,kernel,1,1.1,1.2006,1.2006,116.027,96.6,0,stream_triad,openmp,float32,268435456,9,9,1.2006,116.027,96.6,96.6,77309411328,64.39,steady_clock,rapl_energy_uj_delta,0,cpu:Intel(R) Core(TM) i9-7900X CPU @ 3.30GHz,NA,0,0,0,0,NA,NA,,0,sweep;repeats=50;repeat_idx=30;cohort=common;OMP_NUM_THREADS=20;places=cores;proc_bind=spread;bytes_per_iter=32;nt_store=0;pJ_per_B=1500.817;GBps_per_W=0.6663,3.22297222222222E-05
2025-10-13T11:23:21,rock-ms7a95,NA,0,kernel,1,1.1,1.1999,1.1999,116.539,97.1,0,stream_triad,openmp,float32,268435456,9,9,1.1999,116.539,97.1,97.1,77309411328,64.43,steady_clock,rapl_energy_uj_delta,0,cpu:Intel(R) Core(TM) i9-7900X CPU @ 3.30GHz,NA,0,0,0,0,NA,NA,,0,sweep;repeats=50;repeat_idx=31;cohort=common;OMP_NUM_THREADS=20;places=cores;proc_bind=spread;bytes_per_iter=32;nt_store=0;pJ_per_B=1507.438;GBps_per_W=0.6634,3.23719444444444E-05
2025-10-13T11:23:22,rock-ms7a95,NA,0,kernel,1,1.1,1.2004,1.2004,116.695,97.2,0,stream_triad,openmp,float32,268435456,9,9,1.2004,116.695,97.2,97.2,77309411328,64.4,steady_clock,rapl_energy_uj_delta,0,cpu:Intel(R) Core(TM) i9-7900X CPU @ 3.30GHz,NA,0,0,0,0,NA,NA,,0,sweep;repeats=50;repeat_idx=32;cohort=common;OMP_NUM_THREADS=20;places=cores;proc_bind=spread;bytes_per_iter=32;nt_store=0;pJ_per_B=1509.453;GBps_per_W=0.6625,3.24152777777778E-05
2025-10-13T11:23:23,rock-ms7a95,NA,0,kernel,1,1.1,1.2003,1.2003,117.114,97.6,0,stream_triad,openmp,float32,268435456,9,9,1.2003,117.114,97.6,97.6,77309411328,64.41,steady_clock,rapl_energy_uj_delta,0,cpu:Intel(R) Core(TM) i9-7900X CPU @ 3.30GHz,NA,0,0,0,0,NA,NA,,0,sweep;repeats=50;repeat_idx=33;cohort=common;OMP_NUM_THREADS=20;places=cores;proc_bind=spread;bytes_per_iter=32;nt_store=0;pJ_per_B=1514.876;GBps_per_W=0.6601,3.25316666666667E-05
2025-10-13T11:23:24,rock-ms7a95,NA,0,kernel,1,1.1,1.2003,1.2003,116.783,97.3,0,stream_triad,openmp,float32,268435456,9,9,1.2003,116.783,97.3,97.3,77309411328,64.41,steady_clock,rapl_energy_uj_delta,0,cpu:Intel(R) Core(TM) i9-7900X CPU @ 3.30GHz,NA,0,0,0,0,NA,NA,,0,sweep;repeats=50;repeat_idx=34;cohort=common;OMP_NUM_THREADS=20;places=cores;proc_bind=spread;bytes_per_iter=32;nt_store=0;pJ_per_B=1510.588;GBps_per_W=0.6620,3.24397222222222E-05
2025-10-13T11:23:26,rock-ms7a95,NA,0,kernel,1,1.1,1.2005,1.2005,116.881,97.4,0,stream_triad,openmp,float32,268435456,9,9,1.2005,116.881,97.4,97.4,77309411328,64.4,steady_clock,rapl_energy_uj_delta,0,cpu:Intel(R) Core(TM) i9-7900X CPU @ 3.30GHz,NA,0,0,0,0,NA,NA,,0,sweep;repeats=50;repeat_idx=35;cohort=common;OMP_NUM_THREADS=20;places=cores;proc_bind=spread;bytes_per_iter=32;nt_store=0;pJ_per_B=1511.857;GBps_per_W=0.6614,3.24669444444444E-05
2025-10-13T11:23:27,rock-ms7a95,NA,0,kernel,1,1.1,1.2005,1.2005,116.397,97,0,stream_triad,openmp,float32,268435456,9,9,1.2005,116.397,97,97,77309411328,64.4,steady_clock,rapl_energy_uj_delta,0,cpu:Intel(R) Core(TM) i9-7900X CPU @ 3.30GHz,NA,0,0,0,0,NA,NA,,0,sweep;repeats=50;repeat_idx=36;cohort=common;OMP_NUM_THREADS=20;places=cores;proc_bind=spread;bytes_per_iter=32;nt_store=0;pJ_per_B=1505.600;GBps_per_W=0.6642,0.0000323325
2025-10-13T11:23:28,rock-ms7a95,NA,0,kernel,1,1.1,1.2,1.2,115.95,96.6,0,stream_triad,openmp,float32,268435456,9,9,1.2,115.95,96.6,96.6,77309411328,64.42,steady_clock,rapl_energy_uj_delta,0,cpu:Intel(R) Core(TM) i9-7900X CPU @ 3.30GHz,NA,0,0,0,0,NA,NA,,0,sweep;repeats=50;repeat_idx=37;cohort=common;OMP_NUM_THREADS=20;places=cores;proc_bind=spread;bytes_per_iter=32;nt_store=0;pJ_per_B=1499.819;GBps_per_W=0.6667,3.22083333333333E-05
2025-10-13T11:23:29,rock-ms7a95,NA,0,kernel,1,1.1,1.2008,1.2008,117.211,97.6,0,stream_triad,openmp,float32,268435456,9,9,1.2008,117.211,97.6,97.6,77309411328,64.38,steady_clock,rapl_energy_uj_delta,0,cpu:Intel(R) Core(TM) i9-7900X CPU @ 3.30GHz,NA,0,0,0,0,NA,NA,,0,sweep;repeats=50;repeat_idx=38;cohort=common;OMP_NUM_THREADS=20;places=cores;proc_bind=spread;bytes_per_iter=32;nt_store=0;pJ_per_B=1516.126;GBps_per_W=0.6596,3.25586111111111E-05
2025-10-13T11:23:31,rock-ms7a95,NA,0,kernel,1,1.1,1.2006,1.2006,117.038,97.5,0,stream_triad,openmp,float32,268435456,9,9,1.2006,117.038,97.5,97.5,77309411328,64.39,steady_clock,rapl_energy_uj_delta,0,cpu:Intel(R) Core(TM) i9-7900X CPU @ 3.30GHz,NA,0,0,0,0,NA,NA,,0,sweep;repeats=50;repeat_idx=39;cohort=common;OMP_NUM_THREADS=20;places=cores;proc_bind=spread;bytes_per_iter=32;nt_store=0;pJ_per_B=1513.890;GBps_per_W=0.6605,3.25105555555556E-05
2025-10-13T11:23:32,rock-ms7a95,NA,0,kernel,1,1.1,1.2006,1.2006,116.642,97.2,0,stream_triad,openmp,float32,268435456,9,9,1.2006,116.642,97.2,97.2,77309411328,64.39,steady_clock,rapl_energy_uj_delta,0,cpu:Intel(R) Core(TM) i9-7900X CPU @ 3.30GHz,NA,0,0,0,0,NA,NA,,0,sweep;repeats=50;repeat_idx=40;cohort=common;OMP_NUM_THREADS=20;places=cores;proc_bind=spread;bytes_per_iter=32;nt_store=0;pJ_per_B=1508.763;GBps_per_W=0.6628,3.24005555555556E-05
2025-10-13T11:23:33,rock-ms7a95,NA,0,kernel,1,1.1,1.2006,1.2006,116.355,96.9,0,stream_triad,openmp,float32,268435456,9,9,1.2006,116.355,96.9,96.9,77309411328,64.39,steady_clock,rapl_energy_uj_delta,0,cpu:Intel(R) Core(TM) i9-7900X CPU @ 3.30GHz,NA,0,0,0,0,NA,NA,,0,sweep;repeats=50;repeat_idx=41;cohort=common;OMP_NUM_THREADS=20;places=cores;proc_bind=spread;bytes_per_iter=32;nt_store=0;pJ_per_B=1505.051;GBps_per_W=0.6644,3.23208333333333E-05
2025-10-13T11:23:35,rock-ms7a95,NA,0,kernel,1,1.1,1.2007,1.2007,116.998,97.4,0,stream_triad,openmp,float32,268435456,9,9,1.2007,116.998,97.4,97.4,77309411328,64.39,steady_clock,rapl_energy_uj_delta,0,cpu:Intel(R) Core(TM) i9-7900X CPU @ 3.30GHz,NA,0,0,0,0,NA,NA,,0,sweep;repeats=50;repeat_idx=42;cohort=common;OMP_NUM_THREADS=20;places=cores;proc_bind=spread;bytes_per_iter=32;nt_store=0;pJ_per_B=1513.378;GBps_per_W=0.6608,3.24994444444444E-05
2025-10-13T11:23:36,rock-ms7a95,NA,0,kernel,1,1.1,1.201,1.201,116.609,97.1,0,stream_triad,openmp,float32,268435456,9,9,1.201,116.609,97.1,97.1,77309411328,64.37,steady_clock,rapl_energy_uj_delta,0,cpu:Intel(R) Core(TM) i9-7900X CPU @ 3.30GHz,NA,0,0,0,0,NA,NA,,0,sweep;repeats=50;repeat_idx=43;cohort=common;OMP_NUM_THREADS=20;places=cores;proc_bind=spread;bytes_per_iter=32;nt_store=0;pJ_per_B=1508.342;GBps_per_W=0.6630,3.23913888888889E-05
2025-10-13T11:23:37,rock-ms7a95,NA,0,kernel,1,1.1,1.1999,1.1999,116.49,97.1,0,stream_triad,openmp,float32,268435456,9,9,1.1999,116.49,97.1,97.1,77309411328,64.43,steady_clock,rapl_energy_uj_delta,0,cpu:Intel(R) Core(TM) i9-7900X CPU @ 3.30GHz,NA,0,0,0,0,NA,NA,,0,sweep;repeats=50;repeat_idx=44;cohort=common;OMP_NUM_THREADS=20;places=cores;proc_bind=spread;bytes_per_iter=32;nt_store=0;pJ_per_B=1506.800;GBps_per_W=0.6637,3.23583333333333E-05
2025-10-13T11:23:38,rock-ms7a95,NA,0,kernel,1,1.1,1.2006,1.2006,116.651,97.2,0,stream_triad,openmp,float32,268435456,9,9,1.2006,116.651,97.2,97.2,77309411328,64.39,steady_clock,rapl_energy_uj_delta,0,cpu:Intel(R) Core(TM) i9-7900X CPU @ 3.30GHz,NA,0,0,0,0,NA,NA,,0,sweep;repeats=50;repeat_idx=45;cohort=common;OMP_NUM_THREADS=20;places=cores;proc_bind=spread;bytes_per_iter=32;nt_store=0;pJ_per_B=1508.887;GBps_per_W=0.6627,3.24030555555556E-05
2025-10-13T11:23:40,rock-ms7a95,NA,0,kernel,1,1.1,1.2004,1.2004,116.018,96.7,0,stream_triad,openmp,float32,268435456,9,9,1.2004,116.018,96.7,96.7,77309411328,64.4,steady_clock,rapl_energy_uj_delta,0,cpu:Intel(R) Core(TM) i9-7900X CPU @ 3.30GHz,NA,0,0,0,0,NA,NA,,0,sweep;repeats=50;repeat_idx=46;cohort=common;OMP_NUM_THREADS=20;places=cores;proc_bind=spread;bytes_per_iter=32;nt_store=0;pJ_per_B=1500.692;GBps_per_W=0.6664,3.22272222222222E-05
2025-10-13T11:23:41,rock-ms7a95,NA,0,kernel,1,1.1,1.2005,1.2005,116.805,97.3,0,stream_triad,openmp,float32,268435456,9,9,1.2005,116.805,97.3,97.3,77309411328,64.4,steady_clock,rapl_energy_uj_delta,0,cpu:Intel(R) Core(TM) i9-7900X CPU @ 3.30GHz,NA,0,0,0,0,NA,NA,,0,sweep;repeats=50;repeat_idx=47;cohort=common;OMP_NUM_THREADS=20;places=cores;proc_bind=spread;bytes_per_iter=32;nt_store=0;pJ_per_B=1510.882;GBps_per_W=0.6619,3.24458333333333E-05
2025-10-13T11:23:42,rock-ms7a95,NA,0,kernel,1,1.1,1.2009,1.2009,116.88,97.3,0,stream_triad,openmp,float32,268435456,9,9,1.2009,116.88,97.3,97.3,77309411328,64.38,steady_clock,rapl_energy_uj_delta,0,cpu:Intel(R) Core(TM) i9-7900X CPU @ 3.30GHz,NA,0,0,0,0,NA,NA,,0,sweep;repeats=50;repeat_idx=48;cohort=common;OMP_NUM_THREADS=20;places=cores;proc_bind=spread;bytes_per_iter=32;nt_store=0;pJ_per_B=1511.842;GBps_per_W=0.6614,3.24666666666667E-05
2025-10-13T11:23:43,rock-ms7a95,NA,0,kernel,1,1.1,1.2004,1.2004,116.575,97.1,0,stream_triad,openmp,float32,268435456,9,9,1.2004,116.575,97.1,97.1,77309411328,64.4,steady_clock,rapl_energy_uj_delta,0,cpu:Intel(R) Core(TM) i9-7900X CPU @ 3.30GHz,NA,0,0,0,0,NA,NA,,0,sweep;repeats=50;repeat_idx=49;cohort=common;OMP_NUM_THREADS=20;places=cores;proc_bind=spread;bytes_per_iter=32;nt_store=0;pJ_per_B=1507.904;GBps_per_W=0.6632,3.23819444444444E-05
2025-10-13T11:23:45,rock-ms7a95,NA,0,kernel,1,1.1,1.333,1.333,129.32,97,0,stream_triad,openmp,float32,536870912,5,5,1.333,129.32,97,97,85899345920,64.44,steady_clock,rapl_energy_uj_delta,0,cpu:Intel(R) Core(TM) i9-7900X CPU @ 3.30GHz,NA,0,0,0,0,NA,NA,,0,sweep;repeats=50;repeat_idx=0;cohort=common;OMP_NUM_THREADS=20;places=cores;proc_bind=spread;bytes_per_iter=32;nt_store=0;pJ_per_B=1505.488;GBps_per_W=0.6642,3.59222222222222E-05
2025-10-13T11:23:47,rock-ms7a95,NA,0,kernel,1,1.1,1.3335,1.3335,129.531,97.1,0,stream_triad,openmp,float32,536870912,5,5,1.3335,129.531,97.1,97.1,85899345920,64.42,steady_clock,rapl_energy_uj_delta,0,cpu:Intel(R) Core(TM) i9-7900X CPU @ 3.30GHz,NA,0,0,0,0,NA,NA,,0,sweep;repeats=50;repeat_idx=1;cohort=common;OMP_NUM_THREADS=20;places=cores;proc_bind=spread;bytes_per_iter=32;nt_store=0;pJ_per_B=1507.938;GBps_per_W=0.6632,3.59808333333333E-05
2025-10-13T11:23:48,rock-ms7a95,NA,0,kernel,1,1.1,1.3343,1.3343,129.724,97.2,0,stream_triad,openmp,float32,536870912,5,5,1.3343,129.724,97.2,97.2,85899345920,64.38,steady_clock,rapl_energy_uj_delta,0,cpu:Intel(R) Core(TM) i9-7900X CPU @ 3.30GHz,NA,0,0,0,0,NA,NA,,0,sweep;repeats=50;repeat_idx=2;cohort=common;OMP_NUM_THREADS=20;places=cores;proc_bind=spread;bytes_per_iter=32;nt_store=0;pJ_per_B=1510.183;GBps_per_W=0.6622,3.60344444444444E-05
2025-10-13T11:23:50,rock-ms7a95,NA,0,kernel,1,1.1,1.334,1.334,129.762,97.3,0,stream_triad,openmp,float32,536870912,5,5,1.334,129.762,97.3,97.3,85899345920,64.39,steady_clock,rapl_energy_uj_delta,0,cpu:Intel(R) Core(TM) i9-7900X CPU @ 3.30GHz,NA,0,0,0,0,NA,NA,,0,sweep;repeats=50;repeat_idx=3;cohort=common;OMP_NUM_THREADS=20;places=cores;proc_bind=spread;bytes_per_iter=32;nt_store=0;pJ_per_B=1510.625;GBps_per_W=0.6620,0.000036045
2025-10-13T11:23:51,rock-ms7a95,NA,0,kernel,1,1.1,1.3337,1.3337,129.659,97.2,0,stream_triad,openmp,float32,536870912,5,5,1.3337,129.659,97.2,97.2,85899345920,64.41,steady_clock,rapl_energy_uj_delta,0,cpu:Intel(R) Core(TM) i9-7900X CPU @ 3.30GHz,NA,0,0,0,0,NA,NA,,0,sweep;repeats=50;repeat_idx=4;cohort=common;OMP_NUM_THREADS=20;places=cores;proc_bind=spread;bytes_per_iter=32;nt_store=0;pJ_per_B=1509.428;GBps_per_W=0.6625,3.60163888888889E-05
2025-10-13T11:23:53,rock-ms7a95,NA,0,kernel,1,1.1,1.3331,1.3331,129.196,96.9,0,stream_triad,openmp,float32,536870912,5,5,1.3331,129.196,96.9,96.9,85899345920,64.44,steady_clock,rapl_energy_uj_delta,0,cpu:Intel(R) Core(TM) i9-7900X CPU @ 3.30GHz,NA,0,0,0,0,NA,NA,,0,sweep;repeats=50;repeat_idx=5;cohort=common;OMP_NUM_THREADS=20;places=cores;proc_bind=spread;bytes_per_iter=32;nt_store=0;pJ_per_B=1504.041;GBps_per_W=0.6649,3.58877777777778E-05
2025-10-13T11:23:54,rock-ms7a95,NA,0,kernel,1,1.1,1.3339,1.3339,129.246,96.9,0,stream_triad,openmp,float32,536870912,5,5,1.3339,129.246,96.9,96.9,85899345920,64.4,steady_clock,rapl_energy_uj_delta,0,cpu:Intel(R) Core(TM) i9-7900X CPU @ 3.30GHz,NA,0,0,0,0,NA,NA,,0,sweep;repeats=50;repeat_idx=6;cohort=common;OMP_NUM_THREADS=20;places=cores;proc_bind=spread;bytes_per_iter=32;nt_store=0;pJ_per_B=1504.624;GBps_per_W=0.6646,3.59016666666667E-05
2025-10-13T11:23:56,rock-ms7a95,NA,0,kernel,1,1.1,1.3333,1.3333,128.945,96.7,0,stream_triad,openmp,float32,536870912,5,5,1.3333,128.945,96.7,96.7,85899345920,64.42,steady_clock,rapl_energy_uj_delta,0,cpu:Intel(R) Core(TM) i9-7900X CPU @ 3.30GHz,NA,0,0,0,0,NA,NA,,0,sweep;repeats=50;repeat_idx=7;cohort=common;OMP_NUM_THREADS=20;places=cores;proc_bind=spread;bytes_per_iter=32;nt_store=0;pJ_per_B=1501.121;GBps_per_W=0.6662,3.58180555555556E-05
2025-10-13T11:23:57,rock-ms7a95,NA,0,kernel,1,1.1,1.3334,1.3334,129.304,97,0,stream_triad,openmp,float32,536870912,5,5,1.3334,129.304,97,97,85899345920,64.42,steady_clock,rapl_energy_uj_delta,0,cpu:Intel(R) Core(TM) i9-7900X CPU @ 3.30GHz,NA,0,0,0,0,NA,NA,,0,sweep;repeats=50;repeat_idx=8;cohort=common;OMP_NUM_THREADS=20;places=cores;proc_bind=spread;bytes_per_iter=32;nt_store=0;pJ_per_B=1505.302;GBps_per_W=0.6643,3.59177777777778E-05
2025-10-13T11:23:59,rock-ms7a95,NA,0,kernel,1,1.1,1.334,1.334,129.906,97.4,0,stream_triad,openmp,float32,536870912,5,5,1.334,129.906,97.4,97.4,85899345920,64.39,steady_clock,rapl_energy_uj_delta,0,cpu:Intel(R) Core(TM) i9-7900X CPU @ 3.30GHz,NA,0,0,0,0,NA,NA,,0,sweep;repeats=50;repeat_idx=9;cohort=common;OMP_NUM_THREADS=20;places=cores;proc_bind=spread;bytes_per_iter=32;nt_store=0;pJ_per_B=1512.305;GBps_per_W=0.6612,0.000036085
2025-10-13T11:24:00,rock-ms7a95,NA,0,kernel,1,1.1,1.3329,1.3329,129.28,97,0,stream_triad,openmp,float32,536870912,5,5,1.3329,129.28,97,97,85899345920,64.44,steady_clock,rapl_energy_uj_delta,0,cpu:Intel(R) Core(TM) i9-7900X CPU @ 3.30GHz,NA,0,0,0,0,NA,NA,,0,sweep;repeats=50;repeat_idx=10;cohort=common;OMP_NUM_THREADS=20;places=cores;proc_bind=spread;bytes_per_iter=32;nt_store=0;pJ_per_B=1505.017;GBps_per_W=0.6644,3.59111111111111E-05
2025-10-13T11:24:02,rock-ms7a95,NA,0,kernel,1,1.1,1.3334,1.3334,129.551,97.2,0,stream_triad,openmp,float32,536870912,5,5,1.3334,129.551,97.2,97.2,85899345920,64.42,steady_clock,rapl_energy_uj_delta,0,cpu:Intel(R) Core(TM) i9-7900X CPU @ 3.30GHz,NA,0,0,0,0,NA,NA,,0,sweep;repeats=50;repeat_idx=11;cohort=common;OMP_NUM_THREADS=20;places=cores;proc_bind=spread;bytes_per_iter=32;nt_store=0;pJ_per_B=1508.178;GBps_per_W=0.6631,3.59863888888889E-05
2025-10-13T11:24:03,rock-ms7a95,NA,0,kernel,1,1.1,1.3334,1.3334,130.161,97.6,0,stream_triad,openmp,float32,536870912,5,5,1.3334,130.161,97.6,97.6,85899345920,64.42,steady_clock,rapl_energy_uj_delta,0,cpu:Intel(R) Core(TM) i9-7900X CPU @ 3.30GHz,NA,0,0,0,0,NA,NA,,0,sweep;repeats=50;repeat_idx=12;cohort=common;OMP_NUM_THREADS=20;places=cores;proc_bind=spread;bytes_per_iter=32;nt_store=0;pJ_per_B=1515.273;GBps_per_W=0.6599,3.61558333333333E-05
2025-10-13T11:24:05,rock-ms7a95,NA,0,kernel,1,1.1,1.3331,1.3331,129.656,97.3,0,stream_triad,openmp,float32,536870912,5,5,1.3331,129.656,97.3,97.3,85899345920,64.44,steady_clock,rapl_energy_uj_delta,0,cpu:Intel(R) Core(TM) i9-7900X CPU @ 3.30GHz,NA,0,0,0,0,NA,NA,,0,sweep;repeats=50;repeat_idx=13;cohort=common;OMP_NUM_THREADS=20;places=cores;proc_bind=spread;bytes_per_iter=32;nt_store=0;pJ_per_B=1509.399;GBps_per_W=0.6625,3.60155555555556E-05
2025-10-13T11:24:06,rock-ms7a95,NA,0,kernel,1,1.1,1.3332,1.3332,129.564,97.2,0,stream_triad,openmp,float32,536870912,5,5,1.3332,129.564,97.2,97.2,85899345920,64.43,steady_clock,rapl_energy_uj_delta,0,cpu:Intel(R) Core(TM) i9-7900X CPU @ 3.30GHz,NA,0,0,0,0,NA,NA,,0,sweep;repeats=50;repeat_idx=14;cohort=common;OMP_NUM_THREADS=20;places=cores;proc_bind=spread;bytes_per_iter=32;nt_store=0;pJ_per_B=1508.322;GBps_per_W=0.6630,0.00003599
2025-10-13T11:24:08,rock-ms7a95,NA,0,kernel,1,1.1,1.3327,1.3327,129.707,97.3,0,stream_triad,openmp,float32,536870912,5,5,1.3327,129.707,97.3,97.3,85899345920,64.45,steady_clock,rapl_energy_uj_delta,0,cpu:Intel(R) Core(TM) i9-7900X CPU @ 3.30GHz,NA,0,0,0,0,NA,NA,,0,sweep;repeats=50;repeat_idx=15;cohort=common;OMP_NUM_THREADS=20;places=cores;proc_bind=spread;bytes_per_iter=32;nt_store=0;pJ_per_B=1509.990;GBps_per_W=0.6623,3.60297222222222E-05
2025-10-13T11:24:09,rock-ms7a95,NA,0,kernel,1,1.1,1.3336,1.3336,129.475,97.1,0,stream_triad,openmp,float32,536870912,5,5,1.3336,129.475,97.1,97.1,85899345920,64.41,steady_clock,rapl_energy_uj_delta,0,cpu:Intel(R) Core(TM) i9-7900X CPU @ 3.30GHz,NA,0,0,0,0,NA,NA,,0,sweep;repeats=50;repeat_idx=16;cohort=common;OMP_NUM_THREADS=20;places=cores;proc_bind=spread;bytes_per_iter=32;nt_store=0;pJ_per_B=1507.290;GBps_per_W=0.6634,3.59652777777778E-05
2025-10-13T11:24:10,rock-ms7a95,NA,0,kernel,1,1.1,1.3328,1.3328,129.639,97.3,0,stream_triad,openmp,float32,536870912,5,5,1.3328,129.639,97.3,97.3,85899345920,64.45,steady_clock,rapl_energy_uj_delta,0,cpu:Intel(R) Core(TM) i9-7900X CPU @ 3.30GHz,NA,0,0,0,0,NA,NA,,0,sweep;repeats=50;repeat_idx=17;cohort=common;OMP_NUM_THREADS=20;places=cores;proc_bind=spread;bytes_per_iter=32;nt_store=0;pJ_per_B=1509.197;GBps_per_W=0.6626,3.60108333333333E-05
2025-10-13T11:24:12,rock-ms7a95,NA,0,kernel,1,1.1,1.3331,1.3331,129.446,97.1,0,stream_triad,openmp,float32,536870912,5,5,1.3331,129.446,97.1,97.1,85899345920,64.44,steady_clock,rapl_energy_uj_delta,0,cpu:Intel(R) Core(TM) i9-7900X CPU @ 3.30GHz,NA,0,0,0,0,NA,NA,,0,sweep;repeats=50;repeat_idx=18;cohort=common;OMP_NUM_THREADS=20;places=cores;proc_bind=spread;bytes_per_iter=32;nt_store=0;pJ_per_B=1506.951;GBps_per_W=0.6636,3.59572222222222E-05
2025-10-13T11:24:13,rock-ms7a95,NA,0,kernel,1,1.1,1.3332,1.3332,129.549,97.2,0,stream_triad,openmp,float32,536870912,5,5,1.3332,129.549,97.2,97.2,85899345920,64.43,steady_clock,rapl_energy_uj_delta,0,cpu:Intel(R) Core(TM) i9-7900X CPU @ 3.30GHz,NA,0,0,0,0,NA,NA,,0,sweep;repeats=50;repeat_idx=19;cohort=common;OMP_NUM_THREADS=20;places=cores;proc_bind=spread;bytes_per_iter=32;nt_store=0;pJ_per_B=1508.151;GBps_per_W=0.6631,3.59858333333333E-05
2025-10-13T11:24:15,rock-ms7a95,NA,0,kernel,1,1.1,1.3336,1.3336,129.426,97.1,0,stream_triad,openmp,float32,536870912,5,5,1.3336,129.426,97.1,97.1,85899345920,64.41,steady_clock,rapl_energy_uj_delta,0,cpu:Intel(R) Core(TM) i9-7900X CPU @ 3.30GHz,NA,0,0,0,0,NA,NA,,0,sweep;repeats=50;repeat_idx=20;cohort=common;OMP_NUM_THREADS=20;places=cores;proc_bind=spread;bytes_per_iter=32;nt_store=0;pJ_per_B=1506.714;GBps_per_W=0.6637,3.59516666666667E-05
2025-10-13T11:24:16,rock-ms7a95,NA,0,kernel,1,1.1,1.3334,1.3334,130.374,97.8,0,stream_triad,openmp,float32,536870912,5,5,1.3334,130.374,97.8,97.8,85899345920,64.42,steady_clock,rapl_energy_uj_delta,0,cpu:Intel(R) Core(TM) i9-7900X CPU @ 3.30GHz,NA,0,0,0,0,NA,NA,,0,sweep;repeats=50;repeat_idx=21;cohort=common;OMP_NUM_THREADS=20;places=cores;proc_bind=spread;bytes_per_iter=32;nt_store=0;pJ_per_B=1517.747;GBps_per_W=0.6589,0.000036215
2025-10-13T11:24:18,rock-ms7a95,NA,0,kernel,1,1.1,1.3337,1.3337,129.418,97,0,stream_triad,openmp,float32,536870912,5,5,1.3337,129.418,97,97,85899345920,64.41,steady_clock,rapl_energy_uj_delta,0,cpu:Intel(R) Core(TM) i9-7900X CPU @ 3.30GHz,NA,0,0,0,0,NA,NA,,0,sweep;repeats=50;repeat_idx=22;cohort=common;OMP_NUM_THREADS=20;places=cores;proc_bind=spread;bytes_per_iter=32;nt_store=0;pJ_per_B=1506.622;GBps_per_W=0.6637,3.59494444444445E-05
2025-10-13T11:24:19,rock-ms7a95,NA,0,kernel,1,1.1,1.3333,1.3333,129.38,97,0,stream_triad,openmp,float32,536870912,5,5,1.3333,129.38,97,97,85899345920,64.43,steady_clock,rapl_energy_uj_delta,0,cpu:Intel(R) Core(TM) i9-7900X CPU @ 3.30GHz,NA,0,0,0,0,NA,NA,,0,sweep;repeats=50;repeat_idx=23;cohort=common;OMP_NUM_THREADS=20;places=cores;proc_bind=spread;bytes_per_iter=32;nt_store=0;pJ_per_B=1506.181;GBps_per_W=0.6639,3.59388888888889E-05
2025-10-13T11:24:21,rock-ms7a95,NA,0,kernel,1,1.1,1.3331,1.3331,129.421,97.1,0,stream_triad,openmp,float32,536870912,5,5,1.3331,129.421,97.1,97.1,85899345920,64.44,steady_clock,rapl_energy_uj_delta,0,cpu:Intel(R) Core(TM) i9-7900X CPU @ 3.30GHz,NA,0,0,0,0,NA,NA,,0,sweep;repeats=50;repeat_idx=24;cohort=common;OMP_NUM_THREADS=20;places=cores;proc_bind=spread;bytes_per_iter=32;nt_store=0;pJ_per_B=1506.664;GBps_per_W=0.6637,3.59502777777778E-05
2025-10-13T11:24:22,rock-ms7a95,NA,0,kernel,1,1.1,1.334,1.334,128.771,96.5,0,stream_triad,openmp,float32,536870912,5,5,1.334,128.771,96.5,96.5,85899345920,64.39,steady_clock,rapl_energy_uj_delta,0,cpu:Intel(R) Core(TM) i9-7900X CPU @ 3.30GHz,NA,0,0,0,0,NA,NA,,0,sweep;repeats=50;repeat_idx=25;cohort=common;OMP_NUM_THREADS=20;places=cores;proc_bind=spread;bytes_per_iter=32;nt_store=0;pJ_per_B=1499.091;GBps_per_W=0.6671,3.57697222222222E-05
2025-10-13T11:24:24,rock-ms7a95,NA,0,kernel,1,1.1,1.3334,1.3334,129.93,97.4,0,stream_triad,openmp,float32,536870912,5,5,1.3334,129.93,97.4,97.4,85899345920,64.42,steady_clock,rapl_energy_uj_delta,0,cpu:Intel(R) Core(TM) i9-7900X CPU @ 3.30GHz,NA,0,0,0,0,NA,NA,,0,sweep;repeats=50;repeat_idx=26;cohort=common;OMP_NUM_THREADS=20;places=cores;proc_bind=spread;bytes_per_iter=32;nt_store=0;pJ_per_B=1512.585;GBps_per_W=0.6611,3.60916666666667E-05
2025-10-13T11:24:25,rock-ms7a95,NA,0,kernel,1,1.1,1.3339,1.3339,130.026,97.5,0,stream_triad,openmp,float32,536870912,5,5,1.3339,130.026,97.5,97.5,85899345920,64.4,steady_clock,rapl_energy_uj_delta,0,cpu:Intel(R) Core(TM) i9-7900X CPU @ 3.30GHz,NA,0,0,0,0,NA,NA,,0,sweep;repeats=50;repeat_idx=27;cohort=common;OMP_NUM_THREADS=20;places=cores;proc_bind=spread;bytes_per_iter=32;nt_store=0;pJ_per_B=1513.706;GBps_per_W=0.6606,3.61183333333333E-05
2025-10-13T11:24:27,rock-ms7a95,NA,0,kernel,1,1.1,1.3336,1.3336,129.72,97.3,0,stream_triad,openmp,float32,536870912,5,5,1.3336,129.72,97.3,97.3,85899345920,64.41,steady_clock,rapl_energy_uj_delta,0,cpu:Intel(R) Core(TM) i9-7900X CPU @ 3.30GHz,NA,0,0,0,0,NA,NA,,0,sweep;repeats=50;repeat_idx=28;cohort=common;OMP_NUM_THREADS=20;places=cores;proc_bind=spread;bytes_per_iter=32;nt_store=0;pJ_per_B=1510.140;GBps_per_W=0.6622,3.60333333333333E-05
2025-10-13T11:24:28,rock-ms7a95,NA,0,kernel,1,1.1,1.3341,1.3341,129.989,97.4,0,stream_triad,openmp,float32,536870912,5,5,1.3341,129.989,97.4,97.4,85899345920,64.39,steady_clock,rapl_energy_uj_delta,0,cpu:Intel(R) Core(TM) i9-7900X CPU @ 3.30GHz,NA,0,0,0,0,NA,NA,,0,sweep;repeats=50;repeat_idx=29;cohort=common;OMP_NUM_THREADS=20;places=cores;proc_bind=spread;bytes_per_iter=32;nt_store=0;pJ_per_B=1513.273;GBps_per_W=0.6608,3.61080555555556E-05
2025-10-13T11:24:30,rock-ms7a95,NA,0,kernel,1,1.1,1.3336,1.3336,129.354,97,0,stream_triad,openmp,float32,536870912,5,5,1.3336,129.354,97,97,85899345920,64.41,steady_clock,rapl_energy_uj_delta,0,cpu:Intel(R) Core(TM) i9-7900X CPU @ 3.30GHz,NA,0,0,0,0,NA,NA,,0,sweep;repeats=50;repeat_idx=30;cohort=common;OMP_NUM_THREADS=20;places=cores;proc_bind=spread;bytes_per_iter=32;nt_store=0;pJ_per_B=1505.874;GBps_per_W=0.6641,3.59316666666667E-05
2025-10-13T11:24:31,rock-ms7a95,NA,0,kernel,1,1.1,1.3339,1.3339,129.397,97,0,stream_triad,openmp,float32,536870912,5,5,1.3339,129.397,97,97,85899345920,64.4,steady_clock,rapl_energy_uj_delta,0,cpu:Intel(R) Core(TM) i9-7900X CPU @ 3.30GHz,NA,0,0,0,0,NA,NA,,0,sweep;repeats=50;repeat_idx=31;cohort=common;OMP_NUM_THREADS=20;places=cores;proc_bind=spread;bytes_per_iter=32;nt_store=0;pJ_per_B=1506.375;GBps_per_W=0.6638,3.59436111111111E-05
2025-10-13T11:24:33,rock-ms7a95,NA,0,kernel,1,1.1,1.3331,1.3331,129.99,97.5,0,stream_triad,openmp,float32,536870912,5,5,1.3331,129.99,97.5,97.5,85899345920,64.43,steady_clock,rapl_energy_uj_delta,0,cpu:Intel(R) Core(TM) i9-7900X CPU @ 3.30GHz,NA,0,0,0,0,NA,NA,,0,sweep;repeats=50;repeat_idx=32;cohort=common;OMP_NUM_THREADS=20;places=cores;proc_bind=spread;bytes_per_iter=32;nt_store=0;pJ_per_B=1513.279;GBps_per_W=0.6608,3.61083333333333E-05
2025-10-13T11:24:34,rock-ms7a95,NA,0,kernel,1,1.1,1.3335,1.3335,130.159,97.6,0,stream_triad,openmp,float32,536870912,5,5,1.3335,130.159,97.6,97.6,85899345920,64.42,steady_clock,rapl_energy_uj_delta,0,cpu:Intel(R) Core(TM) i9-7900X CPU @ 3.30GHz,NA,0,0,0,0,NA,NA,,0,sweep;repeats=50;repeat_idx=33;cohort=common;OMP_NUM_THREADS=20;places=cores;proc_bind=spread;bytes_per_iter=32;nt_store=0;pJ_per_B=1515.251;GBps_per_W=0.6600,3.61552777777778E-05
2025-10-13T11:24:36,rock-ms7a95,NA,0,kernel,1,1.1,1.3341,1.3341,130.246,97.6,0,stream_triad,openmp,float32,536870912,5,5,1.3341,130.246,97.6,97.6,85899345920,64.39,steady_clock,rapl_energy_uj_delta,0,cpu:Intel(R) Core(TM) i9-7900X CPU @ 3.30GHz,NA,0,0,0,0,NA,NA,,0,sweep;repeats=50;repeat_idx=34;cohort=common;OMP_NUM_THREADS=20;places=cores;proc_bind=spread;bytes_per_iter=32;nt_store=0;pJ_per_B=1516.259;GBps_per_W=0.6595,3.61794444444445E-05
2025-10-13T11:24:37,rock-ms7a95,NA,0,kernel,1,1.1,1.333,1.333,129.342,97,0,stream_triad,openmp,float32,536870912,5,5,1.333,129.342,97,97,85899345920,64.44,steady_clock,rapl_energy_uj_delta,0,cpu:Intel(R) Core(TM) i9-7900X CPU @ 3.30GHz,NA,0,0,0,0,NA,NA,,0,sweep;repeats=50;repeat_idx=35;cohort=common;OMP_NUM_THREADS=20;places=cores;proc_bind=spread;bytes_per_iter=32;nt_store=0;pJ_per_B=1505.736;GBps_per_W=0.6641,3.59283333333333E-05
2025-10-13T11:24:38,rock-ms7a95,NA,0,kernel,1,1.1,1.3342,1.3342,129.512,97.1,0,stream_triad,openmp,float32,536870912,5,5,1.3342,129.512,97.1,97.1,85899345920,64.38,steady_clock,rapl_energy_uj_delta,0,cpu:Intel(R) Core(TM) i9-7900X CPU @ 3.30GHz,NA,0,0,0,0,NA,NA,,0,sweep;repeats=50;repeat_idx=36;cohort=common;OMP_NUM_THREADS=20;places=cores;proc_bind=spread;bytes_per_iter=32;nt_store=0;pJ_per_B=1507.720;GBps_per_W=0.6633,3.59755555555556E-05
2025-10-13T11:24:40,rock-ms7a95,NA,0,kernel,1,1.1,1.3332,1.3332,129.523,97.2,0,stream_triad,openmp,float32,536870912,5,5,1.3332,129.523,97.2,97.2,85899345920,64.43,steady_clock,rapl_energy_uj_delta,0,cpu:Intel(R) Core(TM) i9-7900X CPU @ 3.30GHz,NA,0,0,0,0,NA,NA,,0,sweep;repeats=50;repeat_idx=37;cohort=common;OMP_NUM_THREADS=20;places=cores;proc_bind=spread;bytes_per_iter=32;nt_store=0;pJ_per_B=1507.841;GBps_per_W=0.6632,3.59786111111111E-05
2025-10-13T11:24:41,rock-ms7a95,NA,0,kernel,1,1.1,1.3344,1.3344,129.231,96.8,0,stream_triad,openmp,float32,536870912,5,5,1.3344,129.231,96.8,96.8,85899345920,64.37,steady_clock,rapl_energy_uj_delta,0,cpu:Intel(R) Core(TM) i9-7900X CPU @ 3.30GHz,NA,0,0,0,0,NA,NA,,0,sweep;repeats=50;repeat_idx=38;cohort=common;OMP_NUM_THREADS=20;places=cores;proc_bind=spread;bytes_per_iter=32;nt_store=0;pJ_per_B=1504.452;GBps_per_W=0.6647,0.0000358975
2025-10-13T11:24:43,rock-ms7a95,NA,0,kernel,1,1.1,1.3338,1.3338,129.446,97.1,0,stream_triad,openmp,float32,536870912,5,5,1.3338,129.446,97.1,97.1,85899345920,64.4,steady_clock,rapl_energy_uj_delta,0,cpu:Intel(R) Core(TM) i9-7900X CPU @ 3.30GHz,NA,0,0,0,0,NA,NA,,0,sweep;repeats=50;repeat_idx=39;cohort=common;OMP_NUM_THREADS=20;places=cores;proc_bind=spread;bytes_per_iter=32;nt_store=0;pJ_per_B=1506.950;GBps_per_W=0.6636,3.59572222222222E-05
2025-10-13T11:24:44,rock-ms7a95,NA,0,kernel,1,1.1,1.3333,1.3333,130.171,97.6,0,stream_triad,openmp,float32,536870912,5,5,1.3333,130.171,97.6,97.6,85899345920,64.43,steady_clock,rapl_energy_uj_delta,0,cpu:Intel(R) Core(TM) i9-7900X CPU @ 3.30GHz,NA,0,0,0,0,NA,NA,,0,sweep;repeats=50;repeat_idx=40;cohort=common;OMP_NUM_THREADS=20;places=cores;proc_bind=spread;bytes_per_iter=32;nt_store=0;pJ_per_B=1515.391;GBps_per_W=0.6599,3.61586111111111E-05
2025-10-13T11:24:46,rock-ms7a95,NA,0,kernel,1,1.1,1.3339,1.3339,129.274,96.9,0,stream_triad,openmp,float32,536870912,5,5,1.3339,129.274,96.9,96.9,85899345920,64.4,steady_clock,rapl_energy_uj_delta,0,cpu:Intel(R) Core(TM) i9-7900X CPU @ 3.30GHz,NA,0,0,0,0,NA,NA,,0,sweep;repeats=50;repeat_idx=41;cohort=common;OMP_NUM_THREADS=20;places=cores;proc_bind=spread;bytes_per_iter=32;nt_store=0;pJ_per_B=1504.951;GBps_per_W=0.6645,3.59094444444445E-05
2025-10-13T11:24:47,rock-ms7a95,NA,0,kernel,1,1.1,1.3344,1.3344,130.054,97.5,0,stream_triad,openmp,float32,536870912,5,5,1.3344,130.054,97.5,97.5,85899345920,64.37,steady_clock,rapl_energy_uj_delta,0,cpu:Intel(R) Core(TM) i9-7900X CPU @ 3.30GHz,NA,0,0,0,0,NA,NA,,0,sweep;repeats=50;repeat_idx=42;cohort=common;OMP_NUM_THREADS=20;places=cores;proc_bind=spread;bytes_per_iter=32;nt_store=0;pJ_per_B=1514.027;GBps_per_W=0.6605,3.61261111111111E-05
2025-10-13T11:24:49,rock-ms7a95,NA,0,kernel,1,1.1,1.3333,1.3333,130.088,97.6,0,stream_triad,openmp,float32,536870912,5,5,1.3333,130.088,97.6,97.6,85899345920,64.42,steady_clock,rapl_energy_uj_delta,0,cpu:Intel(R) Core(TM) i9-7900X CPU @ 3.30GHz,NA,0,0,0,0,NA,NA,,0,sweep;repeats=50;repeat_idx=43;cohort=common;OMP_NUM_THREADS=20;places=cores;proc_bind=spread;bytes_per_iter=32;nt_store=0;pJ_per_B=1514.423;GBps_per_W=0.6603,3.61355555555556E-05
2025-10-13T11:24:50,rock-ms7a95,NA,0,kernel,1,1.1,1.3341,1.3341,129.626,97.2,0,stream_triad,openmp,float32,536870912,5,5,1.3341,129.626,97.2,97.2,85899345920,64.39,steady_clock,rapl_energy_uj_delta,0,cpu:Intel(R) Core(TM) i9-7900X CPU @ 3.30GHz,NA,0,0,0,0,NA,NA,,0,sweep;repeats=50;repeat_idx=44;cohort=common;OMP_NUM_THREADS=20;places=cores;proc_bind=spread;bytes_per_iter=32;nt_store=0;pJ_per_B=1509.042;GBps_per_W=0.6627,3.60072222222222E-05
2025-10-13T11:24:52,rock-ms7a95,NA,0,kernel,1,1.1,1.3334,1.3334,129.997,97.5,0,stream_triad,openmp,float32,536870912,5,5,1.3334,129.997,97.5,97.5,85899345920,64.42,steady_clock,rapl_energy_uj_delta,0,cpu:Intel(R) Core(TM) i9-7900X CPU @ 3.30GHz,NA,0,0,0,0,NA,NA,,0,sweep;repeats=50;repeat_idx=45;cohort=common;OMP_NUM_THREADS=20;places=cores;proc_bind=spread;bytes_per_iter=32;nt_store=0;pJ_per_B=1513.368;GBps_per_W=0.6608,3.61102777777778E-05
2025-10-13T11:24:53,rock-ms7a95,NA,0,kernel,1,1.1,1.3342,1.3342,129.563,97.1,0,stream_triad,openmp,float32,536870912,5,5,1.3342,129.563,97.1,97.1,85899345920,64.38,steady_clock,rapl_energy_uj_delta,0,cpu:Intel(R) Core(TM) i9-7900X CPU @ 3.30GHz,NA,0,0,0,0,NA,NA,,0,sweep;repeats=50;repeat_idx=46;cohort=common;OMP_NUM_THREADS=20;places=cores;proc_bind=spread;bytes_per_iter=32;nt_store=0;pJ_per_B=1508.309;GBps_per_W=0.6630,3.59897222222222E-05
2025-10-13T11:24:55,rock-ms7a95,NA,0,kernel,1,1.1,1.3335,1.3335,129.471,97.1,0,stream_triad,openmp,float32,536870912,5,5,1.3335,129.471,97.1,97.1,85899345920,64.42,steady_clock,rapl_energy_uj_delta,0,cpu:Intel(R) Core(TM) i9-7900X CPU @ 3.30GHz,NA,0,0,0,0,NA,NA,,0,sweep;repeats=50;repeat_idx=47;cohort=common;OMP_NUM_THREADS=20;places=cores;proc_bind=spread;bytes_per_iter=32;nt_store=0;pJ_per_B=1507.239;GBps_per_W=0.6635,3.59641666666667E-05
2025-10-13T11:24:56,rock-ms7a95,NA,0,kernel,1,1.1,1.3331,1.3331,130.15,97.6,0,stream_triad,openmp,float32,536870912,5,5,1.3331,130.15,97.6,97.6,85899345920,64.44,steady_clock,rapl_energy_uj_delta,0,cpu:Intel(R) Core(TM) i9-7900X CPU @ 3.30GHz,NA,0,0,0,0,NA,NA,,0,sweep;repeats=50;repeat_idx=48;cohort=common;OMP_NUM_THREADS=20;places=cores;proc_bind=spread;bytes_per_iter=32;nt_store=0;pJ_per_B=1515.151;GBps_per_W=0.6600,3.61527777777778E-05
2025-10-13T11:24:58,rock-ms7a95,NA,0,kernel,1,1.1,1.3335,1.3335,129.382,97,0,stream_triad,openmp,float32,536870912,5,5,1.3335,129.382,97,97,85899345920,64.42,steady_clock,rapl_energy_uj_delta,0,cpu:Intel(R) Core(TM) i9-7900X CPU @ 3.30GHz,NA,0,0,0,0,NA,NA,,0,sweep;repeats=50;repeat_idx=49;cohort=common;OMP_NUM_THREADS=20;places=cores;proc_bind=spread;bytes_per_iter=32;nt_store=0;pJ_per_B=1506.202;GBps_per_W=0.6639,3.59394444444444E-05
2025-10-13T11:25:01,rock-ms7a95,NA,0,kernel,1,1.1,1.5998,1.5998,155.362,97.1,0,stream_triad,openmp,float32,1073741824,3,3,1.5998,155.362,97.1,97.1,103079215104,64.43,steady_clock,rapl_energy_uj_delta,0,cpu:Intel(R) Core(TM) i9-7900X CPU @ 3.30GHz,NA,0,0,0,0,NA,NA,,0,sweep;repeats=50;repeat_idx=0;cohort=cpu_extra;OMP_NUM_THREADS=20;places=cores;proc_bind=spread;bytes_per_iter=32;nt_store=0;pJ_per_B=1507.210;GBps_per_W=0.6635,4.31561111111111E-05
2025-10-13T11:25:03,rock-ms7a95,NA,0,kernel,1,1.1,1.6004,1.6004,156.312,97.7,0,stream_triad,openmp,float32,1073741824,3,3,1.6004,156.312,97.7,97.7,103079215104,64.41,steady_clock,rapl_energy_uj_delta,0,cpu:Intel(R) Core(TM) i9-7900X CPU @ 3.30GHz,NA,0,0,0,0,NA,NA,,0,sweep;repeats=50;repeat_idx=1;cohort=cpu_extra;OMP_NUM_THREADS=20;places=cores;proc_bind=spread;bytes_per_iter=32;nt_store=0;pJ_per_B=1516.430;GBps_per_W=0.6594,0.00004342
2025-10-13T11:25:04,rock-ms7a95,NA,0,kernel,1,1.1,1.5999,1.5999,156.025,97.5,0,stream_triad,openmp,float32,1073741824,3,3,1.5999,156.025,97.5,97.5,103079215104,64.43,steady_clock,rapl_energy_uj_delta,0,cpu:Intel(R) Core(TM) i9-7900X CPU @ 3.30GHz,NA,0,0,0,0,NA,NA,,0,sweep;repeats=50;repeat_idx=2;cohort=cpu_extra;OMP_NUM_THREADS=20;places=cores;proc_bind=spread;bytes_per_iter=32;nt_store=0;pJ_per_B=1513.637;GBps_per_W=0.6607,4.33402777777778E-05
2025-10-13T11:25:06,rock-ms7a95,NA,0,kernel,1,1.1,1.6002,1.6002,156.954,98.1,0,stream_triad,openmp,float32,1073741824,3,3,1.6002,156.954,98.1,98.1,103079215104,64.42,steady_clock,rapl_energy_uj_delta,0,cpu:Intel(R) Core(TM) i9-7900X CPU @ 3.30GHz,NA,0,0,0,0,NA,NA,,0,sweep;repeats=50;repeat_idx=3;cohort=cpu_extra;OMP_NUM_THREADS=20;places=cores;proc_bind=spread;bytes_per_iter=32;nt_store=0;pJ_per_B=1522.657;GBps_per_W=0.6567,4.35983333333333E-05
2025-10-13T11:25:08,rock-ms7a95,NA,0,kernel,1,1.1,1.6001,1.6001,156.495,97.8,0,stream_triad,openmp,float32,1073741824,3,3,1.6001,156.495,97.8,97.8,103079215104,64.42,steady_clock,rapl_energy_uj_delta,0,cpu:Intel(R) Core(TM) i9-7900X CPU @ 3.30GHz,NA,0,0,0,0,NA,NA,,0,sweep;repeats=50;repeat_idx=4;cohort=cpu_extra;OMP_NUM_THREADS=20;places=cores;proc_bind=spread;bytes_per_iter=32;nt_store=0;pJ_per_B=1518.200;GBps_per_W=0.6587,4.34708333333333E-05
2025-10-13T11:25:10,rock-ms7a95,NA,0,kernel,1,1.1,1.5992,1.5992,156.183,97.7,0,stream_triad,openmp,float32,1073741824,3,3,1.5992,156.183,97.7,97.7,103079215104,64.46,steady_clock,rapl_energy_uj_delta,0,cpu:Intel(R) Core(TM) i9-7900X CPU @ 3.30GHz,NA,0,0,0,0,NA,NA,,0,sweep;repeats=50;repeat_idx=5;cohort=cpu_extra;OMP_NUM_THREADS=20;places=cores;proc_bind=spread;bytes_per_iter=32;nt_store=0;pJ_per_B=1515.170;GBps_per_W=0.6600,4.33841666666667E-05
2025-10-13T11:25:12,rock-ms7a95,NA,0,kernel,1,1.1,1.5998,1.5998,156.657,97.9,0,stream_triad,openmp,float32,1073741824,3,3,1.5998,156.657,97.9,97.9,103079215104,64.43,steady_clock,rapl_energy_uj_delta,0,cpu:Intel(R) Core(TM) i9-7900X CPU @ 3.30GHz,NA,0,0,0,0,NA,NA,,0,sweep;repeats=50;repeat_idx=6;cohort=cpu_extra;OMP_NUM_THREADS=20;places=cores;proc_bind=spread;bytes_per_iter=32;nt_store=0;pJ_per_B=1519.775;GBps_per_W=0.6580,4.35158333333333E-05
2025-10-13T11:25:14,rock-ms7a95,NA,0,kernel,1,1.1,1.6001,1.6001,155.797,97.4,0,stream_triad,openmp,float32,1073741824,3,3,1.6001,155.797,97.4,97.4,103079215104,64.42,steady_clock,rapl_energy_uj_delta,0,cpu:Intel(R) Core(TM) i9-7900X CPU @ 3.30GHz,NA,0,0,0,0,NA,NA,,0,sweep;repeats=50;repeat_idx=7;cohort=cpu_extra;OMP_NUM_THREADS=20;places=cores;proc_bind=spread;bytes_per_iter=32;nt_store=0;pJ_per_B=1511.428;GBps_per_W=0.6616,4.32769444444444E-05
2025-10-13T11:25:16,rock-ms7a95,NA,0,kernel,1,1.1,1.6013,1.6013,155.901,97.4,0,stream_triad,openmp,float32,1073741824,3,3,1.6013,155.901,97.4,97.4,103079215104,64.37,steady_clock,rapl_energy_uj_delta,0,cpu:Intel(R) Core(TM) i9-7900X CPU @ 3.30GHz,NA,0,0,0,0,NA,NA,,0,sweep;repeats=50;repeat_idx=8;cohort=cpu_extra;OMP_NUM_THREADS=20;places=cores;proc_bind=spread;bytes_per_iter=32;nt_store=0;pJ_per_B=1512.434;GBps_per_W=0.6612,4.33058333333333E-05
2025-10-13T11:25:18,rock-ms7a95,NA,0,kernel,1,1.1,1.5991,1.5991,155.961,97.5,0,stream_triad,openmp,float32,1073741824,3,3,1.5991,155.961,97.5,97.5,103079215104,64.46,steady_clock,rapl_energy_uj_delta,0,cpu:Intel(R) Core(TM) i9-7900X CPU @ 3.30GHz,NA,0,0,0,0,NA,NA,,0,sweep;repeats=50;repeat_idx=9;cohort=cpu_extra;OMP_NUM_THREADS=20;places=cores;proc_bind=spread;bytes_per_iter=32;nt_store=0;pJ_per_B=1513.025;GBps_per_W=0.6609,0.0000433225
2025-10-13T11:25:19,rock-ms7a95,NA,0,kernel,1,1.1,1.6015,1.6015,155.775,97.3,0,stream_triad,openmp,float32,1073741824,3,3,1.6015,155.775,97.3,97.3,103079215104,64.36,steady_clock,rapl_energy_uj_delta,0,cpu:Intel(R) Core(TM) i9-7900X CPU @ 3.30GHz,NA,0,0,0,0,NA,NA,,0,sweep;repeats=50;repeat_idx=10;cohort=cpu_extra;OMP_NUM_THREADS=20;places=cores;proc_bind=spread;bytes_per_iter=32;nt_store=0;pJ_per_B=1511.218;GBps_per_W=0.6617,4.32708333333333E-05
2025-10-13T11:25:21,rock-ms7a95,NA,0,kernel,1,1.1,1.6014,1.6014,156.806,97.9,0,stream_triad,openmp,float32,1073741824,3,3,1.6014,156.806,97.9,97.9,103079215104,64.37,steady_clock,rapl_energy_uj_delta,0,cpu:Intel(R) Core(TM) i9-7900X CPU @ 3.30GHz,NA,0,0,0,0,NA,NA,,0,sweep;repeats=50;repeat_idx=11;cohort=cpu_extra;OMP_NUM_THREADS=20;places=cores;proc_bind=spread;bytes_per_iter=32;nt_store=0;pJ_per_B=1521.216;GBps_per_W=0.6574,4.35572222222222E-05
2025-10-13T11:25:23,rock-ms7a95,NA,0,kernel,1,1.1,1.6017,1.6017,155.339,97,0,stream_triad,openmp,float32,1073741824,3,3,1.6017,155.339,97,97,103079215104,64.36,steady_clock,rapl_energy_uj_delta,0,cpu:Intel(R) Core(TM) i9-7900X CPU @ 3.30GHz,NA,0,0,0,0,NA,NA,,0,sweep;repeats=50;repeat_idx=12;cohort=cpu_extra;OMP_NUM_THREADS=20;places=cores;proc_bind=spread;bytes_per_iter=32;nt_store=0;pJ_per_B=1506.991;GBps_per_W=0.6636,4.31497222222222E-05
2025-10-13T11:25:25,rock-ms7a95,NA,0,kernel,1,1.1,1.6005,1.6005,155.837,97.4,0,stream_triad,openmp,float32,1073741824,3,3,1.6005,155.837,97.4,97.4,103079215104,64.4,steady_clock,rapl_energy_uj_delta,0,cpu:Intel(R) Core(TM) i9-7900X CPU @ 3.30GHz,NA,0,0,0,0,NA,NA,,0,sweep;repeats=50;repeat_idx=13;cohort=cpu_extra;OMP_NUM_THREADS=20;places=cores;proc_bind=spread;bytes_per_iter=32;nt_store=0;pJ_per_B=1511.819;GBps_per_W=0.6615,4.32880555555556E-05
2025-10-13T11:25:27,rock-ms7a95,NA,0,kernel,1,1.1,1.6041,1.6041,156.347,97.5,0,stream_triad,openmp,float32,1073741824,3,3,1.6041,156.347,97.5,97.5,103079215104,64.26,steady_clock,rapl_energy_uj_delta,0,cpu:Intel(R) Core(TM) i9-7900X CPU @ 3.30GHz,NA,0,0,0,0,NA,NA,,0,sweep;repeats=50;repeat_idx=14;cohort=cpu_extra;OMP_NUM_THREADS=20;places=cores;proc_bind=spread;bytes_per_iter=32;nt_store=0;pJ_per_B=1516.767;GBps_per_W=0.6593,4.34297222222222E-05
2025-10-13T11:25:29,rock-ms7a95,NA,0,kernel,1,1.1,1.601,1.601,155.402,97.1,0,stream_triad,openmp,float32,1073741824,3,3,1.601,155.402,97.1,97.1,103079215104,64.38,steady_clock,rapl_energy_uj_delta,0,cpu:Intel(R) Core(TM) i9-7900X CPU @ 3.30GHz,NA,0,0,0,0,NA,NA,,0,sweep;repeats=50;repeat_idx=15;cohort=cpu_extra;OMP_NUM_THREADS=20;places=cores;proc_bind=spread;bytes_per_iter=32;nt_store=0;pJ_per_B=1507.598;GBps_per_W=0.6633,4.31672222222222E-05
2025-10-13T11:25:31,rock-ms7a95,NA,0,kernel,1,1.1,1.6,1.6,156.568,97.9,0,stream_triad,openmp,float32,1073741824,3,3,1.6,156.568,97.9,97.9,103079215104,64.43,steady_clock,rapl_energy_uj_delta,0,cpu:Intel(R) Core(TM) i9-7900X CPU @ 3.30GHz,NA,0,0,0,0,NA,NA,,0,sweep;repeats=50;repeat_idx=16;cohort=cpu_extra;OMP_NUM_THREADS=20;places=cores;proc_bind=spread;bytes_per_iter=32;nt_store=0;pJ_per_B=1518.908;GBps_per_W=0.6584,4.34911111111111E-05
2025-10-13T11:25:33,rock-ms7a95,NA,0,kernel,1,1.1,1.6002,1.6002,155.892,97.4,0,stream_triad,openmp,float32,1073741824,3,3,1.6002,155.892,97.4,97.4,103079215104,64.42,steady_clock,rapl_energy_uj_delta,0,cpu:Intel(R) Core(TM) i9-7900X CPU @ 3.30GHz,NA,0,0,0,0,NA,NA,,0,sweep;repeats=50;repeat_idx=17;cohort=cpu_extra;OMP_NUM_THREADS=20;places=cores;proc_bind=spread;bytes_per_iter=32;nt_store=0;pJ_per_B=1512.354;GBps_per_W=0.6612,4.33033333333333E-05
2025-10-13T11:25:34,rock-ms7a95,NA,0,kernel,1,1.1,1.5992,1.5992,155.626,97.3,0,stream_triad,openmp,float32,1073741824,3,3,1.5992,155.626,97.3,97.3,103079215104,64.46,steady_clock,rapl_energy_uj_delta,0,cpu:Intel(R) Core(TM) i9-7900X CPU @ 3.30GHz,NA,0,0,0,0,NA,NA,,0,sweep;repeats=50;repeat_idx=18;cohort=cpu_extra;OMP_NUM_THREADS=20;places=cores;proc_bind=spread;bytes_per_iter=32;nt_store=0;pJ_per_B=1509.773;GBps_per_W=0.6624,4.32294444444444E-05
2025-10-13T11:25:36,rock-ms7a95,NA,0,kernel,1,1.1,1.6018,1.6018,156.07,97.4,0,stream_triad,openmp,float32,1073741824,3,3,1.6018,156.07,97.4,97.4,103079215104,64.35,steady_clock,rapl_energy_uj_delta,0,cpu:Intel(R) Core(TM) i9-7900X CPU @ 3.30GHz,NA,0,0,0,0,NA,NA,,0,sweep;repeats=50;repeat_idx=19;cohort=cpu_extra;OMP_NUM_THREADS=20;places=cores;proc_bind=spread;bytes_per_iter=32;nt_store=0;pJ_per_B=1514.082;GBps_per_W=0.6605,4.33527777777778E-05
2025-10-13T11:25:38,rock-ms7a95,NA,0,kernel,1,1.1,1.6006,1.6006,156.647,97.9,0,stream_triad,openmp,float32,1073741824,3,3,1.6006,156.647,97.9,97.9,103079215104,64.4,steady_clock,rapl_energy_uj_delta,0,cpu:Intel(R) Core(TM) i9-7900X CPU @ 3.30GHz,NA,0,0,0,0,NA,NA,,0,sweep;repeats=50;repeat_idx=20;cohort=cpu_extra;OMP_NUM_THREADS=20;places=cores;proc_bind=spread;bytes_per_iter=32;nt_store=0;pJ_per_B=1519.679;GBps_per_W=0.6580,4.35130555555556E-05
2025-10-13T11:25:40,rock-ms7a95,NA,0,kernel,1,1.1,1.6001,1.6001,155.651,97.3,0,stream_triad,openmp,float32,1073741824,3,3,1.6001,155.651,97.3,97.3,103079215104,64.42,steady_clock,rapl_energy_uj_delta,0,cpu:Intel(R) Core(TM) i9-7900X CPU @ 3.30GHz,NA,0,0,0,0,NA,NA,,0,sweep;repeats=50;repeat_idx=21;cohort=cpu_extra;OMP_NUM_THREADS=20;places=cores;proc_bind=spread;bytes_per_iter=32;nt_store=0;pJ_per_B=1510.017;GBps_per_W=0.6622,4.32363888888889E-05
2025-10-13T11:25:42,rock-ms7a95,NA,0,kernel,1,1.1,1.5997,1.5997,156.045,97.5,0,stream_triad,openmp,float32,1073741824,3,3,1.5997,156.045,97.5,97.5,103079215104,64.44,steady_clock,rapl_energy_uj_delta,0,cpu:Intel(R) Core(TM) i9-7900X CPU @ 3.30GHz,NA,0,0,0,0,NA,NA,,0,sweep;repeats=50;repeat_idx=22;cohort=cpu_extra;OMP_NUM_THREADS=20;places=cores;proc_bind=spread;bytes_per_iter=32;nt_store=0;pJ_per_B=1513.836;GBps_per_W=0.6606,4.33458333333333E-05
2025-10-13T11:25:44,rock-ms7a95,NA,0,kernel,1,1.1,1.5996,1.5996,155.617,97.3,0,stream_triad,openmp,float32,1073741824,3,3,1.5996,155.617,97.3,97.3,103079215104,64.44,steady_clock,rapl_energy_uj_delta,0,cpu:Intel(R) Core(TM) i9-7900X CPU @ 3.30GHz,NA,0,0,0,0,NA,NA,,0,sweep;repeats=50;repeat_idx=23;cohort=cpu_extra;OMP_NUM_THREADS=20;places=cores;proc_bind=spread;bytes_per_iter=32;nt_store=0;pJ_per_B=1509.682;GBps_per_W=0.6624,4.32269444444444E-05
2025-10-13T11:25:46,rock-ms7a95,NA,0,kernel,1,1.1,1.5997,1.5997,155.768,97.4,0,stream_triad,openmp,float32,1073741824,3,3,1.5997,155.768,97.4,97.4,103079215104,64.44,steady_clock,rapl_energy_uj_delta,0,cpu:Intel(R) Core(TM) i9-7900X CPU @ 3.30GHz,NA,0,0,0,0,NA,NA,,0,sweep;repeats=50;repeat_idx=24;cohort=cpu_extra;OMP_NUM_THREADS=20;places=cores;proc_bind=spread;bytes_per_iter=32;nt_store=0;pJ_per_B=1511.149;GBps_per_W=0.6617,4.32688888888889E-05
2025-10-13T11:25:48,rock-ms7a95,NA,0,kernel,1,1.1,1.5992,1.5992,155.181,97,0,stream_triad,openmp,float32,1073741824,3,3,1.5992,155.181,97,97,103079215104,64.46,steady_clock,rapl_energy_uj_delta,0,cpu:Intel(R) Core(TM) i9-7900X CPU @ 3.30GHz,NA,0,0,0,0,NA,NA,,0,sweep;repeats=50;repeat_idx=25;cohort=cpu_extra;OMP_NUM_THREADS=20;places=cores;proc_bind=spread;bytes_per_iter=32;nt_store=0;pJ_per_B=1505.450;GBps_per_W=0.6643,4.31058333333333E-05
2025-10-13T11:25:49,rock-ms7a95,NA,0,kernel,1,1.1,1.6002,1.6002,155.774,97.3,0,stream_triad,openmp,float32,1073741824,3,3,1.6002,155.774,97.3,97.3,103079215104,64.42,steady_clock,rapl_energy_uj_delta,0,cpu:Intel(R) Core(TM) i9-7900X CPU @ 3.30GHz,NA,0,0,0,0,NA,NA,,0,sweep;repeats=50;repeat_idx=26;cohort=cpu_extra;OMP_NUM_THREADS=20;places=cores;proc_bind=spread;bytes_per_iter=32;nt_store=0;pJ_per_B=1511.211;GBps_per_W=0.6617,4.32705555555556E-05
2025-10-13T11:25:51,rock-ms7a95,NA,0,kernel,1,1.1,1.6001,1.6001,155.675,97.3,0,stream_triad,openmp,float32,1073741824,3,3,1.6001,155.675,97.3,97.3,103079215104,64.42,steady_clock,rapl_energy_uj_delta,0,cpu:Intel(R) Core(TM) i9-7900X CPU @ 3.30GHz,NA,0,0,0,0,NA,NA,,0,sweep;repeats=50;repeat_idx=27;cohort=cpu_extra;OMP_NUM_THREADS=20;places=cores;proc_bind=spread;bytes_per_iter=32;nt_store=0;pJ_per_B=1510.248;GBps_per_W=0.6621,4.32430555555556E-05
2025-10-13T11:25:53,rock-ms7a95,NA,0,kernel,1,1.1,1.5996,1.5996,155.378,97.1,0,stream_triad,openmp,float32,1073741824,3,3,1.5996,155.378,97.1,97.1,103079215104,64.44,steady_clock,rapl_energy_uj_delta,0,cpu:Intel(R) Core(TM) i9-7900X CPU @ 3.30GHz,NA,0,0,0,0,NA,NA,,0,sweep;repeats=50;repeat_idx=28;cohort=cpu_extra;OMP_NUM_THREADS=20;places=cores;proc_bind=spread;bytes_per_iter=32;nt_store=0;pJ_per_B=1507.368;GBps_per_W=0.6634,4.31605555555556E-05
2025-10-13T11:25:55,rock-ms7a95,NA,0,kernel,1,1.1,1.6005,1.6005,155.756,97.3,0,stream_triad,openmp,float32,1073741824,3,3,1.6005,155.756,97.3,97.3,103079215104,64.4,steady_clock,rapl_energy_uj_delta,0,cpu:Intel(R) Core(TM) i9-7900X CPU @ 3.30GHz,NA,0,0,0,0,NA,NA,,0,sweep;repeats=50;repeat_idx=29;cohort=cpu_extra;OMP_NUM_THREADS=20;places=cores;proc_bind=spread;bytes_per_iter=32;nt_store=0;pJ_per_B=1511.035;GBps_per_W=0.6618,4.32655555555556E-05
2025-10-13T11:25:57,rock-ms7a95,NA,0,kernel,1,1.1,1.6002,1.6002,155.147,97,0,stream_triad,openmp,float32,1073741824,3,3,1.6002,155.147,97,97,103079215104,64.42,steady_clock,rapl_energy_uj_delta,0,cpu:Intel(R) Core(TM) i9-7900X CPU @ 3.30GHz,NA,0,0,0,0,NA,NA,,0,sweep;repeats=50;repeat_idx=30;cohort=cpu_extra;OMP_NUM_THREADS=20;places=cores;proc_bind=spread;bytes_per_iter=32;nt_store=0;pJ_per_B=1505.123;GBps_per_W=0.6644,4.30963888888889E-05
2025-10-13T11:25:59,rock-ms7a95,NA,0,kernel,1,1.1,1.6008,1.6008,156.142,97.5,0,stream_triad,openmp,float32,1073741824,3,3,1.6008,156.142,97.5,97.5,103079215104,64.39,steady_clock,rapl_energy_uj_delta,0,cpu:Intel(R) Core(TM) i9-7900X CPU @ 3.30GHz,NA,0,0,0,0,NA,NA,,0,sweep;repeats=50;repeat_idx=31;cohort=cpu_extra;OMP_NUM_THREADS=20;places=cores;proc_bind=spread;bytes_per_iter=32;nt_store=0;pJ_per_B=1514.775;GBps_per_W=0.6602,4.33727777777778E-05
2025-10-13T11:26:01,rock-ms7a95,NA,0,kernel,1,1.1,1.6002,1.6002,155.823,97.4,0,stream_triad,openmp,float32,1073741824,3,3,1.6002,155.823,97.4,97.4,103079215104,64.42,steady_clock,rapl_energy_uj_delta,0,cpu:Intel(R) Core(TM) i9-7900X CPU @ 3.30GHz,NA,0,0,0,0,NA,NA,,0,sweep;repeats=50;repeat_idx=32;cohort=cpu_extra;OMP_NUM_THREADS=20;places=cores;proc_bind=spread;bytes_per_iter=32;nt_store=0;pJ_per_B=1511.684;GBps_per_W=0.6615,4.32841666666667E-05
2025-10-13T11:26:03,rock-ms7a95,NA,0,kernel,1,1.1,1.6006,1.6006,156.47,97.8,0,stream_triad,openmp,float32,1073741824,3,3,1.6006,156.47,97.8,97.8,103079215104,64.4,steady_clock,rapl_energy_uj_delta,0,cpu:Intel(R) Core(TM) i9-7900X CPU @ 3.30GHz,NA,0,0,0,0,NA,NA,,0,sweep;repeats=50;repeat_idx=33;cohort=cpu_extra;OMP_NUM_THREADS=20;places=cores;proc_bind=spread;bytes_per_iter=32;nt_store=0;pJ_per_B=1517.961;GBps_per_W=0.6588,4.34638888888889E-05
2025-10-13T11:26:05,rock-ms7a95,NA,0,kernel,1,1.1,1.599,1.599,155.964,97.5,0,stream_triad,openmp,float32,1073741824,3,3,1.599,155.964,97.5,97.5,103079215104,64.46,steady_clock,rapl_energy_uj_delta,0,cpu:Intel(R) Core(TM) i9-7900X CPU @ 3.30GHz,NA,0,0,0,0,NA,NA,,0,sweep;repeats=50;repeat_idx=34;cohort=cpu_extra;OMP_NUM_THREADS=20;places=cores;proc_bind=spread;bytes_per_iter=32;nt_store=0;pJ_per_B=1513.052;GBps_per_W=0.6609,4.33233333333333E-05
2025-10-13T11:26:06,rock-ms7a95,NA,0,kernel,1,1.1,1.5999,1.5999,156.999,98.1,0,stream_triad,openmp,float32,1073741824,3,3,1.5999,156.999,98.1,98.1,103079215104,64.43,steady_clock,rapl_energy_uj_delta,0,cpu:Intel(R) Core(TM) i9-7900X CPU @ 3.30GHz,NA,0,0,0,0,NA,NA,,0,sweep;repeats=50;repeat_idx=35;cohort=cpu_extra;OMP_NUM_THREADS=20;places=cores;proc_bind=spread;bytes_per_iter=32;nt_store=0;pJ_per_B=1523.086;GBps_per_W=0.6566,4.36108333333333E-05
2025-10-13T11:26:08,rock-ms7a95,NA,0,kernel,1,1.1,1.6013,1.6013,155.725,97.3,0,stream_triad,openmp,float32,1073741824,3,3,1.6013,155.725,97.3,97.3,103079215104,64.37,steady_clock,rapl_energy_uj_delta,0,cpu:Intel(R) Core(TM) i9-7900X CPU @ 3.30GHz,NA,0,0,0,0,NA,NA,,0,sweep;repeats=50;repeat_idx=36;cohort=cpu_extra;OMP_NUM_THREADS=20;places=cores;proc_bind=spread;bytes_per_iter=32;nt_store=0;pJ_per_B=1510.727;GBps_per_W=0.6619,4.32569444444444E-05
2025-10-13T11:26:10,rock-ms7a95,NA,0,kernel,1,1.1,1.5998,1.5998,155.677,97.3,0,stream_triad,openmp,float32,1073741824,3,3,1.5998,155.677,97.3,97.3,103079215104,64.43,steady_clock,rapl_energy_uj_delta,0,cpu:Intel(R) Core(TM) i9-7900X CPU @ 3.30GHz,NA,0,0,0,0,NA,NA,,0,sweep;repeats=50;repeat_idx=37;cohort=cpu_extra;OMP_NUM_THREADS=20;places=cores;proc_bind=spread;bytes_per_iter=32;nt_store=0;pJ_per_B=1510.270;GBps_per_W=0.6621,4.32436111111111E-05
2025-10-13T11:26:12,rock-ms7a95,NA,0,kernel,1,1.1,1.6012,1.6012,156.222,97.6,0,stream_triad,openmp,float32,1073741824,3,3,1.6012,156.222,97.6,97.6,103079215104,64.38,steady_clock,rapl_energy_uj_delta,0,cpu:Intel(R) Core(TM) i9-7900X CPU @ 3.30GHz,NA,0,0,0,0,NA,NA,,0,sweep;repeats=50;repeat_idx=38;cohort=cpu_extra;OMP_NUM_THREADS=20;places=cores;proc_bind=spread;bytes_per_iter=32;nt_store=0;pJ_per_B=1515.557;GBps_per_W=0.6598,0.000043395
2025-10-13T11:26:14,rock-ms7a95,NA,0,kernel,1,1.1,1.6007,1.6007,156.499,97.8,0,stream_triad,openmp,float32,1073741824,3,3,1.6007,156.499,97.8,97.8,103079215104,64.4,steady_clock,rapl_energy_uj_delta,0,cpu:Intel(R) Core(TM) i9-7900X CPU @ 3.30GHz,NA,0,0,0,0,NA,NA,,0,sweep;repeats=50;repeat_idx=39;cohort=cpu_extra;OMP_NUM_THREADS=20;places=cores;proc_bind=spread;bytes_per_iter=32;nt_store=0;pJ_per_B=1518.243;GBps_per_W=0.6587,4.34719444444444E-05
2025-10-13T11:26:16,rock-ms7a95,NA,0,kernel,1,1.1,1.6006,1.6006,155.533,97.2,0,stream_triad,openmp,float32,1073741824,3,3,1.6006,155.533,97.2,97.2,103079215104,64.4,steady_clock,rapl_energy_uj_delta,0,cpu:Intel(R) Core(TM) i9-7900X CPU @ 3.30GHz,NA,0,0,0,0,NA,NA,,0,sweep;repeats=50;repeat_idx=40;cohort=cpu_extra;OMP_NUM_THREADS=20;places=cores;proc_bind=spread;bytes_per_iter=32;nt_store=0;pJ_per_B=1508.871;GBps_per_W=0.6627,4.32036111111111E-05
2025-10-13T11:26:18,rock-ms7a95,NA,0,kernel,1,1.1,1.6013,1.6013,155.926,97.4,0,stream_triad,openmp,float32,1073741824,3,3,1.6013,155.926,97.4,97.4,103079215104,64.37,steady_clock,rapl_energy_uj_delta,0,cpu:Intel(R) Core(TM) i9-7900X CPU @ 3.30GHz,NA,0,0,0,0,NA,NA,,0,sweep;repeats=50;repeat_idx=41;cohort=cpu_extra;OMP_NUM_THREADS=20;places=cores;proc_bind=spread;bytes_per_iter=32;nt_store=0;pJ_per_B=1512.678;GBps_per_W=0.6611,4.33127777777778E-05
2025-10-13T11:26:20,rock-ms7a95,NA,0,kernel,1,1.1,1.5995,1.5995,155.496,97.2,0,stream_triad,openmp,float32,1073741824,3,3,1.5995,155.496,97.2,97.2,103079215104,64.44,steady_clock,rapl_energy_uj_delta,0,cpu:Intel(R) Core(TM) i9-7900X CPU @ 3.30GHz,NA,0,0,0,0,NA,NA,,0,sweep;repeats=50;repeat_idx=42;cohort=cpu_extra;OMP_NUM_THREADS=20;places=cores;proc_bind=spread;bytes_per_iter=32;nt_store=0;pJ_per_B=1508.512;GBps_per_W=0.6629,4.31933333333333E-05
2025-10-13T11:26:21,rock-ms7a95,NA,0,kernel,1,1.1,1.6007,1.6007,155.844,97.4,0,stream_triad,openmp,float32,1073741824,3,3,1.6007,155.844,97.4,97.4,103079215104,64.4,steady_clock,rapl_energy_uj_delta,0,cpu:Intel(R) Core(TM) i9-7900X CPU @ 3.30GHz,NA,0,0,0,0,NA,NA,,0,sweep;repeats=50;repeat_idx=43;cohort=cpu_extra;OMP_NUM_THREADS=20;places=cores;proc_bind=spread;bytes_per_iter=32;nt_store=0;pJ_per_B=1511.883;GBps_per_W=0.6614,0.00004329
2025-10-13T11:26:23,rock-ms7a95,NA,0,kernel,1,1.1,1.599,1.599,155.25,97.1,0,stream_triad,openmp,float32,1073741824,3,3,1.599,155.25,97.1,97.1,103079215104,64.47,steady_clock,rapl_energy_uj_delta,0,cpu:Intel(R) Core(TM) i9-7900X CPU @ 3.30GHz,NA,0,0,0,0,NA,NA,,0,sweep;repeats=50;repeat_idx=44;cohort=cpu_extra;OMP_NUM_THREADS=20;places=cores;proc_bind=spread;bytes_per_iter=32;nt_store=0;pJ_per_B=1506.123;GBps_per_W=0.6640,0.000043125
2025-10-13T11:26:25,rock-ms7a95,NA,0,kernel,1,1.1,1.6007,1.6007,157.044,98.1,0,stream_triad,openmp,float32,1073741824,3,3,1.6007,157.044,98.1,98.1,103079215104,64.39,steady_clock,rapl_energy_uj_delta,0,cpu:Intel(R) Core(TM) i9-7900X CPU @ 3.30GHz,NA,0,0,0,0,NA,NA,,0,sweep;repeats=50;repeat_idx=45;cohort=cpu_extra;OMP_NUM_THREADS=20;places=cores;proc_bind=spread;bytes_per_iter=32;nt_store=0;pJ_per_B=1523.525;GBps_per_W=0.6564,4.36233333333333E-05
2025-10-13T11:26:27,rock-ms7a95,NA,0,kernel,1,1.1,1.5995,1.5995,155.536,97.2,0,stream_triad,openmp,float32,1073741824,3,3,1.5995,155.536,97.2,97.2,103079215104,64.44,steady_clock,rapl_energy_uj_delta,0,cpu:Intel(R) Core(TM) i9-7900X CPU @ 3.30GHz,NA,0,0,0,0,NA,NA,,0,sweep;repeats=50;repeat_idx=46;cohort=cpu_extra;OMP_NUM_THREADS=20;places=cores;proc_bind=spread;bytes_per_iter=32;nt_store=0;pJ_per_B=1508.898;GBps_per_W=0.6627,4.32044444444444E-05
2025-10-13T11:26:29,rock-ms7a95,NA,0,kernel,1,1.1,1.6032,1.6032,155.806,97.2,0,stream_triad,openmp,float32,1073741824,3,3,1.6032,155.806,97.2,97.2,103079215104,64.3,steady_clock,rapl_energy_uj_delta,0,cpu:Intel(R) Core(TM) i9-7900X CPU @ 3.30GHz,NA,0,0,0,0,NA,NA,,0,sweep;repeats=50;repeat_idx=47;cohort=cpu_extra;OMP_NUM_THREADS=20;places=cores;proc_bind=spread;bytes_per_iter=32;nt_store=0;pJ_per_B=1511.517;GBps_per_W=0.6616,4.32794444444445E-05
2025-10-13T11:26:31,rock-ms7a95,NA,0,kernel,1,1.1,1.5992,1.5992,156.594,97.9,0,stream_triad,openmp,float32,1073741824,3,3,1.5992,156.594,97.9,97.9,103079215104,64.46,steady_clock,rapl_energy_uj_delta,0,cpu:Intel(R) Core(TM) i9-7900X CPU @ 3.30GHz,NA,0,0,0,0,NA,NA,,0,sweep;repeats=50;repeat_idx=48;cohort=cpu_extra;OMP_NUM_THREADS=20;places=cores;proc_bind=spread;bytes_per_iter=32;nt_store=0;pJ_per_B=1519.163;GBps_per_W=0.6583,4.34983333333333E-05
2025-10-13T11:26:33,rock-ms7a95,NA,0,kernel,1,1.1,1.6017,1.6017,156.085,97.5,0,stream_triad,openmp,float32,1073741824,3,3,1.6017,156.085,97.5,97.5,103079215104,64.36,steady_clock,rapl_energy_uj_delta,0,cpu:Intel(R) Core(TM) i9-7900X CPU @ 3.30GHz,NA,0,0,0,0,NA,NA,,0,sweep;repeats=50;repeat_idx=49;cohort=cpu_extra;OMP_NUM_THREADS=20;places=cores;proc_bind=spread;bytes_per_iter=32;nt_store=0;pJ_per_B=1514.226;GBps_per_W=0.6604,4.33569444444445E-05
2025-10-13T11:26:38,rock-ms7a95,NA,0,kernel,1,1.1,2.1325,2.1325,209.625,98.3,0,stream_triad,openmp,float32,2147483648,2,2,2.1325,209.625,98.3,98.3,137438953472,64.45,steady_clock,rapl_energy_uj_delta,0,cpu:Intel(R) Core(TM) i9-7900X CPU @ 3.30GHz,NA,0,0,0,0,NA,NA,,0,sweep;repeats=50;repeat_idx=0;cohort=cpu_extra;OMP_NUM_THREADS=20;places=cores;proc_bind=spread;bytes_per_iter=32;nt_store=0;pJ_per_B=1525.220;GBps_per_W=0.6556,5.82291666666667E-05
2025-10-13T11:26:40,rock-ms7a95,NA,0,kernel,1,1.1,2.1336,2.1336,209.375,98.1,0,stream_triad,openmp,float32,2147483648,2,2,2.1336,209.375,98.1,98.1,137438953472,64.42,steady_clock,rapl_energy_uj_delta,0,cpu:Intel(R) Core(TM) i9-7900X CPU @ 3.30GHz,NA,0,0,0,0,NA,NA,,0,sweep;repeats=50;repeat_idx=1;cohort=cpu_extra;OMP_NUM_THREADS=20;places=cores;proc_bind=spread;bytes_per_iter=32;nt_store=0;pJ_per_B=1523.406;GBps_per_W=0.6564,5.81597222222222E-05
2025-10-13T11:26:43,rock-ms7a95,NA,0,kernel,1,1.1,2.1317,2.1317,207.929,97.5,0,stream_triad,openmp,float32,2147483648,2,2,2.1317,207.929,97.5,97.5,137438953472,64.47,steady_clock,rapl_energy_uj_delta,0,cpu:Intel(R) Core(TM) i9-7900X CPU @ 3.30GHz,NA,0,0,0,0,NA,NA,,0,sweep;repeats=50;repeat_idx=2;cohort=cpu_extra;OMP_NUM_THREADS=20;places=cores;proc_bind=spread;bytes_per_iter=32;nt_store=0;pJ_per_B=1512.884;GBps_per_W=0.6610,5.77580555555556E-05
2025-10-13T11:26:46,rock-ms7a95,NA,0,kernel,1,1.1,2.1321,2.1321,208.659,97.9,0,stream_triad,openmp,float32,2147483648,2,2,2.1321,208.659,97.9,97.9,137438953472,64.46,steady_clock,rapl_energy_uj_delta,0,cpu:Intel(R) Core(TM) i9-7900X CPU @ 3.30GHz,NA,0,0,0,0,NA,NA,,0,sweep;repeats=50;repeat_idx=3;cohort=cpu_extra;OMP_NUM_THREADS=20;places=cores;proc_bind=spread;bytes_per_iter=32;nt_store=0;pJ_per_B=1518.191;GBps_per_W=0.6587,5.79608333333333E-05
2025-10-13T11:26:48,rock-ms7a95,NA,0,kernel,1,1.1,2.131,2.131,207.904,97.6,0,stream_triad,openmp,float32,2147483648,2,2,2.131,207.904,97.6,97.6,137438953472,64.5,steady_clock,rapl_energy_uj_delta,0,cpu:Intel(R) Core(TM) i9-7900X CPU @ 3.30GHz,NA,0,0,0,0,NA,NA,,0,sweep;repeats=50;repeat_idx=4;cohort=cpu_extra;OMP_NUM_THREADS=20;places=cores;proc_bind=spread;bytes_per_iter=32;nt_store=0;pJ_per_B=1512.699;GBps_per_W=0.6611,5.77511111111111E-05
2025-10-13T11:26:51,rock-ms7a95,NA,0,kernel,1,1.1,2.132,2.132,208.004,97.6,0,stream_triad,openmp,float32,2147483648,2,2,2.132,208.004,97.6,97.6,137438953472,64.47,steady_clock,rapl_energy_uj_delta,0,cpu:Intel(R) Core(TM) i9-7900X CPU @ 3.30GHz,NA,0,0,0,0,NA,NA,,0,sweep;repeats=50;repeat_idx=5;cohort=cpu_extra;OMP_NUM_THREADS=20;places=cores;proc_bind=spread;bytes_per_iter=32;nt_store=0;pJ_per_B=1513.431;GBps_per_W=0.6608,5.77788888888889E-05
2025-10-13T11:26:54,rock-ms7a95,NA,0,kernel,1,1.1,2.1346,2.1346,208.295,97.6,0,stream_triad,openmp,float32,2147483648,2,2,2.1346,208.295,97.6,97.6,137438953472,64.39,steady_clock,rapl_energy_uj_delta,0,cpu:Intel(R) Core(TM) i9-7900X CPU @ 3.30GHz,NA,0,0,0,0,NA,NA,,0,sweep;repeats=50;repeat_idx=6;cohort=cpu_extra;OMP_NUM_THREADS=20;places=cores;proc_bind=spread;bytes_per_iter=32;nt_store=0;pJ_per_B=1515.542;GBps_per_W=0.6598,5.78597222222222E-05
2025-10-13T11:26:56,rock-ms7a95,NA,0,kernel,1,1.1,2.1329,2.1329,207.71,97.4,0,stream_triad,openmp,float32,2147483648,2,2,2.1329,207.71,97.4,97.4,137438953472,64.44,steady_clock,rapl_energy_uj_delta,0,cpu:Intel(R) Core(TM) i9-7900X CPU @ 3.30GHz,NA,0,0,0,0,NA,NA,,0,sweep;repeats=50;repeat_idx=7;cohort=cpu_extra;OMP_NUM_THREADS=20;places=cores;proc_bind=spread;bytes_per_iter=32;nt_store=0;pJ_per_B=1511.292;GBps_per_W=0.6617,5.76972222222222E-05
2025-10-13T11:26:59,rock-ms7a95,NA,0,kernel,1,1.1,2.1316,2.1316,207.845,97.5,0,stream_triad,openmp,float32,2147483648,2,2,2.1316,207.845,97.5,97.5,137438953472,64.48,steady_clock,rapl_energy_uj_delta,0,cpu:Intel(R) Core(TM) i9-7900X CPU @ 3.30GHz,NA,0,0,0,0,NA,NA,,0,sweep;repeats=50;repeat_idx=8;cohort=cpu_extra;OMP_NUM_THREADS=20;places=cores;proc_bind=spread;bytes_per_iter=32;nt_store=0;pJ_per_B=1512.275;GBps_per_W=0.6613,5.77347222222222E-05
2025-10-13T11:27:02,rock-ms7a95,NA,0,kernel,1,1.1,2.1314,2.1314,208.479,97.8,0,stream_triad,openmp,float32,2147483648,2,2,2.1314,208.479,97.8,97.8,137438953472,64.48,steady_clock,rapl_energy_uj_delta,0,cpu:Intel(R) Core(TM) i9-7900X CPU @ 3.30GHz,NA,0,0,0,0,NA,NA,,0,sweep;repeats=50;repeat_idx=9;cohort=cpu_extra;OMP_NUM_THREADS=20;places=cores;proc_bind=spread;bytes_per_iter=32;nt_store=0;pJ_per_B=1516.887;GBps_per_W=0.6592,5.79108333333333E-05
2025-10-13T11:27:04,rock-ms7a95,NA,0,kernel,1,1.1,2.1324,2.1324,208.7,97.9,0,stream_triad,openmp,float32,2147483648,2,2,2.1324,208.7,97.9,97.9,137438953472,64.45,steady_clock,rapl_energy_uj_delta,0,cpu:Intel(R) Core(TM) i9-7900X CPU @ 3.30GHz,NA,0,0,0,0,NA,NA,,0,sweep;repeats=50;repeat_idx=10;cohort=cpu_extra;OMP_NUM_THREADS=20;places=cores;proc_bind=spread;bytes_per_iter=32;nt_store=0;pJ_per_B=1518.493;GBps_per_W=0.6585,5.79722222222222E-05
2025-10-13T11:27:07,rock-ms7a95,NA,0,kernel,1,1.1,2.1337,2.1337,207.707,97.3,0,stream_triad,openmp,float32,2147483648,2,2,2.1337,207.707,97.3,97.3,137438953472,64.41,steady_clock,rapl_energy_uj_delta,0,cpu:Intel(R) Core(TM) i9-7900X CPU @ 3.30GHz,NA,0,0,0,0,NA,NA,,0,sweep;repeats=50;repeat_idx=11;cohort=cpu_extra;OMP_NUM_THREADS=20;places=cores;proc_bind=spread;bytes_per_iter=32;nt_store=0;pJ_per_B=1511.270;GBps_per_W=0.6617,5.76963888888889E-05
2025-10-13T11:27:10,rock-ms7a95,NA,0,kernel,1,1.1,2.1328,2.1328,207.554,97.3,0,stream_triad,openmp,float32,2147483648,2,2,2.1328,207.554,97.3,97.3,137438953472,64.44,steady_clock,rapl_energy_uj_delta,0,cpu:Intel(R) Core(TM) i9-7900X CPU @ 3.30GHz,NA,0,0,0,0,NA,NA,,0,sweep;repeats=50;repeat_idx=12;cohort=cpu_extra;OMP_NUM_THREADS=20;places=cores;proc_bind=spread;bytes_per_iter=32;nt_store=0;pJ_per_B=1510.156;GBps_per_W=0.6622,5.76538888888889E-05
2025-10-13T11:27:13,rock-ms7a95,NA,0,kernel,1,1.1,2.1325,2.1325,209.047,98,0,stream_triad,openmp,float32,2147483648,2,2,2.1325,209.047,98,98,137438953472,64.45,steady_clock,rapl_energy_uj_delta,0,cpu:Intel(R) Core(TM) i9-7900X CPU @ 3.30GHz,NA,0,0,0,0,NA,NA,,0,sweep;repeats=50;repeat_idx=13;cohort=cpu_extra;OMP_NUM_THREADS=20;places=cores;proc_bind=spread;bytes_per_iter=32;nt_store=0;pJ_per_B=1521.015;GBps_per_W=0.6575,5.80686111111111E-05
2025-10-13T11:27:15,rock-ms7a95,NA,0,kernel,1,1.1,2.1343,2.1343,207.95,97.4,0,stream_triad,openmp,float32,2147483648,2,2,2.1343,207.95,97.4,97.4,137438953472,64.4,steady_clock,rapl_energy_uj_delta,0,cpu:Intel(R) Core(TM) i9-7900X CPU @ 3.30GHz,NA,0,0,0,0,NA,NA,,0,sweep;repeats=50;repeat_idx=14;cohort=cpu_extra;OMP_NUM_THREADS=20;places=cores;proc_bind=spread;bytes_per_iter=32;nt_store=0;pJ_per_B=1513.034;GBps_per_W=0.6609,5.77638888888889E-05
2025-10-13T11:27:18,rock-ms7a95,NA,0,kernel,1,1.1,2.1321,2.1321,208.471,97.8,0,stream_triad,openmp,float32,2147483648,2,2,2.1321,208.471,97.8,97.8,137438953472,64.46,steady_clock,rapl_energy_uj_delta,0,cpu:Intel(R) Core(TM) i9-7900X CPU @ 3.30GHz,NA,0,0,0,0,NA,NA,,0,sweep;repeats=50;repeat_idx=15;cohort=cpu_extra;OMP_NUM_THREADS=20;places=cores;proc_bind=spread;bytes_per_iter=32;nt_store=0;pJ_per_B=1516.828;GBps_per_W=0.6593,5.79086111111111E-05
2025-10-13T11:27:21,rock-ms7a95,NA,0,kernel,1,1.1,2.1334,2.1334,208.106,97.5,0,stream_triad,openmp,float32,2147483648,2,2,2.1334,208.106,97.5,97.5,137438953472,64.42,steady_clock,rapl_energy_uj_delta,0,cpu:Intel(R) Core(TM) i9-7900X CPU @ 3.30GHz,NA,0,0,0,0,NA,NA,,0,sweep;repeats=50;repeat_idx=16;cohort=cpu_extra;OMP_NUM_THREADS=20;places=cores;proc_bind=spread;bytes_per_iter=32;nt_store=0;pJ_per_B=1514.171;GBps_per_W=0.6604,5.78072222222222E-05
2025-10-13T11:27:23,rock-ms7a95,NA,0,kernel,1,1.1,2.1332,2.1332,207.54,97.3,0,stream_triad,openmp,float32,2147483648,2,2,2.1332,207.54,97.3,97.3,137438953472,64.43,steady_clock,rapl_energy_uj_delta,0,cpu:Intel(R) Core(TM) i9-7900X CPU @ 3.30GHz,NA,0,0,0,0,NA,NA,,0,sweep;repeats=50;repeat_idx=17;cohort=cpu_extra;OMP_NUM_THREADS=20;places=cores;proc_bind=spread;bytes_per_iter=32;nt_store=0;pJ_per_B=1510.052;GBps_per_W=0.6622,0.00005765
2025-10-13T11:27:26,rock-ms7a95,NA,0,kernel,1,1.1,2.1323,2.1323,208.369,97.7,0,stream_triad,openmp,float32,2147483648,2,2,2.1323,208.369,97.7,97.7,137438953472,64.46,steady_clock,rapl_energy_uj_delta,0,cpu:Intel(R) Core(TM) i9-7900X CPU @ 3.30GHz,NA,0,0,0,0,NA,NA,,0,sweep;repeats=50;repeat_idx=18;cohort=cpu_extra;OMP_NUM_THREADS=20;places=cores;proc_bind=spread;bytes_per_iter=32;nt_store=0;pJ_per_B=1516.084;GBps_per_W=0.6596,5.78802777777778E-05
2025-10-13T11:27:29,rock-ms7a95,NA,0,kernel,1,1.1,2.1339,2.1339,208.58,97.7,0,stream_triad,openmp,float32,2147483648,2,2,2.1339,208.58,97.7,97.7,137438953472,64.41,steady_clock,rapl_energy_uj_delta,0,cpu:Intel(R) Core(TM) i9-7900X CPU @ 3.30GHz,NA,0,0,0,0,NA,NA,,0,sweep;repeats=50;repeat_idx=19;cohort=cpu_extra;OMP_NUM_THREADS=20;places=cores;proc_bind=spread;bytes_per_iter=32;nt_store=0;pJ_per_B=1517.623;GBps_per_W=0.6589,5.79388888888889E-05
2025-10-13T11:27:31,rock-ms7a95,NA,0,kernel,1,1.1,2.1334,2.1334,208.67,97.8,0,stream_triad,openmp,float32,2147483648,2,2,2.1334,208.67,97.8,97.8,137438953472,64.42,steady_clock,rapl_energy_uj_delta,0,cpu:Intel(R) Core(TM) i9-7900X CPU @ 3.30GHz,NA,0,0,0,0,NA,NA,,0,sweep;repeats=50;repeat_idx=20;cohort=cpu_extra;OMP_NUM_THREADS=20;places=cores;proc_bind=spread;bytes_per_iter=32;nt_store=0;pJ_per_B=1518.278;GBps_per_W=0.6586,5.79638888888889E-05
2025-10-13T11:27:34,rock-ms7a95,NA,0,kernel,1,1.1,2.1328,2.1328,207.718,97.4,0,stream_triad,openmp,float32,2147483648,2,2,2.1328,207.718,97.4,97.4,137438953472,64.44,steady_clock,rapl_energy_uj_delta,0,cpu:Intel(R) Core(TM) i9-7900X CPU @ 3.30GHz,NA,0,0,0,0,NA,NA,,0,sweep;repeats=50;repeat_idx=21;cohort=cpu_extra;OMP_NUM_THREADS=20;places=cores;proc_bind=spread;bytes_per_iter=32;nt_store=0;pJ_per_B=1511.350;GBps_per_W=0.6617,5.76994444444444E-05
2025-10-13T11:27:37,rock-ms7a95,NA,0,kernel,1,1.1,2.1322,2.1322,207.976,97.5,0,stream_triad,openmp,float32,2147483648,2,2,2.1322,207.976,97.5,97.5,137438953472,64.46,steady_clock,rapl_energy_uj_delta,0,cpu:Intel(R) Core(TM) i9-7900X CPU @ 3.30GHz,NA,0,0,0,0,NA,NA,,0,sweep;repeats=50;repeat_idx=22;cohort=cpu_extra;OMP_NUM_THREADS=20;places=cores;proc_bind=spread;bytes_per_iter=32;nt_store=0;pJ_per_B=1513.222;GBps_per_W=0.6608,5.77711111111111E-05
2025-10-13T11:27:39,rock-ms7a95,NA,0,kernel,1,1.1,2.1319,2.1319,207.993,97.6,0,stream_triad,openmp,float32,2147483648,2,2,2.1319,207.993,97.6,97.6,137438953472,64.47,steady_clock,rapl_energy_uj_delta,0,cpu:Intel(R) Core(TM) i9-7900X CPU @ 3.30GHz,NA,0,0,0,0,NA,NA,,0,sweep;repeats=50;repeat_idx=23;cohort=cpu_extra;OMP_NUM_THREADS=20;places=cores;proc_bind=spread;bytes_per_iter=32;nt_store=0;pJ_per_B=1513.350;GBps_per_W=0.6608,5.77758333333333E-05
2025-10-13T11:27:42,rock-ms7a95,NA,0,kernel,1,1.1,2.1327,2.1327,207.264,97.2,0,stream_triad,openmp,float32,2147483648,2,2,2.1327,207.264,97.2,97.2,137438953472,64.45,steady_clock,rapl_energy_uj_delta,0,cpu:Intel(R) Core(TM) i9-7900X CPU @ 3.30GHz,NA,0,0,0,0,NA,NA,,0,sweep;repeats=50;repeat_idx=24;cohort=cpu_extra;OMP_NUM_THREADS=20;places=cores;proc_bind=spread;bytes_per_iter=32;nt_store=0;pJ_per_B=1508.044;GBps_per_W=0.6631,5.75733333333333E-05
2025-10-13T11:27:45,rock-ms7a95,NA,0,kernel,1,1.1,2.1314,2.1314,208.724,97.9,0,stream_triad,openmp,float32,2147483648,2,2,2.1314,208.724,97.9,97.9,137438953472,64.48,steady_clock,rapl_energy_uj_delta,0,cpu:Intel(R) Core(TM) i9-7900X CPU @ 3.30GHz,NA,0,0,0,0,NA,NA,,0,sweep;repeats=50;repeat_idx=25;cohort=cpu_extra;OMP_NUM_THREADS=20;places=cores;proc_bind=spread;bytes_per_iter=32;nt_store=0;pJ_per_B=1518.664;GBps_per_W=0.6585,5.79788888888889E-05
2025-10-13T11:27:48,rock-ms7a95,NA,0,kernel,1,1.1,2.1326,2.1326,208.265,97.7,0,stream_triad,openmp,float32,2147483648,2,2,2.1326,208.265,97.7,97.7,137438953472,64.45,steady_clock,rapl_energy_uj_delta,0,cpu:Intel(R) Core(TM) i9-7900X CPU @ 3.30GHz,NA,0,0,0,0,NA,NA,,0,sweep;repeats=50;repeat_idx=26;cohort=cpu_extra;OMP_NUM_THREADS=20;places=cores;proc_bind=spread;bytes_per_iter=32;nt_store=0;pJ_per_B=1515.327;GBps_per_W=0.6599,5.78513888888889E-05
2025-10-13T11:27:50,rock-ms7a95,NA,0,kernel,1,1.1,2.1324,2.1324,208.266,97.7,0,stream_triad,openmp,float32,2147483648,2,2,2.1324,208.266,97.7,97.7,137438953472,64.45,steady_clock,rapl_energy_uj_delta,0,cpu:Intel(R) Core(TM) i9-7900X CPU @ 3.30GHz,NA,0,0,0,0,NA,NA,,0,sweep;repeats=50;repeat_idx=27;cohort=cpu_extra;OMP_NUM_THREADS=20;places=cores;proc_bind=spread;bytes_per_iter=32;nt_store=0;pJ_per_B=1515.332;GBps_per_W=0.6599,5.78516666666667E-05
2025-10-13T11:27:53,rock-ms7a95,NA,0,kernel,1,1.1,2.1327,2.1327,207.558,97.3,0,stream_triad,openmp,float32,2147483648,2,2,2.1327,207.558,97.3,97.3,137438953472,64.44,steady_clock,rapl_energy_uj_delta,0,cpu:Intel(R) Core(TM) i9-7900X CPU @ 3.30GHz,NA,0,0,0,0,NA,NA,,0,sweep;repeats=50;repeat_idx=28;cohort=cpu_extra;OMP_NUM_THREADS=20;places=cores;proc_bind=spread;bytes_per_iter=32;nt_store=0;pJ_per_B=1510.186;GBps_per_W=0.6622,0.000057655
2025-10-13T11:27:56,rock-ms7a95,NA,0,kernel,1,1.1,2.136,2.136,208.622,97.7,0,stream_triad,openmp,float32,2147483648,2,2,2.136,208.622,97.7,97.7,137438953472,64.34,steady_clock,rapl_energy_uj_delta,0,cpu:Intel(R) Core(TM) i9-7900X CPU @ 3.30GHz,NA,0,0,0,0,NA,NA,,0,sweep;repeats=50;repeat_idx=29;cohort=cpu_extra;OMP_NUM_THREADS=20;places=cores;proc_bind=spread;bytes_per_iter=32;nt_store=0;pJ_per_B=1517.922;GBps_per_W=0.6588,5.79505555555556E-05
2025-10-13T11:27:58,rock-ms7a95,NA,0,kernel,1,1.1,2.1329,2.1329,208.15,97.6,0,stream_triad,openmp,float32,2147483648,2,2,2.1329,208.15,97.6,97.6,137438953472,64.44,steady_clock,rapl_energy_uj_delta,0,cpu:Intel(R) Core(TM) i9-7900X CPU @ 3.30GHz,NA,0,0,0,0,NA,NA,,0,sweep;repeats=50;repeat_idx=30;cohort=cpu_extra;OMP_NUM_THREADS=20;places=cores;proc_bind=spread;bytes_per_iter=32;nt_store=0;pJ_per_B=1514.488;GBps_per_W=0.6603,5.78194444444444E-05
2025-10-13T11:28:01,rock-ms7a95,NA,0,kernel,1,1.1,2.1337,2.1337,207.855,97.4,0,stream_triad,openmp,float32,2147483648,2,2,2.1337,207.855,97.4,97.4,137438953472,64.41,steady_clock,rapl_energy_uj_delta,0,cpu:Intel(R) Core(TM) i9-7900X CPU @ 3.30GHz,NA,0,0,0,0,NA,NA,,0,sweep;repeats=50;repeat_idx=31;cohort=cpu_extra;OMP_NUM_THREADS=20;places=cores;proc_bind=spread;bytes_per_iter=32;nt_store=0;pJ_per_B=1512.341;GBps_per_W=0.6612,0.0000577375
2025-10-13T11:28:04,rock-ms7a95,NA,0,kernel,1,1.1,2.1316,2.1316,207.262,97.2,0,stream_triad,openmp,float32,2147483648,2,2,2.1316,207.262,97.2,97.2,137438953472,64.48,steady_clock,rapl_energy_uj_delta,0,cpu:Intel(R) Core(TM) i9-7900X CPU @ 3.30GHz,NA,0,0,0,0,NA,NA,,0,sweep;repeats=50;repeat_idx=32;cohort=cpu_extra;OMP_NUM_THREADS=20;places=cores;proc_bind=spread;bytes_per_iter=32;nt_store=0;pJ_per_B=1508.029;GBps_per_W=0.6631,5.75727777777778E-05
2025-10-13T11:28:06,rock-ms7a95,NA,0,kernel,1,1.1,2.132,2.132,208.674,97.9,0,stream_triad,openmp,float32,2147483648,2,2,2.132,208.674,97.9,97.9,137438953472,64.46,steady_clock,rapl_energy_uj_delta,0,cpu:Intel(R) Core(TM) i9-7900X CPU @ 3.30GHz,NA,0,0,0,0,NA,NA,,0,sweep;repeats=50;repeat_idx=33;cohort=cpu_extra;OMP_NUM_THREADS=20;places=cores;proc_bind=spread;bytes_per_iter=32;nt_store=0;pJ_per_B=1518.302;GBps_per_W=0.6586,0.000057965
2025-10-13T11:28:09,rock-ms7a95,NA,0,kernel,1,1.1,2.1321,2.1321,208.089,97.6,0,stream_triad,openmp,float32,2147483648,2,2,2.1321,208.089,97.6,97.6,137438953472,64.46,steady_clock,rapl_energy_uj_delta,0,cpu:Intel(R) Core(TM) i9-7900X CPU @ 3.30GHz,NA,0,0,0,0,NA,NA,,0,sweep;repeats=50;repeat_idx=34;cohort=cpu_extra;OMP_NUM_THREADS=20;places=cores;proc_bind=spread;bytes_per_iter=32;nt_store=0;pJ_per_B=1514.050;GBps_per_W=0.6605,0.0000578025
2025-10-13T11:28:12,rock-ms7a95,NA,0,kernel,1,1.1,2.1332,2.1332,208.599,97.8,0,stream_triad,openmp,float32,2147483648,2,2,2.1332,208.599,97.8,97.8,137438953472,64.43,steady_clock,rapl_energy_uj_delta,0,cpu:Intel(R) Core(TM) i9-7900X CPU @ 3.30GHz,NA,0,0,0,0,NA,NA,,0,sweep;repeats=50;repeat_idx=35;cohort=cpu_extra;OMP_NUM_THREADS=20;places=cores;proc_bind=spread;bytes_per_iter=32;nt_store=0;pJ_per_B=1517.758;GBps_per_W=0.6589,5.79441666666667E-05
2025-10-13T11:28:14,rock-ms7a95,NA,0,kernel,1,1.1,2.1321,2.1321,208.247,97.7,0,stream_triad,openmp,float32,2147483648,2,2,2.1321,208.247,97.7,97.7,137438953472,64.46,steady_clock,rapl_energy_uj_delta,0,cpu:Intel(R) Core(TM) i9-7900X CPU @ 3.30GHz,NA,0,0,0,0,NA,NA,,0,sweep;repeats=50;repeat_idx=36;cohort=cpu_extra;OMP_NUM_THREADS=20;places=cores;proc_bind=spread;bytes_per_iter=32;nt_store=0;pJ_per_B=1515.193;GBps_per_W=0.6600,5.78463888888889E-05
2025-10-13T11:28:17,rock-ms7a95,NA,0,kernel,1,1.1,2.1316,2.1316,207.44,97.3,0,stream_triad,openmp,float32,2147483648,2,2,2.1316,207.44,97.3,97.3,137438953472,64.48,steady_clock,rapl_energy_uj_delta,0,cpu:Intel(R) Core(TM) i9-7900X CPU @ 3.30GHz,NA,0,0,0,0,NA,NA,,0,sweep;repeats=50;repeat_idx=37;cohort=cpu_extra;OMP_NUM_THREADS=20;places=cores;proc_bind=spread;bytes_per_iter=32;nt_store=0;pJ_per_B=1509.326;GBps_per_W=0.6625,5.76222222222222E-05
2025-10-13T11:28:20,rock-ms7a95,NA,0,kernel,1,1.1,2.1314,2.1314,209.373,98.2,0,stream_triad,openmp,float32,2147483648,2,2,2.1314,209.373,98.2,98.2,137438953472,64.48,steady_clock,rapl_energy_uj_delta,0,cpu:Intel(R) Core(TM) i9-7900X CPU @ 3.30GHz,NA,0,0,0,0,NA,NA,,0,sweep;repeats=50;repeat_idx=38;cohort=cpu_extra;OMP_NUM_THREADS=20;places=cores;proc_bind=spread;bytes_per_iter=32;nt_store=0;pJ_per_B=1523.390;GBps_per_W=0.6564,5.81591666666667E-05
2025-10-13T11:28:23,rock-ms7a95,NA,0,kernel,1,1.1,2.1321,2.1321,209.093,98.1,0,stream_triad,openmp,float32,2147483648,2,2,2.1321,209.093,98.1,98.1,137438953472,64.46,steady_clock,rapl_energy_uj_delta,0,cpu:Intel(R) Core(TM) i9-7900X CPU @ 3.30GHz,NA,0,0,0,0,NA,NA,,0,sweep;repeats=50;repeat_idx=39;cohort=cpu_extra;OMP_NUM_THREADS=20;places=cores;proc_bind=spread;bytes_per_iter=32;nt_store=0;pJ_per_B=1521.348;GBps_per_W=0.6573,5.80813888888889E-05
2025-10-13T11:28:25,rock-ms7a95,NA,0,kernel,1,1.1,2.1319,2.1319,207.087,97.1,0,stream_triad,openmp,float32,2147483648,2,2,2.1319,207.087,97.1,97.1,137438953472,64.47,steady_clock,rapl_energy_uj_delta,0,cpu:Intel(R) Core(TM) i9-7900X CPU @ 3.30GHz,NA,0,0,0,0,NA,NA,,0,sweep;repeats=50;repeat_idx=40;cohort=cpu_extra;OMP_NUM_THREADS=20;places=cores;proc_bind=spread;bytes_per_iter=32;nt_store=0;pJ_per_B=1506.753;GBps_per_W=0.6637,5.75241666666667E-05
2025-10-13T11:28:28,rock-ms7a95,NA,0,kernel,1,1.1,2.1329,2.1329,208.717,97.9,0,stream_triad,openmp,float32,2147483648,2,2,2.1329,208.717,97.9,97.9,137438953472,64.44,steady_clock,rapl_energy_uj_delta,0,cpu:Intel(R) Core(TM) i9-7900X CPU @ 3.30GHz,NA,0,0,0,0,NA,NA,,0,sweep;repeats=50;repeat_idx=41;cohort=cpu_extra;OMP_NUM_THREADS=20;places=cores;proc_bind=spread;bytes_per_iter=32;nt_store=0;pJ_per_B=1518.617;GBps_per_W=0.6585,5.79769444444444E-05
2025-10-13T11:28:31,rock-ms7a95,NA,0,kernel,1,1.1,2.1321,2.1321,208.411,97.7,0,stream_triad,openmp,float32,2147483648,2,2,2.1321,208.411,97.7,97.7,137438953472,64.46,steady_clock,rapl_energy_uj_delta,0,cpu:Intel(R) Core(TM) i9-7900X CPU @ 3.30GHz,NA,0,0,0,0,NA,NA,,0,sweep;repeats=50;repeat_idx=42;cohort=cpu_extra;OMP_NUM_THREADS=20;places=cores;proc_bind=spread;bytes_per_iter=32;nt_store=0;pJ_per_B=1516.388;GBps_per_W=0.6595,5.78919444444444E-05
2025-10-13T11:28:33,rock-ms7a95,NA,0,kernel,1,1.1,2.1322,2.1322,208.87,98,0,stream_triad,openmp,float32,2147483648,2,2,2.1322,208.87,98,98,137438953472,64.46,steady_clock,rapl_energy_uj_delta,0,cpu:Intel(R) Core(TM) i9-7900X CPU @ 3.30GHz,NA,0,0,0,0,NA,NA,,0,sweep;repeats=50;repeat_idx=43;cohort=cpu_extra;OMP_NUM_THREADS=20;places=cores;proc_bind=spread;bytes_per_iter=32;nt_store=0;pJ_per_B=1519.732;GBps_per_W=0.6580,5.80194444444444E-05
2025-10-13T11:28:36,rock-ms7a95,NA,0,kernel,1,1.1,2.133,2.133,207.798,97.4,0,stream_triad,openmp,float32,2147483648,2,2,2.133,207.798,97.4,97.4,137438953472,64.44,steady_clock,rapl_energy_uj_delta,0,cpu:Intel(R) Core(TM) i9-7900X CPU @ 3.30GHz,NA,0,0,0,0,NA,NA,,0,sweep;repeats=50;repeat_idx=44;cohort=cpu_extra;OMP_NUM_THREADS=20;places=cores;proc_bind=spread;bytes_per_iter=32;nt_store=0;pJ_per_B=1511.930;GBps_per_W=0.6614,5.77216666666667E-05
2025-10-13T11:28:39,rock-ms7a95,NA,0,kernel,1,1.1,2.1325,2.1325,208.491,97.8,0,stream_triad,openmp,float32,2147483648,2,2,2.1325,208.491,97.8,97.8,137438953472,64.45,steady_clock,rapl_energy_uj_delta,0,cpu:Intel(R) Core(TM) i9-7900X CPU @ 3.30GHz,NA,0,0,0,0,NA,NA,,0,sweep;repeats=50;repeat_idx=45;cohort=cpu_extra;OMP_NUM_THREADS=20;places=cores;proc_bind=spread;bytes_per_iter=32;nt_store=0;pJ_per_B=1516.971;GBps_per_W=0.6592,5.79141666666667E-05
2025-10-13T11:28:41,rock-ms7a95,NA,0,kernel,1,1.1,2.133,2.133,207.899,97.5,0,stream_triad,openmp,float32,2147483648,2,2,2.133,207.899,97.5,97.5,137438953472,64.43,steady_clock,rapl_energy_uj_delta,0,cpu:Intel(R) Core(TM) i9-7900X CPU @ 3.30GHz,NA,0,0,0,0,NA,NA,,0,sweep;repeats=50;repeat_idx=46;cohort=cpu_extra;OMP_NUM_THREADS=20;places=cores;proc_bind=spread;bytes_per_iter=32;nt_store=0;pJ_per_B=1512.665;GBps_per_W=0.6611,5.77497222222222E-05
2025-10-13T11:28:44,rock-ms7a95,NA,0,kernel,1,1.1,2.133,2.133,208.143,97.6,0,stream_triad,openmp,float32,2147483648,2,2,2.133,208.143,97.6,97.6,137438953472,64.43,steady_clock,rapl_energy_uj_delta,0,cpu:Intel(R) Core(TM) i9-7900X CPU @ 3.30GHz,NA,0,0,0,0,NA,NA,,0,sweep;repeats=50;repeat_idx=47;cohort=cpu_extra;OMP_NUM_THREADS=20;places=cores;proc_bind=spread;bytes_per_iter=32;nt_store=0;pJ_per_B=1514.440;GBps_per_W=0.6603,0.0000578175
2025-10-13T11:28:47,rock-ms7a95,NA,0,kernel,1,1.1,2.133,2.133,207.664,97.4,0,stream_triad,openmp,float32,2147483648,2,2,2.133,207.664,97.4,97.4,137438953472,64.44,steady_clock,rapl_energy_uj_delta,0,cpu:Intel(R) Core(TM) i9-7900X CPU @ 3.30GHz,NA,0,0,0,0,NA,NA,,0,sweep;repeats=50;repeat_idx=48;cohort=cpu_extra;OMP_NUM_THREADS=20;places=cores;proc_bind=spread;bytes_per_iter=32;nt_store=0;pJ_per_B=1510.955;GBps_per_W=0.6618,5.76844444444444E-05
2025-10-13T11:28:49,rock-ms7a95,NA,0,kernel,1,1.1,2.1326,2.1326,208.574,97.8,0,stream_triad,openmp,float32,2147483648,2,2,2.1326,208.574,97.8,97.8,137438953472,64.45,steady_clock,rapl_energy_uj_delta,0,cpu:Intel(R) Core(TM) i9-7900X CPU @ 3.30GHz,NA,0,0,0,0,NA,NA,,0,sweep;repeats=50;repeat_idx=49;cohort=cpu_extra;OMP_NUM_THREADS=20;places=cores;proc_bind=spread;bytes_per_iter=32;nt_store=0;pJ_per_B=1517.577;GBps_per_W=0.6589,5.79372222222222E-05
