REDUCTION(sum) | AMD | AMD Ryzen Threadripper 3970X 32-Core Processor | session=reduction_amd_20260721_172119_session3 | reps=10 | configs=81 | DRAM-RAPL=no
[REDUCTION] N=4000000 threads=64 rep=1 batches=95051 time=1.008 s | package=289.161 J | dram=NA | total=289.161 J | power=287.0 W | runtime=in_range | checksum=OK
  relative_error=4.5e-08
[REDUCTION] N=4000000 threads=64 rep=2 batches=95051 time=1.046 s | package=297.594 J | dram=NA | total=297.594 J | power=284.4 W | runtime=in_range | checksum=OK
  relative_error=4.5e-08
[REDUCTION] N=4000000 threads=64 rep=3 batches=95051 time=1.034 s | package=293.929 J | dram=NA | total=293.929 J | power=284.2 W | runtime=in_range | checksum=OK
  relative_error=4.5e-08
[REDUCTION] N=4000000 threads=64 rep=4 batches=95051 time=1.038 s | package=294.817 J | dram=NA | total=294.817 J | power=284.0 W | runtime=in_range | checksum=OK
  relative_error=4.5e-08
[REDUCTION] N=4000000 threads=64 rep=5 batches=95051 time=1.128 s | package=311.266 J | dram=NA | total=311.266 J | power=275.9 W | runtime=in_range | checksum=OK
  relative_error=4.5e-08
[REDUCTION] N=4000000 threads=64 rep=6 batches=95051 time=1.054 s | package=299.910 J | dram=NA | total=299.910 J | power=284.6 W | runtime=in_range | checksum=OK
  relative_error=4.5e-08
[REDUCTION] N=4000000 threads=64 rep=7 batches=95051 time=1.104 s | package=308.467 J | dram=NA | total=308.467 J | power=279.4 W | runtime=in_range | checksum=OK
  relative_error=4.5e-08
[REDUCTION] N=4000000 threads=64 rep=8 batches=95051 time=1.149 s | package=315.221 J | dram=NA | total=315.221 J | power=274.4 W | runtime=in_range | checksum=OK
  relative_error=4.5e-08
[REDUCTION] N=4000000 threads=64 rep=9 batches=95051 time=1.089 s | package=306.326 J | dram=NA | total=306.326 J | power=281.4 W | runtime=in_range | checksum=OK
  relative_error=4.5e-08
[REDUCTION] N=4000000 threads=64 rep=10 batches=95051 time=1.043 s | package=296.621 J | dram=NA | total=296.621 J | power=284.4 W | runtime=in_range | checksum=OK
  relative_error=4.5e-08
[REDUCTION] N=4000000 threads=16 rep=1 batches=37084 time=0.999 s | package=181.319 J | dram=NA | total=181.319 J | power=181.6 W | runtime=in_range | checksum=OK
  relative_error=4.5e-08
[REDUCTION] N=4000000 threads=16 rep=2 batches=37084 time=1.007 s | package=181.721 J | dram=NA | total=181.721 J | power=180.4 W | runtime=in_range | checksum=OK
  relative_error=4.5e-08
[REDUCTION] N=4000000 threads=16 rep=3 batches=37084 time=1.013 s | package=181.028 J | dram=NA | total=181.028 J | power=178.7 W | runtime=in_range | checksum=OK
  relative_error=4.5e-08
[REDUCTION] N=4000000 threads=16 rep=4 batches=37084 time=0.983 s | package=178.378 J | dram=NA | total=178.378 J | power=181.4 W | runtime=in_range | checksum=OK
  relative_error=4.5e-08
[REDUCTION] N=4000000 threads=16 rep=5 batches=37084 time=0.977 s | package=178.196 J | dram=NA | total=178.196 J | power=182.3 W | runtime=in_range | checksum=OK
  relative_error=4.5e-08
[REDUCTION] N=4000000 threads=16 rep=6 batches=37084 time=0.977 s | package=177.960 J | dram=NA | total=177.960 J | power=182.2 W | runtime=in_range | checksum=OK
  relative_error=4.5e-08
[REDUCTION] N=4000000 threads=16 rep=7 batches=37084 time=0.979 s | package=178.096 J | dram=NA | total=178.096 J | power=182.0 W | runtime=in_range | checksum=OK
  relative_error=4.5e-08
[REDUCTION] N=4000000 threads=16 rep=8 batches=37084 time=0.986 s | package=178.447 J | dram=NA | total=178.447 J | power=180.9 W | runtime=in_range | checksum=OK
  relative_error=4.5e-08
[REDUCTION] N=4000000 threads=16 rep=9 batches=37084 time=0.979 s | package=178.124 J | dram=NA | total=178.124 J | power=181.9 W | runtime=in_range | checksum=OK
  relative_error=4.5e-08
[REDUCTION] N=4000000 threads=16 rep=10 batches=37084 time=0.979 s | package=178.874 J | dram=NA | total=178.874 J | power=182.8 W | runtime=in_range | checksum=OK
  relative_error=4.5e-08
[REDUCTION] N=32000000 threads=20 rep=1 batches=733 time=1.001 s | package=123.525 J | dram=NA | total=123.525 J | power=123.4 W | runtime=in_range | checksum=OK
  relative_error=3.4e-08
[REDUCTION] N=32000000 threads=20 rep=2 batches=733 time=1.008 s | package=124.863 J | dram=NA | total=124.863 J | power=123.9 W | runtime=in_range | checksum=OK
  relative_error=3.4e-08
[REDUCTION] N=32000000 threads=20 rep=3 batches=733 time=1.000 s | package=124.093 J | dram=NA | total=124.093 J | power=124.1 W | runtime=in_range | checksum=OK
  relative_error=3.4e-08
[REDUCTION] N=32000000 threads=20 rep=4 batches=733 time=1.006 s | package=124.703 J | dram=NA | total=124.703 J | power=123.9 W | runtime=in_range | checksum=OK
  relative_error=3.4e-08
[REDUCTION] N=32000000 threads=20 rep=5 batches=733 time=1.002 s | package=124.303 J | dram=NA | total=124.303 J | power=124.0 W | runtime=in_range | checksum=OK
  relative_error=3.4e-08
[REDUCTION] N=32000000 threads=20 rep=6 batches=733 time=1.005 s | package=124.587 J | dram=NA | total=124.587 J | power=123.9 W | runtime=in_range | checksum=OK
  relative_error=3.4e-08
[REDUCTION] N=32000000 threads=20 rep=7 batches=733 time=1.001 s | package=124.550 J | dram=NA | total=124.550 J | power=124.5 W | runtime=in_range | checksum=OK
  relative_error=3.4e-08
[REDUCTION] N=32000000 threads=20 rep=8 batches=733 time=1.005 s | package=124.598 J | dram=NA | total=124.598 J | power=124.0 W | runtime=in_range | checksum=OK
  relative_error=3.4e-08
[REDUCTION] N=32000000 threads=20 rep=9 batches=733 time=1.001 s | package=124.801 J | dram=NA | total=124.801 J | power=124.7 W | runtime=in_range | checksum=OK
  relative_error=3.4e-08
[REDUCTION] N=32000000 threads=20 rep=10 batches=733 time=1.005 s | package=125.616 J | dram=NA | total=125.616 J | power=125.0 W | runtime=in_range | checksum=OK
  relative_error=3.4e-08
[REDUCTION] N=128000000 threads=4 rep=1 batches=92 time=1.006 s | package=90.349 J | dram=NA | total=90.349 J | power=89.8 W | runtime=in_range | checksum=OK
  relative_error=3.9e-09
[REDUCTION] N=128000000 threads=4 rep=2 batches=92 time=1.019 s | package=92.357 J | dram=NA | total=92.357 J | power=90.6 W | runtime=in_range | checksum=OK
  relative_error=3.9e-09
[REDUCTION] N=128000000 threads=4 rep=3 batches=92 time=1.008 s | package=92.201 J | dram=NA | total=92.201 J | power=91.5 W | runtime=in_range | checksum=OK
  relative_error=3.9e-09
[REDUCTION] N=128000000 threads=4 rep=4 batches=92 time=1.011 s | package=91.605 J | dram=NA | total=91.605 J | power=90.6 W | runtime=in_range | checksum=OK
  relative_error=3.9e-09
[REDUCTION] N=128000000 threads=4 rep=5 batches=92 time=1.012 s | package=91.186 J | dram=NA | total=91.186 J | power=90.1 W | runtime=in_range | checksum=OK
  relative_error=3.9e-09
[REDUCTION] N=128000000 threads=4 rep=6 batches=92 time=1.013 s | package=90.778 J | dram=NA | total=90.778 J | power=89.6 W | runtime=in_range | checksum=OK
  relative_error=3.9e-09
[REDUCTION] N=128000000 threads=4 rep=7 batches=92 time=1.011 s | package=90.558 J | dram=NA | total=90.558 J | power=89.5 W | runtime=in_range | checksum=OK
  relative_error=3.9e-09
[REDUCTION] N=128000000 threads=4 rep=8 batches=92 time=1.011 s | package=90.722 J | dram=NA | total=90.722 J | power=89.7 W | runtime=in_range | checksum=OK
  relative_error=3.9e-09
[REDUCTION] N=128000000 threads=4 rep=9 batches=92 time=1.020 s | package=91.170 J | dram=NA | total=91.170 J | power=89.4 W | runtime=in_range | checksum=OK
  relative_error=3.9e-09
[REDUCTION] N=128000000 threads=4 rep=10 batches=92 time=1.018 s | package=90.983 J | dram=NA | total=90.983 J | power=89.4 W | runtime=in_range | checksum=OK
  relative_error=3.9e-09
[REDUCTION] N=128000000 threads=20 rep=1 batches=97 time=1.007 s | package=121.661 J | dram=NA | total=121.661 J | power=120.9 W | runtime=in_range | checksum=OK
  relative_error=3.9e-09
[REDUCTION] N=128000000 threads=20 rep=2 batches=97 time=1.007 s | package=121.893 J | dram=NA | total=121.893 J | power=121.0 W | runtime=in_range | checksum=OK
  relative_error=3.9e-09
[REDUCTION] N=128000000 threads=20 rep=3 batches=97 time=1.012 s | package=122.479 J | dram=NA | total=122.479 J | power=121.0 W | runtime=in_range | checksum=OK
  relative_error=3.9e-09
[REDUCTION] N=128000000 threads=20 rep=4 batches=97 time=1.008 s | package=121.976 J | dram=NA | total=121.976 J | power=121.1 W | runtime=in_range | checksum=OK
  relative_error=3.9e-09
[REDUCTION] N=128000000 threads=20 rep=5 batches=97 time=1.007 s | package=122.028 J | dram=NA | total=122.028 J | power=121.1 W | runtime=in_range | checksum=OK
  relative_error=3.9e-09
[REDUCTION] N=128000000 threads=20 rep=6 batches=97 time=1.016 s | package=122.892 J | dram=NA | total=122.892 J | power=121.0 W | runtime=in_range | checksum=OK
  relative_error=3.9e-09
[REDUCTION] N=128000000 threads=20 rep=7 batches=97 time=1.013 s | package=122.864 J | dram=NA | total=122.864 J | power=121.3 W | runtime=in_range | checksum=OK
  relative_error=3.9e-09
[REDUCTION] N=128000000 threads=20 rep=8 batches=97 time=1.007 s | package=123.100 J | dram=NA | total=123.100 J | power=122.2 W | runtime=in_range | checksum=OK
  relative_error=3.9e-09
[REDUCTION] N=128000000 threads=20 rep=9 batches=97 time=1.009 s | package=124.377 J | dram=NA | total=124.377 J | power=123.3 W | runtime=in_range | checksum=OK
  relative_error=3.9e-09
[REDUCTION] N=128000000 threads=20 rep=10 batches=97 time=1.007 s | package=124.121 J | dram=NA | total=124.121 J | power=123.2 W | runtime=in_range | checksum=OK
  relative_error=3.9e-09
[REDUCTION] N=8000000 threads=64 rep=1 batches=55588 time=1.291 s | package=370.038 J | dram=NA | total=370.038 J | power=286.7 W | runtime=above | checksum=OK
  relative_error=1.6e-07
[REDUCTION] N=8000000 threads=64 rep=2 batches=55588 time=1.349 s | package=380.706 J | dram=NA | total=380.706 J | power=282.2 W | runtime=above | checksum=OK
  relative_error=1.6e-07
[REDUCTION] N=8000000 threads=64 rep=3 batches=55588 time=1.295 s | package=369.156 J | dram=NA | total=369.156 J | power=285.1 W | runtime=above | checksum=OK
  relative_error=1.6e-07
[REDUCTION] N=8000000 threads=64 rep=4 batches=55588 time=1.301 s | package=371.112 J | dram=NA | total=371.112 J | power=285.2 W | runtime=above | checksum=OK
  relative_error=1.6e-07
[REDUCTION] N=8000000 threads=64 rep=5 batches=55588 time=1.407 s | package=395.862 J | dram=NA | total=395.862 J | power=281.3 W | runtime=above | checksum=OK
  relative_error=1.6e-07
[REDUCTION] N=8000000 threads=64 rep=6 batches=55588 time=1.543 s | package=428.473 J | dram=NA | total=428.473 J | power=277.7 W | runtime=above | checksum=OK
  relative_error=1.6e-07
[REDUCTION] N=8000000 threads=64 rep=7 batches=55588 time=1.143 s | package=325.438 J | dram=NA | total=325.438 J | power=284.8 W | runtime=in_range | checksum=OK
  relative_error=1.6e-07
[REDUCTION] N=8000000 threads=64 rep=8 batches=55588 time=1.298 s | package=361.645 J | dram=NA | total=361.645 J | power=278.5 W | runtime=above | checksum=OK
  relative_error=1.6e-07
[REDUCTION] N=8000000 threads=64 rep=9 batches=55588 time=1.449 s | package=404.377 J | dram=NA | total=404.377 J | power=279.2 W | runtime=above | checksum=OK
  relative_error=1.6e-07
[REDUCTION] N=8000000 threads=64 rep=10 batches=55588 time=1.613 s | package=443.249 J | dram=NA | total=443.249 J | power=274.9 W | runtime=above | checksum=OK
  relative_error=1.6e-07
[REDUCTION] N=16000000 threads=64 rep=1 batches=28542 time=1.007 s | package=288.371 J | dram=NA | total=288.371 J | power=286.4 W | runtime=in_range | checksum=OK
  relative_error=4.0e-08
[REDUCTION] N=16000000 threads=64 rep=2 batches=28542 time=1.022 s | package=291.194 J | dram=NA | total=291.194 J | power=284.9 W | runtime=in_range | checksum=OK
  relative_error=4.0e-08
[REDUCTION] N=16000000 threads=64 rep=3 batches=28542 time=1.029 s | package=292.985 J | dram=NA | total=292.985 J | power=284.6 W | runtime=in_range | checksum=OK
  relative_error=4.0e-08
[REDUCTION] N=16000000 threads=64 rep=4 batches=28542 time=1.028 s | package=292.197 J | dram=NA | total=292.197 J | power=284.2 W | runtime=in_range | checksum=OK
  relative_error=4.0e-08
[REDUCTION] N=16000000 threads=64 rep=5 batches=28542 time=1.030 s | package=292.305 J | dram=NA | total=292.305 J | power=283.9 W | runtime=in_range | checksum=OK
  relative_error=4.0e-08
[REDUCTION] N=16000000 threads=64 rep=6 batches=28542 time=1.020 s | package=291.199 J | dram=NA | total=291.199 J | power=285.4 W | runtime=in_range | checksum=OK
  relative_error=4.0e-08
[REDUCTION] N=16000000 threads=64 rep=7 batches=28542 time=1.027 s | package=293.049 J | dram=NA | total=293.049 J | power=285.3 W | runtime=in_range | checksum=OK
  relative_error=4.0e-08
[REDUCTION] N=16000000 threads=64 rep=8 batches=28542 time=1.091 s | package=305.020 J | dram=NA | total=305.020 J | power=279.5 W | runtime=in_range | checksum=OK
  relative_error=4.0e-08
[REDUCTION] N=16000000 threads=64 rep=9 batches=28542 time=1.027 s | package=293.505 J | dram=NA | total=293.505 J | power=285.7 W | runtime=in_range | checksum=OK
  relative_error=4.0e-08
[REDUCTION] N=16000000 threads=64 rep=10 batches=28542 time=1.025 s | package=291.673 J | dram=NA | total=291.673 J | power=284.6 W | runtime=in_range | checksum=OK
  relative_error=4.0e-08
[REDUCTION] N=32000000 threads=1 rep=1 batches=146 time=1.003 s | package=73.731 J | dram=NA | total=73.731 J | power=73.5 W | runtime=in_range | checksum=OK
  relative_error=3.4e-08
[REDUCTION] N=32000000 threads=1 rep=2 batches=146 time=1.023 s | package=74.926 J | dram=NA | total=74.926 J | power=73.3 W | runtime=in_range | checksum=OK
  relative_error=3.4e-08
[REDUCTION] N=32000000 threads=1 rep=3 batches=146 time=1.016 s | package=74.211 J | dram=NA | total=74.211 J | power=73.0 W | runtime=in_range | checksum=OK
  relative_error=3.4e-08
[REDUCTION] N=32000000 threads=1 rep=4 batches=146 time=1.012 s | package=73.568 J | dram=NA | total=73.568 J | power=72.7 W | runtime=in_range | checksum=OK
  relative_error=3.4e-08
[REDUCTION] N=32000000 threads=1 rep=5 batches=146 time=1.013 s | package=73.321 J | dram=NA | total=73.321 J | power=72.4 W | runtime=in_range | checksum=OK
  relative_error=3.4e-08
[REDUCTION] N=32000000 threads=1 rep=6 batches=146 time=1.011 s | package=72.924 J | dram=NA | total=72.924 J | power=72.1 W | runtime=in_range | checksum=OK
  relative_error=3.4e-08
[REDUCTION] N=32000000 threads=1 rep=7 batches=146 time=1.024 s | package=74.439 J | dram=NA | total=74.439 J | power=72.7 W | runtime=in_range | checksum=OK
  relative_error=3.4e-08
[REDUCTION] N=32000000 threads=1 rep=8 batches=146 time=1.028 s | package=74.929 J | dram=NA | total=74.929 J | power=72.9 W | runtime=in_range | checksum=OK
  relative_error=3.4e-08
[REDUCTION] N=32000000 threads=1 rep=9 batches=146 time=1.022 s | package=73.713 J | dram=NA | total=73.713 J | power=72.1 W | runtime=in_range | checksum=OK
  relative_error=3.4e-08
[REDUCTION] N=32000000 threads=1 rep=10 batches=146 time=1.019 s | package=73.189 J | dram=NA | total=73.189 J | power=71.8 W | runtime=in_range | checksum=OK
  relative_error=3.4e-08
[REDUCTION] N=256000000 threads=8 rep=1 batches=54 time=1.020 s | package=103.860 J | dram=NA | total=103.860 J | power=101.8 W | runtime=in_range | checksum=OK
  relative_error=3.5e-09
[REDUCTION] N=256000000 threads=8 rep=2 batches=54 time=1.028 s | package=104.583 J | dram=NA | total=104.583 J | power=101.7 W | runtime=in_range | checksum=OK
  relative_error=3.5e-09
[REDUCTION] N=256000000 threads=8 rep=3 batches=54 time=1.021 s | package=104.842 J | dram=NA | total=104.842 J | power=102.7 W | runtime=in_range | checksum=OK
  relative_error=3.5e-09
[REDUCTION] N=256000000 threads=8 rep=4 batches=54 time=1.027 s | package=105.479 J | dram=NA | total=105.479 J | power=102.7 W | runtime=in_range | checksum=OK
  relative_error=3.5e-09
[REDUCTION] N=256000000 threads=8 rep=5 batches=54 time=1.021 s | package=105.085 J | dram=NA | total=105.085 J | power=102.9 W | runtime=in_range | checksum=OK
  relative_error=3.5e-09
[REDUCTION] N=256000000 threads=8 rep=6 batches=54 time=1.021 s | package=105.135 J | dram=NA | total=105.135 J | power=103.0 W | runtime=in_range | checksum=OK
  relative_error=3.5e-09
[REDUCTION] N=256000000 threads=8 rep=7 batches=54 time=1.031 s | package=106.022 J | dram=NA | total=106.022 J | power=102.8 W | runtime=in_range | checksum=OK
  relative_error=3.5e-09
[REDUCTION] N=256000000 threads=8 rep=8 batches=54 time=1.021 s | package=105.141 J | dram=NA | total=105.141 J | power=103.0 W | runtime=in_range | checksum=OK
  relative_error=3.5e-09
[REDUCTION] N=256000000 threads=8 rep=9 batches=54 time=1.029 s | package=105.778 J | dram=NA | total=105.778 J | power=102.8 W | runtime=in_range | checksum=OK
  relative_error=3.5e-09
[REDUCTION] N=256000000 threads=8 rep=10 batches=54 time=1.028 s | package=105.668 J | dram=NA | total=105.668 J | power=102.8 W | runtime=in_range | checksum=OK
  relative_error=3.5e-09
[REDUCTION] N=16000000 threads=8 rep=1 batches=5284 time=1.008 s | package=134.751 J | dram=NA | total=134.751 J | power=133.7 W | runtime=in_range | checksum=OK
  relative_error=4.0e-08
[REDUCTION] N=16000000 threads=8 rep=2 batches=5284 time=1.016 s | package=136.407 J | dram=NA | total=136.407 J | power=134.3 W | runtime=in_range | checksum=OK
  relative_error=4.0e-08
[REDUCTION] N=16000000 threads=8 rep=3 batches=5284 time=1.009 s | package=135.922 J | dram=NA | total=135.922 J | power=134.7 W | runtime=in_range | checksum=OK
  relative_error=4.0e-08
[REDUCTION] N=16000000 threads=8 rep=4 batches=5284 time=1.016 s | package=136.376 J | dram=NA | total=136.376 J | power=134.2 W | runtime=in_range | checksum=OK
  relative_error=4.0e-08
[REDUCTION] N=16000000 threads=8 rep=5 batches=5284 time=1.011 s | package=136.480 J | dram=NA | total=136.480 J | power=135.0 W | runtime=in_range | checksum=OK
  relative_error=4.0e-08
[REDUCTION] N=16000000 threads=8 rep=6 batches=5284 time=1.018 s | package=136.449 J | dram=NA | total=136.449 J | power=134.0 W | runtime=in_range | checksum=OK
  relative_error=4.0e-08
[REDUCTION] N=16000000 threads=8 rep=7 batches=5284 time=1.022 s | package=137.806 J | dram=NA | total=137.806 J | power=134.8 W | runtime=in_range | checksum=OK
  relative_error=4.0e-08
[REDUCTION] N=16000000 threads=8 rep=8 batches=5284 time=1.009 s | package=135.869 J | dram=NA | total=135.869 J | power=134.7 W | runtime=in_range | checksum=OK
  relative_error=4.0e-08
[REDUCTION] N=16000000 threads=8 rep=9 batches=5284 time=1.018 s | package=136.406 J | dram=NA | total=136.406 J | power=134.0 W | runtime=in_range | checksum=OK
  relative_error=4.0e-08
[REDUCTION] N=16000000 threads=8 rep=10 batches=5284 time=1.003 s | package=134.769 J | dram=NA | total=134.769 J | power=134.3 W | runtime=in_range | checksum=OK
  relative_error=4.0e-08
[REDUCTION] N=4000000 threads=8 rep=1 batches=20522 time=0.998 s | package=129.377 J | dram=NA | total=129.377 J | power=129.7 W | runtime=in_range | checksum=OK
  relative_error=4.5e-08
[REDUCTION] N=4000000 threads=8 rep=2 batches=20522 time=1.013 s | package=130.845 J | dram=NA | total=130.845 J | power=129.2 W | runtime=in_range | checksum=OK
  relative_error=4.5e-08
[REDUCTION] N=4000000 threads=8 rep=3 batches=20522 time=1.032 s | package=133.621 J | dram=NA | total=133.621 J | power=129.5 W | runtime=in_range | checksum=OK
  relative_error=4.5e-08
[REDUCTION] N=4000000 threads=8 rep=4 batches=20522 time=1.027 s | package=133.380 J | dram=NA | total=133.380 J | power=129.8 W | runtime=in_range | checksum=OK
  relative_error=4.5e-08
[REDUCTION] N=4000000 threads=8 rep=5 batches=20522 time=1.027 s | package=133.037 J | dram=NA | total=133.037 J | power=129.5 W | runtime=in_range | checksum=OK
  relative_error=4.5e-08
[REDUCTION] N=4000000 threads=8 rep=6 batches=20522 time=1.021 s | package=132.157 J | dram=NA | total=132.157 J | power=129.4 W | runtime=in_range | checksum=OK
  relative_error=4.5e-08
[REDUCTION] N=4000000 threads=8 rep=7 batches=20522 time=1.023 s | package=133.201 J | dram=NA | total=133.201 J | power=130.3 W | runtime=in_range | checksum=OK
  relative_error=4.5e-08
[REDUCTION] N=4000000 threads=8 rep=8 batches=20522 time=1.013 s | package=132.001 J | dram=NA | total=132.001 J | power=130.4 W | runtime=in_range | checksum=OK
  relative_error=4.5e-08
[REDUCTION] N=4000000 threads=8 rep=9 batches=20522 time=1.011 s | package=131.333 J | dram=NA | total=131.333 J | power=129.9 W | runtime=in_range | checksum=OK
  relative_error=4.5e-08
[REDUCTION] N=4000000 threads=8 rep=10 batches=20522 time=1.015 s | package=132.239 J | dram=NA | total=132.239 J | power=130.3 W | runtime=in_range | checksum=OK
  relative_error=4.5e-08
[REDUCTION] N=4000000 threads=32 rep=1 batches=65268 time=1.006 s | package=242.154 J | dram=NA | total=242.154 J | power=240.6 W | runtime=in_range | checksum=OK
  relative_error=4.5e-08
[REDUCTION] N=4000000 threads=32 rep=2 batches=65268 time=1.014 s | package=243.225 J | dram=NA | total=243.225 J | power=239.8 W | runtime=in_range | checksum=OK
  relative_error=4.5e-08
[REDUCTION] N=4000000 threads=32 rep=3 batches=65268 time=1.015 s | package=243.103 J | dram=NA | total=243.103 J | power=239.4 W | runtime=in_range | checksum=OK
  relative_error=4.5e-08
[REDUCTION] N=4000000 threads=32 rep=4 batches=65268 time=1.016 s | package=243.841 J | dram=NA | total=243.841 J | power=240.0 W | runtime=in_range | checksum=OK
  relative_error=4.5e-08
[REDUCTION] N=4000000 threads=32 rep=5 batches=65268 time=1.013 s | package=243.519 J | dram=NA | total=243.519 J | power=240.4 W | runtime=in_range | checksum=OK
  relative_error=4.5e-08
[REDUCTION] N=4000000 threads=32 rep=6 batches=65268 time=1.016 s | package=243.591 J | dram=NA | total=243.591 J | power=239.7 W | runtime=in_range | checksum=OK
  relative_error=4.5e-08
[REDUCTION] N=4000000 threads=32 rep=7 batches=65268 time=1.014 s | package=243.868 J | dram=NA | total=243.868 J | power=240.4 W | runtime=in_range | checksum=OK
  relative_error=4.5e-08
[REDUCTION] N=4000000 threads=32 rep=8 batches=65268 time=1.026 s | package=245.609 J | dram=NA | total=245.609 J | power=239.3 W | runtime=in_range | checksum=OK
  relative_error=4.5e-08
[REDUCTION] N=4000000 threads=32 rep=9 batches=65268 time=1.025 s | package=245.764 J | dram=NA | total=245.764 J | power=239.8 W | runtime=in_range | checksum=OK
  relative_error=4.5e-08
[REDUCTION] N=4000000 threads=32 rep=10 batches=65268 time=1.023 s | package=245.429 J | dram=NA | total=245.429 J | power=239.9 W | runtime=in_range | checksum=OK
  relative_error=4.5e-08
[REDUCTION] N=8000000 threads=20 rep=1 batches=24249 time=1.006 s | package=217.081 J | dram=NA | total=217.081 J | power=215.9 W | runtime=in_range | checksum=OK
  relative_error=1.6e-07
[REDUCTION] N=8000000 threads=20 rep=2 batches=24249 time=0.995 s | package=215.729 J | dram=NA | total=215.729 J | power=216.8 W | runtime=in_range | checksum=OK
  relative_error=1.6e-07
[REDUCTION] N=8000000 threads=20 rep=3 batches=24249 time=1.000 s | package=216.442 J | dram=NA | total=216.442 J | power=216.5 W | runtime=in_range | checksum=OK
  relative_error=1.6e-07
[REDUCTION] N=8000000 threads=20 rep=4 batches=24249 time=0.998 s | package=216.278 J | dram=NA | total=216.278 J | power=216.8 W | runtime=in_range | checksum=OK
  relative_error=1.6e-07
[REDUCTION] N=8000000 threads=20 rep=5 batches=24249 time=0.987 s | package=215.926 J | dram=NA | total=215.926 J | power=218.7 W | runtime=in_range | checksum=OK
  relative_error=1.6e-07
[REDUCTION] N=8000000 threads=20 rep=6 batches=24249 time=0.996 s | package=216.296 J | dram=NA | total=216.296 J | power=217.2 W | runtime=in_range | checksum=OK
  relative_error=1.6e-07
[REDUCTION] N=8000000 threads=20 rep=7 batches=24249 time=0.989 s | package=215.919 J | dram=NA | total=215.919 J | power=218.3 W | runtime=in_range | checksum=OK
  relative_error=1.6e-07
[REDUCTION] N=8000000 threads=20 rep=8 batches=24249 time=0.993 s | package=217.295 J | dram=NA | total=217.295 J | power=218.8 W | runtime=in_range | checksum=OK
  relative_error=1.6e-07
[REDUCTION] N=8000000 threads=20 rep=9 batches=24249 time=0.988 s | package=216.206 J | dram=NA | total=216.206 J | power=218.8 W | runtime=in_range | checksum=OK
  relative_error=1.6e-07
[REDUCTION] N=8000000 threads=20 rep=10 batches=24249 time=0.990 s | package=216.501 J | dram=NA | total=216.501 J | power=218.7 W | runtime=in_range | checksum=OK
  relative_error=1.6e-07
[REDUCTION] N=2000000 threads=20 rep=1 batches=77512 time=0.996 s | package=169.539 J | dram=NA | total=169.539 J | power=170.3 W | runtime=in_range | checksum=OK
  relative_error=5.8e-08
[REDUCTION] N=2000000 threads=20 rep=2 batches=77512 time=0.995 s | package=169.977 J | dram=NA | total=169.977 J | power=170.9 W | runtime=in_range | checksum=OK
  relative_error=5.8e-08
[REDUCTION] N=2000000 threads=20 rep=3 batches=77512 time=1.003 s | package=170.630 J | dram=NA | total=170.630 J | power=170.1 W | runtime=in_range | checksum=OK
  relative_error=5.8e-08
[REDUCTION] N=2000000 threads=20 rep=4 batches=77512 time=0.993 s | package=169.685 J | dram=NA | total=169.685 J | power=170.9 W | runtime=in_range | checksum=OK
  relative_error=5.8e-08
[REDUCTION] N=2000000 threads=20 rep=5 batches=77512 time=0.995 s | package=169.631 J | dram=NA | total=169.631 J | power=170.5 W | runtime=in_range | checksum=OK
  relative_error=5.8e-08
[REDUCTION] N=2000000 threads=20 rep=6 batches=77512 time=0.998 s | package=169.960 J | dram=NA | total=169.960 J | power=170.2 W | runtime=in_range | checksum=OK
  relative_error=5.8e-08
[REDUCTION] N=2000000 threads=20 rep=7 batches=77512 time=0.996 s | package=169.927 J | dram=NA | total=169.927 J | power=170.6 W | runtime=in_range | checksum=OK
  relative_error=5.8e-08
[REDUCTION] N=2000000 threads=20 rep=8 batches=77512 time=0.992 s | package=169.482 J | dram=NA | total=169.482 J | power=170.9 W | runtime=in_range | checksum=OK
  relative_error=5.8e-08
[REDUCTION] N=2000000 threads=20 rep=9 batches=77512 time=1.002 s | package=170.288 J | dram=NA | total=170.288 J | power=169.9 W | runtime=in_range | checksum=OK
  relative_error=5.8e-08
[REDUCTION] N=2000000 threads=20 rep=10 batches=77512 time=1.001 s | package=170.392 J | dram=NA | total=170.392 J | power=170.2 W | runtime=in_range | checksum=OK
  relative_error=5.8e-08
[REDUCTION] N=64000000 threads=16 rep=1 batches=224 time=1.003 s | package=122.362 J | dram=NA | total=122.362 J | power=122.0 W | runtime=in_range | checksum=OK
  relative_error=2.1e-08
[REDUCTION] N=64000000 threads=16 rep=2 batches=224 time=1.005 s | package=122.593 J | dram=NA | total=122.593 J | power=122.0 W | runtime=in_range | checksum=OK
  relative_error=2.1e-08
[REDUCTION] N=64000000 threads=16 rep=3 batches=224 time=1.005 s | package=122.368 J | dram=NA | total=122.368 J | power=121.8 W | runtime=in_range | checksum=OK
  relative_error=2.1e-08
[REDUCTION] N=64000000 threads=16 rep=4 batches=224 time=1.006 s | package=122.564 J | dram=NA | total=122.564 J | power=121.8 W | runtime=in_range | checksum=OK
  relative_error=2.1e-08
[REDUCTION] N=64000000 threads=16 rep=5 batches=224 time=1.006 s | package=122.487 J | dram=NA | total=122.487 J | power=121.8 W | runtime=in_range | checksum=OK
  relative_error=2.1e-08
[REDUCTION] N=64000000 threads=16 rep=6 batches=224 time=1.016 s | package=123.369 J | dram=NA | total=123.369 J | power=121.4 W | runtime=in_range | checksum=OK
  relative_error=2.1e-08
[REDUCTION] N=64000000 threads=16 rep=7 batches=224 time=1.009 s | package=122.754 J | dram=NA | total=122.754 J | power=121.6 W | runtime=in_range | checksum=OK
  relative_error=2.1e-08
[REDUCTION] N=64000000 threads=16 rep=8 batches=224 time=1.012 s | package=123.101 J | dram=NA | total=123.101 J | power=121.7 W | runtime=in_range | checksum=OK
  relative_error=2.1e-08
[REDUCTION] N=64000000 threads=16 rep=9 batches=224 time=1.015 s | package=123.377 J | dram=NA | total=123.377 J | power=121.5 W | runtime=in_range | checksum=OK
  relative_error=2.1e-08
[REDUCTION] N=64000000 threads=16 rep=10 batches=224 time=1.012 s | package=124.041 J | dram=NA | total=124.041 J | power=122.6 W | runtime=in_range | checksum=OK
  relative_error=2.1e-08
[REDUCTION] N=2000000 threads=10 rep=1 batches=26459 time=1.006 s | package=121.305 J | dram=NA | total=121.305 J | power=120.6 W | runtime=in_range | checksum=OK
  relative_error=5.8e-08
[REDUCTION] N=2000000 threads=10 rep=2 batches=26459 time=1.014 s | package=123.540 J | dram=NA | total=123.540 J | power=121.8 W | runtime=in_range | checksum=OK
  relative_error=5.8e-08
[REDUCTION] N=2000000 threads=10 rep=3 batches=26459 time=1.030 s | package=124.385 J | dram=NA | total=124.385 J | power=120.8 W | runtime=in_range | checksum=OK
  relative_error=5.8e-08
[REDUCTION] N=2000000 threads=10 rep=4 batches=26459 time=1.018 s | package=122.362 J | dram=NA | total=122.362 J | power=120.2 W | runtime=in_range | checksum=OK
  relative_error=5.8e-08
[REDUCTION] N=2000000 threads=10 rep=5 batches=26459 time=1.020 s | package=123.788 J | dram=NA | total=123.788 J | power=121.3 W | runtime=in_range | checksum=OK
  relative_error=5.8e-08
[REDUCTION] N=2000000 threads=10 rep=6 batches=26459 time=1.019 s | package=123.169 J | dram=NA | total=123.169 J | power=120.9 W | runtime=in_range | checksum=OK
  relative_error=5.8e-08
[REDUCTION] N=2000000 threads=10 rep=7 batches=26459 time=1.016 s | package=123.035 J | dram=NA | total=123.035 J | power=121.2 W | runtime=in_range | checksum=OK
  relative_error=5.8e-08
[REDUCTION] N=2000000 threads=10 rep=8 batches=26459 time=1.019 s | package=122.627 J | dram=NA | total=122.627 J | power=120.3 W | runtime=in_range | checksum=OK
  relative_error=5.8e-08
[REDUCTION] N=2000000 threads=10 rep=9 batches=26459 time=1.006 s | package=121.803 J | dram=NA | total=121.803 J | power=121.0 W | runtime=in_range | checksum=OK
  relative_error=5.8e-08
[REDUCTION] N=2000000 threads=10 rep=10 batches=26459 time=1.018 s | package=122.891 J | dram=NA | total=122.891 J | power=120.7 W | runtime=in_range | checksum=OK
  relative_error=5.8e-08
[REDUCTION] N=256000000 threads=1 rep=1 batches=19 time=1.038 s | package=71.912 J | dram=NA | total=71.912 J | power=69.3 W | runtime=in_range | checksum=OK
  relative_error=3.5e-09
[REDUCTION] N=256000000 threads=1 rep=2 batches=19 time=1.060 s | package=73.445 J | dram=NA | total=73.445 J | power=69.3 W | runtime=in_range | checksum=OK
  relative_error=3.5e-09
[REDUCTION] N=256000000 threads=1 rep=3 batches=19 time=1.051 s | package=73.985 J | dram=NA | total=73.985 J | power=70.4 W | runtime=in_range | checksum=OK
  relative_error=3.5e-09
[REDUCTION] N=256000000 threads=1 rep=4 batches=19 time=1.040 s | package=73.361 J | dram=NA | total=73.361 J | power=70.5 W | runtime=in_range | checksum=OK
  relative_error=3.5e-09
[REDUCTION] N=256000000 threads=1 rep=5 batches=19 time=1.052 s | package=73.942 J | dram=NA | total=73.942 J | power=70.3 W | runtime=in_range | checksum=OK
  relative_error=3.5e-09
[REDUCTION] N=256000000 threads=1 rep=6 batches=19 time=1.051 s | package=73.880 J | dram=NA | total=73.880 J | power=70.3 W | runtime=in_range | checksum=OK
  relative_error=3.5e-09
[REDUCTION] N=256000000 threads=1 rep=7 batches=19 time=1.049 s | package=73.640 J | dram=NA | total=73.640 J | power=70.2 W | runtime=in_range | checksum=OK
  relative_error=3.5e-09
[REDUCTION] N=256000000 threads=1 rep=8 batches=19 time=1.051 s | package=74.513 J | dram=NA | total=74.513 J | power=70.9 W | runtime=in_range | checksum=OK
  relative_error=3.5e-09
[REDUCTION] N=256000000 threads=1 rep=9 batches=19 time=1.049 s | package=73.729 J | dram=NA | total=73.729 J | power=70.3 W | runtime=in_range | checksum=OK
  relative_error=3.5e-09
[REDUCTION] N=256000000 threads=1 rep=10 batches=19 time=1.052 s | package=74.000 J | dram=NA | total=74.000 J | power=70.3 W | runtime=in_range | checksum=OK
  relative_error=3.5e-09
[REDUCTION] N=32000000 threads=4 rep=1 batches=370 time=1.001 s | package=88.579 J | dram=NA | total=88.579 J | power=88.4 W | runtime=in_range | checksum=OK
  relative_error=3.4e-08
[REDUCTION] N=32000000 threads=4 rep=2 batches=370 time=1.017 s | package=89.702 J | dram=NA | total=89.702 J | power=88.2 W | runtime=in_range | checksum=OK
  relative_error=3.4e-08
[REDUCTION] N=32000000 threads=4 rep=3 batches=370 time=1.013 s | package=89.575 J | dram=NA | total=89.575 J | power=88.4 W | runtime=in_range | checksum=OK
  relative_error=3.4e-08
[REDUCTION] N=32000000 threads=4 rep=4 batches=370 time=1.017 s | package=89.829 J | dram=NA | total=89.829 J | power=88.3 W | runtime=in_range | checksum=OK
  relative_error=3.4e-08
[REDUCTION] N=32000000 threads=4 rep=5 batches=370 time=1.015 s | package=89.625 J | dram=NA | total=89.625 J | power=88.3 W | runtime=in_range | checksum=OK
  relative_error=3.4e-08
[REDUCTION] N=32000000 threads=4 rep=6 batches=370 time=1.013 s | package=90.570 J | dram=NA | total=90.570 J | power=89.4 W | runtime=in_range | checksum=OK
  relative_error=3.4e-08
[REDUCTION] N=32000000 threads=4 rep=7 batches=370 time=1.012 s | package=91.057 J | dram=NA | total=91.057 J | power=89.9 W | runtime=in_range | checksum=OK
  relative_error=3.4e-08
[REDUCTION] N=32000000 threads=4 rep=8 batches=370 time=1.015 s | package=91.726 J | dram=NA | total=91.726 J | power=90.4 W | runtime=in_range | checksum=OK
  relative_error=3.4e-08
[REDUCTION] N=32000000 threads=4 rep=9 batches=370 time=1.010 s | package=90.195 J | dram=NA | total=90.195 J | power=89.3 W | runtime=in_range | checksum=OK
  relative_error=3.4e-08
[REDUCTION] N=32000000 threads=4 rep=10 batches=370 time=1.016 s | package=90.713 J | dram=NA | total=90.713 J | power=89.3 W | runtime=in_range | checksum=OK
  relative_error=3.4e-08
[REDUCTION] N=8000000 threads=8 rep=1 batches=9384 time=1.025 s | package=132.902 J | dram=NA | total=132.902 J | power=129.7 W | runtime=in_range | checksum=OK
  relative_error=1.6e-07
[REDUCTION] N=8000000 threads=8 rep=2 batches=9384 time=1.039 s | package=134.431 J | dram=NA | total=134.431 J | power=129.3 W | runtime=in_range | checksum=OK
  relative_error=1.6e-07
[REDUCTION] N=8000000 threads=8 rep=3 batches=9384 time=1.031 s | package=133.390 J | dram=NA | total=133.390 J | power=129.3 W | runtime=in_range | checksum=OK
  relative_error=1.6e-07
[REDUCTION] N=8000000 threads=8 rep=4 batches=9384 time=1.045 s | package=133.961 J | dram=NA | total=133.961 J | power=128.2 W | runtime=in_range | checksum=OK
  relative_error=1.6e-07
[REDUCTION] N=8000000 threads=8 rep=5 batches=9384 time=1.039 s | package=133.953 J | dram=NA | total=133.953 J | power=128.9 W | runtime=in_range | checksum=OK
  relative_error=1.6e-07
[REDUCTION] N=8000000 threads=8 rep=6 batches=9384 time=1.025 s | package=131.367 J | dram=NA | total=131.367 J | power=128.2 W | runtime=in_range | checksum=OK
  relative_error=1.6e-07
[REDUCTION] N=8000000 threads=8 rep=7 batches=9384 time=1.029 s | package=132.077 J | dram=NA | total=132.077 J | power=128.3 W | runtime=in_range | checksum=OK
  relative_error=1.6e-07
[REDUCTION] N=8000000 threads=8 rep=8 batches=9384 time=1.018 s | package=130.632 J | dram=NA | total=130.632 J | power=128.3 W | runtime=in_range | checksum=OK
  relative_error=1.6e-07
[REDUCTION] N=8000000 threads=8 rep=9 batches=9384 time=1.034 s | package=132.611 J | dram=NA | total=132.611 J | power=128.3 W | runtime=in_range | checksum=OK
  relative_error=1.6e-07
[REDUCTION] N=8000000 threads=8 rep=10 batches=9384 time=1.027 s | package=132.099 J | dram=NA | total=132.099 J | power=128.6 W | runtime=in_range | checksum=OK
  relative_error=1.6e-07
[REDUCTION] N=4000000 threads=2 rep=1 batches=5257 time=1.000 s | package=78.738 J | dram=NA | total=78.738 J | power=78.7 W | runtime=in_range | checksum=OK
  relative_error=4.5e-08
[REDUCTION] N=4000000 threads=2 rep=2 batches=5257 time=0.993 s | package=79.558 J | dram=NA | total=79.558 J | power=80.2 W | runtime=in_range | checksum=OK
  relative_error=4.5e-08
[REDUCTION] N=4000000 threads=2 rep=3 batches=5257 time=0.990 s | package=79.138 J | dram=NA | total=79.138 J | power=79.9 W | runtime=in_range | checksum=OK
  relative_error=4.5e-08
[REDUCTION] N=4000000 threads=2 rep=4 batches=5257 time=0.998 s | package=80.072 J | dram=NA | total=80.072 J | power=80.2 W | runtime=in_range | checksum=OK
  relative_error=4.5e-08
[REDUCTION] N=4000000 threads=2 rep=5 batches=5257 time=0.994 s | package=79.211 J | dram=NA | total=79.211 J | power=79.7 W | runtime=in_range | checksum=OK
  relative_error=4.5e-08
[REDUCTION] N=4000000 threads=2 rep=6 batches=5257 time=0.998 s | package=79.554 J | dram=NA | total=79.554 J | power=79.7 W | runtime=in_range | checksum=OK
  relative_error=4.5e-08
[REDUCTION] N=4000000 threads=2 rep=7 batches=5257 time=0.989 s | package=78.716 J | dram=NA | total=78.716 J | power=79.6 W | runtime=in_range | checksum=OK
  relative_error=4.5e-08
[REDUCTION] N=4000000 threads=2 rep=8 batches=5257 time=0.995 s | package=79.172 J | dram=NA | total=79.172 J | power=79.6 W | runtime=in_range | checksum=OK
  relative_error=4.5e-08
[REDUCTION] N=4000000 threads=2 rep=9 batches=5257 time=0.993 s | package=79.016 J | dram=NA | total=79.016 J | power=79.6 W | runtime=in_range | checksum=OK
  relative_error=4.5e-08
[REDUCTION] N=4000000 threads=2 rep=10 batches=5257 time=0.990 s | package=78.796 J | dram=NA | total=78.796 J | power=79.6 W | runtime=in_range | checksum=OK
  relative_error=4.5e-08
[REDUCTION] N=64000000 threads=1 rep=1 batches=73 time=1.005 s | package=68.718 J | dram=NA | total=68.718 J | power=68.4 W | runtime=in_range | checksum=OK
  relative_error=2.1e-08
[REDUCTION] N=64000000 threads=1 rep=2 batches=73 time=1.021 s | package=70.637 J | dram=NA | total=70.637 J | power=69.2 W | runtime=in_range | checksum=OK
  relative_error=2.1e-08
[REDUCTION] N=64000000 threads=1 rep=3 batches=73 time=1.014 s | package=69.236 J | dram=NA | total=69.236 J | power=68.3 W | runtime=in_range | checksum=OK
  relative_error=2.1e-08
[REDUCTION] N=64000000 threads=1 rep=4 batches=73 time=1.021 s | package=69.655 J | dram=NA | total=69.655 J | power=68.2 W | runtime=in_range | checksum=OK
  relative_error=2.1e-08
[REDUCTION] N=64000000 threads=1 rep=5 batches=73 time=1.027 s | package=71.326 J | dram=NA | total=71.326 J | power=69.4 W | runtime=in_range | checksum=OK
  relative_error=2.1e-08
[REDUCTION] N=64000000 threads=1 rep=6 batches=73 time=1.017 s | package=71.074 J | dram=NA | total=71.074 J | power=69.9 W | runtime=in_range | checksum=OK
  relative_error=2.1e-08
[REDUCTION] N=64000000 threads=1 rep=7 batches=73 time=1.015 s | package=70.692 J | dram=NA | total=70.692 J | power=69.7 W | runtime=in_range | checksum=OK
  relative_error=2.1e-08
[REDUCTION] N=64000000 threads=1 rep=8 batches=73 time=1.013 s | package=70.593 J | dram=NA | total=70.593 J | power=69.7 W | runtime=in_range | checksum=OK
  relative_error=2.1e-08
[REDUCTION] N=64000000 threads=1 rep=9 batches=73 time=1.021 s | package=71.053 J | dram=NA | total=71.053 J | power=69.6 W | runtime=in_range | checksum=OK
  relative_error=2.1e-08
[REDUCTION] N=64000000 threads=1 rep=10 batches=73 time=1.011 s | package=70.548 J | dram=NA | total=70.548 J | power=69.8 W | runtime=in_range | checksum=OK
  relative_error=2.1e-08
[REDUCTION] N=64000000 threads=2 rep=1 batches=126 time=1.007 s | package=77.618 J | dram=NA | total=77.618 J | power=77.1 W | runtime=in_range | checksum=OK
  relative_error=2.1e-08
[REDUCTION] N=64000000 threads=2 rep=2 batches=126 time=1.026 s | package=78.962 J | dram=NA | total=78.962 J | power=77.0 W | runtime=in_range | checksum=OK
  relative_error=2.1e-08
[REDUCTION] N=64000000 threads=2 rep=3 batches=126 time=1.019 s | package=79.442 J | dram=NA | total=79.442 J | power=78.0 W | runtime=in_range | checksum=OK
  relative_error=2.1e-08
[REDUCTION] N=64000000 threads=2 rep=4 batches=126 time=1.024 s | package=79.815 J | dram=NA | total=79.815 J | power=77.9 W | runtime=in_range | checksum=OK
  relative_error=2.1e-08
[REDUCTION] N=64000000 threads=2 rep=5 batches=126 time=1.024 s | package=79.858 J | dram=NA | total=79.858 J | power=78.0 W | runtime=in_range | checksum=OK
  relative_error=2.1e-08
[REDUCTION] N=64000000 threads=2 rep=6 batches=126 time=1.021 s | package=81.112 J | dram=NA | total=81.112 J | power=79.5 W | runtime=in_range | checksum=OK
  relative_error=2.1e-08
[REDUCTION] N=64000000 threads=2 rep=7 batches=126 time=1.021 s | package=81.721 J | dram=NA | total=81.721 J | power=80.0 W | runtime=in_range | checksum=OK
  relative_error=2.1e-08
[REDUCTION] N=64000000 threads=2 rep=8 batches=126 time=1.019 s | package=81.717 J | dram=NA | total=81.717 J | power=80.2 W | runtime=in_range | checksum=OK
  relative_error=2.1e-08
[REDUCTION] N=64000000 threads=2 rep=9 batches=126 time=1.011 s | package=81.144 J | dram=NA | total=81.144 J | power=80.3 W | runtime=in_range | checksum=OK
  relative_error=2.1e-08
[REDUCTION] N=64000000 threads=2 rep=10 batches=126 time=1.021 s | package=81.781 J | dram=NA | total=81.781 J | power=80.1 W | runtime=in_range | checksum=OK
  relative_error=2.1e-08
[REDUCTION] N=2000000 threads=4 rep=1 batches=17582 time=1.022 s | package=97.657 J | dram=NA | total=97.657 J | power=95.6 W | runtime=in_range | checksum=OK
  relative_error=5.8e-08
[REDUCTION] N=2000000 threads=4 rep=2 batches=17582 time=1.023 s | package=97.002 J | dram=NA | total=97.002 J | power=94.8 W | runtime=in_range | checksum=OK
  relative_error=5.8e-08
[REDUCTION] N=2000000 threads=4 rep=3 batches=17582 time=1.018 s | package=96.512 J | dram=NA | total=96.512 J | power=94.8 W | runtime=in_range | checksum=OK
  relative_error=5.8e-08
[REDUCTION] N=2000000 threads=4 rep=4 batches=17582 time=1.027 s | package=97.983 J | dram=NA | total=97.983 J | power=95.4 W | runtime=in_range | checksum=OK
  relative_error=5.8e-08
[REDUCTION] N=2000000 threads=4 rep=5 batches=17582 time=1.013 s | package=96.434 J | dram=NA | total=96.434 J | power=95.2 W | runtime=in_range | checksum=OK
  relative_error=5.8e-08
[REDUCTION] N=2000000 threads=4 rep=6 batches=17582 time=1.026 s | package=97.801 J | dram=NA | total=97.801 J | power=95.3 W | runtime=in_range | checksum=OK
  relative_error=5.8e-08
[REDUCTION] N=2000000 threads=4 rep=7 batches=17582 time=1.020 s | package=96.818 J | dram=NA | total=96.818 J | power=94.9 W | runtime=in_range | checksum=OK
  relative_error=5.8e-08
[REDUCTION] N=2000000 threads=4 rep=8 batches=17582 time=1.022 s | package=97.275 J | dram=NA | total=97.275 J | power=95.2 W | runtime=in_range | checksum=OK
  relative_error=5.8e-08
[REDUCTION] N=2000000 threads=4 rep=9 batches=17582 time=1.022 s | package=96.773 J | dram=NA | total=96.773 J | power=94.7 W | runtime=in_range | checksum=OK
  relative_error=5.8e-08
[REDUCTION] N=2000000 threads=4 rep=10 batches=17582 time=1.035 s | package=97.986 J | dram=NA | total=97.986 J | power=94.6 W | runtime=in_range | checksum=OK
  relative_error=5.8e-08
[REDUCTION] N=32000000 threads=2 rep=1 batches=251 time=1.001 s | package=78.119 J | dram=NA | total=78.119 J | power=78.1 W | runtime=in_range | checksum=OK
  relative_error=3.4e-08
[REDUCTION] N=32000000 threads=2 rep=2 batches=251 time=1.017 s | package=79.332 J | dram=NA | total=79.332 J | power=78.0 W | runtime=in_range | checksum=OK
  relative_error=3.4e-08
[REDUCTION] N=32000000 threads=2 rep=3 batches=251 time=1.009 s | package=78.782 J | dram=NA | total=78.782 J | power=78.1 W | runtime=in_range | checksum=OK
  relative_error=3.4e-08
[REDUCTION] N=32000000 threads=2 rep=4 batches=251 time=1.021 s | package=79.539 J | dram=NA | total=79.539 J | power=77.9 W | runtime=in_range | checksum=OK
  relative_error=3.4e-08
[REDUCTION] N=32000000 threads=2 rep=5 batches=251 time=1.021 s | package=79.515 J | dram=NA | total=79.515 J | power=77.9 W | runtime=in_range | checksum=OK
  relative_error=3.4e-08
[REDUCTION] N=32000000 threads=2 rep=6 batches=251 time=1.021 s | package=79.532 J | dram=NA | total=79.532 J | power=77.9 W | runtime=in_range | checksum=OK
  relative_error=3.4e-08
[REDUCTION] N=32000000 threads=2 rep=7 batches=251 time=1.020 s | package=79.438 J | dram=NA | total=79.438 J | power=77.8 W | runtime=in_range | checksum=OK
  relative_error=3.4e-08
[REDUCTION] N=32000000 threads=2 rep=8 batches=251 time=1.020 s | package=79.354 J | dram=NA | total=79.354 J | power=77.8 W | runtime=in_range | checksum=OK
  relative_error=3.4e-08
[REDUCTION] N=32000000 threads=2 rep=9 batches=251 time=1.020 s | package=79.433 J | dram=NA | total=79.433 J | power=77.9 W | runtime=in_range | checksum=OK
  relative_error=3.4e-08
[REDUCTION] N=32000000 threads=2 rep=10 batches=251 time=1.017 s | package=79.186 J | dram=NA | total=79.186 J | power=77.9 W | runtime=in_range | checksum=OK
  relative_error=3.4e-08
[REDUCTION] N=32000000 threads=32 rep=1 batches=1897 time=1.000 s | package=170.272 J | dram=NA | total=170.272 J | power=170.2 W | runtime=in_range | checksum=OK
  relative_error=3.4e-08
[REDUCTION] N=32000000 threads=32 rep=2 batches=1897 time=1.026 s | package=173.032 J | dram=NA | total=173.032 J | power=168.7 W | runtime=in_range | checksum=OK
  relative_error=3.4e-08
[REDUCTION] N=32000000 threads=32 rep=3 batches=1897 time=1.020 s | package=172.763 J | dram=NA | total=172.763 J | power=169.4 W | runtime=in_range | checksum=OK
  relative_error=3.4e-08
[REDUCTION] N=32000000 threads=32 rep=4 batches=1897 time=1.026 s | package=173.216 J | dram=NA | total=173.216 J | power=168.9 W | runtime=in_range | checksum=OK
  relative_error=3.4e-08
[REDUCTION] N=32000000 threads=32 rep=5 batches=1897 time=1.017 s | package=172.910 J | dram=NA | total=172.910 J | power=170.0 W | runtime=in_range | checksum=OK
  relative_error=3.4e-08
[REDUCTION] N=32000000 threads=32 rep=6 batches=1897 time=1.004 s | package=171.436 J | dram=NA | total=171.436 J | power=170.8 W | runtime=in_range | checksum=OK
  relative_error=3.4e-08
[REDUCTION] N=32000000 threads=32 rep=7 batches=1897 time=1.003 s | package=171.499 J | dram=NA | total=171.499 J | power=171.1 W | runtime=in_range | checksum=OK
  relative_error=3.4e-08
[REDUCTION] N=32000000 threads=32 rep=8 batches=1897 time=1.026 s | package=173.670 J | dram=NA | total=173.670 J | power=169.2 W | runtime=in_range | checksum=OK
  relative_error=3.4e-08
[REDUCTION] N=32000000 threads=32 rep=9 batches=1897 time=1.014 s | package=172.460 J | dram=NA | total=172.460 J | power=170.1 W | runtime=in_range | checksum=OK
  relative_error=3.4e-08
[REDUCTION] N=32000000 threads=32 rep=10 batches=1897 time=1.024 s | package=173.421 J | dram=NA | total=173.421 J | power=169.4 W | runtime=in_range | checksum=OK
  relative_error=3.4e-08
[REDUCTION] N=8000000 threads=32 rep=1 batches=13491 time=1.004 s | package=197.109 J | dram=NA | total=197.109 J | power=196.4 W | runtime=in_range | checksum=OK
  relative_error=1.6e-07
[REDUCTION] N=8000000 threads=32 rep=2 batches=13491 time=1.025 s | package=200.076 J | dram=NA | total=200.076 J | power=195.3 W | runtime=in_range | checksum=OK
  relative_error=1.6e-07
[REDUCTION] N=8000000 threads=32 rep=3 batches=13491 time=1.028 s | package=199.483 J | dram=NA | total=199.483 J | power=194.1 W | runtime=in_range | checksum=OK
  relative_error=1.6e-07
[REDUCTION] N=8000000 threads=32 rep=4 batches=13491 time=1.029 s | package=200.083 J | dram=NA | total=200.083 J | power=194.4 W | runtime=in_range | checksum=OK
  relative_error=1.6e-07
[REDUCTION] N=8000000 threads=32 rep=5 batches=13491 time=1.020 s | package=199.000 J | dram=NA | total=199.000 J | power=195.2 W | runtime=in_range | checksum=OK
  relative_error=1.6e-07
[REDUCTION] N=8000000 threads=32 rep=6 batches=13491 time=1.022 s | package=199.255 J | dram=NA | total=199.255 J | power=194.9 W | runtime=in_range | checksum=OK
  relative_error=1.6e-07
[REDUCTION] N=8000000 threads=32 rep=7 batches=13491 time=1.028 s | package=200.407 J | dram=NA | total=200.407 J | power=194.9 W | runtime=in_range | checksum=OK
  relative_error=1.6e-07
[REDUCTION] N=8000000 threads=32 rep=8 batches=13491 time=1.037 s | package=201.571 J | dram=NA | total=201.571 J | power=194.5 W | runtime=in_range | checksum=OK
  relative_error=1.6e-07
[REDUCTION] N=8000000 threads=32 rep=9 batches=13491 time=1.036 s | package=201.169 J | dram=NA | total=201.169 J | power=194.3 W | runtime=in_range | checksum=OK
  relative_error=1.6e-07
[REDUCTION] N=8000000 threads=32 rep=10 batches=13491 time=1.032 s | package=200.287 J | dram=NA | total=200.287 J | power=194.1 W | runtime=in_range | checksum=OK
  relative_error=1.6e-07
[REDUCTION] N=256000000 threads=10 rep=1 batches=53 time=1.011 s | package=125.755 J | dram=NA | total=125.755 J | power=124.4 W | runtime=in_range | checksum=OK
  relative_error=3.5e-09
[REDUCTION] N=256000000 threads=10 rep=2 batches=53 time=1.018 s | package=126.052 J | dram=NA | total=126.052 J | power=123.8 W | runtime=in_range | checksum=OK
  relative_error=3.5e-09
[REDUCTION] N=256000000 threads=10 rep=3 batches=53 time=1.018 s | package=125.619 J | dram=NA | total=125.619 J | power=123.4 W | runtime=in_range | checksum=OK
  relative_error=3.5e-09
[REDUCTION] N=256000000 threads=10 rep=4 batches=53 time=1.020 s | package=125.802 J | dram=NA | total=125.802 J | power=123.3 W | runtime=in_range | checksum=OK
  relative_error=3.5e-09
[REDUCTION] N=256000000 threads=10 rep=5 batches=53 time=1.010 s | package=124.953 J | dram=NA | total=124.953 J | power=123.7 W | runtime=in_range | checksum=OK
  relative_error=3.5e-09
[REDUCTION] N=256000000 threads=10 rep=6 batches=53 time=1.017 s | package=125.685 J | dram=NA | total=125.685 J | power=123.5 W | runtime=in_range | checksum=OK
  relative_error=3.5e-09
[REDUCTION] N=256000000 threads=10 rep=7 batches=53 time=1.010 s | package=124.730 J | dram=NA | total=124.730 J | power=123.5 W | runtime=in_range | checksum=OK
  relative_error=3.5e-09
[REDUCTION] N=256000000 threads=10 rep=8 batches=53 time=1.018 s | package=125.293 J | dram=NA | total=125.293 J | power=123.0 W | runtime=in_range | checksum=OK
  relative_error=3.5e-09
[REDUCTION] N=256000000 threads=10 rep=9 batches=53 time=1.011 s | package=124.620 J | dram=NA | total=124.620 J | power=123.3 W | runtime=in_range | checksum=OK
  relative_error=3.5e-09
[REDUCTION] N=256000000 threads=10 rep=10 batches=53 time=1.011 s | package=124.548 J | dram=NA | total=124.548 J | power=123.3 W | runtime=in_range | checksum=OK
  relative_error=3.5e-09
[REDUCTION] N=16000000 threads=16 rep=1 batches=8220 time=1.012 s | package=185.140 J | dram=NA | total=185.140 J | power=182.9 W | runtime=in_range | checksum=OK
  relative_error=4.0e-08
[REDUCTION] N=16000000 threads=16 rep=2 batches=8220 time=1.026 s | package=186.583 J | dram=NA | total=186.583 J | power=181.8 W | runtime=in_range | checksum=OK
  relative_error=4.0e-08
[REDUCTION] N=16000000 threads=16 rep=3 batches=8220 time=1.021 s | package=186.050 J | dram=NA | total=186.050 J | power=182.2 W | runtime=in_range | checksum=OK
  relative_error=4.0e-08
[REDUCTION] N=16000000 threads=16 rep=4 batches=8220 time=1.018 s | package=185.598 J | dram=NA | total=185.598 J | power=182.3 W | runtime=in_range | checksum=OK
  relative_error=4.0e-08
[REDUCTION] N=16000000 threads=16 rep=5 batches=8220 time=1.017 s | package=185.078 J | dram=NA | total=185.078 J | power=182.0 W | runtime=in_range | checksum=OK
  relative_error=4.0e-08
[REDUCTION] N=16000000 threads=16 rep=6 batches=8220 time=1.019 s | package=185.257 J | dram=NA | total=185.257 J | power=181.8 W | runtime=in_range | checksum=OK
  relative_error=4.0e-08
[REDUCTION] N=16000000 threads=16 rep=7 batches=8220 time=1.024 s | package=185.654 J | dram=NA | total=185.654 J | power=181.2 W | runtime=in_range | checksum=OK
  relative_error=4.0e-08
[REDUCTION] N=16000000 threads=16 rep=8 batches=8220 time=1.002 s | package=183.930 J | dram=NA | total=183.930 J | power=183.6 W | runtime=in_range | checksum=OK
  relative_error=4.0e-08
[REDUCTION] N=16000000 threads=16 rep=9 batches=8220 time=1.002 s | package=183.763 J | dram=NA | total=183.763 J | power=183.4 W | runtime=in_range | checksum=OK
  relative_error=4.0e-08
[REDUCTION] N=16000000 threads=16 rep=10 batches=8220 time=0.997 s | package=183.175 J | dram=NA | total=183.175 J | power=183.8 W | runtime=in_range | checksum=OK
  relative_error=4.0e-08
[REDUCTION] N=64000000 threads=32 rep=1 batches=220 time=1.000 s | package=143.845 J | dram=NA | total=143.845 J | power=143.8 W | runtime=in_range | checksum=OK
  relative_error=2.1e-08
[REDUCTION] N=64000000 threads=32 rep=2 batches=220 time=1.003 s | package=144.212 J | dram=NA | total=144.212 J | power=143.7 W | runtime=in_range | checksum=OK
  relative_error=2.1e-08
[REDUCTION] N=64000000 threads=32 rep=3 batches=220 time=1.011 s | package=144.895 J | dram=NA | total=144.895 J | power=143.4 W | runtime=in_range | checksum=OK
  relative_error=2.1e-08
[REDUCTION] N=64000000 threads=32 rep=4 batches=220 time=1.002 s | package=143.952 J | dram=NA | total=143.952 J | power=143.7 W | runtime=in_range | checksum=OK
  relative_error=2.1e-08
[REDUCTION] N=64000000 threads=32 rep=5 batches=220 time=1.007 s | package=144.368 J | dram=NA | total=144.368 J | power=143.3 W | runtime=in_range | checksum=OK
  relative_error=2.1e-08
[REDUCTION] N=64000000 threads=32 rep=6 batches=220 time=1.003 s | package=144.002 J | dram=NA | total=144.002 J | power=143.6 W | runtime=in_range | checksum=OK
  relative_error=2.1e-08
[REDUCTION] N=64000000 threads=32 rep=7 batches=220 time=1.004 s | package=144.170 J | dram=NA | total=144.170 J | power=143.7 W | runtime=in_range | checksum=OK
  relative_error=2.1e-08
[REDUCTION] N=64000000 threads=32 rep=8 batches=220 time=1.007 s | package=144.567 J | dram=NA | total=144.567 J | power=143.5 W | runtime=in_range | checksum=OK
  relative_error=2.1e-08
[REDUCTION] N=64000000 threads=32 rep=9 batches=220 time=1.003 s | package=144.262 J | dram=NA | total=144.262 J | power=143.8 W | runtime=in_range | checksum=OK
  relative_error=2.1e-08
[REDUCTION] N=64000000 threads=32 rep=10 batches=220 time=1.003 s | package=144.205 J | dram=NA | total=144.205 J | power=143.8 W | runtime=in_range | checksum=OK
  relative_error=2.1e-08
[REDUCTION] N=2000000 threads=2 rep=1 batches=10132 time=1.003 s | package=83.838 J | dram=NA | total=83.838 J | power=83.6 W | runtime=in_range | checksum=OK
  relative_error=5.8e-08
[REDUCTION] N=2000000 threads=2 rep=2 batches=10132 time=1.020 s | package=85.477 J | dram=NA | total=85.477 J | power=83.8 W | runtime=in_range | checksum=OK
  relative_error=5.8e-08
[REDUCTION] N=2000000 threads=2 rep=3 batches=10132 time=1.016 s | package=84.695 J | dram=NA | total=84.695 J | power=83.3 W | runtime=in_range | checksum=OK
  relative_error=5.8e-08
[REDUCTION] N=2000000 threads=2 rep=4 batches=10132 time=1.017 s | package=84.461 J | dram=NA | total=84.461 J | power=83.1 W | runtime=in_range | checksum=OK
  relative_error=5.8e-08
[REDUCTION] N=2000000 threads=2 rep=5 batches=10132 time=1.054 s | package=87.726 J | dram=NA | total=87.726 J | power=83.3 W | runtime=in_range | checksum=OK
  relative_error=5.8e-08
[REDUCTION] N=2000000 threads=2 rep=6 batches=10132 time=1.025 s | package=82.978 J | dram=NA | total=82.978 J | power=80.9 W | runtime=in_range | checksum=OK
  relative_error=5.8e-08
[REDUCTION] N=2000000 threads=2 rep=7 batches=10132 time=1.004 s | package=79.381 J | dram=NA | total=79.381 J | power=79.0 W | runtime=in_range | checksum=OK
  relative_error=5.8e-08
[REDUCTION] N=2000000 threads=2 rep=8 batches=10132 time=1.003 s | package=79.480 J | dram=NA | total=79.480 J | power=79.2 W | runtime=in_range | checksum=OK
  relative_error=5.8e-08
[REDUCTION] N=2000000 threads=2 rep=9 batches=10132 time=1.000 s | package=80.172 J | dram=NA | total=80.172 J | power=80.2 W | runtime=in_range | checksum=OK
  relative_error=5.8e-08
[REDUCTION] N=2000000 threads=2 rep=10 batches=10132 time=0.999 s | package=79.975 J | dram=NA | total=79.975 J | power=80.0 W | runtime=in_range | checksum=OK
  relative_error=5.8e-08
[REDUCTION] N=8000000 threads=10 rep=1 batches=10936 time=1.010 s | package=142.827 J | dram=NA | total=142.827 J | power=141.4 W | runtime=in_range | checksum=OK
  relative_error=1.6e-07
[REDUCTION] N=8000000 threads=10 rep=2 batches=10936 time=1.025 s | package=144.786 J | dram=NA | total=144.786 J | power=141.2 W | runtime=in_range | checksum=OK
  relative_error=1.6e-07
[REDUCTION] N=8000000 threads=10 rep=3 batches=10936 time=1.019 s | package=144.063 J | dram=NA | total=144.063 J | power=141.3 W | runtime=in_range | checksum=OK
  relative_error=1.6e-07
[REDUCTION] N=8000000 threads=10 rep=4 batches=10936 time=1.005 s | package=144.021 J | dram=NA | total=144.021 J | power=143.3 W | runtime=in_range | checksum=OK
  relative_error=1.6e-07
[REDUCTION] N=8000000 threads=10 rep=5 batches=10936 time=1.030 s | package=145.753 J | dram=NA | total=145.753 J | power=141.5 W | runtime=in_range | checksum=OK
  relative_error=1.6e-07
[REDUCTION] N=8000000 threads=10 rep=6 batches=10936 time=1.011 s | package=143.384 J | dram=NA | total=143.384 J | power=141.8 W | runtime=in_range | checksum=OK
  relative_error=1.6e-07
[REDUCTION] N=8000000 threads=10 rep=7 batches=10936 time=1.024 s | package=144.461 J | dram=NA | total=144.461 J | power=141.0 W | runtime=in_range | checksum=OK
  relative_error=1.6e-07
[REDUCTION] N=8000000 threads=10 rep=8 batches=10936 time=1.029 s | package=144.050 J | dram=NA | total=144.050 J | power=139.9 W | runtime=in_range | checksum=OK
  relative_error=1.6e-07
[REDUCTION] N=8000000 threads=10 rep=9 batches=10936 time=1.026 s | package=143.629 J | dram=NA | total=143.629 J | power=140.0 W | runtime=in_range | checksum=OK
  relative_error=1.6e-07
[REDUCTION] N=8000000 threads=10 rep=10 batches=10936 time=1.026 s | package=145.582 J | dram=NA | total=145.582 J | power=141.8 W | runtime=in_range | checksum=OK
  relative_error=1.6e-07
[REDUCTION] N=128000000 threads=10 rep=1 batches=104 time=1.007 s | package=105.563 J | dram=NA | total=105.563 J | power=104.9 W | runtime=in_range | checksum=OK
  relative_error=3.9e-09
[REDUCTION] N=128000000 threads=10 rep=2 batches=104 time=1.011 s | package=105.720 J | dram=NA | total=105.720 J | power=104.6 W | runtime=in_range | checksum=OK
  relative_error=3.9e-09
[REDUCTION] N=128000000 threads=10 rep=3 batches=104 time=1.007 s | package=105.431 J | dram=NA | total=105.431 J | power=104.7 W | runtime=in_range | checksum=OK
  relative_error=3.9e-09
[REDUCTION] N=128000000 threads=10 rep=4 batches=104 time=1.008 s | package=105.506 J | dram=NA | total=105.506 J | power=104.7 W | runtime=in_range | checksum=OK
  relative_error=3.9e-09
[REDUCTION] N=128000000 threads=10 rep=5 batches=104 time=1.022 s | package=107.138 J | dram=NA | total=107.138 J | power=104.8 W | runtime=in_range | checksum=OK
  relative_error=3.9e-09
[REDUCTION] N=128000000 threads=10 rep=6 batches=104 time=1.008 s | package=106.134 J | dram=NA | total=106.134 J | power=105.3 W | runtime=in_range | checksum=OK
  relative_error=3.9e-09
[REDUCTION] N=128000000 threads=10 rep=7 batches=104 time=1.008 s | package=106.192 J | dram=NA | total=106.192 J | power=105.3 W | runtime=in_range | checksum=OK
  relative_error=3.9e-09
[REDUCTION] N=128000000 threads=10 rep=8 batches=104 time=1.008 s | package=106.209 J | dram=NA | total=106.209 J | power=105.4 W | runtime=in_range | checksum=OK
  relative_error=3.9e-09
[REDUCTION] N=128000000 threads=10 rep=9 batches=104 time=1.007 s | package=106.147 J | dram=NA | total=106.147 J | power=105.4 W | runtime=in_range | checksum=OK
  relative_error=3.9e-09
[REDUCTION] N=128000000 threads=10 rep=10 batches=104 time=1.008 s | package=106.185 J | dram=NA | total=106.185 J | power=105.4 W | runtime=in_range | checksum=OK
  relative_error=3.9e-09
[REDUCTION] N=256000000 threads=20 rep=1 batches=49 time=1.019 s | package=124.439 J | dram=NA | total=124.439 J | power=122.2 W | runtime=in_range | checksum=OK
  relative_error=3.5e-09
[REDUCTION] N=256000000 threads=20 rep=2 batches=49 time=1.024 s | package=124.941 J | dram=NA | total=124.941 J | power=122.1 W | runtime=in_range | checksum=OK
  relative_error=3.5e-09
[REDUCTION] N=256000000 threads=20 rep=3 batches=49 time=1.018 s | package=125.050 J | dram=NA | total=125.050 J | power=122.8 W | runtime=in_range | checksum=OK
  relative_error=3.5e-09
[REDUCTION] N=256000000 threads=20 rep=4 batches=49 time=1.019 s | package=125.233 J | dram=NA | total=125.233 J | power=122.9 W | runtime=in_range | checksum=OK
  relative_error=3.5e-09
[REDUCTION] N=256000000 threads=20 rep=5 batches=49 time=1.021 s | package=126.208 J | dram=NA | total=126.208 J | power=123.6 W | runtime=in_range | checksum=OK
  relative_error=3.5e-09
[REDUCTION] N=256000000 threads=20 rep=6 batches=49 time=1.019 s | package=125.889 J | dram=NA | total=125.889 J | power=123.5 W | runtime=in_range | checksum=OK
  relative_error=3.5e-09
[REDUCTION] N=256000000 threads=20 rep=7 batches=49 time=1.019 s | package=126.368 J | dram=NA | total=126.368 J | power=124.0 W | runtime=in_range | checksum=OK
  relative_error=3.5e-09
[REDUCTION] N=256000000 threads=20 rep=8 batches=49 time=1.025 s | package=126.370 J | dram=NA | total=126.370 J | power=123.3 W | runtime=in_range | checksum=OK
  relative_error=3.5e-09
[REDUCTION] N=256000000 threads=20 rep=9 batches=49 time=1.019 s | package=125.783 J | dram=NA | total=125.783 J | power=123.5 W | runtime=in_range | checksum=OK
  relative_error=3.5e-09
[REDUCTION] N=256000000 threads=20 rep=10 batches=49 time=1.019 s | package=125.637 J | dram=NA | total=125.637 J | power=123.3 W | runtime=in_range | checksum=OK
  relative_error=3.5e-09
[REDUCTION] N=256000000 threads=32 rep=1 batches=54 time=1.005 s | package=143.782 J | dram=NA | total=143.782 J | power=143.0 W | runtime=in_range | checksum=OK
  relative_error=3.5e-09
[REDUCTION] N=256000000 threads=32 rep=2 batches=54 time=1.007 s | package=144.178 J | dram=NA | total=144.178 J | power=143.1 W | runtime=in_range | checksum=OK
  relative_error=3.5e-09
[REDUCTION] N=256000000 threads=32 rep=3 batches=54 time=1.008 s | package=144.653 J | dram=NA | total=144.653 J | power=143.5 W | runtime=in_range | checksum=OK
  relative_error=3.5e-09
[REDUCTION] N=256000000 threads=32 rep=4 batches=54 time=1.007 s | package=144.276 J | dram=NA | total=144.276 J | power=143.3 W | runtime=in_range | checksum=OK
  relative_error=3.5e-09
[REDUCTION] N=256000000 threads=32 rep=5 batches=54 time=1.007 s | package=144.319 J | dram=NA | total=144.319 J | power=143.3 W | runtime=in_range | checksum=OK
  relative_error=3.5e-09
[REDUCTION] N=256000000 threads=32 rep=6 batches=54 time=1.007 s | package=144.387 J | dram=NA | total=144.387 J | power=143.4 W | runtime=in_range | checksum=OK
  relative_error=3.5e-09
[REDUCTION] N=256000000 threads=32 rep=7 batches=54 time=1.008 s | package=144.527 J | dram=NA | total=144.527 J | power=143.4 W | runtime=in_range | checksum=OK
  relative_error=3.5e-09
[REDUCTION] N=256000000 threads=32 rep=8 batches=54 time=1.007 s | package=144.404 J | dram=NA | total=144.404 J | power=143.4 W | runtime=in_range | checksum=OK
  relative_error=3.5e-09
[REDUCTION] N=256000000 threads=32 rep=9 batches=54 time=1.008 s | package=144.406 J | dram=NA | total=144.406 J | power=143.3 W | runtime=in_range | checksum=OK
  relative_error=3.5e-09
[REDUCTION] N=256000000 threads=32 rep=10 batches=54 time=1.007 s | package=144.444 J | dram=NA | total=144.444 J | power=143.4 W | runtime=in_range | checksum=OK
  relative_error=3.5e-09
[REDUCTION] N=1000000 threads=8 rep=1 batches=35365 time=1.014 s | package=105.905 J | dram=NA | total=105.905 J | power=104.5 W | runtime=in_range | checksum=OK
  relative_error=1.4e-07
[REDUCTION] N=1000000 threads=8 rep=2 batches=35365 time=1.025 s | package=106.642 J | dram=NA | total=106.642 J | power=104.1 W | runtime=in_range | checksum=OK
  relative_error=1.4e-07
[REDUCTION] N=1000000 threads=8 rep=3 batches=35365 time=1.031 s | package=107.347 J | dram=NA | total=107.347 J | power=104.1 W | runtime=in_range | checksum=OK
  relative_error=1.4e-07
[REDUCTION] N=1000000 threads=8 rep=4 batches=35365 time=1.031 s | package=107.286 J | dram=NA | total=107.286 J | power=104.0 W | runtime=in_range | checksum=OK
  relative_error=1.4e-07
[REDUCTION] N=1000000 threads=8 rep=5 batches=35365 time=1.020 s | package=105.761 J | dram=NA | total=105.761 J | power=103.7 W | runtime=in_range | checksum=OK
  relative_error=1.4e-07
[REDUCTION] N=1000000 threads=8 rep=6 batches=35365 time=1.011 s | package=105.470 J | dram=NA | total=105.470 J | power=104.3 W | runtime=in_range | checksum=OK
  relative_error=1.4e-07
[REDUCTION] N=1000000 threads=8 rep=7 batches=35365 time=1.013 s | package=104.552 J | dram=NA | total=104.552 J | power=103.2 W | runtime=in_range | checksum=OK
  relative_error=1.4e-07
[REDUCTION] N=1000000 threads=8 rep=8 batches=35365 time=1.032 s | package=106.114 J | dram=NA | total=106.114 J | power=102.9 W | runtime=in_range | checksum=OK
  relative_error=1.4e-07
[REDUCTION] N=1000000 threads=8 rep=9 batches=35365 time=1.024 s | package=105.874 J | dram=NA | total=105.874 J | power=103.4 W | runtime=in_range | checksum=OK
  relative_error=1.4e-07
[REDUCTION] N=1000000 threads=8 rep=10 batches=35365 time=1.026 s | package=105.693 J | dram=NA | total=105.693 J | power=103.0 W | runtime=in_range | checksum=OK
  relative_error=1.4e-07
[REDUCTION] N=8000000 threads=2 rep=1 batches=1470 time=0.998 s | package=76.168 J | dram=NA | total=76.168 J | power=76.4 W | runtime=in_range | checksum=OK
  relative_error=1.6e-07
[REDUCTION] N=8000000 threads=2 rep=2 batches=1470 time=0.991 s | package=75.293 J | dram=NA | total=75.293 J | power=75.9 W | runtime=in_range | checksum=OK
  relative_error=1.6e-07
[REDUCTION] N=8000000 threads=2 rep=3 batches=1470 time=0.992 s | package=75.215 J | dram=NA | total=75.215 J | power=75.8 W | runtime=in_range | checksum=OK
  relative_error=1.6e-07
[REDUCTION] N=8000000 threads=2 rep=4 batches=1470 time=1.000 s | package=77.387 J | dram=NA | total=77.387 J | power=77.4 W | runtime=in_range | checksum=OK
  relative_error=1.6e-07
[REDUCTION] N=8000000 threads=2 rep=5 batches=1470 time=1.008 s | package=77.242 J | dram=NA | total=77.242 J | power=76.7 W | runtime=in_range | checksum=OK
  relative_error=1.6e-07
[REDUCTION] N=8000000 threads=2 rep=6 batches=1470 time=0.988 s | package=76.180 J | dram=NA | total=76.180 J | power=77.1 W | runtime=in_range | checksum=OK
  relative_error=1.6e-07
[REDUCTION] N=8000000 threads=2 rep=7 batches=1470 time=0.994 s | package=76.258 J | dram=NA | total=76.258 J | power=76.8 W | runtime=in_range | checksum=OK
  relative_error=1.6e-07
[REDUCTION] N=8000000 threads=2 rep=8 batches=1470 time=1.014 s | package=78.852 J | dram=NA | total=78.852 J | power=77.7 W | runtime=in_range | checksum=OK
  relative_error=1.6e-07
[REDUCTION] N=8000000 threads=2 rep=9 batches=1470 time=1.022 s | package=79.473 J | dram=NA | total=79.473 J | power=77.8 W | runtime=in_range | checksum=OK
  relative_error=1.6e-07
[REDUCTION] N=8000000 threads=2 rep=10 batches=1470 time=0.991 s | package=76.952 J | dram=NA | total=76.952 J | power=77.6 W | runtime=in_range | checksum=OK
  relative_error=1.6e-07
[REDUCTION] N=64000000 threads=10 rep=1 batches=222 time=1.004 s | package=106.498 J | dram=NA | total=106.498 J | power=106.1 W | runtime=in_range | checksum=OK
  relative_error=2.1e-08
[REDUCTION] N=64000000 threads=10 rep=2 batches=222 time=1.004 s | package=106.696 J | dram=NA | total=106.696 J | power=106.3 W | runtime=in_range | checksum=OK
  relative_error=2.1e-08
[REDUCTION] N=64000000 threads=10 rep=3 batches=222 time=1.003 s | package=106.557 J | dram=NA | total=106.557 J | power=106.2 W | runtime=in_range | checksum=OK
  relative_error=2.1e-08
[REDUCTION] N=64000000 threads=10 rep=4 batches=222 time=1.016 s | package=107.742 J | dram=NA | total=107.742 J | power=106.0 W | runtime=in_range | checksum=OK
  relative_error=2.1e-08
[REDUCTION] N=64000000 threads=10 rep=5 batches=222 time=1.003 s | package=106.678 J | dram=NA | total=106.678 J | power=106.3 W | runtime=in_range | checksum=OK
  relative_error=2.1e-08
[REDUCTION] N=64000000 threads=10 rep=6 batches=222 time=1.008 s | package=108.242 J | dram=NA | total=108.242 J | power=107.4 W | runtime=in_range | checksum=OK
  relative_error=2.1e-08
[REDUCTION] N=64000000 threads=10 rep=7 batches=222 time=1.004 s | package=107.829 J | dram=NA | total=107.829 J | power=107.4 W | runtime=in_range | checksum=OK
  relative_error=2.1e-08
[REDUCTION] N=64000000 threads=10 rep=8 batches=222 time=1.003 s | package=107.932 J | dram=NA | total=107.932 J | power=107.6 W | runtime=in_range | checksum=OK
  relative_error=2.1e-08
[REDUCTION] N=64000000 threads=10 rep=9 batches=222 time=1.011 s | package=108.483 J | dram=NA | total=108.483 J | power=107.3 W | runtime=in_range | checksum=OK
  relative_error=2.1e-08
[REDUCTION] N=64000000 threads=10 rep=10 batches=222 time=1.003 s | package=107.889 J | dram=NA | total=107.889 J | power=107.6 W | runtime=in_range | checksum=OK
  relative_error=2.1e-08
[REDUCTION] N=64000000 threads=64 rep=1 batches=208 time=1.001 s | package=156.629 J | dram=NA | total=156.629 J | power=156.5 W | runtime=in_range | checksum=OK
  relative_error=2.1e-08
[REDUCTION] N=64000000 threads=64 rep=2 batches=208 time=1.006 s | package=157.433 J | dram=NA | total=157.433 J | power=156.5 W | runtime=in_range | checksum=OK
  relative_error=2.1e-08
[REDUCTION] N=64000000 threads=64 rep=3 batches=208 time=1.006 s | package=157.485 J | dram=NA | total=157.485 J | power=156.6 W | runtime=in_range | checksum=OK
  relative_error=2.1e-08
[REDUCTION] N=64000000 threads=64 rep=4 batches=208 time=1.010 s | package=157.946 J | dram=NA | total=157.946 J | power=156.4 W | runtime=in_range | checksum=OK
  relative_error=2.1e-08
[REDUCTION] N=64000000 threads=64 rep=5 batches=208 time=1.019 s | package=159.093 J | dram=NA | total=159.093 J | power=156.1 W | runtime=in_range | checksum=OK
  relative_error=2.1e-08
[REDUCTION] N=64000000 threads=64 rep=6 batches=208 time=1.016 s | package=158.934 J | dram=NA | total=158.934 J | power=156.5 W | runtime=in_range | checksum=OK
  relative_error=2.1e-08
[REDUCTION] N=64000000 threads=64 rep=7 batches=208 time=1.024 s | package=159.683 J | dram=NA | total=159.683 J | power=156.0 W | runtime=in_range | checksum=OK
  relative_error=2.1e-08
[REDUCTION] N=64000000 threads=64 rep=8 batches=208 time=1.007 s | package=157.462 J | dram=NA | total=157.462 J | power=156.3 W | runtime=in_range | checksum=OK
  relative_error=2.1e-08
[REDUCTION] N=64000000 threads=64 rep=9 batches=208 time=1.010 s | package=158.060 J | dram=NA | total=158.060 J | power=156.5 W | runtime=in_range | checksum=OK
  relative_error=2.1e-08
[REDUCTION] N=64000000 threads=64 rep=10 batches=208 time=1.010 s | package=157.928 J | dram=NA | total=157.928 J | power=156.4 W | runtime=in_range | checksum=OK
  relative_error=2.1e-08
[REDUCTION] N=2000000 threads=32 rep=1 batches=18699 time=1.017 s | package=156.775 J | dram=NA | total=156.775 J | power=154.2 W | runtime=in_range | checksum=OK
  relative_error=5.8e-08
[REDUCTION] N=2000000 threads=32 rep=2 batches=18699 time=1.029 s | package=158.085 J | dram=NA | total=158.085 J | power=153.6 W | runtime=in_range | checksum=OK
  relative_error=5.8e-08
[REDUCTION] N=2000000 threads=32 rep=3 batches=18699 time=1.028 s | package=157.740 J | dram=NA | total=157.740 J | power=153.4 W | runtime=in_range | checksum=OK
  relative_error=5.8e-08
[REDUCTION] N=2000000 threads=32 rep=4 batches=18699 time=1.018 s | package=155.873 J | dram=NA | total=155.873 J | power=153.1 W | runtime=in_range | checksum=OK
  relative_error=5.8e-08
[REDUCTION] N=2000000 threads=32 rep=5 batches=18699 time=1.029 s | package=156.840 J | dram=NA | total=156.840 J | power=152.5 W | runtime=in_range | checksum=OK
  relative_error=5.8e-08
[REDUCTION] N=2000000 threads=32 rep=6 batches=18699 time=1.040 s | package=158.115 J | dram=NA | total=158.115 J | power=152.1 W | runtime=in_range | checksum=OK
  relative_error=5.8e-08
[REDUCTION] N=2000000 threads=32 rep=7 batches=18699 time=1.032 s | package=156.945 J | dram=NA | total=156.945 J | power=152.0 W | runtime=in_range | checksum=OK
  relative_error=5.8e-08
[REDUCTION] N=2000000 threads=32 rep=8 batches=18699 time=1.036 s | package=157.267 J | dram=NA | total=157.267 J | power=151.8 W | runtime=in_range | checksum=OK
  relative_error=5.8e-08
[REDUCTION] N=2000000 threads=32 rep=9 batches=18699 time=1.017 s | package=155.391 J | dram=NA | total=155.391 J | power=152.7 W | runtime=in_range | checksum=OK
  relative_error=5.8e-08
[REDUCTION] N=2000000 threads=32 rep=10 batches=18699 time=1.037 s | package=157.467 J | dram=NA | total=157.467 J | power=151.8 W | runtime=in_range | checksum=OK
  relative_error=5.8e-08
[REDUCTION] N=1000000 threads=32 rep=1 batches=19537 time=0.998 s | package=145.515 J | dram=NA | total=145.515 J | power=145.8 W | runtime=in_range | checksum=OK
  relative_error=1.4e-07
[REDUCTION] N=1000000 threads=32 rep=2 batches=19537 time=1.015 s | package=147.252 J | dram=NA | total=147.252 J | power=145.0 W | runtime=in_range | checksum=OK
  relative_error=1.4e-07
[REDUCTION] N=1000000 threads=32 rep=3 batches=19537 time=1.001 s | package=145.971 J | dram=NA | total=145.971 J | power=145.8 W | runtime=in_range | checksum=OK
  relative_error=1.4e-07
[REDUCTION] N=1000000 threads=32 rep=4 batches=19537 time=1.009 s | package=146.508 J | dram=NA | total=146.508 J | power=145.2 W | runtime=in_range | checksum=OK
  relative_error=1.4e-07
[REDUCTION] N=1000000 threads=32 rep=5 batches=19537 time=0.998 s | package=145.392 J | dram=NA | total=145.392 J | power=145.6 W | runtime=in_range | checksum=OK
  relative_error=1.4e-07
[REDUCTION] N=1000000 threads=32 rep=6 batches=19537 time=1.015 s | package=147.308 J | dram=NA | total=147.308 J | power=145.1 W | runtime=in_range | checksum=OK
  relative_error=1.4e-07
[REDUCTION] N=1000000 threads=32 rep=7 batches=19537 time=1.000 s | package=145.756 J | dram=NA | total=145.756 J | power=145.8 W | runtime=in_range | checksum=OK
  relative_error=1.4e-07
[REDUCTION] N=1000000 threads=32 rep=8 batches=19537 time=0.997 s | package=145.332 J | dram=NA | total=145.332 J | power=145.8 W | runtime=in_range | checksum=OK
  relative_error=1.4e-07
[REDUCTION] N=1000000 threads=32 rep=9 batches=19537 time=0.999 s | package=145.603 J | dram=NA | total=145.603 J | power=145.7 W | runtime=in_range | checksum=OK
  relative_error=1.4e-07
[REDUCTION] N=1000000 threads=32 rep=10 batches=19537 time=1.015 s | package=147.789 J | dram=NA | total=147.789 J | power=145.5 W | runtime=in_range | checksum=OK
  relative_error=1.4e-07
[REDUCTION] N=64000000 threads=4 rep=1 batches=183 time=1.003 s | package=92.094 J | dram=NA | total=92.094 J | power=91.8 W | runtime=in_range | checksum=OK
  relative_error=2.1e-08
[REDUCTION] N=64000000 threads=4 rep=2 batches=183 time=1.020 s | package=92.572 J | dram=NA | total=92.572 J | power=90.8 W | runtime=in_range | checksum=OK
  relative_error=2.1e-08
[REDUCTION] N=64000000 threads=4 rep=3 batches=183 time=1.022 s | package=92.501 J | dram=NA | total=92.501 J | power=90.5 W | runtime=in_range | checksum=OK
  relative_error=2.1e-08
[REDUCTION] N=64000000 threads=4 rep=4 batches=183 time=1.020 s | package=92.716 J | dram=NA | total=92.716 J | power=90.9 W | runtime=in_range | checksum=OK
  relative_error=2.1e-08
[REDUCTION] N=64000000 threads=4 rep=5 batches=183 time=1.017 s | package=91.726 J | dram=NA | total=91.726 J | power=90.2 W | runtime=in_range | checksum=OK
  relative_error=2.1e-08
[REDUCTION] N=64000000 threads=4 rep=6 batches=183 time=1.021 s | package=91.357 J | dram=NA | total=91.357 J | power=89.5 W | runtime=in_range | checksum=OK
  relative_error=2.1e-08
[REDUCTION] N=64000000 threads=4 rep=7 batches=183 time=1.023 s | package=91.350 J | dram=NA | total=91.350 J | power=89.3 W | runtime=in_range | checksum=OK
  relative_error=2.1e-08
[REDUCTION] N=64000000 threads=4 rep=8 batches=183 time=1.019 s | package=90.996 J | dram=NA | total=90.996 J | power=89.3 W | runtime=in_range | checksum=OK
  relative_error=2.1e-08
[REDUCTION] N=64000000 threads=4 rep=9 batches=183 time=1.014 s | package=90.800 J | dram=NA | total=90.800 J | power=89.5 W | runtime=in_range | checksum=OK
  relative_error=2.1e-08
[REDUCTION] N=64000000 threads=4 rep=10 batches=183 time=1.022 s | package=91.318 J | dram=NA | total=91.318 J | power=89.4 W | runtime=in_range | checksum=OK
  relative_error=2.1e-08
[REDUCTION] N=2000000 threads=16 rep=1 batches=26706 time=1.011 s | package=133.991 J | dram=NA | total=133.991 J | power=132.5 W | runtime=in_range | checksum=OK
  relative_error=5.8e-08
[REDUCTION] N=2000000 threads=16 rep=2 batches=26706 time=1.028 s | package=136.767 J | dram=NA | total=136.767 J | power=133.0 W | runtime=in_range | checksum=OK
  relative_error=5.8e-08
[REDUCTION] N=2000000 threads=16 rep=3 batches=26706 time=1.058 s | package=138.270 J | dram=NA | total=138.270 J | power=130.7 W | runtime=in_range | checksum=OK
  relative_error=5.8e-08
[REDUCTION] N=2000000 threads=16 rep=4 batches=26706 time=1.040 s | package=137.281 J | dram=NA | total=137.281 J | power=132.1 W | runtime=in_range | checksum=OK
  relative_error=5.8e-08
[REDUCTION] N=2000000 threads=16 rep=5 batches=26706 time=1.050 s | package=137.981 J | dram=NA | total=137.981 J | power=131.4 W | runtime=in_range | checksum=OK
  relative_error=5.8e-08
[REDUCTION] N=2000000 threads=16 rep=6 batches=26706 time=1.048 s | package=137.479 J | dram=NA | total=137.479 J | power=131.2 W | runtime=in_range | checksum=OK
  relative_error=5.8e-08
[REDUCTION] N=2000000 threads=16 rep=7 batches=26706 time=1.057 s | package=137.324 J | dram=NA | total=137.324 J | power=130.0 W | runtime=in_range | checksum=OK
  relative_error=5.8e-08
[REDUCTION] N=2000000 threads=16 rep=8 batches=26706 time=1.056 s | package=138.896 J | dram=NA | total=138.896 J | power=131.5 W | runtime=in_range | checksum=OK
  relative_error=5.8e-08
[REDUCTION] N=2000000 threads=16 rep=9 batches=26706 time=1.052 s | package=138.169 J | dram=NA | total=138.169 J | power=131.3 W | runtime=in_range | checksum=OK
  relative_error=5.8e-08
[REDUCTION] N=2000000 threads=16 rep=10 batches=26706 time=1.048 s | package=137.375 J | dram=NA | total=137.375 J | power=131.1 W | runtime=in_range | checksum=OK
  relative_error=5.8e-08
[REDUCTION] N=4000000 threads=1 rep=1 batches=1500 time=0.993 s | package=68.111 J | dram=NA | total=68.111 J | power=68.6 W | runtime=in_range | checksum=OK
  relative_error=4.5e-08
[REDUCTION] N=4000000 threads=1 rep=2 batches=1500 time=0.991 s | package=67.612 J | dram=NA | total=67.612 J | power=68.2 W | runtime=in_range | checksum=OK
  relative_error=4.5e-08
[REDUCTION] N=4000000 threads=1 rep=3 batches=1500 time=0.986 s | package=67.167 J | dram=NA | total=67.167 J | power=68.1 W | runtime=in_range | checksum=OK
  relative_error=4.5e-08
[REDUCTION] N=4000000 threads=1 rep=4 batches=1500 time=0.976 s | package=66.305 J | dram=NA | total=66.305 J | power=67.9 W | runtime=in_range | checksum=OK
  relative_error=4.5e-08
[REDUCTION] N=4000000 threads=1 rep=5 batches=1500 time=0.975 s | package=66.211 J | dram=NA | total=66.211 J | power=67.9 W | runtime=in_range | checksum=OK
  relative_error=4.5e-08
[REDUCTION] N=4000000 threads=1 rep=6 batches=1500 time=0.979 s | package=66.470 J | dram=NA | total=66.470 J | power=67.9 W | runtime=in_range | checksum=OK
  relative_error=4.5e-08
[REDUCTION] N=4000000 threads=1 rep=7 batches=1500 time=0.977 s | package=66.321 J | dram=NA | total=66.321 J | power=67.9 W | runtime=in_range | checksum=OK
  relative_error=4.5e-08
[REDUCTION] N=4000000 threads=1 rep=8 batches=1500 time=0.974 s | package=66.402 J | dram=NA | total=66.402 J | power=68.2 W | runtime=in_range | checksum=OK
  relative_error=4.5e-08
[REDUCTION] N=4000000 threads=1 rep=9 batches=1500 time=0.968 s | package=65.403 J | dram=NA | total=65.403 J | power=67.6 W | runtime=in_range | checksum=OK
  relative_error=4.5e-08
[REDUCTION] N=4000000 threads=1 rep=10 batches=1500 time=0.975 s | package=65.791 J | dram=NA | total=65.791 J | power=67.5 W | runtime=in_range | checksum=OK
  relative_error=4.5e-08
[REDUCTION] N=16000000 threads=10 rep=1 batches=4751 time=1.004 s | package=135.228 J | dram=NA | total=135.228 J | power=134.6 W | runtime=in_range | checksum=OK
  relative_error=4.0e-08
[REDUCTION] N=16000000 threads=10 rep=2 batches=4751 time=1.023 s | package=137.003 J | dram=NA | total=137.003 J | power=133.9 W | runtime=in_range | checksum=OK
  relative_error=4.0e-08
[REDUCTION] N=16000000 threads=10 rep=3 batches=4751 time=1.031 s | package=139.145 J | dram=NA | total=139.145 J | power=135.0 W | runtime=in_range | checksum=OK
  relative_error=4.0e-08
[REDUCTION] N=16000000 threads=10 rep=4 batches=4751 time=1.034 s | package=139.521 J | dram=NA | total=139.521 J | power=135.0 W | runtime=in_range | checksum=OK
  relative_error=4.0e-08
[REDUCTION] N=16000000 threads=10 rep=5 batches=4751 time=1.025 s | package=138.753 J | dram=NA | total=138.753 J | power=135.4 W | runtime=in_range | checksum=OK
  relative_error=4.0e-08
[REDUCTION] N=16000000 threads=10 rep=6 batches=4751 time=1.009 s | package=137.845 J | dram=NA | total=137.845 J | power=136.6 W | runtime=in_range | checksum=OK
  relative_error=4.0e-08
[REDUCTION] N=16000000 threads=10 rep=7 batches=4751 time=1.008 s | package=137.589 J | dram=NA | total=137.589 J | power=136.5 W | runtime=in_range | checksum=OK
  relative_error=4.0e-08
[REDUCTION] N=16000000 threads=10 rep=8 batches=4751 time=1.023 s | package=138.844 J | dram=NA | total=138.844 J | power=135.7 W | runtime=in_range | checksum=OK
  relative_error=4.0e-08
[REDUCTION] N=16000000 threads=10 rep=9 batches=4751 time=1.012 s | package=138.044 J | dram=NA | total=138.044 J | power=136.5 W | runtime=in_range | checksum=OK
  relative_error=4.0e-08
[REDUCTION] N=16000000 threads=10 rep=10 batches=4751 time=1.018 s | package=138.652 J | dram=NA | total=138.652 J | power=136.1 W | runtime=in_range | checksum=OK
  relative_error=4.0e-08
[REDUCTION] N=2000000 threads=64 rep=1 batches=8925 time=1.024 s | package=152.621 J | dram=NA | total=152.621 J | power=149.1 W | runtime=in_range | checksum=OK
  relative_error=5.8e-08
[REDUCTION] N=2000000 threads=64 rep=2 batches=8925 time=1.036 s | package=154.137 J | dram=NA | total=154.137 J | power=148.7 W | runtime=in_range | checksum=OK
  relative_error=5.8e-08
[REDUCTION] N=2000000 threads=64 rep=3 batches=8925 time=1.038 s | package=154.709 J | dram=NA | total=154.709 J | power=149.1 W | runtime=in_range | checksum=OK
  relative_error=5.8e-08
[REDUCTION] N=2000000 threads=64 rep=4 batches=8925 time=1.055 s | package=156.661 J | dram=NA | total=156.661 J | power=148.4 W | runtime=in_range | checksum=OK
  relative_error=5.8e-08
[REDUCTION] N=2000000 threads=64 rep=5 batches=8925 time=1.040 s | package=154.315 J | dram=NA | total=154.315 J | power=148.4 W | runtime=in_range | checksum=OK
  relative_error=5.8e-08
[REDUCTION] N=2000000 threads=64 rep=6 batches=8925 time=1.039 s | package=153.715 J | dram=NA | total=153.715 J | power=147.9 W | runtime=in_range | checksum=OK
  relative_error=5.8e-08
[REDUCTION] N=2000000 threads=64 rep=7 batches=8925 time=1.050 s | package=154.783 J | dram=NA | total=154.783 J | power=147.4 W | runtime=in_range | checksum=OK
  relative_error=5.8e-08
[REDUCTION] N=2000000 threads=64 rep=8 batches=8925 time=1.043 s | package=154.774 J | dram=NA | total=154.774 J | power=148.3 W | runtime=in_range | checksum=OK
  relative_error=5.8e-08
[REDUCTION] N=2000000 threads=64 rep=9 batches=8925 time=1.040 s | package=154.410 J | dram=NA | total=154.410 J | power=148.5 W | runtime=in_range | checksum=OK
  relative_error=5.8e-08
[REDUCTION] N=2000000 threads=64 rep=10 batches=8925 time=1.040 s | package=153.963 J | dram=NA | total=153.963 J | power=148.1 W | runtime=in_range | checksum=OK
  relative_error=5.8e-08
[REDUCTION] N=16000000 threads=1 rep=1 batches=292 time=1.013 s | package=73.380 J | dram=NA | total=73.380 J | power=72.5 W | runtime=in_range | checksum=OK
  relative_error=4.0e-08
[REDUCTION] N=16000000 threads=1 rep=2 batches=292 time=1.017 s | package=72.825 J | dram=NA | total=72.825 J | power=71.6 W | runtime=in_range | checksum=OK
  relative_error=4.0e-08
[REDUCTION] N=16000000 threads=1 rep=3 batches=292 time=1.022 s | package=73.017 J | dram=NA | total=73.017 J | power=71.4 W | runtime=in_range | checksum=OK
  relative_error=4.0e-08
[REDUCTION] N=16000000 threads=1 rep=4 batches=292 time=1.019 s | package=73.019 J | dram=NA | total=73.019 J | power=71.7 W | runtime=in_range | checksum=OK
  relative_error=4.0e-08
[REDUCTION] N=16000000 threads=1 rep=5 batches=292 time=1.020 s | package=72.951 J | dram=NA | total=72.951 J | power=71.5 W | runtime=in_range | checksum=OK
  relative_error=4.0e-08
[REDUCTION] N=16000000 threads=1 rep=6 batches=292 time=1.023 s | package=73.008 J | dram=NA | total=73.008 J | power=71.3 W | runtime=in_range | checksum=OK
  relative_error=4.0e-08
[REDUCTION] N=16000000 threads=1 rep=7 batches=292 time=1.019 s | package=72.733 J | dram=NA | total=72.733 J | power=71.3 W | runtime=in_range | checksum=OK
  relative_error=4.0e-08
[REDUCTION] N=16000000 threads=1 rep=8 batches=292 time=1.015 s | package=72.409 J | dram=NA | total=72.409 J | power=71.3 W | runtime=in_range | checksum=OK
  relative_error=4.0e-08
[REDUCTION] N=16000000 threads=1 rep=9 batches=292 time=1.017 s | package=72.468 J | dram=NA | total=72.468 J | power=71.2 W | runtime=in_range | checksum=OK
  relative_error=4.0e-08
[REDUCTION] N=16000000 threads=1 rep=10 batches=292 time=1.017 s | package=72.428 J | dram=NA | total=72.428 J | power=71.2 W | runtime=in_range | checksum=OK
  relative_error=4.0e-08
[REDUCTION] N=256000000 threads=64 rep=1 batches=53 time=1.016 s | package=159.026 J | dram=NA | total=159.026 J | power=156.5 W | runtime=in_range | checksum=OK
  relative_error=3.5e-09
[REDUCTION] N=256000000 threads=64 rep=2 batches=53 time=1.022 s | package=159.844 J | dram=NA | total=159.844 J | power=156.3 W | runtime=in_range | checksum=OK
  relative_error=3.5e-09
[REDUCTION] N=256000000 threads=64 rep=3 batches=53 time=1.044 s | package=162.567 J | dram=NA | total=162.567 J | power=155.7 W | runtime=in_range | checksum=OK
  relative_error=3.5e-09
[REDUCTION] N=256000000 threads=64 rep=4 batches=53 time=1.024 s | package=160.672 J | dram=NA | total=160.672 J | power=156.9 W | runtime=in_range | checksum=OK
  relative_error=3.5e-09
[REDUCTION] N=256000000 threads=64 rep=5 batches=53 time=1.038 s | package=162.132 J | dram=NA | total=162.132 J | power=156.2 W | runtime=in_range | checksum=OK
  relative_error=3.5e-09
[REDUCTION] N=256000000 threads=64 rep=6 batches=53 time=1.022 s | package=160.817 J | dram=NA | total=160.817 J | power=157.4 W | runtime=in_range | checksum=OK
  relative_error=3.5e-09
[REDUCTION] N=256000000 threads=64 rep=7 batches=53 time=1.033 s | package=162.017 J | dram=NA | total=162.017 J | power=156.8 W | runtime=in_range | checksum=OK
  relative_error=3.5e-09
[REDUCTION] N=256000000 threads=64 rep=8 batches=53 time=1.022 s | package=161.055 J | dram=NA | total=161.055 J | power=157.5 W | runtime=in_range | checksum=OK
  relative_error=3.5e-09
[REDUCTION] N=256000000 threads=64 rep=9 batches=53 time=1.032 s | package=161.838 J | dram=NA | total=161.838 J | power=156.8 W | runtime=in_range | checksum=OK
  relative_error=3.5e-09
[REDUCTION] N=256000000 threads=64 rep=10 batches=53 time=1.024 s | package=160.889 J | dram=NA | total=160.889 J | power=157.1 W | runtime=in_range | checksum=OK
  relative_error=3.5e-09
[REDUCTION] N=1000000 threads=2 rep=1 batches=19073 time=1.001 s | package=79.017 J | dram=NA | total=79.017 J | power=79.0 W | runtime=in_range | checksum=OK
  relative_error=1.4e-07
[REDUCTION] N=1000000 threads=2 rep=2 batches=19073 time=1.068 s | package=85.206 J | dram=NA | total=85.206 J | power=79.7 W | runtime=in_range | checksum=OK
  relative_error=1.4e-07
[REDUCTION] N=1000000 threads=2 rep=3 batches=19073 time=1.029 s | package=81.954 J | dram=NA | total=81.954 J | power=79.6 W | runtime=in_range | checksum=OK
  relative_error=1.4e-07
[REDUCTION] N=1000000 threads=2 rep=4 batches=19073 time=1.025 s | package=81.774 J | dram=NA | total=81.774 J | power=79.7 W | runtime=in_range | checksum=OK
  relative_error=1.4e-07
[REDUCTION] N=1000000 threads=2 rep=5 batches=19073 time=1.060 s | package=84.269 J | dram=NA | total=84.269 J | power=79.5 W | runtime=in_range | checksum=OK
  relative_error=1.4e-07
[REDUCTION] N=1000000 threads=2 rep=6 batches=19073 time=1.008 s | package=80.169 J | dram=NA | total=80.169 J | power=79.6 W | runtime=in_range | checksum=OK
  relative_error=1.4e-07
[REDUCTION] N=1000000 threads=2 rep=7 batches=19073 time=1.014 s | package=80.655 J | dram=NA | total=80.655 J | power=79.6 W | runtime=in_range | checksum=OK
  relative_error=1.4e-07
[REDUCTION] N=1000000 threads=2 rep=8 batches=19073 time=1.032 s | package=82.378 J | dram=NA | total=82.378 J | power=79.8 W | runtime=in_range | checksum=OK
  relative_error=1.4e-07
[REDUCTION] N=1000000 threads=2 rep=9 batches=19073 time=1.068 s | package=84.767 J | dram=NA | total=84.767 J | power=79.4 W | runtime=in_range | checksum=OK
  relative_error=1.4e-07
[REDUCTION] N=1000000 threads=2 rep=10 batches=19073 time=1.011 s | package=80.381 J | dram=NA | total=80.381 J | power=79.5 W | runtime=in_range | checksum=OK
  relative_error=1.4e-07
[REDUCTION] N=8000000 threads=4 rep=1 batches=5221 time=1.002 s | package=98.702 J | dram=NA | total=98.702 J | power=98.5 W | runtime=in_range | checksum=OK
  relative_error=1.6e-07
[REDUCTION] N=8000000 threads=4 rep=2 batches=5221 time=1.024 s | package=100.257 J | dram=NA | total=100.257 J | power=97.9 W | runtime=in_range | checksum=OK
  relative_error=1.6e-07
[REDUCTION] N=8000000 threads=4 rep=3 batches=5221 time=1.006 s | package=98.918 J | dram=NA | total=98.918 J | power=98.3 W | runtime=in_range | checksum=OK
  relative_error=1.6e-07
[REDUCTION] N=8000000 threads=4 rep=4 batches=5221 time=1.003 s | package=98.805 J | dram=NA | total=98.805 J | power=98.5 W | runtime=in_range | checksum=OK
  relative_error=1.6e-07
[REDUCTION] N=8000000 threads=4 rep=5 batches=5221 time=1.011 s | package=99.699 J | dram=NA | total=99.699 J | power=98.6 W | runtime=in_range | checksum=OK
  relative_error=1.6e-07
[REDUCTION] N=8000000 threads=4 rep=6 batches=5221 time=1.010 s | package=99.243 J | dram=NA | total=99.243 J | power=98.3 W | runtime=in_range | checksum=OK
  relative_error=1.6e-07
[REDUCTION] N=8000000 threads=4 rep=7 batches=5221 time=1.008 s | package=99.167 J | dram=NA | total=99.167 J | power=98.4 W | runtime=in_range | checksum=OK
  relative_error=1.6e-07
[REDUCTION] N=8000000 threads=4 rep=8 batches=5221 time=1.012 s | package=99.404 J | dram=NA | total=99.404 J | power=98.3 W | runtime=in_range | checksum=OK
  relative_error=1.6e-07
[REDUCTION] N=8000000 threads=4 rep=9 batches=5221 time=1.016 s | package=99.716 J | dram=NA | total=99.716 J | power=98.1 W | runtime=in_range | checksum=OK
  relative_error=1.6e-07
[REDUCTION] N=8000000 threads=4 rep=10 batches=5221 time=1.011 s | package=100.773 J | dram=NA | total=100.773 J | power=99.7 W | runtime=in_range | checksum=OK
  relative_error=1.6e-07
[REDUCTION] N=32000000 threads=64 rep=1 batches=1570 time=1.007 s | package=174.072 J | dram=NA | total=174.072 J | power=172.9 W | runtime=in_range | checksum=OK
  relative_error=3.4e-08
[REDUCTION] N=32000000 threads=64 rep=2 batches=1570 time=1.018 s | package=175.994 J | dram=NA | total=175.994 J | power=172.9 W | runtime=in_range | checksum=OK
  relative_error=3.4e-08
[REDUCTION] N=32000000 threads=64 rep=3 batches=1570 time=1.019 s | package=175.976 J | dram=NA | total=175.976 J | power=172.8 W | runtime=in_range | checksum=OK
  relative_error=3.4e-08
[REDUCTION] N=32000000 threads=64 rep=4 batches=1570 time=1.019 s | package=176.190 J | dram=NA | total=176.190 J | power=173.0 W | runtime=in_range | checksum=OK
  relative_error=3.4e-08
[REDUCTION] N=32000000 threads=64 rep=5 batches=1570 time=1.041 s | package=178.861 J | dram=NA | total=178.861 J | power=171.8 W | runtime=in_range | checksum=OK
  relative_error=3.4e-08
[REDUCTION] N=32000000 threads=64 rep=6 batches=1570 time=1.028 s | package=177.135 J | dram=NA | total=177.135 J | power=172.3 W | runtime=in_range | checksum=OK
  relative_error=3.4e-08
[REDUCTION] N=32000000 threads=64 rep=7 batches=1570 time=1.030 s | package=177.974 J | dram=NA | total=177.974 J | power=172.8 W | runtime=in_range | checksum=OK
  relative_error=3.4e-08
[REDUCTION] N=32000000 threads=64 rep=8 batches=1570 time=1.015 s | package=175.993 J | dram=NA | total=175.993 J | power=173.4 W | runtime=in_range | checksum=OK
  relative_error=3.4e-08
[REDUCTION] N=32000000 threads=64 rep=9 batches=1570 time=1.028 s | package=177.432 J | dram=NA | total=177.432 J | power=172.6 W | runtime=in_range | checksum=OK
  relative_error=3.4e-08
[REDUCTION] N=32000000 threads=64 rep=10 batches=1570 time=1.027 s | package=177.359 J | dram=NA | total=177.359 J | power=172.7 W | runtime=in_range | checksum=OK
  relative_error=3.4e-08
[REDUCTION] N=128000000 threads=8 rep=1 batches=105 time=1.006 s | package=124.049 J | dram=NA | total=124.049 J | power=123.3 W | runtime=in_range | checksum=OK
  relative_error=3.9e-09
[REDUCTION] N=128000000 threads=8 rep=2 batches=105 time=1.020 s | package=125.002 J | dram=NA | total=125.002 J | power=122.5 W | runtime=in_range | checksum=OK
  relative_error=3.9e-09
[REDUCTION] N=128000000 threads=8 rep=3 batches=105 time=1.008 s | package=123.897 J | dram=NA | total=123.897 J | power=122.9 W | runtime=in_range | checksum=OK
  relative_error=3.9e-09
[REDUCTION] N=128000000 threads=8 rep=4 batches=105 time=1.007 s | package=123.795 J | dram=NA | total=123.795 J | power=122.9 W | runtime=in_range | checksum=OK
  relative_error=3.9e-09
[REDUCTION] N=128000000 threads=8 rep=5 batches=105 time=1.010 s | package=123.990 J | dram=NA | total=123.990 J | power=122.7 W | runtime=in_range | checksum=OK
  relative_error=3.9e-09
[REDUCTION] N=128000000 threads=8 rep=6 batches=105 time=1.007 s | package=123.740 J | dram=NA | total=123.740 J | power=122.9 W | runtime=in_range | checksum=OK
  relative_error=3.9e-09
[REDUCTION] N=128000000 threads=8 rep=7 batches=105 time=1.011 s | package=124.015 J | dram=NA | total=124.015 J | power=122.7 W | runtime=in_range | checksum=OK
  relative_error=3.9e-09
[REDUCTION] N=128000000 threads=8 rep=8 batches=105 time=1.022 s | package=125.337 J | dram=NA | total=125.337 J | power=122.7 W | runtime=in_range | checksum=OK
  relative_error=3.9e-09
[REDUCTION] N=128000000 threads=8 rep=9 batches=105 time=1.006 s | package=123.436 J | dram=NA | total=123.436 J | power=122.7 W | runtime=in_range | checksum=OK
  relative_error=3.9e-09
[REDUCTION] N=128000000 threads=8 rep=10 batches=105 time=1.006 s | package=123.530 J | dram=NA | total=123.530 J | power=122.8 W | runtime=in_range | checksum=OK
  relative_error=3.9e-09
[REDUCTION] N=4000000 threads=10 rep=1 batches=17715 time=1.003 s | package=131.749 J | dram=NA | total=131.749 J | power=131.4 W | runtime=in_range | checksum=OK
  relative_error=4.5e-08
[REDUCTION] N=4000000 threads=10 rep=2 batches=17715 time=1.011 s | package=133.291 J | dram=NA | total=133.291 J | power=131.8 W | runtime=in_range | checksum=OK
  relative_error=4.5e-08
[REDUCTION] N=4000000 threads=10 rep=3 batches=17715 time=1.013 s | package=132.661 J | dram=NA | total=132.661 J | power=131.0 W | runtime=in_range | checksum=OK
  relative_error=4.5e-08
[REDUCTION] N=4000000 threads=10 rep=4 batches=17715 time=1.011 s | package=133.052 J | dram=NA | total=133.052 J | power=131.7 W | runtime=in_range | checksum=OK
  relative_error=4.5e-08
[REDUCTION] N=4000000 threads=10 rep=5 batches=17715 time=1.001 s | package=131.548 J | dram=NA | total=131.548 J | power=131.4 W | runtime=in_range | checksum=OK
  relative_error=4.5e-08
[REDUCTION] N=4000000 threads=10 rep=6 batches=17715 time=1.018 s | package=133.403 J | dram=NA | total=133.403 J | power=131.1 W | runtime=in_range | checksum=OK
  relative_error=4.5e-08
[REDUCTION] N=4000000 threads=10 rep=7 batches=17715 time=1.019 s | package=134.426 J | dram=NA | total=134.426 J | power=131.9 W | runtime=in_range | checksum=OK
  relative_error=4.5e-08
[REDUCTION] N=4000000 threads=10 rep=8 batches=17715 time=1.014 s | package=134.766 J | dram=NA | total=134.766 J | power=132.9 W | runtime=in_range | checksum=OK
  relative_error=4.5e-08
[REDUCTION] N=4000000 threads=10 rep=9 batches=17715 time=1.013 s | package=134.379 J | dram=NA | total=134.379 J | power=132.7 W | runtime=in_range | checksum=OK
  relative_error=4.5e-08
[REDUCTION] N=4000000 threads=10 rep=10 batches=17715 time=0.997 s | package=133.201 J | dram=NA | total=133.201 J | power=133.6 W | runtime=in_range | checksum=OK
  relative_error=4.5e-08
[REDUCTION] N=128000000 threads=16 rep=1 batches=109 time=1.005 s | package=119.899 J | dram=NA | total=119.899 J | power=119.3 W | runtime=in_range | checksum=OK
  relative_error=3.9e-09
[REDUCTION] N=128000000 threads=16 rep=2 batches=109 time=1.013 s | package=120.570 J | dram=NA | total=120.570 J | power=119.0 W | runtime=in_range | checksum=OK
  relative_error=3.9e-09
[REDUCTION] N=128000000 threads=16 rep=3 batches=109 time=1.017 s | package=121.917 J | dram=NA | total=121.917 J | power=119.9 W | runtime=in_range | checksum=OK
  relative_error=3.9e-09
[REDUCTION] N=128000000 threads=16 rep=4 batches=109 time=1.011 s | package=121.452 J | dram=NA | total=121.452 J | power=120.1 W | runtime=in_range | checksum=OK
  relative_error=3.9e-09
[REDUCTION] N=128000000 threads=16 rep=5 batches=109 time=1.008 s | package=121.077 J | dram=NA | total=121.077 J | power=120.1 W | runtime=in_range | checksum=OK
  relative_error=3.9e-09
[REDUCTION] N=128000000 threads=16 rep=6 batches=109 time=1.008 s | package=121.154 J | dram=NA | total=121.154 J | power=120.2 W | runtime=in_range | checksum=OK
  relative_error=3.9e-09
[REDUCTION] N=128000000 threads=16 rep=7 batches=109 time=1.017 s | package=121.863 J | dram=NA | total=121.863 J | power=119.9 W | runtime=in_range | checksum=OK
  relative_error=3.9e-09
[REDUCTION] N=128000000 threads=16 rep=8 batches=109 time=1.008 s | package=121.155 J | dram=NA | total=121.155 J | power=120.2 W | runtime=in_range | checksum=OK
  relative_error=3.9e-09
[REDUCTION] N=128000000 threads=16 rep=9 batches=109 time=1.008 s | package=121.137 J | dram=NA | total=121.137 J | power=120.2 W | runtime=in_range | checksum=OK
  relative_error=3.9e-09
[REDUCTION] N=128000000 threads=16 rep=10 batches=109 time=1.016 s | package=121.781 J | dram=NA | total=121.781 J | power=119.9 W | runtime=in_range | checksum=OK
  relative_error=3.9e-09
[REDUCTION] N=64000000 threads=8 rep=1 batches=213 time=1.001 s | package=112.778 J | dram=NA | total=112.778 J | power=112.6 W | runtime=in_range | checksum=OK
  relative_error=2.1e-08
[REDUCTION] N=64000000 threads=8 rep=2 batches=213 time=1.003 s | package=113.028 J | dram=NA | total=113.028 J | power=112.7 W | runtime=in_range | checksum=OK
  relative_error=2.1e-08
[REDUCTION] N=64000000 threads=8 rep=3 batches=213 time=1.003 s | package=113.083 J | dram=NA | total=113.083 J | power=112.8 W | runtime=in_range | checksum=OK
  relative_error=2.1e-08
[REDUCTION] N=64000000 threads=8 rep=4 batches=213 time=1.017 s | package=114.036 J | dram=NA | total=114.036 J | power=112.1 W | runtime=in_range | checksum=OK
  relative_error=2.1e-08
[REDUCTION] N=64000000 threads=8 rep=5 batches=213 time=1.018 s | package=116.057 J | dram=NA | total=116.057 J | power=114.0 W | runtime=in_range | checksum=OK
  relative_error=2.1e-08
[REDUCTION] N=64000000 threads=8 rep=6 batches=213 time=1.012 s | package=115.658 J | dram=NA | total=115.658 J | power=114.3 W | runtime=in_range | checksum=OK
  relative_error=2.1e-08
[REDUCTION] N=64000000 threads=8 rep=7 batches=213 time=1.019 s | package=117.353 J | dram=NA | total=117.353 J | power=115.2 W | runtime=in_range | checksum=OK
  relative_error=2.1e-08
[REDUCTION] N=64000000 threads=8 rep=8 batches=213 time=1.015 s | package=117.048 J | dram=NA | total=117.048 J | power=115.3 W | runtime=in_range | checksum=OK
  relative_error=2.1e-08
[REDUCTION] N=64000000 threads=8 rep=9 batches=213 time=1.016 s | package=116.967 J | dram=NA | total=116.967 J | power=115.1 W | runtime=in_range | checksum=OK
  relative_error=2.1e-08
[REDUCTION] N=64000000 threads=8 rep=10 batches=213 time=1.017 s | package=117.346 J | dram=NA | total=117.346 J | power=115.4 W | runtime=in_range | checksum=OK
  relative_error=2.1e-08
[REDUCTION] N=4000000 threads=4 rep=1 batches=9700 time=1.002 s | package=99.670 J | dram=NA | total=99.670 J | power=99.5 W | runtime=in_range | checksum=OK
  relative_error=4.5e-08
[REDUCTION] N=4000000 threads=4 rep=2 batches=9700 time=1.008 s | package=100.164 J | dram=NA | total=100.164 J | power=99.4 W | runtime=in_range | checksum=OK
  relative_error=4.5e-08
[REDUCTION] N=4000000 threads=4 rep=3 batches=9700 time=1.012 s | package=100.358 J | dram=NA | total=100.358 J | power=99.2 W | runtime=in_range | checksum=OK
  relative_error=4.5e-08
[REDUCTION] N=4000000 threads=4 rep=4 batches=9700 time=1.023 s | package=101.534 J | dram=NA | total=101.534 J | power=99.2 W | runtime=in_range | checksum=OK
  relative_error=4.5e-08
[REDUCTION] N=4000000 threads=4 rep=5 batches=9700 time=1.002 s | package=98.948 J | dram=NA | total=98.948 J | power=98.8 W | runtime=in_range | checksum=OK
  relative_error=4.5e-08
[REDUCTION] N=4000000 threads=4 rep=6 batches=9700 time=1.006 s | package=99.646 J | dram=NA | total=99.646 J | power=99.0 W | runtime=in_range | checksum=OK
  relative_error=4.5e-08
[REDUCTION] N=4000000 threads=4 rep=7 batches=9700 time=1.009 s | package=99.418 J | dram=NA | total=99.418 J | power=98.5 W | runtime=in_range | checksum=OK
  relative_error=4.5e-08
[REDUCTION] N=4000000 threads=4 rep=8 batches=9700 time=1.009 s | package=99.411 J | dram=NA | total=99.411 J | power=98.5 W | runtime=in_range | checksum=OK
  relative_error=4.5e-08
[REDUCTION] N=4000000 threads=4 rep=9 batches=9700 time=1.008 s | package=99.272 J | dram=NA | total=99.272 J | power=98.4 W | runtime=in_range | checksum=OK
  relative_error=4.5e-08
[REDUCTION] N=4000000 threads=4 rep=10 batches=9700 time=1.011 s | package=99.125 J | dram=NA | total=99.125 J | power=98.0 W | runtime=in_range | checksum=OK
  relative_error=4.5e-08
[REDUCTION] N=1000000 threads=4 rep=1 batches=28299 time=0.996 s | package=90.507 J | dram=NA | total=90.507 J | power=90.9 W | runtime=in_range | checksum=OK
  relative_error=1.4e-07
[REDUCTION] N=1000000 threads=4 rep=2 batches=28299 time=1.015 s | package=91.823 J | dram=NA | total=91.823 J | power=90.5 W | runtime=in_range | checksum=OK
  relative_error=1.4e-07
[REDUCTION] N=1000000 threads=4 rep=3 batches=28299 time=1.011 s | package=91.511 J | dram=NA | total=91.511 J | power=90.5 W | runtime=in_range | checksum=OK
  relative_error=1.4e-07
[REDUCTION] N=1000000 threads=4 rep=4 batches=28299 time=1.018 s | package=92.222 J | dram=NA | total=92.222 J | power=90.6 W | runtime=in_range | checksum=OK
  relative_error=1.4e-07
[REDUCTION] N=1000000 threads=4 rep=5 batches=28299 time=1.012 s | package=92.034 J | dram=NA | total=92.034 J | power=90.9 W | runtime=in_range | checksum=OK
  relative_error=1.4e-07
[REDUCTION] N=1000000 threads=4 rep=6 batches=28299 time=1.026 s | package=92.713 J | dram=NA | total=92.713 J | power=90.4 W | runtime=in_range | checksum=OK
  relative_error=1.4e-07
[REDUCTION] N=1000000 threads=4 rep=7 batches=28299 time=1.024 s | package=92.452 J | dram=NA | total=92.452 J | power=90.3 W | runtime=in_range | checksum=OK
  relative_error=1.4e-07
[REDUCTION] N=1000000 threads=4 rep=8 batches=28299 time=1.029 s | package=93.057 J | dram=NA | total=93.057 J | power=90.5 W | runtime=in_range | checksum=OK
  relative_error=1.4e-07
[REDUCTION] N=1000000 threads=4 rep=9 batches=28299 time=1.026 s | package=92.656 J | dram=NA | total=92.656 J | power=90.3 W | runtime=in_range | checksum=OK
  relative_error=1.4e-07
[REDUCTION] N=1000000 threads=4 rep=10 batches=28299 time=1.023 s | package=92.458 J | dram=NA | total=92.458 J | power=90.4 W | runtime=in_range | checksum=OK
  relative_error=1.4e-07
[REDUCTION] N=256000000 threads=2 rep=1 batches=32 time=1.013 s | package=79.275 J | dram=NA | total=79.275 J | power=78.3 W | runtime=in_range | checksum=OK
  relative_error=3.5e-09
[REDUCTION] N=256000000 threads=2 rep=2 batches=32 time=1.027 s | package=80.187 J | dram=NA | total=80.187 J | power=78.1 W | runtime=in_range | checksum=OK
  relative_error=3.5e-09
[REDUCTION] N=256000000 threads=2 rep=3 batches=32 time=1.027 s | package=80.223 J | dram=NA | total=80.223 J | power=78.1 W | runtime=in_range | checksum=OK
  relative_error=3.5e-09
[REDUCTION] N=256000000 threads=2 rep=4 batches=32 time=1.027 s | package=80.208 J | dram=NA | total=80.208 J | power=78.1 W | runtime=in_range | checksum=OK
  relative_error=3.5e-09
[REDUCTION] N=256000000 threads=2 rep=5 batches=32 time=1.031 s | package=80.409 J | dram=NA | total=80.409 J | power=78.0 W | runtime=in_range | checksum=OK
  relative_error=3.5e-09
[REDUCTION] N=256000000 threads=2 rep=6 batches=32 time=1.027 s | package=80.215 J | dram=NA | total=80.215 J | power=78.1 W | runtime=in_range | checksum=OK
  relative_error=3.5e-09
[REDUCTION] N=256000000 threads=2 rep=7 batches=32 time=1.027 s | package=80.635 J | dram=NA | total=80.635 J | power=78.5 W | runtime=in_range | checksum=OK
  relative_error=3.5e-09
[REDUCTION] N=256000000 threads=2 rep=8 batches=32 time=1.031 s | package=80.935 J | dram=NA | total=80.935 J | power=78.5 W | runtime=in_range | checksum=OK
  relative_error=3.5e-09
[REDUCTION] N=256000000 threads=2 rep=9 batches=32 time=1.026 s | package=80.340 J | dram=NA | total=80.340 J | power=78.3 W | runtime=in_range | checksum=OK
  relative_error=3.5e-09
[REDUCTION] N=256000000 threads=2 rep=10 batches=32 time=1.025 s | package=80.355 J | dram=NA | total=80.355 J | power=78.4 W | runtime=in_range | checksum=OK
  relative_error=3.5e-09
[REDUCTION] N=256000000 threads=4 rep=1 batches=47 time=1.007 s | package=89.210 J | dram=NA | total=89.210 J | power=88.6 W | runtime=in_range | checksum=OK
  relative_error=3.5e-09
[REDUCTION] N=256000000 threads=4 rep=2 batches=47 time=1.021 s | package=90.225 J | dram=NA | total=90.225 J | power=88.4 W | runtime=in_range | checksum=OK
  relative_error=3.5e-09
[REDUCTION] N=256000000 threads=4 rep=3 batches=47 time=1.018 s | package=89.402 J | dram=NA | total=89.402 J | power=87.8 W | runtime=in_range | checksum=OK
  relative_error=3.5e-09
[REDUCTION] N=256000000 threads=4 rep=4 batches=47 time=1.015 s | package=89.543 J | dram=NA | total=89.543 J | power=88.2 W | runtime=in_range | checksum=OK
  relative_error=3.5e-09
[REDUCTION] N=256000000 threads=4 rep=5 batches=47 time=1.020 s | package=90.158 J | dram=NA | total=90.158 J | power=88.4 W | runtime=in_range | checksum=OK
  relative_error=3.5e-09
[REDUCTION] N=256000000 threads=4 rep=6 batches=47 time=1.017 s | package=90.012 J | dram=NA | total=90.012 J | power=88.5 W | runtime=in_range | checksum=OK
  relative_error=3.5e-09
[REDUCTION] N=256000000 threads=4 rep=7 batches=47 time=1.014 s | package=89.991 J | dram=NA | total=89.991 J | power=88.7 W | runtime=in_range | checksum=OK
  relative_error=3.5e-09
[REDUCTION] N=256000000 threads=4 rep=8 batches=47 time=1.022 s | package=90.463 J | dram=NA | total=90.463 J | power=88.5 W | runtime=in_range | checksum=OK
  relative_error=3.5e-09
[REDUCTION] N=256000000 threads=4 rep=9 batches=47 time=1.018 s | package=90.192 J | dram=NA | total=90.192 J | power=88.6 W | runtime=in_range | checksum=OK
  relative_error=3.5e-09
[REDUCTION] N=256000000 threads=4 rep=10 batches=47 time=1.016 s | package=89.475 J | dram=NA | total=89.475 J | power=88.1 W | runtime=in_range | checksum=OK
  relative_error=3.5e-09
[REDUCTION] N=16000000 threads=4 rep=1 batches=1320 time=1.009 s | package=89.718 J | dram=NA | total=89.718 J | power=88.9 W | runtime=in_range | checksum=OK
  relative_error=4.0e-08
[REDUCTION] N=16000000 threads=4 rep=2 batches=1320 time=0.984 s | package=88.031 J | dram=NA | total=88.031 J | power=89.5 W | runtime=in_range | checksum=OK
  relative_error=4.0e-08
[REDUCTION] N=16000000 threads=4 rep=3 batches=1320 time=0.969 s | package=87.113 J | dram=NA | total=87.113 J | power=89.9 W | runtime=in_range | checksum=OK
  relative_error=4.0e-08
[REDUCTION] N=16000000 threads=4 rep=4 batches=1320 time=0.977 s | package=87.612 J | dram=NA | total=87.612 J | power=89.7 W | runtime=in_range | checksum=OK
  relative_error=4.0e-08
[REDUCTION] N=16000000 threads=4 rep=5 batches=1320 time=0.973 s | package=87.451 J | dram=NA | total=87.451 J | power=89.8 W | runtime=in_range | checksum=OK
  relative_error=4.0e-08
[REDUCTION] N=16000000 threads=4 rep=6 batches=1320 time=0.974 s | package=87.248 J | dram=NA | total=87.248 J | power=89.6 W | runtime=in_range | checksum=OK
  relative_error=4.0e-08
[REDUCTION] N=16000000 threads=4 rep=7 batches=1320 time=0.970 s | package=87.046 J | dram=NA | total=87.046 J | power=89.7 W | runtime=in_range | checksum=OK
  relative_error=4.0e-08
[REDUCTION] N=16000000 threads=4 rep=8 batches=1320 time=0.977 s | package=88.342 J | dram=NA | total=88.342 J | power=90.4 W | runtime=in_range | checksum=OK
  relative_error=4.0e-08
[REDUCTION] N=16000000 threads=4 rep=9 batches=1320 time=0.969 s | package=87.626 J | dram=NA | total=87.626 J | power=90.4 W | runtime=in_range | checksum=OK
  relative_error=4.0e-08
[REDUCTION] N=16000000 threads=4 rep=10 batches=1320 time=0.975 s | package=88.008 J | dram=NA | total=88.008 J | power=90.3 W | runtime=in_range | checksum=OK
  relative_error=4.0e-08
[REDUCTION] N=1000000 threads=64 rep=1 batches=8918 time=1.015 s | package=145.125 J | dram=NA | total=145.125 J | power=143.0 W | runtime=in_range | checksum=OK
  relative_error=1.4e-07
[REDUCTION] N=1000000 threads=64 rep=2 batches=8918 time=1.028 s | package=147.127 J | dram=NA | total=147.127 J | power=143.1 W | runtime=in_range | checksum=OK
  relative_error=1.4e-07
[REDUCTION] N=1000000 threads=64 rep=3 batches=8918 time=1.041 s | package=148.351 J | dram=NA | total=148.351 J | power=142.4 W | runtime=in_range | checksum=OK
  relative_error=1.4e-07
[REDUCTION] N=1000000 threads=64 rep=4 batches=8918 time=1.030 s | package=147.433 J | dram=NA | total=147.433 J | power=143.2 W | runtime=in_range | checksum=OK
  relative_error=1.4e-07
[REDUCTION] N=1000000 threads=64 rep=5 batches=8918 time=1.038 s | package=148.798 J | dram=NA | total=148.798 J | power=143.4 W | runtime=in_range | checksum=OK
  relative_error=1.4e-07
[REDUCTION] N=1000000 threads=64 rep=6 batches=8918 time=1.029 s | package=147.475 J | dram=NA | total=147.475 J | power=143.4 W | runtime=in_range | checksum=OK
  relative_error=1.4e-07
[REDUCTION] N=1000000 threads=64 rep=7 batches=8918 time=1.050 s | package=150.122 J | dram=NA | total=150.122 J | power=143.0 W | runtime=in_range | checksum=OK
  relative_error=1.4e-07
[REDUCTION] N=1000000 threads=64 rep=8 batches=8918 time=1.053 s | package=150.758 J | dram=NA | total=150.758 J | power=143.1 W | runtime=in_range | checksum=OK
  relative_error=1.4e-07
[REDUCTION] N=1000000 threads=64 rep=9 batches=8918 time=1.039 s | package=148.752 J | dram=NA | total=148.752 J | power=143.2 W | runtime=in_range | checksum=OK
  relative_error=1.4e-07
[REDUCTION] N=1000000 threads=64 rep=10 batches=8918 time=1.035 s | package=148.664 J | dram=NA | total=148.664 J | power=143.6 W | runtime=in_range | checksum=OK
  relative_error=1.4e-07
[REDUCTION] N=64000000 threads=20 rep=1 batches=204 time=1.001 s | package=127.636 J | dram=NA | total=127.636 J | power=127.5 W | runtime=in_range | checksum=OK
  relative_error=2.1e-08
[REDUCTION] N=64000000 threads=20 rep=2 batches=204 time=1.006 s | package=128.157 J | dram=NA | total=128.157 J | power=127.4 W | runtime=in_range | checksum=OK
  relative_error=2.1e-08
[REDUCTION] N=64000000 threads=20 rep=3 batches=204 time=1.004 s | package=127.934 J | dram=NA | total=127.934 J | power=127.4 W | runtime=in_range | checksum=OK
  relative_error=2.1e-08
[REDUCTION] N=64000000 threads=20 rep=4 batches=204 time=1.002 s | package=127.550 J | dram=NA | total=127.550 J | power=127.3 W | runtime=in_range | checksum=OK
  relative_error=2.1e-08
[REDUCTION] N=64000000 threads=20 rep=5 batches=204 time=1.002 s | package=127.347 J | dram=NA | total=127.347 J | power=127.0 W | runtime=in_range | checksum=OK
  relative_error=2.1e-08
[REDUCTION] N=64000000 threads=20 rep=6 batches=204 time=1.002 s | package=127.507 J | dram=NA | total=127.507 J | power=127.3 W | runtime=in_range | checksum=OK
  relative_error=2.1e-08
[REDUCTION] N=64000000 threads=20 rep=7 batches=204 time=1.007 s | package=128.351 J | dram=NA | total=128.351 J | power=127.5 W | runtime=in_range | checksum=OK
  relative_error=2.1e-08
[REDUCTION] N=64000000 threads=20 rep=8 batches=204 time=1.008 s | package=127.785 J | dram=NA | total=127.785 J | power=126.8 W | runtime=in_range | checksum=OK
  relative_error=2.1e-08
[REDUCTION] N=64000000 threads=20 rep=9 batches=204 time=1.002 s | package=128.150 J | dram=NA | total=128.150 J | power=127.9 W | runtime=in_range | checksum=OK
  relative_error=2.1e-08
[REDUCTION] N=64000000 threads=20 rep=10 batches=204 time=1.002 s | package=127.764 J | dram=NA | total=127.764 J | power=127.4 W | runtime=in_range | checksum=OK
  relative_error=2.1e-08
[REDUCTION] N=1000000 threads=10 rep=1 batches=34898 time=1.009 s | package=109.476 J | dram=NA | total=109.476 J | power=108.5 W | runtime=in_range | checksum=OK
  relative_error=1.4e-07
[REDUCTION] N=1000000 threads=10 rep=2 batches=34898 time=1.023 s | package=110.952 J | dram=NA | total=110.952 J | power=108.4 W | runtime=in_range | checksum=OK
  relative_error=1.4e-07
[REDUCTION] N=1000000 threads=10 rep=3 batches=34898 time=1.026 s | package=110.944 J | dram=NA | total=110.944 J | power=108.1 W | runtime=in_range | checksum=OK
  relative_error=1.4e-07
[REDUCTION] N=1000000 threads=10 rep=4 batches=34898 time=1.012 s | package=109.684 J | dram=NA | total=109.684 J | power=108.3 W | runtime=in_range | checksum=OK
  relative_error=1.4e-07
[REDUCTION] N=1000000 threads=10 rep=5 batches=34898 time=1.003 s | package=108.111 J | dram=NA | total=108.111 J | power=107.8 W | runtime=in_range | checksum=OK
  relative_error=1.4e-07
[REDUCTION] N=1000000 threads=10 rep=6 batches=34898 time=1.006 s | package=108.363 J | dram=NA | total=108.363 J | power=107.7 W | runtime=in_range | checksum=OK
  relative_error=1.4e-07
[REDUCTION] N=1000000 threads=10 rep=7 batches=34898 time=1.018 s | package=109.600 J | dram=NA | total=109.600 J | power=107.7 W | runtime=in_range | checksum=OK
  relative_error=1.4e-07
[REDUCTION] N=1000000 threads=10 rep=8 batches=34898 time=1.019 s | package=109.765 J | dram=NA | total=109.765 J | power=107.8 W | runtime=in_range | checksum=OK
  relative_error=1.4e-07
[REDUCTION] N=1000000 threads=10 rep=9 batches=34898 time=1.017 s | package=111.025 J | dram=NA | total=111.025 J | power=109.2 W | runtime=in_range | checksum=OK
  relative_error=1.4e-07
[REDUCTION] N=1000000 threads=10 rep=10 batches=34898 time=1.022 s | package=111.602 J | dram=NA | total=111.602 J | power=109.2 W | runtime=in_range | checksum=OK
  relative_error=1.4e-07
[REDUCTION] N=32000000 threads=16 rep=1 batches=1465 time=1.002 s | package=141.248 J | dram=NA | total=141.248 J | power=141.0 W | runtime=in_range | checksum=OK
  relative_error=3.4e-08
[REDUCTION] N=32000000 threads=16 rep=2 batches=1465 time=1.014 s | package=142.539 J | dram=NA | total=142.539 J | power=140.6 W | runtime=in_range | checksum=OK
  relative_error=3.4e-08
[REDUCTION] N=32000000 threads=16 rep=3 batches=1465 time=1.024 s | package=143.437 J | dram=NA | total=143.437 J | power=140.1 W | runtime=in_range | checksum=OK
  relative_error=3.4e-08
[REDUCTION] N=32000000 threads=16 rep=4 batches=1465 time=1.020 s | package=143.255 J | dram=NA | total=143.255 J | power=140.4 W | runtime=in_range | checksum=OK
  relative_error=3.4e-08
[REDUCTION] N=32000000 threads=16 rep=5 batches=1465 time=1.020 s | package=143.357 J | dram=NA | total=143.357 J | power=140.5 W | runtime=in_range | checksum=OK
  relative_error=3.4e-08
[REDUCTION] N=32000000 threads=16 rep=6 batches=1465 time=1.005 s | package=142.011 J | dram=NA | total=142.011 J | power=141.4 W | runtime=in_range | checksum=OK
  relative_error=3.4e-08
[REDUCTION] N=32000000 threads=16 rep=7 batches=1465 time=1.004 s | package=141.924 J | dram=NA | total=141.924 J | power=141.3 W | runtime=in_range | checksum=OK
  relative_error=3.4e-08
[REDUCTION] N=32000000 threads=16 rep=8 batches=1465 time=1.016 s | package=142.854 J | dram=NA | total=142.854 J | power=140.7 W | runtime=in_range | checksum=OK
  relative_error=3.4e-08
[REDUCTION] N=32000000 threads=16 rep=9 batches=1465 time=1.004 s | package=141.944 J | dram=NA | total=141.944 J | power=141.4 W | runtime=in_range | checksum=OK
  relative_error=3.4e-08
[REDUCTION] N=32000000 threads=16 rep=10 batches=1465 time=1.003 s | package=141.709 J | dram=NA | total=141.709 J | power=141.3 W | runtime=in_range | checksum=OK
  relative_error=3.4e-08
[REDUCTION] N=32000000 threads=8 rep=1 batches=1085 time=0.998 s | package=123.018 J | dram=NA | total=123.018 J | power=123.2 W | runtime=in_range | checksum=OK
  relative_error=3.4e-08
[REDUCTION] N=32000000 threads=8 rep=2 batches=1085 time=1.014 s | package=124.300 J | dram=NA | total=124.300 J | power=122.6 W | runtime=in_range | checksum=OK
  relative_error=3.4e-08
[REDUCTION] N=32000000 threads=8 rep=3 batches=1085 time=0.998 s | package=121.872 J | dram=NA | total=121.872 J | power=122.1 W | runtime=in_range | checksum=OK
  relative_error=3.4e-08
[REDUCTION] N=32000000 threads=8 rep=4 batches=1085 time=1.012 s | package=123.224 J | dram=NA | total=123.224 J | power=121.8 W | runtime=in_range | checksum=OK
  relative_error=3.4e-08
[REDUCTION] N=32000000 threads=8 rep=5 batches=1085 time=1.015 s | package=123.318 J | dram=NA | total=123.318 J | power=121.5 W | runtime=in_range | checksum=OK
  relative_error=3.4e-08
[REDUCTION] N=32000000 threads=8 rep=6 batches=1085 time=1.025 s | package=124.482 J | dram=NA | total=124.482 J | power=121.4 W | runtime=in_range | checksum=OK
  relative_error=3.4e-08
[REDUCTION] N=32000000 threads=8 rep=7 batches=1085 time=1.012 s | package=123.281 J | dram=NA | total=123.281 J | power=121.9 W | runtime=in_range | checksum=OK
  relative_error=3.4e-08
[REDUCTION] N=32000000 threads=8 rep=8 batches=1085 time=1.012 s | package=123.217 J | dram=NA | total=123.217 J | power=121.7 W | runtime=in_range | checksum=OK
  relative_error=3.4e-08
[REDUCTION] N=32000000 threads=8 rep=9 batches=1085 time=1.007 s | package=122.832 J | dram=NA | total=122.832 J | power=122.0 W | runtime=in_range | checksum=OK
  relative_error=3.4e-08
[REDUCTION] N=32000000 threads=8 rep=10 batches=1085 time=1.004 s | package=122.623 J | dram=NA | total=122.623 J | power=122.2 W | runtime=in_range | checksum=OK
  relative_error=3.4e-08
[REDUCTION] N=16000000 threads=32 rep=1 batches=10263 time=1.007 s | package=230.212 J | dram=NA | total=230.212 J | power=228.5 W | runtime=in_range | checksum=OK
  relative_error=4.0e-08
[REDUCTION] N=16000000 threads=32 rep=2 batches=10263 time=1.024 s | package=231.486 J | dram=NA | total=231.486 J | power=226.1 W | runtime=in_range | checksum=OK
  relative_error=4.0e-08
[REDUCTION] N=16000000 threads=32 rep=3 batches=10263 time=1.018 s | package=231.348 J | dram=NA | total=231.348 J | power=227.2 W | runtime=in_range | checksum=OK
  relative_error=4.0e-08
[REDUCTION] N=16000000 threads=32 rep=4 batches=10263 time=1.023 s | package=232.197 J | dram=NA | total=232.197 J | power=227.0 W | runtime=in_range | checksum=OK
  relative_error=4.0e-08
[REDUCTION] N=16000000 threads=32 rep=5 batches=10263 time=1.038 s | package=233.992 J | dram=NA | total=233.992 J | power=225.4 W | runtime=in_range | checksum=OK
  relative_error=4.0e-08
[REDUCTION] N=16000000 threads=32 rep=6 batches=10263 time=1.029 s | package=232.937 J | dram=NA | total=232.937 J | power=226.4 W | runtime=in_range | checksum=OK
  relative_error=4.0e-08
[REDUCTION] N=16000000 threads=32 rep=7 batches=10263 time=1.042 s | package=234.811 J | dram=NA | total=234.811 J | power=225.4 W | runtime=in_range | checksum=OK
  relative_error=4.0e-08
[REDUCTION] N=16000000 threads=32 rep=8 batches=10263 time=1.024 s | package=232.553 J | dram=NA | total=232.553 J | power=227.1 W | runtime=in_range | checksum=OK
  relative_error=4.0e-08
[REDUCTION] N=16000000 threads=32 rep=9 batches=10263 time=1.035 s | package=234.133 J | dram=NA | total=234.133 J | power=226.1 W | runtime=in_range | checksum=OK
  relative_error=4.0e-08
[REDUCTION] N=16000000 threads=32 rep=10 batches=10263 time=1.022 s | package=232.590 J | dram=NA | total=232.590 J | power=227.7 W | runtime=in_range | checksum=OK
  relative_error=4.0e-08
[REDUCTION] N=128000000 threads=2 rep=1 batches=63 time=1.006 s | package=83.689 J | dram=NA | total=83.689 J | power=83.2 W | runtime=in_range | checksum=OK
  relative_error=3.9e-09
[REDUCTION] N=128000000 threads=2 rep=2 batches=63 time=1.023 s | package=84.270 J | dram=NA | total=84.270 J | power=82.4 W | runtime=in_range | checksum=OK
  relative_error=3.9e-09
[REDUCTION] N=128000000 threads=2 rep=3 batches=63 time=1.021 s | package=83.755 J | dram=NA | total=83.755 J | power=82.0 W | runtime=in_range | checksum=OK
  relative_error=3.9e-09
[REDUCTION] N=128000000 threads=2 rep=4 batches=63 time=1.015 s | package=83.160 J | dram=NA | total=83.160 J | power=81.9 W | runtime=in_range | checksum=OK
  relative_error=3.9e-09
[REDUCTION] N=128000000 threads=2 rep=5 batches=63 time=1.017 s | package=83.189 J | dram=NA | total=83.189 J | power=81.8 W | runtime=in_range | checksum=OK
  relative_error=3.9e-09
[REDUCTION] N=128000000 threads=2 rep=6 batches=63 time=1.020 s | package=83.206 J | dram=NA | total=83.206 J | power=81.6 W | runtime=in_range | checksum=OK
  relative_error=3.9e-09
[REDUCTION] N=128000000 threads=2 rep=7 batches=63 time=1.017 s | package=82.933 J | dram=NA | total=82.933 J | power=81.6 W | runtime=in_range | checksum=OK
  relative_error=3.9e-09
[REDUCTION] N=128000000 threads=2 rep=8 batches=63 time=1.016 s | package=82.918 J | dram=NA | total=82.918 J | power=81.6 W | runtime=in_range | checksum=OK
  relative_error=3.9e-09
[REDUCTION] N=128000000 threads=2 rep=9 batches=63 time=1.017 s | package=82.983 J | dram=NA | total=82.983 J | power=81.6 W | runtime=in_range | checksum=OK
  relative_error=3.9e-09
[REDUCTION] N=128000000 threads=2 rep=10 batches=63 time=1.008 s | package=82.289 J | dram=NA | total=82.289 J | power=81.7 W | runtime=in_range | checksum=OK
  relative_error=3.9e-09
[REDUCTION] N=8000000 threads=16 rep=1 batches=13678 time=1.021 s | package=170.676 J | dram=NA | total=170.676 J | power=167.2 W | runtime=in_range | checksum=OK
  relative_error=1.6e-07
[REDUCTION] N=8000000 threads=16 rep=2 batches=13678 time=1.034 s | package=172.725 J | dram=NA | total=172.725 J | power=167.1 W | runtime=in_range | checksum=OK
  relative_error=1.6e-07
[REDUCTION] N=8000000 threads=16 rep=3 batches=13678 time=1.032 s | package=171.824 J | dram=NA | total=171.824 J | power=166.4 W | runtime=in_range | checksum=OK
  relative_error=1.6e-07
[REDUCTION] N=8000000 threads=16 rep=4 batches=13678 time=1.037 s | package=172.203 J | dram=NA | total=172.203 J | power=166.0 W | runtime=in_range | checksum=OK
  relative_error=1.6e-07
[REDUCTION] N=8000000 threads=16 rep=5 batches=13678 time=1.047 s | package=172.967 J | dram=NA | total=172.967 J | power=165.2 W | runtime=in_range | checksum=OK
  relative_error=1.6e-07
[REDUCTION] N=8000000 threads=16 rep=6 batches=13678 time=1.045 s | package=172.934 J | dram=NA | total=172.934 J | power=165.5 W | runtime=in_range | checksum=OK
  relative_error=1.6e-07
[REDUCTION] N=8000000 threads=16 rep=7 batches=13678 time=1.046 s | package=173.373 J | dram=NA | total=173.373 J | power=165.7 W | runtime=in_range | checksum=OK
  relative_error=1.6e-07
[REDUCTION] N=8000000 threads=16 rep=8 batches=13678 time=1.019 s | package=170.804 J | dram=NA | total=170.804 J | power=167.7 W | runtime=in_range | checksum=OK
  relative_error=1.6e-07
[REDUCTION] N=8000000 threads=16 rep=9 batches=13678 time=1.037 s | package=172.296 J | dram=NA | total=172.296 J | power=166.1 W | runtime=in_range | checksum=OK
  relative_error=1.6e-07
[REDUCTION] N=8000000 threads=16 rep=10 batches=13678 time=1.037 s | package=171.882 J | dram=NA | total=171.882 J | power=165.8 W | runtime=in_range | checksum=OK
  relative_error=1.6e-07
[REDUCTION] N=128000000 threads=32 rep=1 batches=107 time=1.009 s | package=144.462 J | dram=NA | total=144.462 J | power=143.2 W | runtime=in_range | checksum=OK
  relative_error=3.9e-09
[REDUCTION] N=128000000 threads=32 rep=2 batches=107 time=1.010 s | package=144.523 J | dram=NA | total=144.523 J | power=143.1 W | runtime=in_range | checksum=OK
  relative_error=3.9e-09
[REDUCTION] N=128000000 threads=32 rep=3 batches=107 time=1.012 s | package=144.766 J | dram=NA | total=144.766 J | power=143.1 W | runtime=in_range | checksum=OK
  relative_error=3.9e-09
[REDUCTION] N=128000000 threads=32 rep=4 batches=107 time=1.011 s | package=145.213 J | dram=NA | total=145.213 J | power=143.6 W | runtime=in_range | checksum=OK
  relative_error=3.9e-09
[REDUCTION] N=128000000 threads=32 rep=5 batches=107 time=1.011 s | package=144.496 J | dram=NA | total=144.496 J | power=143.0 W | runtime=in_range | checksum=OK
  relative_error=3.9e-09
[REDUCTION] N=128000000 threads=32 rep=6 batches=107 time=1.012 s | package=144.746 J | dram=NA | total=144.746 J | power=143.0 W | runtime=in_range | checksum=OK
  relative_error=3.9e-09
[REDUCTION] N=128000000 threads=32 rep=7 batches=107 time=1.011 s | package=144.693 J | dram=NA | total=144.693 J | power=143.1 W | runtime=in_range | checksum=OK
  relative_error=3.9e-09
[REDUCTION] N=128000000 threads=32 rep=8 batches=107 time=1.016 s | package=145.537 J | dram=NA | total=145.537 J | power=143.3 W | runtime=in_range | checksum=OK
  relative_error=3.9e-09
[REDUCTION] N=128000000 threads=32 rep=9 batches=107 time=1.011 s | package=144.632 J | dram=NA | total=144.632 J | power=143.1 W | runtime=in_range | checksum=OK
  relative_error=3.9e-09
[REDUCTION] N=128000000 threads=32 rep=10 batches=107 time=1.011 s | package=145.193 J | dram=NA | total=145.193 J | power=143.6 W | runtime=in_range | checksum=OK
  relative_error=3.9e-09
[REDUCTION] N=1000000 threads=20 rep=1 batches=27971 time=1.013 s | package=129.991 J | dram=NA | total=129.991 J | power=128.4 W | runtime=in_range | checksum=OK
  relative_error=1.4e-07
[REDUCTION] N=1000000 threads=20 rep=2 batches=27971 time=1.028 s | package=131.907 J | dram=NA | total=131.907 J | power=128.3 W | runtime=in_range | checksum=OK
  relative_error=1.4e-07
[REDUCTION] N=1000000 threads=20 rep=3 batches=27971 time=1.034 s | package=130.982 J | dram=NA | total=130.982 J | power=126.7 W | runtime=in_range | checksum=OK
  relative_error=1.4e-07
[REDUCTION] N=1000000 threads=20 rep=4 batches=27971 time=1.038 s | package=131.448 J | dram=NA | total=131.448 J | power=126.7 W | runtime=in_range | checksum=OK
  relative_error=1.4e-07
[REDUCTION] N=1000000 threads=20 rep=5 batches=27971 time=1.032 s | package=130.556 J | dram=NA | total=130.556 J | power=126.6 W | runtime=in_range | checksum=OK
  relative_error=1.4e-07
[REDUCTION] N=1000000 threads=20 rep=6 batches=27971 time=1.030 s | package=130.821 J | dram=NA | total=130.821 J | power=127.0 W | runtime=in_range | checksum=OK
  relative_error=1.4e-07
[REDUCTION] N=1000000 threads=20 rep=7 batches=27971 time=1.026 s | package=129.425 J | dram=NA | total=129.425 J | power=126.1 W | runtime=in_range | checksum=OK
  relative_error=1.4e-07
[REDUCTION] N=1000000 threads=20 rep=8 batches=27971 time=1.018 s | package=129.159 J | dram=NA | total=129.159 J | power=126.9 W | runtime=in_range | checksum=OK
  relative_error=1.4e-07
[REDUCTION] N=1000000 threads=20 rep=9 batches=27971 time=1.033 s | package=131.428 J | dram=NA | total=131.428 J | power=127.3 W | runtime=in_range | checksum=OK
  relative_error=1.4e-07
[REDUCTION] N=1000000 threads=20 rep=10 batches=27971 time=1.039 s | package=131.558 J | dram=NA | total=131.558 J | power=126.6 W | runtime=in_range | checksum=OK
  relative_error=1.4e-07
[REDUCTION] N=8000000 threads=1 rep=1 batches=595 time=1.002 s | package=70.341 J | dram=NA | total=70.341 J | power=70.2 W | runtime=in_range | checksum=OK
  relative_error=1.6e-07
[REDUCTION] N=8000000 threads=1 rep=2 batches=595 time=1.013 s | package=70.899 J | dram=NA | total=70.899 J | power=70.0 W | runtime=in_range | checksum=OK
  relative_error=1.6e-07
[REDUCTION] N=8000000 threads=1 rep=3 batches=595 time=1.019 s | package=73.061 J | dram=NA | total=73.061 J | power=71.7 W | runtime=in_range | checksum=OK
  relative_error=1.6e-07
[REDUCTION] N=8000000 threads=1 rep=4 batches=595 time=1.012 s | package=72.125 J | dram=NA | total=72.125 J | power=71.3 W | runtime=in_range | checksum=OK
  relative_error=1.6e-07
[REDUCTION] N=8000000 threads=1 rep=5 batches=595 time=1.011 s | package=72.324 J | dram=NA | total=72.324 J | power=71.5 W | runtime=in_range | checksum=OK
  relative_error=1.6e-07
[REDUCTION] N=8000000 threads=1 rep=6 batches=595 time=1.016 s | package=72.367 J | dram=NA | total=72.367 J | power=71.2 W | runtime=in_range | checksum=OK
  relative_error=1.6e-07
[REDUCTION] N=8000000 threads=1 rep=7 batches=595 time=1.010 s | package=72.002 J | dram=NA | total=72.002 J | power=71.3 W | runtime=in_range | checksum=OK
  relative_error=1.6e-07
[REDUCTION] N=8000000 threads=1 rep=8 batches=595 time=1.014 s | package=72.247 J | dram=NA | total=72.247 J | power=71.3 W | runtime=in_range | checksum=OK
  relative_error=1.6e-07
[REDUCTION] N=8000000 threads=1 rep=9 batches=595 time=1.013 s | package=72.255 J | dram=NA | total=72.255 J | power=71.3 W | runtime=in_range | checksum=OK
  relative_error=1.6e-07
[REDUCTION] N=8000000 threads=1 rep=10 batches=595 time=1.014 s | package=72.735 J | dram=NA | total=72.735 J | power=71.7 W | runtime=in_range | checksum=OK
  relative_error=1.6e-07
[REDUCTION] N=1000000 threads=16 rep=1 batches=33006 time=1.016 s | package=121.071 J | dram=NA | total=121.071 J | power=119.1 W | runtime=in_range | checksum=OK
  relative_error=1.4e-07
[REDUCTION] N=1000000 threads=16 rep=2 batches=33006 time=1.034 s | package=123.361 J | dram=NA | total=123.361 J | power=119.3 W | runtime=in_range | checksum=OK
  relative_error=1.4e-07
[REDUCTION] N=1000000 threads=16 rep=3 batches=33006 time=1.043 s | package=124.244 J | dram=NA | total=124.244 J | power=119.1 W | runtime=in_range | checksum=OK
  relative_error=1.4e-07
[REDUCTION] N=1000000 threads=16 rep=4 batches=33006 time=1.033 s | package=122.608 J | dram=NA | total=122.608 J | power=118.7 W | runtime=in_range | checksum=OK
  relative_error=1.4e-07
[REDUCTION] N=1000000 threads=16 rep=5 batches=33006 time=1.044 s | package=124.108 J | dram=NA | total=124.108 J | power=118.9 W | runtime=in_range | checksum=OK
  relative_error=1.4e-07
[REDUCTION] N=1000000 threads=16 rep=6 batches=33006 time=1.041 s | package=123.590 J | dram=NA | total=123.590 J | power=118.7 W | runtime=in_range | checksum=OK
  relative_error=1.4e-07
[REDUCTION] N=1000000 threads=16 rep=7 batches=33006 time=1.026 s | package=122.106 J | dram=NA | total=122.106 J | power=119.0 W | runtime=in_range | checksum=OK
  relative_error=1.4e-07
[REDUCTION] N=1000000 threads=16 rep=8 batches=33006 time=1.050 s | package=124.676 J | dram=NA | total=124.676 J | power=118.8 W | runtime=in_range | checksum=OK
  relative_error=1.4e-07
[REDUCTION] N=1000000 threads=16 rep=9 batches=33006 time=1.065 s | package=126.058 J | dram=NA | total=126.058 J | power=118.4 W | runtime=in_range | checksum=OK
  relative_error=1.4e-07
[REDUCTION] N=1000000 threads=16 rep=10 batches=33006 time=1.072 s | package=126.873 J | dram=NA | total=126.873 J | power=118.4 W | runtime=in_range | checksum=OK
  relative_error=1.4e-07
[REDUCTION] N=16000000 threads=20 rep=1 batches=8175 time=0.987 s | package=186.956 J | dram=NA | total=186.956 J | power=189.4 W | runtime=in_range | checksum=OK
  relative_error=4.0e-08
[REDUCTION] N=16000000 threads=20 rep=2 batches=8175 time=1.001 s | package=189.115 J | dram=NA | total=189.115 J | power=188.8 W | runtime=in_range | checksum=OK
  relative_error=4.0e-08
[REDUCTION] N=16000000 threads=20 rep=3 batches=8175 time=1.009 s | package=189.087 J | dram=NA | total=189.087 J | power=187.5 W | runtime=in_range | checksum=OK
  relative_error=4.0e-08
[REDUCTION] N=16000000 threads=20 rep=4 batches=8175 time=1.027 s | package=190.916 J | dram=NA | total=190.916 J | power=185.9 W | runtime=in_range | checksum=OK
  relative_error=4.0e-08
[REDUCTION] N=16000000 threads=20 rep=5 batches=8175 time=1.027 s | package=191.104 J | dram=NA | total=191.104 J | power=186.1 W | runtime=in_range | checksum=OK
  relative_error=4.0e-08
[REDUCTION] N=16000000 threads=20 rep=6 batches=8175 time=1.010 s | package=190.028 J | dram=NA | total=190.028 J | power=188.2 W | runtime=in_range | checksum=OK
  relative_error=4.0e-08
[REDUCTION] N=16000000 threads=20 rep=7 batches=8175 time=1.013 s | package=190.173 J | dram=NA | total=190.173 J | power=187.7 W | runtime=in_range | checksum=OK
  relative_error=4.0e-08
[REDUCTION] N=16000000 threads=20 rep=8 batches=8175 time=1.005 s | package=189.000 J | dram=NA | total=189.000 J | power=188.0 W | runtime=in_range | checksum=OK
  relative_error=4.0e-08
[REDUCTION] N=16000000 threads=20 rep=9 batches=8175 time=1.008 s | package=189.132 J | dram=NA | total=189.132 J | power=187.6 W | runtime=in_range | checksum=OK
  relative_error=4.0e-08
[REDUCTION] N=16000000 threads=20 rep=10 batches=8175 time=1.021 s | package=190.386 J | dram=NA | total=190.386 J | power=186.5 W | runtime=in_range | checksum=OK
  relative_error=4.0e-08
[REDUCTION] N=2000000 threads=8 rep=1 batches=24903 time=1.012 s | package=114.618 J | dram=NA | total=114.618 J | power=113.3 W | runtime=in_range | checksum=OK
  relative_error=5.8e-08
[REDUCTION] N=2000000 threads=8 rep=2 batches=24903 time=1.032 s | package=117.640 J | dram=NA | total=117.640 J | power=114.0 W | runtime=in_range | checksum=OK
  relative_error=5.8e-08
[REDUCTION] N=2000000 threads=8 rep=3 batches=24903 time=1.016 s | package=115.632 J | dram=NA | total=115.632 J | power=113.8 W | runtime=in_range | checksum=OK
  relative_error=5.8e-08
[REDUCTION] N=2000000 threads=8 rep=4 batches=24903 time=1.018 s | package=116.318 J | dram=NA | total=116.318 J | power=114.3 W | runtime=in_range | checksum=OK
  relative_error=5.8e-08
[REDUCTION] N=2000000 threads=8 rep=5 batches=24903 time=1.013 s | package=115.715 J | dram=NA | total=115.715 J | power=114.2 W | runtime=in_range | checksum=OK
  relative_error=5.8e-08
[REDUCTION] N=2000000 threads=8 rep=6 batches=24903 time=1.018 s | package=116.414 J | dram=NA | total=116.414 J | power=114.4 W | runtime=in_range | checksum=OK
  relative_error=5.8e-08
[REDUCTION] N=2000000 threads=8 rep=7 batches=24903 time=1.017 s | package=115.876 J | dram=NA | total=115.876 J | power=113.9 W | runtime=in_range | checksum=OK
  relative_error=5.8e-08
[REDUCTION] N=2000000 threads=8 rep=8 batches=24903 time=1.024 s | package=116.250 J | dram=NA | total=116.250 J | power=113.5 W | runtime=in_range | checksum=OK
  relative_error=5.8e-08
[REDUCTION] N=2000000 threads=8 rep=9 batches=24903 time=1.030 s | package=117.170 J | dram=NA | total=117.170 J | power=113.8 W | runtime=in_range | checksum=OK
  relative_error=5.8e-08
[REDUCTION] N=2000000 threads=8 rep=10 batches=24903 time=1.021 s | package=116.526 J | dram=NA | total=116.526 J | power=114.1 W | runtime=in_range | checksum=OK
  relative_error=5.8e-08
[REDUCTION] N=16000000 threads=2 rep=1 batches=502 time=0.998 s | package=78.296 J | dram=NA | total=78.296 J | power=78.4 W | runtime=in_range | checksum=OK
  relative_error=4.0e-08
[REDUCTION] N=16000000 threads=2 rep=2 batches=502 time=1.014 s | package=79.445 J | dram=NA | total=79.445 J | power=78.3 W | runtime=in_range | checksum=OK
  relative_error=4.0e-08
[REDUCTION] N=16000000 threads=2 rep=3 batches=502 time=1.012 s | package=79.293 J | dram=NA | total=79.293 J | power=78.4 W | runtime=in_range | checksum=OK
  relative_error=4.0e-08
[REDUCTION] N=16000000 threads=2 rep=4 batches=502 time=1.012 s | package=79.334 J | dram=NA | total=79.334 J | power=78.4 W | runtime=in_range | checksum=OK
  relative_error=4.0e-08
[REDUCTION] N=16000000 threads=2 rep=5 batches=502 time=1.017 s | package=80.093 J | dram=NA | total=80.093 J | power=78.8 W | runtime=in_range | checksum=OK
  relative_error=4.0e-08
[REDUCTION] N=16000000 threads=2 rep=6 batches=502 time=1.008 s | package=78.900 J | dram=NA | total=78.900 J | power=78.2 W | runtime=in_range | checksum=OK
  relative_error=4.0e-08
[REDUCTION] N=16000000 threads=2 rep=7 batches=502 time=1.013 s | package=79.777 J | dram=NA | total=79.777 J | power=78.8 W | runtime=in_range | checksum=OK
  relative_error=4.0e-08
[REDUCTION] N=16000000 threads=2 rep=8 batches=502 time=1.017 s | package=81.869 J | dram=NA | total=81.869 J | power=80.5 W | runtime=in_range | checksum=OK
  relative_error=4.0e-08
[REDUCTION] N=16000000 threads=2 rep=9 batches=502 time=1.011 s | package=81.231 J | dram=NA | total=81.231 J | power=80.3 W | runtime=in_range | checksum=OK
  relative_error=4.0e-08
[REDUCTION] N=16000000 threads=2 rep=10 batches=502 time=1.014 s | package=81.501 J | dram=NA | total=81.501 J | power=80.4 W | runtime=in_range | checksum=OK
  relative_error=4.0e-08
[REDUCTION] N=1000000 threads=1 rep=1 batches=11507 time=1.000 s | package=67.548 J | dram=NA | total=67.548 J | power=67.6 W | runtime=in_range | checksum=OK
  relative_error=1.4e-07
[REDUCTION] N=1000000 threads=1 rep=2 batches=11507 time=1.012 s | package=68.472 J | dram=NA | total=68.472 J | power=67.7 W | runtime=in_range | checksum=OK
  relative_error=1.4e-07
[REDUCTION] N=1000000 threads=1 rep=3 batches=11507 time=1.012 s | package=68.784 J | dram=NA | total=68.784 J | power=68.0 W | runtime=in_range | checksum=OK
  relative_error=1.4e-07
[REDUCTION] N=1000000 threads=1 rep=4 batches=11507 time=1.012 s | package=68.893 J | dram=NA | total=68.893 J | power=68.1 W | runtime=in_range | checksum=OK
  relative_error=1.4e-07
[REDUCTION] N=1000000 threads=1 rep=5 batches=11507 time=1.012 s | package=68.894 J | dram=NA | total=68.894 J | power=68.1 W | runtime=in_range | checksum=OK
  relative_error=1.4e-07
[REDUCTION] N=1000000 threads=1 rep=6 batches=11507 time=1.009 s | package=68.490 J | dram=NA | total=68.490 J | power=67.9 W | runtime=in_range | checksum=OK
  relative_error=1.4e-07
[REDUCTION] N=1000000 threads=1 rep=7 batches=11507 time=1.010 s | package=69.075 J | dram=NA | total=69.075 J | power=68.4 W | runtime=in_range | checksum=OK
  relative_error=1.4e-07
[REDUCTION] N=1000000 threads=1 rep=8 batches=11507 time=1.012 s | package=69.079 J | dram=NA | total=69.079 J | power=68.3 W | runtime=in_range | checksum=OK
  relative_error=1.4e-07
[REDUCTION] N=1000000 threads=1 rep=9 batches=11507 time=1.014 s | package=69.848 J | dram=NA | total=69.848 J | power=68.9 W | runtime=in_range | checksum=OK
  relative_error=1.4e-07
[REDUCTION] N=1000000 threads=1 rep=10 batches=11507 time=1.009 s | package=68.907 J | dram=NA | total=68.907 J | power=68.3 W | runtime=in_range | checksum=OK
  relative_error=1.4e-07
[REDUCTION] N=4000000 threads=20 rep=1 batches=19920 time=1.007 s | package=158.253 J | dram=NA | total=158.253 J | power=157.1 W | runtime=in_range | checksum=OK
  relative_error=4.5e-08
[REDUCTION] N=4000000 threads=20 rep=2 batches=19920 time=1.018 s | package=159.370 J | dram=NA | total=159.370 J | power=156.5 W | runtime=in_range | checksum=OK
  relative_error=4.5e-08
[REDUCTION] N=4000000 threads=20 rep=3 batches=19920 time=1.039 s | package=161.417 J | dram=NA | total=161.417 J | power=155.4 W | runtime=in_range | checksum=OK
  relative_error=4.5e-08
[REDUCTION] N=4000000 threads=20 rep=4 batches=19920 time=1.041 s | package=161.361 J | dram=NA | total=161.361 J | power=155.0 W | runtime=in_range | checksum=OK
  relative_error=4.5e-08
[REDUCTION] N=4000000 threads=20 rep=5 batches=19920 time=1.044 s | package=161.715 J | dram=NA | total=161.715 J | power=154.8 W | runtime=in_range | checksum=OK
  relative_error=4.5e-08
[REDUCTION] N=4000000 threads=20 rep=6 batches=19920 time=1.044 s | package=162.106 J | dram=NA | total=162.106 J | power=155.3 W | runtime=in_range | checksum=OK
  relative_error=4.5e-08
[REDUCTION] N=4000000 threads=20 rep=7 batches=19920 time=1.045 s | package=162.548 J | dram=NA | total=162.548 J | power=155.5 W | runtime=in_range | checksum=OK
  relative_error=4.5e-08
[REDUCTION] N=4000000 threads=20 rep=8 batches=19920 time=1.031 s | package=161.200 J | dram=NA | total=161.200 J | power=156.4 W | runtime=in_range | checksum=OK
  relative_error=4.5e-08
[REDUCTION] N=4000000 threads=20 rep=9 batches=19920 time=1.035 s | package=162.226 J | dram=NA | total=162.226 J | power=156.8 W | runtime=in_range | checksum=OK
  relative_error=4.5e-08
[REDUCTION] N=4000000 threads=20 rep=10 batches=19920 time=1.048 s | package=162.644 J | dram=NA | total=162.644 J | power=155.2 W | runtime=in_range | checksum=OK
  relative_error=4.5e-08
[REDUCTION] N=32000000 threads=10 rep=1 batches=881 time=1.002 s | package=121.155 J | dram=NA | total=121.155 J | power=120.9 W | runtime=in_range | checksum=OK
  relative_error=3.4e-08
[REDUCTION] N=32000000 threads=10 rep=2 batches=881 time=1.018 s | package=122.218 J | dram=NA | total=122.218 J | power=120.1 W | runtime=in_range | checksum=OK
  relative_error=3.4e-08
[REDUCTION] N=32000000 threads=10 rep=3 batches=881 time=1.003 s | package=120.889 J | dram=NA | total=120.889 J | power=120.6 W | runtime=in_range | checksum=OK
  relative_error=3.4e-08
[REDUCTION] N=32000000 threads=10 rep=4 batches=881 time=1.006 s | package=121.050 J | dram=NA | total=121.050 J | power=120.3 W | runtime=in_range | checksum=OK
  relative_error=3.4e-08
[REDUCTION] N=32000000 threads=10 rep=5 batches=881 time=1.023 s | package=121.482 J | dram=NA | total=121.482 J | power=118.8 W | runtime=in_range | checksum=OK
  relative_error=3.4e-08
[REDUCTION] N=32000000 threads=10 rep=6 batches=881 time=1.021 s | package=120.998 J | dram=NA | total=120.998 J | power=118.5 W | runtime=in_range | checksum=OK
  relative_error=3.4e-08
[REDUCTION] N=32000000 threads=10 rep=7 batches=881 time=1.013 s | package=118.558 J | dram=NA | total=118.558 J | power=117.1 W | runtime=in_range | checksum=OK
  relative_error=3.4e-08
[REDUCTION] N=32000000 threads=10 rep=8 batches=881 time=1.017 s | package=118.796 J | dram=NA | total=118.796 J | power=116.8 W | runtime=in_range | checksum=OK
  relative_error=3.4e-08
[REDUCTION] N=32000000 threads=10 rep=9 batches=881 time=1.021 s | package=119.126 J | dram=NA | total=119.126 J | power=116.7 W | runtime=in_range | checksum=OK
  relative_error=3.4e-08
[REDUCTION] N=32000000 threads=10 rep=10 batches=881 time=1.020 s | package=119.037 J | dram=NA | total=119.037 J | power=116.7 W | runtime=in_range | checksum=OK
  relative_error=3.4e-08
[REDUCTION] N=256000000 threads=16 rep=1 batches=55 time=1.004 s | package=121.750 J | dram=NA | total=121.750 J | power=121.2 W | runtime=in_range | checksum=OK
  relative_error=3.5e-09
[REDUCTION] N=256000000 threads=16 rep=2 batches=55 time=1.007 s | package=122.092 J | dram=NA | total=122.092 J | power=121.2 W | runtime=in_range | checksum=OK
  relative_error=3.5e-09
[REDUCTION] N=256000000 threads=16 rep=3 batches=55 time=1.014 s | package=122.553 J | dram=NA | total=122.553 J | power=120.9 W | runtime=in_range | checksum=OK
  relative_error=3.5e-09
[REDUCTION] N=256000000 threads=16 rep=4 batches=55 time=1.012 s | package=122.523 J | dram=NA | total=122.523 J | power=121.0 W | runtime=in_range | checksum=OK
  relative_error=3.5e-09
[REDUCTION] N=256000000 threads=16 rep=5 batches=55 time=1.013 s | package=122.581 J | dram=NA | total=122.581 J | power=121.0 W | runtime=in_range | checksum=OK
  relative_error=3.5e-09
[REDUCTION] N=256000000 threads=16 rep=6 batches=55 time=1.005 s | package=121.872 J | dram=NA | total=121.872 J | power=121.3 W | runtime=in_range | checksum=OK
  relative_error=3.5e-09
[REDUCTION] N=256000000 threads=16 rep=7 batches=55 time=1.005 s | package=123.845 J | dram=NA | total=123.845 J | power=123.2 W | runtime=in_range | checksum=OK
  relative_error=3.5e-09
[REDUCTION] N=256000000 threads=16 rep=8 batches=55 time=1.004 s | package=123.850 J | dram=NA | total=123.850 J | power=123.3 W | runtime=in_range | checksum=OK
  relative_error=3.5e-09
[REDUCTION] N=256000000 threads=16 rep=9 batches=55 time=1.005 s | package=123.934 J | dram=NA | total=123.934 J | power=123.4 W | runtime=in_range | checksum=OK
  relative_error=3.5e-09
[REDUCTION] N=256000000 threads=16 rep=10 batches=55 time=1.005 s | package=124.014 J | dram=NA | total=124.014 J | power=123.4 W | runtime=in_range | checksum=OK
  relative_error=3.5e-09
[REDUCTION] N=2000000 threads=1 rep=1 batches=5710 time=0.998 s | package=69.465 J | dram=NA | total=69.465 J | power=69.6 W | runtime=in_range | checksum=OK
  relative_error=5.8e-08
[REDUCTION] N=2000000 threads=1 rep=2 batches=5710 time=1.012 s | package=70.770 J | dram=NA | total=70.770 J | power=69.9 W | runtime=in_range | checksum=OK
  relative_error=5.8e-08
[REDUCTION] N=2000000 threads=1 rep=3 batches=5710 time=1.013 s | package=69.881 J | dram=NA | total=69.881 J | power=69.0 W | runtime=in_range | checksum=OK
  relative_error=5.8e-08
[REDUCTION] N=2000000 threads=1 rep=4 batches=5710 time=1.002 s | package=68.786 J | dram=NA | total=68.786 J | power=68.6 W | runtime=in_range | checksum=OK
  relative_error=5.8e-08
[REDUCTION] N=2000000 threads=1 rep=5 batches=5710 time=1.004 s | package=68.798 J | dram=NA | total=68.798 J | power=68.6 W | runtime=in_range | checksum=OK
  relative_error=5.8e-08
[REDUCTION] N=2000000 threads=1 rep=6 batches=5710 time=1.002 s | package=69.296 J | dram=NA | total=69.296 J | power=69.1 W | runtime=in_range | checksum=OK
  relative_error=5.8e-08
[REDUCTION] N=2000000 threads=1 rep=7 batches=5710 time=1.000 s | package=68.560 J | dram=NA | total=68.560 J | power=68.5 W | runtime=in_range | checksum=OK
  relative_error=5.8e-08
[REDUCTION] N=2000000 threads=1 rep=8 batches=5710 time=1.000 s | package=69.532 J | dram=NA | total=69.532 J | power=69.5 W | runtime=in_range | checksum=OK
  relative_error=5.8e-08
[REDUCTION] N=2000000 threads=1 rep=9 batches=5710 time=1.003 s | package=68.916 J | dram=NA | total=68.916 J | power=68.7 W | runtime=in_range | checksum=OK
  relative_error=5.8e-08
[REDUCTION] N=2000000 threads=1 rep=10 batches=5710 time=1.000 s | package=68.798 J | dram=NA | total=68.798 J | power=68.8 W | runtime=in_range | checksum=OK
  relative_error=5.8e-08
[REDUCTION] N=128000000 threads=1 rep=1 batches=37 time=1.002 s | package=68.363 J | dram=NA | total=68.363 J | power=68.2 W | runtime=in_range | checksum=OK
  relative_error=3.9e-09
[REDUCTION] N=128000000 threads=1 rep=2 batches=37 time=1.015 s | package=69.257 J | dram=NA | total=69.257 J | power=68.2 W | runtime=in_range | checksum=OK
  relative_error=3.9e-09
[REDUCTION] N=128000000 threads=1 rep=3 batches=37 time=1.017 s | package=69.785 J | dram=NA | total=69.785 J | power=68.6 W | runtime=in_range | checksum=OK
  relative_error=3.9e-09
[REDUCTION] N=128000000 threads=1 rep=4 batches=37 time=1.017 s | package=69.603 J | dram=NA | total=69.603 J | power=68.4 W | runtime=in_range | checksum=OK
  relative_error=3.9e-09
[REDUCTION] N=128000000 threads=1 rep=5 batches=37 time=1.017 s | package=69.591 J | dram=NA | total=69.591 J | power=68.4 W | runtime=in_range | checksum=OK
  relative_error=3.9e-09
[REDUCTION] N=128000000 threads=1 rep=6 batches=37 time=1.013 s | package=69.569 J | dram=NA | total=69.569 J | power=68.7 W | runtime=in_range | checksum=OK
  relative_error=3.9e-09
[REDUCTION] N=128000000 threads=1 rep=7 batches=37 time=1.004 s | package=69.077 J | dram=NA | total=69.077 J | power=68.8 W | runtime=in_range | checksum=OK
  relative_error=3.9e-09
[REDUCTION] N=128000000 threads=1 rep=8 batches=37 time=1.015 s | package=69.172 J | dram=NA | total=69.172 J | power=68.2 W | runtime=in_range | checksum=OK
  relative_error=3.9e-09
[REDUCTION] N=128000000 threads=1 rep=9 batches=37 time=1.014 s | package=69.326 J | dram=NA | total=69.326 J | power=68.4 W | runtime=in_range | checksum=OK
  relative_error=3.9e-09
[REDUCTION] N=128000000 threads=1 rep=10 batches=37 time=1.018 s | package=70.249 J | dram=NA | total=70.249 J | power=69.0 W | runtime=in_range | checksum=OK
  relative_error=3.9e-09
[REDUCTION] N=128000000 threads=64 rep=1 batches=104 time=1.012 s | package=157.907 J | dram=NA | total=157.907 J | power=156.1 W | runtime=in_range | checksum=OK
  relative_error=3.9e-09
[REDUCTION] N=128000000 threads=64 rep=2 batches=104 time=1.028 s | package=159.924 J | dram=NA | total=159.924 J | power=155.6 W | runtime=in_range | checksum=OK
  relative_error=3.9e-09
[REDUCTION] N=128000000 threads=64 rep=3 batches=104 time=1.014 s | package=158.726 J | dram=NA | total=158.726 J | power=156.5 W | runtime=in_range | checksum=OK
  relative_error=3.9e-09
[REDUCTION] N=128000000 threads=64 rep=4 batches=104 time=1.021 s | package=159.561 J | dram=NA | total=159.561 J | power=156.3 W | runtime=in_range | checksum=OK
  relative_error=3.9e-09
[REDUCTION] N=128000000 threads=64 rep=5 batches=104 time=1.014 s | package=159.164 J | dram=NA | total=159.164 J | power=156.9 W | runtime=in_range | checksum=OK
  relative_error=3.9e-09
[REDUCTION] N=128000000 threads=64 rep=6 batches=104 time=1.016 s | package=159.425 J | dram=NA | total=159.425 J | power=156.9 W | runtime=in_range | checksum=OK
  relative_error=3.9e-09
[REDUCTION] N=128000000 threads=64 rep=7 batches=104 time=1.023 s | package=160.157 J | dram=NA | total=160.157 J | power=156.5 W | runtime=in_range | checksum=OK
  relative_error=3.9e-09
[REDUCTION] N=128000000 threads=64 rep=8 batches=104 time=1.016 s | package=159.402 J | dram=NA | total=159.402 J | power=156.9 W | runtime=in_range | checksum=OK
  relative_error=3.9e-09
[REDUCTION] N=128000000 threads=64 rep=9 batches=104 time=1.021 s | package=160.098 J | dram=NA | total=160.098 J | power=156.9 W | runtime=in_range | checksum=OK
  relative_error=3.9e-09
[REDUCTION] N=128000000 threads=64 rep=10 batches=104 time=1.027 s | package=160.567 J | dram=NA | total=160.567 J | power=156.3 W | runtime=in_range | checksum=OK
  relative_error=3.9e-09
