schema_version,timestamp,session_id,sequence_index,run_id_global,repetition,workload,implementation,execution_mode,device_name,num_threads,problem_size,problem_spec,batches,e2e_time_s,kernel_time_s,wall_time_s,device_energy_j,total_energy_j,dram_energy_j,energy_per_op_j,energy_per_second_j,energy_per_flop_j,time_per_op_ms_kernel,time_per_op_ms_e2e,flops_total,gflops_per_s,logical_bytes_per_op,avg_power_w,runtime_status,pcie_gen,pcie_width,sm_clock_mhz,clock_before_mhz,clock_after_mhz,mem_clock_mhz,temp_c,temp_before_c,temp_after_c,throttle_reasons,cpu_cycles,cpu_instructions,cpu_ipc,cpu_cache_misses,checksum_ok
cpu-gpu-v2,2026-07-19T01:41:45,"20260718_092807_session5",1,1,1,"REDUCTION","openmp_sum_reduction",cpu_native,"Intel(R) Core(TM) i9-7900X CPU @ 3.30GHz",1,4000000,"elements=4000000",280,1.001943,1.001943,1.001943,36.238189,36.238189,0.000000,1.294221e-01,36.167925,3.235553e-08,3.578367,3.578367,1.120000e+09,1.12,1.600000e+07,36.17,in_range,,,,1364,1365,,66,66,66,,-1,-1,-1.000000,-1,t
cpu-gpu-v2,2026-07-19T01:41:46,"20260718_092807_session5",2,2,2,"REDUCTION","openmp_sum_reduction",cpu_native,"Intel(R) Core(TM) i9-7900X CPU @ 3.30GHz",1,4000000,"elements=4000000",280,1.003902,1.003902,1.003902,36.211089,36.211089,0.000000,1.293253e-01,36.070331,3.233134e-08,3.585365,3.585365,1.120000e+09,1.12,1.600000e+07,36.07,in_range,,,,1505,1365,,66,66,66,,-1,-1,-1.000000,-1,t
cpu-gpu-v2,2026-07-19T01:41:47,"20260718_092807_session5",3,3,3,"REDUCTION","openmp_sum_reduction",cpu_native,"Intel(R) Core(TM) i9-7900X CPU @ 3.30GHz",1,4000000,"elements=4000000",280,1.005744,1.005744,1.005744,36.453093,36.453093,0.000000,1.301896e-01,36.244918,3.254741e-08,3.591941,3.591941,1.120000e+09,1.11,1.600000e+07,36.24,in_range,,,,1311,1364,,66,66,66,,-1,-1,-1.000000,-1,t
cpu-gpu-v2,2026-07-19T01:41:48,"20260718_092807_session5",4,4,4,"REDUCTION","openmp_sum_reduction",cpu_native,"Intel(R) Core(TM) i9-7900X CPU @ 3.30GHz",1,4000000,"elements=4000000",280,1.006473,1.006473,1.006473,36.549955,36.549955,0.000000,1.305356e-01,36.314878,3.263390e-08,3.594547,3.594547,1.120000e+09,1.11,1.600000e+07,36.31,in_range,,,,1512,1365,,66,66,66,,-1,-1,-1.000000,-1,t
cpu-gpu-v2,2026-07-19T01:41:49,"20260718_092807_session5",5,5,5,"REDUCTION","openmp_sum_reduction",cpu_native,"Intel(R) Core(TM) i9-7900X CPU @ 3.30GHz",1,4000000,"elements=4000000",280,1.005013,1.005013,1.005013,36.406096,36.406096,0.000000,1.300218e-01,36.224496,3.250545e-08,3.589333,3.589333,1.120000e+09,1.11,1.600000e+07,36.22,in_range,,,,1456,1475,,66,66,66,,-1,-1,-1.000000,-1,t
cpu-gpu-v2,2026-07-19T01:41:50,"20260718_092807_session5",6,6,6,"REDUCTION","openmp_sum_reduction",cpu_native,"Intel(R) Core(TM) i9-7900X CPU @ 3.30GHz",1,4000000,"elements=4000000",280,1.002754,1.002754,1.002754,36.352873,36.352873,0.000000,1.298317e-01,36.253035,3.245793e-08,3.581264,3.581264,1.120000e+09,1.12,1.600000e+07,36.25,in_range,,,,1369,1365,,66,66,66,,-1,-1,-1.000000,-1,t
cpu-gpu-v2,2026-07-19T01:41:51,"20260718_092807_session5",7,7,7,"REDUCTION","openmp_sum_reduction",cpu_native,"Intel(R) Core(TM) i9-7900X CPU @ 3.30GHz",1,4000000,"elements=4000000",280,1.002318,1.002318,1.002318,36.313689,36.313689,0.000000,1.296917e-01,36.229719,3.242294e-08,3.579706,3.579706,1.120000e+09,1.12,1.600000e+07,36.23,in_range,,,,1344,1365,,66,66,66,,-1,-1,-1.000000,-1,t
cpu-gpu-v2,2026-07-19T01:41:52,"20260718_092807_session5",8,8,8,"REDUCTION","openmp_sum_reduction",cpu_native,"Intel(R) Core(TM) i9-7900X CPU @ 3.30GHz",1,4000000,"elements=4000000",280,1.003177,1.003177,1.003177,36.294158,36.294158,0.000000,1.296220e-01,36.179202,3.240551e-08,3.582776,3.582776,1.120000e+09,1.12,1.600000e+07,36.18,in_range,,,,1288,1503,,66,66,66,,-1,-1,-1.000000,-1,t
cpu-gpu-v2,2026-07-19T01:41:53,"20260718_092807_session5",9,9,9,"REDUCTION","openmp_sum_reduction",cpu_native,"Intel(R) Core(TM) i9-7900X CPU @ 3.30GHz",1,4000000,"elements=4000000",280,1.002736,1.002736,1.002736,36.375334,36.375334,0.000000,1.299119e-01,36.276098,3.247798e-08,3.581199,3.581199,1.120000e+09,1.12,1.600000e+07,36.28,in_range,,,,1408,1364,,66,66,66,,-1,-1,-1.000000,-1,t
cpu-gpu-v2,2026-07-19T01:41:54,"20260718_092807_session5",10,10,10,"REDUCTION","openmp_sum_reduction",cpu_native,"Intel(R) Core(TM) i9-7900X CPU @ 3.30GHz",1,4000000,"elements=4000000",280,1.002705,1.002705,1.002705,36.503629,36.503629,0.000000,1.303701e-01,36.405152,3.259253e-08,3.581089,3.581089,1.120000e+09,1.12,1.600000e+07,36.41,in_range,,,,1291,1365,,66,66,66,,-1,-1,-1.000000,-1,t
cpu-gpu-v2,2026-07-19T01:41:59,"20260718_092807_session5",11,11,1,"REDUCTION","openmp_sum_reduction",cpu_native,"Intel(R) Core(TM) i9-7900X CPU @ 3.30GHz",16,1000000,"elements=1000000",13977,1.000960,1.000960,1.000960,107.159455,107.159455,0.000000,7.666842e-03,107.056682,7.666850e-09,0.071615,0.071615,1.397699e+10,13.96,4.000004e+06,107.06,in_range,,,,3579,3579,,71,70,71,,-1,-1,-1.000000,-1,t
cpu-gpu-v2,2026-07-19T01:42:00,"20260718_092807_session5",12,12,2,"REDUCTION","openmp_sum_reduction",cpu_native,"Intel(R) Core(TM) i9-7900X CPU @ 3.30GHz",16,1000000,"elements=1000000",13977,1.000667,1.000667,1.000667,106.842805,106.842805,0.000000,7.644187e-03,106.771631,7.644195e-09,0.071594,0.071594,1.397699e+10,13.97,4.000004e+06,106.77,in_range,,,,3579,3579,,71,71,71,,-1,-1,-1.000000,-1,t
cpu-gpu-v2,2026-07-19T01:42:01,"20260718_092807_session5",13,13,3,"REDUCTION","openmp_sum_reduction",cpu_native,"Intel(R) Core(TM) i9-7900X CPU @ 3.30GHz",16,1000000,"elements=1000000",13977,1.000340,1.000340,1.000340,106.695833,106.695833,0.000000,7.633672e-03,106.659581,7.633680e-09,0.071570,0.071570,1.397699e+10,13.97,4.000004e+06,106.66,in_range,,,,3580,3579,,71,71,71,,-1,-1,-1.000000,-1,t
cpu-gpu-v2,2026-07-19T01:42:02,"20260718_092807_session5",14,14,4,"REDUCTION","openmp_sum_reduction",cpu_native,"Intel(R) Core(TM) i9-7900X CPU @ 3.30GHz",16,1000000,"elements=1000000",13977,1.000929,1.000929,1.000929,107.198334,107.198334,0.000000,7.669624e-03,107.098891,7.669632e-09,0.071613,0.071613,1.397699e+10,13.96,4.000004e+06,107.10,in_range,,,,3579,3579,,71,71,71,,-1,-1,-1.000000,-1,t
cpu-gpu-v2,2026-07-19T01:42:03,"20260718_092807_session5",15,15,5,"REDUCTION","openmp_sum_reduction",cpu_native,"Intel(R) Core(TM) i9-7900X CPU @ 3.30GHz",16,1000000,"elements=1000000",13977,1.000904,1.000904,1.000904,106.993501,106.993501,0.000000,7.654969e-03,106.896842,7.654977e-09,0.071611,0.071611,1.397699e+10,13.96,4.000004e+06,106.90,in_range,,,,3579,3440,,71,71,71,,-1,-1,-1.000000,-1,t
cpu-gpu-v2,2026-07-19T01:42:04,"20260718_092807_session5",16,16,6,"REDUCTION","openmp_sum_reduction",cpu_native,"Intel(R) Core(TM) i9-7900X CPU @ 3.30GHz",16,1000000,"elements=1000000",13977,1.001154,1.001154,1.001154,107.299408,107.299408,0.000000,7.676855e-03,107.175721,7.676863e-09,0.071629,0.071629,1.397699e+10,13.96,4.000004e+06,107.18,in_range,,,,3440,3580,,71,71,71,,-1,-1,-1.000000,-1,t
cpu-gpu-v2,2026-07-19T01:42:05,"20260718_092807_session5",17,17,7,"REDUCTION","openmp_sum_reduction",cpu_native,"Intel(R) Core(TM) i9-7900X CPU @ 3.30GHz",16,1000000,"elements=1000000",13977,1.000377,1.000377,1.000377,107.181183,107.181183,0.000000,7.668397e-03,107.140739,7.668405e-09,0.071573,0.071573,1.397699e+10,13.97,4.000004e+06,107.14,in_range,,,,3580,3579,,71,71,71,,-1,-1,-1.000000,-1,t
cpu-gpu-v2,2026-07-19T01:42:06,"20260718_092807_session5",18,18,8,"REDUCTION","openmp_sum_reduction",cpu_native,"Intel(R) Core(TM) i9-7900X CPU @ 3.30GHz",16,1000000,"elements=1000000",13977,1.000570,1.000570,1.000570,107.503997,107.503997,0.000000,7.691493e-03,107.442708,7.691501e-09,0.071587,0.071587,1.397699e+10,13.97,4.000004e+06,107.44,in_range,,,,3580,3439,,71,71,71,,-1,-1,-1.000000,-1,t
cpu-gpu-v2,2026-07-19T01:42:07,"20260718_092807_session5",19,19,9,"REDUCTION","openmp_sum_reduction",cpu_native,"Intel(R) Core(TM) i9-7900X CPU @ 3.30GHz",16,1000000,"elements=1000000",13977,1.000163,1.000163,1.000163,107.702727,107.702727,0.000000,7.705711e-03,107.685132,7.705719e-09,0.071558,0.071558,1.397699e+10,13.97,4.000004e+06,107.69,in_range,,,,3439,3439,,71,71,71,,-1,-1,-1.000000,-1,t
cpu-gpu-v2,2026-07-19T01:42:08,"20260718_092807_session5",20,20,10,"REDUCTION","openmp_sum_reduction",cpu_native,"Intel(R) Core(TM) i9-7900X CPU @ 3.30GHz",16,1000000,"elements=1000000",13977,1.000587,1.000587,1.000587,107.892241,107.892241,0.000000,7.719270e-03,107.828967,7.719278e-09,0.071588,0.071588,1.397699e+10,13.97,4.000004e+06,107.83,in_range,,,,3439,3580,,72,71,72,,-1,-1,-1.000000,-1,t
cpu-gpu-v2,2026-07-19T01:42:11,"20260718_092807_session5",21,21,1,"REDUCTION","openmp_sum_reduction",cpu_native,"Intel(R) Core(TM) i9-7900X CPU @ 3.30GHz",16,32000000,"elements=32000000",328,0.999711,0.999711,0.999711,118.093753,119.468076,1.374323,3.642319e-01,119.502560,1.138225e-08,3.047901,3.047901,1.049600e+10,10.50,1.280000e+08,119.50,in_range,,,,3440,3440,,71,71,71,,-1,-1,-1.000000,-1,t
cpu-gpu-v2,2026-07-19T01:42:12,"20260718_092807_session5",22,22,2,"REDUCTION","openmp_sum_reduction",cpu_native,"Intel(R) Core(TM) i9-7900X CPU @ 3.30GHz",16,32000000,"elements=32000000",328,0.999583,0.999583,0.999583,118.119205,119.467425,1.348220,3.642300e-01,119.517246,1.138219e-08,3.047510,3.047510,1.049600e+10,10.50,1.280000e+08,119.52,in_range,,,,3439,3439,,71,71,71,,-1,-1,-1.000000,-1,t
cpu-gpu-v2,2026-07-19T01:42:13,"20260718_092807_session5",23,23,3,"REDUCTION","openmp_sum_reduction",cpu_native,"Intel(R) Core(TM) i9-7900X CPU @ 3.30GHz",16,32000000,"elements=32000000",328,0.999813,0.999813,0.999813,118.260134,119.606749,1.346615,3.646547e-01,119.629164,1.139546e-08,3.048209,3.048209,1.049600e+10,10.50,1.280000e+08,119.63,in_range,,,,3440,3439,,71,71,71,,-1,-1,-1.000000,-1,t
cpu-gpu-v2,2026-07-19T01:42:14,"20260718_092807_session5",24,24,4,"REDUCTION","openmp_sum_reduction",cpu_native,"Intel(R) Core(TM) i9-7900X CPU @ 3.30GHz",16,32000000,"elements=32000000",328,1.000166,1.000166,1.000166,118.824159,120.176036,1.351877,3.663904e-01,120.156061,1.144970e-08,3.049287,3.049287,1.049600e+10,10.49,1.280000e+08,120.16,in_range,,,,3439,3440,,71,71,71,,-1,-1,-1.000000,-1,t
cpu-gpu-v2,2026-07-19T01:42:15,"20260718_092807_session5",25,25,5,"REDUCTION","openmp_sum_reduction",cpu_native,"Intel(R) Core(TM) i9-7900X CPU @ 3.30GHz",16,32000000,"elements=32000000",328,1.000215,1.000215,1.000215,118.852357,120.203102,1.350745,3.664729e-01,120.177226,1.145228e-08,3.049437,3.049437,1.049600e+10,10.49,1.280000e+08,120.18,in_range,,,,3440,3439,,72,71,72,,-1,-1,-1.000000,-1,t
cpu-gpu-v2,2026-07-19T01:42:16,"20260718_092807_session5",26,26,6,"REDUCTION","openmp_sum_reduction",cpu_native,"Intel(R) Core(TM) i9-7900X CPU @ 3.30GHz",16,32000000,"elements=32000000",328,0.999973,0.999973,0.999973,118.451418,119.805162,1.353744,3.652596e-01,119.808430,1.141436e-08,3.048697,3.048697,1.049600e+10,10.50,1.280000e+08,119.81,in_range,,,,3439,3439,,72,72,72,,-1,-1,-1.000000,-1,t
cpu-gpu-v2,2026-07-19T01:42:17,"20260718_092807_session5",27,27,7,"REDUCTION","openmp_sum_reduction",cpu_native,"Intel(R) Core(TM) i9-7900X CPU @ 3.30GHz",16,32000000,"elements=32000000",328,1.000019,1.000019,1.000019,118.025882,119.376964,1.351082,3.639542e-01,119.374727,1.137357e-08,3.048838,3.048838,1.049600e+10,10.50,1.280000e+08,119.37,in_range,,,,3439,3439,,72,72,72,,-1,-1,-1.000000,-1,t
cpu-gpu-v2,2026-07-19T01:42:18,"20260718_092807_session5",28,28,8,"REDUCTION","openmp_sum_reduction",cpu_native,"Intel(R) Core(TM) i9-7900X CPU @ 3.30GHz",16,32000000,"elements=32000000",328,0.999984,0.999984,0.999984,118.253665,119.622020,1.368355,3.647013e-01,119.623971,1.139692e-08,3.048731,3.048731,1.049600e+10,10.50,1.280000e+08,119.62,in_range,,,,3440,3580,,72,72,72,,-1,-1,-1.000000,-1,t
cpu-gpu-v2,2026-07-19T01:42:19,"20260718_092807_session5",29,29,9,"REDUCTION","openmp_sum_reduction",cpu_native,"Intel(R) Core(TM) i9-7900X CPU @ 3.30GHz",16,32000000,"elements=32000000",328,1.000140,1.000140,1.000140,118.637147,119.994946,1.357799,3.658382e-01,119.978134,1.143245e-08,3.049208,3.049208,1.049600e+10,10.49,1.280000e+08,119.98,in_range,,,,3580,3440,,72,72,72,,-1,-1,-1.000000,-1,t
cpu-gpu-v2,2026-07-19T01:42:20,"20260718_092807_session5",30,30,10,"REDUCTION","openmp_sum_reduction",cpu_native,"Intel(R) Core(TM) i9-7900X CPU @ 3.30GHz",16,32000000,"elements=32000000",328,1.001915,1.001915,1.001915,119.515074,120.880430,1.365356,3.685379e-01,120.649444,1.151681e-08,3.054617,3.054617,1.049600e+10,10.48,1.280000e+08,120.65,in_range,,,,3439,3999,,72,72,72,,-1,-1,-1.000000,-1,t
cpu-gpu-v2,2026-07-19T01:42:22,"20260718_092807_session5",31,31,1,"REDUCTION","openmp_sum_reduction",cpu_native,"Intel(R) Core(TM) i9-7900X CPU @ 3.30GHz",10,4000000,"elements=4000000",2476,1.000251,1.000251,1.000251,108.255765,108.255765,0.000000,4.372204e-02,108.228588,1.093051e-08,0.403979,0.403979,9.903998e+09,9.90,1.600000e+07,108.23,in_range,,,,2600,2600,,70,70,70,,-1,-1,-1.000000,-1,t
cpu-gpu-v2,2026-07-19T01:42:23,"20260718_092807_session5",32,32,2,"REDUCTION","openmp_sum_reduction",cpu_native,"Intel(R) Core(TM) i9-7900X CPU @ 3.30GHz",10,4000000,"elements=4000000",2476,1.004454,1.004454,1.004454,108.344144,108.344144,0.000000,4.375773e-02,107.863697,1.093944e-08,0.405676,0.405676,9.903998e+09,9.86,1.600000e+07,107.86,in_range,,,,2739,2599,,70,70,70,,-1,-1,-1.000000,-1,t
cpu-gpu-v2,2026-07-19T01:42:24,"20260718_092807_session5",33,33,3,"REDUCTION","openmp_sum_reduction",cpu_native,"Intel(R) Core(TM) i9-7900X CPU @ 3.30GHz",10,4000000,"elements=4000000",2476,1.000429,1.000429,1.000429,108.259550,108.259550,0.000000,4.372357e-02,108.213123,1.093089e-08,0.404050,0.404050,9.903998e+09,9.90,1.600000e+07,108.21,in_range,,,,2599,2600,,70,70,70,,-1,-1,-1.000000,-1,t
cpu-gpu-v2,2026-07-19T01:42:25,"20260718_092807_session5",34,34,4,"REDUCTION","openmp_sum_reduction",cpu_native,"Intel(R) Core(TM) i9-7900X CPU @ 3.30GHz",10,4000000,"elements=4000000",2476,1.006426,1.006426,1.006426,108.519802,108.519802,0.000000,4.382868e-02,107.826909,1.095717e-08,0.406473,0.406473,9.903998e+09,9.84,1.600000e+07,107.83,in_range,,,,2599,2599,,70,70,70,,-1,-1,-1.000000,-1,t
cpu-gpu-v2,2026-07-19T01:42:26,"20260718_092807_session5",35,35,5,"REDUCTION","openmp_sum_reduction",cpu_native,"Intel(R) Core(TM) i9-7900X CPU @ 3.30GHz",10,4000000,"elements=4000000",2476,1.000518,1.000518,1.000518,108.323941,108.323941,0.000000,4.374957e-02,108.267813,1.093740e-08,0.404087,0.404087,9.903998e+09,9.90,1.600000e+07,108.27,in_range,,,,2740,2599,,70,70,70,,-1,-1,-1.000000,-1,t
cpu-gpu-v2,2026-07-19T01:42:27,"20260718_092807_session5",36,36,6,"REDUCTION","openmp_sum_reduction",cpu_native,"Intel(R) Core(TM) i9-7900X CPU @ 3.30GHz",10,4000000,"elements=4000000",2476,1.001386,1.001386,1.001386,108.677884,108.677884,0.000000,4.389252e-02,108.527501,1.097313e-08,0.404437,0.404437,9.903998e+09,9.89,1.600000e+07,108.53,in_range,,,,2739,2599,,70,70,70,,-1,-1,-1.000000,-1,t
cpu-gpu-v2,2026-07-19T01:42:28,"20260718_092807_session5",37,37,7,"REDUCTION","openmp_sum_reduction",cpu_native,"Intel(R) Core(TM) i9-7900X CPU @ 3.30GHz",10,4000000,"elements=4000000",2476,1.000766,1.000766,1.000766,108.355985,108.355985,0.000000,4.376251e-02,108.273098,1.094063e-08,0.404186,0.404186,9.903998e+09,9.90,1.600000e+07,108.27,in_range,,,,2739,2739,,70,70,70,,-1,-1,-1.000000,-1,t
cpu-gpu-v2,2026-07-19T01:42:29,"20260718_092807_session5",38,38,8,"REDUCTION","openmp_sum_reduction",cpu_native,"Intel(R) Core(TM) i9-7900X CPU @ 3.30GHz",10,4000000,"elements=4000000",2476,1.000702,1.000702,1.000702,108.801418,108.801418,0.000000,4.394241e-02,108.725075,1.098561e-08,0.404161,0.404161,9.903998e+09,9.90,1.600000e+07,108.73,in_range,,,,2739,2599,,71,70,71,,-1,-1,-1.000000,-1,t
cpu-gpu-v2,2026-07-19T01:42:30,"20260718_092807_session5",39,39,9,"REDUCTION","openmp_sum_reduction",cpu_native,"Intel(R) Core(TM) i9-7900X CPU @ 3.30GHz",10,4000000,"elements=4000000",2476,1.003707,1.003707,1.003707,108.610928,108.610928,0.000000,4.386548e-02,108.209784,1.096637e-08,0.405374,0.405374,9.903998e+09,9.87,1.600000e+07,108.21,in_range,,,,2740,2599,,71,71,71,,-1,-1,-1.000000,-1,t
cpu-gpu-v2,2026-07-19T01:42:31,"20260718_092807_session5",40,40,10,"REDUCTION","openmp_sum_reduction",cpu_native,"Intel(R) Core(TM) i9-7900X CPU @ 3.30GHz",10,4000000,"elements=4000000",2476,1.004090,1.004090,1.004090,109.574793,109.574793,0.000000,4.425476e-02,109.128423,1.106369e-08,0.405529,0.405529,9.903998e+09,9.86,1.600000e+07,109.13,in_range,,,,2740,2600,,71,71,71,,-1,-1,-1.000000,-1,t
cpu-gpu-v2,2026-07-19T01:42:33,"20260718_092807_session5",41,41,1,"REDUCTION","openmp_sum_reduction",cpu_native,"Intel(R) Core(TM) i9-7900X CPU @ 3.30GHz",10,128000000,"elements=128000000",74,1.002682,1.002682,1.002682,118.060245,119.304012,1.243767,1.612216e+00,118.984916,1.259544e-08,13.549754,13.549754,9.472000e+09,9.45,5.120000e+08,118.98,in_range,,,,2600,2739,,71,71,71,,-1,-1,-1.000000,-1,t
cpu-gpu-v2,2026-07-19T01:42:34,"20260718_092807_session5",42,42,2,"REDUCTION","openmp_sum_reduction",cpu_native,"Intel(R) Core(TM) i9-7900X CPU @ 3.30GHz",10,128000000,"elements=128000000",74,1.002681,1.002681,1.002681,118.030582,119.269331,1.238749,1.611748e+00,118.950435,1.259178e-08,13.549742,13.549742,9.472000e+09,9.45,5.120000e+08,118.95,in_range,,,,2739,2740,,71,71,71,,-1,-1,-1.000000,-1,t
cpu-gpu-v2,2026-07-19T01:42:36,"20260718_092807_session5",43,43,3,"REDUCTION","openmp_sum_reduction",cpu_native,"Intel(R) Core(TM) i9-7900X CPU @ 3.30GHz",10,128000000,"elements=128000000",74,1.002816,1.002816,1.002816,117.623234,118.875325,1.252091,1.606423e+00,118.541459,1.255018e-08,13.551574,13.551574,9.472000e+09,9.45,5.120000e+08,118.54,in_range,,,,2740,2739,,71,71,71,,-1,-1,-1.000000,-1,t
cpu-gpu-v2,2026-07-19T01:42:37,"20260718_092807_session5",44,44,4,"REDUCTION","openmp_sum_reduction",cpu_native,"Intel(R) Core(TM) i9-7900X CPU @ 3.30GHz",10,128000000,"elements=128000000",74,1.003931,1.003931,1.003931,116.943671,118.205401,1.261730,1.597370e+00,117.742507,1.247946e-08,13.566641,13.566641,9.472000e+09,9.43,5.120000e+08,117.74,in_range,,,,2739,2740,,71,71,71,,-1,-1,-1.000000,-1,t
cpu-gpu-v2,2026-07-19T01:42:38,"20260718_092807_session5",45,45,5,"REDUCTION","openmp_sum_reduction",cpu_native,"Intel(R) Core(TM) i9-7900X CPU @ 3.30GHz",10,128000000,"elements=128000000",74,1.004061,1.004061,1.004061,116.605720,117.868673,1.262953,1.592820e+00,117.391921,1.244391e-08,13.568395,13.568395,9.472000e+09,9.43,5.120000e+08,117.39,in_range,,,,2740,2739,,72,71,72,,-1,-1,-1.000000,-1,t
cpu-gpu-v2,2026-07-19T01:42:39,"20260718_092807_session5",46,46,6,"REDUCTION","openmp_sum_reduction",cpu_native,"Intel(R) Core(TM) i9-7900X CPU @ 3.30GHz",10,128000000,"elements=128000000",74,1.009156,1.009156,1.009156,117.048773,118.313471,1.264698,1.598831e+00,117.239974,1.249086e-08,13.637249,13.637249,9.472000e+09,9.39,5.120000e+08,117.24,in_range,,,,2739,2740,,72,72,72,,-1,-1,-1.000000,-1,t
cpu-gpu-v2,2026-07-19T01:42:40,"20260718_092807_session5",47,47,7,"REDUCTION","openmp_sum_reduction",cpu_native,"Intel(R) Core(TM) i9-7900X CPU @ 3.30GHz",10,128000000,"elements=128000000",74,1.005171,1.005171,1.005171,117.157354,118.427728,1.270374,1.600375e+00,117.818516,1.250293e-08,13.583389,13.583389,9.472000e+09,9.42,5.120000e+08,117.82,in_range,,,,2739,2600,,72,72,72,,-1,-1,-1.000000,-1,t
cpu-gpu-v2,2026-07-19T01:42:41,"20260718_092807_session5",48,48,8,"REDUCTION","openmp_sum_reduction",cpu_native,"Intel(R) Core(TM) i9-7900X CPU @ 3.30GHz",10,128000000,"elements=128000000",74,1.008747,1.008747,1.008747,118.800721,120.060095,1.259374,1.622434e+00,119.019018,1.267526e-08,13.631718,13.631718,9.472000e+09,9.39,5.120000e+08,119.02,in_range,,,,2599,2599,,72,72,72,,-1,-1,-1.000000,-1,t
cpu-gpu-v2,2026-07-19T01:42:42,"20260718_092807_session5",49,49,9,"REDUCTION","openmp_sum_reduction",cpu_native,"Intel(R) Core(TM) i9-7900X CPU @ 3.30GHz",10,128000000,"elements=128000000",74,1.006902,1.006902,1.006902,118.797120,120.053388,1.256268,1.622343e+00,119.230494,1.267456e-08,13.606780,13.606780,9.472000e+09,9.41,5.120000e+08,119.23,in_range,,,,2599,2740,,72,72,72,,-1,-1,-1.000000,-1,t
cpu-gpu-v2,2026-07-19T01:42:43,"20260718_092807_session5",50,50,10,"REDUCTION","openmp_sum_reduction",cpu_native,"Intel(R) Core(TM) i9-7900X CPU @ 3.30GHz",10,128000000,"elements=128000000",74,1.008650,1.008650,1.008650,119.305847,120.573008,1.267161,1.629365e+00,119.539044,1.272941e-08,13.630400,13.630400,9.472000e+09,9.39,5.120000e+08,119.54,in_range,,,,2740,2599,,72,72,72,,-1,-1,-1.000000,-1,t
cpu-gpu-v2,2026-07-19T01:42:45,"20260718_092807_session5",51,51,1,"REDUCTION","openmp_sum_reduction",cpu_native,"Intel(R) Core(TM) i9-7900X CPU @ 3.30GHz",16,8000000,"elements=8000000",1795,0.999031,0.999031,0.999031,126.334089,127.459740,1.125651,7.100821e-02,127.583341,8.876028e-09,0.556563,0.556563,1.436000e+10,14.37,3.200000e+07,127.58,in_range,,,,3579,3439,,76,76,76,,-1,-1,-1.000000,-1,t
cpu-gpu-v2,2026-07-19T01:42:46,"20260718_092807_session5",52,52,2,"REDUCTION","openmp_sum_reduction",cpu_native,"Intel(R) Core(TM) i9-7900X CPU @ 3.30GHz",16,8000000,"elements=8000000",1795,1.000628,1.000628,1.000628,126.050032,127.182109,1.132077,7.085354e-02,127.102332,8.856694e-09,0.557453,0.557453,1.436000e+10,14.35,3.200000e+07,127.10,in_range,,,,3579,3580,,76,73,76,,-1,-1,-1.000000,-1,t
cpu-gpu-v2,2026-07-19T01:42:47,"20260718_092807_session5",53,53,3,"REDUCTION","openmp_sum_reduction",cpu_native,"Intel(R) Core(TM) i9-7900X CPU @ 3.30GHz",16,8000000,"elements=8000000",1795,1.000604,1.000604,1.000604,125.557906,126.675693,1.117787,7.057142e-02,126.599259,8.821428e-09,0.557439,0.557439,1.436000e+10,14.35,3.200000e+07,126.60,in_range,,,,3580,3859,,76,76,76,,-1,-1,-1.000000,-1,t
cpu-gpu-v2,2026-07-19T01:42:48,"20260718_092807_session5",54,54,4,"REDUCTION","openmp_sum_reduction",cpu_native,"Intel(R) Core(TM) i9-7900X CPU @ 3.30GHz",16,8000000,"elements=8000000",1795,1.000582,1.000582,1.000582,125.918867,127.037603,1.118736,7.077304e-02,126.963770,8.846631e-09,0.557427,0.557427,1.436000e+10,14.35,3.200000e+07,126.96,in_range,,,,3719,3440,,77,76,77,,-1,-1,-1.000000,-1,t
cpu-gpu-v2,2026-07-19T01:42:49,"20260718_092807_session5",55,55,5,"REDUCTION","openmp_sum_reduction",cpu_native,"Intel(R) Core(TM) i9-7900X CPU @ 3.30GHz",16,8000000,"elements=8000000",1795,1.000365,1.000365,1.000365,125.954878,127.094131,1.139253,7.080453e-02,127.047724,8.850567e-09,0.557307,0.557307,1.436000e+10,14.35,3.200000e+07,127.05,in_range,,,,3439,3440,,77,77,76,,-1,-1,-1.000000,-1,t
cpu-gpu-v2,2026-07-19T01:42:50,"20260718_092807_session5",56,56,6,"REDUCTION","openmp_sum_reduction",cpu_native,"Intel(R) Core(TM) i9-7900X CPU @ 3.30GHz",16,8000000,"elements=8000000",1795,1.001212,1.001212,1.001212,126.556011,127.678357,1.122346,7.113000e-02,127.523837,8.891252e-09,0.557778,0.557778,1.436000e+10,14.34,3.200000e+07,127.52,in_range,,,,3439,3440,,77,76,77,,-1,-1,-1.000000,-1,t
cpu-gpu-v2,2026-07-19T01:42:51,"20260718_092807_session5",57,57,7,"REDUCTION","openmp_sum_reduction",cpu_native,"Intel(R) Core(TM) i9-7900X CPU @ 3.30GHz",16,8000000,"elements=8000000",1795,1.000474,1.000474,1.000474,125.899824,127.043499,1.143675,7.077632e-02,126.983351,8.847041e-09,0.557367,0.557367,1.436000e+10,14.35,3.200000e+07,126.98,in_range,,,,3439,3439,,77,77,77,,-1,-1,-1.000000,-1,t
cpu-gpu-v2,2026-07-19T01:42:52,"20260718_092807_session5",58,58,8,"REDUCTION","openmp_sum_reduction",cpu_native,"Intel(R) Core(TM) i9-7900X CPU @ 3.30GHz",16,8000000,"elements=8000000",1795,1.000557,1.000557,1.000557,126.203840,127.346597,1.142757,7.094518e-02,127.275647,8.868149e-09,0.557414,0.557414,1.436000e+10,14.35,3.200000e+07,127.28,in_range,,,,3440,3439,,77,77,77,,-1,-1,-1.000000,-1,t
cpu-gpu-v2,2026-07-19T01:42:53,"20260718_092807_session5",59,59,9,"REDUCTION","openmp_sum_reduction",cpu_native,"Intel(R) Core(TM) i9-7900X CPU @ 3.30GHz",16,8000000,"elements=8000000",1795,1.000377,1.000377,1.000377,126.561139,127.683026,1.121887,7.113261e-02,127.634890,8.891577e-09,0.557313,0.557313,1.436000e+10,14.35,3.200000e+07,127.63,in_range,,,,3580,3439,,77,77,77,,-1,-1,-1.000000,-1,t
cpu-gpu-v2,2026-07-19T01:42:54,"20260718_092807_session5",60,60,10,"REDUCTION","openmp_sum_reduction",cpu_native,"Intel(R) Core(TM) i9-7900X CPU @ 3.30GHz",16,8000000,"elements=8000000",1795,1.000653,1.000653,1.000653,127.377542,128.520268,1.142726,7.159904e-02,128.436439,8.949881e-09,0.557467,0.557467,1.436000e+10,14.35,3.200000e+07,128.44,in_range,,,,3439,3580,,77,77,77,,-1,-1,-1.000000,-1,t
cpu-gpu-v2,2026-07-19T01:42:57,"20260718_092807_session5",61,61,1,"REDUCTION","openmp_sum_reduction",cpu_native,"Intel(R) Core(TM) i9-7900X CPU @ 3.30GHz",10,256000000,"elements=256000000",37,1.004685,1.004685,1.004685,119.118286,120.390450,1.272164,3.253796e+00,119.829027,1.271014e-08,27.153654,27.153654,9.472000e+09,9.43,1.024000e+09,119.83,in_range,,,,2740,2740,,74,73,74,,-1,-1,-1.000000,-1,t
cpu-gpu-v2,2026-07-19T01:42:58,"20260718_092807_session5",62,62,2,"REDUCTION","openmp_sum_reduction",cpu_native,"Intel(R) Core(TM) i9-7900X CPU @ 3.30GHz",10,256000000,"elements=256000000",37,1.009768,1.009768,1.009768,120.007871,121.282345,1.274474,3.277901e+00,120.109107,1.280430e-08,27.291030,27.291030,9.472000e+09,9.38,1.024000e+09,120.11,in_range,,,,2740,2599,,74,74,74,,-1,-1,-1.000000,-1,t
cpu-gpu-v2,2026-07-19T01:42:59,"20260718_092807_session5",63,63,3,"REDUCTION","openmp_sum_reduction",cpu_native,"Intel(R) Core(TM) i9-7900X CPU @ 3.30GHz",10,256000000,"elements=256000000",37,1.012840,1.012840,1.012840,120.522763,121.804444,1.281681,3.292012e+00,120.260264,1.285942e-08,27.374063,27.374063,9.472000e+09,9.35,1.024000e+09,120.26,in_range,,,,2740,2599,,74,74,74,,-1,-1,-1.000000,-1,t
cpu-gpu-v2,2026-07-19T01:43:00,"20260718_092807_session5",64,64,4,"REDUCTION","openmp_sum_reduction",cpu_native,"Intel(R) Core(TM) i9-7900X CPU @ 3.30GHz",10,256000000,"elements=256000000",37,1.009919,1.009919,1.009919,120.638790,121.900122,1.261332,3.294598e+00,120.702826,1.286952e-08,27.295118,27.295118,9.472000e+09,9.38,1.024000e+09,120.70,in_range,,,,2599,2739,,74,74,74,,-1,-1,-1.000000,-1,t
cpu-gpu-v2,2026-07-19T01:43:01,"20260718_092807_session5",65,65,5,"REDUCTION","openmp_sum_reduction",cpu_native,"Intel(R) Core(TM) i9-7900X CPU @ 3.30GHz",10,256000000,"elements=256000000",37,1.004609,1.004609,1.004609,120.329159,121.569683,1.240524,3.285667e+00,121.011989,1.283464e-08,27.151583,27.151583,9.472000e+09,9.43,1.024000e+09,121.01,in_range,,,,2739,2739,,74,74,74,,-1,-1,-1.000000,-1,t
cpu-gpu-v2,2026-07-19T01:43:02,"20260718_092807_session5",66,66,6,"REDUCTION","openmp_sum_reduction",cpu_native,"Intel(R) Core(TM) i9-7900X CPU @ 3.30GHz",10,256000000,"elements=256000000",37,1.006350,1.006350,1.006350,120.483823,121.735699,1.251876,3.290154e+00,120.967604,1.285216e-08,27.198638,27.198638,9.472000e+09,9.41,1.024000e+09,120.97,in_range,,,,2739,2739,,74,74,74,,-1,-1,-1.000000,-1,t
cpu-gpu-v2,2026-07-19T01:43:03,"20260718_092807_session5",67,67,7,"REDUCTION","openmp_sum_reduction",cpu_native,"Intel(R) Core(TM) i9-7900X CPU @ 3.30GHz",10,256000000,"elements=256000000",37,1.009982,1.009982,1.009982,120.922603,122.183170,1.260567,3.302248e+00,120.975647,1.289941e-08,27.296798,27.296798,9.472000e+09,9.38,1.024000e+09,120.98,in_range,,,,2739,2739,,74,74,74,,-1,-1,-1.000000,-1,t
cpu-gpu-v2,2026-07-19T01:43:04,"20260718_092807_session5",68,68,8,"REDUCTION","openmp_sum_reduction",cpu_native,"Intel(R) Core(TM) i9-7900X CPU @ 3.30GHz",10,256000000,"elements=256000000",37,1.009269,1.009269,1.009269,120.758724,122.029343,1.270619,3.298090e+00,120.908631,1.288317e-08,27.277543,27.277543,9.472000e+09,9.39,1.024000e+09,120.91,in_range,,,,2739,2739,,74,74,74,,-1,-1,-1.000000,-1,t
cpu-gpu-v2,2026-07-19T01:43:05,"20260718_092807_session5",69,69,9,"REDUCTION","openmp_sum_reduction",cpu_native,"Intel(R) Core(TM) i9-7900X CPU @ 3.30GHz",10,256000000,"elements=256000000",37,1.010183,1.010183,1.010183,121.400202,122.668863,1.268661,3.315375e+00,121.432260,1.295068e-08,27.302256,27.302256,9.472000e+09,9.38,1.024000e+09,121.43,in_range,,,,2739,2740,,75,74,75,,-1,-1,-1.000000,-1,t
cpu-gpu-v2,2026-07-19T01:43:06,"20260718_092807_session5",70,70,10,"REDUCTION","openmp_sum_reduction",cpu_native,"Intel(R) Core(TM) i9-7900X CPU @ 3.30GHz",10,256000000,"elements=256000000",37,1.008330,1.008330,1.008330,121.414972,122.662534,1.247562,3.315204e+00,121.649147,1.295001e-08,27.252173,27.252173,9.472000e+09,9.39,1.024000e+09,121.65,in_range,,,,2880,2739,,75,75,74,,-1,-1,-1.000000,-1,t
cpu-gpu-v2,2026-07-19T01:43:09,"20260718_092807_session5",71,71,1,"REDUCTION","openmp_sum_reduction",cpu_native,"Intel(R) Core(TM) i9-7900X CPU @ 3.30GHz",10,8000000,"elements=8000000",1196,1.001381,1.001381,1.001381,117.016363,117.742944,0.726581,9.844728e-02,117.580514,1.230591e-08,0.837275,0.837275,9.567999e+09,9.55,3.200000e+07,117.58,in_range,,,,2600,2599,,74,74,74,,-1,-1,-1.000000,-1,t
cpu-gpu-v2,2026-07-19T01:43:10,"20260718_092807_session5",72,72,2,"REDUCTION","openmp_sum_reduction",cpu_native,"Intel(R) Core(TM) i9-7900X CPU @ 3.30GHz",10,8000000,"elements=8000000",1196,1.006017,1.006017,1.006017,117.316716,118.050917,0.734201,9.870478e-02,117.344850,1.233810e-08,0.841151,0.841151,9.567999e+09,9.51,3.200000e+07,117.34,in_range,,,,2599,2740,,75,74,75,,-1,-1,-1.000000,-1,t
cpu-gpu-v2,2026-07-19T01:43:11,"20260718_092807_session5",73,73,3,"REDUCTION","openmp_sum_reduction",cpu_native,"Intel(R) Core(TM) i9-7900X CPU @ 3.30GHz",10,8000000,"elements=8000000",1196,1.003143,1.003143,1.003143,117.290654,118.018123,0.727469,9.867736e-02,117.648331,1.233467e-08,0.838748,0.838748,9.567999e+09,9.54,3.200000e+07,117.65,in_range,,,,2740,2880,,75,75,74,,-1,-1,-1.000000,-1,t
cpu-gpu-v2,2026-07-19T01:43:12,"20260718_092807_session5",74,74,4,"REDUCTION","openmp_sum_reduction",cpu_native,"Intel(R) Core(TM) i9-7900X CPU @ 3.30GHz",10,8000000,"elements=8000000",1196,1.007456,1.007456,1.007456,117.938053,118.679981,0.741928,9.923075e-02,117.801703,1.240385e-08,0.842354,0.842354,9.567999e+09,9.50,3.200000e+07,117.80,in_range,,,,2880,2739,,74,74,74,,-1,-1,-1.000000,-1,t
cpu-gpu-v2,2026-07-19T01:43:13,"20260718_092807_session5",75,75,5,"REDUCTION","openmp_sum_reduction",cpu_native,"Intel(R) Core(TM) i9-7900X CPU @ 3.30GHz",10,8000000,"elements=8000000",1196,1.004994,1.004994,1.004994,117.216253,117.940173,0.723920,9.861218e-02,117.354061,1.232652e-08,0.840296,0.840296,9.567999e+09,9.52,3.200000e+07,117.35,in_range,,,,2740,2739,,74,74,74,,-1,-1,-1.000000,-1,t
cpu-gpu-v2,2026-07-19T01:43:14,"20260718_092807_session5",76,76,6,"REDUCTION","openmp_sum_reduction",cpu_native,"Intel(R) Core(TM) i9-7900X CPU @ 3.30GHz",10,8000000,"elements=8000000",1196,1.009049,1.009049,1.009049,117.874088,118.585951,0.711863,9.915213e-02,117.522526,1.239402e-08,0.843686,0.843686,9.567999e+09,9.48,3.200000e+07,117.52,in_range,,,,2739,2739,,74,74,74,,-1,-1,-1.000000,-1,t
cpu-gpu-v2,2026-07-19T01:43:15,"20260718_092807_session5",77,77,7,"REDUCTION","openmp_sum_reduction",cpu_native,"Intel(R) Core(TM) i9-7900X CPU @ 3.30GHz",10,8000000,"elements=8000000",1196,1.006287,1.006287,1.006287,117.467839,118.193013,0.725174,9.882359e-02,117.454606,1.235295e-08,0.841377,0.841377,9.567999e+09,9.51,3.200000e+07,117.45,in_range,,,,2739,2739,,75,74,75,,-1,-1,-1.000000,-1,t
cpu-gpu-v2,2026-07-19T01:43:16,"20260718_092807_session5",78,78,8,"REDUCTION","openmp_sum_reduction",cpu_native,"Intel(R) Core(TM) i9-7900X CPU @ 3.30GHz",10,8000000,"elements=8000000",1196,1.003866,1.003866,1.003866,117.185613,117.913311,0.727698,9.858972e-02,117.459188,1.232372e-08,0.839353,0.839353,9.567999e+09,9.53,3.200000e+07,117.46,in_range,,,,2739,2880,,75,75,75,,-1,-1,-1.000000,-1,t
cpu-gpu-v2,2026-07-19T01:43:17,"20260718_092807_session5",79,79,9,"REDUCTION","openmp_sum_reduction",cpu_native,"Intel(R) Core(TM) i9-7900X CPU @ 3.30GHz",10,8000000,"elements=8000000",1196,1.007143,1.007143,1.007143,117.960941,118.701400,0.740459,9.924866e-02,117.859498,1.240608e-08,0.842093,0.842093,9.567999e+09,9.50,3.200000e+07,117.86,in_range,,,,2880,2740,,75,75,75,,-1,-1,-1.000000,-1,t
cpu-gpu-v2,2026-07-19T01:43:18,"20260718_092807_session5",80,80,10,"REDUCTION","openmp_sum_reduction",cpu_native,"Intel(R) Core(TM) i9-7900X CPU @ 3.30GHz",10,8000000,"elements=8000000",1196,1.006680,1.006680,1.006680,117.855594,118.609823,0.754229,9.917209e-02,117.822719,1.239651e-08,0.841706,0.841706,9.567999e+09,9.50,3.200000e+07,117.82,in_range,,,,2740,2740,,75,75,75,,-1,-1,-1.000000,-1,t
cpu-gpu-v2,2026-07-19T01:43:21,"20260718_092807_session5",81,81,1,"REDUCTION","openmp_sum_reduction",cpu_native,"Intel(R) Core(TM) i9-7900X CPU @ 3.30GHz",8,2000000,"elements=2000000",3903,1.000301,1.000301,1.000301,91.933115,91.933115,0.000000,2.355447e-02,91.905416,1.177724e-08,0.256290,0.256290,7.805996e+09,7.80,8.000004e+06,91.91,in_range,,,,2459,2460,,73,73,72,,-1,-1,-1.000000,-1,t
cpu-gpu-v2,2026-07-19T01:43:22,"20260718_092807_session5",82,82,2,"REDUCTION","openmp_sum_reduction",cpu_native,"Intel(R) Core(TM) i9-7900X CPU @ 3.30GHz",8,2000000,"elements=2000000",3903,1.005372,1.005372,1.005372,92.117501,92.117501,0.000000,2.360172e-02,91.625316,1.180086e-08,0.257589,0.257589,7.805996e+09,7.76,8.000004e+06,91.63,in_range,,,,2460,2459,,73,72,73,,-1,-1,-1.000000,-1,t
cpu-gpu-v2,2026-07-19T01:43:23,"20260718_092807_session5",83,83,3,"REDUCTION","openmp_sum_reduction",cpu_native,"Intel(R) Core(TM) i9-7900X CPU @ 3.30GHz",8,2000000,"elements=2000000",3903,1.006098,1.006098,1.006098,92.076424,92.076424,0.000000,2.359119e-02,91.518343,1.179560e-08,0.257776,0.257776,7.805996e+09,7.76,8.000004e+06,91.52,in_range,,,,2459,2460,,73,73,72,,-1,-1,-1.000000,-1,t
cpu-gpu-v2,2026-07-19T01:43:24,"20260718_092807_session5",84,84,4,"REDUCTION","openmp_sum_reduction",cpu_native,"Intel(R) Core(TM) i9-7900X CPU @ 3.30GHz",8,2000000,"elements=2000000",3903,1.003978,1.003978,1.003978,91.892038,91.892038,0.000000,2.354395e-02,91.527908,1.177198e-08,0.257232,0.257232,7.805996e+09,7.78,8.000004e+06,91.53,in_range,,,,2459,2459,,72,72,72,,-1,-1,-1.000000,-1,t
cpu-gpu-v2,2026-07-19T01:43:25,"20260718_092807_session5",85,85,5,"REDUCTION","openmp_sum_reduction",cpu_native,"Intel(R) Core(TM) i9-7900X CPU @ 3.30GHz",8,2000000,"elements=2000000",3903,1.006033,1.006033,1.006033,92.187325,92.187325,0.000000,2.361961e-02,91.634472,1.180981e-08,0.257759,0.257759,7.805996e+09,7.76,8.000004e+06,91.63,in_range,,,,2572,2459,,73,72,73,,-1,-1,-1.000000,-1,t
cpu-gpu-v2,2026-07-19T01:43:26,"20260718_092807_session5",86,86,6,"REDUCTION","openmp_sum_reduction",cpu_native,"Intel(R) Core(TM) i9-7900X CPU @ 3.30GHz",8,2000000,"elements=2000000",3903,0.999947,0.999947,0.999947,91.936532,91.936532,0.000000,2.355535e-02,91.941399,1.177768e-08,0.256200,0.256200,7.805996e+09,7.81,8.000004e+06,91.94,in_range,,,,2459,2460,,73,73,73,,-1,-1,-1.000000,-1,t
cpu-gpu-v2,2026-07-19T01:43:27,"20260718_092807_session5",87,87,7,"REDUCTION","openmp_sum_reduction",cpu_native,"Intel(R) Core(TM) i9-7900X CPU @ 3.30GHz",8,2000000,"elements=2000000",3903,1.000008,1.000008,1.000008,92.649116,92.649116,0.000000,2.373792e-02,92.648366,1.186897e-08,0.256215,0.256215,7.805996e+09,7.81,8.000004e+06,92.65,in_range,,,,2460,2460,,73,73,73,,-1,-1,-1.000000,-1,t
cpu-gpu-v2,2026-07-19T01:43:28,"20260718_092807_session5",88,88,8,"REDUCTION","openmp_sum_reduction",cpu_native,"Intel(R) Core(TM) i9-7900X CPU @ 3.30GHz",8,2000000,"elements=2000000",3903,0.999817,0.999817,0.999817,91.651315,91.651315,0.000000,2.348227e-02,91.668082,1.174114e-08,0.256166,0.256166,7.805996e+09,7.81,8.000004e+06,91.67,in_range,,,,2460,2459,,73,73,73,,-1,-1,-1.000000,-1,t
cpu-gpu-v2,2026-07-19T01:43:29,"20260718_092807_session5",89,89,9,"REDUCTION","openmp_sum_reduction",cpu_native,"Intel(R) Core(TM) i9-7900X CPU @ 3.30GHz",8,2000000,"elements=2000000",3903,0.999085,0.999085,0.999085,91.612742,91.612742,0.000000,2.347239e-02,91.696668,1.173620e-08,0.255979,0.255979,7.805996e+09,7.81,8.000004e+06,91.70,in_range,,,,2459,2460,,73,73,73,,-1,-1,-1.000000,-1,t
cpu-gpu-v2,2026-07-19T01:43:30,"20260718_092807_session5",90,90,10,"REDUCTION","openmp_sum_reduction",cpu_native,"Intel(R) Core(TM) i9-7900X CPU @ 3.30GHz",8,2000000,"elements=2000000",3903,1.001146,1.001146,1.001146,91.919992,91.919992,0.000000,2.355111e-02,91.814750,1.177556e-08,0.256507,0.256507,7.805996e+09,7.80,8.000004e+06,91.81,in_range,,,,2460,2459,,73,73,73,,-1,-1,-1.000000,-1,t
cpu-gpu-v2,2026-07-19T01:43:32,"20260718_092807_session5",91,91,1,"REDUCTION","openmp_sum_reduction",cpu_native,"Intel(R) Core(TM) i9-7900X CPU @ 3.30GHz",20,1000000,"elements=1000000",16886,1.000723,1.000723,1.000723,118.790650,118.790650,0.000000,7.034860e-03,118.704882,7.034867e-09,0.059263,0.059263,1.688598e+10,16.87,4.000004e+06,118.70,in_range,,,,4000,3999,,79,79,79,,-1,-1,-1.000000,-1,t
cpu-gpu-v2,2026-07-19T01:43:33,"20260718_092807_session5",92,92,2,"REDUCTION","openmp_sum_reduction",cpu_native,"Intel(R) Core(TM) i9-7900X CPU @ 3.30GHz",20,1000000,"elements=1000000",16886,0.999862,0.999862,0.999862,118.864625,118.864625,0.000000,7.039241e-03,118.881087,7.039248e-09,0.059212,0.059212,1.688598e+10,16.89,4.000004e+06,118.88,in_range,,,,4000,3999,,79,79,78,,-1,-1,-1.000000,-1,t
cpu-gpu-v2,2026-07-19T01:43:34,"20260718_092807_session5",93,93,3,"REDUCTION","openmp_sum_reduction",cpu_native,"Intel(R) Core(TM) i9-7900X CPU @ 3.30GHz",20,1000000,"elements=1000000",16886,1.002213,1.002213,1.002213,119.210022,119.210022,0.000000,7.059696e-03,118.946803,7.059703e-09,0.059352,0.059352,1.688598e+10,16.85,4.000004e+06,118.95,in_range,,,,3999,3999,,79,78,79,,-1,-1,-1.000000,-1,t
cpu-gpu-v2,2026-07-19T01:43:35,"20260718_092807_session5",94,94,4,"REDUCTION","openmp_sum_reduction",cpu_native,"Intel(R) Core(TM) i9-7900X CPU @ 3.30GHz",20,1000000,"elements=1000000",16886,1.001685,1.001685,1.001685,119.328796,119.328796,0.000000,7.066730e-03,119.128117,7.066737e-09,0.059320,0.059320,1.688598e+10,16.86,4.000004e+06,119.13,in_range,,,,4000,4000,,79,79,79,,-1,-1,-1.000000,-1,t
cpu-gpu-v2,2026-07-19T01:43:36,"20260718_092807_session5",95,95,5,"REDUCTION","openmp_sum_reduction",cpu_native,"Intel(R) Core(TM) i9-7900X CPU @ 3.30GHz",20,1000000,"elements=1000000",16886,1.001733,1.001733,1.001733,119.253296,119.253296,0.000000,7.062258e-03,119.046938,7.062266e-09,0.059323,0.059323,1.688598e+10,16.86,4.000004e+06,119.05,in_range,,,,3999,4000,,79,79,79,,-1,-1,-1.000000,-1,t
cpu-gpu-v2,2026-07-19T01:43:37,"20260718_092807_session5",96,96,6,"REDUCTION","openmp_sum_reduction",cpu_native,"Intel(R) Core(TM) i9-7900X CPU @ 3.30GHz",20,1000000,"elements=1000000",16886,1.001758,1.001758,1.001758,119.269775,119.269775,0.000000,7.063234e-03,119.060459,7.063241e-09,0.059325,0.059325,1.688598e+10,16.86,4.000004e+06,119.06,in_range,,,,4000,4000,,79,79,79,,-1,-1,-1.000000,-1,t
cpu-gpu-v2,2026-07-19T01:43:38,"20260718_092807_session5",97,97,7,"REDUCTION","openmp_sum_reduction",cpu_native,"Intel(R) Core(TM) i9-7900X CPU @ 3.30GHz",20,1000000,"elements=1000000",16886,1.001952,1.001952,1.001952,119.138306,119.138306,0.000000,7.055449e-03,118.906247,7.055456e-09,0.059336,0.059336,1.688598e+10,16.85,4.000004e+06,118.91,in_range,,,,3999,3999,,80,79,80,,-1,-1,-1.000000,-1,t
cpu-gpu-v2,2026-07-19T01:43:39,"20260718_092807_session5",98,98,8,"REDUCTION","openmp_sum_reduction",cpu_native,"Intel(R) Core(TM) i9-7900X CPU @ 3.30GHz",20,1000000,"elements=1000000",16886,1.001389,1.001389,1.001389,119.097961,119.097961,0.000000,7.053059e-03,118.932733,7.053066e-09,0.059303,0.059303,1.688598e+10,16.86,4.000004e+06,118.93,in_range,,,,3999,3999,,80,80,80,,-1,-1,-1.000000,-1,t
cpu-gpu-v2,2026-07-19T01:43:40,"20260718_092807_session5",99,99,9,"REDUCTION","openmp_sum_reduction",cpu_native,"Intel(R) Core(TM) i9-7900X CPU @ 3.30GHz",20,1000000,"elements=1000000",16886,1.001044,1.001044,1.001044,119.195984,119.195984,0.000000,7.058864e-03,119.071704,7.058871e-09,0.059282,0.059282,1.688598e+10,16.87,4.000004e+06,119.07,in_range,,,,4000,4000,,80,80,80,,-1,-1,-1.000000,-1,t
cpu-gpu-v2,2026-07-19T01:43:41,"20260718_092807_session5",100,100,10,"REDUCTION","openmp_sum_reduction",cpu_native,"Intel(R) Core(TM) i9-7900X CPU @ 3.30GHz",20,1000000,"elements=1000000",16886,1.002175,1.002175,1.002175,119.436644,119.436644,0.000000,7.073116e-03,119.177469,7.073124e-09,0.059349,0.059349,1.688598e+10,16.85,4.000004e+06,119.18,in_range,,,,3999,4000,,80,80,80,,-1,-1,-1.000000,-1,t
cpu-gpu-v2,2026-07-19T01:43:44,"20260718_092807_session5",101,101,1,"REDUCTION","openmp_sum_reduction",cpu_native,"Intel(R) Core(TM) i9-7900X CPU @ 3.30GHz",16,4000000,"elements=4000000",3842,1.000139,1.000139,1.000139,124.881577,124.881577,0.000000,3.250431e-02,124.864224,8.126081e-09,0.260317,0.260317,1.536800e+10,15.37,1.600000e+07,124.86,in_range,,,,3439,3579,,80,80,80,,-1,-1,-1.000000,-1,t
cpu-gpu-v2,2026-07-19T01:43:45,"20260718_092807_session5",102,102,2,"REDUCTION","openmp_sum_reduction",cpu_native,"Intel(R) Core(TM) i9-7900X CPU @ 3.30GHz",16,4000000,"elements=4000000",3842,1.000397,1.000397,1.000397,125.081101,125.081101,0.000000,3.255625e-02,125.031510,8.139064e-09,0.260384,0.260384,1.536800e+10,15.36,1.600000e+07,125.03,in_range,,,,3579,3580,,80,80,80,,-1,-1,-1.000000,-1,t
cpu-gpu-v2,2026-07-19T01:43:46,"20260718_092807_session5",103,103,3,"REDUCTION","openmp_sum_reduction",cpu_native,"Intel(R) Core(TM) i9-7900X CPU @ 3.30GHz",16,4000000,"elements=4000000",3842,1.000318,1.000318,1.000318,125.112656,125.112656,0.000000,3.256446e-02,125.072892,8.141117e-09,0.260364,0.260364,1.536800e+10,15.36,1.600000e+07,125.07,in_range,,,,3580,3439,,80,80,80,,-1,-1,-1.000000,-1,t
cpu-gpu-v2,2026-07-19T01:43:47,"20260718_092807_session5",104,104,4,"REDUCTION","openmp_sum_reduction",cpu_native,"Intel(R) Core(TM) i9-7900X CPU @ 3.30GHz",16,4000000,"elements=4000000",3842,1.000284,1.000284,1.000284,125.229294,125.229294,0.000000,3.259482e-02,125.193718,8.148707e-09,0.260355,0.260355,1.536800e+10,15.36,1.600000e+07,125.19,in_range,,,,3439,3439,,80,80,80,,-1,-1,-1.000000,-1,t
cpu-gpu-v2,2026-07-19T01:43:48,"20260718_092807_session5",105,105,5,"REDUCTION","openmp_sum_reduction",cpu_native,"Intel(R) Core(TM) i9-7900X CPU @ 3.30GHz",16,4000000,"elements=4000000",3842,1.000226,1.000226,1.000226,125.220688,125.220688,0.000000,3.259258e-02,125.192448,8.148147e-09,0.260340,0.260340,1.536800e+10,15.36,1.600000e+07,125.19,in_range,,,,3440,3439,,80,80,80,,-1,-1,-1.000000,-1,t
cpu-gpu-v2,2026-07-19T01:43:49,"20260718_092807_session5",106,106,6,"REDUCTION","openmp_sum_reduction",cpu_native,"Intel(R) Core(TM) i9-7900X CPU @ 3.30GHz",16,4000000,"elements=4000000",3842,1.000305,1.000305,1.000305,125.384872,125.384872,0.000000,3.263531e-02,125.346632,8.158830e-09,0.260361,0.260361,1.536800e+10,15.36,1.600000e+07,125.35,in_range,,,,3440,3579,,81,80,81,,-1,-1,-1.000000,-1,t
cpu-gpu-v2,2026-07-19T01:43:50,"20260718_092807_session5",107,107,7,"REDUCTION","openmp_sum_reduction",cpu_native,"Intel(R) Core(TM) i9-7900X CPU @ 3.30GHz",16,4000000,"elements=4000000",3842,1.000504,1.000504,1.000504,125.397750,125.397750,0.000000,3.263866e-02,125.334547,8.159668e-09,0.260412,0.260412,1.536800e+10,15.36,1.600000e+07,125.33,in_range,,,,3579,3439,,81,81,81,,-1,-1,-1.000000,-1,t
cpu-gpu-v2,2026-07-19T01:43:51,"20260718_092807_session5",108,108,8,"REDUCTION","openmp_sum_reduction",cpu_native,"Intel(R) Core(TM) i9-7900X CPU @ 3.30GHz",16,4000000,"elements=4000000",3842,1.000293,1.000293,1.000293,125.395919,125.395919,0.000000,3.263819e-02,125.359248,8.159549e-09,0.260357,0.260357,1.536800e+10,15.36,1.600000e+07,125.36,in_range,,,,3439,3439,,81,81,80,,-1,-1,-1.000000,-1,t
cpu-gpu-v2,2026-07-19T01:43:52,"20260718_092807_session5",109,109,9,"REDUCTION","openmp_sum_reduction",cpu_native,"Intel(R) Core(TM) i9-7900X CPU @ 3.30GHz",16,4000000,"elements=4000000",3842,1.000095,1.000095,1.000095,125.212509,125.212509,0.000000,3.259045e-02,125.200568,8.147615e-09,0.260306,0.260306,1.536800e+10,15.37,1.600000e+07,125.20,in_range,,,,3439,3579,,81,80,81,,-1,-1,-1.000000,-1,t
cpu-gpu-v2,2026-07-19T01:43:53,"20260718_092807_session5",110,110,10,"REDUCTION","openmp_sum_reduction",cpu_native,"Intel(R) Core(TM) i9-7900X CPU @ 3.30GHz",16,4000000,"elements=4000000",3842,1.000067,1.000067,1.000067,125.452010,125.452010,0.000000,3.265279e-02,125.443666,8.163199e-09,0.260298,0.260298,1.536800e+10,15.37,1.600000e+07,125.44,in_range,,,,3579,3439,,81,81,81,,-1,-1,-1.000000,-1,t
cpu-gpu-v2,2026-07-19T01:43:55,"20260718_092807_session5",111,111,1,"REDUCTION","openmp_sum_reduction",cpu_native,"Intel(R) Core(TM) i9-7900X CPU @ 3.30GHz",2,32000000,"elements=32000000",67,1.013358,1.013358,1.013358,51.503286,51.595454,0.092168,7.700814e-01,50.915303,2.406504e-08,15.124754,15.124754,2.144000e+09,2.12,1.280000e+08,50.92,in_range,,,,1520,1519,,77,77,76,,-1,-1,-1.000000,-1,t
cpu-gpu-v2,2026-07-19T01:43:56,"20260718_092807_session5",112,112,2,"REDUCTION","openmp_sum_reduction",cpu_native,"Intel(R) Core(TM) i9-7900X CPU @ 3.30GHz",2,32000000,"elements=32000000",67,1.016016,1.016016,1.016016,50.820121,50.911645,0.091524,7.598753e-01,50.109095,2.374610e-08,15.164419,15.164419,2.144000e+09,2.11,1.280000e+08,50.11,in_range,,,,1519,1519,,76,76,76,,-1,-1,-1.000000,-1,t
cpu-gpu-v2,2026-07-19T01:43:57,"20260718_092807_session5",113,113,3,"REDUCTION","openmp_sum_reduction",cpu_native,"Intel(R) Core(TM) i9-7900X CPU @ 3.30GHz",2,32000000,"elements=32000000",67,1.019136,1.019136,1.019136,50.833182,50.924217,0.091035,7.600629e-01,49.968052,2.375197e-08,15.210978,15.210978,2.144000e+09,2.10,1.280000e+08,49.97,in_range,,,,1480,1520,,76,76,76,,-1,-1,-1.000000,-1,t
cpu-gpu-v2,2026-07-19T01:43:58,"20260718_092807_session5",114,114,4,"REDUCTION","openmp_sum_reduction",cpu_native,"Intel(R) Core(TM) i9-7900X CPU @ 3.30GHz",2,32000000,"elements=32000000",67,1.017004,1.017004,1.017004,51.838490,51.930030,0.091540,7.750751e-01,51.061759,2.422110e-08,15.179169,15.179169,2.144000e+09,2.11,1.280000e+08,51.06,in_range,,,,1672,1520,,76,76,76,,-1,-1,-1.000000,-1,t
cpu-gpu-v2,2026-07-19T01:43:59,"20260718_092807_session5",115,115,5,"REDUCTION","openmp_sum_reduction",cpu_native,"Intel(R) Core(TM) i9-7900X CPU @ 3.30GHz",2,32000000,"elements=32000000",67,1.021360,1.021360,1.021360,51.927540,52.018146,0.090606,7.763902e-01,50.930253,2.426220e-08,15.244186,15.244186,2.144000e+09,2.10,1.280000e+08,50.93,in_range,,,,1490,1685,,76,76,76,,-1,-1,-1.000000,-1,t
cpu-gpu-v2,2026-07-19T01:44:00,"20260718_092807_session5",116,116,6,"REDUCTION","openmp_sum_reduction",cpu_native,"Intel(R) Core(TM) i9-7900X CPU @ 3.30GHz",2,32000000,"elements=32000000",67,1.020035,1.020035,1.020035,52.176624,52.259933,0.083309,7.799990e-01,51.233451,2.437497e-08,15.224409,15.224409,2.144000e+09,2.10,1.280000e+08,51.23,in_range,,,,1671,1674,,76,76,76,,-1,-1,-1.000000,-1,t
cpu-gpu-v2,2026-07-19T01:44:01,"20260718_092807_session5",117,117,7,"REDUCTION","openmp_sum_reduction",cpu_native,"Intel(R) Core(TM) i9-7900X CPU @ 3.30GHz",2,32000000,"elements=32000000",67,1.020867,1.020867,1.020867,52.207691,52.293968,0.086277,7.805070e-01,51.225034,2.439084e-08,15.236827,15.236827,2.144000e+09,2.10,1.280000e+08,51.23,in_range,,,,1659,1519,,76,76,75,,-1,-1,-1.000000,-1,t
cpu-gpu-v2,2026-07-19T01:44:02,"20260718_092807_session5",118,118,8,"REDUCTION","openmp_sum_reduction",cpu_native,"Intel(R) Core(TM) i9-7900X CPU @ 3.30GHz",2,32000000,"elements=32000000",67,1.020248,1.020248,1.020248,53.223496,53.309726,0.086230,7.956676e-01,52.251753,2.486461e-08,15.227576,15.227576,2.144000e+09,2.10,1.280000e+08,52.25,in_range,,,,1500,1674,,75,75,75,,-1,-1,-1.000000,-1,t
cpu-gpu-v2,2026-07-19T01:44:03,"20260718_092807_session5",119,119,9,"REDUCTION","openmp_sum_reduction",cpu_native,"Intel(R) Core(TM) i9-7900X CPU @ 3.30GHz",2,32000000,"elements=32000000",67,1.019882,1.019882,1.019882,52.377918,52.458411,0.080493,7.829614e-01,51.435772,2.446754e-08,15.222117,15.222117,2.144000e+09,2.10,1.280000e+08,51.44,in_range,,,,1660,1519,,76,75,76,,-1,-1,-1.000000,-1,t
cpu-gpu-v2,2026-07-19T01:44:04,"20260718_092807_session5",120,120,10,"REDUCTION","openmp_sum_reduction",cpu_native,"Intel(R) Core(TM) i9-7900X CPU @ 3.30GHz",2,32000000,"elements=32000000",67,1.015438,1.015438,1.015438,52.178700,52.265834,0.087134,7.800871e-01,51.471202,2.437772e-08,15.155797,15.155797,2.144000e+09,2.11,1.280000e+08,51.47,in_range,,,,1656,1675,,76,76,76,,-1,-1,-1.000000,-1,t
cpu-gpu-v2,2026-07-19T01:44:06,"20260718_092807_session5",121,121,1,"REDUCTION","openmp_sum_reduction",cpu_native,"Intel(R) Core(TM) i9-7900X CPU @ 3.30GHz",20,2000000,"elements=2000000",9295,1.000181,1.000181,1.000181,123.164419,123.164419,0.000000,1.325061e-02,123.142091,6.625308e-09,0.107604,0.107604,1.858999e+10,18.59,8.000004e+06,123.14,in_range,,,,3999,3999,,79,79,79,,-1,-1,-1.000000,-1,t
cpu-gpu-v2,2026-07-19T01:44:07,"20260718_092807_session5",122,122,2,"REDUCTION","openmp_sum_reduction",cpu_native,"Intel(R) Core(TM) i9-7900X CPU @ 3.30GHz",20,2000000,"elements=2000000",9295,1.000068,1.000068,1.000068,123.452931,123.452931,0.000000,1.328165e-02,123.444575,6.640828e-09,0.107592,0.107592,1.858999e+10,18.59,8.000004e+06,123.44,in_range,,,,3999,3999,,80,79,80,,-1,-1,-1.000000,-1,t
cpu-gpu-v2,2026-07-19T01:44:08,"20260718_092807_session5",123,123,3,"REDUCTION","openmp_sum_reduction",cpu_native,"Intel(R) Core(TM) i9-7900X CPU @ 3.30GHz",20,2000000,"elements=2000000",9295,1.002930,1.002930,1.002930,123.822864,123.822864,0.000000,1.332145e-02,123.461086,6.660728e-09,0.107900,0.107900,1.858999e+10,18.54,8.000004e+06,123.46,in_range,,,,4000,4000,,81,80,81,,-1,-1,-1.000000,-1,t
cpu-gpu-v2,2026-07-19T01:44:09,"20260718_092807_session5",124,124,4,"REDUCTION","openmp_sum_reduction",cpu_native,"Intel(R) Core(TM) i9-7900X CPU @ 3.30GHz",20,2000000,"elements=2000000",9295,1.002192,1.002192,1.002192,123.917224,123.917224,0.000000,1.333160e-02,123.646223,6.665803e-09,0.107821,0.107821,1.858999e+10,18.55,8.000004e+06,123.65,in_range,,,,3999,4000,,81,81,81,,-1,-1,-1.000000,-1,t
cpu-gpu-v2,2026-07-19T01:44:10,"20260718_092807_session5",125,125,5,"REDUCTION","openmp_sum_reduction",cpu_native,"Intel(R) Core(TM) i9-7900X CPU @ 3.30GHz",20,2000000,"elements=2000000",9295,1.000021,1.000021,1.000021,123.861377,123.861377,0.000000,1.332559e-02,123.858752,6.662799e-09,0.107587,0.107587,1.858999e+10,18.59,8.000004e+06,123.86,in_range,,,,3999,3999,,81,81,81,,-1,-1,-1.000000,-1,t
cpu-gpu-v2,2026-07-19T01:44:11,"20260718_092807_session5",126,126,6,"REDUCTION","openmp_sum_reduction",cpu_native,"Intel(R) Core(TM) i9-7900X CPU @ 3.30GHz",20,2000000,"elements=2000000",9295,0.999841,0.999841,0.999841,124.004627,124.004627,0.000000,1.334100e-02,124.024308,6.670505e-09,0.107568,0.107568,1.858999e+10,18.59,8.000004e+06,124.02,in_range,,,,3999,3999,,81,81,81,,-1,-1,-1.000000,-1,t
cpu-gpu-v2,2026-07-19T01:44:12,"20260718_092807_session5",127,127,7,"REDUCTION","openmp_sum_reduction",cpu_native,"Intel(R) Core(TM) i9-7900X CPU @ 3.30GHz",20,2000000,"elements=2000000",9295,1.000063,1.000063,1.000063,123.698170,123.698170,0.000000,1.330803e-02,123.690376,6.654020e-09,0.107592,0.107592,1.858999e+10,18.59,8.000004e+06,123.69,in_range,,,,3999,3999,,81,81,81,,-1,-1,-1.000000,-1,t
cpu-gpu-v2,2026-07-19T01:44:13,"20260718_092807_session5",128,128,8,"REDUCTION","openmp_sum_reduction",cpu_native,"Intel(R) Core(TM) i9-7900X CPU @ 3.30GHz",20,2000000,"elements=2000000",9295,1.000120,1.000120,1.000120,123.746204,123.746204,0.000000,1.331320e-02,123.731352,6.656604e-09,0.107598,0.107598,1.858999e+10,18.59,8.000004e+06,123.73,in_range,,,,4000,4000,,81,81,81,,-1,-1,-1.000000,-1,t
cpu-gpu-v2,2026-07-19T01:44:14,"20260718_092807_session5",129,129,9,"REDUCTION","openmp_sum_reduction",cpu_native,"Intel(R) Core(TM) i9-7900X CPU @ 3.30GHz",20,2000000,"elements=2000000",9295,1.000366,1.000366,1.000366,124.279589,124.279589,0.000000,1.337059e-02,124.234069,6.685296e-09,0.107624,0.107624,1.858999e+10,18.58,8.000004e+06,124.23,in_range,,,,3999,3999,,81,81,81,,-1,-1,-1.000000,-1,t
cpu-gpu-v2,2026-07-19T01:44:15,"20260718_092807_session5",130,130,10,"REDUCTION","openmp_sum_reduction",cpu_native,"Intel(R) Core(TM) i9-7900X CPU @ 3.30GHz",20,2000000,"elements=2000000",9295,1.000491,1.000491,1.000491,124.409716,124.409716,0.000000,1.338458e-02,124.348642,6.692296e-09,0.107638,0.107638,1.858999e+10,18.58,8.000004e+06,124.35,in_range,,,,4000,3999,,81,81,81,,-1,-1,-1.000000,-1,t
cpu-gpu-v2,2026-07-19T01:44:18,"20260718_092807_session5",131,131,1,"REDUCTION","openmp_sum_reduction",cpu_native,"Intel(R) Core(TM) i9-7900X CPU @ 3.30GHz",20,64000000,"elements=64000000",155,1.000447,1.000447,1.000447,126.276898,127.774906,1.498008,8.243542e-01,127.717832,1.288054e-08,6.454496,6.454496,9.920000e+09,9.92,2.560000e+08,127.72,in_range,,,,4000,3999,,79,79,79,,-1,-1,-1.000000,-1,t
cpu-gpu-v2,2026-07-19T01:44:19,"20260718_092807_session5",132,132,2,"REDUCTION","openmp_sum_reduction",cpu_native,"Intel(R) Core(TM) i9-7900X CPU @ 3.30GHz",20,64000000,"elements=64000000",155,1.001170,1.001170,1.001170,126.420697,127.934218,1.513521,8.253821e-01,127.784648,1.289659e-08,6.459164,6.459164,9.920000e+09,9.91,2.560000e+08,127.78,in_range,,,,4000,4000,,79,79,79,,-1,-1,-1.000000,-1,t
cpu-gpu-v2,2026-07-19T01:44:20,"20260718_092807_session5",133,133,3,"REDUCTION","openmp_sum_reduction",cpu_native,"Intel(R) Core(TM) i9-7900X CPU @ 3.30GHz",20,64000000,"elements=64000000",155,1.013732,1.013732,1.013732,127.689981,129.211979,1.521998,8.336257e-01,127.461681,1.302540e-08,6.540206,6.540206,9.920000e+09,9.79,2.560000e+08,127.46,in_range,,,,3999,3999,,79,79,79,,-1,-1,-1.000000,-1,t
cpu-gpu-v2,2026-07-19T01:44:21,"20260718_092807_session5",134,134,4,"REDUCTION","openmp_sum_reduction",cpu_native,"Intel(R) Core(TM) i9-7900X CPU @ 3.30GHz",20,64000000,"elements=64000000",155,1.001654,1.001654,1.001654,126.727031,128.271107,1.544076,8.275555e-01,128.059313,1.293056e-08,6.462283,6.462283,9.920000e+09,9.90,2.560000e+08,128.06,in_range,,,,3999,3999,,79,79,79,,-1,-1,-1.000000,-1,t
cpu-gpu-v2,2026-07-19T01:44:22,"20260718_092807_session5",135,135,5,"REDUCTION","openmp_sum_reduction",cpu_native,"Intel(R) Core(TM) i9-7900X CPU @ 3.30GHz",20,64000000,"elements=64000000",155,1.001731,1.001731,1.001731,126.892803,128.410854,1.518051,8.284571e-01,128.189003,1.294464e-08,6.462778,6.462778,9.920000e+09,9.90,2.560000e+08,128.19,in_range,,,,3999,3999,,79,79,79,,-1,-1,-1.000000,-1,t
cpu-gpu-v2,2026-07-19T01:44:23,"20260718_092807_session5",136,136,6,"REDUCTION","openmp_sum_reduction",cpu_native,"Intel(R) Core(TM) i9-7900X CPU @ 3.30GHz",20,64000000,"elements=64000000",155,1.001612,1.001612,1.001612,126.623394,128.133091,1.509697,8.266651e-01,127.926853,1.291664e-08,6.462014,6.462014,9.920000e+09,9.90,2.560000e+08,127.93,in_range,,,,4000,4000,,79,79,79,,-1,-1,-1.000000,-1,t
cpu-gpu-v2,2026-07-19T01:44:24,"20260718_092807_session5",137,137,7,"REDUCTION","openmp_sum_reduction",cpu_native,"Intel(R) Core(TM) i9-7900X CPU @ 3.30GHz",20,64000000,"elements=64000000",155,1.003036,1.003036,1.003036,126.811199,128.328898,1.517699,8.279284e-01,127.940427,1.293638e-08,6.471202,6.471202,9.920000e+09,9.89,2.560000e+08,127.94,in_range,,,,3999,3999,,79,79,79,,-1,-1,-1.000000,-1,t
cpu-gpu-v2,2026-07-19T01:44:25,"20260718_092807_session5",138,138,8,"REDUCTION","openmp_sum_reduction",cpu_native,"Intel(R) Core(TM) i9-7900X CPU @ 3.30GHz",20,64000000,"elements=64000000",155,1.000882,1.000882,1.000882,126.591961,128.114877,1.522916,8.265476e-01,128.001999,1.291481e-08,6.457302,6.457302,9.920000e+09,9.91,2.560000e+08,128.00,in_range,,,,4000,4000,,79,79,79,,-1,-1,-1.000000,-1,t
cpu-gpu-v2,2026-07-19T01:44:26,"20260718_092807_session5",139,139,9,"REDUCTION","openmp_sum_reduction",cpu_native,"Intel(R) Core(TM) i9-7900X CPU @ 3.30GHz",20,64000000,"elements=64000000",155,1.001613,1.001613,1.001613,127.124858,128.627502,1.502644,8.298549e-01,128.420386,1.296648e-08,6.462018,6.462018,9.920000e+09,9.90,2.560000e+08,128.42,in_range,,,,4000,3999,,79,79,79,,-1,-1,-1.000000,-1,t
cpu-gpu-v2,2026-07-19T01:44:27,"20260718_092807_session5",140,140,10,"REDUCTION","openmp_sum_reduction",cpu_native,"Intel(R) Core(TM) i9-7900X CPU @ 3.30GHz",20,64000000,"elements=64000000",155,1.001340,1.001340,1.001340,127.122844,128.653073,1.530229,8.300198e-01,128.480887,1.296906e-08,6.460259,6.460259,9.920000e+09,9.91,2.560000e+08,128.48,in_range,,,,3999,3999,,79,79,79,,-1,-1,-1.000000,-1,t
cpu-gpu-v2,2026-07-19T01:44:30,"20260718_092807_session5",141,141,1,"REDUCTION","openmp_sum_reduction",cpu_native,"Intel(R) Core(TM) i9-7900X CPU @ 3.30GHz",1,64000000,"elements=64000000",18,1.040315,1.040315,1.040315,42.497572,42.503401,0.005829,2.361300e+00,40.856275,3.689531e-08,57.795285,57.795285,1.152000e+09,1.11,2.560000e+08,40.86,in_range,,,,1648,1364,,77,76,77,,-1,-1,-1.000000,-1,t
cpu-gpu-v2,2026-07-19T01:44:31,"20260718_092807_session5",142,142,2,"REDUCTION","openmp_sum_reduction",cpu_native,"Intel(R) Core(TM) i9-7900X CPU @ 3.30GHz",1,64000000,"elements=64000000",18,1.041000,1.041000,1.041000,42.766858,42.770698,0.003840,2.376150e+00,41.086158,3.712734e-08,57.833343,57.833343,1.152000e+09,1.11,2.560000e+08,41.09,in_range,,,,1365,1364,,77,77,76,,-1,-1,-1.000000,-1,t
cpu-gpu-v2,2026-07-19T01:44:32,"20260718_092807_session5",143,143,3,"REDUCTION","openmp_sum_reduction",cpu_native,"Intel(R) Core(TM) i9-7900X CPU @ 3.30GHz",1,64000000,"elements=64000000",18,1.044248,1.044248,1.044248,42.589917,42.596466,0.006549,2.366470e+00,40.791540,3.697610e-08,58.013754,58.013754,1.152000e+09,1.10,2.560000e+08,40.79,in_range,,,,1208,1656,,76,76,76,,-1,-1,-1.000000,-1,t
cpu-gpu-v2,2026-07-19T01:44:33,"20260718_092807_session5",144,144,4,"REDUCTION","openmp_sum_reduction",cpu_native,"Intel(R) Core(TM) i9-7900X CPU @ 3.30GHz",1,64000000,"elements=64000000",18,1.044780,1.044780,1.044780,42.699414,42.704126,0.004712,2.372451e+00,40.873800,3.706955e-08,58.043329,58.043329,1.152000e+09,1.10,2.560000e+08,40.87,in_range,,,,1506,1365,,77,76,77,,-1,-1,-1.000000,-1,t
cpu-gpu-v2,2026-07-19T01:44:35,"20260718_092807_session5",145,145,5,"REDUCTION","openmp_sum_reduction",cpu_native,"Intel(R) Core(TM) i9-7900X CPU @ 3.30GHz",1,64000000,"elements=64000000",18,1.043637,1.043637,1.043637,40.846636,40.851563,0.004927,2.269531e+00,39.143443,3.546143e-08,57.979859,57.979859,1.152000e+09,1.10,2.560000e+08,39.14,in_range,,,,1354,1364,,77,77,77,,-1,-1,-1.000000,-1,t
cpu-gpu-v2,2026-07-19T01:44:36,"20260718_092807_session5",146,146,6,"REDUCTION","openmp_sum_reduction",cpu_native,"Intel(R) Core(TM) i9-7900X CPU @ 3.30GHz",1,64000000,"elements=64000000",18,1.044262,1.044262,1.044262,40.896746,40.901749,0.005003,2.272319e+00,39.168105,3.550499e-08,58.014535,58.014535,1.152000e+09,1.10,2.560000e+08,39.17,in_range,,,,1199,1365,,77,77,76,,-1,-1,-1.000000,-1,t
cpu-gpu-v2,2026-07-19T01:44:37,"20260718_092807_session5",147,147,7,"REDUCTION","openmp_sum_reduction",cpu_native,"Intel(R) Core(TM) i9-7900X CPU @ 3.30GHz",1,64000000,"elements=64000000",18,1.044641,1.044641,1.044641,40.670855,40.675506,0.004651,2.259750e+00,38.937294,3.530860e-08,58.035629,58.035629,1.152000e+09,1.10,2.560000e+08,38.94,in_range,,,,1449,1364,,76,76,76,,-1,-1,-1.000000,-1,t
cpu-gpu-v2,2026-07-19T01:44:38,"20260718_092807_session5",148,148,8,"REDUCTION","openmp_sum_reduction",cpu_native,"Intel(R) Core(TM) i9-7900X CPU @ 3.30GHz",1,64000000,"elements=64000000",18,1.045013,1.045013,1.045013,40.875384,40.881152,0.005768,2.271175e+00,39.120233,3.548711e-08,58.056278,58.056278,1.152000e+09,1.10,2.560000e+08,39.12,in_range,,,,1252,1365,,76,76,76,,-1,-1,-1.000000,-1,t
cpu-gpu-v2,2026-07-19T01:44:39,"20260718_092807_session5",149,149,9,"REDUCTION","openmp_sum_reduction",cpu_native,"Intel(R) Core(TM) i9-7900X CPU @ 3.30GHz",1,64000000,"elements=64000000",18,1.044483,1.044483,1.044483,40.832171,40.838291,0.006120,2.268794e+00,39.099041,3.544991e-08,58.026844,58.026844,1.152000e+09,1.10,2.560000e+08,39.10,in_range,,,,1340,1364,,76,76,76,,-1,-1,-1.000000,-1,t
cpu-gpu-v2,2026-07-19T01:44:40,"20260718_092807_session5",150,150,10,"REDUCTION","openmp_sum_reduction",cpu_native,"Intel(R) Core(TM) i9-7900X CPU @ 3.30GHz",1,64000000,"elements=64000000",18,1.038623,1.038623,1.038623,40.731768,40.737781,0.006013,2.263210e+00,39.222869,3.536266e-08,57.701288,57.701288,1.152000e+09,1.11,2.560000e+08,39.22,in_range,,,,1367,1365,,76,76,75,,-1,-1,-1.000000,-1,t
cpu-gpu-v2,2026-07-19T01:44:44,"20260718_092807_session5",151,151,1,"REDUCTION","openmp_sum_reduction",cpu_native,"Intel(R) Core(TM) i9-7900X CPU @ 3.30GHz",2,16000000,"elements=16000000",133,1.006938,1.006938,1.006938,51.819936,51.888755,0.068819,3.901410e-01,51.531245,2.438381e-08,7.570960,7.570960,2.128000e+09,2.11,6.400000e+07,51.53,in_range,,,,1685,1685,,77,77,77,,-1,-1,-1.000000,-1,t
cpu-gpu-v2,2026-07-19T01:44:45,"20260718_092807_session5",152,152,2,"REDUCTION","openmp_sum_reduction",cpu_native,"Intel(R) Core(TM) i9-7900X CPU @ 3.30GHz",2,16000000,"elements=16000000",133,1.009830,1.009830,1.009830,52.091969,52.158463,0.066494,3.921689e-01,51.650753,2.451056e-08,7.592704,7.592704,2.128000e+09,2.11,6.400000e+07,51.65,in_range,,,,1653,1685,,77,77,77,,-1,-1,-1.000000,-1,t
cpu-gpu-v2,2026-07-19T01:44:46,"20260718_092807_session5",153,153,3,"REDUCTION","openmp_sum_reduction",cpu_native,"Intel(R) Core(TM) i9-7900X CPU @ 3.30GHz",2,16000000,"elements=16000000",133,1.005603,1.005603,1.005603,51.951588,52.010340,0.058752,3.910552e-01,51.720545,2.444095e-08,7.560926,7.560926,2.128000e+09,2.12,6.400000e+07,51.72,in_range,,,,1685,1685,,77,77,77,,-1,-1,-1.000000,-1,t
cpu-gpu-v2,2026-07-19T01:44:47,"20260718_092807_session5",154,154,4,"REDUCTION","openmp_sum_reduction",cpu_native,"Intel(R) Core(TM) i9-7900X CPU @ 3.30GHz",2,16000000,"elements=16000000",133,1.046106,1.046106,1.046106,52.336780,52.389764,0.052984,3.939080e-01,50.080746,2.461925e-08,7.865458,7.865458,2.128000e+09,2.03,6.400000e+07,50.08,in_range,,,,1645,1634,,77,77,72,,-1,-1,-1.000000,-1,t
cpu-gpu-v2,2026-07-19T01:44:48,"20260718_092807_session5",155,155,5,"REDUCTION","openmp_sum_reduction",cpu_native,"Intel(R) Core(TM) i9-7900X CPU @ 3.30GHz",2,16000000,"elements=16000000",133,1.046645,1.046645,1.046645,52.265613,52.318995,0.053382,3.933759e-01,49.987328,2.458600e-08,7.869513,7.869513,2.128000e+09,2.03,6.400000e+07,49.99,in_range,,,,1634,1634,,72,72,71,,-1,-1,-1.000000,-1,t
cpu-gpu-v2,2026-07-19T01:44:49,"20260718_092807_session5",156,156,6,"REDUCTION","openmp_sum_reduction",cpu_native,"Intel(R) Core(TM) i9-7900X CPU @ 3.30GHz",2,16000000,"elements=16000000",133,1.006842,1.006842,1.006842,51.709340,51.767740,0.058400,3.892311e-01,51.415929,2.432695e-08,7.570244,7.570244,2.128000e+09,2.11,6.400000e+07,51.42,in_range,,,,1625,1684,,76,71,76,,-1,-1,-1.000000,-1,t
cpu-gpu-v2,2026-07-19T01:44:50,"20260718_092807_session5",157,157,7,"REDUCTION","openmp_sum_reduction",cpu_native,"Intel(R) Core(TM) i9-7900X CPU @ 3.30GHz",2,16000000,"elements=16000000",133,1.022352,1.022352,1.022352,51.707143,51.770485,0.063342,3.892518e-01,50.638633,2.432824e-08,7.686854,7.686854,2.128000e+09,2.08,6.400000e+07,50.64,in_range,,,,1645,1685,,76,76,76,,-1,-1,-1.000000,-1,t
cpu-gpu-v2,2026-07-19T01:44:51,"20260718_092807_session5",158,158,8,"REDUCTION","openmp_sum_reduction",cpu_native,"Intel(R) Core(TM) i9-7900X CPU @ 3.30GHz",2,16000000,"elements=16000000",133,1.043038,1.043038,1.043038,51.516775,51.572314,0.055539,3.877618e-01,49.444313,2.423511e-08,7.842393,7.842393,2.128000e+09,2.04,6.400000e+07,49.44,in_range,,,,1654,1635,,76,76,72,,-1,-1,-1.000000,-1,t
cpu-gpu-v2,2026-07-19T01:44:52,"20260718_092807_session5",159,159,9,"REDUCTION","openmp_sum_reduction",cpu_native,"Intel(R) Core(TM) i9-7900X CPU @ 3.30GHz",2,16000000,"elements=16000000",133,1.010139,1.010139,1.010139,51.451834,51.514748,0.062914,3.873289e-01,50.997703,2.420806e-08,7.595027,7.595027,2.128000e+09,2.11,6.400000e+07,51.00,in_range,,,,1746,1947,,75,72,75,,-1,-1,-1.000000,-1,t
cpu-gpu-v2,2026-07-19T01:44:53,"20260718_092807_session5",160,160,10,"REDUCTION","openmp_sum_reduction",cpu_native,"Intel(R) Core(TM) i9-7900X CPU @ 3.30GHz",2,16000000,"elements=16000000",133,1.010091,1.010091,1.010091,51.437124,51.502164,0.065040,3.872343e-01,50.987639,2.420215e-08,7.594670,7.594670,2.128000e+09,2.11,6.400000e+07,50.99,in_range,,,,2046,1684,,76,75,76,,-1,-1,-1.000000,-1,t
cpu-gpu-v2,2026-07-19T01:44:57,"20260718_092807_session5",161,161,1,"REDUCTION","openmp_sum_reduction",cpu_native,"Intel(R) Core(TM) i9-7900X CPU @ 3.30GHz",1,256000000,"elements=256000000",5,1.155424,1.155424,1.155424,47.059022,47.063872,0.004850,9.412774e+00,40.732986,3.676865e-08,231.084811,231.084811,1.280000e+09,1.11,1.024000e+09,40.73,in_range,,,,1365,1365,,76,76,75,,-1,-1,-1.000000,-1,t
cpu-gpu-v2,2026-07-19T01:44:58,"20260718_092807_session5",162,162,2,"REDUCTION","openmp_sum_reduction",cpu_native,"Intel(R) Core(TM) i9-7900X CPU @ 3.30GHz",1,256000000,"elements=256000000",5,1.155535,1.155535,1.155535,46.875185,46.879178,0.003993,9.375836e+00,40.569255,3.662436e-08,231.106921,231.106921,1.280000e+09,1.11,1.024000e+09,40.57,in_range,,,,1340,1365,,75,75,75,,-1,-1,-1.000000,-1,t
cpu-gpu-v2,2026-07-19T01:44:59,"20260718_092807_session5",163,163,3,"REDUCTION","openmp_sum_reduction",cpu_native,"Intel(R) Core(TM) i9-7900X CPU @ 3.30GHz",1,256000000,"elements=256000000",5,1.157184,1.157184,1.157184,44.324350,44.329062,0.004712,8.865812e+00,38.307690,3.463208e-08,231.436881,231.436881,1.280000e+09,1.11,1.024000e+09,38.31,in_range,,,,1413,1364,,75,75,75,,-1,-1,-1.000000,-1,t
cpu-gpu-v2,2026-07-19T01:45:00,"20260718_092807_session5",164,164,4,"REDUCTION","openmp_sum_reduction",cpu_native,"Intel(R) Core(TM) i9-7900X CPU @ 3.30GHz",1,256000000,"elements=256000000",5,1.160173,1.160173,1.160173,44.349923,44.355079,0.005156,8.871016e+00,38.231440,3.465241e-08,232.034570,232.034570,1.280000e+09,1.10,1.024000e+09,38.23,in_range,,,,1335,1364,,75,75,75,,-1,-1,-1.000000,-1,t
cpu-gpu-v2,2026-07-19T01:45:01,"20260718_092807_session5",165,165,5,"REDUCTION","openmp_sum_reduction",cpu_native,"Intel(R) Core(TM) i9-7900X CPU @ 3.30GHz",1,256000000,"elements=256000000",5,1.159298,1.159298,1.159298,44.387277,44.392357,0.005080,8.878471e+00,38.292454,3.468153e-08,231.859558,231.859558,1.280000e+09,1.10,1.024000e+09,38.29,in_range,,,,1340,1365,,75,75,75,,-1,-1,-1.000000,-1,t
cpu-gpu-v2,2026-07-19T01:45:02,"20260718_092807_session5",166,166,6,"REDUCTION","openmp_sum_reduction",cpu_native,"Intel(R) Core(TM) i9-7900X CPU @ 3.30GHz",1,256000000,"elements=256000000",5,1.166002,1.166002,1.166002,45.221564,45.226537,0.004973,9.045307e+00,38.787699,3.533323e-08,233.200411,233.200411,1.280000e+09,1.10,1.024000e+09,38.79,in_range,,,,1308,1365,,75,75,75,,-1,-1,-1.000000,-1,t
cpu-gpu-v2,2026-07-19T01:45:04,"20260718_092807_session5",167,167,7,"REDUCTION","openmp_sum_reduction",cpu_native,"Intel(R) Core(TM) i9-7900X CPU @ 3.30GHz",1,256000000,"elements=256000000",5,1.160895,1.160895,1.160895,44.577218,44.581961,0.004743,8.916392e+00,38.403083,3.482966e-08,232.179072,232.179072,1.280000e+09,1.10,1.024000e+09,38.40,in_range,,,,1278,1365,,75,75,75,,-1,-1,-1.000000,-1,t
cpu-gpu-v2,2026-07-19T01:45:05,"20260718_092807_session5",168,168,8,"REDUCTION","openmp_sum_reduction",cpu_native,"Intel(R) Core(TM) i9-7900X CPU @ 3.30GHz",1,256000000,"elements=256000000",5,1.157498,1.157498,1.157498,44.296091,44.300941,0.004850,8.860188e+00,38.273018,3.461011e-08,231.499594,231.499594,1.280000e+09,1.11,1.024000e+09,38.27,in_range,,,,1254,1364,,75,75,75,,-1,-1,-1.000000,-1,t
cpu-gpu-v2,2026-07-19T01:45:06,"20260718_092807_session5",169,169,9,"REDUCTION","openmp_sum_reduction",cpu_native,"Intel(R) Core(TM) i9-7900X CPU @ 3.30GHz",1,256000000,"elements=256000000",5,1.161287,1.161287,1.161287,44.449899,44.454382,0.004483,8.890876e+00,38.280256,3.472999e-08,232.257498,232.257498,1.280000e+09,1.10,1.024000e+09,38.28,in_range,,,,1329,1364,,75,75,75,,-1,-1,-1.000000,-1,t
cpu-gpu-v2,2026-07-19T01:45:07,"20260718_092807_session5",170,170,10,"REDUCTION","openmp_sum_reduction",cpu_native,"Intel(R) Core(TM) i9-7900X CPU @ 3.30GHz",1,256000000,"elements=256000000",5,1.154220,1.154220,1.154220,44.193979,44.197543,0.003564,8.839509e+00,38.292115,3.452933e-08,230.844095,230.844095,1.280000e+09,1.11,1.024000e+09,38.29,in_range,,,,1529,1364,,75,75,75,,-1,-1,-1.000000,-1,t
cpu-gpu-v2,2026-07-19T01:45:12,"20260718_092807_session5",171,171,1,"REDUCTION","openmp_sum_reduction",cpu_native,"Intel(R) Core(TM) i9-7900X CPU @ 3.30GHz",4,2000000,"elements=2000000",2037,1.000344,1.000344,1.000344,61.841882,61.841882,0.000000,3.035929e-02,61.820595,1.517965e-08,0.491087,0.491087,4.073998e+09,4.07,8.000004e+06,61.82,in_range,,,,1924,1924,,71,71,71,,-1,-1,-1.000000,-1,t
cpu-gpu-v2,2026-07-19T01:45:13,"20260718_092807_session5",172,172,2,"REDUCTION","openmp_sum_reduction",cpu_native,"Intel(R) Core(TM) i9-7900X CPU @ 3.30GHz",4,2000000,"elements=2000000",2037,1.006637,1.006637,1.006637,62.188989,62.188989,0.000000,3.052970e-02,61.778986,1.526486e-08,0.494176,0.494176,4.073998e+09,4.05,8.000004e+06,61.78,in_range,,,,1916,1779,,71,71,71,,-1,-1,-1.000000,-1,t
cpu-gpu-v2,2026-07-19T01:45:14,"20260718_092807_session5",173,173,3,"REDUCTION","openmp_sum_reduction",cpu_native,"Intel(R) Core(TM) i9-7900X CPU @ 3.30GHz",4,2000000,"elements=2000000",2037,1.001136,1.001136,1.001136,62.072534,62.072534,0.000000,3.047253e-02,62.002109,1.523627e-08,0.491476,0.491476,4.073998e+09,4.07,8.000004e+06,62.00,in_range,,,,1924,1780,,72,71,72,,-1,-1,-1.000000,-1,t
cpu-gpu-v2,2026-07-19T01:45:15,"20260718_092807_session5",174,174,4,"REDUCTION","openmp_sum_reduction",cpu_native,"Intel(R) Core(TM) i9-7900X CPU @ 3.30GHz",4,2000000,"elements=2000000",2037,1.001319,1.001319,1.001319,61.385829,61.385829,0.000000,3.013541e-02,61.304988,1.506771e-08,0.491565,0.491565,4.073998e+09,4.07,8.000004e+06,61.30,in_range,,,,1779,1779,,72,72,71,,-1,-1,-1.000000,-1,t
cpu-gpu-v2,2026-07-19T01:45:16,"20260718_092807_session5",175,175,5,"REDUCTION","openmp_sum_reduction",cpu_native,"Intel(R) Core(TM) i9-7900X CPU @ 3.30GHz",4,2000000,"elements=2000000",2037,1.005991,1.005991,1.005991,62.457787,62.457787,0.000000,3.066165e-02,62.085861,1.533083e-08,0.493859,0.493859,4.073998e+09,4.05,8.000004e+06,62.09,in_range,,,,1777,1779,,72,71,72,,-1,-1,-1.000000,-1,t
cpu-gpu-v2,2026-07-19T01:45:17,"20260718_092807_session5",176,176,6,"REDUCTION","openmp_sum_reduction",cpu_native,"Intel(R) Core(TM) i9-7900X CPU @ 3.30GHz",4,2000000,"elements=2000000",2037,1.006819,1.006819,1.006819,61.933496,61.933496,0.000000,3.040427e-02,61.514047,1.520214e-08,0.494265,0.494265,4.073998e+09,4.05,8.000004e+06,61.51,in_range,,,,1768,1779,,72,72,72,,-1,-1,-1.000000,-1,t
cpu-gpu-v2,2026-07-19T01:45:18,"20260718_092807_session5",177,177,7,"REDUCTION","openmp_sum_reduction",cpu_native,"Intel(R) Core(TM) i9-7900X CPU @ 3.30GHz",4,2000000,"elements=2000000",2037,1.007301,1.007301,1.007301,62.795616,62.795616,0.000000,3.082750e-02,62.340452,1.541376e-08,0.494502,0.494502,4.073998e+09,4.04,8.000004e+06,62.34,in_range,,,,1765,1780,,72,72,71,,-1,-1,-1.000000,-1,t
cpu-gpu-v2,2026-07-19T01:45:19,"20260718_092807_session5",178,178,8,"REDUCTION","openmp_sum_reduction",cpu_native,"Intel(R) Core(TM) i9-7900X CPU @ 3.30GHz",4,2000000,"elements=2000000",2037,1.001246,1.001246,1.001246,62.349999,62.349999,0.000000,3.060874e-02,62.272397,1.530438e-08,0.491530,0.491530,4.073998e+09,4.07,8.000004e+06,62.27,in_range,,,,1780,1780,,72,71,72,,-1,-1,-1.000000,-1,t
cpu-gpu-v2,2026-07-19T01:45:20,"20260718_092807_session5",179,179,9,"REDUCTION","openmp_sum_reduction",cpu_native,"Intel(R) Core(TM) i9-7900X CPU @ 3.30GHz",4,2000000,"elements=2000000",2037,1.002973,1.002973,1.002973,64.125507,64.125507,0.000000,3.148037e-02,63.935456,1.574019e-08,0.492377,0.492377,4.073998e+09,4.06,8.000004e+06,63.94,in_range,,,,1768,1925,,72,72,72,,-1,-1,-1.000000,-1,t
cpu-gpu-v2,2026-07-19T01:45:21,"20260718_092807_session5",180,180,10,"REDUCTION","openmp_sum_reduction",cpu_native,"Intel(R) Core(TM) i9-7900X CPU @ 3.30GHz",4,2000000,"elements=2000000",2037,1.001432,1.001432,1.001432,62.714561,62.714561,0.000000,3.078771e-02,62.624903,1.539386e-08,0.491621,0.491621,4.073998e+09,4.07,8.000004e+06,62.62,in_range,,,,1925,1779,,72,72,71,,-1,-1,-1.000000,-1,t
cpu-gpu-v2,2026-07-19T01:45:23,"20260718_092807_session5",181,181,1,"REDUCTION","openmp_sum_reduction",cpu_native,"Intel(R) Core(TM) i9-7900X CPU @ 3.30GHz",20,32000000,"elements=32000000",328,1.001147,1.001147,1.001147,125.715315,127.215817,1.500502,3.878531e-01,127.070040,1.212041e-08,3.052278,3.052278,1.049600e+10,10.48,1.280000e+08,127.07,in_range,,,,3999,3999,,78,77,78,,-1,-1,-1.000000,-1,t
cpu-gpu-v2,2026-07-19T01:45:24,"20260718_092807_session5",182,182,2,"REDUCTION","openmp_sum_reduction",cpu_native,"Intel(R) Core(TM) i9-7900X CPU @ 3.30GHz",20,32000000,"elements=32000000",328,1.004127,1.004127,1.004127,126.630047,128.136500,1.506453,3.906601e-01,127.609851,1.220813e-08,3.061363,3.061363,1.049600e+10,10.45,1.280000e+08,127.61,in_range,,,,4000,4000,,78,78,78,,-1,-1,-1.000000,-1,t
cpu-gpu-v2,2026-07-19T01:45:25,"20260718_092807_session5",183,183,3,"REDUCTION","openmp_sum_reduction",cpu_native,"Intel(R) Core(TM) i9-7900X CPU @ 3.30GHz",20,32000000,"elements=32000000",328,1.002963,1.002963,1.002963,126.865886,128.392137,1.526251,3.914394e-01,128.012864,1.223248e-08,3.057813,3.057813,1.049600e+10,10.46,1.280000e+08,128.01,in_range,,,,3999,3999,,78,78,78,,-1,-1,-1.000000,-1,t
cpu-gpu-v2,2026-07-19T01:45:26,"20260718_092807_session5",184,184,4,"REDUCTION","openmp_sum_reduction",cpu_native,"Intel(R) Core(TM) i9-7900X CPU @ 3.30GHz",20,32000000,"elements=32000000",328,1.005161,1.005161,1.005161,126.632672,128.161020,1.528348,3.907348e-01,127.502974,1.221046e-08,3.064515,3.064515,1.049600e+10,10.44,1.280000e+08,127.50,in_range,,,,4000,3999,,78,78,78,,-1,-1,-1.000000,-1,t
cpu-gpu-v2,2026-07-19T01:45:27,"20260718_092807_session5",185,185,5,"REDUCTION","openmp_sum_reduction",cpu_native,"Intel(R) Core(TM) i9-7900X CPU @ 3.30GHz",20,32000000,"elements=32000000",328,1.001589,1.001589,1.001589,126.520306,128.058492,1.538186,3.904222e-01,127.855312,1.220070e-08,3.053625,3.053625,1.049600e+10,10.48,1.280000e+08,127.86,in_range,,,,4000,3999,,78,78,78,,-1,-1,-1.000000,-1,t
cpu-gpu-v2,2026-07-19T01:45:28,"20260718_092807_session5",186,186,6,"REDUCTION","openmp_sum_reduction",cpu_native,"Intel(R) Core(TM) i9-7900X CPU @ 3.30GHz",20,32000000,"elements=32000000",328,1.002371,1.002371,1.002371,126.585308,128.123876,1.538568,3.906216e-01,127.820808,1.220692e-08,3.056009,3.056009,1.049600e+10,10.47,1.280000e+08,127.82,in_range,,,,4000,4000,,78,78,78,,-1,-1,-1.000000,-1,t
cpu-gpu-v2,2026-07-19T01:45:29,"20260718_092807_session5",187,187,7,"REDUCTION","openmp_sum_reduction",cpu_native,"Intel(R) Core(TM) i9-7900X CPU @ 3.30GHz",20,32000000,"elements=32000000",328,1.004490,1.004490,1.004490,127.464334,129.010965,1.546631,3.933261e-01,128.434314,1.229144e-08,3.062469,3.062469,1.049600e+10,10.45,1.280000e+08,128.43,in_range,,,,4000,3999,,78,78,78,,-1,-1,-1.000000,-1,t
cpu-gpu-v2,2026-07-19T01:45:30,"20260718_092807_session5",188,188,8,"REDUCTION","openmp_sum_reduction",cpu_native,"Intel(R) Core(TM) i9-7900X CPU @ 3.30GHz",20,32000000,"elements=32000000",328,1.005368,1.005368,1.005368,127.367167,128.913813,1.546646,3.930299e-01,128.225436,1.228219e-08,3.065148,3.065148,1.049600e+10,10.44,1.280000e+08,128.23,in_range,,,,4000,4000,,79,78,79,,-1,-1,-1.000000,-1,t
cpu-gpu-v2,2026-07-19T01:45:31,"20260718_092807_session5",189,189,9,"REDUCTION","openmp_sum_reduction",cpu_native,"Intel(R) Core(TM) i9-7900X CPU @ 3.30GHz",20,32000000,"elements=32000000",328,1.004745,1.004745,1.004745,127.439371,128.990944,1.551573,3.932651e-01,128.381749,1.228953e-08,3.063248,3.063248,1.049600e+10,10.45,1.280000e+08,128.38,in_range,,,,3999,3999,,79,79,79,,-1,-1,-1.000000,-1,t
cpu-gpu-v2,2026-07-19T01:45:32,"20260718_092807_session5",190,190,10,"REDUCTION","openmp_sum_reduction",cpu_native,"Intel(R) Core(TM) i9-7900X CPU @ 3.30GHz",20,32000000,"elements=32000000",328,1.002368,1.002368,1.002368,127.204325,128.777364,1.573039,3.926139e-01,128.473086,1.226919e-08,3.056001,3.056001,1.049600e+10,10.47,1.280000e+08,128.47,in_range,,,,4000,4000,,79,79,79,,-1,-1,-1.000000,-1,t
cpu-gpu-v2,2026-07-19T01:45:36,"20260718_092807_session5",191,191,1,"REDUCTION","openmp_sum_reduction",cpu_native,"Intel(R) Core(TM) i9-7900X CPU @ 3.30GHz",10,16000000,"elements=16000000",600,1.002192,1.002192,1.002192,122.421805,123.567806,1.146001,2.059463e-01,123.297538,1.287165e-08,1.670320,1.670320,9.599999e+09,9.58,6.400000e+07,123.30,in_range,,,,2599,2599,,78,78,78,,-1,-1,-1.000000,-1,t
cpu-gpu-v2,2026-07-19T01:45:37,"20260718_092807_session5",192,192,2,"REDUCTION","openmp_sum_reduction",cpu_native,"Intel(R) Core(TM) i9-7900X CPU @ 3.30GHz",10,16000000,"elements=16000000",600,1.001429,1.001429,1.001429,122.334159,123.477130,1.142971,2.057952e-01,123.300883,1.286220e-08,1.669049,1.669049,9.599999e+09,9.59,6.400000e+07,123.30,in_range,,,,2599,2600,,78,78,78,,-1,-1,-1.000000,-1,t
cpu-gpu-v2,2026-07-19T01:45:38,"20260718_092807_session5",193,193,3,"REDUCTION","openmp_sum_reduction",cpu_native,"Intel(R) Core(TM) i9-7900X CPU @ 3.30GHz",10,16000000,"elements=16000000",600,1.004533,1.004533,1.004533,122.889517,124.027547,1.138030,2.067126e-01,123.467925,1.291954e-08,1.674221,1.674221,9.599999e+09,9.56,6.400000e+07,123.47,in_range,,,,2600,2599,,78,78,78,,-1,-1,-1.000000,-1,t
cpu-gpu-v2,2026-07-19T01:45:39,"20260718_092807_session5",194,194,4,"REDUCTION","openmp_sum_reduction",cpu_native,"Intel(R) Core(TM) i9-7900X CPU @ 3.30GHz",10,16000000,"elements=16000000",600,1.002719,1.002719,1.002719,122.593436,123.744822,1.151386,2.062414e-01,123.409268,1.289009e-08,1.671198,1.671198,9.599999e+09,9.57,6.400000e+07,123.41,in_range,,,,2740,2740,,78,78,78,,-1,-1,-1.000000,-1,t
cpu-gpu-v2,2026-07-19T01:45:40,"20260718_092807_session5",195,195,5,"REDUCTION","openmp_sum_reduction",cpu_native,"Intel(R) Core(TM) i9-7900X CPU @ 3.30GHz",10,16000000,"elements=16000000",600,1.008447,1.008447,1.008447,123.234670,124.373097,1.138427,2.072885e-01,123.331281,1.295553e-08,1.680746,1.680746,9.599999e+09,9.52,6.400000e+07,123.33,in_range,,,,2740,2599,,78,78,78,,-1,-1,-1.000000,-1,t
cpu-gpu-v2,2026-07-19T01:45:41,"20260718_092807_session5",196,196,6,"REDUCTION","openmp_sum_reduction",cpu_native,"Intel(R) Core(TM) i9-7900X CPU @ 3.30GHz",10,16000000,"elements=16000000",600,1.008910,1.008910,1.008910,123.572377,124.727037,1.154660,2.078784e-01,123.625592,1.299240e-08,1.681516,1.681516,9.599999e+09,9.52,6.400000e+07,123.63,in_range,,,,2599,2599,,78,78,78,,-1,-1,-1.000000,-1,t
cpu-gpu-v2,2026-07-19T01:45:42,"20260718_092807_session5",197,197,7,"REDUCTION","openmp_sum_reduction",cpu_native,"Intel(R) Core(TM) i9-7900X CPU @ 3.30GHz",10,16000000,"elements=16000000",600,1.008855,1.008855,1.008855,123.116384,124.258376,1.141992,2.070973e-01,123.167715,1.294358e-08,1.681425,1.681425,9.599999e+09,9.52,6.400000e+07,123.17,in_range,,,,2599,2599,,78,78,78,,-1,-1,-1.000000,-1,t
cpu-gpu-v2,2026-07-19T01:45:43,"20260718_092807_session5",198,198,8,"REDUCTION","openmp_sum_reduction",cpu_native,"Intel(R) Core(TM) i9-7900X CPU @ 3.30GHz",10,16000000,"elements=16000000",600,1.008503,1.008503,1.008503,123.278860,124.438248,1.159388,2.073971e-01,123.389018,1.296232e-08,1.680839,1.680839,9.599999e+09,9.52,6.400000e+07,123.39,in_range,,,,2740,2599,,78,78,78,,-1,-1,-1.000000,-1,t
cpu-gpu-v2,2026-07-19T01:45:44,"20260718_092807_session5",199,199,9,"REDUCTION","openmp_sum_reduction",cpu_native,"Intel(R) Core(TM) i9-7900X CPU @ 3.30GHz",10,16000000,"elements=16000000",600,1.008139,1.008139,1.008139,123.290151,124.462085,1.171934,2.074368e-01,123.457278,1.296480e-08,1.680232,1.680232,9.599999e+09,9.52,6.400000e+07,123.46,in_range,,,,2739,2599,,78,78,78,,-1,-1,-1.000000,-1,t
cpu-gpu-v2,2026-07-19T01:45:45,"20260718_092807_session5",200,200,10,"REDUCTION","openmp_sum_reduction",cpu_native,"Intel(R) Core(TM) i9-7900X CPU @ 3.30GHz",10,16000000,"elements=16000000",600,1.007966,1.007966,1.007966,123.460744,124.621142,1.160398,2.077019e-01,123.636280,1.298137e-08,1.679943,1.679943,9.599999e+09,9.52,6.400000e+07,123.64,in_range,,,,2739,2739,,78,78,78,,-1,-1,-1.000000,-1,t
cpu-gpu-v2,2026-07-19T01:45:48,"20260718_092807_session5",201,201,1,"REDUCTION","openmp_sum_reduction",cpu_native,"Intel(R) Core(TM) i9-7900X CPU @ 3.30GHz",2,4000000,"elements=4000000",513,1.001570,1.001570,1.001570,49.275386,49.275386,0.000000,9.605338e-02,49.198154,2.401335e-08,1.952378,1.952378,2.051999e+09,2.05,1.600000e+07,49.20,in_range,,,,1663,1634,,73,73,73,,-1,-1,-1.000000,-1,t
cpu-gpu-v2,2026-07-19T01:45:49,"20260718_092807_session5",202,202,2,"REDUCTION","openmp_sum_reduction",cpu_native,"Intel(R) Core(TM) i9-7900X CPU @ 3.30GHz",2,4000000,"elements=4000000",513,1.002599,1.002599,1.002599,49.179257,49.179410,0.000153,9.586630e-02,49.051903,2.396658e-08,1.954385,1.954385,2.051999e+09,2.05,1.600000e+07,49.05,in_range,,,,1634,1635,,73,73,73,,-1,-1,-1.000000,-1,t
cpu-gpu-v2,2026-07-19T01:45:50,"20260718_092807_session5",203,203,3,"REDUCTION","openmp_sum_reduction",cpu_native,"Intel(R) Core(TM) i9-7900X CPU @ 3.30GHz",2,4000000,"elements=4000000",513,0.982755,0.982755,0.982755,48.798825,48.798855,0.000030,9.512447e-02,49.655136,2.378112e-08,1.915703,1.915703,2.051999e+09,2.09,1.600000e+07,49.66,in_range,,,,1635,1516,,73,73,73,,-1,-1,-1.000000,-1,t
cpu-gpu-v2,2026-07-19T01:45:51,"20260718_092807_session5",204,204,4,"REDUCTION","openmp_sum_reduction",cpu_native,"Intel(R) Core(TM) i9-7900X CPU @ 3.30GHz",2,4000000,"elements=4000000",513,0.960158,0.960158,0.960158,50.244500,50.244623,0.000123,9.794273e-02,52.329560,2.448569e-08,1.871652,1.871652,2.051999e+09,2.14,1.600000e+07,52.33,in_range,,,,1490,1520,,77,73,77,,-1,-1,-1.000000,-1,t
cpu-gpu-v2,2026-07-19T01:45:52,"20260718_092807_session5",205,205,5,"REDUCTION","openmp_sum_reduction",cpu_native,"Intel(R) Core(TM) i9-7900X CPU @ 3.30GHz",2,4000000,"elements=4000000",513,0.959631,0.959631,0.959631,50.858085,50.858177,0.000092,9.913875e-02,52.997660,2.478469e-08,1.870625,1.870625,2.051999e+09,2.14,1.600000e+07,53.00,in_range,,,,1820,1520,,77,77,77,,-1,-1,-1.000000,-1,t
cpu-gpu-v2,2026-07-19T01:45:53,"20260718_092807_session5",206,206,6,"REDUCTION","openmp_sum_reduction",cpu_native,"Intel(R) Core(TM) i9-7900X CPU @ 3.30GHz",2,4000000,"elements=4000000",513,0.995878,0.995878,0.995878,50.179376,50.179483,0.000107,9.781576e-02,50.387178,2.445395e-08,1.941283,1.941283,2.051999e+09,2.06,1.600000e+07,50.39,in_range,,,,1485,1499,,77,77,74,,-1,-1,-1.000000,-1,t
cpu-gpu-v2,2026-07-19T01:45:54,"20260718_092807_session5",207,207,7,"REDUCTION","openmp_sum_reduction",cpu_native,"Intel(R) Core(TM) i9-7900X CPU @ 3.30GHz",2,4000000,"elements=4000000",513,0.995326,0.995326,0.995326,49.565608,49.565623,0.000015,9.661915e-02,49.798394,2.415479e-08,1.940206,1.940206,2.051999e+09,2.06,1.600000e+07,49.80,in_range,,,,1484,1516,,74,74,74,,-1,-1,-1.000000,-1,t
cpu-gpu-v2,2026-07-19T01:45:55,"20260718_092807_session5",208,208,8,"REDUCTION","openmp_sum_reduction",cpu_native,"Intel(R) Core(TM) i9-7900X CPU @ 3.30GHz",2,4000000,"elements=4000000",513,0.960140,0.960140,0.960140,49.129757,49.129818,0.000061,9.576963e-02,51.169407,2.394241e-08,1.871619,1.871619,2.051999e+09,2.14,1.600000e+07,51.17,in_range,,,,1489,1520,,74,74,74,,-1,-1,-1.000000,-1,t
cpu-gpu-v2,2026-07-19T01:45:56,"20260718_092807_session5",209,209,9,"REDUCTION","openmp_sum_reduction",cpu_native,"Intel(R) Core(TM) i9-7900X CPU @ 3.30GHz",2,4000000,"elements=4000000",513,1.004906,1.004906,1.004906,49.129451,49.129467,0.000016,9.576894e-02,48.889613,2.394224e-08,1.958881,1.958881,2.051999e+09,2.04,1.600000e+07,48.89,in_range,,,,1480,1517,,74,74,74,,-1,-1,-1.000000,-1,t
cpu-gpu-v2,2026-07-19T01:45:57,"20260718_092807_session5",210,210,10,"REDUCTION","openmp_sum_reduction",cpu_native,"Intel(R) Core(TM) i9-7900X CPU @ 3.30GHz",2,4000000,"elements=4000000",513,0.966264,0.966264,0.966264,48.565854,48.565854,0.000000,9.467028e-02,50.261460,2.366758e-08,1.883556,1.883556,2.051999e+09,2.12,1.600000e+07,50.26,in_range,,,,1488,1519,,74,74,74,,-1,-1,-1.000000,-1,t
cpu-gpu-v2,2026-07-19T01:45:59,"20260718_092807_session5",211,211,1,"REDUCTION","openmp_sum_reduction",cpu_native,"Intel(R) Core(TM) i9-7900X CPU @ 3.30GHz",4,16000000,"elements=16000000",253,1.000224,1.000224,1.000224,67.304149,67.634782,0.330633,2.673312e-01,67.619632,1.670820e-08,3.953455,3.953455,4.048000e+09,4.05,6.400000e+07,67.62,in_range,,,,1779,1779,,74,73,74,,-1,-1,-1.000000,-1,t
cpu-gpu-v2,2026-07-19T01:46:00,"20260718_092807_session5",212,212,2,"REDUCTION","openmp_sum_reduction",cpu_native,"Intel(R) Core(TM) i9-7900X CPU @ 3.30GHz",4,16000000,"elements=16000000",253,1.000816,1.000816,1.000816,67.329966,67.645712,0.315746,2.673744e-01,67.590565,1.671090e-08,3.955794,3.955794,4.048000e+09,4.04,6.400000e+07,67.59,in_range,,,,1771,1779,,74,74,73,,-1,-1,-1.000000,-1,t
cpu-gpu-v2,2026-07-19T01:46:01,"20260718_092807_session5",213,213,3,"REDUCTION","openmp_sum_reduction",cpu_native,"Intel(R) Core(TM) i9-7900X CPU @ 3.30GHz",4,16000000,"elements=16000000",253,1.001737,1.001737,1.001737,67.139598,67.447128,0.307530,2.665894e-01,67.330177,1.666184e-08,3.959435,3.959435,4.048000e+09,4.04,6.400000e+07,67.33,in_range,,,,1894,1780,,74,73,74,,-1,-1,-1.000000,-1,t
cpu-gpu-v2,2026-07-19T01:46:02,"20260718_092807_session5",214,214,4,"REDUCTION","openmp_sum_reduction",cpu_native,"Intel(R) Core(TM) i9-7900X CPU @ 3.30GHz",4,16000000,"elements=16000000",253,1.002288,1.002288,1.002288,66.599072,66.912309,0.313237,2.644755e-01,66.759584,1.652972e-08,3.961611,3.961611,4.048000e+09,4.04,6.400000e+07,66.76,in_range,,,,1778,1779,,74,74,74,,-1,-1,-1.000000,-1,t
cpu-gpu-v2,2026-07-19T01:46:03,"20260718_092807_session5",215,215,5,"REDUCTION","openmp_sum_reduction",cpu_native,"Intel(R) Core(TM) i9-7900X CPU @ 3.30GHz",4,16000000,"elements=16000000",253,1.001721,1.001721,1.001721,66.943737,67.261227,0.317490,2.658547e-01,67.145691,1.661592e-08,3.959370,3.959370,4.048000e+09,4.04,6.400000e+07,67.15,in_range,,,,1762,1924,,74,74,73,,-1,-1,-1.000000,-1,t
cpu-gpu-v2,2026-07-19T01:46:04,"20260718_092807_session5",216,216,6,"REDUCTION","openmp_sum_reduction",cpu_native,"Intel(R) Core(TM) i9-7900X CPU @ 3.30GHz",4,16000000,"elements=16000000",253,1.006156,1.006156,1.006156,67.951181,68.288990,0.337809,2.699170e-01,67.871186,1.686981e-08,3.976901,3.976901,4.048000e+09,4.02,6.400000e+07,67.87,in_range,,,,1918,1780,,73,73,73,,-1,-1,-1.000000,-1,t
cpu-gpu-v2,2026-07-19T01:46:05,"20260718_092807_session5",217,217,7,"REDUCTION","openmp_sum_reduction",cpu_native,"Intel(R) Core(TM) i9-7900X CPU @ 3.30GHz",4,16000000,"elements=16000000",253,1.007808,1.007808,1.007808,66.911388,67.261268,0.349880,2.658548e-01,66.740177,1.661593e-08,3.983430,3.983430,4.048000e+09,4.02,6.400000e+07,66.74,in_range,,,,1768,1925,,73,73,73,,-1,-1,-1.000000,-1,t
cpu-gpu-v2,2026-07-19T01:46:06,"20260718_092807_session5",218,218,8,"REDUCTION","openmp_sum_reduction",cpu_native,"Intel(R) Core(TM) i9-7900X CPU @ 3.30GHz",4,16000000,"elements=16000000",253,1.005727,1.005727,1.005727,66.645093,66.972176,0.327083,2.647122e-01,66.590779,1.654451e-08,3.975207,3.975207,4.048000e+09,4.02,6.400000e+07,66.59,in_range,,,,1922,1780,,73,73,73,,-1,-1,-1.000000,-1,t
cpu-gpu-v2,2026-07-19T01:46:07,"20260718_092807_session5",219,219,9,"REDUCTION","openmp_sum_reduction",cpu_native,"Intel(R) Core(TM) i9-7900X CPU @ 3.30GHz",4,16000000,"elements=16000000",253,1.007835,1.007835,1.007835,67.235546,67.573569,0.338023,2.670892e-01,67.048233,1.669308e-08,3.983538,3.983538,4.048000e+09,4.02,6.400000e+07,67.05,in_range,,,,1766,1779,,73,73,73,,-1,-1,-1.000000,-1,t
cpu-gpu-v2,2026-07-19T01:46:08,"20260718_092807_session5",220,220,10,"REDUCTION","openmp_sum_reduction",cpu_native,"Intel(R) Core(TM) i9-7900X CPU @ 3.30GHz",4,16000000,"elements=16000000",253,1.007429,1.007429,1.007429,67.176952,67.500562,0.323610,2.668006e-01,67.002795,1.667504e-08,3.981933,3.981933,4.048000e+09,4.02,6.400000e+07,67.00,in_range,,,,1762,1925,,73,73,73,,-1,-1,-1.000000,-1,t
cpu-gpu-v2,2026-07-19T01:46:11,"20260718_092807_session5",221,221,1,"REDUCTION","openmp_sum_reduction",cpu_native,"Intel(R) Core(TM) i9-7900X CPU @ 3.30GHz",8,1000000,"elements=1000000",7681,1.000073,1.000073,1.000073,90.695446,90.695446,0.000000,1.180777e-02,90.688870,1.180778e-08,0.130201,0.130201,7.680992e+09,7.68,4.000004e+06,90.69,in_range,,,,2460,2459,,75,75,75,,-1,-1,-1.000000,-1,t
cpu-gpu-v2,2026-07-19T01:46:12,"20260718_092807_session5",222,222,2,"REDUCTION","openmp_sum_reduction",cpu_native,"Intel(R) Core(TM) i9-7900X CPU @ 3.30GHz",8,1000000,"elements=1000000",7681,1.003148,1.003148,1.003148,91.057567,91.057567,0.000000,1.185491e-02,90.771841,1.185492e-08,0.130601,0.130601,7.680992e+09,7.66,4.000004e+06,90.77,in_range,,,,2459,2319,,75,75,75,,-1,-1,-1.000000,-1,t
cpu-gpu-v2,2026-07-19T01:46:13,"20260718_092807_session5",223,223,3,"REDUCTION","openmp_sum_reduction",cpu_native,"Intel(R) Core(TM) i9-7900X CPU @ 3.30GHz",8,1000000,"elements=1000000",7681,1.000188,1.000188,1.000188,90.986583,90.986583,0.000000,1.184567e-02,90.969488,1.184568e-08,0.130216,0.130216,7.680992e+09,7.68,4.000004e+06,90.97,in_range,,,,2319,2319,,75,75,75,,-1,-1,-1.000000,-1,t
cpu-gpu-v2,2026-07-19T01:46:14,"20260718_092807_session5",224,224,4,"REDUCTION","openmp_sum_reduction",cpu_native,"Intel(R) Core(TM) i9-7900X CPU @ 3.30GHz",8,1000000,"elements=1000000",7681,0.999903,0.999903,0.999903,90.823559,90.823559,0.000000,1.182444e-02,90.832398,1.182446e-08,0.130179,0.130179,7.680992e+09,7.68,4.000004e+06,90.83,in_range,,,,2459,2319,,75,75,75,,-1,-1,-1.000000,-1,t
cpu-gpu-v2,2026-07-19T01:46:15,"20260718_092807_session5",225,225,5,"REDUCTION","openmp_sum_reduction",cpu_native,"Intel(R) Core(TM) i9-7900X CPU @ 3.30GHz",8,1000000,"elements=1000000",7681,0.999823,0.999823,0.999823,91.033031,91.033031,0.000000,1.185172e-02,91.049156,1.185173e-08,0.130168,0.130168,7.680992e+09,7.68,4.000004e+06,91.05,in_range,,,,2319,2319,,75,75,75,,-1,-1,-1.000000,-1,t
cpu-gpu-v2,2026-07-19T01:46:16,"20260718_092807_session5",226,226,6,"REDUCTION","openmp_sum_reduction",cpu_native,"Intel(R) Core(TM) i9-7900X CPU @ 3.30GHz",8,1000000,"elements=1000000",7681,1.003794,1.003794,1.003794,91.285410,91.285410,0.000000,1.188457e-02,90.940410,1.188459e-08,0.130685,0.130685,7.680992e+09,7.65,4.000004e+06,90.94,in_range,,,,2319,2319,,75,75,75,,-1,-1,-1.000000,-1,t
cpu-gpu-v2,2026-07-19T01:46:17,"20260718_092807_session5",227,227,7,"REDUCTION","openmp_sum_reduction",cpu_native,"Intel(R) Core(TM) i9-7900X CPU @ 3.30GHz",8,1000000,"elements=1000000",7681,1.005815,1.005815,1.005815,91.563547,91.563547,0.000000,1.192078e-02,91.034146,1.192080e-08,0.130948,0.130948,7.680992e+09,7.64,4.000004e+06,91.03,in_range,,,,2319,2319,,75,75,75,,-1,-1,-1.000000,-1,t
cpu-gpu-v2,2026-07-19T01:46:18,"20260718_092807_session5",228,228,8,"REDUCTION","openmp_sum_reduction",cpu_native,"Intel(R) Core(TM) i9-7900X CPU @ 3.30GHz",8,1000000,"elements=1000000",7681,1.005792,1.005792,1.005792,91.787912,91.787912,0.000000,1.195000e-02,91.259301,1.195001e-08,0.130946,0.130946,7.680992e+09,7.64,4.000004e+06,91.26,in_range,,,,2319,2319,,76,75,76,,-1,-1,-1.000000,-1,t
cpu-gpu-v2,2026-07-19T01:46:19,"20260718_092807_session5",229,229,9,"REDUCTION","openmp_sum_reduction",cpu_native,"Intel(R) Core(TM) i9-7900X CPU @ 3.30GHz",8,1000000,"elements=1000000",7681,1.006148,1.006148,1.006148,91.664316,91.664316,0.000000,1.193390e-02,91.104198,1.193392e-08,0.130992,0.130992,7.680992e+09,7.63,4.000004e+06,91.10,in_range,,,,2319,2319,,76,76,75,,-1,-1,-1.000000,-1,t
cpu-gpu-v2,2026-07-19T01:46:20,"20260718_092807_session5",230,230,10,"REDUCTION","openmp_sum_reduction",cpu_native,"Intel(R) Core(TM) i9-7900X CPU @ 3.30GHz",8,1000000,"elements=1000000",7681,1.006594,1.006594,1.006594,92.209297,92.209297,0.000000,1.200486e-02,91.605279,1.200487e-08,0.131050,0.131050,7.680992e+09,7.63,4.000004e+06,91.61,in_range,,,,2320,2459,,76,75,76,,-1,-1,-1.000000,-1,t
cpu-gpu-v2,2026-07-19T01:46:23,"20260718_092807_session5",231,231,1,"REDUCTION","openmp_sum_reduction",cpu_native,"Intel(R) Core(TM) i9-7900X CPU @ 3.30GHz",8,256000000,"elements=256000000",31,1.021902,1.021902,1.021902,106.426485,107.477702,1.051217,3.467023e+00,105.174142,1.354306e-08,32.964592,32.964592,7.936000e+09,7.77,1.024000e+09,105.17,in_range,,,,2460,2459,,77,77,77,,-1,-1,-1.000000,-1,t
cpu-gpu-v2,2026-07-19T01:46:24,"20260718_092807_session5",232,232,2,"REDUCTION","openmp_sum_reduction",cpu_native,"Intel(R) Core(TM) i9-7900X CPU @ 3.30GHz",8,256000000,"elements=256000000",31,1.022993,1.022993,1.022993,106.268588,107.332932,1.064344,3.462353e+00,104.920499,1.352482e-08,32.999773,32.999773,7.936000e+09,7.76,1.024000e+09,104.92,in_range,,,,2459,2460,,77,77,77,,-1,-1,-1.000000,-1,t
cpu-gpu-v2,2026-07-19T01:46:25,"20260718_092807_session5",233,233,3,"REDUCTION","openmp_sum_reduction",cpu_native,"Intel(R) Core(TM) i9-7900X CPU @ 3.30GHz",8,256000000,"elements=256000000",31,1.023523,1.023523,1.023523,106.560640,107.615055,1.054415,3.471453e+00,105.141837,1.356036e-08,33.016861,33.016861,7.936000e+09,7.75,1.024000e+09,105.14,in_range,,,,2459,2460,,77,77,77,,-1,-1,-1.000000,-1,t
cpu-gpu-v2,2026-07-19T01:46:26,"20260718_092807_session5",234,234,4,"REDUCTION","openmp_sum_reduction",cpu_native,"Intel(R) Core(TM) i9-7900X CPU @ 3.30GHz",8,256000000,"elements=256000000",31,1.023196,1.023196,1.023196,106.470064,107.522429,1.052365,3.468465e+00,105.084866,1.354869e-08,33.006327,33.006327,7.936000e+09,7.76,1.024000e+09,105.08,in_range,,,,2460,2459,,77,77,77,,-1,-1,-1.000000,-1,t
cpu-gpu-v2,2026-07-19T01:46:27,"20260718_092807_session5",235,235,5,"REDUCTION","openmp_sum_reduction",cpu_native,"Intel(R) Core(TM) i9-7900X CPU @ 3.30GHz",8,256000000,"elements=256000000",31,1.025673,1.025673,1.025673,106.849335,107.895855,1.046520,3.480511e+00,105.195212,1.359575e-08,33.086216,33.086216,7.936000e+09,7.74,1.024000e+09,105.20,in_range,,,,2459,2459,,77,77,77,,-1,-1,-1.000000,-1,t
cpu-gpu-v2,2026-07-19T01:46:28,"20260718_092807_session5",236,236,6,"REDUCTION","openmp_sum_reduction",cpu_native,"Intel(R) Core(TM) i9-7900X CPU @ 3.30GHz",8,256000000,"elements=256000000",31,1.028172,1.028172,1.028172,106.654634,107.717066,1.062432,3.474744e+00,104.765610,1.357322e-08,33.166838,33.166838,7.936000e+09,7.72,1.024000e+09,104.77,in_range,,,,2459,2460,,77,77,77,,-1,-1,-1.000000,-1,t
cpu-gpu-v2,2026-07-19T01:46:29,"20260718_092807_session5",237,237,7,"REDUCTION","openmp_sum_reduction",cpu_native,"Intel(R) Core(TM) i9-7900X CPU @ 3.30GHz",8,256000000,"elements=256000000",31,1.027969,1.027969,1.027969,106.687715,107.760597,1.072882,3.476148e+00,104.828674,1.357870e-08,33.160281,33.160281,7.936000e+09,7.72,1.024000e+09,104.83,in_range,,,,2460,2460,,77,77,77,,-1,-1,-1.000000,-1,t
cpu-gpu-v2,2026-07-19T01:46:31,"20260718_092807_session5",238,238,8,"REDUCTION","openmp_sum_reduction",cpu_native,"Intel(R) Core(TM) i9-7900X CPU @ 3.30GHz",8,256000000,"elements=256000000",31,1.026991,1.026991,1.026991,107.027253,108.092638,1.065385,3.486859e+00,105.251796,1.362054e-08,33.128739,33.128739,7.936000e+09,7.73,1.024000e+09,105.25,in_range,,,,2460,2460,,77,77,77,,-1,-1,-1.000000,-1,t
cpu-gpu-v2,2026-07-19T01:46:32,"20260718_092807_session5",239,239,9,"REDUCTION","openmp_sum_reduction",cpu_native,"Intel(R) Core(TM) i9-7900X CPU @ 3.30GHz",8,256000000,"elements=256000000",31,1.028312,1.028312,1.028312,107.038483,108.097564,1.059081,3.487018e+00,105.121409,1.362116e-08,33.171342,33.171342,7.936000e+09,7.72,1.024000e+09,105.12,in_range,,,,2460,2319,,77,77,77,,-1,-1,-1.000000,-1,t
cpu-gpu-v2,2026-07-19T01:46:33,"20260718_092807_session5",240,240,10,"REDUCTION","openmp_sum_reduction",cpu_native,"Intel(R) Core(TM) i9-7900X CPU @ 3.30GHz",8,256000000,"elements=256000000",31,1.027898,1.027898,1.027898,107.055512,108.133443,1.077931,3.488176e+00,105.198654,1.362569e-08,33.157987,33.157987,7.936000e+09,7.72,1.024000e+09,105.20,in_range,,,,2459,2459,,77,77,77,,-1,-1,-1.000000,-1,t
cpu-gpu-v2,2026-07-19T01:46:37,"20260718_092807_session5",241,241,1,"REDUCTION","openmp_sum_reduction",cpu_native,"Intel(R) Core(TM) i9-7900X CPU @ 3.30GHz",10,1000000,"elements=1000000",9460,1.000544,1.000544,1.000544,107.892668,107.892668,0.000000,1.140514e-02,107.834010,1.140516e-08,0.105766,0.105766,9.459991e+09,9.45,4.000004e+06,107.83,in_range,,,,2739,2739,,78,78,78,,-1,-1,-1.000000,-1,t
cpu-gpu-v2,2026-07-19T01:46:38,"20260718_092807_session5",242,242,2,"REDUCTION","openmp_sum_reduction",cpu_native,"Intel(R) Core(TM) i9-7900X CPU @ 3.30GHz",10,1000000,"elements=1000000",9460,1.000621,1.000621,1.000621,108.156095,108.156095,0.000000,1.143299e-02,108.088991,1.143300e-08,0.105774,0.105774,9.459991e+09,9.45,4.000004e+06,108.09,in_range,,,,2739,2739,,78,78,77,,-1,-1,-1.000000,-1,t
cpu-gpu-v2,2026-07-19T01:46:39,"20260718_092807_session5",243,243,3,"REDUCTION","openmp_sum_reduction",cpu_native,"Intel(R) Core(TM) i9-7900X CPU @ 3.30GHz",10,1000000,"elements=1000000",9460,1.000616,1.000616,1.000616,108.236417,108.236417,0.000000,1.144148e-02,108.169805,1.144149e-08,0.105773,0.105773,9.459991e+09,9.45,4.000004e+06,108.17,in_range,,,,2739,2739,,78,77,78,,-1,-1,-1.000000,-1,t
cpu-gpu-v2,2026-07-19T01:46:40,"20260718_092807_session5",244,244,4,"REDUCTION","openmp_sum_reduction",cpu_native,"Intel(R) Core(TM) i9-7900X CPU @ 3.30GHz",10,1000000,"elements=1000000",9460,1.000995,1.000995,1.000995,108.036467,108.036467,0.000000,1.142035e-02,107.929051,1.142036e-08,0.105813,0.105813,9.459991e+09,9.45,4.000004e+06,107.93,in_range,,,,2739,2739,,78,78,78,,-1,-1,-1.000000,-1,t
cpu-gpu-v2,2026-07-19T01:46:41,"20260718_092807_session5",245,245,5,"REDUCTION","openmp_sum_reduction",cpu_native,"Intel(R) Core(TM) i9-7900X CPU @ 3.30GHz",10,1000000,"elements=1000000",9460,1.002195,1.002195,1.002195,108.491178,108.491178,0.000000,1.146841e-02,108.253562,1.146842e-08,0.105940,0.105940,9.459991e+09,9.44,4.000004e+06,108.25,in_range,,,,2739,2739,,78,78,78,,-1,-1,-1.000000,-1,t
cpu-gpu-v2,2026-07-19T01:46:42,"20260718_092807_session5",246,246,6,"REDUCTION","openmp_sum_reduction",cpu_native,"Intel(R) Core(TM) i9-7900X CPU @ 3.30GHz",10,1000000,"elements=1000000",9460,1.004514,1.004514,1.004514,108.541409,108.541409,0.000000,1.147372e-02,108.053638,1.147373e-08,0.106185,0.106185,9.459991e+09,9.42,4.000004e+06,108.05,in_range,,,,2740,2740,,78,78,78,,-1,-1,-1.000000,-1,t
cpu-gpu-v2,2026-07-19T01:46:43,"20260718_092807_session5",247,247,7,"REDUCTION","openmp_sum_reduction",cpu_native,"Intel(R) Core(TM) i9-7900X CPU @ 3.30GHz",10,1000000,"elements=1000000",9460,1.000501,1.000501,1.000501,108.292448,108.292448,0.000000,1.144740e-02,108.238175,1.144742e-08,0.105761,0.105761,9.459991e+09,9.46,4.000004e+06,108.24,in_range,,,,2740,2600,,79,78,79,,-1,-1,-1.000000,-1,t
cpu-gpu-v2,2026-07-19T01:46:44,"20260718_092807_session5",248,248,8,"REDUCTION","openmp_sum_reduction",cpu_native,"Intel(R) Core(TM) i9-7900X CPU @ 3.30GHz",10,1000000,"elements=1000000",9460,1.000324,1.000324,1.000324,108.281767,108.281767,0.000000,1.144628e-02,108.246714,1.144629e-08,0.105742,0.105742,9.459991e+09,9.46,4.000004e+06,108.25,in_range,,,,2599,2879,,79,79,78,,-1,-1,-1.000000,-1,t
cpu-gpu-v2,2026-07-19T01:46:45,"20260718_092807_session5",249,249,9,"REDUCTION","openmp_sum_reduction",cpu_native,"Intel(R) Core(TM) i9-7900X CPU @ 3.30GHz",10,1000000,"elements=1000000",9460,1.000876,1.000876,1.000876,108.243924,108.243924,0.000000,1.144228e-02,108.149133,1.144229e-08,0.105801,0.105801,9.459991e+09,9.45,4.000004e+06,108.15,in_range,,,,2879,2600,,78,78,78,,-1,-1,-1.000000,-1,t
cpu-gpu-v2,2026-07-19T01:46:46,"20260718_092807_session5",250,250,10,"REDUCTION","openmp_sum_reduction",cpu_native,"Intel(R) Core(TM) i9-7900X CPU @ 3.30GHz",10,1000000,"elements=1000000",9460,1.001461,1.001461,1.001461,108.722439,108.722439,0.000000,1.149286e-02,108.563791,1.149287e-08,0.105863,0.105863,9.459991e+09,9.45,4.000004e+06,108.56,in_range,,,,2599,2600,,78,78,78,,-1,-1,-1.000000,-1,t
cpu-gpu-v2,2026-07-19T01:46:48,"20260718_092807_session5",251,251,1,"REDUCTION","openmp_sum_reduction",cpu_native,"Intel(R) Core(TM) i9-7900X CPU @ 3.30GHz",1,32000000,"elements=32000000",35,1.010379,1.010379,1.010379,41.268938,41.274889,0.005951,1.179283e+00,40.850909,3.685258e-08,28.867963,28.867963,1.120000e+09,1.11,1.280000e+08,40.85,in_range,,,,1365,1499,,78,77,78,,-1,-1,-1.000000,-1,t
cpu-gpu-v2,2026-07-19T01:46:49,"20260718_092807_session5",252,252,2,"REDUCTION","openmp_sum_reduction",cpu_native,"Intel(R) Core(TM) i9-7900X CPU @ 3.30GHz",1,32000000,"elements=32000000",35,1.010019,1.010019,1.010019,41.079973,41.085971,0.005998,1.173885e+00,40.678420,3.668390e-08,28.857681,28.857681,1.120000e+09,1.11,1.280000e+08,40.68,in_range,,,,1530,1364,,78,78,78,,-1,-1,-1.000000,-1,t
cpu-gpu-v2,2026-07-19T01:46:50,"20260718_092807_session5",253,253,3,"REDUCTION","openmp_sum_reduction",cpu_native,"Intel(R) Core(TM) i9-7900X CPU @ 3.30GHz",1,32000000,"elements=32000000",35,1.015608,1.015608,1.015608,41.637100,41.642761,0.005661,1.189793e+00,41.002806,3.718104e-08,29.017360,29.017360,1.120000e+09,1.10,1.280000e+08,41.00,in_range,,,,1281,1364,,78,78,77,,-1,-1,-1.000000,-1,t
cpu-gpu-v2,2026-07-19T01:46:51,"20260718_092807_session5",254,254,4,"REDUCTION","openmp_sum_reduction",cpu_native,"Intel(R) Core(TM) i9-7900X CPU @ 3.30GHz",1,32000000,"elements=32000000",35,1.014037,1.014037,1.014037,41.618485,41.624941,0.006456,1.189284e+00,41.048744,3.716513e-08,28.972483,28.972483,1.120000e+09,1.10,1.280000e+08,41.05,in_range,,,,1352,1364,,77,77,77,,-1,-1,-1.000000,-1,t
cpu-gpu-v2,2026-07-19T01:46:52,"20260718_092807_session5",255,255,5,"REDUCTION","openmp_sum_reduction",cpu_native,"Intel(R) Core(TM) i9-7900X CPU @ 3.30GHz",1,32000000,"elements=32000000",35,1.014900,1.014900,1.014900,41.656082,41.663579,0.007497,1.190388e+00,41.051895,3.719963e-08,28.997151,28.997151,1.120000e+09,1.10,1.280000e+08,41.05,in_range,,,,1257,1515,,77,77,77,,-1,-1,-1.000000,-1,t
cpu-gpu-v2,2026-07-19T01:46:53,"20260718_092807_session5",256,256,6,"REDUCTION","openmp_sum_reduction",cpu_native,"Intel(R) Core(TM) i9-7900X CPU @ 3.30GHz",1,32000000,"elements=32000000",35,1.014159,1.014159,1.014159,41.773026,41.777662,0.004636,1.193647e+00,41.194400,3.730149e-08,28.975964,28.975964,1.120000e+09,1.10,1.280000e+08,41.19,in_range,,,,1414,1364,,77,77,77,,-1,-1,-1.000000,-1,t
cpu-gpu-v2,2026-07-19T01:46:54,"20260718_092807_session5",257,257,7,"REDUCTION","openmp_sum_reduction",cpu_native,"Intel(R) Core(TM) i9-7900X CPU @ 3.30GHz",1,32000000,"elements=32000000",35,1.015590,1.015590,1.015590,41.525833,41.530347,0.004514,1.186581e+00,40.892811,3.708067e-08,29.016869,29.016869,1.120000e+09,1.10,1.280000e+08,40.89,in_range,,,,1286,1507,,77,77,77,,-1,-1,-1.000000,-1,t
cpu-gpu-v2,2026-07-19T01:46:55,"20260718_092807_session5",258,258,8,"REDUCTION","openmp_sum_reduction",cpu_native,"Intel(R) Core(TM) i9-7900X CPU @ 3.30GHz",1,32000000,"elements=32000000",35,1.014701,1.014701,1.014701,41.344071,41.348079,0.004008,1.181374e+00,40.749036,3.691793e-08,28.991451,28.991451,1.120000e+09,1.10,1.280000e+08,40.75,in_range,,,,1489,1365,,77,77,77,,-1,-1,-1.000000,-1,t
cpu-gpu-v2,2026-07-19T01:46:56,"20260718_092807_session5",259,259,9,"REDUCTION","openmp_sum_reduction",cpu_native,"Intel(R) Core(TM) i9-7900X CPU @ 3.30GHz",1,32000000,"elements=32000000",35,1.012516,1.012516,1.012516,41.398149,41.403657,0.005508,1.182962e+00,40.891866,3.696755e-08,28.929020,28.929020,1.120000e+09,1.11,1.280000e+08,40.89,in_range,,,,1355,1364,,77,77,77,,-1,-1,-1.000000,-1,t
cpu-gpu-v2,2026-07-19T01:46:57,"20260718_092807_session5",260,260,10,"REDUCTION","openmp_sum_reduction",cpu_native,"Intel(R) Core(TM) i9-7900X CPU @ 3.30GHz",1,32000000,"elements=32000000",35,1.014431,1.014431,1.014431,41.437455,41.442519,0.005064,1.184072e+00,40.852981,3.700225e-08,28.983735,28.983735,1.120000e+09,1.10,1.280000e+08,40.85,in_range,,,,1263,1365,,77,77,77,,-1,-1,-1.000000,-1,t
cpu-gpu-v2,2026-07-19T01:47:00,"20260718_092807_session5",261,261,1,"REDUCTION","openmp_sum_reduction",cpu_native,"Intel(R) Core(TM) i9-7900X CPU @ 3.30GHz",16,256000000,"elements=256000000",39,1.022086,1.022086,1.022086,128.633887,130.056312,1.422425,3.334777e+00,127.245951,1.302647e-08,26.207335,26.207335,9.984000e+09,9.77,1.024000e+09,127.25,in_range,,,,3439,3579,,80,80,80,,-1,-1,-1.000000,-1,t
cpu-gpu-v2,2026-07-19T01:47:01,"20260718_092807_session5",262,262,2,"REDUCTION","openmp_sum_reduction",cpu_native,"Intel(R) Core(TM) i9-7900X CPU @ 3.30GHz",16,256000000,"elements=256000000",39,1.022065,1.022065,1.022065,129.139378,130.571871,1.432493,3.347997e+00,127.752991,1.307811e-08,26.206797,26.206797,9.984000e+09,9.77,1.024000e+09,127.75,in_range,,,,3579,3439,,81,80,81,,-1,-1,-1.000000,-1,t
cpu-gpu-v2,2026-07-19T01:47:02,"20260718_092807_session5",263,263,3,"REDUCTION","openmp_sum_reduction",cpu_native,"Intel(R) Core(TM) i9-7900X CPU @ 3.30GHz",16,256000000,"elements=256000000",39,1.022366,1.022366,1.022366,129.420445,130.844631,1.424186,3.354991e+00,127.982194,1.310543e-08,26.214510,26.214510,9.984000e+09,9.77,1.024000e+09,127.98,in_range,,,,3439,3580,,81,81,80,,-1,-1,-1.000000,-1,t
cpu-gpu-v2,2026-07-19T01:47:03,"20260718_092807_session5",264,264,4,"REDUCTION","openmp_sum_reduction",cpu_native,"Intel(R) Core(TM) i9-7900X CPU @ 3.30GHz",16,256000000,"elements=256000000",39,1.021886,1.021886,1.021886,129.382054,130.810324,1.428270,3.354111e+00,128.008783,1.310200e-08,26.202193,26.202193,9.984000e+09,9.77,1.024000e+09,128.01,in_range,,,,3580,3439,,81,80,81,,-1,-1,-1.000000,-1,t
cpu-gpu-v2,2026-07-19T01:47:04,"20260718_092807_session5",265,265,5,"REDUCTION","openmp_sum_reduction",cpu_native,"Intel(R) Core(TM) i9-7900X CPU @ 3.30GHz",16,256000000,"elements=256000000",39,1.021890,1.021890,1.021890,129.381261,130.820930,1.439669,3.354383e+00,128.018578,1.310306e-08,26.202313,26.202313,9.984000e+09,9.77,1.024000e+09,128.02,in_range,,,,3440,3439,,81,81,81,,-1,-1,-1.000000,-1,t
cpu-gpu-v2,2026-07-19T01:47:05,"20260718_092807_session5",266,266,6,"REDUCTION","openmp_sum_reduction",cpu_native,"Intel(R) Core(TM) i9-7900X CPU @ 3.30GHz",16,256000000,"elements=256000000",39,1.021926,1.021926,1.021926,129.449864,130.909163,1.459299,3.356645e+00,128.100472,1.311190e-08,26.203223,26.203223,9.984000e+09,9.77,1.024000e+09,128.10,in_range,,,,3439,3439,,81,81,81,,-1,-1,-1.000000,-1,t
cpu-gpu-v2,2026-07-19T01:47:06,"20260718_092807_session5",267,267,7,"REDUCTION","openmp_sum_reduction",cpu_native,"Intel(R) Core(TM) i9-7900X CPU @ 3.30GHz",16,256000000,"elements=256000000",39,1.021969,1.021969,1.021969,129.219579,130.678219,1.458640,3.350724e+00,127.869125,1.308876e-08,26.204321,26.204321,9.984000e+09,9.77,1.024000e+09,127.87,in_range,,,,3439,3440,,81,81,81,,-1,-1,-1.000000,-1,t
cpu-gpu-v2,2026-07-19T01:47:07,"20260718_092807_session5",268,268,8,"REDUCTION","openmp_sum_reduction",cpu_native,"Intel(R) Core(TM) i9-7900X CPU @ 3.30GHz",16,256000000,"elements=256000000",39,1.021654,1.021654,1.021654,129.567967,131.016907,1.448940,3.359408e+00,128.239964,1.312269e-08,26.196263,26.196263,9.984000e+09,9.77,1.024000e+09,128.24,in_range,,,,3439,3440,,81,81,81,,-1,-1,-1.000000,-1,t
cpu-gpu-v2,2026-07-19T01:47:08,"20260718_092807_session5",269,269,9,"REDUCTION","openmp_sum_reduction",cpu_native,"Intel(R) Core(TM) i9-7900X CPU @ 3.30GHz",16,256000000,"elements=256000000",39,1.021820,1.021820,1.021820,129.582371,131.008407,1.426036,3.359190e+00,128.210902,1.312184e-08,26.200502,26.200502,9.984000e+09,9.77,1.024000e+09,128.21,in_range,,,,3439,3580,,81,81,81,,-1,-1,-1.000000,-1,t
cpu-gpu-v2,2026-07-19T01:47:09,"20260718_092807_session5",270,270,10,"REDUCTION","openmp_sum_reduction",cpu_native,"Intel(R) Core(TM) i9-7900X CPU @ 3.30GHz",16,256000000,"elements=256000000",39,1.022105,1.022105,1.022105,129.443211,130.875842,1.432631,3.355791e+00,128.045453,1.310856e-08,26.207809,26.207809,9.984000e+09,9.77,1.024000e+09,128.05,in_range,,,,3580,3580,,82,81,82,,-1,-1,-1.000000,-1,t
cpu-gpu-v2,2026-07-19T01:47:12,"20260718_092807_session5",271,271,1,"REDUCTION","openmp_sum_reduction",cpu_native,"Intel(R) Core(TM) i9-7900X CPU @ 3.30GHz",4,128000000,"elements=128000000",32,1.038234,1.038234,1.038234,71.151369,71.593172,0.441803,2.237287e+00,68.956677,1.747880e-08,32.444815,32.444815,4.096000e+09,3.95,5.120000e+08,68.96,in_range,,,,1903,1900,,74,74,74,,-1,-1,-1.000000,-1,t
cpu-gpu-v2,2026-07-19T01:47:13,"20260718_092807_session5",272,272,2,"REDUCTION","openmp_sum_reduction",cpu_native,"Intel(R) Core(TM) i9-7900X CPU @ 3.30GHz",4,128000000,"elements=128000000",32,1.037823,1.037823,1.037823,70.886110,71.331722,0.445612,2.229116e+00,68.732077,1.741497e-08,32.431965,32.431965,4.096000e+09,3.95,5.120000e+08,68.73,in_range,,,,1900,1900,,74,74,74,,-1,-1,-1.000000,-1,t
cpu-gpu-v2,2026-07-19T01:47:14,"20260718_092807_session5",273,273,3,"REDUCTION","openmp_sum_reduction",cpu_native,"Intel(R) Core(TM) i9-7900X CPU @ 3.30GHz",4,128000000,"elements=128000000",32,1.038574,1.038574,1.038574,70.706178,71.153749,0.447571,2.223555e+00,68.510993,1.737152e-08,32.455443,32.455443,4.096000e+09,3.94,5.120000e+08,68.51,in_range,,,,1900,1778,,74,74,74,,-1,-1,-1.000000,-1,t
cpu-gpu-v2,2026-07-19T01:47:15,"20260718_092807_session5",274,274,4,"REDUCTION","openmp_sum_reduction",cpu_native,"Intel(R) Core(TM) i9-7900X CPU @ 3.30GHz",4,128000000,"elements=128000000",32,1.037681,1.037681,1.037681,68.324960,68.772088,0.447128,2.149128e+00,66.274807,1.679006e-08,32.427522,32.427522,4.096000e+09,3.95,5.120000e+08,66.27,in_range,,,,1760,1778,,74,74,74,,-1,-1,-1.000000,-1,t
cpu-gpu-v2,2026-07-19T01:47:16,"20260718_092807_session5",275,275,5,"REDUCTION","openmp_sum_reduction",cpu_native,"Intel(R) Core(TM) i9-7900X CPU @ 3.30GHz",4,128000000,"elements=128000000",32,1.039866,1.039866,1.039866,68.615059,69.087783,0.472724,2.158993e+00,66.439151,1.686713e-08,32.495798,32.495798,4.096000e+09,3.94,5.120000e+08,66.44,in_range,,,,1760,1778,,74,74,74,,-1,-1,-1.000000,-1,t
cpu-gpu-v2,2026-07-19T01:47:17,"20260718_092807_session5",276,276,6,"REDUCTION","openmp_sum_reduction",cpu_native,"Intel(R) Core(TM) i9-7900X CPU @ 3.30GHz",4,128000000,"elements=128000000",32,1.011821,1.011821,1.011821,69.328618,69.777810,0.449192,2.180557e+00,68.962593,1.703560e-08,31.619411,31.619411,4.096000e+09,4.05,5.120000e+08,68.96,in_range,,,,1778,1923,,75,74,75,,-1,-1,-1.000000,-1,t
cpu-gpu-v2,2026-07-19T01:47:18,"20260718_092807_session5",277,277,7,"REDUCTION","openmp_sum_reduction",cpu_native,"Intel(R) Core(TM) i9-7900X CPU @ 3.30GHz",4,128000000,"elements=128000000",32,1.018235,1.018235,1.018235,68.798652,69.253444,0.454792,2.164170e+00,68.013254,1.690758e-08,31.819829,31.819829,4.096000e+09,4.02,5.120000e+08,68.01,in_range,,,,1906,1923,,75,75,74,,-1,-1,-1.000000,-1,t
cpu-gpu-v2,2026-07-19T01:47:19,"20260718_092807_session5",278,278,8,"REDUCTION","openmp_sum_reduction",cpu_native,"Intel(R) Core(TM) i9-7900X CPU @ 3.30GHz",4,128000000,"elements=128000000",32,1.013251,1.013251,1.013251,68.726508,69.155397,0.428889,2.161106e+00,68.251035,1.688364e-08,31.664079,31.664079,4.096000e+09,4.04,5.120000e+08,68.25,in_range,,,,1923,1924,,74,74,74,,-1,-1,-1.000000,-1,t
cpu-gpu-v2,2026-07-19T01:47:20,"20260718_092807_session5",279,279,9,"REDUCTION","openmp_sum_reduction",cpu_native,"Intel(R) Core(TM) i9-7900X CPU @ 3.30GHz",4,128000000,"elements=128000000",32,1.015943,1.015943,1.015943,68.829780,69.285704,0.455924,2.165178e+00,68.198425,1.691546e-08,31.748215,31.748215,4.096000e+09,4.03,5.120000e+08,68.20,in_range,,,,1924,1924,,74,74,74,,-1,-1,-1.000000,-1,t
cpu-gpu-v2,2026-07-19T01:47:22,"20260718_092807_session5",280,280,10,"REDUCTION","openmp_sum_reduction",cpu_native,"Intel(R) Core(TM) i9-7900X CPU @ 3.30GHz",4,128000000,"elements=128000000",32,1.012195,1.012195,1.012195,68.391548,68.832341,0.440793,2.151011e+00,68.003011,1.680477e-08,31.631109,31.631109,4.096000e+09,4.05,5.120000e+08,68.00,in_range,,,,1924,1924,,74,74,74,,-1,-1,-1.000000,-1,t
cpu-gpu-v2,2026-07-19T01:47:25,"20260718_092807_session5",281,281,1,"REDUCTION","openmp_sum_reduction",cpu_native,"Intel(R) Core(TM) i9-7900X CPU @ 3.30GHz",4,1000000,"elements=1000000",4021,1.001295,1.001295,1.001295,62.291345,62.291345,0.000000,1.549151e-02,62.210785,1.549152e-08,0.249016,0.249016,4.020996e+09,4.02,4.000004e+06,62.21,in_range,,,,1780,1779,,74,74,74,,-1,-1,-1.000000,-1,t
cpu-gpu-v2,2026-07-19T01:47:26,"20260718_092807_session5",282,282,2,"REDUCTION","openmp_sum_reduction",cpu_native,"Intel(R) Core(TM) i9-7900X CPU @ 3.30GHz",4,1000000,"elements=1000000",4021,1.001199,1.001199,1.001199,62.504906,62.504906,0.000000,1.554462e-02,62.430066,1.554463e-08,0.248992,0.248992,4.020996e+09,4.02,4.000004e+06,62.43,in_range,,,,1924,1780,,74,74,74,,-1,-1,-1.000000,-1,t
cpu-gpu-v2,2026-07-19T01:47:27,"20260718_092807_session5",283,283,3,"REDUCTION","openmp_sum_reduction",cpu_native,"Intel(R) Core(TM) i9-7900X CPU @ 3.30GHz",4,1000000,"elements=1000000",4021,1.000286,1.000286,1.000286,62.270226,62.270226,0.000000,1.548625e-02,62.252444,1.548627e-08,0.248765,0.248765,4.020996e+09,4.02,4.000004e+06,62.25,in_range,,,,1921,1779,,74,74,74,,-1,-1,-1.000000,-1,t
cpu-gpu-v2,2026-07-19T01:47:28,"20260718_092807_session5",284,284,4,"REDUCTION","openmp_sum_reduction",cpu_native,"Intel(R) Core(TM) i9-7900X CPU @ 3.30GHz",4,1000000,"elements=1000000",4021,1.006100,1.006100,1.006100,62.620140,62.620140,0.000000,1.557328e-02,62.240450,1.557329e-08,0.250211,0.250211,4.020996e+09,4.00,4.000004e+06,62.24,in_range,,,,1768,1779,,74,74,74,,-1,-1,-1.000000,-1,t
cpu-gpu-v2,2026-07-19T01:47:29,"20260718_092807_session5",285,285,5,"REDUCTION","openmp_sum_reduction",cpu_native,"Intel(R) Core(TM) i9-7900X CPU @ 3.30GHz",4,1000000,"elements=1000000",4021,1.004865,1.004865,1.004865,62.684593,62.684593,0.000000,1.558930e-02,62.381108,1.558932e-08,0.249904,0.249904,4.020996e+09,4.00,4.000004e+06,62.38,in_range,,,,1760,1922,,74,74,74,,-1,-1,-1.000000,-1,t
cpu-gpu-v2,2026-07-19T01:47:30,"20260718_092807_session5",286,286,6,"REDUCTION","openmp_sum_reduction",cpu_native,"Intel(R) Core(TM) i9-7900X CPU @ 3.30GHz",4,1000000,"elements=1000000",4021,1.006884,1.006884,1.006884,62.709496,62.709496,0.000000,1.559550e-02,62.280769,1.559551e-08,0.250406,0.250406,4.020996e+09,3.99,4.000004e+06,62.28,in_range,,,,1918,1925,,74,74,74,,-1,-1,-1.000000,-1,t
cpu-gpu-v2,2026-07-19T01:47:31,"20260718_092807_session5",287,287,7,"REDUCTION","openmp_sum_reduction",cpu_native,"Intel(R) Core(TM) i9-7900X CPU @ 3.30GHz",4,1000000,"elements=1000000",4021,1.007166,1.007166,1.007166,62.742759,62.742759,0.000000,1.560377e-02,62.296336,1.560379e-08,0.250477,0.250477,4.020996e+09,3.99,4.000004e+06,62.30,in_range,,,,1923,1924,,74,74,74,,-1,-1,-1.000000,-1,t
cpu-gpu-v2,2026-07-19T01:47:32,"20260718_092807_session5",288,288,8,"REDUCTION","openmp_sum_reduction",cpu_native,"Intel(R) Core(TM) i9-7900X CPU @ 3.30GHz",4,1000000,"elements=1000000",4021,1.000412,1.000412,1.000412,62.371056,62.371056,0.000000,1.551133e-02,62.345382,1.551135e-08,0.248797,0.248797,4.020996e+09,4.02,4.000004e+06,62.35,in_range,,,,1913,1780,,74,74,74,,-1,-1,-1.000000,-1,t
cpu-gpu-v2,2026-07-19T01:47:33,"20260718_092807_session5",289,289,9,"REDUCTION","openmp_sum_reduction",cpu_native,"Intel(R) Core(TM) i9-7900X CPU @ 3.30GHz",4,1000000,"elements=1000000",4021,1.000486,1.000486,1.000486,62.149011,62.149011,0.000000,1.545611e-02,62.118821,1.545612e-08,0.248815,0.248815,4.020996e+09,4.02,4.000004e+06,62.12,in_range,,,,1777,1780,,74,74,74,,-1,-1,-1.000000,-1,t
cpu-gpu-v2,2026-07-19T01:47:34,"20260718_092807_session5",290,290,10,"REDUCTION","openmp_sum_reduction",cpu_native,"Intel(R) Core(TM) i9-7900X CPU @ 3.30GHz",4,1000000,"elements=1000000",4021,1.000029,1.000029,1.000029,62.614341,62.614341,0.000000,1.557183e-02,62.612517,1.557185e-08,0.248702,0.248702,4.020996e+09,4.02,4.000004e+06,62.61,in_range,,,,1909,1779,,74,74,73,,-1,-1,-1.000000,-1,t
cpu-gpu-v2,2026-07-19T01:47:37,"20260718_092807_session5",291,291,1,"REDUCTION","openmp_sum_reduction",cpu_native,"Intel(R) Core(TM) i9-7900X CPU @ 3.30GHz",10,32000000,"elements=32000000",300,1.002126,1.002126,1.002126,124.094775,125.393439,1.298664,4.179781e-01,125.127410,1.306182e-08,3.340420,3.340420,9.600000e+09,9.58,1.280000e+08,125.13,in_range,,,,2599,2600,,79,79,79,,-1,-1,-1.000000,-1,t
cpu-gpu-v2,2026-07-19T01:47:38,"20260718_092807_session5",292,292,2,"REDUCTION","openmp_sum_reduction",cpu_native,"Intel(R) Core(TM) i9-7900X CPU @ 3.30GHz",10,32000000,"elements=32000000",300,1.007845,1.007845,1.007845,125.163254,126.441171,1.277917,4.214706e-01,125.457012,1.317096e-08,3.359482,3.359482,9.600000e+09,9.53,1.280000e+08,125.46,in_range,,,,2599,2740,,80,79,80,,-1,-1,-1.000000,-1,t
cpu-gpu-v2,2026-07-19T01:47:39,"20260718_092807_session5",293,293,3,"REDUCTION","openmp_sum_reduction",cpu_native,"Intel(R) Core(TM) i9-7900X CPU @ 3.30GHz",10,32000000,"elements=32000000",300,1.008159,1.008159,1.008159,125.081589,126.373781,1.292192,4.212459e-01,125.351064,1.316394e-08,3.360529,3.360529,9.600000e+09,9.52,1.280000e+08,125.35,in_range,,,,2740,2739,,80,80,80,,-1,-1,-1.000000,-1,t
cpu-gpu-v2,2026-07-19T01:47:40,"20260718_092807_session5",294,294,4,"REDUCTION","openmp_sum_reduction",cpu_native,"Intel(R) Core(TM) i9-7900X CPU @ 3.30GHz",10,32000000,"elements=32000000",300,1.006648,1.006648,1.006648,124.671434,125.954018,1.282584,4.198467e-01,125.122175,1.312021e-08,3.355494,3.355494,9.600000e+09,9.54,1.280000e+08,125.12,in_range,,,,2740,2600,,80,80,79,,-1,-1,-1.000000,-1,t
cpu-gpu-v2,2026-07-19T01:47:41,"20260718_092807_session5",295,295,5,"REDUCTION","openmp_sum_reduction",cpu_native,"Intel(R) Core(TM) i9-7900X CPU @ 3.30GHz",10,32000000,"elements=32000000",300,1.007860,1.007860,1.007860,125.403793,126.689834,1.286041,4.222994e-01,125.701763,1.319686e-08,3.359535,3.359535,9.600000e+09,9.53,1.280000e+08,125.70,in_range,,,,2599,2740,,80,79,80,,-1,-1,-1.000000,-1,t
cpu-gpu-v2,2026-07-19T01:47:42,"20260718_092807_session5",296,296,6,"REDUCTION","openmp_sum_reduction",cpu_native,"Intel(R) Core(TM) i9-7900X CPU @ 3.30GHz",10,32000000,"elements=32000000",300,1.004800,1.004800,1.004800,124.816270,126.079728,1.263458,4.202658e-01,125.477465,1.313331e-08,3.349333,3.349333,9.600000e+09,9.55,1.280000e+08,125.48,in_range,,,,2740,2739,,80,80,80,,-1,-1,-1.000000,-1,t
cpu-gpu-v2,2026-07-19T01:47:43,"20260718_092807_session5",297,297,7,"REDUCTION","openmp_sum_reduction",cpu_native,"Intel(R) Core(TM) i9-7900X CPU @ 3.30GHz",10,32000000,"elements=32000000",300,1.008012,1.008012,1.008012,125.096115,126.349873,1.253758,4.211662e-01,125.345585,1.316145e-08,3.360041,3.360041,9.600000e+09,9.52,1.280000e+08,125.35,in_range,,,,2739,2740,,80,80,80,,-1,-1,-1.000000,-1,t
cpu-gpu-v2,2026-07-19T01:47:44,"20260718_092807_session5",298,298,8,"REDUCTION","openmp_sum_reduction",cpu_native,"Intel(R) Core(TM) i9-7900X CPU @ 3.30GHz",10,32000000,"elements=32000000",300,1.004105,1.004105,1.004105,125.007005,126.296841,1.289836,4.209895e-01,125.780555,1.315592e-08,3.347016,3.347016,9.600000e+09,9.56,1.280000e+08,125.78,in_range,,,,2740,2740,,80,80,80,,-1,-1,-1.000000,-1,t
cpu-gpu-v2,2026-07-19T01:47:45,"20260718_092807_session5",299,299,9,"REDUCTION","openmp_sum_reduction",cpu_native,"Intel(R) Core(TM) i9-7900X CPU @ 3.30GHz",10,32000000,"elements=32000000",300,1.007704,1.007704,1.007704,125.066513,126.355033,1.288520,4.211834e-01,125.389042,1.316198e-08,3.359013,3.359013,9.600000e+09,9.53,1.280000e+08,125.39,in_range,,,,2740,2739,,80,80,80,,-1,-1,-1.000000,-1,t
cpu-gpu-v2,2026-07-19T01:47:46,"20260718_092807_session5",300,300,10,"REDUCTION","openmp_sum_reduction",cpu_native,"Intel(R) Core(TM) i9-7900X CPU @ 3.30GHz",10,32000000,"elements=32000000",300,1.002648,1.002648,1.002648,124.832810,126.111110,1.278300,4.203704e-01,125.778056,1.313657e-08,3.342160,3.342160,9.600000e+09,9.57,1.280000e+08,125.78,in_range,,,,2739,2740,,80,80,80,,-1,-1,-1.000000,-1,t
cpu-gpu-v2,2026-07-19T01:47:49,"20260718_092807_session5",301,301,1,"REDUCTION","openmp_sum_reduction",cpu_native,"Intel(R) Core(TM) i9-7900X CPU @ 3.30GHz",20,4000000,"elements=4000000",4799,1.000378,1.000378,1.000378,136.367815,136.367815,0.000000,2.841588e-02,136.316233,7.103972e-09,0.208456,0.208456,1.919600e+10,19.19,1.600000e+07,136.32,in_range,,,,4000,4000,,85,85,85,,-1,-1,-1.000000,-1,t
cpu-gpu-v2,2026-07-19T01:47:50,"20260718_092807_session5",302,302,2,"REDUCTION","openmp_sum_reduction",cpu_native,"Intel(R) Core(TM) i9-7900X CPU @ 3.30GHz",20,4000000,"elements=4000000",4799,1.000408,1.000408,1.000408,136.612504,136.612504,0.000000,2.846687e-02,136.556820,7.116719e-09,0.208462,0.208462,1.919600e+10,19.19,1.600000e+07,136.56,in_range,,,,3999,4000,,85,85,85,,-1,-1,-1.000000,-1,t
cpu-gpu-v2,2026-07-19T01:47:51,"20260718_092807_session5",303,303,3,"REDUCTION","openmp_sum_reduction",cpu_native,"Intel(R) Core(TM) i9-7900X CPU @ 3.30GHz",20,4000000,"elements=4000000",4799,1.000789,1.000789,1.000789,136.538469,136.538515,0.000046,2.845145e-02,136.430815,7.112865e-09,0.208541,0.208541,1.919600e+10,19.18,1.600000e+07,136.43,in_range,,,,4000,3999,,85,85,85,,-1,-1,-1.000000,-1,t
cpu-gpu-v2,2026-07-19T01:47:52,"20260718_092807_session5",304,304,4,"REDUCTION","openmp_sum_reduction",cpu_native,"Intel(R) Core(TM) i9-7900X CPU @ 3.30GHz",20,4000000,"elements=4000000",4799,1.000357,1.000357,1.000357,136.867630,136.867630,0.000000,2.852003e-02,136.818797,7.130010e-09,0.208451,0.208451,1.919600e+10,19.19,1.600000e+07,136.82,in_range,,,,3999,4000,,85,85,85,,-1,-1,-1.000000,-1,t
cpu-gpu-v2,2026-07-19T01:47:53,"20260718_092807_session5",305,305,5,"REDUCTION","openmp_sum_reduction",cpu_native,"Intel(R) Core(TM) i9-7900X CPU @ 3.30GHz",20,4000000,"elements=4000000",4799,1.000405,1.000405,1.000405,136.885269,136.885269,0.000000,2.852371e-02,136.829871,7.130928e-09,0.208461,0.208461,1.919600e+10,19.19,1.600000e+07,136.83,in_range,,,,4000,4000,,85,85,85,,-1,-1,-1.000000,-1,t
cpu-gpu-v2,2026-07-19T01:47:54,"20260718_092807_session5",306,306,6,"REDUCTION","openmp_sum_reduction",cpu_native,"Intel(R) Core(TM) i9-7900X CPU @ 3.30GHz",20,4000000,"elements=4000000",4799,1.000278,1.000278,1.000278,136.951127,136.951127,0.000000,2.853743e-02,136.913072,7.134359e-09,0.208435,0.208435,1.919600e+10,19.19,1.600000e+07,136.91,in_range,,,,3999,3999,,85,85,85,,-1,-1,-1.000000,-1,t
cpu-gpu-v2,2026-07-19T01:47:55,"20260718_092807_session5",307,307,7,"REDUCTION","openmp_sum_reduction",cpu_native,"Intel(R) Core(TM) i9-7900X CPU @ 3.30GHz",20,4000000,"elements=4000000",4799,1.000432,1.000432,1.000432,137.000748,137.000748,0.000000,2.854777e-02,136.941627,7.136944e-09,0.208467,0.208467,1.919600e+10,19.19,1.600000e+07,136.94,in_range,,,,3999,4000,,85,85,85,,-1,-1,-1.000000,-1,t
cpu-gpu-v2,2026-07-19T01:47:56,"20260718_092807_session5",308,308,8,"REDUCTION","openmp_sum_reduction",cpu_native,"Intel(R) Core(TM) i9-7900X CPU @ 3.30GHz",20,4000000,"elements=4000000",4799,1.001985,1.001985,1.001985,137.335708,137.335708,0.000000,2.861757e-02,137.063648,7.154394e-09,0.208790,0.208790,1.919600e+10,19.16,1.600000e+07,137.06,in_range,,,,3999,4000,,86,85,86,,-1,-1,-1.000000,-1,t
cpu-gpu-v2,2026-07-19T01:47:57,"20260718_092807_session5",309,309,9,"REDUCTION","openmp_sum_reduction",cpu_native,"Intel(R) Core(TM) i9-7900X CPU @ 3.30GHz",20,4000000,"elements=4000000",4799,1.001181,1.001181,1.001181,137.414199,137.414199,0.000000,2.863392e-02,137.252080,7.158483e-09,0.208623,0.208623,1.919600e+10,19.17,1.600000e+07,137.25,in_range,,,,3999,3999,,86,86,85,,-1,-1,-1.000000,-1,t
cpu-gpu-v2,2026-07-19T01:47:58,"20260718_092807_session5",310,310,10,"REDUCTION","openmp_sum_reduction",cpu_native,"Intel(R) Core(TM) i9-7900X CPU @ 3.30GHz",20,4000000,"elements=4000000",4799,1.001435,1.001435,1.001435,137.412123,137.412123,0.000000,2.863349e-02,137.215152,7.158375e-09,0.208676,0.208676,1.919600e+10,19.17,1.600000e+07,137.22,in_range,,,,3999,4000,,86,85,86,,-1,-1,-1.000000,-1,t
cpu-gpu-v2,2026-07-19T01:48:00,"20260718_092807_session5",311,311,1,"REDUCTION","openmp_sum_reduction",cpu_native,"Intel(R) Core(TM) i9-7900X CPU @ 3.30GHz",1,16000000,"elements=16000000",70,1.010274,1.010274,1.010274,42.505750,42.510815,0.005065,6.072974e-01,42.078502,3.795609e-08,14.432485,14.432485,1.120000e+09,1.11,6.400000e+07,42.08,in_range,,,,1365,1364,,80,80,79,,-1,-1,-1.000000,-1,t
cpu-gpu-v2,2026-07-19T01:48:01,"20260718_092807_session5",312,312,2,"REDUCTION","openmp_sum_reduction",cpu_native,"Intel(R) Core(TM) i9-7900X CPU @ 3.30GHz",1,16000000,"elements=16000000",70,1.011481,1.011481,1.011481,42.388014,42.391119,0.003105,6.055874e-01,41.909943,3.784922e-08,14.449731,14.449731,1.120000e+09,1.11,6.400000e+07,41.91,in_range,,,,1528,1365,,80,79,80,,-1,-1,-1.000000,-1,t
cpu-gpu-v2,2026-07-19T01:48:02,"20260718_092807_session5",313,313,3,"REDUCTION","openmp_sum_reduction",cpu_native,"Intel(R) Core(TM) i9-7900X CPU @ 3.30GHz",1,16000000,"elements=16000000",70,1.011857,1.011857,1.011857,41.900345,41.904431,0.004086,5.986347e-01,41.413381,3.741467e-08,14.455104,14.455104,1.120000e+09,1.11,6.400000e+07,41.41,in_range,,,,1364,1505,,80,80,79,,-1,-1,-1.000000,-1,t
cpu-gpu-v2,2026-07-19T01:48:03,"20260718_092807_session5",314,314,4,"REDUCTION","openmp_sum_reduction",cpu_native,"Intel(R) Core(TM) i9-7900X CPU @ 3.30GHz",1,16000000,"elements=16000000",70,1.015020,1.015020,1.015020,41.274553,41.278653,0.004100,5.896950e-01,40.667812,3.685594e-08,14.500289,14.500289,1.120000e+09,1.10,6.400000e+07,40.67,in_range,,,,1369,1364,,79,79,79,,-1,-1,-1.000000,-1,t
cpu-gpu-v2,2026-07-19T01:48:04,"20260718_092807_session5",315,315,5,"REDUCTION","openmp_sum_reduction",cpu_native,"Intel(R) Core(TM) i9-7900X CPU @ 3.30GHz",1,16000000,"elements=16000000",70,1.009847,1.009847,1.009847,41.199846,41.202676,0.002830,5.886097e-01,40.800917,3.678811e-08,14.426383,14.426383,1.120000e+09,1.11,6.400000e+07,40.80,in_range,,,,1524,1508,,79,79,78,,-1,-1,-1.000000,-1,t
cpu-gpu-v2,2026-07-19T01:48:05,"20260718_092807_session5",316,316,6,"REDUCTION","openmp_sum_reduction",cpu_native,"Intel(R) Core(TM) i9-7900X CPU @ 3.30GHz",1,16000000,"elements=16000000",70,1.012834,1.012834,1.012834,41.190141,41.193538,0.003397,5.884791e-01,40.671570,3.677995e-08,14.469053,14.469053,1.120000e+09,1.11,6.400000e+07,40.67,in_range,,,,1665,1364,,79,78,79,,-1,-1,-1.000000,-1,t
cpu-gpu-v2,2026-07-19T01:48:06,"20260718_092807_session5",317,317,7,"REDUCTION","openmp_sum_reduction",cpu_native,"Intel(R) Core(TM) i9-7900X CPU @ 3.30GHz",1,16000000,"elements=16000000",70,1.010697,1.010697,1.010697,41.293839,41.298062,0.004223,5.899723e-01,40.860988,3.687327e-08,14.438523,14.438523,1.120000e+09,1.11,6.400000e+07,40.86,in_range,,,,1519,1364,,79,79,79,,-1,-1,-1.000000,-1,t
cpu-gpu-v2,2026-07-19T01:48:07,"20260718_092807_session5",318,318,8,"REDUCTION","openmp_sum_reduction",cpu_native,"Intel(R) Core(TM) i9-7900X CPU @ 3.30GHz",1,16000000,"elements=16000000",70,1.018648,1.018648,1.018648,41.459488,41.463129,0.003641,5.923304e-01,40.704097,3.702065e-08,14.552108,14.552108,1.120000e+09,1.10,6.400000e+07,40.70,in_range,,,,1476,1365,,79,79,79,,-1,-1,-1.000000,-1,t
cpu-gpu-v2,2026-07-19T01:48:08,"20260718_092807_session5",319,319,9,"REDUCTION","openmp_sum_reduction",cpu_native,"Intel(R) Core(TM) i9-7900X CPU @ 3.30GHz",1,16000000,"elements=16000000",70,1.010725,1.010725,1.010725,41.208757,41.213179,0.004422,5.887597e-01,40.775856,3.679748e-08,14.438929,14.438929,1.120000e+09,1.11,6.400000e+07,40.78,in_range,,,,1526,1364,,79,79,79,,-1,-1,-1.000000,-1,t
cpu-gpu-v2,2026-07-19T01:48:09,"20260718_092807_session5",320,320,10,"REDUCTION","openmp_sum_reduction",cpu_native,"Intel(R) Core(TM) i9-7900X CPU @ 3.30GHz",1,16000000,"elements=16000000",70,1.012477,1.012477,1.012477,41.673477,41.679092,0.005615,5.954156e-01,41.165456,3.721348e-08,14.463962,14.463962,1.120000e+09,1.11,6.400000e+07,41.17,in_range,,,,1528,1365,,79,79,79,,-1,-1,-1.000000,-1,t
cpu-gpu-v2,2026-07-19T01:48:13,"20260718_092807_session5",321,321,1,"REDUCTION","openmp_sum_reduction",cpu_native,"Intel(R) Core(TM) i9-7900X CPU @ 3.30GHz",20,16000000,"elements=16000000",745,1.002172,1.002172,1.002172,131.604521,133.157287,1.552766,1.787346e-01,132.868673,1.117091e-08,1.345198,1.345198,1.192000e+10,11.89,6.400000e+07,132.87,in_range,,,,3999,3999,,82,82,82,,-1,-1,-1.000000,-1,t
cpu-gpu-v2,2026-07-19T01:48:14,"20260718_092807_session5",322,322,2,"REDUCTION","openmp_sum_reduction",cpu_native,"Intel(R) Core(TM) i9-7900X CPU @ 3.30GHz",20,16000000,"elements=16000000",745,1.004336,1.004336,1.004336,131.644500,133.225082,1.580582,1.788256e-01,132.649853,1.117660e-08,1.348103,1.348103,1.192000e+10,11.87,6.400000e+07,132.65,in_range,,,,4000,3999,,82,82,82,,-1,-1,-1.000000,-1,t
cpu-gpu-v2,2026-07-19T01:48:15,"20260718_092807_session5",323,323,3,"REDUCTION","openmp_sum_reduction",cpu_native,"Intel(R) Core(TM) i9-7900X CPU @ 3.30GHz",20,16000000,"elements=16000000",745,1.002975,1.002975,1.002975,131.670256,133.189163,1.518907,1.787774e-01,132.794087,1.117359e-08,1.346275,1.346275,1.192000e+10,11.88,6.400000e+07,132.79,in_range,,,,4000,3999,,82,82,82,,-1,-1,-1.000000,-1,t
cpu-gpu-v2,2026-07-19T01:48:16,"20260718_092807_session5",324,324,4,"REDUCTION","openmp_sum_reduction",cpu_native,"Intel(R) Core(TM) i9-7900X CPU @ 3.30GHz",20,16000000,"elements=16000000",745,1.003315,1.003315,1.003315,131.850187,133.403397,1.553210,1.790650e-01,132.962582,1.119156e-08,1.346732,1.346732,1.192000e+10,11.88,6.400000e+07,132.96,in_range,,,,3999,3999,,82,82,82,,-1,-1,-1.000000,-1,t
cpu-gpu-v2,2026-07-19T01:48:17,"20260718_092807_session5",325,325,5,"REDUCTION","openmp_sum_reduction",cpu_native,"Intel(R) Core(TM) i9-7900X CPU @ 3.30GHz",20,16000000,"elements=16000000",745,1.001649,1.001649,1.001649,130.931062,132.482329,1.551267,1.778286e-01,132.264246,1.111429e-08,1.344495,1.344495,1.192000e+10,11.90,6.400000e+07,132.26,in_range,,,,4000,3999,,82,82,82,,-1,-1,-1.000000,-1,t
cpu-gpu-v2,2026-07-19T01:48:18,"20260718_092807_session5",326,326,6,"REDUCTION","openmp_sum_reduction",cpu_native,"Intel(R) Core(TM) i9-7900X CPU @ 3.30GHz",20,16000000,"elements=16000000",745,1.002975,1.002975,1.002975,132.459073,134.029695,1.570622,1.799056e-01,133.632137,1.124410e-08,1.346275,1.346275,1.192000e+10,11.88,6.400000e+07,133.63,in_range,,,,3999,3999,,83,82,83,,-1,-1,-1.000000,-1,t
cpu-gpu-v2,2026-07-19T01:48:19,"20260718_092807_session5",327,327,7,"REDUCTION","openmp_sum_reduction",cpu_native,"Intel(R) Core(TM) i9-7900X CPU @ 3.30GHz",20,16000000,"elements=16000000",745,1.001466,1.001466,1.001466,132.082243,133.633893,1.551650,1.793744e-01,133.438214,1.121090e-08,1.344250,1.344250,1.192000e+10,11.90,6.400000e+07,133.44,in_range,,,,4000,3999,,83,83,83,,-1,-1,-1.000000,-1,t
cpu-gpu-v2,2026-07-19T01:48:20,"20260718_092807_session5",328,328,8,"REDUCTION","openmp_sum_reduction",cpu_native,"Intel(R) Core(TM) i9-7900X CPU @ 3.30GHz",20,16000000,"elements=16000000",745,1.016686,1.016686,1.016686,133.844384,135.391245,1.546861,1.817332e-01,133.169168,1.135833e-08,1.364679,1.364679,1.192000e+10,11.72,6.400000e+07,133.17,in_range,,,,3999,3999,,83,83,83,,-1,-1,-1.000000,-1,t
cpu-gpu-v2,2026-07-19T01:48:21,"20260718_092807_session5",329,329,9,"REDUCTION","openmp_sum_reduction",cpu_native,"Intel(R) Core(TM) i9-7900X CPU @ 3.30GHz",20,16000000,"elements=16000000",745,1.004715,1.004715,1.004715,132.444607,133.990075,1.545468,1.798524e-01,133.361311,1.124078e-08,1.348610,1.348610,1.192000e+10,11.86,6.400000e+07,133.36,in_range,,,,4000,3999,,83,83,83,,-1,-1,-1.000000,-1,t
cpu-gpu-v2,2026-07-19T01:48:22,"20260718_092807_session5",330,330,10,"REDUCTION","openmp_sum_reduction",cpu_native,"Intel(R) Core(TM) i9-7900X CPU @ 3.30GHz",20,16000000,"elements=16000000",745,1.004878,1.004878,1.004878,132.600735,134.119734,1.518999,1.800265e-01,133.468638,1.125166e-08,1.348830,1.348830,1.192000e+10,11.86,6.400000e+07,133.47,in_range,,,,3999,3999,,83,83,83,,-1,-1,-1.000000,-1,t
cpu-gpu-v2,2026-07-19T01:48:25,"20260718_092807_session5",331,331,1,"REDUCTION","openmp_sum_reduction",cpu_native,"Intel(R) Core(TM) i9-7900X CPU @ 3.30GHz",1,8000000,"elements=8000000",139,1.003216,1.003216,1.003216,40.849932,40.853068,0.003136,2.939070e-01,40.722125,3.673838e-08,7.217378,7.217378,1.112000e+09,1.11,3.200000e+07,40.72,in_range,,,,1364,1364,,80,80,80,,-1,-1,-1.000000,-1,t
cpu-gpu-v2,2026-07-19T01:48:26,"20260718_092807_session5",332,332,2,"REDUCTION","openmp_sum_reduction",cpu_native,"Intel(R) Core(TM) i9-7900X CPU @ 3.30GHz",1,8000000,"elements=8000000",139,1.004385,1.004385,1.004385,40.930315,40.932565,0.002250,2.944789e-01,40.753845,3.680987e-08,7.225794,7.225794,1.112000e+09,1.11,3.200000e+07,40.75,in_range,,,,1365,1364,,80,80,79,,-1,-1,-1.000000,-1,t
cpu-gpu-v2,2026-07-19T01:48:27,"20260718_092807_session5",333,333,3,"REDUCTION","openmp_sum_reduction",cpu_native,"Intel(R) Core(TM) i9-7900X CPU @ 3.30GHz",1,8000000,"elements=8000000",139,1.012136,1.012136,1.012136,41.280046,41.281468,0.001422,2.969890e-01,40.786503,3.712363e-08,7.281551,7.281551,1.112000e+09,1.10,3.200000e+07,40.79,in_range,,,,1480,1365,,79,79,79,,-1,-1,-1.000000,-1,t
cpu-gpu-v2,2026-07-19T01:48:28,"20260718_092807_session5",334,334,4,"REDUCTION","openmp_sum_reduction",cpu_native,"Intel(R) Core(TM) i9-7900X CPU @ 3.30GHz",1,8000000,"elements=8000000",139,1.008359,1.008359,1.008359,41.108049,41.108616,0.000567,2.957454e-01,40.767833,3.696818e-08,7.254382,7.254382,1.112000e+09,1.10,3.200000e+07,40.77,in_range,,,,1231,1364,,79,79,79,,-1,-1,-1.000000,-1,t
cpu-gpu-v2,2026-07-19T01:48:29,"20260718_092807_session5",335,335,5,"REDUCTION","openmp_sum_reduction",cpu_native,"Intel(R) Core(TM) i9-7900X CPU @ 3.30GHz",1,8000000,"elements=8000000",139,1.009388,1.009388,1.009388,41.707534,41.708191,0.000657,3.000589e-01,41.320277,3.750737e-08,7.261784,7.261784,1.112000e+09,1.10,3.200000e+07,41.32,in_range,,,,1258,1365,,79,79,78,,-1,-1,-1.000000,-1,t
cpu-gpu-v2,2026-07-19T01:48:30,"20260718_092807_session5",336,336,6,"REDUCTION","openmp_sum_reduction",cpu_native,"Intel(R) Core(TM) i9-7900X CPU @ 3.30GHz",1,8000000,"elements=8000000",139,1.010696,1.010696,1.010696,41.302445,41.303103,0.000658,2.971446e-01,40.865991,3.714308e-08,7.271196,7.271196,1.112000e+09,1.10,3.200000e+07,40.87,in_range,,,,1311,1365,,79,78,79,,-1,-1,-1.000000,-1,t
cpu-gpu-v2,2026-07-19T01:48:31,"20260718_092807_session5",337,337,7,"REDUCTION","openmp_sum_reduction",cpu_native,"Intel(R) Core(TM) i9-7900X CPU @ 3.30GHz",1,8000000,"elements=8000000",139,1.010526,1.010526,1.010526,41.381302,41.381517,0.000215,2.977088e-01,40.950482,3.721360e-08,7.269969,7.269969,1.112000e+09,1.10,3.200000e+07,40.95,in_range,,,,1259,1365,,79,79,79,,-1,-1,-1.000000,-1,t
cpu-gpu-v2,2026-07-19T01:48:32,"20260718_092807_session5",338,338,8,"REDUCTION","openmp_sum_reduction",cpu_native,"Intel(R) Core(TM) i9-7900X CPU @ 3.30GHz",1,8000000,"elements=8000000",139,1.009450,1.009450,1.009450,41.284013,41.284548,0.000535,2.970111e-01,40.898043,3.712640e-08,7.262233,7.262233,1.112000e+09,1.10,3.200000e+07,40.90,in_range,,,,1361,1364,,79,79,79,,-1,-1,-1.000000,-1,t
cpu-gpu-v2,2026-07-19T01:48:33,"20260718_092807_session5",339,339,9,"REDUCTION","openmp_sum_reduction",cpu_native,"Intel(R) Core(TM) i9-7900X CPU @ 3.30GHz",1,8000000,"elements=8000000",139,1.009383,1.009383,1.009383,41.160356,41.161106,0.000750,2.961231e-01,40.778476,3.701539e-08,7.261749,7.261749,1.112000e+09,1.10,3.200000e+07,40.78,in_range,,,,1263,1365,,79,79,79,,-1,-1,-1.000000,-1,t
cpu-gpu-v2,2026-07-19T01:48:34,"20260718_092807_session5",340,340,10,"REDUCTION","openmp_sum_reduction",cpu_native,"Intel(R) Core(TM) i9-7900X CPU @ 3.30GHz",1,8000000,"elements=8000000",139,1.009772,1.009772,1.009772,42.563673,42.564469,0.000796,3.062192e-01,42.152555,3.827740e-08,7.264547,7.264547,1.112000e+09,1.10,3.200000e+07,42.15,in_range,,,,1340,1364,,79,79,79,,-1,-1,-1.000000,-1,t
cpu-gpu-v2,2026-07-19T01:48:37,"20260718_092807_session5",341,341,1,"REDUCTION","openmp_sum_reduction",cpu_native,"Intel(R) Core(TM) i9-7900X CPU @ 3.30GHz",1,128000000,"elements=128000000",9,1.038043,1.038043,1.038043,44.065073,44.071622,0.006549,4.896847e+00,42.456436,3.825662e-08,115.338152,115.338152,1.152000e+09,1.11,5.120000e+08,42.46,in_range,,,,1758,1365,,79,78,79,,-1,-1,-1.000000,-1,t
cpu-gpu-v2,2026-07-19T01:48:38,"20260718_092807_session5",342,342,2,"REDUCTION","openmp_sum_reduction",cpu_native,"Intel(R) Core(TM) i9-7900X CPU @ 3.30GHz",1,128000000,"elements=128000000",9,1.038522,1.038522,1.038522,43.253796,43.260344,0.006548,4.806705e+00,41.655703,3.755238e-08,115.391281,115.391281,1.152000e+09,1.11,5.120000e+08,41.66,in_range,,,,1317,1364,,79,79,79,,-1,-1,-1.000000,-1,t
cpu-gpu-v2,2026-07-19T01:48:39,"20260718_092807_session5",343,343,3,"REDUCTION","openmp_sum_reduction",cpu_native,"Intel(R) Core(TM) i9-7900X CPU @ 3.30GHz",1,128000000,"elements=128000000",9,1.038537,1.038537,1.038537,42.754530,42.759212,0.004682,4.751024e+00,41.172543,3.711737e-08,115.393007,115.393007,1.152000e+09,1.11,5.120000e+08,41.17,in_range,,,,1360,1635,,79,79,76,,-1,-1,-1.000000,-1,t
cpu-gpu-v2,2026-07-19T01:48:40,"20260718_092807_session5",344,344,4,"REDUCTION","openmp_sum_reduction",cpu_native,"Intel(R) Core(TM) i9-7900X CPU @ 3.30GHz",1,128000000,"elements=128000000",9,1.037339,1.037339,1.037339,42.496778,42.501337,0.004559,4.722371e+00,40.971496,3.689352e-08,115.259906,115.259906,1.152000e+09,1.11,5.120000e+08,40.97,in_range,,,,1634,1364,,78,76,78,,-1,-1,-1.000000,-1,t
cpu-gpu-v2,2026-07-19T01:48:41,"20260718_092807_session5",345,345,5,"REDUCTION","openmp_sum_reduction",cpu_native,"Intel(R) Core(TM) i9-7900X CPU @ 3.30GHz",1,128000000,"elements=128000000",9,1.044238,1.044238,1.044238,42.529310,42.533120,0.003810,4.725902e+00,40.731256,3.692111e-08,116.026431,116.026431,1.152000e+09,1.10,5.120000e+08,40.73,in_range,,,,1277,1364,,78,78,78,,-1,-1,-1.000000,-1,t
cpu-gpu-v2,2026-07-19T01:48:42,"20260718_092807_session5",346,346,6,"REDUCTION","openmp_sum_reduction",cpu_native,"Intel(R) Core(TM) i9-7900X CPU @ 3.30GHz",1,128000000,"elements=128000000",9,1.043237,1.043237,1.043237,44.044993,44.049002,0.004009,4.894334e+00,42.223384,3.823698e-08,115.915235,115.915235,1.152000e+09,1.10,5.120000e+08,42.22,in_range,,,,1455,1364,,78,78,78,,-1,-1,-1.000000,-1,t
cpu-gpu-v2,2026-07-19T01:48:43,"20260718_092807_session5",347,347,7,"REDUCTION","openmp_sum_reduction",cpu_native,"Intel(R) Core(TM) i9-7900X CPU @ 3.30GHz",1,128000000,"elements=128000000",9,1.040310,1.040310,1.040310,44.475411,44.479985,0.004574,4.942221e+00,42.756478,3.861110e-08,115.589984,115.589984,1.152000e+09,1.11,5.120000e+08,42.76,in_range,,,,1524,1365,,78,78,78,,-1,-1,-1.000000,-1,t
cpu-gpu-v2,2026-07-19T01:48:44,"20260718_092807_session5",348,348,8,"REDUCTION","openmp_sum_reduction",cpu_native,"Intel(R) Core(TM) i9-7900X CPU @ 3.30GHz",1,128000000,"elements=128000000",9,1.038752,1.038752,1.038752,45.154914,45.160560,0.005646,5.017840e+00,43.475807,3.920188e-08,115.416834,115.416834,1.152000e+09,1.11,5.120000e+08,43.48,in_range,,,,1216,1364,,79,78,79,,-1,-1,-1.000000,-1,t
cpu-gpu-v2,2026-07-19T01:48:46,"20260718_092807_session5",349,349,9,"REDUCTION","openmp_sum_reduction",cpu_native,"Intel(R) Core(TM) i9-7900X CPU @ 3.30GHz",1,128000000,"elements=128000000",9,1.038483,1.038483,1.038483,45.049384,45.053928,0.004544,5.005992e+00,43.384376,3.910931e-08,115.386977,115.386977,1.152000e+09,1.11,5.120000e+08,43.38,in_range,,,,1340,1364,,79,79,78,,-1,-1,-1.000000,-1,t
cpu-gpu-v2,2026-07-19T01:48:47,"20260718_092807_session5",350,350,10,"REDUCTION","openmp_sum_reduction",cpu_native,"Intel(R) Core(TM) i9-7900X CPU @ 3.30GHz",1,128000000,"elements=128000000",9,1.038953,1.038953,1.038953,44.045725,44.052212,0.006487,4.894690e+00,42.400587,3.823977e-08,115.439210,115.439210,1.152000e+09,1.11,5.120000e+08,42.40,in_range,,,,1302,1364,,78,78,78,,-1,-1,-1.000000,-1,t
cpu-gpu-v2,2026-07-19T01:48:51,"20260718_092807_session5",351,351,1,"REDUCTION","openmp_sum_reduction",cpu_native,"Intel(R) Core(TM) i9-7900X CPU @ 3.30GHz",2,2000000,"elements=2000000",1083,1.002741,1.002741,1.002741,50.954582,50.954582,0.000000,4.704948e-02,50.815289,2.352475e-08,0.925892,0.925892,2.165999e+09,2.16,8.000004e+06,50.82,in_range,,,,1519,1674,,79,78,79,,-1,-1,-1.000000,-1,t
cpu-gpu-v2,2026-07-19T01:48:52,"20260718_092807_session5",352,352,2,"REDUCTION","openmp_sum_reduction",cpu_native,"Intel(R) Core(TM) i9-7900X CPU @ 3.30GHz",2,2000000,"elements=2000000",1083,1.002786,1.002786,1.002786,51.089286,51.089286,0.000000,4.717386e-02,50.947367,2.358694e-08,0.925933,0.925933,2.165999e+09,2.16,8.000004e+06,50.95,in_range,,,,1674,1673,,79,79,78,,-1,-1,-1.000000,-1,t
cpu-gpu-v2,2026-07-19T01:48:53,"20260718_092807_session5",353,353,3,"REDUCTION","openmp_sum_reduction",cpu_native,"Intel(R) Core(TM) i9-7900X CPU @ 3.30GHz",2,2000000,"elements=2000000",1083,1.001856,1.001856,1.001856,51.083548,51.083548,0.000000,4.716856e-02,50.988937,2.358429e-08,0.925074,0.925074,2.165999e+09,2.16,8.000004e+06,50.99,in_range,,,,1673,1674,,78,78,78,,-1,-1,-1.000000,-1,t
cpu-gpu-v2,2026-07-19T01:48:54,"20260718_092807_session5",354,354,4,"REDUCTION","openmp_sum_reduction",cpu_native,"Intel(R) Core(TM) i9-7900X CPU @ 3.30GHz",2,2000000,"elements=2000000",1083,1.001792,1.001792,1.001792,50.996390,50.996390,0.000000,4.708808e-02,50.905143,2.354405e-08,0.925016,0.925016,2.165999e+09,2.16,8.000004e+06,50.91,in_range,,,,1674,1685,,78,78,78,,-1,-1,-1.000000,-1,t
cpu-gpu-v2,2026-07-19T01:48:55,"20260718_092807_session5",355,355,5,"REDUCTION","openmp_sum_reduction",cpu_native,"Intel(R) Core(TM) i9-7900X CPU @ 3.30GHz",2,2000000,"elements=2000000",1083,1.007798,1.007798,1.007798,51.304495,51.304495,0.000000,4.737257e-02,50.907543,2.368630e-08,0.930561,0.930561,2.165999e+09,2.15,8.000004e+06,50.91,in_range,,,,1677,1675,,78,78,78,,-1,-1,-1.000000,-1,t
cpu-gpu-v2,2026-07-19T01:48:56,"20260718_092807_session5",356,356,6,"REDUCTION","openmp_sum_reduction",cpu_native,"Intel(R) Core(TM) i9-7900X CPU @ 3.30GHz",2,2000000,"elements=2000000",1083,1.008248,1.008248,1.008248,51.705922,51.705922,0.000000,4.774323e-02,51.282964,2.387163e-08,0.930976,0.930976,2.165999e+09,2.15,8.000004e+06,51.28,in_range,,,,1647,1675,,78,78,78,,-1,-1,-1.000000,-1,t
cpu-gpu-v2,2026-07-19T01:48:57,"20260718_092807_session5",357,357,7,"REDUCTION","openmp_sum_reduction",cpu_native,"Intel(R) Core(TM) i9-7900X CPU @ 3.30GHz",2,2000000,"elements=2000000",1083,1.002617,1.002617,1.002617,51.988880,51.988880,0.000000,4.800451e-02,51.853186,2.400227e-08,0.925777,0.925777,2.165999e+09,2.16,8.000004e+06,51.85,in_range,,,,1646,1685,,78,78,78,,-1,-1,-1.000000,-1,t
cpu-gpu-v2,2026-07-19T01:48:58,"20260718_092807_session5",358,358,8,"REDUCTION","openmp_sum_reduction",cpu_native,"Intel(R) Core(TM) i9-7900X CPU @ 3.30GHz",2,2000000,"elements=2000000",1083,1.001834,1.001834,1.001834,52.556628,52.556628,0.000000,4.852874e-02,52.460437,2.426438e-08,0.925054,0.925054,2.165999e+09,2.16,8.000004e+06,52.46,in_range,,,,1654,1685,,78,78,78,,-1,-1,-1.000000,-1,t
cpu-gpu-v2,2026-07-19T01:48:59,"20260718_092807_session5",359,359,9,"REDUCTION","openmp_sum_reduction",cpu_native,"Intel(R) Core(TM) i9-7900X CPU @ 3.30GHz",2,2000000,"elements=2000000",1083,1.001306,1.001306,1.001306,51.945851,51.945851,0.000000,4.796477e-02,51.878081,2.398240e-08,0.924567,0.924567,2.165999e+09,2.16,8.000004e+06,51.88,in_range,,,,1645,1520,,78,78,78,,-1,-1,-1.000000,-1,t
cpu-gpu-v2,2026-07-19T01:49:00,"20260718_092807_session5",360,360,10,"REDUCTION","openmp_sum_reduction",cpu_native,"Intel(R) Core(TM) i9-7900X CPU @ 3.30GHz",2,2000000,"elements=2000000",1083,1.001882,1.001882,1.001882,52.032277,52.032277,0.000000,4.804458e-02,51.934523,2.402230e-08,0.925099,0.925099,2.165999e+09,2.16,8.000004e+06,51.93,in_range,,,,1502,1520,,78,78,78,,-1,-1,-1.000000,-1,t
cpu-gpu-v2,2026-07-19T01:49:02,"20260718_092807_session5",361,361,1,"REDUCTION","openmp_sum_reduction",cpu_native,"Intel(R) Core(TM) i9-7900X CPU @ 3.30GHz",20,128000000,"elements=128000000",77,1.006074,1.006074,1.006074,127.509683,129.060950,1.551267,1.676116e+00,128.281747,1.309466e-08,13.065898,13.065898,9.856000e+09,9.80,5.120000e+08,128.28,in_range,,,,4000,3999,,80,79,80,,-1,-1,-1.000000,-1,t
cpu-gpu-v2,2026-07-19T01:49:03,"20260718_092807_session5",362,362,2,"REDUCTION","openmp_sum_reduction",cpu_native,"Intel(R) Core(TM) i9-7900X CPU @ 3.30GHz",20,128000000,"elements=128000000",77,1.005988,1.005988,1.005988,127.879617,129.453268,1.573651,1.681211e+00,128.682748,1.313446e-08,13.064776,13.064776,9.856000e+09,9.80,5.120000e+08,128.68,in_range,,,,4000,3999,,80,80,80,,-1,-1,-1.000000,-1,t
cpu-gpu-v2,2026-07-19T01:49:04,"20260718_092807_session5",363,363,3,"REDUCTION","openmp_sum_reduction",cpu_native,"Intel(R) Core(TM) i9-7900X CPU @ 3.30GHz",20,128000000,"elements=128000000",77,1.007993,1.007993,1.007993,128.190346,129.755903,1.565557,1.685142e+00,128.727007,1.316517e-08,13.090816,13.090816,9.856000e+09,9.78,5.120000e+08,128.73,in_range,,,,4000,3999,,80,80,80,,-1,-1,-1.000000,-1,t
cpu-gpu-v2,2026-07-19T01:49:05,"20260718_092807_session5",364,364,4,"REDUCTION","openmp_sum_reduction",cpu_native,"Intel(R) Core(TM) i9-7900X CPU @ 3.30GHz",20,128000000,"elements=128000000",77,1.007165,1.007165,1.007165,128.048745,129.591734,1.542989,1.683010e+00,128.669751,1.314851e-08,13.080071,13.080071,9.856000e+09,9.79,5.120000e+08,128.67,in_range,,,,3999,4000,,80,80,80,,-1,-1,-1.000000,-1,t
cpu-gpu-v2,2026-07-19T01:49:06,"20260718_092807_session5",365,365,5,"REDUCTION","openmp_sum_reduction",cpu_native,"Intel(R) Core(TM) i9-7900X CPU @ 3.30GHz",20,128000000,"elements=128000000",77,1.068116,1.068116,1.068116,135.295796,136.830126,1.534330,1.777015e+00,128.104175,1.388293e-08,13.871637,13.871637,9.856000e+09,9.23,5.120000e+08,128.10,in_range,,,,4000,3999,,80,80,80,,-1,-1,-1.000000,-1,t
cpu-gpu-v2,2026-07-19T01:49:07,"20260718_092807_session5",366,366,6,"REDUCTION","openmp_sum_reduction",cpu_native,"Intel(R) Core(TM) i9-7900X CPU @ 3.30GHz",20,128000000,"elements=128000000",77,1.007718,1.007718,1.007718,128.510474,130.052852,1.542378,1.688998e+00,129.056813,1.319530e-08,13.087245,13.087245,9.856000e+09,9.78,5.120000e+08,129.06,in_range,,,,4000,4000,,80,80,80,,-1,-1,-1.000000,-1,t
cpu-gpu-v2,2026-07-19T01:49:08,"20260718_092807_session5",367,367,7,"REDUCTION","openmp_sum_reduction",cpu_native,"Intel(R) Core(TM) i9-7900X CPU @ 3.30GHz",20,128000000,"elements=128000000",77,1.007524,1.007524,1.007524,128.326087,129.896769,1.570682,1.686971e+00,128.926767,1.317946e-08,13.084723,13.084723,9.856000e+09,9.78,5.120000e+08,128.93,in_range,,,,3999,4000,,81,80,81,,-1,-1,-1.000000,-1,t
cpu-gpu-v2,2026-07-19T01:49:09,"20260718_092807_session5",368,368,8,"REDUCTION","openmp_sum_reduction",cpu_native,"Intel(R) Core(TM) i9-7900X CPU @ 3.30GHz",20,128000000,"elements=128000000",77,1.005775,1.005775,1.005775,128.229469,129.809622,1.580153,1.685839e+00,129.064239,1.317062e-08,13.062017,13.062017,9.856000e+09,9.80,5.120000e+08,129.06,in_range,,,,3999,3999,,81,81,81,,-1,-1,-1.000000,-1,t
cpu-gpu-v2,2026-07-19T01:49:10,"20260718_092807_session5",369,369,9,"REDUCTION","openmp_sum_reduction",cpu_native,"Intel(R) Core(TM) i9-7900X CPU @ 3.30GHz",20,128000000,"elements=128000000",77,1.005788,1.005788,1.005788,128.589697,130.162307,1.572610,1.690420e+00,129.413323,1.320640e-08,13.062176,13.062176,9.856000e+09,9.80,5.120000e+08,129.41,in_range,,,,4000,3999,,81,81,81,,-1,-1,-1.000000,-1,t
cpu-gpu-v2,2026-07-19T01:49:11,"20260718_092807_session5",370,370,10,"REDUCTION","openmp_sum_reduction",cpu_native,"Intel(R) Core(TM) i9-7900X CPU @ 3.30GHz",20,128000000,"elements=128000000",77,1.005761,1.005761,1.005761,128.922827,130.519367,1.596540,1.695057e+00,129.771738,1.324263e-08,13.061833,13.061833,9.856000e+09,9.80,5.120000e+08,129.77,in_range,,,,3999,3999,,81,81,81,,-1,-1,-1.000000,-1,t
cpu-gpu-v2,2026-07-19T01:49:14,"20260718_092807_session5",371,371,1,"REDUCTION","openmp_sum_reduction",cpu_native,"Intel(R) Core(TM) i9-7900X CPU @ 3.30GHz",2,1000000,"elements=1000000",2123,1.001143,1.001143,1.001143,50.903251,50.903251,0.000000,2.397704e-02,50.845113,2.397706e-08,0.471570,0.471570,2.122998e+09,2.12,4.000004e+06,50.85,in_range,,,,1520,1517,,78,78,77,,-1,-1,-1.000000,-1,t
cpu-gpu-v2,2026-07-19T01:49:15,"20260718_092807_session5",372,372,2,"REDUCTION","openmp_sum_reduction",cpu_native,"Intel(R) Core(TM) i9-7900X CPU @ 3.30GHz",2,1000000,"elements=1000000",2123,1.001118,1.001118,1.001118,50.427911,50.427911,0.000000,2.375314e-02,50.371571,2.375316e-08,0.471558,0.471558,2.122998e+09,2.12,4.000004e+06,50.37,in_range,,,,1516,1520,,77,77,77,,-1,-1,-1.000000,-1,t
cpu-gpu-v2,2026-07-19T01:49:16,"20260718_092807_session5",373,373,3,"REDUCTION","openmp_sum_reduction",cpu_native,"Intel(R) Core(TM) i9-7900X CPU @ 3.30GHz",2,1000000,"elements=1000000",2123,0.980170,0.980170,0.980170,49.922052,49.922052,0.000000,2.351486e-02,50.932035,2.351489e-08,0.461691,0.461691,2.122998e+09,2.17,4.000004e+06,50.93,in_range,,,,1520,1520,,77,77,77,,-1,-1,-1.000000,-1,t
cpu-gpu-v2,2026-07-19T01:49:17,"20260718_092807_session5",374,374,4,"REDUCTION","openmp_sum_reduction",cpu_native,"Intel(R) Core(TM) i9-7900X CPU @ 3.30GHz",2,1000000,"elements=1000000",2123,0.992011,0.992011,0.992011,50.118890,50.118890,0.000000,2.360758e-02,50.522525,2.360760e-08,0.467268,0.467268,2.122998e+09,2.14,4.000004e+06,50.52,in_range,,,,1651,1520,,79,77,79,,-1,-1,-1.000000,-1,t
cpu-gpu-v2,2026-07-19T01:49:18,"20260718_092807_session5",375,375,5,"REDUCTION","openmp_sum_reduction",cpu_native,"Intel(R) Core(TM) i9-7900X CPU @ 3.30GHz",2,1000000,"elements=1000000",2123,0.985763,0.985763,0.985763,49.557491,49.557491,0.000000,2.334314e-02,50.273254,2.334317e-08,0.464325,0.464325,2.122998e+09,2.15,4.000004e+06,50.27,in_range,,,,1493,1520,,79,79,79,,-1,-1,-1.000000,-1,t
cpu-gpu-v2,2026-07-19T01:49:19,"20260718_092807_session5",376,376,6,"REDUCTION","openmp_sum_reduction",cpu_native,"Intel(R) Core(TM) i9-7900X CPU @ 3.30GHz",2,1000000,"elements=1000000",2123,0.986230,0.986230,0.986230,50.052850,50.052850,0.000000,2.357647e-02,50.751677,2.357650e-08,0.464546,0.464546,2.122998e+09,2.15,4.000004e+06,50.75,in_range,,,,1507,1672,,79,79,79,,-1,-1,-1.000000,-1,t
cpu-gpu-v2,2026-07-19T01:49:20,"20260718_092807_session5",377,377,7,"REDUCTION","openmp_sum_reduction",cpu_native,"Intel(R) Core(TM) i9-7900X CPU @ 3.30GHz",2,1000000,"elements=1000000",2123,0.991008,0.991008,0.991008,51.053702,51.053717,0.000015,2.404791e-02,51.516957,2.404794e-08,0.466796,0.466796,2.122998e+09,2.14,4.000004e+06,51.52,in_range,,,,1645,2194,,79,79,79,,-1,-1,-1.000000,-1,t
cpu-gpu-v2,2026-07-19T01:49:21,"20260718_092807_session5",378,378,8,"REDUCTION","openmp_sum_reduction",cpu_native,"Intel(R) Core(TM) i9-7900X CPU @ 3.30GHz",2,1000000,"elements=1000000",2123,0.985119,0.985119,0.985119,50.037104,50.037104,0.000000,2.356906e-02,50.792960,2.356908e-08,0.464022,0.464022,2.122998e+09,2.16,4.000004e+06,50.79,in_range,,,,2314,1685,,79,79,78,,-1,-1,-1.000000,-1,t
cpu-gpu-v2,2026-07-19T01:49:22,"20260718_092807_session5",379,379,9,"REDUCTION","openmp_sum_reduction",cpu_native,"Intel(R) Core(TM) i9-7900X CPU @ 3.30GHz",2,1000000,"elements=1000000",2123,0.981338,0.981338,0.981338,50.039057,50.039057,0.000000,2.356998e-02,50.990666,2.357000e-08,0.462241,0.462241,2.122998e+09,2.16,4.000004e+06,50.99,in_range,,,,1679,1520,,78,78,78,,-1,-1,-1.000000,-1,t
cpu-gpu-v2,2026-07-19T01:49:23,"20260718_092807_session5",380,380,10,"REDUCTION","openmp_sum_reduction",cpu_native,"Intel(R) Core(TM) i9-7900X CPU @ 3.30GHz",2,1000000,"elements=1000000",2123,1.031453,1.031453,1.031453,51.670156,51.670156,0.000000,2.433827e-02,50.094514,2.433830e-08,0.485847,0.485847,2.122998e+09,2.06,4.000004e+06,50.09,in_range,,,,1519,1663,,78,78,75,,-1,-1,-1.000000,-1,t
cpu-gpu-v2,2026-07-19T01:49:26,"20260718_092807_session5",381,381,1,"REDUCTION","openmp_sum_reduction",cpu_native,"Intel(R) Core(TM) i9-7900X CPU @ 3.30GHz",8,4000000,"elements=4000000",1970,0.999354,0.999354,0.999354,98.985343,98.985374,0.000031,5.024638e-02,99.049317,1.256160e-08,0.507287,0.507287,7.879998e+09,7.89,1.600000e+07,99.05,in_range,,,,2459,2600,,77,77,77,,-1,-1,-1.000000,-1,t
cpu-gpu-v2,2026-07-19T01:49:27,"20260718_092807_session5",382,382,2,"REDUCTION","openmp_sum_reduction",cpu_native,"Intel(R) Core(TM) i9-7900X CPU @ 3.30GHz",8,4000000,"elements=4000000",1970,1.005597,1.005597,1.005597,99.424977,99.424977,0.000000,5.046953e-02,98.871593,1.261739e-08,0.510455,0.510455,7.879998e+09,7.84,1.600000e+07,98.87,in_range,,,,2600,2460,,77,77,77,,-1,-1,-1.000000,-1,t
cpu-gpu-v2,2026-07-19T01:49:28,"20260718_092807_session5",383,383,3,"REDUCTION","openmp_sum_reduction",cpu_native,"Intel(R) Core(TM) i9-7900X CPU @ 3.30GHz",8,4000000,"elements=4000000",1970,1.006754,1.006754,1.006754,99.554799,99.554799,0.000000,5.053543e-02,98.886933,1.263386e-08,0.511043,0.511043,7.879998e+09,7.83,1.600000e+07,98.89,in_range,,,,2459,2319,,77,77,77,,-1,-1,-1.000000,-1,t
cpu-gpu-v2,2026-07-19T01:49:29,"20260718_092807_session5",384,384,4,"REDUCTION","openmp_sum_reduction",cpu_native,"Intel(R) Core(TM) i9-7900X CPU @ 3.30GHz",8,4000000,"elements=4000000",1970,1.005836,1.005836,1.005836,99.314016,99.314016,0.000000,5.041321e-02,98.737806,1.260330e-08,0.510577,0.510577,7.879998e+09,7.83,1.600000e+07,98.74,in_range,,,,2319,2459,,77,77,77,,-1,-1,-1.000000,-1,t
cpu-gpu-v2,2026-07-19T01:49:30,"20260718_092807_session5",385,385,5,"REDUCTION","openmp_sum_reduction",cpu_native,"Intel(R) Core(TM) i9-7900X CPU @ 3.30GHz",8,4000000,"elements=4000000",1970,1.006179,1.006179,1.006179,99.690968,99.690968,0.000000,5.060455e-02,99.078747,1.265114e-08,0.510751,0.510751,7.879998e+09,7.83,1.600000e+07,99.08,in_range,,,,2459,2319,,78,77,78,,-1,-1,-1.000000,-1,t
cpu-gpu-v2,2026-07-19T01:49:31,"20260718_092807_session5",386,386,6,"REDUCTION","openmp_sum_reduction",cpu_native,"Intel(R) Core(TM) i9-7900X CPU @ 3.30GHz",8,4000000,"elements=4000000",1970,1.004662,1.004662,1.004662,99.309133,99.309133,0.000000,5.041073e-02,98.848287,1.260269e-08,0.509981,0.509981,7.879998e+09,7.84,1.600000e+07,98.85,in_range,,,,2320,2460,,78,78,78,,-1,-1,-1.000000,-1,t
cpu-gpu-v2,2026-07-19T01:49:32,"20260718_092807_session5",387,387,7,"REDUCTION","openmp_sum_reduction",cpu_native,"Intel(R) Core(TM) i9-7900X CPU @ 3.30GHz",8,4000000,"elements=4000000",1970,1.007266,1.007266,1.007266,99.567372,99.567372,0.000000,5.054181e-02,98.849126,1.263546e-08,0.511303,0.511303,7.879998e+09,7.82,1.600000e+07,98.85,in_range,,,,2600,2459,,78,78,77,,-1,-1,-1.000000,-1,t
cpu-gpu-v2,2026-07-19T01:49:33,"20260718_092807_session5",388,388,8,"REDUCTION","openmp_sum_reduction",cpu_native,"Intel(R) Core(TM) i9-7900X CPU @ 3.30GHz",8,4000000,"elements=4000000",1970,1.005288,1.005288,1.005288,99.574086,99.574086,0.000000,5.054522e-02,99.050335,1.263631e-08,0.510298,0.510298,7.879998e+09,7.84,1.600000e+07,99.05,in_range,,,,2459,2460,,78,77,78,,-1,-1,-1.000000,-1,t
cpu-gpu-v2,2026-07-19T01:49:34,"20260718_092807_session5",389,389,9,"REDUCTION","openmp_sum_reduction",cpu_native,"Intel(R) Core(TM) i9-7900X CPU @ 3.30GHz",8,4000000,"elements=4000000",1970,1.006879,1.006879,1.006879,99.464833,99.464833,0.000000,5.048976e-02,98.785333,1.262244e-08,0.511106,0.511106,7.879998e+09,7.83,1.600000e+07,98.79,in_range,,,,2460,2460,,78,78,78,,-1,-1,-1.000000,-1,t
cpu-gpu-v2,2026-07-19T01:49:35,"20260718_092807_session5",390,390,10,"REDUCTION","openmp_sum_reduction",cpu_native,"Intel(R) Core(TM) i9-7900X CPU @ 3.30GHz",8,4000000,"elements=4000000",1970,1.005019,1.005019,1.005019,99.496083,99.496083,0.000000,5.050563e-02,98.999218,1.262641e-08,0.510162,0.510162,7.879998e+09,7.84,1.600000e+07,99.00,in_range,,,,2460,2460,,78,78,78,,-1,-1,-1.000000,-1,t
cpu-gpu-v2,2026-07-19T01:49:38,"20260718_092807_session5",391,391,1,"REDUCTION","openmp_sum_reduction",cpu_native,"Intel(R) Core(TM) i9-7900X CPU @ 3.30GHz",1,2000000,"elements=2000000",565,1.001436,1.001436,1.001436,42.161818,42.161818,0.000000,7.462269e-02,42.101360,3.731136e-08,1.772453,1.772453,1.129999e+09,1.13,8.000004e+06,42.10,in_range,,,,1364,1364,,79,79,78,,-1,-1,-1.000000,-1,t
cpu-gpu-v2,2026-07-19T01:49:39,"20260718_092807_session5",392,392,2,"REDUCTION","openmp_sum_reduction",cpu_native,"Intel(R) Core(TM) i9-7900X CPU @ 3.30GHz",1,2000000,"elements=2000000",565,1.005734,1.005734,1.005734,40.866289,40.866289,0.000000,7.232972e-02,40.633282,3.616488e-08,1.780061,1.780061,1.129999e+09,1.12,8.000004e+06,40.63,in_range,,,,1200,1364,,78,78,78,,-1,-1,-1.000000,-1,t
cpu-gpu-v2,2026-07-19T01:49:40,"20260718_092807_session5",393,393,3,"REDUCTION","openmp_sum_reduction",cpu_native,"Intel(R) Core(TM) i9-7900X CPU @ 3.30GHz",1,2000000,"elements=2000000",565,1.004912,1.004912,1.004912,40.809344,40.809344,0.000000,7.222893e-02,40.609865,3.611448e-08,1.778605,1.778605,1.129999e+09,1.12,8.000004e+06,40.61,in_range,,,,1220,1365,,78,78,78,,-1,-1,-1.000000,-1,t
cpu-gpu-v2,2026-07-19T01:49:41,"20260718_092807_session5",394,394,4,"REDUCTION","openmp_sum_reduction",cpu_native,"Intel(R) Core(TM) i9-7900X CPU @ 3.30GHz",1,2000000,"elements=2000000",565,1.004115,1.004115,1.004115,40.763811,40.763811,0.000000,7.214834e-02,40.596754,3.607419e-08,1.777195,1.777195,1.129999e+09,1.13,8.000004e+06,40.60,in_range,,,,1332,1509,,78,78,78,,-1,-1,-1.000000,-1,t
cpu-gpu-v2,2026-07-19T01:49:42,"20260718_092807_session5",395,395,5,"REDUCTION","openmp_sum_reduction",cpu_native,"Intel(R) Core(TM) i9-7900X CPU @ 3.30GHz",1,2000000,"elements=2000000",565,1.000480,1.000480,1.000480,40.529681,40.529681,0.000000,7.173395e-02,40.510235,3.586699e-08,1.770761,1.770761,1.129999e+09,1.13,8.000004e+06,40.51,in_range,,,,1509,1365,,78,78,78,,-1,-1,-1.000000,-1,t
cpu-gpu-v2,2026-07-19T01:49:43,"20260718_092807_session5",396,396,6,"REDUCTION","openmp_sum_reduction",cpu_native,"Intel(R) Core(TM) i9-7900X CPU @ 3.30GHz",1,2000000,"elements=2000000",565,1.004613,1.004613,1.004613,40.827593,40.827593,0.000000,7.226123e-02,40.640130,3.613063e-08,1.778076,1.778076,1.129999e+09,1.12,8.000004e+06,40.64,in_range,,,,1309,1364,,78,78,78,,-1,-1,-1.000000,-1,t
cpu-gpu-v2,2026-07-19T01:49:44,"20260718_092807_session5",397,397,7,"REDUCTION","openmp_sum_reduction",cpu_native,"Intel(R) Core(TM) i9-7900X CPU @ 3.30GHz",1,2000000,"elements=2000000",565,1.003656,1.003656,1.003656,40.718280,40.718280,0.000000,7.206775e-02,40.569972,3.603389e-08,1.776382,1.776382,1.129999e+09,1.13,8.000004e+06,40.57,in_range,,,,1338,1364,,78,78,78,,-1,-1,-1.000000,-1,t
cpu-gpu-v2,2026-07-19T01:49:45,"20260718_092807_session5",398,398,8,"REDUCTION","openmp_sum_reduction",cpu_native,"Intel(R) Core(TM) i9-7900X CPU @ 3.30GHz",1,2000000,"elements=2000000",565,1.005729,1.005729,1.005729,40.792559,40.792559,0.000000,7.219922e-02,40.560208,3.609963e-08,1.780051,1.780051,1.129999e+09,1.12,8.000004e+06,40.56,in_range,,,,1340,1365,,78,78,78,,-1,-1,-1.000000,-1,t
cpu-gpu-v2,2026-07-19T01:49:46,"20260718_092807_session5",399,399,9,"REDUCTION","openmp_sum_reduction",cpu_native,"Intel(R) Core(TM) i9-7900X CPU @ 3.30GHz",1,2000000,"elements=2000000",565,1.003675,1.003675,1.003675,40.828997,40.828997,0.000000,7.226371e-02,40.679507,3.613187e-08,1.776416,1.776416,1.129999e+09,1.13,8.000004e+06,40.68,in_range,,,,1506,1365,,78,78,78,,-1,-1,-1.000000,-1,t
cpu-gpu-v2,2026-07-19T01:49:47,"20260718_092807_session5",400,400,10,"REDUCTION","openmp_sum_reduction",cpu_native,"Intel(R) Core(TM) i9-7900X CPU @ 3.30GHz",1,2000000,"elements=2000000",565,1.004447,1.004447,1.004447,40.383868,40.383868,0.000000,7.147587e-02,40.205091,3.573795e-08,1.777782,1.777782,1.129999e+09,1.12,8.000004e+06,40.21,in_range,,,,1306,1364,,78,78,77,,-1,-1,-1.000000,-1,t
cpu-gpu-v2,2026-07-19T01:49:50,"20260718_092807_session5",401,401,1,"REDUCTION","openmp_sum_reduction",cpu_native,"Intel(R) Core(TM) i9-7900X CPU @ 3.30GHz",8,64000000,"elements=64000000",122,1.004458,1.004458,1.004458,104.711463,105.759758,1.048295,8.668833e-01,105.290325,1.354505e-08,8.233266,8.233266,7.808000e+09,7.77,2.560000e+08,105.29,in_range,,,,2460,2600,,78,78,78,,-1,-1,-1.000000,-1,t
cpu-gpu-v2,2026-07-19T01:49:51,"20260718_092807_session5",402,402,2,"REDUCTION","openmp_sum_reduction",cpu_native,"Intel(R) Core(TM) i9-7900X CPU @ 3.30GHz",8,64000000,"elements=64000000",122,1.007099,1.007099,1.007099,104.749305,105.815853,1.066548,8.673431e-01,105.069910,1.355224e-08,8.254914,8.254914,7.808000e+09,7.75,2.560000e+08,105.07,in_range,,,,2599,2460,,78,78,78,,-1,-1,-1.000000,-1,t
cpu-gpu-v2,2026-07-19T01:49:52,"20260718_092807_session5",403,403,3,"REDUCTION","openmp_sum_reduction",cpu_native,"Intel(R) Core(TM) i9-7900X CPU @ 3.30GHz",8,64000000,"elements=64000000",122,1.008701,1.008701,1.008701,105.035986,106.094823,1.058837,8.696297e-01,105.179632,1.358796e-08,8.268043,8.268043,7.808000e+09,7.74,2.560000e+08,105.18,in_range,,,,2460,2460,,78,78,78,,-1,-1,-1.000000,-1,t
cpu-gpu-v2,2026-07-19T01:49:53,"20260718_092807_session5",404,404,4,"REDUCTION","openmp_sum_reduction",cpu_native,"Intel(R) Core(TM) i9-7900X CPU @ 3.30GHz",8,64000000,"elements=64000000",122,1.004543,1.004543,1.004543,104.887000,105.965298,1.078298,8.685680e-01,105.486069,1.357138e-08,8.233959,8.233959,7.808000e+09,7.77,2.560000e+08,105.49,in_range,,,,2459,2459,,78,78,78,,-1,-1,-1.000000,-1,t
cpu-gpu-v2,2026-07-19T01:49:54,"20260718_092807_session5",405,405,5,"REDUCTION","openmp_sum_reduction",cpu_native,"Intel(R) Core(TM) i9-7900X CPU @ 3.30GHz",8,64000000,"elements=64000000",122,1.004394,1.004394,1.004394,104.767371,105.839978,1.072607,8.675408e-01,105.376928,1.355533e-08,8.232740,8.232740,7.808000e+09,7.77,2.560000e+08,105.38,in_range,,,,2459,2460,,78,78,78,,-1,-1,-1.000000,-1,t
cpu-gpu-v2,2026-07-19T01:49:55,"20260718_092807_session5",406,406,6,"REDUCTION","openmp_sum_reduction",cpu_native,"Intel(R) Core(TM) i9-7900X CPU @ 3.30GHz",8,64000000,"elements=64000000",122,1.004604,1.004604,1.004604,104.873023,105.942125,1.069102,8.683781e-01,105.456612,1.356841e-08,8.234458,8.234458,7.808000e+09,7.77,2.560000e+08,105.46,in_range,,,,2460,2460,,78,78,78,,-1,-1,-1.000000,-1,t
cpu-gpu-v2,2026-07-19T01:49:56,"20260718_092807_session5",407,407,7,"REDUCTION","openmp_sum_reduction",cpu_native,"Intel(R) Core(TM) i9-7900X CPU @ 3.30GHz",8,64000000,"elements=64000000",122,1.004701,1.004701,1.004701,105.079321,106.154528,1.075207,8.701191e-01,105.657827,1.359561e-08,8.235254,8.235254,7.808000e+09,7.77,2.560000e+08,105.66,in_range,,,,2460,2459,,78,78,78,,-1,-1,-1.000000,-1,t
cpu-gpu-v2,2026-07-19T01:49:57,"20260718_092807_session5",408,408,8,"REDUCTION","openmp_sum_reduction",cpu_native,"Intel(R) Core(TM) i9-7900X CPU @ 3.30GHz",8,64000000,"elements=64000000",122,1.004608,1.004608,1.004608,105.099279,106.187706,1.088427,8.703910e-01,105.700651,1.359986e-08,8.234491,8.234491,7.808000e+09,7.77,2.560000e+08,105.70,in_range,,,,2459,2459,,78,78,78,,-1,-1,-1.000000,-1,t
cpu-gpu-v2,2026-07-19T01:49:58,"20260718_092807_session5",409,409,9,"REDUCTION","openmp_sum_reduction",cpu_native,"Intel(R) Core(TM) i9-7900X CPU @ 3.30GHz",8,64000000,"elements=64000000",122,1.004604,1.004604,1.004604,105.199072,106.260204,1.061132,8.709853e-01,105.773205,1.360915e-08,8.234460,8.234460,7.808000e+09,7.77,2.560000e+08,105.77,in_range,,,,2459,2459,,78,78,78,,-1,-1,-1.000000,-1,t
cpu-gpu-v2,2026-07-19T01:49:59,"20260718_092807_session5",410,410,10,"REDUCTION","openmp_sum_reduction",cpu_native,"Intel(R) Core(TM) i9-7900X CPU @ 3.30GHz",8,64000000,"elements=64000000",122,1.004710,1.004710,1.004710,105.375463,106.444550,1.069087,8.724963e-01,105.945547,1.363276e-08,8.235328,8.235328,7.808000e+09,7.77,2.560000e+08,105.95,in_range,,,,2459,2459,,78,78,78,,-1,-1,-1.000000,-1,t
cpu-gpu-v2,2026-07-19T01:50:02,"20260718_092807_session5",411,411,1,"REDUCTION","openmp_sum_reduction",cpu_native,"Intel(R) Core(TM) i9-7900X CPU @ 3.30GHz",20,8000000,"elements=8000000",2112,1.002872,1.002872,1.002872,139.885445,141.344973,1.459528,6.692470e-02,140.940207,8.365589e-09,0.474845,0.474845,1.689600e+10,16.85,3.200000e+07,140.94,in_range,,,,3999,3999,,85,84,85,,-1,-1,-1.000000,-1,t
cpu-gpu-v2,2026-07-19T01:50:03,"20260718_092807_session5",412,412,2,"REDUCTION","openmp_sum_reduction",cpu_native,"Intel(R) Core(TM) i9-7900X CPU @ 3.30GHz",20,8000000,"elements=8000000",2112,1.002578,1.002578,1.002578,139.930123,141.423464,1.493341,6.696187e-02,141.059829,8.370234e-09,0.474705,0.474705,1.689600e+10,16.85,3.200000e+07,141.06,in_range,,,,4000,3999,,85,85,84,,-1,-1,-1.000000,-1,t
cpu-gpu-v2,2026-07-19T01:50:04,"20260718_092807_session5",413,413,3,"REDUCTION","openmp_sum_reduction",cpu_native,"Intel(R) Core(TM) i9-7900X CPU @ 3.30GHz",20,8000000,"elements=8000000",2112,1.003372,1.003372,1.003372,140.111763,141.574963,1.463200,6.703360e-02,141.099232,8.379201e-09,0.475081,0.475081,1.689600e+10,16.84,3.200000e+07,141.10,in_range,,,,4000,3999,,84,84,84,,-1,-1,-1.000000,-1,t
cpu-gpu-v2,2026-07-19T01:50:05,"20260718_092807_session5",414,414,4,"REDUCTION","openmp_sum_reduction",cpu_native,"Intel(R) Core(TM) i9-7900X CPU @ 3.30GHz",20,8000000,"elements=8000000",2112,1.026893,1.026893,1.026893,142.780152,144.259065,1.478913,6.830448e-02,140.481154,8.538061e-09,0.486218,0.486218,1.689600e+10,16.45,3.200000e+07,140.48,in_range,,,,4000,4000,,85,84,85,,-1,-1,-1.000000,-1,t
cpu-gpu-v2,2026-07-19T01:50:07,"20260718_092807_session5",415,415,5,"REDUCTION","openmp_sum_reduction",cpu_native,"Intel(R) Core(TM) i9-7900X CPU @ 3.30GHz",20,8000000,"elements=8000000",2112,1.003464,1.003464,1.003464,140.228462,141.719156,1.490694,6.710187e-02,141.229992,8.387735e-09,0.475125,0.475125,1.689600e+10,16.84,3.200000e+07,141.23,in_range,,,,3999,3999,,85,85,85,,-1,-1,-1.000000,-1,t
cpu-gpu-v2,2026-07-19T01:50:08,"20260718_092807_session5",416,416,6,"REDUCTION","openmp_sum_reduction",cpu_native,"Intel(R) Core(TM) i9-7900X CPU @ 3.30GHz",20,8000000,"elements=8000000",2112,1.001993,1.001993,1.001993,140.336127,141.826148,1.490021,6.715253e-02,141.544033,8.394068e-09,0.474429,0.474429,1.689600e+10,16.86,3.200000e+07,141.54,in_range,,,,4000,3999,,85,85,85,,-1,-1,-1.000000,-1,t
cpu-gpu-v2,2026-07-19T01:50:09,"20260718_092807_session5",417,417,7,"REDUCTION","openmp_sum_reduction",cpu_native,"Intel(R) Core(TM) i9-7900X CPU @ 3.30GHz",20,8000000,"elements=8000000",2112,1.003334,1.003334,1.003334,140.474677,141.968860,1.494183,6.722010e-02,141.497069,8.402514e-09,0.475064,0.475064,1.689600e+10,16.84,3.200000e+07,141.50,in_range,,,,3999,3999,,85,85,85,,-1,-1,-1.000000,-1,t
cpu-gpu-v2,2026-07-19T01:50:10,"20260718_092807_session5",418,418,8,"REDUCTION","openmp_sum_reduction",cpu_native,"Intel(R) Core(TM) i9-7900X CPU @ 3.30GHz",20,8000000,"elements=8000000",2112,1.003118,1.003118,1.003118,140.510443,142.007869,1.497426,6.723857e-02,141.566423,8.404823e-09,0.474961,0.474961,1.689600e+10,16.84,3.200000e+07,141.57,in_range,,,,4000,4000,,85,85,85,,-1,-1,-1.000000,-1,t
cpu-gpu-v2,2026-07-19T01:50:11,"20260718_092807_session5",419,419,9,"REDUCTION","openmp_sum_reduction",cpu_native,"Intel(R) Core(TM) i9-7900X CPU @ 3.30GHz",20,8000000,"elements=8000000",2112,0.999678,0.999678,0.999678,140.121529,141.591446,1.469917,6.704140e-02,141.637003,8.380177e-09,0.473333,0.473333,1.689600e+10,16.90,3.200000e+07,141.64,in_range,,,,4000,4000,,85,85,85,,-1,-1,-1.000000,-1,t
cpu-gpu-v2,2026-07-19T01:50:12,"20260718_092807_session5",420,420,10,"REDUCTION","openmp_sum_reduction",cpu_native,"Intel(R) Core(TM) i9-7900X CPU @ 3.30GHz",20,8000000,"elements=8000000",2112,1.000047,1.000047,1.000047,140.390082,141.838732,1.448650,6.715849e-02,141.832128,8.394812e-09,0.473507,0.473507,1.689600e+10,16.90,3.200000e+07,141.83,in_range,,,,4000,3999,,85,85,85,,-1,-1,-1.000000,-1,t
cpu-gpu-v2,2026-07-19T01:50:14,"20260718_092807_session5",421,421,1,"REDUCTION","openmp_sum_reduction",cpu_native,"Intel(R) Core(TM) i9-7900X CPU @ 3.30GHz",10,64000000,"elements=64000000",149,1.002443,1.002443,1.002443,126.894633,128.123621,1.228988,8.598901e-01,127.811338,1.343578e-08,6.727807,6.727807,9.536000e+09,9.51,2.560000e+08,127.81,in_range,,,,2600,2599,,81,81,81,,-1,-1,-1.000000,-1,t
cpu-gpu-v2,2026-07-19T01:50:15,"20260718_092807_session5",422,422,2,"REDUCTION","openmp_sum_reduction",cpu_native,"Intel(R) Core(TM) i9-7900X CPU @ 3.30GHz",10,64000000,"elements=64000000",149,1.002257,1.002257,1.002257,126.582623,127.811963,1.229340,8.577984e-01,127.524184,1.340310e-08,6.726555,6.726555,9.536000e+09,9.51,2.560000e+08,127.52,in_range,,,,2599,2600,,81,81,81,,-1,-1,-1.000000,-1,t
cpu-gpu-v2,2026-07-19T01:50:16,"20260718_092807_session5",423,423,3,"REDUCTION","openmp_sum_reduction",cpu_native,"Intel(R) Core(TM) i9-7900X CPU @ 3.30GHz",10,64000000,"elements=64000000",149,1.002652,1.002652,1.002652,126.577801,127.807095,1.229294,8.577657e-01,127.469065,1.340259e-08,6.729207,6.729207,9.536000e+09,9.51,2.560000e+08,127.47,in_range,,,,2599,2599,,81,81,81,,-1,-1,-1.000000,-1,t
cpu-gpu-v2,2026-07-19T01:50:17,"20260718_092807_session5",424,424,4,"REDUCTION","openmp_sum_reduction",cpu_native,"Intel(R) Core(TM) i9-7900X CPU @ 3.30GHz",10,64000000,"elements=64000000",149,1.002565,1.002565,1.002565,127.194743,128.441112,1.246369,8.620209e-01,128.112458,1.346908e-08,6.728627,6.728627,9.536000e+09,9.51,2.560000e+08,128.11,in_range,,,,2740,2599,,81,81,81,,-1,-1,-1.000000,-1,t
cpu-gpu-v2,2026-07-19T01:50:18,"20260718_092807_session5",425,425,5,"REDUCTION","openmp_sum_reduction",cpu_native,"Intel(R) Core(TM) i9-7900X CPU @ 3.30GHz",10,64000000,"elements=64000000",149,1.003204,1.003204,1.003204,126.517010,127.726215,1.209205,8.572229e-01,127.318263,1.339411e-08,6.732914,6.732914,9.536000e+09,9.51,2.560000e+08,127.32,in_range,,,,2739,2600,,82,81,82,,-1,-1,-1.000000,-1,t
cpu-gpu-v2,2026-07-19T01:50:19,"20260718_092807_session5",426,426,6,"REDUCTION","openmp_sum_reduction",cpu_native,"Intel(R) Core(TM) i9-7900X CPU @ 3.30GHz",10,64000000,"elements=64000000",149,1.008288,1.008288,1.008288,126.884807,128.108057,1.223250,8.597856e-01,127.054987,1.343415e-08,6.767036,6.767036,9.536000e+09,9.46,2.560000e+08,127.05,in_range,,,,2599,2599,,82,82,81,,-1,-1,-1.000000,-1,t
cpu-gpu-v2,2026-07-19T01:50:20,"20260718_092807_session5",427,427,7,"REDUCTION","openmp_sum_reduction",cpu_native,"Intel(R) Core(TM) i9-7900X CPU @ 3.30GHz",10,64000000,"elements=64000000",149,1.006081,1.006081,1.006081,127.309184,128.537575,1.228391,8.626683e-01,127.760607,1.347919e-08,6.752224,6.752224,9.536000e+09,9.48,2.560000e+08,127.76,in_range,,,,2599,2600,,82,81,82,,-1,-1,-1.000000,-1,t
cpu-gpu-v2,2026-07-19T01:50:21,"20260718_092807_session5",428,428,8,"REDUCTION","openmp_sum_reduction",cpu_native,"Intel(R) Core(TM) i9-7900X CPU @ 3.30GHz",10,64000000,"elements=64000000",149,1.007964,1.007964,1.007964,127.816872,129.039097,1.222225,8.660342e-01,128.019561,1.353178e-08,6.764858,6.764858,9.536000e+09,9.46,2.560000e+08,128.02,in_range,,,,2599,2599,,82,82,82,,-1,-1,-1.000000,-1,t
cpu-gpu-v2,2026-07-19T01:50:22,"20260718_092807_session5",429,429,9,"REDUCTION","openmp_sum_reduction",cpu_native,"Intel(R) Core(TM) i9-7900X CPU @ 3.30GHz",10,64000000,"elements=64000000",149,1.008085,1.008085,1.008085,127.241312,128.455887,1.214575,8.621200e-01,127.425615,1.347063e-08,6.765673,6.765673,9.536000e+09,9.46,2.560000e+08,127.43,in_range,,,,2739,2740,,82,82,82,,-1,-1,-1.000000,-1,t
cpu-gpu-v2,2026-07-19T01:50:23,"20260718_092807_session5",430,430,10,"REDUCTION","openmp_sum_reduction",cpu_native,"Intel(R) Core(TM) i9-7900X CPU @ 3.30GHz",10,64000000,"elements=64000000",149,1.008569,1.008569,1.008569,127.644082,128.857235,1.213153,8.648137e-01,127.762465,1.351271e-08,6.768918,6.768918,9.536000e+09,9.45,2.560000e+08,127.76,in_range,,,,2739,2740,,82,82,82,,-1,-1,-1.000000,-1,t
cpu-gpu-v2,2026-07-19T01:50:27,"20260718_092807_session5",431,431,1,"REDUCTION","openmp_sum_reduction",cpu_native,"Intel(R) Core(TM) i9-7900X CPU @ 3.30GHz",2,256000000,"elements=256000000",9,1.110867,1.110867,1.110867,57.918858,58.029125,0.110267,6.447681e+00,52.237706,2.518625e-08,123.429626,123.429626,2.304000e+09,2.07,1.024000e+09,52.24,in_range,,,,1517,1517,,78,78,78,,-1,-1,-1.000000,-1,t
cpu-gpu-v2,2026-07-19T01:50:28,"20260718_092807_session5",432,432,2,"REDUCTION","openmp_sum_reduction",cpu_native,"Intel(R) Core(TM) i9-7900X CPU @ 3.30GHz",2,256000000,"elements=256000000",9,1.092974,1.092974,1.092974,58.207065,58.336457,0.129392,6.481829e+00,53.374081,2.531964e-08,121.441501,121.441501,2.304000e+09,2.11,1.024000e+09,53.37,in_range,,,,1490,1519,,81,78,81,,-1,-1,-1.000000,-1,t
cpu-gpu-v2,2026-07-19T01:50:29,"20260718_092807_session5",433,433,3,"REDUCTION","openmp_sum_reduction",cpu_native,"Intel(R) Core(TM) i9-7900X CPU @ 3.30GHz",2,256000000,"elements=256000000",9,1.112695,1.112695,1.112695,57.921605,58.029623,0.108018,6.447736e+00,52.152302,2.518647e-08,123.632814,123.632814,2.304000e+09,2.07,1.024000e+09,52.15,in_range,,,,1492,1766,,81,81,79,,-1,-1,-1.000000,-1,t
cpu-gpu-v2,2026-07-19T01:50:30,"20260718_092807_session5",434,434,4,"REDUCTION","openmp_sum_reduction",cpu_native,"Intel(R) Core(TM) i9-7900X CPU @ 3.30GHz",2,256000000,"elements=256000000",9,1.092891,1.092891,1.092891,58.707980,58.822898,0.114918,6.535878e+00,53.823193,2.553077e-08,121.432363,121.432363,2.304000e+09,2.11,1.024000e+09,53.82,in_range,,,,1759,1519,,80,79,80,,-1,-1,-1.000000,-1,t
cpu-gpu-v2,2026-07-19T01:50:31,"20260718_092807_session5",435,435,5,"REDUCTION","openmp_sum_reduction",cpu_native,"Intel(R) Core(TM) i9-7900X CPU @ 3.30GHz",2,256000000,"elements=256000000",9,1.125276,1.125276,1.125276,59.433381,59.541797,0.108416,6.615755e+00,52.913041,2.584279e-08,125.030713,125.030713,2.304000e+09,2.05,1.024000e+09,52.91,in_range,,,,1647,1509,,80,80,78,,-1,-1,-1.000000,-1,t
cpu-gpu-v2,2026-07-19T01:50:32,"20260718_092807_session5",436,436,6,"REDUCTION","openmp_sum_reduction",cpu_native,"Intel(R) Core(TM) i9-7900X CPU @ 3.30GHz",2,256000000,"elements=256000000",9,1.092474,1.092474,1.092474,60.760037,60.869386,0.109349,6.763265e+00,55.717027,2.641900e-08,121.385966,121.385966,2.304000e+09,2.11,1.024000e+09,55.72,in_range,,,,1488,1519,,81,78,81,,-1,-1,-1.000000,-1,t
cpu-gpu-v2,2026-07-19T01:50:33,"20260718_092807_session5",437,437,7,"REDUCTION","openmp_sum_reduction",cpu_native,"Intel(R) Core(TM) i9-7900X CPU @ 3.30GHz",2,256000000,"elements=256000000",9,1.093425,1.093425,1.093425,60.770536,60.874989,0.104453,6.763888e+00,55.673687,2.642144e-08,121.491641,121.491641,2.304000e+09,2.11,1.024000e+09,55.67,in_range,,,,1652,1519,,81,81,80,,-1,-1,-1.000000,-1,t
cpu-gpu-v2,2026-07-19T01:50:34,"20260718_092807_session5",438,438,8,"REDUCTION","openmp_sum_reduction",cpu_native,"Intel(R) Core(TM) i9-7900X CPU @ 3.30GHz",2,256000000,"elements=256000000",9,1.116419,1.116419,1.116419,59.279755,59.390236,0.110481,6.598915e+00,53.197079,2.577701e-08,124.046570,124.046570,2.304000e+09,2.06,1.024000e+09,53.20,in_range,,,,1645,1520,,80,80,79,,-1,-1,-1.000000,-1,t
cpu-gpu-v2,2026-07-19T01:50:35,"20260718_092807_session5",439,439,9,"REDUCTION","openmp_sum_reduction",cpu_native,"Intel(R) Core(TM) i9-7900X CPU @ 3.30GHz",2,256000000,"elements=256000000",9,1.128301,1.128301,1.128301,57.986485,58.107952,0.121467,6.456439e+00,51.500398,2.522047e-08,125.366782,125.366782,2.304000e+09,2.04,1.024000e+09,51.50,in_range,,,,1518,1508,,79,79,76,,-1,-1,-1.000000,-1,t
cpu-gpu-v2,2026-07-19T01:50:37,"20260718_092807_session5",440,440,10,"REDUCTION","openmp_sum_reduction",cpu_native,"Intel(R) Core(TM) i9-7900X CPU @ 3.30GHz",2,256000000,"elements=256000000",9,1.099846,1.099846,1.099846,58.024388,58.146100,0.121712,6.460678e+00,52.867509,2.523702e-08,122.205072,122.205072,2.304000e+09,2.09,1.024000e+09,52.87,in_range,,,,1490,1520,,78,76,78,,-1,-1,-1.000000,-1,t
cpu-gpu-v2,2026-07-19T01:50:40,"20260718_092807_session5",441,441,1,"REDUCTION","openmp_sum_reduction",cpu_native,"Intel(R) Core(TM) i9-7900X CPU @ 3.30GHz",8,8000000,"elements=8000000",971,1.000787,1.000787,1.000787,103.036357,103.654446,0.618089,1.067502e-01,103.572931,1.334378e-08,1.030677,1.030677,7.767999e+09,7.76,3.200000e+07,103.57,in_range,,,,2319,2320,,80,79,80,,-1,-1,-1.000000,-1,t
cpu-gpu-v2,2026-07-19T01:50:41,"20260718_092807_session5",442,442,2,"REDUCTION","openmp_sum_reduction",cpu_native,"Intel(R) Core(TM) i9-7900X CPU @ 3.30GHz",8,8000000,"elements=8000000",971,1.003924,1.003924,1.003924,103.273295,103.903976,0.630681,1.070072e-01,103.497876,1.337590e-08,1.033907,1.033907,7.767999e+09,7.74,3.200000e+07,103.50,in_range,,,,2319,2459,,80,80,79,,-1,-1,-1.000000,-1,t
cpu-gpu-v2,2026-07-19T01:50:42,"20260718_092807_session5",443,443,3,"REDUCTION","openmp_sum_reduction",cpu_native,"Intel(R) Core(TM) i9-7900X CPU @ 3.30GHz",8,8000000,"elements=8000000",971,1.003794,1.003794,1.003794,106.066562,106.683137,0.616575,1.098693e-01,106.279906,1.373367e-08,1.033773,1.033773,7.767999e+09,7.74,3.200000e+07,106.28,in_range,,,,2459,2460,,79,79,79,,-1,-1,-1.000000,-1,t
cpu-gpu-v2,2026-07-19T01:50:43,"20260718_092807_session5",444,444,4,"REDUCTION","openmp_sum_reduction",cpu_native,"Intel(R) Core(TM) i9-7900X CPU @ 3.30GHz",8,8000000,"elements=8000000",971,1.000113,1.000113,1.000113,106.577059,107.170531,0.593472,1.103713e-01,107.158470,1.379641e-08,1.029982,1.029982,7.767999e+09,7.77,3.200000e+07,107.16,in_range,,,,2460,2460,,80,79,80,,-1,-1,-1.000000,-1,t
cpu-gpu-v2,2026-07-19T01:50:44,"20260718_092807_session5",445,445,5,"REDUCTION","openmp_sum_reduction",cpu_native,"Intel(R) Core(TM) i9-7900X CPU @ 3.30GHz",8,8000000,"elements=8000000",971,1.006102,1.006102,1.006102,103.892495,104.512757,0.620262,1.076341e-01,103.878934,1.345427e-08,1.036150,1.036150,7.767999e+09,7.72,3.200000e+07,103.88,in_range,,,,2459,2600,,80,80,79,,-1,-1,-1.000000,-1,t
cpu-gpu-v2,2026-07-19T01:50:45,"20260718_092807_session5",446,446,6,"REDUCTION","openmp_sum_reduction",cpu_native,"Intel(R) Core(TM) i9-7900X CPU @ 3.30GHz",8,8000000,"elements=8000000",971,1.000699,1.000699,1.000699,105.746189,106.344327,0.598138,1.095204e-01,106.270025,1.369005e-08,1.030586,1.030586,7.767999e+09,7.76,3.200000e+07,106.27,in_range,,,,2460,2319,,80,79,80,,-1,-1,-1.000000,-1,t
cpu-gpu-v2,2026-07-19T01:50:46,"20260718_092807_session5",447,447,7,"REDUCTION","openmp_sum_reduction",cpu_native,"Intel(R) Core(TM) i9-7900X CPU @ 3.30GHz",8,8000000,"elements=8000000",971,1.002724,1.002724,1.002724,104.959692,105.568097,0.608405,1.087210e-01,105.281301,1.359013e-08,1.032672,1.032672,7.767999e+09,7.75,3.200000e+07,105.28,in_range,,,,2453,2444,,80,80,80,,-1,-1,-1.000000,-1,t
cpu-gpu-v2,2026-07-19T01:50:47,"20260718_092807_session5",448,448,8,"REDUCTION","openmp_sum_reduction",cpu_native,"Intel(R) Core(TM) i9-7900X CPU @ 3.30GHz",8,8000000,"elements=8000000",971,1.001054,1.001054,1.001054,106.283542,106.876127,0.592585,1.100681e-01,106.763622,1.375851e-08,1.030951,1.030951,7.767999e+09,7.76,3.200000e+07,106.76,in_range,,,,2444,2460,,80,80,80,,-1,-1,-1.000000,-1,t
cpu-gpu-v2,2026-07-19T01:50:48,"20260718_092807_session5",449,449,9,"REDUCTION","openmp_sum_reduction",cpu_native,"Intel(R) Core(TM) i9-7900X CPU @ 3.30GHz",8,8000000,"elements=8000000",971,1.004396,1.004396,1.004396,103.675882,104.281333,0.605451,1.073958e-01,103.824938,1.342448e-08,1.034393,1.034393,7.767999e+09,7.73,3.200000e+07,103.82,in_range,,,,2460,2460,,80,80,79,,-1,-1,-1.000000,-1,t
cpu-gpu-v2,2026-07-19T01:50:49,"20260718_092807_session5",450,450,10,"REDUCTION","openmp_sum_reduction",cpu_native,"Intel(R) Core(TM) i9-7900X CPU @ 3.30GHz",8,8000000,"elements=8000000",971,1.003608,1.003608,1.003608,103.578958,104.189061,0.610103,1.073008e-01,103.814469,1.341260e-08,1.033582,1.033582,7.767999e+09,7.74,3.200000e+07,103.81,in_range,,,,2460,2319,,80,79,80,,-1,-1,-1.000000,-1,t
cpu-gpu-v2,2026-07-19T01:50:51,"20260718_092807_session5",451,451,1,"REDUCTION","openmp_sum_reduction",cpu_native,"Intel(R) Core(TM) i9-7900X CPU @ 3.30GHz",16,128000000,"elements=128000000",77,1.007053,1.007053,1.007053,128.981176,130.403923,1.422747,1.693557e+00,129.490618,1.323092e-08,13.078611,13.078611,9.856000e+09,9.79,5.120000e+08,129.49,in_range,,,,3580,3439,,83,83,83,,-1,-1,-1.000000,-1,t
cpu-gpu-v2,2026-07-19T01:50:52,"20260718_092807_session5",452,452,2,"REDUCTION","openmp_sum_reduction",cpu_native,"Intel(R) Core(TM) i9-7900X CPU @ 3.30GHz",16,128000000,"elements=128000000",77,1.007266,1.007266,1.007266,129.131567,130.558170,1.426603,1.695561e+00,129.616391,1.324657e-08,13.081375,13.081375,9.856000e+09,9.78,5.120000e+08,129.62,in_range,,,,3439,3439,,83,83,83,,-1,-1,-1.000000,-1,t
cpu-gpu-v2,2026-07-19T01:50:53,"20260718_092807_session5",453,453,3,"REDUCTION","openmp_sum_reduction",cpu_native,"Intel(R) Core(TM) i9-7900X CPU @ 3.30GHz",16,128000000,"elements=128000000",77,1.007329,1.007329,1.007329,130.206271,131.634893,1.428622,1.709544e+00,130.677194,1.335581e-08,13.082191,13.082191,9.856000e+09,9.78,5.120000e+08,130.68,in_range,,,,3440,3440,,83,83,83,,-1,-1,-1.000000,-1,t
cpu-gpu-v2,2026-07-19T01:50:54,"20260718_092807_session5",454,454,4,"REDUCTION","openmp_sum_reduction",cpu_native,"Intel(R) Core(TM) i9-7900X CPU @ 3.30GHz",16,128000000,"elements=128000000",77,1.006945,1.006945,1.006945,129.834812,131.240438,1.405626,1.704421e+00,130.335238,1.331579e-08,13.077210,13.077210,9.856000e+09,9.79,5.120000e+08,130.34,in_range,,,,3439,3440,,83,83,83,,-1,-1,-1.000000,-1,t
cpu-gpu-v2,2026-07-19T01:50:55,"20260718_092807_session5",455,455,5,"REDUCTION","openmp_sum_reduction",cpu_native,"Intel(R) Core(TM) i9-7900X CPU @ 3.30GHz",16,128000000,"elements=128000000",77,1.007138,1.007138,1.007138,130.138156,131.553161,1.415005,1.708483e+00,130.620747,1.334752e-08,13.079719,13.079719,9.856000e+09,9.79,5.120000e+08,130.62,in_range,,,,3440,3719,,83,83,83,,-1,-1,-1.000000,-1,t
cpu-gpu-v2,2026-07-19T01:50:56,"20260718_092807_session5",456,456,6,"REDUCTION","openmp_sum_reduction",cpu_native,"Intel(R) Core(TM) i9-7900X CPU @ 3.30GHz",16,128000000,"elements=128000000",77,1.006772,1.006772,1.006772,129.797397,131.221750,1.424353,1.704179e+00,130.339111,1.331390e-08,13.074959,13.074959,9.856000e+09,9.79,5.120000e+08,130.34,in_range,,,,3719,3440,,83,83,83,,-1,-1,-1.000000,-1,t
cpu-gpu-v2,2026-07-19T01:50:57,"20260718_092807_session5",457,457,7,"REDUCTION","openmp_sum_reduction",cpu_native,"Intel(R) Core(TM) i9-7900X CPU @ 3.30GHz",16,128000000,"elements=128000000",77,1.007296,1.007296,1.007296,130.227999,131.641169,1.413170,1.709626e+00,130.687690,1.335645e-08,13.081764,13.081764,9.856000e+09,9.78,5.120000e+08,130.69,in_range,,,,3439,3440,,83,83,83,,-1,-1,-1.000000,-1,t
cpu-gpu-v2,2026-07-19T01:50:58,"20260718_092807_session5",458,458,8,"REDUCTION","openmp_sum_reduction",cpu_native,"Intel(R) Core(TM) i9-7900X CPU @ 3.30GHz",16,128000000,"elements=128000000",77,1.006955,1.006955,1.006955,129.762302,131.183794,1.421492,1.703686e+00,130.277717,1.331004e-08,13.077337,13.077337,9.856000e+09,9.79,5.120000e+08,130.28,in_range,,,,3439,3440,,83,83,83,,-1,-1,-1.000000,-1,t
cpu-gpu-v2,2026-07-19T01:50:59,"20260718_092807_session5",459,459,9,"REDUCTION","openmp_sum_reduction",cpu_native,"Intel(R) Core(TM) i9-7900X CPU @ 3.30GHz",16,128000000,"elements=128000000",77,1.007103,1.007103,1.007103,130.413729,131.819095,1.405366,1.711936e+00,130.889432,1.337450e-08,13.079255,13.079255,9.856000e+09,9.79,5.120000e+08,130.89,in_range,,,,3439,3440,,84,83,84,,-1,-1,-1.000000,-1,t
cpu-gpu-v2,2026-07-19T01:51:00,"20260718_092807_session5",460,460,10,"REDUCTION","openmp_sum_reduction",cpu_native,"Intel(R) Core(TM) i9-7900X CPU @ 3.30GHz",16,128000000,"elements=128000000",77,1.007180,1.007180,1.007180,130.145236,131.561205,1.415969,1.708587e+00,130.623361,1.334834e-08,13.080257,13.080257,9.856000e+09,9.79,5.120000e+08,130.62,in_range,,,,3440,3440,,84,84,84,,-1,-1,-1.000000,-1,t
cpu-gpu-v2,2026-07-19T01:51:03,"20260718_092807_session5",461,461,1,"REDUCTION","openmp_sum_reduction",cpu_native,"Intel(R) Core(TM) i9-7900X CPU @ 3.30GHz",1,1000000,"elements=1000000",1130,1.001351,1.001351,1.001351,40.641742,40.641742,0.000000,3.596614e-02,40.586918,3.596618e-08,0.886151,0.886151,1.129999e+09,1.13,4.000004e+06,40.59,in_range,,,,1364,1365,,81,80,81,,-1,-1,-1.000000,-1,t
cpu-gpu-v2,2026-07-19T01:51:04,"20260718_092807_session5",462,462,2,"REDUCTION","openmp_sum_reduction",cpu_native,"Intel(R) Core(TM) i9-7900X CPU @ 3.30GHz",1,1000000,"elements=1000000",1130,1.007081,1.007081,1.007081,40.733356,40.733356,0.000000,3.604722e-02,40.446965,3.604725e-08,0.891222,0.891222,1.129999e+09,1.12,4.000004e+06,40.45,in_range,,,,1359,1365,,81,81,80,,-1,-1,-1.000000,-1,t
cpu-gpu-v2,2026-07-19T01:51:05,"20260718_092807_session5",463,463,3,"REDUCTION","openmp_sum_reduction",cpu_native,"Intel(R) Core(TM) i9-7900X CPU @ 3.30GHz",1,1000000,"elements=1000000",1130,1.007032,1.007032,1.007032,40.747760,40.747760,0.000000,3.605996e-02,40.463219,3.606000e-08,0.891179,0.891179,1.129999e+09,1.12,4.000004e+06,40.46,in_range,,,,1200,1364,,81,80,81,,-1,-1,-1.000000,-1,t
cpu-gpu-v2,2026-07-19T01:51:06,"20260718_092807_session5",464,464,4,"REDUCTION","openmp_sum_reduction",cpu_native,"Intel(R) Core(TM) i9-7900X CPU @ 3.30GHz",1,1000000,"elements=1000000",1130,1.005145,1.005145,1.005145,42.260390,42.260390,0.000000,3.739858e-02,42.044087,3.739861e-08,0.889509,0.889509,1.129999e+09,1.12,4.000004e+06,42.04,in_range,,,,1462,1365,,81,81,81,,-1,-1,-1.000000,-1,t
cpu-gpu-v2,2026-07-19T01:51:07,"20260718_092807_session5",465,465,5,"REDUCTION","openmp_sum_reduction",cpu_native,"Intel(R) Core(TM) i9-7900X CPU @ 3.30GHz",1,1000000,"elements=1000000",1130,1.001244,1.001244,1.001244,42.721265,42.721265,0.000000,3.780643e-02,42.668175,3.780647e-08,0.886057,0.886057,1.129999e+09,1.13,4.000004e+06,42.67,in_range,,,,1349,1365,,81,81,80,,-1,-1,-1.000000,-1,t
cpu-gpu-v2,2026-07-19T01:51:08,"20260718_092807_session5",466,466,6,"REDUCTION","openmp_sum_reduction",cpu_native,"Intel(R) Core(TM) i9-7900X CPU @ 3.30GHz",1,1000000,"elements=1000000",1130,1.000409,1.000409,1.000409,42.537794,42.537794,0.000000,3.764407e-02,42.520387,3.764410e-08,0.885318,0.885318,1.129999e+09,1.13,4.000004e+06,42.52,in_range,,,,1530,1365,,81,80,81,,-1,-1,-1.000000,-1,t
cpu-gpu-v2,2026-07-19T01:51:09,"20260718_092807_session5",467,467,7,"REDUCTION","openmp_sum_reduction",cpu_native,"Intel(R) Core(TM) i9-7900X CPU @ 3.30GHz",1,1000000,"elements=1000000",1130,1.000944,1.000944,1.000944,42.251845,42.251845,0.000000,3.739101e-02,42.212007,3.739105e-08,0.885791,0.885791,1.129999e+09,1.13,4.000004e+06,42.21,in_range,,,,1409,1364,,81,81,80,,-1,-1,-1.000000,-1,t
cpu-gpu-v2,2026-07-19T01:51:10,"20260718_092807_session5",468,468,8,"REDUCTION","openmp_sum_reduction",cpu_native,"Intel(R) Core(TM) i9-7900X CPU @ 3.30GHz",1,1000000,"elements=1000000",1130,1.001511,1.001511,1.001511,40.765947,40.765947,0.000000,3.607606e-02,40.704434,3.607610e-08,0.886293,0.886293,1.129999e+09,1.13,4.000004e+06,40.70,in_range,,,,1397,1365,,80,80,80,,-1,-1,-1.000000,-1,t
cpu-gpu-v2,2026-07-19T01:51:11,"20260718_092807_session5",469,469,9,"REDUCTION","openmp_sum_reduction",cpu_native,"Intel(R) Core(TM) i9-7900X CPU @ 3.30GHz",1,1000000,"elements=1000000",1130,1.001520,1.001520,1.001520,40.708636,40.708636,0.000000,3.602534e-02,40.646842,3.602538e-08,0.886301,0.886301,1.129999e+09,1.13,4.000004e+06,40.65,in_range,,,,1483,1365,,80,80,80,,-1,-1,-1.000000,-1,t
cpu-gpu-v2,2026-07-19T01:51:12,"20260718_092807_session5",470,470,10,"REDUCTION","openmp_sum_reduction",cpu_native,"Intel(R) Core(TM) i9-7900X CPU @ 3.30GHz",1,1000000,"elements=1000000",1130,1.001366,1.001366,1.001366,40.670550,40.670550,0.000000,3.599164e-02,40.615074,3.599167e-08,0.886165,0.886165,1.129999e+09,1.13,4.000004e+06,40.62,in_range,,,,1364,1364,,80,80,80,,-1,-1,-1.000000,-1,t
cpu-gpu-v2,2026-07-19T01:51:15,"20260718_092807_session5",471,471,1,"REDUCTION","openmp_sum_reduction",cpu_native,"Intel(R) Core(TM) i9-7900X CPU @ 3.30GHz",16,2000000,"elements=2000000",7511,0.999808,0.999808,0.999808,122.505668,122.505668,0.000000,1.631017e-02,122.529171,8.155088e-09,0.133113,0.133113,1.502199e+10,15.02,8.000004e+06,122.53,in_range,,,,3439,3440,,84,84,84,,-1,-1,-1.000000,-1,t
cpu-gpu-v2,2026-07-19T01:51:16,"20260718_092807_session5",472,472,2,"REDUCTION","openmp_sum_reduction",cpu_native,"Intel(R) Core(TM) i9-7900X CPU @ 3.30GHz",16,2000000,"elements=2000000",7511,0.999258,0.999258,0.999258,122.791006,122.791006,0.000000,1.634816e-02,122.882211,8.174083e-09,0.133039,0.133039,1.502199e+10,15.03,8.000004e+06,122.88,in_range,,,,3440,3439,,83,83,83,,-1,-1,-1.000000,-1,t
cpu-gpu-v2,2026-07-19T01:51:17,"20260718_092807_session5",473,473,3,"REDUCTION","openmp_sum_reduction",cpu_native,"Intel(R) Core(TM) i9-7900X CPU @ 3.30GHz",16,2000000,"elements=2000000",7511,0.999526,0.999526,0.999526,122.919546,122.919546,0.000000,1.636527e-02,122.977807,8.182639e-09,0.133075,0.133075,1.502199e+10,15.03,8.000004e+06,122.98,in_range,,,,3439,3440,,84,83,84,,-1,-1,-1.000000,-1,t
cpu-gpu-v2,2026-07-19T01:51:18,"20260718_092807_session5",474,474,4,"REDUCTION","openmp_sum_reduction",cpu_native,"Intel(R) Core(TM) i9-7900X CPU @ 3.30GHz",16,2000000,"elements=2000000",7511,0.999584,0.999584,0.999584,122.961843,122.961843,0.000000,1.637090e-02,123.012963,8.185455e-09,0.133083,0.133083,1.502199e+10,15.03,8.000004e+06,123.01,in_range,,,,3440,3439,,85,84,85,,-1,-1,-1.000000,-1,t
cpu-gpu-v2,2026-07-19T01:51:19,"20260718_092807_session5",475,475,5,"REDUCTION","openmp_sum_reduction",cpu_native,"Intel(R) Core(TM) i9-7900X CPU @ 3.30GHz",16,2000000,"elements=2000000",7511,0.999894,0.999894,0.999894,122.964407,122.964407,0.000000,1.637124e-02,122.977395,8.185626e-09,0.133124,0.133124,1.502199e+10,15.02,8.000004e+06,122.98,in_range,,,,3439,3440,,85,85,84,,-1,-1,-1.000000,-1,t
cpu-gpu-v2,2026-07-19T01:51:20,"20260718_092807_session5",476,476,6,"REDUCTION","openmp_sum_reduction",cpu_native,"Intel(R) Core(TM) i9-7900X CPU @ 3.30GHz",16,2000000,"elements=2000000",7511,0.999634,0.999634,0.999634,123.120779,123.120779,0.000000,1.639206e-02,123.165903,8.196035e-09,0.133089,0.133089,1.502199e+10,15.03,8.000004e+06,123.17,in_range,,,,3439,3440,,84,84,84,,-1,-1,-1.000000,-1,t
cpu-gpu-v2,2026-07-19T01:51:21,"20260718_092807_session5",477,477,7,"REDUCTION","openmp_sum_reduction",cpu_native,"Intel(R) Core(TM) i9-7900X CPU @ 3.30GHz",16,2000000,"elements=2000000",7511,1.001299,1.001299,1.001299,123.270559,123.270559,0.000000,1.641200e-02,123.110696,8.206006e-09,0.133311,0.133311,1.502199e+10,15.00,8.000004e+06,123.11,in_range,,,,3439,3440,,85,84,85,,-1,-1,-1.000000,-1,t
cpu-gpu-v2,2026-07-19T01:51:22,"20260718_092807_session5",478,478,8,"REDUCTION","openmp_sum_reduction",cpu_native,"Intel(R) Core(TM) i9-7900X CPU @ 3.30GHz",16,2000000,"elements=2000000",7511,0.999767,0.999767,0.999767,123.256948,123.256948,0.000000,1.641019e-02,123.285732,8.205100e-09,0.133107,0.133107,1.502199e+10,15.03,8.000004e+06,123.29,in_range,,,,3440,3440,,85,85,85,,-1,-1,-1.000000,-1,t
cpu-gpu-v2,2026-07-19T01:51:23,"20260718_092807_session5",479,479,9,"REDUCTION","openmp_sum_reduction",cpu_native,"Intel(R) Core(TM) i9-7900X CPU @ 3.30GHz",16,2000000,"elements=2000000",7511,1.000130,1.000130,1.000130,123.431081,123.431081,0.000000,1.643338e-02,123.414998,8.216692e-09,0.133155,0.133155,1.502199e+10,15.02,8.000004e+06,123.41,in_range,,,,3440,3439,,85,85,85,,-1,-1,-1.000000,-1,t
cpu-gpu-v2,2026-07-19T01:51:24,"20260718_092807_session5",480,480,10,"REDUCTION","openmp_sum_reduction",cpu_native,"Intel(R) Core(TM) i9-7900X CPU @ 3.30GHz",16,2000000,"elements=2000000",7511,0.999927,0.999927,0.999927,123.277089,123.277089,0.000000,1.641287e-02,123.286098,8.206441e-09,0.133128,0.133128,1.502199e+10,15.02,8.000004e+06,123.29,in_range,,,,3440,3439,,85,85,85,,-1,-1,-1.000000,-1,t
cpu-gpu-v2,2026-07-19T01:51:27,"20260718_092807_session5",481,481,1,"REDUCTION","openmp_sum_reduction",cpu_native,"Intel(R) Core(TM) i9-7900X CPU @ 3.30GHz",4,32000000,"elements=32000000",127,1.002558,1.002558,1.002558,69.869512,70.245754,0.376242,5.531162e-01,70.066536,1.728488e-08,7.894156,7.894156,4.064000e+09,4.05,1.280000e+08,70.07,in_range,,,,1779,1779,,77,77,77,,-1,-1,-1.000000,-1,t
cpu-gpu-v2,2026-07-19T01:51:28,"20260718_092807_session5",482,482,2,"REDUCTION","openmp_sum_reduction",cpu_native,"Intel(R) Core(TM) i9-7900X CPU @ 3.30GHz",4,32000000,"elements=32000000",127,1.010912,1.010912,1.010912,71.030030,71.427907,0.397877,5.624245e-01,70.656892,1.757577e-08,7.959938,7.959938,4.064000e+09,4.02,1.280000e+08,70.66,in_range,,,,1907,1780,,77,77,77,,-1,-1,-1.000000,-1,t
cpu-gpu-v2,2026-07-19T01:51:29,"20260718_092807_session5",483,483,3,"REDUCTION","openmp_sum_reduction",cpu_native,"Intel(R) Core(TM) i9-7900X CPU @ 3.30GHz",4,32000000,"elements=32000000",127,1.008567,1.008567,1.008567,69.716314,70.114955,0.398641,5.520863e-01,69.519403,1.725270e-08,7.941470,7.941470,4.064000e+09,4.03,1.280000e+08,69.52,in_range,,,,1907,2062,,77,77,77,,-1,-1,-1.000000,-1,t
cpu-gpu-v2,2026-07-19T01:51:30,"20260718_092807_session5",484,484,4,"REDUCTION","openmp_sum_reduction",cpu_native,"Intel(R) Core(TM) i9-7900X CPU @ 3.30GHz",4,32000000,"elements=32000000",127,1.010706,1.010706,1.010706,70.643191,71.048886,0.405695,5.594400e-01,70.296269,1.748250e-08,7.958318,7.958318,4.064000e+09,4.02,1.280000e+08,70.30,in_range,,,,2060,1763,,77,77,77,,-1,-1,-1.000000,-1,t
cpu-gpu-v2,2026-07-19T01:51:31,"20260718_092807_session5",485,485,5,"REDUCTION","openmp_sum_reduction",cpu_native,"Intel(R) Core(TM) i9-7900X CPU @ 3.30GHz",4,32000000,"elements=32000000",127,1.003527,1.003527,1.003527,69.201788,69.590882,0.389094,5.479597e-01,69.346282,1.712374e-08,7.901789,7.901789,4.064000e+09,4.05,1.280000e+08,69.35,in_range,,,,1760,1924,,77,77,77,,-1,-1,-1.000000,-1,t
cpu-gpu-v2,2026-07-19T01:51:32,"20260718_092807_session5",486,486,6,"REDUCTION","openmp_sum_reduction",cpu_native,"Intel(R) Core(TM) i9-7900X CPU @ 3.30GHz",4,32000000,"elements=32000000",127,1.004634,1.004634,1.004634,70.300784,70.687644,0.386860,5.565956e-01,70.361576,1.739361e-08,7.910505,7.910505,4.064000e+09,4.05,1.280000e+08,70.36,in_range,,,,1909,1924,,77,77,77,,-1,-1,-1.000000,-1,t
cpu-gpu-v2,2026-07-19T01:51:33,"20260718_092807_session5",487,487,7,"REDUCTION","openmp_sum_reduction",cpu_native,"Intel(R) Core(TM) i9-7900X CPU @ 3.30GHz",4,32000000,"elements=32000000",127,1.005476,1.005476,1.005476,68.898322,69.292909,0.394587,5.456135e-01,68.915493,1.705042e-08,7.917138,7.917138,4.064000e+09,4.04,1.280000e+08,68.92,in_range,,,,1910,1925,,77,77,77,,-1,-1,-1.000000,-1,t
cpu-gpu-v2,2026-07-19T01:51:34,"20260718_092807_session5",488,488,8,"REDUCTION","openmp_sum_reduction",cpu_native,"Intel(R) Core(TM) i9-7900X CPU @ 3.30GHz",4,32000000,"elements=32000000",127,1.004365,1.004365,1.004365,69.268072,69.688975,0.420903,5.487321e-01,69.386079,1.714788e-08,7.908389,7.908389,4.064000e+09,4.05,1.280000e+08,69.39,in_range,,,,1921,1779,,77,77,77,,-1,-1,-1.000000,-1,t
cpu-gpu-v2,2026-07-19T01:51:35,"20260718_092807_session5",489,489,9,"REDUCTION","openmp_sum_reduction",cpu_native,"Intel(R) Core(TM) i9-7900X CPU @ 3.30GHz",4,32000000,"elements=32000000",127,1.010806,1.010806,1.010806,69.538458,69.959116,0.420658,5.508592e-01,69.211236,1.721435e-08,7.959100,7.959100,4.064000e+09,4.02,1.280000e+08,69.21,in_range,,,,2066,1925,,77,77,77,,-1,-1,-1.000000,-1,t
cpu-gpu-v2,2026-07-19T01:51:36,"20260718_092807_session5",490,490,10,"REDUCTION","openmp_sum_reduction",cpu_native,"Intel(R) Core(TM) i9-7900X CPU @ 3.30GHz",4,32000000,"elements=32000000",127,1.010603,1.010603,1.010603,70.523257,70.954687,0.431430,5.586983e-01,70.210243,1.745932e-08,7.957504,7.957504,4.064000e+09,4.02,1.280000e+08,70.21,in_range,,,,1912,1925,,77,77,77,,-1,-1,-1.000000,-1,t
cpu-gpu-v2,2026-07-19T01:51:39,"20260718_092807_session5",491,491,1,"REDUCTION","openmp_sum_reduction",cpu_native,"Intel(R) Core(TM) i9-7900X CPU @ 3.30GHz",4,4000000,"elements=4000000",1014,1.003957,1.003957,1.003957,67.303355,67.305007,0.001652,6.637575e-02,67.039716,1.659394e-08,0.990096,0.990096,4.055999e+09,4.04,1.600000e+07,67.04,in_range,,,,1779,1779,,76,76,76,,-1,-1,-1.000000,-1,t
cpu-gpu-v2,2026-07-19T01:51:40,"20260718_092807_session5",492,492,2,"REDUCTION","openmp_sum_reduction",cpu_native,"Intel(R) Core(TM) i9-7900X CPU @ 3.30GHz",4,4000000,"elements=4000000",1014,1.003860,1.003860,1.003860,67.400462,67.401488,0.001026,6.647090e-02,67.142304,1.661773e-08,0.990000,0.990000,4.055999e+09,4.04,1.600000e+07,67.14,in_range,,,,1916,1780,,76,76,76,,-1,-1,-1.000000,-1,t
cpu-gpu-v2,2026-07-19T01:51:41,"20260718_092807_session5",493,493,3,"REDUCTION","openmp_sum_reduction",cpu_native,"Intel(R) Core(TM) i9-7900X CPU @ 3.30GHz",4,4000000,"elements=4000000",1014,1.001212,1.001212,1.001212,67.256359,67.257904,0.001545,6.632929e-02,67.176479,1.658233e-08,0.987389,0.987389,4.055999e+09,4.05,1.600000e+07,67.18,in_range,,,,1904,1924,,77,76,77,,-1,-1,-1.000000,-1,t
cpu-gpu-v2,2026-07-19T01:51:42,"20260718_092807_session5",494,494,4,"REDUCTION","openmp_sum_reduction",cpu_native,"Intel(R) Core(TM) i9-7900X CPU @ 3.30GHz",4,4000000,"elements=4000000",1014,1.010478,1.010478,1.010478,67.256725,67.258377,0.001652,6.632976e-02,66.560974,1.658244e-08,0.996526,0.996526,4.055999e+09,4.01,1.600000e+07,66.56,in_range,,,,1908,1924,,77,77,76,,-1,-1,-1.000000,-1,t
cpu-gpu-v2,2026-07-19T01:51:43,"20260718_092807_session5",495,495,5,"REDUCTION","openmp_sum_reduction",cpu_native,"Intel(R) Core(TM) i9-7900X CPU @ 3.30GHz",4,4000000,"elements=4000000",1014,1.020060,1.020060,1.020060,68.683601,68.685300,0.001699,6.773698e-02,67.334570,1.693425e-08,1.005976,1.005976,4.055999e+09,3.98,1.600000e+07,67.33,in_range,,,,1925,1900,,76,76,75,,-1,-1,-1.000000,-1,t
cpu-gpu-v2,2026-07-19T01:51:44,"20260718_092807_session5",496,496,6,"REDUCTION","openmp_sum_reduction",cpu_native,"Intel(R) Core(TM) i9-7900X CPU @ 3.30GHz",4,4000000,"elements=4000000",1014,1.011174,1.011174,1.011174,68.064462,68.066665,0.002203,6.712689e-02,67.314479,1.678173e-08,0.997213,0.997213,4.055999e+09,4.01,1.600000e+07,67.31,in_range,,,,2015,1924,,76,75,76,,-1,-1,-1.000000,-1,t
cpu-gpu-v2,2026-07-19T01:51:45,"20260718_092807_session5",497,497,7,"REDUCTION","openmp_sum_reduction",cpu_native,"Intel(R) Core(TM) i9-7900X CPU @ 3.30GHz",4,4000000,"elements=4000000",1014,1.030542,1.030542,1.030542,69.799504,69.800988,0.001484,6.883727e-02,67.732339,1.720932e-08,1.016313,1.016313,4.055999e+09,3.94,1.600000e+07,67.73,in_range,,,,1915,1899,,76,76,75,,-1,-1,-1.000000,-1,t
cpu-gpu-v2,2026-07-19T01:51:46,"20260718_092807_session5",498,498,8,"REDUCTION","openmp_sum_reduction",cpu_native,"Intel(R) Core(TM) i9-7900X CPU @ 3.30GHz",4,4000000,"elements=4000000",1014,1.010320,1.010320,1.010320,68.119881,68.121288,0.001407,6.718076e-02,67.425430,1.679519e-08,0.996371,0.996371,4.055999e+09,4.01,1.600000e+07,67.43,in_range,,,,1912,1924,,76,75,76,,-1,-1,-1.000000,-1,t
cpu-gpu-v2,2026-07-19T01:51:47,"20260718_092807_session5",499,499,9,"REDUCTION","openmp_sum_reduction",cpu_native,"Intel(R) Core(TM) i9-7900X CPU @ 3.30GHz",4,4000000,"elements=4000000",1014,1.031037,1.031037,1.031037,69.693364,69.695858,0.002494,6.873359e-02,67.597839,1.718340e-08,1.016802,1.016802,4.055999e+09,3.93,1.600000e+07,67.60,in_range,,,,1918,1900,,76,76,75,,-1,-1,-1.000000,-1,t
cpu-gpu-v2,2026-07-19T01:51:48,"20260718_092807_session5",500,500,10,"REDUCTION","openmp_sum_reduction",cpu_native,"Intel(R) Core(TM) i9-7900X CPU @ 3.30GHz",4,4000000,"elements=4000000",1014,1.010675,1.010675,1.010675,68.399849,68.400752,0.000903,6.745636e-02,67.678280,1.686409e-08,0.996721,0.996721,4.055999e+09,4.01,1.600000e+07,67.68,in_range,,,,1901,1924,,76,75,76,,-1,-1,-1.000000,-1,t
cpu-gpu-v2,2026-07-19T01:51:51,"20260718_092807_session5",501,501,1,"REDUCTION","openmp_sum_reduction",cpu_native,"Intel(R) Core(TM) i9-7900X CPU @ 3.30GHz",8,32000000,"elements=32000000",243,1.001735,1.001735,1.001735,105.516942,106.536672,1.019730,4.384225e-01,106.352191,1.370070e-08,4.122365,4.122365,7.776000e+09,7.76,1.280000e+08,106.35,in_range,,,,2459,2320,,80,80,80,,-1,-1,-1.000000,-1,t
cpu-gpu-v2,2026-07-19T01:51:52,"20260718_092807_session5",502,502,2,"REDUCTION","openmp_sum_reduction",cpu_native,"Intel(R) Core(TM) i9-7900X CPU @ 3.30GHz",8,32000000,"elements=32000000",243,1.007185,1.007185,1.007185,106.217074,107.247208,1.030134,4.413465e-01,106.482137,1.379208e-08,4.144794,4.144794,7.776000e+09,7.72,1.280000e+08,106.48,in_range,,,,2319,2319,,80,80,80,,-1,-1,-1.000000,-1,t
cpu-gpu-v2,2026-07-19T01:51:53,"20260718_092807_session5",503,503,3,"REDUCTION","openmp_sum_reduction",cpu_native,"Intel(R) Core(TM) i9-7900X CPU @ 3.30GHz",8,32000000,"elements=32000000",243,1.007460,1.007460,1.007460,106.374422,107.394060,1.019638,4.419509e-01,106.598846,1.381096e-08,4.145925,4.145925,7.776000e+09,7.72,1.280000e+08,106.60,in_range,,,,2320,2320,,80,80,80,,-1,-1,-1.000000,-1,t
cpu-gpu-v2,2026-07-19T01:51:54,"20260718_092807_session5",504,504,4,"REDUCTION","openmp_sum_reduction",cpu_native,"Intel(R) Core(TM) i9-7900X CPU @ 3.30GHz",8,32000000,"elements=32000000",243,1.007395,1.007395,1.007395,106.334628,107.342056,1.007428,4.417369e-01,106.554106,1.380428e-08,4.145658,4.145658,7.776000e+09,7.72,1.280000e+08,106.55,in_range,,,,2319,2459,,80,80,80,,-1,-1,-1.000000,-1,t
cpu-gpu-v2,2026-07-19T01:51:55,"20260718_092807_session5",505,505,5,"REDUCTION","openmp_sum_reduction",cpu_native,"Intel(R) Core(TM) i9-7900X CPU @ 3.30GHz",8,32000000,"elements=32000000",243,1.007467,1.007467,1.007467,106.175082,107.191278,1.016196,4.411164e-01,106.396802,1.378489e-08,4.145955,4.145955,7.776000e+09,7.72,1.280000e+08,106.40,in_range,,,,2459,2319,,80,80,80,,-1,-1,-1.000000,-1,t
cpu-gpu-v2,2026-07-19T01:51:56,"20260718_092807_session5",506,506,6,"REDUCTION","openmp_sum_reduction",cpu_native,"Intel(R) Core(TM) i9-7900X CPU @ 3.30GHz",8,32000000,"elements=32000000",243,1.007431,1.007431,1.007431,106.559664,107.583250,1.023586,4.427294e-01,106.789663,1.383529e-08,4.145808,4.145808,7.776000e+09,7.72,1.280000e+08,106.79,in_range,,,,2320,2459,,80,80,80,,-1,-1,-1.000000,-1,t
cpu-gpu-v2,2026-07-19T01:51:57,"20260718_092807_session5",507,507,7,"REDUCTION","openmp_sum_reduction",cpu_native,"Intel(R) Core(TM) i9-7900X CPU @ 3.30GHz",8,32000000,"elements=32000000",243,1.007606,1.007606,1.007606,106.242770,107.259944,1.017174,4.413989e-01,106.450293,1.379372e-08,4.146526,4.146526,7.776000e+09,7.72,1.280000e+08,106.45,in_range,,,,2460,2320,,80,80,80,,-1,-1,-1.000000,-1,t
cpu-gpu-v2,2026-07-19T01:51:58,"20260718_092807_session5",508,508,8,"REDUCTION","openmp_sum_reduction",cpu_native,"Intel(R) Core(TM) i9-7900X CPU @ 3.30GHz",8,32000000,"elements=32000000",243,1.006928,1.006928,1.006928,106.375643,107.384479,1.008836,4.419114e-01,106.645667,1.380973e-08,4.143735,4.143735,7.776000e+09,7.72,1.280000e+08,106.65,in_range,,,,2460,2319,,80,80,80,,-1,-1,-1.000000,-1,t
cpu-gpu-v2,2026-07-19T01:51:59,"20260718_092807_session5",509,509,9,"REDUCTION","openmp_sum_reduction",cpu_native,"Intel(R) Core(TM) i9-7900X CPU @ 3.30GHz",8,32000000,"elements=32000000",243,1.007235,1.007235,1.007235,106.582674,107.595060,1.012386,4.427780e-01,106.822236,1.383681e-08,4.144999,4.144999,7.776000e+09,7.72,1.280000e+08,106.82,in_range,,,,2319,2460,,80,80,80,,-1,-1,-1.000000,-1,t
cpu-gpu-v2,2026-07-19T01:52:00,"20260718_092807_session5",510,510,10,"REDUCTION","openmp_sum_reduction",cpu_native,"Intel(R) Core(TM) i9-7900X CPU @ 3.30GHz",8,32000000,"elements=32000000",243,1.007510,1.007510,1.007510,106.569552,107.566730,0.997178,4.426614e-01,106.764956,1.383317e-08,4.146130,4.146130,7.776000e+09,7.72,1.280000e+08,106.76,in_range,,,,2460,2459,,80,80,80,,-1,-1,-1.000000,-1,t
cpu-gpu-v2,2026-07-19T01:52:02,"20260718_092807_session5",511,511,1,"REDUCTION","openmp_sum_reduction",cpu_native,"Intel(R) Core(TM) i9-7900X CPU @ 3.30GHz",20,256000000,"elements=256000000",39,1.021248,1.021248,1.021248,132.111600,133.705707,1.594107,3.428351e+00,130.923847,1.339200e-08,26.185844,26.185844,9.984000e+09,9.78,1.024000e+09,130.92,in_range,,,,3999,3999,,83,83,83,,-1,-1,-1.000000,-1,t
cpu-gpu-v2,2026-07-19T01:52:03,"20260718_092807_session5",512,512,2,"REDUCTION","openmp_sum_reduction",cpu_native,"Intel(R) Core(TM) i9-7900X CPU @ 3.30GHz",20,256000000,"elements=256000000",39,1.021619,1.021619,1.021619,132.653286,134.253543,1.600257,3.442399e+00,131.412578,1.344687e-08,26.195351,26.195351,9.984000e+09,9.77,1.024000e+09,131.41,in_range,,,,3999,3999,,83,83,83,,-1,-1,-1.000000,-1,t
cpu-gpu-v2,2026-07-19T01:52:04,"20260718_092807_session5",513,513,3,"REDUCTION","openmp_sum_reduction",cpu_native,"Intel(R) Core(TM) i9-7900X CPU @ 3.30GHz",20,256000000,"elements=256000000",39,1.020188,1.020188,1.020188,132.140836,133.725840,1.585004,3.428868e+00,131.079656,1.339401e-08,26.158656,26.158656,9.984000e+09,9.79,1.024000e+09,131.08,in_range,,,,4000,3999,,83,83,83,,-1,-1,-1.000000,-1,t
cpu-gpu-v2,2026-07-19T01:52:05,"20260718_092807_session5",514,514,4,"REDUCTION","openmp_sum_reduction",cpu_native,"Intel(R) Core(TM) i9-7900X CPU @ 3.30GHz",20,256000000,"elements=256000000",39,1.020703,1.020703,1.020703,132.504543,134.092637,1.588094,3.438273e+00,131.372787,1.343075e-08,26.171879,26.171879,9.984000e+09,9.78,1.024000e+09,131.37,in_range,,,,3999,3999,,83,83,83,,-1,-1,-1.000000,-1,t
cpu-gpu-v2,2026-07-19T01:52:06,"20260718_092807_session5",515,515,5,"REDUCTION","openmp_sum_reduction",cpu_native,"Intel(R) Core(TM) i9-7900X CPU @ 3.30GHz",20,256000000,"elements=256000000",39,1.020403,1.020403,1.020403,132.837978,134.428551,1.590573,3.446886e+00,131.740706,1.346440e-08,26.164168,26.164168,9.984000e+09,9.78,1.024000e+09,131.74,in_range,,,,4000,3999,,83,83,83,,-1,-1,-1.000000,-1,t
cpu-gpu-v2,2026-07-19T01:52:07,"20260718_092807_session5",516,516,6,"REDUCTION","openmp_sum_reduction",cpu_native,"Intel(R) Core(TM) i9-7900X CPU @ 3.30GHz",20,256000000,"elements=256000000",39,1.020339,1.020339,1.020339,132.963648,134.543021,1.579373,3.449821e+00,131.861110,1.347586e-08,26.162536,26.162536,9.984000e+09,9.78,1.024000e+09,131.86,in_range,,,,4000,3999,,83,83,83,,-1,-1,-1.000000,-1,t
cpu-gpu-v2,2026-07-19T01:52:09,"20260718_092807_session5",517,517,7,"REDUCTION","openmp_sum_reduction",cpu_native,"Intel(R) Core(TM) i9-7900X CPU @ 3.30GHz",20,256000000,"elements=256000000",39,1.020171,1.020171,1.020171,132.719081,134.277264,1.558183,3.443007e+00,131.622253,1.344925e-08,26.158242,26.158242,9.984000e+09,9.79,1.024000e+09,131.62,in_range,,,,4000,3999,,83,83,83,,-1,-1,-1.000000,-1,t
cpu-gpu-v2,2026-07-19T01:52:10,"20260718_092807_session5",518,518,8,"REDUCTION","openmp_sum_reduction",cpu_native,"Intel(R) Core(TM) i9-7900X CPU @ 3.30GHz",20,256000000,"elements=256000000",39,1.021349,1.021349,1.021349,132.493801,134.083517,1.589716,3.438039e+00,131.280825,1.342984e-08,26.188431,26.188431,9.984000e+09,9.78,1.024000e+09,131.28,in_range,,,,3999,3999,,83,83,83,,-1,-1,-1.000000,-1,t
cpu-gpu-v2,2026-07-19T01:52:11,"20260718_092807_session5",519,519,9,"REDUCTION","openmp_sum_reduction",cpu_native,"Intel(R) Core(TM) i9-7900X CPU @ 3.30GHz",20,256000000,"elements=256000000",39,1.020983,1.020983,1.020983,133.269739,134.873592,1.603853,3.458297e+00,132.101767,1.350897e-08,26.179038,26.179038,9.984000e+09,9.78,1.024000e+09,132.10,in_range,,,,4000,4000,,83,83,83,,-1,-1,-1.000000,-1,t
cpu-gpu-v2,2026-07-19T01:52:12,"20260718_092807_session5",520,520,10,"REDUCTION","openmp_sum_reduction",cpu_native,"Intel(R) Core(TM) i9-7900X CPU @ 3.30GHz",20,256000000,"elements=256000000",39,1.020647,1.020647,1.020647,133.028834,134.638654,1.609820,3.452273e+00,131.914961,1.348544e-08,26.170445,26.170445,9.984000e+09,9.78,1.024000e+09,131.91,in_range,,,,4000,4000,,84,83,84,,-1,-1,-1.000000,-1,t
cpu-gpu-v2,2026-07-19T01:52:15,"20260718_092807_session5",521,521,1,"REDUCTION","openmp_sum_reduction",cpu_native,"Intel(R) Core(TM) i9-7900X CPU @ 3.30GHz",8,16000000,"elements=16000000",484,1.001556,1.001556,1.001556,105.686253,106.583690,0.897437,2.202142e-01,106.418081,1.376339e-08,2.069331,2.069331,7.744000e+09,7.73,6.400000e+07,106.42,in_range,,,,2599,2320,,81,81,81,,-1,-1,-1.000000,-1,t
cpu-gpu-v2,2026-07-19T01:52:16,"20260718_092807_session5",522,522,2,"REDUCTION","openmp_sum_reduction",cpu_native,"Intel(R) Core(TM) i9-7900X CPU @ 3.30GHz",8,16000000,"elements=16000000",484,1.002580,1.002580,1.002580,105.908176,106.813385,0.905209,2.206888e-01,106.538490,1.379305e-08,2.071447,2.071447,7.744000e+09,7.72,6.400000e+07,106.54,in_range,,,,2460,2319,,81,81,81,,-1,-1,-1.000000,-1,t
cpu-gpu-v2,2026-07-19T01:52:17,"20260718_092807_session5",523,523,3,"REDUCTION","openmp_sum_reduction",cpu_native,"Intel(R) Core(TM) i9-7900X CPU @ 3.30GHz",8,16000000,"elements=16000000",484,1.007355,1.007355,1.007355,106.363070,107.255320,0.892250,2.216019e-01,106.472216,1.385012e-08,2.081312,2.081312,7.744000e+09,7.69,6.400000e+07,106.47,in_range,,,,2319,2320,,81,81,81,,-1,-1,-1.000000,-1,t
cpu-gpu-v2,2026-07-19T01:52:18,"20260718_092807_session5",524,524,4,"REDUCTION","openmp_sum_reduction",cpu_native,"Intel(R) Core(TM) i9-7900X CPU @ 3.30GHz",8,16000000,"elements=16000000",484,1.006379,1.006379,1.006379,106.309969,107.198991,0.889022,2.214855e-01,106.519511,1.384285e-08,2.079295,2.079295,7.744000e+09,7.69,6.400000e+07,106.52,in_range,,,,2459,2459,,81,81,81,,-1,-1,-1.000000,-1,t
cpu-gpu-v2,2026-07-19T01:52:19,"20260718_092807_session5",525,525,5,"REDUCTION","openmp_sum_reduction",cpu_native,"Intel(R) Core(TM) i9-7900X CPU @ 3.30GHz",8,16000000,"elements=16000000",484,1.007524,1.007524,1.007524,106.551180,107.443277,0.892097,2.219902e-01,106.640910,1.387439e-08,2.081661,2.081661,7.744000e+09,7.69,6.400000e+07,106.64,in_range,,,,2459,2319,,81,81,81,,-1,-1,-1.000000,-1,t
cpu-gpu-v2,2026-07-19T01:52:20,"20260718_092807_session5",526,526,6,"REDUCTION","openmp_sum_reduction",cpu_native,"Intel(R) Core(TM) i9-7900X CPU @ 3.30GHz",8,16000000,"elements=16000000",484,1.005802,1.005802,1.005802,107.212311,108.117918,0.905607,2.233841e-01,107.494224,1.396151e-08,2.078104,2.078104,7.744000e+09,7.70,6.400000e+07,107.49,in_range,,,,2459,2460,,81,81,81,,-1,-1,-1.000000,-1,t
cpu-gpu-v2,2026-07-19T01:52:21,"20260718_092807_session5",527,527,7,"REDUCTION","openmp_sum_reduction",cpu_native,"Intel(R) Core(TM) i9-7900X CPU @ 3.30GHz",8,16000000,"elements=16000000",484,1.006562,1.006562,1.006562,106.477205,107.387876,0.910671,2.218758e-01,106.687779,1.386724e-08,2.079674,2.079674,7.744000e+09,7.69,6.400000e+07,106.69,in_range,,,,2460,2460,,81,81,81,,-1,-1,-1.000000,-1,t
cpu-gpu-v2,2026-07-19T01:52:22,"20260718_092807_session5",528,528,8,"REDUCTION","openmp_sum_reduction",cpu_native,"Intel(R) Core(TM) i9-7900X CPU @ 3.30GHz",8,16000000,"elements=16000000",484,1.005291,1.005291,1.005291,106.568758,107.476308,0.907550,2.220585e-01,106.910647,1.387866e-08,2.077047,2.077047,7.744000e+09,7.70,6.400000e+07,106.91,in_range,,,,2460,2460,,81,81,81,,-1,-1,-1.000000,-1,t
cpu-gpu-v2,2026-07-19T01:52:23,"20260718_092807_session5",529,529,9,"REDUCTION","openmp_sum_reduction",cpu_native,"Intel(R) Core(TM) i9-7900X CPU @ 3.30GHz",8,16000000,"elements=16000000",484,1.000934,1.000934,1.000934,105.762669,106.649595,0.886926,2.203504e-01,106.550105,1.377190e-08,2.068045,2.068045,7.744000e+09,7.74,6.400000e+07,106.55,in_range,,,,2460,2460,,81,81,81,,-1,-1,-1.000000,-1,t
cpu-gpu-v2,2026-07-19T01:52:24,"20260718_092807_session5",530,530,10,"REDUCTION","openmp_sum_reduction",cpu_native,"Intel(R) Core(TM) i9-7900X CPU @ 3.30GHz",8,16000000,"elements=16000000",484,1.001140,1.001140,1.001140,105.905429,106.821884,0.916455,2.207064e-01,106.700260,1.379415e-08,2.068471,2.068471,7.744000e+09,7.74,6.400000e+07,106.70,in_range,,,,2460,2459,,81,81,81,,-1,-1,-1.000000,-1,t
cpu-gpu-v2,2026-07-19T01:52:27,"20260718_092807_session5",531,531,1,"REDUCTION","openmp_sum_reduction",cpu_native,"Intel(R) Core(TM) i9-7900X CPU @ 3.30GHz",16,64000000,"elements=64000000",156,1.004191,1.004191,1.004191,130.299776,131.723625,1.423849,8.443822e-01,131.173917,1.319347e-08,6.437120,6.437120,9.984000e+09,9.94,2.560000e+08,131.17,in_range,,,,3439,3439,,85,84,85,,-1,-1,-1.000000,-1,t
cpu-gpu-v2,2026-07-19T01:52:28,"20260718_092807_session5",532,532,2,"REDUCTION","openmp_sum_reduction",cpu_native,"Intel(R) Core(TM) i9-7900X CPU @ 3.30GHz",16,64000000,"elements=64000000",156,1.004030,1.004030,1.004030,130.284273,131.705918,1.421645,8.442687e-01,131.177220,1.319170e-08,6.436092,6.436092,9.984000e+09,9.94,2.560000e+08,131.18,in_range,,,,3439,3439,,85,85,84,,-1,-1,-1.000000,-1,t
cpu-gpu-v2,2026-07-19T01:52:29,"20260718_092807_session5",533,533,3,"REDUCTION","openmp_sum_reduction",cpu_native,"Intel(R) Core(TM) i9-7900X CPU @ 3.30GHz",16,64000000,"elements=64000000",156,1.004455,1.004455,1.004455,130.227267,131.648714,1.421447,8.439020e-01,131.064885,1.318597e-08,6.438811,6.438811,9.984000e+09,9.94,2.560000e+08,131.06,in_range,,,,3440,3439,,84,84,84,,-1,-1,-1.000000,-1,t
cpu-gpu-v2,2026-07-19T01:52:30,"20260718_092807_session5",534,534,4,"REDUCTION","openmp_sum_reduction",cpu_native,"Intel(R) Core(TM) i9-7900X CPU @ 3.30GHz",16,64000000,"elements=64000000",156,1.004480,1.004480,1.004480,130.836702,132.257460,1.420758,8.478042e-01,131.667648,1.324694e-08,6.438971,6.438971,9.984000e+09,9.94,2.560000e+08,131.67,in_range,,,,3440,3439,,84,84,84,,-1,-1,-1.000000,-1,t
cpu-gpu-v2,2026-07-19T01:52:31,"20260718_092807_session5",535,535,5,"REDUCTION","openmp_sum_reduction",cpu_native,"Intel(R) Core(TM) i9-7900X CPU @ 3.30GHz",16,64000000,"elements=64000000",156,1.004408,1.004408,1.004408,130.544710,131.969584,1.424874,8.459589e-01,131.390395,1.321811e-08,6.438514,6.438514,9.984000e+09,9.94,2.560000e+08,131.39,in_range,,,,3440,3440,,85,84,85,,-1,-1,-1.000000,-1,t
cpu-gpu-v2,2026-07-19T01:52:32,"20260718_092807_session5",536,536,6,"REDUCTION","openmp_sum_reduction",cpu_native,"Intel(R) Core(TM) i9-7900X CPU @ 3.30GHz",16,64000000,"elements=64000000",156,1.004218,1.004218,1.004218,131.206757,132.641148,1.434391,8.502638e-01,132.083972,1.328537e-08,6.437297,6.437297,9.984000e+09,9.94,2.560000e+08,132.08,in_range,,,,3440,3439,,85,85,85,,-1,-1,-1.000000,-1,t
cpu-gpu-v2,2026-07-19T01:52:33,"20260718_092807_session5",537,537,7,"REDUCTION","openmp_sum_reduction",cpu_native,"Intel(R) Core(TM) i9-7900X CPU @ 3.30GHz",16,64000000,"elements=64000000",156,1.004158,1.004158,1.004158,130.888703,132.312597,1.423894,8.481577e-01,131.764667,1.325246e-08,6.436913,6.436913,9.984000e+09,9.94,2.560000e+08,131.76,in_range,,,,3439,3439,,85,85,85,,-1,-1,-1.000000,-1,t
cpu-gpu-v2,2026-07-19T01:52:34,"20260718_092807_session5",538,538,8,"REDUCTION","openmp_sum_reduction",cpu_native,"Intel(R) Core(TM) i9-7900X CPU @ 3.30GHz",16,64000000,"elements=64000000",156,1.004688,1.004688,1.004688,130.934906,132.343210,1.408304,8.483539e-01,131.725718,1.325553e-08,6.440306,6.440306,9.984000e+09,9.94,2.560000e+08,131.73,in_range,,,,3440,3439,,85,85,85,,-1,-1,-1.000000,-1,t
cpu-gpu-v2,2026-07-19T01:52:35,"20260718_092807_session5",539,539,9,"REDUCTION","openmp_sum_reduction",cpu_native,"Intel(R) Core(TM) i9-7900X CPU @ 3.30GHz",16,64000000,"elements=64000000",156,1.004672,1.004672,1.004672,130.674409,132.110099,1.435690,8.468596e-01,131.495714,1.323218e-08,6.440207,6.440207,9.984000e+09,9.94,2.560000e+08,131.50,in_range,,,,3439,3439,,85,85,85,,-1,-1,-1.000000,-1,t
cpu-gpu-v2,2026-07-19T01:52:36,"20260718_092807_session5",540,540,10,"REDUCTION","openmp_sum_reduction",cpu_native,"Intel(R) Core(TM) i9-7900X CPU @ 3.30GHz",16,64000000,"elements=64000000",156,1.004314,1.004314,1.004314,131.374358,132.794442,1.420084,8.512464e-01,132.224082,1.330073e-08,6.437908,6.437908,9.984000e+09,9.94,2.560000e+08,132.22,in_range,,,,3439,3439,,85,85,85,,-1,-1,-1.000000,-1,t
cpu-gpu-v2,2026-07-19T01:52:38,"20260718_092807_session5",541,541,1,"REDUCTION","openmp_sum_reduction",cpu_native,"Intel(R) Core(TM) i9-7900X CPU @ 3.30GHz",2,8000000,"elements=8000000",264,1.001180,1.001180,1.001180,54.169600,54.265822,0.096222,2.055524e-01,54.201879,2.569405e-08,3.792347,3.792347,2.112000e+09,2.11,3.200000e+07,54.20,in_range,,,,1685,1685,,83,83,83,,-1,-1,-1.000000,-1,t
cpu-gpu-v2,2026-07-19T01:52:39,"20260718_092807_session5",542,542,2,"REDUCTION","openmp_sum_reduction",cpu_native,"Intel(R) Core(TM) i9-7900X CPU @ 3.30GHz",2,8000000,"elements=8000000",264,1.000935,1.000935,1.000935,54.243513,54.326837,0.083324,2.057835e-01,54.276103,2.572294e-08,3.791419,3.791419,2.112000e+09,2.11,3.200000e+07,54.28,in_range,,,,1685,1681,,83,83,82,,-1,-1,-1.000000,-1,t
cpu-gpu-v2,2026-07-19T01:52:40,"20260718_092807_session5",543,543,3,"REDUCTION","openmp_sum_reduction",cpu_native,"Intel(R) Core(TM) i9-7900X CPU @ 3.30GHz",2,8000000,"elements=8000000",264,1.001300,1.001300,1.001300,54.806256,54.886015,0.079759,2.079016e-01,54.814762,2.598770e-08,3.792803,3.792803,2.112000e+09,2.11,3.200000e+07,54.81,in_range,,,,1685,1674,,82,82,82,,-1,-1,-1.000000,-1,t
cpu-gpu-v2,2026-07-19T01:52:41,"20260718_092807_session5",544,544,4,"REDUCTION","openmp_sum_reduction",cpu_native,"Intel(R) Core(TM) i9-7900X CPU @ 3.30GHz",2,8000000,"elements=8000000",264,1.007209,1.007209,1.007209,54.902570,54.972384,0.069814,2.082287e-01,54.578943,2.602859e-08,3.815184,3.815184,2.112000e+09,2.10,3.200000e+07,54.58,in_range,,,,1649,1519,,83,82,83,,-1,-1,-1.000000,-1,t
cpu-gpu-v2,2026-07-19T01:52:42,"20260718_092807_session5",545,545,5,"REDUCTION","openmp_sum_reduction",cpu_native,"Intel(R) Core(TM) i9-7900X CPU @ 3.30GHz",2,8000000,"elements=8000000",264,1.000695,1.000695,1.000695,54.503218,54.569773,0.066555,2.067037e-01,54.531875,2.583796e-08,3.790511,3.790511,2.112000e+09,2.11,3.200000e+07,54.53,in_range,,,,1683,1519,,83,83,83,,-1,-1,-1.000000,-1,t
cpu-gpu-v2,2026-07-19T01:52:43,"20260718_092807_session5",546,546,6,"REDUCTION","openmp_sum_reduction",cpu_native,"Intel(R) Core(TM) i9-7900X CPU @ 3.30GHz",2,8000000,"elements=8000000",264,1.008671,1.008671,1.008671,54.862775,54.928932,0.066157,2.080641e-01,54.456755,2.600802e-08,3.820722,3.820722,2.112000e+09,2.09,3.200000e+07,54.46,in_range,,,,1643,1520,,83,83,83,,-1,-1,-1.000000,-1,t
cpu-gpu-v2,2026-07-19T01:52:44,"20260718_092807_session5",547,547,7,"REDUCTION","openmp_sum_reduction",cpu_native,"Intel(R) Core(TM) i9-7900X CPU @ 3.30GHz",2,8000000,"elements=8000000",264,1.005936,1.005936,1.005936,54.691327,54.756780,0.065453,2.074120e-01,54.433641,2.592651e-08,3.810365,3.810365,2.112000e+09,2.10,3.200000e+07,54.43,in_range,,,,1512,1684,,83,83,83,,-1,-1,-1.000000,-1,t
cpu-gpu-v2,2026-07-19T01:52:45,"20260718_092807_session5",548,548,8,"REDUCTION","openmp_sum_reduction",cpu_native,"Intel(R) Core(TM) i9-7900X CPU @ 3.30GHz",2,8000000,"elements=8000000",264,1.007361,1.007361,1.007361,54.816876,54.873960,0.057084,2.078559e-01,54.472990,2.598199e-08,3.815761,3.815761,2.112000e+09,2.10,3.200000e+07,54.47,in_range,,,,1672,1675,,83,83,82,,-1,-1,-1.000000,-1,t
cpu-gpu-v2,2026-07-19T01:52:46,"20260718_092807_session5",549,549,9,"REDUCTION","openmp_sum_reduction",cpu_native,"Intel(R) Core(TM) i9-7900X CPU @ 3.30GHz",2,8000000,"elements=8000000",264,1.006673,1.006673,1.006673,53.214768,53.263269,0.048501,2.017548e-01,52.910186,2.521935e-08,3.813156,3.813156,2.112000e+09,2.10,3.200000e+07,52.91,in_range,,,,1662,1519,,82,82,82,,-1,-1,-1.000000,-1,t
cpu-gpu-v2,2026-07-19T01:52:47,"20260718_092807_session5",550,550,10,"REDUCTION","openmp_sum_reduction",cpu_native,"Intel(R) Core(TM) i9-7900X CPU @ 3.30GHz",2,8000000,"elements=8000000",264,1.007605,1.007605,1.007605,53.326829,53.375958,0.049129,2.021817e-01,52.973076,2.527271e-08,3.816687,3.816687,2.112000e+09,2.10,3.200000e+07,52.97,in_range,,,,1659,1520,,82,82,82,,-1,-1,-1.000000,-1,t
cpu-gpu-v2,2026-07-19T01:52:50,"20260718_092807_session5",551,551,1,"REDUCTION","openmp_sum_reduction",cpu_native,"Intel(R) Core(TM) i9-7900X CPU @ 3.30GHz",10,2000000,"elements=2000000",4915,1.000388,1.000388,1.000388,113.164810,113.164810,0.000000,2.302438e-02,113.120975,1.151219e-08,0.203538,0.203538,9.829995e+09,9.83,8.000004e+06,113.12,in_range,,,,2599,2600,,82,81,82,,-1,-1,-1.000000,-1,t
cpu-gpu-v2,2026-07-19T01:52:51,"20260718_092807_session5",552,552,2,"REDUCTION","openmp_sum_reduction",cpu_native,"Intel(R) Core(TM) i9-7900X CPU @ 3.30GHz",10,2000000,"elements=2000000",4915,1.003298,1.003298,1.003298,113.742384,113.742384,0.000000,2.314189e-02,113.368439,1.157095e-08,0.204130,0.204130,9.829995e+09,9.80,8.000004e+06,113.37,in_range,,,,2600,2599,,82,82,82,,-1,-1,-1.000000,-1,t
cpu-gpu-v2,2026-07-19T01:52:52,"20260718_092807_session5",553,553,3,"REDUCTION","openmp_sum_reduction",cpu_native,"Intel(R) Core(TM) i9-7900X CPU @ 3.30GHz",10,2000000,"elements=2000000",4915,1.000349,1.000349,1.000349,113.576308,113.576308,0.000000,2.310810e-02,113.536654,1.155406e-08,0.203530,0.203530,9.829995e+09,9.83,8.000004e+06,113.54,in_range,,,,2600,2599,,82,82,82,,-1,-1,-1.000000,-1,t
cpu-gpu-v2,2026-07-19T01:52:53,"20260718_092807_session5",554,554,4,"REDUCTION","openmp_sum_reduction",cpu_native,"Intel(R) Core(TM) i9-7900X CPU @ 3.30GHz",10,2000000,"elements=2000000",4915,1.006250,1.006250,1.006250,114.336499,114.336499,0.000000,2.326277e-02,113.626309,1.163139e-08,0.204730,0.204730,9.829995e+09,9.77,8.000004e+06,113.63,in_range,,,,2739,2599,,82,82,82,,-1,-1,-1.000000,-1,t
cpu-gpu-v2,2026-07-19T01:52:54,"20260718_092807_session5",555,555,5,"REDUCTION","openmp_sum_reduction",cpu_native,"Intel(R) Core(TM) i9-7900X CPU @ 3.30GHz",10,2000000,"elements=2000000",4915,1.006413,1.006413,1.006413,114.388257,114.388257,0.000000,2.327330e-02,113.659350,1.163665e-08,0.204764,0.204764,9.829995e+09,9.77,8.000004e+06,113.66,in_range,,,,2599,2599,,82,82,82,,-1,-1,-1.000000,-1,t
cpu-gpu-v2,2026-07-19T01:52:55,"20260718_092807_session5",556,556,6,"REDUCTION","openmp_sum_reduction",cpu_native,"Intel(R) Core(TM) i9-7900X CPU @ 3.30GHz",10,2000000,"elements=2000000",4915,1.006514,1.006514,1.006514,114.405957,114.405957,0.000000,2.327690e-02,113.665516,1.163846e-08,0.204784,0.204784,9.829995e+09,9.77,8.000004e+06,113.67,in_range,,,,2599,2600,,82,82,82,,-1,-1,-1.000000,-1,t
cpu-gpu-v2,2026-07-19T01:52:56,"20260718_092807_session5",557,557,7,"REDUCTION","openmp_sum_reduction",cpu_native,"Intel(R) Core(TM) i9-7900X CPU @ 3.30GHz",10,2000000,"elements=2000000",4915,1.006418,1.006418,1.006418,114.467907,114.467907,0.000000,2.328950e-02,113.737924,1.164476e-08,0.204765,0.204765,9.829995e+09,9.77,8.000004e+06,113.74,in_range,,,,2599,2599,,82,82,82,,-1,-1,-1.000000,-1,t
cpu-gpu-v2,2026-07-19T01:52:57,"20260718_092807_session5",558,558,8,"REDUCTION","openmp_sum_reduction",cpu_native,"Intel(R) Core(TM) i9-7900X CPU @ 3.30GHz",10,2000000,"elements=2000000",4915,1.006441,1.006441,1.006441,114.482678,114.482678,0.000000,2.329251e-02,113.749966,1.164626e-08,0.204769,0.204769,9.829995e+09,9.77,8.000004e+06,113.75,in_range,,,,2739,2599,,82,82,82,,-1,-1,-1.000000,-1,t
cpu-gpu-v2,2026-07-19T01:52:58,"20260718_092807_session5",559,559,9,"REDUCTION","openmp_sum_reduction",cpu_native,"Intel(R) Core(TM) i9-7900X CPU @ 3.30GHz",10,2000000,"elements=2000000",4915,1.006334,1.006334,1.006334,114.619762,114.619762,0.000000,2.332040e-02,113.898280,1.166021e-08,0.204748,0.204748,9.829995e+09,9.77,8.000004e+06,113.90,in_range,,,,2599,2600,,82,82,82,,-1,-1,-1.000000,-1,t
cpu-gpu-v2,2026-07-19T01:52:59,"20260718_092807_session5",560,560,10,"REDUCTION","openmp_sum_reduction",cpu_native,"Intel(R) Core(TM) i9-7900X CPU @ 3.30GHz",10,2000000,"elements=2000000",4915,1.006505,1.006505,1.006505,114.793285,114.793285,0.000000,2.335570e-02,114.051339,1.167786e-08,0.204782,0.204782,9.829995e+09,9.77,8.000004e+06,114.05,in_range,,,,2739,2599,,82,82,82,,-1,-1,-1.000000,-1,t
cpu-gpu-v2,2026-07-19T01:53:02,"20260718_092807_session5",561,561,1,"REDUCTION","openmp_sum_reduction",cpu_native,"Intel(R) Core(TM) i9-7900X CPU @ 3.30GHz",4,256000000,"elements=256000000",16,1.013313,1.013313,1.013313,71.083558,71.569701,0.486143,4.473106e+00,70.629378,1.747307e-08,63.332092,63.332092,4.096000e+09,4.04,1.024000e+09,70.63,in_range,,,,1779,1924,,79,78,79,,-1,-1,-1.000000,-1,t
cpu-gpu-v2,2026-07-19T01:53:03,"20260718_092807_session5",562,562,2,"REDUCTION","openmp_sum_reduction",cpu_native,"Intel(R) Core(TM) i9-7900X CPU @ 3.30GHz",4,256000000,"elements=256000000",16,1.018804,1.018804,1.018804,71.391602,71.866560,0.474958,4.491660e+00,70.540123,1.754555e-08,63.675251,63.675251,4.096000e+09,4.02,1.024000e+09,70.54,in_range,,,,1916,1779,,79,79,78,,-1,-1,-1.000000,-1,t
cpu-gpu-v2,2026-07-19T01:53:04,"20260718_092807_session5",563,563,3,"REDUCTION","openmp_sum_reduction",cpu_native,"Intel(R) Core(TM) i9-7900X CPU @ 3.30GHz",4,256000000,"elements=256000000",16,1.021257,1.021257,1.021257,72.465207,72.969816,0.504609,4.560614e+00,71.450971,1.781490e-08,63.828573,63.828573,4.096000e+09,4.01,1.024000e+09,71.45,in_range,,,,1778,1779,,79,78,79,,-1,-1,-1.000000,-1,t
cpu-gpu-v2,2026-07-19T01:53:05,"20260718_092807_session5",564,564,4,"REDUCTION","openmp_sum_reduction",cpu_native,"Intel(R) Core(TM) i9-7900X CPU @ 3.30GHz",4,256000000,"elements=256000000",16,1.017635,1.017635,1.017635,73.102657,73.583659,0.481002,4.598979e+00,72.308485,1.796476e-08,63.602199,63.602199,4.096000e+09,4.03,1.024000e+09,72.31,in_range,,,,1904,1924,,79,79,78,,-1,-1,-1.000000,-1,t
cpu-gpu-v2,2026-07-19T01:53:06,"20260718_092807_session5",565,565,5,"REDUCTION","openmp_sum_reduction",cpu_native,"Intel(R) Core(TM) i9-7900X CPU @ 3.30GHz",4,256000000,"elements=256000000",16,1.019072,1.019072,1.019072,72.289610,72.761202,0.471592,4.547575e+00,71.399444,1.776397e-08,63.692024,63.692024,4.096000e+09,4.02,1.024000e+09,71.40,in_range,,,,1921,1779,,79,78,79,,-1,-1,-1.000000,-1,t
cpu-gpu-v2,2026-07-19T01:53:07,"20260718_092807_session5",566,566,6,"REDUCTION","openmp_sum_reduction",cpu_native,"Intel(R) Core(TM) i9-7900X CPU @ 3.30GHz",4,256000000,"elements=256000000",16,1.018960,1.018960,1.018960,71.509583,71.982430,0.472847,4.498902e+00,70.643026,1.757384e-08,63.685011,63.685011,4.096000e+09,4.02,1.024000e+09,70.64,in_range,,,,1916,1779,,79,79,78,,-1,-1,-1.000000,-1,t
cpu-gpu-v2,2026-07-19T01:53:08,"20260718_092807_session5",567,567,7,"REDUCTION","openmp_sum_reduction",cpu_native,"Intel(R) Core(TM) i9-7900X CPU @ 3.30GHz",4,256000000,"elements=256000000",16,1.020420,1.020420,1.020420,71.598266,72.086306,0.488040,4.505394e+00,70.643773,1.759920e-08,63.776239,63.776239,4.096000e+09,4.01,1.024000e+09,70.64,in_range,,,,1766,1924,,78,78,78,,-1,-1,-1.000000,-1,t
cpu-gpu-v2,2026-07-19T01:53:09,"20260718_092807_session5",568,568,8,"REDUCTION","openmp_sum_reduction",cpu_native,"Intel(R) Core(TM) i9-7900X CPU @ 3.30GHz",4,256000000,"elements=256000000",16,1.013417,1.013417,1.013417,72.803586,73.282506,0.478920,4.580157e+00,72.312319,1.789124e-08,63.338539,63.338539,4.096000e+09,4.04,1.024000e+09,72.31,in_range,,,,1916,1779,,78,78,78,,-1,-1,-1.000000,-1,t
cpu-gpu-v2,2026-07-19T01:53:10,"20260718_092807_session5",569,569,9,"REDUCTION","openmp_sum_reduction",cpu_native,"Intel(R) Core(TM) i9-7900X CPU @ 3.30GHz",4,256000000,"elements=256000000",16,1.013382,1.013382,1.013382,71.657470,72.114955,0.457485,4.507185e+00,71.162685,1.760619e-08,63.336350,63.336350,4.096000e+09,4.04,1.024000e+09,71.16,in_range,,,,1772,1779,,78,78,78,,-1,-1,-1.000000,-1,t
cpu-gpu-v2,2026-07-19T01:53:11,"20260718_092807_session5",570,570,10,"REDUCTION","openmp_sum_reduction",cpu_native,"Intel(R) Core(TM) i9-7900X CPU @ 3.30GHz",4,256000000,"elements=256000000",16,1.013561,1.013561,1.013561,71.434266,71.894858,0.460592,4.493429e+00,70.932939,1.755246e-08,63.347560,63.347560,4.096000e+09,4.04,1.024000e+09,70.93,in_range,,,,1907,2180,,78,78,77,,-1,-1,-1.000000,-1,t
cpu-gpu-v2,2026-07-19T01:53:14,"20260718_092807_session5",571,571,1,"REDUCTION","openmp_sum_reduction",cpu_native,"Intel(R) Core(TM) i9-7900X CPU @ 3.30GHz",2,128000000,"elements=128000000",17,1.030291,1.030291,1.030291,55.107464,55.226544,0.119080,3.248620e+00,53.602858,2.537985e-08,60.605355,60.605355,2.176000e+09,2.11,5.120000e+08,53.60,in_range,,,,1519,1519,,82,82,82,,-1,-1,-1.000000,-1,t
cpu-gpu-v2,2026-07-19T01:53:15,"20260718_092807_session5",572,572,2,"REDUCTION","openmp_sum_reduction",cpu_native,"Intel(R) Core(TM) i9-7900X CPU @ 3.30GHz",2,128000000,"elements=128000000",17,1.030642,1.030642,1.030642,55.103374,55.222683,0.119309,3.248393e+00,53.580878,2.537807e-08,60.625978,60.625978,2.176000e+09,2.11,5.120000e+08,53.58,in_range,,,,1519,1519,,82,82,82,,-1,-1,-1.000000,-1,t
cpu-gpu-v2,2026-07-19T01:53:17,"20260718_092807_session5",573,573,3,"REDUCTION","openmp_sum_reduction",cpu_native,"Intel(R) Core(TM) i9-7900X CPU @ 3.30GHz",2,128000000,"elements=128000000",17,1.029065,1.029065,1.029065,55.038067,55.163389,0.125322,3.244905e+00,53.605368,2.535082e-08,60.533215,60.533215,2.176000e+09,2.11,5.120000e+08,53.61,in_range,,,,1520,1519,,82,82,82,,-1,-1,-1.000000,-1,t
cpu-gpu-v2,2026-07-19T01:53:18,"20260718_092807_session5",574,574,4,"REDUCTION","openmp_sum_reduction",cpu_native,"Intel(R) Core(TM) i9-7900X CPU @ 3.30GHz",2,128000000,"elements=128000000",17,1.033938,1.033938,1.033938,56.274697,56.399347,0.124650,3.317609e+00,54.548070,2.591882e-08,60.819908,60.819908,2.176000e+09,2.10,5.120000e+08,54.55,in_range,,,,1480,1520,,82,82,82,,-1,-1,-1.000000,-1,t
cpu-gpu-v2,2026-07-19T01:53:19,"20260718_092807_session5",575,575,5,"REDUCTION","openmp_sum_reduction",cpu_native,"Intel(R) Core(TM) i9-7900X CPU @ 3.30GHz",2,128000000,"elements=128000000",17,1.033721,1.033721,1.033721,56.439186,56.558847,0.119661,3.326991e+00,54.713854,2.599212e-08,60.807104,60.807104,2.176000e+09,2.11,5.120000e+08,54.71,in_range,,,,1495,1812,,82,82,82,,-1,-1,-1.000000,-1,t
cpu-gpu-v2,2026-07-19T01:53:20,"20260718_092807_session5",576,576,6,"REDUCTION","openmp_sum_reduction",cpu_native,"Intel(R) Core(TM) i9-7900X CPU @ 3.30GHz",2,128000000,"elements=128000000",17,1.032949,1.032949,1.032949,55.794352,55.909408,0.115056,3.288789e+00,54.126015,2.569366e-08,60.761700,60.761700,2.176000e+09,2.11,5.120000e+08,54.13,in_range,,,,1805,1675,,82,82,82,,-1,-1,-1.000000,-1,t
cpu-gpu-v2,2026-07-19T01:53:21,"20260718_092807_session5",577,577,7,"REDUCTION","openmp_sum_reduction",cpu_native,"Intel(R) Core(TM) i9-7900X CPU @ 3.30GHz",2,128000000,"elements=128000000",17,1.034254,1.034254,1.034254,55.610392,55.727177,0.116785,3.278069e+00,53.881525,2.560992e-08,60.838464,60.838464,2.176000e+09,2.10,5.120000e+08,53.88,in_range,,,,1672,1684,,82,82,82,,-1,-1,-1.000000,-1,t
cpu-gpu-v2,2026-07-19T01:53:22,"20260718_092807_session5",578,578,8,"REDUCTION","openmp_sum_reduction",cpu_native,"Intel(R) Core(TM) i9-7900X CPU @ 3.30GHz",2,128000000,"elements=128000000",17,1.036415,1.036415,1.036415,56.602394,56.727640,0.125246,3.336920e+00,54.734460,2.606969e-08,60.965615,60.965615,2.176000e+09,2.10,5.120000e+08,54.73,in_range,,,,1653,1670,,82,82,81,,-1,-1,-1.000000,-1,t
cpu-gpu-v2,2026-07-19T01:53:23,"20260718_092807_session5",579,579,9,"REDUCTION","openmp_sum_reduction",cpu_native,"Intel(R) Core(TM) i9-7900X CPU @ 3.30GHz",2,128000000,"elements=128000000",17,1.029427,1.029427,1.029427,57.265784,57.385934,0.120150,3.375643e+00,55.745518,2.637221e-08,60.554522,60.554522,2.176000e+09,2.11,5.120000e+08,55.75,in_range,,,,1659,1684,,82,81,82,,-1,-1,-1.000000,-1,t
cpu-gpu-v2,2026-07-19T01:53:24,"20260718_092807_session5",580,580,10,"REDUCTION","openmp_sum_reduction",cpu_native,"Intel(R) Core(TM) i9-7900X CPU @ 3.30GHz",2,128000000,"elements=128000000",17,1.030944,1.030944,1.030944,57.364905,57.488927,0.124022,3.381702e+00,55.763364,2.641954e-08,60.643787,60.643787,2.176000e+09,2.11,5.120000e+08,55.76,in_range,,,,1673,1685,,82,82,82,,-1,-1,-1.000000,-1,t
cpu-gpu-v2,2026-07-19T01:53:27,"20260718_092807_session5",581,581,1,"REDUCTION","openmp_sum_reduction",cpu_native,"Intel(R) Core(TM) i9-7900X CPU @ 3.30GHz",4,64000000,"elements=64000000",64,1.012577,1.012577,1.012577,69.464422,69.930782,0.466360,1.092668e+00,69.062185,1.707295e-08,15.821516,15.821516,4.096000e+09,4.05,2.560000e+08,69.06,in_range,,,,1780,1779,,78,77,78,,-1,-1,-1.000000,-1,t
cpu-gpu-v2,2026-07-19T01:53:28,"20260718_092807_session5",582,582,2,"REDUCTION","openmp_sum_reduction",cpu_native,"Intel(R) Core(TM) i9-7900X CPU @ 3.30GHz",4,64000000,"elements=64000000",64,1.014906,1.014906,1.014906,69.203558,69.680903,0.477345,1.088764e+00,68.657497,1.701194e-08,15.857906,15.857906,4.096000e+09,4.04,2.560000e+08,68.66,in_range,,,,1924,1925,,78,78,78,,-1,-1,-1.000000,-1,t
cpu-gpu-v2,2026-07-19T01:53:29,"20260718_092807_session5",583,583,3,"REDUCTION","openmp_sum_reduction",cpu_native,"Intel(R) Core(TM) i9-7900X CPU @ 3.30GHz",4,64000000,"elements=64000000",64,1.016051,1.016051,1.016051,69.468938,69.950414,0.481476,1.092975e+00,68.845401,1.707774e-08,15.875791,15.875791,4.096000e+09,4.03,2.560000e+08,68.85,in_range,,,,1919,1924,,78,78,77,,-1,-1,-1.000000,-1,t
cpu-gpu-v2,2026-07-19T01:53:30,"20260718_092807_session5",584,584,4,"REDUCTION","openmp_sum_reduction",cpu_native,"Intel(R) Core(TM) i9-7900X CPU @ 3.30GHz",4,64000000,"elements=64000000",64,1.013642,1.013642,1.013642,70.237125,70.691519,0.454394,1.104555e+00,69.740142,1.725867e-08,15.838152,15.838152,4.096000e+09,4.04,2.560000e+08,69.74,in_range,,,,1920,1924,,77,77,77,,-1,-1,-1.000000,-1,t
cpu-gpu-v2,2026-07-19T01:53:31,"20260718_092807_session5",585,585,5,"REDUCTION","openmp_sum_reduction",cpu_native,"Intel(R) Core(TM) i9-7900X CPU @ 3.30GHz",4,64000000,"elements=64000000",64,1.013372,1.013372,1.013372,69.807133,70.270723,0.463590,1.097980e+00,69.343478,1.715594e-08,15.833934,15.833934,4.096000e+09,4.04,2.560000e+08,69.34,in_range,,,,2031,2037,,77,77,77,,-1,-1,-1.000000,-1,t
cpu-gpu-v2,2026-07-19T01:53:32,"20260718_092807_session5",586,586,6,"REDUCTION","openmp_sum_reduction",cpu_native,"Intel(R) Core(TM) i9-7900X CPU @ 3.30GHz",4,64000000,"elements=64000000",64,1.013669,1.013669,1.013669,71.136476,71.583848,0.447372,1.118498e+00,70.618582,1.747653e-08,15.838574,15.838574,4.096000e+09,4.04,2.560000e+08,70.62,in_range,,,,2029,1780,,77,77,77,,-1,-1,-1.000000,-1,t
cpu-gpu-v2,2026-07-19T01:53:33,"20260718_092807_session5",587,587,7,"REDUCTION","openmp_sum_reduction",cpu_native,"Intel(R) Core(TM) i9-7900X CPU @ 3.30GHz",4,64000000,"elements=64000000",64,1.014234,1.014234,1.014234,70.897707,71.368717,0.471010,1.115136e+00,70.367099,1.742400e-08,15.847409,15.847409,4.096000e+09,4.04,2.560000e+08,70.37,in_range,,,,1767,1925,,77,77,77,,-1,-1,-1.000000,-1,t
cpu-gpu-v2,2026-07-19T01:53:34,"20260718_092807_session5",588,588,8,"REDUCTION","openmp_sum_reduction",cpu_native,"Intel(R) Core(TM) i9-7900X CPU @ 3.30GHz",4,64000000,"elements=64000000",64,1.019327,1.019327,1.019327,71.054201,71.510600,0.456399,1.117353e+00,70.154702,1.745864e-08,15.926988,15.926988,4.096000e+09,4.02,2.560000e+08,70.15,in_range,,,,1910,1925,,77,77,77,,-1,-1,-1.000000,-1,t
cpu-gpu-v2,2026-07-19T01:53:35,"20260718_092807_session5",589,589,9,"REDUCTION","openmp_sum_reduction",cpu_native,"Intel(R) Core(TM) i9-7900X CPU @ 3.30GHz",4,64000000,"elements=64000000",64,1.019189,1.019189,1.019189,71.308595,71.760236,0.451641,1.121254e+00,70.409143,1.751959e-08,15.924831,15.924831,4.096000e+09,4.02,2.560000e+08,70.41,in_range,,,,1908,2060,,77,77,77,,-1,-1,-1.000000,-1,t
cpu-gpu-v2,2026-07-19T01:53:36,"20260718_092807_session5",590,590,10,"REDUCTION","openmp_sum_reduction",cpu_native,"Intel(R) Core(TM) i9-7900X CPU @ 3.30GHz",4,64000000,"elements=64000000",64,1.018072,1.018072,1.018072,69.521795,69.991581,0.469786,1.093618e+00,68.749121,1.708779e-08,15.907381,15.907381,4.096000e+09,4.02,2.560000e+08,68.75,in_range,,,,2026,1780,,77,77,77,,-1,-1,-1.000000,-1,t
cpu-gpu-v2,2026-07-19T01:53:39,"20260718_092807_session5",591,591,1,"REDUCTION","openmp_sum_reduction",cpu_native,"Intel(R) Core(TM) i9-7900X CPU @ 3.30GHz",2,64000000,"elements=64000000",33,1.020938,1.020938,1.020938,53.911910,54.029368,0.117458,1.637254e+00,52.921305,2.558209e-08,30.937513,30.937513,2.112000e+09,2.07,2.560000e+08,52.92,in_range,,,,1636,1519,,80,78,80,,-1,-1,-1.000000,-1,t
cpu-gpu-v2,2026-07-19T01:53:40,"20260718_092807_session5",592,592,2,"REDUCTION","openmp_sum_reduction",cpu_native,"Intel(R) Core(TM) i9-7900X CPU @ 3.30GHz",2,64000000,"elements=64000000",33,1.000762,1.000762,1.000762,54.719525,54.831751,0.112226,1.661568e+00,54.789975,2.596200e-08,30.326136,30.326136,2.112000e+09,2.11,2.560000e+08,54.79,in_range,,,,1647,1520,,81,80,81,,-1,-1,-1.000000,-1,t
cpu-gpu-v2,2026-07-19T01:53:41,"20260718_092807_session5",593,593,3,"REDUCTION","openmp_sum_reduction",cpu_native,"Intel(R) Core(TM) i9-7900X CPU @ 3.30GHz",2,64000000,"elements=64000000",33,1.031133,1.031133,1.031133,54.173995,54.283803,0.109808,1.644964e+00,52.644813,2.570256e-08,31.246454,31.246454,2.112000e+09,2.05,2.560000e+08,52.64,in_range,,,,1662,1663,,81,81,77,,-1,-1,-1.000000,-1,t
cpu-gpu-v2,2026-07-19T01:53:42,"20260718_092807_session5",594,594,4,"REDUCTION","openmp_sum_reduction",cpu_native,"Intel(R) Core(TM) i9-7900X CPU @ 3.30GHz",2,64000000,"elements=64000000",33,0.998098,0.998098,0.998098,54.171675,54.280642,0.108967,1.644868e+00,54.384080,2.570106e-08,30.245394,30.245394,2.112000e+09,2.12,2.560000e+08,54.38,in_range,,,,1625,1684,,81,77,81,,-1,-1,-1.000000,-1,t
cpu-gpu-v2,2026-07-19T01:53:43,"20260718_092807_session5",595,595,5,"REDUCTION","openmp_sum_reduction",cpu_native,"Intel(R) Core(TM) i9-7900X CPU @ 3.30GHz",2,64000000,"elements=64000000",33,0.998313,0.998313,0.998313,53.773605,53.881256,0.107651,1.632765e+00,53.972297,2.551196e-08,30.251915,30.251915,2.112000e+09,2.12,2.560000e+08,53.97,in_range,,,,1682,1520,,82,82,82,,-1,-1,-1.000000,-1,t
cpu-gpu-v2,2026-07-19T01:53:44,"20260718_092807_session5",596,596,6,"REDUCTION","openmp_sum_reduction",cpu_native,"Intel(R) Core(TM) i9-7900X CPU @ 3.30GHz",2,64000000,"elements=64000000",33,1.031796,1.031796,1.031796,53.216173,53.324787,0.108614,1.615903e+00,51.681504,2.524848e-08,31.266556,31.266556,2.112000e+09,2.05,2.560000e+08,51.68,in_range,,,,1656,1490,,82,82,77,,-1,-1,-1.000000,-1,t
cpu-gpu-v2,2026-07-19T01:53:45,"20260718_092807_session5",597,597,7,"REDUCTION","openmp_sum_reduction",cpu_native,"Intel(R) Core(TM) i9-7900X CPU @ 3.30GHz",2,64000000,"elements=64000000",33,1.003310,1.003310,1.003310,53.275376,53.384236,0.108860,1.617704e+00,53.208122,2.527663e-08,30.403330,30.403330,2.112000e+09,2.11,2.560000e+08,53.21,in_range,,,,1494,1519,,81,77,81,,-1,-1,-1.000000,-1,t
cpu-gpu-v2,2026-07-19T01:53:46,"20260718_092807_session5",598,598,8,"REDUCTION","openmp_sum_reduction",cpu_native,"Intel(R) Core(TM) i9-7900X CPU @ 3.30GHz",2,64000000,"elements=64000000",33,1.037655,1.037655,1.037655,52.314075,52.414275,0.100200,1.588311e+00,50.512245,2.481737e-08,31.444086,31.444086,2.112000e+09,2.04,2.560000e+08,50.51,in_range,,,,1654,1517,,81,81,77,,-1,-1,-1.000000,-1,t
cpu-gpu-v2,2026-07-19T01:53:47,"20260718_092807_session5",599,599,9,"REDUCTION","openmp_sum_reduction",cpu_native,"Intel(R) Core(TM) i9-7900X CPU @ 3.30GHz",2,64000000,"elements=64000000",33,1.003783,1.003783,1.003783,53.072496,53.170753,0.098257,1.611235e+00,52.970341,2.517555e-08,30.417681,30.417681,2.112000e+09,2.10,2.560000e+08,52.97,in_range,,,,1485,1520,,81,77,81,,-1,-1,-1.000000,-1,t
cpu-gpu-v2,2026-07-19T01:53:48,"20260718_092807_session5",600,600,10,"REDUCTION","openmp_sum_reduction",cpu_native,"Intel(R) Core(TM) i9-7900X CPU @ 3.30GHz",2,64000000,"elements=64000000",33,1.037634,1.037634,1.037634,52.339527,52.433086,0.093559,1.588881e+00,50.531367,2.482627e-08,31.443468,31.443468,2.112000e+09,2.04,2.560000e+08,50.53,in_range,,,,1489,1490,,81,81,77,,-1,-1,-1.000000,-1,t
cpu-gpu-v2,2026-07-19T01:53:51,"20260718_092807_session5",601,601,1,"REDUCTION","openmp_sum_reduction",cpu_native,"Intel(R) Core(TM) i9-7900X CPU @ 3.30GHz",16,16000000,"elements=16000000",741,0.999828,0.999828,0.999828,131.411590,132.833434,1.421844,1.792624e-01,132.856306,1.120390e-08,1.349295,1.349295,1.185600e+10,11.86,6.400000e+07,132.86,in_range,,,,3440,3579,,84,84,84,,-1,-1,-1.000000,-1,t
cpu-gpu-v2,2026-07-19T01:53:52,"20260718_092807_session5",602,602,2,"REDUCTION","openmp_sum_reduction",cpu_native,"Intel(R) Core(TM) i9-7900X CPU @ 3.30GHz",16,16000000,"elements=16000000",741,1.000256,1.000256,1.000256,130.901093,132.299513,1.398420,1.785419e-01,132.265631,1.115887e-08,1.349873,1.349873,1.185600e+10,11.85,6.400000e+07,132.27,in_range,,,,3579,3439,,84,84,84,,-1,-1,-1.000000,-1,t
cpu-gpu-v2,2026-07-19T01:53:53,"20260718_092807_session5",603,603,3,"REDUCTION","openmp_sum_reduction",cpu_native,"Intel(R) Core(TM) i9-7900X CPU @ 3.30GHz",16,16000000,"elements=16000000",741,1.000246,1.000246,1.000246,131.719267,133.122139,1.402872,1.796520e-01,133.089449,1.122825e-08,1.349859,1.349859,1.185600e+10,11.85,6.400000e+07,133.09,in_range,,,,3440,3439,,84,84,84,,-1,-1,-1.000000,-1,t
cpu-gpu-v2,2026-07-19T01:53:54,"20260718_092807_session5",604,604,4,"REDUCTION","openmp_sum_reduction",cpu_native,"Intel(R) Core(TM) i9-7900X CPU @ 3.30GHz",16,16000000,"elements=16000000",741,1.000245,1.000245,1.000245,131.641021,133.041400,1.400379,1.795430e-01,133.008860,1.122144e-08,1.349858,1.349858,1.185600e+10,11.85,6.400000e+07,133.01,in_range,,,,3439,3439,,85,84,85,,-1,-1,-1.000000,-1,t
cpu-gpu-v2,2026-07-19T01:53:55,"20260718_092807_session5",605,605,5,"REDUCTION","openmp_sum_reduction",cpu_native,"Intel(R) Core(TM) i9-7900X CPU @ 3.30GHz",16,16000000,"elements=16000000",741,0.999984,0.999984,0.999984,131.716948,133.109370,1.392422,1.796348e-01,133.111500,1.122717e-08,1.349506,1.349506,1.185600e+10,11.86,6.400000e+07,133.11,in_range,,,,3439,3439,,85,85,84,,-1,-1,-1.000000,-1,t
cpu-gpu-v2,2026-07-19T01:53:56,"20260718_092807_session5",606,606,6,"REDUCTION","openmp_sum_reduction",cpu_native,"Intel(R) Core(TM) i9-7900X CPU @ 3.30GHz",16,16000000,"elements=16000000",741,1.000676,1.000676,1.000676,131.553618,132.971882,1.418264,1.794492e-01,132.882038,1.121558e-08,1.350440,1.350440,1.185600e+10,11.85,6.400000e+07,132.88,in_range,,,,3439,3440,,85,84,85,,-1,-1,-1.000000,-1,t
cpu-gpu-v2,2026-07-19T01:53:57,"20260718_092807_session5",607,607,7,"REDUCTION","openmp_sum_reduction",cpu_native,"Intel(R) Core(TM) i9-7900X CPU @ 3.30GHz",16,16000000,"elements=16000000",741,0.999915,0.999915,0.999915,132.172635,133.589032,1.416397,1.802821e-01,133.600340,1.126763e-08,1.349413,1.349413,1.185600e+10,11.86,6.400000e+07,133.60,in_range,,,,3439,3440,,85,85,85,,-1,-1,-1.000000,-1,t
cpu-gpu-v2,2026-07-19T01:53:58,"20260718_092807_session5",608,608,8,"REDUCTION","openmp_sum_reduction",cpu_native,"Intel(R) Core(TM) i9-7900X CPU @ 3.30GHz",16,16000000,"elements=16000000",741,1.000533,1.000533,1.000533,132.380826,133.796795,1.415969,1.805625e-01,133.725562,1.128516e-08,1.350247,1.350247,1.185600e+10,11.85,6.400000e+07,133.73,in_range,,,,3439,3439,,85,85,84,,-1,-1,-1.000000,-1,t
cpu-gpu-v2,2026-07-19T01:53:59,"20260718_092807_session5",609,609,9,"REDUCTION","openmp_sum_reduction",cpu_native,"Intel(R) Core(TM) i9-7900X CPU @ 3.30GHz",16,16000000,"elements=16000000",741,1.000252,1.000252,1.000252,132.065152,133.480112,1.414960,1.801351e-01,133.446470,1.125844e-08,1.349868,1.349868,1.185600e+10,11.85,6.400000e+07,133.45,in_range,,,,3440,3439,,84,84,84,,-1,-1,-1.000000,-1,t
cpu-gpu-v2,2026-07-19T01:54:00,"20260718_092807_session5",610,610,10,"REDUCTION","openmp_sum_reduction",cpu_native,"Intel(R) Core(TM) i9-7900X CPU @ 3.30GHz",16,16000000,"elements=16000000",741,1.000890,1.000890,1.000890,132.113858,133.553634,1.439776,1.802343e-01,133.434902,1.126465e-08,1.350728,1.350728,1.185600e+10,11.85,6.400000e+07,133.43,in_range,,,,3440,3440,,85,84,85,,-1,-1,-1.000000,-1,t
cpu-gpu-v2,2026-07-19T01:54:04,"20260718_092807_session5",611,611,1,"REDUCTION","openmp_sum_reduction",cpu_native,"Intel(R) Core(TM) i9-7900X CPU @ 3.30GHz",4,8000000,"elements=8000000",505,1.002226,1.002226,1.002226,68.901191,69.146879,0.245688,1.369245e-01,68.993313,1.711557e-08,1.984606,1.984606,4.039999e+09,4.03,3.200000e+07,68.99,in_range,,,,1780,1780,,78,78,77,,-1,-1,-1.000000,-1,t
cpu-gpu-v2,2026-07-19T01:54:05,"20260718_092807_session5",612,612,2,"REDUCTION","openmp_sum_reduction",cpu_native,"Intel(R) Core(TM) i9-7900X CPU @ 3.30GHz",4,8000000,"elements=8000000",505,0.999751,0.999751,0.999751,68.602486,68.816808,0.214322,1.362709e-01,68.833967,1.703387e-08,1.979704,1.979704,4.039999e+09,4.04,3.200000e+07,68.83,in_range,,,,1779,1924,,77,77,77,,-1,-1,-1.000000,-1,t
cpu-gpu-v2,2026-07-19T01:54:06,"20260718_092807_session5",613,613,3,"REDUCTION","openmp_sum_reduction",cpu_native,"Intel(R) Core(TM) i9-7900X CPU @ 3.30GHz",4,8000000,"elements=8000000",505,1.001009,1.001009,1.001009,68.005747,68.202811,0.197064,1.350551e-01,68.134096,1.688189e-08,1.982195,1.982195,4.039999e+09,4.04,3.200000e+07,68.13,in_range,,,,1924,1780,,77,77,77,,-1,-1,-1.000000,-1,t
cpu-gpu-v2,2026-07-19T01:54:07,"20260718_092807_session5",614,614,4,"REDUCTION","openmp_sum_reduction",cpu_native,"Intel(R) Core(TM) i9-7900X CPU @ 3.30GHz",4,8000000,"elements=8000000",505,1.003101,1.003101,1.003101,68.830329,69.025801,0.195472,1.366848e-01,68.812434,1.708560e-08,1.986338,1.986338,4.039999e+09,4.03,3.200000e+07,68.81,in_range,,,,1774,1779,,77,77,77,,-1,-1,-1.000000,-1,t
cpu-gpu-v2,2026-07-19T01:54:08,"20260718_092807_session5",615,615,5,"REDUCTION","openmp_sum_reduction",cpu_native,"Intel(R) Core(TM) i9-7900X CPU @ 3.30GHz",4,8000000,"elements=8000000",505,0.999736,0.999736,0.999736,68.293405,68.476668,0.183263,1.355974e-01,68.494729,1.694967e-08,1.979676,1.979676,4.039999e+09,4.04,3.200000e+07,68.49,in_range,,,,1780,1925,,77,77,77,,-1,-1,-1.000000,-1,t
cpu-gpu-v2,2026-07-19T01:54:09,"20260718_092807_session5",616,616,6,"REDUCTION","openmp_sum_reduction",cpu_native,"Intel(R) Core(TM) i9-7900X CPU @ 3.30GHz",4,8000000,"elements=8000000",505,1.005581,1.005581,1.005581,68.572884,68.770224,0.197340,1.361787e-01,68.388560,1.702233e-08,1.991249,1.991249,4.039999e+09,4.02,3.200000e+07,68.39,in_range,,,,1760,1779,,77,77,77,,-1,-1,-1.000000,-1,t
cpu-gpu-v2,2026-07-19T01:54:10,"20260718_092807_session5",617,617,7,"REDUCTION","openmp_sum_reduction",cpu_native,"Intel(R) Core(TM) i9-7900X CPU @ 3.30GHz",4,8000000,"elements=8000000",505,1.005603,1.005603,1.005603,68.968207,69.163756,0.195549,1.369579e-01,68.778374,1.711974e-08,1.991294,1.991294,4.039999e+09,4.02,3.200000e+07,68.78,in_range,,,,1760,1924,,77,77,77,,-1,-1,-1.000000,-1,t
cpu-gpu-v2,2026-07-19T01:54:11,"20260718_092807_session5",618,618,8,"REDUCTION","openmp_sum_reduction",cpu_native,"Intel(R) Core(TM) i9-7900X CPU @ 3.30GHz",4,8000000,"elements=8000000",505,1.000327,1.000327,1.000327,68.150277,68.353782,0.203505,1.353540e-01,68.331466,1.691926e-08,1.980845,1.980845,4.039999e+09,4.04,3.200000e+07,68.33,in_range,,,,1909,1924,,77,77,77,,-1,-1,-1.000000,-1,t
cpu-gpu-v2,2026-07-19T01:54:12,"20260718_092807_session5",619,619,9,"REDUCTION","openmp_sum_reduction",cpu_native,"Intel(R) Core(TM) i9-7900X CPU @ 3.30GHz",4,8000000,"elements=8000000",505,0.999232,0.999232,0.999232,68.156991,68.352862,0.195871,1.353522e-01,68.405426,1.691903e-08,1.978676,1.978676,4.039999e+09,4.04,3.200000e+07,68.41,in_range,,,,1919,1925,,77,77,77,,-1,-1,-1.000000,-1,t
cpu-gpu-v2,2026-07-19T01:54:13,"20260718_092807_session5",620,620,10,"REDUCTION","openmp_sum_reduction",cpu_native,"Intel(R) Core(TM) i9-7900X CPU @ 3.30GHz",4,8000000,"elements=8000000",505,1.000256,1.000256,1.000256,68.132577,68.319497,0.186920,1.352861e-01,68.301983,1.691077e-08,1.980706,1.980706,4.039999e+09,4.04,3.200000e+07,68.30,in_range,,,,1916,1922,,77,77,77,,-1,-1,-1.000000,-1,t
cpu-gpu-v2,2026-07-19T01:54:15,"20260718_092807_session5",621,621,1,"REDUCTION","openmp_sum_reduction",cpu_native,"Intel(R) Core(TM) i9-7900X CPU @ 3.30GHz",8,128000000,"elements=128000000",61,1.005409,1.005409,1.005409,106.800935,107.909282,1.108347,1.769005e+00,107.328793,1.382035e-08,16.482107,16.482107,7.808000e+09,7.77,5.120000e+08,107.33,in_range,,,,2459,2319,,81,80,81,,-1,-1,-1.000000,-1,t
cpu-gpu-v2,2026-07-19T01:54:16,"20260718_092807_session5",622,622,2,"REDUCTION","openmp_sum_reduction",cpu_native,"Intel(R) Core(TM) i9-7900X CPU @ 3.30GHz",8,128000000,"elements=128000000",61,1.010410,1.010410,1.010410,107.897002,108.999336,1.102334,1.786874e+00,107.876346,1.395996e-08,16.564098,16.564098,7.808000e+09,7.73,5.120000e+08,107.88,in_range,,,,2319,2459,,81,81,81,,-1,-1,-1.000000,-1,t
cpu-gpu-v2,2026-07-19T01:54:17,"20260718_092807_session5",623,623,3,"REDUCTION","openmp_sum_reduction",cpu_native,"Intel(R) Core(TM) i9-7900X CPU @ 3.30GHz",8,128000000,"elements=128000000",61,1.010815,1.010815,1.010815,107.415984,108.515289,1.099305,1.778939e+00,107.354253,1.389796e-08,16.570738,16.570738,7.808000e+09,7.72,5.120000e+08,107.35,in_range,,,,2459,2320,,81,81,81,,-1,-1,-1.000000,-1,t
cpu-gpu-v2,2026-07-19T01:54:18,"20260718_092807_session5",624,624,4,"REDUCTION","openmp_sum_reduction",cpu_native,"Intel(R) Core(TM) i9-7900X CPU @ 3.30GHz",8,128000000,"elements=128000000",61,1.005228,1.005228,1.005228,107.050446,108.147165,1.096719,1.772904e+00,107.584707,1.385082e-08,16.479148,16.479148,7.808000e+09,7.77,5.120000e+08,107.58,in_range,,,,2319,2319,,81,81,81,,-1,-1,-1.000000,-1,t
cpu-gpu-v2,2026-07-19T01:54:19,"20260718_092807_session5",625,625,5,"REDUCTION","openmp_sum_reduction",cpu_native,"Intel(R) Core(TM) i9-7900X CPU @ 3.30GHz",8,128000000,"elements=128000000",61,1.005406,1.005406,1.005406,107.105072,108.190301,1.085229,1.773611e+00,107.608535,1.385634e-08,16.482071,16.482071,7.808000e+09,7.77,5.120000e+08,107.61,in_range,,,,2459,2319,,81,81,81,,-1,-1,-1.000000,-1,t
cpu-gpu-v2,2026-07-19T01:54:20,"20260718_092807_session5",626,626,6,"REDUCTION","openmp_sum_reduction",cpu_native,"Intel(R) Core(TM) i9-7900X CPU @ 3.30GHz",8,128000000,"elements=128000000",61,1.004946,1.004946,1.004946,108.133024,109.238954,1.105930,1.790803e+00,108.701337,1.399064e-08,16.474522,16.474522,7.808000e+09,7.77,5.120000e+08,108.70,in_range,,,,2319,2320,,81,81,81,,-1,-1,-1.000000,-1,t
cpu-gpu-v2,2026-07-19T01:54:21,"20260718_092807_session5",627,627,7,"REDUCTION","openmp_sum_reduction",cpu_native,"Intel(R) Core(TM) i9-7900X CPU @ 3.30GHz",8,128000000,"elements=128000000",61,1.005107,1.005107,1.005107,107.174530,108.281133,1.106603,1.775101e+00,107.730931,1.386797e-08,16.477167,16.477167,7.808000e+09,7.77,5.120000e+08,107.73,in_range,,,,2320,2460,,81,81,81,,-1,-1,-1.000000,-1,t
cpu-gpu-v2,2026-07-19T01:54:22,"20260718_092807_session5",628,628,8,"REDUCTION","openmp_sum_reduction",cpu_native,"Intel(R) Core(TM) i9-7900X CPU @ 3.30GHz",8,128000000,"elements=128000000",61,1.007834,1.007834,1.007834,107.326996,108.430493,1.103497,1.777549e+00,107.587679,1.388710e-08,16.521865,16.521865,7.808000e+09,7.75,5.120000e+08,107.59,in_range,,,,2460,2460,,81,81,81,,-1,-1,-1.000000,-1,t
cpu-gpu-v2,2026-07-19T01:54:23,"20260718_092807_session5",629,629,9,"REDUCTION","openmp_sum_reduction",cpu_native,"Intel(R) Core(TM) i9-7900X CPU @ 3.30GHz",8,128000000,"elements=128000000",61,1.010874,1.010874,1.010874,107.968718,109.083369,1.114651,1.788252e+00,107.909906,1.397072e-08,16.571713,16.571713,7.808000e+09,7.72,5.120000e+08,107.91,in_range,,,,2459,2459,,81,81,81,,-1,-1,-1.000000,-1,t
cpu-gpu-v2,2026-07-19T01:54:24,"20260718_092807_session5",630,630,10,"REDUCTION","openmp_sum_reduction",cpu_native,"Intel(R) Core(TM) i9-7900X CPU @ 3.30GHz",8,128000000,"elements=128000000",61,1.010914,1.010914,1.010914,108.301175,109.419497,1.118322,1.793762e+00,108.238226,1.401377e-08,16.572354,16.572354,7.808000e+09,7.72,5.120000e+08,108.24,in_range,,,,2459,2459,,81,81,80,,-1,-1,-1.000000,-1,t
