timestamp,host,gpu_name,matrix_size,mode,batches,seconds_target,seconds_gpu,seconds_wall,energy_j,avg_power_w,below_target,workload,impl,dtype,N,passes_kernel,passes_e2e,seconds_kernel,energy_kernel_j,avg_power_w_kernel,avg_power_w_e2e,bytes_total,bw_gb_s,time_mode,energy_mode,includes_transfer,device_name,driver_version,pcie_gen_current,pcie_width_current,pcie_rx_kbs,pcie_tx_kbs,clocks_sm_mhz,clocks_mem_mhz,temp_c,throttle_reasons,notes
2025-10-13T10:27:57,rock-ms7a95,NA,0,kernel,1,1.10,1.0952,1.0952,39.831,36.4,1,stream_triad,openmp,float32,16777216,74,74,1.0952,39.831,36.4,36.4,39728447488,36.28,steady_clock,rapl_energy_uj_delta,0,cpu:Intel(R) Core(TM) i9-7900X CPU @ 3.30GHz,NA,0,0,0,0,NA,NA,,0,sweep;repeats=50;repeat_idx=0;cohort=common;OMP_NUM_THREADS=1;places=cores;proc_bind=spread;bytes_per_iter=32;nt_store=0;pJ_per_B=1002.591;GBps_per_W=0.9974
2025-10-13T10:27:58,rock-ms7a95,NA,0,kernel,1,1.10,1.0895,1.0895,39.534,36.3,1,stream_triad,openmp,float32,16777216,74,74,1.0895,39.534,36.3,36.3,39728447488,36.47,steady_clock,rapl_energy_uj_delta,0,cpu:Intel(R) Core(TM) i9-7900X CPU @ 3.30GHz,NA,0,0,0,0,NA,NA,,0,sweep;repeats=50;repeat_idx=1;cohort=common;OMP_NUM_THREADS=1;places=cores;proc_bind=spread;bytes_per_iter=32;nt_store=0;pJ_per_B=995.094;GBps_per_W=1.0049
2025-10-13T10:28:00,rock-ms7a95,NA,0,kernel,1,1.10,1.0878,1.0878,39.364,36.2,1,stream_triad,openmp,float32,16777216,74,74,1.0878,39.364,36.2,36.2,39728447488,36.52,steady_clock,rapl_energy_uj_delta,0,cpu:Intel(R) Core(TM) i9-7900X CPU @ 3.30GHz,NA,0,0,0,0,NA,NA,,0,sweep;repeats=50;repeat_idx=2;cohort=common;OMP_NUM_THREADS=1;places=cores;proc_bind=spread;bytes_per_iter=32;nt_store=0;pJ_per_B=990.830;GBps_per_W=1.0093
2025-10-13T10:28:01,rock-ms7a95,NA,0,kernel,1,1.10,1.0879,1.0879,39.569,36.4,1,stream_triad,openmp,float32,16777216,74,74,1.0879,39.569,36.4,36.4,39728447488,36.52,steady_clock,rapl_energy_uj_delta,0,cpu:Intel(R) Core(TM) i9-7900X CPU @ 3.30GHz,NA,0,0,0,0,NA,NA,,0,sweep;repeats=50;repeat_idx=3;cohort=common;OMP_NUM_THREADS=1;places=cores;proc_bind=spread;bytes_per_iter=32;nt_store=0;pJ_per_B=995.994;GBps_per_W=1.0040
2025-10-13T10:28:02,rock-ms7a95,NA,0,kernel,1,1.10,1.0874,1.0874,39.402,36.2,1,stream_triad,openmp,float32,16777216,74,74,1.0874,39.402,36.2,36.2,39728447488,36.53,steady_clock,rapl_energy_uj_delta,0,cpu:Intel(R) Core(TM) i9-7900X CPU @ 3.30GHz,NA,0,0,0,0,NA,NA,,0,sweep;repeats=50;repeat_idx=4;cohort=common;OMP_NUM_THREADS=1;places=cores;proc_bind=spread;bytes_per_iter=32;nt_store=0;pJ_per_B=991.788;GBps_per_W=1.0083
2025-10-13T10:28:03,rock-ms7a95,NA,0,kernel,1,1.10,1.0876,1.0876,39.531,36.3,1,stream_triad,openmp,float32,16777216,74,74,1.0876,39.531,36.3,36.3,39728447488,36.53,steady_clock,rapl_energy_uj_delta,0,cpu:Intel(R) Core(TM) i9-7900X CPU @ 3.30GHz,NA,0,0,0,0,NA,NA,,0,sweep;repeats=50;repeat_idx=5;cohort=common;OMP_NUM_THREADS=1;places=cores;proc_bind=spread;bytes_per_iter=32;nt_store=0;pJ_per_B=995.042;GBps_per_W=1.0050
2025-10-13T10:28:04,rock-ms7a95,NA,0,kernel,1,1.10,1.0872,1.0872,39.373,36.2,1,stream_triad,openmp,float32,16777216,74,74,1.0872,39.373,36.2,36.2,39728447488,36.54,steady_clock,rapl_energy_uj_delta,0,cpu:Intel(R) Core(TM) i9-7900X CPU @ 3.30GHz,NA,0,0,0,0,NA,NA,,0,sweep;repeats=50;repeat_idx=6;cohort=common;OMP_NUM_THREADS=1;places=cores;proc_bind=spread;bytes_per_iter=32;nt_store=0;pJ_per_B=991.056;GBps_per_W=1.0090
2025-10-13T10:28:05,rock-ms7a95,NA,0,kernel,1,1.10,1.0872,1.0872,39.453,36.3,1,stream_triad,openmp,float32,16777216,74,74,1.0872,39.453,36.3,36.3,39728447488,36.54,steady_clock,rapl_energy_uj_delta,0,cpu:Intel(R) Core(TM) i9-7900X CPU @ 3.30GHz,NA,0,0,0,0,NA,NA,,0,sweep;repeats=50;repeat_idx=7;cohort=common;OMP_NUM_THREADS=1;places=cores;proc_bind=spread;bytes_per_iter=32;nt_store=0;pJ_per_B=993.061;GBps_per_W=1.0070
2025-10-13T10:28:06,rock-ms7a95,NA,0,kernel,1,1.10,1.0873,1.0873,39.689,36.5,1,stream_triad,openmp,float32,16777216,74,74,1.0873,39.689,36.5,36.5,39728447488,36.54,steady_clock,rapl_energy_uj_delta,0,cpu:Intel(R) Core(TM) i9-7900X CPU @ 3.30GHz,NA,0,0,0,0,NA,NA,,0,sweep;repeats=50;repeat_idx=8;cohort=common;OMP_NUM_THREADS=1;places=cores;proc_bind=spread;bytes_per_iter=32;nt_store=0;pJ_per_B=999.005;GBps_per_W=1.0010
2025-10-13T10:28:07,rock-ms7a95,NA,0,kernel,1,1.10,1.0873,1.0873,39.647,36.5,1,stream_triad,openmp,float32,16777216,74,74,1.0873,39.647,36.5,36.5,39728447488,36.54,steady_clock,rapl_energy_uj_delta,0,cpu:Intel(R) Core(TM) i9-7900X CPU @ 3.30GHz,NA,0,0,0,0,NA,NA,,0,sweep;repeats=50;repeat_idx=9;cohort=common;OMP_NUM_THREADS=1;places=cores;proc_bind=spread;bytes_per_iter=32;nt_store=0;pJ_per_B=997.939;GBps_per_W=1.0021
2025-10-13T10:28:08,rock-ms7a95,NA,0,kernel,1,1.10,1.0873,1.0873,39.541,36.4,1,stream_triad,openmp,float32,16777216,74,74,1.0873,39.541,36.4,36.4,39728447488,36.54,steady_clock,rapl_energy_uj_delta,0,cpu:Intel(R) Core(TM) i9-7900X CPU @ 3.30GHz,NA,0,0,0,0,NA,NA,,0,sweep;repeats=50;repeat_idx=10;cohort=common;OMP_NUM_THREADS=1;places=cores;proc_bind=spread;bytes_per_iter=32;nt_store=0;pJ_per_B=995.281;GBps_per_W=1.0047
2025-10-13T10:28:09,rock-ms7a95,NA,0,kernel,1,1.10,1.0873,1.0873,39.537,36.4,1,stream_triad,openmp,float32,16777216,74,74,1.0873,39.537,36.4,36.4,39728447488,36.54,steady_clock,rapl_energy_uj_delta,0,cpu:Intel(R) Core(TM) i9-7900X CPU @ 3.30GHz,NA,0,0,0,0,NA,NA,,0,sweep;repeats=50;repeat_idx=11;cohort=common;OMP_NUM_THREADS=1;places=cores;proc_bind=spread;bytes_per_iter=32;nt_store=0;pJ_per_B=995.186;GBps_per_W=1.0048
2025-10-13T10:28:10,rock-ms7a95,NA,0,kernel,1,1.10,1.0872,1.0872,39.565,36.4,1,stream_triad,openmp,float32,16777216,74,74,1.0872,39.565,36.4,36.4,39728447488,36.54,steady_clock,rapl_energy_uj_delta,0,cpu:Intel(R) Core(TM) i9-7900X CPU @ 3.30GHz,NA,0,0,0,0,NA,NA,,0,sweep;repeats=50;repeat_idx=12;cohort=common;OMP_NUM_THREADS=1;places=cores;proc_bind=spread;bytes_per_iter=32;nt_store=0;pJ_per_B=995.897;GBps_per_W=1.0041
2025-10-13T10:28:12,rock-ms7a95,NA,0,kernel,1,1.10,1.0866,1.0866,39.554,36.4,1,stream_triad,openmp,float32,16777216,74,74,1.0866,39.554,36.4,36.4,39728447488,36.56,steady_clock,rapl_energy_uj_delta,0,cpu:Intel(R) Core(TM) i9-7900X CPU @ 3.30GHz,NA,0,0,0,0,NA,NA,,0,sweep;repeats=50;repeat_idx=13;cohort=common;OMP_NUM_THREADS=1;places=cores;proc_bind=spread;bytes_per_iter=32;nt_store=0;pJ_per_B=995.616;GBps_per_W=1.0044
2025-10-13T10:28:13,rock-ms7a95,NA,0,kernel,1,1.10,1.0856,1.0856,39.462,36.4,1,stream_triad,openmp,float32,16777216,74,74,1.0856,39.462,36.4,36.4,39728447488,36.60,steady_clock,rapl_energy_uj_delta,0,cpu:Intel(R) Core(TM) i9-7900X CPU @ 3.30GHz,NA,0,0,0,0,NA,NA,,0,sweep;repeats=50;repeat_idx=14;cohort=common;OMP_NUM_THREADS=1;places=cores;proc_bind=spread;bytes_per_iter=32;nt_store=0;pJ_per_B=993.287;GBps_per_W=1.0068
2025-10-13T10:28:14,rock-ms7a95,NA,0,kernel,1,1.10,1.0852,1.0852,39.421,36.3,1,stream_triad,openmp,float32,16777216,74,74,1.0852,39.421,36.3,36.3,39728447488,36.61,steady_clock,rapl_energy_uj_delta,0,cpu:Intel(R) Core(TM) i9-7900X CPU @ 3.30GHz,NA,0,0,0,0,NA,NA,,0,sweep;repeats=50;repeat_idx=15;cohort=common;OMP_NUM_THREADS=1;places=cores;proc_bind=spread;bytes_per_iter=32;nt_store=0;pJ_per_B=992.273;GBps_per_W=1.0078
2025-10-13T10:28:15,rock-ms7a95,NA,0,kernel,1,1.10,1.0855,1.0855,39.467,36.4,1,stream_triad,openmp,float32,16777216,74,74,1.0855,39.467,36.4,36.4,39728447488,36.60,steady_clock,rapl_energy_uj_delta,0,cpu:Intel(R) Core(TM) i9-7900X CPU @ 3.30GHz,NA,0,0,0,0,NA,NA,,0,sweep;repeats=50;repeat_idx=16;cohort=common;OMP_NUM_THREADS=1;places=cores;proc_bind=spread;bytes_per_iter=32;nt_store=0;pJ_per_B=993.408;GBps_per_W=1.0066
2025-10-13T10:28:16,rock-ms7a95,NA,0,kernel,1,1.10,1.0852,1.0852,39.562,36.5,1,stream_triad,openmp,float32,16777216,74,74,1.0852,39.562,36.5,36.5,39728447488,36.61,steady_clock,rapl_energy_uj_delta,0,cpu:Intel(R) Core(TM) i9-7900X CPU @ 3.30GHz,NA,0,0,0,0,NA,NA,,0,sweep;repeats=50;repeat_idx=17;cohort=common;OMP_NUM_THREADS=1;places=cores;proc_bind=spread;bytes_per_iter=32;nt_store=0;pJ_per_B=995.817;GBps_per_W=1.0042
2025-10-13T10:28:17,rock-ms7a95,NA,0,kernel,1,1.10,1.0858,1.0858,39.560,36.4,1,stream_triad,openmp,float32,16777216,74,74,1.0858,39.560,36.4,36.4,39728447488,36.59,steady_clock,rapl_energy_uj_delta,0,cpu:Intel(R) Core(TM) i9-7900X CPU @ 3.30GHz,NA,0,0,0,0,NA,NA,,0,sweep;repeats=50;repeat_idx=18;cohort=common;OMP_NUM_THREADS=1;places=cores;proc_bind=spread;bytes_per_iter=32;nt_store=0;pJ_per_B=995.751;GBps_per_W=1.0043
2025-10-13T10:28:18,rock-ms7a95,NA,0,kernel,1,1.10,1.0852,1.0852,39.460,36.4,1,stream_triad,openmp,float32,16777216,74,74,1.0852,39.460,36.4,36.4,39728447488,36.61,steady_clock,rapl_energy_uj_delta,0,cpu:Intel(R) Core(TM) i9-7900X CPU @ 3.30GHz,NA,0,0,0,0,NA,NA,,0,sweep;repeats=50;repeat_idx=19;cohort=common;OMP_NUM_THREADS=1;places=cores;proc_bind=spread;bytes_per_iter=32;nt_store=0;pJ_per_B=993.239;GBps_per_W=1.0068
2025-10-13T10:28:19,rock-ms7a95,NA,0,kernel,1,1.10,1.0878,1.0878,39.566,36.4,1,stream_triad,openmp,float32,16777216,74,74,1.0878,39.566,36.4,36.4,39728447488,36.52,steady_clock,rapl_energy_uj_delta,0,cpu:Intel(R) Core(TM) i9-7900X CPU @ 3.30GHz,NA,0,0,0,0,NA,NA,,0,sweep;repeats=50;repeat_idx=20;cohort=common;OMP_NUM_THREADS=1;places=cores;proc_bind=spread;bytes_per_iter=32;nt_store=0;pJ_per_B=995.900;GBps_per_W=1.0041
2025-10-13T10:28:20,rock-ms7a95,NA,0,kernel,1,1.10,1.0871,1.0871,39.380,36.2,1,stream_triad,openmp,float32,16777216,74,74,1.0871,39.380,36.2,36.2,39728447488,36.55,steady_clock,rapl_energy_uj_delta,0,cpu:Intel(R) Core(TM) i9-7900X CPU @ 3.30GHz,NA,0,0,0,0,NA,NA,,0,sweep;repeats=50;repeat_idx=21;cohort=common;OMP_NUM_THREADS=1;places=cores;proc_bind=spread;bytes_per_iter=32;nt_store=0;pJ_per_B=991.231;GBps_per_W=1.0088
2025-10-13T10:28:21,rock-ms7a95,NA,0,kernel,1,1.10,1.0870,1.0870,39.566,36.4,1,stream_triad,openmp,float32,16777216,74,74,1.0870,39.566,36.4,36.4,39728447488,36.55,steady_clock,rapl_energy_uj_delta,0,cpu:Intel(R) Core(TM) i9-7900X CPU @ 3.30GHz,NA,0,0,0,0,NA,NA,,0,sweep;repeats=50;repeat_idx=22;cohort=common;OMP_NUM_THREADS=1;places=cores;proc_bind=spread;bytes_per_iter=32;nt_store=0;pJ_per_B=995.899;GBps_per_W=1.0041
2025-10-13T10:28:23,rock-ms7a95,NA,0,kernel,1,1.10,1.0871,1.0871,39.446,36.3,1,stream_triad,openmp,float32,16777216,74,74,1.0871,39.446,36.3,36.3,39728447488,36.54,steady_clock,rapl_energy_uj_delta,0,cpu:Intel(R) Core(TM) i9-7900X CPU @ 3.30GHz,NA,0,0,0,0,NA,NA,,0,sweep;repeats=50;repeat_idx=23;cohort=common;OMP_NUM_THREADS=1;places=cores;proc_bind=spread;bytes_per_iter=32;nt_store=0;pJ_per_B=992.881;GBps_per_W=1.0072
2025-10-13T10:28:24,rock-ms7a95,NA,0,kernel,1,1.10,1.0872,1.0872,39.305,36.2,1,stream_triad,openmp,float32,16777216,74,74,1.0872,39.305,36.2,36.2,39728447488,36.54,steady_clock,rapl_energy_uj_delta,0,cpu:Intel(R) Core(TM) i9-7900X CPU @ 3.30GHz,NA,0,0,0,0,NA,NA,,0,sweep;repeats=50;repeat_idx=24;cohort=common;OMP_NUM_THREADS=1;places=cores;proc_bind=spread;bytes_per_iter=32;nt_store=0;pJ_per_B=989.342;GBps_per_W=1.0108
2025-10-13T10:28:25,rock-ms7a95,NA,0,kernel,1,1.10,1.0870,1.0870,39.353,36.2,1,stream_triad,openmp,float32,16777216,74,74,1.0870,39.353,36.2,36.2,39728447488,36.55,steady_clock,rapl_energy_uj_delta,0,cpu:Intel(R) Core(TM) i9-7900X CPU @ 3.30GHz,NA,0,0,0,0,NA,NA,,0,sweep;repeats=50;repeat_idx=25;cohort=common;OMP_NUM_THREADS=1;places=cores;proc_bind=spread;bytes_per_iter=32;nt_store=0;pJ_per_B=990.548;GBps_per_W=1.0095
2025-10-13T10:28:26,rock-ms7a95,NA,0,kernel,1,1.10,1.0872,1.0872,39.461,36.3,1,stream_triad,openmp,float32,16777216,74,74,1.0872,39.461,36.3,36.3,39728447488,36.54,steady_clock,rapl_energy_uj_delta,0,cpu:Intel(R) Core(TM) i9-7900X CPU @ 3.30GHz,NA,0,0,0,0,NA,NA,,0,sweep;repeats=50;repeat_idx=26;cohort=common;OMP_NUM_THREADS=1;places=cores;proc_bind=spread;bytes_per_iter=32;nt_store=0;pJ_per_B=993.261;GBps_per_W=1.0068
2025-10-13T10:28:27,rock-ms7a95,NA,0,kernel,1,1.10,1.0871,1.0871,39.359,36.2,1,stream_triad,openmp,float32,16777216,74,74,1.0871,39.359,36.2,36.2,39728447488,36.55,steady_clock,rapl_energy_uj_delta,0,cpu:Intel(R) Core(TM) i9-7900X CPU @ 3.30GHz,NA,0,0,0,0,NA,NA,,0,sweep;repeats=50;repeat_idx=27;cohort=common;OMP_NUM_THREADS=1;places=cores;proc_bind=spread;bytes_per_iter=32;nt_store=0;pJ_per_B=990.691;GBps_per_W=1.0094
2025-10-13T10:28:28,rock-ms7a95,NA,0,kernel,1,1.10,1.0869,1.0869,39.348,36.2,1,stream_triad,openmp,float32,16777216,74,74,1.0869,39.348,36.2,36.2,39728447488,36.55,steady_clock,rapl_energy_uj_delta,0,cpu:Intel(R) Core(TM) i9-7900X CPU @ 3.30GHz,NA,0,0,0,0,NA,NA,,0,sweep;repeats=50;repeat_idx=28;cohort=common;OMP_NUM_THREADS=1;places=cores;proc_bind=spread;bytes_per_iter=32;nt_store=0;pJ_per_B=990.431;GBps_per_W=1.0097
2025-10-13T10:28:29,rock-ms7a95,NA,0,kernel,1,1.10,1.0871,1.0871,39.412,36.3,1,stream_triad,openmp,float32,16777216,74,74,1.0871,39.412,36.3,36.3,39728447488,36.55,steady_clock,rapl_energy_uj_delta,0,cpu:Intel(R) Core(TM) i9-7900X CPU @ 3.30GHz,NA,0,0,0,0,NA,NA,,0,sweep;repeats=50;repeat_idx=29;cohort=common;OMP_NUM_THREADS=1;places=cores;proc_bind=spread;bytes_per_iter=32;nt_store=0;pJ_per_B=992.027;GBps_per_W=1.0080
2025-10-13T10:28:30,rock-ms7a95,NA,0,kernel,1,1.10,1.0880,1.0880,39.288,36.1,1,stream_triad,openmp,float32,16777216,74,74,1.0880,39.288,36.1,36.1,39728447488,36.52,steady_clock,rapl_energy_uj_delta,0,cpu:Intel(R) Core(TM) i9-7900X CPU @ 3.30GHz,NA,0,0,0,0,NA,NA,,0,sweep;repeats=50;repeat_idx=30;cohort=common;OMP_NUM_THREADS=1;places=cores;proc_bind=spread;bytes_per_iter=32;nt_store=0;pJ_per_B=988.922;GBps_per_W=1.0112
2025-10-13T10:28:31,rock-ms7a95,NA,0,kernel,1,1.10,1.0879,1.0879,39.713,36.5,1,stream_triad,openmp,float32,16777216,74,74,1.0879,39.713,36.5,36.5,39728447488,36.52,steady_clock,rapl_energy_uj_delta,0,cpu:Intel(R) Core(TM) i9-7900X CPU @ 3.30GHz,NA,0,0,0,0,NA,NA,,0,sweep;repeats=50;repeat_idx=31;cohort=common;OMP_NUM_THREADS=1;places=cores;proc_bind=spread;bytes_per_iter=32;nt_store=0;pJ_per_B=999.600;GBps_per_W=1.0004
2025-10-13T10:28:32,rock-ms7a95,NA,0,kernel,1,1.10,1.0871,1.0871,39.319,36.2,1,stream_triad,openmp,float32,16777216,74,74,1.0871,39.319,36.2,36.2,39728447488,36.54,steady_clock,rapl_energy_uj_delta,0,cpu:Intel(R) Core(TM) i9-7900X CPU @ 3.30GHz,NA,0,0,0,0,NA,NA,,0,sweep;repeats=50;repeat_idx=32;cohort=common;OMP_NUM_THREADS=1;places=cores;proc_bind=spread;bytes_per_iter=32;nt_store=0;pJ_per_B=989.689;GBps_per_W=1.0104
2025-10-13T10:28:33,rock-ms7a95,NA,0,kernel,1,1.10,1.0870,1.0870,39.362,36.2,1,stream_triad,openmp,float32,16777216,74,74,1.0870,39.362,36.2,36.2,39728447488,36.55,steady_clock,rapl_energy_uj_delta,0,cpu:Intel(R) Core(TM) i9-7900X CPU @ 3.30GHz,NA,0,0,0,0,NA,NA,,0,sweep;repeats=50;repeat_idx=33;cohort=common;OMP_NUM_THREADS=1;places=cores;proc_bind=spread;bytes_per_iter=32;nt_store=0;pJ_per_B=990.786;GBps_per_W=1.0093
2025-10-13T10:28:35,rock-ms7a95,NA,0,kernel,1,1.10,1.0870,1.0870,39.318,36.2,1,stream_triad,openmp,float32,16777216,74,74,1.0870,39.318,36.2,36.2,39728447488,36.55,steady_clock,rapl_energy_uj_delta,0,cpu:Intel(R) Core(TM) i9-7900X CPU @ 3.30GHz,NA,0,0,0,0,NA,NA,,0,sweep;repeats=50;repeat_idx=34;cohort=common;OMP_NUM_THREADS=1;places=cores;proc_bind=spread;bytes_per_iter=32;nt_store=0;pJ_per_B=989.663;GBps_per_W=1.0104
2025-10-13T10:28:36,rock-ms7a95,NA,0,kernel,1,1.10,1.0873,1.0873,39.435,36.3,1,stream_triad,openmp,float32,16777216,74,74,1.0873,39.435,36.3,36.3,39728447488,36.54,steady_clock,rapl_energy_uj_delta,0,cpu:Intel(R) Core(TM) i9-7900X CPU @ 3.30GHz,NA,0,0,0,0,NA,NA,,0,sweep;repeats=50;repeat_idx=35;cohort=common;OMP_NUM_THREADS=1;places=cores;proc_bind=spread;bytes_per_iter=32;nt_store=0;pJ_per_B=992.610;GBps_per_W=1.0074
2025-10-13T10:28:37,rock-ms7a95,NA,0,kernel,1,1.10,1.0875,1.0875,39.442,36.3,1,stream_triad,openmp,float32,16777216,74,74,1.0875,39.442,36.3,36.3,39728447488,36.53,steady_clock,rapl_energy_uj_delta,0,cpu:Intel(R) Core(TM) i9-7900X CPU @ 3.30GHz,NA,0,0,0,0,NA,NA,,0,sweep;repeats=50;repeat_idx=36;cohort=common;OMP_NUM_THREADS=1;places=cores;proc_bind=spread;bytes_per_iter=32;nt_store=0;pJ_per_B=992.800;GBps_per_W=1.0073
2025-10-13T10:28:38,rock-ms7a95,NA,0,kernel,1,1.10,1.0872,1.0872,39.394,36.2,1,stream_triad,openmp,float32,16777216,74,74,1.0872,39.394,36.2,36.2,39728447488,36.54,steady_clock,rapl_energy_uj_delta,0,cpu:Intel(R) Core(TM) i9-7900X CPU @ 3.30GHz,NA,0,0,0,0,NA,NA,,0,sweep;repeats=50;repeat_idx=37;cohort=common;OMP_NUM_THREADS=1;places=cores;proc_bind=spread;bytes_per_iter=32;nt_store=0;pJ_per_B=991.591;GBps_per_W=1.0085
2025-10-13T10:28:39,rock-ms7a95,NA,0,kernel,1,1.10,1.0871,1.0871,39.418,36.3,1,stream_triad,openmp,float32,16777216,74,74,1.0871,39.418,36.3,36.3,39728447488,36.55,steady_clock,rapl_energy_uj_delta,0,cpu:Intel(R) Core(TM) i9-7900X CPU @ 3.30GHz,NA,0,0,0,0,NA,NA,,0,sweep;repeats=50;repeat_idx=38;cohort=common;OMP_NUM_THREADS=1;places=cores;proc_bind=spread;bytes_per_iter=32;nt_store=0;pJ_per_B=992.181;GBps_per_W=1.0079
2025-10-13T10:28:40,rock-ms7a95,NA,0,kernel,1,1.10,1.0869,1.0869,39.318,36.2,1,stream_triad,openmp,float32,16777216,74,74,1.0869,39.318,36.2,36.2,39728447488,36.55,steady_clock,rapl_energy_uj_delta,0,cpu:Intel(R) Core(TM) i9-7900X CPU @ 3.30GHz,NA,0,0,0,0,NA,NA,,0,sweep;repeats=50;repeat_idx=39;cohort=common;OMP_NUM_THREADS=1;places=cores;proc_bind=spread;bytes_per_iter=32;nt_store=0;pJ_per_B=989.663;GBps_per_W=1.0104
2025-10-13T10:28:41,rock-ms7a95,NA,0,kernel,1,1.10,1.0891,1.0891,39.631,36.4,1,stream_triad,openmp,float32,16777216,74,74,1.0891,39.631,36.4,36.4,39728447488,36.48,steady_clock,rapl_energy_uj_delta,0,cpu:Intel(R) Core(TM) i9-7900X CPU @ 3.30GHz,NA,0,0,0,0,NA,NA,,0,sweep;repeats=50;repeat_idx=40;cohort=common;OMP_NUM_THREADS=1;places=cores;proc_bind=spread;bytes_per_iter=32;nt_store=0;pJ_per_B=997.558;GBps_per_W=1.0024
2025-10-13T10:28:42,rock-ms7a95,NA,0,kernel,1,1.10,1.0873,1.0873,39.466,36.3,1,stream_triad,openmp,float32,16777216,74,74,1.0873,39.466,36.3,36.3,39728447488,36.54,steady_clock,rapl_energy_uj_delta,0,cpu:Intel(R) Core(TM) i9-7900X CPU @ 3.30GHz,NA,0,0,0,0,NA,NA,,0,sweep;repeats=50;repeat_idx=41;cohort=common;OMP_NUM_THREADS=1;places=cores;proc_bind=spread;bytes_per_iter=32;nt_store=0;pJ_per_B=993.402;GBps_per_W=1.0066
2025-10-13T10:28:43,rock-ms7a95,NA,0,kernel,1,1.10,1.0875,1.0875,39.453,36.3,1,stream_triad,openmp,float32,16777216,74,74,1.0875,39.453,36.3,36.3,39728447488,36.53,steady_clock,rapl_energy_uj_delta,0,cpu:Intel(R) Core(TM) i9-7900X CPU @ 3.30GHz,NA,0,0,0,0,NA,NA,,0,sweep;repeats=50;repeat_idx=42;cohort=common;OMP_NUM_THREADS=1;places=cores;proc_bind=spread;bytes_per_iter=32;nt_store=0;pJ_per_B=993.074;GBps_per_W=1.0070
2025-10-13T10:28:44,rock-ms7a95,NA,0,kernel,1,1.10,1.0871,1.0871,39.357,36.2,1,stream_triad,openmp,float32,16777216,74,74,1.0871,39.357,36.2,36.2,39728447488,36.55,steady_clock,rapl_energy_uj_delta,0,cpu:Intel(R) Core(TM) i9-7900X CPU @ 3.30GHz,NA,0,0,0,0,NA,NA,,0,sweep;repeats=50;repeat_idx=43;cohort=common;OMP_NUM_THREADS=1;places=cores;proc_bind=spread;bytes_per_iter=32;nt_store=0;pJ_per_B=990.657;GBps_per_W=1.0094
2025-10-13T10:28:45,rock-ms7a95,NA,0,kernel,1,1.10,1.0868,1.0868,39.421,36.3,1,stream_triad,openmp,float32,16777216,74,74,1.0868,39.421,36.3,36.3,39728447488,36.55,steady_clock,rapl_energy_uj_delta,0,cpu:Intel(R) Core(TM) i9-7900X CPU @ 3.30GHz,NA,0,0,0,0,NA,NA,,0,sweep;repeats=50;repeat_idx=44;cohort=common;OMP_NUM_THREADS=1;places=cores;proc_bind=spread;bytes_per_iter=32;nt_store=0;pJ_per_B=992.273;GBps_per_W=1.0078
2025-10-13T10:28:47,rock-ms7a95,NA,0,kernel,1,1.10,1.0874,1.0874,39.572,36.4,1,stream_triad,openmp,float32,16777216,74,74,1.0874,39.572,36.4,36.4,39728447488,36.53,steady_clock,rapl_energy_uj_delta,0,cpu:Intel(R) Core(TM) i9-7900X CPU @ 3.30GHz,NA,0,0,0,0,NA,NA,,0,sweep;repeats=50;repeat_idx=45;cohort=common;OMP_NUM_THREADS=1;places=cores;proc_bind=spread;bytes_per_iter=32;nt_store=0;pJ_per_B=996.059;GBps_per_W=1.0040
2025-10-13T10:28:48,rock-ms7a95,NA,0,kernel,1,1.10,1.0872,1.0872,39.459,36.3,1,stream_triad,openmp,float32,16777216,74,74,1.0872,39.459,36.3,36.3,39728447488,36.54,steady_clock,rapl_energy_uj_delta,0,cpu:Intel(R) Core(TM) i9-7900X CPU @ 3.30GHz,NA,0,0,0,0,NA,NA,,0,sweep;repeats=50;repeat_idx=46;cohort=common;OMP_NUM_THREADS=1;places=cores;proc_bind=spread;bytes_per_iter=32;nt_store=0;pJ_per_B=993.218;GBps_per_W=1.0068
2025-10-13T10:28:49,rock-ms7a95,NA,0,kernel,1,1.10,1.0875,1.0875,39.559,36.4,1,stream_triad,openmp,float32,16777216,74,74,1.0875,39.559,36.4,36.4,39728447488,36.53,steady_clock,rapl_energy_uj_delta,0,cpu:Intel(R) Core(TM) i9-7900X CPU @ 3.30GHz,NA,0,0,0,0,NA,NA,,0,sweep;repeats=50;repeat_idx=47;cohort=common;OMP_NUM_THREADS=1;places=cores;proc_bind=spread;bytes_per_iter=32;nt_store=0;pJ_per_B=995.736;GBps_per_W=1.0043
2025-10-13T10:28:50,rock-ms7a95,NA,0,kernel,1,1.10,1.0876,1.0876,39.445,36.3,1,stream_triad,openmp,float32,16777216,74,74,1.0876,39.445,36.3,36.3,39728447488,36.53,steady_clock,rapl_energy_uj_delta,0,cpu:Intel(R) Core(TM) i9-7900X CPU @ 3.30GHz,NA,0,0,0,0,NA,NA,,0,sweep;repeats=50;repeat_idx=48;cohort=common;OMP_NUM_THREADS=1;places=cores;proc_bind=spread;bytes_per_iter=32;nt_store=0;pJ_per_B=992.863;GBps_per_W=1.0072
2025-10-13T10:28:51,rock-ms7a95,NA,0,kernel,1,1.10,1.0872,1.0872,39.520,36.3,1,stream_triad,openmp,float32,16777216,74,74,1.0872,39.520,36.3,36.3,39728447488,36.54,steady_clock,rapl_energy_uj_delta,0,cpu:Intel(R) Core(TM) i9-7900X CPU @ 3.30GHz,NA,0,0,0,0,NA,NA,,0,sweep;repeats=50;repeat_idx=49;cohort=common;OMP_NUM_THREADS=1;places=cores;proc_bind=spread;bytes_per_iter=32;nt_store=0;pJ_per_B=994.750;GBps_per_W=1.0053
2025-10-13T10:28:52,rock-ms7a95,NA,0,kernel,1,1.10,1.1504,1.1504,41.674,36.2,0,stream_triad,openmp,float32,67108864,19,19,1.1504,41.674,36.2,36.2,40802189312,35.47,steady_clock,rapl_energy_uj_delta,0,cpu:Intel(R) Core(TM) i9-7900X CPU @ 3.30GHz,NA,0,0,0,0,NA,NA,,0,sweep;repeats=50;repeat_idx=0;cohort=common;OMP_NUM_THREADS=1;places=cores;proc_bind=spread;bytes_per_iter=32;nt_store=0;pJ_per_B=1021.369;GBps_per_W=0.9791
2025-10-13T10:28:53,rock-ms7a95,NA,0,kernel,1,1.10,1.1520,1.1520,41.860,36.3,0,stream_triad,openmp,float32,67108864,19,19,1.1520,41.860,36.3,36.3,40802189312,35.42,steady_clock,rapl_energy_uj_delta,0,cpu:Intel(R) Core(TM) i9-7900X CPU @ 3.30GHz,NA,0,0,0,0,NA,NA,,0,sweep;repeats=50;repeat_idx=1;cohort=common;OMP_NUM_THREADS=1;places=cores;proc_bind=spread;bytes_per_iter=32;nt_store=0;pJ_per_B=1025.930;GBps_per_W=0.9747
2025-10-13T10:28:55,rock-ms7a95,NA,0,kernel,1,1.10,1.1520,1.1520,41.803,36.3,0,stream_triad,openmp,float32,67108864,19,19,1.1520,41.803,36.3,36.3,40802189312,35.42,steady_clock,rapl_energy_uj_delta,0,cpu:Intel(R) Core(TM) i9-7900X CPU @ 3.30GHz,NA,0,0,0,0,NA,NA,,0,sweep;repeats=50;repeat_idx=2;cohort=common;OMP_NUM_THREADS=1;places=cores;proc_bind=spread;bytes_per_iter=32;nt_store=0;pJ_per_B=1024.525;GBps_per_W=0.9761
2025-10-13T10:28:56,rock-ms7a95,NA,0,kernel,1,1.10,1.1517,1.1517,41.760,36.3,0,stream_triad,openmp,float32,67108864,19,19,1.1517,41.760,36.3,36.3,40802189312,35.43,steady_clock,rapl_energy_uj_delta,0,cpu:Intel(R) Core(TM) i9-7900X CPU @ 3.30GHz,NA,0,0,0,0,NA,NA,,0,sweep;repeats=50;repeat_idx=3;cohort=common;OMP_NUM_THREADS=1;places=cores;proc_bind=spread;bytes_per_iter=32;nt_store=0;pJ_per_B=1023.463;GBps_per_W=0.9771
2025-10-13T10:28:57,rock-ms7a95,NA,0,kernel,1,1.10,1.1519,1.1519,41.771,36.3,0,stream_triad,openmp,float32,67108864,19,19,1.1519,41.771,36.3,36.3,40802189312,35.42,steady_clock,rapl_energy_uj_delta,0,cpu:Intel(R) Core(TM) i9-7900X CPU @ 3.30GHz,NA,0,0,0,0,NA,NA,,0,sweep;repeats=50;repeat_idx=4;cohort=common;OMP_NUM_THREADS=1;places=cores;proc_bind=spread;bytes_per_iter=32;nt_store=0;pJ_per_B=1023.746;GBps_per_W=0.9768
2025-10-13T10:28:58,rock-ms7a95,NA,0,kernel,1,1.10,1.1519,1.1519,41.776,36.3,0,stream_triad,openmp,float32,67108864,19,19,1.1519,41.776,36.3,36.3,40802189312,35.42,steady_clock,rapl_energy_uj_delta,0,cpu:Intel(R) Core(TM) i9-7900X CPU @ 3.30GHz,NA,0,0,0,0,NA,NA,,0,sweep;repeats=50;repeat_idx=5;cohort=common;OMP_NUM_THREADS=1;places=cores;proc_bind=spread;bytes_per_iter=32;nt_store=0;pJ_per_B=1023.869;GBps_per_W=0.9767
2025-10-13T10:28:59,rock-ms7a95,NA,0,kernel,1,1.10,1.1520,1.1520,41.782,36.3,0,stream_triad,openmp,float32,67108864,19,19,1.1520,41.782,36.3,36.3,40802189312,35.42,steady_clock,rapl_energy_uj_delta,0,cpu:Intel(R) Core(TM) i9-7900X CPU @ 3.30GHz,NA,0,0,0,0,NA,NA,,0,sweep;repeats=50;repeat_idx=6;cohort=common;OMP_NUM_THREADS=1;places=cores;proc_bind=spread;bytes_per_iter=32;nt_store=0;pJ_per_B=1024.021;GBps_per_W=0.9765
2025-10-13T10:29:00,rock-ms7a95,NA,0,kernel,1,1.10,1.1521,1.1521,41.724,36.2,0,stream_triad,openmp,float32,67108864,19,19,1.1521,41.724,36.2,36.2,40802189312,35.41,steady_clock,rapl_energy_uj_delta,0,cpu:Intel(R) Core(TM) i9-7900X CPU @ 3.30GHz,NA,0,0,0,0,NA,NA,,0,sweep;repeats=50;repeat_idx=7;cohort=common;OMP_NUM_THREADS=1;places=cores;proc_bind=spread;bytes_per_iter=32;nt_store=0;pJ_per_B=1022.594;GBps_per_W=0.9779
2025-10-13T10:29:02,rock-ms7a95,NA,0,kernel,1,1.10,1.1520,1.1520,41.805,36.3,0,stream_triad,openmp,float32,67108864,19,19,1.1520,41.805,36.3,36.3,40802189312,35.42,steady_clock,rapl_energy_uj_delta,0,cpu:Intel(R) Core(TM) i9-7900X CPU @ 3.30GHz,NA,0,0,0,0,NA,NA,,0,sweep;repeats=50;repeat_idx=8;cohort=common;OMP_NUM_THREADS=1;places=cores;proc_bind=spread;bytes_per_iter=32;nt_store=0;pJ_per_B=1024.567;GBps_per_W=0.9760
2025-10-13T10:29:03,rock-ms7a95,NA,0,kernel,1,1.10,1.1520,1.1520,41.850,36.3,0,stream_triad,openmp,float32,67108864,19,19,1.1520,41.850,36.3,36.3,40802189312,35.42,steady_clock,rapl_energy_uj_delta,0,cpu:Intel(R) Core(TM) i9-7900X CPU @ 3.30GHz,NA,0,0,0,0,NA,NA,,0,sweep;repeats=50;repeat_idx=9;cohort=common;OMP_NUM_THREADS=1;places=cores;proc_bind=spread;bytes_per_iter=32;nt_store=0;pJ_per_B=1025.679;GBps_per_W=0.9750
2025-10-13T10:29:04,rock-ms7a95,NA,0,kernel,1,1.10,1.1517,1.1517,41.633,36.1,0,stream_triad,openmp,float32,67108864,19,19,1.1517,41.633,36.1,36.1,40802189312,35.43,steady_clock,rapl_energy_uj_delta,0,cpu:Intel(R) Core(TM) i9-7900X CPU @ 3.30GHz,NA,0,0,0,0,NA,NA,,0,sweep;repeats=50;repeat_idx=10;cohort=common;OMP_NUM_THREADS=1;places=cores;proc_bind=spread;bytes_per_iter=32;nt_store=0;pJ_per_B=1020.374;GBps_per_W=0.9800
2025-10-13T10:29:05,rock-ms7a95,NA,0,kernel,1,1.10,1.1518,1.1518,41.672,36.2,0,stream_triad,openmp,float32,67108864,19,19,1.1518,41.672,36.2,36.2,40802189312,35.42,steady_clock,rapl_energy_uj_delta,0,cpu:Intel(R) Core(TM) i9-7900X CPU @ 3.30GHz,NA,0,0,0,0,NA,NA,,0,sweep;repeats=50;repeat_idx=11;cohort=common;OMP_NUM_THREADS=1;places=cores;proc_bind=spread;bytes_per_iter=32;nt_store=0;pJ_per_B=1021.309;GBps_per_W=0.9791
2025-10-13T10:29:06,rock-ms7a95,NA,0,kernel,1,1.10,1.1517,1.1517,41.856,36.3,0,stream_triad,openmp,float32,67108864,19,19,1.1517,41.856,36.3,36.3,40802189312,35.43,steady_clock,rapl_energy_uj_delta,0,cpu:Intel(R) Core(TM) i9-7900X CPU @ 3.30GHz,NA,0,0,0,0,NA,NA,,0,sweep;repeats=50;repeat_idx=12;cohort=common;OMP_NUM_THREADS=1;places=cores;proc_bind=spread;bytes_per_iter=32;nt_store=0;pJ_per_B=1025.836;GBps_per_W=0.9748
2025-10-13T10:29:07,rock-ms7a95,NA,0,kernel,1,1.10,1.1516,1.1516,41.716,36.2,0,stream_triad,openmp,float32,67108864,19,19,1.1516,41.716,36.2,36.2,40802189312,35.43,steady_clock,rapl_energy_uj_delta,0,cpu:Intel(R) Core(TM) i9-7900X CPU @ 3.30GHz,NA,0,0,0,0,NA,NA,,0,sweep;repeats=50;repeat_idx=13;cohort=common;OMP_NUM_THREADS=1;places=cores;proc_bind=spread;bytes_per_iter=32;nt_store=0;pJ_per_B=1022.397;GBps_per_W=0.9781
2025-10-13T10:29:09,rock-ms7a95,NA,0,kernel,1,1.10,1.1520,1.1520,41.799,36.3,0,stream_triad,openmp,float32,67108864,19,19,1.1520,41.799,36.3,36.3,40802189312,35.42,steady_clock,rapl_energy_uj_delta,0,cpu:Intel(R) Core(TM) i9-7900X CPU @ 3.30GHz,NA,0,0,0,0,NA,NA,,0,sweep;repeats=50;repeat_idx=14;cohort=common;OMP_NUM_THREADS=1;places=cores;proc_bind=spread;bytes_per_iter=32;nt_store=0;pJ_per_B=1024.432;GBps_per_W=0.9762
2025-10-13T10:29:10,rock-ms7a95,NA,0,kernel,1,1.10,1.1515,1.1515,41.542,36.1,0,stream_triad,openmp,float32,67108864,19,19,1.1515,41.542,36.1,36.1,40802189312,35.43,steady_clock,rapl_energy_uj_delta,0,cpu:Intel(R) Core(TM) i9-7900X CPU @ 3.30GHz,NA,0,0,0,0,NA,NA,,0,sweep;repeats=50;repeat_idx=15;cohort=common;OMP_NUM_THREADS=1;places=cores;proc_bind=spread;bytes_per_iter=32;nt_store=0;pJ_per_B=1018.130;GBps_per_W=0.9822
2025-10-13T10:29:11,rock-ms7a95,NA,0,kernel,1,1.10,1.1519,1.1519,41.841,36.3,0,stream_triad,openmp,float32,67108864,19,19,1.1519,41.841,36.3,36.3,40802189312,35.42,steady_clock,rapl_energy_uj_delta,0,cpu:Intel(R) Core(TM) i9-7900X CPU @ 3.30GHz,NA,0,0,0,0,NA,NA,,0,sweep;repeats=50;repeat_idx=16;cohort=common;OMP_NUM_THREADS=1;places=cores;proc_bind=spread;bytes_per_iter=32;nt_store=0;pJ_per_B=1025.471;GBps_per_W=0.9752
2025-10-13T10:29:12,rock-ms7a95,NA,0,kernel,1,1.10,1.1515,1.1515,41.549,36.1,0,stream_triad,openmp,float32,67108864,19,19,1.1515,41.549,36.1,36.1,40802189312,35.43,steady_clock,rapl_energy_uj_delta,0,cpu:Intel(R) Core(TM) i9-7900X CPU @ 3.30GHz,NA,0,0,0,0,NA,NA,,0,sweep;repeats=50;repeat_idx=17;cohort=common;OMP_NUM_THREADS=1;places=cores;proc_bind=spread;bytes_per_iter=32;nt_store=0;pJ_per_B=1018.307;GBps_per_W=0.9820
2025-10-13T10:29:13,rock-ms7a95,NA,0,kernel,1,1.10,1.1517,1.1517,41.630,36.1,0,stream_triad,openmp,float32,67108864,19,19,1.1517,41.630,36.1,36.1,40802189312,35.43,steady_clock,rapl_energy_uj_delta,0,cpu:Intel(R) Core(TM) i9-7900X CPU @ 3.30GHz,NA,0,0,0,0,NA,NA,,0,sweep;repeats=50;repeat_idx=18;cohort=common;OMP_NUM_THREADS=1;places=cores;proc_bind=spread;bytes_per_iter=32;nt_store=0;pJ_per_B=1020.295;GBps_per_W=0.9801
2025-10-13T10:29:15,rock-ms7a95,NA,0,kernel,1,1.10,1.1520,1.1520,41.642,36.1,0,stream_triad,openmp,float32,67108864,19,19,1.1520,41.642,36.1,36.1,40802189312,35.42,steady_clock,rapl_energy_uj_delta,0,cpu:Intel(R) Core(TM) i9-7900X CPU @ 3.30GHz,NA,0,0,0,0,NA,NA,,0,sweep;repeats=50;repeat_idx=19;cohort=common;OMP_NUM_THREADS=1;places=cores;proc_bind=spread;bytes_per_iter=32;nt_store=0;pJ_per_B=1020.572;GBps_per_W=0.9798
2025-10-13T10:29:16,rock-ms7a95,NA,0,kernel,1,1.10,1.1520,1.1520,41.808,36.3,0,stream_triad,openmp,float32,67108864,19,19,1.1520,41.808,36.3,36.3,40802189312,35.42,steady_clock,rapl_energy_uj_delta,0,cpu:Intel(R) Core(TM) i9-7900X CPU @ 3.30GHz,NA,0,0,0,0,NA,NA,,0,sweep;repeats=50;repeat_idx=20;cohort=common;OMP_NUM_THREADS=1;places=cores;proc_bind=spread;bytes_per_iter=32;nt_store=0;pJ_per_B=1024.654;GBps_per_W=0.9759
2025-10-13T10:29:17,rock-ms7a95,NA,0,kernel,1,1.10,1.1520,1.1520,41.557,36.1,0,stream_triad,openmp,float32,67108864,19,19,1.1520,41.557,36.1,36.1,40802189312,35.42,steady_clock,rapl_energy_uj_delta,0,cpu:Intel(R) Core(TM) i9-7900X CPU @ 3.30GHz,NA,0,0,0,0,NA,NA,,0,sweep;repeats=50;repeat_idx=21;cohort=common;OMP_NUM_THREADS=1;places=cores;proc_bind=spread;bytes_per_iter=32;nt_store=0;pJ_per_B=1018.492;GBps_per_W=0.9818
2025-10-13T10:29:18,rock-ms7a95,NA,0,kernel,1,1.10,1.1518,1.1518,41.796,36.3,0,stream_triad,openmp,float32,67108864,19,19,1.1518,41.796,36.3,36.3,40802189312,35.42,steady_clock,rapl_energy_uj_delta,0,cpu:Intel(R) Core(TM) i9-7900X CPU @ 3.30GHz,NA,0,0,0,0,NA,NA,,0,sweep;repeats=50;repeat_idx=22;cohort=common;OMP_NUM_THREADS=1;places=cores;proc_bind=spread;bytes_per_iter=32;nt_store=0;pJ_per_B=1024.361;GBps_per_W=0.9762
2025-10-13T10:29:19,rock-ms7a95,NA,0,kernel,1,1.10,1.1521,1.1521,41.811,36.3,0,stream_triad,openmp,float32,67108864,19,19,1.1521,41.811,36.3,36.3,40802189312,35.42,steady_clock,rapl_energy_uj_delta,0,cpu:Intel(R) Core(TM) i9-7900X CPU @ 3.30GHz,NA,0,0,0,0,NA,NA,,0,sweep;repeats=50;repeat_idx=23;cohort=common;OMP_NUM_THREADS=1;places=cores;proc_bind=spread;bytes_per_iter=32;nt_store=0;pJ_per_B=1024.718;GBps_per_W=0.9759
2025-10-13T10:29:20,rock-ms7a95,NA,0,kernel,1,1.10,1.1521,1.1521,41.790,36.3,0,stream_triad,openmp,float32,67108864,19,19,1.1521,41.790,36.3,36.3,40802189312,35.41,steady_clock,rapl_energy_uj_delta,0,cpu:Intel(R) Core(TM) i9-7900X CPU @ 3.30GHz,NA,0,0,0,0,NA,NA,,0,sweep;repeats=50;repeat_idx=24;cohort=common;OMP_NUM_THREADS=1;places=cores;proc_bind=spread;bytes_per_iter=32;nt_store=0;pJ_per_B=1024.202;GBps_per_W=0.9764
2025-10-13T10:29:22,rock-ms7a95,NA,0,kernel,1,1.10,1.1514,1.1514,41.812,36.3,0,stream_triad,openmp,float32,67108864,19,19,1.1514,41.812,36.3,36.3,40802189312,35.44,steady_clock,rapl_energy_uj_delta,0,cpu:Intel(R) Core(TM) i9-7900X CPU @ 3.30GHz,NA,0,0,0,0,NA,NA,,0,sweep;repeats=50;repeat_idx=25;cohort=common;OMP_NUM_THREADS=1;places=cores;proc_bind=spread;bytes_per_iter=32;nt_store=0;pJ_per_B=1024.748;GBps_per_W=0.9758
2025-10-13T10:29:23,rock-ms7a95,NA,0,kernel,1,1.10,1.1499,1.1499,41.760,36.3,0,stream_triad,openmp,float32,67108864,19,19,1.1499,41.760,36.3,36.3,40802189312,35.48,steady_clock,rapl_energy_uj_delta,0,cpu:Intel(R) Core(TM) i9-7900X CPU @ 3.30GHz,NA,0,0,0,0,NA,NA,,0,sweep;repeats=50;repeat_idx=26;cohort=common;OMP_NUM_THREADS=1;places=cores;proc_bind=spread;bytes_per_iter=32;nt_store=0;pJ_per_B=1023.466;GBps_per_W=0.9771
2025-10-13T10:29:24,rock-ms7a95,NA,0,kernel,1,1.10,1.1497,1.1497,41.640,36.2,0,stream_triad,openmp,float32,67108864,19,19,1.1497,41.640,36.2,36.2,40802189312,35.49,steady_clock,rapl_energy_uj_delta,0,cpu:Intel(R) Core(TM) i9-7900X CPU @ 3.30GHz,NA,0,0,0,0,NA,NA,,0,sweep;repeats=50;repeat_idx=27;cohort=common;OMP_NUM_THREADS=1;places=cores;proc_bind=spread;bytes_per_iter=32;nt_store=0;pJ_per_B=1020.525;GBps_per_W=0.9799
2025-10-13T10:29:25,rock-ms7a95,NA,0,kernel,1,1.10,1.1504,1.1504,41.702,36.3,0,stream_triad,openmp,float32,67108864,19,19,1.1504,41.702,36.3,36.3,40802189312,35.47,steady_clock,rapl_energy_uj_delta,0,cpu:Intel(R) Core(TM) i9-7900X CPU @ 3.30GHz,NA,0,0,0,0,NA,NA,,0,sweep;repeats=50;repeat_idx=28;cohort=common;OMP_NUM_THREADS=1;places=cores;proc_bind=spread;bytes_per_iter=32;nt_store=0;pJ_per_B=1022.062;GBps_per_W=0.9784
2025-10-13T10:29:26,rock-ms7a95,NA,0,kernel,1,1.10,1.1500,1.1500,41.858,36.4,0,stream_triad,openmp,float32,67108864,19,19,1.1500,41.858,36.4,36.4,40802189312,35.48,steady_clock,rapl_energy_uj_delta,0,cpu:Intel(R) Core(TM) i9-7900X CPU @ 3.30GHz,NA,0,0,0,0,NA,NA,,0,sweep;repeats=50;repeat_idx=29;cohort=common;OMP_NUM_THREADS=1;places=cores;proc_bind=spread;bytes_per_iter=32;nt_store=0;pJ_per_B=1025.878;GBps_per_W=0.9748
2025-10-13T10:29:27,rock-ms7a95,NA,0,kernel,1,1.10,1.1517,1.1517,41.703,36.2,0,stream_triad,openmp,float32,67108864,19,19,1.1517,41.703,36.2,36.2,40802189312,35.43,steady_clock,rapl_energy_uj_delta,0,cpu:Intel(R) Core(TM) i9-7900X CPU @ 3.30GHz,NA,0,0,0,0,NA,NA,,0,sweep;repeats=50;repeat_idx=30;cohort=common;OMP_NUM_THREADS=1;places=cores;proc_bind=spread;bytes_per_iter=32;nt_store=0;pJ_per_B=1022.079;GBps_per_W=0.9784
2025-10-13T10:29:29,rock-ms7a95,NA,0,kernel,1,1.10,1.1521,1.1521,41.764,36.2,0,stream_triad,openmp,float32,67108864,19,19,1.1521,41.764,36.2,36.2,40802189312,35.41,steady_clock,rapl_energy_uj_delta,0,cpu:Intel(R) Core(TM) i9-7900X CPU @ 3.30GHz,NA,0,0,0,0,NA,NA,,0,sweep;repeats=50;repeat_idx=31;cohort=common;OMP_NUM_THREADS=1;places=cores;proc_bind=spread;bytes_per_iter=32;nt_store=0;pJ_per_B=1023.566;GBps_per_W=0.9770
2025-10-13T10:29:30,rock-ms7a95,NA,0,kernel,1,1.10,1.1519,1.1519,41.688,36.2,0,stream_triad,openmp,float32,67108864,19,19,1.1519,41.688,36.2,36.2,40802189312,35.42,steady_clock,rapl_energy_uj_delta,0,cpu:Intel(R) Core(TM) i9-7900X CPU @ 3.30GHz,NA,0,0,0,0,NA,NA,,0,sweep;repeats=50;repeat_idx=32;cohort=common;OMP_NUM_THREADS=1;places=cores;proc_bind=spread;bytes_per_iter=32;nt_store=0;pJ_per_B=1021.719;GBps_per_W=0.9787
2025-10-13T10:29:31,rock-ms7a95,NA,0,kernel,1,1.10,1.1518,1.1518,41.795,36.3,0,stream_triad,openmp,float32,67108864,19,19,1.1518,41.795,36.3,36.3,40802189312,35.42,steady_clock,rapl_energy_uj_delta,0,cpu:Intel(R) Core(TM) i9-7900X CPU @ 3.30GHz,NA,0,0,0,0,NA,NA,,0,sweep;repeats=50;repeat_idx=33;cohort=common;OMP_NUM_THREADS=1;places=cores;proc_bind=spread;bytes_per_iter=32;nt_store=0;pJ_per_B=1024.331;GBps_per_W=0.9762
2025-10-13T10:29:32,rock-ms7a95,NA,0,kernel,1,1.10,1.1515,1.1515,41.390,35.9,0,stream_triad,openmp,float32,67108864,19,19,1.1515,41.390,35.9,35.9,40802189312,35.43,steady_clock,rapl_energy_uj_delta,0,cpu:Intel(R) Core(TM) i9-7900X CPU @ 3.30GHz,NA,0,0,0,0,NA,NA,,0,sweep;repeats=50;repeat_idx=34;cohort=common;OMP_NUM_THREADS=1;places=cores;proc_bind=spread;bytes_per_iter=32;nt_store=0;pJ_per_B=1014.404;GBps_per_W=0.9858
2025-10-13T10:29:33,rock-ms7a95,NA,0,kernel,1,1.10,1.1520,1.1520,41.514,36.0,0,stream_triad,openmp,float32,67108864,19,19,1.1520,41.514,36.0,36.0,40802189312,35.42,steady_clock,rapl_energy_uj_delta,0,cpu:Intel(R) Core(TM) i9-7900X CPU @ 3.30GHz,NA,0,0,0,0,NA,NA,,0,sweep;repeats=50;repeat_idx=35;cohort=common;OMP_NUM_THREADS=1;places=cores;proc_bind=spread;bytes_per_iter=32;nt_store=0;pJ_per_B=1017.448;GBps_per_W=0.9829
2025-10-13T10:29:34,rock-ms7a95,NA,0,kernel,1,1.10,1.1518,1.1518,41.622,36.1,0,stream_triad,openmp,float32,67108864,19,19,1.1518,41.622,36.1,36.1,40802189312,35.43,steady_clock,rapl_energy_uj_delta,0,cpu:Intel(R) Core(TM) i9-7900X CPU @ 3.30GHz,NA,0,0,0,0,NA,NA,,0,sweep;repeats=50;repeat_idx=36;cohort=common;OMP_NUM_THREADS=1;places=cores;proc_bind=spread;bytes_per_iter=32;nt_store=0;pJ_per_B=1020.081;GBps_per_W=0.9803
2025-10-13T10:29:36,rock-ms7a95,NA,0,kernel,1,1.10,1.1517,1.1517,41.698,36.2,0,stream_triad,openmp,float32,67108864,19,19,1.1517,41.698,36.2,36.2,40802189312,35.43,steady_clock,rapl_energy_uj_delta,0,cpu:Intel(R) Core(TM) i9-7900X CPU @ 3.30GHz,NA,0,0,0,0,NA,NA,,0,sweep;repeats=50;repeat_idx=37;cohort=common;OMP_NUM_THREADS=1;places=cores;proc_bind=spread;bytes_per_iter=32;nt_store=0;pJ_per_B=1021.961;GBps_per_W=0.9785
2025-10-13T10:29:37,rock-ms7a95,NA,0,kernel,1,1.10,1.1520,1.1520,41.771,36.3,0,stream_triad,openmp,float32,67108864,19,19,1.1520,41.771,36.3,36.3,40802189312,35.42,steady_clock,rapl_energy_uj_delta,0,cpu:Intel(R) Core(TM) i9-7900X CPU @ 3.30GHz,NA,0,0,0,0,NA,NA,,0,sweep;repeats=50;repeat_idx=38;cohort=common;OMP_NUM_THREADS=1;places=cores;proc_bind=spread;bytes_per_iter=32;nt_store=0;pJ_per_B=1023.732;GBps_per_W=0.9768
2025-10-13T10:29:38,rock-ms7a95,NA,0,kernel,1,1.10,1.1517,1.1517,41.696,36.2,0,stream_triad,openmp,float32,67108864,19,19,1.1517,41.696,36.2,36.2,40802189312,35.43,steady_clock,rapl_energy_uj_delta,0,cpu:Intel(R) Core(TM) i9-7900X CPU @ 3.30GHz,NA,0,0,0,0,NA,NA,,0,sweep;repeats=50;repeat_idx=39;cohort=common;OMP_NUM_THREADS=1;places=cores;proc_bind=spread;bytes_per_iter=32;nt_store=0;pJ_per_B=1021.901;GBps_per_W=0.9786
2025-10-13T10:29:39,rock-ms7a95,NA,0,kernel,1,1.10,1.1522,1.1522,41.785,36.3,0,stream_triad,openmp,float32,67108864,19,19,1.1522,41.785,36.3,36.3,40802189312,35.41,steady_clock,rapl_energy_uj_delta,0,cpu:Intel(R) Core(TM) i9-7900X CPU @ 3.30GHz,NA,0,0,0,0,NA,NA,,0,sweep;repeats=50;repeat_idx=40;cohort=common;OMP_NUM_THREADS=1;places=cores;proc_bind=spread;bytes_per_iter=32;nt_store=0;pJ_per_B=1024.099;GBps_per_W=0.9765
2025-10-13T10:29:40,rock-ms7a95,NA,0,kernel,1,1.10,1.1520,1.1520,41.578,36.1,0,stream_triad,openmp,float32,67108864,19,19,1.1520,41.578,36.1,36.1,40802189312,35.42,steady_clock,rapl_energy_uj_delta,0,cpu:Intel(R) Core(TM) i9-7900X CPU @ 3.30GHz,NA,0,0,0,0,NA,NA,,0,sweep;repeats=50;repeat_idx=41;cohort=common;OMP_NUM_THREADS=1;places=cores;proc_bind=spread;bytes_per_iter=32;nt_store=0;pJ_per_B=1019.016;GBps_per_W=0.9813
2025-10-13T10:29:42,rock-ms7a95,NA,0,kernel,1,1.10,1.1522,1.1522,41.779,36.3,0,stream_triad,openmp,float32,67108864,19,19,1.1522,41.779,36.3,36.3,40802189312,35.41,steady_clock,rapl_energy_uj_delta,0,cpu:Intel(R) Core(TM) i9-7900X CPU @ 3.30GHz,NA,0,0,0,0,NA,NA,,0,sweep;repeats=50;repeat_idx=42;cohort=common;OMP_NUM_THREADS=1;places=cores;proc_bind=spread;bytes_per_iter=32;nt_store=0;pJ_per_B=1023.934;GBps_per_W=0.9766
2025-10-13T10:29:43,rock-ms7a95,NA,0,kernel,1,1.10,1.1521,1.1521,41.817,36.3,0,stream_triad,openmp,float32,67108864,19,19,1.1521,41.817,36.3,36.3,40802189312,35.42,steady_clock,rapl_energy_uj_delta,0,cpu:Intel(R) Core(TM) i9-7900X CPU @ 3.30GHz,NA,0,0,0,0,NA,NA,,0,sweep;repeats=50;repeat_idx=43;cohort=common;OMP_NUM_THREADS=1;places=cores;proc_bind=spread;bytes_per_iter=32;nt_store=0;pJ_per_B=1024.865;GBps_per_W=0.9757
2025-10-13T10:29:44,rock-ms7a95,NA,0,kernel,1,1.10,1.1518,1.1518,41.541,36.1,0,stream_triad,openmp,float32,67108864,19,19,1.1518,41.541,36.1,36.1,40802189312,35.43,steady_clock,rapl_energy_uj_delta,0,cpu:Intel(R) Core(TM) i9-7900X CPU @ 3.30GHz,NA,0,0,0,0,NA,NA,,0,sweep;repeats=50;repeat_idx=44;cohort=common;OMP_NUM_THREADS=1;places=cores;proc_bind=spread;bytes_per_iter=32;nt_store=0;pJ_per_B=1018.106;GBps_per_W=0.9822
2025-10-13T10:29:45,rock-ms7a95,NA,0,kernel,1,1.10,1.1520,1.1520,41.705,36.2,0,stream_triad,openmp,float32,67108864,19,19,1.1520,41.705,36.2,36.2,40802189312,35.42,steady_clock,rapl_energy_uj_delta,0,cpu:Intel(R) Core(TM) i9-7900X CPU @ 3.30GHz,NA,0,0,0,0,NA,NA,,0,sweep;repeats=50;repeat_idx=45;cohort=common;OMP_NUM_THREADS=1;places=cores;proc_bind=spread;bytes_per_iter=32;nt_store=0;pJ_per_B=1022.126;GBps_per_W=0.9784
2025-10-13T10:29:46,rock-ms7a95,NA,0,kernel,1,1.10,1.1519,1.1519,41.584,36.1,0,stream_triad,openmp,float32,67108864,19,19,1.1519,41.584,36.1,36.1,40802189312,35.42,steady_clock,rapl_energy_uj_delta,0,cpu:Intel(R) Core(TM) i9-7900X CPU @ 3.30GHz,NA,0,0,0,0,NA,NA,,0,sweep;repeats=50;repeat_idx=46;cohort=common;OMP_NUM_THREADS=1;places=cores;proc_bind=spread;bytes_per_iter=32;nt_store=0;pJ_per_B=1019.162;GBps_per_W=0.9812
2025-10-13T10:29:47,rock-ms7a95,NA,0,kernel,1,1.10,1.1523,1.1523,41.840,36.3,0,stream_triad,openmp,float32,67108864,19,19,1.1523,41.840,36.3,36.3,40802189312,35.41,steady_clock,rapl_energy_uj_delta,0,cpu:Intel(R) Core(TM) i9-7900X CPU @ 3.30GHz,NA,0,0,0,0,NA,NA,,0,sweep;repeats=50;repeat_idx=47;cohort=common;OMP_NUM_THREADS=1;places=cores;proc_bind=spread;bytes_per_iter=32;nt_store=0;pJ_per_B=1025.435;GBps_per_W=0.9752
2025-10-13T10:29:49,rock-ms7a95,NA,0,kernel,1,1.10,1.1521,1.1521,41.829,36.3,0,stream_triad,openmp,float32,67108864,19,19,1.1521,41.829,36.3,36.3,40802189312,35.42,steady_clock,rapl_energy_uj_delta,0,cpu:Intel(R) Core(TM) i9-7900X CPU @ 3.30GHz,NA,0,0,0,0,NA,NA,,0,sweep;repeats=50;repeat_idx=48;cohort=common;OMP_NUM_THREADS=1;places=cores;proc_bind=spread;bytes_per_iter=32;nt_store=0;pJ_per_B=1025.176;GBps_per_W=0.9754
2025-10-13T10:29:50,rock-ms7a95,NA,0,kernel,1,1.10,1.1519,1.1519,41.690,36.2,0,stream_triad,openmp,float32,67108864,19,19,1.1519,41.690,36.2,36.2,40802189312,35.42,steady_clock,rapl_energy_uj_delta,0,cpu:Intel(R) Core(TM) i9-7900X CPU @ 3.30GHz,NA,0,0,0,0,NA,NA,,0,sweep;repeats=50;repeat_idx=49;cohort=common;OMP_NUM_THREADS=1;places=cores;proc_bind=spread;bytes_per_iter=32;nt_store=0;pJ_per_B=1021.770;GBps_per_W=0.9787
2025-10-13T10:29:51,rock-ms7a95,NA,0,kernel,1,1.10,1.2168,1.2168,43.877,36.1,0,stream_triad,openmp,float32,134217728,10,10,1.2168,43.877,36.1,36.1,42949672960,35.30,steady_clock,rapl_energy_uj_delta,0,cpu:Intel(R) Core(TM) i9-7900X CPU @ 3.30GHz,NA,0,0,0,0,NA,NA,,0,sweep;repeats=50;repeat_idx=0;cohort=common;OMP_NUM_THREADS=1;places=cores;proc_bind=spread;bytes_per_iter=32;nt_store=0;pJ_per_B=1021.583;GBps_per_W=0.9789
2025-10-13T10:29:53,rock-ms7a95,NA,0,kernel,1,1.10,1.2187,1.2187,43.183,35.4,0,stream_triad,openmp,float32,134217728,10,10,1.2187,43.183,35.4,35.4,42949672960,35.24,steady_clock,rapl_energy_uj_delta,0,cpu:Intel(R) Core(TM) i9-7900X CPU @ 3.30GHz,NA,0,0,0,0,NA,NA,,0,sweep;repeats=50;repeat_idx=1;cohort=common;OMP_NUM_THREADS=1;places=cores;proc_bind=spread;bytes_per_iter=32;nt_store=0;pJ_per_B=1005.430;GBps_per_W=0.9946
2025-10-13T10:29:54,rock-ms7a95,NA,0,kernel,1,1.10,1.2186,1.2186,43.266,35.5,0,stream_triad,openmp,float32,134217728,10,10,1.2186,43.266,35.5,35.5,42949672960,35.24,steady_clock,rapl_energy_uj_delta,0,cpu:Intel(R) Core(TM) i9-7900X CPU @ 3.30GHz,NA,0,0,0,0,NA,NA,,0,sweep;repeats=50;repeat_idx=2;cohort=common;OMP_NUM_THREADS=1;places=cores;proc_bind=spread;bytes_per_iter=32;nt_store=0;pJ_per_B=1007.367;GBps_per_W=0.9927
2025-10-13T10:29:55,rock-ms7a95,NA,0,kernel,1,1.10,1.2185,1.2185,43.500,35.7,0,stream_triad,openmp,float32,134217728,10,10,1.2185,43.500,35.7,35.7,42949672960,35.25,steady_clock,rapl_energy_uj_delta,0,cpu:Intel(R) Core(TM) i9-7900X CPU @ 3.30GHz,NA,0,0,0,0,NA,NA,,0,sweep;repeats=50;repeat_idx=3;cohort=common;OMP_NUM_THREADS=1;places=cores;proc_bind=spread;bytes_per_iter=32;nt_store=0;pJ_per_B=1012.818;GBps_per_W=0.9873
2025-10-13T10:29:56,rock-ms7a95,NA,0,kernel,1,1.10,1.2183,1.2183,43.271,35.5,0,stream_triad,openmp,float32,134217728,10,10,1.2183,43.271,35.5,35.5,42949672960,35.25,steady_clock,rapl_energy_uj_delta,0,cpu:Intel(R) Core(TM) i9-7900X CPU @ 3.30GHz,NA,0,0,0,0,NA,NA,,0,sweep;repeats=50;repeat_idx=4;cohort=common;OMP_NUM_THREADS=1;places=cores;proc_bind=spread;bytes_per_iter=32;nt_store=0;pJ_per_B=1007.483;GBps_per_W=0.9926
2025-10-13T10:29:58,rock-ms7a95,NA,0,kernel,1,1.10,1.2187,1.2187,43.199,35.4,0,stream_triad,openmp,float32,134217728,10,10,1.2187,43.199,35.4,35.4,42949672960,35.24,steady_clock,rapl_energy_uj_delta,0,cpu:Intel(R) Core(TM) i9-7900X CPU @ 3.30GHz,NA,0,0,0,0,NA,NA,,0,sweep;repeats=50;repeat_idx=5;cohort=common;OMP_NUM_THREADS=1;places=cores;proc_bind=spread;bytes_per_iter=32;nt_store=0;pJ_per_B=1005.816;GBps_per_W=0.9942
2025-10-13T10:29:59,rock-ms7a95,NA,0,kernel,1,1.10,1.2184,1.2184,43.152,35.4,0,stream_triad,openmp,float32,134217728,10,10,1.2184,43.152,35.4,35.4,42949672960,35.25,steady_clock,rapl_energy_uj_delta,0,cpu:Intel(R) Core(TM) i9-7900X CPU @ 3.30GHz,NA,0,0,0,0,NA,NA,,0,sweep;repeats=50;repeat_idx=6;cohort=common;OMP_NUM_THREADS=1;places=cores;proc_bind=spread;bytes_per_iter=32;nt_store=0;pJ_per_B=1004.718;GBps_per_W=0.9953
2025-10-13T10:30:00,rock-ms7a95,NA,0,kernel,1,1.10,1.2184,1.2184,43.346,35.6,0,stream_triad,openmp,float32,134217728,10,10,1.2184,43.346,35.6,35.6,42949672960,35.25,steady_clock,rapl_energy_uj_delta,0,cpu:Intel(R) Core(TM) i9-7900X CPU @ 3.30GHz,NA,0,0,0,0,NA,NA,,0,sweep;repeats=50;repeat_idx=7;cohort=common;OMP_NUM_THREADS=1;places=cores;proc_bind=spread;bytes_per_iter=32;nt_store=0;pJ_per_B=1009.237;GBps_per_W=0.9908
2025-10-13T10:30:01,rock-ms7a95,NA,0,kernel,1,1.10,1.2193,1.2193,44.093,36.2,0,stream_triad,openmp,float32,134217728,10,10,1.2193,44.093,36.2,36.2,42949672960,35.23,steady_clock,rapl_energy_uj_delta,0,cpu:Intel(R) Core(TM) i9-7900X CPU @ 3.30GHz,NA,0,0,0,0,NA,NA,,0,sweep;repeats=50;repeat_idx=8;cohort=common;OMP_NUM_THREADS=1;places=cores;proc_bind=spread;bytes_per_iter=32;nt_store=0;pJ_per_B=1026.611;GBps_per_W=0.9741
2025-10-13T10:30:03,rock-ms7a95,NA,0,kernel,1,1.10,1.2186,1.2186,43.537,35.7,0,stream_triad,openmp,float32,134217728,10,10,1.2186,43.537,35.7,35.7,42949672960,35.25,steady_clock,rapl_energy_uj_delta,0,cpu:Intel(R) Core(TM) i9-7900X CPU @ 3.30GHz,NA,0,0,0,0,NA,NA,,0,sweep;repeats=50;repeat_idx=9;cohort=common;OMP_NUM_THREADS=1;places=cores;proc_bind=spread;bytes_per_iter=32;nt_store=0;pJ_per_B=1013.676;GBps_per_W=0.9865
2025-10-13T10:30:04,rock-ms7a95,NA,0,kernel,1,1.10,1.2187,1.2187,43.402,35.6,0,stream_triad,openmp,float32,134217728,10,10,1.2187,43.402,35.6,35.6,42949672960,35.24,steady_clock,rapl_energy_uj_delta,0,cpu:Intel(R) Core(TM) i9-7900X CPU @ 3.30GHz,NA,0,0,0,0,NA,NA,,0,sweep;repeats=50;repeat_idx=10;cohort=common;OMP_NUM_THREADS=1;places=cores;proc_bind=spread;bytes_per_iter=32;nt_store=0;pJ_per_B=1010.533;GBps_per_W=0.9896
2025-10-13T10:30:05,rock-ms7a95,NA,0,kernel,1,1.10,1.2184,1.2184,43.499,35.7,0,stream_triad,openmp,float32,134217728,10,10,1.2184,43.499,35.7,35.7,42949672960,35.25,steady_clock,rapl_energy_uj_delta,0,cpu:Intel(R) Core(TM) i9-7900X CPU @ 3.30GHz,NA,0,0,0,0,NA,NA,,0,sweep;repeats=50;repeat_idx=11;cohort=common;OMP_NUM_THREADS=1;places=cores;proc_bind=spread;bytes_per_iter=32;nt_store=0;pJ_per_B=1012.797;GBps_per_W=0.9874
2025-10-13T10:30:06,rock-ms7a95,NA,0,kernel,1,1.10,1.2187,1.2187,43.282,35.5,0,stream_triad,openmp,float32,134217728,10,10,1.2187,43.282,35.5,35.5,42949672960,35.24,steady_clock,rapl_energy_uj_delta,0,cpu:Intel(R) Core(TM) i9-7900X CPU @ 3.30GHz,NA,0,0,0,0,NA,NA,,0,sweep;repeats=50;repeat_idx=12;cohort=common;OMP_NUM_THREADS=1;places=cores;proc_bind=spread;bytes_per_iter=32;nt_store=0;pJ_per_B=1007.729;GBps_per_W=0.9923
2025-10-13T10:30:08,rock-ms7a95,NA,0,kernel,1,1.10,1.2188,1.2188,43.504,35.7,0,stream_triad,openmp,float32,134217728,10,10,1.2188,43.504,35.7,35.7,42949672960,35.24,steady_clock,rapl_energy_uj_delta,0,cpu:Intel(R) Core(TM) i9-7900X CPU @ 3.30GHz,NA,0,0,0,0,NA,NA,,0,sweep;repeats=50;repeat_idx=13;cohort=common;OMP_NUM_THREADS=1;places=cores;proc_bind=spread;bytes_per_iter=32;nt_store=0;pJ_per_B=1012.904;GBps_per_W=0.9873
2025-10-13T10:30:09,rock-ms7a95,NA,0,kernel,1,1.10,1.2188,1.2188,43.026,35.3,0,stream_triad,openmp,float32,134217728,10,10,1.2188,43.026,35.3,35.3,42949672960,35.24,steady_clock,rapl_energy_uj_delta,0,cpu:Intel(R) Core(TM) i9-7900X CPU @ 3.30GHz,NA,0,0,0,0,NA,NA,,0,sweep;repeats=50;repeat_idx=14;cohort=common;OMP_NUM_THREADS=1;places=cores;proc_bind=spread;bytes_per_iter=32;nt_store=0;pJ_per_B=1001.772;GBps_per_W=0.9982
2025-10-13T10:30:10,rock-ms7a95,NA,0,kernel,1,1.10,1.2184,1.2184,42.892,35.2,0,stream_triad,openmp,float32,134217728,10,10,1.2184,42.892,35.2,35.2,42949672960,35.25,steady_clock,rapl_energy_uj_delta,0,cpu:Intel(R) Core(TM) i9-7900X CPU @ 3.30GHz,NA,0,0,0,0,NA,NA,,0,sweep;repeats=50;repeat_idx=15;cohort=common;OMP_NUM_THREADS=1;places=cores;proc_bind=spread;bytes_per_iter=32;nt_store=0;pJ_per_B=998.652;GBps_per_W=1.0013
2025-10-13T10:30:11,rock-ms7a95,NA,0,kernel,1,1.10,1.2188,1.2188,43.383,35.6,0,stream_triad,openmp,float32,134217728,10,10,1.2188,43.383,35.6,35.6,42949672960,35.24,steady_clock,rapl_energy_uj_delta,0,cpu:Intel(R) Core(TM) i9-7900X CPU @ 3.30GHz,NA,0,0,0,0,NA,NA,,0,sweep;repeats=50;repeat_idx=16;cohort=common;OMP_NUM_THREADS=1;places=cores;proc_bind=spread;bytes_per_iter=32;nt_store=0;pJ_per_B=1010.081;GBps_per_W=0.9900
2025-10-13T10:30:13,rock-ms7a95,NA,0,kernel,1,1.10,1.2188,1.2188,43.098,35.4,0,stream_triad,openmp,float32,134217728,10,10,1.2188,43.098,35.4,35.4,42949672960,35.24,steady_clock,rapl_energy_uj_delta,0,cpu:Intel(R) Core(TM) i9-7900X CPU @ 3.30GHz,NA,0,0,0,0,NA,NA,,0,sweep;repeats=50;repeat_idx=17;cohort=common;OMP_NUM_THREADS=1;places=cores;proc_bind=spread;bytes_per_iter=32;nt_store=0;pJ_per_B=1003.456;GBps_per_W=0.9966
2025-10-13T10:30:14,rock-ms7a95,NA,0,kernel,1,1.10,1.2185,1.2185,43.223,35.5,0,stream_triad,openmp,float32,134217728,10,10,1.2185,43.223,35.5,35.5,42949672960,35.25,steady_clock,rapl_energy_uj_delta,0,cpu:Intel(R) Core(TM) i9-7900X CPU @ 3.30GHz,NA,0,0,0,0,NA,NA,,0,sweep;repeats=50;repeat_idx=18;cohort=common;OMP_NUM_THREADS=1;places=cores;proc_bind=spread;bytes_per_iter=32;nt_store=0;pJ_per_B=1006.370;GBps_per_W=0.9937
2025-10-13T10:30:15,rock-ms7a95,NA,0,kernel,1,1.10,1.2185,1.2185,42.716,35.1,0,stream_triad,openmp,float32,134217728,10,10,1.2185,42.716,35.1,35.1,42949672960,35.25,steady_clock,rapl_energy_uj_delta,0,cpu:Intel(R) Core(TM) i9-7900X CPU @ 3.30GHz,NA,0,0,0,0,NA,NA,,0,sweep;repeats=50;repeat_idx=19;cohort=common;OMP_NUM_THREADS=1;places=cores;proc_bind=spread;bytes_per_iter=32;nt_store=0;pJ_per_B=994.551;GBps_per_W=1.0055
2025-10-13T10:30:17,rock-ms7a95,NA,0,kernel,1,1.10,1.2185,1.2185,43.671,35.8,0,stream_triad,openmp,float32,134217728,10,10,1.2185,43.671,35.8,35.8,42949672960,35.25,steady_clock,rapl_energy_uj_delta,0,cpu:Intel(R) Core(TM) i9-7900X CPU @ 3.30GHz,NA,0,0,0,0,NA,NA,,0,sweep;repeats=50;repeat_idx=20;cohort=common;OMP_NUM_THREADS=1;places=cores;proc_bind=spread;bytes_per_iter=32;nt_store=0;pJ_per_B=1016.791;GBps_per_W=0.9835
2025-10-13T10:30:18,rock-ms7a95,NA,0,kernel,1,1.10,1.2183,1.2183,42.967,35.3,0,stream_triad,openmp,float32,134217728,10,10,1.2183,42.967,35.3,35.3,42949672960,35.25,steady_clock,rapl_energy_uj_delta,0,cpu:Intel(R) Core(TM) i9-7900X CPU @ 3.30GHz,NA,0,0,0,0,NA,NA,,0,sweep;repeats=50;repeat_idx=21;cohort=common;OMP_NUM_THREADS=1;places=cores;proc_bind=spread;bytes_per_iter=32;nt_store=0;pJ_per_B=1000.399;GBps_per_W=0.9996
2025-10-13T10:30:19,rock-ms7a95,NA,0,kernel,1,1.10,1.2183,1.2183,43.585,35.8,0,stream_triad,openmp,float32,134217728,10,10,1.2183,43.585,35.8,35.8,42949672960,35.25,steady_clock,rapl_energy_uj_delta,0,cpu:Intel(R) Core(TM) i9-7900X CPU @ 3.30GHz,NA,0,0,0,0,NA,NA,,0,sweep;repeats=50;repeat_idx=22;cohort=common;OMP_NUM_THREADS=1;places=cores;proc_bind=spread;bytes_per_iter=32;nt_store=0;pJ_per_B=1014.802;GBps_per_W=0.9854
2025-10-13T10:30:20,rock-ms7a95,NA,0,kernel,1,1.10,1.2182,1.2182,43.562,35.8,0,stream_triad,openmp,float32,134217728,10,10,1.2182,43.562,35.8,35.8,42949672960,35.26,steady_clock,rapl_energy_uj_delta,0,cpu:Intel(R) Core(TM) i9-7900X CPU @ 3.30GHz,NA,0,0,0,0,NA,NA,,0,sweep;repeats=50;repeat_idx=23;cohort=common;OMP_NUM_THREADS=1;places=cores;proc_bind=spread;bytes_per_iter=32;nt_store=0;pJ_per_B=1014.256;GBps_per_W=0.9859
2025-10-13T10:30:22,rock-ms7a95,NA,0,kernel,1,1.10,1.2183,1.2183,43.504,35.7,0,stream_triad,openmp,float32,134217728,10,10,1.2183,43.504,35.7,35.7,42949672960,35.25,steady_clock,rapl_energy_uj_delta,0,cpu:Intel(R) Core(TM) i9-7900X CPU @ 3.30GHz,NA,0,0,0,0,NA,NA,,0,sweep;repeats=50;repeat_idx=24;cohort=common;OMP_NUM_THREADS=1;places=cores;proc_bind=spread;bytes_per_iter=32;nt_store=0;pJ_per_B=1012.909;GBps_per_W=0.9873
2025-10-13T10:30:23,rock-ms7a95,NA,0,kernel,1,1.10,1.2184,1.2184,43.221,35.5,0,stream_triad,openmp,float32,134217728,10,10,1.2184,43.221,35.5,35.5,42949672960,35.25,steady_clock,rapl_energy_uj_delta,0,cpu:Intel(R) Core(TM) i9-7900X CPU @ 3.30GHz,NA,0,0,0,0,NA,NA,,0,sweep;repeats=50;repeat_idx=25;cohort=common;OMP_NUM_THREADS=1;places=cores;proc_bind=spread;bytes_per_iter=32;nt_store=0;pJ_per_B=1006.328;GBps_per_W=0.9937
2025-10-13T10:30:24,rock-ms7a95,NA,0,kernel,1,1.10,1.2182,1.2182,43.598,35.8,0,stream_triad,openmp,float32,134217728,10,10,1.2182,43.598,35.8,35.8,42949672960,35.26,steady_clock,rapl_energy_uj_delta,0,cpu:Intel(R) Core(TM) i9-7900X CPU @ 3.30GHz,NA,0,0,0,0,NA,NA,,0,sweep;repeats=50;repeat_idx=26;cohort=common;OMP_NUM_THREADS=1;places=cores;proc_bind=spread;bytes_per_iter=32;nt_store=0;pJ_per_B=1015.104;GBps_per_W=0.9851
2025-10-13T10:30:25,rock-ms7a95,NA,0,kernel,1,1.10,1.2184,1.2184,43.668,35.8,0,stream_triad,openmp,float32,134217728,10,10,1.2184,43.668,35.8,35.8,42949672960,35.25,steady_clock,rapl_energy_uj_delta,0,cpu:Intel(R) Core(TM) i9-7900X CPU @ 3.30GHz,NA,0,0,0,0,NA,NA,,0,sweep;repeats=50;repeat_idx=27;cohort=common;OMP_NUM_THREADS=1;places=cores;proc_bind=spread;bytes_per_iter=32;nt_store=0;pJ_per_B=1016.724;GBps_per_W=0.9836
2025-10-13T10:30:27,rock-ms7a95,NA,0,kernel,1,1.10,1.2183,1.2183,43.669,35.8,0,stream_triad,openmp,float32,134217728,10,10,1.2183,43.669,35.8,35.8,42949672960,35.25,steady_clock,rapl_energy_uj_delta,0,cpu:Intel(R) Core(TM) i9-7900X CPU @ 3.30GHz,NA,0,0,0,0,NA,NA,,0,sweep;repeats=50;repeat_idx=28;cohort=common;OMP_NUM_THREADS=1;places=cores;proc_bind=spread;bytes_per_iter=32;nt_store=0;pJ_per_B=1016.751;GBps_per_W=0.9835
2025-10-13T10:30:28,rock-ms7a95,NA,0,kernel,1,1.10,1.2182,1.2182,43.705,35.9,0,stream_triad,openmp,float32,134217728,10,10,1.2182,43.705,35.9,35.9,42949672960,35.26,steady_clock,rapl_energy_uj_delta,0,cpu:Intel(R) Core(TM) i9-7900X CPU @ 3.30GHz,NA,0,0,0,0,NA,NA,,0,sweep;repeats=50;repeat_idx=29;cohort=common;OMP_NUM_THREADS=1;places=cores;proc_bind=spread;bytes_per_iter=32;nt_store=0;pJ_per_B=1017.587;GBps_per_W=0.9827
2025-10-13T10:30:29,rock-ms7a95,NA,0,kernel,1,1.10,1.2201,1.2201,44.727,36.7,0,stream_triad,openmp,float32,134217728,10,10,1.2201,44.727,36.7,36.7,42949672960,35.20,steady_clock,rapl_energy_uj_delta,0,cpu:Intel(R) Core(TM) i9-7900X CPU @ 3.30GHz,NA,0,0,0,0,NA,NA,,0,sweep;repeats=50;repeat_idx=30;cohort=common;OMP_NUM_THREADS=1;places=cores;proc_bind=spread;bytes_per_iter=32;nt_store=0;pJ_per_B=1041.373;GBps_per_W=0.9603
2025-10-13T10:30:30,rock-ms7a95,NA,0,kernel,1,1.10,1.2168,1.2168,43.686,35.9,0,stream_triad,openmp,float32,134217728,10,10,1.2168,43.686,35.9,35.9,42949672960,35.30,steady_clock,rapl_energy_uj_delta,0,cpu:Intel(R) Core(TM) i9-7900X CPU @ 3.30GHz,NA,0,0,0,0,NA,NA,,0,sweep;repeats=50;repeat_idx=31;cohort=common;OMP_NUM_THREADS=1;places=cores;proc_bind=spread;bytes_per_iter=32;nt_store=0;pJ_per_B=1017.142;GBps_per_W=0.9831
2025-10-13T10:30:32,rock-ms7a95,NA,0,kernel,1,1.10,1.2168,1.2168,43.926,36.1,0,stream_triad,openmp,float32,134217728,10,10,1.2168,43.926,36.1,36.1,42949672960,35.30,steady_clock,rapl_energy_uj_delta,0,cpu:Intel(R) Core(TM) i9-7900X CPU @ 3.30GHz,NA,0,0,0,0,NA,NA,,0,sweep;repeats=50;repeat_idx=32;cohort=common;OMP_NUM_THREADS=1;places=cores;proc_bind=spread;bytes_per_iter=32;nt_store=0;pJ_per_B=1022.724;GBps_per_W=0.9778
2025-10-13T10:30:33,rock-ms7a95,NA,0,kernel,1,1.10,1.2166,1.2166,43.149,35.5,0,stream_triad,openmp,float32,134217728,10,10,1.2166,43.149,35.5,35.5,42949672960,35.30,steady_clock,rapl_energy_uj_delta,0,cpu:Intel(R) Core(TM) i9-7900X CPU @ 3.30GHz,NA,0,0,0,0,NA,NA,,0,sweep;repeats=50;repeat_idx=33;cohort=common;OMP_NUM_THREADS=1;places=cores;proc_bind=spread;bytes_per_iter=32;nt_store=0;pJ_per_B=1004.630;GBps_per_W=0.9954
2025-10-13T10:30:34,rock-ms7a95,NA,0,kernel,1,1.10,1.2164,1.2164,43.113,35.4,0,stream_triad,openmp,float32,134217728,10,10,1.2164,43.113,35.4,35.4,42949672960,35.31,steady_clock,rapl_energy_uj_delta,0,cpu:Intel(R) Core(TM) i9-7900X CPU @ 3.30GHz,NA,0,0,0,0,NA,NA,,0,sweep;repeats=50;repeat_idx=34;cohort=common;OMP_NUM_THREADS=1;places=cores;proc_bind=spread;bytes_per_iter=32;nt_store=0;pJ_per_B=1003.804;GBps_per_W=0.9962
2025-10-13T10:30:35,rock-ms7a95,NA,0,kernel,1,1.10,1.2163,1.2163,43.449,35.7,0,stream_triad,openmp,float32,134217728,10,10,1.2163,43.449,35.7,35.7,42949672960,35.31,steady_clock,rapl_energy_uj_delta,0,cpu:Intel(R) Core(TM) i9-7900X CPU @ 3.30GHz,NA,0,0,0,0,NA,NA,,0,sweep;repeats=50;repeat_idx=35;cohort=common;OMP_NUM_THREADS=1;places=cores;proc_bind=spread;bytes_per_iter=32;nt_store=0;pJ_per_B=1011.633;GBps_per_W=0.9885
2025-10-13T10:30:37,rock-ms7a95,NA,0,kernel,1,1.10,1.2166,1.2166,42.973,35.3,0,stream_triad,openmp,float32,134217728,10,10,1.2166,42.973,35.3,35.3,42949672960,35.30,steady_clock,rapl_energy_uj_delta,0,cpu:Intel(R) Core(TM) i9-7900X CPU @ 3.30GHz,NA,0,0,0,0,NA,NA,,0,sweep;repeats=50;repeat_idx=36;cohort=common;OMP_NUM_THREADS=1;places=cores;proc_bind=spread;bytes_per_iter=32;nt_store=0;pJ_per_B=1000.551;GBps_per_W=0.9994
2025-10-13T10:30:38,rock-ms7a95,NA,0,kernel,1,1.10,1.2167,1.2167,43.922,36.1,0,stream_triad,openmp,float32,134217728,10,10,1.2167,43.922,36.1,36.1,42949672960,35.30,steady_clock,rapl_energy_uj_delta,0,cpu:Intel(R) Core(TM) i9-7900X CPU @ 3.30GHz,NA,0,0,0,0,NA,NA,,0,sweep;repeats=50;repeat_idx=37;cohort=common;OMP_NUM_THREADS=1;places=cores;proc_bind=spread;bytes_per_iter=32;nt_store=0;pJ_per_B=1022.650;GBps_per_W=0.9779
2025-10-13T10:30:39,rock-ms7a95,NA,0,kernel,1,1.10,1.2167,1.2167,43.779,36.0,0,stream_triad,openmp,float32,134217728,10,10,1.2167,43.779,36.0,36.0,42949672960,35.30,steady_clock,rapl_energy_uj_delta,0,cpu:Intel(R) Core(TM) i9-7900X CPU @ 3.30GHz,NA,0,0,0,0,NA,NA,,0,sweep;repeats=50;repeat_idx=38;cohort=common;OMP_NUM_THREADS=1;places=cores;proc_bind=spread;bytes_per_iter=32;nt_store=0;pJ_per_B=1019.299;GBps_per_W=0.9811
2025-10-13T10:30:41,rock-ms7a95,NA,0,kernel,1,1.10,1.2167,1.2167,43.170,35.5,0,stream_triad,openmp,float32,134217728,10,10,1.2167,43.170,35.5,35.5,42949672960,35.30,steady_clock,rapl_energy_uj_delta,0,cpu:Intel(R) Core(TM) i9-7900X CPU @ 3.30GHz,NA,0,0,0,0,NA,NA,,0,sweep;repeats=50;repeat_idx=39;cohort=common;OMP_NUM_THREADS=1;places=cores;proc_bind=spread;bytes_per_iter=32;nt_store=0;pJ_per_B=1005.124;GBps_per_W=0.9949
2025-10-13T10:30:42,rock-ms7a95,NA,0,kernel,1,1.10,1.2185,1.2185,41.737,34.3,0,stream_triad,openmp,float32,134217728,10,10,1.2185,41.737,34.3,34.3,42949672960,35.25,steady_clock,rapl_energy_uj_delta,0,cpu:Intel(R) Core(TM) i9-7900X CPU @ 3.30GHz,NA,0,0,0,0,NA,NA,,0,sweep;repeats=50;repeat_idx=40;cohort=common;OMP_NUM_THREADS=1;places=cores;proc_bind=spread;bytes_per_iter=32;nt_store=0;pJ_per_B=971.773;GBps_per_W=1.0290
2025-10-13T10:30:43,rock-ms7a95,NA,0,kernel,1,1.10,1.2182,1.2182,41.889,34.4,0,stream_triad,openmp,float32,134217728,10,10,1.2182,41.889,34.4,34.4,42949672960,35.26,steady_clock,rapl_energy_uj_delta,0,cpu:Intel(R) Core(TM) i9-7900X CPU @ 3.30GHz,NA,0,0,0,0,NA,NA,,0,sweep;repeats=50;repeat_idx=41;cohort=common;OMP_NUM_THREADS=1;places=cores;proc_bind=spread;bytes_per_iter=32;nt_store=0;pJ_per_B=975.313;GBps_per_W=1.0253
2025-10-13T10:30:44,rock-ms7a95,NA,0,kernel,1,1.10,1.2184,1.2184,42.484,34.9,0,stream_triad,openmp,float32,134217728,10,10,1.2184,42.484,34.9,34.9,42949672960,35.25,steady_clock,rapl_energy_uj_delta,0,cpu:Intel(R) Core(TM) i9-7900X CPU @ 3.30GHz,NA,0,0,0,0,NA,NA,,0,sweep;repeats=50;repeat_idx=42;cohort=common;OMP_NUM_THREADS=1;places=cores;proc_bind=spread;bytes_per_iter=32;nt_store=0;pJ_per_B=989.150;GBps_per_W=1.0110
2025-10-13T10:30:46,rock-ms7a95,NA,0,kernel,1,1.10,1.2184,1.2184,43.661,35.8,0,stream_triad,openmp,float32,134217728,10,10,1.2184,43.661,35.8,35.8,42949672960,35.25,steady_clock,rapl_energy_uj_delta,0,cpu:Intel(R) Core(TM) i9-7900X CPU @ 3.30GHz,NA,0,0,0,0,NA,NA,,0,sweep;repeats=50;repeat_idx=43;cohort=common;OMP_NUM_THREADS=1;places=cores;proc_bind=spread;bytes_per_iter=32;nt_store=0;pJ_per_B=1016.569;GBps_per_W=0.9837
2025-10-13T10:30:47,rock-ms7a95,NA,0,kernel,1,1.10,1.2185,1.2185,43.210,35.5,0,stream_triad,openmp,float32,134217728,10,10,1.2185,43.210,35.5,35.5,42949672960,35.25,steady_clock,rapl_energy_uj_delta,0,cpu:Intel(R) Core(TM) i9-7900X CPU @ 3.30GHz,NA,0,0,0,0,NA,NA,,0,sweep;repeats=50;repeat_idx=44;cohort=common;OMP_NUM_THREADS=1;places=cores;proc_bind=spread;bytes_per_iter=32;nt_store=0;pJ_per_B=1006.051;GBps_per_W=0.9940
2025-10-13T10:30:48,rock-ms7a95,NA,0,kernel,1,1.10,1.2182,1.2182,42.626,35.0,0,stream_triad,openmp,float32,134217728,10,10,1.2182,42.626,35.0,35.0,42949672960,35.26,steady_clock,rapl_energy_uj_delta,0,cpu:Intel(R) Core(TM) i9-7900X CPU @ 3.30GHz,NA,0,0,0,0,NA,NA,,0,sweep;repeats=50;repeat_idx=45;cohort=common;OMP_NUM_THREADS=1;places=cores;proc_bind=spread;bytes_per_iter=32;nt_store=0;pJ_per_B=992.455;GBps_per_W=1.0076
2025-10-13T10:30:49,rock-ms7a95,NA,0,kernel,1,1.10,1.2183,1.2183,42.930,35.2,0,stream_triad,openmp,float32,134217728,10,10,1.2183,42.930,35.2,35.2,42949672960,35.25,steady_clock,rapl_energy_uj_delta,0,cpu:Intel(R) Core(TM) i9-7900X CPU @ 3.30GHz,NA,0,0,0,0,NA,NA,,0,sweep;repeats=50;repeat_idx=46;cohort=common;OMP_NUM_THREADS=1;places=cores;proc_bind=spread;bytes_per_iter=32;nt_store=0;pJ_per_B=999.531;GBps_per_W=1.0005
2025-10-13T10:30:51,rock-ms7a95,NA,0,kernel,1,1.10,1.2184,1.2184,42.760,35.1,0,stream_triad,openmp,float32,134217728,10,10,1.2184,42.760,35.1,35.1,42949672960,35.25,steady_clock,rapl_energy_uj_delta,0,cpu:Intel(R) Core(TM) i9-7900X CPU @ 3.30GHz,NA,0,0,0,0,NA,NA,,0,sweep;repeats=50;repeat_idx=47;cohort=common;OMP_NUM_THREADS=1;places=cores;proc_bind=spread;bytes_per_iter=32;nt_store=0;pJ_per_B=995.579;GBps_per_W=1.0044
2025-10-13T10:30:52,rock-ms7a95,NA,0,kernel,1,1.10,1.2183,1.2183,42.215,34.6,0,stream_triad,openmp,float32,134217728,10,10,1.2183,42.215,34.6,34.6,42949672960,35.25,steady_clock,rapl_energy_uj_delta,0,cpu:Intel(R) Core(TM) i9-7900X CPU @ 3.30GHz,NA,0,0,0,0,NA,NA,,0,sweep;repeats=50;repeat_idx=48;cohort=common;OMP_NUM_THREADS=1;places=cores;proc_bind=spread;bytes_per_iter=32;nt_store=0;pJ_per_B=982.900;GBps_per_W=1.0174
2025-10-13T10:30:53,rock-ms7a95,NA,0,kernel,1,1.10,1.2186,1.2186,42.331,34.7,0,stream_triad,openmp,float32,134217728,10,10,1.2186,42.331,34.7,34.7,42949672960,35.25,steady_clock,rapl_energy_uj_delta,0,cpu:Intel(R) Core(TM) i9-7900X CPU @ 3.30GHz,NA,0,0,0,0,NA,NA,,0,sweep;repeats=50;repeat_idx=49;cohort=common;OMP_NUM_THREADS=1;places=cores;proc_bind=spread;bytes_per_iter=32;nt_store=0;pJ_per_B=985.606;GBps_per_W=1.0146
2025-10-13T10:30:55,rock-ms7a95,NA,0,kernel,1,1.10,1.2182,1.2182,41.757,34.3,0,stream_triad,openmp,float32,268435456,5,5,1.2182,41.757,34.3,34.3,42949672960,35.26,steady_clock,rapl_energy_uj_delta,0,cpu:Intel(R) Core(TM) i9-7900X CPU @ 3.30GHz,NA,0,0,0,0,NA,NA,,0,sweep;repeats=50;repeat_idx=0;cohort=common;OMP_NUM_THREADS=1;places=cores;proc_bind=spread;bytes_per_iter=32;nt_store=0;pJ_per_B=972.232;GBps_per_W=1.0286
2025-10-13T10:30:56,rock-ms7a95,NA,0,kernel,1,1.10,1.2199,1.2199,41.605,34.1,0,stream_triad,openmp,float32,268435456,5,5,1.2199,41.605,34.1,34.1,42949672960,35.21,steady_clock,rapl_energy_uj_delta,0,cpu:Intel(R) Core(TM) i9-7900X CPU @ 3.30GHz,NA,0,0,0,0,NA,NA,,0,sweep;repeats=50;repeat_idx=1;cohort=common;OMP_NUM_THREADS=1;places=cores;proc_bind=spread;bytes_per_iter=32;nt_store=0;pJ_per_B=968.697;GBps_per_W=1.0323
2025-10-13T10:30:58,rock-ms7a95,NA,0,kernel,1,1.10,1.2199,1.2199,41.816,34.3,0,stream_triad,openmp,float32,268435456,5,5,1.2199,41.816,34.3,34.3,42949672960,35.21,steady_clock,rapl_energy_uj_delta,0,cpu:Intel(R) Core(TM) i9-7900X CPU @ 3.30GHz,NA,0,0,0,0,NA,NA,,0,sweep;repeats=50;repeat_idx=2;cohort=common;OMP_NUM_THREADS=1;places=cores;proc_bind=spread;bytes_per_iter=32;nt_store=0;pJ_per_B=973.612;GBps_per_W=1.0271
2025-10-13T10:30:59,rock-ms7a95,NA,0,kernel,1,1.10,1.2200,1.2200,42.209,34.6,0,stream_triad,openmp,float32,268435456,5,5,1.2200,42.209,34.6,34.6,42949672960,35.21,steady_clock,rapl_energy_uj_delta,0,cpu:Intel(R) Core(TM) i9-7900X CPU @ 3.30GHz,NA,0,0,0,0,NA,NA,,0,sweep;repeats=50;repeat_idx=3;cohort=common;OMP_NUM_THREADS=1;places=cores;proc_bind=spread;bytes_per_iter=32;nt_store=0;pJ_per_B=982.766;GBps_per_W=1.0175
2025-10-13T10:31:00,rock-ms7a95,NA,0,kernel,1,1.10,1.2199,1.2199,41.546,34.1,0,stream_triad,openmp,float32,268435456,5,5,1.2199,41.546,34.1,34.1,42949672960,35.21,steady_clock,rapl_energy_uj_delta,0,cpu:Intel(R) Core(TM) i9-7900X CPU @ 3.30GHz,NA,0,0,0,0,NA,NA,,0,sweep;repeats=50;repeat_idx=4;cohort=common;OMP_NUM_THREADS=1;places=cores;proc_bind=spread;bytes_per_iter=32;nt_store=0;pJ_per_B=967.313;GBps_per_W=1.0338
2025-10-13T10:31:02,rock-ms7a95,NA,0,kernel,1,1.10,1.2200,1.2200,42.336,34.7,0,stream_triad,openmp,float32,268435456,5,5,1.2200,42.336,34.7,34.7,42949672960,35.20,steady_clock,rapl_energy_uj_delta,0,cpu:Intel(R) Core(TM) i9-7900X CPU @ 3.30GHz,NA,0,0,0,0,NA,NA,,0,sweep;repeats=50;repeat_idx=5;cohort=common;OMP_NUM_THREADS=1;places=cores;proc_bind=spread;bytes_per_iter=32;nt_store=0;pJ_per_B=985.702;GBps_per_W=1.0145
2025-10-13T10:31:03,rock-ms7a95,NA,0,kernel,1,1.10,1.2200,1.2200,43.089,35.3,0,stream_triad,openmp,float32,268435456,5,5,1.2200,43.089,35.3,35.3,42949672960,35.20,steady_clock,rapl_energy_uj_delta,0,cpu:Intel(R) Core(TM) i9-7900X CPU @ 3.30GHz,NA,0,0,0,0,NA,NA,,0,sweep;repeats=50;repeat_idx=6;cohort=common;OMP_NUM_THREADS=1;places=cores;proc_bind=spread;bytes_per_iter=32;nt_store=0;pJ_per_B=1003.244;GBps_per_W=0.9968
2025-10-13T10:31:04,rock-ms7a95,NA,0,kernel,1,1.10,1.2198,1.2198,42.273,34.7,0,stream_triad,openmp,float32,268435456,5,5,1.2198,42.273,34.7,34.7,42949672960,35.21,steady_clock,rapl_energy_uj_delta,0,cpu:Intel(R) Core(TM) i9-7900X CPU @ 3.30GHz,NA,0,0,0,0,NA,NA,,0,sweep;repeats=50;repeat_idx=7;cohort=common;OMP_NUM_THREADS=1;places=cores;proc_bind=spread;bytes_per_iter=32;nt_store=0;pJ_per_B=984.246;GBps_per_W=1.0160
2025-10-13T10:31:05,rock-ms7a95,NA,0,kernel,1,1.10,1.2199,1.2199,41.996,34.4,0,stream_triad,openmp,float32,268435456,5,5,1.2199,41.996,34.4,34.4,42949672960,35.21,steady_clock,rapl_energy_uj_delta,0,cpu:Intel(R) Core(TM) i9-7900X CPU @ 3.30GHz,NA,0,0,0,0,NA,NA,,0,sweep;repeats=50;repeat_idx=8;cohort=common;OMP_NUM_THREADS=1;places=cores;proc_bind=spread;bytes_per_iter=32;nt_store=0;pJ_per_B=977.792;GBps_per_W=1.0227
2025-10-13T10:31:07,rock-ms7a95,NA,0,kernel,1,1.10,1.2199,1.2199,42.823,35.1,0,stream_triad,openmp,float32,268435456,5,5,1.2199,42.823,35.1,35.1,42949672960,35.21,steady_clock,rapl_energy_uj_delta,0,cpu:Intel(R) Core(TM) i9-7900X CPU @ 3.30GHz,NA,0,0,0,0,NA,NA,,0,sweep;repeats=50;repeat_idx=9;cohort=common;OMP_NUM_THREADS=1;places=cores;proc_bind=spread;bytes_per_iter=32;nt_store=0;pJ_per_B=997.050;GBps_per_W=1.0030
2025-10-13T10:31:08,rock-ms7a95,NA,0,kernel,1,1.10,1.2197,1.2197,42.333,34.7,0,stream_triad,openmp,float32,268435456,5,5,1.2197,42.333,34.7,34.7,42949672960,35.21,steady_clock,rapl_energy_uj_delta,0,cpu:Intel(R) Core(TM) i9-7900X CPU @ 3.30GHz,NA,0,0,0,0,NA,NA,,0,sweep;repeats=50;repeat_idx=10;cohort=common;OMP_NUM_THREADS=1;places=cores;proc_bind=spread;bytes_per_iter=32;nt_store=0;pJ_per_B=985.644;GBps_per_W=1.0146
2025-10-13T10:31:09,rock-ms7a95,NA,0,kernel,1,1.10,1.2200,1.2200,42.279,34.7,0,stream_triad,openmp,float32,268435456,5,5,1.2200,42.279,34.7,34.7,42949672960,35.20,steady_clock,rapl_energy_uj_delta,0,cpu:Intel(R) Core(TM) i9-7900X CPU @ 3.30GHz,NA,0,0,0,0,NA,NA,,0,sweep;repeats=50;repeat_idx=11;cohort=common;OMP_NUM_THREADS=1;places=cores;proc_bind=spread;bytes_per_iter=32;nt_store=0;pJ_per_B=984.390;GBps_per_W=1.0159
2025-10-13T10:31:11,rock-ms7a95,NA,0,kernel,1,1.10,1.2197,1.2197,42.495,34.8,0,stream_triad,openmp,float32,268435456,5,5,1.2197,42.495,34.8,34.8,42949672960,35.21,steady_clock,rapl_energy_uj_delta,0,cpu:Intel(R) Core(TM) i9-7900X CPU @ 3.30GHz,NA,0,0,0,0,NA,NA,,0,sweep;repeats=50;repeat_idx=12;cohort=common;OMP_NUM_THREADS=1;places=cores;proc_bind=spread;bytes_per_iter=32;nt_store=0;pJ_per_B=989.415;GBps_per_W=1.0107
2025-10-13T10:31:12,rock-ms7a95,NA,0,kernel,1,1.10,1.2198,1.2198,41.911,34.4,0,stream_triad,openmp,float32,268435456,5,5,1.2198,41.911,34.4,34.4,42949672960,35.21,steady_clock,rapl_energy_uj_delta,0,cpu:Intel(R) Core(TM) i9-7900X CPU @ 3.30GHz,NA,0,0,0,0,NA,NA,,0,sweep;repeats=50;repeat_idx=13;cohort=common;OMP_NUM_THREADS=1;places=cores;proc_bind=spread;bytes_per_iter=32;nt_store=0;pJ_per_B=975.811;GBps_per_W=1.0248
2025-10-13T10:31:13,rock-ms7a95,NA,0,kernel,1,1.10,1.2197,1.2197,43.435,35.6,0,stream_triad,openmp,float32,268435456,5,5,1.2197,43.435,35.6,35.6,42949672960,35.21,steady_clock,rapl_energy_uj_delta,0,cpu:Intel(R) Core(TM) i9-7900X CPU @ 3.30GHz,NA,0,0,0,0,NA,NA,,0,sweep;repeats=50;repeat_idx=14;cohort=common;OMP_NUM_THREADS=1;places=cores;proc_bind=spread;bytes_per_iter=32;nt_store=0;pJ_per_B=1011.300;GBps_per_W=0.9888
2025-10-13T10:31:15,rock-ms7a95,NA,0,kernel,1,1.10,1.2194,1.2194,42.981,35.2,0,stream_triad,openmp,float32,268435456,5,5,1.2194,42.981,35.2,35.2,42949672960,35.22,steady_clock,rapl_energy_uj_delta,0,cpu:Intel(R) Core(TM) i9-7900X CPU @ 3.30GHz,NA,0,0,0,0,NA,NA,,0,sweep;repeats=50;repeat_idx=15;cohort=common;OMP_NUM_THREADS=1;places=cores;proc_bind=spread;bytes_per_iter=32;nt_store=0;pJ_per_B=1000.724;GBps_per_W=0.9993
2025-10-13T10:31:16,rock-ms7a95,NA,0,kernel,1,1.10,1.2178,1.2178,42.827,35.2,0,stream_triad,openmp,float32,268435456,5,5,1.2178,42.827,35.2,35.2,42949672960,35.27,steady_clock,rapl_energy_uj_delta,0,cpu:Intel(R) Core(TM) i9-7900X CPU @ 3.30GHz,NA,0,0,0,0,NA,NA,,0,sweep;repeats=50;repeat_idx=16;cohort=common;OMP_NUM_THREADS=1;places=cores;proc_bind=spread;bytes_per_iter=32;nt_store=0;pJ_per_B=997.138;GBps_per_W=1.0029
2025-10-13T10:31:17,rock-ms7a95,NA,0,kernel,1,1.10,1.2179,1.2179,42.866,35.2,0,stream_triad,openmp,float32,268435456,5,5,1.2179,42.866,35.2,35.2,42949672960,35.26,steady_clock,rapl_energy_uj_delta,0,cpu:Intel(R) Core(TM) i9-7900X CPU @ 3.30GHz,NA,0,0,0,0,NA,NA,,0,sweep;repeats=50;repeat_idx=17;cohort=common;OMP_NUM_THREADS=1;places=cores;proc_bind=spread;bytes_per_iter=32;nt_store=0;pJ_per_B=998.049;GBps_per_W=1.0020
2025-10-13T10:31:19,rock-ms7a95,NA,0,kernel,1,1.10,1.2180,1.2180,42.680,35.0,0,stream_triad,openmp,float32,268435456,5,5,1.2180,42.680,35.0,35.0,42949672960,35.26,steady_clock,rapl_energy_uj_delta,0,cpu:Intel(R) Core(TM) i9-7900X CPU @ 3.30GHz,NA,0,0,0,0,NA,NA,,0,sweep;repeats=50;repeat_idx=18;cohort=common;OMP_NUM_THREADS=1;places=cores;proc_bind=spread;bytes_per_iter=32;nt_store=0;pJ_per_B=993.730;GBps_per_W=1.0063
2025-10-13T10:31:20,rock-ms7a95,NA,0,kernel,1,1.10,1.2179,1.2179,42.779,35.1,0,stream_triad,openmp,float32,268435456,5,5,1.2179,42.779,35.1,35.1,42949672960,35.26,steady_clock,rapl_energy_uj_delta,0,cpu:Intel(R) Core(TM) i9-7900X CPU @ 3.30GHz,NA,0,0,0,0,NA,NA,,0,sweep;repeats=50;repeat_idx=19;cohort=common;OMP_NUM_THREADS=1;places=cores;proc_bind=spread;bytes_per_iter=32;nt_store=0;pJ_per_B=996.032;GBps_per_W=1.0040
2025-10-13T10:31:21,rock-ms7a95,NA,0,kernel,1,1.10,1.2197,1.2197,43.168,35.4,0,stream_triad,openmp,float32,268435456,5,5,1.2197,43.168,35.4,35.4,42949672960,35.21,steady_clock,rapl_energy_uj_delta,0,cpu:Intel(R) Core(TM) i9-7900X CPU @ 3.30GHz,NA,0,0,0,0,NA,NA,,0,sweep;repeats=50;repeat_idx=20;cohort=common;OMP_NUM_THREADS=1;places=cores;proc_bind=spread;bytes_per_iter=32;nt_store=0;pJ_per_B=1005.094;GBps_per_W=0.9949
2025-10-13T10:31:22,rock-ms7a95,NA,0,kernel,1,1.10,1.2195,1.2195,44.082,36.1,0,stream_triad,openmp,float32,268435456,5,5,1.2195,44.082,36.1,36.1,42949672960,35.22,steady_clock,rapl_energy_uj_delta,0,cpu:Intel(R) Core(TM) i9-7900X CPU @ 3.30GHz,NA,0,0,0,0,NA,NA,,0,sweep;repeats=50;repeat_idx=21;cohort=common;OMP_NUM_THREADS=1;places=cores;proc_bind=spread;bytes_per_iter=32;nt_store=0;pJ_per_B=1026.364;GBps_per_W=0.9743
2025-10-13T10:31:24,rock-ms7a95,NA,0,kernel,1,1.10,1.2197,1.2197,44.077,36.1,0,stream_triad,openmp,float32,268435456,5,5,1.2197,44.077,36.1,36.1,42949672960,35.21,steady_clock,rapl_energy_uj_delta,0,cpu:Intel(R) Core(TM) i9-7900X CPU @ 3.30GHz,NA,0,0,0,0,NA,NA,,0,sweep;repeats=50;repeat_idx=22;cohort=common;OMP_NUM_THREADS=1;places=cores;proc_bind=spread;bytes_per_iter=32;nt_store=0;pJ_per_B=1026.239;GBps_per_W=0.9744
2025-10-13T10:31:25,rock-ms7a95,NA,0,kernel,1,1.10,1.2198,1.2198,43.595,35.7,0,stream_triad,openmp,float32,268435456,5,5,1.2198,43.595,35.7,35.7,42949672960,35.21,steady_clock,rapl_energy_uj_delta,0,cpu:Intel(R) Core(TM) i9-7900X CPU @ 3.30GHz,NA,0,0,0,0,NA,NA,,0,sweep;repeats=50;repeat_idx=23;cohort=common;OMP_NUM_THREADS=1;places=cores;proc_bind=spread;bytes_per_iter=32;nt_store=0;pJ_per_B=1015.033;GBps_per_W=0.9852
2025-10-13T10:31:26,rock-ms7a95,NA,0,kernel,1,1.10,1.2197,1.2197,43.729,35.9,0,stream_triad,openmp,float32,268435456,5,5,1.2197,43.729,35.9,35.9,42949672960,35.21,steady_clock,rapl_energy_uj_delta,0,cpu:Intel(R) Core(TM) i9-7900X CPU @ 3.30GHz,NA,0,0,0,0,NA,NA,,0,sweep;repeats=50;repeat_idx=24;cohort=common;OMP_NUM_THREADS=1;places=cores;proc_bind=spread;bytes_per_iter=32;nt_store=0;pJ_per_B=1018.134;GBps_per_W=0.9822
2025-10-13T10:31:28,rock-ms7a95,NA,0,kernel,1,1.10,1.2196,1.2196,43.744,35.9,0,stream_triad,openmp,float32,268435456,5,5,1.2196,43.744,35.9,35.9,42949672960,35.22,steady_clock,rapl_energy_uj_delta,0,cpu:Intel(R) Core(TM) i9-7900X CPU @ 3.30GHz,NA,0,0,0,0,NA,NA,,0,sweep;repeats=50;repeat_idx=25;cohort=common;OMP_NUM_THREADS=1;places=cores;proc_bind=spread;bytes_per_iter=32;nt_store=0;pJ_per_B=1018.487;GBps_per_W=0.9818
2025-10-13T10:31:29,rock-ms7a95,NA,0,kernel,1,1.10,1.2199,1.2199,43.678,35.8,0,stream_triad,openmp,float32,268435456,5,5,1.2199,43.678,35.8,35.8,42949672960,35.21,steady_clock,rapl_energy_uj_delta,0,cpu:Intel(R) Core(TM) i9-7900X CPU @ 3.30GHz,NA,0,0,0,0,NA,NA,,0,sweep;repeats=50;repeat_idx=26;cohort=common;OMP_NUM_THREADS=1;places=cores;proc_bind=spread;bytes_per_iter=32;nt_store=0;pJ_per_B=1016.967;GBps_per_W=0.9833
2025-10-13T10:31:30,rock-ms7a95,NA,0,kernel,1,1.10,1.2195,1.2195,43.241,35.5,0,stream_triad,openmp,float32,268435456,5,5,1.2195,43.241,35.5,35.5,42949672960,35.22,steady_clock,rapl_energy_uj_delta,0,cpu:Intel(R) Core(TM) i9-7900X CPU @ 3.30GHz,NA,0,0,0,0,NA,NA,,0,sweep;repeats=50;repeat_idx=27;cohort=common;OMP_NUM_THREADS=1;places=cores;proc_bind=spread;bytes_per_iter=32;nt_store=0;pJ_per_B=1006.773;GBps_per_W=0.9933
2025-10-13T10:31:32,rock-ms7a95,NA,0,kernel,1,1.10,1.2197,1.2197,43.567,35.7,0,stream_triad,openmp,float32,268435456,5,5,1.2197,43.567,35.7,35.7,42949672960,35.21,steady_clock,rapl_energy_uj_delta,0,cpu:Intel(R) Core(TM) i9-7900X CPU @ 3.30GHz,NA,0,0,0,0,NA,NA,,0,sweep;repeats=50;repeat_idx=28;cohort=common;OMP_NUM_THREADS=1;places=cores;proc_bind=spread;bytes_per_iter=32;nt_store=0;pJ_per_B=1014.375;GBps_per_W=0.9858
2025-10-13T10:31:33,rock-ms7a95,NA,0,kernel,1,1.10,1.2199,1.2199,43.421,35.6,0,stream_triad,openmp,float32,268435456,5,5,1.2199,43.421,35.6,35.6,42949672960,35.21,steady_clock,rapl_energy_uj_delta,0,cpu:Intel(R) Core(TM) i9-7900X CPU @ 3.30GHz,NA,0,0,0,0,NA,NA,,0,sweep;repeats=50;repeat_idx=29;cohort=common;OMP_NUM_THREADS=1;places=cores;proc_bind=spread;bytes_per_iter=32;nt_store=0;pJ_per_B=1010.975;GBps_per_W=0.9891
2025-10-13T10:31:34,rock-ms7a95,NA,0,kernel,1,1.10,1.2202,1.2202,43.728,35.8,0,stream_triad,openmp,float32,268435456,5,5,1.2202,43.728,35.8,35.8,42949672960,35.20,steady_clock,rapl_energy_uj_delta,0,cpu:Intel(R) Core(TM) i9-7900X CPU @ 3.30GHz,NA,0,0,0,0,NA,NA,,0,sweep;repeats=50;repeat_idx=30;cohort=common;OMP_NUM_THREADS=1;places=cores;proc_bind=spread;bytes_per_iter=32;nt_store=0;pJ_per_B=1018.113;GBps_per_W=0.9822
2025-10-13T10:31:36,rock-ms7a95,NA,0,kernel,1,1.10,1.2199,1.2199,43.648,35.8,0,stream_triad,openmp,float32,268435456,5,5,1.2199,43.648,35.8,35.8,42949672960,35.21,steady_clock,rapl_energy_uj_delta,0,cpu:Intel(R) Core(TM) i9-7900X CPU @ 3.30GHz,NA,0,0,0,0,NA,NA,,0,sweep;repeats=50;repeat_idx=31;cohort=common;OMP_NUM_THREADS=1;places=cores;proc_bind=spread;bytes_per_iter=32;nt_store=0;pJ_per_B=1016.261;GBps_per_W=0.9840
2025-10-13T10:31:37,rock-ms7a95,NA,0,kernel,1,1.10,1.2200,1.2200,44.006,36.1,0,stream_triad,openmp,float32,268435456,5,5,1.2200,44.006,36.1,36.1,42949672960,35.21,steady_clock,rapl_energy_uj_delta,0,cpu:Intel(R) Core(TM) i9-7900X CPU @ 3.30GHz,NA,0,0,0,0,NA,NA,,0,sweep;repeats=50;repeat_idx=32;cohort=common;OMP_NUM_THREADS=1;places=cores;proc_bind=spread;bytes_per_iter=32;nt_store=0;pJ_per_B=1024.604;GBps_per_W=0.9760
2025-10-13T10:31:38,rock-ms7a95,NA,0,kernel,1,1.10,1.2197,1.2197,44.021,36.1,0,stream_triad,openmp,float32,268435456,5,5,1.2197,44.021,36.1,36.1,42949672960,35.21,steady_clock,rapl_energy_uj_delta,0,cpu:Intel(R) Core(TM) i9-7900X CPU @ 3.30GHz,NA,0,0,0,0,NA,NA,,0,sweep;repeats=50;repeat_idx=33;cohort=common;OMP_NUM_THREADS=1;places=cores;proc_bind=spread;bytes_per_iter=32;nt_store=0;pJ_per_B=1024.951;GBps_per_W=0.9757
2025-10-13T10:31:39,rock-ms7a95,NA,0,kernel,1,1.10,1.2199,1.2199,43.967,36.0,0,stream_triad,openmp,float32,268435456,5,5,1.2199,43.967,36.0,36.0,42949672960,35.21,steady_clock,rapl_energy_uj_delta,0,cpu:Intel(R) Core(TM) i9-7900X CPU @ 3.30GHz,NA,0,0,0,0,NA,NA,,0,sweep;repeats=50;repeat_idx=34;cohort=common;OMP_NUM_THREADS=1;places=cores;proc_bind=spread;bytes_per_iter=32;nt_store=0;pJ_per_B=1023.675;GBps_per_W=0.9769
2025-10-13T10:31:41,rock-ms7a95,NA,0,kernel,1,1.10,1.2197,1.2197,43.018,35.3,0,stream_triad,openmp,float32,268435456,5,5,1.2197,43.018,35.3,35.3,42949672960,35.21,steady_clock,rapl_energy_uj_delta,0,cpu:Intel(R) Core(TM) i9-7900X CPU @ 3.30GHz,NA,0,0,0,0,NA,NA,,0,sweep;repeats=50;repeat_idx=35;cohort=common;OMP_NUM_THREADS=1;places=cores;proc_bind=spread;bytes_per_iter=32;nt_store=0;pJ_per_B=1001.593;GBps_per_W=0.9984
2025-10-13T10:31:42,rock-ms7a95,NA,0,kernel,1,1.10,1.2184,1.2184,42.804,35.1,0,stream_triad,openmp,float32,268435456,5,5,1.2184,42.804,35.1,35.1,42949672960,35.25,steady_clock,rapl_energy_uj_delta,0,cpu:Intel(R) Core(TM) i9-7900X CPU @ 3.30GHz,NA,0,0,0,0,NA,NA,,0,sweep;repeats=50;repeat_idx=36;cohort=common;OMP_NUM_THREADS=1;places=cores;proc_bind=spread;bytes_per_iter=32;nt_store=0;pJ_per_B=996.602;GBps_per_W=1.0034
2025-10-13T10:31:43,rock-ms7a95,NA,0,kernel,1,1.10,1.2180,1.2180,43.128,35.4,0,stream_triad,openmp,float32,268435456,5,5,1.2180,43.128,35.4,35.4,42949672960,35.26,steady_clock,rapl_energy_uj_delta,0,cpu:Intel(R) Core(TM) i9-7900X CPU @ 3.30GHz,NA,0,0,0,0,NA,NA,,0,sweep;repeats=50;repeat_idx=37;cohort=common;OMP_NUM_THREADS=1;places=cores;proc_bind=spread;bytes_per_iter=32;nt_store=0;pJ_per_B=1004.148;GBps_per_W=0.9959
2025-10-13T10:31:45,rock-ms7a95,NA,0,kernel,1,1.10,1.2181,1.2181,43.064,35.4,0,stream_triad,openmp,float32,268435456,5,5,1.2181,43.064,35.4,35.4,42949672960,35.26,steady_clock,rapl_energy_uj_delta,0,cpu:Intel(R) Core(TM) i9-7900X CPU @ 3.30GHz,NA,0,0,0,0,NA,NA,,0,sweep;repeats=50;repeat_idx=38;cohort=common;OMP_NUM_THREADS=1;places=cores;proc_bind=spread;bytes_per_iter=32;nt_store=0;pJ_per_B=1002.671;GBps_per_W=0.9973
2025-10-13T10:31:46,rock-ms7a95,NA,0,kernel,1,1.10,1.2176,1.2176,43.190,35.5,0,stream_triad,openmp,float32,268435456,5,5,1.2176,43.190,35.5,35.5,42949672960,35.27,steady_clock,rapl_energy_uj_delta,0,cpu:Intel(R) Core(TM) i9-7900X CPU @ 3.30GHz,NA,0,0,0,0,NA,NA,,0,sweep;repeats=50;repeat_idx=39;cohort=common;OMP_NUM_THREADS=1;places=cores;proc_bind=spread;bytes_per_iter=32;nt_store=0;pJ_per_B=1005.592;GBps_per_W=0.9944
2025-10-13T10:31:47,rock-ms7a95,NA,0,kernel,1,1.10,1.2199,1.2199,43.035,35.3,0,stream_triad,openmp,float32,268435456,5,5,1.2199,43.035,35.3,35.3,42949672960,35.21,steady_clock,rapl_energy_uj_delta,0,cpu:Intel(R) Core(TM) i9-7900X CPU @ 3.30GHz,NA,0,0,0,0,NA,NA,,0,sweep;repeats=50;repeat_idx=40;cohort=common;OMP_NUM_THREADS=1;places=cores;proc_bind=spread;bytes_per_iter=32;nt_store=0;pJ_per_B=1001.991;GBps_per_W=0.9980
2025-10-13T10:31:49,rock-ms7a95,NA,0,kernel,1,1.10,1.2198,1.2198,43.118,35.3,0,stream_triad,openmp,float32,268435456,5,5,1.2198,43.118,35.3,35.3,42949672960,35.21,steady_clock,rapl_energy_uj_delta,0,cpu:Intel(R) Core(TM) i9-7900X CPU @ 3.30GHz,NA,0,0,0,0,NA,NA,,0,sweep;repeats=50;repeat_idx=41;cohort=common;OMP_NUM_THREADS=1;places=cores;proc_bind=spread;bytes_per_iter=32;nt_store=0;pJ_per_B=1003.912;GBps_per_W=0.9961
2025-10-13T10:31:50,rock-ms7a95,NA,0,kernel,1,1.10,1.2197,1.2197,43.134,35.4,0,stream_triad,openmp,float32,268435456,5,5,1.2197,43.134,35.4,35.4,42949672960,35.21,steady_clock,rapl_energy_uj_delta,0,cpu:Intel(R) Core(TM) i9-7900X CPU @ 3.30GHz,NA,0,0,0,0,NA,NA,,0,sweep;repeats=50;repeat_idx=42;cohort=common;OMP_NUM_THREADS=1;places=cores;proc_bind=spread;bytes_per_iter=32;nt_store=0;pJ_per_B=1004.296;GBps_per_W=0.9957
2025-10-13T10:31:51,rock-ms7a95,NA,0,kernel,1,1.10,1.2199,1.2199,43.433,35.6,0,stream_triad,openmp,float32,268435456,5,5,1.2199,43.433,35.6,35.6,42949672960,35.21,steady_clock,rapl_energy_uj_delta,0,cpu:Intel(R) Core(TM) i9-7900X CPU @ 3.30GHz,NA,0,0,0,0,NA,NA,,0,sweep;repeats=50;repeat_idx=43;cohort=common;OMP_NUM_THREADS=1;places=cores;proc_bind=spread;bytes_per_iter=32;nt_store=0;pJ_per_B=1011.249;GBps_per_W=0.9889
2025-10-13T10:31:53,rock-ms7a95,NA,0,kernel,1,1.10,1.2197,1.2197,43.128,35.4,0,stream_triad,openmp,float32,268435456,5,5,1.2197,43.128,35.4,35.4,42949672960,35.21,steady_clock,rapl_energy_uj_delta,0,cpu:Intel(R) Core(TM) i9-7900X CPU @ 3.30GHz,NA,0,0,0,0,NA,NA,,0,sweep;repeats=50;repeat_idx=44;cohort=common;OMP_NUM_THREADS=1;places=cores;proc_bind=spread;bytes_per_iter=32;nt_store=0;pJ_per_B=1004.162;GBps_per_W=0.9959
2025-10-13T10:31:54,rock-ms7a95,NA,0,kernel,1,1.10,1.2195,1.2195,42.667,35.0,0,stream_triad,openmp,float32,268435456,5,5,1.2195,42.667,35.0,35.0,42949672960,35.22,steady_clock,rapl_energy_uj_delta,0,cpu:Intel(R) Core(TM) i9-7900X CPU @ 3.30GHz,NA,0,0,0,0,NA,NA,,0,sweep;repeats=50;repeat_idx=45;cohort=common;OMP_NUM_THREADS=1;places=cores;proc_bind=spread;bytes_per_iter=32;nt_store=0;pJ_per_B=993.426;GBps_per_W=1.0066
2025-10-13T10:31:55,rock-ms7a95,NA,0,kernel,1,1.10,1.2197,1.2197,42.655,35.0,0,stream_triad,openmp,float32,268435456,5,5,1.2197,42.655,35.0,35.0,42949672960,35.21,steady_clock,rapl_energy_uj_delta,0,cpu:Intel(R) Core(TM) i9-7900X CPU @ 3.30GHz,NA,0,0,0,0,NA,NA,,0,sweep;repeats=50;repeat_idx=46;cohort=common;OMP_NUM_THREADS=1;places=cores;proc_bind=spread;bytes_per_iter=32;nt_store=0;pJ_per_B=993.132;GBps_per_W=1.0069
2025-10-13T10:31:56,rock-ms7a95,NA,0,kernel,1,1.10,1.2197,1.2197,42.832,35.1,0,stream_triad,openmp,float32,268435456,5,5,1.2197,42.832,35.1,35.1,42949672960,35.21,steady_clock,rapl_energy_uj_delta,0,cpu:Intel(R) Core(TM) i9-7900X CPU @ 3.30GHz,NA,0,0,0,0,NA,NA,,0,sweep;repeats=50;repeat_idx=47;cohort=common;OMP_NUM_THREADS=1;places=cores;proc_bind=spread;bytes_per_iter=32;nt_store=0;pJ_per_B=997.256;GBps_per_W=1.0028
2025-10-13T10:31:58,rock-ms7a95,NA,0,kernel,1,1.10,1.2197,1.2197,43.036,35.3,0,stream_triad,openmp,float32,268435456,5,5,1.2197,43.036,35.3,35.3,42949672960,35.21,steady_clock,rapl_energy_uj_delta,0,cpu:Intel(R) Core(TM) i9-7900X CPU @ 3.30GHz,NA,0,0,0,0,NA,NA,,0,sweep;repeats=50;repeat_idx=48;cohort=common;OMP_NUM_THREADS=1;places=cores;proc_bind=spread;bytes_per_iter=32;nt_store=0;pJ_per_B=1002.016;GBps_per_W=0.9980
2025-10-13T10:31:59,rock-ms7a95,NA,0,kernel,1,1.10,1.2198,1.2198,42.998,35.3,0,stream_triad,openmp,float32,268435456,5,5,1.2198,42.998,35.3,35.3,42949672960,35.21,steady_clock,rapl_energy_uj_delta,0,cpu:Intel(R) Core(TM) i9-7900X CPU @ 3.30GHz,NA,0,0,0,0,NA,NA,,0,sweep;repeats=50;repeat_idx=49;cohort=common;OMP_NUM_THREADS=1;places=cores;proc_bind=spread;bytes_per_iter=32;nt_store=0;pJ_per_B=1001.119;GBps_per_W=0.9989
2025-10-13T10:32:02,rock-ms7a95,NA,0,kernel,1,1.10,1.4622,1.4622,52.558,35.9,0,stream_triad,openmp,float32,536870912,3,3,1.4622,52.558,35.9,35.9,51539607552,35.25,steady_clock,rapl_energy_uj_delta,0,cpu:Intel(R) Core(TM) i9-7900X CPU @ 3.30GHz,NA,0,0,0,0,NA,NA,,0,sweep;repeats=50;repeat_idx=0;cohort=common;OMP_NUM_THREADS=1;places=cores;proc_bind=spread;bytes_per_iter=32;nt_store=0;pJ_per_B=1019.753;GBps_per_W=0.9806
2025-10-13T10:32:03,rock-ms7a95,NA,0,kernel,1,1.10,1.4621,1.4621,52.268,35.7,0,stream_triad,openmp,float32,536870912,3,3,1.4621,52.268,35.7,35.7,51539607552,35.25,steady_clock,rapl_energy_uj_delta,0,cpu:Intel(R) Core(TM) i9-7900X CPU @ 3.30GHz,NA,0,0,0,0,NA,NA,,0,sweep;repeats=50;repeat_idx=1;cohort=common;OMP_NUM_THREADS=1;places=cores;proc_bind=spread;bytes_per_iter=32;nt_store=0;pJ_per_B=1014.137;GBps_per_W=0.9861
2025-10-13T10:32:05,rock-ms7a95,NA,0,kernel,1,1.10,1.4622,1.4622,51.411,35.2,0,stream_triad,openmp,float32,536870912,3,3,1.4622,51.411,35.2,35.2,51539607552,35.25,steady_clock,rapl_energy_uj_delta,0,cpu:Intel(R) Core(TM) i9-7900X CPU @ 3.30GHz,NA,0,0,0,0,NA,NA,,0,sweep;repeats=50;repeat_idx=2;cohort=common;OMP_NUM_THREADS=1;places=cores;proc_bind=spread;bytes_per_iter=32;nt_store=0;pJ_per_B=997.507;GBps_per_W=1.0025
2025-10-13T10:32:07,rock-ms7a95,NA,0,kernel,1,1.10,1.4621,1.4621,49.668,34.0,0,stream_triad,openmp,float32,536870912,3,3,1.4621,49.668,34.0,34.0,51539607552,35.25,steady_clock,rapl_energy_uj_delta,0,cpu:Intel(R) Core(TM) i9-7900X CPU @ 3.30GHz,NA,0,0,0,0,NA,NA,,0,sweep;repeats=50;repeat_idx=3;cohort=common;OMP_NUM_THREADS=1;places=cores;proc_bind=spread;bytes_per_iter=32;nt_store=0;pJ_per_B=963.681;GBps_per_W=1.0377
2025-10-13T10:32:08,rock-ms7a95,NA,0,kernel,1,1.10,1.4621,1.4621,49.555,33.9,0,stream_triad,openmp,float32,536870912,3,3,1.4621,49.555,33.9,33.9,51539607552,35.25,steady_clock,rapl_energy_uj_delta,0,cpu:Intel(R) Core(TM) i9-7900X CPU @ 3.30GHz,NA,0,0,0,0,NA,NA,,0,sweep;repeats=50;repeat_idx=4;cohort=common;OMP_NUM_THREADS=1;places=cores;proc_bind=spread;bytes_per_iter=32;nt_store=0;pJ_per_B=961.491;GBps_per_W=1.0401
2025-10-13T10:32:10,rock-ms7a95,NA,0,kernel,1,1.10,1.4623,1.4623,49.339,33.7,0,stream_triad,openmp,float32,536870912,3,3,1.4623,49.339,33.7,33.7,51539607552,35.25,steady_clock,rapl_energy_uj_delta,0,cpu:Intel(R) Core(TM) i9-7900X CPU @ 3.30GHz,NA,0,0,0,0,NA,NA,,0,sweep;repeats=50;repeat_idx=5;cohort=common;OMP_NUM_THREADS=1;places=cores;proc_bind=spread;bytes_per_iter=32;nt_store=0;pJ_per_B=957.300;GBps_per_W=1.0446
2025-10-13T10:32:12,rock-ms7a95,NA,0,kernel,1,1.10,1.4622,1.4622,49.846,34.1,0,stream_triad,openmp,float32,536870912,3,3,1.4622,49.846,34.1,34.1,51539607552,35.25,steady_clock,rapl_energy_uj_delta,0,cpu:Intel(R) Core(TM) i9-7900X CPU @ 3.30GHz,NA,0,0,0,0,NA,NA,,0,sweep;repeats=50;repeat_idx=6;cohort=common;OMP_NUM_THREADS=1;places=cores;proc_bind=spread;bytes_per_iter=32;nt_store=0;pJ_per_B=967.139;GBps_per_W=1.0340
2025-10-13T10:32:13,rock-ms7a95,NA,0,kernel,1,1.10,1.4624,1.4624,49.489,33.8,0,stream_triad,openmp,float32,536870912,3,3,1.4624,49.489,33.8,33.8,51539607552,35.24,steady_clock,rapl_energy_uj_delta,0,cpu:Intel(R) Core(TM) i9-7900X CPU @ 3.30GHz,NA,0,0,0,0,NA,NA,,0,sweep;repeats=50;repeat_idx=7;cohort=common;OMP_NUM_THREADS=1;places=cores;proc_bind=spread;bytes_per_iter=32;nt_store=0;pJ_per_B=960.223;GBps_per_W=1.0414
2025-10-13T10:32:15,rock-ms7a95,NA,0,kernel,1,1.10,1.4622,1.4622,49.432,33.8,0,stream_triad,openmp,float32,536870912,3,3,1.4622,49.432,33.8,33.8,51539607552,35.25,steady_clock,rapl_energy_uj_delta,0,cpu:Intel(R) Core(TM) i9-7900X CPU @ 3.30GHz,NA,0,0,0,0,NA,NA,,0,sweep;repeats=50;repeat_idx=8;cohort=common;OMP_NUM_THREADS=1;places=cores;proc_bind=spread;bytes_per_iter=32;nt_store=0;pJ_per_B=959.100;GBps_per_W=1.0426
2025-10-13T10:32:16,rock-ms7a95,NA,0,kernel,1,1.10,1.4621,1.4621,49.491,33.8,0,stream_triad,openmp,float32,536870912,3,3,1.4621,49.491,33.8,33.8,51539607552,35.25,steady_clock,rapl_energy_uj_delta,0,cpu:Intel(R) Core(TM) i9-7900X CPU @ 3.30GHz,NA,0,0,0,0,NA,NA,,0,sweep;repeats=50;repeat_idx=9;cohort=common;OMP_NUM_THREADS=1;places=cores;proc_bind=spread;bytes_per_iter=32;nt_store=0;pJ_per_B=960.257;GBps_per_W=1.0414
2025-10-13T10:32:18,rock-ms7a95,NA,0,kernel,1,1.10,1.4622,1.4622,49.509,33.9,0,stream_triad,openmp,float32,536870912,3,3,1.4622,49.509,33.9,33.9,51539607552,35.25,steady_clock,rapl_energy_uj_delta,0,cpu:Intel(R) Core(TM) i9-7900X CPU @ 3.30GHz,NA,0,0,0,0,NA,NA,,0,sweep;repeats=50;repeat_idx=10;cohort=common;OMP_NUM_THREADS=1;places=cores;proc_bind=spread;bytes_per_iter=32;nt_store=0;pJ_per_B=960.604;GBps_per_W=1.0410
2025-10-13T10:32:20,rock-ms7a95,NA,0,kernel,1,1.10,1.4622,1.4622,49.444,33.8,0,stream_triad,openmp,float32,536870912,3,3,1.4622,49.444,33.8,33.8,51539607552,35.25,steady_clock,rapl_energy_uj_delta,0,cpu:Intel(R) Core(TM) i9-7900X CPU @ 3.30GHz,NA,0,0,0,0,NA,NA,,0,sweep;repeats=50;repeat_idx=11;cohort=common;OMP_NUM_THREADS=1;places=cores;proc_bind=spread;bytes_per_iter=32;nt_store=0;pJ_per_B=959.338;GBps_per_W=1.0424
2025-10-13T10:32:21,rock-ms7a95,NA,0,kernel,1,1.10,1.4621,1.4621,49.478,33.8,0,stream_triad,openmp,float32,536870912,3,3,1.4621,49.478,33.8,33.8,51539607552,35.25,steady_clock,rapl_energy_uj_delta,0,cpu:Intel(R) Core(TM) i9-7900X CPU @ 3.30GHz,NA,0,0,0,0,NA,NA,,0,sweep;repeats=50;repeat_idx=12;cohort=common;OMP_NUM_THREADS=1;places=cores;proc_bind=spread;bytes_per_iter=32;nt_store=0;pJ_per_B=959.995;GBps_per_W=1.0417
2025-10-13T10:32:23,rock-ms7a95,NA,0,kernel,1,1.10,1.4618,1.4618,49.374,33.8,0,stream_triad,openmp,float32,536870912,3,3,1.4618,49.374,33.8,33.8,51539607552,35.26,steady_clock,rapl_energy_uj_delta,0,cpu:Intel(R) Core(TM) i9-7900X CPU @ 3.30GHz,NA,0,0,0,0,NA,NA,,0,sweep;repeats=50;repeat_idx=13;cohort=common;OMP_NUM_THREADS=1;places=cores;proc_bind=spread;bytes_per_iter=32;nt_store=0;pJ_per_B=957.987;GBps_per_W=1.0439
2025-10-13T10:32:25,rock-ms7a95,NA,0,kernel,1,1.10,1.4619,1.4619,49.286,33.7,0,stream_triad,openmp,float32,536870912,3,3,1.4619,49.286,33.7,33.7,51539607552,35.26,steady_clock,rapl_energy_uj_delta,0,cpu:Intel(R) Core(TM) i9-7900X CPU @ 3.30GHz,NA,0,0,0,0,NA,NA,,0,sweep;repeats=50;repeat_idx=14;cohort=common;OMP_NUM_THREADS=1;places=cores;proc_bind=spread;bytes_per_iter=32;nt_store=0;pJ_per_B=956.274;GBps_per_W=1.0457
2025-10-13T10:32:26,rock-ms7a95,NA,0,kernel,1,1.10,1.4620,1.4620,49.447,33.8,0,stream_triad,openmp,float32,536870912,3,3,1.4620,49.447,33.8,33.8,51539607552,35.25,steady_clock,rapl_energy_uj_delta,0,cpu:Intel(R) Core(TM) i9-7900X CPU @ 3.30GHz,NA,0,0,0,0,NA,NA,,0,sweep;repeats=50;repeat_idx=15;cohort=common;OMP_NUM_THREADS=1;places=cores;proc_bind=spread;bytes_per_iter=32;nt_store=0;pJ_per_B=959.392;GBps_per_W=1.0423
2025-10-13T10:32:28,rock-ms7a95,NA,0,kernel,1,1.10,1.4619,1.4619,49.272,33.7,0,stream_triad,openmp,float32,536870912,3,3,1.4619,49.272,33.7,33.7,51539607552,35.26,steady_clock,rapl_energy_uj_delta,0,cpu:Intel(R) Core(TM) i9-7900X CPU @ 3.30GHz,NA,0,0,0,0,NA,NA,,0,sweep;repeats=50;repeat_idx=16;cohort=common;OMP_NUM_THREADS=1;places=cores;proc_bind=spread;bytes_per_iter=32;nt_store=0;pJ_per_B=956.001;GBps_per_W=1.0460
2025-10-13T10:32:30,rock-ms7a95,NA,0,kernel,1,1.10,1.4620,1.4620,49.332,33.7,0,stream_triad,openmp,float32,536870912,3,3,1.4620,49.332,33.7,33.7,51539607552,35.25,steady_clock,rapl_energy_uj_delta,0,cpu:Intel(R) Core(TM) i9-7900X CPU @ 3.30GHz,NA,0,0,0,0,NA,NA,,0,sweep;repeats=50;repeat_idx=17;cohort=common;OMP_NUM_THREADS=1;places=cores;proc_bind=spread;bytes_per_iter=32;nt_store=0;pJ_per_B=957.158;GBps_per_W=1.0448
2025-10-13T10:32:31,rock-ms7a95,NA,0,kernel,1,1.10,1.4618,1.4618,49.456,33.8,0,stream_triad,openmp,float32,536870912,3,3,1.4618,49.456,33.8,33.8,51539607552,35.26,steady_clock,rapl_energy_uj_delta,0,cpu:Intel(R) Core(TM) i9-7900X CPU @ 3.30GHz,NA,0,0,0,0,NA,NA,,0,sweep;repeats=50;repeat_idx=18;cohort=common;OMP_NUM_THREADS=1;places=cores;proc_bind=spread;bytes_per_iter=32;nt_store=0;pJ_per_B=959.570;GBps_per_W=1.0421
2025-10-13T10:32:33,rock-ms7a95,NA,0,kernel,1,1.10,1.4621,1.4621,49.529,33.9,0,stream_triad,openmp,float32,536870912,3,3,1.4621,49.529,33.9,33.9,51539607552,35.25,steady_clock,rapl_energy_uj_delta,0,cpu:Intel(R) Core(TM) i9-7900X CPU @ 3.30GHz,NA,0,0,0,0,NA,NA,,0,sweep;repeats=50;repeat_idx=19;cohort=common;OMP_NUM_THREADS=1;places=cores;proc_bind=spread;bytes_per_iter=32;nt_store=0;pJ_per_B=960.983;GBps_per_W=1.0406
2025-10-13T10:32:34,rock-ms7a95,NA,0,kernel,1,1.10,1.4626,1.4626,49.419,33.8,0,stream_triad,openmp,float32,536870912,3,3,1.4626,49.419,33.8,33.8,51539607552,35.24,steady_clock,rapl_energy_uj_delta,0,cpu:Intel(R) Core(TM) i9-7900X CPU @ 3.30GHz,NA,0,0,0,0,NA,NA,,0,sweep;repeats=50;repeat_idx=20;cohort=common;OMP_NUM_THREADS=1;places=cores;proc_bind=spread;bytes_per_iter=32;nt_store=0;pJ_per_B=958.851;GBps_per_W=1.0429
2025-10-13T10:32:36,rock-ms7a95,NA,0,kernel,1,1.10,1.4623,1.4623,49.476,33.8,0,stream_triad,openmp,float32,536870912,3,3,1.4623,49.476,33.8,33.8,51539607552,35.25,steady_clock,rapl_energy_uj_delta,0,cpu:Intel(R) Core(TM) i9-7900X CPU @ 3.30GHz,NA,0,0,0,0,NA,NA,,0,sweep;repeats=50;repeat_idx=21;cohort=common;OMP_NUM_THREADS=1;places=cores;proc_bind=spread;bytes_per_iter=32;nt_store=0;pJ_per_B=959.954;GBps_per_W=1.0417
2025-10-13T10:32:38,rock-ms7a95,NA,0,kernel,1,1.10,1.4622,1.4622,49.503,33.9,0,stream_triad,openmp,float32,536870912,3,3,1.4622,49.503,33.9,33.9,51539607552,35.25,steady_clock,rapl_energy_uj_delta,0,cpu:Intel(R) Core(TM) i9-7900X CPU @ 3.30GHz,NA,0,0,0,0,NA,NA,,0,sweep;repeats=50;repeat_idx=22;cohort=common;OMP_NUM_THREADS=1;places=cores;proc_bind=spread;bytes_per_iter=32;nt_store=0;pJ_per_B=960.482;GBps_per_W=1.0411
2025-10-13T10:32:39,rock-ms7a95,NA,0,kernel,1,1.10,1.4622,1.4622,49.461,33.8,0,stream_triad,openmp,float32,536870912,3,3,1.4622,49.461,33.8,33.8,51539607552,35.25,steady_clock,rapl_energy_uj_delta,0,cpu:Intel(R) Core(TM) i9-7900X CPU @ 3.30GHz,NA,0,0,0,0,NA,NA,,0,sweep;repeats=50;repeat_idx=23;cohort=common;OMP_NUM_THREADS=1;places=cores;proc_bind=spread;bytes_per_iter=32;nt_store=0;pJ_per_B=959.662;GBps_per_W=1.0420
2025-10-13T10:32:41,rock-ms7a95,NA,0,kernel,1,1.10,1.4620,1.4620,49.397,33.8,0,stream_triad,openmp,float32,536870912,3,3,1.4620,49.397,33.8,33.8,51539607552,35.25,steady_clock,rapl_energy_uj_delta,0,cpu:Intel(R) Core(TM) i9-7900X CPU @ 3.30GHz,NA,0,0,0,0,NA,NA,,0,sweep;repeats=50;repeat_idx=24;cohort=common;OMP_NUM_THREADS=1;places=cores;proc_bind=spread;bytes_per_iter=32;nt_store=0;pJ_per_B=958.424;GBps_per_W=1.0434
2025-10-13T10:32:43,rock-ms7a95,NA,0,kernel,1,1.10,1.4621,1.4621,49.414,33.8,0,stream_triad,openmp,float32,536870912,3,3,1.4621,49.414,33.8,33.8,51539607552,35.25,steady_clock,rapl_energy_uj_delta,0,cpu:Intel(R) Core(TM) i9-7900X CPU @ 3.30GHz,NA,0,0,0,0,NA,NA,,0,sweep;repeats=50;repeat_idx=25;cohort=common;OMP_NUM_THREADS=1;places=cores;proc_bind=spread;bytes_per_iter=32;nt_store=0;pJ_per_B=958.761;GBps_per_W=1.0430
2025-10-13T10:32:44,rock-ms7a95,NA,0,kernel,1,1.10,1.4623,1.4623,49.493,33.8,0,stream_triad,openmp,float32,536870912,3,3,1.4623,49.493,33.8,33.8,51539607552,35.24,steady_clock,rapl_energy_uj_delta,0,cpu:Intel(R) Core(TM) i9-7900X CPU @ 3.30GHz,NA,0,0,0,0,NA,NA,,0,sweep;repeats=50;repeat_idx=26;cohort=common;OMP_NUM_THREADS=1;places=cores;proc_bind=spread;bytes_per_iter=32;nt_store=0;pJ_per_B=960.298;GBps_per_W=1.0413
2025-10-13T10:32:46,rock-ms7a95,NA,0,kernel,1,1.10,1.4619,1.4619,49.701,34.0,0,stream_triad,openmp,float32,536870912,3,3,1.4619,49.701,34.0,34.0,51539607552,35.25,steady_clock,rapl_energy_uj_delta,0,cpu:Intel(R) Core(TM) i9-7900X CPU @ 3.30GHz,NA,0,0,0,0,NA,NA,,0,sweep;repeats=50;repeat_idx=27;cohort=common;OMP_NUM_THREADS=1;places=cores;proc_bind=spread;bytes_per_iter=32;nt_store=0;pJ_per_B=964.320;GBps_per_W=1.0370
2025-10-13T10:32:48,rock-ms7a95,NA,0,kernel,1,1.10,1.4621,1.4621,49.438,33.8,0,stream_triad,openmp,float32,536870912,3,3,1.4621,49.438,33.8,33.8,51539607552,35.25,steady_clock,rapl_energy_uj_delta,0,cpu:Intel(R) Core(TM) i9-7900X CPU @ 3.30GHz,NA,0,0,0,0,NA,NA,,0,sweep;repeats=50;repeat_idx=28;cohort=common;OMP_NUM_THREADS=1;places=cores;proc_bind=spread;bytes_per_iter=32;nt_store=0;pJ_per_B=959.233;GBps_per_W=1.0425
2025-10-13T10:32:49,rock-ms7a95,NA,0,kernel,1,1.10,1.4621,1.4621,49.570,33.9,0,stream_triad,openmp,float32,536870912,3,3,1.4621,49.570,33.9,33.9,51539607552,35.25,steady_clock,rapl_energy_uj_delta,0,cpu:Intel(R) Core(TM) i9-7900X CPU @ 3.30GHz,NA,0,0,0,0,NA,NA,,0,sweep;repeats=50;repeat_idx=29;cohort=common;OMP_NUM_THREADS=1;places=cores;proc_bind=spread;bytes_per_iter=32;nt_store=0;pJ_per_B=961.782;GBps_per_W=1.0397
2025-10-13T10:32:51,rock-ms7a95,NA,0,kernel,1,1.10,1.4620,1.4620,50.784,34.7,0,stream_triad,openmp,float32,536870912,3,3,1.4620,50.784,34.7,34.7,51539607552,35.25,steady_clock,rapl_energy_uj_delta,0,cpu:Intel(R) Core(TM) i9-7900X CPU @ 3.30GHz,NA,0,0,0,0,NA,NA,,0,sweep;repeats=50;repeat_idx=30;cohort=common;OMP_NUM_THREADS=1;places=cores;proc_bind=spread;bytes_per_iter=32;nt_store=0;pJ_per_B=985.333;GBps_per_W=1.0149
2025-10-13T10:32:53,rock-ms7a95,NA,0,kernel,1,1.10,1.4619,1.4619,51.834,35.5,0,stream_triad,openmp,float32,536870912,3,3,1.4619,51.834,35.5,35.5,51539607552,35.26,steady_clock,rapl_energy_uj_delta,0,cpu:Intel(R) Core(TM) i9-7900X CPU @ 3.30GHz,NA,0,0,0,0,NA,NA,,0,sweep;repeats=50;repeat_idx=31;cohort=common;OMP_NUM_THREADS=1;places=cores;proc_bind=spread;bytes_per_iter=32;nt_store=0;pJ_per_B=1005.707;GBps_per_W=0.9943
2025-10-13T10:32:54,rock-ms7a95,NA,0,kernel,1,1.10,1.4617,1.4617,51.889,35.5,0,stream_triad,openmp,float32,536870912,3,3,1.4617,51.889,35.5,35.5,51539607552,35.26,steady_clock,rapl_energy_uj_delta,0,cpu:Intel(R) Core(TM) i9-7900X CPU @ 3.30GHz,NA,0,0,0,0,NA,NA,,0,sweep;repeats=50;repeat_idx=32;cohort=common;OMP_NUM_THREADS=1;places=cores;proc_bind=spread;bytes_per_iter=32;nt_store=0;pJ_per_B=1006.784;GBps_per_W=0.9933
2025-10-13T10:32:56,rock-ms7a95,NA,0,kernel,1,1.10,1.4619,1.4619,51.815,35.4,0,stream_triad,openmp,float32,536870912,3,3,1.4619,51.815,35.4,35.4,51539607552,35.25,steady_clock,rapl_energy_uj_delta,0,cpu:Intel(R) Core(TM) i9-7900X CPU @ 3.30GHz,NA,0,0,0,0,NA,NA,,0,sweep;repeats=50;repeat_idx=33;cohort=common;OMP_NUM_THREADS=1;places=cores;proc_bind=spread;bytes_per_iter=32;nt_store=0;pJ_per_B=1005.343;GBps_per_W=0.9947
2025-10-13T10:32:57,rock-ms7a95,NA,0,kernel,1,1.10,1.4620,1.4620,51.947,35.5,0,stream_triad,openmp,float32,536870912,3,3,1.4620,51.947,35.5,35.5,51539607552,35.25,steady_clock,rapl_energy_uj_delta,0,cpu:Intel(R) Core(TM) i9-7900X CPU @ 3.30GHz,NA,0,0,0,0,NA,NA,,0,sweep;repeats=50;repeat_idx=34;cohort=common;OMP_NUM_THREADS=1;places=cores;proc_bind=spread;bytes_per_iter=32;nt_store=0;pJ_per_B=1007.914;GBps_per_W=0.9921
2025-10-13T10:32:59,rock-ms7a95,NA,0,kernel,1,1.10,1.4620,1.4620,52.442,35.9,0,stream_triad,openmp,float32,536870912,3,3,1.4620,52.442,35.9,35.9,51539607552,35.25,steady_clock,rapl_energy_uj_delta,0,cpu:Intel(R) Core(TM) i9-7900X CPU @ 3.30GHz,NA,0,0,0,0,NA,NA,,0,sweep;repeats=50;repeat_idx=35;cohort=common;OMP_NUM_THREADS=1;places=cores;proc_bind=spread;bytes_per_iter=32;nt_store=0;pJ_per_B=1017.499;GBps_per_W=0.9828
2025-10-13T10:33:01,rock-ms7a95,NA,0,kernel,1,1.10,1.4619,1.4619,52.640,36.0,0,stream_triad,openmp,float32,536870912,3,3,1.4619,52.640,36.0,36.0,51539607552,35.25,steady_clock,rapl_energy_uj_delta,0,cpu:Intel(R) Core(TM) i9-7900X CPU @ 3.30GHz,NA,0,0,0,0,NA,NA,,0,sweep;repeats=50;repeat_idx=36;cohort=common;OMP_NUM_THREADS=1;places=cores;proc_bind=spread;bytes_per_iter=32;nt_store=0;pJ_per_B=1021.358;GBps_per_W=0.9791
2025-10-13T10:33:02,rock-ms7a95,NA,0,kernel,1,1.10,1.4618,1.4618,51.902,35.5,0,stream_triad,openmp,float32,536870912,3,3,1.4618,51.902,35.5,35.5,51539607552,35.26,steady_clock,rapl_energy_uj_delta,0,cpu:Intel(R) Core(TM) i9-7900X CPU @ 3.30GHz,NA,0,0,0,0,NA,NA,,0,sweep;repeats=50;repeat_idx=37;cohort=common;OMP_NUM_THREADS=1;places=cores;proc_bind=spread;bytes_per_iter=32;nt_store=0;pJ_per_B=1007.040;GBps_per_W=0.9930
2025-10-13T10:33:04,rock-ms7a95,NA,0,kernel,1,1.10,1.4618,1.4618,51.789,35.4,0,stream_triad,openmp,float32,536870912,3,3,1.4618,51.789,35.4,35.4,51539607552,35.26,steady_clock,rapl_energy_uj_delta,0,cpu:Intel(R) Core(TM) i9-7900X CPU @ 3.30GHz,NA,0,0,0,0,NA,NA,,0,sweep;repeats=50;repeat_idx=38;cohort=common;OMP_NUM_THREADS=1;places=cores;proc_bind=spread;bytes_per_iter=32;nt_store=0;pJ_per_B=1004.846;GBps_per_W=0.9952
2025-10-13T10:33:06,rock-ms7a95,NA,0,kernel,1,1.10,1.4620,1.4620,51.896,35.5,0,stream_triad,openmp,float32,536870912,3,3,1.4620,51.896,35.5,35.5,51539607552,35.25,steady_clock,rapl_energy_uj_delta,0,cpu:Intel(R) Core(TM) i9-7900X CPU @ 3.30GHz,NA,0,0,0,0,NA,NA,,0,sweep;repeats=50;repeat_idx=39;cohort=common;OMP_NUM_THREADS=1;places=cores;proc_bind=spread;bytes_per_iter=32;nt_store=0;pJ_per_B=1006.913;GBps_per_W=0.9931
2025-10-13T10:33:07,rock-ms7a95,NA,0,kernel,1,1.10,1.4621,1.4621,51.932,35.5,0,stream_triad,openmp,float32,536870912,3,3,1.4621,51.932,35.5,35.5,51539607552,35.25,steady_clock,rapl_energy_uj_delta,0,cpu:Intel(R) Core(TM) i9-7900X CPU @ 3.30GHz,NA,0,0,0,0,NA,NA,,0,sweep;repeats=50;repeat_idx=40;cohort=common;OMP_NUM_THREADS=1;places=cores;proc_bind=spread;bytes_per_iter=32;nt_store=0;pJ_per_B=1007.610;GBps_per_W=0.9924
2025-10-13T10:33:09,rock-ms7a95,NA,0,kernel,1,1.10,1.4619,1.4619,51.954,35.5,0,stream_triad,openmp,float32,536870912,3,3,1.4619,51.954,35.5,35.5,51539607552,35.25,steady_clock,rapl_energy_uj_delta,0,cpu:Intel(R) Core(TM) i9-7900X CPU @ 3.30GHz,NA,0,0,0,0,NA,NA,,0,sweep;repeats=50;repeat_idx=41;cohort=common;OMP_NUM_THREADS=1;places=cores;proc_bind=spread;bytes_per_iter=32;nt_store=0;pJ_per_B=1008.048;GBps_per_W=0.9920
2025-10-13T10:33:11,rock-ms7a95,NA,0,kernel,1,1.10,1.4619,1.4619,51.821,35.4,0,stream_triad,openmp,float32,536870912,3,3,1.4619,51.821,35.4,35.4,51539607552,35.25,steady_clock,rapl_energy_uj_delta,0,cpu:Intel(R) Core(TM) i9-7900X CPU @ 3.30GHz,NA,0,0,0,0,NA,NA,,0,sweep;repeats=50;repeat_idx=42;cohort=common;OMP_NUM_THREADS=1;places=cores;proc_bind=spread;bytes_per_iter=32;nt_store=0;pJ_per_B=1005.464;GBps_per_W=0.9946
2025-10-13T10:33:12,rock-ms7a95,NA,0,kernel,1,1.10,1.4618,1.4618,51.849,35.5,0,stream_triad,openmp,float32,536870912,3,3,1.4618,51.849,35.5,35.5,51539607552,35.26,steady_clock,rapl_energy_uj_delta,0,cpu:Intel(R) Core(TM) i9-7900X CPU @ 3.30GHz,NA,0,0,0,0,NA,NA,,0,sweep;repeats=50;repeat_idx=43;cohort=common;OMP_NUM_THREADS=1;places=cores;proc_bind=spread;bytes_per_iter=32;nt_store=0;pJ_per_B=1006.008;GBps_per_W=0.9940
2025-10-13T10:33:14,rock-ms7a95,NA,0,kernel,1,1.10,1.4618,1.4618,51.872,35.5,0,stream_triad,openmp,float32,536870912,3,3,1.4618,51.872,35.5,35.5,51539607552,35.26,steady_clock,rapl_energy_uj_delta,0,cpu:Intel(R) Core(TM) i9-7900X CPU @ 3.30GHz,NA,0,0,0,0,NA,NA,,0,sweep;repeats=50;repeat_idx=44;cohort=common;OMP_NUM_THREADS=1;places=cores;proc_bind=spread;bytes_per_iter=32;nt_store=0;pJ_per_B=1006.454;GBps_per_W=0.9936
2025-10-13T10:33:15,rock-ms7a95,NA,0,kernel,1,1.10,1.4617,1.4617,51.847,35.5,0,stream_triad,openmp,float32,536870912,3,3,1.4617,51.847,35.5,35.5,51539607552,35.26,steady_clock,rapl_energy_uj_delta,0,cpu:Intel(R) Core(TM) i9-7900X CPU @ 3.30GHz,NA,0,0,0,0,NA,NA,,0,sweep;repeats=50;repeat_idx=45;cohort=common;OMP_NUM_THREADS=1;places=cores;proc_bind=spread;bytes_per_iter=32;nt_store=0;pJ_per_B=1005.957;GBps_per_W=0.9941
2025-10-13T10:33:17,rock-ms7a95,NA,0,kernel,1,1.10,1.4620,1.4620,51.929,35.5,0,stream_triad,openmp,float32,536870912,3,3,1.4620,51.929,35.5,35.5,51539607552,35.25,steady_clock,rapl_energy_uj_delta,0,cpu:Intel(R) Core(TM) i9-7900X CPU @ 3.30GHz,NA,0,0,0,0,NA,NA,,0,sweep;repeats=50;repeat_idx=46;cohort=common;OMP_NUM_THREADS=1;places=cores;proc_bind=spread;bytes_per_iter=32;nt_store=0;pJ_per_B=1007.548;GBps_per_W=0.9925
2025-10-13T10:33:19,rock-ms7a95,NA,0,kernel,1,1.10,1.4618,1.4618,51.900,35.5,0,stream_triad,openmp,float32,536870912,3,3,1.4618,51.900,35.5,35.5,51539607552,35.26,steady_clock,rapl_energy_uj_delta,0,cpu:Intel(R) Core(TM) i9-7900X CPU @ 3.30GHz,NA,0,0,0,0,NA,NA,,0,sweep;repeats=50;repeat_idx=47;cohort=common;OMP_NUM_THREADS=1;places=cores;proc_bind=spread;bytes_per_iter=32;nt_store=0;pJ_per_B=1006.992;GBps_per_W=0.9931
2025-10-13T10:33:20,rock-ms7a95,NA,0,kernel,1,1.10,1.4620,1.4620,51.835,35.5,0,stream_triad,openmp,float32,536870912,3,3,1.4620,51.835,35.5,35.5,51539607552,35.25,steady_clock,rapl_energy_uj_delta,0,cpu:Intel(R) Core(TM) i9-7900X CPU @ 3.30GHz,NA,0,0,0,0,NA,NA,,0,sweep;repeats=50;repeat_idx=48;cohort=common;OMP_NUM_THREADS=1;places=cores;proc_bind=spread;bytes_per_iter=32;nt_store=0;pJ_per_B=1005.739;GBps_per_W=0.9943
2025-10-13T10:33:22,rock-ms7a95,NA,0,kernel,1,1.10,1.4629,1.4629,52.022,35.6,0,stream_triad,openmp,float32,536870912,3,3,1.4629,52.022,35.6,35.6,51539607552,35.23,steady_clock,rapl_energy_uj_delta,0,cpu:Intel(R) Core(TM) i9-7900X CPU @ 3.30GHz,NA,0,0,0,0,NA,NA,,0,sweep;repeats=50;repeat_idx=49;cohort=common;OMP_NUM_THREADS=1;places=cores;proc_bind=spread;bytes_per_iter=32;nt_store=0;pJ_per_B=1009.368;GBps_per_W=0.9907
2025-10-13T10:33:26,rock-ms7a95,NA,0,kernel,1,1.10,1.9486,1.9486,69.260,35.5,0,stream_triad,openmp,float32,1073741824,2,2,1.9486,69.260,35.5,35.5,68719476736,35.27,steady_clock,rapl_energy_uj_delta,0,cpu:Intel(R) Core(TM) i9-7900X CPU @ 3.30GHz,NA,0,0,0,0,NA,NA,,0,sweep;repeats=50;repeat_idx=0;cohort=cpu_extra;OMP_NUM_THREADS=1;places=cores;proc_bind=spread;bytes_per_iter=32;nt_store=0;pJ_per_B=1007.861;GBps_per_W=0.9922
2025-10-13T10:33:29,rock-ms7a95,NA,0,kernel,1,1.10,1.9511,1.9511,69.277,35.5,0,stream_triad,openmp,float32,1073741824,2,2,1.9511,69.277,35.5,35.5,68719476736,35.22,steady_clock,rapl_energy_uj_delta,0,cpu:Intel(R) Core(TM) i9-7900X CPU @ 3.30GHz,NA,0,0,0,0,NA,NA,,0,sweep;repeats=50;repeat_idx=1;cohort=cpu_extra;OMP_NUM_THREADS=1;places=cores;proc_bind=spread;bytes_per_iter=32;nt_store=0;pJ_per_B=1008.112;GBps_per_W=0.9920
2025-10-13T10:33:31,rock-ms7a95,NA,0,kernel,1,1.10,1.9507,1.9507,69.071,35.4,0,stream_triad,openmp,float32,1073741824,2,2,1.9507,69.071,35.4,35.4,68719476736,35.23,steady_clock,rapl_energy_uj_delta,0,cpu:Intel(R) Core(TM) i9-7900X CPU @ 3.30GHz,NA,0,0,0,0,NA,NA,,0,sweep;repeats=50;repeat_idx=2;cohort=cpu_extra;OMP_NUM_THREADS=1;places=cores;proc_bind=spread;bytes_per_iter=32;nt_store=0;pJ_per_B=1005.117;GBps_per_W=0.9949
2025-10-13T10:33:33,rock-ms7a95,NA,0,kernel,1,1.10,1.9510,1.9510,70.203,36.0,0,stream_triad,openmp,float32,1073741824,2,2,1.9510,70.203,36.0,36.0,68719476736,35.22,steady_clock,rapl_energy_uj_delta,0,cpu:Intel(R) Core(TM) i9-7900X CPU @ 3.30GHz,NA,0,0,0,0,NA,NA,,0,sweep;repeats=50;repeat_idx=3;cohort=cpu_extra;OMP_NUM_THREADS=1;places=cores;proc_bind=spread;bytes_per_iter=32;nt_store=0;pJ_per_B=1021.595;GBps_per_W=0.9789
2025-10-13T10:33:36,rock-ms7a95,NA,0,kernel,1,1.10,1.9506,1.9506,72.301,37.1,0,stream_triad,openmp,float32,1073741824,2,2,1.9506,72.301,37.1,37.1,68719476736,35.23,steady_clock,rapl_energy_uj_delta,0,cpu:Intel(R) Core(TM) i9-7900X CPU @ 3.30GHz,NA,0,0,0,0,NA,NA,,0,sweep;repeats=50;repeat_idx=4;cohort=cpu_extra;OMP_NUM_THREADS=1;places=cores;proc_bind=spread;bytes_per_iter=32;nt_store=0;pJ_per_B=1052.119;GBps_per_W=0.9505
2025-10-13T10:33:38,rock-ms7a95,NA,0,kernel,1,1.10,1.9511,1.9511,72.335,37.1,0,stream_triad,openmp,float32,1073741824,2,2,1.9511,72.335,37.1,37.1,68719476736,35.22,steady_clock,rapl_energy_uj_delta,0,cpu:Intel(R) Core(TM) i9-7900X CPU @ 3.30GHz,NA,0,0,0,0,NA,NA,,0,sweep;repeats=50;repeat_idx=5;cohort=cpu_extra;OMP_NUM_THREADS=1;places=cores;proc_bind=spread;bytes_per_iter=32;nt_store=0;pJ_per_B=1052.612;GBps_per_W=0.9500
2025-10-13T10:33:40,rock-ms7a95,NA,0,kernel,1,1.10,1.9508,1.9508,72.387,37.1,0,stream_triad,openmp,float32,1073741824,2,2,1.9508,72.387,37.1,37.1,68719476736,35.23,steady_clock,rapl_energy_uj_delta,0,cpu:Intel(R) Core(TM) i9-7900X CPU @ 3.30GHz,NA,0,0,0,0,NA,NA,,0,sweep;repeats=50;repeat_idx=6;cohort=cpu_extra;OMP_NUM_THREADS=1;places=cores;proc_bind=spread;bytes_per_iter=32;nt_store=0;pJ_per_B=1053.369;GBps_per_W=0.9493
2025-10-13T10:33:42,rock-ms7a95,NA,0,kernel,1,1.10,1.9518,1.9518,69.509,35.6,0,stream_triad,openmp,float32,1073741824,2,2,1.9518,69.509,35.6,35.6,68719476736,35.21,steady_clock,rapl_energy_uj_delta,0,cpu:Intel(R) Core(TM) i9-7900X CPU @ 3.30GHz,NA,0,0,0,0,NA,NA,,0,sweep;repeats=50;repeat_idx=7;cohort=cpu_extra;OMP_NUM_THREADS=1;places=cores;proc_bind=spread;bytes_per_iter=32;nt_store=0;pJ_per_B=1011.483;GBps_per_W=0.9886
2025-10-13T10:33:45,rock-ms7a95,NA,0,kernel,1,1.10,1.9512,1.9512,69.201,35.5,0,stream_triad,openmp,float32,1073741824,2,2,1.9512,69.201,35.5,35.5,68719476736,35.22,steady_clock,rapl_energy_uj_delta,0,cpu:Intel(R) Core(TM) i9-7900X CPU @ 3.30GHz,NA,0,0,0,0,NA,NA,,0,sweep;repeats=50;repeat_idx=8;cohort=cpu_extra;OMP_NUM_THREADS=1;places=cores;proc_bind=spread;bytes_per_iter=32;nt_store=0;pJ_per_B=1007.001;GBps_per_W=0.9930
2025-10-13T10:33:47,rock-ms7a95,NA,0,kernel,1,1.10,1.9514,1.9514,69.422,35.6,0,stream_triad,openmp,float32,1073741824,2,2,1.9514,69.422,35.6,35.6,68719476736,35.22,steady_clock,rapl_energy_uj_delta,0,cpu:Intel(R) Core(TM) i9-7900X CPU @ 3.30GHz,NA,0,0,0,0,NA,NA,,0,sweep;repeats=50;repeat_idx=9;cohort=cpu_extra;OMP_NUM_THREADS=1;places=cores;proc_bind=spread;bytes_per_iter=32;nt_store=0;pJ_per_B=1010.228;GBps_per_W=0.9899
2025-10-13T10:33:49,rock-ms7a95,NA,0,kernel,1,1.10,1.9512,1.9512,69.261,35.5,0,stream_triad,openmp,float32,1073741824,2,2,1.9512,69.261,35.5,35.5,68719476736,35.22,steady_clock,rapl_energy_uj_delta,0,cpu:Intel(R) Core(TM) i9-7900X CPU @ 3.30GHz,NA,0,0,0,0,NA,NA,,0,sweep;repeats=50;repeat_idx=10;cohort=cpu_extra;OMP_NUM_THREADS=1;places=cores;proc_bind=spread;bytes_per_iter=32;nt_store=0;pJ_per_B=1007.885;GBps_per_W=0.9922
2025-10-13T10:33:52,rock-ms7a95,NA,0,kernel,1,1.10,1.9510,1.9510,69.272,35.5,0,stream_triad,openmp,float32,1073741824,2,2,1.9510,69.272,35.5,35.5,68719476736,35.22,steady_clock,rapl_energy_uj_delta,0,cpu:Intel(R) Core(TM) i9-7900X CPU @ 3.30GHz,NA,0,0,0,0,NA,NA,,0,sweep;repeats=50;repeat_idx=11;cohort=cpu_extra;OMP_NUM_THREADS=1;places=cores;proc_bind=spread;bytes_per_iter=32;nt_store=0;pJ_per_B=1008.038;GBps_per_W=0.9920
2025-10-13T10:33:54,rock-ms7a95,NA,0,kernel,1,1.10,1.9512,1.9512,69.202,35.5,0,stream_triad,openmp,float32,1073741824,2,2,1.9512,69.202,35.5,35.5,68719476736,35.22,steady_clock,rapl_energy_uj_delta,0,cpu:Intel(R) Core(TM) i9-7900X CPU @ 3.30GHz,NA,0,0,0,0,NA,NA,,0,sweep;repeats=50;repeat_idx=12;cohort=cpu_extra;OMP_NUM_THREADS=1;places=cores;proc_bind=spread;bytes_per_iter=32;nt_store=0;pJ_per_B=1007.027;GBps_per_W=0.9930
2025-10-13T10:33:56,rock-ms7a95,NA,0,kernel,1,1.10,1.9508,1.9508,69.205,35.5,0,stream_triad,openmp,float32,1073741824,2,2,1.9508,69.205,35.5,35.5,68719476736,35.23,steady_clock,rapl_energy_uj_delta,0,cpu:Intel(R) Core(TM) i9-7900X CPU @ 3.30GHz,NA,0,0,0,0,NA,NA,,0,sweep;repeats=50;repeat_idx=13;cohort=cpu_extra;OMP_NUM_THREADS=1;places=cores;proc_bind=spread;bytes_per_iter=32;nt_store=0;pJ_per_B=1007.061;GBps_per_W=0.9930
2025-10-13T10:33:59,rock-ms7a95,NA,0,kernel,1,1.10,1.9509,1.9509,69.380,35.6,0,stream_triad,openmp,float32,1073741824,2,2,1.9509,69.380,35.6,35.6,68719476736,35.22,steady_clock,rapl_energy_uj_delta,0,cpu:Intel(R) Core(TM) i9-7900X CPU @ 3.30GHz,NA,0,0,0,0,NA,NA,,0,sweep;repeats=50;repeat_idx=14;cohort=cpu_extra;OMP_NUM_THREADS=1;places=cores;proc_bind=spread;bytes_per_iter=32;nt_store=0;pJ_per_B=1009.611;GBps_per_W=0.9905
2025-10-13T10:34:01,rock-ms7a95,NA,0,kernel,1,1.10,1.9510,1.9510,69.255,35.5,0,stream_triad,openmp,float32,1073741824,2,2,1.9510,69.255,35.5,35.5,68719476736,35.22,steady_clock,rapl_energy_uj_delta,0,cpu:Intel(R) Core(TM) i9-7900X CPU @ 3.30GHz,NA,0,0,0,0,NA,NA,,0,sweep;repeats=50;repeat_idx=15;cohort=cpu_extra;OMP_NUM_THREADS=1;places=cores;proc_bind=spread;bytes_per_iter=32;nt_store=0;pJ_per_B=1007.793;GBps_per_W=0.9923
2025-10-13T10:34:03,rock-ms7a95,NA,0,kernel,1,1.10,1.9511,1.9511,69.145,35.4,0,stream_triad,openmp,float32,1073741824,2,2,1.9511,69.145,35.4,35.4,68719476736,35.22,steady_clock,rapl_energy_uj_delta,0,cpu:Intel(R) Core(TM) i9-7900X CPU @ 3.30GHz,NA,0,0,0,0,NA,NA,,0,sweep;repeats=50;repeat_idx=16;cohort=cpu_extra;OMP_NUM_THREADS=1;places=cores;proc_bind=spread;bytes_per_iter=32;nt_store=0;pJ_per_B=1006.194;GBps_per_W=0.9938
2025-10-13T10:34:06,rock-ms7a95,NA,0,kernel,1,1.10,1.9507,1.9507,69.098,35.4,0,stream_triad,openmp,float32,1073741824,2,2,1.9507,69.098,35.4,35.4,68719476736,35.23,steady_clock,rapl_energy_uj_delta,0,cpu:Intel(R) Core(TM) i9-7900X CPU @ 3.30GHz,NA,0,0,0,0,NA,NA,,0,sweep;repeats=50;repeat_idx=17;cohort=cpu_extra;OMP_NUM_THREADS=1;places=cores;proc_bind=spread;bytes_per_iter=32;nt_store=0;pJ_per_B=1005.504;GBps_per_W=0.9945
2025-10-13T10:34:08,rock-ms7a95,NA,0,kernel,1,1.10,1.9509,1.9509,69.154,35.4,0,stream_triad,openmp,float32,1073741824,2,2,1.9509,69.154,35.4,35.4,68719476736,35.22,steady_clock,rapl_energy_uj_delta,0,cpu:Intel(R) Core(TM) i9-7900X CPU @ 3.30GHz,NA,0,0,0,0,NA,NA,,0,sweep;repeats=50;repeat_idx=18;cohort=cpu_extra;OMP_NUM_THREADS=1;places=cores;proc_bind=spread;bytes_per_iter=32;nt_store=0;pJ_per_B=1006.321;GBps_per_W=0.9937
2025-10-13T10:34:10,rock-ms7a95,NA,0,kernel,1,1.10,1.9506,1.9506,69.148,35.4,0,stream_triad,openmp,float32,1073741824,2,2,1.9506,69.148,35.4,35.4,68719476736,35.23,steady_clock,rapl_energy_uj_delta,0,cpu:Intel(R) Core(TM) i9-7900X CPU @ 3.30GHz,NA,0,0,0,0,NA,NA,,0,sweep;repeats=50;repeat_idx=19;cohort=cpu_extra;OMP_NUM_THREADS=1;places=cores;proc_bind=spread;bytes_per_iter=32;nt_store=0;pJ_per_B=1006.230;GBps_per_W=0.9938
2025-10-13T10:34:13,rock-ms7a95,NA,0,kernel,1,1.10,1.9514,1.9514,69.298,35.5,0,stream_triad,openmp,float32,1073741824,2,2,1.9514,69.298,35.5,35.5,68719476736,35.21,steady_clock,rapl_energy_uj_delta,0,cpu:Intel(R) Core(TM) i9-7900X CPU @ 3.30GHz,NA,0,0,0,0,NA,NA,,0,sweep;repeats=50;repeat_idx=20;cohort=cpu_extra;OMP_NUM_THREADS=1;places=cores;proc_bind=spread;bytes_per_iter=32;nt_store=0;pJ_per_B=1008.421;GBps_per_W=0.9916
2025-10-13T10:34:15,rock-ms7a95,NA,0,kernel,1,1.10,1.9511,1.9511,69.358,35.5,0,stream_triad,openmp,float32,1073741824,2,2,1.9511,69.358,35.5,35.5,68719476736,35.22,steady_clock,rapl_energy_uj_delta,0,cpu:Intel(R) Core(TM) i9-7900X CPU @ 3.30GHz,NA,0,0,0,0,NA,NA,,0,sweep;repeats=50;repeat_idx=21;cohort=cpu_extra;OMP_NUM_THREADS=1;places=cores;proc_bind=spread;bytes_per_iter=32;nt_store=0;pJ_per_B=1009.299;GBps_per_W=0.9908
2025-10-13T10:34:17,rock-ms7a95,NA,0,kernel,1,1.10,1.9514,1.9514,69.491,35.6,0,stream_triad,openmp,float32,1073741824,2,2,1.9514,69.491,35.6,35.6,68719476736,35.21,steady_clock,rapl_energy_uj_delta,0,cpu:Intel(R) Core(TM) i9-7900X CPU @ 3.30GHz,NA,0,0,0,0,NA,NA,,0,sweep;repeats=50;repeat_idx=22;cohort=cpu_extra;OMP_NUM_THREADS=1;places=cores;proc_bind=spread;bytes_per_iter=32;nt_store=0;pJ_per_B=1011.226;GBps_per_W=0.9889
2025-10-13T10:34:19,rock-ms7a95,NA,0,kernel,1,1.10,1.9512,1.9512,69.282,35.5,0,stream_triad,openmp,float32,1073741824,2,2,1.9512,69.282,35.5,35.5,68719476736,35.22,steady_clock,rapl_energy_uj_delta,0,cpu:Intel(R) Core(TM) i9-7900X CPU @ 3.30GHz,NA,0,0,0,0,NA,NA,,0,sweep;repeats=50;repeat_idx=23;cohort=cpu_extra;OMP_NUM_THREADS=1;places=cores;proc_bind=spread;bytes_per_iter=32;nt_store=0;pJ_per_B=1008.184;GBps_per_W=0.9919
2025-10-13T10:34:22,rock-ms7a95,NA,0,kernel,1,1.10,1.9512,1.9512,69.375,35.6,0,stream_triad,openmp,float32,1073741824,2,2,1.9512,69.375,35.6,35.6,68719476736,35.22,steady_clock,rapl_energy_uj_delta,0,cpu:Intel(R) Core(TM) i9-7900X CPU @ 3.30GHz,NA,0,0,0,0,NA,NA,,0,sweep;repeats=50;repeat_idx=24;cohort=cpu_extra;OMP_NUM_THREADS=1;places=cores;proc_bind=spread;bytes_per_iter=32;nt_store=0;pJ_per_B=1009.541;GBps_per_W=0.9905
2025-10-13T10:34:24,rock-ms7a95,NA,0,kernel,1,1.10,1.9512,1.9512,69.210,35.5,0,stream_triad,openmp,float32,1073741824,2,2,1.9512,69.210,35.5,35.5,68719476736,35.22,steady_clock,rapl_energy_uj_delta,0,cpu:Intel(R) Core(TM) i9-7900X CPU @ 3.30GHz,NA,0,0,0,0,NA,NA,,0,sweep;repeats=50;repeat_idx=25;cohort=cpu_extra;OMP_NUM_THREADS=1;places=cores;proc_bind=spread;bytes_per_iter=32;nt_store=0;pJ_per_B=1007.135;GBps_per_W=0.9929
2025-10-13T10:34:26,rock-ms7a95,NA,0,kernel,1,1.10,1.9514,1.9514,66.332,34.0,0,stream_triad,openmp,float32,1073741824,2,2,1.9514,66.332,34.0,34.0,68719476736,35.22,steady_clock,rapl_energy_uj_delta,0,cpu:Intel(R) Core(TM) i9-7900X CPU @ 3.30GHz,NA,0,0,0,0,NA,NA,,0,sweep;repeats=50;repeat_idx=26;cohort=cpu_extra;OMP_NUM_THREADS=1;places=cores;proc_bind=spread;bytes_per_iter=32;nt_store=0;pJ_per_B=965.263;GBps_per_W=1.0360
2025-10-13T10:34:29,rock-ms7a95,NA,0,kernel,1,1.10,1.9510,1.9510,66.184,33.9,0,stream_triad,openmp,float32,1073741824,2,2,1.9510,66.184,33.9,33.9,68719476736,35.22,steady_clock,rapl_energy_uj_delta,0,cpu:Intel(R) Core(TM) i9-7900X CPU @ 3.30GHz,NA,0,0,0,0,NA,NA,,0,sweep;repeats=50;repeat_idx=27;cohort=cpu_extra;OMP_NUM_THREADS=1;places=cores;proc_bind=spread;bytes_per_iter=32;nt_store=0;pJ_per_B=963.111;GBps_per_W=1.0383
2025-10-13T10:34:31,rock-ms7a95,NA,0,kernel,1,1.10,1.9514,1.9514,66.179,33.9,0,stream_triad,openmp,float32,1073741824,2,2,1.9514,66.179,33.9,33.9,68719476736,35.22,steady_clock,rapl_energy_uj_delta,0,cpu:Intel(R) Core(TM) i9-7900X CPU @ 3.30GHz,NA,0,0,0,0,NA,NA,,0,sweep;repeats=50;repeat_idx=28;cohort=cpu_extra;OMP_NUM_THREADS=1;places=cores;proc_bind=spread;bytes_per_iter=32;nt_store=0;pJ_per_B=963.025;GBps_per_W=1.0384
2025-10-13T10:34:33,rock-ms7a95,NA,0,kernel,1,1.10,1.9514,1.9514,66.196,33.9,0,stream_triad,openmp,float32,1073741824,2,2,1.9514,66.196,33.9,33.9,68719476736,35.22,steady_clock,rapl_energy_uj_delta,0,cpu:Intel(R) Core(TM) i9-7900X CPU @ 3.30GHz,NA,0,0,0,0,NA,NA,,0,sweep;repeats=50;repeat_idx=29;cohort=cpu_extra;OMP_NUM_THREADS=1;places=cores;proc_bind=spread;bytes_per_iter=32;nt_store=0;pJ_per_B=963.278;GBps_per_W=1.0381
2025-10-13T10:34:36,rock-ms7a95,NA,0,kernel,1,1.10,1.9516,1.9516,65.991,33.8,0,stream_triad,openmp,float32,1073741824,2,2,1.9516,65.991,33.8,33.8,68719476736,35.21,steady_clock,rapl_energy_uj_delta,0,cpu:Intel(R) Core(TM) i9-7900X CPU @ 3.30GHz,NA,0,0,0,0,NA,NA,,0,sweep;repeats=50;repeat_idx=30;cohort=cpu_extra;OMP_NUM_THREADS=1;places=cores;proc_bind=spread;bytes_per_iter=32;nt_store=0;pJ_per_B=960.296;GBps_per_W=1.0413
2025-10-13T10:34:38,rock-ms7a95,NA,0,kernel,1,1.10,1.9509,1.9509,66.056,33.9,0,stream_triad,openmp,float32,1073741824,2,2,1.9509,66.056,33.9,33.9,68719476736,35.23,steady_clock,rapl_energy_uj_delta,0,cpu:Intel(R) Core(TM) i9-7900X CPU @ 3.30GHz,NA,0,0,0,0,NA,NA,,0,sweep;repeats=50;repeat_idx=31;cohort=cpu_extra;OMP_NUM_THREADS=1;places=cores;proc_bind=spread;bytes_per_iter=32;nt_store=0;pJ_per_B=961.241;GBps_per_W=1.0403
2025-10-13T10:34:40,rock-ms7a95,NA,0,kernel,1,1.10,1.9506,1.9506,65.621,33.6,0,stream_triad,openmp,float32,1073741824,2,2,1.9506,65.621,33.6,33.6,68719476736,35.23,steady_clock,rapl_energy_uj_delta,0,cpu:Intel(R) Core(TM) i9-7900X CPU @ 3.30GHz,NA,0,0,0,0,NA,NA,,0,sweep;repeats=50;repeat_idx=32;cohort=cpu_extra;OMP_NUM_THREADS=1;places=cores;proc_bind=spread;bytes_per_iter=32;nt_store=0;pJ_per_B=954.911;GBps_per_W=1.0472
2025-10-13T10:34:43,rock-ms7a95,NA,0,kernel,1,1.10,1.9509,1.9509,65.780,33.7,0,stream_triad,openmp,float32,1073741824,2,2,1.9509,65.780,33.7,33.7,68719476736,35.23,steady_clock,rapl_energy_uj_delta,0,cpu:Intel(R) Core(TM) i9-7900X CPU @ 3.30GHz,NA,0,0,0,0,NA,NA,,0,sweep;repeats=50;repeat_idx=33;cohort=cpu_extra;OMP_NUM_THREADS=1;places=cores;proc_bind=spread;bytes_per_iter=32;nt_store=0;pJ_per_B=957.222;GBps_per_W=1.0447
2025-10-13T10:34:45,rock-ms7a95,NA,0,kernel,1,1.10,1.9510,1.9510,65.866,33.8,0,stream_triad,openmp,float32,1073741824,2,2,1.9510,65.866,33.8,33.8,68719476736,35.22,steady_clock,rapl_energy_uj_delta,0,cpu:Intel(R) Core(TM) i9-7900X CPU @ 3.30GHz,NA,0,0,0,0,NA,NA,,0,sweep;repeats=50;repeat_idx=34;cohort=cpu_extra;OMP_NUM_THREADS=1;places=cores;proc_bind=spread;bytes_per_iter=32;nt_store=0;pJ_per_B=958.472;GBps_per_W=1.0433
2025-10-13T10:34:47,rock-ms7a95,NA,0,kernel,1,1.10,1.9510,1.9510,66.195,33.9,0,stream_triad,openmp,float32,1073741824,2,2,1.9510,66.195,33.9,33.9,68719476736,35.22,steady_clock,rapl_energy_uj_delta,0,cpu:Intel(R) Core(TM) i9-7900X CPU @ 3.30GHz,NA,0,0,0,0,NA,NA,,0,sweep;repeats=50;repeat_idx=35;cohort=cpu_extra;OMP_NUM_THREADS=1;places=cores;proc_bind=spread;bytes_per_iter=32;nt_store=0;pJ_per_B=963.259;GBps_per_W=1.0381
2025-10-13T10:34:50,rock-ms7a95,NA,0,kernel,1,1.10,1.9509,1.9509,65.889,33.8,0,stream_triad,openmp,float32,1073741824,2,2,1.9509,65.889,33.8,33.8,68719476736,35.22,steady_clock,rapl_energy_uj_delta,0,cpu:Intel(R) Core(TM) i9-7900X CPU @ 3.30GHz,NA,0,0,0,0,NA,NA,,0,sweep;repeats=50;repeat_idx=36;cohort=cpu_extra;OMP_NUM_THREADS=1;places=cores;proc_bind=spread;bytes_per_iter=32;nt_store=0;pJ_per_B=958.812;GBps_per_W=1.0430
2025-10-13T10:34:52,rock-ms7a95,NA,0,kernel,1,1.10,1.9509,1.9509,65.904,33.8,0,stream_triad,openmp,float32,1073741824,2,2,1.9509,65.904,33.8,33.8,68719476736,35.22,steady_clock,rapl_energy_uj_delta,0,cpu:Intel(R) Core(TM) i9-7900X CPU @ 3.30GHz,NA,0,0,0,0,NA,NA,,0,sweep;repeats=50;repeat_idx=37;cohort=cpu_extra;OMP_NUM_THREADS=1;places=cores;proc_bind=spread;bytes_per_iter=32;nt_store=0;pJ_per_B=959.027;GBps_per_W=1.0427
2025-10-13T10:34:54,rock-ms7a95,NA,0,kernel,1,1.10,1.9508,1.9508,65.696,33.7,0,stream_triad,openmp,float32,1073741824,2,2,1.9508,65.696,33.7,33.7,68719476736,35.23,steady_clock,rapl_energy_uj_delta,0,cpu:Intel(R) Core(TM) i9-7900X CPU @ 3.30GHz,NA,0,0,0,0,NA,NA,,0,sweep;repeats=50;repeat_idx=38;cohort=cpu_extra;OMP_NUM_THREADS=1;places=cores;proc_bind=spread;bytes_per_iter=32;nt_store=0;pJ_per_B=956.007;GBps_per_W=1.0460
2025-10-13T10:34:56,rock-ms7a95,NA,0,kernel,1,1.10,1.9507,1.9507,65.773,33.7,0,stream_triad,openmp,float32,1073741824,2,2,1.9507,65.773,33.7,33.7,68719476736,35.23,steady_clock,rapl_energy_uj_delta,0,cpu:Intel(R) Core(TM) i9-7900X CPU @ 3.30GHz,NA,0,0,0,0,NA,NA,,0,sweep;repeats=50;repeat_idx=39;cohort=cpu_extra;OMP_NUM_THREADS=1;places=cores;proc_bind=spread;bytes_per_iter=32;nt_store=0;pJ_per_B=957.118;GBps_per_W=1.0448
2025-10-13T10:34:59,rock-ms7a95,NA,0,kernel,1,1.10,1.9513,1.9513,66.120,33.9,0,stream_triad,openmp,float32,1073741824,2,2,1.9513,66.120,33.9,33.9,68719476736,35.22,steady_clock,rapl_energy_uj_delta,0,cpu:Intel(R) Core(TM) i9-7900X CPU @ 3.30GHz,NA,0,0,0,0,NA,NA,,0,sweep;repeats=50;repeat_idx=40;cohort=cpu_extra;OMP_NUM_THREADS=1;places=cores;proc_bind=spread;bytes_per_iter=32;nt_store=0;pJ_per_B=962.175;GBps_per_W=1.0393
2025-10-13T10:35:01,rock-ms7a95,NA,0,kernel,1,1.10,1.9518,1.9518,66.498,34.1,0,stream_triad,openmp,float32,1073741824,2,2,1.9518,66.498,34.1,34.1,68719476736,35.21,steady_clock,rapl_energy_uj_delta,0,cpu:Intel(R) Core(TM) i9-7900X CPU @ 3.30GHz,NA,0,0,0,0,NA,NA,,0,sweep;repeats=50;repeat_idx=41;cohort=cpu_extra;OMP_NUM_THREADS=1;places=cores;proc_bind=spread;bytes_per_iter=32;nt_store=0;pJ_per_B=967.668;GBps_per_W=1.0334
2025-10-13T10:35:03,rock-ms7a95,NA,0,kernel,1,1.10,1.9514,1.9514,66.368,34.0,0,stream_triad,openmp,float32,1073741824,2,2,1.9514,66.368,34.0,34.0,68719476736,35.22,steady_clock,rapl_energy_uj_delta,0,cpu:Intel(R) Core(TM) i9-7900X CPU @ 3.30GHz,NA,0,0,0,0,NA,NA,,0,sweep;repeats=50;repeat_idx=42;cohort=cpu_extra;OMP_NUM_THREADS=1;places=cores;proc_bind=spread;bytes_per_iter=32;nt_store=0;pJ_per_B=965.785;GBps_per_W=1.0354
2025-10-13T10:35:06,rock-ms7a95,NA,0,kernel,1,1.10,1.9512,1.9512,66.043,33.8,0,stream_triad,openmp,float32,1073741824,2,2,1.9512,66.043,33.8,33.8,68719476736,35.22,steady_clock,rapl_energy_uj_delta,0,cpu:Intel(R) Core(TM) i9-7900X CPU @ 3.30GHz,NA,0,0,0,0,NA,NA,,0,sweep;repeats=50;repeat_idx=43;cohort=cpu_extra;OMP_NUM_THREADS=1;places=cores;proc_bind=spread;bytes_per_iter=32;nt_store=0;pJ_per_B=961.049;GBps_per_W=1.0405
2025-10-13T10:35:08,rock-ms7a95,NA,0,kernel,1,1.10,1.9514,1.9514,66.057,33.9,0,stream_triad,openmp,float32,1073741824,2,2,1.9514,66.057,33.9,33.9,68719476736,35.22,steady_clock,rapl_energy_uj_delta,0,cpu:Intel(R) Core(TM) i9-7900X CPU @ 3.30GHz,NA,0,0,0,0,NA,NA,,0,sweep;repeats=50;repeat_idx=44;cohort=cpu_extra;OMP_NUM_THREADS=1;places=cores;proc_bind=spread;bytes_per_iter=32;nt_store=0;pJ_per_B=961.251;GBps_per_W=1.0403
2025-10-13T10:35:10,rock-ms7a95,NA,0,kernel,1,1.10,1.9511,1.9511,65.823,33.7,0,stream_triad,openmp,float32,1073741824,2,2,1.9511,65.823,33.7,33.7,68719476736,35.22,steady_clock,rapl_energy_uj_delta,0,cpu:Intel(R) Core(TM) i9-7900X CPU @ 3.30GHz,NA,0,0,0,0,NA,NA,,0,sweep;repeats=50;repeat_idx=45;cohort=cpu_extra;OMP_NUM_THREADS=1;places=cores;proc_bind=spread;bytes_per_iter=32;nt_store=0;pJ_per_B=957.855;GBps_per_W=1.0440
2025-10-13T10:35:13,rock-ms7a95,NA,0,kernel,1,1.10,1.9510,1.9510,65.992,33.8,0,stream_triad,openmp,float32,1073741824,2,2,1.9510,65.992,33.8,33.8,68719476736,35.22,steady_clock,rapl_energy_uj_delta,0,cpu:Intel(R) Core(TM) i9-7900X CPU @ 3.30GHz,NA,0,0,0,0,NA,NA,,0,sweep;repeats=50;repeat_idx=46;cohort=cpu_extra;OMP_NUM_THREADS=1;places=cores;proc_bind=spread;bytes_per_iter=32;nt_store=0;pJ_per_B=960.304;GBps_per_W=1.0413
2025-10-13T10:35:15,rock-ms7a95,NA,0,kernel,1,1.10,1.9512,1.9512,66.810,34.2,0,stream_triad,openmp,float32,1073741824,2,2,1.9512,66.810,34.2,34.2,68719476736,35.22,steady_clock,rapl_energy_uj_delta,0,cpu:Intel(R) Core(TM) i9-7900X CPU @ 3.30GHz,NA,0,0,0,0,NA,NA,,0,sweep;repeats=50;repeat_idx=47;cohort=cpu_extra;OMP_NUM_THREADS=1;places=cores;proc_bind=spread;bytes_per_iter=32;nt_store=0;pJ_per_B=972.206;GBps_per_W=1.0286
2025-10-13T10:35:17,rock-ms7a95,NA,0,kernel,1,1.10,1.9511,1.9511,67.447,34.6,0,stream_triad,openmp,float32,1073741824,2,2,1.9511,67.447,34.6,34.6,68719476736,35.22,steady_clock,rapl_energy_uj_delta,0,cpu:Intel(R) Core(TM) i9-7900X CPU @ 3.30GHz,NA,0,0,0,0,NA,NA,,0,sweep;repeats=50;repeat_idx=48;cohort=cpu_extra;OMP_NUM_THREADS=1;places=cores;proc_bind=spread;bytes_per_iter=32;nt_store=0;pJ_per_B=981.489;GBps_per_W=1.0189
2025-10-13T10:35:20,rock-ms7a95,NA,0,kernel,1,1.10,1.9511,1.9511,69.330,35.5,0,stream_triad,openmp,float32,1073741824,2,2,1.9511,69.330,35.5,35.5,68719476736,35.22,steady_clock,rapl_energy_uj_delta,0,cpu:Intel(R) Core(TM) i9-7900X CPU @ 3.30GHz,NA,0,0,0,0,NA,NA,,0,sweep;repeats=50;repeat_idx=49;cohort=cpu_extra;OMP_NUM_THREADS=1;places=cores;proc_bind=spread;bytes_per_iter=32;nt_store=0;pJ_per_B=1008.879;GBps_per_W=0.9912
2025-10-13T10:35:27,rock-ms7a95,NA,0,kernel,1,1.10,2.0959,2.0959,70.855,33.8,0,stream_triad,openmp,float32,2147483648,1,1,2.0959,70.855,33.8,33.8,68719476736,32.79,steady_clock,rapl_energy_uj_delta,0,cpu:Intel(R) Core(TM) i9-7900X CPU @ 3.30GHz,NA,0,0,0,0,NA,NA,,0,sweep;repeats=50;repeat_idx=0;cohort=cpu_extra;OMP_NUM_THREADS=1;places=cores;proc_bind=spread;bytes_per_iter=32;nt_store=0;pJ_per_B=1031.078;GBps_per_W=0.9699
2025-10-13T10:35:29,rock-ms7a95,NA,0,kernel,1,1.10,2.0952,2.0952,70.684,33.7,0,stream_triad,openmp,float32,2147483648,1,1,2.0952,70.684,33.7,33.7,68719476736,32.80,steady_clock,rapl_energy_uj_delta,0,cpu:Intel(R) Core(TM) i9-7900X CPU @ 3.30GHz,NA,0,0,0,0,NA,NA,,0,sweep;repeats=50;repeat_idx=1;cohort=cpu_extra;OMP_NUM_THREADS=1;places=cores;proc_bind=spread;bytes_per_iter=32;nt_store=0;pJ_per_B=1028.586;GBps_per_W=0.9722
2025-10-13T10:35:32,rock-ms7a95,NA,0,kernel,1,1.10,2.0951,2.0951,70.816,33.8,0,stream_triad,openmp,float32,2147483648,1,1,2.0951,70.816,33.8,33.8,68719476736,32.80,steady_clock,rapl_energy_uj_delta,0,cpu:Intel(R) Core(TM) i9-7900X CPU @ 3.30GHz,NA,0,0,0,0,NA,NA,,0,sweep;repeats=50;repeat_idx=2;cohort=cpu_extra;OMP_NUM_THREADS=1;places=cores;proc_bind=spread;bytes_per_iter=32;nt_store=0;pJ_per_B=1030.506;GBps_per_W=0.9704
2025-10-13T10:35:35,rock-ms7a95,NA,0,kernel,1,1.10,2.0953,2.0953,70.366,33.6,0,stream_triad,openmp,float32,2147483648,1,1,2.0953,70.366,33.6,33.6,68719476736,32.80,steady_clock,rapl_energy_uj_delta,0,cpu:Intel(R) Core(TM) i9-7900X CPU @ 3.30GHz,NA,0,0,0,0,NA,NA,,0,sweep;repeats=50;repeat_idx=3;cohort=cpu_extra;OMP_NUM_THREADS=1;places=cores;proc_bind=spread;bytes_per_iter=32;nt_store=0;pJ_per_B=1023.958;GBps_per_W=0.9766
2025-10-13T10:35:38,rock-ms7a95,NA,0,kernel,1,1.10,2.0956,2.0956,70.459,33.6,0,stream_triad,openmp,float32,2147483648,1,1,2.0956,70.459,33.6,33.6,68719476736,32.79,steady_clock,rapl_energy_uj_delta,0,cpu:Intel(R) Core(TM) i9-7900X CPU @ 3.30GHz,NA,0,0,0,0,NA,NA,,0,sweep;repeats=50;repeat_idx=4;cohort=cpu_extra;OMP_NUM_THREADS=1;places=cores;proc_bind=spread;bytes_per_iter=32;nt_store=0;pJ_per_B=1025.317;GBps_per_W=0.9753
2025-10-13T10:35:41,rock-ms7a95,NA,0,kernel,1,1.10,2.0952,2.0952,70.409,33.6,0,stream_triad,openmp,float32,2147483648,1,1,2.0952,70.409,33.6,33.6,68719476736,32.80,steady_clock,rapl_energy_uj_delta,0,cpu:Intel(R) Core(TM) i9-7900X CPU @ 3.30GHz,NA,0,0,0,0,NA,NA,,0,sweep;repeats=50;repeat_idx=5;cohort=cpu_extra;OMP_NUM_THREADS=1;places=cores;proc_bind=spread;bytes_per_iter=32;nt_store=0;pJ_per_B=1024.580;GBps_per_W=0.9760
2025-10-13T10:35:43,rock-ms7a95,NA,0,kernel,1,1.10,2.0951,2.0951,70.402,33.6,0,stream_triad,openmp,float32,2147483648,1,1,2.0951,70.402,33.6,33.6,68719476736,32.80,steady_clock,rapl_energy_uj_delta,0,cpu:Intel(R) Core(TM) i9-7900X CPU @ 3.30GHz,NA,0,0,0,0,NA,NA,,0,sweep;repeats=50;repeat_idx=6;cohort=cpu_extra;OMP_NUM_THREADS=1;places=cores;proc_bind=spread;bytes_per_iter=32;nt_store=0;pJ_per_B=1024.485;GBps_per_W=0.9761
2025-10-13T10:35:46,rock-ms7a95,NA,0,kernel,1,1.10,2.0956,2.0956,70.633,33.7,0,stream_triad,openmp,float32,2147483648,1,1,2.0956,70.633,33.7,33.7,68719476736,32.79,steady_clock,rapl_energy_uj_delta,0,cpu:Intel(R) Core(TM) i9-7900X CPU @ 3.30GHz,NA,0,0,0,0,NA,NA,,0,sweep;repeats=50;repeat_idx=7;cohort=cpu_extra;OMP_NUM_THREADS=1;places=cores;proc_bind=spread;bytes_per_iter=32;nt_store=0;pJ_per_B=1027.851;GBps_per_W=0.9729
2025-10-13T10:35:49,rock-ms7a95,NA,0,kernel,1,1.10,2.0950,2.0950,70.584,33.7,0,stream_triad,openmp,float32,2147483648,1,1,2.0950,70.584,33.7,33.7,68719476736,32.80,steady_clock,rapl_energy_uj_delta,0,cpu:Intel(R) Core(TM) i9-7900X CPU @ 3.30GHz,NA,0,0,0,0,NA,NA,,0,sweep;repeats=50;repeat_idx=8;cohort=cpu_extra;OMP_NUM_THREADS=1;places=cores;proc_bind=spread;bytes_per_iter=32;nt_store=0;pJ_per_B=1027.136;GBps_per_W=0.9736
2025-10-13T10:35:52,rock-ms7a95,NA,0,kernel,1,1.10,2.0953,2.0953,70.697,33.7,0,stream_triad,openmp,float32,2147483648,1,1,2.0953,70.697,33.7,33.7,68719476736,32.80,steady_clock,rapl_energy_uj_delta,0,cpu:Intel(R) Core(TM) i9-7900X CPU @ 3.30GHz,NA,0,0,0,0,NA,NA,,0,sweep;repeats=50;repeat_idx=9;cohort=cpu_extra;OMP_NUM_THREADS=1;places=cores;proc_bind=spread;bytes_per_iter=32;nt_store=0;pJ_per_B=1028.773;GBps_per_W=0.9720
2025-10-13T10:35:55,rock-ms7a95,NA,0,kernel,1,1.10,2.0984,2.0984,70.421,33.6,0,stream_triad,openmp,float32,2147483648,1,1,2.0984,70.421,33.6,33.6,68719476736,32.75,steady_clock,rapl_energy_uj_delta,0,cpu:Intel(R) Core(TM) i9-7900X CPU @ 3.30GHz,NA,0,0,0,0,NA,NA,,0,sweep;repeats=50;repeat_idx=10;cohort=cpu_extra;OMP_NUM_THREADS=1;places=cores;proc_bind=spread;bytes_per_iter=32;nt_store=0;pJ_per_B=1024.763;GBps_per_W=0.9758
2025-10-13T10:35:58,rock-ms7a95,NA,0,kernel,1,1.10,2.0981,2.0981,70.490,33.6,0,stream_triad,openmp,float32,2147483648,1,1,2.0981,70.490,33.6,33.6,68719476736,32.75,steady_clock,rapl_energy_uj_delta,0,cpu:Intel(R) Core(TM) i9-7900X CPU @ 3.30GHz,NA,0,0,0,0,NA,NA,,0,sweep;repeats=50;repeat_idx=11;cohort=cpu_extra;OMP_NUM_THREADS=1;places=cores;proc_bind=spread;bytes_per_iter=32;nt_store=0;pJ_per_B=1025.757;GBps_per_W=0.9749
2025-10-13T10:36:00,rock-ms7a95,NA,0,kernel,1,1.10,2.0982,2.0982,70.348,33.5,0,stream_triad,openmp,float32,2147483648,1,1,2.0982,70.348,33.5,33.5,68719476736,32.75,steady_clock,rapl_energy_uj_delta,0,cpu:Intel(R) Core(TM) i9-7900X CPU @ 3.30GHz,NA,0,0,0,0,NA,NA,,0,sweep;repeats=50;repeat_idx=12;cohort=cpu_extra;OMP_NUM_THREADS=1;places=cores;proc_bind=spread;bytes_per_iter=32;nt_store=0;pJ_per_B=1023.696;GBps_per_W=0.9769
2025-10-13T10:36:03,rock-ms7a95,NA,0,kernel,1,1.10,2.0982,2.0982,70.166,33.4,0,stream_triad,openmp,float32,2147483648,1,1,2.0982,70.166,33.4,33.4,68719476736,32.75,steady_clock,rapl_energy_uj_delta,0,cpu:Intel(R) Core(TM) i9-7900X CPU @ 3.30GHz,NA,0,0,0,0,NA,NA,,0,sweep;repeats=50;repeat_idx=13;cohort=cpu_extra;OMP_NUM_THREADS=1;places=cores;proc_bind=spread;bytes_per_iter=32;nt_store=0;pJ_per_B=1021.053;GBps_per_W=0.9794
2025-10-13T10:36:06,rock-ms7a95,NA,0,kernel,1,1.10,2.0981,2.0981,70.175,33.4,0,stream_triad,openmp,float32,2147483648,1,1,2.0981,70.175,33.4,33.4,68719476736,32.75,steady_clock,rapl_energy_uj_delta,0,cpu:Intel(R) Core(TM) i9-7900X CPU @ 3.30GHz,NA,0,0,0,0,NA,NA,,0,sweep;repeats=50;repeat_idx=14;cohort=cpu_extra;OMP_NUM_THREADS=1;places=cores;proc_bind=spread;bytes_per_iter=32;nt_store=0;pJ_per_B=1021.173;GBps_per_W=0.9793
2025-10-13T10:36:09,rock-ms7a95,NA,0,kernel,1,1.10,2.0980,2.0980,70.413,33.6,0,stream_triad,openmp,float32,2147483648,1,1,2.0980,70.413,33.6,33.6,68719476736,32.75,steady_clock,rapl_energy_uj_delta,0,cpu:Intel(R) Core(TM) i9-7900X CPU @ 3.30GHz,NA,0,0,0,0,NA,NA,,0,sweep;repeats=50;repeat_idx=15;cohort=cpu_extra;OMP_NUM_THREADS=1;places=cores;proc_bind=spread;bytes_per_iter=32;nt_store=0;pJ_per_B=1024.644;GBps_per_W=0.9759
2025-10-13T10:36:12,rock-ms7a95,NA,0,kernel,1,1.10,2.0977,2.0977,70.581,33.6,0,stream_triad,openmp,float32,2147483648,1,1,2.0977,70.581,33.6,33.6,68719476736,32.76,steady_clock,rapl_energy_uj_delta,0,cpu:Intel(R) Core(TM) i9-7900X CPU @ 3.30GHz,NA,0,0,0,0,NA,NA,,0,sweep;repeats=50;repeat_idx=16;cohort=cpu_extra;OMP_NUM_THREADS=1;places=cores;proc_bind=spread;bytes_per_iter=32;nt_store=0;pJ_per_B=1027.083;GBps_per_W=0.9736
2025-10-13T10:36:14,rock-ms7a95,NA,0,kernel,1,1.10,2.0980,2.0980,71.235,34.0,0,stream_triad,openmp,float32,2147483648,1,1,2.0980,71.235,34.0,34.0,68719476736,32.75,steady_clock,rapl_energy_uj_delta,0,cpu:Intel(R) Core(TM) i9-7900X CPU @ 3.30GHz,NA,0,0,0,0,NA,NA,,0,sweep;repeats=50;repeat_idx=17;cohort=cpu_extra;OMP_NUM_THREADS=1;places=cores;proc_bind=spread;bytes_per_iter=32;nt_store=0;pJ_per_B=1036.605;GBps_per_W=0.9647
2025-10-13T10:36:17,rock-ms7a95,NA,0,kernel,1,1.10,2.0978,2.0978,71.010,33.8,0,stream_triad,openmp,float32,2147483648,1,1,2.0978,71.010,33.8,33.8,68719476736,32.76,steady_clock,rapl_energy_uj_delta,0,cpu:Intel(R) Core(TM) i9-7900X CPU @ 3.30GHz,NA,0,0,0,0,NA,NA,,0,sweep;repeats=50;repeat_idx=18;cohort=cpu_extra;OMP_NUM_THREADS=1;places=cores;proc_bind=spread;bytes_per_iter=32;nt_store=0;pJ_per_B=1033.333;GBps_per_W=0.9677
2025-10-13T10:36:20,rock-ms7a95,NA,0,kernel,1,1.10,2.0978,2.0978,71.565,34.1,0,stream_triad,openmp,float32,2147483648,1,1,2.0978,71.565,34.1,34.1,68719476736,32.76,steady_clock,rapl_energy_uj_delta,0,cpu:Intel(R) Core(TM) i9-7900X CPU @ 3.30GHz,NA,0,0,0,0,NA,NA,,0,sweep;repeats=50;repeat_idx=19;cohort=cpu_extra;OMP_NUM_THREADS=1;places=cores;proc_bind=spread;bytes_per_iter=32;nt_store=0;pJ_per_B=1041.412;GBps_per_W=0.9602
2025-10-13T10:36:23,rock-ms7a95,NA,0,kernel,1,1.10,2.0984,2.0984,74.344,35.4,0,stream_triad,openmp,float32,2147483648,1,1,2.0984,74.344,35.4,35.4,68719476736,32.75,steady_clock,rapl_energy_uj_delta,0,cpu:Intel(R) Core(TM) i9-7900X CPU @ 3.30GHz,NA,0,0,0,0,NA,NA,,0,sweep;repeats=50;repeat_idx=20;cohort=cpu_extra;OMP_NUM_THREADS=1;places=cores;proc_bind=spread;bytes_per_iter=32;nt_store=0;pJ_per_B=1081.841;GBps_per_W=0.9244
2025-10-13T10:36:26,rock-ms7a95,NA,0,kernel,1,1.10,2.0983,2.0983,72.513,34.6,0,stream_triad,openmp,float32,2147483648,1,1,2.0983,72.513,34.6,34.6,68719476736,32.75,steady_clock,rapl_energy_uj_delta,0,cpu:Intel(R) Core(TM) i9-7900X CPU @ 3.30GHz,NA,0,0,0,0,NA,NA,,0,sweep;repeats=50;repeat_idx=21;cohort=cpu_extra;OMP_NUM_THREADS=1;places=cores;proc_bind=spread;bytes_per_iter=32;nt_store=0;pJ_per_B=1055.200;GBps_per_W=0.9477
2025-10-13T10:36:29,rock-ms7a95,NA,0,kernel,1,1.10,2.0985,2.0985,72.573,34.6,0,stream_triad,openmp,float32,2147483648,1,1,2.0985,72.573,34.6,34.6,68719476736,32.75,steady_clock,rapl_energy_uj_delta,0,cpu:Intel(R) Core(TM) i9-7900X CPU @ 3.30GHz,NA,0,0,0,0,NA,NA,,0,sweep;repeats=50;repeat_idx=22;cohort=cpu_extra;OMP_NUM_THREADS=1;places=cores;proc_bind=spread;bytes_per_iter=32;nt_store=0;pJ_per_B=1056.072;GBps_per_W=0.9469
2025-10-13T10:36:31,rock-ms7a95,NA,0,kernel,1,1.10,2.0980,2.0980,72.525,34.6,0,stream_triad,openmp,float32,2147483648,1,1,2.0980,72.525,34.6,34.6,68719476736,32.75,steady_clock,rapl_energy_uj_delta,0,cpu:Intel(R) Core(TM) i9-7900X CPU @ 3.30GHz,NA,0,0,0,0,NA,NA,,0,sweep;repeats=50;repeat_idx=23;cohort=cpu_extra;OMP_NUM_THREADS=1;places=cores;proc_bind=spread;bytes_per_iter=32;nt_store=0;pJ_per_B=1055.374;GBps_per_W=0.9475
2025-10-13T10:36:34,rock-ms7a95,NA,0,kernel,1,1.10,2.0983,2.0983,71.896,34.3,0,stream_triad,openmp,float32,2147483648,1,1,2.0983,71.896,34.3,34.3,68719476736,32.75,steady_clock,rapl_energy_uj_delta,0,cpu:Intel(R) Core(TM) i9-7900X CPU @ 3.30GHz,NA,0,0,0,0,NA,NA,,0,sweep;repeats=50;repeat_idx=24;cohort=cpu_extra;OMP_NUM_THREADS=1;places=cores;proc_bind=spread;bytes_per_iter=32;nt_store=0;pJ_per_B=1046.229;GBps_per_W=0.9558
2025-10-13T10:36:37,rock-ms7a95,NA,0,kernel,1,1.10,2.0984,2.0984,73.061,34.8,0,stream_triad,openmp,float32,2147483648,1,1,2.0984,73.061,34.8,34.8,68719476736,32.75,steady_clock,rapl_energy_uj_delta,0,cpu:Intel(R) Core(TM) i9-7900X CPU @ 3.30GHz,NA,0,0,0,0,NA,NA,,0,sweep;repeats=50;repeat_idx=25;cohort=cpu_extra;OMP_NUM_THREADS=1;places=cores;proc_bind=spread;bytes_per_iter=32;nt_store=0;pJ_per_B=1063.179;GBps_per_W=0.9406
2025-10-13T10:36:40,rock-ms7a95,NA,0,kernel,1,1.10,2.0981,2.0981,74.349,35.4,0,stream_triad,openmp,float32,2147483648,1,1,2.0981,74.349,35.4,35.4,68719476736,32.75,steady_clock,rapl_energy_uj_delta,0,cpu:Intel(R) Core(TM) i9-7900X CPU @ 3.30GHz,NA,0,0,0,0,NA,NA,,0,sweep;repeats=50;repeat_idx=26;cohort=cpu_extra;OMP_NUM_THREADS=1;places=cores;proc_bind=spread;bytes_per_iter=32;nt_store=0;pJ_per_B=1081.918;GBps_per_W=0.9243
2025-10-13T10:36:43,rock-ms7a95,NA,0,kernel,1,1.10,2.0984,2.0984,74.534,35.5,0,stream_triad,openmp,float32,2147483648,1,1,2.0984,74.534,35.5,35.5,68719476736,32.75,steady_clock,rapl_energy_uj_delta,0,cpu:Intel(R) Core(TM) i9-7900X CPU @ 3.30GHz,NA,0,0,0,0,NA,NA,,0,sweep;repeats=50;repeat_idx=27;cohort=cpu_extra;OMP_NUM_THREADS=1;places=cores;proc_bind=spread;bytes_per_iter=32;nt_store=0;pJ_per_B=1084.611;GBps_per_W=0.9220
2025-10-13T10:36:45,rock-ms7a95,NA,0,kernel,1,1.10,2.0982,2.0982,74.693,35.6,0,stream_triad,openmp,float32,2147483648,1,1,2.0982,74.693,35.6,35.6,68719476736,32.75,steady_clock,rapl_energy_uj_delta,0,cpu:Intel(R) Core(TM) i9-7900X CPU @ 3.30GHz,NA,0,0,0,0,NA,NA,,0,sweep;repeats=50;repeat_idx=28;cohort=cpu_extra;OMP_NUM_THREADS=1;places=cores;proc_bind=spread;bytes_per_iter=32;nt_store=0;pJ_per_B=1086.922;GBps_per_W=0.9200
2025-10-13T10:36:48,rock-ms7a95,NA,0,kernel,1,1.10,2.0984,2.0984,74.437,35.5,0,stream_triad,openmp,float32,2147483648,1,1,2.0984,74.437,35.5,35.5,68719476736,32.75,steady_clock,rapl_energy_uj_delta,0,cpu:Intel(R) Core(TM) i9-7900X CPU @ 3.30GHz,NA,0,0,0,0,NA,NA,,0,sweep;repeats=50;repeat_idx=29;cohort=cpu_extra;OMP_NUM_THREADS=1;places=cores;proc_bind=spread;bytes_per_iter=32;nt_store=0;pJ_per_B=1083.202;GBps_per_W=0.9232
2025-10-13T10:36:51,rock-ms7a95,NA,0,kernel,1,1.10,2.0981,2.0981,74.190,35.4,0,stream_triad,openmp,float32,2147483648,1,1,2.0981,74.190,35.4,35.4,68719476736,32.75,steady_clock,rapl_energy_uj_delta,0,cpu:Intel(R) Core(TM) i9-7900X CPU @ 3.30GHz,NA,0,0,0,0,NA,NA,,0,sweep;repeats=50;repeat_idx=30;cohort=cpu_extra;OMP_NUM_THREADS=1;places=cores;proc_bind=spread;bytes_per_iter=32;nt_store=0;pJ_per_B=1079.606;GBps_per_W=0.9263
2025-10-13T10:36:54,rock-ms7a95,NA,0,kernel,1,1.10,2.0980,2.0980,74.133,35.3,0,stream_triad,openmp,float32,2147483648,1,1,2.0980,74.133,35.3,35.3,68719476736,32.75,steady_clock,rapl_energy_uj_delta,0,cpu:Intel(R) Core(TM) i9-7900X CPU @ 3.30GHz,NA,0,0,0,0,NA,NA,,0,sweep;repeats=50;repeat_idx=31;cohort=cpu_extra;OMP_NUM_THREADS=1;places=cores;proc_bind=spread;bytes_per_iter=32;nt_store=0;pJ_per_B=1078.770;GBps_per_W=0.9270
2025-10-13T10:36:57,rock-ms7a95,NA,0,kernel,1,1.10,2.0980,2.0980,74.204,35.4,0,stream_triad,openmp,float32,2147483648,1,1,2.0980,74.204,35.4,35.4,68719476736,32.75,steady_clock,rapl_energy_uj_delta,0,cpu:Intel(R) Core(TM) i9-7900X CPU @ 3.30GHz,NA,0,0,0,0,NA,NA,,0,sweep;repeats=50;repeat_idx=32;cohort=cpu_extra;OMP_NUM_THREADS=1;places=cores;proc_bind=spread;bytes_per_iter=32;nt_store=0;pJ_per_B=1079.814;GBps_per_W=0.9261
2025-10-13T10:37:00,rock-ms7a95,NA,0,kernel,1,1.10,2.0980,2.0980,74.166,35.4,0,stream_triad,openmp,float32,2147483648,1,1,2.0980,74.166,35.4,35.4,68719476736,32.75,steady_clock,rapl_energy_uj_delta,0,cpu:Intel(R) Core(TM) i9-7900X CPU @ 3.30GHz,NA,0,0,0,0,NA,NA,,0,sweep;repeats=50;repeat_idx=33;cohort=cpu_extra;OMP_NUM_THREADS=1;places=cores;proc_bind=spread;bytes_per_iter=32;nt_store=0;pJ_per_B=1079.255;GBps_per_W=0.9266
2025-10-13T10:37:02,rock-ms7a95,NA,0,kernel,1,1.10,2.0980,2.0980,74.424,35.5,0,stream_triad,openmp,float32,2147483648,1,1,2.0980,74.424,35.5,35.5,68719476736,32.75,steady_clock,rapl_energy_uj_delta,0,cpu:Intel(R) Core(TM) i9-7900X CPU @ 3.30GHz,NA,0,0,0,0,NA,NA,,0,sweep;repeats=50;repeat_idx=34;cohort=cpu_extra;OMP_NUM_THREADS=1;places=cores;proc_bind=spread;bytes_per_iter=32;nt_store=0;pJ_per_B=1083.014;GBps_per_W=0.9233
2025-10-13T10:37:05,rock-ms7a95,NA,0,kernel,1,1.10,2.0982,2.0982,74.102,35.3,0,stream_triad,openmp,float32,2147483648,1,1,2.0982,74.102,35.3,35.3,68719476736,32.75,steady_clock,rapl_energy_uj_delta,0,cpu:Intel(R) Core(TM) i9-7900X CPU @ 3.30GHz,NA,0,0,0,0,NA,NA,,0,sweep;repeats=50;repeat_idx=35;cohort=cpu_extra;OMP_NUM_THREADS=1;places=cores;proc_bind=spread;bytes_per_iter=32;nt_store=0;pJ_per_B=1078.327;GBps_per_W=0.9274
2025-10-13T10:37:08,rock-ms7a95,NA,0,kernel,1,1.10,2.0980,2.0980,74.222,35.4,0,stream_triad,openmp,float32,2147483648,1,1,2.0980,74.222,35.4,35.4,68719476736,32.76,steady_clock,rapl_energy_uj_delta,0,cpu:Intel(R) Core(TM) i9-7900X CPU @ 3.30GHz,NA,0,0,0,0,NA,NA,,0,sweep;repeats=50;repeat_idx=36;cohort=cpu_extra;OMP_NUM_THREADS=1;places=cores;proc_bind=spread;bytes_per_iter=32;nt_store=0;pJ_per_B=1080.070;GBps_per_W=0.9259
2025-10-13T10:37:11,rock-ms7a95,NA,0,kernel,1,1.10,2.0979,2.0979,74.140,35.3,0,stream_triad,openmp,float32,2147483648,1,1,2.0979,74.140,35.3,35.3,68719476736,32.76,steady_clock,rapl_energy_uj_delta,0,cpu:Intel(R) Core(TM) i9-7900X CPU @ 3.30GHz,NA,0,0,0,0,NA,NA,,0,sweep;repeats=50;repeat_idx=37;cohort=cpu_extra;OMP_NUM_THREADS=1;places=cores;proc_bind=spread;bytes_per_iter=32;nt_store=0;pJ_per_B=1078.873;GBps_per_W=0.9269
2025-10-13T10:37:14,rock-ms7a95,NA,0,kernel,1,1.10,2.0980,2.0980,72.281,34.5,0,stream_triad,openmp,float32,2147483648,1,1,2.0980,72.281,34.5,34.5,68719476736,32.75,steady_clock,rapl_energy_uj_delta,0,cpu:Intel(R) Core(TM) i9-7900X CPU @ 3.30GHz,NA,0,0,0,0,NA,NA,,0,sweep;repeats=50;repeat_idx=38;cohort=cpu_extra;OMP_NUM_THREADS=1;places=cores;proc_bind=spread;bytes_per_iter=32;nt_store=0;pJ_per_B=1051.828;GBps_per_W=0.9507
2025-10-13T10:37:16,rock-ms7a95,NA,0,kernel,1,1.10,2.0978,2.0978,71.424,34.0,0,stream_triad,openmp,float32,2147483648,1,1,2.0978,71.424,34.0,34.0,68719476736,32.76,steady_clock,rapl_energy_uj_delta,0,cpu:Intel(R) Core(TM) i9-7900X CPU @ 3.30GHz,NA,0,0,0,0,NA,NA,,0,sweep;repeats=50;repeat_idx=39;cohort=cpu_extra;OMP_NUM_THREADS=1;places=cores;proc_bind=spread;bytes_per_iter=32;nt_store=0;pJ_per_B=1039.360;GBps_per_W=0.9621
2025-10-13T10:37:19,rock-ms7a95,NA,0,kernel,1,1.10,2.0977,2.0977,71.157,33.9,0,stream_triad,openmp,float32,2147483648,1,1,2.0977,71.157,33.9,33.9,68719476736,32.76,steady_clock,rapl_energy_uj_delta,0,cpu:Intel(R) Core(TM) i9-7900X CPU @ 3.30GHz,NA,0,0,0,0,NA,NA,,0,sweep;repeats=50;repeat_idx=40;cohort=cpu_extra;OMP_NUM_THREADS=1;places=cores;proc_bind=spread;bytes_per_iter=32;nt_store=0;pJ_per_B=1035.470;GBps_per_W=0.9657
2025-10-13T10:37:22,rock-ms7a95,NA,0,kernel,1,1.10,2.0982,2.0982,73.806,35.2,0,stream_triad,openmp,float32,2147483648,1,1,2.0982,73.806,35.2,35.2,68719476736,32.75,steady_clock,rapl_energy_uj_delta,0,cpu:Intel(R) Core(TM) i9-7900X CPU @ 3.30GHz,NA,0,0,0,0,NA,NA,,0,sweep;repeats=50;repeat_idx=41;cohort=cpu_extra;OMP_NUM_THREADS=1;places=cores;proc_bind=spread;bytes_per_iter=32;nt_store=0;pJ_per_B=1074.015;GBps_per_W=0.9311
2025-10-13T10:37:25,rock-ms7a95,NA,0,kernel,1,1.10,2.0978,2.0978,74.152,35.3,0,stream_triad,openmp,float32,2147483648,1,1,2.0978,74.152,35.3,35.3,68719476736,32.76,steady_clock,rapl_energy_uj_delta,0,cpu:Intel(R) Core(TM) i9-7900X CPU @ 3.30GHz,NA,0,0,0,0,NA,NA,,0,sweep;repeats=50;repeat_idx=42;cohort=cpu_extra;OMP_NUM_THREADS=1;places=cores;proc_bind=spread;bytes_per_iter=32;nt_store=0;pJ_per_B=1079.051;GBps_per_W=0.9267
2025-10-13T10:37:28,rock-ms7a95,NA,0,kernel,1,1.10,2.0979,2.0979,74.245,35.4,0,stream_triad,openmp,float32,2147483648,1,1,2.0979,74.245,35.4,35.4,68719476736,32.76,steady_clock,rapl_energy_uj_delta,0,cpu:Intel(R) Core(TM) i9-7900X CPU @ 3.30GHz,NA,0,0,0,0,NA,NA,,0,sweep;repeats=50;repeat_idx=43;cohort=cpu_extra;OMP_NUM_THREADS=1;places=cores;proc_bind=spread;bytes_per_iter=32;nt_store=0;pJ_per_B=1080.401;GBps_per_W=0.9256
2025-10-13T10:37:30,rock-ms7a95,NA,0,kernel,1,1.10,2.0980,2.0980,74.300,35.4,0,stream_triad,openmp,float32,2147483648,1,1,2.0980,74.300,35.4,35.4,68719476736,32.76,steady_clock,rapl_energy_uj_delta,0,cpu:Intel(R) Core(TM) i9-7900X CPU @ 3.30GHz,NA,0,0,0,0,NA,NA,,0,sweep;repeats=50;repeat_idx=44;cohort=cpu_extra;OMP_NUM_THREADS=1;places=cores;proc_bind=spread;bytes_per_iter=32;nt_store=0;pJ_per_B=1081.211;GBps_per_W=0.9249
2025-10-13T10:37:33,rock-ms7a95,NA,0,kernel,1,1.10,2.0980,2.0980,74.161,35.3,0,stream_triad,openmp,float32,2147483648,1,1,2.0980,74.161,35.3,35.3,68719476736,32.75,steady_clock,rapl_energy_uj_delta,0,cpu:Intel(R) Core(TM) i9-7900X CPU @ 3.30GHz,NA,0,0,0,0,NA,NA,,0,sweep;repeats=50;repeat_idx=45;cohort=cpu_extra;OMP_NUM_THREADS=1;places=cores;proc_bind=spread;bytes_per_iter=32;nt_store=0;pJ_per_B=1079.189;GBps_per_W=0.9266
2025-10-13T10:37:36,rock-ms7a95,NA,0,kernel,1,1.10,2.0978,2.0978,74.297,35.4,0,stream_triad,openmp,float32,2147483648,1,1,2.0978,74.297,35.4,35.4,68719476736,32.76,steady_clock,rapl_energy_uj_delta,0,cpu:Intel(R) Core(TM) i9-7900X CPU @ 3.30GHz,NA,0,0,0,0,NA,NA,,0,sweep;repeats=50;repeat_idx=46;cohort=cpu_extra;OMP_NUM_THREADS=1;places=cores;proc_bind=spread;bytes_per_iter=32;nt_store=0;pJ_per_B=1081.164;GBps_per_W=0.9249
2025-10-13T10:37:39,rock-ms7a95,NA,0,kernel,1,1.10,2.0980,2.0980,74.437,35.5,0,stream_triad,openmp,float32,2147483648,1,1,2.0980,74.437,35.5,35.5,68719476736,32.75,steady_clock,rapl_energy_uj_delta,0,cpu:Intel(R) Core(TM) i9-7900X CPU @ 3.30GHz,NA,0,0,0,0,NA,NA,,0,sweep;repeats=50;repeat_idx=47;cohort=cpu_extra;OMP_NUM_THREADS=1;places=cores;proc_bind=spread;bytes_per_iter=32;nt_store=0;pJ_per_B=1083.205;GBps_per_W=0.9232
2025-10-13T10:37:42,rock-ms7a95,NA,0,kernel,1,1.10,2.0981,2.0981,74.406,35.5,0,stream_triad,openmp,float32,2147483648,1,1,2.0981,74.406,35.5,35.5,68719476736,32.75,steady_clock,rapl_energy_uj_delta,0,cpu:Intel(R) Core(TM) i9-7900X CPU @ 3.30GHz,NA,0,0,0,0,NA,NA,,0,sweep;repeats=50;repeat_idx=48;cohort=cpu_extra;OMP_NUM_THREADS=1;places=cores;proc_bind=spread;bytes_per_iter=32;nt_store=0;pJ_per_B=1082.745;GBps_per_W=0.9236
2025-10-13T10:37:45,rock-ms7a95,NA,0,kernel,1,1.10,2.0981,2.0981,74.050,35.3,0,stream_triad,openmp,float32,2147483648,1,1,2.0981,74.050,35.3,35.3,68719476736,32.75,steady_clock,rapl_energy_uj_delta,0,cpu:Intel(R) Core(TM) i9-7900X CPU @ 3.30GHz,NA,0,0,0,0,NA,NA,,0,sweep;repeats=50;repeat_idx=49;cohort=cpu_extra;OMP_NUM_THREADS=1;places=cores;proc_bind=spread;bytes_per_iter=32;nt_store=0;pJ_per_B=1077.572;GBps_per_W=0.9280
