timestamp,host,gpu_name,matrix_size,mode,batches,seconds_target,seconds_gpu,seconds_wall,energy_j,avg_power_w,below_target,workload,impl,dtype,N,passes_kernel,passes_e2e,seconds_kernel,energy_kernel_j,avg_power_w_kernel,avg_power_w_e2e,bytes_total,bw_gb_s,time_mode,energy_mode,includes_transfer,device_name,driver_version,pcie_gen_current,pcie_width_current,pcie_rx_kbs,pcie_tx_kbs,clocks_sm_mhz,clocks_mem_mhz,temp_c,throttle_reasons,notes,kWh_e2e
2025-10-13T12:17:35,rock-tobefilledbyoem,NVIDIA GeForce RTX 3090,0,kernel,0,1.1,0.924,0.924,270.582,292.8,1,stream_triad,cuda,fp32,1048576,57669,57669,0.924,270.582,292.8,292.8,725643952128,785.29,kernel,kernel,0,NVIDIA GeForce RTX 3090,13000,0,0,0,0,1965,9501,56,0,sweep;repeats=50;passes=57669;grid=2624;block=256;dtype=fp32,7.51616666666667E-05
2025-10-13T12:17:36,rock-tobefilledbyoem,NVIDIA GeForce RTX 3090,0,kernel,1,1.1,0.9209,0.9209,288.443,313.2,1,stream_triad,cuda,fp32,1048576,57669,57669,0.9209,288.443,313.2,313.2,725643952128,787.98,kernel,kernel,0,NVIDIA GeForce RTX 3090,13000,0,0,0,0,1965,9501,56,0,sweep;repeats=50;passes=57669;grid=2624;block=256;dtype=fp32,8.01230555555556E-05
2025-10-13T12:17:37,rock-tobefilledbyoem,NVIDIA GeForce RTX 3090,0,kernel,2,1.1,0.9209,0.9209,326.277,354.3,1,stream_triad,cuda,fp32,1048576,57669,57669,0.9209,326.277,354.3,354.3,725643952128,787.94,kernel,kernel,0,NVIDIA GeForce RTX 3090,13000,0,0,0,0,1965,9501,57,0,sweep;repeats=50;passes=57669;grid=2624;block=256;dtype=fp32,0.0000906325
2025-10-13T12:17:38,rock-tobefilledbyoem,NVIDIA GeForce RTX 3090,0,kernel,3,1.1,0.921,0.921,292.061,317.1,1,stream_triad,cuda,fp32,1048576,57669,57669,0.921,292.061,317.1,317.1,725643952128,787.92,kernel,kernel,0,NVIDIA GeForce RTX 3090,13000,0,0,0,0,1965,9501,57,0,sweep;repeats=50;passes=57669;grid=2624;block=256;dtype=fp32,8.11280555555555E-05
2025-10-13T12:17:39,rock-tobefilledbyoem,NVIDIA GeForce RTX 3090,0,kernel,4,1.1,0.9208,0.9208,291.041,316.1,1,stream_triad,cuda,fp32,1048576,57669,57669,0.9208,291.041,316.1,316.1,725643952128,788.02,kernel,kernel,0,NVIDIA GeForce RTX 3090,13000,0,0,0,0,1965,9501,57,0,sweep;repeats=50;passes=57669;grid=2624;block=256;dtype=fp32,8.08447222222222E-05
2025-10-13T12:17:40,rock-tobefilledbyoem,NVIDIA GeForce RTX 3090,0,kernel,5,1.1,0.921,0.921,293.938,319.2,1,stream_triad,cuda,fp32,1048576,57669,57669,0.921,293.938,319.2,319.2,725643952128,787.89,kernel,kernel,0,NVIDIA GeForce RTX 3090,13000,0,0,0,0,1965,9501,57,0,sweep;repeats=50;passes=57669;grid=2624;block=256;dtype=fp32,8.16494444444444E-05
2025-10-13T12:17:41,rock-tobefilledbyoem,NVIDIA GeForce RTX 3090,0,kernel,6,1.1,0.921,0.921,296.818,322.3,1,stream_triad,cuda,fp32,1048576,57669,57669,0.921,296.818,322.3,322.3,725643952128,787.91,kernel,kernel,0,NVIDIA GeForce RTX 3090,13000,0,0,0,0,1965,9501,57,0,sweep;repeats=50;passes=57669;grid=2624;block=256;dtype=fp32,8.24494444444445E-05
2025-10-13T12:17:42,rock-tobefilledbyoem,NVIDIA GeForce RTX 3090,0,kernel,7,1.1,0.921,0.921,292.197,317.3,1,stream_triad,cuda,fp32,1048576,57669,57669,0.921,292.197,317.3,317.3,725643952128,787.89,kernel,kernel,0,NVIDIA GeForce RTX 3090,13000,0,0,0,0,1965,9501,58,0,sweep;repeats=50;passes=57669;grid=2624;block=256;dtype=fp32,8.11658333333333E-05
2025-10-13T12:17:43,rock-tobefilledbyoem,NVIDIA GeForce RTX 3090,0,kernel,8,1.1,0.921,0.921,290.906,315.9,1,stream_triad,cuda,fp32,1048576,57669,57669,0.921,290.906,315.9,315.9,725643952128,787.89,kernel,kernel,0,NVIDIA GeForce RTX 3090,13000,0,0,0,0,1965,9501,58,0,sweep;repeats=50;passes=57669;grid=2624;block=256;dtype=fp32,8.08072222222222E-05
2025-10-13T12:17:43,rock-tobefilledbyoem,NVIDIA GeForce RTX 3090,0,kernel,9,1.1,0.921,0.921,294.799,320.1,1,stream_triad,cuda,fp32,1048576,57669,57669,0.921,294.799,320.1,320.1,725643952128,787.92,kernel,kernel,0,NVIDIA GeForce RTX 3090,13000,0,0,0,0,1965,9501,58,0,sweep;repeats=50;passes=57669;grid=2624;block=256;dtype=fp32,8.18886111111111E-05
2025-10-13T12:17:44,rock-tobefilledbyoem,NVIDIA GeForce RTX 3090,0,kernel,10,1.1,0.9209,0.9209,296.918,322.4,1,stream_triad,cuda,fp32,1048576,57669,57669,0.9209,296.918,322.4,322.4,725643952128,787.95,kernel,kernel,0,NVIDIA GeForce RTX 3090,13000,0,0,0,0,1965,9501,58,0,sweep;repeats=50;passes=57669;grid=2624;block=256;dtype=fp32,8.24772222222222E-05
2025-10-13T12:17:45,rock-tobefilledbyoem,NVIDIA GeForce RTX 3090,0,kernel,11,1.1,0.921,0.921,292.083,317.1,1,stream_triad,cuda,fp32,1048576,57669,57669,0.921,292.083,317.1,317.1,725643952128,787.91,kernel,kernel,0,NVIDIA GeForce RTX 3090,13000,0,0,0,0,1965,9501,58,0,sweep;repeats=50;passes=57669;grid=2624;block=256;dtype=fp32,8.11341666666667E-05
2025-10-13T12:17:46,rock-tobefilledbyoem,NVIDIA GeForce RTX 3090,0,kernel,12,1.1,0.921,0.921,294.975,320.3,1,stream_triad,cuda,fp32,1048576,57669,57669,0.921,294.975,320.3,320.3,725643952128,787.89,kernel,kernel,0,NVIDIA GeForce RTX 3090,13000,0,0,0,0,1965,9501,58,0,sweep;repeats=50;passes=57669;grid=2624;block=256;dtype=fp32,0.0000819375
2025-10-13T12:17:47,rock-tobefilledbyoem,NVIDIA GeForce RTX 3090,0,kernel,13,1.1,0.921,0.921,327.509,355.6,1,stream_triad,cuda,fp32,1048576,57669,57669,0.921,327.509,355.6,355.6,725643952128,787.92,kernel,kernel,0,NVIDIA GeForce RTX 3090,13000,0,0,0,0,1965,9501,58,0,sweep;repeats=50;passes=57669;grid=2624;block=256;dtype=fp32,9.09747222222222E-05
2025-10-13T12:17:48,rock-tobefilledbyoem,NVIDIA GeForce RTX 3090,0,kernel,14,1.1,0.921,0.921,296.383,321.8,1,stream_triad,cuda,fp32,1048576,57669,57669,0.921,296.383,321.8,321.8,725643952128,787.92,kernel,kernel,0,NVIDIA GeForce RTX 3090,13000,0,0,0,0,1965,9501,58,0,sweep;repeats=50;passes=57669;grid=2624;block=256;dtype=fp32,8.23286111111111E-05
2025-10-13T12:17:49,rock-tobefilledbyoem,NVIDIA GeForce RTX 3090,0,kernel,15,1.1,0.921,0.921,289.67,314.5,1,stream_triad,cuda,fp32,1048576,57669,57669,0.921,289.67,314.5,314.5,725643952128,787.91,kernel,kernel,0,NVIDIA GeForce RTX 3090,13000,0,0,0,0,1965,9501,58,0,sweep;repeats=50;passes=57669;grid=2624;block=256;dtype=fp32,8.04638888888889E-05
2025-10-13T12:17:50,rock-tobefilledbyoem,NVIDIA GeForce RTX 3090,0,kernel,16,1.1,0.9209,0.9209,294.817,320.1,1,stream_triad,cuda,fp32,1048576,57669,57669,0.9209,294.817,320.1,320.1,725643952128,787.96,kernel,kernel,0,NVIDIA GeForce RTX 3090,13000,0,0,0,0,1965,9501,58,0,sweep;repeats=50;passes=57669;grid=2624;block=256;dtype=fp32,8.18936111111111E-05
2025-10-13T12:17:51,rock-tobefilledbyoem,NVIDIA GeForce RTX 3090,0,kernel,17,1.1,0.921,0.921,326.971,355,1,stream_triad,cuda,fp32,1048576,57669,57669,0.921,326.971,355,355,725643952128,787.91,kernel,kernel,0,NVIDIA GeForce RTX 3090,13000,0,0,0,0,1965,9501,58,0,sweep;repeats=50;passes=57669;grid=2624;block=256;dtype=fp32,9.08252777777778E-05
2025-10-13T12:17:52,rock-tobefilledbyoem,NVIDIA GeForce RTX 3090,0,kernel,18,1.1,0.921,0.921,296.184,321.6,1,stream_triad,cuda,fp32,1048576,57669,57669,0.921,296.184,321.6,321.6,725643952128,787.9,kernel,kernel,0,NVIDIA GeForce RTX 3090,13000,0,0,0,0,1965,9501,58,0,sweep;repeats=50;passes=57669;grid=2624;block=256;dtype=fp32,8.22733333333333E-05
2025-10-13T12:17:53,rock-tobefilledbyoem,NVIDIA GeForce RTX 3090,0,kernel,19,1.1,0.921,0.921,295.858,321.2,1,stream_triad,cuda,fp32,1048576,57669,57669,0.921,295.858,321.2,321.2,725643952128,787.92,kernel,kernel,0,NVIDIA GeForce RTX 3090,13000,0,0,0,0,1965,9501,58,0,sweep;repeats=50;passes=57669;grid=2624;block=256;dtype=fp32,8.21827777777778E-05
2025-10-13T12:17:54,rock-tobefilledbyoem,NVIDIA GeForce RTX 3090,0,kernel,20,1.1,0.921,0.921,294.479,319.7,1,stream_triad,cuda,fp32,1048576,57669,57669,0.921,294.479,319.7,319.7,725643952128,787.86,kernel,kernel,0,NVIDIA GeForce RTX 3090,13000,0,0,0,0,1965,9501,58,0,sweep;repeats=50;passes=57669;grid=2624;block=256;dtype=fp32,8.17997222222222E-05
2025-10-13T12:17:55,rock-tobefilledbyoem,NVIDIA GeForce RTX 3090,0,kernel,21,1.1,0.9211,0.9211,326.626,354.6,1,stream_triad,cuda,fp32,1048576,57669,57669,0.9211,326.626,354.6,354.6,725643952128,787.84,kernel,kernel,0,NVIDIA GeForce RTX 3090,13000,0,0,0,0,1965,9501,58,0,sweep;repeats=50;passes=57669;grid=2624;block=256;dtype=fp32,9.07294444444444E-05
2025-10-13T12:17:56,rock-tobefilledbyoem,NVIDIA GeForce RTX 3090,0,kernel,22,1.1,0.9211,0.9211,296.242,321.6,1,stream_triad,cuda,fp32,1048576,57669,57669,0.9211,296.242,321.6,321.6,725643952128,787.83,kernel,kernel,0,NVIDIA GeForce RTX 3090,13000,0,0,0,0,1965,9501,59,0,sweep;repeats=50;passes=57669;grid=2624;block=256;dtype=fp32,8.22894444444445E-05
2025-10-13T12:17:56,rock-tobefilledbyoem,NVIDIA GeForce RTX 3090,0,kernel,23,1.1,0.9211,0.9211,295.501,320.8,1,stream_triad,cuda,fp32,1048576,57669,57669,0.9211,295.501,320.8,320.8,725643952128,787.83,kernel,kernel,0,NVIDIA GeForce RTX 3090,13000,0,0,0,0,1965,9501,59,0,sweep;repeats=50;passes=57669;grid=2624;block=256;dtype=fp32,8.20836111111111E-05
2025-10-13T12:17:57,rock-tobefilledbyoem,NVIDIA GeForce RTX 3090,0,kernel,24,1.1,0.9211,0.9211,294.325,319.5,1,stream_triad,cuda,fp32,1048576,57669,57669,0.9211,294.325,319.5,319.5,725643952128,787.77,kernel,kernel,0,NVIDIA GeForce RTX 3090,13000,0,0,0,0,1965,9501,59,0,sweep;repeats=50;passes=57669;grid=2624;block=256;dtype=fp32,8.17569444444444E-05
2025-10-13T12:17:58,rock-tobefilledbyoem,NVIDIA GeForce RTX 3090,0,kernel,25,1.1,0.921,0.921,324.781,352.6,1,stream_triad,cuda,fp32,1048576,57669,57669,0.921,324.781,352.6,352.6,725643952128,787.89,kernel,kernel,0,NVIDIA GeForce RTX 3090,13000,0,0,0,0,1965,9501,59,0,sweep;repeats=50;passes=57669;grid=2624;block=256;dtype=fp32,9.02169444444445E-05
2025-10-13T12:17:59,rock-tobefilledbyoem,NVIDIA GeForce RTX 3090,0,kernel,26,1.1,0.921,0.921,296.196,321.6,1,stream_triad,cuda,fp32,1048576,57669,57669,0.921,296.196,321.6,321.6,725643952128,787.86,kernel,kernel,0,NVIDIA GeForce RTX 3090,13000,0,0,0,0,1965,9501,59,0,sweep;repeats=50;passes=57669;grid=2624;block=256;dtype=fp32,8.22766666666667E-05
2025-10-13T12:18:00,rock-tobefilledbyoem,NVIDIA GeForce RTX 3090,0,kernel,27,1.1,0.9212,0.9212,295.527,320.8,1,stream_triad,cuda,fp32,1048576,57669,57669,0.9212,295.527,320.8,320.8,725643952128,787.68,kernel,kernel,0,NVIDIA GeForce RTX 3090,13000,0,0,0,0,1965,9501,59,0,sweep;repeats=50;passes=57669;grid=2624;block=256;dtype=fp32,8.20908333333333E-05
2025-10-13T12:18:01,rock-tobefilledbyoem,NVIDIA GeForce RTX 3090,0,kernel,28,1.1,0.9214,0.9214,294.946,320.1,1,stream_triad,cuda,fp32,1048576,57669,57669,0.9214,294.946,320.1,320.1,725643952128,787.57,kernel,kernel,0,NVIDIA GeForce RTX 3090,13000,0,0,0,0,1965,9501,59,0,sweep;repeats=50;passes=57669;grid=2624;block=256;dtype=fp32,8.19294444444445E-05
2025-10-13T12:18:02,rock-tobefilledbyoem,NVIDIA GeForce RTX 3090,0,kernel,29,1.1,0.9212,0.9212,332.18,360.6,1,stream_triad,cuda,fp32,1048576,57669,57669,0.9212,332.18,360.6,360.6,725643952128,787.7,kernel,kernel,0,NVIDIA GeForce RTX 3090,13000,0,0,0,0,1965,9501,59,0,sweep;repeats=50;passes=57669;grid=2624;block=256;dtype=fp32,9.22722222222222E-05
2025-10-13T12:18:03,rock-tobefilledbyoem,NVIDIA GeForce RTX 3090,0,kernel,30,1.1,0.9213,0.9213,296.753,322.1,1,stream_triad,cuda,fp32,1048576,57669,57669,0.9213,296.753,322.1,322.1,725643952128,787.64,kernel,kernel,0,NVIDIA GeForce RTX 3090,13000,0,0,0,0,1965,9501,59,4,sweep;repeats=50;passes=57669;grid=2624;block=256;dtype=fp32,8.24313888888889E-05
2025-10-13T12:18:04,rock-tobefilledbyoem,NVIDIA GeForce RTX 3090,0,kernel,31,1.1,0.9212,0.9212,295.374,320.6,1,stream_triad,cuda,fp32,1048576,57669,57669,0.9212,295.374,320.6,320.6,725643952128,787.69,kernel,kernel,0,NVIDIA GeForce RTX 3090,13000,0,0,0,0,1965,9501,59,0,sweep;repeats=50;passes=57669;grid=2624;block=256;dtype=fp32,8.20483333333334E-05
2025-10-13T12:18:05,rock-tobefilledbyoem,NVIDIA GeForce RTX 3090,0,kernel,32,1.1,0.9212,0.9212,298.581,324.1,1,stream_triad,cuda,fp32,1048576,57669,57669,0.9212,298.581,324.1,324.1,725643952128,787.74,kernel,kernel,0,NVIDIA GeForce RTX 3090,13000,0,0,0,0,1965,9501,59,0,sweep;repeats=50;passes=57669;grid=2624;block=256;dtype=fp32,8.29391666666667E-05
2025-10-13T12:18:06,rock-tobefilledbyoem,NVIDIA GeForce RTX 3090,0,kernel,33,1.1,0.9212,0.9212,330.026,358.3,1,stream_triad,cuda,fp32,1048576,57669,57669,0.9212,330.026,358.3,358.3,725643952128,787.75,kernel,kernel,0,NVIDIA GeForce RTX 3090,13000,0,0,0,0,1965,9501,59,0,sweep;repeats=50;passes=57669;grid=2624;block=256;dtype=fp32,9.16738888888889E-05
2025-10-13T12:18:07,rock-tobefilledbyoem,NVIDIA GeForce RTX 3090,0,kernel,34,1.1,0.9211,0.9211,295.37,320.7,1,stream_triad,cuda,fp32,1048576,57669,57669,0.9211,295.37,320.7,320.7,725643952128,787.83,kernel,kernel,0,NVIDIA GeForce RTX 3090,13000,0,0,0,0,1965,9501,59,0,sweep;repeats=50;passes=57669;grid=2624;block=256;dtype=fp32,8.20472222222222E-05
2025-10-13T12:18:08,rock-tobefilledbyoem,NVIDIA GeForce RTX 3090,0,kernel,35,1.1,0.9211,0.9211,294.081,319.3,1,stream_triad,cuda,fp32,1048576,57669,57669,0.9211,294.081,319.3,319.3,725643952128,787.78,kernel,kernel,0,NVIDIA GeForce RTX 3090,13000,0,0,0,0,1965,9501,59,4,sweep;repeats=50;passes=57669;grid=2624;block=256;dtype=fp32,8.16891666666667E-05
2025-10-13T12:18:08,rock-tobefilledbyoem,NVIDIA GeForce RTX 3090,0,kernel,36,1.1,0.9211,0.9211,298.023,323.5,1,stream_triad,cuda,fp32,1048576,57669,57669,0.9211,298.023,323.5,323.5,725643952128,787.78,kernel,kernel,0,NVIDIA GeForce RTX 3090,13000,0,0,0,0,1965,9501,59,0,sweep;repeats=50;passes=57669;grid=2624;block=256;dtype=fp32,8.27841666666667E-05
2025-10-13T12:18:09,rock-tobefilledbyoem,NVIDIA GeForce RTX 3090,0,kernel,37,1.1,0.9211,0.9211,330.367,358.7,1,stream_triad,cuda,fp32,1048576,57669,57669,0.9211,330.367,358.7,358.7,725643952128,787.81,kernel,kernel,0,NVIDIA GeForce RTX 3090,13000,0,0,0,0,1965,9501,60,0,sweep;repeats=50;passes=57669;grid=2624;block=256;dtype=fp32,9.17686111111111E-05
2025-10-13T12:18:10,rock-tobefilledbyoem,NVIDIA GeForce RTX 3090,0,kernel,38,1.1,0.9211,0.9211,295.594,320.9,1,stream_triad,cuda,fp32,1048576,57669,57669,0.9211,295.594,320.9,320.9,725643952128,787.82,kernel,kernel,0,NVIDIA GeForce RTX 3090,13000,0,0,0,0,1965,9501,60,0,sweep;repeats=50;passes=57669;grid=2624;block=256;dtype=fp32,8.21094444444445E-05
2025-10-13T12:18:11,rock-tobefilledbyoem,NVIDIA GeForce RTX 3090,0,kernel,39,1.1,0.9211,0.9211,294.185,319.4,1,stream_triad,cuda,fp32,1048576,57669,57669,0.9211,294.185,319.4,319.4,725643952128,787.79,kernel,kernel,0,NVIDIA GeForce RTX 3090,13000,0,0,0,0,1965,9501,60,0,sweep;repeats=50;passes=57669;grid=2624;block=256;dtype=fp32,8.17180555555556E-05
2025-10-13T12:18:12,rock-tobefilledbyoem,NVIDIA GeForce RTX 3090,0,kernel,40,1.1,0.9211,0.9211,330.792,359.1,1,stream_triad,cuda,fp32,1048576,57669,57669,0.9211,330.792,359.1,359.1,725643952128,787.81,kernel,kernel,0,NVIDIA GeForce RTX 3090,13000,0,0,0,0,1965,9501,60,0,sweep;repeats=50;passes=57669;grid=2624;block=256;dtype=fp32,9.18866666666667E-05
2025-10-13T12:18:13,rock-tobefilledbyoem,NVIDIA GeForce RTX 3090,0,kernel,41,1.1,0.9211,0.9211,299.681,325.4,1,stream_triad,cuda,fp32,1048576,57669,57669,0.9211,299.681,325.4,325.4,725643952128,787.82,kernel,kernel,0,NVIDIA GeForce RTX 3090,13000,0,0,0,0,1965,9501,60,0,sweep;repeats=50;passes=57669;grid=2624;block=256;dtype=fp32,8.32447222222222E-05
2025-10-13T12:18:14,rock-tobefilledbyoem,NVIDIA GeForce RTX 3090,0,kernel,42,1.1,0.9211,0.9211,295.126,320.4,1,stream_triad,cuda,fp32,1048576,57669,57669,0.9211,295.126,320.4,320.4,725643952128,787.82,kernel,kernel,0,NVIDIA GeForce RTX 3090,13000,0,0,0,0,1965,9501,60,0,sweep;repeats=50;passes=57669;grid=2624;block=256;dtype=fp32,8.19794444444444E-05
2025-10-13T12:18:15,rock-tobefilledbyoem,NVIDIA GeForce RTX 3090,0,kernel,43,1.1,0.9211,0.9211,292.428,317.5,1,stream_triad,cuda,fp32,1048576,57669,57669,0.9211,292.428,317.5,317.5,725643952128,787.78,kernel,kernel,0,NVIDIA GeForce RTX 3090,13000,0,0,0,0,1965,9501,60,0,sweep;repeats=50;passes=57669;grid=2624;block=256;dtype=fp32,0.00008123
2025-10-13T12:18:16,rock-tobefilledbyoem,NVIDIA GeForce RTX 3090,0,kernel,44,1.1,0.921,0.921,331.236,359.6,1,stream_triad,cuda,fp32,1048576,57669,57669,0.921,331.236,359.6,359.6,725643952128,787.86,kernel,kernel,0,NVIDIA GeForce RTX 3090,13000,0,0,0,0,1965,9501,60,0,sweep;repeats=50;passes=57669;grid=2624;block=256;dtype=fp32,0.00009201
2025-10-13T12:18:17,rock-tobefilledbyoem,NVIDIA GeForce RTX 3090,0,kernel,45,1.1,0.9211,0.9211,299.998,325.7,1,stream_triad,cuda,fp32,1048576,57669,57669,0.9211,299.998,325.7,325.7,725643952128,787.82,kernel,kernel,0,NVIDIA GeForce RTX 3090,13000,0,0,0,0,1965,9501,60,0,sweep;repeats=50;passes=57669;grid=2624;block=256;dtype=fp32,8.33327777777778E-05
2025-10-13T12:18:18,rock-tobefilledbyoem,NVIDIA GeForce RTX 3090,0,kernel,46,1.1,0.9211,0.9211,295.055,320.3,1,stream_triad,cuda,fp32,1048576,57669,57669,0.9211,295.055,320.3,320.3,725643952128,787.82,kernel,kernel,0,NVIDIA GeForce RTX 3090,13000,0,0,0,0,1965,9501,60,0,sweep;repeats=50;passes=57669;grid=2624;block=256;dtype=fp32,8.19597222222222E-05
2025-10-13T12:18:19,rock-tobefilledbyoem,NVIDIA GeForce RTX 3090,0,kernel,47,1.1,0.9211,0.9211,298.225,323.8,1,stream_triad,cuda,fp32,1048576,57669,57669,0.9211,298.225,323.8,323.8,725643952128,787.77,kernel,kernel,0,NVIDIA GeForce RTX 3090,13000,0,0,0,0,1965,9501,60,0,sweep;repeats=50;passes=57669;grid=2624;block=256;dtype=fp32,8.28402777777778E-05
2025-10-13T12:18:20,rock-tobefilledbyoem,NVIDIA GeForce RTX 3090,0,kernel,48,1.1,0.9211,0.9211,331.298,359.7,1,stream_triad,cuda,fp32,1048576,57669,57669,0.9211,331.298,359.7,359.7,725643952128,787.82,kernel,kernel,0,NVIDIA GeForce RTX 3090,13000,0,0,0,0,1965,9501,60,0,sweep;repeats=50;passes=57669;grid=2624;block=256;dtype=fp32,9.20272222222222E-05
2025-10-13T12:18:21,rock-tobefilledbyoem,NVIDIA GeForce RTX 3090,0,kernel,49,1.1,0.921,0.921,300.02,325.7,1,stream_triad,cuda,fp32,1048576,57669,57669,0.921,300.02,325.7,325.7,725643952128,787.86,kernel,kernel,0,NVIDIA GeForce RTX 3090,13000,0,0,0,0,1965,9501,60,0,sweep;repeats=50;passes=57669;grid=2624;block=256;dtype=fp32,8.33388888888889E-05
2025-10-13T12:18:22,rock-tobefilledbyoem,NVIDIA GeForce RTX 3090,0,kernel,0,1.1,1.0533,1.0533,353.944,336,1,stream_triad,cuda,fp32,4194304,16610,16610,1.0533,353.944,336,336,836008673280,793.69,kernel,kernel,0,NVIDIA GeForce RTX 3090,13000,0,0,0,0,1965,9501,60,4,sweep;repeats=50;passes=16610;grid=2624;block=256;dtype=fp32,9.83177777777778E-05
2025-10-13T12:18:23,rock-tobefilledbyoem,NVIDIA GeForce RTX 3090,0,kernel,1,1.1,1.0533,1.0533,335.465,318.5,1,stream_triad,cuda,fp32,4194304,16610,16610,1.0533,335.465,318.5,318.5,836008673280,793.74,kernel,kernel,0,NVIDIA GeForce RTX 3090,13000,0,0,0,0,1965,9501,60,4,sweep;repeats=50;passes=16610;grid=2624;block=256;dtype=fp32,9.31847222222222E-05
2025-10-13T12:18:24,rock-tobefilledbyoem,NVIDIA GeForce RTX 3090,0,kernel,2,1.1,1.0533,1.0533,370.831,352,1,stream_triad,cuda,fp32,4194304,16610,16610,1.0533,370.831,352,352,836008673280,793.67,kernel,kernel,0,NVIDIA GeForce RTX 3090,13000,0,0,0,0,1965,9501,60,4,sweep;repeats=50;passes=16610;grid=2624;block=256;dtype=fp32,0.000103008611111111
2025-10-13T12:18:25,rock-tobefilledbyoem,NVIDIA GeForce RTX 3090,0,kernel,3,1.1,1.0532,1.0532,372.054,353.3,1,stream_triad,cuda,fp32,4194304,16610,16610,1.0532,372.054,353.3,353.3,836008673280,793.77,kernel,kernel,0,NVIDIA GeForce RTX 3090,13000,0,0,0,0,1965,9501,60,4,sweep;repeats=50;passes=16610;grid=2624;block=256;dtype=fp32,0.000103348333333333
2025-10-13T12:18:26,rock-tobefilledbyoem,NVIDIA GeForce RTX 3090,0,kernel,4,1.1,1.0533,1.0533,337.958,320.8,1,stream_triad,cuda,fp32,4194304,16610,16610,1.0533,337.958,320.8,320.8,836008673280,793.67,kernel,kernel,0,NVIDIA GeForce RTX 3090,13000,0,0,0,0,1965,9501,60,4,sweep;repeats=50;passes=16610;grid=2624;block=256;dtype=fp32,9.38772222222222E-05
2025-10-13T12:18:27,rock-tobefilledbyoem,NVIDIA GeForce RTX 3090,0,kernel,5,1.1,1.0532,1.0532,371.917,353.1,1,stream_triad,cuda,fp32,4194304,16610,16610,1.0532,371.917,353.1,353.1,836008673280,793.75,kernel,kernel,0,NVIDIA GeForce RTX 3090,13000,0,0,0,0,1965,9501,60,4,sweep;repeats=50;passes=16610;grid=2624;block=256;dtype=fp32,0.000103310277777778
2025-10-13T12:18:28,rock-tobefilledbyoem,NVIDIA GeForce RTX 3090,0,kernel,6,1.1,1.0534,1.0534,337.807,320.7,1,stream_triad,cuda,fp32,4194304,16610,16610,1.0534,337.807,320.7,320.7,836008673280,793.63,kernel,kernel,0,NVIDIA GeForce RTX 3090,13000,0,0,0,0,1965,9501,61,4,sweep;repeats=50;passes=16610;grid=2624;block=256;dtype=fp32,9.38352777777778E-05
2025-10-13T12:18:29,rock-tobefilledbyoem,NVIDIA GeForce RTX 3090,0,kernel,7,1.1,1.0535,1.0535,372.157,353.3,1,stream_triad,cuda,fp32,4194304,16610,16610,1.0535,372.157,353.3,353.3,836008673280,793.58,kernel,kernel,0,NVIDIA GeForce RTX 3090,13000,0,0,0,0,1965,9501,61,4,sweep;repeats=50;passes=16610;grid=2624;block=256;dtype=fp32,0.000103376944444444
2025-10-13T12:18:30,rock-tobefilledbyoem,NVIDIA GeForce RTX 3090,0,kernel,8,1.1,1.0535,1.0535,372.46,353.6,1,stream_triad,cuda,fp32,4194304,16610,16610,1.0535,372.46,353.6,353.6,836008673280,793.58,kernel,kernel,0,NVIDIA GeForce RTX 3090,13000,0,0,0,0,1965,9501,61,4,sweep;repeats=50;passes=16610;grid=2624;block=256;dtype=fp32,0.000103461111111111
2025-10-13T12:18:31,rock-tobefilledbyoem,NVIDIA GeForce RTX 3090,0,kernel,9,1.1,1.0534,1.0534,338.46,321.3,1,stream_triad,cuda,fp32,4194304,16610,16610,1.0534,338.46,321.3,321.3,836008673280,793.64,kernel,kernel,0,NVIDIA GeForce RTX 3090,13000,0,0,0,0,1965,9501,61,4,sweep;repeats=50;passes=16610;grid=2624;block=256;dtype=fp32,9.40166666666667E-05
2025-10-13T12:18:32,rock-tobefilledbyoem,NVIDIA GeForce RTX 3090,0,kernel,10,1.1,1.0532,1.0532,371.713,352.9,1,stream_triad,cuda,fp32,4194304,16610,16610,1.0532,371.713,352.9,352.9,836008673280,793.79,kernel,kernel,0,NVIDIA GeForce RTX 3090,13000,0,0,0,0,1965,9501,61,4,sweep;repeats=50;passes=16610;grid=2624;block=256;dtype=fp32,0.000103253611111111
2025-10-13T12:18:33,rock-tobefilledbyoem,NVIDIA GeForce RTX 3090,0,kernel,11,1.1,1.0534,1.0534,338.843,321.7,1,stream_triad,cuda,fp32,4194304,16610,16610,1.0534,338.843,321.7,321.7,836008673280,793.64,kernel,kernel,0,NVIDIA GeForce RTX 3090,13000,0,0,0,0,1965,9501,61,4,sweep;repeats=50;passes=16610;grid=2624;block=256;dtype=fp32,9.41230555555556E-05
2025-10-13T12:18:34,rock-tobefilledbyoem,NVIDIA GeForce RTX 3090,0,kernel,12,1.1,1.0532,1.0532,373.089,354.2,1,stream_triad,cuda,fp32,4194304,16610,16610,1.0532,373.089,354.2,354.2,836008673280,793.76,kernel,kernel,0,NVIDIA GeForce RTX 3090,13000,0,0,0,0,1965,9501,61,4,sweep;repeats=50;passes=16610;grid=2624;block=256;dtype=fp32,0.000103635833333333
2025-10-13T12:18:35,rock-tobefilledbyoem,NVIDIA GeForce RTX 3090,0,kernel,13,1.1,1.0533,1.0533,373.155,354.3,1,stream_triad,cuda,fp32,4194304,16610,16610,1.0533,373.155,354.3,354.3,836008673280,793.71,kernel,kernel,0,NVIDIA GeForce RTX 3090,13000,0,0,0,0,1965,9501,61,4,sweep;repeats=50;passes=16610;grid=2624;block=256;dtype=fp32,0.000103654166666667
2025-10-13T12:18:36,rock-tobefilledbyoem,NVIDIA GeForce RTX 3090,0,kernel,14,1.1,1.0534,1.0534,339.01,321.8,1,stream_triad,cuda,fp32,4194304,16610,16610,1.0534,339.01,321.8,321.8,836008673280,793.64,kernel,kernel,0,NVIDIA GeForce RTX 3090,13000,0,0,0,0,1965,9501,61,4,sweep;repeats=50;passes=16610;grid=2624;block=256;dtype=fp32,9.41694444444444E-05
2025-10-13T12:18:38,rock-tobefilledbyoem,NVIDIA GeForce RTX 3090,0,kernel,15,1.1,1.0534,1.0534,373.162,354.3,1,stream_triad,cuda,fp32,4194304,16610,16610,1.0534,373.162,354.3,354.3,836008673280,793.66,kernel,kernel,0,NVIDIA GeForce RTX 3090,13000,0,0,0,0,1965,9501,61,4,sweep;repeats=50;passes=16610;grid=2624;block=256;dtype=fp32,0.000103656111111111
2025-10-13T12:18:39,rock-tobefilledbyoem,NVIDIA GeForce RTX 3090,0,kernel,16,1.1,1.0535,1.0535,338.741,321.5,1,stream_triad,cuda,fp32,4194304,16610,16610,1.0535,338.741,321.5,321.5,836008673280,793.53,kernel,kernel,0,NVIDIA GeForce RTX 3090,13000,0,0,0,0,1965,9501,61,4,sweep;repeats=50;passes=16610;grid=2624;block=256;dtype=fp32,9.40947222222222E-05
2025-10-13T12:18:40,rock-tobefilledbyoem,NVIDIA GeForce RTX 3090,0,kernel,17,1.1,1.0532,1.0532,373.256,354.4,1,stream_triad,cuda,fp32,4194304,16610,16610,1.0532,373.256,354.4,354.4,836008673280,793.81,kernel,kernel,0,NVIDIA GeForce RTX 3090,13000,0,0,0,0,1965,9501,61,4,sweep;repeats=50;passes=16610;grid=2624;block=256;dtype=fp32,0.000103682222222222
2025-10-13T12:18:41,rock-tobefilledbyoem,NVIDIA GeForce RTX 3090,0,kernel,18,1.1,1.0534,1.0534,373.044,354.1,1,stream_triad,cuda,fp32,4194304,16610,16610,1.0534,373.044,354.1,354.1,836008673280,793.64,kernel,kernel,0,NVIDIA GeForce RTX 3090,13000,0,0,0,0,1965,9501,61,4,sweep;repeats=50;passes=16610;grid=2624;block=256;dtype=fp32,0.000103623333333333
2025-10-13T12:18:42,rock-tobefilledbyoem,NVIDIA GeForce RTX 3090,0,kernel,19,1.1,1.0532,1.0532,339.277,322.1,1,stream_triad,cuda,fp32,4194304,16610,16610,1.0532,339.277,322.1,322.1,836008673280,793.76,kernel,kernel,0,NVIDIA GeForce RTX 3090,13000,0,0,0,0,1965,9501,61,4,sweep;repeats=50;passes=16610;grid=2624;block=256;dtype=fp32,9.42436111111111E-05
2025-10-13T12:18:43,rock-tobefilledbyoem,NVIDIA GeForce RTX 3090,0,kernel,20,1.1,1.0534,1.0534,372.577,353.7,1,stream_triad,cuda,fp32,4194304,16610,16610,1.0534,372.577,353.7,353.7,836008673280,793.65,kernel,kernel,0,NVIDIA GeForce RTX 3090,13000,0,0,0,0,1965,9501,61,4,sweep;repeats=50;passes=16610;grid=2624;block=256;dtype=fp32,0.000103493611111111
2025-10-13T12:18:44,rock-tobefilledbyoem,NVIDIA GeForce RTX 3090,0,kernel,21,1.1,1.0533,1.0533,339.471,322.3,1,stream_triad,cuda,fp32,4194304,16610,16610,1.0533,339.471,322.3,322.3,836008673280,793.72,kernel,kernel,0,NVIDIA GeForce RTX 3090,13000,0,0,0,0,1965,9501,61,4,sweep;repeats=50;passes=16610;grid=2624;block=256;dtype=fp32,0.0000942975
2025-10-13T12:18:45,rock-tobefilledbyoem,NVIDIA GeForce RTX 3090,0,kernel,22,1.1,1.0532,1.0532,373.711,354.8,1,stream_triad,cuda,fp32,4194304,16610,16610,1.0532,373.711,354.8,354.8,836008673280,793.78,kernel,kernel,0,NVIDIA GeForce RTX 3090,13000,0,0,0,0,1965,9501,61,4,sweep;repeats=50;passes=16610;grid=2624;block=256;dtype=fp32,0.000103808611111111
2025-10-13T12:18:46,rock-tobefilledbyoem,NVIDIA GeForce RTX 3090,0,kernel,23,1.1,1.0535,1.0535,373.808,354.8,1,stream_triad,cuda,fp32,4194304,16610,16610,1.0535,373.808,354.8,354.8,836008673280,793.59,kernel,kernel,0,NVIDIA GeForce RTX 3090,13000,0,0,0,0,1965,9501,61,4,sweep;repeats=50;passes=16610;grid=2624;block=256;dtype=fp32,0.000103835555555556
2025-10-13T12:18:47,rock-tobefilledbyoem,NVIDIA GeForce RTX 3090,0,kernel,24,1.1,1.0533,1.0533,339.506,322.3,1,stream_triad,cuda,fp32,4194304,16610,16610,1.0533,339.506,322.3,322.3,836008673280,793.69,kernel,kernel,0,NVIDIA GeForce RTX 3090,13000,0,0,0,0,1965,9501,61,4,sweep;repeats=50;passes=16610;grid=2624;block=256;dtype=fp32,9.43072222222222E-05
2025-10-13T12:18:48,rock-tobefilledbyoem,NVIDIA GeForce RTX 3090,0,kernel,25,1.1,1.0533,1.0533,374.061,355.1,1,stream_triad,cuda,fp32,4194304,16610,16610,1.0533,374.061,355.1,355.1,836008673280,793.73,kernel,kernel,0,NVIDIA GeForce RTX 3090,13000,0,0,0,0,1965,9501,61,4,sweep;repeats=50;passes=16610;grid=2624;block=256;dtype=fp32,0.000103905833333333
2025-10-13T12:18:49,rock-tobefilledbyoem,NVIDIA GeForce RTX 3090,0,kernel,26,1.1,1.0534,1.0534,339.547,322.3,1,stream_triad,cuda,fp32,4194304,16610,16610,1.0534,339.547,322.3,322.3,836008673280,793.63,kernel,kernel,0,NVIDIA GeForce RTX 3090,13000,0,0,0,0,1965,9501,61,4,sweep;repeats=50;passes=16610;grid=2624;block=256;dtype=fp32,9.43186111111111E-05
2025-10-13T12:18:50,rock-tobefilledbyoem,NVIDIA GeForce RTX 3090,0,kernel,27,1.1,1.0533,1.0533,374.149,355.2,1,stream_triad,cuda,fp32,4194304,16610,16610,1.0533,374.149,355.2,355.2,836008673280,793.71,kernel,kernel,0,NVIDIA GeForce RTX 3090,13000,0,0,0,0,1965,9501,61,4,sweep;repeats=50;passes=16610;grid=2624;block=256;dtype=fp32,0.000103930277777778
2025-10-13T12:18:51,rock-tobefilledbyoem,NVIDIA GeForce RTX 3090,0,kernel,28,1.1,1.0534,1.0534,374.004,355.1,1,stream_triad,cuda,fp32,4194304,16610,16610,1.0534,374.004,355.1,355.1,836008673280,793.66,kernel,kernel,0,NVIDIA GeForce RTX 3090,13000,0,0,0,0,1965,9501,61,4,sweep;repeats=50;passes=16610;grid=2624;block=256;dtype=fp32,0.00010389
2025-10-13T12:18:52,rock-tobefilledbyoem,NVIDIA GeForce RTX 3090,0,kernel,29,1.1,1.0532,1.0532,340.037,322.8,1,stream_triad,cuda,fp32,4194304,16610,16610,1.0532,340.037,322.8,322.8,836008673280,793.74,kernel,kernel,0,NVIDIA GeForce RTX 3090,13000,0,0,0,0,1965,9501,61,4,sweep;repeats=50;passes=16610;grid=2624;block=256;dtype=fp32,9.44547222222222E-05
2025-10-13T12:18:53,rock-tobefilledbyoem,NVIDIA GeForce RTX 3090,0,kernel,30,1.1,1.0533,1.0533,373.298,354.4,1,stream_triad,cuda,fp32,4194304,16610,16610,1.0533,373.298,354.4,354.4,836008673280,793.68,kernel,kernel,0,NVIDIA GeForce RTX 3090,13000,0,0,0,0,1965,9501,61,4,sweep;repeats=50;passes=16610;grid=2624;block=256;dtype=fp32,0.000103693888888889
2025-10-13T12:18:54,rock-tobefilledbyoem,NVIDIA GeForce RTX 3090,0,kernel,31,1.1,1.0532,1.0532,340.084,322.9,1,stream_triad,cuda,fp32,4194304,16610,16610,1.0532,340.084,322.9,322.9,836008673280,793.79,kernel,kernel,0,NVIDIA GeForce RTX 3090,13000,0,0,0,0,1965,9501,61,4,sweep;repeats=50;passes=16610;grid=2624;block=256;dtype=fp32,9.44677777777778E-05
2025-10-13T12:18:56,rock-tobefilledbyoem,NVIDIA GeForce RTX 3090,0,kernel,32,1.1,1.0533,1.0533,374.624,355.7,1,stream_triad,cuda,fp32,4194304,16610,16610,1.0533,374.624,355.7,355.7,836008673280,793.72,kernel,kernel,0,NVIDIA GeForce RTX 3090,13000,0,0,0,0,1965,9501,61,4,sweep;repeats=50;passes=16610;grid=2624;block=256;dtype=fp32,0.000104062222222222
2025-10-13T12:18:57,rock-tobefilledbyoem,NVIDIA GeForce RTX 3090,0,kernel,33,1.1,1.0533,1.0533,374.749,355.8,1,stream_triad,cuda,fp32,4194304,16610,16610,1.0533,374.749,355.8,355.8,836008673280,793.72,kernel,kernel,0,NVIDIA GeForce RTX 3090,13000,0,0,0,0,1965,9501,61,4,sweep;repeats=50;passes=16610;grid=2624;block=256;dtype=fp32,0.000104096944444444
2025-10-13T12:18:58,rock-tobefilledbyoem,NVIDIA GeForce RTX 3090,0,kernel,34,1.1,1.0534,1.0534,340.519,323.3,1,stream_triad,cuda,fp32,4194304,16610,16610,1.0534,340.519,323.3,323.3,836008673280,793.63,kernel,kernel,0,NVIDIA GeForce RTX 3090,13000,0,0,0,0,1965,9501,61,4,sweep;repeats=50;passes=16610;grid=2624;block=256;dtype=fp32,9.45886111111111E-05
2025-10-13T12:18:59,rock-tobefilledbyoem,NVIDIA GeForce RTX 3090,0,kernel,35,1.1,1.0534,1.0534,374.793,355.8,1,stream_triad,cuda,fp32,4194304,16610,16610,1.0534,374.793,355.8,355.8,836008673280,793.64,kernel,kernel,0,NVIDIA GeForce RTX 3090,13000,0,0,0,0,1965,9501,61,4,sweep;repeats=50;passes=16610;grid=2624;block=256;dtype=fp32,0.000104109166666667
2025-10-13T12:19:00,rock-tobefilledbyoem,NVIDIA GeForce RTX 3090,0,kernel,36,1.1,1.0532,1.0532,340.401,323.2,1,stream_triad,cuda,fp32,4194304,16610,16610,1.0532,340.401,323.2,323.2,836008673280,793.75,kernel,kernel,0,NVIDIA GeForce RTX 3090,13000,0,0,0,0,1965,9501,61,4,sweep;repeats=50;passes=16610;grid=2624;block=256;dtype=fp32,9.45558333333333E-05
2025-10-13T12:19:01,rock-tobefilledbyoem,NVIDIA GeForce RTX 3090,0,kernel,37,1.1,1.0534,1.0534,374.891,355.9,1,stream_triad,cuda,fp32,4194304,16610,16610,1.0534,374.891,355.9,355.9,836008673280,793.61,kernel,kernel,0,NVIDIA GeForce RTX 3090,13000,0,0,0,0,1965,9501,61,4,sweep;repeats=50;passes=16610;grid=2624;block=256;dtype=fp32,0.000104136388888889
2025-10-13T12:19:02,rock-tobefilledbyoem,NVIDIA GeForce RTX 3090,0,kernel,38,1.1,1.0532,1.0532,374.488,355.6,1,stream_triad,cuda,fp32,4194304,16610,16610,1.0532,374.488,355.6,355.6,836008673280,793.78,kernel,kernel,0,NVIDIA GeForce RTX 3090,13000,0,0,0,0,1965,9501,61,4,sweep;repeats=50;passes=16610;grid=2624;block=256;dtype=fp32,0.000104024444444444
2025-10-13T12:19:03,rock-tobefilledbyoem,NVIDIA GeForce RTX 3090,0,kernel,39,1.1,1.0532,1.0532,340.426,323.2,1,stream_triad,cuda,fp32,4194304,16610,16610,1.0532,340.426,323.2,323.2,836008673280,793.75,kernel,kernel,0,NVIDIA GeForce RTX 3090,13000,0,0,0,0,1965,9501,61,4,sweep;repeats=50;passes=16610;grid=2624;block=256;dtype=fp32,9.45627777777778E-05
2025-10-13T12:19:04,rock-tobefilledbyoem,NVIDIA GeForce RTX 3090,0,kernel,40,1.1,1.0534,1.0534,374.116,355.2,1,stream_triad,cuda,fp32,4194304,16610,16610,1.0534,374.116,355.2,355.2,836008673280,793.66,kernel,kernel,0,NVIDIA GeForce RTX 3090,13000,0,0,0,0,1965,9501,61,4,sweep;repeats=50;passes=16610;grid=2624;block=256;dtype=fp32,0.000103921111111111
2025-10-13T12:19:05,rock-tobefilledbyoem,NVIDIA GeForce RTX 3090,0,kernel,41,1.1,1.0533,1.0533,340.48,323.3,1,stream_triad,cuda,fp32,4194304,16610,16610,1.0533,340.48,323.3,323.3,836008673280,793.74,kernel,kernel,0,NVIDIA GeForce RTX 3090,13000,0,0,0,0,1965,9501,61,4,sweep;repeats=50;passes=16610;grid=2624;block=256;dtype=fp32,9.45777777777778E-05
2025-10-13T12:19:06,rock-tobefilledbyoem,NVIDIA GeForce RTX 3090,0,kernel,42,1.1,1.0533,1.0533,374.96,356,1,stream_triad,cuda,fp32,4194304,16610,16610,1.0533,374.96,356,356,836008673280,793.73,kernel,kernel,0,NVIDIA GeForce RTX 3090,13000,0,0,0,0,1965,9501,61,4,sweep;repeats=50;passes=16610;grid=2624;block=256;dtype=fp32,0.000104155555555556
2025-10-13T12:19:07,rock-tobefilledbyoem,NVIDIA GeForce RTX 3090,0,kernel,43,1.1,1.0533,1.0533,375.015,356,1,stream_triad,cuda,fp32,4194304,16610,16610,1.0533,375.015,356,356,836008673280,793.73,kernel,kernel,0,NVIDIA GeForce RTX 3090,13000,0,0,0,0,1965,9501,61,4,sweep;repeats=50;passes=16610;grid=2624;block=256;dtype=fp32,0.000104170833333333
2025-10-13T12:19:08,rock-tobefilledbyoem,NVIDIA GeForce RTX 3090,0,kernel,44,1.1,1.0534,1.0534,340.719,323.5,1,stream_triad,cuda,fp32,4194304,16610,16610,1.0534,340.719,323.5,323.5,836008673280,793.66,kernel,kernel,0,NVIDIA GeForce RTX 3090,13000,0,0,0,0,1965,9501,61,4,sweep;repeats=50;passes=16610;grid=2624;block=256;dtype=fp32,9.46441666666667E-05
2025-10-13T12:19:09,rock-tobefilledbyoem,NVIDIA GeForce RTX 3090,0,kernel,45,1.1,1.0535,1.0535,374.872,355.8,1,stream_triad,cuda,fp32,4194304,16610,16610,1.0535,374.872,355.8,355.8,836008673280,793.54,kernel,kernel,0,NVIDIA GeForce RTX 3090,13000,0,0,0,0,1965,9501,62,4,sweep;repeats=50;passes=16610;grid=2624;block=256;dtype=fp32,0.000104131111111111
2025-10-13T12:19:10,rock-tobefilledbyoem,NVIDIA GeForce RTX 3090,0,kernel,46,1.1,1.0533,1.0533,340.454,323.2,1,stream_triad,cuda,fp32,4194304,16610,16610,1.0533,340.454,323.2,323.2,836008673280,793.69,kernel,kernel,0,NVIDIA GeForce RTX 3090,13000,0,0,0,0,1965,9501,61,4,sweep;repeats=50;passes=16610;grid=2624;block=256;dtype=fp32,9.45705555555556E-05
2025-10-13T12:19:11,rock-tobefilledbyoem,NVIDIA GeForce RTX 3090,0,kernel,47,1.1,1.0534,1.0534,375.208,356.2,1,stream_triad,cuda,fp32,4194304,16610,16610,1.0534,375.208,356.2,356.2,836008673280,793.63,kernel,kernel,0,NVIDIA GeForce RTX 3090,13000,0,0,0,0,1965,9501,62,4,sweep;repeats=50;passes=16610;grid=2624;block=256;dtype=fp32,0.000104224444444444
2025-10-13T12:19:12,rock-tobefilledbyoem,NVIDIA GeForce RTX 3090,0,kernel,48,1.1,1.0533,1.0533,375.159,356.2,1,stream_triad,cuda,fp32,4194304,16610,16610,1.0533,375.159,356.2,356.2,836008673280,793.74,kernel,kernel,0,NVIDIA GeForce RTX 3090,13000,0,0,0,0,1965,9501,62,4,sweep;repeats=50;passes=16610;grid=2624;block=256;dtype=fp32,0.000104210833333333
2025-10-13T12:19:14,rock-tobefilledbyoem,NVIDIA GeForce RTX 3090,0,kernel,49,1.1,1.0533,1.0533,340.886,323.6,1,stream_triad,cuda,fp32,4194304,16610,16610,1.0533,340.886,323.6,323.6,836008673280,793.67,kernel,kernel,0,NVIDIA GeForce RTX 3090,13000,0,0,0,0,1965,9501,61,4,sweep;repeats=50;passes=16610;grid=2624;block=256;dtype=fp32,9.46905555555556E-05
2025-10-13T12:19:15,rock-tobefilledbyoem,NVIDIA GeForce RTX 3090,0,kernel,0,1.1,1.11,1.11,370.664,333.9,0,stream_triad,cuda,fp32,16777216,4531,4531,1.11,370.664,333.9,333.9,912210788352,821.81,kernel,kernel,0,NVIDIA GeForce RTX 3090,13000,0,0,0,0,1950,9501,61,4,sweep;repeats=50;passes=4531;grid=2624;block=256;dtype=fp32,0.000102962222222222
2025-10-13T12:19:16,rock-tobefilledbyoem,NVIDIA GeForce RTX 3090,0,kernel,1,1.1,1.1101,1.1101,378.245,340.7,0,stream_triad,cuda,fp32,16777216,4531,4531,1.1101,378.245,340.7,340.7,912210788352,821.75,kernel,kernel,0,NVIDIA GeForce RTX 3090,13000,0,0,0,0,1950,9501,61,4,sweep;repeats=50;passes=4531;grid=2624;block=256;dtype=fp32,0.000105068055555556
2025-10-13T12:19:17,rock-tobefilledbyoem,NVIDIA GeForce RTX 3090,0,kernel,2,1.1,1.11,1.11,380.747,343,0,stream_triad,cuda,fp32,16777216,4531,4531,1.11,380.747,343,343,912210788352,821.82,kernel,kernel,0,NVIDIA GeForce RTX 3090,13000,0,0,0,0,1950,9501,62,4,sweep;repeats=50;passes=4531;grid=2624;block=256;dtype=fp32,0.000105763055555556
2025-10-13T12:19:18,rock-tobefilledbyoem,NVIDIA GeForce RTX 3090,0,kernel,3,1.1,1.11,1.11,409.8,369.2,0,stream_triad,cuda,fp32,16777216,4531,4531,1.11,409.8,369.2,369.2,912210788352,821.84,kernel,kernel,0,NVIDIA GeForce RTX 3090,13000,0,0,0,0,1950,9501,62,4,sweep;repeats=50;passes=4531;grid=2624;block=256;dtype=fp32,0.000113833333333333
2025-10-13T12:19:19,rock-tobefilledbyoem,NVIDIA GeForce RTX 3090,0,kernel,4,1.1,1.1099,1.1099,381.218,343.5,0,stream_triad,cuda,fp32,16777216,4531,4531,1.1099,381.218,343.5,343.5,912210788352,821.88,kernel,kernel,0,NVIDIA GeForce RTX 3090,13000,0,0,0,0,1950,9501,62,4,sweep;repeats=50;passes=4531;grid=2624;block=256;dtype=fp32,0.000105893888888889
2025-10-13T12:19:20,rock-tobefilledbyoem,NVIDIA GeForce RTX 3090,0,kernel,5,1.1,1.11,1.11,379.756,342.1,0,stream_triad,cuda,fp32,16777216,4531,4531,1.11,379.756,342.1,342.1,912210788352,821.81,kernel,kernel,0,NVIDIA GeForce RTX 3090,13000,0,0,0,0,1950,9501,62,4,sweep;repeats=50;passes=4531;grid=2624;block=256;dtype=fp32,0.000105487777777778
2025-10-13T12:19:22,rock-tobefilledbyoem,NVIDIA GeForce RTX 3090,0,kernel,6,1.1,1.1099,1.1099,380.962,343.2,0,stream_triad,cuda,fp32,16777216,4531,4531,1.1099,380.962,343.2,343.2,912210788352,821.86,kernel,kernel,0,NVIDIA GeForce RTX 3090,13000,0,0,0,0,1950,9501,62,4,sweep;repeats=50;passes=4531;grid=2624;block=256;dtype=fp32,0.000105822777777778
2025-10-13T12:19:23,rock-tobefilledbyoem,NVIDIA GeForce RTX 3090,0,kernel,7,1.1,1.1101,1.1101,375.062,337.9,0,stream_triad,cuda,fp32,16777216,4531,4531,1.1101,375.062,337.9,337.9,912210788352,821.75,kernel,kernel,0,NVIDIA GeForce RTX 3090,13000,0,0,0,0,1950,9501,62,4,sweep;repeats=50;passes=4531;grid=2624;block=256;dtype=fp32,0.000104183888888889
2025-10-13T12:19:24,rock-tobefilledbyoem,NVIDIA GeForce RTX 3090,0,kernel,8,1.1,1.11,1.11,377.452,340.1,0,stream_triad,cuda,fp32,16777216,4531,4531,1.11,377.452,340.1,340.1,912210788352,821.85,kernel,kernel,0,NVIDIA GeForce RTX 3090,13000,0,0,0,0,1950,9501,62,4,sweep;repeats=50;passes=4531;grid=2624;block=256;dtype=fp32,0.000104847777777778
2025-10-13T12:19:25,rock-tobefilledbyoem,NVIDIA GeForce RTX 3090,0,kernel,9,1.1,1.11,1.11,379.684,342,0,stream_triad,cuda,fp32,16777216,4531,4531,1.11,379.684,342,342,912210788352,821.78,kernel,kernel,0,NVIDIA GeForce RTX 3090,13000,0,0,0,0,1950,9501,62,4,sweep;repeats=50;passes=4531;grid=2624;block=256;dtype=fp32,0.000105467777777778
2025-10-13T12:19:26,rock-tobefilledbyoem,NVIDIA GeForce RTX 3090,0,kernel,10,1.1,1.11,1.11,415.281,374.1,0,stream_triad,cuda,fp32,16777216,4531,4531,1.11,415.281,374.1,374.1,912210788352,821.84,kernel,kernel,0,NVIDIA GeForce RTX 3090,13000,0,0,0,0,1950,9501,62,4,sweep;repeats=50;passes=4531;grid=2624;block=256;dtype=fp32,0.000115355833333333
2025-10-13T12:19:27,rock-tobefilledbyoem,NVIDIA GeForce RTX 3090,0,kernel,11,1.1,1.1101,1.1101,380.774,343,0,stream_triad,cuda,fp32,16777216,4531,4531,1.1101,380.774,343,343,912210788352,821.77,kernel,kernel,0,NVIDIA GeForce RTX 3090,13000,0,0,0,0,1950,9501,62,4,sweep;repeats=50;passes=4531;grid=2624;block=256;dtype=fp32,0.000105770555555556
2025-10-13T12:19:28,rock-tobefilledbyoem,NVIDIA GeForce RTX 3090,0,kernel,12,1.1,1.1099,1.1099,374.93,337.8,0,stream_triad,cuda,fp32,16777216,4531,4531,1.1099,374.93,337.8,337.8,912210788352,821.85,kernel,kernel,0,NVIDIA GeForce RTX 3090,13000,0,0,0,0,1965,9501,62,4,sweep;repeats=50;passes=4531;grid=2624;block=256;dtype=fp32,0.000104147222222222
2025-10-13T12:19:29,rock-tobefilledbyoem,NVIDIA GeForce RTX 3090,0,kernel,13,1.1,1.11,1.11,377.27,339.9,0,stream_triad,cuda,fp32,16777216,4531,4531,1.11,377.27,339.9,339.9,912210788352,821.83,kernel,kernel,0,NVIDIA GeForce RTX 3090,13000,0,0,0,0,1950,9501,62,4,sweep;repeats=50;passes=4531;grid=2624;block=256;dtype=fp32,0.000104797222222222
2025-10-13T12:19:30,rock-tobefilledbyoem,NVIDIA GeForce RTX 3090,0,kernel,14,1.1,1.1102,1.1102,379.342,341.7,0,stream_triad,cuda,fp32,16777216,4531,4531,1.1102,379.342,341.7,341.7,912210788352,821.65,kernel,kernel,0,NVIDIA GeForce RTX 3090,13000,0,0,0,0,1950,9501,62,4,sweep;repeats=50;passes=4531;grid=2624;block=256;dtype=fp32,0.000105372777777778
2025-10-13T12:19:32,rock-tobefilledbyoem,NVIDIA GeForce RTX 3090,0,kernel,15,1.1,1.11,1.11,381.103,343.3,0,stream_triad,cuda,fp32,16777216,4531,4531,1.11,381.103,343.3,343.3,912210788352,821.79,kernel,kernel,0,NVIDIA GeForce RTX 3090,13000,0,0,0,0,1950,9501,62,4,sweep;repeats=50;passes=4531;grid=2624;block=256;dtype=fp32,0.000105861944444444
2025-10-13T12:19:33,rock-tobefilledbyoem,NVIDIA GeForce RTX 3090,0,kernel,16,1.1,1.11,1.11,410.416,369.8,0,stream_triad,cuda,fp32,16777216,4531,4531,1.11,410.416,369.8,369.8,912210788352,821.83,kernel,kernel,0,NVIDIA GeForce RTX 3090,13000,0,0,0,0,1950,9501,62,4,sweep;repeats=50;passes=4531;grid=2624;block=256;dtype=fp32,0.000114004444444444
2025-10-13T12:19:34,rock-tobefilledbyoem,NVIDIA GeForce RTX 3090,0,kernel,17,1.1,1.11,1.11,381.179,343.4,0,stream_triad,cuda,fp32,16777216,4531,4531,1.11,381.179,343.4,343.4,912210788352,821.82,kernel,kernel,0,NVIDIA GeForce RTX 3090,13000,0,0,0,0,1950,9501,62,4,sweep;repeats=50;passes=4531;grid=2624;block=256;dtype=fp32,0.000105883055555556
2025-10-13T12:19:35,rock-tobefilledbyoem,NVIDIA GeForce RTX 3090,0,kernel,18,1.1,1.11,1.11,379.542,341.9,0,stream_triad,cuda,fp32,16777216,4531,4531,1.11,379.542,341.9,341.9,912210788352,821.79,kernel,kernel,0,NVIDIA GeForce RTX 3090,13000,0,0,0,0,1950,9501,62,4,sweep;repeats=50;passes=4531;grid=2624;block=256;dtype=fp32,0.000105428333333333
2025-10-13T12:19:36,rock-tobefilledbyoem,NVIDIA GeForce RTX 3090,0,kernel,19,1.1,1.1101,1.1101,380.943,343.2,0,stream_triad,cuda,fp32,16777216,4531,4531,1.1101,380.943,343.2,343.2,912210788352,821.72,kernel,kernel,0,NVIDIA GeForce RTX 3090,13000,0,0,0,0,1950,9501,62,4,sweep;repeats=50;passes=4531;grid=2624;block=256;dtype=fp32,0.0001058175
2025-10-13T12:19:37,rock-tobefilledbyoem,NVIDIA GeForce RTX 3090,0,kernel,20,1.1,1.1101,1.1101,374.941,337.8,0,stream_triad,cuda,fp32,16777216,4531,4531,1.1101,374.941,337.8,337.8,912210788352,821.74,kernel,kernel,0,NVIDIA GeForce RTX 3090,13000,0,0,0,0,1950,9501,62,4,sweep;repeats=50;passes=4531;grid=2624;block=256;dtype=fp32,0.000104150277777778
2025-10-13T12:19:38,rock-tobefilledbyoem,NVIDIA GeForce RTX 3090,0,kernel,21,1.1,1.11,1.11,377.234,339.8,0,stream_triad,cuda,fp32,16777216,4531,4531,1.11,377.234,339.8,339.8,912210788352,821.79,kernel,kernel,0,NVIDIA GeForce RTX 3090,13000,0,0,0,0,1950,9501,62,4,sweep;repeats=50;passes=4531;grid=2624;block=256;dtype=fp32,0.000104787222222222
2025-10-13T12:19:39,rock-tobefilledbyoem,NVIDIA GeForce RTX 3090,0,kernel,22,1.1,1.11,1.11,379.354,341.7,0,stream_triad,cuda,fp32,16777216,4531,4531,1.11,379.354,341.7,341.7,912210788352,821.78,kernel,kernel,0,NVIDIA GeForce RTX 3090,13000,0,0,0,0,1950,9501,62,4,sweep;repeats=50;passes=4531;grid=2624;block=256;dtype=fp32,0.000105376111111111
2025-10-13T12:19:40,rock-tobefilledbyoem,NVIDIA GeForce RTX 3090,0,kernel,23,1.1,1.1099,1.1099,416.181,375,0,stream_triad,cuda,fp32,16777216,4531,4531,1.1099,416.181,375,375,912210788352,821.91,kernel,kernel,0,NVIDIA GeForce RTX 3090,13000,0,0,0,0,1950,9501,62,4,sweep;repeats=50;passes=4531;grid=2624;block=256;dtype=fp32,0.000115605833333333
2025-10-13T12:19:42,rock-tobefilledbyoem,NVIDIA GeForce RTX 3090,0,kernel,24,1.1,1.11,1.11,380.371,342.7,0,stream_triad,cuda,fp32,16777216,4531,4531,1.11,380.371,342.7,342.7,912210788352,821.83,kernel,kernel,0,NVIDIA GeForce RTX 3090,13000,0,0,0,0,1950,9501,62,4,sweep;repeats=50;passes=4531;grid=2624;block=256;dtype=fp32,0.000105658611111111
2025-10-13T12:19:43,rock-tobefilledbyoem,NVIDIA GeForce RTX 3090,0,kernel,25,1.1,1.1099,1.1099,379.014,341.5,0,stream_triad,cuda,fp32,16777216,4531,4531,1.1099,379.014,341.5,341.5,912210788352,821.88,kernel,kernel,0,NVIDIA GeForce RTX 3090,13000,0,0,0,0,1950,9501,62,4,sweep;repeats=50;passes=4531;grid=2624;block=256;dtype=fp32,0.000105281666666667
2025-10-13T12:19:44,rock-tobefilledbyoem,NVIDIA GeForce RTX 3090,0,kernel,26,1.1,1.1099,1.1099,380.775,343.1,0,stream_triad,cuda,fp32,16777216,4531,4531,1.1099,380.775,343.1,343.1,912210788352,821.92,kernel,kernel,0,NVIDIA GeForce RTX 3090,13000,0,0,0,0,1950,9501,62,4,sweep;repeats=50;passes=4531;grid=2624;block=256;dtype=fp32,0.000105770833333333
2025-10-13T12:19:45,rock-tobefilledbyoem,NVIDIA GeForce RTX 3090,0,kernel,27,1.1,1.1102,1.1102,374.693,337.5,0,stream_triad,cuda,fp32,16777216,4531,4531,1.1102,374.693,337.5,337.5,912210788352,821.67,kernel,kernel,0,NVIDIA GeForce RTX 3090,13000,0,0,0,0,1950,9501,62,4,sweep;repeats=50;passes=4531;grid=2624;block=256;dtype=fp32,0.000104081388888889
2025-10-13T12:19:46,rock-tobefilledbyoem,NVIDIA GeForce RTX 3090,0,kernel,28,1.1,1.1099,1.1099,377.361,340,0,stream_triad,cuda,fp32,16777216,4531,4531,1.1099,377.361,340,340,912210788352,821.85,kernel,kernel,0,NVIDIA GeForce RTX 3090,13000,0,0,0,0,1950,9501,62,4,sweep;repeats=50;passes=4531;grid=2624;block=256;dtype=fp32,0.0001048225
2025-10-13T12:19:47,rock-tobefilledbyoem,NVIDIA GeForce RTX 3090,0,kernel,29,1.1,1.1099,1.1099,379.523,341.9,0,stream_triad,cuda,fp32,16777216,4531,4531,1.1099,379.523,341.9,341.9,912210788352,821.87,kernel,kernel,0,NVIDIA GeForce RTX 3090,13000,0,0,0,0,1950,9501,62,4,sweep;repeats=50;passes=4531;grid=2624;block=256;dtype=fp32,0.000105423055555556
2025-10-13T12:19:48,rock-tobefilledbyoem,NVIDIA GeForce RTX 3090,0,kernel,30,1.1,1.11,1.11,415.322,374.2,0,stream_triad,cuda,fp32,16777216,4531,4531,1.11,415.322,374.2,374.2,912210788352,821.78,kernel,kernel,0,NVIDIA GeForce RTX 3090,13000,0,0,0,0,1950,9501,62,4,sweep;repeats=50;passes=4531;grid=2624;block=256;dtype=fp32,0.000115367222222222
2025-10-13T12:19:49,rock-tobefilledbyoem,NVIDIA GeForce RTX 3090,0,kernel,31,1.1,1.11,1.11,380.938,343.2,0,stream_triad,cuda,fp32,16777216,4531,4531,1.11,380.938,343.2,343.2,912210788352,821.81,kernel,kernel,0,NVIDIA GeForce RTX 3090,13000,0,0,0,0,1950,9501,62,4,sweep;repeats=50;passes=4531;grid=2624;block=256;dtype=fp32,0.000105816111111111
2025-10-13T12:19:50,rock-tobefilledbyoem,NVIDIA GeForce RTX 3090,0,kernel,32,1.1,1.1098,1.1098,374.924,337.8,0,stream_triad,cuda,fp32,16777216,4531,4531,1.1098,374.924,337.8,337.8,912210788352,821.94,kernel,kernel,0,NVIDIA GeForce RTX 3090,13000,0,0,0,0,1950,9501,62,4,sweep;repeats=50;passes=4531;grid=2624;block=256;dtype=fp32,0.000104145555555556
2025-10-13T12:19:52,rock-tobefilledbyoem,NVIDIA GeForce RTX 3090,0,kernel,33,1.1,1.11,1.11,377.301,339.9,0,stream_triad,cuda,fp32,16777216,4531,4531,1.11,377.301,339.9,339.9,912210788352,821.81,kernel,kernel,0,NVIDIA GeForce RTX 3090,13000,0,0,0,0,1950,9501,62,4,sweep;repeats=50;passes=4531;grid=2624;block=256;dtype=fp32,0.000104805833333333
2025-10-13T12:19:53,rock-tobefilledbyoem,NVIDIA GeForce RTX 3090,0,kernel,34,1.1,1.1099,1.1099,379.408,341.8,0,stream_triad,cuda,fp32,16777216,4531,4531,1.1099,379.408,341.8,341.8,912210788352,821.88,kernel,kernel,0,NVIDIA GeForce RTX 3090,13000,0,0,0,0,1950,9501,62,4,sweep;repeats=50;passes=4531;grid=2624;block=256;dtype=fp32,0.000105391111111111
2025-10-13T12:19:54,rock-tobefilledbyoem,NVIDIA GeForce RTX 3090,0,kernel,35,1.1,1.11,1.11,380.981,343.2,0,stream_triad,cuda,fp32,16777216,4531,4531,1.11,380.981,343.2,343.2,912210788352,821.8,kernel,kernel,0,NVIDIA GeForce RTX 3090,13000,0,0,0,0,1950,9501,62,4,sweep;repeats=50;passes=4531;grid=2624;block=256;dtype=fp32,0.000105828055555556
2025-10-13T12:19:55,rock-tobefilledbyoem,NVIDIA GeForce RTX 3090,0,kernel,36,1.1,1.11,1.11,410.454,369.8,0,stream_triad,cuda,fp32,16777216,4531,4531,1.11,410.454,369.8,369.8,912210788352,821.84,kernel,kernel,0,NVIDIA GeForce RTX 3090,13000,0,0,0,0,1950,9501,62,4,sweep;repeats=50;passes=4531;grid=2624;block=256;dtype=fp32,0.000114015
2025-10-13T12:19:56,rock-tobefilledbyoem,NVIDIA GeForce RTX 3090,0,kernel,37,1.1,1.1099,1.1099,381.473,343.7,0,stream_triad,cuda,fp32,16777216,4531,4531,1.1099,381.473,343.7,343.7,912210788352,821.86,kernel,kernel,0,NVIDIA GeForce RTX 3090,13000,0,0,0,0,1950,9501,62,4,sweep;repeats=50;passes=4531;grid=2624;block=256;dtype=fp32,0.000105964722222222
2025-10-13T12:19:57,rock-tobefilledbyoem,NVIDIA GeForce RTX 3090,0,kernel,38,1.1,1.1101,1.1101,379.418,341.8,0,stream_triad,cuda,fp32,16777216,4531,4531,1.1101,379.418,341.8,341.8,912210788352,821.74,kernel,kernel,0,NVIDIA GeForce RTX 3090,13000,0,0,0,0,1950,9501,62,4,sweep;repeats=50;passes=4531;grid=2624;block=256;dtype=fp32,0.000105393888888889
2025-10-13T12:19:58,rock-tobefilledbyoem,NVIDIA GeForce RTX 3090,0,kernel,39,1.1,1.1101,1.1101,380.919,343.1,0,stream_triad,cuda,fp32,16777216,4531,4531,1.1101,380.919,343.1,343.1,912210788352,821.75,kernel,kernel,0,NVIDIA GeForce RTX 3090,13000,0,0,0,0,1950,9501,62,4,sweep;repeats=50;passes=4531;grid=2624;block=256;dtype=fp32,0.000105810833333333
2025-10-13T12:19:59,rock-tobefilledbyoem,NVIDIA GeForce RTX 3090,0,kernel,40,1.1,1.1099,1.1099,375.031,337.9,0,stream_triad,cuda,fp32,16777216,4531,4531,1.1099,375.031,337.9,337.9,912210788352,821.91,kernel,kernel,0,NVIDIA GeForce RTX 3090,13000,0,0,0,0,1950,9501,62,4,sweep;repeats=50;passes=4531;grid=2624;block=256;dtype=fp32,0.000104175277777778
2025-10-13T12:20:01,rock-tobefilledbyoem,NVIDIA GeForce RTX 3090,0,kernel,41,1.1,1.1101,1.1101,377.534,340.1,0,stream_triad,cuda,fp32,16777216,4531,4531,1.1101,377.534,340.1,340.1,912210788352,821.73,kernel,kernel,0,NVIDIA GeForce RTX 3090,13000,0,0,0,0,1950,9501,62,4,sweep;repeats=50;passes=4531;grid=2624;block=256;dtype=fp32,0.000104870555555556
2025-10-13T12:20:02,rock-tobefilledbyoem,NVIDIA GeForce RTX 3090,0,kernel,42,1.1,1.1099,1.1099,379.284,341.7,0,stream_triad,cuda,fp32,16777216,4531,4531,1.1099,379.284,341.7,341.7,912210788352,821.87,kernel,kernel,0,NVIDIA GeForce RTX 3090,13000,0,0,0,0,1950,9501,62,4,sweep;repeats=50;passes=4531;grid=2624;block=256;dtype=fp32,0.000105356666666667
2025-10-13T12:20:03,rock-tobefilledbyoem,NVIDIA GeForce RTX 3090,0,kernel,43,1.1,1.1098,1.1098,416.147,375,0,stream_triad,cuda,fp32,16777216,4531,4531,1.1098,416.147,375,375,912210788352,821.97,kernel,kernel,0,NVIDIA GeForce RTX 3090,13000,0,0,0,0,1950,9501,62,4,sweep;repeats=50;passes=4531;grid=2624;block=256;dtype=fp32,0.000115596388888889
2025-10-13T12:20:04,rock-tobefilledbyoem,NVIDIA GeForce RTX 3090,0,kernel,44,1.1,1.11,1.11,378.729,341.2,0,stream_triad,cuda,fp32,16777216,4531,4531,1.11,378.729,341.2,341.2,912210788352,821.78,kernel,kernel,0,NVIDIA GeForce RTX 3090,13000,0,0,0,0,1950,9501,62,4,sweep;repeats=50;passes=4531;grid=2624;block=256;dtype=fp32,0.0001052025
2025-10-13T12:20:05,rock-tobefilledbyoem,NVIDIA GeForce RTX 3090,0,kernel,45,1.1,1.1099,1.1099,377.32,340,0,stream_triad,cuda,fp32,16777216,4531,4531,1.1099,377.32,340,340,912210788352,821.87,kernel,kernel,0,NVIDIA GeForce RTX 3090,13000,0,0,0,0,1950,9501,62,4,sweep;repeats=50;passes=4531;grid=2624;block=256;dtype=fp32,0.000104811111111111
2025-10-13T12:20:06,rock-tobefilledbyoem,NVIDIA GeForce RTX 3090,0,kernel,46,1.1,1.1101,1.1101,379.073,341.5,0,stream_triad,cuda,fp32,16777216,4531,4531,1.1101,379.073,341.5,341.5,912210788352,821.77,kernel,kernel,0,NVIDIA GeForce RTX 3090,13000,0,0,0,0,1950,9501,62,4,sweep;repeats=50;passes=4531;grid=2624;block=256;dtype=fp32,0.000105298055555556
2025-10-13T12:20:07,rock-tobefilledbyoem,NVIDIA GeForce RTX 3090,0,kernel,47,1.1,1.11,1.11,380.82,343.1,0,stream_triad,cuda,fp32,16777216,4531,4531,1.11,380.82,343.1,343.1,912210788352,821.82,kernel,kernel,0,NVIDIA GeForce RTX 3090,13000,0,0,0,0,1950,9501,62,4,sweep;repeats=50;passes=4531;grid=2624;block=256;dtype=fp32,0.000105783333333333
2025-10-13T12:20:08,rock-tobefilledbyoem,NVIDIA GeForce RTX 3090,0,kernel,48,1.1,1.11,1.11,375.2,338,0,stream_triad,cuda,fp32,16777216,4531,4531,1.11,375.2,338,338,912210788352,821.81,kernel,kernel,0,NVIDIA GeForce RTX 3090,13000,0,0,0,0,1950,9501,62,4,sweep;repeats=50;passes=4531;grid=2624;block=256;dtype=fp32,0.000104222222222222
2025-10-13T12:20:09,rock-tobefilledbyoem,NVIDIA GeForce RTX 3090,0,kernel,49,1.1,1.1102,1.1102,377.526,340.1,0,stream_triad,cuda,fp32,16777216,4531,4531,1.1102,377.526,340.1,340.1,912210788352,821.69,kernel,kernel,0,NVIDIA GeForce RTX 3090,13000,0,0,0,0,1950,9501,62,4,sweep;repeats=50;passes=4531;grid=2624;block=256;dtype=fp32,0.000104868333333333
2025-10-13T12:20:11,rock-tobefilledbyoem,NVIDIA GeForce RTX 3090,0,kernel,0,1.1,1.1235,1.1235,368.774,328.2,0,stream_triad,cuda,fp32,67108864,1145,1145,1.1235,368.774,328.2,328.2,922075791360,820.73,kernel,kernel,0,NVIDIA GeForce RTX 3090,13000,0,0,0,0,1965,9501,62,4,sweep;repeats=50;passes=1145;grid=2624;block=256;dtype=fp32,0.000102437222222222
2025-10-13T12:20:12,rock-tobefilledbyoem,NVIDIA GeForce RTX 3090,0,kernel,1,1.1,1.1236,1.1236,382.877,340.8,0,stream_triad,cuda,fp32,67108864,1145,1145,1.1236,382.877,340.8,340.8,922075791360,820.65,kernel,kernel,0,NVIDIA GeForce RTX 3090,13000,0,0,0,0,1935,9501,62,4,sweep;repeats=50;passes=1145;grid=2624;block=256;dtype=fp32,0.000106354722222222
2025-10-13T12:20:13,rock-tobefilledbyoem,NVIDIA GeForce RTX 3090,0,kernel,2,1.1,1.1233,1.1233,375.555,334.3,0,stream_triad,cuda,fp32,67108864,1145,1145,1.1233,375.555,334.3,334.3,922075791360,820.84,kernel,kernel,0,NVIDIA GeForce RTX 3090,13000,0,0,0,0,1935,9501,62,4,sweep;repeats=50;passes=1145;grid=2624;block=256;dtype=fp32,0.000104320833333333
2025-10-13T12:20:15,rock-tobefilledbyoem,NVIDIA GeForce RTX 3090,0,kernel,3,1.1,1.1237,1.1237,379.09,337.4,0,stream_triad,cuda,fp32,67108864,1145,1145,1.1237,379.09,337.4,337.4,922075791360,820.59,kernel,kernel,0,NVIDIA GeForce RTX 3090,13000,0,0,0,0,1950,9501,62,4,sweep;repeats=50;passes=1145;grid=2624;block=256;dtype=fp32,0.000105302777777778
2025-10-13T12:20:16,rock-tobefilledbyoem,NVIDIA GeForce RTX 3090,0,kernel,4,1.1,1.1236,1.1236,412.148,366.8,0,stream_triad,cuda,fp32,67108864,1145,1145,1.1236,412.148,366.8,366.8,922075791360,820.66,kernel,kernel,0,NVIDIA GeForce RTX 3090,13000,0,0,0,0,1950,9501,62,4,sweep;repeats=50;passes=1145;grid=2624;block=256;dtype=fp32,0.000114485555555556
2025-10-13T12:20:17,rock-tobefilledbyoem,NVIDIA GeForce RTX 3090,0,kernel,5,1.1,1.1234,1.1234,381.092,339.2,0,stream_triad,cuda,fp32,67108864,1145,1145,1.1234,381.092,339.2,339.2,922075791360,820.77,kernel,kernel,0,NVIDIA GeForce RTX 3090,13000,0,0,0,0,1950,9501,62,4,sweep;repeats=50;passes=1145;grid=2624;block=256;dtype=fp32,0.000105858888888889
2025-10-13T12:20:18,rock-tobefilledbyoem,NVIDIA GeForce RTX 3090,0,kernel,6,1.1,1.1235,1.1235,378.862,337.2,0,stream_triad,cuda,fp32,67108864,1145,1145,1.1235,378.862,337.2,337.2,922075791360,820.7,kernel,kernel,0,NVIDIA GeForce RTX 3090,13000,0,0,0,0,1950,9501,62,4,sweep;repeats=50;passes=1145;grid=2624;block=256;dtype=fp32,0.000105239444444444
2025-10-13T12:20:19,rock-tobefilledbyoem,NVIDIA GeForce RTX 3090,0,kernel,7,1.1,1.1233,1.1233,410.035,365,0,stream_triad,cuda,fp32,67108864,1145,1145,1.1233,410.035,365,365,922075791360,820.84,kernel,kernel,0,NVIDIA GeForce RTX 3090,13000,0,0,0,0,1950,9501,62,4,sweep;repeats=50;passes=1145;grid=2624;block=256;dtype=fp32,0.000113898611111111
2025-10-13T12:20:20,rock-tobefilledbyoem,NVIDIA GeForce RTX 3090,0,kernel,8,1.1,1.1235,1.1235,382.817,340.7,0,stream_triad,cuda,fp32,67108864,1145,1145,1.1235,382.817,340.7,340.7,922075791360,820.71,kernel,kernel,0,NVIDIA GeForce RTX 3090,13000,0,0,0,0,1950,9501,62,4,sweep;repeats=50;passes=1145;grid=2624;block=256;dtype=fp32,0.000106338055555556
2025-10-13T12:20:21,rock-tobefilledbyoem,NVIDIA GeForce RTX 3090,0,kernel,9,1.1,1.1235,1.1235,375.255,334,0,stream_triad,cuda,fp32,67108864,1145,1145,1.1235,375.255,334,334,922075791360,820.69,kernel,kernel,0,NVIDIA GeForce RTX 3090,13000,0,0,0,0,1950,9501,62,4,sweep;repeats=50;passes=1145;grid=2624;block=256;dtype=fp32,0.0001042375
2025-10-13T12:20:23,rock-tobefilledbyoem,NVIDIA GeForce RTX 3090,0,kernel,10,1.1,1.1237,1.1237,378.559,336.9,0,stream_triad,cuda,fp32,67108864,1145,1145,1.1237,378.559,336.9,336.9,922075791360,820.54,kernel,kernel,0,NVIDIA GeForce RTX 3090,13000,0,0,0,0,1950,9501,62,4,sweep;repeats=50;passes=1145;grid=2624;block=256;dtype=fp32,0.000105155277777778
2025-10-13T12:20:24,rock-tobefilledbyoem,NVIDIA GeForce RTX 3090,0,kernel,11,1.1,1.1233,1.1233,410.177,365.1,0,stream_triad,cuda,fp32,67108864,1145,1145,1.1233,410.177,365.1,365.1,922075791360,820.84,kernel,kernel,0,NVIDIA GeForce RTX 3090,13000,0,0,0,0,1950,9501,62,4,sweep;repeats=50;passes=1145;grid=2624;block=256;dtype=fp32,0.000113938055555556
2025-10-13T12:20:25,rock-tobefilledbyoem,NVIDIA GeForce RTX 3090,0,kernel,12,1.1,1.1235,1.1235,379.177,337.5,0,stream_triad,cuda,fp32,67108864,1145,1145,1.1235,379.177,337.5,337.5,922075791360,820.74,kernel,kernel,0,NVIDIA GeForce RTX 3090,13000,0,0,0,0,1950,9501,62,4,sweep;repeats=50;passes=1145;grid=2624;block=256;dtype=fp32,0.000105326944444444
2025-10-13T12:20:26,rock-tobefilledbyoem,NVIDIA GeForce RTX 3090,0,kernel,13,1.1,1.1235,1.1235,376.497,335.1,0,stream_triad,cuda,fp32,67108864,1145,1145,1.1235,376.497,335.1,335.1,922075791360,820.72,kernel,kernel,0,NVIDIA GeForce RTX 3090,13000,0,0,0,0,1950,9501,62,4,sweep;repeats=50;passes=1145;grid=2624;block=256;dtype=fp32,0.0001045825
2025-10-13T12:20:27,rock-tobefilledbyoem,NVIDIA GeForce RTX 3090,0,kernel,14,1.1,1.1235,1.1235,415.946,370.2,0,stream_triad,cuda,fp32,67108864,1145,1145,1.1235,415.946,370.2,370.2,922075791360,820.71,kernel,kernel,0,NVIDIA GeForce RTX 3090,13000,0,0,0,0,1950,9501,62,4,sweep;repeats=50;passes=1145;grid=2624;block=256;dtype=fp32,0.000115540555555556
2025-10-13T12:20:28,rock-tobefilledbyoem,NVIDIA GeForce RTX 3090,0,kernel,15,1.1,1.1234,1.1234,382.394,340.4,0,stream_triad,cuda,fp32,67108864,1145,1145,1.1234,382.394,340.4,340.4,922075791360,820.77,kernel,kernel,0,NVIDIA GeForce RTX 3090,13000,0,0,0,0,1950,9501,62,4,sweep;repeats=50;passes=1145;grid=2624;block=256;dtype=fp32,0.000106220555555556
2025-10-13T12:20:29,rock-tobefilledbyoem,NVIDIA GeForce RTX 3090,0,kernel,16,1.1,1.1235,1.1235,374.756,333.6,0,stream_triad,cuda,fp32,67108864,1145,1145,1.1235,374.756,333.6,333.6,922075791360,820.75,kernel,kernel,0,NVIDIA GeForce RTX 3090,13000,0,0,0,0,1950,9501,62,4,sweep;repeats=50;passes=1145;grid=2624;block=256;dtype=fp32,0.000104098888888889
2025-10-13T12:20:30,rock-tobefilledbyoem,NVIDIA GeForce RTX 3090,0,kernel,17,1.1,1.1235,1.1235,379.165,337.5,0,stream_triad,cuda,fp32,67108864,1145,1145,1.1235,379.165,337.5,337.5,922075791360,820.69,kernel,kernel,0,NVIDIA GeForce RTX 3090,13000,0,0,0,0,1950,9501,62,4,sweep;repeats=50;passes=1145;grid=2624;block=256;dtype=fp32,0.000105323611111111
2025-10-13T12:20:32,rock-tobefilledbyoem,NVIDIA GeForce RTX 3090,0,kernel,18,1.1,1.1234,1.1234,411.96,366.7,0,stream_triad,cuda,fp32,67108864,1145,1145,1.1234,411.96,366.7,366.7,922075791360,820.78,kernel,kernel,0,NVIDIA GeForce RTX 3090,13000,0,0,0,0,1950,9501,62,4,sweep;repeats=50;passes=1145;grid=2624;block=256;dtype=fp32,0.000114433333333333
2025-10-13T12:20:33,rock-tobefilledbyoem,NVIDIA GeForce RTX 3090,0,kernel,19,1.1,1.1236,1.1236,380.394,338.6,0,stream_triad,cuda,fp32,67108864,1145,1145,1.1236,380.394,338.6,338.6,922075791360,820.66,kernel,kernel,0,NVIDIA GeForce RTX 3090,13000,0,0,0,0,1950,9501,62,4,sweep;repeats=50;passes=1145;grid=2624;block=256;dtype=fp32,0.000105665
2025-10-13T12:20:34,rock-tobefilledbyoem,NVIDIA GeForce RTX 3090,0,kernel,20,1.1,1.1235,1.1235,377.397,335.9,0,stream_triad,cuda,fp32,67108864,1145,1145,1.1235,377.397,335.9,335.9,922075791360,820.75,kernel,kernel,0,NVIDIA GeForce RTX 3090,13000,0,0,0,0,1950,9501,62,4,sweep;repeats=50;passes=1145;grid=2624;block=256;dtype=fp32,0.0001048325
2025-10-13T12:20:35,rock-tobefilledbyoem,NVIDIA GeForce RTX 3090,0,kernel,21,1.1,1.1235,1.1235,415.582,369.9,0,stream_triad,cuda,fp32,67108864,1145,1145,1.1235,415.582,369.9,369.9,922075791360,820.75,kernel,kernel,0,NVIDIA GeForce RTX 3090,13000,0,0,0,0,1950,9501,62,4,sweep;repeats=50;passes=1145;grid=2624;block=256;dtype=fp32,0.000115439444444444
2025-10-13T12:20:36,rock-tobefilledbyoem,NVIDIA GeForce RTX 3090,0,kernel,22,1.1,1.1235,1.1235,382.318,340.3,0,stream_triad,cuda,fp32,67108864,1145,1145,1.1235,382.318,340.3,340.3,922075791360,820.74,kernel,kernel,0,NVIDIA GeForce RTX 3090,13000,0,0,0,0,1950,9501,62,4,sweep;repeats=50;passes=1145;grid=2624;block=256;dtype=fp32,0.000106199444444444
2025-10-13T12:20:37,rock-tobefilledbyoem,NVIDIA GeForce RTX 3090,0,kernel,23,1.1,1.1235,1.1235,374.874,333.7,0,stream_triad,cuda,fp32,67108864,1145,1145,1.1235,374.874,333.7,333.7,922075791360,820.71,kernel,kernel,0,NVIDIA GeForce RTX 3090,13000,0,0,0,0,1950,9501,62,4,sweep;repeats=50;passes=1145;grid=2624;block=256;dtype=fp32,0.000104131666666667
2025-10-13T12:20:38,rock-tobefilledbyoem,NVIDIA GeForce RTX 3090,0,kernel,24,1.1,1.1234,1.1234,378.952,337.3,0,stream_triad,cuda,fp32,67108864,1145,1145,1.1234,378.952,337.3,337.3,922075791360,820.8,kernel,kernel,0,NVIDIA GeForce RTX 3090,13000,0,0,0,0,1950,9501,62,4,sweep;repeats=50;passes=1145;grid=2624;block=256;dtype=fp32,0.000105264444444444
2025-10-13T12:20:39,rock-tobefilledbyoem,NVIDIA GeForce RTX 3090,0,kernel,25,1.1,1.1235,1.1235,412.179,366.9,0,stream_triad,cuda,fp32,67108864,1145,1145,1.1235,412.179,366.9,366.9,922075791360,820.72,kernel,kernel,0,NVIDIA GeForce RTX 3090,13000,0,0,0,0,1950,9501,62,4,sweep;repeats=50;passes=1145;grid=2624;block=256;dtype=fp32,0.000114494166666667
2025-10-13T12:20:41,rock-tobefilledbyoem,NVIDIA GeForce RTX 3090,0,kernel,26,1.1,1.1234,1.1234,380.63,338.8,0,stream_triad,cuda,fp32,67108864,1145,1145,1.1234,380.63,338.8,338.8,922075791360,820.78,kernel,kernel,0,NVIDIA GeForce RTX 3090,13000,0,0,0,0,1950,9501,62,4,sweep;repeats=50;passes=1145;grid=2624;block=256;dtype=fp32,0.000105730555555556
2025-10-13T12:20:42,rock-tobefilledbyoem,NVIDIA GeForce RTX 3090,0,kernel,27,1.1,1.1234,1.1234,378.895,337.3,0,stream_triad,cuda,fp32,67108864,1145,1145,1.1234,378.895,337.3,337.3,922075791360,820.75,kernel,kernel,0,NVIDIA GeForce RTX 3090,13000,0,0,0,0,1950,9501,62,4,sweep;repeats=50;passes=1145;grid=2624;block=256;dtype=fp32,0.000105248611111111
2025-10-13T12:20:43,rock-tobefilledbyoem,NVIDIA GeForce RTX 3090,0,kernel,28,1.1,1.1236,1.1236,374.702,333.5,0,stream_triad,cuda,fp32,67108864,1145,1145,1.1236,374.702,333.5,333.5,922075791360,820.67,kernel,kernel,0,NVIDIA GeForce RTX 3090,13000,0,0,0,0,1950,9501,62,4,sweep;repeats=50;passes=1145;grid=2624;block=256;dtype=fp32,0.000104083888888889
2025-10-13T12:20:44,rock-tobefilledbyoem,NVIDIA GeForce RTX 3090,0,kernel,29,1.1,1.1234,1.1234,383.051,341,0,stream_triad,cuda,fp32,67108864,1145,1145,1.1234,383.051,341,341,922075791360,820.79,kernel,kernel,0,NVIDIA GeForce RTX 3090,13000,0,0,0,0,1950,9501,62,4,sweep;repeats=50;passes=1145;grid=2624;block=256;dtype=fp32,0.000106403055555556
2025-10-13T12:20:45,rock-tobefilledbyoem,NVIDIA GeForce RTX 3090,0,kernel,30,1.1,1.1235,1.1235,375.61,334.3,0,stream_triad,cuda,fp32,67108864,1145,1145,1.1235,375.61,334.3,334.3,922075791360,820.72,kernel,kernel,0,NVIDIA GeForce RTX 3090,13000,0,0,0,0,1950,9501,62,4,sweep;repeats=50;passes=1145;grid=2624;block=256;dtype=fp32,0.000104336111111111
2025-10-13T12:20:46,rock-tobefilledbyoem,NVIDIA GeForce RTX 3090,0,kernel,31,1.1,1.1234,1.1234,379.108,337.5,0,stream_triad,cuda,fp32,67108864,1145,1145,1.1234,379.108,337.5,337.5,922075791360,820.77,kernel,kernel,0,NVIDIA GeForce RTX 3090,13000,0,0,0,0,1950,9501,62,4,sweep;repeats=50;passes=1145;grid=2624;block=256;dtype=fp32,0.000105307777777778
2025-10-13T12:20:47,rock-tobefilledbyoem,NVIDIA GeForce RTX 3090,0,kernel,32,1.1,1.1236,1.1236,411.271,366,0,stream_triad,cuda,fp32,67108864,1145,1145,1.1236,411.271,366,366,922075791360,820.66,kernel,kernel,0,NVIDIA GeForce RTX 3090,13000,0,0,0,0,1950,9501,62,4,sweep;repeats=50;passes=1145;grid=2624;block=256;dtype=fp32,0.000114241944444444
2025-10-13T12:20:48,rock-tobefilledbyoem,NVIDIA GeForce RTX 3090,0,kernel,33,1.1,1.1236,1.1236,381.141,339.2,0,stream_triad,cuda,fp32,67108864,1145,1145,1.1236,381.141,339.2,339.2,922075791360,820.67,kernel,kernel,0,NVIDIA GeForce RTX 3090,13000,0,0,0,0,1950,9501,62,4,sweep;repeats=50;passes=1145;grid=2624;block=256;dtype=fp32,0.0001058725
2025-10-13T12:20:50,rock-tobefilledbyoem,NVIDIA GeForce RTX 3090,0,kernel,34,1.1,1.1234,1.1234,378.337,336.8,0,stream_triad,cuda,fp32,67108864,1145,1145,1.1234,378.337,336.8,336.8,922075791360,820.78,kernel,kernel,0,NVIDIA GeForce RTX 3090,13000,0,0,0,0,1950,9501,62,4,sweep;repeats=50;passes=1145;grid=2624;block=256;dtype=fp32,0.000105093611111111
2025-10-13T12:20:51,rock-tobefilledbyoem,NVIDIA GeForce RTX 3090,0,kernel,35,1.1,1.1234,1.1234,410.029,365,0,stream_triad,cuda,fp32,67108864,1145,1145,1.1234,410.029,365,365,922075791360,820.75,kernel,kernel,0,NVIDIA GeForce RTX 3090,13000,0,0,0,0,1950,9501,62,4,sweep;repeats=50;passes=1145;grid=2624;block=256;dtype=fp32,0.000113896944444444
2025-10-13T12:20:52,rock-tobefilledbyoem,NVIDIA GeForce RTX 3090,0,kernel,36,1.1,1.1235,1.1235,382.563,340.5,0,stream_triad,cuda,fp32,67108864,1145,1145,1.1235,382.563,340.5,340.5,922075791360,820.73,kernel,kernel,0,NVIDIA GeForce RTX 3090,13000,0,0,0,0,1950,9501,62,4,sweep;repeats=50;passes=1145;grid=2624;block=256;dtype=fp32,0.0001062675
2025-10-13T12:20:53,rock-tobefilledbyoem,NVIDIA GeForce RTX 3090,0,kernel,37,1.1,1.1234,1.1234,376.469,335.1,0,stream_triad,cuda,fp32,67108864,1145,1145,1.1234,376.469,335.1,335.1,922075791360,820.81,kernel,kernel,0,NVIDIA GeForce RTX 3090,13000,0,0,0,0,1950,9501,62,4,sweep;repeats=50;passes=1145;grid=2624;block=256;dtype=fp32,0.000104574722222222
2025-10-13T12:20:54,rock-tobefilledbyoem,NVIDIA GeForce RTX 3090,0,kernel,38,1.1,1.1235,1.1235,380.851,339,0,stream_triad,cuda,fp32,67108864,1145,1145,1.1235,380.851,339,339,922075791360,820.72,kernel,kernel,0,NVIDIA GeForce RTX 3090,13000,0,0,0,0,1950,9501,62,4,sweep;repeats=50;passes=1145;grid=2624;block=256;dtype=fp32,0.000105791944444444
2025-10-13T12:20:55,rock-tobefilledbyoem,NVIDIA GeForce RTX 3090,0,kernel,39,1.1,1.1234,1.1234,413.325,367.9,0,stream_triad,cuda,fp32,67108864,1145,1145,1.1234,413.325,367.9,367.9,922075791360,820.76,kernel,kernel,0,NVIDIA GeForce RTX 3090,13000,0,0,0,0,1950,9501,62,4,sweep;repeats=50;passes=1145;grid=2624;block=256;dtype=fp32,0.0001148125
2025-10-13T12:20:56,rock-tobefilledbyoem,NVIDIA GeForce RTX 3090,0,kernel,40,1.1,1.1234,1.1234,378.779,337.2,0,stream_triad,cuda,fp32,67108864,1145,1145,1.1234,378.779,337.2,337.2,922075791360,820.76,kernel,kernel,0,NVIDIA GeForce RTX 3090,13000,0,0,0,0,1950,9501,62,4,sweep;repeats=50;passes=1145;grid=2624;block=256;dtype=fp32,0.000105216388888889
2025-10-13T12:20:57,rock-tobefilledbyoem,NVIDIA GeForce RTX 3090,0,kernel,41,1.1,1.1236,1.1236,379.171,337.5,0,stream_triad,cuda,fp32,67108864,1145,1145,1.1236,379.171,337.5,337.5,922075791360,820.63,kernel,kernel,0,NVIDIA GeForce RTX 3090,13000,0,0,0,0,1950,9501,62,4,sweep;repeats=50;passes=1145;grid=2624;block=256;dtype=fp32,0.000105325277777778
2025-10-13T12:20:59,rock-tobefilledbyoem,NVIDIA GeForce RTX 3090,0,kernel,42,1.1,1.1235,1.1235,376.454,335.1,0,stream_triad,cuda,fp32,67108864,1145,1145,1.1235,376.454,335.1,335.1,922075791360,820.75,kernel,kernel,0,NVIDIA GeForce RTX 3090,13000,0,0,0,0,1950,9501,62,4,sweep;repeats=50;passes=1145;grid=2624;block=256;dtype=fp32,0.000104570555555556
2025-10-13T12:21:00,rock-tobefilledbyoem,NVIDIA GeForce RTX 3090,0,kernel,43,1.1,1.1236,1.1236,415.418,369.7,0,stream_triad,cuda,fp32,67108864,1145,1145,1.1236,415.418,369.7,369.7,922075791360,820.63,kernel,kernel,0,NVIDIA GeForce RTX 3090,13000,0,0,0,0,1950,9501,62,4,sweep;repeats=50;passes=1145;grid=2624;block=256;dtype=fp32,0.000115393888888889
2025-10-13T12:21:01,rock-tobefilledbyoem,NVIDIA GeForce RTX 3090,0,kernel,44,1.1,1.1235,1.1235,378.091,336.5,0,stream_triad,cuda,fp32,67108864,1145,1145,1.1235,378.091,336.5,336.5,922075791360,820.75,kernel,kernel,0,NVIDIA GeForce RTX 3090,13000,0,0,0,0,1950,9501,62,4,sweep;repeats=50;passes=1145;grid=2624;block=256;dtype=fp32,0.000105025277777778
2025-10-13T12:21:02,rock-tobefilledbyoem,NVIDIA GeForce RTX 3090,0,kernel,45,1.1,1.1234,1.1234,381.113,339.2,0,stream_triad,cuda,fp32,67108864,1145,1145,1.1234,381.113,339.2,339.2,922075791360,820.76,kernel,kernel,0,NVIDIA GeForce RTX 3090,13000,0,0,0,0,1950,9501,62,4,sweep;repeats=50;passes=1145;grid=2624;block=256;dtype=fp32,0.000105864722222222
2025-10-13T12:21:03,rock-tobefilledbyoem,NVIDIA GeForce RTX 3090,0,kernel,46,1.1,1.1235,1.1235,413.335,367.9,0,stream_triad,cuda,fp32,67108864,1145,1145,1.1235,413.335,367.9,367.9,922075791360,820.73,kernel,kernel,0,NVIDIA GeForce RTX 3090,13000,0,0,0,0,1950,9501,62,4,sweep;repeats=50;passes=1145;grid=2624;block=256;dtype=fp32,0.000114815277777778
2025-10-13T12:21:04,rock-tobefilledbyoem,NVIDIA GeForce RTX 3090,0,kernel,47,1.1,1.1235,1.1235,380.778,338.9,0,stream_triad,cuda,fp32,67108864,1145,1145,1.1235,380.778,338.9,338.9,922075791360,820.72,kernel,kernel,0,NVIDIA GeForce RTX 3090,13000,0,0,0,0,1950,9501,62,4,sweep;repeats=50;passes=1145;grid=2624;block=256;dtype=fp32,0.000105771666666667
2025-10-13T12:21:05,rock-tobefilledbyoem,NVIDIA GeForce RTX 3090,0,kernel,48,1.1,1.1235,1.1235,380.498,338.7,0,stream_triad,cuda,fp32,67108864,1145,1145,1.1235,380.498,338.7,338.7,922075791360,820.71,kernel,kernel,0,NVIDIA GeForce RTX 3090,13000,0,0,0,0,1950,9501,62,4,sweep;repeats=50;passes=1145;grid=2624;block=256;dtype=fp32,0.000105693888888889
2025-10-13T12:21:07,rock-tobefilledbyoem,NVIDIA GeForce RTX 3090,0,kernel,49,1.1,1.1235,1.1235,378.175,336.6,0,stream_triad,cuda,fp32,67108864,1145,1145,1.1235,378.175,336.6,336.6,922075791360,820.72,kernel,kernel,0,NVIDIA GeForce RTX 3090,13000,0,0,0,0,1950,9501,62,4,sweep;repeats=50;passes=1145;grid=2624;block=256;dtype=fp32,0.000105048611111111
2025-10-13T12:21:09,rock-tobefilledbyoem,NVIDIA GeForce RTX 3090,0,kernel,0,1.1,1.1219,1.1219,383.638,342,0,stream_triad,cuda,fp32,134217728,566,566,1.1219,383.638,342,342,911606808576,812.58,kernel,kernel,0,NVIDIA GeForce RTX 3090,13000,0,0,0,0,1965,9501,62,4,sweep;repeats=50;passes=566;grid=2624;block=256;dtype=fp32,0.000106566111111111
2025-10-13T12:21:10,rock-tobefilledbyoem,NVIDIA GeForce RTX 3090,0,kernel,1,1.1,1.1219,1.1219,376.985,336,0,stream_triad,cuda,fp32,134217728,566,566,1.1219,376.985,336,336,911606808576,812.52,kernel,kernel,0,NVIDIA GeForce RTX 3090,13000,0,0,0,0,1965,9501,62,4,sweep;repeats=50;passes=566;grid=2624;block=256;dtype=fp32,0.000104718055555556
2025-10-13T12:21:11,rock-tobefilledbyoem,NVIDIA GeForce RTX 3090,0,kernel,2,1.1,1.1219,1.1219,380.406,339.1,0,stream_triad,cuda,fp32,134217728,566,566,1.1219,380.406,339.1,339.1,911606808576,812.57,kernel,kernel,0,NVIDIA GeForce RTX 3090,13000,0,0,0,0,1935,9501,62,4,sweep;repeats=50;passes=566;grid=2624;block=256;dtype=fp32,0.000105668333333333
2025-10-13T12:21:13,rock-tobefilledbyoem,NVIDIA GeForce RTX 3090,0,kernel,3,1.1,1.1218,1.1218,414.673,369.6,0,stream_triad,cuda,fp32,134217728,566,566,1.1218,414.673,369.6,369.6,911606808576,812.6,kernel,kernel,0,NVIDIA GeForce RTX 3090,13000,0,0,0,0,1950,9501,62,4,sweep;repeats=50;passes=566;grid=2624;block=256;dtype=fp32,0.000115186944444444
2025-10-13T12:21:14,rock-tobefilledbyoem,NVIDIA GeForce RTX 3090,0,kernel,4,1.1,1.1218,1.1218,381.145,339.8,0,stream_triad,cuda,fp32,134217728,566,566,1.1218,381.145,339.8,339.8,911606808576,812.65,kernel,kernel,0,NVIDIA GeForce RTX 3090,13000,0,0,0,0,1950,9501,62,4,sweep;repeats=50;passes=566;grid=2624;block=256;dtype=fp32,0.000105873611111111
2025-10-13T12:21:15,rock-tobefilledbyoem,NVIDIA GeForce RTX 3090,0,kernel,5,1.1,1.1218,1.1218,381.003,339.6,0,stream_triad,cuda,fp32,134217728,566,566,1.1218,381.003,339.6,339.6,911606808576,812.61,kernel,kernel,0,NVIDIA GeForce RTX 3090,13000,0,0,0,0,1950,9501,62,4,sweep;repeats=50;passes=566;grid=2624;block=256;dtype=fp32,0.000105834166666667
2025-10-13T12:21:16,rock-tobefilledbyoem,NVIDIA GeForce RTX 3090,0,kernel,6,1.1,1.1219,1.1219,378.93,337.8,0,stream_triad,cuda,fp32,134217728,566,566,1.1219,378.93,337.8,337.8,911606808576,812.59,kernel,kernel,0,NVIDIA GeForce RTX 3090,13000,0,0,0,0,1950,9501,62,4,sweep;repeats=50;passes=566;grid=2624;block=256;dtype=fp32,0.000105258333333333
2025-10-13T12:21:17,rock-tobefilledbyoem,NVIDIA GeForce RTX 3090,0,kernel,7,1.1,1.1219,1.1219,411.416,366.7,0,stream_triad,cuda,fp32,134217728,566,566,1.1219,411.416,366.7,366.7,911606808576,812.53,kernel,kernel,0,NVIDIA GeForce RTX 3090,13000,0,0,0,0,1950,9501,62,4,sweep;repeats=50;passes=566;grid=2624;block=256;dtype=fp32,0.000114282222222222
2025-10-13T12:21:18,rock-tobefilledbyoem,NVIDIA GeForce RTX 3090,0,kernel,8,1.1,1.1219,1.1219,381.072,339.7,0,stream_triad,cuda,fp32,134217728,566,566,1.1219,381.072,339.7,339.7,911606808576,812.58,kernel,kernel,0,NVIDIA GeForce RTX 3090,13000,0,0,0,0,1950,9501,62,4,sweep;repeats=50;passes=566;grid=2624;block=256;dtype=fp32,0.000105853333333333
2025-10-13T12:21:19,rock-tobefilledbyoem,NVIDIA GeForce RTX 3090,0,kernel,9,1.1,1.1218,1.1218,379.333,338.1,0,stream_triad,cuda,fp32,134217728,566,566,1.1218,379.333,338.1,338.1,911606808576,812.62,kernel,kernel,0,NVIDIA GeForce RTX 3090,13000,0,0,0,0,1950,9501,62,4,sweep;repeats=50;passes=566;grid=2624;block=256;dtype=fp32,0.000105370277777778
2025-10-13T12:21:20,rock-tobefilledbyoem,NVIDIA GeForce RTX 3090,0,kernel,10,1.1,1.1217,1.1217,376.222,335.4,0,stream_triad,cuda,fp32,134217728,566,566,1.1217,376.222,335.4,335.4,911606808576,812.68,kernel,kernel,0,NVIDIA GeForce RTX 3090,13000,0,0,0,0,1950,9501,62,4,sweep;repeats=50;passes=566;grid=2624;block=256;dtype=fp32,0.000104506111111111
2025-10-13T12:21:22,rock-tobefilledbyoem,NVIDIA GeForce RTX 3090,0,kernel,11,1.1,1.1219,1.1219,383.572,341.9,0,stream_triad,cuda,fp32,134217728,566,566,1.1219,383.572,341.9,341.9,911606808576,812.58,kernel,kernel,0,NVIDIA GeForce RTX 3090,13000,0,0,0,0,1950,9501,62,4,sweep;repeats=50;passes=566;grid=2624;block=256;dtype=fp32,0.000106547777777778
2025-10-13T12:21:23,rock-tobefilledbyoem,NVIDIA GeForce RTX 3090,0,kernel,12,1.1,1.1218,1.1218,377.825,336.8,0,stream_triad,cuda,fp32,134217728,566,566,1.1218,377.825,336.8,336.8,911606808576,812.66,kernel,kernel,0,NVIDIA GeForce RTX 3090,13000,0,0,0,0,1950,9501,62,4,sweep;repeats=50;passes=566;grid=2624;block=256;dtype=fp32,0.000104951388888889
2025-10-13T12:21:24,rock-tobefilledbyoem,NVIDIA GeForce RTX 3090,0,kernel,13,1.1,1.1219,1.1219,374.71,334,0,stream_triad,cuda,fp32,134217728,566,566,1.1219,374.71,334,334,911606808576,812.52,kernel,kernel,0,NVIDIA GeForce RTX 3090,13000,0,0,0,0,1950,9501,62,4,sweep;repeats=50;passes=566;grid=2624;block=256;dtype=fp32,0.000104086111111111
2025-10-13T12:21:25,rock-tobefilledbyoem,NVIDIA GeForce RTX 3090,0,kernel,14,1.1,1.1219,1.1219,414.867,369.8,0,stream_triad,cuda,fp32,134217728,566,566,1.1219,414.867,369.8,369.8,911606808576,812.56,kernel,kernel,0,NVIDIA GeForce RTX 3090,13000,0,0,0,0,1950,9501,62,4,sweep;repeats=50;passes=566;grid=2624;block=256;dtype=fp32,0.000115240833333333
2025-10-13T12:21:26,rock-tobefilledbyoem,NVIDIA GeForce RTX 3090,0,kernel,15,1.1,1.1219,1.1219,381.39,339.9,0,stream_triad,cuda,fp32,134217728,566,566,1.1219,381.39,339.9,339.9,911606808576,812.53,kernel,kernel,0,NVIDIA GeForce RTX 3090,13000,0,0,0,0,1950,9501,62,4,sweep;repeats=50;passes=566;grid=2624;block=256;dtype=fp32,0.000105941666666667
2025-10-13T12:21:27,rock-tobefilledbyoem,NVIDIA GeForce RTX 3090,0,kernel,16,1.1,1.1218,1.1218,380.992,339.6,0,stream_triad,cuda,fp32,134217728,566,566,1.1218,380.992,339.6,339.6,911606808576,812.65,kernel,kernel,0,NVIDIA GeForce RTX 3090,13000,0,0,0,0,1950,9501,62,4,sweep;repeats=50;passes=566;grid=2624;block=256;dtype=fp32,0.000105831111111111
2025-10-13T12:21:28,rock-tobefilledbyoem,NVIDIA GeForce RTX 3090,0,kernel,17,1.1,1.1217,1.1217,379.111,338,0,stream_triad,cuda,fp32,134217728,566,566,1.1217,379.111,338,338,911606808576,812.73,kernel,kernel,0,NVIDIA GeForce RTX 3090,13000,0,0,0,0,1950,9501,62,4,sweep;repeats=50;passes=566;grid=2624;block=256;dtype=fp32,0.000105308611111111
2025-10-13T12:21:29,rock-tobefilledbyoem,NVIDIA GeForce RTX 3090,0,kernel,18,1.1,1.1218,1.1218,412.361,367.6,0,stream_triad,cuda,fp32,134217728,566,566,1.1218,412.361,367.6,367.6,911606808576,812.66,kernel,kernel,0,NVIDIA GeForce RTX 3090,13000,0,0,0,0,1950,9501,62,4,sweep;repeats=50;passes=566;grid=2624;block=256;dtype=fp32,0.000114544722222222
2025-10-13T12:21:31,rock-tobefilledbyoem,NVIDIA GeForce RTX 3090,0,kernel,19,1.1,1.1219,1.1219,381.053,339.6,0,stream_triad,cuda,fp32,134217728,566,566,1.1219,381.053,339.6,339.6,911606808576,812.52,kernel,kernel,0,NVIDIA GeForce RTX 3090,13000,0,0,0,0,1950,9501,62,4,sweep;repeats=50;passes=566;grid=2624;block=256;dtype=fp32,0.000105848055555556
2025-10-13T12:21:32,rock-tobefilledbyoem,NVIDIA GeForce RTX 3090,0,kernel,20,1.1,1.1218,1.1218,378.66,337.5,0,stream_triad,cuda,fp32,134217728,566,566,1.1218,378.66,337.5,337.5,911606808576,812.6,kernel,kernel,0,NVIDIA GeForce RTX 3090,13000,0,0,0,0,1950,9501,62,4,sweep;repeats=50;passes=566;grid=2624;block=256;dtype=fp32,0.000105183333333333
2025-10-13T12:21:33,rock-tobefilledbyoem,NVIDIA GeForce RTX 3090,0,kernel,21,1.1,1.1218,1.1218,375.236,334.5,0,stream_triad,cuda,fp32,134217728,566,566,1.1218,375.236,334.5,334.5,911606808576,812.59,kernel,kernel,0,NVIDIA GeForce RTX 3090,13000,0,0,0,0,1950,9501,62,4,sweep;repeats=50;passes=566;grid=2624;block=256;dtype=fp32,0.000104232222222222
2025-10-13T12:21:34,rock-tobefilledbyoem,NVIDIA GeForce RTX 3090,0,kernel,22,1.1,1.1219,1.1219,383.448,341.8,0,stream_triad,cuda,fp32,134217728,566,566,1.1219,383.448,341.8,341.8,911606808576,812.53,kernel,kernel,0,NVIDIA GeForce RTX 3090,13000,0,0,0,0,1950,9501,62,4,sweep;repeats=50;passes=566;grid=2624;block=256;dtype=fp32,0.000106513333333333
2025-10-13T12:21:35,rock-tobefilledbyoem,NVIDIA GeForce RTX 3090,0,kernel,23,1.1,1.1218,1.1218,377.977,336.9,0,stream_triad,cuda,fp32,134217728,566,566,1.1218,377.977,336.9,336.9,911606808576,812.63,kernel,kernel,0,NVIDIA GeForce RTX 3090,13000,0,0,0,0,1950,9501,62,4,sweep;repeats=50;passes=566;grid=2624;block=256;dtype=fp32,0.000104993611111111
2025-10-13T12:21:36,rock-tobefilledbyoem,NVIDIA GeForce RTX 3090,0,kernel,24,1.1,1.1218,1.1218,380.982,339.6,0,stream_triad,cuda,fp32,134217728,566,566,1.1218,380.982,339.6,339.6,911606808576,812.65,kernel,kernel,0,NVIDIA GeForce RTX 3090,13000,0,0,0,0,1950,9501,62,4,sweep;repeats=50;passes=566;grid=2624;block=256;dtype=fp32,0.000105828333333333
2025-10-13T12:21:37,rock-tobefilledbyoem,NVIDIA GeForce RTX 3090,0,kernel,25,1.1,1.1217,1.1217,413.876,369,0,stream_triad,cuda,fp32,134217728,566,566,1.1217,413.876,369,369,911606808576,812.68,kernel,kernel,0,NVIDIA GeForce RTX 3090,13000,0,0,0,0,1950,9501,62,4,sweep;repeats=50;passes=566;grid=2624;block=256;dtype=fp32,0.000114965555555556
2025-10-13T12:21:38,rock-tobefilledbyoem,NVIDIA GeForce RTX 3090,0,kernel,26,1.1,1.1217,1.1217,380.993,339.7,0,stream_triad,cuda,fp32,134217728,566,566,1.1217,380.993,339.7,339.7,911606808576,812.71,kernel,kernel,0,NVIDIA GeForce RTX 3090,13000,0,0,0,0,1950,9501,62,4,sweep;repeats=50;passes=566;grid=2624;block=256;dtype=fp32,0.000105831388888889
2025-10-13T12:21:40,rock-tobefilledbyoem,NVIDIA GeForce RTX 3090,0,kernel,27,1.1,1.1219,1.1219,380.672,339.3,0,stream_triad,cuda,fp32,134217728,566,566,1.1219,380.672,339.3,339.3,911606808576,812.53,kernel,kernel,0,NVIDIA GeForce RTX 3090,13000,0,0,0,0,1950,9501,62,4,sweep;repeats=50;passes=566;grid=2624;block=256;dtype=fp32,0.000105742222222222
2025-10-13T12:21:41,rock-tobefilledbyoem,NVIDIA GeForce RTX 3090,0,kernel,28,1.1,1.1218,1.1218,378.755,337.6,0,stream_triad,cuda,fp32,134217728,566,566,1.1218,378.755,337.6,337.6,911606808576,812.65,kernel,kernel,0,NVIDIA GeForce RTX 3090,13000,0,0,0,0,1950,9501,62,4,sweep;repeats=50;passes=566;grid=2624;block=256;dtype=fp32,0.000105209722222222
2025-10-13T12:21:42,rock-tobefilledbyoem,NVIDIA GeForce RTX 3090,0,kernel,29,1.1,1.1218,1.1218,412.201,367.4,0,stream_triad,cuda,fp32,134217728,566,566,1.1218,412.201,367.4,367.4,911606808576,812.6,kernel,kernel,0,NVIDIA GeForce RTX 3090,13000,0,0,0,0,1950,9501,62,4,sweep;repeats=50;passes=566;grid=2624;block=256;dtype=fp32,0.000114500277777778
2025-10-13T12:21:43,rock-tobefilledbyoem,NVIDIA GeForce RTX 3090,0,kernel,30,1.1,1.1218,1.1218,380.214,338.9,0,stream_triad,cuda,fp32,134217728,566,566,1.1218,380.214,338.9,338.9,911606808576,812.59,kernel,kernel,0,NVIDIA GeForce RTX 3090,13000,0,0,0,0,1950,9501,62,4,sweep;repeats=50;passes=566;grid=2624;block=256;dtype=fp32,0.000105615
2025-10-13T12:21:44,rock-tobefilledbyoem,NVIDIA GeForce RTX 3090,0,kernel,31,1.1,1.1218,1.1218,378.718,337.6,0,stream_triad,cuda,fp32,134217728,566,566,1.1218,378.718,337.6,337.6,911606808576,812.62,kernel,kernel,0,NVIDIA GeForce RTX 3090,13000,0,0,0,0,1950,9501,62,4,sweep;repeats=50;passes=566;grid=2624;block=256;dtype=fp32,0.000105199444444444
2025-10-13T12:21:45,rock-tobefilledbyoem,NVIDIA GeForce RTX 3090,0,kernel,32,1.1,1.122,1.122,375.269,334.5,0,stream_triad,cuda,fp32,134217728,566,566,1.122,375.269,334.5,334.5,911606808576,812.5,kernel,kernel,0,NVIDIA GeForce RTX 3090,13000,0,0,0,0,1950,9501,62,4,sweep;repeats=50;passes=566;grid=2624;block=256;dtype=fp32,0.000104241388888889
2025-10-13T12:21:46,rock-tobefilledbyoem,NVIDIA GeForce RTX 3090,0,kernel,33,1.1,1.1219,1.1219,382.848,341.3,0,stream_triad,cuda,fp32,134217728,566,566,1.1219,382.848,341.3,341.3,911606808576,812.59,kernel,kernel,0,NVIDIA GeForce RTX 3090,13000,0,0,0,0,1950,9501,62,4,sweep;repeats=50;passes=566;grid=2624;block=256;dtype=fp32,0.000106346666666667
2025-10-13T12:21:47,rock-tobefilledbyoem,NVIDIA GeForce RTX 3090,0,kernel,34,1.1,1.1219,1.1219,377.508,336.5,0,stream_triad,cuda,fp32,134217728,566,566,1.1219,377.508,336.5,336.5,911606808576,812.52,kernel,kernel,0,NVIDIA GeForce RTX 3090,13000,0,0,0,0,1950,9501,62,4,sweep;repeats=50;passes=566;grid=2624;block=256;dtype=fp32,0.000104863333333333
2025-10-13T12:21:49,rock-tobefilledbyoem,NVIDIA GeForce RTX 3090,0,kernel,35,1.1,1.1219,1.1219,380.897,339.5,0,stream_triad,cuda,fp32,134217728,566,566,1.1219,380.897,339.5,339.5,911606808576,812.58,kernel,kernel,0,NVIDIA GeForce RTX 3090,13000,0,0,0,0,1950,9501,62,4,sweep;repeats=50;passes=566;grid=2624;block=256;dtype=fp32,0.000105804722222222
2025-10-13T12:21:50,rock-tobefilledbyoem,NVIDIA GeForce RTX 3090,0,kernel,36,1.1,1.1219,1.1219,414.081,369.1,0,stream_triad,cuda,fp32,134217728,566,566,1.1219,414.081,369.1,369.1,911606808576,812.54,kernel,kernel,0,NVIDIA GeForce RTX 3090,13000,0,0,0,0,1950,9501,62,4,sweep;repeats=50;passes=566;grid=2624;block=256;dtype=fp32,0.0001150225
2025-10-13T12:21:51,rock-tobefilledbyoem,NVIDIA GeForce RTX 3090,0,kernel,37,1.1,1.1217,1.1217,381.434,340,0,stream_triad,cuda,fp32,134217728,566,566,1.1217,381.434,340,340,911606808576,812.67,kernel,kernel,0,NVIDIA GeForce RTX 3090,13000,0,0,0,0,1965,9501,62,4,sweep;repeats=50;passes=566;grid=2624;block=256;dtype=fp32,0.000105953888888889
2025-10-13T12:21:52,rock-tobefilledbyoem,NVIDIA GeForce RTX 3090,0,kernel,38,1.1,1.1218,1.1218,380.464,339.2,0,stream_triad,cuda,fp32,134217728,566,566,1.1218,380.464,339.2,339.2,911606808576,812.66,kernel,kernel,0,NVIDIA GeForce RTX 3090,13000,0,0,0,0,1950,9501,62,4,sweep;repeats=50;passes=566;grid=2624;block=256;dtype=fp32,0.000105684444444444
2025-10-13T12:21:53,rock-tobefilledbyoem,NVIDIA GeForce RTX 3090,0,kernel,39,1.1,1.1219,1.1219,378.911,337.7,0,stream_triad,cuda,fp32,134217728,566,566,1.1219,378.911,337.7,337.7,911606808576,812.57,kernel,kernel,0,NVIDIA GeForce RTX 3090,13000,0,0,0,0,1950,9501,62,4,sweep;repeats=50;passes=566;grid=2624;block=256;dtype=fp32,0.000105253055555556
2025-10-13T12:21:54,rock-tobefilledbyoem,NVIDIA GeForce RTX 3090,0,kernel,40,1.1,1.1217,1.1217,411.76,367.1,0,stream_triad,cuda,fp32,134217728,566,566,1.1217,411.76,367.1,367.1,911606808576,812.73,kernel,kernel,0,NVIDIA GeForce RTX 3090,13000,0,0,0,0,1950,9501,63,4,sweep;repeats=50;passes=566;grid=2624;block=256;dtype=fp32,0.000114377777777778
2025-10-13T12:21:55,rock-tobefilledbyoem,NVIDIA GeForce RTX 3090,0,kernel,41,1.1,1.1219,1.1219,380.826,339.4,0,stream_triad,cuda,fp32,134217728,566,566,1.1219,380.826,339.4,339.4,911606808576,812.56,kernel,kernel,0,NVIDIA GeForce RTX 3090,13000,0,0,0,0,1950,9501,62,4,sweep;repeats=50;passes=566;grid=2624;block=256;dtype=fp32,0.000105785
2025-10-13T12:21:56,rock-tobefilledbyoem,NVIDIA GeForce RTX 3090,0,kernel,42,1.1,1.1218,1.1218,379.05,337.9,0,stream_triad,cuda,fp32,134217728,566,566,1.1218,379.05,337.9,337.9,911606808576,812.62,kernel,kernel,0,NVIDIA GeForce RTX 3090,13000,0,0,0,0,1950,9501,62,4,sweep;repeats=50;passes=566;grid=2624;block=256;dtype=fp32,0.000105291666666667
2025-10-13T12:21:58,rock-tobefilledbyoem,NVIDIA GeForce RTX 3090,0,kernel,43,1.1,1.1218,1.1218,377.171,336.2,0,stream_triad,cuda,fp32,134217728,566,566,1.1218,377.171,336.2,336.2,911606808576,812.6,kernel,kernel,0,NVIDIA GeForce RTX 3090,13000,0,0,0,0,1950,9501,62,4,sweep;repeats=50;passes=566;grid=2624;block=256;dtype=fp32,0.000104769722222222
2025-10-13T12:21:59,rock-tobefilledbyoem,NVIDIA GeForce RTX 3090,0,kernel,44,1.1,1.122,1.122,415.944,370.7,0,stream_triad,cuda,fp32,134217728,566,566,1.122,415.944,370.7,370.7,911606808576,812.51,kernel,kernel,0,NVIDIA GeForce RTX 3090,13000,0,0,0,0,1950,9501,62,4,sweep;repeats=50;passes=566;grid=2624;block=256;dtype=fp32,0.00011554
2025-10-13T12:22:00,rock-tobefilledbyoem,NVIDIA GeForce RTX 3090,0,kernel,45,1.1,1.1218,1.1218,378.754,337.6,0,stream_triad,cuda,fp32,134217728,566,566,1.1218,378.754,337.6,337.6,911606808576,812.66,kernel,kernel,0,NVIDIA GeForce RTX 3090,13000,0,0,0,0,1950,9501,62,4,sweep;repeats=50;passes=566;grid=2624;block=256;dtype=fp32,0.000105209444444444
2025-10-13T12:22:01,rock-tobefilledbyoem,NVIDIA GeForce RTX 3090,0,kernel,46,1.1,1.1216,1.1216,377.793,336.8,0,stream_triad,cuda,fp32,134217728,566,566,1.1216,377.793,336.8,336.8,911606808576,812.79,kernel,kernel,0,NVIDIA GeForce RTX 3090,13000,0,0,0,0,1950,9501,62,4,sweep;repeats=50;passes=566;grid=2624;block=256;dtype=fp32,0.0001049425
2025-10-13T12:22:02,rock-tobefilledbyoem,NVIDIA GeForce RTX 3090,0,kernel,47,1.1,1.1219,1.1219,381.12,339.7,0,stream_triad,cuda,fp32,134217728,566,566,1.1219,381.12,339.7,339.7,911606808576,812.55,kernel,kernel,0,NVIDIA GeForce RTX 3090,13000,0,0,0,0,1950,9501,62,4,sweep;repeats=50;passes=566;grid=2624;block=256;dtype=fp32,0.000105866666666667
2025-10-13T12:22:03,rock-tobefilledbyoem,NVIDIA GeForce RTX 3090,0,kernel,48,1.1,1.1218,1.1218,382.847,341.3,0,stream_triad,cuda,fp32,134217728,566,566,1.1218,382.847,341.3,341.3,911606808576,812.61,kernel,kernel,0,NVIDIA GeForce RTX 3090,13000,0,0,0,0,1950,9501,62,4,sweep;repeats=50;passes=566;grid=2624;block=256;dtype=fp32,0.000106346388888889
2025-10-13T12:22:04,rock-tobefilledbyoem,NVIDIA GeForce RTX 3090,0,kernel,49,1.1,1.1217,1.1217,376.93,336,0,stream_triad,cuda,fp32,134217728,566,566,1.1217,376.93,336,336,911606808576,812.7,kernel,kernel,0,NVIDIA GeForce RTX 3090,13000,0,0,0,0,1950,9501,62,4,sweep;repeats=50;passes=566;grid=2624;block=256;dtype=fp32,0.000104702777777778
2025-10-13T12:22:08,rock-tobefilledbyoem,NVIDIA GeForce RTX 3090,0,kernel,0,1.1,1.1247,1.1247,370.738,329.6,0,stream_triad,cuda,fp32,268435456,280,280,1.1247,370.738,329.6,329.6,901943132160,801.92,kernel,kernel,0,NVIDIA GeForce RTX 3090,13000,0,0,0,0,1935,9501,61,4,sweep;repeats=50;passes=280;grid=2624;block=256;dtype=fp32,0.000102982777777778
2025-10-13T12:22:10,rock-tobefilledbyoem,NVIDIA GeForce RTX 3090,0,kernel,1,1.1,1.1246,1.1246,413.792,367.9,0,stream_triad,cuda,fp32,268435456,280,280,1.1246,413.792,367.9,367.9,901943132160,802.01,kernel,kernel,0,NVIDIA GeForce RTX 3090,13000,0,0,0,0,1950,9501,61,4,sweep;repeats=50;passes=280;grid=2624;block=256;dtype=fp32,0.000114942222222222
2025-10-13T12:22:11,rock-tobefilledbyoem,NVIDIA GeForce RTX 3090,0,kernel,2,1.1,1.1244,1.1244,378.644,336.7,0,stream_triad,cuda,fp32,268435456,280,280,1.1244,378.644,336.7,336.7,901943132160,802.14,kernel,kernel,0,NVIDIA GeForce RTX 3090,13000,0,0,0,0,1950,9501,62,4,sweep;repeats=50;passes=280;grid=2624;block=256;dtype=fp32,0.000105178888888889
2025-10-13T12:22:12,rock-tobefilledbyoem,NVIDIA GeForce RTX 3090,0,kernel,3,1.1,1.1244,1.1244,379.075,337.1,0,stream_triad,cuda,fp32,268435456,280,280,1.1244,379.075,337.1,337.1,901943132160,802.12,kernel,kernel,0,NVIDIA GeForce RTX 3090,13000,0,0,0,0,1950,9501,62,4,sweep;repeats=50;passes=280;grid=2624;block=256;dtype=fp32,0.000105298611111111
2025-10-13T12:22:13,rock-tobefilledbyoem,NVIDIA GeForce RTX 3090,0,kernel,4,1.1,1.1243,1.1243,415.731,369.8,0,stream_triad,cuda,fp32,268435456,280,280,1.1243,415.731,369.8,369.8,901943132160,802.24,kernel,kernel,0,NVIDIA GeForce RTX 3090,13000,0,0,0,0,1950,9501,62,4,sweep;repeats=50;passes=280;grid=2624;block=256;dtype=fp32,0.000115480833333333
2025-10-13T12:22:14,rock-tobefilledbyoem,NVIDIA GeForce RTX 3090,0,kernel,5,1.1,1.1245,1.1245,381.716,339.4,0,stream_triad,cuda,fp32,268435456,280,280,1.1245,381.716,339.4,339.4,901943132160,802.05,kernel,kernel,0,NVIDIA GeForce RTX 3090,13000,0,0,0,0,1950,9501,62,4,sweep;repeats=50;passes=280;grid=2624;block=256;dtype=fp32,0.000106032222222222
2025-10-13T12:22:15,rock-tobefilledbyoem,NVIDIA GeForce RTX 3090,0,kernel,6,1.1,1.1244,1.1244,380.756,338.6,0,stream_triad,cuda,fp32,268435456,280,280,1.1244,380.756,338.6,338.6,901943132160,802.18,kernel,kernel,0,NVIDIA GeForce RTX 3090,13000,0,0,0,0,1950,9501,62,4,sweep;repeats=50;passes=280;grid=2624;block=256;dtype=fp32,0.000105765555555556
2025-10-13T12:22:16,rock-tobefilledbyoem,NVIDIA GeForce RTX 3090,0,kernel,7,1.1,1.1245,1.1245,377.813,336,0,stream_triad,cuda,fp32,268435456,280,280,1.1245,377.813,336,336,901943132160,802.09,kernel,kernel,0,NVIDIA GeForce RTX 3090,13000,0,0,0,0,1950,9501,62,4,sweep;repeats=50;passes=280;grid=2624;block=256;dtype=fp32,0.000104948055555556
2025-10-13T12:22:18,rock-tobefilledbyoem,NVIDIA GeForce RTX 3090,0,kernel,8,1.1,1.1245,1.1245,415.98,369.9,0,stream_triad,cuda,fp32,268435456,280,280,1.1245,415.98,369.9,369.9,901943132160,802.11,kernel,kernel,0,NVIDIA GeForce RTX 3090,13000,0,0,0,0,1950,9501,62,4,sweep;repeats=50;passes=280;grid=2624;block=256;dtype=fp32,0.00011555
2025-10-13T12:22:19,rock-tobefilledbyoem,NVIDIA GeForce RTX 3090,0,kernel,9,1.1,1.1244,1.1244,377.934,336.1,0,stream_triad,cuda,fp32,268435456,280,280,1.1244,377.934,336.1,336.1,901943132160,802.17,kernel,kernel,0,NVIDIA GeForce RTX 3090,13000,0,0,0,0,1950,9501,62,4,sweep;repeats=50;passes=280;grid=2624;block=256;dtype=fp32,0.000104981666666667
2025-10-13T12:22:20,rock-tobefilledbyoem,NVIDIA GeForce RTX 3090,0,kernel,10,1.1,1.1244,1.1244,380.195,338.1,0,stream_triad,cuda,fp32,268435456,280,280,1.1244,380.195,338.1,338.1,901943132160,802.14,kernel,kernel,0,NVIDIA GeForce RTX 3090,13000,0,0,0,0,1950,9501,62,4,sweep;repeats=50;passes=280;grid=2624;block=256;dtype=fp32,0.000105609722222222
2025-10-13T12:22:21,rock-tobefilledbyoem,NVIDIA GeForce RTX 3090,0,kernel,11,1.1,1.1246,1.1246,412.77,367,0,stream_triad,cuda,fp32,268435456,280,280,1.1246,412.77,367,367,901943132160,802,kernel,kernel,0,NVIDIA GeForce RTX 3090,13000,0,0,0,0,1950,9501,62,4,sweep;repeats=50;passes=280;grid=2624;block=256;dtype=fp32,0.000114658333333333
2025-10-13T12:22:22,rock-tobefilledbyoem,NVIDIA GeForce RTX 3090,0,kernel,12,1.1,1.1244,1.1244,380.635,338.5,0,stream_triad,cuda,fp32,268435456,280,280,1.1244,380.635,338.5,338.5,901943132160,802.12,kernel,kernel,0,NVIDIA GeForce RTX 3090,13000,0,0,0,0,1950,9501,62,4,sweep;repeats=50;passes=280;grid=2624;block=256;dtype=fp32,0.000105731944444444
2025-10-13T12:22:23,rock-tobefilledbyoem,NVIDIA GeForce RTX 3090,0,kernel,13,1.1,1.1246,1.1246,377.6,335.8,0,stream_triad,cuda,fp32,268435456,280,280,1.1246,377.6,335.8,335.8,901943132160,802.04,kernel,kernel,0,NVIDIA GeForce RTX 3090,13000,0,0,0,0,1950,9501,62,4,sweep;repeats=50;passes=280;grid=2624;block=256;dtype=fp32,0.000104888888888889
2025-10-13T12:22:24,rock-tobefilledbyoem,NVIDIA GeForce RTX 3090,0,kernel,14,1.1,1.1246,1.1246,415.389,369.4,0,stream_triad,cuda,fp32,268435456,280,280,1.1246,415.389,369.4,369.4,901943132160,801.99,kernel,kernel,0,NVIDIA GeForce RTX 3090,13000,0,0,0,0,1950,9501,62,4,sweep;repeats=50;passes=280;grid=2624;block=256;dtype=fp32,0.000115385833333333
2025-10-13T12:22:25,rock-tobefilledbyoem,NVIDIA GeForce RTX 3090,0,kernel,15,1.1,1.1245,1.1245,381.89,339.6,0,stream_triad,cuda,fp32,268435456,280,280,1.1245,381.89,339.6,339.6,901943132160,802.06,kernel,kernel,0,NVIDIA GeForce RTX 3090,13000,0,0,0,0,1950,9501,62,4,sweep;repeats=50;passes=280;grid=2624;block=256;dtype=fp32,0.000106080555555556
2025-10-13T12:22:27,rock-tobefilledbyoem,NVIDIA GeForce RTX 3090,0,kernel,16,1.1,1.1245,1.1245,380.615,338.5,0,stream_triad,cuda,fp32,268435456,280,280,1.1245,380.615,338.5,338.5,901943132160,802.08,kernel,kernel,0,NVIDIA GeForce RTX 3090,13000,0,0,0,0,1950,9501,62,4,sweep;repeats=50;passes=280;grid=2624;block=256;dtype=fp32,0.000105726388888889
2025-10-13T12:22:28,rock-tobefilledbyoem,NVIDIA GeForce RTX 3090,0,kernel,17,1.1,1.1245,1.1245,377.29,335.5,0,stream_triad,cuda,fp32,268435456,280,280,1.1245,377.29,335.5,335.5,901943132160,802.1,kernel,kernel,0,NVIDIA GeForce RTX 3090,13000,0,0,0,0,1950,9501,62,4,sweep;repeats=50;passes=280;grid=2624;block=256;dtype=fp32,0.000104802777777778
2025-10-13T12:22:29,rock-tobefilledbyoem,NVIDIA GeForce RTX 3090,0,kernel,18,1.1,1.1246,1.1246,415.915,369.8,0,stream_triad,cuda,fp32,268435456,280,280,1.1246,415.915,369.8,369.8,901943132160,802,kernel,kernel,0,NVIDIA GeForce RTX 3090,13000,0,0,0,0,1950,9501,62,4,sweep;repeats=50;passes=280;grid=2624;block=256;dtype=fp32,0.000115531944444444
2025-10-13T12:22:30,rock-tobefilledbyoem,NVIDIA GeForce RTX 3090,0,kernel,19,1.1,1.1245,1.1245,377.943,336.1,0,stream_triad,cuda,fp32,268435456,280,280,1.1245,377.943,336.1,336.1,901943132160,802.08,kernel,kernel,0,NVIDIA GeForce RTX 3090,13000,0,0,0,0,1950,9501,62,4,sweep;repeats=50;passes=280;grid=2624;block=256;dtype=fp32,0.000104984166666667
2025-10-13T12:22:31,rock-tobefilledbyoem,NVIDIA GeForce RTX 3090,0,kernel,20,1.1,1.1244,1.1244,380.047,338,0,stream_triad,cuda,fp32,268435456,280,280,1.1244,380.047,338,338,901943132160,802.15,kernel,kernel,0,NVIDIA GeForce RTX 3090,13000,0,0,0,0,1950,9501,62,4,sweep;repeats=50;passes=280;grid=2624;block=256;dtype=fp32,0.000105568611111111
2025-10-13T12:22:32,rock-tobefilledbyoem,NVIDIA GeForce RTX 3090,0,kernel,21,1.1,1.1245,1.1245,412.318,366.7,0,stream_triad,cuda,fp32,268435456,280,280,1.1245,412.318,366.7,366.7,901943132160,802.08,kernel,kernel,0,NVIDIA GeForce RTX 3090,13000,0,0,0,0,1950,9501,62,4,sweep;repeats=50;passes=280;grid=2624;block=256;dtype=fp32,0.000114532777777778
2025-10-13T12:22:33,rock-tobefilledbyoem,NVIDIA GeForce RTX 3090,0,kernel,22,1.1,1.1244,1.1244,380.09,338,0,stream_triad,cuda,fp32,268435456,280,280,1.1244,380.09,338,338,901943132160,802.13,kernel,kernel,0,NVIDIA GeForce RTX 3090,13000,0,0,0,0,1950,9501,62,4,sweep;repeats=50;passes=280;grid=2624;block=256;dtype=fp32,0.000105580555555556
2025-10-13T12:22:34,rock-tobefilledbyoem,NVIDIA GeForce RTX 3090,0,kernel,23,1.1,1.1245,1.1245,377.066,335.3,0,stream_triad,cuda,fp32,268435456,280,280,1.1245,377.066,335.3,335.3,901943132160,802.11,kernel,kernel,0,NVIDIA GeForce RTX 3090,13000,0,0,0,0,1950,9501,62,4,sweep;repeats=50;passes=280;grid=2624;block=256;dtype=fp32,0.000104740555555556
2025-10-13T12:22:36,rock-tobefilledbyoem,NVIDIA GeForce RTX 3090,0,kernel,24,1.1,1.1244,1.1244,415.858,369.8,0,stream_triad,cuda,fp32,268435456,280,280,1.1244,415.858,369.8,369.8,901943132160,802.14,kernel,kernel,0,NVIDIA GeForce RTX 3090,13000,0,0,0,0,1950,9501,62,4,sweep;repeats=50;passes=280;grid=2624;block=256;dtype=fp32,0.000115516111111111
2025-10-13T12:22:37,rock-tobefilledbyoem,NVIDIA GeForce RTX 3090,0,kernel,25,1.1,1.1246,1.1246,382.064,339.7,0,stream_triad,cuda,fp32,268435456,280,280,1.1246,382.064,339.7,339.7,901943132160,802,kernel,kernel,0,NVIDIA GeForce RTX 3090,13000,0,0,0,0,1950,9501,62,4,sweep;repeats=50;passes=280;grid=2624;block=256;dtype=fp32,0.000106128888888889
2025-10-13T12:22:38,rock-tobefilledbyoem,NVIDIA GeForce RTX 3090,0,kernel,26,1.1,1.1244,1.1244,380.507,338.4,0,stream_triad,cuda,fp32,268435456,280,280,1.1244,380.507,338.4,338.4,901943132160,802.13,kernel,kernel,0,NVIDIA GeForce RTX 3090,13000,0,0,0,0,1950,9501,62,4,sweep;repeats=50;passes=280;grid=2624;block=256;dtype=fp32,0.000105696388888889
2025-10-13T12:22:39,rock-tobefilledbyoem,NVIDIA GeForce RTX 3090,0,kernel,27,1.1,1.1245,1.1245,377.876,336,0,stream_triad,cuda,fp32,268435456,280,280,1.1245,377.876,336,336,901943132160,802.05,kernel,kernel,0,NVIDIA GeForce RTX 3090,13000,0,0,0,0,1950,9501,62,4,sweep;repeats=50;passes=280;grid=2624;block=256;dtype=fp32,0.000104965555555556
2025-10-13T12:22:40,rock-tobefilledbyoem,NVIDIA GeForce RTX 3090,0,kernel,28,1.1,1.1244,1.1244,416.11,370.1,0,stream_triad,cuda,fp32,268435456,280,280,1.1244,416.11,370.1,370.1,901943132160,802.14,kernel,kernel,0,NVIDIA GeForce RTX 3090,13000,0,0,0,0,1950,9501,62,4,sweep;repeats=50;passes=280;grid=2624;block=256;dtype=fp32,0.000115586111111111
2025-10-13T12:22:41,rock-tobefilledbyoem,NVIDIA GeForce RTX 3090,0,kernel,29,1.1,1.1245,1.1245,377.773,336,0,stream_triad,cuda,fp32,268435456,280,280,1.1245,377.773,336,336,901943132160,802.12,kernel,kernel,0,NVIDIA GeForce RTX 3090,13000,0,0,0,0,1950,9501,62,4,sweep;repeats=50;passes=280;grid=2624;block=256;dtype=fp32,0.000104936944444444
2025-10-13T12:22:42,rock-tobefilledbyoem,NVIDIA GeForce RTX 3090,0,kernel,30,1.1,1.1245,1.1245,380.011,337.9,0,stream_triad,cuda,fp32,268435456,280,280,1.1245,380.011,337.9,337.9,901943132160,802.05,kernel,kernel,0,NVIDIA GeForce RTX 3090,13000,0,0,0,0,1950,9501,62,4,sweep;repeats=50;passes=280;grid=2624;block=256;dtype=fp32,0.000105558611111111
2025-10-13T12:22:44,rock-tobefilledbyoem,NVIDIA GeForce RTX 3090,0,kernel,31,1.1,1.1244,1.1244,412.444,366.8,0,stream_triad,cuda,fp32,268435456,280,280,1.1244,412.444,366.8,366.8,901943132160,802.13,kernel,kernel,0,NVIDIA GeForce RTX 3090,13000,0,0,0,0,1950,9501,62,4,sweep;repeats=50;passes=280;grid=2624;block=256;dtype=fp32,0.000114567777777778
2025-10-13T12:22:45,rock-tobefilledbyoem,NVIDIA GeForce RTX 3090,0,kernel,32,1.1,1.1245,1.1245,380.526,338.4,0,stream_triad,cuda,fp32,268435456,280,280,1.1245,380.526,338.4,338.4,901943132160,802.07,kernel,kernel,0,NVIDIA GeForce RTX 3090,13000,0,0,0,0,1950,9501,62,4,sweep;repeats=50;passes=280;grid=2624;block=256;dtype=fp32,0.000105701666666667
2025-10-13T12:22:46,rock-tobefilledbyoem,NVIDIA GeForce RTX 3090,0,kernel,33,1.1,1.1245,1.1245,377.499,335.7,0,stream_triad,cuda,fp32,268435456,280,280,1.1245,377.499,335.7,335.7,901943132160,802.09,kernel,kernel,0,NVIDIA GeForce RTX 3090,13000,0,0,0,0,1950,9501,62,4,sweep;repeats=50;passes=280;grid=2624;block=256;dtype=fp32,0.000104860833333333
2025-10-13T12:22:47,rock-tobefilledbyoem,NVIDIA GeForce RTX 3090,0,kernel,34,1.1,1.1245,1.1245,415.1,369.1,0,stream_triad,cuda,fp32,268435456,280,280,1.1245,415.1,369.1,369.1,901943132160,802.1,kernel,kernel,0,NVIDIA GeForce RTX 3090,13000,0,0,0,0,1950,9501,62,4,sweep;repeats=50;passes=280;grid=2624;block=256;dtype=fp32,0.000115305555555556
2025-10-13T12:22:48,rock-tobefilledbyoem,NVIDIA GeForce RTX 3090,0,kernel,35,1.1,1.1244,1.1244,381.551,339.3,0,stream_triad,cuda,fp32,268435456,280,280,1.1244,381.551,339.3,339.3,901943132160,802.17,kernel,kernel,0,NVIDIA GeForce RTX 3090,13000,0,0,0,0,1950,9501,62,4,sweep;repeats=50;passes=280;grid=2624;block=256;dtype=fp32,0.000105986388888889
2025-10-13T12:22:49,rock-tobefilledbyoem,NVIDIA GeForce RTX 3090,0,kernel,36,1.1,1.1245,1.1245,380.813,338.7,0,stream_triad,cuda,fp32,268435456,280,280,1.1245,380.813,338.7,338.7,901943132160,802.1,kernel,kernel,0,NVIDIA GeForce RTX 3090,13000,0,0,0,0,1950,9501,62,4,sweep;repeats=50;passes=280;grid=2624;block=256;dtype=fp32,0.000105781388888889
2025-10-13T12:22:50,rock-tobefilledbyoem,NVIDIA GeForce RTX 3090,0,kernel,37,1.1,1.1245,1.1245,377.779,335.9,0,stream_triad,cuda,fp32,268435456,280,280,1.1245,377.779,335.9,335.9,901943132160,802.05,kernel,kernel,0,NVIDIA GeForce RTX 3090,13000,0,0,0,0,1950,9501,62,4,sweep;repeats=50;passes=280;grid=2624;block=256;dtype=fp32,0.000104938611111111
2025-10-13T12:22:51,rock-tobefilledbyoem,NVIDIA GeForce RTX 3090,0,kernel,38,1.1,1.1244,1.1244,415.484,369.5,0,stream_triad,cuda,fp32,268435456,280,280,1.1244,415.484,369.5,369.5,901943132160,802.16,kernel,kernel,0,NVIDIA GeForce RTX 3090,13000,0,0,0,0,1950,9501,62,4,sweep;repeats=50;passes=280;grid=2624;block=256;dtype=fp32,0.000115412222222222
2025-10-13T12:22:53,rock-tobefilledbyoem,NVIDIA GeForce RTX 3090,0,kernel,39,1.1,1.1246,1.1246,377.087,335.3,0,stream_triad,cuda,fp32,268435456,280,280,1.1246,377.087,335.3,335.3,901943132160,801.99,kernel,kernel,0,NVIDIA GeForce RTX 3090,13000,0,0,0,0,1950,9501,62,4,sweep;repeats=50;passes=280;grid=2624;block=256;dtype=fp32,0.000104746388888889
2025-10-13T12:22:54,rock-tobefilledbyoem,NVIDIA GeForce RTX 3090,0,kernel,40,1.1,1.1244,1.1244,380.198,338.1,0,stream_triad,cuda,fp32,268435456,280,280,1.1244,380.198,338.1,338.1,901943132160,802.17,kernel,kernel,0,NVIDIA GeForce RTX 3090,13000,0,0,0,0,1950,9501,62,4,sweep;repeats=50;passes=280;grid=2624;block=256;dtype=fp32,0.000105610555555556
2025-10-13T12:22:55,rock-tobefilledbyoem,NVIDIA GeForce RTX 3090,0,kernel,41,1.1,1.1246,1.1246,412.123,366.5,0,stream_triad,cuda,fp32,268435456,280,280,1.1246,412.123,366.5,366.5,901943132160,802.04,kernel,kernel,0,NVIDIA GeForce RTX 3090,13000,0,0,0,0,1950,9501,62,4,sweep;repeats=50;passes=280;grid=2624;block=256;dtype=fp32,0.000114478611111111
2025-10-13T12:22:56,rock-tobefilledbyoem,NVIDIA GeForce RTX 3090,0,kernel,42,1.1,1.1247,1.1247,380.222,338.1,0,stream_triad,cuda,fp32,268435456,280,280,1.1247,380.222,338.1,338.1,901943132160,801.97,kernel,kernel,0,NVIDIA GeForce RTX 3090,13000,0,0,0,0,1950,9501,62,4,sweep;repeats=50;passes=280;grid=2624;block=256;dtype=fp32,0.000105617222222222
2025-10-13T12:22:57,rock-tobefilledbyoem,NVIDIA GeForce RTX 3090,0,kernel,43,1.1,1.1245,1.1245,376.68,335,0,stream_triad,cuda,fp32,268435456,280,280,1.1245,376.68,335,335,901943132160,802.09,kernel,kernel,0,NVIDIA GeForce RTX 3090,13000,0,0,0,0,1950,9501,62,4,sweep;repeats=50;passes=280;grid=2624;block=256;dtype=fp32,0.000104633333333333
2025-10-13T12:22:58,rock-tobefilledbyoem,NVIDIA GeForce RTX 3090,0,kernel,44,1.1,1.1245,1.1245,415.058,369.1,0,stream_triad,cuda,fp32,268435456,280,280,1.1245,415.058,369.1,369.1,901943132160,802.1,kernel,kernel,0,NVIDIA GeForce RTX 3090,13000,0,0,0,0,1950,9501,62,4,sweep;repeats=50;passes=280;grid=2624;block=256;dtype=fp32,0.000115293888888889
2025-10-13T12:22:59,rock-tobefilledbyoem,NVIDIA GeForce RTX 3090,0,kernel,45,1.1,1.1244,1.1244,380.61,338.5,0,stream_triad,cuda,fp32,268435456,280,280,1.1244,380.61,338.5,338.5,901943132160,802.12,kernel,kernel,0,NVIDIA GeForce RTX 3090,13000,0,0,0,0,1950,9501,62,4,sweep;repeats=50;passes=280;grid=2624;block=256;dtype=fp32,0.000105725
2025-10-13T12:23:00,rock-tobefilledbyoem,NVIDIA GeForce RTX 3090,0,kernel,46,1.1,1.1245,1.1245,380.591,338.5,0,stream_triad,cuda,fp32,268435456,280,280,1.1245,380.591,338.5,338.5,901943132160,802.11,kernel,kernel,0,NVIDIA GeForce RTX 3090,13000,0,0,0,0,1950,9501,62,4,sweep;repeats=50;passes=280;grid=2624;block=256;dtype=fp32,0.000105719722222222
2025-10-13T12:23:02,rock-tobefilledbyoem,NVIDIA GeForce RTX 3090,0,kernel,47,1.1,1.1246,1.1246,377.378,335.6,0,stream_triad,cuda,fp32,268435456,280,280,1.1246,377.378,335.6,335.6,901943132160,802.04,kernel,kernel,0,NVIDIA GeForce RTX 3090,13000,0,0,0,0,1950,9501,62,4,sweep;repeats=50;passes=280;grid=2624;block=256;dtype=fp32,0.000104827222222222
2025-10-13T12:23:03,rock-tobefilledbyoem,NVIDIA GeForce RTX 3090,0,kernel,48,1.1,1.1243,1.1243,416.137,370.1,0,stream_triad,cuda,fp32,268435456,280,280,1.1243,416.137,370.1,370.1,901943132160,802.22,kernel,kernel,0,NVIDIA GeForce RTX 3090,13000,0,0,0,0,1950,9501,62,4,sweep;repeats=50;passes=280;grid=2624;block=256;dtype=fp32,0.000115593611111111
2025-10-13T12:23:04,rock-tobefilledbyoem,NVIDIA GeForce RTX 3090,0,kernel,49,1.1,1.1244,1.1244,377.819,336,0,stream_triad,cuda,fp32,268435456,280,280,1.1244,377.819,336,336,901943132160,802.14,kernel,kernel,0,NVIDIA GeForce RTX 3090,13000,0,0,0,0,1950,9501,63,4,sweep;repeats=50;passes=280;grid=2624;block=256;dtype=fp32,0.000104949722222222
2025-10-13T12:23:11,rock-tobefilledbyoem,NVIDIA GeForce RTX 3090,0,kernel,0,1.1,1.1252,1.1252,376.712,334.8,0,stream_triad,cuda,fp32,536870912,135,135,1.1252,376.712,334.8,334.8,869730877440,772.98,kernel,kernel,0,NVIDIA GeForce RTX 3090,13000,0,0,0,0,1965,9501,61,4,sweep;repeats=50;passes=135;grid=2624;block=256;dtype=fp32,0.000104642222222222
2025-10-13T12:23:12,rock-tobefilledbyoem,NVIDIA GeForce RTX 3090,0,kernel,1,1.1,1.1245,1.1245,376.394,334.7,0,stream_triad,cuda,fp32,536870912,135,135,1.1245,376.394,334.7,334.7,869730877440,773.45,kernel,kernel,0,NVIDIA GeForce RTX 3090,13000,0,0,0,0,1965,9501,61,4,sweep;repeats=50;passes=135;grid=2624;block=256;dtype=fp32,0.000104553888888889
2025-10-13T12:23:13,rock-tobefilledbyoem,NVIDIA GeForce RTX 3090,0,kernel,2,1.1,1.1246,1.1246,414.262,368.3,0,stream_triad,cuda,fp32,536870912,135,135,1.1246,414.262,368.3,368.3,869730877440,773.34,kernel,kernel,0,NVIDIA GeForce RTX 3090,13000,0,0,0,0,1965,9501,61,4,sweep;repeats=50;passes=135;grid=2624;block=256;dtype=fp32,0.000115072777777778
2025-10-13T12:23:14,rock-tobefilledbyoem,NVIDIA GeForce RTX 3090,0,kernel,3,1.1,1.1243,1.1243,376.049,334.5,0,stream_triad,cuda,fp32,536870912,135,135,1.1243,376.049,334.5,334.5,869730877440,773.59,kernel,kernel,0,NVIDIA GeForce RTX 3090,13000,0,0,0,0,1965,9501,61,4,sweep;repeats=50;passes=135;grid=2624;block=256;dtype=fp32,0.000104458055555556
2025-10-13T12:23:15,rock-tobefilledbyoem,NVIDIA GeForce RTX 3090,0,kernel,4,1.1,1.1245,1.1245,378.631,336.7,0,stream_triad,cuda,fp32,536870912,135,135,1.1245,378.631,336.7,336.7,869730877440,773.45,kernel,kernel,0,NVIDIA GeForce RTX 3090,13000,0,0,0,0,1965,9501,61,4,sweep;repeats=50;passes=135;grid=2624;block=256;dtype=fp32,0.000105175277777778
2025-10-13T12:23:16,rock-tobefilledbyoem,NVIDIA GeForce RTX 3090,0,kernel,5,1.1,1.1247,1.1247,409.654,364.2,0,stream_triad,cuda,fp32,536870912,135,135,1.1247,409.654,364.2,364.2,869730877440,773.28,kernel,kernel,0,NVIDIA GeForce RTX 3090,13000,0,0,0,0,1965,9501,61,4,sweep;repeats=50;passes=135;grid=2624;block=256;dtype=fp32,0.000113792777777778
2025-10-13T12:23:17,rock-tobefilledbyoem,NVIDIA GeForce RTX 3090,0,kernel,6,1.1,1.1246,1.1246,377.463,335.7,0,stream_triad,cuda,fp32,536870912,135,135,1.1246,377.463,335.7,335.7,869730877440,773.4,kernel,kernel,0,NVIDIA GeForce RTX 3090,13000,0,0,0,0,1965,9501,61,4,sweep;repeats=50;passes=135;grid=2624;block=256;dtype=fp32,0.000104850833333333
2025-10-13T12:23:18,rock-tobefilledbyoem,NVIDIA GeForce RTX 3090,0,kernel,7,1.1,1.1243,1.1243,380.449,338.4,0,stream_triad,cuda,fp32,536870912,135,135,1.1243,380.449,338.4,338.4,869730877440,773.55,kernel,kernel,0,NVIDIA GeForce RTX 3090,13000,0,0,0,0,1965,9501,61,4,sweep;repeats=50;passes=135;grid=2624;block=256;dtype=fp32,0.000105680277777778
2025-10-13T12:23:20,rock-tobefilledbyoem,NVIDIA GeForce RTX 3090,0,kernel,8,1.1,1.1249,1.1249,412.234,366.5,0,stream_triad,cuda,fp32,536870912,135,135,1.1249,412.234,366.5,366.5,869730877440,773.15,kernel,kernel,0,NVIDIA GeForce RTX 3090,13000,0,0,0,0,1965,9501,61,4,sweep;repeats=50;passes=135;grid=2624;block=256;dtype=fp32,0.000114509444444444
2025-10-13T12:23:21,rock-tobefilledbyoem,NVIDIA GeForce RTX 3090,0,kernel,9,1.1,1.1248,1.1248,380.472,338.3,0,stream_triad,cuda,fp32,536870912,135,135,1.1248,380.472,338.3,338.3,869730877440,773.26,kernel,kernel,0,NVIDIA GeForce RTX 3090,13000,0,0,0,0,1965,9501,62,4,sweep;repeats=50;passes=135;grid=2624;block=256;dtype=fp32,0.000105686666666667
2025-10-13T12:23:22,rock-tobefilledbyoem,NVIDIA GeForce RTX 3090,0,kernel,10,1.1,1.1251,1.1251,374.916,333.2,0,stream_triad,cuda,fp32,536870912,135,135,1.1251,374.916,333.2,333.2,869730877440,773.03,kernel,kernel,0,NVIDIA GeForce RTX 3090,13000,0,0,0,0,1965,9501,62,4,sweep;repeats=50;passes=135;grid=2624;block=256;dtype=fp32,0.000104143333333333
2025-10-13T12:23:23,rock-tobefilledbyoem,NVIDIA GeForce RTX 3090,0,kernel,11,1.1,1.1245,1.1245,412.662,367,0,stream_triad,cuda,fp32,536870912,135,135,1.1245,412.662,367,367,869730877440,773.43,kernel,kernel,0,NVIDIA GeForce RTX 3090,13000,0,0,0,0,1965,9501,62,4,sweep;repeats=50;passes=135;grid=2624;block=256;dtype=fp32,0.000114628333333333
2025-10-13T12:23:24,rock-tobefilledbyoem,NVIDIA GeForce RTX 3090,0,kernel,12,1.1,1.1246,1.1246,379.81,337.7,0,stream_triad,cuda,fp32,536870912,135,135,1.1246,379.81,337.7,337.7,869730877440,773.37,kernel,kernel,0,NVIDIA GeForce RTX 3090,13000,0,0,0,0,1965,9501,62,4,sweep;repeats=50;passes=135;grid=2624;block=256;dtype=fp32,0.000105502777777778
2025-10-13T12:23:25,rock-tobefilledbyoem,NVIDIA GeForce RTX 3090,0,kernel,13,1.1,1.1244,1.1244,376.69,335,0,stream_triad,cuda,fp32,536870912,135,135,1.1244,376.69,335,335,869730877440,773.5,kernel,kernel,0,NVIDIA GeForce RTX 3090,13000,0,0,0,0,1965,9501,62,4,sweep;repeats=50;passes=135;grid=2624;block=256;dtype=fp32,0.000104636111111111
2025-10-13T12:23:26,rock-tobefilledbyoem,NVIDIA GeForce RTX 3090,0,kernel,14,1.1,1.1248,1.1248,414.064,368.1,0,stream_triad,cuda,fp32,536870912,135,135,1.1248,414.064,368.1,368.1,869730877440,773.21,kernel,kernel,0,NVIDIA GeForce RTX 3090,13000,0,0,0,0,1965,9501,62,4,sweep;repeats=50;passes=135;grid=2624;block=256;dtype=fp32,0.000115017777777778
2025-10-13T12:23:28,rock-tobefilledbyoem,NVIDIA GeForce RTX 3090,0,kernel,15,1.1,1.1248,1.1248,378.812,336.8,0,stream_triad,cuda,fp32,536870912,135,135,1.1248,378.812,336.8,336.8,869730877440,773.22,kernel,kernel,0,NVIDIA GeForce RTX 3090,13000,0,0,0,0,1965,9501,62,4,sweep;repeats=50;passes=135;grid=2624;block=256;dtype=fp32,0.000105225555555556
2025-10-13T12:23:29,rock-tobefilledbyoem,NVIDIA GeForce RTX 3090,0,kernel,16,1.1,1.1246,1.1246,377.69,335.8,0,stream_triad,cuda,fp32,536870912,135,135,1.1246,377.69,335.8,335.8,869730877440,773.35,kernel,kernel,0,NVIDIA GeForce RTX 3090,13000,0,0,0,0,1965,9501,62,4,sweep;repeats=50;passes=135;grid=2624;block=256;dtype=fp32,0.000104913888888889
2025-10-13T12:23:30,rock-tobefilledbyoem,NVIDIA GeForce RTX 3090,0,kernel,17,1.1,1.1246,1.1246,414.587,368.7,0,stream_triad,cuda,fp32,536870912,135,135,1.1246,414.587,368.7,368.7,869730877440,773.37,kernel,kernel,0,NVIDIA GeForce RTX 3090,13000,0,0,0,0,1965,9501,62,4,sweep;repeats=50;passes=135;grid=2624;block=256;dtype=fp32,0.000115163055555556
2025-10-13T12:23:31,rock-tobefilledbyoem,NVIDIA GeForce RTX 3090,0,kernel,18,1.1,1.1248,1.1248,380.972,338.7,0,stream_triad,cuda,fp32,536870912,135,135,1.1248,380.972,338.7,338.7,869730877440,773.27,kernel,kernel,0,NVIDIA GeForce RTX 3090,13000,0,0,0,0,1965,9501,62,4,sweep;repeats=50;passes=135;grid=2624;block=256;dtype=fp32,0.000105825555555556
2025-10-13T12:23:32,rock-tobefilledbyoem,NVIDIA GeForce RTX 3090,0,kernel,19,1.1,1.1242,1.1242,380.121,338.1,0,stream_triad,cuda,fp32,536870912,135,135,1.1242,380.121,338.1,338.1,869730877440,773.62,kernel,kernel,0,NVIDIA GeForce RTX 3090,13000,0,0,0,0,1965,9501,62,4,sweep;repeats=50;passes=135;grid=2624;block=256;dtype=fp32,0.000105589166666667
2025-10-13T12:23:33,rock-tobefilledbyoem,NVIDIA GeForce RTX 3090,0,kernel,20,1.1,1.1248,1.1248,376.081,334.4,0,stream_triad,cuda,fp32,536870912,135,135,1.1248,376.081,334.4,334.4,869730877440,773.25,kernel,kernel,0,NVIDIA GeForce RTX 3090,13000,0,0,0,0,1965,9501,62,4,sweep;repeats=50;passes=135;grid=2624;block=256;dtype=fp32,0.000104466944444444
2025-10-13T12:23:34,rock-tobefilledbyoem,NVIDIA GeForce RTX 3090,0,kernel,21,1.1,1.1244,1.1244,383.507,341.1,0,stream_triad,cuda,fp32,536870912,135,135,1.1244,383.507,341.1,341.1,869730877440,773.5,kernel,kernel,0,NVIDIA GeForce RTX 3090,13000,0,0,0,0,1965,9501,62,4,sweep;repeats=50;passes=135;grid=2624;block=256;dtype=fp32,0.000106529722222222
2025-10-13T12:23:35,rock-tobefilledbyoem,NVIDIA GeForce RTX 3090,0,kernel,22,1.1,1.1249,1.1249,375.202,333.5,0,stream_triad,cuda,fp32,536870912,135,135,1.1249,375.202,333.5,333.5,869730877440,773.14,kernel,kernel,0,NVIDIA GeForce RTX 3090,13000,0,0,0,0,1965,9501,62,4,sweep;repeats=50;passes=135;grid=2624;block=256;dtype=fp32,0.000104222777777778
2025-10-13T12:23:37,rock-tobefilledbyoem,NVIDIA GeForce RTX 3090,0,kernel,23,1.1,1.1246,1.1246,378.028,336.1,0,stream_triad,cuda,fp32,536870912,135,135,1.1246,378.028,336.1,336.1,869730877440,773.35,kernel,kernel,0,NVIDIA GeForce RTX 3090,13000,0,0,0,0,1965,9501,62,4,sweep;repeats=50;passes=135;grid=2624;block=256;dtype=fp32,0.000105007777777778
2025-10-13T12:23:38,rock-tobefilledbyoem,NVIDIA GeForce RTX 3090,0,kernel,24,1.1,1.1246,1.1246,415.125,369.1,0,stream_triad,cuda,fp32,536870912,135,135,1.1246,415.125,369.1,369.1,869730877440,773.38,kernel,kernel,0,NVIDIA GeForce RTX 3090,13000,0,0,0,0,1965,9501,62,4,sweep;repeats=50;passes=135;grid=2624;block=256;dtype=fp32,0.0001153125
2025-10-13T12:23:39,rock-tobefilledbyoem,NVIDIA GeForce RTX 3090,0,kernel,25,1.1,1.1252,1.1252,376.805,334.9,0,stream_triad,cuda,fp32,536870912,135,135,1.1252,376.805,334.9,334.9,869730877440,772.96,kernel,kernel,0,NVIDIA GeForce RTX 3090,13000,0,0,0,0,1965,9501,62,4,sweep;repeats=50;passes=135;grid=2624;block=256;dtype=fp32,0.000104668055555556
2025-10-13T12:23:40,rock-tobefilledbyoem,NVIDIA GeForce RTX 3090,0,kernel,26,1.1,1.1245,1.1245,379.328,337.3,0,stream_triad,cuda,fp32,536870912,135,135,1.1245,379.328,337.3,337.3,869730877440,773.46,kernel,kernel,0,NVIDIA GeForce RTX 3090,13000,0,0,0,0,1950,9501,62,4,sweep;repeats=50;passes=135;grid=2624;block=256;dtype=fp32,0.000105368888888889
2025-10-13T12:23:41,rock-tobefilledbyoem,NVIDIA GeForce RTX 3090,0,kernel,27,1.1,1.1245,1.1245,410.059,364.7,0,stream_triad,cuda,fp32,536870912,135,135,1.1245,410.059,364.7,364.7,869730877440,773.42,kernel,kernel,0,NVIDIA GeForce RTX 3090,13000,0,0,0,0,1965,9501,62,4,sweep;repeats=50;passes=135;grid=2624;block=256;dtype=fp32,0.000113905277777778
2025-10-13T12:23:42,rock-tobefilledbyoem,NVIDIA GeForce RTX 3090,0,kernel,28,1.1,1.1243,1.1243,378.434,336.6,0,stream_triad,cuda,fp32,536870912,135,135,1.1243,378.434,336.6,336.6,869730877440,773.59,kernel,kernel,0,NVIDIA GeForce RTX 3090,13000,0,0,0,0,1965,9501,62,4,sweep;repeats=50;passes=135;grid=2624;block=256;dtype=fp32,0.000105120555555556
2025-10-13T12:23:43,rock-tobefilledbyoem,NVIDIA GeForce RTX 3090,0,kernel,29,1.1,1.1243,1.1243,379.684,337.7,0,stream_triad,cuda,fp32,536870912,135,135,1.1243,379.684,337.7,337.7,869730877440,773.59,kernel,kernel,0,NVIDIA GeForce RTX 3090,13000,0,0,0,0,1950,9501,62,4,sweep;repeats=50;passes=135;grid=2624;block=256;dtype=fp32,0.000105467777777778
2025-10-13T12:23:44,rock-tobefilledbyoem,NVIDIA GeForce RTX 3090,0,kernel,30,1.1,1.1243,1.1243,410.967,365.5,0,stream_triad,cuda,fp32,536870912,135,135,1.1243,410.967,365.5,365.5,869730877440,773.55,kernel,kernel,0,NVIDIA GeForce RTX 3090,13000,0,0,0,0,1965,9501,62,4,sweep;repeats=50;passes=135;grid=2624;block=256;dtype=fp32,0.0001141575
2025-10-13T12:23:46,rock-tobefilledbyoem,NVIDIA GeForce RTX 3090,0,kernel,31,1.1,1.1246,1.1246,378.482,336.6,0,stream_triad,cuda,fp32,536870912,135,135,1.1246,378.482,336.6,336.6,869730877440,773.4,kernel,kernel,0,NVIDIA GeForce RTX 3090,13000,0,0,0,0,1965,9501,62,4,sweep;repeats=50;passes=135;grid=2624;block=256;dtype=fp32,0.000105133888888889
2025-10-13T12:23:47,rock-tobefilledbyoem,NVIDIA GeForce RTX 3090,0,kernel,32,1.1,1.1247,1.1247,380.312,338.1,0,stream_triad,cuda,fp32,536870912,135,135,1.1247,380.312,338.1,338.1,869730877440,773.27,kernel,kernel,0,NVIDIA GeForce RTX 3090,13000,0,0,0,0,1965,9501,62,4,sweep;repeats=50;passes=135;grid=2624;block=256;dtype=fp32,0.000105642222222222
2025-10-13T12:23:48,rock-tobefilledbyoem,NVIDIA GeForce RTX 3090,0,kernel,33,1.1,1.1247,1.1247,411.999,366.3,0,stream_triad,cuda,fp32,536870912,135,135,1.1247,411.999,366.3,366.3,869730877440,773.3,kernel,kernel,0,NVIDIA GeForce RTX 3090,13000,0,0,0,0,1965,9501,62,4,sweep;repeats=50;passes=135;grid=2624;block=256;dtype=fp32,0.000114444166666667
2025-10-13T12:23:49,rock-tobefilledbyoem,NVIDIA GeForce RTX 3090,0,kernel,34,1.1,1.1244,1.1244,380.383,338.3,0,stream_triad,cuda,fp32,536870912,135,135,1.1244,380.383,338.3,338.3,869730877440,773.51,kernel,kernel,0,NVIDIA GeForce RTX 3090,13000,0,0,0,0,1965,9501,62,4,sweep;repeats=50;passes=135;grid=2624;block=256;dtype=fp32,0.000105661944444444
2025-10-13T12:23:50,rock-tobefilledbyoem,NVIDIA GeForce RTX 3090,0,kernel,35,1.1,1.1246,1.1246,377.142,335.3,0,stream_triad,cuda,fp32,536870912,135,135,1.1246,377.142,335.3,335.3,869730877440,773.35,kernel,kernel,0,NVIDIA GeForce RTX 3090,13000,0,0,0,0,1965,9501,62,4,sweep;repeats=50;passes=135;grid=2624;block=256;dtype=fp32,0.000104761666666667
2025-10-13T12:23:51,rock-tobefilledbyoem,NVIDIA GeForce RTX 3090,0,kernel,36,1.1,1.1243,1.1243,414.998,369.1,0,stream_triad,cuda,fp32,536870912,135,135,1.1243,414.998,369.1,369.1,869730877440,773.57,kernel,kernel,0,NVIDIA GeForce RTX 3090,13000,0,0,0,0,1965,9501,62,4,sweep;repeats=50;passes=135;grid=2624;block=256;dtype=fp32,0.000115277222222222
2025-10-13T12:23:52,rock-tobefilledbyoem,NVIDIA GeForce RTX 3090,0,kernel,37,1.1,1.1244,1.1244,380.329,338.2,0,stream_triad,cuda,fp32,536870912,135,135,1.1244,380.329,338.2,338.2,869730877440,773.5,kernel,kernel,0,NVIDIA GeForce RTX 3090,13000,0,0,0,0,1950,9501,62,4,sweep;repeats=50;passes=135;grid=2624;block=256;dtype=fp32,0.000105646944444444
2025-10-13T12:23:54,rock-tobefilledbyoem,NVIDIA GeForce RTX 3090,0,kernel,38,1.1,1.1247,1.1247,379.825,337.7,0,stream_triad,cuda,fp32,536870912,135,135,1.1247,379.825,337.7,337.7,869730877440,773.28,kernel,kernel,0,NVIDIA GeForce RTX 3090,13000,0,0,0,0,1965,9501,62,4,sweep;repeats=50;passes=135;grid=2624;block=256;dtype=fp32,0.000105506944444444
2025-10-13T12:23:55,rock-tobefilledbyoem,NVIDIA GeForce RTX 3090,0,kernel,39,1.1,1.1249,1.1249,410.579,365,0,stream_triad,cuda,fp32,536870912,135,135,1.1249,410.579,365,365,869730877440,773.18,kernel,kernel,0,NVIDIA GeForce RTX 3090,13000,0,0,0,0,1965,9501,62,4,sweep;repeats=50;passes=135;grid=2624;block=256;dtype=fp32,0.000114049722222222
2025-10-13T12:23:56,rock-tobefilledbyoem,NVIDIA GeForce RTX 3090,0,kernel,40,1.1,1.1247,1.1247,381.56,339.3,0,stream_triad,cuda,fp32,536870912,135,135,1.1247,381.56,339.3,339.3,869730877440,773.3,kernel,kernel,0,NVIDIA GeForce RTX 3090,13000,0,0,0,0,1965,9501,62,4,sweep;repeats=50;passes=135;grid=2624;block=256;dtype=fp32,0.000105988888888889
2025-10-13T12:23:57,rock-tobefilledbyoem,NVIDIA GeForce RTX 3090,0,kernel,41,1.1,1.1244,1.1244,380.748,338.6,0,stream_triad,cuda,fp32,536870912,135,135,1.1244,380.748,338.6,338.6,869730877440,773.51,kernel,kernel,0,NVIDIA GeForce RTX 3090,13000,0,0,0,0,1965,9501,62,4,sweep;repeats=50;passes=135;grid=2624;block=256;dtype=fp32,0.000105763333333333
2025-10-13T12:23:58,rock-tobefilledbyoem,NVIDIA GeForce RTX 3090,0,kernel,42,1.1,1.1247,1.1247,376.857,335.1,0,stream_triad,cuda,fp32,536870912,135,135,1.1247,376.857,335.1,335.1,869730877440,773.33,kernel,kernel,0,NVIDIA GeForce RTX 3090,13000,0,0,0,0,1965,9501,62,4,sweep;repeats=50;passes=135;grid=2624;block=256;dtype=fp32,0.0001046825
2025-10-13T12:23:59,rock-tobefilledbyoem,NVIDIA GeForce RTX 3090,0,kernel,43,1.1,1.1248,1.1248,415.216,369.1,0,stream_triad,cuda,fp32,536870912,135,135,1.1248,415.216,369.1,369.1,869730877440,773.21,kernel,kernel,0,NVIDIA GeForce RTX 3090,13000,0,0,0,0,1965,9501,62,4,sweep;repeats=50;passes=135;grid=2624;block=256;dtype=fp32,0.000115337777777778
2025-10-13T12:24:00,rock-tobefilledbyoem,NVIDIA GeForce RTX 3090,0,kernel,44,1.1,1.1244,1.1244,375.427,333.9,0,stream_triad,cuda,fp32,536870912,135,135,1.1244,375.427,333.9,333.9,869730877440,773.53,kernel,kernel,0,NVIDIA GeForce RTX 3090,13000,0,0,0,0,1950,9501,62,4,sweep;repeats=50;passes=135;grid=2624;block=256;dtype=fp32,0.000104285277777778
2025-10-13T12:24:01,rock-tobefilledbyoem,NVIDIA GeForce RTX 3090,0,kernel,45,1.1,1.1246,1.1246,377.789,335.9,0,stream_triad,cuda,fp32,536870912,135,135,1.1246,377.789,335.9,335.9,869730877440,773.39,kernel,kernel,0,NVIDIA GeForce RTX 3090,13000,0,0,0,0,1965,9501,62,4,sweep;repeats=50;passes=135;grid=2624;block=256;dtype=fp32,0.000104941388888889
2025-10-13T12:24:03,rock-tobefilledbyoem,NVIDIA GeForce RTX 3090,0,kernel,46,1.1,1.125,1.125,414.468,368.4,0,stream_triad,cuda,fp32,536870912,135,135,1.125,414.468,368.4,368.4,869730877440,773.09,kernel,kernel,0,NVIDIA GeForce RTX 3090,13000,0,0,0,0,1965,9501,62,4,sweep;repeats=50;passes=135;grid=2624;block=256;dtype=fp32,0.00011513
2025-10-13T12:24:04,rock-tobefilledbyoem,NVIDIA GeForce RTX 3090,0,kernel,47,1.1,1.1249,1.1249,376.42,334.6,0,stream_triad,cuda,fp32,536870912,135,135,1.1249,376.42,334.6,334.6,869730877440,773.17,kernel,kernel,0,NVIDIA GeForce RTX 3090,13000,0,0,0,0,1965,9501,62,4,sweep;repeats=50;passes=135;grid=2624;block=256;dtype=fp32,0.000104561111111111
2025-10-13T12:24:05,rock-tobefilledbyoem,NVIDIA GeForce RTX 3090,0,kernel,48,1.1,1.1247,1.1247,379.771,337.7,0,stream_triad,cuda,fp32,536870912,135,135,1.1247,379.771,337.7,337.7,869730877440,773.28,kernel,kernel,0,NVIDIA GeForce RTX 3090,13000,0,0,0,0,1950,9501,62,4,sweep;repeats=50;passes=135;grid=2624;block=256;dtype=fp32,0.000105491944444444
2025-10-13T12:24:06,rock-tobefilledbyoem,NVIDIA GeForce RTX 3090,0,kernel,49,1.1,1.1245,1.1245,410.852,365.4,0,stream_triad,cuda,fp32,536870912,135,135,1.1245,410.852,365.4,365.4,869730877440,773.44,kernel,kernel,0,NVIDIA GeForce RTX 3090,13000,0,0,0,0,1950,9501,62,4,sweep;repeats=50;passes=135;grid=2624;block=256;dtype=fp32,0.000114125555555556
