schema_version,timestamp,session_id,sequence_index,run_id_global,repetition,workload,implementation,execution_mode,device_name,num_threads,problem_size,problem_spec,batches,e2e_time_s,kernel_time_s,wall_time_s,device_energy_j,total_energy_j,dram_energy_j,energy_per_op_j,energy_per_second_j,energy_per_flop_j,time_per_op_ms_kernel,time_per_op_ms_e2e,flops_total,gflops_per_s,logical_bytes_per_op,avg_power_w,runtime_status,pcie_gen,pcie_width,sm_clock_mhz,clock_before_mhz,clock_after_mhz,mem_clock_mhz,temp_c,temp_before_c,temp_after_c,throttle_reasons,cpu_cycles,cpu_instructions,cpu_ipc,cpu_cache_misses,checksum_ok
cpu-gpu-v2,2026-07-18T16:07:30,"20260718_092807_session2",1,1,1,"GEMM","openblas_sgemm",cpu_native,"Intel(R) Core(TM) i9-7900X CPU @ 3.30GHz",4,128,"N=128",167,1.002019,1.002019,1.002019,42.617262,42.617262,0.000000,2.551932e-01,42.531412,6.084280e-08,6.000111,6.000111,7.004488e+08,0.70,1.966080e+05,42.53,in_range,,,,1496,1519,,86,84,86,,-1,-1,-1.000000,-1,t
cpu-gpu-v2,2026-07-18T16:07:31,"20260718_092807_session2",2,2,2,"GEMM","openblas_sgemm",cpu_native,"Intel(R) Core(TM) i9-7900X CPU @ 3.30GHz",4,128,"N=128",167,1.166796,1.166796,1.166796,50.002923,50.002923,0.000000,2.994187e-01,42.854910,7.138698e-08,6.986800,6.986800,7.004488e+08,0.60,1.966080e+05,42.85,in_range,,,,1529,1529,,87,86,87,,-1,-1,-1.000000,-1,t
cpu-gpu-v2,2026-07-18T16:07:32,"20260718_092807_session2",3,3,3,"GEMM","openblas_sgemm",cpu_native,"Intel(R) Core(TM) i9-7900X CPU @ 3.30GHz",4,128,"N=128",167,1.098386,1.098386,1.098386,46.460880,46.460880,0.000000,2.782089e-01,42.299239,6.633016e-08,6.577160,6.577160,7.004488e+08,0.64,1.966080e+05,42.30,in_range,,,,1529,1496,,87,87,84,,-1,-1,-1.000000,-1,t
cpu-gpu-v2,2026-07-18T16:07:34,"20260718_092807_session2",4,4,4,"GEMM","openblas_sgemm",cpu_native,"Intel(R) Core(TM) i9-7900X CPU @ 3.30GHz",4,128,"N=128",167,1.971054,1.971054,1.971054,86.281396,86.281396,0.000000,5.166551e-01,43.774242,1.231802e-07,11.802719,11.802719,7.004488e+08,0.36,1.966080e+05,43.77,above,,,,1530,1529,,87,84,87,,-1,-1,-1.000000,-1,t
cpu-gpu-v2,2026-07-18T16:07:36,"20260718_092807_session2",5,5,5,"GEMM","openblas_sgemm",cpu_native,"Intel(R) Core(TM) i9-7900X CPU @ 3.30GHz",4,128,"N=128",167,1.993449,1.993449,1.993449,86.426292,86.426292,0.000000,5.175227e-01,43.355154,1.233870e-07,11.936821,11.936821,7.004488e+08,0.35,1.966080e+05,43.36,above,,,,1530,1530,,87,87,87,,-1,-1,-1.000000,-1,t
cpu-gpu-v2,2026-07-18T16:07:38,"20260718_092807_session2",6,6,6,"GEMM","openblas_sgemm",cpu_native,"Intel(R) Core(TM) i9-7900X CPU @ 3.30GHz",4,128,"N=128",167,1.949472,1.949472,1.949472,84.092863,84.092863,0.000000,5.035501e-01,43.136222,1.200557e-07,11.673486,11.673486,7.004488e+08,0.36,1.966080e+05,43.14,above,,,,1491,1646,,87,87,84,,-1,-1,-1.000000,-1,t
cpu-gpu-v2,2026-07-18T16:07:39,"20260718_092807_session2",7,7,7,"GEMM","openblas_sgemm",cpu_native,"Intel(R) Core(TM) i9-7900X CPU @ 3.30GHz",4,128,"N=128",167,1.068404,1.068404,1.068404,46.984681,46.984681,0.000000,2.813454e-01,43.976519,6.707797e-08,6.397628,6.397628,7.004488e+08,0.66,1.966080e+05,43.98,in_range,,,,1680,1529,,87,84,87,,-1,-1,-1.000000,-1,t
cpu-gpu-v2,2026-07-18T16:07:40,"20260718_092807_session2",8,8,8,"GEMM","openblas_sgemm",cpu_native,"Intel(R) Core(TM) i9-7900X CPU @ 3.30GHz",4,128,"N=128",167,1.277881,1.277881,1.277881,56.553261,56.553261,0.000000,3.386423e-01,44.255508,8.073861e-08,7.651980,7.651980,7.004488e+08,0.55,1.966080e+05,44.26,above,,,,1624,1529,,88,87,88,,-1,-1,-1.000000,-1,t
cpu-gpu-v2,2026-07-18T16:07:41,"20260718_092807_session2",9,9,9,"GEMM","openblas_sgemm",cpu_native,"Intel(R) Core(TM) i9-7900X CPU @ 3.30GHz",4,128,"N=128",167,1.020522,1.020522,1.020522,43.931406,43.931406,0.000000,2.630623e-01,43.047994,6.271894e-08,6.110908,6.110908,7.004488e+08,0.69,1.966080e+05,43.05,in_range,,,,1499,1496,,88,88,84,,-1,-1,-1.000000,-1,t
cpu-gpu-v2,2026-07-18T16:07:42,"20260718_092807_session2",10,10,10,"GEMM","openblas_sgemm",cpu_native,"Intel(R) Core(TM) i9-7900X CPU @ 3.30GHz",4,128,"N=128",167,1.165475,1.165475,1.165475,50.860771,50.860771,0.000000,3.045555e-01,43.639509,7.261169e-08,6.978894,6.978894,7.004488e+08,0.60,1.966080e+05,43.64,in_range,,,,1491,1530,,89,84,89,,-1,-1,-1.000000,-1,t
cpu-gpu-v2,2026-07-18T16:07:48,"20260718_092807_session2",11,11,1,"GEMM","openblas_sgemm",cpu_native,"Intel(R) Core(TM) i9-7900X CPU @ 3.30GHz",16,4096,"N=4096",2,1.788004,1.788004,1.788004,98.809867,98.937178,0.127311,4.946859e+01,55.333871,3.599314e-10,894.001954,894.001954,2.748779e+11,153.73,2.013266e+08,55.33,above,,,,1530,1530,,89,89,89,,-1,-1,-1.000000,-1,t
cpu-gpu-v2,2026-07-18T16:07:50,"20260718_092807_session2",12,12,2,"GEMM","openblas_sgemm",cpu_native,"Intel(R) Core(TM) i9-7900X CPU @ 3.30GHz",16,4096,"N=4096",2,1.787458,1.787458,1.787458,98.362053,98.483015,0.120962,4.924151e+01,55.096695,3.582791e-10,893.728887,893.728887,2.748779e+11,153.78,2.013266e+08,55.10,above,,,,1491,1529,,90,89,90,,-1,-1,-1.000000,-1,t
cpu-gpu-v2,2026-07-18T16:07:52,"20260718_092807_session2",13,13,3,"GEMM","openblas_sgemm",cpu_native,"Intel(R) Core(TM) i9-7900X CPU @ 3.30GHz",16,4096,"N=4096",2,1.769810,1.769810,1.769810,97.341487,97.455350,0.113863,4.872767e+01,55.065419,3.545405e-10,884.905194,884.905194,2.748779e+11,155.31,2.013266e+08,55.07,above,,,,1529,1685,,90,90,89,,-1,-1,-1.000000,-1,t
cpu-gpu-v2,2026-07-18T16:07:53,"20260718_092807_session2",14,14,4,"GEMM","openblas_sgemm",cpu_native,"Intel(R) Core(TM) i9-7900X CPU @ 3.30GHz",16,4096,"N=4096",2,1.779556,1.779556,1.779556,99.641469,99.754092,0.112623,4.987705e+01,56.055596,3.629033e-10,889.778184,889.778184,2.748779e+11,154.46,2.013266e+08,56.06,above,,,,1645,1529,,90,89,90,,-1,-1,-1.000000,-1,t
cpu-gpu-v2,2026-07-18T16:07:55,"20260718_092807_session2",15,15,5,"GEMM","openblas_sgemm",cpu_native,"Intel(R) Core(TM) i9-7900X CPU @ 3.30GHz",16,4096,"N=4096",2,1.810736,1.810736,1.810736,98.710502,98.839573,0.129071,4.941979e+01,54.585294,3.595763e-10,905.368156,905.368156,2.748779e+11,151.80,2.013266e+08,54.59,above,,,,1511,1530,,90,90,89,,-1,-1,-1.000000,-1,t
cpu-gpu-v2,2026-07-18T16:07:57,"20260718_092807_session2",16,16,6,"GEMM","openblas_sgemm",cpu_native,"Intel(R) Core(TM) i9-7900X CPU @ 3.30GHz",16,4096,"N=4096",2,1.762959,1.762959,1.762959,98.170769,98.296412,0.125643,4.914821e+01,55.756483,3.576003e-10,881.479662,881.479662,2.748779e+11,155.92,2.013266e+08,55.76,above,,,,1530,1685,,89,89,89,,-1,-1,-1.000000,-1,t
cpu-gpu-v2,2026-07-18T16:07:59,"20260718_092807_session2",17,17,7,"GEMM","openblas_sgemm",cpu_native,"Intel(R) Core(TM) i9-7900X CPU @ 3.30GHz",16,4096,"N=4096",2,1.779737,1.779737,1.779737,99.932056,100.038315,0.106259,5.001916e+01,56.209610,3.639373e-10,889.868431,889.868431,2.748779e+11,154.45,2.013266e+08,56.21,above,,,,1680,1685,,90,89,90,,-1,-1,-1.000000,-1,t
cpu-gpu-v2,2026-07-18T16:08:01,"20260718_092807_session2",18,18,8,"GEMM","openblas_sgemm",cpu_native,"Intel(R) Core(TM) i9-7900X CPU @ 3.30GHz",16,4096,"N=4096",2,1.740597,1.740597,1.740597,98.679312,98.788691,0.109379,4.939435e+01,56.755649,3.593912e-10,870.298306,870.298306,2.748779e+11,157.92,2.013266e+08,56.76,above,,,,1680,1951,,90,90,89,,-1,-1,-1.000000,-1,t
cpu-gpu-v2,2026-07-18T16:08:02,"20260718_092807_session2",19,19,9,"GEMM","openblas_sgemm",cpu_native,"Intel(R) Core(TM) i9-7900X CPU @ 3.30GHz",16,4096,"N=4096",2,1.744550,1.744550,1.744550,97.385615,97.495378,0.109763,4.874769e+01,55.885701,3.546861e-10,872.274800,872.274800,2.748779e+11,157.56,2.013266e+08,55.89,above,,,,1659,1832,,89,89,89,,-1,-1,-1.000000,-1,t
cpu-gpu-v2,2026-07-18T16:08:04,"20260718_092807_session2",20,20,10,"GEMM","openblas_sgemm",cpu_native,"Intel(R) Core(TM) i9-7900X CPU @ 3.30GHz",16,4096,"N=4096",2,1.838525,1.838525,1.838525,102.532758,102.632667,0.099909,5.131633e+01,55.823365,3.733755e-10,919.262637,919.262637,2.748779e+11,149.51,2.013266e+08,55.82,above,,,,1681,1685,,91,89,91,,-1,-1,-1.000000,-1,t
cpu-gpu-v2,2026-07-18T16:10:30,"20260718_092807_session2",21,21,1,"GEMM","openblas_sgemm",cpu_native,"Intel(R) Core(TM) i9-7900X CPU @ 3.30GHz",20,16384,"N=16384",1,48.376760,48.376760,48.376760,2777.821013,2782.723179,4.902166,2.782723e+03,57.521900,3.163590e-10,48376.760131,48376.760131,8.796093e+12,181.82,3.221225e+09,57.52,above,,,,1685,1975,,90,89,90,,-1,-1,-1.000000,-1,t
cpu-gpu-v2,2026-07-18T16:11:19,"20260718_092807_session2",22,22,2,"GEMM","openblas_sgemm",cpu_native,"Intel(R) Core(TM) i9-7900X CPU @ 3.30GHz",20,16384,"N=16384",1,48.455533,48.455533,48.455533,2781.114829,2786.473516,5.358687,2.786474e+03,57.505786,3.167854e-10,48455.533061,48455.533061,8.796093e+12,181.53,3.221225e+09,57.51,above,,,,1975,1665,,90,90,90,,-1,-1,-1.000000,-1,t
cpu-gpu-v2,2026-07-18T16:12:07,"20260718_092807_session2",23,23,3,"GEMM","openblas_sgemm",cpu_native,"Intel(R) Core(TM) i9-7900X CPU @ 3.30GHz",20,16384,"N=16384",1,48.512960,48.512960,48.512960,2814.802914,2820.121454,5.318540,2.820121e+03,58.131301,3.206107e-10,48512.959794,48512.959794,8.796093e+12,181.31,3.221225e+09,58.13,above,,,,1659,1684,,90,90,88,,-1,-1,-1.000000,-1,t
cpu-gpu-v2,2026-07-18T16:12:56,"20260718_092807_session2",24,24,4,"GEMM","openblas_sgemm",cpu_native,"Intel(R) Core(TM) i9-7900X CPU @ 3.30GHz",20,16384,"N=16384",1,48.466605,48.466605,48.466605,2798.494606,2803.626945,5.132339,2.803627e+03,57.846572,3.187355e-10,48466.604811,48466.604811,8.796093e+12,181.49,3.221225e+09,57.85,above,,,,1637,1657,,89,88,89,,-1,-1,-1.000000,-1,t
cpu-gpu-v2,2026-07-18T16:13:44,"20260718_092807_session2",25,25,5,"GEMM","openblas_sgemm",cpu_native,"Intel(R) Core(TM) i9-7900X CPU @ 3.30GHz",20,16384,"N=16384",1,48.545017,48.545017,48.545017,2810.194100,2815.614401,5.420301,2.815614e+03,58.000071,3.200983e-10,48545.016670,48545.016670,8.796093e+12,181.19,3.221225e+09,58.00,above,,,,1663,1802,,89,89,88,,-1,-1,-1.000000,-1,t
cpu-gpu-v2,2026-07-18T16:14:33,"20260718_092807_session2",26,26,6,"GEMM","openblas_sgemm",cpu_native,"Intel(R) Core(TM) i9-7900X CPU @ 3.30GHz",20,16384,"N=16384",1,48.589136,48.589136,48.589136,2805.728657,2811.601409,5.872752,2.811601e+03,57.864816,3.196421e-10,48589.135715,48589.135715,8.796093e+12,181.03,3.221225e+09,57.86,above,,,,1616,1685,,88,88,87,,-1,-1,-1.000000,-1,t
cpu-gpu-v2,2026-07-18T16:15:21,"20260718_092807_session2",27,27,7,"GEMM","openblas_sgemm",cpu_native,"Intel(R) Core(TM) i9-7900X CPU @ 3.30GHz",20,16384,"N=16384",1,48.353557,48.353557,48.353557,2782.649249,2788.094045,5.444796,2.788094e+03,57.660578,3.169696e-10,48353.556715,48353.556715,8.796093e+12,181.91,3.221225e+09,57.66,above,,,,1639,1676,,89,87,89,,-1,-1,-1.000000,-1,t
cpu-gpu-v2,2026-07-18T16:16:10,"20260718_092807_session2",28,28,8,"GEMM","openblas_sgemm",cpu_native,"Intel(R) Core(TM) i9-7900X CPU @ 3.30GHz",20,16384,"N=16384",1,48.332015,48.332015,48.332015,2783.932570,2788.855314,4.922744,2.788855e+03,57.702029,3.170561e-10,48332.014614,48332.014614,8.796093e+12,181.99,3.221225e+09,57.70,above,,,,1676,1685,,90,89,90,,-1,-1,-1.000000,-1,t
cpu-gpu-v2,2026-07-18T16:16:58,"20260718_092807_session2",29,29,9,"GEMM","openblas_sgemm",cpu_native,"Intel(R) Core(TM) i9-7900X CPU @ 3.30GHz",20,16384,"N=16384",1,48.288884,48.288884,48.288884,2781.016807,2785.552615,4.535808,2.785553e+03,57.685173,3.166807e-10,48288.883874,48288.883874,8.796093e+12,182.16,3.221225e+09,57.69,above,,,,1636,1685,,90,90,89,,-1,-1,-1.000000,-1,t
cpu-gpu-v2,2026-07-18T16:17:47,"20260718_092807_session2",30,30,10,"GEMM","openblas_sgemm",cpu_native,"Intel(R) Core(TM) i9-7900X CPU @ 3.30GHz",20,16384,"N=16384",1,48.559506,48.559506,48.559506,2792.046685,2797.624040,5.577355,2.797624e+03,57.612284,3.180530e-10,48559.505536,48559.505536,8.796093e+12,181.14,3.221225e+09,57.61,above,,,,1642,1681,,90,89,90,,-1,-1,-1.000000,-1,t
cpu-gpu-v2,2026-07-18T16:18:03,"20260718_092807_session2",31,31,1,"GEMM","openblas_sgemm",cpu_native,"Intel(R) Core(TM) i9-7900X CPU @ 3.30GHz",2,8192,"N=8192",1,5.392134,5.392134,5.392134,310.241149,310.484496,0.243347,3.104845e+02,57.581003,2.823840e-10,5392.134221,5392.134221,1.099512e+12,203.91,8.053064e+08,57.58,above,,,,1479,1479,,94,94,92,,-1,-1,-1.000000,-1,t
cpu-gpu-v2,2026-07-18T16:18:09,"20260718_092807_session2",32,32,2,"GEMM","openblas_sgemm",cpu_native,"Intel(R) Core(TM) i9-7900X CPU @ 3.30GHz",2,8192,"N=8192",1,5.396603,5.396603,5.396603,314.917041,315.206272,0.289231,3.152063e+02,58.408270,2.866784e-10,5396.603461,5396.603461,1.099512e+12,203.74,8.053064e+08,58.41,above,,,,1518,1633,,92,92,92,,-1,-1,-1.000000,-1,t
cpu-gpu-v2,2026-07-18T16:18:14,"20260718_092807_session2",33,33,3,"GEMM","openblas_sgemm",cpu_native,"Intel(R) Core(TM) i9-7900X CPU @ 3.30GHz",2,8192,"N=8192",1,5.404982,5.404982,5.404982,318.695412,318.980849,0.285437,3.189808e+02,59.016078,2.901114e-10,5404.982120,5404.982120,1.099512e+12,203.43,8.053064e+08,59.02,above,,,,1664,1635,,93,92,93,,-1,-1,-1.000000,-1,t
cpu-gpu-v2,2026-07-18T16:18:20,"20260718_092807_session2",34,34,4,"GEMM","openblas_sgemm",cpu_native,"Intel(R) Core(TM) i9-7900X CPU @ 3.30GHz",2,8192,"N=8192",1,5.399626,5.399626,5.399626,321.565155,321.859757,0.294602,3.218598e+02,59.607791,2.927297e-10,5399.625646,5399.625646,1.099512e+12,203.63,8.053064e+08,59.61,above,,,,1661,1635,,93,93,93,,-1,-1,-1.000000,-1,t
cpu-gpu-v2,2026-07-18T16:18:25,"20260718_092807_session2",35,35,5,"GEMM","openblas_sgemm",cpu_native,"Intel(R) Core(TM) i9-7900X CPU @ 3.30GHz",2,8192,"N=8192",1,5.393757,5.393757,5.393757,313.923207,314.219690,0.296483,3.142197e+02,58.256185,2.857811e-10,5393.756692,5393.756692,1.099512e+12,203.85,8.053064e+08,58.26,above,,,,1685,1635,,93,93,93,,-1,-1,-1.000000,-1,t
cpu-gpu-v2,2026-07-18T16:18:30,"20260718_092807_session2",36,36,6,"GEMM","openblas_sgemm",cpu_native,"Intel(R) Core(TM) i9-7900X CPU @ 3.30GHz",2,8192,"N=8192",1,5.397087,5.397087,5.397087,317.754924,318.042564,0.287640,3.180426e+02,58.928557,2.892580e-10,5397.087232,5397.087232,1.099512e+12,203.72,8.053064e+08,58.93,above,,,,1652,1635,,94,93,94,,-1,-1,-1.000000,-1,t
cpu-gpu-v2,2026-07-18T16:18:36,"20260718_092807_session2",37,37,7,"GEMM","openblas_sgemm",cpu_native,"Intel(R) Core(TM) i9-7900X CPU @ 3.30GHz",2,8192,"N=8192",1,5.396754,5.396754,5.396754,318.326639,318.594603,0.267964,3.185946e+02,59.034489,2.897601e-10,5396.753779,5396.753779,1.099512e+12,203.74,8.053064e+08,59.03,above,,,,1671,1635,,94,94,94,,-1,-1,-1.000000,-1,t
cpu-gpu-v2,2026-07-18T16:18:41,"20260718_092807_session2",38,38,8,"GEMM","openblas_sgemm",cpu_native,"Intel(R) Core(TM) i9-7900X CPU @ 3.30GHz",2,8192,"N=8192",1,5.394581,5.394581,5.394581,318.037455,318.303079,0.265624,3.183031e+02,59.004228,2.894950e-10,5394.580846,5394.580846,1.099512e+12,203.82,8.053064e+08,59.00,above,,,,1786,1635,,94,94,94,,-1,-1,-1.000000,-1,t
cpu-gpu-v2,2026-07-18T16:18:47,"20260718_092807_session2",39,39,9,"GEMM","openblas_sgemm",cpu_native,"Intel(R) Core(TM) i9-7900X CPU @ 3.30GHz",2,8192,"N=8192",1,5.396648,5.396648,5.396648,317.393230,317.660720,0.267490,3.176607e+02,58.862599,2.889107e-10,5396.647893,5396.647893,1.099512e+12,203.74,8.053064e+08,58.86,above,,,,1635,1631,,94,94,94,,-1,-1,-1.000000,-1,t
cpu-gpu-v2,2026-07-18T16:18:52,"20260718_092807_session2",40,40,10,"GEMM","openblas_sgemm",cpu_native,"Intel(R) Core(TM) i9-7900X CPU @ 3.30GHz",2,8192,"N=8192",1,5.396027,5.396027,5.396027,316.900068,317.152533,0.252465,3.171525e+02,58.775193,2.884485e-10,5396.027114,5396.027114,1.099512e+12,203.76,8.053064e+08,58.78,above,,,,1681,1631,,94,94,94,,-1,-1,-1.000000,-1,t
cpu-gpu-v2,2026-07-18T16:18:56,"20260718_092807_session2",41,41,1,"GEMM","openblas_sgemm",cpu_native,"Intel(R) Core(TM) i9-7900X CPU @ 3.30GHz",16,512,"N=512",11,1.076910,1.076910,1.076910,46.641543,46.641543,0.000000,4.240140e+00,43.310529,1.579575e-08,97.900913,97.900913,2.952790e+09,2.74,3.145728e+06,43.31,in_range,,,,1656,1685,,86,86,85,,-1,-1,-1.000000,-1,t
cpu-gpu-v2,2026-07-18T16:18:57,"20260718_092807_session2",42,42,2,"GEMM","openblas_sgemm",cpu_native,"Intel(R) Core(TM) i9-7900X CPU @ 3.30GHz",16,512,"N=512",11,1.130744,1.130744,1.130744,48.310118,48.310149,0.000031,4.391832e+00,42.724227,1.636085e-08,102.794878,102.794878,2.952790e+09,2.61,3.145728e+06,42.72,in_range,,,,1682,1685,,86,85,86,,-1,-1,-1.000000,-1,t
cpu-gpu-v2,2026-07-18T16:18:58,"20260718_092807_session2",43,43,3,"GEMM","openblas_sgemm",cpu_native,"Intel(R) Core(TM) i9-7900X CPU @ 3.30GHz",16,512,"N=512",11,1.078557,1.078557,1.078557,46.743777,46.743777,0.000000,4.249434e+00,43.339200,1.583038e-08,98.050594,98.050594,2.952790e+09,2.74,3.145728e+06,43.34,in_range,,,,1681,1685,,86,86,86,,-1,-1,-1.000000,-1,t
cpu-gpu-v2,2026-07-18T16:18:59,"20260718_092807_session2",44,44,4,"GEMM","openblas_sgemm",cpu_native,"Intel(R) Core(TM) i9-7900X CPU @ 3.30GHz",16,512,"N=512",11,1.059960,1.059960,1.059960,46.443485,46.443485,0.000000,4.222135e+00,43.816257,1.572868e-08,96.360011,96.360011,2.952790e+09,2.79,3.145728e+06,43.82,in_range,,,,1682,1685,,86,86,85,,-1,-1,-1.000000,-1,t
cpu-gpu-v2,2026-07-18T16:19:00,"20260718_092807_session2",45,45,5,"GEMM","openblas_sgemm",cpu_native,"Intel(R) Core(TM) i9-7900X CPU @ 3.30GHz",16,512,"N=512",11,1.067544,1.067544,1.067544,45.965214,45.965214,0.000000,4.178656e+00,43.056992,1.556671e-08,97.049414,97.049414,2.952790e+09,2.77,3.145728e+06,43.06,in_range,,,,1680,1680,,85,85,85,,-1,-1,-1.000000,-1,t
cpu-gpu-v2,2026-07-18T16:19:01,"20260718_092807_session2",46,46,6,"GEMM","openblas_sgemm",cpu_native,"Intel(R) Core(TM) i9-7900X CPU @ 3.30GHz",16,512,"N=512",11,1.065962,1.065962,1.065962,46.372378,46.372378,0.000000,4.215671e+00,43.502852,1.570460e-08,96.905618,96.905618,2.952790e+09,2.77,3.145728e+06,43.50,in_range,,,,1641,1685,,86,85,86,,-1,-1,-1.000000,-1,t
cpu-gpu-v2,2026-07-18T16:19:02,"20260718_092807_session2",47,47,7,"GEMM","openblas_sgemm",cpu_native,"Intel(R) Core(TM) i9-7900X CPU @ 3.30GHz",16,512,"N=512",11,1.050697,1.050697,1.050697,45.558172,45.558172,0.000000,4.141652e+00,43.359959,1.542886e-08,95.517895,95.517895,2.952790e+09,2.81,3.145728e+06,43.36,in_range,,,,1634,1685,,86,86,85,,-1,-1,-1.000000,-1,t
cpu-gpu-v2,2026-07-18T16:19:03,"20260718_092807_session2",48,48,8,"GEMM","openblas_sgemm",cpu_native,"Intel(R) Core(TM) i9-7900X CPU @ 3.30GHz",16,512,"N=512",11,1.075243,1.075243,1.075243,47.479188,47.479188,0.000000,4.316290e+00,44.156716,1.607943e-08,97.749340,97.749340,2.952790e+09,2.75,3.145728e+06,44.16,in_range,,,,1642,1681,,86,85,86,,-1,-1,-1.000000,-1,t
cpu-gpu-v2,2026-07-18T16:19:05,"20260718_092807_session2",49,49,9,"GEMM","openblas_sgemm",cpu_native,"Intel(R) Core(TM) i9-7900X CPU @ 3.30GHz",16,512,"N=512",11,1.082806,1.082806,1.082806,46.713930,46.713930,0.000000,4.246721e+00,43.141538,1.582027e-08,98.436937,98.436937,2.952790e+09,2.73,3.145728e+06,43.14,in_range,,,,1682,1685,,86,86,85,,-1,-1,-1.000000,-1,t
cpu-gpu-v2,2026-07-18T16:19:06,"20260718_092807_session2",50,50,10,"GEMM","openblas_sgemm",cpu_native,"Intel(R) Core(TM) i9-7900X CPU @ 3.30GHz",16,512,"N=512",11,1.067803,1.067803,1.067803,45.804631,45.804631,0.000000,4.164057e+00,42.896148,1.551232e-08,97.072990,97.072990,2.952790e+09,2.77,3.145728e+06,42.90,in_range,,,,1659,1685,,85,85,85,,-1,-1,-1.000000,-1,t
cpu-gpu-v2,2026-07-18T16:19:09,"20260718_092807_session2",51,51,1,"GEMM","openblas_sgemm",cpu_native,"Intel(R) Core(TM) i9-7900X CPU @ 3.30GHz",10,1024,"N=1024",12,0.913538,0.913538,0.913538,41.028642,41.028642,0.000000,3.419053e+00,44.911796,1.592121e-09,76.128184,76.128184,2.576980e+10,28.21,1.258291e+07,44.91,in_range,,,,1670,1684,,86,86,86,,-1,-1,-1.000000,-1,t
cpu-gpu-v2,2026-07-18T16:19:10,"20260718_092807_session2",52,52,2,"GEMM","openblas_sgemm",cpu_native,"Intel(R) Core(TM) i9-7900X CPU @ 3.30GHz",10,1024,"N=1024",12,0.899785,0.899785,0.899785,41.879165,41.879165,0.000000,3.489930e+00,46.543533,1.625125e-09,74.982070,74.982070,2.576980e+10,28.64,1.258291e+07,46.54,in_range,,,,1651,1625,,86,86,82,,-1,-1,-1.000000,-1,t
cpu-gpu-v2,2026-07-18T16:19:10,"20260718_092807_session2",53,53,3,"GEMM","openblas_sgemm",cpu_native,"Intel(R) Core(TM) i9-7900X CPU @ 3.30GHz",10,1024,"N=1024",12,0.879917,0.879917,0.879917,41.022966,41.022966,0.000000,3.418580e+00,46.621385,1.591901e-09,73.326447,73.326447,2.576980e+10,29.29,1.258291e+07,46.62,in_range,,,,1621,1685,,82,82,82,,-1,-1,-1.000000,-1,t
cpu-gpu-v2,2026-07-18T16:19:11,"20260718_092807_session2",54,54,4,"GEMM","openblas_sgemm",cpu_native,"Intel(R) Core(TM) i9-7900X CPU @ 3.30GHz",10,1024,"N=1024",12,0.750961,0.750961,0.750961,34.835360,34.835360,0.000000,2.902947e+00,46.387727,1.351790e-09,62.580058,62.580058,2.576980e+10,34.32,1.258291e+07,46.39,in_range,,,,1685,1935,,84,82,84,,-1,-1,-1.000000,-1,t
cpu-gpu-v2,2026-07-18T16:19:12,"20260718_092807_session2",55,55,5,"GEMM","openblas_sgemm",cpu_native,"Intel(R) Core(TM) i9-7900X CPU @ 3.30GHz",10,1024,"N=1024",12,0.907649,0.907649,0.907649,41.715896,41.715896,0.000000,3.476325e+00,45.960379,1.618790e-09,75.637424,75.637424,2.576980e+10,28.39,1.258291e+07,45.96,in_range,,,,1921,2040,,84,84,84,,-1,-1,-1.000000,-1,t
cpu-gpu-v2,2026-07-18T16:19:13,"20260718_092807_session2",56,56,6,"GEMM","openblas_sgemm",cpu_native,"Intel(R) Core(TM) i9-7900X CPU @ 3.30GHz",10,1024,"N=1024",12,1.104168,1.104168,1.104168,51.352651,51.352651,0.000000,4.279388e+00,46.507986,1.992745e-09,92.014039,92.014039,2.576980e+10,23.34,1.258291e+07,46.51,in_range,,,,2459,1685,,86,84,86,,-1,-1,-1.000000,-1,t
cpu-gpu-v2,2026-07-18T16:19:14,"20260718_092807_session2",57,57,7,"GEMM","openblas_sgemm",cpu_native,"Intel(R) Core(TM) i9-7900X CPU @ 3.30GHz",10,1024,"N=1024",12,0.917875,0.917875,0.917875,40.700641,40.700641,0.000000,3.391720e+00,44.342234,1.579393e-09,76.489607,76.489607,2.576980e+10,28.08,1.258291e+07,44.34,in_range,,,,1646,1685,,86,86,86,,-1,-1,-1.000000,-1,t
cpu-gpu-v2,2026-07-18T16:19:15,"20260718_092807_session2",58,58,8,"GEMM","openblas_sgemm",cpu_native,"Intel(R) Core(TM) i9-7900X CPU @ 3.30GHz",10,1024,"N=1024",12,0.925415,0.925415,0.925415,41.429276,41.429276,0.000000,3.452440e+00,44.768318,1.607667e-09,77.117923,77.117923,2.576980e+10,27.85,1.258291e+07,44.77,in_range,,,,1644,1658,,86,86,80,,-1,-1,-1.000000,-1,t
cpu-gpu-v2,2026-07-18T16:19:16,"20260718_092807_session2",59,59,9,"GEMM","openblas_sgemm",cpu_native,"Intel(R) Core(TM) i9-7900X CPU @ 3.30GHz",10,1024,"N=1024",12,1.060877,1.060877,1.060877,48.482969,48.482969,0.000000,4.040247e+00,45.700837,1.881387e-09,88.406420,88.406420,2.576980e+10,24.29,1.258291e+07,45.70,in_range,,,,2166,1685,,85,80,85,,-1,-1,-1.000000,-1,t
cpu-gpu-v2,2026-07-18T16:19:17,"20260718_092807_session2",60,60,10,"GEMM","openblas_sgemm",cpu_native,"Intel(R) Core(TM) i9-7900X CPU @ 3.30GHz",10,1024,"N=1024",12,1.065541,1.065541,1.065541,48.386716,48.386716,0.000000,4.032226e+00,45.410485,1.877652e-09,88.795050,88.795050,2.576980e+10,24.18,1.258291e+07,45.41,in_range,,,,1639,1685,,85,85,85,,-1,-1,-1.000000,-1,t
cpu-gpu-v2,2026-07-18T16:21:40,"20260718_092807_session2",61,61,1,"GEMM","openblas_sgemm",cpu_native,"Intel(R) Core(TM) i9-7900X CPU @ 3.30GHz",10,16384,"N=16384",1,47.254988,47.254988,47.254988,2715.334968,2719.473924,4.138956,2.719474e+03,57.548929,3.091684e-10,47254.987795,47254.987795,8.796093e+12,186.14,3.221225e+09,57.55,above,,,,1685,1685,,90,90,89,,-1,-1,-1.000000,-1,t
cpu-gpu-v2,2026-07-18T16:22:27,"20260718_092807_session2",62,62,2,"GEMM","openblas_sgemm",cpu_native,"Intel(R) Core(TM) i9-7900X CPU @ 3.30GHz",10,16384,"N=16384",1,47.413205,47.413205,47.413205,2754.744840,2759.217153,4.472313,2.759217e+03,58.195120,3.136867e-10,47413.204695,47413.204695,8.796093e+12,185.52,3.221225e+09,58.20,above,,,,1661,1684,,91,89,91,,-1,-1,-1.000000,-1,t
cpu-gpu-v2,2026-07-18T16:23:15,"20260718_092807_session2",63,63,3,"GEMM","openblas_sgemm",cpu_native,"Intel(R) Core(TM) i9-7900X CPU @ 3.30GHz",10,16384,"N=16384",1,47.414516,47.414516,47.414516,2729.998322,2734.297346,4.299024,2.734297e+03,57.667938,3.108536e-10,47414.515961,47414.515961,8.796093e+12,185.51,3.221225e+09,57.67,above,,,,1684,1685,,91,91,91,,-1,-1,-1.000000,-1,t
cpu-gpu-v2,2026-07-18T16:24:02,"20260718_092807_session2",64,64,4,"GEMM","openblas_sgemm",cpu_native,"Intel(R) Core(TM) i9-7900X CPU @ 3.30GHz",10,16384,"N=16384",1,47.277416,47.277416,47.277416,2726.266703,2730.832943,4.566240,2.730833e+03,57.761890,3.104598e-10,47277.416295,47277.416295,8.796093e+12,186.05,3.221225e+09,57.76,above,,,,1685,1685,,91,91,89,,-1,-1,-1.000000,-1,t
cpu-gpu-v2,2026-07-18T16:24:49,"20260718_092807_session2",65,65,5,"GEMM","openblas_sgemm",cpu_native,"Intel(R) Core(TM) i9-7900X CPU @ 3.30GHz",10,16384,"N=16384",1,47.467901,47.467901,47.467901,2757.748738,2762.807438,5.058700,2.762807e+03,58.203699,3.140948e-10,47467.900963,47467.900963,8.796093e+12,185.31,3.221225e+09,58.20,above,,,,1667,1685,,89,89,89,,-1,-1,-1.000000,-1,t
cpu-gpu-v2,2026-07-18T16:25:37,"20260718_092807_session2",66,66,6,"GEMM","openblas_sgemm",cpu_native,"Intel(R) Core(TM) i9-7900X CPU @ 3.30GHz",10,16384,"N=16384",1,47.291881,47.291881,47.291881,2746.964343,2751.631990,4.667647,2.751632e+03,58.184025,3.128243e-10,47291.881423,47291.881423,8.796093e+12,186.00,3.221225e+09,58.18,above,,,,1661,1685,,89,89,89,,-1,-1,-1.000000,-1,t
cpu-gpu-v2,2026-07-18T16:26:24,"20260718_092807_session2",67,67,7,"GEMM","openblas_sgemm",cpu_native,"Intel(R) Core(TM) i9-7900X CPU @ 3.30GHz",10,16384,"N=16384",1,47.465122,47.465122,47.465122,2739.027046,2743.901978,4.874932,2.743902e+03,57.808805,3.119455e-10,47465.121601,47465.121601,8.796093e+12,185.32,3.221225e+09,57.81,above,,,,1663,1685,,89,89,89,,-1,-1,-1.000000,-1,t
cpu-gpu-v2,2026-07-18T16:27:12,"20260718_092807_session2",68,68,8,"GEMM","openblas_sgemm",cpu_native,"Intel(R) Core(TM) i9-7900X CPU @ 3.30GHz",10,16384,"N=16384",1,47.242663,47.242663,47.242663,2717.115969,2721.171999,4.056030,2.721172e+03,57.599886,3.093614e-10,47242.663118,47242.663118,8.796093e+12,186.19,3.221225e+09,57.60,above,,,,1671,1530,,91,89,91,,-1,-1,-1.000000,-1,t
cpu-gpu-v2,2026-07-18T16:27:59,"20260718_092807_session2",69,69,9,"GEMM","openblas_sgemm",cpu_native,"Intel(R) Core(TM) i9-7900X CPU @ 3.30GHz",10,16384,"N=16384",1,47.322511,47.322511,47.322511,2713.258252,2716.936632,3.678380,2.716937e+03,57.413196,3.088799e-10,47322.511394,47322.511394,8.796093e+12,185.88,3.221225e+09,57.41,above,,,,1528,1631,,91,91,89,,-1,-1,-1.000000,-1,t
cpu-gpu-v2,2026-07-18T16:28:46,"20260718_092807_session2",70,70,10,"GEMM","openblas_sgemm",cpu_native,"Intel(R) Core(TM) i9-7900X CPU @ 3.30GHz",10,16384,"N=16384",1,47.381462,47.381462,47.381462,2730.829618,2734.819001,3.989383,2.734819e+03,57.719177,3.109129e-10,47381.461977,47381.461977,8.796093e+12,185.64,3.221225e+09,57.72,above,,,,1785,1685,,90,89,90,,-1,-1,-1.000000,-1,t
cpu-gpu-v2,2026-07-18T16:28:49,"20260718_092807_session2",71,71,1,"GEMM","openblas_sgemm",cpu_native,"Intel(R) Core(TM) i9-7900X CPU @ 3.30GHz",10,256,"N=256",23,1.032510,1.032510,1.032510,45.093086,45.093086,0.000000,1.960569e+00,43.673258,5.842951e-08,44.891750,44.891750,7.717519e+08,0.75,7.864320e+05,43.67,in_range,,,,1685,1685,,86,86,86,,-1,-1,-1.000000,-1,t
cpu-gpu-v2,2026-07-18T16:28:50,"20260718_092807_session2",72,72,2,"GEMM","openblas_sgemm",cpu_native,"Intel(R) Core(TM) i9-7900X CPU @ 3.30GHz",10,256,"N=256",23,1.040953,1.040953,1.040953,45.397344,45.397344,0.000000,1.973798e+00,43.611312,5.882375e-08,45.258844,45.258844,7.717519e+08,0.74,7.864320e+05,43.61,in_range,,,,1642,1682,,86,86,85,,-1,-1,-1.000000,-1,t
cpu-gpu-v2,2026-07-18T16:28:51,"20260718_092807_session2",73,73,3,"GEMM","openblas_sgemm",cpu_native,"Intel(R) Core(TM) i9-7900X CPU @ 3.30GHz",10,256,"N=256",23,0.722887,0.722887,0.722887,30.721540,30.721540,0.000000,1.335719e+00,42.498420,3.980753e-08,31.429854,31.429854,7.717519e+08,1.07,7.864320e+05,42.50,below,,,,1647,1660,,85,85,85,,-1,-1,-1.000000,-1,t
cpu-gpu-v2,2026-07-18T16:28:52,"20260718_092807_session2",74,74,4,"GEMM","openblas_sgemm",cpu_native,"Intel(R) Core(TM) i9-7900X CPU @ 3.30GHz",10,256,"N=256",23,1.001348,1.001348,1.001348,43.893991,43.893991,0.000000,1.908434e+00,43.834916,5.687578e-08,43.536855,43.536855,7.717519e+08,0.77,7.864320e+05,43.83,in_range,,,,1632,1685,,86,85,86,,-1,-1,-1.000000,-1,t
cpu-gpu-v2,2026-07-18T16:28:53,"20260718_092807_session2",75,75,5,"GEMM","openblas_sgemm",cpu_native,"Intel(R) Core(TM) i9-7900X CPU @ 3.30GHz",10,256,"N=256",23,0.857527,0.857527,0.857527,36.495634,36.495634,0.000000,1.586767e+00,42.559181,4.728933e-08,37.283770,37.283770,7.717519e+08,0.90,7.864320e+05,42.56,in_range,,,,1655,1663,,86,86,86,,-1,-1,-1.000000,-1,t
cpu-gpu-v2,2026-07-18T16:28:54,"20260718_092807_session2",76,76,6,"GEMM","openblas_sgemm",cpu_native,"Intel(R) Core(TM) i9-7900X CPU @ 3.30GHz",10,256,"N=256",23,0.722134,0.722134,0.722134,30.465315,30.465315,0.000000,1.324579e+00,42.187868,3.947553e-08,31.397152,31.397152,7.717519e+08,1.07,7.864320e+05,42.19,below,,,,1636,1684,,86,86,86,,-1,-1,-1.000000,-1,t
cpu-gpu-v2,2026-07-18T16:28:54,"20260718_092807_session2",77,77,7,"GEMM","openblas_sgemm",cpu_native,"Intel(R) Core(TM) i9-7900X CPU @ 3.30GHz",10,256,"N=256",23,0.819279,0.819279,0.819279,35.884796,35.884796,0.000000,1.560209e+00,43.800440,4.649784e-08,35.620842,35.620842,7.717519e+08,0.94,7.864320e+05,43.80,in_range,,,,1637,1684,,86,86,86,,-1,-1,-1.000000,-1,t
cpu-gpu-v2,2026-07-18T16:28:55,"20260718_092807_session2",78,78,8,"GEMM","openblas_sgemm",cpu_native,"Intel(R) Core(TM) i9-7900X CPU @ 3.30GHz",10,256,"N=256",23,0.707970,0.707970,0.707970,30.907453,30.907453,0.000000,1.343802e+00,43.656420,4.004843e-08,30.781321,30.781321,7.717519e+08,1.09,7.864320e+05,43.66,below,,,,1678,1685,,86,86,85,,-1,-1,-1.000000,-1,t
cpu-gpu-v2,2026-07-18T16:28:56,"20260718_092807_session2",79,79,9,"GEMM","openblas_sgemm",cpu_native,"Intel(R) Core(TM) i9-7900X CPU @ 3.30GHz",10,256,"N=256",23,0.990329,0.990329,0.990329,42.806836,42.806836,0.000000,1.861167e+00,43.224860,5.546709e-08,43.057786,43.057786,7.717519e+08,0.78,7.864320e+05,43.22,in_range,,,,1616,1685,,85,85,84,,-1,-1,-1.000000,-1,t
cpu-gpu-v2,2026-07-18T16:28:57,"20260718_092807_session2",80,80,10,"GEMM","openblas_sgemm",cpu_native,"Intel(R) Core(TM) i9-7900X CPU @ 3.30GHz",10,256,"N=256",23,0.699405,0.699405,0.699405,29.449327,29.449327,0.000000,1.280406e+00,42.106281,3.815906e-08,30.408896,30.408896,7.717519e+08,1.10,7.864320e+05,42.11,below,,,,1653,1685,,84,84,84,,-1,-1,-1.000000,-1,t
cpu-gpu-v2,2026-07-18T16:31:16,"20260718_092807_session2",81,81,1,"GEMM","openblas_sgemm",cpu_native,"Intel(R) Core(TM) i9-7900X CPU @ 3.30GHz",16,16384,"N=16384",1,46.134936,46.134936,46.134936,2669.037906,2673.850169,4.812263,2.673850e+03,57.957167,3.039816e-10,46134.935610,46134.935610,8.796093e+12,190.66,3.221225e+09,57.96,above,,,,1685,1685,,92,92,89,,-1,-1,-1.000000,-1,t
cpu-gpu-v2,2026-07-18T16:32:02,"20260718_092807_session2",82,82,2,"GEMM","openblas_sgemm",cpu_native,"Intel(R) Core(TM) i9-7900X CPU @ 3.30GHz",16,16384,"N=16384",1,46.124778,46.124778,46.124778,2668.073126,2673.139721,5.066595,2.673140e+03,57.954528,3.039008e-10,46124.778043,46124.778043,8.796093e+12,190.70,3.221225e+09,57.95,above,,,,1646,1685,,90,89,90,,-1,-1,-1.000000,-1,t
cpu-gpu-v2,2026-07-18T16:32:48,"20260718_092807_session2",83,83,3,"GEMM","openblas_sgemm",cpu_native,"Intel(R) Core(TM) i9-7900X CPU @ 3.30GHz",16,16384,"N=16384",1,46.198279,46.198279,46.198279,2690.506906,2695.425474,4.918568,2.695425e+03,58.344716,3.064344e-10,46198.279333,46198.279333,8.796093e+12,190.40,3.221225e+09,58.34,above,,,,1814,1685,,90,90,89,,-1,-1,-1.000000,-1,t
cpu-gpu-v2,2026-07-18T16:33:34,"20260718_092807_session2",84,84,4,"GEMM","openblas_sgemm",cpu_native,"Intel(R) Core(TM) i9-7900X CPU @ 3.30GHz",16,16384,"N=16384",1,46.100890,46.100890,46.100890,2672.909234,2678.041175,5.131941,2.678041e+03,58.090878,3.044580e-10,46100.889880,46100.889880,8.796093e+12,190.80,3.221225e+09,58.09,above,,,,1655,1685,,91,89,91,,-1,-1,-1.000000,-1,t
cpu-gpu-v2,2026-07-18T16:34:21,"20260718_092807_session2",85,85,5,"GEMM","openblas_sgemm",cpu_native,"Intel(R) Core(TM) i9-7900X CPU @ 3.30GHz",16,16384,"N=16384",1,46.101258,46.101258,46.101258,2664.627883,2669.683936,5.056053,2.669684e+03,57.909134,3.035079e-10,46101.258236,46101.258236,8.796093e+12,190.80,3.221225e+09,57.91,above,,,,1685,1521,,91,91,89,,-1,-1,-1.000000,-1,t
cpu-gpu-v2,2026-07-18T16:35:07,"20260718_092807_session2",86,86,6,"GEMM","openblas_sgemm",cpu_native,"Intel(R) Core(TM) i9-7900X CPU @ 3.30GHz",16,16384,"N=16384",1,46.050490,46.050490,46.050490,2675.786424,2680.736051,4.949627,2.680736e+03,58.212976,3.047644e-10,46050.489670,46050.489670,8.796093e+12,191.01,3.221225e+09,58.21,above,,,,1529,1682,,90,89,90,,-1,-1,-1.000000,-1,t
cpu-gpu-v2,2026-07-18T16:35:53,"20260718_092807_session2",87,87,7,"GEMM","openblas_sgemm",cpu_native,"Intel(R) Core(TM) i9-7900X CPU @ 3.30GHz",16,16384,"N=16384",1,46.025581,46.025581,46.025581,2697.815848,2702.973463,5.157615,2.702973e+03,58.727633,3.072925e-10,46025.581239,46025.581239,8.796093e+12,191.11,3.221225e+09,58.73,above,,,,1752,1682,,90,90,89,,-1,-1,-1.000000,-1,t
cpu-gpu-v2,2026-07-18T16:36:39,"20260718_092807_session2",88,88,8,"GEMM","openblas_sgemm",cpu_native,"Intel(R) Core(TM) i9-7900X CPU @ 3.30GHz",16,16384,"N=16384",1,46.200081,46.200081,46.200081,2688.790480,2693.845171,5.054691,2.693845e+03,58.308235,3.062547e-10,46200.081222,46200.081222,8.796093e+12,190.39,3.221225e+09,58.31,above,,,,1632,1590,,90,89,90,,-1,-1,-1.000000,-1,t
cpu-gpu-v2,2026-07-18T16:37:25,"20260718_092807_session2",89,89,9,"GEMM","openblas_sgemm",cpu_native,"Intel(R) Core(TM) i9-7900X CPU @ 3.30GHz",16,16384,"N=16384",1,46.146825,46.146825,46.146825,2657.135288,2662.070104,4.934816,2.662070e+03,57.686961,3.026423e-10,46146.825404,46146.825404,8.796093e+12,190.61,3.221225e+09,57.69,above,,,,1675,1665,,91,90,91,,-1,-1,-1.000000,-1,t
cpu-gpu-v2,2026-07-18T16:38:11,"20260718_092807_session2",90,90,10,"GEMM","openblas_sgemm",cpu_native,"Intel(R) Core(TM) i9-7900X CPU @ 3.30GHz",16,16384,"N=16384",1,46.146043,46.146043,46.146043,2663.622881,2668.484961,4.862080,2.668485e+03,57.826951,3.033716e-10,46146.042815,46146.042815,8.796093e+12,190.61,3.221225e+09,57.83,above,,,,1665,1685,,92,91,92,,-1,-1,-1.000000,-1,t
cpu-gpu-v2,2026-07-18T16:38:15,"20260718_092807_session2",91,91,1,"GEMM","openblas_sgemm",cpu_native,"Intel(R) Core(TM) i9-7900X CPU @ 3.30GHz",2,2048,"N=2048",11,1.049739,1.049739,1.049739,59.231416,59.250250,0.018834,5.386386e+00,56.442830,3.135290e-10,95.430835,95.430835,1.889786e+11,180.02,5.033165e+07,56.44,in_range,,,,1635,1635,,90,90,90,,-1,-1,-1.000000,-1,t
cpu-gpu-v2,2026-07-18T16:38:16,"20260718_092807_session2",92,92,2,"GEMM","openblas_sgemm",cpu_native,"Intel(R) Core(TM) i9-7900X CPU @ 3.30GHz",2,2048,"N=2048",11,1.051561,1.051561,1.051561,59.667022,59.682980,0.015958,5.425725e+00,56.756557,3.158188e-10,95.596451,95.596451,1.889786e+11,179.71,5.033165e+07,56.76,in_range,,,,1641,1632,,91,90,91,,-1,-1,-1.000000,-1,t
cpu-gpu-v2,2026-07-18T16:38:17,"20260718_092807_session2",93,93,3,"GEMM","openblas_sgemm",cpu_native,"Intel(R) Core(TM) i9-7900X CPU @ 3.30GHz",2,2048,"N=2048",11,1.051031,1.051031,1.051031,60.286711,60.302746,0.016035,5.482068e+00,57.374857,3.190983e-10,95.548260,95.548260,1.889786e+11,179.80,5.033165e+07,57.37,in_range,,,,1682,1634,,91,91,90,,-1,-1,-1.000000,-1,t
cpu-gpu-v2,2026-07-18T16:38:18,"20260718_092807_session2",94,94,4,"GEMM","openblas_sgemm",cpu_native,"Intel(R) Core(TM) i9-7900X CPU @ 3.30GHz",2,2048,"N=2048",11,1.050204,1.050204,1.050204,59.286591,59.307766,0.021175,5.391615e+00,56.472616,3.138333e-10,95.473088,95.473088,1.889786e+11,179.94,5.033165e+07,56.47,in_range,,,,1684,1635,,90,90,90,,-1,-1,-1.000000,-1,t
cpu-gpu-v2,2026-07-18T16:38:19,"20260718_092807_session2",95,95,5,"GEMM","openblas_sgemm",cpu_native,"Intel(R) Core(TM) i9-7900X CPU @ 3.30GHz",2,2048,"N=2048",11,1.049529,1.049529,1.049529,57.816503,57.835200,0.018697,5.257745e+00,55.105839,3.060411e-10,95.411768,95.411768,1.889786e+11,180.06,5.033165e+07,55.11,in_range,,,,1685,1480,,90,90,90,,-1,-1,-1.000000,-1,t
cpu-gpu-v2,2026-07-18T16:38:20,"20260718_092807_session2",96,96,6,"GEMM","openblas_sgemm",cpu_native,"Intel(R) Core(TM) i9-7900X CPU @ 3.30GHz",2,2048,"N=2048",11,1.050051,1.050051,1.050051,59.467683,59.488797,0.021114,5.408072e+00,56.653227,3.147912e-10,95.459213,95.459213,1.889786e+11,179.97,5.033165e+07,56.65,in_range,,,,1530,1635,,90,90,90,,-1,-1,-1.000000,-1,t
cpu-gpu-v2,2026-07-18T16:38:21,"20260718_092807_session2",97,97,7,"GEMM","openblas_sgemm",cpu_native,"Intel(R) Core(TM) i9-7900X CPU @ 3.30GHz",2,2048,"N=2048",11,1.049634,1.049634,1.049634,58.766268,58.783175,0.016907,5.343925e+00,56.003476,3.110574e-10,95.421310,95.421310,1.889786e+11,180.04,5.033165e+07,56.00,in_range,,,,1632,1480,,90,90,90,,-1,-1,-1.000000,-1,t
cpu-gpu-v2,2026-07-18T16:38:22,"20260718_092807_session2",98,98,8,"GEMM","openblas_sgemm",cpu_native,"Intel(R) Core(TM) i9-7900X CPU @ 3.30GHz",2,2048,"N=2048",11,1.050203,1.050203,1.050203,58.672762,58.690495,0.017733,5.335500e+00,55.884884,3.105669e-10,95.473037,95.473037,1.889786e+11,179.94,5.033165e+07,55.88,in_range,,,,1477,1479,,90,90,90,,-1,-1,-1.000000,-1,t
cpu-gpu-v2,2026-07-18T16:38:23,"20260718_092807_session2",99,99,9,"GEMM","openblas_sgemm",cpu_native,"Intel(R) Core(TM) i9-7900X CPU @ 3.30GHz",2,2048,"N=2048",11,1.050663,1.050663,1.050663,57.931858,57.948673,0.016815,5.268061e+00,55.154394,3.066415e-10,95.514806,95.514806,1.889786e+11,179.87,5.033165e+07,55.15,in_range,,,,1479,1877,,90,90,86,,-1,-1,-1.000000,-1,t
cpu-gpu-v2,2026-07-18T16:38:24,"20260718_092807_session2",100,100,10,"GEMM","openblas_sgemm",cpu_native,"Intel(R) Core(TM) i9-7900X CPU @ 3.30GHz",2,2048,"N=2048",11,1.049554,1.049554,1.049554,58.529269,58.549067,0.019798,5.322642e+00,55.784700,3.098186e-10,95.414020,95.414020,1.889786e+11,180.06,5.033165e+07,55.78,in_range,,,,2025,1480,,90,86,90,,-1,-1,-1.000000,-1,t
cpu-gpu-v2,2026-07-18T16:38:28,"20260718_092807_session2",101,101,1,"GEMM","openblas_sgemm",cpu_native,"Intel(R) Core(TM) i9-7900X CPU @ 3.30GHz",1,256,"N=256",5767,1.000440,1.000440,1.000440,48.650998,48.650998,0.000000,8.436102e-03,48.629623,2.514154e-10,0.173477,0.173477,1.935084e+11,193.42,7.864320e+05,48.63,in_range,,,,1636,1618,,86,86,85,,-1,-1,-1.000000,-1,t
cpu-gpu-v2,2026-07-18T16:38:29,"20260718_092807_session2",102,102,2,"GEMM","openblas_sgemm",cpu_native,"Intel(R) Core(TM) i9-7900X CPU @ 3.30GHz",1,256,"N=256",5767,1.006114,1.006114,1.006114,48.886044,48.886044,0.000000,8.476859e-03,48.588993,2.526301e-10,0.174460,0.174460,1.935084e+11,192.33,7.864320e+05,48.59,in_range,,,,1618,1628,,86,85,86,,-1,-1,-1.000000,-1,t
cpu-gpu-v2,2026-07-18T16:38:30,"20260718_092807_session2",103,103,3,"GEMM","openblas_sgemm",cpu_native,"Intel(R) Core(TM) i9-7900X CPU @ 3.30GHz",1,256,"N=256",5767,1.005610,1.005610,1.005610,48.277953,48.277953,0.000000,8.371415e-03,48.008629,2.494876e-10,0.174373,0.174373,1.935084e+11,192.43,7.864320e+05,48.01,in_range,,,,1504,1621,,86,86,85,,-1,-1,-1.000000,-1,t
cpu-gpu-v2,2026-07-18T16:38:31,"20260718_092807_session2",104,104,4,"GEMM","openblas_sgemm",cpu_native,"Intel(R) Core(TM) i9-7900X CPU @ 3.30GHz",1,256,"N=256",5767,1.006006,1.006006,1.006006,50.122492,50.122492,0.000000,8.691259e-03,49.823236,2.590197e-10,0.174442,0.174442,1.935084e+11,192.35,7.864320e+05,49.82,in_range,,,,1206,1340,,86,85,86,,-1,-1,-1.000000,-1,t
cpu-gpu-v2,2026-07-18T16:38:32,"20260718_092807_session2",105,105,5,"GEMM","openblas_sgemm",cpu_native,"Intel(R) Core(TM) i9-7900X CPU @ 3.30GHz",1,256,"N=256",5767,1.010211,1.010211,1.010211,50.151300,50.151300,0.000000,8.696255e-03,49.644383,2.591686e-10,0.175171,0.175171,1.935084e+11,191.55,7.864320e+05,49.64,in_range,,,,1494,1340,,86,86,85,,-1,-1,-1.000000,-1,t
cpu-gpu-v2,2026-07-18T16:38:33,"20260718_092807_session2",106,106,6,"GEMM","openblas_sgemm",cpu_native,"Intel(R) Core(TM) i9-7900X CPU @ 3.30GHz",1,256,"N=256",5767,1.001516,1.001516,1.001516,49.662715,49.662715,0.000000,8.611534e-03,49.587524,2.566437e-10,0.173663,0.173663,1.935084e+11,193.22,7.864320e+05,49.59,in_range,,,,1332,1505,,85,85,85,,-1,-1,-1.000000,-1,t
cpu-gpu-v2,2026-07-18T16:38:34,"20260718_092807_session2",107,107,7,"GEMM","openblas_sgemm",cpu_native,"Intel(R) Core(TM) i9-7900X CPU @ 3.30GHz",1,256,"N=256",5767,1.003822,1.003822,1.003822,49.113522,49.113522,0.000000,8.516303e-03,48.926506,2.538056e-10,0.174063,0.174063,1.935084e+11,192.77,7.864320e+05,48.93,in_range,,,,1679,1495,,85,85,84,,-1,-1,-1.000000,-1,t
cpu-gpu-v2,2026-07-18T16:38:35,"20260718_092807_session2",108,108,8,"GEMM","openblas_sgemm",cpu_native,"Intel(R) Core(TM) i9-7900X CPU @ 3.30GHz",1,256,"N=256",5767,1.002093,1.002093,1.002093,49.943109,49.943109,0.000000,8.660154e-03,49.838803,2.580927e-10,0.173763,0.173763,1.935084e+11,193.10,7.864320e+05,49.84,in_range,,,,1485,1340,,86,84,86,,-1,-1,-1.000000,-1,t
cpu-gpu-v2,2026-07-18T16:38:36,"20260718_092807_session2",109,109,9,"GEMM","openblas_sgemm",cpu_native,"Intel(R) Core(TM) i9-7900X CPU @ 3.30GHz",1,256,"N=256",5767,1.003170,1.003170,1.003170,50.052545,50.052545,0.000000,8.679130e-03,49.894364,2.586582e-10,0.173950,0.173950,1.935084e+11,192.90,7.864320e+05,49.89,in_range,,,,1490,1340,,86,86,85,,-1,-1,-1.000000,-1,t
cpu-gpu-v2,2026-07-18T16:38:37,"20260718_092807_session2",110,110,10,"GEMM","openblas_sgemm",cpu_native,"Intel(R) Core(TM) i9-7900X CPU @ 3.30GHz",1,256,"N=256",5767,1.001820,1.001820,1.001820,48.363096,48.363096,0.000000,8.386179e-03,48.275243,2.499276e-10,0.173716,0.173716,1.935084e+11,193.16,7.864320e+05,48.28,in_range,,,,1337,1339,,86,85,86,,-1,-1,-1.000000,-1,t
cpu-gpu-v2,2026-07-18T16:38:39,"20260718_092807_session2",111,111,1,"GEMM","openblas_sgemm",cpu_native,"Intel(R) Core(TM) i9-7900X CPU @ 3.30GHz",1,64,"N=64",446698,1.000377,1.000377,1.000377,48.536802,48.536802,0.000000,1.086569e-04,48.518513,2.072465e-10,0.002239,0.002239,2.341984e+11,234.11,4.915200e+04,48.52,in_range,,,,1339,1339,,85,85,85,,-1,-1,-1.000000,-1,t
cpu-gpu-v2,2026-07-18T16:38:40,"20260718_092807_session2",112,112,2,"GEMM","openblas_sgemm",cpu_native,"Intel(R) Core(TM) i9-7900X CPU @ 3.30GHz",1,64,"N=64",446698,1.004559,1.004559,1.004559,48.732969,48.732969,0.000000,1.090960e-04,48.511807,2.080841e-10,0.002249,0.002249,2.341984e+11,233.14,4.915200e+04,48.51,in_range,,,,1342,1340,,85,85,84,,-1,-1,-1.000000,-1,t
cpu-gpu-v2,2026-07-18T16:38:41,"20260718_092807_session2",113,113,3,"GEMM","openblas_sgemm",cpu_native,"Intel(R) Core(TM) i9-7900X CPU @ 3.30GHz",1,64,"N=64",446698,1.002820,1.002820,1.002820,46.990724,46.990724,0.000000,1.051957e-04,46.858563,2.006449e-10,0.002245,0.002245,2.341984e+11,233.54,4.915200e+04,46.86,in_range,,,,1341,1450,,84,84,84,,-1,-1,-1.000000,-1,t
cpu-gpu-v2,2026-07-18T16:38:42,"20260718_092807_session2",114,114,4,"GEMM","openblas_sgemm",cpu_native,"Intel(R) Core(TM) i9-7900X CPU @ 3.30GHz",1,64,"N=64",446698,1.005497,1.005497,1.005497,48.819211,48.819211,0.000000,1.092891e-04,48.552298,2.084524e-10,0.002251,0.002251,2.341984e+11,232.92,4.915200e+04,48.55,in_range,,,,1313,1339,,84,84,84,,-1,-1,-1.000000,-1,t
cpu-gpu-v2,2026-07-18T16:38:43,"20260718_092807_session2",115,115,5,"GEMM","openblas_sgemm",cpu_native,"Intel(R) Core(TM) i9-7900X CPU @ 3.30GHz",1,64,"N=64",446698,1.004631,1.004631,1.004631,48.652281,48.652281,0.000000,1.089154e-04,48.427996,2.077396e-10,0.002249,0.002249,2.341984e+11,233.12,4.915200e+04,48.43,in_range,,,,1340,1339,,85,84,85,,-1,-1,-1.000000,-1,t
cpu-gpu-v2,2026-07-18T16:38:44,"20260718_092807_session2",116,116,6,"GEMM","openblas_sgemm",cpu_native,"Intel(R) Core(TM) i9-7900X CPU @ 3.30GHz",1,64,"N=64",446698,1.005217,1.005217,1.005217,48.814939,48.814939,0.000000,1.092795e-04,48.561591,2.084341e-10,0.002250,0.002250,2.341984e+11,232.98,4.915200e+04,48.56,in_range,,,,1512,1339,,85,85,84,,-1,-1,-1.000000,-1,t
cpu-gpu-v2,2026-07-18T16:38:45,"20260718_092807_session2",117,117,7,"GEMM","openblas_sgemm",cpu_native,"Intel(R) Core(TM) i9-7900X CPU @ 3.30GHz",1,64,"N=64",446698,1.002855,1.002855,1.002855,48.542906,48.542906,0.000000,1.086705e-04,48.404730,2.072726e-10,0.002245,0.002245,2.341984e+11,233.53,4.915200e+04,48.40,in_range,,,,1256,1339,,84,84,84,,-1,-1,-1.000000,-1,t
cpu-gpu-v2,2026-07-18T16:38:46,"20260718_092807_session2",118,118,8,"GEMM","openblas_sgemm",cpu_native,"Intel(R) Core(TM) i9-7900X CPU @ 3.30GHz",1,64,"N=64",446698,1.004543,1.004543,1.004543,48.604062,48.604062,0.000000,1.088074e-04,48.384250,2.075337e-10,0.002249,0.002249,2.341984e+11,233.14,4.915200e+04,48.38,in_range,,,,1253,1339,,85,84,85,,-1,-1,-1.000000,-1,t
cpu-gpu-v2,2026-07-18T16:38:47,"20260718_092807_session2",119,119,9,"GEMM","openblas_sgemm",cpu_native,"Intel(R) Core(TM) i9-7900X CPU @ 3.30GHz",1,64,"N=64",446698,1.004564,1.004564,1.004564,48.557981,48.557981,0.000000,1.087043e-04,48.337375,2.073369e-10,0.002249,0.002249,2.341984e+11,233.13,4.915200e+04,48.34,in_range,,,,1210,1340,,85,85,85,,-1,-1,-1.000000,-1,t
cpu-gpu-v2,2026-07-18T16:38:48,"20260718_092807_session2",120,120,10,"GEMM","openblas_sgemm",cpu_native,"Intel(R) Core(TM) i9-7900X CPU @ 3.30GHz",1,64,"N=64",446698,1.006059,1.006059,1.006059,47.087098,47.087098,0.000000,1.054115e-04,46.803530,2.010564e-10,0.002252,0.002252,2.341984e+11,232.79,4.915200e+04,46.80,in_range,,,,1205,1340,,85,85,85,,-1,-1,-1.000000,-1,t
cpu-gpu-v2,2026-07-18T16:38:51,"20260718_092807_session2",121,121,1,"GEMM","openblas_sgemm",cpu_native,"Intel(R) Core(TM) i9-7900X CPU @ 3.30GHz",16,64,"N=64",447794,0.999950,0.999950,0.999950,46.838259,46.838259,0.000000,1.045978e-04,46.840585,1.995044e-10,0.002233,0.002233,2.347730e+11,234.78,4.915200e+04,46.84,in_range,,,,1339,1340,,85,84,85,,-1,-1,-1.000000,-1,t
cpu-gpu-v2,2026-07-18T16:38:52,"20260718_092807_session2",122,122,2,"GEMM","openblas_sgemm",cpu_native,"Intel(R) Core(TM) i9-7900X CPU @ 3.30GHz",16,64,"N=64",447794,1.006722,1.006722,1.006722,48.788571,48.788571,0.000000,1.089532e-04,48.462797,2.078117e-10,0.002248,0.002248,2.347730e+11,233.21,4.915200e+04,48.46,in_range,,,,1280,1340,,85,85,84,,-1,-1,-1.000000,-1,t
cpu-gpu-v2,2026-07-18T16:38:53,"20260718_092807_session2",123,123,3,"GEMM","openblas_sgemm",cpu_native,"Intel(R) Core(TM) i9-7900X CPU @ 3.30GHz",16,64,"N=64",447794,1.007137,1.007137,1.007137,48.801938,48.801938,0.000000,1.089830e-04,48.456086,2.078686e-10,0.002249,0.002249,2.347730e+11,233.11,4.915200e+04,48.46,in_range,,,,1296,1339,,84,84,84,,-1,-1,-1.000000,-1,t
cpu-gpu-v2,2026-07-18T16:38:54,"20260718_092807_session2",124,124,4,"GEMM","openblas_sgemm",cpu_native,"Intel(R) Core(TM) i9-7900X CPU @ 3.30GHz",16,64,"N=64",447794,1.011308,1.011308,1.011308,48.887997,48.887997,0.000000,1.091752e-04,48.341351,2.082352e-10,0.002258,0.002258,2.347730e+11,232.15,4.915200e+04,48.34,in_range,,,,1459,1340,,85,84,85,,-1,-1,-1.000000,-1,t
cpu-gpu-v2,2026-07-18T16:38:55,"20260718_092807_session2",125,125,5,"GEMM","openblas_sgemm",cpu_native,"Intel(R) Core(TM) i9-7900X CPU @ 3.30GHz",16,64,"N=64",447794,1.006170,1.006170,1.006170,48.735776,48.735776,0.000000,1.088353e-04,48.436931,2.075868e-10,0.002247,0.002247,2.347730e+11,233.33,4.915200e+04,48.44,in_range,,,,1336,1339,,85,85,85,,-1,-1,-1.000000,-1,t
cpu-gpu-v2,2026-07-18T16:38:56,"20260718_092807_session2",126,126,6,"GEMM","openblas_sgemm",cpu_native,"Intel(R) Core(TM) i9-7900X CPU @ 3.30GHz",16,64,"N=64",447794,1.005472,1.005472,1.005472,48.911801,48.911801,0.000000,1.092284e-04,48.645617,2.083365e-10,0.002245,0.002245,2.347730e+11,233.50,4.915200e+04,48.65,in_range,,,,1521,1340,,85,85,84,,-1,-1,-1.000000,-1,t
cpu-gpu-v2,2026-07-18T16:38:57,"20260718_092807_session2",127,127,7,"GEMM","openblas_sgemm",cpu_native,"Intel(R) Core(TM) i9-7900X CPU @ 3.30GHz",16,64,"N=64",447794,1.007126,1.007126,1.007126,48.924557,48.924557,0.000000,1.092568e-04,48.578405,2.083909e-10,0.002249,0.002249,2.347730e+11,233.11,4.915200e+04,48.58,in_range,,,,1300,1339,,84,84,84,,-1,-1,-1.000000,-1,t
cpu-gpu-v2,2026-07-18T16:38:58,"20260718_092807_session2",128,128,8,"GEMM","openblas_sgemm",cpu_native,"Intel(R) Core(TM) i9-7900X CPU @ 3.30GHz",16,64,"N=64",447794,1.002628,1.002628,1.002628,48.582396,48.582396,0.000000,1.084927e-04,48.455065,2.069335e-10,0.002239,0.002239,2.347730e+11,234.16,4.915200e+04,48.46,in_range,,,,1529,1458,,84,84,84,,-1,-1,-1.000000,-1,t
cpu-gpu-v2,2026-07-18T16:38:59,"20260718_092807_session2",129,129,9,"GEMM","openblas_sgemm",cpu_native,"Intel(R) Core(TM) i9-7900X CPU @ 3.30GHz",16,64,"N=64",447794,1.007434,1.007434,1.007434,48.947446,48.947446,0.000000,1.093080e-04,48.586246,2.084884e-10,0.002250,0.002250,2.347730e+11,233.04,4.915200e+04,48.59,in_range,,,,1357,1630,,84,84,82,,-1,-1,-1.000000,-1,t
cpu-gpu-v2,2026-07-18T16:39:00,"20260718_092807_session2",130,130,10,"GEMM","openblas_sgemm",cpu_native,"Intel(R) Core(TM) i9-7900X CPU @ 3.30GHz",16,64,"N=64",447794,1.006511,1.006511,1.006511,48.696531,48.696531,0.000000,1.087476e-04,48.381498,2.074196e-10,0.002248,0.002248,2.347730e+11,233.25,4.915200e+04,48.38,in_range,,,,1528,1340,,84,82,84,,-1,-1,-1.000000,-1,t
cpu-gpu-v2,2026-07-18T16:39:03,"20260718_092807_session2",131,131,1,"GEMM","openblas_sgemm",cpu_native,"Intel(R) Core(TM) i9-7900X CPU @ 3.30GHz",2,128,"N=128",38991,0.997891,0.997891,0.997891,51.790395,51.790395,0.000000,1.328265e-03,51.899836,3.166831e-10,0.025593,0.025593,1.635401e+11,163.89,1.966080e+05,51.90,in_range,,,,1480,1480,,89,89,89,,-1,-1,-1.000000,-1,t
cpu-gpu-v2,2026-07-18T16:39:04,"20260718_092807_session2",132,132,2,"GEMM","openblas_sgemm",cpu_native,"Intel(R) Core(TM) i9-7900X CPU @ 3.30GHz",2,128,"N=128",38991,0.998538,0.998538,0.998538,51.944936,51.944936,0.000000,1.332229e-03,52.020993,3.176281e-10,0.025609,0.025609,1.635401e+11,163.78,1.966080e+05,52.02,in_range,,,,1529,1480,,82,82,82,,-1,-1,-1.000000,-1,t
cpu-gpu-v2,2026-07-18T16:39:05,"20260718_092807_session2",133,133,3,"GEMM","openblas_sgemm",cpu_native,"Intel(R) Core(TM) i9-7900X CPU @ 3.30GHz",2,128,"N=128",38991,0.998552,0.998552,0.998552,52.353992,52.353992,0.000000,1.342720e-03,52.429930,3.201294e-10,0.025610,0.025610,1.635401e+11,163.78,1.966080e+05,52.43,in_range,,,,1470,1480,,80,80,80,,-1,-1,-1.000000,-1,t
cpu-gpu-v2,2026-07-18T16:39:06,"20260718_092807_session2",134,134,4,"GEMM","openblas_sgemm",cpu_native,"Intel(R) Core(TM) i9-7900X CPU @ 3.30GHz",2,128,"N=128",38991,1.000168,1.000168,1.000168,52.316883,52.316883,0.000000,1.341768e-03,52.308112,3.199025e-10,0.025651,0.025651,1.635401e+11,163.51,1.966080e+05,52.31,in_range,,,,1530,1480,,89,83,89,,-1,-1,-1.000000,-1,t
cpu-gpu-v2,2026-07-18T16:39:07,"20260718_092807_session2",135,135,5,"GEMM","openblas_sgemm",cpu_native,"Intel(R) Core(TM) i9-7900X CPU @ 3.30GHz",2,128,"N=128",38991,0.998716,0.998716,0.998716,52.556567,52.556567,0.000000,1.347915e-03,52.624124,3.213681e-10,0.025614,0.025614,1.635401e+11,163.75,1.966080e+05,52.62,in_range,,,,1470,1480,,90,89,90,,-1,-1,-1.000000,-1,t
cpu-gpu-v2,2026-07-18T16:39:08,"20260718_092807_session2",136,136,6,"GEMM","openblas_sgemm",cpu_native,"Intel(R) Core(TM) i9-7900X CPU @ 3.30GHz",2,128,"N=128",38991,0.998263,0.998263,0.998263,51.397574,51.397574,0.000000,1.318191e-03,51.487023,3.142812e-10,0.025602,0.025602,1.635401e+11,163.82,1.966080e+05,51.49,in_range,,,,1471,1479,,90,90,89,,-1,-1,-1.000000,-1,t
cpu-gpu-v2,2026-07-18T16:39:09,"20260718_092807_session2",137,137,7,"GEMM","openblas_sgemm",cpu_native,"Intel(R) Core(TM) i9-7900X CPU @ 3.30GHz",2,128,"N=128",38991,0.997986,0.997986,0.997986,52.018177,52.018177,0.000000,1.334107e-03,52.123151,3.180760e-10,0.025595,0.025595,1.635401e+11,163.87,1.966080e+05,52.12,in_range,,,,1474,1479,,90,89,90,,-1,-1,-1.000000,-1,t
cpu-gpu-v2,2026-07-18T16:39:10,"20260718_092807_session2",138,138,8,"GEMM","openblas_sgemm",cpu_native,"Intel(R) Core(TM) i9-7900X CPU @ 3.30GHz",2,128,"N=128",38991,0.997648,0.997648,0.997648,52.715625,52.715625,0.000000,1.351995e-03,52.839924,3.223407e-10,0.025587,0.025587,1.635401e+11,163.93,1.966080e+05,52.84,in_range,,,,1525,1479,,90,90,89,,-1,-1,-1.000000,-1,t
cpu-gpu-v2,2026-07-18T16:39:11,"20260718_092807_session2",139,139,9,"GEMM","openblas_sgemm",cpu_native,"Intel(R) Core(TM) i9-7900X CPU @ 3.30GHz",2,128,"N=128",38991,0.997592,0.997592,0.997592,52.354480,52.354480,0.000000,1.342732e-03,52.480854,3.201324e-10,0.025585,0.025585,1.635401e+11,163.93,1.966080e+05,52.48,in_range,,,,1489,1479,,90,89,90,,-1,-1,-1.000000,-1,t
cpu-gpu-v2,2026-07-18T16:39:12,"20260718_092807_session2",140,140,10,"GEMM","openblas_sgemm",cpu_native,"Intel(R) Core(TM) i9-7900X CPU @ 3.30GHz",2,128,"N=128",38991,0.998696,0.998696,0.998696,52.913561,52.913561,0.000000,1.357071e-03,52.982666,3.235510e-10,0.025613,0.025613,1.635401e+11,163.75,1.966080e+05,52.98,in_range,,,,1530,1635,,90,90,89,,-1,-1,-1.000000,-1,t
cpu-gpu-v2,2026-07-18T16:39:14,"20260718_092807_session2",141,141,1,"GEMM","openblas_sgemm",cpu_native,"Intel(R) Core(TM) i9-7900X CPU @ 3.30GHz",8,1024,"N=1024",17,0.900512,0.900512,0.900512,40.950029,40.950029,0.000000,2.408825e+00,45.474175,1.121697e-09,52.971279,52.971279,3.650722e+10,40.54,1.258291e+07,45.47,in_range,,,,1660,1685,,85,85,85,,-1,-1,-1.000000,-1,t
cpu-gpu-v2,2026-07-18T16:39:15,"20260718_092807_session2",142,142,2,"GEMM","openblas_sgemm",cpu_native,"Intel(R) Core(TM) i9-7900X CPU @ 3.30GHz",8,1024,"N=1024",17,0.815986,0.815986,0.815986,36.720060,36.720060,0.000000,2.160004e+00,45.000835,1.005830e-09,47.999188,47.999188,3.650722e+10,44.74,1.258291e+07,45.00,in_range,,,,1685,1685,,87,85,87,,-1,-1,-1.000000,-1,t
cpu-gpu-v2,2026-07-18T16:39:16,"20260718_092807_session2",143,143,3,"GEMM","openblas_sgemm",cpu_native,"Intel(R) Core(TM) i9-7900X CPU @ 3.30GHz",8,1024,"N=1024",17,0.935810,0.935810,0.935810,42.439528,42.439528,0.000000,2.496443e+00,45.350596,1.162497e-09,55.047630,55.047630,3.650722e+10,39.01,1.258291e+07,45.35,in_range,,,,1646,1685,,87,87,87,,-1,-1,-1.000000,-1,t
cpu-gpu-v2,2026-07-18T16:39:17,"20260718_092807_session2",144,144,4,"GEMM","openblas_sgemm",cpu_native,"Intel(R) Core(TM) i9-7900X CPU @ 3.30GHz",8,1024,"N=1024",17,1.023416,1.023416,1.023416,46.314395,46.314395,0.000000,2.724376e+00,45.254731,1.268637e-09,60.200914,60.200914,3.650722e+10,35.67,1.258291e+07,45.25,in_range,,,,1798,1685,,87,87,87,,-1,-1,-1.000000,-1,t
cpu-gpu-v2,2026-07-18T16:39:18,"20260718_092807_session2",145,145,5,"GEMM","openblas_sgemm",cpu_native,"Intel(R) Core(TM) i9-7900X CPU @ 3.30GHz",8,1024,"N=1024",17,1.019352,1.019352,1.019352,46.219792,46.219792,0.000000,2.718811e+00,45.342334,1.266045e-09,59.961873,59.961873,3.650722e+10,35.81,1.258291e+07,45.34,in_range,,,,1633,1648,,87,87,85,,-1,-1,-1.000000,-1,t
cpu-gpu-v2,2026-07-18T16:39:19,"20260718_092807_session2",146,146,6,"GEMM","openblas_sgemm",cpu_native,"Intel(R) Core(TM) i9-7900X CPU @ 3.30GHz",8,1024,"N=1024",17,0.828366,0.828366,0.828366,37.878321,37.878321,0.000000,2.228137e+00,45.726561,1.037557e-09,48.727403,48.727403,3.650722e+10,44.07,1.258291e+07,45.73,in_range,,,,1684,1664,,85,85,85,,-1,-1,-1.000000,-1,t
cpu-gpu-v2,2026-07-18T16:39:20,"20260718_092807_session2",147,147,7,"GEMM","openblas_sgemm",cpu_native,"Intel(R) Core(TM) i9-7900X CPU @ 3.30GHz",8,1024,"N=1024",17,1.032502,1.032502,1.032502,46.968813,46.968813,0.000000,2.762871e+00,45.490280,1.286562e-09,60.735421,60.735421,3.650722e+10,35.36,1.258291e+07,45.49,in_range,,,,1664,1684,,86,85,86,,-1,-1,-1.000000,-1,t
cpu-gpu-v2,2026-07-18T16:39:21,"20260718_092807_session2",148,148,8,"GEMM","openblas_sgemm",cpu_native,"Intel(R) Core(TM) i9-7900X CPU @ 3.30GHz",8,1024,"N=1024",17,1.022536,1.022536,1.022536,47.080018,47.080018,0.000000,2.769413e+00,46.042412,1.289608e-09,60.149169,60.149169,3.650722e+10,35.70,1.258291e+07,46.04,in_range,,,,1636,1685,,86,86,86,,-1,-1,-1.000000,-1,t
cpu-gpu-v2,2026-07-18T16:39:22,"20260718_092807_session2",149,149,9,"GEMM","openblas_sgemm",cpu_native,"Intel(R) Core(TM) i9-7900X CPU @ 3.30GHz",8,1024,"N=1024",17,0.894603,0.894603,0.894603,40.826433,40.826433,0.000000,2.401555e+00,45.636344,1.118311e-09,52.623735,52.623735,3.650722e+10,40.81,1.258291e+07,45.64,in_range,,,,1636,1685,,86,86,86,,-1,-1,-1.000000,-1,t
cpu-gpu-v2,2026-07-18T16:39:23,"20260718_092807_session2",150,150,10,"GEMM","openblas_sgemm",cpu_native,"Intel(R) Core(TM) i9-7900X CPU @ 3.30GHz",8,1024,"N=1024",17,0.912920,0.912920,0.912920,42.375563,42.375563,0.000000,2.492680e+00,46.417629,1.160745e-09,53.701153,53.701153,3.650722e+10,39.99,1.258291e+07,46.42,in_range,,,,1685,1685,,86,86,86,,-1,-1,-1.000000,-1,t
cpu-gpu-v2,2026-07-18T16:39:25,"20260718_092807_session2",151,151,1,"GEMM","openblas_sgemm",cpu_native,"Intel(R) Core(TM) i9-7900X CPU @ 3.30GHz",2,512,"N=512",731,1.001094,1.001094,1.001094,54.742048,54.742048,0.000000,7.488652e-02,54.682204,2.789740e-10,1.369486,1.369486,1.962263e+11,196.01,3.145728e+06,54.68,in_range,,,,1635,1611,,90,89,90,,-1,-1,-1.000000,-1,t
cpu-gpu-v2,2026-07-18T16:39:26,"20260718_092807_session2",152,152,2,"GEMM","openblas_sgemm",cpu_native,"Intel(R) Core(TM) i9-7900X CPU @ 3.30GHz",2,512,"N=512",731,1.003244,1.003244,1.003244,55.092510,55.092510,0.000000,7.536595e-02,54.914360,2.807600e-10,1.372427,1.372427,1.962263e+11,195.59,3.145728e+06,54.91,in_range,,,,1658,1635,,90,90,90,,-1,-1,-1.000000,-1,t
cpu-gpu-v2,2026-07-18T16:39:27,"20260718_092807_session2",153,153,3,"GEMM","openblas_sgemm",cpu_native,"Intel(R) Core(TM) i9-7900X CPU @ 3.30GHz",2,512,"N=512",731,1.000896,1.000896,1.000896,55.213299,55.213299,0.000000,7.553119e-02,55.163872,2.813756e-10,1.369215,1.369215,1.962263e+11,196.05,3.145728e+06,55.16,in_range,,,,1771,1635,,90,90,90,,-1,-1,-1.000000,-1,t
cpu-gpu-v2,2026-07-18T16:39:28,"20260718_092807_session2",154,154,4,"GEMM","openblas_sgemm",cpu_native,"Intel(R) Core(TM) i9-7900X CPU @ 3.30GHz",2,512,"N=512",731,1.004286,1.004286,1.004286,55.581034,55.581034,0.000000,7.603425e-02,55.343858,2.832496e-10,1.373852,1.373852,1.962263e+11,195.39,3.145728e+06,55.34,in_range,,,,1635,1635,,90,90,90,,-1,-1,-1.000000,-1,t
cpu-gpu-v2,2026-07-18T16:39:29,"20260718_092807_session2",155,155,5,"GEMM","openblas_sgemm",cpu_native,"Intel(R) Core(TM) i9-7900X CPU @ 3.30GHz",2,512,"N=512",731,1.001274,1.001274,1.001274,54.997174,54.997174,0.000000,7.523553e-02,54.927192,2.802742e-10,1.369732,1.369732,1.962263e+11,195.98,3.145728e+06,54.93,in_range,,,,1798,1594,,90,90,89,,-1,-1,-1.000000,-1,t
cpu-gpu-v2,2026-07-18T16:39:30,"20260718_092807_session2",156,156,6,"GEMM","openblas_sgemm",cpu_native,"Intel(R) Core(TM) i9-7900X CPU @ 3.30GHz",2,512,"N=512",731,1.001690,1.001690,1.001690,54.856183,54.856183,0.000000,7.504266e-02,54.763643,2.795557e-10,1.370301,1.370301,1.962263e+11,195.90,3.145728e+06,54.76,in_range,,,,1675,1753,,89,89,89,,-1,-1,-1.000000,-1,t
cpu-gpu-v2,2026-07-18T16:39:31,"20260718_092807_session2",157,157,7,"GEMM","openblas_sgemm",cpu_native,"Intel(R) Core(TM) i9-7900X CPU @ 3.30GHz",2,512,"N=512",731,1.002059,1.002059,1.002059,55.080181,55.080181,0.000000,7.534908e-02,54.966983,2.806972e-10,1.370806,1.370806,1.962263e+11,195.82,3.145728e+06,54.97,in_range,,,,1745,1912,,89,89,87,,-1,-1,-1.000000,-1,t
cpu-gpu-v2,2026-07-18T16:39:32,"20260718_092807_session2",158,158,8,"GEMM","openblas_sgemm",cpu_native,"Intel(R) Core(TM) i9-7900X CPU @ 3.30GHz",2,512,"N=512",731,1.000937,1.000937,1.000937,55.540325,55.540325,0.000000,7.597856e-02,55.488351,2.830422e-10,1.369270,1.369270,1.962263e+11,196.04,3.145728e+06,55.49,in_range,,,,1962,1635,,90,87,90,,-1,-1,-1.000000,-1,t
cpu-gpu-v2,2026-07-18T16:39:33,"20260718_092807_session2",159,159,9,"GEMM","openblas_sgemm",cpu_native,"Intel(R) Core(TM) i9-7900X CPU @ 3.30GHz",2,512,"N=512",731,1.000676,1.000676,1.000676,55.620036,55.620036,0.000000,7.608760e-02,55.582444,2.834484e-10,1.368914,1.368914,1.962263e+11,196.09,3.145728e+06,55.58,in_range,,,,1685,1635,,90,90,90,,-1,-1,-1.000000,-1,t
cpu-gpu-v2,2026-07-18T16:39:34,"20260718_092807_session2",160,160,10,"GEMM","openblas_sgemm",cpu_native,"Intel(R) Core(TM) i9-7900X CPU @ 3.30GHz",2,512,"N=512",731,1.002026,1.002026,1.002026,55.180095,55.180095,0.000000,7.548577e-02,55.068519,2.812064e-10,1.370761,1.370761,1.962263e+11,195.83,3.145728e+06,55.07,in_range,,,,1685,1611,,90,90,90,,-1,-1,-1.000000,-1,t
cpu-gpu-v2,2026-07-18T16:39:39,"20260718_092807_session2",161,161,1,"GEMM","openblas_sgemm",cpu_native,"Intel(R) Core(TM) i9-7900X CPU @ 3.30GHz",4,4096,"N=4096",2,1.459976,1.459976,1.459976,83.959685,84.032452,0.072767,4.201623e+01,57.557411,3.057083e-10,729.988115,729.988115,2.748779e+11,188.28,2.013266e+08,57.56,above,,,,1659,1650,,93,93,93,,-1,-1,-1.000000,-1,t
cpu-gpu-v2,2026-07-18T16:39:40,"20260718_092807_session2",162,162,2,"GEMM","openblas_sgemm",cpu_native,"Intel(R) Core(TM) i9-7900X CPU @ 3.30GHz",4,4096,"N=4096",2,1.461756,1.461756,1.461756,84.003142,84.084691,0.081549,4.204235e+01,57.523071,3.058983e-10,730.877974,730.877974,2.748779e+11,188.05,2.013266e+08,57.52,above,,,,1660,1685,,93,93,92,,-1,-1,-1.000000,-1,t
cpu-gpu-v2,2026-07-18T16:39:42,"20260718_092807_session2",163,163,3,"GEMM","openblas_sgemm",cpu_native,"Intel(R) Core(TM) i9-7900X CPU @ 3.30GHz",4,4096,"N=4096",2,1.465030,1.465030,1.465030,83.178925,83.271857,0.092932,4.163593e+01,56.839681,3.029413e-10,732.515162,732.515162,2.748779e+11,187.63,2.013266e+08,56.84,above,,,,1886,1685,,93,92,93,,-1,-1,-1.000000,-1,t
cpu-gpu-v2,2026-07-18T16:39:43,"20260718_092807_session2",164,164,4,"GEMM","openblas_sgemm",cpu_native,"Intel(R) Core(TM) i9-7900X CPU @ 3.30GHz",4,4096,"N=4096",2,1.458211,1.458211,1.458211,83.885772,83.979760,0.093988,4.198988e+01,57.590942,3.055166e-10,729.105634,729.105634,2.748779e+11,188.50,2.013266e+08,57.59,above,,,,1685,1685,,93,93,92,,-1,-1,-1.000000,-1,t
cpu-gpu-v2,2026-07-18T16:39:45,"20260718_092807_session2",165,165,5,"GEMM","openblas_sgemm",cpu_native,"Intel(R) Core(TM) i9-7900X CPU @ 3.30GHz",4,4096,"N=4096",2,1.459878,1.459878,1.459878,83.957609,84.044191,0.086582,4.202210e+01,57.569338,3.057510e-10,729.938834,729.938834,2.748779e+11,188.29,2.013266e+08,57.57,above,,,,1637,1682,,93,92,93,,-1,-1,-1.000000,-1,t
cpu-gpu-v2,2026-07-18T16:39:46,"20260718_092807_session2",166,166,6,"GEMM","openblas_sgemm",cpu_native,"Intel(R) Core(TM) i9-7900X CPU @ 3.30GHz",4,4096,"N=4096",2,1.459694,1.459694,1.459694,83.964995,84.039644,0.074649,4.201982e+01,57.573467,3.057344e-10,729.846998,729.846998,2.748779e+11,188.31,2.013266e+08,57.57,above,,,,1681,1685,,93,93,93,,-1,-1,-1.000000,-1,t
cpu-gpu-v2,2026-07-18T16:39:48,"20260718_092807_session2",167,167,7,"GEMM","openblas_sgemm",cpu_native,"Intel(R) Core(TM) i9-7900X CPU @ 3.30GHz",4,4096,"N=4096",2,1.464511,1.464511,1.464511,84.454252,84.527386,0.073134,4.226369e+01,57.717153,3.075088e-10,732.255335,732.255335,2.748779e+11,187.69,2.013266e+08,57.72,above,,,,1660,1685,,93,93,92,,-1,-1,-1.000000,-1,t
cpu-gpu-v2,2026-07-18T16:39:49,"20260718_092807_session2",168,168,8,"GEMM","openblas_sgemm",cpu_native,"Intel(R) Core(TM) i9-7900X CPU @ 3.30GHz",4,4096,"N=4096",2,1.458830,1.458830,1.458830,83.472015,83.542900,0.070885,4.177145e+01,57.267042,3.039273e-10,729.415182,729.415182,2.748779e+11,188.42,2.013266e+08,57.27,above,,,,1636,1762,,92,92,89,,-1,-1,-1.000000,-1,t
cpu-gpu-v2,2026-07-18T16:39:51,"20260718_092807_session2",169,169,9,"GEMM","openblas_sgemm",cpu_native,"Intel(R) Core(TM) i9-7900X CPU @ 3.30GHz",4,4096,"N=4096",2,1.463192,1.463192,1.463192,83.632171,83.704999,0.072828,4.185250e+01,57.207130,3.045170e-10,731.595866,731.595866,2.748779e+11,187.86,2.013266e+08,57.21,above,,,,1832,1685,,92,89,92,,-1,-1,-1.000000,-1,t
cpu-gpu-v2,2026-07-18T16:39:52,"20260718_092807_session2",170,170,10,"GEMM","openblas_sgemm",cpu_native,"Intel(R) Core(TM) i9-7900X CPU @ 3.30GHz",4,4096,"N=4096",2,1.477231,1.477231,1.477231,84.039275,84.102173,0.062898,4.205109e+01,56.932301,3.059619e-10,738.615617,738.615617,2.748779e+11,186.08,2.013266e+08,56.93,above,,,,1685,1662,,93,92,93,,-1,-1,-1.000000,-1,t
cpu-gpu-v2,2026-07-18T16:39:54,"20260718_092807_session2",171,171,1,"GEMM","openblas_sgemm",cpu_native,"Intel(R) Core(TM) i9-7900X CPU @ 3.30GHz",2,1024,"N=1024",96,1.005663,1.005663,1.005663,56.395425,56.395425,0.000000,5.874523e-01,56.077849,2.735538e-10,10.475658,10.475658,2.061584e+11,205.00,1.258291e+07,56.08,in_range,,,,1610,1635,,90,90,90,,-1,-1,-1.000000,-1,t
cpu-gpu-v2,2026-07-18T16:39:55,"20260718_092807_session2",172,172,2,"GEMM","openblas_sgemm",cpu_native,"Intel(R) Core(TM) i9-7900X CPU @ 3.30GHz",2,1024,"N=1024",96,1.004695,1.004695,1.004695,56.749854,56.749854,0.000000,5.911443e-01,56.484656,2.752730e-10,10.465573,10.465573,2.061584e+11,205.20,1.258291e+07,56.48,in_range,,,,1685,1884,,90,90,86,,-1,-1,-1.000000,-1,t
cpu-gpu-v2,2026-07-18T16:39:56,"20260718_092807_session2",173,173,3,"GEMM","openblas_sgemm",cpu_native,"Intel(R) Core(TM) i9-7900X CPU @ 3.30GHz",2,1024,"N=1024",96,1.004624,1.004624,1.004624,56.601051,56.601051,0.000000,5.895943e-01,56.340515,2.745512e-10,10.464837,10.464837,2.061584e+11,205.21,1.258291e+07,56.34,in_range,,,,2025,1612,,90,86,90,,-1,-1,-1.000000,-1,t
cpu-gpu-v2,2026-07-18T16:39:57,"20260718_092807_session2",174,174,4,"GEMM","openblas_sgemm",cpu_native,"Intel(R) Core(TM) i9-7900X CPU @ 3.30GHz",2,1024,"N=1024",96,1.004113,1.004113,1.004113,56.483865,56.483865,0.000000,5.883736e-01,56.252526,2.739828e-10,10.459505,10.459505,2.061584e+11,205.31,1.258291e+07,56.25,in_range,,,,1662,1631,,90,90,90,,-1,-1,-1.000000,-1,t
cpu-gpu-v2,2026-07-18T16:39:58,"20260718_092807_session2",175,175,5,"GEMM","openblas_sgemm",cpu_native,"Intel(R) Core(TM) i9-7900X CPU @ 3.30GHz",2,1024,"N=1024",96,1.004269,1.004269,1.004269,56.788245,56.788245,0.000000,5.915442e-01,56.546864,2.754592e-10,10.461132,10.461132,2.061584e+11,205.28,1.258291e+07,56.55,in_range,,,,1681,1635,,90,90,90,,-1,-1,-1.000000,-1,t
cpu-gpu-v2,2026-07-18T16:39:59,"20260718_092807_session2",176,176,6,"GEMM","openblas_sgemm",cpu_native,"Intel(R) Core(TM) i9-7900X CPU @ 3.30GHz",2,1024,"N=1024",96,1.004542,1.004542,1.004542,56.392617,56.392617,0.000000,5.874231e-01,56.137665,2.735402e-10,10.463975,10.463975,2.061584e+11,205.23,1.258291e+07,56.14,in_range,,,,1685,1635,,90,90,90,,-1,-1,-1.000000,-1,t
cpu-gpu-v2,2026-07-18T16:40:00,"20260718_092807_session2",177,177,7,"GEMM","openblas_sgemm",cpu_native,"Intel(R) Core(TM) i9-7900X CPU @ 3.30GHz",2,1024,"N=1024",96,1.003826,1.003826,1.003826,56.382058,56.382058,0.000000,5.873131e-01,56.167169,2.734890e-10,10.456520,10.456520,2.061584e+11,205.37,1.258291e+07,56.17,in_range,,,,1811,1635,,91,90,91,,-1,-1,-1.000000,-1,t
cpu-gpu-v2,2026-07-18T16:40:01,"20260718_092807_session2",178,178,8,"GEMM","openblas_sgemm",cpu_native,"Intel(R) Core(TM) i9-7900X CPU @ 3.30GHz",2,1024,"N=1024",96,1.003838,1.003838,1.003838,56.682594,56.682594,0.000000,5.904437e-01,56.465884,2.749468e-10,10.456645,10.456645,2.061584e+11,205.37,1.258291e+07,56.47,in_range,,,,1685,1635,,91,91,91,,-1,-1,-1.000000,-1,t
cpu-gpu-v2,2026-07-18T16:40:02,"20260718_092807_session2",179,179,9,"GEMM","openblas_sgemm",cpu_native,"Intel(R) Core(TM) i9-7900X CPU @ 3.30GHz",2,1024,"N=1024",96,1.004968,1.004968,1.004968,56.662331,56.662331,0.000000,5.902326e-01,56.382201,2.748485e-10,10.468421,10.468421,2.061584e+11,205.14,1.258291e+07,56.38,in_range,,,,1685,1616,,91,91,90,,-1,-1,-1.000000,-1,t
cpu-gpu-v2,2026-07-18T16:40:03,"20260718_092807_session2",180,180,10,"GEMM","openblas_sgemm",cpu_native,"Intel(R) Core(TM) i9-7900X CPU @ 3.30GHz",2,1024,"N=1024",96,1.004181,1.004181,1.004181,56.881996,56.881996,0.000000,5.925208e-01,56.645148,2.759140e-10,10.460221,10.460221,2.061584e+11,205.30,1.258291e+07,56.65,in_range,,,,1582,1479,,91,90,91,,-1,-1,-1.000000,-1,t
cpu-gpu-v2,2026-07-18T16:40:06,"20260718_092807_session2",181,181,1,"GEMM","openblas_sgemm",cpu_native,"Intel(R) Core(TM) i9-7900X CPU @ 3.30GHz",16,128,"N=128",42,1.302495,1.302495,1.302495,55.690165,55.690165,0.000000,1.325956e+00,42.756537,3.161326e-07,31.011780,31.011780,1.761608e+08,0.14,1.966080e+05,42.76,above,,,,1529,1530,,84,83,84,,-1,-1,-1.000000,-1,t
cpu-gpu-v2,2026-07-18T16:40:07,"20260718_092807_session2",182,182,2,"GEMM","openblas_sgemm",cpu_native,"Intel(R) Core(TM) i9-7900X CPU @ 3.30GHz",16,128,"N=128",42,1.008411,1.008411,1.008411,42.381788,42.381788,0.000000,1.009090e+00,42.028305,2.405858e-07,24.009776,24.009776,1.761608e+08,0.17,1.966080e+05,42.03,in_range,,,,1530,1530,,84,84,84,,-1,-1,-1.000000,-1,t
cpu-gpu-v2,2026-07-18T16:40:08,"20260718_092807_session2",183,183,3,"GEMM","openblas_sgemm",cpu_native,"Intel(R) Core(TM) i9-7900X CPU @ 3.30GHz",16,128,"N=128",42,1.030547,1.030547,1.030547,45.140448,45.140448,0.000000,1.074773e+00,43.802423,2.562457e-07,24.536829,24.536829,1.761608e+08,0.17,1.966080e+05,43.80,in_range,,,,1489,1685,,84,84,84,,-1,-1,-1.000000,-1,t
cpu-gpu-v2,2026-07-18T16:40:09,"20260718_092807_session2",184,184,4,"GEMM","openblas_sgemm",cpu_native,"Intel(R) Core(TM) i9-7900X CPU @ 3.30GHz",16,128,"N=128",42,1.017134,1.017134,1.017134,44.971564,44.971564,0.000000,1.070752e+00,44.214007,2.552871e-07,24.217473,24.217473,1.761608e+08,0.17,1.966080e+05,44.21,in_range,,,,1667,1685,,84,84,84,,-1,-1,-1.000000,-1,t
cpu-gpu-v2,2026-07-18T16:40:11,"20260718_092807_session2",185,185,5,"GEMM","openblas_sgemm",cpu_native,"Intel(R) Core(TM) i9-7900X CPU @ 3.30GHz",16,128,"N=128",42,1.499961,1.499961,1.499961,66.225538,66.225538,0.000000,1.576799e+00,44.151496,3.759381e-07,35.713366,35.713366,1.761608e+08,0.12,1.966080e+05,44.15,above,,,,1671,1685,,85,84,85,,-1,-1,-1.000000,-1,t
cpu-gpu-v2,2026-07-18T16:40:12,"20260718_092807_session2",186,186,6,"GEMM","openblas_sgemm",cpu_native,"Intel(R) Core(TM) i9-7900X CPU @ 3.30GHz",16,128,"N=128",42,1.151802,1.151802,1.151802,49.487056,49.487056,0.000000,1.178263e+00,42.964888,2.809198e-07,27.423864,27.423864,1.761608e+08,0.15,1.966080e+05,42.96,in_range,,,,1671,1685,,86,85,86,,-1,-1,-1.000000,-1,t
cpu-gpu-v2,2026-07-18T16:40:13,"20260718_092807_session2",187,187,7,"GEMM","openblas_sgemm",cpu_native,"Intel(R) Core(TM) i9-7900X CPU @ 3.30GHz",16,128,"N=128",42,1.267319,1.267319,1.267319,56.391457,56.391487,0.000030,1.342654e+00,44.496669,3.201138e-07,30.174269,30.174269,1.761608e+08,0.14,1.966080e+05,44.50,above,,,,1643,1685,,86,86,84,,-1,-1,-1.000000,-1,t
cpu-gpu-v2,2026-07-18T16:40:14,"20260718_092807_session2",188,188,8,"GEMM","openblas_sgemm",cpu_native,"Intel(R) Core(TM) i9-7900X CPU @ 3.30GHz",16,128,"N=128",42,1.163820,1.163820,1.163820,50.904106,50.904106,0.000000,1.212003e+00,43.738815,2.889639e-07,27.709999,27.709999,1.761608e+08,0.15,1.966080e+05,43.74,in_range,,,,1655,1656,,84,84,84,,-1,-1,-1.000000,-1,t
cpu-gpu-v2,2026-07-18T16:40:16,"20260718_092807_session2",189,189,9,"GEMM","openblas_sgemm",cpu_native,"Intel(R) Core(TM) i9-7900X CPU @ 3.30GHz",16,128,"N=128",42,1.343991,1.343991,1.343991,59.467011,59.467011,0.000000,1.415881e+00,44.246570,3.375724e-07,31.999796,31.999796,1.761608e+08,0.13,1.966080e+05,44.25,above,,,,1625,1684,,85,84,85,,-1,-1,-1.000000,-1,t
cpu-gpu-v2,2026-07-18T16:40:17,"20260718_092807_session2",190,190,10,"GEMM","openblas_sgemm",cpu_native,"Intel(R) Core(TM) i9-7900X CPU @ 3.30GHz",16,128,"N=128",42,1.506350,1.506350,1.506350,68.018564,68.018564,0.000000,1.619490e+00,45.154558,3.861164e-07,35.865474,35.865474,1.761608e+08,0.12,1.966080e+05,45.15,above,,,,1661,1685,,86,85,86,,-1,-1,-1.000000,-1,t
cpu-gpu-v2,2026-07-18T16:40:22,"20260718_092807_session2",191,191,1,"GEMM","openblas_sgemm",cpu_native,"Intel(R) Core(TM) i9-7900X CPU @ 3.30GHz",4,512,"N=512",167,1.204394,1.204394,1.204394,54.049666,54.049666,0.000000,3.236507e-01,44.877070,1.205693e-09,7.211939,7.211939,4.482872e+10,37.22,3.145728e+06,44.88,in_range,,,,1685,1521,,86,85,86,,-1,-1,-1.000000,-1,t
cpu-gpu-v2,2026-07-18T16:40:23,"20260718_092807_session2",192,192,2,"GEMM","openblas_sgemm",cpu_native,"Intel(R) Core(TM) i9-7900X CPU @ 3.30GHz",4,512,"N=512",167,0.989791,0.989791,0.989791,44.245309,44.245309,0.000000,2.649420e-01,44.701679,9.869858e-10,5.926891,5.926891,4.482872e+10,45.29,3.145728e+06,44.70,in_range,,,,1503,1529,,86,86,85,,-1,-1,-1.000000,-1,t
cpu-gpu-v2,2026-07-18T16:40:24,"20260718_092807_session2",193,193,3,"GEMM","openblas_sgemm",cpu_native,"Intel(R) Core(TM) i9-7900X CPU @ 3.30GHz",4,512,"N=512",167,0.987256,0.987256,0.987256,44.017221,44.017221,0.000000,2.635762e-01,44.585395,9.818978e-10,5.911716,5.911716,4.482872e+10,45.41,3.145728e+06,44.59,in_range,,,,1530,1481,,85,85,85,,-1,-1,-1.000000,-1,t
cpu-gpu-v2,2026-07-18T16:40:25,"20260718_092807_session2",194,194,4,"GEMM","openblas_sgemm",cpu_native,"Intel(R) Core(TM) i9-7900X CPU @ 3.30GHz",4,512,"N=512",167,1.092855,1.092855,1.092855,48.709897,48.709897,0.000000,2.916760e-01,44.571233,1.086578e-09,6.544042,6.544042,4.482872e+10,41.02,3.145728e+06,44.57,in_range,,,,1492,1636,,82,76,82,,-1,-1,-1.000000,-1,t
cpu-gpu-v2,2026-07-18T16:40:28,"20260718_092807_session2",195,195,5,"GEMM","openblas_sgemm",cpu_native,"Intel(R) Core(TM) i9-7900X CPU @ 3.30GHz",4,512,"N=512",167,2.930048,2.930048,2.930048,128.384193,128.384193,0.000000,7.687676e-01,43.816419,2.863883e-09,17.545195,17.545195,4.482872e+10,15.30,3.145728e+06,43.82,above,,,,1666,1529,,84,82,84,,-1,-1,-1.000000,-1,t
cpu-gpu-v2,2026-07-18T16:40:31,"20260718_092807_session2",196,196,6,"GEMM","openblas_sgemm",cpu_native,"Intel(R) Core(TM) i9-7900X CPU @ 3.30GHz",4,512,"N=512",167,2.999782,2.999782,2.999782,127.720193,127.720193,0.000000,7.647916e-01,42.576489,2.849071e-09,17.962768,17.962768,4.482872e+10,14.94,3.145728e+06,42.58,above,,,,1529,1529,,84,84,84,,-1,-1,-1.000000,-1,t
cpu-gpu-v2,2026-07-18T16:40:34,"20260718_092807_session2",197,197,7,"GEMM","openblas_sgemm",cpu_native,"Intel(R) Core(TM) i9-7900X CPU @ 3.30GHz",4,512,"N=512",167,3.004712,3.004712,3.004712,128.827124,128.827124,0.000000,7.714199e-01,42.875033,2.873763e-09,17.992287,17.992287,4.482872e+10,14.92,3.145728e+06,42.88,above,,,,1529,1529,,84,84,83,,-1,-1,-1.000000,-1,t
cpu-gpu-v2,2026-07-18T16:40:37,"20260718_092807_session2",198,198,8,"GEMM","openblas_sgemm",cpu_native,"Intel(R) Core(TM) i9-7900X CPU @ 3.30GHz",4,512,"N=512",167,3.001603,3.001603,3.001603,127.703897,127.703897,0.000000,7.646940e-01,42.545227,2.848707e-09,17.973673,17.973673,4.482872e+10,14.93,3.145728e+06,42.55,above,,,,1487,1530,,83,83,83,,-1,-1,-1.000000,-1,t
cpu-gpu-v2,2026-07-18T16:40:40,"20260718_092807_session2",199,199,9,"GEMM","openblas_sgemm",cpu_native,"Intel(R) Core(TM) i9-7900X CPU @ 3.30GHz",4,512,"N=512",167,2.992321,2.992321,2.992321,125.857465,125.857465,0.000000,7.536375e-01,42.060154,2.807519e-09,17.918088,17.918088,4.482872e+10,14.98,3.145728e+06,42.06,above,,,,1530,1529,,83,83,83,,-1,-1,-1.000000,-1,t
cpu-gpu-v2,2026-07-18T16:40:43,"20260718_092807_session2",200,200,10,"GEMM","openblas_sgemm",cpu_native,"Intel(R) Core(TM) i9-7900X CPU @ 3.30GHz",4,512,"N=512",167,2.994484,2.994484,2.994484,126.183637,126.183637,0.000000,7.555906e-01,42.138694,2.814794e-09,17.931041,17.931041,4.482872e+10,14.97,3.145728e+06,42.14,above,,,,1530,1529,,83,83,83,,-1,-1,-1.000000,-1,t
cpu-gpu-v2,2026-07-18T16:40:46,"20260718_092807_session2",201,201,1,"GEMM","openblas_sgemm",cpu_native,"Intel(R) Core(TM) i9-7900X CPU @ 3.30GHz",8,512,"N=512",21,1.005548,1.005548,1.005548,42.074660,42.074660,0.000000,2.003555e+00,41.842532,7.463825e-09,47.883222,47.883222,5.637145e+09,5.61,3.145728e+06,41.84,in_range,,,,1529,1529,,85,84,85,,-1,-1,-1.000000,-1,t
cpu-gpu-v2,2026-07-18T16:40:47,"20260718_092807_session2",202,202,2,"GEMM","openblas_sgemm",cpu_native,"Intel(R) Core(TM) i9-7900X CPU @ 3.30GHz",8,512,"N=512",21,1.008384,1.008384,1.008384,41.313066,41.313066,0.000000,1.967289e+00,40.969563,7.328722e-09,48.018302,48.018302,5.637145e+09,5.59,3.145728e+06,40.97,in_range,,,,1500,1529,,85,85,84,,-1,-1,-1.000000,-1,t
cpu-gpu-v2,2026-07-18T16:40:48,"20260718_092807_session2",203,203,3,"GEMM","openblas_sgemm",cpu_native,"Intel(R) Core(TM) i9-7900X CPU @ 3.30GHz",8,512,"N=512",21,1.005062,1.005062,1.005062,42.925428,42.925428,0.000000,2.044068e+00,42.709218,7.614747e-09,47.860113,47.860113,5.637145e+09,5.61,3.145728e+06,42.71,in_range,,,,1510,1530,,84,84,84,,-1,-1,-1.000000,-1,t
cpu-gpu-v2,2026-07-18T16:40:49,"20260718_092807_session2",204,204,4,"GEMM","openblas_sgemm",cpu_native,"Intel(R) Core(TM) i9-7900X CPU @ 3.30GHz",8,512,"N=512",21,1.005050,1.005050,1.005050,43.640087,43.640087,0.000000,2.078099e+00,43.420808,7.741523e-09,47.859528,47.859528,5.637145e+09,5.61,3.145728e+06,43.42,in_range,,,,1641,1685,,85,84,85,,-1,-1,-1.000000,-1,t
cpu-gpu-v2,2026-07-18T16:40:49,"20260718_092807_session2",205,205,5,"GEMM","openblas_sgemm",cpu_native,"Intel(R) Core(TM) i9-7900X CPU @ 3.30GHz",8,512,"N=512",21,0.755885,0.755885,0.755885,32.069315,32.069315,0.000000,1.527110e+00,42.426192,5.688929e-09,35.994516,35.994516,5.637145e+09,7.46,3.145728e+06,42.43,in_range,,,,1685,1530,,85,85,85,,-1,-1,-1.000000,-1,t
cpu-gpu-v2,2026-07-18T16:40:50,"20260718_092807_session2",206,206,6,"GEMM","openblas_sgemm",cpu_native,"Intel(R) Core(TM) i9-7900X CPU @ 3.30GHz",8,512,"N=512",21,1.008394,1.008394,1.008394,41.389115,41.389115,0.000000,1.970910e+00,41.044570,7.342213e-09,48.018781,48.018781,5.637145e+09,5.59,3.145728e+06,41.04,in_range,,,,1512,1529,,85,85,84,,-1,-1,-1.000000,-1,t
cpu-gpu-v2,2026-07-18T16:40:51,"20260718_092807_session2",207,207,7,"GEMM","openblas_sgemm",cpu_native,"Intel(R) Core(TM) i9-7900X CPU @ 3.30GHz",8,512,"N=512",21,0.887415,0.887415,0.887415,36.695646,36.695646,0.000000,1.747412e+00,41.351159,6.509616e-09,42.257865,42.257865,5.637145e+09,6.35,3.145728e+06,41.35,in_range,,,,1487,1780,,84,84,84,,-1,-1,-1.000000,-1,t
cpu-gpu-v2,2026-07-18T16:40:52,"20260718_092807_session2",208,208,8,"GEMM","openblas_sgemm",cpu_native,"Intel(R) Core(TM) i9-7900X CPU @ 3.30GHz",8,512,"N=512",21,0.978549,0.978549,0.978549,40.967486,40.967486,0.000000,1.950833e+00,41.865525,7.267418e-09,46.597593,46.597593,5.637145e+09,5.76,3.145728e+06,41.87,in_range,,,,1799,1530,,84,84,83,,-1,-1,-1.000000,-1,t
cpu-gpu-v2,2026-07-18T16:40:53,"20260718_092807_session2",209,209,9,"GEMM","openblas_sgemm",cpu_native,"Intel(R) Core(TM) i9-7900X CPU @ 3.30GHz",8,512,"N=512",21,0.768631,0.768631,0.768631,31.865275,31.865275,0.000000,1.517394e+00,41.457179,5.652733e-09,36.601478,36.601478,5.637145e+09,7.33,3.145728e+06,41.46,in_range,,,,1507,1530,,83,83,83,,-1,-1,-1.000000,-1,t
cpu-gpu-v2,2026-07-18T16:40:54,"20260718_092807_session2",210,210,10,"GEMM","openblas_sgemm",cpu_native,"Intel(R) Core(TM) i9-7900X CPU @ 3.30GHz",8,512,"N=512",21,1.008200,1.008200,1.008200,42.730848,42.730848,0.000000,2.034802e+00,42.383325,7.580229e-09,48.009501,48.009501,5.637145e+09,5.59,3.145728e+06,42.38,in_range,,,,1489,1529,,85,83,85,,-1,-1,-1.000000,-1,t
cpu-gpu-v2,2026-07-18T16:40:57,"20260718_092807_session2",211,211,1,"GEMM","openblas_sgemm",cpu_native,"Intel(R) Core(TM) i9-7900X CPU @ 3.30GHz",20,1024,"N=1024",6,1.077001,1.077001,1.077001,46.064275,46.064275,0.000000,7.677379e+00,42.770882,3.575058e-09,179.500139,179.500139,1.288490e+10,11.96,1.258291e+07,42.77,in_range,,,,1530,1680,,85,85,84,,-1,-1,-1.000000,-1,t
cpu-gpu-v2,2026-07-18T16:40:58,"20260718_092807_session2",212,212,2,"GEMM","openblas_sgemm",cpu_native,"Intel(R) Core(TM) i9-7900X CPU @ 3.30GHz",20,1024,"N=1024",6,1.078956,1.078956,1.078956,46.466678,46.466724,0.000046,7.744454e+00,43.066366,3.606292e-09,179.826039,179.826039,1.288490e+10,11.94,1.258291e+07,43.07,in_range,,,,1530,1529,,84,84,83,,-1,-1,-1.000000,-1,t
cpu-gpu-v2,2026-07-18T16:40:59,"20260718_092807_session2",213,213,3,"GEMM","openblas_sgemm",cpu_native,"Intel(R) Core(TM) i9-7900X CPU @ 3.30GHz",20,1024,"N=1024",6,1.080546,1.080546,1.080546,45.843388,45.843434,0.000046,7.640572e+00,42.426165,3.557919e-09,180.091045,180.091045,1.288490e+10,11.92,1.258291e+07,42.43,in_range,,,,1529,1530,,84,83,84,,-1,-1,-1.000000,-1,t
cpu-gpu-v2,2026-07-18T16:41:00,"20260718_092807_session2",214,214,4,"GEMM","openblas_sgemm",cpu_native,"Intel(R) Core(TM) i9-7900X CPU @ 3.30GHz",20,1024,"N=1024",6,0.954548,0.954548,0.954548,40.660052,40.660052,0.000000,6.776675e+00,42.596148,3.155635e-09,159.091273,159.091273,1.288490e+10,13.50,1.258291e+07,42.60,in_range,,,,1529,1530,,84,84,84,,-1,-1,-1.000000,-1,t
cpu-gpu-v2,2026-07-18T16:41:01,"20260718_092807_session2",215,215,5,"GEMM","openblas_sgemm",cpu_native,"Intel(R) Core(TM) i9-7900X CPU @ 3.30GHz",20,1024,"N=1024",6,1.087958,1.087958,1.087958,46.089054,46.089054,0.000000,7.681509e+00,42.362915,3.576981e-09,181.326259,181.326259,1.288490e+10,11.84,1.258291e+07,42.36,in_range,,,,1530,1664,,84,84,83,,-1,-1,-1.000000,-1,t
cpu-gpu-v2,2026-07-18T16:41:02,"20260718_092807_session2",216,216,6,"GEMM","openblas_sgemm",cpu_native,"Intel(R) Core(TM) i9-7900X CPU @ 3.30GHz",20,1024,"N=1024",6,1.113809,1.113809,1.113809,47.591370,47.591370,0.000000,7.931895e+00,42.728476,3.693576e-09,185.634867,185.634867,1.288490e+10,11.57,1.258291e+07,42.73,in_range,,,,1682,1650,,83,83,83,,-1,-1,-1.000000,-1,t
cpu-gpu-v2,2026-07-18T16:41:03,"20260718_092807_session2",217,217,7,"GEMM","openblas_sgemm",cpu_native,"Intel(R) Core(TM) i9-7900X CPU @ 3.30GHz",20,1024,"N=1024",6,1.075535,1.075535,1.075535,46.059818,46.059834,0.000016,7.676639e+00,42.825043,3.574714e-09,179.255837,179.255837,1.288490e+10,11.98,1.258291e+07,42.83,in_range,,,,1775,1663,,83,83,83,,-1,-1,-1.000000,-1,t
cpu-gpu-v2,2026-07-18T16:41:04,"20260718_092807_session2",218,218,8,"GEMM","openblas_sgemm",cpu_native,"Intel(R) Core(TM) i9-7900X CPU @ 3.30GHz",20,1024,"N=1024",6,1.070486,1.070486,1.070486,45.800603,45.800618,0.000015,7.633436e+00,42.784895,3.554596e-09,178.414280,178.414280,1.288490e+10,12.04,1.258291e+07,42.78,in_range,,,,1490,1529,,84,83,84,,-1,-1,-1.000000,-1,t
cpu-gpu-v2,2026-07-18T16:41:06,"20260718_092807_session2",219,219,9,"GEMM","openblas_sgemm",cpu_native,"Intel(R) Core(TM) i9-7900X CPU @ 3.30GHz",20,1024,"N=1024",6,1.076486,1.076486,1.076486,46.058476,46.058476,0.000000,7.676413e+00,42.785967,3.574608e-09,179.414260,179.414260,1.288490e+10,11.97,1.258291e+07,42.79,in_range,,,,1495,1530,,84,84,81,,-1,-1,-1.000000,-1,t
cpu-gpu-v2,2026-07-18T16:41:07,"20260718_092807_session2",220,220,10,"GEMM","openblas_sgemm",cpu_native,"Intel(R) Core(TM) i9-7900X CPU @ 3.30GHz",20,1024,"N=1024",6,1.045283,1.045283,1.045283,43.526988,43.526988,0.000000,7.254498e+00,41.641341,3.378139e-09,174.213841,174.213841,1.288490e+10,12.33,1.258291e+07,41.64,in_range,,,,1483,1529,,83,81,83,,-1,-1,-1.000000,-1,t
cpu-gpu-v2,2026-07-18T16:41:10,"20260718_092807_session2",221,221,1,"GEMM","openblas_sgemm",cpu_native,"Intel(R) Core(TM) i9-7900X CPU @ 3.30GHz",20,4096,"N=4096",1,1.125882,1.125882,1.125882,57.831029,57.887761,0.056732,5.788776e+01,51.415483,4.211889e-10,1125.881891,1125.881891,1.374390e+11,122.07,2.013266e+08,51.42,in_range,,,,1529,1529,,86,86,86,,-1,-1,-1.000000,-1,t
cpu-gpu-v2,2026-07-18T16:41:11,"20260718_092807_session2",222,222,2,"GEMM","openblas_sgemm",cpu_native,"Intel(R) Core(TM) i9-7900X CPU @ 3.30GHz",20,4096,"N=4096",1,1.130817,1.130817,1.130817,57.338415,57.384009,0.045594,5.738401e+01,50.745630,4.175236e-10,1130.816752,1130.816752,1.374390e+11,121.54,2.013266e+08,50.75,in_range,,,,1505,1530,,86,86,85,,-1,-1,-1.000000,-1,t
cpu-gpu-v2,2026-07-18T16:41:12,"20260718_092807_session2",223,223,3,"GEMM","openblas_sgemm",cpu_native,"Intel(R) Core(TM) i9-7900X CPU @ 3.30GHz",20,4096,"N=4096",1,1.149212,1.149212,1.149212,58.438632,58.495242,0.056610,5.849524e+01,50.900327,4.256089e-10,1149.211521,1149.211521,1.374390e+11,119.59,2.013266e+08,50.90,in_range,,,,1522,1809,,87,85,87,,-1,-1,-1.000000,-1,t
cpu-gpu-v2,2026-07-18T16:41:14,"20260718_092807_session2",224,224,4,"GEMM","openblas_sgemm",cpu_native,"Intel(R) Core(TM) i9-7900X CPU @ 3.30GHz",20,4096,"N=4096",1,1.140550,1.140550,1.140550,60.316741,60.357347,0.040606,6.035735e+01,52.919515,4.391575e-10,1140.549895,1140.549895,1.374390e+11,120.50,2.013266e+08,52.92,in_range,,,,1760,1685,,87,87,85,,-1,-1,-1.000000,-1,t
cpu-gpu-v2,2026-07-18T16:41:15,"20260718_092807_session2",225,225,5,"GEMM","openblas_sgemm",cpu_native,"Intel(R) Core(TM) i9-7900X CPU @ 3.30GHz",20,4096,"N=4096",1,1.108469,1.108469,1.108469,59.431062,59.483801,0.052739,5.948380e+01,53.663033,4.328016e-10,1108.468865,1108.468865,1.374390e+11,123.99,2.013266e+08,53.66,in_range,,,,1658,1684,,85,85,85,,-1,-1,-1.000000,-1,t
cpu-gpu-v2,2026-07-18T16:41:16,"20260718_092807_session2",226,226,6,"GEMM","openblas_sgemm",cpu_native,"Intel(R) Core(TM) i9-7900X CPU @ 3.30GHz",20,4096,"N=4096",1,1.123954,1.123954,1.123954,59.553254,59.592529,0.039275,5.959253e+01,53.020444,4.335927e-10,1123.953789,1123.953789,1.374390e+11,122.28,2.013266e+08,53.02,in_range,,,,1657,1685,,85,85,85,,-1,-1,-1.000000,-1,t
cpu-gpu-v2,2026-07-18T16:41:17,"20260718_092807_session2",227,227,7,"GEMM","openblas_sgemm",cpu_native,"Intel(R) Core(TM) i9-7900X CPU @ 3.30GHz",20,4096,"N=4096",1,1.109731,1.109731,1.109731,59.251924,59.286212,0.034288,5.928621e+01,53.423928,4.313640e-10,1109.731434,1109.731434,1.374390e+11,123.85,2.013266e+08,53.42,in_range,,,,1682,1684,,85,85,85,,-1,-1,-1.000000,-1,t
cpu-gpu-v2,2026-07-18T16:41:18,"20260718_092807_session2",228,228,8,"GEMM","openblas_sgemm",cpu_native,"Intel(R) Core(TM) i9-7900X CPU @ 3.30GHz",20,4096,"N=4096",1,1.105485,1.105485,1.105485,57.741186,57.779711,0.038525,5.777971e+01,52.266406,4.204027e-10,1105.484682,1105.484682,1.374390e+11,124.32,2.013266e+08,52.27,in_range,,,,1680,1530,,85,85,85,,-1,-1,-1.000000,-1,t
cpu-gpu-v2,2026-07-18T16:41:19,"20260718_092807_session2",229,229,9,"GEMM","openblas_sgemm",cpu_native,"Intel(R) Core(TM) i9-7900X CPU @ 3.30GHz",20,4096,"N=4096",1,1.097958,1.097958,1.097958,56.983863,57.028417,0.044554,5.702842e+01,51.940454,4.149363e-10,1097.957624,1097.957624,1.374390e+11,125.18,2.013266e+08,51.94,in_range,,,,1530,1780,,85,85,84,,-1,-1,-1.000000,-1,t
cpu-gpu-v2,2026-07-18T16:41:20,"20260718_092807_session2",230,230,10,"GEMM","openblas_sgemm",cpu_native,"Intel(R) Core(TM) i9-7900X CPU @ 3.30GHz",20,4096,"N=4096",1,1.148508,1.148508,1.148508,59.994963,60.047824,0.052861,6.004782e+01,52.283330,4.369054e-10,1148.508021,1148.508021,1.374390e+11,119.67,2.013266e+08,52.28,in_range,,,,1491,1685,,84,84,84,,-1,-1,-1.000000,-1,t
cpu-gpu-v2,2026-07-18T16:41:23,"20260718_092807_session2",231,231,1,"GEMM","openblas_sgemm",cpu_native,"Intel(R) Core(TM) i9-7900X CPU @ 3.30GHz",1,512,"N=512",754,1.000389,1.000389,1.000389,49.922480,49.922480,0.000000,6.621019e-02,49.903092,2.466522e-10,1.326775,1.326775,2.024003e+11,202.32,3.145728e+06,49.90,in_range,,,,1339,1340,,84,84,83,,-1,-1,-1.000000,-1,t
cpu-gpu-v2,2026-07-18T16:41:24,"20260718_092807_session2",232,232,2,"GEMM","openblas_sgemm",cpu_native,"Intel(R) Core(TM) i9-7900X CPU @ 3.30GHz",1,512,"N=512",754,1.006331,1.006331,1.006331,48.710752,48.710752,0.000000,6.460312e-02,48.404316,2.406654e-10,1.334656,1.334656,2.024003e+11,201.13,3.145728e+06,48.40,in_range,,,,1221,1339,,84,83,84,,-1,-1,-1.000000,-1,t
cpu-gpu-v2,2026-07-18T16:41:25,"20260718_092807_session2",233,233,3,"GEMM","openblas_sgemm",cpu_native,"Intel(R) Core(TM) i9-7900X CPU @ 3.30GHz",1,512,"N=512",754,1.004119,1.004119,1.004119,49.169491,49.169491,0.000000,6.521153e-02,48.967778,2.429319e-10,1.331723,1.331723,2.024003e+11,201.57,3.145728e+06,48.97,in_range,,,,1333,1611,,84,84,84,,-1,-1,-1.000000,-1,t
cpu-gpu-v2,2026-07-18T16:41:26,"20260718_092807_session2",234,234,4,"GEMM","openblas_sgemm",cpu_native,"Intel(R) Core(TM) i9-7900X CPU @ 3.30GHz",1,512,"N=512",754,1.006636,1.006636,1.006636,49.336178,49.336178,0.000000,6.543260e-02,49.010927,2.437554e-10,1.335061,1.335061,2.024003e+11,201.07,3.145728e+06,49.01,in_range,,,,1608,1649,,84,84,84,,-1,-1,-1.000000,-1,t
cpu-gpu-v2,2026-07-18T16:41:27,"20260718_092807_session2",235,235,5,"GEMM","openblas_sgemm",cpu_native,"Intel(R) Core(TM) i9-7900X CPU @ 3.30GHz",1,512,"N=512",754,1.006302,1.006302,1.006302,50.264947,50.264947,0.000000,6.666439e-02,49.950186,2.483442e-10,1.334617,1.334617,2.024003e+11,201.13,3.145728e+06,49.95,in_range,,,,1605,1610,,84,84,84,,-1,-1,-1.000000,-1,t
cpu-gpu-v2,2026-07-18T16:41:28,"20260718_092807_session2",236,236,6,"GEMM","openblas_sgemm",cpu_native,"Intel(R) Core(TM) i9-7900X CPU @ 3.30GHz",1,512,"N=512",754,1.006578,1.006578,1.006578,49.801203,49.801203,0.000000,6.604934e-02,49.475738,2.460530e-10,1.334984,1.334984,2.024003e+11,201.08,3.145728e+06,49.48,in_range,,,,1610,1630,,84,84,84,,-1,-1,-1.000000,-1,t
cpu-gpu-v2,2026-07-18T16:41:29,"20260718_092807_session2",237,237,7,"GEMM","openblas_sgemm",cpu_native,"Intel(R) Core(TM) i9-7900X CPU @ 3.30GHz",1,512,"N=512",754,1.006389,1.006389,1.006389,49.719539,49.719539,0.000000,6.594103e-02,49.403890,2.456495e-10,1.334734,1.334734,2.024003e+11,201.12,3.145728e+06,49.40,in_range,,,,1500,1339,,84,84,83,,-1,-1,-1.000000,-1,t
cpu-gpu-v2,2026-07-18T16:41:30,"20260718_092807_session2",238,238,8,"GEMM","openblas_sgemm",cpu_native,"Intel(R) Core(TM) i9-7900X CPU @ 3.30GHz",1,512,"N=512",754,1.004532,1.004532,1.004532,49.741938,49.741938,0.000000,6.597074e-02,49.517539,2.457602e-10,1.332270,1.332270,2.024003e+11,201.49,3.145728e+06,49.52,in_range,,,,1329,1339,,84,83,84,,-1,-1,-1.000000,-1,t
cpu-gpu-v2,2026-07-18T16:41:31,"20260718_092807_session2",239,239,9,"GEMM","openblas_sgemm",cpu_native,"Intel(R) Core(TM) i9-7900X CPU @ 3.30GHz",1,512,"N=512",754,1.006272,1.006272,1.006272,50.364190,50.364190,0.000000,6.679601e-02,50.050287,2.488345e-10,1.334578,1.334578,2.024003e+11,201.14,3.145728e+06,50.05,in_range,,,,1338,1340,,84,84,83,,-1,-1,-1.000000,-1,t
cpu-gpu-v2,2026-07-18T16:41:32,"20260718_092807_session2",240,240,10,"GEMM","openblas_sgemm",cpu_native,"Intel(R) Core(TM) i9-7900X CPU @ 3.30GHz",1,512,"N=512",754,1.000262,1.000262,1.000262,50.055475,50.055475,0.000000,6.638657e-02,50.042349,2.473093e-10,1.326608,1.326608,2.024003e+11,202.35,3.145728e+06,50.04,in_range,,,,1364,1591,,83,83,83,,-1,-1,-1.000000,-1,t
cpu-gpu-v2,2026-07-18T16:41:35,"20260718_092807_session2",241,241,1,"GEMM","openblas_sgemm",cpu_native,"Intel(R) Core(TM) i9-7900X CPU @ 3.30GHz",10,64,"N=64",446387,0.999944,0.999944,0.999944,46.661685,46.661685,0.000000,1.045319e-04,46.664299,1.993788e-10,0.002240,0.002240,2.340353e+11,234.05,4.915200e+04,46.66,in_range,,,,1340,1340,,83,83,83,,-1,-1,-1.000000,-1,t
cpu-gpu-v2,2026-07-18T16:41:36,"20260718_092807_session2",242,242,2,"GEMM","openblas_sgemm",cpu_native,"Intel(R) Core(TM) i9-7900X CPU @ 3.30GHz",10,64,"N=64",446387,1.005661,1.005661,1.005661,47.081606,47.081606,0.000000,1.054726e-04,46.816598,2.011731e-10,0.002253,0.002253,2.340353e+11,232.72,4.915200e+04,46.82,in_range,,,,1309,1339,,83,83,83,,-1,-1,-1.000000,-1,t
cpu-gpu-v2,2026-07-18T16:41:37,"20260718_092807_session2",243,243,3,"GEMM","openblas_sgemm",cpu_native,"Intel(R) Core(TM) i9-7900X CPU @ 3.30GHz",10,64,"N=64",446387,1.008916,1.008916,1.008916,47.093568,47.093568,0.000000,1.054994e-04,46.677383,2.012242e-10,0.002260,0.002260,2.340353e+11,231.97,4.915200e+04,46.68,in_range,,,,1494,1340,,84,83,84,,-1,-1,-1.000000,-1,t
cpu-gpu-v2,2026-07-18T16:41:38,"20260718_092807_session2",244,244,4,"GEMM","openblas_sgemm",cpu_native,"Intel(R) Core(TM) i9-7900X CPU @ 3.30GHz",10,64,"N=64",446387,1.005131,1.005131,1.005131,48.485227,48.485227,0.000000,1.086170e-04,48.237707,2.071705e-10,0.002252,0.002252,2.340353e+11,232.84,4.915200e+04,48.24,in_range,,,,1507,1339,,84,84,83,,-1,-1,-1.000000,-1,t
cpu-gpu-v2,2026-07-18T16:41:39,"20260718_092807_session2",245,245,5,"GEMM","openblas_sgemm",cpu_native,"Intel(R) Core(TM) i9-7900X CPU @ 3.30GHz",10,64,"N=64",446387,1.006537,1.006537,1.006537,48.696958,48.696958,0.000000,1.090913e-04,48.380685,2.080752e-10,0.002255,0.002255,2.340353e+11,232.52,4.915200e+04,48.38,in_range,,,,1250,1340,,83,83,82,,-1,-1,-1.000000,-1,t
cpu-gpu-v2,2026-07-18T16:41:40,"20260718_092807_session2",246,246,6,"GEMM","openblas_sgemm",cpu_native,"Intel(R) Core(TM) i9-7900X CPU @ 3.30GHz",10,64,"N=64",446387,1.005698,1.005698,1.005698,48.742368,48.742368,0.000000,1.091931e-04,48.466207,2.082693e-10,0.002253,0.002253,2.340353e+11,232.71,4.915200e+04,48.47,in_range,,,,1200,1468,,82,82,82,,-1,-1,-1.000000,-1,t
cpu-gpu-v2,2026-07-18T16:41:41,"20260718_092807_session2",247,247,7,"GEMM","openblas_sgemm",cpu_native,"Intel(R) Core(TM) i9-7900X CPU @ 3.30GHz",10,64,"N=64",446387,1.005945,1.005945,1.005945,46.948915,46.948915,0.000000,1.051754e-04,46.671439,2.006061e-10,0.002254,0.002254,2.340353e+11,232.65,4.915200e+04,46.67,in_range,,,,1467,1339,,83,82,83,,-1,-1,-1.000000,-1,t
cpu-gpu-v2,2026-07-18T16:41:42,"20260718_092807_session2",248,248,8,"GEMM","openblas_sgemm",cpu_native,"Intel(R) Core(TM) i9-7900X CPU @ 3.30GHz",10,64,"N=64",446387,1.004945,1.004945,1.004945,47.637635,47.637635,0.000000,1.067182e-04,47.403219,2.035489e-10,0.002251,0.002251,2.340353e+11,232.88,4.915200e+04,47.40,in_range,,,,1476,1340,,83,83,83,,-1,-1,-1.000000,-1,t
cpu-gpu-v2,2026-07-18T16:41:43,"20260718_092807_session2",249,249,9,"GEMM","openblas_sgemm",cpu_native,"Intel(R) Core(TM) i9-7900X CPU @ 3.30GHz",10,64,"N=64",446387,1.003145,1.003145,1.003145,47.956786,47.956786,0.000000,1.074332e-04,47.806428,2.049126e-10,0.002247,0.002247,2.340353e+11,233.30,4.915200e+04,47.81,in_range,,,,1340,1340,,83,83,82,,-1,-1,-1.000000,-1,t
cpu-gpu-v2,2026-07-18T16:41:44,"20260718_092807_session2",250,250,10,"GEMM","openblas_sgemm",cpu_native,"Intel(R) Core(TM) i9-7900X CPU @ 3.30GHz",10,64,"N=64",446387,1.006012,1.006012,1.006012,47.117372,47.117372,0.000000,1.055527e-04,46.835805,2.013259e-10,0.002254,0.002254,2.340353e+11,232.64,4.915200e+04,46.84,in_range,,,,1240,1462,,83,82,83,,-1,-1,-1.000000,-1,t
cpu-gpu-v2,2026-07-18T16:41:48,"20260718_092807_session2",251,251,1,"GEMM","openblas_sgemm",cpu_native,"Intel(R) Core(TM) i9-7900X CPU @ 3.30GHz",10,128,"N=128",42,1.018377,1.018377,1.018377,43.335095,43.335095,0.000000,1.031788e+00,42.553077,2.459974e-07,24.247083,24.247083,1.761608e+08,0.17,1.966080e+05,42.55,in_range,,,,1530,1662,,85,85,83,,-1,-1,-1.000000,-1,t
cpu-gpu-v2,2026-07-18T16:41:49,"20260718_092807_session2",252,252,2,"GEMM","openblas_sgemm",cpu_native,"Intel(R) Core(TM) i9-7900X CPU @ 3.30GHz",10,128,"N=128",42,1.318242,1.318242,1.318242,57.582922,57.582922,0.000000,1.371022e+00,43.681591,3.268771e-07,31.386722,31.386722,1.761608e+08,0.13,1.966080e+05,43.68,above,,,,1830,1685,,84,83,84,,-1,-1,-1.000000,-1,t
cpu-gpu-v2,2026-07-18T16:41:51,"20260718_092807_session2",253,253,3,"GEMM","openblas_sgemm",cpu_native,"Intel(R) Core(TM) i9-7900X CPU @ 3.30GHz",10,128,"N=128",42,1.456701,1.456701,1.456701,64.338275,64.338275,0.000000,1.531864e+00,44.167118,3.652248e-07,34.683352,34.683352,1.761608e+08,0.12,1.966080e+05,44.17,above,,,,1685,1685,,85,84,85,,-1,-1,-1.000000,-1,t
cpu-gpu-v2,2026-07-18T16:41:52,"20260718_092807_session2",254,254,4,"GEMM","openblas_sgemm",cpu_native,"Intel(R) Core(TM) i9-7900X CPU @ 3.30GHz",10,128,"N=128",42,1.008392,1.008392,1.008392,43.425975,43.425975,0.000000,1.033952e+00,43.064572,2.465133e-07,24.009336,24.009336,1.761608e+08,0.17,1.966080e+05,43.06,in_range,,,,1685,1685,,85,85,83,,-1,-1,-1.000000,-1,t
cpu-gpu-v2,2026-07-18T16:41:53,"20260718_092807_session2",255,255,5,"GEMM","openblas_sgemm",cpu_native,"Intel(R) Core(TM) i9-7900X CPU @ 3.30GHz",10,128,"N=128",42,1.508961,1.508961,1.508961,65.088334,65.088334,0.000000,1.549722e+00,43.134537,3.694826e-07,35.927643,35.927643,1.761608e+08,0.12,1.966080e+05,43.13,above,,,,1653,1685,,83,83,83,,-1,-1,-1.000000,-1,t
cpu-gpu-v2,2026-07-18T16:41:54,"20260718_092807_session2",256,256,6,"GEMM","openblas_sgemm",cpu_native,"Intel(R) Core(TM) i9-7900X CPU @ 3.30GHz",10,128,"N=128",42,1.129409,1.129409,1.129409,47.953979,47.953979,0.000000,1.141761e+00,42.459355,2.722171e-07,26.890691,26.890691,1.761608e+08,0.16,1.966080e+05,42.46,in_range,,,,1643,1960,,83,83,82,,-1,-1,-1.000000,-1,t
cpu-gpu-v2,2026-07-18T16:41:55,"20260718_092807_session2",257,257,7,"GEMM","openblas_sgemm",cpu_native,"Intel(R) Core(TM) i9-7900X CPU @ 3.30GHz",10,128,"N=128",42,1.025796,1.025796,1.025796,42.873181,42.873181,0.000000,1.020790e+00,41.795048,2.433753e-07,24.423708,24.423708,1.761608e+08,0.17,1.966080e+05,41.80,in_range,,,,1640,1685,,83,82,83,,-1,-1,-1.000000,-1,t
cpu-gpu-v2,2026-07-18T16:41:57,"20260718_092807_session2",258,258,8,"GEMM","openblas_sgemm",cpu_native,"Intel(R) Core(TM) i9-7900X CPU @ 3.30GHz",10,128,"N=128",42,1.512421,1.512421,1.512421,64.450091,64.450091,0.000000,1.534526e+00,42.613845,3.658595e-07,36.010033,36.010033,1.761608e+08,0.12,1.966080e+05,42.61,above,,,,1661,1683,,85,83,85,,-1,-1,-1.000000,-1,t
cpu-gpu-v2,2026-07-18T16:41:58,"20260718_092807_session2",259,259,9,"GEMM","openblas_sgemm",cpu_native,"Intel(R) Core(TM) i9-7900X CPU @ 3.30GHz",10,128,"N=128",42,1.213557,1.213557,1.213557,51.659597,51.659597,0.000000,1.229990e+00,42.568729,2.932526e-07,28.894224,28.894224,1.761608e+08,0.15,1.966080e+05,42.57,in_range,,,,1683,1685,,85,85,85,,-1,-1,-1.000000,-1,t
cpu-gpu-v2,2026-07-18T16:41:59,"20260718_092807_session2",260,260,10,"GEMM","openblas_sgemm",cpu_native,"Intel(R) Core(TM) i9-7900X CPU @ 3.30GHz",10,128,"N=128",42,1.030885,1.030885,1.030885,43.959970,43.959970,0.000000,1.046666e+00,42.642922,2.495446e-07,24.544893,24.544893,1.761608e+08,0.17,1.966080e+05,42.64,in_range,,,,1643,1685,,85,85,82,,-1,-1,-1.000000,-1,t
cpu-gpu-v2,2026-07-18T16:42:04,"20260718_092807_session2",261,261,1,"GEMM","openblas_sgemm",cpu_native,"Intel(R) Core(TM) i9-7900X CPU @ 3.30GHz",2,256,"N=256",5480,1.003489,1.003489,1.003489,53.367905,53.367905,0.000000,9.738669e-03,53.182337,2.902349e-10,0.183118,0.183118,1.838783e+11,183.24,7.864320e+05,53.18,in_range,,,,1635,1635,,88,87,88,,-1,-1,-1.000000,-1,t
cpu-gpu-v2,2026-07-18T16:42:05,"20260718_092807_session2",262,262,2,"GEMM","openblas_sgemm",cpu_native,"Intel(R) Core(TM) i9-7900X CPU @ 3.30GHz",2,256,"N=256",5480,1.001253,1.001253,1.001253,53.731186,53.731186,0.000000,9.804961e-03,53.663937,2.922106e-10,0.182710,0.182710,1.838783e+11,183.65,7.864320e+05,53.66,in_range,,,,1635,1617,,88,88,88,,-1,-1,-1.000000,-1,t
cpu-gpu-v2,2026-07-18T16:42:06,"20260718_092807_session2",263,263,3,"GEMM","openblas_sgemm",cpu_native,"Intel(R) Core(TM) i9-7900X CPU @ 3.30GHz",2,256,"N=256",5480,1.004262,1.004262,1.004262,54.450300,54.450300,0.000000,9.936186e-03,54.219195,2.961214e-10,0.183260,0.183260,1.838783e+11,183.10,7.864320e+05,54.22,in_range,,,,1661,1635,,88,88,87,,-1,-1,-1.000000,-1,t
cpu-gpu-v2,2026-07-18T16:42:07,"20260718_092807_session2",264,264,4,"GEMM","openblas_sgemm",cpu_native,"Intel(R) Core(TM) i9-7900X CPU @ 3.30GHz",2,256,"N=256",5480,1.003582,1.003582,1.003582,53.455247,53.455247,0.000000,9.754607e-03,53.264438,2.907099e-10,0.183135,0.183135,1.838783e+11,183.22,7.864320e+05,53.26,in_range,,,,1685,1635,,87,87,87,,-1,-1,-1.000000,-1,t
cpu-gpu-v2,2026-07-18T16:42:08,"20260718_092807_session2",265,265,5,"GEMM","openblas_sgemm",cpu_native,"Intel(R) Core(TM) i9-7900X CPU @ 3.30GHz",2,256,"N=256",5480,1.002981,1.002981,1.002981,53.887679,53.887679,0.000000,9.833518e-03,53.727538,2.930617e-10,0.183026,0.183026,1.838783e+11,183.33,7.864320e+05,53.73,in_range,,,,1685,1610,,87,87,87,,-1,-1,-1.000000,-1,t
cpu-gpu-v2,2026-07-18T16:42:09,"20260718_092807_session2",266,266,6,"GEMM","openblas_sgemm",cpu_native,"Intel(R) Core(TM) i9-7900X CPU @ 3.30GHz",2,256,"N=256",5480,1.003430,1.003430,1.003430,53.809921,53.809921,0.000000,9.819329e-03,53.625991,2.926388e-10,0.183108,0.183108,1.838783e+11,183.25,7.864320e+05,53.63,in_range,,,,1660,1608,,88,87,88,,-1,-1,-1.000000,-1,t
cpu-gpu-v2,2026-07-18T16:42:10,"20260718_092807_session2",267,267,7,"GEMM","openblas_sgemm",cpu_native,"Intel(R) Core(TM) i9-7900X CPU @ 3.30GHz",2,256,"N=256",5480,1.003681,1.003681,1.003681,53.764450,53.764450,0.000000,9.811031e-03,53.567268,2.923915e-10,0.183153,0.183153,1.838783e+11,183.20,7.864320e+05,53.57,in_range,,,,1603,1591,,88,88,84,,-1,-1,-1.000000,-1,t
cpu-gpu-v2,2026-07-18T16:42:11,"20260718_092807_session2",268,268,8,"GEMM","openblas_sgemm",cpu_native,"Intel(R) Core(TM) i9-7900X CPU @ 3.30GHz",2,256,"N=256",5480,1.003340,1.003340,1.003340,54.243453,54.243453,0.000000,9.898440e-03,54.062879,2.949965e-10,0.183091,0.183091,1.838783e+11,183.27,7.864320e+05,54.06,in_range,,,,1685,1635,,88,84,88,,-1,-1,-1.000000,-1,t
cpu-gpu-v2,2026-07-18T16:42:12,"20260718_092807_session2",269,269,9,"GEMM","openblas_sgemm",cpu_native,"Intel(R) Core(TM) i9-7900X CPU @ 3.30GHz",2,256,"N=256",5480,1.003858,1.003858,1.003858,53.950302,53.950302,0.000000,9.844946e-03,53.742966,2.934022e-10,0.183186,0.183186,1.838783e+11,183.17,7.864320e+05,53.74,in_range,,,,1685,1635,,88,88,88,,-1,-1,-1.000000,-1,t
cpu-gpu-v2,2026-07-18T16:42:13,"20260718_092807_session2",270,270,10,"GEMM","openblas_sgemm",cpu_native,"Intel(R) Core(TM) i9-7900X CPU @ 3.30GHz",2,256,"N=256",5480,1.012444,1.012444,1.012444,54.664899,54.664899,0.000000,9.975347e-03,53.993008,2.972885e-10,0.184753,0.184753,1.838783e+11,181.62,7.864320e+05,53.99,in_range,,,,1660,1635,,88,88,87,,-1,-1,-1.000000,-1,t
cpu-gpu-v2,2026-07-18T16:42:15,"20260718_092807_session2",271,271,1,"GEMM","openblas_sgemm",cpu_native,"Intel(R) Core(TM) i9-7900X CPU @ 3.30GHz",8,256,"N=256",42,1.017525,1.017525,1.017525,42.647901,42.647901,0.000000,1.015426e+00,41.913358,3.026206e-08,24.226792,24.226792,1.409286e+09,1.39,7.864320e+05,41.91,in_range,,,,1529,1530,,84,82,84,,-1,-1,-1.000000,-1,t
cpu-gpu-v2,2026-07-18T16:42:16,"20260718_092807_session2",272,272,2,"GEMM","openblas_sgemm",cpu_native,"Intel(R) Core(TM) i9-7900X CPU @ 3.30GHz",8,256,"N=256",42,1.006985,1.006985,1.006985,41.491898,41.491898,0.000000,9.879023e-01,41.204091,2.944178e-08,23.975831,23.975831,1.409286e+09,1.40,7.864320e+05,41.20,in_range,,,,1530,1530,,84,84,84,,-1,-1,-1.000000,-1,t
cpu-gpu-v2,2026-07-18T16:42:17,"20260718_092807_session2",273,273,3,"GEMM","openblas_sgemm",cpu_native,"Intel(R) Core(TM) i9-7900X CPU @ 3.30GHz",8,256,"N=256",42,1.035269,1.035269,1.035269,42.981641,42.981641,0.000000,1.023372e+00,41.517372,3.049887e-08,24.649258,24.649258,1.409286e+09,1.36,7.864320e+05,41.52,in_range,,,,1504,1530,,84,84,83,,-1,-1,-1.000000,-1,t
cpu-gpu-v2,2026-07-18T16:42:18,"20260718_092807_session2",274,274,4,"GEMM","openblas_sgemm",cpu_native,"Intel(R) Core(TM) i9-7900X CPU @ 3.30GHz",8,256,"N=256",42,1.012526,1.012526,1.012526,41.897964,41.897964,0.000000,9.975706e-01,41.379635,2.972992e-08,24.107766,24.107766,1.409286e+09,1.39,7.864320e+05,41.38,in_range,,,,1530,1530,,84,83,84,,-1,-1,-1.000000,-1,t
cpu-gpu-v2,2026-07-18T16:42:20,"20260718_092807_session2",275,275,5,"GEMM","openblas_sgemm",cpu_native,"Intel(R) Core(TM) i9-7900X CPU @ 3.30GHz",8,256,"N=256",42,1.524258,1.524258,1.524258,64.280841,64.280841,0.000000,1.530496e+00,42.171904,4.561234e-08,36.291846,36.291846,1.409286e+09,0.92,7.864320e+05,42.17,above,,,,1483,1529,,84,84,83,,-1,-1,-1.000000,-1,t
cpu-gpu-v2,2026-07-18T16:42:21,"20260718_092807_session2",276,276,6,"GEMM","openblas_sgemm",cpu_native,"Intel(R) Core(TM) i9-7900X CPU @ 3.30GHz",8,256,"N=256",42,1.512682,1.512682,1.512682,63.905232,63.905232,0.000000,1.521553e+00,42.246298,4.534582e-08,36.016248,36.016248,1.409286e+09,0.93,7.864320e+05,42.25,above,,,,1530,1530,,85,83,85,,-1,-1,-1.000000,-1,t
cpu-gpu-v2,2026-07-18T16:42:23,"20260718_092807_session2",277,277,7,"GEMM","openblas_sgemm",cpu_native,"Intel(R) Core(TM) i9-7900X CPU @ 3.30GHz",8,256,"N=256",42,1.351073,1.351073,1.351073,56.418435,56.418435,0.000000,1.343296e+00,41.758238,4.003334e-08,32.168409,32.168409,1.409286e+09,1.04,7.864320e+05,41.76,above,,,,1484,1530,,85,85,83,,-1,-1,-1.000000,-1,t
cpu-gpu-v2,2026-07-18T16:42:24,"20260718_092807_session2",278,278,8,"GEMM","openblas_sgemm",cpu_native,"Intel(R) Core(TM) i9-7900X CPU @ 3.30GHz",8,256,"N=256",42,1.176141,1.176141,1.176141,48.841977,48.841977,0.000000,1.162904e+00,41.527329,3.465725e-08,28.003347,28.003347,1.409286e+09,1.20,7.864320e+05,41.53,in_range,,,,1530,1530,,84,83,84,,-1,-1,-1.000000,-1,t
cpu-gpu-v2,2026-07-18T16:42:25,"20260718_092807_session2",279,279,9,"GEMM","openblas_sgemm",cpu_native,"Intel(R) Core(TM) i9-7900X CPU @ 3.30GHz",8,256,"N=256",42,1.500457,1.500457,1.500457,63.145224,63.145224,0.000000,1.503458e+00,42.084000,4.480653e-08,35.725162,35.725162,1.409286e+09,0.94,7.864320e+05,42.08,above,,,,1530,1530,,85,84,85,,-1,-1,-1.000000,-1,t
cpu-gpu-v2,2026-07-18T16:42:27,"20260718_092807_session2",280,280,10,"GEMM","openblas_sgemm",cpu_native,"Intel(R) Core(TM) i9-7900X CPU @ 3.30GHz",8,256,"N=256",42,1.343544,1.343544,1.343544,56.623085,56.623085,0.000000,1.348169e+00,42.144573,4.017856e-08,31.989141,31.989141,1.409286e+09,1.05,7.864320e+05,42.14,above,,,,1529,1530,,85,85,83,,-1,-1,-1.000000,-1,t
cpu-gpu-v2,2026-07-18T16:42:43,"20260718_092807_session2",281,281,1,"GEMM","openblas_sgemm",cpu_native,"Intel(R) Core(TM) i9-7900X CPU @ 3.30GHz",4,8192,"N=8192",1,5.459635,5.459635,5.459635,309.765137,310.094194,0.329057,3.100942e+02,56.797601,2.820290e-10,5459.635390,5459.635390,1.099512e+12,201.39,8.053064e+08,56.80,above,,,,1481,1530,,91,91,91,,-1,-1,-1.000000,-1,t
cpu-gpu-v2,2026-07-18T16:42:49,"20260718_092807_session2",282,282,2,"GEMM","openblas_sgemm",cpu_native,"Intel(R) Core(TM) i9-7900X CPU @ 3.30GHz",4,8192,"N=8192",1,5.463232,5.463232,5.463232,310.624327,310.969847,0.345520,3.109698e+02,56.920491,2.828254e-10,5463.231984,5463.231984,1.099512e+12,201.26,8.053064e+08,56.92,above,,,,1599,1481,,91,91,89,,-1,-1,-1.000000,-1,t
cpu-gpu-v2,2026-07-18T16:42:54,"20260718_092807_session2",283,283,3,"GEMM","openblas_sgemm",cpu_native,"Intel(R) Core(TM) i9-7900X CPU @ 3.30GHz",4,8192,"N=8192",1,5.460670,5.460670,5.460670,311.783809,312.097505,0.313696,3.120975e+02,57.153699,2.838510e-10,5460.670250,5460.670250,1.099512e+12,201.35,8.053064e+08,57.15,above,,,,1530,1527,,92,89,92,,-1,-1,-1.000000,-1,t
cpu-gpu-v2,2026-07-18T16:43:00,"20260718_092807_session2",284,284,4,"GEMM","openblas_sgemm",cpu_native,"Intel(R) Core(TM) i9-7900X CPU @ 3.30GHz",4,8192,"N=8192",1,5.462597,5.462597,5.462597,311.768611,312.110750,0.342139,3.121107e+02,57.135962,2.838631e-10,5462.597251,5462.597251,1.099512e+12,201.28,8.053064e+08,57.14,above,,,,1529,1529,,92,92,92,,-1,-1,-1.000000,-1,t
cpu-gpu-v2,2026-07-18T16:43:05,"20260718_092807_session2",285,285,5,"GEMM","openblas_sgemm",cpu_native,"Intel(R) Core(TM) i9-7900X CPU @ 3.30GHz",4,8192,"N=8192",1,5.458358,5.458358,5.458358,307.455694,307.782441,0.326747,3.077824e+02,56.387370,2.799265e-10,5458.357842,5458.357842,1.099512e+12,201.44,8.053064e+08,56.39,above,,,,1530,1530,,92,92,92,,-1,-1,-1.000000,-1,t
cpu-gpu-v2,2026-07-18T16:43:11,"20260718_092807_session2",286,286,6,"GEMM","openblas_sgemm",cpu_native,"Intel(R) Core(TM) i9-7900X CPU @ 3.30GHz",4,8192,"N=8192",1,5.460940,5.460940,5.460940,313.040031,313.371627,0.331596,3.133716e+02,57.384191,2.850098e-10,5460.940064,5460.940064,1.099512e+12,201.34,8.053064e+08,57.38,above,,,,1644,1530,,92,92,92,,-1,-1,-1.000000,-1,t
cpu-gpu-v2,2026-07-18T16:43:16,"20260718_092807_session2",287,287,7,"GEMM","openblas_sgemm",cpu_native,"Intel(R) Core(TM) i9-7900X CPU @ 3.30GHz",4,8192,"N=8192",1,5.464047,5.464047,5.464047,314.030568,314.379148,0.348580,3.143791e+02,57.535956,2.859262e-10,5464.046641,5464.046641,1.099512e+12,201.23,8.053064e+08,57.54,above,,,,1653,1636,,92,92,92,,-1,-1,-1.000000,-1,t
cpu-gpu-v2,2026-07-18T16:43:22,"20260718_092807_session2",288,288,8,"GEMM","openblas_sgemm",cpu_native,"Intel(R) Core(TM) i9-7900X CPU @ 3.30GHz",4,8192,"N=8192",1,5.475426,5.475426,5.475426,315.174791,315.527501,0.352710,3.155275e+02,57.626107,2.869706e-10,5475.426297,5475.426297,1.099512e+12,200.81,8.053064e+08,57.63,above,,,,1667,1626,,92,92,89,,-1,-1,-1.000000,-1,t
cpu-gpu-v2,2026-07-18T16:43:27,"20260718_092807_session2",289,289,9,"GEMM","openblas_sgemm",cpu_native,"Intel(R) Core(TM) i9-7900X CPU @ 3.30GHz",4,8192,"N=8192",1,5.461205,5.461205,5.461205,310.670042,311.035100,0.365058,3.110351e+02,56.953563,2.828848e-10,5461.205344,5461.205344,1.099512e+12,201.33,8.053064e+08,56.95,above,,,,1641,1530,,91,89,91,,-1,-1,-1.000000,-1,t
cpu-gpu-v2,2026-07-18T16:43:33,"20260718_092807_session2",290,290,10,"GEMM","openblas_sgemm",cpu_native,"Intel(R) Core(TM) i9-7900X CPU @ 3.30GHz",4,8192,"N=8192",1,5.460108,5.460108,5.460108,311.656184,312.007166,0.350982,3.120072e+02,57.143036,2.837689e-10,5460.108339,5460.108339,1.099512e+12,201.37,8.053064e+08,57.14,above,,,,1660,1529,,92,91,92,,-1,-1,-1.000000,-1,t
cpu-gpu-v2,2026-07-18T16:43:35,"20260718_092807_session2",291,291,1,"GEMM","openblas_sgemm",cpu_native,"Intel(R) Core(TM) i9-7900X CPU @ 3.30GHz",1,1024,"N=1024",93,0.999973,0.999973,0.999973,48.912472,48.912472,0.000000,5.259406e-01,48.913801,2.449102e-10,10.752396,10.752396,1.997160e+11,199.72,1.258291e+07,48.91,in_range,,,,1339,1340,,84,84,83,,-1,-1,-1.000000,-1,t
cpu-gpu-v2,2026-07-18T16:43:36,"20260718_092807_session2",292,292,2,"GEMM","openblas_sgemm",cpu_native,"Intel(R) Core(TM) i9-7900X CPU @ 3.30GHz",1,1024,"N=1024",93,1.000832,1.000832,1.000832,48.511045,48.511045,0.000000,5.216241e-01,48.470694,2.429002e-10,10.761640,10.761640,1.997160e+11,199.55,1.258291e+07,48.47,in_range,,,,1362,1339,,83,83,83,,-1,-1,-1.000000,-1,t
cpu-gpu-v2,2026-07-18T16:43:37,"20260718_092807_session2",293,293,3,"GEMM","openblas_sgemm",cpu_native,"Intel(R) Core(TM) i9-7900X CPU @ 3.30GHz",1,1024,"N=1024",93,1.005029,1.005029,1.005029,50.285882,50.285882,0.000000,5.407084e-01,50.034249,2.517870e-10,10.806766,10.806766,1.997160e+11,198.72,1.258291e+07,50.03,in_range,,,,1214,1340,,83,83,83,,-1,-1,-1.000000,-1,t
cpu-gpu-v2,2026-07-18T16:43:38,"20260718_092807_session2",294,294,4,"GEMM","openblas_sgemm",cpu_native,"Intel(R) Core(TM) i9-7900X CPU @ 3.30GHz",1,1024,"N=1024",93,1.004022,1.004022,1.004022,48.893369,48.893369,0.000000,5.257352e-01,48.697521,2.448145e-10,10.795932,10.795932,1.997160e+11,198.92,1.258291e+07,48.70,in_range,,,,1331,1340,,84,83,84,,-1,-1,-1.000000,-1,t
cpu-gpu-v2,2026-07-18T16:43:39,"20260718_092807_session2",295,295,5,"GEMM","openblas_sgemm",cpu_native,"Intel(R) Core(TM) i9-7900X CPU @ 3.30GHz",1,1024,"N=1024",93,1.004411,1.004411,1.004411,49.174007,49.174007,0.000000,5.287528e-01,48.958054,2.462197e-10,10.800118,10.800118,1.997160e+11,198.84,1.258291e+07,48.96,in_range,,,,1279,1340,,84,84,83,,-1,-1,-1.000000,-1,t
cpu-gpu-v2,2026-07-18T16:43:40,"20260718_092807_session2",296,296,6,"GEMM","openblas_sgemm",cpu_native,"Intel(R) Core(TM) i9-7900X CPU @ 3.30GHz",1,1024,"N=1024",93,1.004523,1.004523,1.004523,50.321893,50.321893,0.000000,5.410956e-01,50.095325,2.519673e-10,10.801320,10.801320,1.997160e+11,198.82,1.258291e+07,50.10,in_range,,,,1232,1340,,83,83,83,,-1,-1,-1.000000,-1,t
cpu-gpu-v2,2026-07-18T16:43:41,"20260718_092807_session2",297,297,7,"GEMM","openblas_sgemm",cpu_native,"Intel(R) Core(TM) i9-7900X CPU @ 3.30GHz",1,1024,"N=1024",93,1.004115,1.004115,1.004115,49.027218,49.027218,0.000000,5.271744e-01,48.826286,2.454847e-10,10.796938,10.796938,1.997160e+11,198.90,1.258291e+07,48.83,in_range,,,,1297,1339,,85,83,85,,-1,-1,-1.000000,-1,t
cpu-gpu-v2,2026-07-18T16:43:42,"20260718_092807_session2",298,298,8,"GEMM","openblas_sgemm",cpu_native,"Intel(R) Core(TM) i9-7900X CPU @ 3.30GHz",1,1024,"N=1024",93,1.004195,1.004195,1.004195,49.138424,49.138424,0.000000,5.283702e-01,48.933128,2.460415e-10,10.797800,10.797800,1.997160e+11,198.88,1.258291e+07,48.93,in_range,,,,1292,1339,,85,85,83,,-1,-1,-1.000000,-1,t
cpu-gpu-v2,2026-07-18T16:43:43,"20260718_092807_session2",299,299,9,"GEMM","openblas_sgemm",cpu_native,"Intel(R) Core(TM) i9-7900X CPU @ 3.30GHz",1,1024,"N=1024",93,1.002171,1.002171,1.002171,49.181392,49.181392,0.000000,5.288322e-01,49.074873,2.462567e-10,10.776027,10.776027,1.997160e+11,199.28,1.258291e+07,49.07,in_range,,,,1449,1339,,83,83,83,,-1,-1,-1.000000,-1,t
cpu-gpu-v2,2026-07-18T16:43:44,"20260718_092807_session2",300,300,10,"GEMM","openblas_sgemm",cpu_native,"Intel(R) Core(TM) i9-7900X CPU @ 3.30GHz",1,1024,"N=1024",93,1.003307,1.003307,1.003307,50.347650,50.347650,0.000000,5.413726e-01,50.181697,2.520963e-10,10.788248,10.788248,1.997160e+11,199.06,1.258291e+07,50.18,in_range,,,,1339,1340,,84,83,84,,-1,-1,-1.000000,-1,t
cpu-gpu-v2,2026-07-18T16:45:58,"20260718_092807_session2",301,301,1,"GEMM","openblas_sgemm",cpu_native,"Intel(R) Core(TM) i9-7900X CPU @ 3.30GHz",4,16384,"N=16384",1,44.335950,44.335950,44.335950,2530.290397,2533.265206,2.974809,2.533265e+03,57.137948,2.879989e-10,44335.949742,44335.949742,8.796093e+12,198.40,3.221225e+09,57.14,above,,,,1684,1480,,90,90,86,,-1,-1,-1.000000,-1,t
cpu-gpu-v2,2026-07-18T16:46:42,"20260718_092807_session2",302,302,2,"GEMM","openblas_sgemm",cpu_native,"Intel(R) Core(TM) i9-7900X CPU @ 3.30GHz",4,16384,"N=16384",1,44.466717,44.466717,44.466717,2536.796362,2539.814547,3.018185,2.539815e+03,57.117204,2.887435e-10,44466.717392,44466.717392,8.796093e+12,197.81,3.221225e+09,57.12,above,,,,1480,1685,,90,86,90,,-1,-1,-1.000000,-1,t
cpu-gpu-v2,2026-07-18T16:47:27,"20260718_092807_session2",303,303,3,"GEMM","openblas_sgemm",cpu_native,"Intel(R) Core(TM) i9-7900X CPU @ 3.30GHz",4,16384,"N=16384",1,44.419002,44.419002,44.419002,2521.612930,2524.354247,2.741317,2.524354e+03,56.830503,2.869859e-10,44419.001979,44419.001979,8.796093e+12,198.03,3.221225e+09,56.83,above,,,,1659,1530,,91,90,91,,-1,-1,-1.000000,-1,t
cpu-gpu-v2,2026-07-18T16:48:11,"20260718_092807_session2",304,304,4,"GEMM","openblas_sgemm",cpu_native,"Intel(R) Core(TM) i9-7900X CPU @ 3.30GHz",4,16384,"N=16384",1,44.356969,44.356969,44.356969,2528.514584,2531.510354,2.995770,2.531510e+03,57.071311,2.877994e-10,44356.969022,44356.969022,8.796093e+12,198.30,3.221225e+09,57.07,above,,,,1651,1685,,91,91,90,,-1,-1,-1.000000,-1,t
cpu-gpu-v2,2026-07-18T16:48:55,"20260718_092807_session2",305,305,5,"GEMM","openblas_sgemm",cpu_native,"Intel(R) Core(TM) i9-7900X CPU @ 3.30GHz",4,16384,"N=16384",1,44.401538,44.401538,44.401538,2534.487225,2537.686807,3.199582,2.537687e+03,57.153128,2.885016e-10,44401.538445,44401.538445,8.796093e+12,198.10,3.221225e+09,57.15,above,,,,1666,1479,,91,90,91,,-1,-1,-1.000000,-1,t
cpu-gpu-v2,2026-07-18T16:49:40,"20260718_092807_session2",306,306,6,"GEMM","openblas_sgemm",cpu_native,"Intel(R) Core(TM) i9-7900X CPU @ 3.30GHz",4,16384,"N=16384",1,44.309175,44.309175,44.309175,2524.315986,2527.610091,3.294105,2.527610e+03,57.044846,2.873560e-10,44309.175482,44309.175482,8.796093e+12,198.52,3.221225e+09,57.04,above,,,,1518,1529,,91,91,90,,-1,-1,-1.000000,-1,t
cpu-gpu-v2,2026-07-18T16:50:24,"20260718_092807_session2",307,307,7,"GEMM","openblas_sgemm",cpu_native,"Intel(R) Core(TM) i9-7900X CPU @ 3.30GHz",4,16384,"N=16384",1,44.419608,44.419608,44.419608,2532.864610,2535.845050,2.980440,2.535845e+03,57.088415,2.882922e-10,44419.608230,44419.608230,8.796093e+12,198.02,3.221225e+09,57.09,above,,,,1647,1685,,90,90,90,,-1,-1,-1.000000,-1,t
cpu-gpu-v2,2026-07-18T16:51:09,"20260718_092807_session2",308,308,8,"GEMM","openblas_sgemm",cpu_native,"Intel(R) Core(TM) i9-7900X CPU @ 3.30GHz",4,16384,"N=16384",1,44.422442,44.422442,44.422442,2546.679211,2549.481177,2.801966,2.549481e+03,57.391738,2.898425e-10,44422.442120,44422.442120,8.796093e+12,198.01,3.221225e+09,57.39,above,,,,1684,1663,,90,90,90,,-1,-1,-1.000000,-1,t
cpu-gpu-v2,2026-07-18T16:51:53,"20260718_092807_session2",309,309,9,"GEMM","openblas_sgemm",cpu_native,"Intel(R) Core(TM) i9-7900X CPU @ 3.30GHz",4,16384,"N=16384",1,44.328630,44.328630,44.328630,2533.709334,2536.477318,2.767984,2.536477e+03,57.219844,2.883641e-10,44328.630129,44328.630129,8.796093e+12,198.43,3.221225e+09,57.22,above,,,,1639,1479,,90,90,90,,-1,-1,-1.000000,-1,t
cpu-gpu-v2,2026-07-18T16:52:37,"20260718_092807_session2",310,310,10,"GEMM","openblas_sgemm",cpu_native,"Intel(R) Core(TM) i9-7900X CPU @ 3.30GHz",4,16384,"N=16384",1,44.242933,44.242933,44.242933,2538.297701,2540.933126,2.635425,2.540933e+03,57.431390,2.888707e-10,44242.932913,44242.932913,8.796093e+12,198.81,3.221225e+09,57.43,above,,,,1503,1529,,92,90,92,,-1,-1,-1.000000,-1,t
cpu-gpu-v2,2026-07-18T16:52:41,"20260718_092807_session2",311,311,1,"GEMM","openblas_sgemm",cpu_native,"Intel(R) Core(TM) i9-7900X CPU @ 3.30GHz",1,128,"N=128",41220,1.000962,1.000962,1.000962,48.483763,48.483763,0.000000,1.176219e-03,48.437153,2.804326e-10,0.024283,0.024283,1.728892e+11,172.72,1.966080e+05,48.44,in_range,,,,1339,1339,,85,84,85,,-1,-1,-1.000000,-1,t
cpu-gpu-v2,2026-07-18T16:52:42,"20260718_092807_session2",312,312,2,"GEMM","openblas_sgemm",cpu_native,"Intel(R) Core(TM) i9-7900X CPU @ 3.30GHz",1,128,"N=128",41220,1.005144,1.005144,1.005144,48.774961,48.774961,0.000000,1.183284e-03,48.525333,2.821169e-10,0.024385,0.024385,1.728892e+11,172.00,1.966080e+05,48.53,in_range,,,,1523,1340,,85,85,85,,-1,-1,-1.000000,-1,t
cpu-gpu-v2,2026-07-18T16:52:43,"20260718_092807_session2",313,313,3,"GEMM","openblas_sgemm",cpu_native,"Intel(R) Core(TM) i9-7900X CPU @ 3.30GHz",1,128,"N=128",41220,1.007409,1.007409,1.007409,47.934997,47.934997,0.000000,1.162906e-03,47.582449,2.772585e-10,0.024440,0.024440,1.728892e+11,171.62,1.966080e+05,47.58,in_range,,,,1500,1340,,85,85,84,,-1,-1,-1.000000,-1,t
cpu-gpu-v2,2026-07-18T16:52:44,"20260718_092807_session2",314,314,4,"GEMM","openblas_sgemm",cpu_native,"Intel(R) Core(TM) i9-7900X CPU @ 3.30GHz",1,128,"N=128",41220,1.007510,1.007510,1.007510,48.860165,48.860165,0.000000,1.185351e-03,48.495944,2.826097e-10,0.024442,0.024442,1.728892e+11,171.60,1.966080e+05,48.50,in_range,,,,1246,1339,,84,84,84,,-1,-1,-1.000000,-1,t
cpu-gpu-v2,2026-07-18T16:52:45,"20260718_092807_session2",315,315,5,"GEMM","openblas_sgemm",cpu_native,"Intel(R) Core(TM) i9-7900X CPU @ 3.30GHz",1,128,"N=128",41220,1.007378,1.007378,1.007378,48.480527,48.480527,0.000000,1.176141e-03,48.125474,2.804138e-10,0.024439,0.024439,1.728892e+11,171.62,1.966080e+05,48.13,in_range,,,,1254,1340,,85,84,85,,-1,-1,-1.000000,-1,t
cpu-gpu-v2,2026-07-18T16:52:46,"20260718_092807_session2",316,316,6,"GEMM","openblas_sgemm",cpu_native,"Intel(R) Core(TM) i9-7900X CPU @ 3.30GHz",1,128,"N=128",41220,1.007637,1.007637,1.007637,48.757322,48.757322,0.000000,1.182856e-03,48.387794,2.820148e-10,0.024445,0.024445,1.728892e+11,171.58,1.966080e+05,48.39,in_range,,,,1307,1340,,85,85,85,,-1,-1,-1.000000,-1,t
cpu-gpu-v2,2026-07-18T16:52:47,"20260718_092807_session2",317,317,7,"GEMM","openblas_sgemm",cpu_native,"Intel(R) Core(TM) i9-7900X CPU @ 3.30GHz",1,128,"N=128",41220,1.003577,1.003577,1.003577,48.740537,48.740537,0.000000,1.182449e-03,48.566794,2.819177e-10,0.024347,0.024347,1.728892e+11,172.27,1.966080e+05,48.57,in_range,,,,1364,1339,,85,85,84,,-1,-1,-1.000000,-1,t
cpu-gpu-v2,2026-07-18T16:52:48,"20260718_092807_session2",318,318,8,"GEMM","openblas_sgemm",cpu_native,"Intel(R) Core(TM) i9-7900X CPU @ 3.30GHz",1,128,"N=128",41220,1.012765,1.012765,1.012765,49.009762,49.009762,0.000000,1.188980e-03,48.392040,2.834750e-10,0.024570,0.024570,1.728892e+11,170.71,1.966080e+05,48.39,in_range,,,,1487,1339,,85,84,85,,-1,-1,-1.000000,-1,t
cpu-gpu-v2,2026-07-18T16:52:49,"20260718_092807_session2",319,319,9,"GEMM","openblas_sgemm",cpu_native,"Intel(R) Core(TM) i9-7900X CPU @ 3.30GHz",1,128,"N=128",41220,1.024543,1.024543,1.024543,49.278988,49.278988,0.000000,1.195512e-03,48.098508,2.850322e-10,0.024855,0.024855,1.728892e+11,168.75,1.966080e+05,48.10,in_range,,,,1508,1340,,85,85,84,,-1,-1,-1.000000,-1,t
cpu-gpu-v2,2026-07-18T16:52:50,"20260718_092807_session2",320,320,10,"GEMM","openblas_sgemm",cpu_native,"Intel(R) Core(TM) i9-7900X CPU @ 3.30GHz",1,128,"N=128",41220,1.013663,1.013663,1.013663,49.242915,49.242915,0.000000,1.194636e-03,48.579177,2.848235e-10,0.024592,0.024592,1.728892e+11,170.56,1.966080e+05,48.58,in_range,,,,1336,1340,,85,84,85,,-1,-1,-1.000000,-1,t
cpu-gpu-v2,2026-07-18T16:52:54,"20260718_092807_session2",321,321,1,"GEMM","openblas_sgemm",cpu_native,"Intel(R) Core(TM) i9-7900X CPU @ 3.30GHz",2,4096,"N=4096",2,1.407896,1.407896,1.407896,80.794837,80.844853,0.050016,4.042243e+01,57.422470,2.941119e-10,703.947886,703.947886,2.748779e+11,195.24,2.013266e+08,57.42,above,,,,1634,1635,,91,91,91,,-1,-1,-1.000000,-1,t
cpu-gpu-v2,2026-07-18T16:52:56,"20260718_092807_session2",322,322,2,"GEMM","openblas_sgemm",cpu_native,"Intel(R) Core(TM) i9-7900X CPU @ 3.30GHz",2,4096,"N=4096",2,1.407307,1.407307,1.407307,81.551793,81.594113,0.042320,4.079706e+01,57.978903,2.968377e-10,703.653472,703.653472,2.748779e+11,195.32,2.013266e+08,57.98,above,,,,1632,1635,,91,91,91,,-1,-1,-1.000000,-1,t
cpu-gpu-v2,2026-07-18T16:52:57,"20260718_092807_session2",323,323,3,"GEMM","openblas_sgemm",cpu_native,"Intel(R) Core(TM) i9-7900X CPU @ 3.30GHz",2,4096,"N=4096",2,1.408273,1.408273,1.408273,81.260229,81.310673,0.050444,4.065534e+01,57.737878,2.958065e-10,704.136316,704.136316,2.748779e+11,195.19,2.013266e+08,57.74,above,,,,1632,1610,,91,91,91,,-1,-1,-1.000000,-1,t
cpu-gpu-v2,2026-07-18T16:52:58,"20260718_092807_session2",324,324,4,"GEMM","openblas_sgemm",cpu_native,"Intel(R) Core(TM) i9-7900X CPU @ 3.30GHz",2,4096,"N=4096",2,1.407786,1.407786,1.407786,81.144995,81.202141,0.057146,4.060107e+01,57.680752,2.954117e-10,703.892883,703.892883,2.748779e+11,195.26,2.013266e+08,57.68,above,,,,1610,1635,,92,91,92,,-1,-1,-1.000000,-1,t
cpu-gpu-v2,2026-07-18T16:53:00,"20260718_092807_session2",325,325,5,"GEMM","openblas_sgemm",cpu_native,"Intel(R) Core(TM) i9-7900X CPU @ 3.30GHz",2,4096,"N=4096",2,1.408675,1.408675,1.408675,81.492101,81.546492,0.054391,4.077325e+01,57.888787,2.966644e-10,704.337544,704.337544,2.748779e+11,195.13,2.013266e+08,57.89,above,,,,1635,1609,,92,92,91,,-1,-1,-1.000000,-1,t
cpu-gpu-v2,2026-07-18T16:53:01,"20260718_092807_session2",326,326,6,"GEMM","openblas_sgemm",cpu_native,"Intel(R) Core(TM) i9-7900X CPU @ 3.30GHz",2,4096,"N=4096",2,1.406532,1.406532,1.406532,81.314184,81.360696,0.046512,4.068035e+01,57.844909,2.959885e-10,703.265826,703.265826,2.748779e+11,195.43,2.013266e+08,57.84,above,,,,1609,1589,,91,91,90,,-1,-1,-1.000000,-1,t
cpu-gpu-v2,2026-07-18T16:53:03,"20260718_092807_session2",327,327,7,"GEMM","openblas_sgemm",cpu_native,"Intel(R) Core(TM) i9-7900X CPU @ 3.30GHz",2,4096,"N=4096",2,1.408012,1.408012,1.408012,81.238867,81.284828,0.045961,4.064241e+01,57.730208,2.957125e-10,704.006016,704.006016,2.748779e+11,195.22,2.013266e+08,57.73,above,,,,1606,1608,,91,90,91,,-1,-1,-1.000000,-1,t
cpu-gpu-v2,2026-07-18T16:53:04,"20260718_092807_session2",328,328,8,"GEMM","openblas_sgemm",cpu_native,"Intel(R) Core(TM) i9-7900X CPU @ 3.30GHz",2,4096,"N=4096",2,1.408583,1.408583,1.408583,82.136203,82.193471,0.057268,4.109674e+01,58.351875,2.990181e-10,704.291606,704.291606,2.748779e+11,195.14,2.013266e+08,58.35,above,,,,1606,1611,,91,91,91,,-1,-1,-1.000000,-1,t
cpu-gpu-v2,2026-07-18T16:53:06,"20260718_092807_session2",329,329,9,"GEMM","openblas_sgemm",cpu_native,"Intel(R) Core(TM) i9-7900X CPU @ 3.30GHz",2,4096,"N=4096",2,1.406988,1.406988,1.406988,81.527501,81.584096,0.056595,4.079205e+01,57.984931,2.968012e-10,703.493948,703.493948,2.748779e+11,195.37,2.013266e+08,57.98,above,,,,1661,1635,,92,91,92,,-1,-1,-1.000000,-1,t
cpu-gpu-v2,2026-07-18T16:53:07,"20260718_092807_session2",330,330,10,"GEMM","openblas_sgemm",cpu_native,"Intel(R) Core(TM) i9-7900X CPU @ 3.30GHz",2,4096,"N=4096",2,1.406322,1.406322,1.406322,81.805393,81.867189,0.061796,4.093359e+01,58.213696,2.978311e-10,703.160893,703.160893,2.748779e+11,195.46,2.013266e+08,58.21,above,,,,1748,1635,,92,92,91,,-1,-1,-1.000000,-1,t
cpu-gpu-v2,2026-07-18T16:53:11,"20260718_092807_session2",331,331,1,"GEMM","openblas_sgemm",cpu_native,"Intel(R) Core(TM) i9-7900X CPU @ 3.30GHz",4,64,"N=64",448150,1.000374,1.000374,1.000374,48.455625,48.455625,0.000000,1.081237e-04,48.437499,2.062295e-10,0.002232,0.002232,2.349597e+11,234.87,4.915200e+04,48.44,in_range,,,,1339,1340,,84,84,84,,-1,-1,-1.000000,-1,t
cpu-gpu-v2,2026-07-18T16:53:12,"20260718_092807_session2",332,332,2,"GEMM","openblas_sgemm",cpu_native,"Intel(R) Core(TM) i9-7900X CPU @ 3.30GHz",4,64,"N=64",448150,1.006542,1.006542,1.006542,48.809751,48.809751,0.000000,1.089139e-04,48.492511,2.077367e-10,0.002246,0.002246,2.349597e+11,233.43,4.915200e+04,48.49,in_range,,,,1338,1465,,84,84,84,,-1,-1,-1.000000,-1,t
cpu-gpu-v2,2026-07-18T16:53:13,"20260718_092807_session2",333,333,3,"GEMM","openblas_sgemm",cpu_native,"Intel(R) Core(TM) i9-7900X CPU @ 3.30GHz",4,64,"N=64",448150,1.015837,1.015837,1.015837,48.823911,48.823957,0.000046,1.089456e-04,48.062778,2.077972e-10,0.002267,0.002267,2.349597e+11,231.30,4.915200e+04,48.06,in_range,,,,1461,1340,,84,84,82,,-1,-1,-1.000000,-1,t
cpu-gpu-v2,2026-07-18T16:53:14,"20260718_092807_session2",334,334,4,"GEMM","openblas_sgemm",cpu_native,"Intel(R) Core(TM) i9-7900X CPU @ 3.30GHz",4,64,"N=64",448150,1.008022,1.008022,1.008022,48.376402,48.376402,0.000000,1.079469e-04,47.991437,2.058924e-10,0.002249,0.002249,2.349597e+11,233.09,4.915200e+04,47.99,in_range,,,,1300,1340,,85,82,85,,-1,-1,-1.000000,-1,t
cpu-gpu-v2,2026-07-18T16:53:15,"20260718_092807_session2",335,335,5,"GEMM","openblas_sgemm",cpu_native,"Intel(R) Core(TM) i9-7900X CPU @ 3.30GHz",4,64,"N=64",448150,1.004697,1.004697,1.004697,48.598691,48.598691,0.000000,1.084429e-04,48.371495,2.068384e-10,0.002242,0.002242,2.349597e+11,233.86,4.915200e+04,48.37,in_range,,,,1528,1620,,85,85,81,,-1,-1,-1.000000,-1,t
cpu-gpu-v2,2026-07-18T16:53:16,"20260718_092807_session2",336,336,6,"GEMM","openblas_sgemm",cpu_native,"Intel(R) Core(TM) i9-7900X CPU @ 3.30GHz",4,64,"N=64",448150,1.006856,1.006856,1.006856,48.894345,48.894345,0.000000,1.091026e-04,48.561407,2.080968e-10,0.002247,0.002247,2.349597e+11,233.36,4.915200e+04,48.56,in_range,,,,1889,1504,,83,81,83,,-1,-1,-1.000000,-1,t
cpu-gpu-v2,2026-07-18T16:53:17,"20260718_092807_session2",337,337,7,"GEMM","openblas_sgemm",cpu_native,"Intel(R) Core(TM) i9-7900X CPU @ 3.30GHz",4,64,"N=64",448150,1.005661,1.005661,1.005661,50.414788,50.414788,0.000000,1.124953e-04,50.131007,2.145678e-10,0.002244,0.002244,2.349597e+11,233.64,4.915200e+04,50.13,in_range,,,,1501,1339,,84,83,84,,-1,-1,-1.000000,-1,t
cpu-gpu-v2,2026-07-18T16:53:18,"20260718_092807_session2",338,338,8,"GEMM","openblas_sgemm",cpu_native,"Intel(R) Core(TM) i9-7900X CPU @ 3.30GHz",4,64,"N=64",448150,1.012398,1.012398,1.012398,49.124447,49.124447,0.000000,1.096161e-04,48.522850,2.090761e-10,0.002259,0.002259,2.349597e+11,232.08,4.915200e+04,48.52,in_range,,,,1487,1606,,84,84,82,,-1,-1,-1.000000,-1,t
cpu-gpu-v2,2026-07-18T16:53:19,"20260718_092807_session2",339,339,9,"GEMM","openblas_sgemm",cpu_native,"Intel(R) Core(TM) i9-7900X CPU @ 3.30GHz",4,64,"N=64",448150,1.007405,1.007405,1.007405,48.885923,48.885923,0.000000,1.090838e-04,48.526578,2.080609e-10,0.002248,0.002248,2.349597e+11,233.23,4.915200e+04,48.53,in_range,,,,1566,1339,,84,82,84,,-1,-1,-1.000000,-1,t
cpu-gpu-v2,2026-07-18T16:53:20,"20260718_092807_session2",340,340,10,"GEMM","openblas_sgemm",cpu_native,"Intel(R) Core(TM) i9-7900X CPU @ 3.30GHz",4,64,"N=64",448150,1.006918,1.006918,1.006918,48.784116,48.784116,0.000000,1.088567e-04,48.448953,2.076276e-10,0.002247,0.002247,2.349597e+11,233.35,4.915200e+04,48.45,in_range,,,,1338,1339,,85,84,85,,-1,-1,-1.000000,-1,t
cpu-gpu-v2,2026-07-18T16:53:24,"20260718_092807_session2",341,341,1,"GEMM","openblas_sgemm",cpu_native,"Intel(R) Core(TM) i9-7900X CPU @ 3.30GHz",20,128,"N=128",42,1.104539,1.104539,1.104539,47.326784,47.326784,0.000000,1.126828e+00,42.847550,2.686568e-07,26.298544,26.298544,1.761608e+08,0.16,1.966080e+05,42.85,in_range,,,,1530,1529,,86,84,86,,-1,-1,-1.000000,-1,t
cpu-gpu-v2,2026-07-18T16:53:25,"20260718_092807_session2",342,342,2,"GEMM","openblas_sgemm",cpu_native,"Intel(R) Core(TM) i9-7900X CPU @ 3.30GHz",20,128,"N=128",42,1.263683,1.263683,1.263683,54.333601,54.333601,0.000000,1.293657e+00,42.996213,3.084319e-07,30.087700,30.087700,1.761608e+08,0.14,1.966080e+05,43.00,above,,,,1530,1529,,86,86,86,,-1,-1,-1.000000,-1,t
cpu-gpu-v2,2026-07-18T16:53:26,"20260718_092807_session2",343,343,3,"GEMM","openblas_sgemm",cpu_native,"Intel(R) Core(TM) i9-7900X CPU @ 3.30GHz",20,128,"N=128",42,1.008527,1.008527,1.008527,43.495250,43.495250,0.000000,1.035601e+00,43.127513,2.469066e-07,24.012542,24.012542,1.761608e+08,0.17,1.966080e+05,43.13,in_range,,,,1529,1685,,86,86,84,,-1,-1,-1.000000,-1,t
cpu-gpu-v2,2026-07-18T16:53:27,"20260718_092807_session2",344,344,4,"GEMM","openblas_sgemm",cpu_native,"Intel(R) Core(TM) i9-7900X CPU @ 3.30GHz",20,128,"N=128",42,1.008627,1.008627,1.008627,44.032969,44.032969,0.000000,1.048404e+00,43.656350,2.499590e-07,24.014926,24.014926,1.761608e+08,0.17,1.966080e+05,43.66,in_range,,,,1658,1685,,84,84,84,,-1,-1,-1.000000,-1,t
cpu-gpu-v2,2026-07-18T16:53:28,"20260718_092807_session2",345,345,5,"GEMM","openblas_sgemm",cpu_native,"Intel(R) Core(TM) i9-7900X CPU @ 3.30GHz",20,128,"N=128",42,1.029605,1.029605,1.029605,44.790413,44.790413,0.000000,1.066438e+00,43.502523,2.542587e-07,24.514404,24.514404,1.761608e+08,0.17,1.966080e+05,43.50,in_range,,,,1685,1685,,85,84,85,,-1,-1,-1.000000,-1,t
cpu-gpu-v2,2026-07-18T16:53:29,"20260718_092807_session2",346,346,6,"GEMM","openblas_sgemm",cpu_native,"Intel(R) Core(TM) i9-7900X CPU @ 3.30GHz",20,128,"N=128",42,1.008175,1.008175,1.008175,43.293712,43.293712,0.000000,1.030803e+00,42.942649,2.457625e-07,24.004171,24.004171,1.761608e+08,0.17,1.966080e+05,42.94,in_range,,,,1643,1529,,85,85,84,,-1,-1,-1.000000,-1,t
cpu-gpu-v2,2026-07-18T16:53:30,"20260718_092807_session2",347,347,7,"GEMM","openblas_sgemm",cpu_native,"Intel(R) Core(TM) i9-7900X CPU @ 3.30GHz",20,128,"N=128",42,1.021546,1.021546,1.021546,42.179519,42.179519,0.000000,1.004274e+00,41.289882,2.394376e-07,24.322527,24.322527,1.761608e+08,0.17,1.966080e+05,41.29,in_range,,,,1491,1530,,84,84,83,,-1,-1,-1.000000,-1,t
cpu-gpu-v2,2026-07-18T16:53:31,"20260718_092807_session2",348,348,8,"GEMM","openblas_sgemm",cpu_native,"Intel(R) Core(TM) i9-7900X CPU @ 3.30GHz",20,128,"N=128",42,1.014539,1.014539,1.014539,42.627759,42.627759,0.000000,1.014947e+00,42.016880,2.419821e-07,24.155688,24.155688,1.761608e+08,0.17,1.966080e+05,42.02,in_range,,,,1485,1529,,83,83,83,,-1,-1,-1.000000,-1,t
cpu-gpu-v2,2026-07-18T16:53:32,"20260718_092807_session2",349,349,9,"GEMM","openblas_sgemm",cpu_native,"Intel(R) Core(TM) i9-7900X CPU @ 3.30GHz",20,128,"N=128",42,1.014820,1.014820,1.014820,43.971323,43.971323,0.000000,1.046936e+00,43.329197,2.496091e-07,24.162374,24.162374,1.761608e+08,0.17,1.966080e+05,43.33,in_range,,,,1491,1684,,84,83,84,,-1,-1,-1.000000,-1,t
cpu-gpu-v2,2026-07-18T16:53:33,"20260718_092807_session2",350,350,10,"GEMM","openblas_sgemm",cpu_native,"Intel(R) Core(TM) i9-7900X CPU @ 3.30GHz",20,128,"N=128",42,1.017318,1.017318,1.017318,42.880506,42.880506,0.000000,1.020964e+00,42.150563,2.434169e-07,24.221845,24.221845,1.761608e+08,0.17,1.966080e+05,42.15,in_range,,,,1638,1645,,84,84,83,,-1,-1,-1.000000,-1,t
cpu-gpu-v2,2026-07-18T16:53:36,"20260718_092807_session2",351,351,1,"GEMM","openblas_sgemm",cpu_native,"Intel(R) Core(TM) i9-7900X CPU @ 3.30GHz",4,1024,"N=1024",42,1.005994,1.005994,1.005994,48.134337,48.134337,0.000000,1.146056e+00,47.847530,5.336737e-10,23.952243,23.952243,9.019431e+10,89.66,1.258291e+07,47.85,in_range,,,,1530,1685,,86,86,86,,-1,-1,-1.000000,-1,t
cpu-gpu-v2,2026-07-18T16:53:37,"20260718_092807_session2",352,352,2,"GEMM","openblas_sgemm",cpu_native,"Intel(R) Core(TM) i9-7900X CPU @ 3.30GHz",4,1024,"N=1024",42,1.008240,1.008240,1.008240,48.134032,48.134032,0.000000,1.146048e+00,47.740628,5.336704e-10,24.005725,24.005725,9.019431e+10,89.46,1.258291e+07,47.74,in_range,,,,1682,1685,,87,86,87,,-1,-1,-1.000000,-1,t
cpu-gpu-v2,2026-07-18T16:53:38,"20260718_092807_session2",353,353,3,"GEMM","openblas_sgemm",cpu_native,"Intel(R) Core(TM) i9-7900X CPU @ 3.30GHz",4,1024,"N=1024",42,1.007223,1.007223,1.007223,49.094052,49.094052,0.000000,1.168906e+00,48.741980,5.443143e-10,23.981504,23.981504,9.019431e+10,89.55,1.258291e+07,48.74,in_range,,,,1640,1685,,88,87,88,,-1,-1,-1.000000,-1,t
cpu-gpu-v2,2026-07-18T16:53:39,"20260718_092807_session2",354,354,4,"GEMM","openblas_sgemm",cpu_native,"Intel(R) Core(TM) i9-7900X CPU @ 3.30GHz",4,1024,"N=1024",42,1.020690,1.020690,1.020690,49.422603,49.422603,0.000000,1.176729e+00,48.420778,5.479570e-10,24.302142,24.302142,9.019431e+10,88.37,1.258291e+07,48.42,in_range,,,,1647,1685,,88,88,88,,-1,-1,-1.000000,-1,t
cpu-gpu-v2,2026-07-18T16:53:40,"20260718_092807_session2",355,355,5,"GEMM","openblas_sgemm",cpu_native,"Intel(R) Core(TM) i9-7900X CPU @ 3.30GHz",4,1024,"N=1024",42,1.003500,1.003500,1.003500,49.212947,49.212947,0.000000,1.171737e+00,49.041313,5.456325e-10,23.892852,23.892852,9.019431e+10,89.88,1.258291e+07,49.04,in_range,,,,1645,1685,,88,88,87,,-1,-1,-1.000000,-1,t
cpu-gpu-v2,2026-07-18T16:53:41,"20260718_092807_session2",356,356,6,"GEMM","openblas_sgemm",cpu_native,"Intel(R) Core(TM) i9-7900X CPU @ 3.30GHz",4,1024,"N=1024",42,1.007910,1.007910,1.007910,48.340880,48.340880,0.000000,1.150973e+00,47.961501,5.359637e-10,23.997859,23.997859,9.019431e+10,89.49,1.258291e+07,47.96,in_range,,,,1685,1663,,87,87,86,,-1,-1,-1.000000,-1,t
cpu-gpu-v2,2026-07-18T16:53:42,"20260718_092807_session2",357,357,7,"GEMM","openblas_sgemm",cpu_native,"Intel(R) Core(TM) i9-7900X CPU @ 3.30GHz",4,1024,"N=1024",42,1.003397,1.003397,1.003397,48.487791,48.487791,0.000000,1.154471e+00,48.323615,5.375926e-10,23.890415,23.890415,9.019431e+10,89.89,1.258291e+07,48.32,in_range,,,,1663,1530,,87,86,87,,-1,-1,-1.000000,-1,t
cpu-gpu-v2,2026-07-18T16:53:43,"20260718_092807_session2",358,358,8,"GEMM","openblas_sgemm",cpu_native,"Intel(R) Core(TM) i9-7900X CPU @ 3.30GHz",4,1024,"N=1024",42,1.009397,1.009397,1.009397,49.098690,49.098690,0.000000,1.169016e+00,48.641608,5.443657e-10,24.033260,24.033260,9.019431e+10,89.35,1.258291e+07,48.64,in_range,,,,1480,1530,,88,87,88,,-1,-1,-1.000000,-1,t
cpu-gpu-v2,2026-07-18T16:53:44,"20260718_092807_session2",359,359,9,"GEMM","openblas_sgemm",cpu_native,"Intel(R) Core(TM) i9-7900X CPU @ 3.30GHz",4,1024,"N=1024",42,1.001410,1.001410,1.001410,48.465757,48.465757,0.000000,1.153947e+00,48.397533,5.373483e-10,23.843087,23.843087,9.019431e+10,90.07,1.258291e+07,48.40,in_range,,,,1481,1529,,88,88,87,,-1,-1,-1.000000,-1,t
cpu-gpu-v2,2026-07-18T16:53:45,"20260718_092807_session2",360,360,10,"GEMM","openblas_sgemm",cpu_native,"Intel(R) Core(TM) i9-7900X CPU @ 3.30GHz",4,1024,"N=1024",42,1.005738,1.005738,1.005738,48.758908,48.758908,0.000000,1.160926e+00,48.480738,5.405985e-10,23.946137,23.946137,9.019431e+10,89.68,1.258291e+07,48.48,in_range,,,,1530,1530,,88,87,88,,-1,-1,-1.000000,-1,t
cpu-gpu-v2,2026-07-18T16:53:48,"20260718_092807_session2",361,361,1,"GEMM","openblas_sgemm",cpu_native,"Intel(R) Core(TM) i9-7900X CPU @ 3.30GHz",8,128,"N=128",42,1.009531,1.009531,1.009531,44.221078,44.221078,0.000000,1.052883e+00,43.803598,2.510268e-07,24.036446,24.036446,1.761608e+08,0.17,1.966080e+05,43.80,in_range,,,,1660,1666,,83,83,83,,-1,-1,-1.000000,-1,t
cpu-gpu-v2,2026-07-18T16:53:49,"20260718_092807_session2",362,362,2,"GEMM","openblas_sgemm",cpu_native,"Intel(R) Core(TM) i9-7900X CPU @ 3.30GHz",8,128,"N=128",42,1.008506,1.008506,1.008506,44.883979,44.883979,0.000000,1.068666e+00,44.505434,2.547899e-07,24.012038,24.012038,1.761608e+08,0.17,1.966080e+05,44.51,in_range,,,,1637,1685,,83,83,83,,-1,-1,-1.000000,-1,t
cpu-gpu-v2,2026-07-18T16:53:50,"20260718_092807_session2",363,363,3,"GEMM","openblas_sgemm",cpu_native,"Intel(R) Core(TM) i9-7900X CPU @ 3.30GHz",8,128,"N=128",42,1.024401,1.024401,1.024401,44.423043,44.423043,0.000000,1.057692e+00,43.364915,2.521733e-07,24.390490,24.390490,1.761608e+08,0.17,1.966080e+05,43.36,in_range,,,,1641,1685,,83,83,83,,-1,-1,-1.000000,-1,t
cpu-gpu-v2,2026-07-18T16:53:51,"20260718_092807_session2",364,364,4,"GEMM","openblas_sgemm",cpu_native,"Intel(R) Core(TM) i9-7900X CPU @ 3.30GHz",8,128,"N=128",42,1.065241,1.065241,1.065241,45.209845,45.209845,0.000000,1.076425e+00,42.440945,2.566397e-07,25.362886,25.362886,1.761608e+08,0.17,1.966080e+05,42.44,in_range,,,,1637,1929,,83,83,81,,-1,-1,-1.000000,-1,t
cpu-gpu-v2,2026-07-18T16:53:53,"20260718_092807_session2",365,365,5,"GEMM","openblas_sgemm",cpu_native,"Intel(R) Core(TM) i9-7900X CPU @ 3.30GHz",8,128,"N=128",42,1.499282,1.499282,1.499282,64.203632,64.203632,0.000000,1.528658e+00,42.822918,3.644604e-07,35.697192,35.697192,1.761608e+08,0.12,1.966080e+05,42.82,above,,,,1934,1685,,84,81,84,,-1,-1,-1.000000,-1,t
cpu-gpu-v2,2026-07-18T16:53:54,"20260718_092807_session2",366,366,6,"GEMM","openblas_sgemm",cpu_native,"Intel(R) Core(TM) i9-7900X CPU @ 3.30GHz",8,128,"N=128",42,1.192545,1.192545,1.192545,50.614861,50.614861,0.000000,1.205116e+00,42.442726,2.873220e-07,28.393929,28.393929,1.761608e+08,0.15,1.966080e+05,42.44,in_range,,,,1637,1685,,86,84,86,,-1,-1,-1.000000,-1,t
cpu-gpu-v2,2026-07-18T16:53:55,"20260718_092807_session2",367,367,7,"GEMM","openblas_sgemm",cpu_native,"Intel(R) Core(TM) i9-7900X CPU @ 3.30GHz",8,128,"N=128",42,1.022993,1.022993,1.022993,42.719984,42.719984,0.000000,1.017142e+00,41.759794,2.425057e-07,24.356980,24.356980,1.761608e+08,0.17,1.966080e+05,41.76,in_range,,,,1656,1685,,86,86,83,,-1,-1,-1.000000,-1,t
cpu-gpu-v2,2026-07-18T16:53:56,"20260718_092807_session2",368,368,8,"GEMM","openblas_sgemm",cpu_native,"Intel(R) Core(TM) i9-7900X CPU @ 3.30GHz",8,128,"N=128",42,1.007961,1.007961,1.007961,42.618360,42.618422,0.000062,1.014724e+00,42.281833,2.419291e-07,23.999062,23.999062,1.761608e+08,0.17,1.966080e+05,42.28,in_range,,,,1667,1685,,84,83,84,,-1,-1,-1.000000,-1,t
cpu-gpu-v2,2026-07-18T16:53:57,"20260718_092807_session2",369,369,9,"GEMM","openblas_sgemm",cpu_native,"Intel(R) Core(TM) i9-7900X CPU @ 3.30GHz",8,128,"N=128",42,1.013963,1.013963,1.013963,42.423170,42.423170,0.000000,1.010075e+00,41.838979,2.408208e-07,24.141972,24.141972,1.761608e+08,0.17,1.966080e+05,41.84,in_range,,,,1685,1684,,84,84,83,,-1,-1,-1.000000,-1,t
cpu-gpu-v2,2026-07-18T16:53:58,"20260718_092807_session2",370,370,10,"GEMM","openblas_sgemm",cpu_native,"Intel(R) Core(TM) i9-7900X CPU @ 3.30GHz",8,128,"N=128",42,1.164005,1.164005,1.164005,50.012506,50.012506,0.000000,1.190774e+00,42.965903,2.839026e-07,27.714394,27.714394,1.761608e+08,0.15,1.966080e+05,42.97,in_range,,,,1683,1685,,85,83,85,,-1,-1,-1.000000,-1,t
cpu-gpu-v2,2026-07-18T16:54:15,"20260718_092807_session2",371,371,1,"GEMM","openblas_sgemm",cpu_native,"Intel(R) Core(TM) i9-7900X CPU @ 3.30GHz",8,8192,"N=8192",1,5.677353,5.677353,5.677353,323.769679,324.231463,0.461784,3.242315e+02,57.109618,2.948868e-10,5677.353069,5677.353069,1.099512e+12,193.67,8.053064e+08,57.11,above,,,,1529,1530,,91,91,89,,-1,-1,-1.000000,-1,t
cpu-gpu-v2,2026-07-18T16:54:21,"20260718_092807_session2",372,372,2,"GEMM","openblas_sgemm",cpu_native,"Intel(R) Core(TM) i9-7900X CPU @ 3.30GHz",8,8192,"N=8192",1,5.644427,5.644427,5.644427,316.437544,316.779729,0.342185,3.167797e+02,56.122571,2.881095e-10,5644.426510,5644.426510,1.099512e+12,194.80,8.053064e+08,56.12,above,,,,1648,1530,,91,89,91,,-1,-1,-1.000000,-1,t
cpu-gpu-v2,2026-07-18T16:54:27,"20260718_092807_session2",373,373,3,"GEMM","openblas_sgemm",cpu_native,"Intel(R) Core(TM) i9-7900X CPU @ 3.30GHz",8,8192,"N=8192",1,5.639953,5.639953,5.639953,317.049481,317.386708,0.337227,3.173867e+02,56.274705,2.886615e-10,5639.953256,5639.953256,1.099512e+12,194.95,8.053064e+08,56.27,above,,,,1505,1530,,93,91,93,,-1,-1,-1.000000,-1,t
cpu-gpu-v2,2026-07-18T16:54:32,"20260718_092807_session2",374,374,4,"GEMM","openblas_sgemm",cpu_native,"Intel(R) Core(TM) i9-7900X CPU @ 3.30GHz",8,8192,"N=8192",1,5.641491,5.641491,5.641491,316.396101,316.754396,0.358295,3.167544e+02,56.147284,2.880864e-10,5641.490962,5641.490962,1.099512e+12,194.90,8.053064e+08,56.15,above,,,,1482,1529,,93,93,92,,-1,-1,-1.000000,-1,t
cpu-gpu-v2,2026-07-18T16:54:38,"20260718_092807_session2",375,375,5,"GEMM","openblas_sgemm",cpu_native,"Intel(R) Core(TM) i9-7900X CPU @ 3.30GHz",8,8192,"N=8192",1,5.664509,5.664509,5.664509,321.651886,322.031847,0.379961,3.220318e+02,56.850797,2.928863e-10,5664.508939,5664.508939,1.099512e+12,194.11,8.053064e+08,56.85,above,,,,1504,1530,,92,92,91,,-1,-1,-1.000000,-1,t
cpu-gpu-v2,2026-07-18T16:54:44,"20260718_092807_session2",376,376,6,"GEMM","openblas_sgemm",cpu_native,"Intel(R) Core(TM) i9-7900X CPU @ 3.30GHz",8,8192,"N=8192",1,5.665505,5.665505,5.665505,319.374182,319.751327,0.377145,3.197513e+02,56.438279,2.908121e-10,5665.504512,5665.504512,1.099512e+12,194.07,8.053064e+08,56.44,above,,,,1529,1530,,92,91,92,,-1,-1,-1.000000,-1,t
cpu-gpu-v2,2026-07-18T16:54:49,"20260718_092807_session2",377,377,7,"GEMM","openblas_sgemm",cpu_native,"Intel(R) Core(TM) i9-7900X CPU @ 3.30GHz",8,8192,"N=8192",1,5.658514,5.658514,5.658514,319.538000,319.972443,0.434443,3.199724e+02,56.547079,2.910132e-10,5658.514053,5658.514053,1.099512e+12,194.31,8.053064e+08,56.55,above,,,,1649,1529,,92,92,91,,-1,-1,-1.000000,-1,t
cpu-gpu-v2,2026-07-18T16:54:55,"20260718_092807_session2",378,378,8,"GEMM","openblas_sgemm",cpu_native,"Intel(R) Core(TM) i9-7900X CPU @ 3.30GHz",8,8192,"N=8192",1,5.637542,5.637542,5.637542,322.922879,323.335031,0.412152,3.233350e+02,57.353904,2.940715e-10,5637.541792,5637.541792,1.099512e+12,195.03,8.053064e+08,57.35,above,,,,1529,1685,,92,91,92,,-1,-1,-1.000000,-1,t
cpu-gpu-v2,2026-07-18T16:55:01,"20260718_092807_session2",379,379,9,"GEMM","openblas_sgemm",cpu_native,"Intel(R) Core(TM) i9-7900X CPU @ 3.30GHz",8,8192,"N=8192",1,5.647441,5.647441,5.647441,324.621362,324.985440,0.364078,3.249854e+02,57.545612,2.955725e-10,5647.440862,5647.440862,1.099512e+12,194.69,8.053064e+08,57.55,above,,,,1636,2061,,92,92,80,,-1,-1,-1.000000,-1,t
cpu-gpu-v2,2026-07-18T16:55:06,"20260718_092807_session2",380,380,10,"GEMM","openblas_sgemm",cpu_native,"Intel(R) Core(TM) i9-7900X CPU @ 3.30GHz",8,8192,"N=8192",1,5.662935,5.662935,5.662935,325.696004,326.107911,0.411907,3.261079e+02,57.586372,2.965934e-10,5662.935466,5662.935466,1.099512e+12,194.16,8.053064e+08,57.59,above,,,,1959,1529,,90,80,90,,-1,-1,-1.000000,-1,t
cpu-gpu-v2,2026-07-18T16:55:11,"20260718_092807_session2",381,381,1,"GEMM","openblas_sgemm",cpu_native,"Intel(R) Core(TM) i9-7900X CPU @ 3.30GHz",8,4096,"N=4096",2,1.509546,1.509546,1.509546,83.904265,84.012543,0.108278,4.200627e+01,55.654178,3.056359e-10,754.773013,754.773013,2.748779e+11,182.09,2.013266e+08,55.65,above,,,,1604,1529,,90,88,90,,-1,-1,-1.000000,-1,t
cpu-gpu-v2,2026-07-18T16:55:13,"20260718_092807_session2",382,382,2,"GEMM","openblas_sgemm",cpu_native,"Intel(R) Core(TM) i9-7900X CPU @ 3.30GHz",8,4096,"N=4096",2,1.467539,1.467539,1.467539,83.354950,83.459663,0.104713,4.172983e+01,56.870498,3.036245e-10,733.769399,733.769399,2.748779e+11,187.31,2.013266e+08,56.87,above,,,,1529,2599,,90,90,79,,-1,-1,-1.000000,-1,t
cpu-gpu-v2,2026-07-18T16:55:14,"20260718_092807_session2",383,383,3,"GEMM","openblas_sgemm",cpu_native,"Intel(R) Core(TM) i9-7900X CPU @ 3.30GHz",8,4096,"N=4096",2,1.485819,1.485819,1.485819,85.263820,85.356768,0.092948,4.267838e+01,57.447607,3.105261e-10,742.909687,742.909687,2.748779e+11,185.00,2.013266e+08,57.45,above,,,,2459,1641,,90,79,90,,-1,-1,-1.000000,-1,t
cpu-gpu-v2,2026-07-18T16:55:16,"20260718_092807_session2",384,384,4,"GEMM","openblas_sgemm",cpu_native,"Intel(R) Core(TM) i9-7900X CPU @ 3.30GHz",8,4096,"N=4096",2,1.491036,1.491036,1.491036,85.217739,85.344606,0.126867,4.267230e+01,57.238445,3.104819e-10,745.518214,745.518214,2.748779e+11,184.35,2.013266e+08,57.24,above,,,,1650,1530,,90,90,90,,-1,-1,-1.000000,-1,t
cpu-gpu-v2,2026-07-18T16:55:17,"20260718_092807_session2",385,385,5,"GEMM","openblas_sgemm",cpu_native,"Intel(R) Core(TM) i9-7900X CPU @ 3.30GHz",8,4096,"N=4096",2,1.488039,1.488039,1.488039,83.381684,83.486734,0.105050,4.174337e+01,56.105194,3.037230e-10,744.019659,744.019659,2.748779e+11,184.72,2.013266e+08,56.11,above,,,,1483,1663,,91,90,91,,-1,-1,-1.000000,-1,t
cpu-gpu-v2,2026-07-18T16:55:19,"20260718_092807_session2",386,386,6,"GEMM","openblas_sgemm",cpu_native,"Intel(R) Core(TM) i9-7900X CPU @ 3.30GHz",8,4096,"N=4096",2,1.507494,1.507494,1.507494,82.293002,82.396812,0.103810,4.119841e+01,54.658128,2.997579e-10,753.747111,753.747111,2.748779e+11,182.34,2.013266e+08,54.66,above,,,,1663,1667,,91,91,90,,-1,-1,-1.000000,-1,t
cpu-gpu-v2,2026-07-18T16:55:20,"20260718_092807_session2",387,387,7,"GEMM","openblas_sgemm",cpu_native,"Intel(R) Core(TM) i9-7900X CPU @ 3.30GHz",8,4096,"N=4096",2,1.494691,1.494691,1.494691,82.577365,82.665539,0.088174,4.133277e+01,55.306123,3.007355e-10,747.345274,747.345274,2.748779e+11,183.90,2.013266e+08,55.31,above,,,,1483,1656,,90,90,89,,-1,-1,-1.000000,-1,t
cpu-gpu-v2,2026-07-18T16:55:22,"20260718_092807_session2",388,388,8,"GEMM","openblas_sgemm",cpu_native,"Intel(R) Core(TM) i9-7900X CPU @ 3.30GHz",8,4096,"N=4096",2,1.489217,1.489217,1.489217,82.528537,82.615533,0.086996,4.130777e+01,55.475826,3.005536e-10,744.608408,744.608408,2.748779e+11,184.58,2.013266e+08,55.48,above,,,,1509,1530,,92,89,92,,-1,-1,-1.000000,-1,t
cpu-gpu-v2,2026-07-18T16:55:23,"20260718_092807_session2",389,389,9,"GEMM","openblas_sgemm",cpu_native,"Intel(R) Core(TM) i9-7900X CPU @ 3.30GHz",8,4096,"N=4096",2,1.497709,1.497709,1.497709,82.087925,82.174967,0.087042,4.108748e+01,54.867096,2.989508e-10,748.854714,748.854714,2.748779e+11,183.53,2.013266e+08,54.87,above,,,,1504,1530,,92,92,91,,-1,-1,-1.000000,-1,t
cpu-gpu-v2,2026-07-18T16:55:25,"20260718_092807_session2",390,390,10,"GEMM","openblas_sgemm",cpu_native,"Intel(R) Core(TM) i9-7900X CPU @ 3.30GHz",8,4096,"N=4096",2,1.512380,1.512380,1.512380,84.519070,84.602837,0.083767,4.230142e+01,55.940206,3.077833e-10,756.189894,756.189894,2.748779e+11,181.75,2.013266e+08,55.94,above,,,,1656,1530,,91,91,91,,-1,-1,-1.000000,-1,t
cpu-gpu-v2,2026-07-18T16:55:27,"20260718_092807_session2",391,391,1,"GEMM","openblas_sgemm",cpu_native,"Intel(R) Core(TM) i9-7900X CPU @ 3.30GHz",20,512,"N=512",9,1.083000,1.083000,1.083000,45.834234,45.834234,0.000000,5.092693e+00,42.321543,1.897176e-08,120.333340,120.333340,2.415919e+09,2.23,3.145728e+06,42.32,in_range,,,,1530,1779,,85,85,84,,-1,-1,-1.000000,-1,t
cpu-gpu-v2,2026-07-18T16:55:28,"20260718_092807_session2",392,392,2,"GEMM","openblas_sgemm",cpu_native,"Intel(R) Core(TM) i9-7900X CPU @ 3.30GHz",20,512,"N=512",9,1.106527,1.106527,1.106527,46.173893,46.173893,0.000000,5.130433e+00,41.728656,1.911235e-08,122.947468,122.947468,2.415919e+09,2.18,3.145728e+06,41.73,in_range,,,,1529,1685,,84,84,84,,-1,-1,-1.000000,-1,t
cpu-gpu-v2,2026-07-18T16:55:30,"20260718_092807_session2",393,393,3,"GEMM","openblas_sgemm",cpu_native,"Intel(R) Core(TM) i9-7900X CPU @ 3.30GHz",20,512,"N=512",9,1.089886,1.089886,1.089886,45.991887,45.991887,0.000000,5.110210e+00,42.198823,1.903701e-08,121.098393,121.098393,2.415919e+09,2.22,3.145728e+06,42.20,in_range,,,,1682,1529,,84,84,82,,-1,-1,-1.000000,-1,t
cpu-gpu-v2,2026-07-18T16:55:31,"20260718_092807_session2",394,394,4,"GEMM","openblas_sgemm",cpu_native,"Intel(R) Core(TM) i9-7900X CPU @ 3.30GHz",20,512,"N=512",9,1.085963,1.085963,1.085963,45.632513,45.632513,0.000000,5.070279e+00,42.020326,1.888826e-08,120.662538,120.662538,2.415919e+09,2.22,3.145728e+06,42.02,in_range,,,,1685,1664,,84,82,84,,-1,-1,-1.000000,-1,t
cpu-gpu-v2,2026-07-18T16:55:32,"20260718_092807_session2",395,395,5,"GEMM","openblas_sgemm",cpu_native,"Intel(R) Core(TM) i9-7900X CPU @ 3.30GHz",20,512,"N=512",9,1.118546,1.118546,1.118546,47.273317,47.273317,0.000000,5.252591e+00,42.263198,1.956743e-08,124.282852,124.282852,2.415919e+09,2.16,3.145728e+06,42.26,in_range,,,,1643,1529,,84,84,84,,-1,-1,-1.000000,-1,t
cpu-gpu-v2,2026-07-18T16:55:33,"20260718_092807_session2",396,396,6,"GEMM","openblas_sgemm",cpu_native,"Intel(R) Core(TM) i9-7900X CPU @ 3.30GHz",20,512,"N=512",9,1.129822,1.129822,1.129822,46.930788,46.930788,0.000000,5.214532e+00,41.538207,1.942565e-08,125.535798,125.535798,2.415919e+09,2.14,3.145728e+06,41.54,in_range,,,,1530,1529,,84,84,84,,-1,-1,-1.000000,-1,t
cpu-gpu-v2,2026-07-18T16:55:34,"20260718_092807_session2",397,397,7,"GEMM","openblas_sgemm",cpu_native,"Intel(R) Core(TM) i9-7900X CPU @ 3.30GHz",20,512,"N=512",9,1.127612,1.127612,1.127612,47.533509,47.533509,0.000000,5.281501e+00,42.154140,1.967512e-08,125.290209,125.290209,2.415919e+09,2.14,3.145728e+06,42.15,in_range,,,,1510,1684,,84,84,83,,-1,-1,-1.000000,-1,t
cpu-gpu-v2,2026-07-18T16:55:35,"20260718_092807_session2",398,398,8,"GEMM","openblas_sgemm",cpu_native,"Intel(R) Core(TM) i9-7900X CPU @ 3.30GHz",20,512,"N=512",9,1.091664,1.091664,1.091664,46.172062,46.172062,0.000000,5.130229e+00,42.295117,1.911159e-08,121.296013,121.296013,2.415919e+09,2.21,3.145728e+06,42.30,in_range,,,,1766,1685,,84,83,84,,-1,-1,-1.000000,-1,t
cpu-gpu-v2,2026-07-18T16:55:37,"20260718_092807_session2",399,399,9,"GEMM","openblas_sgemm",cpu_native,"Intel(R) Core(TM) i9-7900X CPU @ 3.30GHz",20,512,"N=512",9,1.077960,1.077960,1.077960,45.533331,45.533331,0.000000,5.059259e+00,42.240267,1.884721e-08,119.773368,119.773368,2.415919e+09,2.24,3.145728e+06,42.24,in_range,,,,1663,1664,,84,84,84,,-1,-1,-1.000000,-1,t
cpu-gpu-v2,2026-07-18T16:55:38,"20260718_092807_session2",400,400,10,"GEMM","openblas_sgemm",cpu_native,"Intel(R) Core(TM) i9-7900X CPU @ 3.30GHz",20,512,"N=512",9,1.137632,1.137632,1.137632,49.075191,49.075191,0.000000,5.452799e+00,43.138009,2.031326e-08,126.403584,126.403584,2.415919e+09,2.12,3.145728e+06,43.14,in_range,,,,1641,1675,,84,84,84,,-1,-1,-1.000000,-1,t
cpu-gpu-v2,2026-07-18T16:57:52,"20260718_092807_session2",401,401,1,"GEMM","openblas_sgemm",cpu_native,"Intel(R) Core(TM) i9-7900X CPU @ 3.30GHz",8,16384,"N=16384",1,44.577962,44.577962,44.577962,2537.481297,2541.678852,4.197555,2.541679e+03,57.016489,2.889554e-10,44577.961596,44577.961596,8.796093e+12,197.32,3.221225e+09,57.02,above,,,,1530,1530,,91,89,91,,-1,-1,-1.000000,-1,t
cpu-gpu-v2,2026-07-18T16:58:37,"20260718_092807_session2",402,402,2,"GEMM","openblas_sgemm",cpu_native,"Intel(R) Core(TM) i9-7900X CPU @ 3.30GHz",8,16384,"N=16384",1,44.579934,44.579934,44.579934,2535.195719,2539.490429,4.294710,2.539490e+03,56.964877,2.887066e-10,44579.933842,44579.933842,8.796093e+12,197.31,3.221225e+09,56.96,above,,,,1530,1520,,92,91,92,,-1,-1,-1.000000,-1,t
cpu-gpu-v2,2026-07-18T16:59:21,"20260718_092807_session2",403,403,3,"GEMM","openblas_sgemm",cpu_native,"Intel(R) Core(TM) i9-7900X CPU @ 3.30GHz",8,16384,"N=16384",1,44.568085,44.568085,44.568085,2542.690512,2546.436380,3.745868,2.546436e+03,57.135871,2.894963e-10,44568.085428,44568.085428,8.796093e+12,197.36,3.221225e+09,57.14,above,,,,1490,1685,,92,92,89,,-1,-1,-1.000000,-1,t
cpu-gpu-v2,2026-07-18T17:00:06,"20260718_092807_session2",404,404,4,"GEMM","openblas_sgemm",cpu_native,"Intel(R) Core(TM) i9-7900X CPU @ 3.30GHz",8,16384,"N=16384",1,44.598355,44.598355,44.598355,2555.022756,2558.459978,3.437222,2.558460e+03,57.366689,2.908632e-10,44598.355088,44598.355088,8.796093e+12,197.23,3.221225e+09,57.37,above,,,,1637,1946,,89,89,88,,-1,-1,-1.000000,-1,t
cpu-gpu-v2,2026-07-18T17:00:51,"20260718_092807_session2",405,405,5,"GEMM","openblas_sgemm",cpu_native,"Intel(R) Core(TM) i9-7900X CPU @ 3.30GHz",8,16384,"N=16384",1,44.570793,44.570793,44.570793,2544.777116,2548.022796,3.245680,2.548023e+03,57.167993,2.896767e-10,44570.793328,44570.793328,8.796093e+12,197.35,3.221225e+09,57.17,above,,,,1681,1481,,90,88,90,,-1,-1,-1.000000,-1,t
cpu-gpu-v2,2026-07-18T17:01:35,"20260718_092807_session2",406,406,6,"GEMM","openblas_sgemm",cpu_native,"Intel(R) Core(TM) i9-7900X CPU @ 3.30GHz",8,16384,"N=16384",1,44.597518,44.597518,44.597518,2545.584486,2550.067295,4.482809,2.550067e+03,57.179578,2.899091e-10,44597.518371,44597.518371,8.796093e+12,197.23,3.221225e+09,57.18,above,,,,1529,1481,,90,90,89,,-1,-1,-1.000000,-1,t
cpu-gpu-v2,2026-07-18T17:02:20,"20260718_092807_session2",407,407,7,"GEMM","openblas_sgemm",cpu_native,"Intel(R) Core(TM) i9-7900X CPU @ 3.30GHz",8,16384,"N=16384",1,44.637083,44.637083,44.637083,2539.040863,2544.077362,5.036499,2.544077e+03,56.994705,2.892281e-10,44637.082828,44637.082828,8.796093e+12,197.06,3.221225e+09,56.99,above,,,,1504,1529,,89,89,89,,-1,-1,-1.000000,-1,t
cpu-gpu-v2,2026-07-18T17:03:04,"20260718_092807_session2",408,408,8,"GEMM","openblas_sgemm",cpu_native,"Intel(R) Core(TM) i9-7900X CPU @ 3.30GHz",8,16384,"N=16384",1,44.651512,44.651512,44.651512,2544.697037,2549.290403,4.593366,2.549290e+03,57.093036,2.898208e-10,44651.512461,44651.512461,8.796093e+12,196.99,3.221225e+09,57.09,above,,,,1529,1527,,89,89,88,,-1,-1,-1.000000,-1,t
cpu-gpu-v2,2026-07-18T17:03:49,"20260718_092807_session2",409,409,9,"GEMM","openblas_sgemm",cpu_native,"Intel(R) Core(TM) i9-7900X CPU @ 3.30GHz",8,16384,"N=16384",1,44.622118,44.622118,44.622118,2574.541139,2579.053645,4.512506,2.579054e+03,57.797652,2.932045e-10,44622.118218,44622.118218,8.796093e+12,197.12,3.221225e+09,57.80,above,,,,1529,1530,,91,88,91,,-1,-1,-1.000000,-1,t
cpu-gpu-v2,2026-07-18T17:04:34,"20260718_092807_session2",410,410,10,"GEMM","openblas_sgemm",cpu_native,"Intel(R) Core(TM) i9-7900X CPU @ 3.30GHz",8,16384,"N=16384",1,44.625291,44.625291,44.625291,2549.286442,2553.587715,4.301273,2.553588e+03,57.222881,2.903093e-10,44625.290682,44625.290682,8.796093e+12,197.11,3.221225e+09,57.22,above,,,,1604,1480,,91,91,89,,-1,-1,-1.000000,-1,t
cpu-gpu-v2,2026-07-18T17:04:37,"20260718_092807_session2",411,411,1,"GEMM","openblas_sgemm",cpu_native,"Intel(R) Core(TM) i9-7900X CPU @ 3.30GHz",2,64,"N=64",446144,0.999562,0.999562,0.999562,48.565916,48.565916,0.000000,1.088570e-04,48.587207,2.076283e-10,0.002240,0.002240,2.339079e+11,234.01,4.915200e+04,48.59,in_range,,,,1461,1340,,84,84,84,,-1,-1,-1.000000,-1,t
cpu-gpu-v2,2026-07-18T17:04:38,"20260718_092807_session2",412,412,2,"GEMM","openblas_sgemm",cpu_native,"Intel(R) Core(TM) i9-7900X CPU @ 3.30GHz",2,64,"N=64",446144,1.001777,1.001777,1.001777,48.720945,48.720945,0.000000,1.092045e-04,48.634503,2.082911e-10,0.002245,0.002245,2.339079e+11,233.49,4.915200e+04,48.63,in_range,,,,1530,1338,,84,84,84,,-1,-1,-1.000000,-1,t
cpu-gpu-v2,2026-07-18T17:04:39,"20260718_092807_session2",413,413,3,"GEMM","openblas_sgemm",cpu_native,"Intel(R) Core(TM) i9-7900X CPU @ 3.30GHz",2,64,"N=64",446144,1.006008,1.006008,1.006008,48.839963,48.839963,0.000000,1.094713e-04,48.548273,2.087999e-10,0.002255,0.002255,2.339079e+11,232.51,4.915200e+04,48.55,in_range,,,,1235,1339,,85,84,85,,-1,-1,-1.000000,-1,t
cpu-gpu-v2,2026-07-18T17:04:40,"20260718_092807_session2",414,414,4,"GEMM","openblas_sgemm",cpu_native,"Intel(R) Core(TM) i9-7900X CPU @ 3.30GHz",2,64,"N=64",446144,1.000968,1.000968,1.000968,48.525876,48.525876,0.000000,1.087673e-04,48.478925,2.074572e-10,0.002244,0.002244,2.339079e+11,233.68,4.915200e+04,48.48,in_range,,,,1526,1340,,85,85,85,,-1,-1,-1.000000,-1,t
cpu-gpu-v2,2026-07-18T17:04:41,"20260718_092807_session2",415,415,5,"GEMM","openblas_sgemm",cpu_native,"Intel(R) Core(TM) i9-7900X CPU @ 3.30GHz",2,64,"N=64",446144,1.009279,1.009279,1.009279,48.876828,48.876828,0.000000,1.095539e-04,48.427450,2.089575e-10,0.002262,0.002262,2.339079e+11,231.76,4.915200e+04,48.43,in_range,,,,1338,1340,,85,85,84,,-1,-1,-1.000000,-1,t
cpu-gpu-v2,2026-07-18T17:04:42,"20260718_092807_session2",416,416,6,"GEMM","openblas_sgemm",cpu_native,"Intel(R) Core(TM) i9-7900X CPU @ 3.30GHz",2,64,"N=64",446144,1.005686,1.005686,1.005686,47.616272,47.616272,0.000000,1.067285e-04,47.347069,2.035684e-10,0.002254,0.002254,2.339079e+11,232.59,4.915200e+04,47.35,in_range,,,,1249,1465,,85,84,85,,-1,-1,-1.000000,-1,t
cpu-gpu-v2,2026-07-18T17:04:43,"20260718_092807_session2",417,417,7,"GEMM","openblas_sgemm",cpu_native,"Intel(R) Core(TM) i9-7900X CPU @ 3.30GHz",2,64,"N=64",446144,1.009313,1.009313,1.009313,48.816708,48.816708,0.000000,1.094192e-04,48.366280,2.087005e-10,0.002262,0.002262,2.339079e+11,231.75,4.915200e+04,48.37,in_range,,,,1544,1629,,85,85,83,,-1,-1,-1.000000,-1,t
cpu-gpu-v2,2026-07-18T17:04:44,"20260718_092807_session2",418,418,8,"GEMM","openblas_sgemm",cpu_native,"Intel(R) Core(TM) i9-7900X CPU @ 3.30GHz",2,64,"N=64",446144,1.003305,1.003305,1.003305,48.731259,48.731259,0.000000,1.092276e-04,48.570719,2.083352e-10,0.002249,0.002249,2.339079e+11,233.14,4.915200e+04,48.57,in_range,,,,1627,1339,,84,83,84,,-1,-1,-1.000000,-1,t
cpu-gpu-v2,2026-07-18T17:04:45,"20260718_092807_session2",419,419,9,"GEMM","openblas_sgemm",cpu_native,"Intel(R) Core(TM) i9-7900X CPU @ 3.30GHz",2,64,"N=64",446144,1.003610,1.003610,1.003610,48.807493,48.807493,0.000000,1.093985e-04,48.631936,2.086611e-10,0.002250,0.002250,2.339079e+11,233.07,4.915200e+04,48.63,in_range,,,,1216,1339,,84,84,84,,-1,-1,-1.000000,-1,t
cpu-gpu-v2,2026-07-18T17:04:46,"20260718_092807_session2",420,420,10,"GEMM","openblas_sgemm",cpu_native,"Intel(R) Core(TM) i9-7900X CPU @ 3.30GHz",2,64,"N=64",446144,1.004008,1.004008,1.004008,47.515565,47.515565,0.000000,1.065028e-04,47.325861,2.031379e-10,0.002250,0.002250,2.339079e+11,232.97,4.915200e+04,47.33,in_range,,,,1439,1460,,84,84,83,,-1,-1,-1.000000,-1,t
cpu-gpu-v2,2026-07-18T17:04:49,"20260718_092807_session2",421,421,1,"GEMM","openblas_sgemm",cpu_native,"Intel(R) Core(TM) i9-7900X CPU @ 3.30GHz",10,512,"N=512",17,1.020561,1.020561,1.020561,42.173903,42.173903,0.000000,2.480818e+00,41.324241,9.241767e-09,60.032991,60.032991,4.563403e+09,4.47,3.145728e+06,41.32,in_range,,,,1529,1530,,86,84,86,,-1,-1,-1.000000,-1,t
cpu-gpu-v2,2026-07-18T17:04:50,"20260718_092807_session2",422,422,2,"GEMM","openblas_sgemm",cpu_native,"Intel(R) Core(TM) i9-7900X CPU @ 3.30GHz",10,512,"N=512",17,1.020647,1.020647,1.020647,42.318007,42.318007,0.000000,2.489295e+00,41.461954,9.273345e-09,60.038042,60.038042,4.563403e+09,4.47,3.145728e+06,41.46,in_range,,,,1488,1530,,86,86,86,,-1,-1,-1.000000,-1,t
cpu-gpu-v2,2026-07-18T17:04:51,"20260718_092807_session2",423,423,3,"GEMM","openblas_sgemm",cpu_native,"Intel(R) Core(TM) i9-7900X CPU @ 3.30GHz",10,512,"N=512",17,1.023566,1.023566,1.023566,42.288100,42.288100,0.000000,2.487535e+00,41.314474,9.266791e-09,60.209777,60.209777,4.563403e+09,4.46,3.145728e+06,41.31,in_range,,,,1485,1529,,86,86,85,,-1,-1,-1.000000,-1,t
cpu-gpu-v2,2026-07-18T17:04:52,"20260718_092807_session2",424,424,4,"GEMM","openblas_sgemm",cpu_native,"Intel(R) Core(TM) i9-7900X CPU @ 3.30GHz",10,512,"N=512",17,1.025305,1.025305,1.025305,43.005994,43.005994,0.000000,2.529764e+00,41.944576,9.424107e-09,60.312074,60.312074,4.563403e+09,4.45,3.145728e+06,41.94,in_range,,,,1529,1530,,85,85,85,,-1,-1,-1.000000,-1,t
cpu-gpu-v2,2026-07-18T17:04:53,"20260718_092807_session2",425,425,5,"GEMM","openblas_sgemm",cpu_native,"Intel(R) Core(TM) i9-7900X CPU @ 3.30GHz",10,512,"N=512",17,1.030869,1.030869,1.030869,43.303417,43.303417,0.000000,2.547260e+00,42.006716,9.489282e-09,60.639348,60.639348,4.563403e+09,4.43,3.145728e+06,42.01,in_range,,,,1631,1530,,85,85,85,,-1,-1,-1.000000,-1,t
cpu-gpu-v2,2026-07-18T17:04:54,"20260718_092807_session2",426,426,6,"GEMM","openblas_sgemm",cpu_native,"Intel(R) Core(TM) i9-7900X CPU @ 3.30GHz",10,512,"N=512",17,1.035872,1.035872,1.035872,43.533153,43.533153,0.000000,2.560774e+00,42.025592,9.539625e-09,60.933673,60.933673,4.563403e+09,4.41,3.145728e+06,42.03,in_range,,,,1483,1680,,86,85,86,,-1,-1,-1.000000,-1,t
cpu-gpu-v2,2026-07-18T17:04:55,"20260718_092807_session2",427,427,7,"GEMM","openblas_sgemm",cpu_native,"Intel(R) Core(TM) i9-7900X CPU @ 3.30GHz",10,512,"N=512",17,1.035672,1.035672,1.035672,43.843089,43.843089,0.000000,2.579005e+00,42.332969,9.607543e-09,60.921907,60.921907,4.563403e+09,4.41,3.145728e+06,42.33,in_range,,,,1639,1529,,86,86,84,,-1,-1,-1.000000,-1,t
cpu-gpu-v2,2026-07-18T17:04:56,"20260718_092807_session2",428,428,8,"GEMM","openblas_sgemm",cpu_native,"Intel(R) Core(TM) i9-7900X CPU @ 3.30GHz",10,512,"N=512",17,1.020032,1.020032,1.020032,42.348036,42.348036,0.000000,2.491061e+00,41.516360,9.279925e-09,60.001911,60.001911,4.563403e+09,4.47,3.145728e+06,41.52,in_range,,,,1511,1530,,85,84,85,,-1,-1,-1.000000,-1,t
cpu-gpu-v2,2026-07-18T17:04:58,"20260718_092807_session2",429,429,9,"GEMM","openblas_sgemm",cpu_native,"Intel(R) Core(TM) i9-7900X CPU @ 3.30GHz",10,512,"N=512",17,1.023143,1.023143,1.023143,43.946238,43.946238,0.000000,2.585073e+00,42.952195,9.630147e-09,60.184883,60.184883,4.563403e+09,4.46,3.145728e+06,42.95,in_range,,,,1519,1685,,85,85,85,,-1,-1,-1.000000,-1,t
cpu-gpu-v2,2026-07-18T17:04:58,"20260718_092807_session2",430,430,10,"GEMM","openblas_sgemm",cpu_native,"Intel(R) Core(TM) i9-7900X CPU @ 3.30GHz",10,512,"N=512",17,0.846573,0.846573,0.846573,35.907623,35.907623,0.000000,2.112213e+00,42.415272,7.868607e-09,49.798410,49.798410,4.563403e+09,5.39,3.145728e+06,42.42,in_range,,,,1630,1685,,85,85,85,,-1,-1,-1.000000,-1,t
cpu-gpu-v2,2026-07-18T17:05:04,"20260718_092807_session2",431,431,1,"GEMM","openblas_sgemm",cpu_native,"Intel(R) Core(TM) i9-7900X CPU @ 3.30GHz",10,4096,"N=4096",2,1.683688,1.683688,1.683688,94.610659,94.714256,0.103597,4.735713e+01,56.254056,3.445685e-10,841.843791,841.843791,2.748779e+11,163.26,2.013266e+08,56.25,above,,,,1685,1530,,89,88,89,,-1,-1,-1.000000,-1,t
cpu-gpu-v2,2026-07-18T17:05:05,"20260718_092807_session2",432,432,2,"GEMM","openblas_sgemm",cpu_native,"Intel(R) Core(TM) i9-7900X CPU @ 3.30GHz",10,4096,"N=4096",2,1.677161,1.677161,1.677161,91.386485,91.499292,0.112807,4.574965e+01,54.556071,3.328725e-10,838.580296,838.580296,2.748779e+11,163.89,2.013266e+08,54.56,above,,,,1519,1529,,89,89,89,,-1,-1,-1.000000,-1,t
cpu-gpu-v2,2026-07-18T17:05:07,"20260718_092807_session2",433,433,3,"GEMM","openblas_sgemm",cpu_native,"Intel(R) Core(TM) i9-7900X CPU @ 3.30GHz",10,4096,"N=4096",2,1.678596,1.678596,1.678596,91.474619,91.569953,0.095334,4.578498e+01,54.551508,3.331295e-10,839.298088,839.298088,2.748779e+11,163.75,2.013266e+08,54.55,above,,,,1643,1530,,89,89,86,,-1,-1,-1.000000,-1,t
cpu-gpu-v2,2026-07-18T17:05:09,"20260718_092807_session2",434,434,4,"GEMM","openblas_sgemm",cpu_native,"Intel(R) Core(TM) i9-7900X CPU @ 3.30GHz",10,4096,"N=4096",2,1.701308,1.701308,1.701308,92.500862,92.599210,0.098348,4.629960e+01,54.428247,3.368740e-10,850.653984,850.653984,2.748779e+11,161.57,2.013266e+08,54.43,above,,,,1818,1530,,89,86,89,,-1,-1,-1.000000,-1,t
cpu-gpu-v2,2026-07-18T17:05:10,"20260718_092807_session2",435,435,5,"GEMM","openblas_sgemm",cpu_native,"Intel(R) Core(TM) i9-7900X CPU @ 3.30GHz",10,4096,"N=4096",2,1.695103,1.695103,1.695103,93.674382,93.782706,0.108324,4.689135e+01,55.325663,3.411795e-10,847.551582,847.551582,2.748779e+11,162.16,2.013266e+08,55.33,above,,,,1483,1529,,89,89,89,,-1,-1,-1.000000,-1,t
cpu-gpu-v2,2026-07-18T17:05:12,"20260718_092807_session2",436,436,6,"GEMM","openblas_sgemm",cpu_native,"Intel(R) Core(TM) i9-7900X CPU @ 3.30GHz",10,4096,"N=4096",2,1.656440,1.656440,1.656440,91.376108,91.477364,0.101256,4.573868e+01,55.225286,3.327927e-10,828.219927,828.219927,2.748779e+11,165.94,2.013266e+08,55.23,above,,,,1528,1530,,92,89,92,,-1,-1,-1.000000,-1,t
cpu-gpu-v2,2026-07-18T17:05:14,"20260718_092807_session2",437,437,7,"GEMM","openblas_sgemm",cpu_native,"Intel(R) Core(TM) i9-7900X CPU @ 3.30GHz",10,4096,"N=4096",2,1.661987,1.661987,1.661987,93.245062,93.351351,0.106289,4.667568e+01,56.168505,3.396102e-10,830.993732,830.993732,2.748779e+11,165.39,2.013266e+08,56.17,above,,,,1480,1684,,92,92,89,,-1,-1,-1.000000,-1,t
cpu-gpu-v2,2026-07-18T17:05:16,"20260718_092807_session2",438,438,8,"GEMM","openblas_sgemm",cpu_native,"Intel(R) Core(TM) i9-7900X CPU @ 3.30GHz",10,4096,"N=4096",2,1.684872,1.684872,1.684872,93.986637,94.085368,0.098731,4.704268e+01,55.841250,3.422806e-10,842.436083,842.436083,2.748779e+11,163.14,2.013266e+08,55.84,above,,,,1660,1530,,90,89,90,,-1,-1,-1.000000,-1,t
cpu-gpu-v2,2026-07-18T17:05:17,"20260718_092807_session2",439,439,9,"GEMM","openblas_sgemm",cpu_native,"Intel(R) Core(TM) i9-7900X CPU @ 3.30GHz",10,4096,"N=4096",2,1.663958,1.663958,1.663958,91.459116,91.568389,0.109273,4.578419e+01,55.030456,3.331239e-10,831.979189,831.979189,2.748779e+11,165.20,2.013266e+08,55.03,above,,,,1530,1529,,90,90,89,,-1,-1,-1.000000,-1,t
cpu-gpu-v2,2026-07-18T17:05:19,"20260718_092807_session2",440,440,10,"GEMM","openblas_sgemm",cpu_native,"Intel(R) Core(TM) i9-7900X CPU @ 3.30GHz",10,4096,"N=4096",2,1.688347,1.688347,1.688347,90.498792,90.616969,0.118177,4.530848e+01,53.672013,3.296626e-10,844.173376,844.173376,2.748779e+11,162.81,2.013266e+08,53.67,above,,,,1508,1650,,89,89,88,,-1,-1,-1.000000,-1,t
cpu-gpu-v2,2026-07-18T17:05:22,"20260718_092807_session2",441,441,1,"GEMM","openblas_sgemm",cpu_native,"Intel(R) Core(TM) i9-7900X CPU @ 3.30GHz",16,2048,"N=2048",6,1.278801,1.278801,1.278801,61.894068,61.907455,0.013387,1.031791e+01,48.410544,6.005814e-10,213.133510,213.133510,1.030792e+11,80.61,5.033165e+07,48.41,above,,,,1685,1529,,86,86,84,,-1,-1,-1.000000,-1,t
cpu-gpu-v2,2026-07-18T17:05:23,"20260718_092807_session2",442,442,2,"GEMM","openblas_sgemm",cpu_native,"Intel(R) Core(TM) i9-7900X CPU @ 3.30GHz",16,2048,"N=2048",6,1.296503,1.296503,1.296503,61.569789,61.580667,0.010878,1.026344e+01,47.497511,5.974111e-10,216.083839,216.083839,1.030792e+11,79.51,5.033165e+07,47.50,above,,,,1527,1530,,86,84,86,,-1,-1,-1.000000,-1,t
cpu-gpu-v2,2026-07-18T17:05:25,"20260718_092807_session2",443,443,3,"GEMM","openblas_sgemm",cpu_native,"Intel(R) Core(TM) i9-7900X CPU @ 3.30GHz",16,2048,"N=2048",6,1.310537,1.310537,1.310537,62.477013,62.489238,0.012225,1.041487e+01,47.682176,6.062254e-10,218.422771,218.422771,1.030792e+11,78.65,5.033165e+07,47.68,above,,,,1530,1529,,86,86,85,,-1,-1,-1.000000,-1,t
cpu-gpu-v2,2026-07-18T17:05:26,"20260718_092807_session2",444,444,4,"GEMM","openblas_sgemm",cpu_native,"Intel(R) Core(TM) i9-7900X CPU @ 3.30GHz",16,2048,"N=2048",6,1.294273,1.294273,1.294273,61.357265,61.372672,0.015407,1.022878e+01,47.418657,5.953933e-10,215.712112,215.712112,1.030792e+11,79.64,5.033165e+07,47.42,above,,,,1520,1530,,86,85,86,,-1,-1,-1.000000,-1,t
cpu-gpu-v2,2026-07-18T17:05:27,"20260718_092807_session2",445,445,5,"GEMM","openblas_sgemm",cpu_native,"Intel(R) Core(TM) i9-7900X CPU @ 3.30GHz",16,2048,"N=2048",6,1.166602,1.166602,1.166602,55.976358,56.002644,0.026286,9.333774e+00,48.004942,5.432972e-10,194.433606,194.433606,1.030792e+11,88.36,5.033165e+07,48.00,in_range,,,,1490,1529,,86,86,85,,-1,-1,-1.000000,-1,t
cpu-gpu-v2,2026-07-18T17:05:28,"20260718_092807_session2",446,446,6,"GEMM","openblas_sgemm",cpu_native,"Intel(R) Core(TM) i9-7900X CPU @ 3.30GHz",16,2048,"N=2048",6,1.306719,1.306719,1.306719,62.056176,62.080472,0.024296,1.034675e+01,47.508671,6.022598e-10,217.786461,217.786461,1.030792e+11,78.88,5.033165e+07,47.51,above,,,,1641,1530,,85,85,84,,-1,-1,-1.000000,-1,t
cpu-gpu-v2,2026-07-18T17:05:30,"20260718_092807_session2",447,447,7,"GEMM","openblas_sgemm",cpu_native,"Intel(R) Core(TM) i9-7900X CPU @ 3.30GHz",16,2048,"N=2048",6,1.299730,1.299730,1.299730,61.578089,61.590559,0.012470,1.026509e+01,47.387212,5.975071e-10,216.621588,216.621588,1.030792e+11,79.31,5.033165e+07,47.39,above,,,,1821,1530,,85,84,85,,-1,-1,-1.000000,-1,t
cpu-gpu-v2,2026-07-18T17:05:31,"20260718_092807_session2",448,448,8,"GEMM","openblas_sgemm",cpu_native,"Intel(R) Core(TM) i9-7900X CPU @ 3.30GHz",16,2048,"N=2048",6,1.301525,1.301525,1.301525,61.520656,61.544386,0.023730,1.025740e+01,47.286378,5.970591e-10,216.920772,216.920772,1.030792e+11,79.20,5.033165e+07,47.29,above,,,,1495,1529,,85,85,85,,-1,-1,-1.000000,-1,t
cpu-gpu-v2,2026-07-18T17:05:33,"20260718_092807_session2",449,449,9,"GEMM","openblas_sgemm",cpu_native,"Intel(R) Core(TM) i9-7900X CPU @ 3.30GHz",16,2048,"N=2048",6,1.313602,1.313602,1.313602,62.368859,62.386622,0.017763,1.039777e+01,47.492779,6.052299e-10,218.933711,218.933711,1.030792e+11,78.47,5.033165e+07,47.49,above,,,,1491,1530,,85,85,85,,-1,-1,-1.000000,-1,t
cpu-gpu-v2,2026-07-18T17:05:34,"20260718_092807_session2",450,450,10,"GEMM","openblas_sgemm",cpu_native,"Intel(R) Core(TM) i9-7900X CPU @ 3.30GHz",16,2048,"N=2048",6,1.282516,1.282516,1.282516,61.859766,61.876489,0.016723,1.031275e+01,48.246176,6.002809e-10,213.752653,213.752653,1.030792e+11,80.37,5.033165e+07,48.25,above,,,,1526,1529,,85,85,85,,-1,-1,-1.000000,-1,t
cpu-gpu-v2,2026-07-18T17:05:36,"20260718_092807_session2",451,451,1,"GEMM","openblas_sgemm",cpu_native,"Intel(R) Core(TM) i9-7900X CPU @ 3.30GHz",8,2048,"N=2048",8,0.963500,0.963500,0.963500,50.325555,50.349377,0.023822,6.293672e+00,52.256765,3.663399e-10,120.437462,120.437462,1.374390e+11,142.65,5.033165e+07,52.26,in_range,,,,1530,1529,,88,88,88,,-1,-1,-1.000000,-1,t
cpu-gpu-v2,2026-07-18T17:05:37,"20260718_092807_session2",452,452,2,"GEMM","openblas_sgemm",cpu_native,"Intel(R) Core(TM) i9-7900X CPU @ 3.30GHz",8,2048,"N=2048",8,1.127830,1.127830,1.127830,58.805697,58.827026,0.021329,7.353378e+00,52.159496,4.280229e-10,140.978706,140.978706,1.374390e+11,121.86,5.033165e+07,52.16,in_range,,,,1741,1685,,90,88,90,,-1,-1,-1.000000,-1,t
cpu-gpu-v2,2026-07-18T17:05:38,"20260718_092807_session2",453,453,3,"GEMM","openblas_sgemm",cpu_native,"Intel(R) Core(TM) i9-7900X CPU @ 3.30GHz",8,2048,"N=2048",8,0.985126,0.985126,0.985126,52.381214,52.401930,0.020716,6.550241e+00,53.193109,3.812742e-10,123.140785,123.140785,1.374390e+11,139.51,5.033165e+07,53.19,in_range,,,,1637,1685,,90,90,89,,-1,-1,-1.000000,-1,t
cpu-gpu-v2,2026-07-18T17:05:39,"20260718_092807_session2",454,454,4,"GEMM","openblas_sgemm",cpu_native,"Intel(R) Core(TM) i9-7900X CPU @ 3.30GHz",8,2048,"N=2048",8,1.055760,1.055760,1.055760,54.845258,54.860084,0.014826,6.857511e+00,51.962646,3.991596e-10,131.970002,131.970002,1.374390e+11,130.18,5.033165e+07,51.96,in_range,,,,1660,1834,,89,89,87,,-1,-1,-1.000000,-1,t
cpu-gpu-v2,2026-07-18T17:05:41,"20260718_092807_session2",455,455,5,"GEMM","openblas_sgemm",cpu_native,"Intel(R) Core(TM) i9-7900X CPU @ 3.30GHz",8,2048,"N=2048",8,1.093630,1.093630,1.093630,56.759559,56.782631,0.023072,7.097829e+00,51.921253,4.131480e-10,136.703728,136.703728,1.374390e+11,125.67,5.033165e+07,51.92,in_range,,,,1833,1685,,87,87,87,,-1,-1,-1.000000,-1,t
cpu-gpu-v2,2026-07-18T17:05:42,"20260718_092807_session2",456,456,6,"GEMM","openblas_sgemm",cpu_native,"Intel(R) Core(TM) i9-7900X CPU @ 3.30GHz",8,2048,"N=2048",8,0.984438,0.984438,0.984438,51.901906,51.924933,0.023027,6.490617e+00,52.745751,3.778036e-10,123.054776,123.054776,1.374390e+11,139.61,5.033165e+07,52.75,in_range,,,,1657,1682,,87,87,87,,-1,-1,-1.000000,-1,t
cpu-gpu-v2,2026-07-18T17:05:43,"20260718_092807_session2",457,457,7,"GEMM","openblas_sgemm",cpu_native,"Intel(R) Core(TM) i9-7900X CPU @ 3.30GHz",8,2048,"N=2048",8,0.961535,0.961535,0.961535,50.912345,50.939502,0.027157,6.367438e+00,52.977279,3.706337e-10,120.191861,120.191861,1.374390e+11,142.94,5.033165e+07,52.98,in_range,,,,1682,1667,,87,87,87,,-1,-1,-1.000000,-1,t
cpu-gpu-v2,2026-07-18T17:05:44,"20260718_092807_session2",458,458,8,"GEMM","openblas_sgemm",cpu_native,"Intel(R) Core(TM) i9-7900X CPU @ 3.30GHz",8,2048,"N=2048",8,0.960136,0.960136,0.960136,51.149039,51.175033,0.025994,6.396879e+00,53.299787,3.723474e-10,120.016974,120.016974,1.374390e+11,143.15,5.033165e+07,53.30,in_range,,,,1617,1685,,90,87,90,,-1,-1,-1.000000,-1,t
cpu-gpu-v2,2026-07-18T17:05:44,"20260718_092807_session2",459,459,9,"GEMM","openblas_sgemm",cpu_native,"Intel(R) Core(TM) i9-7900X CPU @ 3.30GHz",8,2048,"N=2048",8,0.972260,0.972260,0.972260,51.915334,51.933771,0.018437,6.491721e+00,53.415495,3.778679e-10,121.532551,121.532551,1.374390e+11,141.36,5.033165e+07,53.42,in_range,,,,1684,1685,,90,90,90,,-1,-1,-1.000000,-1,t
cpu-gpu-v2,2026-07-18T17:05:46,"20260718_092807_session2",460,460,10,"GEMM","openblas_sgemm",cpu_native,"Intel(R) Core(TM) i9-7900X CPU @ 3.30GHz",8,2048,"N=2048",8,1.153055,1.153055,1.153055,59.706818,59.727504,0.020686,7.465938e+00,51.799358,4.345748e-10,144.131864,144.131864,1.374390e+11,119.20,5.033165e+07,51.80,in_range,,,,1681,1664,,90,90,90,,-1,-1,-1.000000,-1,t
cpu-gpu-v2,2026-07-18T17:05:49,"20260718_092807_session2",461,461,1,"GEMM","openblas_sgemm",cpu_native,"Intel(R) Core(TM) i9-7900X CPU @ 3.30GHz",10,2048,"N=2048",7,1.263678,1.263678,1.263678,64.179157,64.212419,0.033262,9.173203e+00,50.813890,5.339507e-10,180.525497,180.525497,1.202591e+11,95.17,5.033165e+07,50.81,above,,,,1685,1685,,86,86,86,,-1,-1,-1.000000,-1,t
cpu-gpu-v2,2026-07-18T17:05:50,"20260718_092807_session2",462,462,2,"GEMM","openblas_sgemm",cpu_native,"Intel(R) Core(TM) i9-7900X CPU @ 3.30GHz",10,2048,"N=2048",7,1.154169,1.154169,1.154169,59.461457,59.483918,0.022461,8.497703e+00,51.538310,4.946314e-10,164.881282,164.881282,1.202591e+11,104.20,5.033165e+07,51.54,in_range,,,,1639,1530,,89,86,89,,-1,-1,-1.000000,-1,t
cpu-gpu-v2,2026-07-18T17:05:51,"20260718_092807_session2",463,463,3,"GEMM","openblas_sgemm",cpu_native,"Intel(R) Core(TM) i9-7900X CPU @ 3.30GHz",10,2048,"N=2048",7,1.185465,1.185465,1.185465,59.556305,59.584870,0.028565,8.512124e+00,50.262852,4.954708e-10,169.352194,169.352194,1.202591e+11,101.44,5.033165e+07,50.26,in_range,,,,1530,1530,,89,89,89,,-1,-1,-1.000000,-1,t
cpu-gpu-v2,2026-07-18T17:05:52,"20260718_092807_session2",464,464,4,"GEMM","openblas_sgemm",cpu_native,"Intel(R) Core(TM) i9-7900X CPU @ 3.30GHz",10,2048,"N=2048",7,1.145446,1.145446,1.145446,58.042393,58.079312,0.036919,8.297045e+00,50.704540,4.829516e-10,163.635142,163.635142,1.202591e+11,104.99,5.033165e+07,50.70,in_range,,,,1481,1667,,89,89,87,,-1,-1,-1.000000,-1,t
cpu-gpu-v2,2026-07-18T17:05:53,"20260718_092807_session2",465,465,5,"GEMM","openblas_sgemm",cpu_native,"Intel(R) Core(TM) i9-7900X CPU @ 3.30GHz",10,2048,"N=2048",7,1.136903,1.136903,1.136903,57.865392,57.902265,0.036873,8.271752e+00,50.929812,4.814793e-10,162.414741,162.414741,1.202591e+11,105.78,5.033165e+07,50.93,in_range,,,,1659,1665,,88,87,88,,-1,-1,-1.000000,-1,t
cpu-gpu-v2,2026-07-18T17:05:54,"20260718_092807_session2",466,466,6,"GEMM","openblas_sgemm",cpu_native,"Intel(R) Core(TM) i9-7900X CPU @ 3.30GHz",10,2048,"N=2048",7,1.158674,1.158674,1.158674,58.876131,58.901575,0.025444,8.414511e+00,50.835337,4.897890e-10,165.524834,165.524834,1.202591e+11,103.79,5.033165e+07,50.84,in_range,,,,1681,1685,,88,88,87,,-1,-1,-1.000000,-1,t
cpu-gpu-v2,2026-07-18T17:05:56,"20260718_092807_session2",467,467,7,"GEMM","openblas_sgemm",cpu_native,"Intel(R) Core(TM) i9-7900X CPU @ 3.30GHz",10,2048,"N=2048",7,1.142995,1.142995,1.142995,58.773775,58.805201,0.031426,8.400743e+00,51.448344,4.889876e-10,163.285002,163.285002,1.202591e+11,105.21,5.033165e+07,51.45,in_range,,,,1644,1685,,87,87,87,,-1,-1,-1.000000,-1,t
cpu-gpu-v2,2026-07-18T17:05:57,"20260718_092807_session2",468,468,8,"GEMM","openblas_sgemm",cpu_native,"Intel(R) Core(TM) i9-7900X CPU @ 3.30GHz",10,2048,"N=2048",7,1.247891,1.247891,1.247891,62.357324,62.389592,0.032268,8.912799e+00,49.996010,5.187932e-10,178.270202,178.270202,1.202591e+11,96.37,5.033165e+07,50.00,in_range,,,,1665,1529,,87,87,87,,-1,-1,-1.000000,-1,t
cpu-gpu-v2,2026-07-18T17:05:58,"20260718_092807_session2",469,469,9,"GEMM","openblas_sgemm",cpu_native,"Intel(R) Core(TM) i9-7900X CPU @ 3.30GHz",10,2048,"N=2048",7,1.162305,1.162305,1.162305,57.576574,57.608000,0.031426,8.229714e+00,49.563583,4.790324e-10,166.043570,166.043570,1.202591e+11,103.47,5.033165e+07,49.56,in_range,,,,1530,1530,,87,87,87,,-1,-1,-1.000000,-1,t
cpu-gpu-v2,2026-07-18T17:05:59,"20260718_092807_session2",470,470,10,"GEMM","openblas_sgemm",cpu_native,"Intel(R) Core(TM) i9-7900X CPU @ 3.30GHz",10,2048,"N=2048",7,1.063495,1.063495,1.063495,52.769640,52.789806,0.020166,7.541401e+00,49.638038,4.389673e-10,151.927861,151.927861,1.202591e+11,113.08,5.033165e+07,49.64,in_range,,,,1529,1827,,87,87,87,,-1,-1,-1.000000,-1,t
cpu-gpu-v2,2026-07-18T17:06:02,"20260718_092807_session2",471,471,1,"GEMM","openblas_sgemm",cpu_native,"Intel(R) Core(TM) i9-7900X CPU @ 3.30GHz",20,2048,"N=2048",4,1.199002,1.199002,1.199002,56.177224,56.187720,0.010496,1.404693e+01,46.862068,8.176389e-10,299.750537,299.750537,6.871948e+10,57.31,5.033165e+07,46.86,in_range,,,,1530,1529,,86,86,85,,-1,-1,-1.000000,-1,t
cpu-gpu-v2,2026-07-18T17:06:03,"20260718_092807_session2",472,472,2,"GEMM","openblas_sgemm",cpu_native,"Intel(R) Core(TM) i9-7900X CPU @ 3.30GHz",20,2048,"N=2048",4,1.087074,1.087074,1.087074,51.832204,51.845163,0.012959,1.296129e+01,47.692374,7.544464e-10,271.768622,271.768622,6.871948e+10,63.22,5.033165e+07,47.69,in_range,,,,1491,1529,,85,85,85,,-1,-1,-1.000000,-1,t
cpu-gpu-v2,2026-07-18T17:06:04,"20260718_092807_session2",473,473,3,"GEMM","openblas_sgemm",cpu_native,"Intel(R) Core(TM) i9-7900X CPU @ 3.30GHz",20,2048,"N=2048",4,1.078527,1.078527,1.078527,50.626701,50.638619,0.011918,1.265965e+01,46.951639,7.368889e-10,269.631795,269.631795,6.871948e+10,63.72,5.033165e+07,46.95,in_range,,,,1530,1530,,85,85,85,,-1,-1,-1.000000,-1,t
cpu-gpu-v2,2026-07-18T17:06:05,"20260718_092807_session2",474,474,4,"GEMM","openblas_sgemm",cpu_native,"Intel(R) Core(TM) i9-7900X CPU @ 3.30GHz",20,2048,"N=2048",4,1.074537,1.074537,1.074537,50.753105,50.765942,0.012837,1.269149e+01,47.244468,7.387417e-10,268.634322,268.634322,6.871948e+10,63.95,5.033165e+07,47.24,in_range,,,,1528,1530,,85,85,85,,-1,-1,-1.000000,-1,t
cpu-gpu-v2,2026-07-18T17:06:06,"20260718_092807_session2",475,475,5,"GEMM","openblas_sgemm",cpu_native,"Intel(R) Core(TM) i9-7900X CPU @ 3.30GHz",20,2048,"N=2048",4,0.984662,0.984662,0.984662,47.086794,47.098789,0.011995,1.177470e+01,47.832461,6.853776e-10,246.165406,246.165406,6.871948e+10,69.79,5.033165e+07,47.83,in_range,,,,1529,1530,,85,85,85,,-1,-1,-1.000000,-1,t
cpu-gpu-v2,2026-07-18T17:06:08,"20260718_092807_session2",476,476,6,"GEMM","openblas_sgemm",cpu_native,"Intel(R) Core(TM) i9-7900X CPU @ 3.30GHz",20,2048,"N=2048",4,1.085726,1.085726,1.085726,51.493155,51.512081,0.018926,1.287802e+01,47.444817,7.495994e-10,271.431553,271.431553,6.871948e+10,63.29,5.033165e+07,47.44,in_range,,,,1527,1529,,85,85,85,,-1,-1,-1.000000,-1,t
cpu-gpu-v2,2026-07-18T17:06:09,"20260718_092807_session2",477,477,7,"GEMM","openblas_sgemm",cpu_native,"Intel(R) Core(TM) i9-7900X CPU @ 3.30GHz",20,2048,"N=2048",4,1.151584,1.151584,1.151584,54.020369,54.034996,0.014627,1.350875e+01,46.922307,7.863127e-10,287.896095,287.896095,6.871948e+10,59.67,5.033165e+07,46.92,in_range,,,,1491,1529,,85,85,85,,-1,-1,-1.000000,-1,t
cpu-gpu-v2,2026-07-18T17:06:10,"20260718_092807_session2",478,478,8,"GEMM","openblas_sgemm",cpu_native,"Intel(R) Core(TM) i9-7900X CPU @ 3.30GHz",20,2048,"N=2048",4,1.101957,1.101957,1.101957,51.672598,51.694844,0.022246,1.292371e+01,46.911843,7.522590e-10,275.489307,275.489307,6.871948e+10,62.36,5.033165e+07,46.91,in_range,,,,1529,1529,,85,85,85,,-1,-1,-1.000000,-1,t
cpu-gpu-v2,2026-07-18T17:06:11,"20260718_092807_session2",479,479,9,"GEMM","openblas_sgemm",cpu_native,"Intel(R) Core(TM) i9-7900X CPU @ 3.30GHz",20,2048,"N=2048",4,1.069607,1.069607,1.069607,50.580315,50.592617,0.012302,1.264815e+01,47.300184,7.362195e-10,267.401800,267.401800,6.871948e+10,64.25,5.033165e+07,47.30,in_range,,,,1491,1529,,85,85,85,,-1,-1,-1.000000,-1,t
cpu-gpu-v2,2026-07-18T17:06:12,"20260718_092807_session2",480,480,10,"GEMM","openblas_sgemm",cpu_native,"Intel(R) Core(TM) i9-7900X CPU @ 3.30GHz",20,2048,"N=2048",4,1.096532,1.096532,1.096532,51.532522,51.542742,0.010220,1.288569e+01,47.005226,7.500456e-10,274.133038,274.133038,6.871948e+10,62.67,5.033165e+07,47.01,in_range,,,,1526,1529,,85,85,85,,-1,-1,-1.000000,-1,t
cpu-gpu-v2,2026-07-18T17:06:16,"20260718_092807_session2",481,481,1,"GEMM","openblas_sgemm",cpu_native,"Intel(R) Core(TM) i9-7900X CPU @ 3.30GHz",4,256,"N=256",84,1.001987,1.001987,1.001987,43.298351,43.298351,0.000000,5.154566e-01,43.212483,1.536180e-08,11.928418,11.928418,2.818572e+09,2.81,7.864320e+05,43.21,in_range,,,,1836,1684,,83,81,83,,-1,-1,-1.000000,-1,t
cpu-gpu-v2,2026-07-18T17:06:17,"20260718_092807_session2",482,482,2,"GEMM","openblas_sgemm",cpu_native,"Intel(R) Core(TM) i9-7900X CPU @ 3.30GHz",4,256,"N=256",84,1.001715,1.001715,1.001715,43.561412,43.561412,0.000000,5.185882e-01,43.486854,1.545513e-08,11.925173,11.925173,2.818572e+09,2.81,7.864320e+05,43.49,in_range,,,,1684,1529,,84,83,84,,-1,-1,-1.000000,-1,t
cpu-gpu-v2,2026-07-18T17:06:18,"20260718_092807_session2",483,483,3,"GEMM","openblas_sgemm",cpu_native,"Intel(R) Core(TM) i9-7900X CPU @ 3.30GHz",4,256,"N=256",84,0.996938,0.996938,0.996938,41.900528,41.900528,0.000000,4.988158e-01,42.029229,1.486587e-08,11.868307,11.868307,2.818572e+09,2.83,7.864320e+05,42.03,in_range,,,,1530,1655,,84,84,83,,-1,-1,-1.000000,-1,t
cpu-gpu-v2,2026-07-18T17:06:19,"20260718_092807_session2",484,484,4,"GEMM","openblas_sgemm",cpu_native,"Intel(R) Core(TM) i9-7900X CPU @ 3.30GHz",4,256,"N=256",84,0.633519,0.633519,0.633519,27.338004,27.338004,0.000000,3.254524e-01,43.152596,9.699238e-09,7.541897,7.541897,2.818572e+09,4.45,7.864320e+05,43.15,below,,,,1635,1646,,83,83,83,,-1,-1,-1.000000,-1,t
cpu-gpu-v2,2026-07-18T17:06:20,"20260718_092807_session2",485,485,5,"GEMM","openblas_sgemm",cpu_native,"Intel(R) Core(TM) i9-7900X CPU @ 3.30GHz",4,256,"N=256",84,0.580397,0.580397,0.580397,25.926325,25.926325,0.000000,3.086467e-01,44.670017,9.198389e-09,6.909483,6.909483,2.818572e+09,4.86,7.864320e+05,44.67,below,,,,1682,1685,,84,83,84,,-1,-1,-1.000000,-1,t
cpu-gpu-v2,2026-07-18T17:06:20,"20260718_092807_session2",486,486,6,"GEMM","openblas_sgemm",cpu_native,"Intel(R) Core(TM) i9-7900X CPU @ 3.30GHz",4,256,"N=256",84,0.635065,0.635065,0.635065,27.049430,27.049430,0.000000,3.220170e-01,42.593145,9.596855e-09,7.560302,7.560302,2.818572e+09,4.44,7.864320e+05,42.59,below,,,,1647,1529,,84,84,84,,-1,-1,-1.000000,-1,t
cpu-gpu-v2,2026-07-18T17:06:21,"20260718_092807_session2",487,487,7,"GEMM","openblas_sgemm",cpu_native,"Intel(R) Core(TM) i9-7900X CPU @ 3.30GHz",4,256,"N=256",84,0.493335,0.493335,0.493335,20.470102,20.470102,0.000000,2.436917e-01,41.493344,7.262578e-09,5.873031,5.873031,2.818572e+09,5.71,7.864320e+05,41.49,below,,,,1529,1494,,84,84,80,,-1,-1,-1.000000,-1,t
cpu-gpu-v2,2026-07-18T17:06:21,"20260718_092807_session2",488,488,8,"GEMM","openblas_sgemm",cpu_native,"Intel(R) Core(TM) i9-7900X CPU @ 3.30GHz",4,256,"N=256",84,0.528455,0.528455,0.528455,22.412235,22.412235,0.000000,2.668123e-01,42.410860,7.951627e-09,6.291132,6.291132,2.818572e+09,5.33,7.864320e+05,42.41,below,,,,1496,1529,,80,80,80,,-1,-1,-1.000000,-1,t
cpu-gpu-v2,2026-07-18T17:06:22,"20260718_092807_session2",489,489,9,"GEMM","openblas_sgemm",cpu_native,"Intel(R) Core(TM) i9-7900X CPU @ 3.30GHz",4,256,"N=256",84,0.507472,0.507472,0.507472,20.605660,20.605660,0.000000,2.453055e-01,40.604493,7.310673e-09,6.041338,6.041338,2.818572e+09,5.55,7.864320e+05,40.60,below,,,,1490,1530,,82,80,82,,-1,-1,-1.000000,-1,t
cpu-gpu-v2,2026-07-18T17:06:23,"20260718_092807_session2",490,490,10,"GEMM","openblas_sgemm",cpu_native,"Intel(R) Core(TM) i9-7900X CPU @ 3.30GHz",4,256,"N=256",84,0.733462,0.733462,0.733462,30.875043,30.875043,0.000000,3.675600e-01,42.094925,1.095414e-08,8.731695,8.731695,2.818572e+09,3.84,7.864320e+05,42.09,below,,,,1490,1530,,82,82,82,,-1,-1,-1.000000,-1,t
cpu-gpu-v2,2026-07-18T17:06:25,"20260718_092807_session2",491,491,1,"GEMM","openblas_sgemm",cpu_native,"Intel(R) Core(TM) i9-7900X CPU @ 3.30GHz",4,2048,"N=2048",10,1.031973,1.031973,1.031973,56.222513,56.241577,0.019064,5.624158e+00,54.499061,3.273691e-10,103.197333,103.197333,1.717987e+11,166.48,5.033165e+07,54.50,in_range,,,,1529,1950,,90,90,90,,-1,-1,-1.000000,-1,t
cpu-gpu-v2,2026-07-18T17:06:26,"20260718_092807_session2",492,492,2,"GEMM","openblas_sgemm",cpu_native,"Intel(R) Core(TM) i9-7900X CPU @ 3.30GHz",4,2048,"N=2048",10,1.016877,1.016877,1.016877,54.385542,54.405952,0.020410,5.440595e+00,53.502980,3.166843e-10,101.687705,101.687705,1.717987e+11,168.95,5.033165e+07,53.50,in_range,,,,1529,1529,,90,90,90,,-1,-1,-1.000000,-1,t
cpu-gpu-v2,2026-07-18T17:06:27,"20260718_092807_session2",493,493,3,"GEMM","openblas_sgemm",cpu_native,"Intel(R) Core(TM) i9-7900X CPU @ 3.30GHz",4,2048,"N=2048",10,1.045580,1.045580,1.045580,56.790199,56.813868,0.023669,5.681387e+00,54.337159,3.307002e-10,104.558039,104.558039,1.717987e+11,164.31,5.033165e+07,54.34,in_range,,,,1480,1526,,90,90,90,,-1,-1,-1.000000,-1,t
cpu-gpu-v2,2026-07-18T17:06:28,"20260718_092807_session2",494,494,4,"GEMM","openblas_sgemm",cpu_native,"Intel(R) Core(TM) i9-7900X CPU @ 3.30GHz",4,2048,"N=2048",10,1.044398,1.044398,1.044398,56.532693,56.550288,0.017595,5.655029e+00,54.146293,3.291660e-10,104.439815,104.439815,1.717987e+11,164.50,5.033165e+07,54.15,in_range,,,,1480,1529,,90,90,90,,-1,-1,-1.000000,-1,t
cpu-gpu-v2,2026-07-18T17:06:29,"20260718_092807_session2",495,495,5,"GEMM","openblas_sgemm",cpu_native,"Intel(R) Core(TM) i9-7900X CPU @ 3.30GHz",4,2048,"N=2048",10,1.062781,1.062781,1.062781,57.715184,57.732825,0.017641,5.773282e+00,54.322428,3.360493e-10,106.278065,106.278065,1.717987e+11,161.65,5.033165e+07,54.32,in_range,,,,1482,1505,,90,90,90,,-1,-1,-1.000000,-1,t
cpu-gpu-v2,2026-07-18T17:06:30,"20260718_092807_session2",496,496,6,"GEMM","openblas_sgemm",cpu_native,"Intel(R) Core(TM) i9-7900X CPU @ 3.30GHz",4,2048,"N=2048",10,1.066942,1.066942,1.066942,57.272498,57.295371,0.022873,5.729537e+00,53.700561,3.335030e-10,106.694177,106.694177,1.717987e+11,161.02,5.033165e+07,53.70,in_range,,,,1483,1530,,90,90,90,,-1,-1,-1.000000,-1,t
cpu-gpu-v2,2026-07-18T17:06:31,"20260718_092807_session2",497,497,7,"GEMM","openblas_sgemm",cpu_native,"Intel(R) Core(TM) i9-7900X CPU @ 3.30GHz",4,2048,"N=2048",10,1.027374,1.027374,1.027374,56.626076,56.649730,0.023654,5.664973e+00,55.140340,3.297448e-10,102.737361,102.737361,1.717987e+11,167.22,5.033165e+07,55.14,in_range,,,,1504,1529,,90,90,90,,-1,-1,-1.000000,-1,t
cpu-gpu-v2,2026-07-18T17:06:32,"20260718_092807_session2",498,498,8,"GEMM","openblas_sgemm",cpu_native,"Intel(R) Core(TM) i9-7900X CPU @ 3.30GHz",4,2048,"N=2048",10,1.021352,1.021352,1.021352,56.374672,56.395327,0.020655,5.639533e+00,55.216321,3.282640e-10,102.135248,102.135248,1.717987e+11,168.21,5.033165e+07,55.22,in_range,,,,1493,1524,,90,90,89,,-1,-1,-1.000000,-1,t
cpu-gpu-v2,2026-07-18T17:06:33,"20260718_092807_session2",499,499,9,"GEMM","openblas_sgemm",cpu_native,"Intel(R) Core(TM) i9-7900X CPU @ 3.30GHz",4,2048,"N=2048",10,1.021986,1.021986,1.021986,55.598734,55.617384,0.018650,5.561738e+00,54.420879,3.237358e-10,102.198614,102.198614,1.717987e+11,168.10,5.033165e+07,54.42,in_range,,,,1591,1638,,89,89,89,,-1,-1,-1.000000,-1,t
cpu-gpu-v2,2026-07-18T17:06:34,"20260718_092807_session2",500,500,10,"GEMM","openblas_sgemm",cpu_native,"Intel(R) Core(TM) i9-7900X CPU @ 3.30GHz",4,2048,"N=2048",10,1.037310,1.037310,1.037310,55.887614,55.911023,0.023409,5.591102e+00,53.900015,3.254450e-10,103.730997,103.730997,1.717987e+11,165.62,5.033165e+07,53.90,in_range,,,,1643,1529,,90,89,90,,-1,-1,-1.000000,-1,t
cpu-gpu-v2,2026-07-18T17:06:38,"20260718_092807_session2",501,501,1,"GEMM","openblas_sgemm",cpu_native,"Intel(R) Core(TM) i9-7900X CPU @ 3.30GHz",1,4096,"N=4096",2,1.286121,1.286121,1.286121,65.702712,65.736219,0.033507,3.286811e+01,51.111998,2.391470e-10,643.060553,643.060553,2.748779e+11,213.73,2.013266e+08,51.11,above,,,,1339,1339,,85,85,84,,-1,-1,-1.000000,-1,t
cpu-gpu-v2,2026-07-18T17:06:40,"20260718_092807_session2",502,502,2,"GEMM","openblas_sgemm",cpu_native,"Intel(R) Core(TM) i9-7900X CPU @ 3.30GHz",1,4096,"N=4096",2,1.284729,1.284729,1.284729,64.653215,64.684993,0.031778,3.234250e+01,50.349153,2.353226e-10,642.364267,642.364267,2.748779e+11,213.96,2.013266e+08,50.35,above,,,,1364,1339,,84,84,84,,-1,-1,-1.000000,-1,t
cpu-gpu-v2,2026-07-18T17:06:41,"20260718_092807_session2",503,503,3,"GEMM","openblas_sgemm",cpu_native,"Intel(R) Core(TM) i9-7900X CPU @ 3.30GHz",1,4096,"N=4096",2,1.287843,1.287843,1.287843,64.037556,64.068339,0.030783,3.203417e+01,49.748565,2.330793e-10,643.921484,643.921484,2.748779e+11,213.44,2.013266e+08,49.75,above,,,,1500,1340,,84,84,83,,-1,-1,-1.000000,-1,t
cpu-gpu-v2,2026-07-18T17:06:42,"20260718_092807_session2",504,504,4,"GEMM","openblas_sgemm",cpu_native,"Intel(R) Core(TM) i9-7900X CPU @ 3.30GHz",1,4096,"N=4096",2,1.288976,1.288976,1.288976,65.135331,65.166834,0.031503,3.258342e+01,50.557073,2.370756e-10,644.487806,644.487806,2.748779e+11,213.25,2.013266e+08,50.56,above,,,,1513,1466,,84,83,84,,-1,-1,-1.000000,-1,t
cpu-gpu-v2,2026-07-18T17:06:44,"20260718_092807_session2",505,505,5,"GEMM","openblas_sgemm",cpu_native,"Intel(R) Core(TM) i9-7900X CPU @ 3.30GHz",1,4096,"N=4096",2,1.288396,1.288396,1.288396,65.895828,65.926061,0.030233,3.296303e+01,51.169104,2.398376e-10,644.197926,644.197926,2.748779e+11,213.35,2.013266e+08,51.17,above,,,,1421,1340,,84,84,84,,-1,-1,-1.000000,-1,t
cpu-gpu-v2,2026-07-18T17:06:45,"20260718_092807_session2",506,506,6,"GEMM","openblas_sgemm",cpu_native,"Intel(R) Core(TM) i9-7900X CPU @ 3.30GHz",1,4096,"N=4096",2,1.288171,1.288171,1.288171,65.860366,65.890951,0.030585,3.294548e+01,51.150778,2.397099e-10,644.085518,644.085518,2.748779e+11,213.39,2.013266e+08,51.15,above,,,,1359,1340,,84,84,84,,-1,-1,-1.000000,-1,t
cpu-gpu-v2,2026-07-18T17:06:46,"20260718_092807_session2",507,507,7,"GEMM","openblas_sgemm",cpu_native,"Intel(R) Core(TM) i9-7900X CPU @ 3.30GHz",1,4096,"N=4096",2,1.287119,1.287119,1.287119,66.362928,66.391264,0.028336,3.319563e+01,51.581311,2.415300e-10,643.559295,643.559295,2.748779e+11,213.56,2.013266e+08,51.58,above,,,,1256,1340,,85,84,85,,-1,-1,-1.000000,-1,t
cpu-gpu-v2,2026-07-18T17:06:47,"20260718_092807_session2",508,508,8,"GEMM","openblas_sgemm",cpu_native,"Intel(R) Core(TM) i9-7900X CPU @ 3.30GHz",1,4096,"N=4096",2,1.287731,1.287731,1.287731,66.539869,66.564777,0.024908,3.328239e+01,51.691523,2.421612e-10,643.865510,643.865510,2.748779e+11,213.46,2.013266e+08,51.69,above,,,,1235,1340,,85,85,84,,-1,-1,-1.000000,-1,t
cpu-gpu-v2,2026-07-18T17:06:49,"20260718_092807_session2",509,509,9,"GEMM","openblas_sgemm",cpu_native,"Intel(R) Core(TM) i9-7900X CPU @ 3.30GHz",1,4096,"N=4096",2,1.288975,1.288975,1.288975,65.971389,65.994247,0.022858,3.299712e+01,51.199021,2.400857e-10,644.487385,644.487385,2.748779e+11,213.25,2.013266e+08,51.20,above,,,,1255,1339,,84,84,84,,-1,-1,-1.000000,-1,t
cpu-gpu-v2,2026-07-18T17:06:50,"20260718_092807_session2",510,510,10,"GEMM","openblas_sgemm",cpu_native,"Intel(R) Core(TM) i9-7900X CPU @ 3.30GHz",1,4096,"N=4096",2,1.292815,1.292815,1.292815,66.515516,66.541481,0.025965,3.327074e+01,51.470228,2.420765e-10,646.407480,646.407480,2.748779e+11,212.62,2.013266e+08,51.47,above,,,,1510,1339,,85,84,85,,-1,-1,-1.000000,-1,t
cpu-gpu-v2,2026-07-18T17:07:08,"20260718_092807_session2",511,511,1,"GEMM","openblas_sgemm",cpu_native,"Intel(R) Core(TM) i9-7900X CPU @ 3.30GHz",16,8192,"N=8192",1,5.772741,5.772741,5.772741,329.728037,330.188720,0.460683,3.301887e+02,57.197913,3.003049e-10,5772.740670,5772.740670,1.099512e+12,190.47,8.053064e+08,57.20,above,,,,1685,1685,,87,86,87,,-1,-1,-1.000000,-1,t
cpu-gpu-v2,2026-07-18T17:07:14,"20260718_092807_session2",512,512,2,"GEMM","openblas_sgemm",cpu_native,"Intel(R) Core(TM) i9-7900X CPU @ 3.30GHz",16,8192,"N=8192",1,5.863882,5.863882,5.863882,329.215100,329.735423,0.520323,3.297354e+02,56.231588,2.998926e-10,5863.882477,5863.882477,1.099512e+12,187.51,8.053064e+08,56.23,above,,,,1657,1685,,87,87,87,,-1,-1,-1.000000,-1,t
cpu-gpu-v2,2026-07-18T17:07:19,"20260718_092807_session2",513,513,3,"GEMM","openblas_sgemm",cpu_native,"Intel(R) Core(TM) i9-7900X CPU @ 3.30GHz",16,8192,"N=8192",1,5.816640,5.816640,5.816640,330.930183,331.361719,0.431536,3.313617e+02,56.967892,3.013717e-10,5816.639979,5816.639979,1.099512e+12,189.03,8.053064e+08,56.97,above,,,,1770,1667,,87,87,87,,-1,-1,-1.000000,-1,t
cpu-gpu-v2,2026-07-18T17:07:25,"20260718_092807_session2",514,514,4,"GEMM","openblas_sgemm",cpu_native,"Intel(R) Core(TM) i9-7900X CPU @ 3.30GHz",16,8192,"N=8192",1,5.862786,5.862786,5.862786,331.906988,332.385802,0.478814,3.323858e+02,56.694171,3.023031e-10,5862.786192,5862.786192,1.099512e+12,187.54,8.053064e+08,56.69,above,,,,1668,1530,,89,87,89,,-1,-1,-1.000000,-1,t
cpu-gpu-v2,2026-07-18T17:07:31,"20260718_092807_session2",515,515,5,"GEMM","openblas_sgemm",cpu_native,"Intel(R) Core(TM) i9-7900X CPU @ 3.30GHz",16,8192,"N=8192",1,5.874450,5.874450,5.874450,329.283154,329.856323,0.573169,3.298563e+02,56.151015,3.000026e-10,5874.449841,5874.449841,1.099512e+12,187.17,8.053064e+08,56.15,above,,,,1501,1529,,89,89,83,,-1,-1,-1.000000,-1,t
cpu-gpu-v2,2026-07-18T17:07:37,"20260718_092807_session2",516,516,6,"GEMM","openblas_sgemm",cpu_native,"Intel(R) Core(TM) i9-7900X CPU @ 3.30GHz",16,8192,"N=8192",1,5.794529,5.794529,5.794529,326.091328,326.613991,0.522663,3.266140e+02,56.365921,2.970537e-10,5794.529464,5794.529464,1.099512e+12,189.75,8.053064e+08,56.37,above,,,,1809,1530,,87,83,87,,-1,-1,-1.000000,-1,t
cpu-gpu-v2,2026-07-18T17:07:43,"20260718_092807_session2",517,517,7,"GEMM","openblas_sgemm",cpu_native,"Intel(R) Core(TM) i9-7900X CPU @ 3.30GHz",16,8192,"N=8192",1,5.877594,5.877594,5.877594,333.121340,333.646237,0.524897,3.336462e+02,56.765789,3.034495e-10,5877.593615,5877.593615,1.099512e+12,187.07,8.053064e+08,56.77,above,,,,1515,1685,,87,87,87,,-1,-1,-1.000000,-1,t
cpu-gpu-v2,2026-07-18T17:07:49,"20260718_092807_session2",518,518,8,"GEMM","openblas_sgemm",cpu_native,"Intel(R) Core(TM) i9-7900X CPU @ 3.30GHz",16,8192,"N=8192",1,5.842482,5.842482,5.842482,333.912963,334.324793,0.411830,3.343248e+02,57.223072,3.040666e-10,5842.482389,5842.482389,1.099512e+12,188.19,8.053064e+08,57.22,above,,,,1671,1685,,88,87,88,,-1,-1,-1.000000,-1,t
cpu-gpu-v2,2026-07-18T17:07:55,"20260718_092807_session2",519,519,9,"GEMM","openblas_sgemm",cpu_native,"Intel(R) Core(TM) i9-7900X CPU @ 3.30GHz",16,8192,"N=8192",1,5.804321,5.804321,5.804321,324.594079,325.017292,0.423213,3.250173e+02,55.995752,2.956015e-10,5804.320509,5804.320509,1.099512e+12,189.43,8.053064e+08,56.00,above,,,,1673,1529,,88,88,86,,-1,-1,-1.000000,-1,t
cpu-gpu-v2,2026-07-18T17:08:01,"20260718_092807_session2",520,520,10,"GEMM","openblas_sgemm",cpu_native,"Intel(R) Core(TM) i9-7900X CPU @ 3.30GHz",16,8192,"N=8192",1,5.789250,5.789250,5.789250,324.734215,325.220235,0.486020,3.252202e+02,56.176574,2.957861e-10,5789.250085,5789.250085,1.099512e+12,189.92,8.053064e+08,56.18,above,,,,1490,1530,,86,86,86,,-1,-1,-1.000000,-1,t
cpu-gpu-v2,2026-07-18T17:10:14,"20260718_092807_session2",521,521,1,"GEMM","openblas_sgemm",cpu_native,"Intel(R) Core(TM) i9-7900X CPU @ 3.30GHz",2,16384,"N=16384",1,43.785745,43.785745,43.785745,2557.940839,2560.838261,2.897422,2.560838e+03,58.485662,2.911336e-10,43785.744805,43785.744805,8.796093e+12,200.89,3.221225e+09,58.49,above,,,,1610,1635,,91,91,91,,-1,-1,-1.000000,-1,t
cpu-gpu-v2,2026-07-18T17:10:57,"20260718_092807_session2",522,522,2,"GEMM","openblas_sgemm",cpu_native,"Intel(R) Core(TM) i9-7900X CPU @ 3.30GHz",2,16384,"N=16384",1,43.752656,43.752656,43.752656,2565.887169,2568.553500,2.666331,2.568553e+03,58.706231,2.920107e-10,43752.655560,43752.655560,8.796093e+12,201.04,3.221225e+09,58.71,above,,,,1634,1634,,91,91,90,,-1,-1,-1.000000,-1,t
cpu-gpu-v2,2026-07-18T17:11:41,"20260718_092807_session2",523,523,3,"GEMM","openblas_sgemm",cpu_native,"Intel(R) Core(TM) i9-7900X CPU @ 3.30GHz",2,16384,"N=16384",1,43.794171,43.794171,43.794171,2587.333342,2590.015141,2.681799,2.590015e+03,59.140637,2.944506e-10,43794.170750,43794.170750,8.796093e+12,200.85,3.221225e+09,59.14,above,,,,1649,1635,,92,90,92,,-1,-1,-1.000000,-1,t
cpu-gpu-v2,2026-07-18T17:12:25,"20260718_092807_session2",524,524,4,"GEMM","openblas_sgemm",cpu_native,"Intel(R) Core(TM) i9-7900X CPU @ 3.30GHz",2,16384,"N=16384",1,43.822465,43.822465,43.822465,2596.557135,2599.210951,2.653816,2.599211e+03,59.312295,2.954961e-10,43822.464707,43822.464707,8.796093e+12,200.72,3.221225e+09,59.31,above,,,,1654,1635,,92,92,92,,-1,-1,-1.000000,-1,t
cpu-gpu-v2,2026-07-18T17:13:09,"20260718_092807_session2",525,525,5,"GEMM","openblas_sgemm",cpu_native,"Intel(R) Core(TM) i9-7900X CPU @ 3.30GHz",2,16384,"N=16384",1,43.789799,43.789799,43.789799,2598.358033,2601.050649,2.692616,2.601051e+03,59.398552,2.957052e-10,43789.798705,43789.798705,8.796093e+12,200.87,3.221225e+09,59.40,above,,,,1635,1634,,92,92,91,,-1,-1,-1.000000,-1,t
cpu-gpu-v2,2026-07-18T17:13:53,"20260718_092807_session2",526,526,6,"GEMM","openblas_sgemm",cpu_native,"Intel(R) Core(TM) i9-7900X CPU @ 3.30GHz",2,16384,"N=16384",1,43.765914,43.765914,43.765914,2570.284619,2572.879591,2.594972,2.572880e+03,58.787293,2.925025e-10,43765.913911,43765.913911,8.796093e+12,200.98,3.221225e+09,58.79,above,,,,1653,1635,,92,91,92,,-1,-1,-1.000000,-1,t
cpu-gpu-v2,2026-07-18T17:14:36,"20260718_092807_session2",527,527,7,"GEMM","openblas_sgemm",cpu_native,"Intel(R) Core(TM) i9-7900X CPU @ 3.30GHz",2,16384,"N=16384",1,43.792136,43.792136,43.792136,2585.551547,2588.461393,2.909846,2.588461e+03,59.107904,2.942740e-10,43792.136026,43792.136026,8.796093e+12,200.86,3.221225e+09,59.11,above,,,,1676,1635,,93,92,93,,-1,-1,-1.000000,-1,t
cpu-gpu-v2,2026-07-18T17:15:20,"20260718_092807_session2",528,528,8,"GEMM","openblas_sgemm",cpu_native,"Intel(R) Core(TM) i9-7900X CPU @ 3.30GHz",2,16384,"N=16384",1,43.783959,43.783959,43.783959,2582.824931,2585.369229,2.544298,2.585369e+03,59.048320,2.939225e-10,43783.959015,43783.959015,8.796093e+12,200.90,3.221225e+09,59.05,above,,,,1682,1634,,93,93,92,,-1,-1,-1.000000,-1,t
cpu-gpu-v2,2026-07-18T17:16:04,"20260718_092807_session2",529,529,9,"GEMM","openblas_sgemm",cpu_native,"Intel(R) Core(TM) i9-7900X CPU @ 3.30GHz",2,16384,"N=16384",1,43.791684,43.791684,43.791684,2602.404471,2605.278775,2.874304,2.605279e+03,59.492546,2.961859e-10,43791.683979,43791.683979,8.796093e+12,200.86,3.221225e+09,59.49,above,,,,1681,1634,,93,92,93,,-1,-1,-1.000000,-1,t
cpu-gpu-v2,2026-07-18T17:16:48,"20260718_092807_session2",530,530,10,"GEMM","openblas_sgemm",cpu_native,"Intel(R) Core(TM) i9-7900X CPU @ 3.30GHz",2,16384,"N=16384",1,43.810246,43.810246,43.810246,2601.446893,2604.482688,3.035795,2.604483e+03,59.449168,2.960954e-10,43810.246031,43810.246031,8.796093e+12,200.78,3.221225e+09,59.45,above,,,,1654,1626,,93,93,93,,-1,-1,-1.000000,-1,t
cpu-gpu-v2,2026-07-18T17:16:51,"20260718_092807_session2",531,531,1,"GEMM","openblas_sgemm",cpu_native,"Intel(R) Core(TM) i9-7900X CPU @ 3.30GHz",16,1024,"N=1024",9,1.113916,1.113916,1.113916,47.746216,47.746216,0.000000,5.305135e+00,42.863378,2.470396e-09,123.768480,123.768480,1.932735e+10,17.35,1.258291e+07,42.86,in_range,,,,1685,1530,,86,86,85,,-1,-1,-1.000000,-1,t
cpu-gpu-v2,2026-07-18T17:16:52,"20260718_092807_session2",532,532,2,"GEMM","openblas_sgemm",cpu_native,"Intel(R) Core(TM) i9-7900X CPU @ 3.30GHz",16,1024,"N=1024",9,1.107732,1.107732,1.107732,48.515867,48.515943,0.000076,5.390660e+00,43.797538,2.510222e-09,123.081355,123.081355,1.932735e+10,17.45,1.258291e+07,43.80,in_range,,,,1530,1530,,85,85,85,,-1,-1,-1.000000,-1,t
cpu-gpu-v2,2026-07-18T17:16:53,"20260718_092807_session2",533,533,3,"GEMM","openblas_sgemm",cpu_native,"Intel(R) Core(TM) i9-7900X CPU @ 3.30GHz",16,1024,"N=1024",9,1.086680,1.086680,1.086680,47.233095,47.233095,0.000000,5.248122e+00,43.465490,2.443847e-09,120.742263,120.742263,1.932735e+10,17.79,1.258291e+07,43.47,in_range,,,,1530,1529,,86,85,86,,-1,-1,-1.000000,-1,t
cpu-gpu-v2,2026-07-18T17:16:54,"20260718_092807_session2",534,534,4,"GEMM","openblas_sgemm",cpu_native,"Intel(R) Core(TM) i9-7900X CPU @ 3.30GHz",16,1024,"N=1024",9,1.129587,1.129587,1.129587,50.461663,50.462000,0.000337,5.606889e+00,44.672971,2.610911e-09,125.509649,125.509649,1.932735e+10,17.11,1.258291e+07,44.67,in_range,,,,1529,1685,,86,86,85,,-1,-1,-1.000000,-1,t
cpu-gpu-v2,2026-07-18T17:16:55,"20260718_092807_session2",535,535,5,"GEMM","openblas_sgemm",cpu_native,"Intel(R) Core(TM) i9-7900X CPU @ 3.30GHz",16,1024,"N=1024",9,1.292791,1.292791,1.292791,57.182654,57.182669,0.000015,6.353630e+00,44.231948,2.958639e-09,143.643455,143.643455,1.932735e+10,14.95,1.258291e+07,44.23,above,,,,1679,1685,,86,85,86,,-1,-1,-1.000000,-1,t
cpu-gpu-v2,2026-07-18T17:16:57,"20260718_092807_session2",536,536,6,"GEMM","openblas_sgemm",cpu_native,"Intel(R) Core(TM) i9-7900X CPU @ 3.30GHz",16,1024,"N=1024",9,1.310529,1.310529,1.310529,57.901768,57.901768,0.000000,6.433530e+00,44.181993,2.995846e-09,145.614294,145.614294,1.932735e+10,14.75,1.258291e+07,44.18,above,,,,1680,1684,,86,86,85,,-1,-1,-1.000000,-1,t
cpu-gpu-v2,2026-07-18T17:16:58,"20260718_092807_session2",537,537,7,"GEMM","openblas_sgemm",cpu_native,"Intel(R) Core(TM) i9-7900X CPU @ 3.30GHz",16,1024,"N=1024",9,1.287679,1.287679,1.287679,57.191504,57.191596,0.000092,6.354622e+00,44.414484,2.959101e-09,143.075440,143.075440,1.932735e+10,15.01,1.258291e+07,44.41,above,,,,1681,1685,,86,85,86,,-1,-1,-1.000000,-1,t
cpu-gpu-v2,2026-07-18T17:16:59,"20260718_092807_session2",538,538,8,"GEMM","openblas_sgemm",cpu_native,"Intel(R) Core(TM) i9-7900X CPU @ 3.30GHz",16,1024,"N=1024",9,1.280706,1.280706,1.280706,56.957984,56.958030,0.000046,6.328670e+00,44.473941,2.947017e-09,142.300633,142.300633,1.932735e+10,15.09,1.258291e+07,44.47,above,,,,1681,1685,,86,86,85,,-1,-1,-1.000000,-1,t
cpu-gpu-v2,2026-07-18T17:17:01,"20260718_092807_session2",539,539,9,"GEMM","openblas_sgemm",cpu_native,"Intel(R) Core(TM) i9-7900X CPU @ 3.30GHz",16,1024,"N=1024",9,1.304506,1.304506,1.304506,57.968541,57.968572,0.000031,6.440952e+00,44.437169,2.999302e-09,144.945159,144.945159,1.932735e+10,14.82,1.258291e+07,44.44,above,,,,1760,1685,,86,85,86,,-1,-1,-1.000000,-1,t
cpu-gpu-v2,2026-07-18T17:17:02,"20260718_092807_session2",540,540,10,"GEMM","openblas_sgemm",cpu_native,"Intel(R) Core(TM) i9-7900X CPU @ 3.30GHz",16,1024,"N=1024",9,1.251984,1.251984,1.251984,57.653234,57.653723,0.000489,6.405969e+00,46.049892,2.983012e-09,139.109321,139.109321,1.932735e+10,15.44,1.258291e+07,46.05,above,,,,1633,1685,,86,86,86,,-1,-1,-1.000000,-1,t
cpu-gpu-v2,2026-07-18T17:17:04,"20260718_092807_session2",541,541,1,"GEMM","openblas_sgemm",cpu_native,"Intel(R) Core(TM) i9-7900X CPU @ 3.30GHz",8,64,"N=64",447534,1.000766,1.000766,1.000766,48.362914,48.362914,0.000000,1.080653e-04,48.325899,2.061183e-10,0.002236,0.002236,2.346367e+11,234.46,4.915200e+04,48.33,in_range,,,,1634,1460,,85,83,85,,-1,-1,-1.000000,-1,t
cpu-gpu-v2,2026-07-18T17:17:05,"20260718_092807_session2",542,542,2,"GEMM","openblas_sgemm",cpu_native,"Intel(R) Core(TM) i9-7900X CPU @ 3.30GHz",8,64,"N=64",447534,1.009309,1.009309,1.009309,50.878471,50.878471,0.000000,1.136863e-04,50.409230,2.168394e-10,0.002255,0.002255,2.346367e+11,232.47,4.915200e+04,50.41,in_range,,,,1615,1629,,85,85,82,,-1,-1,-1.000000,-1,t
cpu-gpu-v2,2026-07-18T17:17:06,"20260718_092807_session2",543,543,3,"GEMM","openblas_sgemm",cpu_native,"Intel(R) Core(TM) i9-7900X CPU @ 3.30GHz",8,64,"N=64",447534,1.006775,1.006775,1.006775,48.748837,48.748837,0.000000,1.089277e-04,48.420778,2.077630e-10,0.002250,0.002250,2.346367e+11,233.06,4.915200e+04,48.42,in_range,,,,1541,1340,,85,82,85,,-1,-1,-1.000000,-1,t
cpu-gpu-v2,2026-07-18T17:17:07,"20260718_092807_session2",544,544,4,"GEMM","openblas_sgemm",cpu_native,"Intel(R) Core(TM) i9-7900X CPU @ 3.30GHz",8,64,"N=64",447534,1.005401,1.005401,1.005401,49.049130,49.049130,0.000000,1.095987e-04,48.785652,2.090429e-10,0.002247,0.002247,2.346367e+11,233.38,4.915200e+04,48.79,in_range,,,,1508,1340,,85,85,84,,-1,-1,-1.000000,-1,t
cpu-gpu-v2,2026-07-18T17:17:08,"20260718_092807_session2",545,545,5,"GEMM","openblas_sgemm",cpu_native,"Intel(R) Core(TM) i9-7900X CPU @ 3.30GHz",8,64,"N=64",447534,1.005384,1.005384,1.005384,48.654538,48.654538,0.000000,1.087170e-04,48.393974,2.073612e-10,0.002246,0.002246,2.346367e+11,233.38,4.915200e+04,48.39,in_range,,,,1325,1339,,84,84,83,,-1,-1,-1.000000,-1,t
cpu-gpu-v2,2026-07-18T17:17:09,"20260718_092807_session2",546,546,6,"GEMM","openblas_sgemm",cpu_native,"Intel(R) Core(TM) i9-7900X CPU @ 3.30GHz",8,64,"N=64",447534,1.004494,1.004494,1.004494,48.654600,48.654600,0.000000,1.087171e-04,48.436947,2.073614e-10,0.002245,0.002245,2.346367e+11,233.59,4.915200e+04,48.44,in_range,,,,1506,1488,,84,83,84,,-1,-1,-1.000000,-1,t
cpu-gpu-v2,2026-07-18T17:17:10,"20260718_092807_session2",547,547,7,"GEMM","openblas_sgemm",cpu_native,"Intel(R) Core(TM) i9-7900X CPU @ 3.30GHz",8,64,"N=64",447534,1.004144,1.004144,1.004144,48.762571,48.762571,0.000000,1.089584e-04,48.561344,2.078216e-10,0.002244,0.002244,2.346367e+11,233.67,4.915200e+04,48.56,in_range,,,,1484,1339,,85,84,85,,-1,-1,-1.000000,-1,t
cpu-gpu-v2,2026-07-18T17:17:11,"20260718_092807_session2",548,548,8,"GEMM","openblas_sgemm",cpu_native,"Intel(R) Core(TM) i9-7900X CPU @ 3.30GHz",8,64,"N=64",447534,1.006056,1.006056,1.006056,48.879086,48.879086,0.000000,1.092187e-04,48.584854,2.083182e-10,0.002248,0.002248,2.346367e+11,233.22,4.915200e+04,48.58,in_range,,,,1338,1339,,85,85,84,,-1,-1,-1.000000,-1,t
cpu-gpu-v2,2026-07-18T17:17:12,"20260718_092807_session2",549,549,9,"GEMM","openblas_sgemm",cpu_native,"Intel(R) Core(TM) i9-7900X CPU @ 3.30GHz",8,64,"N=64",447534,1.005523,1.005523,1.005523,48.882077,48.882077,0.000000,1.092254e-04,48.613571,2.083309e-10,0.002247,0.002247,2.346367e+11,233.35,4.915200e+04,48.61,in_range,,,,1507,1339,,84,84,84,,-1,-1,-1.000000,-1,t
cpu-gpu-v2,2026-07-18T17:17:13,"20260718_092807_session2",550,550,10,"GEMM","openblas_sgemm",cpu_native,"Intel(R) Core(TM) i9-7900X CPU @ 3.30GHz",8,64,"N=64",447534,1.013929,1.013929,1.013929,49.770502,49.770502,0.000000,1.112105e-04,49.086777,2.121173e-10,0.002266,0.002266,2.346367e+11,231.41,4.915200e+04,49.09,in_range,,,,1343,1339,,85,84,85,,-1,-1,-1.000000,-1,t
cpu-gpu-v2,2026-07-18T17:19:19,"20260718_092807_session2",551,551,1,"GEMM","openblas_sgemm",cpu_native,"Intel(R) Core(TM) i9-7900X CPU @ 3.30GHz",1,16384,"N=16384",1,40.854030,40.854030,40.854030,2108.377537,2110.968531,2.590994,2.110969e+03,51.670998,2.399893e-10,40854.030207,40854.030207,8.796093e+12,215.31,3.221225e+09,51.67,above,,,,1340,1339,,86,86,85,,-1,-1,-1.000000,-1,t
cpu-gpu-v2,2026-07-18T17:20:00,"20260718_092807_session2",552,552,2,"GEMM","openblas_sgemm",cpu_native,"Intel(R) Core(TM) i9-7900X CPU @ 3.30GHz",1,16384,"N=16384",1,40.853046,40.853046,40.853046,2115.006121,2117.800375,2.794254,2.117800e+03,51.839473,2.407660e-10,40853.046192,40853.046192,8.796093e+12,215.31,3.221225e+09,51.84,above,,,,1303,1340,,85,85,85,,-1,-1,-1.000000,-1,t
cpu-gpu-v2,2026-07-18T17:20:41,"20260718_092807_session2",553,553,3,"GEMM","openblas_sgemm",cpu_native,"Intel(R) Core(TM) i9-7900X CPU @ 3.30GHz",1,16384,"N=16384",1,40.876420,40.876420,40.876420,2097.806519,2100.510213,2.703694,2.100510e+03,51.386844,2.388004e-10,40876.419986,40876.419986,8.796093e+12,215.19,3.221225e+09,51.39,above,,,,1472,1629,,85,85,81,,-1,-1,-1.000000,-1,t
cpu-gpu-v2,2026-07-18T17:21:22,"20260718_092807_session2",554,554,4,"GEMM","openblas_sgemm",cpu_native,"Intel(R) Core(TM) i9-7900X CPU @ 3.30GHz",1,16384,"N=16384",1,40.866420,40.866420,40.866420,2098.470458,2100.847818,2.377360,2.100848e+03,51.407679,2.388387e-10,40866.420002,40866.420002,8.796093e+12,215.24,3.221225e+09,51.41,above,,,,1805,1340,,85,81,85,,-1,-1,-1.000000,-1,t
cpu-gpu-v2,2026-07-18T17:22:03,"20260718_092807_session2",555,555,5,"GEMM","openblas_sgemm",cpu_native,"Intel(R) Core(TM) i9-7900X CPU @ 3.30GHz",1,16384,"N=16384",1,40.884727,40.884727,40.884727,2101.959158,2104.465482,2.506324,2.104465e+03,51.473146,2.392500e-10,40884.726557,40884.726557,8.796093e+12,215.14,3.221225e+09,51.47,above,,,,1344,1340,,85,85,83,,-1,-1,-1.000000,-1,t
cpu-gpu-v2,2026-07-18T17:22:43,"20260718_092807_session2",556,556,6,"GEMM","openblas_sgemm",cpu_native,"Intel(R) Core(TM) i9-7900X CPU @ 3.30GHz",1,16384,"N=16384",1,40.810289,40.810289,40.810289,2091.817277,2094.698283,2.881006,2.094698e+03,51.327700,2.381396e-10,40810.289291,40810.289291,8.796093e+12,215.54,3.221225e+09,51.33,above,,,,1355,1339,,84,83,84,,-1,-1,-1.000000,-1,t
cpu-gpu-v2,2026-07-18T17:23:24,"20260718_092807_session2",557,557,7,"GEMM","openblas_sgemm",cpu_native,"Intel(R) Core(TM) i9-7900X CPU @ 3.30GHz",1,16384,"N=16384",1,40.856250,40.856250,40.856250,2097.938416,2100.732349,2.793933,2.100732e+03,51.417650,2.388256e-10,40856.249648,40856.249648,8.796093e+12,215.29,3.221225e+09,51.42,above,,,,1463,1451,,85,84,85,,-1,-1,-1.000000,-1,t
cpu-gpu-v2,2026-07-18T17:24:05,"20260718_092807_session2",558,558,8,"GEMM","openblas_sgemm",cpu_native,"Intel(R) Core(TM) i9-7900X CPU @ 3.30GHz",1,16384,"N=16384",1,40.872287,40.872287,40.872287,2084.785373,2087.850790,3.065417,2.087851e+03,51.082309,2.373612e-10,40872.286730,40872.286730,8.796093e+12,215.21,3.221225e+09,51.08,above,,,,1638,1340,,85,85,85,,-1,-1,-1.000000,-1,t
cpu-gpu-v2,2026-07-18T17:24:46,"20260718_092807_session2",559,559,9,"GEMM","openblas_sgemm",cpu_native,"Intel(R) Core(TM) i9-7900X CPU @ 3.30GHz",1,16384,"N=16384",1,40.849785,40.849785,40.849785,2101.908377,2104.821879,2.913502,2.104822e+03,51.525899,2.392905e-10,40849.784680,40849.784680,8.796093e+12,215.33,3.221225e+09,51.53,above,,,,1501,1340,,85,85,84,,-1,-1,-1.000000,-1,t
cpu-gpu-v2,2026-07-18T17:25:27,"20260718_092807_session2",560,560,10,"GEMM","openblas_sgemm",cpu_native,"Intel(R) Core(TM) i9-7900X CPU @ 3.30GHz",1,16384,"N=16384",1,40.863871,40.863871,40.863871,2103.132617,2106.094528,2.961911,2.106095e+03,51.539281,2.394352e-10,40863.870582,40863.870582,8.796093e+12,215.25,3.221225e+09,51.54,above,,,,1337,1340,,84,84,84,,-1,-1,-1.000000,-1,t
cpu-gpu-v2,2026-07-18T17:25:47,"20260718_092807_session2",561,561,1,"GEMM","openblas_sgemm",cpu_native,"Intel(R) Core(TM) i9-7900X CPU @ 3.30GHz",20,8192,"N=8192",1,6.455585,6.455585,6.455585,352.350477,352.874487,0.524010,3.528745e+02,54.661893,3.209375e-10,6455.584780,6455.584780,1.099512e+12,170.32,8.053064e+08,54.66,above,,,,1530,1529,,86,86,86,,-1,-1,-1.000000,-1,t
cpu-gpu-v2,2026-07-18T17:25:53,"20260718_092807_session2",562,562,2,"GEMM","openblas_sgemm",cpu_native,"Intel(R) Core(TM) i9-7900X CPU @ 3.30GHz",20,8192,"N=8192",1,6.425501,6.425501,6.425501,351.991592,352.473434,0.481842,3.524734e+02,54.855397,3.205727e-10,6425.501430,6425.501430,1.099512e+12,171.12,8.053064e+08,54.86,above,,,,1529,1685,,86,86,86,,-1,-1,-1.000000,-1,t
cpu-gpu-v2,2026-07-18T17:25:59,"20260718_092807_session2",563,563,3,"GEMM","openblas_sgemm",cpu_native,"Intel(R) Core(TM) i9-7900X CPU @ 3.30GHz",20,8192,"N=8192",1,6.421029,6.421029,6.421029,356.649538,357.090699,0.441161,3.570907e+02,55.612691,3.247721e-10,6421.028906,6421.028906,1.099512e+12,171.24,8.053064e+08,55.61,above,,,,1682,1685,,86,86,86,,-1,-1,-1.000000,-1,t
cpu-gpu-v2,2026-07-18T17:26:06,"20260718_092807_session2",564,564,4,"GEMM","openblas_sgemm",cpu_native,"Intel(R) Core(TM) i9-7900X CPU @ 3.30GHz",20,8192,"N=8192",1,6.379890,6.379890,6.379890,359.490351,359.888334,0.397983,3.598883e+02,56.409803,3.273165e-10,6379.889916,6379.889916,1.099512e+12,172.34,8.053064e+08,56.41,above,,,,1679,1684,,86,86,86,,-1,-1,-1.000000,-1,t
cpu-gpu-v2,2026-07-18T17:26:12,"20260718_092807_session2",565,565,5,"GEMM","openblas_sgemm",cpu_native,"Intel(R) Core(TM) i9-7900X CPU @ 3.30GHz",20,8192,"N=8192",1,6.397884,6.397884,6.397884,360.386956,360.832661,0.445705,3.608327e+02,56.398751,3.281754e-10,6397.883905,6397.883905,1.099512e+12,171.86,8.053064e+08,56.40,above,,,,1684,1656,,86,86,85,,-1,-1,-1.000000,-1,t
cpu-gpu-v2,2026-07-18T17:26:19,"20260718_092807_session2",566,566,6,"GEMM","openblas_sgemm",cpu_native,"Intel(R) Core(TM) i9-7900X CPU @ 3.30GHz",20,8192,"N=8192",1,6.461615,6.461615,6.461615,361.789479,362.285994,0.496515,3.622860e+02,56.067407,3.294972e-10,6461.614959,6461.614959,1.099512e+12,170.16,8.053064e+08,56.07,above,,,,1677,1667,,86,85,86,,-1,-1,-1.000000,-1,t
cpu-gpu-v2,2026-07-18T17:26:25,"20260718_092807_session2",567,567,7,"GEMM","openblas_sgemm",cpu_native,"Intel(R) Core(TM) i9-7900X CPU @ 3.30GHz",20,8192,"N=8192",1,6.402596,6.402596,6.402596,361.233634,361.680823,0.447189,3.616808e+02,56.489716,3.289468e-10,6402.595844,6402.595844,1.099512e+12,171.73,8.053064e+08,56.49,above,,,,1627,1645,,86,86,86,,-1,-1,-1.000000,-1,t
cpu-gpu-v2,2026-07-18T17:26:32,"20260718_092807_session2",568,568,8,"GEMM","openblas_sgemm",cpu_native,"Intel(R) Core(TM) i9-7900X CPU @ 3.30GHz",20,8192,"N=8192",1,6.409456,6.409456,6.409456,360.954948,361.452458,0.497510,3.614525e+02,56.393624,3.287391e-10,6409.456165,6409.456165,1.099512e+12,171.55,8.053064e+08,56.39,above,,,,1682,1685,,86,86,86,,-1,-1,-1.000000,-1,t
cpu-gpu-v2,2026-07-18T17:26:38,"20260718_092807_session2",569,569,9,"GEMM","openblas_sgemm",cpu_native,"Intel(R) Core(TM) i9-7900X CPU @ 3.30GHz",20,8192,"N=8192",1,6.409431,6.409431,6.409431,363.728500,364.191845,0.463345,3.641918e+02,56.821243,3.312306e-10,6409.431109,6409.431109,1.099512e+12,171.55,8.053064e+08,56.82,above,,,,1679,1685,,86,86,84,,-1,-1,-1.000000,-1,t
cpu-gpu-v2,2026-07-18T17:26:45,"20260718_092807_session2",570,570,10,"GEMM","openblas_sgemm",cpu_native,"Intel(R) Core(TM) i9-7900X CPU @ 3.30GHz",20,8192,"N=8192",1,6.436880,6.436880,6.436880,363.958358,364.452563,0.494205,3.644526e+02,56.619444,3.314677e-10,6436.879971,6436.879971,1.099512e+12,170.81,8.053064e+08,56.62,above,,,,1954,1684,,87,84,87,,-1,-1,-1.000000,-1,t
cpu-gpu-v2,2026-07-18T17:27:01,"20260718_092807_session2",571,571,1,"GEMM","openblas_sgemm",cpu_native,"Intel(R) Core(TM) i9-7900X CPU @ 3.30GHz",1,8192,"N=8192",1,5.017941,5.017941,5.017941,259.136605,259.365952,0.229347,2.593660e+02,51.687722,2.358920e-10,5017.941221,5017.941221,1.099512e+12,219.12,8.053064e+08,51.69,above,,,,1339,1339,,85,85,85,,-1,-1,-1.000000,-1,t
cpu-gpu-v2,2026-07-18T17:27:06,"20260718_092807_session2",572,572,2,"GEMM","openblas_sgemm",cpu_native,"Intel(R) Core(TM) i9-7900X CPU @ 3.30GHz",1,8192,"N=8192",1,5.025495,5.025495,5.025495,259.270759,259.482908,0.212149,2.594829e+02,51.633308,2.359983e-10,5025.494561,5025.494561,1.099512e+12,218.79,8.053064e+08,51.63,above,,,,1340,1339,,85,85,84,,-1,-1,-1.000000,-1,t
cpu-gpu-v2,2026-07-18T17:27:11,"20260718_092807_session2",573,573,3,"GEMM","openblas_sgemm",cpu_native,"Intel(R) Core(TM) i9-7900X CPU @ 3.30GHz",1,8192,"N=8192",1,5.017301,5.017301,5.017301,255.680803,255.896931,0.216128,2.558969e+02,51.002903,2.327369e-10,5017.301293,5017.301293,1.099512e+12,219.14,8.053064e+08,51.00,above,,,,1338,1339,,85,84,85,,-1,-1,-1.000000,-1,t
cpu-gpu-v2,2026-07-18T17:27:16,"20260718_092807_session2",574,574,4,"GEMM","openblas_sgemm",cpu_native,"Intel(R) Core(TM) i9-7900X CPU @ 3.30GHz",1,8192,"N=8192",1,5.030956,5.030956,5.030956,257.877880,258.087475,0.209595,2.580875e+02,51.299891,2.347292e-10,5030.955616,5030.955616,1.099512e+12,218.55,8.053064e+08,51.30,above,,,,1458,1340,,85,85,85,,-1,-1,-1.000000,-1,t
cpu-gpu-v2,2026-07-18T17:27:21,"20260718_092807_session2",575,575,5,"GEMM","openblas_sgemm",cpu_native,"Intel(R) Core(TM) i9-7900X CPU @ 3.30GHz",1,8192,"N=8192",1,5.029300,5.029300,5.029300,257.615185,257.812524,0.197339,2.578125e+02,51.262111,2.344791e-10,5029.299775,5029.299775,1.099512e+12,218.62,8.053064e+08,51.26,above,,,,1338,1339,,85,85,85,,-1,-1,-1.000000,-1,t
cpu-gpu-v2,2026-07-18T17:27:26,"20260718_092807_session2",576,576,6,"GEMM","openblas_sgemm",cpu_native,"Intel(R) Core(TM) i9-7900X CPU @ 3.30GHz",1,8192,"N=8192",1,5.017720,5.017720,5.017720,260.440435,260.652554,0.212119,2.606526e+02,51.946412,2.370621e-10,5017.720034,5017.720034,1.099512e+12,219.13,8.053064e+08,51.95,above,,,,1338,1339,,85,85,85,,-1,-1,-1.000000,-1,t
cpu-gpu-v2,2026-07-18T17:27:31,"20260718_092807_session2",577,577,7,"GEMM","openblas_sgemm",cpu_native,"Intel(R) Core(TM) i9-7900X CPU @ 3.30GHz",1,8192,"N=8192",1,5.022031,5.022031,5.022031,258.005443,258.176711,0.171268,2.581767e+02,51.408829,2.348104e-10,5022.030587,5022.030587,1.099512e+12,218.94,8.053064e+08,51.41,above,,,,1268,1340,,85,85,84,,-1,-1,-1.000000,-1,t
cpu-gpu-v2,2026-07-18T17:27:36,"20260718_092807_session2",578,578,8,"GEMM","openblas_sgemm",cpu_native,"Intel(R) Core(TM) i9-7900X CPU @ 3.30GHz",1,8192,"N=8192",1,5.017337,5.017337,5.017337,259.724372,259.910971,0.186599,2.599110e+02,51.802573,2.363877e-10,5017.337129,5017.337129,1.099512e+12,219.14,8.053064e+08,51.80,above,,,,1206,1339,,85,84,85,,-1,-1,-1.000000,-1,t
cpu-gpu-v2,2026-07-18T17:27:41,"20260718_092807_session2",579,579,9,"GEMM","openblas_sgemm",cpu_native,"Intel(R) Core(TM) i9-7900X CPU @ 3.30GHz",1,8192,"N=8192",1,5.025112,5.025112,5.025112,256.353409,256.565100,0.211691,2.565651e+02,51.056592,2.333446e-10,5025.112175,5025.112175,1.099512e+12,218.80,8.053064e+08,51.06,above,,,,1339,1339,,85,85,85,,-1,-1,-1.000000,-1,t
cpu-gpu-v2,2026-07-18T17:27:46,"20260718_092807_session2",580,580,10,"GEMM","openblas_sgemm",cpu_native,"Intel(R) Core(TM) i9-7900X CPU @ 3.30GHz",1,8192,"N=8192",1,5.021470,5.021470,5.021470,260.420903,260.648399,0.227496,2.606484e+02,51.906797,2.370583e-10,5021.469544,5021.469544,1.099512e+12,218.96,8.053064e+08,51.91,above,,,,1331,1497,,85,85,85,,-1,-1,-1.000000,-1,t
cpu-gpu-v2,2026-07-18T17:27:49,"20260718_092807_session2",581,581,1,"GEMM","openblas_sgemm",cpu_native,"Intel(R) Core(TM) i9-7900X CPU @ 3.30GHz",20,256,"N=256",12,1.091918,1.091918,1.091918,45.105109,45.105109,0.000000,3.758759e+00,41.308133,1.120197e-07,90.993198,90.993198,4.026532e+08,0.37,7.864320e+05,41.31,in_range,,,,1530,1530,,83,83,83,,-1,-1,-1.000000,-1,t
cpu-gpu-v2,2026-07-18T17:27:50,"20260718_092807_session2",582,582,2,"GEMM","openblas_sgemm",cpu_native,"Intel(R) Core(TM) i9-7900X CPU @ 3.30GHz",20,256,"N=256",12,1.073499,1.073499,1.073499,44.089487,44.089487,0.000000,3.674124e+00,41.070808,1.094974e-07,89.458283,89.458283,4.026532e+08,0.38,7.864320e+05,41.07,in_range,,,,1529,1530,,83,83,83,,-1,-1,-1.000000,-1,t
cpu-gpu-v2,2026-07-18T17:27:51,"20260718_092807_session2",583,583,3,"GEMM","openblas_sgemm",cpu_native,"Intel(R) Core(TM) i9-7900X CPU @ 3.30GHz",20,256,"N=256",12,1.053613,1.053613,1.053613,44.690132,44.690132,0.000000,3.724178e+00,42.416092,1.109891e-07,87.801056,87.801056,4.026532e+08,0.38,7.864320e+05,42.42,in_range,,,,1495,1530,,83,83,83,,-1,-1,-1.000000,-1,t
cpu-gpu-v2,2026-07-18T17:27:53,"20260718_092807_session2",584,584,4,"GEMM","openblas_sgemm",cpu_native,"Intel(R) Core(TM) i9-7900X CPU @ 3.30GHz",20,256,"N=256",12,1.082513,1.082513,1.082513,45.880620,45.880620,0.000000,3.823385e+00,42.383440,1.139458e-07,90.209407,90.209407,4.026532e+08,0.37,7.864320e+05,42.38,in_range,,,,1529,1529,,83,83,83,,-1,-1,-1.000000,-1,t
cpu-gpu-v2,2026-07-18T17:27:54,"20260718_092807_session2",585,585,5,"GEMM","openblas_sgemm",cpu_native,"Intel(R) Core(TM) i9-7900X CPU @ 3.30GHz",20,256,"N=256",12,1.068625,1.068625,1.068625,44.899177,44.899177,0.000000,3.741598e+00,42.015827,1.115083e-07,89.052110,89.052110,4.026532e+08,0.38,7.864320e+05,42.02,in_range,,,,1510,1685,,83,83,83,,-1,-1,-1.000000,-1,t
cpu-gpu-v2,2026-07-18T17:27:55,"20260718_092807_session2",586,586,6,"GEMM","openblas_sgemm",cpu_native,"Intel(R) Core(TM) i9-7900X CPU @ 3.30GHz",20,256,"N=256",12,1.109515,1.109515,1.109515,46.953249,46.953249,0.000000,3.912771e+00,42.318733,1.166097e-07,92.459543,92.459543,4.026532e+08,0.36,7.864320e+05,42.32,in_range,,,,1679,1654,,83,83,83,,-1,-1,-1.000000,-1,t
cpu-gpu-v2,2026-07-18T17:27:56,"20260718_092807_session2",587,587,7,"GEMM","openblas_sgemm",cpu_native,"Intel(R) Core(TM) i9-7900X CPU @ 3.30GHz",20,256,"N=256",12,1.068525,1.068525,1.068525,45.363715,45.363715,0.000000,3.780310e+00,42.454506,1.126620e-07,89.043777,89.043777,4.026532e+08,0.38,7.864320e+05,42.45,in_range,,,,1805,1685,,83,83,83,,-1,-1,-1.000000,-1,t
cpu-gpu-v2,2026-07-18T17:27:57,"20260718_092807_session2",588,588,8,"GEMM","openblas_sgemm",cpu_native,"Intel(R) Core(TM) i9-7900X CPU @ 3.30GHz",20,256,"N=256",12,0.922629,0.922629,0.922629,39.641806,39.641806,0.000000,3.303484e+00,42.966138,9.845149e-08,76.885753,76.885753,4.026532e+08,0.44,7.864320e+05,42.97,in_range,,,,1528,1667,,83,83,83,,-1,-1,-1.000000,-1,t
cpu-gpu-v2,2026-07-18T17:27:58,"20260718_092807_session2",589,589,9,"GEMM","openblas_sgemm",cpu_native,"Intel(R) Core(TM) i9-7900X CPU @ 3.30GHz",20,256,"N=256",12,1.081308,1.081308,1.081308,46.188481,46.188481,0.000000,3.849040e+00,42.715398,1.147103e-07,90.108960,90.108960,4.026532e+08,0.37,7.864320e+05,42.72,in_range,,,,1679,1529,,83,83,83,,-1,-1,-1.000000,-1,t
cpu-gpu-v2,2026-07-18T17:27:59,"20260718_092807_session2",590,590,10,"GEMM","openblas_sgemm",cpu_native,"Intel(R) Core(TM) i9-7900X CPU @ 3.30GHz",20,256,"N=256",12,1.100961,1.100961,1.100961,48.753232,48.753232,0.000000,4.062769e+00,44.282439,1.210800e-07,91.746738,91.746738,4.026532e+08,0.37,7.864320e+05,44.28,in_range,,,,1526,1655,,83,83,83,,-1,-1,-1.000000,-1,t
cpu-gpu-v2,2026-07-18T17:28:02,"20260718_092807_session2",591,591,1,"GEMM","openblas_sgemm",cpu_native,"Intel(R) Core(TM) i9-7900X CPU @ 3.30GHz",1,2048,"N=2048",13,1.080042,1.080042,1.080042,54.235762,54.243780,0.008018,4.172598e+00,50.223764,2.428772e-10,83.080162,83.080162,2.233383e+11,206.79,5.033165e+07,50.22,in_range,,,,1340,1340,,84,84,83,,-1,-1,-1.000000,-1,t
cpu-gpu-v2,2026-07-18T17:28:03,"20260718_092807_session2",592,592,2,"GEMM","openblas_sgemm",cpu_native,"Intel(R) Core(TM) i9-7900X CPU @ 3.30GHz",1,2048,"N=2048",13,1.091148,1.091148,1.091148,54.370283,54.378101,0.007818,4.182931e+00,49.835690,2.434786e-10,83.934442,83.934442,2.233383e+11,204.68,5.033165e+07,49.84,in_range,,,,1514,1339,,85,83,85,,-1,-1,-1.000000,-1,t
cpu-gpu-v2,2026-07-18T17:28:05,"20260718_092807_session2",593,593,3,"GEMM","openblas_sgemm",cpu_native,"Intel(R) Core(TM) i9-7900X CPU @ 3.30GHz",1,2048,"N=2048",13,1.083195,1.083195,1.083195,54.443464,54.452277,0.008813,4.188637e+00,50.270041,2.438107e-10,83.322723,83.322723,2.233383e+11,206.18,5.033165e+07,50.27,in_range,,,,1353,1340,,85,85,84,,-1,-1,-1.000000,-1,t
cpu-gpu-v2,2026-07-18T17:28:06,"20260718_092807_session2",594,594,4,"GEMM","openblas_sgemm",cpu_native,"Intel(R) Core(TM) i9-7900X CPU @ 3.30GHz",1,2048,"N=2048",13,1.082705,1.082705,1.082705,53.633590,53.643932,0.010342,4.126456e+00,49.546232,2.401914e-10,83.284967,83.284967,2.233383e+11,206.28,5.033165e+07,49.55,in_range,,,,1354,1339,,85,84,85,,-1,-1,-1.000000,-1,t
cpu-gpu-v2,2026-07-18T17:28:07,"20260718_092807_session2",595,595,5,"GEMM","openblas_sgemm",cpu_native,"Intel(R) Core(TM) i9-7900X CPU @ 3.30GHz",1,2048,"N=2048",13,1.078668,1.078668,1.078668,53.453354,53.462519,0.009165,4.112501e+00,49.563457,2.393791e-10,82.974467,82.974467,2.233383e+11,207.05,5.033165e+07,49.56,in_range,,,,1364,1472,,85,85,83,,-1,-1,-1.000000,-1,t
cpu-gpu-v2,2026-07-18T17:28:08,"20260718_092807_session2",596,596,6,"GEMM","openblas_sgemm",cpu_native,"Intel(R) Core(TM) i9-7900X CPU @ 3.30GHz",1,2048,"N=2048",13,1.083952,1.083952,1.083952,55.464274,55.472705,0.008431,4.267131e+00,51.176340,2.483797e-10,83.380937,83.380937,2.233383e+11,206.04,5.033165e+07,51.18,in_range,,,,1406,1340,,84,83,84,,-1,-1,-1.000000,-1,t
cpu-gpu-v2,2026-07-18T17:28:09,"20260718_092807_session2",597,597,7,"GEMM","openblas_sgemm",cpu_native,"Intel(R) Core(TM) i9-7900X CPU @ 3.30GHz",1,2048,"N=2048",13,1.084997,1.084997,1.084997,55.390605,55.399463,0.008858,4.261497e+00,51.059541,2.480518e-10,83.461329,83.461329,2.233383e+11,205.84,5.033165e+07,51.06,in_range,,,,1338,1339,,84,84,83,,-1,-1,-1.000000,-1,t
cpu-gpu-v2,2026-07-18T17:28:10,"20260718_092807_session2",598,598,8,"GEMM","openblas_sgemm",cpu_native,"Intel(R) Core(TM) i9-7900X CPU @ 3.30GHz",1,2048,"N=2048",13,1.086893,1.086893,1.086893,54.487349,54.496269,0.008920,4.192021e+00,50.139483,2.440077e-10,83.607178,83.607178,2.233383e+11,205.48,5.033165e+07,50.14,in_range,,,,1256,1339,,85,83,85,,-1,-1,-1.000000,-1,t
cpu-gpu-v2,2026-07-18T17:28:11,"20260718_092807_session2",599,599,9,"GEMM","openblas_sgemm",cpu_native,"Intel(R) Core(TM) i9-7900X CPU @ 3.30GHz",1,2048,"N=2048",13,1.084447,1.084447,1.084447,55.426006,55.436946,0.010940,4.264380e+00,51.120030,2.482196e-10,83.418974,83.418974,2.233383e+11,205.95,5.033165e+07,51.12,in_range,,,,1358,1472,,85,85,84,,-1,-1,-1.000000,-1,t
cpu-gpu-v2,2026-07-18T17:28:12,"20260718_092807_session2",600,600,10,"GEMM","openblas_sgemm",cpu_native,"Intel(R) Core(TM) i9-7900X CPU @ 3.30GHz",1,2048,"N=2048",13,1.083783,1.083783,1.083783,55.654642,55.663057,0.008415,4.281774e+00,51.359946,2.492320e-10,83.367954,83.367954,2.233383e+11,206.07,5.033165e+07,51.36,in_range,,,,1483,1340,,85,84,85,,-1,-1,-1.000000,-1,t
cpu-gpu-v2,2026-07-18T17:28:14,"20260718_092807_session2",601,601,1,"GEMM","openblas_sgemm",cpu_native,"Intel(R) Core(TM) i9-7900X CPU @ 3.30GHz",20,64,"N=64",447522,1.000596,1.000596,1.000596,47.713623,47.713623,0.000000,1.066174e-04,47.685184,2.033565e-10,0.002236,0.002236,2.346304e+11,234.49,4.915200e+04,47.69,in_range,,,,1340,1339,,83,82,83,,-1,-1,-1.000000,-1,t
cpu-gpu-v2,2026-07-18T17:28:15,"20260718_092807_session2",602,602,2,"GEMM","openblas_sgemm",cpu_native,"Intel(R) Core(TM) i9-7900X CPU @ 3.30GHz",20,64,"N=64",447522,1.004726,1.004726,1.004726,47.588379,47.588379,0.000000,1.063375e-04,47.364556,2.028227e-10,0.002245,0.002245,2.346304e+11,233.53,4.915200e+04,47.36,in_range,,,,1478,1340,,83,83,83,,-1,-1,-1.000000,-1,t
cpu-gpu-v2,2026-07-18T17:28:16,"20260718_092807_session2",603,603,3,"GEMM","openblas_sgemm",cpu_native,"Intel(R) Core(TM) i9-7900X CPU @ 3.30GHz",20,64,"N=64",447522,1.004550,1.004550,1.004550,47.643372,47.643372,0.000000,1.064604e-04,47.427598,2.030571e-10,0.002245,0.002245,2.346304e+11,233.57,4.915200e+04,47.43,in_range,,,,1346,1477,,83,83,82,,-1,-1,-1.000000,-1,t
cpu-gpu-v2,2026-07-18T17:28:18,"20260718_092807_session2",604,604,4,"GEMM","openblas_sgemm",cpu_native,"Intel(R) Core(TM) i9-7900X CPU @ 3.30GHz",20,64,"N=64",447522,1.003577,1.003577,1.003577,46.867983,46.867983,0.000000,1.047278e-04,46.700936,1.997524e-10,0.002243,0.002243,2.346304e+11,233.79,4.915200e+04,46.70,in_range,,,,1406,1479,,83,82,83,,-1,-1,-1.000000,-1,t
cpu-gpu-v2,2026-07-18T17:28:19,"20260718_092807_session2",605,605,5,"GEMM","openblas_sgemm",cpu_native,"Intel(R) Core(TM) i9-7900X CPU @ 3.30GHz",20,64,"N=64",447522,1.006668,1.006668,1.006668,47.048768,47.048768,0.000000,1.051317e-04,46.737118,2.005229e-10,0.002249,0.002249,2.346304e+11,233.08,4.915200e+04,46.74,in_range,,,,1476,1340,,83,83,82,,-1,-1,-1.000000,-1,t
cpu-gpu-v2,2026-07-18T17:28:20,"20260718_092807_session2",606,606,6,"GEMM","openblas_sgemm",cpu_native,"Intel(R) Core(TM) i9-7900X CPU @ 3.30GHz",20,64,"N=64",447522,1.005714,1.005714,1.005714,46.969179,46.969179,0.000000,1.049539e-04,46.702303,2.001837e-10,0.002247,0.002247,2.346304e+11,233.30,4.915200e+04,46.70,in_range,,,,1514,1339,,83,82,83,,-1,-1,-1.000000,-1,t
cpu-gpu-v2,2026-07-18T17:28:21,"20260718_092807_session2",607,607,7,"GEMM","openblas_sgemm",cpu_native,"Intel(R) Core(TM) i9-7900X CPU @ 3.30GHz",20,64,"N=64",447522,1.001529,1.001529,1.001529,46.825808,46.825808,0.000000,1.046335e-04,46.754327,1.995726e-10,0.002238,0.002238,2.346304e+11,234.27,4.915200e+04,46.75,in_range,,,,1363,1340,,83,83,83,,-1,-1,-1.000000,-1,t
cpu-gpu-v2,2026-07-18T17:28:22,"20260718_092807_session2",608,608,8,"GEMM","openblas_sgemm",cpu_native,"Intel(R) Core(TM) i9-7900X CPU @ 3.30GHz",20,64,"N=64",447522,1.004972,1.004972,1.004972,46.988954,46.988954,0.000000,1.049981e-04,46.756485,2.002680e-10,0.002246,0.002246,2.346304e+11,233.47,4.915200e+04,46.76,in_range,,,,1378,1340,,83,83,80,,-1,-1,-1.000000,-1,t
cpu-gpu-v2,2026-07-18T17:28:23,"20260718_092807_session2",609,609,9,"GEMM","openblas_sgemm",cpu_native,"Intel(R) Core(TM) i9-7900X CPU @ 3.30GHz",20,64,"N=64",447522,1.004654,1.004654,1.004654,48.596372,48.596372,0.000000,1.085899e-04,48.371250,2.071188e-10,0.002245,0.002245,2.346304e+11,233.54,4.915200e+04,48.37,in_range,,,,1511,1340,,82,80,82,,-1,-1,-1.000000,-1,t
cpu-gpu-v2,2026-07-18T17:28:24,"20260718_092807_session2",610,610,10,"GEMM","openblas_sgemm",cpu_native,"Intel(R) Core(TM) i9-7900X CPU @ 3.30GHz",20,64,"N=64",447522,1.005268,1.005268,1.005268,48.795957,48.795957,0.000000,1.090359e-04,48.540238,2.079694e-10,0.002246,0.002246,2.346304e+11,233.40,4.915200e+04,48.54,in_range,,,,1319,1340,,83,82,83,,-1,-1,-1.000000,-1,t
cpu-gpu-v2,2026-07-18T17:28:41,"20260718_092807_session2",611,611,1,"GEMM","openblas_sgemm",cpu_native,"Intel(R) Core(TM) i9-7900X CPU @ 3.30GHz",10,8192,"N=8192",1,5.910394,5.910394,5.910394,330.211191,330.662250,0.451059,3.306622e+02,55.945889,3.007356e-10,5910.394027,5910.394027,1.099512e+12,186.03,8.053064e+08,55.95,above,,,,1685,1530,,90,90,88,,-1,-1,-1.000000,-1,t
cpu-gpu-v2,2026-07-18T17:28:47,"20260718_092807_session2",612,612,2,"GEMM","openblas_sgemm",cpu_native,"Intel(R) Core(TM) i9-7900X CPU @ 3.30GHz",10,8192,"N=8192",1,5.947710,5.947710,5.947710,338.390308,338.926803,0.536495,3.389268e+02,56.984417,3.082521e-10,5947.710267,5947.710267,1.099512e+12,184.86,8.053064e+08,56.98,above,,,,1608,1529,,88,88,88,,-1,-1,-1.000000,-1,t
cpu-gpu-v2,2026-07-18T17:28:53,"20260718_092807_session2",613,613,3,"GEMM","openblas_sgemm",cpu_native,"Intel(R) Core(TM) i9-7900X CPU @ 3.30GHz",10,8192,"N=8192",1,5.956440,5.956440,5.956440,332.357974,332.885227,0.527253,3.328852e+02,55.886611,3.027574e-10,5956.439671,5956.439671,1.099512e+12,184.59,8.053064e+08,55.89,above,,,,1529,1530,,88,88,88,,-1,-1,-1.000000,-1,t
cpu-gpu-v2,2026-07-18T17:28:59,"20260718_092807_session2",614,614,4,"GEMM","openblas_sgemm",cpu_native,"Intel(R) Core(TM) i9-7900X CPU @ 3.30GHz",10,8192,"N=8192",1,5.926213,5.926213,5.926213,336.145563,336.583617,0.438054,3.365836e+02,56.795731,3.061210e-10,5926.213304,5926.213304,1.099512e+12,185.53,8.053064e+08,56.80,above,,,,1513,1685,,90,88,90,,-1,-1,-1.000000,-1,t
cpu-gpu-v2,2026-07-18T17:29:05,"20260718_092807_session2",615,615,5,"GEMM","openblas_sgemm",cpu_native,"Intel(R) Core(TM) i9-7900X CPU @ 3.30GHz",10,8192,"N=8192",1,5.925683,5.925683,5.925683,336.922172,337.379811,0.457639,3.373798e+02,56.935177,3.068452e-10,5925.683016,5925.683016,1.099512e+12,185.55,8.053064e+08,56.94,above,,,,1685,1685,,90,90,89,,-1,-1,-1.000000,-1,t
cpu-gpu-v2,2026-07-18T17:29:11,"20260718_092807_session2",616,616,6,"GEMM","openblas_sgemm",cpu_native,"Intel(R) Core(TM) i9-7900X CPU @ 3.30GHz",10,8192,"N=8192",1,5.972503,5.972503,5.972503,338.361682,338.774766,0.413084,3.387748e+02,56.722415,3.081139e-10,5972.502532,5972.502532,1.099512e+12,184.10,8.053064e+08,56.72,above,,,,1635,1685,,89,89,87,,-1,-1,-1.000000,-1,t
cpu-gpu-v2,2026-07-18T17:29:17,"20260718_092807_session2",617,617,7,"GEMM","openblas_sgemm",cpu_native,"Intel(R) Core(TM) i9-7900X CPU @ 3.30GHz",10,8192,"N=8192",1,5.938028,5.938028,5.938028,339.182054,339.537657,0.355603,3.395377e+02,57.180209,3.088077e-10,5938.027587,5938.027587,1.099512e+12,185.16,8.053064e+08,57.18,above,,,,1671,1685,,89,87,89,,-1,-1,-1.000000,-1,t
cpu-gpu-v2,2026-07-18T17:29:23,"20260718_092807_session2",618,618,8,"GEMM","openblas_sgemm",cpu_native,"Intel(R) Core(TM) i9-7900X CPU @ 3.30GHz",10,8192,"N=8192",1,5.963550,5.963550,5.963550,334.802427,335.213645,0.411218,3.352136e+02,56.210423,3.048750e-10,5963.549586,5963.549586,1.099512e+12,184.37,8.053064e+08,56.21,above,,,,1656,1902,,89,89,86,,-1,-1,-1.000000,-1,t
cpu-gpu-v2,2026-07-18T17:29:29,"20260718_092807_session2",619,619,9,"GEMM","openblas_sgemm",cpu_native,"Intel(R) Core(TM) i9-7900X CPU @ 3.30GHz",10,8192,"N=8192",1,5.934685,5.934685,5.934685,334.655149,335.018662,0.363513,3.350187e+02,56.450961,3.046977e-10,5934.684830,5934.684830,1.099512e+12,185.27,8.053064e+08,56.45,above,,,,1961,1772,,87,86,87,,-1,-1,-1.000000,-1,t
cpu-gpu-v2,2026-07-18T17:29:35,"20260718_092807_session2",620,620,10,"GEMM","openblas_sgemm",cpu_native,"Intel(R) Core(TM) i9-7900X CPU @ 3.30GHz",10,8192,"N=8192",1,5.969224,5.969224,5.969224,333.792176,334.198513,0.406337,3.341985e+02,55.986927,3.039518e-10,5969.224131,5969.224131,1.099512e+12,184.20,8.053064e+08,55.99,above,,,,1791,1530,,87,87,87,,-1,-1,-1.000000,-1,t
cpu-gpu-v2,2026-07-18T17:29:38,"20260718_092807_session2",621,621,1,"GEMM","openblas_sgemm",cpu_native,"Intel(R) Core(TM) i9-7900X CPU @ 3.30GHz",16,256,"N=256",14,1.008998,1.008998,1.008998,41.065386,41.065386,0.000000,2.933242e+00,40.699157,8.741742e-08,72.071318,72.071318,4.697620e+08,0.47,7.864320e+05,40.70,in_range,,,,1530,1530,,85,84,85,,-1,-1,-1.000000,-1,t
cpu-gpu-v2,2026-07-18T17:29:39,"20260718_092807_session2",622,622,2,"GEMM","openblas_sgemm",cpu_native,"Intel(R) Core(TM) i9-7900X CPU @ 3.30GHz",16,256,"N=256",14,1.059465,1.059465,1.059465,44.674751,44.674751,0.000000,3.191054e+00,42.167275,9.510081e-08,75.676070,75.676070,4.697620e+08,0.44,7.864320e+05,42.17,in_range,,,,1530,1530,,85,85,84,,-1,-1,-1.000000,-1,t
cpu-gpu-v2,2026-07-18T17:29:40,"20260718_092807_session2",623,623,3,"GEMM","openblas_sgemm",cpu_native,"Intel(R) Core(TM) i9-7900X CPU @ 3.30GHz",16,256,"N=256",14,1.028865,1.028865,1.028865,43.439281,43.439281,0.000000,3.102806e+00,42.220585,9.247082e-08,73.490355,73.490355,4.697620e+08,0.46,7.864320e+05,42.22,in_range,,,,1526,1635,,84,84,83,,-1,-1,-1.000000,-1,t
cpu-gpu-v2,2026-07-18T17:29:42,"20260718_092807_session2",624,624,4,"GEMM","openblas_sgemm",cpu_native,"Intel(R) Core(TM) i9-7900X CPU @ 3.30GHz",16,256,"N=256",14,1.019490,1.019490,1.019490,43.965525,43.965525,0.000000,3.140395e+00,43.125016,9.359105e-08,72.820719,72.820719,4.697620e+08,0.46,7.864320e+05,43.13,in_range,,,,1491,1529,,83,83,83,,-1,-1,-1.000000,-1,t
cpu-gpu-v2,2026-07-18T17:29:42,"20260718_092807_session2",625,625,5,"GEMM","openblas_sgemm",cpu_native,"Intel(R) Core(TM) i9-7900X CPU @ 3.30GHz",16,256,"N=256",14,0.801507,0.801507,0.801507,34.147312,34.147312,0.000000,2.439094e+00,42.603900,7.269066e-08,57.250479,57.250479,4.697620e+08,0.59,7.864320e+05,42.60,in_range,,,,1525,1491,,83,83,83,,-1,-1,-1.000000,-1,t
cpu-gpu-v2,2026-07-18T17:29:43,"20260718_092807_session2",626,626,6,"GEMM","openblas_sgemm",cpu_native,"Intel(R) Core(TM) i9-7900X CPU @ 3.30GHz",16,256,"N=256",14,0.884819,0.884819,0.884819,36.518095,36.518095,0.000000,2.608435e+00,41.271807,7.773743e-08,63.201384,63.201384,4.697620e+08,0.53,7.864320e+05,41.27,in_range,,,,1530,1820,,83,83,82,,-1,-1,-1.000000,-1,t
cpu-gpu-v2,2026-07-18T17:29:44,"20260718_092807_session2",627,627,7,"GEMM","openblas_sgemm",cpu_native,"Intel(R) Core(TM) i9-7900X CPU @ 3.30GHz",16,256,"N=256",14,0.996159,0.996159,0.996159,42.305556,42.305556,0.000000,3.021825e+00,42.468686,9.005742e-08,71.154201,71.154201,4.697620e+08,0.47,7.864320e+05,42.47,in_range,,,,1523,1529,,83,82,83,,-1,-1,-1.000000,-1,t
cpu-gpu-v2,2026-07-18T17:29:45,"20260718_092807_session2",628,628,8,"GEMM","openblas_sgemm",cpu_native,"Intel(R) Core(TM) i9-7900X CPU @ 3.30GHz",16,256,"N=256",14,1.006620,1.006620,1.006620,42.530592,42.530592,0.000000,3.037899e+00,42.250906,9.053646e-08,71.901403,71.901403,4.697620e+08,0.47,7.864320e+05,42.25,in_range,,,,1525,1530,,84,83,84,,-1,-1,-1.000000,-1,t
cpu-gpu-v2,2026-07-18T17:29:46,"20260718_092807_session2",629,629,9,"GEMM","openblas_sgemm",cpu_native,"Intel(R) Core(TM) i9-7900X CPU @ 3.30GHz",16,256,"N=256",14,1.001464,1.001464,1.001464,42.574232,42.574232,0.000000,3.041017e+00,42.512009,9.062936e-08,71.533119,71.533119,4.697620e+08,0.47,7.864320e+05,42.51,in_range,,,,1510,1530,,84,84,84,,-1,-1,-1.000000,-1,t
cpu-gpu-v2,2026-07-18T17:29:48,"20260718_092807_session2",630,630,10,"GEMM","openblas_sgemm",cpu_native,"Intel(R) Core(TM) i9-7900X CPU @ 3.30GHz",16,256,"N=256",14,1.047541,1.047541,1.047541,44.655709,44.655709,0.000000,3.189694e+00,42.629070,9.506027e-08,74.824374,74.824374,4.697620e+08,0.45,7.864320e+05,42.63,in_range,,,,1529,1529,,84,84,83,,-1,-1,-1.000000,-1,t
