"timestamp","host","gpu_name","matrix_size","mode","batches","seconds_target","seconds_gpu","seconds_wall","energy_j","avg_power_w","below_target","workload","impl","dtype","N","passes_kernel","passes_e2e","seconds_kernel","energy_kernel_j","avg_power_w_kernel","avg_power_w_e2e","bytes_total","bw_gb_s","time_mode","energy_mode","includes_transfer","device_name","driver_version","pcie_gen_current","pcie_width_current","pcie_rx_kbs","pcie_tx_kbs","clocks_sm_mhz","clocks_mem_mhz","temp_c","throttle_reasons","notes","energy_batch_j","kWh_batch","seconds_batch","M","K","flops_batch","joule_per_gflop","gflops","flops_per_watt","kWh_e2e","market_area","de_price_eur_kwh_run","de_eur_job","de_price_sync","de_eur_job_sync","fr_price_eur_kwh_run","fr_eur_job","fr_price_sync","fr_eur_job_sync","pl_price_eur_kwh_run","pl_eur_job","pl_price_sync","pl_eur_job_sync","price_eur_kwh_run","eur_job","price_sync","eur_job_sync","de_price_eur_kwh_batch","de_eur_batch","de_eur_batch_sync","de_eur_job_from_batches","fr_price_eur_kwh_batch","fr_eur_batch","fr_eur_batch_sync","fr_eur_job_from_batches","pl_price_eur_kwh_batch","pl_eur_batch","pl_eur_batch_sync","pl_eur_job_from_batches","price_eur_kwh_batch","eur_batch","eur_batch_sync","eur_job_from_batches"
"2024-09-12 17:26:30+02:00","rock-ms7a95","Intel(R) Core(TM) i9-7900X CPU @ 3.30GHz","0","kernel","2477","1.0","0.7686","0,7686","26,503","34.5","1","reduction","openblas","fp32","0","2477","112","0.7686","26.503","34.5","34.4","19816000000","25.78","kernel","kernel","0","Intel(R) Core(TM) i9-7900X CPU @ 3.30GHz","","","","0","0","","","50.0","0","OPENBLAS_NUM_THREADS=10; e2e_host_memcpy=1; e2e_bw=mixed","0.010699636657246669","2,9721212936796303e-09","0.00031029471134436814","0","0","","","","","7,361944444444445e-06","DE","0,1097399999999999","8,078997833333325e-07","0,0783099722222222","5,765136649459875e-07","0,02332","1,7168054444444446e-07","0,0518570416666666","3,817686598032403e-07","0,1929","1,4201190833333333e-06","0,0950131388888888","6,994814499922834e-07","0,1097399999999999","8,078997833333325e-07","0,0783099722222222","5,765136649459875e-07","0,1097399999999999","3,2616059076840233e-10","2,3274673594912697e-10","8,078997833333325e-07","0,02332","6,930986856860897e-11","1,5412541776473163e-10","1,7168054444444444e-07","0,1929","5,733221975508006e-10","2,823905732710066e-10","1,4201190833333331e-06","0,1097399999999999","3,2616059076840233e-10","2,3274673594912697e-10","8,078997833333325e-07"
"2024-09-12 17:26:30+02:00","rock-ms7a95","Intel(R) Core(TM) i9-7900X CPU @ 3.30GHz","0","e2e","112","1.0","0.7686","0,0702","2,412","34.4","1","reduction","openblas","fp32","0","2477","112","0.7686","26.503","34.5","34.4","448000000","6.39","e2e","e2e","0","Intel(R) Core(TM) i9-7900X CPU @ 3.30GHz","","","","0","0","","","50.0","0","OPENBLAS_NUM_THREADS=10; e2e_host_memcpy=1; e2e_bw=mixed","0.021535714285714287","5,982142857142857e-09","0.0006267857142857143","0","0","0.0","","0.0","0.0","6,699999999999999e-07","DE","0,1097399999999999","7,352579999999992e-08","0,0783099722222222","5,246768138888887e-08","0,02332","1,56244e-08","0,0518570416666666","3,474421791666662e-08","0,1929","1,29243e-07","0,0950131388888888","6,365880305555549e-08","0,1097399999999999","7,352579999999992e-08","0,0783099722222222","5,246768138888887e-08","0,1097399999999999","6,564803571428565e-10","4,684614409722221e-10","7,352579999999993e-08","0,02332","1,3950357142857144e-10","3,1021623139880915e-10","1,56244e-08","0,1929","1,153955357142857e-09","5,683821701388884e-10","1,29243e-07","0,1097399999999999","6,564803571428565e-10","4,684614409722221e-10","7,352579999999993e-08"
"2024-09-12 17:26:35+02:00","rock-ms7a95","Intel(R) Core(TM) i9-7900X CPU @ 3.30GHz","0","kernel","1991","1.0","0.919","0,919","31,829","34.6","1","reduction","openblas","fp32","0","1991","146","0.919","31.829","34.6","34.8","23892000000","26.0","kernel","kernel","0","Intel(R) Core(TM) i9-7900X CPU @ 3.30GHz","","","","0","0","","","50.0","0","OPENBLAS_NUM_THREADS=10; e2e_host_memcpy=1; e2e_bw=mixed","0.01598643897538925","4,440677493163681e-09","0.000461577096936213","0","0","","","","","8,84138888888889e-06","DE","0,1097399999999999","9,702540166666657e-07","0,0783099722222222","6,92368918294753e-07","0,02332","2,061811888888889e-07","0,0518570416666666","4,5848827200231426e-07","0,1929","1,7055039166666666e-06","0,0950131388888888","8,400481104706783e-07","0,1097399999999999","9,702540166666657e-07","0,0783099722222222","6,92368918294753e-07","0,1097399999999999","4,873199480997819e-10","3,477493311374952e-10","9,702540166666657e-07","0,02332","1,0355659914057704e-10","2,302803977912176e-10","2,061811888888889e-07","0,1929","8,56606688431274e-10","4,219227074187234e-10","1,7055039166666666e-06","0,1097399999999999","4,873199480997819e-10","3,477493311374952e-10","9,702540166666657e-07"
"2024-09-12 17:26:35+02:00","rock-ms7a95","Intel(R) Core(TM) i9-7900X CPU @ 3.30GHz","0","e2e","146","1.0","0.919","0,1451","5,055","34.8","1","reduction","openblas","fp32","0","1991","146","0.919","31.829","34.6","34.8","876000000","6.04","e2e","e2e","0","Intel(R) Core(TM) i9-7900X CPU @ 3.30GHz","","","","0","0","","","50.0","0","OPENBLAS_NUM_THREADS=10; e2e_host_memcpy=1; e2e_bw=mixed","0.03462328767123288","9,6175799086758e-09","0.0009938356164383563","0","0","0.0","","0.0","0.0","1,4041666666666666e-06","DE","0,1097399999999999","1,5409324999999985e-07","0,0783099722222222","1,0996025266203701e-07","0,02332","3,2745166666666664e-08","0,0518570416666666","7,281592934027769e-08","0,1929","2,7086375e-07","0,0950131388888888","1,3341428252314803e-07","0,1097399999999999","1,5409324999999985e-07","0,0783099722222222","1,0996025266203701e-07","0,1097399999999999","1,0554332191780813e-09","7,531524154934043e-10","1,5409324999999988e-07","0,02332","2,2428196347031967e-10","4,987392420566965e-10","3,274516666666667e-08","0,1929","1,8552311643835618e-09","9,137964556380003e-10","2,7086375000000003e-07","0,1097399999999999","1,0554332191780813e-09","7,531524154934043e-10","1,5409324999999988e-07"
"2024-09-12 17:26:39+02:00","rock-ms7a95","Intel(R) Core(TM) i9-7900X CPU @ 3.30GHz","0","kernel","547","1.0","0.3523","0,3523","12,322","35.0","1","reduction","openblas","fp32","0","547","184","0.3523","12.322","35.0","34.7","8752000000","24.84","kernel","kernel","0","Intel(R) Core(TM) i9-7900X CPU @ 3.30GHz","","","","0","0","","","49.0","0","OPENBLAS_NUM_THREADS=10; e2e_host_memcpy=1; e2e_bw=mixed","0.02252650822669104","6,257363396303067e-09","0.0006440585009140768","0","0","","","","","3,4227777777777777e-06","DE","0,1097399999999999","3,7561563333333294e-07","0,0783099722222222","2,680376327006172e-07","0,02332","7,981917777777777e-08","0,0518570416666666","1,7749512983796274e-07","0,1929","6,602538333333333e-07","0,0950131388888888","3,2520886038580215e-07","0,1097399999999999","3,7561563333333294e-07","0,0783099722222222","2,680376327006172e-07","0,1097399999999999","6,866830591102979e-10","4,900139537488432e-10","3,7561563333333294e-07","0,02332","1,4592171440178752e-10","3,244883543655626e-10","7,981917777777777e-08","0,1929","1,2070453991468615e-09","5,945317374511923e-10","6,602538333333333e-07","0,1097399999999999","6,866830591102979e-10","4,900139537488432e-10","3,7561563333333294e-07"
"2024-09-12 17:26:39+02:00","rock-ms7a95","Intel(R) Core(TM) i9-7900X CPU @ 3.30GHz","0","e2e","184","1.0","0.3523","0,2844","9,876","34.7","1","reduction","openblas","fp32","0","547","184","0.3523","12.322","35.0","34.7","1472000000","5.18","e2e","e2e","0","Intel(R) Core(TM) i9-7900X CPU @ 3.30GHz","","","","0","0","","","49.0","0","OPENBLAS_NUM_THREADS=10; e2e_host_memcpy=1; e2e_bw=mixed","0.05367391304347826","1,490942028985507e-08","0.0015456521739130435","0","0","0.0","","0.0","0.0","2,743333333333333e-06","DE","0,1097399999999999","3,010533999999997e-07","0,0783099722222222","2,1483035712962955e-07","0,02332","6,397453333333333e-08","0,0518570416666666","1,4226115097222203e-07","0,1929","5,29189e-07","0,0950131388888888","2,6065271101851824e-07","0,1097399999999999","3,010533999999997e-07","0,0783099722222222","2,1483035712962955e-07","0,1097399999999999","1,6361597826086939e-09","1,1675562887479867e-09","3,010533999999997e-07","0,02332","3,4768768115942026e-10","7,731584291968589e-10","6,397453333333333e-08","0,1929","2,876027173913043e-09","1,4165908207528168e-09","5,291889999999999e-07","0,1097399999999999","1,6361597826086939e-09","1,1675562887479867e-09","3,010533999999997e-07"
"2024-09-12 17:26:46+02:00","rock-ms7a95","Intel(R) Core(TM) i9-7900X CPU @ 3.30GHz","0","kernel","887","1.0","0.9769","0,9769","34,25","35.1","1","reduction","openblas","fp32","0","887","228","0.9769","34.25","35.1","34.3","21288000000","21.79","kernel","kernel","0","Intel(R) Core(TM) i9-7900X CPU @ 3.30GHz","","","","0","0","","","49.0","0","OPENBLAS_NUM_THREADS=10; e2e_host_memcpy=1; e2e_bw=mixed","0.03861330326944758","1,0725917574846547e-08","0.0011013528748590755","0","0","","","","","9,513888888888888e-06","DE","0,1097399999999999","1,0440541666666656e-06","0,0783099722222222","7,450323746141973e-07","0,02332","2,2186388888888887e-07","0,0518570416666666","4,933621325231475e-07","0,1929","1,8352291666666663e-06","0,0950131388888888","9,03944446373456e-07","0,1097399999999999","1,0440541666666656e-06","0,0783099722222222","7,450323746141973e-07","0,1097399999999999","1,1770621946636589e-09","8,399463073440781e-10","1,0440541666666654e-06","0,02332","2,501283978454215e-10","5,56214354592049e-10","2,218638888888889e-07","0,1929","2,0690295001878987e-09","1,0191030962496684e-09","1,8352291666666661e-06","0,1097399999999999","1,1770621946636589e-09","8,399463073440781e-10","1,0440541666666654e-06"
"2024-09-12 17:26:46+02:00","rock-ms7a95","Intel(R) Core(TM) i9-7900X CPU @ 3.30GHz","0","e2e","228","1.0","0.9769","0,5579","19,14","34.3","1","reduction","openblas","fp32","0","887","228","0.9769","34.25","35.1","34.3","2736000000","4.9","e2e","e2e","0","Intel(R) Core(TM) i9-7900X CPU @ 3.30GHz","","","","0","0","","","49.0","0","OPENBLAS_NUM_THREADS=10; e2e_host_memcpy=1; e2e_bw=mixed","0.08394736842105263","2,33187134502924e-08","0.002446929824561403","0","0","0.0","","0.0","0.0","5,316666666666667e-06","DE","0,1097399999999999","5,834509999999995e-07","0,0783099722222222","4,163480189814814e-07","0,02332","1,2398466666666667e-07","0,0518570416666666","2,757066048611108e-07","0,1929","1,025585e-06","0,0950131388888888","5,051531884259255e-07","0,1097399999999999","5,834509999999995e-07","0,0783099722222222","4,163480189814814e-07","0,1097399999999999","2,5589956140350855e-09","1,826087802550357e-09","5,834509999999995e-07","0,02332","5,437923976608187e-10","1,2092394950048719e-09","1,2398466666666667e-07","0,1929","4,498179824561404e-09","2,2155841597628314e-09","1,025585e-06","0,1097399999999999","2,5589956140350855e-09","1,826087802550357e-09","5,834509999999995e-07"
"2024-09-12 17:26:54+02:00","rock-ms7a95","Intel(R) Core(TM) i9-7900X CPU @ 3.30GHz","0","kernel","530","1.0","0.8491","0,8491","29,786","35.1","1","reduction","openblas","fp32","0","530","190","0.8491","29.786","35.1","34.4","16960000000","19.97","kernel","kernel","0","Intel(R) Core(TM) i9-7900X CPU @ 3.30GHz","","","","0","0","","","49.0","0","OPENBLAS_NUM_THREADS=10; e2e_host_memcpy=1; e2e_bw=mixed","0.0562","1,561111111111111e-08","0.0016020754716981132","0","0","","","","","8,27388888888889e-06","DE","0,1097399999999999","9,079765666666659e-07","0,0783099722222222","6,479280090586419e-07","0,02332","1,929470888888889e-07","0,0518570416666666","4,29059400856481e-07","0,1929","1,5960331666666667e-06","0,0950131388888888","7,86128154151234e-07","0,1097399999999999","9,079765666666659e-07","0,0783099722222222","6,479280090586419e-07","0,1097399999999999","1,7131633333333315e-09","1,2225056774691356e-09","9,079765666666657e-07","0,02332","3,640511111111111e-10","8,095460393518508e-10","1,9294708888888888e-07","0,1929","3,0113833333333333e-09","1,4832606682098753e-09","1,5960331666666667e-06","0,1097399999999999","1,7131633333333315e-09","1,2225056774691356e-09","9,079765666666657e-07"
"2024-09-12 17:26:54+02:00","rock-ms7a95","Intel(R) Core(TM) i9-7900X CPU @ 3.30GHz","0","e2e","190","1.0","0.8491","0,6361","21,881","34.4","1","reduction","openblas","fp32","0","530","190","0.8491","29.786","35.1","34.4","3040000000","4.78","e2e","e2e","0","Intel(R) Core(TM) i9-7900X CPU @ 3.30GHz","","","","0","0","","","49.0","0","OPENBLAS_NUM_THREADS=10; e2e_host_memcpy=1; e2e_bw=mixed","0.11516315789473684","3,1989766081871355e-08","0.0033478947368421053","0","0","0.0","","0.0","0.0","6,0780555555555555e-06","DE","0,1097399999999999","6,67005816666666e-07","0,0783099722222222","4,759723617206789e-07","0,02332","1,4174025555555557e-07","0,0518570416666666","3,1518998019675886e-07","0,1929","1,1724569166666666e-06","0,0950131388888888","5,774951366743822e-07","0,1097399999999999","6,67005816666666e-07","0,0783099722222222","4,759723617206789e-07","0,1097399999999999","3,5105569298245592e-09","2,505117693266732e-09","6,670058166666662e-07","0,02332","7,4600134502924e-10","1,6588946326145208e-09","1,417402555555556e-07","0,1929","6,170825877192984e-09","3,0394480877599075e-09","1,172456916666667e-06","0,1097399999999999","3,5105569298245592e-09","2,505117693266732e-09","6,670058166666662e-07"
"2024-09-12 17:27:02+02:00","rock-ms7a95","Intel(R) Core(TM) i9-7900X CPU @ 3.30GHz","0","kernel","387","1.0","1.0124","1,0124","33,949","33.5","0","reduction","openblas","fp32","0","387","111","1.0124","33.949","33.5","33.5","18576000000","18.35","kernel","kernel","0","Intel(R) Core(TM) i9-7900X CPU @ 3.30GHz","","","","0","0","","","49.0","0","OPENBLAS_NUM_THREADS=10; e2e_host_memcpy=1; e2e_bw=mixed","0.0877235142118863","2,4367642836635084e-08","0.0026160206718346254","0","0","","","","","9,430277777777777e-06","DE","0,1097399999999999","1,0348786833333323e-06","0,0783099722222222","7,384847908256171e-07","0,02332","2,1991407777777777e-07","0,0518570416666666","4,890263076504624e-07","0,1929","1,819100583333333e-06","0,0950131388888888","8,960002922608016e-07","0,1097399999999999","1,0348786833333323e-06","0,0783099722222222","7,384847908256171e-07","0,1097399999999999","2,6741051248923314e-09","1,9082294336579253e-09","1,0348786833333321e-06","0,02332","5,682534309503302e-10","1,2636338698978355e-09","2,1991407777777777e-07","0,1929","4,700518303186907e-09","2,3152462332320455e-09","1,819100583333333e-06","0,1097399999999999","2,6741051248923314e-09","1,9082294336579253e-09","1,0348786833333321e-06"
"2024-09-12 17:27:02+02:00","rock-ms7a95","Intel(R) Core(TM) i9-7900X CPU @ 3.30GHz","0","e2e","111","1.0","1.0124","0,5716","19,165","33.5","0","reduction","openblas","fp32","0","387","111","1.0124","33.949","33.5","33.5","2664000000","4.66","e2e","e2e","0","Intel(R) Core(TM) i9-7900X CPU @ 3.30GHz","","","","0","0","","","49.0","0","OPENBLAS_NUM_THREADS=10; e2e_host_memcpy=1; e2e_bw=mixed","0.17265765765765764","4,7960460460460466e-08","0.00514954954954955","0","0","0.0","","0.0","0.0","5,323611111111111e-06","DE","0,1097399999999999","5,842130833333327e-07","0,0783099722222222","4,1689183823302455e-07","0,02332","1,241466111111111e-07","0,0518570416666666","2,7606672320601814e-07","0,1929","1,0269245833333333e-06","0,0950131388888888","5,058130018904317e-07","0,1097399999999999","5,842130833333327e-07","0,0783099722222222","4,1689183823302455e-07","0,1097399999999999","5,263180930930926e-09","3,755782326423645e-09","5,842130833333329e-07","0,02332","1,118437937937938e-09","2,4870875964506147e-09","1,2414661111111113e-07","0,1929","9,251572822822823e-09","4,55687389090479e-09","1,0269245833333333e-06","0,1097399999999999","5,263180930930926e-09","3,755782326423645e-09","5,842130833333329e-07"
"2024-09-12 17:27:10+02:00","rock-ms7a95","Intel(R) Core(TM) i9-7900X CPU @ 3.30GHz","0","kernel","283","1.0","1.0284","1,0284","34,449","33.5","0","reduction","openblas","fp32","0","283","93","1.0284","34.449","33.5","33.5","18112000000","17.61","kernel","kernel","0","Intel(R) Core(TM) i9-7900X CPU @ 3.30GHz","","","","0","0","","","49.0","0","OPENBLAS_NUM_THREADS=10; e2e_host_memcpy=1; e2e_bw=mixed","0.12172791519434628","3,38133097762073e-08","0.003633922261484099","0","0","","","","","9,569166666666666e-06","DE","0,1097399999999999","1,050120349999999e-06","0,0783099722222222","7,493611758564812e-07","0,02332","2,2315296666666667e-07","0,0518570416666666","4,962286745486105e-07","0,1929","1,8458922499999998e-06","0,0950131388888888","9,091965615509251e-07","0,1097399999999999","1,050120349999999e-06","0,0783099722222222","7,493611758564812e-07","0,1097399999999999","3,710672614840985e-09","2,647919349316188e-09","1,0501203499999988e-06","0,02332","7,885263839811542e-10","1,753458213952687e-09","2,2315296666666665e-07","0,1929","6,5225874558303874e-09","3,2127086980598054e-09","1,8458922499999996e-06","0,1097399999999999","3,710672614840985e-09","2,647919349316188e-09","1,0501203499999988e-06"
"2024-09-12 17:27:10+02:00","rock-ms7a95","Intel(R) Core(TM) i9-7900X CPU @ 3.30GHz","0","e2e","93","1.0","1.0284","0,6476","21,694","33.5","0","reduction","openblas","fp32","0","283","93","1.0284","34.449","33.5","33.5","2976000000","4.6","e2e","e2e","0","Intel(R) Core(TM) i9-7900X CPU @ 3.30GHz","","","","0","0","","","49.0","0","OPENBLAS_NUM_THREADS=10; e2e_host_memcpy=1; e2e_bw=mixed","0.23326881720430107","6,479689366786142e-08","0.006963440860215053","0","0","0.0","","0.0","0.0","6,026111111111111e-06","DE","0,1097399999999999","6,613054333333327e-07","0,0783099722222222","4,719045937191357e-07","0,02332","1,405289111111111e-07","0,0518570416666666","3,1249629497685147e-07","0,1929","1,1624368333333333e-06","0,0950131388888888","5,72559731959876e-07","0,1097399999999999","6,613054333333327e-07","0,0783099722222222","4,719045937191357e-07","0,1097399999999999","7,110811111111105e-09","5,074242943216514e-09","6,613054333333328e-07","0,02332","1,5110635603345285e-09","3,360175214804855e-09","1,4052891111111116e-07","0,1929","1,2499320788530467e-08","6,156556257633077e-09","1,1624368333333335e-06","0,1097399999999999","7,110811111111105e-09","5,074242943216514e-09","6,613054333333328e-07"
"2024-09-12 17:27:18+02:00","rock-ms7a95","Intel(R) Core(TM) i9-7900X CPU @ 3.30GHz","0","kernel","183","1.0","1.0386","1,0386","34,762","33.5","0","reduction","openblas","fp32","0","183","55","1.0386","34.762","33.5","33.5","17568000000","16.91","kernel","kernel","0","Intel(R) Core(TM) i9-7900X CPU @ 3.30GHz","","","","0","0","","","49.0","0","OPENBLAS_NUM_THREADS=10; e2e_host_memcpy=1; e2e_bw=mixed","0.18995628415300547","5,2765634486945973e-08","0.005675409836065574","0","0","","","","","9,656111111111111e-06","DE","0,1097399999999999","1,0596616333333323e-06","0,0783099722222222","7,561697928858023e-07","0,02332","2,2518051111111112e-07","0,0518570416666666","5,007373562268512e-07","0,1929","1,8626638333333333e-06","0,0950131388888888","9,174574261265424e-07","0,1097399999999999","1,0596616333333323e-06","0,0783099722222222","7,561697928858023e-07","0,1097399999999999","5,790500728597445e-09","4,132075370960669e-09","1,0596616333333325e-06","0,02332","1,2304945962355802e-09","2,736269706157658e-09","2,2518051111111117e-07","0,1929","1,0178490892531877e-08","5,013428558068539e-09","1,8626638333333335e-06","0,1097399999999999","5,790500728597445e-09","4,132075370960669e-09","1,0596616333333325e-06"
"2024-09-12 17:27:18+02:00","rock-ms7a95","Intel(R) Core(TM) i9-7900X CPU @ 3.30GHz","0","e2e","55","1.0","1.0386","0,584","19,542","33.5","0","reduction","openblas","fp32","0","183","55","1.0386","34.762","33.5","33.5","2640000000","4.52","e2e","e2e","0","Intel(R) Core(TM) i9-7900X CPU @ 3.30GHz","","","","0","0","","","49.0","0","OPENBLAS_NUM_THREADS=10; e2e_host_memcpy=1; e2e_bw=mixed","0.35530909090909096","9,869696969696973e-08","0.010618181818181818","0","0","0.0","","0.0","0.0","5,428333333333334e-06","DE","0,1097399999999999","5,957052999999995e-07","0,0783099722222222","4,250926325462962e-07","0,02332","1,2658873333333333e-07","0,0518570416666666","2,814973078472219e-07","0,1929","1,0471255e-06","0,0950131388888888","5,157629889351847e-07","0,1097399999999999","5,957052999999995e-07","0,0783099722222222","4,250926325462962e-07","0,1097399999999999","1,0831005454545447e-08","7,728956955387205e-09","5,957052999999996e-07","0,02332","2,301613333333334e-09","5,1181328699494904e-09","1,2658873333333336e-07","0,1929","1,903864545454546e-08","9,377508889730634e-09","1,0471255000000003e-06","0,1097399999999999","1,0831005454545447e-08","7,728956955387205e-09","5,957052999999996e-07"
"2024-09-12 17:27:27+02:00","rock-ms7a95","Intel(R) Core(TM) i9-7900X CPU @ 3.30GHz","0","kernel","135","1.0","1.0416","1,0416","34,931","33.5","0","reduction","openblas","fp32","0","135","46","1.0416","34.931","33.5","33.5","17280000000","16.59","kernel","kernel","0","Intel(R) Core(TM) i9-7900X CPU @ 3.30GHz","","","","0","0","","","49.0","0","OPENBLAS_NUM_THREADS=10; e2e_host_memcpy=1; e2e_bw=mixed","0.2587481481481481","7,187448559670783e-08","0.007715555555555556","0","0","","","","","9,703055555555555e-06","DE","0,1097399999999999","1,0648133166666655e-06","0,0783099722222222","7,598460110262344e-07","0,02332","2,2627525555555555e-07","0,0518570416666666","5,031717562384253e-07","0,1929","1,8717194166666663e-06","0,0950131388888888","9,21917765146604e-07","0,1097399999999999","1,0648133166666655e-06","0,0783099722222222","7,598460110262344e-07","0,1097399999999999","7,88750604938271e-09","5,6284889705647e-09","1,0648133166666657e-06","0,02332","1,6761130041152267e-09","3,727198194358706e-09","2,262752555555556e-07","0,1929","1,386458827160494e-08","6,829020482567439e-09","1,8717194166666667e-06","0,1097399999999999","7,88750604938271e-09","5,6284889705647e-09","1,0648133166666657e-06"
"2024-09-12 17:27:27+02:00","rock-ms7a95","Intel(R) Core(TM) i9-7900X CPU @ 3.30GHz","0","e2e","46","1.0","1.0416","0,6572","22,012","33.5","0","reduction","openblas","fp32","0","135","46","1.0416","34.931","33.5","33.5","2944000000","4.48","e2e","e2e","0","Intel(R) Core(TM) i9-7900X CPU @ 3.30GHz","","","","0","0","","","49.0","0","OPENBLAS_NUM_THREADS=10; e2e_host_memcpy=1; e2e_bw=mixed","0.4785217391304348","1,329227053140097e-07","0.014286956521739131","0","0","0.0","","0.0","0.0","6,114444444444444e-06","DE","0,1097399999999999","6,709991333333327e-07","0,0783099722222222","4,788219745987653e-07","0,02332","1,4258884444444443e-07","0,0518570416666666","3,170770003240737e-07","0,1929","1,1794763333333332e-06","0,0950131388888888","5,809525592283946e-07","0,1097399999999999","6,709991333333327e-07","0,0783099722222222","4,788219745987653e-07","0,1097399999999999","1,458693768115941e-08","1,0409173360842727e-08","6,709991333333328e-07","0,02332","3,099757487922706e-09","6,892978267914647e-09","1,4258884444444448e-07","0,1929","2,5640789855072468e-08","1,2629403461486841e-08","1,1794763333333336e-06","0,1097399999999999","1,458693768115941e-08","1,0409173360842727e-08","6,709991333333328e-07"
"2024-09-12 17:27:35+02:00","rock-ms7a95","Intel(R) Core(TM) i9-7900X CPU @ 3.30GHz","0","kernel","89","1.0","1.0518","1,0518","35,867","34.1","0","reduction","openblas","fp32","0","89","27","1.0518","35.867","34.1","33.8","17088000000","16.25","kernel","kernel","0","Intel(R) Core(TM) i9-7900X CPU @ 3.30GHz","","","","0","0","","","49.0","0","OPENBLAS_NUM_THREADS=10; e2e_host_memcpy=1; e2e_bw=mixed","0.40299999999999997","1,1194444444444444e-07","0.011817977528089888","0","0","","","","","9,963055555555556e-06","DE","0,1097399999999999","1,0933457166666655e-06","0,0783099722222222","7,802066038040121e-07","0,02332","2,3233845555555555e-07","0,0518570416666666","5,166545870717586e-07","0,1929","1,9218734166666665e-06","0,0950131388888888","9,466211812577152e-07","0,1097399999999999","1,0933457166666655e-06","0,0783099722222222","7,802066038040121e-07","0,1097399999999999","1,2284783333333322e-08","8,766366334876542e-09","1,0933457166666655e-06","0,02332","2,6105444444444446e-09","5,8051077199074e-09","2,3233845555555558e-07","0,1929","2,159408333333333e-08","1,0636193047839496e-08","1,9218734166666665e-06","0,1097399999999999","1,2284783333333322e-08","8,766366334876542e-09","1,0933457166666655e-06"
"2024-09-12 17:27:35+02:00","rock-ms7a95","Intel(R) Core(TM) i9-7900X CPU @ 3.30GHz","0","e2e","27","1.0","1.0518","0,5831","19,693","33.8","0","reduction","openblas","fp32","0","89","27","1.0518","35.867","34.1","33.8","2592000000","4.44","e2e","e2e","0","Intel(R) Core(TM) i9-7900X CPU @ 3.30GHz","","","","0","0","","","49.0","0","OPENBLAS_NUM_THREADS=10; e2e_host_memcpy=1; e2e_bw=mixed","0.7293703703703704","2,0260288065843626e-07","0.021596296296296294","0","0","0.0","","0.0","0.0","5,470277777777778e-06","DE","0,1097399999999999","6,003082833333327e-07","0,0783099722222222","4,283773008256172e-07","0,02332","1,2756687777777778e-07","0,0518570416666666","2,8367242265046264e-07","0,1929","1,0552165833333333e-06","0,0950131388888888","5,19748262260802e-07","0,1097399999999999","6,003082833333327e-07","0,0783099722222222","4,283773008256172e-07","0,1097399999999999","2,2233640123456773e-08","1,5865825956504344e-08","6,003082833333328e-07","0,02332","4,7246991769547334e-09","1,050638602409121e-08","1,275668777777778e-07","0,1929","3,9082095679012355e-08","1,9249935639288968e-08","1,0552165833333335e-06","0,1097399999999999","2,2233640123456773e-08","1,5865825956504344e-08","6,003082833333328e-07"
"2024-09-12 17:27:44+02:00","rock-ms7a95","Intel(R) Core(TM) i9-7900X CPU @ 3.30GHz","0","kernel","66","1.0","1.0492","1,0492","36,977","35.2","0","reduction","openblas","fp32","0","66","23","1.0492","36.977","35.2","35.3","16896000000","16.1","kernel","kernel","0","Intel(R) Core(TM) i9-7900X CPU @ 3.30GHz","","","","0","0","","","49.0","0","OPENBLAS_NUM_THREADS=10; e2e_host_memcpy=1; e2e_bw=mixed","0.5602575757575757","1,5562710437710436e-07","0.015896969696969694","0","0","","","","","1,0271388888888887e-05","DE","0,1097399999999999","1,1271822166666654e-06","0,0783099722222222","8,043521785725306e-07","0,02332","2,3952878888888884e-07","0,0518570416666666","5,326438415856475e-07","0,1929","1,981350916666666e-06","0,0950131388888888","9,759168990817891e-07","0,1097399999999999","1,1271822166666654e-06","0,0783099722222222","8,043521785725306e-07","0,1097399999999999","1,7078518434343416e-08","1,2187154220795918e-08","1,1271822166666654e-06","0,02332","3,629224074074074e-09","8,070361236146173e-09","2,395287888888889e-07","0,1929","3,002046843434343e-08","1,4786619683057412e-08","1,9813509166666666e-06","0,1097399999999999","1,7078518434343416e-08","1,2187154220795918e-08","1,1271822166666654e-06"
"2024-09-12 17:27:44+02:00","rock-ms7a95","Intel(R) Core(TM) i9-7900X CPU @ 3.30GHz","0","e2e","23","1.0","1.0492","0,66","23,266","35.3","0","reduction","openblas","fp32","0","66","23","1.0492","36.977","35.2","35.3","2944000000","4.46","e2e","e2e","0","Intel(R) Core(TM) i9-7900X CPU @ 3.30GHz","","","","0","0","","","49.0","0","OPENBLAS_NUM_THREADS=10; e2e_host_memcpy=1; e2e_bw=mixed","1.0115652173913043","2,809903381642512e-07","0.028695652173913046","0","0","0.0","","0.0","0.0","6,462777777777777e-06","DE","0,1097399999999999","7,092252333333326e-07","0,0783099722222222","5,060999482561727e-07","0,02332","1,5071197777777776e-07","0,0518570416666666","3,351405365046292e-07","0,1929","1,246669833333333e-06","0,0950131388888888","6,140488026080241e-07","0,1097399999999999","7,092252333333326e-07","0,0783099722222222","5,060999482561727e-07","0,1097399999999999","3,0835879710144896e-08","2,2004345576355337e-08","7,092252333333326e-07","0,02332","6,552694685990338e-09","1,4571327674114315e-08","1,507119777777778e-07","0,1929","5,4203036231884055e-08","2,6697774026435835e-08","1,2466698333333333e-06","0,1097399999999999","3,0835879710144896e-08","2,2004345576355337e-08","7,092252333333326e-07"
"2024-09-12 17:27:52+02:00","rock-ms7a95","Intel(R) Core(TM) i9-7900X CPU @ 3.30GHz","0","kernel","44","1.0","1.0581","1,0581","36,701","34.7","0","reduction","openblas","fp32","0","44","14","1.0581","36.701","34.7","34.1","16896000000","15.97","kernel","kernel","0","Intel(R) Core(TM) i9-7900X CPU @ 3.30GHz","","","","0","0","","","49.0","0","OPENBLAS_NUM_THREADS=10; e2e_host_memcpy=1; e2e_bw=mixed","0.8341136363636363","2,316982323232323e-07","0.024047727272727273","0","0","","","","","1,0194722222222222e-05","DE","0,1097399999999999","1,1187688166666655e-06","0,0783099722222222","7,983484140354937e-07","0,02332","2,377409222222222e-07","0,0518570416666666","5,286681350578698e-07","0,1929","1,9665619166666665e-06","0,0950131388888888","9,686325584336411e-07","0,1097399999999999","1,1187688166666655e-06","0,0783099722222222","7,983484140354937e-07","0,1097399999999999","2,5426564015151487e-08","1,814428213717031e-08","1,1187688166666655e-06","0,02332","5,403202777777778e-09","1,2015184887678857e-08","2,377409222222222e-07","0,1929","4,469458901515151e-08","2,2014376328037297e-08","1,9665619166666665e-06","0,1097399999999999","2,5426564015151487e-08","1,814428213717031e-08","1,1187688166666655e-06"
"2024-09-12 17:27:52+02:00","rock-ms7a95","Intel(R) Core(TM) i9-7900X CPU @ 3.30GHz","0","e2e","14","1.0","1.0581","0,6057","20,635","34.1","0","reduction","openblas","fp32","0","44","14","1.0581","36.701","34.7","34.1","2688000000","4.44","e2e","e2e","0","Intel(R) Core(TM) i9-7900X CPU @ 3.30GHz","","","","0","0","","","49.0","0","OPENBLAS_NUM_THREADS=10; e2e_host_memcpy=1; e2e_bw=mixed","1.4739285714285715","4,094246031746032e-07","0.04326428571428571","0","0","0.0","","0.0","0.0","5,731944444444445e-06","DE","0,1097399999999999","6,290235833333328e-07","0,0783099722222222","4,488684102237654e-07","0,02332","1,3366894444444445e-07","0,0518570416666666","2,9724168188657376e-07","0,1929","1,1056920833333333e-06","0,0950131388888888","5,446100336033946e-07","0,1097399999999999","6,290235833333328e-07","0,0783099722222222","4,488684102237654e-07","0,1097399999999999","4,493025595238091e-08","3,2062029301697524e-08","6,290235833333327e-07","0,02332","9,547781746031746e-09","2,1231548706183838e-08","1,3366894444444445e-07","0,1929","7,897800595238095e-08","3,8900716685956756e-08","1,1056920833333333e-06","0,1097399999999999","4,493025595238091e-08","3,2062029301697524e-08","6,290235833333327e-07"
"2024-09-12 17:28:01+02:00","rock-ms7a95","Intel(R) Core(TM) i9-7900X CPU @ 3.30GHz","0","kernel","33","1.0","1.0636","1,0636","36,421","34.2","0","reduction","openblas","fp32","0","33","12","1.0636","36.421","34.2","33.9","16896000000","15.89","kernel","kernel","0","Intel(R) Core(TM) i9-7900X CPU @ 3.30GHz","","","","0","0","","","49.0","0","OPENBLAS_NUM_THREADS=10; e2e_host_memcpy=1; e2e_bw=mixed","1.1036666666666666","3,065740740740741e-07","0.03223030303030303","0","0","","","","","1,0116944444444444e-05","DE","0,1097399999999999","1,1102334833333322e-06","0,0783099722222222","7,922576384182096e-07","0,02332","2,3592714444444442e-07","0,0518570416666666","5,246348095949067e-07","0,1929","1,951558583333333e-06","0,0950131388888888","9,61242647631172e-07","0,1097399999999999","1,1102334833333322e-06","0,0783099722222222","7,922576384182096e-07","0,1097399999999999","3,364343888888886e-08","2,4007807224794236e-08","1,1102334833333324e-06","0,02332","7,1493074074074086e-09","1,5898024533178996e-08","2,3592714444444447e-07","0,1929","5,9138138888888896e-08","2,912856507973249e-08","1,9515585833333336e-06","0,1097399999999999","3,364343888888886e-08","2,4007807224794236e-08","1,1102334833333324e-06"
"2024-09-12 17:28:01+02:00","rock-ms7a95","Intel(R) Core(TM) i9-7900X CPU @ 3.30GHz","0","e2e","12","1.0","1.0636","0,6944","23,53","33.9","0","reduction","openblas","fp32","0","33","12","1.0636","36.421","34.2","33.9","3072000000","4.42","e2e","e2e","0","Intel(R) Core(TM) i9-7900X CPU @ 3.30GHz","","","","0","0","","","49.0","0","OPENBLAS_NUM_THREADS=10; e2e_host_memcpy=1; e2e_bw=mixed","1.9608333333333334","5,44675925925926e-07","0.05786666666666667","0","0","0.0","","0.0","0.0","6,536111111111111e-06","DE","0,1097399999999999","7,172728333333327e-07","0,0783099722222222","5,11842679552469e-07","0,02332","1,5242211111111113e-07","0,0518570416666666","3,3894338622685145e-07","0,1929","1,2608158333333333e-06","0,0950131388888888","6,210164327932094e-07","0,1097399999999999","7,172728333333327e-07","0,0783099722222222","5,11842679552469e-07","0,1097399999999999","5,977273611111107e-08","4,265355662937242e-08","7,172728333333328e-07","0,02332","1,2701842592592594e-08","2,8245282185570956e-08","1,5242211111111113e-07","0,1929","1,0506798611111112e-07","5,1751369399434116e-08","1,2608158333333335e-06","0,1097399999999999","5,977273611111107e-08","4,265355662937242e-08","7,172728333333328e-07"
"2024-09-12 17:28:10+02:00","rock-ms7a95","Intel(R) Core(TM) i9-7900X CPU @ 3.30GHz","0","kernel","22","1.0","1.069","1,069","37,76","35.3","0","reduction","openblas","fp32","0","22","7","1.069","37.76","35.3","35.3","16896000000","15.8","kernel","kernel","0","Intel(R) Core(TM) i9-7900X CPU @ 3.30GHz","","","","0","0","","","50.0","0","OPENBLAS_NUM_THREADS=10; e2e_host_memcpy=1; e2e_bw=mixed","1.7163636363636363","4,7676767676767685e-07","0.04859090909090909","0","0","","","","","1,0488888888888888e-05","DE","0,1097399999999999","1,1510506666666654e-06","0,0783099722222222","8,213845975308639e-07","0,02332","2,4460088888888887e-07","0,0518570416666666","5,439227481481475e-07","0,1929","2,0233066666666666e-06","0,0950131388888888","9,965822567901226e-07","0,1097399999999999","1,1510506666666654e-06","0,0783099722222222","8,213845975308639e-07","0,1097399999999999","5,2320484848484805e-08","3,733566352413019e-08","1,1510506666666656e-06","0,02332","1,1118222222222224e-08","2,4723761279461253e-08","2,446008888888889e-07","0,1929","9,196848484848486e-08","4,529919349046013e-08","2,023306666666667e-06","0,1097399999999999","5,2320484848484805e-08","3,733566352413019e-08","1,1510506666666656e-06"
"2024-09-12 17:28:10+02:00","rock-ms7a95","Intel(R) Core(TM) i9-7900X CPU @ 3.30GHz","0","e2e","7","1.0","1.069","0,6087","21,488","35.3","0","reduction","openblas","fp32","0","22","7","1.069","37.76","35.3","35.3","2688000000","4.42","e2e","e2e","0","Intel(R) Core(TM) i9-7900X CPU @ 3.30GHz","","","","0","0","","","50.0","0","OPENBLAS_NUM_THREADS=10; e2e_host_memcpy=1; e2e_bw=mixed","3.069714285714286","8,526984126984127e-07","0.08695714285714286","0","0","0.0","","0.0","0.0","5,968888888888889e-06","DE","0,1097399999999999","6,550258666666661e-07","0,0783099722222222","4,6742352308641966e-07","0,02332","1,391944888888889e-07","0,0518570416666666","3,0952891981481445e-07","0,1929","1,1513986666666667e-06","0,0950131388888888","5,671228690123452e-07","0,1097399999999999","6,550258666666661e-07","0,0783099722222222","4,6742352308641966e-07","0,1097399999999999","9,357512380952372e-08","6,677478901234567e-08","6,550258666666661e-07","0,02332","1,9884926984126985e-08","4,4218417116402063e-08","1,391944888888889e-07","0,1929","1,644855238095238e-07","8,101755271604931e-08","1,1513986666666667e-06","0,1097399999999999","9,357512380952372e-08","6,677478901234567e-08","6,550258666666661e-07"
"2024-09-12 17:28:19+02:00","rock-ms7a95","Intel(R) Core(TM) i9-7900X CPU @ 3.30GHz","0","kernel","17","1.0","1.1039","1,1039","39,046","35.4","0","reduction","openblas","fp32","0","17","6","1.1039","39.046","35.4","35.3","17408000000","15.77","kernel","kernel","0","Intel(R) Core(TM) i9-7900X CPU @ 3.30GHz","","","","0","0","","","49.0","0","OPENBLAS_NUM_THREADS=10; e2e_host_memcpy=1; e2e_bw=mixed","2.2968235294117645","6,380065359477124e-07","0.06493529411764706","0","0","","","","","1,0846111111111112e-05","DE","0,1097399999999999","1,1902522333333321e-06","0,0783099722222222","8,493586598302468e-07","0,02332","2,529313111111111e-07","0,0518570416666666","5,624472358101845e-07","0,1929","2,0922148333333333e-06","0,0950131388888888","1,0305230614043202e-06","0,1097399999999999","1,1902522333333321e-06","0,0783099722222222","8,493586598302468e-07","0,1097399999999999","7,001483725490189e-08","4,996227410766157e-08","1,1902522333333321e-06","0,02332","1,4878312418300654e-08","3,3085131518246144e-08","2,529313111111111e-07","0,1929","1,230714607843137e-07","6,061900361201883e-08","2,092214833333333e-06","0,1097399999999999","7,001483725490189e-08","4,996227410766157e-08","1,1902522333333321e-06"
"2024-09-12 17:28:19+02:00","rock-ms7a95","Intel(R) Core(TM) i9-7900X CPU @ 3.30GHz","0","e2e","6","1.0","1.1039","0,6964","24,6","35.3","0","reduction","openblas","fp32","0","17","6","1.1039","39.046","35.4","35.3","3072000000","4.41","e2e","e2e","0","Intel(R) Core(TM) i9-7900X CPU @ 3.30GHz","","","","0","0","","","49.0","0","OPENBLAS_NUM_THREADS=10; e2e_host_memcpy=1; e2e_bw=mixed","4.1000000000000005","1,138888888888889e-06","0.11606666666666667","0","0","0.0","","0.0","0.0","6,833333333333334e-06","DE","0,1097399999999999","7,498899999999993e-07","0,0783099722222222","5,351181435185184e-07","0,02332","1,5935333333333335e-07","0,0518570416666666","3,543564513888885e-07","0,1929","1,31815e-06","0,0950131388888888","6,492564490740735e-07","0,1097399999999999","7,498899999999993e-07","0,0783099722222222","5,351181435185184e-07","0,1097399999999999","1,2498166666666655e-07","8,91863572530864e-08","7,498899999999993e-07","0,02332","2,6558888888888892e-08","5,905940856481475e-08","1,5935333333333335e-07","0,1929","2,196916666666667e-07","1,0820940817901226e-07","1,3181500000000002e-06","0,1097399999999999","1,2498166666666655e-07","8,91863572530864e-08","7,498899999999993e-07"
"2024-09-12 17:28:30+02:00","rock-ms7a95","Intel(R) Core(TM) i9-7900X CPU @ 3.30GHz","0","kernel","14","1.0","1.1373","1,1373","40,21","35.4","0","reduction","openblas","fp32","0","14","6","1.1373","40.21","35.4","35.3","17920000000","15.76","kernel","kernel","0","Intel(R) Core(TM) i9-7900X CPU @ 3.30GHz","","","","0","0","","","49.0","0","OPENBLAS_NUM_THREADS=10; e2e_host_memcpy=1; e2e_bw=mixed","2.8721428571428573","7,978174603174604e-07","0.08123571428571429","0","0","","","","","1,1169444444444444e-05","DE","0,1097399999999999","1,225734833333332e-06","0,0783099722222222","8,746788841820986e-07","0,02332","2,6047144444444443e-07","0,0518570416666666","5,792143459490734e-07","0,1929","2,154585833333333e-06","0,0950131388888888","1,0612439763117274e-06","0,1097399999999999","1,225734833333332e-06","0,0783099722222222","8,746788841820986e-07","0,1097399999999999","8,755248809523801e-08","6,247706315586419e-08","1,2257348333333323e-06","0,02332","1,8605103174603176e-08","4,137245328207667e-08","2,604714444444445e-07","0,1929","1,5389898809523809e-07","7,58031411651234e-08","2,154585833333333e-06","0,1097399999999999","8,755248809523801e-08","6,247706315586419e-08","1,2257348333333323e-06"
"2024-09-12 17:28:30+02:00","rock-ms7a95","Intel(R) Core(TM) i9-7900X CPU @ 3.30GHz","0","e2e","6","1.0","1.1373","0,8698","30,741","35.3","0","reduction","openblas","fp32","0","14","6","1.1373","40.21","35.4","35.3","3840000000","4.41","e2e","e2e","0","Intel(R) Core(TM) i9-7900X CPU @ 3.30GHz","","","","0","0","","","49.0","0","OPENBLAS_NUM_THREADS=10; e2e_host_memcpy=1; e2e_bw=mixed","5.1235","1,4231944444444445e-06","0.14496666666666666","0","0","0.0","","0.0","0.0","8,539166666666666e-06","DE","0,1097399999999999","9,37088149999999e-07","0,0783099722222222","6,687019044675924e-07","0,02332","1,9913336666666667e-07","0,0518570416666666","4,428159216319439e-07","0,1929","1,6472052499999999e-06","0,0950131388888888","8,113330284953696e-07","0,1097399999999999","9,37088149999999e-07","0,0783099722222222","6,687019044675924e-07","0,1097399999999999","1,5618135833333318e-07","1,114503174112654e-07","9,37088149999999e-07","0,02332","3,318889444444445e-08","7,380265360532398e-08","1,991333666666667e-07","0,1929","2,7453420833333333e-07","1,3522217141589495e-07","1,6472052499999999e-06","0,1097399999999999","1,5618135833333318e-07","1,114503174112654e-07","9,37088149999999e-07"
"2024-09-12 17:28:40+02:00","rock-ms7a95","Intel(R) Core(TM) i9-7900X CPU @ 3.30GHz","0","kernel","11","1.0","1.0735","1,0735","37,307","34.8","0","reduction","openblas","fp32","0","11","5","1.0735","37.307","34.8","34.9","16896000000","15.74","kernel","kernel","0","Intel(R) Core(TM) i9-7900X CPU @ 3.30GHz","","","","0","0","","","49.0","0","OPENBLAS_NUM_THREADS=10; e2e_host_memcpy=1; e2e_bw=mixed","3.391545454545455","9,420959595959596e-07","0.09759090909090908","0","0","","","","","1,0363055555555557e-05","DE","0,1097399999999999","1,1372417166666658e-06","0,0783099722222222","8,115305926929011e-07","0,02332","2,416664555555556e-07","0,0518570416666666","5,373974037384254e-07","0,1929","1,999033416666667e-06","0,0950131388888888","9,846264368132709e-07","0,1097399999999999","1,1372417166666658e-06","0,0783099722222222","8,115305926929011e-07","0,1097399999999999","1,033856106060605e-07","7,377550842662736e-08","1,1372417166666656e-06","0,02332","2,1969677777777777e-08","4,8854309430765935e-08","2,4166645555555554e-07","0,1929","1,8173031060606058e-07","8,951149425575189e-08","1,9990334166666665e-06","0,1097399999999999","1,033856106060605e-07","7,377550842662736e-08","1,1372417166666656e-06"
"2024-09-12 17:28:40+02:00","rock-ms7a95","Intel(R) Core(TM) i9-7900X CPU @ 3.30GHz","0","e2e","5","1.0","1.0735","0,8691","30,321","34.9","0","reduction","openblas","fp32","0","11","5","1.0735","37.307","34.8","34.9","3840000000","4.42","e2e","e2e","0","Intel(R) Core(TM) i9-7900X CPU @ 3.30GHz","","","","0","0","","","49.0","0","OPENBLAS_NUM_THREADS=10; e2e_host_memcpy=1; e2e_bw=mixed","6.0642000000000005","1,6845e-06","0.17382","0","0","0.0","","0.0","0.0","8,422500000000001e-06","DE","0,1097399999999999","9,242851499999993e-07","0,0783099722222222","6,595657410416666e-07","0,02332","1,9641270000000002e-07","0,0518570416666666","4,3676593343749954e-07","0,1929","1,6247002500000001e-06","0,0950131388888888","8,00248162291666e-07","0,1097399999999999","9,242851499999993e-07","0,0783099722222222","6,595657410416666e-07","0,1097399999999999","1,8485702999999982e-07","1,319131482083333e-07","9,242851499999991e-07","0,02332","3,928254e-08","8,735318668749989e-08","1,964127e-07","0,1929","3,2494004999999997e-07","1,6004963245833318e-07","1,6247002499999997e-06","0,1097399999999999","1,8485702999999982e-07","1,319131482083333e-07","9,242851499999991e-07"
"2024-09-12 17:28:50+02:00","rock-ms7a95","Intel(R) Core(TM) i9-7900X CPU @ 3.30GHz","0","kernel","9","1.0","1.1716","1,1716","40,724","34.8","0","reduction","openblas","fp32","0","9","3","1.1716","40.724","34.8","34.7","18432000000","15.73","kernel","kernel","0","Intel(R) Core(TM) i9-7900X CPU @ 3.30GHz","","","","0","0","","","50.0","0","OPENBLAS_NUM_THREADS=10; e2e_host_memcpy=1; e2e_bw=mixed","4.5248888888888885","1,2569135802469134e-06","0.13017777777777778","0","0","","","","","1,1312222222222221e-05","DE","0,1097399999999999","1,2414032666666654e-06","0,0783099722222222","8,858598079938269e-07","0,02332","2,638010222222222e-07","0,0518570416666666","5,866183791203696e-07","0,1929","2,182127666666666e-06","0,0950131388888888","1,0748097411419743e-06","0,1097399999999999","1,2414032666666654e-06","0,0783099722222222","8,858598079938269e-07","0,1097399999999999","1,3793369629629615e-07","9,842886755486965e-08","1,2414032666666654e-06","0,02332","2,931122469135802e-08","6,517981990226329e-08","2,638010222222222e-07","0,1929","2,4245862962962957e-07","1,1942330457133046e-07","2,182127666666666e-06","0,1097399999999999","1,3793369629629615e-07","9,842886755486965e-08","1,2414032666666654e-06"
"2024-09-12 17:28:50+02:00","rock-ms7a95","Intel(R) Core(TM) i9-7900X CPU @ 3.30GHz","0","e2e","3","1.0","1.1716","0,6945","24,077","34.7","0","reduction","openblas","fp32","0","9","3","1.1716","40.724","34.8","34.7","3072000000","4.42","e2e","e2e","0","Intel(R) Core(TM) i9-7900X CPU @ 3.30GHz","","","","0","0","","","50.0","0","OPENBLAS_NUM_THREADS=10; e2e_host_memcpy=1; e2e_bw=mixed","8.025666666666668","2,2293518518518523e-06","0.2315","0","0","0.0","","0.0","0.0","6,688055555555556e-06","DE","0,1097399999999999","7,33947216666666e-07","0,0783099722222222","5,237414447762345e-07","0,02332","1,5596545555555559e-07","0,0518570416666666","3,4682277561342553e-07","0,1929","1,2901259166666667e-06","0,0950131388888888","6,354531513966044e-07","0,1097399999999999","7,33947216666666e-07","0,0783099722222222","5,237414447762345e-07","0,1097399999999999","2,4464907222222204e-07","1,745804815920782e-07","7,339472166666661e-07","0,02332","5,198848518518519e-08","1,1560759187114186e-07","1,5596545555555559e-07","0,1929","4,300419722222223e-07","2,118177171322015e-07","1,2901259166666667e-06","0,1097399999999999","2,4464907222222204e-07","1,745804815920782e-07","7,339472166666661e-07"
"2024-09-12 17:29:01+02:00","rock-ms7a95","Intel(R) Core(TM) i9-7900X CPU @ 3.30GHz","0","kernel","6","1.0","1.173","1,173","41,125","35.1","0","reduction","openblas","fp32","0","6","2","1.173","41.125","35.1","35.1","18432000000","15.71","kernel","kernel","0","Intel(R) Core(TM) i9-7900X CPU @ 3.30GHz","","","","0","0","","","49.0","0","OPENBLAS_NUM_THREADS=10; e2e_host_memcpy=1; e2e_bw=mixed","6.854166666666667","1,9039351851851853e-06","0.1955","0","0","","","","","1,142361111111111e-05","DE","0,1097399999999999","1,253627083333332e-06","0,0783099722222222","8,9458266878858e-07","0,02332","2,6639861111111113e-07","0,0518570416666666","5,923946773726844e-07","0,1929","2,2036145833333333e-06","0,0950131388888888","1,0853931491126533e-06","0,1097399999999999","1,253627083333332e-06","0,0783099722222222","8,9458266878858e-07","0,1097399999999999","2,0893784722222202e-07","1,4909711146476336e-07","1,253627083333332e-06","0,02332","4,4399768518518524e-08","9,873244622878074e-08","2,6639861111111113e-07","0,1929","3,672690972222222e-07","1,8089885818544225e-07","2,2036145833333333e-06","0,1097399999999999","2,0893784722222202e-07","1,4909711146476336e-07","1,253627083333332e-06"
"2024-09-12 17:29:01+02:00","rock-ms7a95","Intel(R) Core(TM) i9-7900X CPU @ 3.30GHz","0","e2e","2","1.0","1.173","0,6939","24,336","35.1","0","reduction","openblas","fp32","0","6","2","1.173","41.125","35.1","35.1","3072000000","4.43","e2e","e2e","0","Intel(R) Core(TM) i9-7900X CPU @ 3.30GHz","","","","0","0","","","49.0","0","OPENBLAS_NUM_THREADS=10; e2e_host_memcpy=1; e2e_bw=mixed","12.168","3,38e-06","0.34695","0","0","0.0","","0.0","0.0","6,76e-06","DE","0,1097399999999999","7,418423999999993e-07","0,0783099722222222","5,293754122222221e-07","0,02332","1,576432e-07","0,0518570416666666","3,5055360166666624e-07","0,1929","1,3040039999999998e-06","0,0950131388888888","6,422888188888883e-07","0,1097399999999999","7,418423999999993e-07","0,0783099722222222","5,293754122222221e-07","0,1097399999999999","3,7092119999999963e-07","2,6468770611111104e-07","7,418423999999993e-07","0,02332","7,88216e-08","1,7527680083333312e-07","1,576432e-07","0,1929","6,520019999999999e-07","3,2114440944444415e-07","1,3040039999999998e-06","0,1097399999999999","3,7092119999999963e-07","2,6468770611111104e-07","7,418423999999993e-07"
"2024-09-12 17:00:11+02:00","rock-ms7a95","Intel(R) Core(TM) i9-7900X CPU @ 3.30GHz","0","kernel","2162","1.0","0.6697","0,6697","23,129","34.5","1","reduction","openblas","fp32","0","2162","395","0.6697","23.129","34.5","34.8","17296000000","25.83","kernel","kernel","0","Intel(R) Core(TM) i9-7900X CPU @ 3.30GHz","","","","0","0","","","50.0","0","OPENBLAS_NUM_THREADS=10; e2e_host_memcpy=1; e2e_bw=mixed","0.010697964847363553","2,9716569020454314e-09","0.00030975948196114704","0","0","","","","","6,4247222222222225e-06","DE","0,1097399999999999","7,05049016666666e-07","0,0783099722222222","5,03119818757716e-07","0,02332","1,4982452222222224e-07","0,0518570416666666","3,3316708797453664e-07","0,1929","1,2393289166666666e-06","0,0950131388888888","6,104330248225304e-07","0,1097399999999999","7,05049016666666e-07","0,0783099722222222","5,03119818757716e-07","0,1097399999999999","3,2610962843046535e-10","2,3271036945315261e-10","7,050490166666661e-07","0,02332","6,929903895569947e-11","1,5410133578840734e-10","1,4982452222222224e-07","0,1929","5,732326164045637e-10","2,8234644996416764e-10","1,2393289166666668e-06","0,1097399999999999","3,2610962843046535e-10","2,3271036945315261e-10","7,050490166666661e-07"
"2024-09-12 17:00:11+02:00","rock-ms7a95","Intel(R) Core(TM) i9-7900X CPU @ 3.30GHz","0","e2e","395","1.0","0.6697","0,2473","8,602","34.8","1","reduction","openblas","fp32","0","2162","395","0.6697","23.129","34.5","34.8","1580000000","6.39","e2e","e2e","0","Intel(R) Core(TM) i9-7900X CPU @ 3.30GHz","","","","0","0","","","50.0","0","OPENBLAS_NUM_THREADS=10; e2e_host_memcpy=1; e2e_bw=mixed","0.021777215189873418","6,049226441631505e-09","0.0006260759493670885","0","0","0.0","","0.0","0.0","2,3894444444444443e-06","DE","0,1097399999999999","2,6221763333333305e-07","0,0783099722222222","1,871173280709876e-07","0,02332","5,5721844444444445e-08","0,0518570416666666","1,2390952011574058e-07","0,1929","4,609238333333333e-07","0,0950131388888888","2,2702861686728376e-07","0,1097399999999999","2,6221763333333305e-07","0,0783099722222222","1,871173280709876e-07","0,1097399999999999","6,638421097046407e-10","4,737147546100952e-10","2,622176333333331e-07","0,02332","1,410679606188467e-10","3,136949876347863e-10","5,5721844444444445e-08","0,1929","1,1668957805907172e-09","5,747559920690728e-10","4,609238333333333e-07","0,1097399999999999","6,638421097046407e-10","4,737147546100952e-10","2,622176333333331e-07"
"2024-09-12 17:00:14+02:00","rock-ms7a95","Intel(R) Core(TM) i9-7900X CPU @ 3.30GHz","0","kernel","1226","1.0","0.5756","0,5756","19,831","34.5","1","reduction","openblas","fp32","0","1226","186","0.5756","19.831","34.5","34.7","14712000000","25.56","kernel","kernel","0","Intel(R) Core(TM) i9-7900X CPU @ 3.30GHz","","","","0","0","","","50.0","0","OPENBLAS_NUM_THREADS=10; e2e_host_memcpy=1; e2e_bw=mixed","0.01617536704730832","4,4931575131412e-09","0.0004694942903752039","0","0","","","","","5,508611111111111e-06","DE","0,1097399999999999","6,045149833333327e-07","0,0783099722222222","4,313791830941357e-07","0,02332","1,284608111111111e-07","0,0518570416666666","2,856602759143515e-07","0,1929","1,0626110833333332e-06","0,0950131388888888","5,23390432584876e-07","0,1097399999999999","6,045149833333327e-07","0,0783099722222222","4,313791830941357e-07","0,1097399999999999","4,930791054921148e-10","3,518590400441564e-10","6,045149833333328e-07","0,02332","1,0478043320645279e-10","2,330018563738593e-10","1,284608111111111e-07","0,1929","8,667300842849374e-10","4,2690899884573906e-10","1,0626110833333334e-06","0,1097399999999999","4,930791054921148e-10","3,518590400441564e-10","6,045149833333328e-07"
"2024-09-12 17:00:14+02:00","rock-ms7a95","Intel(R) Core(TM) i9-7900X CPU @ 3.30GHz","0","e2e","186","1.0","0.5756","0,1858","6,454","34.7","1","reduction","openblas","fp32","0","1226","186","0.5756","19.831","34.5","34.7","1116000000","6.01","e2e","e2e","0","Intel(R) Core(TM) i9-7900X CPU @ 3.30GHz","","","","0","0","","","50.0","0","OPENBLAS_NUM_THREADS=10; e2e_host_memcpy=1; e2e_bw=mixed","0.034698924731182794","9,638590203106332e-09","0.0009989247311827957","0","0","0.0","","0.0","0.0","1,7927777777777776e-06","DE","0,1097399999999999","1,9673943333333312e-07","0,0783099722222222","1,4039237797839502e-07","0,02332","4,1807577777777774e-08","0,0518570416666666","9,296815192129617e-08","0,1929","3,4582683333333327e-07","0,0950131388888888","1,703374439969134e-07","0,1097399999999999","1,9673943333333312e-07","0,0783099722222222","1,4039237797839502e-07","0,1097399999999999","1,057738888888888e-09","7,547977310666399e-10","1,9673943333333315e-07","0,02332","2,2477192353643968e-10","4,998287737704096e-10","4,180757777777778e-08","0,1929","1,8592840501792114e-09","9,157927096608249e-10","3,458268333333333e-07","0,1097399999999999","1,057738888888888e-09","7,547977310666399e-10","1,9673943333333315e-07"
"2024-09-12 17:00:19+02:00","rock-ms7a95","Intel(R) Core(TM) i9-7900X CPU @ 3.30GHz","0","kernel","967","1.0","0.6226","0,6226","21,546","34.6","1","reduction","openblas","fp32","0","967","194","0.6226","21.546","34.6","33.7","15472000000","24.85","kernel","kernel","0","Intel(R) Core(TM) i9-7900X CPU @ 3.30GHz","","","","0","0","","","49.0","0","OPENBLAS_NUM_THREADS=10; e2e_host_memcpy=1; e2e_bw=mixed","0.022281282316442604","6,189245087900724e-09","0.0006438469493278181","0","0","","","","","5,9849999999999994e-06","DE","0,1097399999999999","6,567938999999993e-07","0,0783099722222222","4,6868518374999986e-07","0,02332","1,3957019999999998e-07","0,0518570416666666","3,103643943749996e-07","0,1929","1,1545064999999998e-06","0,0950131388888888","5,686536362499995e-07","0,1097399999999999","6,567938999999993e-07","0,0783099722222222","4,6868518374999986e-07","0,1097399999999999","6,792077559462247e-10","4,846796109100309e-10","6,567938999999993e-07","0,02332","1,4433319544984488e-10","3,209559404084794e-10","1,395702e-07","0,1929","1,1939053774560496e-09","5,880596031540843e-10","1,1545065e-06","0,1097399999999999","6,792077559462247e-10","4,846796109100309e-10","6,567938999999993e-07"
"2024-09-12 17:00:19+02:00","rock-ms7a95","Intel(R) Core(TM) i9-7900X CPU @ 3.30GHz","0","e2e","194","1.0","0.6226","0,3014","10,159","33.7","1","reduction","openblas","fp32","0","967","194","0.6226","21.546","34.6","33.7","1552000000","5.15","e2e","e2e","0","Intel(R) Core(TM) i9-7900X CPU @ 3.30GHz","","","","0","0","","","49.0","0","OPENBLAS_NUM_THREADS=10; e2e_host_memcpy=1; e2e_bw=mixed","0.0523659793814433","1,4546105383734251e-08","0.0015536082474226804","0","0","0.0","","0.0","0.0","2,8219444444444444e-06","DE","0,1097399999999999","3,09680183333333e-07","0,0783099722222222","2,209863910570987e-07","0,02332","6,580774444444445e-08","0,0518570416666666","1,4633769063657388e-07","0,1929","5,443530833333333e-07","0,0950131388888888","2,681217994367282e-07","0,1097399999999999","3,09680183333333e-07","0,0783099722222222","2,209863910570987e-07","0,1097399999999999","1,5962896048109953e-09","1,139105108541746e-09","3,0968018333333307e-07","0,02332","3,3921517754868275e-10","7,543179929720304e-10","6,580774444444445e-08","0,1929","2,8059437285223368e-09","1,3820711311171556e-09","5,443530833333333e-07","0,1097399999999999","1,5962896048109953e-09","1,139105108541746e-09","3,0968018333333307e-07"
"2024-09-12 17:00:25+02:00","rock-ms7a95","Intel(R) Core(TM) i9-7900X CPU @ 3.30GHz","0","kernel","693","1.0","0.7651","0,7651","26,25","34.3","1","reduction","openblas","fp32","0","693","187","0.7651","26.25","34.3","33.5","16632000000","21.74","kernel","kernel","0","Intel(R) Core(TM) i9-7900X CPU @ 3.30GHz","","","","0","0","","","49.0","0","OPENBLAS_NUM_THREADS=10; e2e_host_memcpy=1; e2e_bw=mixed","0.03787878787878788","1,0521885521885525e-08","0.0011040404040404041","0","0","","","","","7,291666666666667e-06","DE","0,1097399999999999","8,001874999999992e-07","0,0783099722222222","5,710102141203703e-07","0,02332","1,7004166666666667e-07","0,0518570416666666","3,781242621527773e-07","0,1929","1,4065625e-06","0,0950131388888888","6,928041377314809e-07","0,1097399999999999","8,001874999999992e-07","0,0783099722222222","5,710102141203703e-07","0,1097399999999999","1,1546717171717164e-09","8,239685629442574e-10","8,001874999999994e-07","0,02332","2,453703703703704e-10","5,456338559203137e-10","1,700416666666667e-07","0,1929","2,0296717171717176e-09","9,997173704638976e-10","1,4065625000000004e-06","0,1097399999999999","1,1546717171717164e-09","8,239685629442574e-10","8,001874999999994e-07"
"2024-09-12 17:00:25+02:00","rock-ms7a95","Intel(R) Core(TM) i9-7900X CPU @ 3.30GHz","0","e2e","187","1.0","0.7651","0,4585","15,375","33.5","1","reduction","openblas","fp32","0","693","187","0.7651","26.25","34.3","33.5","2244000000","4.89","e2e","e2e","0","Intel(R) Core(TM) i9-7900X CPU @ 3.30GHz","","","","0","0","","","49.0","0","OPENBLAS_NUM_THREADS=10; e2e_host_memcpy=1; e2e_bw=mixed","0.08221925133689839","2,2838680926916215e-08","0.002451871657754011","0","0","0.0","","0.0","0.0","4,270833333333333e-06","DE","0,1097399999999999","4,6868124999999954e-07","0,0783099722222222","3,34448839699074e-07","0,02332","9,959583333333333e-08","0,0518570416666666","2,214727821180553e-07","0,1929","8,238437499999999e-07","0,0950131388888888","4,057852806712959e-07","0,1097399999999999","4,6868124999999954e-07","0,0783099722222222","3,34448839699074e-07","0,1097399999999999","2,506316844919783e-09","1,788496468979005e-09","4,686812499999994e-07","0,02332","5,325980392156861e-10","1,184346428438798e-09","9,95958333333333e-08","0,1929","4,405581550802137e-09","2,1699747629481062e-09","8,238437499999997e-07","0,1097399999999999","2,506316844919783e-09","1,788496468979005e-09","4,686812499999994e-07"
"2024-09-12 17:00:32+02:00","rock-ms7a95","Intel(R) Core(TM) i9-7900X CPU @ 3.30GHz","0","kernel","501","1.0","0.8029","0,8029","27,63","34.4","1","reduction","openblas","fp32","0","501","180","0.8029","27.63","34.4","35.1","16032000000","19.97","kernel","kernel","0","Intel(R) Core(TM) i9-7900X CPU @ 3.30GHz","","","","0","0","","","49.0","0","OPENBLAS_NUM_THREADS=10; e2e_host_memcpy=1; e2e_bw=mixed","0.05514970059880239","1,5319361277445108e-08","0.0016025948103792415","0","0","","","","","7,675e-06","DE","0,1097399999999999","8,422544999999992e-07","0,0783099722222222","6,010290368055555e-07","0,02332","1,78981e-07","0,0518570416666666","3,980027947916662e-07","0,1929","1,4805075e-06","0,0950131388888888","7,292258409722216e-07","0,1097399999999999","8,422544999999992e-07","0,0783099722222222","6,010290368055555e-07","0,1097399999999999","1,6811467065868244e-09","1,1996587560989129e-09","8,42254499999999e-07","0,02332","3,5724750499001994e-10","7,944167560711898e-10","1,7898099999999998e-07","0,1929","2,9551047904191613e-09","1,4555406007429572e-09","1,4805074999999997e-06","0,1097399999999999","1,6811467065868244e-09","1,1996587560989129e-09","8,42254499999999e-07"
"2024-09-12 17:00:32+02:00","rock-ms7a95","Intel(R) Core(TM) i9-7900X CPU @ 3.30GHz","0","e2e","180","1.0","0.8029","0,6026","21,126","35.1","1","reduction","openblas","fp32","0","501","180","0.8029","27.63","34.4","35.1","2880000000","4.78","e2e","e2e","0","Intel(R) Core(TM) i9-7900X CPU @ 3.30GHz","","","","0","0","","","49.0","0","OPENBLAS_NUM_THREADS=10; e2e_host_memcpy=1; e2e_bw=mixed","0.11736666666666667","3,2601851851851855e-08","0.003347777777777778","0","0","0.0","","0.0","0.0","5,868333333333334e-06","DE","0,1097399999999999","6,439908999999994e-07","0,0783099722222222","4,59549020324074e-07","0,02332","1,3684953333333334e-07","0,0518570416666666","3,043144061805552e-07","0,1929","1,1320015e-06","0,0950131388888888","5,575687700462958e-07","0,1097399999999999","6,439908999999994e-07","0,0783099722222222","4,59549020324074e-07","0,1097399999999999","3,5777272222222193e-09","2,553050112911522e-09","6,439908999999995e-07","0,02332","7,602751851851853e-10","1,6906355898919734e-09","1,3684953333333336e-07","0,1929","6,2888972222222225e-09","3,0976042780349772e-09","1,1320015e-06","0,1097399999999999","3,5777272222222193e-09","2,553050112911522e-09","6,439908999999995e-07"
"2024-09-12 17:00:40+02:00","rock-ms7a95","Intel(R) Core(TM) i9-7900X CPU @ 3.30GHz","0","kernel","389","1.0","1.0191","1,0191","35,899","35.2","0","reduction","openblas","fp32","0","389","111","1.0191","35.899","35.2","35.2","18672000000","18.32","kernel","kernel","0","Intel(R) Core(TM) i9-7900X CPU @ 3.30GHz","","","","0","0","","","49.0","0","OPENBLAS_NUM_THREADS=10; e2e_host_memcpy=1; e2e_bw=mixed","0.0922853470437018","2,5634818623250498e-08","0.0026197943444730074","0","0","","","","","9,971944444444444e-06","DE","0,1097399999999999","1,0943211833333322e-06","0,0783099722222222","7,809026924459874e-07","0,02332","2,3254574444444446e-07","0,0518570416666666","5,171155385532401e-07","0,1929","1,923588083333333e-06","0,0950131388888888","9,474657424922831e-07","0,1097399999999999","1,0943211833333322e-06","0,0783099722222222","7,809026924459874e-07","0,1097399999999999","2,813164995715507e-09","2,007461934308451e-09","1,0943211833333322e-06","0,02332","5,978039702942016e-10","1,329345857463342e-09","2,3254574444444443e-07","0,1929","4,94495651242502e-09","2,4356445822423727e-09","1,923588083333333e-06","0,1097399999999999","2,813164995715507e-09","2,007461934308451e-09","1,0943211833333322e-06"
"2024-09-12 17:00:40+02:00","rock-ms7a95","Intel(R) Core(TM) i9-7900X CPU @ 3.30GHz","0","e2e","111","1.0","1.0191","0,5717","20,148","35.2","0","reduction","openblas","fp32","0","389","111","1.0191","35.899","35.2","35.2","2664000000","4.66","e2e","e2e","0","Intel(R) Core(TM) i9-7900X CPU @ 3.30GHz","","","","0","0","","","49.0","0","OPENBLAS_NUM_THREADS=10; e2e_host_memcpy=1; e2e_bw=mixed","0.1815135135135135","5,0420420420420415e-08","0.00515045045045045","0","0","0.0","","0.0","0.0","5,596666666666667e-06","DE","0,1097399999999999","6,141781999999994e-07","0,0783099722222222","4,382748112037036e-07","0,02332","1,3051426666666666e-07","0,0518570416666666","2,9022657652777743e-07","0,1929","1,079597e-06","0,0950131388888888","5,317568673148144e-07","0,1097399999999999","6,141781999999994e-07","0,0783099722222222","4,382748112037036e-07","0,1097399999999999","5,533136936936931e-09","3,948421722555888e-09","6,141781999999994e-07","0,02332","1,175804204204204e-09","2,614653842592589e-09","1,3051426666666666e-07","0,1929","9,726099099099097e-09","4,7906024082415705e-09","1,0795969999999997e-06","0,1097399999999999","5,533136936936931e-09","3,948421722555888e-09","6,141781999999994e-07"
"2024-09-12 17:00:48+02:00","rock-ms7a95","Intel(R) Core(TM) i9-7900X CPU @ 3.30GHz","0","kernel","276","1.0","1.0042","1,0042","35,42","35.3","0","reduction","openblas","fp32","0","276","92","1.0042","35.42","35.3","35.2","17664000000","17.59","kernel","kernel","0","Intel(R) Core(TM) i9-7900X CPU @ 3.30GHz","","","","0","0","","","49.0","0","OPENBLAS_NUM_THREADS=10; e2e_host_memcpy=1; e2e_bw=mixed","0.12833333333333333","3,5648148148148144e-08","0.003638405797101449","0","0","","","","","9,83888888888889e-06","DE","0,1097399999999999","1,0797196666666657e-06","0,0783099722222222","7,704831155864196e-07","0,02332","2,294428888888889e-07","0,0518570416666666","5,102156710648142e-07","0,1929","1,8979216666666667e-06","0,0950131388888888","9,348237165123449e-07","0,1097399999999999","1,0797196666666657e-06","0,0783099722222222","7,704831155864196e-07","0,1097399999999999","3,912027777777773e-09","2,791605491255143e-09","1,0797196666666655e-06","0,02332","8,313148148148148e-10","1,8486075038580222e-09","2,2944288888888888e-07","0,1929","6,8765277777777765e-09","3,387042451131684e-09","1,8979216666666663e-06","0,1097399999999999","3,912027777777773e-09","2,791605491255143e-09","1,0797196666666655e-06"
"2024-09-12 17:00:48+02:00","rock-ms7a95","Intel(R) Core(TM) i9-7900X CPU @ 3.30GHz","0","e2e","92","1.0","1.0042","0,6414","22,577","35.2","0","reduction","openblas","fp32","0","276","92","1.0042","35.42","35.3","35.2","2944000000","4.59","e2e","e2e","0","Intel(R) Core(TM) i9-7900X CPU @ 3.30GHz","","","","0","0","","","49.0","0","OPENBLAS_NUM_THREADS=10; e2e_host_memcpy=1; e2e_bw=mixed","0.2454021739130435","6,816727053140097e-08","0.006971739130434782","0","0","0.0","","0.0","0.0","6,271388888888889e-06","DE","0,1097399999999999","6,88222216666666e-07","0,0783099722222222","4,911122896836419e-07","0,02332","1,462487888888889e-07","0,0518570416666666","3,252156749189811e-07","0,1929","1,2097509166666667e-06","0,0950131388888888","5,958643435262341e-07","0,1097399999999999","6,88222216666666e-07","0,0783099722222222","4,911122896836419e-07","0,1097399999999999","7,480676268115935e-09","5,338177061778717e-09","6,88222216666666e-07","0,02332","1,5896607487922707e-09","3,534952988249795e-09","1,462487888888889e-07","0,1929","1,3149466485507247e-08","6,476786342676458e-09","1,2097509166666667e-06","0,1097399999999999","7,480676268115935e-09","5,338177061778717e-09","6,88222216666666e-07"
"2024-09-12 17:00:57+02:00","rock-ms7a95","Intel(R) Core(TM) i9-7900X CPU @ 3.30GHz","0","kernel","182","1.0","1.0351","1,0351","36,605","35.4","0","reduction","openblas","fp32","0","182","55","1.0351","36.605","35.4","35.2","17472000000","16.88","kernel","kernel","0","Intel(R) Core(TM) i9-7900X CPU @ 3.30GHz","","","","0","0","","","49.0","0","OPENBLAS_NUM_THREADS=10; e2e_host_memcpy=1; e2e_bw=mixed","0.20112637362637362","5,586843711843712e-08","0.005687362637362637","0","0","","","","","1,0168055555555554e-05","DE","0,1097399999999999","1,1158424166666654e-06","0,0783099722222222","7,962601481095676e-07","0,02332","2,3711905555555552e-07","0,0518570416666666","5,272852806134253e-07","0,1929","1,9614179166666663e-06","0,0950131388888888","9,660988747299373e-07","0,1097399999999999","1,1158424166666654e-06","0,0783099722222222","7,962601481095676e-07","0,1097399999999999","6,131002289377284e-09","4,375055758843779e-09","1,1158424166666656e-06","0,02332","1,3028519536019537e-09","2,8971718715023367e-09","2,3711905555555558e-07","0,1929","1,077702152014652e-08","5,308235575439217e-09","1,9614179166666668e-06","0,1097399999999999","6,131002289377284e-09","4,375055758843779e-09","1,1158424166666656e-06"
"2024-09-12 17:00:57+02:00","rock-ms7a95","Intel(R) Core(TM) i9-7900X CPU @ 3.30GHz","0","e2e","55","1.0","1.0351","0,5847","20,575","35.2","0","reduction","openblas","fp32","0","182","55","1.0351","36.605","35.4","35.2","2640000000","4.52","e2e","e2e","0","Intel(R) Core(TM) i9-7900X CPU @ 3.30GHz","","","","0","0","","","49.0","0","OPENBLAS_NUM_THREADS=10; e2e_host_memcpy=1; e2e_bw=mixed","0.3740909090909091","1,0391414141414143e-07","0.01063090909090909","0","0","0.0","","0.0","0.0","5,715277777777777e-06","DE","0,1097399999999999","6,271945833333327e-07","0,0783099722222222","4,475632440200616e-07","0,02332","1,3328027777777777e-07","0,0518570416666666","2,963773978587959e-07","0,1929","1,102477083333333e-06","0,0950131388888888","5,430264812885797e-07","0,1097399999999999","6,271945833333327e-07","0,0783099722222222","4,475632440200616e-07","0,1097399999999999","1,1403537878787869e-08","8,137513527637486e-09","6,271945833333328e-07","0,02332","2,423277777777778e-09","5,3886799610690175e-09","1,332802777777778e-07","0,1929","2,0045037878787882e-08","9,873208750701452e-09","1,1024770833333335e-06","0,1097399999999999","1,1403537878787869e-08","8,137513527637486e-09","6,271945833333328e-07"
"2024-09-12 17:01:05+02:00","rock-ms7a95","Intel(R) Core(TM) i9-7900X CPU @ 3.30GHz","0","kernel","135","1.0","1.0425","1,0425","36,685","35.2","0","reduction","openblas","fp32","0","135","46","1.0425","36.685","35.2","34.4","17280000000","16.57","kernel","kernel","0","Intel(R) Core(TM) i9-7900X CPU @ 3.30GHz","","","","0","0","","","49.0","0","OPENBLAS_NUM_THREADS=10; e2e_host_memcpy=1; e2e_bw=mixed","0.2717407407407408","7,548353909465021e-08","0.007722222222222222","0","0","","","","","1,0190277777777779e-05","DE","0,1097399999999999","1,1182810833333323e-06","0,0783099722222222","7,980003697145061e-07","0,02332","2,376372777777778e-07","0,0518570416666666","5,28437659317129e-07","0,1929","1,965704583333333e-06","0,0950131388888888","9,682102778163572e-07","0,1097399999999999","1,1182810833333323e-06","0,0783099722222222","7,980003697145061e-07","0,1097399999999999","8,283563580246907e-09","5,911113849737082e-09","1,1182810833333325e-06","0,02332","1,760276131687243e-09","3,914353031978733e-09","2,376372777777778e-07","0,1929","1,4560774691358025e-08","7,1719279838248684e-09","1,9657045833333336e-06","0,1097399999999999","8,283563580246907e-09","5,911113849737082e-09","1,1182810833333325e-06"
"2024-09-12 17:01:05+02:00","rock-ms7a95","Intel(R) Core(TM) i9-7900X CPU @ 3.30GHz","0","e2e","46","1.0","1.0425","0,657","22,596","34.4","0","reduction","openblas","fp32","0","135","46","1.0425","36.685","35.2","34.4","2944000000","4.48","e2e","e2e","0","Intel(R) Core(TM) i9-7900X CPU @ 3.30GHz","","","","0","0","","","49.0","0","OPENBLAS_NUM_THREADS=10; e2e_host_memcpy=1; e2e_bw=mixed","0.49121739130434783","1,3644927536231884e-07","0.014282608695652175","0","0","0.0","","0.0","0.0","6,276666666666667e-06","DE","0,1097399999999999","6,888013999999993e-07","0,0783099722222222","4,915255923148147e-07","0,02332","1,4637186666666668e-07","0,0518570416666666","3,2548936486111075e-07","0,1929","1,210769e-06","0,0950131388888888","5,963658017592588e-07","0,1097399999999999","6,888013999999993e-07","0,0783099722222222","4,915255923148147e-07","0,1097399999999999","1,4973943478260856e-08","1,0685338963365537e-08","6,888013999999993e-07","0,02332","3,1819971014492753e-09","7,075855757850233e-09","1,4637186666666668e-07","0,1929","2,6321065217391302e-08","1,2964473951288234e-08","1,210769e-06","0,1097399999999999","1,4973943478260856e-08","1,0685338963365537e-08","6,888013999999993e-07"
"2024-09-12 17:01:13+02:00","rock-ms7a95","Intel(R) Core(TM) i9-7900X CPU @ 3.30GHz","0","kernel","89","1.0","1.0517","1,0517","35,198","33.5","0","reduction","openblas","fp32","0","89","27","1.0517","35.198","33.5","33.5","17088000000","16.25","kernel","kernel","0","Intel(R) Core(TM) i9-7900X CPU @ 3.30GHz","","","","0","0","","","49.0","0","OPENBLAS_NUM_THREADS=10; e2e_host_memcpy=1; e2e_bw=mixed","0.39548314606741575","1,0985642946317104e-07","0.01181685393258427","0","0","","","","","9,777222222222223e-06","DE","0,1097399999999999","1,0729523666666657e-06","0,0783099722222222","7,65654000632716e-07","0,02332","2,2800482222222224e-07","0,0518570416666666","5,070178201620365e-07","0,1929","1,8860261666666667e-06","0,0950131388888888","9,289645729475302e-07","0,1097399999999999","1,0729523666666657e-06","0,0783099722222222","7,65654000632716e-07","0,1097399999999999","1,2055644569288378e-08","8,602853939693437e-09","1,0729523666666657e-06","0,02332","2,5618519350811487e-09","5,6968294400228815e-09","2,2800482222222224e-07","0,1929","2,1191305243445692e-08","1,0437804190421686e-08","1,8860261666666667e-06","0,1097399999999999","1,2055644569288378e-08","8,602853939693437e-09","1,0729523666666657e-06"
"2024-09-12 17:01:13+02:00","rock-ms7a95","Intel(R) Core(TM) i9-7900X CPU @ 3.30GHz","0","e2e","27","1.0","1.0517","0,5836","19,546","33.5","0","reduction","openblas","fp32","0","89","27","1.0517","35.198","33.5","33.5","2592000000","4.44","e2e","e2e","0","Intel(R) Core(TM) i9-7900X CPU @ 3.30GHz","","","","0","0","","","49.0","0","OPENBLAS_NUM_THREADS=10; e2e_host_memcpy=1; e2e_bw=mixed","0.7239259259259259","2,0109053497942387e-07","0.021614814814814816","0","0","0.0","","0.0","0.0","5,429444444444444e-06","DE","0,1097399999999999","5,958272333333327e-07","0,0783099722222222","4,251796436265431e-07","0,02332","1,2661464444444444e-07","0,0518570416666666","2,8155492678240704e-07","0,1929","1,0473398333333332e-06","0,0950131388888888","5,158685590895056e-07","0,1097399999999999","5,958272333333327e-07","0,0783099722222222","4,251796436265431e-07","0,1097399999999999","2,2067675308641953e-08","1,5747394208390485e-08","5,958272333333327e-07","0,02332","4,6894312757201645e-09","1,0427960251200261e-08","1,2661464444444444e-07","0,1929","3,8790364197530865e-08","1,9106242929240953e-08","1,0473398333333334e-06","0,1097399999999999","2,2067675308641953e-08","1,5747394208390485e-08","5,958272333333327e-07"
"2024-09-12 17:01:22+02:00","rock-ms7a95","Intel(R) Core(TM) i9-7900X CPU @ 3.30GHz","0","kernel","66","1.0","1.051","1,051","35,362","33.6","0","reduction","openblas","fp32","0","66","23","1.051","35.362","33.6","33.7","16896000000","16.08","kernel","kernel","0","Intel(R) Core(TM) i9-7900X CPU @ 3.30GHz","","","","0","0","","","49.0","0","OPENBLAS_NUM_THREADS=10; e2e_host_memcpy=1; e2e_bw=mixed","0.5357878787878788","1,4882996632996634e-07","0.015924242424242424","0","0","","","","","9,822777777777779e-06","DE","0,1097399999999999","1,0779516333333323e-06","0,0783099722222222","7,692214549228394e-07","0,02332","2,2906717777777782e-07","0,0518570416666666","5,093801965046291e-07","0,1929","1,8948138333333335e-06","0,0950131388888888","9,332929492746906e-07","0,1097399999999999","1,0779516333333323e-06","0,0783099722222222","7,692214549228394e-07","0,1097399999999999","1,633260050505049e-08","1,165487052913393e-08","1,0779516333333325e-06","0,02332","3,4707148148148153e-09","7,717881765221653e-09","2,2906717777777782e-07","0,1929","2,8709300505050504e-08","1,4140802261737737e-08","1,8948138333333332e-06","0,1097399999999999","1,633260050505049e-08","1,165487052913393e-08","1,0779516333333325e-06"
"2024-09-12 17:01:22+02:00","rock-ms7a95","Intel(R) Core(TM) i9-7900X CPU @ 3.30GHz","0","e2e","23","1.0","1.051","0,6603","22,223","33.7","0","reduction","openblas","fp32","0","66","23","1.051","35.362","33.6","33.7","2944000000","4.46","e2e","e2e","0","Intel(R) Core(TM) i9-7900X CPU @ 3.30GHz","","","","0","0","","","49.0","0","OPENBLAS_NUM_THREADS=10; e2e_host_memcpy=1; e2e_bw=mixed","0.9662173913043478","2,683937198067633e-07","0.02870869565217391","0","0","0.0","","0.0","0.0","6,173055555555555e-06","DE","0,1097399999999999","6,77431116666666e-07","0,0783099722222222","4,8341180908179e-07","0,02332","1,4395565555555556e-07","0,0518570416666666","3,201163991550922e-07","0,1929","1,1907824166666667e-06","0,0950131388888888","5,865213848688267e-07","0,1097399999999999","6,77431116666666e-07","0,0783099722222222","4,8341180908179e-07","0,1097399999999999","2,9453526811594175e-08","2,101790474268652e-08","6,77431116666666e-07","0,02332","6,2589415458937195e-09","1,3918104311090964e-08","1,4395565555555556e-07","0,1929","5,1773148550724633e-08","2,5500929776905506e-08","1,1907824166666667e-06","0,1097399999999999","2,9453526811594175e-08","2,101790474268652e-08","6,77431116666666e-07"
"2024-09-12 17:01:30+02:00","rock-ms7a95","Intel(R) Core(TM) i9-7900X CPU @ 3.30GHz","0","kernel","45","1.0","1.0837","1,0837","38,354","35.4","0","reduction","openblas","fp32","0","45","14","1.0837","38.354","35.4","35.4","17280000000","15.95","kernel","kernel","0","Intel(R) Core(TM) i9-7900X CPU @ 3.30GHz","","","","0","0","","","49.0","0","OPENBLAS_NUM_THREADS=10; e2e_host_memcpy=1; e2e_bw=mixed","0.8523111111111111","2,367530864197531e-07","0.024082222222222224","0","0","","","","","1,065388888888889e-05","DE","0,1097399999999999","1,1691577666666656e-06","0,0783099722222222","8,343057429475307e-07","0,02332","2,484486888888889e-07","0,0518570416666666","5,524791600231475e-07","0,1929","2,0551351666666665e-06","0,0950131388888888","1,0122594247067893e-06","0,1097399999999999","1,1691577666666656e-06","0,0783099722222222","8,343057429475307e-07","0,1097399999999999","2,598128370370368e-08","1,854012762105624e-08","1,1691577666666656e-06","0,02332","5,521081975308642e-09","1,2277314667181056e-08","2,484486888888889e-07","0,1929","4,566967037037037e-08","2,2494653882373097e-08","2,0551351666666665e-06","0,1097399999999999","2,598128370370368e-08","1,854012762105624e-08","1,1691577666666656e-06"
"2024-09-12 17:01:30+02:00","rock-ms7a95","Intel(R) Core(TM) i9-7900X CPU @ 3.30GHz","0","e2e","14","1.0","1.0837","0,6061","21,433","35.4","0","reduction","openblas","fp32","0","45","14","1.0837","38.354","35.4","35.4","2688000000","4.43","e2e","e2e","0","Intel(R) Core(TM) i9-7900X CPU @ 3.30GHz","","","","0","0","","","49.0","0","OPENBLAS_NUM_THREADS=10; e2e_host_memcpy=1; e2e_bw=mixed","1.5309285714285714","4,252579365079365e-07","0.04329285714285714","0","0","0.0","","0.0","0.0","5,9536111111111115e-06","DE","0,1097399999999999","6,533492833333328e-07","0,0783099722222222","4,6622712073302464e-07","0,02332","1,3883821111111112e-07","0,0518570416666666","3,0873665945601813e-07","0,1929","1,1484515833333334e-06","0,0950131388888888","5,656712793904316e-07","0,1097399999999999","6,533492833333328e-07","0,0783099722222222","4,6622712073302464e-07","0,1097399999999999","4,666780595238091e-08","3,330193719521604e-08","6,533492833333328e-07","0,02332","9,91701507936508e-09","2,2052618532572723e-08","1,3883821111111112e-07","0,1929","8,203225595238095e-08","4,0405091385030826e-08","1,1484515833333332e-06","0,1097399999999999","4,666780595238091e-08","3,330193719521604e-08","6,533492833333328e-07"
"2024-09-12 17:01:39+02:00","rock-ms7a95","Intel(R) Core(TM) i9-7900X CPU @ 3.30GHz","0","kernel","33","1.0","1.0646","1,0646","37,647","35.4","0","reduction","openblas","fp32","0","33","12","1.0646","37.647","35.4","35.3","16896000000","15.87","kernel","kernel","0","Intel(R) Core(TM) i9-7900X CPU @ 3.30GHz","","","","0","0","","","50.0","0","OPENBLAS_NUM_THREADS=10; e2e_host_memcpy=1; e2e_bw=mixed","1.1408181818181817","3,168939393939394e-07","0.03226060606060606","0","0","","","","","1,04575e-05","DE","0,1097399999999999","1,147606049999999e-06","0,0783099722222222","8,189265345138887e-07","0,02332","2,438689e-07","0,0518570416666666","5,422950132291659e-07","0,1929","2,01725175e-06","0,0950131388888888","9,935998999305547e-07","0,1097399999999999","1,147606049999999e-06","0,0783099722222222","8,189265345138887e-07","0,1097399999999999","3,4775940909090876e-08","2,481595559132996e-08","1,147606049999999e-06","0,02332","7,3899666666666666e-09","1,6433182219065637e-08","2,438689e-07","0,1929","6,11288409090909e-08","3,0109087876683474e-08","2,01725175e-06","0,1097399999999999","3,4775940909090876e-08","2,481595559132996e-08","1,147606049999999e-06"
"2024-09-12 17:01:39+02:00","rock-ms7a95","Intel(R) Core(TM) i9-7900X CPU @ 3.30GHz","0","e2e","12","1.0","1.0646","0,694","24,491","35.3","0","reduction","openblas","fp32","0","33","12","1.0646","37.647","35.4","35.3","3072000000","4.43","e2e","e2e","0","Intel(R) Core(TM) i9-7900X CPU @ 3.30GHz","","","","0","0","","","50.0","0","OPENBLAS_NUM_THREADS=10; e2e_host_memcpy=1; e2e_bw=mixed","2.0409166666666665","5,669212962962962e-07","0.05783333333333333","0","0","0.0","","0.0","0.0","6,803055555555555e-06","DE","0,1097399999999999","7,46567316666666e-07","0,0783099722222222","5,3274709158179e-07","0,02332","1,5864725555555555e-07","0,0518570416666666","3,5278633540509215e-07","0,1929","1,3123094166666666e-06","0,0950131388888888","6,463796623688266e-07","0,1097399999999999","7,46567316666666e-07","0,0783099722222222","5,3274709158179e-07","0,1097399999999999","6,221394305555548e-08","4,439559096514916e-08","7,465673166666658e-07","0,02332","1,3220604629629629e-08","2,9398861283757678e-08","1,5864725555555555e-07","0,1929","1,0935911805555554e-07","5,386497186406888e-08","1,3123094166666666e-06","0,1097399999999999","6,221394305555548e-08","4,439559096514916e-08","7,465673166666658e-07"
"2024-09-12 17:01:48+02:00","rock-ms7a95","Intel(R) Core(TM) i9-7900X CPU @ 3.30GHz","0","kernel","22","1.0","1.0692","1,0692","37,76","35.3","0","reduction","openblas","fp32","0","22","7","1.0692","37.76","35.3","34.7","16896000000","15.8","kernel","kernel","0","Intel(R) Core(TM) i9-7900X CPU @ 3.30GHz","","","","0","0","","","49.0","0","OPENBLAS_NUM_THREADS=10; e2e_host_memcpy=1; e2e_bw=mixed","1.7163636363636363","4,7676767676767685e-07","0.0486","0","0","","","","","1,0488888888888888e-05","DE","0,1097399999999999","1,1510506666666654e-06","0,0783099722222222","8,213845975308639e-07","0,02332","2,4460088888888887e-07","0,0518570416666666","5,439227481481475e-07","0,1929","2,0233066666666666e-06","0,0950131388888888","9,965822567901226e-07","0,1097399999999999","1,1510506666666654e-06","0,0783099722222222","8,213845975308639e-07","0,1097399999999999","5,2320484848484805e-08","3,733566352413019e-08","1,1510506666666656e-06","0,02332","1,1118222222222224e-08","2,4723761279461253e-08","2,446008888888889e-07","0,1929","9,196848484848486e-08","4,529919349046013e-08","2,023306666666667e-06","0,1097399999999999","5,2320484848484805e-08","3,733566352413019e-08","1,1510506666666656e-06"
"2024-09-12 17:01:48+02:00","rock-ms7a95","Intel(R) Core(TM) i9-7900X CPU @ 3.30GHz","0","e2e","7","1.0","1.0692","0,6083","21,109","34.7","0","reduction","openblas","fp32","0","22","7","1.0692","37.76","35.3","34.7","2688000000","4.42","e2e","e2e","0","Intel(R) Core(TM) i9-7900X CPU @ 3.30GHz","","","","0","0","","","49.0","0","OPENBLAS_NUM_THREADS=10; e2e_host_memcpy=1; e2e_bw=mixed","3.015571428571429","8,376587301587303e-07","0.08689999999999999","0","0","0.0","","0.0","0.0","5,8636111111111115e-06","DE","0,1097399999999999","6,434726833333327e-07","0,0783099722222222","4,5917922323302464e-07","0,02332","1,3673941111111113e-07","0,0518570416666666","3,040695257060182e-07","0,1929","1,1310905833333334e-06","0,0950131388888888","5,571200968904316e-07","0,1097399999999999","6,434726833333327e-07","0,0783099722222222","4,5917922323302464e-07","0,1097399999999999","9,192466904761898e-08","6,559703189043209e-08","6,434726833333328e-07","0,02332","1,9534201587301593e-08","4,3438503672288316e-08","1,3673941111111116e-07","0,1929","1,6158436904761907e-07","7,958858527006167e-08","1,1310905833333334e-06","0,1097399999999999","9,192466904761898e-08","6,559703189043209e-08","6,434726833333328e-07"
"2024-09-12 17:01:57+02:00","rock-ms7a95","Intel(R) Core(TM) i9-7900X CPU @ 3.30GHz","0","kernel","17","1.0","1.1041","1,1041","37,074","33.6","0","reduction","openblas","fp32","0","17","6","1.1041","37.074","33.6","33.6","17408000000","15.77","kernel","kernel","0","Intel(R) Core(TM) i9-7900X CPU @ 3.30GHz","","","","0","0","","","49.0","0","OPENBLAS_NUM_THREADS=10; e2e_host_memcpy=1; e2e_bw=mixed","2.1808235294117644","6,057843137254901e-07","0.06494705882352941","0","0","","","","","1,0298333333333333e-05","DE","0,1097399999999999","1,1301390999999989e-06","0,0783099722222222","8,064621972685182e-07","0,02332","2,4015713333333333e-07","0,0518570416666666","5,340411007638882e-07","0,1929","1,9865484999999997e-06","0,0950131388888888","9,784769753240732e-07","0,1097399999999999","1,1301390999999989e-06","0,0783099722222222","8,064621972685182e-07","0,1097399999999999","6,647877058823522e-08","4,7438952780501074e-08","1,1301390999999987e-06","0,02332","1,412689019607843e-08","3,141418239787577e-08","2,4015713333333333e-07","0,1929","1,1685579411764703e-07","5,755746913671018e-08","1,9865484999999997e-06","0,1097399999999999","6,647877058823522e-08","4,7438952780501074e-08","1,1301390999999987e-06"
"2024-09-12 17:01:57+02:00","rock-ms7a95","Intel(R) Core(TM) i9-7900X CPU @ 3.30GHz","0","e2e","6","1.0","1.1041","0,6961","23,423","33.6","0","reduction","openblas","fp32","0","17","6","1.1041","37.074","33.6","33.6","3072000000","4.41","e2e","e2e","0","Intel(R) Core(TM) i9-7900X CPU @ 3.30GHz","","","","0","0","","","49.0","0","OPENBLAS_NUM_THREADS=10; e2e_host_memcpy=1; e2e_bw=mixed","3.903833333333333","1,084398148148148e-06","0.11601666666666667","0","0","0.0","","0.0","0.0","6,506388888888889e-06","DE","0,1097399999999999","7,140111166666659e-07","0,0783099722222222","5,09515133155864e-07","0,02332","1,517289888888889e-07","0,0518570416666666","3,3740207971064774e-07","0,1929","1,2550824166666666e-06","0,0950131388888888","6,181924311651229e-07","0,1097399999999999","7,140111166666659e-07","0,0783099722222222","5,09515133155864e-07","0,1097399999999999","1,1900185277777764e-07","8,491918885931066e-08","7,140111166666659e-07","0,02332","2,5288164814814812e-08","5,623367995177461e-08","1,5172898888888887e-07","0,1929","2,0918040277777773e-07","1,030320718608538e-07","1,2550824166666664e-06","0,1097399999999999","1,1900185277777764e-07","8,491918885931066e-08","7,140111166666659e-07"
"2024-09-12 17:02:07+02:00","rock-ms7a95","Intel(R) Core(TM) i9-7900X CPU @ 3.30GHz","0","kernel","13","1.0","1.037","1,037","34,93","33.7","0","reduction","openblas","fp32","0","13","5","1.037","34.93","33.7","33.6","16640000000","16.05","kernel","kernel","0","Intel(R) Core(TM) i9-7900X CPU @ 3.30GHz","","","","0","0","","","49.0","0","OPENBLAS_NUM_THREADS=10; e2e_host_memcpy=1; e2e_bw=mixed","2.686923076923077","7,463675213675213e-07","0.07976923076923076","0","0","","","","","9,702777777777779e-06","DE","0,1097399999999999","1,0647828333333323e-06","0,0783099722222222","7,598242582561728e-07","0,02332","2,262687777777778e-07","0,0518570416666666","5,031573515046291e-07","0,1929","1,8716658333333334e-06","0,0950131388888888","9,218913726080239e-07","0,1097399999999999","1,0647828333333323e-06","0,0783099722222222","7,598242582561728e-07","0,1097399999999999","8,190637179487171e-08","5,844801986585943e-08","1,0647828333333323e-06","0,02332","1,7405290598290598e-08","3,870441165420223e-08","2,2626877777777777e-07","0,1929","1,4397429487179487e-07","7,091472096984799e-08","1,8716658333333334e-06","0,1097399999999999","8,190637179487171e-08","5,844801986585943e-08","1,0647828333333323e-06"
"2024-09-12 17:02:07+02:00","rock-ms7a95","Intel(R) Core(TM) i9-7900X CPU @ 3.30GHz","0","e2e","5","1.0","1.037","0,7249","24,36","33.6","0","reduction","openblas","fp32","0","13","5","1.037","34.93","33.7","33.6","3200000000","4.41","e2e","e2e","0","Intel(R) Core(TM) i9-7900X CPU @ 3.30GHz","","","","0","0","","","49.0","0","OPENBLAS_NUM_THREADS=10; e2e_host_memcpy=1; e2e_bw=mixed","4.872","1,3533333333333332e-06","0.14498","0","0","0.0","","0.0","0.0","6,7666666666666665e-06","DE","0,1097399999999999","7,425739999999993e-07","0,0783099722222222","5,298974787037036e-07","0,02332","1,5779866666666668e-07","0,0518570416666666","3,5089931527777736e-07","0,1929","1,30529e-06","0,0950131388888888","6,429222398148143e-07","0,1097399999999999","7,425739999999993e-07","0,0783099722222222","5,298974787037036e-07","0,1097399999999999","1,4851479999999983e-07","1,0597949574074071e-07","7,425739999999992e-07","0,02332","3,155973333333333e-08","7,017986305555546e-08","1,5779866666666665e-07","0,1929","2,61058e-07","1,2858444796296284e-07","1,30529e-06","0,1097399999999999","1,4851479999999983e-07","1,0597949574074071e-07","7,425739999999992e-07"
"2024-09-12 17:02:17+02:00","rock-ms7a95","Intel(R) Core(TM) i9-7900X CPU @ 3.30GHz","0","kernel","11","1.0","1.0735","1,0735","36,066","33.6","0","reduction","openblas","fp32","0","11","5","1.0735","36.066","33.6","33.6","16896000000","15.74","kernel","kernel","0","Intel(R) Core(TM) i9-7900X CPU @ 3.30GHz","","","","0","0","","","50.0","0","OPENBLAS_NUM_THREADS=10; e2e_host_memcpy=1; e2e_bw=mixed","3.278727272727273","9,10757575757576e-07","0.09759090909090908","0","0","","","","","1,0018333333333334e-05","DE","0,1097399999999999","1,099411899999999e-06","0,0783099722222222","7,845354050462961e-07","0,02332","2,3362753333333336e-07","0,0518570416666666","5,195211290972216e-07","0,1929","1,9325365e-06","0,0950131388888888","9,518732964351844e-07","0,1097399999999999","1,099411899999999e-06","0,0783099722222222","7,845354050462961e-07","0,1097399999999999","9,994653636363629e-08","7,132140045875421e-08","1,0994118999999991e-06","0,02332","2,123886666666667e-08","4,7229193554292886e-08","2,3362753333333338e-07","0,1929","1,756851363636364e-07","8,653393603956224e-08","1,9325365000000004e-06","0,1097399999999999","9,994653636363629e-08","7,132140045875421e-08","1,0994118999999991e-06"
"2024-09-12 17:02:17+02:00","rock-ms7a95","Intel(R) Core(TM) i9-7900X CPU @ 3.30GHz","0","e2e","5","1.0","1.0735","0,8696","29,247","33.6","0","reduction","openblas","fp32","0","11","5","1.0735","36.066","33.6","33.6","3840000000","4.42","e2e","e2e","0","Intel(R) Core(TM) i9-7900X CPU @ 3.30GHz","","","","0","0","","","50.0","0","OPENBLAS_NUM_THREADS=10; e2e_host_memcpy=1; e2e_bw=mixed","5.8494","1,6248333333333333e-06","0.17392000000000002","0","0","0.0","","0.0","0.0","8,124166666666666e-06","DE","0,1097399999999999","8,915460499999991e-07","0,0783099722222222","6,362032659953702e-07","0,02332","1,8945556666666664e-07","0,0518570416666666","4,2129524934027724e-07","0,1929","1,5671517499999997e-06","0,0950131388888888","7,719025758564807e-07","0,1097399999999999","8,915460499999991e-07","0,0783099722222222","6,362032659953702e-07","0,1097399999999999","1,7830920999999982e-07","1,2724065319907403e-07","8,915460499999991e-07","0,02332","3,789111333333333e-08","8,425904986805545e-08","1,8945556666666666e-07","0,1929","3,1343034999999997e-07","1,5438051517129616e-07","1,5671517499999999e-06","0,1097399999999999","1,7830920999999982e-07","1,2724065319907403e-07","8,915460499999991e-07"
"2024-09-12 17:02:27+02:00","rock-ms7a95","Intel(R) Core(TM) i9-7900X CPU @ 3.30GHz","0","kernel","9","1.0","1.1717","1,1717","39,336","33.6","0","reduction","openblas","fp32","0","9","3","1.1717","39.336","33.6","33.6","18432000000","15.73","kernel","kernel","0","Intel(R) Core(TM) i9-7900X CPU @ 3.30GHz","","","","0","0","","","50.0","0","OPENBLAS_NUM_THREADS=10; e2e_host_memcpy=1; e2e_bw=mixed","4.370666666666667","1,214074074074074e-06","0.13018888888888888","0","0","","","","","1,0926666666666667e-05","DE","0,1097399999999999","1,1990923999999988e-06","0,0783099722222222","8,556669631481479e-07","0,02332","2,548098666666667e-07","0,0518570416666666","5,666246086111105e-07","0,1929","2,107754e-06","0,0950131388888888","1,0381768975925917e-06","0,1097399999999999","1,1990923999999988e-06","0,0783099722222222","8,556669631481479e-07","0,1097399999999999","1,3323248888888874e-07","9,507410701646088e-08","1,1990923999999988e-06","0,02332","2,8312207407407408e-08","6,295828984567893e-08","2,548098666666667e-07","0,1929","2,3419488888888887e-07","1,1535298862139908e-07","2,107754e-06","0,1097399999999999","1,3323248888888874e-07","9,507410701646088e-08","1,1990923999999988e-06"
"2024-09-12 17:02:27+02:00","rock-ms7a95","Intel(R) Core(TM) i9-7900X CPU @ 3.30GHz","0","e2e","3","1.0","1.1717","0,6954","23,365","33.6","0","reduction","openblas","fp32","0","9","3","1.1717","39.336","33.6","33.6","3072000000","4.42","e2e","e2e","0","Intel(R) Core(TM) i9-7900X CPU @ 3.30GHz","","","","0","0","","","50.0","0","OPENBLAS_NUM_THREADS=10; e2e_host_memcpy=1; e2e_bw=mixed","7.788333333333333","2,163425925925926e-06","0.2318","0","0","0.0","","0.0","0.0","6,4902777777777775e-06","DE","0,1097399999999999","7,122430833333326e-07","0,0783099722222222","5,082534724922839e-07","0,02332","1,5135327777777778e-07","0,0518570416666666","3,3656660515046256e-07","0,1929","1,2519745833333331e-06","0,0950131388888888","6,166616639274686e-07","0,1097399999999999","7,122430833333326e-07","0,0783099722222222","5,082534724922839e-07","0,1097399999999999","2,3741436111111087e-07","1,694178241640946e-07","7,122430833333326e-07","0,02332","5,045109259259259e-08","1,1218886838348751e-07","1,5135327777777778e-07","0,1929","4,1732486111111107e-07","2,0555388797582285e-07","1,2519745833333331e-06","0,1097399999999999","2,3741436111111087e-07","1,694178241640946e-07","7,122430833333326e-07"
"2024-09-12 17:02:38+02:00","rock-ms7a95","Intel(R) Core(TM) i9-7900X CPU @ 3.30GHz","0","kernel","6","1.0","1.1731","1,1731","39,451","33.6","0","reduction","openblas","fp32","0","6","2","1.1731","39.451","33.6","33.5","18432000000","15.71","kernel","kernel","0","Intel(R) Core(TM) i9-7900X CPU @ 3.30GHz","","","","0","0","","","49.0","0","OPENBLAS_NUM_THREADS=10; e2e_host_memcpy=1; e2e_bw=mixed","6.575166666666667","1,8264351851851852e-06","0.19551666666666667","0","0","","","","","1,0958611111111111e-05","DE","0,1097399999999999","1,2025979833333322e-06","0,0783099722222222","8,581685317052467e-07","0,02332","2,555548111111111e-07","0,0518570416666666","5,682811529976845e-07","0,1929","2,113916083333333e-06","0,0950131388888888","1,04121203952932e-06","0,1097399999999999","1,2025979833333322e-06","0,0783099722222222","8,581685317052467e-07","0,1097399999999999","2,0043299722222203e-07","1,4302808861754113e-07","1,2025979833333322e-06","0,02332","4,2592468518518516e-08","9,471352549961408e-08","2,555548111111111e-07","0,1929","3,523193472222222e-07","1,7353533992155335e-07","2,113916083333333e-06","0,1097399999999999","2,0043299722222203e-07","1,4302808861754113e-07","1,2025979833333322e-06"
"2024-09-12 17:02:38+02:00","rock-ms7a95","Intel(R) Core(TM) i9-7900X CPU @ 3.30GHz","0","e2e","2","1.0","1.1731","0,6956","23,317","33.5","0","reduction","openblas","fp32","0","6","2","1.1731","39.451","33.6","33.5","3072000000","4.42","e2e","e2e","0","Intel(R) Core(TM) i9-7900X CPU @ 3.30GHz","","","","0","0","","","49.0","0","OPENBLAS_NUM_THREADS=10; e2e_host_memcpy=1; e2e_bw=mixed","11.6585","3,2384722222222223e-06","0.3478","0","0","0.0","","0.0","0.0","6,476944444444445e-06","DE","0,1097399999999999","7,107798833333327e-07","0,0783099722222222","5,072093395293209e-07","0,02332","1,5104234444444445e-07","0,0518570416666666","3,358751779282403e-07","0,1929","1,2494025833333333e-06","0,0950131388888888","6,153948220756168e-07","0,1097399999999999","7,107798833333327e-07","0,0783099722222222","5,072093395293209e-07","0,1097399999999999","3,5538994166666634e-07","2,5360466976466047e-07","7,107798833333327e-07","0,02332","7,552117222222222e-08","1,6793758896412016e-07","1,5104234444444445e-07","0,1929","6,247012916666667e-07","3,076974110378084e-07","1,2494025833333333e-06","0,1097399999999999","3,5538994166666634e-07","2,5360466976466047e-07","7,107798833333327e-07"
"2024-09-12 17:03:02+02:00","rock-ms7a95","Intel(R) Core(TM) i9-7900X CPU @ 3.30GHz","0","kernel","744","1.0","0.2311","0,2311","8,407","36.4","1","reduction","openblas","fp32","0","744","162","0.2311","8.407","36.4","36.2","5952000000","25.76","kernel","kernel","0","Intel(R) Core(TM) i9-7900X CPU @ 3.30GHz","","","","0","0","","","49.0","0","OPENBLAS_NUM_THREADS=10; e2e_host_memcpy=1; e2e_bw=mixed","0.011299731182795699","3,1388142174432493e-09","0.0003106182795698925","0","0","","","","","2,335277777777778e-06","DE","0,1097399999999999","2,562733833333331e-07","0,0783099722222222","1,828755379089506e-07","0,02332","5,4458677777777784e-08","0,0518570416666666","1,2110059702546283e-07","0,1929","4,5047508333333335e-07","0,0950131388888888","2,218820718441356e-07","0,1097399999999999","2,562733833333331e-07","0,0783099722222222","1,828755379089506e-07","0,1097399999999999","3,4445347222222184e-10","2,45800454178697e-10","2,5627338333333303e-07","0,02332","7,319714755077657e-11","1,627696196578801e-10","5,445867777777777e-08","0,1929","6,054772625448027e-10","2,982285911883543e-10","4,504750833333332e-07","0,1097399999999999","3,4445347222222184e-10","2,45800454178697e-10","2,5627338333333303e-07"
"2024-09-12 17:03:02+02:00","rock-ms7a95","Intel(R) Core(TM) i9-7900X CPU @ 3.30GHz","0","e2e","162","1.0","0.2311","0,1014","3,673","36.2","1","reduction","openblas","fp32","0","744","162","0.2311","8.407","36.4","36.2","648000000","6.39","e2e","e2e","0","Intel(R) Core(TM) i9-7900X CPU @ 3.30GHz","","","","0","0","","","49.0","0","OPENBLAS_NUM_THREADS=10; e2e_host_memcpy=1; e2e_bw=mixed","0.02267283950617284","6,2980109739369e-09","0.0006259259259259259","0","0","0.0","","0.0","0.0","1,0202777777777778e-06","DE","0,1097399999999999","1,1196528333333322e-07","0,0783099722222222","7,989792443672838e-08","0,02332","2,3792877777777777e-08","0,0518570416666666","5,290858723379623e-08","0,1929","1,9681158333333332e-07","0,0950131388888888","9,693979420524683e-08","0,1097399999999999","1,1196528333333322e-07","0,0783099722222222","7,989792443672838e-08","0,1097399999999999","6,911437242798347e-10","4,931970644242493e-10","1,1196528333333322e-07","0,02332","1,4686961591220852e-10","3,2659621749256933e-10","2,379287777777778e-08","0,1929","1,214886316872428e-09","5,983937913904125e-10","1,9681158333333332e-07","0,1097399999999999","6,911437242798347e-10","4,931970644242493e-10","1,1196528333333322e-07"
"2024-09-12 17:03:06+02:00","rock-ms7a95","Intel(R) Core(TM) i9-7900X CPU @ 3.30GHz","0","kernel","1331","1.0","0.6167","0,6167","22,403","36.3","1","reduction","openblas","fp32","0","1331","208","0.6167","22.403","36.3","36.7","15972000000","25.9","kernel","kernel","0","Intel(R) Core(TM) i9-7900X CPU @ 3.30GHz","","","","0","0","","","50.0","0","OPENBLAS_NUM_THREADS=10; e2e_host_memcpy=1; e2e_bw=mixed","0.016831705484598045","4,675473745721679e-09","0.000463335837716003","0","0","","","","","6,223055555555555e-06","DE","0,1097399999999999","6,829181166666659e-07","0,0783099722222222","4,87327307692901e-07","0,02332","1,4512165555555556e-07","0,0518570416666666","3,227092512384255e-07","0,1929","1,2004274166666665e-06","0,0950131388888888","5,91272041813271e-07","0,1097399999999999","6,829181166666659e-07","0,0783099722222222","4,87327307692901e-07","0,1097399999999999","5,130864888554966e-10","3,6613621915319386e-10","6,82918116666666e-07","0,02332","1,0903204775022956e-10","2,424562368432949e-10","1,4512165555555556e-07","0,1929","9,018988855497118e-10","4,442314363736071e-10","1,2004274166666665e-06","0,1097399999999999","5,130864888554966e-10","3,6613621915319386e-10","6,82918116666666e-07"
"2024-09-12 17:03:06+02:00","rock-ms7a95","Intel(R) Core(TM) i9-7900X CPU @ 3.30GHz","0","e2e","208","1.0","0.6167","0,2062","7,567","36.7","1","reduction","openblas","fp32","0","1331","208","0.6167","22.403","36.3","36.7","1248000000","6.05","e2e","e2e","0","Intel(R) Core(TM) i9-7900X CPU @ 3.30GHz","","","","0","0","","","50.0","0","OPENBLAS_NUM_THREADS=10; e2e_host_memcpy=1; e2e_bw=mixed","0.03637980769230769","1,0105502136752136e-08","0.0009913461538461539","0","0","0.0","","0.0","0.0","2,1019444444444446e-06","DE","0,1097399999999999","2,306673833333331e-07","0,0783099722222222","1,6460321105709874e-07","0,02332","4,9017344444444446e-08","0,0518570416666666","1,0900062063657395e-07","0,1929","4,0546508333333335e-07","0,0950131388888888","1,9971233943672822e-07","0,1097399999999999","2,306673833333331e-07","0,0783099722222222","1,6460321105709874e-07","0,1097399999999999","1,1089778044871783e-09","7,913615916206668e-10","2,3066738333333308e-07","0,02332","2,356603098290598e-10","5,240414453681439e-10","4,901734444444444e-08","0,1929","1,949351362179487e-09","9,601554780611933e-10","4,0546508333333324e-07","0,1097399999999999","1,1089778044871783e-09","7,913615916206668e-10","2,3066738333333308e-07"
"2024-09-12 17:03:14+02:00","rock-ms7a95","Intel(R) Core(TM) i9-7900X CPU @ 3.30GHz","0","kernel","1346","1.0","0.8642","0,8642","31,539","36.5","1","reduction","openblas","fp32","0","1346","381","0.8642","31.539","36.5","36.6","21536000000","24.92","kernel","kernel","0","Intel(R) Core(TM) i9-7900X CPU @ 3.30GHz","","","","0","0","","","50.0","0","OPENBLAS_NUM_THREADS=10; e2e_host_memcpy=1; e2e_bw=mixed","0.023431649331352156","6,508791480931154e-09","0.0006420505200594353","0","0","","","","","8,760833333333334e-06","DE","0,1097399999999999","9,614138499999992e-07","0,0783099722222222","6,860606149768518e-07","0,02332","2,0430263333333337e-07","0,0518570416666666","4,543108992013884e-07","0,1929","1,6899647500000002e-06","0,0950131388888888","8,323942742824068e-07","0,1097399999999999","9,614138499999992e-07","0,0783099722222222","6,860606149768518e-07","0,1097399999999999","7,142747771173841e-10","5,097032800719551e-10","9,61413849999999e-07","0,02332","1,517850173353145e-10","3,3752667102629144e-10","2,0430263333333332e-07","0,1929","1,2555458766716195e-09","6,18420708976528e-10","1,68996475e-06","0,1097399999999999","7,142747771173841e-10","5,097032800719551e-10","9,61413849999999e-07"
"2024-09-12 17:03:14+02:00","rock-ms7a95","Intel(R) Core(TM) i9-7900X CPU @ 3.30GHz","0","e2e","381","1.0","0.8642","0,5924","21,654","36.6","1","reduction","openblas","fp32","0","1346","381","0.8642","31.539","36.5","36.6","3048000000","5.15","e2e","e2e","0","Intel(R) Core(TM) i9-7900X CPU @ 3.30GHz","","","","0","0","","","50.0","0","OPENBLAS_NUM_THREADS=10; e2e_host_memcpy=1; e2e_bw=mixed","0.05683464566929134","1,5787401574803152e-08","0.0015548556430446195","0","0","0.0","","0.0","0.0","6,015e-06","DE","0,1097399999999999","6,600860999999994e-07","0,0783099722222222","4,710344829166666e-07","0,02332","1,4026980000000001e-07","0,0518570416666666","3,1192010562499963e-07","0,1929","1,1602934999999999e-06","0,0950131388888888","5,715040304166662e-07","0,1097399999999999","6,600860999999994e-07","0,0783099722222222","4,710344829166666e-07","0,1097399999999999","1,7325094488188962e-09","1,2363109787839019e-09","6,600860999999995e-07","0,02332","3,6816220472440953e-10","8,18687941272965e-10","1,4026980000000004e-07","0,1929","3,0453897637795277e-09","1,5000105785214339e-09","1,1602935e-06","0,1097399999999999","1,7325094488188962e-09","1,2363109787839019e-09","6,600860999999995e-07"
"2024-09-12 17:03:20+02:00","rock-ms7a95","Intel(R) Core(TM) i9-7900X CPU @ 3.30GHz","0","kernel","698","1.0","0.7684","0,7684","27,054","35.2","1","reduction","openblas","fp32","0","698","186","0.7684","27.054","35.2","35.2","16752000000","21.8","kernel","kernel","0","Intel(R) Core(TM) i9-7900X CPU @ 3.30GHz","","","","0","0","","","49.0","0","OPENBLAS_NUM_THREADS=10; e2e_host_memcpy=1; e2e_bw=mixed","0.0387593123209169","1,0766475644699141e-08","0.0011008595988538682","0","0","","","","","7,514999999999999e-06","DE","0,1097399999999999","8,246960999999991e-07","0,0783099722222222","5,884994412499998e-07","0,02332","1,7524979999999997e-07","0,0518570416666666","3,897056681249995e-07","0,1929","1,4496434999999997e-06","0,0950131388888888","7,140237387499993e-07","0,1097399999999999","8,246960999999991e-07","0,0783099722222222","5,884994412499998e-07","0,1097399999999999","1,1815130372492825e-09","8,431224086676216e-10","8,246960999999992e-07","0,02332","2,5107421203438395e-10","5,583175761103146e-10","1,752498e-07","0,1929","2,0768531518624642e-09","1,022956645773638e-09","1,4496435e-06","0,1097399999999999","1,1815130372492825e-09","8,431224086676216e-10","8,246960999999992e-07"
"2024-09-12 17:03:20+02:00","rock-ms7a95","Intel(R) Core(TM) i9-7900X CPU @ 3.30GHz","0","e2e","186","1.0","0.7684","0,4557","16,063","35.2","1","reduction","openblas","fp32","0","698","186","0.7684","27.054","35.2","35.2","2232000000","4.9","e2e","e2e","0","Intel(R) Core(TM) i9-7900X CPU @ 3.30GHz","","","","0","0","","","49.0","0","OPENBLAS_NUM_THREADS=10; e2e_host_memcpy=1; e2e_bw=mixed","0.08636021505376343","2,39889486260454e-08","0.00245","0","0","0.0","","0.0","0.0","4,461944444444444e-06","DE","0,1097399999999999","4,896537833333329e-07","0,0783099722222222","3,4941474550154315e-07","0,02332","1,0405254444444445e-07","0,0518570416666666","2,313832389699071e-07","0,1929","8,607090833333333e-07","0,0950131388888888","4,239433472145058e-07","0,1097399999999999","4,896537833333329e-07","0,0783099722222222","3,4941474550154315e-07","0,1097399999999999","2,6325472222222195e-09","1,878573900545931e-09","4,896537833333328e-07","0,02332","5,594222819593787e-10","1,243995908440361e-09","1,0405254444444445e-07","0,1929","4,627468189964158e-09","2,27926530760487e-09","8,607090833333334e-07","0,1097399999999999","2,6325472222222195e-09","1,878573900545931e-09","4,896537833333328e-07"
"2024-09-12 17:03:27+02:00","rock-ms7a95","Intel(R) Core(TM) i9-7900X CPU @ 3.30GHz","0","kernel","503","1.0","0.8064","0,8064","28,307","35.1","1","reduction","openblas","fp32","0","503","191","0.8064","28.307","35.1","35.2","16096000000","19.96","kernel","kernel","0","Intel(R) Core(TM) i9-7900X CPU @ 3.30GHz","","","","0","0","","","49.0","0","OPENBLAS_NUM_THREADS=10; e2e_host_memcpy=1; e2e_bw=mixed","0.05627634194831014","1,5632317207863932e-08","0.0016031809145129225","0","0","","","","","7,863055555555555e-06","DE","0,1097399999999999","8,628917166666658e-07","0,0783099722222222","6,157556621373455e-07","0,02332","1,8336645555555555e-07","0,0518570416666666","4,0775479957175875e-07","0,1929","1,5167834166666666e-06","0,0950131388888888","7,470935895910487e-07","0,1097399999999999","8,628917166666658e-07","0,0783099722222222","6,157556621373455e-07","0,1097399999999999","1,7154904903909863e-09","1,2241663263167907e-09","8,628917166666661e-07","0,02332","3,6454563728738693e-10","8,106457247947493e-10","1,8336645555555563e-07","0,1929","3,0154739893969526e-09","1,4852755260259423e-09","1,5167834166666672e-06","0,1097399999999999","1,7154904903909863e-09","1,2241663263167907e-09","8,628917166666661e-07"
"2024-09-12 17:03:27+02:00","rock-ms7a95","Intel(R) Core(TM) i9-7900X CPU @ 3.30GHz","0","e2e","191","1.0","0.8064","0,639","22,506","35.2","1","reduction","openblas","fp32","0","503","191","0.8064","28.307","35.1","35.2","3056000000","4.78","e2e","e2e","0","Intel(R) Core(TM) i9-7900X CPU @ 3.30GHz","","","","0","0","","","49.0","0","OPENBLAS_NUM_THREADS=10; e2e_host_memcpy=1; e2e_bw=mixed","0.1178324607329843","3,2731239092495644e-08","0.0033455497382198955","0","0","0.0","","0.0","0.0","6,251666666666666e-06","DE","0,1097399999999999","6,860578999999993e-07","0,0783099722222222","4,895678430092591e-07","0,02332","1,4578886666666665e-07","0,0518570416666666","3,2419293881944404e-07","0,1929","1,2059464999999999e-06","0,0950131388888888","5,939904732870365e-07","0,1097399999999999","6,860578999999993e-07","0,0783099722222222","4,895678430092591e-07","0,1097399999999999","3,5919261780104685e-09","2,5631824241322476e-09","6,860578999999995e-07","0,02332","7,632924956369985e-10","1,6973452294211733e-09","1,457888666666667e-07","0,1929","6,31385602094241e-09","3,1098977659007154e-09","1,2059465000000003e-06","0,1097399999999999","3,5919261780104685e-09","2,5631824241322476e-09","6,860578999999995e-07"
"2024-09-12 17:03:35+02:00","rock-ms7a95","Intel(R) Core(TM) i9-7900X CPU @ 3.30GHz","0","kernel","376","1.0","0.9836","0,9836","34,674","35.3","1","reduction","openblas","fp32","0","376","111","0.9836","34.674","35.3","35.0","18048000000","18.35","kernel","kernel","0","Intel(R) Core(TM) i9-7900X CPU @ 3.30GHz","","","","0","0","","","49.0","0","OPENBLAS_NUM_THREADS=10; e2e_host_memcpy=1; e2e_bw=mixed","0.09221808510638298","2,5616134751773053e-08","0.0026159574468085107","0","0","","","","","9,631666666666666e-06","DE","0,1097399999999999","1,056979099999999e-06","0,0783099722222222","7,542555491203702e-07","0,02332","2,2461046666666667e-07","0,0518570416666666","4,994697396527771e-07","0,1929","1,8579484999999998e-06","0,0950131388888888","9,151348827314807e-07","0,1097399999999999","1,056979099999999e-06","0,0783099722222222","7,542555491203702e-07","0,1097399999999999","2,8111146276595723e-09","2,005998800852049e-09","1,0569790999999991e-06","0,02332","5,973682624113476e-10","1,3283769671616417e-09","2,246104666666667e-07","0,1929","4,941352393617022e-09","2,4338693689667045e-09","1,8579485000000002e-06","0,1097399999999999","2,8111146276595723e-09","2,005998800852049e-09","1,0569790999999991e-06"
"2024-09-12 17:03:35+02:00","rock-ms7a95","Intel(R) Core(TM) i9-7900X CPU @ 3.30GHz","0","e2e","111","1.0","0.9836","0,5712","19,97","35.0","1","reduction","openblas","fp32","0","376","111","0.9836","34.674","35.3","35.0","2664000000","4.66","e2e","e2e","0","Intel(R) Core(TM) i9-7900X CPU @ 3.30GHz","","","","0","0","","","49.0","0","OPENBLAS_NUM_THREADS=10; e2e_host_memcpy=1; e2e_bw=mixed","0.1799099099099099","4,997497497497497e-08","0.005145945945945946","0","0","0.0","","0.0","0.0","5,547222222222222e-06","DE","0,1097399999999999","6,087521666666661e-07","0,0783099722222222","4,3440281813271596e-07","0,02332","1,2936122222222222e-07","0,0518570416666666","2,876625339120367e-07","0,1929","1,0700591666666666e-06","0,0950131388888888","5,270589954475304e-07","0,1097399999999999","6,087521666666661e-07","0,0783099722222222","4,3440281813271596e-07","0,1097399999999999","5,4842537537537484e-09","3,9135389020965395e-09","6,087521666666661e-07","0,02332","1,1654164164164165e-09","2,591554359567898e-09","1,2936122222222222e-07","0,1929","9,640172672672672e-09","4,74827923826604e-09","1,0700591666666666e-06","0,1097399999999999","5,4842537537537484e-09","3,9135389020965395e-09","6,087521666666661e-07"
"2024-09-12 17:03:43+02:00","rock-ms7a95","Intel(R) Core(TM) i9-7900X CPU @ 3.30GHz","0","kernel","282","1.0","1.0246","1,0246","36,149","35.3","0","reduction","openblas","fp32","0","282","93","1.0246","36.149","35.3","35.2","18048000000","17.61","kernel","kernel","0","Intel(R) Core(TM) i9-7900X CPU @ 3.30GHz","","","","0","0","","","49.0","0","OPENBLAS_NUM_THREADS=10; e2e_host_memcpy=1; e2e_bw=mixed","0.12818794326241134","3,560776201733648e-08","0.003633333333333333","0","0","","","","","1,004138888888889e-05","DE","0,1097399999999999","1,1019420166666657e-06","0,0783099722222222","7,863408849614196e-07","0,02332","2,3416518888888892e-07","0,0518570416666666","5,207167220023142e-07","0,1929","1,9369839166666665e-06","0,0950131388888888","9,54063877137345e-07","0,1097399999999999","1,1019420166666657e-06","0,0783099722222222","7,863408849614196e-07","0,1097399999999999","3,907595803782502e-09","2,788442854473119e-09","1,1019420166666657e-06","0,02332","8,303730102442868e-10","1,8465131985897665e-09","2,3416518888888887e-07","0,1929","6,868737293144207e-09","3,3832052380756907e-09","1,9369839166666665e-06","0,1097399999999999","3,907595803782502e-09","2,788442854473119e-09","1,1019420166666657e-06"
"2024-09-12 17:03:43+02:00","rock-ms7a95","Intel(R) Core(TM) i9-7900X CPU @ 3.30GHz","0","e2e","93","1.0","1.0246","0,6472","22,806","35.2","0","reduction","openblas","fp32","0","282","93","1.0246","36.149","35.3","35.2","2976000000","4.6","e2e","e2e","0","Intel(R) Core(TM) i9-7900X CPU @ 3.30GHz","","","","0","0","","","49.0","0","OPENBLAS_NUM_THREADS=10; e2e_host_memcpy=1; e2e_bw=mixed","0.2452258064516129","6,811827956989247e-08","0.006959139784946237","0","0","0.0","","0.0","0.0","6,335e-06","DE","0,1097399999999999","6,952028999999993e-07","0,0783099722222222","4,960936740277777e-07","0,02332","1,477322e-07","0,0518570416666666","3,2851435895833297e-07","0,1929","1,2220215e-06","0,0950131388888888","6,019082348611107e-07","0,1097399999999999","6,952028999999993e-07","0,0783099722222222","4,960936740277777e-07","0,1097399999999999","7,475299999999992e-09","5,334340580943846e-09","6,952028999999992e-07","0,02332","1,5885182795698923e-09","3,532412461917558e-09","1,477322e-07","0,1929","1,3140016129032257e-08","6,47213155764635e-09","1,2220215e-06","0,1097399999999999","7,475299999999992e-09","5,334340580943846e-09","6,952028999999992e-07"
"2024-09-12 17:03:51+02:00","rock-ms7a95","Intel(R) Core(TM) i9-7900X CPU @ 3.30GHz","0","kernel","182","1.0","1.0322","1,0322","36,313","35.2","0","reduction","openblas","fp32","0","182","55","1.0322","36.313","35.2","35.3","17472000000","16.93","kernel","kernel","0","Intel(R) Core(TM) i9-7900X CPU @ 3.30GHz","","","","0","0","","","49.0","0","OPENBLAS_NUM_THREADS=10; e2e_host_memcpy=1; e2e_bw=mixed","0.19952197802197805","5,5422771672771684e-08","0.005671428571428571","0","0","","","","","1,0086944444444446e-05","DE","0,1097399999999999","1,1069412833333323e-06","0,0783099722222222","7,899083392515431e-07","0,02332","2,3522754444444447e-07","0,0518570416666666","5,230790983449068e-07","0,1929","1,9457715833333333e-06","0,0950131388888888","9,583922534645054e-07","0,1097399999999999","1,1069412833333323e-06","0,0783099722222222","7,899083392515431e-07","0,1097399999999999","6,0820949633699584e-09","4,340155710173314e-09","1,1069412833333325e-06","0,02332","1,2924590354090357e-09","2,8740609799170707e-09","2,352275444444445e-07","0,1929","1,0691052655677658e-08","5,2658915025522285e-09","1,9457715833333337e-06","0,1097399999999999","6,0820949633699584e-09","4,340155710173314e-09","1,1069412833333325e-06"
"2024-09-12 17:03:51+02:00","rock-ms7a95","Intel(R) Core(TM) i9-7900X CPU @ 3.30GHz","0","e2e","55","1.0","1.0322","0,583","20,566","35.3","0","reduction","openblas","fp32","0","182","55","1.0322","36.313","35.2","35.3","2640000000","4.53","e2e","e2e","0","Intel(R) Core(TM) i9-7900X CPU @ 3.30GHz","","","","0","0","","","49.0","0","OPENBLAS_NUM_THREADS=10; e2e_host_memcpy=1; e2e_bw=mixed","0.3739272727272727","1,0386868686868688e-07","0.0106","0","0","0.0","","0.0","0.0","5,712777777777778e-06","DE","0,1097399999999999","6,269202333333328e-07","0,0783099722222222","4,4736746908950607e-07","0,02332","1,3322197777777778e-07","0,0518570416666666","2,9624775525462925e-07","0,1929","1,1019948333333333e-06","0,0950131388888888","5,427889484413576e-07","0,1097399999999999","6,269202333333328e-07","0,0783099722222222","4,4736746908950607e-07","0,1097399999999999","1,1398549696969687e-08","8,133953983445565e-09","6,269202333333328e-07","0,02332","2,422217777777778e-09","5,3863228228114415e-09","1,3322197777777778e-07","0,1929","2,00362696969697e-08","9,868889971661047e-09","1,1019948333333335e-06","0,1097399999999999","1,1398549696969687e-08","8,133953983445565e-09","6,269202333333328e-07"
"2024-09-12 17:04:00+02:00","rock-ms7a95","Intel(R) Core(TM) i9-7900X CPU @ 3.30GHz","0","kernel","135","1.0","1.042","1,042","35,984","34.5","0","reduction","openblas","fp32","0","135","46","1.042","35.984","34.5","33.7","17280000000","16.58","kernel","kernel","0","Intel(R) Core(TM) i9-7900X CPU @ 3.30GHz","","","","0","0","","","49.0","0","OPENBLAS_NUM_THREADS=10; e2e_host_memcpy=1; e2e_bw=mixed","0.26654814814814815","7,404115226337448e-08","0.007718518518518519","0","0","","","","","9,995555555555556e-06","DE","0,1097399999999999","1,0969122666666656e-06","0,0783099722222222","7,827516779012344e-07","0,02332","2,3309635555555557e-07","0,0518570416666666","5,183399409259253e-07","0,1929","1,9281426666666664e-06","0,0950131388888888","9,497091082716042e-07","0,1097399999999999","1,0969122666666656e-06","0,0783099722222222","7,827516779012344e-07","0,1097399999999999","8,125276049382708e-09","5,7981605770461805e-09","1,0969122666666656e-06","0,02332","1,726639670781893e-09","3,839555117969817e-09","2,3309635555555555e-07","0,1929","1,4282538271604937e-08","7,034882283493364e-09","1,9281426666666664e-06","0,1097399999999999","8,125276049382708e-09","5,7981605770461805e-09","1,0969122666666656e-06"
"2024-09-12 17:04:00+02:00","rock-ms7a95","Intel(R) Core(TM) i9-7900X CPU @ 3.30GHz","0","e2e","46","1.0","1.042","0,6561","22,137","33.7","0","reduction","openblas","fp32","0","135","46","1.042","35.984","34.5","33.7","2944000000","4.49","e2e","e2e","0","Intel(R) Core(TM) i9-7900X CPU @ 3.30GHz","","","","0","0","","","49.0","0","OPENBLAS_NUM_THREADS=10; e2e_host_memcpy=1; e2e_bw=mixed","0.4812391304347826","1,3367753623188408e-07","0.01426304347826087","0","0","0.0","","0.0","0.0","6,149166666666667e-06","DE","0,1097399999999999","6,748095499999994e-07","0,0783099722222222","4,815410708564814e-07","0,02332","1,4339856666666666e-07","0,0518570416666666","3,1887759204861075e-07","0,1929","1,18617425e-06","0,0950131388888888","5,842516265509254e-07","0,1097399999999999","6,748095499999994e-07","0,0783099722222222","4,815410708564814e-07","0,1097399999999999","1,4669772826086944e-08","1,0468284149053946e-08","6,748095499999995e-07","0,02332","3,1173601449275367e-09","6,932121566274148e-09","1,433985666666667e-07","0,1929","2,5786396739130436e-08","1,2701122316324467e-08","1,1861742500000002e-06","0,1097399999999999","1,4669772826086944e-08","1,0468284149053946e-08","6,748095499999995e-07"
"2024-09-12 17:04:08+02:00","rock-ms7a95","Intel(R) Core(TM) i9-7900X CPU @ 3.30GHz","0","kernel","91","1.0","1.0522","1,0522","37,092","35.3","0","reduction","openblas","fp32","0","91","28","1.0522","37.092","35.3","35.1","17472000000","16.61","kernel","kernel","0","Intel(R) Core(TM) i9-7900X CPU @ 3.30GHz","","","","0","0","","","47.0","0","OPENBLAS_NUM_THREADS=10; e2e_host_memcpy=1; e2e_bw=mixed","0.4076043956043956","1,1322344322344325e-07","0.011562637362637363","0","0","","","","","1,0303333333333334e-05","DE","0,1097399999999999","1,130687799999999e-06","0,0783099722222222","8,068537471296295e-07","0,02332","2,4027373333333336e-07","0,0518570416666666","5,343003859722216e-07","0,1929","1,9875129999999998e-06","0,0950131388888888","9,789520410185177e-07","0,1097399999999999","1,130687799999999e-06","0,0783099722222222","8,068537471296295e-07","0,1097399999999999","1,242514065934065e-08","8,866524693732194e-09","1,1306877999999992e-06","0,02332","2,640370695970697e-09","5,871432812881557e-09","2,402737333333334e-07","0,1929","2,18408021978022e-08","1,075771473646723e-08","1,987513e-06","0,1097399999999999","1,242514065934065e-08","8,866524693732194e-09","1,1306877999999992e-06"
"2024-09-12 17:04:08+02:00","rock-ms7a95","Intel(R) Core(TM) i9-7900X CPU @ 3.30GHz","0","e2e","28","1.0","1.0522","0,5894","20,711","35.1","0","reduction","openblas","fp32","0","91","28","1.0522","37.092","35.3","35.1","2688000000","4.56","e2e","e2e","0","Intel(R) Core(TM) i9-7900X CPU @ 3.30GHz","","","","0","0","","","47.0","0","OPENBLAS_NUM_THREADS=10; e2e_host_memcpy=1; e2e_bw=mixed","0.7396785714285714","2,0546626984126986e-07","0.021050000000000003","0","0","0.0","","0.0","0.0","5,753055555555555e-06","DE","0,1097399999999999","6,31340316666666e-07","0,0783099722222222","4,5052162074845667e-07","0,02332","1,3416125555555555e-07","0,0518570416666666","2,9833644165509223e-07","0,1929","1,1097644166666666e-06","0,0950131388888888","5,466158665354933e-07","0,1097399999999999","6,31340316666666e-07","0,0783099722222222","4,5052162074845667e-07","0,1097399999999999","2,2547868452380933e-08","1,6090057883873453e-08","6,313403166666661e-07","0,02332","4,791473412698414e-09","1,0654872916253294e-08","1,3416125555555557e-07","0,1929","3,9634443452380956e-08","1,952199523341048e-08","1,1097644166666668e-06","0,1097399999999999","2,2547868452380933e-08","1,6090057883873453e-08","6,313403166666661e-07"
"2024-09-12 17:04:17+02:00","rock-ms7a95","Intel(R) Core(TM) i9-7900X CPU @ 3.30GHz","0","kernel","67","1.0","1.0647","1,0647","36,508","34.3","0","reduction","openblas","fp32","0","67","24","1.0647","36.508","34.3","34.8","17152000000","16.11","kernel","kernel","0","Intel(R) Core(TM) i9-7900X CPU @ 3.30GHz","","","","0","0","","","49.0","0","OPENBLAS_NUM_THREADS=10; e2e_host_memcpy=1; e2e_bw=mixed","0.5448955223880597","1,513598673300166e-07","0.0158910447761194","0","0","","","","","1,0141111111111112e-05","DE","0,1097399999999999","1,1128855333333323e-06","0,0783099722222222","7,941501294135801e-07","0,02332","2,3649071111111114e-07","0,0518570416666666","5,258880214351846e-07","0,1929","1,9562203333333333e-06","0,0950131388888888","9,635387984876537e-07","0,1097399999999999","1,1128855333333323e-06","0,0783099722222222","7,941501294135801e-07","0,1097399999999999","1,6610231840796007e-08","1,1852987006172838e-08","1,1128855333333326e-06","0,02332","3,5297121061359874e-09","7,8490749467938e-09","2,3649071111111114e-07","0,1929","2,91973184079602e-08","1,438117609683065e-08","1,9562203333333333e-06","0,1097399999999999","1,6610231840796007e-08","1,1852987006172838e-08","1,1128855333333326e-06"
"2024-09-12 17:04:17+02:00","rock-ms7a95","Intel(R) Core(TM) i9-7900X CPU @ 3.30GHz","0","e2e","24","1.0","1.0647","0,6887","23,989","34.8","0","reduction","openblas","fp32","0","67","24","1.0647","36.508","34.3","34.8","3072000000","4.46","e2e","e2e","0","Intel(R) Core(TM) i9-7900X CPU @ 3.30GHz","","","","0","0","","","49.0","0","OPENBLAS_NUM_THREADS=10; e2e_host_memcpy=1; e2e_bw=mixed","0.9995416666666667","2,7765046296296294e-07","0.028695833333333334","0","0","0.0","","0.0","0.0","6,6636111111111115e-06","DE","0,1097399999999999","7,312646833333327e-07","0,0783099722222222","5,218272010108023e-07","0,02332","1,5539541111111111e-07","0,0518570416666666","3,4555515903935145e-07","0,1929","1,2854105833333333e-06","0,0950131388888888","6,331306080015426e-07","0,1097399999999999","7,312646833333327e-07","0,0783099722222222","5,218272010108023e-07","0,1097399999999999","3,046936180555552e-08","2,1742800042116762e-08","7,312646833333326e-07","0,02332","6,474808796296296e-09","1,4398131626639641e-08","1,553954111111111e-07","0,1929","5,3558774305555546e-08","2,6380442000064276e-08","1,285410583333333e-06","0,1097399999999999","3,046936180555552e-08","2,1742800042116762e-08","7,312646833333326e-07"
"2024-09-12 17:04:26+02:00","rock-ms7a95","Intel(R) Core(TM) i9-7900X CPU @ 3.30GHz","0","kernel","44","1.0","1.0589","1,0589","36,334","34.3","0","reduction","openblas","fp32","0","44","14","1.0589","36.334","34.3","33.9","16896000000","15.96","kernel","kernel","0","Intel(R) Core(TM) i9-7900X CPU @ 3.30GHz","","","","0","0","","","49.0","0","OPENBLAS_NUM_THREADS=10; e2e_host_memcpy=1; e2e_bw=mixed","0.8257727272727273","2,2938131313131317e-07","0.02406590909090909","0","0","","","","","1,0092777777777778e-05","DE","0,1097399999999999","1,1075814333333323e-06","0,0783099722222222","7,903651474228394e-07","0,02332","2,353635777777778e-07","0,0518570416666666","5,23381597754629e-07","0,1929","1,946896833333333e-06","0,0950131388888888","9,589464967746906e-07","0,1097399999999999","1,1075814333333323e-06","0,0783099722222222","7,903651474228394e-07","0,1097399999999999","2,5172305303030282e-08","1,7962844259609987e-08","1,1075814333333323e-06","0,02332","5,349172222222223e-09","1,1895036312605207e-08","2,353635777777778e-07","0,1929","4,4247655303030305e-08","2,179423856306115e-08","1,9468968333333335e-06","0,1097399999999999","2,5172305303030282e-08","1,7962844259609987e-08","1,1075814333333323e-06"
"2024-09-12 17:04:26+02:00","rock-ms7a95","Intel(R) Core(TM) i9-7900X CPU @ 3.30GHz","0","e2e","14","1.0","1.0589","0,606","20,557","33.9","0","reduction","openblas","fp32","0","44","14","1.0589","36.334","34.3","33.9","2688000000","4.44","e2e","e2e","0","Intel(R) Core(TM) i9-7900X CPU @ 3.30GHz","","","","0","0","","","49.0","0","OPENBLAS_NUM_THREADS=10; e2e_host_memcpy=1; e2e_bw=mixed","1.4683571428571427","4,078769841269841e-07","0.04328571428571428","0","0","0.0","","0.0","0.0","5,710277777777777e-06","DE","0,1097399999999999","6,266458833333327e-07","0,0783099722222222","4,471716941589505e-07","0,02332","1,3316367777777777e-07","0,0518570416666666","2,9611811265046255e-07","0,1929","1,1015125833333333e-06","0,0950131388888888","5,425514155941353e-07","0,1097399999999999","6,266458833333327e-07","0,0783099722222222","4,471716941589505e-07","0,1097399999999999","4,476042023809519e-08","3,194083529706789e-08","6,266458833333326e-07","0,02332","9,51169126984127e-09","2,1151293760747328e-08","1,3316367777777777e-07","0,1929","7,867947023809523e-08","3,875367254243824e-08","1,1015125833333333e-06","0,1097399999999999","4,476042023809519e-08","3,194083529706789e-08","6,266458833333326e-07"
"2024-09-12 17:04:35+02:00","rock-ms7a95","Intel(R) Core(TM) i9-7900X CPU @ 3.30GHz","0","kernel","33","1.0","1.0637","1,0637","36,327","34.2","0","reduction","openblas","fp32","0","33","12","1.0637","36.327","34.2","34.0","16896000000","15.88","kernel","kernel","0","Intel(R) Core(TM) i9-7900X CPU @ 3.30GHz","","","","0","0","","","50.0","0","OPENBLAS_NUM_THREADS=10; e2e_host_memcpy=1; e2e_bw=mixed","1.1008181818181817","3,057828282828283e-07","0.032233333333333336","0","0","","","","","1,0090833333333333e-05","DE","0,1097399999999999","1,1073680499999989e-06","0,0783099722222222","7,902128780324073e-07","0,02332","2,3531823333333334e-07","0,0518570416666666","5,232807646180549e-07","0,1929","1,94652175e-06","0,0950131388888888","9,58761749004629e-07","0,1097399999999999","1,1073680499999989e-06","0,0783099722222222","7,902128780324073e-07","0,1097399999999999","3,355660757575754e-08","2,3945844788860827e-08","1,1073680499999989e-06","0,02332","7,130855555555556e-09","1,5856992867213787e-08","2,3531823333333334e-07","0,1929","5,898550757575757e-08","2,9053386333473602e-08","1,94652175e-06","0,1097399999999999","3,355660757575754e-08","2,3945844788860827e-08","1,1073680499999989e-06"
"2024-09-12 17:04:35+02:00","rock-ms7a95","Intel(R) Core(TM) i9-7900X CPU @ 3.30GHz","0","e2e","12","1.0","1.0637","0,6942","23,606","34.0","0","reduction","openblas","fp32","0","33","12","1.0637","36.327","34.2","34.0","3072000000","4.43","e2e","e2e","0","Intel(R) Core(TM) i9-7900X CPU @ 3.30GHz","","","","0","0","","","50.0","0","OPENBLAS_NUM_THREADS=10; e2e_host_memcpy=1; e2e_bw=mixed","1.9671666666666667","5,464351851851852e-07","0.057850000000000006","0","0","0.0","","0.0","0.0","6,5572222222222225e-06","DE","0,1097399999999999","7,19589566666666e-07","0,0783099722222222","5,134958900771604e-07","0,02332","1,5291442222222223e-07","0,0518570416666666","3,4003814599537e-07","0,1929","1,2648881666666666e-06","0,0950131388888888","6,230222657253082e-07","0,1097399999999999","7,19589566666666e-07","0,0783099722222222","5,134958900771604e-07","0,1097399999999999","5,996579722222216e-08","4,27913241730967e-08","7,19589566666666e-07","0,02332","1,274286851851852e-08","2,8336512166280834e-08","1,5291442222222225e-07","0,1929","1,0540734722222223e-07","5,191852214377568e-08","1,2648881666666668e-06","0,1097399999999999","5,996579722222216e-08","4,27913241730967e-08","7,19589566666666e-07"
"2024-09-12 17:04:43+02:00","rock-ms7a95","Intel(R) Core(TM) i9-7900X CPU @ 3.30GHz","0","kernel","22","1.0","1.0699","1,0699","36,372","34.0","0","reduction","openblas","fp32","0","22","7","1.0699","36.372","34.0","33.7","16896000000","15.79","kernel","kernel","0","Intel(R) Core(TM) i9-7900X CPU @ 3.30GHz","","","","0","0","","","49.0","0","OPENBLAS_NUM_THREADS=10; e2e_host_memcpy=1; e2e_bw=mixed","1.6532727272727272","4,592424242424243e-07","0.048631818181818186","0","0","","","","","1,0103333333333334e-05","DE","0,1097399999999999","1,108739799999999e-06","0,0783099722222222","7,91191752685185e-07","0,02332","2,3560973333333334e-07","0,0518570416666666","5,239289776388883e-07","0,1929","1,948933e-06","0,0950131388888888","9,5994941324074e-07","0,1097399999999999","1,108739799999999e-06","0,0783099722222222","7,91191752685185e-07","0,1097399999999999","5,03972636363636e-08","3,596326148569023e-08","1,1087397999999992e-06","0,02332","1,0709533333333335e-08","2,3814953529040378e-08","2,3560973333333337e-07","0,1929","8,858786363636364e-08","4,3634064238215456e-08","1,948933e-06","0,1097399999999999","5,03972636363636e-08","3,596326148569023e-08","1,1087397999999992e-06"
"2024-09-12 17:04:43+02:00","rock-ms7a95","Intel(R) Core(TM) i9-7900X CPU @ 3.30GHz","0","e2e","7","1.0","1.0699","0,6082","20,478","33.7","0","reduction","openblas","fp32","0","22","7","1.0699","36.372","34.0","33.7","2688000000","4.42","e2e","e2e","0","Intel(R) Core(TM) i9-7900X CPU @ 3.30GHz","","","","0","0","","","49.0","0","OPENBLAS_NUM_THREADS=10; e2e_host_memcpy=1; e2e_bw=mixed","2.9254285714285717","8,126190476190477e-07","0.08688571428571427","0","0","0.0","","0.0","0.0","5,688333333333334e-06","DE","0,1097399999999999","6,242376999999994e-07","0,0783099722222222","4,45453225324074e-07","0,02332","1,3265193333333334e-07","0,0518570416666666","2,949801386805552e-07","0,1929","1,0972795e-06","0,0950131388888888","5,404664050462958e-07","0,1097399999999999","6,242376999999994e-07","0,0783099722222222","4,45453225324074e-07","0,1097399999999999","8,917681428571421e-08","6,36361750462963e-08","6,242376999999994e-07","0,02332","1,8950276190476193e-08","4,214001981150789e-08","1,3265193333333334e-07","0,1929","1,5675421428571428e-07","7,720948643518512e-08","1,0972795e-06","0,1097399999999999","8,917681428571421e-08","6,36361750462963e-08","6,242376999999994e-07"
"2024-09-12 17:04:53+02:00","rock-ms7a95","Intel(R) Core(TM) i9-7900X CPU @ 3.30GHz","0","kernel","17","1.0","1.1036","1,1036","37,749","34.2","0","reduction","openblas","fp32","0","17","6","1.1036","37.749","34.2","34.3","17408000000","15.77","kernel","kernel","0","Intel(R) Core(TM) i9-7900X CPU @ 3.30GHz","","","","0","0","","","49.0","0","OPENBLAS_NUM_THREADS=10; e2e_host_memcpy=1; e2e_bw=mixed","2.220529411764706","6,168137254901961e-07","0.06491764705882352","0","0","","","","","1,0485833333333334e-05","DE","0,1097399999999999","1,150715349999999e-06","0,0783099722222222","8,21145317060185e-07","0,02332","2,445296333333333e-07","0,0518570416666666","5,437642960763882e-07","0,1929","2,02271725e-06","0,0950131388888888","9,9629193886574e-07","0,1097399999999999","1,150715349999999e-06","0,0783099722222222","8,21145317060185e-07","0,1097399999999999","6,768913823529406e-08","4,8302665709422646e-08","1,150715349999999e-06","0,02332","1,4384096078431372e-08","3,1986135063316956e-08","2,445296333333333e-07","0,1929","1,1898336764705881e-07","5,8605408168572936e-08","2,02271725e-06","0,1097399999999999","6,768913823529406e-08","4,8302665709422646e-08","1,150715349999999e-06"
"2024-09-12 17:04:53+02:00","rock-ms7a95","Intel(R) Core(TM) i9-7900X CPU @ 3.30GHz","0","e2e","6","1.0","1.1036","0,6959","23,838","34.3","0","reduction","openblas","fp32","0","17","6","1.1036","37.749","34.2","34.3","3072000000","4.41","e2e","e2e","0","Intel(R) Core(TM) i9-7900X CPU @ 3.30GHz","","","","0","0","","","49.0","0","OPENBLAS_NUM_THREADS=10; e2e_host_memcpy=1; e2e_bw=mixed","3.9730000000000003","1,1036111111111111e-06","0.11598333333333333","0","0","0.0","","0.0","0.0","6,621666666666667e-06","DE","0,1097399999999999","7,266616999999993e-07","0,0783099722222222","5,185425327314814e-07","0,02332","1,544172666666667e-07","0,0518570416666666","3,433800442361107e-07","0,1929","1,2773195e-06","0,0950131388888888","6,291453346759255e-07","0,1097399999999999","7,266616999999993e-07","0,0783099722222222","5,185425327314814e-07","0,1097399999999999","1,2111028333333322e-07","8,642375545524689e-08","7,266616999999993e-07","0,02332","2,5736211111111113e-08","5,7230007372685116e-08","1,5441726666666666e-07","0,1929","2,1288658333333331e-07","1,048575557793209e-07","1,2773194999999998e-06","0,1097399999999999","1,2111028333333322e-07","8,642375545524689e-08","7,266616999999993e-07"
"2024-09-12 17:05:02+02:00","rock-ms7a95","Intel(R) Core(TM) i9-7900X CPU @ 3.30GHz","0","kernel","13","1.0","1.0565","1,0565","36,032","34.1","0","reduction","openblas","fp32","0","13","5","1.0565","36.032","34.1","34.1","16640000000","15.75","kernel","kernel","0","Intel(R) Core(TM) i9-7900X CPU @ 3.30GHz","","","","0","0","","","50.0","0","OPENBLAS_NUM_THREADS=10; e2e_host_memcpy=1; e2e_bw=mixed","2.7716923076923075","7,699145299145298e-07","0.08126923076923077","0","0","","","","","1,0008888888888888e-05","DE","0,1097399999999999","1,0983754666666654e-06","0,0783099722222222","7,837958108641973e-07","0,02332","2,3340728888888887e-07","0,0518570416666666","5,190313681481474e-07","0,1929","1,9307146666666662e-06","0,0950131388888888","9,509759501234559e-07","0,1097399999999999","1,0983754666666654e-06","0,0783099722222222","7,837958108641973e-07","0,1097399999999999","8,449042051282043e-08","6,02919854510921e-08","1,0983754666666656e-06","0,02332","1,7954406837606837e-08","3,99254898575498e-08","2,3340728888888887e-07","0,1929","1,485165128205128e-07","7,315199616334276e-08","1,9307146666666666e-06","0,1097399999999999","8,449042051282043e-08","6,02919854510921e-08","1,0983754666666656e-06"
"2024-09-12 17:05:02+02:00","rock-ms7a95","Intel(R) Core(TM) i9-7900X CPU @ 3.30GHz","0","e2e","5","1.0","1.0565","0,7249","24,702","34.1","0","reduction","openblas","fp32","0","13","5","1.0565","36.032","34.1","34.1","3200000000","4.41","e2e","e2e","0","Intel(R) Core(TM) i9-7900X CPU @ 3.30GHz","","","","0","0","","","50.0","0","OPENBLAS_NUM_THREADS=10; e2e_host_memcpy=1; e2e_bw=mixed","4.9404","1,3723333333333334e-06","0.14498","0","0","0.0","","0.0","0.0","6,861666666666667e-06","DE","0,1097399999999999","7,529992999999993e-07","0,0783099722222222","5,373369260648148e-07","0,02332","1,6001406666666667e-07","0,0518570416666666","3,558257342361107e-07","0,1929","1,3236155e-06","0,0950131388888888","6,519484880092588e-07","0,1097399999999999","7,529992999999993e-07","0,0783099722222222","5,373369260648148e-07","0,1097399999999999","1,5059985999999985e-07","1,0746738521296294e-07","7,529992999999992e-07","0,02332","3,2002813333333334e-08","7,116514684722214e-08","1,6001406666666667e-07","0,1929","2,6472309999999997e-07","1,3038969760185175e-07","1,3236154999999998e-06","0,1097399999999999","1,5059985999999985e-07","1,0746738521296294e-07","7,529992999999992e-07"
"2024-09-12 17:05:12+02:00","rock-ms7a95","Intel(R) Core(TM) i9-7900X CPU @ 3.30GHz","0","kernel","11","1.0","1.0731","1,0731","37,935","35.4","0","reduction","openblas","fp32","0","11","5","1.0731","37.935","35.4","35.4","16896000000","15.75","kernel","kernel","0","Intel(R) Core(TM) i9-7900X CPU @ 3.30GHz","","","","0","0","","","50.0","0","OPENBLAS_NUM_THREADS=10; e2e_host_memcpy=1; e2e_bw=mixed","3.4486363636363637","9,579545454545456e-07","0.09755454545454545","0","0","","","","","1,05375e-05","DE","0,1097399999999999","1,1563852499999989e-06","0,0783099722222222","8,251913322916665e-07","0,02332","2,4573450000000004e-07","0,0518570416666666","5,464435765624994e-07","0,1929","2,0326837499999997e-06","0,0950131388888888","1,0012009510416658e-06","0,1097399999999999","1,1563852499999989e-06","0,0783099722222222","8,251913322916665e-07","0,1097399999999999","1,0512593181818173e-07","7,501739384469696e-08","1,156385249999999e-06","0,02332","2,2339500000000003e-08","4,967668877840903e-08","2,4573450000000004e-07","0,1929","1,8478943181818182e-07","9,101826827651508e-08","2,03268375e-06","0,1097399999999999","1,0512593181818173e-07","7,501739384469696e-08","1,156385249999999e-06"
"2024-09-12 17:05:12+02:00","rock-ms7a95","Intel(R) Core(TM) i9-7900X CPU @ 3.30GHz","0","e2e","5","1.0","1.0731","0,8693","30,785","35.4","0","reduction","openblas","fp32","0","11","5","1.0731","37.935","35.4","35.4","3840000000","4.42","e2e","e2e","0","Intel(R) Core(TM) i9-7900X CPU @ 3.30GHz","","","","0","0","","","50.0","0","OPENBLAS_NUM_THREADS=10; e2e_host_memcpy=1; e2e_bw=mixed","6.157","1,7102777777777778e-06","0.17386","0","0","0.0","","0.0","0.0","8,551388888888889e-06","DE","0,1097399999999999","9,384294166666657e-07","0,0783099722222222","6,696590263503085e-07","0,02332","1,994183888888889e-07","0,0518570416666666","4,434497299189809e-07","0,1929","1,6495629166666666e-06","0,0950131388888888","8,124943001929005e-07","0,1097399999999999","9,384294166666657e-07","0,0783099722222222","6,696590263503085e-07","0,1097399999999999","1,8768588333333314e-07","1,339318052700617e-07","9,384294166666657e-07","0,02332","3,988367777777778e-08","8,868994598379619e-08","1,9941838888888892e-07","0,1929","3,299125833333333e-07","1,624988600385801e-07","1,6495629166666666e-06","0,1097399999999999","1,8768588333333314e-07","1,339318052700617e-07","9,384294166666657e-07"
"2024-09-12 17:05:22+02:00","rock-ms7a95","Intel(R) Core(TM) i9-7900X CPU @ 3.30GHz","0","kernel","9","1.0","1.1717","1,1717","41,362","35.3","0","reduction","openblas","fp32","0","9","3","1.1717","41.362","35.3","35.3","18432000000","15.73","kernel","kernel","0","Intel(R) Core(TM) i9-7900X CPU @ 3.30GHz","","","","0","0","","","49.0","0","OPENBLAS_NUM_THREADS=10; e2e_host_memcpy=1; e2e_bw=mixed","4.595777777777778","1,276604938271605e-06","0.13018888888888888","0","0","","","","","1,1489444444444444e-05","DE","0,1097399999999999","1,260851633333332e-06","0,0783099722222222","8,997380752932097e-07","0,02332","2,6793384444444445e-07","0,0518570416666666","5,958085992824066e-07","0,1929","2,2163138333333333e-06","0,0950131388888888","1,0916481807561719e-06","0,1097399999999999","1,260851633333332e-06","0,0783099722222222","8,997380752932097e-07","0,1097399999999999","1,400946259259258e-07","9,997089725480109e-08","1,2608516333333323e-06","0,02332","2,977042716049383e-08","6,620095547582298e-08","2,6793384444444445e-07","0,1929","2,462570925925926e-07","1,2129424230624133e-07","2,2163138333333333e-06","0,1097399999999999","1,400946259259258e-07","9,997089725480109e-08","1,2608516333333323e-06"
"2024-09-12 17:05:22+02:00","rock-ms7a95","Intel(R) Core(TM) i9-7900X CPU @ 3.30GHz","0","e2e","3","1.0","1.1717","0,6948","24,544","35.3","0","reduction","openblas","fp32","0","9","3","1.1717","41.362","35.3","35.3","3072000000","4.42","e2e","e2e","0","Intel(R) Core(TM) i9-7900X CPU @ 3.30GHz","","","","0","0","","","49.0","0","OPENBLAS_NUM_THREADS=10; e2e_host_memcpy=1; e2e_bw=mixed","8.181333333333333","2,2725925925925926e-06","0.2316","0","0","0.0","","0.0","0.0","6,817777777777778e-06","DE","0,1097399999999999","7,481829333333327e-07","0,0783099722222222","5,338999883950616e-07","0,02332","1,5899057777777778e-07","0,0518570416666666","3,535497862962959e-07","0,1929","1,3151493333333333e-06","0,0950131388888888","6,477784669135798e-07","0,1097399999999999","7,481829333333327e-07","0,0783099722222222","5,338999883950616e-07","0,1097399999999999","2,493943111111109e-07","1,7796666279835387e-07","7,481829333333326e-07","0,02332","5,299685925925926e-08","1,1784992876543195e-07","1,5899057777777778e-07","0,1929","4,383831111111111e-07","2,1592615563785989e-07","1,3151493333333333e-06","0,1097399999999999","2,493943111111109e-07","1,7796666279835387e-07","7,481829333333326e-07"
"2024-09-12 17:05:33+02:00","rock-ms7a95","Intel(R) Core(TM) i9-7900X CPU @ 3.30GHz","0","kernel","6","1.0","1.1719","1,1719","41,332","35.3","0","reduction","openblas","fp32","0","6","2","1.1719","41.332","35.3","35.3","18432000000","15.73","kernel","kernel","0","Intel(R) Core(TM) i9-7900X CPU @ 3.30GHz","","","","0","0","","","50.0","0","OPENBLAS_NUM_THREADS=10; e2e_host_memcpy=1; e2e_bw=mixed","6.8886666666666665","1,9135185185185184e-06","0.19531666666666667","0","0","","","","","1,1481111111111111e-05","DE","0,1097399999999999","1,2599371333333322e-06","0,0783099722222222","8,990854921913579e-07","0,02332","2,6773951111111115e-07","0,0518570416666666","5,953764572685178e-07","0,1929","2,2147063333333335e-06","0,0950131388888888","1,0908564045987645e-06","0,1097399999999999","1,2599371333333322e-06","0,0783099722222222","8,990854921913579e-07","0,1097399999999999","2,09989522222222e-07","1,4984758203189296e-07","1,259937133333332e-06","0,02332","4,462325185185185e-08","9,922940954475296e-08","2,677395111111111e-07","0,1929","3,6911772222222217e-07","1,8180940076646074e-07","2,214706333333333e-06","0,1097399999999999","2,09989522222222e-07","1,4984758203189296e-07","1,259937133333332e-06"
"2024-09-12 17:05:33+02:00","rock-ms7a95","Intel(R) Core(TM) i9-7900X CPU @ 3.30GHz","0","e2e","2","1.0","1.1719","0,6942","24,497","35.3","0","reduction","openblas","fp32","0","6","2","1.1719","41.332","35.3","35.3","3072000000","4.43","e2e","e2e","0","Intel(R) Core(TM) i9-7900X CPU @ 3.30GHz","","","","0","0","","","50.0","0","OPENBLAS_NUM_THREADS=10; e2e_host_memcpy=1; e2e_bw=mixed","12.2485","3,402361111111111e-06","0.3471","0","0","0.0","","0.0","0.0","6,804722222222222e-06","DE","0,1097399999999999","7,46750216666666e-07","0,0783099722222222","5,328776082021604e-07","0,02332","1,5868612222222223e-07","0,0518570416666666","3,5287276380786993e-07","0,1929","1,3126309166666667e-06","0,0950131388888888","6,46538017600308e-07","0,1097399999999999","7,46750216666666e-07","0,0783099722222222","5,328776082021604e-07","0,1097399999999999","3,73375108333333e-07","2,664388041010802e-07","7,46750216666666e-07","0,02332","7,934306111111112e-08","1,7643638190393496e-07","1,5868612222222223e-07","0,1929","6,563154583333333e-07","3,23269008800154e-07","1,3126309166666667e-06","0,1097399999999999","3,73375108333333e-07","2,664388041010802e-07","7,46750216666666e-07"
"2024-09-12 17:06:00+02:00","rock-ms7a95","Intel(R) Core(TM) i9-7900X CPU @ 3.30GHz","0","kernel","2577","1.0","0.7976","0,7976","27,499","34.5","1","reduction","openblas","fp32","0","2577","144","0.7976","27.499","34.5","34.3","20616000000","25.85","kernel","kernel","0","Intel(R) Core(TM) i9-7900X CPU @ 3.30GHz","","","","0","0","","","50.0","0","OPENBLAS_NUM_THREADS=10; e2e_host_memcpy=1; e2e_bw=mixed","0.0106709351959643","2,964148665545639e-09","0.0003095071788901824","0","0","","","","","7,63861111111111e-06","DE","0,1097399999999999","8,382611833333324e-07","0,0783099722222222","5,981794239274689e-07","0,02332","1,7813241111111111e-07","0,0518570416666666","3,9611577466435134e-07","0,1929","1,4734880833333331e-06","0,0950131388888888","7,257684184182092e-07","0,1097399999999999","8,382611833333324e-07","0,0783099722222222","5,981794239274689e-07","0,1097399999999999","3,2528567455697813e-10","2,32122399661416e-10","8,382611833333327e-07","0,02332","6,912394688052431e-11","1,537119808553944e-10","1,7813241111111114e-07","0,1929","5,717842775837537e-10","2,8163306884680224e-10","1,4734880833333333e-06","0,1097399999999999","3,2528567455697813e-10","2,32122399661416e-10","8,382611833333327e-07"
"2024-09-12 17:06:00+02:00","rock-ms7a95","Intel(R) Core(TM) i9-7900X CPU @ 3.30GHz","0","e2e","144","1.0","0.7976","0,0904","3,103","34.3","1","reduction","openblas","fp32","0","2577","144","0.7976","27.499","34.5","34.3","576000000","6.37","e2e","e2e","0","Intel(R) Core(TM) i9-7900X CPU @ 3.30GHz","","","","0","0","","","50.0","0","OPENBLAS_NUM_THREADS=10; e2e_host_memcpy=1; e2e_bw=mixed","0.021548611111111112","5,985725308641976e-09","0.0006277777777777778","0","0","0.0","","0.0","0.0","8,619444444444445e-07","DE","0,1097399999999999","9,458978333333324e-08","0,0783099722222222","6,74988455015432e-08","0,02332","2,0100544444444447e-08","0,0518570416666666","4,4697888969907357e-08","0,1929","1,6626908333333333e-07","0,0950131388888888","8,189604721450611e-08","0,1097399999999999","9,458978333333324e-08","0,0783099722222222","6,74988455015432e-08","0,1097399999999999","6,568734953703698e-10","4,687419826496056e-10","9,458978333333326e-08","0,02332","1,395871141975309e-10","3,1040200673546775e-10","2,010054444444445e-08","0,1929","1,1546464120370372e-09","5,687225501007369e-10","1,6626908333333335e-07","0,1097399999999999","6,568734953703698e-10","4,687419826496056e-10","9,458978333333326e-08"
"2024-09-12 17:06:06+02:00","rock-ms7a95","Intel(R) Core(TM) i9-7900X CPU @ 3.30GHz","0","kernel","2152","1.0","0.9831","0,9831","34,191","34.8","1","reduction","openblas","fp32","0","2152","150","0.9831","34.191","34.8","34.4","25824000000","26.27","kernel","kernel","0","Intel(R) Core(TM) i9-7900X CPU @ 3.30GHz","","","","0","0","","","50.0","0","OPENBLAS_NUM_THREADS=10; e2e_host_memcpy=1; e2e_bw=mixed","0.015888011152416358","4,413336431226766e-09","0.0004568308550185874","0","0","","","","","9,4975e-06","DE","0,1097399999999999","1,042255649999999e-06","0,0783099722222222","7,437489611805554e-07","0,02332","2,214817e-07","0,0518570416666666","4,925122532291661e-07","0,1929","1,83206775e-06","0,0950131388888888","9,023872865972214e-07","0,1097399999999999","1,042255649999999e-06","0,0783099722222222","7,437489611805554e-07","0,1097399999999999","4,843195399628249e-10","3,4560825333668934e-10","1,0422556499999992e-06","0,02332","1,0291900557620819e-10","2,2886257120314412e-10","2,2148170000000002e-07","0,1929","8,513325975836432e-10","4,1932494730354163e-10","1,8320677500000001e-06","0,1097399999999999","4,843195399628249e-10","3,4560825333668934e-10","1,0422556499999992e-06"
"2024-09-12 17:06:06+02:00","rock-ms7a95","Intel(R) Core(TM) i9-7900X CPU @ 3.30GHz","0","e2e","150","1.0","0.9831","0,149","5,127","34.4","1","reduction","openblas","fp32","0","2152","150","0.9831","34.191","34.8","34.4","900000000","6.04","e2e","e2e","0","Intel(R) Core(TM) i9-7900X CPU @ 3.30GHz","","","","0","0","","","50.0","0","OPENBLAS_NUM_THREADS=10; e2e_host_memcpy=1; e2e_bw=mixed","0.034179999999999995","9,494444444444442e-09","0.0009933333333333333","0","0","0.0","","0.0","0.0","1,4241666666666667e-06","DE","0,1097399999999999","1,5628804999999984e-07","0,0783099722222222","1,1152645210648145e-07","0,02332","3,3211566666666665e-08","0,0518570416666666","7,385307017361102e-08","0,1929","2,7472174999999996e-07","0,0950131388888888","1,353145453009258e-07","0,1097399999999999","1,5628804999999984e-07","0,0783099722222222","1,1152645210648145e-07","0,1097399999999999","1,0419203333333322e-09","7,435096807098762e-10","1,5628804999999984e-07","0,02332","2,214104444444444e-10","4,923538011574067e-10","3,321156666666666e-08","0,1929","1,831478333333333e-09","9,020969686728385e-10","2,7472174999999996e-07","0,1097399999999999","1,0419203333333322e-09","7,435096807098762e-10","1,5628804999999984e-07"
"2024-09-12 17:06:11+02:00","rock-ms7a95","Intel(R) Core(TM) i9-7900X CPU @ 3.30GHz","0","kernel","1130","1.0","0.7239","0,7239","25,184","34.8","1","reduction","openblas","fp32","0","1130","168","0.7239","25.184","34.8","34.9","18080000000","24.98","kernel","kernel","0","Intel(R) Core(TM) i9-7900X CPU @ 3.30GHz","","","","0","0","","","49.0","0","OPENBLAS_NUM_THREADS=10; e2e_host_memcpy=1; e2e_bw=mixed","0.022286725663716814","6,190757128810226e-09","0.0006406194690265487","0","0","","","","","6,995555555555556e-06","DE","0,1097399999999999","7,676922666666659e-07","0,0783099722222222","5,478217612345678e-07","0,02332","1,6313635555555557e-07","0,0518570416666666","3,627688159259255e-07","0,1929","1,3494426666666665e-06","0,0950131388888888","6,646696916049377e-07","0,1097399999999999","7,676922666666659e-07","0,0783099722222222","5,478217612345678e-07","0,1097399999999999","6,793736873156336e-10","4,847980187916529e-10","7,676922666666659e-07","0,02332","1,4436845624385447e-10","3,210343503769252e-10","1,6313635555555555e-07","0,1929","1,1941970501474925e-09","5,882032669070245e-10","1,3494426666666665e-06","0,1097399999999999","6,793736873156336e-10","4,847980187916529e-10","7,676922666666659e-07"
"2024-09-12 17:06:11+02:00","rock-ms7a95","Intel(R) Core(TM) i9-7900X CPU @ 3.30GHz","0","e2e","168","1.0","0.7239","0,2601","9,071","34.9","1","reduction","openblas","fp32","0","1130","168","0.7239","25.184","34.8","34.9","1344000000","5.17","e2e","e2e","0","Intel(R) Core(TM) i9-7900X CPU @ 3.30GHz","","","","0","0","","","49.0","0","OPENBLAS_NUM_THREADS=10; e2e_host_memcpy=1; e2e_bw=mixed","0.053994047619047615","1,4998346560846558e-08","0.0015482142857142858","0","0","0.0","","0.0","0.0","2,519722222222222e-06","DE","0,1097399999999999","2,765143166666664e-07","0,0783099722222222","1,9731937722993822e-07","0,02332","5,8759922222222223e-08","0,0518570416666666","1,3066534026620353e-07","0,1929","4,860544166666666e-07","0,0950131388888888","2,3940671746141956e-07","0,1097399999999999","2,765143166666664e-07","0,0783099722222222","1,9731937722993822e-07","0,1097399999999999","1,6459185515872996e-09","1,1745201025591558e-09","2,7651431666666635e-07","0,02332","3,4976144179894174e-10","7,777698825369257e-10","5,875992222222221e-08","0,1929","2,893181051587301e-09","1,4250399848894017e-09","4,860544166666665e-07","0,1097399999999999","1,6459185515872996e-09","1,1745201025591558e-09","2,7651431666666635e-07"
"2024-09-12 17:06:17+02:00","rock-ms7a95","Intel(R) Core(TM) i9-7900X CPU @ 3.30GHz","0","kernel","720","1.0","0.7957","0,7957","27,847","35.0","1","reduction","openblas","fp32","0","720","216","0.7957","27.847","35.0","33.9","17280000000","21.72","kernel","kernel","0","Intel(R) Core(TM) i9-7900X CPU @ 3.30GHz","","","","0","0","","","49.0","0","OPENBLAS_NUM_THREADS=10; e2e_host_memcpy=1; e2e_bw=mixed","0.03867638888888889","1,0743441358024692e-08","0.0011051388888888888","0","0","","","","","7,735277777777777e-06","DE","0,1097399999999999","8,488693833333325e-07","0,0783099722222222","6,057493879089505e-07","0,02332","1,8038667777777777e-07","0,0518570416666666","4,0112862202546247e-07","0,1929","1,4921350833333333e-06","0,0950131388888888","7,349530218441351e-07","0,1097399999999999","8,488693833333325e-07","0,0783099722222222","6,057493879089505e-07","0,1097399999999999","1,1789852546296286e-09","8,413185943179869e-10","8,488693833333326e-07","0,02332","2,505370524691358e-10","5,571230861464757e-10","1,803866777777778e-07","0,1929","2,072409837962963e-09","1,0207680858946323e-09","1,4921350833333335e-06","0,1097399999999999","1,1789852546296286e-09","8,413185943179869e-10","8,488693833333326e-07"
"2024-09-12 17:06:17+02:00","rock-ms7a95","Intel(R) Core(TM) i9-7900X CPU @ 3.30GHz","0","e2e","216","1.0","0.7957","0,5275","17,883","33.9","1","reduction","openblas","fp32","0","720","216","0.7957","27.847","35.0","33.9","2592000000","4.91","e2e","e2e","0","Intel(R) Core(TM) i9-7900X CPU @ 3.30GHz","","","","0","0","","","49.0","0","OPENBLAS_NUM_THREADS=10; e2e_host_memcpy=1; e2e_bw=mixed","0.08279166666666667","2,2997685185185183e-08","0.0024421296296296296","0","0","0.0","","0.0","0.0","4,9674999999999994e-06","DE","0,1097399999999999","5,451334499999995e-07","0,0783099722222222","3,8900478701388875e-07","0,02332","1,1584209999999999e-07","0,0518570416666666","2,575998544791663e-07","0,1929","9,5823075e-07","0,0950131388888888","4,719777674305551e-07","0,1097399999999999","5,451334499999995e-07","0,0783099722222222","3,8900478701388875e-07","0,1097399999999999","2,5237659722222194e-09","1,8009480880272628e-09","5,451334499999993e-07","0,02332","5,363060185185184e-10","1,1925919188850294e-09","1,1584209999999998e-07","0,1929","4,436253472222222e-09","2,1850822566229402e-09","9,5823075e-07","0,1097399999999999","2,5237659722222194e-09","1,8009480880272628e-09","5,451334499999993e-07"
"2024-09-12 17:06:24+02:00","rock-ms7a95","Intel(R) Core(TM) i9-7900X CPU @ 3.30GHz","0","kernel","490","1.0","0.7866","0,7866","27,219","34.6","1","reduction","openblas","fp32","0","490","177","0.7866","27.219","34.6","33.5","15680000000","19.93","kernel","kernel","0","Intel(R) Core(TM) i9-7900X CPU @ 3.30GHz","","","","0","0","","","49.0","0","OPENBLAS_NUM_THREADS=10; e2e_host_memcpy=1; e2e_bw=mixed","0.05554897959183674","1,5430272108843542e-08","0.0016053061224489795","0","0","","","","","7,560833333333334e-06","DE","0,1097399999999999","8,297258499999993e-07","0,0783099722222222","5,920886483101851e-07","0,02332","1,7631863333333335e-07","0,0518570416666666","3,9208244920138843e-07","0,1929","1,45848475e-06","0,0950131388888888","7,183785076157402e-07","0,1097399999999999","8,297258499999993e-07","0,0783099722222222","5,920886483101851e-07","0,1097399999999999","1,6933180612244886e-09","1,2083441802248678e-09","8,297258499999994e-07","0,02332","3,5983394557823144e-10","8,001682636763032e-10","1,763186333333334e-07","0,1929","2,976499489795919e-09","1,4660785869708986e-09","1,4584847500000003e-06","0,1097399999999999","1,6933180612244886e-09","1,2083441802248678e-09","8,297258499999994e-07"
"2024-09-12 17:06:24+02:00","rock-ms7a95","Intel(R) Core(TM) i9-7900X CPU @ 3.30GHz","0","e2e","177","1.0","0.7866","0,592","19,84","33.5","1","reduction","openblas","fp32","0","490","177","0.7866","27.219","34.6","33.5","2832000000","4.78","e2e","e2e","0","Intel(R) Core(TM) i9-7900X CPU @ 3.30GHz","","","","0","0","","","49.0","0","OPENBLAS_NUM_THREADS=10; e2e_host_memcpy=1; e2e_bw=mixed","0.112090395480226","3,113622096672944e-08","0.0033446327683615816","0","0","0.0","","0.0","0.0","5,511111111111111e-06","DE","0,1097399999999999","6,047893333333327e-07","0,0783099722222222","4,3157495802469125e-07","0,02332","1,285191111111111e-07","0,0518570416666666","2,8578991851851814e-07","0,1929","1,0630933333333332e-06","0,0950131388888888","5,236279654320983e-07","0,1097399999999999","6,047893333333327e-07","0,0783099722222222","4,3157495802469125e-07","0,1097399999999999","3,4168888888888855e-09","2,438276599009555e-09","6,047893333333327e-07","0,02332","7,260966729441306e-10","1,614632308014227e-09","1,285191111111111e-07","0,1929","6,006177024482109e-09","2,958350087186996e-09","1,0630933333333332e-06","0,1097399999999999","3,4168888888888855e-09","2,438276599009555e-09","6,047893333333327e-07"
"2024-09-12 17:06:32+02:00","rock-ms7a95","Intel(R) Core(TM) i9-7900X CPU @ 3.30GHz","0","kernel","389","1.0","1.017","1,017","34,021","33.5","0","reduction","openblas","fp32","0","389","111","1.017","34.021","33.5","33.7","18672000000","18.36","kernel","kernel","0","Intel(R) Core(TM) i9-7900X CPU @ 3.30GHz","","","","0","0","","","49.0","0","OPENBLAS_NUM_THREADS=10; e2e_host_memcpy=1; e2e_bw=mixed","0.08745758354755784","2,4293773207654957e-08","0.0026143958868894597","0","0","","","","","9,450277777777779e-06","DE","0,1097399999999999","1,0370734833333325e-06","0,0783099722222222","7,400509902700616e-07","0,02332","2,2038047777777781e-07","0,0518570416666666","4,900634484837957e-07","0,1929","1,8229585833333335e-06","0,0950131388888888","8,979005550385796e-07","0,1097399999999999","1,0370734833333325e-06","0,0783099722222222","7,400509902700616e-07","0,1097399999999999","2,6659986718080524e-09","1,902444705064426e-09","1,0370734833333323e-06","0,02332","5,665307912025136e-10","1,2598032094699118e-09","2,203804777777778e-07","0,1929","4,686268851756641e-09","2,3082276479140863e-09","1,8229585833333333e-06","0,1097399999999999","2,6659986718080524e-09","1,902444705064426e-09","1,0370734833333323e-06"
"2024-09-12 17:06:32+02:00","rock-ms7a95","Intel(R) Core(TM) i9-7900X CPU @ 3.30GHz","0","e2e","111","1.0","1.017","0,5718","19,265","33.7","0","reduction","openblas","fp32","0","389","111","1.017","34.021","33.5","33.7","2664000000","4.66","e2e","e2e","0","Intel(R) Core(TM) i9-7900X CPU @ 3.30GHz","","","","0","0","","","49.0","0","OPENBLAS_NUM_THREADS=10; e2e_host_memcpy=1; e2e_bw=mixed","0.17355855855855856","4,821071071071071e-08","0.005151351351351351","0","0","0.0","","0.0","0.0","5,351388888888889e-06","DE","0,1097399999999999","5,87261416666666e-07","0,0783099722222222","4,190671152391974e-07","0,02332","1,247943888888889e-07","0,0518570416666666","2,775071965856478e-07","0,1929","1,0322829166666665e-06","0,0950131388888888","5,084522557484563e-07","0,1097399999999999","5,87261416666666e-07","0,0783099722222222","4,190671152391974e-07","0,1097399999999999","5,290643393393388e-09","3,775379416569346e-09","5,872614166666662e-07","0,02332","1,1242737737737739e-09","2,5000648341049354e-09","1,247943888888889e-07","0,1929","9,299846096096096e-09","4,580650952688796e-09","1,0322829166666667e-06","0,1097399999999999","5,290643393393388e-09","3,775379416569346e-09","5,872614166666662e-07"
"2024-09-12 17:06:41+02:00","rock-ms7a95","Intel(R) Core(TM) i9-7900X CPU @ 3.30GHz","0","kernel","281","1.0","1.0201","1,0201","34,176","33.5","0","reduction","openblas","fp32","0","281","93","1.0201","34.176","33.5","33.4","17984000000","17.63","kernel","kernel","0","Intel(R) Core(TM) i9-7900X CPU @ 3.30GHz","","","","0","0","","","49.0","0","OPENBLAS_NUM_THREADS=10; e2e_host_memcpy=1; e2e_bw=mixed","0.12162277580071175","3,37841043890866e-08","0.003630249110320285","0","0","","","","","9,493333333333334e-06","DE","0,1097399999999999","1,0417983999999992e-06","0,0783099722222222","7,434226696296296e-07","0,02332","2,2138453333333337e-07","0,0518570416666666","4,922961822222217e-07","0,1929","1,831264e-06","0,0950131388888888","9,019913985185178e-07","0,1097399999999999","1,0417983999999992e-06","0,0783099722222222","7,434226696296296e-07","0,1097399999999999","3,70746761565836e-09","2,645632276262027e-09","1,0417983999999992e-06","0,02332","7,878453143534996e-10","1,751943708975878e-09","2,2138453333333337e-07","0,1929","6,5169537366548055e-09","3,2099338025570033e-09","1,8312640000000004e-06","0,1097399999999999","3,70746761565836e-09","2,645632276262027e-09","1,0417983999999992e-06"
"2024-09-12 17:06:41+02:00","rock-ms7a95","Intel(R) Core(TM) i9-7900X CPU @ 3.30GHz","0","e2e","93","1.0","1.0201","0,6479","21,643","33.4","0","reduction","openblas","fp32","0","281","93","1.0201","34.176","33.5","33.4","2976000000","4.59","e2e","e2e","0","Intel(R) Core(TM) i9-7900X CPU @ 3.30GHz","","","","0","0","","","49.0","0","OPENBLAS_NUM_THREADS=10; e2e_host_memcpy=1; e2e_bw=mixed","0.23272043010752688","6,464456391875747e-08","0.006966666666666667","0","0","0.0","","0.0","0.0","6,011944444444445e-06","DE","0,1097399999999999","6,597507833333328e-07","0,0783099722222222","4,707952024459876e-07","0,02332","1,4019854444444444e-07","0,0518570416666666","3,1176165355324036e-07","0,1929","1,1597040833333333e-06","0,0950131388888888","5,712137124922835e-07","0,1097399999999999","6,597507833333328e-07","0,0783099722222222","4,707952024459876e-07","0,1097399999999999","7,094094444444438e-09","5,062314004795566e-09","6,597507833333328e-07","0,02332","1,5075112305854243e-09","3,352275844658499e-09","1,4019854444444444e-07","0,1929","1,2469936379928315e-08","6,142082930024554e-09","1,1597040833333333e-06","0,1097399999999999","7,094094444444438e-09","5,062314004795566e-09","6,597507833333328e-07"
"2024-09-12 17:06:49+02:00","rock-ms7a95","Intel(R) Core(TM) i9-7900X CPU @ 3.30GHz","0","kernel","187","1.0","1.0611","1,0611","35,529","33.5","0","reduction","openblas","fp32","0","187","56","1.0611","35.529","33.5","33.5","17952000000","16.92","kernel","kernel","0","Intel(R) Core(TM) i9-7900X CPU @ 3.30GHz","","","","0","0","","","49.0","0","OPENBLAS_NUM_THREADS=10; e2e_host_memcpy=1; e2e_bw=mixed","0.18999465240641714","5,2776292335115876e-08","0.005674331550802139","0","0","","","","","9,869166666666667e-06","DE","0,1097399999999999","1,0830423499999989e-06","0,0783099722222222","7,72854167523148e-07","0,02332","2,3014896666666667e-07","0,0518570416666666","5,117857870486105e-07","0,1929","1,90376225e-06","0,0950131388888888","9,377005032175918e-07","0,1097399999999999","1,0830423499999989e-06","0,0783099722222222","7,72854167523148e-07","0,1097399999999999","5,79167032085561e-09","4,132909986754803e-09","1,083042349999999e-06","0,02332","1,2307431372549022e-09","2,7368223906342814e-09","2,3014896666666672e-07","0,1929","1,0180546791443852e-08","5,014441193676962e-09","1,9037622500000004e-06","0,1097399999999999","5,79167032085561e-09","4,132909986754803e-09","1,083042349999999e-06"
"2024-09-12 17:06:49+02:00","rock-ms7a95","Intel(R) Core(TM) i9-7900X CPU @ 3.30GHz","0","e2e","56","1.0","1.0611","0,5949","19,936","33.5","0","reduction","openblas","fp32","0","187","56","1.0611","35.529","33.5","33.5","2688000000","4.52","e2e","e2e","0","Intel(R) Core(TM) i9-7900X CPU @ 3.30GHz","","","","0","0","","","49.0","0","OPENBLAS_NUM_THREADS=10; e2e_host_memcpy=1; e2e_bw=mixed","0.356","9,888888888888889e-08","0.010623214285714286","0","0","0.0","","0.0","0.0","5,537777777777778e-06","DE","0,1097399999999999","6,077157333333327e-07","0,0783099722222222","4,3366322395061716e-07","0,02332","1,291409777777778e-07","0,0518570416666666","2,8717277296296263e-07","0,1929","1,0682373333333333e-06","0,0950131388888888","5,26161649135802e-07","0,1097399999999999","6,077157333333327e-07","0,0783099722222222","4,3366322395061716e-07","0,1097399999999999","1,0852066666666656e-08","7,743986141975307e-09","6,077157333333328e-07","0,02332","2,306088888888889e-09","5,128085231481475e-09","1,291409777777778e-07","0,1929","1,9075666666666666e-08","9,395743734567894e-09","1,0682373333333333e-06","0,1097399999999999","1,0852066666666656e-08","7,743986141975307e-09","6,077157333333328e-07"
"2024-09-12 17:06:58+02:00","rock-ms7a95","Intel(R) Core(TM) i9-7900X CPU @ 3.30GHz","0","kernel","138","1.0","1.0661","1,0661","35,733","33.5","0","reduction","openblas","fp32","0","138","47","1.0661","35.733","33.5","33.5","17664000000","16.57","kernel","kernel","0","Intel(R) Core(TM) i9-7900X CPU @ 3.30GHz","","","","0","0","","","49.0","0","OPENBLAS_NUM_THREADS=10; e2e_host_memcpy=1; e2e_bw=mixed","0.2589347826086956","7,192632850241545e-08","0.00772536231884058","0","0","","","","","9,925833333333332e-06","DE","0,1097399999999999","1,0892609499999988e-06","0,0783099722222222","7,772917326157405e-07","0,02332","2,3147043333333333e-07","0,0518570416666666","5,147243527430548e-07","0,1929","1,9146932499999995e-06","0,0950131388888888","9,43084581087962e-07","0,1097399999999999","1,0892609499999988e-06","0,0783099722222222","7,772917326157405e-07","0,1097399999999999","7,893195289855064e-09","5,632548787070583e-09","1,0892609499999988e-06","0,02332","1,6773219806763284e-09","3,7298866140801075e-09","2,3147043333333333e-07","0,1929","1,387458876811594e-08","6,833946239767841e-09","1,9146932499999995e-06","0,1097399999999999","7,893195289855064e-09","5,632548787070583e-09","1,0892609499999988e-06"
"2024-09-12 17:06:58+02:00","rock-ms7a95","Intel(R) Core(TM) i9-7900X CPU @ 3.30GHz","0","e2e","47","1.0","1.0661","0,6713","22,51","33.5","0","reduction","openblas","fp32","0","138","47","1.0661","35.733","33.5","33.5","3008000000","4.48","e2e","e2e","0","Intel(R) Core(TM) i9-7900X CPU @ 3.30GHz","","","","0","0","","","49.0","0","OPENBLAS_NUM_THREADS=10; e2e_host_memcpy=1; e2e_bw=mixed","0.47893617021276597","1,3303782505910165e-07","0.014282978723404255","0","0","0.0","","0.0","0.0","6,2527777777777785e-06","DE","0,1097399999999999","6,861798333333328e-07","0,0783099722222222","4,896548540895062e-07","0,02332","1,458147777777778e-07","0,0518570416666666","3,242505577546293e-07","0,1929","1,2061608333333334e-06","0,0950131388888888","5,940960434413576e-07","0,1097399999999999","6,861798333333328e-07","0,0783099722222222","4,896548540895062e-07","0,1097399999999999","1,4599570921985801e-08","1,0418188384883107e-08","6,861798333333327e-07","0,02332","3,1024420803782503e-09","6,8989480373325365e-09","1,4581477777777776e-07","0,1929","2,5662996453900705e-08","1,2640341349816116e-08","1,2061608333333332e-06","0,1097399999999999","1,4599570921985801e-08","1,0418188384883107e-08","6,861798333333327e-07"
"2024-09-12 17:07:06+02:00","rock-ms7a95","Intel(R) Core(TM) i9-7900X CPU @ 3.30GHz","0","kernel","89","1.0","1.0509","1,0509","35,189","33.5","0","reduction","openblas","fp32","0","89","27","1.0509","35.189","33.5","33.7","17088000000","16.26","kernel","kernel","0","Intel(R) Core(TM) i9-7900X CPU @ 3.30GHz","","","","0","0","","","49.0","0","OPENBLAS_NUM_THREADS=10; e2e_host_memcpy=1; e2e_bw=mixed","0.3953820224719101","1,0982833957553061e-07","0.011807865168539326","0","0","","","","","9,774722222222223e-06","DE","0,1097399999999999","1,0726780166666657e-06","0,0783099722222222","7,654582257021603e-07","0,02332","2,2794652222222223e-07","0,0518570416666666","5,068881775578697e-07","0,1929","1,8855439166666667e-06","0,0950131388888888","9,287270401003079e-07","0,1097399999999999","1,0726780166666657e-06","0,0783099722222222","7,654582257021603e-07","0,1097399999999999","1,2052561985018718e-08","8,60065422137259e-09","1,072678016666666e-06","0,02332","2,561196878901374e-09","5,6953727815491e-09","2,2794652222222228e-07","0,1929","2,1185886704119853e-08","1,0435135282025933e-08","1,8855439166666669e-06","0,1097399999999999","1,2052561985018718e-08","8,60065422137259e-09","1,072678016666666e-06"
"2024-09-12 17:07:06+02:00","rock-ms7a95","Intel(R) Core(TM) i9-7900X CPU @ 3.30GHz","0","e2e","27","1.0","1.0509","0,5835","19,636","33.7","0","reduction","openblas","fp32","0","89","27","1.0509","35.189","33.5","33.7","2592000000","4.44","e2e","e2e","0","Intel(R) Core(TM) i9-7900X CPU @ 3.30GHz","","","","0","0","","","49.0","0","OPENBLAS_NUM_THREADS=10; e2e_host_memcpy=1; e2e_bw=mixed","0.7272592592592593","2,020164609053498e-07","0.021611111111111112","0","0","0.0","","0.0","0.0","5,454444444444445e-06","DE","0,1097399999999999","5,985707333333328e-07","0,0783099722222222","4,271373929320987e-07","0,02332","1,2719764444444444e-07","0,0518570416666666","2,8285135282407375e-07","0,1929","1,0521623333333332e-06","0,0950131388888888","5,182438875617279e-07","0,1097399999999999","5,985707333333328e-07","0,0783099722222222","4,271373929320987e-07","0,1097399999999999","2,2169286419753063e-08","1,581990344192958e-08","5,985707333333327e-07","0,02332","4,711023868312757e-09","1,0475976030521249e-08","1,2719764444444444e-07","0,1929","3,896897530864197e-08","1,9194218057841775e-08","1,0521623333333332e-06","0,1097399999999999","2,2169286419753063e-08","1,581990344192958e-08","5,985707333333327e-07"
"2024-09-12 17:07:15+02:00","rock-ms7a95","Intel(R) Core(TM) i9-7900X CPU @ 3.30GHz","0","kernel","66","1.0","1.0495","1,0495","35,24","33.6","0","reduction","openblas","fp32","0","66","23","1.0495","35.24","33.6","33.7","16896000000","16.1","kernel","kernel","0","Intel(R) Core(TM) i9-7900X CPU @ 3.30GHz","","","","0","0","","","49.0","0","OPENBLAS_NUM_THREADS=10; e2e_host_memcpy=1; e2e_bw=mixed","0.5339393939393939","1,483164983164983e-07","0.015901515151515153","0","0","","","","","9,78888888888889e-06","DE","0,1097399999999999","1,0742326666666657e-06","0,0783099722222222","7,665676169753085e-07","0,02332","2,282768888888889e-07","0,0518570416666666","5,076228189814809e-07","0,1929","1,8882766666666666e-06","0,0950131388888888","9,300730595679005e-07","0,1097399999999999","1,0742326666666657e-06","0,0783099722222222","7,665676169753085e-07","0,1097399999999999","1,627625252525251e-08","1,1614660863262248e-08","1,0742326666666657e-06","0,02332","3,4587407407407406e-09","7,69125483305274e-09","2,2827688888888889e-07","0,1929","2,8610252525252523e-08","1,4092016054059097e-08","1,8882766666666664e-06","0,1097399999999999","1,627625252525251e-08","1,1614660863262248e-08","1,0742326666666657e-06"
"2024-09-12 17:07:15+02:00","rock-ms7a95","Intel(R) Core(TM) i9-7900X CPU @ 3.30GHz","0","e2e","23","1.0","1.0495","0,6606","22,268","33.7","0","reduction","openblas","fp32","0","66","23","1.0495","35.24","33.6","33.7","2944000000","4.46","e2e","e2e","0","Intel(R) Core(TM) i9-7900X CPU @ 3.30GHz","","","","0","0","","","49.0","0","OPENBLAS_NUM_THREADS=10; e2e_host_memcpy=1; e2e_bw=mixed","0.9681739130434783","2,6893719806763285e-07","0.02872173913043478","0","0","0.0","","0.0","0.0","6,185555555555556e-06","DE","0,1097399999999999","6,788028666666661e-07","0,0783099722222222","4,843906837345678e-07","0,02332","1,4424715555555556e-07","0,0518570416666666","3,2076461217592554e-07","0,1929","1,1931936666666666e-06","0,0950131388888888","5,877090491049378e-07","0,1097399999999999","6,788028666666661e-07","0,0783099722222222","4,843906837345678e-07","0,1097399999999999","2,9513168115942e-08","2,10604645101986e-08","6,788028666666661e-07","0,02332","6,271615458937198e-09","1,3946287485909806e-08","1,4424715555555556e-07","0,1929","5,187798550724638e-08","2,5552567352388597e-08","1,1931936666666666e-06","0,1097399999999999","2,9513168115942e-08","2,10604645101986e-08","6,788028666666661e-07"
"2024-09-12 17:07:23+02:00","rock-ms7a95","Intel(R) Core(TM) i9-7900X CPU @ 3.30GHz","0","kernel","44","1.0","1.06","1,06","37,231","35.1","0","reduction","openblas","fp32","0","44","14","1.06","37.231","35.1","34.4","16896000000","15.94","kernel","kernel","0","Intel(R) Core(TM) i9-7900X CPU @ 3.30GHz","","","","0","0","","","49.0","0","OPENBLAS_NUM_THREADS=10; e2e_host_memcpy=1; e2e_bw=mixed","0.8461590909090909","2,3504419191919195e-07","0.024090909090909093","0","0","","","","","1,0341944444444446e-05","DE","0,1097399999999999","1,1349249833333323e-06","0,0783099722222222","8,098773821682098e-07","0,02332","2,4117414444444447e-07","0,0518570416666666","5,363026439699068e-07","0,1929","1,9949610833333336e-06","0,0950131388888888","9,826206038811722e-07","0,1097399999999999","1,1349249833333323e-06","0,0783099722222222","8,098773821682098e-07","0,1097399999999999","2,57937496212121e-08","1,8406304140186587e-08","1,1349249833333325e-06","0,02332","5,481230555555556e-09","1,2188696453861518e-08","2,4117414444444447e-07","0,1929","4,5340024621212126e-08","2,2332286451844822e-08","1,9949610833333336e-06","0,1097399999999999","2,57937496212121e-08","1,8406304140186587e-08","1,1349249833333325e-06"
"2024-09-12 17:07:23+02:00","rock-ms7a95","Intel(R) Core(TM) i9-7900X CPU @ 3.30GHz","0","e2e","14","1.0","1.06","0,6061","20,857","34.4","0","reduction","openblas","fp32","0","44","14","1.06","37.231","35.1","34.4","2688000000","4.43","e2e","e2e","0","Intel(R) Core(TM) i9-7900X CPU @ 3.30GHz","","","","0","0","","","49.0","0","OPENBLAS_NUM_THREADS=10; e2e_host_memcpy=1; e2e_bw=mixed","1.4897857142857143","4,138293650793651e-07","0.04329285714285714","0","0","0.0","","0.0","0.0","5,793611111111111e-06","DE","0,1097399999999999","6,357908833333327e-07","0,0783099722222222","4,5369752517746903e-07","0,02332","1,3510701111111112e-07","0,0518570416666666","3,004395327893515e-07","0,1929","1,1175875833333334e-06","0,0950131388888888","5,504691771682094e-07","0,1097399999999999","6,357908833333327e-07","0,0783099722222222","4,5369752517746903e-07","0,1097399999999999","4,5413634523809484e-08","3,2406966084104935e-08","6,357908833333327e-07","0,02332","9,650500793650794e-09","2,1459966627810822e-08","1,3510701111111112e-07","0,1929","7,982768452380953e-08","3,931922694058639e-08","1,1175875833333334e-06","0,1097399999999999","4,5413634523809484e-08","3,2406966084104935e-08","6,357908833333327e-07"
"2024-09-12 17:07:32+02:00","rock-ms7a95","Intel(R) Core(TM) i9-7900X CPU @ 3.30GHz","0","kernel","33","1.0","1.0641","1,0641","38,007","35.7","0","reduction","openblas","fp32","0","33","12","1.0641","38.007","35.7","35.5","16896000000","15.88","kernel","kernel","0","Intel(R) Core(TM) i9-7900X CPU @ 3.30GHz","","","","0","0","","","49.0","0","OPENBLAS_NUM_THREADS=10; e2e_host_memcpy=1; e2e_bw=mixed","1.1517272727272727","3,199242424242425e-07","0.03224545454545455","0","0","","","","","1,05575e-05","DE","0,1097399999999999","1,1585800499999988e-06","0,0783099722222222","8,26757531736111e-07","0,02332","2,462009e-07","0,0518570416666666","5,474807173958327e-07","0,1929","2,03654175e-06","0,0950131388888888","1,0031012138194436e-06","0,1097399999999999","1,1585800499999988e-06","0,0783099722222222","8,26757531736111e-07","0,1097399999999999","3,5108486363636335e-08","2,5053258537457912e-08","1,158580049999999e-06","0,02332","7,460633333333334e-09","1,659032476957069e-08","2,4620090000000006e-07","0,1929","6,171338636363637e-08","3,0397006479377085e-08","2,03654175e-06","0,1097399999999999","3,5108486363636335e-08","2,5053258537457912e-08","1,158580049999999e-06"
"2024-09-12 17:07:32+02:00","rock-ms7a95","Intel(R) Core(TM) i9-7900X CPU @ 3.30GHz","0","e2e","12","1.0","1.0641","0,6944","24,669","35.5","0","reduction","openblas","fp32","0","33","12","1.0641","38.007","35.7","35.5","3072000000","4.42","e2e","e2e","0","Intel(R) Core(TM) i9-7900X CPU @ 3.30GHz","","","","0","0","","","49.0","0","OPENBLAS_NUM_THREADS=10; e2e_host_memcpy=1; e2e_bw=mixed","2.05575","5,710416666666667e-07","0.05786666666666667","0","0","0.0","","0.0","0.0","6,8525e-06","DE","0,1097399999999999","7,519933499999992e-07","0,0783099722222222","5,366190846527776e-07","0,02332","1,598003e-07","0,0518570416666666","3,553503780208329e-07","0,1929","1,3218472499999999e-06","0,0950131388888888","6,510775342361106e-07","0,1097399999999999","7,519933499999992e-07","0,0783099722222222","5,366190846527776e-07","0,1097399999999999","6,266611249999994e-08","4,471825705439814e-08","7,519933499999993e-07","0,02332","1,3316691666666666e-08","2,9612531501736076e-08","1,598003e-07","0,1929","1,1015393749999999e-07","5,425646118634255e-08","1,3218472499999999e-06","0,1097399999999999","6,266611249999994e-08","4,471825705439814e-08","7,519933499999993e-07"
"2024-09-12 17:07:41+02:00","rock-ms7a95","Intel(R) Core(TM) i9-7900X CPU @ 3.30GHz","0","kernel","22","1.0","1.0691","1,0691","37,947","35.5","0","reduction","openblas","fp32","0","22","7","1.0691","37.947","35.5","35.4","16896000000","15.8","kernel","kernel","0","Intel(R) Core(TM) i9-7900X CPU @ 3.30GHz","","","","0","0","","","49.0","0","OPENBLAS_NUM_THREADS=10; e2e_host_memcpy=1; e2e_bw=mixed","1.7248636363636365","4,791287878787879e-07","0.048595454545454546","0","0","","","","","1,0540833333333334e-05","DE","0,1097399999999999","1,156751049999999e-06","0,0783099722222222","8,254523655324073e-07","0,02332","2,4581223333333335e-07","0,0518570416666666","5,46616433368055e-07","0,1929","2,03332675e-06","0,0950131388888888","1,0015176615046288e-06","0,1097399999999999","1,156751049999999e-06","0,0783099722222222","8,254523655324073e-07","0,1097399999999999","5,2579593181818134e-08","3,7520562069654876e-08","1,156751049999999e-06","0,02332","1,1173283333333335e-08","2,484620151672977e-08","2,4581223333333335e-07","0,1929","9,242394318181819e-08","4,552353006839222e-08","2,0333267500000003e-06","0,1097399999999999","5,2579593181818134e-08","3,7520562069654876e-08","1,156751049999999e-06"
"2024-09-12 17:07:41+02:00","rock-ms7a95","Intel(R) Core(TM) i9-7900X CPU @ 3.30GHz","0","e2e","7","1.0","1.0691","0,6091","21,546","35.4","0","reduction","openblas","fp32","0","22","7","1.0691","37.947","35.5","35.4","2688000000","4.41","e2e","e2e","0","Intel(R) Core(TM) i9-7900X CPU @ 3.30GHz","","","","0","0","","","49.0","0","OPENBLAS_NUM_THREADS=10; e2e_host_memcpy=1; e2e_bw=mixed","3.078","8,55e-07","0.08701428571428571","0","0","0.0","","0.0","0.0","5,9849999999999994e-06","DE","0,1097399999999999","6,567938999999993e-07","0,0783099722222222","4,6868518374999986e-07","0,02332","1,3957019999999998e-07","0,0518570416666666","3,103643943749996e-07","0,1929","1,1545064999999998e-06","0,0950131388888888","5,686536362499995e-07","0,1097399999999999","6,567938999999993e-07","0,0783099722222222","4,6868518374999986e-07","0,1097399999999999","9,38276999999999e-08","6,695502624999998e-08","6,567938999999993e-07","0,02332","1,99386e-08","4,4337770624999945e-08","1,3957019999999998e-07","0,1929","1,649295e-07","8,123623374999992e-08","1,1545065e-06","0,1097399999999999","9,38276999999999e-08","6,695502624999998e-08","6,567938999999993e-07"
"2024-09-12 17:07:50+02:00","rock-ms7a95","Intel(R) Core(TM) i9-7900X CPU @ 3.30GHz","0","kernel","17","1.0","1.1048","1,1048","39,132","35.4","0","reduction","openblas","fp32","0","17","6","1.1048","39.132","35.4","35.4","17408000000","15.76","kernel","kernel","0","Intel(R) Core(TM) i9-7900X CPU @ 3.30GHz","","","","0","0","","","49.0","0","OPENBLAS_NUM_THREADS=10; e2e_host_memcpy=1; e2e_bw=mixed","2.3018823529411763","6,394117647058823e-07","0.06498823529411765","0","0","","","","","1,087e-05","DE","0,1097399999999999","1,1928737999999988e-06","0,0783099722222222","8,512293980555553e-07","0,02332","2,534884e-07","0,0518570416666666","5,636860429166659e-07","0,1929","2,0968229999999996e-06","0,0950131388888888","1,0327928197222214e-06","0,1097399999999999","1,1928737999999988e-06","0,0783099722222222","8,512293980555553e-07","0,1097399999999999","7,016904705882346e-08","5,007231753267972e-08","1,1928737999999988e-06","0,02332","1,4911082352941176e-08","3,315800252450976e-08","2,534884e-07","0,1929","1,233425294117647e-07","6,075251880718948e-08","2,0968229999999996e-06","0,1097399999999999","7,016904705882346e-08","5,007231753267972e-08","1,1928737999999988e-06"
"2024-09-12 17:07:50+02:00","rock-ms7a95","Intel(R) Core(TM) i9-7900X CPU @ 3.30GHz","0","e2e","6","1.0","1.1048","0,6966","24,639","35.4","0","reduction","openblas","fp32","0","17","6","1.1048","39.132","35.4","35.4","3072000000","4.41","e2e","e2e","0","Intel(R) Core(TM) i9-7900X CPU @ 3.30GHz","","","","0","0","","","49.0","0","OPENBLAS_NUM_THREADS=10; e2e_host_memcpy=1; e2e_bw=mixed","4.1065","1,1406944444444442e-06","0.1161","0","0","0.0","","0.0","0.0","6,844166666666666e-06","DE","0,1097399999999999","7,510788499999992e-07","0,0783099722222222","5,359665015509258e-07","0,02332","1,5960596666666667e-07","0,0518570416666666","3,54918236006944e-07","0,1929","1,3202397499999999e-06","0,0950131388888888","6,502857580787031e-07","0,1097399999999999","7,510788499999992e-07","0,0783099722222222","5,359665015509258e-07","0,1097399999999999","1,251798083333332e-07","8,932775025848761e-08","7,510788499999992e-07","0,02332","2,660099444444444e-08","5,915303933449066e-08","1,5960596666666664e-07","0,1929","2,2003995833333328e-07","1,0838095967978384e-07","1,3202397499999996e-06","0,1097399999999999","1,251798083333332e-07","8,932775025848761e-08","7,510788499999992e-07"
"2024-09-12 17:08:00+02:00","rock-ms7a95","Intel(R) Core(TM) i9-7900X CPU @ 3.30GHz","0","kernel","13","1.0","1.0574","1,0574","37,602","35.6","0","reduction","openblas","fp32","0","13","5","1.0574","37.602","35.6","35.5","16640000000","15.74","kernel","kernel","0","Intel(R) Core(TM) i9-7900X CPU @ 3.30GHz","","","","0","0","","","49.0","0","OPENBLAS_NUM_THREADS=10; e2e_host_memcpy=1; e2e_bw=mixed","2.8924615384615384","8,034615384615384e-07","0.08133846153846153","0","0","","","","","1,0444999999999999e-05","DE","0,1097399999999999","1,1462342999999988e-06","0,0783099722222222","8,179476598611109e-07","0,02332","2,435774e-07","0,0518570416666666","5,416468002083326e-07","0,1929","2,0148404999999997e-06","0,0950131388888888","9,924122356944436e-07","0,1097399999999999","1,1462342999999988e-06","0,0783099722222222","8,179476598611109e-07","0,1097399999999999","8,817186923076914e-08","6,2919050758547e-08","1,1462342999999988e-06","0,02332","1,8736723076923077e-08","4,166513847756405e-08","2,435774e-07","0,1929","1,5498773076923076e-07","7,633940274572643e-08","2,0148404999999997e-06","0,1097399999999999","8,817186923076914e-08","6,2919050758547e-08","1,1462342999999988e-06"
"2024-09-12 17:08:00+02:00","rock-ms7a95","Intel(R) Core(TM) i9-7900X CPU @ 3.30GHz","0","e2e","5","1.0","1.0574","0,7257","25,77","35.5","0","reduction","openblas","fp32","0","13","5","1.0574","37.602","35.6","35.5","3200000000","4.41","e2e","e2e","0","Intel(R) Core(TM) i9-7900X CPU @ 3.30GHz","","","","0","0","","","49.0","0","OPENBLAS_NUM_THREADS=10; e2e_host_memcpy=1; e2e_bw=mixed","5.154","1,4316666666666666e-06","0.14514","0","0","0.0","","0.0","0.0","7,158333333333333e-06","DE","0,1097399999999999","7,855554999999992e-07","0,0783099722222222","5,605688844907406e-07","0,02332","1,6693233333333334e-07","0,0518570416666666","3,7120998993055507e-07","0,1929","1,3808424999999998e-06","0,0950131388888888","6,801357192129623e-07","0,1097399999999999","7,855554999999992e-07","0,0783099722222222","5,605688844907406e-07","0,1097399999999999","1,5711109999999984e-07","1,1211377689814812e-07","7,855554999999992e-07","0,02332","3,3386466666666666e-08","7,424199798611102e-08","1,6693233333333332e-07","0,1929","2,761685e-07","1,3602714384259248e-07","1,3808425e-06","0,1097399999999999","1,5711109999999984e-07","1,1211377689814812e-07","7,855554999999992e-07"
"2024-09-12 17:08:10+02:00","rock-ms7a95","Intel(R) Core(TM) i9-7900X CPU @ 3.30GHz","0","kernel","11","1.0","1.0736","1,0736","37,565","35.0","0","reduction","openblas","fp32","0","11","5","1.0736","37.565","35.0","34.8","16896000000","15.74","kernel","kernel","0","Intel(R) Core(TM) i9-7900X CPU @ 3.30GHz","","","","0","0","","","49.0","0","OPENBLAS_NUM_THREADS=10; e2e_host_memcpy=1; e2e_bw=mixed","3.4149999999999996","9,48611111111111e-07","0.0976","0","0","","","","","1,0434722222222221e-05","DE","0,1097399999999999","1,1451064166666654e-06","0,0783099722222222","8,171428073688269e-07","0,02332","2,433377222222222e-07","0,0518570416666666","5,411138250578697e-07","0,1929","2,0128579166666662e-06","0,0950131388888888","9,914357117669744e-07","0,1097399999999999","1,1451064166666654e-06","0,0783099722222222","8,171428073688269e-07","0,1097399999999999","1,0410058333333322e-07","7,428570976080245e-08","1,1451064166666654e-06","0,02332","2,2121611111111108e-08","4,919216591435179e-08","2,4333772222222217e-07","0,1929","1,829870833333333e-07","9,013051925154313e-08","2,0128579166666662e-06","0,1097399999999999","1,0410058333333322e-07","7,428570976080245e-08","1,1451064166666654e-06"
"2024-09-12 17:08:10+02:00","rock-ms7a95","Intel(R) Core(TM) i9-7900X CPU @ 3.30GHz","0","e2e","5","1.0","1.0736","0,8705","30,269","34.8","0","reduction","openblas","fp32","0","11","5","1.0736","37.565","35.0","34.8","3840000000","4.41","e2e","e2e","0","Intel(R) Core(TM) i9-7900X CPU @ 3.30GHz","","","","0","0","","","49.0","0","OPENBLAS_NUM_THREADS=10; e2e_host_memcpy=1; e2e_bw=mixed","6.0538","1,6816111111111111e-06","0.1741","0","0","0.0","","0.0","0.0","8,408055555555554e-06","DE","0,1097399999999999","9,227000166666657e-07","0,0783099722222222","6,584345969984565e-07","0,02332","1,9607585555555553e-07","0,0518570416666666","4,36016887280092e-07","0,1929","1,6219139166666663e-06","0,0950131388888888","7,98875750285493e-07","0,1097399999999999","9,227000166666657e-07","0,0783099722222222","6,584345969984565e-07","0,1097399999999999","1,8454000333333316e-07","1,3168691939969132e-07","9,227000166666658e-07","0,02332","3,921517111111111e-08","8,720337745601842e-08","1,9607585555555556e-07","0,1929","3,2438278333333333e-07","1,5977515005709862e-07","1,6219139166666668e-06","0,1097399999999999","1,8454000333333316e-07","1,3168691939969132e-07","9,227000166666658e-07"
"2024-09-12 17:08:20+02:00","rock-ms7a95","Intel(R) Core(TM) i9-7900X CPU @ 3.30GHz","0","kernel","9","1.0","1.1732","1,1732","41,077","35.0","0","reduction","openblas","fp32","0","9","3","1.1732","41.077","35.0","34.9","18432000000","15.71","kernel","kernel","0","Intel(R) Core(TM) i9-7900X CPU @ 3.30GHz","","","","0","0","","","49.0","0","OPENBLAS_NUM_THREADS=10; e2e_host_memcpy=1; e2e_bw=mixed","4.564111111111111","1,2678086419753083e-06","0.13035555555555556","0","0","","","","","1,1410277777777777e-05","DE","0,1097399999999999","1,252163883333332e-06","0,0783099722222222","8,93538535825617e-07","0,02332","2,6608767777777775e-07","0,0518570416666666","5,917032501504622e-07","0,1929","2,201042583333333e-06","0,0950131388888888","1,0841263072608014e-06","0,1097399999999999","1,252163883333332e-06","0,0783099722222222","8,93538535825617e-07","0,1097399999999999","1,391293203703702e-07","9,928205953617966e-08","1,2521638833333318e-06","0,02332","2,956529753086419e-08","6,574480557227357e-08","2,660876777777777e-07","0,1929","2,4456028703703694e-07","1,2045847858453349e-07","2,2010425833333326e-06","0,1097399999999999","1,391293203703702e-07","9,928205953617966e-08","1,2521638833333318e-06"
"2024-09-12 17:08:20+02:00","rock-ms7a95","Intel(R) Core(TM) i9-7900X CPU @ 3.30GHz","0","e2e","3","1.0","1.1732","0,6964","24,339","34.9","0","reduction","openblas","fp32","0","9","3","1.1732","41.077","35.0","34.9","3072000000","4.41","e2e","e2e","0","Intel(R) Core(TM) i9-7900X CPU @ 3.30GHz","","","","0","0","","","49.0","0","OPENBLAS_NUM_THREADS=10; e2e_host_memcpy=1; e2e_bw=mixed","8.113","2,253611111111111e-06","0.23213333333333333","0","0","0.0","","0.0","0.0","6,760833333333333e-06","DE","0,1097399999999999","7,419338499999993e-07","0,0783099722222222","5,294406705324072e-07","0,02332","1,5766263333333332e-07","0,0518570416666666","3,505968158680551e-07","0,1929","1,30416475e-06","0,0950131388888888","6,42367996504629e-07","0,1097399999999999","7,419338499999993e-07","0,0783099722222222","5,294406705324072e-07","0,1097399999999999","2,473112833333331e-07","1,7648022351080242e-07","7,419338499999993e-07","0,02332","5,255421111111111e-08","1,168656052893517e-07","1,5766263333333332e-07","0,1929","4,347215833333333e-07","2,14122665501543e-07","1,30416475e-06","0,1097399999999999","2,473112833333331e-07","1,7648022351080242e-07","7,419338499999993e-07"
"2024-09-12 17:08:30+02:00","rock-ms7a95","Intel(R) Core(TM) i9-7900X CPU @ 3.30GHz","0","kernel","6","1.0","1.1736","1,1736","41,186","35.1","0","reduction","openblas","fp32","0","6","2","1.1736","41.186","35.1","35.1","18432000000","15.71","kernel","kernel","0","Intel(R) Core(TM) i9-7900X CPU @ 3.30GHz","","","","0","0","","","50.0","0","OPENBLAS_NUM_THREADS=10; e2e_host_memcpy=1; e2e_bw=mixed","6.864333333333334","1,9067592592592597e-06","0.1956","0","0","","","","","1,1440555555555556e-05","DE","0,1097399999999999","1,2554865666666656e-06","0,0783099722222222","8,959095877623456e-07","0,02332","2,6679375555555555e-07","0,0518570416666666","5,932733661342586e-07","0,1929","2,2068831666666667e-06","0,0950131388888888","1,0870030939660485e-06","0,1097399999999999","1,2554865666666656e-06","0,0783099722222222","8,959095877623456e-07","0,1097399999999999","2,0924776111111095e-07","1,493182646270576e-07","1,2554865666666656e-06","0,02332","4,446562592592594e-08","9,887889435570977e-08","2,667937555555556e-07","0,1929","3,678138611111112e-07","1,8116718232767477e-07","2,206883166666667e-06","0,1097399999999999","2,0924776111111095e-07","1,493182646270576e-07","1,2554865666666656e-06"
"2024-09-12 17:08:30+02:00","rock-ms7a95","Intel(R) Core(TM) i9-7900X CPU @ 3.30GHz","0","e2e","2","1.0","1.1736","0,696","24,411","35.1","0","reduction","openblas","fp32","0","6","2","1.1736","41.186","35.1","35.1","3072000000","4.41","e2e","e2e","0","Intel(R) Core(TM) i9-7900X CPU @ 3.30GHz","","","","0","0","","","50.0","0","OPENBLAS_NUM_THREADS=10; e2e_host_memcpy=1; e2e_bw=mixed","12.2055","3,390416666666667e-06","0.348","0","0","0.0","","0.0","0.0","6,780833333333334e-06","DE","0,1097399999999999","7,441286499999993e-07","0,0783099722222222","5,310068699768518e-07","0,02332","1,5812903333333334e-07","0,0518570416666666","3,516339567013885e-07","0,1929","1,30802275e-06","0,0950131388888888","6,442682592824069e-07","0,1097399999999999","7,441286499999993e-07","0,0783099722222222","5,310068699768518e-07","0,1097399999999999","3,7206432499999966e-07","2,655034349884259e-07","7,441286499999993e-07","0,02332","7,906451666666667e-08","1,7581697835069424e-07","1,5812903333333334e-07","0,1929","6,54011375e-07","3,2213412964120345e-07","1,30802275e-06","0,1097399999999999","3,7206432499999966e-07","2,655034349884259e-07","7,441286499999993e-07"
"2024-09-12 17:08:57+02:00","rock-ms7a95","Intel(R) Core(TM) i9-7900X CPU @ 3.30GHz","0","kernel","2190","1.0","0.613","0,613","21,111","34.4","1","reduction","openblas","fp32","0","2190","153","0.613","21.111","34.4","34.5","17520000000","28.58","kernel","kernel","0","Intel(R) Core(TM) i9-7900X CPU @ 3.30GHz","","","","0","0","","","50.0","0","OPENBLAS_NUM_THREADS=10; e2e_host_memcpy=1; e2e_bw=mixed","0.009639726027397261","2,677701674277017e-09","0.00027990867579908677","0","0","","","","","5,864166666666667e-06","DE","0,1097399999999999","6,435336499999994e-07","0,0783099722222222","4,5922272877314806e-07","0,02332","1,367523666666667e-07","0,0518570416666666","3,0409833517361076e-07","0,1929","1,13119775e-06","0,0950131388888888","5,571728819675921e-07","0,1097399999999999","6,435336499999994e-07","0,0783099722222222","4,5922272877314806e-07","0,1097399999999999","2,9385098173515955e-10","2,0969074373203108e-10","6,435336499999994e-07","0,02332","6,244400304414003e-11","1,388576872938862e-10","1,367523666666667e-07","0,1929","5,165286529680365e-10","2,544168410810923e-10","1,13119775e-06","0,1097399999999999","2,9385098173515955e-10","2,0969074373203108e-10","6,435336499999994e-07"
"2024-09-12 17:08:57+02:00","rock-ms7a95","Intel(R) Core(TM) i9-7900X CPU @ 3.30GHz","0","e2e","153","1.0","0.613","0,0888","3,06","34.5","1","reduction","openblas","fp32","0","2190","153","0.613","21.111","34.4","34.5","612000000","6.89","e2e","e2e","0","Intel(R) Core(TM) i9-7900X CPU @ 3.30GHz","","","","0","0","","","50.0","0","OPENBLAS_NUM_THREADS=10; e2e_host_memcpy=1; e2e_bw=mixed","0.02","5,555555555555556e-09","0.0005803921568627451","0","0","0.0","","0.0","0.0","8,5e-07","DE","0,1097399999999999","9,32789999999999e-08","0,0783099722222222","6,656347638888887e-08","0,02332","1,9822e-08","0,0518570416666666","4,4078485416666616e-08","0,1929","1,63965e-07","0,0950131388888888","8,076116805555549e-08","0,1097399999999999","9,32789999999999e-08","0,0783099722222222","6,656347638888887e-08","0,1097399999999999","6,096666666666661e-10","4,350554012345678e-10","9,327899999999992e-08","0,02332","1,2955555555555556e-10","2,880946759259256e-10","1,9822e-08","0,1929","1,0716666666666666e-09","5,278507716049378e-10","1,63965e-07","0,1097399999999999","6,096666666666661e-10","4,350554012345678e-10","9,327899999999992e-08"
"2024-09-12 17:09:05+02:00","rock-ms7a95","Intel(R) Core(TM) i9-7900X CPU @ 3.30GHz","0","kernel","2208","1.0","1.0088","1,0088","34,915","34.6","0","reduction","openblas","fp32","0","2208","524","1.0088","34.915","34.6","34.8","26496000000","26.27","kernel","kernel","0","Intel(R) Core(TM) i9-7900X CPU @ 3.30GHz","","","","0","0","","","50.0","0","OPENBLAS_NUM_THREADS=10; e2e_host_memcpy=1; e2e_bw=mixed","0.015812952898550725","4,39248691626409e-09","0.00045688405797101445","0","0","","","","","9,698611111111111e-06","DE","0,1097399999999999","1,0643255833333323e-06","0,0783099722222222","7,594979667052468e-07","0,02332","2,2617161111111112e-07","0,0518570416666666","5,029412804976846e-07","0,1929","1,8708620833333332e-06","0,0950131388888888","9,214954845293202e-07","0,1097399999999999","1,0643255833333323e-06","0,0783099722222222","7,594979667052468e-07","0,1097399999999999","4,820315141908208e-10","3,4397552839911536e-10","1,0643255833333323e-06","0,02332","1,0243279488727858e-10","2,2778137703699483e-10","2,261716111111111e-07","0,1929","8,473107261473429e-10","4,1734396944262687e-10","1,870862083333333e-06","0,1097399999999999","4,820315141908208e-10","3,4397552839911536e-10","1,0643255833333323e-06"
"2024-09-12 17:09:05+02:00","rock-ms7a95","Intel(R) Core(TM) i9-7900X CPU @ 3.30GHz","0","e2e","524","1.0","1.0088","0,5132","17,836","34.8","0","reduction","openblas","fp32","0","2208","524","1.0088","34.915","34.6","34.8","3144000000","6.13","e2e","e2e","0","Intel(R) Core(TM) i9-7900X CPU @ 3.30GHz","","","","0","0","","","50.0","0","OPENBLAS_NUM_THREADS=10; e2e_host_memcpy=1; e2e_bw=mixed","0.034038167938931295","9,455046649703138e-09","0.0009793893129770993","0","0","0.0","","0.0","0.0","4,954444444444444e-06","DE","0,1097399999999999","5,437007333333328e-07","0,0783099722222222","3,8798240682098753e-07","0,02332","1,1553764444444444e-07","0,0518570416666666","2,569228319907404e-07","0,1929","9,557123333333333e-07","0,0950131388888888","4,707373181172835e-07","0,1097399999999999","5,437007333333328e-07","0,0783099722222222","3,8798240682098753e-07","0,1097399999999999","1,0375968193384215e-09","7,404244404980678e-10","5,437007333333329e-07","0,02332","2,2049168787107718e-10","4,903107480739321e-10","1,1553764444444444e-07","0,1929","1,8238784987277353e-09","8,983536605291671e-10","9,557123333333333e-07","0,1097399999999999","1,0375968193384215e-09","7,404244404980678e-10","5,437007333333329e-07"
"2024-09-12 17:09:09+02:00","rock-ms7a95","Intel(R) Core(TM) i9-7900X CPU @ 3.30GHz","0","kernel","967","1.0","0.618","0,618","21,472","34.7","1","reduction","openblas","fp32","0","967","216","0.618","21.472","34.7","34.5","15472000000","25.04","kernel","kernel","0","Intel(R) Core(TM) i9-7900X CPU @ 3.30GHz","","","","0","0","","","49.0","0","OPENBLAS_NUM_THREADS=10; e2e_host_memcpy=1; e2e_bw=mixed","0.022204756980351605","6,167988050097668e-09","0.000639089968976215","0","0","","","","","5,964444444444445e-06","DE","0,1097399999999999","6,545381333333328e-07","0,0783099722222222","4,6707547876543205e-07","0,02332","1,3909084444444446e-07","0,0518570416666666","3,0929844407407374e-07","0,1929","1,1505413333333332e-06","0,0950131388888888","5,667005883950613e-07","0,1097399999999999","6,545381333333328e-07","0,0783099722222222","4,6707547876543205e-07","0,1097399999999999","6,768750086177174e-10","4,830149728701469e-10","6,545381333333328e-07","0,02332","1,4383748132827762e-10","3,198536133134165e-10","1,3909084444444446e-07","0,1929","1,18980489486384e-09","5,860399052689362e-10","1,1505413333333332e-06","0,1097399999999999","6,768750086177174e-10","4,830149728701469e-10","6,545381333333328e-07"
"2024-09-12 17:09:09+02:00","rock-ms7a95","Intel(R) Core(TM) i9-7900X CPU @ 3.30GHz","0","e2e","216","1.0","0.618","0,3336","11,525","34.5","1","reduction","openblas","fp32","0","967","216","0.618","21.472","34.7","34.5","1728000000","5.18","e2e","e2e","0","Intel(R) Core(TM) i9-7900X CPU @ 3.30GHz","","","","0","0","","","49.0","0","OPENBLAS_NUM_THREADS=10; e2e_host_memcpy=1; e2e_bw=mixed","0.053356481481481484","1,4821244855967081e-08","0.0015444444444444444","0","0","0.0","","0.0","0.0","3,201388888888889e-06","DE","0,1097399999999999","3,5132041666666636e-07","0,0783099722222222","2,507006749614197e-07","0,02332","7,465638888888889e-08","0,0518570416666666","1,6601455700231463e-07","0,1929","6,175479166666667e-07","0,0950131388888888","3,041740071373454e-07","0,1097399999999999","3,5132041666666636e-07","0,0783099722222222","2,507006749614197e-07","0,1097399999999999","1,6264834104938258e-09","1,1606512729695358e-09","3,5132041666666636e-07","0,02332","3,456314300411523e-10","7,68585912047753e-10","7,46563888888889e-08","0,1929","2,8590181327160497e-09","1,408212996006229e-09","6,175479166666667e-07","0,1097399999999999","1,6264834104938258e-09","1,1606512729695358e-09","3,5132041666666636e-07"
"2024-09-12 17:09:17+02:00","rock-ms7a95","Intel(R) Core(TM) i9-7900X CPU @ 3.30GHz","0","kernel","900","1.0","0.988","0,988","34,521","34.9","1","reduction","openblas","fp32","0","900","228","0.988","34.521","34.9","33.9","21600000000","21.86","kernel","kernel","0","Intel(R) Core(TM) i9-7900X CPU @ 3.30GHz","","","","0","0","","","49.0","0","OPENBLAS_NUM_THREADS=10; e2e_host_memcpy=1; e2e_bw=mixed","0.03835666666666667","1,065462962962963e-08","0.0010977777777777778","0","0","","","","","9,589166666666666e-06","DE","0,1097399999999999","1,052315149999999e-06","0,0783099722222222","7,509273753009257e-07","0,02332","2,2361936666666667e-07","0,0518570416666666","4,972658153819438e-07","0,1929","1,8497502499999998e-06","0,0950131388888888","9,110968243287029e-07","0,1097399999999999","1,052315149999999e-06","0,0783099722222222","7,509273753009257e-07","0,1097399999999999","1,1692390555555546e-09","8,34363750334362e-10","1,0523151499999991e-06","0,02332","2,48465962962963e-10","5,525175726466043e-10","2,236193666666667e-07","0,1929","2,0552780555555557e-09","1,0123298048096699e-09","1,84975025e-06","0,1097399999999999","1,1692390555555546e-09","8,34363750334362e-10","1,0523151499999991e-06"
"2024-09-12 17:09:17+02:00","rock-ms7a95","Intel(R) Core(TM) i9-7900X CPU @ 3.30GHz","0","e2e","228","1.0","0.988","0,5565","18,886","33.9","1","reduction","openblas","fp32","0","900","228","0.988","34.521","34.9","33.9","2736000000","4.92","e2e","e2e","0","Intel(R) Core(TM) i9-7900X CPU @ 3.30GHz","","","","0","0","","","49.0","0","OPENBLAS_NUM_THREADS=10; e2e_host_memcpy=1; e2e_bw=mixed","0.08283333333333333","2,3009259259259256e-08","0.0024407894736842104","0","0","0.0","","0.0","0.0","5,246111111111111e-06","DE","0,1097399999999999","5,757082333333327e-07","0,0783099722222222","4,1082281538580235e-07","0,02332","1,2233931111111112e-07","0,0518570416666666","2,720478024768515e-07","0,1929","1,0119748333333332e-06","0,0950131388888888","4,984494836265428e-07","0,1097399999999999","5,757082333333327e-07","0,0783099722222222","4,1082281538580235e-07","0,1097399999999999","2,5250361111111083e-09","1,8018544534465015e-09","5,757082333333327e-07","0,02332","5,365759259259259e-10","1,1931921161265415e-09","1,223393111111111e-07","0,1929","4,43848611111111e-09","2,1861819457304504e-09","1,0119748333333332e-06","0,1097399999999999","2,5250361111111083e-09","1,8018544534465015e-09","5,757082333333327e-07"
"2024-09-12 17:09:24+02:00","rock-ms7a95","Intel(R) Core(TM) i9-7900X CPU @ 3.30GHz","0","kernel","519","1.0","0.8308","0,8308","29,208","35.2","1","reduction","openblas","fp32","0","519","189","0.8308","29.208","35.2","34.3","16608000000","19.99","kernel","kernel","0","Intel(R) Core(TM) i9-7900X CPU @ 3.30GHz","","","","0","0","","","49.0","0","OPENBLAS_NUM_THREADS=10; e2e_host_memcpy=1; e2e_bw=mixed","0.05627745664739884","1,5632626846499682e-08","0.0016007707129094412","0","0","","","","","8,113333333333332e-06","DE","0,1097399999999999","8,90357199999999e-07","0,0783099722222222","6,353549079629627e-07","0,02332","1,8920293333333332e-07","0,0518570416666666","4,2073346472222164e-07","0,1929","1,5650619999999996e-06","0,0950131388888888","7,708732668518511e-07","0,1097399999999999","8,90357199999999e-07","0,0783099722222222","6,353549079629627e-07","0,1097399999999999","1,7155244701348734e-09","1,2241905741097552e-09","8,903571999999993e-07","0,02332","3,645528580603726e-10","8,106617817383849e-10","1,8920293333333338e-07","0,1929","3,0155337186897884e-09","1,4853049457646462e-09","1,565062e-06","0,1097399999999999","1,7155244701348734e-09","1,2241905741097552e-09","8,903571999999993e-07"
"2024-09-12 17:09:24+02:00","rock-ms7a95","Intel(R) Core(TM) i9-7900X CPU @ 3.30GHz","0","e2e","189","1.0","0.8308","0,6306","21,601","34.3","1","reduction","openblas","fp32","0","519","189","0.8308","29.208","35.2","34.3","3024000000","4.8","e2e","e2e","0","Intel(R) Core(TM) i9-7900X CPU @ 3.30GHz","","","","0","0","","","49.0","0","OPENBLAS_NUM_THREADS=10; e2e_host_memcpy=1; e2e_bw=mixed","0.11429100529100529","3,174750146972369e-08","0.0033365079365079366","0","0","0.0","","0.0","0.0","6,000277777777777e-06","DE","0,1097399999999999","6,584704833333327e-07","0,0783099722222222","4,698815861033949e-07","0,02332","1,3992647777777777e-07","0,0518570416666666","3,111566547337959e-07","0,1929","1,157453583333333e-06","0,0950131388888888","5,70105225871913e-07","0,1097399999999999","6,584704833333327e-07","0,0783099722222222","4,698815861033949e-07","0,1097399999999999","3,4839708112874748e-09","2,486145958219021e-09","6,584704833333328e-07","0,02332","7,403517342739565e-10","1,6463315065280208e-09","1,3992647777777777e-07","0,1929","6,1240930335097e-09","3,0164297665180586e-09","1,1574535833333333e-06","0,1097399999999999","3,4839708112874748e-09","2,486145958219021e-09","6,584704833333328e-07"
"2024-09-12 17:09:32+02:00","rock-ms7a95","Intel(R) Core(TM) i9-7900X CPU @ 3.30GHz","0","kernel","391","1.0","1.0227","1,0227","35,878","35.1","0","reduction","openblas","fp32","0","391","112","1.0227","35.878","35.1","34.3","18768000000","18.35","kernel","kernel","0","Intel(R) Core(TM) i9-7900X CPU @ 3.30GHz","","","","0","0","","","49.0","0","OPENBLAS_NUM_THREADS=10; e2e_host_memcpy=1; e2e_bw=mixed","0.09175959079283888","2,5488775220233025e-08","0.0026156010230179026","0","0","","","","","9,966111111111112e-06","DE","0,1097399999999999","1,0936810333333324e-06","0,0783099722222222","7,804458842746912e-07","0,02332","2,3240971111111112e-07","0,0518570416666666","5,168130391435179e-07","0,1929","1,9224628333333333e-06","0,0950131388888888","9,46911499182098e-07","0,1097399999999999","1,0936810333333324e-06","0,0783099722222222","7,804458842746912e-07","0,1097399999999999","2,7971381926683694e-09","1,996025279474914e-09","1,0936810333333324e-06","0,02332","5,943982381358342e-10","1,3217724786279232e-09","2,3240971111111117e-07","0,1929","4,91678473998295e-09","2,4217685401076676e-09","1,9224628333333333e-06","0,1097399999999999","2,7971381926683694e-09","1,996025279474914e-09","1,0936810333333324e-06"
"2024-09-12 17:09:32+02:00","rock-ms7a95","Intel(R) Core(TM) i9-7900X CPU @ 3.30GHz","0","e2e","112","1.0","1.0227","0,5755","19,754","34.3","0","reduction","openblas","fp32","0","391","112","1.0227","35.878","35.1","34.3","2688000000","4.67","e2e","e2e","0","Intel(R) Core(TM) i9-7900X CPU @ 3.30GHz","","","","0","0","","","49.0","0","OPENBLAS_NUM_THREADS=10; e2e_host_memcpy=1; e2e_bw=mixed","0.176375","4,8993055555555564e-08","0.005138392857142857","0","0","0.0","","0.0","0.0","5,487222222222223e-06","DE","0,1097399999999999","6,021677666666662e-07","0,0783099722222222","4,2970421979938263e-07","0,02332","1,2796202222222224e-07","0,0518570416666666","2,845511114120367e-07","0,1929","1,0584851666666667e-06","0,0950131388888888","5,213582071141971e-07","0,1097399999999999","6,021677666666662e-07","0,0783099722222222","4,2970421979938263e-07","0,1097399999999999","5,376497916666662e-09","3,8366448196373455e-09","6,021677666666662e-07","0,02332","1,1425180555555558e-09","2,5406349233217565e-09","1,2796202222222226e-07","0,1929","9,450760416666668e-09","4,654983992091047e-09","1,058485166666667e-06","0,1097399999999999","5,376497916666662e-09","3,8366448196373455e-09","6,021677666666662e-07"
"2024-09-12 17:09:41+02:00","rock-ms7a95","Intel(R) Core(TM) i9-7900X CPU @ 3.30GHz","0","kernel","290","1.0","1.0539","1,0539","36,879","35.0","0","reduction","openblas","fp32","0","290","95","1.0539","36.879","35.0","34.1","18560000000","17.61","kernel","kernel","0","Intel(R) Core(TM) i9-7900X CPU @ 3.30GHz","","","","0","0","","","49.0","0","OPENBLAS_NUM_THREADS=10; e2e_host_memcpy=1; e2e_bw=mixed","0.12716896551724138","3,5324712643678165e-08","0.003634137931034483","0","0","","","","","1,0244166666666666e-05","DE","0,1097399999999999","1,1241948499999989e-06","0,0783099722222222","8,022204071064812e-07","0,02332","2,3889396666666663e-07","0,0518570416666666","5,312321776736104e-07","0,1929","1,9760997499999997e-06","0,0950131388888888","9,73330430300925e-07","0,1097399999999999","1,1241948499999989e-06","0,0783099722222222","8,022204071064812e-07","0,1097399999999999","3,876533965517238e-09","2,7662772658844184e-09","1,124194849999999e-06","0,02332","8,237722988505748e-10","1,8318350954262432e-09","2,388939666666667e-07","0,1929","6,814137068965517e-09","3,35631182862388e-09","1,97609975e-06","0,1097399999999999","3,876533965517238e-09","2,7662772658844184e-09","1,124194849999999e-06"
"2024-09-12 17:09:41+02:00","rock-ms7a95","Intel(R) Core(TM) i9-7900X CPU @ 3.30GHz","0","e2e","95","1.0","1.0539","0,6609","22,521","34.1","0","reduction","openblas","fp32","0","290","95","1.0539","36.879","35.0","34.1","3040000000","4.6","e2e","e2e","0","Intel(R) Core(TM) i9-7900X CPU @ 3.30GHz","","","","0","0","","","49.0","0","OPENBLAS_NUM_THREADS=10; e2e_host_memcpy=1; e2e_bw=mixed","0.23706315789473684","6,585087719298247e-08","0.006956842105263158","0","0","0.0","","0.0","0.0","6,255833333333334e-06","DE","0,1097399999999999","6,865151499999994e-07","0,0783099722222222","4,898941345601851e-07","0,02332","1,4588603333333335e-07","0,0518570416666666","3,244090098263885e-07","0,1929","1,20675025e-06","0,0950131388888888","5,943863613657403e-07","0,1097399999999999","6,865151499999994e-07","0,0783099722222222","4,898941345601851e-07","0,1097399999999999","7,226475263157889e-09","5,156780363791423e-09","6,865151499999995e-07","0,02332","1,5356424561403512e-09","3,4148316823830374e-09","1,4588603333333335e-07","0,1929","1,2702634210526317e-08","6,256698540692004e-09","1,2067502500000002e-06","0,1097399999999999","7,226475263157889e-09","5,156780363791423e-09","6,865151499999995e-07"
"2024-09-12 17:09:49+02:00","rock-ms7a95","Intel(R) Core(TM) i9-7900X CPU @ 3.30GHz","0","kernel","183","1.0","1.0154","1,0154","35,891","35.3","0","reduction","openblas","fp32","0","183","55","1.0154","35.891","35.3","35.2","17568000000","17.3","kernel","kernel","0","Intel(R) Core(TM) i9-7900X CPU @ 3.30GHz","","","","0","0","","","47.0","0","OPENBLAS_NUM_THREADS=10; e2e_host_memcpy=1; e2e_bw=mixed","0.19612568306010927","5,447935640558591e-08","0.005548633879781421","0","0","","","","","9,969722222222222e-06","DE","0,1097399999999999","1,0940773166666655e-06","0,0783099722222222","7,807286702854936e-07","0,02332","2,3249392222222222e-07","0,0518570416666666","5,170003006828697e-07","0,1929","1,9231594166666664e-06","0,0950131388888888","9,472546021836411e-07","0,1097399999999999","1,0940773166666655e-06","0,0783099722222222","7,807286702854936e-07","0,1097399999999999","5,978564571948992e-09","4,266276886805976e-09","1,0940773166666657e-06","0,02332","1,2704585913782635e-09","2,825138255097649e-09","2,3249392222222222e-07","0,1929","1,0509067850637522e-08","5,176254656741208e-09","1,9231594166666664e-06","0,1097399999999999","5,978564571948992e-09","4,266276886805976e-09","1,0940773166666657e-06"
"2024-09-12 17:09:49+02:00","rock-ms7a95","Intel(R) Core(TM) i9-7900X CPU @ 3.30GHz","0","e2e","55","1.0","1.0154","0,568","19,997","35.2","0","reduction","openblas","fp32","0","183","55","1.0154","35.891","35.3","35.2","2640000000","4.65","e2e","e2e","0","Intel(R) Core(TM) i9-7900X CPU @ 3.30GHz","","","","0","0","","","47.0","0","OPENBLAS_NUM_THREADS=10; e2e_host_memcpy=1; e2e_bw=mixed","0.3635818181818182","1,0099494949494949e-07","0.010327272727272727","0","0","0.0","","0.0","0.0","5,554722222222222e-06","DE","0,1097399999999999","6,095752166666661e-07","0,0783099722222222","4,349901429243826e-07","0,02332","1,2953612222222224e-07","0,0518570416666666","2,880514617245367e-07","0,1929","1,0715059166666667e-06","0,0950131388888888","5,277715939891971e-07","0,1097399999999999","6,095752166666661e-07","0,0783099722222222","4,349901429243826e-07","0,1097399999999999","1,1083185757575746e-08","7,90891168953423e-09","6,09575216666666e-07","0,02332","2,3552022222222222e-09","5,237299304082485e-09","1,295361222222222e-07","0,1929","1,9481925757575754e-08","9,595847163439947e-09","1,0715059166666665e-06","0,1097399999999999","1,1083185757575746e-08","7,90891168953423e-09","6,09575216666666e-07"
"2024-09-12 17:09:57+02:00","rock-ms7a95","Intel(R) Core(TM) i9-7900X CPU @ 3.30GHz","0","kernel","135","1.0","1.0425","1,0425","36,047","34.6","0","reduction","openblas","fp32","0","135","46","1.0425","36.047","34.6","33.9","17280000000","16.58","kernel","kernel","0","Intel(R) Core(TM) i9-7900X CPU @ 3.30GHz","","","","0","0","","","49.0","0","OPENBLAS_NUM_THREADS=10; e2e_host_memcpy=1; e2e_bw=mixed","0.2670148148148148","7,417078189300412e-08","0.007722222222222222","0","0","","","","","1,0013055555555555e-05","DE","0,1097399999999999","1,0988327166666656e-06","0,0783099722222222","7,841221024151233e-07","0,02332","2,3350445555555555e-07","0,0518570416666666","5,192474391550919e-07","0,1929","1,9315184166666665e-06","0,0950131388888888","9,513718382021596e-07","0,1097399999999999","1,0988327166666656e-06","0,0783099722222222","7,841221024151233e-07","0,1097399999999999","8,139501604938264e-09","5,8083118697416546e-09","1,0988327166666656e-06","0,02332","1,729662633744856e-09","3,8462773270747556e-09","2,3350445555555558e-07","0,1929","1,4307543827160494e-08","7,04719880149748e-09","1,9315184166666665e-06","0,1097399999999999","8,139501604938264e-09","5,8083118697416546e-09","1,0988327166666656e-06"
"2024-09-12 17:09:57+02:00","rock-ms7a95","Intel(R) Core(TM) i9-7900X CPU @ 3.30GHz","0","e2e","46","1.0","1.0425","0,6564","22,282","33.9","0","reduction","openblas","fp32","0","135","46","1.0425","36.047","34.6","33.9","2944000000","4.49","e2e","e2e","0","Intel(R) Core(TM) i9-7900X CPU @ 3.30GHz","","","","0","0","","","49.0","0","OPENBLAS_NUM_THREADS=10; e2e_host_memcpy=1; e2e_bw=mixed","0.48439130434782607","1,3455314009661838e-07","0.014269565217391304","0","0","0.0","","0.0","0.0","6,189444444444444e-06","DE","0,1097399999999999","6,792296333333327e-07","0,0783099722222222","4,84695222515432e-07","0,02332","1,4433784444444446e-07","0,0518570416666666","3,209662784490737e-07","0,1929","1,1939438333333333e-06","0,0950131388888888","5,880785446450612e-07","0,1097399999999999","6,792296333333327e-07","0,0783099722222222","4,84695222515432e-07","0,1097399999999999","1,4765861594202887e-08","1,0536852663378959e-08","6,792296333333328e-07","0,02332","3,1377792270531405e-09","6,9775277923711685e-09","1,4433784444444446e-07","0,1929","2,5955300724637685e-08","1,2784316187936115e-08","1,1939438333333335e-06","0,1097399999999999","1,4765861594202887e-08","1,0536852663378959e-08","6,792296333333328e-07"
"2024-09-12 17:10:06+02:00","rock-ms7a95","Intel(R) Core(TM) i9-7900X CPU @ 3.30GHz","0","kernel","89","1.0","1.0513","1,0513","35,791","34.0","0","reduction","openblas","fp32","0","89","27","1.0513","35.791","34.0","33.8","17088000000","16.25","kernel","kernel","0","Intel(R) Core(TM) i9-7900X CPU @ 3.30GHz","","","","0","0","","","49.0","0","OPENBLAS_NUM_THREADS=10; e2e_host_memcpy=1; e2e_bw=mixed","0.4021460674157303","1,1170724094881397e-07","0.011812359550561797","0","0","","","","","9,941944444444443e-06","DE","0,1097399999999999","1,091028983333332e-06","0,0783099722222222","7,785533932793207e-07","0,02332","2,318461444444444e-07","0,0518570416666666","5,155598273032401e-07","0,1929","1,9178010833333328e-06","0,0950131388888888","9,446153483256163e-07","0,1097399999999999","1,091028983333332e-06","0,0783099722222222","7,785533932793207e-07","0,1097399999999999","1,2258752621722833e-08","8,747790935722704e-09","1,091028983333332e-06","0,02332","2,6050128589263417e-09","5,792807048351012e-09","2,3184614444444442e-07","0,1929","2,1548326779026214e-08","1,061365559916423e-08","1,917801083333333e-06","0,1097399999999999","1,2258752621722833e-08","8,747790935722704e-09","1,091028983333332e-06"
"2024-09-12 17:10:06+02:00","rock-ms7a95","Intel(R) Core(TM) i9-7900X CPU @ 3.30GHz","0","e2e","27","1.0","1.0513","0,5834","19,727","33.8","0","reduction","openblas","fp32","0","89","27","1.0513","35.791","34.0","33.8","2592000000","4.44","e2e","e2e","0","Intel(R) Core(TM) i9-7900X CPU @ 3.30GHz","","","","0","0","","","49.0","0","OPENBLAS_NUM_THREADS=10; e2e_host_memcpy=1; e2e_bw=mixed","0.7306296296296296","2,0295267489711934e-07","0.02160740740740741","0","0","0.0","","0.0","0.0","5,479722222222222e-06","DE","0,1097399999999999","6,01344716666666e-07","0,0783099722222222","4,29116895007716e-07","0,02332","1,2778712222222221e-07","0,0518570416666666","2,841621835995367e-07","0,1929","1,0570384166666666e-06","0,0950131388888888","5,206456085725304e-07","0,1097399999999999","6,01344716666666e-07","0,0783099722222222","4,29116895007716e-07","0,1097399999999999","2,2272026543209853e-08","1,589321833361911e-08","6,01344716666666e-07","0,02332","4,732856378600823e-09","1,052452531850136e-08","1,2778712222222224e-07","0,1929","3,914957098765432e-08","1,9283170687871495e-08","1,0570384166666666e-06","0,1097399999999999","2,2272026543209853e-08","1,589321833361911e-08","6,01344716666666e-07"
"2024-09-12 17:10:14+02:00","rock-ms7a95","Intel(R) Core(TM) i9-7900X CPU @ 3.30GHz","0","kernel","66","1.0","1.0489","1,0489","36,185","34.5","0","reduction","openblas","fp32","0","66","23","1.0489","36.185","34.5","34.0","16896000000","16.11","kernel","kernel","0","Intel(R) Core(TM) i9-7900X CPU @ 3.30GHz","","","","0","0","","","49.0","0","OPENBLAS_NUM_THREADS=10; e2e_host_memcpy=1; e2e_bw=mixed","0.5482575757575758","1,5229377104377105e-07","0.015892424242424243","0","0","","","","","1,005138888888889e-05","DE","0,1097399999999999","1,1030394166666657e-06","0,0783099722222222","7,871239846836418e-07","0,02332","2,343983888888889e-07","0,0518570416666666","5,212352924189809e-07","0,1929","1,9389129166666666e-06","0,0950131388888888","9,550140085262338e-07","0,1097399999999999","1,1030394166666657e-06","0,0783099722222222","7,871239846836418e-07","0,1097399999999999","1,671271843434342e-08","1,1926120980055179e-08","1,1030394166666657e-06","0,02332","3,551490740740741e-09","7,89750443059062e-09","2,343983888888889e-07","0,1929","2,9377468434343433e-08","1,4469909220094451e-08","1,9389129166666666e-06","0,1097399999999999","1,671271843434342e-08","1,1926120980055179e-08","1,1030394166666657e-06"
"2024-09-12 17:10:14+02:00","rock-ms7a95","Intel(R) Core(TM) i9-7900X CPU @ 3.30GHz","0","e2e","23","1.0","1.0489","0,66","22,472","34.0","0","reduction","openblas","fp32","0","66","23","1.0489","36.185","34.5","34.0","2944000000","4.46","e2e","e2e","0","Intel(R) Core(TM) i9-7900X CPU @ 3.30GHz","","","","0","0","","","49.0","0","OPENBLAS_NUM_THREADS=10; e2e_host_memcpy=1; e2e_bw=mixed","0.9770434782608696","2,714009661835749e-07","0.028695652173913046","0","0","0.0","","0.0","0.0","6,242222222222223e-06","DE","0,1097399999999999","6,850214666666661e-07","0,0783099722222222","4,888282488271605e-07","0,02332","1,4556862222222225e-07","0,0518570416666666","3,2370317787037003e-07","0,1929","1,2041246666666668e-06","0,0950131388888888","5,930931269753082e-07","0,1097399999999999","6,850214666666661e-07","0,0783099722222222","4,888282488271605e-07","0,1097399999999999","2,9783542028985478e-08","2,1253402122920016e-08","6,85021466666666e-07","0,02332","6,3290705314009665e-09","1,4074051211755216e-08","1,4556862222222222e-07","0,1929","5,235324637681159e-08","2,5786657694578615e-08","1,2041246666666665e-06","0,1097399999999999","2,9783542028985478e-08","2,1253402122920016e-08","6,85021466666666e-07"
"2024-09-12 17:10:23+02:00","rock-ms7a95","Intel(R) Core(TM) i9-7900X CPU @ 3.30GHz","0","kernel","44","1.0","1.0593","1,0593","35,515","33.5","0","reduction","openblas","fp32","0","44","14","1.0593","35.515","33.5","33.7","16896000000","15.95","kernel","kernel","0","Intel(R) Core(TM) i9-7900X CPU @ 3.30GHz","","","","0","0","","","49.0","0","OPENBLAS_NUM_THREADS=10; e2e_host_memcpy=1; e2e_bw=mixed","0.8071590909090909","2,2421085858585858e-07","0.024075","0","0","","","","","9,865277777777777e-06","DE","0,1097399999999999","1,0826155833333321e-06","0,0783099722222222","7,725496287422837e-07","0,02332","2,3005827777777777e-07","0,0518570416666666","5,115841207754624e-07","0,1929","1,9030120833333332e-06","0,0950131388888888","9,373310076774683e-07","0,1097399999999999","1,0826155833333321e-06","0,0783099722222222","7,725496287422837e-07","0,1097399999999999","2,4604899621212096e-08","1,7557946107779176e-08","1,0826155833333321e-06","0,02332","5,228597222222222e-09","1,1626911835805963e-08","2,3005827777777777e-07","0,1929","4,325027462121212e-08","2,130297744721519e-08","1,9030120833333332e-06","0,1097399999999999","2,4604899621212096e-08","1,7557946107779176e-08","1,0826155833333321e-06"
"2024-09-12 17:10:23+02:00","rock-ms7a95","Intel(R) Core(TM) i9-7900X CPU @ 3.30GHz","0","e2e","14","1.0","1.0593","0,6059","20,426","33.7","0","reduction","openblas","fp32","0","44","14","1.0593","35.515","33.5","33.7","2688000000","4.44","e2e","e2e","0","Intel(R) Core(TM) i9-7900X CPU @ 3.30GHz","","","","0","0","","","49.0","0","OPENBLAS_NUM_THREADS=10; e2e_host_memcpy=1; e2e_bw=mixed","1.4589999999999999","4,052777777777778e-07","0.04327857142857143","0","0","0.0","","0.0","0.0","5,673888888888889e-06","DE","0,1097399999999999","6,22652566666666e-07","0,0783099722222222","4,443220812808641e-07","0,02332","1,3231508888888887e-07","0,0518570416666666","2,9423109252314777e-07","0,1929","1,0944931666666664e-06","0,0950131388888888","5,39093993040123e-07","0,1097399999999999","6,22652566666666e-07","0,0783099722222222","4,443220812808641e-07","0,1097399999999999","4,4475183333333294e-08","3,1737291520061724e-08","6,226525666666661e-07","0,02332","9,45107777777778e-09","2,1016506608796272e-08","1,323150888888889e-07","0,1929","7,817808333333334e-08","3,8506713788580216e-08","1,0944931666666667e-06","0,1097399999999999","4,4475183333333294e-08","3,1737291520061724e-08","6,226525666666661e-07"
"2024-09-12 17:10:32+02:00","rock-ms7a95","Intel(R) Core(TM) i9-7900X CPU @ 3.30GHz","0","kernel","33","1.0","1.0643","1,0643","35,794","33.6","0","reduction","openblas","fp32","0","33","12","1.0643","35.794","33.6","33.5","16896000000","15.88","kernel","kernel","0","Intel(R) Core(TM) i9-7900X CPU @ 3.30GHz","","","","0","0","","","49.0","0","OPENBLAS_NUM_THREADS=10; e2e_host_memcpy=1; e2e_bw=mixed","1.0846666666666667","3,012962962962963e-07","0.03225151515151515","0","0","","","","","9,942777777777776e-06","DE","0,1097399999999999","1,0911204333333322e-06","0,0783099722222222","7,786186515895059e-07","0,02332","2,3186557777777775e-07","0,0518570416666666","5,156030415046289e-07","0,1929","1,917961833333333e-06","0,0950131388888888","9,44694525941357e-07","0,1097399999999999","1,0911204333333322e-06","0,0783099722222222","7,786186515895059e-07","0,1097399999999999","3,3064255555555526e-08","2,3594504593621393e-08","1,0911204333333324e-06","0,02332","7,02622962962963e-09","1,5624334591049362e-08","2,318655777777778e-07","0,1929","5,812005555555555e-08","2,8627106846707795e-08","1,9179618333333333e-06","0,1097399999999999","3,3064255555555526e-08","2,3594504593621393e-08","1,0911204333333324e-06"
"2024-09-12 17:10:32+02:00","rock-ms7a95","Intel(R) Core(TM) i9-7900X CPU @ 3.30GHz","0","e2e","12","1.0","1.0643","0,694","23,268","33.5","0","reduction","openblas","fp32","0","33","12","1.0643","35.794","33.6","33.5","3072000000","4.43","e2e","e2e","0","Intel(R) Core(TM) i9-7900X CPU @ 3.30GHz","","","","0","0","","","49.0","0","OPENBLAS_NUM_THREADS=10; e2e_host_memcpy=1; e2e_bw=mixed","1.939","5,386111111111111e-07","0.05783333333333333","0","0","0.0","","0.0","0.0","6,463333333333334e-06","DE","0,1097399999999999","7,092861999999994e-07","0,0783099722222222","5,061434537962962e-07","0,02332","1,5072493333333334e-07","0,0518570416666666","3,3516934597222183e-07","0,1929","1,246777e-06","0,0950131388888888","6,141015876851847e-07","0,1097399999999999","7,092861999999994e-07","0,0783099722222222","5,061434537962962e-07","0,1097399999999999","5,9107183333333276e-08","4,2178621149691347e-08","7,092861999999993e-07","0,02332","1,2560411111111112e-08","2,7930778831018485e-08","1,5072493333333334e-07","0,1929","1,0389808333333333e-07","5,117513230709872e-08","1,246777e-06","0,1097399999999999","5,9107183333333276e-08","4,2178621149691347e-08","7,092861999999993e-07"
"2024-09-12 17:10:40+02:00","rock-ms7a95","Intel(R) Core(TM) i9-7900X CPU @ 3.30GHz","0","kernel","22","1.0","1.0686","1,0686","35,792","33.5","0","reduction","openblas","fp32","0","22","7","1.0686","35.792","33.5","33.7","16896000000","15.81","kernel","kernel","0","Intel(R) Core(TM) i9-7900X CPU @ 3.30GHz","","","","0","0","","","49.0","0","OPENBLAS_NUM_THREADS=10; e2e_host_memcpy=1; e2e_bw=mixed","1.626909090909091","4,51919191919192e-07","0.048572727272727274","0","0","","","","","9,942222222222222e-06","DE","0,1097399999999999","1,0910594666666657e-06","0,0783099722222222","7,785751460493825e-07","0,02332","2,3185262222222223e-07","0,0518570416666666","5,155742320370364e-07","0,1929","1,9178546666666666e-06","0,0950131388888888","9,446417408641967e-07","0,1097399999999999","1,0910594666666657e-06","0,0783099722222222","7,785751460493825e-07","0,1097399999999999","4,9593612121212085e-08","3,538977936588103e-08","1,091059466666666e-06","0,02332","1,0538755555555558e-08","2,343519236531984e-08","2,3185262222222228e-07","0,1929","8,717521212121213e-08","4,2938260948372585e-08","1,917854666666667e-06","0,1097399999999999","4,9593612121212085e-08","3,538977936588103e-08","1,091059466666666e-06"
"2024-09-12 17:10:40+02:00","rock-ms7a95","Intel(R) Core(TM) i9-7900X CPU @ 3.30GHz","0","e2e","7","1.0","1.0686","0,6086","20,516","33.7","0","reduction","openblas","fp32","0","22","7","1.0686","35.792","33.5","33.7","2688000000","4.42","e2e","e2e","0","Intel(R) Core(TM) i9-7900X CPU @ 3.30GHz","","","","0","0","","","49.0","0","OPENBLAS_NUM_THREADS=10; e2e_host_memcpy=1; e2e_bw=mixed","2.9308571428571426","8,14126984126984e-07","0.08694285714285714","0","0","0.0","","0.0","0.0","5,698888888888888e-06","DE","0,1097399999999999","6,25396066666666e-07","0,0783099722222222","4,462798305864196e-07","0,02332","1,3289808888888887e-07","0,0518570416666666","2,9552751856481443e-07","0,1929","1,0993156666666665e-06","0,0950131388888888","5,414693215123452e-07","0,1097399999999999","6,25396066666666e-07","0,0783099722222222","4,462798305864196e-07","0,1097399999999999","8,934229523809514e-08","6,375426151234566e-08","6,25396066666666e-07","0,02332","1,8985441269841267e-08","4,221821693783063e-08","1,3289808888888887e-07","0,1929","1,570450952380952e-07","7,73527602160493e-08","1,0993156666666665e-06","0,1097399999999999","8,934229523809514e-08","6,375426151234566e-08","6,25396066666666e-07"
"2024-09-12 17:10:50+02:00","rock-ms7a95","Intel(R) Core(TM) i9-7900X CPU @ 3.30GHz","0","kernel","17","1.0","1.1033","1,1033","37,028","33.6","0","reduction","openblas","fp32","0","17","6","1.1033","37.028","33.6","33.7","17408000000","15.78","kernel","kernel","0","Intel(R) Core(TM) i9-7900X CPU @ 3.30GHz","","","","0","0","","","50.0","0","OPENBLAS_NUM_THREADS=10; e2e_host_memcpy=1; e2e_bw=mixed","2.1781176470588233","6,05032679738562e-07","0.0649","0","0","","","","","1,0285555555555555e-05","DE","0,1097399999999999","1,1287368666666655e-06","0,0783099722222222","8,054615698456787e-07","0,02332","2,3985915555555555e-07","0,0518570416666666","5,333784830092585e-07","0,1929","1,984083666666666e-06","0,0950131388888888","9,772629185493819e-07","0,1097399999999999","1,1287368666666655e-06","0,0783099722222222","8,054615698456787e-07","0,1097399999999999","6,639628627450973e-08","4,7380092343863455e-08","1,1287368666666655e-06","0,02332","1,4109362091503266e-08","3,137520488289756e-08","2,398591555555555e-07","0,1929","1,1671080392156861e-07","5,748605403231657e-08","1,984083666666666e-06","0,1097399999999999","6,639628627450973e-08","4,7380092343863455e-08","1,1287368666666655e-06"
"2024-09-12 17:10:50+02:00","rock-ms7a95","Intel(R) Core(TM) i9-7900X CPU @ 3.30GHz","0","e2e","6","1.0","1.1033","0,6959","23,429","33.7","0","reduction","openblas","fp32","0","17","6","1.1033","37.028","33.6","33.7","3072000000","4.41","e2e","e2e","0","Intel(R) Core(TM) i9-7900X CPU @ 3.30GHz","","","","0","0","","","50.0","0","OPENBLAS_NUM_THREADS=10; e2e_host_memcpy=1; e2e_bw=mixed","3.904833333333333","1,0846759259259258e-06","0.11598333333333333","0","0","0.0","","0.0","0.0","6,508055555555555e-06","DE","0,1097399999999999","7,141940166666658e-07","0,0783099722222222","5,096456497762344e-07","0,02332","1,5176785555555553e-07","0,0518570416666666","3,3748850811342547e-07","0,1929","1,2554039166666665e-06","0,0950131388888888","6,183507863966043e-07","0,1097399999999999","7,141940166666658e-07","0,0783099722222222","5,096456497762344e-07","0,1097399999999999","1,1903233611111098e-07","8,49409416293724e-08","7,141940166666659e-07","0,02332","2,529464259259259e-08","5,6248084685570914e-08","1,5176785555555553e-07","0,1929","2,0923398611111106e-07","1,0305846439943405e-07","1,2554039166666663e-06","0,1097399999999999","1,1903233611111098e-07","8,49409416293724e-08","7,141940166666659e-07"
"2024-09-12 17:10:59+02:00","rock-ms7a95","Intel(R) Core(TM) i9-7900X CPU @ 3.30GHz","0","kernel","13","1.0","1.0561","1,0561","35,419","33.5","0","reduction","openblas","fp32","0","13","5","1.0561","35.419","33.5","33.5","16640000000","15.76","kernel","kernel","0","Intel(R) Core(TM) i9-7900X CPU @ 3.30GHz","","","","0","0","","","50.0","0","OPENBLAS_NUM_THREADS=10; e2e_host_memcpy=1; e2e_bw=mixed","2.724538461538461","7,568162393162392e-07","0.08123846153846154","0","0","","","","","9,83861111111111e-06","DE","0,1097399999999999","1,079689183333332e-06","0,0783099722222222","7,704613628163578e-07","0,02332","2,2943641111111108e-07","0,0518570416666666","5,102012663310179e-07","0,1929","1,897868083333333e-06","0,0950131388888888","9,347973239737645e-07","0,1097399999999999","1,079689183333332e-06","0,0783099722222222","7,704613628163578e-07","0,1097399999999999","8,3053014102564e-08","5,926625867818136e-08","1,0796891833333319e-06","0,02332","1,7648954700854698e-08","3,9246251256232135e-08","2,2943641111111108e-07","0,1929","1,4598985256410252e-07","7,190748645952034e-08","1,8978680833333327e-06","0,1097399999999999","8,3053014102564e-08","5,926625867818136e-08","1,0796891833333319e-06"
"2024-09-12 17:10:59+02:00","rock-ms7a95","Intel(R) Core(TM) i9-7900X CPU @ 3.30GHz","0","e2e","5","1.0","1.0561","0,7248","24,31","33.5","0","reduction","openblas","fp32","0","13","5","1.0561","35.419","33.5","33.5","3200000000","4.41","e2e","e2e","0","Intel(R) Core(TM) i9-7900X CPU @ 3.30GHz","","","","0","0","","","50.0","0","OPENBLAS_NUM_THREADS=10; e2e_host_memcpy=1; e2e_bw=mixed","4.862","1,3505555555555556e-06","0.14496","0","0","0.0","","0.0","0.0","6,752777777777777e-06","DE","0,1097399999999999","7,410498333333326e-07","0,0783099722222222","5,288098402006171e-07","0,02332","1,5747477777777777e-07","0,0518570416666666","3,501790785879625e-07","0,1929","1,3026108333333331e-06","0,0950131388888888","6,416026128858018e-07","0,1097399999999999","7,410498333333326e-07","0,0783099722222222","5,288098402006171e-07","0,1097399999999999","1,4820996666666653e-07","1,0576196804012344e-07","7,410498333333327e-07","0,02332","3,149495555555556e-08","7,00358157175925e-08","1,574747777777778e-07","0,1929","2,605221666666667e-07","1,283205225771604e-07","1,3026108333333333e-06","0,1097399999999999","1,4820996666666653e-07","1,0576196804012344e-07","7,410498333333327e-07"
"2024-09-12 17:11:09+02:00","rock-ms7a95","Intel(R) Core(TM) i9-7900X CPU @ 3.30GHz","0","kernel","11","1.0","1.073","1,073","36,127","33.7","0","reduction","openblas","fp32","0","11","5","1.073","36.127","33.7","33.6","16896000000","15.75","kernel","kernel","0","Intel(R) Core(TM) i9-7900X CPU @ 3.30GHz","","","","0","0","","","49.0","0","OPENBLAS_NUM_THREADS=10; e2e_host_memcpy=1; e2e_bw=mixed","3.2842727272727275","9,122979797979798e-07","0.09754545454545455","0","0","","","","","1,0035277777777779e-05","DE","0,1097399999999999","1,1012713833333325e-06","0,0783099722222222","7,858623240200616e-07","0,02332","2,340226777777778e-07","0,0518570416666666","5,203998178587957e-07","0,1929","1,9358050833333334e-06","0,0950131388888888","9,534832412885795e-07","0,1097399999999999","1,1012713833333325e-06","0,0783099722222222","7,858623240200616e-07","0,1097399999999999","1,001155803030302e-07","7,144202945636923e-08","1,1012713833333322e-06","0,02332","2,127478888888889e-08","4,73090743507996e-08","2,3402267777777778e-07","0,1929","1,759822803030303e-07","8,668029466259813e-08","1,9358050833333334e-06","0,1097399999999999","1,001155803030302e-07","7,144202945636923e-08","1,1012713833333322e-06"
"2024-09-12 17:11:09+02:00","rock-ms7a95","Intel(R) Core(TM) i9-7900X CPU @ 3.30GHz","0","e2e","5","1.0","1.073","0,8698","29,202","33.6","0","reduction","openblas","fp32","0","11","5","1.073","36.127","33.7","33.6","3840000000","4.41","e2e","e2e","0","Intel(R) Core(TM) i9-7900X CPU @ 3.30GHz","","","","0","0","","","49.0","0","OPENBLAS_NUM_THREADS=10; e2e_host_memcpy=1; e2e_bw=mixed","5.840400000000001","1,6223333333333335e-06","0.17396","0","0","0.0","","0.0","0.0","8,111666666666667e-06","DE","0,1097399999999999","8,901742999999992e-07","0,0783099722222222","6,352243913425925e-07","0,02332","1,891640666666667e-07","0,0518570416666666","4,2064703631944396e-07","0,1929","1,5647405e-06","0,0950131388888888","7,707149116203698e-07","0,1097399999999999","8,901742999999992e-07","0,0783099722222222","6,352243913425925e-07","0,1097399999999999","1,7803485999999986e-07","1,2704487826851851e-07","8,901742999999993e-07","0,02332","3,783281333333334e-08","8,412940726388879e-08","1,8916406666666672e-07","0,1929","3,129481e-07","1,5414298232407395e-07","1,5647405e-06","0,1097399999999999","1,7803485999999986e-07","1,2704487826851851e-07","8,901742999999993e-07"
"2024-09-12 17:11:19+02:00","rock-ms7a95","Intel(R) Core(TM) i9-7900X CPU @ 3.30GHz","0","kernel","9","1.0","1.1719","1,1719","39,32","33.6","0","reduction","openblas","fp32","0","9","3","1.1719","39.32","33.6","33.6","18432000000","15.73","kernel","kernel","0","Intel(R) Core(TM) i9-7900X CPU @ 3.30GHz","","","","0","0","","","50.0","0","OPENBLAS_NUM_THREADS=10; e2e_host_memcpy=1; e2e_bw=mixed","4.368888888888889","1,21358024691358e-06","0.1302111111111111","0","0","","","","","1,0922222222222223e-05","DE","0,1097399999999999","1,1986046666666656e-06","0,0783099722222222","8,553189188271604e-07","0,02332","2,5470622222222226e-07","0,0518570416666666","5,663941328703697e-07","0,1929","2,1068966666666667e-06","0,0950131388888888","1,0377546169753078e-06","0,1097399999999999","1,1986046666666656e-06","0,0783099722222222","8,553189188271604e-07","0,1097399999999999","1,3317829629629614e-07","9,503543542524001e-08","1,1986046666666654e-06","0,02332","2,8300691358024684e-08","6,293268143004106e-08","2,5470622222222215e-07","0,1929","2,3409962962962954e-07","1,1530606855281195e-07","2,106896666666666e-06","0,1097399999999999","1,3317829629629614e-07","9,503543542524001e-08","1,1986046666666654e-06"
"2024-09-12 17:11:19+02:00","rock-ms7a95","Intel(R) Core(TM) i9-7900X CPU @ 3.30GHz","0","e2e","3","1.0","1.1719","0,6958","23,355","33.6","0","reduction","openblas","fp32","0","9","3","1.1719","39.32","33.6","33.6","3072000000","4.42","e2e","e2e","0","Intel(R) Core(TM) i9-7900X CPU @ 3.30GHz","","","","0","0","","","50.0","0","OPENBLAS_NUM_THREADS=10; e2e_host_memcpy=1; e2e_bw=mixed","7.785","2,1625e-06","0.23193333333333332","0","0","0.0","","0.0","0.0","6,4875e-06","DE","0,1097399999999999","7,119382499999993e-07","0,0783099722222222","5,080359447916665e-07","0,02332","1,512885e-07","0,0518570416666666","3,364225578124996e-07","0,1929","1,25143875e-06","0,0950131388888888","6,163977385416661e-07","0,1097399999999999","7,119382499999993e-07","0,0783099722222222","5,080359447916665e-07","0,1097399999999999","2,3731274999999978e-07","1,6934531493055552e-07","7,119382499999993e-07","0,02332","5,04295e-08","1,1214085260416653e-07","1,512885e-07","0,1929","4,1714625e-07","2,0546591284722204e-07","1,25143875e-06","0,1097399999999999","2,3731274999999978e-07","1,6934531493055552e-07","7,119382499999993e-07"
"2024-09-12 17:11:30+02:00","rock-ms7a95","Intel(R) Core(TM) i9-7900X CPU @ 3.30GHz","0","kernel","6","1.0","1.1727","1,1727","39,325","33.5","0","reduction","openblas","fp32","0","6","2","1.1727","39.325","33.5","33.6","18432000000","15.72","kernel","kernel","0","Intel(R) Core(TM) i9-7900X CPU @ 3.30GHz","","","","0","0","","","50.0","0","OPENBLAS_NUM_THREADS=10; e2e_host_memcpy=1; e2e_bw=mixed","6.554166666666667","1,820601851851852e-06","0.19545","0","0","","","","","1,0923611111111112e-05","DE","0,1097399999999999","1,1987570833333324e-06","0,0783099722222222","8,554276826774691e-07","0,02332","2,5473861111111114e-07","0,0518570416666666","5,664661565393512e-07","0,1929","2,1071645833333336e-06","0,0950131388888888","1,037886579668209e-06","0,1097399999999999","1,1987570833333324e-06","0,0783099722222222","8,554276826774691e-07","0,1097399999999999","1,9979284722222203e-07","1,4257128044624483e-07","1,1987570833333322e-06","0,02332","4,245643518518519e-08","9,441102608989186e-08","2,5473861111111114e-07","0,1929","3,511940972222222e-07","1,7298109661136817e-07","2,107164583333333e-06","0,1097399999999999","1,9979284722222203e-07","1,4257128044624483e-07","1,1987570833333322e-06"
"2024-09-12 17:11:30+02:00","rock-ms7a95","Intel(R) Core(TM) i9-7900X CPU @ 3.30GHz","0","e2e","2","1.0","1.1727","0,6958","23,358","33.6","0","reduction","openblas","fp32","0","6","2","1.1727","39.325","33.5","33.6","3072000000","4.41","e2e","e2e","0","Intel(R) Core(TM) i9-7900X CPU @ 3.30GHz","","","","0","0","","","50.0","0","OPENBLAS_NUM_THREADS=10; e2e_host_memcpy=1; e2e_bw=mixed","11.679","3,244166666666667e-06","0.3479","0","0","0.0","","0.0","0.0","6,488333333333334e-06","DE","0,1097399999999999","7,120296999999993e-07","0,0783099722222222","5,081012031018518e-07","0,02332","1,5130793333333334e-07","0,0518570416666666","3,364657720138885e-07","0,1929","1,2515994999999999e-06","0,0950131388888888","6,164769161574069e-07","0,1097399999999999","7,120296999999993e-07","0,0783099722222222","5,081012031018518e-07","0,1097399999999999","3,5601484999999967e-07","2,540506015509259e-07","7,120296999999993e-07","0,02332","7,565396666666667e-08","1,6823288600694425e-07","1,5130793333333334e-07","0,1929","6,257997499999999e-07","3,0823845807870347e-07","1,2515994999999999e-06","0,1097399999999999","3,5601484999999967e-07","2,540506015509259e-07","7,120296999999993e-07"
"2024-09-12 17:11:56+02:00","rock-ms7a95","Intel(R) Core(TM) i9-7900X CPU @ 3.30GHz","0","kernel","1617","1.0","0.5004","0,5004","17,295","34.6","1","reduction","openblas","fp32","0","1617","166","0.5004","17.295","34.6","34.8","12936000000","25.85","kernel","kernel","0","Intel(R) Core(TM) i9-7900X CPU @ 3.30GHz","","","","0","0","","","50.0","0","OPENBLAS_NUM_THREADS=10; e2e_host_memcpy=1; e2e_bw=mixed","0.010695732838589982","2,9710368996083283e-09","0.0003094619666048237","0","0","","","","","4,804166666666667e-06","DE","0,1097399999999999","5,272092499999996e-07","0,0783099722222222","3,7621415821759255e-07","0,02332","1,1203316666666668e-07","0,0518570416666666","2,4912987100694415e-07","0,1929","9,2672375e-07","0,0950131388888888","4,5645895474537e-07","0,1097399999999999","5,272092499999996e-07","0,0783099722222222","3,7621415821759255e-07","0,1097399999999999","3,260415893630176e-10","2,3266181707952536e-10","5,272092499999995e-07","0,02332","6,928458049886622e-11","1,5406918429619305e-10","1,1203316666666667e-07","0,1929","5,731130179344465e-10","2,822875415864997e-10","9,267237499999999e-07","0,1097399999999999","3,260415893630176e-10","2,3266181707952536e-10","5,272092499999995e-07"
"2024-09-12 17:11:56+02:00","rock-ms7a95","Intel(R) Core(TM) i9-7900X CPU @ 3.30GHz","0","e2e","166","1.0","0.5004","0,1043","3,625","34.8","1","reduction","openblas","fp32","0","1617","166","0.5004","17.295","34.6","34.8","664000000","6.37","e2e","e2e","0","Intel(R) Core(TM) i9-7900X CPU @ 3.30GHz","","","","0","0","","","50.0","0","OPENBLAS_NUM_THREADS=10; e2e_host_memcpy=1; e2e_bw=mixed","0.021837349397590362","6,065930388219545e-09","0.0006283132530120482","0","0","0.0","","0.0","0.0","1,0069444444444445e-06","DE","0,1097399999999999","1,1050208333333322e-07","0,0783099722222222","7,885379147376541e-08","0,02332","2,3481944444444444e-08","0,0518570416666666","5,221716001157401e-08","0,1929","1,9423958333333332e-07","0,0950131388888888","9,567295235339498e-08","0,1097399999999999","1,1050208333333322e-07","0,0783099722222222","7,885379147376541e-08","0,1097399999999999","6,656752008032122e-10","4,750228402034061e-10","1,1050208333333322e-07","0,02332","1,414574966532798e-10","3,1456120488900005e-10","2,3481944444444444e-08","0,1929","1,1701179718875502e-09","5,763430864662348e-10","1,9423958333333335e-07","0,1097399999999999","6,656752008032122e-10","4,750228402034061e-10","1,1050208333333322e-07"
"2024-09-12 17:12:01+02:00","rock-ms7a95","Intel(R) Core(TM) i9-7900X CPU @ 3.30GHz","0","kernel","1432","1.0","0.6645","0,6645","23,003","34.6","1","reduction","openblas","fp32","0","1432","281","0.6645","23.003","34.6","34.7","17184000000","25.86","kernel","kernel","0","Intel(R) Core(TM) i9-7900X CPU @ 3.30GHz","","","","0","0","","","50.0","0","OPENBLAS_NUM_THREADS=10; e2e_host_memcpy=1; e2e_bw=mixed","0.01606354748603352","4,4620965238982e-09","0.000464036312849162","0","0","","","","","6,389722222222222e-06","DE","0,1097399999999999","7,012081166666659e-07","0,0783099722222222","5,003789697299381e-07","0,02332","1,4900832222222223e-07","0,0518570416666666","3,313520915162033e-07","0,1929","1,2325774166666665e-06","0,0950131388888888","6,071075649614192e-07","0,1097399999999999","7,012081166666659e-07","0,0783099722222222","5,003789697299381e-07","0,1097399999999999","4,896704725325879e-10","3,494266548393423e-10","7,012081166666659e-07","0,02332","1,0405609093730602e-10","2,3139112536047715e-10","1,4900832222222223e-07","0,1929","8,607384194599627e-10","4,239577967607676e-10","1,2325774166666665e-06","0,1097399999999999","4,896704725325879e-10","3,494266548393423e-10","7,012081166666659e-07"
"2024-09-12 17:12:01+02:00","rock-ms7a95","Intel(R) Core(TM) i9-7900X CPU @ 3.30GHz","0","e2e","281","1.0","0.6645","0,2784","9,668","34.7","1","reduction","openblas","fp32","0","1432","281","0.6645","23.003","34.6","34.7","1686000000","6.06","e2e","e2e","0","Intel(R) Core(TM) i9-7900X CPU @ 3.30GHz","","","","0","0","","","50.0","0","OPENBLAS_NUM_THREADS=10; e2e_host_memcpy=1; e2e_bw=mixed","0.03440569395017793","9,55713720838276e-09","0.000990747330960854","0","0","0.0","","0.0","0.0","2,6855555555555553e-06","DE","0,1097399999999999","2,947128666666664e-07","0,0783099722222222","2,1030578095679005e-07","0,02332","6,262715555555556e-08","0,0518570416666666","1,392649663425924e-07","0,1929","5,180436666666666e-07","0,0950131388888888","2,5516306299382694e-07","0,1097399999999999","2,947128666666664e-07","0,0783099722222222","2,1030578095679005e-07","0,1097399999999999","1,0488002372479231e-09","7,484191493124202e-10","2,947128666666664e-07","0,02332","2,22872439699486e-10","4,956048624291546e-10","6,262715555555557e-08","0,1929","1,8435717674970345e-09","9,080536049602383e-10","5,180436666666667e-07","0,1097399999999999","1,0488002372479231e-09","7,484191493124202e-10","2,947128666666664e-07"
"2024-09-12 17:12:06+02:00","rock-ms7a95","Intel(R) Core(TM) i9-7900X CPU @ 3.30GHz","0","kernel","1018","1.0","0.6525","0,6525","22,652","34.7","1","reduction","openblas","fp32","0","1018","212","0.6525","22.652","34.7","35.0","16288000000","24.96","kernel","kernel","0","Intel(R) Core(TM) i9-7900X CPU @ 3.30GHz","","","","0","0","","","49.0","0","OPENBLAS_NUM_THREADS=10; e2e_host_memcpy=1; e2e_bw=mixed","0.02225147347740668","6,180964854835189e-09","0.0006409626719056974","0","0","","","","","6,2922222222222225e-06","DE","0,1097399999999999","6,905084666666661e-07","0,0783099722222222","4,927437474382715e-07","0,02332","1,4673462222222222e-07","0,0518570416666666","3,262960299537033e-07","0,1929","1,2137696666666666e-06","0,0950131388888888","5,978437839197525e-07","0,1097399999999999","6,905084666666661e-07","0,0783099722222222","4,927437474382715e-07","0,1097399999999999","6,78299083169613e-10","4,840311860886753e-10","6,90508466666666e-07","0,02332","1,4414010041475662e-10","3,205265520173903e-10","1,4673462222222225e-07","0,1929","1,1923081204977078e-09","5,872728722197962e-10","1,2137696666666666e-06","0,1097399999999999","6,78299083169613e-10","4,840311860886753e-10","6,90508466666666e-07"
"2024-09-12 17:12:06+02:00","rock-ms7a95","Intel(R) Core(TM) i9-7900X CPU @ 3.30GHz","0","e2e","212","1.0","0.6525","0,3277","11,483","35.0","1","reduction","openblas","fp32","0","1018","212","0.6525","22.652","34.7","35.0","1696000000","5.18","e2e","e2e","0","Intel(R) Core(TM) i9-7900X CPU @ 3.30GHz","","","","0","0","","","49.0","0","OPENBLAS_NUM_THREADS=10; e2e_host_memcpy=1; e2e_bw=mixed","0.054165094339622646","1,5045859538784068e-08","0.0015457547169811321","0","0","0.0","","0.0","0.0","3,1897222222222226e-06","DE","0,1097399999999999","3,5004011666666636e-07","0,0783099722222222","2,497870586188271e-07","0,02332","7,438432222222223e-08","0,0518570416666666","1,6540955818287019e-07","0,1929","6,152974166666667e-07","0,0950131388888888","3,030655205169751e-07","0,1097399999999999","3,5004011666666636e-07","0,0783099722222222","2,497870586188271e-07","0,1097399999999999","1,651132625786162e-09","1,1782408425416374e-09","3,5004011666666636e-07","0,02332","3,5086944444444447e-10","7,802337650135386e-10","7,438432222222223e-08","0,1929","2,9023463050314465e-09","1,4295543420612032e-09","6,152974166666666e-07","0,1097399999999999","1,651132625786162e-09","1,1782408425416374e-09","3,5004011666666636e-07"
"2024-09-12 17:12:12+02:00","rock-ms7a95","Intel(R) Core(TM) i9-7900X CPU @ 3.30GHz","0","kernel","685","1.0","0.7558","0,7558","25,896","34.3","1","reduction","openblas","fp32","0","685","189","0.7558","25.896","34.3","34.0","16440000000","21.75","kernel","kernel","0","Intel(R) Core(TM) i9-7900X CPU @ 3.30GHz","","","","0","0","","","49.0","0","OPENBLAS_NUM_THREADS=10; e2e_host_memcpy=1; e2e_bw=mixed","0.0378043795620438","1,0501216545012168e-08","0.0011033576642335767","0","0","","","","","7,193333333333334e-06","DE","0,1097399999999999","7,893963999999992e-07","0,0783099722222222","5,633097335185184e-07","0,02332","1,6774853333333335e-07","0,0518570416666666","3,7302498638888847e-07","0,1929","1,387594e-06","0,0950131388888888","6,834611790740736e-07","0,1097399999999999","7,893963999999992e-07","0,0783099722222222","5,633097335185184e-07","0,1097399999999999","1,1524035036496341e-09","8,223499759394431e-10","7,893963999999993e-07","0,02332","2,4488836982968377e-10","5,445620239253847e-10","1,6774853333333338e-07","0,1929","2,025684671532847e-09","9,977535460935381e-10","1,3875940000000003e-06","0,1097399999999999","1,1524035036496341e-09","8,223499759394431e-10","7,893963999999993e-07"
"2024-09-12 17:12:12+02:00","rock-ms7a95","Intel(R) Core(TM) i9-7900X CPU @ 3.30GHz","0","e2e","189","1.0","0.7558","0,4614","15,668","34.0","1","reduction","openblas","fp32","0","685","189","0.7558","25.896","34.3","34.0","2268000000","4.92","e2e","e2e","0","Intel(R) Core(TM) i9-7900X CPU @ 3.30GHz","","","","0","0","","","49.0","0","OPENBLAS_NUM_THREADS=10; e2e_host_memcpy=1; e2e_bw=mixed","0.08289947089947089","2,302763080540858e-08","0.002441269841269841","0","0","0.0","","0.0","0.0","4,3522222222222224e-06","DE","0,1097399999999999","4,776128666666662e-07","0,0783099722222222","3,408224013271604e-07","0,02332","1,0149382222222223e-07","0,0518570416666666","2,256933691203701e-07","0,1929","8,395436666666667e-07","0,0950131388888888","4,135182944753083e-07","0,1097399999999999","4,776128666666662e-07","0,0783099722222222","3,408224013271604e-07","0,1097399999999999","2,527052204585535e-09","1,8032931287151343e-09","4,776128666666661e-07","0,02332","5,370043503821281e-10","1,1941448101606882e-09","1,0149382222222222e-07","0,1929","4,442029982363315e-09","2,1879274839963398e-09","8,395436666666665e-07","0,1097399999999999","2,527052204585535e-09","1,8032931287151343e-09","4,776128666666661e-07"
"2024-09-12 17:12:19+02:00","rock-ms7a95","Intel(R) Core(TM) i9-7900X CPU @ 3.30GHz","0","kernel","501","1.0","0.8037","0,8037","28,242","35.1","1","reduction","openblas","fp32","0","501","175","0.8037","28.242","35.1","35.2","16032000000","19.95","kernel","kernel","0","Intel(R) Core(TM) i9-7900X CPU @ 3.30GHz","","","","0","0","","","49.0","0","OPENBLAS_NUM_THREADS=10; e2e_host_memcpy=1; e2e_bw=mixed","0.05637125748502994","1,565868263473054e-08","0.001604191616766467","0","0","","","","","7,845e-06","DE","0,1097399999999999","8,609102999999992e-07","0,0783099722222222","6,143417320833332e-07","0,02332","1,8294540000000002e-07","0,0518570416666666","4,068184918749995e-07","0,1929","1,5133004999999999e-06","0,0950131388888888","7,453780745833327e-07","0,1097399999999999","8,609102999999992e-07","0,0783099722222222","6,143417320833332e-07","0,1097399999999999","1,7183838323353279e-09","1,2262310021623419e-09","8,609102999999992e-07","0,02332","3,651604790419162e-10","8,120129578343304e-10","1,8294540000000002e-07","0,1929","3,020559880239521e-09","1,4877805879906841e-09","1,5133005e-06","0,1097399999999999","1,7183838323353279e-09","1,2262310021623419e-09","8,609102999999992e-07"
"2024-09-12 17:12:19+02:00","rock-ms7a95","Intel(R) Core(TM) i9-7900X CPU @ 3.30GHz","0","e2e","175","1.0","0.8037","0,5855","20,583","35.2","1","reduction","openblas","fp32","0","501","175","0.8037","28.242","35.1","35.2","2800000000","4.78","e2e","e2e","0","Intel(R) Core(TM) i9-7900X CPU @ 3.30GHz","","","","0","0","","","49.0","0","OPENBLAS_NUM_THREADS=10; e2e_host_memcpy=1; e2e_bw=mixed","0.11761714285714285","3,2671428571428576e-08","0.0033457142857142856","0","0","0.0","","0.0","0.0","5,7175e-06","DE","0,1097399999999999","6,274384499999994e-07","0,0783099722222222","4,4773726618055544e-07","0,02332","1,333321e-07","0,0518570416666666","2,964926357291663e-07","0,1929","1,10290575e-06","0,0950131388888888","5,432376215972218e-07","0,1097399999999999","6,274384499999994e-07","0,0783099722222222","4,4773726618055544e-07","0,1097399999999999","3,5853625714285684e-09","2,5584986638888888e-09","6,274384499999994e-07","0,02332","7,618977142857144e-10","1,6942436327380933e-09","1,3333210000000004e-07","0,1929","6,302318571428572e-09","3,1042149805555533e-09","1,10290575e-06","0,1097399999999999","3,5853625714285684e-09","2,5584986638888888e-09","6,274384499999994e-07"
"2024-09-12 17:12:27+02:00","rock-ms7a95","Intel(R) Core(TM) i9-7900X CPU @ 3.30GHz","0","kernel","389","1.0","1.0196","1,0196","35,855","35.2","0","reduction","openblas","fp32","0","389","111","1.0196","35.855","35.2","34.8","18672000000","18.31","kernel","kernel","0","Intel(R) Core(TM) i9-7900X CPU @ 3.30GHz","","","","0","0","","","49.0","0","OPENBLAS_NUM_THREADS=10; e2e_host_memcpy=1; e2e_bw=mixed","0.09217223650385603","2,56033990288489e-08","0.0026210796915167095","0","0","","","","","9,959722222222222e-06","DE","0,1097399999999999","1,0929799166666655e-06","0,0783099722222222","7,799455705632714e-07","0,02332","2,322607222222222e-07","0,0518570416666666","5,16481730266203e-07","0,1929","1,9212304166666663e-06","0,0950131388888888","9,463044707947522e-07","0,1097399999999999","1,0929799166666655e-06","0,0783099722222222","7,799455705632714e-07","0,1097399999999999","2,8097170094258752e-09","2,0050014667436283e-09","1,0929799166666655e-06","0,02332","5,970712653527564e-10","1,3277165302473087e-09","2,3226072222222223e-07","0,1929","4,9388956726649525e-09","2,4326593079556614e-09","1,9212304166666667e-06","0,1097399999999999","2,8097170094258752e-09","2,0050014667436283e-09","1,0929799166666655e-06"
"2024-09-12 17:12:27+02:00","rock-ms7a95","Intel(R) Core(TM) i9-7900X CPU @ 3.30GHz","0","e2e","111","1.0","1.0196","0,5716","19,91","34.8","0","reduction","openblas","fp32","0","389","111","1.0196","35.855","35.2","34.8","2664000000","4.66","e2e","e2e","0","Intel(R) Core(TM) i9-7900X CPU @ 3.30GHz","","","","0","0","","","49.0","0","OPENBLAS_NUM_THREADS=10; e2e_host_memcpy=1; e2e_bw=mixed","0.17936936936936937","4,982482482482482e-08","0.00514954954954955","0","0","0.0","","0.0","0.0","5,530555555555555e-06","DE","0,1097399999999999","6,06923166666666e-07","0,0783099722222222","4,330976519290122e-07","0,02332","1,2897255555555554e-07","0,0518570416666666","2,867982498842589e-07","0,1929","1,0668441666666666e-06","0,0950131388888888","5,254754431327156e-07","0,1097399999999999","6,06923166666666e-07","0,0783099722222222","4,330976519290122e-07","0,1097399999999999","5,467776276276271e-09","3,901780648009119e-09","6,069231666666661e-07","0,02332","1,1619149149149148e-09","2,5837680169753052e-09","1,2897255555555554e-07","0,1929","9,611208708708708e-09","4,734013001195636e-09","1,0668441666666666e-06","0,1097399999999999","5,467776276276271e-09","3,901780648009119e-09","6,069231666666661e-07"
"2024-09-12 17:12:35+02:00","rock-ms7a95","Intel(R) Core(TM) i9-7900X CPU @ 3.30GHz","0","kernel","282","1.0","1.0258","1,0258","36,12","35.2","0","reduction","openblas","fp32","0","282","93","1.0258","36.12","35.2","34.3","18048000000","17.59","kernel","kernel","0","Intel(R) Core(TM) i9-7900X CPU @ 3.30GHz","","","","0","0","","","49.0","0","OPENBLAS_NUM_THREADS=10; e2e_host_memcpy=1; e2e_bw=mixed","0.1280851063829787","3,5579196217494086e-08","0.00363758865248227","0","0","","","","","1,0033333333333333e-05","DE","0,1097399999999999","1,1010579999999988e-06","0,0783099722222222","7,857100546296294e-07","0,02332","2,3397733333333332e-07","0,0518570416666666","5,202989847222215e-07","0,1929","1,9354299999999997e-06","0,0950131388888888","9,532984935185177e-07","0,1097399999999999","1,1010579999999988e-06","0,0783099722222222","7,857100546296294e-07","0,1097399999999999","3,9044609929077976e-09","2,786205867480955e-09","1,101057999999999e-06","0,02332","8,297068557919621e-10","1,8450318607170976e-09","2,3397733333333332e-07","0,1929","6,8632269503546086e-09","3,380491111767793e-09","1,9354299999999997e-06","0,1097399999999999","3,9044609929077976e-09","2,786205867480955e-09","1,101057999999999e-06"
"2024-09-12 17:12:35+02:00","rock-ms7a95","Intel(R) Core(TM) i9-7900X CPU @ 3.30GHz","0","e2e","93","1.0","1.0258","0,6489","22,253","34.3","0","reduction","openblas","fp32","0","282","93","1.0258","36.12","35.2","34.3","2976000000","4.59","e2e","e2e","0","Intel(R) Core(TM) i9-7900X CPU @ 3.30GHz","","","","0","0","","","49.0","0","OPENBLAS_NUM_THREADS=10; e2e_host_memcpy=1; e2e_bw=mixed","0.23927956989247312","6,646654719235366e-08","0.00697741935483871","0","0","0.0","","0.0","0.0","6,181388888888889e-06","DE","0,1097399999999999","6,783456166666661e-07","0,0783099722222222","4,840643921836419e-07","0,02332","1,441499888888889e-07","0,0518570416666666","3,205485411689811e-07","0,1929","1,1923899166666667e-06","0,0950131388888888","5,873131610262341e-07","0,1097399999999999","6,783456166666661e-07","0,0783099722222222","4,840643921836419e-07","0,1097399999999999","7,294038888888883e-09","5,204993464340236e-09","6,783456166666661e-07","0,02332","1,5499998805256872e-09","3,446758507193346e-09","1,441499888888889e-07","0,1929","1,282139695340502e-08","6,3151952798519805e-09","1,1923899166666669e-06","0,1097399999999999","7,294038888888883e-09","5,204993464340236e-09","6,783456166666661e-07"
"2024-09-12 17:12:43+02:00","rock-ms7a95","Intel(R) Core(TM) i9-7900X CPU @ 3.30GHz","0","kernel","186","1.0","1.0577","1,0577","37,242","35.2","0","reduction","openblas","fp32","0","186","55","1.0577","37.242","35.2","35.1","17856000000","16.88","kernel","kernel","0","Intel(R) Core(TM) i9-7900X CPU @ 3.30GHz","","","","0","0","","","49.0","0","OPENBLAS_NUM_THREADS=10; e2e_host_memcpy=1; e2e_bw=mixed","0.2002258064516129","5,561827956989248e-08","0.0056865591397849465","0","0","","","","","1,0345e-05","DE","0,1097399999999999","1,1352602999999989e-06","0,0783099722222222","8,101166626388888e-07","0,02332","2,412454e-07","0,0518570416666666","5,364610960416661e-07","0,1929","1,9955505e-06","0,0950131388888888","9,829109218055547e-07","0,1097399999999999","1,1352602999999989e-06","0,0783099722222222","8,101166626388888e-07","0,1097399999999999","6,103549999999994e-09","4,3554659281660685e-09","1,1352602999999989e-06","0,02332","1,2970182795698927e-09","2,884199441084226e-09","2,4124540000000006e-07","0,1929","1,0728766129032259e-08","5,284467321535241e-09","1,9955505e-06","0,1097399999999999","6,103549999999994e-09","4,3554659281660685e-09","1,1352602999999989e-06"
"2024-09-12 17:12:43+02:00","rock-ms7a95","Intel(R) Core(TM) i9-7900X CPU @ 3.30GHz","0","e2e","55","1.0","1.0577","0,5853","20,523","35.1","0","reduction","openblas","fp32","0","186","55","1.0577","37.242","35.2","35.1","2640000000","4.51","e2e","e2e","0","Intel(R) Core(TM) i9-7900X CPU @ 3.30GHz","","","","0","0","","","49.0","0","OPENBLAS_NUM_THREADS=10; e2e_host_memcpy=1; e2e_bw=mixed","0.37314545454545456","1,0365151515151517e-07","0.010641818181818183","0","0","0.0","","0.0","0.0","5,700833333333333e-06","DE","0,1097399999999999","6,256094499999993e-07","0,0783099722222222","4,4643209997685176e-07","0,02332","1,3294343333333334e-07","0,0518570416666666","2,956283517013885e-07","0,1929","1,09969075e-06","0,0950131388888888","5,416540692824069e-07","0,1097399999999999","6,256094499999993e-07","0,0783099722222222","4,4643209997685176e-07","0,1097399999999999","1,1374717272727263e-08","8,116947272306397e-09","6,256094499999994e-07","0,02332","2,4171533333333338e-09","5,375060940025247e-09","1,3294343333333336e-07","0,1929","1,9994377272727276e-08","9,848255805134673e-09","1,0996907500000001e-06","0,1097399999999999","1,1374717272727263e-08","8,116947272306397e-09","6,256094499999994e-07"
"2024-09-12 17:12:52+02:00","rock-ms7a95","Intel(R) Core(TM) i9-7900X CPU @ 3.30GHz","0","kernel","135","1.0","1.0439","1,0439","36,811","35.3","0","reduction","openblas","fp32","0","135","46","1.0439","36.811","35.3","34.9","17280000000","16.55","kernel","kernel","0","Intel(R) Core(TM) i9-7900X CPU @ 3.30GHz","","","","0","0","","","49.0","0","OPENBLAS_NUM_THREADS=10; e2e_host_memcpy=1; e2e_bw=mixed","0.27267407407407407","7,574279835390946e-08","0.007732592592592593","0","0","","","","","1,0225277777777777e-05","DE","0,1097399999999999","1,1221219833333323e-06","0,0783099722222222","8,007412187422837e-07","0,02332","2,3845347777777777e-07","0,0518570416666666","5,302526557754623e-07","0,1929","1,972456083333333e-06","0,0950131388888888","9,715357376774683e-07","0,1097399999999999","1,1221219833333323e-06","0,0783099722222222","8,007412187422837e-07","0,1097399999999999","8,312014691358017e-09","5,931416435128028e-09","1,1221219833333323e-06","0,02332","1,7663220576131687e-09","3,92779745018861e-09","2,3845347777777777e-07","0,1929","1,4610785802469135e-08","7,196561019833098e-09","1,972456083333333e-06","0,1097399999999999","8,312014691358017e-09","5,931416435128028e-09","1,1221219833333323e-06"
"2024-09-12 17:12:52+02:00","rock-ms7a95","Intel(R) Core(TM) i9-7900X CPU @ 3.30GHz","0","e2e","46","1.0","1.0439","0,6577","22,957","34.9","0","reduction","openblas","fp32","0","135","46","1.0439","36.811","35.3","34.9","2944000000","4.48","e2e","e2e","0","Intel(R) Core(TM) i9-7900X CPU @ 3.30GHz","","","","0","0","","","49.0","0","OPENBLAS_NUM_THREADS=10; e2e_host_memcpy=1; e2e_bw=mixed","0.4990652173913044","1,3862922705314014e-07","0.014297826086956521","0","0","0.0","","0.0","0.0","6,376944444444445e-06","DE","0,1097399999999999","6,998058833333327e-07","0,0783099722222222","4,993783423070987e-07","0,02332","1,4871034444444445e-07","0,0518570416666666","3,306894737615737e-07","0,1929","1,2301125833333334e-06","0,0950131388888888","6,058935081867279e-07","0,1097399999999999","6,998058833333327e-07","0,0783099722222222","4,993783423070987e-07","0,1097399999999999","1,5213171376811583e-08","1,0856050919719539e-08","6,998058833333328e-07","0,02332","3,232833574879228e-09","7,1889016035124735e-09","1,487103444444445e-07","0,1929","2,674157789855073e-08","1,3171598004059306e-08","1,2301125833333336e-06","0,1097399999999999","1,5213171376811583e-08","1,0856050919719539e-08","6,998058833333328e-07"
"2024-09-12 17:13:00+02:00","rock-ms7a95","Intel(R) Core(TM) i9-7900X CPU @ 3.30GHz","0","kernel","89","1.0","1.0521","1,0521","37,122","35.3","0","reduction","openblas","fp32","0","89","27","1.0521","37.122","35.3","35.0","17088000000","16.24","kernel","kernel","0","Intel(R) Core(TM) i9-7900X CPU @ 3.30GHz","","","","0","0","","","49.0","0","OPENBLAS_NUM_THREADS=10; e2e_host_memcpy=1; e2e_bw=mixed","0.4171011235955056","1,1586142322097379e-07","0.011821348314606742","0","0","","","","","1,0311666666666666e-05","DE","0,1097399999999999","1,131602299999999e-06","0,0783099722222222","8,075063302314813e-07","0,02332","2,4046806666666666e-07","0,0518570416666666","5,347325279861104e-07","0,1929","1,9891205e-06","0,0950131388888888","9,79743817175925e-07","0,1097399999999999","1,131602299999999e-06","0,0783099722222222","8,075063302314813e-07","0,1097399999999999","1,271463258426965e-08","9,073104834061589e-09","1,131602299999999e-06","0,02332","2,701888389513109e-09","6,008230651529331e-09","2,4046806666666666e-07","0,1929","2,2349668539325844e-08","1,100835749635871e-08","1,9891205e-06","0,1097399999999999","1,271463258426965e-08","9,073104834061589e-09","1,131602299999999e-06"
"2024-09-12 17:13:00+02:00","rock-ms7a95","Intel(R) Core(TM) i9-7900X CPU @ 3.30GHz","0","e2e","27","1.0","1.0521","0,584","20,428","35.0","0","reduction","openblas","fp32","0","89","27","1.0521","37.122","35.3","35.0","2592000000","4.44","e2e","e2e","0","Intel(R) Core(TM) i9-7900X CPU @ 3.30GHz","","","","0","0","","","49.0","0","OPENBLAS_NUM_THREADS=10; e2e_host_memcpy=1; e2e_bw=mixed","0.7565925925925926","2,1016460905349798e-07","0.021629629629629627","0","0","0.0","","0.0","0.0","5,674444444444445e-06","DE","0,1097399999999999","6,227135333333328e-07","0,0783099722222222","4,443655868209876e-07","0,02332","1,3232804444444445e-07","0,0518570416666666","2,942599019907404e-07","0,1929","1,0946003333333334e-06","0,0950131388888888","5,391467781172836e-07","0,1097399999999999","6,227135333333328e-07","0,0783099722222222","4,443655868209876e-07","0,1097399999999999","2,3063464197530845e-08","1,6457984697073615e-08","6,227135333333328e-07","0,02332","4,901038683127573e-09","1,0898514888545942e-08","1,3232804444444448e-07","0,1929","4,054075308641976e-08","1,996839918952902e-08","1,0946003333333334e-06","0,1097399999999999","2,3063464197530845e-08","1,6457984697073615e-08","6,227135333333328e-07"
"2024-09-12 17:13:09+02:00","rock-ms7a95","Intel(R) Core(TM) i9-7900X CPU @ 3.30GHz","0","kernel","66","1.0","1.0503","1,0503","37,091","35.3","0","reduction","openblas","fp32","0","66","23","1.0503","37.091","35.3","34.8","16896000000","16.09","kernel","kernel","0","Intel(R) Core(TM) i9-7900X CPU @ 3.30GHz","","","","0","0","","","49.0","0","OPENBLAS_NUM_THREADS=10; e2e_host_memcpy=1; e2e_bw=mixed","0.5619848484848485","1,5610690235690239e-07","0.015913636363636362","0","0","","","","","1,0303055555555556e-05","DE","0,1097399999999999","1,1306573166666655e-06","0,0783099722222222","8,068319943595678e-07","0,02332","2,402672555555556e-07","0,0518570416666666","5,342859812384253e-07","0,1929","1,9874594166666664e-06","0,0950131388888888","9,789256484799375e-07","0,1097399999999999","1,1306573166666655e-06","0,0783099722222222","8,068319943595678e-07","0,1097399999999999","1,7131171464646453e-08","1,2224727187266179e-08","1,130657316666666e-06","0,02332","3,6404129629629636e-09","8,095242139976142e-09","2,402672555555556e-07","0,1929","3,011302146464647e-08","1,4832206795150569e-08","1,9874594166666672e-06","0,1097399999999999","1,7131171464646453e-08","1,2224727187266179e-08","1,130657316666666e-06"
"2024-09-12 17:13:09+02:00","rock-ms7a95","Intel(R) Core(TM) i9-7900X CPU @ 3.30GHz","0","e2e","23","1.0","1.0503","0,661","23,008","34.8","0","reduction","openblas","fp32","0","66","23","1.0503","37.091","35.3","34.8","2944000000","4.45","e2e","e2e","0","Intel(R) Core(TM) i9-7900X CPU @ 3.30GHz","","","","0","0","","","49.0","0","OPENBLAS_NUM_THREADS=10; e2e_host_memcpy=1; e2e_bw=mixed","1.0003478260869565","2,778743961352657e-07","0.02873913043478261","0","0","0.0","","0.0","0.0","6,391111111111111e-06","DE","0,1097399999999999","7,013605333333326e-07","0,0783099722222222","5,004877335802468e-07","0,02332","1,490407111111111e-07","0,0518570416666666","3,314241151851848e-07","0,1929","1,2328453333333332e-06","0,0950131388888888","6,072395276543205e-07","0,1097399999999999","7,013605333333326e-07","0,0783099722222222","5,004877335802468e-07","0,1097399999999999","3,049393623188403e-08","2,1760336242619428e-08","7,013605333333327e-07","0,02332","6,480030917874396e-09","1,4409744138486294e-08","1,490407111111111e-07","0,1929","5,3601971014492753e-08","2,6401718593666106e-08","1,2328453333333334e-06","0,1097399999999999","3,049393623188403e-08","2,1760336242619428e-08","7,013605333333327e-07"
"2024-09-12 17:13:17+02:00","rock-ms7a95","Intel(R) Core(TM) i9-7900X CPU @ 3.30GHz","0","kernel","44","1.0","1.0609","1,0609","36,855","34.7","0","reduction","openblas","fp32","0","44","14","1.0609","36.855","34.7","34.1","16896000000","15.93","kernel","kernel","0","Intel(R) Core(TM) i9-7900X CPU @ 3.30GHz","","","","0","0","","","49.0","0","OPENBLAS_NUM_THREADS=10; e2e_host_memcpy=1; e2e_bw=mixed","0.8376136363636363","2,3267045454545453e-07","0.024111363636363636","0","0","","","","","1,02375e-05","DE","0,1097399999999999","1,123463249999999e-06","0,0783099722222222","8,016983406249998e-07","0,02332","2,387385e-07","0,0518570416666666","5,308864640624994e-07","0,1929","1,97481375e-06","0,0950131388888888","9,726970093749991e-07","0,1097399999999999","1,123463249999999e-06","0,0783099722222222","8,016983406249998e-07","0,1097399999999999","2,5533255681818155e-08","1,822041683238636e-08","1,1234632499999987e-06","0,02332","5,425875e-09","1,2065601455965893e-08","2,387385e-07","0,1929","4,488213068181818e-08","2,210675021306816e-08","1,97481375e-06","0,1097399999999999","2,5533255681818155e-08","1,822041683238636e-08","1,1234632499999987e-06"
"2024-09-12 17:13:17+02:00","rock-ms7a95","Intel(R) Core(TM) i9-7900X CPU @ 3.30GHz","0","e2e","14","1.0","1.0609","0,6064","20,703","34.1","0","reduction","openblas","fp32","0","44","14","1.0609","36.855","34.7","34.1","2688000000","4.43","e2e","e2e","0","Intel(R) Core(TM) i9-7900X CPU @ 3.30GHz","","","","0","0","","","49.0","0","OPENBLAS_NUM_THREADS=10; e2e_host_memcpy=1; e2e_bw=mixed","1.4787857142857141","4,107738095238095e-07","0.043314285714285715","0","0","0.0","","0.0","0.0","5,7508333333333335e-06","DE","0,1097399999999999","6,310964499999994e-07","0,0783099722222222","4,5034759858796287e-07","0,02332","1,3410943333333333e-07","0,0518570416666666","2,9822120378472187e-07","0,1929","1,10933575e-06","0,0950131388888888","5,464047262268514e-07","0,1097399999999999","6,310964499999994e-07","0,0783099722222222","4,5034759858796287e-07","0,1097399999999999","4,507831785714281e-08","3,2167685613425915e-08","6,310964499999993e-07","0,02332","9,579245238095237e-09","2,130151455605156e-08","1,341094333333333e-07","0,1929","7,923826785714284e-08","3,9028909016203667e-08","1,1093357499999998e-06","0,1097399999999999","4,507831785714281e-08","3,2167685613425915e-08","6,310964499999993e-07"
"2024-09-12 17:13:26+02:00","rock-ms7a95","Intel(R) Core(TM) i9-7900X CPU @ 3.30GHz","0","kernel","33","1.0","1.0646","1,0646","37,131","34.9","0","reduction","openblas","fp32","0","33","12","1.0646","37.131","34.9","34.6","16896000000","15.87","kernel","kernel","0","Intel(R) Core(TM) i9-7900X CPU @ 3.30GHz","","","","0","0","","","49.0","0","OPENBLAS_NUM_THREADS=10; e2e_host_memcpy=1; e2e_bw=mixed","1.1251818181818183","3,125505050505051e-07","0.03226060606060606","0","0","","","","","1,0314166666666667e-05","DE","0,1097399999999999","1,1318766499999989e-06","0,0783099722222222","8,077021051620369e-07","0,02332","2,405263666666667e-07","0,0518570416666666","5,348621705902771e-07","0,1929","1,98960275e-06","0,0950131388888888","9,799813500231473e-07","0,1097399999999999","1,1318766499999989e-06","0,0783099722222222","8,077021051620369e-07","0,1097399999999999","3,4299292424242396e-08","2,4475821368546576e-08","1,131876649999999e-06","0,02332","7,288677777777779e-09","1,6207944563341732e-08","2,405263666666667e-07","0,1929","6,029099242424242e-08","2,969640454615598e-08","1,98960275e-06","0,1097399999999999","3,4299292424242396e-08","2,4475821368546576e-08","1,131876649999999e-06"
"2024-09-12 17:13:26+02:00","rock-ms7a95","Intel(R) Core(TM) i9-7900X CPU @ 3.30GHz","0","e2e","12","1.0","1.0646","0,6946","24,036","34.6","0","reduction","openblas","fp32","0","33","12","1.0646","37.131","34.9","34.6","3072000000","4.42","e2e","e2e","0","Intel(R) Core(TM) i9-7900X CPU @ 3.30GHz","","","","0","0","","","49.0","0","OPENBLAS_NUM_THREADS=10; e2e_host_memcpy=1; e2e_bw=mixed","2.003","5,563888888888889e-07","0.057883333333333335","0","0","0.0","","0.0","0.0","6,676666666666667e-06","DE","0,1097399999999999","7,326973999999993e-07","0,0783099722222222","5,228495812037037e-07","0,02332","1,556998666666667e-07","0,0518570416666666","3,462321815277774e-07","0,1929","1,2879290000000002e-06","0,0950131388888888","6,343710573148144e-07","0,1097399999999999","7,326973999999993e-07","0,0783099722222222","5,228495812037037e-07","0,1097399999999999","6,105811666666661e-08","4,357079843364197e-08","7,326973999999993e-07","0,02332","1,2974988888888888e-08","2,8852681793981445e-08","1,5569986666666667e-07","0,1929","1,0732741666666666e-07","5,286425477623452e-08","1,287929e-06","0,1097399999999999","6,105811666666661e-08","4,357079843364197e-08","7,326973999999993e-07"
"2024-09-12 17:13:35+02:00","rock-ms7a95","Intel(R) Core(TM) i9-7900X CPU @ 3.30GHz","0","kernel","22","1.0","1.0694","1,0694","37,754","35.3","0","reduction","openblas","fp32","0","22","7","1.0694","37.754","35.3","35.1","16896000000","15.8","kernel","kernel","0","Intel(R) Core(TM) i9-7900X CPU @ 3.30GHz","","","","0","0","","","49.0","0","OPENBLAS_NUM_THREADS=10; e2e_host_memcpy=1; e2e_bw=mixed","1.716090909090909","4,766919191919191e-07","0.04860909090909091","0","0","","","","","1,0487222222222221e-05","DE","0,1097399999999999","1,1508677666666654e-06","0,0783099722222222","8,212540809104936e-07","0,02332","2,445620222222222e-07","0,0518570416666666","5,438363197453696e-07","0,1929","2,0229851666666663e-06","0,0950131388888888","9,96423901558641e-07","0,1097399999999999","1,1508677666666654e-06","0,0783099722222222","8,212540809104936e-07","0,1097399999999999","5,2312171212121154e-08","3,7329730950476976e-08","1,1508677666666654e-06","0,02332","1,1116455555555554e-08","2,471983271569862e-08","2,445620222222222e-07","0,1929","9,195387121212119e-08","4,5291995525392774e-08","2,0229851666666663e-06","0,1097399999999999","5,2312171212121154e-08","3,7329730950476976e-08","1,1508677666666654e-06"
"2024-09-12 17:13:35+02:00","rock-ms7a95","Intel(R) Core(TM) i9-7900X CPU @ 3.30GHz","0","e2e","7","1.0","1.0694","0,609","21,369","35.1","0","reduction","openblas","fp32","0","22","7","1.0694","37.754","35.3","35.1","2688000000","4.41","e2e","e2e","0","Intel(R) Core(TM) i9-7900X CPU @ 3.30GHz","","","","0","0","","","49.0","0","OPENBLAS_NUM_THREADS=10; e2e_host_memcpy=1; e2e_bw=mixed","3.0527142857142855","8,479761904761904e-07","0.087","0","0","0.0","","0.0","0.0","5,935833333333333e-06","DE","0,1097399999999999","6,513983499999993e-07","0,0783099722222222","4,64834943449074e-07","0,02332","1,3842363333333334e-07","0,0518570416666666","3,078147564930552e-07","0,1929","1,1450222499999999e-06","0,0950131388888888","5,639821569212958e-07","0,1097399999999999","6,513983499999993e-07","0,0783099722222222","4,64834943449074e-07","0,1097399999999999","9,305690714285705e-08","6,640499192129627e-08","6,513983499999993e-07","0,02332","1,977480476190476e-08","4,397353664186502e-08","1,3842363333333331e-07","0,1929","1,6357460714285712e-07","8,05688795601851e-08","1,1450222499999999e-06","0,1097399999999999","9,305690714285705e-08","6,640499192129627e-08","6,513983499999993e-07"
"2024-09-12 17:13:44+02:00","rock-ms7a95","Intel(R) Core(TM) i9-7900X CPU @ 3.30GHz","0","kernel","17","1.0","1.1048","1,1048","38,991","35.3","0","reduction","openblas","fp32","0","17","6","1.1048","38.991","35.3","35.3","17408000000","15.76","kernel","kernel","0","Intel(R) Core(TM) i9-7900X CPU @ 3.30GHz","","","","0","0","","","49.0","0","OPENBLAS_NUM_THREADS=10; e2e_host_memcpy=1; e2e_bw=mixed","2.2935882352941177","6,371078431372549e-07","0.06498823529411765","0","0","","","","","1,0830833333333333e-05","DE","0,1097399999999999","1,1885756499999989e-06","0,0783099722222222","8,481622574768517e-07","0,02332","2,5257503333333334e-07","0,0518570416666666","5,616549754513882e-07","0,1929","2,0892677499999997e-06","0,0950131388888888","1,0290714717824064e-06","0,1097399999999999","1,1885756499999989e-06","0,0783099722222222","8,481622574768517e-07","0,1097399999999999","6,991621470588229e-08","4,9891897498638335e-08","1,1885756499999989e-06","0,02332","1,4857354901960785e-08","3,303852796772872e-08","2,5257503333333334e-07","0,1929","1,2289810294117647e-07","6,053361598720038e-08","2,08926775e-06","0,1097399999999999","6,991621470588229e-08","4,9891897498638335e-08","1,1885756499999989e-06"
"2024-09-12 17:13:44+02:00","rock-ms7a95","Intel(R) Core(TM) i9-7900X CPU @ 3.30GHz","0","e2e","6","1.0","1.1048","0,6969","24,603","35.3","0","reduction","openblas","fp32","0","17","6","1.1048","38.991","35.3","35.3","3072000000","4.41","e2e","e2e","0","Intel(R) Core(TM) i9-7900X CPU @ 3.30GHz","","","","0","0","","","49.0","0","OPENBLAS_NUM_THREADS=10; e2e_host_memcpy=1; e2e_bw=mixed","4.1005","1,139027777777778e-06","0.11614999999999999","0","0","0.0","","0.0","0.0","6,834166666666667e-06","DE","0,1097399999999999","7,499814499999993e-07","0,0783099722222222","5,351834018287036e-07","0,02332","1,5937276666666668e-07","0,0518570416666666","3,5439966559027736e-07","0,1929","1,31831075e-06","0,0950131388888888","6,493356266898143e-07","0,1097399999999999","7,499814499999993e-07","0,0783099722222222","5,351834018287036e-07","0,1097399999999999","1,2499690833333322e-07","8,919723363811727e-08","7,499814499999993e-07","0,02332","2,656212777777778e-08","5,90666109317129e-08","1,5937276666666668e-07","0,1929","2,1971845833333336e-07","1,0822260444830239e-07","1,3183107500000002e-06","0,1097399999999999","1,2499690833333322e-07","8,919723363811727e-08","7,499814499999993e-07"
"2024-09-12 17:13:54+02:00","rock-ms7a95","Intel(R) Core(TM) i9-7900X CPU @ 3.30GHz","0","kernel","13","1.0","1.0572","1,0572","35,65","33.7","0","reduction","openblas","fp32","0","13","5","1.0572","35.65","33.7","33.6","16640000000","15.74","kernel","kernel","0","Intel(R) Core(TM) i9-7900X CPU @ 3.30GHz","","","","0","0","","","49.0","0","OPENBLAS_NUM_THREADS=10; e2e_host_memcpy=1; e2e_bw=mixed","2.7423076923076923","7,617521367521367e-07","0.08132307692307691","0","0","","","","","9,902777777777777e-06","DE","0,1097399999999999","1,086730833333332e-06","0,0783099722222222","7,75486252700617e-07","0,02332","2,3093277777777777e-07","0,0518570416666666","5,135287598379622e-07","0,1929","1,910245833333333e-06","0,0950131388888888","9,408940003858015e-07","0,1097399999999999","1,086730833333332e-06","0,0783099722222222","7,75486252700617e-07","0,1097399999999999","8,35946794871794e-08","5,965278866927824e-08","1,0867308333333323e-06","0,02332","1,776405982905983e-08","3,9502212295227874e-08","2,309327777777778e-07","0,1929","1,4694198717948718e-07","7,237646156813859e-08","1,9102458333333334e-06","0,1097399999999999","8,35946794871794e-08","5,965278866927824e-08","1,0867308333333323e-06"
"2024-09-12 17:13:54+02:00","rock-ms7a95","Intel(R) Core(TM) i9-7900X CPU @ 3.30GHz","0","e2e","5","1.0","1.0572","0,7258","24,392","33.6","0","reduction","openblas","fp32","0","13","5","1.0572","35.65","33.7","33.6","3200000000","4.41","e2e","e2e","0","Intel(R) Core(TM) i9-7900X CPU @ 3.30GHz","","","","0","0","","","49.0","0","OPENBLAS_NUM_THREADS=10; e2e_host_memcpy=1; e2e_bw=mixed","4.8784","1,3551111111111112e-06","0.14516","0","0","0.0","","0.0","0.0","6,775555555555555e-06","DE","0,1097399999999999","7,435494666666659e-07","0,0783099722222222","5,305935673456788e-07","0,02332","1,5800595555555556e-07","0,0518570416666666","3,513602667592588e-07","0,1929","1,3070046666666665e-06","0,0950131388888888","6,437668010493822e-07","0,1097399999999999","7,435494666666659e-07","0,0783099722222222","5,305935673456788e-07","0,1097399999999999","1,487098933333332e-07","1,0611871346913578e-07","7,43549466666666e-07","0,02332","3,160119111111111e-08","7,027205335185177e-08","1,5800595555555556e-07","0,1929","2,6140093333333335e-07","1,2875336020987644e-07","1,3070046666666667e-06","0,1097399999999999","1,487098933333332e-07","1,0611871346913578e-07","7,43549466666666e-07"
"2024-09-12 17:14:04+02:00","rock-ms7a95","Intel(R) Core(TM) i9-7900X CPU @ 3.30GHz","0","kernel","11","1.0","1.0734","1,0734","37,614","35.0","0","reduction","openblas","fp32","0","11","5","1.0734","37.614","35.0","34.5","16896000000","15.74","kernel","kernel","0","Intel(R) Core(TM) i9-7900X CPU @ 3.30GHz","","","","0","0","","","49.0","0","OPENBLAS_NUM_THREADS=10; e2e_host_memcpy=1; e2e_bw=mixed","3.419454545454545","9,498484848484848e-07","0.09758181818181817","0","0","","","","","1,0448333333333333e-05","DE","0,1097399999999999","1,1466000999999988e-06","0,0783099722222222","8,182086931018516e-07","0,02332","2,436551333333333e-07","0,0518570416666666","5,418196570138883e-07","0,1929","2,0154835e-06","0,0950131388888888","9,927289461574065e-07","0,1097399999999999","1,1466000999999988e-06","0,0783099722222222","8,182086931018516e-07","0,1097399999999999","1,0423637272727262e-07","7,438260846380469e-08","1,1466000999999988e-06","0,02332","2,2150466666666664e-08","4,925633245580802e-08","2,436551333333333e-07","0,1929","1,832257727272727e-07","9,024808601430968e-08","2,0154835e-06","0,1097399999999999","1,0423637272727262e-07","7,438260846380469e-08","1,1466000999999988e-06"
"2024-09-12 17:14:04+02:00","rock-ms7a95","Intel(R) Core(TM) i9-7900X CPU @ 3.30GHz","0","e2e","5","1.0","1.0734","0,8704","30,029","34.5","0","reduction","openblas","fp32","0","11","5","1.0734","37.614","35.0","34.5","3840000000","4.41","e2e","e2e","0","Intel(R) Core(TM) i9-7900X CPU @ 3.30GHz","","","","0","0","","","49.0","0","OPENBLAS_NUM_THREADS=10; e2e_host_memcpy=1; e2e_bw=mixed","6.0058","1,6682777777777778e-06","0.17407999999999998","0","0","0.0","","0.0","0.0","8,341388888888889e-06","DE","0,1097399999999999","9,153840166666657e-07","0,0783099722222222","6,532139321836418e-07","0,02332","1,945211888888889e-07","0,0518570416666666","4,3255975116898096e-07","0,1929","1,6090539166666665e-06","0,0950131388888888","7,925415410262338e-07","0,1097399999999999","9,153840166666657e-07","0,0783099722222222","6,532139321836418e-07","0,1097399999999999","1,8307680333333316e-07","1,3064278643672837e-07","9,153840166666657e-07","0,02332","3,890423777777778e-08","8,651195023379619e-08","1,9452118888888891e-07","0,1929","3,2181078333333333e-07","1,585083082052468e-07","1,6090539166666667e-06","0,1097399999999999","1,8307680333333316e-07","1,3064278643672837e-07","9,153840166666657e-07"
"2024-09-12 17:14:14+02:00","rock-ms7a95","Intel(R) Core(TM) i9-7900X CPU @ 3.30GHz","0","kernel","9","1.0","1.172","1,172","39,451","33.7","0","reduction","openblas","fp32","0","9","3","1.172","39.451","33.7","33.6","18432000000","15.73","kernel","kernel","0","Intel(R) Core(TM) i9-7900X CPU @ 3.30GHz","","","","0","0","","","50.0","0","OPENBLAS_NUM_THREADS=10; e2e_host_memcpy=1; e2e_bw=mixed","4.383444444444445","1,2176234567901235e-06","0.1302222222222222","0","0","","","","","1,0958611111111111e-05","DE","0,1097399999999999","1,2025979833333322e-06","0,0783099722222222","8,581685317052467e-07","0,02332","2,555548111111111e-07","0,0518570416666666","5,682811529976845e-07","0,1929","2,113916083333333e-06","0,0950131388888888","1,04121203952932e-06","0,1097399999999999","1,2025979833333322e-06","0,0783099722222222","8,581685317052467e-07","0,1097399999999999","1,3362199814814802e-07","9,535205907836075e-08","1,2025979833333322e-06","0,02332","2,839497901234568e-08","6,314235033307606e-08","2,5555481111111115e-07","0,1929","2,348795648148148e-07","1,156902266143689e-07","2,113916083333333e-06","0,1097399999999999","1,3362199814814802e-07","9,535205907836075e-08","1,2025979833333322e-06"
"2024-09-12 17:14:14+02:00","rock-ms7a95","Intel(R) Core(TM) i9-7900X CPU @ 3.30GHz","0","e2e","3","1.0","1.172","0,6963","23,391","33.6","0","reduction","openblas","fp32","0","9","3","1.172","39.451","33.7","33.6","3072000000","4.41","e2e","e2e","0","Intel(R) Core(TM) i9-7900X CPU @ 3.30GHz","","","","0","0","","","50.0","0","OPENBLAS_NUM_THREADS=10; e2e_host_memcpy=1; e2e_bw=mixed","7.797","2,165833333333333e-06","0.2321","0","0","0.0","","0.0","0.0","6,497499999999999e-06","DE","0,1097399999999999","7,130356499999992e-07","0,0783099722222222","5,088190445138887e-07","0,02332","1,515217e-07","0,0518570416666666","3,369411282291662e-07","0,1929","1,2533677499999998e-06","0,0950131388888888","6,17347869930555e-07","0,1097399999999999","7,130356499999992e-07","0,0783099722222222","5,088190445138887e-07","0,1097399999999999","2,3767854999999974e-07","1,6960634817129625e-07","7,130356499999992e-07","0,02332","5,050723333333333e-08","1,1231370940972208e-07","1,515217e-07","0,1929","4,177892499999999e-07","2,05782623310185e-07","1,2533677499999998e-06","0,1097399999999999","2,3767854999999974e-07","1,6960634817129625e-07","7,130356499999992e-07"
"2024-09-12 17:14:25+02:00","rock-ms7a95","Intel(R) Core(TM) i9-7900X CPU @ 3.30GHz","0","kernel","6","1.0","1.174","1,174","39,495","33.6","0","reduction","openblas","fp32","0","6","2","1.174","39.495","33.6","33.7","18432000000","15.7","kernel","kernel","0","Intel(R) Core(TM) i9-7900X CPU @ 3.30GHz","","","","0","0","","","49.0","0","OPENBLAS_NUM_THREADS=10; e2e_host_memcpy=1; e2e_bw=mixed","6.5825","1,828472222222222e-06","0.19566666666666666","0","0","","","","","1,0970833333333333e-05","DE","0,1097399999999999","1,2039392499999988e-06","0,0783099722222222","8,591256535879628e-07","0,02332","2,558398333333333e-07","0,0518570416666666","5,689149612847216e-07","0,1929","2,11627375e-06","0,0950131388888888","1,042373311226851e-06","0,1097399999999999","1,2039392499999988e-06","0,0783099722222222","8,591256535879628e-07","0,1097399999999999","2,0065654166666646e-07","1,431876089313271e-07","1,2039392499999988e-06","0,02332","4,263997222222222e-08","9,481916021412025e-08","2,558398333333333e-07","0,1929","3,527122916666666e-07","1,7372888520447514e-07","2,1162737499999994e-06","0,1097399999999999","2,0065654166666646e-07","1,431876089313271e-07","1,2039392499999988e-06"
"2024-09-12 17:14:25+02:00","rock-ms7a95","Intel(R) Core(TM) i9-7900X CPU @ 3.30GHz","0","e2e","2","1.0","1.174","0,6958","23,468","33.7","0","reduction","openblas","fp32","0","6","2","1.174","39.495","33.6","33.7","3072000000","4.41","e2e","e2e","0","Intel(R) Core(TM) i9-7900X CPU @ 3.30GHz","","","","0","0","","","49.0","0","OPENBLAS_NUM_THREADS=10; e2e_host_memcpy=1; e2e_bw=mixed","11.734","3,2594444444444445e-06","0.3479","0","0","0.0","","0.0","0.0","6,518888888888889e-06","DE","0,1097399999999999","7,15382866666666e-07","0,0783099722222222","5,104940078086419e-07","0,02332","1,520204888888889e-07","0,0518570416666666","3,3805029273148107e-07","0,1929","1,2574936666666665e-06","0,0950131388888888","6,193800954012341e-07","0,1097399999999999","7,15382866666666e-07","0,0783099722222222","5,104940078086419e-07","0,1097399999999999","3,57691433333333e-07","2,5524700390432096e-07","7,15382866666666e-07","0,02332","7,601024444444445e-08","1,6902514636574053e-07","1,520204888888889e-07","0,1929","6,287468333333333e-07","3,0969004770061703e-07","1,2574936666666665e-06","0,1097399999999999","3,57691433333333e-07","2,5524700390432096e-07","7,15382866666666e-07"
"2024-09-12 17:14:51+02:00","rock-ms7a95","Intel(R) Core(TM) i9-7900X CPU @ 3.30GHz","0","kernel","2040","1.0","0.6312","0,6312","20,766","32.9","1","reduction","openblas","fp32","0","2040","154","0.6312","20.766","32.9","33.0","16320000000","25.86","kernel","kernel","0","Intel(R) Core(TM) i9-7900X CPU @ 3.30GHz","","","","0","0","","","50.0","0","OPENBLAS_NUM_THREADS=10; e2e_host_memcpy=1; e2e_bw=mixed","0.010179411764705881","2,827614379084967e-09","0.0003094117647058823","0","0","","","","","5,768333333333333e-06","DE","0,1097399999999999","6,330168999999994e-07","0,0783099722222222","4,517180231018517e-07","0,02332","1,345175333333333e-07","0,0518570416666666","2,991287020138885e-07","0,1929","1,1127114999999997e-06","0,0950131388888888","5,480674561574069e-07","0,1097399999999999","6,330168999999994e-07","0,0783099722222222","4,517180231018517e-07","0,1097399999999999","3,1030240196078397e-10","2,2143040348129986e-10","6,330168999999993e-07","0,02332","6,593996732026144e-11","1,4663171667347476e-10","1,3451753333333334e-07","0,1929","5,454468137254901e-10","2,6866051772421905e-10","1,1127115e-06","0,1097399999999999","3,1030240196078397e-10","2,2143040348129986e-10","6,330168999999993e-07"
"2024-09-12 17:14:51+02:00","rock-ms7a95","Intel(R) Core(TM) i9-7900X CPU @ 3.30GHz","0","e2e","154","1.0","0.6312","0,0965","3,18","33.0","1","reduction","openblas","fp32","0","2040","154","0.6312","20.766","32.9","33.0","616000000","6.38","e2e","e2e","0","Intel(R) Core(TM) i9-7900X CPU @ 3.30GHz","","","","0","0","","","50.0","0","OPENBLAS_NUM_THREADS=10; e2e_host_memcpy=1; e2e_bw=mixed","0.02064935064935065","5,735930735930736e-09","0.0006266233766233767","0","0","0.0","","0.0","0.0","8,833333333333334e-07","DE","0,1097399999999999","9,693699999999991e-08","0,0783099722222222","6,917380879629628e-08","0,02332","2,0599333333333334e-08","0,0518570416666666","4,5807053472222167e-08","0,1929","1,70395e-07","0,0950131388888888","8,392827268518511e-08","0,1097399999999999","9,693699999999991e-08","0,0783099722222222","6,917380879629628e-08","0,1097399999999999","6,294610389610383e-10","4,491805765993265e-10","9,69369999999999e-08","0,02332","1,3376190476190477e-10","2,974483991702738e-10","2,0599333333333334e-08","0,1929","1,1064610389610388e-09","5,449887836700332e-10","1,7039499999999998e-07","0,1097399999999999","6,294610389610383e-10","4,491805765993265e-10","9,69369999999999e-08"
"2024-09-12 17:14:54+02:00","rock-ms7a95","Intel(R) Core(TM) i9-7900X CPU @ 3.30GHz","0","kernel","629","1.0","0.2906","0,2906","9,606","33.1","1","reduction","openblas","fp32","0","629","193","0.2906","9.606","33.1","33.7","7548000000","25.97","kernel","kernel","0","Intel(R) Core(TM) i9-7900X CPU @ 3.30GHz","","","","0","0","","","50.0","0","OPENBLAS_NUM_THREADS=10; e2e_host_memcpy=1; e2e_bw=mixed","0.015271860095389507","4,242183359830418e-09","0.00046200317965023853","0","0","","","","","2,6683333333333333e-06","DE","0,1097399999999999","2,928228999999997e-07","0,0783099722222222","2,089571092129629e-07","0,02332","6,222553333333333e-08","0,0518570416666666","1,3837187284722205e-07","0,1929","5,147215e-07","0,0950131388888888","2,5352672560185164e-07","0,1097399999999999","2,928228999999997e-07","0,0783099722222222","2,089571092129629e-07","0,1097399999999999","4,655372019077896e-10","3,3220526106989325e-10","2,9282289999999966e-07","0,02332","9,892771595124534e-11","2,199870792483657e-10","6,222553333333332e-08","0,1929","8,183171701112875e-10","4,0306315675970045e-10","5,147214999999998e-07","0,1097399999999999","4,655372019077896e-10","3,3220526106989325e-10","2,9282289999999966e-07"
"2024-09-12 17:14:54+02:00","rock-ms7a95","Intel(R) Core(TM) i9-7900X CPU @ 3.30GHz","0","e2e","193","1.0","0.2906","0,1913","6,442","33.7","1","reduction","openblas","fp32","0","629","193","0.2906","9.606","33.1","33.7","1158000000","6.05","e2e","e2e","0","Intel(R) Core(TM) i9-7900X CPU @ 3.30GHz","","","","0","0","","","50.0","0","OPENBLAS_NUM_THREADS=10; e2e_host_memcpy=1; e2e_bw=mixed","0.033378238341968916","9,271732872769144e-09","0.0009911917098445596","0","0","0.0","","0.0","0.0","1,7894444444444446e-06","DE","0,1097399999999999","1,9637363333333317e-07","0,0783099722222222","1,401313447376543e-07","0,02332","4,172984444444445e-08","0,0518570416666666","9,279529511574064e-08","0,1929","3,4518383333333336e-07","0,0950131388888888","1,7002073353395048e-07","0,1097399999999999","1,9637363333333317e-07","0,0783099722222222","1,401313447376543e-07","0,1097399999999999","1,0174799654576849e-09","7,260691437184162e-10","1,9637363333333317e-07","0,02332","2,1621681059297645e-10","4,80804637905392e-10","4,1729844444444454e-08","0,1929","1,7885172711571678e-09","8,809364431810907e-10","3,4518383333333336e-07","0,1097399999999999","1,0174799654576849e-09","7,260691437184162e-10","1,9637363333333317e-07"
"2024-09-12 17:14:58+02:00","rock-ms7a95","Intel(R) Core(TM) i9-7900X CPU @ 3.30GHz","0","kernel","1082","1.0","0.6892","0,6892","22,915","33.2","1","reduction","openblas","fp32","0","1082","153","0.6892","22.915","33.2","33.2","17312000000","25.12","kernel","kernel","0","Intel(R) Core(TM) i9-7900X CPU @ 3.30GHz","","","","0","0","","","49.0","0","OPENBLAS_NUM_THREADS=10; e2e_host_memcpy=1; e2e_bw=mixed","0.02117837338262477","5,8828814951735475e-09","0.0006369685767097967","0","0","","","","","6,365277777777778e-06","DE","0,1097399999999999","6,985255833333327e-07","0,0783099722222222","4,984647259645061e-07","0,02332","1,4843827777777778e-07","0,0518570416666666","3,300844749421292e-07","0,1929","1,2278620833333332e-06","0,0950131388888888","6,047850215663575e-07","0,1097399999999999","6,985255833333327e-07","0,0783099722222222","4,984647259645061e-07","0,1097399999999999","6,455874152803444e-10","4,6068828647366553e-10","6,985255833333327e-07","0,02332","1,3718879646744713e-10","3,050688308152766e-10","1,4843827777777778e-07","0,1929","1,1348078404189771e-09","5,589510365677981e-10","1,2278620833333332e-06","0,1097399999999999","6,455874152803444e-10","4,6068828647366553e-10","6,985255833333327e-07"
"2024-09-12 17:14:58+02:00","rock-ms7a95","Intel(R) Core(TM) i9-7900X CPU @ 3.30GHz","0","e2e","153","1.0","0.6892","0,2363","7,837","33.2","1","reduction","openblas","fp32","0","1082","153","0.6892","22.915","33.2","33.2","1224000000","5.18","e2e","e2e","0","Intel(R) Core(TM) i9-7900X CPU @ 3.30GHz","","","","0","0","","","49.0","0","OPENBLAS_NUM_THREADS=10; e2e_host_memcpy=1; e2e_bw=mixed","0.05122222222222222","1,4228395061728392e-08","0.0015444444444444444","0","0","0.0","","0.0","0.0","2,1769444444444443e-06","DE","0,1097399999999999","2,388978833333331e-07","0,0783099722222222","1,7047645897376537e-07","0,02332","5,0766344444444444e-08","0,0518570416666666","1,1288989876157393e-07","0,1929","4,199325833333333e-07","0,0950131388888888","2,0683832485339485e-07","0,1097399999999999","2,388978833333331e-07","0,0783099722222222","1,7047645897376537e-07","0,1097399999999999","1,5614240740740722e-09","1,114225222050754e-09","2,3889788333333303e-07","0,02332","3,3180617283950607e-10","7,378424755658426e-10","5,076634444444443e-08","0,1929","2,7446574074074064e-09","1,3518844761659794e-09","4,1993258333333317e-07","0,1097399999999999","1,5614240740740722e-09","1,114225222050754e-09","2,3889788333333303e-07"
"2024-09-12 17:15:04+02:00","rock-ms7a95","Intel(R) Core(TM) i9-7900X CPU @ 3.30GHz","0","kernel","685","1.0","0.7546","0,7546","25,111","33.3","1","reduction","openblas","fp32","0","685","178","0.7546","25.111","33.3","33.4","16440000000","21.79","kernel","kernel","0","Intel(R) Core(TM) i9-7900X CPU @ 3.30GHz","","","","0","0","","","49.0","0","OPENBLAS_NUM_THREADS=10; e2e_host_memcpy=1; e2e_bw=mixed","0.036658394160583946","1,0182887266828874e-08","0.0011016058394160584","0","0","","","","","6,975277777777778e-06","DE","0,1097399999999999","7,654669833333326e-07","0,0783099722222222","5,462338090200616e-07","0,02332","1,6266347777777778e-07","0,0518570416666666","3,617172703587959e-07","0,1929","1,3455310833333334e-06","0,0950131388888888","6,627430362885796e-07","0,1097399999999999","7,654669833333326e-07","0,0783099722222222","5,462338090200616e-07","0,1097399999999999","1,1174700486617995e-09","7,974216190073894e-10","7,654669833333327e-07","0,02332","2,3746493106244935e-10","5,280544092829138e-10","1,626634777777778e-07","0,1929","1,9642789537712895e-09","9,675080821731092e-10","1,3455310833333334e-06","0,1097399999999999","1,1174700486617995e-09","7,974216190073894e-10","7,654669833333327e-07"
"2024-09-12 17:15:04+02:00","rock-ms7a95","Intel(R) Core(TM) i9-7900X CPU @ 3.30GHz","0","e2e","178","1.0","0.7546","0,4351","14,553","33.4","1","reduction","openblas","fp32","0","685","178","0.7546","25.111","33.3","33.4","2136000000","4.91","e2e","e2e","0","Intel(R) Core(TM) i9-7900X CPU @ 3.30GHz","","","","0","0","","","49.0","0","OPENBLAS_NUM_THREADS=10; e2e_host_memcpy=1; e2e_bw=mixed","0.08175842696629214","2,271067415730337e-08","0.00244438202247191","0","0","0.0","","0.0","0.0","4,0425e-06","DE","0,1097399999999999","4,4362394999999956e-07","0,0783099722222222","3,1656806270833325e-07","0,02332","9,42711e-08","0,0518570416666666","2,0963209093749974e-07","0,1929","7,797982499999999e-07","0,0950131388888888","3,8409061395833296e-07","0,1097399999999999","4,4362394999999956e-07","0,0783099722222222","3,1656806270833325e-07","0,1097399999999999","2,4922693820224697e-09","1,7784722624063667e-09","4,436239499999996e-07","0,02332","5,296129213483146e-10","1,1777083760533694e-09","9,42711e-08","0,1929","4,38088904494382e-09","2,157812437968163e-09","7,7979825e-07","0,1097399999999999","2,4922693820224697e-09","1,7784722624063667e-09","4,436239499999996e-07"
"2024-09-12 17:15:12+02:00","rock-ms7a95","Intel(R) Core(TM) i9-7900X CPU @ 3.30GHz","0","kernel","613","1.0","0.9814","0,9814","32,757","33.4","1","reduction","openblas","fp32","0","613","181","0.9814","32.757","33.4","33.4","19616000000","19.99","kernel","kernel","0","Intel(R) Core(TM) i9-7900X CPU @ 3.30GHz","","","","0","0","","","49.0","0","OPENBLAS_NUM_THREADS=10; e2e_host_memcpy=1; e2e_bw=mixed","0.053437194127243064","1,4843665035345296e-08","0.001600978792822186","0","0","","","","","9,099166666666666e-06","DE","0,1097399999999999","9,98542549999999e-07","0,0783099722222222","7,125554889120368e-07","0,02332","2,1219256666666664e-07","0,0518570416666666","4,718558649652772e-07","0,1929","1,7552292499999997e-06","0,0950131388888888","8,645403862731473e-07","0,1097399999999999","9,98542549999999e-07","0,0783099722222222","7,125554889120368e-07","0,1097399999999999","1,6289438009787912e-09","1,1624069965938611e-09","9,98542549999999e-07","0,02332","3,461542686242523e-10","7,697485562239432e-10","2,1219256666666666e-07","0,1929","2,8633429853181073e-09","1,4103432076234052e-09","1,7552292499999997e-06","0,1097399999999999","1,6289438009787912e-09","1,1624069965938611e-09","9,98542549999999e-07"
"2024-09-12 17:15:12+02:00","rock-ms7a95","Intel(R) Core(TM) i9-7900X CPU @ 3.30GHz","0","e2e","181","1.0","0.9814","0,605","20,201","33.4","1","reduction","openblas","fp32","0","613","181","0.9814","32.757","33.4","33.4","2896000000","4.79","e2e","e2e","0","Intel(R) Core(TM) i9-7900X CPU @ 3.30GHz","","","","0","0","","","49.0","0","OPENBLAS_NUM_THREADS=10; e2e_host_memcpy=1; e2e_bw=mixed","0.11160773480662983","3,1002148557397174e-08","0.0033425414364640885","0","0","0.0","","0.0","0.0","5,611388888888889e-06","DE","0,1097399999999999","6,157938166666661e-07","0,0783099722222222","4,394277080169752e-07","0,02332","1,3085758888888888e-07","0,0518570416666666","2,909900274189811e-07","0,1929","1,0824369166666665e-06","0,0950131388888888","5,331556718595674e-07","0,1097399999999999","6,157938166666661e-07","0,0783099722222222","4,394277080169752e-07","0,1097399999999999","3,4021757826887627e-09","2,4277773923589787e-09","6,157938166666661e-07","0,02332","7,229701043585021e-10","1,6076797094971333e-09","1,3085758888888888e-07","0,1929","5,980314456721914e-09","2,9456114467379415e-09","1,0824369166666665e-06","0,1097399999999999","3,4021757826887627e-09","2,4277773923589787e-09","6,157938166666661e-07"
"2024-09-12 17:15:20+02:00","rock-ms7a95","Intel(R) Core(TM) i9-7900X CPU @ 3.30GHz","0","kernel","402","1.0","1.0515","1,0515","35,24","33.5","0","reduction","openblas","fp32","0","402","112","1.0515","35.24","33.5","33.5","19296000000","18.35","kernel","kernel","0","Intel(R) Core(TM) i9-7900X CPU @ 3.30GHz","","","","0","0","","","49.0","0","OPENBLAS_NUM_THREADS=10; e2e_host_memcpy=1; e2e_bw=mixed","0.08766169154228856","2,4350469872857933e-08","0.002615671641791045","0","0","","","","","9,78888888888889e-06","DE","0,1097399999999999","1,0742326666666657e-06","0,0783099722222222","7,665676169753085e-07","0,02332","2,282768888888889e-07","0,0518570416666666","5,076228189814809e-07","0,1929","1,8882766666666666e-06","0,0950131388888888","9,300730595679005e-07","0,1097399999999999","1,0742326666666657e-06","0,0783099722222222","7,665676169753085e-07","0,1097399999999999","2,672220563847427e-09","1,9068846193415632e-09","1,0742326666666657e-06","0,02332","5,67852957435047e-10","1,2627433307997036e-09","2,282768888888889e-07","0,1929","4,697205638474295e-09","2,3136145760395535e-09","1,8882766666666666e-06","0,1097399999999999","2,672220563847427e-09","1,9068846193415632e-09","1,0742326666666657e-06"
"2024-09-12 17:15:20+02:00","rock-ms7a95","Intel(R) Core(TM) i9-7900X CPU @ 3.30GHz","0","e2e","112","1.0","1.0515","0,5758","19,309","33.5","0","reduction","openblas","fp32","0","402","112","1.0515","35.24","33.5","33.5","2688000000","4.67","e2e","e2e","0","Intel(R) Core(TM) i9-7900X CPU @ 3.30GHz","","","","0","0","","","49.0","0","OPENBLAS_NUM_THREADS=10; e2e_host_memcpy=1; e2e_bw=mixed","0.17240178571428572","4,7889384920634925e-08","0.005141071428571428","0","0","0.0","","0.0","0.0","5,363611111111111e-06","DE","0,1097399999999999","5,886026833333327e-07","0,0783099722222222","4,200242371219135e-07","0,02332","1,2507941111111112e-07","0,0518570416666666","2,7814100487268483e-07","0,1929","1,0346405833333332e-06","0,0950131388888888","5,096135274459872e-07","0,1097399999999999","5,886026833333327e-07","0,0783099722222222","4,200242371219135e-07","0,1097399999999999","5,255381101190471e-09","3,750216402874228e-09","5,886026833333328e-07","0,02332","1,1167804563492064e-09","2,4834018292204005e-09","1,2507941111111112e-07","0,1929","9,237862351190476e-09","4,550120780767744e-09","1,0346405833333335e-06","0,1097399999999999","5,255381101190471e-09","3,750216402874228e-09","5,886026833333328e-07"
"2024-09-12 17:15:29+02:00","rock-ms7a95","Intel(R) Core(TM) i9-7900X CPU @ 3.30GHz","0","kernel","281","1.0","1.0214","1,0214","34,929","34.2","0","reduction","openblas","fp32","0","281","92","1.0214","34.929","34.2","33.6","17984000000","17.61","kernel","kernel","0","Intel(R) Core(TM) i9-7900X CPU @ 3.30GHz","","","","0","0","","","49.0","0","OPENBLAS_NUM_THREADS=10; e2e_host_memcpy=1; e2e_bw=mixed","0.12430249110320285","3,452846975088968e-08","0.0036348754448398577","0","0","","","","","9,7025e-06","DE","0,1097399999999999","1,064752349999999e-06","0,0783099722222222","7,59802505486111e-07","0,02332","2,2626230000000002e-07","0,0518570416666666","5,031429467708327e-07","0,1929","1,87161225e-06","0,0950131388888888","9,218649800694437e-07","0,1097399999999999","1,064752349999999e-06","0,0783099722222222","7,59802505486111e-07","0,1097399999999999","3,78915427046263e-09","2,7039235070680108e-09","1,064752349999999e-06","0,02332","8,052039145907474e-10","1,7905442945581237e-09","2,2626230000000002e-07","0,1929","6,66054181494662e-09","3,2806582920620775e-09","1,8716122500000002e-06","0,1097399999999999","3,78915427046263e-09","2,7039235070680108e-09","1,064752349999999e-06"
"2024-09-12 17:15:29+02:00","rock-ms7a95","Intel(R) Core(TM) i9-7900X CPU @ 3.30GHz","0","e2e","92","1.0","1.0214","0,6405","21,502","33.6","0","reduction","openblas","fp32","0","281","92","1.0214","34.929","34.2","33.6","2944000000","4.6","e2e","e2e","0","Intel(R) Core(TM) i9-7900X CPU @ 3.30GHz","","","","0","0","","","49.0","0","OPENBLAS_NUM_THREADS=10; e2e_host_memcpy=1; e2e_bw=mixed","0.23371739130434782","6,492149758454107e-08","0.00696195652173913","0","0","0.0","","0.0","0.0","5,972777777777778e-06","DE","0,1097399999999999","6,554526333333327e-07","0,0783099722222222","4,6772806186728384e-07","0,02332","1,3928517777777779e-07","0,0518570416666666","3,097305860879626e-07","0,1929","1,1521488333333333e-06","0,0950131388888888","5,674923645524687e-07","0,1097399999999999","6,554526333333327e-07","0,0783099722222222","4,6772806186728384e-07","0,1097399999999999","7,12448514492753e-09","5,084000672470477e-09","6,554526333333327e-07","0,02332","1,5139693236714978e-09","3,3666368053039413e-09","1,3928517777777779e-07","0,1929","1,2523356884057972e-08","6,1683952668746595e-09","1,1521488333333335e-06","0,1097399999999999","7,12448514492753e-09","5,084000672470477e-09","6,554526333333327e-07"
"2024-09-12 17:15:37+02:00","rock-ms7a95","Intel(R) Core(TM) i9-7900X CPU @ 3.30GHz","0","kernel","182","1.0","1.0335","1,0335","34,721","33.6","0","reduction","openblas","fp32","0","182","55","1.0335","34.721","33.6","33.5","17472000000","16.91","kernel","kernel","0","Intel(R) Core(TM) i9-7900X CPU @ 3.30GHz","","","","0","0","","","49.0","0","OPENBLAS_NUM_THREADS=10; e2e_host_memcpy=1; e2e_bw=mixed","0.19077472527472525","5,299297924297924e-08","0.005678571428571429","0","0","","","","","9,64472222222222e-06","DE","0,1097399999999999","1,0584118166666655e-06","0,0783099722222222","7,552779293132713e-07","0,02332","2,249149222222222e-07","0,0518570416666666","5,00146762141203e-07","0,1929","1,8604669166666662e-06","0,0950131388888888","9,163753320447522e-07","0,1097399999999999","1,0584118166666655e-06","0,0783099722222222","7,552779293132713e-07","0,1097399999999999","5,815449542124536e-09","4,149878732490502e-09","1,0584118166666655e-06","0,02332","1,2357962759462759e-09","2,748059132643973e-09","2,249149222222222e-07","0,1929","1,0222345695970696e-08","5,035029296949189e-09","1,8604669166666667e-06","0,1097399999999999","5,815449542124536e-09","4,149878732490502e-09","1,0584118166666655e-06"
"2024-09-12 17:15:37+02:00","rock-ms7a95","Intel(R) Core(TM) i9-7900X CPU @ 3.30GHz","0","e2e","55","1.0","1.0335","0,5842","19,584","33.5","0","reduction","openblas","fp32","0","182","55","1.0335","34.721","33.6","33.5","2640000000","4.52","e2e","e2e","0","Intel(R) Core(TM) i9-7900X CPU @ 3.30GHz","","","","0","0","","","49.0","0","OPENBLAS_NUM_THREADS=10; e2e_host_memcpy=1; e2e_bw=mixed","0.35607272727272726","9,890909090909093e-08","0.010621818181818182","0","0","0.0","","0.0","0.0","5,44e-06","DE","0,1097399999999999","5,969855999999994e-07","0,0783099722222222","4,2600624888888875e-07","0,02332","1,268608e-07","0,0518570416666666","2,821023066666663e-07","0,1929","1,0493759999999998e-06","0,0950131388888888","5,168714755555551e-07","0,1097399999999999","5,969855999999994e-07","0,0783099722222222","4,2600624888888875e-07","0,1097399999999999","1,085428363636363e-08","7,745568161616161e-09","5,969855999999996e-07","0,02332","2,3065600000000008e-09","5,1291328484848435e-09","1,2686080000000006e-07","0,1929","1,907956363636364e-08","9,397663191919186e-09","1,0493760000000003e-06","0,1097399999999999","1,085428363636363e-08","7,745568161616161e-09","5,969855999999996e-07"
"2024-09-12 17:15:45+02:00","rock-ms7a95","Intel(R) Core(TM) i9-7900X CPU @ 3.30GHz","0","kernel","135","1.0","1.0422","1,0422","34,994","33.6","0","reduction","openblas","fp32","0","135","46","1.0422","34.994","33.6","33.5","17280000000","16.58","kernel","kernel","0","Intel(R) Core(TM) i9-7900X CPU @ 3.30GHz","","","","0","0","","","49.0","0","OPENBLAS_NUM_THREADS=10; e2e_host_memcpy=1; e2e_bw=mixed","0.2592148148148148","7,200411522633744e-08","0.00772","0","0","","","","","9,720555555555556e-06","DE","0,1097399999999999","1,0667337666666657e-06","0,0783099722222222","7,612164355401233e-07","0,02332","2,2668335555555555e-07","0,0518570416666666","5,04079254467592e-07","0,1929","1,8750951666666667e-06","0,0950131388888888","9,235804950771597e-07","0,1097399999999999","1,0667337666666657e-06","0,0783099722222222","7,612164355401233e-07","0,1097399999999999","7,901731604938264e-09","5,638640263260172e-09","1,0667337666666657e-06","0,02332","1,679135967078189e-09","3,733920403463644e-09","2,2668335555555553e-07","0,1929","1,3889593827160492e-08","6,841337000571553e-09","1,8750951666666665e-06","0,1097399999999999","7,901731604938264e-09","5,638640263260172e-09","1,0667337666666657e-06"
"2024-09-12 17:15:45+02:00","rock-ms7a95","Intel(R) Core(TM) i9-7900X CPU @ 3.30GHz","0","e2e","46","1.0","1.0422","0,6569","22,01","33.5","0","reduction","openblas","fp32","0","135","46","1.0422","34.994","33.6","33.5","2944000000","4.48","e2e","e2e","0","Intel(R) Core(TM) i9-7900X CPU @ 3.30GHz","","","","0","0","","","49.0","0","OPENBLAS_NUM_THREADS=10; e2e_host_memcpy=1; e2e_bw=mixed","0.47847826086956524","1,329106280193237e-07","0.014280434782608696","0","0","0.0","","0.0","0.0","6,1138888888888895e-06","DE","0,1097399999999999","6,70938166666666e-07","0,0783099722222222","4,787784690586419e-07","0,02332","1,425758888888889e-07","0,0518570416666666","3,170481908564811e-07","0,1929","1,1793691666666666e-06","0,0950131388888888","5,808997741512341e-07","0,1097399999999999","6,70938166666666e-07","0,0783099722222222","4,787784690586419e-07","0,1097399999999999","1,4585612318840568e-08","1,0408227588231347e-08","6,709381666666661e-07","0,02332","3,0994758454106287e-09","6,892351975140894e-09","1,4257588888888893e-07","0,1929","2,563846014492754e-08","1,262825595980944e-08","1,1793691666666669e-06","0,1097399999999999","1,4585612318840568e-08","1,0408227588231347e-08","6,709381666666661e-07"
"2024-09-12 17:15:53+02:00","rock-ms7a95","Intel(R) Core(TM) i9-7900X CPU @ 3.30GHz","0","kernel","89","1.0","1.0508","1,0508","35,304","33.6","0","reduction","openblas","fp32","0","89","27","1.0508","35.304","33.6","33.5","17088000000","16.26","kernel","kernel","0","Intel(R) Core(TM) i9-7900X CPU @ 3.30GHz","","","","0","0","","","49.0","0","OPENBLAS_NUM_THREADS=10; e2e_host_memcpy=1; e2e_bw=mixed","0.3966741573033708","1,10187265917603e-07","0.011806741573033708","0","0","","","","","9,806666666666667e-06","DE","0,1097399999999999","1,076183599999999e-06","0,0783099722222222","7,679597942592592e-07","0,02332","2,286914666666667e-07","0,0518570416666666","5,085447219444439e-07","0,1929","1,891706e-06","0,0950131388888888","9,317621820370363e-07","0,1097399999999999","1,076183599999999e-06","0,0783099722222222","7,679597942592592e-07","0,1097399999999999","1,2091950561797741e-08","8,628761733250102e-09","1,076183599999999e-06","0,02332","2,569567041198502e-09","5,713985639825211e-09","2,2869146666666667e-07","0,1929","2,1255123595505617e-08","1,0469238000416137e-08","1,891706e-06","0,1097399999999999","1,2091950561797741e-08","8,628761733250102e-09","1,076183599999999e-06"
"2024-09-12 17:15:53+02:00","rock-ms7a95","Intel(R) Core(TM) i9-7900X CPU @ 3.30GHz","0","e2e","27","1.0","1.0508","0,5834","19,527","33.5","0","reduction","openblas","fp32","0","89","27","1.0508","35.304","33.6","33.5","2592000000","4.44","e2e","e2e","0","Intel(R) Core(TM) i9-7900X CPU @ 3.30GHz","","","","0","0","","","49.0","0","OPENBLAS_NUM_THREADS=10; e2e_host_memcpy=1; e2e_bw=mixed","0.7232222222222222","2,0089506172839506e-07","0.02160740740740741","0","0","0.0","","0.0","0.0","5,424166666666667e-06","DE","0,1097399999999999","5,952480499999994e-07","0,0783099722222222","4,247663409953703e-07","0,02332","1,2649156666666668e-07","0,0518570416666666","2,8128123684027746e-07","0,1929","1,04632175e-06","0,0950131388888888","5,153671008564811e-07","0,1097399999999999","5,952480499999994e-07","0,0783099722222222","4,247663409953703e-07","0,1097399999999999","2,2046224074074053e-08","1,573208670353223e-08","5,952480499999994e-07","0,02332","4,684872839506173e-09","1,0417823586676942e-08","1,2649156666666666e-07","0,1929","3,8752657407407405e-08","1,908767040209189e-08","1,04632175e-06","0,1097399999999999","2,2046224074074053e-08","1,573208670353223e-08","5,952480499999994e-07"
"2024-09-12 17:16:02+02:00","rock-ms7a95","Intel(R) Core(TM) i9-7900X CPU @ 3.30GHz","0","kernel","66","1.0","1.049","1,049","35,206","33.6","0","reduction","openblas","fp32","0","66","23","1.049","35.206","33.6","33.6","16896000000","16.11","kernel","kernel","0","Intel(R) Core(TM) i9-7900X CPU @ 3.30GHz","","","","0","0","","","49.0","0","OPENBLAS_NUM_THREADS=10; e2e_host_memcpy=1; e2e_bw=mixed","0.5334242424242425","1,481734006734007e-07","0.015893939393939394","0","0","","","","","9,779444444444446e-06","DE","0,1097399999999999","1,0731962333333324e-06","0,0783099722222222","7,658280227932098e-07","0,02332","2,2805664444444448e-07","0,0518570416666666","5,071330580324069e-07","0,1929","1,8864548333333335e-06","0,0950131388888888","9,291757132561721e-07","0,1097399999999999","1,0731962333333324e-06","0,0783099722222222","7,658280227932098e-07","0,1097399999999999","1,6260548989898978e-08","1,160345489080621e-08","1,0731962333333326e-06","0,02332","3,4554037037037043e-09","7,683834212612226e-09","2,2805664444444448e-07","0,1929","2,8582648989898992e-08","1,4078419897820791e-08","1,8864548333333335e-06","0,1097399999999999","1,6260548989898978e-08","1,160345489080621e-08","1,0731962333333326e-06"
"2024-09-12 17:16:02+02:00","rock-ms7a95","Intel(R) Core(TM) i9-7900X CPU @ 3.30GHz","0","e2e","23","1.0","1.049","0,6601","22,209","33.6","0","reduction","openblas","fp32","0","66","23","1.049","35.206","33.6","33.6","2944000000","4.46","e2e","e2e","0","Intel(R) Core(TM) i9-7900X CPU @ 3.30GHz","","","","0","0","","","49.0","0","OPENBLAS_NUM_THREADS=10; e2e_host_memcpy=1; e2e_bw=mixed","0.9656086956521739","2,682246376811594e-07","0.0287","0","0","0.0","","0.0","0.0","6,169166666666667e-06","DE","0,1097399999999999","6,770043499999993e-07","0,0783099722222222","4,831072703009258e-07","0,02332","1,4386496666666666e-07","0,0518570416666666","3,1991473288194407e-07","0,1929","1,19003225e-06","0,0950131388888888","5,861518893287032e-07","0,1097399999999999","6,770043499999993e-07","0,0783099722222222","4,831072703009258e-07","0,1097399999999999","2,9434971739130405e-08","2,100466392612721e-08","6,770043499999993e-07","0,02332","6,254998550724638e-09","1,3909336212258438e-08","1,4386496666666669e-07","0,1929","5,174053260869565e-08","2,548486475342188e-08","1,19003225e-06","0,1097399999999999","2,9434971739130405e-08","2,100466392612721e-08","6,770043499999993e-07"
"2024-09-12 17:16:11+02:00","rock-ms7a95","Intel(R) Core(TM) i9-7900X CPU @ 3.30GHz","0","kernel","45","1.0","1.0839","1,0839","36,375","33.6","0","reduction","openblas","fp32","0","45","14","1.0839","36.375","33.6","33.7","17280000000","15.94","kernel","kernel","0","Intel(R) Core(TM) i9-7900X CPU @ 3.30GHz","","","","0","0","","","49.0","0","OPENBLAS_NUM_THREADS=10; e2e_host_memcpy=1; e2e_bw=mixed","0.8083333333333333","2,2453703703703707e-07","0.02408666666666667","0","0","","","","","1,0104166666666667e-05","DE","0,1097399999999999","1,1088312499999989e-06","0,0783099722222222","7,912570109953702e-07","0,02332","2,356291666666667e-07","0,0518570416666666","5,239721918402771e-07","0,1929","1,94909375e-06","0,0950131388888888","9,600285908564806e-07","0,1097399999999999","1,1088312499999989e-06","0,0783099722222222","7,912570109953702e-07","0,1097399999999999","2,4640694444444425e-08","1,758348913323045e-08","1,108831249999999e-06","0,02332","5,236203703703705e-09","1,1643826485339493e-08","2,356291666666667e-07","0,1929","4,331319444444445e-08","2,1333968685699572e-08","1,94909375e-06","0,1097399999999999","2,4640694444444425e-08","1,758348913323045e-08","1,108831249999999e-06"
"2024-09-12 17:16:11+02:00","rock-ms7a95","Intel(R) Core(TM) i9-7900X CPU @ 3.30GHz","0","e2e","14","1.0","1.0839","0,6061","20,409","33.7","0","reduction","openblas","fp32","0","45","14","1.0839","36.375","33.6","33.7","2688000000","4.44","e2e","e2e","0","Intel(R) Core(TM) i9-7900X CPU @ 3.30GHz","","","","0","0","","","49.0","0","OPENBLAS_NUM_THREADS=10; e2e_host_memcpy=1; e2e_bw=mixed","1.4577857142857142","4,0494047619047617e-07","0.04329285714285714","0","0","0.0","","0.0","0.0","5,6691666666666665e-06","DE","0,1097399999999999","6,221343499999994e-07","0,0783099722222222","4,439522841898147e-07","0,02332","1,3220496666666667e-07","0,0518570416666666","2,939862120486107e-07","0,1929","1,09358225e-06","0,0950131388888888","5,386453198842588e-07","0,1097399999999999","6,221343499999994e-07","0,0783099722222222","4,439522841898147e-07","0,1097399999999999","4,443816785714281e-08","3,171087744212962e-08","6,221343499999993e-07","0,02332","9,443211904761904e-09","2,099901514632934e-08","1,3220496666666665e-07","0,1929","7,811301785714284e-08","3,847466570601848e-08","1,0935822499999998e-06","0,1097399999999999","4,443816785714281e-08","3,171087744212962e-08","6,221343499999993e-07"
"2024-09-12 17:16:20+02:00","rock-ms7a95","Intel(R) Core(TM) i9-7900X CPU @ 3.30GHz","0","kernel","33","1.0","1.0648","1,0648","35,776","33.6","0","reduction","openblas","fp32","0","33","12","1.0648","35.776","33.6","33.8","16896000000","15.87","kernel","kernel","0","Intel(R) Core(TM) i9-7900X CPU @ 3.30GHz","","","","0","0","","","49.0","0","OPENBLAS_NUM_THREADS=10; e2e_host_memcpy=1; e2e_bw=mixed","1.0841212121212123","3,011447811447812e-07","0.032266666666666666","0","0","","","","","9,937777777777779e-06","DE","0,1097399999999999","1,0905717333333323e-06","0,0783099722222222","7,782271017283949e-07","0,02332","2,317489777777778e-07","0,0518570416666666","5,153437562962957e-07","0,1929","1,9169973333333333e-06","0,0950131388888888","9,442194602469128e-07","0,1097399999999999","1,0905717333333323e-06","0,0783099722222222","7,782271017283949e-07","0,1097399999999999","3,304762828282826e-08","2,3582639446315e-08","1,0905717333333325e-06","0,02332","7,022696296296298e-09","1,5616477463524115e-08","2,3174897777777783e-07","0,1929","5,809082828282829e-08","2,861271091657312e-08","1,9169973333333337e-06","0,1097399999999999","3,304762828282826e-08","2,3582639446315e-08","1,0905717333333325e-06"
"2024-09-12 17:16:20+02:00","rock-ms7a95","Intel(R) Core(TM) i9-7900X CPU @ 3.30GHz","0","e2e","12","1.0","1.0648","0,6941","23,428","33.8","0","reduction","openblas","fp32","0","33","12","1.0648","35.776","33.6","33.8","3072000000","4.43","e2e","e2e","0","Intel(R) Core(TM) i9-7900X CPU @ 3.30GHz","","","","0","0","","","49.0","0","OPENBLAS_NUM_THREADS=10; e2e_host_memcpy=1; e2e_bw=mixed","1.9523333333333335","5,423148148148148e-07","0.05784166666666667","0","0","0.0","","0.0","0.0","6,507777777777778e-06","DE","0,1097399999999999","7,141635333333326e-07","0,0783099722222222","5,096238970061727e-07","0,02332","1,5176137777777778e-07","0,0518570416666666","3,3747410337962923e-07","0,1929","1,2553503333333333e-06","0,0950131388888888","6,183243938580242e-07","0,1097399999999999","7,141635333333326e-07","0,0783099722222222","5,096238970061727e-07","0,1097399999999999","5,9513627777777717e-08","4,246865808384773e-08","7,141635333333326e-07","0,02332","1,2646781481481481e-08","2,8122841948302435e-08","1,5176137777777778e-07","0,1929","1,0461252777777778e-07","5,152703282150201e-08","1,2553503333333333e-06","0,1097399999999999","5,9513627777777717e-08","4,246865808384773e-08","7,141635333333326e-07"
"2024-09-12 17:16:28+02:00","rock-ms7a95","Intel(R) Core(TM) i9-7900X CPU @ 3.30GHz","0","kernel","22","1.0","1.0689","1,0689","36,009","33.7","0","reduction","openblas","fp32","0","22","7","1.0689","36.009","33.7","33.5","16896000000","15.81","kernel","kernel","0","Intel(R) Core(TM) i9-7900X CPU @ 3.30GHz","","","","0","0","","","49.0","0","OPENBLAS_NUM_THREADS=10; e2e_host_memcpy=1; e2e_bw=mixed","1.6367727272727273","4,546590909090909e-07","0.048586363636363636","0","0","","","","","1,00025e-05","DE","0,1097399999999999","1,097674349999999e-06","0,0783099722222222","7,832954971527776e-07","0,02332","2,3325829999999999e-07","0,0518570416666666","5,187000592708327e-07","0,1929","1,9294822499999997e-06","0,0950131388888888","9,503689217361102e-07","0,1097399999999999","1,097674349999999e-06","0,0783099722222222","7,832954971527776e-07","0,1097399999999999","4,989428863636359e-08","3,560434077967171e-08","1,097674349999999e-06","0,02332","1,060265e-08","2,3577275421401487e-08","2,3325829999999999e-07","0,1929","8,770373863636363e-08","4,319858735164138e-08","1,9294822499999997e-06","0,1097399999999999","4,989428863636359e-08","3,560434077967171e-08","1,097674349999999e-06"
"2024-09-12 17:16:28+02:00","rock-ms7a95","Intel(R) Core(TM) i9-7900X CPU @ 3.30GHz","0","e2e","7","1.0","1.0689","0,6082","20,368","33.5","0","reduction","openblas","fp32","0","22","7","1.0689","36.009","33.7","33.5","2688000000","4.42","e2e","e2e","0","Intel(R) Core(TM) i9-7900X CPU @ 3.30GHz","","","","0","0","","","49.0","0","OPENBLAS_NUM_THREADS=10; e2e_host_memcpy=1; e2e_bw=mixed","2.9097142857142857","8,082539682539683e-07","0.08688571428571427","0","0","0.0","","0.0","0.0","5,6577777777777774e-06","DE","0,1097399999999999","6,208845333333327e-07","0,0783099722222222","4,430604206172838e-07","0,02332","1,3193937777777778e-07","0,0518570416666666","2,933956179629626e-07","0,1929","1,0913853333333332e-06","0,0950131388888888","5,375632258024686e-07","0,1097399999999999","6,208845333333327e-07","0,0783099722222222","4,430604206172838e-07","0,1097399999999999","8,869779047619039e-08","6,329434580246912e-08","6,208845333333327e-07","0,02332","1,8848482539682542e-08","4,1913659708994656e-08","1,319393777777778e-07","0,1929","1,5591219047619046e-07","7,679474654320981e-08","1,0913853333333332e-06","0,1097399999999999","8,869779047619039e-08","6,329434580246912e-08","6,208845333333327e-07"
"2024-09-12 17:16:38+02:00","rock-ms7a95","Intel(R) Core(TM) i9-7900X CPU @ 3.30GHz","0","kernel","17","1.0","1.1038","1,1038","37,078","33.6","0","reduction","openblas","fp32","0","17","6","1.1038","37.078","33.6","33.7","17408000000","15.77","kernel","kernel","0","Intel(R) Core(TM) i9-7900X CPU @ 3.30GHz","","","","0","0","","","50.0","0","OPENBLAS_NUM_THREADS=10; e2e_host_memcpy=1; e2e_bw=mixed","2.181058823529412","6,058496732026144e-07","0.06492941176470587","0","0","","","","","1,0299444444444446e-05","DE","0,1097399999999999","1,1302610333333325e-06","0,0783099722222222","8,065492083487653e-07","0,02332","2,401830444444445e-07","0,0518570416666666","5,340987196990735e-07","0,1929","1,9867628333333337e-06","0,0950131388888888","9,785825454783944e-07","0,1097399999999999","1,1302610333333325e-06","0,0783099722222222","8,065492083487653e-07","0,1097399999999999","6,648594313725484e-08","4,744407107933913e-08","1,1302610333333322e-06","0,02332","1,4128414379084967e-08","3,141757174700432e-08","2,4018304444444444e-07","0,1929","1,1686840196078431e-07","5,7563679145787895e-08","1,9867628333333332e-06","0,1097399999999999","6,648594313725484e-08","4,744407107933913e-08","1,1302610333333322e-06"
"2024-09-12 17:16:38+02:00","rock-ms7a95","Intel(R) Core(TM) i9-7900X CPU @ 3.30GHz","0","e2e","6","1.0","1.1038","0,6957","23,475","33.7","0","reduction","openblas","fp32","0","17","6","1.1038","37.078","33.6","33.7","3072000000","4.42","e2e","e2e","0","Intel(R) Core(TM) i9-7900X CPU @ 3.30GHz","","","","0","0","","","50.0","0","OPENBLAS_NUM_THREADS=10; e2e_host_memcpy=1; e2e_bw=mixed","3.9125","1,0868055555555556e-06","0.11595","0","0","0.0","","0.0","0.0","6,520833333333334e-06","DE","0,1097399999999999","7,155962499999994e-07","0,0783099722222222","5,10646277199074e-07","0,02332","1,5206583333333334e-07","0,0518570416666666","3,3815112586805514e-07","0,1929","1,25786875e-06","0,0950131388888888","6,195648431712958e-07","0,1097399999999999","7,155962499999994e-07","0,0783099722222222","5,10646277199074e-07","0,1097399999999999","1,1926604166666657e-07","8,510771286651233e-08","7,155962499999994e-07","0,02332","2,534430555555556e-08","5,6358520978009196e-08","1,5206583333333336e-07","0,1929","2,0964479166666666e-07","1,0326080719521596e-07","1,25786875e-06","0,1097399999999999","1,1926604166666657e-07","8,510771286651233e-08","7,155962499999994e-07"
"2024-09-12 17:16:47+02:00","rock-ms7a95","Intel(R) Core(TM) i9-7900X CPU @ 3.30GHz","0","kernel","13","1.0","1.0559","1,0559","35,549","33.7","0","reduction","openblas","fp32","0","13","5","1.0559","35.549","33.7","33.6","16640000000","15.76","kernel","kernel","0","Intel(R) Core(TM) i9-7900X CPU @ 3.30GHz","","","","0","0","","","50.0","0","OPENBLAS_NUM_THREADS=10; e2e_host_memcpy=1; e2e_bw=mixed","2.7345384615384614","7,595940170940171e-07","0.08122307692307693","0","0","","","","","9,874722222222222e-06","DE","0,1097399999999999","1,0836520166666656e-06","0,0783099722222222","7,732892229243825e-07","0,02332","2,3027852222222222e-07","0,0518570416666666","5,120738817245364e-07","0,1929","1,9048339166666663e-06","0,0950131388888888","9,382283539891966e-07","0,1097399999999999","1,0836520166666656e-06","0,0783099722222222","7,732892229243825e-07","0,1097399999999999","8,335784743589735e-08","5,9483786378798656e-08","1,0836520166666656e-06","0,02332","1,7713732478632477e-08","3,939029859419511e-08","2,302785222222222e-07","0,1929","1,4652568589743587e-07","7,217141184532283e-08","1,9048339166666663e-06","0,1097399999999999","8,335784743589735e-08","5,9483786378798656e-08","1,0836520166666656e-06"
"2024-09-12 17:16:47+02:00","rock-ms7a95","Intel(R) Core(TM) i9-7900X CPU @ 3.30GHz","0","e2e","5","1.0","1.0559","0,7248","24,345","33.6","0","reduction","openblas","fp32","0","13","5","1.0559","35.549","33.7","33.6","3200000000","4.41","e2e","e2e","0","Intel(R) Core(TM) i9-7900X CPU @ 3.30GHz","","","","0","0","","","50.0","0","OPENBLAS_NUM_THREADS=10; e2e_host_memcpy=1; e2e_bw=mixed","4.869","1,3525e-06","0.14496","0","0","0.0","","0.0","0.0","6,7625e-06","DE","0,1097399999999999","7,421167499999993e-07","0,0783099722222222","5,295711871527777e-07","0,02332","1,577015e-07","0,0518570416666666","3,506832442708329e-07","0,1929","1,3044862499999998e-06","0,0950131388888888","6,425263517361106e-07","0,1097399999999999","7,421167499999993e-07","0,0783099722222222","5,295711871527777e-07","0,1097399999999999","1,4842334999999985e-07","1,0591423743055553e-07","7,421167499999992e-07","0,02332","3,15403e-08","7,013664885416657e-08","1,577015e-07","0,1929","2,6089725e-07","1,285052703472221e-07","1,3044862499999998e-06","0,1097399999999999","1,4842334999999985e-07","1,0591423743055553e-07","7,421167499999992e-07"
"2024-09-12 17:16:57+02:00","rock-ms7a95","Intel(R) Core(TM) i9-7900X CPU @ 3.30GHz","0","kernel","11","1.0","1.0729","1,0729","37,904","35.3","0","reduction","openblas","fp32","0","11","5","1.0729","37.904","35.3","35.3","16896000000","15.75","kernel","kernel","0","Intel(R) Core(TM) i9-7900X CPU @ 3.30GHz","","","","0","0","","","49.0","0","OPENBLAS_NUM_THREADS=10; e2e_host_memcpy=1; e2e_bw=mixed","3.4458181818181823","9,571717171717172e-07","0.09753636363636363","0","0","","","","","1,052888888888889e-05","DE","0,1097399999999999","1,1554402666666657e-06","0,0783099722222222","8,245169964197529e-07","0,02332","2,455336888888889e-07","0,0518570416666666","5,459970298148142e-07","0,1929","2,0310226666666666e-06","0,0950131388888888","1,0003827823456782e-06","0,1097399999999999","1,1554402666666657e-06","0,0783099722222222","8,245169964197529e-07","0,1097399999999999","1,0504002424242414e-07","7,49560905836139e-08","1,1554402666666655e-06","0,02332","2,2321244444444444e-08","4,963609361952856e-08","2,455336888888889e-07","0,1929","1,8463842424242424e-07","9,094388930415257e-08","2,0310226666666666e-06","0,1097399999999999","1,0504002424242414e-07","7,49560905836139e-08","1,1554402666666655e-06"
"2024-09-12 17:16:57+02:00","rock-ms7a95","Intel(R) Core(TM) i9-7900X CPU @ 3.30GHz","0","e2e","5","1.0","1.0729","0,8692","30,695","35.3","0","reduction","openblas","fp32","0","11","5","1.0729","37.904","35.3","35.3","3840000000","4.42","e2e","e2e","0","Intel(R) Core(TM) i9-7900X CPU @ 3.30GHz","","","","0","0","","","49.0","0","OPENBLAS_NUM_THREADS=10; e2e_host_memcpy=1; e2e_bw=mixed","6.139","1,7052777777777778e-06","0.17384","0","0","0.0","","0.0","0.0","8,52638888888889e-06","DE","0,1097399999999999","9,356859166666658e-07","0,0783099722222222","6,67701277044753e-07","0,02332","1,9883538888888892e-07","0,0518570416666666","4,421533038773143e-07","0,1929","1,6447404166666668e-06","0,0950131388888888","8,101189717206784e-07","0,1097399999999999","9,356859166666658e-07","0,0783099722222222","6,67701277044753e-07","0,1097399999999999","1,8713718333333316e-07","1,335402554089506e-07","9,356859166666658e-07","0,02332","3,9767077777777776e-08","8,843066077546286e-08","1,9883538888888887e-07","0,1929","3,289480833333333e-07","1,6202379434413566e-07","1,6447404166666666e-06","0,1097399999999999","1,8713718333333316e-07","1,335402554089506e-07","9,356859166666658e-07"
"2024-09-12 17:17:07+02:00","rock-ms7a95","Intel(R) Core(TM) i9-7900X CPU @ 3.30GHz","0","kernel","9","1.0","1.1722","1,1722","41,523","35.4","0","reduction","openblas","fp32","0","9","3","1.1722","41.523","35.4","35.3","18432000000","15.72","kernel","kernel","0","Intel(R) Core(TM) i9-7900X CPU @ 3.30GHz","","","","0","0","","","49.0","0","OPENBLAS_NUM_THREADS=10; e2e_host_memcpy=1; e2e_bw=mixed","4.613666666666667","1,2815740740740742e-06","0.13024444444444444","0","0","","","","","1,1534166666666667e-05","DE","0,1097399999999999","1,2657594499999988e-06","0,0783099722222222","9,03240271273148e-07","0,02332","2,689767666666667e-07","0,0518570416666666","5,981277614236104e-07","0,1929","2,22494075e-06","0,0950131388888888","1,0958973794675917e-06","0,1097399999999999","1,2657594499999988e-06","0,0783099722222222","9,03240271273148e-07","0,1097399999999999","1,4063993888888877e-07","1,0036003014146089e-07","1,265759449999999e-06","0,02332","2,988630740740741e-08","6,645864015817893e-08","2,689767666666667e-07","0,1929","2,472156388888889e-07","1,217663754963991e-07","2,22494075e-06","0,1097399999999999","1,4063993888888877e-07","1,0036003014146089e-07","1,265759449999999e-06"
"2024-09-12 17:17:07+02:00","rock-ms7a95","Intel(R) Core(TM) i9-7900X CPU @ 3.30GHz","0","e2e","3","1.0","1.1722","0,6945","24,505","35.3","0","reduction","openblas","fp32","0","9","3","1.1722","41.523","35.4","35.3","3072000000","4.42","e2e","e2e","0","Intel(R) Core(TM) i9-7900X CPU @ 3.30GHz","","","","0","0","","","49.0","0","OPENBLAS_NUM_THREADS=10; e2e_host_memcpy=1; e2e_bw=mixed","8.168333333333333","2,2689814814814813e-06","0.2315","0","0","0.0","","0.0","0.0","6,806944444444444e-06","DE","0,1097399999999999","7,469940833333326e-07","0,0783099722222222","5,330516303626542e-07","0,02332","1,5873794444444444e-07","0,0518570416666666","3,529880016782403e-07","0,1929","1,313059583333333e-06","0,0950131388888888","6,4674915790895e-07","0,1097399999999999","7,469940833333326e-07","0,0783099722222222","5,330516303626542e-07","0,1097399999999999","2,4899802777777753e-07","1,776838767875514e-07","7,469940833333326e-07","0,02332","5,2912648148148146e-08","1,1766266722608009e-07","1,5873794444444444e-07","0,1929","4,3768652777777773e-07","2,1558305263631668e-07","1,313059583333333e-06","0,1097399999999999","2,4899802777777753e-07","1,776838767875514e-07","7,469940833333326e-07"
"2024-09-12 17:17:18+02:00","rock-ms7a95","Intel(R) Core(TM) i9-7900X CPU @ 3.30GHz","0","kernel","6","1.0","1.1727","1,1727","41,519","35.4","0","reduction","openblas","fp32","0","6","2","1.1727","41.519","35.4","35.5","18432000000","15.72","kernel","kernel","0","Intel(R) Core(TM) i9-7900X CPU @ 3.30GHz","","","","0","0","","","50.0","0","OPENBLAS_NUM_THREADS=10; e2e_host_memcpy=1; e2e_bw=mixed","6.919833333333333","1,922175925925926e-06","0.19545","0","0","","","","","1,1533055555555556e-05","DE","0,1097399999999999","1,2656375166666655e-06","0,0783099722222222","9,03153260192901e-07","0,02332","2,689508555555556e-07","0,0518570416666666","5,980701424884252e-07","0,1929","2,2247264166666668e-06","0,0950131388888888","1,0957918093132707e-06","0,1097399999999999","1,2656375166666655e-06","0,0783099722222222","9,03153260192901e-07","0,1097399999999999","2,1093958611111089e-07","1,5052554336548348e-07","1,2656375166666653e-06","0,02332","4,482514259259259e-08","9,967835708140419e-08","2,689508555555556e-07","0,1929","3,707877361111111e-07","1,8263196821887843e-07","2,2247264166666663e-06","0,1097399999999999","2,1093958611111089e-07","1,5052554336548348e-07","1,2656375166666653e-06"
"2024-09-12 17:17:18+02:00","rock-ms7a95","Intel(R) Core(TM) i9-7900X CPU @ 3.30GHz","0","e2e","2","1.0","1.1727","0,694","24,611","35.5","0","reduction","openblas","fp32","0","6","2","1.1727","41.519","35.4","35.5","3072000000","4.43","e2e","e2e","0","Intel(R) Core(TM) i9-7900X CPU @ 3.30GHz","","","","0","0","","","50.0","0","OPENBLAS_NUM_THREADS=10; e2e_host_memcpy=1; e2e_bw=mixed","12.3055","3,4181944444444444e-06","0.347","0","0","0.0","","0.0","0.0","6,836388888888889e-06","DE","0,1097399999999999","7,502253166666659e-07","0,0783099722222222","5,353574239891974e-07","0,02332","1,594245888888889e-07","0,0518570416666666","3,545149034606477e-07","0,1929","1,3187394166666666e-06","0,0950131388888888","6,495467669984562e-07","0,1097399999999999","7,502253166666659e-07","0,0783099722222222","5,353574239891974e-07","0,1097399999999999","3,7511265833333296e-07","2,676787119945987e-07","7,502253166666659e-07","0,02332","7,971229444444445e-08","1,7725745173032386e-07","1,594245888888889e-07","0,1929","6,593697083333333e-07","3,247733834992281e-07","1,3187394166666666e-06","0,1097399999999999","3,7511265833333296e-07","2,676787119945987e-07","7,502253166666659e-07"
"2024-09-12 17:17:46+02:00","rock-ms7a95","Intel(R) Core(TM) i9-7900X CPU @ 3.30GHz","0","kernel","2806","1.0","0.8704","0,8704","29,088","33.4","1","reduction","openblas","fp32","0","2806","140","0.8704","29.088","33.4","33.9","22448000000","25.79","kernel","kernel","0","Intel(R) Core(TM) i9-7900X CPU @ 3.30GHz","","","","0","0","","","50.0","0","OPENBLAS_NUM_THREADS=10; e2e_host_memcpy=1; e2e_bw=mixed","0.010366357804704206","2,879543834640057e-09","0.00031019244476122594","0","0","","","","","8,08e-06","DE","0,1097399999999999","8,866991999999992e-07","0,0783099722222222","6,327445755555555e-07","0,02332","1,8842560000000003e-07","0,0518570416666666","4,190048966666662e-07","0,1929","1,558632e-06","0,0950131388888888","7,677061622222216e-07","0,1097399999999999","8,866991999999992e-07","0,0783099722222222","6,327445755555555e-07","0,1097399999999999","3,1600114041339954e-10","2,2549699770333406e-10","8,866991999999991e-07","0,02332","6,715096222380613e-11","1,4932462461392235e-10","1,884256e-07","0,1929","5,55464005702067e-10","2,735944982972992e-10","1,558632e-06","0,1097399999999999","3,1600114041339954e-10","2,2549699770333406e-10","8,866991999999991e-07"
"2024-09-12 17:17:46+02:00","rock-ms7a95","Intel(R) Core(TM) i9-7900X CPU @ 3.30GHz","0","e2e","140","1.0","0.8704","0,088","2,987","33.9","1","reduction","openblas","fp32","0","2806","140","0.8704","29.088","33.4","33.9","560000000","6.36","e2e","e2e","0","Intel(R) Core(TM) i9-7900X CPU @ 3.30GHz","","","","0","0","","","50.0","0","OPENBLAS_NUM_THREADS=10; e2e_host_memcpy=1; e2e_bw=mixed","0.021335714285714288","5,926587301587302e-09","0.0006285714285714285","0","0","0.0","","0.0","0.0","8,297222222222223e-07","DE","0,1097399999999999","9,105371666666659e-08","0,0783099722222222","6,49755241743827e-08","0,02332","1,9349122222222223e-08","0,0518570416666666","4,3026939849536984e-08","0,1929","1,6005341666666666e-07","0,0950131388888888","7,883451273919747e-08","0,1097399999999999","9,105371666666659e-08","0,0783099722222222","6,49755241743827e-08","0,1097399999999999","6,5038369047619e-10","4,641108869598765e-10","9,105371666666659e-08","0,02332","1,3820801587301588e-10","3,0733528463954993e-10","1,9349122222222223e-08","0,1929","1,1432386904761905e-09","5,631036624228391e-10","1,6005341666666666e-07","0,1097399999999999","6,5038369047619e-10","4,641108869598765e-10","9,105371666666659e-08"
"2024-09-12 17:17:51+02:00","rock-ms7a95","Intel(R) Core(TM) i9-7900X CPU @ 3.30GHz","0","kernel","1656","1.0","0.7771","0,7771","25,57","32.9","1","reduction","openblas","fp32","0","1656","161","0.7771","25.57","32.9","34.6","19872000000","25.57","kernel","kernel","0","Intel(R) Core(TM) i9-7900X CPU @ 3.30GHz","","","","0","0","","","50.0","0","OPENBLAS_NUM_THREADS=10; e2e_host_memcpy=1; e2e_bw=mixed","0.015440821256038647","4,28911701556629e-09","0.0004692632850241546","0","0","","","","","7,102777777777778e-06","DE","0,1097399999999999","7,794588333333326e-07","0,0783099722222222","5,56218330478395e-07","0,02332","1,656367777777778e-07","0,0518570416666666","3,683290431712959e-07","0,1929","1,3701258333333333e-06","0,0950131388888888","6,74857211496913e-07","0,1097399999999999","7,794588333333326e-07","0,0783099722222222","5,56218330478395e-07","0,1097399999999999","4,706877012882442e-10","3,3588063434685676e-10","7,794588333333324e-07","0,02332","1,0002220880300587e-10","2,224209197894298e-10","1,6563677777777773e-07","0,1929","8,273706723027372e-10","4,0752247071069616e-10","1,370125833333333e-06","0,1097399999999999","4,706877012882442e-10","3,3588063434685676e-10","7,794588333333324e-07"
"2024-09-12 17:17:51+02:00","rock-ms7a95","Intel(R) Core(TM) i9-7900X CPU @ 3.30GHz","0","e2e","161","1.0","0.7771","0,1615","5,58","34.6","1","reduction","openblas","fp32","0","1656","161","0.7771","25.57","32.9","34.6","966000000","5.98","e2e","e2e","0","Intel(R) Core(TM) i9-7900X CPU @ 3.30GHz","","","","0","0","","","50.0","0","OPENBLAS_NUM_THREADS=10; e2e_host_memcpy=1; e2e_bw=mixed","0.0346583850931677","9,627329192546585e-09","0.0010031055900621118","0","0","0.0","","0.0","0.0","1,55e-06","DE","0,1097399999999999","1,7009699999999983e-07","0,0783099722222222","1,2138045694444442e-07","0,02332","3,6146e-08","0,0518570416666666","8,037841458333323e-08","0,1929","2,98995e-07","0,0950131388888888","1,4727036527777765e-07","0,1097399999999999","1,7009699999999983e-07","0,0783099722222222","1,2138045694444442e-07","0,1097399999999999","1,0565031055900611e-09","7,539158816425119e-10","1,7009699999999983e-07","0,02332","2,2450931677018637e-10","4,992448110766039e-10","3,6146000000000005e-08","0,1929","1,857111801242236e-09","9,147227657004824e-10","2,98995e-07","0,1097399999999999","1,0565031055900611e-09","7,539158816425119e-10","1,7009699999999983e-07"
"2024-09-12 17:17:55+02:00","rock-ms7a95","Intel(R) Core(TM) i9-7900X CPU @ 3.30GHz","0","kernel","950","1.0","0.6129","0,6129","21,332","34.8","1","reduction","openblas","fp32","0","950","214","0.6129","21.332","34.8","34.0","15200000000","24.8","kernel","kernel","0","Intel(R) Core(TM) i9-7900X CPU @ 3.30GHz","","","","0","0","","","49.0","0","OPENBLAS_NUM_THREADS=10; e2e_host_memcpy=1; e2e_bw=mixed","0.022454736842105263","6,2374269005847955e-09","0.0006451578947368421","0","0","","","","","5,925555555555556e-06","DE","0,1097399999999999","6,50270466666666e-07","0,0783099722222222","4,6403009095679e-07","0,02332","1,3818395555555555e-07","0,0518570416666666","3,072817813425922e-07","0,1929","1,1430396666666666e-06","0,0950131388888888","5,630056329938267e-07","0,1097399999999999","6,50270466666666e-07","0,0783099722222222","4,6403009095679e-07","0,1097399999999999","6,844952280701748e-10","4,884527273229368e-10","6,502704666666661e-07","0,02332","1,4545679532163744e-10","3,234545066764129e-10","1,3818395555555558e-07","0,1929","1,203199649122807e-09","5,926375084145544e-10","1,1430396666666666e-06","0,1097399999999999","6,844952280701748e-10","4,884527273229368e-10","6,502704666666661e-07"
"2024-09-12 17:17:55+02:00","rock-ms7a95","Intel(R) Core(TM) i9-7900X CPU @ 3.30GHz","0","e2e","214","1.0","0.6129","0,3328","11,321","34.0","1","reduction","openblas","fp32","0","950","214","0.6129","21.332","34.8","34.0","1712000000","5.14","e2e","e2e","0","Intel(R) Core(TM) i9-7900X CPU @ 3.30GHz","","","","0","0","","","49.0","0","OPENBLAS_NUM_THREADS=10; e2e_host_memcpy=1; e2e_bw=mixed","0.052901869158878505","1,4694963655244028e-08","0.0015551401869158877","0","0","0.0","","0.0","0.0","3,144722222222222e-06","DE","0,1097399999999999","3,4510181666666634e-07","0,0783099722222222","2,462631098688271e-07","0,02332","7,333492222222223e-08","0,0518570416666666","1,6307599130787016e-07","0,1929","6,066169166666666e-07","0,0950131388888888","2,9878992926697504e-07","0,1097399999999999","3,4510181666666634e-07","0,0783099722222222","2,462631098688271e-07","0,1097399999999999","1,6126253115264781e-09","1,1507621956487247e-09","3,451018166666663e-07","0,02332","3,426865524402907e-10","7,62037342560141e-10","7,333492222222221e-08","0,1929","2,834658489096573e-09","1,396214622742874e-09","6,066169166666666e-07","0,1097399999999999","1,6126253115264781e-09","1,1507621956487247e-09","3,451018166666663e-07"
"2024-09-12 17:18:01+02:00","rock-ms7a95","Intel(R) Core(TM) i9-7900X CPU @ 3.30GHz","0","kernel","612","1.0","0.6781","0,6781","23,783","35.1","1","reduction","openblas","fp32","0","612","148","0.6781","23.783","35.1","33.8","14688000000","21.66","kernel","kernel","0","Intel(R) Core(TM) i9-7900X CPU @ 3.30GHz","","","","0","0","","","49.0","0","OPENBLAS_NUM_THREADS=10; e2e_host_memcpy=1; e2e_bw=mixed","0.03886111111111111","1,0794753086419751e-08","0.0011080065359477126","0","0","","","","","6,606388888888889e-06","DE","0,1097399999999999","7,24985116666666e-07","0,0783099722222222","5,173461303780863e-07","0,02332","1,540609888888889e-07","0,0518570416666666","3,4258778387731443e-07","0,1929","1,2743724166666667e-06","0,0950131388888888","6,276937450540118e-07","0,1097399999999999","7,24985116666666e-07","0,0783099722222222","5,173461303780863e-07","0,1097399999999999","1,1846162037037025e-09","8,453368143432781e-10","7,249851166666659e-07","0,02332","2,517336419753086e-10","5,59783960583847e-10","1,5406098888888887e-07","0,1929","2,08230787037037e-09","1,025643374271261e-09","1,2743724166666665e-06","0,1097399999999999","1,1846162037037025e-09","8,453368143432781e-10","7,249851166666659e-07"
"2024-09-12 17:18:01+02:00","rock-ms7a95","Intel(R) Core(TM) i9-7900X CPU @ 3.30GHz","0","e2e","148","1.0","0.6781","0,3626","12,26","33.8","1","reduction","openblas","fp32","0","612","148","0.6781","23.783","35.1","33.8","1776000000","4.9","e2e","e2e","0","Intel(R) Core(TM) i9-7900X CPU @ 3.30GHz","","","","0","0","","","49.0","0","OPENBLAS_NUM_THREADS=10; e2e_host_memcpy=1; e2e_bw=mixed","0.08283783783783784","2,3010510510510512e-08","0.00245","0","0","0.0","","0.0","0.0","3,4055555555555557e-06","DE","0,1097399999999999","3,7372566666666633e-07","0,0783099722222222","2,6668896095679005e-07","0,02332","7,941755555555556e-08","0,0518570416666666","1,7660203634259238e-07","0,1929","6,569316666666666e-07","0,0950131388888888","3,235725229938269e-07","0,1097399999999999","3,7372566666666633e-07","0,0783099722222222","2,6668896095679005e-07","0,1097399999999999","2,525173423423421e-09","1,8019524388972302e-09","3,7372566666666633e-07","0,02332","5,366051051051052e-10","1,1932570023148134e-09","7,941755555555556e-08","0,1929","4,4387274774774775e-09","2,186300831039371e-09","6,569316666666667e-07","0,1097399999999999","2,525173423423421e-09","1,8019524388972302e-09","3,7372566666666633e-07"
"2024-09-12 17:18:09+02:00","rock-ms7a95","Intel(R) Core(TM) i9-7900X CPU @ 3.30GHz","0","kernel","626","1.0","1.0039","1,0039","35,376","35.2","0","reduction","openblas","fp32","0","626","187","1.0039","35.376","35.2","35.2","20032000000","19.95","kernel","kernel","0","Intel(R) Core(TM) i9-7900X CPU @ 3.30GHz","","","","0","0","","","49.0","0","OPENBLAS_NUM_THREADS=10; e2e_host_memcpy=1; e2e_bw=mixed","0.05651118210862619","1,5697550585729498e-08","0.0016036741214057507","0","0","","","","","9,826666666666665e-06","DE","0,1097399999999999","1,0783783999999989e-06","0,0783099722222222","7,695259937037034e-07","0,02332","2,2915786666666663e-07","0,0518570416666666","5,095818627777771e-07","0,1929","1,8955639999999995e-06","0,0950131388888888","9,336624448148139e-07","0,1097399999999999","1,0783783999999989e-06","0,0783099722222222","7,695259937037034e-07","0,1097399999999999","1,7226492012779535e-09","1,2292747503254049e-09","1,0783783999999989e-06","0,02332","3,660668796592119e-10","8,140285347887813e-10","2,2915786666666663e-07","0,1929","3,02805750798722e-09","1,4914735540172747e-09","1,8955639999999998e-06","0,1097399999999999","1,7226492012779535e-09","1,2292747503254049e-09","1,0783783999999989e-06"
"2024-09-12 17:18:09+02:00","rock-ms7a95","Intel(R) Core(TM) i9-7900X CPU @ 3.30GHz","0","e2e","187","1.0","1.0039","0,6246","22,014","35.2","0","reduction","openblas","fp32","0","626","187","1.0039","35.376","35.2","35.2","2992000000","4.79","e2e","e2e","0","Intel(R) Core(TM) i9-7900X CPU @ 3.30GHz","","","","0","0","","","49.0","0","OPENBLAS_NUM_THREADS=10; e2e_host_memcpy=1; e2e_bw=mixed","0.11772192513368984","3,2700534759358294e-08","0.003340106951871658","0","0","0.0","","0.0","0.0","6,115e-06","DE","0,1097399999999999","6,710600999999994e-07","0,0783099722222222","4,788654801388887e-07","0,02332","1,426018e-07","0,0518570416666666","3,1710580979166627e-07","0,1929","1,1795835e-06","0,0950131388888888","5,81005344305555e-07","0,1097399999999999","6,710600999999994e-07","0,0783099722222222","4,788654801388887e-07","0,1097399999999999","3,5885566844919757e-09","2,5607779686571597e-09","6,710600999999995e-07","0,02332","7,625764705882354e-10","1,6957529935383227e-09","1,426018e-07","0,1929","6,3079331550802144e-09","3,1069804508318456e-09","1,1795835000000002e-06","0,1097399999999999","3,5885566844919757e-09","2,5607779686571597e-09","6,710600999999995e-07"
"2024-09-12 17:18:17+02:00","rock-ms7a95","Intel(R) Core(TM) i9-7900X CPU @ 3.30GHz","0","kernel","389","1.0","1.0189","1,0189","35,938","35.3","0","reduction","openblas","fp32","0","389","110","1.0189","35.938","35.3","35.0","18672000000","18.33","kernel","kernel","0","Intel(R) Core(TM) i9-7900X CPU @ 3.30GHz","","","","0","0","","","49.0","0","OPENBLAS_NUM_THREADS=10; e2e_host_memcpy=1; e2e_bw=mixed","0.09238560411311054","2,566266780919737e-08","0.0026192802056555268","0","0","","","","","9,98277777777778e-06","DE","0,1097399999999999","1,0955100333333325e-06","0,0783099722222222","7,81751050478395e-07","0,02332","2,3279837777777782e-07","0,0518570416666666","5,176773231712957e-07","0,1929","1,9256778333333333e-06","0,0950131388888888","9,484950514969129e-07","0,1097399999999999","1,0955100333333325e-06","0,0783099722222222","7,81751050478395e-07","0,1097399999999999","2,8162211653813168e-09","2,0096428032863623e-09","1,0955100333333322e-06","0,02332","5,984534133104827e-10","1,3307900338593719e-09","2,3279837777777777e-07","0,1929","4,950328620394173e-09","2,4382906208146858e-09","1,9256778333333333e-06","0,1097399999999999","2,8162211653813168e-09","2,0096428032863623e-09","1,0955100333333322e-06"
"2024-09-12 17:18:17+02:00","rock-ms7a95","Intel(R) Core(TM) i9-7900X CPU @ 3.30GHz","0","e2e","110","1.0","1.0189","0,5658","19,814","35.0","0","reduction","openblas","fp32","0","389","110","1.0189","35.938","35.3","35.0","2640000000","4.67","e2e","e2e","0","Intel(R) Core(TM) i9-7900X CPU @ 3.30GHz","","","","0","0","","","49.0","0","OPENBLAS_NUM_THREADS=10; e2e_host_memcpy=1; e2e_bw=mixed","0.18012727272727272","5,003535353535354e-08","0.005143636363636363","0","0","0.0","","0.0","0.0","5,5038888888888885e-06","DE","0,1097399999999999","6,03996766666666e-07","0,0783099722222222","4,310093860030863e-07","0,02332","1,2835068888888888e-07","0,0518570416666666","2,8541539543981444e-07","0,1929","1,0617001666666665e-06","0,0950131388888888","5,229417594290119e-07","0,1097399999999999","6,03996766666666e-07","0,0783099722222222","4,310093860030863e-07","0,1097399999999999","5,4908796969696915e-09","3,918267145482603e-09","6,03996766666666e-07","0,02332","1,1668244444444446e-09","2,5946854130892225e-09","1,283506888888889e-07","0,1929","9,651819696969696e-09","4,754015994809199e-09","1,0617001666666665e-06","0,1097399999999999","5,4908796969696915e-09","3,918267145482603e-09","6,03996766666666e-07"
"2024-09-12 17:18:25+02:00","rock-ms7a95","Intel(R) Core(TM) i9-7900X CPU @ 3.30GHz","0","kernel","283","1.0","1.0302","1,0302","36,267","35.2","0","reduction","openblas","fp32","0","283","93","1.0302","36.267","35.2","35.2","18112000000","17.58","kernel","kernel","0","Intel(R) Core(TM) i9-7900X CPU @ 3.30GHz","","","","0","0","","","49.0","0","OPENBLAS_NUM_THREADS=10; e2e_host_memcpy=1; e2e_bw=mixed","0.12815194346289754","3,5597762073027094e-08","0.0036402826855123677","0","0","","","","","1,0074166666666667e-05","DE","0,1097399999999999","1,105539049999999e-06","0,0783099722222222","7,889077118287036e-07","0,02332","2,349295666666667e-07","0,0518570416666666","5,224164805902772e-07","0,1929","1,9433067500000002e-06","0,0950131388888888","9,571781966898141e-07","0,1097399999999999","1,105539049999999e-06","0,0783099722222222","7,889077118287036e-07","0,1097399999999999","3,90649840989399e-09","2,7876597591120266e-09","1,105539049999999e-06","0,02332","8,301398115429919e-10","1,8459946310610501e-09","2,349295666666667e-07","0,1929","6,866808303886926e-09","3,3822551119781414e-09","1,9433067500000002e-06","0,1097399999999999","3,90649840989399e-09","2,7876597591120266e-09","1,105539049999999e-06"
"2024-09-12 17:18:25+02:00","rock-ms7a95","Intel(R) Core(TM) i9-7900X CPU @ 3.30GHz","0","e2e","93","1.0","1.0302","0,648","22,793","35.2","0","reduction","openblas","fp32","0","283","93","1.0302","36.267","35.2","35.2","2976000000","4.59","e2e","e2e","0","Intel(R) Core(TM) i9-7900X CPU @ 3.30GHz","","","","0","0","","","49.0","0","OPENBLAS_NUM_THREADS=10; e2e_host_memcpy=1; e2e_bw=mixed","0.24508602150537634","6,807945041816009e-08","0.006967741935483871","0","0","0.0","","0.0","0.0","6,331388888888889e-06","DE","0,1097399999999999","6,948066166666659e-07","0,0783099722222222","4,958108880169752e-07","0,02332","1,4764798888888888e-07","0,0518570416666666","3,2832709741898107e-07","0,1929","1,2213249166666666e-06","0,0950131388888888","6,015651318595674e-07","0,1097399999999999","6,948066166666659e-07","0,0783099722222222","4,958108880169752e-07","0,1097399999999999","7,47103888888888e-09","5,331299871150271e-09","6,948066166666658e-07","0,02332","1,5876127837514932e-09","3,530398896978291e-09","1,4764798888888888e-07","0,1929","1,3132525985663081e-08","6,468442278059864e-09","1,2213249166666666e-06","0,1097399999999999","7,47103888888888e-09","5,331299871150271e-09","6,948066166666658e-07"
"2024-09-12 17:18:33+02:00","rock-ms7a95","Intel(R) Core(TM) i9-7900X CPU @ 3.30GHz","0","kernel","182","1.0","1.0344","1,0344","35,13","34.0","0","reduction","openblas","fp32","0","182","54","1.0344","35.13","34.0","33.5","17472000000","16.89","kernel","kernel","0","Intel(R) Core(TM) i9-7900X CPU @ 3.30GHz","","","","0","0","","","49.0","0","OPENBLAS_NUM_THREADS=10; e2e_host_memcpy=1; e2e_bw=mixed","0.19302197802197804","5,361721611721613e-08","0.005683516483516483","0","0","","","","","9,758333333333334e-06","DE","0,1097399999999999","1,070879499999999e-06","0,0783099722222222","7,641748122685185e-07","0,02332","2,2756433333333335e-07","0,0518570416666666","5,060382982638884e-07","0,1929","1,8823825e-06","0,0950131388888888","9,271698803240734e-07","0,1097399999999999","1,070879499999999e-06","0,0783099722222222","7,641748122685185e-07","0,1097399999999999","5,883953296703292e-09","4,19876270477208e-09","1,070879499999999e-06","0,02332","1,2503534798534802e-09","2,780430210241145e-09","2,2756433333333338e-07","0,1929","1,034276098901099e-08","5,094340001780624e-09","1,8823825000000002e-06","0,1097399999999999","5,883953296703292e-09","4,19876270477208e-09","1,070879499999999e-06"
"2024-09-12 17:18:33+02:00","rock-ms7a95","Intel(R) Core(TM) i9-7900X CPU @ 3.30GHz","0","e2e","54","1.0","1.0344","0,5742","19,261","33.5","0","reduction","openblas","fp32","0","182","54","1.0344","35.13","34.0","33.5","2592000000","4.51","e2e","e2e","0","Intel(R) Core(TM) i9-7900X CPU @ 3.30GHz","","","","0","0","","","49.0","0","OPENBLAS_NUM_THREADS=10; e2e_host_memcpy=1; e2e_bw=mixed","0.35668518518518516","9,907921810699589e-08","0.010633333333333335","0","0","0.0","","0.0","0.0","5,350277777777777e-06","DE","0,1097399999999999","5,871394833333327e-07","0,0783099722222222","4,189801041589505e-07","0,02332","1,2476847777777777e-07","0,0518570416666666","2,774495776504626e-07","0,1929","1,0320685833333332e-06","0,0950131388888888","5,083466855941353e-07","0,1097399999999999","5,871394833333327e-07","0,0783099722222222","4,189801041589505e-07","0,1097399999999999","1,0872953395061718e-08","7,758890817758344e-09","5,871394833333328e-07","0,02332","2,310527366255144e-09","5,137955141675234e-09","1,2476847777777777e-07","0,1929","1,9112381172839506e-08","9,413827511002507e-09","1,0320685833333334e-06","0,1097399999999999","1,0872953395061718e-08","7,758890817758344e-09","5,871394833333328e-07"
"2024-09-12 17:18:42+02:00","rock-ms7a95","Intel(R) Core(TM) i9-7900X CPU @ 3.30GHz","0","kernel","134","1.0","1.0349","1,0349","34,765","33.6","0","reduction","openblas","fp32","0","134","46","1.0349","34.765","33.6","33.4","17152000000","16.57","kernel","kernel","0","Intel(R) Core(TM) i9-7900X CPU @ 3.30GHz","","","","0","0","","","49.0","0","OPENBLAS_NUM_THREADS=10; e2e_host_memcpy=1; e2e_bw=mixed","0.2594402985074627","7,20667495854063e-08","0.007723134328358208","0","0","","","","","9,656944444444445e-06","DE","0,1097399999999999","1,0597530833333324e-06","0,0783099722222222","7,562350511959875e-07","0,02332","2,2519994444444445e-07","0,0518570416666666","5,007805704282401e-07","0,1929","1,8628245833333332e-06","0,0950131388888888","9,175366037422831e-07","0,1097399999999999","1,0597530833333324e-06","0,0783099722222222","7,562350511959875e-07","0,1097399999999999","7,90860509950248e-09","5,643545158179011e-09","1,0597530833333324e-06","0,02332","1,680596600331675e-09","3,737168436031643e-09","2,2519994444444445e-07","0,1929","1,3901675995024875e-08","6,847288087628979e-09","1,8628245833333332e-06","0,1097399999999999","7,90860509950248e-09","5,643545158179011e-09","1,0597530833333324e-06"
"2024-09-12 17:18:42+02:00","rock-ms7a95","Intel(R) Core(TM) i9-7900X CPU @ 3.30GHz","0","e2e","46","1.0","1.0349","0,6572","21,977","33.4","0","reduction","openblas","fp32","0","134","46","1.0349","34.765","33.6","33.4","2944000000","4.48","e2e","e2e","0","Intel(R) Core(TM) i9-7900X CPU @ 3.30GHz","","","","0","0","","","49.0","0","OPENBLAS_NUM_THREADS=10; e2e_host_memcpy=1; e2e_bw=mixed","0.4777608695652174","1,3271135265700485e-07","0.014286956521739131","0","0","0.0","","0.0","0.0","6,104722222222222e-06","DE","0,1097399999999999","6,69932216666666e-07","0,0783099722222222","4,780606276466049e-07","0,02332","1,4236212222222222e-07","0,0518570416666666","3,165728346412033e-07","0,1929","1,1776009166666665e-06","0,0950131388888888","5,80028820378086e-07","0,1097399999999999","6,69932216666666e-07","0,0783099722222222","4,780606276466049e-07","0,1097399999999999","1,4563743840579697e-08","1,0392622340143584e-08","6,699322166666661e-07","0,02332","3,094828743961353e-09","6,882018144373986e-09","1,4236212222222225e-07","0,1929","2,5600019927536233e-08","1,2609322182132304e-08","1,1776009166666667e-06","0,1097399999999999","1,4563743840579697e-08","1,0392622340143584e-08","6,699322166666661e-07"
"2024-09-12 17:18:50+02:00","rock-ms7a95","Intel(R) Core(TM) i9-7900X CPU @ 3.30GHz","0","kernel","89","1.0","1.0518","1,0518","35,272","33.5","0","reduction","openblas","fp32","0","89","27","1.0518","35.272","33.5","33.6","17088000000","16.25","kernel","kernel","0","Intel(R) Core(TM) i9-7900X CPU @ 3.30GHz","","","","0","0","","","49.0","0","OPENBLAS_NUM_THREADS=10; e2e_host_memcpy=1; e2e_bw=mixed","0.39631460674157304","1,1008739076154806e-07","0.011817977528089888","0","0","","","","","9,797777777777777e-06","DE","0,1097399999999999","1,075208133333332e-06","0,0783099722222222","7,672637056172837e-07","0,02332","2,2848417777777776e-07","0,0518570416666666","5,080837704629623e-07","0,1929","1,889991333333333e-06","0,0950131388888888","9,309176208024682e-07","0,1097399999999999","1,075208133333332e-06","0,0783099722222222","7,672637056172837e-07","0,1097399999999999","1,2080990262172272e-08","8,62094051255375e-09","1,0752081333333323e-06","0,02332","2,567237952559301e-09","5,708806409696206e-09","2,284841777777778e-07","0,1929","2,123585767790262e-08","1,045974854834234e-08","1,8899913333333332e-06","0,1097399999999999","1,2080990262172272e-08","8,62094051255375e-09","1,0752081333333323e-06"
"2024-09-12 17:18:50+02:00","rock-ms7a95","Intel(R) Core(TM) i9-7900X CPU @ 3.30GHz","0","e2e","27","1.0","1.0518","0,5836","19,617","33.6","0","reduction","openblas","fp32","0","89","27","1.0518","35.272","33.5","33.6","2592000000","4.44","e2e","e2e","0","Intel(R) Core(TM) i9-7900X CPU @ 3.30GHz","","","","0","0","","","49.0","0","OPENBLAS_NUM_THREADS=10; e2e_host_memcpy=1; e2e_bw=mixed","0.7265555555555556","2,01820987654321e-07","0.021614814814814816","0","0","0.0","","0.0","0.0","5,449166666666667e-06","DE","0,1097399999999999","5,979915499999995e-07","0,0783099722222222","4,2672409030092583e-07","0,02332","1,2707456666666668e-07","0,0518570416666666","2,825776628819441e-07","0,1929","1,05114425e-06","0,0950131388888888","5,177424293287033e-07","0,1097399999999999","5,979915499999995e-07","0,0783099722222222","4,2672409030092583e-07","0,1097399999999999","2,2147835185185167e-08","1,580459593707133e-08","5,979915499999995e-07","0,02332","4,706465432098766e-09","1,0465839365997931e-08","1,2707456666666668e-07","0,1929","3,8931268518518523e-08","1,9175645530692716e-08","1,0511442500000002e-06","0,1097399999999999","2,2147835185185167e-08","1,580459593707133e-08","5,979915499999995e-07"
"2024-09-12 17:18:59+02:00","rock-ms7a95","Intel(R) Core(TM) i9-7900X CPU @ 3.30GHz","0","kernel","66","1.0","1.0494","1,0494","36,882","35.1","0","reduction","openblas","fp32","0","66","23","1.0494","36.882","35.1","34.4","16896000000","16.1","kernel","kernel","0","Intel(R) Core(TM) i9-7900X CPU @ 3.30GHz","","","","0","0","","","49.0","0","OPENBLAS_NUM_THREADS=10; e2e_host_memcpy=1; e2e_bw=mixed","0.5588181818181818","1,552272727272727e-07","0.0159","0","0","","","","","1,0245e-05","DE","0,1097399999999999","1,1242862999999988e-06","0,0783099722222222","8,022856654166664e-07","0,02332","2,389134e-07","0,0518570416666666","5,312753918749993e-07","0,1929","1,9762605e-06","0,0950131388888888","9,734096079166657e-07","0,1097399999999999","1,1242862999999988e-06","0,0783099722222222","8,022856654166664e-07","0,1097399999999999","1,703464090909089e-08","1,2155843415404036e-08","1,1242862999999988e-06","0,02332","3,6198999999999995e-09","8,049627149621201e-09","2,3891339999999996e-07","0,1929","2,9943340909090904e-08","1,4748630422979784e-08","1,9762604999999995e-06","0,1097399999999999","1,703464090909089e-08","1,2155843415404036e-08","1,1242862999999988e-06"
"2024-09-12 17:18:59+02:00","rock-ms7a95","Intel(R) Core(TM) i9-7900X CPU @ 3.30GHz","0","e2e","23","1.0","1.0494","0,6606","22,722","34.4","0","reduction","openblas","fp32","0","66","23","1.0494","36.882","35.1","34.4","2944000000","4.46","e2e","e2e","0","Intel(R) Core(TM) i9-7900X CPU @ 3.30GHz","","","","0","0","","","49.0","0","OPENBLAS_NUM_THREADS=10; e2e_host_memcpy=1; e2e_bw=mixed","0.9879130434782609","2,744202898550725e-07","0.02872173913043478","0","0","0.0","","0.0","0.0","6,311666666666667e-06","DE","0,1097399999999999","6,926422999999993e-07","0,0783099722222222","4,942664413425925e-07","0,02332","1,4718806666666666e-07","0,0518570416666666","3,2730436131944404e-07","0,1929","1,2175205e-06","0,0950131388888888","5,996912616203698e-07","0,1097399999999999","6,926422999999993e-07","0,0783099722222222","4,942664413425925e-07","0,1097399999999999","3,011488260869563e-08","2,1489845275764893e-08","6,926422999999994e-07","0,02332","6,3994811594202904e-09","1,4230624405193221e-08","1,4718806666666669e-07","0,1929","5,293567391304348e-08","2,6073533113929127e-08","1,2175205e-06","0,1097399999999999","3,011488260869563e-08","2,1489845275764893e-08","6,926422999999994e-07"
"2024-09-12 17:19:07+02:00","rock-ms7a95","Intel(R) Core(TM) i9-7900X CPU @ 3.30GHz","0","kernel","44","1.0","1.0594","1,0594","37,44","35.3","0","reduction","openblas","fp32","0","44","14","1.0594","37.44","35.3","35.2","16896000000","15.95","kernel","kernel","0","Intel(R) Core(TM) i9-7900X CPU @ 3.30GHz","","","","0","0","","","49.0","0","OPENBLAS_NUM_THREADS=10; e2e_host_memcpy=1; e2e_bw=mixed","0.8509090909090908","2,3636363636363637e-07","0.024077272727272725","0","0","","","","","1,0399999999999999e-05","DE","0,1097399999999999","1,1412959999999988e-06","0,0783099722222222","8,144237111111108e-07","0,02332","2,42528e-07","0,0518570416666666","5,393132333333326e-07","0,1929","2,0061599999999997e-06","0,0950131388888888","9,881366444444435e-07","0,1097399999999999","1,1412959999999988e-06","0,0783099722222222","8,144237111111108e-07","0,1097399999999999","2,593854545454543e-08","1,8509629797979793e-08","1,141295999999999e-06","0,02332","5,512e-09","1,2257118939393924e-08","2,42528e-07","0,1929","4,559454545454545e-08","2,245765101010099e-08","2,0061599999999997e-06","0,1097399999999999","2,593854545454543e-08","1,8509629797979793e-08","1,141295999999999e-06"
"2024-09-12 17:19:07+02:00","rock-ms7a95","Intel(R) Core(TM) i9-7900X CPU @ 3.30GHz","0","e2e","14","1.0","1.0594","0,6061","21,364","35.2","0","reduction","openblas","fp32","0","44","14","1.0594","37.44","35.3","35.2","2688000000","4.43","e2e","e2e","0","Intel(R) Core(TM) i9-7900X CPU @ 3.30GHz","","","","0","0","","","49.0","0","OPENBLAS_NUM_THREADS=10; e2e_host_memcpy=1; e2e_bw=mixed","1.526","4,238888888888889e-07","0.04329285714285714","0","0","0.0","","0.0","0.0","5,934444444444444e-06","DE","0,1097399999999999","6,512459333333326e-07","0,0783099722222222","4,6472617959876533e-07","0,02332","1,3839124444444443e-07","0,0518570416666666","3,077427328240737e-07","0,1929","1,1447543333333332e-06","0,0950131388888888","5,638501942283946e-07","0,1097399999999999","6,512459333333326e-07","0,0783099722222222","4,6472617959876533e-07","0,1097399999999999","4,651756666666662e-08","3,319472711419752e-08","6,512459333333326e-07","0,02332","9,885088888888889e-09","2,198162377314812e-08","1,3839124444444446e-07","0,1929","8,176816666666667e-08","4,027501387345675e-08","1,1447543333333334e-06","0,1097399999999999","4,651756666666662e-08","3,319472711419752e-08","6,512459333333326e-07"
"2024-09-12 17:19:16+02:00","rock-ms7a95","Intel(R) Core(TM) i9-7900X CPU @ 3.30GHz","0","kernel","33","1.0","1.0647","1,0647","37,675","35.4","0","reduction","openblas","fp32","0","33","12","1.0647","37.675","35.4","35.4","16896000000","15.87","kernel","kernel","0","Intel(R) Core(TM) i9-7900X CPU @ 3.30GHz","","","","0","0","","","49.0","0","OPENBLAS_NUM_THREADS=10; e2e_host_memcpy=1; e2e_bw=mixed","1.1416666666666666","3,171296296296296e-07","0.03226363636363636","0","0","","","","","1,0465277777777777e-05","DE","0,1097399999999999","1,1484595833333322e-06","0,0783099722222222","8,19535612075617e-07","0,02332","2,4405027777777775e-07","0,0518570416666666","5,426983457754622e-07","0,1929","2,018752083333333e-06","0,0950131388888888","9,943388910108015e-07","0,1097399999999999","1,1484595833333322e-06","0,0783099722222222","8,19535612075617e-07","0,1097399999999999","3,480180555555552e-08","2,4834412487139912e-08","1,1484595833333322e-06","0,02332","7,395462962962963e-09","1,644540441743825e-08","2,440502777777778e-07","0,1929","6,117430555555555e-08","3,0131481545781866e-08","2,0187520833333333e-06","0,1097399999999999","3,480180555555552e-08","2,4834412487139912e-08","1,1484595833333322e-06"
"2024-09-12 17:19:16+02:00","rock-ms7a95","Intel(R) Core(TM) i9-7900X CPU @ 3.30GHz","0","e2e","12","1.0","1.0647","0,6946","24,609","35.4","0","reduction","openblas","fp32","0","33","12","1.0647","37.675","35.4","35.4","3072000000","4.42","e2e","e2e","0","Intel(R) Core(TM) i9-7900X CPU @ 3.30GHz","","","","0","0","","","49.0","0","OPENBLAS_NUM_THREADS=10; e2e_host_memcpy=1; e2e_bw=mixed","2.0507500000000003","5,696527777777779e-07","0.057883333333333335","0","0","0.0","","0.0","0.0","6,835833333333334e-06","DE","0,1097399999999999","7,501643499999994e-07","0,0783099722222222","5,35313918449074e-07","0,02332","1,5941163333333334e-07","0,0518570416666666","3,544860939930552e-07","0,1929","1,31863225e-06","0,0950131388888888","6,494939819212958e-07","0,1097399999999999","7,501643499999994e-07","0,0783099722222222","5,35313918449074e-07","0,1097399999999999","6,251369583333328e-08","4,4609493204089506e-08","7,501643499999994e-07","0,02332","1,328430277777778e-08","2,95405078327546e-08","1,5941163333333337e-07","0,1929","1,0988602083333334e-07","5,412449849344132e-08","1,31863225e-06","0,1097399999999999","6,251369583333328e-08","4,4609493204089506e-08","7,501643499999994e-07"
"2024-09-12 17:19:25+02:00","rock-ms7a95","Intel(R) Core(TM) i9-7900X CPU @ 3.30GHz","0","kernel","23","1.0","1.118","1,118","39,527","35.4","0","reduction","openblas","fp32","0","23","7","1.118","39.527","35.4","35.3","17664000000","15.8","kernel","kernel","0","Intel(R) Core(TM) i9-7900X CPU @ 3.30GHz","","","","0","0","","","49.0","0","OPENBLAS_NUM_THREADS=10; e2e_host_memcpy=1; e2e_bw=mixed","1.7185652173913044","4,773792270531401e-07","0.04860869565217392","0","0","","","","","1,0979722222222222e-05","DE","0,1097399999999999","1,2049147166666654e-06","0,0783099722222222","8,598217422299381e-07","0,02332","2,560471222222222e-07","0,0518570416666666","5,69375912766203e-07","0,1929","2,1179884166666664e-06","0,0950131388888888","1,043217872461419e-06","0,1097399999999999","1,2049147166666654e-06","0,0783099722222222","8,598217422299381e-07","0,1097399999999999","5,238759637681154e-08","3,738355400999731e-08","1,2049147166666654e-06","0,02332","1,1132483574879227e-08","2,4755474468095782e-08","2,560471222222222e-07","0,1929","9,208645289855072e-08","4,535729880267039e-08","2,1179884166666664e-06","0,1097399999999999","5,238759637681154e-08","3,738355400999731e-08","1,2049147166666654e-06"
"2024-09-12 17:19:25+02:00","rock-ms7a95","Intel(R) Core(TM) i9-7900X CPU @ 3.30GHz","0","e2e","7","1.0","1.118","0,609","21,507","35.3","0","reduction","openblas","fp32","0","23","7","1.118","39.527","35.4","35.3","2688000000","4.41","e2e","e2e","0","Intel(R) Core(TM) i9-7900X CPU @ 3.30GHz","","","","0","0","","","49.0","0","OPENBLAS_NUM_THREADS=10; e2e_host_memcpy=1; e2e_bw=mixed","3.0724285714285715","8,53452380952381e-07","0.087","0","0","0.0","","0.0","0.0","5,974166666666667e-06","DE","0,1097399999999999","6,556050499999994e-07","0,0783099722222222","4,678368257175925e-07","0,02332","1,3931756666666667e-07","0,0518570416666666","3,098026097569441e-07","0,1929","1,15241675e-06","0,0950131388888888","5,676243272453699e-07","0,1097399999999999","6,556050499999994e-07","0,0783099722222222","4,678368257175925e-07","0,1097399999999999","9,365786428571419e-08","6,683383224537036e-08","6,556050499999994e-07","0,02332","1,9902509523809524e-08","4,425751567956344e-08","1,3931756666666667e-07","0,1929","1,646309642857143e-07","8,108918960648142e-08","1,15241675e-06","0,1097399999999999","9,365786428571419e-08","6,683383224537036e-08","6,556050499999994e-07"
"2024-09-12 17:19:34+02:00","rock-ms7a95","Intel(R) Core(TM) i9-7900X CPU @ 3.30GHz","0","kernel","17","1.0","1.1042","1,1042","37,222","33.7","0","reduction","openblas","fp32","0","17","6","1.1042","37.222","33.7","33.9","17408000000","15.76","kernel","kernel","0","Intel(R) Core(TM) i9-7900X CPU @ 3.30GHz","","","","0","0","","","49.0","0","OPENBLAS_NUM_THREADS=10; e2e_host_memcpy=1; e2e_bw=mixed","2.189529411764706","6,082026143790851e-07","0.06495294117647059","0","0","","","","","1,0339444444444445e-05","DE","0,1097399999999999","1,1346506333333323e-06","0,0783099722222222","8,096816072376542e-07","0,02332","2,411158444444445e-07","0,0518570416666666","5,361730013657401e-07","0,1929","1,994478833333333e-06","0,0950131388888888","9,8238307103395e-07","0,1097399999999999","1,1346506333333323e-06","0,0783099722222222","8,096816072376542e-07","0,1097399999999999","6,674415490196073e-08","4,762832983750907e-08","1,1346506333333323e-06","0,02332","1,4183284967320263e-08","3,153958831563178e-08","2,411158444444445e-07","0,1929","1,173222843137255e-07","5,778723947258529e-08","1,9944788333333336e-06","0,1097399999999999","6,674415490196073e-08","4,762832983750907e-08","1,1346506333333323e-06"
"2024-09-12 17:19:34+02:00","rock-ms7a95","Intel(R) Core(TM) i9-7900X CPU @ 3.30GHz","0","e2e","6","1.0","1.1042","0,6962","23,57","33.9","0","reduction","openblas","fp32","0","17","6","1.1042","37.222","33.7","33.9","3072000000","4.41","e2e","e2e","0","Intel(R) Core(TM) i9-7900X CPU @ 3.30GHz","","","","0","0","","","49.0","0","OPENBLAS_NUM_THREADS=10; e2e_host_memcpy=1; e2e_bw=mixed","3.9283333333333332","1,0912037037037038e-06","0.11603333333333334","0","0","0.0","","0.0","0.0","6,547222222222223e-06","DE","0,1097399999999999","7,18492166666666e-07","0,0783099722222222","5,127127903549381e-07","0,02332","1,5268122222222224e-07","0,0518570416666666","3,395195755787033e-07","0,1929","1,2629591666666667e-06","0,0950131388888888","6,220721343364192e-07","0,1097399999999999","7,18492166666666e-07","0,0783099722222222","5,127127903549381e-07","0,1097399999999999","1,1974869444444433e-07","8,545213172582304e-08","7,184921666666659e-07","0,02332","2,5446870370370372e-08","5,6586595929783886e-08","1,5268122222222222e-07","0,1929","2,1049319444444445e-07","1,0367868905606987e-07","1,2629591666666667e-06","0,1097399999999999","1,1974869444444433e-07","8,545213172582304e-08","7,184921666666659e-07"
"2024-09-12 17:19:44+02:00","rock-ms7a95","Intel(R) Core(TM) i9-7900X CPU @ 3.30GHz","0","kernel","13","1.0","1.0564","1,0564","35,541","33.6","0","reduction","openblas","fp32","0","13","5","1.0564","35.541","33.6","33.5","16640000000","15.75","kernel","kernel","0","Intel(R) Core(TM) i9-7900X CPU @ 3.30GHz","","","","0","0","","","49.0","0","OPENBLAS_NUM_THREADS=10; e2e_host_memcpy=1; e2e_bw=mixed","2.7339230769230767","7,594230769230769e-07","0.08126153846153847","0","0","","","","","9,872499999999999e-06","DE","0,1097399999999999","1,083408149999999e-06","0,0783099722222222","7,731152007638887e-07","0,02332","2,3022669999999998e-07","0,0518570416666666","5,11958643854166e-07","0,1929","1,9044052499999997e-06","0,0950131388888888","9,380172136805547e-07","0,1097399999999999","1,083408149999999e-06","0,0783099722222222","7,731152007638887e-07","0,1097399999999999","8,333908846153837e-08","5,9470400058760665e-08","1,0834081499999987e-06","0,02332","1,7709746153846154e-08","3,938143414262815e-08","2,302267e-07","0,1929","1,4649271153846152e-07","7,215517028311959e-08","1,9044052499999997e-06","0,1097399999999999","8,333908846153837e-08","5,9470400058760665e-08","1,0834081499999987e-06"
"2024-09-12 17:19:44+02:00","rock-ms7a95","Intel(R) Core(TM) i9-7900X CPU @ 3.30GHz","0","e2e","5","1.0","1.0564","0,7246","24,265","33.5","0","reduction","openblas","fp32","0","13","5","1.0564","35.541","33.6","33.5","3200000000","4.42","e2e","e2e","0","Intel(R) Core(TM) i9-7900X CPU @ 3.30GHz","","","","0","0","","","49.0","0","OPENBLAS_NUM_THREADS=10; e2e_host_memcpy=1; e2e_bw=mixed","4.853","1,3480555555555554e-06","0.14492","0","0","0.0","","0.0","0.0","6,740277777777778e-06","DE","0,1097399999999999","7,396780833333326e-07","0,0783099722222222","5,278309655478394e-07","0,02332","1,5718327777777777e-07","0,0518570416666666","3,495308655671292e-07","0,1929","1,3001995833333332e-06","0,0950131388888888","6,404149486496908e-07","0,1097399999999999","7,396780833333326e-07","0,0783099722222222","5,278309655478394e-07","0,1097399999999999","1,479356166666665e-07","1,0556619310956787e-07","7,396780833333326e-07","0,02332","3,1436655555555554e-08","6,990617311342583e-08","1,5718327777777777e-07","0,1929","2,6003991666666666e-07","1,2808298972993814e-07","1,3001995833333332e-06","0,1097399999999999","1,479356166666665e-07","1,0556619310956787e-07","7,396780833333326e-07"
"2024-09-12 17:19:54+02:00","rock-ms7a95","Intel(R) Core(TM) i9-7900X CPU @ 3.30GHz","0","kernel","11","1.0","1.0731","1,0731","36,073","33.6","0","reduction","openblas","fp32","0","11","5","1.0731","36.073","33.6","33.6","16896000000","15.75","kernel","kernel","0","Intel(R) Core(TM) i9-7900X CPU @ 3.30GHz","","","","0","0","","","49.0","0","OPENBLAS_NUM_THREADS=10; e2e_host_memcpy=1; e2e_bw=mixed","3.2793636363636365","9,109343434343436e-07","0.09755454545454545","0","0","","","","","1,0020277777777778e-05","DE","0,1097399999999999","1,0996252833333324e-06","0,0783099722222222","7,846876744367282e-07","0,02332","2,336728777777778e-07","0,0518570416666666","5,196219622337957e-07","0,1929","1,9329115833333332e-06","0,0950131388888888","9,520580442052462e-07","0,1097399999999999","1,0996252833333324e-06","0,0783099722222222","7,846876744367282e-07","0,1097399999999999","9,996593484848477e-08","7,133524313061166e-08","1,0996252833333324e-06","0,02332","2,124298888888889e-08","4,723836020307234e-08","2,336728777777778e-07","0,1929","1,7571923484848486e-07","8,655073129138603e-08","1,9329115833333332e-06","0,1097399999999999","9,996593484848477e-08","7,133524313061166e-08","1,0996252833333324e-06"
"2024-09-12 17:19:54+02:00","rock-ms7a95","Intel(R) Core(TM) i9-7900X CPU @ 3.30GHz","0","e2e","5","1.0","1.0731","0,8688","29,178","33.6","0","reduction","openblas","fp32","0","11","5","1.0731","36.073","33.6","33.6","3840000000","4.42","e2e","e2e","0","Intel(R) Core(TM) i9-7900X CPU @ 3.30GHz","","","","0","0","","","49.0","0","OPENBLAS_NUM_THREADS=10; e2e_host_memcpy=1; e2e_bw=mixed","5.8356","1,621e-06","0.17376","0","0","0.0","","0.0","0.0","8,105e-06","DE","0,1097399999999999","8,89442699999999e-07","0,0783099722222222","6,34702324861111e-07","0,02332","1,890086e-07","0,0518570416666666","4,203013227083328e-07","0,1929","1,5634544999999998e-06","0,0950131388888888","7,700814906944437e-07","0,1097399999999999","8,89442699999999e-07","0,0783099722222222","6,34702324861111e-07","0,1097399999999999","1,7788853999999983e-07","1,269404649722222e-07","8,894426999999992e-07","0,02332","3,780172e-08","8,406026454166656e-08","1,890086e-07","0,1929","3,1269089999999996e-07","1,5401629813888875e-07","1,5634544999999998e-06","0,1097399999999999","1,7788853999999983e-07","1,269404649722222e-07","8,894426999999992e-07"
"2024-09-12 17:20:04+02:00","rock-ms7a95","Intel(R) Core(TM) i9-7900X CPU @ 3.30GHz","0","kernel","9","1.0","1.1719","1,1719","41,342","35.3","0","reduction","openblas","fp32","0","9","3","1.1719","41.342","35.3","35.2","18432000000","15.73","kernel","kernel","0","Intel(R) Core(TM) i9-7900X CPU @ 3.30GHz","","","","0","0","","","49.0","0","OPENBLAS_NUM_THREADS=10; e2e_host_memcpy=1; e2e_bw=mixed","4.593555555555556","1,2759876543209876e-06","0.1302111111111111","0","0","","","","","1,1483888888888888e-05","DE","0,1097399999999999","1,2602419666666653e-06","0,0783099722222222","8,99303019891975e-07","0,02332","2,6780428888888886e-07","0,0518570416666666","5,955205046064807e-07","0,1929","2,2152421666666664e-06","0,0950131388888888","1,091120329984567e-06","0,1097399999999999","1,2602419666666653e-06","0,0783099722222222","8,99303019891975e-07","0,1097399999999999","1,4002688518518503e-07","9,992255776577501e-08","1,2602419666666653e-06","0,02332","2,9756032098765433e-08","6,616894495627564e-08","2,678042888888889e-07","0,1929","2,461380185185185e-07","1,2123559222050744e-07","2,2152421666666664e-06","0,1097399999999999","1,4002688518518503e-07","9,992255776577501e-08","1,2602419666666653e-06"
"2024-09-12 17:20:04+02:00","rock-ms7a95","Intel(R) Core(TM) i9-7900X CPU @ 3.30GHz","0","e2e","3","1.0","1.1719","0,6946","24,445","35.2","0","reduction","openblas","fp32","0","9","3","1.1719","41.342","35.3","35.2","3072000000","4.42","e2e","e2e","0","Intel(R) Core(TM) i9-7900X CPU @ 3.30GHz","","","","0","0","","","49.0","0","OPENBLAS_NUM_THREADS=10; e2e_host_memcpy=1; e2e_bw=mixed","8.148333333333333","2,263425925925926e-06","0.23153333333333334","0","0","0.0","","0.0","0.0","6,790277777777778e-06","DE","0,1097399999999999","7,451650833333326e-07","0,0783099722222222","5,317464641589505e-07","0,02332","1,583492777777778e-07","0,0518570416666666","3,5212371765046253e-07","0,1929","1,3098445833333333e-06","0,0950131388888888","6,451656055941353e-07","0,1097399999999999","7,451650833333326e-07","0,0783099722222222","5,317464641589505e-07","0,1097399999999999","2,4838836111111087e-07","1,7724882138631684e-07","7,451650833333326e-07","0,02332","5,27830925925926e-08","1,1737457255015419e-07","1,583492777777778e-07","0,1929","4,3661486111111113e-07","2,1505520186471177e-07","1,3098445833333335e-06","0,1097399999999999","2,4838836111111087e-07","1,7724882138631684e-07","7,451650833333326e-07"
"2024-09-12 17:20:14+02:00","rock-ms7a95","Intel(R) Core(TM) i9-7900X CPU @ 3.30GHz","0","kernel","6","1.0","1.1741","1,1741","41,429","35.3","0","reduction","openblas","fp32","0","6","2","1.1741","41.429","35.3","35.2","18432000000","15.7","kernel","kernel","0","Intel(R) Core(TM) i9-7900X CPU @ 3.30GHz","","","","0","0","","","49.0","0","OPENBLAS_NUM_THREADS=10; e2e_host_memcpy=1; e2e_bw=mixed","6.904833333333333","1,9180092592592598e-06","0.19568333333333332","0","0","","","","","1,1508055555555557e-05","DE","0,1097399999999999","1,2628940166666657e-06","0,0783099722222222","9,011955108873455e-07","0,02332","2,683678555555556e-07","0,0518570416666666","5,967737164467586e-07","0,1929","2,219903916666667e-06","0,0950131388888888","1,0934164808410485e-06","0,1097399999999999","1,2628940166666657e-06","0,0783099722222222","9,011955108873455e-07","0,1097399999999999","2,1048233611111097e-07","1,5019925181455762e-07","1,2628940166666659e-06","0,02332","4,472797592592594e-08","9,946228607445978e-08","2,6836785555555564e-07","0,1929","3,699839861111112e-07","1,8223608014017478e-07","2,219903916666667e-06","0,1097399999999999","2,1048233611111097e-07","1,5019925181455762e-07","1,2628940166666659e-06"
"2024-09-12 17:20:14+02:00","rock-ms7a95","Intel(R) Core(TM) i9-7900X CPU @ 3.30GHz","0","e2e","2","1.0","1.1741","0,6941","24,455","35.2","0","reduction","openblas","fp32","0","6","2","1.1741","41.429","35.3","35.2","3072000000","4.43","e2e","e2e","0","Intel(R) Core(TM) i9-7900X CPU @ 3.30GHz","","","","0","0","","","49.0","0","OPENBLAS_NUM_THREADS=10; e2e_host_memcpy=1; e2e_bw=mixed","12.2275","3,3965277777777777e-06","0.34705","0","0","0.0","","0.0","0.0","6,793055555555555e-06","DE","0,1097399999999999","7,454699166666659e-07","0,0783099722222222","5,319639918595677e-07","0,02332","1,5841405555555556e-07","0,0518570416666666","3,5226776498842546e-07","0,1929","1,3103804166666665e-06","0,0950131388888888","6,454295309799377e-07","0,1097399999999999","7,454699166666659e-07","0,0783099722222222","5,319639918595677e-07","0,1097399999999999","3,7273495833333294e-07","2,6598199592978387e-07","7,454699166666659e-07","0,02332","7,920702777777778e-08","1,7613388249421273e-07","1,5841405555555556e-07","0,1929","6,551902083333332e-07","3,2271476548996884e-07","1,3103804166666665e-06","0,1097399999999999","3,7273495833333294e-07","2,6598199592978387e-07","7,454699166666659e-07"
"2024-09-12 17:20:42+02:00","rock-ms7a95","Intel(R) Core(TM) i9-7900X CPU @ 3.30GHz","0","kernel","2651","1.0","0.8196","0,8196","28,314","34.5","1","reduction","openblas","fp32","0","2651","107","0.8196","28.314","34.5","34.5","21208000000","25.88","kernel","kernel","0","Intel(R) Core(TM) i9-7900X CPU @ 3.30GHz","","","","0","0","","","50.0","0","OPENBLAS_NUM_THREADS=10; e2e_host_memcpy=1; e2e_bw=mixed","0.010680497925311203","2,966804979253112e-09","0.0003091663523198793","0","0","","","","","7,865e-06","DE","0,1097399999999999","8,631050999999992e-07","0,0783099722222222","6,159079315277776e-07","0,02332","1,8341180000000002e-07","0,0518570416666666","4,078556327083328e-07","0,1929","1,5171584999999999e-06","0,0950131388888888","7,472783373611105e-07","0,1097399999999999","8,631050999999992e-07","0,0783099722222222","6,159079315277776e-07","0,1097399999999999","3,255771784232362e-10","2,3233041551406173e-10","8,631050999999992e-07","0,02332","6,918589211618257e-11","1,5384972942600257e-10","1,834118e-07","0,1929","5,722966804979253e-10","2,818854535500228e-10","1,5171584999999999e-06","0,1097399999999999","3,255771784232362e-10","2,3233041551406173e-10","8,631050999999992e-07"
"2024-09-12 17:20:42+02:00","rock-ms7a95","Intel(R) Core(TM) i9-7900X CPU @ 3.30GHz","0","e2e","107","1.0","0.8196","0,0673","2,317","34.5","1","reduction","openblas","fp32","0","2651","107","0.8196","28.314","34.5","34.5","428000000","6.36","e2e","e2e","0","Intel(R) Core(TM) i9-7900X CPU @ 3.30GHz","","","","0","0","","","50.0","0","OPENBLAS_NUM_THREADS=10; e2e_host_memcpy=1; e2e_bw=mixed","0.021654205607476638","6,015057113187955e-09","0.0006289719626168224","0","0","0.0","","0.0","0.0","6,436111111111112e-07","DE","0,1097399999999999","7,062988333333328e-08","0,0783099722222222","5,040116823302468e-08","0,02332","1,5009011111111114e-08","0,0518570416666666","3,337576820601848e-08","0,1929","1,2415258333333334e-07","0,0950131388888888","6,115151189043205e-08","0,1097399999999999","7,062988333333328e-08","0,0783099722222222","5,040116823302468e-08","0,1097399999999999","6,600923676012456e-10","4,710389554488289e-10","7,062988333333328e-08","0,02332","1,4027113187954312e-10","3,1192306734596714e-10","1,5009011111111114e-08","0,1929","1,1603045171339566e-09","5,715094569199258e-10","1,2415258333333336e-07","0,1097399999999999","6,600923676012456e-10","4,710389554488289e-10","7,062988333333328e-08"
"2024-09-12 17:20:46+02:00","rock-ms7a95","Intel(R) Core(TM) i9-7900X CPU @ 3.30GHz","0","kernel","1336","1.0","0.622","0,622","21,585","34.7","1","reduction","openblas","fp32","0","1336","205","0.622","21.585","34.7","34.8","16032000000","25.78","kernel","kernel","0","Intel(R) Core(TM) i9-7900X CPU @ 3.30GHz","","","","0","0","","","50.0","0","OPENBLAS_NUM_THREADS=10; e2e_host_memcpy=1; e2e_bw=mixed","0.016156437125748505","4,487899201596807e-09","0.0004655688622754491","0","0","","","","","5,995833333333334e-06","DE","0,1097399999999999","6,579827499999994e-07","0,0783099722222222","4,6953354178240733e-07","0,02332","1,3982283333333335e-07","0,0518570416666666","3,109261789930552e-07","0,1929","1,15659625e-06","0,0950131388888888","5,696829452546292e-07","0,1097399999999999","6,579827499999994e-07","0,0783099722222222","4,6953354178240733e-07","0,1097399999999999","4,925020583832332e-10","3,514472618131792e-10","6,579827499999996e-07","0,02332","1,0465780938123754e-10","2,327291758930054e-10","1,3982283333333335e-07","0,1929","8,65715755988024e-10","4,264093901606506e-10","1,15659625e-06","0,1097399999999999","4,925020583832332e-10","3,514472618131792e-10","6,579827499999996e-07"
"2024-09-12 17:20:46+02:00","rock-ms7a95","Intel(R) Core(TM) i9-7900X CPU @ 3.30GHz","0","e2e","205","1.0","0.622","0,2049","7,127","34.8","1","reduction","openblas","fp32","0","1336","205","0.622","21.585","34.7","34.8","1230000000","6.0","e2e","e2e","0","Intel(R) Core(TM) i9-7900X CPU @ 3.30GHz","","","","0","0","","","50.0","0","OPENBLAS_NUM_THREADS=10; e2e_host_memcpy=1; e2e_bw=mixed","0.034765853658536586","9,657181571815718e-09","0.0009995121951219513","0","0","0.0","","0.0","0.0","1,9797222222222223e-06","DE","0,1097399999999999","2,1725471666666646e-07","0,0783099722222222","1,5503199222993824e-07","0,02332","4,616712222222222e-08","0,0518570416666666","1,0266253776620358e-07","0,1929","3,8188841666666666e-07","0,0950131388888888","1,8809962246141959e-07","0,1097399999999999","2,1725471666666646e-07","0,0783099722222222","1,5503199222993824e-07","0,1097399999999999","1,059779105691056e-09","7,562536206338451e-10","2,1725471666666646e-07","0,02332","2,2520547425474255e-10","5,007928671522126e-10","4,616712222222222e-08","0,1929","1,862870325203252e-09","9,175591339581444e-10","3,818884166666666e-07","0,1097399999999999","1,059779105691056e-09","7,562536206338451e-10","2,1725471666666646e-07"
"2024-09-12 17:20:51+02:00","rock-ms7a95","Intel(R) Core(TM) i9-7900X CPU @ 3.30GHz","0","kernel","994","1.0","0.641","0,641","22,366","34.9","1","reduction","openblas","fp32","0","994","201","0.641","22.366","34.9","35.0","15904000000","24.81","kernel","kernel","0","Intel(R) Core(TM) i9-7900X CPU @ 3.30GHz","","","","0","0","","","49.0","0","OPENBLAS_NUM_THREADS=10; e2e_host_memcpy=1; e2e_bw=mixed","0.022501006036217304","6,250279454504807e-09","0.0006448692152917505","0","0","","","","","6,212777777777778e-06","DE","0,1097399999999999","6,817902333333327e-07","0,0783099722222222","4,865224552006172e-07","0,02332","1,448819777777778e-07","0,0518570416666666","3,221762760879626e-07","0,1929","1,1984448333333332e-06","0,0950131388888888","5,90295517885802e-07","0,1097399999999999","6,817902333333327e-07","0,0783099722222222","4,865224552006172e-07","0,1097399999999999","6,859056673373568e-10","4,894592104633976e-10","6,817902333333327e-07","0,02332","1,457565168790521e-10","3,24121002100566e-10","1,448819777777778e-07","0,1929","1,2056789067739772e-09","5,938586699052334e-10","1,1984448333333334e-06","0,1097399999999999","6,859056673373568e-10","4,894592104633976e-10","6,817902333333327e-07"
"2024-09-12 17:20:51+02:00","rock-ms7a95","Intel(R) Core(TM) i9-7900X CPU @ 3.30GHz","0","e2e","201","1.0","0.641","0,3107","10,87","35.0","1","reduction","openblas","fp32","0","994","201","0.641","22.366","34.9","35.0","1608000000","5.17","e2e","e2e","0","Intel(R) Core(TM) i9-7900X CPU @ 3.30GHz","","","","0","0","","","49.0","0","OPENBLAS_NUM_THREADS=10; e2e_host_memcpy=1; e2e_bw=mixed","0.05407960199004975","1,5022111663902706e-08","0.001545771144278607","0","0","0.0","","0.0","0.0","3,0194444444444442e-06","DE","0,1097399999999999","3,31353833333333e-07","0,0783099722222222","2,3645261057098758e-07","0,02332","7,041344444444444e-08","0,0518570416666666","1,5657945636574054e-07","0,1929","5,824508333333333e-07","0,0950131388888888","2,868868943672837e-07","0,1097399999999999","3,31353833333333e-07","0,0783099722222222","2,3645261057098758e-07","0,1097399999999999","1,6485265339966815e-09","1,176381147119341e-09","3,31353833333333e-07","0,02332","3,5031564400221114e-10","7,79002270476321e-10","7,041344444444444e-08","0,1929","2,897765339966832e-09","1,4272979819267844e-09","5,824508333333333e-07","0,1097399999999999","1,6485265339966815e-09","1,176381147119341e-09","3,31353833333333e-07"
"2024-09-12 17:20:57+02:00","rock-ms7a95","Intel(R) Core(TM) i9-7900X CPU @ 3.30GHz","0","kernel","687","1.0","0.7593","0,7593","26,611","35.0","1","reduction","openblas","fp32","0","687","199","0.7593","26.611","35.0","35.0","16488000000","21.72","kernel","kernel","0","Intel(R) Core(TM) i9-7900X CPU @ 3.30GHz","","","","0","0","","","49.0","0","OPENBLAS_NUM_THREADS=10; e2e_host_memcpy=1; e2e_bw=mixed","0.03873508005822417","1,0759744460617825e-08","0.001105240174672489","0","0","","","","","7,391944444444444e-06","DE","0,1097399999999999","8,111919833333326e-07","0,0783099722222222","5,788629641126542e-07","0,02332","1,7238014444444444e-07","0,0518570416666666","3,8332437105324025e-07","0,1929","1,4259060833333332e-06","0,0950131388888888","7,0233184415895e-07","0,1097399999999999","8,111919833333326e-07","0,0783099722222222","5,788629641126542e-07","0,1097399999999999","1,180774357108199e-09","8,425952898291911e-10","8,111919833333327e-07","0,02332","2,509172408216077e-10","5,579685168169438e-10","1,723801444444445e-07","0,1929","2,075554706453178e-09","1,0223170948456334e-09","1,4259060833333334e-06","0,1097399999999999","1,180774357108199e-09","8,425952898291911e-10","8,111919833333327e-07"
"2024-09-12 17:20:57+02:00","rock-ms7a95","Intel(R) Core(TM) i9-7900X CPU @ 3.30GHz","0","e2e","199","1.0","0.7593","0,4861","17,002","35.0","1","reduction","openblas","fp32","0","687","199","0.7593","26.611","35.0","35.0","2388000000","4.91","e2e","e2e","0","Intel(R) Core(TM) i9-7900X CPU @ 3.30GHz","","","","0","0","","","49.0","0","OPENBLAS_NUM_THREADS=10; e2e_host_memcpy=1; e2e_bw=mixed","0.08543718592964823","2,3732551647124513e-08","0.002442713567839196","0","0","0.0","","0.0","0.0","4,722777777777777e-06","DE","0,1097399999999999","5,182776333333327e-07","0,0783099722222222","3,6984059658950605e-07","0,02332","1,1013517777777777e-07","0,0518570416666666","2,449092840046293e-07","0,1929","9,110238333333332e-07","0,0950131388888888","4,487259409413576e-07","0,1097399999999999","5,182776333333327e-07","0,0783099722222222","3,6984059658950605e-07","0,1097399999999999","2,6044102177554415e-09","1,8584954602487746e-09","5,182776333333328e-07","0,02332","5,534431044109437e-10","1,230699919621253e-09","1,1013517777777779e-07","0,1929","4,578009212730318e-09","2,2549042258359684e-09","9,110238333333333e-07","0,1097399999999999","2,6044102177554415e-09","1,8584954602487746e-09","5,182776333333328e-07"
"2024-09-12 17:21:04+02:00","rock-ms7a95","Intel(R) Core(TM) i9-7900X CPU @ 3.30GHz","0","kernel","496","1.0","0.7984","0,7984","28,014","35.1","1","reduction","openblas","fp32","0","496","172","0.7984","28.014","35.1","35.2","15872000000","19.88","kernel","kernel","0","Intel(R) Core(TM) i9-7900X CPU @ 3.30GHz","","","","0","0","","","49.0","0","OPENBLAS_NUM_THREADS=10; e2e_host_memcpy=1; e2e_bw=mixed","0.05647983870967742","1,5688844086021505e-08","0.0016096774193548387","0","0","","","","","7,781666666666667e-06","DE","0,1097399999999999","8,539600999999993e-07","0,0783099722222222","6,093821005092591e-07","0,02332","1,8146846666666667e-07","0,0518570416666666","4,03534212569444e-07","0,1929","1,5010835e-06","0,0950131388888888","7,393605757870364e-07","0,1097399999999999","8,539600999999993e-07","0,0783099722222222","6,093821005092591e-07","0,1097399999999999","1,7216937499999984e-09","1,2285929445751193e-09","8,539600999999992e-07","0,02332","3,658638440860215e-10","8,135770414706531e-10","1,8146846666666667e-07","0,1929","3,0263780241935484e-09","1,4906463221512831e-09","1,5010835e-06","0,1097399999999999","1,7216937499999984e-09","1,2285929445751193e-09","8,539600999999992e-07"
"2024-09-12 17:21:04+02:00","rock-ms7a95","Intel(R) Core(TM) i9-7900X CPU @ 3.30GHz","0","e2e","172","1.0","0.7984","0,5743","20,189","35.2","1","reduction","openblas","fp32","0","496","172","0.7984","28.014","35.1","35.2","2752000000","4.79","e2e","e2e","0","Intel(R) Core(TM) i9-7900X CPU @ 3.30GHz","","","","0","0","","","49.0","0","OPENBLAS_NUM_THREADS=10; e2e_host_memcpy=1; e2e_bw=mixed","0.11737790697674419","3,2604974160206725e-08","0.003338953488372093","0","0","0.0","","0.0","0.0","5,608055555555556e-06","DE","0,1097399999999999","6,154280166666661e-07","0,0783099722222222","4,391666747762345e-07","0,02332","1,3077985555555556e-07","0,0518570416666666","2,9081717061342556e-07","0,1929","1,0817939166666667e-06","0,0950131388888888","5,328389613966045e-07","0,1097399999999999","6,154280166666661e-07","0,0783099722222222","4,391666747762345e-07","0,1097399999999999","3,5780698643410823e-09","2,5532946207920613e-09","6,154280166666661e-07","0,02332","7,603479974160208e-10","1,6907975035664281e-09","1,3077985555555558e-07","0,1929","6,2894995155038765e-09","3,097900938352352e-09","1,0817939166666667e-06","0,1097399999999999","3,5780698643410823e-09","2,5532946207920613e-09","6,154280166666661e-07"
"2024-09-12 17:21:12+02:00","rock-ms7a95","Intel(R) Core(TM) i9-7900X CPU @ 3.30GHz","0","kernel","365","1.0","0.9567","0,9567","33,749","35.3","1","reduction","openblas","fp32","0","365","111","0.9567","33.749","35.3","35.0","17520000000","18.31","kernel","kernel","0","Intel(R) Core(TM) i9-7900X CPU @ 3.30GHz","","","","0","0","","","49.0","0","OPENBLAS_NUM_THREADS=10; e2e_host_memcpy=1; e2e_bw=mixed","0.09246301369863014","2,5684170471841703e-08","0.002621095890410959","0","0","","","","","9,374722222222223e-06","DE","0,1097399999999999","1,0287820166666657e-06","0,0783099722222222","7,341342368132715e-07","0,02332","2,1861852222222224e-07","0,0518570416666666","4,861453608912032e-07","0,1929","1,8083839166666666e-06","0,0950131388888888","8,907217845447524e-07","0,1097399999999999","1,0287820166666657e-06","0,0783099722222222","7,341342368132715e-07","0,1097399999999999","2,8185808675799056e-09","2,0113266762007437e-09","1,0287820166666655e-06","0,02332","5,989548554033486e-10","1,3319050983320632e-09","2,1861852222222224e-07","0,1929","4,954476484018264e-09","2,4403336562869924e-09","1,8083839166666664e-06","0,1097399999999999","2,8185808675799056e-09","2,0113266762007437e-09","1,0287820166666655e-06"
"2024-09-12 17:21:12+02:00","rock-ms7a95","Intel(R) Core(TM) i9-7900X CPU @ 3.30GHz","0","e2e","111","1.0","0.9567","0,5708","19,971","35.0","1","reduction","openblas","fp32","0","365","111","0.9567","33.749","35.3","35.0","2664000000","4.67","e2e","e2e","0","Intel(R) Core(TM) i9-7900X CPU @ 3.30GHz","","","","0","0","","","49.0","0","OPENBLAS_NUM_THREADS=10; e2e_host_memcpy=1; e2e_bw=mixed","0.17991891891891892","4,997747747747748e-08","0.005142342342342342","0","0","0.0","","0.0","0.0","5,5475e-06","DE","0,1097399999999999","6,087826499999994e-07","0,0783099722222222","4,3442457090277767e-07","0,02332","1,293677e-07","0,0518570416666666","2,87676938645833e-07","0,1929","1,0701127499999998e-06","0,0950131388888888","5,270853879861106e-07","0,1097399999999999","6,087826499999994e-07","0,0783099722222222","4,3442457090277767e-07","0,1097399999999999","5,484528378378373e-09","3,913734872997998e-09","6,087826499999994e-07","0,02332","1,1654747747747748e-09","2,5916841319444418e-09","1,293677e-07","0,1929","9,640655405405406e-09","4,74851700888388e-09","1,07011275e-06","0,1097399999999999","5,484528378378373e-09","3,913734872997998e-09","6,087826499999994e-07"
"2024-09-12 17:21:20+02:00","rock-ms7a95","Intel(R) Core(TM) i9-7900X CPU @ 3.30GHz","0","kernel","283","1.0","1.0287","1,0287","36,229","35.2","0","reduction","openblas","fp32","0","283","93","1.0287","36.229","35.2","35.1","18112000000","17.61","kernel","kernel","0","Intel(R) Core(TM) i9-7900X CPU @ 3.30GHz","","","","0","0","","","49.0","0","OPENBLAS_NUM_THREADS=10; e2e_host_memcpy=1; e2e_bw=mixed","0.12801766784452295","3,5560463290145274e-08","0.003634982332155477","0","0","","","","","1,006361111111111e-05","DE","0,1097399999999999","1,1043806833333321e-06","0,0783099722222222","7,880811065663578e-07","0,02332","2,346834111111111e-07","0,0518570416666666","5,218691007060178e-07","0,1929","1,941270583333333e-06","0,0950131388888888","9,561752802237645e-07","0,1097399999999999","1,1043806833333321e-06","0,0783099722222222","7,880811065663578e-07","0,1097399999999999","3,902405241460538e-09","2,784738892460629e-09","1,1043806833333323e-06","0,02332","8,292700039261878e-10","1,8440604265230317e-09","2,3468341111111115e-07","0,1929","6,859613368669023e-09","3,3787112375398047e-09","1,9412705833333334e-06","0,1097399999999999","3,902405241460538e-09","2,784738892460629e-09","1,1043806833333323e-06"
"2024-09-12 17:21:20+02:00","rock-ms7a95","Intel(R) Core(TM) i9-7900X CPU @ 3.30GHz","0","e2e","93","1.0","1.0287","0,6469","22,721","35.1","0","reduction","openblas","fp32","0","283","93","1.0287","36.229","35.2","35.1","2976000000","4.6","e2e","e2e","0","Intel(R) Core(TM) i9-7900X CPU @ 3.30GHz","","","","0","0","","","49.0","0","OPENBLAS_NUM_THREADS=10; e2e_host_memcpy=1; e2e_bw=mixed","0.24431182795698925","6,786439665471925e-08","0.006955913978494624","0","0","0.0","","0.0","0.0","6,311388888888889e-06","DE","0,1097399999999999","6,92611816666666e-07","0,0783099722222222","4,942446885725307e-07","0,02332","1,4718158888888888e-07","0,0518570416666666","3,2728995658564775e-07","0,1929","1,2174669166666666e-06","0,0950131388888888","5,996648690817896e-07","0,1097399999999999","6,92611816666666e-07","0,0783099722222222","4,942446885725307e-07","0,1097399999999999","7,447438888888883e-09","5,314459016908934e-09","6,926118166666661e-07","0,02332","1,582597729988053e-09","3,519246845006966e-09","1,4718158888888894e-07","0,1929","1,3091042114695343e-08","6,448009344965481e-09","1,2174669166666669e-06","0,1097399999999999","7,447438888888883e-09","5,314459016908934e-09","6,926118166666661e-07"
"2024-09-12 17:21:28+02:00","rock-ms7a95","Intel(R) Core(TM) i9-7900X CPU @ 3.30GHz","0","kernel","183","1.0","1.0395","1,0395","36,647","35.3","0","reduction","openblas","fp32","0","183","55","1.0395","36.647","35.3","34.3","17568000000","16.9","kernel","kernel","0","Intel(R) Core(TM) i9-7900X CPU @ 3.30GHz","","","","0","0","","","49.0","0","OPENBLAS_NUM_THREADS=10; e2e_host_memcpy=1; e2e_bw=mixed","0.2002568306010929","5,562689738919248e-08","0.005680327868852459","0","0","","","","","1,0179722222222221e-05","DE","0,1097399999999999","1,1171227166666654e-06","0,0783099722222222","7,971737644521602e-07","0,02332","2,373911222222222e-07","0,0518570416666666","5,278902794328697e-07","0,1929","1,9636684166666663e-06","0,0950131388888888","9,672073613503078e-07","0,1097399999999999","1,1171227166666654e-06","0,0783099722222222","7,971737644521602e-07","0,1097399999999999","6,104495719489976e-09","4,356140789356068e-09","1,1171227166666656e-06","0,02332","1,2972192471159686e-09","2,884646335698742e-09","2,3739112222222225e-07","0,1929","1,0730428506375228e-08","5,285286127597311e-09","1,9636684166666667e-06","0,1097399999999999","6,104495719489976e-09","4,356140789356068e-09","1,1171227166666656e-06"
"2024-09-12 17:21:28+02:00","rock-ms7a95","Intel(R) Core(TM) i9-7900X CPU @ 3.30GHz","0","e2e","55","1.0","1.0395","0,5836","20,021","34.3","0","reduction","openblas","fp32","0","183","55","1.0395","36.647","35.3","34.3","2640000000","4.52","e2e","e2e","0","Intel(R) Core(TM) i9-7900X CPU @ 3.30GHz","","","","0","0","","","49.0","0","OPENBLAS_NUM_THREADS=10; e2e_host_memcpy=1; e2e_bw=mixed","0.36401818181818185","1,0111616161616164e-07","0.010610909090909091","0","0","0.0","","0.0","0.0","5,561388888888889e-06","DE","0,1097399999999999","6,103068166666661e-07","0,0783099722222222","4,3551220940586413e-07","0,02332","1,296915888888889e-07","0,0518570416666666","2,883971753356478e-07","0,1929","1,0727919166666666e-06","0,0950131388888888","5,28405014915123e-07","0,1097399999999999","6,103068166666661e-07","0,0783099722222222","4,3551220940586413e-07","0,1097399999999999","1,1096487575757568e-08","7,91840380737935e-09","6,103068166666662e-07","0,02332","2,3580288888888894e-09","5,2435850061026885e-09","1,2969158888888893e-07","0,1929","1,950530757575758e-08","9,607363907547694e-09","1,0727919166666668e-06","0,1097399999999999","1,1096487575757568e-08","7,91840380737935e-09","6,103068166666662e-07"
"2024-09-12 17:21:37+02:00","rock-ms7a95","Intel(R) Core(TM) i9-7900X CPU @ 3.30GHz","0","kernel","138","1.0","1.0651","1,0651","37,289","35.0","0","reduction","openblas","fp32","0","138","47","1.0651","37.289","35.0","33.6","17664000000","16.59","kernel","kernel","0","Intel(R) Core(TM) i9-7900X CPU @ 3.30GHz","","","","0","0","","","49.0","0","OPENBLAS_NUM_THREADS=10; e2e_host_memcpy=1; e2e_bw=mixed","0.27021014492753626","7,50583735909823e-08","0.007718115942028985","0","0","","","","","1,0358055555555556e-05","DE","0,1097399999999999","1,1366930166666657e-06","0,0783099722222222","8,1113904283179e-07","0,02332","2,4154985555555556e-07","0,0518570416666666","5,37138118530092e-07","0,1929","1,9980689166666665e-06","0,0950131388888888","9,841513711188264e-07","0,1097399999999999","1,1366930166666657e-06","0,0783099722222222","8,1113904283179e-07","0,1097399999999999","8,23690591787439e-09","5,877819150955001e-09","1,1366930166666657e-06","0,02332","1,7503612721417073e-09","3,892305206739797e-09","2,415498555555556e-07","0,1929","1,4478760265700484e-08","7,131531674774105e-09","1,998068916666667e-06","0,1097399999999999","8,23690591787439e-09","5,877819150955001e-09","1,1366930166666657e-06"
"2024-09-12 17:21:37+02:00","rock-ms7a95","Intel(R) Core(TM) i9-7900X CPU @ 3.30GHz","0","e2e","47","1.0","1.0651","0,6711","22,556","33.6","0","reduction","openblas","fp32","0","138","47","1.0651","37.289","35.0","33.6","3008000000","4.48","e2e","e2e","0","Intel(R) Core(TM) i9-7900X CPU @ 3.30GHz","","","","0","0","","","49.0","0","OPENBLAS_NUM_THREADS=10; e2e_host_memcpy=1; e2e_bw=mixed","0.4799148936170213","1,333096926713948e-07","0.01427872340425532","0","0","0.0","","0.0","0.0","6,265555555555556e-06","DE","0,1097399999999999","6,87582066666666e-07","0,0783099722222222","4,906554815123456e-07","0,02332","1,4611275555555556e-07","0,0518570416666666","3,2491317550925886e-07","0,1929","1,2086256666666667e-06","0,0950131388888888","5,953101002160489e-07","0,1097399999999999","6,87582066666666e-07","0,0783099722222222","4,906554815123456e-07","0,1097399999999999","1,4629405673758852e-08","1,0439478330049905e-08","6,87582066666666e-07","0,02332","3,108782033096927e-09","6,91304628743104e-09","1,4611275555555556e-07","0,1929","2,5715439716312056e-08","1,2666172345022317e-08","1,2086256666666667e-06","0,1097399999999999","1,4629405673758852e-08","1,0439478330049905e-08","6,87582066666666e-07"
"2024-09-12 17:21:45+02:00","rock-ms7a95","Intel(R) Core(TM) i9-7900X CPU @ 3.30GHz","0","kernel","89","1.0","1.0506","1,0506","35,252","33.6","0","reduction","openblas","fp32","0","89","27","1.0506","35.252","33.6","33.5","17088000000","16.27","kernel","kernel","0","Intel(R) Core(TM) i9-7900X CPU @ 3.30GHz","","","","0","0","","","49.0","0","OPENBLAS_NUM_THREADS=10; e2e_host_memcpy=1; e2e_bw=mixed","0.39608988764044945","1,1002496878901373e-07","0.011804494382022471","0","0","","","","","9,792222222222224e-06","DE","0,1097399999999999","1,0745984666666657e-06","0,0783099722222222","7,668286502160494e-07","0,02332","2,2835462222222226e-07","0,0518570416666666","5,077956757870365e-07","0,1929","1,8889196666666668e-06","0,0950131388888888","9,303897700308635e-07","0,1097399999999999","1,0745984666666657e-06","0,0783099722222222","7,668286502160494e-07","0,1097399999999999","1,2074140074906356e-08","8,616052249618531e-09","1,0745984666666657e-06","0,02332","2,5657822721598e-09","5,705569390865578e-09","2,283546222222222e-07","0,1929","2,1223816479400746e-08","1,0453817640796217e-08","1,8889196666666664e-06","0,1097399999999999","1,2074140074906356e-08","8,616052249618531e-09","1,0745984666666657e-06"
"2024-09-12 17:21:45+02:00","rock-ms7a95","Intel(R) Core(TM) i9-7900X CPU @ 3.30GHz","0","e2e","27","1.0","1.0506","0,5838","19,565","33.5","0","reduction","openblas","fp32","0","89","27","1.0506","35.252","33.6","33.5","2592000000","4.44","e2e","e2e","0","Intel(R) Core(TM) i9-7900X CPU @ 3.30GHz","","","","0","0","","","49.0","0","OPENBLAS_NUM_THREADS=10; e2e_host_memcpy=1; e2e_bw=mixed","0.7246296296296296","2,012860082304527e-07","0.021622222222222223","0","0","0.0","","0.0","0.0","5,434722222222223e-06","DE","0,1097399999999999","5,964064166666662e-07","0,0783099722222222","4,25592946257716e-07","0,02332","1,2673772222222225e-07","0,0518570416666666","2,818286167245367e-07","0,1929","1,0483579166666666e-06","0,0950131388888888","5,163700173225305e-07","0,1097399999999999","5,964064166666662e-07","0,0783099722222222","4,25592946257716e-07","0,1097399999999999","2,2089126543209856e-08","1,576270171324874e-08","5,964064166666661e-07","0,02332","4,693989711934157e-09","1,0438096915723582e-08","1,2673772222222225e-07","0,1929","3,8828070987654324e-08","1,912481545639002e-08","1,0483579166666668e-06","0,1097399999999999","2,2089126543209856e-08","1,576270171324874e-08","5,964064166666661e-07"
"2024-09-12 17:21:54+02:00","rock-ms7a95","Intel(R) Core(TM) i9-7900X CPU @ 3.30GHz","0","kernel","66","1.0","1.0483","1,0483","35,132","33.5","0","reduction","openblas","fp32","0","66","23","1.0483","35.132","33.5","33.5","16896000000","16.12","kernel","kernel","0","Intel(R) Core(TM) i9-7900X CPU @ 3.30GHz","","","","0","0","","","48.0","0","OPENBLAS_NUM_THREADS=10; e2e_host_memcpy=1; e2e_bw=mixed","0.5323030303030303","1,478619528619529e-07","0.015883333333333333","0","0","","","","","9,758888888888888e-06","DE","0,1097399999999999","1,0709404666666656e-06","0,0783099722222222","7,642183178086418e-07","0,02332","2,2757728888888888e-07","0,0518570416666666","5,060671077314808e-07","0,1929","1,8824896666666666e-06","0,0950131388888888","9,272226654012337e-07","0,1097399999999999","1,0709404666666656e-06","0,0783099722222222","7,642183178086418e-07","0,1097399999999999","1,6226370707070693e-08","1,157906542134306e-08","1,0709404666666658e-06","0,02332","3,4481407407407415e-09","7,667683450476984e-09","2,2757728888888893e-07","0,1929","2,852257070707071e-08","1,4048828263655059e-08","1,882489666666667e-06","0,1097399999999999","1,6226370707070693e-08","1,157906542134306e-08","1,0709404666666658e-06"
"2024-09-12 17:21:54+02:00","rock-ms7a95","Intel(R) Core(TM) i9-7900X CPU @ 3.30GHz","0","e2e","23","1.0","1.0483","0,6605","22,14","33.5","0","reduction","openblas","fp32","0","66","23","1.0483","35.132","33.5","33.5","2944000000","4.46","e2e","e2e","0","Intel(R) Core(TM) i9-7900X CPU @ 3.30GHz","","","","0","0","","","48.0","0","OPENBLAS_NUM_THREADS=10; e2e_host_memcpy=1; e2e_bw=mixed","0.9626086956521739","2,673913043478261e-07","0.028717391304347827","0","0","0.0","","0.0","0.0","6,15e-06","DE","0,1097399999999999","6,749009999999994e-07","0,0783099722222222","4,816063291666666e-07","0,02332","1,4341800000000002e-07","0,0518570416666666","3,189208062499996e-07","0,1929","1,186335e-06","0,0950131388888888","5,843308041666662e-07","0,1097399999999999","6,749009999999994e-07","0,0783099722222222","4,816063291666666e-07","0,1097399999999999","2,934352173913041e-08","2,0939405615942027e-08","6,749009999999995e-07","0,02332","6,235565217391305e-09","1,386612201086955e-08","1,4341800000000002e-07","0,1929","5,1579782608695656e-08","2,540568713768114e-08","1,186335e-06","0,1097399999999999","2,934352173913041e-08","2,0939405615942027e-08","6,749009999999995e-07"
"2024-09-12 17:22:02+02:00","rock-ms7a95","Intel(R) Core(TM) i9-7900X CPU @ 3.30GHz","0","kernel","44","1.0","1.0589","1,0589","35,585","33.6","0","reduction","openblas","fp32","0","44","14","1.0589","35.585","33.6","33.6","16896000000","15.96","kernel","kernel","0","Intel(R) Core(TM) i9-7900X CPU @ 3.30GHz","","","","0","0","","","49.0","0","OPENBLAS_NUM_THREADS=10; e2e_host_memcpy=1; e2e_bw=mixed","0.80875","2,246527777777778e-07","0.02406590909090909","0","0","","","","","9,884722222222223e-06","DE","0,1097399999999999","1,0847494166666658e-06","0,0783099722222222","7,740723226466048e-07","0,02332","2,3051172222222226e-07","0,0518570416666666","5,125924521412032e-07","0,1929","1,9067629166666667e-06","0,0950131388888888","9,391784853780857e-07","0,1097399999999999","1,0847494166666658e-06","0,0783099722222222","7,740723226466048e-07","0,1097399999999999","2,465339583333331e-08","1,7592552787422835e-08","1,0847494166666656e-06","0,02332","5,238902777777778e-09","1,1649828457754616e-08","2,3051172222222223e-07","0,1929","4,333552083333333e-08","2,1344965576774673e-08","1,9067629166666667e-06","0,1097399999999999","2,465339583333331e-08","1,7592552787422835e-08","1,0847494166666656e-06"
"2024-09-12 17:22:02+02:00","rock-ms7a95","Intel(R) Core(TM) i9-7900X CPU @ 3.30GHz","0","e2e","14","1.0","1.0589","0,6065","20,376","33.6","0","reduction","openblas","fp32","0","44","14","1.0589","35.585","33.6","33.6","2688000000","4.43","e2e","e2e","0","Intel(R) Core(TM) i9-7900X CPU @ 3.30GHz","","","","0","0","","","49.0","0","OPENBLAS_NUM_THREADS=10; e2e_host_memcpy=1; e2e_bw=mixed","1.4554285714285715","4,042857142857143e-07","0.04332142857142857","0","0","0.0","","0.0","0.0","5,66e-06","DE","0,1097399999999999","6,211283999999994e-07","0,0783099722222222","4,432344427777777e-07","0,02332","1,319912e-07","0,0518570416666666","2,93510855833333e-07","0,1929","1,091814e-06","0,0950131388888888","5,377743661111106e-07","0,1097399999999999","6,211283999999994e-07","0,0783099722222222","4,432344427777777e-07","0,1097399999999999","4,436631428571425e-08","3,165960305555555e-08","6,211283999999994e-07","0,02332","9,427942857142858e-09","2,0965061130952358e-08","1,3199120000000002e-07","0,1929","7,798671428571429e-08","3,841245472222219e-08","1,091814e-06","0,1097399999999999","4,436631428571425e-08","3,165960305555555e-08","6,211283999999994e-07"
"2024-09-12 17:22:11+02:00","rock-ms7a95","Intel(R) Core(TM) i9-7900X CPU @ 3.30GHz","0","kernel","33","1.0","1.0633","1,0633","35,736","33.6","0","reduction","openblas","fp32","0","33","12","1.0633","35.736","33.6","33.6","16896000000","15.89","kernel","kernel","0","Intel(R) Core(TM) i9-7900X CPU @ 3.30GHz","","","","0","0","","","49.0","0","OPENBLAS_NUM_THREADS=10; e2e_host_memcpy=1; e2e_bw=mixed","1.0829090909090908","3,008080808080808e-07","0.032221212121212116","0","0","","","","","9,926666666666666e-06","DE","0,1097399999999999","1,089352399999999e-06","0,0783099722222222","7,773569909259257e-07","0,02332","2,3148986666666666e-07","0,0518570416666666","5,147675669444438e-07","0,1929","1,9148539999999997e-06","0,0950131388888888","9,431637587037029e-07","0,1097399999999999","1,089352399999999e-06","0,0783099722222222","7,773569909259257e-07","0,1097399999999999","3,3010678787878754e-08","2,3556272452300777e-08","1,089352399999999e-06","0,02332","7,014844444444444e-09","1,559901718013466e-08","2,3148986666666666e-07","0,1929","5,802587878787878e-08","2,8580719960718268e-08","1,9148539999999997e-06","0,1097399999999999","3,3010678787878754e-08","2,3556272452300777e-08","1,089352399999999e-06"
"2024-09-12 17:22:11+02:00","rock-ms7a95","Intel(R) Core(TM) i9-7900X CPU @ 3.30GHz","0","e2e","12","1.0","1.0633","0,6946","23,358","33.6","0","reduction","openblas","fp32","0","33","12","1.0633","35.736","33.6","33.6","3072000000","4.42","e2e","e2e","0","Intel(R) Core(TM) i9-7900X CPU @ 3.30GHz","","","","0","0","","","49.0","0","OPENBLAS_NUM_THREADS=10; e2e_host_memcpy=1; e2e_bw=mixed","1.9465000000000001","5,406944444444445e-07","0.057883333333333335","0","0","0.0","","0.0","0.0","6,488333333333334e-06","DE","0,1097399999999999","7,120296999999993e-07","0,0783099722222222","5,081012031018518e-07","0,02332","1,5130793333333334e-07","0,0518570416666666","3,364657720138885e-07","0,1929","1,2515994999999999e-06","0,0950131388888888","6,164769161574069e-07","0,1097399999999999","7,120296999999993e-07","0,0783099722222222","5,081012031018518e-07","0,1097399999999999","5,933580833333328e-08","4,2341766925154314e-08","7,120296999999993e-07","0,02332","1,2608994444444445e-08","2,8038814334490708e-08","1,5130793333333334e-07","0,1929","1,0429995833333333e-07","5,1373076346450574e-08","1,2515994999999999e-06","0,1097399999999999","5,933580833333328e-08","4,2341766925154314e-08","7,120296999999993e-07"
"2024-09-12 17:22:20+02:00","rock-ms7a95","Intel(R) Core(TM) i9-7900X CPU @ 3.30GHz","0","kernel","22","1.0","1.0685","1,0685","35,944","33.6","0","reduction","openblas","fp32","0","22","7","1.0685","35.944","33.6","33.7","16896000000","15.81","kernel","kernel","0","Intel(R) Core(TM) i9-7900X CPU @ 3.30GHz","","","","0","0","","","49.0","0","OPENBLAS_NUM_THREADS=10; e2e_host_memcpy=1; e2e_bw=mixed","1.6338181818181818","4,538383838383839e-07","0.048568181818181816","0","0","","","","","9,984444444444444e-06","DE","0,1097399999999999","1,0956929333333323e-06","0,0783099722222222","7,818815670987652e-07","0,02332","2,3283724444444445e-07","0,0518570416666666","5,177637515740735e-07","0,1929","1,925999333333333e-06","0,0950131388888888","9,486534067283942e-07","0,1097399999999999","1,0956929333333323e-06","0,0783099722222222","7,818815670987652e-07","0,1097399999999999","4,9804224242424203e-08","3,5540071231762063e-08","1,0956929333333325e-06","0,02332","1,0583511111111112e-08","2,3534715980639706e-08","2,3283724444444445e-07","0,1929","8,754542424242425e-08","4,31206093967452e-08","1,9259993333333336e-06","0,1097399999999999","4,9804224242424203e-08","3,5540071231762063e-08","1,0956929333333325e-06"
"2024-09-12 17:22:20+02:00","rock-ms7a95","Intel(R) Core(TM) i9-7900X CPU @ 3.30GHz","0","e2e","7","1.0","1.0685","0,6089","20,53","33.7","0","reduction","openblas","fp32","0","22","7","1.0685","35.944","33.6","33.7","2688000000","4.41","e2e","e2e","0","Intel(R) Core(TM) i9-7900X CPU @ 3.30GHz","","","","0","0","","","49.0","0","OPENBLAS_NUM_THREADS=10; e2e_host_memcpy=1; e2e_bw=mixed","2.932857142857143","8,146825396825397e-07","0.08698571428571429","0","0","0.0","","0.0","0.0","5,702777777777778e-06","DE","0,1097399999999999","6,258228333333327e-07","0,0783099722222222","4,4658436936728385e-07","0,02332","1,3298877777777777e-07","0,0518570416666666","2,957291848379626e-07","0,1929","1,1000658333333332e-06","0,0950131388888888","5,418388170524686e-07","0,1097399999999999","6,258228333333327e-07","0,0783099722222222","4,4658436936728385e-07","0,1097399999999999","8,940326190476182e-08","6,379776705246911e-08","6,258228333333327e-07","0,02332","1,8998396825396827e-08","4,224702640542323e-08","1,329887777777778e-07","0,1929","1,571522619047619e-07","7,740554529320981e-08","1,1000658333333332e-06","0,1097399999999999","8,940326190476182e-08","6,379776705246911e-08","6,258228333333327e-07"
"2024-09-12 17:22:29+02:00","rock-ms7a95","Intel(R) Core(TM) i9-7900X CPU @ 3.30GHz","0","kernel","17","1.0","1.104","1,104","37,957","34.4","0","reduction","openblas","fp32","0","17","6","1.104","37.957","34.4","33.9","17408000000","15.77","kernel","kernel","0","Intel(R) Core(TM) i9-7900X CPU @ 3.30GHz","","","","0","0","","","49.0","0","OPENBLAS_NUM_THREADS=10; e2e_host_memcpy=1; e2e_bw=mixed","2.232764705882353","6,202124183006537e-07","0.06494117647058824","0","0","","","","","1,054361111111111e-05","DE","0,1097399999999999","1,157055883333332e-06","0,0783099722222222","8,256698932330245e-07","0,02332","2,458770111111111e-07","0,0518570416666666","5,467604807060178e-07","0,1929","2,0338625833333333e-06","0,0950131388888888","1,001781586890431e-06","0,1097399999999999","1,157055883333332e-06","0,0783099722222222","8,256698932330245e-07","0,1097399999999999","6,806211078431367e-08","4,856881724900145e-08","1,1570558833333325e-06","0,02332","1,4463353594771243e-08","3,2162381218001054e-08","2,458770111111111e-07","0,1929","1,196389754901961e-07","5,892832864061361e-08","2,0338625833333333e-06","0,1097399999999999","6,806211078431367e-08","4,856881724900145e-08","1,1570558833333325e-06"
"2024-09-12 17:22:29+02:00","rock-ms7a95","Intel(R) Core(TM) i9-7900X CPU @ 3.30GHz","0","e2e","6","1.0","1.104","0,6963","23,579","33.9","0","reduction","openblas","fp32","0","17","6","1.104","37.957","34.4","33.9","3072000000","4.41","e2e","e2e","0","Intel(R) Core(TM) i9-7900X CPU @ 3.30GHz","","","","0","0","","","49.0","0","OPENBLAS_NUM_THREADS=10; e2e_host_memcpy=1; e2e_bw=mixed","3.9298333333333333","1,0916203703703705e-06","0.11605","0","0","0.0","","0.0","0.0","6,549722222222222e-06","DE","0,1097399999999999","7,18766516666666e-07","0,0783099722222222","5,129085652854937e-07","0,02332","1,5273952222222223e-07","0,0518570416666666","3,3964921818286994e-07","0,1929","1,2634414166666665e-06","0,0950131388888888","6,223096671836415e-07","0,1097399999999999","7,18766516666666e-07","0,0783099722222222","5,129085652854937e-07","0,1097399999999999","1,1979441944444433e-07","8,548476088091563e-08","7,187665166666661e-07","0,02332","2,545658703703704e-08","5,660820303047833e-08","1,5273952222222223e-07","0,1929","2,1057356944444445e-07","1,0371827786394026e-07","1,2634414166666667e-06","0,1097399999999999","1,1979441944444433e-07","8,548476088091563e-08","7,187665166666661e-07"
"2024-09-12 17:22:39+02:00","rock-ms7a95","Intel(R) Core(TM) i9-7900X CPU @ 3.30GHz","0","kernel","13","1.0","1.0556","1,0556","36,292","34.4","0","reduction","openblas","fp32","0","13","5","1.0556","36.292","34.4","34.0","16640000000","15.76","kernel","kernel","0","Intel(R) Core(TM) i9-7900X CPU @ 3.30GHz","","","","0","0","","","49.0","0","OPENBLAS_NUM_THREADS=10; e2e_host_memcpy=1; e2e_bw=mixed","2.791692307692308","7,754700854700855e-07","0.08120000000000001","0","0","","","","","1,0081111111111111e-05","DE","0,1097399999999999","1,1063011333333323e-06","0,0783099722222222","7,894515310802468e-07","0,02332","2,3509151111111113e-07","0,0518570416666666","5,227765989351845e-07","0,1929","1,944646333333333e-06","0,0950131388888888","9,578380101543203e-07","0,1097399999999999","1,1063011333333323e-06","0,0783099722222222","7,894515310802468e-07","0,1097399999999999","8,51000871794871e-08","6,072704085232668e-08","1,1063011333333323e-06","0,02332","1,8083962393162396e-08","4,0213584533475735e-08","2,3509151111111113e-07","0,1929","1,4958817948717949e-07","7,367984693494771e-08","1,944646333333333e-06","0,1097399999999999","8,51000871794871e-08","6,072704085232668e-08","1,1063011333333323e-06"
"2024-09-12 17:22:39+02:00","rock-ms7a95","Intel(R) Core(TM) i9-7900X CPU @ 3.30GHz","0","e2e","5","1.0","1.0556","0,7252","24,647","34.0","0","reduction","openblas","fp32","0","13","5","1.0556","36.292","34.4","34.0","3200000000","4.41","e2e","e2e","0","Intel(R) Core(TM) i9-7900X CPU @ 3.30GHz","","","","0","0","","","49.0","0","OPENBLAS_NUM_THREADS=10; e2e_host_memcpy=1; e2e_bw=mixed","4.929399999999999","1,3692777777777775e-06","0.14504","0","0","0.0","","0.0","0.0","6,846388888888889e-06","DE","0,1097399999999999","7,513227166666659e-07","0,0783099722222222","5,361405237114197e-07","0,02332","1,5965778888888888e-07","0,0518570416666666","3,550334738773144e-07","0,1929","1,3206684166666665e-06","0,0950131388888888","6,504968983873451e-07","0,1097399999999999","7,513227166666659e-07","0,0783099722222222","5,361405237114197e-07","0,1097399999999999","1,5026454333333315e-07","1,0722810474228391e-07","7,513227166666658e-07","0,02332","3,193155777777777e-08","7,100669477546287e-08","1,5965778888888885e-07","0,1929","2,641336833333333e-07","1,30099379677469e-07","1,3206684166666665e-06","0,1097399999999999","1,5026454333333315e-07","1,0722810474228391e-07","7,513227166666658e-07"
"2024-09-12 17:22:49+02:00","rock-ms7a95","Intel(R) Core(TM) i9-7900X CPU @ 3.30GHz","0","kernel","11","1.0","1.0731","1,0731","37,801","35.2","0","reduction","openblas","fp32","0","11","5","1.0731","37.801","35.2","34.8","16896000000","15.74","kernel","kernel","0","Intel(R) Core(TM) i9-7900X CPU @ 3.30GHz","","","","0","0","","","49.0","0","OPENBLAS_NUM_THREADS=10; e2e_host_memcpy=1; e2e_bw=mixed","3.4364545454545454","9,54570707070707e-07","0.09755454545454545","0","0","","","","","1,0500277777777779e-05","DE","0,1097399999999999","1,1523004833333324e-06","0,0783099722222222","8,22276461103395e-07","0,02332","2,448664777777778e-07","0,0518570416666666","5,445133422337956e-07","0,1929","2,0255035833333336e-06","0,0950131388888888","9,97664350871913e-07","0,1097399999999999","1,1523004833333324e-06","0,0783099722222222","8,22276461103395e-07","0,1097399999999999","1,0475458939393928e-07","7,475240555485407e-08","1,1523004833333322e-06","0,02332","2,2260588888888886e-08","4,950121293034505e-08","2,4486647777777776e-07","0,1929","1,8413668939393937e-07","9,069675917017388e-08","2,025503583333333e-06","0,1097399999999999","1,0475458939393928e-07","7,475240555485407e-08","1,1523004833333322e-06"
"2024-09-12 17:22:49+02:00","rock-ms7a95","Intel(R) Core(TM) i9-7900X CPU @ 3.30GHz","0","e2e","5","1.0","1.0731","0,8703","30,308","34.8","0","reduction","openblas","fp32","0","11","5","1.0731","37.801","35.2","34.8","3840000000","4.41","e2e","e2e","0","Intel(R) Core(TM) i9-7900X CPU @ 3.30GHz","","","","0","0","","","49.0","0","OPENBLAS_NUM_THREADS=10; e2e_host_memcpy=1; e2e_bw=mixed","6.0616","1,683777777777778e-06","0.17406","0","0","0.0","","0.0","0.0","8,41888888888889e-06","DE","0,1097399999999999","9,238888666666659e-07","0,0783099722222222","6,592829550308641e-07","0,02332","1,963284888888889e-07","0,0518570416666666","4,3657867189814763e-07","0,1929","1,6240036666666666e-06","0,0950131388888888","7,999050592901229e-07","0,1097399999999999","9,238888666666659e-07","0,0783099722222222","6,592829550308641e-07","0,1097399999999999","1,8477777333333318e-07","1,3185659100617284e-07","9,238888666666659e-07","0,02332","3,926569777777779e-08","8,731573437962954e-08","1,9632848888888895e-07","0,1929","3,2480073333333336e-07","1,5998101185802457e-07","1,6240036666666668e-06","0,1097399999999999","1,8477777333333318e-07","1,3185659100617284e-07","9,238888666666659e-07"
"2024-09-12 17:22:59+02:00","rock-ms7a95","Intel(R) Core(TM) i9-7900X CPU @ 3.30GHz","0","kernel","9","1.0","1.1715","1,1715","39,353","33.6","0","reduction","openblas","fp32","0","9","3","1.1715","39.353","33.6","33.6","18432000000","15.73","kernel","kernel","0","Intel(R) Core(TM) i9-7900X CPU @ 3.30GHz","","","","0","0","","","49.0","0","OPENBLAS_NUM_THREADS=10; e2e_host_memcpy=1; e2e_bw=mixed","4.3725555555555555","1,2145987654320989e-06","0.13016666666666665","0","0","","","","","1,093138888888889e-05","DE","0,1097399999999999","1,1996106166666656e-06","0,0783099722222222","8,560367602391974e-07","0,02332","2,549199888888889e-07","0,0518570416666666","5,668694890856475e-07","0,1929","2,1086649166666666e-06","0,0950131388888888","1,038625570748456e-06","0,1097399999999999","1,1996106166666656e-06","0,0783099722222222","8,560367602391974e-07","0,1097399999999999","1,332900685185184e-07","9,511519558213305e-08","1,1996106166666656e-06","0,02332","2,8324443209876545e-08","6,298549878729417e-08","2,549199888888889e-07","0,1929","2,3429610185185187e-07","1,1540284119427289e-07","2,1086649166666666e-06","0,1097399999999999","1,332900685185184e-07","9,511519558213305e-08","1,1996106166666656e-06"
"2024-09-12 17:22:59+02:00","rock-ms7a95","Intel(R) Core(TM) i9-7900X CPU @ 3.30GHz","0","e2e","3","1.0","1.1715","0,6958","23,412","33.6","0","reduction","openblas","fp32","0","9","3","1.1715","39.353","33.6","33.6","3072000000","4.41","e2e","e2e","0","Intel(R) Core(TM) i9-7900X CPU @ 3.30GHz","","","","0","0","","","49.0","0","OPENBLAS_NUM_THREADS=10; e2e_host_memcpy=1; e2e_bw=mixed","7.803999999999999","2,1677777777777774e-06","0.23193333333333332","0","0","0.0","","0.0","0.0","6,5033333333333335e-06","DE","0,1097399999999999","7,136757999999993e-07","0,0783099722222222","5,092758526851851e-07","0,02332","1,5165773333333333e-07","0,0518570416666666","3,3724362763888847e-07","0,1929","1,254493e-06","0,0950131388888888","6,179021132407402e-07","0,1097399999999999","7,136757999999993e-07","0,0783099722222222","5,092758526851851e-07","0,1097399999999999","2,3789193333333305e-07","1,6975861756172831e-07","7,136757999999992e-07","0,02332","5,055257777777777e-08","1,1241454254629613e-07","1,516577333333333e-07","0,1929","4,181643333333332e-07","2,059673710802467e-07","1,2544929999999996e-06","0,1097399999999999","2,3789193333333305e-07","1,6975861756172831e-07","7,136757999999992e-07"
"2024-09-12 17:23:09+02:00","rock-ms7a95","Intel(R) Core(TM) i9-7900X CPU @ 3.30GHz","0","kernel","6","1.0","1.1727","1,1727","39,575","33.7","0","reduction","openblas","fp32","0","6","2","1.1727","39.575","33.7","33.7","18432000000","15.72","kernel","kernel","0","Intel(R) Core(TM) i9-7900X CPU @ 3.30GHz","","","","0","0","","","49.0","0","OPENBLAS_NUM_THREADS=10; e2e_host_memcpy=1; e2e_bw=mixed","6.595833333333334","1,832175925925926e-06","0.19545","0","0","","","","","1,0993055555555556e-05","DE","0,1097399999999999","1,2063779166666655e-06","0,0783099722222222","8,60865875192901e-07","0,02332","2,5635805555555556e-07","0,0518570416666666","5,700673399884252e-07","0,1929","2,1205604166666667e-06","0,0950131388888888","1,0444847143132706e-06","0,1097399999999999","1,2063779166666655e-06","0,0783099722222222","8,60865875192901e-07","0,1097399999999999","2,0106298611111093e-07","1,4347764586548351e-07","1,2063779166666657e-06","0,02332","4,27263425925926e-08","9,501122333140421e-08","2,563580555555556e-07","0,1929","3,534267361111111e-07","1,7408078571887847e-07","2,1205604166666667e-06","0,1097399999999999","2,0106298611111093e-07","1,4347764586548351e-07","1,2063779166666657e-06"
"2024-09-12 17:23:09+02:00","rock-ms7a95","Intel(R) Core(TM) i9-7900X CPU @ 3.30GHz","0","e2e","2","1.0","1.1727","0,6957","23,44","33.7","0","reduction","openblas","fp32","0","6","2","1.1727","39.575","33.7","33.7","3072000000","4.42","e2e","e2e","0","Intel(R) Core(TM) i9-7900X CPU @ 3.30GHz","","","","0","0","","","49.0","0","OPENBLAS_NUM_THREADS=10; e2e_host_memcpy=1; e2e_bw=mixed","11.72","3,255555555555556e-06","0.34785","0","0","0.0","","0.0","0.0","6,511111111111112e-06","DE","0,1097399999999999","7,145293333333327e-07","0,0783099722222222","5,098849302469135e-07","0,02332","1,5183911111111113e-07","0,0518570416666666","3,376469601851848e-07","0,1929","1,2559933333333333e-06","0,0950131388888888","6,186411043209872e-07","0,1097399999999999","7,145293333333327e-07","0,0783099722222222","5,098849302469135e-07","0,1097399999999999","3,5726466666666633e-07","2,5494246512345677e-07","7,145293333333327e-07","0,02332","7,591955555555556e-08","1,688234800925924e-07","1,5183911111111113e-07","0,1929","6,279966666666666e-07","3,093205521604936e-07","1,2559933333333333e-06","0,1097399999999999","3,5726466666666633e-07","2,5494246512345677e-07","7,145293333333327e-07"
"2024-09-12 17:23:37+02:00","rock-ms7a95","Intel(R) Core(TM) i9-7900X CPU @ 3.30GHz","0","kernel","2454","1.0","0.7403","0,7403","25,614","34.6","1","reduction","openblas","fp32","0","2454","110","0.7403","25.614","34.6","34.8","19632000000","26.52","kernel","kernel","0","Intel(R) Core(TM) i9-7900X CPU @ 3.30GHz","","","","0","0","","","48.0","0","OPENBLAS_NUM_THREADS=10; e2e_host_memcpy=1; e2e_bw=mixed","0.010437652811735941","2,8993480032599834e-09","0.0003016707416462918","0","0","","","","","7,1150000000000005e-06","DE","0,1097399999999999","7,808000999999993e-07","0,0783099722222222","5,57175452361111e-07","0,02332","1,659218e-07","0,0518570416666666","3,689628514583329e-07","0,1929","1,3724835e-06","0,0950131388888888","6,760184831944439e-07","0,1097399999999999","7,808000999999993e-07","0,0783099722222222","5,57175452361111e-07","0,1097399999999999","3,181744498777503e-10","2,2704786159784472e-10","7,808000999999992e-07","0,02332","6,761279543602282e-11","1,5035161021121958e-10","1,6592179999999998e-07","0,1929","5,592842298288507e-10","2,7547615452096327e-10","1,3724834999999996e-06","0,1097399999999999","3,181744498777503e-10","2,2704786159784472e-10","7,808000999999992e-07"
"2024-09-12 17:23:37+02:00","rock-ms7a95","Intel(R) Core(TM) i9-7900X CPU @ 3.30GHz","0","e2e","110","1.0","0.7403","0,0673","2,34","34.8","1","reduction","openblas","fp32","0","2454","110","0.7403","25.614","34.6","34.8","440000000","6.54","e2e","e2e","0","Intel(R) Core(TM) i9-7900X CPU @ 3.30GHz","","","","0","0","","","48.0","0","OPENBLAS_NUM_THREADS=10; e2e_host_memcpy=1; e2e_bw=mixed","0.021272727272727273","5,909090909090909e-09","0.0006118181818181818","0","0","0.0","","0.0","0.0","6,499999999999999e-07","DE","0,1097399999999999","7,133099999999993e-08","0,0783099722222222","5,090148194444443e-08","0,02332","1,5158e-08","0,0518570416666666","3,3707077083333285e-08","0,1929","1,2538499999999998e-07","0,0950131388888888","6,175854027777772e-08","0,1097399999999999","7,133099999999993e-08","0,0783099722222222","5,090148194444443e-08","0,1097399999999999","6,484636363636357e-10","4,627407449494948e-10","7,133099999999993e-08","0,02332","1,378e-10","3,0642797348484807e-10","1,5158e-08","0,1929","1,1398636363636362e-09","5,614412752525248e-10","1,2538499999999998e-07","0,1097399999999999","6,484636363636357e-10","4,627407449494948e-10","7,133099999999993e-08"
"2024-09-12 17:23:39+02:00","rock-ms7a95","Intel(R) Core(TM) i9-7900X CPU @ 3.30GHz","0","kernel","637","1.0","0.2968","0,2968","10,284","34.6","1","reduction","openblas","fp32","0","637","182","0.2968","10.284","34.6","34.7","7644000000","25.75","kernel","kernel","0","Intel(R) Core(TM) i9-7900X CPU @ 3.30GHz","","","","0","0","","","50.0","0","OPENBLAS_NUM_THREADS=10; e2e_host_memcpy=1; e2e_bw=mixed","0.016144427001569858","4,484563055991627e-09","0.0004659340659340659","0","0","","","","","2,8566666666666667e-06","DE","0,1097399999999999","3,134905999999997e-07","0,0783099722222222","2,2370548731481477e-07","0,02332","6,661746666666667e-08","0,0518570416666666","1,4813828236111094e-07","0,1929","5,510509999999999e-07","0,0950131388888888","2,7142086675925905e-07","0,1097399999999999","3,134905999999997e-07","0,0783099722222222","2,2370548731481477e-07","0,1097399999999999","4,921359497645207e-10","3,5118600834350823e-10","3,1349059999999967e-07","0,02332","1,0458001046572474e-10","2,3255617325135152e-10","6,661746666666665e-08","0,1929","8,650722135007848e-10","4,260924124949121e-10","5,510509999999999e-07","0,1097399999999999","4,921359497645207e-10","3,5118600834350823e-10","3,1349059999999967e-07"
"2024-09-12 17:23:39+02:00","rock-ms7a95","Intel(R) Core(TM) i9-7900X CPU @ 3.30GHz","0","e2e","182","1.0","0.2968","0,182","6,318","34.7","1","reduction","openblas","fp32","0","637","182","0.2968","10.284","34.6","34.7","1092000000","6.0","e2e","e2e","0","Intel(R) Core(TM) i9-7900X CPU @ 3.30GHz","","","","0","0","","","50.0","0","OPENBLAS_NUM_THREADS=10; e2e_host_memcpy=1; e2e_bw=mixed","0.03471428571428571","9,642857142857142e-09","0.001","0","0","0.0","","0.0","0.0","1,755e-06","DE","0,1097399999999999","1,925936999999998e-07","0,0783099722222222","1,3743400124999996e-07","0,02332","4,09266e-08","0,0518570416666666","9,100910812499988e-08","0,1929","3,3853949999999995e-07","0,0950131388888888","1,6674805874999985e-07","0,1097399999999999","1,925936999999998e-07","0,0783099722222222","1,3743400124999996e-07","0,1097399999999999","1,0582071428571417e-09","7,551318749999998e-10","1,925936999999998e-07","0,02332","2,2487142857142856e-10","5,000500446428565e-10","4,09266e-08","0,1929","1,8601071428571426e-09","9,161981249999992e-10","3,3853949999999995e-07","0,1097399999999999","1,0582071428571417e-09","7,551318749999998e-10","1,925936999999998e-07"
"2024-09-12 17:23:43+02:00","rock-ms7a95","Intel(R) Core(TM) i9-7900X CPU @ 3.30GHz","0","kernel","1009","1.0","0.6496","0,6496","22,609","34.8","1","reduction","openblas","fp32","0","1009","166","0.6496","22.609","34.8","34.5","16144000000","24.85","kernel","kernel","0","Intel(R) Core(TM) i9-7900X CPU @ 3.30GHz","","","","0","0","","","49.0","0","OPENBLAS_NUM_THREADS=10; e2e_host_memcpy=1; e2e_bw=mixed","0.02240733399405352","6,2242594427926455e-09","0.0006438057482656094","0","0","","","","","6,280277777777779e-06","DE","0,1097399999999999","6,891976833333327e-07","0,0783099722222222","4,918083783256173e-07","0,02332","1,464560777777778e-07","0,0518570416666666","3,256766264004626e-07","0,1929","1,2114655833333335e-06","0,0950131388888888","5,967089047608021e-07","0,1097399999999999","6,891976833333327e-07","0,0783099722222222","4,918083783256173e-07","0,1097399999999999","6,830502312520642e-10","4,874215840689963e-10","6,891976833333328e-07","0,02332","1,451497302059245e-10","3,2277168126904126e-10","1,464560777777778e-07","0,1929","1,2006596465147013e-09","5,913864269185353e-10","1,2114655833333337e-06","0,1097399999999999","6,830502312520642e-10","4,874215840689963e-10","6,891976833333328e-07"
"2024-09-12 17:23:43+02:00","rock-ms7a95","Intel(R) Core(TM) i9-7900X CPU @ 3.30GHz","0","e2e","166","1.0","0.6496","0,258","8,896","34.5","1","reduction","openblas","fp32","0","1009","166","0.6496","22.609","34.8","34.5","1328000000","5.15","e2e","e2e","0","Intel(R) Core(TM) i9-7900X CPU @ 3.30GHz","","","","0","0","","","49.0","0","OPENBLAS_NUM_THREADS=10; e2e_host_memcpy=1; e2e_bw=mixed","0.053590361445783136","1,4886211512717538e-08","0.0015542168674698795","0","0","0.0","","0.0","0.0","2,4711111111111114e-06","DE","0,1097399999999999","2,711797333333331e-07","0,0783099722222222","1,9351264246913578e-07","0,02332","5,762631111111112e-08","0,0518570416666666","1,281445118518517e-07","0,1929","4,7667733333333337e-07","0,0950131388888888","2,3478802320987637e-07","0,1097399999999999","2,711797333333331e-07","0,0783099722222222","1,9351264246913578e-07","0,1097399999999999","1,633612851405621e-09","1,1657388100550348e-09","2,711797333333331e-07","0,02332","3,47146452476573e-10","7,719548906738055e-10","5,762631111111112e-08","0,1929","2,8715502008032128e-09","1,414385681987207e-09","4,766773333333333e-07","0,1097399999999999","1,633612851405621e-09","1,1657388100550348e-09","2,711797333333331e-07"
"2024-09-12 17:23:49+02:00","rock-ms7a95","Intel(R) Core(TM) i9-7900X CPU @ 3.30GHz","0","kernel","622","1.0","0.6881","0,6881","24,366","35.4","1","reduction","openblas","fp32","0","622","184","0.6881","24.366","35.4","35.1","14928000000","21.69","kernel","kernel","0","Intel(R) Core(TM) i9-7900X CPU @ 3.30GHz","","","","0","0","","","49.0","0","OPENBLAS_NUM_THREADS=10; e2e_host_memcpy=1; e2e_bw=mixed","0.03917363344051447","1,0881564844587352e-08","0.0011062700964630226","0","0","","","","","6,7683333333333335e-06","DE","0,1097399999999999","7,427568999999993e-07","0,0783099722222222","5,30027995324074e-07","0,02332","1,5783753333333334e-07","0,0518570416666666","3,5098574368055514e-07","0,1929","1,3056115e-06","0,0950131388888888","6,430805950462958e-07","0,1097399999999999","7,427568999999993e-07","0,0783099722222222","5,30027995324074e-07","0,1097399999999999","1,194142926045015e-09","8,521350407139452e-10","7,427568999999993e-07","0,02332","2,5375809217577704e-10","5,642857615443009e-10","1,578375333333333e-07","0,1929","2,0990538585209e-09","1,033891631907228e-09","1,3056114999999998e-06","0,1097399999999999","1,194142926045015e-09","8,521350407139452e-10","7,427568999999993e-07"
"2024-09-12 17:23:49+02:00","rock-ms7a95","Intel(R) Core(TM) i9-7900X CPU @ 3.30GHz","0","e2e","184","1.0","0.6881","0,4512","15,854","35.1","1","reduction","openblas","fp32","0","622","184","0.6881","24.366","35.4","35.1","2208000000","4.89","e2e","e2e","0","Intel(R) Core(TM) i9-7900X CPU @ 3.30GHz","","","","0","0","","","49.0","0","OPENBLAS_NUM_THREADS=10; e2e_host_memcpy=1; e2e_bw=mixed","0.08616304347826087","2,3934178743961358e-08","0.0024521739130434783","0","0","0.0","","0.0","0.0","4,403888888888889e-06","DE","0,1097399999999999","4,832827666666662e-07","0,0783099722222222","3,448684165586419e-07","0,02332","1,0269868888888889e-07","0,0518570416666666","2,283726496064812e-07","0,1929","8,495101666666666e-07","0,0950131388888888","4,1842730665123423e-07","0,1097399999999999","4,832827666666662e-07","0,0783099722222222","3,448684165586419e-07","0,1097399999999999","2,626536775362317e-09","1,874284872601315e-09","4,832827666666663e-07","0,02332","5,581450483091789e-10","1,2411557043830503e-09","1,0269868888888891e-07","0,1929","4,616903079710145e-09","2,274061449191491e-09","8,495101666666667e-07","0,1097399999999999","2,626536775362317e-09","1,874284872601315e-09","4,832827666666663e-07"
"2024-09-12 17:23:56+02:00","rock-ms7a95","Intel(R) Core(TM) i9-7900X CPU @ 3.30GHz","0","kernel","514","1.0","0.8262","0,8262","29,138","35.3","1","reduction","openblas","fp32","0","514","189","0.8262","29.138","35.3","35.3","16448000000","19.91","kernel","kernel","0","Intel(R) Core(TM) i9-7900X CPU @ 3.30GHz","","","","0","0","","","49.0","0","OPENBLAS_NUM_THREADS=10; e2e_host_memcpy=1; e2e_bw=mixed","0.0566887159533074","1,5746865542585393e-08","0.0016073929961089495","0","0","","","","","8,09388888888889e-06","DE","0,1097399999999999","8,882233666666659e-07","0,0783099722222222","6,338322140586419e-07","0,02332","1,887494888888889e-07","0,0518570416666666","4,19725133356481e-07","0,1929","1,5613111666666669e-06","0,0950131388888888","7,69025789151234e-07","0,1097399999999999","8,882233666666659e-07","0,0783099722222222","6,338322140586419e-07","0,1097399999999999","1,7280610246433194e-09","1,23313660322693e-09","8,882233666666662e-07","0,02332","3,6721690445309136e-10","8,165858625612473e-10","1,8874948888888896e-07","0,1929","3,037570363164722e-09","1,4961591228623232e-09","1,5613111666666673e-06","0,1097399999999999","1,7280610246433194e-09","1,23313660322693e-09","8,882233666666662e-07"
"2024-09-12 17:23:56+02:00","rock-ms7a95","Intel(R) Core(TM) i9-7900X CPU @ 3.30GHz","0","e2e","189","1.0","0.8262","0,6335","22,358","35.3","1","reduction","openblas","fp32","0","514","189","0.8262","29.138","35.3","35.3","3024000000","4.77","e2e","e2e","0","Intel(R) Core(TM) i9-7900X CPU @ 3.30GHz","","","","0","0","","","49.0","0","OPENBLAS_NUM_THREADS=10; e2e_host_memcpy=1; e2e_bw=mixed","0.1182962962962963","3,286008230452675e-08","0.0033518518518518515","0","0","0.0","","0.0","0.0","6,2105555555555555e-06","DE","0,1097399999999999","6,81546366666666e-07","0,0783099722222222","4,863484330401234e-07","0,02332","1,4483015555555556e-07","0,0518570416666666","3,220610382175922e-07","0,1929","1,1980161666666666e-06","0,0950131388888888","5,900843775771599e-07","0,1097399999999999","6,81546366666666e-07","0,0783099722222222","4,863484330401234e-07","0,1097399999999999","3,606065432098762e-09","2,5732721324874255e-09","6,815463666666661e-07","0,02332","7,662971193415638e-10","1,7040266572359377e-09","1,4483015555555556e-07","0,1929","6,33870987654321e-09","3,1221395639003177e-09","1,1980161666666666e-06","0,1097399999999999","3,606065432098762e-09","2,5732721324874255e-09","6,815463666666661e-07"
"2024-09-12 17:24:04+02:00","rock-ms7a95","Intel(R) Core(TM) i9-7900X CPU @ 3.30GHz","0","kernel","368","1.0","0.964","0,964","33,933","35.2","1","reduction","openblas","fp32","0","368","110","0.964","33.933","35.2","35.4","17664000000","18.32","kernel","kernel","0","Intel(R) Core(TM) i9-7900X CPU @ 3.30GHz","","","","0","0","","","49.0","0","OPENBLAS_NUM_THREADS=10; e2e_host_memcpy=1; e2e_bw=mixed","0.09220923913043479","2,561367753623189e-08","0.002619565217391304","0","0","","","","","9,425833333333334e-06","DE","0,1097399999999999","1,0343909499999991e-06","0,0783099722222222","7,381367465046295e-07","0,02332","2,1981043333333334e-07","0,0518570416666666","4,887958319097216e-07","0,1929","1,81824325e-06","0,0950131388888888","8,955780116435178e-07","0,1097399999999999","1,0343909499999991e-06","0,0783099722222222","7,381367465046295e-07","0,1097399999999999","2,8108449728260847e-09","2,0058063763712762e-09","1,0343909499999991e-06","0,02332","5,973109601449276e-10","1,3282495432329395e-09","2,1981043333333337e-07","0,1929","4,940878396739131e-09","2,433635901205212e-09","1,8182432500000002e-06","0,1097399999999999","2,8108449728260847e-09","2,0058063763712762e-09","1,0343909499999991e-06"
"2024-09-12 17:24:04+02:00","rock-ms7a95","Intel(R) Core(TM) i9-7900X CPU @ 3.30GHz","0","e2e","110","1.0","0.964","0,5659","20,012","35.4","1","reduction","openblas","fp32","0","368","110","0.964","33.933","35.2","35.4","2640000000","4.66","e2e","e2e","0","Intel(R) Core(TM) i9-7900X CPU @ 3.30GHz","","","","0","0","","","49.0","0","OPENBLAS_NUM_THREADS=10; e2e_host_memcpy=1; e2e_bw=mixed","0.18192727272727274","5,053535353535354e-08","0.005144545454545455","0","0","0.0","","0.0","0.0","5,558888888888889e-06","DE","0,1097399999999999","6,100324666666661e-07","0,0783099722222222","4,3531643447530856e-07","0,02332","1,296332888888889e-07","0,0518570416666666","2,882675327314811e-07","0,1929","1,0723096666666666e-06","0,0950131388888888","5,281674820679008e-07","0,1097399999999999","6,100324666666661e-07","0,0783099722222222","4,3531643447530856e-07","0,1097399999999999","5,545749696969693e-09","3,957422131593714e-09","6,100324666666662e-07","0,02332","1,1784844444444445e-09","2,620613933922556e-09","1,296332888888889e-07","0,1929","9,748269696969697e-09","4,801522564253644e-09","1,0723096666666666e-06","0,1097399999999999","5,545749696969693e-09","3,957422131593714e-09","6,100324666666662e-07"
"2024-09-12 17:24:12+02:00","rock-ms7a95","Intel(R) Core(TM) i9-7900X CPU @ 3.30GHz","0","kernel","282","1.0","1.0254","1,0254","36,173","35.3","0","reduction","openblas","fp32","0","282","93","1.0254","36.173","35.3","35.4","18048000000","17.6","kernel","kernel","0","Intel(R) Core(TM) i9-7900X CPU @ 3.30GHz","","","","0","0","","","49.0","0","OPENBLAS_NUM_THREADS=10; e2e_host_memcpy=1; e2e_bw=mixed","0.12827304964539007","3,563140267927502e-08","0.003636170212765958","0","0","","","","","1,0048055555555556e-05","DE","0,1097399999999999","1,1026736166666656e-06","0,0783099722222222","7,86862951442901e-07","0,02332","2,3432065555555556e-07","0,0518570416666666","5,210624356134253e-07","0,1929","1,9382699166666665e-06","0,0950131388888888","9,546972980632707e-07","0,1097399999999999","1,1026736166666656e-06","0,0783099722222222","7,86862951442901e-07","0,1097399999999999","3,910190130023637e-09","2,790294154052841e-09","1,1026736166666656e-06","0,02332","8,309243104806935e-10","1,8477391333809408e-09","2,3432065555555556e-07","0,1929","6,873297576832151e-09","3,3854514115718822e-09","1,9382699166666665e-06","0,1097399999999999","3,910190130023637e-09","2,790294154052841e-09","1,1026736166666656e-06"
"2024-09-12 17:24:12+02:00","rock-ms7a95","Intel(R) Core(TM) i9-7900X CPU @ 3.30GHz","0","e2e","93","1.0","1.0254","0,6476","22,911","35.4","0","reduction","openblas","fp32","0","282","93","1.0254","36.173","35.3","35.4","2976000000","4.6","e2e","e2e","0","Intel(R) Core(TM) i9-7900X CPU @ 3.30GHz","","","","0","0","","","49.0","0","OPENBLAS_NUM_THREADS=10; e2e_host_memcpy=1; e2e_bw=mixed","0.24635483870967742","6,843189964157706e-08","0.006963440860215053","0","0","0.0","","0.0","0.0","6,3641666666666674e-06","DE","0,1097399999999999","6,984036499999994e-07","0,0783099722222222","4,983777148842592e-07","0,02332","1,4841236666666667e-07","0,0518570416666666","3,3002685600694406e-07","0,1929","1,2276477500000001e-06","0,0950131388888888","6,046794514120365e-07","0,1097399999999999","6,984036499999994e-07","0,0783099722222222","4,983777148842592e-07","0,1097399999999999","7,50971666666666e-09","5,358900160045797e-09","6,984036499999993e-07","0,02332","1,5958318996415771e-09","3,548675871042409e-09","1,4841236666666667e-07","0,1929","1,3200513440860215e-08","6,501929585075662e-09","1,22764775e-06","0,1097399999999999","7,50971666666666e-09","5,358900160045797e-09","6,984036499999993e-07"
"2024-09-12 17:24:21+02:00","rock-ms7a95","Intel(R) Core(TM) i9-7900X CPU @ 3.30GHz","0","kernel","182","1.0","1.0337","1,0337","36,568","35.4","0","reduction","openblas","fp32","0","182","55","1.0337","36.568","35.4","35.3","17472000000","16.9","kernel","kernel","0","Intel(R) Core(TM) i9-7900X CPU @ 3.30GHz","","","","0","0","","","49.0","0","OPENBLAS_NUM_THREADS=10; e2e_host_memcpy=1; e2e_bw=mixed","0.2009230769230769","5,581196581196581e-08","0.00567967032967033","0","0","","","","","1,0157777777777777e-05","DE","0,1097399999999999","1,1147145333333322e-06","0,0783099722222222","7,954552956172837e-07","0,02332","2,3687937777777776e-07","0,0518570416666666","5,267523054629622e-07","0,1929","1,959435333333333e-06","0,0950131388888888","9,651223508024683e-07","0,1097399999999999","1,1147145333333322e-06","0,0783099722222222","7,954552956172837e-07","0,1097399999999999","6,124805128205122e-09","4,3706334924026584e-09","1,1147145333333322e-06","0,02332","1,3015350427350428e-09","2,894243436609683e-09","2,368793777777778e-07","0,1929","1,0766128205128205e-08","5,302870059354221e-09","1,9594353333333333e-06","0,1097399999999999","6,124805128205122e-09","4,3706334924026584e-09","1,1147145333333322e-06"
"2024-09-12 17:24:21+02:00","rock-ms7a95","Intel(R) Core(TM) i9-7900X CPU @ 3.30GHz","0","e2e","55","1.0","1.0337","0,5841","20,61","35.3","0","reduction","openblas","fp32","0","182","55","1.0337","36.568","35.4","35.3","2640000000","4.52","e2e","e2e","0","Intel(R) Core(TM) i9-7900X CPU @ 3.30GHz","","","","0","0","","","49.0","0","OPENBLAS_NUM_THREADS=10; e2e_host_memcpy=1; e2e_bw=mixed","0.37472727272727274","1,040909090909091e-07","0.01062","0","0","0.0","","0.0","0.0","5,725e-06","DE","0,1097399999999999","6,282614999999994e-07","0,0783099722222222","4,4832459097222215e-07","0,02332","1,33507e-07","0,0518570416666666","2,968815635416663e-07","0,1929","1,1043525e-06","0,0950131388888888","5,439502201388885e-07","0,1097399999999999","6,282614999999994e-07","0,0783099722222222","4,4832459097222215e-07","0,1097399999999999","1,1422936363636353e-08","8,151356199494947e-09","6,282614999999994e-07","0,02332","2,4274e-09","5,397846609848478e-09","1,33507e-07","0,1929","2,0079136363636364e-08","9,890004002525244e-09","1,1043525e-06","0,1097399999999999","1,1422936363636353e-08","8,151356199494947e-09","6,282614999999994e-07"
"2024-09-12 17:24:29+02:00","rock-ms7a95","Intel(R) Core(TM) i9-7900X CPU @ 3.30GHz","0","kernel","135","1.0","1.0428","1,0428","36,834","35.3","0","reduction","openblas","fp32","0","135","46","1.0428","36.834","35.3","35.3","17280000000","16.57","kernel","kernel","0","Intel(R) Core(TM) i9-7900X CPU @ 3.30GHz","","","","0","0","","","49.0","0","OPENBLAS_NUM_THREADS=10; e2e_host_memcpy=1; e2e_bw=mixed","0.27284444444444444","7,579012345679014e-08","0.007724444444444444","0","0","","","","","1,0231666666666667e-05","DE","0,1097399999999999","1,122823099999999e-06","0,0783099722222222","8,012415324537036e-07","0,02332","2,386024666666667e-07","0,0518570416666666","5,305839646527772e-07","0,1929","1,9736885e-06","0,0950131388888888","9,72142766064814e-07","0,1097399999999999","1,122823099999999e-06","0,0783099722222222","8,012415324537036e-07","0,1097399999999999","8,317208148148141e-09","5,9351224626200275e-09","1,1228230999999992e-06","0,02332","1,767425679012346e-09","3,930251590020572e-09","2,3860246666666674e-07","0,1929","1,4619914814814817e-08","7,201057526406031e-09","1,9736885000000005e-06","0,1097399999999999","8,317208148148141e-09","5,9351224626200275e-09","1,1228230999999992e-06"
"2024-09-12 17:24:29+02:00","rock-ms7a95","Intel(R) Core(TM) i9-7900X CPU @ 3.30GHz","0","e2e","46","1.0","1.0428","0,6572","23,227","35.3","0","reduction","openblas","fp32","0","135","46","1.0428","36.834","35.3","35.3","2944000000","4.48","e2e","e2e","0","Intel(R) Core(TM) i9-7900X CPU @ 3.30GHz","","","","0","0","","","49.0","0","OPENBLAS_NUM_THREADS=10; e2e_host_memcpy=1; e2e_bw=mixed","0.5049347826086956","1,402596618357488e-07","0.014286956521739131","0","0","0.0","","0.0","0.0","6,451944444444445e-06","DE","0,1097399999999999","7,080363833333327e-07","0,0783099722222222","5,052515902237654e-07","0,02332","1,5045934444444445e-07","0,0518570416666666","3,345787518865737e-07","0,1929","1,2445800833333333e-06","0,0950131388888888","6,130194936033946e-07","0,1097399999999999","7,080363833333327e-07","0,0783099722222222","5,052515902237654e-07","0,1097399999999999","1,539209528985506e-08","1,0983730222255768e-08","7,080363833333327e-07","0,02332","3,270855314009662e-09","7,273451127968993e-09","1,5045934444444445e-07","0,1929","2,7056088768115942e-08","1,3326510730508577e-08","1,2445800833333333e-06","0,1097399999999999","1,539209528985506e-08","1,0983730222255768e-08","7,080363833333327e-07"
"2024-09-12 17:24:37+02:00","rock-ms7a95","Intel(R) Core(TM) i9-7900X CPU @ 3.30GHz","0","kernel","89","1.0","1.0525","1,0525","37,162","35.3","0","reduction","openblas","fp32","0","89","27","1.0525","37.162","35.3","35.4","17088000000","16.24","kernel","kernel","0","Intel(R) Core(TM) i9-7900X CPU @ 3.30GHz","","","","0","0","","","49.0","0","OPENBLAS_NUM_THREADS=10; e2e_host_memcpy=1; e2e_bw=mixed","0.4175505617977528","1,1598626716604245e-07","0.011825842696629214","0","0","","","","","1,0322777777777778e-05","DE","0,1097399999999999","1,1328216333333322e-06","0,0783099722222222","8,083764410339504e-07","0,02332","2,407271777777778e-07","0,0518570416666666","5,353087173379623e-07","0,1929","1,991263833333333e-06","0,0950131388888888","9,80799518719135e-07","0,1097399999999999","1,1328216333333322e-06","0,0783099722222222","8,083764410339504e-07","0,1097399999999999","1,2728332958801486e-08","9,082881359932027e-09","1,1328216333333322e-06","0,02332","2,70479975031211e-09","6,014704689190588e-09","2,407271777777778e-07","0,1929","2,2373750936329588e-08","1,1020219311450955e-08","1,991263833333333e-06","0,1097399999999999","1,2728332958801486e-08","9,082881359932027e-09","1,1328216333333322e-06"
"2024-09-12 17:24:37+02:00","rock-ms7a95","Intel(R) Core(TM) i9-7900X CPU @ 3.30GHz","0","e2e","27","1.0","1.0525","0,5836","20,652","35.4","0","reduction","openblas","fp32","0","89","27","1.0525","37.162","35.3","35.4","2592000000","4.44","e2e","e2e","0","Intel(R) Core(TM) i9-7900X CPU @ 3.30GHz","","","","0","0","","","49.0","0","OPENBLAS_NUM_THREADS=10; e2e_host_memcpy=1; e2e_bw=mixed","0.764888888888889","2,1246913580246918e-07","0.021614814814814816","0","0","0.0","","0.0","0.0","5,736666666666667e-06","DE","0,1097399999999999","6,295417999999994e-07","0,0783099722222222","4,4923820731481475e-07","0,02332","1,3377906666666668e-07","0,0518570416666666","2,9748656236111076e-07","0,1929","1,106603e-06","0,0950131388888888","5,450587067592588e-07","0,1097399999999999","6,295417999999994e-07","0,0783099722222222","4,4923820731481475e-07","0,1097399999999999","2,3316362962962943e-08","1,663845212277092e-08","6,295417999999994e-07","0,02332","4,954780246913581e-09","1,101802082818929e-08","1,337790666666667e-07","0,1929","4,09852962962963e-08","2,0187359509602182e-08","1,1066030000000002e-06","0,1097399999999999","2,3316362962962943e-08","1,663845212277092e-08","6,295417999999994e-07"
"2024-09-12 17:24:46+02:00","rock-ms7a95","Intel(R) Core(TM) i9-7900X CPU @ 3.30GHz","0","kernel","66","1.0","1.0485","1,0485","36,961","35.2","0","reduction","openblas","fp32","0","66","23","1.0485","36.961","35.2","35.3","16896000000","16.11","kernel","kernel","0","Intel(R) Core(TM) i9-7900X CPU @ 3.30GHz","","","","0","0","","","49.0","0","OPENBLAS_NUM_THREADS=10; e2e_host_memcpy=1; e2e_bw=mixed","0.5600151515151515","1,555597643097643e-07","0.015886363636363636","0","0","","","","","1,0266944444444444e-05","DE","0,1097399999999999","1,1266944833333322e-06","0,0783099722222222","8,04004134251543e-07","0,02332","2,394251444444444e-07","0,0518570416666666","5,324133658449068e-07","0,1929","1,980493583333333e-06","0,0950131388888888","9,754946184645052e-07","0,1097399999999999","1,1266944833333322e-06","0,0783099722222222","8,04004134251543e-07","0,1097399999999999","1,7071128535353518e-08","1,2181880821993076e-08","1,1266944833333322e-06","0,02332","3,6276537037037036e-09","8,066869179468284e-09","2,394251444444444e-07","0,1929","3,0007478535353535e-08","1,4780221491886444e-08","1,9804935833333333e-06","0,1097399999999999","1,7071128535353518e-08","1,2181880821993076e-08","1,1266944833333322e-06"
"2024-09-12 17:24:46+02:00","rock-ms7a95","Intel(R) Core(TM) i9-7900X CPU @ 3.30GHz","0","e2e","23","1.0","1.0485","0,6602","23,273","35.3","0","reduction","openblas","fp32","0","66","23","1.0485","36.961","35.2","35.3","2944000000","4.46","e2e","e2e","0","Intel(R) Core(TM) i9-7900X CPU @ 3.30GHz","","","","0","0","","","49.0","0","OPENBLAS_NUM_THREADS=10; e2e_host_memcpy=1; e2e_bw=mixed","1.0118695652173912","2,810748792270532e-07","0.028704347826086957","0","0","0.0","","0.0","0.0","6,464722222222222e-06","DE","0,1097399999999999","7,09438616666666e-07","0,0783099722222222","5,062522176466049e-07","0,02332","1,5075732222222223e-07","0,0518570416666666","3,3524136964120327e-07","0,1929","1,2470449166666666e-06","0,0950131388888888","6,142335503780859e-07","0,1097399999999999","7,09438616666666e-07","0,0783099722222222","5,062522176466049e-07","0,1097399999999999","3,084515724637679e-08","2,2010965984634998e-08","7,094386166666661e-07","0,02332","6,554666183574881e-09","1,457571172353058e-08","1,5075732222222225e-07","0,1929","5,421934420289856e-08","2,670580653817765e-08","1,2470449166666668e-06","0,1097399999999999","3,084515724637679e-08","2,2010965984634998e-08","7,094386166666661e-07"
"2024-09-12 17:24:55+02:00","rock-ms7a95","Intel(R) Core(TM) i9-7900X CPU @ 3.30GHz","0","kernel","45","1.0","1.0834","1,0834","38,28","35.3","0","reduction","openblas","fp32","0","45","14","1.0834","38.28","35.3","35.4","17280000000","15.95","kernel","kernel","0","Intel(R) Core(TM) i9-7900X CPU @ 3.30GHz","","","","0","0","","","49.0","0","OPENBLAS_NUM_THREADS=10; e2e_host_memcpy=1; e2e_bw=mixed","0.8506666666666667","2,362962962962963e-07","0.024075555555555555","0","0","","","","","1,0633333333333334e-05","DE","0,1097399999999999","1,166901999999999e-06","0,0783099722222222","8,326960379629628e-07","0,02332","2,4796933333333333e-07","0,0518570416666666","5,514132097222216e-07","0,1929","2,05117e-06","0,0950131388888888","1,010306376851851e-06","0,1097399999999999","1,166901999999999e-06","0,0783099722222222","8,326960379629628e-07","0,1097399999999999","2,5931155555555532e-08","1,850435639917695e-08","1,166901999999999e-06","0,02332","5,51042962962963e-09","1,2253626882716035e-08","2,4796933333333333e-07","0,1929","4,5581555555555554e-08","2,2451252818930023e-08","2,05117e-06","0,1097399999999999","2,5931155555555532e-08","1,850435639917695e-08","1,166901999999999e-06"
"2024-09-12 17:24:55+02:00","rock-ms7a95","Intel(R) Core(TM) i9-7900X CPU @ 3.30GHz","0","e2e","14","1.0","1.0834","0,6061","21,477","35.4","0","reduction","openblas","fp32","0","45","14","1.0834","38.28","35.3","35.4","2688000000","4.43","e2e","e2e","0","Intel(R) Core(TM) i9-7900X CPU @ 3.30GHz","","","","0","0","","","49.0","0","OPENBLAS_NUM_THREADS=10; e2e_host_memcpy=1; e2e_bw=mixed","1.5340714285714285","4,261309523809524e-07","0.04329285714285714","0","0","0.0","","0.0","0.0","5,965833333333333e-06","DE","0,1097399999999999","6,546905499999993e-07","0,0783099722222222","4,671842426157406e-07","0,02332","1,3912323333333332e-07","0,0518570416666666","3,093704677430552e-07","0,1929","1,15080925e-06","0,0950131388888888","5,668325510879624e-07","0,1097399999999999","6,546905499999993e-07","0,0783099722222222","4,671842426157406e-07","0,1097399999999999","4,6763610714285675e-08","3,337030304398148e-08","6,546905499999994e-07","0,02332","9,93737380952381e-09","2,2097890553075373e-08","1,3912323333333334e-07","0,1929","8,220066071428571e-08","4,048803936342589e-08","1,15080925e-06","0,1097399999999999","4,6763610714285675e-08","3,337030304398148e-08","6,546905499999994e-07"
"2024-09-12 17:25:03+02:00","rock-ms7a95","Intel(R) Core(TM) i9-7900X CPU @ 3.30GHz","0","kernel","33","1.0","1.0641","1,0641","35,744","33.6","0","reduction","openblas","fp32","0","33","12","1.0641","35.744","33.6","33.6","16896000000","15.88","kernel","kernel","0","Intel(R) Core(TM) i9-7900X CPU @ 3.30GHz","","","","0","0","","","49.0","0","OPENBLAS_NUM_THREADS=10; e2e_host_memcpy=1; e2e_bw=mixed","1.0831515151515152","3,008754208754209e-07","0.03224545454545455","0","0","","","","","9,928888888888889e-06","DE","0,1097399999999999","1,0895962666666657e-06","0,0783099722222222","7,775310130864195e-07","0,02332","2,3154168888888887e-07","0,0518570416666666","5,148828048148142e-07","0,1929","1,9152826666666663e-06","0,0950131388888888","9,433748990123448e-07","0,1097399999999999","1,0895962666666657e-06","0,0783099722222222","7,775310130864195e-07","0,1097399999999999","3,301806868686866e-08","2,356154585110363e-08","1,0895962666666657e-06","0,02332","7,016414814814816e-09","1,5602509236812555e-08","2,3154168888888892e-07","0,1929","5,803886868686869e-08","2,8587118151889244e-08","1,9152826666666667e-06","0,1097399999999999","3,301806868686866e-08","2,356154585110363e-08","1,0895962666666657e-06"
"2024-09-12 17:25:03+02:00","rock-ms7a95","Intel(R) Core(TM) i9-7900X CPU @ 3.30GHz","0","e2e","12","1.0","1.0641","0,6943","23,322","33.6","0","reduction","openblas","fp32","0","33","12","1.0641","35.744","33.6","33.6","3072000000","4.42","e2e","e2e","0","Intel(R) Core(TM) i9-7900X CPU @ 3.30GHz","","","","0","0","","","49.0","0","OPENBLAS_NUM_THREADS=10; e2e_host_memcpy=1; e2e_bw=mixed","1.9435","5,398611111111111e-07","0.05785833333333334","0","0","0.0","","0.0","0.0","6,478333333333333e-06","DE","0,1097399999999999","7,109322999999993e-07","0,0783099722222222","5,073181033796295e-07","0,02332","1,5107473333333333e-07","0,0518570416666666","3,359472015972218e-07","0,1929","1,2496704999999998e-06","0,0950131388888888","6,155267847685179e-07","0,1097399999999999","7,109322999999993e-07","0,0783099722222222","5,073181033796295e-07","0,1097399999999999","5,924435833333327e-08","4,2276508614969124e-08","7,109322999999993e-07","0,02332","1,2589561111111111e-08","2,7995600133101817e-08","1,5107473333333333e-07","0,1929","1,0413920833333333e-07","5,129389873070983e-08","1,2496705e-06","0,1097399999999999","5,924435833333327e-08","4,2276508614969124e-08","7,109322999999993e-07"
"2024-09-12 17:25:12+02:00","rock-ms7a95","Intel(R) Core(TM) i9-7900X CPU @ 3.30GHz","0","kernel","22","1.0","1.0695","1,0695","35,924","33.6","0","reduction","openblas","fp32","0","22","7","1.0695","35.924","33.6","33.5","16896000000","15.8","kernel","kernel","0","Intel(R) Core(TM) i9-7900X CPU @ 3.30GHz","","","","0","0","","","49.0","0","OPENBLAS_NUM_THREADS=10; e2e_host_memcpy=1; e2e_bw=mixed","1.6329090909090909","4,535858585858586e-07","0.04861363636363636","0","0","","","","","9,978888888888888e-06","DE","0,1097399999999999","1,0950832666666655e-06","0,0783099722222222","7,814465116975306e-07","0,02332","2,3270768888888887e-07","0,0518570416666666","5,174756568981475e-07","0,1929","1,9249276666666664e-06","0,0950131388888888","9,481255559567892e-07","0,1097399999999999","1,0950832666666655e-06","0,0783099722222222","7,814465116975306e-07","0,1097399999999999","4,9776512121212075e-08","3,5520295986251396e-08","1,0950832666666657e-06","0,02332","1,0577622222222223e-08","2,3521620768097614e-08","2,327076888888889e-07","0,1929","8,749671212121212e-08","4,309661617985406e-08","1,9249276666666664e-06","0,1097399999999999","4,9776512121212075e-08","3,5520295986251396e-08","1,0950832666666657e-06"
"2024-09-12 17:25:12+02:00","rock-ms7a95","Intel(R) Core(TM) i9-7900X CPU @ 3.30GHz","0","e2e","7","1.0","1.0695","0,6084","20,411","33.5","0","reduction","openblas","fp32","0","22","7","1.0695","35.924","33.6","33.5","2688000000","4.42","e2e","e2e","0","Intel(R) Core(TM) i9-7900X CPU @ 3.30GHz","","","","0","0","","","49.0","0","OPENBLAS_NUM_THREADS=10; e2e_host_memcpy=1; e2e_bw=mixed","2.915857142857143","8,099603174603174e-07","0.08691428571428572","0","0","0.0","","0.0","0.0","5,669722222222223e-06","DE","0,1097399999999999","6,221953166666662e-07","0,0783099722222222","4,4399578972993824e-07","0,02332","1,3221792222222225e-07","0,0518570416666666","2,940150215162034e-07","0,1929","1,0936894166666668e-06","0,0950131388888888","5,386981049614194e-07","0,1097399999999999","6,221953166666662e-07","0,0783099722222222","4,4399578972993824e-07","0,1097399999999999","8,888504523809515e-08","6,342796996141974e-08","6,221953166666661e-07","0,02332","1,8888274603174602e-08","4,200214593088619e-08","1,322179222222222e-07","0,1929","1,5624134523809523e-07","7,695687213734562e-08","1,0936894166666665e-06","0,1097399999999999","8,888504523809515e-08","6,342796996141974e-08","6,221953166666661e-07"
"2024-09-12 17:25:22+02:00","rock-ms7a95","Intel(R) Core(TM) i9-7900X CPU @ 3.30GHz","0","kernel","17","1.0","1.104","1,104","37,019","33.5","0","reduction","openblas","fp32","0","17","6","1.104","37.019","33.5","33.6","17408000000","15.77","kernel","kernel","0","Intel(R) Core(TM) i9-7900X CPU @ 3.30GHz","","","","0","0","","","49.0","0","OPENBLAS_NUM_THREADS=10; e2e_host_memcpy=1; e2e_bw=mixed","2.1775882352941176","6,048856209150327e-07","0.06494117647058824","0","0","","","","","1,0283055555555556e-05","DE","0,1097399999999999","1,1284625166666656e-06","0,0783099722222222","8,052657949151233e-07","0,02332","2,3980085555555556e-07","0,0518570416666666","5,33248840405092e-07","0,1929","1,9836014166666666e-06","0,0950131388888888","9,770253857021596e-07","0,1097399999999999","1,1284625166666656e-06","0,0783099722222222","8,052657949151233e-07","0,1097399999999999","6,638014803921562e-08","4,736857617147784e-08","1,1284625166666656e-06","0,02332","1,4105932679738562e-08","3,136757884735835e-08","2,3980085555555556e-07","0,1929","1,166824362745098e-07","5,7472081511891745e-08","1,9836014166666666e-06","0,1097399999999999","6,638014803921562e-08","4,736857617147784e-08","1,1284625166666656e-06"
"2024-09-12 17:25:22+02:00","rock-ms7a95","Intel(R) Core(TM) i9-7900X CPU @ 3.30GHz","0","e2e","6","1.0","1.104","0,6962","23,423","33.6","0","reduction","openblas","fp32","0","17","6","1.104","37.019","33.5","33.6","3072000000","4.41","e2e","e2e","0","Intel(R) Core(TM) i9-7900X CPU @ 3.30GHz","","","","0","0","","","49.0","0","OPENBLAS_NUM_THREADS=10; e2e_host_memcpy=1; e2e_bw=mixed","3.903833333333333","1,084398148148148e-06","0.11603333333333334","0","0","0.0","","0.0","0.0","6,506388888888889e-06","DE","0,1097399999999999","7,140111166666659e-07","0,0783099722222222","5,09515133155864e-07","0,02332","1,517289888888889e-07","0,0518570416666666","3,3740207971064774e-07","0,1929","1,2550824166666666e-06","0,0950131388888888","6,181924311651229e-07","0,1097399999999999","7,140111166666659e-07","0,0783099722222222","5,09515133155864e-07","0,1097399999999999","1,1900185277777764e-07","8,491918885931066e-08","7,140111166666659e-07","0,02332","2,5288164814814812e-08","5,623367995177461e-08","1,5172898888888887e-07","0,1929","2,0918040277777773e-07","1,030320718608538e-07","1,2550824166666664e-06","0,1097399999999999","1,1900185277777764e-07","8,491918885931066e-08","7,140111166666659e-07"
"2024-09-12 17:25:32+02:00","rock-ms7a95","Intel(R) Core(TM) i9-7900X CPU @ 3.30GHz","0","kernel","14","1.0","1.1374","1,1374","38,258","33.6","0","reduction","openblas","fp32","0","14","6","1.1374","38.258","33.6","33.6","17920000000","15.75","kernel","kernel","0","Intel(R) Core(TM) i9-7900X CPU @ 3.30GHz","","","","0","0","","","50.0","0","OPENBLAS_NUM_THREADS=10; e2e_host_memcpy=1; e2e_bw=mixed","2.732714285714286","7,590873015873017e-07","0.08124285714285714","0","0","","","","","1,0627222222222223e-05","DE","0,1097399999999999","1,1662313666666656e-06","0,0783099722222222","8,322174770216049e-07","0,02332","2,4782682222222225e-07","0,0518570416666666","5,510963055787031e-07","0,1929","2,049991166666667e-06","0,0950131388888888","1,0097257410030857e-06","0,1097399999999999","1,1662313666666656e-06","0,0783099722222222","8,322174770216049e-07","0,1097399999999999","8,33022404761904e-08","5,9444105501543206e-08","1,1662313666666658e-06","0,02332","1,7701915873015876e-08","3,936402182705022e-08","2,4782682222222225e-07","0,1929","1,4642794047619047e-07","7,212326721450612e-08","2,049991166666667e-06","0,1097399999999999","8,33022404761904e-08","5,9444105501543206e-08","1,1662313666666658e-06"
"2024-09-12 17:25:32+02:00","rock-ms7a95","Intel(R) Core(TM) i9-7900X CPU @ 3.30GHz","0","e2e","6","1.0","1.1374","0,8703","29,232","33.6","0","reduction","openblas","fp32","0","14","6","1.1374","38.258","33.6","33.6","3840000000","4.41","e2e","e2e","0","Intel(R) Core(TM) i9-7900X CPU @ 3.30GHz","","","","0","0","","","50.0","0","OPENBLAS_NUM_THREADS=10; e2e_host_memcpy=1; e2e_bw=mixed","4.872","1,3533333333333332e-06","0.14504999999999998","0","0","0.0","","0.0","0.0","8,12e-06","DE","0,1097399999999999","8,910887999999991e-07","0,0783099722222222","6,358769744444444e-07","0,02332","1,8935840000000002e-07","0,0518570416666666","4,210791783333328e-07","0,1929","1,566348e-06","0,0950131388888888","7,715066877777772e-07","0,1097399999999999","8,910887999999991e-07","0,0783099722222222","6,358769744444444e-07","0,1097399999999999","1,4851479999999983e-07","1,0597949574074071e-07","8,91088799999999e-07","0,02332","3,155973333333333e-08","7,017986305555546e-08","1,8935839999999996e-07","0,1929","2,61058e-07","1,2858444796296284e-07","1,5663479999999998e-06","0,1097399999999999","1,4851479999999983e-07","1,0597949574074071e-07","8,91088799999999e-07"
"2024-09-12 17:25:42+02:00","rock-ms7a95","Intel(R) Core(TM) i9-7900X CPU @ 3.30GHz","0","kernel","11","1.0","1.0735","1,0735","36,105","33.6","0","reduction","openblas","fp32","0","11","5","1.0735","36.105","33.6","33.7","16896000000","15.74","kernel","kernel","0","Intel(R) Core(TM) i9-7900X CPU @ 3.30GHz","","","","0","0","","","49.0","0","OPENBLAS_NUM_THREADS=10; e2e_host_memcpy=1; e2e_bw=mixed","3.282272727272727","9,117424242424242e-07","0.09759090909090908","0","0","","","","","1,0029166666666665e-05","DE","0,1097399999999999","1,1006007499999988e-06","0,0783099722222222","7,853837630787034e-07","0,02332","2,3388016666666665e-07","0,0518570416666666","5,20082913715277e-07","0,1929","1,93462625e-06","0,0950131388888888","9,529026054398139e-07","0,1097399999999999","1,1006007499999988e-06","0,0783099722222222","7,853837630787034e-07","0,1097399999999999","1,0005461363636354e-07","7,139852391624576e-08","1,1006007499999988e-06","0,02332","2,126183333333333e-08","4,7280264883207007e-08","2,3388016666666665e-07","0,1929","1,7587511363636362e-07","8,662750958543763e-08","1,93462625e-06","0,1097399999999999","1,0005461363636354e-07","7,139852391624576e-08","1,1006007499999988e-06"
"2024-09-12 17:25:42+02:00","rock-ms7a95","Intel(R) Core(TM) i9-7900X CPU @ 3.30GHz","0","e2e","5","1.0","1.0735","0,8697","29,287","33.7","0","reduction","openblas","fp32","0","11","5","1.0735","36.105","33.6","33.7","3840000000","4.42","e2e","e2e","0","Intel(R) Core(TM) i9-7900X CPU @ 3.30GHz","","","","0","0","","","49.0","0","OPENBLAS_NUM_THREADS=10; e2e_host_memcpy=1; e2e_bw=mixed","5.8574","1,6270555555555557e-06","0.17394","0","0","0.0","","0.0","0.0","8,135277777777777e-06","DE","0,1097399999999999","8,927653833333324e-07","0,0783099722222222","6,370733767978393e-07","0,02332","1,8971467777777775e-07","0,0518570416666666","4,218714386921291e-07","0,1929","1,569295083333333e-06","0,0950131388888888","7,729582773996906e-07","0,1097399999999999","8,927653833333324e-07","0,0783099722222222","6,370733767978393e-07","0,1097399999999999","1,785530766666665e-07","1,274146753595679e-07","8,927653833333325e-07","0,02332","3,7942935555555556e-08","8,437428773842583e-08","1,8971467777777778e-07","0,1929","3,1385901666666666e-07","1,5459165547993814e-07","1,5692950833333333e-06","0,1097399999999999","1,785530766666665e-07","1,274146753595679e-07","8,927653833333325e-07"
"2024-09-12 17:25:52+02:00","rock-ms7a95","Intel(R) Core(TM) i9-7900X CPU @ 3.30GHz","0","kernel","9","1.0","1.1721","1,1721","39,348","33.6","0","reduction","openblas","fp32","0","9","3","1.1721","39.348","33.6","33.7","18432000000","15.73","kernel","kernel","0","Intel(R) Core(TM) i9-7900X CPU @ 3.30GHz","","","","0","0","","","50.0","0","OPENBLAS_NUM_THREADS=10; e2e_host_memcpy=1; e2e_bw=mixed","4.372","1,2144444444444444e-06","0.1302333333333333","0","0","","","","","1,093e-05","DE","0,1097399999999999","1,1994581999999988e-06","0,0783099722222222","8,559279963888888e-07","0,02332","2,548876e-07","0,0518570416666666","5,66797465416666e-07","0,1929","2,108397e-06","0,0950131388888888","1,0384936080555548e-06","0,1097399999999999","1,1994581999999988e-06","0,0783099722222222","8,559279963888888e-07","0,1097399999999999","1,332731333333332e-07","9,510311070987652e-08","1,1994581999999988e-06","0,02332","2,8320844444444443e-08","6,297749615740733e-08","2,548876e-07","0,1929","2,342663333333333e-07","1,153881786728394e-07","2,1083969999999997e-06","0,1097399999999999","1,332731333333332e-07","9,510311070987652e-08","1,1994581999999988e-06"
"2024-09-12 17:25:52+02:00","rock-ms7a95","Intel(R) Core(TM) i9-7900X CPU @ 3.30GHz","0","e2e","3","1.0","1.1721","0,6949","23,387","33.7","0","reduction","openblas","fp32","0","9","3","1.1721","39.348","33.6","33.7","3072000000","4.42","e2e","e2e","0","Intel(R) Core(TM) i9-7900X CPU @ 3.30GHz","","","","0","0","","","50.0","0","OPENBLAS_NUM_THREADS=10; e2e_host_memcpy=1; e2e_bw=mixed","7.7956666666666665","2,165462962962963e-06","0.23163333333333333","0","0","0.0","","0.0","0.0","6,496388888888889e-06","DE","0,1097399999999999","7,129137166666659e-07","0,0783099722222222","5,087320334336418e-07","0,02332","1,514957888888889e-07","0,0518570416666666","3,3688350929398106e-07","0,1929","1,2531534166666665e-06","0,0950131388888888","6,17242299776234e-07","0,1097399999999999","7,129137166666659e-07","0,0783099722222222","5,087320334336418e-07","0,1097399999999999","2,3763790555555533e-07","1,6957734447788062e-07","7,129137166666659e-07","0,02332","5,04985962962963e-08","1,1229450309799369e-07","1,514957888888889e-07","0,1929","4,177178055555555e-07","2,0574743325874467e-07","1,2531534166666665e-06","0,1097399999999999","2,3763790555555533e-07","1,6957734447788062e-07","7,129137166666659e-07"
"2024-09-12 17:26:03+02:00","rock-ms7a95","Intel(R) Core(TM) i9-7900X CPU @ 3.30GHz","0","kernel","6","1.0","1.1724","1,1724","39,366","33.6","0","reduction","openblas","fp32","0","6","2","1.1724","39.366","33.6","33.6","18432000000","15.72","kernel","kernel","0","Intel(R) Core(TM) i9-7900X CPU @ 3.30GHz","","","","0","0","","","49.0","0","OPENBLAS_NUM_THREADS=10; e2e_host_memcpy=1; e2e_bw=mixed","6.561","1,8225e-06","0.19540000000000002","0","0","","","","","1,0935e-05","DE","0,1097399999999999","1,2000068999999987e-06","0,0783099722222222","8,563195462499998e-07","0,02332","2,550042e-07","0,0518570416666666","5,670567506249993e-07","0,1929","2,1093614999999998e-06","0,0950131388888888","1,038968673749999e-06","0,1097399999999999","1,2000068999999987e-06","0,0783099722222222","8,563195462499998e-07","0,1097399999999999","2,000011499999998e-07","1,4271992437499997e-07","1,2000068999999987e-06","0,02332","4,25007e-08","9,450945843749989e-08","2,550042e-07","0,1929","3,5156024999999996e-07","1,7316144562499985e-07","2,1093614999999998e-06","0,1097399999999999","2,000011499999998e-07","1,4271992437499997e-07","1,2000068999999987e-06"
"2024-09-12 17:26:03+02:00","rock-ms7a95","Intel(R) Core(TM) i9-7900X CPU @ 3.30GHz","0","e2e","2","1.0","1.1724","0,6942","23,337","33.6","0","reduction","openblas","fp32","0","6","2","1.1724","39.366","33.6","33.6","3072000000","4.43","e2e","e2e","0","Intel(R) Core(TM) i9-7900X CPU @ 3.30GHz","","","","0","0","","","49.0","0","OPENBLAS_NUM_THREADS=10; e2e_host_memcpy=1; e2e_bw=mixed","11.6685","3,24125e-06","0.3471","0","0","0.0","","0.0","0.0","6,4825e-06","DE","0,1097399999999999","7,113895499999993e-07","0,0783099722222222","5,076443949305555e-07","0,02332","1,511719e-07","0,0518570416666666","3,361632726041663e-07","0,1929","1,25047425e-06","0,0950131388888888","6,159226728472217e-07","0,1097399999999999","7,113895499999993e-07","0,0783099722222222","5,076443949305555e-07","0,1097399999999999","3,5569477499999967e-07","2,5382219746527775e-07","7,113895499999993e-07","0,02332","7,558595e-08","1,6808163630208314e-07","1,511719e-07","0,1929","6,25237125e-07","3,0796133642361085e-07","1,25047425e-06","0,1097399999999999","3,5569477499999967e-07","2,5382219746527775e-07","7,113895499999993e-07"
