schema_version,timestamp,session_id,sequence_index,run_id_global,repetition,workload,implementation,execution_mode,device_name,num_threads,problem_size,problem_spec,batches,e2e_time_s,kernel_time_s,wall_time_s,device_energy_j,total_energy_j,dram_energy_j,energy_per_op_j,energy_per_second_j,energy_per_flop_j,time_per_op_ms_kernel,time_per_op_ms_e2e,flops_total,gflops_per_s,logical_bytes_per_op,avg_power_w,runtime_status,pcie_gen,pcie_width,sm_clock_mhz,clock_before_mhz,clock_after_mhz,mem_clock_mhz,temp_c,temp_before_c,temp_after_c,throttle_reasons,cpu_cycles,cpu_instructions,cpu_ipc,cpu_cache_misses,checksum_ok
cpu-gpu-v2,2026-07-19T10:40:33,"20260719_085511_session4",1,1,1,"GEMM","openblas_sgemm",cpu_native,"Intel(R) Core(TM) i9-7900X CPU @ 3.30GHz",4,1024,"N=1024",313,1.001342,1.001342,1.001342,112.578997,112.579854,0.000857,3.596800e-01,112.428982,1.674891e-10,3.199176,3.199176,6.721624e+11,671.26,1.258291e+07,112.43,in_range,,,,1803,1933,,99,99,99,,-1,-1,-1.000000,-1,t
cpu-gpu-v2,2026-07-19T10:40:34,"20260719_085511_session4",2,2,2,"GEMM","openblas_sgemm",cpu_native,"Intel(R) Core(TM) i9-7900X CPU @ 3.30GHz",4,1024,"N=1024",313,0.981626,0.981626,0.981626,104.311745,104.312663,0.000918,3.332673e-01,106.265194,1.551897e-10,3.136185,3.136185,6.721624e+11,684.74,1.258291e+07,106.27,in_range,,,,1938,1847,,99,99,99,,-1,-1,-1.000000,-1,t
cpu-gpu-v2,2026-07-19T10:40:35,"20260719_085511_session4",3,3,3,"GEMM","openblas_sgemm",cpu_native,"Intel(R) Core(TM) i9-7900X CPU @ 3.30GHz",4,1024,"N=1024",313,1.019256,1.019256,1.019256,105.581029,105.582008,0.000979,3.373227e-01,103.587340,1.570781e-10,3.256409,3.256409,6.721624e+11,659.46,1.258291e+07,103.59,in_range,,,,1822,1775,,99,99,99,,-1,-1,-1.000000,-1,t
cpu-gpu-v2,2026-07-19T10:40:36,"20260719_085511_session4",4,4,4,"GEMM","openblas_sgemm",cpu_native,"Intel(R) Core(TM) i9-7900X CPU @ 3.30GHz",4,1024,"N=1024",313,0.987339,0.987339,0.987339,101.706405,101.706788,0.000383,3.249418e-01,103.011009,1.513128e-10,3.154438,3.154438,6.721624e+11,680.78,1.258291e+07,103.01,in_range,,,,1809,1800,,99,99,99,,-1,-1,-1.000000,-1,t
cpu-gpu-v2,2026-07-19T10:40:37,"20260719_085511_session4",5,5,5,"GEMM","openblas_sgemm",cpu_native,"Intel(R) Core(TM) i9-7900X CPU @ 3.30GHz",4,1024,"N=1024",313,1.016753,1.016753,1.016753,105.507481,105.508598,0.001117,3.370882e-01,103.770173,1.569689e-10,3.248411,3.248411,6.721624e+11,661.09,1.258291e+07,103.77,in_range,,,,1816,1744,,99,99,99,,-1,-1,-1.000000,-1,t
cpu-gpu-v2,2026-07-19T10:40:38,"20260719_085511_session4",6,6,6,"GEMM","openblas_sgemm",cpu_native,"Intel(R) Core(TM) i9-7900X CPU @ 3.30GHz",4,1024,"N=1024",313,0.984707,0.984707,0.984707,104.170632,104.171504,0.000872,3.328163e-01,105.789383,1.549797e-10,3.146027,3.146027,6.721624e+11,682.60,1.258291e+07,105.79,in_range,,,,1764,1777,,99,99,99,,-1,-1,-1.000000,-1,t
cpu-gpu-v2,2026-07-19T10:40:39,"20260719_085511_session4",7,7,7,"GEMM","openblas_sgemm",cpu_native,"Intel(R) Core(TM) i9-7900X CPU @ 3.30GHz",4,1024,"N=1024",313,1.022193,1.022193,1.022193,106.501558,106.502782,0.001224,3.402645e-01,104.190479,1.584480e-10,3.265792,3.265792,6.721624e+11,657.57,1.258291e+07,104.19,in_range,,,,1821,1629,,100,99,100,,-1,-1,-1.000000,-1,t
cpu-gpu-v2,2026-07-19T10:40:40,"20260719_085511_session4",8,8,8,"GEMM","openblas_sgemm",cpu_native,"Intel(R) Core(TM) i9-7900X CPU @ 3.30GHz",4,1024,"N=1024",313,0.984742,0.984742,0.984742,104.883338,104.883996,0.000658,3.350926e-01,106.509117,1.560397e-10,3.146140,3.146140,6.721624e+11,682.58,1.258291e+07,106.51,in_range,,,,1664,1702,,100,100,100,,-1,-1,-1.000000,-1,t
cpu-gpu-v2,2026-07-19T10:40:41,"20260719_085511_session4",9,9,9,"GEMM","openblas_sgemm",cpu_native,"Intel(R) Core(TM) i9-7900X CPU @ 3.30GHz",4,1024,"N=1024",313,1.022306,1.022306,1.022306,106.268527,106.269598,0.001071,3.395195e-01,103.950911,1.581011e-10,3.266152,3.266152,6.721624e+11,657.50,1.258291e+07,103.95,in_range,,,,1744,1632,,100,100,100,,-1,-1,-1.000000,-1,t
cpu-gpu-v2,2026-07-19T10:40:42,"20260719_085511_session4",10,10,10,"GEMM","openblas_sgemm",cpu_native,"Intel(R) Core(TM) i9-7900X CPU @ 3.30GHz",4,1024,"N=1024",313,0.985064,0.985064,0.985064,104.920508,104.920890,0.000382,3.352105e-01,106.511740,1.560946e-10,3.147170,3.147170,6.721624e+11,682.35,1.258291e+07,106.51,in_range,,,,1646,1710,,100,100,100,,-1,-1,-1.000000,-1,t
cpu-gpu-v2,2026-07-19T10:40:46,"20260719_085511_session4",11,11,1,"GEMM","openblas_sgemm",cpu_native,"Intel(R) Core(TM) i9-7900X CPU @ 3.30GHz",2,128,"N=128",47150,1.004691,1.004691,1.004691,78.520918,78.520918,0.000000,1.665343e-03,78.154293,3.970487e-10,0.021308,0.021308,1.977614e+11,196.84,1.966080e+05,78.15,in_range,,,,1548,1606,,100,97,100,,-1,-1,-1.000000,-1,t
cpu-gpu-v2,2026-07-19T10:40:47,"20260719_085511_session4",12,12,2,"GEMM","openblas_sgemm",cpu_native,"Intel(R) Core(TM) i9-7900X CPU @ 3.30GHz",2,128,"N=128",47150,1.001782,1.001782,1.001782,78.905926,78.905926,0.000000,1.673509e-03,78.765545,3.989955e-10,0.021247,0.021247,1.977614e+11,197.41,1.966080e+05,78.77,in_range,,,,1753,1608,,100,100,98,,-1,-1,-1.000000,-1,t
cpu-gpu-v2,2026-07-19T10:40:48,"20260719_085511_session4",13,13,3,"GEMM","openblas_sgemm",cpu_native,"Intel(R) Core(TM) i9-7900X CPU @ 3.30GHz",2,128,"N=128",47150,1.002535,1.002535,1.002535,79.025676,79.025676,0.000000,1.676048e-03,78.825830,3.996010e-10,0.021263,0.021263,1.977614e+11,197.26,1.966080e+05,78.83,in_range,,,,1607,1713,,98,98,98,,-1,-1,-1.000000,-1,t
cpu-gpu-v2,2026-07-19T10:40:49,"20260719_085511_session4",14,14,4,"GEMM","openblas_sgemm",cpu_native,"Intel(R) Core(TM) i9-7900X CPU @ 3.30GHz",2,128,"N=128",47150,1.002636,1.002636,1.002636,78.319013,78.319013,0.000000,1.661061e-03,78.113143,3.960277e-10,0.021265,0.021265,1.977614e+11,197.24,1.966080e+05,78.11,in_range,,,,1758,1604,,99,98,99,,-1,-1,-1.000000,-1,t
cpu-gpu-v2,2026-07-19T10:40:50,"20260719_085511_session4",15,15,5,"GEMM","openblas_sgemm",cpu_native,"Intel(R) Core(TM) i9-7900X CPU @ 3.30GHz",2,128,"N=128",47150,1.005257,1.005257,1.005257,79.213420,79.213420,0.000000,1.680030e-03,78.799144,4.005504e-10,0.021320,0.021320,1.977614e+11,196.73,1.966080e+05,78.80,in_range,,,,1780,1620,,99,99,99,,-1,-1,-1.000000,-1,t
cpu-gpu-v2,2026-07-19T10:40:51,"20260719_085511_session4",16,16,6,"GEMM","openblas_sgemm",cpu_native,"Intel(R) Core(TM) i9-7900X CPU @ 3.30GHz",2,128,"N=128",47150,1.004491,1.004491,1.004491,78.551252,78.551252,0.000000,1.665986e-03,78.200054,3.972021e-10,0.021304,0.021304,1.977614e+11,196.88,1.966080e+05,78.20,in_range,,,,1611,1606,,99,99,99,,-1,-1,-1.000000,-1,t
cpu-gpu-v2,2026-07-19T10:40:52,"20260719_085511_session4",17,17,7,"GEMM","openblas_sgemm",cpu_native,"Intel(R) Core(TM) i9-7900X CPU @ 3.30GHz",2,128,"N=128",47150,0.999695,0.999695,0.999695,78.292952,78.292952,0.000000,1.660508e-03,78.316805,3.958960e-10,0.021202,0.021202,1.977614e+11,197.82,1.966080e+05,78.32,in_range,,,,1740,1620,,99,99,99,,-1,-1,-1.000000,-1,t
cpu-gpu-v2,2026-07-19T10:40:53,"20260719_085511_session4",18,18,8,"GEMM","openblas_sgemm",cpu_native,"Intel(R) Core(TM) i9-7900X CPU @ 3.30GHz",2,128,"N=128",47150,1.002045,1.002045,1.002045,78.378278,78.378278,0.000000,1.662318e-03,78.218339,3.963274e-10,0.021252,0.021252,1.977614e+11,197.36,1.966080e+05,78.22,in_range,,,,1617,1610,,99,99,99,,-1,-1,-1.000000,-1,t
cpu-gpu-v2,2026-07-19T10:40:54,"20260719_085511_session4",19,19,9,"GEMM","openblas_sgemm",cpu_native,"Intel(R) Core(TM) i9-7900X CPU @ 3.30GHz",2,128,"N=128",47150,1.000291,1.000291,1.000291,78.325666,78.325666,0.000000,1.661202e-03,78.302876,3.960614e-10,0.021215,0.021215,1.977614e+11,197.70,1.966080e+05,78.30,in_range,,,,1645,1602,,100,99,100,,-1,-1,-1.000000,-1,t
cpu-gpu-v2,2026-07-19T10:40:55,"20260719_085511_session4",20,20,10,"GEMM","openblas_sgemm",cpu_native,"Intel(R) Core(TM) i9-7900X CPU @ 3.30GHz",2,128,"N=128",47150,0.997180,0.997180,0.997180,78.222395,78.222395,0.000000,1.659012e-03,78.443636,3.955392e-10,0.021149,0.021149,1.977614e+11,198.32,1.966080e+05,78.44,in_range,,,,1532,1604,,100,100,100,,-1,-1,-1.000000,-1,t
cpu-gpu-v2,2026-07-19T10:41:00,"20260719_085511_session4",21,21,1,"GEMM","openblas_sgemm",cpu_native,"Intel(R) Core(TM) i9-7900X CPU @ 3.30GHz",1,4096,"N=4096",2,1.380818,1.380818,1.380818,98.856314,98.914408,0.058094,4.945720e+01,71.634646,3.598485e-10,690.409000,690.409000,2.748779e+11,199.07,2.013266e+08,71.63,above,,,,1339,1304,,98,98,98,,-1,-1,-1.000000,-1,t
cpu-gpu-v2,2026-07-19T10:41:01,"20260719_085511_session4",22,22,2,"GEMM","openblas_sgemm",cpu_native,"Intel(R) Core(TM) i9-7900X CPU @ 3.30GHz",1,4096,"N=4096",2,1.408080,1.408080,1.408080,90.264113,90.321549,0.057436,4.516077e+01,64.145171,3.285879e-10,704.040128,704.040128,2.748779e+11,195.21,2.013266e+08,64.15,above,,,,1689,1336,,100,98,100,,-1,-1,-1.000000,-1,t
cpu-gpu-v2,2026-07-19T10:41:02,"20260719_085511_session4",23,23,3,"GEMM","openblas_sgemm",cpu_native,"Intel(R) Core(TM) i9-7900X CPU @ 3.30GHz",1,4096,"N=4096",2,1.407801,1.407801,1.407801,87.763997,87.830139,0.066142,4.391507e+01,62.388158,3.195242e-10,703.900718,703.900718,2.748779e+11,195.25,2.013266e+08,62.39,above,,,,1323,1315,,100,100,95,,-1,-1,-1.000000,-1,t
cpu-gpu-v2,2026-07-19T10:41:04,"20260719_085511_session4",24,24,4,"GEMM","openblas_sgemm",cpu_native,"Intel(R) Core(TM) i9-7900X CPU @ 3.30GHz",1,4096,"N=4096",2,1.365721,1.365721,1.365721,96.901913,96.961583,0.059670,4.848079e+01,70.996625,3.527442e-10,682.860506,682.860506,2.748779e+11,201.27,2.013266e+08,71.00,above,,,,1312,1460,,96,95,96,,-1,-1,-1.000000,-1,t
cpu-gpu-v2,2026-07-19T10:41:05,"20260719_085511_session4",25,25,5,"GEMM","openblas_sgemm",cpu_native,"Intel(R) Core(TM) i9-7900X CPU @ 3.30GHz",1,4096,"N=4096",2,1.400934,1.400934,1.400934,89.880873,89.933199,0.052326,4.496660e+01,64.195191,3.271751e-10,700.466796,700.466796,2.748779e+11,196.21,2.013266e+08,64.20,above,,,,1432,1333,,99,96,99,,-1,-1,-1.000000,-1,t
cpu-gpu-v2,2026-07-19T10:41:07,"20260719_085511_session4",26,26,6,"GEMM","openblas_sgemm",cpu_native,"Intel(R) Core(TM) i9-7900X CPU @ 3.30GHz",1,4096,"N=4096",2,1.401953,1.401953,1.401953,88.454364,88.507868,0.053504,4.425393e+01,63.131832,3.219897e-10,700.976556,700.976556,2.748779e+11,196.07,2.013266e+08,63.13,above,,,,1454,1315,,99,99,94,,-1,-1,-1.000000,-1,t
cpu-gpu-v2,2026-07-19T10:41:08,"20260719_085511_session4",27,27,7,"GEMM","openblas_sgemm",cpu_native,"Intel(R) Core(TM) i9-7900X CPU @ 3.30GHz",1,4096,"N=4096",2,1.360631,1.360631,1.360631,95.436645,95.481336,0.044691,4.774067e+01,70.174321,3.473591e-10,680.315357,680.315357,2.748779e+11,202.02,2.013266e+08,70.17,above,,,,1320,1340,,99,94,99,,-1,-1,-1.000000,-1,t
cpu-gpu-v2,2026-07-19T10:41:09,"20260719_085511_session4",28,28,8,"GEMM","openblas_sgemm",cpu_native,"Intel(R) Core(TM) i9-7900X CPU @ 3.30GHz",1,4096,"N=4096",2,1.365427,1.365427,1.365427,95.307374,95.361260,0.053886,4.768063e+01,69.839905,3.469222e-10,682.713270,682.713270,2.748779e+11,201.31,2.013266e+08,69.84,above,,,,1472,1304,,99,99,98,,-1,-1,-1.000000,-1,t
cpu-gpu-v2,2026-07-19T10:41:11,"20260719_085511_session4",29,29,9,"GEMM","openblas_sgemm",cpu_native,"Intel(R) Core(TM) i9-7900X CPU @ 3.30GHz",1,4096,"N=4096",2,1.366559,1.366559,1.366559,95.216553,95.274219,0.057666,4.763711e+01,69.718316,3.466056e-10,683.279688,683.279688,2.748779e+11,201.15,2.013266e+08,69.72,above,,,,1442,1339,,99,98,99,,-1,-1,-1.000000,-1,t
cpu-gpu-v2,2026-07-19T10:41:12,"20260719_085511_session4",30,30,10,"GEMM","openblas_sgemm",cpu_native,"Intel(R) Core(TM) i9-7900X CPU @ 3.30GHz",1,4096,"N=4096",2,1.366914,1.366914,1.366914,96.266538,96.315681,0.049143,4.815784e+01,70.462117,3.503944e-10,683.457191,683.457191,2.748779e+11,201.09,2.013266e+08,70.46,above,,,,1466,1304,,99,99,98,,-1,-1,-1.000000,-1,t
cpu-gpu-v2,2026-07-19T10:41:15,"20260719_085511_session4",31,31,1,"GEMM","openblas_sgemm",cpu_native,"Intel(R) Core(TM) i9-7900X CPU @ 3.30GHz",16,256,"N=256",18879,1.040432,1.040432,1.040432,154.925934,154.925934,0.000000,8.206257e-03,148.905386,2.445655e-10,0.055111,0.055111,6.334741e+11,608.86,7.864320e+05,148.91,in_range,,,,2984,2879,,97,97,96,,-1,-1,-1.000000,-1,t
cpu-gpu-v2,2026-07-19T10:41:16,"20260719_085511_session4",32,32,2,"GEMM","openblas_sgemm",cpu_native,"Intel(R) Core(TM) i9-7900X CPU @ 3.30GHz",16,256,"N=256",18879,1.014031,1.014031,1.014031,152.559057,152.559057,0.000000,8.080887e-03,150.448139,2.408292e-10,0.053712,0.053712,6.334741e+11,624.71,7.864320e+05,150.45,in_range,,,,3533,2985,,97,96,97,,-1,-1,-1.000000,-1,t
cpu-gpu-v2,2026-07-19T10:41:17,"20260719_085511_session4",33,33,3,"GEMM","openblas_sgemm",cpu_native,"Intel(R) Core(TM) i9-7900X CPU @ 3.30GHz",16,256,"N=256",18879,1.018218,1.018218,1.018218,152.927587,152.927587,0.000000,8.100407e-03,150.191338,2.414109e-10,0.053934,0.053934,6.334741e+11,622.14,7.864320e+05,150.19,in_range,,,,3529,2879,,97,97,97,,-1,-1,-1.000000,-1,t
cpu-gpu-v2,2026-07-19T10:41:18,"20260719_085511_session4",34,34,4,"GEMM","openblas_sgemm",cpu_native,"Intel(R) Core(TM) i9-7900X CPU @ 3.30GHz",16,256,"N=256",18879,1.031661,1.031661,1.031661,154.385408,154.385408,0.000000,8.177626e-03,149.647463,2.437123e-10,0.054646,0.054646,6.334741e+11,614.03,7.864320e+05,149.65,in_range,,,,3532,3315,,97,97,97,,-1,-1,-1.000000,-1,t
cpu-gpu-v2,2026-07-19T10:41:19,"20260719_085511_session4",35,35,5,"GEMM","openblas_sgemm",cpu_native,"Intel(R) Core(TM) i9-7900X CPU @ 3.30GHz",16,256,"N=256",18879,1.028178,1.028178,1.028178,153.550388,153.550388,0.000000,8.133396e-03,149.342167,2.423941e-10,0.054461,0.054461,6.334741e+11,616.11,7.864320e+05,149.34,in_range,,,,3875,3300,,97,97,97,,-1,-1,-1.000000,-1,t
cpu-gpu-v2,2026-07-19T10:41:20,"20260719_085511_session4",36,36,6,"GEMM","openblas_sgemm",cpu_native,"Intel(R) Core(TM) i9-7900X CPU @ 3.30GHz",16,256,"N=256",18879,1.044206,1.044206,1.044206,155.621550,155.621550,0.000000,8.243103e-03,149.033360,2.456636e-10,0.055310,0.055310,6.334741e+11,606.66,7.864320e+05,149.03,in_range,,,,3300,2879,,97,97,97,,-1,-1,-1.000000,-1,t
cpu-gpu-v2,2026-07-19T10:41:21,"20260719_085511_session4",37,37,7,"GEMM","openblas_sgemm",cpu_native,"Intel(R) Core(TM) i9-7900X CPU @ 3.30GHz",16,256,"N=256",18879,1.027987,1.027987,1.027987,153.793735,153.793735,0.000000,8.146286e-03,149.606633,2.427782e-10,0.054451,0.054451,6.334741e+11,616.23,7.864320e+05,149.61,in_range,,,,3413,2879,,97,97,97,,-1,-1,-1.000000,-1,t
cpu-gpu-v2,2026-07-19T10:41:22,"20260719_085511_session4",38,38,8,"GEMM","openblas_sgemm",cpu_native,"Intel(R) Core(TM) i9-7900X CPU @ 3.30GHz",16,256,"N=256",18879,1.019547,1.019547,1.019547,153.509434,153.509434,0.000000,8.131227e-03,150.566244,2.423294e-10,0.054004,0.054004,6.334741e+11,621.33,7.864320e+05,150.57,in_range,,,,3545,2880,,97,97,97,,-1,-1,-1.000000,-1,t
cpu-gpu-v2,2026-07-19T10:41:23,"20260719_085511_session4",39,39,9,"GEMM","openblas_sgemm",cpu_native,"Intel(R) Core(TM) i9-7900X CPU @ 3.30GHz",16,256,"N=256",18879,1.030158,1.030158,1.030158,154.123263,154.123263,0.000000,8.163741e-03,149.611301,2.432984e-10,0.054566,0.054566,6.334741e+11,614.93,7.864320e+05,149.61,in_range,,,,2879,2879,,97,97,97,,-1,-1,-1.000000,-1,t
cpu-gpu-v2,2026-07-19T10:41:24,"20260719_085511_session4",40,40,10,"GEMM","openblas_sgemm",cpu_native,"Intel(R) Core(TM) i9-7900X CPU @ 3.30GHz",16,256,"N=256",18879,1.033846,1.033846,1.033846,154.563509,154.563509,0.000000,8.187060e-03,149.503449,2.439934e-10,0.054762,0.054762,6.334741e+11,612.74,7.864320e+05,149.50,in_range,,,,2985,2880,,98,97,98,,-1,-1,-1.000000,-1,t
cpu-gpu-v2,2026-07-19T10:41:33,"20260719_085511_session4",41,41,1,"GEMM","openblas_sgemm",cpu_native,"Intel(R) Core(TM) i9-7900X CPU @ 3.30GHz",20,64,"N=64",415051,0.998528,0.998528,0.998528,65.024492,65.024492,0.000000,1.566663e-04,65.120336,2.988172e-10,0.002406,0.002406,2.176063e+11,217.93,4.915200e+04,65.12,in_range,,,,1305,3604,,97,97,97,,-1,-1,-1.000000,-1,t
cpu-gpu-v2,2026-07-19T10:41:34,"20260719_085511_session4",42,42,2,"GEMM","openblas_sgemm",cpu_native,"Intel(R) Core(TM) i9-7900X CPU @ 3.30GHz",20,64,"N=64",415051,1.007030,1.007030,1.007030,65.593399,65.593399,0.000000,1.580370e-04,65.135485,3.014316e-10,0.002426,0.002426,2.176063e+11,216.09,4.915200e+04,65.14,in_range,,,,3640,1778,,99,94,99,,-1,-1,-1.000000,-1,t
cpu-gpu-v2,2026-07-19T10:41:35,"20260719_085511_session4",43,43,3,"GEMM","openblas_sgemm",cpu_native,"Intel(R) Core(TM) i9-7900X CPU @ 3.30GHz",20,64,"N=64",415051,1.010743,1.010743,1.010743,65.508317,65.508317,0.000000,1.578320e-04,64.812042,3.010406e-10,0.002435,0.002435,2.176063e+11,215.29,4.915200e+04,64.81,in_range,,,,3502,1340,,99,99,99,,-1,-1,-1.000000,-1,t
cpu-gpu-v2,2026-07-19T10:41:36,"20260719_085511_session4",44,44,4,"GEMM","openblas_sgemm",cpu_native,"Intel(R) Core(TM) i9-7900X CPU @ 3.30GHz",20,64,"N=64",415051,0.982393,0.982393,0.982393,62.530297,62.530297,0.000000,1.506569e-04,63.651028,2.873552e-10,0.002367,0.002367,2.176063e+11,221.51,4.915200e+04,63.65,in_range,,,,1299,1312,,99,99,99,,-1,-1,-1.000000,-1,t
cpu-gpu-v2,2026-07-19T10:41:37,"20260719_085511_session4",45,45,5,"GEMM","openblas_sgemm",cpu_native,"Intel(R) Core(TM) i9-7900X CPU @ 3.30GHz",20,64,"N=64",415051,0.987839,0.987839,0.987839,63.186301,63.186301,0.000000,1.522374e-04,63.964189,2.903699e-10,0.002380,0.002380,2.176063e+11,220.29,4.915200e+04,63.96,in_range,,,,1326,1339,,99,99,99,,-1,-1,-1.000000,-1,t
cpu-gpu-v2,2026-07-19T10:41:38,"20260719_085511_session4",46,46,6,"GEMM","openblas_sgemm",cpu_native,"Intel(R) Core(TM) i9-7900X CPU @ 3.30GHz",20,64,"N=64",415051,1.008200,1.008200,1.008200,65.310075,65.310075,0.000000,1.573543e-04,64.778858,3.001296e-10,0.002429,0.002429,2.176063e+11,215.84,4.915200e+04,64.78,in_range,,,,1339,1450,,99,99,98,,-1,-1,-1.000000,-1,t
cpu-gpu-v2,2026-07-19T10:41:39,"20260719_085511_session4",47,47,7,"GEMM","openblas_sgemm",cpu_native,"Intel(R) Core(TM) i9-7900X CPU @ 3.30GHz",20,64,"N=64",415051,0.979872,0.979872,0.979872,61.675501,61.675501,0.000000,1.485974e-04,62.942376,2.834271e-10,0.002361,0.002361,2.176063e+11,222.08,4.915200e+04,62.94,in_range,,,,1569,1340,,98,98,98,,-1,-1,-1.000000,-1,t
cpu-gpu-v2,2026-07-19T10:41:40,"20260719_085511_session4",48,48,8,"GEMM","openblas_sgemm",cpu_native,"Intel(R) Core(TM) i9-7900X CPU @ 3.30GHz",20,64,"N=64",415051,1.009876,1.009876,1.009876,65.471573,65.471573,0.000000,1.577434e-04,64.831324,3.008717e-10,0.002433,0.002433,2.176063e+11,215.48,4.915200e+04,64.83,in_range,,,,1252,1304,,98,98,97,,-1,-1,-1.000000,-1,t
cpu-gpu-v2,2026-07-19T10:41:41,"20260719_085511_session4",49,49,9,"GEMM","openblas_sgemm",cpu_native,"Intel(R) Core(TM) i9-7900X CPU @ 3.30GHz",20,64,"N=64",415051,0.978154,0.978154,0.978154,61.299587,61.299587,0.000000,1.476917e-04,62.668648,2.816996e-10,0.002357,0.002357,2.176063e+11,222.47,4.915200e+04,62.67,in_range,,,,1321,1432,,97,97,97,,-1,-1,-1.000000,-1,t
cpu-gpu-v2,2026-07-19T10:41:42,"20260719_085511_session4",50,50,10,"GEMM","openblas_sgemm",cpu_native,"Intel(R) Core(TM) i9-7900X CPU @ 3.30GHz",20,64,"N=64",415051,0.988889,0.988889,0.988889,63.387289,63.387289,0.000000,1.527217e-04,64.099471,2.912935e-10,0.002383,0.002383,2.176063e+11,220.05,4.915200e+04,64.10,in_range,,,,1706,1339,,99,97,99,,-1,-1,-1.000000,-1,t
cpu-gpu-v2,2026-07-19T10:41:45,"20260719_085511_session4",51,51,1,"GEMM","openblas_sgemm",cpu_native,"Intel(R) Core(TM) i9-7900X CPU @ 3.30GHz",8,64,"N=64",419610,0.999422,0.999422,0.999422,63.645101,63.645101,0.000000,1.516768e-04,63.681928,2.893005e-10,0.002382,0.002382,2.199965e+11,220.12,4.915200e+04,63.68,in_range,,,,1459,1455,,97,97,97,,-1,-1,-1.000000,-1,t
cpu-gpu-v2,2026-07-19T10:41:46,"20260719_085511_session4",52,52,2,"GEMM","openblas_sgemm",cpu_native,"Intel(R) Core(TM) i9-7900X CPU @ 3.30GHz",8,64,"N=64",419610,0.998314,0.998314,0.998314,63.239890,63.239890,0.000000,1.507111e-04,63.346701,2.874586e-10,0.002379,0.002379,2.199965e+11,220.37,4.915200e+04,63.35,in_range,,,,1413,1339,,94,94,94,,-1,-1,-1.000000,-1,t
cpu-gpu-v2,2026-07-19T10:41:47,"20260719_085511_session4",53,53,3,"GEMM","openblas_sgemm",cpu_native,"Intel(R) Core(TM) i9-7900X CPU @ 3.30GHz",8,64,"N=64",419610,0.993431,0.993431,0.993431,62.414269,62.414269,0.000000,1.487435e-04,62.827004,2.837058e-10,0.002368,0.002368,2.199965e+11,221.45,4.915200e+04,62.83,in_range,,,,1336,1323,,96,96,96,,-1,-1,-1.000000,-1,t
cpu-gpu-v2,2026-07-19T10:41:48,"20260719_085511_session4",54,54,4,"GEMM","openblas_sgemm",cpu_native,"Intel(R) Core(TM) i9-7900X CPU @ 3.30GHz",8,64,"N=64",419610,0.992749,0.992749,0.992749,62.290795,62.290795,0.000000,1.484493e-04,62.745742,2.831445e-10,0.002366,0.002366,2.199965e+11,221.60,4.915200e+04,62.75,in_range,,,,1301,1479,,97,96,97,,-1,-1,-1.000000,-1,t
cpu-gpu-v2,2026-07-19T10:41:49,"20260719_085511_session4",55,55,5,"GEMM","openblas_sgemm",cpu_native,"Intel(R) Core(TM) i9-7900X CPU @ 3.30GHz",8,64,"N=64",419610,1.013745,1.013745,1.013745,65.131791,65.131791,0.000000,1.552198e-04,64.248689,2.960583e-10,0.002416,0.002416,2.199965e+11,217.01,4.915200e+04,64.25,in_range,,,,1448,1481,,98,97,98,,-1,-1,-1.000000,-1,t
cpu-gpu-v2,2026-07-19T10:41:50,"20260719_085511_session4",56,56,6,"GEMM","openblas_sgemm",cpu_native,"Intel(R) Core(TM) i9-7900X CPU @ 3.30GHz",8,64,"N=64",419610,1.030167,1.030167,1.030167,67.282360,67.282360,0.000000,1.603450e-04,65.312116,3.058338e-10,0.002455,0.002455,2.199965e+11,213.55,4.915200e+04,65.31,in_range,,,,1710,1460,,99,98,99,,-1,-1,-1.000000,-1,t
cpu-gpu-v2,2026-07-19T10:41:51,"20260719_085511_session4",57,57,7,"GEMM","openblas_sgemm",cpu_native,"Intel(R) Core(TM) i9-7900X CPU @ 3.30GHz",8,64,"N=64",419610,0.982026,0.982026,0.982026,60.021269,60.021269,0.000000,1.430406e-04,61.119851,2.728283e-10,0.002340,0.002340,2.199965e+11,224.02,4.915200e+04,61.12,in_range,,,,1438,1340,,99,99,99,,-1,-1,-1.000000,-1,t
cpu-gpu-v2,2026-07-19T10:41:52,"20260719_085511_session4",58,58,8,"GEMM","openblas_sgemm",cpu_native,"Intel(R) Core(TM) i9-7900X CPU @ 3.30GHz",8,64,"N=64",419610,0.987006,0.987006,0.987006,60.921719,60.921719,0.000000,1.451865e-04,61.723750,2.769213e-10,0.002352,0.002352,2.199965e+11,222.89,4.915200e+04,61.72,in_range,,,,1339,1339,,99,99,97,,-1,-1,-1.000000,-1,t
cpu-gpu-v2,2026-07-19T10:41:53,"20260719_085511_session4",59,59,9,"GEMM","openblas_sgemm",cpu_native,"Intel(R) Core(TM) i9-7900X CPU @ 3.30GHz",8,64,"N=64",419610,1.010550,1.010550,1.010550,64.397113,64.397113,0.000000,1.534690e-04,63.724785,2.927188e-10,0.002408,0.002408,2.199965e+11,217.70,4.915200e+04,63.72,in_range,,,,1338,1339,,99,97,99,,-1,-1,-1.000000,-1,t
cpu-gpu-v2,2026-07-19T10:41:54,"20260719_085511_session4",60,60,10,"GEMM","openblas_sgemm",cpu_native,"Intel(R) Core(TM) i9-7900X CPU @ 3.30GHz",8,64,"N=64",419610,1.028318,1.028318,1.028318,66.287000,66.287000,0.000000,1.579729e-04,64.461592,3.013094e-10,0.002451,0.002451,2.199965e+11,213.94,4.915200e+04,64.46,in_range,,,,1584,1340,,99,99,98,,-1,-1,-1.000000,-1,t
cpu-gpu-v2,2026-07-19T10:42:03,"20260719_085511_session4",61,61,1,"GEMM","openblas_sgemm",cpu_native,"Intel(R) Core(TM) i9-7900X CPU @ 3.30GHz",2,64,"N=64",412916,1.000773,1.000773,1.000773,64.320759,64.320759,0.000000,1.557720e-04,64.271092,2.971115e-10,0.002424,0.002424,2.164869e+11,216.32,4.915200e+04,64.27,in_range,,,,1420,1340,,99,97,99,,-1,-1,-1.000000,-1,t
cpu-gpu-v2,2026-07-19T10:42:04,"20260719_085511_session4",62,62,2,"GEMM","openblas_sgemm",cpu_native,"Intel(R) Core(TM) i9-7900X CPU @ 3.30GHz",2,64,"N=64",412916,0.949221,0.949221,0.949221,57.127540,57.127540,0.000000,1.383515e-04,60.183611,2.638845e-10,0.002299,0.002299,2.164869e+11,228.07,4.915200e+04,60.18,in_range,,,,1361,1339,,99,99,99,,-1,-1,-1.000000,-1,t
cpu-gpu-v2,2026-07-19T10:42:05,"20260719_085511_session4",63,63,3,"GEMM","openblas_sgemm",cpu_native,"Intel(R) Core(TM) i9-7900X CPU @ 3.30GHz",2,64,"N=64",412916,0.958566,0.958566,0.958566,58.632540,58.632540,0.000000,1.419963e-04,61.166951,2.708364e-10,0.002321,0.002321,2.164869e+11,225.84,4.915200e+04,61.17,in_range,,,,1336,1339,,99,99,98,,-1,-1,-1.000000,-1,t
cpu-gpu-v2,2026-07-19T10:42:06,"20260719_085511_session4",64,64,4,"GEMM","openblas_sgemm",cpu_native,"Intel(R) Core(TM) i9-7900X CPU @ 3.30GHz",2,64,"N=64",412916,0.955461,0.955461,0.955461,57.536718,57.536718,0.000000,1.393424e-04,60.218786,2.657746e-10,0.002314,0.002314,2.164869e+11,226.58,4.915200e+04,60.22,in_range,,,,1340,1339,,98,98,98,,-1,-1,-1.000000,-1,t
cpu-gpu-v2,2026-07-19T10:42:07,"20260719_085511_session4",65,65,5,"GEMM","openblas_sgemm",cpu_native,"Intel(R) Core(TM) i9-7900X CPU @ 3.30GHz",2,64,"N=64",412916,0.957194,0.957194,0.957194,57.828648,57.828648,0.000000,1.400494e-04,60.414790,2.671231e-10,0.002318,0.002318,2.164869e+11,226.17,4.915200e+04,60.41,in_range,,,,1336,1339,,98,98,98,,-1,-1,-1.000000,-1,t
cpu-gpu-v2,2026-07-19T10:42:08,"20260719_085511_session4",66,66,6,"GEMM","openblas_sgemm",cpu_native,"Intel(R) Core(TM) i9-7900X CPU @ 3.30GHz",2,64,"N=64",412916,0.953445,0.953445,0.953445,57.275183,57.275183,0.000000,1.387090e-04,60.071851,2.645665e-10,0.002309,0.002309,2.164869e+11,227.06,4.915200e+04,60.07,in_range,,,,1320,1443,,98,98,98,,-1,-1,-1.000000,-1,t
cpu-gpu-v2,2026-07-19T10:42:09,"20260719_085511_session4",67,67,7,"GEMM","openblas_sgemm",cpu_native,"Intel(R) Core(TM) i9-7900X CPU @ 3.30GHz",2,64,"N=64",412916,0.963721,0.963721,0.963721,58.257663,58.257663,0.000000,1.410884e-04,60.450746,2.691048e-10,0.002334,0.002334,2.164869e+11,224.64,4.915200e+04,60.45,in_range,,,,1574,1339,,98,98,98,,-1,-1,-1.000000,-1,t
cpu-gpu-v2,2026-07-19T10:42:10,"20260719_085511_session4",68,68,8,"GEMM","openblas_sgemm",cpu_native,"Intel(R) Core(TM) i9-7900X CPU @ 3.30GHz",2,64,"N=64",412916,0.953481,0.953481,0.953481,57.246375,57.246375,0.000000,1.386393e-04,60.039326,2.644334e-10,0.002309,0.002309,2.164869e+11,227.05,4.915200e+04,60.04,in_range,,,,1308,1340,,98,98,98,,-1,-1,-1.000000,-1,t
cpu-gpu-v2,2026-07-19T10:42:11,"20260719_085511_session4",69,69,9,"GEMM","openblas_sgemm",cpu_native,"Intel(R) Core(TM) i9-7900X CPU @ 3.30GHz",2,64,"N=64",412916,0.955426,0.955426,0.955426,57.563451,57.563451,0.000000,1.394072e-04,60.249019,2.658981e-10,0.002314,0.002314,2.164869e+11,226.59,4.915200e+04,60.25,in_range,,,,1477,1340,,98,98,98,,-1,-1,-1.000000,-1,t
cpu-gpu-v2,2026-07-19T10:42:12,"20260719_085511_session4",70,70,10,"GEMM","openblas_sgemm",cpu_native,"Intel(R) Core(TM) i9-7900X CPU @ 3.30GHz",2,64,"N=64",412916,0.950198,0.950198,0.950198,56.549233,56.549233,0.000000,1.369509e-04,59.513078,2.612132e-10,0.002301,0.002301,2.164869e+11,227.83,4.915200e+04,59.51,in_range,,,,1214,1340,,98,98,98,,-1,-1,-1.000000,-1,t
cpu-gpu-v2,2026-07-19T10:42:16,"20260719_085511_session4",71,71,1,"GEMM","openblas_sgemm",cpu_native,"Intel(R) Core(TM) i9-7900X CPU @ 3.30GHz",20,8192,"N=8192",1,1.131429,1.131429,1.131429,189.048710,191.352906,2.304196,1.913529e+02,169.124947,1.740345e-10,1131.429214,1131.429214,1.099512e+12,971.79,8.053064e+08,169.12,in_range,,,,3449,3417,,100,99,100,,-1,-1,-1.000000,-1,t
cpu-gpu-v2,2026-07-19T10:42:17,"20260719_085511_session4",72,72,2,"GEMM","openblas_sgemm",cpu_native,"Intel(R) Core(TM) i9-7900X CPU @ 3.30GHz",20,8192,"N=8192",1,1.135349,1.135349,1.135349,189.630007,191.937843,2.307836,1.919378e+02,169.056276,1.745665e-10,1135.348818,1135.348818,1.099512e+12,968.44,8.053064e+08,169.06,in_range,,,,3370,3477,,100,100,100,,-1,-1,-1.000000,-1,t
cpu-gpu-v2,2026-07-19T10:42:18,"20260719_085511_session4",73,73,3,"GEMM","openblas_sgemm",cpu_native,"Intel(R) Core(TM) i9-7900X CPU @ 3.30GHz",20,8192,"N=8192",1,1.133369,1.133369,1.133369,189.698000,192.023906,2.325906,1.920239e+02,169.427513,1.746447e-10,1133.369089,1133.369089,1.099512e+12,970.13,8.053064e+08,169.43,in_range,,,,3479,3427,,100,100,100,,-1,-1,-1.000000,-1,t
cpu-gpu-v2,2026-07-19T10:42:19,"20260719_085511_session4",74,74,4,"GEMM","openblas_sgemm",cpu_native,"Intel(R) Core(TM) i9-7900X CPU @ 3.30GHz",20,8192,"N=8192",1,1.132764,1.132764,1.132764,189.646548,191.960673,2.314125,1.919607e+02,169.462211,1.745872e-10,1132.763890,1132.763890,1.099512e+12,970.65,8.053064e+08,169.46,in_range,,,,3469,3473,,100,100,100,,-1,-1,-1.000000,-1,t
cpu-gpu-v2,2026-07-19T10:42:20,"20260719_085511_session4",75,75,5,"GEMM","openblas_sgemm",cpu_native,"Intel(R) Core(TM) i9-7900X CPU @ 3.30GHz",20,8192,"N=8192",1,1.135216,1.135216,1.135216,190.043703,192.353192,2.309489,1.923532e+02,169.441959,1.749442e-10,1135.215819,1135.215819,1.099512e+12,968.55,8.053064e+08,169.44,in_range,,,,3548,3452,,100,100,100,,-1,-1,-1.000000,-1,t
cpu-gpu-v2,2026-07-19T10:42:21,"20260719_085511_session4",76,76,6,"GEMM","openblas_sgemm",cpu_native,"Intel(R) Core(TM) i9-7900X CPU @ 3.30GHz",20,8192,"N=8192",1,1.133860,1.133860,1.133860,189.959535,192.221839,2.262304,1.922218e+02,169.528702,1.748247e-10,1133.860147,1133.860147,1.099512e+12,969.71,8.053064e+08,169.53,in_range,,,,3381,3416,,100,100,100,,-1,-1,-1.000000,-1,t
cpu-gpu-v2,2026-07-19T10:42:23,"20260719_085511_session4",77,77,7,"GEMM","openblas_sgemm",cpu_native,"Intel(R) Core(TM) i9-7900X CPU @ 3.30GHz",20,8192,"N=8192",1,1.131133,1.131133,1.131133,189.795168,192.038316,2.243148,1.920383e+02,169.775244,1.746578e-10,1131.132614,1131.132614,1.099512e+12,972.04,8.053064e+08,169.78,in_range,,,,3462,3466,,100,100,100,,-1,-1,-1.000000,-1,t
cpu-gpu-v2,2026-07-19T10:42:24,"20260719_085511_session4",78,78,8,"GEMM","openblas_sgemm",cpu_native,"Intel(R) Core(TM) i9-7900X CPU @ 3.30GHz",20,8192,"N=8192",1,1.132884,1.132884,1.132884,190.141848,192.405483,2.263635,1.924055e+02,169.836878,1.749918e-10,1132.884006,1132.884006,1.099512e+12,970.54,8.053064e+08,169.84,in_range,,,,3526,3390,,100,100,100,,-1,-1,-1.000000,-1,t
cpu-gpu-v2,2026-07-19T10:42:25,"20260719_085511_session4",79,79,9,"GEMM","openblas_sgemm",cpu_native,"Intel(R) Core(TM) i9-7900X CPU @ 3.30GHz",20,8192,"N=8192",1,1.134069,1.134069,1.134069,190.173768,192.485399,2.311631,1.924854e+02,169.729937,1.750645e-10,1134.068643,1134.068643,1.099512e+12,969.53,8.053064e+08,169.73,in_range,,,,3419,3427,,100,100,100,,-1,-1,-1.000000,-1,t
cpu-gpu-v2,2026-07-19T10:42:26,"20260719_085511_session4",80,80,10,"GEMM","openblas_sgemm",cpu_native,"Intel(R) Core(TM) i9-7900X CPU @ 3.30GHz",20,8192,"N=8192",1,1.134840,1.134840,1.134840,190.618408,192.919345,2.300937,1.929193e+02,169.996925,1.754591e-10,1134.840202,1134.840202,1.099512e+12,968.87,8.053064e+08,170.00,in_range,,,,3459,3446,,100,100,100,,-1,-1,-1.000000,-1,t
cpu-gpu-v2,2026-07-19T10:42:29,"20260719_085511_session4",81,81,1,"GEMM","openblas_sgemm",cpu_native,"Intel(R) Core(TM) i9-7900X CPU @ 3.30GHz",1,2048,"N=2048",12,1.043256,1.043256,1.043256,70.572512,70.588424,0.015912,5.882369e+00,67.661657,3.423989e-10,86.937993,86.937993,2.061584e+11,197.61,5.033165e+07,67.66,in_range,,,,1305,1433,,98,96,98,,-1,-1,-1.000000,-1,t
cpu-gpu-v2,2026-07-19T10:42:30,"20260719_085511_session4",82,82,2,"GEMM","openblas_sgemm",cpu_native,"Intel(R) Core(TM) i9-7900X CPU @ 3.30GHz",1,2048,"N=2048",12,1.042047,1.042047,1.042047,70.292972,70.308563,0.015591,5.859047e+00,67.471570,3.410414e-10,86.837270,86.837270,2.061584e+11,197.84,5.033165e+07,67.47,in_range,,,,1433,1330,,98,98,98,,-1,-1,-1.000000,-1,t
cpu-gpu-v2,2026-07-19T10:42:31,"20260719_085511_session4",83,83,3,"GEMM","openblas_sgemm",cpu_native,"Intel(R) Core(TM) i9-7900X CPU @ 3.30GHz",1,2048,"N=2048",12,1.070207,1.070207,1.070207,72.072814,72.089353,0.016539,6.007446e+00,67.360199,3.496794e-10,89.183912,89.183912,2.061584e+11,192.63,5.033165e+07,67.36,in_range,,,,1338,1339,,99,98,99,,-1,-1,-1.000000,-1,t
cpu-gpu-v2,2026-07-19T10:42:33,"20260719_085511_session4",84,84,4,"GEMM","openblas_sgemm",cpu_native,"Intel(R) Core(TM) i9-7900X CPU @ 3.30GHz",1,2048,"N=2048",12,1.085683,1.085683,1.085683,72.918087,72.937028,0.018941,6.078086e+00,67.180791,3.537911e-10,90.473565,90.473565,2.061584e+11,189.89,5.033165e+07,67.18,in_range,,,,1469,1339,,100,99,100,,-1,-1,-1.000000,-1,t
cpu-gpu-v2,2026-07-19T10:42:34,"20260719_085511_session4",85,85,5,"GEMM","openblas_sgemm",cpu_native,"Intel(R) Core(TM) i9-7900X CPU @ 3.30GHz",1,2048,"N=2048",12,1.027748,1.027748,1.027748,67.534679,67.555502,0.020823,5.629625e+00,65.731571,3.276873e-10,85.645681,85.645681,2.061584e+11,200.59,5.033165e+07,65.73,in_range,,,,1339,1332,,100,100,97,,-1,-1,-1.000000,-1,t
cpu-gpu-v2,2026-07-19T10:42:35,"20260719_085511_session4",86,86,6,"GEMM","openblas_sgemm",cpu_native,"Intel(R) Core(TM) i9-7900X CPU @ 3.30GHz",1,2048,"N=2048",12,1.071171,1.071171,1.071171,71.922240,71.940860,0.018620,5.995072e+00,67.160937,3.489591e-10,89.264264,89.264264,2.061584e+11,192.46,5.033165e+07,67.16,in_range,,,,1340,1304,,97,97,97,,-1,-1,-1.000000,-1,t
cpu-gpu-v2,2026-07-19T10:42:36,"20260719_085511_session4",87,87,7,"GEMM","openblas_sgemm",cpu_native,"Intel(R) Core(TM) i9-7900X CPU @ 3.30GHz",1,2048,"N=2048",12,1.080298,1.080298,1.080298,72.369017,72.384578,0.015561,6.032048e+00,67.004251,3.511114e-10,90.024857,90.024857,2.061584e+11,190.83,5.033165e+07,67.00,in_range,,,,1482,1339,,100,97,100,,-1,-1,-1.000000,-1,t
cpu-gpu-v2,2026-07-19T10:42:37,"20260719_085511_session4",88,88,8,"GEMM","openblas_sgemm",cpu_native,"Intel(R) Core(TM) i9-7900X CPU @ 3.30GHz",1,2048,"N=2048",12,1.025834,1.025834,1.025834,67.070263,67.089097,0.018834,5.590758e+00,65.399584,3.254250e-10,85.486141,85.486141,2.061584e+11,200.97,5.033165e+07,65.40,in_range,,,,1337,1339,,100,100,99,,-1,-1,-1.000000,-1,t
cpu-gpu-v2,2026-07-19T10:42:38,"20260719_085511_session4",89,89,9,"GEMM","openblas_sgemm",cpu_native,"Intel(R) Core(TM) i9-7900X CPU @ 3.30GHz",1,2048,"N=2048",12,1.027842,1.027842,1.027842,67.010388,67.028090,0.017702,5.585674e+00,65.212454,3.251290e-10,85.653488,85.653488,2.061584e+11,200.57,5.033165e+07,65.21,in_range,,,,1340,1333,,99,99,98,,-1,-1,-1.000000,-1,t
cpu-gpu-v2,2026-07-19T10:42:39,"20260719_085511_session4",90,90,10,"GEMM","openblas_sgemm",cpu_native,"Intel(R) Core(TM) i9-7900X CPU @ 3.30GHz",1,2048,"N=2048",12,1.031340,1.031340,1.031340,67.753123,67.770336,0.017213,5.647528e+00,65.710937,3.287294e-10,85.945024,85.945024,2.061584e+11,199.89,5.033165e+07,65.71,in_range,,,,1340,1339,,100,98,100,,-1,-1,-1.000000,-1,t
cpu-gpu-v2,2026-07-19T10:42:56,"20260719_085511_session4",91,91,1,"GEMM","openblas_sgemm",cpu_native,"Intel(R) Core(TM) i9-7900X CPU @ 3.30GHz",1,8192,"N=8192",1,5.385735,5.385735,5.385735,366.138650,366.362963,0.224313,3.663630e+02,68.024692,3.332052e-10,5385.734967,5385.734967,1.099512e+12,204.15,8.053064e+08,68.02,above,,,,1306,1339,,99,98,99,,-1,-1,-1.000000,-1,t
cpu-gpu-v2,2026-07-19T10:43:01,"20260719_085511_session4",92,92,2,"GEMM","openblas_sgemm",cpu_native,"Intel(R) Core(TM) i9-7900X CPU @ 3.30GHz",1,8192,"N=8192",1,5.151651,5.151651,5.151651,339.749009,340.029672,0.280663,3.400297e+02,66.004017,3.092552e-10,5151.651166,5151.651166,1.099512e+12,213.43,8.053064e+08,66.00,above,,,,1338,1339,,99,99,98,,-1,-1,-1.000000,-1,t
cpu-gpu-v2,2026-07-19T10:43:06,"20260719_085511_session4",93,93,3,"GEMM","openblas_sgemm",cpu_native,"Intel(R) Core(TM) i9-7900X CPU @ 3.30GHz",1,8192,"N=8192",1,5.137498,5.137498,5.137498,336.945915,337.235973,0.290058,3.372360e+02,65.642065,3.067143e-10,5137.497893,5137.497893,1.099512e+12,214.02,8.053064e+08,65.64,above,,,,1319,1340,,98,98,98,,-1,-1,-1.000000,-1,t
cpu-gpu-v2,2026-07-19T10:43:11,"20260719_085511_session4",94,94,4,"GEMM","openblas_sgemm",cpu_native,"Intel(R) Core(TM) i9-7900X CPU @ 3.30GHz",1,8192,"N=8192",1,5.121596,5.121596,5.121596,333.318849,333.568010,0.249161,3.335680e+02,65.129694,3.033783e-10,5121.596457,5121.596457,1.099512e+12,214.68,8.053064e+08,65.13,above,,,,1317,1339,,99,98,99,,-1,-1,-1.000000,-1,t
cpu-gpu-v2,2026-07-19T10:43:17,"20260719_085511_session4",95,95,5,"GEMM","openblas_sgemm",cpu_native,"Intel(R) Core(TM) i9-7900X CPU @ 3.30GHz",1,8192,"N=8192",1,5.316723,5.316723,5.316723,350.684588,350.955964,0.271376,3.509560e+02,66.009829,3.191926e-10,5316.722780,5316.722780,1.099512e+12,206.80,8.053064e+08,66.01,above,,,,1461,1304,,99,99,97,,-1,-1,-1.000000,-1,t
cpu-gpu-v2,2026-07-19T10:43:22,"20260719_085511_session4",96,96,6,"GEMM","openblas_sgemm",cpu_native,"Intel(R) Core(TM) i9-7900X CPU @ 3.30GHz",1,8192,"N=8192",1,5.327939,5.327939,5.327939,350.616473,350.885891,0.269418,3.508859e+02,65.857717,3.191289e-10,5327.938846,5327.938846,1.099512e+12,206.37,8.053064e+08,65.86,above,,,,1477,1339,,99,97,99,,-1,-1,-1.000000,-1,t
cpu-gpu-v2,2026-07-19T10:43:27,"20260719_085511_session4",97,97,7,"GEMM","openblas_sgemm",cpu_native,"Intel(R) Core(TM) i9-7900X CPU @ 3.30GHz",1,8192,"N=8192",1,5.306958,5.306958,5.306958,347.208889,347.505495,0.296606,3.475055e+02,65.481109,3.160544e-10,5306.957983,5306.957983,1.099512e+12,207.18,8.053064e+08,65.48,above,,,,1270,1304,,99,99,95,,-1,-1,-1.000000,-1,t
cpu-gpu-v2,2026-07-19T10:43:32,"20260719_085511_session4",98,98,8,"GEMM","openblas_sgemm",cpu_native,"Intel(R) Core(TM) i9-7900X CPU @ 3.30GHz",1,8192,"N=8192",1,5.037189,5.037189,5.037189,316.977826,317.273484,0.295658,3.172735e+02,62.986222,2.885586e-10,5037.188635,5037.188635,1.099512e+12,218.28,8.053064e+08,62.99,above,,,,1292,1339,,97,95,97,,-1,-1,-1.000000,-1,t
cpu-gpu-v2,2026-07-19T10:43:37,"20260719_085511_session4",99,99,9,"GEMM","openblas_sgemm",cpu_native,"Intel(R) Core(TM) i9-7900X CPU @ 3.30GHz",1,8192,"N=8192",1,5.024335,5.024335,5.024335,314.290760,314.522632,0.231872,3.145226e+02,62.599856,2.860567e-10,5024.334781,5024.334781,1.099512e+12,218.84,8.053064e+08,62.60,above,,,,1337,1340,,98,97,98,,-1,-1,-1.000000,-1,t
cpu-gpu-v2,2026-07-19T10:43:42,"20260719_085511_session4",100,100,10,"GEMM","openblas_sgemm",cpu_native,"Intel(R) Core(TM) i9-7900X CPU @ 3.30GHz",1,8192,"N=8192",1,5.001522,5.001522,5.001522,311.106686,311.368041,0.261355,3.113680e+02,62.254654,2.831876e-10,5001.522332,5001.522332,1.099512e+12,219.84,8.053064e+08,62.25,above,,,,1337,1620,,98,98,95,,-1,-1,-1.000000,-1,t
cpu-gpu-v2,2026-07-19T10:43:45,"20260719_085511_session4",101,101,1,"GEMM","openblas_sgemm",cpu_native,"Intel(R) Core(TM) i9-7900X CPU @ 3.30GHz",8,512,"N=512",3879,1.027287,1.027287,1.027287,145.223566,145.223566,0.000000,3.743840e-02,141.366075,1.394689e-10,0.264833,0.264833,1.041261e+12,1013.60,3.145728e+06,141.37,in_range,,,,2268,2179,,93,92,93,,-1,-1,-1.000000,-1,t
cpu-gpu-v2,2026-07-19T10:43:46,"20260719_085511_session4",102,102,2,"GEMM","openblas_sgemm",cpu_native,"Intel(R) Core(TM) i9-7900X CPU @ 3.30GHz",8,512,"N=512",3879,1.034946,1.034946,1.034946,145.825859,145.825859,0.000000,3.759367e-02,140.901925,1.400473e-10,0.266807,0.266807,1.041261e+12,1006.10,3.145728e+06,140.90,in_range,,,,2179,2180,,93,93,93,,-1,-1,-1.000000,-1,t
cpu-gpu-v2,2026-07-19T10:43:47,"20260719_085511_session4",103,103,3,"GEMM","openblas_sgemm",cpu_native,"Intel(R) Core(TM) i9-7900X CPU @ 3.30GHz",8,512,"N=512",3879,1.001007,1.001007,1.001007,142.389345,142.389345,0.000000,3.670775e-02,142.246086,1.367470e-10,0.258058,0.258058,1.041261e+12,1040.21,3.145728e+06,142.25,in_range,,,,2225,2179,,93,93,92,,-1,-1,-1.000000,-1,t
cpu-gpu-v2,2026-07-19T10:43:48,"20260719_085511_session4",104,104,4,"GEMM","openblas_sgemm",cpu_native,"Intel(R) Core(TM) i9-7900X CPU @ 3.30GHz",8,512,"N=512",3879,1.032731,1.032731,1.032731,144.699336,144.699336,0.000000,3.730326e-02,140.113243,1.389655e-10,0.266236,0.266236,1.041261e+12,1008.26,3.145728e+06,140.11,in_range,,,,2239,2182,,93,92,93,,-1,-1,-1.000000,-1,t
cpu-gpu-v2,2026-07-19T10:43:49,"20260719_085511_session4",105,105,5,"GEMM","openblas_sgemm",cpu_native,"Intel(R) Core(TM) i9-7900X CPU @ 3.30GHz",8,512,"N=512",3879,0.999701,0.999701,0.999701,142.987305,142.987305,0.000000,3.686190e-02,143.030024,1.373213e-10,0.257721,0.257721,1.041261e+12,1041.57,3.145728e+06,143.03,in_range,,,,2219,2180,,93,93,91,,-1,-1,-1.000000,-1,t
cpu-gpu-v2,2026-07-19T10:43:50,"20260719_085511_session4",106,106,6,"GEMM","openblas_sgemm",cpu_native,"Intel(R) Core(TM) i9-7900X CPU @ 3.30GHz",8,512,"N=512",3879,1.005052,1.005052,1.005052,142.331972,142.331972,0.000000,3.669295e-02,141.616552,1.366919e-10,0.259101,0.259101,1.041261e+12,1036.03,3.145728e+06,141.62,in_range,,,,2180,2167,,93,91,93,,-1,-1,-1.000000,-1,t
cpu-gpu-v2,2026-07-19T10:43:51,"20260719_085511_session4",107,107,7,"GEMM","openblas_sgemm",cpu_native,"Intel(R) Core(TM) i9-7900X CPU @ 3.30GHz",8,512,"N=512",3879,0.998446,0.998446,0.998446,142.041140,142.041140,0.000000,3.661798e-02,142.262262,1.364126e-10,0.257398,0.257398,1.041261e+12,1042.88,3.145728e+06,142.26,in_range,,,,2220,2180,,93,93,93,,-1,-1,-1.000000,-1,t
cpu-gpu-v2,2026-07-19T10:43:52,"20260719_085511_session4",108,108,8,"GEMM","openblas_sgemm",cpu_native,"Intel(R) Core(TM) i9-7900X CPU @ 3.30GHz",8,512,"N=512",3879,1.031646,1.031646,1.031646,145.401911,145.401911,0.000000,3.748438e-02,140.941607,1.396402e-10,0.265957,0.265957,1.041261e+12,1009.32,3.145728e+06,140.94,in_range,,,,2208,2180,,91,91,91,,-1,-1,-1.000000,-1,t
cpu-gpu-v2,2026-07-19T10:43:53,"20260719_085511_session4",109,109,9,"GEMM","openblas_sgemm",cpu_native,"Intel(R) Core(TM) i9-7900X CPU @ 3.30GHz",8,512,"N=512",3879,1.034682,1.034682,1.034682,144.678524,144.678524,0.000000,3.729789e-02,139.829013,1.389455e-10,0.266739,0.266739,1.041261e+12,1006.36,3.145728e+06,139.83,in_range,,,,2460,2180,,91,91,91,,-1,-1,-1.000000,-1,t
cpu-gpu-v2,2026-07-19T10:43:54,"20260719_085511_session4",110,110,10,"GEMM","openblas_sgemm",cpu_native,"Intel(R) Core(TM) i9-7900X CPU @ 3.30GHz",8,512,"N=512",3879,1.027590,1.027590,1.027590,144.907527,144.907527,0.000000,3.735693e-02,141.016929,1.391654e-10,0.264911,0.264911,1.041261e+12,1013.30,3.145728e+06,141.02,in_range,,,,2460,2256,,91,91,91,,-1,-1,-1.000000,-1,t
cpu-gpu-v2,2026-07-19T10:43:57,"20260719_085511_session4",111,111,1,"GEMM","openblas_sgemm",cpu_native,"Intel(R) Core(TM) i9-7900X CPU @ 3.30GHz",4,128,"N=128",76533,1.006421,1.006421,1.006421,94.145755,94.145755,0.000000,1.230133e-03,93.545068,2.932865e-10,0.013150,0.013150,3.210027e+11,318.95,1.966080e+05,93.55,in_range,,,,1849,1850,,93,93,92,,-1,-1,-1.000000,-1,t
cpu-gpu-v2,2026-07-19T10:43:58,"20260719_085511_session4",112,112,2,"GEMM","openblas_sgemm",cpu_native,"Intel(R) Core(TM) i9-7900X CPU @ 3.30GHz",4,128,"N=128",76533,1.032281,1.032281,1.032281,95.738341,95.738341,0.000000,1.250942e-03,92.744428,2.982478e-10,0.013488,0.013488,3.210027e+11,310.96,1.966080e+05,92.74,in_range,,,,1910,1850,,92,92,92,,-1,-1,-1.000000,-1,t
cpu-gpu-v2,2026-07-19T10:43:59,"20260719_085511_session4",113,113,3,"GEMM","openblas_sgemm",cpu_native,"Intel(R) Core(TM) i9-7900X CPU @ 3.30GHz",4,128,"N=128",76533,1.035172,1.035172,1.035172,95.769591,95.769591,0.000000,1.251350e-03,92.515646,2.983452e-10,0.013526,0.013526,3.210027e+11,310.10,1.966080e+05,92.52,in_range,,,,2032,1848,,92,92,92,,-1,-1,-1.000000,-1,t
cpu-gpu-v2,2026-07-19T10:44:00,"20260719_085511_session4",114,114,4,"GEMM","openblas_sgemm",cpu_native,"Intel(R) Core(TM) i9-7900X CPU @ 3.30GHz",4,128,"N=128",76533,1.010740,1.010740,1.010740,92.689826,92.689826,0.000000,1.211109e-03,91.704958,2.887510e-10,0.013207,0.013207,3.210027e+11,317.59,1.966080e+05,91.70,in_range,,,,1891,1849,,92,92,90,,-1,-1,-1.000000,-1,t
cpu-gpu-v2,2026-07-19T10:44:01,"20260719_085511_session4",115,115,5,"GEMM","openblas_sgemm",cpu_native,"Intel(R) Core(TM) i9-7900X CPU @ 3.30GHz",4,128,"N=128",76533,1.000134,1.000134,1.000134,93.017828,93.017828,0.000000,1.215395e-03,93.005409,2.897728e-10,0.013068,0.013068,3.210027e+11,320.96,1.966080e+05,93.01,in_range,,,,1839,1849,,92,90,92,,-1,-1,-1.000000,-1,t
cpu-gpu-v2,2026-07-19T10:44:02,"20260719_085511_session4",116,116,6,"GEMM","openblas_sgemm",cpu_native,"Intel(R) Core(TM) i9-7900X CPU @ 3.30GHz",4,128,"N=128",76533,1.009627,1.009627,1.009627,92.731635,92.731635,0.000000,1.211656e-03,91.847390,2.888812e-10,0.013192,0.013192,3.210027e+11,317.94,1.966080e+05,91.85,in_range,,,,1838,1848,,92,92,91,,-1,-1,-1.000000,-1,t
cpu-gpu-v2,2026-07-19T10:44:03,"20260719_085511_session4",117,117,7,"GEMM","openblas_sgemm",cpu_native,"Intel(R) Core(TM) i9-7900X CPU @ 3.30GHz",4,128,"N=128",76533,1.040574,1.040574,1.040574,95.599853,95.599853,0.000000,1.249132e-03,91.872257,2.978164e-10,0.013596,0.013596,3.210027e+11,308.49,1.966080e+05,91.87,in_range,,,,1826,1849,,91,91,91,,-1,-1,-1.000000,-1,t
cpu-gpu-v2,2026-07-19T10:44:04,"20260719_085511_session4",118,118,8,"GEMM","openblas_sgemm",cpu_native,"Intel(R) Core(TM) i9-7900X CPU @ 3.30GHz",4,128,"N=128",76533,0.992190,0.992190,0.992190,92.259774,92.259774,0.000000,1.205490e-03,92.985968,2.874112e-10,0.012964,0.012964,3.210027e+11,323.53,1.966080e+05,92.99,in_range,,,,1845,1850,,91,91,91,,-1,-1,-1.000000,-1,t
cpu-gpu-v2,2026-07-19T10:44:05,"20260719_085511_session4",119,119,9,"GEMM","openblas_sgemm",cpu_native,"Intel(R) Core(TM) i9-7900X CPU @ 3.30GHz",4,128,"N=128",76533,1.022499,1.022499,1.022499,94.631777,94.631777,0.000000,1.236483e-03,92.549490,2.948006e-10,0.013360,0.013360,3.210027e+11,313.94,1.966080e+05,92.55,in_range,,,,1836,1849,,92,91,92,,-1,-1,-1.000000,-1,t
cpu-gpu-v2,2026-07-19T10:44:06,"20260719_085511_session4",120,120,10,"GEMM","openblas_sgemm",cpu_native,"Intel(R) Core(TM) i9-7900X CPU @ 3.30GHz",4,128,"N=128",76533,1.007061,1.007061,1.007061,92.862677,92.862677,0.000000,1.213368e-03,92.211531,2.892894e-10,0.013159,0.013159,3.210027e+11,318.75,1.966080e+05,92.21,in_range,,,,1837,1850,,92,92,91,,-1,-1,-1.000000,-1,t
cpu-gpu-v2,2026-07-19T10:44:08,"20260719_085511_session4",121,121,1,"GEMM","openblas_sgemm",cpu_native,"Intel(R) Core(TM) i9-7900X CPU @ 3.30GHz",20,1024,"N=1024",517,1.005625,1.005625,1.005625,174.612896,174.980586,0.367690,3.384537e-01,174.001770,1.576048e-10,1.945117,1.945117,1.110249e+12,1104.04,1.258291e+07,174.00,in_range,,,,3300,3300,,98,97,98,,-1,-1,-1.000000,-1,t
cpu-gpu-v2,2026-07-19T10:44:09,"20260719_085511_session4",122,122,2,"GEMM","openblas_sgemm",cpu_native,"Intel(R) Core(TM) i9-7900X CPU @ 3.30GHz",20,1024,"N=1024",517,1.002567,1.002567,1.002567,174.790263,175.154372,0.364109,3.387899e-01,174.705977,1.577613e-10,1.939200,1.939200,1.110249e+12,1107.41,1.258291e+07,174.71,in_range,,,,3653,3299,,98,98,98,,-1,-1,-1.000000,-1,t
cpu-gpu-v2,2026-07-19T10:44:11,"20260719_085511_session4",123,123,3,"GEMM","openblas_sgemm",cpu_native,"Intel(R) Core(TM) i9-7900X CPU @ 3.30GHz",20,1024,"N=1024",517,1.004624,1.004624,1.004624,175.311196,175.678105,0.366909,3.398029e-01,174.869512,1.582331e-10,1.943180,1.943180,1.110249e+12,1105.14,1.258291e+07,174.87,in_range,,,,3972,3300,,98,98,98,,-1,-1,-1.000000,-1,t
cpu-gpu-v2,2026-07-19T10:44:12,"20260719_085511_session4",124,124,4,"GEMM","openblas_sgemm",cpu_native,"Intel(R) Core(TM) i9-7900X CPU @ 3.30GHz",20,1024,"N=1024",517,1.004302,1.004302,1.004302,175.209757,175.572734,0.362977,3.395991e-01,174.820570,1.581382e-10,1.942558,1.942558,1.110249e+12,1105.49,1.258291e+07,174.82,in_range,,,,3971,3299,,98,98,98,,-1,-1,-1.000000,-1,t
cpu-gpu-v2,2026-07-19T10:44:13,"20260719_085511_session4",125,125,5,"GEMM","openblas_sgemm",cpu_native,"Intel(R) Core(TM) i9-7900X CPU @ 3.30GHz",20,1024,"N=1024",517,1.005521,1.005521,1.005521,175.738564,176.095299,0.356735,3.406099e-01,175.128455,1.586088e-10,1.944914,1.944914,1.110249e+12,1104.15,1.258291e+07,175.13,in_range,,,,3969,3300,,98,98,97,,-1,-1,-1.000000,-1,t
cpu-gpu-v2,2026-07-19T10:44:14,"20260719_085511_session4",126,126,6,"GEMM","openblas_sgemm",cpu_native,"Intel(R) Core(TM) i9-7900X CPU @ 3.30GHz",20,1024,"N=1024",517,1.015489,1.015489,1.015489,177.018224,177.383313,0.365089,3.431012e-01,174.677674,1.597689e-10,1.964196,1.964196,1.110249e+12,1093.31,1.258291e+07,174.68,in_range,,,,3969,3300,,98,97,98,,-1,-1,-1.000000,-1,t
cpu-gpu-v2,2026-07-19T10:44:15,"20260719_085511_session4",127,127,7,"GEMM","openblas_sgemm",cpu_native,"Intel(R) Core(TM) i9-7900X CPU @ 3.30GHz",20,1024,"N=1024",517,1.004587,1.004587,1.004587,175.763893,176.148412,0.384519,3.407126e-01,175.344059,1.586567e-10,1.943109,1.943109,1.110249e+12,1105.18,1.258291e+07,175.34,in_range,,,,3963,3299,,98,98,98,,-1,-1,-1.000000,-1,t
cpu-gpu-v2,2026-07-19T10:44:16,"20260719_085511_session4",128,128,8,"GEMM","openblas_sgemm",cpu_native,"Intel(R) Core(TM) i9-7900X CPU @ 3.30GHz",20,1024,"N=1024",517,1.062605,1.062605,1.062605,172.557236,172.918515,0.361279,3.344652e-01,162.730758,1.557475e-10,2.055329,2.055329,1.110249e+12,1044.84,1.258291e+07,162.73,in_range,,,,404,3299,,99,98,99,,-1,-1,-1.000000,-1,t
cpu-gpu-v2,2026-07-19T10:44:17,"20260719_085511_session4",129,129,9,"GEMM","openblas_sgemm",cpu_native,"Intel(R) Core(TM) i9-7900X CPU @ 3.30GHz",20,1024,"N=1024",517,1.004098,1.004098,1.004098,175.666238,176.045525,0.379287,3.405136e-01,175.326983,1.585640e-10,1.942163,1.942163,1.110249e+12,1105.72,1.258291e+07,175.33,in_range,,,,3977,3299,,99,99,99,,-1,-1,-1.000000,-1,t
cpu-gpu-v2,2026-07-19T10:44:18,"20260719_085511_session4",130,130,10,"GEMM","openblas_sgemm",cpu_native,"Intel(R) Core(TM) i9-7900X CPU @ 3.30GHz",20,1024,"N=1024",517,1.005049,1.005049,1.005049,176.189613,176.567125,0.377512,3.415225e-01,175.680050,1.590338e-10,1.944003,1.944003,1.110249e+12,1104.67,1.258291e+07,175.68,in_range,,,,3906,3300,,99,99,99,,-1,-1,-1.000000,-1,t
cpu-gpu-v2,2026-07-19T10:44:22,"20260719_085511_session4",131,131,1,"GEMM","openblas_sgemm",cpu_native,"Intel(R) Core(TM) i9-7900X CPU @ 3.30GHz",1,1024,"N=1024",87,1.001445,1.001445,1.001445,63.419332,63.419332,0.000000,7.289578e-01,63.327813,3.394474e-10,11.510864,11.510864,1.868311e+11,186.56,1.258291e+07,63.33,in_range,,,,1305,1339,,100,96,100,,-1,-1,-1.000000,-1,t
cpu-gpu-v2,2026-07-19T10:44:23,"20260719_085511_session4",132,132,2,"GEMM","openblas_sgemm",cpu_native,"Intel(R) Core(TM) i9-7900X CPU @ 3.30GHz",1,1024,"N=1024",87,1.011157,1.011157,1.011157,63.535421,63.535421,0.000000,7.302922e-01,62.834383,3.400688e-10,11.622493,11.622493,1.868311e+11,184.77,1.258291e+07,62.83,in_range,,,,1481,3622,,100,100,93,,-1,-1,-1.000000,-1,t
cpu-gpu-v2,2026-07-19T10:44:24,"20260719_085511_session4",133,133,3,"GEMM","openblas_sgemm",cpu_native,"Intel(R) Core(TM) i9-7900X CPU @ 3.30GHz",1,1024,"N=1024",87,0.998501,0.998501,0.998501,62.776572,62.776572,0.000000,7.215698e-01,62.870829,3.360071e-10,11.477020,11.477020,1.868311e+11,187.11,1.258291e+07,62.87,in_range,,,,3459,1305,,96,93,96,,-1,-1,-1.000000,-1,t
cpu-gpu-v2,2026-07-19T10:44:25,"20260719_085511_session4",134,134,4,"GEMM","openblas_sgemm",cpu_native,"Intel(R) Core(TM) i9-7900X CPU @ 3.30GHz",1,1024,"N=1024",87,0.998923,0.998923,0.998923,62.779319,62.779319,0.000000,7.216014e-01,62.846974,3.360218e-10,11.481879,11.481879,1.868311e+11,187.03,1.258291e+07,62.85,in_range,,,,1461,1304,,97,96,97,,-1,-1,-1.000000,-1,t
cpu-gpu-v2,2026-07-19T10:44:26,"20260719_085511_session4",135,135,5,"GEMM","openblas_sgemm",cpu_native,"Intel(R) Core(TM) i9-7900X CPU @ 3.30GHz",1,1024,"N=1024",87,0.997559,0.997559,0.997559,62.548363,62.548577,0.000214,7.189492e-01,62.701634,3.347868e-10,11.466195,11.466195,1.868311e+11,187.29,1.258291e+07,62.70,in_range,,,,1578,1475,,98,97,98,,-1,-1,-1.000000,-1,t
cpu-gpu-v2,2026-07-19T10:44:27,"20260719_085511_session4",136,136,6,"GEMM","openblas_sgemm",cpu_native,"Intel(R) Core(TM) i9-7900X CPU @ 3.30GHz",1,1024,"N=1024",87,0.997652,0.997652,0.997652,62.480431,62.480431,0.000000,7.181659e-01,62.627512,3.344220e-10,11.467259,11.467259,1.868311e+11,187.27,1.258291e+07,62.63,in_range,,,,1475,1340,,99,98,99,,-1,-1,-1.000000,-1,t
cpu-gpu-v2,2026-07-19T10:44:28,"20260719_085511_session4",137,137,7,"GEMM","openblas_sgemm",cpu_native,"Intel(R) Core(TM) i9-7900X CPU @ 3.30GHz",1,1024,"N=1024",87,0.931546,0.931546,0.931546,55.742655,55.742655,0.000000,6.407202e-01,59.838865,2.983586e-10,10.707425,10.707425,1.868311e+11,200.56,1.258291e+07,59.84,in_range,,,,1250,1339,,99,99,99,,-1,-1,-1.000000,-1,t
cpu-gpu-v2,2026-07-19T10:44:29,"20260719_085511_session4",138,138,8,"GEMM","openblas_sgemm",cpu_native,"Intel(R) Core(TM) i9-7900X CPU @ 3.30GHz",1,1024,"N=1024",87,0.933796,0.933796,0.933796,56.078348,56.078501,0.000153,6.445805e-01,60.054333,3.001562e-10,10.733288,10.733288,1.868311e+11,200.08,1.258291e+07,60.05,in_range,,,,1340,1495,,99,99,98,,-1,-1,-1.000000,-1,t
cpu-gpu-v2,2026-07-19T10:44:30,"20260719_085511_session4",139,139,9,"GEMM","openblas_sgemm",cpu_native,"Intel(R) Core(TM) i9-7900X CPU @ 3.30GHz",1,1024,"N=1024",87,0.936885,0.936885,0.936885,56.023477,56.023477,0.000000,6.439480e-01,59.797593,2.998617e-10,10.768795,10.768795,1.868311e+11,199.42,1.258291e+07,59.80,in_range,,,,1408,1339,,98,98,98,,-1,-1,-1.000000,-1,t
cpu-gpu-v2,2026-07-19T10:44:31,"20260719_085511_session4",140,140,10,"GEMM","openblas_sgemm",cpu_native,"Intel(R) Core(TM) i9-7900X CPU @ 3.30GHz",1,1024,"N=1024",87,0.936609,0.936609,0.936609,55.986185,55.986185,0.000000,6.435194e-01,59.775393,2.996621e-10,10.765623,10.765623,1.868311e+11,199.48,1.258291e+07,59.78,in_range,,,,1286,1305,,98,98,95,,-1,-1,-1.000000,-1,t
cpu-gpu-v2,2026-07-19T10:45:38,"20260719_085511_session4",141,141,1,"GEMM","openblas_sgemm",cpu_native,"Intel(R) Core(TM) i9-7900X CPU @ 3.30GHz",2,16384,"N=16384",1,21.403785,21.403785,21.403785,1799.239229,1806.740757,7.501528,1.806741e+03,84.412208,2.054026e-10,21403.785076,21403.785076,8.796093e+12,410.96,3.221225e+09,84.41,above,,,,1758,1625,,98,98,98,,-1,-1,-1.000000,-1,t
cpu-gpu-v2,2026-07-19T10:46:00,"20260719_085511_session4",142,142,2,"GEMM","openblas_sgemm",cpu_native,"Intel(R) Core(TM) i9-7900X CPU @ 3.30GHz",2,16384,"N=16384",1,21.615508,21.615508,21.615508,1918.793794,1925.872308,7.078514,1.925872e+03,89.096785,2.189463e-10,21615.508350,21615.508350,8.796093e+12,406.93,3.221225e+09,89.10,above,,,,1513,1469,,98,98,98,,-1,-1,-1.000000,-1,t
cpu-gpu-v2,2026-07-19T10:46:21,"20260719_085511_session4",143,143,3,"GEMM","openblas_sgemm",cpu_native,"Intel(R) Core(TM) i9-7900X CPU @ 3.30GHz",2,16384,"N=16384",1,21.400079,21.400079,21.400079,1840.981554,1848.193576,7.212022,1.848194e+03,86.363866,2.101153e-10,21400.079296,21400.079296,8.796093e+12,411.03,3.221225e+09,86.36,above,,,,1500,1752,,98,98,98,,-1,-1,-1.000000,-1,t
cpu-gpu-v2,2026-07-19T10:46:43,"20260719_085511_session4",144,144,4,"GEMM","openblas_sgemm",cpu_native,"Intel(R) Core(TM) i9-7900X CPU @ 3.30GHz",2,16384,"N=16384",1,21.516581,21.516581,21.516581,1912.408251,1919.486475,7.078224,1.919486e+03,89.209641,2.182203e-10,21516.581018,21516.581018,8.796093e+12,408.81,3.221225e+09,89.21,above,,,,1742,1641,,99,98,99,,-1,-1,-1.000000,-1,t
cpu-gpu-v2,2026-07-19T10:47:04,"20260719_085511_session4",145,145,5,"GEMM","openblas_sgemm",cpu_native,"Intel(R) Core(TM) i9-7900X CPU @ 3.30GHz",2,16384,"N=16384",1,21.437665,21.437665,21.437665,1863.420156,1870.859398,7.439242,1.870859e+03,87.269737,2.126921e-10,21437.665069,21437.665069,8.796093e+12,410.31,3.221225e+09,87.27,above,,,,1647,1647,,99,99,98,,-1,-1,-1.000000,-1,t
cpu-gpu-v2,2026-07-19T10:47:26,"20260719_085511_session4",146,146,6,"GEMM","openblas_sgemm",cpu_native,"Intel(R) Core(TM) i9-7900X CPU @ 3.30GHz",2,16384,"N=16384",1,21.359880,21.359880,21.359880,1769.539477,1776.696251,7.156774,1.776696e+03,83.179132,2.019870e-10,21359.879579,21359.879579,8.796093e+12,411.80,3.221225e+09,83.18,above,,,,1635,1475,,98,98,97,,-1,-1,-1.000000,-1,t
cpu-gpu-v2,2026-07-19T10:47:47,"20260719_085511_session4",147,147,7,"GEMM","openblas_sgemm",cpu_native,"Intel(R) Core(TM) i9-7900X CPU @ 3.30GHz",2,16384,"N=16384",1,21.406845,21.406845,21.406845,1760.275828,1767.443924,7.168096,1.767444e+03,82.564429,2.009351e-10,21406.844891,21406.844891,8.796093e+12,410.90,3.221225e+09,82.56,above,,,,1485,1620,,97,97,94,,-1,-1,-1.000000,-1,t
cpu-gpu-v2,2026-07-19T10:48:08,"20260719_085511_session4",148,148,8,"GEMM","openblas_sgemm",cpu_native,"Intel(R) Core(TM) i9-7900X CPU @ 3.30GHz",2,16384,"N=16384",1,21.362529,21.362529,21.362529,1767.054558,1774.620653,7.566095,1.774621e+03,83.071655,2.017510e-10,21362.529200,21362.529200,8.796093e+12,411.75,3.221225e+09,83.07,above,,,,1619,1606,,95,94,95,,-1,-1,-1.000000,-1,t
cpu-gpu-v2,2026-07-19T10:48:30,"20260719_085511_session4",149,149,9,"GEMM","openblas_sgemm",cpu_native,"Intel(R) Core(TM) i9-7900X CPU @ 3.30GHz",2,16384,"N=16384",1,21.314535,21.314535,21.314535,1763.839112,1771.415412,7.576300,1.771415e+03,83.108330,2.013866e-10,21314.534927,21314.534927,8.796093e+12,412.68,3.221225e+09,83.11,above,,,,1621,1648,,95,95,95,,-1,-1,-1.000000,-1,t
cpu-gpu-v2,2026-07-19T10:48:51,"20260719_085511_session4",150,150,10,"GEMM","openblas_sgemm",cpu_native,"Intel(R) Core(TM) i9-7900X CPU @ 3.30GHz",2,16384,"N=16384",1,21.188864,21.188864,21.188864,1834.767336,1842.512518,7.745182,1.842513e+03,86.956643,2.094694e-10,21188.864357,21188.864357,8.796093e+12,415.13,3.221225e+09,86.96,above,,,,1619,1632,,98,95,98,,-1,-1,-1.000000,-1,t
cpu-gpu-v2,2026-07-19T10:49:14,"20260719_085511_session4",151,151,1,"GEMM","openblas_sgemm",cpu_native,"Intel(R) Core(TM) i9-7900X CPU @ 3.30GHz",10,16384,"N=16384",1,6.533366,6.533366,6.533366,1090.566361,1104.438397,13.872036,1.104438e+03,169.045857,1.255601e-10,6533.365665,6533.365665,8.796093e+12,1346.33,3.221225e+09,169.05,above,,,,2140,2154,,92,92,92,,-1,-1,-1.000000,-1,t
cpu-gpu-v2,2026-07-19T10:49:20,"20260719_085511_session4",152,152,2,"GEMM","openblas_sgemm",cpu_native,"Intel(R) Core(TM) i9-7900X CPU @ 3.30GHz",10,16384,"N=16384",1,6.534043,6.534043,6.534043,1095.520205,1109.253133,13.732928,1.109253e+03,169.765190,1.261075e-10,6534.043490,6534.043490,8.796093e+12,1346.19,3.221225e+09,169.77,above,,,,2265,2145,,93,92,93,,-1,-1,-1.000000,-1,t
cpu-gpu-v2,2026-07-19T10:49:27,"20260719_085511_session4",153,153,3,"GEMM","openblas_sgemm",cpu_native,"Intel(R) Core(TM) i9-7900X CPU @ 3.30GHz",10,16384,"N=16384",1,6.524820,6.524820,6.524820,1098.870905,1112.680088,13.809183,1.112680e+03,170.530393,1.264971e-10,6524.819808,6524.819808,8.796093e+12,1348.10,3.221225e+09,170.53,above,,,,2307,2155,,94,93,94,,-1,-1,-1.000000,-1,t
cpu-gpu-v2,2026-07-19T10:49:33,"20260719_085511_session4",154,154,4,"GEMM","openblas_sgemm",cpu_native,"Intel(R) Core(TM) i9-7900X CPU @ 3.30GHz",10,16384,"N=16384",1,6.529527,6.529527,6.529527,1101.915148,1115.814877,13.899729,1.115815e+03,170.887550,1.268535e-10,6529.527025,6529.527025,8.796093e+12,1347.13,3.221225e+09,170.89,above,,,,2172,2155,,94,94,94,,-1,-1,-1.000000,-1,t
cpu-gpu-v2,2026-07-19T10:49:40,"20260719_085511_session4",155,155,5,"GEMM","openblas_sgemm",cpu_native,"Intel(R) Core(TM) i9-7900X CPU @ 3.30GHz",10,16384,"N=16384",1,6.506235,6.506235,6.506235,1104.543925,1118.368209,13.824284,1.118368e+03,171.891767,1.271437e-10,6506.234883,6506.234883,8.796093e+12,1351.95,3.221225e+09,171.89,above,,,,2154,2155,,95,94,95,,-1,-1,-1.000000,-1,t
cpu-gpu-v2,2026-07-19T10:49:46,"20260719_085511_session4",156,156,6,"GEMM","openblas_sgemm",cpu_native,"Intel(R) Core(TM) i9-7900X CPU @ 3.30GHz",10,16384,"N=16384",1,6.553166,6.553166,6.553166,1112.940572,1126.761674,13.821102,1.126762e+03,171.941583,1.280980e-10,6553.165628,6553.165628,8.796093e+12,1342.27,3.221225e+09,171.94,above,,,,2166,2154,,95,95,95,,-1,-1,-1.000000,-1,t
cpu-gpu-v2,2026-07-19T10:49:53,"20260719_085511_session4",157,157,7,"GEMM","openblas_sgemm",cpu_native,"Intel(R) Core(TM) i9-7900X CPU @ 3.30GHz",10,16384,"N=16384",1,6.548822,6.548822,6.548822,1117.147287,1130.993129,13.845842,1.130993e+03,172.701756,1.285790e-10,6548.822396,6548.822396,8.796093e+12,1343.16,3.221225e+09,172.70,above,,,,2154,2155,,97,95,97,,-1,-1,-1.000000,-1,t
cpu-gpu-v2,2026-07-19T10:50:00,"20260719_085511_session4",158,158,8,"GEMM","openblas_sgemm",cpu_native,"Intel(R) Core(TM) i9-7900X CPU @ 3.30GHz",10,16384,"N=16384",1,6.545956,6.545956,6.545956,1118.412420,1132.444157,14.031737,1.132444e+03,172.999045,1.287440e-10,6545.956116,6545.956116,8.796093e+12,1343.74,3.221225e+09,173.00,above,,,,2153,2015,,97,97,97,,-1,-1,-1.000000,-1,t
cpu-gpu-v2,2026-07-19T10:50:06,"20260719_085511_session4",159,159,9,"GEMM","openblas_sgemm",cpu_native,"Intel(R) Core(TM) i9-7900X CPU @ 3.30GHz",10,16384,"N=16384",1,6.515884,6.515884,6.515884,1114.309525,1128.124247,13.814722,1.128124e+03,173.134492,1.282529e-10,6515.883890,6515.883890,8.796093e+12,1349.95,3.221225e+09,173.13,above,,,,2173,2014,,98,97,98,,-1,-1,-1.000000,-1,t
cpu-gpu-v2,2026-07-19T10:50:13,"20260719_085511_session4",160,160,10,"GEMM","openblas_sgemm",cpu_native,"Intel(R) Core(TM) i9-7900X CPU @ 3.30GHz",10,16384,"N=16384",1,6.531092,6.531092,6.531092,1114.984877,1128.970148,13.985271,1.128970e+03,172.860853,1.283490e-10,6531.092068,6531.092068,8.796093e+12,1346.80,3.221225e+09,172.86,above,,,,2017,2154,,98,98,98,,-1,-1,-1.000000,-1,t
cpu-gpu-v2,2026-07-19T10:50:16,"20260719_085511_session4",161,161,1,"GEMM","openblas_sgemm",cpu_native,"Intel(R) Core(TM) i9-7900X CPU @ 3.30GHz",2,4096,"N=4096",3,1.076770,1.076770,1.076770,93.604863,93.882619,0.277756,3.129421e+01,87.189106,2.276953e-10,358.923354,358.923354,4.123169e+11,382.92,2.013266e+08,87.19,in_range,,,,1582,1597,,99,97,99,,-1,-1,-1.000000,-1,t
cpu-gpu-v2,2026-07-19T10:50:17,"20260719_085511_session4",162,162,2,"GEMM","openblas_sgemm",cpu_native,"Intel(R) Core(TM) i9-7900X CPU @ 3.30GHz",2,4096,"N=4096",3,1.073295,1.073295,1.073295,93.950748,94.224496,0.273748,3.140817e+01,87.789966,2.285245e-10,357.764864,357.764864,4.123169e+11,384.16,2.013266e+08,87.79,in_range,,,,1603,1424,,99,99,97,,-1,-1,-1.000000,-1,t
cpu-gpu-v2,2026-07-19T10:50:18,"20260719_085511_session4",163,163,3,"GEMM","openblas_sgemm",cpu_native,"Intel(R) Core(TM) i9-7900X CPU @ 3.30GHz",2,4096,"N=4096",3,1.073305,1.073305,1.073305,93.341131,93.609722,0.268591,3.120324e+01,87.216356,2.270335e-10,357.768224,357.768224,4.123169e+11,384.16,2.013266e+08,87.22,in_range,,,,1604,1666,,99,97,99,,-1,-1,-1.000000,-1,t
cpu-gpu-v2,2026-07-19T10:50:19,"20260719_085511_session4",164,164,4,"GEMM","openblas_sgemm",cpu_native,"Intel(R) Core(TM) i9-7900X CPU @ 3.30GHz",2,4096,"N=4096",3,1.057477,1.057477,1.057477,91.570567,91.829076,0.258509,3.060969e+01,86.837856,2.227148e-10,352.492490,352.492490,4.123169e+11,389.91,2.013266e+08,86.84,in_range,,,,1735,1542,,99,99,98,,-1,-1,-1.000000,-1,t
cpu-gpu-v2,2026-07-19T10:50:20,"20260719_085511_session4",165,165,5,"GEMM","openblas_sgemm",cpu_native,"Intel(R) Core(TM) i9-7900X CPU @ 3.30GHz",2,4096,"N=4096",3,1.059159,1.059159,1.059159,91.636606,91.893324,0.256718,3.063111e+01,86.760623,2.228706e-10,353.053112,353.053112,4.123169e+11,389.29,2.013266e+08,86.76,in_range,,,,1614,1459,,99,98,99,,-1,-1,-1.000000,-1,t
cpu-gpu-v2,2026-07-19T10:50:21,"20260719_085511_session4",166,166,6,"GEMM","openblas_sgemm",cpu_native,"Intel(R) Core(TM) i9-7900X CPU @ 3.30GHz",2,4096,"N=4096",3,1.059659,1.059659,1.059659,92.378853,92.626469,0.247616,3.087549e+01,87.411572,2.246488e-10,353.219706,353.219706,4.123169e+11,389.10,2.013266e+08,87.41,in_range,,,,1616,1582,,99,99,98,,-1,-1,-1.000000,-1,t
cpu-gpu-v2,2026-07-19T10:50:22,"20260719_085511_session4",167,167,7,"GEMM","openblas_sgemm",cpu_native,"Intel(R) Core(TM) i9-7900X CPU @ 3.30GHz",2,4096,"N=4096",3,1.057031,1.057031,1.057031,91.258189,91.523262,0.265073,3.050775e+01,86.585180,2.219731e-10,352.343831,352.343831,4.123169e+11,390.07,2.013266e+08,86.59,in_range,,,,1615,1551,,98,98,98,,-1,-1,-1.000000,-1,t
cpu-gpu-v2,2026-07-19T10:50:23,"20260719_085511_session4",168,168,8,"GEMM","openblas_sgemm",cpu_native,"Intel(R) Core(TM) i9-7900X CPU @ 3.30GHz",2,4096,"N=4096",3,1.057635,1.057635,1.057635,91.339305,91.600047,0.260742,3.053335e+01,86.608398,2.221594e-10,352.544898,352.544898,4.123169e+11,389.85,2.013266e+08,86.61,in_range,,,,1864,1688,,98,98,98,,-1,-1,-1.000000,-1,t
cpu-gpu-v2,2026-07-19T10:50:24,"20260719_085511_session4",169,169,9,"GEMM","openblas_sgemm",cpu_native,"Intel(R) Core(TM) i9-7900X CPU @ 3.30GHz",2,4096,"N=4096",3,1.052521,1.052521,1.052521,90.747876,91.004962,0.257086,3.033499e+01,86.463795,2.207161e-10,350.840340,350.840340,4.123169e+11,391.74,2.013266e+08,86.46,in_range,,,,1724,1594,,99,98,99,,-1,-1,-1.000000,-1,t
cpu-gpu-v2,2026-07-19T10:50:25,"20260719_085511_session4",170,170,10,"GEMM","openblas_sgemm",cpu_native,"Intel(R) Core(TM) i9-7900X CPU @ 3.30GHz",2,4096,"N=4096",3,1.056501,1.056501,1.056501,91.529124,91.768140,0.239016,3.058938e+01,86.860467,2.225670e-10,352.166883,352.166883,4.123169e+11,390.27,2.013266e+08,86.86,in_range,,,,1599,2012,,99,99,99,,-1,-1,-1.000000,-1,t
cpu-gpu-v2,2026-07-19T10:50:28,"20260719_085511_session4",171,171,1,"GEMM","openblas_sgemm",cpu_native,"Intel(R) Core(TM) i9-7900X CPU @ 3.30GHz",8,4096,"N=4096",10,1.078083,1.078083,1.078083,168.547542,170.336204,1.788662,1.703362e+01,157.999174,1.239359e-10,107.808288,107.808288,1.374390e+12,1274.85,2.013266e+08,158.00,in_range,,,,2180,2238,,97,97,97,,-1,-1,-1.000000,-1,t
cpu-gpu-v2,2026-07-19T10:50:29,"20260719_085511_session4",172,172,2,"GEMM","openblas_sgemm",cpu_native,"Intel(R) Core(TM) i9-7900X CPU @ 3.30GHz",8,4096,"N=4096",10,1.081421,1.081421,1.081421,167.952878,169.725245,1.772367,1.697252e+01,156.946553,1.234914e-10,108.142066,108.142066,1.374390e+12,1270.91,2.013266e+08,156.95,in_range,,,,2459,2466,,97,97,97,,-1,-1,-1.000000,-1,t
cpu-gpu-v2,2026-07-19T10:50:30,"20260719_085511_session4",173,173,3,"GEMM","openblas_sgemm",cpu_native,"Intel(R) Core(TM) i9-7900X CPU @ 3.30GHz",8,4096,"N=4096",10,1.084571,1.084571,1.084571,168.441525,170.248425,1.806900,1.702484e+01,156.973094,1.238720e-10,108.457075,108.457075,1.374390e+12,1267.22,2.013266e+08,156.97,in_range,,,,2644,2179,,97,97,97,,-1,-1,-1.000000,-1,t
cpu-gpu-v2,2026-07-19T10:50:31,"20260719_085511_session4",174,174,4,"GEMM","openblas_sgemm",cpu_native,"Intel(R) Core(TM) i9-7900X CPU @ 3.30GHz",8,4096,"N=4096",10,1.084037,1.084037,1.084037,168.663142,170.460387,1.797245,1.704604e+01,157.245908,1.240263e-10,108.403703,108.403703,1.374390e+12,1267.84,2.013266e+08,157.25,in_range,,,,2289,2286,,97,97,97,,-1,-1,-1.000000,-1,t
cpu-gpu-v2,2026-07-19T10:50:32,"20260719_085511_session4",175,175,5,"GEMM","openblas_sgemm",cpu_native,"Intel(R) Core(TM) i9-7900X CPU @ 3.30GHz",8,4096,"N=4096",10,1.082849,1.082849,1.082849,169.638481,171.460252,1.821771,1.714603e+01,158.341846,1.247538e-10,108.284864,108.284864,1.374390e+12,1269.24,2.013266e+08,158.34,in_range,,,,2448,2042,,98,97,98,,-1,-1,-1.000000,-1,t
cpu-gpu-v2,2026-07-19T10:50:33,"20260719_085511_session4",176,176,6,"GEMM","openblas_sgemm",cpu_native,"Intel(R) Core(TM) i9-7900X CPU @ 3.30GHz",8,4096,"N=4096",10,1.100145,1.100145,1.100145,171.596180,173.387565,1.791385,1.733876e+01,157.604295,1.261561e-10,110.014492,110.014492,1.374390e+12,1249.28,2.013266e+08,157.60,in_range,,,,2143,2256,,99,98,99,,-1,-1,-1.000000,-1,t
cpu-gpu-v2,2026-07-19T10:50:35,"20260719_085511_session4",177,177,7,"GEMM","openblas_sgemm",cpu_native,"Intel(R) Core(TM) i9-7900X CPU @ 3.30GHz",8,4096,"N=4096",10,1.105594,1.105594,1.105594,171.683460,173.479542,1.796082,1.734795e+01,156.910744,1.262230e-10,110.559378,110.559378,1.374390e+12,1243.12,2.013266e+08,156.91,in_range,,,,2283,2226,,100,99,100,,-1,-1,-1.000000,-1,t
cpu-gpu-v2,2026-07-19T10:50:36,"20260719_085511_session4",178,178,8,"GEMM","openblas_sgemm",cpu_native,"Intel(R) Core(TM) i9-7900X CPU @ 3.30GHz",8,4096,"N=4096",10,1.079128,1.079128,1.079128,169.276911,171.088890,1.811979,1.710889e+01,158.543713,1.244836e-10,107.912756,107.912756,1.374390e+12,1273.61,2.013266e+08,158.54,in_range,,,,2265,2265,,100,100,98,,-1,-1,-1.000000,-1,t
cpu-gpu-v2,2026-07-19T10:50:37,"20260719_085511_session4",179,179,9,"GEMM","openblas_sgemm",cpu_native,"Intel(R) Core(TM) i9-7900X CPU @ 3.30GHz",8,4096,"N=4096",10,1.087790,1.087790,1.087790,170.415214,172.238959,1.823745,1.722390e+01,158.338377,1.253203e-10,108.779036,108.779036,1.374390e+12,1263.47,2.013266e+08,158.34,in_range,,,,2539,2157,,99,98,99,,-1,-1,-1.000000,-1,t
cpu-gpu-v2,2026-07-19T10:50:38,"20260719_085511_session4",180,180,10,"GEMM","openblas_sgemm",cpu_native,"Intel(R) Core(TM) i9-7900X CPU @ 3.30GHz",8,4096,"N=4096",10,1.101960,1.101960,1.101960,171.258350,173.055106,1.796756,1.730551e+01,157.042945,1.259142e-10,110.196040,110.196040,1.374390e+12,1247.22,2.013266e+08,157.04,in_range,,,,2241,2657,,99,99,99,,-1,-1,-1.000000,-1,t
cpu-gpu-v2,2026-07-19T10:50:40,"20260719_085511_session4",181,181,1,"GEMM","openblas_sgemm",cpu_native,"Intel(R) Core(TM) i9-7900X CPU @ 3.30GHz",8,1024,"N=1024",579,1.009224,1.009224,1.009224,153.801669,153.874252,0.072583,2.657586e-01,152.467934,1.237535e-10,1.743046,1.743046,1.243393e+12,1232.03,1.258291e+07,152.47,in_range,,,,2184,2155,,100,100,99,,-1,-1,-1.000000,-1,t
cpu-gpu-v2,2026-07-19T10:50:41,"20260719_085511_session4",182,182,2,"GEMM","openblas_sgemm",cpu_native,"Intel(R) Core(TM) i9-7900X CPU @ 3.30GHz",8,1024,"N=1024",579,1.013535,1.013535,1.013535,154.039950,154.116114,0.076164,2.661764e-01,152.058080,1.239480e-10,1.750491,1.750491,1.243393e+12,1226.79,1.258291e+07,152.06,in_range,,,,2160,2362,,100,99,100,,-1,-1,-1.000000,-1,t
cpu-gpu-v2,2026-07-19T10:50:42,"20260719_085511_session4",183,183,3,"GEMM","openblas_sgemm",cpu_native,"Intel(R) Core(TM) i9-7900X CPU @ 3.30GHz",8,1024,"N=1024",579,1.008318,1.008318,1.008318,153.023656,153.097555,0.073899,2.644172e-01,151.834520,1.231289e-10,1.741483,1.741483,1.243393e+12,1233.14,1.258291e+07,151.83,in_range,,,,2379,2180,,100,100,99,,-1,-1,-1.000000,-1,t
cpu-gpu-v2,2026-07-19T10:50:43,"20260719_085511_session4",184,184,4,"GEMM","openblas_sgemm",cpu_native,"Intel(R) Core(TM) i9-7900X CPU @ 3.30GHz",8,1024,"N=1024",579,1.013571,1.013571,1.013571,154.065646,154.152336,0.086690,2.662389e-01,152.088383,1.239772e-10,1.750554,1.750554,1.243393e+12,1226.75,1.258291e+07,152.09,in_range,,,,2246,2151,,99,99,99,,-1,-1,-1.000000,-1,t
cpu-gpu-v2,2026-07-19T10:50:44,"20260719_085511_session4",185,185,5,"GEMM","openblas_sgemm",cpu_native,"Intel(R) Core(TM) i9-7900X CPU @ 3.30GHz",8,1024,"N=1024",579,1.015366,1.015366,1.015366,154.697480,154.777851,0.080371,2.673193e-01,152.435504,1.244802e-10,1.753655,1.753655,1.243393e+12,1224.58,1.258291e+07,152.44,in_range,,,,2195,2156,,99,99,99,,-1,-1,-1.000000,-1,t
cpu-gpu-v2,2026-07-19T10:50:45,"20260719_085511_session4",186,186,6,"GEMM","openblas_sgemm",cpu_native,"Intel(R) Core(TM) i9-7900X CPU @ 3.30GHz",8,1024,"N=1024",579,1.016606,1.016606,1.016606,153.980257,154.051249,0.070992,2.660643e-01,151.534865,1.238959e-10,1.755796,1.755796,1.243393e+12,1223.08,1.258291e+07,151.53,in_range,,,,2154,2154,,99,99,99,,-1,-1,-1.000000,-1,t
cpu-gpu-v2,2026-07-19T10:50:46,"20260719_085511_session4",187,187,7,"GEMM","openblas_sgemm",cpu_native,"Intel(R) Core(TM) i9-7900X CPU @ 3.30GHz",8,1024,"N=1024",579,0.996006,0.996006,0.996006,154.141634,154.208710,0.067076,2.663363e-01,154.827111,1.240225e-10,1.720217,1.720217,1.243393e+12,1248.38,1.258291e+07,154.83,in_range,,,,2176,2115,,99,99,99,,-1,-1,-1.000000,-1,t
cpu-gpu-v2,2026-07-19T10:50:47,"20260719_085511_session4",188,188,8,"GEMM","openblas_sgemm",cpu_native,"Intel(R) Core(TM) i9-7900X CPU @ 3.30GHz",8,1024,"N=1024",579,0.994250,0.994250,0.994250,157.168848,157.243450,0.074602,2.715776e-01,158.152785,1.264632e-10,1.717185,1.717185,1.243393e+12,1250.58,1.258291e+07,158.15,in_range,,,,2067,2225,,100,99,100,,-1,-1,-1.000000,-1,t
cpu-gpu-v2,2026-07-19T10:50:48,"20260719_085511_session4",189,189,9,"GEMM","openblas_sgemm",cpu_native,"Intel(R) Core(TM) i9-7900X CPU @ 3.30GHz",8,1024,"N=1024",579,0.996596,0.996596,0.996596,157.262537,157.333391,0.070854,2.717330e-01,157.870748,1.265355e-10,1.721237,1.721237,1.243393e+12,1247.64,1.258291e+07,157.87,in_range,,,,2175,2215,,100,100,100,,-1,-1,-1.000000,-1,t
cpu-gpu-v2,2026-07-19T10:50:49,"20260719_085511_session4",190,190,10,"GEMM","openblas_sgemm",cpu_native,"Intel(R) Core(TM) i9-7900X CPU @ 3.30GHz",8,1024,"N=1024",579,1.022202,1.022202,1.022202,156.589076,156.651485,0.062409,2.705552e-01,153.249079,1.259871e-10,1.765461,1.765461,1.243393e+12,1216.39,1.258291e+07,153.25,in_range,,,,2207,2189,,100,100,99,,-1,-1,-1.000000,-1,t
cpu-gpu-v2,2026-07-19T10:51:29,"20260719_085511_session4",191,191,1,"GEMM","openblas_sgemm",cpu_native,"Intel(R) Core(TM) i9-7900X CPU @ 3.30GHz",4,16384,"N=16384",1,12.005140,12.005140,12.005140,1434.214529,1445.591518,11.376989,1.445592e+03,120.414379,1.643447e-10,12005.140331,12005.140331,8.796093e+12,732.69,3.221225e+09,120.41,above,,,,1718,1715,,99,99,98,,-1,-1,-1.000000,-1,t
cpu-gpu-v2,2026-07-19T10:51:41,"20260719_085511_session4",192,192,2,"GEMM","openblas_sgemm",cpu_native,"Intel(R) Core(TM) i9-7900X CPU @ 3.30GHz",4,16384,"N=16384",1,12.011628,12.011628,12.011628,1402.161633,1413.631048,11.469415,1.413631e+03,117.688543,1.607112e-10,12011.628389,12011.628389,8.796093e+12,732.30,3.221225e+09,117.69,above,,,,1728,1736,,100,98,100,,-1,-1,-1.000000,-1,t
cpu-gpu-v2,2026-07-19T10:51:53,"20260719_085511_session4",193,193,3,"GEMM","openblas_sgemm",cpu_native,"Intel(R) Core(TM) i9-7900X CPU @ 3.30GHz",4,16384,"N=16384",1,12.012228,12.012228,12.012228,1399.144367,1410.741461,11.597094,1.410741e+03,117.442111,1.603827e-10,12012.228370,12012.228370,8.796093e+12,732.26,3.221225e+09,117.44,above,,,,1742,1828,,100,100,98,,-1,-1,-1.000000,-1,t
cpu-gpu-v2,2026-07-19T10:52:05,"20260719_085511_session4",194,194,4,"GEMM","openblas_sgemm",cpu_native,"Intel(R) Core(TM) i9-7900X CPU @ 3.30GHz",4,16384,"N=16384",1,12.041132,12.041132,12.041132,1368.488562,1380.074380,11.585818,1.380074e+03,114.613341,1.568963e-10,12041.132094,12041.132094,8.796093e+12,730.50,3.221225e+09,114.61,above,,,,1947,1722,,99,98,99,,-1,-1,-1.000000,-1,t
cpu-gpu-v2,2026-07-19T10:52:17,"20260719_085511_session4",195,195,5,"GEMM","openblas_sgemm",cpu_native,"Intel(R) Core(TM) i9-7900X CPU @ 3.30GHz",4,16384,"N=16384",1,12.049885,12.049885,12.049885,1354.695568,1366.309079,11.613511,1.366309e+03,113.387731,1.553314e-10,12049.884672,12049.884672,8.796093e+12,729.97,3.221225e+09,113.39,above,,,,2455,1724,,99,99,99,,-1,-1,-1.000000,-1,t
cpu-gpu-v2,2026-07-19T10:52:29,"20260719_085511_session4",196,196,6,"GEMM","openblas_sgemm",cpu_native,"Intel(R) Core(TM) i9-7900X CPU @ 3.30GHz",4,16384,"N=16384",1,12.050014,12.050014,12.050014,1341.298019,1352.897699,11.599680,1.352898e+03,112.273534,1.538067e-10,12050.014368,12050.014368,8.796093e+12,729.97,3.221225e+09,112.27,above,,,,2013,2135,,99,99,98,,-1,-1,-1.000000,-1,t
cpu-gpu-v2,2026-07-19T10:52:41,"20260719_085511_session4",197,197,7,"GEMM","openblas_sgemm",cpu_native,"Intel(R) Core(TM) i9-7900X CPU @ 3.30GHz",4,16384,"N=16384",1,12.014138,12.014138,12.014138,1400.670243,1412.460270,11.790027,1.412460e+03,117.566513,1.605781e-10,12014.137631,12014.137631,8.796093e+12,732.15,3.221225e+09,117.57,above,,,,2290,1722,,99,98,99,,-1,-1,-1.000000,-1,t
cpu-gpu-v2,2026-07-19T10:52:53,"20260719_085511_session4",198,198,8,"GEMM","openblas_sgemm",cpu_native,"Intel(R) Core(TM) i9-7900X CPU @ 3.30GHz",4,16384,"N=16384",1,12.022934,12.022934,12.022934,1400.352677,1412.101210,11.748533,1.412101e+03,117.450633,1.605373e-10,12022.934004,12022.934004,8.796093e+12,731.61,3.221225e+09,117.45,above,,,,1739,1705,,99,99,98,,-1,-1,-1.000000,-1,t
cpu-gpu-v2,2026-07-19T10:53:05,"20260719_085511_session4",199,199,9,"GEMM","openblas_sgemm",cpu_native,"Intel(R) Core(TM) i9-7900X CPU @ 3.30GHz",4,16384,"N=16384",1,12.057458,12.057458,12.057458,1369.748569,1381.598052,11.849483,1.381598e+03,114.584518,1.570695e-10,12057.458352,12057.458352,8.796093e+12,729.51,3.221225e+09,114.58,above,,,,1992,1683,,98,98,98,,-1,-1,-1.000000,-1,t
cpu-gpu-v2,2026-07-19T10:53:17,"20260719_085511_session4",200,200,10,"GEMM","openblas_sgemm",cpu_native,"Intel(R) Core(TM) i9-7900X CPU @ 3.30GHz",4,16384,"N=16384",1,12.068525,12.068525,12.068525,1367.871681,1379.430295,11.558614,1.379430e+03,114.299822,1.568231e-10,12068.525335,12068.525335,8.796093e+12,728.85,3.221225e+09,114.30,above,,,,1745,1703,,98,98,98,,-1,-1,-1.000000,-1,t
cpu-gpu-v2,2026-07-19T10:53:44,"20260719_085511_session4",201,201,1,"GEMM","openblas_sgemm",cpu_native,"Intel(R) Core(TM) i9-7900X CPU @ 3.30GHz",16,16384,"N=16384",1,7.958396,7.958396,7.958396,1332.976873,1346.673861,13.696988,1.346674e+03,169.214221,1.530991e-10,7958.396470,7958.396470,8.796093e+12,1105.26,3.221225e+09,169.21,above,,,,2347,2376,,99,99,98,,-1,-1,-1.000000,-1,t
cpu-gpu-v2,2026-07-19T10:53:52,"20260719_085511_session4",202,202,2,"GEMM","openblas_sgemm",cpu_native,"Intel(R) Core(TM) i9-7900X CPU @ 3.30GHz",16,16384,"N=16384",1,8.084007,8.084007,8.084007,1346.125033,1359.845523,13.720490,1.359846e+03,168.214300,1.545965e-10,8084.006692,8084.006692,8.796093e+12,1088.09,3.221225e+09,168.21,above,,,,2394,2125,,98,98,98,,-1,-1,-1.000000,-1,t
cpu-gpu-v2,2026-07-19T10:54:00,"20260719_085511_session4",203,203,3,"GEMM","openblas_sgemm",cpu_native,"Intel(R) Core(TM) i9-7900X CPU @ 3.30GHz",16,16384,"N=16384",1,8.031753,8.031753,8.031753,1354.778209,1368.773792,13.995583,1.368774e+03,170.420315,1.556116e-10,8031.752505,8031.752505,8.796093e+12,1095.16,3.221225e+09,170.42,above,,,,2134,2380,,99,98,99,,-1,-1,-1.000000,-1,t
cpu-gpu-v2,2026-07-19T10:54:08,"20260719_085511_session4",204,204,4,"GEMM","openblas_sgemm",cpu_native,"Intel(R) Core(TM) i9-7900X CPU @ 3.30GHz",16,16384,"N=16384",1,8.009467,8.009467,8.009467,1312.398679,1326.171647,13.772968,1.326172e+03,165.575512,1.507683e-10,8009.467303,8009.467303,8.796093e+12,1098.21,3.221225e+09,165.58,above,,,,2429,2249,,99,99,99,,-1,-1,-1.000000,-1,t
cpu-gpu-v2,2026-07-19T10:54:16,"20260719_085511_session4",205,205,5,"GEMM","openblas_sgemm",cpu_native,"Intel(R) Core(TM) i9-7900X CPU @ 3.30GHz",16,16384,"N=16384",1,7.948840,7.948840,7.948840,1308.603400,1322.349058,13.745658,1.322349e+03,166.357490,1.503337e-10,7948.839925,7948.839925,8.796093e+12,1106.59,3.221225e+09,166.36,above,,,,2356,1862,,100,99,100,,-1,-1,-1.000000,-1,t
cpu-gpu-v2,2026-07-19T10:54:24,"20260719_085511_session4",206,206,6,"GEMM","openblas_sgemm",cpu_native,"Intel(R) Core(TM) i9-7900X CPU @ 3.30GHz",16,16384,"N=16384",1,8.022174,8.022174,8.022174,1303.729512,1318.005636,14.276124,1.318006e+03,164.295328,1.498399e-10,8022.173565,8022.173565,8.796093e+12,1096.47,3.221225e+09,164.30,above,,,,1856,2267,,100,100,98,,-1,-1,-1.000000,-1,t
cpu-gpu-v2,2026-07-19T10:54:32,"20260719_085511_session4",207,207,7,"GEMM","openblas_sgemm",cpu_native,"Intel(R) Core(TM) i9-7900X CPU @ 3.30GHz",16,16384,"N=16384",1,8.030878,8.030878,8.030878,1270.840313,1284.530080,13.689767,1.284530e+03,159.948900,1.460342e-10,8030.877880,8030.877880,8.796093e+12,1095.28,3.221225e+09,159.95,above,,,,2276,2423,,99,98,99,,-1,-1,-1.000000,-1,t
cpu-gpu-v2,2026-07-19T10:54:40,"20260719_085511_session4",208,208,8,"GEMM","openblas_sgemm",cpu_native,"Intel(R) Core(TM) i9-7900X CPU @ 3.30GHz",16,16384,"N=16384",1,8.130669,8.130669,8.130669,1284.812690,1298.907631,14.094941,1.298908e+03,159.754081,1.476687e-10,8130.669467,8130.669467,8.796093e+12,1081.84,3.221225e+09,159.75,above,,,,2427,2102,,99,99,99,,-1,-1,-1.000000,-1,t
cpu-gpu-v2,2026-07-19T10:54:48,"20260719_085511_session4",209,209,9,"GEMM","openblas_sgemm",cpu_native,"Intel(R) Core(TM) i9-7900X CPU @ 3.30GHz",16,16384,"N=16384",1,8.051570,8.051570,8.051570,1294.224653,1308.559988,14.335335,1.308560e+03,162.522336,1.487660e-10,8051.570134,8051.570134,8.796093e+12,1092.47,3.221225e+09,162.52,above,,,,2100,2640,,99,99,99,,-1,-1,-1.000000,-1,t
cpu-gpu-v2,2026-07-19T10:54:57,"20260719_085511_session4",210,210,10,"GEMM","openblas_sgemm",cpu_native,"Intel(R) Core(TM) i9-7900X CPU @ 3.30GHz",16,16384,"N=16384",1,8.229824,8.229824,8.229824,1276.924892,1290.693255,13.768363,1.290693e+03,156.831213,1.467348e-10,8229.823852,8229.823852,8.796093e+12,1068.81,3.221225e+09,156.83,above,,,,2490,2198,,99,99,99,,-1,-1,-1.000000,-1,t
cpu-gpu-v2,2026-07-19T10:55:03,"20260719_085511_session4",211,211,1,"GEMM","openblas_sgemm",cpu_native,"Intel(R) Core(TM) i9-7900X CPU @ 3.30GHz",10,8192,"N=8192",2,1.601606,1.601606,1.601606,250.515655,253.606943,3.091288,1.268035e+02,158.345448,1.153271e-10,800.802760,800.802760,2.199023e+12,1373.01,8.053064e+08,158.35,above,,,,2305,2228,,99,99,99,,-1,-1,-1.000000,-1,t
cpu-gpu-v2,2026-07-19T10:55:04,"20260719_085511_session4",212,212,2,"GEMM","openblas_sgemm",cpu_native,"Intel(R) Core(TM) i9-7900X CPU @ 3.30GHz",10,8192,"N=8192",2,1.602819,1.602819,1.602819,251.529386,254.708267,3.178881,1.273541e+02,158.912692,1.158279e-10,801.409451,801.409451,2.199023e+12,1371.97,8.053064e+08,158.91,above,,,,2583,2417,,99,99,99,,-1,-1,-1.000000,-1,t
cpu-gpu-v2,2026-07-19T10:55:06,"20260719_085511_session4",213,213,3,"GEMM","openblas_sgemm",cpu_native,"Intel(R) Core(TM) i9-7900X CPU @ 3.30GHz",10,8192,"N=8192",2,1.601022,1.601022,1.601022,250.494171,253.626035,3.131864,1.268130e+02,158.415073,1.153358e-10,800.511055,800.511055,2.199023e+12,1373.51,8.053064e+08,158.42,above,,,,2422,2288,,99,99,99,,-1,-1,-1.000000,-1,t
cpu-gpu-v2,2026-07-19T10:55:07,"20260719_085511_session4",214,214,4,"GEMM","openblas_sgemm",cpu_native,"Intel(R) Core(TM) i9-7900X CPU @ 3.30GHz",10,8192,"N=8192",2,1.602791,1.602791,1.602791,250.024202,253.168413,3.144211,1.265842e+02,157.954679,1.151277e-10,801.395736,801.395736,2.199023e+12,1372.00,8.053064e+08,157.95,above,,,,2288,2189,,99,99,99,,-1,-1,-1.000000,-1,t
cpu-gpu-v2,2026-07-19T10:55:09,"20260719_085511_session4",215,215,5,"GEMM","openblas_sgemm",cpu_native,"Intel(R) Core(TM) i9-7900X CPU @ 3.30GHz",10,8192,"N=8192",2,1.606607,1.606607,1.606607,250.131257,253.260918,3.129661,1.266305e+02,157.637165,1.151697e-10,803.303328,803.303328,2.199023e+12,1368.74,8.053064e+08,157.64,above,,,,2192,2225,,99,99,99,,-1,-1,-1.000000,-1,t
cpu-gpu-v2,2026-07-19T10:55:11,"20260719_085511_session4",216,216,6,"GEMM","openblas_sgemm",cpu_native,"Intel(R) Core(TM) i9-7900X CPU @ 3.30GHz",10,8192,"N=8192",2,1.600899,1.600899,1.600899,249.297519,252.398447,3.100928,1.261992e+02,157.660491,1.147775e-10,800.449263,800.449263,2.199023e+12,1373.62,8.053064e+08,157.66,above,,,,2274,2371,,99,99,99,,-1,-1,-1.000000,-1,t
cpu-gpu-v2,2026-07-19T10:55:12,"20260719_085511_session4",217,217,7,"GEMM","openblas_sgemm",cpu_native,"Intel(R) Core(TM) i9-7900X CPU @ 3.30GHz",10,8192,"N=8192",2,1.619600,1.619600,1.619600,249.952973,253.039595,3.086622,1.265198e+02,156.235883,1.150691e-10,809.799868,809.799868,2.199023e+12,1357.76,8.053064e+08,156.24,above,,,,2360,2189,,99,99,99,,-1,-1,-1.000000,-1,t
cpu-gpu-v2,2026-07-19T10:55:14,"20260719_085511_session4",218,218,8,"GEMM","openblas_sgemm",cpu_native,"Intel(R) Core(TM) i9-7900X CPU @ 3.30GHz",10,8192,"N=8192",2,1.604480,1.604480,1.604480,248.397374,251.540560,3.143186,1.257703e+02,156.773836,1.143874e-10,802.240242,802.240242,2.199023e+12,1370.55,8.053064e+08,156.77,above,,,,2187,2219,,100,99,100,,-1,-1,-1.000000,-1,t
cpu-gpu-v2,2026-07-19T10:55:15,"20260719_085511_session4",219,219,9,"GEMM","openblas_sgemm",cpu_native,"Intel(R) Core(TM) i9-7900X CPU @ 3.30GHz",10,8192,"N=8192",2,1.611819,1.611819,1.611819,248.800083,252.034794,3.234711,1.260174e+02,156.366693,1.146122e-10,805.909460,805.909460,2.199023e+12,1364.31,8.053064e+08,156.37,above,,,,2567,2467,,100,100,99,,-1,-1,-1.000000,-1,t
cpu-gpu-v2,2026-07-19T10:55:17,"20260719_085511_session4",220,220,10,"GEMM","openblas_sgemm",cpu_native,"Intel(R) Core(TM) i9-7900X CPU @ 3.30GHz",10,8192,"N=8192",2,1.614717,1.614717,1.614717,248.822300,252.070582,3.248282,1.260353e+02,156.108236,1.146284e-10,807.358370,807.358370,2.199023e+12,1361.86,8.053064e+08,156.11,above,,,,2600,2197,,99,99,99,,-1,-1,-1.000000,-1,t
cpu-gpu-v2,2026-07-19T10:55:23,"20260719_085511_session4",221,221,1,"GEMM","openblas_sgemm",cpu_native,"Intel(R) Core(TM) i9-7900X CPU @ 3.30GHz",8,8192,"N=8192",2,1.825766,1.825766,1.825766,254.247152,256.927299,2.680147,1.284636e+02,140.723013,1.168370e-10,912.883023,912.883023,2.199023e+12,1204.44,8.053064e+08,140.72,above,,,,2179,1995,,99,99,99,,-1,-1,-1.000000,-1,t
cpu-gpu-v2,2026-07-19T10:55:25,"20260719_085511_session4",222,222,2,"GEMM","openblas_sgemm",cpu_native,"Intel(R) Core(TM) i9-7900X CPU @ 3.30GHz",8,8192,"N=8192",2,1.835650,1.835650,1.835650,253.399803,256.080179,2.680376,1.280401e+02,139.503826,1.164518e-10,917.824932,917.824932,2.199023e+12,1197.95,8.053064e+08,139.50,above,,,,2132,2027,,99,99,98,,-1,-1,-1.000000,-1,t
cpu-gpu-v2,2026-07-19T10:55:27,"20260719_085511_session4",223,223,3,"GEMM","openblas_sgemm",cpu_native,"Intel(R) Core(TM) i9-7900X CPU @ 3.30GHz",8,8192,"N=8192",2,1.835349,1.835349,1.835349,255.510027,258.296585,2.786558,1.291483e+02,140.734326,1.174597e-10,917.674432,917.674432,2.199023e+12,1198.15,8.053064e+08,140.73,above,,,,2049,1961,,99,98,99,,-1,-1,-1.000000,-1,t
cpu-gpu-v2,2026-07-19T10:55:29,"20260719_085511_session4",224,224,4,"GEMM","openblas_sgemm",cpu_native,"Intel(R) Core(TM) i9-7900X CPU @ 3.30GHz",8,8192,"N=8192",2,1.838714,1.838714,1.838714,251.211698,253.913189,2.701491,1.269566e+02,138.092840,1.154664e-10,919.356820,919.356820,2.199023e+12,1195.96,8.053064e+08,138.09,above,,,,1968,1967,,99,99,99,,-1,-1,-1.000000,-1,t
cpu-gpu-v2,2026-07-19T10:55:31,"20260719_085511_session4",225,225,5,"GEMM","openblas_sgemm",cpu_native,"Intel(R) Core(TM) i9-7900X CPU @ 3.30GHz",8,8192,"N=8192",2,1.836293,1.836293,1.836293,253.549155,256.267215,2.718060,1.281336e+02,139.556840,1.165368e-10,918.146378,918.146378,2.199023e+12,1197.53,8.053064e+08,139.56,above,,,,1967,1987,,99,99,98,,-1,-1,-1.000000,-1,t
cpu-gpu-v2,2026-07-19T10:55:33,"20260719_085511_session4",226,226,6,"GEMM","openblas_sgemm",cpu_native,"Intel(R) Core(TM) i9-7900X CPU @ 3.30GHz",8,8192,"N=8192",2,1.835346,1.835346,1.835346,254.112508,256.830660,2.718152,1.284153e+02,139.935836,1.167931e-10,917.672943,917.672943,2.199023e+12,1198.15,8.053064e+08,139.94,above,,,,2002,2218,,99,98,99,,-1,-1,-1.000000,-1,t
cpu-gpu-v2,2026-07-19T10:55:34,"20260719_085511_session4",227,227,7,"GEMM","openblas_sgemm",cpu_native,"Intel(R) Core(TM) i9-7900X CPU @ 3.30GHz",8,8192,"N=8192",2,1.846244,1.846244,1.846244,252.471339,255.174711,2.703372,1.275874e+02,138.212904,1.160400e-10,923.121876,923.121876,2.199023e+12,1191.08,8.053064e+08,138.21,above,,,,2239,2320,,100,99,100,,-1,-1,-1.000000,-1,t
cpu-gpu-v2,2026-07-19T10:55:36,"20260719_085511_session4",228,228,8,"GEMM","openblas_sgemm",cpu_native,"Intel(R) Core(TM) i9-7900X CPU @ 3.30GHz",8,8192,"N=8192",2,1.839449,1.839449,1.839449,254.451314,257.161480,2.710166,1.285807e+02,139.803504,1.169435e-10,919.724732,919.724732,2.199023e+12,1195.48,8.053064e+08,139.80,above,,,,2220,2035,,100,100,98,,-1,-1,-1.000000,-1,t
cpu-gpu-v2,2026-07-19T10:55:38,"20260719_085511_session4",229,229,9,"GEMM","openblas_sgemm",cpu_native,"Intel(R) Core(TM) i9-7900X CPU @ 3.30GHz",8,8192,"N=8192",2,1.815748,1.815748,1.815748,258.082530,260.865814,2.783284,1.304329e+02,143.668546,1.186280e-10,907.873785,907.873785,2.199023e+12,1211.08,8.053064e+08,143.67,above,,,,2041,2087,,99,98,99,,-1,-1,-1.000000,-1,t
cpu-gpu-v2,2026-07-19T10:55:40,"20260719_085511_session4",230,230,10,"GEMM","openblas_sgemm",cpu_native,"Intel(R) Core(TM) i9-7900X CPU @ 3.30GHz",8,8192,"N=8192",2,1.792901,1.792901,1.792901,257.217908,260.031104,2.813196,1.300156e+02,145.033747,1.182485e-10,896.450341,896.450341,2.199023e+12,1226.52,8.053064e+08,145.03,above,,,,2094,2111,,99,99,99,,-1,-1,-1.000000,-1,t
cpu-gpu-v2,2026-07-19T10:55:44,"20260719_085511_session4",231,231,1,"GEMM","openblas_sgemm",cpu_native,"Intel(R) Core(TM) i9-7900X CPU @ 3.30GHz",4,256,"N=256",14703,1.000271,1.000271,1.000271,103.123271,103.123271,0.000000,7.013757e-03,103.095316,2.090263e-10,0.068032,0.068032,4.933508e+11,493.22,7.864320e+05,103.10,in_range,,,,1724,1731,,99,99,99,,-1,-1,-1.000000,-1,t
cpu-gpu-v2,2026-07-19T10:55:45,"20260719_085511_session4",232,232,2,"GEMM","openblas_sgemm",cpu_native,"Intel(R) Core(TM) i9-7900X CPU @ 3.30GHz",4,256,"N=256",14703,0.998403,0.998403,0.998403,103.243205,103.243205,0.000000,7.021914e-03,103.408327,2.092694e-10,0.067905,0.067905,4.933508e+11,494.14,7.864320e+05,103.41,in_range,,,,1731,1782,,99,99,99,,-1,-1,-1.000000,-1,t
cpu-gpu-v2,2026-07-19T10:55:46,"20260719_085511_session4",233,233,3,"GEMM","openblas_sgemm",cpu_native,"Intel(R) Core(TM) i9-7900X CPU @ 3.30GHz",4,256,"N=256",14703,0.996298,0.996298,0.996298,102.587262,102.587262,0.000000,6.977301e-03,102.968480,2.079398e-10,0.067762,0.067762,4.933508e+11,495.18,7.864320e+05,102.97,in_range,,,,1778,1728,,99,99,99,,-1,-1,-1.000000,-1,t
cpu-gpu-v2,2026-07-19T10:55:47,"20260719_085511_session4",234,234,4,"GEMM","openblas_sgemm",cpu_native,"Intel(R) Core(TM) i9-7900X CPU @ 3.30GHz",4,256,"N=256",14703,0.996807,0.996807,0.996807,103.056011,103.056011,0.000000,7.009183e-03,103.386163,2.088899e-10,0.067796,0.067796,4.933508e+11,494.93,7.864320e+05,103.39,in_range,,,,1728,1962,,99,99,99,,-1,-1,-1.000000,-1,t
cpu-gpu-v2,2026-07-19T10:55:48,"20260719_085511_session4",235,235,5,"GEMM","openblas_sgemm",cpu_native,"Intel(R) Core(TM) i9-7900X CPU @ 3.30GHz",4,256,"N=256",14703,0.994472,0.994472,0.994472,102.926189,102.926189,0.000000,7.000353e-03,103.498307,2.086268e-10,0.067637,0.067637,4.933508e+11,496.09,7.864320e+05,103.50,in_range,,,,2012,1729,,99,99,99,,-1,-1,-1.000000,-1,t
cpu-gpu-v2,2026-07-19T10:55:49,"20260719_085511_session4",236,236,6,"GEMM","openblas_sgemm",cpu_native,"Intel(R) Core(TM) i9-7900X CPU @ 3.30GHz",4,256,"N=256",14703,0.997190,0.997190,0.997190,103.196147,103.196147,0.000000,7.018714e-03,103.486947,2.091740e-10,0.067822,0.067822,4.933508e+11,494.74,7.864320e+05,103.49,in_range,,,,1857,1730,,99,99,99,,-1,-1,-1.000000,-1,t
cpu-gpu-v2,2026-07-19T10:55:50,"20260719_085511_session4",237,237,7,"GEMM","openblas_sgemm",cpu_native,"Intel(R) Core(TM) i9-7900X CPU @ 3.30GHz",4,256,"N=256",14703,0.996861,0.996861,0.996861,103.086955,103.086955,0.000000,7.011287e-03,103.411559,2.089526e-10,0.067800,0.067800,4.933508e+11,494.90,7.864320e+05,103.41,in_range,,,,1784,1778,,99,99,99,,-1,-1,-1.000000,-1,t
cpu-gpu-v2,2026-07-19T10:55:51,"20260719_085511_session4",238,238,8,"GEMM","openblas_sgemm",cpu_native,"Intel(R) Core(TM) i9-7900X CPU @ 3.30GHz",4,256,"N=256",14703,0.982523,0.982523,0.982523,100.817002,100.817002,0.000000,6.856900e-03,102.610331,2.043515e-10,0.066825,0.066825,4.933508e+11,502.13,7.864320e+05,102.61,in_range,,,,1767,1864,,99,99,99,,-1,-1,-1.000000,-1,t
cpu-gpu-v2,2026-07-19T10:55:52,"20260719_085511_session4",239,239,9,"GEMM","openblas_sgemm",cpu_native,"Intel(R) Core(TM) i9-7900X CPU @ 3.30GHz",4,256,"N=256",14703,0.980426,0.980426,0.980426,100.836412,100.836412,0.000000,6.858220e-03,102.849546,2.043909e-10,0.066682,0.066682,4.933508e+11,503.20,7.864320e+05,102.85,in_range,,,,1920,1775,,99,99,99,,-1,-1,-1.000000,-1,t
cpu-gpu-v2,2026-07-19T10:55:53,"20260719_085511_session4",240,240,10,"GEMM","openblas_sgemm",cpu_native,"Intel(R) Core(TM) i9-7900X CPU @ 3.30GHz",4,256,"N=256",14703,0.993904,0.993904,0.993904,103.487773,103.487773,0.000000,7.038548e-03,104.122514,2.097651e-10,0.067599,0.067599,4.933508e+11,496.38,7.864320e+05,104.12,in_range,,,,1775,1775,,99,99,99,,-1,-1,-1.000000,-1,t
cpu-gpu-v2,2026-07-19T10:55:55,"20260719_085511_session4",241,241,1,"GEMM","openblas_sgemm",cpu_native,"Intel(R) Core(TM) i9-7900X CPU @ 3.30GHz",20,2048,"N=2048",37,1.015251,1.015251,1.015251,161.216872,162.756939,1.540067,4.398836e+00,160.311974,2.560460e-10,27.439224,27.439224,6.356552e+11,626.11,5.033165e+07,160.31,in_range,,,,3239,3200,,100,100,100,,-1,-1,-1.000000,-1,t
cpu-gpu-v2,2026-07-19T10:55:56,"20260719_085511_session4",242,242,2,"GEMM","openblas_sgemm",cpu_native,"Intel(R) Core(TM) i9-7900X CPU @ 3.30GHz",20,2048,"N=2048",37,1.014672,1.014672,1.014672,161.146621,162.674127,1.527506,4.396598e+00,160.321832,2.559157e-10,27.423577,27.423577,6.356552e+11,626.46,5.033165e+07,160.32,in_range,,,,3245,3210,,100,100,100,,-1,-1,-1.000000,-1,t
cpu-gpu-v2,2026-07-19T10:55:57,"20260719_085511_session4",243,243,3,"GEMM","openblas_sgemm",cpu_native,"Intel(R) Core(TM) i9-7900X CPU @ 3.30GHz",20,2048,"N=2048",37,1.018007,1.018007,1.018007,161.514235,163.058770,1.544535,4.406994e+00,160.174479,2.565208e-10,27.513708,27.513708,6.356552e+11,624.41,5.033165e+07,160.17,in_range,,,,3090,3206,,100,100,100,,-1,-1,-1.000000,-1,t
cpu-gpu-v2,2026-07-19T10:55:58,"20260719_085511_session4",244,244,4,"GEMM","openblas_sgemm",cpu_native,"Intel(R) Core(TM) i9-7900X CPU @ 3.30GHz",20,2048,"N=2048",37,1.013320,1.013320,1.013320,160.869828,162.408702,1.538874,4.389424e+00,160.273813,2.554981e-10,27.387034,27.387034,6.356552e+11,627.30,5.033165e+07,160.27,in_range,,,,3146,3211,,100,100,100,,-1,-1,-1.000000,-1,t
cpu-gpu-v2,2026-07-19T10:55:59,"20260719_085511_session4",245,245,5,"GEMM","openblas_sgemm",cpu_native,"Intel(R) Core(TM) i9-7900X CPU @ 3.30GHz",20,2048,"N=2048",37,1.014901,1.014901,1.014901,160.853409,162.389285,1.535876,4.388900e+00,160.005059,2.554676e-10,27.429755,27.429755,6.356552e+11,626.32,5.033165e+07,160.01,in_range,,,,3119,3200,,100,100,100,,-1,-1,-1.000000,-1,t
cpu-gpu-v2,2026-07-19T10:56:00,"20260719_085511_session4",246,246,6,"GEMM","openblas_sgemm",cpu_native,"Intel(R) Core(TM) i9-7900X CPU @ 3.30GHz",20,2048,"N=2048",37,1.015469,1.015469,1.015469,160.843522,162.379749,1.536227,4.388642e+00,159.906082,2.554526e-10,27.445122,27.445122,6.356552e+11,625.97,5.033165e+07,159.91,in_range,,,,3037,3172,,100,100,100,,-1,-1,-1.000000,-1,t
cpu-gpu-v2,2026-07-19T10:56:01,"20260719_085511_session4",247,247,7,"GEMM","openblas_sgemm",cpu_native,"Intel(R) Core(TM) i9-7900X CPU @ 3.30GHz",20,2048,"N=2048",37,1.015280,1.015280,1.015280,160.710831,162.255504,1.544673,4.385284e+00,159.813560,2.552571e-10,27.439999,27.439999,6.356552e+11,626.09,5.033165e+07,159.81,in_range,,,,3059,3209,,100,100,100,,-1,-1,-1.000000,-1,t
cpu-gpu-v2,2026-07-19T10:56:02,"20260719_085511_session4",248,248,8,"GEMM","openblas_sgemm",cpu_native,"Intel(R) Core(TM) i9-7900X CPU @ 3.30GHz",20,2048,"N=2048",37,1.018068,1.018068,1.018068,161.101211,162.643344,1.542133,4.395766e+00,159.756857,2.558673e-10,27.515351,27.515351,6.356552e+11,624.37,5.033165e+07,159.76,in_range,,,,3021,3200,,100,100,100,,-1,-1,-1.000000,-1,t
cpu-gpu-v2,2026-07-19T10:56:03,"20260719_085511_session4",249,249,9,"GEMM","openblas_sgemm",cpu_native,"Intel(R) Core(TM) i9-7900X CPU @ 3.30GHz",20,2048,"N=2048",37,1.016376,1.016376,1.016376,160.626236,162.187555,1.561319,4.383447e+00,159.574440,2.551502e-10,27.469609,27.469609,6.356552e+11,625.41,5.033165e+07,159.57,in_range,,,,3010,3190,,100,100,100,,-1,-1,-1.000000,-1,t
cpu-gpu-v2,2026-07-19T10:56:04,"20260719_085511_session4",250,250,10,"GEMM","openblas_sgemm",cpu_native,"Intel(R) Core(TM) i9-7900X CPU @ 3.30GHz",20,2048,"N=2048",37,1.016340,1.016340,1.016340,160.479203,162.033071,1.553868,4.379272e+00,159.428071,2.549072e-10,27.468639,27.468639,6.356552e+11,625.44,5.033165e+07,159.43,in_range,,,,3040,3188,,100,100,100,,-1,-1,-1.000000,-1,t
cpu-gpu-v2,2026-07-19T10:56:13,"20260719_085511_session4",251,251,1,"GEMM","openblas_sgemm",cpu_native,"Intel(R) Core(TM) i9-7900X CPU @ 3.30GHz",1,256,"N=256",5176,1.000525,1.000525,1.000525,62.713829,62.713829,0.000000,1.211627e-02,62.680910,3.610931e-10,0.193301,0.193301,1.736777e+11,173.59,7.864320e+05,62.68,in_range,,,,1329,1567,,100,100,98,,-1,-1,-1.000000,-1,t
cpu-gpu-v2,2026-07-19T10:56:14,"20260719_085511_session4",252,252,2,"GEMM","openblas_sgemm",cpu_native,"Intel(R) Core(TM) i9-7900X CPU @ 3.30GHz",1,256,"N=256",5176,1.000124,1.000124,1.000124,63.379598,63.379598,0.000000,1.224490e-02,63.371748,3.649264e-10,0.193223,0.193223,1.736777e+11,173.66,7.864320e+05,63.37,in_range,,,,1591,1309,,98,98,98,,-1,-1,-1.000000,-1,t
cpu-gpu-v2,2026-07-19T10:56:15,"20260719_085511_session4",253,253,3,"GEMM","openblas_sgemm",cpu_native,"Intel(R) Core(TM) i9-7900X CPU @ 3.30GHz",1,256,"N=256",5176,1.009518,1.009518,1.009518,61.214321,61.214321,0.000000,1.182657e-02,60.637169,3.524592e-10,0.195038,0.195038,1.736777e+11,172.04,7.864320e+05,60.64,in_range,,,,1309,1319,,99,98,99,,-1,-1,-1.000000,-1,t
cpu-gpu-v2,2026-07-19T10:56:16,"20260719_085511_session4",254,254,4,"GEMM","openblas_sgemm",cpu_native,"Intel(R) Core(TM) i9-7900X CPU @ 3.30GHz",1,256,"N=256",5176,1.023511,1.023511,1.023511,60.647977,60.647977,0.000000,1.171715e-02,59.254857,3.491983e-10,0.197742,0.197742,1.736777e+11,169.69,7.864320e+05,59.25,in_range,,,,1437,1319,,99,99,99,,-1,-1,-1.000000,-1,t
cpu-gpu-v2,2026-07-19T10:56:17,"20260719_085511_session4",255,255,5,"GEMM","openblas_sgemm",cpu_native,"Intel(R) Core(TM) i9-7900X CPU @ 3.30GHz",1,256,"N=256",5176,0.980319,0.980319,0.980319,60.777432,60.777432,0.000000,1.174216e-02,61.997628,3.499437e-10,0.189397,0.189397,1.736777e+11,177.16,7.864320e+05,62.00,in_range,,,,1319,1307,,99,99,99,,-1,-1,-1.000000,-1,t
cpu-gpu-v2,2026-07-19T10:56:18,"20260719_085511_session4",256,256,6,"GEMM","openblas_sgemm",cpu_native,"Intel(R) Core(TM) i9-7900X CPU @ 3.30GHz",1,256,"N=256",5176,0.999055,0.999055,0.999055,61.294765,61.294765,0.000000,1.184211e-02,61.352716,3.529224e-10,0.193017,0.193017,1.736777e+11,173.84,7.864320e+05,61.35,in_range,,,,1553,1324,,99,99,98,,-1,-1,-1.000000,-1,t
cpu-gpu-v2,2026-07-19T10:56:19,"20260719_085511_session4",257,257,7,"GEMM","openblas_sgemm",cpu_native,"Intel(R) Core(TM) i9-7900X CPU @ 3.30GHz",1,256,"N=256",5176,0.986331,0.986331,0.986331,61.393092,61.393092,0.000000,1.186111e-02,62.243881,3.534885e-10,0.190559,0.190559,1.736777e+11,176.08,7.864320e+05,62.24,in_range,,,,1265,1325,,98,98,98,,-1,-1,-1.000000,-1,t
cpu-gpu-v2,2026-07-19T10:56:20,"20260719_085511_session4",258,258,8,"GEMM","openblas_sgemm",cpu_native,"Intel(R) Core(TM) i9-7900X CPU @ 3.30GHz",1,256,"N=256",5176,0.982309,0.982309,0.982309,61.337307,61.337307,0.000000,1.185033e-02,62.441995,3.531673e-10,0.189781,0.189781,1.736777e+11,176.81,7.864320e+05,62.44,in_range,,,,1323,1550,,99,98,99,,-1,-1,-1.000000,-1,t
cpu-gpu-v2,2026-07-19T10:56:21,"20260719_085511_session4",259,259,9,"GEMM","openblas_sgemm",cpu_native,"Intel(R) Core(TM) i9-7900X CPU @ 3.30GHz",1,256,"N=256",5176,1.002329,1.002329,1.002329,60.963711,60.963711,0.000000,1.177815e-02,60.822080,3.510163e-10,0.193649,0.193649,1.736777e+11,173.27,7.864320e+05,60.82,in_range,,,,1690,1305,,99,99,98,,-1,-1,-1.000000,-1,t
cpu-gpu-v2,2026-07-19T10:56:22,"20260719_085511_session4",260,260,10,"GEMM","openblas_sgemm",cpu_native,"Intel(R) Core(TM) i9-7900X CPU @ 3.30GHz",1,256,"N=256",5176,1.012330,1.012330,1.012330,59.982208,59.982208,0.000000,1.158853e-02,59.251628,3.453650e-10,0.195582,0.195582,1.736777e+11,171.56,7.864320e+05,59.25,in_range,,,,1461,1320,,98,98,98,,-1,-1,-1.000000,-1,t
cpu-gpu-v2,2026-07-19T10:56:24,"20260719_085511_session4",261,261,1,"GEMM","openblas_sgemm",cpu_native,"Intel(R) Core(TM) i9-7900X CPU @ 3.30GHz",16,1024,"N=1024",478,1.078573,1.078573,1.078573,163.976876,164.276971,0.300095,3.436757e-01,152.309555,1.600365e-10,2.256429,2.256429,1.026497e+12,951.72,1.258291e+07,152.31,in_range,,,,2822,2919,,100,100,99,,-1,-1,-1.000000,-1,t
cpu-gpu-v2,2026-07-19T10:56:25,"20260719_085511_session4",262,262,2,"GEMM","openblas_sgemm",cpu_native,"Intel(R) Core(TM) i9-7900X CPU @ 3.30GHz",16,1024,"N=1024",478,1.078268,1.078268,1.078268,163.982368,164.311349,0.328981,3.437476e-01,152.384520,1.600699e-10,2.255791,2.255791,1.026497e+12,951.99,1.258291e+07,152.38,in_range,,,,2917,3101,,100,99,100,,-1,-1,-1.000000,-1,t
cpu-gpu-v2,2026-07-19T10:56:26,"20260719_085511_session4",263,263,3,"GEMM","openblas_sgemm",cpu_native,"Intel(R) Core(TM) i9-7900X CPU @ 3.30GHz",16,1024,"N=1024",478,1.095025,1.095025,1.095025,163.551950,163.892207,0.340257,3.428707e-01,149.669860,1.596616e-10,2.290847,2.290847,1.026497e+12,937.42,1.258291e+07,149.67,in_range,,,,3091,2696,,100,100,100,,-1,-1,-1.000000,-1,t
cpu-gpu-v2,2026-07-19T10:56:27,"20260719_085511_session4",264,264,4,"GEMM","openblas_sgemm",cpu_native,"Intel(R) Core(TM) i9-7900X CPU @ 3.30GHz",16,1024,"N=1024",478,1.079409,1.079409,1.079409,164.171638,164.527180,0.355542,3.441991e-01,152.423449,1.602802e-10,2.258177,2.258177,1.026497e+12,950.98,1.258291e+07,152.42,in_range,,,,2775,2919,,100,100,100,,-1,-1,-1.000000,-1,t
cpu-gpu-v2,2026-07-19T10:56:28,"20260719_085511_session4",265,265,5,"GEMM","openblas_sgemm",cpu_native,"Intel(R) Core(TM) i9-7900X CPU @ 3.30GHz",16,1024,"N=1024",478,1.081506,1.081506,1.081506,164.536871,164.867702,0.330831,3.449115e-01,152.442699,1.606119e-10,2.262565,2.262565,1.026497e+12,949.14,1.258291e+07,152.44,in_range,,,,2919,2907,,100,100,100,,-1,-1,-1.000000,-1,t
cpu-gpu-v2,2026-07-19T10:56:29,"20260719_085511_session4",266,266,6,"GEMM","openblas_sgemm",cpu_native,"Intel(R) Core(TM) i9-7900X CPU @ 3.30GHz",16,1024,"N=1024",478,1.082283,1.082283,1.082283,164.963628,165.309117,0.345489,3.458350e-01,152.741183,1.610420e-10,2.264189,2.264189,1.026497e+12,948.46,1.258291e+07,152.74,in_range,,,,2907,2811,,100,100,100,,-1,-1,-1.000000,-1,t
cpu-gpu-v2,2026-07-19T10:56:30,"20260719_085511_session4",267,267,7,"GEMM","openblas_sgemm",cpu_native,"Intel(R) Core(TM) i9-7900X CPU @ 3.30GHz",16,1024,"N=1024",478,1.083482,1.083482,1.083482,164.136909,164.467833,0.330924,3.440750e-01,151.795609,1.602224e-10,2.266699,2.266699,1.026497e+12,947.41,1.258291e+07,151.80,in_range,,,,2821,2907,,100,100,100,,-1,-1,-1.000000,-1,t
cpu-gpu-v2,2026-07-19T10:56:32,"20260719_085511_session4",268,268,8,"GEMM","openblas_sgemm",cpu_native,"Intel(R) Core(TM) i9-7900X CPU @ 3.30GHz",16,1024,"N=1024",478,1.086257,1.086257,1.086257,164.916753,165.257117,0.340364,3.457262e-01,152.134516,1.609913e-10,2.272503,2.272503,1.026497e+12,944.99,1.258291e+07,152.13,in_range,,,,2904,2804,,100,100,99,,-1,-1,-1.000000,-1,t
cpu-gpu-v2,2026-07-19T10:56:33,"20260719_085511_session4",269,269,9,"GEMM","openblas_sgemm",cpu_native,"Intel(R) Core(TM) i9-7900X CPU @ 3.30GHz",16,1024,"N=1024",478,1.083552,1.083552,1.083552,163.786019,164.122420,0.336401,3.433523e-01,151.466992,1.598859e-10,2.266846,2.266846,1.026497e+12,947.34,1.258291e+07,151.47,in_range,,,,2795,2922,,100,99,100,,-1,-1,-1.000000,-1,t
cpu-gpu-v2,2026-07-19T10:56:34,"20260719_085511_session4",270,270,10,"GEMM","openblas_sgemm",cpu_native,"Intel(R) Core(TM) i9-7900X CPU @ 3.30GHz",16,1024,"N=1024",478,1.086154,1.086154,1.086154,164.392951,164.725971,0.333020,3.446150e-01,151.659923,1.604739e-10,2.272288,2.272288,1.026497e+12,945.08,1.258291e+07,151.66,in_range,,,,2919,2915,,100,100,100,,-1,-1,-1.000000,-1,t
cpu-gpu-v2,2026-07-19T10:56:43,"20260719_085511_session4",271,271,1,"GEMM","openblas_sgemm",cpu_native,"Intel(R) Core(TM) i9-7900X CPU @ 3.30GHz",16,64,"N=64",390078,1.028416,1.028416,1.028416,59.454437,59.454437,0.000000,1.524168e-04,57.811688,2.907120e-10,0.002636,0.002636,2.045132e+11,198.86,4.915200e+04,57.81,in_range,,,,1450,1418,,100,100,98,,-1,-1,-1.000000,-1,t
cpu-gpu-v2,2026-07-19T10:56:44,"20260719_085511_session4",272,272,2,"GEMM","openblas_sgemm",cpu_native,"Intel(R) Core(TM) i9-7900X CPU @ 3.30GHz",16,64,"N=64",390078,0.994350,0.994350,0.994350,58.842501,58.842501,0.000000,1.508480e-04,59.176829,2.877198e-10,0.002549,0.002549,2.045132e+11,205.68,4.915200e+04,59.18,in_range,,,,1424,1306,,98,98,98,,-1,-1,-1.000000,-1,t
cpu-gpu-v2,2026-07-19T10:56:45,"20260719_085511_session4",273,273,3,"GEMM","openblas_sgemm",cpu_native,"Intel(R) Core(TM) i9-7900X CPU @ 3.30GHz",16,64,"N=64",390078,1.006039,1.006039,1.006039,59.686127,59.686127,0.000000,1.530107e-04,59.327850,2.918448e-10,0.002579,0.002579,2.045132e+11,203.29,4.915200e+04,59.33,in_range,,,,1470,1333,,99,97,99,,-1,-1,-1.000000,-1,t
cpu-gpu-v2,2026-07-19T10:56:46,"20260719_085511_session4",274,274,4,"GEMM","openblas_sgemm",cpu_native,"Intel(R) Core(TM) i9-7900X CPU @ 3.30GHz",16,64,"N=64",390078,0.971071,0.971071,0.971071,62.424278,62.424278,0.000000,1.600302e-04,64.283916,3.052335e-10,0.002489,0.002489,2.045132e+11,210.61,4.915200e+04,64.28,in_range,,,,1329,1422,,99,99,99,,-1,-1,-1.000000,-1,t
cpu-gpu-v2,2026-07-19T10:56:47,"20260719_085511_session4",275,275,5,"GEMM","openblas_sgemm",cpu_native,"Intel(R) Core(TM) i9-7900X CPU @ 3.30GHz",16,64,"N=64",390078,0.977376,0.977376,0.977376,63.274130,63.274130,0.000000,1.622089e-04,64.738770,3.093890e-10,0.002506,0.002506,2.045132e+11,209.25,4.915200e+04,64.74,in_range,,,,1422,1324,,99,99,97,,-1,-1,-1.000000,-1,t
cpu-gpu-v2,2026-07-19T10:56:48,"20260719_085511_session4",276,276,6,"GEMM","openblas_sgemm",cpu_native,"Intel(R) Core(TM) i9-7900X CPU @ 3.30GHz",16,64,"N=64",390078,0.981271,0.981271,0.981271,61.869410,61.869410,0.000000,1.586078e-04,63.050265,3.025204e-10,0.002516,0.002516,2.045132e+11,208.42,4.915200e+04,63.05,in_range,,,,1455,1305,,97,97,97,,-1,-1,-1.000000,-1,t
cpu-gpu-v2,2026-07-19T10:56:49,"20260719_085511_session4",277,277,7,"GEMM","openblas_sgemm",cpu_native,"Intel(R) Core(TM) i9-7900X CPU @ 3.30GHz",16,64,"N=64",390078,0.988478,0.988478,0.988478,59.508881,59.508881,0.000000,1.525564e-04,60.202530,2.909782e-10,0.002534,0.002534,2.045132e+11,206.90,4.915200e+04,60.20,in_range,,,,1309,1422,,99,97,99,,-1,-1,-1.000000,-1,t
cpu-gpu-v2,2026-07-19T10:56:50,"20260719_085511_session4",278,278,8,"GEMM","openblas_sgemm",cpu_native,"Intel(R) Core(TM) i9-7900X CPU @ 3.30GHz",16,64,"N=64",390078,0.990799,0.990799,0.990799,58.723299,58.723299,0.000000,1.505425e-04,59.268637,2.871369e-10,0.002540,0.002540,2.045132e+11,206.41,4.915200e+04,59.27,in_range,,,,1443,1327,,99,99,99,,-1,-1,-1.000000,-1,t
cpu-gpu-v2,2026-07-19T10:56:51,"20260719_085511_session4",279,279,9,"GEMM","openblas_sgemm",cpu_native,"Intel(R) Core(TM) i9-7900X CPU @ 3.30GHz",16,64,"N=64",390078,0.996423,0.996423,0.996423,58.913728,58.913728,0.000000,1.510306e-04,59.125225,2.880681e-10,0.002554,0.002554,2.045132e+11,205.25,4.915200e+04,59.13,in_range,,,,1440,1314,,99,99,97,,-1,-1,-1.000000,-1,t
cpu-gpu-v2,2026-07-19T10:56:52,"20260719_085511_session4",280,280,10,"GEMM","openblas_sgemm",cpu_native,"Intel(R) Core(TM) i9-7900X CPU @ 3.30GHz",16,64,"N=64",390078,0.989393,0.989393,0.989393,58.916902,58.916902,0.000000,1.510388e-04,59.548522,2.880836e-10,0.002536,0.002536,2.045132e+11,206.71,4.915200e+04,59.55,in_range,,,,1215,1323,,97,97,97,,-1,-1,-1.000000,-1,t
cpu-gpu-v2,2026-07-19T10:56:55,"20260719_085511_session4",281,281,1,"GEMM","openblas_sgemm",cpu_native,"Intel(R) Core(TM) i9-7900X CPU @ 3.30GHz",4,512,"N=512",2277,1.019440,1.019440,1.019440,110.448326,110.448326,0.000000,4.850607e-02,108.342201,1.806992e-10,0.447712,0.447712,6.112275e+11,599.57,3.145728e+06,108.34,in_range,,,,1759,1909,,99,98,99,,-1,-1,-1.000000,-1,t
cpu-gpu-v2,2026-07-19T10:56:56,"20260719_085511_session4",282,282,2,"GEMM","openblas_sgemm",cpu_native,"Intel(R) Core(TM) i9-7900X CPU @ 3.30GHz",4,512,"N=512",2277,1.013643,1.013643,1.013643,107.233979,107.233979,0.000000,4.709441e-02,105.790693,1.754404e-10,0.445166,0.445166,6.112275e+11,603.00,3.145728e+06,105.79,in_range,,,,2045,1913,,99,99,99,,-1,-1,-1.000000,-1,t
cpu-gpu-v2,2026-07-19T10:56:57,"20260719_085511_session4",283,283,3,"GEMM","openblas_sgemm",cpu_native,"Intel(R) Core(TM) i9-7900X CPU @ 3.30GHz",4,512,"N=512",2277,1.038892,1.038892,1.038892,105.558629,105.558629,0.000000,4.635864e-02,101.606903,1.726994e-10,0.456255,0.456255,6.112275e+11,588.35,3.145728e+06,101.61,in_range,,,,1929,1762,,99,99,99,,-1,-1,-1.000000,-1,t
cpu-gpu-v2,2026-07-19T10:56:58,"20260719_085511_session4",284,284,4,"GEMM","openblas_sgemm",cpu_native,"Intel(R) Core(TM) i9-7900X CPU @ 3.30GHz",4,512,"N=512",2277,1.006725,1.006725,1.006725,101.776962,101.776962,0.000000,4.469783e-02,101.097128,1.665124e-10,0.442128,0.442128,6.112275e+11,607.14,3.145728e+06,101.10,in_range,,,,1767,1800,,99,99,98,,-1,-1,-1.000000,-1,t
cpu-gpu-v2,2026-07-19T10:56:59,"20260719_085511_session4",285,285,5,"GEMM","openblas_sgemm",cpu_native,"Intel(R) Core(TM) i9-7900X CPU @ 3.30GHz",4,512,"N=512",2277,1.036294,1.036294,1.036294,105.269750,105.269750,0.000000,4.623177e-02,101.582921,1.722268e-10,0.455114,0.455114,6.112275e+11,589.82,3.145728e+06,101.58,in_range,,,,1799,1769,,99,98,99,,-1,-1,-1.000000,-1,t
cpu-gpu-v2,2026-07-19T10:57:00,"20260719_085511_session4",286,286,6,"GEMM","openblas_sgemm",cpu_native,"Intel(R) Core(TM) i9-7900X CPU @ 3.30GHz",4,512,"N=512",2277,1.010429,1.010429,1.010429,104.116311,104.116311,0.000000,4.572521e-02,103.041678,1.703397e-10,0.443755,0.443755,6.112275e+11,604.92,3.145728e+06,103.04,in_range,,,,1756,1655,,99,99,99,,-1,-1,-1.000000,-1,t
cpu-gpu-v2,2026-07-19T10:57:01,"20260719_085511_session4",287,287,7,"GEMM","openblas_sgemm",cpu_native,"Intel(R) Core(TM) i9-7900X CPU @ 3.30GHz",4,512,"N=512",2277,1.038515,1.038515,1.038515,105.563268,105.563268,0.000000,4.636068e-02,101.648323,1.727070e-10,0.456089,0.456089,6.112275e+11,588.56,3.145728e+06,101.65,in_range,,,,1683,1619,,99,99,99,,-1,-1,-1.000000,-1,t
cpu-gpu-v2,2026-07-19T10:57:02,"20260719_085511_session4",288,288,8,"GEMM","openblas_sgemm",cpu_native,"Intel(R) Core(TM) i9-7900X CPU @ 3.30GHz",4,512,"N=512",2277,1.003840,1.003840,1.003840,104.512672,104.512672,0.000000,4.589929e-02,104.112927,1.709882e-10,0.440861,0.440861,6.112275e+11,608.89,3.145728e+06,104.11,in_range,,,,1759,1799,,99,99,98,,-1,-1,-1.000000,-1,t
cpu-gpu-v2,2026-07-19T10:57:03,"20260719_085511_session4",289,289,9,"GEMM","openblas_sgemm",cpu_native,"Intel(R) Core(TM) i9-7900X CPU @ 3.30GHz",4,512,"N=512",2277,0.991714,0.991714,0.991714,101.677963,101.677963,0.000000,4.465435e-02,102.527462,1.663504e-10,0.435536,0.435536,6.112275e+11,616.33,3.145728e+06,102.53,in_range,,,,1799,1795,,98,98,98,,-1,-1,-1.000000,-1,t
cpu-gpu-v2,2026-07-19T10:57:04,"20260719_085511_session4",290,290,10,"GEMM","openblas_sgemm",cpu_native,"Intel(R) Core(TM) i9-7900X CPU @ 3.30GHz",4,512,"N=512",2277,1.004743,1.004743,1.004743,104.748084,104.748084,0.000000,4.600267e-02,104.253559,1.713733e-10,0.441258,0.441258,6.112275e+11,608.34,3.145728e+06,104.25,in_range,,,,1794,1782,,99,98,99,,-1,-1,-1.000000,-1,t
cpu-gpu-v2,2026-07-19T10:57:06,"20260719_085511_session4",291,291,1,"GEMM","openblas_sgemm",cpu_native,"Intel(R) Core(TM) i9-7900X CPU @ 3.30GHz",20,128,"N=128",80444,1.006704,1.006704,1.006704,119.813780,119.813780,0.000000,1.489406e-03,119.015951,3.551021e-10,0.012514,0.012514,3.374066e+11,335.16,1.966080e+05,119.02,in_range,,,,2256,2165,,96,95,96,,-1,-1,-1.000000,-1,t
cpu-gpu-v2,2026-07-19T10:57:07,"20260719_085511_session4",292,292,2,"GEMM","openblas_sgemm",cpu_native,"Intel(R) Core(TM) i9-7900X CPU @ 3.30GHz",20,128,"N=128",80444,1.030386,1.030386,1.030386,122.361991,122.361991,0.000000,1.521083e-03,118.753520,3.626544e-10,0.012809,0.012809,3.374066e+11,327.46,1.966080e+05,118.75,in_range,,,,2165,2163,,96,96,96,,-1,-1,-1.000000,-1,t
cpu-gpu-v2,2026-07-19T10:57:08,"20260719_085511_session4",293,293,3,"GEMM","openblas_sgemm",cpu_native,"Intel(R) Core(TM) i9-7900X CPU @ 3.30GHz",20,128,"N=128",80444,1.028977,1.028977,1.028977,124.546190,124.546190,0.000000,1.548235e-03,121.038809,3.691279e-10,0.012791,0.012791,3.374066e+11,327.90,1.966080e+05,121.04,in_range,,,,2236,2235,,98,96,98,,-1,-1,-1.000000,-1,t
cpu-gpu-v2,2026-07-19T10:57:09,"20260719_085511_session4",294,294,4,"GEMM","openblas_sgemm",cpu_native,"Intel(R) Core(TM) i9-7900X CPU @ 3.30GHz",20,128,"N=128",80444,1.047509,1.047509,1.047509,128.797827,128.797827,0.000000,1.601087e-03,122.956322,3.817288e-10,0.013022,0.013022,3.374066e+11,322.10,1.966080e+05,122.96,in_range,,,,2253,2235,,98,98,97,,-1,-1,-1.000000,-1,t
cpu-gpu-v2,2026-07-19T10:57:10,"20260719_085511_session4",295,295,5,"GEMM","openblas_sgemm",cpu_native,"Intel(R) Core(TM) i9-7900X CPU @ 3.30GHz",20,128,"N=128",80444,1.024937,1.024937,1.024937,126.236676,126.236676,0.000000,1.569249e-03,123.165275,3.741381e-10,0.012741,0.012741,3.374066e+11,329.20,1.966080e+05,123.17,in_range,,,,2234,2235,,98,97,98,,-1,-1,-1.000000,-1,t
cpu-gpu-v2,2026-07-19T10:57:11,"20260719_085511_session4",296,296,6,"GEMM","openblas_sgemm",cpu_native,"Intel(R) Core(TM) i9-7900X CPU @ 3.30GHz",20,128,"N=128",80444,1.064382,1.064382,1.064382,129.832065,129.832065,0.000000,1.613943e-03,121.978806,3.847941e-10,0.013231,0.013231,3.374066e+11,317.00,1.966080e+05,121.98,in_range,,,,2235,2119,,98,98,98,,-1,-1,-1.000000,-1,t
cpu-gpu-v2,2026-07-19T10:57:12,"20260719_085511_session4",297,297,7,"GEMM","openblas_sgemm",cpu_native,"Intel(R) Core(TM) i9-7900X CPU @ 3.30GHz",20,128,"N=128",80444,1.055063,1.055063,1.055063,129.117956,129.117956,0.000000,1.605066e-03,122.379384,3.826776e-10,0.013115,0.013115,3.374066e+11,319.80,1.966080e+05,122.38,in_range,,,,2318,2235,,98,98,95,,-1,-1,-1.000000,-1,t
cpu-gpu-v2,2026-07-19T10:57:13,"20260719_085511_session4",298,298,8,"GEMM","openblas_sgemm",cpu_native,"Intel(R) Core(TM) i9-7900X CPU @ 3.30GHz",20,128,"N=128",80444,1.094523,1.094523,1.094523,132.616910,132.616910,0.000000,1.648562e-03,121.164137,3.930478e-10,0.013606,0.013606,3.374066e+11,308.27,1.966080e+05,121.16,in_range,,,,2235,2120,,95,95,95,,-1,-1,-1.000000,-1,t
cpu-gpu-v2,2026-07-19T10:57:14,"20260719_085511_session4",299,299,9,"GEMM","openblas_sgemm",cpu_native,"Intel(R) Core(TM) i9-7900X CPU @ 3.30GHz",20,128,"N=128",80444,1.076573,1.076573,1.076573,130.916108,130.916108,0.000000,1.627419e-03,121.604528,3.880070e-10,0.013383,0.013383,3.374066e+11,313.41,1.966080e+05,121.60,in_range,,,,2245,2527,,95,95,95,,-1,-1,-1.000000,-1,t
cpu-gpu-v2,2026-07-19T10:57:15,"20260719_085511_session4",300,300,10,"GEMM","openblas_sgemm",cpu_native,"Intel(R) Core(TM) i9-7900X CPU @ 3.30GHz",20,128,"N=128",80444,1.046923,1.046923,1.046923,127.826821,127.826821,0.000000,1.589016e-03,122.097662,3.788510e-10,0.013014,0.013014,3.374066e+11,322.28,1.966080e+05,122.10,in_range,,,,2653,2232,,98,95,98,,-1,-1,-1.000000,-1,t
cpu-gpu-v2,2026-07-19T10:57:20,"20260719_085511_session4",301,301,1,"GEMM","openblas_sgemm",cpu_native,"Intel(R) Core(TM) i9-7900X CPU @ 3.30GHz",1,128,"N=128",36964,0.998636,0.998636,0.998636,65.645096,65.645096,0.000000,1.775920e-03,65.734779,4.234123e-10,0.027016,0.027016,1.550383e+11,155.25,1.966080e+05,65.73,in_range,,,,1339,1323,,100,100,100,,-1,-1,-1.000000,-1,t
cpu-gpu-v2,2026-07-19T10:57:21,"20260719_085511_session4",302,302,2,"GEMM","openblas_sgemm",cpu_native,"Intel(R) Core(TM) i9-7900X CPU @ 3.30GHz",1,128,"N=128",36964,1.005944,1.005944,1.005944,61.536219,61.536219,0.000000,1.664761e-03,61.172634,3.969099e-10,0.027214,0.027214,1.550383e+11,154.12,1.966080e+05,61.17,in_range,,,,1337,1311,,99,97,99,,-1,-1,-1.000000,-1,t
cpu-gpu-v2,2026-07-19T10:57:22,"20260719_085511_session4",303,303,3,"GEMM","openblas_sgemm",cpu_native,"Intel(R) Core(TM) i9-7900X CPU @ 3.30GHz",1,128,"N=128",36964,1.022257,1.022257,1.022257,59.961333,59.961333,0.000000,1.622155e-03,58.655823,3.867519e-10,0.027655,0.027655,1.550383e+11,151.66,1.966080e+05,58.66,in_range,,,,1449,1324,,99,99,98,,-1,-1,-1.000000,-1,t
cpu-gpu-v2,2026-07-19T10:57:23,"20260719_085511_session4",304,304,4,"GEMM","openblas_sgemm",cpu_native,"Intel(R) Core(TM) i9-7900X CPU @ 3.30GHz",1,128,"N=128",36964,1.003097,1.003097,1.003097,60.878628,60.878628,0.000000,1.646971e-03,60.690692,3.926684e-10,0.027137,0.027137,1.550383e+11,154.56,1.966080e+05,60.69,in_range,,,,1329,1321,,98,98,97,,-1,-1,-1.000000,-1,t
cpu-gpu-v2,2026-07-19T10:57:24,"20260719_085511_session4",305,305,5,"GEMM","openblas_sgemm",cpu_native,"Intel(R) Core(TM) i9-7900X CPU @ 3.30GHz",1,128,"N=128",36964,0.989509,0.989509,0.989509,65.171403,65.171403,0.000000,1.763105e-03,65.862339,4.203569e-10,0.026770,0.026770,1.550383e+11,156.68,1.966080e+05,65.86,in_range,,,,1323,1329,,97,97,97,,-1,-1,-1.000000,-1,t
cpu-gpu-v2,2026-07-19T10:57:25,"20260719_085511_session4",306,306,6,"GEMM","openblas_sgemm",cpu_native,"Intel(R) Core(TM) i9-7900X CPU @ 3.30GHz",1,128,"N=128",36964,0.989335,0.989335,0.989335,66.379713,66.379713,0.000000,1.795794e-03,67.095293,4.281505e-10,0.026765,0.026765,1.550383e+11,156.71,1.966080e+05,67.10,in_range,,,,1272,1305,,98,97,98,,-1,-1,-1.000000,-1,t
cpu-gpu-v2,2026-07-19T10:57:26,"20260719_085511_session4",307,307,7,"GEMM","openblas_sgemm",cpu_native,"Intel(R) Core(TM) i9-7900X CPU @ 3.30GHz",1,128,"N=128",36964,1.002302,1.002302,1.002302,61.144436,61.144436,0.000000,1.654162e-03,61.004010,3.943829e-10,0.027116,0.027116,1.550383e+11,154.68,1.966080e+05,61.00,in_range,,,,1411,1340,,100,98,100,,-1,-1,-1.000000,-1,t
cpu-gpu-v2,2026-07-19T10:57:27,"20260719_085511_session4",308,308,8,"GEMM","openblas_sgemm",cpu_native,"Intel(R) Core(TM) i9-7900X CPU @ 3.30GHz",1,128,"N=128",36964,1.007023,1.007023,1.007023,59.255281,59.255281,0.000000,1.603054e-03,58.842057,3.821978e-10,0.027243,0.027243,1.550383e+11,153.96,1.966080e+05,58.84,in_range,,,,1315,1314,,100,100,96,,-1,-1,-1.000000,-1,t
cpu-gpu-v2,2026-07-19T10:57:28,"20260719_085511_session4",309,309,9,"GEMM","openblas_sgemm",cpu_native,"Intel(R) Core(TM) i9-7900X CPU @ 3.30GHz",1,128,"N=128",36964,1.018546,1.018546,1.018546,59.562042,59.562042,0.000000,1.611353e-03,58.477530,3.841764e-10,0.027555,0.027555,1.550383e+11,152.22,1.966080e+05,58.48,in_range,,,,1437,1446,,99,96,99,,-1,-1,-1.000000,-1,t
cpu-gpu-v2,2026-07-19T10:57:29,"20260719_085511_session4",310,310,10,"GEMM","openblas_sgemm",cpu_native,"Intel(R) Core(TM) i9-7900X CPU @ 3.30GHz",1,128,"N=128",36964,1.006831,1.006831,1.006831,59.254304,59.254304,0.000000,1.603027e-03,58.852280,3.821915e-10,0.027238,0.027238,1.550383e+11,153.99,1.966080e+05,58.85,in_range,,,,1304,1337,,99,99,99,,-1,-1,-1.000000,-1,t
cpu-gpu-v2,2026-07-19T10:57:31,"20260719_085511_session4",311,311,1,"GEMM","openblas_sgemm",cpu_native,"Intel(R) Core(TM) i9-7900X CPU @ 3.30GHz",10,256,"N=256",14991,1.029268,1.029268,1.029268,139.160471,139.160471,0.000000,9.282934e-03,135.203324,2.766530e-10,0.068659,0.068659,5.030145e+11,488.71,7.864320e+05,135.20,in_range,,,,2355,2355,,96,95,96,,-1,-1,-1.000000,-1,t
cpu-gpu-v2,2026-07-19T10:57:32,"20260719_085511_session4",312,312,2,"GEMM","openblas_sgemm",cpu_native,"Intel(R) Core(TM) i9-7900X CPU @ 3.30GHz",10,256,"N=256",14991,0.997458,0.997458,0.997458,136.315142,136.315142,0.000000,9.093132e-03,136.662494,2.709965e-10,0.066537,0.066537,5.030145e+11,504.30,7.864320e+05,136.66,in_range,,,,2387,2355,,96,96,96,,-1,-1,-1.000000,-1,t
cpu-gpu-v2,2026-07-19T10:57:34,"20260719_085511_session4",313,313,3,"GEMM","openblas_sgemm",cpu_native,"Intel(R) Core(TM) i9-7900X CPU @ 3.30GHz",10,256,"N=256",14991,1.015439,1.015439,1.015439,138.166577,138.166577,0.000000,9.216635e-03,136.065843,2.746771e-10,0.067737,0.067737,5.030145e+11,495.37,7.864320e+05,136.07,in_range,,,,2387,2249,,96,96,96,,-1,-1,-1.000000,-1,t
cpu-gpu-v2,2026-07-19T10:57:35,"20260719_085511_session4",314,314,4,"GEMM","openblas_sgemm",cpu_native,"Intel(R) Core(TM) i9-7900X CPU @ 3.30GHz",10,256,"N=256",14991,0.992342,0.992342,0.992342,136.103473,136.103473,0.000000,9.079012e-03,137.153834,2.705757e-10,0.066196,0.066196,5.030145e+11,506.90,7.864320e+05,137.15,in_range,,,,2284,2249,,96,96,96,,-1,-1,-1.000000,-1,t
cpu-gpu-v2,2026-07-19T10:57:35,"20260719_085511_session4",315,315,5,"GEMM","openblas_sgemm",cpu_native,"Intel(R) Core(TM) i9-7900X CPU @ 3.30GHz",10,256,"N=256",14991,0.994218,0.994218,0.994218,136.294879,136.294879,0.000000,9.091780e-03,137.087540,2.709562e-10,0.066321,0.066321,5.030145e+11,505.94,7.864320e+05,137.09,in_range,,,,2250,2249,,96,96,96,,-1,-1,-1.000000,-1,t
cpu-gpu-v2,2026-07-19T10:57:37,"20260719_085511_session4",316,316,6,"GEMM","openblas_sgemm",cpu_native,"Intel(R) Core(TM) i9-7900X CPU @ 3.30GHz",10,256,"N=256",14991,1.000699,1.000699,1.000699,136.920304,136.920304,0.000000,9.133500e-03,136.824697,2.721995e-10,0.066753,0.066753,5.030145e+11,502.66,7.864320e+05,136.82,in_range,,,,2249,2249,,96,96,96,,-1,-1,-1.000000,-1,t
cpu-gpu-v2,2026-07-19T10:57:37,"20260719_085511_session4",317,317,7,"GEMM","openblas_sgemm",cpu_native,"Intel(R) Core(TM) i9-7900X CPU @ 3.30GHz",10,256,"N=256",14991,0.990465,0.990465,0.990465,136.223590,136.223590,0.000000,9.087025e-03,137.535027,2.708144e-10,0.066071,0.066071,5.030145e+11,507.86,7.864320e+05,137.54,in_range,,,,2298,2355,,96,96,96,,-1,-1,-1.000000,-1,t
cpu-gpu-v2,2026-07-19T10:57:38,"20260719_085511_session4",318,318,8,"GEMM","openblas_sgemm",cpu_native,"Intel(R) Core(TM) i9-7900X CPU @ 3.30GHz",10,256,"N=256",14991,1.005062,1.005062,1.005062,137.685682,137.685682,0.000000,9.184556e-03,136.992177,2.737211e-10,0.067044,0.067044,5.030145e+11,500.48,7.864320e+05,136.99,in_range,,,,2437,2355,,96,96,96,,-1,-1,-1.000000,-1,t
cpu-gpu-v2,2026-07-19T10:57:39,"20260719_085511_session4",319,319,9,"GEMM","openblas_sgemm",cpu_native,"Intel(R) Core(TM) i9-7900X CPU @ 3.30GHz",10,256,"N=256",14991,0.995914,0.995914,0.995914,136.671708,136.671708,0.000000,9.116917e-03,137.232446,2.717053e-10,0.066434,0.066434,5.030145e+11,505.08,7.864320e+05,137.23,in_range,,,,2355,2249,,96,96,96,,-1,-1,-1.000000,-1,t
cpu-gpu-v2,2026-07-19T10:57:40,"20260719_085511_session4",320,320,10,"GEMM","openblas_sgemm",cpu_native,"Intel(R) Core(TM) i9-7900X CPU @ 3.30GHz",10,256,"N=256",14991,0.992638,0.992638,0.992638,136.397356,136.397356,0.000000,9.098616e-03,137.409022,2.711599e-10,0.066216,0.066216,5.030145e+11,506.75,7.864320e+05,137.41,in_range,,,,2461,2249,,96,96,96,,-1,-1,-1.000000,-1,t
cpu-gpu-v2,2026-07-19T10:57:46,"20260719_085511_session4",321,321,1,"GEMM","openblas_sgemm",cpu_native,"Intel(R) Core(TM) i9-7900X CPU @ 3.30GHz",8,256,"N=256",25304,1.001593,1.001593,1.001593,142.447389,142.447389,0.000000,5.629442e-03,142.220778,1.677704e-10,0.039582,0.039582,8.490613e+11,847.71,7.864320e+05,142.22,in_range,,,,2206,2100,,100,100,99,,-1,-1,-1.000000,-1,t
cpu-gpu-v2,2026-07-19T10:57:47,"20260719_085511_session4",322,322,2,"GEMM","openblas_sgemm",cpu_native,"Intel(R) Core(TM) i9-7900X CPU @ 3.30GHz",8,256,"N=256",25304,1.010770,1.010770,1.010770,143.899839,143.899839,0.000000,5.686842e-03,142.366546,1.694811e-10,0.039945,0.039945,8.490613e+11,840.01,7.864320e+05,142.37,in_range,,,,2088,2209,,99,99,99,,-1,-1,-1.000000,-1,t
cpu-gpu-v2,2026-07-19T10:57:48,"20260719_085511_session4",323,323,3,"GEMM","openblas_sgemm",cpu_native,"Intel(R) Core(TM) i9-7900X CPU @ 3.30GHz",8,256,"N=256",25304,1.013146,1.013146,1.013146,144.076352,144.076352,0.000000,5.693817e-03,142.206922,1.696890e-10,0.040039,0.040039,8.490613e+11,838.04,7.864320e+05,142.21,in_range,,,,2207,2104,,99,99,99,,-1,-1,-1.000000,-1,t
cpu-gpu-v2,2026-07-19T10:57:49,"20260719_085511_session4",324,324,4,"GEMM","openblas_sgemm",cpu_native,"Intel(R) Core(TM) i9-7900X CPU @ 3.30GHz",8,256,"N=256",25304,1.020682,1.020682,1.020682,142.195009,142.195009,0.000000,5.619468e-03,139.313686,1.674732e-10,0.040337,0.040337,8.490613e+11,831.86,7.864320e+05,139.31,in_range,,,,2210,2143,,100,99,100,,-1,-1,-1.000000,-1,t
cpu-gpu-v2,2026-07-19T10:57:50,"20260719_085511_session4",325,325,5,"GEMM","openblas_sgemm",cpu_native,"Intel(R) Core(TM) i9-7900X CPU @ 3.30GHz",8,256,"N=256",25304,1.010595,1.010595,1.010595,143.632384,143.632384,0.000000,5.676272e-03,142.126594,1.691661e-10,0.039938,0.039938,8.490613e+11,840.16,7.864320e+05,142.13,in_range,,,,2142,2149,,100,100,99,,-1,-1,-1.000000,-1,t
cpu-gpu-v2,2026-07-19T10:57:51,"20260719_085511_session4",326,326,6,"GEMM","openblas_sgemm",cpu_native,"Intel(R) Core(TM) i9-7900X CPU @ 3.30GHz",8,256,"N=256",25304,1.014232,1.014232,1.014232,143.995481,143.995481,0.000000,5.690621e-03,141.974893,1.695937e-10,0.040082,0.040082,8.490613e+11,837.15,7.864320e+05,141.97,in_range,,,,2187,2084,,99,99,99,,-1,-1,-1.000000,-1,t
cpu-gpu-v2,2026-07-19T10:57:52,"20260719_085511_session4",327,327,7,"GEMM","openblas_sgemm",cpu_native,"Intel(R) Core(TM) i9-7900X CPU @ 3.30GHz",8,256,"N=256",25304,1.003645,1.003645,1.003645,142.311648,142.311648,0.000000,5.624077e-03,141.794761,1.676106e-10,0.039664,0.039664,8.490613e+11,845.98,7.864320e+05,141.79,in_range,,,,2197,2209,,99,99,99,,-1,-1,-1.000000,-1,t
cpu-gpu-v2,2026-07-19T10:57:53,"20260719_085511_session4",328,328,8,"GEMM","openblas_sgemm",cpu_native,"Intel(R) Core(TM) i9-7900X CPU @ 3.30GHz",8,256,"N=256",25304,1.009144,1.009144,1.009144,143.435546,143.435546,0.000000,5.668493e-03,142.135874,1.689343e-10,0.039881,0.039881,8.490613e+11,841.37,7.864320e+05,142.14,in_range,,,,2192,2153,,99,99,99,,-1,-1,-1.000000,-1,t
cpu-gpu-v2,2026-07-19T10:57:54,"20260719_085511_session4",329,329,9,"GEMM","openblas_sgemm",cpu_native,"Intel(R) Core(TM) i9-7900X CPU @ 3.30GHz",8,256,"N=256",25304,1.001345,1.001345,1.001345,141.974917,141.974917,0.000000,5.610770e-03,141.784261,1.672140e-10,0.039573,0.039573,8.490613e+11,847.92,7.864320e+05,141.78,in_range,,,,2163,2162,,99,99,99,,-1,-1,-1.000000,-1,t
cpu-gpu-v2,2026-07-19T10:57:55,"20260719_085511_session4",330,330,10,"GEMM","openblas_sgemm",cpu_native,"Intel(R) Core(TM) i9-7900X CPU @ 3.30GHz",8,256,"N=256",25304,1.010461,1.010461,1.010461,143.537596,143.537596,0.000000,5.672526e-03,142.051637,1.690544e-10,0.039933,0.039933,8.490613e+11,840.27,7.864320e+05,142.05,in_range,,,,2188,2151,,99,99,99,,-1,-1,-1.000000,-1,t
cpu-gpu-v2,2026-07-19T10:57:59,"20260719_085511_session4",331,331,1,"GEMM","openblas_sgemm",cpu_native,"Intel(R) Core(TM) i9-7900X CPU @ 3.30GHz",10,64,"N=64",398919,1.000314,1.000314,1.000314,67.399303,67.399303,0.000000,1.689549e-04,67.378115,3.222558e-10,0.002508,0.002508,2.091484e+11,209.08,4.915200e+04,67.38,in_range,,,,1304,1456,,97,97,95,,-1,-1,-1.000000,-1,t
cpu-gpu-v2,2026-07-19T10:58:00,"20260719_085511_session4",332,332,2,"GEMM","openblas_sgemm",cpu_native,"Intel(R) Core(TM) i9-7900X CPU @ 3.30GHz",10,64,"N=64",398919,0.989231,0.989231,0.989231,67.255931,67.255931,0.000000,1.685955e-04,67.988109,3.215703e-10,0.002480,0.002480,2.091484e+11,211.43,4.915200e+04,67.99,in_range,,,,1319,1305,,95,95,95,,-1,-1,-1.000000,-1,t
cpu-gpu-v2,2026-07-19T10:58:01,"20260719_085511_session4",333,333,3,"GEMM","openblas_sgemm",cpu_native,"Intel(R) Core(TM) i9-7900X CPU @ 3.30GHz",10,64,"N=64",398919,1.001696,1.001696,1.001696,59.984161,59.984161,0.000000,1.503668e-04,59.882616,2.868019e-10,0.002511,0.002511,2.091484e+11,208.79,4.915200e+04,59.88,in_range,,,,1343,1423,,97,95,97,,-1,-1,-1.000000,-1,t
cpu-gpu-v2,2026-07-19T10:58:02,"20260719_085511_session4",334,334,4,"GEMM","openblas_sgemm",cpu_native,"Intel(R) Core(TM) i9-7900X CPU @ 3.30GHz",10,64,"N=64",398919,1.003906,1.003906,1.003906,59.683624,59.683624,0.000000,1.496134e-04,59.451392,2.853649e-10,0.002517,0.002517,2.091484e+11,208.33,4.915200e+04,59.45,in_range,,,,1318,1319,,97,97,97,,-1,-1,-1.000000,-1,t
cpu-gpu-v2,2026-07-19T10:58:03,"20260719_085511_session4",335,335,5,"GEMM","openblas_sgemm",cpu_native,"Intel(R) Core(TM) i9-7900X CPU @ 3.30GHz",10,64,"N=64",398919,1.005186,1.005186,1.005186,60.078703,60.078703,0.000000,1.506038e-04,59.768748,2.872539e-10,0.002520,0.002520,2.091484e+11,208.07,4.915200e+04,59.77,in_range,,,,1319,1309,,97,97,97,,-1,-1,-1.000000,-1,t
cpu-gpu-v2,2026-07-19T10:58:04,"20260719_085511_session4",336,336,6,"GEMM","openblas_sgemm",cpu_native,"Intel(R) Core(TM) i9-7900X CPU @ 3.30GHz",10,64,"N=64",398919,1.004524,1.004524,1.004524,59.903411,59.903411,0.000000,1.501643e-04,59.633658,2.864158e-10,0.002518,0.002518,2.091484e+11,208.21,4.915200e+04,59.63,in_range,,,,1311,1467,,100,97,100,,-1,-1,-1.000000,-1,t
cpu-gpu-v2,2026-07-19T10:58:05,"20260719_085511_session4",337,337,7,"GEMM","openblas_sgemm",cpu_native,"Intel(R) Core(TM) i9-7900X CPU @ 3.30GHz",10,64,"N=64",398919,0.983986,0.983986,0.983986,66.497449,66.497449,0.000000,1.666941e-04,67.579672,3.179438e-10,0.002467,0.002467,2.091484e+11,212.55,4.915200e+04,67.58,in_range,,,,1453,1461,,100,100,100,,-1,-1,-1.000000,-1,t
cpu-gpu-v2,2026-07-19T10:58:06,"20260719_085511_session4",338,338,8,"GEMM","openblas_sgemm",cpu_native,"Intel(R) Core(TM) i9-7900X CPU @ 3.30GHz",10,64,"N=64",398919,0.998078,0.998078,0.998078,60.163237,60.163237,0.000000,1.508157e-04,60.279095,2.876581e-10,0.002502,0.002502,2.091484e+11,209.55,4.915200e+04,60.28,in_range,,,,1459,1310,,100,100,97,,-1,-1,-1.000000,-1,t
cpu-gpu-v2,2026-07-19T10:58:07,"20260719_085511_session4",339,339,9,"GEMM","openblas_sgemm",cpu_native,"Intel(R) Core(TM) i9-7900X CPU @ 3.30GHz",10,64,"N=64",398919,1.013506,1.013506,1.013506,60.784573,60.784573,0.000000,1.523732e-04,59.974542,2.906289e-10,0.002541,0.002541,2.091484e+11,206.36,4.915200e+04,59.97,in_range,,,,1429,1324,,97,97,96,,-1,-1,-1.000000,-1,t
cpu-gpu-v2,2026-07-19T10:58:08,"20260719_085511_session4",340,340,10,"GEMM","openblas_sgemm",cpu_native,"Intel(R) Core(TM) i9-7900X CPU @ 3.30GHz",10,64,"N=64",398919,1.002211,1.002211,1.002211,60.548857,60.548857,0.000000,1.517823e-04,60.415274,2.895018e-10,0.002512,0.002512,2.091484e+11,208.69,4.915200e+04,60.42,in_range,,,,1254,1327,,99,96,99,,-1,-1,-1.000000,-1,t
cpu-gpu-v2,2026-07-19T10:58:11,"20260719_085511_session4",341,341,1,"GEMM","openblas_sgemm",cpu_native,"Intel(R) Core(TM) i9-7900X CPU @ 3.30GHz",10,128,"N=128",74513,1.005954,1.005954,1.005954,120.613888,120.613888,0.000000,1.618696e-03,119.900016,3.859272e-10,0.013500,0.013500,3.125302e+11,310.68,1.966080e+05,119.90,in_range,,,,2120,2119,,94,94,94,,-1,-1,-1.000000,-1,t
cpu-gpu-v2,2026-07-19T10:58:12,"20260719_085511_session4",342,342,2,"GEMM","openblas_sgemm",cpu_native,"Intel(R) Core(TM) i9-7900X CPU @ 3.30GHz",10,128,"N=128",74513,0.990667,0.990667,0.990667,119.327026,119.327026,0.000000,1.601426e-03,120.451206,3.818096e-10,0.013295,0.013295,3.125302e+11,315.47,1.966080e+05,120.45,in_range,,,,2248,2120,,94,94,94,,-1,-1,-1.000000,-1,t
cpu-gpu-v2,2026-07-19T10:58:13,"20260719_085511_session4",343,343,3,"GEMM","openblas_sgemm",cpu_native,"Intel(R) Core(TM) i9-7900X CPU @ 3.30GHz",10,128,"N=128",74513,0.999739,0.999739,0.999739,120.465939,120.465939,0.000000,1.616710e-03,120.497367,3.854538e-10,0.013417,0.013417,3.125302e+11,312.61,1.966080e+05,120.50,in_range,,,,2098,2235,,94,94,94,,-1,-1,-1.000000,-1,t
cpu-gpu-v2,2026-07-19T10:58:14,"20260719_085511_session4",344,344,4,"GEMM","openblas_sgemm",cpu_native,"Intel(R) Core(TM) i9-7900X CPU @ 3.30GHz",10,128,"N=128",74513,1.002674,1.002674,1.002674,120.866695,120.866695,0.000000,1.622089e-03,120.544350,3.867361e-10,0.013456,0.013456,3.125302e+11,311.70,1.966080e+05,120.54,in_range,,,,2235,2677,,94,94,93,,-1,-1,-1.000000,-1,t
cpu-gpu-v2,2026-07-19T10:58:15,"20260719_085511_session4",345,345,5,"GEMM","openblas_sgemm",cpu_native,"Intel(R) Core(TM) i9-7900X CPU @ 3.30GHz",10,128,"N=128",74513,1.012755,1.012755,1.012755,121.574640,121.574640,0.000000,1.631590e-03,120.043450,3.890013e-10,0.013592,0.013592,3.125302e+11,308.59,1.966080e+05,120.04,in_range,,,,2787,2234,,94,93,94,,-1,-1,-1.000000,-1,t
cpu-gpu-v2,2026-07-19T10:58:16,"20260719_085511_session4",346,346,6,"GEMM","openblas_sgemm",cpu_native,"Intel(R) Core(TM) i9-7900X CPU @ 3.30GHz",10,128,"N=128",74513,1.018392,1.018392,1.018392,122.115471,122.115471,0.000000,1.638848e-03,119.910074,3.907318e-10,0.013667,0.013667,3.125302e+11,306.89,1.966080e+05,119.91,in_range,,,,2434,2235,,94,94,94,,-1,-1,-1.000000,-1,t
cpu-gpu-v2,2026-07-19T10:58:17,"20260719_085511_session4",347,347,7,"GEMM","openblas_sgemm",cpu_native,"Intel(R) Core(TM) i9-7900X CPU @ 3.30GHz",10,128,"N=128",74513,1.015607,1.015607,1.015607,122.006646,122.006646,0.000000,1.637387e-03,120.131743,3.903836e-10,0.013630,0.013630,3.125302e+11,307.73,1.966080e+05,120.13,in_range,,,,2574,2235,,94,94,94,,-1,-1,-1.000000,-1,t
cpu-gpu-v2,2026-07-19T10:58:18,"20260719_085511_session4",348,348,8,"GEMM","openblas_sgemm",cpu_native,"Intel(R) Core(TM) i9-7900X CPU @ 3.30GHz",10,128,"N=128",74513,1.004858,1.004858,1.004858,120.732235,120.732235,0.000000,1.620284e-03,120.148569,3.863059e-10,0.013486,0.013486,3.125302e+11,311.02,1.966080e+05,120.15,in_range,,,,2625,2119,,96,94,96,,-1,-1,-1.000000,-1,t
cpu-gpu-v2,2026-07-19T10:58:19,"20260719_085511_session4",349,349,9,"GEMM","openblas_sgemm",cpu_native,"Intel(R) Core(TM) i9-7900X CPU @ 3.30GHz",10,128,"N=128",74513,1.002589,1.002589,1.002589,120.828121,120.828121,0.000000,1.621571e-03,120.516153,3.866127e-10,0.013455,0.013455,3.125302e+11,311.72,1.966080e+05,120.52,in_range,,,,2119,2234,,96,96,95,,-1,-1,-1.000000,-1,t
cpu-gpu-v2,2026-07-19T10:58:20,"20260719_085511_session4",350,350,10,"GEMM","openblas_sgemm",cpu_native,"Intel(R) Core(TM) i9-7900X CPU @ 3.30GHz",10,128,"N=128",74513,1.009514,1.009514,1.009514,121.600336,121.600336,0.000000,1.631935e-03,120.454290,3.890835e-10,0.013548,0.013548,3.125302e+11,309.58,1.966080e+05,120.45,in_range,,,,2434,2235,,95,95,94,,-1,-1,-1.000000,-1,t
cpu-gpu-v2,2026-07-19T10:58:22,"20260719_085511_session4",351,351,1,"GEMM","openblas_sgemm",cpu_native,"Intel(R) Core(TM) i9-7900X CPU @ 3.30GHz",16,4096,"N=4096",8,1.111908,1.111908,1.111908,181.223657,182.999344,1.775687,2.287492e+01,164.581319,1.664369e-10,138.988545,138.988545,1.099512e+12,988.85,2.013266e+08,164.58,in_range,,,,2739,2905,,100,100,100,,-1,-1,-1.000000,-1,t
cpu-gpu-v2,2026-07-19T10:58:23,"20260719_085511_session4",352,352,2,"GEMM","openblas_sgemm",cpu_native,"Intel(R) Core(TM) i9-7900X CPU @ 3.30GHz",16,4096,"N=4096",8,1.112016,1.112016,1.112016,180.612087,182.403166,1.791079,2.280040e+01,164.029234,1.658947e-10,139.002025,139.002025,1.099512e+12,988.76,2.013266e+08,164.03,in_range,,,,2845,2878,,100,100,100,,-1,-1,-1.000000,-1,t
cpu-gpu-v2,2026-07-19T10:58:25,"20260719_085511_session4",353,353,3,"GEMM","openblas_sgemm",cpu_native,"Intel(R) Core(TM) i9-7900X CPU @ 3.30GHz",16,4096,"N=4096",8,1.113939,1.113939,1.113939,181.012782,182.791010,1.778228,2.284888e+01,164.094320,1.662475e-10,139.242335,139.242335,1.099512e+12,987.05,2.013266e+08,164.09,in_range,,,,2932,2885,,100,100,100,,-1,-1,-1.000000,-1,t
cpu-gpu-v2,2026-07-19T10:58:26,"20260719_085511_session4",354,354,4,"GEMM","openblas_sgemm",cpu_native,"Intel(R) Core(TM) i9-7900X CPU @ 3.30GHz",16,4096,"N=4096",8,1.114601,1.114601,1.114601,180.853236,182.652332,1.799096,2.283154e+01,163.872412,1.661213e-10,139.325108,139.325108,1.099512e+12,986.46,2.013266e+08,163.87,in_range,,,,2952,2874,,100,100,100,,-1,-1,-1.000000,-1,t
cpu-gpu-v2,2026-07-19T10:58:27,"20260719_085511_session4",355,355,5,"GEMM","openblas_sgemm",cpu_native,"Intel(R) Core(TM) i9-7900X CPU @ 3.30GHz",16,4096,"N=4096",8,1.107840,1.107840,1.107840,181.112146,182.907081,1.794935,2.286339e+01,165.102483,1.663530e-10,138.479959,138.479959,1.099512e+12,992.48,2.013266e+08,165.10,in_range,,,,2814,2894,,100,100,100,,-1,-1,-1.000000,-1,t
cpu-gpu-v2,2026-07-19T10:58:28,"20260719_085511_session4",356,356,6,"GEMM","openblas_sgemm",cpu_native,"Intel(R) Core(TM) i9-7900X CPU @ 3.30GHz",16,4096,"N=4096",8,1.108567,1.108567,1.108567,180.760096,182.534942,1.774846,2.281687e+01,164.658508,1.660146e-10,138.570840,138.570840,1.099512e+12,991.83,2.013266e+08,164.66,in_range,,,,2819,3245,,100,100,100,,-1,-1,-1.000000,-1,t
cpu-gpu-v2,2026-07-19T10:58:29,"20260719_085511_session4",357,357,7,"GEMM","openblas_sgemm",cpu_native,"Intel(R) Core(TM) i9-7900X CPU @ 3.30GHz",16,4096,"N=4096",8,1.109318,1.109318,1.109318,180.479763,182.241788,1.762025,2.278022e+01,164.282743,1.657479e-10,138.664738,138.664738,1.099512e+12,991.16,2.013266e+08,164.28,in_range,,,,3196,2832,,100,100,100,,-1,-1,-1.000000,-1,t
cpu-gpu-v2,2026-07-19T10:58:30,"20260719_085511_session4",358,358,8,"GEMM","openblas_sgemm",cpu_native,"Intel(R) Core(TM) i9-7900X CPU @ 3.30GHz",16,4096,"N=4096",8,1.110603,1.110603,1.110603,180.309963,182.116939,1.806976,2.276462e+01,163.980196,1.656344e-10,138.825406,138.825406,1.099512e+12,990.01,2.013266e+08,163.98,in_range,,,,2885,2930,,100,100,100,,-1,-1,-1.000000,-1,t
cpu-gpu-v2,2026-07-19T10:58:31,"20260719_085511_session4",359,359,9,"GEMM","openblas_sgemm",cpu_native,"Intel(R) Core(TM) i9-7900X CPU @ 3.30GHz",16,4096,"N=4096",8,1.111411,1.111411,1.111411,179.854825,181.626810,1.771985,2.270335e+01,163.420030,1.651886e-10,138.926368,138.926368,1.099512e+12,989.29,2.013266e+08,163.42,in_range,,,,2994,3053,,100,100,100,,-1,-1,-1.000000,-1,t
cpu-gpu-v2,2026-07-19T10:58:32,"20260719_085511_session4",360,360,10,"GEMM","openblas_sgemm",cpu_native,"Intel(R) Core(TM) i9-7900X CPU @ 3.30GHz",16,4096,"N=4096",8,1.111536,1.111536,1.111536,179.678251,181.467311,1.789060,2.268341e+01,163.258122,1.650436e-10,138.942024,138.942024,1.099512e+12,989.18,2.013266e+08,163.26,in_range,,,,3023,2981,,100,100,100,,-1,-1,-1.000000,-1,t
cpu-gpu-v2,2026-07-19T10:58:38,"20260719_085511_session4",361,361,1,"GEMM","openblas_sgemm",cpu_native,"Intel(R) Core(TM) i9-7900X CPU @ 3.30GHz",4,8192,"N=8192",1,1.480765,1.480765,1.480765,170.663076,171.965565,1.302489,1.719656e+02,116.132933,1.564018e-10,1480.764847,1480.764847,1.099512e+12,742.53,8.053064e+08,116.13,above,,,,1659,1800,,99,99,99,,-1,-1,-1.000000,-1,t
cpu-gpu-v2,2026-07-19T10:58:39,"20260719_085511_session4",362,362,2,"GEMM","openblas_sgemm",cpu_native,"Intel(R) Core(TM) i9-7900X CPU @ 3.30GHz",4,8192,"N=8192",1,1.477959,1.477959,1.477959,169.476861,170.786525,1.309664,1.707865e+02,115.555627,1.553294e-10,1477.959398,1477.959398,1.099512e+12,743.94,8.053064e+08,115.56,above,,,,1833,1806,,99,99,99,,-1,-1,-1.000000,-1,t
cpu-gpu-v2,2026-07-19T10:58:41,"20260719_085511_session4",363,363,3,"GEMM","openblas_sgemm",cpu_native,"Intel(R) Core(TM) i9-7900X CPU @ 3.30GHz",4,8192,"N=8192",1,1.511202,1.511202,1.511202,171.051869,172.325166,1.273297,1.723252e+02,114.031836,1.567288e-10,1511.202243,1511.202243,1.099512e+12,727.57,8.053064e+08,114.03,above,,,,1816,2020,,99,99,99,,-1,-1,-1.000000,-1,t
cpu-gpu-v2,2026-07-19T10:58:42,"20260719_085511_session4",364,364,4,"GEMM","openblas_sgemm",cpu_native,"Intel(R) Core(TM) i9-7900X CPU @ 3.30GHz",4,8192,"N=8192",1,1.570913,1.570913,1.570913,167.008484,168.236446,1.227962,1.682364e+02,107.094723,1.530102e-10,1570.912566,1570.912566,1.099512e+12,699.92,8.053064e+08,107.09,above,,,,2015,1674,,99,99,99,,-1,-1,-1.000000,-1,t
cpu-gpu-v2,2026-07-19T10:58:44,"20260719_085511_session4",365,365,5,"GEMM","openblas_sgemm",cpu_native,"Intel(R) Core(TM) i9-7900X CPU @ 3.30GHz",4,8192,"N=8192",1,1.508970,1.508970,1.508970,171.139332,172.393994,1.254662,1.723940e+02,114.246144,1.567914e-10,1508.969918,1508.969918,1.099512e+12,728.65,8.053064e+08,114.25,above,,,,1670,1806,,99,99,99,,-1,-1,-1.000000,-1,t
cpu-gpu-v2,2026-07-19T10:58:45,"20260719_085511_session4",366,366,6,"GEMM","openblas_sgemm",cpu_native,"Intel(R) Core(TM) i9-7900X CPU @ 3.30GHz",4,8192,"N=8192",1,1.482236,1.482236,1.482236,169.450860,170.702828,1.251968,1.707028e+02,115.165786,1.552533e-10,1482.235604,1482.235604,1.099512e+12,741.79,8.053064e+08,115.17,above,,,,1816,1800,,99,99,98,,-1,-1,-1.000000,-1,t
cpu-gpu-v2,2026-07-19T10:58:47,"20260719_085511_session4",367,367,7,"GEMM","openblas_sgemm",cpu_native,"Intel(R) Core(TM) i9-7900X CPU @ 3.30GHz",4,8192,"N=8192",1,1.510661,1.510661,1.510661,171.814990,173.061236,1.246246,1.730612e+02,114.559919,1.573983e-10,1510.661301,1510.661301,1.099512e+12,727.83,8.053064e+08,114.56,above,,,,1819,1676,,99,98,99,,-1,-1,-1.000000,-1,t
cpu-gpu-v2,2026-07-19T10:58:48,"20260719_085511_session4",368,368,8,"GEMM","openblas_sgemm",cpu_native,"Intel(R) Core(TM) i9-7900X CPU @ 3.30GHz",4,8192,"N=8192",1,1.516231,1.516231,1.516231,171.389942,172.623397,1.233455,1.726234e+02,113.850352,1.570001e-10,1516.230687,1516.230687,1.099512e+12,725.16,8.053064e+08,113.85,above,,,,1803,1806,,99,99,99,,-1,-1,-1.000000,-1,t
cpu-gpu-v2,2026-07-19T10:58:50,"20260719_085511_session4",369,369,9,"GEMM","openblas_sgemm",cpu_native,"Intel(R) Core(TM) i9-7900X CPU @ 3.30GHz",4,8192,"N=8192",1,1.517919,1.517919,1.517919,171.093190,172.311101,1.217911,1.723111e+02,113.518018,1.567160e-10,1517.918506,1517.918506,1.099512e+12,724.35,8.053064e+08,113.52,above,,,,1827,1799,,99,99,99,,-1,-1,-1.000000,-1,t
cpu-gpu-v2,2026-07-19T10:58:51,"20260719_085511_session4",370,370,10,"GEMM","openblas_sgemm",cpu_native,"Intel(R) Core(TM) i9-7900X CPU @ 3.30GHz",4,8192,"N=8192",1,1.476497,1.476497,1.476497,168.032346,169.272870,1.240524,1.692729e+02,114.644886,1.539528e-10,1476.497341,1476.497341,1.099512e+12,744.68,8.053064e+08,114.64,above,,,,1829,1824,,99,99,99,,-1,-1,-1.000000,-1,t
cpu-gpu-v2,2026-07-19T10:58:54,"20260719_085511_session4",371,371,1,"GEMM","openblas_sgemm",cpu_native,"Intel(R) Core(TM) i9-7900X CPU @ 3.30GHz",16,128,"N=128",76737,1.003490,1.003490,1.003490,122.870901,122.870901,0.000000,1.601195e-03,122.443525,3.817546e-10,0.013077,0.013077,3.218583e+11,320.74,1.966080e+05,122.44,in_range,,,,2234,2235,,97,97,97,,-1,-1,-1.000000,-1,t
cpu-gpu-v2,2026-07-19T10:58:55,"20260719_085511_session4",372,372,2,"GEMM","openblas_sgemm",cpu_native,"Intel(R) Core(TM) i9-7900X CPU @ 3.30GHz",16,128,"N=128",76737,0.952302,0.952302,0.952302,117.650700,117.650700,0.000000,1.533168e-03,123.543524,3.655357e-10,0.012410,0.012410,3.218583e+11,337.98,1.966080e+05,123.54,in_range,,,,2217,2234,,97,97,97,,-1,-1,-1.000000,-1,t
cpu-gpu-v2,2026-07-19T10:58:56,"20260719_085511_session4",373,373,3,"GEMM","openblas_sgemm",cpu_native,"Intel(R) Core(TM) i9-7900X CPU @ 3.30GHz",16,128,"N=128",76737,0.996255,0.996255,0.996255,122.209526,122.209526,0.000000,1.592576e-03,122.668977,3.796998e-10,0.012983,0.012983,3.218583e+11,323.07,1.966080e+05,122.67,in_range,,,,2234,2235,,97,97,97,,-1,-1,-1.000000,-1,t
cpu-gpu-v2,2026-07-19T10:58:56,"20260719_085511_session4",374,374,4,"GEMM","openblas_sgemm",cpu_native,"Intel(R) Core(TM) i9-7900X CPU @ 3.30GHz",16,128,"N=128",76737,0.954024,0.954024,0.954024,117.671146,117.671146,0.000000,1.533434e-03,123.341889,3.655992e-10,0.012432,0.012432,3.218583e+11,337.37,1.966080e+05,123.34,in_range,,,,2434,2234,,97,97,97,,-1,-1,-1.000000,-1,t
cpu-gpu-v2,2026-07-19T10:58:57,"20260719_085511_session4",375,375,5,"GEMM","openblas_sgemm",cpu_native,"Intel(R) Core(TM) i9-7900X CPU @ 3.30GHz",16,128,"N=128",76737,0.955282,0.955282,0.955282,117.714664,117.714664,0.000000,1.534001e-03,123.225075,3.657344e-10,0.012449,0.012449,3.218583e+11,336.93,1.966080e+05,123.23,in_range,,,,2226,2235,,97,97,96,,-1,-1,-1.000000,-1,t
cpu-gpu-v2,2026-07-19T10:58:58,"20260719_085511_session4",376,376,6,"GEMM","openblas_sgemm",cpu_native,"Intel(R) Core(TM) i9-7900X CPU @ 3.30GHz",16,128,"N=128",76737,1.008234,1.008234,1.008234,123.242543,123.242543,0.000000,1.606038e-03,122.236038,3.829093e-10,0.013139,0.013139,3.218583e+11,319.23,1.966080e+05,122.24,in_range,,,,2222,2232,,97,96,97,,-1,-1,-1.000000,-1,t
cpu-gpu-v2,2026-07-19T10:58:59,"20260719_085511_session4",377,377,7,"GEMM","openblas_sgemm",cpu_native,"Intel(R) Core(TM) i9-7900X CPU @ 3.30GHz",16,128,"N=128",76737,0.999695,0.999695,0.999695,122.653067,122.653067,0.000000,1.598356e-03,122.690510,3.810778e-10,0.013028,0.013028,3.218583e+11,321.96,1.966080e+05,122.69,in_range,,,,2209,2235,,97,97,97,,-1,-1,-1.000000,-1,t
cpu-gpu-v2,2026-07-19T10:59:00,"20260719_085511_session4",378,378,8,"GEMM","openblas_sgemm",cpu_native,"Intel(R) Core(TM) i9-7900X CPU @ 3.30GHz",16,128,"N=128",76737,0.956412,0.956412,0.956412,118.030033,118.030033,0.000000,1.538111e-03,123.409193,3.667143e-10,0.012464,0.012464,3.218583e+11,336.53,1.966080e+05,123.41,in_range,,,,2245,2229,,97,97,97,,-1,-1,-1.000000,-1,t
cpu-gpu-v2,2026-07-19T10:59:01,"20260719_085511_session4",379,379,9,"GEMM","openblas_sgemm",cpu_native,"Intel(R) Core(TM) i9-7900X CPU @ 3.30GHz",16,128,"N=128",76737,0.956714,0.956714,0.956714,117.854557,117.854557,0.000000,1.535824e-03,123.186810,3.661691e-10,0.012467,0.012467,3.218583e+11,336.42,1.966080e+05,123.19,in_range,,,,2545,2234,,97,97,96,,-1,-1,-1.000000,-1,t
cpu-gpu-v2,2026-07-19T10:59:02,"20260719_085511_session4",380,380,10,"GEMM","openblas_sgemm",cpu_native,"Intel(R) Core(TM) i9-7900X CPU @ 3.30GHz",16,128,"N=128",76737,0.998948,0.998948,0.998948,122.349906,122.349906,0.000000,1.594406e-03,122.478713,3.801359e-10,0.013018,0.013018,3.218583e+11,322.20,1.966080e+05,122.48,in_range,,,,2434,2235,,97,96,97,,-1,-1,-1.000000,-1,t
cpu-gpu-v2,2026-07-19T10:59:33,"20260719_085511_session4",381,381,1,"GEMM","openblas_sgemm",cpu_native,"Intel(R) Core(TM) i9-7900X CPU @ 3.30GHz",20,16384,"N=16384",1,8.960372,8.960372,8.960372,1473.004530,1492.281061,19.276531,1.492281e+03,166.542316,1.696527e-10,8960.371719,8960.371719,8.796093e+12,981.67,3.221225e+09,166.54,above,,,,2725,2193,,100,100,99,,-1,-1,-1.000000,-1,t
cpu-gpu-v2,2026-07-19T10:59:42,"20260719_085511_session4",382,382,2,"GEMM","openblas_sgemm",cpu_native,"Intel(R) Core(TM) i9-7900X CPU @ 3.30GHz",20,16384,"N=16384",1,8.993616,8.993616,8.993616,1461.300275,1480.720550,19.420275,1.480721e+03,164.641295,1.683384e-10,8993.615779,8993.615779,8.796093e+12,978.04,3.221225e+09,164.64,above,,,,2228,2516,,99,99,99,,-1,-1,-1.000000,-1,t
cpu-gpu-v2,2026-07-19T10:59:51,"20260719_085511_session4",383,383,3,"GEMM","openblas_sgemm",cpu_native,"Intel(R) Core(TM) i9-7900X CPU @ 3.30GHz",20,16384,"N=16384",1,8.950241,8.950241,8.950241,1445.345116,1464.464057,19.118941,1.464464e+03,163.622867,1.664903e-10,8950.240796,8950.240796,8.796093e+12,982.78,3.221225e+09,163.62,above,,,,2542,2736,,99,99,99,,-1,-1,-1.000000,-1,t
cpu-gpu-v2,2026-07-19T11:00:00,"20260719_085511_session4",384,384,4,"GEMM","openblas_sgemm",cpu_native,"Intel(R) Core(TM) i9-7900X CPU @ 3.30GHz",20,16384,"N=16384",1,9.035158,9.035158,9.035158,1446.682087,1466.196686,19.514599,1.466197e+03,162.276812,1.666873e-10,9035.158297,9035.158297,8.796093e+12,973.54,3.221225e+09,162.28,above,,,,2731,2623,,99,99,99,,-1,-1,-1.000000,-1,t
cpu-gpu-v2,2026-07-19T11:00:09,"20260719_085511_session4",385,385,5,"GEMM","openblas_sgemm",cpu_native,"Intel(R) Core(TM) i9-7900X CPU @ 3.30GHz",20,16384,"N=16384",1,8.977142,8.977142,8.977142,1426.144787,1445.601552,19.456765,1.445602e+03,161.031371,1.643459e-10,8977.142398,8977.142398,8.796093e+12,979.83,3.221225e+09,161.03,above,,,,2729,2709,,99,99,99,,-1,-1,-1.000000,-1,t
cpu-gpu-v2,2026-07-19T11:00:18,"20260719_085511_session4",386,386,6,"GEMM","openblas_sgemm",cpu_native,"Intel(R) Core(TM) i9-7900X CPU @ 3.30GHz",20,16384,"N=16384",1,8.998326,8.998326,8.998326,1415.903601,1435.259891,19.356290,1.435260e+03,159.502992,1.631702e-10,8998.325823,8998.325823,8.796093e+12,977.53,3.221225e+09,159.50,above,,,,2739,2663,,99,99,99,,-1,-1,-1.000000,-1,t
cpu-gpu-v2,2026-07-19T11:00:27,"20260719_085511_session4",387,387,7,"GEMM","openblas_sgemm",cpu_native,"Intel(R) Core(TM) i9-7900X CPU @ 3.30GHz",20,16384,"N=16384",1,9.032688,9.032688,9.032688,1407.202086,1426.839299,19.637213,1.426839e+03,157.963978,1.622128e-10,9032.687823,9032.687823,8.796093e+12,973.81,3.221225e+09,157.96,above,,,,2704,2753,,99,99,99,,-1,-1,-1.000000,-1,t
cpu-gpu-v2,2026-07-19T11:00:36,"20260719_085511_session4",388,388,8,"GEMM","openblas_sgemm",cpu_native,"Intel(R) Core(TM) i9-7900X CPU @ 3.30GHz",20,16384,"N=16384",1,9.064073,9.064073,9.064073,1400.326066,1419.882496,19.556430,1.419882e+03,156.649492,1.614220e-10,9064.073435,9064.073435,8.796093e+12,970.43,3.221225e+09,156.65,above,,,,2833,2654,,99,99,99,,-1,-1,-1.000000,-1,t
cpu-gpu-v2,2026-07-19T11:00:45,"20260719_085511_session4",389,389,9,"GEMM","openblas_sgemm",cpu_native,"Intel(R) Core(TM) i9-7900X CPU @ 3.30GHz",20,16384,"N=16384",1,9.084543,9.084543,9.084543,1392.951756,1412.682681,19.730925,1.412683e+03,155.503987,1.606034e-10,9084.543167,9084.543167,8.796093e+12,968.25,3.221225e+09,155.50,above,,,,2667,2693,,100,99,100,,-1,-1,-1.000000,-1,t
cpu-gpu-v2,2026-07-19T11:00:54,"20260719_085511_session4",390,390,10,"GEMM","openblas_sgemm",cpu_native,"Intel(R) Core(TM) i9-7900X CPU @ 3.30GHz",20,16384,"N=16384",1,9.121042,9.121042,9.121042,1385.609307,1405.581346,19.972039,1.405581e+03,154.103160,1.597961e-10,9121.041655,9121.041655,8.796093e+12,964.37,3.221225e+09,154.10,above,,,,2679,2389,,100,100,99,,-1,-1,-1.000000,-1,t
cpu-gpu-v2,2026-07-19T11:00:57,"20260719_085511_session4",391,391,1,"GEMM","openblas_sgemm",cpu_native,"Intel(R) Core(TM) i9-7900X CPU @ 3.30GHz",20,256,"N=256",16361,1.009892,1.009892,1.009892,142.689332,142.689332,0.000000,8.721309e-03,141.291641,2.599153e-10,0.061726,0.061726,5.489841e+11,543.61,7.864320e+05,141.29,in_range,,,,3051,3010,,100,100,100,,-1,-1,-1.000000,-1,t
cpu-gpu-v2,2026-07-19T11:00:58,"20260719_085511_session4",392,392,2,"GEMM","openblas_sgemm",cpu_native,"Intel(R) Core(TM) i9-7900X CPU @ 3.30GHz",20,256,"N=256",16361,1.008822,1.008822,1.008822,142.827637,142.827637,0.000000,8.729762e-03,141.578636,2.601672e-10,0.061660,0.061660,5.489841e+11,544.18,7.864320e+05,141.58,in_range,,,,3008,3022,,100,100,100,,-1,-1,-1.000000,-1,t
cpu-gpu-v2,2026-07-19T11:00:59,"20260719_085511_session4",393,393,3,"GEMM","openblas_sgemm",cpu_native,"Intel(R) Core(TM) i9-7900X CPU @ 3.30GHz",20,256,"N=256",16361,1.011683,1.011683,1.011683,143.250670,143.250670,0.000000,8.755618e-03,141.596435,2.609378e-10,0.061835,0.061835,5.489841e+11,542.64,7.864320e+05,141.60,in_range,,,,3010,2999,,100,100,99,,-1,-1,-1.000000,-1,t
cpu-gpu-v2,2026-07-19T11:01:00,"20260719_085511_session4",394,394,4,"GEMM","openblas_sgemm",cpu_native,"Intel(R) Core(TM) i9-7900X CPU @ 3.30GHz",20,256,"N=256",16361,1.009085,1.009085,1.009085,142.482912,142.482912,0.000000,8.708692e-03,141.200101,2.595393e-10,0.061676,0.061676,5.489841e+11,544.04,7.864320e+05,141.20,in_range,,,,2938,3029,,100,99,100,,-1,-1,-1.000000,-1,t
cpu-gpu-v2,2026-07-19T11:01:01,"20260719_085511_session4",395,395,5,"GEMM","openblas_sgemm",cpu_native,"Intel(R) Core(TM) i9-7900X CPU @ 3.30GHz",20,256,"N=256",16361,1.009682,1.009682,1.009682,142.332644,142.332644,0.000000,8.699508e-03,140.967821,2.592655e-10,0.061713,0.061713,5.489841e+11,543.72,7.864320e+05,140.97,in_range,,,,2976,3074,,100,100,100,,-1,-1,-1.000000,-1,t
cpu-gpu-v2,2026-07-19T11:01:02,"20260719_085511_session4",396,396,6,"GEMM","openblas_sgemm",cpu_native,"Intel(R) Core(TM) i9-7900X CPU @ 3.30GHz",20,256,"N=256",16361,1.009731,1.009731,1.009731,142.635560,142.635560,0.000000,8.718022e-03,141.260991,2.598173e-10,0.061716,0.061716,5.489841e+11,543.69,7.864320e+05,141.26,in_range,,,,3006,3010,,100,100,99,,-1,-1,-1.000000,-1,t
cpu-gpu-v2,2026-07-19T11:01:03,"20260719_085511_session4",397,397,7,"GEMM","openblas_sgemm",cpu_native,"Intel(R) Core(TM) i9-7900X CPU @ 3.30GHz",20,256,"N=256",16361,1.010814,1.010814,1.010814,142.715699,142.715699,0.000000,8.722920e-03,141.188936,2.599633e-10,0.061782,0.061782,5.489841e+11,543.11,7.864320e+05,141.19,in_range,,,,2980,3002,,100,99,100,,-1,-1,-1.000000,-1,t
cpu-gpu-v2,2026-07-19T11:01:04,"20260719_085511_session4",398,398,8,"GEMM","openblas_sgemm",cpu_native,"Intel(R) Core(TM) i9-7900X CPU @ 3.30GHz",20,256,"N=256",16361,1.010708,1.010708,1.010708,142.200502,142.200502,0.000000,8.691431e-03,140.693937,2.590248e-10,0.061775,0.061775,5.489841e+11,543.17,7.864320e+05,140.69,in_range,,,,2946,3020,,100,100,100,,-1,-1,-1.000000,-1,t
cpu-gpu-v2,2026-07-19T11:01:05,"20260719_085511_session4",399,399,9,"GEMM","openblas_sgemm",cpu_native,"Intel(R) Core(TM) i9-7900X CPU @ 3.30GHz",20,256,"N=256",16361,1.009996,1.009996,1.009996,142.554323,142.554323,0.000000,8.713057e-03,141.143497,2.596693e-10,0.061732,0.061732,5.489841e+11,543.55,7.864320e+05,141.14,in_range,,,,2977,2979,,100,100,100,,-1,-1,-1.000000,-1,t
cpu-gpu-v2,2026-07-19T11:01:06,"20260719_085511_session4",400,400,10,"GEMM","openblas_sgemm",cpu_native,"Intel(R) Core(TM) i9-7900X CPU @ 3.30GHz",20,256,"N=256",16361,1.010584,1.010584,1.010584,142.361086,142.361086,0.000000,8.701246e-03,140.870131,2.593173e-10,0.061768,0.061768,5.489841e+11,543.23,7.864320e+05,140.87,in_range,,,,2930,3011,,100,100,100,,-1,-1,-1.000000,-1,t
cpu-gpu-v2,2026-07-19T11:01:09,"20260719_085511_session4",401,401,1,"GEMM","openblas_sgemm",cpu_native,"Intel(R) Core(TM) i9-7900X CPU @ 3.30GHz",4,4096,"N=4096",5,1.077809,1.077809,1.077809,110.422142,111.180808,0.758666,2.223616e+01,103.154433,1.617894e-10,215.561861,215.561861,6.871948e+11,637.58,2.013266e+08,103.15,in_range,,,,1698,1705,,99,99,99,,-1,-1,-1.000000,-1,t
cpu-gpu-v2,2026-07-19T11:01:10,"20260719_085511_session4",402,402,2,"GEMM","openblas_sgemm",cpu_native,"Intel(R) Core(TM) i9-7900X CPU @ 3.30GHz",4,4096,"N=4096",5,1.076578,1.076578,1.076578,111.271688,112.025519,0.753831,2.240510e+01,104.057058,1.630186e-10,215.315561,215.315561,6.871948e+11,638.31,2.013266e+08,104.06,in_range,,,,1607,1823,,99,99,99,,-1,-1,-1.000000,-1,t
cpu-gpu-v2,2026-07-19T11:01:11,"20260719_085511_session4",403,403,3,"GEMM","openblas_sgemm",cpu_native,"Intel(R) Core(TM) i9-7900X CPU @ 3.30GHz",4,4096,"N=4096",5,1.075312,1.075312,1.075312,110.229698,110.993581,0.763883,2.219872e+01,103.219926,1.615169e-10,215.062314,215.062314,6.871948e+11,639.07,2.013266e+08,103.22,in_range,,,,1929,1832,,100,99,100,,-1,-1,-1.000000,-1,t
cpu-gpu-v2,2026-07-19T11:01:12,"20260719_085511_session4",404,404,4,"GEMM","openblas_sgemm",cpu_native,"Intel(R) Core(TM) i9-7900X CPU @ 3.30GHz",4,4096,"N=4096",5,1.073669,1.073669,1.073669,110.903219,111.674905,0.771686,2.233498e+01,104.012429,1.625084e-10,214.733769,214.733769,6.871948e+11,640.04,2.013266e+08,104.01,in_range,,,,1841,1799,,100,100,99,,-1,-1,-1.000000,-1,t
cpu-gpu-v2,2026-07-19T11:01:13,"20260719_085511_session4",405,405,5,"GEMM","openblas_sgemm",cpu_native,"Intel(R) Core(TM) i9-7900X CPU @ 3.30GHz",4,4096,"N=4096",5,1.080498,1.080498,1.080498,111.178426,111.934185,0.755759,2.238684e+01,103.594948,1.628857e-10,216.099697,216.099697,6.871948e+11,636.00,2.013266e+08,103.59,in_range,,,,2527,1696,,99,99,99,,-1,-1,-1.000000,-1,t
cpu-gpu-v2,2026-07-19T11:01:14,"20260719_085511_session4",406,406,6,"GEMM","openblas_sgemm",cpu_native,"Intel(R) Core(TM) i9-7900X CPU @ 3.30GHz",4,4096,"N=4096",5,1.046430,1.046430,1.046430,111.207479,111.974988,0.767509,2.239500e+01,107.006656,1.629451e-10,209.286024,209.286024,6.871948e+11,656.70,2.013266e+08,107.01,in_range,,,,1706,1937,,99,99,99,,-1,-1,-1.000000,-1,t
cpu-gpu-v2,2026-07-19T11:01:16,"20260719_085511_session4",407,407,7,"GEMM","openblas_sgemm",cpu_native,"Intel(R) Core(TM) i9-7900X CPU @ 3.30GHz",4,4096,"N=4096",5,1.042318,1.042318,1.042318,110.514732,111.263560,0.748828,2.225271e+01,106.746301,1.619098e-10,208.463541,208.463541,6.871948e+11,659.29,2.013266e+08,106.75,in_range,,,,1935,1716,,99,99,99,,-1,-1,-1.000000,-1,t
cpu-gpu-v2,2026-07-19T11:01:17,"20260719_085511_session4",408,408,8,"GEMM","openblas_sgemm",cpu_native,"Intel(R) Core(TM) i9-7900X CPU @ 3.30GHz",4,4096,"N=4096",5,1.041241,1.041241,1.041241,110.585593,111.348848,0.763255,2.226977e+01,106.938549,1.620339e-10,208.248286,208.248286,6.871948e+11,659.98,2.013266e+08,106.94,in_range,,,,2041,3210,,99,99,99,,-1,-1,-1.000000,-1,t
cpu-gpu-v2,2026-07-19T11:01:18,"20260719_085511_session4",409,409,9,"GEMM","openblas_sgemm",cpu_native,"Intel(R) Core(TM) i9-7900X CPU @ 3.30GHz",4,4096,"N=4096",5,1.040346,1.040346,1.040346,110.548423,111.303539,0.755116,2.226071e+01,106.987090,1.619680e-10,208.069103,208.069103,6.871948e+11,660.54,2.013266e+08,106.99,in_range,,,,3216,1724,,100,99,100,,-1,-1,-1.000000,-1,t
cpu-gpu-v2,2026-07-19T11:01:19,"20260719_085511_session4",410,410,10,"GEMM","openblas_sgemm",cpu_native,"Intel(R) Core(TM) i9-7900X CPU @ 3.30GHz",4,4096,"N=4096",5,1.040552,1.040552,1.040552,111.065267,111.814080,0.748813,2.236282e+01,107.456505,1.627109e-10,208.110397,208.110397,6.871948e+11,660.41,2.013266e+08,107.46,in_range,,,,1723,1602,,100,100,99,,-1,-1,-1.000000,-1,t
cpu-gpu-v2,2026-07-19T11:01:21,"20260719_085511_session4",411,411,1,"GEMM","openblas_sgemm",cpu_native,"Intel(R) Core(TM) i9-7900X CPU @ 3.30GHz",20,512,"N=512",3177,1.037045,1.037045,1.037045,150.879863,150.879863,0.000000,4.749130e-02,145.490128,1.769189e-10,0.326423,0.326423,8.528194e+11,822.36,3.145728e+06,145.49,in_range,,,,2894,2937,,100,99,100,,-1,-1,-1.000000,-1,t
cpu-gpu-v2,2026-07-19T11:01:22,"20260719_085511_session4",412,412,2,"GEMM","openblas_sgemm",cpu_native,"Intel(R) Core(TM) i9-7900X CPU @ 3.30GHz",20,512,"N=512",3177,1.036730,1.036730,1.036730,150.675823,150.675823,0.000000,4.742708e-02,145.337609,1.766796e-10,0.326323,0.326323,8.528194e+11,822.61,3.145728e+06,145.34,in_range,,,,2900,2959,,100,100,100,,-1,-1,-1.000000,-1,t
cpu-gpu-v2,2026-07-19T11:01:23,"20260719_085511_session4",413,413,3,"GEMM","openblas_sgemm",cpu_native,"Intel(R) Core(TM) i9-7900X CPU @ 3.30GHz",20,512,"N=512",3177,1.037107,1.037107,1.037107,150.170819,150.170819,0.000000,4.726812e-02,144.797838,1.760875e-10,0.326442,0.326442,8.528194e+11,822.31,3.145728e+06,144.80,in_range,,,,2896,2940,,100,100,99,,-1,-1,-1.000000,-1,t
cpu-gpu-v2,2026-07-19T11:01:24,"20260719_085511_session4",414,414,4,"GEMM","openblas_sgemm",cpu_native,"Intel(R) Core(TM) i9-7900X CPU @ 3.30GHz",20,512,"N=512",3177,1.035824,1.035824,1.035824,150.597271,150.597271,0.000000,4.740235e-02,145.388913,1.765875e-10,0.326038,0.326038,8.528194e+11,823.32,3.145728e+06,145.39,in_range,,,,2879,2972,,100,99,100,,-1,-1,-1.000000,-1,t
cpu-gpu-v2,2026-07-19T11:01:25,"20260719_085511_session4",415,415,5,"GEMM","openblas_sgemm",cpu_native,"Intel(R) Core(TM) i9-7900X CPU @ 3.30GHz",20,512,"N=512",3177,1.038193,1.038193,1.038193,150.202680,150.202680,0.000000,4.727815e-02,144.676980,1.761248e-10,0.326784,0.326784,8.528194e+11,821.45,3.145728e+06,144.68,in_range,,,,2893,2934,,100,100,100,,-1,-1,-1.000000,-1,t
cpu-gpu-v2,2026-07-19T11:01:26,"20260719_085511_session4",416,416,6,"GEMM","openblas_sgemm",cpu_native,"Intel(R) Core(TM) i9-7900X CPU @ 3.30GHz",20,512,"N=512",3177,1.037270,1.037270,1.037270,150.157697,150.157697,0.000000,4.726399e-02,144.762347,1.760721e-10,0.326494,0.326494,8.528194e+11,822.18,3.145728e+06,144.76,in_range,,,,2883,2917,,100,100,99,,-1,-1,-1.000000,-1,t
cpu-gpu-v2,2026-07-19T11:01:27,"20260719_085511_session4",417,417,7,"GEMM","openblas_sgemm",cpu_native,"Intel(R) Core(TM) i9-7900X CPU @ 3.30GHz",20,512,"N=512",3177,1.036970,1.036970,1.036970,150.101789,150.101789,0.000000,4.724639e-02,144.750409,1.760065e-10,0.326399,0.326399,8.528194e+11,822.42,3.145728e+06,144.75,in_range,,,,2890,2924,,99,99,99,,-1,-1,-1.000000,-1,t
cpu-gpu-v2,2026-07-19T11:01:28,"20260719_085511_session4",418,418,8,"GEMM","openblas_sgemm",cpu_native,"Intel(R) Core(TM) i9-7900X CPU @ 3.30GHz",20,512,"N=512",3177,1.036132,1.036132,1.036132,150.273541,150.273541,0.000000,4.730045e-02,145.033195,1.762079e-10,0.326135,0.326135,8.528194e+11,823.08,3.145728e+06,145.03,in_range,,,,2893,2925,,99,99,99,,-1,-1,-1.000000,-1,t
cpu-gpu-v2,2026-07-19T11:01:29,"20260719_085511_session4",419,419,9,"GEMM","openblas_sgemm",cpu_native,"Intel(R) Core(TM) i9-7900X CPU @ 3.30GHz",20,512,"N=512",3177,1.036882,1.036882,1.036882,149.891828,149.891828,0.000000,4.718030e-02,144.560177,1.757603e-10,0.326371,0.326371,8.528194e+11,822.48,3.145728e+06,144.56,in_range,,,,2890,2969,,100,99,100,,-1,-1,-1.000000,-1,t
cpu-gpu-v2,2026-07-19T11:01:31,"20260719_085511_session4",420,420,10,"GEMM","openblas_sgemm",cpu_native,"Intel(R) Core(TM) i9-7900X CPU @ 3.30GHz",20,512,"N=512",3177,1.040969,1.040969,1.040969,150.240094,150.240094,0.000000,4.728993e-02,144.327125,1.761687e-10,0.327658,0.327658,8.528194e+11,819.26,3.145728e+06,144.33,in_range,,,,2920,2942,,100,100,99,,-1,-1,-1.000000,-1,t
cpu-gpu-v2,2026-07-19T11:01:33,"20260719_085511_session4",421,421,1,"GEMM","openblas_sgemm",cpu_native,"Intel(R) Core(TM) i9-7900X CPU @ 3.30GHz",10,2048,"N=2048",67,1.028962,1.028962,1.028962,153.655918,154.890429,1.234511,2.311797e+00,150.530722,1.345643e-10,15.357645,15.357645,1.151051e+12,1118.65,5.033165e+07,150.53,in_range,,,,2176,2331,,100,100,99,,-1,-1,-1.000000,-1,t
cpu-gpu-v2,2026-07-19T11:01:34,"20260719_085511_session4",422,422,2,"GEMM","openblas_sgemm",cpu_native,"Intel(R) Core(TM) i9-7900X CPU @ 3.30GHz",10,2048,"N=2048",67,1.054440,1.054440,1.054440,157.067408,158.293075,1.225667,2.362583e+00,150.120490,1.375204e-10,15.737913,15.737913,1.151051e+12,1091.62,5.033165e+07,150.12,in_range,,,,2331,2186,,100,99,100,,-1,-1,-1.000000,-1,t
cpu-gpu-v2,2026-07-19T11:01:35,"20260719_085511_session4",423,423,3,"GEMM","openblas_sgemm",cpu_native,"Intel(R) Core(TM) i9-7900X CPU @ 3.30GHz",10,2048,"N=2048",67,1.033092,1.033092,1.033092,154.093661,155.338072,1.244411,2.318479e+00,150.362270,1.349532e-10,15.419285,15.419285,1.151051e+12,1114.18,5.033165e+07,150.36,in_range,,,,2369,2188,,100,100,100,,-1,-1,-1.000000,-1,t
cpu-gpu-v2,2026-07-19T11:01:36,"20260719_085511_session4",424,424,4,"GEMM","openblas_sgemm",cpu_native,"Intel(R) Core(TM) i9-7900X CPU @ 3.30GHz",10,2048,"N=2048",67,1.031601,1.031601,1.031601,153.802097,155.026770,1.224673,2.313832e+00,150.277869,1.346828e-10,15.397027,15.397027,1.151051e+12,1115.79,5.033165e+07,150.28,in_range,,,,2551,2175,,100,100,100,,-1,-1,-1.000000,-1,t
cpu-gpu-v2,2026-07-19T11:01:37,"20260719_085511_session4",425,425,5,"GEMM","openblas_sgemm",cpu_native,"Intel(R) Core(TM) i9-7900X CPU @ 3.30GHz",10,2048,"N=2048",67,1.032527,1.032527,1.032527,153.759189,154.988682,1.229493,2.313264e+00,150.106248,1.346497e-10,15.410844,15.410844,1.151051e+12,1114.79,5.033165e+07,150.11,in_range,,,,2536,2256,,100,100,99,,-1,-1,-1.000000,-1,t
cpu-gpu-v2,2026-07-19T11:01:38,"20260719_085511_session4",426,426,6,"GEMM","openblas_sgemm",cpu_native,"Intel(R) Core(TM) i9-7900X CPU @ 3.30GHz",10,2048,"N=2048",67,1.034044,1.034044,1.034044,153.805514,155.043911,1.238397,2.314088e+00,149.939351,1.346977e-10,15.433495,15.433495,1.151051e+12,1113.15,5.033165e+07,149.94,in_range,,,,2500,2250,,100,99,100,,-1,-1,-1.000000,-1,t
cpu-gpu-v2,2026-07-19T11:01:39,"20260719_085511_session4",427,427,7,"GEMM","openblas_sgemm",cpu_native,"Intel(R) Core(TM) i9-7900X CPU @ 3.30GHz",10,2048,"N=2048",67,1.035883,1.035883,1.035883,153.664646,154.907511,1.242865,2.312052e+00,149.541499,1.345792e-10,15.460942,15.460942,1.151051e+12,1111.18,5.033165e+07,149.54,in_range,,,,2610,2890,,100,100,100,,-1,-1,-1.000000,-1,t
cpu-gpu-v2,2026-07-19T11:01:40,"20260719_085511_session4",428,428,8,"GEMM","openblas_sgemm",cpu_native,"Intel(R) Core(TM) i9-7900X CPU @ 3.30GHz",10,2048,"N=2048",67,1.029191,1.029191,1.029191,153.054296,154.295723,1.241427,2.302921e+00,149.919371,1.340477e-10,15.361065,15.361065,1.151051e+12,1118.40,5.033165e+07,149.92,in_range,,,,2923,2195,,100,100,100,,-1,-1,-1.000000,-1,t
cpu-gpu-v2,2026-07-19T11:01:41,"20260719_085511_session4",429,429,9,"GEMM","openblas_sgemm",cpu_native,"Intel(R) Core(TM) i9-7900X CPU @ 3.30GHz",10,2048,"N=2048",67,1.038704,1.038704,1.038704,154.237520,155.468329,1.230809,2.320423e+00,149.675284,1.350664e-10,15.503046,15.503046,1.151051e+12,1108.16,5.033165e+07,149.68,in_range,,,,2516,2224,,100,100,99,,-1,-1,-1.000000,-1,t
cpu-gpu-v2,2026-07-19T11:01:42,"20260719_085511_session4",430,430,10,"GEMM","openblas_sgemm",cpu_native,"Intel(R) Core(TM) i9-7900X CPU @ 3.30GHz",10,2048,"N=2048",67,1.033733,1.033733,1.033733,153.223728,154.459708,1.235980,2.305369e+00,149.419331,1.341901e-10,15.428852,15.428852,1.151051e+12,1113.49,5.033165e+07,149.42,in_range,,,,2405,2174,,99,99,99,,-1,-1,-1.000000,-1,t
cpu-gpu-v2,2026-07-19T11:01:47,"20260719_085511_session4",431,431,1,"GEMM","openblas_sgemm",cpu_native,"Intel(R) Core(TM) i9-7900X CPU @ 3.30GHz",10,512,"N=512",3132,1.001093,1.001093,1.001093,142.899537,142.899537,0.000000,4.562565e-02,142.743494,1.699688e-10,0.319634,0.319634,8.407398e+11,839.82,3.145728e+06,142.74,in_range,,,,2244,2310,,99,99,99,,-1,-1,-1.000000,-1,t
cpu-gpu-v2,2026-07-19T11:01:48,"20260719_085511_session4",432,432,2,"GEMM","openblas_sgemm",cpu_native,"Intel(R) Core(TM) i9-7900X CPU @ 3.30GHz",10,512,"N=512",3132,1.005392,1.005392,1.005392,143.725706,143.725706,0.000000,4.588943e-02,142.954939,1.709515e-10,0.321006,0.321006,8.407398e+11,836.23,3.145728e+06,142.95,in_range,,,,2310,2143,,99,99,99,,-1,-1,-1.000000,-1,t
cpu-gpu-v2,2026-07-19T11:01:49,"20260719_085511_session4",433,433,3,"GEMM","openblas_sgemm",cpu_native,"Intel(R) Core(TM) i9-7900X CPU @ 3.30GHz",10,512,"N=512",3132,1.007385,1.007385,1.007385,143.601683,143.601683,0.000000,4.584983e-02,142.548973,1.708039e-10,0.321643,0.321643,8.407398e+11,834.58,3.145728e+06,142.55,in_range,,,,2239,2120,,99,99,99,,-1,-1,-1.000000,-1,t
cpu-gpu-v2,2026-07-19T11:01:50,"20260719_085511_session4",434,434,4,"GEMM","openblas_sgemm",cpu_native,"Intel(R) Core(TM) i9-7900X CPU @ 3.30GHz",10,512,"N=512",3132,1.007928,1.007928,1.007928,143.597105,143.597105,0.000000,4.584837e-02,142.467590,1.707985e-10,0.321816,0.321816,8.407398e+11,834.13,3.145728e+06,142.47,in_range,,,,2133,2215,,99,99,99,,-1,-1,-1.000000,-1,t
cpu-gpu-v2,2026-07-19T11:01:51,"20260719_085511_session4",435,435,5,"GEMM","openblas_sgemm",cpu_native,"Intel(R) Core(TM) i9-7900X CPU @ 3.30GHz",10,512,"N=512",3132,1.007144,1.007144,1.007144,143.921385,143.921385,0.000000,4.595191e-02,142.900503,1.711842e-10,0.321566,0.321566,8.407398e+11,834.78,3.145728e+06,142.90,in_range,,,,2217,2336,,99,99,99,,-1,-1,-1.000000,-1,t
cpu-gpu-v2,2026-07-19T11:01:52,"20260719_085511_session4",436,436,6,"GEMM","openblas_sgemm",cpu_native,"Intel(R) Core(TM) i9-7900X CPU @ 3.30GHz",10,512,"N=512",3132,1.006508,1.006508,1.006508,143.333740,143.333740,0.000000,4.576428e-02,142.406994,1.704852e-10,0.321363,0.321363,8.407398e+11,835.30,3.145728e+06,142.41,in_range,,,,2314,2357,,99,99,99,,-1,-1,-1.000000,-1,t
cpu-gpu-v2,2026-07-19T11:01:53,"20260719_085511_session4",437,437,7,"GEMM","openblas_sgemm",cpu_native,"Intel(R) Core(TM) i9-7900X CPU @ 3.30GHz",10,512,"N=512",3132,1.012524,1.012524,1.012524,143.919370,143.919370,0.000000,4.595127e-02,142.139274,1.711818e-10,0.323283,0.323283,8.407398e+11,830.34,3.145728e+06,142.14,in_range,,,,2347,2139,,99,99,99,,-1,-1,-1.000000,-1,t
cpu-gpu-v2,2026-07-19T11:01:54,"20260719_085511_session4",438,438,8,"GEMM","openblas_sgemm",cpu_native,"Intel(R) Core(TM) i9-7900X CPU @ 3.30GHz",10,512,"N=512",3132,1.009987,1.009987,1.009987,143.744139,143.744139,0.000000,4.589532e-02,142.322716,1.709734e-10,0.322474,0.322474,8.407398e+11,832.43,3.145728e+06,142.32,in_range,,,,2238,2331,,99,99,99,,-1,-1,-1.000000,-1,t
cpu-gpu-v2,2026-07-19T11:01:55,"20260719_085511_session4",439,439,9,"GEMM","openblas_sgemm",cpu_native,"Intel(R) Core(TM) i9-7900X CPU @ 3.30GHz",10,512,"N=512",3132,1.007012,1.007012,1.007012,143.026428,143.026428,0.000000,4.566616e-02,142.030540,1.701197e-10,0.321524,0.321524,8.407398e+11,834.89,3.145728e+06,142.03,in_range,,,,2326,2239,,100,99,100,,-1,-1,-1.000000,-1,t
cpu-gpu-v2,2026-07-19T11:01:56,"20260719_085511_session4",440,440,10,"GEMM","openblas_sgemm",cpu_native,"Intel(R) Core(TM) i9-7900X CPU @ 3.30GHz",10,512,"N=512",3132,1.010789,1.010789,1.010789,143.577636,143.577636,0.000000,4.584216e-02,142.045112,1.707753e-10,0.322730,0.322730,8.407398e+11,831.77,3.145728e+06,142.05,in_range,,,,2236,2320,,100,100,99,,-1,-1,-1.000000,-1,t
cpu-gpu-v2,2026-07-19T11:02:01,"20260719_085511_session4",441,441,1,"GEMM","openblas_sgemm",cpu_native,"Intel(R) Core(TM) i9-7900X CPU @ 3.30GHz",4,64,"N=64",387090,1.000109,1.000109,1.000109,61.624476,61.624476,0.000000,1.591993e-04,61.617743,3.036487e-10,0.002584,0.002584,2.029466e+11,202.92,4.915200e+04,61.62,in_range,,,,1320,1308,,98,97,98,,-1,-1,-1.000000,-1,t
cpu-gpu-v2,2026-07-19T11:02:02,"20260719_085511_session4",442,442,2,"GEMM","openblas_sgemm",cpu_native,"Intel(R) Core(TM) i9-7900X CPU @ 3.30GHz",4,64,"N=64",387090,1.008407,1.008407,1.008407,59.823028,59.823028,0.000000,1.545455e-04,59.324292,2.947722e-10,0.002605,0.002605,2.029466e+11,201.25,4.915200e+04,59.32,in_range,,,,1427,1309,,98,98,98,,-1,-1,-1.000000,-1,t
cpu-gpu-v2,2026-07-19T11:02:03,"20260719_085511_session4",443,443,3,"GEMM","openblas_sgemm",cpu_native,"Intel(R) Core(TM) i9-7900X CPU @ 3.30GHz",4,64,"N=64",387090,0.990301,0.990301,0.990301,61.280727,61.280727,0.000000,1.583113e-04,61.880899,3.019549e-10,0.002558,0.002558,2.029466e+11,204.93,4.915200e+04,61.88,in_range,,,,1309,1318,,98,98,98,,-1,-1,-1.000000,-1,t
cpu-gpu-v2,2026-07-19T11:02:04,"20260719_085511_session4",444,444,4,"GEMM","openblas_sgemm",cpu_native,"Intel(R) Core(TM) i9-7900X CPU @ 3.30GHz",4,64,"N=64",387090,0.996563,0.996563,0.996563,60.695340,60.695340,0.000000,1.567990e-04,60.904665,2.990704e-10,0.002574,0.002574,2.029466e+11,203.65,4.915200e+04,60.90,in_range,,,,1437,1309,,98,98,98,,-1,-1,-1.000000,-1,t
cpu-gpu-v2,2026-07-19T11:02:05,"20260719_085511_session4",445,445,5,"GEMM","openblas_sgemm",cpu_native,"Intel(R) Core(TM) i9-7900X CPU @ 3.30GHz",4,64,"N=64",387090,1.002447,1.002447,1.002447,60.711087,60.711087,0.000000,1.568397e-04,60.562913,2.991480e-10,0.002590,0.002590,2.029466e+11,202.45,4.915200e+04,60.56,in_range,,,,1421,1311,,99,98,99,,-1,-1,-1.000000,-1,t
cpu-gpu-v2,2026-07-19T11:02:06,"20260719_085511_session4",446,446,6,"GEMM","openblas_sgemm",cpu_native,"Intel(R) Core(TM) i9-7900X CPU @ 3.30GHz",4,64,"N=64",387090,0.997066,0.997066,0.997066,61.307644,61.307644,0.000000,1.583809e-04,61.488076,3.020875e-10,0.002576,0.002576,2.029466e+11,203.54,4.915200e+04,61.49,in_range,,,,1423,1305,,99,99,99,,-1,-1,-1.000000,-1,t
cpu-gpu-v2,2026-07-19T11:02:07,"20260719_085511_session4",447,447,7,"GEMM","openblas_sgemm",cpu_native,"Intel(R) Core(TM) i9-7900X CPU @ 3.30GHz",4,64,"N=64",387090,1.005728,1.005728,1.005728,59.880279,59.880279,0.000000,1.546934e-04,59.539233,2.950543e-10,0.002598,0.002598,2.029466e+11,201.79,4.915200e+04,59.54,in_range,,,,1413,1320,,99,99,99,,-1,-1,-1.000000,-1,t
cpu-gpu-v2,2026-07-19T11:02:08,"20260719_085511_session4",448,448,8,"GEMM","openblas_sgemm",cpu_native,"Intel(R) Core(TM) i9-7900X CPU @ 3.30GHz",4,64,"N=64",387090,1.008249,1.008249,1.008249,60.639005,60.639005,0.000000,1.566535e-04,60.142862,2.987928e-10,0.002605,0.002605,2.029466e+11,201.29,4.915200e+04,60.14,in_range,,,,1314,1309,,99,99,99,,-1,-1,-1.000000,-1,t
cpu-gpu-v2,2026-07-19T11:02:09,"20260719_085511_session4",449,449,9,"GEMM","openblas_sgemm",cpu_native,"Intel(R) Core(TM) i9-7900X CPU @ 3.30GHz",4,64,"N=64",387090,0.983920,0.983920,0.983920,60.623197,60.623197,0.000000,1.566127e-04,61.613925,2.987150e-10,0.002542,0.002542,2.029466e+11,206.26,4.915200e+04,61.61,in_range,,,,1269,1315,,99,99,99,,-1,-1,-1.000000,-1,t
cpu-gpu-v2,2026-07-19T11:02:10,"20260719_085511_session4",450,450,10,"GEMM","openblas_sgemm",cpu_native,"Intel(R) Core(TM) i9-7900X CPU @ 3.30GHz",4,64,"N=64",387090,0.984925,0.984925,0.984925,60.817898,60.817898,0.000000,1.571157e-04,61.748788,2.996743e-10,0.002544,0.002544,2.029466e+11,206.05,4.915200e+04,61.75,in_range,,,,1314,1447,,99,99,99,,-1,-1,-1.000000,-1,t
cpu-gpu-v2,2026-07-19T11:04:27,"20260719_085511_session4",451,451,1,"GEMM","openblas_sgemm",cpu_native,"Intel(R) Core(TM) i9-7900X CPU @ 3.30GHz",1,16384,"N=16384",1,44.151394,44.151394,44.151394,3002.590886,3004.412443,1.821557,3.004412e+03,68.047963,3.415621e-10,44151.394340,44151.394340,8.796093e+12,199.23,3.221225e+09,68.05,above,,,,1317,3550,,98,98,97,,-1,-1,-1.000000,-1,t
cpu-gpu-v2,2026-07-19T11:05:09,"20260719_085511_session4",452,452,2,"GEMM","openblas_sgemm",cpu_native,"Intel(R) Core(TM) i9-7900X CPU @ 3.30GHz",1,16384,"N=16384",1,41.559597,41.559597,41.559597,2701.122968,2703.321455,2.198487,2.703321e+03,65.046863,3.073321e-10,41559.597408,41559.597408,8.796093e+12,211.65,3.221225e+09,65.05,above,,,,1715,1339,,99,97,99,,-1,-1,-1.000000,-1,t
cpu-gpu-v2,2026-07-19T11:05:49,"20260719_085511_session4",453,453,3,"GEMM","openblas_sgemm",cpu_native,"Intel(R) Core(TM) i9-7900X CPU @ 3.30GHz",1,16384,"N=16384",1,40.657161,40.657161,40.657161,2497.369827,2499.856995,2.487168,2.499857e+03,61.486265,2.842008e-10,40657.161083,40657.161083,8.796093e+12,216.35,3.221225e+09,61.49,above,,,,1272,1340,,99,99,96,,-1,-1,-1.000000,-1,t
cpu-gpu-v2,2026-07-19T11:06:30,"20260719_085511_session4",454,454,4,"GEMM","openblas_sgemm",cpu_native,"Intel(R) Core(TM) i9-7900X CPU @ 3.30GHz",1,16384,"N=16384",1,40.210048,40.210048,40.210048,2370.283544,2372.498785,2.215241,2.372499e+03,59.002635,2.697219e-10,40210.047848,40210.047848,8.796093e+12,218.75,3.221225e+09,59.00,above,,,,1514,1339,,96,96,95,,-1,-1,-1.000000,-1,t
cpu-gpu-v2,2026-07-19T11:07:10,"20260719_085511_session4",455,455,5,"GEMM","openblas_sgemm",cpu_native,"Intel(R) Core(TM) i9-7900X CPU @ 3.30GHz",1,16384,"N=16384",1,40.185406,40.185406,40.185406,2337.711728,2340.022717,2.310989,2.340023e+03,58.230660,2.660298e-10,40185.405968,40185.405968,8.796093e+12,218.89,3.221225e+09,58.23,above,,,,1339,1466,,95,95,94,,-1,-1,-1.000000,-1,t
cpu-gpu-v2,2026-07-19T11:07:50,"20260719_085511_session4",456,456,6,"GEMM","openblas_sgemm",cpu_native,"Intel(R) Core(TM) i9-7900X CPU @ 3.30GHz",1,16384,"N=16384",1,40.219834,40.219834,40.219834,2321.822792,2324.906338,3.083546,2.324906e+03,57.804971,2.643112e-10,40219.834175,40219.834175,8.796093e+12,218.70,3.221225e+09,57.80,above,,,,1452,1330,,94,94,91,,-1,-1,-1.000000,-1,t
cpu-gpu-v2,2026-07-19T11:08:30,"20260719_085511_session4",457,457,7,"GEMM","openblas_sgemm",cpu_native,"Intel(R) Core(TM) i9-7900X CPU @ 3.30GHz",1,16384,"N=16384",1,40.208482,40.208482,40.208482,2287.351688,2290.366859,3.015171,2.290367e+03,56.962281,2.603846e-10,40208.482292,40208.482292,8.796093e+12,218.76,3.221225e+09,56.96,above,,,,1276,1339,,91,91,90,,-1,-1,-1.000000,-1,t
cpu-gpu-v2,2026-07-19T11:09:10,"20260719_085511_session4",458,458,8,"GEMM","openblas_sgemm",cpu_native,"Intel(R) Core(TM) i9-7900X CPU @ 3.30GHz",1,16384,"N=16384",1,40.189081,40.189081,40.189081,2272.232647,2275.165642,2.932995,2.275166e+03,56.611536,2.586564e-10,40189.081363,40189.081363,8.796093e+12,218.87,3.221225e+09,56.61,above,,,,1337,1651,,90,90,88,,-1,-1,-1.000000,-1,t
cpu-gpu-v2,2026-07-19T11:09:51,"20260719_085511_session4",459,459,9,"GEMM","openblas_sgemm",cpu_native,"Intel(R) Core(TM) i9-7900X CPU @ 3.30GHz",1,16384,"N=16384",1,40.209227,40.209227,40.209227,2261.477425,2264.421971,2.944546,2.264422e+03,56.315978,2.574350e-10,40209.227418,40209.227418,8.796093e+12,218.76,3.221225e+09,56.32,above,,,,1504,1340,,88,88,88,,-1,-1,-1.000000,-1,t
cpu-gpu-v2,2026-07-19T11:10:31,"20260719_085511_session4",460,460,10,"GEMM","openblas_sgemm",cpu_native,"Intel(R) Core(TM) i9-7900X CPU @ 3.30GHz",1,16384,"N=16384",1,40.210604,40.210604,40.210604,2253.159271,2256.145648,2.986377,2.256146e+03,56.108226,2.564941e-10,40210.603832,40210.603832,8.796093e+12,218.75,3.221225e+09,56.11,above,,,,1340,1340,,88,88,87,,-1,-1,-1.000000,-1,t
cpu-gpu-v2,2026-07-19T11:10:33,"20260719_085511_session4",461,461,1,"GEMM","openblas_sgemm",cpu_native,"Intel(R) Core(TM) i9-7900X CPU @ 3.30GHz",4,2048,"N=2048",43,1.013213,1.013213,1.013213,114.711193,115.225212,0.514019,2.679656e+00,113.722637,1.559765e-10,23.563084,23.563084,7.387344e+11,729.10,5.033165e+07,113.72,in_range,,,,1799,1850,,92,89,92,,-1,-1,-1.000000,-1,t
cpu-gpu-v2,2026-07-19T11:10:34,"20260719_085511_session4",462,462,2,"GEMM","openblas_sgemm",cpu_native,"Intel(R) Core(TM) i9-7900X CPU @ 3.30GHz",4,2048,"N=2048",43,1.006321,1.006321,1.006321,114.940990,115.459920,0.518930,2.685114e+00,114.734737,1.562942e-10,23.402803,23.402803,7.387344e+11,734.09,5.033165e+07,114.73,in_range,,,,1910,1850,,92,92,88,,-1,-1,-1.000000,-1,t
cpu-gpu-v2,2026-07-19T11:10:35,"20260719_085511_session4",463,463,3,"GEMM","openblas_sgemm",cpu_native,"Intel(R) Core(TM) i9-7900X CPU @ 3.30GHz",4,2048,"N=2048",43,1.013894,1.013894,1.013894,114.805431,115.320169,0.514738,2.681864e+00,113.739897,1.561051e-10,23.578924,23.578924,7.387344e+11,728.61,5.033165e+07,113.74,in_range,,,,1868,1849,,88,88,88,,-1,-1,-1.000000,-1,t
cpu-gpu-v2,2026-07-19T11:10:36,"20260719_085511_session4",464,464,4,"GEMM","openblas_sgemm",cpu_native,"Intel(R) Core(TM) i9-7900X CPU @ 3.30GHz",4,2048,"N=2048",43,1.009202,1.009202,1.009202,113.380386,113.918716,0.538330,2.649272e+00,112.879994,1.542080e-10,23.469814,23.469814,7.387344e+11,732.00,5.033165e+07,112.88,in_range,,,,1869,1849,,88,88,87,,-1,-1,-1.000000,-1,t
cpu-gpu-v2,2026-07-19T11:10:37,"20260719_085511_session4",465,465,5,"GEMM","openblas_sgemm",cpu_native,"Intel(R) Core(TM) i9-7900X CPU @ 3.30GHz",4,2048,"N=2048",43,1.020542,1.020542,1.020542,114.957592,115.478725,0.521133,2.685552e+00,113.154364,1.563197e-10,23.733523,23.733523,7.387344e+11,723.87,5.033165e+07,113.15,in_range,,,,1892,1850,,89,87,89,,-1,-1,-1.000000,-1,t
cpu-gpu-v2,2026-07-19T11:10:38,"20260719_085511_session4",466,466,6,"GEMM","openblas_sgemm",cpu_native,"Intel(R) Core(TM) i9-7900X CPU @ 3.30GHz",4,2048,"N=2048",43,1.012477,1.012477,1.012477,113.486160,114.000439,0.514279,2.651173e+00,112.595633,1.543186e-10,23.545966,23.545966,7.387344e+11,729.63,5.033165e+07,112.60,in_range,,,,1865,1719,,89,89,88,,-1,-1,-1.000000,-1,t
cpu-gpu-v2,2026-07-19T11:10:39,"20260719_085511_session4",467,467,7,"GEMM","openblas_sgemm",cpu_native,"Intel(R) Core(TM) i9-7900X CPU @ 3.30GHz",4,2048,"N=2048",43,1.010683,1.010683,1.010683,114.427808,114.942592,0.514784,2.673084e+00,113.727673,1.555939e-10,23.504249,23.504249,7.387344e+11,730.93,5.033165e+07,113.73,in_range,,,,1907,1720,,89,88,89,,-1,-1,-1.000000,-1,t
cpu-gpu-v2,2026-07-19T11:10:40,"20260719_085511_session4",468,468,8,"GEMM","openblas_sgemm",cpu_native,"Intel(R) Core(TM) i9-7900X CPU @ 3.30GHz",4,2048,"N=2048",43,1.010034,1.010034,1.010034,113.487991,113.983389,0.495398,2.650776e+00,112.851061,1.542955e-10,23.489159,23.489159,7.387344e+11,731.40,5.033165e+07,112.85,in_range,,,,1736,1845,,89,89,88,,-1,-1,-1.000000,-1,t
cpu-gpu-v2,2026-07-19T11:10:41,"20260719_085511_session4",469,469,9,"GEMM","openblas_sgemm",cpu_native,"Intel(R) Core(TM) i9-7900X CPU @ 3.30GHz",4,2048,"N=2048",43,1.013983,1.013983,1.013983,114.781139,115.306052,0.524913,2.681536e+00,113.715941,1.560859e-10,23.581004,23.581004,7.387344e+11,728.55,5.033165e+07,113.72,in_range,,,,1846,1850,,89,88,89,,-1,-1,-1.000000,-1,t
cpu-gpu-v2,2026-07-19T11:10:43,"20260719_085511_session4",470,470,10,"GEMM","openblas_sgemm",cpu_native,"Intel(R) Core(TM) i9-7900X CPU @ 3.30GHz",4,2048,"N=2048",43,1.008515,1.008515,1.008515,114.022047,114.527589,0.505542,2.663432e+00,113.560625,1.550322e-10,23.453836,23.453836,7.387344e+11,732.50,5.033165e+07,113.56,in_range,,,,2182,1850,,89,89,89,,-1,-1,-1.000000,-1,t
cpu-gpu-v2,2026-07-19T11:10:45,"20260719_085511_session4",471,471,1,"GEMM","openblas_sgemm",cpu_native,"Intel(R) Core(TM) i9-7900X CPU @ 3.30GHz",20,4096,"N=4096",6,1.058199,1.058199,1.058199,159.874591,161.736295,1.861704,2.695605e+01,152.841136,1.961311e-10,176.366454,176.366454,8.246337e+11,779.28,2.013266e+08,152.84,in_range,,,,3538,3782,,86,85,86,,-1,-1,-1.000000,-1,t
cpu-gpu-v2,2026-07-19T11:10:46,"20260719_085511_session4",472,472,2,"GEMM","openblas_sgemm",cpu_native,"Intel(R) Core(TM) i9-7900X CPU @ 3.30GHz",20,4096,"N=4096",6,1.057533,1.057533,1.057533,159.846576,161.694204,1.847628,2.694903e+01,152.897575,1.960800e-10,176.255471,176.255471,8.246337e+11,779.77,2.013266e+08,152.90,in_range,,,,3999,3664,,86,86,86,,-1,-1,-1.000000,-1,t
cpu-gpu-v2,2026-07-19T11:10:47,"20260719_085511_session4",473,473,3,"GEMM","openblas_sgemm",cpu_native,"Intel(R) Core(TM) i9-7900X CPU @ 3.30GHz",20,4096,"N=4096",6,1.058302,1.058302,1.058302,160.016009,161.882487,1.866478,2.698041e+01,152.964350,1.963084e-10,176.383677,176.383677,8.246337e+11,779.20,2.013266e+08,152.96,in_range,,,,3999,3525,,87,86,87,,-1,-1,-1.000000,-1,t
cpu-gpu-v2,2026-07-19T11:10:48,"20260719_085511_session4",474,474,4,"GEMM","openblas_sgemm",cpu_native,"Intel(R) Core(TM) i9-7900X CPU @ 3.30GHz",20,4096,"N=4096",6,1.058071,1.058071,1.058071,160.100726,161.980178,1.879452,2.699670e+01,153.090143,1.964268e-10,176.345098,176.345098,8.246337e+11,779.37,2.013266e+08,153.09,in_range,,,,3999,3831,,87,87,87,,-1,-1,-1.000000,-1,t
cpu-gpu-v2,2026-07-19T11:10:49,"20260719_085511_session4",475,475,5,"GEMM","openblas_sgemm",cpu_native,"Intel(R) Core(TM) i9-7900X CPU @ 3.30GHz",20,4096,"N=4096",6,1.057683,1.057683,1.057683,160.191851,162.094176,1.902325,2.701570e+01,153.254055,1.965651e-10,176.280465,176.280465,8.246337e+11,779.66,2.013266e+08,153.25,in_range,,,,3951,3462,,87,87,86,,-1,-1,-1.000000,-1,t
cpu-gpu-v2,2026-07-19T11:10:51,"20260719_085511_session4",476,476,6,"GEMM","openblas_sgemm",cpu_native,"Intel(R) Core(TM) i9-7900X CPU @ 3.30GHz",20,4096,"N=4096",6,1.057080,1.057080,1.057080,160.016925,161.889079,1.872154,2.698151e+01,153.147376,1.963163e-10,176.180055,176.180055,8.246337e+11,780.11,2.013266e+08,153.15,in_range,,,,3986,3557,,86,86,85,,-1,-1,-1.000000,-1,t
cpu-gpu-v2,2026-07-19T11:10:52,"20260719_085511_session4",477,477,7,"GEMM","openblas_sgemm",cpu_native,"Intel(R) Core(TM) i9-7900X CPU @ 3.30GHz",20,4096,"N=4096",6,1.057247,1.057247,1.057247,160.173907,162.060259,1.886352,2.701004e+01,153.285167,1.965239e-10,176.207808,176.207808,8.246337e+11,779.98,2.013266e+08,153.29,in_range,,,,3999,3505,,86,85,86,,-1,-1,-1.000000,-1,t
cpu-gpu-v2,2026-07-19T11:10:53,"20260719_085511_session4",478,478,8,"GEMM","openblas_sgemm",cpu_native,"Intel(R) Core(TM) i9-7900X CPU @ 3.30GHz",20,4096,"N=4096",6,1.056240,1.056240,1.056240,160.100542,161.972742,1.872200,2.699546e+01,153.348379,1.964178e-10,176.040054,176.040054,8.246337e+11,780.73,2.013266e+08,153.35,in_range,,,,3999,3387,,87,86,87,,-1,-1,-1.000000,-1,t
cpu-gpu-v2,2026-07-19T11:10:54,"20260719_085511_session4",479,479,9,"GEMM","openblas_sgemm",cpu_native,"Intel(R) Core(TM) i9-7900X CPU @ 3.30GHz",20,4096,"N=4096",6,1.059593,1.059593,1.059593,160.706498,162.570971,1.864473,2.709516e+01,153.427693,1.971432e-10,176.598900,176.598900,8.246337e+11,778.25,2.013266e+08,153.43,in_range,,,,4000,3770,,89,87,89,,-1,-1,-1.000000,-1,t
cpu-gpu-v2,2026-07-19T11:10:55,"20260719_085511_session4",480,480,10,"GEMM","openblas_sgemm",cpu_native,"Intel(R) Core(TM) i9-7900X CPU @ 3.30GHz",20,4096,"N=4096",6,1.056677,1.056677,1.056677,160.275530,162.149887,1.874357,2.702498e+01,153.452684,1.966326e-10,176.112795,176.112795,8.246337e+11,780.40,2.013266e+08,153.45,in_range,,,,4000,3318,,89,89,86,,-1,-1,-1.000000,-1,t
cpu-gpu-v2,2026-07-19T11:10:57,"20260719_085511_session4",481,481,1,"GEMM","openblas_sgemm",cpu_native,"Intel(R) Core(TM) i9-7900X CPU @ 3.30GHz",16,512,"N=512",4078,1.005922,1.005922,1.005922,154.575104,154.575104,0.000000,3.790464e-02,153.665068,1.412058e-10,0.246670,0.246670,1.094680e+12,1088.24,3.145728e+06,153.67,in_range,,,,2984,2880,,87,87,87,,-1,-1,-1.000000,-1,t
cpu-gpu-v2,2026-07-19T11:10:58,"20260719_085511_session4",482,482,2,"GEMM","openblas_sgemm",cpu_native,"Intel(R) Core(TM) i9-7900X CPU @ 3.30GHz",16,512,"N=512",4078,1.003113,1.003113,1.003113,154.460298,154.460298,0.000000,3.787648e-02,153.980910,1.411009e-10,0.245982,0.245982,1.094680e+12,1091.28,3.145728e+06,153.98,in_range,,,,3545,2985,,87,87,87,,-1,-1,-1.000000,-1,t
cpu-gpu-v2,2026-07-19T11:10:59,"20260719_085511_session4",483,483,3,"GEMM","openblas_sgemm",cpu_native,"Intel(R) Core(TM) i9-7900X CPU @ 3.30GHz",16,512,"N=512",4078,1.003651,1.003651,1.003651,154.507051,154.507051,0.000000,3.788795e-02,153.944932,1.411436e-10,0.246114,0.246114,1.094680e+12,1090.70,3.145728e+06,153.94,in_range,,,,3545,2984,,88,87,88,,-1,-1,-1.000000,-1,t
cpu-gpu-v2,2026-07-19T11:11:00,"20260719_085511_session4",484,484,4,"GEMM","openblas_sgemm",cpu_native,"Intel(R) Core(TM) i9-7900X CPU @ 3.30GHz",16,512,"N=512",4078,1.004225,1.004225,1.004225,154.679414,154.679414,0.000000,3.793021e-02,154.028668,1.413011e-10,0.246254,0.246254,1.094680e+12,1090.07,3.145728e+06,154.03,in_range,,,,3666,2880,,88,88,88,,-1,-1,-1.000000,-1,t
cpu-gpu-v2,2026-07-19T11:11:01,"20260719_085511_session4",485,485,5,"GEMM","openblas_sgemm",cpu_native,"Intel(R) Core(TM) i9-7900X CPU @ 3.30GHz",16,512,"N=512",4078,1.003467,1.003467,1.003467,154.603425,154.603425,0.000000,3.791158e-02,154.069221,1.412316e-10,0.246068,0.246068,1.094680e+12,1090.90,3.145728e+06,154.07,in_range,,,,3580,2879,,88,88,88,,-1,-1,-1.000000,-1,t
cpu-gpu-v2,2026-07-19T11:11:02,"20260719_085511_session4",486,486,6,"GEMM","openblas_sgemm",cpu_native,"Intel(R) Core(TM) i9-7900X CPU @ 3.30GHz",16,512,"N=512",4078,1.015912,1.015912,1.015912,155.707792,155.707792,0.000000,3.818239e-02,153.269031,1.422405e-10,0.249120,0.249120,1.094680e+12,1077.53,3.145728e+06,153.27,in_range,,,,3545,2984,,88,88,88,,-1,-1,-1.000000,-1,t
cpu-gpu-v2,2026-07-19T11:11:03,"20260719_085511_session4",487,487,7,"GEMM","openblas_sgemm",cpu_native,"Intel(R) Core(TM) i9-7900X CPU @ 3.30GHz",16,512,"N=512",4078,1.015048,1.015048,1.015048,155.850615,155.850615,0.000000,3.821741e-02,153.540090,1.423710e-10,0.248908,0.248908,1.094680e+12,1078.45,3.145728e+06,153.54,in_range,,,,3514,2985,,88,88,88,,-1,-1,-1.000000,-1,t
cpu-gpu-v2,2026-07-19T11:11:04,"20260719_085511_session4",488,488,8,"GEMM","openblas_sgemm",cpu_native,"Intel(R) Core(TM) i9-7900X CPU @ 3.30GHz",16,512,"N=512",4078,1.015881,1.015881,1.015881,156.179409,156.179409,0.000000,3.829804e-02,153.737865,1.426713e-10,0.249113,0.249113,1.094680e+12,1077.57,3.145728e+06,153.74,in_range,,,,3439,2879,,88,88,88,,-1,-1,-1.000000,-1,t
cpu-gpu-v2,2026-07-19T11:11:05,"20260719_085511_session4",489,489,9,"GEMM","openblas_sgemm",cpu_native,"Intel(R) Core(TM) i9-7900X CPU @ 3.30GHz",16,512,"N=512",4078,1.014799,1.014799,1.014799,156.157987,156.157987,0.000000,3.829279e-02,153.880763,1.426517e-10,0.248847,0.248847,1.094680e+12,1078.72,3.145728e+06,153.88,in_range,,,,3545,2880,,88,88,88,,-1,-1,-1.000000,-1,t
cpu-gpu-v2,2026-07-19T11:11:06,"20260719_085511_session4",490,490,10,"GEMM","openblas_sgemm",cpu_native,"Intel(R) Core(TM) i9-7900X CPU @ 3.30GHz",16,512,"N=512",4078,1.013334,1.013334,1.013334,156.071500,156.071500,0.000000,3.827158e-02,154.017824,1.425727e-10,0.248488,0.248488,1.094680e+12,1080.28,3.145728e+06,154.02,in_range,,,,3439,3089,,88,88,88,,-1,-1,-1.000000,-1,t
cpu-gpu-v2,2026-07-19T11:11:09,"20260719_085511_session4",491,491,1,"GEMM","openblas_sgemm",cpu_native,"Intel(R) Core(TM) i9-7900X CPU @ 3.30GHz",8,128,"N=128",78003,1.001333,1.001333,1.001333,109.314295,109.314295,0.000000,1.401411e-03,109.168792,3.341225e-10,0.012837,0.012837,3.271683e+11,326.73,1.966080e+05,109.17,in_range,,,,2349,2119,,78,78,78,,-1,-1,-1.000000,-1,t
cpu-gpu-v2,2026-07-19T11:11:10,"20260719_085511_session4",492,492,2,"GEMM","openblas_sgemm",cpu_native,"Intel(R) Core(TM) i9-7900X CPU @ 3.30GHz",8,128,"N=128",78003,1.020340,1.020340,1.020340,110.750266,110.750266,0.000000,1.419821e-03,108.542522,3.385116e-10,0.013081,0.013081,3.271683e+11,320.65,1.966080e+05,108.54,in_range,,,,2320,2235,,78,78,78,,-1,-1,-1.000000,-1,t
cpu-gpu-v2,2026-07-19T11:11:11,"20260719_085511_session4",493,493,3,"GEMM","openblas_sgemm",cpu_native,"Intel(R) Core(TM) i9-7900X CPU @ 3.30GHz",8,128,"N=128",78003,1.017541,1.017541,1.017541,110.635581,110.635581,0.000000,1.418350e-03,108.728349,3.381611e-10,0.013045,0.013045,3.271683e+11,321.53,1.966080e+05,108.73,in_range,,,,2435,2234,,78,78,78,,-1,-1,-1.000000,-1,t
cpu-gpu-v2,2026-07-19T11:11:12,"20260719_085511_session4",494,494,4,"GEMM","openblas_sgemm",cpu_native,"Intel(R) Core(TM) i9-7900X CPU @ 3.30GHz",8,128,"N=128",78003,1.031087,1.031087,1.031087,111.751118,111.751118,0.000000,1.432652e-03,108.381840,3.415707e-10,0.013219,0.013219,3.271683e+11,317.30,1.966080e+05,108.38,in_range,,,,2211,2349,,78,78,78,,-1,-1,-1.000000,-1,t
cpu-gpu-v2,2026-07-19T11:11:13,"20260719_085511_session4",495,495,5,"GEMM","openblas_sgemm",cpu_native,"Intel(R) Core(TM) i9-7900X CPU @ 3.30GHz",8,128,"N=128",78003,0.985433,0.985433,0.985433,108.003874,108.003874,0.000000,1.384612e-03,109.600415,3.301172e-10,0.012633,0.012633,3.271683e+11,332.00,1.966080e+05,109.60,in_range,,,,2549,2235,,78,78,78,,-1,-1,-1.000000,-1,t
cpu-gpu-v2,2026-07-19T11:11:14,"20260719_085511_session4",496,496,6,"GEMM","openblas_sgemm",cpu_native,"Intel(R) Core(TM) i9-7900X CPU @ 3.30GHz",8,128,"N=128",78003,1.011434,1.011434,1.011434,109.995263,109.995263,0.000000,1.410141e-03,108.751787,3.362039e-10,0.012967,0.012967,3.271683e+11,323.47,1.966080e+05,108.75,in_range,,,,2212,2235,,78,78,78,,-1,-1,-1.000000,-1,t
cpu-gpu-v2,2026-07-19T11:11:15,"20260719_085511_session4",497,497,7,"GEMM","openblas_sgemm",cpu_native,"Intel(R) Core(TM) i9-7900X CPU @ 3.30GHz",8,128,"N=128",78003,0.975350,0.975350,0.975350,107.179596,107.179596,0.000000,1.374045e-03,109.888360,3.275977e-10,0.012504,0.012504,3.271683e+11,335.44,1.966080e+05,109.89,in_range,,,,2220,2120,,78,78,78,,-1,-1,-1.000000,-1,t
cpu-gpu-v2,2026-07-19T11:11:16,"20260719_085511_session4",498,498,8,"GEMM","openblas_sgemm",cpu_native,"Intel(R) Core(TM) i9-7900X CPU @ 3.30GHz",8,128,"N=128",78003,0.987626,0.987626,0.987626,108.246366,108.246366,0.000000,1.387721e-03,109.602603,3.308584e-10,0.012661,0.012661,3.271683e+11,331.27,1.966080e+05,109.60,in_range,,,,2117,2233,,79,78,79,,-1,-1,-1.000000,-1,t
cpu-gpu-v2,2026-07-19T11:11:17,"20260719_085511_session4",499,499,9,"GEMM","openblas_sgemm",cpu_native,"Intel(R) Core(TM) i9-7900X CPU @ 3.30GHz",8,128,"N=128",78003,0.982179,0.982179,0.982179,107.848235,107.848235,0.000000,1.382617e-03,109.805042,3.296415e-10,0.012592,0.012592,3.271683e+11,333.10,1.966080e+05,109.81,in_range,,,,2291,2120,,79,79,79,,-1,-1,-1.000000,-1,t
cpu-gpu-v2,2026-07-19T11:11:18,"20260719_085511_session4",500,500,10,"GEMM","openblas_sgemm",cpu_native,"Intel(R) Core(TM) i9-7900X CPU @ 3.30GHz",8,128,"N=128",78003,0.973153,0.973153,0.973153,106.905549,106.905549,0.000000,1.370531e-03,109.854776,3.267601e-10,0.012476,0.012476,3.271683e+11,336.19,1.966080e+05,109.85,in_range,,,,2575,2235,,80,79,80,,-1,-1,-1.000000,-1,t
cpu-gpu-v2,2026-07-19T11:11:21,"20260719_085511_session4",501,501,1,"GEMM","openblas_sgemm",cpu_native,"Intel(R) Core(TM) i9-7900X CPU @ 3.30GHz",16,2048,"N=2048",64,1.002669,1.002669,1.002669,161.452467,162.816416,1.363949,2.544007e+00,162.383025,1.480807e-10,15.666702,15.666702,1.099512e+12,1096.58,5.033165e+07,162.38,in_range,,,,2880,3008,,90,90,90,,-1,-1,-1.000000,-1,t
cpu-gpu-v2,2026-07-19T11:11:22,"20260719_085511_session4",502,502,2,"GEMM","openblas_sgemm",cpu_native,"Intel(R) Core(TM) i9-7900X CPU @ 3.30GHz",16,2048,"N=2048",64,1.001160,1.001160,1.001160,161.495253,162.849885,1.354632,2.544529e+00,162.661159,1.481111e-10,15.643129,15.643129,1.099512e+12,1098.24,5.033165e+07,162.66,in_range,,,,3545,2920,,90,90,90,,-1,-1,-1.000000,-1,t
cpu-gpu-v2,2026-07-19T11:11:23,"20260719_085511_session4",503,503,3,"GEMM","openblas_sgemm",cpu_native,"Intel(R) Core(TM) i9-7900X CPU @ 3.30GHz",16,2048,"N=2048",64,1.002513,1.002513,1.002513,161.875012,163.262615,1.387603,2.550978e+00,162.853331,1.484865e-10,15.664269,15.664269,1.099512e+12,1096.76,5.033165e+07,162.85,in_range,,,,3439,2900,,90,90,90,,-1,-1,-1.000000,-1,t
cpu-gpu-v2,2026-07-19T11:11:24,"20260719_085511_session4",504,504,4,"GEMM","openblas_sgemm",cpu_native,"Intel(R) Core(TM) i9-7900X CPU @ 3.30GHz",16,2048,"N=2048",64,1.002637,1.002637,1.002637,161.804700,163.190574,1.385874,2.549853e+00,162.761297,1.484210e-10,15.666210,15.666210,1.099512e+12,1096.62,5.033165e+07,162.76,in_range,,,,3550,2929,,90,90,90,,-1,-1,-1.000000,-1,t
cpu-gpu-v2,2026-07-19T11:11:25,"20260719_085511_session4",505,505,5,"GEMM","openblas_sgemm",cpu_native,"Intel(R) Core(TM) i9-7900X CPU @ 3.30GHz",16,2048,"N=2048",64,1.001854,1.001854,1.001854,162.026685,163.399217,1.372532,2.553113e+00,163.096861,1.486107e-10,15.653966,15.653966,1.099512e+12,1097.48,5.033165e+07,163.10,in_range,,,,3440,2906,,91,90,91,,-1,-1,-1.000000,-1,t
cpu-gpu-v2,2026-07-19T11:11:26,"20260719_085511_session4",506,506,6,"GEMM","openblas_sgemm",cpu_native,"Intel(R) Core(TM) i9-7900X CPU @ 3.30GHz",16,2048,"N=2048",64,1.001413,1.001413,1.001413,162.029797,163.394343,1.364546,2.553037e+00,163.163869,1.486063e-10,15.647071,15.647071,1.099512e+12,1097.96,5.033165e+07,163.16,in_range,,,,3439,2931,,91,91,91,,-1,-1,-1.000000,-1,t
cpu-gpu-v2,2026-07-19T11:11:27,"20260719_085511_session4",507,507,7,"GEMM","openblas_sgemm",cpu_native,"Intel(R) Core(TM) i9-7900X CPU @ 3.30GHz",16,2048,"N=2048",64,1.003228,1.003228,1.003228,162.163098,163.514868,1.351770,2.554920e+00,162.988739,1.487159e-10,15.675438,15.675438,1.099512e+12,1095.97,5.033165e+07,162.99,in_range,,,,3439,2879,,91,91,91,,-1,-1,-1.000000,-1,t
cpu-gpu-v2,2026-07-19T11:11:28,"20260719_085511_session4",508,508,8,"GEMM","openblas_sgemm",cpu_native,"Intel(R) Core(TM) i9-7900X CPU @ 3.30GHz",16,2048,"N=2048",64,1.000866,1.000866,1.000866,162.084057,163.445176,1.361119,2.553831e+00,163.303808,1.486525e-10,15.638526,15.638526,1.099512e+12,1098.56,5.033165e+07,163.30,in_range,,,,3551,3042,,91,91,91,,-1,-1,-1.000000,-1,t
cpu-gpu-v2,2026-07-19T11:11:29,"20260719_085511_session4",509,509,9,"GEMM","openblas_sgemm",cpu_native,"Intel(R) Core(TM) i9-7900X CPU @ 3.30GHz",16,2048,"N=2048",64,1.001812,1.001812,1.001812,162.005567,163.353512,1.347945,2.552399e+00,163.058055,1.485692e-10,15.653312,15.653312,1.099512e+12,1097.52,5.033165e+07,163.06,in_range,,,,3548,2902,,91,91,89,,-1,-1,-1.000000,-1,t
cpu-gpu-v2,2026-07-19T11:11:30,"20260719_085511_session4",510,510,10,"GEMM","openblas_sgemm",cpu_native,"Intel(R) Core(TM) i9-7900X CPU @ 3.30GHz",16,2048,"N=2048",64,1.012587,1.012587,1.012587,163.693855,165.054224,1.360369,2.578972e+00,163.002491,1.501159e-10,15.821674,15.821674,1.099512e+12,1085.84,5.033165e+07,163.00,in_range,,,,3076,3022,,91,89,91,,-1,-1,-1.000000,-1,t
cpu-gpu-v2,2026-07-19T11:11:33,"20260719_085511_session4",511,511,1,"GEMM","openblas_sgemm",cpu_native,"Intel(R) Core(TM) i9-7900X CPU @ 3.30GHz",2,512,"N=512",1345,1.031871,1.031871,1.031871,77.220323,77.220323,0.000000,5.741288e-02,74.835214,2.138796e-10,0.767191,0.767191,3.610457e+11,349.89,3.145728e+06,74.84,in_range,,,,1605,1715,,90,90,90,,-1,-1,-1.000000,-1,t
cpu-gpu-v2,2026-07-19T11:11:34,"20260719_085511_session4",512,512,2,"GEMM","openblas_sgemm",cpu_native,"Intel(R) Core(TM) i9-7900X CPU @ 3.30GHz",2,512,"N=512",1345,1.040501,1.040501,1.040501,75.642995,75.642995,0.000000,5.624014e-02,72.698599,2.095109e-10,0.773607,0.773607,3.610457e+11,346.99,3.145728e+06,72.70,in_range,,,,1890,1605,,90,90,88,,-1,-1,-1.000000,-1,t
cpu-gpu-v2,2026-07-19T11:11:35,"20260719_085511_session4",513,513,3,"GEMM","openblas_sgemm",cpu_native,"Intel(R) Core(TM) i9-7900X CPU @ 3.30GHz",2,512,"N=512",1345,1.039032,1.039032,1.039032,75.669362,75.669362,0.000000,5.625975e-02,72.826800,2.095839e-10,0.772514,0.772514,3.610457e+11,347.48,3.145728e+06,72.83,in_range,,,,1775,1605,,88,88,88,,-1,-1,-1.000000,-1,t
cpu-gpu-v2,2026-07-19T11:11:36,"20260719_085511_session4",514,514,4,"GEMM","openblas_sgemm",cpu_native,"Intel(R) Core(TM) i9-7900X CPU @ 3.30GHz",2,512,"N=512",1345,1.034121,1.034121,1.034121,76.826524,76.826524,0.000000,5.712009e-02,74.291585,2.127889e-10,0.768864,0.768864,3.610457e+11,349.13,3.145728e+06,74.29,in_range,,,,1636,1478,,91,88,91,,-1,-1,-1.000000,-1,t
cpu-gpu-v2,2026-07-19T11:11:37,"20260719_085511_session4",515,515,5,"GEMM","openblas_sgemm",cpu_native,"Intel(R) Core(TM) i9-7900X CPU @ 3.30GHz",2,512,"N=512",1345,1.031853,1.031853,1.031853,76.727342,76.727342,0.000000,5.704635e-02,74.358774,2.125142e-10,0.767177,0.767177,3.610457e+11,349.90,3.145728e+06,74.36,in_range,,,,1475,1605,,91,91,90,,-1,-1,-1.000000,-1,t
cpu-gpu-v2,2026-07-19T11:11:38,"20260719_085511_session4",516,516,6,"GEMM","openblas_sgemm",cpu_native,"Intel(R) Core(TM) i9-7900X CPU @ 3.30GHz",2,512,"N=512",1345,1.040332,1.040332,1.040332,75.873463,75.873463,0.000000,5.641150e-02,72.932003,2.101492e-10,0.773481,0.773481,3.610457e+11,347.05,3.145728e+06,72.93,in_range,,,,1749,1605,,90,90,89,,-1,-1,-1.000000,-1,t
cpu-gpu-v2,2026-07-19T11:11:39,"20260719_085511_session4",517,517,7,"GEMM","openblas_sgemm",cpu_native,"Intel(R) Core(TM) i9-7900X CPU @ 3.30GHz",2,512,"N=512",1345,1.042166,1.042166,1.042166,75.320303,75.320303,0.000000,5.600023e-02,72.272870,2.086171e-10,0.774844,0.774844,3.610457e+11,346.44,3.145728e+06,72.27,in_range,,,,1602,1749,,89,89,88,,-1,-1,-1.000000,-1,t
cpu-gpu-v2,2026-07-19T11:11:40,"20260719_085511_session4",518,518,8,"GEMM","openblas_sgemm",cpu_native,"Intel(R) Core(TM) i9-7900X CPU @ 3.30GHz",2,512,"N=512",1345,1.035545,1.035545,1.035545,75.562551,75.562551,0.000000,5.618034e-02,72.968854,2.092881e-10,0.769922,0.769922,3.610457e+11,348.65,3.145728e+06,72.97,in_range,,,,1745,1762,,89,88,89,,-1,-1,-1.000000,-1,t
cpu-gpu-v2,2026-07-19T11:11:41,"20260719_085511_session4",519,519,9,"GEMM","openblas_sgemm",cpu_native,"Intel(R) Core(TM) i9-7900X CPU @ 3.30GHz",2,512,"N=512",1345,1.036869,1.036869,1.036869,75.564443,75.564443,0.000000,5.618174e-02,72.877544,2.092933e-10,0.770906,0.770906,3.610457e+11,348.21,3.145728e+06,72.88,in_range,,,,1787,1605,,89,89,89,,-1,-1,-1.000000,-1,t
cpu-gpu-v2,2026-07-19T11:11:42,"20260719_085511_session4",520,520,10,"GEMM","openblas_sgemm",cpu_native,"Intel(R) Core(TM) i9-7900X CPU @ 3.30GHz",2,512,"N=512",1345,1.038414,1.038414,1.038414,74.740409,74.740409,0.000000,5.556908e-02,71.975555,2.070109e-10,0.772055,0.772055,3.610457e+11,347.69,3.145728e+06,71.98,in_range,,,,1631,1604,,89,89,88,,-1,-1,-1.000000,-1,t
cpu-gpu-v2,2026-07-19T11:12:05,"20260719_085511_session4",521,521,1,"GEMM","openblas_sgemm",cpu_native,"Intel(R) Core(TM) i9-7900X CPU @ 3.30GHz",8,16384,"N=16384",1,6.704073,6.704073,6.704073,1083.112279,1095.821117,12.708838,1.095821e+03,163.456027,1.245804e-10,6704.072890,6704.072890,8.796093e+12,1312.05,3.221225e+09,163.46,above,,,,2009,2108,,89,89,89,,-1,-1,-1.000000,-1,t
cpu-gpu-v2,2026-07-19T11:12:12,"20260719_085511_session4",522,522,2,"GEMM","openblas_sgemm",cpu_native,"Intel(R) Core(TM) i9-7900X CPU @ 3.30GHz",8,16384,"N=16384",1,6.721194,6.721194,6.721194,1085.547698,1098.250798,12.703100,1.098251e+03,163.401149,1.248567e-10,6721.193865,6721.193865,8.796093e+12,1308.71,3.221225e+09,163.40,above,,,,2135,1965,,91,89,91,,-1,-1,-1.000000,-1,t
cpu-gpu-v2,2026-07-19T11:12:19,"20260719_085511_session4",523,523,3,"GEMM","openblas_sgemm",cpu_native,"Intel(R) Core(TM) i9-7900X CPU @ 3.30GHz",8,16384,"N=16384",1,6.751750,6.751750,6.751750,1094.445440,1107.301617,12.856177,1.107302e+03,164.002170,1.258856e-10,6751.749792,6751.749792,8.796093e+12,1302.79,3.221225e+09,164.00,above,,,,2002,1989,,91,91,91,,-1,-1,-1.000000,-1,t
cpu-gpu-v2,2026-07-19T11:12:25,"20260719_085511_session4",524,524,4,"GEMM","openblas_sgemm",cpu_native,"Intel(R) Core(TM) i9-7900X CPU @ 3.30GHz",8,16384,"N=16384",1,6.721301,6.721301,6.721301,1096.913146,1109.647091,12.733945,1.109647e+03,165.094102,1.261523e-10,6721.300605,6721.300605,8.796093e+12,1308.69,3.221225e+09,165.09,above,,,,1999,1989,,91,91,91,,-1,-1,-1.000000,-1,t
cpu-gpu-v2,2026-07-19T11:12:32,"20260719_085511_session4",525,525,5,"GEMM","openblas_sgemm",cpu_native,"Intel(R) Core(TM) i9-7900X CPU @ 3.30GHz",8,16384,"N=16384",1,6.737448,6.737448,6.737448,1101.734729,1114.580930,12.846201,1.114581e+03,165.430720,1.267132e-10,6737.448349,6737.448349,8.796093e+12,1305.55,3.221225e+09,165.43,above,,,,2016,1964,,92,91,92,,-1,-1,-1.000000,-1,t
cpu-gpu-v2,2026-07-19T11:12:39,"20260719_085511_session4",526,526,6,"GEMM","openblas_sgemm",cpu_native,"Intel(R) Core(TM) i9-7900X CPU @ 3.30GHz",8,16384,"N=16384",1,6.727490,6.727490,6.727490,1103.280013,1116.129213,12.849200,1.116129e+03,165.905736,1.268892e-10,6727.490203,6727.490203,8.796093e+12,1307.49,3.221225e+09,165.91,above,,,,2014,1970,,93,92,93,,-1,-1,-1.000000,-1,t
cpu-gpu-v2,2026-07-19T11:12:46,"20260719_085511_session4",527,527,7,"GEMM","openblas_sgemm",cpu_native,"Intel(R) Core(TM) i9-7900X CPU @ 3.30GHz",8,16384,"N=16384",1,6.747607,6.747607,6.747607,1106.486669,1119.484034,12.997365,1.119484e+03,165.908312,1.272706e-10,6747.606685,6747.606685,8.796093e+12,1303.59,3.221225e+09,165.91,above,,,,1993,1964,,94,93,94,,-1,-1,-1.000000,-1,t
cpu-gpu-v2,2026-07-19T11:12:52,"20260719_085511_session4",528,528,8,"GEMM","openblas_sgemm",cpu_native,"Intel(R) Core(TM) i9-7900X CPU @ 3.30GHz",8,16384,"N=16384",1,6.726541,6.726541,6.726541,1110.829188,1123.644407,12.815219,1.123644e+03,167.046391,1.277436e-10,6726.541050,6726.541050,8.796093e+12,1307.67,3.221225e+09,167.05,above,,,,1987,1873,,94,94,94,,-1,-1,-1.000000,-1,t
cpu-gpu-v2,2026-07-19T11:12:59,"20260719_085511_session4",529,529,9,"GEMM","openblas_sgemm",cpu_native,"Intel(R) Core(TM) i9-7900X CPU @ 3.30GHz",8,16384,"N=16384",1,6.796134,6.796134,6.796134,1101.118885,1113.992290,12.873405,1.113992e+03,163.915582,1.266463e-10,6796.134182,6796.134182,8.796093e+12,1294.28,3.221225e+09,163.92,above,,,,1996,1964,,94,94,94,,-1,-1,-1.000000,-1,t
cpu-gpu-v2,2026-07-19T11:13:06,"20260719_085511_session4",530,530,10,"GEMM","openblas_sgemm",cpu_native,"Intel(R) Core(TM) i9-7900X CPU @ 3.30GHz",8,16384,"N=16384",1,6.736801,6.736801,6.736801,1116.799936,1129.697285,12.897349,1.129697e+03,167.690474,1.284317e-10,6736.800600,6736.800600,8.796093e+12,1305.68,3.221225e+09,167.69,above,,,,2009,1965,,95,94,95,,-1,-1,-1.000000,-1,t
cpu-gpu-v2,2026-07-19T11:13:09,"20260719_085511_session4",531,531,1,"GEMM","openblas_sgemm",cpu_native,"Intel(R) Core(TM) i9-7900X CPU @ 3.30GHz",10,1024,"N=1024",550,1.000451,1.000451,1.000451,162.246350,162.322008,0.075658,2.951309e-01,162.248884,1.374310e-10,1.819001,1.819001,1.181116e+12,1180.58,1.258291e+07,162.25,in_range,,,,2249,2249,,97,96,97,,-1,-1,-1.000000,-1,t
cpu-gpu-v2,2026-07-19T11:13:10,"20260719_085511_session4",532,532,2,"GEMM","openblas_sgemm",cpu_native,"Intel(R) Core(TM) i9-7900X CPU @ 3.30GHz",10,1024,"N=1024",550,1.012563,1.012563,1.012563,163.646249,163.726039,0.079790,2.976837e-01,161.694687,1.386198e-10,1.841023,1.841023,1.181116e+12,1166.46,1.258291e+07,161.69,in_range,,,,2511,2355,,97,97,97,,-1,-1,-1.000000,-1,t
cpu-gpu-v2,2026-07-19T11:13:11,"20260719_085511_session4",533,533,3,"GEMM","openblas_sgemm",cpu_native,"Intel(R) Core(TM) i9-7900X CPU @ 3.30GHz",10,1024,"N=1024",550,1.005240,1.005240,1.005240,162.912791,162.994906,0.082115,2.963544e-01,162.145237,1.380008e-10,1.827709,1.827709,1.181116e+12,1174.96,1.258291e+07,162.15,in_range,,,,2705,2250,,97,97,97,,-1,-1,-1.000000,-1,t
cpu-gpu-v2,2026-07-19T11:13:12,"20260719_085511_session4",534,534,4,"GEMM","openblas_sgemm",cpu_native,"Intel(R) Core(TM) i9-7900X CPU @ 3.30GHz",10,1024,"N=1024",550,1.000038,1.000038,1.000038,162.397778,162.480704,0.082926,2.954195e-01,162.474564,1.375654e-10,1.818251,1.818251,1.181116e+12,1181.07,1.258291e+07,162.47,in_range,,,,2600,2249,,97,97,97,,-1,-1,-1.000000,-1,t
cpu-gpu-v2,2026-07-19T11:13:13,"20260719_085511_session4",535,535,5,"GEMM","openblas_sgemm",cpu_native,"Intel(R) Core(TM) i9-7900X CPU @ 3.30GHz",10,1024,"N=1024",550,1.003191,1.003191,1.003191,163.013498,163.087060,0.073562,2.965219e-01,162.568263,1.380788e-10,1.823984,1.823984,1.181116e+12,1177.36,1.258291e+07,162.57,in_range,,,,2428,2354,,97,97,97,,-1,-1,-1.000000,-1,t
cpu-gpu-v2,2026-07-19T11:13:14,"20260719_085511_session4",536,536,6,"GEMM","openblas_sgemm",cpu_native,"Intel(R) Core(TM) i9-7900X CPU @ 3.30GHz",10,1024,"N=1024",550,1.006600,1.006600,1.006600,163.443429,163.534847,0.091418,2.973361e-01,162.462570,1.384579e-10,1.830182,1.830182,1.181116e+12,1173.37,1.258291e+07,162.46,in_range,,,,2431,2355,,97,97,97,,-1,-1,-1.000000,-1,t
cpu-gpu-v2,2026-07-19T11:13:15,"20260719_085511_session4",537,537,7,"GEMM","openblas_sgemm",cpu_native,"Intel(R) Core(TM) i9-7900X CPU @ 3.30GHz",10,1024,"N=1024",550,1.003103,1.003103,1.003103,163.119150,163.205977,0.086827,2.967381e-01,162.701071,1.381795e-10,1.823824,1.823824,1.181116e+12,1177.46,1.258291e+07,162.70,in_range,,,,2518,2250,,97,97,97,,-1,-1,-1.000000,-1,t
cpu-gpu-v2,2026-07-19T11:13:16,"20260719_085511_session4",538,538,8,"GEMM","openblas_sgemm",cpu_native,"Intel(R) Core(TM) i9-7900X CPU @ 3.30GHz",10,1024,"N=1024",550,1.001980,1.001980,1.001980,163.062266,163.151893,0.089627,2.966398e-01,162.829471,1.381337e-10,1.821782,1.821782,1.181116e+12,1178.78,1.258291e+07,162.83,in_range,,,,2435,2250,,97,97,97,,-1,-1,-1.000000,-1,t
cpu-gpu-v2,2026-07-19T11:13:17,"20260719_085511_session4",539,539,9,"GEMM","openblas_sgemm",cpu_native,"Intel(R) Core(TM) i9-7900X CPU @ 3.30GHz",10,1024,"N=1024",550,1.001720,1.001720,1.001720,163.285532,163.372697,0.087165,2.970413e-01,163.092244,1.383206e-10,1.821308,1.821308,1.181116e+12,1179.09,1.258291e+07,163.09,in_range,,,,2510,2249,,97,97,97,,-1,-1,-1.000000,-1,t
cpu-gpu-v2,2026-07-19T11:13:18,"20260719_085511_session4",540,540,10,"GEMM","openblas_sgemm",cpu_native,"Intel(R) Core(TM) i9-7900X CPU @ 3.30GHz",10,1024,"N=1024",550,1.002237,1.002237,1.002237,163.229990,163.307484,0.077494,2.969227e-01,162.943052,1.382654e-10,1.822248,1.822248,1.181116e+12,1178.48,1.258291e+07,162.94,in_range,,,,2249,2355,,97,97,97,,-1,-1,-1.000000,-1,t
cpu-gpu-v2,2026-07-19T11:13:27,"20260719_085511_session4",541,541,1,"GEMM","openblas_sgemm",cpu_native,"Intel(R) Core(TM) i9-7900X CPU @ 3.30GHz",1,64,"N=64",434430,0.999944,0.999944,0.999944,58.725863,58.725863,0.000000,1.351791e-04,58.729140,2.578337e-10,0.002302,0.002302,2.277664e+11,227.78,4.915200e+04,58.73,in_range,,,,1573,1339,,99,99,99,,-1,-1,-1.000000,-1,t
cpu-gpu-v2,2026-07-19T11:13:28,"20260719_085511_session4",542,542,2,"GEMM","openblas_sgemm",cpu_native,"Intel(R) Core(TM) i9-7900X CPU @ 3.30GHz",1,64,"N=64",434430,0.992346,0.992346,0.992346,57.714391,57.714391,0.000000,1.328508e-04,58.159560,2.533929e-10,0.002284,0.002284,2.277664e+11,229.52,4.915200e+04,58.16,in_range,,,,1338,1495,,99,99,99,,-1,-1,-1.000000,-1,t
cpu-gpu-v2,2026-07-19T11:13:29,"20260719_085511_session4",543,543,3,"GEMM","openblas_sgemm",cpu_native,"Intel(R) Core(TM) i9-7900X CPU @ 3.30GHz",1,64,"N=64",434430,0.998332,0.998332,0.998332,58.390292,58.390292,0.000000,1.344067e-04,58.487821,2.563604e-10,0.002298,0.002298,2.277664e+11,228.15,4.915200e+04,58.49,in_range,,,,1642,1442,,99,99,96,,-1,-1,-1.000000,-1,t
cpu-gpu-v2,2026-07-19T11:13:30,"20260719_085511_session4",544,544,4,"GEMM","openblas_sgemm",cpu_native,"Intel(R) Core(TM) i9-7900X CPU @ 3.30GHz",1,64,"N=64",434430,0.991149,0.991149,0.991149,57.158362,57.158362,0.000000,1.315709e-04,57.668771,2.509516e-10,0.002281,0.002281,2.277664e+11,229.80,4.915200e+04,57.67,in_range,,,,1356,1339,,96,96,96,,-1,-1,-1.000000,-1,t
cpu-gpu-v2,2026-07-19T11:13:31,"20260719_085511_session4",545,545,5,"GEMM","openblas_sgemm",cpu_native,"Intel(R) Core(TM) i9-7900X CPU @ 3.30GHz",1,64,"N=64",434430,0.994939,0.994939,0.994939,57.806431,57.806431,0.000000,1.330627e-04,58.100486,2.537970e-10,0.002290,0.002290,2.277664e+11,228.93,4.915200e+04,58.10,in_range,,,,1479,1340,,97,96,97,,-1,-1,-1.000000,-1,t
cpu-gpu-v2,2026-07-19T11:13:32,"20260719_085511_session4",546,546,6,"GEMM","openblas_sgemm",cpu_native,"Intel(R) Core(TM) i9-7900X CPU @ 3.30GHz",1,64,"N=64",434430,0.989391,0.989391,0.989391,56.984291,56.984291,0.000000,1.311702e-04,57.595306,2.501874e-10,0.002277,0.002277,2.277664e+11,230.21,4.915200e+04,57.60,in_range,,,,1338,1340,,97,97,97,,-1,-1,-1.000000,-1,t
cpu-gpu-v2,2026-07-19T11:13:33,"20260719_085511_session4",547,547,7,"GEMM","openblas_sgemm",cpu_native,"Intel(R) Core(TM) i9-7900X CPU @ 3.30GHz",1,64,"N=64",434430,0.997238,0.997238,0.997238,57.776158,57.776158,0.000000,1.329930e-04,57.936154,2.536641e-10,0.002296,0.002296,2.277664e+11,228.40,4.915200e+04,57.94,in_range,,,,1424,1484,,97,97,95,,-1,-1,-1.000000,-1,t
cpu-gpu-v2,2026-07-19T11:13:34,"20260719_085511_session4",548,548,8,"GEMM","openblas_sgemm",cpu_native,"Intel(R) Core(TM) i9-7900X CPU @ 3.30GHz",1,64,"N=64",434430,1.018900,1.018900,1.018900,61.064785,61.064785,0.000000,1.405630e-04,59.932086,2.681026e-10,0.002345,0.002345,2.277664e+11,223.54,4.915200e+04,59.93,in_range,,,,1760,1339,,98,95,98,,-1,-1,-1.000000,-1,t
cpu-gpu-v2,2026-07-19T11:13:35,"20260719_085511_session4",549,549,9,"GEMM","openblas_sgemm",cpu_native,"Intel(R) Core(TM) i9-7900X CPU @ 3.30GHz",1,64,"N=64",434430,1.029499,1.029499,1.029499,62.855491,62.855491,0.000000,1.446850e-04,61.054449,2.759647e-10,0.002370,0.002370,2.277664e+11,221.24,4.915200e+04,61.05,in_range,,,,1476,1310,,98,98,97,,-1,-1,-1.000000,-1,t
cpu-gpu-v2,2026-07-19T11:13:36,"20260719_085511_session4",550,550,10,"GEMM","openblas_sgemm",cpu_native,"Intel(R) Core(TM) i9-7900X CPU @ 3.30GHz",1,64,"N=64",434430,1.029265,1.029265,1.029265,62.850425,62.850425,0.000000,1.446733e-04,61.063379,2.759424e-10,0.002369,0.002369,2.277664e+11,221.29,4.915200e+04,61.06,in_range,,,,1333,1463,,99,97,99,,-1,-1,-1.000000,-1,t
cpu-gpu-v2,2026-07-19T11:13:38,"20260719_085511_session4",551,551,1,"GEMM","openblas_sgemm",cpu_native,"Intel(R) Core(TM) i9-7900X CPU @ 3.30GHz",2,2048,"N=2048",23,1.046040,1.046040,1.046040,91.073986,91.199231,0.125245,3.965184e+00,87.185223,2.308041e-10,45.480000,45.480000,3.951370e+11,377.75,5.033165e+07,87.19,in_range,,,,1730,2190,,98,98,98,,-1,-1,-1.000000,-1,t
cpu-gpu-v2,2026-07-19T11:13:39,"20260719_085511_session4",552,552,2,"GEMM","openblas_sgemm",cpu_native,"Intel(R) Core(TM) i9-7900X CPU @ 3.30GHz",2,2048,"N=2048",23,1.048134,1.048134,1.048134,91.874826,91.991611,0.116785,3.999635e+00,87.767073,2.328094e-10,45.571023,45.571023,3.951370e+11,376.99,5.033165e+07,87.77,in_range,,,,2202,1604,,100,98,100,,-1,-1,-1.000000,-1,t
cpu-gpu-v2,2026-07-19T11:13:40,"20260719_085511_session4",553,553,3,"GEMM","openblas_sgemm",cpu_native,"Intel(R) Core(TM) i9-7900X CPU @ 3.30GHz",2,2048,"N=2048",23,1.047691,1.047691,1.047691,91.658395,91.775547,0.117152,3.990241e+00,87.597897,2.322626e-10,45.551792,45.551792,3.951370e+11,377.15,5.033165e+07,87.60,in_range,,,,1600,1669,,100,100,98,,-1,-1,-1.000000,-1,t
cpu-gpu-v2,2026-07-19T11:13:41,"20260719_085511_session4",554,554,4,"GEMM","openblas_sgemm",cpu_native,"Intel(R) Core(TM) i9-7900X CPU @ 3.30GHz",2,2048,"N=2048",23,1.051009,1.051009,1.051009,91.768808,91.885042,0.116234,3.995002e+00,87.425523,2.325397e-10,45.696059,45.696059,3.951370e+11,375.96,5.033165e+07,87.43,in_range,,,,1851,1468,,98,98,98,,-1,-1,-1.000000,-1,t
cpu-gpu-v2,2026-07-19T11:13:43,"20260719_085511_session4",555,555,5,"GEMM","openblas_sgemm",cpu_native,"Intel(R) Core(TM) i9-7900X CPU @ 3.30GHz",2,2048,"N=2048",23,1.047726,1.047726,1.047726,91.542917,91.662471,0.119554,3.985325e+00,87.487055,2.319764e-10,45.553308,45.553308,3.951370e+11,377.14,5.033165e+07,87.49,in_range,,,,1844,2721,,98,98,97,,-1,-1,-1.000000,-1,t
cpu-gpu-v2,2026-07-19T11:13:44,"20260719_085511_session4",556,556,6,"GEMM","openblas_sgemm",cpu_native,"Intel(R) Core(TM) i9-7900X CPU @ 3.30GHz",2,2048,"N=2048",23,1.046396,1.046396,1.046396,91.198070,91.323760,0.125690,3.970598e+00,87.274568,2.311192e-10,45.495479,45.495479,3.951370e+11,377.62,5.033165e+07,87.27,in_range,,,,2816,1605,,100,97,100,,-1,-1,-1.000000,-1,t
cpu-gpu-v2,2026-07-19T11:13:45,"20260719_085511_session4",557,557,7,"GEMM","openblas_sgemm",cpu_native,"Intel(R) Core(TM) i9-7900X CPU @ 3.30GHz",2,2048,"N=2048",23,1.047300,1.047300,1.047300,91.699594,91.828481,0.128887,3.992543e+00,87.681191,2.323966e-10,45.534768,45.534768,3.951370e+11,377.29,5.033165e+07,87.68,in_range,,,,1630,1606,,100,100,100,,-1,-1,-1.000000,-1,t
cpu-gpu-v2,2026-07-19T11:13:46,"20260719_085511_session4",558,558,8,"GEMM","openblas_sgemm",cpu_native,"Intel(R) Core(TM) i9-7900X CPU @ 3.30GHz",2,2048,"N=2048",23,1.046502,1.046502,1.046502,91.468210,91.598474,0.130264,3.982542e+00,87.528221,2.318145e-10,45.500095,45.500095,3.951370e+11,377.58,5.033165e+07,87.53,in_range,,,,1631,1618,,100,100,98,,-1,-1,-1.000000,-1,t
cpu-gpu-v2,2026-07-19T11:13:47,"20260719_085511_session4",559,559,9,"GEMM","openblas_sgemm",cpu_native,"Intel(R) Core(TM) i9-7900X CPU @ 3.30GHz",2,2048,"N=2048",23,1.047024,1.047024,1.047024,91.675912,91.807859,0.131947,3.991646e+00,87.684616,2.323444e-10,45.522763,45.522763,3.951370e+11,377.39,5.033165e+07,87.68,in_range,,,,1775,1571,,98,98,98,,-1,-1,-1.000000,-1,t
cpu-gpu-v2,2026-07-19T11:13:48,"20260719_085511_session4",560,560,10,"GEMM","openblas_sgemm",cpu_native,"Intel(R) Core(TM) i9-7900X CPU @ 3.30GHz",2,2048,"N=2048",23,1.044912,1.044912,1.044912,90.864025,90.992147,0.128122,3.956180e+00,87.081149,2.302800e-10,45.430961,45.430961,3.951370e+11,378.15,5.033165e+07,87.08,in_range,,,,1602,1479,,99,98,99,,-1,-1,-1.000000,-1,t
cpu-gpu-v2,2026-07-19T11:13:57,"20260719_085511_session4",561,561,1,"GEMM","openblas_sgemm",cpu_native,"Intel(R) Core(TM) i9-7900X CPU @ 3.30GHz",2,8192,"N=8192",1,2.709119,2.709119,2.709119,241.757621,242.495310,0.737689,2.424953e+02,89.510777,2.205482e-10,2709.118585,2709.118585,1.099512e+12,405.86,8.053064e+08,89.51,above,,,,1537,1474,,99,97,99,,-1,-1,-1.000000,-1,t
cpu-gpu-v2,2026-07-19T11:13:59,"20260719_085511_session4",562,562,2,"GEMM","openblas_sgemm",cpu_native,"Intel(R) Core(TM) i9-7900X CPU @ 3.30GHz",2,8192,"N=8192",1,2.653886,2.653886,2.653886,222.326518,223.061515,0.734997,2.230615e+02,84.050890,2.028733e-10,2653.886415,2653.886415,1.099512e+12,414.30,8.053064e+08,84.05,above,,,,1600,1541,,99,99,97,,-1,-1,-1.000000,-1,t
cpu-gpu-v2,2026-07-19T11:14:02,"20260719_085511_session4",563,563,3,"GEMM","openblas_sgemm",cpu_native,"Intel(R) Core(TM) i9-7900X CPU @ 3.30GHz",2,8192,"N=8192",1,2.651814,2.651814,2.651814,220.639022,221.387147,0.748125,2.213871e+02,83.485169,2.013504e-10,2651.814079,2651.814079,1.099512e+12,414.63,8.053064e+08,83.49,above,,,,1616,1589,,98,97,98,,-1,-1,-1.000000,-1,t
cpu-gpu-v2,2026-07-19T11:14:05,"20260719_085511_session4",564,564,4,"GEMM","openblas_sgemm",cpu_native,"Intel(R) Core(TM) i9-7900X CPU @ 3.30GHz",2,8192,"N=8192",1,2.651634,2.651634,2.651634,219.230517,219.977815,0.747298,2.199778e+02,82.959347,2.000687e-10,2651.633886,2651.633886,1.099512e+12,414.65,8.053064e+08,82.96,above,,,,1721,1604,,98,98,98,,-1,-1,-1.000000,-1,t
cpu-gpu-v2,2026-07-19T11:14:07,"20260719_085511_session4",565,565,5,"GEMM","openblas_sgemm",cpu_native,"Intel(R) Core(TM) i9-7900X CPU @ 3.30GHz",2,8192,"N=8192",1,2.651729,2.651729,2.651729,218.770925,219.532987,0.762062,2.195330e+02,82.788627,1.996641e-10,2651.728812,2651.728812,1.099512e+12,414.64,8.053064e+08,82.79,above,,,,1630,1605,,98,98,98,,-1,-1,-1.000000,-1,t
cpu-gpu-v2,2026-07-19T11:14:10,"20260719_085511_session4",566,566,6,"GEMM","openblas_sgemm",cpu_native,"Intel(R) Core(TM) i9-7900X CPU @ 3.30GHz",2,8192,"N=8192",1,2.653982,2.653982,2.653982,222.254558,223.002086,0.747528,2.230021e+02,84.025478,2.028192e-10,2653.981755,2653.981755,1.099512e+12,414.29,8.053064e+08,84.03,above,,,,1627,1579,,98,98,98,,-1,-1,-1.000000,-1,t
cpu-gpu-v2,2026-07-19T11:14:13,"20260719_085511_session4",567,567,7,"GEMM","openblas_sgemm",cpu_native,"Intel(R) Core(TM) i9-7900X CPU @ 3.30GHz",2,8192,"N=8192",1,2.667192,2.667192,2.667192,227.062346,227.831568,0.769222,2.278316e+02,85.420016,2.072116e-10,2667.191832,2667.191832,1.099512e+12,412.24,8.053064e+08,85.42,above,,,,1634,1723,,98,98,98,,-1,-1,-1.000000,-1,t
cpu-gpu-v2,2026-07-19T11:14:15,"20260719_085511_session4",568,568,8,"GEMM","openblas_sgemm",cpu_native,"Intel(R) Core(TM) i9-7900X CPU @ 3.30GHz",2,8192,"N=8192",1,2.659983,2.659983,2.659983,222.764689,223.509830,0.745141,2.235098e+02,84.026797,2.032810e-10,2659.982745,2659.982745,1.099512e+12,413.35,8.053064e+08,84.03,above,,,,1748,1605,,99,98,99,,-1,-1,-1.000000,-1,t
cpu-gpu-v2,2026-07-19T11:14:18,"20260719_085511_session4",569,569,9,"GEMM","openblas_sgemm",cpu_native,"Intel(R) Core(TM) i9-7900X CPU @ 3.30GHz",2,8192,"N=8192",1,2.647726,2.647726,2.647726,220.622421,221.364533,0.742112,2.213645e+02,83.605516,2.013299e-10,2647.726405,2647.726405,1.099512e+12,415.27,8.053064e+08,83.61,above,,,,1617,1585,,99,99,99,,-1,-1,-1.000000,-1,t
cpu-gpu-v2,2026-07-19T11:14:21,"20260719_085511_session4",570,570,10,"GEMM","openblas_sgemm",cpu_native,"Intel(R) Core(TM) i9-7900X CPU @ 3.30GHz",2,8192,"N=8192",1,2.653410,2.653410,2.653410,218.404592,219.135840,0.731248,2.191358e+02,82.586508,1.993029e-10,2653.409670,2653.409670,1.099512e+12,414.38,8.053064e+08,82.59,above,,,,1605,1605,,99,99,97,,-1,-1,-1.000000,-1,t
cpu-gpu-v2,2026-07-19T11:14:23,"20260719_085511_session4",571,571,1,"GEMM","openblas_sgemm",cpu_native,"Intel(R) Core(TM) i9-7900X CPU @ 3.30GHz",2,1024,"N=1024",182,1.004240,1.004240,1.004240,85.534327,85.534373,0.000046,4.699691e-01,85.173250,2.188464e-10,5.517801,5.517801,3.908420e+11,389.19,1.258291e+07,85.17,in_range,,,,1556,1619,,100,98,100,,-1,-1,-1.000000,-1,t
cpu-gpu-v2,2026-07-19T11:14:24,"20260719_085511_session4",572,572,2,"GEMM","openblas_sgemm",cpu_native,"Intel(R) Core(TM) i9-7900X CPU @ 3.30GHz",2,1024,"N=1024",182,1.005782,1.005782,1.005782,86.217126,86.217203,0.000077,4.737209e-01,85.721540,2.205935e-10,5.526276,5.526276,3.908420e+11,388.60,1.258291e+07,85.72,in_range,,,,1592,1570,,100,100,97,,-1,-1,-1.000000,-1,t
cpu-gpu-v2,2026-07-19T11:14:25,"20260719_085511_session4",573,573,3,"GEMM","openblas_sgemm",cpu_native,"Intel(R) Core(TM) i9-7900X CPU @ 3.30GHz",2,1024,"N=1024",182,1.005030,1.005030,1.005030,85.663965,85.664087,0.000122,4.706818e-01,85.235384,2.191783e-10,5.522141,5.522141,3.908420e+11,388.89,1.258291e+07,85.24,in_range,,,,1645,1620,,99,97,99,,-1,-1,-1.000000,-1,t
cpu-gpu-v2,2026-07-19T11:14:26,"20260719_085511_session4",574,574,4,"GEMM","openblas_sgemm",cpu_native,"Intel(R) Core(TM) i9-7900X CPU @ 3.30GHz",2,1024,"N=1024",182,1.004534,1.004534,1.004534,86.042809,86.042870,0.000061,4.727630e-01,85.654530,2.201474e-10,5.519416,5.519416,3.908420e+11,389.08,1.258291e+07,85.65,in_range,,,,1611,1688,,99,99,97,,-1,-1,-1.000000,-1,t
cpu-gpu-v2,2026-07-19T11:14:27,"20260719_085511_session4",575,575,5,"GEMM","openblas_sgemm",cpu_native,"Intel(R) Core(TM) i9-7900X CPU @ 3.30GHz",2,1024,"N=1024",182,1.004735,1.004735,1.004735,85.775781,85.776179,0.000398,4.712977e-01,85.371906,2.194651e-10,5.520524,5.520524,3.908420e+11,389.00,1.258291e+07,85.37,in_range,,,,1675,1560,,98,97,98,,-1,-1,-1.000000,-1,t
cpu-gpu-v2,2026-07-19T11:14:28,"20260719_085511_session4",576,576,6,"GEMM","openblas_sgemm",cpu_native,"Intel(R) Core(TM) i9-7900X CPU @ 3.30GHz",2,1024,"N=1024",182,1.003740,1.003740,1.003740,85.414577,85.414577,0.000000,4.693109e-01,85.096340,2.185399e-10,5.515053,5.515053,3.908420e+11,389.39,1.258291e+07,85.10,in_range,,,,1629,1609,,98,98,98,,-1,-1,-1.000000,-1,t
cpu-gpu-v2,2026-07-19T11:14:29,"20260719_085511_session4",577,577,7,"GEMM","openblas_sgemm",cpu_native,"Intel(R) Core(TM) i9-7900X CPU @ 3.30GHz",2,1024,"N=1024",182,1.004647,1.004647,1.004647,85.693445,85.693491,0.000046,4.708434e-01,85.297093,2.192535e-10,5.520040,5.520040,3.908420e+11,389.03,1.258291e+07,85.30,in_range,,,,1611,1611,,100,98,100,,-1,-1,-1.000000,-1,t
cpu-gpu-v2,2026-07-19T11:14:30,"20260719_085511_session4",578,578,8,"GEMM","openblas_sgemm",cpu_native,"Intel(R) Core(TM) i9-7900X CPU @ 3.30GHz",2,1024,"N=1024",182,1.003269,1.003269,1.003269,85.826013,85.826044,0.000031,4.715717e-01,85.546403,2.195927e-10,5.512466,5.512466,3.908420e+11,389.57,1.258291e+07,85.55,in_range,,,,1632,1479,,100,100,99,,-1,-1,-1.000000,-1,t
cpu-gpu-v2,2026-07-19T11:14:31,"20260719_085511_session4",579,579,9,"GEMM","openblas_sgemm",cpu_native,"Intel(R) Core(TM) i9-7900X CPU @ 3.30GHz",2,1024,"N=1024",182,1.003545,1.003545,1.003545,85.646753,85.646799,0.000046,4.705868e-01,85.344244,2.191341e-10,5.513984,5.513984,3.908420e+11,389.46,1.258291e+07,85.34,in_range,,,,1600,1604,,100,99,100,,-1,-1,-1.000000,-1,t
cpu-gpu-v2,2026-07-19T11:14:32,"20260719_085511_session4",580,580,10,"GEMM","openblas_sgemm",cpu_native,"Intel(R) Core(TM) i9-7900X CPU @ 3.30GHz",2,1024,"N=1024",182,1.003032,1.003032,1.003032,85.541712,85.541773,0.000061,4.700097e-01,85.283191,2.188653e-10,5.511165,5.511165,3.908420e+11,389.66,1.258291e+07,85.28,in_range,,,,1589,1537,,100,100,96,,-1,-1,-1.000000,-1,t
cpu-gpu-v2,2026-07-19T11:14:35,"20260719_085511_session4",581,581,1,"GEMM","openblas_sgemm",cpu_native,"Intel(R) Core(TM) i9-7900X CPU @ 3.30GHz",10,4096,"N=4096",10,1.000202,1.000202,1.000202,169.606133,171.472626,1.866493,1.714726e+01,171.437919,1.247628e-10,100.020244,100.020244,1.374390e+12,1374.11,2.013266e+08,171.44,in_range,,,,2355,2463,,95,94,95,,-1,-1,-1.000000,-1,t
cpu-gpu-v2,2026-07-19T11:14:36,"20260719_085511_session4",582,582,2,"GEMM","openblas_sgemm",cpu_native,"Intel(R) Core(TM) i9-7900X CPU @ 3.30GHz",10,4096,"N=4096",10,1.005736,1.005736,1.005736,170.733755,172.621301,1.887546,1.726213e+01,171.636805,1.255985e-10,100.573592,100.573592,1.374390e+12,1366.55,2.013266e+08,171.64,in_range,,,,2652,2355,,95,95,95,,-1,-1,-1.000000,-1,t
cpu-gpu-v2,2026-07-19T11:14:37,"20260719_085511_session4",583,583,3,"GEMM","openblas_sgemm",cpu_native,"Intel(R) Core(TM) i9-7900X CPU @ 3.30GHz",10,4096,"N=4096",10,1.003252,1.003252,1.003252,170.479361,172.375428,1.896067,1.723754e+01,171.816689,1.254196e-10,100.325195,100.325195,1.374390e+12,1369.93,2.013266e+08,171.82,in_range,,,,2660,2355,,95,95,95,,-1,-1,-1.000000,-1,t
cpu-gpu-v2,2026-07-19T11:14:38,"20260719_085511_session4",584,584,4,"GEMM","openblas_sgemm",cpu_native,"Intel(R) Core(TM) i9-7900X CPU @ 3.30GHz",10,4096,"N=4096",10,1.005740,1.005740,1.005740,170.995228,172.923013,1.927785,1.729230e+01,171.936105,1.258181e-10,100.573997,100.573997,1.374390e+12,1366.55,2.013266e+08,171.94,in_range,,,,2609,2253,,95,95,95,,-1,-1,-1.000000,-1,t
cpu-gpu-v2,2026-07-19T11:14:39,"20260719_085511_session4",585,585,5,"GEMM","openblas_sgemm",cpu_native,"Intel(R) Core(TM) i9-7900X CPU @ 3.30GHz",10,4096,"N=4096",10,1.005609,1.005609,1.005609,171.012685,172.918851,1.906166,1.729189e+01,171.954343,1.258150e-10,100.560909,100.560909,1.374390e+12,1366.72,2.013266e+08,171.95,in_range,,,,2536,2250,,95,95,95,,-1,-1,-1.000000,-1,t
cpu-gpu-v2,2026-07-19T11:14:40,"20260719_085511_session4",586,586,6,"GEMM","openblas_sgemm",cpu_native,"Intel(R) Core(TM) i9-7900X CPU @ 3.30GHz",10,4096,"N=4096",10,1.005604,1.005604,1.005604,171.157765,173.076967,1.919202,1.730770e+01,172.112465,1.259301e-10,100.560391,100.560391,1.374390e+12,1366.73,2.013266e+08,172.11,in_range,,,,2625,2359,,96,95,96,,-1,-1,-1.000000,-1,t
cpu-gpu-v2,2026-07-19T11:14:41,"20260719_085511_session4",587,587,7,"GEMM","openblas_sgemm",cpu_native,"Intel(R) Core(TM) i9-7900X CPU @ 3.30GHz",10,4096,"N=4096",10,1.005525,1.005525,1.005525,171.384815,173.303098,1.918283,1.733031e+01,172.350843,1.260946e-10,100.552510,100.552510,1.374390e+12,1366.84,2.013266e+08,172.35,in_range,,,,2555,2354,,96,96,96,,-1,-1,-1.000000,-1,t
cpu-gpu-v2,2026-07-19T11:14:42,"20260719_085511_session4",588,588,8,"GEMM","openblas_sgemm",cpu_native,"Intel(R) Core(TM) i9-7900X CPU @ 3.30GHz",10,4096,"N=4096",10,1.005652,1.005652,1.005652,171.537280,173.439560,1.902280,1.734396e+01,172.464781,1.261939e-10,100.565205,100.565205,1.374390e+12,1366.67,2.013266e+08,172.46,in_range,,,,2424,2376,,96,96,96,,-1,-1,-1.000000,-1,t
cpu-gpu-v2,2026-07-19T11:14:43,"20260719_085511_session4",589,589,9,"GEMM","openblas_sgemm",cpu_native,"Intel(R) Core(TM) i9-7900X CPU @ 3.30GHz",10,4096,"N=4096",10,1.006477,1.006477,1.006477,171.872363,173.777060,1.904697,1.737771e+01,172.658732,1.264395e-10,100.647710,100.647710,1.374390e+12,1365.54,2.013266e+08,172.66,in_range,,,,2626,2355,,97,96,97,,-1,-1,-1.000000,-1,t
cpu-gpu-v2,2026-07-19T11:14:44,"20260719_085511_session4",590,590,10,"GEMM","openblas_sgemm",cpu_native,"Intel(R) Core(TM) i9-7900X CPU @ 3.30GHz",10,4096,"N=4096",10,1.006131,1.006131,1.006131,171.944872,173.855001,1.910129,1.738550e+01,172.795521,1.264962e-10,100.613141,100.613141,1.374390e+12,1366.01,2.013266e+08,172.80,in_range,,,,2483,2250,,97,97,97,,-1,-1,-1.000000,-1,t
cpu-gpu-v2,2026-07-19T11:14:49,"20260719_085511_session4",591,591,1,"GEMM","openblas_sgemm",cpu_native,"Intel(R) Core(TM) i9-7900X CPU @ 3.30GHz",2,256,"N=256",9280,1.004913,1.004913,1.004913,80.615760,80.615760,0.000000,8.687043e-03,80.221655,2.588941e-10,0.108288,0.108288,3.113851e+11,309.86,7.864320e+05,80.22,in_range,,,,1608,1594,,100,99,100,,-1,-1,-1.000000,-1,t
cpu-gpu-v2,2026-07-19T11:14:50,"20260719_085511_session4",592,592,2,"GEMM","openblas_sgemm",cpu_native,"Intel(R) Core(TM) i9-7900X CPU @ 3.30GHz",2,256,"N=256",9280,1.003983,1.003983,1.003983,80.576026,80.576026,0.000000,8.682761e-03,80.256392,2.587665e-10,0.108188,0.108188,3.113851e+11,310.15,7.864320e+05,80.26,in_range,,,,1598,1620,,100,100,99,,-1,-1,-1.000000,-1,t
cpu-gpu-v2,2026-07-19T11:14:51,"20260719_085511_session4",593,593,3,"GEMM","openblas_sgemm",cpu_native,"Intel(R) Core(TM) i9-7900X CPU @ 3.30GHz",2,256,"N=256",9280,1.004954,1.004954,1.004954,79.967141,79.967141,0.000000,8.617149e-03,79.572912,2.568110e-10,0.108292,0.108292,3.113851e+11,309.85,7.864320e+05,79.57,in_range,,,,1728,1619,,99,99,99,,-1,-1,-1.000000,-1,t
cpu-gpu-v2,2026-07-19T11:14:52,"20260719_085511_session4",594,594,4,"GEMM","openblas_sgemm",cpu_native,"Intel(R) Core(TM) i9-7900X CPU @ 3.30GHz",2,256,"N=256",9280,1.004701,1.004701,1.004701,80.283425,80.283425,0.000000,8.651231e-03,79.907779,2.578268e-10,0.108265,0.108265,3.113851e+11,309.93,7.864320e+05,79.91,in_range,,,,1662,1479,,99,99,99,,-1,-1,-1.000000,-1,t
cpu-gpu-v2,2026-07-19T11:14:53,"20260719_085511_session4",595,595,5,"GEMM","openblas_sgemm",cpu_native,"Intel(R) Core(TM) i9-7900X CPU @ 3.30GHz",2,256,"N=256",9280,1.005612,1.005612,1.005612,79.864664,79.864664,0.000000,8.606106e-03,79.418973,2.564819e-10,0.108363,0.108363,3.113851e+11,309.65,7.864320e+05,79.42,in_range,,,,1606,1480,,99,99,99,,-1,-1,-1.000000,-1,t
cpu-gpu-v2,2026-07-19T11:14:54,"20260719_085511_session4",596,596,6,"GEMM","openblas_sgemm",cpu_native,"Intel(R) Core(TM) i9-7900X CPU @ 3.30GHz",2,256,"N=256",9280,1.013121,1.013121,1.013121,80.162514,80.162514,0.000000,8.638202e-03,79.124354,2.574385e-10,0.109172,0.109172,3.113851e+11,307.35,7.864320e+05,79.12,in_range,,,,1638,1480,,99,99,99,,-1,-1,-1.000000,-1,t
cpu-gpu-v2,2026-07-19T11:14:55,"20260719_085511_session4",597,597,7,"GEMM","openblas_sgemm",cpu_native,"Intel(R) Core(TM) i9-7900X CPU @ 3.30GHz",2,256,"N=256",9280,1.003181,1.003181,1.003181,79.760172,79.760172,0.000000,8.594846e-03,79.507267,2.561464e-10,0.108101,0.108101,3.113851e+11,310.40,7.864320e+05,79.51,in_range,,,,1635,1614,,99,99,99,,-1,-1,-1.000000,-1,t
cpu-gpu-v2,2026-07-19T11:14:56,"20260719_085511_session4",598,598,8,"GEMM","openblas_sgemm",cpu_native,"Intel(R) Core(TM) i9-7900X CPU @ 3.30GHz",2,256,"N=256",9280,1.004402,1.004402,1.004402,79.643412,79.643412,0.000000,8.582264e-03,79.294359,2.557714e-10,0.108233,0.108233,3.113851e+11,310.02,7.864320e+05,79.29,in_range,,,,1613,1410,,99,99,96,,-1,-1,-1.000000,-1,t
cpu-gpu-v2,2026-07-19T11:14:57,"20260719_085511_session4",599,599,9,"GEMM","openblas_sgemm",cpu_native,"Intel(R) Core(TM) i9-7900X CPU @ 3.30GHz",2,256,"N=256",9280,1.009056,1.009056,1.009056,79.764383,79.764383,0.000000,8.595300e-03,79.048496,2.561599e-10,0.108735,0.108735,3.113851e+11,308.59,7.864320e+05,79.05,in_range,,,,1556,1620,,98,96,98,,-1,-1,-1.000000,-1,t
cpu-gpu-v2,2026-07-19T11:14:58,"20260719_085511_session4",600,600,10,"GEMM","openblas_sgemm",cpu_native,"Intel(R) Core(TM) i9-7900X CPU @ 3.30GHz",2,256,"N=256",9280,1.005132,1.005132,1.005132,79.348490,79.348490,0.000000,8.550484e-03,78.943347,2.548243e-10,0.108312,0.108312,3.113851e+11,309.80,7.864320e+05,78.94,in_range,,,,1608,1611,,99,98,99,,-1,-1,-1.000000,-1,t
cpu-gpu-v2,2026-07-19T11:15:00,"20260719_085511_session4",601,601,1,"GEMM","openblas_sgemm",cpu_native,"Intel(R) Core(TM) i9-7900X CPU @ 3.30GHz",1,512,"N=512",768,1.013533,1.013533,1.013533,58.643283,58.643283,0.000000,7.635844e-02,57.860280,2.844574e-10,1.319704,1.319704,2.061584e+11,203.41,3.145728e+06,57.86,in_range,,,,1580,1450,,99,99,98,,-1,-1,-1.000000,-1,t
cpu-gpu-v2,2026-07-19T11:15:01,"20260719_085511_session4",602,602,2,"GEMM","openblas_sgemm",cpu_native,"Intel(R) Core(TM) i9-7900X CPU @ 3.30GHz",1,512,"N=512",768,1.054526,1.054526,1.054526,64.413287,64.413287,0.000000,8.387147e-02,61.082704,3.124456e-10,1.373080,1.373080,2.061584e+11,195.50,3.145728e+06,61.08,in_range,,,,1324,1340,,100,98,100,,-1,-1,-1.000000,-1,t
cpu-gpu-v2,2026-07-19T11:15:02,"20260719_085511_session4",603,603,3,"GEMM","openblas_sgemm",cpu_native,"Intel(R) Core(TM) i9-7900X CPU @ 3.30GHz",1,512,"N=512",768,1.075404,1.075404,1.075404,66.344068,66.344068,0.000000,8.638551e-02,61.692233,3.218111e-10,1.400266,1.400266,2.061584e+11,191.70,3.145728e+06,61.69,in_range,,,,1465,1340,,100,100,100,,-1,-1,-1.000000,-1,t
cpu-gpu-v2,2026-07-19T11:15:03,"20260719_085511_session4",604,604,4,"GEMM","openblas_sgemm",cpu_native,"Intel(R) Core(TM) i9-7900X CPU @ 3.30GHz",1,512,"N=512",768,1.003296,1.003296,1.003296,57.975010,57.975010,0.000000,7.548829e-02,57.784579,2.812158e-10,1.306374,1.306374,2.061584e+11,205.48,3.145728e+06,57.78,in_range,,,,1335,1480,,100,100,99,,-1,-1,-1.000000,-1,t
cpu-gpu-v2,2026-07-19T11:15:04,"20260719_085511_session4",605,605,5,"GEMM","openblas_sgemm",cpu_native,"Intel(R) Core(TM) i9-7900X CPU @ 3.30GHz",1,512,"N=512",768,1.005710,1.005710,1.005710,57.916172,57.916172,0.000000,7.541168e-02,57.587339,2.809304e-10,1.309518,1.309518,2.061584e+11,204.99,3.145728e+06,57.59,in_range,,,,1493,1339,,99,99,98,,-1,-1,-1.000000,-1,t
cpu-gpu-v2,2026-07-19T11:15:05,"20260719_085511_session4",606,606,6,"GEMM","openblas_sgemm",cpu_native,"Intel(R) Core(TM) i9-7900X CPU @ 3.30GHz",1,512,"N=512",768,1.007712,1.007712,1.007712,57.998631,57.998631,0.000000,7.551905e-02,57.554766,2.813304e-10,1.312125,1.312125,2.061584e+11,204.58,3.145728e+06,57.55,in_range,,,,1336,1340,,99,98,99,,-1,-1,-1.000000,-1,t
cpu-gpu-v2,2026-07-19T11:15:07,"20260719_085511_session4",607,607,7,"GEMM","openblas_sgemm",cpu_native,"Intel(R) Core(TM) i9-7900X CPU @ 3.30GHz",1,512,"N=512",768,1.048836,1.048836,1.048836,62.721458,62.721458,0.000000,8.166857e-02,59.800988,3.042391e-10,1.365673,1.365673,2.061584e+11,196.56,3.145728e+06,59.80,in_range,,,,1200,1339,,99,99,99,,-1,-1,-1.000000,-1,t
cpu-gpu-v2,2026-07-19T11:15:08,"20260719_085511_session4",608,608,8,"GEMM","openblas_sgemm",cpu_native,"Intel(R) Core(TM) i9-7900X CPU @ 3.30GHz",1,512,"N=512",768,1.059068,1.059068,1.059068,64.859942,64.859942,0.000000,8.445305e-02,61.242479,3.146121e-10,1.378995,1.378995,2.061584e+11,194.66,3.145728e+06,61.24,in_range,,,,1200,1304,,99,99,97,,-1,-1,-1.000000,-1,t
cpu-gpu-v2,2026-07-19T11:15:09,"20260719_085511_session4",609,609,9,"GEMM","openblas_sgemm",cpu_native,"Intel(R) Core(TM) i9-7900X CPU @ 3.30GHz",1,512,"N=512",768,1.005351,1.005351,1.005351,58.116916,58.116916,0.000000,7.567307e-02,57.807576,2.819041e-10,1.309051,1.309051,2.061584e+11,205.06,3.145728e+06,57.81,in_range,,,,1324,1968,,97,97,96,,-1,-1,-1.000000,-1,t
cpu-gpu-v2,2026-07-19T11:15:10,"20260719_085511_session4",610,610,10,"GEMM","openblas_sgemm",cpu_native,"Intel(R) Core(TM) i9-7900X CPU @ 3.30GHz",1,512,"N=512",768,1.044570,1.044570,1.044570,62.884727,62.884727,0.000000,8.188115e-02,60.201531,3.050311e-10,1.360117,1.360117,2.061584e+11,197.36,3.145728e+06,60.20,in_range,,,,1899,1339,,97,96,97,,-1,-1,-1.000000,-1,t
cpu-gpu-v2,2026-07-19T11:15:12,"20260719_085511_session4",611,611,1,"GEMM","openblas_sgemm",cpu_native,"Intel(R) Core(TM) i9-7900X CPU @ 3.30GHz",8,2048,"N=2048",76,1.012921,1.012921,1.012921,161.108169,162.157228,1.049059,2.133648e+00,160.088742,1.241946e-10,13.327906,13.327906,1.305670e+12,1289.01,5.033165e+07,160.09,in_range,,,,2087,2232,,99,99,99,,-1,-1,-1.000000,-1,t
cpu-gpu-v2,2026-07-19T11:15:13,"20260719_085511_session4",612,612,2,"GEMM","openblas_sgemm",cpu_native,"Intel(R) Core(TM) i9-7900X CPU @ 3.30GHz",8,2048,"N=2048",76,1.042431,1.042431,1.042431,156.864588,157.910113,1.045525,2.077765e+00,151.482613,1.209418e-10,13.716192,13.716192,1.305670e+12,1252.52,5.033165e+07,151.48,in_range,,,,2252,2179,,99,99,95,,-1,-1,-1.000000,-1,t
cpu-gpu-v2,2026-07-19T11:15:14,"20260719_085511_session4",613,613,3,"GEMM","openblas_sgemm",cpu_native,"Intel(R) Core(TM) i9-7900X CPU @ 3.30GHz",8,2048,"N=2048",76,1.052202,1.052202,1.052202,156.985194,158.037023,1.051829,2.079435e+00,150.196530,1.210390e-10,13.844757,13.844757,1.305670e+12,1240.89,5.033165e+07,150.20,in_range,,,,2260,2179,,96,95,96,,-1,-1,-1.000000,-1,t
cpu-gpu-v2,2026-07-19T11:15:15,"20260719_085511_session4",614,614,4,"GEMM","openblas_sgemm",cpu_native,"Intel(R) Core(TM) i9-7900X CPU @ 3.30GHz",8,2048,"N=2048",76,1.018767,1.018767,1.018767,161.727918,162.780971,1.053053,2.141855e+00,159.782372,1.246724e-10,13.404826,13.404826,1.305670e+12,1281.62,5.033165e+07,159.78,in_range,,,,2348,2210,,100,96,100,,-1,-1,-1.000000,-1,t
cpu-gpu-v2,2026-07-19T11:15:16,"20260719_085511_session4",615,615,5,"GEMM","openblas_sgemm",cpu_native,"Intel(R) Core(TM) i9-7900X CPU @ 3.30GHz",8,2048,"N=2048",76,1.043551,1.043551,1.043551,157.368676,158.402313,1.033637,2.084241e+00,151.791593,1.213188e-10,13.730938,13.730938,1.305670e+12,1251.18,5.033165e+07,151.79,in_range,,,,2288,2106,,100,100,97,,-1,-1,-1.000000,-1,t
cpu-gpu-v2,2026-07-19T11:15:17,"20260719_085511_session4",616,616,6,"GEMM","openblas_sgemm",cpu_native,"Intel(R) Core(TM) i9-7900X CPU @ 3.30GHz",8,2048,"N=2048",76,1.048870,1.048870,1.048870,157.846764,158.878902,1.032138,2.090512e+00,151.476205,1.216838e-10,13.800926,13.800926,1.305670e+12,1244.83,5.033165e+07,151.48,in_range,,,,2330,2180,,97,97,96,,-1,-1,-1.000000,-1,t
cpu-gpu-v2,2026-07-19T11:15:18,"20260719_085511_session4",617,617,7,"GEMM","openblas_sgemm",cpu_native,"Intel(R) Core(TM) i9-7900X CPU @ 3.30GHz",8,2048,"N=2048",76,1.030618,1.030618,1.030618,162.699168,163.736248,1.037080,2.154424e+00,158.871887,1.254040e-10,13.560765,13.560765,1.305670e+12,1266.88,5.033165e+07,158.87,in_range,,,,2389,2231,,100,96,100,,-1,-1,-1.000000,-1,t
cpu-gpu-v2,2026-07-19T11:15:19,"20260719_085511_session4",618,618,8,"GEMM","openblas_sgemm",cpu_native,"Intel(R) Core(TM) i9-7900X CPU @ 3.30GHz",8,2048,"N=2048",76,1.043370,1.043370,1.043370,157.609948,158.644993,1.035045,2.087434e+00,152.050533,1.215047e-10,13.728555,13.728555,1.305670e+12,1251.40,5.033165e+07,152.05,in_range,,,,2236,2182,,100,100,97,,-1,-1,-1.000000,-1,t
cpu-gpu-v2,2026-07-19T11:15:20,"20260719_085511_session4",619,619,9,"GEMM","openblas_sgemm",cpu_native,"Intel(R) Core(TM) i9-7900X CPU @ 3.30GHz",8,2048,"N=2048",76,1.024918,1.024918,1.024918,161.892835,162.938590,1.045755,2.143929e+00,158.977270,1.247931e-10,13.485757,13.485757,1.305670e+12,1273.93,5.033165e+07,158.98,in_range,,,,2187,2284,,99,97,99,,-1,-1,-1.000000,-1,t
cpu-gpu-v2,2026-07-19T11:15:21,"20260719_085511_session4",620,620,10,"GEMM","openblas_sgemm",cpu_native,"Intel(R) Core(TM) i9-7900X CPU @ 3.30GHz",8,2048,"N=2048",76,1.044784,1.044784,1.044784,158.026451,159.063332,1.036881,2.092939e+00,152.245161,1.218251e-10,13.747160,13.747160,1.305670e+12,1249.70,5.033165e+07,152.25,in_range,,,,2292,2180,,99,99,97,,-1,-1,-1.000000,-1,t
cpu-gpu-v2,2026-07-19T11:15:28,"20260719_085511_session4",621,621,1,"GEMM","openblas_sgemm",cpu_native,"Intel(R) Core(TM) i9-7900X CPU @ 3.30GHz",16,8192,"N=8192",2,1.948452,1.948452,1.948452,337.782522,341.032824,3.250302,1.705164e+02,175.027571,1.550838e-10,974.226012,974.226012,2.199023e+12,1128.60,8.053064e+08,175.03,above,,,,3000,2992,,99,99,99,,-1,-1,-1.000000,-1,t
cpu-gpu-v2,2026-07-19T11:15:30,"20260719_085511_session4",622,622,2,"GEMM","openblas_sgemm",cpu_native,"Intel(R) Core(TM) i9-7900X CPU @ 3.30GHz",16,8192,"N=8192",2,1.965847,1.965847,1.965847,342.253946,345.492466,3.238520,1.727462e+02,175.747423,1.571118e-10,982.923277,982.923277,2.199023e+12,1118.61,8.053064e+08,175.75,above,,,,2998,3025,,99,99,99,,-1,-1,-1.000000,-1,t
cpu-gpu-v2,2026-07-19T11:15:32,"20260719_085511_session4",623,623,3,"GEMM","openblas_sgemm",cpu_native,"Intel(R) Core(TM) i9-7900X CPU @ 3.30GHz",16,8192,"N=8192",2,1.960303,1.960303,1.960303,338.843859,342.085807,3.241948,1.710429e+02,174.506575,1.555626e-10,980.151627,980.151627,2.199023e+12,1121.78,8.053064e+08,174.51,above,,,,3092,2892,,99,99,99,,-1,-1,-1.000000,-1,t
cpu-gpu-v2,2026-07-19T11:15:34,"20260719_085511_session4",624,624,4,"GEMM","openblas_sgemm",cpu_native,"Intel(R) Core(TM) i9-7900X CPU @ 3.30GHz",16,8192,"N=8192",2,1.971468,1.971468,1.971468,341.513469,344.798425,3.284956,1.723992e+02,174.894224,1.567962e-10,985.734168,985.734168,2.199023e+12,1115.42,8.053064e+08,174.89,above,,,,3016,3025,,99,99,99,,-1,-1,-1.000000,-1,t
cpu-gpu-v2,2026-07-19T11:15:36,"20260719_085511_session4",625,625,5,"GEMM","openblas_sgemm",cpu_native,"Intel(R) Core(TM) i9-7900X CPU @ 3.30GHz",16,8192,"N=8192",2,1.966368,1.966368,1.966368,340.371382,343.609795,3.238413,1.718049e+02,174.743387,1.562556e-10,983.183973,983.183973,2.199023e+12,1118.32,8.053064e+08,174.74,above,,,,3115,3021,,99,99,99,,-1,-1,-1.000000,-1,t
cpu-gpu-v2,2026-07-19T11:15:38,"20260719_085511_session4",626,626,6,"GEMM","openblas_sgemm",cpu_native,"Intel(R) Core(TM) i9-7900X CPU @ 3.30GHz",16,8192,"N=8192",2,1.967275,1.967275,1.967275,339.998519,343.255583,3.257064,1.716278e+02,174.482803,1.560946e-10,983.637291,983.637291,2.199023e+12,1117.80,8.053064e+08,174.48,above,,,,3166,3037,,99,99,99,,-1,-1,-1.000000,-1,t
cpu-gpu-v2,2026-07-19T11:15:40,"20260719_085511_session4",627,627,7,"GEMM","openblas_sgemm",cpu_native,"Intel(R) Core(TM) i9-7900X CPU @ 3.30GHz",16,8192,"N=8192",2,1.964326,1.964326,1.964326,339.257921,342.520064,3.262143,1.712600e+02,174.370240,1.557601e-10,982.163195,982.163195,2.199023e+12,1119.48,8.053064e+08,174.37,above,,,,3127,2967,,99,99,99,,-1,-1,-1.000000,-1,t
cpu-gpu-v2,2026-07-19T11:15:42,"20260719_085511_session4",628,628,8,"GEMM","openblas_sgemm",cpu_native,"Intel(R) Core(TM) i9-7900X CPU @ 3.30GHz",16,8192,"N=8192",2,1.965883,1.965883,1.965883,339.268480,342.506817,3.238337,1.712534e+02,174.225441,1.557541e-10,982.941455,982.941455,2.199023e+12,1118.59,8.053064e+08,174.23,above,,,,3177,2910,,100,99,100,,-1,-1,-1.000000,-1,t
cpu-gpu-v2,2026-07-19T11:15:44,"20260719_085511_session4",629,629,9,"GEMM","openblas_sgemm",cpu_native,"Intel(R) Core(TM) i9-7900X CPU @ 3.30GHz",16,8192,"N=8192",2,1.977992,1.977992,1.977992,338.443591,341.687084,3.243493,1.708435e+02,172.744400,1.553813e-10,988.996125,988.996125,2.199023e+12,1111.75,8.053064e+08,172.74,above,,,,3106,3013,,100,100,100,,-1,-1,-1.000000,-1,t
cpu-gpu-v2,2026-07-19T11:15:46,"20260719_085511_session4",630,630,10,"GEMM","openblas_sgemm",cpu_native,"Intel(R) Core(TM) i9-7900X CPU @ 3.30GHz",16,8192,"N=8192",2,1.969273,1.969273,1.969273,338.951220,342.232198,3.280978,1.711161e+02,173.786043,1.556292e-10,984.636601,984.636601,2.199023e+12,1116.67,8.053064e+08,173.79,above,,,,2980,3009,,100,100,99,,-1,-1,-1.000000,-1,t
