schema_version,timestamp,session_id,sequence_index,run_id_global,repetition,workload,implementation,execution_mode,device_name,num_threads,problem_size,problem_spec,batches,e2e_time_s,kernel_time_s,wall_time_s,device_energy_j,total_energy_j,dram_energy_j,energy_per_op_j,energy_per_second_j,energy_per_flop_j,time_per_op_ms_kernel,time_per_op_ms_e2e,flops_total,gflops_per_s,logical_bytes_per_op,avg_power_w,runtime_status,pcie_gen,pcie_width,sm_clock_mhz,clock_before_mhz,clock_after_mhz,mem_clock_mhz,temp_c,temp_before_c,temp_after_c,throttle_reasons,cpu_cycles,cpu_instructions,cpu_ipc,cpu_cache_misses,checksum_ok
cpu-gpu-v2,2026-07-19T10:05:21,"20260719_085511_session3",1,1,1,"GEMM","openblas_sgemm",cpu_native,"Intel(R) Core(TM) i9-7900X CPU @ 3.30GHz",16,4096,"N=4096",8,1.070954,1.070954,1.070954,171.214894,172.907946,1.693052,2.161349e+01,161.452275,1.572589e-10,133.869240,133.869240,1.099512e+12,1026.67,2.013266e+08,161.45,in_range,,,,3171,3019,,86,84,86,,-1,-1,-1.000000,-1,t
cpu-gpu-v2,2026-07-19T10:05:22,"20260719_085511_session3",2,2,2,"GEMM","openblas_sgemm",cpu_native,"Intel(R) Core(TM) i9-7900X CPU @ 3.30GHz",16,4096,"N=4096",8,1.080547,1.080547,1.080547,172.580674,174.304143,1.723469,2.178802e+01,161.310956,1.585287e-10,135.068432,135.068432,1.099512e+12,1017.55,2.013266e+08,161.31,in_range,,,,3432,3154,,87,86,87,,-1,-1,-1.000000,-1,t
cpu-gpu-v2,2026-07-19T10:05:23,"20260719_085511_session3",3,3,3,"GEMM","openblas_sgemm",cpu_native,"Intel(R) Core(TM) i9-7900X CPU @ 3.30GHz",16,4096,"N=4096",8,1.080494,1.080494,1.080494,172.858749,174.602076,1.743327,2.182526e+01,161.594743,1.587997e-10,135.061692,135.061692,1.099512e+12,1017.60,2.013266e+08,161.59,in_range,,,,3552,3178,,87,87,87,,-1,-1,-1.000000,-1,t
cpu-gpu-v2,2026-07-19T10:05:24,"20260719_085511_session3",4,4,4,"GEMM","openblas_sgemm",cpu_native,"Intel(R) Core(TM) i9-7900X CPU @ 3.30GHz",16,4096,"N=4096",8,1.078118,1.078118,1.078118,172.687851,174.409622,1.721771,2.180120e+01,161.772254,1.586246e-10,134.764783,134.764783,1.099512e+12,1019.84,2.013266e+08,161.77,in_range,,,,3440,3219,,87,87,87,,-1,-1,-1.000000,-1,t
cpu-gpu-v2,2026-07-19T10:05:25,"20260719_085511_session3",5,5,5,"GEMM","openblas_sgemm",cpu_native,"Intel(R) Core(TM) i9-7900X CPU @ 3.30GHz",16,4096,"N=4096",8,1.079849,1.079849,1.079849,173.006149,174.713889,1.707740,2.183924e+01,161.794744,1.589014e-10,134.981122,134.981122,1.099512e+12,1018.21,2.013266e+08,161.79,in_range,,,,3439,3344,,87,87,87,,-1,-1,-1.000000,-1,t
cpu-gpu-v2,2026-07-19T10:05:26,"20260719_085511_session3",6,6,6,"GEMM","openblas_sgemm",cpu_native,"Intel(R) Core(TM) i9-7900X CPU @ 3.30GHz",16,4096,"N=4096",8,1.078510,1.078510,1.078510,172.905258,174.625590,1.720332,2.182820e+01,161.913797,1.588210e-10,134.813705,134.813705,1.099512e+12,1019.47,2.013266e+08,161.91,in_range,,,,3564,3032,,87,87,86,,-1,-1,-1.000000,-1,t
cpu-gpu-v2,2026-07-19T10:05:27,"20260719_085511_session3",7,7,7,"GEMM","openblas_sgemm",cpu_native,"Intel(R) Core(TM) i9-7900X CPU @ 3.30GHz",16,4096,"N=4096",8,1.076453,1.076453,1.076453,172.713425,174.440459,1.727034,2.180506e+01,162.051151,1.586527e-10,134.556634,134.556634,1.099512e+12,1021.42,2.013266e+08,162.05,in_range,,,,3399,3019,,86,86,85,,-1,-1,-1.000000,-1,t
cpu-gpu-v2,2026-07-19T10:05:29,"20260719_085511_session3",8,8,8,"GEMM","openblas_sgemm",cpu_native,"Intel(R) Core(TM) i9-7900X CPU @ 3.30GHz",16,4096,"N=4096",8,1.074086,1.074086,1.074086,172.546861,174.259818,1.712957,2.178248e+01,162.240168,1.584884e-10,134.260693,134.260693,1.099512e+12,1023.67,2.013266e+08,162.24,in_range,,,,3439,3019,,86,85,86,,-1,-1,-1.000000,-1,t
cpu-gpu-v2,2026-07-19T10:05:30,"20260719_085511_session3",9,9,9,"GEMM","openblas_sgemm",cpu_native,"Intel(R) Core(TM) i9-7900X CPU @ 3.30GHz",16,4096,"N=4096",8,1.075466,1.075466,1.075466,172.770066,174.501414,1.731348,2.181268e+01,162.256613,1.587081e-10,134.433206,134.433206,1.099512e+12,1022.36,2.013266e+08,162.26,in_range,,,,3440,3147,,87,86,87,,-1,-1,-1.000000,-1,t
cpu-gpu-v2,2026-07-19T10:05:31,"20260719_085511_session3",10,10,10,"GEMM","openblas_sgemm",cpu_native,"Intel(R) Core(TM) i9-7900X CPU @ 3.30GHz",16,4096,"N=4096",8,1.084890,1.084890,1.084890,174.574321,176.298921,1.724600,2.203737e+01,162.504021,1.603429e-10,135.611199,135.611199,1.099512e+12,1013.48,2.013266e+08,162.50,in_range,,,,3429,3324,,88,87,88,,-1,-1,-1.000000,-1,t
cpu-gpu-v2,2026-07-19T10:05:34,"20260719_085511_session3",11,11,1,"GEMM","openblas_sgemm",cpu_native,"Intel(R) Core(TM) i9-7900X CPU @ 3.30GHz",4,64,"N=64",450375,1.012942,1.012942,1.012942,51.903492,51.903492,0.000000,1.152451e-04,51.240336,2.198125e-10,0.002249,0.002249,2.361262e+11,233.11,4.915200e+04,51.24,in_range,,,,1340,1339,,86,85,86,,-1,-1,-1.000000,-1,t
cpu-gpu-v2,2026-07-19T10:05:35,"20260719_085511_session3",12,12,2,"GEMM","openblas_sgemm",cpu_native,"Intel(R) Core(TM) i9-7900X CPU @ 3.30GHz",4,64,"N=64",450375,0.999090,0.999090,0.999090,51.203360,51.203360,0.000000,1.136905e-04,51.249988,2.168474e-10,0.002218,0.002218,2.361262e+11,236.34,4.915200e+04,51.25,in_range,,,,1341,1339,,86,86,79,,-1,-1,-1.000000,-1,t
cpu-gpu-v2,2026-07-19T10:05:36,"20260719_085511_session3",13,13,3,"GEMM","openblas_sgemm",cpu_native,"Intel(R) Core(TM) i9-7900X CPU @ 3.30GHz",4,64,"N=64",450375,0.996788,0.996788,0.996788,51.075004,51.075004,0.000000,1.134055e-04,51.239592,2.163038e-10,0.002213,0.002213,2.361262e+11,236.89,4.915200e+04,51.24,in_range,,,,1295,1505,,79,79,79,,-1,-1,-1.000000,-1,t
cpu-gpu-v2,2026-07-19T10:05:37,"20260719_085511_session3",14,14,4,"GEMM","openblas_sgemm",cpu_native,"Intel(R) Core(TM) i9-7900X CPU @ 3.30GHz",4,64,"N=64",450375,1.003460,1.003460,1.003460,51.069633,51.069633,0.000000,1.133936e-04,50.893524,2.162811e-10,0.002228,0.002228,2.361262e+11,235.31,4.915200e+04,50.89,in_range,,,,1307,1493,,86,79,86,,-1,-1,-1.000000,-1,t
cpu-gpu-v2,2026-07-19T10:05:38,"20260719_085511_session3",15,15,5,"GEMM","openblas_sgemm",cpu_native,"Intel(R) Core(TM) i9-7900X CPU @ 3.30GHz",4,64,"N=64",450375,1.014948,1.014948,1.014948,51.490408,51.490408,0.000000,1.143279e-04,50.732077,2.180631e-10,0.002254,0.002254,2.361262e+11,232.65,4.915200e+04,50.73,in_range,,,,1530,1339,,86,86,85,,-1,-1,-1.000000,-1,t
cpu-gpu-v2,2026-07-19T10:05:39,"20260719_085511_session3",16,16,6,"GEMM","openblas_sgemm",cpu_native,"Intel(R) Core(TM) i9-7900X CPU @ 3.30GHz",4,64,"N=64",450375,1.019595,1.019595,1.019595,51.912282,51.912282,0.000000,1.152646e-04,50.914600,2.198497e-10,0.002264,0.002264,2.361262e+11,231.59,4.915200e+04,50.91,in_range,,,,1513,1322,,85,85,84,,-1,-1,-1.000000,-1,t
cpu-gpu-v2,2026-07-19T10:05:40,"20260719_085511_session3",17,17,7,"GEMM","openblas_sgemm",cpu_native,"Intel(R) Core(TM) i9-7900X CPU @ 3.30GHz",4,64,"N=64",450375,0.999130,0.999130,0.999130,50.510551,50.510551,0.000000,1.121522e-04,50.554550,2.139134e-10,0.002218,0.002218,2.361262e+11,236.33,4.915200e+04,50.55,in_range,,,,1352,1339,,85,84,85,,-1,-1,-1.000000,-1,t
cpu-gpu-v2,2026-07-19T10:05:41,"20260719_085511_session3",18,18,8,"GEMM","openblas_sgemm",cpu_native,"Intel(R) Core(TM) i9-7900X CPU @ 3.30GHz",4,64,"N=64",450375,1.004562,1.004562,1.004562,50.790397,50.790397,0.000000,1.127736e-04,50.559746,2.150985e-10,0.002231,0.002231,2.361262e+11,235.05,4.915200e+04,50.56,in_range,,,,1249,1340,,85,85,84,,-1,-1,-1.000000,-1,t
cpu-gpu-v2,2026-07-19T10:05:42,"20260719_085511_session3",19,19,9,"GEMM","openblas_sgemm",cpu_native,"Intel(R) Core(TM) i9-7900X CPU @ 3.30GHz",4,64,"N=64",450375,0.996183,0.996183,0.996183,52.009938,52.009938,0.000000,1.154814e-04,52.209210,2.202633e-10,0.002212,0.002212,2.361262e+11,237.03,4.915200e+04,52.21,in_range,,,,1473,1495,,84,84,84,,-1,-1,-1.000000,-1,t
cpu-gpu-v2,2026-07-19T10:05:43,"20260719_085511_session3",20,20,10,"GEMM","openblas_sgemm",cpu_native,"Intel(R) Core(TM) i9-7900X CPU @ 3.30GHz",4,64,"N=64",450375,1.010110,1.010110,1.010110,52.576525,52.576525,0.000000,1.167394e-04,52.050309,2.226628e-10,0.002243,0.002243,2.361262e+11,233.76,4.915200e+04,52.05,in_range,,,,1428,1449,,85,81,85,,-1,-1,-1.000000,-1,t
cpu-gpu-v2,2026-07-19T10:05:47,"20260719_085511_session3",21,21,1,"GEMM","openblas_sgemm",cpu_native,"Intel(R) Core(TM) i9-7900X CPU @ 3.30GHz",8,256,"N=256",25551,1.004994,1.004994,1.004994,127.513468,127.513468,0.000000,4.990547e-03,126.879887,1.487299e-10,0.039333,0.039333,8.573493e+11,853.09,7.864320e+05,126.88,in_range,,,,2041,2040,,80,80,80,,-1,-1,-1.000000,-1,t
cpu-gpu-v2,2026-07-19T10:05:48,"20260719_085511_session3",22,22,2,"GEMM","openblas_sgemm",cpu_native,"Intel(R) Core(TM) i9-7900X CPU @ 3.30GHz",8,256,"N=256",25551,1.001554,1.001554,1.001554,126.922099,126.922099,0.000000,4.967402e-03,126.725189,1.480401e-10,0.039198,0.039198,8.573493e+11,856.02,7.864320e+05,126.73,in_range,,,,2171,2041,,81,80,81,,-1,-1,-1.000000,-1,t
cpu-gpu-v2,2026-07-19T10:05:49,"20260719_085511_session3",23,23,3,"GEMM","openblas_sgemm",cpu_native,"Intel(R) Core(TM) i9-7900X CPU @ 3.30GHz",8,256,"N=256",25551,1.003544,1.003544,1.003544,126.367719,126.367719,0.000000,4.945705e-03,125.921393,1.473935e-10,0.039276,0.039276,8.573493e+11,854.32,7.864320e+05,125.92,in_range,,,,2319,2039,,81,81,81,,-1,-1,-1.000000,-1,t
cpu-gpu-v2,2026-07-19T10:05:50,"20260719_085511_session3",24,24,4,"GEMM","openblas_sgemm",cpu_native,"Intel(R) Core(TM) i9-7900X CPU @ 3.30GHz",8,256,"N=256",25551,0.981737,0.981737,0.981737,128.299965,128.299965,0.000000,5.021329e-03,130.686743,1.496473e-10,0.038423,0.038423,8.573493e+11,873.30,7.864320e+05,130.69,in_range,,,,2460,2120,,81,81,81,,-1,-1,-1.000000,-1,t
cpu-gpu-v2,2026-07-19T10:05:51,"20260719_085511_session3",25,25,5,"GEMM","openblas_sgemm",cpu_native,"Intel(R) Core(TM) i9-7900X CPU @ 3.30GHz",8,256,"N=256",25551,0.995148,0.995148,0.995148,131.319854,131.319854,0.000000,5.139519e-03,131.960089,1.531696e-10,0.038948,0.038948,8.573493e+11,861.53,7.864320e+05,131.96,in_range,,,,2320,2235,,82,81,82,,-1,-1,-1.000000,-1,t
cpu-gpu-v2,2026-07-19T10:05:51,"20260719_085511_session3",26,26,6,"GEMM","openblas_sgemm",cpu_native,"Intel(R) Core(TM) i9-7900X CPU @ 3.30GHz",8,256,"N=256",25551,0.969693,0.969693,0.969693,129.379368,129.379368,0.000000,5.063574e-03,133.422970,1.509063e-10,0.037951,0.037951,8.573493e+11,884.14,7.864320e+05,133.42,in_range,,,,2274,2120,,82,82,82,,-1,-1,-1.000000,-1,t
cpu-gpu-v2,2026-07-19T10:05:52,"20260719_085511_session3",27,27,7,"GEMM","openblas_sgemm",cpu_native,"Intel(R) Core(TM) i9-7900X CPU @ 3.30GHz",8,256,"N=256",25551,0.979124,0.979124,0.979124,130.104648,130.104648,0.000000,5.091959e-03,132.878676,1.517522e-10,0.038320,0.038320,8.573493e+11,875.63,7.864320e+05,132.88,in_range,,,,2459,2235,,84,82,84,,-1,-1,-1.000000,-1,t
cpu-gpu-v2,2026-07-19T10:05:53,"20260719_085511_session3",28,28,8,"GEMM","openblas_sgemm",cpu_native,"Intel(R) Core(TM) i9-7900X CPU @ 3.30GHz",8,256,"N=256",25551,1.003052,1.003052,1.003052,132.089140,132.089140,0.000000,5.169627e-03,131.687209,1.540669e-10,0.039257,0.039257,8.573493e+11,854.74,7.864320e+05,131.69,in_range,,,,2286,2235,,84,84,82,,-1,-1,-1.000000,-1,t
cpu-gpu-v2,2026-07-19T10:05:54,"20260719_085511_session3",29,29,9,"GEMM","openblas_sgemm",cpu_native,"Intel(R) Core(TM) i9-7900X CPU @ 3.30GHz",8,256,"N=256",25551,0.973301,0.973301,0.973301,129.548802,129.548802,0.000000,5.070205e-03,133.102540,1.511039e-10,0.038092,0.038092,8.573493e+11,880.87,7.864320e+05,133.10,in_range,,,,2216,2094,,82,82,82,,-1,-1,-1.000000,-1,t
cpu-gpu-v2,2026-07-19T10:05:55,"20260719_085511_session3",30,30,10,"GEMM","openblas_sgemm",cpu_native,"Intel(R) Core(TM) i9-7900X CPU @ 3.30GHz",8,256,"N=256",25551,1.002097,1.002097,1.002097,132.173856,132.173856,0.000000,5.172943e-03,131.897296,1.541657e-10,0.039219,0.039219,8.573493e+11,855.56,7.864320e+05,131.90,in_range,,,,2102,2156,,82,82,82,,-1,-1,-1.000000,-1,t
cpu-gpu-v2,2026-07-19T10:06:04,"20260719_085511_session3",31,31,1,"GEMM","openblas_sgemm",cpu_native,"Intel(R) Core(TM) i9-7900X CPU @ 3.30GHz",2,8192,"N=8192",1,2.659376,2.659376,2.659376,207.062886,207.723387,0.660501,2.077234e+02,78.109809,1.889233e-10,2659.376462,2659.376462,1.099512e+12,413.45,8.053064e+08,78.11,above,,,,1619,1620,,87,87,86,,-1,-1,-1.000000,-1,t
cpu-gpu-v2,2026-07-19T10:06:07,"20260719_085511_session3",32,32,2,"GEMM","openblas_sgemm",cpu_native,"Intel(R) Core(TM) i9-7900X CPU @ 3.30GHz",2,8192,"N=8192",1,2.654360,2.654360,2.654360,208.296646,208.985269,0.688623,2.089853e+02,78.732835,1.900710e-10,2654.359773,2654.359773,1.099512e+12,414.23,8.053064e+08,78.73,above,,,,1621,1620,,87,86,87,,-1,-1,-1.000000,-1,t
cpu-gpu-v2,2026-07-19T10:06:10,"20260719_085511_session3",33,33,3,"GEMM","openblas_sgemm",cpu_native,"Intel(R) Core(TM) i9-7900X CPU @ 3.30GHz",2,8192,"N=8192",1,2.659648,2.659648,2.659648,207.440082,208.084732,0.644650,2.080847e+02,78.237693,1.892520e-10,2659.648094,2659.648094,1.099512e+12,413.40,8.053064e+08,78.24,above,,,,1635,1648,,88,87,88,,-1,-1,-1.000000,-1,t
cpu-gpu-v2,2026-07-19T10:06:12,"20260719_085511_session3",34,34,4,"GEMM","openblas_sgemm",cpu_native,"Intel(R) Core(TM) i9-7900X CPU @ 3.30GHz",2,8192,"N=8192",1,2.571029,2.571029,2.571029,216.567072,217.260682,0.693610,2.172607e+02,84.503408,1.975974e-10,2571.028636,2571.028636,1.099512e+12,427.65,8.053064e+08,84.50,above,,,,1771,1643,,94,88,94,,-1,-1,-1.000000,-1,t
cpu-gpu-v2,2026-07-19T10:06:15,"20260719_085511_session3",35,35,5,"GEMM","openblas_sgemm",cpu_native,"Intel(R) Core(TM) i9-7900X CPU @ 3.30GHz",2,8192,"N=8192",1,2.650815,2.650815,2.650815,209.537183,210.208563,0.671380,2.102086e+02,79.299587,1.911836e-10,2650.815366,2650.815366,1.099512e+12,414.78,8.053064e+08,79.30,above,,,,1629,1600,,94,94,87,,-1,-1,-1.000000,-1,t
cpu-gpu-v2,2026-07-19T10:06:17,"20260719_085511_session3",36,36,6,"GEMM","openblas_sgemm",cpu_native,"Intel(R) Core(TM) i9-7900X CPU @ 3.30GHz",2,8192,"N=8192",1,2.655394,2.655394,2.655394,207.370807,208.002957,0.632150,2.080030e+02,78.332253,1.891776e-10,2655.393506,2655.393506,1.099512e+12,414.07,8.053064e+08,78.33,above,,,,1615,1620,,88,87,88,,-1,-1,-1.000000,-1,t
cpu-gpu-v2,2026-07-19T10:06:20,"20260719_085511_session3",37,37,7,"GEMM","openblas_sgemm",cpu_native,"Intel(R) Core(TM) i9-7900X CPU @ 3.30GHz",2,8192,"N=8192",1,2.652699,2.652699,2.652699,206.985188,207.647831,0.662643,2.076478e+02,78.277937,1.888546e-10,2652.699331,2652.699331,1.099512e+12,414.49,8.053064e+08,78.28,above,,,,1780,1502,,89,88,89,,-1,-1,-1.000000,-1,t
cpu-gpu-v2,2026-07-19T10:06:23,"20260719_085511_session3",38,38,8,"GEMM","openblas_sgemm",cpu_native,"Intel(R) Core(TM) i9-7900X CPU @ 3.30GHz",2,8192,"N=8192",1,2.650027,2.650027,2.650027,208.635757,209.315827,0.680070,2.093158e+02,78.986302,1.903716e-10,2650.026937,2650.026937,1.099512e+12,414.91,8.053064e+08,78.99,above,,,,1490,1620,,89,89,87,,-1,-1,-1.000000,-1,t
cpu-gpu-v2,2026-07-19T10:06:25,"20260719_085511_session3",39,39,9,"GEMM","openblas_sgemm",cpu_native,"Intel(R) Core(TM) i9-7900X CPU @ 3.30GHz",2,8192,"N=8192",1,2.633827,2.633827,2.633827,208.459793,209.152852,0.693059,2.091529e+02,79.410245,1.902234e-10,2633.827050,2633.827050,1.099512e+12,417.46,8.053064e+08,79.41,above,,,,1623,1760,,87,87,87,,-1,-1,-1.000000,-1,t
cpu-gpu-v2,2026-07-19T10:06:28,"20260719_085511_session3",40,40,10,"GEMM","openblas_sgemm",cpu_native,"Intel(R) Core(TM) i9-7900X CPU @ 3.30GHz",2,8192,"N=8192",1,2.623508,2.623508,2.623508,211.345956,211.981656,0.635700,2.119817e+02,80.800829,1.927962e-10,2623.508430,2623.508430,1.099512e+12,419.10,8.053064e+08,80.80,above,,,,1760,1609,,88,87,88,,-1,-1,-1.000000,-1,t
cpu-gpu-v2,2026-07-19T10:06:35,"20260719_085511_session3",41,41,1,"GEMM","openblas_sgemm",cpu_native,"Intel(R) Core(TM) i9-7900X CPU @ 3.30GHz",16,8192,"N=8192",2,1.932034,1.932034,1.932034,328.068191,331.278254,3.210063,1.656391e+02,171.466099,1.506479e-10,966.016772,966.016772,2.199023e+12,1138.19,8.053064e+08,171.47,above,,,,3370,3370,,95,95,94,,-1,-1,-1.000000,-1,t
cpu-gpu-v2,2026-07-19T10:06:37,"20260719_085511_session3",42,42,2,"GEMM","openblas_sgemm",cpu_native,"Intel(R) Core(TM) i9-7900X CPU @ 3.30GHz",16,8192,"N=8192",2,1.933346,1.933346,1.933346,328.547438,331.779639,3.232201,1.658898e+02,171.609072,1.508759e-10,966.672787,966.672787,2.199023e+12,1137.42,8.053064e+08,171.61,above,,,,3557,3369,,94,94,94,,-1,-1,-1.000000,-1,t
cpu-gpu-v2,2026-07-19T10:06:39,"20260719_085511_session3",43,43,3,"GEMM","openblas_sgemm",cpu_native,"Intel(R) Core(TM) i9-7900X CPU @ 3.30GHz",16,8192,"N=8192",2,1.945051,1.945051,1.945051,330.489022,333.665486,3.176464,1.668327e+02,171.545880,1.517335e-10,972.525504,972.525504,2.199023e+12,1130.57,8.053064e+08,171.55,above,,,,3439,3370,,96,94,96,,-1,-1,-1.000000,-1,t
cpu-gpu-v2,2026-07-19T10:06:41,"20260719_085511_session3",44,44,4,"GEMM","openblas_sgemm",cpu_native,"Intel(R) Core(TM) i9-7900X CPU @ 3.30GHz",16,8192,"N=8192",2,1.938201,1.938201,1.938201,329.926890,333.126916,3.200026,1.665635e+02,171.874320,1.514886e-10,969.100315,969.100315,2.199023e+12,1134.57,8.053064e+08,171.87,above,,,,3403,3435,,96,96,94,,-1,-1,-1.000000,-1,t
cpu-gpu-v2,2026-07-19T10:06:42,"20260719_085511_session3",45,45,5,"GEMM","openblas_sgemm",cpu_native,"Intel(R) Core(TM) i9-7900X CPU @ 3.30GHz",16,8192,"N=8192",2,1.943795,1.943795,1.943795,331.591315,334.735511,3.144196,1.673678e+02,172.207217,1.522201e-10,971.897451,971.897451,2.199023e+12,1131.30,8.053064e+08,172.21,above,,,,3552,3369,,97,94,97,,-1,-1,-1.000000,-1,t
cpu-gpu-v2,2026-07-19T10:06:44,"20260719_085511_session3",46,46,6,"GEMM","openblas_sgemm",cpu_native,"Intel(R) Core(TM) i9-7900X CPU @ 3.30GHz",16,8192,"N=8192",2,1.934230,1.934230,1.934230,330.083139,333.216824,3.133685,1.666084e+02,172.273608,1.515295e-10,967.115127,967.115127,2.199023e+12,1136.90,8.053064e+08,172.27,above,,,,3525,3370,,97,97,94,,-1,-1,-1.000000,-1,t
cpu-gpu-v2,2026-07-19T10:06:46,"20260719_085511_session3",47,47,7,"GEMM","openblas_sgemm",cpu_native,"Intel(R) Core(TM) i9-7900X CPU @ 3.30GHz",16,8192,"N=8192",2,1.947955,1.947955,1.947955,332.913760,336.095319,3.181559,1.680477e+02,172.537495,1.528385e-10,973.977622,973.977622,2.199023e+12,1128.89,8.053064e+08,172.54,above,,,,3374,3510,,97,94,97,,-1,-1,-1.000000,-1,t
cpu-gpu-v2,2026-07-19T10:06:48,"20260719_085511_session3",48,48,8,"GEMM","openblas_sgemm",cpu_native,"Intel(R) Core(TM) i9-7900X CPU @ 3.30GHz",16,8192,"N=8192",2,1.936242,1.936242,1.936242,331.063910,334.251772,3.187862,1.671259e+02,172.629120,1.520001e-10,968.121054,968.121054,2.199023e+12,1135.72,8.053064e+08,172.63,above,,,,3562,3446,,97,97,95,,-1,-1,-1.000000,-1,t
cpu-gpu-v2,2026-07-19T10:06:50,"20260719_085511_session3",49,49,9,"GEMM","openblas_sgemm",cpu_native,"Intel(R) Core(TM) i9-7900X CPU @ 3.30GHz",16,8192,"N=8192",2,1.937667,1.937667,1.937667,331.987736,335.124542,3.136806,1.675623e+02,172.952589,1.523970e-10,968.833554,968.833554,2.199023e+12,1134.88,8.053064e+08,172.95,above,,,,3579,3369,,95,95,95,,-1,-1,-1.000000,-1,t
cpu-gpu-v2,2026-07-19T10:06:52,"20260719_085511_session3",50,50,10,"GEMM","openblas_sgemm",cpu_native,"Intel(R) Core(TM) i9-7900X CPU @ 3.30GHz",16,8192,"N=8192",2,1.928979,1.928979,1.928979,330.675301,333.788713,3.113412,1.668944e+02,173.039100,1.517895e-10,964.489277,964.489277,2.199023e+12,1139.99,8.053064e+08,173.04,above,,,,3553,3300,,95,95,94,,-1,-1,-1.000000,-1,t
cpu-gpu-v2,2026-07-19T10:06:55,"20260719_085511_session3",51,51,1,"GEMM","openblas_sgemm",cpu_native,"Intel(R) Core(TM) i9-7900X CPU @ 3.30GHz",4,4096,"N=4096",6,1.132873,1.132873,1.132873,120.108213,120.949392,0.841179,2.015823e+01,106.763418,1.466704e-10,188.812165,188.812165,8.246337e+11,727.91,2.013266e+08,106.76,in_range,,,,1746,1850,,92,92,86,,-1,-1,-1.000000,-1,t
cpu-gpu-v2,2026-07-19T10:06:56,"20260719_085511_session3",52,52,2,"GEMM","openblas_sgemm",cpu_native,"Intel(R) Core(TM) i9-7900X CPU @ 3.30GHz",4,4096,"N=4096",6,1.144476,1.144476,1.144476,117.168828,118.020349,0.851521,1.967006e+01,103.121771,1.431185e-10,190.745931,190.745931,8.246337e+11,720.53,2.013266e+08,103.12,in_range,,,,1892,1833,,86,86,86,,-1,-1,-1.000000,-1,t
cpu-gpu-v2,2026-07-19T10:06:57,"20260719_085511_session3",53,53,3,"GEMM","openblas_sgemm",cpu_native,"Intel(R) Core(TM) i9-7900X CPU @ 3.30GHz",4,4096,"N=4096",6,1.151145,1.151145,1.151145,115.543161,116.402348,0.859187,1.940039e+01,101.118782,1.411564e-10,191.857446,191.857446,8.246337e+11,716.36,2.013266e+08,101.12,in_range,,,,1882,1854,,86,86,85,,-1,-1,-1.000000,-1,t
cpu-gpu-v2,2026-07-19T10:06:59,"20260719_085511_session3",54,54,4,"GEMM","openblas_sgemm",cpu_native,"Intel(R) Core(TM) i9-7900X CPU @ 3.30GHz",4,4096,"N=4096",6,1.149403,1.149403,1.149403,115.706674,116.575087,0.868413,1.942918e+01,101.422283,1.413659e-10,191.567184,191.567184,8.246337e+11,717.45,2.013266e+08,101.42,in_range,,,,1877,1850,,86,85,86,,-1,-1,-1.000000,-1,t
cpu-gpu-v2,2026-07-19T10:07:00,"20260719_085511_session3",55,55,5,"GEMM","openblas_sgemm",cpu_native,"Intel(R) Core(TM) i9-7900X CPU @ 3.30GHz",4,4096,"N=4096",6,1.145228,1.145228,1.145228,117.394841,118.244603,0.849762,1.970743e+01,103.249835,1.433905e-10,190.871335,190.871335,8.246337e+11,720.06,2.013266e+08,103.25,in_range,,,,1893,1850,,86,86,86,,-1,-1,-1.000000,-1,t
cpu-gpu-v2,2026-07-19T10:07:01,"20260719_085511_session3",56,56,6,"GEMM","openblas_sgemm",cpu_native,"Intel(R) Core(TM) i9-7900X CPU @ 3.30GHz",4,4096,"N=4096",6,1.144981,1.144981,1.144981,117.358464,118.203865,0.845401,1.970064e+01,103.236500,1.433411e-10,190.830221,190.830221,8.246337e+11,720.22,2.013266e+08,103.24,in_range,,,,1877,1833,,86,86,86,,-1,-1,-1.000000,-1,t
cpu-gpu-v2,2026-07-19T10:07:02,"20260719_085511_session3",57,57,7,"GEMM","openblas_sgemm",cpu_native,"Intel(R) Core(TM) i9-7900X CPU @ 3.30GHz",4,4096,"N=4096",6,1.128973,1.128973,1.128973,117.077093,117.916329,0.839236,1.965272e+01,104.445698,1.429924e-10,188.162097,188.162097,8.246337e+11,730.43,2.013266e+08,104.45,in_range,,,,1997,1790,,86,86,86,,-1,-1,-1.000000,-1,t
cpu-gpu-v2,2026-07-19T10:07:03,"20260719_085511_session3",58,58,8,"GEMM","openblas_sgemm",cpu_native,"Intel(R) Core(TM) i9-7900X CPU @ 3.30GHz",4,4096,"N=4096",6,1.092630,1.092630,1.092630,124.977219,125.841240,0.864021,2.097354e+01,115.172742,1.526026e-10,182.105067,182.105067,8.246337e+11,754.72,2.013266e+08,115.17,in_range,,,,1885,1880,,92,86,92,,-1,-1,-1.000000,-1,t
cpu-gpu-v2,2026-07-19T10:07:04,"20260719_085511_session3",59,59,9,"GEMM","openblas_sgemm",cpu_native,"Intel(R) Core(TM) i9-7900X CPU @ 3.30GHz",4,4096,"N=4096",6,1.083412,1.083412,1.083412,128.391700,129.255140,0.863440,2.154252e+01,119.303738,1.567425e-10,180.568721,180.568721,8.246337e+11,761.14,2.013266e+08,119.30,in_range,,,,1888,1874,,93,92,93,,-1,-1,-1.000000,-1,t
cpu-gpu-v2,2026-07-19T10:07:05,"20260719_085511_session3",60,60,10,"GEMM","openblas_sgemm",cpu_native,"Intel(R) Core(TM) i9-7900X CPU @ 3.30GHz",4,4096,"N=4096",6,1.086020,1.086020,1.086020,127.265848,128.150586,0.884738,2.135843e+01,118.000240,1.554030e-10,181.003284,181.003284,8.246337e+11,759.32,2.013266e+08,118.00,in_range,,,,1886,1880,,93,93,92,,-1,-1,-1.000000,-1,t
cpu-gpu-v2,2026-07-19T10:07:09,"20260719_085511_session3",61,61,1,"GEMM","openblas_sgemm",cpu_native,"Intel(R) Core(TM) i9-7900X CPU @ 3.30GHz",20,64,"N=64",449621,1.007753,1.007753,1.007753,51.558034,51.558034,0.000000,1.146700e-04,51.161390,2.187156e-10,0.002241,0.002241,2.357309e+11,233.92,4.915200e+04,51.16,in_range,,,,1340,1339,,95,95,95,,-1,-1,-1.000000,-1,t
cpu-gpu-v2,2026-07-19T10:07:10,"20260719_085511_session3",62,62,2,"GEMM","openblas_sgemm",cpu_native,"Intel(R) Core(TM) i9-7900X CPU @ 3.30GHz",20,64,"N=64",449621,1.011213,1.011213,1.011213,52.861010,52.861010,0.000000,1.175679e-04,52.274870,2.242430e-10,0.002249,0.002249,2.357309e+11,233.12,4.915200e+04,52.27,in_range,,,,1236,1339,,95,95,90,,-1,-1,-1.000000,-1,t
cpu-gpu-v2,2026-07-19T10:07:11,"20260719_085511_session3",63,63,3,"GEMM","openblas_sgemm",cpu_native,"Intel(R) Core(TM) i9-7900X CPU @ 3.30GHz",20,64,"N=64",449621,1.014304,1.014304,1.014304,53.805405,53.805405,0.000000,1.196684e-04,53.046618,2.282493e-10,0.002256,0.002256,2.357309e+11,232.41,4.915200e+04,53.05,in_range,,,,1496,1340,,91,90,91,,-1,-1,-1.000000,-1,t
cpu-gpu-v2,2026-07-19T10:07:12,"20260719_085511_session3",64,64,4,"GEMM","openblas_sgemm",cpu_native,"Intel(R) Core(TM) i9-7900X CPU @ 3.30GHz",20,64,"N=64",449621,0.995416,0.995416,0.995416,52.673754,52.673754,0.000000,1.171515e-04,52.916306,2.234487e-10,0.002214,0.002214,2.357309e+11,236.82,4.915200e+04,52.92,in_range,,,,1335,1340,,91,91,91,,-1,-1,-1.000000,-1,t
cpu-gpu-v2,2026-07-19T10:07:13,"20260719_085511_session3",65,65,5,"GEMM","openblas_sgemm",cpu_native,"Intel(R) Core(TM) i9-7900X CPU @ 3.30GHz",20,64,"N=64",449621,1.006734,1.006734,1.006734,52.196339,52.196339,0.000000,1.160896e-04,51.847176,2.214234e-10,0.002239,0.002239,2.357309e+11,234.15,4.915200e+04,51.85,in_range,,,,1519,1340,,90,89,90,,-1,-1,-1.000000,-1,t
cpu-gpu-v2,2026-07-19T10:07:14,"20260719_085511_session3",66,66,6,"GEMM","openblas_sgemm",cpu_native,"Intel(R) Core(TM) i9-7900X CPU @ 3.30GHz",20,64,"N=64",449621,1.015751,1.015751,1.015751,54.274946,54.274946,0.000000,1.207127e-04,53.433325,2.302411e-10,0.002259,0.002259,2.357309e+11,232.08,4.915200e+04,53.43,in_range,,,,1316,1340,,90,90,90,,-1,-1,-1.000000,-1,t
cpu-gpu-v2,2026-07-19T10:07:15,"20260719_085511_session3",67,67,7,"GEMM","openblas_sgemm",cpu_native,"Intel(R) Core(TM) i9-7900X CPU @ 3.30GHz",20,64,"N=64",449621,1.018225,1.018225,1.018225,53.977828,53.977828,0.000000,1.200518e-04,53.011679,2.289807e-10,0.002265,0.002265,2.357309e+11,231.51,4.915200e+04,53.01,in_range,,,,1753,1340,,90,90,89,,-1,-1,-1.000000,-1,t
cpu-gpu-v2,2026-07-19T10:07:16,"20260719_085511_session3",68,68,8,"GEMM","openblas_sgemm",cpu_native,"Intel(R) Core(TM) i9-7900X CPU @ 3.30GHz",20,64,"N=64",449621,1.010012,1.010012,1.010012,53.697250,53.697250,0.000000,1.194278e-04,53.164943,2.277905e-10,0.002246,0.002246,2.357309e+11,233.39,4.915200e+04,53.16,in_range,,,,1283,1340,,90,89,90,,-1,-1,-1.000000,-1,t
cpu-gpu-v2,2026-07-19T10:07:17,"20260719_085511_session3",69,69,9,"GEMM","openblas_sgemm",cpu_native,"Intel(R) Core(TM) i9-7900X CPU @ 3.30GHz",20,64,"N=64",449621,1.012647,1.012647,1.012647,53.737839,53.737839,0.000000,1.195181e-04,53.066694,2.279626e-10,0.002252,0.002252,2.357309e+11,232.79,4.915200e+04,53.07,in_range,,,,1503,1340,,90,90,89,,-1,-1,-1.000000,-1,t
cpu-gpu-v2,2026-07-19T10:07:18,"20260719_085511_session3",70,70,10,"GEMM","openblas_sgemm",cpu_native,"Intel(R) Core(TM) i9-7900X CPU @ 3.30GHz",20,64,"N=64",449621,0.999831,0.999831,0.999831,52.257374,52.257374,0.000000,1.162254e-04,52.266193,2.216823e-10,0.002224,0.002224,2.357309e+11,235.77,4.915200e+04,52.27,in_range,,,,1222,1339,,93,89,93,,-1,-1,-1.000000,-1,t
cpu-gpu-v2,2026-07-19T10:07:21,"20260719_085511_session3",71,71,1,"GEMM","openblas_sgemm",cpu_native,"Intel(R) Core(TM) i9-7900X CPU @ 3.30GHz",1,2048,"N=2048",12,1.017410,1.017410,1.017410,56.019144,56.030160,0.011016,4.669180e+00,55.071371,2.717820e-10,84.784161,84.784161,2.061584e+11,202.63,5.033165e+07,55.07,in_range,,,,1339,1339,,95,95,95,,-1,-1,-1.000000,-1,t
cpu-gpu-v2,2026-07-19T10:07:22,"20260719_085511_session3",72,72,2,"GEMM","openblas_sgemm",cpu_native,"Intel(R) Core(TM) i9-7900X CPU @ 3.30GHz",1,2048,"N=2048",12,1.003023,1.003023,1.003023,55.994790,56.005301,0.010511,4.667108e+00,55.836484,2.716615e-10,83.585285,83.585285,2.061584e+11,205.54,5.033165e+07,55.84,in_range,,,,1456,1339,,95,95,91,,-1,-1,-1.000000,-1,t
cpu-gpu-v2,2026-07-19T10:07:23,"20260719_085511_session3",73,73,3,"GEMM","openblas_sgemm",cpu_native,"Intel(R) Core(TM) i9-7900X CPU @ 3.30GHz",1,2048,"N=2048",12,1.006599,1.006599,1.006599,56.486794,56.497642,0.010848,4.708137e+00,56.127268,2.740496e-10,83.883236,83.883236,2.061584e+11,204.81,5.033165e+07,56.13,in_range,,,,1200,1340,,94,91,94,,-1,-1,-1.000000,-1,t
cpu-gpu-v2,2026-07-19T10:07:24,"20260719_085511_session3",74,74,4,"GEMM","openblas_sgemm",cpu_native,"Intel(R) Core(TM) i9-7900X CPU @ 3.30GHz",1,2048,"N=2048",12,1.016003,1.016003,1.016003,56.281045,56.290608,0.009563,4.690884e+00,55.403952,2.730454e-10,84.666956,84.666956,2.061584e+11,202.91,5.033165e+07,55.40,in_range,,,,1361,1339,,94,94,92,,-1,-1,-1.000000,-1,t
cpu-gpu-v2,2026-07-19T10:07:25,"20260719_085511_session3",75,75,5,"GEMM","openblas_sgemm",cpu_native,"Intel(R) Core(TM) i9-7900X CPU @ 3.30GHz",1,2048,"N=2048",12,1.001794,1.001794,1.001794,56.500526,56.510502,0.009976,4.709208e+00,56.409287,2.741120e-10,83.482858,83.482858,2.061584e+11,205.79,5.033165e+07,56.41,in_range,,,,1199,1339,,95,92,95,,-1,-1,-1.000000,-1,t
cpu-gpu-v2,2026-07-19T10:07:26,"20260719_085511_session3",76,76,6,"GEMM","openblas_sgemm",cpu_native,"Intel(R) Core(TM) i9-7900X CPU @ 3.30GHz",1,2048,"N=2048",12,0.996553,0.996553,0.996553,55.558391,55.567510,0.009119,4.630626e+00,55.759696,2.695379e-10,83.046110,83.046110,2.061584e+11,206.87,5.033165e+07,55.76,in_range,,,,1273,1339,,95,95,95,,-1,-1,-1.000000,-1,t
cpu-gpu-v2,2026-07-19T10:07:27,"20260719_085511_session3",77,77,7,"GEMM","openblas_sgemm",cpu_native,"Intel(R) Core(TM) i9-7900X CPU @ 3.30GHz",1,2048,"N=2048",12,0.977464,0.977464,0.977464,55.866068,55.876502,0.010434,4.656375e+00,57.164761,2.710367e-10,81.455342,81.455342,2.061584e+11,210.91,5.033165e+07,57.16,in_range,,,,1453,1340,,93,93,93,,-1,-1,-1.000000,-1,t
cpu-gpu-v2,2026-07-19T10:07:28,"20260719_085511_session3",78,78,8,"GEMM","openblas_sgemm",cpu_native,"Intel(R) Core(TM) i9-7900X CPU @ 3.30GHz",1,2048,"N=2048",12,1.008309,1.008309,1.008309,55.952860,55.963555,0.010695,4.663630e+00,55.502382,2.714590e-10,84.025756,84.025756,2.061584e+11,204.46,5.033165e+07,55.50,in_range,,,,1302,1339,,94,93,94,,-1,-1,-1.000000,-1,t
cpu-gpu-v2,2026-07-19T10:07:29,"20260719_085511_session3",79,79,9,"GEMM","openblas_sgemm",cpu_native,"Intel(R) Core(TM) i9-7900X CPU @ 3.30GHz",1,2048,"N=2048",12,1.016326,1.016326,1.016326,56.029825,56.039831,0.010006,4.669986e+00,55.139642,2.718290e-10,84.693801,84.693801,2.061584e+11,202.85,5.033165e+07,55.14,in_range,,,,1364,1339,,94,94,93,,-1,-1,-1.000000,-1,t
cpu-gpu-v2,2026-07-19T10:07:30,"20260719_085511_session3",80,80,10,"GEMM","openblas_sgemm",cpu_native,"Intel(R) Core(TM) i9-7900X CPU @ 3.30GHz",1,2048,"N=2048",12,0.977611,0.977611,0.977611,54.651960,54.662318,0.010358,4.555193e+00,55.914201,2.651471e-10,81.467553,81.467553,2.061584e+11,210.88,5.033165e+07,55.91,in_range,,,,1271,1340,,93,93,93,,-1,-1,-1.000000,-1,t
cpu-gpu-v2,2026-07-19T10:07:32,"20260719_085511_session3",81,81,1,"GEMM","openblas_sgemm",cpu_native,"Intel(R) Core(TM) i9-7900X CPU @ 3.30GHz",16,256,"N=256",19391,1.035233,1.035233,1.035233,145.359369,145.359369,0.000000,7.496229e-03,140.412277,2.234050e-10,0.053387,0.053387,6.506540e+11,628.51,7.864320e+05,140.41,in_range,,,,2985,2879,,85,85,85,,-1,-1,-1.000000,-1,t
cpu-gpu-v2,2026-07-19T10:07:33,"20260719_085511_session3",82,82,2,"GEMM","openblas_sgemm",cpu_native,"Intel(R) Core(TM) i9-7900X CPU @ 3.30GHz",16,256,"N=256",19391,1.013088,1.013088,1.013088,143.230468,143.230468,0.000000,7.386441e-03,141.380056,2.201331e-10,0.052245,0.052245,6.506540e+11,642.25,7.864320e+05,141.38,in_range,,,,3390,2880,,86,85,86,,-1,-1,-1.000000,-1,t
cpu-gpu-v2,2026-07-19T10:07:34,"20260719_085511_session3",83,83,3,"GEMM","openblas_sgemm",cpu_native,"Intel(R) Core(TM) i9-7900X CPU @ 3.30GHz",16,256,"N=256",19391,1.007190,1.007190,1.007190,143.116333,143.116333,0.000000,7.380555e-03,142.094660,2.199577e-10,0.051941,0.051941,6.506540e+11,646.01,7.864320e+05,142.09,in_range,,,,3545,2985,,86,86,85,,-1,-1,-1.000000,-1,t
cpu-gpu-v2,2026-07-19T10:07:35,"20260719_085511_session3",84,84,4,"GEMM","openblas_sgemm",cpu_native,"Intel(R) Core(TM) i9-7900X CPU @ 3.30GHz",16,256,"N=256",19391,1.000527,1.000527,1.000527,142.665284,142.665284,0.000000,7.357294e-03,142.590108,2.192644e-10,0.051598,0.051598,6.506540e+11,650.31,7.864320e+05,142.59,in_range,,,,3505,2880,,86,85,86,,-1,-1,-1.000000,-1,t
cpu-gpu-v2,2026-07-19T10:07:36,"20260719_085511_session3",85,85,5,"GEMM","openblas_sgemm",cpu_native,"Intel(R) Core(TM) i9-7900X CPU @ 3.30GHz",16,256,"N=256",19391,1.012722,1.012722,1.012722,143.876096,143.876096,0.000000,7.419736e-03,142.068673,2.211254e-10,0.052226,0.052226,6.506540e+11,642.48,7.864320e+05,142.07,in_range,,,,3440,2879,,86,86,86,,-1,-1,-1.000000,-1,t
cpu-gpu-v2,2026-07-19T10:07:38,"20260719_085511_session3",86,86,6,"GEMM","openblas_sgemm",cpu_native,"Intel(R) Core(TM) i9-7900X CPU @ 3.30GHz",16,256,"N=256",19391,0.996788,0.996788,0.996788,142.320071,142.320071,0.000000,7.339491e-03,142.778714,2.187339e-10,0.051405,0.051405,6.506540e+11,652.75,7.864320e+05,142.78,in_range,,,,3440,2879,,86,86,86,,-1,-1,-1.000000,-1,t
cpu-gpu-v2,2026-07-19T10:07:39,"20260719_085511_session3",87,87,7,"GEMM","openblas_sgemm",cpu_native,"Intel(R) Core(TM) i9-7900X CPU @ 3.30GHz",16,256,"N=256",19391,1.002899,1.002899,1.002899,143.194518,143.194518,0.000000,7.384587e-03,142.780545,2.200778e-10,0.051720,0.051720,6.506540e+11,648.77,7.864320e+05,142.78,in_range,,,,3440,2985,,86,86,86,,-1,-1,-1.000000,-1,t
cpu-gpu-v2,2026-07-19T10:07:40,"20260719_085511_session3",88,88,8,"GEMM","openblas_sgemm",cpu_native,"Intel(R) Core(TM) i9-7900X CPU @ 3.30GHz",16,256,"N=256",19391,1.014380,1.014380,1.014380,144.353390,144.353390,0.000000,7.444350e-03,142.307080,2.218589e-10,0.052312,0.052312,6.506540e+11,641.43,7.864320e+05,142.31,in_range,,,,3545,2985,,86,86,86,,-1,-1,-1.000000,-1,t
cpu-gpu-v2,2026-07-19T10:07:41,"20260719_085511_session3",89,89,9,"GEMM","openblas_sgemm",cpu_native,"Intel(R) Core(TM) i9-7900X CPU @ 3.30GHz",16,256,"N=256",19391,0.998367,0.998367,0.998367,143.018311,143.018311,0.000000,7.375500e-03,143.252233,2.198070e-10,0.051486,0.051486,6.506540e+11,651.72,7.864320e+05,143.25,in_range,,,,3545,2984,,87,86,87,,-1,-1,-1.000000,-1,t
cpu-gpu-v2,2026-07-19T10:07:42,"20260719_085511_session3",90,90,10,"GEMM","openblas_sgemm",cpu_native,"Intel(R) Core(TM) i9-7900X CPU @ 3.30GHz",16,256,"N=256",19391,1.014297,1.014297,1.014297,144.515683,144.515683,0.000000,7.452719e-03,142.478690,2.221083e-10,0.052308,0.052308,6.506540e+11,641.48,7.864320e+05,142.48,in_range,,,,3545,2880,,87,87,86,,-1,-1,-1.000000,-1,t
cpu-gpu-v2,2026-07-19T10:07:47,"20260719_085511_session3",91,91,1,"GEMM","openblas_sgemm",cpu_native,"Intel(R) Core(TM) i9-7900X CPU @ 3.30GHz",10,8192,"N=8192",2,1.472285,1.472285,1.472285,250.356476,253.238659,2.882183,1.266193e+02,172.003862,1.151596e-10,736.142365,736.142365,2.199023e+12,1493.61,8.053064e+08,172.00,above,,,,2541,2462,,90,90,90,,-1,-1,-1.000000,-1,t
cpu-gpu-v2,2026-07-19T10:07:48,"20260719_085511_session3",92,92,2,"GEMM","openblas_sgemm",cpu_native,"Intel(R) Core(TM) i9-7900X CPU @ 3.30GHz",10,8192,"N=8192",2,1.472356,1.472356,1.472356,250.585967,253.482686,2.896719,1.267413e+02,172.161220,1.152706e-10,736.178234,736.178234,2.199023e+12,1493.54,8.053064e+08,172.16,above,,,,2705,2566,,90,90,90,,-1,-1,-1.000000,-1,t
cpu-gpu-v2,2026-07-19T10:07:50,"20260719_085511_session3",93,93,3,"GEMM","openblas_sgemm",cpu_native,"Intel(R) Core(TM) i9-7900X CPU @ 3.30GHz",10,8192,"N=8192",2,1.473798,1.473798,1.473798,251.133817,254.060217,2.926400,1.270301e+02,172.384738,1.155332e-10,736.898810,736.898810,2.199023e+12,1492.08,8.053064e+08,172.38,above,,,,2704,2507,,90,90,90,,-1,-1,-1.000000,-1,t
cpu-gpu-v2,2026-07-19T10:07:51,"20260719_085511_session3",94,94,4,"GEMM","openblas_sgemm",cpu_native,"Intel(R) Core(TM) i9-7900X CPU @ 3.30GHz",10,8192,"N=8192",2,1.473464,1.473464,1.473464,251.037016,253.954864,2.917848,1.269774e+02,172.352237,1.154853e-10,736.732138,736.732138,2.199023e+12,1492.42,8.053064e+08,172.35,above,,,,2705,2518,,91,90,91,,-1,-1,-1.000000,-1,t
cpu-gpu-v2,2026-07-19T10:07:53,"20260719_085511_session3",95,95,5,"GEMM","openblas_sgemm",cpu_native,"Intel(R) Core(TM) i9-7900X CPU @ 3.30GHz",10,8192,"N=8192",2,1.501126,1.501126,1.501126,254.645223,257.623475,2.978252,1.288117e+02,171.620208,1.171536e-10,750.562763,750.562763,2.199023e+12,1464.92,8.053064e+08,171.62,above,,,,2704,2576,,91,91,91,,-1,-1,-1.000000,-1,t
cpu-gpu-v2,2026-07-19T10:07:54,"20260719_085511_session3",96,96,6,"GEMM","openblas_sgemm",cpu_native,"Intel(R) Core(TM) i9-7900X CPU @ 3.30GHz",10,8192,"N=8192",2,1.474233,1.474233,1.474233,251.678128,254.611903,2.933775,1.273060e+02,172.707998,1.157841e-10,737.116710,737.116710,2.199023e+12,1491.64,8.053064e+08,172.71,above,,,,2844,2692,,91,91,91,,-1,-1,-1.000000,-1,t
cpu-gpu-v2,2026-07-19T10:07:56,"20260719_085511_session3",97,97,7,"GEMM","openblas_sgemm",cpu_native,"Intel(R) Core(TM) i9-7900X CPU @ 3.30GHz",10,8192,"N=8192",2,1.473359,1.473359,1.473359,251.824978,254.763496,2.938518,1.273817e+02,172.913377,1.158530e-10,736.679545,736.679545,2.199023e+12,1492.52,8.053064e+08,172.91,above,,,,2844,2588,,91,91,91,,-1,-1,-1.000000,-1,t
cpu-gpu-v2,2026-07-19T10:07:57,"20260719_085511_session3",98,98,8,"GEMM","openblas_sgemm",cpu_native,"Intel(R) Core(TM) i9-7900X CPU @ 3.30GHz",10,8192,"N=8192",2,1.473319,1.473319,1.473319,251.984462,254.922001,2.937539,1.274610e+02,173.025611,1.159251e-10,736.659733,736.659733,2.199023e+12,1492.56,8.053064e+08,173.03,above,,,,2845,2597,,92,91,92,,-1,-1,-1.000000,-1,t
cpu-gpu-v2,2026-07-19T10:07:59,"20260719_085511_session3",99,99,9,"GEMM","openblas_sgemm",cpu_native,"Intel(R) Core(TM) i9-7900X CPU @ 3.30GHz",10,8192,"N=8192",2,1.474030,1.474030,1.474030,252.373988,255.323231,2.949243,1.276616e+02,173.214412,1.161076e-10,737.014976,737.014976,2.199023e+12,1491.84,8.053064e+08,173.21,above,,,,2740,2530,,92,92,92,,-1,-1,-1.000000,-1,t
cpu-gpu-v2,2026-07-19T10:08:00,"20260719_085511_session3",100,100,10,"GEMM","openblas_sgemm",cpu_native,"Intel(R) Core(TM) i9-7900X CPU @ 3.30GHz",10,8192,"N=8192",2,1.515290,1.515290,1.515290,257.570569,260.528931,2.958362,1.302645e+02,171.933427,1.184748e-10,757.644792,757.644792,2.199023e+12,1451.22,8.053064e+08,171.93,above,,,,2704,2575,,92,92,92,,-1,-1,-1.000000,-1,t
cpu-gpu-v2,2026-07-19T10:08:02,"20260719_085511_session3",101,101,1,"GEMM","openblas_sgemm",cpu_native,"Intel(R) Core(TM) i9-7900X CPU @ 3.30GHz",4,128,"N=128",74304,0.984493,0.984493,0.984493,84.218595,84.218595,0.000000,1.133433e-03,85.545133,2.702315e-10,0.013250,0.013250,3.116536e+11,316.56,1.966080e+05,85.55,in_range,,,,1849,1800,,86,86,86,,-1,-1,-1.000000,-1,t
cpu-gpu-v2,2026-07-19T10:08:03,"20260719_085511_session3",102,102,2,"GEMM","openblas_sgemm",cpu_native,"Intel(R) Core(TM) i9-7900X CPU @ 3.30GHz",4,128,"N=128",74304,0.994479,0.994479,0.994479,87.714741,87.714741,0.000000,1.180485e-03,88.201717,2.814495e-10,0.013384,0.013384,3.116536e+11,313.38,1.966080e+05,88.20,in_range,,,,1805,1850,,87,86,87,,-1,-1,-1.000000,-1,t
cpu-gpu-v2,2026-07-19T10:08:04,"20260719_085511_session3",103,103,3,"GEMM","openblas_sgemm",cpu_native,"Intel(R) Core(TM) i9-7900X CPU @ 3.30GHz",4,128,"N=128",74304,0.975134,0.975134,0.975134,87.061056,87.061056,0.000000,1.171687e-03,89.281150,2.793520e-10,0.013124,0.013124,3.116536e+11,319.60,1.966080e+05,89.28,in_range,,,,1851,1850,,87,87,87,,-1,-1,-1.000000,-1,t
cpu-gpu-v2,2026-07-19T10:08:05,"20260719_085511_session3",104,104,4,"GEMM","openblas_sgemm",cpu_native,"Intel(R) Core(TM) i9-7900X CPU @ 3.30GHz",4,128,"N=128",74304,0.984279,0.984279,0.984279,88.064533,88.064533,0.000000,1.185192e-03,89.471091,2.825719e-10,0.013247,0.013247,3.116536e+11,316.63,1.966080e+05,89.47,in_range,,,,1842,1849,,87,87,87,,-1,-1,-1.000000,-1,t
cpu-gpu-v2,2026-07-19T10:08:06,"20260719_085511_session3",105,105,5,"GEMM","openblas_sgemm",cpu_native,"Intel(R) Core(TM) i9-7900X CPU @ 3.30GHz",4,128,"N=128",74304,0.989442,0.989442,0.989442,88.187641,88.187641,0.000000,1.186849e-03,89.128649,2.829669e-10,0.013316,0.013316,3.116536e+11,314.98,1.966080e+05,89.13,in_range,,,,1848,1850,,87,87,87,,-1,-1,-1.000000,-1,t
cpu-gpu-v2,2026-07-19T10:08:07,"20260719_085511_session3",106,106,6,"GEMM","openblas_sgemm",cpu_native,"Intel(R) Core(TM) i9-7900X CPU @ 3.30GHz",4,128,"N=128",74304,0.980536,0.980536,0.980536,87.456014,87.456014,0.000000,1.177003e-03,89.192010,2.806193e-10,0.013196,0.013196,3.116536e+11,317.84,1.966080e+05,89.19,in_range,,,,1894,1849,,87,87,87,,-1,-1,-1.000000,-1,t
cpu-gpu-v2,2026-07-19T10:08:08,"20260719_085511_session3",107,107,7,"GEMM","openblas_sgemm",cpu_native,"Intel(R) Core(TM) i9-7900X CPU @ 3.30GHz",4,128,"N=128",74304,0.956689,0.956689,0.956689,78.910137,78.910137,0.000000,1.061990e-03,82.482501,2.531982e-10,0.012875,0.012875,3.116536e+11,325.76,1.966080e+05,82.48,in_range,,,,1909,1922,,87,87,87,,-1,-1,-1.000000,-1,t
cpu-gpu-v2,2026-07-19T10:08:09,"20260719_085511_session3",108,108,8,"GEMM","openblas_sgemm",cpu_native,"Intel(R) Core(TM) i9-7900X CPU @ 3.30GHz",4,128,"N=128",74304,0.952698,0.952698,0.952698,79.086895,79.086895,0.000000,1.064369e-03,83.013586,2.537654e-10,0.012822,0.012822,3.116536e+11,327.13,1.966080e+05,83.01,in_range,,,,1900,1965,,87,87,84,,-1,-1,-1.000000,-1,t
cpu-gpu-v2,2026-07-19T10:08:10,"20260719_085511_session3",109,109,9,"GEMM","openblas_sgemm",cpu_native,"Intel(R) Core(TM) i9-7900X CPU @ 3.30GHz",4,128,"N=128",74304,0.997598,0.997598,0.997598,88.482622,88.482622,0.000000,1.190819e-03,88.695649,2.839134e-10,0.013426,0.013426,3.116536e+11,312.40,1.966080e+05,88.70,in_range,,,,2169,1979,,87,84,87,,-1,-1,-1.000000,-1,t
cpu-gpu-v2,2026-07-19T10:08:11,"20260719_085511_session3",110,110,10,"GEMM","openblas_sgemm",cpu_native,"Intel(R) Core(TM) i9-7900X CPU @ 3.30GHz",4,128,"N=128",74304,0.993724,0.993724,0.993724,88.510821,88.510821,0.000000,1.191199e-03,89.069794,2.840039e-10,0.013374,0.013374,3.116536e+11,313.62,1.966080e+05,89.07,in_range,,,,1904,1849,,87,87,87,,-1,-1,-1.000000,-1,t
cpu-gpu-v2,2026-07-19T10:08:14,"20260719_085511_session3",111,111,1,"GEMM","openblas_sgemm",cpu_native,"Intel(R) Core(TM) i9-7900X CPU @ 3.30GHz",2,128,"N=128",46531,1.007379,1.007379,1.007379,69.127387,69.127387,0.000000,1.485620e-03,68.621036,3.541994e-10,0.021650,0.021650,1.951652e+11,193.74,1.966080e+05,68.62,in_range,,,,1619,1618,,90,89,90,,-1,-1,-1.000000,-1,t
cpu-gpu-v2,2026-07-19T10:08:15,"20260719_085511_session3",112,112,2,"GEMM","openblas_sgemm",cpu_native,"Intel(R) Core(TM) i9-7900X CPU @ 3.30GHz",2,128,"N=128",46531,0.982955,0.982955,0.982955,67.494884,67.494884,0.000000,1.450536e-03,68.665269,3.458347e-10,0.021125,0.021125,1.951652e+11,198.55,1.966080e+05,68.67,in_range,,,,1834,1620,,90,90,90,,-1,-1,-1.000000,-1,t
cpu-gpu-v2,2026-07-19T10:08:16,"20260719_085511_session3",113,113,3,"GEMM","openblas_sgemm",cpu_native,"Intel(R) Core(TM) i9-7900X CPU @ 3.30GHz",2,128,"N=128",46531,1.000783,1.000783,1.000783,68.531746,68.531746,0.000000,1.472819e-03,68.478107,3.511474e-10,0.021508,0.021508,1.951652e+11,195.01,1.966080e+05,68.48,in_range,,,,1829,1619,,90,90,89,,-1,-1,-1.000000,-1,t
cpu-gpu-v2,2026-07-19T10:08:17,"20260719_085511_session3",114,114,4,"GEMM","openblas_sgemm",cpu_native,"Intel(R) Core(TM) i9-7900X CPU @ 3.30GHz",2,128,"N=128",46531,1.008435,1.008435,1.008435,68.782417,68.782417,0.000000,1.478206e-03,68.207062,3.524318e-10,0.021672,0.021672,1.951652e+11,193.53,1.966080e+05,68.21,in_range,,,,1641,1620,,90,89,90,,-1,-1,-1.000000,-1,t
cpu-gpu-v2,2026-07-19T10:08:18,"20260719_085511_session3",115,115,5,"GEMM","openblas_sgemm",cpu_native,"Intel(R) Core(TM) i9-7900X CPU @ 3.30GHz",2,128,"N=128",46531,0.995179,0.995179,0.995179,67.992380,67.992380,0.000000,1.461228e-03,68.321746,3.483838e-10,0.021387,0.021387,1.951652e+11,196.11,1.966080e+05,68.32,in_range,,,,1624,1619,,90,90,90,,-1,-1,-1.000000,-1,t
cpu-gpu-v2,2026-07-19T10:08:19,"20260719_085511_session3",116,116,6,"GEMM","openblas_sgemm",cpu_native,"Intel(R) Core(TM) i9-7900X CPU @ 3.30GHz",2,128,"N=128",46531,1.006468,1.006468,1.006468,68.577339,68.577339,0.000000,1.473799e-03,68.136662,3.513811e-10,0.021630,0.021630,1.951652e+11,193.91,1.966080e+05,68.14,in_range,,,,1817,1479,,90,90,89,,-1,-1,-1.000000,-1,t
cpu-gpu-v2,2026-07-19T10:08:20,"20260719_085511_session3",117,117,7,"GEMM","openblas_sgemm",cpu_native,"Intel(R) Core(TM) i9-7900X CPU @ 3.30GHz",2,128,"N=128",46531,1.004796,1.004796,1.004796,68.310067,68.310067,0.000000,1.468055e-03,67.984044,3.500116e-10,0.021594,0.021594,1.951652e+11,194.23,1.966080e+05,67.98,in_range,,,,1604,1620,,90,89,90,,-1,-1,-1.000000,-1,t
cpu-gpu-v2,2026-07-19T10:08:21,"20260719_085511_session3",118,118,8,"GEMM","openblas_sgemm",cpu_native,"Intel(R) Core(TM) i9-7900X CPU @ 3.30GHz",2,128,"N=128",46531,1.010872,1.010872,1.010872,68.542060,68.542060,0.000000,1.473041e-03,67.804892,3.512003e-10,0.021725,0.021725,1.951652e+11,193.07,1.966080e+05,67.80,in_range,,,,1620,1620,,90,90,90,,-1,-1,-1.000000,-1,t
cpu-gpu-v2,2026-07-19T10:08:22,"20260719_085511_session3",119,119,9,"GEMM","openblas_sgemm",cpu_native,"Intel(R) Core(TM) i9-7900X CPU @ 3.30GHz",2,128,"N=128",46531,1.001482,1.001482,1.001482,68.070504,68.070504,0.000000,1.462907e-03,67.969752,3.487841e-10,0.021523,0.021523,1.951652e+11,194.88,1.966080e+05,67.97,in_range,,,,1656,1619,,90,90,89,,-1,-1,-1.000000,-1,t
cpu-gpu-v2,2026-07-19T10:08:23,"20260719_085511_session3",120,120,10,"GEMM","openblas_sgemm",cpu_native,"Intel(R) Core(TM) i9-7900X CPU @ 3.30GHz",2,128,"N=128",46531,0.998066,0.998066,0.998066,67.942331,67.942331,0.000000,1.460152e-03,68.073992,3.481274e-10,0.021449,0.021449,1.951652e+11,195.54,1.966080e+05,68.07,in_range,,,,1615,1619,,89,89,89,,-1,-1,-1.000000,-1,t
cpu-gpu-v2,2026-07-19T10:08:49,"20260719_085511_session3",121,121,1,"GEMM","openblas_sgemm",cpu_native,"Intel(R) Core(TM) i9-7900X CPU @ 3.30GHz",16,16384,"N=16384",1,7.699999,7.699999,7.699999,1371.297942,1384.896169,13.598227,1.384896e+03,179.856668,1.574445e-10,7699.999008,7699.999008,8.796093e+12,1142.35,3.221225e+09,179.86,above,,,,3329,3462,,100,100,100,,-1,-1,-1.000000,-1,t
cpu-gpu-v2,2026-07-19T10:08:57,"20260719_085511_session3",122,122,2,"GEMM","openblas_sgemm",cpu_native,"Intel(R) Core(TM) i9-7900X CPU @ 3.30GHz",16,16384,"N=16384",1,7.690733,7.690733,7.690733,1376.516069,1390.157947,13.641878,1.390158e+03,180.757529,1.580427e-10,7690.733289,7690.733289,8.796093e+12,1143.73,3.221225e+09,180.76,above,,,,3522,3259,,100,100,100,,-1,-1,-1.000000,-1,t
cpu-gpu-v2,2026-07-19T10:09:04,"20260719_085511_session3",123,123,3,"GEMM","openblas_sgemm",cpu_native,"Intel(R) Core(TM) i9-7900X CPU @ 3.30GHz",16,16384,"N=16384",1,7.845602,7.845602,7.845602,1396.147488,1409.794445,13.646957,1.409794e+03,179.692334,1.602751e-10,7845.601511,7845.601511,8.796093e+12,1121.15,3.221225e+09,179.69,above,,,,3649,3405,,100,100,99,,-1,-1,-1.000000,-1,t
cpu-gpu-v2,2026-07-19T10:09:12,"20260719_085511_session3",124,124,4,"GEMM","openblas_sgemm",cpu_native,"Intel(R) Core(TM) i9-7900X CPU @ 3.30GHz",16,16384,"N=16384",1,7.871265,7.871265,7.871265,1390.794901,1404.563875,13.768974,1.404564e+03,178.441940,1.596804e-10,7871.265438,7871.265438,8.796093e+12,1117.49,3.221225e+09,178.44,above,,,,3494,3146,,100,99,100,,-1,-1,-1.000000,-1,t
cpu-gpu-v2,2026-07-19T10:09:20,"20260719_085511_session3",125,125,5,"GEMM","openblas_sgemm",cpu_native,"Intel(R) Core(TM) i9-7900X CPU @ 3.30GHz",16,16384,"N=16384",1,7.808501,7.808501,7.808501,1364.377672,1377.833042,13.455370,1.377833e+03,176.452956,1.566415e-10,7808.500754,7808.500754,8.796093e+12,1126.48,3.221225e+09,176.45,above,,,,3139,2919,,100,100,96,,-1,-1,-1.000000,-1,t
cpu-gpu-v2,2026-07-19T10:09:28,"20260719_085511_session3",126,126,6,"GEMM","openblas_sgemm",cpu_native,"Intel(R) Core(TM) i9-7900X CPU @ 3.30GHz",16,16384,"N=16384",1,7.821012,7.821012,7.821012,1363.557789,1377.248933,13.691144,1.377249e+03,176.095993,1.565751e-10,7821.012325,7821.012325,8.796093e+12,1124.67,3.221225e+09,176.10,above,,,,2929,2776,,99,96,99,,-1,-1,-1.000000,-1,t
cpu-gpu-v2,2026-07-19T10:09:36,"20260719_085511_session3",127,127,7,"GEMM","openblas_sgemm",cpu_native,"Intel(R) Core(TM) i9-7900X CPU @ 3.30GHz",16,16384,"N=16384",1,7.748545,7.748545,7.748545,1357.692570,1371.568675,13.876105,1.371569e+03,177.009826,1.559293e-10,7748.545395,7748.545395,8.796093e+12,1135.19,3.221225e+09,177.01,above,,,,2829,3259,,99,99,99,,-1,-1,-1.000000,-1,t
cpu-gpu-v2,2026-07-19T10:09:43,"20260719_085511_session3",128,128,8,"GEMM","openblas_sgemm",cpu_native,"Intel(R) Core(TM) i9-7900X CPU @ 3.30GHz",16,16384,"N=16384",1,7.706295,7.706295,7.706295,1330.388806,1343.800327,13.411521,1.343800e+03,174.376964,1.527724e-10,7706.294996,7706.294996,8.796093e+12,1141.42,3.221225e+09,174.38,above,,,,3127,3011,,99,99,98,,-1,-1,-1.000000,-1,t
cpu-gpu-v2,2026-07-19T10:09:51,"20260719_085511_session3",129,129,9,"GEMM","openblas_sgemm",cpu_native,"Intel(R) Core(TM) i9-7900X CPU @ 3.30GHz",16,16384,"N=16384",1,7.820636,7.820636,7.820636,1344.117836,1357.789105,13.671269,1.357789e+03,173.616191,1.543627e-10,7820.636417,7820.636417,8.796093e+12,1124.73,3.221225e+09,173.62,above,,,,3027,2790,,99,98,99,,-1,-1,-1.000000,-1,t
cpu-gpu-v2,2026-07-19T10:09:59,"20260719_085511_session3",130,130,10,"GEMM","openblas_sgemm",cpu_native,"Intel(R) Core(TM) i9-7900X CPU @ 3.30GHz",16,16384,"N=16384",1,7.949719,7.949719,7.949719,1351.302754,1365.155665,13.852911,1.365156e+03,171.723758,1.552002e-10,7949.719256,7949.719256,8.796093e+12,1106.47,3.221225e+09,171.72,above,,,,2790,2616,,99,99,98,,-1,-1,-1.000000,-1,t
cpu-gpu-v2,2026-07-19T10:10:05,"20260719_085511_session3",131,131,1,"GEMM","openblas_sgemm",cpu_native,"Intel(R) Core(TM) i9-7900X CPU @ 3.30GHz",8,64,"N=64",418494,0.998974,0.998974,0.998974,64.974748,64.974748,0.000000,1.552585e-04,65.041456,2.961321e-10,0.002387,0.002387,2.194114e+11,219.64,4.915200e+04,65.04,in_range,,,,1305,1332,,96,96,96,,-1,-1,-1.000000,-1,t
cpu-gpu-v2,2026-07-19T10:10:06,"20260719_085511_session3",132,132,2,"GEMM","openblas_sgemm",cpu_native,"Intel(R) Core(TM) i9-7900X CPU @ 3.30GHz",8,64,"N=64",418494,1.003186,1.003186,1.003186,65.196611,65.196611,0.000000,1.557886e-04,64.989545,2.971432e-10,0.002397,0.002397,2.194114e+11,218.71,4.915200e+04,64.99,in_range,,,,1462,1340,,98,93,98,,-1,-1,-1.000000,-1,t
cpu-gpu-v2,2026-07-19T10:10:07,"20260719_085511_session3",133,133,3,"GEMM","openblas_sgemm",cpu_native,"Intel(R) Core(TM) i9-7900X CPU @ 3.30GHz",8,64,"N=64",418494,0.990197,0.990197,0.990197,63.492147,63.492147,0.000000,1.517158e-04,64.120723,2.893749e-10,0.002366,0.002366,2.194114e+11,221.58,4.915200e+04,64.12,in_range,,,,1600,1339,,98,98,98,,-1,-1,-1.000000,-1,t
cpu-gpu-v2,2026-07-19T10:10:08,"20260719_085511_session3",134,134,4,"GEMM","openblas_sgemm",cpu_native,"Intel(R) Core(TM) i9-7900X CPU @ 3.30GHz",8,64,"N=64",418494,0.991880,0.991880,0.991880,63.310507,63.310507,0.000000,1.512818e-04,63.828793,2.885470e-10,0.002370,0.002370,2.194114e+11,221.21,4.915200e+04,63.83,in_range,,,,1337,1427,,98,98,98,,-1,-1,-1.000000,-1,t
cpu-gpu-v2,2026-07-19T10:10:09,"20260719_085511_session3",135,135,5,"GEMM","openblas_sgemm",cpu_native,"Intel(R) Core(TM) i9-7900X CPU @ 3.30GHz",8,64,"N=64",418494,0.997091,0.997091,0.997091,64.120686,64.120686,0.000000,1.532177e-04,64.307756,2.922396e-10,0.002383,0.002383,2.194114e+11,220.05,4.915200e+04,64.31,in_range,,,,1596,1339,,98,98,97,,-1,-1,-1.000000,-1,t
cpu-gpu-v2,2026-07-19T10:10:10,"20260719_085511_session3",136,136,6,"GEMM","openblas_sgemm",cpu_native,"Intel(R) Core(TM) i9-7900X CPU @ 3.30GHz",8,64,"N=64",418494,1.020031,1.020031,1.020031,66.288466,66.288466,0.000000,1.583976e-04,64.986733,3.021195e-10,0.002437,0.002437,2.194114e+11,215.10,4.915200e+04,64.99,in_range,,,,1609,1331,,100,97,100,,-1,-1,-1.000000,-1,t
cpu-gpu-v2,2026-07-19T10:10:11,"20260719_085511_session3",137,137,7,"GEMM","openblas_sgemm",cpu_native,"Intel(R) Core(TM) i9-7900X CPU @ 3.30GHz",8,64,"N=64",418494,1.020784,1.020784,1.020784,67.321544,67.321544,0.000000,1.608662e-04,65.950809,3.068279e-10,0.002439,0.002439,2.194114e+11,214.94,4.915200e+04,65.95,in_range,,,,1309,1339,,100,100,99,,-1,-1,-1.000000,-1,t
cpu-gpu-v2,2026-07-19T10:10:12,"20260719_085511_session3",138,138,8,"GEMM","openblas_sgemm",cpu_native,"Intel(R) Core(TM) i9-7900X CPU @ 3.30GHz",8,64,"N=64",418494,1.026613,1.026613,1.026613,68.032541,68.032541,0.000000,1.625652e-04,66.268942,3.100684e-10,0.002453,0.002453,2.194114e+11,213.72,4.915200e+04,66.27,in_range,,,,1471,1340,,100,99,100,,-1,-1,-1.000000,-1,t
cpu-gpu-v2,2026-07-19T10:10:13,"20260719_085511_session3",139,139,9,"GEMM","openblas_sgemm",cpu_native,"Intel(R) Core(TM) i9-7900X CPU @ 3.30GHz",8,64,"N=64",418494,0.980598,0.980598,0.980598,61.522974,61.522974,0.000000,1.470104e-04,62.740276,2.804001e-10,0.002343,0.002343,2.194114e+11,223.75,4.915200e+04,62.74,in_range,,,,1436,1313,,100,100,100,,-1,-1,-1.000000,-1,t
cpu-gpu-v2,2026-07-19T10:10:14,"20260719_085511_session3",140,140,10,"GEMM","openblas_sgemm",cpu_native,"Intel(R) Core(TM) i9-7900X CPU @ 3.30GHz",8,64,"N=64",418494,1.008541,1.008541,1.008541,65.295792,65.295792,0.000000,1.560256e-04,64.742827,2.975953e-10,0.002410,0.002410,2.194114e+11,217.55,4.915200e+04,64.74,in_range,,,,1340,1304,,100,100,99,,-1,-1,-1.000000,-1,t
cpu-gpu-v2,2026-07-19T10:10:16,"20260719_085511_session3",141,141,1,"GEMM","openblas_sgemm",cpu_native,"Intel(R) Core(TM) i9-7900X CPU @ 3.30GHz",10,512,"N=512",3369,0.994192,0.994192,0.994192,152.302100,152.302100,0.000000,4.520692e-02,153.191904,1.684089e-10,0.295100,0.295100,9.043591e+11,909.64,3.145728e+06,153.19,in_range,,,,2354,2354,,96,96,96,,-1,-1,-1.000000,-1,t
cpu-gpu-v2,2026-07-19T10:10:17,"20260719_085511_session3",142,142,2,"GEMM","openblas_sgemm",cpu_native,"Intel(R) Core(TM) i9-7900X CPU @ 3.30GHz",10,512,"N=512",3369,1.001775,1.001775,1.001775,153.458591,153.458591,0.000000,4.555019e-02,153.186690,1.696877e-10,0.297351,0.297351,9.043591e+11,902.76,3.145728e+06,153.19,in_range,,,,2354,2354,,96,96,96,,-1,-1,-1.000000,-1,t
cpu-gpu-v2,2026-07-19T10:10:18,"20260719_085511_session3",143,143,3,"GEMM","openblas_sgemm",cpu_native,"Intel(R) Core(TM) i9-7900X CPU @ 3.30GHz",10,512,"N=512",3369,1.016979,1.016979,1.016979,154.771271,154.771271,0.000000,4.593983e-02,152.187350,1.711392e-10,0.301864,0.301864,9.043591e+11,889.26,3.145728e+06,152.19,in_range,,,,2445,2355,,96,96,96,,-1,-1,-1.000000,-1,t
cpu-gpu-v2,2026-07-19T10:10:19,"20260719_085511_session3",144,144,4,"GEMM","openblas_sgemm",cpu_native,"Intel(R) Core(TM) i9-7900X CPU @ 3.30GHz",10,512,"N=512",3369,0.994933,0.994933,0.994933,152.726355,152.726355,0.000000,4.533285e-02,153.504207,1.688780e-10,0.295320,0.295320,9.043591e+11,908.97,3.145728e+06,153.50,in_range,,,,2355,2460,,96,96,96,,-1,-1,-1.000000,-1,t
cpu-gpu-v2,2026-07-19T10:10:20,"20260719_085511_session3",145,145,5,"GEMM","openblas_sgemm",cpu_native,"Intel(R) Core(TM) i9-7900X CPU @ 3.30GHz",10,512,"N=512",3369,0.992572,0.992572,0.992572,152.784399,152.784399,0.000000,4.535007e-02,153.927764,1.689422e-10,0.294619,0.294619,9.043591e+11,911.13,3.145728e+06,153.93,in_range,,,,2503,2460,,97,96,97,,-1,-1,-1.000000,-1,t
cpu-gpu-v2,2026-07-19T10:10:21,"20260719_085511_session3",146,146,6,"GEMM","openblas_sgemm",cpu_native,"Intel(R) Core(TM) i9-7900X CPU @ 3.30GHz",10,512,"N=512",3369,0.995233,0.995233,0.995233,153.088780,153.088780,0.000000,4.544042e-02,153.821976,1.692788e-10,0.295409,0.295409,9.043591e+11,908.69,3.145728e+06,153.82,in_range,,,,2460,2249,,97,97,97,,-1,-1,-1.000000,-1,t
cpu-gpu-v2,2026-07-19T10:10:22,"20260719_085511_session3",147,147,7,"GEMM","openblas_sgemm",cpu_native,"Intel(R) Core(TM) i9-7900X CPU @ 3.30GHz",10,512,"N=512",3369,0.992647,0.992647,0.992647,153.017186,153.017186,0.000000,4.541917e-02,154.150718,1.691996e-10,0.294641,0.294641,9.043591e+11,911.06,3.145728e+06,154.15,in_range,,,,2267,2354,,97,97,97,,-1,-1,-1.000000,-1,t
cpu-gpu-v2,2026-07-19T10:10:23,"20260719_085511_session3",148,148,8,"GEMM","openblas_sgemm",cpu_native,"Intel(R) Core(TM) i9-7900X CPU @ 3.30GHz",10,512,"N=512",3369,0.997148,0.997148,0.997148,153.385899,153.385899,0.000000,4.552861e-02,153.824618,1.696073e-10,0.295977,0.295977,9.043591e+11,906.95,3.145728e+06,153.82,in_range,,,,2354,2250,,97,97,97,,-1,-1,-1.000000,-1,t
cpu-gpu-v2,2026-07-19T10:10:24,"20260719_085511_session3",149,149,9,"GEMM","openblas_sgemm",cpu_native,"Intel(R) Core(TM) i9-7900X CPU @ 3.30GHz",10,512,"N=512",3369,0.995124,0.995124,0.995124,153.298680,153.298680,0.000000,4.550272e-02,154.049868,1.695109e-10,0.295377,0.295377,9.043591e+11,908.79,3.145728e+06,154.05,in_range,,,,2460,2249,,97,97,97,,-1,-1,-1.000000,-1,t
cpu-gpu-v2,2026-07-19T10:10:25,"20260719_085511_session3",150,150,10,"GEMM","openblas_sgemm",cpu_native,"Intel(R) Core(TM) i9-7900X CPU @ 3.30GHz",10,512,"N=512",3369,1.000540,1.000540,1.000540,153.999545,153.999545,0.000000,4.571076e-02,153.916455,1.702858e-10,0.296984,0.296984,9.043591e+11,903.87,3.145728e+06,153.92,in_range,,,,2409,2355,,97,97,97,,-1,-1,-1.000000,-1,t
cpu-gpu-v2,2026-07-19T10:10:30,"20260719_085511_session3",151,151,1,"GEMM","openblas_sgemm",cpu_native,"Intel(R) Core(TM) i9-7900X CPU @ 3.30GHz",4,256,"N=256",15949,1.011821,1.011821,1.011821,109.496424,109.496424,0.000000,6.865410e-03,108.217175,2.046052e-10,0.063441,0.063441,5.351596e+11,528.91,7.864320e+05,108.22,in_range,,,,2102,2113,,99,99,99,,-1,-1,-1.000000,-1,t
cpu-gpu-v2,2026-07-19T10:10:31,"20260719_085511_session3",152,152,2,"GEMM","openblas_sgemm",cpu_native,"Intel(R) Core(TM) i9-7900X CPU @ 3.30GHz",4,256,"N=256",15949,1.033412,1.033412,1.033412,100.698900,100.698900,0.000000,6.313807e-03,97.443126,1.881661e-10,0.064795,0.064795,5.351596e+11,517.86,7.864320e+05,97.44,in_range,,,,2089,1786,,99,99,93,,-1,-1,-1.000000,-1,t
cpu-gpu-v2,2026-07-19T10:10:32,"20260719_085511_session3",153,153,3,"GEMM","openblas_sgemm",cpu_native,"Intel(R) Core(TM) i9-7900X CPU @ 3.30GHz",4,256,"N=256",15949,1.048780,1.048780,1.048780,99.755054,99.755054,0.000000,6.254628e-03,95.115295,1.864024e-10,0.065758,0.065758,5.351596e+11,510.27,7.864320e+05,95.12,in_range,,,,1840,1941,,93,93,93,,-1,-1,-1.000000,-1,t
cpu-gpu-v2,2026-07-19T10:10:33,"20260719_085511_session3",154,154,4,"GEMM","openblas_sgemm",cpu_native,"Intel(R) Core(TM) i9-7900X CPU @ 3.30GHz",4,256,"N=256",15949,1.024645,1.024645,1.024645,108.202665,108.202665,0.000000,6.784291e-03,105.600107,2.021876e-10,0.064245,0.064245,5.351596e+11,522.29,7.864320e+05,105.60,in_range,,,,1940,1787,,98,93,98,,-1,-1,-1.000000,-1,t
cpu-gpu-v2,2026-07-19T10:10:34,"20260719_085511_session3",155,155,5,"GEMM","openblas_sgemm",cpu_native,"Intel(R) Core(TM) i9-7900X CPU @ 3.30GHz",4,256,"N=256",15949,1.005129,1.005129,1.005129,110.484825,110.484825,0.000000,6.927383e-03,109.921058,2.064521e-10,0.063021,0.063021,5.351596e+11,532.43,7.864320e+05,109.92,in_range,,,,1828,1840,,99,98,99,,-1,-1,-1.000000,-1,t
cpu-gpu-v2,2026-07-19T10:10:35,"20260719_085511_session3",156,156,6,"GEMM","openblas_sgemm",cpu_native,"Intel(R) Core(TM) i9-7900X CPU @ 3.30GHz",4,256,"N=256",15949,1.024210,1.024210,1.024210,112.239093,112.239093,0.000000,7.037375e-03,109.586044,2.097301e-10,0.064218,0.064218,5.351596e+11,522.51,7.864320e+05,109.59,in_range,,,,1817,2104,,99,99,99,,-1,-1,-1.000000,-1,t
cpu-gpu-v2,2026-07-19T10:10:36,"20260719_085511_session3",157,157,7,"GEMM","openblas_sgemm",cpu_native,"Intel(R) Core(TM) i9-7900X CPU @ 3.30GHz",4,256,"N=256",15949,1.007512,1.007512,1.007512,111.198445,111.198445,0.000000,6.972126e-03,110.369369,2.077856e-10,0.063171,0.063171,5.351596e+11,531.17,7.864320e+05,110.37,in_range,,,,2094,1795,,99,99,98,,-1,-1,-1.000000,-1,t
cpu-gpu-v2,2026-07-19T10:10:37,"20260719_085511_session3",158,158,8,"GEMM","openblas_sgemm",cpu_native,"Intel(R) Core(TM) i9-7900X CPU @ 3.30GHz",4,256,"N=256",15949,1.025524,1.025524,1.025524,112.694841,112.694841,0.000000,7.065950e-03,109.890004,2.105817e-10,0.064300,0.064300,5.351596e+11,521.84,7.864320e+05,109.89,in_range,,,,1920,1837,,99,98,99,,-1,-1,-1.000000,-1,t
cpu-gpu-v2,2026-07-19T10:10:38,"20260719_085511_session3",159,159,9,"GEMM","openblas_sgemm",cpu_native,"Intel(R) Core(TM) i9-7900X CPU @ 3.30GHz",4,256,"N=256",15949,1.008616,1.008616,1.008616,111.128073,111.128073,0.000000,6.967714e-03,110.178779,2.076541e-10,0.063240,0.063240,5.351596e+11,530.59,7.864320e+05,110.18,in_range,,,,1793,1839,,99,99,99,,-1,-1,-1.000000,-1,t
cpu-gpu-v2,2026-07-19T10:10:39,"20260719_085511_session3",160,160,10,"GEMM","openblas_sgemm",cpu_native,"Intel(R) Core(TM) i9-7900X CPU @ 3.30GHz",4,256,"N=256",15949,1.024015,1.024015,1.024015,112.533159,112.533159,0.000000,7.055813e-03,109.894066,2.102796e-10,0.064206,0.064206,5.351596e+11,522.61,7.864320e+05,109.89,in_range,,,,1836,1763,,99,99,99,,-1,-1,-1.000000,-1,t
cpu-gpu-v2,2026-07-19T10:10:50,"20260719_085511_session3",161,161,1,"GEMM","openblas_sgemm",cpu_native,"Intel(R) Core(TM) i9-7900X CPU @ 3.30GHz",1,256,"N=256",5510,0.998720,0.998720,0.998720,64.742999,64.742999,0.000000,1.175009e-02,64.825972,3.501800e-10,0.181256,0.181256,1.848849e+11,185.12,7.864320e+05,64.83,in_range,,,,1339,1764,,99,99,99,,-1,-1,-1.000000,-1,t
cpu-gpu-v2,2026-07-19T10:10:51,"20260719_085511_session3",162,162,2,"GEMM","openblas_sgemm",cpu_native,"Intel(R) Core(TM) i9-7900X CPU @ 3.30GHz",1,256,"N=256",5510,0.995441,0.995441,0.995441,64.697161,64.697161,0.000000,1.174177e-02,64.993467,3.499321e-10,0.180661,0.180661,1.848849e+11,185.73,7.864320e+05,64.99,in_range,,,,1827,1578,,93,93,93,,-1,-1,-1.000000,-1,t
cpu-gpu-v2,2026-07-19T10:10:52,"20260719_085511_session3",163,163,3,"GEMM","openblas_sgemm",cpu_native,"Intel(R) Core(TM) i9-7900X CPU @ 3.30GHz",1,256,"N=256",5510,0.997926,0.997926,0.997926,64.748125,64.748125,0.000000,1.175102e-02,64.882716,3.502077e-10,0.181112,0.181112,1.848849e+11,185.27,7.864320e+05,64.88,in_range,,,,1675,1339,,100,93,100,,-1,-1,-1.000000,-1,t
cpu-gpu-v2,2026-07-19T10:10:53,"20260719_085511_session3",164,164,4,"GEMM","openblas_sgemm",cpu_native,"Intel(R) Core(TM) i9-7900X CPU @ 3.30GHz",1,256,"N=256",5510,0.991811,0.991811,0.991811,64.013569,64.013569,0.000000,1.161771e-02,64.542110,3.462347e-10,0.180002,0.180002,1.848849e+11,186.41,7.864320e+05,64.54,in_range,,,,1319,1337,,100,100,100,,-1,-1,-1.000000,-1,t
cpu-gpu-v2,2026-07-19T10:10:54,"20260719_085511_session3",165,165,5,"GEMM","openblas_sgemm",cpu_native,"Intel(R) Core(TM) i9-7900X CPU @ 3.30GHz",1,256,"N=256",5510,0.986268,0.986268,0.986268,63.392355,63.392355,0.000000,1.150496e-02,64.274980,3.428747e-10,0.178996,0.178996,1.848849e+11,187.46,7.864320e+05,64.27,in_range,,,,1313,1424,,100,100,96,,-1,-1,-1.000000,-1,t
cpu-gpu-v2,2026-07-19T10:10:55,"20260719_085511_session3",166,166,6,"GEMM","openblas_sgemm",cpu_native,"Intel(R) Core(TM) i9-7900X CPU @ 3.30GHz",1,256,"N=256",5510,0.998090,0.998090,0.998090,64.413837,64.413837,0.000000,1.169035e-02,64.537076,3.483996e-10,0.181142,0.181142,1.848849e+11,185.24,7.864320e+05,64.54,in_range,,,,1588,1446,,98,96,98,,-1,-1,-1.000000,-1,t
cpu-gpu-v2,2026-07-19T10:10:56,"20260719_085511_session3",167,167,7,"GEMM","openblas_sgemm",cpu_native,"Intel(R) Core(TM) i9-7900X CPU @ 3.30GHz",1,256,"N=256",5510,1.000450,1.000450,1.000450,63.909443,63.909443,0.000000,1.159881e-02,63.880705,3.456715e-10,0.181570,0.181570,1.848849e+11,184.80,7.864320e+05,63.88,in_range,,,,1602,1548,,98,98,96,,-1,-1,-1.000000,-1,t
cpu-gpu-v2,2026-07-19T10:10:57,"20260719_085511_session3",168,168,8,"GEMM","openblas_sgemm",cpu_native,"Intel(R) Core(TM) i9-7900X CPU @ 3.30GHz",1,256,"N=256",5510,0.983923,0.983923,0.983923,62.693809,62.693809,0.000000,1.137819e-02,63.718197,3.390964e-10,0.178570,0.178570,1.848849e+11,187.91,7.864320e+05,63.72,in_range,,,,1578,1305,,96,96,96,,-1,-1,-1.000000,-1,t
cpu-gpu-v2,2026-07-19T10:10:58,"20260719_085511_session3",169,169,9,"GEMM","openblas_sgemm",cpu_native,"Intel(R) Core(TM) i9-7900X CPU @ 3.30GHz",1,256,"N=256",5510,1.014084,1.014084,1.014084,65.810195,65.810195,0.000000,1.194377e-02,64.896213,3.559522e-10,0.184044,0.184044,1.848849e+11,182.32,7.864320e+05,64.90,in_range,,,,1277,1619,,99,96,99,,-1,-1,-1.000000,-1,t
cpu-gpu-v2,2026-07-19T10:10:59,"20260719_085511_session3",170,170,10,"GEMM","openblas_sgemm",cpu_native,"Intel(R) Core(TM) i9-7900X CPU @ 3.30GHz",1,256,"N=256",5510,0.972823,0.972823,0.972823,61.222134,61.222134,0.000000,1.111110e-02,62.932454,3.311364e-10,0.176556,0.176556,1.848849e+11,190.05,7.864320e+05,62.93,in_range,,,,1618,1340,,99,99,99,,-1,-1,-1.000000,-1,t
cpu-gpu-v2,2026-07-19T10:11:04,"20260719_085511_session3",171,171,1,"GEMM","openblas_sgemm",cpu_native,"Intel(R) Core(TM) i9-7900X CPU @ 3.30GHz",4,8192,"N=8192",1,1.420566,1.420566,1.420566,176.102637,177.376990,1.274353,1.773770e+02,124.863566,1.613234e-10,1420.566424,1420.566424,1.099512e+12,774.00,8.053064e+08,124.86,above,,,,1739,1739,,100,100,98,,-1,-1,-1.000000,-1,t
cpu-gpu-v2,2026-07-19T10:11:06,"20260719_085511_session3",172,172,2,"GEMM","openblas_sgemm",cpu_native,"Intel(R) Core(TM) i9-7900X CPU @ 3.30GHz",4,8192,"N=8192",1,1.422190,1.422190,1.422190,176.418433,177.689327,1.270894,1.776893e+02,124.940626,1.616075e-10,1422.190147,1422.190147,1.099512e+12,773.11,8.053064e+08,124.94,above,,,,1976,1811,,98,98,98,,-1,-1,-1.000000,-1,t
cpu-gpu-v2,2026-07-19T10:11:07,"20260719_085511_session3",173,173,3,"GEMM","openblas_sgemm",cpu_native,"Intel(R) Core(TM) i9-7900X CPU @ 3.30GHz",4,8192,"N=8192",1,1.423193,1.423193,1.423193,176.296180,177.552050,1.255870,1.775520e+02,124.756132,1.614826e-10,1423.192975,1423.192975,1.099512e+12,772.57,8.053064e+08,124.76,above,,,,1868,1855,,98,98,98,,-1,-1,-1.000000,-1,t
cpu-gpu-v2,2026-07-19T10:11:09,"20260719_085511_session3",174,174,4,"GEMM","openblas_sgemm",cpu_native,"Intel(R) Core(TM) i9-7900X CPU @ 3.30GHz",4,8192,"N=8192",1,1.424460,1.424460,1.424460,176.789648,178.054101,1.264453,1.780541e+02,124.997642,1.619393e-10,1424.459680,1424.459680,1.099512e+12,771.88,8.053064e+08,125.00,above,,,,1981,1869,,99,98,99,,-1,-1,-1.000000,-1,t
cpu-gpu-v2,2026-07-19T10:11:10,"20260719_085511_session3",175,175,5,"GEMM","openblas_sgemm",cpu_native,"Intel(R) Core(TM) i9-7900X CPU @ 3.30GHz",4,8192,"N=8192",1,1.423406,1.423406,1.423406,176.028786,177.279883,1.251097,1.772799e+02,124.546254,1.612351e-10,1423.405984,1423.405984,1.099512e+12,772.45,8.053064e+08,124.55,above,,,,1877,1839,,100,99,100,,-1,-1,-1.000000,-1,t
cpu-gpu-v2,2026-07-19T10:11:11,"20260719_085511_session3",176,176,6,"GEMM","openblas_sgemm",cpu_native,"Intel(R) Core(TM) i9-7900X CPU @ 3.30GHz",4,8192,"N=8192",1,1.427852,1.427852,1.427852,177.071385,178.316300,1.244915,1.783163e+02,124.884295,1.621777e-10,1427.852075,1427.852075,1.099512e+12,770.05,8.053064e+08,124.88,above,,,,1867,1859,,100,100,98,,-1,-1,-1.000000,-1,t
cpu-gpu-v2,2026-07-19T10:11:13,"20260719_085511_session3",177,177,7,"GEMM","openblas_sgemm",cpu_native,"Intel(R) Core(TM) i9-7900X CPU @ 3.30GHz",4,8192,"N=8192",1,1.430642,1.430642,1.430642,177.285740,178.551785,1.266045,1.785518e+02,124.805327,1.623919e-10,1430.642345,1430.642345,1.099512e+12,768.54,8.053064e+08,124.81,above,,,,1990,2123,,98,98,98,,-1,-1,-1.000000,-1,t
cpu-gpu-v2,2026-07-19T10:11:14,"20260719_085511_session3",178,178,8,"GEMM","openblas_sgemm",cpu_native,"Intel(R) Core(TM) i9-7900X CPU @ 3.30GHz",4,8192,"N=8192",1,1.426823,1.426823,1.426823,176.469458,177.725481,1.256023,1.777255e+02,124.560322,1.616404e-10,1426.822593,1426.822593,1.099512e+12,770.60,8.053064e+08,124.56,above,,,,2090,2125,,99,98,99,,-1,-1,-1.000000,-1,t
cpu-gpu-v2,2026-07-19T10:11:16,"20260719_085511_session3",179,179,9,"GEMM","openblas_sgemm",cpu_native,"Intel(R) Core(TM) i9-7900X CPU @ 3.30GHz",4,8192,"N=8192",1,1.425838,1.425838,1.425838,176.331702,177.588673,1.256971,1.775887e+02,124.550378,1.615160e-10,1425.838086,1425.838086,1.099512e+12,771.13,8.053064e+08,124.55,above,,,,2018,1854,,99,99,99,,-1,-1,-1.000000,-1,t
cpu-gpu-v2,2026-07-19T10:11:17,"20260719_085511_session3",180,180,10,"GEMM","openblas_sgemm",cpu_native,"Intel(R) Core(TM) i9-7900X CPU @ 3.30GHz",4,8192,"N=8192",1,1.426433,1.426433,1.426433,176.644812,177.924167,1.279355,1.779242e+02,124.733592,1.618211e-10,1426.433440,1426.433440,1.099512e+12,770.81,8.053064e+08,124.73,above,,,,1853,1869,,100,99,100,,-1,-1,-1.000000,-1,t
cpu-gpu-v2,2026-07-19T10:11:21,"20260719_085511_session3",181,181,1,"GEMM","openblas_sgemm",cpu_native,"Intel(R) Core(TM) i9-7900X CPU @ 3.30GHz",1,1024,"N=1024",89,1.000683,1.000683,1.000683,64.126789,64.126789,0.000000,7.205257e-01,64.083026,3.355209e-10,11.243628,11.243628,1.911260e+11,191.00,1.258291e+07,64.08,in_range,,,,1340,1456,,99,99,99,,-1,-1,-1.000000,-1,t
cpu-gpu-v2,2026-07-19T10:11:22,"20260719_085511_session3",182,182,2,"GEMM","openblas_sgemm",cpu_native,"Intel(R) Core(TM) i9-7900X CPU @ 3.30GHz",1,1024,"N=1024",89,1.040767,1.040767,1.040767,67.042614,67.042614,0.000000,7.532878e-01,64.416542,3.507770e-10,11.694012,11.694012,1.911260e+11,183.64,1.258291e+07,64.42,in_range,,,,1467,1319,,99,99,98,,-1,-1,-1.000000,-1,t
cpu-gpu-v2,2026-07-19T10:11:23,"20260719_085511_session3",183,183,3,"GEMM","openblas_sgemm",cpu_native,"Intel(R) Core(TM) i9-7900X CPU @ 3.30GHz",1,1024,"N=1024",89,0.989953,0.989953,0.989953,62.269128,62.269128,0.000000,6.996531e-01,62.901082,3.258014e-10,11.123070,11.123070,1.911260e+11,193.07,1.258291e+07,62.90,in_range,,,,1261,1340,,98,98,98,,-1,-1,-1.000000,-1,t
cpu-gpu-v2,2026-07-19T10:11:24,"20260719_085511_session3",184,184,4,"GEMM","openblas_sgemm",cpu_native,"Intel(R) Core(TM) i9-7900X CPU @ 3.30GHz",1,1024,"N=1024",89,0.996270,0.996270,0.996270,63.276937,63.276937,0.000000,7.109768e-01,63.513814,3.310744e-10,11.194050,11.194050,1.911260e+11,191.84,1.258291e+07,63.51,in_range,,,,1339,1339,,98,98,98,,-1,-1,-1.000000,-1,t
cpu-gpu-v2,2026-07-19T10:11:25,"20260719_085511_session3",185,185,5,"GEMM","openblas_sgemm",cpu_native,"Intel(R) Core(TM) i9-7900X CPU @ 3.30GHz",1,1024,"N=1024",89,0.996375,0.996375,0.996375,63.286581,63.286581,0.000000,7.110852e-01,63.516806,3.311248e-10,11.195229,11.195229,1.911260e+11,191.82,1.258291e+07,63.52,in_range,,,,1329,1340,,98,98,98,,-1,-1,-1.000000,-1,t
cpu-gpu-v2,2026-07-19T10:11:26,"20260719_085511_session3",186,186,6,"GEMM","openblas_sgemm",cpu_native,"Intel(R) Core(TM) i9-7900X CPU @ 3.30GHz",1,1024,"N=1024",89,1.039759,1.039759,1.039759,66.820813,66.820813,0.000000,7.507957e-01,64.265675,3.496165e-10,11.682685,11.682685,1.911260e+11,183.82,1.258291e+07,64.27,in_range,,,,1340,1305,,97,95,97,,-1,-1,-1.000000,-1,t
cpu-gpu-v2,2026-07-19T10:11:27,"20260719_085511_session3",187,187,7,"GEMM","openblas_sgemm",cpu_native,"Intel(R) Core(TM) i9-7900X CPU @ 3.30GHz",1,1024,"N=1024",89,0.985580,0.985580,0.985580,61.449183,61.449183,0.000000,6.904403e-01,62.348233,3.215113e-10,11.073935,11.073935,1.911260e+11,193.92,1.258291e+07,62.35,in_range,,,,1338,1340,,97,97,97,,-1,-1,-1.000000,-1,t
cpu-gpu-v2,2026-07-19T10:11:28,"20260719_085511_session3",188,188,8,"GEMM","openblas_sgemm",cpu_native,"Intel(R) Core(TM) i9-7900X CPU @ 3.30GHz",1,1024,"N=1024",89,0.991308,0.991308,0.991308,61.977746,61.977746,0.000000,6.963792e-01,62.521149,3.242768e-10,11.138298,11.138298,1.911260e+11,192.80,1.258291e+07,62.52,in_range,,,,1340,1339,,98,97,98,,-1,-1,-1.000000,-1,t
cpu-gpu-v2,2026-07-19T10:11:29,"20260719_085511_session3",189,189,9,"GEMM","openblas_sgemm",cpu_native,"Intel(R) Core(TM) i9-7900X CPU @ 3.30GHz",1,1024,"N=1024",89,0.990852,0.990852,0.990852,61.752040,61.752040,0.000000,6.938431e-01,62.322145,3.230959e-10,11.133172,11.133172,1.911260e+11,192.89,1.258291e+07,62.32,in_range,,,,1212,1339,,98,98,98,,-1,-1,-1.000000,-1,t
cpu-gpu-v2,2026-07-19T10:11:30,"20260719_085511_session3",190,190,10,"GEMM","openblas_sgemm",cpu_native,"Intel(R) Core(TM) i9-7900X CPU @ 3.30GHz",1,1024,"N=1024",89,1.035241,1.035241,1.035241,66.388868,66.388868,0.000000,7.459423e-01,64.128926,3.473565e-10,11.631917,11.631917,1.911260e+11,184.62,1.258291e+07,64.13,in_range,,,,1339,1305,,98,98,97,,-1,-1,-1.000000,-1,t
cpu-gpu-v2,2026-07-19T10:11:33,"20260719_085511_session3",191,191,1,"GEMM","openblas_sgemm",cpu_native,"Intel(R) Core(TM) i9-7900X CPU @ 3.30GHz",10,256,"N=256",15597,1.018394,1.018394,1.018394,135.716816,135.716816,0.000000,8.701469e-03,133.265466,2.593240e-10,0.065294,0.065294,5.233485e+11,513.90,7.864320e+05,133.27,in_range,,,,2249,2249,,90,90,90,,-1,-1,-1.000000,-1,t
cpu-gpu-v2,2026-07-19T10:11:34,"20260719_085511_session3",192,192,2,"GEMM","openblas_sgemm",cpu_native,"Intel(R) Core(TM) i9-7900X CPU @ 3.30GHz",10,256,"N=256",15597,1.004303,1.004303,1.004303,134.521567,134.521567,0.000000,8.624836e-03,133.945197,2.570401e-10,0.064391,0.064391,5.233485e+11,521.11,7.864320e+05,133.95,in_range,,,,2374,2354,,91,90,91,,-1,-1,-1.000000,-1,t
cpu-gpu-v2,2026-07-19T10:11:35,"20260719_085511_session3",193,193,3,"GEMM","openblas_sgemm",cpu_native,"Intel(R) Core(TM) i9-7900X CPU @ 3.30GHz",10,256,"N=256",15597,1.013044,1.013044,1.013044,135.553425,135.553425,0.000000,8.690993e-03,133.808094,2.590118e-10,0.064951,0.064951,5.233485e+11,516.61,7.864320e+05,133.81,in_range,,,,2354,2459,,91,91,90,,-1,-1,-1.000000,-1,t
cpu-gpu-v2,2026-07-19T10:11:36,"20260719_085511_session3",194,194,4,"GEMM","openblas_sgemm",cpu_native,"Intel(R) Core(TM) i9-7900X CPU @ 3.30GHz",10,256,"N=256",15597,1.016534,1.016534,1.016534,135.751544,135.751544,0.000000,8.703696e-03,133.543477,2.593903e-10,0.065175,0.065175,5.233485e+11,514.84,7.864320e+05,133.54,in_range,,,,2460,2354,,90,90,90,,-1,-1,-1.000000,-1,t
cpu-gpu-v2,2026-07-19T10:11:37,"20260719_085511_session3",195,195,5,"GEMM","openblas_sgemm",cpu_native,"Intel(R) Core(TM) i9-7900X CPU @ 3.30GHz",10,256,"N=256",15597,1.022111,1.022111,1.022111,136.658769,136.658769,0.000000,8.761862e-03,133.702427,2.611239e-10,0.065533,0.065533,5.233485e+11,512.03,7.864320e+05,133.70,in_range,,,,2354,2250,,90,90,90,,-1,-1,-1.000000,-1,t
cpu-gpu-v2,2026-07-19T10:11:38,"20260719_085511_session3",196,196,6,"GEMM","openblas_sgemm",cpu_native,"Intel(R) Core(TM) i9-7900X CPU @ 3.30GHz",10,256,"N=256",15597,1.012346,1.012346,1.012346,135.730366,135.730366,0.000000,8.702338e-03,134.075132,2.593499e-10,0.064906,0.064906,5.233485e+11,516.97,7.864320e+05,134.08,in_range,,,,2250,2354,,90,90,90,,-1,-1,-1.000000,-1,t
cpu-gpu-v2,2026-07-19T10:11:39,"20260719_085511_session3",197,197,7,"GEMM","openblas_sgemm",cpu_native,"Intel(R) Core(TM) i9-7900X CPU @ 3.30GHz",10,256,"N=256",15597,1.015572,1.015572,1.015572,135.961871,135.961871,0.000000,8.717181e-03,133.877114,2.597922e-10,0.065113,0.065113,5.233485e+11,515.32,7.864320e+05,133.88,in_range,,,,2388,2354,,91,90,91,,-1,-1,-1.000000,-1,t
cpu-gpu-v2,2026-07-19T10:11:40,"20260719_085511_session3",198,198,8,"GEMM","openblas_sgemm",cpu_native,"Intel(R) Core(TM) i9-7900X CPU @ 3.30GHz",10,256,"N=256",15597,1.008756,1.008756,1.008756,135.404622,135.404622,0.000000,8.681453e-03,134.229331,2.587275e-10,0.064676,0.064676,5.233485e+11,518.81,7.864320e+05,134.23,in_range,,,,2354,2250,,91,91,91,,-1,-1,-1.000000,-1,t
cpu-gpu-v2,2026-07-19T10:11:41,"20260719_085511_session3",199,199,9,"GEMM","openblas_sgemm",cpu_native,"Intel(R) Core(TM) i9-7900X CPU @ 3.30GHz",10,256,"N=256",15597,1.016765,1.016765,1.016765,136.281756,136.281756,0.000000,8.737690e-03,134.034654,2.604035e-10,0.065190,0.065190,5.233485e+11,514.72,7.864320e+05,134.03,in_range,,,,2266,2250,,91,91,91,,-1,-1,-1.000000,-1,t
cpu-gpu-v2,2026-07-19T10:11:42,"20260719_085511_session3",200,200,10,"GEMM","openblas_sgemm",cpu_native,"Intel(R) Core(TM) i9-7900X CPU @ 3.30GHz",10,256,"N=256",15597,1.012795,1.012795,1.012795,135.840533,135.840533,0.000000,8.709401e-03,134.124469,2.595604e-10,0.064935,0.064935,5.233485e+11,516.74,7.864320e+05,134.12,in_range,,,,2285,2355,,91,91,91,,-1,-1,-1.000000,-1,t
cpu-gpu-v2,2026-07-19T10:11:49,"20260719_085511_session3",201,201,1,"GEMM","openblas_sgemm",cpu_native,"Intel(R) Core(TM) i9-7900X CPU @ 3.30GHz",2,256,"N=256",9070,0.999461,0.999461,0.999461,82.281283,82.281283,0.000000,9.071806e-03,82.325686,2.703609e-10,0.110194,0.110194,3.043387e+11,304.50,7.864320e+05,82.33,in_range,,,,1606,1479,,99,98,99,,-1,-1,-1.000000,-1,t
cpu-gpu-v2,2026-07-19T10:11:50,"20260719_085511_session3",202,202,2,"GEMM","openblas_sgemm",cpu_native,"Intel(R) Core(TM) i9-7900X CPU @ 3.30GHz",2,256,"N=256",9070,0.997069,0.997069,0.997069,81.982090,81.982090,0.000000,9.038819e-03,82.223046,2.693778e-10,0.109930,0.109930,3.043387e+11,305.23,7.864320e+05,82.22,in_range,,,,1475,1604,,99,99,99,,-1,-1,-1.000000,-1,t
cpu-gpu-v2,2026-07-19T10:11:51,"20260719_085511_session3",203,203,3,"GEMM","openblas_sgemm",cpu_native,"Intel(R) Core(TM) i9-7900X CPU @ 3.30GHz",2,256,"N=256",9070,0.996550,0.996550,0.996550,82.326145,82.326145,0.000000,9.076752e-03,82.611127,2.705083e-10,0.109873,0.109873,3.043387e+11,305.39,7.864320e+05,82.61,in_range,,,,1577,1604,,99,99,98,,-1,-1,-1.000000,-1,t
cpu-gpu-v2,2026-07-19T10:11:52,"20260719_085511_session3",204,204,4,"GEMM","openblas_sgemm",cpu_native,"Intel(R) Core(TM) i9-7900X CPU @ 3.30GHz",2,256,"N=256",9070,0.996101,0.996101,0.996101,82.117954,82.117954,0.000000,9.053799e-03,82.439410,2.698242e-10,0.109824,0.109824,3.043387e+11,305.53,7.864320e+05,82.44,in_range,,,,1633,1550,,98,98,98,,-1,-1,-1.000000,-1,t
cpu-gpu-v2,2026-07-19T10:11:53,"20260719_085511_session3",205,205,5,"GEMM","openblas_sgemm",cpu_native,"Intel(R) Core(TM) i9-7900X CPU @ 3.30GHz",2,256,"N=256",9070,1.000972,1.000972,1.000972,82.066990,82.066990,0.000000,9.048180e-03,81.987318,2.696568e-10,0.110361,0.110361,3.043387e+11,304.04,7.864320e+05,81.99,in_range,,,,1645,1480,,99,97,99,,-1,-1,-1.000000,-1,t
cpu-gpu-v2,2026-07-19T10:11:54,"20260719_085511_session3",206,206,6,"GEMM","openblas_sgemm",cpu_native,"Intel(R) Core(TM) i9-7900X CPU @ 3.30GHz",2,256,"N=256",9070,0.993495,0.993495,0.993495,81.650853,81.650853,0.000000,9.002299e-03,82.185488,2.682894e-10,0.109536,0.109536,3.043387e+11,306.33,7.864320e+05,82.19,in_range,,,,1713,1620,,99,99,99,,-1,-1,-1.000000,-1,t
cpu-gpu-v2,2026-07-19T10:11:55,"20260719_085511_session3",207,207,7,"GEMM","openblas_sgemm",cpu_native,"Intel(R) Core(TM) i9-7900X CPU @ 3.30GHz",2,256,"N=256",9070,0.993680,0.993680,0.993680,81.475256,81.475256,0.000000,8.982939e-03,81.993486,2.677124e-10,0.109557,0.109557,3.043387e+11,306.27,7.864320e+05,81.99,in_range,,,,1775,1616,,99,99,98,,-1,-1,-1.000000,-1,t
cpu-gpu-v2,2026-07-19T10:11:56,"20260719_085511_session3",208,208,8,"GEMM","openblas_sgemm",cpu_native,"Intel(R) Core(TM) i9-7900X CPU @ 3.30GHz",2,256,"N=256",9070,0.994809,0.994809,0.994809,82.071934,82.071934,0.000000,9.048725e-03,82.500195,2.696730e-10,0.109681,0.109681,3.043387e+11,305.93,7.864320e+05,82.50,in_range,,,,1549,1545,,98,98,98,,-1,-1,-1.000000,-1,t
cpu-gpu-v2,2026-07-19T10:11:57,"20260719_085511_session3",209,209,9,"GEMM","openblas_sgemm",cpu_native,"Intel(R) Core(TM) i9-7900X CPU @ 3.30GHz",2,256,"N=256",9070,0.994113,0.994113,0.994113,81.721227,81.721227,0.000000,9.010058e-03,82.205175,2.685207e-10,0.109605,0.109605,3.043387e+11,306.14,7.864320e+05,82.21,in_range,,,,1639,1480,,98,98,98,,-1,-1,-1.000000,-1,t
cpu-gpu-v2,2026-07-19T10:11:58,"20260719_085511_session3",210,210,10,"GEMM","openblas_sgemm",cpu_native,"Intel(R) Core(TM) i9-7900X CPU @ 3.30GHz",2,256,"N=256",9070,0.986581,0.986581,0.986581,81.113867,81.113867,0.000000,8.943094e-03,82.217139,2.665250e-10,0.108774,0.108774,3.043387e+11,308.48,7.864320e+05,82.22,in_range,,,,1637,1596,,98,98,98,,-1,-1,-1.000000,-1,t
cpu-gpu-v2,2026-07-19T10:12:03,"20260719_085511_session3",211,211,1,"GEMM","openblas_sgemm",cpu_native,"Intel(R) Core(TM) i9-7900X CPU @ 3.30GHz",20,8192,"N=8192",1,1.153068,1.153068,1.153068,191.378905,193.765292,2.386387,1.937653e+02,168.043218,1.762285e-10,1153.068206,1153.068206,1.099512e+12,953.55,8.053064e+08,168.04,in_range,,,,3408,3427,,100,99,100,,-1,-1,-1.000000,-1,t
cpu-gpu-v2,2026-07-19T10:12:04,"20260719_085511_session3",212,212,2,"GEMM","openblas_sgemm",cpu_native,"Intel(R) Core(TM) i9-7900X CPU @ 3.30GHz",20,8192,"N=8192",1,1.154783,1.154783,1.154783,191.761289,194.163175,2.401886,1.941632e+02,168.138300,1.765904e-10,1154.782549,1154.782549,1.099512e+12,952.14,8.053064e+08,168.14,in_range,,,,3470,3414,,100,100,99,,-1,-1,-1.000000,-1,t
cpu-gpu-v2,2026-07-19T10:12:05,"20260719_085511_session3",213,213,3,"GEMM","openblas_sgemm",cpu_native,"Intel(R) Core(TM) i9-7900X CPU @ 3.30GHz",20,8192,"N=8192",1,1.150284,1.150284,1.150284,191.423399,193.800223,2.376824,1.938002e+02,168.480277,1.762603e-10,1150.284333,1150.284333,1.099512e+12,955.86,8.053064e+08,168.48,in_range,,,,3488,3332,,99,99,98,,-1,-1,-1.000000,-1,t
cpu-gpu-v2,2026-07-19T10:12:06,"20260719_085511_session3",214,214,4,"GEMM","openblas_sgemm",cpu_native,"Intel(R) Core(TM) i9-7900X CPU @ 3.30GHz",20,8192,"N=8192",1,1.156182,1.156182,1.156182,192.321040,194.695616,2.374576,1.946956e+02,168.395340,1.770746e-10,1156.181733,1156.181733,1.099512e+12,950.99,8.053064e+08,168.40,in_range,,,,3470,3350,,99,98,99,,-1,-1,-1.000000,-1,t
cpu-gpu-v2,2026-07-19T10:12:07,"20260719_085511_session3",215,215,5,"GEMM","openblas_sgemm",cpu_native,"Intel(R) Core(TM) i9-7900X CPU @ 3.30GHz",20,8192,"N=8192",1,1.152376,1.152376,1.152376,191.930722,194.310102,2.379380,1.943101e+02,168.616892,1.767240e-10,1152.376255,1152.376255,1.099512e+12,954.13,8.053064e+08,168.62,in_range,,,,3469,3317,,99,99,99,,-1,-1,-1.000000,-1,t
cpu-gpu-v2,2026-07-19T10:12:09,"20260719_085511_session3",216,216,6,"GEMM","openblas_sgemm",cpu_native,"Intel(R) Core(TM) i9-7900X CPU @ 3.30GHz",20,8192,"N=8192",1,1.154238,1.154238,1.154238,192.143185,194.530444,2.387259,1.945304e+02,168.535870,1.769244e-10,1154.237638,1154.237638,1.099512e+12,952.59,8.053064e+08,168.54,in_range,,,,3453,3368,,99,99,99,,-1,-1,-1.000000,-1,t
cpu-gpu-v2,2026-07-19T10:12:10,"20260719_085511_session3",217,217,7,"GEMM","openblas_sgemm",cpu_native,"Intel(R) Core(TM) i9-7900X CPU @ 3.30GHz",20,8192,"N=8192",1,1.153295,1.153295,1.153295,192.076962,194.445325,2.368363,1.944453e+02,168.599796,1.768470e-10,1153.295138,1153.295138,1.099512e+12,953.37,8.053064e+08,168.60,in_range,,,,3396,3275,,99,99,99,,-1,-1,-1.000000,-1,t
cpu-gpu-v2,2026-07-19T10:12:11,"20260719_085511_session3",218,218,8,"GEMM","openblas_sgemm",cpu_native,"Intel(R) Core(TM) i9-7900X CPU @ 3.30GHz",20,8192,"N=8192",1,1.152839,1.152839,1.152839,192.141659,194.498165,2.356506,1.944982e+02,168.712354,1.768951e-10,1152.838903,1152.838903,1.099512e+12,953.74,8.053064e+08,168.71,in_range,,,,3370,3316,,99,99,99,,-1,-1,-1.000000,-1,t
cpu-gpu-v2,2026-07-19T10:12:12,"20260719_085511_session3",219,219,9,"GEMM","openblas_sgemm",cpu_native,"Intel(R) Core(TM) i9-7900X CPU @ 3.30GHz",20,8192,"N=8192",1,1.150834,1.150834,1.150834,192.040829,194.392072,2.351243,1.943921e+02,168.914076,1.767986e-10,1150.834060,1150.834060,1.099512e+12,955.40,8.053064e+08,168.91,in_range,,,,3407,3307,,99,99,99,,-1,-1,-1.000000,-1,t
cpu-gpu-v2,2026-07-19T10:12:13,"20260719_085511_session3",220,220,10,"GEMM","openblas_sgemm",cpu_native,"Intel(R) Core(TM) i9-7900X CPU @ 3.30GHz",20,8192,"N=8192",1,1.150994,1.150994,1.150994,192.490840,194.872958,2.382118,1.948730e+02,169.308415,1.772359e-10,1150.993927,1150.993927,1.099512e+12,955.27,8.053064e+08,169.31,in_range,,,,3439,3376,,100,99,100,,-1,-1,-1.000000,-1,t
cpu-gpu-v2,2026-07-19T10:12:16,"20260719_085511_session3",221,221,1,"GEMM","openblas_sgemm",cpu_native,"Intel(R) Core(TM) i9-7900X CPU @ 3.30GHz",20,2048,"N=2048",37,1.007176,1.007176,1.007176,157.197473,158.679844,1.482371,4.288644e+00,157.549268,2.496320e-10,27.220973,27.220973,6.356552e+11,631.13,5.033165e+07,157.55,in_range,,,,3299,3299,,96,96,96,,-1,-1,-1.000000,-1,t
cpu-gpu-v2,2026-07-19T10:12:17,"20260719_085511_session3",222,222,2,"GEMM","openblas_sgemm",cpu_native,"Intel(R) Core(TM) i9-7900X CPU @ 3.30GHz",20,2048,"N=2048",37,1.007330,1.007330,1.007330,157.069239,158.551579,1.482340,4.285178e+00,157.397839,2.494302e-10,27.225137,27.225137,6.356552e+11,631.03,5.033165e+07,157.40,in_range,,,,3952,3300,,96,96,96,,-1,-1,-1.000000,-1,t
cpu-gpu-v2,2026-07-19T10:12:18,"20260719_085511_session3",223,223,3,"GEMM","openblas_sgemm",cpu_native,"Intel(R) Core(TM) i9-7900X CPU @ 3.30GHz",20,2048,"N=2048",37,1.006695,1.006695,1.006695,157.038783,158.521721,1.482938,4.284371e+00,157.467467,2.493832e-10,27.207975,27.207975,6.356552e+11,631.43,5.033165e+07,157.47,in_range,,,,3949,3299,,97,96,97,,-1,-1,-1.000000,-1,t
cpu-gpu-v2,2026-07-19T10:12:19,"20260719_085511_session3",224,224,4,"GEMM","openblas_sgemm",cpu_native,"Intel(R) Core(TM) i9-7900X CPU @ 3.30GHz",20,2048,"N=2048",37,1.006787,1.006787,1.006787,157.268701,158.763756,1.495055,4.290912e+00,157.693521,2.497640e-10,27.210454,27.210454,6.356552e+11,631.37,5.033165e+07,157.69,in_range,,,,3983,3300,,97,97,96,,-1,-1,-1.000000,-1,t
cpu-gpu-v2,2026-07-19T10:12:20,"20260719_085511_session3",225,225,5,"GEMM","openblas_sgemm",cpu_native,"Intel(R) Core(TM) i9-7900X CPU @ 3.30GHz",20,2048,"N=2048",37,1.007445,1.007445,1.007445,157.300318,158.793430,1.493112,4.291714e+00,157.620001,2.498107e-10,27.228234,27.228234,6.356552e+11,630.96,5.033165e+07,157.62,in_range,,,,3990,3300,,97,96,97,,-1,-1,-1.000000,-1,t
cpu-gpu-v2,2026-07-19T10:12:21,"20260719_085511_session3",226,226,6,"GEMM","openblas_sgemm",cpu_native,"Intel(R) Core(TM) i9-7900X CPU @ 3.30GHz",20,2048,"N=2048",37,1.007278,1.007278,1.007278,157.345056,158.858975,1.513919,4.293486e+00,157.711221,2.499138e-10,27.223718,27.223718,6.356552e+11,631.06,5.033165e+07,157.71,in_range,,,,3997,3299,,97,97,96,,-1,-1,-1.000000,-1,t
cpu-gpu-v2,2026-07-19T10:12:22,"20260719_085511_session3",227,227,7,"GEMM","openblas_sgemm",cpu_native,"Intel(R) Core(TM) i9-7900X CPU @ 3.30GHz",20,2048,"N=2048",37,1.006334,1.006334,1.006334,157.218592,158.744874,1.526282,4.290402e+00,157.745734,2.497343e-10,27.198213,27.198213,6.356552e+11,631.65,5.033165e+07,157.75,in_range,,,,3989,3299,,97,96,97,,-1,-1,-1.000000,-1,t
cpu-gpu-v2,2026-07-19T10:12:23,"20260719_085511_session3",228,228,8,"GEMM","openblas_sgemm",cpu_native,"Intel(R) Core(TM) i9-7900X CPU @ 3.30GHz",20,2048,"N=2048",37,1.006689,1.006689,1.006689,157.319910,158.813756,1.493846,4.292264e+00,157.758575,2.498426e-10,27.207799,27.207799,6.356552e+11,631.43,5.033165e+07,157.76,in_range,,,,3999,3299,,97,97,96,,-1,-1,-1.000000,-1,t
cpu-gpu-v2,2026-07-19T10:12:24,"20260719_085511_session3",229,229,9,"GEMM","openblas_sgemm",cpu_native,"Intel(R) Core(TM) i9-7900X CPU @ 3.30GHz",20,2048,"N=2048",37,1.006727,1.006727,1.006727,157.322840,158.832032,1.509192,4.292758e+00,157.770772,2.498714e-10,27.208827,27.208827,6.356552e+11,631.41,5.033165e+07,157.77,in_range,,,,3990,3299,,97,96,97,,-1,-1,-1.000000,-1,t
cpu-gpu-v2,2026-07-19T10:12:25,"20260719_085511_session3",230,230,10,"GEMM","openblas_sgemm",cpu_native,"Intel(R) Core(TM) i9-7900X CPU @ 3.30GHz",20,2048,"N=2048",37,1.007998,1.007998,1.007998,157.622705,159.134039,1.511334,4.300920e+00,157.871369,2.503465e-10,27.243192,27.243192,6.356552e+11,630.61,5.033165e+07,157.87,in_range,,,,3987,3300,,97,97,96,,-1,-1,-1.000000,-1,t
cpu-gpu-v2,2026-07-19T10:12:32,"20260719_085511_session3",231,231,1,"GEMM","openblas_sgemm",cpu_native,"Intel(R) Core(TM) i9-7900X CPU @ 3.30GHz",4,512,"N=512",2353,1.001430,1.001430,1.001430,113.665358,113.665358,0.000000,4.830657e-02,113.503065,1.799560e-10,0.425597,0.425597,6.316286e+11,630.73,3.145728e+06,113.50,in_range,,,,1968,1712,,99,99,98,,-1,-1,-1.000000,-1,t
cpu-gpu-v2,2026-07-19T10:12:33,"20260719_085511_session3",232,232,2,"GEMM","openblas_sgemm",cpu_native,"Intel(R) Core(TM) i9-7900X CPU @ 3.30GHz",4,512,"N=512",2353,0.999819,0.999819,0.999819,113.363235,113.363235,0.000000,4.817817e-02,113.383758,1.794777e-10,0.424912,0.424912,6.316286e+11,631.74,3.145728e+06,113.38,in_range,,,,1699,1806,,98,98,98,,-1,-1,-1.000000,-1,t
cpu-gpu-v2,2026-07-19T10:12:34,"20260719_085511_session3",233,233,3,"GEMM","openblas_sgemm",cpu_native,"Intel(R) Core(TM) i9-7900X CPU @ 3.30GHz",4,512,"N=512",2353,1.000137,1.000137,1.000137,113.050736,113.050736,0.000000,4.804536e-02,113.035264,1.789829e-10,0.425048,0.425048,6.316286e+11,631.54,3.145728e+06,113.04,in_range,,,,1948,1914,,98,98,97,,-1,-1,-1.000000,-1,t
cpu-gpu-v2,2026-07-19T10:12:35,"20260719_085511_session3",234,234,4,"GEMM","openblas_sgemm",cpu_native,"Intel(R) Core(TM) i9-7900X CPU @ 3.30GHz",4,512,"N=512",2353,0.999624,0.999624,0.999624,112.787370,112.787370,0.000000,4.793343e-02,112.829756,1.785660e-10,0.424830,0.424830,6.316286e+11,631.87,3.145728e+06,112.83,in_range,,,,1914,1827,,99,97,99,,-1,-1,-1.000000,-1,t
cpu-gpu-v2,2026-07-19T10:12:36,"20260719_085511_session3",235,235,5,"GEMM","openblas_sgemm",cpu_native,"Intel(R) Core(TM) i9-7900X CPU @ 3.30GHz",4,512,"N=512",2353,0.997440,0.997440,0.997440,113.314102,113.314102,0.000000,4.815729e-02,113.604880,1.793999e-10,0.423902,0.423902,6.316286e+11,633.25,3.145728e+06,113.60,in_range,,,,1814,1741,,99,99,99,,-1,-1,-1.000000,-1,t
cpu-gpu-v2,2026-07-19T10:12:37,"20260719_085511_session3",236,236,6,"GEMM","openblas_sgemm",cpu_native,"Intel(R) Core(TM) i9-7900X CPU @ 3.30GHz",4,512,"N=512",2353,0.997713,0.997713,0.997713,113.283158,113.283158,0.000000,4.814414e-02,113.542802,1.793509e-10,0.424018,0.424018,6.316286e+11,633.08,3.145728e+06,113.54,in_range,,,,1801,2179,,98,98,98,,-1,-1,-1.000000,-1,t
cpu-gpu-v2,2026-07-19T10:12:38,"20260719_085511_session3",237,237,7,"GEMM","openblas_sgemm",cpu_native,"Intel(R) Core(TM) i9-7900X CPU @ 3.30GHz",4,512,"N=512",2353,0.998511,0.998511,0.998511,113.639235,113.639235,0.000000,4.829547e-02,113.808712,1.799146e-10,0.424357,0.424357,6.316286e+11,632.57,3.145728e+06,113.81,in_range,,,,2205,1914,,98,98,96,,-1,-1,-1.000000,-1,t
cpu-gpu-v2,2026-07-19T10:12:39,"20260719_085511_session3",238,238,8,"GEMM","openblas_sgemm",cpu_native,"Intel(R) Core(TM) i9-7900X CPU @ 3.30GHz",4,512,"N=512",2353,0.996698,0.996698,0.996698,113.114334,113.114334,0.000000,4.807239e-02,113.489114,1.790836e-10,0.423586,0.423586,6.316286e+11,633.72,3.145728e+06,113.49,in_range,,,,1915,1843,,96,96,96,,-1,-1,-1.000000,-1,t
cpu-gpu-v2,2026-07-19T10:12:40,"20260719_085511_session3",239,239,9,"GEMM","openblas_sgemm",cpu_native,"Intel(R) Core(TM) i9-7900X CPU @ 3.30GHz",4,512,"N=512",2353,0.995074,0.995074,0.995074,113.032425,113.032425,0.000000,4.803758e-02,113.591954,1.789539e-10,0.422896,0.422896,6.316286e+11,634.76,3.145728e+06,113.59,in_range,,,,1699,1962,,99,96,99,,-1,-1,-1.000000,-1,t
cpu-gpu-v2,2026-07-19T10:12:41,"20260719_085511_session3",240,240,10,"GEMM","openblas_sgemm",cpu_native,"Intel(R) Core(TM) i9-7900X CPU @ 3.30GHz",4,512,"N=512",2353,0.996325,0.996325,0.996325,113.143448,113.143448,0.000000,4.808476e-02,113.560748,1.791297e-10,0.423428,0.423428,6.316286e+11,633.96,3.145728e+06,113.56,in_range,,,,1940,1860,,99,99,99,,-1,-1,-1.000000,-1,t
cpu-gpu-v2,2026-07-19T10:12:44,"20260719_085511_session3",241,241,1,"GEMM","openblas_sgemm",cpu_native,"Intel(R) Core(TM) i9-7900X CPU @ 3.30GHz",8,1024,"N=1024",608,1.032582,1.032582,1.032582,163.035655,163.092801,0.057146,2.682447e-01,157.946629,1.249112e-10,1.698325,1.698325,1.305670e+12,1264.47,1.258291e+07,157.95,in_range,,,,2114,2114,,99,99,99,,-1,-1,-1.000000,-1,t
cpu-gpu-v2,2026-07-19T10:12:45,"20260719_085511_session3",242,242,2,"GEMM","openblas_sgemm",cpu_native,"Intel(R) Core(TM) i9-7900X CPU @ 3.30GHz",8,1024,"N=1024",608,1.074087,1.074087,1.074087,162.995616,163.062278,0.066662,2.681945e-01,151.814834,1.248878e-10,1.766590,1.766590,1.305670e+12,1215.61,1.258291e+07,151.81,in_range,,,,2188,2195,,99,99,99,,-1,-1,-1.000000,-1,t
cpu-gpu-v2,2026-07-19T10:12:46,"20260719_085511_session3",243,243,3,"GEMM","openblas_sgemm",cpu_native,"Intel(R) Core(TM) i9-7900X CPU @ 3.30GHz",8,1024,"N=1024",608,1.038391,1.038391,1.038391,162.931346,162.992454,0.061108,2.680797e-01,156.966378,1.248343e-10,1.707880,1.707880,1.305670e+12,1257.40,1.258291e+07,156.97,in_range,,,,2198,2042,,99,99,99,,-1,-1,-1.000000,-1,t
cpu-gpu-v2,2026-07-19T10:12:47,"20260719_085511_session3",244,244,4,"GEMM","openblas_sgemm",cpu_native,"Intel(R) Core(TM) i9-7900X CPU @ 3.30GHz",8,1024,"N=1024",608,1.078525,1.078525,1.078525,162.933482,162.995279,0.061797,2.680843e-01,151.127963,1.248365e-10,1.773890,1.773890,1.305670e+12,1210.61,1.258291e+07,151.13,in_range,,,,2206,2084,,99,99,99,,-1,-1,-1.000000,-1,t
cpu-gpu-v2,2026-07-19T10:12:48,"20260719_085511_session3",245,245,5,"GEMM","openblas_sgemm",cpu_native,"Intel(R) Core(TM) i9-7900X CPU @ 3.30GHz",8,1024,"N=1024",608,1.039833,1.039833,1.039833,163.240121,163.302407,0.062286,2.685895e-01,157.046762,1.250717e-10,1.710252,1.710252,1.305670e+12,1255.65,1.258291e+07,157.05,in_range,,,,2206,2439,,99,99,99,,-1,-1,-1.000000,-1,t
cpu-gpu-v2,2026-07-19T10:12:49,"20260719_085511_session3",246,246,6,"GEMM","openblas_sgemm",cpu_native,"Intel(R) Core(TM) i9-7900X CPU @ 3.30GHz",8,1024,"N=1024",608,1.078940,1.078940,1.078940,163.224924,163.295335,0.070411,2.685779e-01,151.347975,1.250663e-10,1.774572,1.774572,1.305670e+12,1210.14,1.258291e+07,151.35,in_range,,,,2582,2257,,99,99,99,,-1,-1,-1.000000,-1,t
cpu-gpu-v2,2026-07-19T10:12:50,"20260719_085511_session3",247,247,7,"GEMM","openblas_sgemm",cpu_native,"Intel(R) Core(TM) i9-7900X CPU @ 3.30GHz",8,1024,"N=1024",608,1.039620,1.039620,1.039620,163.138315,163.200143,0.061828,2.684213e-01,156.980639,1.249934e-10,1.709901,1.709901,1.305670e+12,1255.91,1.258291e+07,156.98,in_range,,,,2272,2450,,99,99,99,,-1,-1,-1.000000,-1,t
cpu-gpu-v2,2026-07-19T10:12:51,"20260719_085511_session3",248,248,8,"GEMM","openblas_sgemm",cpu_native,"Intel(R) Core(TM) i9-7900X CPU @ 3.30GHz",8,1024,"N=1024",608,1.048942,1.048942,1.048942,163.703011,163.766720,0.063709,2.693532e-01,156.125601,1.254273e-10,1.725234,1.725234,1.305670e+12,1244.75,1.258291e+07,156.13,in_range,,,,2454,2200,,100,99,100,,-1,-1,-1.000000,-1,t
cpu-gpu-v2,2026-07-19T10:12:52,"20260719_085511_session3",249,249,9,"GEMM","openblas_sgemm",cpu_native,"Intel(R) Core(TM) i9-7900X CPU @ 3.30GHz",8,1024,"N=1024",608,1.040332,1.040332,1.040332,163.315378,163.372676,0.057298,2.687051e-01,157.038995,1.251255e-10,1.711072,1.711072,1.305670e+12,1255.05,1.258291e+07,157.04,in_range,,,,2152,2149,,100,100,99,,-1,-1,-1.000000,-1,t
cpu-gpu-v2,2026-07-19T10:12:53,"20260719_085511_session3",250,250,10,"GEMM","openblas_sgemm",cpu_native,"Intel(R) Core(TM) i9-7900X CPU @ 3.30GHz",8,1024,"N=1024",608,1.051766,1.051766,1.051766,163.830940,163.890656,0.059716,2.695570e-01,155.824227,1.255223e-10,1.729879,1.729879,1.305670e+12,1241.41,1.258291e+07,155.82,in_range,,,,2236,2187,,99,99,99,,-1,-1,-1.000000,-1,t
cpu-gpu-v2,2026-07-19T10:12:55,"20260719_085511_session3",251,251,1,"GEMM","openblas_sgemm",cpu_native,"Intel(R) Core(TM) i9-7900X CPU @ 3.30GHz",16,2048,"N=2048",64,1.013579,1.013579,1.013579,167.945432,169.328644,1.383212,2.645760e+00,167.060169,1.540035e-10,15.837169,15.837169,1.099512e+12,1084.78,5.033165e+07,167.06,in_range,,,,2860,2971,,100,100,100,,-1,-1,-1.000000,-1,t
cpu-gpu-v2,2026-07-19T10:12:56,"20260719_085511_session3",252,252,2,"GEMM","openblas_sgemm",cpu_native,"Intel(R) Core(TM) i9-7900X CPU @ 3.30GHz",16,2048,"N=2048",64,1.013628,1.013628,1.013628,168.571162,169.987100,1.415938,2.656048e+00,167.701650,1.546024e-10,15.837939,15.837939,1.099512e+12,1084.73,5.033165e+07,167.70,in_range,,,,3002,2945,,100,100,100,,-1,-1,-1.000000,-1,t
cpu-gpu-v2,2026-07-19T10:12:57,"20260719_085511_session3",253,253,3,"GEMM","openblas_sgemm",cpu_native,"Intel(R) Core(TM) i9-7900X CPU @ 3.30GHz",16,2048,"N=2048",64,1.015758,1.015758,1.015758,167.859800,169.254655,1.394855,2.644604e+00,166.628855,1.539362e-10,15.871225,15.871225,1.099512e+12,1082.45,5.033165e+07,166.63,in_range,,,,2987,2940,,100,100,100,,-1,-1,-1.000000,-1,t
cpu-gpu-v2,2026-07-19T10:12:58,"20260719_085511_session3",254,254,4,"GEMM","openblas_sgemm",cpu_native,"Intel(R) Core(TM) i9-7900X CPU @ 3.30GHz",16,2048,"N=2048",64,1.014661,1.014661,1.014661,168.593502,170.013388,1.419886,2.656459e+00,167.556906,1.546263e-10,15.854072,15.854072,1.099512e+12,1083.63,5.033165e+07,167.56,in_range,,,,2983,2994,,100,100,100,,-1,-1,-1.000000,-1,t
cpu-gpu-v2,2026-07-19T10:12:59,"20260719_085511_session3",255,255,5,"GEMM","openblas_sgemm",cpu_native,"Intel(R) Core(TM) i9-7900X CPU @ 3.30GHz",16,2048,"N=2048",64,1.014835,1.014835,1.014835,168.420956,169.838409,1.417453,2.653725e+00,167.355694,1.544671e-10,15.856796,15.856796,1.099512e+12,1083.44,5.033165e+07,167.36,in_range,,,,2977,2875,,100,100,100,,-1,-1,-1.000000,-1,t
cpu-gpu-v2,2026-07-19T10:13:00,"20260719_085511_session3",256,256,6,"GEMM","openblas_sgemm",cpu_native,"Intel(R) Core(TM) i9-7900X CPU @ 3.30GHz",16,2048,"N=2048",64,1.014984,1.014984,1.014984,168.598018,170.008189,1.410171,2.656378e+00,167.498419,1.546215e-10,15.859122,15.859122,1.099512e+12,1083.28,5.033165e+07,167.50,in_range,,,,3270,2948,,100,100,100,,-1,-1,-1.000000,-1,t
cpu-gpu-v2,2026-07-19T10:13:01,"20260719_085511_session3",257,257,7,"GEMM","openblas_sgemm",cpu_native,"Intel(R) Core(TM) i9-7900X CPU @ 3.30GHz",16,2048,"N=2048",64,1.014725,1.014725,1.014725,168.156735,169.562928,1.406193,2.649421e+00,167.102328,1.542166e-10,15.855080,15.855080,1.099512e+12,1083.56,5.033165e+07,167.10,in_range,,,,3091,2826,,100,100,100,,-1,-1,-1.000000,-1,t
cpu-gpu-v2,2026-07-19T10:13:02,"20260719_085511_session3",258,258,8,"GEMM","openblas_sgemm",cpu_native,"Intel(R) Core(TM) i9-7900X CPU @ 3.30GHz",16,2048,"N=2048",64,1.017336,1.017336,1.017336,168.391049,169.777398,1.386349,2.652772e+00,166.884267,1.544116e-10,15.895877,15.895877,1.099512e+12,1080.78,5.033165e+07,166.88,in_range,,,,2825,2987,,100,100,100,,-1,-1,-1.000000,-1,t
cpu-gpu-v2,2026-07-19T10:13:03,"20260719_085511_session3",259,259,9,"GEMM","openblas_sgemm",cpu_native,"Intel(R) Core(TM) i9-7900X CPU @ 3.30GHz",16,2048,"N=2048",64,1.014893,1.014893,1.014893,168.253658,169.652185,1.398527,2.650815e+00,167.162637,1.542978e-10,15.857703,15.857703,1.099512e+12,1083.38,5.033165e+07,167.16,in_range,,,,3031,2954,,100,100,100,,-1,-1,-1.000000,-1,t
cpu-gpu-v2,2026-07-19T10:13:04,"20260719_085511_session3",260,260,10,"GEMM","openblas_sgemm",cpu_native,"Intel(R) Core(TM) i9-7900X CPU @ 3.30GHz",16,2048,"N=2048",64,1.023173,1.023173,1.023173,168.461178,169.851612,1.390434,2.653931e+00,166.004840,1.544791e-10,15.987073,15.987073,1.099512e+12,1074.61,5.033165e+07,166.00,in_range,,,,2981,2957,,100,100,100,,-1,-1,-1.000000,-1,t
cpu-gpu-v2,2026-07-19T10:13:08,"20260719_085511_session3",261,261,1,"GEMM","openblas_sgemm",cpu_native,"Intel(R) Core(TM) i9-7900X CPU @ 3.30GHz",2,4096,"N=4096",3,1.091038,1.091038,1.091038,93.458867,93.672409,0.213542,3.122414e+01,85.856205,2.271855e-10,363.679438,363.679438,4.123169e+11,377.91,2.013266e+08,85.86,in_range,,,,2052,1582,,99,99,97,,-1,-1,-1.000000,-1,t
cpu-gpu-v2,2026-07-19T10:13:09,"20260719_085511_session3",262,262,2,"GEMM","openblas_sgemm",cpu_native,"Intel(R) Core(TM) i9-7900X CPU @ 3.30GHz",2,4096,"N=4096",3,1.088407,1.088407,1.088407,92.531196,92.758248,0.227052,3.091942e+01,85.223862,2.249684e-10,362.802334,362.802334,4.123169e+11,378.83,2.013266e+08,85.22,in_range,,,,1710,1465,,99,97,99,,-1,-1,-1.000000,-1,t
cpu-gpu-v2,2026-07-19T10:13:10,"20260719_085511_session3",263,263,3,"GEMM","openblas_sgemm",cpu_native,"Intel(R) Core(TM) i9-7900X CPU @ 3.30GHz",2,4096,"N=4096",3,1.090916,1.090916,1.090916,93.420903,93.645905,0.225002,3.121530e+01,85.841521,2.271212e-10,363.638730,363.638730,4.123169e+11,377.95,2.013266e+08,85.84,in_range,,,,1580,1712,,99,99,99,,-1,-1,-1.000000,-1,t
cpu-gpu-v2,2026-07-19T10:13:11,"20260719_085511_session3",264,264,4,"GEMM","openblas_sgemm",cpu_native,"Intel(R) Core(TM) i9-7900X CPU @ 3.30GHz",2,4096,"N=4096",3,1.088073,1.088073,1.088073,92.372444,92.592366,0.219922,3.086412e+01,85.097605,2.245660e-10,362.690841,362.690841,4.123169e+11,378.94,2.013266e+08,85.10,in_range,,,,1876,1576,,99,99,98,,-1,-1,-1.000000,-1,t
cpu-gpu-v2,2026-07-19T10:13:12,"20260719_085511_session3",265,265,5,"GEMM","openblas_sgemm",cpu_native,"Intel(R) Core(TM) i9-7900X CPU @ 3.30GHz",2,4096,"N=4096",3,1.088569,1.088569,1.088569,92.466133,92.687723,0.221590,3.089591e+01,85.146382,2.247973e-10,362.856375,362.856375,4.123169e+11,378.77,2.013266e+08,85.15,in_range,,,,1585,1577,,100,98,100,,-1,-1,-1.000000,-1,t
cpu-gpu-v2,2026-07-19T10:13:13,"20260719_085511_session3",266,266,6,"GEMM","openblas_sgemm",cpu_native,"Intel(R) Core(TM) i9-7900X CPU @ 3.30GHz",2,4096,"N=4096",3,1.088803,1.088803,1.088803,92.888435,93.136463,0.248028,3.104549e+01,85.540217,2.258857e-10,362.934404,362.934404,4.123169e+11,378.69,2.013266e+08,85.54,in_range,,,,1569,1658,,100,100,98,,-1,-1,-1.000000,-1,t
cpu-gpu-v2,2026-07-19T10:13:14,"20260719_085511_session3",267,267,7,"GEMM","openblas_sgemm",cpu_native,"Intel(R) Core(TM) i9-7900X CPU @ 3.30GHz",2,4096,"N=4096",3,1.086846,1.086846,1.086846,92.360481,92.611049,0.250568,3.087035e+01,85.210862,2.246114e-10,362.281863,362.281863,4.123169e+11,379.37,2.013266e+08,85.21,in_range,,,,1671,1579,,99,98,99,,-1,-1,-1.000000,-1,t
cpu-gpu-v2,2026-07-19T10:13:15,"20260719_085511_session3",268,268,8,"GEMM","openblas_sgemm",cpu_native,"Intel(R) Core(TM) i9-7900X CPU @ 3.30GHz",2,4096,"N=4096",3,1.088081,1.088081,1.088081,92.870185,93.121671,0.251486,3.104056e+01,85.583434,2.258498e-10,362.693520,362.693520,4.123169e+11,378.94,2.013266e+08,85.58,in_range,,,,1567,1524,,99,99,98,,-1,-1,-1.000000,-1,t
cpu-gpu-v2,2026-07-19T10:13:16,"20260719_085511_session3",269,269,9,"GEMM","openblas_sgemm",cpu_native,"Intel(R) Core(TM) i9-7900X CPU @ 3.30GHz",2,4096,"N=4096",3,1.084581,1.084581,1.084581,92.431099,92.672931,0.241832,3.089098e+01,85.445834,2.247614e-10,361.527012,361.527012,4.123169e+11,380.16,2.013266e+08,85.45,in_range,,,,1584,1473,,98,98,98,,-1,-1,-1.000000,-1,t
cpu-gpu-v2,2026-07-19T10:13:17,"20260719_085511_session3",270,270,10,"GEMM","openblas_sgemm",cpu_native,"Intel(R) Core(TM) i9-7900X CPU @ 3.30GHz",2,4096,"N=4096",3,1.085316,1.085316,1.085316,92.656623,92.880248,0.223625,3.096008e+01,85.578994,2.252642e-10,361.771988,361.771988,4.123169e+11,379.90,2.013266e+08,85.58,in_range,,,,1597,1583,,98,98,98,,-1,-1,-1.000000,-1,t
cpu-gpu-v2,2026-07-19T10:13:20,"20260719_085511_session3",271,271,1,"GEMM","openblas_sgemm",cpu_native,"Intel(R) Core(TM) i9-7900X CPU @ 3.30GHz",10,2048,"N=2048",71,1.016043,1.016043,1.016043,171.478870,172.724596,1.245726,2.432741e+00,169.997332,1.416042e-10,14.310465,14.310465,1.219771e+12,1200.51,5.033165e+07,170.00,in_range,,,,2671,2244,,100,100,100,,-1,-1,-1.000000,-1,t
cpu-gpu-v2,2026-07-19T10:13:21,"20260719_085511_session3",272,272,2,"GEMM","openblas_sgemm",cpu_native,"Intel(R) Core(TM) i9-7900X CPU @ 3.30GHz",10,2048,"N=2048",71,1.019964,1.019964,1.019964,172.111681,173.368025,1.256344,2.441803e+00,169.974647,1.421317e-10,14.365690,14.365690,1.219771e+12,1195.90,5.033165e+07,169.97,in_range,,,,2430,2563,,100,100,100,,-1,-1,-1.000000,-1,t
cpu-gpu-v2,2026-07-19T10:13:22,"20260719_085511_session3",273,273,3,"GEMM","openblas_sgemm",cpu_native,"Intel(R) Core(TM) i9-7900X CPU @ 3.30GHz",10,2048,"N=2048",71,1.018660,1.018660,1.018660,171.721240,172.966002,1.244762,2.436141e+00,169.797648,1.418021e-10,14.347318,14.347318,1.219771e+12,1197.43,5.033165e+07,169.80,in_range,,,,2945,2666,,100,100,100,,-1,-1,-1.000000,-1,t
cpu-gpu-v2,2026-07-19T10:13:23,"20260719_085511_session3",274,274,4,"GEMM","openblas_sgemm",cpu_native,"Intel(R) Core(TM) i9-7900X CPU @ 3.30GHz",10,2048,"N=2048",71,1.026128,1.026128,1.026128,172.645798,173.881181,1.235383,2.449031e+00,169.453623,1.425523e-10,14.452513,14.452513,1.219771e+12,1188.71,5.033165e+07,169.45,in_range,,,,2831,2337,,100,100,99,,-1,-1,-1.000000,-1,t
cpu-gpu-v2,2026-07-19T10:13:24,"20260719_085511_session3",275,275,5,"GEMM","openblas_sgemm",cpu_native,"Intel(R) Core(TM) i9-7900X CPU @ 3.30GHz",10,2048,"N=2048",71,1.023813,1.023813,1.023813,172.445847,173.713498,1.267651,2.446669e+00,169.673035,1.424149e-10,14.419905,14.419905,1.219771e+12,1191.40,5.033165e+07,169.67,in_range,,,,3092,2546,,100,99,100,,-1,-1,-1.000000,-1,t
cpu-gpu-v2,2026-07-19T10:13:25,"20260719_085511_session3",276,276,6,"GEMM","openblas_sgemm",cpu_native,"Intel(R) Core(TM) i9-7900X CPU @ 3.30GHz",10,2048,"N=2048",71,1.027346,1.027346,1.027346,172.873031,174.138922,1.265891,2.452661e+00,169.503699,1.427637e-10,14.469660,14.469660,1.219771e+12,1187.30,5.033165e+07,169.50,in_range,,,,2552,2457,,100,100,100,,-1,-1,-1.000000,-1,t
cpu-gpu-v2,2026-07-19T10:13:26,"20260719_085511_session3",277,277,7,"GEMM","openblas_sgemm",cpu_native,"Intel(R) Core(TM) i9-7900X CPU @ 3.30GHz",10,2048,"N=2048",71,1.026249,1.026249,1.026249,172.551683,173.816794,1.265111,2.448124e+00,169.370932,1.424996e-10,14.454215,14.454215,1.219771e+12,1188.57,5.033165e+07,169.37,in_range,,,,2511,2336,,100,100,100,,-1,-1,-1.000000,-1,t
cpu-gpu-v2,2026-07-19T10:13:27,"20260719_085511_session3",278,278,8,"GEMM","openblas_sgemm",cpu_native,"Intel(R) Core(TM) i9-7900X CPU @ 3.30GHz",10,2048,"N=2048",71,1.028742,1.028742,1.028742,172.743454,174.004250,1.260796,2.450764e+00,169.142677,1.426532e-10,14.489330,14.489330,1.219771e+12,1185.69,5.033165e+07,169.14,in_range,,,,2368,2335,,100,100,100,,-1,-1,-1.000000,-1,t
cpu-gpu-v2,2026-07-19T10:13:28,"20260719_085511_session3",279,279,9,"GEMM","openblas_sgemm",cpu_native,"Intel(R) Core(TM) i9-7900X CPU @ 3.30GHz",10,2048,"N=2048",71,1.028253,1.028253,1.028253,172.598741,173.850633,1.251892,2.448600e+00,169.073793,1.425273e-10,14.482436,14.482436,1.219771e+12,1186.26,5.033165e+07,169.07,in_range,,,,2881,2350,,100,100,100,,-1,-1,-1.000000,-1,t
cpu-gpu-v2,2026-07-19T10:13:29,"20260719_085511_session3",280,280,10,"GEMM","openblas_sgemm",cpu_native,"Intel(R) Core(TM) i9-7900X CPU @ 3.30GHz",10,2048,"N=2048",71,1.027890,1.027890,1.027890,172.588059,173.828032,1.239973,2.448282e+00,169.111446,1.425088e-10,14.477330,14.477330,1.219771e+12,1186.67,5.033165e+07,169.11,in_range,,,,2381,2332,,100,100,100,,-1,-1,-1.000000,-1,t
cpu-gpu-v2,2026-07-19T10:13:34,"20260719_085511_session3",281,281,1,"GEMM","openblas_sgemm",cpu_native,"Intel(R) Core(TM) i9-7900X CPU @ 3.30GHz",2,1024,"N=1024",173,1.005556,1.005556,1.005556,84.634366,84.634381,0.000015,4.892161e-01,84.166749,2.278090e-10,5.812463,5.812463,3.715147e+11,369.46,1.258291e+07,84.17,in_range,,,,1575,1592,,100,99,100,,-1,-1,-1.000000,-1,t
cpu-gpu-v2,2026-07-19T10:13:35,"20260719_085511_session3",282,282,2,"GEMM","openblas_sgemm",cpu_native,"Intel(R) Core(TM) i9-7900X CPU @ 3.30GHz",2,1024,"N=1024",173,1.003186,1.003186,1.003186,84.537320,84.537381,0.000061,4.886554e-01,84.268873,2.275479e-10,5.798765,5.798765,3.715147e+11,370.33,1.258291e+07,84.27,in_range,,,,1585,1546,,100,100,99,,-1,-1,-1.000000,-1,t
cpu-gpu-v2,2026-07-19T10:13:36,"20260719_085511_session3",283,283,3,"GEMM","openblas_sgemm",cpu_native,"Intel(R) Core(TM) i9-7900X CPU @ 3.30GHz",2,1024,"N=1024",173,1.005075,1.005075,1.005075,84.945705,84.946164,0.000459,4.910183e-01,84.517228,2.286482e-10,5.809683,5.809683,3.715147e+11,369.64,1.258291e+07,84.52,in_range,,,,1543,1601,,99,99,99,,-1,-1,-1.000000,-1,t
cpu-gpu-v2,2026-07-19T10:13:37,"20260719_085511_session3",284,284,4,"GEMM","openblas_sgemm",cpu_native,"Intel(R) Core(TM) i9-7900X CPU @ 3.30GHz",2,1024,"N=1024",173,1.003881,1.003881,1.003881,85.492640,85.492656,0.000016,4.941772e-01,85.162124,2.301192e-10,5.802782,5.802782,3.715147e+11,370.08,1.258291e+07,85.16,in_range,,,,1639,1535,,99,99,98,,-1,-1,-1.000000,-1,t
cpu-gpu-v2,2026-07-19T10:13:38,"20260719_085511_session3",285,285,5,"GEMM","openblas_sgemm",cpu_native,"Intel(R) Core(TM) i9-7900X CPU @ 3.30GHz",2,1024,"N=1024",173,1.002555,1.002555,1.002555,84.543423,84.543469,0.000046,4.886906e-01,84.328001,2.275643e-10,5.795116,5.795116,3.715147e+11,370.57,1.258291e+07,84.33,in_range,,,,1540,1573,,98,98,98,,-1,-1,-1.000000,-1,t
cpu-gpu-v2,2026-07-19T10:13:39,"20260719_085511_session3",286,286,6,"GEMM","openblas_sgemm",cpu_native,"Intel(R) Core(TM) i9-7900X CPU @ 3.30GHz",2,1024,"N=1024",173,1.002301,1.002301,1.002301,85.904626,85.904626,0.000000,4.965585e-01,85.707400,2.312281e-10,5.793648,5.793648,3.715147e+11,370.66,1.258291e+07,85.71,in_range,,,,1583,1447,,99,98,99,,-1,-1,-1.000000,-1,t
cpu-gpu-v2,2026-07-19T10:13:40,"20260719_085511_session3",287,287,7,"GEMM","openblas_sgemm",cpu_native,"Intel(R) Core(TM) i9-7900X CPU @ 3.30GHz",2,1024,"N=1024",173,1.002110,1.002110,1.002110,84.823025,84.823055,0.000030,4.903067e-01,84.644449,2.283168e-10,5.792544,5.792544,3.715147e+11,370.73,1.258291e+07,84.64,in_range,,,,1614,1723,,99,99,99,,-1,-1,-1.000000,-1,t
cpu-gpu-v2,2026-07-19T10:13:41,"20260719_085511_session3",288,288,8,"GEMM","openblas_sgemm",cpu_native,"Intel(R) Core(TM) i9-7900X CPU @ 3.30GHz",2,1024,"N=1024",173,1.000762,1.000762,1.000762,85.156886,85.156978,0.000092,4.922369e-01,85.092107,2.292157e-10,5.784754,5.784754,3.715147e+11,371.23,1.258291e+07,85.09,in_range,,,,1620,3627,,100,99,100,,-1,-1,-1.000000,-1,t
cpu-gpu-v2,2026-07-19T10:13:42,"20260719_085511_session3",289,289,9,"GEMM","openblas_sgemm",cpu_native,"Intel(R) Core(TM) i9-7900X CPU @ 3.30GHz",2,1024,"N=1024",173,0.998868,0.998868,0.998868,85.007900,85.007931,0.000031,4.913753e-01,85.104289,2.288145e-10,5.773802,5.773802,3.715147e+11,371.94,1.258291e+07,85.10,in_range,,,,3643,1584,,100,100,98,,-1,-1,-1.000000,-1,t
cpu-gpu-v2,2026-07-19T10:13:43,"20260719_085511_session3",290,290,10,"GEMM","openblas_sgemm",cpu_native,"Intel(R) Core(TM) i9-7900X CPU @ 3.30GHz",2,1024,"N=1024",173,0.996521,0.996521,0.996521,84.356961,84.356976,0.000015,4.876126e-01,84.651492,2.270623e-10,5.760236,5.760236,3.715147e+11,372.81,1.258291e+07,84.65,in_range,,,,1592,1553,,98,98,98,,-1,-1,-1.000000,-1,t
cpu-gpu-v2,2026-07-19T10:13:45,"20260719_085511_session3",291,291,1,"GEMM","openblas_sgemm",cpu_native,"Intel(R) Core(TM) i9-7900X CPU @ 3.30GHz",4,2048,"N=2048",40,0.990823,0.990823,0.990823,108.506803,109.032634,0.525831,2.725816e+00,110.042458,1.586634e-10,24.770583,24.770583,6.871948e+11,693.56,5.033165e+07,110.04,in_range,,,,1799,1720,,96,96,96,,-1,-1,-1.000000,-1,t
cpu-gpu-v2,2026-07-19T10:13:46,"20260719_085511_session3",292,292,2,"GEMM","openblas_sgemm",cpu_native,"Intel(R) Core(TM) i9-7900X CPU @ 3.30GHz",4,2048,"N=2048",40,1.000518,1.000518,1.000518,106.241977,106.758244,0.516267,2.668956e+00,106.702924,1.553537e-10,25.012961,25.012961,6.871948e+11,686.84,5.033165e+07,106.70,in_range,,,,1785,1787,,96,96,96,,-1,-1,-1.000000,-1,t
cpu-gpu-v2,2026-07-19T10:13:47,"20260719_085511_session3",293,293,3,"GEMM","openblas_sgemm",cpu_native,"Intel(R) Core(TM) i9-7900X CPU @ 3.30GHz",4,2048,"N=2048",40,0.997844,0.997844,0.997844,104.407203,104.955953,0.548750,2.623899e+00,105.182735,1.527310e-10,24.946098,24.946098,6.871948e+11,688.68,5.033165e+07,105.18,in_range,,,,1906,1939,,96,96,95,,-1,-1,-1.000000,-1,t
cpu-gpu-v2,2026-07-19T10:13:48,"20260719_085511_session3",294,294,4,"GEMM","openblas_sgemm",cpu_native,"Intel(R) Core(TM) i9-7900X CPU @ 3.30GHz",4,2048,"N=2048",40,0.995166,0.995166,0.995166,105.606602,106.140296,0.533694,2.653507e+00,106.655915,1.544545e-10,24.879140,24.879140,6.871948e+11,690.53,5.033165e+07,106.66,in_range,,,,1939,1800,,95,95,95,,-1,-1,-1.000000,-1,t
cpu-gpu-v2,2026-07-19T10:13:49,"20260719_085511_session3",295,295,5,"GEMM","openblas_sgemm",cpu_native,"Intel(R) Core(TM) i9-7900X CPU @ 3.30GHz",4,2048,"N=2048",40,0.997053,0.997053,0.997053,106.580843,107.102130,0.521287,2.677553e+00,107.418644,1.558541e-10,24.926336,24.926336,6.871948e+11,689.23,5.033165e+07,107.42,in_range,,,,2001,1784,,96,95,96,,-1,-1,-1.000000,-1,t
cpu-gpu-v2,2026-07-19T10:13:50,"20260719_085511_session3",296,296,6,"GEMM","openblas_sgemm",cpu_native,"Intel(R) Core(TM) i9-7900X CPU @ 3.30GHz",4,2048,"N=2048",40,0.993914,0.993914,0.993914,106.460604,106.992508,0.531904,2.674813e+00,107.647683,1.556946e-10,24.847843,24.847843,6.871948e+11,691.40,5.033165e+07,107.65,in_range,,,,1838,1857,,96,96,96,,-1,-1,-1.000000,-1,t
cpu-gpu-v2,2026-07-19T10:13:51,"20260719_085511_session3",297,297,7,"GEMM","openblas_sgemm",cpu_native,"Intel(R) Core(TM) i9-7900X CPU @ 3.30GHz",4,2048,"N=2048",40,0.996770,0.996770,0.996770,105.274999,105.804838,0.529839,2.645121e+00,106.147699,1.539663e-10,24.919249,24.919249,6.871948e+11,689.42,5.033165e+07,106.15,in_range,,,,1859,1800,,96,96,96,,-1,-1,-1.000000,-1,t
cpu-gpu-v2,2026-07-19T10:13:52,"20260719_085511_session3",298,298,8,"GEMM","openblas_sgemm",cpu_native,"Intel(R) Core(TM) i9-7900X CPU @ 3.30GHz",4,2048,"N=2048",40,0.999395,0.999395,0.999395,106.032688,106.533396,0.500708,2.663335e+00,106.597909,1.550265e-10,24.984870,24.984870,6.871948e+11,687.61,5.033165e+07,106.60,in_range,,,,1827,1799,,96,96,96,,-1,-1,-1.000000,-1,t
cpu-gpu-v2,2026-07-19T10:13:53,"20260719_085511_session3",299,299,9,"GEMM","openblas_sgemm",cpu_native,"Intel(R) Core(TM) i9-7900X CPU @ 3.30GHz",4,2048,"N=2048",40,1.006500,1.006500,1.006500,105.436193,105.954573,0.518380,2.648864e+00,105.270352,1.541842e-10,25.162491,25.162491,6.871948e+11,682.76,5.033165e+07,105.27,in_range,,,,1871,1800,,97,96,97,,-1,-1,-1.000000,-1,t
cpu-gpu-v2,2026-07-19T10:13:54,"20260719_085511_session3",300,300,10,"GEMM","openblas_sgemm",cpu_native,"Intel(R) Core(TM) i9-7900X CPU @ 3.30GHz",4,2048,"N=2048",40,0.996454,0.996454,0.996454,105.109044,105.616683,0.507639,2.640417e+00,105.992479,1.536925e-10,24.911362,24.911362,6.871948e+11,689.64,5.033165e+07,105.99,in_range,,,,1845,1800,,97,97,97,,-1,-1,-1.000000,-1,t
cpu-gpu-v2,2026-07-19T10:14:18,"20260719_085511_session3",301,301,1,"GEMM","openblas_sgemm",cpu_native,"Intel(R) Core(TM) i9-7900X CPU @ 3.30GHz",8,16384,"N=16384",1,6.873469,6.873469,6.873469,1114.396745,1127.823444,13.426699,1.127823e+03,164.083575,1.282187e-10,6873.469480,6873.469480,8.796093e+12,1279.72,3.221225e+09,164.08,above,,,,2042,1929,,100,100,99,,-1,-1,-1.000000,-1,t
cpu-gpu-v2,2026-07-19T10:14:25,"20260719_085511_session3",302,302,2,"GEMM","openblas_sgemm",cpu_native,"Intel(R) Core(TM) i9-7900X CPU @ 3.30GHz",8,16384,"N=16384",1,6.963244,6.963244,6.963244,1111.586448,1124.969113,13.382665,1.124969e+03,161.558200,1.278942e-10,6963.243683,6963.243683,8.796093e+12,1263.22,3.221225e+09,161.56,above,,,,1931,1964,,99,99,99,,-1,-1,-1.000000,-1,t
cpu-gpu-v2,2026-07-19T10:14:32,"20260719_085511_session3",303,303,3,"GEMM","openblas_sgemm",cpu_native,"Intel(R) Core(TM) i9-7900X CPU @ 3.30GHz",8,16384,"N=16384",1,7.018853,7.018853,7.018853,1114.825271,1128.555583,13.730312,1.128556e+03,160.789173,1.283019e-10,7018.853074,7018.853074,8.796093e+12,1253.21,3.221225e+09,160.79,above,,,,2004,1868,,99,99,99,,-1,-1,-1.000000,-1,t
cpu-gpu-v2,2026-07-19T10:14:39,"20260719_085511_session3",304,304,4,"GEMM","openblas_sgemm",cpu_native,"Intel(R) Core(TM) i9-7900X CPU @ 3.30GHz",8,16384,"N=16384",1,7.018198,7.018198,7.018198,1066.235063,1079.499153,13.264090,1.079499e+03,153.814302,1.227248e-10,7018.197505,7018.197505,8.796093e+12,1253.33,3.221225e+09,153.81,above,,,,1884,2331,,100,99,100,,-1,-1,-1.000000,-1,t
cpu-gpu-v2,2026-07-19T10:14:46,"20260719_085511_session3",305,305,5,"GEMM","openblas_sgemm",cpu_native,"Intel(R) Core(TM) i9-7900X CPU @ 3.30GHz",8,16384,"N=16384",1,7.049154,7.049154,7.049154,1061.978056,1075.193844,13.215788,1.075194e+03,152.528063,1.222354e-10,7049.154273,7049.154273,8.796093e+12,1247.82,3.221225e+09,152.53,above,,,,2336,2283,,100,100,99,,-1,-1,-1.000000,-1,t
cpu-gpu-v2,2026-07-19T10:14:53,"20260719_085511_session3",306,306,6,"GEMM","openblas_sgemm",cpu_native,"Intel(R) Core(TM) i9-7900X CPU @ 3.30GHz",8,16384,"N=16384",1,7.094992,7.094992,7.094992,1073.855527,1087.355360,13.499833,1.087355e+03,153.256750,1.236180e-10,7094.991636,7094.991636,8.796093e+12,1239.76,3.221225e+09,153.26,above,,,,2304,2066,,100,99,100,,-1,-1,-1.000000,-1,t
cpu-gpu-v2,2026-07-19T10:15:01,"20260719_085511_session3",307,307,7,"GEMM","openblas_sgemm",cpu_native,"Intel(R) Core(TM) i9-7900X CPU @ 3.30GHz",8,16384,"N=16384",1,7.104520,7.104520,7.104520,1064.126426,1077.240025,13.113599,1.077240e+03,151.627411,1.224680e-10,7104.520349,7104.520349,8.796093e+12,1238.10,3.221225e+09,151.63,above,,,,2057,1979,,100,100,98,,-1,-1,-1.000000,-1,t
cpu-gpu-v2,2026-07-19T10:15:08,"20260719_085511_session3",308,308,8,"GEMM","openblas_sgemm",cpu_native,"Intel(R) Core(TM) i9-7900X CPU @ 3.30GHz",8,16384,"N=16384",1,7.160555,7.160555,7.160555,1102.592270,1116.289029,13.696759,1.116289e+03,155.894208,1.269074e-10,7160.554873,7160.554873,8.796093e+12,1228.41,3.221225e+09,155.89,above,,,,2006,1965,,99,98,99,,-1,-1,-1.000000,-1,t
cpu-gpu-v2,2026-07-19T10:15:15,"20260719_085511_session3",309,309,9,"GEMM","openblas_sgemm",cpu_native,"Intel(R) Core(TM) i9-7900X CPU @ 3.30GHz",8,16384,"N=16384",1,7.169384,7.169384,7.169384,1093.139536,1106.538220,13.398684,1.106538e+03,154.342164,1.257988e-10,7169.383874,7169.383874,8.796093e+12,1226.90,3.221225e+09,154.34,above,,,,1965,1832,,99,99,99,,-1,-1,-1.000000,-1,t
cpu-gpu-v2,2026-07-19T10:15:22,"20260719_085511_session3",310,310,10,"GEMM","openblas_sgemm",cpu_native,"Intel(R) Core(TM) i9-7900X CPU @ 3.30GHz",8,16384,"N=16384",1,7.177533,7.177533,7.177533,1059.246190,1072.743468,13.497278,1.072743e+03,149.458528,1.219568e-10,7177.532670,7177.532670,8.796093e+12,1225.50,3.221225e+09,149.46,above,,,,1832,2131,,99,99,99,,-1,-1,-1.000000,-1,t
cpu-gpu-v2,2026-07-19T10:16:02,"20260719_085511_session3",311,311,1,"GEMM","openblas_sgemm",cpu_native,"Intel(R) Core(TM) i9-7900X CPU @ 3.30GHz",4,16384,"N=16384",1,12.236527,12.236527,12.236527,1392.093177,1403.492779,11.399602,1.403493e+03,114.696984,1.595587e-10,12236.527303,12236.527303,8.796093e+12,718.84,3.221225e+09,114.70,above,,,,1690,1685,,100,98,100,,-1,-1,-1.000000,-1,t
cpu-gpu-v2,2026-07-19T10:16:15,"20260719_085511_session3",312,312,2,"GEMM","openblas_sgemm",cpu_native,"Intel(R) Core(TM) i9-7900X CPU @ 3.30GHz",4,16384,"N=16384",1,12.237689,12.237689,12.237689,1392.585119,1403.788253,11.203134,1.403788e+03,114.710238,1.595922e-10,12237.689343,12237.689343,8.796093e+12,718.77,3.221225e+09,114.71,above,,,,1834,1696,,100,100,99,,-1,-1,-1.000000,-1,t
cpu-gpu-v2,2026-07-19T10:16:27,"20260719_085511_session3",313,313,3,"GEMM","openblas_sgemm",cpu_native,"Intel(R) Core(TM) i9-7900X CPU @ 3.30GHz",4,16384,"N=16384",1,12.237906,12.237906,12.237906,1393.524447,1404.844703,11.320256,1.404845e+03,114.794532,1.597124e-10,12237.906125,12237.906125,8.796093e+12,718.76,3.221225e+09,114.79,above,,,,1735,1699,,99,99,99,,-1,-1,-1.000000,-1,t
cpu-gpu-v2,2026-07-19T10:16:39,"20260719_085511_session3",314,314,4,"GEMM","openblas_sgemm",cpu_native,"Intel(R) Core(TM) i9-7900X CPU @ 3.30GHz",4,16384,"N=16384",1,12.217186,12.217186,12.217186,1387.452198,1398.898296,11.446098,1.398898e+03,114.502499,1.590363e-10,12217.185747,12217.185747,8.796093e+12,719.98,3.221225e+09,114.50,above,,,,1849,1675,,99,99,99,,-1,-1,-1.000000,-1,t
cpu-gpu-v2,2026-07-19T10:16:51,"20260719_085511_session3",315,315,5,"GEMM","openblas_sgemm",cpu_native,"Intel(R) Core(TM) i9-7900X CPU @ 3.30GHz",4,16384,"N=16384",1,12.237184,12.237184,12.237184,1397.218713,1408.397811,11.179098,1.408398e+03,115.091663,1.601163e-10,12237.183645,12237.183645,8.796093e+12,718.80,3.221225e+09,115.09,above,,,,1679,1799,,99,99,99,,-1,-1,-1.000000,-1,t
cpu-gpu-v2,2026-07-19T10:17:04,"20260719_085511_session3",316,316,6,"GEMM","openblas_sgemm",cpu_native,"Intel(R) Core(TM) i9-7900X CPU @ 3.30GHz",4,16384,"N=16384",1,12.257925,12.257925,12.257925,1406.844237,1417.915087,11.070850,1.417915e+03,115.673337,1.611983e-10,12257.925022,12257.925022,8.796093e+12,717.58,3.221225e+09,115.67,above,,,,1797,1690,,99,99,99,,-1,-1,-1.000000,-1,t
cpu-gpu-v2,2026-07-19T10:17:16,"20260719_085511_session3",317,317,7,"GEMM","openblas_sgemm",cpu_native,"Intel(R) Core(TM) i9-7900X CPU @ 3.30GHz",4,16384,"N=16384",1,12.323391,12.323391,12.323391,1404.630071,1415.842247,11.212176,1.415842e+03,114.890635,1.609626e-10,12323.391269,12323.391269,8.796093e+12,713.77,3.221225e+09,114.89,above,,,,1693,1799,,99,99,99,,-1,-1,-1.000000,-1,t
cpu-gpu-v2,2026-07-19T10:17:28,"20260719_085511_session3",318,318,8,"GEMM","openblas_sgemm",cpu_native,"Intel(R) Core(TM) i9-7900X CPU @ 3.30GHz",4,16384,"N=16384",1,12.163688,12.163688,12.163688,1394.515534,1405.547278,11.031744,1.405547e+03,115.552728,1.597922e-10,12163.687527,12163.687527,8.796093e+12,723.14,3.221225e+09,115.55,above,,,,1922,1690,,99,99,99,,-1,-1,-1.000000,-1,t
cpu-gpu-v2,2026-07-19T10:17:40,"20260719_085511_session3",319,319,9,"GEMM","openblas_sgemm",cpu_native,"Intel(R) Core(TM) i9-7900X CPU @ 3.30GHz",4,16384,"N=16384",1,12.231775,12.231775,12.231775,1393.550876,1404.882393,11.331517,1.404882e+03,114.855156,1.597166e-10,12231.774662,12231.774662,8.796093e+12,719.12,3.221225e+09,114.86,above,,,,1713,1685,,99,99,98,,-1,-1,-1.000000,-1,t
cpu-gpu-v2,2026-07-19T10:17:52,"20260719_085511_session3",320,320,10,"GEMM","openblas_sgemm",cpu_native,"Intel(R) Core(TM) i9-7900X CPU @ 3.30GHz",4,16384,"N=16384",1,12.166191,12.166191,12.166191,1387.718859,1398.716682,10.997823,1.398717e+03,114.967509,1.590157e-10,12166.191047,12166.191047,8.796093e+12,722.99,3.221225e+09,114.97,above,,,,1698,1703,,99,98,99,,-1,-1,-1.000000,-1,t
cpu-gpu-v2,2026-07-19T10:17:55,"20260719_085511_session3",321,321,1,"GEMM","openblas_sgemm",cpu_native,"Intel(R) Core(TM) i9-7900X CPU @ 3.30GHz",8,2048,"N=2048",76,1.063516,1.063516,1.063516,162.274426,163.354652,1.080226,2.149403e+00,153.598701,1.251117e-10,13.993629,13.993629,1.305670e+12,1227.69,5.033165e+07,153.60,in_range,,,,2130,2122,,99,99,99,,-1,-1,-1.000000,-1,t
cpu-gpu-v2,2026-07-19T10:17:56,"20260719_085511_session3",322,322,2,"GEMM","openblas_sgemm",cpu_native,"Intel(R) Core(TM) i9-7900X CPU @ 3.30GHz",8,2048,"N=2048",76,1.070681,1.070681,1.070681,163.166880,164.260555,1.093675,2.161323e+00,153.416865,1.258056e-10,14.087911,14.087911,1.305670e+12,1219.48,5.033165e+07,153.42,in_range,,,,2443,2238,,99,99,99,,-1,-1,-1.000000,-1,t
cpu-gpu-v2,2026-07-19T10:17:57,"20260719_085511_session3",323,323,3,"GEMM","openblas_sgemm",cpu_native,"Intel(R) Core(TM) i9-7900X CPU @ 3.30GHz",8,2048,"N=2048",76,1.073066,1.073066,1.073066,163.786263,164.875455,1.089192,2.169414e+00,153.648922,1.262765e-10,14.119291,14.119291,1.305670e+12,1216.77,5.033165e+07,153.65,in_range,,,,2237,2120,,100,99,100,,-1,-1,-1.000000,-1,t
cpu-gpu-v2,2026-07-19T10:17:58,"20260719_085511_session3",324,324,4,"GEMM","openblas_sgemm",cpu_native,"Intel(R) Core(TM) i9-7900X CPU @ 3.30GHz",8,2048,"N=2048",76,1.058812,1.058812,1.058812,162.957469,164.063109,1.105640,2.158725e+00,154.950221,1.256543e-10,13.931733,13.931733,1.305670e+12,1233.15,5.033165e+07,154.95,in_range,,,,2446,2147,,100,100,100,,-1,-1,-1.000000,-1,t
cpu-gpu-v2,2026-07-19T10:17:59,"20260719_085511_session3",325,325,5,"GEMM","openblas_sgemm",cpu_native,"Intel(R) Core(TM) i9-7900X CPU @ 3.30GHz",8,2048,"N=2048",76,1.087900,1.087900,1.087900,160.881547,162.002578,1.121031,2.131613e+00,148.913066,1.240762e-10,14.314478,14.314478,1.305670e+12,1200.17,5.033165e+07,148.91,in_range,,,,2156,2109,,100,100,100,,-1,-1,-1.000000,-1,t
cpu-gpu-v2,2026-07-19T10:18:00,"20260719_085511_session3",326,326,6,"GEMM","openblas_sgemm",cpu_native,"Intel(R) Core(TM) i9-7900X CPU @ 3.30GHz",8,2048,"N=2048",76,1.048384,1.048384,1.048384,163.782051,164.880713,1.098662,2.169483e+00,157.271344,1.262805e-10,13.794522,13.794522,1.305670e+12,1245.41,5.033165e+07,157.27,in_range,,,,2429,2158,,100,100,99,,-1,-1,-1.000000,-1,t
cpu-gpu-v2,2026-07-19T10:18:01,"20260719_085511_session3",327,327,7,"GEMM","openblas_sgemm",cpu_native,"Intel(R) Core(TM) i9-7900X CPU @ 3.30GHz",8,2048,"N=2048",76,1.053357,1.053357,1.053357,164.199714,165.288539,1.088825,2.174849e+00,156.915937,1.265929e-10,13.859964,13.859964,1.305670e+12,1239.53,5.033165e+07,156.92,in_range,,,,2467,2163,,99,99,99,,-1,-1,-1.000000,-1,t
cpu-gpu-v2,2026-07-19T10:18:02,"20260719_085511_session3",328,328,8,"GEMM","openblas_sgemm",cpu_native,"Intel(R) Core(TM) i9-7900X CPU @ 3.30GHz",8,2048,"N=2048",76,1.089422,1.089422,1.089422,160.505266,161.632570,1.127304,2.126744e+00,148.365500,1.237928e-10,14.334494,14.334494,1.305670e+12,1198.50,5.033165e+07,148.37,in_range,,,,2164,2116,,100,99,100,,-1,-1,-1.000000,-1,t
cpu-gpu-v2,2026-07-19T10:18:04,"20260719_085511_session3",329,329,9,"GEMM","openblas_sgemm",cpu_native,"Intel(R) Core(TM) i9-7900X CPU @ 3.30GHz",8,2048,"N=2048",76,1.092601,1.092601,1.092601,160.419206,161.544414,1.125208,2.125584e+00,147.853089,1.237253e-10,14.376327,14.376327,1.305670e+12,1195.01,5.033165e+07,147.85,in_range,,,,2222,2102,,100,100,99,,-1,-1,-1.000000,-1,t
cpu-gpu-v2,2026-07-19T10:18:05,"20260719_085511_session3",330,330,10,"GEMM","openblas_sgemm",cpu_native,"Intel(R) Core(TM) i9-7900X CPU @ 3.30GHz",8,2048,"N=2048",76,1.051898,1.051898,1.051898,163.545601,164.633339,1.087738,2.166228e+00,156.510752,1.260911e-10,13.840762,13.840762,1.305670e+12,1241.25,5.033165e+07,156.51,in_range,,,,2118,2257,,99,99,99,,-1,-1,-1.000000,-1,t
cpu-gpu-v2,2026-07-19T10:18:07,"20260719_085511_session3",331,331,1,"GEMM","openblas_sgemm",cpu_native,"Intel(R) Core(TM) i9-7900X CPU @ 3.30GHz",16,1024,"N=1024",467,1.014689,1.014689,1.014689,163.214060,163.577190,0.363130,3.502724e-01,161.209193,1.631083e-10,2.172782,2.172782,1.002875e+12,988.36,1.258291e+07,161.21,in_range,,,,2915,2915,,100,100,100,,-1,-1,-1.000000,-1,t
cpu-gpu-v2,2026-07-19T10:18:08,"20260719_085511_session3",332,332,2,"GEMM","openblas_sgemm",cpu_native,"Intel(R) Core(TM) i9-7900X CPU @ 3.30GHz",16,1024,"N=1024",467,1.034076,1.034076,1.034076,162.343456,162.687216,0.343760,3.483666e-01,157.326190,1.622209e-10,2.214295,2.214295,1.002875e+12,969.83,1.258291e+07,157.33,in_range,,,,2930,2840,,100,100,99,,-1,-1,-1.000000,-1,t
cpu-gpu-v2,2026-07-19T10:18:09,"20260719_085511_session3",333,333,3,"GEMM","openblas_sgemm",cpu_native,"Intel(R) Core(TM) i9-7900X CPU @ 3.30GHz",16,1024,"N=1024",467,1.018132,1.018132,1.018132,163.472665,163.822821,0.350156,3.507983e-01,160.905229,1.633532e-10,2.180155,2.180155,1.002875e+12,985.01,1.258291e+07,160.91,in_range,,,,2839,2915,,100,99,100,,-1,-1,-1.000000,-1,t
cpu-gpu-v2,2026-07-19T10:18:10,"20260719_085511_session3",334,334,4,"GEMM","openblas_sgemm",cpu_native,"Intel(R) Core(TM) i9-7900X CPU @ 3.30GHz",16,1024,"N=1024",467,1.034090,1.034090,1.034090,161.631117,161.982037,0.350920,3.468566e-01,156.642168,1.615177e-10,2.214325,2.214325,1.002875e+12,969.81,1.258291e+07,156.64,in_range,,,,3034,2888,,100,100,100,,-1,-1,-1.000000,-1,t
cpu-gpu-v2,2026-07-19T10:18:11,"20260719_085511_session3",335,335,5,"GEMM","openblas_sgemm",cpu_native,"Intel(R) Core(TM) i9-7900X CPU @ 3.30GHz",16,1024,"N=1024",467,1.019654,1.019654,1.019654,163.417001,163.772573,0.355572,3.506907e-01,160.615782,1.633031e-10,2.183414,2.183414,1.002875e+12,983.54,1.258291e+07,160.62,in_range,,,,2887,2902,,100,100,100,,-1,-1,-1.000000,-1,t
cpu-gpu-v2,2026-07-19T10:18:12,"20260719_085511_session3",336,336,6,"GEMM","openblas_sgemm",cpu_native,"Intel(R) Core(TM) i9-7900X CPU @ 3.30GHz",16,1024,"N=1024",467,1.017397,1.017397,1.017397,163.462350,163.815275,0.352925,3.507822e-01,161.014071,1.633457e-10,2.178581,2.178581,1.002875e+12,985.73,1.258291e+07,161.01,in_range,,,,2882,2798,,100,100,100,,-1,-1,-1.000000,-1,t
cpu-gpu-v2,2026-07-19T10:18:13,"20260719_085511_session3",337,337,7,"GEMM","openblas_sgemm",cpu_native,"Intel(R) Core(TM) i9-7900X CPU @ 3.30GHz",16,1024,"N=1024",467,1.035177,1.035177,1.035177,161.879834,162.227756,0.347922,3.473828e-01,156.715025,1.617627e-10,2.216653,2.216653,1.002875e+12,968.80,1.258291e+07,156.72,in_range,,,,2802,2752,,100,100,100,,-1,-1,-1.000000,-1,t
cpu-gpu-v2,2026-07-19T10:18:14,"20260719_085511_session3",338,338,8,"GEMM","openblas_sgemm",cpu_native,"Intel(R) Core(TM) i9-7900X CPU @ 3.30GHz",16,1024,"N=1024",467,1.031999,1.031999,1.031999,161.855970,162.197450,0.341480,3.473179e-01,157.168261,1.617325e-10,2.209847,2.209847,1.002875e+12,971.78,1.258291e+07,157.17,in_range,,,,2913,2810,,100,100,99,,-1,-1,-1.000000,-1,t
cpu-gpu-v2,2026-07-19T10:18:15,"20260719_085511_session3",339,339,9,"GEMM","openblas_sgemm",cpu_native,"Intel(R) Core(TM) i9-7900X CPU @ 3.30GHz",16,1024,"N=1024",467,1.033655,1.033655,1.033655,161.786390,162.121981,0.335591,3.471563e-01,156.843436,1.616572e-10,2.213394,2.213394,1.002875e+12,970.22,1.258291e+07,156.84,in_range,,,,2806,2856,,100,99,100,,-1,-1,-1.000000,-1,t
cpu-gpu-v2,2026-07-19T10:18:16,"20260719_085511_session3",340,340,10,"GEMM","openblas_sgemm",cpu_native,"Intel(R) Core(TM) i9-7900X CPU @ 3.30GHz",16,1024,"N=1024",467,1.033925,1.033925,1.033925,161.110427,161.457584,0.347157,3.457336e-01,156.159814,1.609947e-10,2.213973,2.213973,1.002875e+12,969.97,1.258291e+07,156.16,in_range,,,,2805,2877,,100,100,100,,-1,-1,-1.000000,-1,t
cpu-gpu-v2,2026-07-19T10:18:23,"20260719_085511_session3",341,341,1,"GEMM","openblas_sgemm",cpu_native,"Intel(R) Core(TM) i9-7900X CPU @ 3.30GHz",1,128,"N=128",36902,1.000450,1.000450,1.000450,64.728839,64.728839,0.000000,1.754074e-03,64.699722,4.182038e-10,0.027111,0.027111,1.547782e+11,154.71,1.966080e+05,64.70,in_range,,,,1325,1334,,99,99,99,,-1,-1,-1.000000,-1,t
cpu-gpu-v2,2026-07-19T10:18:24,"20260719_085511_session3",342,342,2,"GEMM","openblas_sgemm",cpu_native,"Intel(R) Core(TM) i9-7900X CPU @ 3.30GHz",1,128,"N=128",36902,0.998488,0.998488,0.998488,63.948567,63.948567,0.000000,1.732930e-03,64.045423,4.131626e-10,0.027058,0.027058,1.547782e+11,155.01,1.966080e+05,64.05,in_range,,,,1334,1325,,99,99,96,,-1,-1,-1.000000,-1,t
cpu-gpu-v2,2026-07-19T10:18:25,"20260719_085511_session3",343,343,3,"GEMM","openblas_sgemm",cpu_native,"Intel(R) Core(TM) i9-7900X CPU @ 3.30GHz",1,128,"N=128",36902,1.006657,1.006657,1.006657,60.581388,60.581388,0.000000,1.641683e-03,60.180774,3.914077e-10,0.027279,0.027279,1.547782e+11,153.75,1.966080e+05,60.18,in_range,,,,1292,1573,,97,96,97,,-1,-1,-1.000000,-1,t
cpu-gpu-v2,2026-07-19T10:18:26,"20260719_085511_session3",344,344,4,"GEMM","openblas_sgemm",cpu_native,"Intel(R) Core(TM) i9-7900X CPU @ 3.30GHz",1,128,"N=128",36902,1.012706,1.012706,1.012706,61.640345,61.640345,0.000000,1.670380e-03,60.866963,3.982495e-10,0.027443,0.027443,1.547782e+11,152.84,1.966080e+05,60.87,in_range,,,,1574,1315,,98,97,98,,-1,-1,-1.000000,-1,t
cpu-gpu-v2,2026-07-19T10:18:27,"20260719_085511_session3",345,345,5,"GEMM","openblas_sgemm",cpu_native,"Intel(R) Core(TM) i9-7900X CPU @ 3.30GHz",1,128,"N=128",36902,1.012367,1.012367,1.012367,60.791287,60.791363,0.000076,1.647373e-03,60.048757,3.927644e-10,0.027434,0.027434,1.547782e+11,152.89,1.966080e+05,60.05,in_range,,,,1310,1309,,98,98,97,,-1,-1,-1.000000,-1,t
cpu-gpu-v2,2026-07-19T10:18:28,"20260719_085511_session3",346,346,6,"GEMM","openblas_sgemm",cpu_native,"Intel(R) Core(TM) i9-7900X CPU @ 3.30GHz",1,128,"N=128",36902,1.015844,1.015844,1.015844,60.105925,60.105925,0.000000,1.628799e-03,59.168441,3.883358e-10,0.027528,0.027528,1.547782e+11,152.36,1.966080e+05,59.17,in_range,,,,1429,1314,,98,97,98,,-1,-1,-1.000000,-1,t
cpu-gpu-v2,2026-07-19T10:18:29,"20260719_085511_session3",347,347,7,"GEMM","openblas_sgemm",cpu_native,"Intel(R) Core(TM) i9-7900X CPU @ 3.30GHz",1,128,"N=128",36902,1.009386,1.009386,1.009386,59.198396,59.198396,0.000000,1.604206e-03,58.647914,3.824724e-10,0.027353,0.027353,1.547782e+11,153.34,1.966080e+05,58.65,in_range,,,,1323,1319,,98,98,97,,-1,-1,-1.000000,-1,t
cpu-gpu-v2,2026-07-19T10:18:30,"20260719_085511_session3",348,348,8,"GEMM","openblas_sgemm",cpu_native,"Intel(R) Core(TM) i9-7900X CPU @ 3.30GHz",1,128,"N=128",36902,1.016134,1.016134,1.016134,60.824979,60.824979,0.000000,1.648284e-03,59.859198,3.929815e-10,0.027536,0.027536,1.547782e+11,152.32,1.966080e+05,59.86,in_range,,,,1440,1331,,99,97,99,,-1,-1,-1.000000,-1,t
cpu-gpu-v2,2026-07-19T10:18:31,"20260719_085511_session3",349,349,9,"GEMM","openblas_sgemm",cpu_native,"Intel(R) Core(TM) i9-7900X CPU @ 3.30GHz",1,128,"N=128",36902,1.013986,1.013986,1.013986,60.347624,60.347624,0.000000,1.635348e-03,59.515249,3.898974e-10,0.027478,0.027478,1.547782e+11,152.64,1.966080e+05,59.52,in_range,,,,1456,1315,,99,99,97,,-1,-1,-1.000000,-1,t
cpu-gpu-v2,2026-07-19T10:18:32,"20260719_085511_session3",350,350,10,"GEMM","openblas_sgemm",cpu_native,"Intel(R) Core(TM) i9-7900X CPU @ 3.30GHz",1,128,"N=128",36902,1.012763,1.012763,1.012763,60.030913,60.030913,0.000000,1.626766e-03,59.274376,3.878512e-10,0.027445,0.027445,1.547782e+11,152.83,1.966080e+05,59.27,in_range,,,,1433,1331,,99,97,99,,-1,-1,-1.000000,-1,t
cpu-gpu-v2,2026-07-19T10:18:34,"20260719_085511_session3",351,351,1,"GEMM","openblas_sgemm",cpu_native,"Intel(R) Core(TM) i9-7900X CPU @ 3.30GHz",20,1024,"N=1024",513,1.055398,1.055398,1.055398,176.572912,176.958181,0.385269,3.449477e-01,167.669567,1.606288e-10,2.057307,2.057307,1.101659e+12,1043.83,1.258291e+07,167.67,in_range,,,,3229,3229,,100,100,100,,-1,-1,-1.000000,-1,t
cpu-gpu-v2,2026-07-19T10:18:35,"20260719_085511_session3",352,352,2,"GEMM","openblas_sgemm",cpu_native,"Intel(R) Core(TM) i9-7900X CPU @ 3.30GHz",20,1024,"N=1024",513,1.059302,1.059302,1.059302,176.611792,177.004329,0.392537,3.450377e-01,167.095232,1.606707e-10,2.064916,2.064916,1.101659e+12,1039.99,1.258291e+07,167.10,in_range,,,,3169,3216,,100,100,100,,-1,-1,-1.000000,-1,t
cpu-gpu-v2,2026-07-19T10:18:36,"20260719_085511_session3",353,353,3,"GEMM","openblas_sgemm",cpu_native,"Intel(R) Core(TM) i9-7900X CPU @ 3.30GHz",20,1024,"N=1024",513,1.058686,1.058686,1.058686,176.243567,176.630320,0.386753,3.443086e-01,166.839188,1.603312e-10,2.063715,2.063715,1.101659e+12,1040.59,1.258291e+07,166.84,in_range,,,,3163,3119,,100,100,99,,-1,-1,-1.000000,-1,t
cpu-gpu-v2,2026-07-19T10:18:37,"20260719_085511_session3",354,354,4,"GEMM","openblas_sgemm",cpu_native,"Intel(R) Core(TM) i9-7900X CPU @ 3.30GHz",20,1024,"N=1024",513,1.060956,1.060956,1.060956,176.057471,176.453527,0.396056,3.439640e-01,166.315577,1.601707e-10,2.068141,2.068141,1.101659e+12,1038.36,1.258291e+07,166.32,in_range,,,,3091,3151,,99,99,99,,-1,-1,-1.000000,-1,t
cpu-gpu-v2,2026-07-19T10:18:38,"20260719_085511_session3",355,355,5,"GEMM","openblas_sgemm",cpu_native,"Intel(R) Core(TM) i9-7900X CPU @ 3.30GHz",20,1024,"N=1024",513,1.061769,1.061769,1.061769,175.865272,176.263638,0.398366,3.435938e-01,166.009378,1.599983e-10,2.069725,2.069725,1.101659e+12,1037.57,1.258291e+07,166.01,in_range,,,,3089,3185,,99,99,99,,-1,-1,-1.000000,-1,t
cpu-gpu-v2,2026-07-19T10:18:39,"20260719_085511_session3",356,356,6,"GEMM","openblas_sgemm",cpu_native,"Intel(R) Core(TM) i9-7900X CPU @ 3.30GHz",20,1024,"N=1024",513,1.064019,1.064019,1.064019,176.607153,176.994411,0.387258,3.450183e-01,166.345119,1.606617e-10,2.074112,2.074112,1.101659e+12,1035.38,1.258291e+07,166.35,in_range,,,,3139,3189,,100,99,100,,-1,-1,-1.000000,-1,t
cpu-gpu-v2,2026-07-19T10:18:40,"20260719_085511_session3",357,357,7,"GEMM","openblas_sgemm",cpu_native,"Intel(R) Core(TM) i9-7900X CPU @ 3.30GHz",20,1024,"N=1024",513,1.062601,1.062601,1.062601,175.377480,175.768670,0.391190,3.426290e-01,165.413609,1.595491e-10,2.071347,2.071347,1.101659e+12,1036.76,1.258291e+07,165.41,in_range,,,,3171,3170,,100,100,99,,-1,-1,-1.000000,-1,t
cpu-gpu-v2,2026-07-19T10:18:41,"20260719_085511_session3",358,358,8,"GEMM","openblas_sgemm",cpu_native,"Intel(R) Core(TM) i9-7900X CPU @ 3.30GHz",20,1024,"N=1024",513,1.066986,1.066986,1.066986,175.403603,175.797639,0.394036,3.426855e-01,164.760990,1.595754e-10,2.079894,2.079894,1.101659e+12,1032.50,1.258291e+07,164.76,in_range,,,,3065,3150,,100,99,100,,-1,-1,-1.000000,-1,t
cpu-gpu-v2,2026-07-19T10:18:43,"20260719_085511_session3",359,359,9,"GEMM","openblas_sgemm",cpu_native,"Intel(R) Core(TM) i9-7900X CPU @ 3.30GHz",20,1024,"N=1024",513,1.064406,1.064406,1.064406,174.488445,174.866111,0.377666,3.408696e-01,164.285168,1.587298e-10,2.074865,2.074865,1.101659e+12,1035.00,1.258291e+07,164.29,in_range,,,,3070,3185,,100,100,99,,-1,-1,-1.000000,-1,t
cpu-gpu-v2,2026-07-19T10:18:44,"20260719_085511_session3",360,360,10,"GEMM","openblas_sgemm",cpu_native,"Intel(R) Core(TM) i9-7900X CPU @ 3.30GHz",20,1024,"N=1024",513,1.066611,1.066611,1.066611,174.863627,175.253303,0.389676,3.416244e-01,164.308572,1.590812e-10,2.079163,2.079163,1.101659e+12,1032.86,1.258291e+07,164.31,in_range,,,,3145,3174,,100,99,100,,-1,-1,-1.000000,-1,t
cpu-gpu-v2,2026-07-19T10:18:47,"20260719_085511_session3",361,361,1,"GEMM","openblas_sgemm",cpu_native,"Intel(R) Core(TM) i9-7900X CPU @ 3.30GHz",8,128,"N=128",81373,1.013741,1.013741,1.013741,120.458493,120.458493,0.000000,1.480325e-03,118.825693,3.529370e-10,0.012458,0.012458,3.413031e+11,336.68,1.966080e+05,118.83,in_range,,,,2181,2180,,94,94,94,,-1,-1,-1.000000,-1,t
cpu-gpu-v2,2026-07-19T10:18:48,"20260719_085511_session3",362,362,2,"GEMM","openblas_sgemm",cpu_native,"Intel(R) Core(TM) i9-7900X CPU @ 3.30GHz",8,128,"N=128",81373,1.012994,1.012994,1.012994,120.659054,120.659054,0.000000,1.482790e-03,119.111361,3.535246e-10,0.012449,0.012449,3.413031e+11,336.93,1.966080e+05,119.11,in_range,,,,2180,2163,,95,94,95,,-1,-1,-1.000000,-1,t
cpu-gpu-v2,2026-07-19T10:18:49,"20260719_085511_session3",363,363,3,"GEMM","openblas_sgemm",cpu_native,"Intel(R) Core(TM) i9-7900X CPU @ 3.30GHz",8,128,"N=128",81373,1.006043,1.006043,1.006043,120.461544,120.461544,0.000000,1.480363e-03,119.737972,3.529459e-10,0.012363,0.012363,3.413031e+11,339.25,1.966080e+05,119.74,in_range,,,,2162,2180,,95,95,94,,-1,-1,-1.000000,-1,t
cpu-gpu-v2,2026-07-19T10:18:50,"20260719_085511_session3",364,364,4,"GEMM","openblas_sgemm",cpu_native,"Intel(R) Core(TM) i9-7900X CPU @ 3.30GHz",8,128,"N=128",81373,1.005447,1.005447,1.005447,120.504147,120.504147,0.000000,1.480886e-03,119.851366,3.530708e-10,0.012356,0.012356,3.413031e+11,339.45,1.966080e+05,119.85,in_range,,,,2280,2242,,94,94,94,,-1,-1,-1.000000,-1,t
cpu-gpu-v2,2026-07-19T10:18:51,"20260719_085511_session3",365,365,5,"GEMM","openblas_sgemm",cpu_native,"Intel(R) Core(TM) i9-7900X CPU @ 3.30GHz",8,128,"N=128",81373,1.021236,1.021236,1.021236,121.875665,121.875665,0.000000,1.497741e-03,119.341277,3.570892e-10,0.012550,0.012550,3.413031e+11,334.21,1.966080e+05,119.34,in_range,,,,2263,2068,,94,94,94,,-1,-1,-1.000000,-1,t
cpu-gpu-v2,2026-07-19T10:18:52,"20260719_085511_session3",366,366,6,"GEMM","openblas_sgemm",cpu_native,"Intel(R) Core(TM) i9-7900X CPU @ 3.30GHz",8,128,"N=128",81373,1.063242,1.063242,1.063242,128.636877,128.636877,0.000000,1.580830e-03,120.985524,3.768992e-10,0.013066,0.013066,3.413031e+11,321.00,1.966080e+05,120.99,in_range,,,,2319,2234,,94,94,94,,-1,-1,-1.000000,-1,t
cpu-gpu-v2,2026-07-19T10:18:53,"20260719_085511_session3",367,367,7,"GEMM","openblas_sgemm",cpu_native,"Intel(R) Core(TM) i9-7900X CPU @ 3.30GHz",8,128,"N=128",81373,1.011128,1.011128,1.011128,120.673092,120.673092,0.000000,1.482962e-03,119.345003,3.535658e-10,0.012426,0.012426,3.413031e+11,337.55,1.966080e+05,119.35,in_range,,,,2210,2180,,94,94,93,,-1,-1,-1.000000,-1,t
cpu-gpu-v2,2026-07-19T10:18:54,"20260719_085511_session3",368,368,8,"GEMM","openblas_sgemm",cpu_native,"Intel(R) Core(TM) i9-7900X CPU @ 3.30GHz",8,128,"N=128",81373,1.043663,1.043663,1.043663,122.971793,122.971793,0.000000,1.511211e-03,117.827094,3.603008e-10,0.012826,0.012826,3.413031e+11,327.02,1.966080e+05,117.83,in_range,,,,2222,2180,,93,93,93,,-1,-1,-1.000000,-1,t
cpu-gpu-v2,2026-07-19T10:18:55,"20260719_085511_session3",369,369,9,"GEMM","openblas_sgemm",cpu_native,"Intel(R) Core(TM) i9-7900X CPU @ 3.30GHz",8,128,"N=128",81373,1.008603,1.008603,1.008603,120.385678,120.385678,0.000000,1.479430e-03,119.358878,3.527237e-10,0.012395,0.012395,3.413031e+11,338.39,1.966080e+05,119.36,in_range,,,,2242,2180,,93,93,93,,-1,-1,-1.000000,-1,t
cpu-gpu-v2,2026-07-19T10:18:56,"20260719_085511_session3",370,370,10,"GEMM","openblas_sgemm",cpu_native,"Intel(R) Core(TM) i9-7900X CPU @ 3.30GHz",8,128,"N=128",81373,1.032152,1.032152,1.032152,122.305717,122.305717,0.000000,1.503026e-03,118.495880,3.583493e-10,0.012684,0.012684,3.413031e+11,330.67,1.966080e+05,118.50,in_range,,,,2180,2256,,93,93,93,,-1,-1,-1.000000,-1,t
cpu-gpu-v2,2026-07-19T10:20:08,"20260719_085511_session3",371,371,1,"GEMM","openblas_sgemm",cpu_native,"Intel(R) Core(TM) i9-7900X CPU @ 3.30GHz",2,16384,"N=16384",1,23.011710,23.011710,23.011710,1990.791901,1998.703821,7.911920,1.998704e+03,86.855944,2.272263e-10,23011.710387,23011.710387,8.796093e+12,382.24,3.221225e+09,86.86,above,,,,1564,1852,,100,99,100,,-1,-1,-1.000000,-1,t
cpu-gpu-v2,2026-07-19T10:20:31,"20260719_085511_session3",372,372,2,"GEMM","openblas_sgemm",cpu_native,"Intel(R) Core(TM) i9-7900X CPU @ 3.30GHz",2,16384,"N=16384",1,22.873234,22.873234,22.873234,1985.864667,1993.625500,7.760833,1.993626e+03,87.159755,2.266490e-10,22873.234342,22873.234342,8.796093e+12,384.56,3.221225e+09,87.16,above,,,,1714,1584,,100,100,98,,-1,-1,-1.000000,-1,t
cpu-gpu-v2,2026-07-19T10:20:54,"20260719_085511_session3",373,373,3,"GEMM","openblas_sgemm",cpu_native,"Intel(R) Core(TM) i9-7900X CPU @ 3.30GHz",2,16384,"N=16384",1,22.652114,22.652114,22.652114,1982.951101,1990.787593,7.836492,1.990788e+03,87.885288,2.263263e-10,22652.114428,22652.114428,8.796093e+12,388.31,3.221225e+09,87.89,above,,,,1592,1584,,99,98,99,,-1,-1,-1.000000,-1,t
cpu-gpu-v2,2026-07-19T10:21:16,"20260719_085511_session3",374,374,4,"GEMM","openblas_sgemm",cpu_native,"Intel(R) Core(TM) i9-7900X CPU @ 3.30GHz",2,16384,"N=16384",1,22.329654,22.329654,22.329654,1951.131785,1958.937003,7.805218,1.958937e+03,87.728051,2.227054e-10,22329.653856,22329.653856,8.796093e+12,393.92,3.221225e+09,87.73,above,,,,1827,1538,,99,99,98,,-1,-1,-1.000000,-1,t
cpu-gpu-v2,2026-07-19T10:21:39,"20260719_085511_session3",375,375,5,"GEMM","openblas_sgemm",cpu_native,"Intel(R) Core(TM) i9-7900X CPU @ 3.30GHz",2,16384,"N=16384",1,22.378356,22.378356,22.378356,1974.748668,1982.602265,7.853597,1.982602e+03,88.594634,2.253958e-10,22378.356172,22378.356172,8.796093e+12,393.06,3.221225e+09,88.59,above,,,,1728,1615,,100,98,100,,-1,-1,-1.000000,-1,t
cpu-gpu-v2,2026-07-19T10:22:01,"20260719_085511_session3",376,376,6,"GEMM","openblas_sgemm",cpu_native,"Intel(R) Core(TM) i9-7900X CPU @ 3.30GHz",2,16384,"N=16384",1,22.492745,22.492745,22.492745,2024.948185,2032.887937,7.939752,2.032888e+03,90.379719,2.311126e-10,22492.744538,22492.744538,8.796093e+12,391.06,3.221225e+09,90.38,above,,,,1606,1499,,100,100,100,,-1,-1,-1.000000,-1,t
cpu-gpu-v2,2026-07-19T10:22:23,"20260719_085511_session3",377,377,7,"GEMM","openblas_sgemm",cpu_native,"Intel(R) Core(TM) i9-7900X CPU @ 3.30GHz",2,16384,"N=16384",1,21.800596,21.800596,21.800596,1851.215415,1858.952457,7.737042,1.858952e+03,85.270717,2.113384e-10,21800.596047,21800.596047,8.796093e+12,403.48,3.221225e+09,85.27,above,,,,1610,1611,,100,100,97,,-1,-1,-1.000000,-1,t
cpu-gpu-v2,2026-07-19T10:22:45,"20260719_085511_session3",378,378,8,"GEMM","openblas_sgemm",cpu_native,"Intel(R) Core(TM) i9-7900X CPU @ 3.30GHz",2,16384,"N=16384",1,21.887876,21.887876,21.887876,1879.007397,1886.797116,7.789719,1.886797e+03,86.202841,2.145040e-10,21887.876314,21887.876314,8.796093e+12,401.87,3.221225e+09,86.20,above,,,,1627,1598,,97,97,97,,-1,-1,-1.000000,-1,t
cpu-gpu-v2,2026-07-19T10:23:07,"20260719_085511_session3",379,379,9,"GEMM","openblas_sgemm",cpu_native,"Intel(R) Core(TM) i9-7900X CPU @ 3.30GHz",2,16384,"N=16384",1,21.808158,21.808158,21.808158,1865.244066,1873.307947,8.063881,1.873308e+03,85.899413,2.129705e-10,21808.157787,21808.157787,8.796093e+12,403.34,3.221225e+09,85.90,above,,,,1620,1460,,98,97,98,,-1,-1,-1.000000,-1,t
cpu-gpu-v2,2026-07-19T10:23:28,"20260719_085511_session3",380,380,10,"GEMM","openblas_sgemm",cpu_native,"Intel(R) Core(TM) i9-7900X CPU @ 3.30GHz",2,16384,"N=16384",1,21.639188,21.639188,21.639188,1821.442969,1829.646324,8.203355,1.829646e+03,84.552449,2.080067e-10,21639.187902,21639.187902,8.796093e+12,406.49,3.221225e+09,84.55,above,,,,1604,1557,,98,98,98,,-1,-1,-1.000000,-1,t
cpu-gpu-v2,2026-07-19T10:23:33,"20260719_085511_session3",381,381,1,"GEMM","openblas_sgemm",cpu_native,"Intel(R) Core(TM) i9-7900X CPU @ 3.30GHz",10,128,"N=128",80873,1.003348,1.003348,1.003348,115.330637,115.330637,0.000000,1.426071e-03,114.945818,3.400018e-10,0.012406,0.012406,3.392059e+11,338.07,1.966080e+05,114.95,in_range,,,,2120,2049,,87,87,86,,-1,-1,-1.000000,-1,t
cpu-gpu-v2,2026-07-19T10:23:34,"20260719_085511_session3",382,382,2,"GEMM","openblas_sgemm",cpu_native,"Intel(R) Core(TM) i9-7900X CPU @ 3.30GHz",10,128,"N=128",80873,1.007484,1.007484,1.007484,112.912919,112.912935,0.000016,1.396176e-03,112.074151,3.328743e-10,0.012458,0.012458,3.392059e+11,336.69,1.966080e+05,112.07,in_range,,,,2320,2059,,86,86,85,,-1,-1,-1.000000,-1,t
cpu-gpu-v2,2026-07-19T10:23:35,"20260719_085511_session3",383,383,3,"GEMM","openblas_sgemm",cpu_native,"Intel(R) Core(TM) i9-7900X CPU @ 3.30GHz",10,128,"N=128",80873,1.006454,1.006454,1.006454,112.836809,112.836809,0.000000,1.395235e-03,112.113237,3.326499e-10,0.012445,0.012445,3.392059e+11,337.03,1.966080e+05,112.11,in_range,,,,2166,2161,,85,85,85,,-1,-1,-1.000000,-1,t
cpu-gpu-v2,2026-07-19T10:23:36,"20260719_085511_session3",384,384,4,"GEMM","openblas_sgemm",cpu_native,"Intel(R) Core(TM) i9-7900X CPU @ 3.30GHz",10,128,"N=128",80873,0.994211,0.994211,0.994211,112.830705,112.830705,0.000000,1.395159e-03,113.487675,3.326319e-10,0.012293,0.012293,3.392059e+11,341.18,1.966080e+05,113.49,in_range,,,,2274,2039,,85,85,85,,-1,-1,-1.000000,-1,t
cpu-gpu-v2,2026-07-19T10:23:37,"20260719_085511_session3",385,385,5,"GEMM","openblas_sgemm",cpu_native,"Intel(R) Core(TM) i9-7900X CPU @ 3.30GHz",10,128,"N=128",80873,0.988059,0.988059,0.988059,113.502273,113.502273,0.000000,1.403463e-03,114.874018,3.346117e-10,0.012217,0.012217,3.392059e+11,343.31,1.966080e+05,114.87,in_range,,,,2039,2151,,88,85,88,,-1,-1,-1.000000,-1,t
cpu-gpu-v2,2026-07-19T10:23:38,"20260719_085511_session3",386,386,6,"GEMM","openblas_sgemm",cpu_native,"Intel(R) Core(TM) i9-7900X CPU @ 3.30GHz",10,128,"N=128",80873,0.993329,0.993329,0.993329,113.691665,113.691665,0.000000,1.405805e-03,114.455211,3.351700e-10,0.012283,0.012283,3.392059e+11,341.48,1.966080e+05,114.46,in_range,,,,2202,2181,,88,88,88,,-1,-1,-1.000000,-1,t
cpu-gpu-v2,2026-07-19T10:23:39,"20260719_085511_session3",387,387,7,"GEMM","openblas_sgemm",cpu_native,"Intel(R) Core(TM) i9-7900X CPU @ 3.30GHz",10,128,"N=128",80873,0.998373,0.998373,0.998373,113.239456,113.239456,0.000000,1.400213e-03,113.423993,3.338369e-10,0.012345,0.012345,3.392059e+11,339.76,1.966080e+05,113.42,in_range,,,,2237,2256,,88,88,87,,-1,-1,-1.000000,-1,t
cpu-gpu-v2,2026-07-19T10:23:40,"20260719_085511_session3",388,388,8,"GEMM","openblas_sgemm",cpu_native,"Intel(R) Core(TM) i9-7900X CPU @ 3.30GHz",10,128,"N=128",80873,1.002956,1.002956,1.002956,113.062150,113.062150,0.000000,1.398021e-03,112.728918,3.333142e-10,0.012402,0.012402,3.392059e+11,338.21,1.966080e+05,112.73,in_range,,,,2230,2252,,87,87,87,,-1,-1,-1.000000,-1,t
cpu-gpu-v2,2026-07-19T10:23:41,"20260719_085511_session3",389,389,9,"GEMM","openblas_sgemm",cpu_native,"Intel(R) Core(TM) i9-7900X CPU @ 3.30GHz",10,128,"N=128",80873,1.002605,1.002605,1.002605,115.325084,115.325084,0.000000,1.426002e-03,115.025425,3.399854e-10,0.012397,0.012397,3.392059e+11,338.32,1.966080e+05,115.03,in_range,,,,2190,2153,,89,87,89,,-1,-1,-1.000000,-1,t
cpu-gpu-v2,2026-07-19T10:23:42,"20260719_085511_session3",390,390,10,"GEMM","openblas_sgemm",cpu_native,"Intel(R) Core(TM) i9-7900X CPU @ 3.30GHz",10,128,"N=128",80873,1.022853,1.022853,1.022853,118.317080,118.317080,0.000000,1.462999e-03,115.673578,3.488060e-10,0.012648,0.012648,3.392059e+11,331.63,1.966080e+05,115.67,in_range,,,,2433,2234,,89,89,87,,-1,-1,-1.000000,-1,t
cpu-gpu-v2,2026-07-19T10:23:46,"20260719_085511_session3",391,391,1,"GEMM","openblas_sgemm",cpu_native,"Intel(R) Core(TM) i9-7900X CPU @ 3.30GHz",10,64,"N=64",437982,0.999694,0.999694,0.999694,57.144629,57.144629,0.000000,1.304726e-04,57.162094,2.488566e-10,0.002283,0.002283,2.296287e+11,229.70,4.915200e+04,57.16,in_range,,,,1339,1339,,97,97,97,,-1,-1,-1.000000,-1,t
cpu-gpu-v2,2026-07-19T10:23:47,"20260719_085511_session3",392,392,2,"GEMM","openblas_sgemm",cpu_native,"Intel(R) Core(TM) i9-7900X CPU @ 3.30GHz",10,64,"N=64",437982,0.984118,0.984118,0.984118,55.777018,55.777018,0.000000,1.273500e-04,56.677163,2.429009e-10,0.002247,0.002247,2.296287e+11,233.33,4.915200e+04,56.68,in_range,,,,1218,1491,,97,97,97,,-1,-1,-1.000000,-1,t
cpu-gpu-v2,2026-07-19T10:23:48,"20260719_085511_session3",393,393,3,"GEMM","openblas_sgemm",cpu_native,"Intel(R) Core(TM) i9-7900X CPU @ 3.30GHz",10,64,"N=64",437982,0.998104,0.998104,0.998104,56.989478,56.989478,0.000000,1.301183e-04,57.097750,2.481810e-10,0.002279,0.002279,2.296287e+11,230.06,4.915200e+04,57.10,in_range,,,,1662,1340,,97,97,96,,-1,-1,-1.000000,-1,t
cpu-gpu-v2,2026-07-19T10:23:49,"20260719_085511_session3",394,394,4,"GEMM","openblas_sgemm",cpu_native,"Intel(R) Core(TM) i9-7900X CPU @ 3.30GHz",10,64,"N=64",437982,0.999996,0.999996,0.999996,56.965065,56.965065,0.000000,1.300626e-04,56.965310,2.480747e-10,0.002283,0.002283,2.296287e+11,229.63,4.915200e+04,56.97,in_range,,,,1341,1339,,96,96,96,,-1,-1,-1.000000,-1,t
cpu-gpu-v2,2026-07-19T10:23:50,"20260719_085511_session3",395,395,5,"GEMM","openblas_sgemm",cpu_native,"Intel(R) Core(TM) i9-7900X CPU @ 3.30GHz",10,64,"N=64",437982,0.999664,0.999664,0.999664,56.290872,56.290872,0.000000,1.285233e-04,56.309806,2.451387e-10,0.002282,0.002282,2.296287e+11,229.71,4.915200e+04,56.31,in_range,,,,1502,1339,,97,96,97,,-1,-1,-1.000000,-1,t
cpu-gpu-v2,2026-07-19T10:23:51,"20260719_085511_session3",396,396,6,"GEMM","openblas_sgemm",cpu_native,"Intel(R) Core(TM) i9-7900X CPU @ 3.30GHz",10,64,"N=64",437982,1.020502,1.020502,1.020502,59.200776,59.200776,0.000000,1.351671e-04,58.011411,2.578109e-10,0.002330,0.002330,2.296287e+11,225.02,4.915200e+04,58.01,in_range,,,,1270,1340,,99,97,99,,-1,-1,-1.000000,-1,t
cpu-gpu-v2,2026-07-19T10:23:52,"20260719_085511_session3",397,397,7,"GEMM","openblas_sgemm",cpu_native,"Intel(R) Core(TM) i9-7900X CPU @ 3.30GHz",10,64,"N=64",437982,1.026273,1.026273,1.026273,60.438077,60.438077,0.000000,1.379921e-04,58.890837,2.631991e-10,0.002343,0.002343,2.296287e+11,223.75,4.915200e+04,58.89,in_range,,,,1248,1339,,99,99,99,,-1,-1,-1.000000,-1,t
cpu-gpu-v2,2026-07-19T10:23:53,"20260719_085511_session3",398,398,8,"GEMM","openblas_sgemm",cpu_native,"Intel(R) Core(TM) i9-7900X CPU @ 3.30GHz",10,64,"N=64",437982,1.039308,1.039308,1.039308,61.277248,61.277248,0.000000,1.399081e-04,58.959665,2.668536e-10,0.002373,0.002373,2.296287e+11,220.94,4.915200e+04,58.96,in_range,,,,1343,1339,,99,99,97,,-1,-1,-1.000000,-1,t
cpu-gpu-v2,2026-07-19T10:23:54,"20260719_085511_session3",399,399,9,"GEMM","openblas_sgemm",cpu_native,"Intel(R) Core(TM) i9-7900X CPU @ 3.30GHz",10,64,"N=64",437982,0.999406,0.999406,0.999406,55.782878,55.782878,0.000000,1.273634e-04,55.816009,2.429264e-10,0.002282,0.002282,2.296287e+11,229.77,4.915200e+04,55.82,in_range,,,,1340,1339,,97,97,96,,-1,-1,-1.000000,-1,t
cpu-gpu-v2,2026-07-19T10:23:55,"20260719_085511_session3",400,400,10,"GEMM","openblas_sgemm",cpu_native,"Intel(R) Core(TM) i9-7900X CPU @ 3.30GHz",10,64,"N=64",437982,0.999644,0.999644,0.999644,56.247476,56.247476,0.000000,1.284242e-04,56.267481,2.449497e-10,0.002282,0.002282,2.296287e+11,229.71,4.915200e+04,56.27,in_range,,,,1303,1488,,96,96,95,,-1,-1,-1.000000,-1,t
cpu-gpu-v2,2026-07-19T10:24:01,"20260719_085511_session3",401,401,1,"GEMM","openblas_sgemm",cpu_native,"Intel(R) Core(TM) i9-7900X CPU @ 3.30GHz",8,8192,"N=8192",2,1.586206,1.586206,1.586206,267.493089,270.316123,2.823034,1.351581e+02,170.416739,1.229255e-10,793.103202,793.103202,2.199023e+12,1386.34,8.053064e+08,170.42,above,,,,2325,2276,,98,98,98,,-1,-1,-1.000000,-1,t
cpu-gpu-v2,2026-07-19T10:24:02,"20260719_085511_session3",402,402,2,"GEMM","openblas_sgemm",cpu_native,"Intel(R) Core(TM) i9-7900X CPU @ 3.30GHz",8,8192,"N=8192",2,1.598784,1.598784,1.598784,267.120043,269.942969,2.822926,1.349715e+02,168.842642,1.227559e-10,799.392162,799.392162,2.199023e+12,1375.43,8.053064e+08,168.84,above,,,,2434,2542,,99,98,99,,-1,-1,-1.000000,-1,t
cpu-gpu-v2,2026-07-19T10:24:04,"20260719_085511_session3",403,403,3,"GEMM","openblas_sgemm",cpu_native,"Intel(R) Core(TM) i9-7900X CPU @ 3.30GHz",8,8192,"N=8192",2,1.602405,1.602405,1.602405,268.523421,271.321684,2.798263,1.356608e+02,169.321511,1.233828e-10,801.202640,801.202640,2.199023e+12,1372.33,8.053064e+08,169.32,above,,,,2425,2350,,99,99,99,,-1,-1,-1.000000,-1,t
cpu-gpu-v2,2026-07-19T10:24:05,"20260719_085511_session3",404,404,4,"GEMM","openblas_sgemm",cpu_native,"Intel(R) Core(TM) i9-7900X CPU @ 3.30GHz",8,8192,"N=8192",2,1.616156,1.616156,1.616156,267.386523,270.161071,2.774548,1.350805e+02,167.162710,1.228550e-10,808.078164,808.078164,2.199023e+12,1360.65,8.053064e+08,167.16,above,,,,2356,2254,,99,99,99,,-1,-1,-1.000000,-1,t
cpu-gpu-v2,2026-07-19T10:24:07,"20260719_085511_session3",405,405,5,"GEMM","openblas_sgemm",cpu_native,"Intel(R) Core(TM) i9-7900X CPU @ 3.30GHz",8,8192,"N=8192",2,1.622936,1.622936,1.622936,269.085126,271.920889,2.835763,1.359604e+02,167.548741,1.236553e-10,811.468014,811.468014,2.199023e+12,1354.97,8.053064e+08,167.55,above,,,,2254,2224,,100,99,100,,-1,-1,-1.000000,-1,t
cpu-gpu-v2,2026-07-19T10:24:09,"20260719_085511_session3",406,406,6,"GEMM","openblas_sgemm",cpu_native,"Intel(R) Core(TM) i9-7900X CPU @ 3.30GHz",8,8192,"N=8192",2,1.623223,1.623223,1.623223,268.189621,271.077940,2.888319,1.355390e+02,166.999783,1.232720e-10,811.611655,811.611655,2.199023e+12,1354.73,8.053064e+08,167.00,above,,,,2219,3145,,100,100,99,,-1,-1,-1.000000,-1,t
cpu-gpu-v2,2026-07-19T10:24:10,"20260719_085511_session3",407,407,7,"GEMM","openblas_sgemm",cpu_native,"Intel(R) Core(TM) i9-7900X CPU @ 3.30GHz",8,8192,"N=8192",2,1.630563,1.630563,1.630563,269.284772,272.163895,2.879123,1.360819e+02,166.914016,1.237658e-10,815.281729,815.281729,2.199023e+12,1348.63,8.053064e+08,166.91,above,,,,3144,2204,,100,99,100,,-1,-1,-1.000000,-1,t
cpu-gpu-v2,2026-07-19T10:24:12,"20260719_085511_session3",408,408,8,"GEMM","openblas_sgemm",cpu_native,"Intel(R) Core(TM) i9-7900X CPU @ 3.30GHz",8,8192,"N=8192",2,1.629466,1.629466,1.629466,268.235459,271.046452,2.810993,1.355232e+02,166.340667,1.232577e-10,814.732972,814.732972,2.199023e+12,1349.54,8.053064e+08,166.34,above,,,,2217,2215,,100,100,99,,-1,-1,-1.000000,-1,t
cpu-gpu-v2,2026-07-19T10:24:14,"20260719_085511_session3",409,409,9,"GEMM","openblas_sgemm",cpu_native,"Intel(R) Core(TM) i9-7900X CPU @ 3.30GHz",8,8192,"N=8192",2,1.638585,1.638585,1.638585,269.693645,272.507911,2.814266,1.362540e+02,166.306875,1.239223e-10,819.292379,819.292379,2.199023e+12,1342.03,8.053064e+08,166.31,above,,,,2218,2219,,99,99,99,,-1,-1,-1.000000,-1,t
cpu-gpu-v2,2026-07-19T10:24:15,"20260719_085511_session3",410,410,10,"GEMM","openblas_sgemm",cpu_native,"Intel(R) Core(TM) i9-7900X CPU @ 3.30GHz",8,8192,"N=8192",2,1.660771,1.660771,1.660771,266.657032,269.446880,2.789848,1.347234e+02,162.242085,1.225303e-10,830.385287,830.385287,2.199023e+12,1324.10,8.053064e+08,162.24,above,,,,2228,2233,,99,99,99,,-1,-1,-1.000000,-1,t
cpu-gpu-v2,2026-07-19T10:24:19,"20260719_085511_session3",411,411,1,"GEMM","openblas_sgemm",cpu_native,"Intel(R) Core(TM) i9-7900X CPU @ 3.30GHz",10,4096,"N=4096",11,1.097947,1.097947,1.097947,189.379093,191.462662,2.083569,1.740570e+01,174.382457,1.266431e-10,99.813346,99.813346,1.511828e+12,1376.96,2.013266e+08,174.38,in_range,,,,2260,2298,,98,97,98,,-1,-1,-1.000000,-1,t
cpu-gpu-v2,2026-07-19T10:24:20,"20260719_085511_session3",412,412,2,"GEMM","openblas_sgemm",cpu_native,"Intel(R) Core(TM) i9-7900X CPU @ 3.30GHz",10,4096,"N=4096",11,1.110307,1.110307,1.110307,191.207701,193.287951,2.080250,1.757163e+01,174.085150,1.278504e-10,100.936995,100.936995,1.511828e+12,1361.63,2.013266e+08,174.09,in_range,,,,2823,2254,,98,98,98,,-1,-1,-1.000000,-1,t
cpu-gpu-v2,2026-07-19T10:24:21,"20260719_085511_session3",413,413,3,"GEMM","openblas_sgemm",cpu_native,"Intel(R) Core(TM) i9-7900X CPU @ 3.30GHz",10,4096,"N=4096",11,1.101096,1.101096,1.101096,190.031862,192.131879,2.100017,1.746653e+01,174.491466,1.270858e-10,100.099648,100.099648,1.511828e+12,1373.02,2.013266e+08,174.49,in_range,,,,2404,2283,,98,98,98,,-1,-1,-1.000000,-1,t
cpu-gpu-v2,2026-07-19T10:24:22,"20260719_085511_session3",414,414,4,"GEMM","openblas_sgemm",cpu_native,"Intel(R) Core(TM) i9-7900X CPU @ 3.30GHz",10,4096,"N=4096",11,1.106896,1.106896,1.106896,190.940307,193.047606,2.107299,1.754978e+01,174.404501,1.276915e-10,100.626889,100.626889,1.511828e+12,1365.83,2.013266e+08,174.40,in_range,,,,2706,2355,,98,98,98,,-1,-1,-1.000000,-1,t
cpu-gpu-v2,2026-07-19T10:24:23,"20260719_085511_session3",415,415,5,"GEMM","openblas_sgemm",cpu_native,"Intel(R) Core(TM) i9-7900X CPU @ 3.30GHz",10,4096,"N=4096",11,1.115791,1.115791,1.115791,192.073727,194.175580,2.101853,1.765233e+01,174.025002,1.284376e-10,101.435571,101.435571,1.511828e+12,1354.94,2.013266e+08,174.03,in_range,,,,2694,2359,,99,98,99,,-1,-1,-1.000000,-1,t
cpu-gpu-v2,2026-07-19T10:24:25,"20260719_085511_session3",416,416,6,"GEMM","openblas_sgemm",cpu_native,"Intel(R) Core(TM) i9-7900X CPU @ 3.30GHz",10,4096,"N=4096",11,1.117869,1.117869,1.117869,192.402950,194.532297,2.129347,1.768475e+01,174.020670,1.286735e-10,101.624447,101.624447,1.511828e+12,1352.42,2.013266e+08,174.02,in_range,,,,2620,2373,,99,99,98,,-1,-1,-1.000000,-1,t
cpu-gpu-v2,2026-07-19T10:24:26,"20260719_085511_session3",417,417,7,"GEMM","openblas_sgemm",cpu_native,"Intel(R) Core(TM) i9-7900X CPU @ 3.30GHz",10,4096,"N=4096",11,1.118050,1.118050,1.118050,192.426205,194.545576,2.119371,1.768596e+01,174.004347,1.286823e-10,101.640917,101.640917,1.511828e+12,1352.20,2.013266e+08,174.00,in_range,,,,2516,2277,,99,98,99,,-1,-1,-1.000000,-1,t
cpu-gpu-v2,2026-07-19T10:24:27,"20260719_085511_session3",418,418,8,"GEMM","openblas_sgemm",cpu_native,"Intel(R) Core(TM) i9-7900X CPU @ 3.30GHz",10,4096,"N=4096",11,1.119605,1.119605,1.119605,192.998407,195.092809,2.094402,1.773571e+01,174.251408,1.290443e-10,101.782305,101.782305,1.511828e+12,1350.32,2.013266e+08,174.25,in_range,,,,2394,2432,,99,99,98,,-1,-1,-1.000000,-1,t
cpu-gpu-v2,2026-07-19T10:24:28,"20260719_085511_session3",419,419,9,"GEMM","openblas_sgemm",cpu_native,"Intel(R) Core(TM) i9-7900X CPU @ 3.30GHz",10,4096,"N=4096",11,1.119343,1.119343,1.119343,192.548518,194.676074,2.127556,1.769782e+01,173.919944,1.287686e-10,101.758456,101.758456,1.511828e+12,1350.64,2.013266e+08,173.92,in_range,,,,2596,2384,,99,98,99,,-1,-1,-1.000000,-1,t
cpu-gpu-v2,2026-07-19T10:24:29,"20260719_085511_session3",420,420,10,"GEMM","openblas_sgemm",cpu_native,"Intel(R) Core(TM) i9-7900X CPU @ 3.30GHz",10,4096,"N=4096",11,1.120184,1.120184,1.120184,193.119928,195.257338,2.137410,1.775067e+01,174.308240,1.291531e-10,101.834928,101.834928,1.511828e+12,1349.62,2.013266e+08,174.31,in_range,,,,2513,2375,,99,99,99,,-1,-1,-1.000000,-1,t
cpu-gpu-v2,2026-07-19T10:24:32,"20260719_085511_session3",421,421,1,"GEMM","openblas_sgemm",cpu_native,"Intel(R) Core(TM) i9-7900X CPU @ 3.30GHz",20,256,"N=256",16669,0.997695,0.997695,0.997695,155.609648,155.609648,0.000000,9.335272e-03,155.969079,2.782128e-10,0.059853,0.059853,5.593188e+11,560.61,7.864320e+05,155.97,in_range,,,,3300,3299,,97,97,97,,-1,-1,-1.000000,-1,t
cpu-gpu-v2,2026-07-19T10:24:33,"20260719_085511_session3",422,422,2,"GEMM","openblas_sgemm",cpu_native,"Intel(R) Core(TM) i9-7900X CPU @ 3.30GHz",20,256,"N=256",16669,1.014557,1.014557,1.014557,157.409814,157.409814,0.000000,9.443267e-03,155.151342,2.814313e-10,0.060865,0.060865,5.593188e+11,551.29,7.864320e+05,155.15,in_range,,,,3995,3299,,100,100,97,,-1,-1,-1.000000,-1,t
cpu-gpu-v2,2026-07-19T10:24:34,"20260719_085511_session3",423,423,3,"GEMM","openblas_sgemm",cpu_native,"Intel(R) Core(TM) i9-7900X CPU @ 3.30GHz",20,256,"N=256",16669,1.005791,1.005791,1.005791,156.512356,156.512356,0.000000,9.389427e-03,155.611247,2.798267e-10,0.060339,0.060339,5.593188e+11,556.10,7.864320e+05,155.61,in_range,,,,3989,3300,,97,97,97,,-1,-1,-1.000000,-1,t
cpu-gpu-v2,2026-07-19T10:24:35,"20260719_085511_session3",424,424,4,"GEMM","openblas_sgemm",cpu_native,"Intel(R) Core(TM) i9-7900X CPU @ 3.30GHz",20,256,"N=256",16669,1.014228,1.014228,1.014228,157.358911,157.358911,0.000000,9.440213e-03,155.151427,2.813403e-10,0.060845,0.060845,5.593188e+11,551.47,7.864320e+05,155.15,in_range,,,,3986,3299,,97,97,97,,-1,-1,-1.000000,-1,t
cpu-gpu-v2,2026-07-19T10:24:36,"20260719_085511_session3",425,425,5,"GEMM","openblas_sgemm",cpu_native,"Intel(R) Core(TM) i9-7900X CPU @ 3.30GHz",20,256,"N=256",16669,1.070716,1.070716,1.070716,163.411508,163.411508,0.000000,9.803318e-03,152.618932,2.921616e-10,0.064234,0.064234,5.593188e+11,522.38,7.864320e+05,152.62,in_range,,,,3990,3299,,98,97,98,,-1,-1,-1.000000,-1,t
cpu-gpu-v2,2026-07-19T10:24:37,"20260719_085511_session3",426,426,6,"GEMM","openblas_sgemm",cpu_native,"Intel(R) Core(TM) i9-7900X CPU @ 3.30GHz",20,256,"N=256",16669,1.006163,1.006163,1.006163,156.804225,156.804225,0.000000,9.406937e-03,155.843690,2.803486e-10,0.060361,0.060361,5.593188e+11,555.89,7.864320e+05,155.84,in_range,,,,3983,3299,,98,98,98,,-1,-1,-1.000000,-1,t
cpu-gpu-v2,2026-07-19T10:24:38,"20260719_085511_session3",427,427,7,"GEMM","openblas_sgemm",cpu_native,"Intel(R) Core(TM) i9-7900X CPU @ 3.30GHz",20,256,"N=256",16669,1.106365,1.106365,1.106365,163.889778,163.889778,0.000000,9.832010e-03,148.133495,2.930167e-10,0.066373,0.066373,5.593188e+11,505.55,7.864320e+05,148.13,in_range,,,,3948,3299,,98,98,97,,-1,-1,-1.000000,-1,t
cpu-gpu-v2,2026-07-19T10:24:39,"20260719_085511_session3",428,428,8,"GEMM","openblas_sgemm",cpu_native,"Intel(R) Core(TM) i9-7900X CPU @ 3.30GHz",20,256,"N=256",16669,1.024738,1.024738,1.024738,158.755209,158.755209,0.000000,9.523979e-03,154.922677,2.838367e-10,0.061476,0.061476,5.593188e+11,545.82,7.864320e+05,154.92,in_range,,,,3976,3299,,98,97,98,,-1,-1,-1.000000,-1,t
cpu-gpu-v2,2026-07-19T10:24:40,"20260719_085511_session3",429,429,9,"GEMM","openblas_sgemm",cpu_native,"Intel(R) Core(TM) i9-7900X CPU @ 3.30GHz",20,256,"N=256",16669,1.020494,1.020494,1.020494,158.652059,158.652059,0.000000,9.517791e-03,155.466012,2.836523e-10,0.061221,0.061221,5.593188e+11,548.09,7.864320e+05,155.47,in_range,,,,3983,3299,,98,98,98,,-1,-1,-1.000000,-1,t
cpu-gpu-v2,2026-07-19T10:24:41,"20260719_085511_session3",430,430,10,"GEMM","openblas_sgemm",cpu_native,"Intel(R) Core(TM) i9-7900X CPU @ 3.30GHz",20,256,"N=256",16669,1.035325,1.035325,1.035325,160.042620,160.042620,0.000000,9.601213e-03,154.582080,2.861384e-10,0.062111,0.062111,5.593188e+11,540.24,7.864320e+05,154.58,in_range,,,,3989,3299,,98,98,97,,-1,-1,-1.000000,-1,t
cpu-gpu-v2,2026-07-19T10:24:59,"20260719_085511_session3",431,431,1,"GEMM","openblas_sgemm",cpu_native,"Intel(R) Core(TM) i9-7900X CPU @ 3.30GHz",1,8192,"N=8192",1,5.471566,5.471566,5.471566,372.014307,372.192429,0.178122,3.721924e+02,68.023012,3.385070e-10,5471.566393,5471.566393,1.099512e+12,200.95,8.053064e+08,68.02,above,,,,1620,1339,,100,100,99,,-1,-1,-1.000000,-1,t
cpu-gpu-v2,2026-07-19T10:25:04,"20260719_085511_session3",432,432,2,"GEMM","openblas_sgemm",cpu_native,"Intel(R) Core(TM) i9-7900X CPU @ 3.30GHz",1,8192,"N=8192",1,5.462726,5.462726,5.462726,372.100793,372.277860,0.177067,3.722779e+02,68.148735,3.385847e-10,5462.725898,5462.725898,1.099512e+12,201.28,8.053064e+08,68.15,above,,,,1255,1314,,99,99,98,,-1,-1,-1.000000,-1,t
cpu-gpu-v2,2026-07-19T10:25:09,"20260719_085511_session3",433,433,3,"GEMM","openblas_sgemm",cpu_native,"Intel(R) Core(TM) i9-7900X CPU @ 3.30GHz",1,8192,"N=8192",1,5.459348,5.459348,5.459348,367.962742,368.125121,0.162379,3.681251e+02,67.430235,3.348078e-10,5459.348006,5459.348006,1.099512e+12,201.40,8.053064e+08,67.43,above,,,,1473,1305,,98,98,97,,-1,-1,-1.000000,-1,t
cpu-gpu-v2,2026-07-19T10:25:15,"20260719_085511_session3",434,434,4,"GEMM","openblas_sgemm",cpu_native,"Intel(R) Core(TM) i9-7900X CPU @ 3.30GHz",1,8192,"N=8192",1,5.203276,5.203276,5.203276,339.614426,339.820395,0.205969,3.398204e+02,65.308926,3.090648e-10,5203.276408,5203.276408,1.099512e+12,211.31,8.053064e+08,65.31,above,,,,1457,1608,,97,97,97,,-1,-1,-1.000000,-1,t
cpu-gpu-v2,2026-07-19T10:25:20,"20260719_085511_session3",435,435,5,"GEMM","openblas_sgemm",cpu_native,"Intel(R) Core(TM) i9-7900X CPU @ 3.30GHz",1,8192,"N=8192",1,5.399484,5.399484,5.399484,360.070062,360.203263,0.133201,3.602033e+02,66.710683,3.276030e-10,5399.483975,5399.483975,1.099512e+12,203.63,8.053064e+08,66.71,above,,,,1607,1339,,98,97,98,,-1,-1,-1.000000,-1,t
cpu-gpu-v2,2026-07-19T10:25:25,"20260719_085511_session3",436,436,6,"GEMM","openblas_sgemm",cpu_native,"Intel(R) Core(TM) i9-7900X CPU @ 3.30GHz",1,8192,"N=8192",1,5.400668,5.400668,5.400668,358.661314,358.854783,0.193469,3.588548e+02,66.446365,3.263765e-10,5400.668415,5400.668415,1.099512e+12,203.59,8.053064e+08,66.45,above,,,,1334,1332,,100,98,100,,-1,-1,-1.000000,-1,t
cpu-gpu-v2,2026-07-19T10:25:31,"20260719_085511_session3",437,437,7,"GEMM","openblas_sgemm",cpu_native,"Intel(R) Core(TM) i9-7900X CPU @ 3.30GHz",1,8192,"N=8192",1,5.386159,5.386159,5.386159,355.225653,355.462680,0.237027,3.554627e+02,65.995578,3.232914e-10,5386.159091,5386.159091,1.099512e+12,204.14,8.053064e+08,66.00,above,,,,1340,1339,,100,100,98,,-1,-1,-1.000000,-1,t
cpu-gpu-v2,2026-07-19T10:25:36,"20260719_085511_session3",438,438,8,"GEMM","openblas_sgemm",cpu_native,"Intel(R) Core(TM) i9-7900X CPU @ 3.30GHz",1,8192,"N=8192",1,5.368855,5.368855,5.368855,351.949478,352.186613,0.237135,3.521866e+02,65.598084,3.203119e-10,5368.855192,5368.855192,1.099512e+12,204.79,8.053064e+08,65.60,above,,,,1441,1434,,98,98,97,,-1,-1,-1.000000,-1,t
cpu-gpu-v2,2026-07-19T10:25:41,"20260719_085511_session3",439,439,9,"GEMM","openblas_sgemm",cpu_native,"Intel(R) Core(TM) i9-7900X CPU @ 3.30GHz",1,8192,"N=8192",1,5.097971,5.097971,5.097971,319.652380,319.851172,0.198792,3.198512e+02,62.740879,2.909029e-10,5097.970853,5097.970853,1.099512e+12,215.68,8.053064e+08,62.74,above,,,,1316,1586,,97,97,96,,-1,-1,-1.000000,-1,t
cpu-gpu-v2,2026-07-19T10:25:46,"20260719_085511_session3",440,440,10,"GEMM","openblas_sgemm",cpu_native,"Intel(R) Core(TM) i9-7900X CPU @ 3.30GHz",1,8192,"N=8192",1,5.106669,5.106669,5.106669,318.414285,318.593097,0.178812,3.185931e+02,62.387658,2.897587e-10,5106.668651,5106.668651,1.099512e+12,215.31,8.053064e+08,62.39,above,,,,1865,1339,,98,96,98,,-1,-1,-1.000000,-1,t
cpu-gpu-v2,2026-07-19T10:25:49,"20260719_085511_session3",441,441,1,"GEMM","openblas_sgemm",cpu_native,"Intel(R) Core(TM) i9-7900X CPU @ 3.30GHz",4,1024,"N=1024",335,1.038396,1.038396,1.038396,118.310366,118.311528,0.001162,3.531687e-01,113.936769,1.644570e-10,3.099691,3.099691,7.194070e+11,692.81,1.258291e+07,113.94,in_range,,,,2010,1706,,99,99,98,,-1,-1,-1.000000,-1,t
cpu-gpu-v2,2026-07-19T10:25:50,"20260719_085511_session3",442,442,2,"GEMM","openblas_sgemm",cpu_native,"Intel(R) Core(TM) i9-7900X CPU @ 3.30GHz",4,1024,"N=1024",335,1.012060,1.012060,1.012060,118.357058,118.358038,0.000980,3.533076e-01,116.947601,1.645217e-10,3.021076,3.021076,7.194070e+11,710.83,1.258291e+07,116.95,in_range,,,,1835,1929,,98,98,98,,-1,-1,-1.000000,-1,t
cpu-gpu-v2,2026-07-19T10:25:51,"20260719_085511_session3",443,443,3,"GEMM","openblas_sgemm",cpu_native,"Intel(R) Core(TM) i9-7900X CPU @ 3.30GHz",4,1024,"N=1024",335,1.024734,1.024734,1.024734,118.226077,118.228035,0.001958,3.529195e-01,115.374369,1.643410e-10,3.058907,3.058907,7.194070e+11,702.04,1.258291e+07,115.37,in_range,,,,2084,2087,,99,98,99,,-1,-1,-1.000000,-1,t
cpu-gpu-v2,2026-07-19T10:25:52,"20260719_085511_session3",444,444,4,"GEMM","openblas_sgemm",cpu_native,"Intel(R) Core(TM) i9-7900X CPU @ 3.30GHz",4,1024,"N=1024",335,1.011547,1.011547,1.011547,118.710939,118.711918,0.000979,3.543639e-01,117.356795,1.650136e-10,3.019543,3.019543,7.194070e+11,711.19,1.258291e+07,117.36,in_range,,,,2090,1962,,99,99,99,,-1,-1,-1.000000,-1,t
cpu-gpu-v2,2026-07-19T10:25:53,"20260719_085511_session3",445,445,5,"GEMM","openblas_sgemm",cpu_native,"Intel(R) Core(TM) i9-7900X CPU @ 3.30GHz",4,1024,"N=1024",335,1.025055,1.025055,1.025055,118.872011,118.873511,0.001500,3.548463e-01,115.967991,1.652382e-10,3.059864,3.059864,7.194070e+11,701.82,1.258291e+07,115.97,in_range,,,,2106,1984,,99,99,98,,-1,-1,-1.000000,-1,t
cpu-gpu-v2,2026-07-19T10:25:54,"20260719_085511_session3",446,446,6,"GEMM","openblas_sgemm",cpu_native,"Intel(R) Core(TM) i9-7900X CPU @ 3.30GHz",4,1024,"N=1024",335,1.033422,1.033422,1.033422,114.187269,114.188661,0.001392,3.408617e-01,110.495707,1.587261e-10,3.084841,3.084841,7.194070e+11,696.14,1.258291e+07,110.50,in_range,,,,2061,1661,,98,98,95,,-1,-1,-1.000000,-1,t
cpu-gpu-v2,2026-07-19T10:25:55,"20260719_085511_session3",447,447,7,"GEMM","openblas_sgemm",cpu_native,"Intel(R) Core(TM) i9-7900X CPU @ 3.30GHz",4,1024,"N=1024",335,1.046903,1.046903,1.046903,105.688267,105.689705,0.001438,3.154917e-01,100.954654,1.469123e-10,3.125083,3.125083,7.194070e+11,687.18,1.258291e+07,100.95,in_range,,,,1738,1800,,95,95,94,,-1,-1,-1.000000,-1,t
cpu-gpu-v2,2026-07-19T10:25:56,"20260719_085511_session3",448,448,8,"GEMM","openblas_sgemm",cpu_native,"Intel(R) Core(TM) i9-7900X CPU @ 3.30GHz",4,1024,"N=1024",335,1.051217,1.051217,1.051217,105.458958,105.460182,0.001224,3.148065e-01,100.322026,1.465932e-10,3.137960,3.137960,7.194070e+11,684.36,1.258291e+07,100.32,in_range,,,,2000,1800,,94,94,92,,-1,-1,-1.000000,-1,t
cpu-gpu-v2,2026-07-19T10:25:57,"20260719_085511_session3",449,449,9,"GEMM","openblas_sgemm",cpu_native,"Intel(R) Core(TM) i9-7900X CPU @ 3.30GHz",4,1024,"N=1024",335,1.047877,1.047877,1.047877,105.263585,105.265574,0.001989,3.142256e-01,100.456076,1.463227e-10,3.127990,3.127990,7.194070e+11,686.54,1.258291e+07,100.46,in_range,,,,1834,1800,,94,92,94,,-1,-1,-1.000000,-1,t
cpu-gpu-v2,2026-07-19T10:25:58,"20260719_085511_session3",450,450,10,"GEMM","openblas_sgemm",cpu_native,"Intel(R) Core(TM) i9-7900X CPU @ 3.30GHz",4,1024,"N=1024",335,1.049366,1.049366,1.049366,105.308690,105.309639,0.000949,3.143571e-01,100.355493,1.463839e-10,3.132436,3.132436,7.194070e+11,685.56,1.258291e+07,100.36,in_range,,,,1829,1799,,94,94,92,,-1,-1,-1.000000,-1,t
cpu-gpu-v2,2026-07-19T10:26:01,"20260719_085511_session3",451,451,1,"GEMM","openblas_sgemm",cpu_native,"Intel(R) Core(TM) i9-7900X CPU @ 3.30GHz",2,512,"N=512",1288,1.001570,1.001570,1.001570,76.555407,76.555407,0.000000,5.943743e-02,76.435430,2.214217e-10,0.777616,0.777616,3.457449e+11,345.20,3.145728e+06,76.44,in_range,,,,1749,1604,,95,94,95,,-1,-1,-1.000000,-1,t
cpu-gpu-v2,2026-07-19T10:26:02,"20260719_085511_session3",452,452,2,"GEMM","openblas_sgemm",cpu_native,"Intel(R) Core(TM) i9-7900X CPU @ 3.30GHz",2,512,"N=512",1288,1.000892,1.000892,1.000892,76.419787,76.419787,0.000000,5.933213e-02,76.351657,2.210294e-10,0.777090,0.777090,3.457449e+11,345.44,3.145728e+06,76.35,in_range,,,,1777,1605,,95,95,95,,-1,-1,-1.000000,-1,t
cpu-gpu-v2,2026-07-19T10:26:03,"20260719_085511_session3",453,453,3,"GEMM","openblas_sgemm",cpu_native,"Intel(R) Core(TM) i9-7900X CPU @ 3.30GHz",2,512,"N=512",1288,1.001098,1.001098,1.001098,76.448413,76.448413,0.000000,5.935436e-02,76.364571,2.211122e-10,0.777250,0.777250,3.457449e+11,345.37,3.145728e+06,76.36,in_range,,,,1635,1605,,95,95,95,,-1,-1,-1.000000,-1,t
cpu-gpu-v2,2026-07-19T10:26:04,"20260719_085511_session3",454,454,4,"GEMM","openblas_sgemm",cpu_native,"Intel(R) Core(TM) i9-7900X CPU @ 3.30GHz",2,512,"N=512",1288,0.999091,0.999091,0.999091,75.895497,75.895497,0.000000,5.892508e-02,75.964558,2.195130e-10,0.775692,0.775692,3.457449e+11,346.06,3.145728e+06,75.96,in_range,,,,1775,1605,,95,95,95,,-1,-1,-1.000000,-1,t
cpu-gpu-v2,2026-07-19T10:26:05,"20260719_085511_session3",455,455,5,"GEMM","openblas_sgemm",cpu_native,"Intel(R) Core(TM) i9-7900X CPU @ 3.30GHz",2,512,"N=512",1288,1.002352,1.002352,1.002352,76.555835,76.555835,0.000000,5.943776e-02,76.376197,2.214229e-10,0.778224,0.778224,3.457449e+11,344.93,3.145728e+06,76.38,in_range,,,,1602,1750,,95,95,94,,-1,-1,-1.000000,-1,t
cpu-gpu-v2,2026-07-19T10:26:06,"20260719_085511_session3",456,456,6,"GEMM","openblas_sgemm",cpu_native,"Intel(R) Core(TM) i9-7900X CPU @ 3.30GHz",2,512,"N=512",1288,1.001593,1.001593,1.001593,76.231311,76.231311,0.000000,5.918580e-02,76.110080,2.204843e-10,0.777634,0.777634,3.457449e+11,345.20,3.145728e+06,76.11,in_range,,,,1780,1604,,95,94,95,,-1,-1,-1.000000,-1,t
cpu-gpu-v2,2026-07-19T10:26:07,"20260719_085511_session3",457,457,7,"GEMM","openblas_sgemm",cpu_native,"Intel(R) Core(TM) i9-7900X CPU @ 3.30GHz",2,512,"N=512",1288,1.000313,1.000313,1.000313,76.616076,76.616076,0.000000,5.948453e-02,76.592120,2.215971e-10,0.776640,0.776640,3.457449e+11,345.64,3.145728e+06,76.59,in_range,,,,1631,1604,,95,95,94,,-1,-1,-1.000000,-1,t
cpu-gpu-v2,2026-07-19T10:26:08,"20260719_085511_session3",458,458,8,"GEMM","openblas_sgemm",cpu_native,"Intel(R) Core(TM) i9-7900X CPU @ 3.30GHz",2,512,"N=512",1288,0.999832,0.999832,0.999832,76.546374,76.546374,0.000000,5.943041e-02,76.559227,2.213955e-10,0.776267,0.776267,3.457449e+11,345.80,3.145728e+06,76.56,in_range,,,,1618,1604,,94,94,94,,-1,-1,-1.000000,-1,t
cpu-gpu-v2,2026-07-19T10:26:09,"20260719_085511_session3",459,459,9,"GEMM","openblas_sgemm",cpu_native,"Intel(R) Core(TM) i9-7900X CPU @ 3.30GHz",2,512,"N=512",1288,1.000722,1.000722,1.000722,76.569750,76.569750,0.000000,5.944856e-02,76.514496,2.214632e-10,0.776958,0.776958,3.457449e+11,345.50,3.145728e+06,76.51,in_range,,,,1600,1604,,95,94,95,,-1,-1,-1.000000,-1,t
cpu-gpu-v2,2026-07-19T10:26:10,"20260719_085511_session3",460,460,10,"GEMM","openblas_sgemm",cpu_native,"Intel(R) Core(TM) i9-7900X CPU @ 3.30GHz",2,512,"N=512",1288,1.002103,1.002103,1.002103,76.675280,76.675280,0.000000,5.953050e-02,76.514342,2.217684e-10,0.778031,0.778031,3.457449e+11,345.02,3.145728e+06,76.51,in_range,,,,1605,1750,,95,95,94,,-1,-1,-1.000000,-1,t
cpu-gpu-v2,2026-07-19T10:26:13,"20260719_085511_session3",461,461,1,"GEMM","openblas_sgemm",cpu_native,"Intel(R) Core(TM) i9-7900X CPU @ 3.30GHz",20,512,"N=512",3480,1.003966,1.003966,1.003966,171.060109,171.060109,0.000000,4.915520e-02,170.384334,1.831174e-10,0.288496,0.288496,9.341554e+11,930.46,3.145728e+06,170.38,in_range,,,,3300,3299,,97,97,97,,-1,-1,-1.000000,-1,t
cpu-gpu-v2,2026-07-19T10:26:14,"20260719_085511_session3",462,462,2,"GEMM","openblas_sgemm",cpu_native,"Intel(R) Core(TM) i9-7900X CPU @ 3.30GHz",20,512,"N=512",3480,1.019301,1.019301,1.019301,173.681502,173.681517,0.000015,4.990848e-02,170.392838,1.859236e-10,0.292902,0.292902,9.341554e+11,916.47,3.145728e+06,170.39,in_range,,,,3300,3299,,97,97,97,,-1,-1,-1.000000,-1,t
cpu-gpu-v2,2026-07-19T10:26:15,"20260719_085511_session3",463,463,3,"GEMM","openblas_sgemm",cpu_native,"Intel(R) Core(TM) i9-7900X CPU @ 3.30GHz",20,512,"N=512",3480,1.004306,1.004306,1.004306,172.075731,172.075731,0.000000,4.944705e-02,171.337957,1.842046e-10,0.288594,0.288594,9.341554e+11,930.15,3.145728e+06,171.34,in_range,,,,4000,3299,,98,97,98,,-1,-1,-1.000000,-1,t
cpu-gpu-v2,2026-07-19T10:26:16,"20260719_085511_session3",464,464,4,"GEMM","openblas_sgemm",cpu_native,"Intel(R) Core(TM) i9-7900X CPU @ 3.30GHz",20,512,"N=512",3480,1.005400,1.005400,1.005400,172.279345,172.279345,0.000000,4.950556e-02,171.354111,1.844226e-10,0.288908,0.288908,9.341554e+11,929.14,3.145728e+06,171.35,in_range,,,,3989,3299,,98,98,98,,-1,-1,-1.000000,-1,t
cpu-gpu-v2,2026-07-19T10:26:17,"20260719_085511_session3",465,465,5,"GEMM","openblas_sgemm",cpu_native,"Intel(R) Core(TM) i9-7900X CPU @ 3.30GHz",20,512,"N=512",3480,1.005998,1.005998,1.005998,172.541245,172.541245,0.000000,4.958082e-02,171.512541,1.847029e-10,0.289080,0.289080,9.341554e+11,928.59,3.145728e+06,171.51,in_range,,,,3988,3300,,98,98,98,,-1,-1,-1.000000,-1,t
cpu-gpu-v2,2026-07-19T10:26:18,"20260719_085511_session3",466,466,6,"GEMM","openblas_sgemm",cpu_native,"Intel(R) Core(TM) i9-7900X CPU @ 3.30GHz",20,512,"N=512",3480,1.004998,1.004998,1.004998,172.454515,172.454515,0.000000,4.955590e-02,171.596848,1.846101e-10,0.288793,0.288793,9.341554e+11,929.51,3.145728e+06,171.60,in_range,,,,3993,3299,,98,98,98,,-1,-1,-1.000000,-1,t
cpu-gpu-v2,2026-07-19T10:26:19,"20260719_085511_session3",467,467,7,"GEMM","openblas_sgemm",cpu_native,"Intel(R) Core(TM) i9-7900X CPU @ 3.30GHz",20,512,"N=512",3480,1.001036,1.001036,1.001036,172.152391,172.152391,0.000000,4.946908e-02,171.974140,1.842867e-10,0.287654,0.287654,9.341554e+11,933.19,3.145728e+06,171.97,in_range,,,,3988,3300,,99,98,99,,-1,-1,-1.000000,-1,t
cpu-gpu-v2,2026-07-19T10:26:20,"20260719_085511_session3",468,468,8,"GEMM","openblas_sgemm",cpu_native,"Intel(R) Core(TM) i9-7900X CPU @ 3.30GHz",20,512,"N=512",3480,1.003097,1.003097,1.003097,172.556748,172.556748,0.000000,4.958527e-02,172.024033,1.847195e-10,0.288246,0.288246,9.341554e+11,931.27,3.145728e+06,172.02,in_range,,,,3980,3299,,99,99,99,,-1,-1,-1.000000,-1,t
cpu-gpu-v2,2026-07-19T10:26:21,"20260719_085511_session3",469,469,9,"GEMM","openblas_sgemm",cpu_native,"Intel(R) Core(TM) i9-7900X CPU @ 3.30GHz",20,512,"N=512",3480,1.005017,1.005017,1.005017,172.726731,172.726731,0.000000,4.963412e-02,171.864406,1.849015e-10,0.288798,0.288798,9.341554e+11,929.49,3.145728e+06,171.86,in_range,,,,3966,3300,,99,99,99,,-1,-1,-1.000000,-1,t
cpu-gpu-v2,2026-07-19T10:26:22,"20260719_085511_session3",470,470,10,"GEMM","openblas_sgemm",cpu_native,"Intel(R) Core(TM) i9-7900X CPU @ 3.30GHz",20,512,"N=512",3480,1.002028,1.002028,1.002028,172.658677,172.658677,0.000000,4.961456e-02,172.309252,1.848286e-10,0.287939,0.287939,9.341554e+11,932.26,3.145728e+06,172.31,in_range,,,,3988,3300,,99,99,99,,-1,-1,-1.000000,-1,t
cpu-gpu-v2,2026-07-19T10:26:27,"20260719_085511_session3",471,471,1,"GEMM","openblas_sgemm",cpu_native,"Intel(R) Core(TM) i9-7900X CPU @ 3.30GHz",8,512,"N=512",3981,1.002493,1.002493,1.002493,154.432100,154.432100,0.000000,3.879229e-02,154.047991,1.445125e-10,0.251820,0.251820,1.068642e+12,1065.98,3.145728e+06,154.05,in_range,,,,2235,2234,,98,97,98,,-1,-1,-1.000000,-1,t
cpu-gpu-v2,2026-07-19T10:26:28,"20260719_085511_session3",472,472,2,"GEMM","openblas_sgemm",cpu_native,"Intel(R) Core(TM) i9-7900X CPU @ 3.30GHz",8,512,"N=512",3981,1.001932,1.001932,1.001932,154.209566,154.209566,0.000000,3.873639e-02,153.912276,1.443043e-10,0.251678,0.251678,1.068642e+12,1066.58,3.145728e+06,153.91,in_range,,,,2232,2234,,98,98,98,,-1,-1,-1.000000,-1,t
cpu-gpu-v2,2026-07-19T10:26:29,"20260719_085511_session3",473,473,3,"GEMM","openblas_sgemm",cpu_native,"Intel(R) Core(TM) i9-7900X CPU @ 3.30GHz",8,512,"N=512",3981,1.005887,1.005887,1.005887,154.027498,154.027498,0.000000,3.869066e-02,153.126045,1.441339e-10,0.252672,0.252672,1.068642e+12,1062.39,3.145728e+06,153.13,in_range,,,,2318,2235,,98,98,98,,-1,-1,-1.000000,-1,t
cpu-gpu-v2,2026-07-19T10:26:30,"20260719_085511_session3",474,474,4,"GEMM","openblas_sgemm",cpu_native,"Intel(R) Core(TM) i9-7900X CPU @ 3.30GHz",8,512,"N=512",3981,1.009967,1.009967,1.009967,154.127047,154.127047,0.000000,3.871566e-02,152.606023,1.442271e-10,0.253697,0.253697,1.068642e+12,1058.10,3.145728e+06,152.61,in_range,,,,2226,2120,,98,98,98,,-1,-1,-1.000000,-1,t
cpu-gpu-v2,2026-07-19T10:26:31,"20260719_085511_session3",475,475,5,"GEMM","openblas_sgemm",cpu_native,"Intel(R) Core(TM) i9-7900X CPU @ 3.30GHz",8,512,"N=512",3981,1.010334,1.010334,1.010334,153.995760,153.995760,0.000000,3.868268e-02,152.420643,1.441042e-10,0.253789,0.253789,1.068642e+12,1057.71,3.145728e+06,152.42,in_range,,,,2437,2119,,98,98,98,,-1,-1,-1.000000,-1,t
cpu-gpu-v2,2026-07-19T10:26:32,"20260719_085511_session3",476,476,6,"GEMM","openblas_sgemm",cpu_native,"Intel(R) Core(TM) i9-7900X CPU @ 3.30GHz",8,512,"N=512",3981,1.005035,1.005035,1.005035,153.337804,153.337804,0.000000,3.851741e-02,152.569596,1.434885e-10,0.252458,0.252458,1.068642e+12,1063.29,3.145728e+06,152.57,in_range,,,,2116,2152,,99,98,99,,-1,-1,-1.000000,-1,t
cpu-gpu-v2,2026-07-19T10:26:33,"20260719_085511_session3",477,477,7,"GEMM","openblas_sgemm",cpu_native,"Intel(R) Core(TM) i9-7900X CPU @ 3.30GHz",8,512,"N=512",3981,1.007201,1.007201,1.007201,153.904880,153.904880,0.000000,3.865985e-02,152.804469,1.440192e-10,0.253002,0.253002,1.068642e+12,1061.00,3.145728e+06,152.80,in_range,,,,2307,2235,,99,99,98,,-1,-1,-1.000000,-1,t
cpu-gpu-v2,2026-07-19T10:26:34,"20260719_085511_session3",478,478,8,"GEMM","openblas_sgemm",cpu_native,"Intel(R) Core(TM) i9-7900X CPU @ 3.30GHz",8,512,"N=512",3981,1.008856,1.008856,1.008856,153.731234,153.731234,0.000000,3.861624e-02,152.381677,1.438567e-10,0.253418,0.253418,1.068642e+12,1059.26,3.145728e+06,152.38,in_range,,,,2260,2198,,99,98,99,,-1,-1,-1.000000,-1,t
cpu-gpu-v2,2026-07-19T10:26:35,"20260719_085511_session3",479,479,9,"GEMM","openblas_sgemm",cpu_native,"Intel(R) Core(TM) i9-7900X CPU @ 3.30GHz",8,512,"N=512",3981,1.007259,1.007259,1.007259,153.894809,153.894809,0.000000,3.865732e-02,152.785785,1.440098e-10,0.253016,0.253016,1.068642e+12,1060.94,3.145728e+06,152.79,in_range,,,,2245,2235,,99,99,98,,-1,-1,-1.000000,-1,t
cpu-gpu-v2,2026-07-19T10:26:36,"20260719_085511_session3",480,480,10,"GEMM","openblas_sgemm",cpu_native,"Intel(R) Core(TM) i9-7900X CPU @ 3.30GHz",8,512,"N=512",3981,1.007054,1.007054,1.007054,153.165135,153.165135,0.000000,3.847404e-02,152.092293,1.433270e-10,0.252965,0.252965,1.068642e+12,1061.16,3.145728e+06,152.09,in_range,,,,2265,2348,,99,98,99,,-1,-1,-1.000000,-1,t
cpu-gpu-v2,2026-07-19T10:28:47,"20260719_085511_session3",481,481,1,"GEMM","openblas_sgemm",cpu_native,"Intel(R) Core(TM) i9-7900X CPU @ 3.30GHz",1,16384,"N=16384",1,41.626857,41.626857,41.626857,2460.456470,2463.811623,3.355153,2.463812e+03,59.188029,2.801030e-10,41626.856831,41626.856831,8.796093e+12,211.31,3.221225e+09,59.19,above,,,,1340,1340,,97,97,97,,-1,-1,-1.000000,-1,t
cpu-gpu-v2,2026-07-19T10:29:28,"20260719_085511_session3",482,482,2,"GEMM","openblas_sgemm",cpu_native,"Intel(R) Core(TM) i9-7900X CPU @ 3.30GHz",1,16384,"N=16384",1,40.720216,40.720216,40.720216,2377.563921,2380.516990,2.953069,2.380517e+03,58.460324,2.706334e-10,40720.215545,40720.215545,8.796093e+12,216.01,3.221225e+09,58.46,above,,,,1352,1340,,97,97,91,,-1,-1,-1.000000,-1,t
cpu-gpu-v2,2026-07-19T10:30:09,"20260719_085511_session3",483,483,3,"GEMM","openblas_sgemm",cpu_native,"Intel(R) Core(TM) i9-7900X CPU @ 3.30GHz",1,16384,"N=16384",1,41.199420,41.199420,41.199420,2348.678375,2351.466755,2.788380,2.351467e+03,57.075240,2.673308e-10,41199.419804,41199.419804,8.796093e+12,213.50,3.221225e+09,57.08,above,,,,1357,1339,,95,91,95,,-1,-1,-1.000000,-1,t
cpu-gpu-v2,2026-07-19T10:30:50,"20260719_085511_session3",484,484,4,"GEMM","openblas_sgemm",cpu_native,"Intel(R) Core(TM) i9-7900X CPU @ 3.30GHz",1,16384,"N=16384",1,40.630131,40.630131,40.630131,2287.826663,2290.732256,2.905593,2.290732e+03,56.380134,2.604261e-10,40630.131369,40630.131369,8.796093e+12,216.49,3.221225e+09,56.38,above,,,,1339,1340,,95,95,87,,-1,-1,-1.000000,-1,t
cpu-gpu-v2,2026-07-19T10:31:30,"20260719_085511_session3",485,485,5,"GEMM","openblas_sgemm",cpu_native,"Intel(R) Core(TM) i9-7900X CPU @ 3.30GHz",1,16384,"N=16384",1,40.720255,40.720255,40.720255,2276.280671,2279.273734,2.993063,2.279274e+03,55.973955,2.591234e-10,40720.254992,40720.254992,8.796093e+12,216.01,3.221225e+09,55.97,above,,,,1228,1630,,87,87,87,,-1,-1,-1.000000,-1,t
cpu-gpu-v2,2026-07-19T10:32:11,"20260719_085511_session3",486,486,6,"GEMM","openblas_sgemm",cpu_native,"Intel(R) Core(TM) i9-7900X CPU @ 3.30GHz",1,16384,"N=16384",1,40.685052,40.685052,40.685052,2247.786482,2250.936216,3.149734,2.250936e+03,55.325877,2.559018e-10,40685.052300,40685.052300,8.796093e+12,216.20,3.221225e+09,55.33,above,,,,1619,1340,,87,87,85,,-1,-1,-1.000000,-1,t
cpu-gpu-v2,2026-07-19T10:32:52,"20260719_085511_session3",487,487,7,"GEMM","openblas_sgemm",cpu_native,"Intel(R) Core(TM) i9-7900X CPU @ 3.30GHz",1,16384,"N=16384",1,40.691571,40.691571,40.691571,2242.620296,2245.711569,3.091273,2.245712e+03,55.188618,2.553078e-10,40691.571065,40691.571065,8.796093e+12,216.16,3.221225e+09,55.19,above,,,,1340,1339,,85,85,85,,-1,-1,-1.000000,-1,t
cpu-gpu-v2,2026-07-19T10:33:32,"20260719_085511_session3",488,488,8,"GEMM","openblas_sgemm",cpu_native,"Intel(R) Core(TM) i9-7900X CPU @ 3.30GHz",1,16384,"N=16384",1,40.714280,40.714280,40.714280,2224.362958,2227.566778,3.203820,2.227567e+03,54.712174,2.532450e-10,40714.279953,40714.279953,8.796093e+12,216.04,3.221225e+09,54.71,above,,,,1343,1340,,85,85,85,,-1,-1,-1.000000,-1,t
cpu-gpu-v2,2026-07-19T10:34:13,"20260719_085511_session3",489,489,9,"GEMM","openblas_sgemm",cpu_native,"Intel(R) Core(TM) i9-7900X CPU @ 3.30GHz",1,16384,"N=16384",1,40.724900,40.724900,40.724900,2195.137141,2198.040346,2.903205,2.198040e+03,53.972885,2.498883e-10,40724.900338,40724.900338,8.796093e+12,215.99,3.221225e+09,53.97,above,,,,1339,1340,,85,85,82,,-1,-1,-1.000000,-1,t
cpu-gpu-v2,2026-07-19T10:34:54,"20260719_085511_session3",490,490,10,"GEMM","openblas_sgemm",cpu_native,"Intel(R) Core(TM) i9-7900X CPU @ 3.30GHz",1,16384,"N=16384",1,40.726117,40.726117,40.726117,2174.808580,2177.407545,2.598965,2.177408e+03,53.464650,2.475426e-10,40726.116515,40726.116515,8.796093e+12,215.98,3.221225e+09,53.46,above,,,,1295,1339,,84,82,84,,-1,-1,-1.000000,-1,t
cpu-gpu-v2,2026-07-19T10:34:56,"20260719_085511_session3",491,491,1,"GEMM","openblas_sgemm",cpu_native,"Intel(R) Core(TM) i9-7900X CPU @ 3.30GHz",16,128,"N=128",83008,1.027223,1.027223,1.027223,107.980253,107.980253,0.000000,1.300842e-03,105.118636,3.101448e-10,0.012375,0.012375,3.481608e+11,338.93,1.966080e+05,105.12,in_range,,,,2120,2234,,73,73,73,,-1,-1,-1.000000,-1,t
cpu-gpu-v2,2026-07-19T10:34:57,"20260719_085511_session3",492,492,2,"GEMM","openblas_sgemm",cpu_native,"Intel(R) Core(TM) i9-7900X CPU @ 3.30GHz",16,128,"N=128",83008,1.032189,1.032189,1.032189,108.227750,108.227750,0.000000,1.303823e-03,104.852610,3.108557e-10,0.012435,0.012435,3.481608e+11,337.30,1.966080e+05,104.85,in_range,,,,2451,2372,,73,73,73,,-1,-1,-1.000000,-1,t
cpu-gpu-v2,2026-07-19T10:34:58,"20260719_085511_session3",493,493,3,"GEMM","openblas_sgemm",cpu_native,"Intel(R) Core(TM) i9-7900X CPU @ 3.30GHz",16,128,"N=128",83008,1.044516,1.044516,1.044516,109.279994,109.279994,0.000000,1.316500e-03,104.622647,3.138780e-10,0.012583,0.012583,3.481608e+11,333.32,1.966080e+05,104.62,in_range,,,,2342,2235,,74,73,74,,-1,-1,-1.000000,-1,t
cpu-gpu-v2,2026-07-19T10:34:59,"20260719_085511_session3",494,494,4,"GEMM","openblas_sgemm",cpu_native,"Intel(R) Core(TM) i9-7900X CPU @ 3.30GHz",16,128,"N=128",83008,1.025136,1.025136,1.025136,107.386627,107.386627,0.000000,1.293690e-03,104.753533,3.084398e-10,0.012350,0.012350,3.481608e+11,339.62,1.966080e+05,104.75,in_range,,,,2233,2235,,74,74,73,,-1,-1,-1.000000,-1,t
cpu-gpu-v2,2026-07-19T10:35:00,"20260719_085511_session3",495,495,5,"GEMM","openblas_sgemm",cpu_native,"Intel(R) Core(TM) i9-7900X CPU @ 3.30GHz",16,128,"N=128",83008,1.038898,1.038898,1.038898,108.954127,108.954127,0.000000,1.312574e-03,104.874714,3.129420e-10,0.012516,0.012516,3.481608e+11,335.13,1.966080e+05,104.87,in_range,,,,2327,2234,,74,73,74,,-1,-1,-1.000000,-1,t
cpu-gpu-v2,2026-07-19T10:35:01,"20260719_085511_session3",496,496,6,"GEMM","openblas_sgemm",cpu_native,"Intel(R) Core(TM) i9-7900X CPU @ 3.30GHz",16,128,"N=128",83008,1.029024,1.029024,1.029024,107.611541,107.611541,0.000000,1.296400e-03,104.576351,3.090858e-10,0.012397,0.012397,3.481608e+11,338.34,1.966080e+05,104.58,in_range,,,,2243,2634,,74,74,70,,-1,-1,-1.000000,-1,t
cpu-gpu-v2,2026-07-19T10:35:02,"20260719_085511_session3",497,497,7,"GEMM","openblas_sgemm",cpu_native,"Intel(R) Core(TM) i9-7900X CPU @ 3.30GHz",16,128,"N=128",83008,1.052015,1.052015,1.052015,109.523096,109.523096,0.000000,1.319428e-03,104.107940,3.145762e-10,0.012674,0.012674,3.481608e+11,330.95,1.966080e+05,104.11,in_range,,,,2635,2235,,73,70,73,,-1,-1,-1.000000,-1,t
cpu-gpu-v2,2026-07-19T10:35:04,"20260719_085511_session3",498,498,8,"GEMM","openblas_sgemm",cpu_native,"Intel(R) Core(TM) i9-7900X CPU @ 3.30GHz",16,128,"N=128",83008,1.036430,1.036430,1.036430,108.601468,108.601468,0.000000,1.308325e-03,104.784183,3.119291e-10,0.012486,0.012486,3.481608e+11,335.92,1.966080e+05,104.78,in_range,,,,2277,2120,,73,73,73,,-1,-1,-1.000000,-1,t
cpu-gpu-v2,2026-07-19T10:35:05,"20260719_085511_session3",499,499,9,"GEMM","openblas_sgemm",cpu_native,"Intel(R) Core(TM) i9-7900X CPU @ 3.30GHz",16,128,"N=128",83008,1.033958,1.033958,1.033958,108.522000,108.522000,0.000000,1.307368e-03,104.957834,3.117008e-10,0.012456,0.012456,3.481608e+11,336.73,1.966080e+05,104.96,in_range,,,,2229,2234,,74,73,74,,-1,-1,-1.000000,-1,t
cpu-gpu-v2,2026-07-19T10:35:06,"20260719_085511_session3",500,500,10,"GEMM","openblas_sgemm",cpu_native,"Intel(R) Core(TM) i9-7900X CPU @ 3.30GHz",16,128,"N=128",83008,1.016714,1.016714,1.016714,107.239105,107.239105,0.000000,1.291913e-03,105.476194,3.080160e-10,0.012248,0.012248,3.481608e+11,342.44,1.966080e+05,105.48,in_range,,,,2268,2235,,75,74,75,,-1,-1,-1.000000,-1,t
cpu-gpu-v2,2026-07-19T10:35:10,"20260719_085511_session3",501,501,1,"GEMM","openblas_sgemm",cpu_native,"Intel(R) Core(TM) i9-7900X CPU @ 3.30GHz",1,4096,"N=4096",2,1.278191,1.278191,1.278191,68.238229,68.274520,0.036291,3.413726e+01,53.414957,2.483813e-10,639.095523,639.095523,2.748779e+11,215.05,2.013266e+08,53.41,above,,,,1339,1340,,84,84,82,,-1,-1,-1.000000,-1,t
cpu-gpu-v2,2026-07-19T10:35:11,"20260719_085511_session3",502,502,2,"GEMM","openblas_sgemm",cpu_native,"Intel(R) Core(TM) i9-7900X CPU @ 3.30GHz",1,4096,"N=4096",2,1.259584,1.259584,1.259584,67.165478,67.207247,0.041769,3.360362e+01,53.356690,2.444985e-10,629.792135,629.792135,2.748779e+11,218.23,2.013266e+08,53.36,above,,,,1274,1340,,84,82,84,,-1,-1,-1.000000,-1,t
cpu-gpu-v2,2026-07-19T10:35:12,"20260719_085511_session3",503,503,3,"GEMM","openblas_sgemm",cpu_native,"Intel(R) Core(TM) i9-7900X CPU @ 3.30GHz",1,4096,"N=4096",2,1.277609,1.277609,1.277609,67.711374,67.756218,0.044844,3.387811e+01,53.033622,2.464957e-10,638.804362,638.804362,2.748779e+11,215.15,2.013266e+08,53.03,above,,,,1304,1339,,84,84,84,,-1,-1,-1.000000,-1,t
cpu-gpu-v2,2026-07-19T10:35:13,"20260719_085511_session3",504,504,4,"GEMM","openblas_sgemm",cpu_native,"Intel(R) Core(TM) i9-7900X CPU @ 3.30GHz",1,4096,"N=4096",2,1.281361,1.281361,1.281361,70.052982,70.092288,0.039306,3.504614e+01,54.701431,2.549943e-10,640.680573,640.680573,2.748779e+11,214.52,2.013266e+08,54.70,above,,,,1221,1339,,84,84,83,,-1,-1,-1.000000,-1,t
cpu-gpu-v2,2026-07-19T10:35:15,"20260719_085511_session3",505,505,5,"GEMM","openblas_sgemm",cpu_native,"Intel(R) Core(TM) i9-7900X CPU @ 3.30GHz",1,4096,"N=4096",2,1.288529,1.288529,1.288529,70.604189,70.643143,0.038954,3.532157e+01,54.824655,2.569983e-10,644.264361,644.264361,2.748779e+11,213.33,2.013266e+08,54.82,above,,,,1509,1340,,83,83,83,,-1,-1,-1.000000,-1,t
cpu-gpu-v2,2026-07-19T10:35:16,"20260719_085511_session3",506,506,6,"GEMM","openblas_sgemm",cpu_native,"Intel(R) Core(TM) i9-7900X CPU @ 3.30GHz",1,4096,"N=4096",2,1.271125,1.271125,1.271125,68.046884,68.101214,0.054330,3.405061e+01,53.575549,2.477508e-10,635.562442,635.562442,2.748779e+11,216.25,2.013266e+08,53.58,above,,,,1337,1340,,89,83,89,,-1,-1,-1.000000,-1,t
cpu-gpu-v2,2026-07-19T10:35:17,"20260719_085511_session3",507,507,7,"GEMM","openblas_sgemm",cpu_native,"Intel(R) Core(TM) i9-7900X CPU @ 3.30GHz",1,4096,"N=4096",2,1.287945,1.287945,1.287945,66.891186,66.939274,0.048088,3.346964e+01,51.973703,2.435237e-10,643.972524,643.972524,2.748779e+11,213.42,2.013266e+08,51.97,above,,,,1339,1340,,89,89,87,,-1,-1,-1.000000,-1,t
cpu-gpu-v2,2026-07-19T10:35:19,"20260719_085511_session3",508,508,8,"GEMM","openblas_sgemm",cpu_native,"Intel(R) Core(TM) i9-7900X CPU @ 3.30GHz",1,4096,"N=4096",2,1.251394,1.251394,1.251394,67.630198,67.682401,0.052203,3.384120e+01,54.085599,2.462271e-10,625.697060,625.697060,2.748779e+11,219.66,2.013266e+08,54.09,above,,,,1356,1594,,87,87,82,,-1,-1,-1.000000,-1,t
cpu-gpu-v2,2026-07-19T10:35:20,"20260719_085511_session3",509,509,9,"GEMM","openblas_sgemm",cpu_native,"Intel(R) Core(TM) i9-7900X CPU @ 3.30GHz",1,4096,"N=4096",2,1.250397,1.250397,1.250397,67.299449,67.345900,0.046451,3.367295e+01,53.859625,2.450030e-10,625.198371,625.198371,2.748779e+11,219.83,2.013266e+08,53.86,above,,,,1646,1339,,84,82,84,,-1,-1,-1.000000,-1,t
cpu-gpu-v2,2026-07-19T10:35:21,"20260719_085511_session3",510,510,10,"GEMM","openblas_sgemm",cpu_native,"Intel(R) Core(TM) i9-7900X CPU @ 3.30GHz",1,4096,"N=4096",2,1.264306,1.264306,1.264306,68.157723,68.196249,0.038526,3.409812e+01,53.939655,2.480965e-10,632.153180,632.153180,2.748779e+11,217.41,2.013266e+08,53.94,above,,,,1337,1340,,84,84,84,,-1,-1,-1.000000,-1,t
cpu-gpu-v2,2026-07-19T10:35:23,"20260719_085511_session3",511,511,1,"GEMM","openblas_sgemm",cpu_native,"Intel(R) Core(TM) i9-7900X CPU @ 3.30GHz",2,64,"N=64",446066,1.002638,1.002638,1.002638,48.820737,48.820737,0.000000,1.094473e-04,48.692267,2.087542e-10,0.002248,0.002248,2.338671e+11,233.25,4.915200e+04,48.69,in_range,,,,1487,1339,,82,81,82,,-1,-1,-1.000000,-1,t
cpu-gpu-v2,2026-07-19T10:35:24,"20260719_085511_session3",512,512,2,"GEMM","openblas_sgemm",cpu_native,"Intel(R) Core(TM) i9-7900X CPU @ 3.30GHz",2,64,"N=64",446066,0.987037,0.987037,0.987037,49.042661,49.042661,0.000000,1.099449e-04,49.686746,2.097032e-10,0.002213,0.002213,2.338671e+11,236.94,4.915200e+04,49.69,in_range,,,,1324,1339,,82,82,82,,-1,-1,-1.000000,-1,t
cpu-gpu-v2,2026-07-19T10:35:25,"20260719_085511_session3",513,513,3,"GEMM","openblas_sgemm",cpu_native,"Intel(R) Core(TM) i9-7900X CPU @ 3.30GHz",2,64,"N=64",446066,0.999217,0.999217,0.999217,49.120785,49.120785,0.000000,1.101200e-04,49.159295,2.100372e-10,0.002240,0.002240,2.338671e+11,234.05,4.915200e+04,49.16,in_range,,,,1364,1339,,85,82,85,,-1,-1,-1.000000,-1,t
cpu-gpu-v2,2026-07-19T10:35:26,"20260719_085511_session3",514,514,4,"GEMM","openblas_sgemm",cpu_native,"Intel(R) Core(TM) i9-7900X CPU @ 3.30GHz",2,64,"N=64",446066,0.986134,0.986134,0.986134,49.914240,49.914240,0.000000,1.118988e-04,50.616096,2.134300e-10,0.002211,0.002211,2.338671e+11,237.16,4.915200e+04,50.62,in_range,,,,1337,1340,,85,85,85,,-1,-1,-1.000000,-1,t
cpu-gpu-v2,2026-07-19T10:35:27,"20260719_085511_session3",515,515,5,"GEMM","openblas_sgemm",cpu_native,"Intel(R) Core(TM) i9-7900X CPU @ 3.30GHz",2,64,"N=64",446066,0.985949,0.985949,0.985949,50.336053,50.336053,0.000000,1.128444e-04,51.053397,2.152336e-10,0.002210,0.002210,2.338671e+11,237.20,4.915200e+04,51.05,in_range,,,,1364,1340,,85,85,82,,-1,-1,-1.000000,-1,t
cpu-gpu-v2,2026-07-19T10:35:28,"20260719_085511_session3",516,516,6,"GEMM","openblas_sgemm",cpu_native,"Intel(R) Core(TM) i9-7900X CPU @ 3.30GHz",2,64,"N=64",446066,0.988271,0.988271,0.988271,49.903559,49.903559,0.000000,1.118748e-04,50.495822,2.133843e-10,0.002216,0.002216,2.338671e+11,236.64,4.915200e+04,50.50,in_range,,,,1338,1339,,82,82,82,,-1,-1,-1.000000,-1,t
cpu-gpu-v2,2026-07-19T10:35:29,"20260719_085511_session3",517,517,7,"GEMM","openblas_sgemm",cpu_native,"Intel(R) Core(TM) i9-7900X CPU @ 3.30GHz",2,64,"N=64",446066,0.997818,0.997818,0.997818,48.789243,48.789243,0.000000,1.093767e-04,48.895924,2.086196e-10,0.002237,0.002237,2.338671e+11,234.38,4.915200e+04,48.90,in_range,,,,1336,1339,,85,82,85,,-1,-1,-1.000000,-1,t
cpu-gpu-v2,2026-07-19T10:35:30,"20260719_085511_session3",518,518,8,"GEMM","openblas_sgemm",cpu_native,"Intel(R) Core(TM) i9-7900X CPU @ 3.30GHz",2,64,"N=64",446066,0.987193,0.987193,0.987193,48.313353,48.313353,0.000000,1.083099e-04,48.940119,2.065847e-10,0.002213,0.002213,2.338671e+11,236.90,4.915200e+04,48.94,in_range,,,,1339,1340,,85,85,85,,-1,-1,-1.000000,-1,t
cpu-gpu-v2,2026-07-19T10:35:31,"20260719_085511_session3",519,519,9,"GEMM","openblas_sgemm",cpu_native,"Intel(R) Core(TM) i9-7900X CPU @ 3.30GHz",2,64,"N=64",446066,0.987283,0.987283,0.987283,48.705076,48.705076,0.000000,1.091880e-04,49.332429,2.082597e-10,0.002213,0.002213,2.338671e+11,236.88,4.915200e+04,49.33,in_range,,,,1551,1340,,85,85,83,,-1,-1,-1.000000,-1,t
cpu-gpu-v2,2026-07-19T10:35:32,"20260719_085511_session3",520,520,10,"GEMM","openblas_sgemm",cpu_native,"Intel(R) Core(TM) i9-7900X CPU @ 3.30GHz",2,64,"N=64",446066,0.987148,0.987148,0.987148,49.877863,49.877863,0.000000,1.118172e-04,50.527226,2.132744e-10,0.002213,0.002213,2.338671e+11,236.91,4.915200e+04,50.53,in_range,,,,1336,1563,,83,83,83,,-1,-1,-1.000000,-1,t
cpu-gpu-v2,2026-07-19T10:35:34,"20260719_085511_session3",521,521,1,"GEMM","openblas_sgemm",cpu_native,"Intel(R) Core(TM) i9-7900X CPU @ 3.30GHz",1,512,"N=512",755,1.000062,1.000062,1.000062,51.023063,51.023063,0.000000,6.758022e-02,51.019918,2.517559e-10,1.324585,1.324585,2.026688e+11,202.66,3.145728e+06,51.02,in_range,,,,1339,1339,,84,83,84,,-1,-1,-1.000000,-1,t
cpu-gpu-v2,2026-07-19T10:35:35,"20260719_085511_session3",522,522,2,"GEMM","openblas_sgemm",cpu_native,"Intel(R) Core(TM) i9-7900X CPU @ 3.30GHz",1,512,"N=512",755,0.974067,0.974067,0.974067,51.062247,51.062247,0.000000,6.763212e-02,52.421692,2.519493e-10,1.290155,1.290155,2.026688e+11,208.06,3.145728e+06,52.42,in_range,,,,1332,1339,,84,84,84,,-1,-1,-1.000000,-1,t
cpu-gpu-v2,2026-07-19T10:35:36,"20260719_085511_session3",523,523,3,"GEMM","openblas_sgemm",cpu_native,"Intel(R) Core(TM) i9-7900X CPU @ 3.30GHz",1,512,"N=512",755,1.010267,1.010267,1.010267,52.470813,52.470813,0.000000,6.949777e-02,51.937594,2.588994e-10,1.338101,1.338101,2.026688e+11,200.61,3.145728e+06,51.94,in_range,,,,1423,1339,,84,84,83,,-1,-1,-1.000000,-1,t
cpu-gpu-v2,2026-07-19T10:35:37,"20260719_085511_session3",524,524,4,"GEMM","openblas_sgemm",cpu_native,"Intel(R) Core(TM) i9-7900X CPU @ 3.30GHz",1,512,"N=512",755,0.997962,0.997962,0.997962,51.413382,51.413382,0.000000,6.809719e-02,51.518387,2.536818e-10,1.321804,1.321804,2.026688e+11,203.08,3.145728e+06,51.52,in_range,,,,1509,1339,,83,83,82,,-1,-1,-1.000000,-1,t
cpu-gpu-v2,2026-07-19T10:35:38,"20260719_085511_session3",525,525,5,"GEMM","openblas_sgemm",cpu_native,"Intel(R) Core(TM) i9-7900X CPU @ 3.30GHz",1,512,"N=512",755,0.983783,0.983783,0.983783,49.781428,49.781428,0.000000,6.593567e-02,50.602062,2.456295e-10,1.303023,1.303023,2.026688e+11,206.01,3.145728e+06,50.60,in_range,,,,1461,1472,,82,82,82,,-1,-1,-1.000000,-1,t
cpu-gpu-v2,2026-07-19T10:35:39,"20260719_085511_session3",526,526,6,"GEMM","openblas_sgemm",cpu_native,"Intel(R) Core(TM) i9-7900X CPU @ 3.30GHz",1,512,"N=512",755,0.977587,0.977587,0.977587,48.450560,48.450560,0.000000,6.417293e-02,49.561369,2.390628e-10,1.294817,1.294817,2.026688e+11,207.32,3.145728e+06,49.56,in_range,,,,1468,1339,,87,82,87,,-1,-1,-1.000000,-1,t
cpu-gpu-v2,2026-07-19T10:35:40,"20260719_085511_session3",527,527,7,"GEMM","openblas_sgemm",cpu_native,"Intel(R) Core(TM) i9-7900X CPU @ 3.30GHz",1,512,"N=512",755,1.010017,1.010017,1.010017,50.603570,50.603570,0.000000,6.702460e-02,50.101713,2.496861e-10,1.337771,1.337771,2.026688e+11,200.66,3.145728e+06,50.10,in_range,,,,1507,1339,,87,87,87,,-1,-1,-1.000000,-1,t
cpu-gpu-v2,2026-07-19T10:35:41,"20260719_085511_session3",528,528,8,"GEMM","openblas_sgemm",cpu_native,"Intel(R) Core(TM) i9-7900X CPU @ 3.30GHz",1,512,"N=512",755,0.996968,0.996968,0.996968,51.389334,51.389334,0.000000,6.806534e-02,51.545642,2.535632e-10,1.320487,1.320487,2.026688e+11,203.29,3.145728e+06,51.55,in_range,,,,1341,1340,,87,87,85,,-1,-1,-1.000000,-1,t
cpu-gpu-v2,2026-07-19T10:35:42,"20260719_085511_session3",529,529,9,"GEMM","openblas_sgemm",cpu_native,"Intel(R) Core(TM) i9-7900X CPU @ 3.30GHz",1,512,"N=512",755,0.977893,0.977893,0.977893,49.916742,49.916742,0.000000,6.611489e-02,51.045173,2.462972e-10,1.295223,1.295223,2.026688e+11,207.25,3.145728e+06,51.05,in_range,,,,1216,1495,,82,82,82,,-1,-1,-1.000000,-1,t
cpu-gpu-v2,2026-07-19T10:35:43,"20260719_085511_session3",530,530,10,"GEMM","openblas_sgemm",cpu_native,"Intel(R) Core(TM) i9-7900X CPU @ 3.30GHz",1,512,"N=512",755,0.980740,0.980740,0.980740,49.966363,49.966363,0.000000,6.618061e-02,50.947619,2.465420e-10,1.298993,1.298993,2.026688e+11,206.65,3.145728e+06,50.95,in_range,,,,1516,1339,,87,82,87,,-1,-1,-1.000000,-1,t
cpu-gpu-v2,2026-07-19T10:35:46,"20260719_085511_session3",531,531,1,"GEMM","openblas_sgemm",cpu_native,"Intel(R) Core(TM) i9-7900X CPU @ 3.30GHz",1,64,"N=64",445558,1.002740,1.002740,1.002740,49.288814,49.288814,0.000000,1.106227e-04,49.154151,2.109960e-10,0.002251,0.002251,2.336007e+11,232.96,4.915200e+04,49.15,in_range,,,,1339,1339,,86,86,86,,-1,-1,-1.000000,-1,t
cpu-gpu-v2,2026-07-19T10:35:47,"20260719_085511_session3",532,532,2,"GEMM","openblas_sgemm",cpu_native,"Intel(R) Core(TM) i9-7900X CPU @ 3.30GHz",1,64,"N=64",445558,0.987060,0.987060,0.987060,50.003412,50.003412,0.000000,1.122265e-04,50.658920,2.140550e-10,0.002215,0.002215,2.336007e+11,236.66,4.915200e+04,50.66,in_range,,,,1234,1340,,86,86,86,,-1,-1,-1.000000,-1,t
cpu-gpu-v2,2026-07-19T10:35:48,"20260719_085511_session3",533,533,3,"GEMM","openblas_sgemm",cpu_native,"Intel(R) Core(TM) i9-7900X CPU @ 3.30GHz",1,64,"N=64",445558,0.986495,0.986495,0.986495,49.892450,49.892450,0.000000,1.119775e-04,50.575459,2.135800e-10,0.002214,0.002214,2.336007e+11,236.80,4.915200e+04,50.58,in_range,,,,1337,1487,,86,86,81,,-1,-1,-1.000000,-1,t
cpu-gpu-v2,2026-07-19T10:35:49,"20260719_085511_session3",534,534,4,"GEMM","openblas_sgemm",cpu_native,"Intel(R) Core(TM) i9-7900X CPU @ 3.30GHz",1,64,"N=64",445558,1.007714,1.007714,1.007714,48.944150,48.944150,0.000000,1.098491e-04,48.569501,2.095206e-10,0.002262,0.002262,2.336007e+11,231.81,4.915200e+04,48.57,in_range,,,,1663,1446,,81,81,80,,-1,-1,-1.000000,-1,t
cpu-gpu-v2,2026-07-19T10:35:50,"20260719_085511_session3",535,535,5,"GEMM","openblas_sgemm",cpu_native,"Intel(R) Core(TM) i9-7900X CPU @ 3.30GHz",1,64,"N=64",445558,0.987074,0.987074,0.987074,48.071654,48.071654,0.000000,1.078909e-04,48.701159,2.057856e-10,0.002215,0.002215,2.336007e+11,236.66,4.915200e+04,48.70,in_range,,,,1424,1340,,80,80,80,,-1,-1,-1.000000,-1,t
cpu-gpu-v2,2026-07-19T10:35:51,"20260719_085511_session3",536,536,6,"GEMM","openblas_sgemm",cpu_native,"Intel(R) Core(TM) i9-7900X CPU @ 3.30GHz",1,64,"N=64",445558,0.987190,0.987190,0.987190,50.018671,50.018671,0.000000,1.122607e-04,50.667746,2.141204e-10,0.002216,0.002216,2.336007e+11,236.63,4.915200e+04,50.67,in_range,,,,1339,1494,,83,80,83,,-1,-1,-1.000000,-1,t
cpu-gpu-v2,2026-07-19T10:35:52,"20260719_085511_session3",537,537,7,"GEMM","openblas_sgemm",cpu_native,"Intel(R) Core(TM) i9-7900X CPU @ 3.30GHz",1,64,"N=64",445558,0.985887,0.985887,0.985887,49.164913,49.164913,0.000000,1.103446e-04,49.868728,2.104656e-10,0.002213,0.002213,2.336007e+11,236.94,4.915200e+04,49.87,in_range,,,,1493,1461,,83,83,83,,-1,-1,-1.000000,-1,t
cpu-gpu-v2,2026-07-19T10:35:53,"20260719_085511_session3",538,538,8,"GEMM","openblas_sgemm",cpu_native,"Intel(R) Core(TM) i9-7900X CPU @ 3.30GHz",1,64,"N=64",445558,0.985440,0.985440,0.985440,49.332759,49.332759,0.000000,1.107213e-04,50.061669,2.111841e-10,0.002212,0.002212,2.336007e+11,237.05,4.915200e+04,50.06,in_range,,,,1489,1340,,85,83,85,,-1,-1,-1.000000,-1,t
cpu-gpu-v2,2026-07-19T10:35:54,"20260719_085511_session3",539,539,9,"GEMM","openblas_sgemm",cpu_native,"Intel(R) Core(TM) i9-7900X CPU @ 3.30GHz",1,64,"N=64",445558,0.986717,0.986717,0.986717,49.809870,49.809870,0.000000,1.117921e-04,50.480412,2.132265e-10,0.002215,0.002215,2.336007e+11,236.75,4.915200e+04,50.48,in_range,,,,1364,1339,,85,85,85,,-1,-1,-1.000000,-1,t
cpu-gpu-v2,2026-07-19T10:35:55,"20260719_085511_session3",540,540,10,"GEMM","openblas_sgemm",cpu_native,"Intel(R) Core(TM) i9-7900X CPU @ 3.30GHz",1,64,"N=64",445558,1.001702,1.001702,1.001702,49.632319,49.632319,0.000000,1.113936e-04,49.547983,2.124665e-10,0.002248,0.002248,2.336007e+11,233.20,4.915200e+04,49.55,in_range,,,,1497,1338,,85,85,80,,-1,-1,-1.000000,-1,t
cpu-gpu-v2,2026-07-19T10:35:57,"20260719_085511_session3",541,541,1,"GEMM","openblas_sgemm",cpu_native,"Intel(R) Core(TM) i9-7900X CPU @ 3.30GHz",16,64,"N=64",449292,1.001837,1.001837,1.001837,50.928580,50.928580,0.000000,1.133530e-04,50.835175,2.162036e-10,0.002230,0.002230,2.355584e+11,235.13,4.915200e+04,50.84,in_range,,,,1339,1340,,83,83,82,,-1,-1,-1.000000,-1,t
cpu-gpu-v2,2026-07-19T10:35:58,"20260719_085511_session3",542,542,2,"GEMM","openblas_sgemm",cpu_native,"Intel(R) Core(TM) i9-7900X CPU @ 3.30GHz",16,64,"N=64",449292,0.994855,0.994855,0.994855,50.010797,50.010797,0.000000,1.113102e-04,50.269451,2.123074e-10,0.002214,0.002214,2.355584e+11,236.78,4.915200e+04,50.27,in_range,,,,1351,1339,,82,82,82,,-1,-1,-1.000000,-1,t
cpu-gpu-v2,2026-07-19T10:35:59,"20260719_085511_session3",543,543,3,"GEMM","openblas_sgemm",cpu_native,"Intel(R) Core(TM) i9-7900X CPU @ 3.30GHz",16,64,"N=64",449292,1.010458,1.010458,1.010458,50.744438,50.744438,0.000000,1.129431e-04,50.219221,2.154219e-10,0.002249,0.002249,2.355584e+11,233.12,4.915200e+04,50.22,in_range,,,,1365,1339,,86,82,86,,-1,-1,-1.000000,-1,t
cpu-gpu-v2,2026-07-19T10:36:00,"20260719_085511_session3",544,544,4,"GEMM","openblas_sgemm",cpu_native,"Intel(R) Core(TM) i9-7900X CPU @ 3.30GHz",16,64,"N=64",449292,1.009876,1.009876,1.009876,50.559440,50.559440,0.000000,1.125314e-04,50.064977,2.146365e-10,0.002248,0.002248,2.355584e+11,233.25,4.915200e+04,50.06,in_range,,,,1755,1340,,86,86,86,,-1,-1,-1.000000,-1,t
cpu-gpu-v2,2026-07-19T10:36:01,"20260719_085511_session3",545,545,5,"GEMM","openblas_sgemm",cpu_native,"Intel(R) Core(TM) i9-7900X CPU @ 3.30GHz",16,64,"N=64",449292,1.001850,1.001850,1.001850,50.224237,50.224237,0.000000,1.117853e-04,50.131471,2.132135e-10,0.002230,0.002230,2.355584e+11,235.12,4.915200e+04,50.13,in_range,,,,1336,1339,,86,86,81,,-1,-1,-1.000000,-1,t
cpu-gpu-v2,2026-07-19T10:36:02,"20260719_085511_session3",546,546,6,"GEMM","openblas_sgemm",cpu_native,"Intel(R) Core(TM) i9-7900X CPU @ 3.30GHz",16,64,"N=64",449292,1.015764,1.015764,1.015764,49.416378,49.416378,0.000000,1.099872e-04,48.649475,2.097840e-10,0.002261,0.002261,2.355584e+11,231.90,4.915200e+04,48.65,in_range,,,,1357,1340,,82,81,82,,-1,-1,-1.000000,-1,t
cpu-gpu-v2,2026-07-19T10:36:03,"20260719_085511_session3",547,547,7,"GEMM","openblas_sgemm",cpu_native,"Intel(R) Core(TM) i9-7900X CPU @ 3.30GHz",16,64,"N=64",449292,1.004892,1.004892,1.004892,49.118831,49.118831,0.000000,1.093250e-04,48.879723,2.085208e-10,0.002237,0.002237,2.355584e+11,234.41,4.915200e+04,48.88,in_range,,,,1362,1340,,82,82,82,,-1,-1,-1.000000,-1,t
cpu-gpu-v2,2026-07-19T10:36:04,"20260719_085511_session3",548,548,8,"GEMM","openblas_sgemm",cpu_native,"Intel(R) Core(TM) i9-7900X CPU @ 3.30GHz",16,64,"N=64",449292,0.995362,0.995362,0.995362,48.603025,48.603025,0.000000,1.081769e-04,48.829481,2.063311e-10,0.002215,0.002215,2.355584e+11,236.66,4.915200e+04,48.83,in_range,,,,1340,1301,,82,82,82,,-1,-1,-1.000000,-1,t
cpu-gpu-v2,2026-07-19T10:36:05,"20260719_085511_session3",549,549,9,"GEMM","openblas_sgemm",cpu_native,"Intel(R) Core(TM) i9-7900X CPU @ 3.30GHz",16,64,"N=64",449292,0.999826,0.999826,0.999826,48.413206,48.413206,0.000000,1.077544e-04,48.421650,2.055253e-10,0.002225,0.002225,2.355584e+11,235.60,4.915200e+04,48.42,in_range,,,,1257,1495,,83,76,83,,-1,-1,-1.000000,-1,t
cpu-gpu-v2,2026-07-19T10:36:06,"20260719_085511_session3",550,550,10,"GEMM","openblas_sgemm",cpu_native,"Intel(R) Core(TM) i9-7900X CPU @ 3.30GHz",16,64,"N=64",449292,1.016592,1.016592,1.016592,50.165154,50.165154,0.000000,1.116538e-04,49.346399,2.129627e-10,0.002263,0.002263,2.355584e+11,231.71,4.915200e+04,49.35,in_range,,,,1567,1339,,85,83,85,,-1,-1,-1.000000,-1,t
cpu-gpu-v2,2026-07-19T10:36:29,"20260719_085511_session3",551,551,1,"GEMM","openblas_sgemm",cpu_native,"Intel(R) Core(TM) i9-7900X CPU @ 3.30GHz",10,16384,"N=16384",1,6.495450,6.495450,6.495450,1036.905976,1050.140950,13.234974,1.050141e+03,161.673310,1.193872e-10,6495.450300,6495.450300,8.796093e+12,1354.19,3.221225e+09,161.67,above,,,,2137,2015,,83,82,83,,-1,-1,-1.000000,-1,t
cpu-gpu-v2,2026-07-19T10:36:35,"20260719_085511_session3",552,552,2,"GEMM","openblas_sgemm",cpu_native,"Intel(R) Core(TM) i9-7900X CPU @ 3.30GHz",10,16384,"N=16384",1,6.507916,6.507916,6.507916,1041.908527,1055.084183,13.175656,1.055084e+03,162.123191,1.199492e-10,6507.916444,6507.916444,8.796093e+12,1351.60,3.221225e+09,162.12,above,,,,2180,2015,,83,83,83,,-1,-1,-1.000000,-1,t
cpu-gpu-v2,2026-07-19T10:36:42,"20260719_085511_session3",553,553,3,"GEMM","openblas_sgemm",cpu_native,"Intel(R) Core(TM) i9-7900X CPU @ 3.30GHz",10,16384,"N=16384",1,6.499125,6.499125,6.499125,1044.242200,1057.504898,13.262698,1.057505e+03,162.714977,1.202244e-10,6499.124522,6499.124522,8.796093e+12,1353.43,3.221225e+09,162.71,above,,,,2142,2105,,84,83,84,,-1,-1,-1.000000,-1,t
cpu-gpu-v2,2026-07-19T10:36:48,"20260719_085511_session3",554,554,4,"GEMM","openblas_sgemm",cpu_native,"Intel(R) Core(TM) i9-7900X CPU @ 3.30GHz",10,16384,"N=16384",1,6.504641,6.504641,6.504641,1048.036380,1061.368494,13.332114,1.061368e+03,163.170967,1.206636e-10,6504.640599,6504.640599,8.796093e+12,1352.28,3.221225e+09,163.17,above,,,,2131,2109,,85,84,85,,-1,-1,-1.000000,-1,t
cpu-gpu-v2,2026-07-19T10:36:55,"20260719_085511_session3",555,555,5,"GEMM","openblas_sgemm",cpu_native,"Intel(R) Core(TM) i9-7900X CPU @ 3.30GHz",10,16384,"N=16384",1,6.510548,6.510548,6.510548,1051.749199,1065.011301,13.262102,1.065011e+03,163.582425,1.210778e-10,6510.548416,6510.548416,8.796093e+12,1351.05,3.221225e+09,163.58,above,,,,2134,2098,,86,85,86,,-1,-1,-1.000000,-1,t
cpu-gpu-v2,2026-07-19T10:37:01,"20260719_085511_session3",556,556,6,"GEMM","openblas_sgemm",cpu_native,"Intel(R) Core(TM) i9-7900X CPU @ 3.30GHz",10,16384,"N=16384",1,6.505843,6.505843,6.505843,1055.575240,1068.803375,13.228135,1.068803e+03,164.283617,1.215089e-10,6505.842733,6505.842733,8.796093e+12,1352.03,3.221225e+09,164.28,above,,,,2139,2257,,86,86,86,,-1,-1,-1.000000,-1,t
cpu-gpu-v2,2026-07-19T10:37:08,"20260719_085511_session3",557,557,7,"GEMM","openblas_sgemm",cpu_native,"Intel(R) Core(TM) i9-7900X CPU @ 3.30GHz",10,16384,"N=16384",1,6.498689,6.498689,6.498689,1058.150184,1071.299891,13.149707,1.071300e+03,164.848625,1.217927e-10,6498.688659,6498.688659,8.796093e+12,1353.52,3.221225e+09,164.85,above,,,,2275,2126,,87,86,87,,-1,-1,-1.000000,-1,t
cpu-gpu-v2,2026-07-19T10:37:14,"20260719_085511_session3",558,558,8,"GEMM","openblas_sgemm",cpu_native,"Intel(R) Core(TM) i9-7900X CPU @ 3.30GHz",10,16384,"N=16384",1,6.505183,6.505183,6.505183,1063.872703,1077.225503,13.352800,1.077226e+03,165.594958,1.224664e-10,6505.182998,6505.182998,8.796093e+12,1352.17,3.221225e+09,165.59,above,,,,2154,2410,,88,87,88,,-1,-1,-1.000000,-1,t
cpu-gpu-v2,2026-07-19T10:37:21,"20260719_085511_session3",559,559,9,"GEMM","openblas_sgemm",cpu_native,"Intel(R) Core(TM) i9-7900X CPU @ 3.30GHz",10,16384,"N=16384",1,6.503220,6.503220,6.503220,1067.168716,1080.562153,13.393437,1.080562e+03,166.158014,1.228457e-10,6503.220201,6503.220201,8.796093e+12,1352.57,3.221225e+09,166.16,above,,,,2423,2106,,89,88,89,,-1,-1,-1.000000,-1,t
cpu-gpu-v2,2026-07-19T10:37:27,"20260719_085511_session3",560,560,10,"GEMM","openblas_sgemm",cpu_native,"Intel(R) Core(TM) i9-7900X CPU @ 3.30GHz",10,16384,"N=16384",1,6.493265,6.493265,6.493265,1069.307077,1082.758148,13.451071,1.082758e+03,166.750965,1.230953e-10,6493.264656,6493.264656,8.796093e+12,1354.65,3.221225e+09,166.75,above,,,,2130,2096,,90,89,90,,-1,-1,-1.000000,-1,t
cpu-gpu-v2,2026-07-19T10:37:57,"20260719_085511_session3",561,561,1,"GEMM","openblas_sgemm",cpu_native,"Intel(R) Core(TM) i9-7900X CPU @ 3.30GHz",20,16384,"N=16384",1,8.861609,8.861609,8.861609,1440.000342,1458.615301,18.614959,1.458615e+03,164.599367,1.658254e-10,8861.609429,8861.609429,8.796093e+12,992.61,3.221225e+09,164.60,above,,,,3300,3154,,99,99,99,,-1,-1,-1.000000,-1,t
cpu-gpu-v2,2026-07-19T10:38:06,"20260719_085511_session3",562,562,2,"GEMM","openblas_sgemm",cpu_native,"Intel(R) Core(TM) i9-7900X CPU @ 3.30GHz",20,16384,"N=16384",1,8.865429,8.865429,8.865429,1443.412381,1462.155707,18.743326,1.462156e+03,164.927803,1.662279e-10,8865.428861,8865.428861,8.796093e+12,992.18,3.221225e+09,164.93,above,,,,3275,3315,,100,99,100,,-1,-1,-1.000000,-1,t
cpu-gpu-v2,2026-07-19T10:38:15,"20260719_085511_session3",563,563,3,"GEMM","openblas_sgemm",cpu_native,"Intel(R) Core(TM) i9-7900X CPU @ 3.30GHz",20,16384,"N=16384",1,8.897438,8.897438,8.897438,1454.255677,1473.168374,18.912697,1.473168e+03,165.572199,1.674799e-10,8897.437975,8897.437975,8.796093e+12,988.61,3.221225e+09,165.57,above,,,,3534,3894,,100,100,100,,-1,-1,-1.000000,-1,t
cpu-gpu-v2,2026-07-19T10:38:24,"20260719_085511_session3",564,564,4,"GEMM","openblas_sgemm",cpu_native,"Intel(R) Core(TM) i9-7900X CPU @ 3.30GHz",20,16384,"N=16384",1,8.848763,8.848763,8.848763,1457.391472,1476.430684,19.039212,1.476431e+03,166.851641,1.678507e-10,8848.763319,8848.763319,8.796093e+12,994.05,3.221225e+09,166.85,above,,,,3596,3352,,100,100,100,,-1,-1,-1.000000,-1,t
cpu-gpu-v2,2026-07-19T10:38:33,"20260719_085511_session3",565,565,5,"GEMM","openblas_sgemm",cpu_native,"Intel(R) Core(TM) i9-7900X CPU @ 3.30GHz",20,16384,"N=16384",1,8.888649,8.888649,8.888649,1466.902800,1486.057819,19.155019,1.486058e+03,167.186021,1.689452e-10,8888.648780,8888.648780,8.796093e+12,989.59,3.221225e+09,167.19,above,,,,3382,3119,,100,100,100,,-1,-1,-1.000000,-1,t
cpu-gpu-v2,2026-07-19T10:38:42,"20260719_085511_session3",566,566,6,"GEMM","openblas_sgemm",cpu_native,"Intel(R) Core(TM) i9-7900X CPU @ 3.30GHz",20,16384,"N=16384",1,8.898411,8.898411,8.898411,1472.602371,1491.930127,19.327756,1.491930e+03,167.662529,1.696128e-10,8898.411225,8898.411225,8.796093e+12,988.50,3.221225e+09,167.66,above,,,,3194,3462,,100,100,99,,-1,-1,-1.000000,-1,t
cpu-gpu-v2,2026-07-19T10:38:51,"20260719_085511_session3",567,567,7,"GEMM","openblas_sgemm",cpu_native,"Intel(R) Core(TM) i9-7900X CPU @ 3.30GHz",20,16384,"N=16384",1,8.887206,8.887206,8.887206,1478.013368,1497.387758,19.374390,1.497388e+03,168.488018,1.702333e-10,8887.206188,8887.206188,8.796093e+12,989.75,3.221225e+09,168.49,above,,,,3611,2920,,99,99,99,,-1,-1,-1.000000,-1,t
cpu-gpu-v2,2026-07-19T10:38:59,"20260719_085511_session3",568,568,8,"GEMM","openblas_sgemm",cpu_native,"Intel(R) Core(TM) i9-7900X CPU @ 3.30GHz",20,16384,"N=16384",1,8.832693,8.832693,8.832693,1480.379999,1499.494993,19.114994,1.499495e+03,169.766466,1.704728e-10,8832.692535,8832.692535,8.796093e+12,995.86,3.221225e+09,169.77,above,,,,3018,3349,,99,99,99,,-1,-1,-1.000000,-1,t
cpu-gpu-v2,2026-07-19T10:39:08,"20260719_085511_session3",569,569,9,"GEMM","openblas_sgemm",cpu_native,"Intel(R) Core(TM) i9-7900X CPU @ 3.30GHz",20,16384,"N=16384",1,8.857117,8.857117,8.857117,1487.782812,1506.966487,19.183675,1.506966e+03,170.141865,1.713223e-10,8857.117495,8857.117495,8.796093e+12,993.11,3.221225e+09,170.14,above,,,,3258,2929,,99,99,99,,-1,-1,-1.000000,-1,t
cpu-gpu-v2,2026-07-19T10:39:17,"20260719_085511_session3",570,570,10,"GEMM","openblas_sgemm",cpu_native,"Intel(R) Core(TM) i9-7900X CPU @ 3.30GHz",20,16384,"N=16384",1,8.857396,8.857396,8.857396,1492.505029,1511.883519,19.378490,1.511884e+03,170.691639,1.718813e-10,8857.396475,8857.396475,8.796093e+12,993.08,3.221225e+09,170.69,above,,,,3041,2903,,99,99,99,,-1,-1,-1.000000,-1,t
cpu-gpu-v2,2026-07-19T10:39:20,"20260719_085511_session3",571,571,1,"GEMM","openblas_sgemm",cpu_native,"Intel(R) Core(TM) i9-7900X CPU @ 3.30GHz",2,2048,"N=2048",22,1.017800,1.017800,1.017800,87.320944,87.433858,0.112914,3.974266e+00,85.904767,2.313327e-10,46.263629,46.263629,3.779571e+11,371.35,5.033165e+07,85.90,in_range,,,,1460,1444,,99,99,96,,-1,-1,-1.000000,-1,t
cpu-gpu-v2,2026-07-19T10:39:21,"20260719_085511_session3",572,572,2,"GEMM","openblas_sgemm",cpu_native,"Intel(R) Core(TM) i9-7900X CPU @ 3.30GHz",2,2048,"N=2048",22,1.015488,1.015488,1.015488,86.831992,86.947660,0.115668,3.952166e+00,85.621530,2.300464e-10,46.158558,46.158558,3.779571e+11,372.19,5.033165e+07,85.62,in_range,,,,1445,1537,,98,96,98,,-1,-1,-1.000000,-1,t
cpu-gpu-v2,2026-07-19T10:39:22,"20260719_085511_session3",573,573,3,"GEMM","openblas_sgemm",cpu_native,"Intel(R) Core(TM) i9-7900X CPU @ 3.30GHz",2,2048,"N=2048",22,1.016406,1.016406,1.016406,86.819907,86.938390,0.118483,3.951745e+00,85.535140,2.300218e-10,46.200252,46.200252,3.779571e+11,371.86,5.033165e+07,85.54,in_range,,,,1611,1592,,99,98,99,,-1,-1,-1.000000,-1,t
cpu-gpu-v2,2026-07-19T10:39:23,"20260719_085511_session3",574,574,4,"GEMM","openblas_sgemm",cpu_native,"Intel(R) Core(TM) i9-7900X CPU @ 3.30GHz",2,2048,"N=2048",22,1.024919,1.024919,1.024919,88.939287,89.053808,0.114521,4.047900e+00,86.888631,2.356188e-10,46.587227,46.587227,3.779571e+11,368.77,5.033165e+07,86.89,in_range,,,,1617,1523,,99,99,98,,-1,-1,-1.000000,-1,t
cpu-gpu-v2,2026-07-19T10:39:24,"20260719_085511_session3",575,575,5,"GEMM","openblas_sgemm",cpu_native,"Intel(R) Core(TM) i9-7900X CPU @ 3.30GHz",2,2048,"N=2048",22,1.026468,1.026468,1.026468,89.121842,89.238734,0.116892,4.056306e+00,86.937664,2.361081e-10,46.657638,46.657638,3.779571e+11,368.21,5.033165e+07,86.94,in_range,,,,1555,1561,,98,98,97,,-1,-1,-1.000000,-1,t
cpu-gpu-v2,2026-07-19T10:39:25,"20260719_085511_session3",576,576,6,"GEMM","openblas_sgemm",cpu_native,"Intel(R) Core(TM) i9-7900X CPU @ 3.30GHz",2,2048,"N=2048",22,1.025724,1.025724,1.025724,89.363358,89.477955,0.114597,4.067180e+00,87.233984,2.367410e-10,46.623800,46.623800,3.779571e+11,368.48,5.033165e+07,87.23,in_range,,,,1569,1578,,100,97,100,,-1,-1,-1.000000,-1,t
cpu-gpu-v2,2026-07-19T10:39:26,"20260719_085511_session3",577,577,7,"GEMM","openblas_sgemm",cpu_native,"Intel(R) Core(TM) i9-7900X CPU @ 3.30GHz",2,2048,"N=2048",22,1.023869,1.023869,1.023869,88.557940,88.673592,0.115652,4.030618e+00,86.606388,2.346128e-10,46.539498,46.539498,3.779571e+11,369.15,5.033165e+07,86.61,in_range,,,,1752,1445,,100,100,96,,-1,-1,-1.000000,-1,t
cpu-gpu-v2,2026-07-19T10:39:27,"20260719_085511_session3",578,578,8,"GEMM","openblas_sgemm",cpu_native,"Intel(R) Core(TM) i9-7900X CPU @ 3.30GHz",2,2048,"N=2048",22,1.023250,1.023250,1.023250,88.238544,88.347832,0.109288,4.015811e+00,86.340424,2.337509e-10,46.511360,46.511360,3.779571e+11,369.37,5.033165e+07,86.34,in_range,,,,1571,1558,,99,96,99,,-1,-1,-1.000000,-1,t
cpu-gpu-v2,2026-07-19T10:39:28,"20260719_085511_session3",579,579,9,"GEMM","openblas_sgemm",cpu_native,"Intel(R) Core(TM) i9-7900X CPU @ 3.30GHz",2,2048,"N=2048",22,1.023879,1.023879,1.023879,88.399005,88.506150,0.107145,4.023007e+00,86.442018,2.341698e-10,46.539946,46.539946,3.779571e+11,369.14,5.033165e+07,86.44,in_range,,,,1606,1599,,100,99,100,,-1,-1,-1.000000,-1,t
cpu-gpu-v2,2026-07-19T10:39:29,"20260719_085511_session3",580,580,10,"GEMM","openblas_sgemm",cpu_native,"Intel(R) Core(TM) i9-7900X CPU @ 3.30GHz",2,2048,"N=2048",22,1.023838,1.023838,1.023838,87.641438,87.740139,0.098701,3.988188e+00,85.697320,2.321431e-10,46.538073,46.538073,3.779571e+11,369.16,5.033165e+07,85.70,in_range,,,,1619,1423,,100,100,96,,-1,-1,-1.000000,-1,t
cpu-gpu-v2,2026-07-19T10:39:32,"20260719_085511_session3",581,581,1,"GEMM","openblas_sgemm",cpu_native,"Intel(R) Core(TM) i9-7900X CPU @ 3.30GHz",8,4096,"N=4096",10,1.062892,1.062892,1.062892,171.592579,173.362666,1.770087,1.733627e+01,163.104657,1.261379e-10,106.289219,106.289219,1.374390e+12,1293.07,2.013266e+08,163.10,in_range,,,,2135,2244,,99,98,99,,-1,-1,-1.000000,-1,t
cpu-gpu-v2,2026-07-19T10:39:33,"20260719_085511_session3",582,582,2,"GEMM","openblas_sgemm",cpu_native,"Intel(R) Core(TM) i9-7900X CPU @ 3.30GHz",8,4096,"N=4096",10,1.092183,1.092183,1.092183,172.113268,173.909182,1.795914,1.739092e+01,159.230789,1.265356e-10,109.218313,109.218313,1.374390e+12,1258.39,2.013266e+08,159.23,in_range,,,,2323,2236,,100,99,100,,-1,-1,-1.000000,-1,t
cpu-gpu-v2,2026-07-19T10:39:34,"20260719_085511_session3",583,583,3,"GEMM","openblas_sgemm",cpu_native,"Intel(R) Core(TM) i9-7900X CPU @ 3.30GHz",8,4096,"N=4096",10,1.097081,1.097081,1.097081,172.455003,174.222750,1.767747,1.742228e+01,158.805720,1.267637e-10,109.708107,109.708107,1.374390e+12,1252.77,2.013266e+08,158.81,in_range,,,,2252,2096,,100,100,100,,-1,-1,-1.000000,-1,t
cpu-gpu-v2,2026-07-19T10:39:35,"20260719_085511_session3",584,584,4,"GEMM","openblas_sgemm",cpu_native,"Intel(R) Core(TM) i9-7900X CPU @ 3.30GHz",8,4096,"N=4096",10,1.098293,1.098293,1.098293,172.475267,174.238485,1.763218,1.742385e+01,158.644740,1.267752e-10,109.829349,109.829349,1.374390e+12,1251.39,2.013266e+08,158.64,in_range,,,,2238,2205,,100,100,100,,-1,-1,-1.000000,-1,t
cpu-gpu-v2,2026-07-19T10:39:36,"20260719_085511_session3",585,585,5,"GEMM","openblas_sgemm",cpu_native,"Intel(R) Core(TM) i9-7900X CPU @ 3.30GHz",8,4096,"N=4096",10,1.099721,1.099721,1.099721,172.131700,173.863996,1.732296,1.738640e+01,158.098298,1.265027e-10,109.972086,109.972086,1.374390e+12,1249.76,2.013266e+08,158.10,in_range,,,,2125,2227,,100,100,99,,-1,-1,-1.000000,-1,t
cpu-gpu-v2,2026-07-19T10:39:37,"20260719_085511_session3",586,586,6,"GEMM","openblas_sgemm",cpu_native,"Intel(R) Core(TM) i9-7900X CPU @ 3.30GHz",8,4096,"N=4096",10,1.103741,1.103741,1.103741,172.316270,174.028432,1.712162,1.740284e+01,157.671456,1.266223e-10,110.374089,110.374089,1.374390e+12,1245.21,2.013266e+08,157.67,in_range,,,,2269,2203,,100,99,100,,-1,-1,-1.000000,-1,t
cpu-gpu-v2,2026-07-19T10:39:38,"20260719_085511_session3",587,587,7,"GEMM","openblas_sgemm",cpu_native,"Intel(R) Core(TM) i9-7900X CPU @ 3.30GHz",8,4096,"N=4096",10,1.106005,1.106005,1.106005,172.404283,174.135753,1.731470,1.741358e+01,157.445686,1.267004e-10,110.600524,110.600524,1.374390e+12,1242.66,2.013266e+08,157.45,in_range,,,,2331,2323,,100,100,100,,-1,-1,-1.000000,-1,t
cpu-gpu-v2,2026-07-19T10:39:39,"20260719_085511_session3",588,588,8,"GEMM","openblas_sgemm",cpu_native,"Intel(R) Core(TM) i9-7900X CPU @ 3.30GHz",8,4096,"N=4096",10,1.072634,1.072634,1.072634,172.339585,174.140212,1.800627,1.741402e+01,162.348269,1.267037e-10,107.263362,107.263362,1.374390e+12,1281.32,2.013266e+08,162.35,in_range,,,,2358,2227,,100,100,99,,-1,-1,-1.000000,-1,t
cpu-gpu-v2,2026-07-19T10:39:41,"20260719_085511_session3",589,589,9,"GEMM","openblas_sgemm",cpu_native,"Intel(R) Core(TM) i9-7900X CPU @ 3.30GHz",8,4096,"N=4096",10,1.075435,1.075435,1.075435,173.086898,174.875269,1.788371,1.748753e+01,162.608803,1.272385e-10,107.543544,107.543544,1.374390e+12,1277.98,2.013266e+08,162.61,in_range,,,,2334,2228,,99,99,99,,-1,-1,-1.000000,-1,t
cpu-gpu-v2,2026-07-19T10:39:42,"20260719_085511_session3",590,590,10,"GEMM","openblas_sgemm",cpu_native,"Intel(R) Core(TM) i9-7900X CPU @ 3.30GHz",8,4096,"N=4096",10,1.081851,1.081851,1.081851,173.595076,175.372646,1.777570,1.753726e+01,162.104288,1.276004e-10,108.185075,108.185075,1.374390e+12,1270.41,2.013266e+08,162.10,in_range,,,,2259,2310,,99,99,99,,-1,-1,-1.000000,-1,t
cpu-gpu-v2,2026-07-19T10:39:44,"20260719_085511_session3",591,591,1,"GEMM","openblas_sgemm",cpu_native,"Intel(R) Core(TM) i9-7900X CPU @ 3.30GHz",16,512,"N=512",3903,1.017349,1.017349,1.017349,163.195444,163.195444,0.000000,4.181282e-02,160.412371,1.557649e-10,0.260658,0.260658,1.047704e+12,1029.84,3.145728e+06,160.41,in_range,,,,2860,2971,,100,99,100,,-1,-1,-1.000000,-1,t
cpu-gpu-v2,2026-07-19T10:39:45,"20260719_085511_session3",592,592,2,"GEMM","openblas_sgemm",cpu_native,"Intel(R) Core(TM) i9-7900X CPU @ 3.30GHz",16,512,"N=512",3903,1.024741,1.024741,1.024741,162.130261,162.130261,0.000000,4.153991e-02,158.215796,1.547482e-10,0.262552,0.262552,1.047704e+12,1022.41,3.145728e+06,158.22,in_range,,,,3021,2847,,100,100,100,,-1,-1,-1.000000,-1,t
cpu-gpu-v2,2026-07-19T10:39:46,"20260719_085511_session3",593,593,3,"GEMM","openblas_sgemm",cpu_native,"Intel(R) Core(TM) i9-7900X CPU @ 3.30GHz",16,512,"N=512",3903,1.018487,1.018487,1.018487,163.180552,163.180552,0.000000,4.180901e-02,160.218669,1.557507e-10,0.260950,0.260950,1.047704e+12,1028.69,3.145728e+06,160.22,in_range,,,,2964,3062,,100,100,99,,-1,-1,-1.000000,-1,t
cpu-gpu-v2,2026-07-19T10:39:47,"20260719_085511_session3",594,594,4,"GEMM","openblas_sgemm",cpu_native,"Intel(R) Core(TM) i9-7900X CPU @ 3.30GHz",16,512,"N=512",3903,1.025967,1.025967,1.025967,161.991285,161.991285,0.000000,4.150430e-02,157.891255,1.546156e-10,0.262866,0.262866,1.047704e+12,1021.19,3.145728e+06,157.89,in_range,,,,3145,2926,,99,99,99,,-1,-1,-1.000000,-1,t
cpu-gpu-v2,2026-07-19T10:39:48,"20260719_085511_session3",595,595,5,"GEMM","openblas_sgemm",cpu_native,"Intel(R) Core(TM) i9-7900X CPU @ 3.30GHz",16,512,"N=512",3903,1.019851,1.019851,1.019851,163.132151,163.132151,0.000000,4.179661e-02,159.956803,1.557045e-10,0.261299,0.261299,1.047704e+12,1027.31,3.145728e+06,159.96,in_range,,,,2943,2962,,100,99,100,,-1,-1,-1.000000,-1,t
cpu-gpu-v2,2026-07-19T10:39:49,"20260719_085511_session3",596,596,6,"GEMM","openblas_sgemm",cpu_native,"Intel(R) Core(TM) i9-7900X CPU @ 3.30GHz",16,512,"N=512",3903,1.028985,1.028985,1.028985,162.153455,162.153455,0.000000,4.154585e-02,157.585764,1.547704e-10,0.263640,0.263640,1.047704e+12,1018.19,3.145728e+06,157.59,in_range,,,,2990,2924,,100,100,99,,-1,-1,-1.000000,-1,t
cpu-gpu-v2,2026-07-19T10:39:50,"20260719_085511_session3",597,597,7,"GEMM","openblas_sgemm",cpu_native,"Intel(R) Core(TM) i9-7900X CPU @ 3.30GHz",16,512,"N=512",3903,1.023717,1.023717,1.023717,163.667977,163.667977,0.000000,4.193389e-02,159.876118,1.562159e-10,0.262290,0.262290,1.047704e+12,1023.43,3.145728e+06,159.88,in_range,,,,2933,2847,,99,99,99,,-1,-1,-1.000000,-1,t
cpu-gpu-v2,2026-07-19T10:39:51,"20260719_085511_session3",598,598,8,"GEMM","openblas_sgemm",cpu_native,"Intel(R) Core(TM) i9-7900X CPU @ 3.30GHz",16,512,"N=512",3903,1.027763,1.027763,1.027763,163.951485,163.951485,0.000000,4.200653e-02,159.522653,1.564865e-10,0.263326,0.263326,1.047704e+12,1019.40,3.145728e+06,159.52,in_range,,,,2970,2951,,99,99,99,,-1,-1,-1.000000,-1,t
cpu-gpu-v2,2026-07-19T10:39:52,"20260719_085511_session3",599,599,9,"GEMM","openblas_sgemm",cpu_native,"Intel(R) Core(TM) i9-7900X CPU @ 3.30GHz",16,512,"N=512",3903,1.025991,1.025991,1.025991,163.679940,163.679940,0.000000,4.193696e-02,159.533574,1.562273e-10,0.262872,0.262872,1.047704e+12,1021.16,3.145728e+06,159.53,in_range,,,,2957,3049,,99,99,99,,-1,-1,-1.000000,-1,t
cpu-gpu-v2,2026-07-19T10:39:53,"20260719_085511_session3",600,600,10,"GEMM","openblas_sgemm",cpu_native,"Intel(R) Core(TM) i9-7900X CPU @ 3.30GHz",16,512,"N=512",3903,1.022099,1.022099,1.022099,163.192026,163.192026,0.000000,4.181195e-02,159.663686,1.557616e-10,0.261875,0.261875,1.047704e+12,1025.05,3.145728e+06,159.66,in_range,,,,3090,2938,,99,99,99,,-1,-1,-1.000000,-1,t
cpu-gpu-v2,2026-07-19T10:39:56,"20260719_085511_session3",601,601,1,"GEMM","openblas_sgemm",cpu_native,"Intel(R) Core(TM) i9-7900X CPU @ 3.30GHz",10,1024,"N=1024",549,1.001539,1.001539,1.001539,165.195378,165.280843,0.085465,3.010580e-01,165.026868,1.401911e-10,1.824297,1.824297,1.178969e+12,1177.16,1.258291e+07,165.03,in_range,,,,2245,2355,,100,100,100,,-1,-1,-1.000000,-1,t
cpu-gpu-v2,2026-07-19T10:39:57,"20260719_085511_session3",602,602,2,"GEMM","openblas_sgemm",cpu_native,"Intel(R) Core(TM) i9-7900X CPU @ 3.30GHz",10,1024,"N=1024",549,1.003081,1.003081,1.003081,165.341434,165.426395,0.084961,3.013231e-01,164.918201,1.403145e-10,1.827107,1.827107,1.178969e+12,1175.35,1.258291e+07,164.92,in_range,,,,2354,2244,,100,100,99,,-1,-1,-1.000000,-1,t
cpu-gpu-v2,2026-07-19T10:39:58,"20260719_085511_session3",603,603,3,"GEMM","openblas_sgemm",cpu_native,"Intel(R) Core(TM) i9-7900X CPU @ 3.30GHz",10,1024,"N=1024",549,1.002986,1.002986,1.002986,165.487125,165.563472,0.076347,3.015728e-01,165.070499,1.404308e-10,1.826933,1.826933,1.178969e+12,1175.46,1.258291e+07,165.07,in_range,,,,2245,2344,,99,99,99,,-1,-1,-1.000000,-1,t
cpu-gpu-v2,2026-07-19T10:39:59,"20260719_085511_session3",604,604,4,"GEMM","openblas_sgemm",cpu_native,"Intel(R) Core(TM) i9-7900X CPU @ 3.30GHz",10,1024,"N=1024",549,1.006457,1.006457,1.006457,165.764835,165.846170,0.081335,3.020877e-01,164.782237,1.406706e-10,1.833254,1.833254,1.178969e+12,1171.41,1.258291e+07,164.78,in_range,,,,2347,2350,,100,99,100,,-1,-1,-1.000000,-1,t
cpu-gpu-v2,2026-07-19T10:40:00,"20260719_085511_session3",605,605,5,"GEMM","openblas_sgemm",cpu_native,"Intel(R) Core(TM) i9-7900X CPU @ 3.30GHz",10,1024,"N=1024",549,1.007270,1.007270,1.007270,165.688846,165.766279,0.077433,3.019422e-01,164.569888,1.406028e-10,1.834736,1.834736,1.178969e+12,1170.46,1.258291e+07,164.57,in_range,,,,2816,2348,,100,100,99,,-1,-1,-1.000000,-1,t
cpu-gpu-v2,2026-07-19T10:40:01,"20260719_085511_session3",606,606,6,"GEMM","openblas_sgemm",cpu_native,"Intel(R) Core(TM) i9-7900X CPU @ 3.30GHz",10,1024,"N=1024",549,1.007914,1.007914,1.007914,165.614749,165.688327,0.073578,3.018002e-01,164.387419,1.405367e-10,1.835908,1.835908,1.178969e+12,1169.71,1.258291e+07,164.39,in_range,,,,2377,2454,,100,99,100,,-1,-1,-1.000000,-1,t
cpu-gpu-v2,2026-07-19T10:40:02,"20260719_085511_session3",607,607,7,"GEMM","openblas_sgemm",cpu_native,"Intel(R) Core(TM) i9-7900X CPU @ 3.30GHz",10,1024,"N=1024",549,1.007785,1.007785,1.007785,165.604373,165.686840,0.082467,3.017975e-01,164.406859,1.405354e-10,1.835675,1.835675,1.178969e+12,1169.86,1.258291e+07,164.41,in_range,,,,2598,2346,,100,100,99,,-1,-1,-1.000000,-1,t
cpu-gpu-v2,2026-07-19T10:40:03,"20260719_085511_session3",608,608,8,"GEMM","openblas_sgemm",cpu_native,"Intel(R) Core(TM) i9-7900X CPU @ 3.30GHz",10,1024,"N=1024",549,1.017613,1.017613,1.017613,166.635437,166.716680,0.081243,3.036734e-01,163.831177,1.414089e-10,1.853575,1.853575,1.178969e+12,1158.56,1.258291e+07,163.83,in_range,,,,2468,2870,,100,99,100,,-1,-1,-1.000000,-1,t
cpu-gpu-v2,2026-07-19T10:40:04,"20260719_085511_session3",609,609,9,"GEMM","openblas_sgemm",cpu_native,"Intel(R) Core(TM) i9-7900X CPU @ 3.30GHz",10,1024,"N=1024",549,1.007101,1.007101,1.007101,165.452518,165.526203,0.073685,3.015049e-01,164.359018,1.403992e-10,1.834429,1.834429,1.178969e+12,1170.66,1.258291e+07,164.36,in_range,,,,2774,2349,,100,100,99,,-1,-1,-1.000000,-1,t
cpu-gpu-v2,2026-07-19T10:40:05,"20260719_085511_session3",610,610,10,"GEMM","openblas_sgemm",cpu_native,"Intel(R) Core(TM) i9-7900X CPU @ 3.30GHz",10,1024,"N=1024",549,1.009006,1.009006,1.009006,165.622317,165.711883,0.089566,3.018431e-01,164.232728,1.405567e-10,1.837899,1.837899,1.178969e+12,1168.44,1.258291e+07,164.23,in_range,,,,2357,2344,,99,99,99,,-1,-1,-1.000000,-1,t
cpu-gpu-v2,2026-07-19T10:40:08,"20260719_085511_session3",611,611,1,"GEMM","openblas_sgemm",cpu_native,"Intel(R) Core(TM) i9-7900X CPU @ 3.30GHz",20,4096,"N=4096",6,1.041682,1.041682,1.041682,171.113942,173.018196,1.904254,2.883637e+01,166.094976,2.098122e-10,173.613716,173.613716,8.246337e+11,791.64,2.013266e+08,166.09,in_range,,,,3298,3277,,100,100,100,,-1,-1,-1.000000,-1,t
cpu-gpu-v2,2026-07-19T10:40:09,"20260719_085511_session3",612,612,2,"GEMM","openblas_sgemm",cpu_native,"Intel(R) Core(TM) i9-7900X CPU @ 3.30GHz",20,4096,"N=4096",6,1.042632,1.042632,1.042632,171.267078,173.178950,1.911872,2.886316e+01,166.097927,2.100071e-10,173.771936,173.771936,8.246337e+11,790.92,2.013266e+08,166.10,in_range,,,,3265,3281,,100,100,100,,-1,-1,-1.000000,-1,t
cpu-gpu-v2,2026-07-19T10:40:10,"20260719_085511_session3",613,613,3,"GEMM","openblas_sgemm",cpu_native,"Intel(R) Core(TM) i9-7900X CPU @ 3.30GHz",20,4096,"N=4096",6,1.045494,1.045494,1.045494,171.664905,173.564752,1.899847,2.892746e+01,166.012239,2.104750e-10,174.248953,174.248953,8.246337e+11,788.75,2.013266e+08,166.01,in_range,,,,3210,3288,,100,100,100,,-1,-1,-1.000000,-1,t
cpu-gpu-v2,2026-07-19T10:40:11,"20260719_085511_session3",614,614,4,"GEMM","openblas_sgemm",cpu_native,"Intel(R) Core(TM) i9-7900X CPU @ 3.30GHz",20,4096,"N=4096",6,1.044994,1.044994,1.044994,171.675647,173.573367,1.897720,2.892889e+01,166.099835,2.104854e-10,174.165703,174.165703,8.246337e+11,789.13,2.013266e+08,166.10,in_range,,,,3229,3280,,100,100,100,,-1,-1,-1.000000,-1,t
cpu-gpu-v2,2026-07-19T10:40:12,"20260719_085511_session3",615,615,5,"GEMM","openblas_sgemm",cpu_native,"Intel(R) Core(TM) i9-7900X CPU @ 3.30GHz",20,4096,"N=4096",6,1.045028,1.045028,1.045028,171.692187,173.583022,1.890835,2.893050e+01,166.103706,2.104971e-10,174.171332,174.171332,8.246337e+11,789.10,2.013266e+08,166.10,in_range,,,,3257,3338,,100,100,100,,-1,-1,-1.000000,-1,t
cpu-gpu-v2,2026-07-19T10:40:13,"20260719_085511_session3",616,616,6,"GEMM","openblas_sgemm",cpu_native,"Intel(R) Core(TM) i9-7900X CPU @ 3.30GHz",20,4096,"N=4096",6,1.042569,1.042569,1.042569,171.705677,173.583782,1.878105,2.893063e+01,166.496216,2.104980e-10,173.761488,173.761488,8.246337e+11,790.96,2.013266e+08,166.50,in_range,,,,3250,3292,,100,100,100,,-1,-1,-1.000000,-1,t
cpu-gpu-v2,2026-07-19T10:40:14,"20260719_085511_session3",617,617,7,"GEMM","openblas_sgemm",cpu_native,"Intel(R) Core(TM) i9-7900X CPU @ 3.30GHz",20,4096,"N=4096",6,1.043446,1.043446,1.043446,171.759264,173.674733,1.915469,2.894579e+01,166.443456,2.106083e-10,173.907641,173.907641,8.246337e+11,790.30,2.013266e+08,166.44,in_range,,,,3311,3251,,100,100,100,,-1,-1,-1.000000,-1,t
cpu-gpu-v2,2026-07-19T10:40:16,"20260719_085511_session3",618,618,8,"GEMM","openblas_sgemm",cpu_native,"Intel(R) Core(TM) i9-7900X CPU @ 3.30GHz",20,4096,"N=4096",6,1.045347,1.045347,1.045347,171.917163,173.836349,1.919186,2.897272e+01,166.295381,2.108043e-10,174.224471,174.224471,8.246337e+11,788.86,2.013266e+08,166.30,in_range,,,,3240,3292,,100,100,100,,-1,-1,-1.000000,-1,t
cpu-gpu-v2,2026-07-19T10:40:17,"20260719_085511_session3",619,619,9,"GEMM","openblas_sgemm",cpu_native,"Intel(R) Core(TM) i9-7900X CPU @ 3.30GHz",20,4096,"N=4096",6,1.045060,1.045060,1.045060,171.973070,173.896739,1.923669,2.898279e+01,166.398824,2.108776e-10,174.176650,174.176650,8.246337e+11,789.08,2.013266e+08,166.40,in_range,,,,3230,3238,,100,100,100,,-1,-1,-1.000000,-1,t
cpu-gpu-v2,2026-07-19T10:40:18,"20260719_085511_session3",620,620,10,"GEMM","openblas_sgemm",cpu_native,"Intel(R) Core(TM) i9-7900X CPU @ 3.30GHz",20,4096,"N=4096",6,1.045135,1.045135,1.045135,171.981005,173.895570,1.914565,2.898260e+01,166.385672,2.108761e-10,174.189247,174.189247,8.246337e+11,789.02,2.013266e+08,166.39,in_range,,,,3235,3253,,100,100,100,,-1,-1,-1.000000,-1,t
cpu-gpu-v2,2026-07-19T10:40:21,"20260719_085511_session3",621,621,1,"GEMM","openblas_sgemm",cpu_native,"Intel(R) Core(TM) i9-7900X CPU @ 3.30GHz",20,128,"N=128",77548,1.008706,1.008706,1.008706,121.157710,121.157710,0.000000,1.562358e-03,120.112026,3.724951e-10,0.013008,0.013008,3.252599e+11,322.45,1.966080e+05,120.11,in_range,,,,2222,2234,,95,94,95,,-1,-1,-1.000000,-1,t
cpu-gpu-v2,2026-07-19T10:40:22,"20260719_085511_session3",622,622,2,"GEMM","openblas_sgemm",cpu_native,"Intel(R) Core(TM) i9-7900X CPU @ 3.30GHz",20,128,"N=128",77548,0.967906,0.967906,0.967906,117.346929,117.346929,0.000000,1.513217e-03,121.237908,3.607790e-10,0.012481,0.012481,3.252599e+11,336.04,1.966080e+05,121.24,in_range,,,,2434,2234,,95,95,95,,-1,-1,-1.000000,-1,t
cpu-gpu-v2,2026-07-19T10:40:23,"20260719_085511_session3",623,623,3,"GEMM","openblas_sgemm",cpu_native,"Intel(R) Core(TM) i9-7900X CPU @ 3.30GHz",20,128,"N=128",77548,0.977077,0.977077,0.977077,118.057559,118.057559,0.000000,1.522380e-03,120.827245,3.629638e-10,0.012600,0.012600,3.252599e+11,332.89,1.966080e+05,120.83,in_range,,,,2234,2234,,95,95,95,,-1,-1,-1.000000,-1,t
cpu-gpu-v2,2026-07-19T10:40:24,"20260719_085511_session3",624,624,4,"GEMM","openblas_sgemm",cpu_native,"Intel(R) Core(TM) i9-7900X CPU @ 3.30GHz",20,128,"N=128",77548,0.969434,0.969434,0.969434,117.300603,117.300603,0.000000,1.512619e-03,120.999029,3.606365e-10,0.012501,0.012501,3.252599e+11,335.52,1.966080e+05,121.00,in_range,,,,2224,2234,,95,95,95,,-1,-1,-1.000000,-1,t
cpu-gpu-v2,2026-07-19T10:40:25,"20260719_085511_session3",625,625,5,"GEMM","openblas_sgemm",cpu_native,"Intel(R) Core(TM) i9-7900X CPU @ 3.30GHz",20,128,"N=128",77548,0.974406,0.974406,0.974406,117.857365,117.857365,0.000000,1.519799e-03,120.953031,3.623483e-10,0.012565,0.012565,3.252599e+11,333.80,1.966080e+05,120.95,in_range,,,,2339,2350,,95,95,95,,-1,-1,-1.000000,-1,t
cpu-gpu-v2,2026-07-19T10:40:26,"20260719_085511_session3",626,626,6,"GEMM","openblas_sgemm",cpu_native,"Intel(R) Core(TM) i9-7900X CPU @ 3.30GHz",20,128,"N=128",77548,0.971425,0.971425,0.971425,117.549870,117.549870,0.000000,1.515834e-03,121.007674,3.614029e-10,0.012527,0.012527,3.252599e+11,334.83,1.966080e+05,121.01,in_range,,,,2336,2234,,95,95,95,,-1,-1,-1.000000,-1,t
cpu-gpu-v2,2026-07-19T10:40:27,"20260719_085511_session3",627,627,7,"GEMM","openblas_sgemm",cpu_native,"Intel(R) Core(TM) i9-7900X CPU @ 3.30GHz",20,128,"N=128",77548,0.964900,0.964900,0.964900,116.789313,116.789343,0.000030,1.506026e-03,121.037825,3.590647e-10,0.012443,0.012443,3.252599e+11,337.09,1.966080e+05,121.04,in_range,,,,2434,2235,,95,95,95,,-1,-1,-1.000000,-1,t
cpu-gpu-v2,2026-07-19T10:40:28,"20260719_085511_session3",628,628,8,"GEMM","openblas_sgemm",cpu_native,"Intel(R) Core(TM) i9-7900X CPU @ 3.30GHz",20,128,"N=128",77548,0.965127,0.965127,0.965127,117.050909,117.050909,0.000000,1.509399e-03,121.280312,3.598689e-10,0.012446,0.012446,3.252599e+11,337.01,1.966080e+05,121.28,in_range,,,,2231,2235,,95,95,95,,-1,-1,-1.000000,-1,t
cpu-gpu-v2,2026-07-19T10:40:29,"20260719_085511_session3",629,629,9,"GEMM","openblas_sgemm",cpu_native,"Intel(R) Core(TM) i9-7900X CPU @ 3.30GHz",20,128,"N=128",77548,0.978659,0.978659,0.978659,118.625551,118.625551,0.000000,1.529705e-03,121.212288,3.647101e-10,0.012620,0.012620,3.252599e+11,332.35,1.966080e+05,121.21,in_range,,,,2435,2119,,96,95,96,,-1,-1,-1.000000,-1,t
cpu-gpu-v2,2026-07-19T10:40:30,"20260719_085511_session3",630,630,10,"GEMM","openblas_sgemm",cpu_native,"Intel(R) Core(TM) i9-7900X CPU @ 3.30GHz",20,128,"N=128",77548,0.967103,0.967103,0.967103,117.567143,117.567143,0.000000,1.516056e-03,121.566253,3.614560e-10,0.012471,0.012471,3.252599e+11,336.32,1.966080e+05,121.57,in_range,,,,2419,2233,,96,96,96,,-1,-1,-1.000000,-1,t
